"age group","county name","cases","deaths","confirmed_case_hospitalization"
"01-04 years","Georgia","43237","7","599"
"05-09 years","Georgia","74494","5","438"
"10-17 years","Georgia","183134","19","1572"
"18-29 years","Georgia","413174","261","8028"
"30-39 years","Georgia","324606","683","9832"
"40-49 years","Georgia","291857","1519","13133"
"50-59 years","Georgia","260442","3648","19224"
"60-69 years","Georgia","171670","6560","21852"
"70-79 years","Georgia","94614","8519","20003"
"80 & Older years","Georgia","49737","9778","14703"
"<1 years","Georgia","14271","3","644"
"Unknown years","Georgia","4956","0","351"
"01-04 years","Appling","77","0","0"
"05-09 years","Appling","124","0","0"
"10-17 years","Appling","411","0","3"
"18-29 years","Appling","631","1","8"
"30-39 years","Appling","495","4","10"
"40-49 years","Appling","479","9","30"
"50-59 years","Appling","483","12","47"
"60-69 years","Appling","400","24","74"
"70-79 years","Appling","271","25","53"
"80 & Older years","Appling","135","34","43"
"<1 years","Appling","15","0","0"
"01-04 years","Atkinson","36","1","3"
"05-09 years","Atkinson","72","0","1"
"10-17 years","Atkinson","183","0","2"
"18-29 years","Atkinson","316","0","16"
"30-39 years","Atkinson","235","0","15"
"40-49 years","Atkinson","224","4","37"
"50-59 years","Atkinson","211","5","39"
"60-69 years","Atkinson","144","8","47"
"70-79 years","Atkinson","76","10","31"
"80 & Older years","Atkinson","35","11","20"
"<1 years","Atkinson","11","0","1"
"01-04 years","Bacon","53","0","1"
"05-09 years","Bacon","72","0","0"
"10-17 years","Bacon","217","0","1"
"18-29 years","Bacon","618","0","11"
"30-39 years","Bacon","360","1","12"
"40-49 years","Bacon","352","5","23"
"50-59 years","Bacon","273","5","27"
"60-69 years","Bacon","222","18","49"
"70-79 years","Bacon","151","15","45"
"80 & Older years","Bacon","75","15","24"
"<1 years","Bacon","16","0","0"
"Unknown years","Bacon","1","0","0"
"01-04 years","Baker","12","0","0"
"05-09 years","Baker","21","0","0"
"10-17 years","Baker","22","0","0"
"18-29 years","Baker","56","0","0"
"30-39 years","Baker","35","0","4"
"40-49 years","Baker","35","3","3"
"50-59 years","Baker","40","0","5"
"60-69 years","Baker","46","3","17"
"70-79 years","Baker","24","3","11"
"80 & Older years","Baker","16","4","6"
"<1 years","Baker","3","0","0"
"Unknown years","Baker","3","0","0"
"01-04 years","Baldwin","116","0","2"
"05-09 years","Baldwin","247","0","0"
"10-17 years","Baldwin","564","1","5"
"18-29 years","Baldwin","2023","0","22"
"30-39 years","Baldwin","1032","2","21"
"40-49 years","Baldwin","970","6","46"
"50-59 years","Baldwin","924","24","83"
"60-69 years","Baldwin","715","44","100"
"70-79 years","Baldwin","435","50","76"
"80 & Older years","Baldwin","237","70","80"
"<1 years","Baldwin","38","0","3"
"Unknown years","Baldwin","2","0","0"
"01-04 years","Banks","46","0","2"
"05-09 years","Banks","91","0","1"
"10-17 years","Banks","249","0","5"
"18-29 years","Banks","651","0","22"
"30-39 years","Banks","487","0","22"
"40-49 years","Banks","487","7","31"
"50-59 years","Banks","500","8","46"
"60-69 years","Banks","399","17","77"
"70-79 years","Banks","279","28","85"
"80 & Older years","Banks","121","18","41"
"<1 years","Banks","27","0","2"
"Unknown years","Banks","23","0","1"
"01-04 years","Barrow","385","0","2"
"05-09 years","Barrow","687","0","3"
"10-17 years","Barrow","1912","1","16"
"18-29 years","Barrow","3791","1","70"
"30-39 years","Barrow","3409","3","93"
"40-49 years","Barrow","3210","14","123"
"50-59 years","Barrow","2699","23","179"
"60-69 years","Barrow","1751","55","201"
"70-79 years","Barrow","997","68","154"
"80 & Older years","Barrow","435","75","135"
"<1 years","Barrow","158","0","11"
"Unknown years","Barrow","22","0","2"
"01-04 years","Bartow","450","0","15"
"05-09 years","Bartow","694","0","4"
"10-17 years","Bartow","2029","0","19"
"18-29 years","Bartow","4138","0","43"
"30-39 years","Bartow","3379","7","76"
"40-49 years","Bartow","3254","11","130"
"50-59 years","Bartow","3350","38","236"
"60-69 years","Bartow","2127","96","251"
"70-79 years","Bartow","1298","122","270"
"80 & Older years","Bartow","617","110","167"
"<1 years","Bartow","198","0","7"
"Unknown years","Bartow","39","0","3"
"01-04 years","Ben Hill","43","0","1"
"05-09 years","Ben Hill","41","0","0"
"10-17 years","Ben Hill","177","0","0"
"18-29 years","Ben Hill","427","0","5"
"30-39 years","Ben Hill","340","3","12"
"40-49 years","Ben Hill","300","2","18"
"50-59 years","Ben Hill","308","8","35"
"60-69 years","Ben Hill","262","17","37"
"70-79 years","Ben Hill","173","24","57"
"80 & Older years","Ben Hill","78","20","22"
"<1 years","Ben Hill","15","0","2"
"01-04 years","Berrien","60","0","1"
"05-09 years","Berrien","73","0","0"
"10-17 years","Berrien","195","0","1"
"18-29 years","Berrien","381","0","0"
"30-39 years","Berrien","324","0","5"
"40-49 years","Berrien","250","1","8"
"50-59 years","Berrien","277","6","25"
"60-69 years","Berrien","215","11","30"
"70-79 years","Berrien","149","23","24"
"80 & Older years","Berrien","78","17","16"
"<1 years","Berrien","19","0","0"
"01-04 years","Bibb","501","0","8"
"05-09 years","Bibb","913","0","4"
"10-17 years","Bibb","2211","0","15"
"18-29 years","Bibb","6493","4","155"
"30-39 years","Bibb","4910","11","210"
"40-49 years","Bibb","4369","32","335"
"50-59 years","Bibb","3886","70","476"
"60-69 years","Bibb","2914","159","627"
"70-79 years","Bibb","1589","190","517"
"80 & Older years","Bibb","883","219","412"
"<1 years","Bibb","138","0","9"
"Unknown years","Bibb","6","0","1"
"01-04 years","Bleckley","24","0","0"
"05-09 years","Bleckley","60","0","0"
"10-17 years","Bleckley","167","0","1"
"18-29 years","Bleckley","339","0","6"
"30-39 years","Bleckley","209","1","5"
"40-49 years","Bleckley","187","1","3"
"50-59 years","Bleckley","178","4","12"
"60-69 years","Bleckley","127","9","16"
"70-79 years","Bleckley","89","8","16"
"80 & Older years","Bleckley","68","20","16"
"<1 years","Bleckley","10","0","0"
"Unknown years","Bleckley","1","0","0"
"01-04 years","Brantley","53","0","0"
"05-09 years","Brantley","87","0","0"
"10-17 years","Brantley","263","0","1"
"18-29 years","Brantley","467","0","6"
"30-39 years","Brantley","356","3","8"
"40-49 years","Brantley","335","5","19"
"50-59 years","Brantley","363","18","37"
"60-69 years","Brantley","260","18","42"
"70-79 years","Brantley","180","29","50"
"80 & Older years","Brantley","74","16","19"
"<1 years","Brantley","9","0","0"
"01-04 years","Brooks","53","0","2"
"05-09 years","Brooks","71","0","0"
"10-17 years","Brooks","164","0","0"
"18-29 years","Brooks","333","0","4"
"30-39 years","Brooks","273","1","10"
"40-49 years","Brooks","255","2","18"
"50-59 years","Brooks","283","7","34"
"60-69 years","Brooks","182","13","29"
"70-79 years","Brooks","155","19","30"
"80 & Older years","Brooks","94","22","29"
"<1 years","Brooks","24","0","0"
"Unknown years","Brooks","2","0","0"
"01-04 years","Bryan","229","0","1"
"05-09 years","Bryan","338","0","2"
"10-17 years","Bryan","851","0","6"
"18-29 years","Bryan","1328","1","22"
"30-39 years","Bryan","1194","5","34"
"40-49 years","Bryan","1143","6","56"
"50-59 years","Bryan","798","8","59"
"60-69 years","Bryan","494","20","72"
"70-79 years","Bryan","291","21","107"
"80 & Older years","Bryan","112","14","38"
"<1 years","Bryan","94","0","6"
"Unknown years","Bryan","11","0","0"
"01-04 years","Bulloch","262","0","1"
"05-09 years","Bulloch","454","0","1"
"10-17 years","Bulloch","1099","0","3"
"18-29 years","Bulloch","3797","1","21"
"30-39 years","Bulloch","1506","5","35"
"40-49 years","Bulloch","1140","8","42"
"50-59 years","Bulloch","1031","19","69"
"60-69 years","Bulloch","661","25","79"
"70-79 years","Bulloch","327","30","68"
"80 & Older years","Bulloch","160","20","48"
"<1 years","Bulloch","104","0","5"
"01-04 years","Burke","56","0","0"
"05-09 years","Burke","106","0","0"
"10-17 years","Burke","270","0","4"
"18-29 years","Burke","586","2","16"
"30-39 years","Burke","471","2","20"
"40-49 years","Burke","473","5","26"
"50-59 years","Burke","423","6","42"
"60-69 years","Burke","339","13","56"
"70-79 years","Burke","162","20","52"
"80 & Older years","Burke","57","14","22"
"<1 years","Burke","20","0","0"
"Unknown years","Burke","3","0","0"
"01-04 years","Butts","94","0","3"
"05-09 years","Butts","117","0","0"
"10-17 years","Butts","351","0","6"
"18-29 years","Butts","888","0","14"
"30-39 years","Butts","786","2","12"
"40-49 years","Butts","706","6","29"
"50-59 years","Butts","729","18","58"
"60-69 years","Butts","493","25","61"
"70-79 years","Butts","318","43","60"
"80 & Older years","Butts","191","44","20"
"<1 years","Butts","38","0","3"
"Unknown years","Butts","1","0","0"
"01-04 years","Calhoun","28","0","0"
"05-09 years","Calhoun","22","0","0"
"10-17 years","Calhoun","72","0","1"
"18-29 years","Calhoun","172","0","9"
"30-39 years","Calhoun","179","3","8"
"40-49 years","Calhoun","162","1","11"
"50-59 years","Calhoun","145","4","21"
"60-69 years","Calhoun","116","4","28"
"70-79 years","Calhoun","48","7","12"
"80 & Older years","Calhoun","33","2","12"
"<1 years","Calhoun","7","0","0"
"Unknown years","Calhoun","1","0","0"
"01-04 years","Camden","238","0","0"
"05-09 years","Camden","381","0","2"
"10-17 years","Camden","916","0","2"
"18-29 years","Camden","1926","0","12"
"30-39 years","Camden","1575","3","26"
"40-49 years","Camden","1095","10","32"
"50-59 years","Camden","1131","16","42"
"60-69 years","Camden","782","27","59"
"70-79 years","Camden","451","17","41"
"80 & Older years","Camden","176","27","34"
"<1 years","Camden","49","0","2"
"Unknown years","Camden","19","0","0"
"01-04 years","Candler","23","0","0"
"05-09 years","Candler","50","0","0"
"10-17 years","Candler","131","0","0"
"18-29 years","Candler","237","0","2"
"30-39 years","Candler","196","0","7"
"40-49 years","Candler","194","5","5"
"50-59 years","Candler","213","13","22"
"60-69 years","Candler","148","10","23"
"70-79 years","Candler","107","15","24"
"80 & Older years","Candler","41","11","18"
"<1 years","Candler","14","0","0"
"01-04 years","Carroll","284","0","3"
"05-09 years","Carroll","460","0","5"
"10-17 years","Carroll","1445","0","7"
"18-29 years","Carroll","3282","1","25"
"30-39 years","Carroll","2309","4","28"
"40-49 years","Carroll","2075","11","49"
"50-59 years","Carroll","1972","19","71"
"60-69 years","Carroll","1309","37","109"
"70-79 years","Carroll","759","46","88"
"80 & Older years","Carroll","390","63","53"
"<1 years","Carroll","101","0","2"
"Unknown years","Carroll","15","0","7"
"01-04 years","Catoosa","272","0","2"
"05-09 years","Catoosa","468","0","2"
"10-17 years","Catoosa","1276","0","2"
"18-29 years","Catoosa","2339","1","16"
"30-39 years","Catoosa","1916","2","18"
"40-49 years","Catoosa","1917","4","39"
"50-59 years","Catoosa","1760","14","64"
"60-69 years","Catoosa","1206","18","85"
"70-79 years","Catoosa","729","36","96"
"80 & Older years","Catoosa","463","51","66"
"<1 years","Catoosa","82","0","1"
"Unknown years","Catoosa","55","0","2"
"01-04 years","Charlton","37","0","0"
"05-09 years","Charlton","64","0","0"
"10-17 years","Charlton","140","0","0"
"18-29 years","Charlton","524","1","4"
"30-39 years","Charlton","420","2","6"
"40-49 years","Charlton","352","3","14"
"50-59 years","Charlton","260","5","13"
"60-69 years","Charlton","235","12","34"
"70-79 years","Charlton","131","13","29"
"80 & Older years","Charlton","51","12","20"
"<1 years","Charlton","14","0","0"
"Unknown years","Charlton","1","0","0"
"01-04 years","Chatham","1818","0","14"
"05-09 years","Chatham","2858","1","7"
"10-17 years","Chatham","5529","0","36"
"18-29 years","Chatham","12489","8","206"
"30-39 years","Chatham","9505","26","299"
"40-49 years","Chatham","6999","45","364"
"50-59 years","Chatham","5913","94","514"
"60-69 years","Chatham","4385","169","672"
"70-79 years","Chatham","2260","215","617"
"80 & Older years","Chatham","1194","238","509"
"<1 years","Chatham","668","0","18"
"Unknown years","Chatham","37","0","2"
"01-04 years","Chattahoochee","32","0","0"
"05-09 years","Chattahoochee","66","0","0"
"10-17 years","Chattahoochee","230","0","2"
"18-29 years","Chattahoochee","5017","7","11"
"30-39 years","Chattahoochee","579","2","7"
"40-49 years","Chattahoochee","137","1","1"
"50-59 years","Chattahoochee","86","2","11"
"60-69 years","Chattahoochee","50","1","10"
"70-79 years","Chattahoochee","23","1","7"
"80 & Older years","Chattahoochee","10","3","6"
"<1 years","Chattahoochee","19","0","0"
"Unknown years","Chattahoochee","2","0","0"
"01-04 years","Chattooga","99","0","0"
"05-09 years","Chattooga","179","0","1"
"10-17 years","Chattooga","554","0","4"
"18-29 years","Chattooga","930","0","10"
"30-39 years","Chattooga","770","2","15"
"40-49 years","Chattooga","778","7","38"
"50-59 years","Chattooga","772","15","49"
"60-69 years","Chattooga","565","26","66"
"70-79 years","Chattooga","348","23","79"
"80 & Older years","Chattooga","198","42","48"
"<1 years","Chattooga","46","0","4"
"Unknown years","Chattooga","11","0","1"
"01-04 years","Cherokee","884","0","11"
"05-09 years","Cherokee","1707","0","13"
"10-17 years","Cherokee","4827","0","25"
"18-29 years","Cherokee","8486","3","140"
"30-39 years","Cherokee","6858","8","201"
"40-49 years","Cherokee","7124","16","270"
"50-59 years","Cherokee","6772","53","408"
"60-69 years","Cherokee","4234","107","455"
"70-79 years","Cherokee","2577","156","447"
"80 & Older years","Cherokee","1341","227","371"
"<1 years","Cherokee","290","0","11"
"Unknown years","Cherokee","11","0","0"
"01-04 years","Clarke","605","1","9"
"05-09 years","Clarke","865","0","9"
"10-17 years","Clarke","1763","0","21"
"18-29 years","Clarke","11081","0","138"
"30-39 years","Clarke","3671","3","120"
"40-49 years","Clarke","2792","7","135"
"50-59 years","Clarke","2255","19","171"
"60-69 years","Clarke","1520","42","190"
"70-79 years","Clarke","904","67","208"
"80 & Older years","Clarke","448","75","150"
"<1 years","Clarke","206","0","7"
"Unknown years","Clarke","20","0","1"
"01-04 years","Clay","13","0","0"
"05-09 years","Clay","16","0","0"
"10-17 years","Clay","44","0","0"
"18-29 years","Clay","63","0","0"
"30-39 years","Clay","59","0","2"
"40-49 years","Clay","52","0","2"
"50-59 years","Clay","38","1","3"
"60-69 years","Clay","33","2","2"
"70-79 years","Clay","24","0","1"
"80 & Older years","Clay","16","3","4"
"<1 years","Clay","4","0","0"
"Unknown years","Clay","1","0","0"
"01-04 years","Clayton","1534","1","21"
"05-09 years","Clayton","2769","1","19"
"10-17 years","Clayton","5801","2","79"
"18-29 years","Clayton","11915","13","309"
"30-39 years","Clayton","10865","42","412"
"40-49 years","Clayton","9038","57","435"
"50-59 years","Clayton","7741","138","619"
"60-69 years","Clayton","4672","224","571"
"70-79 years","Clayton","1854","213","389"
"80 & Older years","Clayton","819","192","238"
"<1 years","Clayton","476","0","23"
"Unknown years","Clayton","48","0","14"
"01-04 years","Clinch","33","0","0"
"05-09 years","Clinch","46","0","0"
"10-17 years","Clinch","129","0","0"
"18-29 years","Clinch","246","0","3"
"30-39 years","Clinch","208","1","5"
"40-49 years","Clinch","188","0","4"
"50-59 years","Clinch","182","3","21"
"60-69 years","Clinch","200","15","27"
"70-79 years","Clinch","96","12","26"
"80 & Older years","Clinch","48","9","12"
"<1 years","Clinch","14","0","0"
"01-04 years","Cobb","3154","1","40"
"05-09 years","Cobb","5666","0","33"
"10-17 years","Cobb","12933","0","82"
"18-29 years","Cobb","30195","12","348"
"30-39 years","Cobb","23216","39","407"
"40-49 years","Cobb","21178","70","595"
"50-59 years","Cobb","17858","155","836"
"60-69 years","Cobb","10894","281","849"
"70-79 years","Cobb","5628","452","802"
"80 & Older years","Cobb","3071","604","737"
"<1 years","Cobb","852","0","32"
"Unknown years","Cobb","116","0","0"
"01-04 years","Coffee","196","0","3"
"05-09 years","Coffee","343","0","6"
"10-17 years","Coffee","793","0","8"
"18-29 years","Coffee","1743","1","45"
"30-39 years","Coffee","1386","7","83"
"40-49 years","Coffee","1296","16","158"
"50-59 years","Coffee","1176","25","228"
"60-69 years","Coffee","879","60","231"
"70-79 years","Coffee","485","67","208"
"80 & Older years","Coffee","233","52","121"
"<1 years","Coffee","69","0","7"
"01-04 years","Colquitt","138","0","1"
"05-09 years","Colquitt","333","0","2"
"10-17 years","Colquitt","982","0","12"
"18-29 years","Colquitt","1567","1","37"
"30-39 years","Colquitt","1194","3","37"
"40-49 years","Colquitt","1121","10","50"
"50-59 years","Colquitt","1056","28","57"
"60-69 years","Colquitt","768","40","77"
"70-79 years","Colquitt","489","37","73"
"80 & Older years","Colquitt","253","50","51"
"<1 years","Colquitt","53","0","2"
"Unknown years","Colquitt","2","0","0"
"01-04 years","Columbia","410","1","6"
"05-09 years","Columbia","834","1","8"
"10-17 years","Columbia","2234","0","14"
"18-29 years","Columbia","4023","2","49"
"30-39 years","Columbia","3920","8","62"
"40-49 years","Columbia","3296","17","85"
"50-59 years","Columbia","2608","40","132"
"60-69 years","Columbia","1726","53","151"
"70-79 years","Columbia","883","80","175"
"80 & Older years","Columbia","503","107","165"
"<1 years","Columbia","133","0","10"
"Unknown years","Columbia","39","0","0"
"01-04 years","Cook","50","0","3"
"05-09 years","Cook","83","0","0"
"10-17 years","Cook","205","0","2"
"18-29 years","Cook","389","0","10"
"30-39 years","Cook","319","0","5"
"40-49 years","Cook","303","3","20"
"50-59 years","Cook","265","7","24"
"60-69 years","Cook","204","13","26"
"70-79 years","Cook","130","14","32"
"80 & Older years","Cook","85","19","18"
"<1 years","Cook","28","0","3"
"01-04 years","Coweta","477","0","4"
"05-09 years","Coweta","795","0","4"
"10-17 years","Coweta","2105","0","23"
"18-29 years","Coweta","3878","5","98"
"30-39 years","Coweta","3202","15","148"
"40-49 years","Coweta","3202","31","181"
"50-59 years","Coweta","3365","59","265"
"60-69 years","Coweta","1960","74","239"
"70-79 years","Coweta","1159","117","259"
"80 & Older years","Coweta","546","117","160"
"<1 years","Coweta","138","0","10"
"Unknown years","Coweta","15","0","3"
"01-04 years","Crawford","12","0","0"
"05-09 years","Crawford","17","0","0"
"10-17 years","Crawford","71","0","2"
"18-29 years","Crawford","190","0","4"
"30-39 years","Crawford","185","1","11"
"40-49 years","Crawford","155","3","10"
"50-59 years","Crawford","218","10","25"
"60-69 years","Crawford","187","12","28"
"70-79 years","Crawford","108","14","25"
"80 & Older years","Crawford","41","5","17"
"<1 years","Crawford","2","0","0"
"01-04 years","Crisp","51","0","0"
"05-09 years","Crisp","95","0","0"
"10-17 years","Crisp","274","0","3"
"18-29 years","Crisp","448","2","16"
"30-39 years","Crisp","424","2","20"
"40-49 years","Crisp","364","4","24"
"50-59 years","Crisp","342","5","33"
"60-69 years","Crisp","296","22","52"
"70-79 years","Crisp","140","16","36"
"80 & Older years","Crisp","77","20","18"
"<1 years","Crisp","26","0","0"
"Unknown years","Crisp","9","0","0"
"01-04 years","Dade","50","0","0"
"05-09 years","Dade","113","0","0"
"10-17 years","Dade","264","0","1"
"18-29 years","Dade","511","0","3"
"30-39 years","Dade","362","0","3"
"40-49 years","Dade","390","1","10"
"50-59 years","Dade","337","7","25"
"60-69 years","Dade","271","2","14"
"70-79 years","Dade","168","12","27"
"80 & Older years","Dade","77","3","14"
"<1 years","Dade","14","0","0"
"Unknown years","Dade","17","0","2"
"01-04 years","Dawson","114","0","1"
"05-09 years","Dawson","176","0","1"
"10-17 years","Dawson","496","0","7"
"18-29 years","Dawson","1188","0","21"
"30-39 years","Dawson","1000","2","27"
"40-49 years","Dawson","836","5","43"
"50-59 years","Dawson","955","11","67"
"60-69 years","Dawson","692","20","102"
"70-79 years","Dawson","434","32","75"
"80 & Older years","Dawson","178","26","45"
"<1 years","Dawson","43","0","3"
"Unknown years","Dawson","22","0","1"
"01-04 years","DeKalb","3261","0","46"
"05-09 years","DeKalb","5059","0","39"
"10-17 years","DeKalb","10242","0","129"
"18-29 years","DeKalb","28789","17","796"
"30-39 years","DeKalb","25739","38","1026"
"40-49 years","DeKalb","19440","77","1099"
"50-59 years","DeKalb","16288","190","1434"
"60-69 years","DeKalb","10149","315","1525"
"70-79 years","DeKalb","4967","397","1174"
"80 & Older years","DeKalb","2690","488","816"
"<1 years","DeKalb","861","0","36"
"Unknown years","DeKalb","369","0","26"
"01-04 years","Decatur","219","0","2"
"05-09 years","Decatur","274","0","1"
"10-17 years","Decatur","592","0","1"
"18-29 years","Decatur","1007","1","21"
"30-39 years","Decatur","780","1","12"
"40-49 years","Decatur","724","3","35"
"50-59 years","Decatur","627","14","52"
"60-69 years","Decatur","489","19","62"
"70-79 years","Decatur","271","28","48"
"80 & Older years","Decatur","163","26","28"
"<1 years","Decatur","78","0","0"
"Unknown years","Decatur","78","0","0"
"01-04 years","Dodge","29","0","0"
"05-09 years","Dodge","64","0","0"
"10-17 years","Dodge","206","1","2"
"18-29 years","Dodge","456","0","9"
"30-39 years","Dodge","314","2","10"
"40-49 years","Dodge","318","3","14"
"50-59 years","Dodge","300","7","23"
"60-69 years","Dodge","216","21","34"
"70-79 years","Dodge","120","19","26"
"80 & Older years","Dodge","71","16","16"
"<1 years","Dodge","13","0","0"
"Unknown years","Dodge","5","0","0"
"01-04 years","Dooly","31","0","0"
"05-09 years","Dooly","56","0","0"
"10-17 years","Dooly","149","0","1"
"18-29 years","Dooly","265","1","5"
"30-39 years","Dooly","217","0","12"
"40-49 years","Dooly","250","2","14"
"50-59 years","Dooly","237","6","22"
"60-69 years","Dooly","191","11","27"
"70-79 years","Dooly","88","10","21"
"80 & Older years","Dooly","34","9","7"
"<1 years","Dooly","13","0","0"
"Unknown years","Dooly","1","0","0"
"01-04 years","Dougherty","339","0","5"
"05-09 years","Dougherty","801","0","1"
"10-17 years","Dougherty","1896","0","17"
"18-29 years","Dougherty","2617","4","170"
"30-39 years","Dougherty","2159","9","140"
"40-49 years","Dougherty","1850","31","186"
"50-59 years","Dougherty","1695","46","250"
"60-69 years","Dougherty","1320","113","354"
"70-79 years","Dougherty","691","98","244"
"80 & Older years","Dougherty","453","141","187"
"<1 years","Dougherty","122","0","10"
"Unknown years","Dougherty","169","0","1"
"01-04 years","Douglas","630","0","12"
"05-09 years","Douglas","1136","0","15"
"10-17 years","Douglas","2917","1","32"
"18-29 years","Douglas","5445","0","76"
"30-39 years","Douglas","4722","8","117"
"40-49 years","Douglas","4874","15","183"
"50-59 years","Douglas","4209","44","240"
"60-69 years","Douglas","2340","75","253"
"70-79 years","Douglas","1124","88","194"
"80 & Older years","Douglas","516","89","142"
"<1 years","Douglas","194","0","11"
"Unknown years","Douglas","14","0","1"
"01-04 years","Early","68","0","0"
"05-09 years","Early","90","0","0"
"10-17 years","Early","302","0","0"
"18-29 years","Early","340","1","12"
"30-39 years","Early","297","1","6"
"40-49 years","Early","298","2","15"
"50-59 years","Early","292","5","18"
"60-69 years","Early","206","12","21"
"70-79 years","Early","129","20","25"
"80 & Older years","Early","66","13","19"
"<1 years","Early","13","0","0"
"Unknown years","Early","2","0","0"
"01-04 years","Echols","15","0","0"
"05-09 years","Echols","10","0","0"
"10-17 years","Echols","37","0","2"
"18-29 years","Echols","148","0","2"
"30-39 years","Echols","72","1","4"
"40-49 years","Echols","59","0","1"
"50-59 years","Echols","54","1","2"
"60-69 years","Echols","35","0","1"
"70-79 years","Echols","25","2","3"
"80 & Older years","Echols","6","1","2"
"<1 years","Echols","5","0","0"
"01-04 years","Effingham","282","0","1"
"05-09 years","Effingham","542","0","3"
"10-17 years","Effingham","1217","0","2"
"18-29 years","Effingham","1793","1","16"
"30-39 years","Effingham","1871","4","47"
"40-49 years","Effingham","1567","10","76"
"50-59 years","Effingham","1363","33","120"
"60-69 years","Effingham","914","29","136"
"70-79 years","Effingham","441","45","126"
"80 & Older years","Effingham","196","44","63"
"<1 years","Effingham","100","0","6"
"Unknown years","Effingham","10","0","0"
"01-04 years","Elbert","51","0","1"
"05-09 years","Elbert","78","0","0"
"10-17 years","Elbert","188","0","3"
"18-29 years","Elbert","475","1","10"
"30-39 years","Elbert","361","0","13"
"40-49 years","Elbert","355","1","20"
"50-59 years","Elbert","367","4","37"
"60-69 years","Elbert","325","10","48"
"70-79 years","Elbert","229","25","59"
"80 & Older years","Elbert","173","40","60"
"<1 years","Elbert","30","0","4"
"Unknown years","Elbert","11","0","0"
"01-04 years","Emanuel","77","0","2"
"05-09 years","Emanuel","126","0","1"
"10-17 years","Emanuel","375","0","3"
"18-29 years","Emanuel","644","1","7"
"30-39 years","Emanuel","543","1","20"
"40-49 years","Emanuel","514","4","19"
"50-59 years","Emanuel","447","10","43"
"60-69 years","Emanuel","348","17","40"
"70-79 years","Emanuel","207","25","40"
"80 & Older years","Emanuel","88","22","25"
"<1 years","Emanuel","20","0","1"
"Unknown years","Emanuel","27","0","1"
"01-04 years","Evans","29","0","0"
"05-09 years","Evans","71","0","0"
"10-17 years","Evans","151","0","3"
"18-29 years","Evans","299","1","4"
"30-39 years","Evans","265","0","5"
"40-49 years","Evans","221","5","23"
"50-59 years","Evans","202","6","22"
"60-69 years","Evans","137","8","26"
"70-79 years","Evans","89","18","25"
"80 & Older years","Evans","33","4","17"
"<1 years","Evans","10","0","0"
"01-04 years","Fannin","53","0","1"
"05-09 years","Fannin","97","0","0"
"10-17 years","Fannin","328","0","2"
"18-29 years","Fannin","591","0","8"
"30-39 years","Fannin","455","2","14"
"40-49 years","Fannin","524","5","20"
"50-59 years","Fannin","678","7","47"
"60-69 years","Fannin","686","27","76"
"70-79 years","Fannin","471","33","93"
"80 & Older years","Fannin","246","56","74"
"<1 years","Fannin","12","0","1"
"Unknown years","Fannin","3","0","0"
"01-04 years","Fayette","344","0","6"
"05-09 years","Fayette","668","0","4"
"10-17 years","Fayette","1782","0","13"
"18-29 years","Fayette","2894","4","42"
"30-39 years","Fayette","2181","6","59"
"40-49 years","Fayette","2718","8","104"
"50-59 years","Fayette","2673","22","169"
"60-69 years","Fayette","1900","42","180"
"70-79 years","Fayette","967","92","211"
"80 & Older years","Fayette","559","100","155"
"<1 years","Fayette","95","0","4"
"Unknown years","Fayette","20","0","3"
"01-04 years","Floyd","484","0","9"
"05-09 years","Floyd","870","0","3"
"10-17 years","Floyd","2493","1","15"
"18-29 years","Floyd","4608","4","69"
"30-39 years","Floyd","3511","10","88"
"40-49 years","Floyd","3221","18","163"
"50-59 years","Floyd","3154","52","264"
"60-69 years","Floyd","2244","82","336"
"70-79 years","Floyd","1317","119","331"
"80 & Older years","Floyd","726","127","241"
"<1 years","Floyd","202","1","11"
"Unknown years","Floyd","112","0","2"
"01-04 years","Forsyth","1145","0","10"
"05-09 years","Forsyth","2543","0","5"
"10-17 years","Forsyth","5937","0","16"
"18-29 years","Forsyth","6989","0","70"
"30-39 years","Forsyth","6389","6","102"
"40-49 years","Forsyth","7898","14","196"
"50-59 years","Forsyth","6407","29","263"
"60-69 years","Forsyth","3320","56","266"
"70-79 years","Forsyth","1884","110","314"
"80 & Older years","Forsyth","1096","151","265"
"<1 years","Forsyth","236","0","6"
"Unknown years","Forsyth","213","0","1"
"01-04 years","Franklin","73","0","1"
"05-09 years","Franklin","139","0","0"
"10-17 years","Franklin","413","0","6"
"18-29 years","Franklin","829","1","16"
"30-39 years","Franklin","610","0","14"
"40-49 years","Franklin","624","3","25"
"50-59 years","Franklin","628","6","44"
"60-69 years","Franklin","523","11","53"
"70-79 years","Franklin","319","28","56"
"80 & Older years","Franklin","147","28","39"
"<1 years","Franklin","43","0","4"
"Unknown years","Franklin","27","0","0"
"01-04 years","Fulton","4306","0","66"
"05-09 years","Fulton","6949","0","44"
"10-17 years","Fulton","15878","1","140"
"18-29 years","Fulton","44667","8","924"
"30-39 years","Fulton","36154","58","1177"
"40-49 years","Fulton","27545","77","1246"
"50-59 years","Fulton","22747","214","1798"
"60-69 years","Fulton","13399","399","1713"
"70-79 years","Fulton","6691","539","1384"
"80 & Older years","Fulton","4103","748","1234"
"<1 years","Fulton","1111","0","51"
"Unknown years","Fulton","258","0","98"
"01-04 years","Gilmer","80","0","4"
"05-09 years","Gilmer","92","0","0"
"10-17 years","Gilmer","373","0","5"
"18-29 years","Gilmer","653","0","26"
"30-39 years","Gilmer","603","2","30"
"40-49 years","Gilmer","634","2","30"
"50-59 years","Gilmer","747","20","61"
"60-69 years","Gilmer","698","23","100"
"70-79 years","Gilmer","479","49","121"
"80 & Older years","Gilmer","242","48","70"
"<1 years","Gilmer","36","0","3"
"Unknown years","Gilmer","5","0","0"
"01-04 years","Glascock","2","0","0"
"05-09 years","Glascock","8","0","0"
"10-17 years","Glascock","15","0","0"
"18-29 years","Glascock","48","0","1"
"30-39 years","Glascock","38","0","2"
"40-49 years","Glascock","39","0","1"
"50-59 years","Glascock","48","2","5"
"60-69 years","Glascock","26","0","5"
"70-79 years","Glascock","32","4","9"
"80 & Older years","Glascock","9","2","5"
"<1 years","Glascock","2","0","0"
"Unknown years","Glascock","1","0","0"
"01-04 years","Glynn","446","0","2"
"05-09 years","Glynn","886","0","1"
"10-17 years","Glynn","2041","0","3"
"18-29 years","Glynn","3469","4","39"
"30-39 years","Glynn","2891","9","46"
"40-49 years","Glynn","2481","18","71"
"50-59 years","Glynn","2226","45","119"
"60-69 years","Glynn","1879","84","189"
"70-79 years","Glynn","1129","90","146"
"80 & Older years","Glynn","549","106","135"
"<1 years","Glynn","130","0","6"
"Unknown years","Glynn","21","0","0"
"01-04 years","Gordon","239","0","1"
"05-09 years","Gordon","360","1","2"
"10-17 years","Gordon","1228","0","7"
"18-29 years","Gordon","2412","3","21"
"30-39 years","Gordon","1895","4","34"
"40-49 years","Gordon","1857","11","51"
"50-59 years","Gordon","1713","29","85"
"60-69 years","Gordon","1111","65","97"
"70-79 years","Gordon","611","62","117"
"80 & Older years","Gordon","316","52","74"
"<1 years","Gordon","96","0","3"
"Unknown years","Gordon","44","0","0"
"01-04 years","Grady","136","0","1"
"05-09 years","Grady","237","0","0"
"10-17 years","Grady","488","0","5"
"18-29 years","Grady","586","0","17"
"30-39 years","Grady","520","1","18"
"40-49 years","Grady","487","3","36"
"50-59 years","Grady","471","14","48"
"60-69 years","Grady","329","12","40"
"70-79 years","Grady","261","31","69"
"80 & Older years","Grady","92","22","34"
"<1 years","Grady","70","0","3"
"Unknown years","Grady","11","0","0"
"01-04 years","Greene","48","0","1"
"05-09 years","Greene","101","0","1"
"10-17 years","Greene","272","0","3"
"18-29 years","Greene","504","0","14"
"30-39 years","Greene","416","0","17"
"40-49 years","Greene","360","4","24"
"50-59 years","Greene","468","7","36"
"60-69 years","Greene","451","12","45"
"70-79 years","Greene","356","17","63"
"80 & Older years","Greene","163","33","63"
"<1 years","Greene","17","0","4"
"Unknown years","Greene","5","0","0"
"01-04 years","Gwinnett","3985","0","33"
"05-09 years","Gwinnett","6834","0","35"
"10-17 years","Gwinnett","17185","3","102"
"18-29 years","Gwinnett","37237","19","724"
"30-39 years","Gwinnett","29944","37","785"
"40-49 years","Gwinnett","30013","110","1081"
"50-59 years","Gwinnett","24395","205","1312"
"60-69 years","Gwinnett","13652","344","1300"
"70-79 years","Gwinnett","6016","427","1106"
"80 & Older years","Gwinnett","3063","583","950"
"<1 years","Gwinnett","1348","0","35"
"Unknown years","Gwinnett","213","0","9"
"01-04 years","Habersham","110","0","4"
"05-09 years","Habersham","195","0","0"
"10-17 years","Habersham","617","1","10"
"18-29 years","Habersham","1561","1","24"
"30-39 years","Habersham","1206","6","43"
"40-49 years","Habersham","1178","7","65"
"50-59 years","Habersham","1275","14","99"
"60-69 years","Habersham","1011","41","165"
"70-79 years","Habersham","682","75","165"
"80 & Older years","Habersham","426","93","124"
"<1 years","Habersham","54","0","11"
"Unknown years","Habersham","79","0","1"
"01-04 years","Hall","597","0","12"
"05-09 years","Hall","1180","0","12"
"10-17 years","Hall","4013","0","43"
"18-29 years","Hall","9968","10","250"
"30-39 years","Hall","7060","11","301"
"40-49 years","Hall","6938","38","421"
"50-59 years","Hall","7057","73","602"
"60-69 years","Hall","4734","137","613"
"70-79 years","Hall","2950","210","690"
"80 & Older years","Hall","1635","299","534"
"<1 years","Hall","236","1","25"
"Unknown years","Hall","287","0","10"
"01-04 years","Hancock","18","0","0"
"05-09 years","Hancock","33","0","0"
"10-17 years","Hancock","86","0","1"
"18-29 years","Hancock","225","0","3"
"30-39 years","Hancock","219","2","7"
"40-49 years","Hancock","167","2","8"
"50-59 years","Hancock","218","7","20"
"60-69 years","Hancock","209","21","38"
"70-79 years","Hancock","110","24","29"
"80 & Older years","Hancock","75","26","25"
"<1 years","Hancock","8","0","0"
"01-04 years","Haralson","61","0","0"
"05-09 years","Haralson","117","0","0"
"10-17 years","Haralson","352","0","3"
"18-29 years","Haralson","690","0","6"
"30-39 years","Haralson","493","0","8"
"40-49 years","Haralson","521","2","10"
"50-59 years","Haralson","559","7","19"
"60-69 years","Haralson","331","19","27"
"70-79 years","Haralson","204","20","23"
"80 & Older years","Haralson","94","15","12"
"<1 years","Haralson","22","0","1"
"Unknown years","Haralson","6","0","0"
"01-04 years","Harris","98","0","0"
"05-09 years","Harris","182","0","0"
"10-17 years","Harris","510","0","4"
"18-29 years","Harris","797","0","14"
"30-39 years","Harris","712","0","18"
"40-49 years","Harris","800","5","38"
"50-59 years","Harris","868","12","57"
"60-69 years","Harris","643","22","90"
"70-79 years","Harris","383","43","80"
"80 & Older years","Harris","115","18","29"
"<1 years","Harris","17","0","0"
"Unknown years","Harris","10","0","0"
"01-04 years","Hart","57","0","0"
"05-09 years","Hart","86","0","2"
"10-17 years","Hart","283","0","0"
"18-29 years","Hart","567","0","4"
"30-39 years","Hart","474","0","14"
"40-49 years","Hart","425","3","21"
"50-59 years","Hart","516","4","35"
"60-69 years","Hart","361","15","40"
"70-79 years","Hart","247","15","43"
"80 & Older years","Hart","146","22","40"
"<1 years","Hart","25","0","0"
"Unknown years","Hart","14","0","0"
"01-04 years","Heard","27","0","1"
"05-09 years","Heard","65","0","0"
"10-17 years","Heard","163","0","3"
"18-29 years","Heard","268","2","6"
"30-39 years","Heard","180","0","3"
"40-49 years","Heard","244","2","19"
"50-59 years","Heard","226","3","16"
"60-69 years","Heard","166","8","19"
"70-79 years","Heard","86","9","23"
"80 & Older years","Heard","35","8","6"
"<1 years","Heard","11","0","1"
"Unknown years","Heard","1","0","0"
"01-04 years","Henry","989","0","18"
"05-09 years","Henry","1772","0","10"
"10-17 years","Henry","4708","0","54"
"18-29 years","Henry","8809","3","180"
"30-39 years","Henry","7498","14","212"
"40-49 years","Henry","7893","43","294"
"50-59 years","Henry","7029","70","378"
"60-69 years","Henry","3817","150","375"
"70-79 years","Henry","1779","165","286"
"80 & Older years","Henry","840","170","200"
"<1 years","Henry","305","0","13"
"Unknown years","Henry","38","0","3"
"01-04 years","Houston","467","0","7"
"05-09 years","Houston","920","0","2"
"10-17 years","Houston","2456","0","10"
"18-29 years","Houston","4770","7","74"
"30-39 years","Houston","4375","7","106"
"40-49 years","Houston","3668","19","155"
"50-59 years","Houston","2949","36","201"
"60-69 years","Houston","1912","76","258"
"70-79 years","Houston","950","94","229"
"80 & Older years","Houston","504","87","140"
"<1 years","Houston","106","1","8"
"Unknown years","Houston","5","0","0"
"01-04 years","Irwin","11","0","0"
"05-09 years","Irwin","23","0","0"
"10-17 years","Irwin","79","0","1"
"18-29 years","Irwin","206","0","6"
"30-39 years","Irwin","170","0","9"
"40-49 years","Irwin","184","1","11"
"50-59 years","Irwin","143","3","13"
"60-69 years","Irwin","115","3","24"
"70-79 years","Irwin","62","8","10"
"80 & Older years","Irwin","45","9","28"
"<1 years","Irwin","2","0","0"
"Unknown years","Irwin","2","0","0"
"01-04 years","Jackson","303","0","3"
"05-09 years","Jackson","619","0","2"
"10-17 years","Jackson","2025","1","14"
"18-29 years","Jackson","3035","3","57"
"30-39 years","Jackson","3063","8","77"
"40-49 years","Jackson","3004","14","128"
"50-59 years","Jackson","2748","30","168"
"60-69 years","Jackson","1815","50","185"
"70-79 years","Jackson","1209","79","218"
"80 & Older years","Jackson","562","86","156"
"<1 years","Jackson","93","0","4"
"Unknown years","Jackson","31","0","1"
"01-04 years","Jasper","34","0","1"
"05-09 years","Jasper","58","0","1"
"10-17 years","Jasper","130","0","3"
"18-29 years","Jasper","317","0","13"
"30-39 years","Jasper","248","2","11"
"40-49 years","Jasper","239","1","15"
"50-59 years","Jasper","280","7","30"
"60-69 years","Jasper","196","13","41"
"70-79 years","Jasper","106","7","24"
"80 & Older years","Jasper","44","8","15"
"<1 years","Jasper","20","0","4"
"01-04 years","Jeff Davis","56","0","0"
"05-09 years","Jeff Davis","113","0","0"
"10-17 years","Jeff Davis","249","0","2"
"18-29 years","Jeff Davis","478","0","8"
"30-39 years","Jeff Davis","381","0","12"
"40-49 years","Jeff Davis","344","1","21"
"50-59 years","Jeff Davis","331","11","29"
"60-69 years","Jeff Davis","189","10","26"
"70-79 years","Jeff Davis","147","16","26"
"80 & Older years","Jeff Davis","37","9","11"
"<1 years","Jeff Davis","17","0","4"
"01-04 years","Jefferson","35","0","1"
"05-09 years","Jefferson","64","0","0"
"10-17 years","Jefferson","162","0","2"
"18-29 years","Jefferson","355","0","3"
"30-39 years","Jefferson","317","1","12"
"40-49 years","Jefferson","312","5","23"
"50-59 years","Jefferson","373","9","31"
"60-69 years","Jefferson","314","15","46"
"70-79 years","Jefferson","198","24","53"
"80 & Older years","Jefferson","89","24","38"
"<1 years","Jefferson","8","0","2"
"Unknown years","Jefferson","10","0","0"
"01-04 years","Jenkins","30","0","1"
"05-09 years","Jenkins","39","0","0"
"10-17 years","Jenkins","97","0","1"
"18-29 years","Jenkins","181","0","2"
"30-39 years","Jenkins","128","2","6"
"40-49 years","Jenkins","165","4","14"
"50-59 years","Jenkins","179","7","29"
"60-69 years","Jenkins","120","7","16"
"70-79 years","Jenkins","76","15","22"
"80 & Older years","Jenkins","54","10","12"
"<1 years","Jenkins","6","0","1"
"Unknown years","Jenkins","1","0","0"
"01-04 years","Johnson","25","0","1"
"05-09 years","Johnson","37","0","0"
"10-17 years","Johnson","101","0","1"
"18-29 years","Johnson","249","0","6"
"30-39 years","Johnson","213","1","6"
"40-49 years","Johnson","213","3","8"
"50-59 years","Johnson","203","9","18"
"60-69 years","Johnson","197","9","25"
"70-79 years","Johnson","125","12","34"
"80 & Older years","Johnson","89","23","27"
"<1 years","Johnson","19","0","3"
"Unknown years","Johnson","1","0","0"
"01-04 years","Jones","47","0","1"
"05-09 years","Jones","91","0","0"
"10-17 years","Jones","268","0","2"
"18-29 years","Jones","742","2","19"
"30-39 years","Jones","604","3","17"
"40-49 years","Jones","579","5","32"
"50-59 years","Jones","602","10","62"
"60-69 years","Jones","404","19","73"
"70-79 years","Jones","255","34","75"
"80 & Older years","Jones","126","25","38"
"<1 years","Jones","14","0","0"
"01-04 years","Lamar","106","0","0"
"05-09 years","Lamar","176","0","0"
"10-17 years","Lamar","389","0","5"
"18-29 years","Lamar","567","0","12"
"30-39 years","Lamar","470","2","17"
"40-49 years","Lamar","421","6","23"
"50-59 years","Lamar","400","12","46"
"60-69 years","Lamar","356","25","47"
"70-79 years","Lamar","235","26","49"
"80 & Older years","Lamar","95","26","31"
"<1 years","Lamar","64","0","1"
"Unknown years","Lamar","1","0","1"
"01-04 years","Lanier","17","0","0"
"05-09 years","Lanier","33","0","1"
"10-17 years","Lanier","115","0","1"
"18-29 years","Lanier","231","2","4"
"30-39 years","Lanier","229","0","3"
"40-49 years","Lanier","152","1","4"
"50-59 years","Lanier","128","3","10"
"60-69 years","Lanier","77","4","7"
"70-79 years","Lanier","66","6","8"
"80 & Older years","Lanier","31","1","6"
"<1 years","Lanier","14","0","0"
"Unknown years","Lanier","1","0","0"
"01-04 years","Laurens","204","0","2"
"05-09 years","Laurens","363","0","2"
"10-17 years","Laurens","926","0","7"
"18-29 years","Laurens","1689","0","15"
"30-39 years","Laurens","1349","4","23"
"40-49 years","Laurens","1228","12","39"
"50-59 years","Laurens","1079","30","82"
"60-69 years","Laurens","849","56","115"
"70-79 years","Laurens","521","67","106"
"80 & Older years","Laurens","300","69","75"
"<1 years","Laurens","72","0","7"
"Unknown years","Laurens","9","0","0"
"01-04 years","Lee","85","0","0"
"05-09 years","Lee","130","0","3"
"10-17 years","Lee","375","0","7"
"18-29 years","Lee","652","1","26"
"30-39 years","Lee","722","1","35"
"40-49 years","Lee","658","9","51"
"50-59 years","Lee","547","18","82"
"60-69 years","Lee","348","25","71"
"70-79 years","Lee","155","20","48"
"80 & Older years","Lee","89","18","32"
"<1 years","Lee","30","0","0"
"Unknown years","Lee","51","0","0"
"01-04 years","Liberty","506","0","1"
"05-09 years","Liberty","682","0","3"
"10-17 years","Liberty","1237","0","4"
"18-29 years","Liberty","3386","2","30"
"30-39 years","Liberty","1953","4","40"
"40-49 years","Liberty","1155","4","32"
"50-59 years","Liberty","938","23","77"
"60-69 years","Liberty","588","26","83"
"70-79 years","Liberty","243","25","76"
"80 & Older years","Liberty","91","20","33"
"<1 years","Liberty","141","0","4"
"Unknown years","Liberty","11","0","0"
"01-04 years","Lincoln","20","0","0"
"05-09 years","Lincoln","22","0","1"
"10-17 years","Lincoln","68","0","0"
"18-29 years","Lincoln","145","0","5"
"30-39 years","Lincoln","128","0","6"
"40-49 years","Lincoln","130","1","10"
"50-59 years","Lincoln","119","3","6"
"60-69 years","Lincoln","114","8","24"
"70-79 years","Lincoln","77","10","21"
"80 & Older years","Lincoln","27","7","10"
"<1 years","Lincoln","6","0","1"
"Unknown years","Lincoln","6","0","0"
"01-04 years","Long","92","0","0"
"05-09 years","Long","146","0","0"
"10-17 years","Long","304","1","0"
"18-29 years","Long","462","0","2"
"30-39 years","Long","441","2","10"
"40-49 years","Long","298","4","14"
"50-59 years","Long","202","4","18"
"60-69 years","Long","147","5","19"
"70-79 years","Long","70","8","19"
"80 & Older years","Long","27","2","11"
"<1 years","Long","40","0","0"
"Unknown years","Long","1","0","0"
"01-04 years","Lowndes","415","0","0"
"05-09 years","Lowndes","533","0","1"
"10-17 years","Lowndes","1295","0","11"
"18-29 years","Lowndes","4319","6","46"
"30-39 years","Lowndes","2652","8","47"
"40-49 years","Lowndes","1960","14","77"
"50-59 years","Lowndes","1631","29","107"
"60-69 years","Lowndes","1152","57","135"
"70-79 years","Lowndes","692","77","138"
"80 & Older years","Lowndes","381","85","95"
"<1 years","Lowndes","185","0","2"
"Unknown years","Lowndes","9","0","0"
"01-04 years","Lumpkin","76","0","1"
"05-09 years","Lumpkin","162","0","2"
"10-17 years","Lumpkin","473","0","4"
"18-29 years","Lumpkin","1582","0","25"
"30-39 years","Lumpkin","869","1","24"
"40-49 years","Lumpkin","821","1","39"
"50-59 years","Lumpkin","929","14","82"
"60-69 years","Lumpkin","805","23","94"
"70-79 years","Lumpkin","512","24","102"
"80 & Older years","Lumpkin","249","49","100"
"<1 years","Lumpkin","50","0","3"
"Unknown years","Lumpkin","28","0","2"
"01-04 years","Macon","26","0","0"
"05-09 years","Macon","27","0","0"
"10-17 years","Macon","64","0","0"
"18-29 years","Macon","233","0","6"
"30-39 years","Macon","191","1","4"
"40-49 years","Macon","198","4","9"
"50-59 years","Macon","205","6","26"
"60-69 years","Macon","135","11","35"
"70-79 years","Macon","84","9","24"
"80 & Older years","Macon","29","10","11"
"<1 years","Macon","7","0","0"
"Unknown years","Macon","1","0","1"
"01-04 years","Madison","148","0","5"
"05-09 years","Madison","212","0","0"
"10-17 years","Madison","584","0","3"
"18-29 years","Madison","1130","0","38"
"30-39 years","Madison","916","1","33"
"40-49 years","Madison","862","2","42"
"50-59 years","Madison","884","18","60"
"60-69 years","Madison","622","17","85"
"70-79 years","Madison","382","29","92"
"80 & Older years","Madison","145","25","43"
"<1 years","Madison","69","0","7"
"Unknown years","Madison","8","0","0"
"01-04 years","Marion","18","0","0"
"05-09 years","Marion","35","0","1"
"10-17 years","Marion","111","0","0"
"18-29 years","Marion","161","0","7"
"30-39 years","Marion","133","0","4"
"40-49 years","Marion","143","3","9"
"50-59 years","Marion","129","7","16"
"60-69 years","Marion","110","12","18"
"70-79 years","Marion","61","8","19"
"80 & Older years","Marion","47","12","17"
"<1 years","Marion","8","0","0"
"Unknown years","Marion","3","0","0"
"01-04 years","McDuffie","58","0","2"
"05-09 years","McDuffie","86","0","0"
"10-17 years","McDuffie","246","0","2"
"18-29 years","McDuffie","638","0","14"
"30-39 years","McDuffie","493","2","11"
"40-49 years","McDuffie","447","2","24"
"50-59 years","McDuffie","409","13","50"
"60-69 years","McDuffie","304","18","59"
"70-79 years","McDuffie","188","21","62"
"80 & Older years","McDuffie","82","18","34"
"<1 years","McDuffie","13","0","2"
"Unknown years","McDuffie","17","0","0"
"01-04 years","McIntosh","40","0","0"
"05-09 years","McIntosh","73","0","1"
"10-17 years","McIntosh","233","0","0"
"18-29 years","McIntosh","325","0","5"
"30-39 years","McIntosh","269","0","4"
"40-49 years","McIntosh","272","0","6"
"50-59 years","McIntosh","314","5","14"
"60-69 years","McIntosh","239","7","33"
"70-79 years","McIntosh","145","9","27"
"80 & Older years","McIntosh","55","10","15"
"<1 years","McIntosh","5","0","0"
"Unknown years","McIntosh","1","0","0"
"01-04 years","Meriwether","85","0","3"
"05-09 years","Meriwether","102","0","1"
"10-17 years","Meriwether","238","1","3"
"18-29 years","Meriwether","563","0","17"
"30-39 years","Meriwether","407","3","26"
"40-49 years","Meriwether","472","5","35"
"50-59 years","Meriwether","473","13","51"
"60-69 years","Meriwether","427","22","58"
"70-79 years","Meriwether","296","36","65"
"80 & Older years","Meriwether","152","38","36"
"<1 years","Meriwether","32","0","5"
"Unknown years","Meriwether","3","0","1"
"01-04 years","Miller","36","0","0"
"05-09 years","Miller","56","0","0"
"10-17 years","Miller","187","0","1"
"18-29 years","Miller","206","0","1"
"30-39 years","Miller","178","0","1"
"40-49 years","Miller","156","1","7"
"50-59 years","Miller","204","4","19"
"60-69 years","Miller","146","4","15"
"70-79 years","Miller","60","6","8"
"80 & Older years","Miller","47","5","9"
"<1 years","Miller","6","0","0"
"Unknown years","Miller","9","0","0"
"01-04 years","Mitchell","68","0","2"
"05-09 years","Mitchell","112","0","0"
"10-17 years","Mitchell","272","0","7"
"18-29 years","Mitchell","562","1","21"
"30-39 years","Mitchell","487","1","24"
"40-49 years","Mitchell","434","7","29"
"50-59 years","Mitchell","450","14","69"
"60-69 years","Mitchell","350","21","66"
"70-79 years","Mitchell","204","25","63"
"80 & Older years","Mitchell","132","33","43"
"<1 years","Mitchell","23","0","1"
"Unknown years","Mitchell","11","0","0"
"01-04 years","Monroe","41","1","4"
"05-09 years","Monroe","84","0","1"
"10-17 years","Monroe","252","0","1"
"18-29 years","Monroe","674","2","11"
"30-39 years","Monroe","595","0","12"
"40-49 years","Monroe","645","9","31"
"50-59 years","Monroe","638","9","40"
"60-69 years","Monroe","518","31","73"
"70-79 years","Monroe","277","34","63"
"80 & Older years","Monroe","153","48","44"
"<1 years","Monroe","18","0","1"
"01-04 years","Montgomery","20","0","0"
"05-09 years","Montgomery","25","0","0"
"10-17 years","Montgomery","125","0","1"
"18-29 years","Montgomery","311","1","3"
"30-39 years","Montgomery","236","2","6"
"40-49 years","Montgomery","220","1","5"
"50-59 years","Montgomery","203","6","16"
"60-69 years","Montgomery","179","9","17"
"70-79 years","Montgomery","102","18","19"
"80 & Older years","Montgomery","45","11","8"
"<1 years","Montgomery","8","0","0"
"Unknown years","Montgomery","4","0","0"
"01-04 years","Morgan","75","0","1"
"05-09 years","Morgan","99","0","1"
"10-17 years","Morgan","232","0","2"
"18-29 years","Morgan","504","0","14"
"30-39 years","Morgan","427","0","15"
"40-49 years","Morgan","399","1","13"
"50-59 years","Morgan","440","7","34"
"60-69 years","Morgan","295","9","32"
"70-79 years","Morgan","241","9","40"
"80 & Older years","Morgan","123","27","46"
"<1 years","Morgan","36","0","2"
"Unknown years","Morgan","31","0","0"
"01-04 years","Murray","212","0","2"
"05-09 years","Murray","308","0","3"
"10-17 years","Murray","1004","0","2"
"18-29 years","Murray","1894","0","18"
"30-39 years","Murray","1397","3","16"
"40-49 years","Murray","1446","10","44"
"50-59 years","Murray","1228","20","84"
"60-69 years","Murray","834","32","102"
"70-79 years","Murray","483","63","97"
"80 & Older years","Murray","202","40","46"
"<1 years","Murray","94","0","2"
"01-04 years","Muscogee","700","0","10"
"05-09 years","Muscogee","1298","0","0"
"10-17 years","Muscogee","3042","0","26"
"18-29 years","Muscogee","7134","13","176"
"30-39 years","Muscogee","5576","11","216"
"40-49 years","Muscogee","4410","26","263"
"50-59 years","Muscogee","4058","93","425"
"60-69 years","Muscogee","3033","162","520"
"70-79 years","Muscogee","1568","171","383"
"80 & Older years","Muscogee","876","223","299"
"<1 years","Muscogee","230","0","10"
"Unknown years","Muscogee","47","0","1"
"01-04 years","Newton","356","0","21"
"05-09 years","Newton","794","0","12"
"10-17 years","Newton","1700","0","74"
"18-29 years","Newton","3454","2","272"
"30-39 years","Newton","2944","9","241"
"40-49 years","Newton","3038","22","274"
"50-59 years","Newton","2696","56","334"
"60-69 years","Newton","1508","77","293"
"70-79 years","Newton","911","104","279"
"80 & Older years","Newton","488","126","184"
"<1 years","Newton","112","0","20"
"Unknown years","Newton","17","0","2"
"01-04 years","Non-GA Resident/Unknown State","1192","0","17"
"05-09 years","Non-GA Resident/Unknown State","1887","0","11"
"10-17 years","Non-GA Resident/Unknown State","4382","0","27"
"18-29 years","Non-GA Resident/Unknown State","13668","8","237"
"30-39 years","Non-GA Resident/Unknown State","10775","19","273"
"40-49 years","Non-GA Resident/Unknown State","9502","50","333"
"50-59 years","Non-GA Resident/Unknown State","8708","129","524"
"60-69 years","Non-GA Resident/Unknown State","5951","245","646"
"70-79 years","Non-GA Resident/Unknown State","3516","273","615"
"80 & Older years","Non-GA Resident/Unknown State","1823","239","417"
"<1 years","Non-GA Resident/Unknown State","529","0","18"
"Unknown years","Non-GA Resident/Unknown State","1193","0","128"
"01-04 years","Oconee","157","0","1"
"05-09 years","Oconee","308","0","0"
"10-17 years","Oconee","848","0","4"
"18-29 years","Oconee","1140","0","19"
"30-39 years","Oconee","903","1","15"
"40-49 years","Oconee","1212","3","36"
"50-59 years","Oconee","1029","7","32"
"60-69 years","Oconee","683","16","53"
"70-79 years","Oconee","377","22","46"
"80 & Older years","Oconee","226","46","60"
"<1 years","Oconee","35","0","0"
"Unknown years","Oconee","5","0","0"
"01-04 years","Oglethorpe","53","0","1"
"05-09 years","Oglethorpe","89","0","0"
"10-17 years","Oglethorpe","231","0","4"
"18-29 years","Oglethorpe","421","0","11"
"30-39 years","Oglethorpe","320","2","15"
"40-49 years","Oglethorpe","345","4","27"
"50-59 years","Oglethorpe","332","1","33"
"60-69 years","Oglethorpe","270","7","37"
"70-79 years","Oglethorpe","188","16","33"
"80 & Older years","Oglethorpe","100","20","31"
"<1 years","Oglethorpe","22","0","1"
"Unknown years","Oglethorpe","4","0","0"
"01-04 years","Paulding","641","0","7"
"05-09 years","Paulding","1151","0","1"
"10-17 years","Paulding","2802","0","16"
"18-29 years","Paulding","4811","1","46"
"30-39 years","Paulding","4461","8","59"
"40-49 years","Paulding","4300","16","84"
"50-59 years","Paulding","3798","40","140"
"60-69 years","Paulding","2064","68","137"
"70-79 years","Paulding","1050","79","137"
"80 & Older years","Paulding","580","100","105"
"<1 years","Paulding","223","0","4"
"Unknown years","Paulding","92","0","0"
"01-04 years","Peach","62","0","2"
"05-09 years","Peach","87","0","0"
"10-17 years","Peach","241","0","2"
"18-29 years","Peach","790","1","14"
"30-39 years","Peach","632","3","22"
"40-49 years","Peach","515","9","34"
"50-59 years","Peach","545","15","61"
"60-69 years","Peach","460","23","76"
"70-79 years","Peach","236","31","69"
"80 & Older years","Peach","104","25","41"
"<1 years","Peach","11","0","0"
"Unknown years","Peach","1","0","0"
"01-04 years","Pickens","60","0","5"
"05-09 years","Pickens","115","0","2"
"10-17 years","Pickens","329","0","1"
"18-29 years","Pickens","848","0","21"
"30-39 years","Pickens","697","5","30"
"40-49 years","Pickens","715","2","44"
"50-59 years","Pickens","880","11","65"
"60-69 years","Pickens","704","24","106"
"70-79 years","Pickens","513","42","120"
"80 & Older years","Pickens","223","44","68"
"<1 years","Pickens","17","0","3"
"Unknown years","Pickens","1","0","0"
"01-04 years","Pierce","67","0","0"
"05-09 years","Pierce","97","0","0"
"10-17 years","Pierce","279","1","1"
"18-29 years","Pierce","508","0","9"
"30-39 years","Pierce","391","3","17"
"40-49 years","Pierce","445","6","37"
"50-59 years","Pierce","400","17","48"
"60-69 years","Pierce","311","25","75"
"70-79 years","Pierce","223","27","78"
"80 & Older years","Pierce","93","28","38"
"<1 years","Pierce","30","0","1"
"01-04 years","Pike","86","0","0"
"05-09 years","Pike","121","0","0"
"10-17 years","Pike","304","0","1"
"18-29 years","Pike","422","2","11"
"30-39 years","Pike","420","2","13"
"40-49 years","Pike","445","3","19"
"50-59 years","Pike","397","14","32"
"60-69 years","Pike","277","17","48"
"70-79 years","Pike","161","17","41"
"80 & Older years","Pike","74","15","18"
"<1 years","Pike","31","0","0"
"Unknown years","Pike","2","0","0"
"01-04 years","Polk","195","0","2"
"05-09 years","Polk","296","0","4"
"10-17 years","Polk","930","0","9"
"18-29 years","Polk","1928","0","32"
"30-39 years","Polk","1434","2","41"
"40-49 years","Polk","1350","8","69"
"50-59 years","Polk","1295","27","137"
"60-69 years","Polk","872","36","146"
"70-79 years","Polk","574","50","152"
"80 & Older years","Polk","250","39","76"
"<1 years","Polk","106","0","3"
"Unknown years","Polk","23","0","1"
"01-04 years","Pulaski","32","0","0"
"05-09 years","Pulaski","49","0","0"
"10-17 years","Pulaski","120","0","1"
"18-29 years","Pulaski","208","0","3"
"30-39 years","Pulaski","191","1","3"
"40-49 years","Pulaski","165","0","10"
"50-59 years","Pulaski","177","4","11"
"60-69 years","Pulaski","147","11","16"
"70-79 years","Pulaski","69","14","18"
"80 & Older years","Pulaski","47","13","7"
"<1 years","Pulaski","14","0","0"
"Unknown years","Pulaski","2","0","0"
"01-04 years","Putnam","61","0","0"
"05-09 years","Putnam","113","0","1"
"10-17 years","Putnam","303","0","2"
"18-29 years","Putnam","594","0","6"
"30-39 years","Putnam","539","1","19"
"40-49 years","Putnam","436","4","22"
"50-59 years","Putnam","575","5","42"
"60-69 years","Putnam","502","27","63"
"70-79 years","Putnam","358","34","86"
"80 & Older years","Putnam","149","27","48"
"<1 years","Putnam","22","0","1"
"01-04 years","Quitman","7","0","0"
"05-09 years","Quitman","15","0","0"
"10-17 years","Quitman","29","0","0"
"18-29 years","Quitman","37","0","2"
"30-39 years","Quitman","31","0","2"
"40-49 years","Quitman","15","0","1"
"50-59 years","Quitman","36","0","3"
"60-69 years","Quitman","45","1","7"
"70-79 years","Quitman","14","1","2"
"80 & Older years","Quitman","12","1","3"
"<1 years","Quitman","4","0","1"
"01-04 years","Rabun","47","0","0"
"05-09 years","Rabun","88","0","0"
"10-17 years","Rabun","258","0","2"
"18-29 years","Rabun","401","2","10"
"30-39 years","Rabun","329","2","14"
"40-49 years","Rabun","356","2","22"
"50-59 years","Rabun","425","7","47"
"60-69 years","Rabun","428","15","51"
"70-79 years","Rabun","323","26","67"
"80 & Older years","Rabun","127","24","41"
"<1 years","Rabun","17","0","1"
"Unknown years","Rabun","5","0","0"
"01-04 years","Randolph","18","0","1"
"05-09 years","Randolph","42","0","0"
"10-17 years","Randolph","92","0","3"
"18-29 years","Randolph","131","1","7"
"30-39 years","Randolph","118","2","8"
"40-49 years","Randolph","89","0","8"
"50-59 years","Randolph","135","7","26"
"60-69 years","Randolph","104","11","22"
"70-79 years","Randolph","68","7","19"
"80 & Older years","Randolph","56","15","17"
"<1 years","Randolph","3","0","0"
"Unknown years","Randolph","1","0","0"
"01-04 years","Richmond","756","0","11"
"05-09 years","Richmond","1384","1","10"
"10-17 years","Richmond","3202","0","41"
"18-29 years","Richmond","8656","15","131"
"30-39 years","Richmond","6610","15","182"
"40-49 years","Richmond","4898","36","218"
"50-59 years","Richmond","4466","72","393"
"60-69 years","Richmond","3373","159","480"
"70-79 years","Richmond","1750","189","475"
"80 & Older years","Richmond","959","221","370"
"<1 years","Richmond","244","0","14"
"Unknown years","Richmond","93","0","0"
"01-04 years","Rockdale","288","0","28"
"05-09 years","Rockdale","535","0","24"
"10-17 years","Rockdale","1391","0","64"
"18-29 years","Rockdale","2854","5","244"
"30-39 years","Rockdale","2392","5","265"
"40-49 years","Rockdale","2446","12","268"
"50-59 years","Rockdale","2350","31","353"
"60-69 years","Rockdale","1405","67","311"
"70-79 years","Rockdale","793","82","282"
"80 & Older years","Rockdale","417","87","208"
"<1 years","Rockdale","81","0","12"
"Unknown years","Rockdale","8","0","4"
"01-04 years","Schley","13","0","0"
"05-09 years","Schley","21","0","0"
"10-17 years","Schley","63","0","0"
"18-29 years","Schley","93","0","3"
"30-39 years","Schley","69","0","0"
"40-49 years","Schley","88","0","5"
"50-59 years","Schley","74","2","8"
"60-69 years","Schley","51","1","8"
"70-79 years","Schley","40","6","8"
"80 & Older years","Schley","11","2","3"
"<1 years","Schley","3","0","0"
"01-04 years","Screven","35","0","2"
"05-09 years","Screven","75","0","0"
"10-17 years","Screven","221","0","1"
"18-29 years","Screven","315","0","9"
"30-39 years","Screven","291","1","7"
"40-49 years","Screven","236","4","13"
"50-59 years","Screven","232","6","22"
"60-69 years","Screven","221","6","23"
"70-79 years","Screven","128","10","24"
"80 & Older years","Screven","57","9","16"
"<1 years","Screven","14","0","0"
"Unknown years","Screven","2","0","0"
"01-04 years","Seminole","35","0","0"
"05-09 years","Seminole","62","0","0"
"10-17 years","Seminole","188","0","1"
"18-29 years","Seminole","274","0","5"
"30-39 years","Seminole","225","0","4"
"40-49 years","Seminole","202","0","11"
"50-59 years","Seminole","220","4","10"
"60-69 years","Seminole","222","6","34"
"70-79 years","Seminole","136","7","23"
"80 & Older years","Seminole","60","7","22"
"<1 years","Seminole","18","0","1"
"Unknown years","Seminole","7","0","0"
"01-04 years","Spalding","256","0","2"
"05-09 years","Spalding","360","0","1"
"10-17 years","Spalding","828","0","6"
"18-29 years","Spalding","1961","4","55"
"30-39 years","Spalding","1705","7","62"
"40-49 years","Spalding","1552","17","92"
"50-59 years","Spalding","1483","42","139"
"60-69 years","Spalding","1112","86","172"
"70-79 years","Spalding","703","100","152"
"80 & Older years","Spalding","389","92","109"
"<1 years","Spalding","89","0","3"
"Unknown years","Spalding","12","0","2"
"01-04 years","Stephens","83","0","3"
"05-09 years","Stephens","149","0","1"
"10-17 years","Stephens","511","0","3"
"18-29 years","Stephens","1098","1","28"
"30-39 years","Stephens","733","0","13"
"40-49 years","Stephens","842","1","28"
"50-59 years","Stephens","867","13","59"
"60-69 years","Stephens","794","37","100"
"70-79 years","Stephens","498","40","98"
"80 & Older years","Stephens","235","36","52"
"<1 years","Stephens","33","0","1"
"Unknown years","Stephens","56","0","0"
"01-04 years","Stewart","12","0","1"
"05-09 years","Stewart","25","0","0"
"10-17 years","Stewart","59","0","0"
"18-29 years","Stewart","647","0","24"
"30-39 years","Stewart","581","1","28"
"40-49 years","Stewart","362","2","25"
"50-59 years","Stewart","196","3","21"
"60-69 years","Stewart","105","16","32"
"70-79 years","Stewart","46","4","9"
"80 & Older years","Stewart","35","6","10"
"<1 years","Stewart","4","0","0"
"Unknown years","Stewart","10","0","0"
"01-04 years","Sumter","81","0","1"
"05-09 years","Sumter","137","0","0"
"10-17 years","Sumter","292","0","7"
"18-29 years","Sumter","750","2","25"
"30-39 years","Sumter","603","2","40"
"40-49 years","Sumter","539","12","42"
"50-59 years","Sumter","567","14","71"
"60-69 years","Sumter","452","36","101"
"70-79 years","Sumter","268","39","77"
"80 & Older years","Sumter","179","49","73"
"<1 years","Sumter","43","0","4"
"Unknown years","Sumter","3","0","0"
"01-04 years","Talbot","29","0","1"
"05-09 years","Talbot","40","0","0"
"10-17 years","Talbot","80","0","0"
"18-29 years","Talbot","157","0","5"
"30-39 years","Talbot","116","0","4"
"40-49 years","Talbot","134","3","6"
"50-59 years","Talbot","147","6","13"
"60-69 years","Talbot","123","8","27"
"70-79 years","Talbot","65","8","11"
"80 & Older years","Talbot","38","6","14"
"<1 years","Talbot","8","0","0"
"Unknown years","Talbot","3","0","0"
"01-04 years","Taliaferro","2","0","0"
"05-09 years","Taliaferro","2","0","0"
"10-17 years","Taliaferro","13","0","0"
"18-29 years","Taliaferro","29","0","2"
"30-39 years","Taliaferro","30","0","0"
"40-49 years","Taliaferro","32","0","3"
"50-59 years","Taliaferro","20","0","0"
"60-69 years","Taliaferro","31","1","4"
"70-79 years","Taliaferro","17","1","6"
"80 & Older years","Taliaferro","6","1","2"
"<1 years","Taliaferro","1","0","0"
"01-04 years","Tattnall","80","0","1"
"05-09 years","Tattnall","122","0","1"
"10-17 years","Tattnall","332","0","2"
"18-29 years","Tattnall","630","1","3"
"30-39 years","Tattnall","584","2","11"
"40-49 years","Tattnall","526","0","12"
"50-59 years","Tattnall","534","16","35"
"60-69 years","Tattnall","360","23","47"
"70-79 years","Tattnall","190","32","51"
"80 & Older years","Tattnall","74","8","15"
"<1 years","Tattnall","34","0","0"
"01-04 years","Taylor","31","0","2"
"05-09 years","Taylor","82","0","0"
"10-17 years","Taylor","120","0","1"
"18-29 years","Taylor","189","1","6"
"30-39 years","Taylor","148","1","5"
"40-49 years","Taylor","189","2","19"
"50-59 years","Taylor","139","3","24"
"60-69 years","Taylor","126","9","26"
"70-79 years","Taylor","67","11","19"
"80 & Older years","Taylor","43","12","13"
"<1 years","Taylor","9","0","0"
"01-04 years","Telfair","17","0","0"
"05-09 years","Telfair","31","0","0"
"10-17 years","Telfair","67","0","1"
"18-29 years","Telfair","251","0","4"
"30-39 years","Telfair","197","1","5"
"40-49 years","Telfair","195","2","8"
"50-59 years","Telfair","172","8","16"
"60-69 years","Telfair","157","11","24"
"70-79 years","Telfair","96","19","26"
"80 & Older years","Telfair","54","17","14"
"<1 years","Telfair","10","0","0"
"Unknown years","Telfair","3","0","0"
"01-04 years","Terrell","26","0","0"
"05-09 years","Terrell","42","0","0"
"10-17 years","Terrell","196","0","1"
"18-29 years","Terrell","170","0","9"
"30-39 years","Terrell","151","0","16"
"40-49 years","Terrell","136","1","15"
"50-59 years","Terrell","169","8","32"
"60-69 years","Terrell","148","14","46"
"70-79 years","Terrell","84","19","31"
"80 & Older years","Terrell","54","18","21"
"<1 years","Terrell","8","0","0"
"Unknown years","Terrell","4","0","0"
"01-04 years","Thomas","285","1","2"
"05-09 years","Thomas","540","0","3"
"10-17 years","Thomas","1184","0","3"
"18-29 years","Thomas","1518","2","45"
"30-39 years","Thomas","1255","5","40"
"40-49 years","Thomas","1171","12","65"
"50-59 years","Thomas","1177","25","100"
"60-69 years","Thomas","858","30","156"
"70-79 years","Thomas","474","47","117"
"80 & Older years","Thomas","261","57","89"
"<1 years","Thomas","116","0","4"
"Unknown years","Thomas","9","0","0"
"01-04 years","Tift","153","0","8"
"05-09 years","Tift","234","0","5"
"10-17 years","Tift","565","0","10"
"18-29 years","Tift","1359","2","42"
"30-39 years","Tift","1015","4","49"
"40-49 years","Tift","911","11","79"
"50-59 years","Tift","792","20","94"
"60-69 years","Tift","596","29","110"
"70-79 years","Tift","363","45","111"
"80 & Older years","Tift","214","52","80"
"<1 years","Tift","73","0","4"
"Unknown years","Tift","4","0","0"
"01-04 years","Toombs","78","0","0"
"05-09 years","Toombs","143","0","0"
"10-17 years","Toombs","425","0","2"
"18-29 years","Toombs","1078","1","12"
"30-39 years","Toombs","838","2","10"
"40-49 years","Toombs","765","9","40"
"50-59 years","Toombs","753","19","40"
"60-69 years","Toombs","667","36","78"
"70-79 years","Toombs","410","49","55"
"80 & Older years","Toombs","235","54","45"
"<1 years","Toombs","28","0","0"
"01-04 years","Towns","19","0","0"
"05-09 years","Towns","30","0","1"
"10-17 years","Towns","93","0","2"
"18-29 years","Towns","270","0","5"
"30-39 years","Towns","178","1","5"
"40-49 years","Towns","219","3","7"
"50-59 years","Towns","328","8","30"
"60-69 years","Towns","385","12","33"
"70-79 years","Towns","290","19","54"
"80 & Older years","Towns","193","41","69"
"<1 years","Towns","5","0","0"
"Unknown years","Towns","34","0","0"
"01-04 years","Treutlen","17","0","0"
"05-09 years","Treutlen","35","0","1"
"10-17 years","Treutlen","96","0","1"
"18-29 years","Treutlen","213","0","3"
"30-39 years","Treutlen","197","0","6"
"40-49 years","Treutlen","174","5","7"
"50-59 years","Treutlen","164","3","11"
"60-69 years","Treutlen","112","7","16"
"70-79 years","Treutlen","82","18","14"
"80 & Older years","Treutlen","43","14","12"
"<1 years","Treutlen","2","0","0"
"Unknown years","Treutlen","1","0","0"
"01-04 years","Troup","336","0","3"
"05-09 years","Troup","484","0","1"
"10-17 years","Troup","1147","0","12"
"18-29 years","Troup","2550","2","44"
"30-39 years","Troup","1991","10","65"
"40-49 years","Troup","1635","13","73"
"50-59 years","Troup","1619","41","152"
"60-69 years","Troup","1154","67","146"
"70-79 years","Troup","625","72","130"
"80 & Older years","Troup","396","109","87"
"<1 years","Troup","125","0","3"
"Unknown years","Troup","4","0","0"
"01-04 years","Turner","20","0","0"
"05-09 years","Turner","28","0","2"
"10-17 years","Turner","54","0","2"
"18-29 years","Turner","194","0","6"
"30-39 years","Turner","207","0","17"
"40-49 years","Turner","189","1","10"
"50-59 years","Turner","165","2","19"
"60-69 years","Turner","129","10","34"
"70-79 years","Turner","72","15","19"
"80 & Older years","Turner","41","18","17"
"<1 years","Turner","14","0","1"
"01-04 years","Twiggs","23","0","1"
"05-09 years","Twiggs","22","0","1"
"10-17 years","Twiggs","72","0","1"
"18-29 years","Twiggs","149","0","3"
"30-39 years","Twiggs","135","1","5"
"40-49 years","Twiggs","141","2","13"
"50-59 years","Twiggs","191","4","30"
"60-69 years","Twiggs","171","13","48"
"70-79 years","Twiggs","94","18","36"
"80 & Older years","Twiggs","40","17","22"
"<1 years","Twiggs","4","0","0"
"01-04 years","Union","35","0","0"
"05-09 years","Union","75","0","0"
"10-17 years","Union","242","0","2"
"18-29 years","Union","531","1","7"
"30-39 years","Union","504","3","8"
"40-49 years","Union","477","2","24"
"50-59 years","Union","623","10","48"
"60-69 years","Union","744","21","88"
"70-79 years","Union","627","41","125"
"80 & Older years","Union","326","58","101"
"<1 years","Union","18","0","1"
"Unknown years","Union","89","0","0"
"01-04 years","Unknown","267","0","1"
"05-09 years","Unknown","411","0","0"
"10-17 years","Unknown","863","0","1"
"18-29 years","Unknown","1957","0","10"
"30-39 years","Unknown","1381","0","9"
"40-49 years","Unknown","1322","0","5"
"50-59 years","Unknown","1083","0","11"
"60-69 years","Unknown","611","3","21"
"70-79 years","Unknown","302","2","15"
"80 & Older years","Unknown","136","7","15"
"<1 years","Unknown","141","0","3"
"Unknown years","Unknown","159","0","5"
"01-04 years","Upson","119","0","1"
"05-09 years","Upson","181","0","0"
"10-17 years","Upson","418","1","5"
"18-29 years","Upson","765","0","14"
"30-39 years","Upson","581","2","12"
"40-49 years","Upson","555","2","29"
"50-59 years","Upson","550","17","52"
"60-69 years","Upson","458","40","74"
"70-79 years","Upson","310","54","82"
"80 & Older years","Upson","162","54","54"
"<1 years","Upson","55","0","3"
"Unknown years","Upson","8","0","0"
"01-04 years","Walker","255","0","3"
"05-09 years","Walker","487","0","2"
"10-17 years","Walker","1280","0","10"
"18-29 years","Walker","2519","0","33"
"30-39 years","Walker","2033","1","31"
"40-49 years","Walker","2159","12","67"
"50-59 years","Walker","1900","12","82"
"60-69 years","Walker","1437","43","120"
"70-79 years","Walker","896","59","122"
"80 & Older years","Walker","409","58","75"
"<1 years","Walker","101","0","6"
"Unknown years","Walker","106","0","5"
"01-04 years","Walton","298","0","14"
"05-09 years","Walton","489","0","11"
"10-17 years","Walton","1371","0","36"
"18-29 years","Walton","2815","3","151"
"30-39 years","Walton","2512","8","130"
"40-49 years","Walton","2525","13","174"
"50-59 years","Walton","2416","37","231"
"60-69 years","Walton","1605","62","253"
"70-79 years","Walton","1081","119","246"
"80 & Older years","Walton","607","142","177"
"<1 years","Walton","110","0","9"
"Unknown years","Walton","17","0","0"
"01-04 years","Ware","161","0","1"
"05-09 years","Ware","238","0","0"
"10-17 years","Ware","625","0","4"
"18-29 years","Ware","1115","2","20"
"30-39 years","Ware","921","3","40"
"40-49 years","Ware","845","5","62"
"50-59 years","Ware","759","35","137"
"60-69 years","Ware","577","41","125"
"70-79 years","Ware","410","57","144"
"80 & Older years","Ware","274","76","88"
"<1 years","Ware","61","0","2"
"01-04 years","Warren","10","0","0"
"05-09 years","Warren","14","0","1"
"10-17 years","Warren","46","0","1"
"18-29 years","Warren","130","0","3"
"30-39 years","Warren","102","0","6"
"40-49 years","Warren","90","3","9"
"50-59 years","Warren","98","3","11"
"60-69 years","Warren","72","3","12"
"70-79 years","Warren","54","7","17"
"80 & Older years","Warren","26","7","9"
"<1 years","Warren","7","0","1"
"Unknown years","Warren","4","0","0"
"01-04 years","Washington","107","0","0"
"05-09 years","Washington","154","0","0"
"10-17 years","Washington","383","1","5"
"18-29 years","Washington","550","0","8"
"30-39 years","Washington","494","2","15"
"40-49 years","Washington","466","6","16"
"50-59 years","Washington","417","10","20"
"60-69 years","Washington","352","17","38"
"70-79 years","Washington","174","14","30"
"80 & Older years","Washington","90","30","16"
"<1 years","Washington","39","0","0"
"Unknown years","Washington","2","0","0"
"01-04 years","Wayne","81","0","3"
"05-09 years","Wayne","161","0","1"
"10-17 years","Wayne","521","0","4"
"18-29 years","Wayne","987","2","19"
"30-39 years","Wayne","925","7","24"
"40-49 years","Wayne","937","13","64"
"50-59 years","Wayne","829","26","70"
"60-69 years","Wayne","622","44","112"
"70-79 years","Wayne","432","46","117"
"80 & Older years","Wayne","190","43","50"
"<1 years","Wayne","42","0","2"
"01-04 years","Webster","1","0","0"
"05-09 years","Webster","10","0","0"
"10-17 years","Webster","19","0","0"
"18-29 years","Webster","47","0","3"
"30-39 years","Webster","26","0","1"
"40-49 years","Webster","42","0","2"
"50-59 years","Webster","40","3","8"
"60-69 years","Webster","39","1","6"
"70-79 years","Webster","17","3","4"
"80 & Older years","Webster","6","1","2"
"<1 years","Webster","4","0","0"
"Unknown years","Webster","1","0","0"
"01-04 years","Wheeler","9","0","0"
"05-09 years","Wheeler","11","0","1"
"10-17 years","Wheeler","51","0","0"
"18-29 years","Wheeler","164","0","0"
"30-39 years","Wheeler","184","2","2"
"40-49 years","Wheeler","171","3","4"
"50-59 years","Wheeler","152","9","12"
"60-69 years","Wheeler","85","6","10"
"70-79 years","Wheeler","57","9","13"
"80 & Older years","Wheeler","17","5","2"
"<1 years","Wheeler","7","0","0"
"Unknown years","Wheeler","25","0","1"
"01-04 years","White","67","0","1"
"05-09 years","White","166","0","1"
"10-17 years","White","577","0","2"
"18-29 years","White","968","1","16"
"30-39 years","White","771","2","12"
"40-49 years","White","867","8","36"
"50-59 years","White","977","11","72"
"60-69 years","White","834","23","99"
"70-79 years","White","641","41","126"
"80 & Older years","White","345","52","99"
"<1 years","White","30","0","2"
"Unknown years","White","18","0","0"
"01-04 years","Whitfield","510","0","3"
"05-09 years","Whitfield","933","0","4"
"10-17 years","Whitfield","2826","0","13"
"18-29 years","Whitfield","6388","3","71"
"30-39 years","Whitfield","4403","7","88"
"40-49 years","Whitfield","4157","12","118"
"50-59 years","Whitfield","3712","59","187"
"60-69 years","Whitfield","2229","78","217"
"70-79 years","Whitfield","1262","97","204"
"80 & Older years","Whitfield","663","135","163"
"<1 years","Whitfield","213","0","5"
"Unknown years","Whitfield","4","0","0"
"01-04 years","Wilcox","29","0","1"
"05-09 years","Wilcox","34","0","1"
"10-17 years","Wilcox","66","0","0"
"18-29 years","Wilcox","112","0","2"
"30-39 years","Wilcox","100","0","3"
"40-49 years","Wilcox","116","0","12"
"50-59 years","Wilcox","126","2","20"
"60-69 years","Wilcox","130","11","30"
"70-79 years","Wilcox","75","12","14"
"80 & Older years","Wilcox","31","8","10"
"<1 years","Wilcox","9","0","1"
"01-04 years","Wilkes","15","0","0"
"05-09 years","Wilkes","34","0","0"
"10-17 years","Wilkes","94","0","1"
"18-29 years","Wilkes","202","1","7"
"30-39 years","Wilkes","146","0","7"
"40-49 years","Wilkes","177","1","20"
"50-59 years","Wilkes","156","5","16"
"60-69 years","Wilkes","143","5","31"
"70-79 years","Wilkes","89","10","31"
"80 & Older years","Wilkes","57","12","23"
"<1 years","Wilkes","11","0","1"
"Unknown years","Wilkes","1","0","0"
"01-04 years","Wilkinson","30","0","0"
"05-09 years","Wilkinson","49","0","0"
"10-17 years","Wilkinson","152","0","1"
"18-29 years","Wilkinson","277","0","4"
"30-39 years","Wilkinson","240","0","15"
"40-49 years","Wilkinson","236","0","11"
"50-59 years","Wilkinson","266","7","34"
"60-69 years","Wilkinson","223","18","52"
"70-79 years","Wilkinson","102","14","26"
"80 & Older years","Wilkinson","56","9","21"
"<1 years","Wilkinson","8","0","0"
"Unknown years","Wilkinson","2","0","0"
"01-04 years","Worth","47","0","1"
"05-09 years","Worth","89","0","1"
"10-17 years","Worth","228","1","5"
"18-29 years","Worth","428","1","20"
"30-39 years","Worth","322","0","20"
"40-49 years","Worth","320","4","27"
"50-59 years","Worth","309","9","41"
"60-69 years","Worth","298","25","71"
"70-79 years","Worth","169","24","51"
"80 & Older years","Worth","104","27","36"
"<1 years","Worth","17","0","0"
"Unknown years","Worth","10","0","0"
