"sex","county name","cases","deaths","hospitalization"
"Female","Georgia","286566","4628","20691"
"Male","Georgia","246077","5077","19781"
"Unknown","Georgia","8115","5","176"
"Female","Appling","750","15","62"
"Male","Appling","642","27","60"
"Unknown","Appling","11","0","0"
"Female","Atkinson","335","5","47"
"Male","Atkinson","277","4","43"
"Unknown","Atkinson","1","0","0"
"Female","Bacon","407","9","27"
"Male","Bacon","367","12","31"
"Unknown","Bacon","7","0","1"
"Female","Baker","66","2","8"
"Male","Baker","61","4","16"
"Female","Baldwin","1565","17","90"
"Male","Baldwin","1243","55","122"
"Unknown","Baldwin","18","0","1"
"Female","Banks","598","9","72"
"Male","Banks","483","9","56"
"Unknown","Banks","10","0","0"
"Female","Barrow","2459","39","205"
"Male","Barrow","2039","26","165"
"Unknown","Barrow","27","0","1"
"Female","Bartow","3248","49","214"
"Male","Bartow","2847","62","227"
"Unknown","Bartow","67","0","1"
"Female","Ben Hill","704","13","64"
"Male","Ben Hill","467","23","55"
"Unknown","Ben Hill","3","0","0"
"Female","Berrien","423","11","24"
"Male","Berrien","333","9","16"
"Unknown","Berrien","7","0","0"
"Female","Bibb","5132","128","602"
"Male","Bibb","3789","108","507"
"Unknown","Bibb","77","0","2"
"Female","Bleckley","371","18","21"
"Male","Bleckley","250","12","19"
"Unknown","Bleckley","5","0","0"
"Female","Brantley","346","8","29"
"Male","Brantley","292","10","24"
"Unknown","Brantley","3","0","0"
"Female","Brooks","419","6","33"
"Male","Brooks","317","20","30"
"Unknown","Brooks","15","0","0"
"Female","Bryan","910","8","52"
"Male","Bryan","782","9","67"
"Unknown","Bryan","14","0","0"
"Female","Bulloch","2056","22","90"
"Male","Bulloch","1534","14","72"
"Unknown","Bulloch","43","0","0"
"Female","Burke","619","9","54"
"Male","Burke","514","6","53"
"Unknown","Burke","7","0","1"
"Female","Butts","596","23","32"
"Male","Butts","570","24","44"
"Unknown","Butts","41","0","2"
"Female","Calhoun","149","8","26"
"Male","Calhoun","157","3","30"
"Unknown","Calhoun","2","0","0"
"Female","Camden","1121","8","53"
"Male","Camden","1011","11","40"
"Unknown","Camden","10","0","0"
"Female","Candler","330","11","25"
"Male","Candler","270","17","25"
"Unknown","Candler","2","0","0"
"Female","Carroll","2702","47","123"
"Male","Carroll","2365","48","128"
"Unknown","Carroll","34","0","1"
"Female","Catoosa","1669","20","88"
"Male","Catoosa","1351","16","66"
"Unknown","Catoosa","57","0","0"
"Female","Charlton","319","4","23"
"Male","Charlton","493","8","22"
"Unknown","Charlton","6","0","0"
"Female","Chatham","6784","106","515"
"Male","Chatham","5530","120","488"
"Unknown","Chatham","127","0","3"
"Female","Chattahoochee","166","1","7"
"Male","Chattahoochee","1969","0","11"
"Unknown","Chattahoochee","6","0","0"
"Female","Chattooga","797","20","41"
"Male","Chattooga","662","23","59"
"Unknown","Chattooga","9","0","0"
"Female","Cherokee","6285","61","370"
"Male","Cherokee","5628","64","398"
"Unknown","Cherokee","94","0","3"
"Female","Clarke","4573","26","155"
"Male","Clarke","3561","36","155"
"Unknown","Clarke","48","0","2"
"Female","Clay","86","1","3"
"Male","Clay","55","2","6"
"Unknown","Clay","3","0","0"
"Female","Clayton","7109","111","467"
"Male","Clayton","5425","106","403"
"Unknown","Clayton","103","0","1"
"Female","Clinch","270","2","18"
"Male","Clinch","256","12","25"
"Unknown","Clinch","4","0","0"
"Female","Cobb","18529","260","1165"
"Male","Cobb","16165","285","1157"
"Unknown","Cobb","255","0","6"
"Female","Coffee","1758","36","261"
"Male","Coffee","1516","41","208"
"Unknown","Coffee","25","0","0"
"Female","Colquitt","1274","17","99"
"Male","Colquitt","1192","27","84"
"Unknown","Colquitt","22","0","0"
"Female","Columbia","3670","39","132"
"Male","Columbia","3236","45","138"
"Unknown","Columbia","27","0","2"
"Female","Cook","534","8","44"
"Male","Cook","402","13","40"
"Unknown","Cook","27","2","2"
"Female","Coweta","2544","33","102"
"Male","Coweta","2363","44","103"
"Unknown","Coweta","24","0","0"
"Female","Crawford","183","5","27"
"Male","Crawford","148","2","11"
"Unknown","Crawford","5","0","1"
"Female","Crisp","522","9","67"
"Male","Crisp","403","18","47"
"Unknown","Crisp","6","0","0"
"Female","Dade","362","6","21"
"Male","Dade","307","1","17"
"Unknown","Dade","11","0","0"
"Female","Dawson","834","5","68"
"Male","Dawson","729","9","73"
"Unknown","Dawson","10","0","0"
"Female","DeKalb","17995","218","1553"
"Male","DeKalb","15238","269","1427"
"Unknown","DeKalb","425","0","11"
"Female","Decatur","873","23","63"
"Male","Decatur","693","20","53"
"Unknown","Decatur","12","0","0"
"Female","Dodge","436","24","42"
"Male","Dodge","350","20","41"
"Unknown","Dodge","26","0","0"
"Female","Dooly","283","10","32"
"Male","Dooly","232","11","31"
"Unknown","Dooly","4","0","0"
"Female","Dougherty","2352","114","440"
"Male","Dougherty","1526","89","305"
"Unknown","Dougherty","23","0","0"
"Female","Douglas","3592","45","315"
"Male","Douglas","2908","52","261"
"Unknown","Douglas","38","0","1"
"Female","Early","433","23","37"
"Male","Early","253","16","21"
"Unknown","Early","4","0","0"
"Female","Echols","108","0","2"
"Male","Echols","197","2","8"
"Unknown","Echols","4","0","0"
"Female","Effingham","1234","16","77"
"Male","Effingham","1120","18","78"
"Unknown","Effingham","16","0","0"
"Female","Elbert","668","12","61"
"Male","Elbert","444","12","29"
"Unknown","Elbert","5","0","0"
"Female","Emanuel","808","27","62"
"Male","Emanuel","570","18","39"
"Unknown","Emanuel","6","0","0"
"Female","Evans","323","3","43"
"Male","Evans","237","5","14"
"Unknown","Evans","19","0","0"
"Female","Fannin","667","17","48"
"Male","Fannin","556","18","54"
"Unknown","Fannin","9","0","0"
"Female","Fayette","1896","29","78"
"Male","Fayette","1650","38","93"
"Unknown","Fayette","22","1","0"
"Female","Floyd","3449","46","232"
"Male","Floyd","2939","60","270"
"Unknown","Floyd","47","0","5"
"Female","Forsyth","4444","29","239"
"Male","Forsyth","4182","49","336"
"Unknown","Forsyth","131","0","1"
"Female","Franklin","915","6","58"
"Male","Franklin","655","15","46"
"Unknown","Franklin","10","0","0"
"Female","Fulton","25360","344","1624"
"Male","Fulton","22955","387","1615"
"Unknown","Fulton","504","0","5"
"Female","Gilmer","831","13","72"
"Male","Gilmer","652","18","61"
"Unknown","Gilmer","56","0","1"
"Female","Glascock","40","2","5"
"Male","Glascock","41","1","5"
"Unknown","Glascock","3","0","0"
"Female","Glynn","2477","56","197"
"Male","Glynn","2149","66","180"
"Unknown","Glynn","24","0","2"
"Female","Gordon","2063","24","99"
"Male","Gordon","1804","33","100"
"Unknown","Gordon","55","0","1"
"Female","Grady","567","10","59"
"Male","Grady","450","17","62"
"Unknown","Grady","17","0","0"
"Female","Greene","487","14","42"
"Male","Greene","393","12","33"
"Unknown","Greene","2","0","0"
"Female","Gwinnett","25493","264","1902"
"Male","Gwinnett","22346","290","1735"
"Unknown","Gwinnett","774","0","9"
"Female","Habersham","1825","53","162"
"Male","Habersham","1472","33","176"
"Unknown","Habersham","36","0","0"
"Female","Hall","8734","101","744"
"Male","Hall","7678","112","813"
"Unknown","Hall","264","0","2"
"Female","Hancock","292","19","36"
"Male","Hancock","276","27","39"
"Unknown","Hancock","3","0","0"
"Female","Haralson","604","8","30"
"Male","Haralson","561","15","21"
"Unknown","Haralson","18","0","0"
"Female","Harris","627","16","50"
"Male","Harris","546","13","53"
"Unknown","Harris","25","0","0"
"Female","Hart","610","10","48"
"Male","Hart","459","10","46"
"Unknown","Hart","8","0","0"
"Female","Heard","222","8","10"
"Male","Heard","187","2","14"
"Female","Henry","5831","66","208"
"Male","Henry","4549","79","167"
"Unknown","Henry","47","0","0"
"Female","Houston","3144","44","249"
"Male","Houston","2541","68","227"
"Unknown","Houston","47","0","2"
"Female","Irwin","286","7","29"
"Male","Irwin","251","4","30"
"Unknown","Irwin","2","0","0"
"Female","Jackson","2588","31","132"
"Male","Jackson","2154","30","166"
"Unknown","Jackson","27","0","0"
"Female","Jasper","213","2","8"
"Male","Jasper","173","3","19"
"Female","Jeff Davis","490","13","33"
"Male","Jeff Davis","437","18","48"
"Unknown","Jeff Davis","4","0","0"
"Female","Jefferson","660","22","65"
"Male","Jefferson","442","17","47"
"Unknown","Jefferson","8","0","1"
"Female","Jenkins","306","15","32"
"Male","Jenkins","206","19","40"
"Female","Johnson","285","14","37"
"Male","Johnson","244","16","35"
"Female","Jones","579","10","41"
"Male","Jones","391","13","29"
"Unknown","Jones","1","0","0"
"Female","Lamar","415","13","28"
"Male","Lamar","332","13","33"
"Unknown","Lamar","3","0","0"
"Female","Lanier","158","2","4"
"Male","Lanier","224","5","15"
"Unknown","Lanier","4","0","0"
"Female","Laurens","1512","45","109"
"Male","Laurens","1086","67","126"
"Unknown","Laurens","29","1","1"
"Female","Lee","560","17","57"
"Male","Lee","451","15","60"
"Unknown","Lee","4","0","0"
"Female","Liberty","960","11","70"
"Male","Liberty","781","19","72"
"Unknown","Liberty","21","0","0"
"Female","Lincoln","185","5","22"
"Male","Lincoln","136","4","15"
"Unknown","Lincoln","1","0","0"
"Female","Long","217","1","14"
"Male","Long","202","4","13"
"Unknown","Long","1","0","0"
"Female","Lowndes","3279","52","143"
"Male","Lowndes","2621","47","115"
"Unknown","Lowndes","59","0","2"
"Female","Lumpkin","953","12","90"
"Male","Lumpkin","802","8","76"
"Unknown","Lumpkin","15","0","0"
"Female","Macon","187","4","25"
"Male","Macon","162","11","33"
"Unknown","Macon","1","0","1"
"Female","Madison","805","6","44"
"Male","Madison","688","10","46"
"Unknown","Madison","8","0","0"
"Female","Marion","146","6","13"
"Male","Marion","100","4","13"
"Unknown","Marion","3","0","0"
"Female","McDuffie","540","12","57"
"Male","McDuffie","404","10","47"
"Unknown","McDuffie","8","0","0"
"Female","McIntosh","239","7","20"
"Male","McIntosh","193","1","21"
"Unknown","McIntosh","7","0","0"
"Female","Meriwether","488","14","53"
"Male","Meriwether","308","6","39"
"Unknown","Meriwether","5","0","0"
"Female","Miller","249","1","13"
"Male","Miller","175","1","12"
"Unknown","Miller","4","0","0"
"Female","Mitchell","567","22","87"
"Male","Mitchell","515","27","86"
"Unknown","Mitchell","2","0","0"
"Female","Monroe","643","32","60"
"Male","Monroe","547","28","57"
"Unknown","Monroe","12","0","0"
"Female","Montgomery","267","5","16"
"Male","Montgomery","221","4","13"
"Unknown","Montgomery","2","0","0"
"Female","Morgan","411","2","24"
"Male","Morgan","329","6","26"
"Unknown","Morgan","7","0","0"
"Female","Murray","1306","17","67"
"Male","Murray","1123","23","73"
"Unknown","Murray","46","0","6"
"Female","Muscogee","4673","107","425"
"Male","Muscogee","3627","94","363"
"Unknown","Muscogee","145","1","0"
"Female","Newton","2498","62","217"
"Male","Newton","1868","57","184"
"Unknown","Newton","65","0","2"
"Female","Non-GA Resident/Unknown State","8836","115","360"
"Male","Non-GA Resident/Unknown State","10171","136","467"
"Unknown","Non-GA Resident/Unknown State","2177","0","39"
"Female","Oconee","808","19","49"
"Male","Oconee","728","20","42"
"Unknown","Oconee","6","0","0"
"Female","Oglethorpe","393","2","24"
"Male","Oglethorpe","293","11","28"
"Unknown","Oglethorpe","2","0","0"
"Female","Paulding","3009","46","104"
"Male","Paulding","2476","54","93"
"Unknown","Paulding","92","0","7"
"Female","Peach","668","17","81"
"Male","Peach","468","12","50"
"Unknown","Peach","5","0","0"
"Female","Pickens","764","6","50"
"Male","Pickens","630","9","49"
"Unknown","Pickens","22","0","0"
"Female","Pierce","478","14","48"
"Male","Pierce","375","13","49"
"Unknown","Pierce","5","0","0"
"Female","Pike","324","5","31"
"Male","Pike","271","9","14"
"Unknown","Pike","7","0","1"
"Female","Polk","1288","21","110"
"Male","Polk","1113","21","101"
"Unknown","Polk","20","0","2"
"Female","Pulaski","284","14","24"
"Male","Pulaski","139","11","18"
"Unknown","Pulaski","2","0","0"
"Female","Putnam","584","13","42"
"Male","Putnam","528","18","49"
"Unknown","Putnam","4","0","0"
"Female","Quitman","34","0","4"
"Male","Quitman","15","1","3"
"Female","Rabun","502","8","57"
"Male","Rabun","455","9","42"
"Unknown","Rabun","6","0","0"
"Female","Randolph","211","20","36"
"Male","Randolph","144","10","27"
"Female","Richmond","6587","83","403"
"Male","Richmond","5500","135","436"
"Unknown","Richmond","83","0","12"
"Female","Rockdale","1878","35","253"
"Male","Rockdale","1492","34","205"
"Unknown","Rockdale","53","0","3"
"Female","Schley","81","0","9"
"Male","Schley","72","2","9"
"Female","Screven","294","8","29"
"Male","Screven","216","3","22"
"Unknown","Screven","4","0","0"
"Female","Seminole","314","7","28"
"Male","Seminole","235","5","17"
"Unknown","Seminole","3","0","0"
"Female","Spalding","1423","51","182"
"Male","Spalding","1043","35","102"
"Unknown","Spalding","11","0","5"
"Female","Stephens","1162","27","92"
"Male","Stephens","904","21","88"
"Unknown","Stephens","14","0","0"
"Female","Stewart","128","7","19"
"Male","Stewart","473","10","95"
"Unknown","Stewart","2","0","0"
"Female","Sumter","740","26","114"
"Male","Sumter","532","44","106"
"Unknown","Sumter","3","0","1"
"Female","Talbot","141","4","17"
"Male","Talbot","88","5","14"
"Unknown","Talbot","5","0","0"
"Female","Taliaferro","28","0","1"
"Male","Taliaferro","16","0","1"
"Female","Tattnall","597","13","43"
"Male","Tattnall","606","9","42"
"Unknown","Tattnall","14","0","0"
"Female","Taylor","189","8","24"
"Male","Taylor","143","5","17"
"Unknown","Taylor","1","0","1"
"Female","Telfair","270","16","25"
"Male","Telfair","274","16","31"
"Unknown","Telfair","20","0","0"
"Female","Terrell","255","16","45"
"Male","Terrell","171","18","42"
"Unknown","Terrell","14","0","0"
"Female","Thomas","1286","43","112"
"Male","Thomas","941","35","100"
"Unknown","Thomas","6","0","0"
"Female","Tift","1556","31","193"
"Male","Tift","1213","39","123"
"Unknown","Tift","50","0","2"
"Female","Toombs","1111","37","63"
"Male","Toombs","882","24","73"
"Unknown","Toombs","10","0","0"
"Female","Towns","403","14","51"
"Male","Towns","294","11","39"
"Unknown","Towns","3","0","0"
"Female","Treutlen","234","6","18"
"Male","Treutlen","148","8","18"
"Unknown","Treutlen","2","0","0"
"Female","Troup","2189","72","211"
"Male","Troup","1654","49","183"
"Unknown","Troup","70","0","1"
"Female","Turner","266","9","29"
"Male","Turner","179","15","32"
"Unknown","Turner","4","0","0"
"Female","Twiggs","178","4","28"
"Male","Twiggs","153","11","37"
"Unknown","Twiggs","3","0","0"
"Female","Union","766","25","55"
"Male","Union","538","16","71"
"Unknown","Union","11","0","1"
"Female","Unknown","1036","0","13"
"Male","Unknown","1218","3","20"
"Unknown","Unknown","627","0","9"
"Female","Upson","622","43","66"
"Male","Upson","480","29","48"
"Unknown","Upson","6","0","0"
"Female","Walker","1909","27","73"
"Male","Walker","1637","27","87"
"Unknown","Walker","32","0","0"
"Female","Walton","2357","41","148"
"Male","Walton","1798","43","161"
"Unknown","Walton","45","0","1"
"Female","Ware","1120","33","107"
"Male","Ware","968","39","126"
"Unknown","Ware","22","0","1"
"Female","Warren","125","2","22"
"Male","Warren","87","4","8"
"Female","Washington","627","12","42"
"Male","Washington","493","15","33"
"Unknown","Washington","8","0","0"
"Female","Wayne","823","23","82"
"Male","Wayne","903","22","83"
"Unknown","Wayne","9","0","0"
"Female","Webster","38","1","6"
"Male","Webster","23","1","4"
"Female","Wheeler","115","0","2"
"Male","Wheeler","250","18","25"
"Unknown","Wheeler","17","0","0"
"Female","White","1024","16","82"
"Male","White","864","18","101"
"Unknown","White","13","0","0"
"Female","Whitfield","5418","48","240"
"Male","Whitfield","4812","64","241"
"Unknown","Whitfield","142","0","7"
"Female","Wilcox","156","10","22"
"Male","Wilcox","205","15","40"
"Unknown","Wilcox","2","0","0"
"Female","Wilkes","240","3","24"
"Male","Wilkes","209","5","28"
"Unknown","Wilkes","1","0","0"
"Female","Wilkinson","281","10","42"
"Male","Wilkinson","221","8","46"
"Unknown","Wilkinson","1","0","0"
"Female","Worth","494","19","76"
"Male","Worth","333","18","49"
"Unknown","Worth","5","0","0"
