"age group","county name","cases","deaths","hospitalization"
"01-04 years","Georgia","22553","2","365"
"05-09 years","Georgia","42351","4","293"
"10-17 years","Georgia","119018","14","1118"
"18-29 years","Georgia","269627","192","5420"
"30-39 years","Georgia","204304","468","7198"
"40-49 years","Georgia","189547","1116","10140"
"50-59 years","Georgia","172375","2664","14840"
"60-69 years","Georgia","115568","4915","16853"
"70-79 years","Georgia","65532","6457","15364"
"80 & Older years","Georgia","36241","7740","11365"
"<1 years","Georgia","6173","0","331"
"Unknown years","Georgia","4342","3","160"
"01-04 years","Appling","56","0","0"
"05-09 years","Appling","90","0","0"
"10-17 years","Appling","323","0","3"
"18-29 years","Appling","485","1","7"
"30-39 years","Appling","356","2","10"
"40-49 years","Appling","368","6","26"
"50-59 years","Appling","391","11","39"
"60-69 years","Appling","328","18","66"
"70-79 years","Appling","219","24","43"
"80 & Older years","Appling","110","25","41"
"<1 years","Appling","8","0","0"
"Unknown years","Appling","3","0","0"
"01-04 years","Atkinson","20","0","1"
"05-09 years","Atkinson","46","0","1"
"10-17 years","Atkinson","112","0","1"
"18-29 years","Atkinson","245","0","14"
"30-39 years","Atkinson","177","0","14"
"40-49 years","Atkinson","187","4","34"
"50-59 years","Atkinson","178","4","34"
"60-69 years","Atkinson","112","7","35"
"70-79 years","Atkinson","59","7","23"
"80 & Older years","Atkinson","19","6","13"
"<1 years","Atkinson","3","0","0"
"01-04 years","Bacon","38","0","0"
"05-09 years","Bacon","55","0","0"
"10-17 years","Bacon","155","0","1"
"18-29 years","Bacon","499","0","8"
"30-39 years","Bacon","262","1","9"
"40-49 years","Bacon","259","4","19"
"50-59 years","Bacon","204","3","20"
"60-69 years","Bacon","188","16","42"
"70-79 years","Bacon","115","10","31"
"80 & Older years","Bacon","49","12","16"
"<1 years","Bacon","10","0","0"
"Unknown years","Bacon","5","0","0"
"01-04 years","Baker","10","0","0"
"05-09 years","Baker","11","0","0"
"10-17 years","Baker","13","0","0"
"18-29 years","Baker","43","0","0"
"30-39 years","Baker","27","0","4"
"40-49 years","Baker","27","3","3"
"50-59 years","Baker","34","0","3"
"60-69 years","Baker","39","3","16"
"70-79 years","Baker","20","3","11"
"80 & Older years","Baker","14","4","6"
"<1 years","Baker","2","0","0"
"01-04 years","Baldwin","65","0","0"
"05-09 years","Baldwin","135","0","0"
"10-17 years","Baldwin","395","1","6"
"18-29 years","Baldwin","1570","0","17"
"30-39 years","Baldwin","679","2","20"
"40-49 years","Baldwin","671","4","39"
"50-59 years","Baldwin","647","17","70"
"60-69 years","Baldwin","510","35","85"
"70-79 years","Baldwin","307","38","69"
"80 & Older years","Baldwin","193","59","71"
"<1 years","Baldwin","25","0","1"
"Unknown years","Baldwin","1","0","0"
"01-04 years","Banks","23","0","1"
"05-09 years","Banks","60","0","1"
"10-17 years","Banks","189","0","5"
"18-29 years","Banks","446","0","18"
"30-39 years","Banks","330","0","13"
"40-49 years","Banks","339","4","24"
"50-59 years","Banks","349","3","36"
"60-69 years","Banks","294","14","63"
"70-79 years","Banks","203","21","72"
"80 & Older years","Banks","99","14","34"
"<1 years","Banks","13","0","2"
"Unknown years","Banks","23","0","1"
"01-04 years","Barrow","197","0","2"
"05-09 years","Barrow","402","0","0"
"10-17 years","Barrow","1293","1","12"
"18-29 years","Barrow","2489","2","53"
"30-39 years","Barrow","2204","2","72"
"40-49 years","Barrow","2180","9","109"
"50-59 years","Barrow","1784","17","151"
"60-69 years","Barrow","1208","46","190"
"70-79 years","Barrow","670","49","128"
"80 & Older years","Barrow","300","55","106"
"<1 years","Barrow","58","0","4"
"Unknown years","Barrow","17","0","2"
"01-04 years","Bartow","237","0","7"
"05-09 years","Bartow","410","0","2"
"10-17 years","Bartow","1455","0","16"
"18-29 years","Bartow","2864","0","35"
"30-39 years","Bartow","2367","6","59"
"40-49 years","Bartow","2370","8","105"
"50-59 years","Bartow","2414","29","198"
"60-69 years","Bartow","1504","68","196"
"70-79 years","Bartow","1000","99","227"
"80 & Older years","Bartow","476","88","140"
"<1 years","Bartow","81","0","6"
"Unknown years","Bartow","73","0","6"
"01-04 years","Ben Hill","36","0","1"
"05-09 years","Ben Hill","31","0","0"
"10-17 years","Ben Hill","149","0","0"
"18-29 years","Ben Hill","351","0","4"
"30-39 years","Ben Hill","265","3","12"
"40-49 years","Ben Hill","256","2","13"
"50-59 years","Ben Hill","275","8","34"
"60-69 years","Ben Hill","235","16","35"
"70-79 years","Ben Hill","159","20","56"
"80 & Older years","Ben Hill","76","19","19"
"<1 years","Ben Hill","9","0","2"
"Unknown years","Ben Hill","1","0","0"
"01-04 years","Berrien","37","0","0"
"05-09 years","Berrien","43","0","0"
"10-17 years","Berrien","146","0","1"
"18-29 years","Berrien","280","0","0"
"30-39 years","Berrien","246","0","3"
"40-49 years","Berrien","193","0","5"
"50-59 years","Berrien","214","5","18"
"60-69 years","Berrien","171","10","24"
"70-79 years","Berrien","119","16","20"
"80 & Older years","Berrien","63","13","16"
"<1 years","Berrien","9","0","0"
"Unknown years","Berrien","1","0","0"
"01-04 years","Bibb","302","0","7"
"05-09 years","Bibb","528","0","0"
"10-17 years","Bibb","1556","0","13"
"18-29 years","Bibb","4486","4","115"
"30-39 years","Bibb","3296","8","162"
"40-49 years","Bibb","3021","28","268"
"50-59 years","Bibb","2734","50","362"
"60-69 years","Bibb","2107","119","511"
"70-79 years","Bibb","1189","155","428"
"80 & Older years","Bibb","713","178","347"
"<1 years","Bibb","83","0","6"
"Unknown years","Bibb","7","0","0"
"01-04 years","Bleckley","17","0","0"
"05-09 years","Bleckley","38","0","0"
"10-17 years","Bleckley","116","0","0"
"18-29 years","Bleckley","249","0","4"
"30-39 years","Bleckley","145","1","5"
"40-49 years","Bleckley","139","1","2"
"50-59 years","Bleckley","143","2","8"
"60-69 years","Bleckley","106","8","14"
"70-79 years","Bleckley","74","5","14"
"80 & Older years","Bleckley","62","18","13"
"<1 years","Bleckley","3","0","0"
"01-04 years","Brantley","34","0","0"
"05-09 years","Brantley","62","0","0"
"10-17 years","Brantley","203","0","1"
"18-29 years","Brantley","341","0","4"
"30-39 years","Brantley","268","1","7"
"40-49 years","Brantley","258","3","20"
"50-59 years","Brantley","295","17","32"
"60-69 years","Brantley","206","13","30"
"70-79 years","Brantley","140","21","41"
"80 & Older years","Brantley","59","13","15"
"<1 years","Brantley","3","0","0"
"Unknown years","Brantley","5","0","0"
"01-04 years","Brooks","25","0","1"
"05-09 years","Brooks","48","0","0"
"10-17 years","Brooks","121","0","0"
"18-29 years","Brooks","258","0","4"
"30-39 years","Brooks","194","1","6"
"40-49 years","Brooks","184","2","14"
"50-59 years","Brooks","216","4","26"
"60-69 years","Brooks","138","11","25"
"70-79 years","Brooks","114","14","24"
"80 & Older years","Brooks","73","18","19"
"<1 years","Brooks","11","0","0"
"01-04 years","Bryan","116","0","0"
"05-09 years","Bryan","223","0","2"
"10-17 years","Bryan","590","0","4"
"18-29 years","Bryan","833","0","19"
"30-39 years","Bryan","778","3","25"
"40-49 years","Bryan","785","5","40"
"50-59 years","Bryan","531","6","49"
"60-69 years","Bryan","364","18","51"
"70-79 years","Bryan","216","16","76"
"80 & Older years","Bryan","78","9","31"
"<1 years","Bryan","35","0","1"
"Unknown years","Bryan","21","0","0"
"01-04 years","Bulloch","150","0","1"
"05-09 years","Bulloch","303","0","2"
"10-17 years","Bulloch","869","0","4"
"18-29 years","Bulloch","2949","1","12"
"30-39 years","Bulloch","1047","4","26"
"40-49 years","Bulloch","854","6","27"
"50-59 years","Bulloch","737","15","49"
"60-69 years","Bulloch","526","24","65"
"70-79 years","Bulloch","256","23","55"
"80 & Older years","Bulloch","123","19","41"
"<1 years","Bulloch","56","0","2"
"Unknown years","Bulloch","6","0","0"
"01-04 years","Burke","33","0","0"
"05-09 years","Burke","73","0","0"
"10-17 years","Burke","198","0","1"
"18-29 years","Burke","449","2","10"
"30-39 years","Burke","365","1","15"
"40-49 years","Burke","371","3","22"
"50-59 years","Burke","339","6","39"
"60-69 years","Burke","257","7","46"
"70-79 years","Burke","136","15","39"
"80 & Older years","Burke","47","12","18"
"<1 years","Burke","10","0","0"
"Unknown years","Burke","4","0","0"
"01-04 years","Butts","49","0","3"
"05-09 years","Butts","75","0","0"
"10-17 years","Butts","254","0","5"
"18-29 years","Butts","624","0","8"
"30-39 years","Butts","560","0","9"
"40-49 years","Butts","495","4","21"
"50-59 years","Butts","515","12","38"
"60-69 years","Butts","343","18","44"
"70-79 years","Butts","247","29","38"
"80 & Older years","Butts","140","36","10"
"<1 years","Butts","16","0","2"
"Unknown years","Butts","3","0","0"
"01-04 years","Calhoun","12","0","0"
"05-09 years","Calhoun","11","0","0"
"10-17 years","Calhoun","63","0","1"
"18-29 years","Calhoun","94","0","6"
"30-39 years","Calhoun","82","3","7"
"40-49 years","Calhoun","96","1","11"
"50-59 years","Calhoun","101","4","20"
"60-69 years","Calhoun","87","3","23"
"70-79 years","Calhoun","34","7","11"
"80 & Older years","Calhoun","22","2","10"
"<1 years","Calhoun","5","0","0"
"Unknown years","Calhoun","1","0","0"
"01-04 years","Camden","134","0","0"
"05-09 years","Camden","235","0","2"
"10-17 years","Camden","607","0","1"
"18-29 years","Camden","1294","0","10"
"30-39 years","Camden","1036","2","25"
"40-49 years","Camden","744","9","29"
"50-59 years","Camden","787","10","36"
"60-69 years","Camden","537","22","49"
"70-79 years","Camden","303","11","31"
"80 & Older years","Camden","128","22","28"
"<1 years","Camden","20","0","2"
"Unknown years","Camden","61","0","0"
"01-04 years","Candler","13","0","0"
"05-09 years","Candler","40","0","0"
"10-17 years","Candler","102","0","0"
"18-29 years","Candler","187","0","1"
"30-39 years","Candler","151","0","5"
"40-49 years","Candler","165","4","3"
"50-59 years","Candler","184","11","18"
"60-69 years","Candler","129","9","18"
"70-79 years","Candler","92","15","20"
"80 & Older years","Candler","35","8","15"
"<1 years","Candler","6","0","0"
"01-04 years","Carroll","168","0","1"
"05-09 years","Carroll","290","0","3"
"10-17 years","Carroll","1004","0","6"
"18-29 years","Carroll","2246","0","15"
"30-39 years","Carroll","1515","4","23"
"40-49 years","Carroll","1433","9","45"
"50-59 years","Carroll","1360","13","65"
"60-69 years","Carroll","967","30","96"
"70-79 years","Carroll","542","37","76"
"80 & Older years","Carroll","311","55","49"
"<1 years","Carroll","38","0","2"
"Unknown years","Carroll","14","0","1"
"01-04 years","Catoosa","156","0","0"
"05-09 years","Catoosa","285","0","1"
"10-17 years","Catoosa","857","0","2"
"18-29 years","Catoosa","1519","1","9"
"30-39 years","Catoosa","1207","2","14"
"40-49 years","Catoosa","1279","2","22"
"50-59 years","Catoosa","1148","9","45"
"60-69 years","Catoosa","787","9","66"
"70-79 years","Catoosa","467","22","69"
"80 & Older years","Catoosa","323","39","57"
"<1 years","Catoosa","58","0","1"
"Unknown years","Catoosa","88","0","4"
"01-04 years","Charlton","20","0","0"
"05-09 years","Charlton","44","0","0"
"10-17 years","Charlton","98","0","0"
"18-29 years","Charlton","402","1","2"
"30-39 years","Charlton","337","2","6"
"40-49 years","Charlton","273","3","13"
"50-59 years","Charlton","202","3","13"
"60-69 years","Charlton","198","11","27"
"70-79 years","Charlton","88","10","21"
"80 & Older years","Charlton","40","10","17"
"<1 years","Charlton","7","0","0"
"Unknown years","Charlton","2","0","0"
"01-04 years","Chatham","975","0","8"
"05-09 years","Chatham","1481","1","4"
"10-17 years","Chatham","3154","0","28"
"18-29 years","Chatham","7684","6","135"
"30-39 years","Chatham","5746","20","224"
"40-49 years","Chatham","4366","35","283"
"50-59 years","Chatham","3679","65","400"
"60-69 years","Chatham","2862","125","527"
"70-79 years","Chatham","1520","156","486"
"80 & Older years","Chatham","904","198","400"
"<1 years","Chatham","246","0","11"
"Unknown years","Chatham","54","0","2"
"01-04 years","Chattahoochee","9","0","0"
"05-09 years","Chattahoochee","21","0","0"
"10-17 years","Chattahoochee","162","0","2"
"18-29 years","Chattahoochee","4182","7","7"
"30-39 years","Chattahoochee","394","2","5"
"40-49 years","Chattahoochee","68","0","0"
"50-59 years","Chattahoochee","45","0","10"
"60-69 years","Chattahoochee","22","0","5"
"70-79 years","Chattahoochee","15","1","5"
"80 & Older years","Chattahoochee","9","3","5"
"<1 years","Chattahoochee","8","0","0"
"Unknown years","Chattahoochee","1","0","0"
"01-04 years","Chattooga","58","0","0"
"05-09 years","Chattooga","109","0","1"
"10-17 years","Chattooga","408","0","3"
"18-29 years","Chattooga","631","0","7"
"30-39 years","Chattooga","526","1","10"
"40-49 years","Chattooga","550","4","26"
"50-59 years","Chattooga","514","8","37"
"60-69 years","Chattooga","398","20","53"
"70-79 years","Chattooga","244","24","67"
"80 & Older years","Chattooga","143","29","37"
"<1 years","Chattooga","26","0","3"
"Unknown years","Chattooga","12","0","1"
"01-04 years","Cherokee","443","0","9"
"05-09 years","Cherokee","1131","0","9"
"10-17 years","Cherokee","3650","0","21"
"18-29 years","Cherokee","5740","1","108"
"30-39 years","Cherokee","4421","5","164"
"40-49 years","Cherokee","4942","10","201"
"50-59 years","Cherokee","4675","35","330"
"60-69 years","Cherokee","2820","68","356"
"70-79 years","Cherokee","1747","111","344"
"80 & Older years","Cherokee","990","176","301"
"<1 years","Cherokee","114","0","4"
"Unknown years","Cherokee","27","0","0"
"01-04 years","Clarke","294","0","3"
"05-09 years","Clarke","496","0","5"
"10-17 years","Clarke","1112","0","15"
"18-29 years","Clarke","7710","0","77"
"30-39 years","Clarke","2263","3","66"
"40-49 years","Clarke","1793","4","87"
"50-59 years","Clarke","1522","15","116"
"60-69 years","Clarke","997","29","133"
"70-79 years","Clarke","592","56","139"
"80 & Older years","Clarke","300","57","91"
"<1 years","Clarke","92","0","4"
"Unknown years","Clarke","19","0","0"
"01-04 years","Clay","3","0","0"
"05-09 years","Clay","5","0","0"
"10-17 years","Clay","23","0","0"
"18-29 years","Clay","37","0","0"
"30-39 years","Clay","39","0","1"
"40-49 years","Clay","40","0","2"
"50-59 years","Clay","22","1","3"
"60-69 years","Clay","27","1","2"
"70-79 years","Clay","21","0","0"
"80 & Older years","Clay","13","2","4"
"Unknown years","Clay","2","0","0"
"01-04 years","Clayton","824","0","16"
"05-09 years","Clayton","1412","1","13"
"10-17 years","Clayton","3378","1","56"
"18-29 years","Clayton","7080","8","171"
"30-39 years","Clayton","6461","28","269"
"40-49 years","Clayton","5481","41","299"
"50-59 years","Clayton","4839","96","421"
"60-69 years","Clayton","3012","168","374"
"70-79 years","Clayton","1253","158","260"
"80 & Older years","Clayton","578","146","151"
"<1 years","Clayton","173","0","9"
"Unknown years","Clayton","55","0","6"
"01-04 years","Clinch","22","0","0"
"05-09 years","Clinch","38","0","0"
"10-17 years","Clinch","100","0","0"
"18-29 years","Clinch","185","0","2"
"30-39 years","Clinch","149","1","5"
"40-49 years","Clinch","135","0","3"
"50-59 years","Clinch","136","3","18"
"60-69 years","Clinch","137","11","22"
"70-79 years","Clinch","67","10","22"
"80 & Older years","Clinch","22","8","10"
"<1 years","Clinch","5","0","0"
"01-04 years","Cobb","1394","1","21"
"05-09 years","Cobb","3118","0","23"
"10-17 years","Cobb","7929","0","64"
"18-29 years","Cobb","19574","8","286"
"30-39 years","Cobb","13965","27","340"
"40-49 years","Cobb","13026","52","529"
"50-59 years","Cobb","11259","114","709"
"60-69 years","Cobb","6833","206","703"
"70-79 years","Cobb","3706","346","668"
"80 & Older years","Cobb","2146","476","600"
"<1 years","Cobb","341","0","22"
"Unknown years","Cobb","109","1","3"
"01-04 years","Coffee","142","0","2"
"05-09 years","Coffee","222","0","3"
"10-17 years","Coffee","549","0","6"
"18-29 years","Coffee","1249","1","38"
"30-39 years","Coffee","963","4","65"
"40-49 years","Coffee","949","11","137"
"50-59 years","Coffee","903","20","187"
"60-69 years","Coffee","674","41","184"
"70-79 years","Coffee","347","52","156"
"80 & Older years","Coffee","183","43","100"
"<1 years","Coffee","38","0","3"
"Unknown years","Coffee","2","0","0"
"01-04 years","Colquitt","83","0","0"
"05-09 years","Colquitt","206","0","2"
"10-17 years","Colquitt","669","0","10"
"18-29 years","Colquitt","1077","0","26"
"30-39 years","Colquitt","805","3","29"
"40-49 years","Colquitt","810","7","45"
"50-59 years","Colquitt","722","22","50"
"60-69 years","Colquitt","516","25","59"
"70-79 years","Colquitt","329","29","58"
"80 & Older years","Colquitt","173","32","37"
"<1 years","Colquitt","35","0","2"
"Unknown years","Colquitt","1","0","0"
"01-04 years","Columbia","233","0","2"
"05-09 years","Columbia","544","0","4"
"10-17 years","Columbia","1650","0","7"
"18-29 years","Columbia","2845","1","34"
"30-39 years","Columbia","2669","5","43"
"40-49 years","Columbia","2325","13","68"
"50-59 years","Columbia","1908","29","103"
"60-69 years","Columbia","1243","36","115"
"70-79 years","Columbia","637","60","135"
"80 & Older years","Columbia","381","79","125"
"<1 years","Columbia","56","0","4"
"Unknown years","Columbia","10","0","0"
"01-04 years","Cook","33","0","3"
"05-09 years","Cook","64","0","0"
"10-17 years","Cook","159","0","2"
"18-29 years","Cook","307","0","7"
"30-39 years","Cook","253","0","4"
"40-49 years","Cook","252","3","18"
"50-59 years","Cook","224","7","22"
"60-69 years","Cook","161","10","22"
"70-79 years","Cook","118","13","29"
"80 & Older years","Cook","72","19","16"
"<1 years","Cook","16","0","2"
"Unknown years","Cook","1","0","0"
"01-04 years","Coweta","244","0","1"
"05-09 years","Coweta","424","0","1"
"10-17 years","Coweta","1299","0","11"
"18-29 years","Coweta","2227","2","45"
"30-39 years","Coweta","1817","10","80"
"40-49 years","Coweta","1916","22","115"
"50-59 years","Coweta","2075","40","153"
"60-69 years","Coweta","1269","58","144"
"70-79 years","Coweta","783","84","131"
"80 & Older years","Coweta","408","86","80"
"<1 years","Coweta","49","0","3"
"Unknown years","Coweta","15","0","0"
"01-04 years","Crawford","4","0","0"
"05-09 years","Crawford","9","0","0"
"10-17 years","Crawford","49","0","2"
"18-29 years","Crawford","132","0","3"
"30-39 years","Crawford","128","1","9"
"40-49 years","Crawford","96","3","6"
"50-59 years","Crawford","162","8","22"
"60-69 years","Crawford","138","9","22"
"70-79 years","Crawford","70","11","19"
"80 & Older years","Crawford","32","3","15"
"Unknown years","Crawford","1","0","0"
"01-04 years","Crisp","30","0","0"
"05-09 years","Crisp","57","0","0"
"10-17 years","Crisp","190","0","2"
"18-29 years","Crisp","308","0","13"
"30-39 years","Crisp","305","1","18"
"40-49 years","Crisp","261","4","22"
"50-59 years","Crisp","245","4","31"
"60-69 years","Crisp","229","18","45"
"70-79 years","Crisp","119","16","34"
"80 & Older years","Crisp","75","20","18"
"<1 years","Crisp","16","0","0"
"Unknown years","Crisp","8","0","0"
"01-04 years","Dade","38","0","0"
"05-09 years","Dade","79","0","0"
"10-17 years","Dade","203","0","1"
"18-29 years","Dade","337","0","1"
"30-39 years","Dade","236","0","2"
"40-49 years","Dade","263","1","7"
"50-59 years","Dade","221","3","13"
"60-69 years","Dade","175","1","11"
"70-79 years","Dade","125","8","21"
"80 & Older years","Dade","57","3","10"
"<1 years","Dade","7","0","0"
"Unknown years","Dade","25","0","1"
"01-04 years","Dawson","71","0","0"
"05-09 years","Dawson","130","0","0"
"10-17 years","Dawson","355","0","6"
"18-29 years","Dawson","779","0","18"
"30-39 years","Dawson","653","2","25"
"40-49 years","Dawson","591","0","34"
"50-59 years","Dawson","612","5","46"
"60-69 years","Dawson","473","11","90"
"70-79 years","Dawson","291","25","59"
"80 & Older years","Dawson","116","21","37"
"<1 years","Dawson","18","0","2"
"Unknown years","Dawson","26","0","1"
"01-04 years","DeKalb","1619","0","29"
"05-09 years","DeKalb","2738","0","31"
"10-17 years","DeKalb","6251","0","96"
"18-29 years","DeKalb","17910","12","534"
"30-39 years","DeKalb","15474","24","751"
"40-49 years","DeKalb","12054","54","834"
"50-59 years","DeKalb","10307","141","1098"
"60-69 years","DeKalb","6567","226","1205"
"70-79 years","DeKalb","3235","299","892"
"80 & Older years","DeKalb","1901","392","613"
"<1 years","DeKalb","323","0","17"
"Unknown years","DeKalb","326","1","34"
"01-04 years","Decatur","141","0","2"
"05-09 years","Decatur","171","0","0"
"10-17 years","Decatur","381","0","1"
"18-29 years","Decatur","666","1","17"
"30-39 years","Decatur","502","1","11"
"40-49 years","Decatur","498","2","31"
"50-59 years","Decatur","422","10","43"
"60-69 years","Decatur","319","15","51"
"70-79 years","Decatur","193","24","39"
"80 & Older years","Decatur","115","22","25"
"<1 years","Decatur","29","0","0"
"Unknown years","Decatur","6","0","0"
"01-04 years","Dodge","19","0","0"
"05-09 years","Dodge","40","0","0"
"10-17 years","Dodge","169","1","2"
"18-29 years","Dodge","295","0","6"
"30-39 years","Dodge","214","0","9"
"40-49 years","Dodge","223","3","12"
"50-59 years","Dodge","221","5","23"
"60-69 years","Dodge","169","18","30"
"70-79 years","Dodge","96","18","23"
"80 & Older years","Dodge","62","14","16"
"<1 years","Dodge","9","0","0"
"01-04 years","Dooly","16","0","0"
"05-09 years","Dooly","33","0","0"
"10-17 years","Dooly","105","0","1"
"18-29 years","Dooly","181","1","5"
"30-39 years","Dooly","136","0","11"
"40-49 years","Dooly","175","2","11"
"50-59 years","Dooly","170","5","21"
"60-69 years","Dooly","143","11","24"
"70-79 years","Dooly","68","10","20"
"80 & Older years","Dooly","26","7","6"
"<1 years","Dooly","5","0","0"
"Unknown years","Dooly","18","0","0"
"01-04 years","Dougherty","195","0","4"
"05-09 years","Dougherty","379","0","0"
"10-17 years","Dougherty","818","0","13"
"18-29 years","Dougherty","1701","3","127"
"30-39 years","Dougherty","1438","7","112"
"40-49 years","Dougherty","1268","27","154"
"50-59 years","Dougherty","1217","37","205"
"60-69 years","Dougherty","993","96","306"
"70-79 years","Dougherty","548","83","215"
"80 & Older years","Dougherty","333","115","155"
"<1 years","Dougherty","62","0","6"
"Unknown years","Dougherty","8","0","0"
"01-04 years","Douglas","326","0","6"
"05-09 years","Douglas","641","0","9"
"10-17 years","Douglas","1812","1","24"
"18-29 years","Douglas","3295","0","58"
"30-39 years","Douglas","2825","6","95"
"40-49 years","Douglas","3045","9","155"
"50-59 years","Douglas","2628","30","210"
"60-69 years","Douglas","1516","49","208"
"70-79 years","Douglas","763","65","172"
"80 & Older years","Douglas","369","66","109"
"<1 years","Douglas","76","0","7"
"Unknown years","Douglas","23","0","2"
"01-04 years","Early","40","0","0"
"05-09 years","Early","54","0","0"
"10-17 years","Early","222","0","0"
"18-29 years","Early","253","1","9"
"30-39 years","Early","216","1","5"
"40-49 years","Early","232","1","11"
"50-59 years","Early","213","5","17"
"60-69 years","Early","146","12","20"
"70-79 years","Early","96","18","22"
"80 & Older years","Early","48","13","16"
"<1 years","Early","5","0","0"
"Unknown years","Early","3","0","0"
"01-04 years","Echols","10","0","0"
"05-09 years","Echols","7","0","0"
"10-17 years","Echols","32","0","1"
"18-29 years","Echols","138","0","1"
"30-39 years","Echols","67","1","3"
"40-49 years","Echols","49","0","1"
"50-59 years","Echols","52","1","2"
"60-69 years","Echols","24","0","0"
"70-79 years","Echols","20","2","3"
"80 & Older years","Echols","4","1","2"
"<1 years","Echols","2","0","0"
"01-04 years","Effingham","161","0","3"
"05-09 years","Effingham","357","0","4"
"10-17 years","Effingham","871","0","2"
"18-29 years","Effingham","1190","1","12"
"30-39 years","Effingham","1184","3","35"
"40-49 years","Effingham","1039","8","59"
"50-59 years","Effingham","947","25","94"
"60-69 years","Effingham","599","23","98"
"70-79 years","Effingham","330","37","99"
"80 & Older years","Effingham","154","39","45"
"<1 years","Effingham","48","0","1"
"Unknown years","Effingham","8","0","0"
"01-04 years","Elbert","33","0","0"
"05-09 years","Elbert","57","0","0"
"10-17 years","Elbert","148","0","2"
"18-29 years","Elbert","357","1","4"
"30-39 years","Elbert","258","0","10"
"40-49 years","Elbert","280","1","13"
"50-59 years","Elbert","284","2","23"
"60-69 years","Elbert","226","7","30"
"70-79 years","Elbert","184","22","44"
"80 & Older years","Elbert","147","33","48"
"<1 years","Elbert","13","0","4"
"Unknown years","Elbert","6","0","0"
"01-04 years","Emanuel","59","0","1"
"05-09 years","Emanuel","90","0","0"
"10-17 years","Emanuel","313","0","2"
"18-29 years","Emanuel","515","1","3"
"30-39 years","Emanuel","385","0","17"
"40-49 years","Emanuel","411","3","14"
"50-59 years","Emanuel","353","7","33"
"60-69 years","Emanuel","281","16","32"
"70-79 years","Emanuel","171","19","31"
"80 & Older years","Emanuel","73","21","23"
"<1 years","Emanuel","11","0","1"
"Unknown years","Emanuel","9","0","1"
"01-04 years","Evans","24","0","0"
"05-09 years","Evans","44","0","0"
"10-17 years","Evans","116","0","2"
"18-29 years","Evans","216","1","3"
"30-39 years","Evans","188","0","4"
"40-49 years","Evans","169","3","19"
"50-59 years","Evans","164","6","21"
"60-69 years","Evans","96","7","19"
"70-79 years","Evans","65","12","23"
"80 & Older years","Evans","24","4","14"
"<1 years","Evans","6","0","0"
"Unknown years","Evans","2","0","0"
"01-04 years","Fannin","30","0","1"
"05-09 years","Fannin","72","0","0"
"10-17 years","Fannin","273","0","1"
"18-29 years","Fannin","427","0","8"
"30-39 years","Fannin","363","1","8"
"40-49 years","Fannin","407","3","15"
"50-59 years","Fannin","518","6","35"
"60-69 years","Fannin","503","16","54"
"70-79 years","Fannin","353","25","65"
"80 & Older years","Fannin","182","37","54"
"<1 years","Fannin","6","0","0"
"Unknown years","Fannin","1","0","0"
"01-04 years","Fayette","152","0","1"
"05-09 years","Fayette","338","0","3"
"10-17 years","Fayette","1047","0","10"
"18-29 years","Fayette","1678","3","21"
"30-39 years","Fayette","1175","4","27"
"40-49 years","Fayette","1519","5","66"
"50-59 years","Fayette","1538","14","115"
"60-69 years","Fayette","1103","29","110"
"70-79 years","Fayette","583","69","135"
"80 & Older years","Fayette","381","74","83"
"<1 years","Fayette","34","0","1"
"Unknown years","Fayette","11","0","1"
"01-04 years","Floyd","256","0","5"
"05-09 years","Floyd","485","0","1"
"10-17 years","Floyd","1760","1","13"
"18-29 years","Floyd","3021","3","51"
"30-39 years","Floyd","2349","6","69"
"40-49 years","Floyd","2152","11","121"
"50-59 years","Floyd","2133","43","215"
"60-69 years","Floyd","1488","56","252"
"70-79 years","Floyd","907","76","241"
"80 & Older years","Floyd","498","89","176"
"<1 years","Floyd","102","0","4"
"Unknown years","Floyd","81","0","3"
"01-04 years","Forsyth","494","0","5"
"05-09 years","Forsyth","1486","0","2"
"10-17 years","Forsyth","3898","0","9"
"18-29 years","Forsyth","4208","0","57"
"30-39 years","Forsyth","3504","1","76"
"40-49 years","Forsyth","4549","8","168"
"50-59 years","Forsyth","3901","21","218"
"60-69 years","Forsyth","1996","35","210"
"70-79 years","Forsyth","1148","77","250"
"80 & Older years","Forsyth","655","103","192"
"<1 years","Forsyth","91","0","3"
"Unknown years","Forsyth","317","0","3"
"01-04 years","Franklin","42","0","2"
"05-09 years","Franklin","89","0","0"
"10-17 years","Franklin","312","0","6"
"18-29 years","Franklin","608","1","13"
"30-39 years","Franklin","440","0","10"
"40-49 years","Franklin","455","1","20"
"50-59 years","Franklin","453","3","34"
"60-69 years","Franklin","405","8","45"
"70-79 years","Franklin","259","26","47"
"80 & Older years","Franklin","125","26","32"
"<1 years","Franklin","15","0","2"
"Unknown years","Franklin","43","0","0"
"01-04 years","Fulton","1944","0","52"
"05-09 years","Fulton","3534","0","36"
"10-17 years","Fulton","9422","1","105"
"18-29 years","Fulton","27530","5","564"
"30-39 years","Fulton","21022","36","792"
"40-49 years","Fulton","16363","54","918"
"50-59 years","Fulton","14039","157","1281"
"60-69 years","Fulton","8322","295","1192"
"70-79 years","Fulton","4298","416","1014"
"80 & Older years","Fulton","2953","598","946"
"<1 years","Fulton","420","0","26"
"Unknown years","Fulton","115","0","37"
"01-04 years","Gilmer","49","0","2"
"05-09 years","Gilmer","61","0","0"
"10-17 years","Gilmer","302","0","3"
"18-29 years","Gilmer","493","0","17"
"30-39 years","Gilmer","459","2","23"
"40-49 years","Gilmer","478","1","24"
"50-59 years","Gilmer","540","14","44"
"60-69 years","Gilmer","512","17","63"
"70-79 years","Gilmer","355","37","82"
"80 & Older years","Gilmer","165","41","52"
"<1 years","Gilmer","17","0","0"
"Unknown years","Gilmer","4","0","0"
"01-04 years","Glascock","1","0","0"
"05-09 years","Glascock","5","0","0"
"10-17 years","Glascock","6","0","0"
"18-29 years","Glascock","25","0","1"
"30-39 years","Glascock","22","0","1"
"40-49 years","Glascock","29","0","1"
"50-59 years","Glascock","37","2","4"
"60-69 years","Glascock","20","0","5"
"70-79 years","Glascock","28","3","9"
"80 & Older years","Glascock","9","2","5"
"<1 years","Glascock","1","0","0"
"Unknown years","Glascock","1","0","0"
"01-04 years","Glynn","281","0","3"
"05-09 years","Glynn","566","0","1"
"10-17 years","Glynn","1398","0","3"
"18-29 years","Glynn","2357","4","33"
"30-39 years","Glynn","1986","8","42"
"40-49 years","Glynn","1649","15","60"
"50-59 years","Glynn","1479","36","108"
"60-69 years","Glynn","1201","73","164"
"70-79 years","Glynn","701","74","115"
"80 & Older years","Glynn","373","85","113"
"<1 years","Glynn","59","0","2"
"Unknown years","Glynn","239","0","0"
"01-04 years","Gordon","147","0","1"
"05-09 years","Gordon","229","1","2"
"10-17 years","Gordon","888","0","6"
"18-29 years","Gordon","1682","3","19"
"30-39 years","Gordon","1341","4","29"
"40-49 years","Gordon","1351","9","43"
"50-59 years","Gordon","1289","21","70"
"60-69 years","Gordon","846","46","81"
"70-79 years","Gordon","453","43","99"
"80 & Older years","Gordon","230","40","62"
"<1 years","Gordon","53","0","3"
"Unknown years","Gordon","69","0","1"
"01-04 years","Grady","67","0","1"
"05-09 years","Grady","111","0","0"
"10-17 years","Grady","272","0","5"
"18-29 years","Grady","371","0","15"
"30-39 years","Grady","359","0","15"
"40-49 years","Grady","345","2","31"
"50-59 years","Grady","323","10","39"
"60-69 years","Grady","234","8","35"
"70-79 years","Grady","203","25","60"
"80 & Older years","Grady","67","18","25"
"<1 years","Grady","18","0","2"
"Unknown years","Grady","6","0","0"
"01-04 years","Greene","32","0","1"
"05-09 years","Greene","71","0","0"
"10-17 years","Greene","209","0","3"
"18-29 years","Greene","364","0","9"
"30-39 years","Greene","268","0","8"
"40-49 years","Greene","253","4","19"
"50-59 years","Greene","304","7","26"
"60-69 years","Greene","308","8","31"
"70-79 years","Greene","222","13","36"
"80 & Older years","Greene","120","29","46"
"<1 years","Greene","9","0","1"
"Unknown years","Greene","2","0","0"
"01-04 years","Gwinnett","2066","0","24"
"05-09 years","Gwinnett","3745","0","28"
"10-17 years","Gwinnett","10700","2","80"
"18-29 years","Gwinnett","23864","13","592"
"30-39 years","Gwinnett","18677","30","640"
"40-49 years","Gwinnett","19357","83","916"
"50-59 years","Gwinnett","15996","147","1080"
"60-69 years","Gwinnett","8966","265","1077"
"70-79 years","Gwinnett","4018","321","870"
"80 & Older years","Gwinnett","2189","448","748"
"<1 years","Gwinnett","605","0","28"
"Unknown years","Gwinnett","120","0","2"
"01-04 years","Habersham","66","0","5"
"05-09 years","Habersham","121","0","3"
"10-17 years","Habersham","471","1","9"
"18-29 years","Habersham","1168","1","18"
"30-39 years","Habersham","910","3","35"
"40-49 years","Habersham","917","5","54"
"50-59 years","Habersham","966","11","85"
"60-69 years","Habersham","747","26","140"
"70-79 years","Habersham","519","56","136"
"80 & Older years","Habersham","338","77","104"
"<1 years","Habersham","23","0","5"
"Unknown years","Habersham","49","0","4"
"01-04 years","Hall","325","0","12"
"05-09 years","Hall","748","0","6"
"10-17 years","Hall","2969","0","37"
"18-29 years","Hall","7127","4","224"
"30-39 years","Hall","5023","6","265"
"40-49 years","Hall","5044","24","362"
"50-59 years","Hall","5101","49","526"
"60-69 years","Hall","3367","107","528"
"70-79 years","Hall","2132","150","593"
"80 & Older years","Hall","1195","234","455"
"<1 years","Hall","86","0","9"
"Unknown years","Hall","324","0","10"
"01-04 years","Hancock","10","0","0"
"05-09 years","Hancock","12","0","0"
"10-17 years","Hancock","48","0","1"
"18-29 years","Hancock","169","0","3"
"30-39 years","Hancock","141","1","4"
"40-49 years","Hancock","125","1","7"
"50-59 years","Hancock","165","6","17"
"60-69 years","Hancock","166","20","35"
"70-79 years","Hancock","90","22","28"
"80 & Older years","Hancock","68","25","25"
"<1 years","Hancock","4","0","0"
"01-04 years","Haralson","35","0","0"
"05-09 years","Haralson","63","0","0"
"10-17 years","Haralson","240","0","2"
"18-29 years","Haralson","477","0","5"
"30-39 years","Haralson","315","0","7"
"40-49 years","Haralson","350","2","9"
"50-59 years","Haralson","384","5","14"
"60-69 years","Haralson","245","13","25"
"70-79 years","Haralson","150","13","19"
"80 & Older years","Haralson","61","9","11"
"<1 years","Haralson","12","0","1"
"Unknown years","Haralson","5","0","0"
"01-04 years","Harris","46","0","0"
"05-09 years","Harris","81","0","0"
"10-17 years","Harris","299","0","2"
"18-29 years","Harris","487","0","9"
"30-39 years","Harris","379","0","13"
"40-49 years","Harris","519","4","20"
"50-59 years","Harris","523","9","43"
"60-69 years","Harris","421","17","64"
"70-79 years","Harris","259","31","60"
"80 & Older years","Harris","78","15","19"
"<1 years","Harris","7","0","0"
"Unknown years","Harris","15","0","0"
"01-04 years","Hart","32","0","0"
"05-09 years","Hart","44","0","1"
"10-17 years","Hart","181","0","0"
"18-29 years","Hart","406","0","3"
"30-39 years","Hart","354","0","12"
"40-49 years","Hart","304","1","16"
"50-59 years","Hart","368","3","27"
"60-69 years","Hart","269","15","34"
"70-79 years","Hart","176","8","31"
"80 & Older years","Hart","96","16","32"
"<1 years","Hart","13","0","1"
"Unknown years","Hart","17","0","0"
"01-04 years","Heard","13","0","0"
"05-09 years","Heard","42","0","0"
"10-17 years","Heard","122","0","1"
"18-29 years","Heard","173","0","2"
"30-39 years","Heard","122","0","1"
"40-49 years","Heard","166","1","13"
"50-59 years","Heard","162","2","7"
"60-69 years","Heard","122","5","17"
"70-79 years","Heard","67","8","17"
"80 & Older years","Heard","29","7","5"
"<1 years","Heard","7","0","0"
"01-04 years","Henry","508","0","11"
"05-09 years","Henry","986","0","6"
"10-17 years","Henry","2967","0","34"
"18-29 years","Henry","5406","2","79"
"30-39 years","Henry","4712","11","124"
"40-49 years","Henry","4915","32","197"
"50-59 years","Henry","4513","46","242"
"60-69 years","Henry","2510","109","211"
"70-79 years","Henry","1238","118","154"
"80 & Older years","Henry","605","122","96"
"<1 years","Henry","113","0","7"
"Unknown years","Henry","46","0","3"
"01-04 years","Houston","278","0","5"
"05-09 years","Houston","574","0","1"
"10-17 years","Houston","1755","0","10"
"18-29 years","Houston","3178","7","62"
"30-39 years","Houston","2905","7","91"
"40-49 years","Houston","2527","17","140"
"50-59 years","Houston","2062","29","178"
"60-69 years","Houston","1361","65","224"
"70-79 years","Houston","718","74","201"
"80 & Older years","Houston","374","69","125"
"<1 years","Houston","54","0","7"
"Unknown years","Houston","15","0","0"
"01-04 years","Irwin","7","0","0"
"05-09 years","Irwin","15","0","0"
"10-17 years","Irwin","66","0","0"
"18-29 years","Irwin","175","0","6"
"30-39 years","Irwin","147","0","8"
"40-49 years","Irwin","158","1","10"
"50-59 years","Irwin","129","3","12"
"60-69 years","Irwin","97","1","22"
"70-79 years","Irwin","55","7","9"
"80 & Older years","Irwin","40","8","24"
"Unknown years","Irwin","2","0","0"
"01-04 years","Jackson","144","0","1"
"05-09 years","Jackson","356","0","3"
"10-17 years","Jackson","1493","1","13"
"18-29 years","Jackson","2082","3","40"
"30-39 years","Jackson","2076","4","61"
"40-49 years","Jackson","2077","9","94"
"50-59 years","Jackson","1901","18","142"
"60-69 years","Jackson","1271","38","131"
"70-79 years","Jackson","820","47","154"
"80 & Older years","Jackson","398","67","125"
"<1 years","Jackson","40","0","3"
"Unknown years","Jackson","19","0","1"
"01-04 years","Jasper","16","0","0"
"05-09 years","Jasper","23","0","0"
"10-17 years","Jasper","78","0","1"
"18-29 years","Jasper","174","0","7"
"30-39 years","Jasper","148","2","7"
"40-49 years","Jasper","153","1","9"
"50-59 years","Jasper","171","5","19"
"60-69 years","Jasper","129","12","27"
"70-79 years","Jasper","71","7","16"
"80 & Older years","Jasper","29","5","9"
"<1 years","Jasper","8","0","2"
"Unknown years","Jasper","2","0","0"
"01-04 years","Jeff Davis","45","0","0"
"05-09 years","Jeff Davis","85","0","0"
"10-17 years","Jeff Davis","185","0","2"
"18-29 years","Jeff Davis","362","0","6"
"30-39 years","Jeff Davis","291","0","9"
"40-49 years","Jeff Davis","284","0","18"
"50-59 years","Jeff Davis","240","9","24"
"60-69 years","Jeff Davis","153","9","25"
"70-79 years","Jeff Davis","111","15","24"
"80 & Older years","Jeff Davis","25","9","7"
"<1 years","Jeff Davis","10","0","1"
"01-04 years","Jefferson","27","0","2"
"05-09 years","Jefferson","46","0","0"
"10-17 years","Jefferson","135","0","2"
"18-29 years","Jefferson","294","0","3"
"30-39 years","Jefferson","249","1","10"
"40-49 years","Jefferson","251","4","20"
"50-59 years","Jefferson","303","6","28"
"60-69 years","Jefferson","274","13","40"
"70-79 years","Jefferson","170","19","45"
"80 & Older years","Jefferson","72","22","32"
"<1 years","Jefferson","6","0","1"
"Unknown years","Jefferson","9","0","0"
"01-04 years","Jenkins","22","0","0"
"05-09 years","Jenkins","29","0","0"
"10-17 years","Jenkins","82","0","1"
"18-29 years","Jenkins","149","0","2"
"30-39 years","Jenkins","102","2","6"
"40-49 years","Jenkins","141","3","14"
"50-59 years","Jenkins","155","7","26"
"60-69 years","Jenkins","96","7","13"
"70-79 years","Jenkins","63","13","21"
"80 & Older years","Jenkins","52","10","11"
"<1 years","Jenkins","3","0","0"
"Unknown years","Jenkins","1","0","0"
"01-04 years","Johnson","12","0","1"
"05-09 years","Johnson","21","0","0"
"10-17 years","Johnson","63","0","1"
"18-29 years","Johnson","166","0","5"
"30-39 years","Johnson","138","1","5"
"40-49 years","Johnson","132","3","7"
"50-59 years","Johnson","156","6","18"
"60-69 years","Johnson","146","9","23"
"70-79 years","Johnson","100","10","25"
"80 & Older years","Johnson","73","20","23"
"<1 years","Johnson","9","0","2"
"01-04 years","Jones","28","0","1"
"05-09 years","Jones","66","0","0"
"10-17 years","Jones","188","0","1"
"18-29 years","Jones","494","2","12"
"30-39 years","Jones","426","2","13"
"40-49 years","Jones","386","4","23"
"50-59 years","Jones","387","6","39"
"60-69 years","Jones","279","13","53"
"70-79 years","Jones","180","30","59"
"80 & Older years","Jones","96","23","28"
"<1 years","Jones","7","0","0"
"Unknown years","Jones","2","0","0"
"01-04 years","Lamar","63","0","0"
"05-09 years","Lamar","109","0","0"
"10-17 years","Lamar","288","0","5"
"18-29 years","Lamar","371","0","8"
"30-39 years","Lamar","316","2","15"
"40-49 years","Lamar","287","5","16"
"50-59 years","Lamar","277","8","36"
"60-69 years","Lamar","262","16","35"
"70-79 years","Lamar","165","17","32"
"80 & Older years","Lamar","78","23","22"
"<1 years","Lamar","39","0","1"
"Unknown years","Lamar","1","0","0"
"01-04 years","Lanier","15","0","0"
"05-09 years","Lanier","23","0","1"
"10-17 years","Lanier","83","0","1"
"18-29 years","Lanier","153","1","3"
"30-39 years","Lanier","172","0","2"
"40-49 years","Lanier","106","1","3"
"50-59 years","Lanier","93","1","7"
"60-69 years","Lanier","57","3","3"
"70-79 years","Lanier","40","4","6"
"80 & Older years","Lanier","19","0","6"
"<1 years","Lanier","5","0","0"
"Unknown years","Lanier","1","0","0"
"01-04 years","Laurens","105","0","1"
"05-09 years","Laurens","165","0","2"
"10-17 years","Laurens","571","0","5"
"18-29 years","Laurens","1098","0","12"
"30-39 years","Laurens","865","2","22"
"40-49 years","Laurens","848","10","35"
"50-59 years","Laurens","775","24","69"
"60-69 years","Laurens","615","43","93"
"70-79 years","Laurens","390","57","97"
"80 & Older years","Laurens","254","54","69"
"<1 years","Laurens","31","0","4"
"Unknown years","Laurens","6","0","0"
"01-04 years","Lee","53","0","0"
"05-09 years","Lee","85","0","3"
"10-17 years","Lee","261","0","4"
"18-29 years","Lee","409","1","20"
"30-39 years","Lee","482","1","25"
"40-49 years","Lee","452","7","43"
"50-59 years","Lee","378","14","67"
"60-69 years","Lee","255","18","56"
"70-79 years","Lee","114","16","40"
"80 & Older years","Lee","70","13","28"
"<1 years","Lee","14","0","0"
"Unknown years","Lee","4","0","0"
"01-04 years","Liberty","222","0","2"
"05-09 years","Liberty","354","0","3"
"10-17 years","Liberty","766","0","4"
"18-29 years","Liberty","1933","2","22"
"30-39 years","Liberty","1135","2","39"
"40-49 years","Liberty","729","4","26"
"50-59 years","Liberty","637","19","65"
"60-69 years","Liberty","403","22","66"
"70-79 years","Liberty","176","21","62"
"80 & Older years","Liberty","77","20","27"
"<1 years","Liberty","65","0","1"
"Unknown years","Liberty","13","0","0"
"01-04 years","Lincoln","15","0","0"
"05-09 years","Lincoln","20","0","0"
"10-17 years","Lincoln","50","0","0"
"18-29 years","Lincoln","119","0","4"
"30-39 years","Lincoln","99","0","3"
"40-49 years","Lincoln","101","1","9"
"50-59 years","Lincoln","89","3","5"
"60-69 years","Lincoln","88","7","18"
"70-79 years","Lincoln","59","9","15"
"80 & Older years","Lincoln","22","7","10"
"<1 years","Lincoln","4","0","0"
"Unknown years","Lincoln","5","0","0"
"01-04 years","Long","45","0","0"
"05-09 years","Long","75","0","0"
"10-17 years","Long","182","0","0"
"18-29 years","Long","270","0","0"
"30-39 years","Long","257","2","7"
"40-49 years","Long","196","3","10"
"50-59 years","Long","127","2","15"
"60-69 years","Long","100","3","16"
"70-79 years","Long","52","6","15"
"80 & Older years","Long","22","2","10"
"<1 years","Long","14","0","0"
"Unknown years","Long","2","0","0"
"01-04 years","Lowndes","251","0","0"
"05-09 years","Lowndes","349","0","1"
"10-17 years","Lowndes","945","0","10"
"18-29 years","Lowndes","3196","6","37"
"30-39 years","Lowndes","1848","6","35"
"40-49 years","Lowndes","1431","12","56"
"50-59 years","Lowndes","1202","20","82"
"60-69 years","Lowndes","805","43","104"
"70-79 years","Lowndes","466","57","90"
"80 & Older years","Lowndes","267","66","73"
"<1 years","Lowndes","79","0","1"
"Unknown years","Lowndes","18","0","0"
"01-04 years","Lumpkin","33","0","1"
"05-09 years","Lumpkin","108","0","4"
"10-17 years","Lumpkin","314","0","3"
"18-29 years","Lumpkin","1101","0","19"
"30-39 years","Lumpkin","586","1","17"
"40-49 years","Lumpkin","543","1","30"
"50-59 years","Lumpkin","610","9","70"
"60-69 years","Lumpkin","532","16","79"
"70-79 years","Lumpkin","356","20","93"
"80 & Older years","Lumpkin","180","37","84"
"<1 years","Lumpkin","16","0","1"
"Unknown years","Lumpkin","31","0","2"
"01-04 years","Macon","15","0","0"
"05-09 years","Macon","20","0","0"
"10-17 years","Macon","39","0","0"
"18-29 years","Macon","155","0","4"
"30-39 years","Macon","121","0","4"
"40-49 years","Macon","143","3","9"
"50-59 years","Macon","153","6","20"
"60-69 years","Macon","93","9","28"
"70-79 years","Macon","63","7","21"
"80 & Older years","Macon","25","10","10"
"<1 years","Macon","5","0","0"
"Unknown years","Macon","5","0","1"
"01-04 years","Madison","81","0","2"
"05-09 years","Madison","124","0","0"
"10-17 years","Madison","418","0","1"
"18-29 years","Madison","782","0","16"
"30-39 years","Madison","633","1","19"
"40-49 years","Madison","609","1","28"
"50-59 years","Madison","615","9","40"
"60-69 years","Madison","465","11","52"
"70-79 years","Madison","283","23","63"
"80 & Older years","Madison","104","16","22"
"<1 years","Madison","33","0","6"
"Unknown years","Madison","5","0","0"
"01-04 years","Marion","10","0","0"
"05-09 years","Marion","25","0","1"
"10-17 years","Marion","77","0","0"
"18-29 years","Marion","111","0","3"
"30-39 years","Marion","79","0","3"
"40-49 years","Marion","98","2","7"
"50-59 years","Marion","92","6","8"
"60-69 years","Marion","71","8","10"
"70-79 years","Marion","41","7","11"
"80 & Older years","Marion","37","9","12"
"<1 years","Marion","5","0","0"
"Unknown years","Marion","7","0","0"
"01-04 years","McDuffie","37","0","0"
"05-09 years","McDuffie","51","0","0"
"10-17 years","McDuffie","196","0","0"
"18-29 years","McDuffie","452","0","9"
"30-39 years","McDuffie","343","2","8"
"40-49 years","McDuffie","330","3","21"
"50-59 years","McDuffie","322","11","40"
"60-69 years","McDuffie","247","12","44"
"70-79 years","McDuffie","145","13","55"
"80 & Older years","McDuffie","68","15","30"
"<1 years","McDuffie","4","0","0"
"Unknown years","McDuffie","19","0","0"
"01-04 years","McIntosh","19","0","0"
"05-09 years","McIntosh","50","0","0"
"10-17 years","McIntosh","187","0","0"
"18-29 years","McIntosh","214","0","5"
"30-39 years","McIntosh","187","0","3"
"40-49 years","McIntosh","194","0","4"
"50-59 years","McIntosh","220","2","10"
"60-69 years","McIntosh","168","5","26"
"70-79 years","McIntosh","100","9","23"
"80 & Older years","McIntosh","36","9","12"
"<1 years","McIntosh","2","0","0"
"Unknown years","McIntosh","7","0","0"
"01-04 years","Meriwether","53","0","2"
"05-09 years","Meriwether","59","0","1"
"10-17 years","Meriwether","157","0","2"
"18-29 years","Meriwether","337","0","12"
"30-39 years","Meriwether","270","3","17"
"40-49 years","Meriwether","317","4","25"
"50-59 years","Meriwether","330","9","36"
"60-69 years","Meriwether","291","17","43"
"70-79 years","Meriwether","226","27","47"
"80 & Older years","Meriwether","113","31","25"
"<1 years","Meriwether","14","0","2"
"Unknown years","Meriwether","2","0","0"
"01-04 years","Miller","19","0","0"
"05-09 years","Miller","33","0","0"
"10-17 years","Miller","130","0","1"
"18-29 years","Miller","163","0","1"
"30-39 years","Miller","145","0","0"
"40-49 years","Miller","117","1","7"
"50-59 years","Miller","167","3","16"
"60-69 years","Miller","121","4","13"
"70-79 years","Miller","44","3","4"
"80 & Older years","Miller","31","3","7"
"<1 years","Miller","5","0","0"
"01-04 years","Mitchell","42","0","1"
"05-09 years","Mitchell","67","0","0"
"10-17 years","Mitchell","177","0","4"
"18-29 years","Mitchell","378","1","14"
"30-39 years","Mitchell","334","1","17"
"40-49 years","Mitchell","299","7","25"
"50-59 years","Mitchell","321","12","61"
"60-69 years","Mitchell","261","18","62"
"70-79 years","Mitchell","160","22","58"
"80 & Older years","Mitchell","100","27","34"
"<1 years","Mitchell","15","0","1"
"Unknown years","Mitchell","1","0","0"
"01-04 years","Monroe","21","0","2"
"05-09 years","Monroe","58","0","1"
"10-17 years","Monroe","189","0","0"
"18-29 years","Monroe","469","2","8"
"30-39 years","Monroe","385","0","10"
"40-49 years","Monroe","425","6","24"
"50-59 years","Monroe","449","6","31"
"60-69 years","Monroe","382","28","66"
"70-79 years","Monroe","212","28","52"
"80 & Older years","Monroe","131","44","42"
"<1 years","Monroe","5","0","1"
"01-04 years","Montgomery","16","0","0"
"05-09 years","Montgomery","20","0","0"
"10-17 years","Montgomery","102","0","1"
"18-29 years","Montgomery","229","1","2"
"30-39 years","Montgomery","173","2","6"
"40-49 years","Montgomery","174","0","3"
"50-59 years","Montgomery","163","4","11"
"60-69 years","Montgomery","137","7","13"
"70-79 years","Montgomery","71","11","13"
"80 & Older years","Montgomery","37","10","7"
"<1 years","Montgomery","1","0","0"
"Unknown years","Montgomery","1","0","0"
"01-04 years","Morgan","39","0","0"
"05-09 years","Morgan","70","0","1"
"10-17 years","Morgan","166","0","1"
"18-29 years","Morgan","314","0","6"
"30-39 years","Morgan","269","0","11"
"40-49 years","Morgan","257","1","9"
"50-59 years","Morgan","268","5","21"
"60-69 years","Morgan","199","8","25"
"70-79 years","Morgan","143","4","23"
"80 & Older years","Morgan","72","14","24"
"<1 years","Morgan","25","0","2"
"Unknown years","Morgan","1","0","0"
"01-04 years","Murray","124","0","2"
"05-09 years","Murray","182","0","3"
"10-17 years","Murray","665","0","2"
"18-29 years","Murray","1252","0","14"
"30-39 years","Murray","923","2","12"
"40-49 years","Murray","1008","8","35"
"50-59 years","Murray","862","15","67"
"60-69 years","Murray","581","21","90"
"70-79 years","Murray","352","48","77"
"80 & Older years","Murray","132","27","36"
"<1 years","Murray","39","0","2"
"Unknown years","Murray","1","0","0"
"01-04 years","Muscogee","430","0","8"
"05-09 years","Muscogee","737","0","0"
"10-17 years","Muscogee","1875","0","19"
"18-29 years","Muscogee","4614","8","110"
"30-39 years","Muscogee","3463","5","149"
"40-49 years","Muscogee","2760","15","182"
"50-59 years","Muscogee","2657","68","305"
"60-69 years","Muscogee","2042","121","380"
"70-79 years","Muscogee","1089","126","281"
"80 & Older years","Muscogee","657","179","236"
"<1 years","Muscogee","124","0","8"
"Unknown years","Muscogee","47","0","0"
"01-04 years","Newton","161","0","4"
"05-09 years","Newton","363","0","3"
"10-17 years","Newton","993","0","31"
"18-29 years","Newton","2036","1","110"
"30-39 years","Newton","1772","3","121"
"40-49 years","Newton","1899","17","170"
"50-59 years","Newton","1702","45","210"
"60-69 years","Newton","979","56","174"
"70-79 years","Newton","625","80","162"
"80 & Older years","Newton","365","94","116"
"<1 years","Newton","61","0","8"
"Unknown years","Newton","6","0","1"
"01-04 years","Non-GA Resident/Unknown State","480","0","10"
"05-09 years","Non-GA Resident/Unknown State","790","0","7"
"10-17 years","Non-GA Resident/Unknown State","2089","0","14"
"18-29 years","Non-GA Resident/Unknown State","7633","7","123"
"30-39 years","Non-GA Resident/Unknown State","5718","12","163"
"40-49 years","Non-GA Resident/Unknown State","4740","32","215"
"50-59 years","Non-GA Resident/Unknown State","4480","89","338"
"60-69 years","Non-GA Resident/Unknown State","3257","172","415"
"70-79 years","Non-GA Resident/Unknown State","2061","184","417"
"80 & Older years","Non-GA Resident/Unknown State","1140","183","284"
"<1 years","Non-GA Resident/Unknown State","229","0","5"
"Unknown years","Non-GA Resident/Unknown State","902","1","11"
"01-04 years","Oconee","67","0","0"
"05-09 years","Oconee","160","0","0"
"10-17 years","Oconee","538","0","1"
"18-29 years","Oconee","759","0","10"
"30-39 years","Oconee","524","1","8"
"40-49 years","Oconee","814","1","23"
"50-59 years","Oconee","645","5","17"
"60-69 years","Oconee","413","12","43"
"70-79 years","Oconee","236","18","33"
"80 & Older years","Oconee","158","33","47"
"<1 years","Oconee","16","0","0"
"Unknown years","Oconee","4","0","0"
"01-04 years","Oglethorpe","28","0","0"
"05-09 years","Oglethorpe","57","0","0"
"10-17 years","Oglethorpe","166","0","2"
"18-29 years","Oglethorpe","292","0","6"
"30-39 years","Oglethorpe","210","2","6"
"40-49 years","Oglethorpe","246","2","16"
"50-59 years","Oglethorpe","241","1","27"
"60-69 years","Oglethorpe","198","1","19"
"70-79 years","Oglethorpe","138","15","21"
"80 & Older years","Oglethorpe","80","16","21"
"<1 years","Oglethorpe","11","0","0"
"Unknown years","Oglethorpe","1","0","0"
"01-04 years","Paulding","296","0","3"
"05-09 years","Paulding","660","0","0"
"10-17 years","Paulding","1892","0","10"
"18-29 years","Paulding","2904","1","38"
"30-39 years","Paulding","2664","4","43"
"40-49 years","Paulding","2750","12","69"
"50-59 years","Paulding","2453","30","105"
"60-69 years","Paulding","1288","53","106"
"70-79 years","Paulding","701","53","97"
"80 & Older years","Paulding","396","79","82"
"<1 years","Paulding","76","0","0"
"Unknown years","Paulding","39","0","1"
"01-04 years","Peach","34","0","2"
"05-09 years","Peach","50","0","0"
"10-17 years","Peach","165","0","2"
"18-29 years","Peach","568","2","14"
"30-39 years","Peach","461","1","20"
"40-49 years","Peach","373","6","30"
"50-59 years","Peach","379","12","56"
"60-69 years","Peach","329","19","70"
"70-79 years","Peach","174","22","54"
"80 & Older years","Peach","81","18","37"
"<1 years","Peach","4","0","0"
"Unknown years","Peach","2","0","0"
"01-04 years","Pickens","36","0","3"
"05-09 years","Pickens","76","0","1"
"10-17 years","Pickens","261","0","1"
"18-29 years","Pickens","579","0","11"
"30-39 years","Pickens","475","2","20"
"40-49 years","Pickens","534","1","28"
"50-59 years","Pickens","612","9","44"
"60-69 years","Pickens","478","14","69"
"70-79 years","Pickens","339","27","86"
"80 & Older years","Pickens","145","30","47"
"<1 years","Pickens","6","0","1"
"Unknown years","Pickens","1","0","0"
"01-04 years","Pierce","49","0","0"
"05-09 years","Pierce","63","0","0"
"10-17 years","Pierce","193","1","1"
"18-29 years","Pierce","364","0","7"
"30-39 years","Pierce","274","2","12"
"40-49 years","Pierce","324","5","25"
"50-59 years","Pierce","301","14","36"
"60-69 years","Pierce","221","18","59"
"70-79 years","Pierce","162","24","57"
"80 & Older years","Pierce","62","16","21"
"<1 years","Pierce","19","0","1"
"Unknown years","Pierce","35","0","0"
"01-04 years","Pike","57","0","0"
"05-09 years","Pike","89","0","0"
"10-17 years","Pike","232","0","1"
"18-29 years","Pike","258","2","9"
"30-39 years","Pike","283","1","5"
"40-49 years","Pike","318","2","14"
"50-59 years","Pike","257","8","19"
"60-69 years","Pike","181","13","29"
"70-79 years","Pike","109","9","27"
"80 & Older years","Pike","42","11","11"
"<1 years","Pike","17","0","0"
"Unknown years","Pike","1","0","0"
"01-04 years","Polk","90","0","2"
"05-09 years","Polk","180","0","3"
"10-17 years","Polk","653","0","5"
"18-29 years","Polk","1292","0","21"
"30-39 years","Polk","973","2","31"
"40-49 years","Polk","925","6","55"
"50-59 years","Polk","910","22","109"
"60-69 years","Polk","593","30","106"
"70-79 years","Polk","423","38","122"
"80 & Older years","Polk","178","31","61"
"<1 years","Polk","54","0","2"
"Unknown years","Polk","26","0","0"
"01-04 years","Pulaski","14","0","0"
"05-09 years","Pulaski","29","0","0"
"10-17 years","Pulaski","90","0","1"
"18-29 years","Pulaski","147","0","3"
"30-39 years","Pulaski","131","0","2"
"40-49 years","Pulaski","122","0","10"
"50-59 years","Pulaski","130","2","9"
"60-69 years","Pulaski","111","9","16"
"70-79 years","Pulaski","49","13","16"
"80 & Older years","Pulaski","41","12","6"
"<1 years","Pulaski","3","0","0"
"01-04 years","Putnam","42","0","0"
"05-09 years","Putnam","76","0","1"
"10-17 years","Putnam","221","0","2"
"18-29 years","Putnam","421","0","5"
"30-39 years","Putnam","376","0","12"
"40-49 years","Putnam","311","4","16"
"50-59 years","Putnam","406","3","33"
"60-69 years","Putnam","346","21","46"
"70-79 years","Putnam","258","25","65"
"80 & Older years","Putnam","107","24","41"
"<1 years","Putnam","7","0","1"
"01-04 years","Quitman","2","0","0"
"05-09 years","Quitman","5","0","0"
"10-17 years","Quitman","13","0","0"
"18-29 years","Quitman","16","0","1"
"30-39 years","Quitman","13","0","1"
"40-49 years","Quitman","6","0","1"
"50-59 years","Quitman","18","0","2"
"60-69 years","Quitman","29","1","6"
"70-79 years","Quitman","6","1","2"
"80 & Older years","Quitman","9","1","2"
"<1 years","Quitman","2","0","0"
"01-04 years","Rabun","24","0","0"
"05-09 years","Rabun","56","0","0"
"10-17 years","Rabun","199","0","2"
"18-29 years","Rabun","303","1","8"
"30-39 years","Rabun","258","1","15"
"40-49 years","Rabun","268","1","14"
"50-59 years","Rabun","307","3","33"
"60-69 years","Rabun","304","11","39"
"70-79 years","Rabun","225","13","44"
"80 & Older years","Rabun","100","19","35"
"<1 years","Rabun","7","0","1"
"Unknown years","Rabun","12","0","0"
"01-04 years","Randolph","4","0","0"
"05-09 years","Randolph","10","0","0"
"10-17 years","Randolph","26","0","3"
"18-29 years","Randolph","83","0","3"
"30-39 years","Randolph","89","2","8"
"40-49 years","Randolph","77","0","8"
"50-59 years","Randolph","111","6","24"
"60-69 years","Randolph","84","10","19"
"70-79 years","Randolph","54","5","18"
"80 & Older years","Randolph","49","15","16"
"<1 years","Randolph","1","0","0"
"Unknown years","Randolph","3","0","0"
"01-04 years","Richmond","481","0","2"
"05-09 years","Richmond","978","1","5"
"10-17 years","Richmond","2453","0","24"
"18-29 years","Richmond","6139","13","88"
"30-39 years","Richmond","4650","10","121"
"40-49 years","Richmond","3526","25","158"
"50-59 years","Richmond","3277","51","279"
"60-69 years","Richmond","2481","107","344"
"70-79 years","Richmond","1311","138","365"
"80 & Older years","Richmond","772","175","306"
"<1 years","Richmond","135","0","5"
"Unknown years","Richmond","34","0","1"
"01-04 years","Rockdale","132","0","11"
"05-09 years","Rockdale","287","0","12"
"10-17 years","Rockdale","756","0","30"
"18-29 years","Rockdale","1705","2","125"
"30-39 years","Rockdale","1441","4","167"
"40-49 years","Rockdale","1477","9","182"
"50-59 years","Rockdale","1397","24","255"
"60-69 years","Rockdale","854","41","221"
"70-79 years","Rockdale","479","63","193"
"80 & Older years","Rockdale","260","62","136"
"<1 years","Rockdale","30","0","2"
"Unknown years","Rockdale","8","0","0"
"01-04 years","Schley","9","0","0"
"05-09 years","Schley","11","0","0"
"10-17 years","Schley","35","0","0"
"18-29 years","Schley","61","0","2"
"30-39 years","Schley","37","0","0"
"40-49 years","Schley","55","0","5"
"50-59 years","Schley","48","1","7"
"60-69 years","Schley","31","1","7"
"70-79 years","Schley","16","3","4"
"80 & Older years","Schley","8","2","2"
"<1 years","Schley","1","0","0"
"Unknown years","Schley","6","0","0"
"01-04 years","Screven","26","0","1"
"05-09 years","Screven","41","0","0"
"10-17 years","Screven","168","0","1"
"18-29 years","Screven","219","0","6"
"30-39 years","Screven","206","2","7"
"40-49 years","Screven","179","2","10"
"50-59 years","Screven","168","5","19"
"60-69 years","Screven","175","5","18"
"70-79 years","Screven","100","9","21"
"80 & Older years","Screven","45","8","13"
"<1 years","Screven","8","0","0"
"Unknown years","Screven","3","0","0"
"01-04 years","Seminole","22","0","0"
"05-09 years","Seminole","46","0","0"
"10-17 years","Seminole","138","0","0"
"18-29 years","Seminole","192","0","3"
"30-39 years","Seminole","154","0","3"
"40-49 years","Seminole","158","0","10"
"50-59 years","Seminole","168","3","8"
"60-69 years","Seminole","174","6","33"
"70-79 years","Seminole","94","7","20"
"80 & Older years","Seminole","44","7","17"
"<1 years","Seminole","4","0","0"
"Unknown years","Seminole","1","0","0"
"01-04 years","Spalding","151","0","4"
"05-09 years","Spalding","207","0","1"
"10-17 years","Spalding","496","0","5"
"18-29 years","Spalding","1207","2","40"
"30-39 years","Spalding","1034","5","48"
"40-49 years","Spalding","990","14","76"
"50-59 years","Spalding","987","29","117"
"60-69 years","Spalding","735","51","128"
"70-79 years","Spalding","496","65","117"
"80 & Older years","Spalding","293","67","83"
"<1 years","Spalding","40","0","1"
"Unknown years","Spalding","31","0","2"
"01-04 years","Stephens","43","0","2"
"05-09 years","Stephens","102","0","1"
"10-17 years","Stephens","416","0","4"
"18-29 years","Stephens","804","1","22"
"30-39 years","Stephens","545","0","11"
"40-49 years","Stephens","626","1","27"
"50-59 years","Stephens","667","8","51"
"60-69 years","Stephens","605","28","84"
"70-79 years","Stephens","401","28","84"
"80 & Older years","Stephens","198","32","46"
"<1 years","Stephens","9","0","0"
"Unknown years","Stephens","16","0","0"
"01-04 years","Stewart","7","0","1"
"05-09 years","Stewart","6","0","0"
"10-17 years","Stewart","26","0","0"
"18-29 years","Stewart","404","0","22"
"30-39 years","Stewart","380","1","28"
"40-49 years","Stewart","232","2","23"
"50-59 years","Stewart","117","2","17"
"60-69 years","Stewart","80","14","29"
"70-79 years","Stewart","28","4","6"
"80 & Older years","Stewart","22","5","7"
"<1 years","Stewart","3","0","0"
"Unknown years","Stewart","19","0","4"
"01-04 years","Sumter","58","0","1"
"05-09 years","Sumter","98","0","0"
"10-17 years","Sumter","200","0","7"
"18-29 years","Sumter","505","1","16"
"30-39 years","Sumter","380","1","33"
"40-49 years","Sumter","369","7","34"
"50-59 years","Sumter","402","7","50"
"60-69 years","Sumter","323","30","83"
"70-79 years","Sumter","207","31","62"
"80 & Older years","Sumter","137","38","56"
"<1 years","Sumter","29","0","2"
"Unknown years","Sumter","11","0","0"
"01-04 years","Talbot","16","0","1"
"05-09 years","Talbot","22","0","0"
"10-17 years","Talbot","53","0","0"
"18-29 years","Talbot","89","0","4"
"30-39 years","Talbot","55","0","3"
"40-49 years","Talbot","85","1","5"
"50-59 years","Talbot","98","6","10"
"60-69 years","Talbot","80","7","20"
"70-79 years","Talbot","48","6","8"
"80 & Older years","Talbot","23","4","9"
"<1 years","Talbot","1","0","0"
"Unknown years","Talbot","3","0","0"
"01-04 years","Taliaferro","2","0","0"
"05-09 years","Taliaferro","1","0","0"
"10-17 years","Taliaferro","11","0","0"
"18-29 years","Taliaferro","20","0","0"
"30-39 years","Taliaferro","19","0","0"
"40-49 years","Taliaferro","23","0","2"
"50-59 years","Taliaferro","12","0","0"
"60-69 years","Taliaferro","25","1","4"
"70-79 years","Taliaferro","11","1","4"
"80 & Older years","Taliaferro","4","1","2"
"01-04 years","Tattnall","59","0","1"
"05-09 years","Tattnall","83","0","1"
"10-17 years","Tattnall","271","0","2"
"18-29 years","Tattnall","462","1","3"
"30-39 years","Tattnall","419","2","10"
"40-49 years","Tattnall","409","0","10"
"50-59 years","Tattnall","417","12","27"
"60-69 years","Tattnall","296","21","42"
"70-79 years","Tattnall","158","27","43"
"80 & Older years","Tattnall","59","6","9"
"<1 years","Tattnall","17","0","0"
"Unknown years","Tattnall","8","0","0"
"01-04 years","Taylor","21","0","1"
"05-09 years","Taylor","29","0","0"
"10-17 years","Taylor","77","0","1"
"18-29 years","Taylor","128","1","6"
"30-39 years","Taylor","85","0","4"
"40-49 years","Taylor","128","2","14"
"50-59 years","Taylor","99","3","18"
"60-69 years","Taylor","88","7","21"
"70-79 years","Taylor","43","8","15"
"80 & Older years","Taylor","28","10","10"
"<1 years","Taylor","5","0","0"
"Unknown years","Taylor","11","0","0"
"01-04 years","Telfair","16","0","0"
"05-09 years","Telfair","26","0","0"
"10-17 years","Telfair","54","0","1"
"18-29 years","Telfair","187","0","4"
"30-39 years","Telfair","136","1","5"
"40-49 years","Telfair","144","2","8"
"50-59 years","Telfair","137","6","13"
"60-69 years","Telfair","118","11","19"
"70-79 years","Telfair","77","14","22"
"80 & Older years","Telfair","47","17","13"
"<1 years","Telfair","8","0","0"
"Unknown years","Telfair","3","0","0"
"01-04 years","Terrell","17","0","0"
"05-09 years","Terrell","25","0","0"
"10-17 years","Terrell","82","0","1"
"18-29 years","Terrell","115","0","6"
"30-39 years","Terrell","111","0","14"
"40-49 years","Terrell","91","0","12"
"50-59 years","Terrell","135","6","26"
"60-69 years","Terrell","113","14","42"
"70-79 years","Terrell","71","19","30"
"80 & Older years","Terrell","46","16","18"
"<1 years","Terrell","4","0","0"
"01-04 years","Thomas","162","1","2"
"05-09 years","Thomas","302","0","0"
"10-17 years","Thomas","781","0","3"
"18-29 years","Thomas","1013","2","35"
"30-39 years","Thomas","828","5","34"
"40-49 years","Thomas","814","10","53"
"50-59 years","Thomas","836","20","79"
"60-69 years","Thomas","627","23","124"
"70-79 years","Thomas","363","43","102"
"80 & Older years","Thomas","215","52","69"
"<1 years","Thomas","50","0","3"
"Unknown years","Thomas","8","0","0"
"01-04 years","Tift","102","0","6"
"05-09 years","Tift","157","0","4"
"10-17 years","Tift","421","0","10"
"18-29 years","Tift","1052","1","30"
"30-39 years","Tift","780","1","38"
"40-49 years","Tift","720","9","69"
"50-59 years","Tift","613","16","83"
"60-69 years","Tift","470","24","90"
"70-79 years","Tift","299","36","96"
"80 & Older years","Tift","176","40","67"
"<1 years","Tift","32","0","1"
"Unknown years","Tift","8","0","0"
"01-04 years","Toombs","51","0","0"
"05-09 years","Toombs","116","0","0"
"10-17 years","Toombs","341","0","2"
"18-29 years","Toombs","856","1","10"
"30-39 years","Toombs","649","2","10"
"40-49 years","Toombs","625","7","33"
"50-59 years","Toombs","606","13","38"
"60-69 years","Toombs","530","31","70"
"70-79 years","Toombs","337","43","55"
"80 & Older years","Toombs","190","47","39"
"<1 years","Toombs","21","0","0"
"Unknown years","Toombs","9","0","0"
"01-04 years","Towns","8","0","0"
"05-09 years","Towns","17","0","1"
"10-17 years","Towns","72","0","1"
"18-29 years","Towns","195","0","4"
"30-39 years","Towns","132","1","5"
"40-49 years","Towns","160","2","6"
"50-59 years","Towns","250","6","25"
"60-69 years","Towns","305","7","26"
"70-79 years","Towns","226","14","45"
"80 & Older years","Towns","158","35","64"
"<1 years","Towns","2","0","0"
"Unknown years","Towns","4","0","0"
"01-04 years","Treutlen","13","0","0"
"05-09 years","Treutlen","25","0","1"
"10-17 years","Treutlen","77","0","1"
"18-29 years","Treutlen","153","0","2"
"30-39 years","Treutlen","140","0","5"
"40-49 years","Treutlen","137","3","5"
"50-59 years","Treutlen","136","2","10"
"60-69 years","Treutlen","88","6","15"
"70-79 years","Treutlen","68","16","12"
"80 & Older years","Treutlen","39","12","10"
"<1 years","Treutlen","1","0","0"
"01-04 years","Troup","236","0","3"
"05-09 years","Troup","362","0","1"
"10-17 years","Troup","897","0","10"
"18-29 years","Troup","1714","2","36"
"30-39 years","Troup","1325","7","57"
"40-49 years","Troup","1136","10","68"
"50-59 years","Troup","1124","30","137"
"60-69 years","Troup","832","53","126"
"70-79 years","Troup","453","60","114"
"80 & Older years","Troup","301","85","77"
"<1 years","Troup","75","0","2"
"Unknown years","Troup","6","0","0"
"01-04 years","Turner","12","0","0"
"05-09 years","Turner","18","0","2"
"10-17 years","Turner","34","0","1"
"18-29 years","Turner","129","0","2"
"30-39 years","Turner","133","0","13"
"40-49 years","Turner","138","1","9"
"50-59 years","Turner","123","2","18"
"60-69 years","Turner","101","9","29"
"70-79 years","Turner","63","11","15"
"80 & Older years","Turner","38","16","16"
"<1 years","Turner","6","0","1"
"01-04 years","Twiggs","15","0","1"
"05-09 years","Twiggs","13","0","1"
"10-17 years","Twiggs","51","0","1"
"18-29 years","Twiggs","108","0","3"
"30-39 years","Twiggs","96","1","4"
"40-49 years","Twiggs","99","2","10"
"50-59 years","Twiggs","131","4","21"
"60-69 years","Twiggs","126","12","39"
"70-79 years","Twiggs","70","14","29"
"80 & Older years","Twiggs","33","15","18"
"<1 years","Twiggs","1","0","0"
"01-04 years","Union","22","0","1"
"05-09 years","Union","60","0","0"
"10-17 years","Union","188","0","2"
"18-29 years","Union","373","1","3"
"30-39 years","Union","375","2","6"
"40-49 years","Union","347","2","17"
"50-59 years","Union","449","5","34"
"60-69 years","Union","544","16","75"
"70-79 years","Union","456","31","92"
"80 & Older years","Union","252","51","82"
"<1 years","Union","4","0","1"
"Unknown years","Union","16","0","1"
"01-04 years","Unknown","56","0","1"
"05-09 years","Unknown","101","0","0"
"10-17 years","Unknown","285","0","0"
"18-29 years","Unknown","874","1","7"
"30-39 years","Unknown","485","0","10"
"40-49 years","Unknown","429","1","4"
"50-59 years","Unknown","378","1","7"
"60-69 years","Unknown","209","1","18"
"70-79 years","Unknown","132","1","12"
"80 & Older years","Unknown","53","1","8"
"<1 years","Unknown","41","0","0"
"Unknown years","Unknown","91","0","3"
"01-04 years","Upson","78","0","1"
"05-09 years","Upson","114","0","0"
"10-17 years","Upson","292","1","3"
"18-29 years","Upson","467","0","8"
"30-39 years","Upson","338","1","10"
"40-49 years","Upson","355","2","16"
"50-59 years","Upson","351","11","38"
"60-69 years","Upson","323","26","53"
"70-79 years","Upson","217","43","64"
"80 & Older years","Upson","127","45","44"
"<1 years","Upson","31","0","1"
"Unknown years","Upson","9","0","0"
"01-04 years","Walker","162","0","1"
"05-09 years","Walker","342","0","1"
"10-17 years","Walker","931","0","6"
"18-29 years","Walker","1688","0","20"
"30-39 years","Walker","1345","1","21"
"40-49 years","Walker","1483","6","41"
"50-59 years","Walker","1283","6","47"
"60-69 years","Walker","988","24","83"
"70-79 years","Walker","627","35","74"
"80 & Older years","Walker","292","36","45"
"<1 years","Walker","62","0","2"
"Unknown years","Walker","113","0","2"
"01-04 years","Walton","150","0","1"
"05-09 years","Walton","310","0","5"
"10-17 years","Walton","976","0","15"
"18-29 years","Walton","1873","3","64"
"30-39 years","Walton","1670","3","61"
"40-49 years","Walton","1745","8","97"
"50-59 years","Walton","1681","25","151"
"60-69 years","Walton","1152","46","159"
"70-79 years","Walton","810","92","168"
"80 & Older years","Walton","460","119","109"
"<1 years","Walton","51","0","3"
"Unknown years","Walton","22","0","0"
"01-04 years","Ware","121","0","1"
"05-09 years","Ware","152","0","0"
"10-17 years","Ware","425","0","3"
"18-29 years","Ware","854","1","16"
"30-39 years","Ware","692","3","36"
"40-49 years","Ware","623","5","48"
"50-59 years","Ware","582","34","114"
"60-69 years","Ware","435","38","97"
"70-79 years","Ware","330","52","119"
"80 & Older years","Ware","235","71","72"
"<1 years","Ware","40","0","2"
"Unknown years","Ware","2","0","0"
"01-04 years","Warren","10","0","0"
"05-09 years","Warren","10","0","0"
"10-17 years","Warren","35","0","0"
"18-29 years","Warren","102","0","3"
"30-39 years","Warren","68","0","5"
"40-49 years","Warren","71","2","6"
"50-59 years","Warren","81","3","9"
"60-69 years","Warren","59","3","10"
"70-79 years","Warren","44","6","15"
"80 & Older years","Warren","20","5","8"
"<1 years","Warren","5","0","1"
"Unknown years","Warren","4","0","0"
"01-04 years","Washington","60","0","0"
"05-09 years","Washington","81","0","0"
"10-17 years","Washington","284","1","3"
"18-29 years","Washington","381","0","8"
"30-39 years","Washington","352","1","12"
"40-49 years","Washington","348","6","16"
"50-59 years","Washington","311","9","17"
"60-69 years","Washington","273","16","33"
"70-79 years","Washington","140","13","27"
"80 & Older years","Washington","85","30","15"
"<1 years","Washington","24","0","0"
"Unknown years","Washington","2","0","0"
"01-04 years","Wayne","63","0","1"
"05-09 years","Wayne","106","0","0"
"10-17 years","Wayne","385","0","2"
"18-29 years","Wayne","719","1","14"
"30-39 years","Wayne","698","4","20"
"40-49 years","Wayne","728","11","52"
"50-59 years","Wayne","647","21","57"
"60-69 years","Wayne","489","35","94"
"70-79 years","Wayne","345","38","94"
"80 & Older years","Wayne","155","38","37"
"<1 years","Wayne","13","0","1"
"Unknown years","Wayne","2","0","0"
"05-09 years","Webster","7","0","0"
"10-17 years","Webster","16","0","0"
"18-29 years","Webster","33","0","2"
"30-39 years","Webster","17","0","1"
"40-49 years","Webster","24","0","2"
"50-59 years","Webster","25","3","7"
"60-69 years","Webster","27","1","4"
"70-79 years","Webster","10","1","2"
"80 & Older years","Webster","5","1","1"
"<1 years","Webster","1","0","0"
"Unknown years","Webster","3","0","0"
"01-04 years","Wheeler","3","0","0"
"05-09 years","Wheeler","8","0","1"
"10-17 years","Wheeler","37","0","0"
"18-29 years","Wheeler","85","0","0"
"30-39 years","Wheeler","103","2","2"
"40-49 years","Wheeler","105","3","3"
"50-59 years","Wheeler","110","8","12"
"60-69 years","Wheeler","65","5","9"
"70-79 years","Wheeler","49","7","12"
"80 & Older years","Wheeler","9","3","1"
"<1 years","Wheeler","2","0","0"
"Unknown years","Wheeler","23","0","1"
"01-04 years","White","38","0","1"
"05-09 years","White","111","0","1"
"10-17 years","White","426","0","2"
"18-29 years","White","680","1","12"
"30-39 years","White","549","2","11"
"40-49 years","White","613","7","30"
"50-59 years","White","686","7","62"
"60-69 years","White","591","18","80"
"70-79 years","White","453","28","105"
"80 & Older years","White","241","42","89"
"<1 years","White","13","0","0"
"Unknown years","White","22","0","0"
"01-04 years","Whitfield","293","0","3"
"05-09 years","Whitfield","602","0","3"
"10-17 years","Whitfield","1899","0","8"
"18-29 years","Whitfield","4429","2","58"
"30-39 years","Whitfield","3028","5","74"
"40-49 years","Whitfield","2993","11","92"
"50-59 years","Whitfield","2649","44","159"
"60-69 years","Whitfield","1583","57","188"
"70-79 years","Whitfield","875","71","165"
"80 & Older years","Whitfield","503","111","133"
"<1 years","Whitfield","93","0","5"
"Unknown years","Whitfield","4","0","0"
"01-04 years","Wilcox","21","0","1"
"05-09 years","Wilcox","28","0","0"
"10-17 years","Wilcox","55","0","0"
"18-29 years","Wilcox","74","0","1"
"30-39 years","Wilcox","70","0","2"
"40-49 years","Wilcox","93","0","12"
"50-59 years","Wilcox","99","2","16"
"60-69 years","Wilcox","107","10","29"
"70-79 years","Wilcox","59","11","11"
"80 & Older years","Wilcox","27","8","8"
"<1 years","Wilcox","6","0","1"
"01-04 years","Wilkes","10","0","0"
"05-09 years","Wilkes","25","0","0"
"10-17 years","Wilkes","74","0","0"
"18-29 years","Wilkes","162","0","3"
"30-39 years","Wilkes","110","0","6"
"40-49 years","Wilkes","139","1","16"
"50-59 years","Wilkes","129","2","11"
"60-69 years","Wilkes","105","4","22"
"70-79 years","Wilkes","75","8","26"
"80 & Older years","Wilkes","40","9","18"
"<1 years","Wilkes","5","0","1"
"Unknown years","Wilkes","1","0","0"
"01-04 years","Wilkinson","17","0","0"
"05-09 years","Wilkinson","26","0","0"
"10-17 years","Wilkinson","90","0","1"
"18-29 years","Wilkinson","176","0","3"
"30-39 years","Wilkinson","156","0","8"
"40-49 years","Wilkinson","148","0","9"
"50-59 years","Wilkinson","193","6","30"
"60-69 years","Wilkinson","173","16","47"
"70-79 years","Wilkinson","74","9","23"
"80 & Older years","Wilkinson","44","7","19"
"<1 years","Wilkinson","5","0","0"
"01-04 years","Worth","32","0","0"
"05-09 years","Worth","49","0","0"
"10-17 years","Worth","167","0","3"
"18-29 years","Worth","306","0","13"
"30-39 years","Worth","230","0","18"
"40-49 years","Worth","241","3","24"
"50-59 years","Worth","255","7","37"
"60-69 years","Worth","239","23","62"
"70-79 years","Worth","141","20","40"
"80 & Older years","Worth","85","23","30"
"<1 years","Worth","8","0","0"
"Unknown years","Worth","2","0","0"
