"age group","county name","cases","deaths","hospitalization"
"01-04 years","Georgia","13827","1","265"
"05-09 years","Georgia","22795","2","204"
"10-17 years","Georgia","74141","9","768"
"18-29 years","Georgia","216559","132","4167"
"30-39 years","Georgia","157635","279","5492"
"40-49 years","Georgia","150112","679","7955"
"50-59 years","Georgia","141113","1809","11886"
"60-69 years","Georgia","94751","3755","13933"
"70-79 years","Georgia","54526","5342","13109"
"80 & Older years","Georgia","31171","6848","9983"
"<1 years","Georgia","3827","0","215"
"Unknown years","Georgia","3345","0","79"
"01-04 years","Appling","35","0","0"
"05-09 years","Appling","62","0","0"
"10-17 years","Appling","183","0","2"
"18-29 years","Appling","388","1","7"
"30-39 years","Appling","278","1","7"
"40-49 years","Appling","290","4","20"
"50-59 years","Appling","316","7","32"
"60-69 years","Appling","265","15","57"
"70-79 years","Appling","177","18","36"
"80 & Older years","Appling","97","21","35"
"<1 years","Appling","7","0","0"
"01-04 years","Atkinson","8","0","1"
"05-09 years","Atkinson","24","0","1"
"10-17 years","Atkinson","63","0","1"
"18-29 years","Atkinson","197","0","9"
"30-39 years","Atkinson","126","0","9"
"40-49 years","Atkinson","151","2","26"
"50-59 years","Atkinson","151","2","28"
"60-69 years","Atkinson","93","6","28"
"70-79 years","Atkinson","47","5","18"
"80 & Older years","Atkinson","15","5","11"
"<1 years","Atkinson","3","0","0"
"Unknown years","Atkinson","1","0","0"
"01-04 years","Bacon","20","0","0"
"05-09 years","Bacon","34","0","0"
"10-17 years","Bacon","92","0","1"
"18-29 years","Bacon","421","0","3"
"30-39 years","Bacon","209","0","5"
"40-49 years","Bacon","204","2","14"
"50-59 years","Bacon","169","2","16"
"60-69 years","Bacon","137","9","29"
"70-79 years","Bacon","88","7","22"
"80 & Older years","Bacon","41","9","11"
"<1 years","Bacon","4","0","0"
"Unknown years","Bacon","1","0","0"
"01-04 years","Baker","9","0","0"
"05-09 years","Baker","4","0","0"
"10-17 years","Baker","10","0","0"
"18-29 years","Baker","33","0","0"
"30-39 years","Baker","24","0","4"
"40-49 years","Baker","22","2","3"
"50-59 years","Baker","27","0","2"
"60-69 years","Baker","34","3","15"
"70-79 years","Baker","19","3","11"
"80 & Older years","Baker","12","3","5"
"<1 years","Baker","1","0","0"
"01-04 years","Baldwin","34","0","0"
"05-09 years","Baldwin","62","0","0"
"10-17 years","Baldwin","215","1","5"
"18-29 years","Baldwin","1341","0","16"
"30-39 years","Baldwin","515","1","16"
"40-49 years","Baldwin","516","2","33"
"50-59 years","Baldwin","521","13","61"
"60-69 years","Baldwin","406","23","78"
"70-79 years","Baldwin","269","29","60"
"80 & Older years","Baldwin","164","50","66"
"<1 years","Baldwin","15","0","1"
"Unknown years","Baldwin","3","0","0"
"01-04 years","Banks","13","0","0"
"05-09 years","Banks","33","0","1"
"10-17 years","Banks","119","0","3"
"18-29 years","Banks","329","0","9"
"30-39 years","Banks","233","0","9"
"40-49 years","Banks","255","0","20"
"50-59 years","Banks","278","2","28"
"60-69 years","Banks","235","7","52"
"70-79 years","Banks","164","16","61"
"80 & Older years","Banks","86","14","32"
"<1 years","Banks","6","0","1"
"Unknown years","Banks","19","0","1"
"01-04 years","Barrow","127","0","1"
"05-09 years","Barrow","211","0","0"
"10-17 years","Barrow","793","0","8"
"18-29 years","Barrow","1953","2","41"
"30-39 years","Barrow","1668","1","52"
"40-49 years","Barrow","1675","6","77"
"50-59 years","Barrow","1415","9","121"
"60-69 years","Barrow","932","35","152"
"70-79 years","Barrow","532","37","113"
"80 & Older years","Barrow","251","52","95"
"<1 years","Barrow","37","0","2"
"Unknown years","Barrow","15","0","0"
"01-04 years","Bartow","133","0","6"
"05-09 years","Bartow","238","0","2"
"10-17 years","Bartow","992","0","14"
"18-29 years","Bartow","2219","0","28"
"30-39 years","Bartow","1847","5","54"
"40-49 years","Bartow","1903","3","92"
"50-59 years","Bartow","1967","18","166"
"60-69 years","Bartow","1224","45","164"
"70-79 years","Bartow","820","76","200"
"80 & Older years","Bartow","401","77","130"
"<1 years","Bartow","48","0","3"
"Unknown years","Bartow","73","0","7"
"01-04 years","Ben Hill","30","0","1"
"05-09 years","Ben Hill","20","0","0"
"10-17 years","Ben Hill","100","0","0"
"18-29 years","Ben Hill","283","1","5"
"30-39 years","Ben Hill","226","3","11"
"40-49 years","Ben Hill","217","1","12"
"50-59 years","Ben Hill","243","6","31"
"60-69 years","Ben Hill","212","13","33"
"70-79 years","Ben Hill","148","19","53"
"80 & Older years","Ben Hill","72","19","19"
"<1 years","Ben Hill","6","0","1"
"01-04 years","Berrien","18","0","0"
"05-09 years","Berrien","23","0","0"
"10-17 years","Berrien","99","0","1"
"18-29 years","Berrien","227","0","0"
"30-39 years","Berrien","182","0","3"
"40-49 years","Berrien","158","0","5"
"50-59 years","Berrien","181","3","17"
"60-69 years","Berrien","134","8","19"
"70-79 years","Berrien","93","14","19"
"80 & Older years","Berrien","54","12","15"
"<1 years","Berrien","3","0","0"
"Unknown years","Berrien","1","0","0"
"01-04 years","Bibb","162","0","5"
"05-09 years","Bibb","275","0","0"
"10-17 years","Bibb","803","0","12"
"18-29 years","Bibb","3406","1","90"
"30-39 years","Bibb","2431","6","123"
"40-49 years","Bibb","2334","18","220"
"50-59 years","Bibb","2151","29","299"
"60-69 years","Bibb","1711","92","445"
"70-79 years","Bibb","994","120","375"
"80 & Older years","Bibb","620","158","314"
"<1 years","Bibb","54","0","5"
"Unknown years","Bibb","4","0","0"
"01-04 years","Bleckley","9","0","0"
"05-09 years","Bleckley","22","0","0"
"10-17 years","Bleckley","77","0","0"
"18-29 years","Bleckley","206","0","4"
"30-39 years","Bleckley","107","1","4"
"40-49 years","Bleckley","114","1","2"
"50-59 years","Bleckley","117","2","6"
"60-69 years","Bleckley","93","6","12"
"70-79 years","Bleckley","64","4","12"
"80 & Older years","Bleckley","61","18","12"
"<1 years","Bleckley","3","0","0"
"01-04 years","Brantley","16","0","0"
"05-09 years","Brantley","14","0","0"
"10-17 years","Brantley","103","0","1"
"18-29 years","Brantley","201","0","3"
"30-39 years","Brantley","160","0","4"
"40-49 years","Brantley","176","2","12"
"50-59 years","Brantley","190","3","17"
"60-69 years","Brantley","134","5","17"
"70-79 years","Brantley","103","17","30"
"80 & Older years","Brantley","51","10","13"
"<1 years","Brantley","1","0","0"
"Unknown years","Brantley","2","0","0"
"01-04 years","Brooks","18","0","1"
"05-09 years","Brooks","27","0","0"
"10-17 years","Brooks","93","0","0"
"18-29 years","Brooks","209","0","1"
"30-39 years","Brooks","150","0","4"
"40-49 years","Brooks","146","1","12"
"50-59 years","Brooks","167","2","23"
"60-69 years","Brooks","114","6","19"
"70-79 years","Brooks","94","11","19"
"80 & Older years","Brooks","59","18","15"
"<1 years","Brooks","6","0","0"
"01-04 years","Bryan","61","0","0"
"05-09 years","Bryan","98","0","0"
"10-17 years","Bryan","312","0","3"
"18-29 years","Bryan","607","0","12"
"30-39 years","Bryan","520","1","13"
"40-49 years","Bryan","555","0","21"
"50-59 years","Bryan","401","5","32"
"60-69 years","Bryan","289","12","36"
"70-79 years","Bryan","167","12","60"
"80 & Older years","Bryan","69","9","28"
"<1 years","Bryan","17","0","0"
"Unknown years","Bryan","2","0","0"
"01-04 years","Bulloch","73","0","1"
"05-09 years","Bulloch","126","0","1"
"10-17 years","Bulloch","425","0","2"
"18-29 years","Bulloch","2362","0","12"
"30-39 years","Bulloch","721","2","23"
"40-49 years","Bulloch","617","2","26"
"50-59 years","Bulloch","585","8","39"
"60-69 years","Bulloch","423","17","51"
"70-79 years","Bulloch","209","17","44"
"80 & Older years","Bulloch","109","17","38"
"<1 years","Bulloch","28","0","2"
"01-04 years","Burke","23","0","0"
"05-09 years","Burke","49","0","0"
"10-17 years","Burke","151","0","1"
"18-29 years","Burke","377","1","8"
"30-39 years","Burke","297","1","14"
"40-49 years","Burke","316","2","17"
"50-59 years","Burke","295","4","35"
"60-69 years","Burke","224","7","42"
"70-79 years","Burke","126","14","36"
"80 & Older years","Burke","41","11","15"
"<1 years","Burke","8","0","0"
"Unknown years","Burke","3","0","0"
"01-04 years","Butts","28","0","3"
"05-09 years","Butts","32","0","1"
"10-17 years","Butts","128","0","4"
"18-29 years","Butts","473","0","7"
"30-39 years","Butts","438","0","8"
"40-49 years","Butts","391","4","19"
"50-59 years","Butts","422","8","27"
"60-69 years","Butts","298","17","38"
"70-79 years","Butts","202","24","31"
"80 & Older years","Butts","116","31","9"
"<1 years","Butts","7","0","1"
"Unknown years","Butts","3","0","0"
"01-04 years","Calhoun","8","0","0"
"05-09 years","Calhoun","1","0","0"
"10-17 years","Calhoun","40","0","0"
"18-29 years","Calhoun","73","0","6"
"30-39 years","Calhoun","69","2","7"
"40-49 years","Calhoun","80","2","10"
"50-59 years","Calhoun","85","2","18"
"60-69 years","Calhoun","74","2","20"
"70-79 years","Calhoun","25","6","9"
"80 & Older years","Calhoun","16","2","8"
"<1 years","Calhoun","3","0","0"
"Unknown years","Calhoun","1","0","0"
"01-04 years","Camden","76","0","0"
"05-09 years","Camden","79","0","1"
"10-17 years","Camden","309","0","1"
"18-29 years","Camden","1019","0","9"
"30-39 years","Camden","724","1","19"
"40-49 years","Camden","563","2","21"
"50-59 years","Camden","611","4","27"
"60-69 years","Camden","434","9","35"
"70-79 years","Camden","248","5","26"
"80 & Older years","Camden","106","17","25"
"<1 years","Camden","11","0","2"
"Unknown years","Camden","33","0","1"
"01-04 years","Candler","9","0","0"
"05-09 years","Candler","17","0","0"
"10-17 years","Candler","66","0","0"
"18-29 years","Candler","146","0","0"
"30-39 years","Candler","105","0","3"
"40-49 years","Candler","136","3","2"
"50-59 years","Candler","142","6","13"
"60-69 years","Candler","110","9","15"
"70-79 years","Candler","80","14","20"
"80 & Older years","Candler","28","6","13"
"<1 years","Candler","5","0","0"
"01-04 years","Carroll","101","0","1"
"05-09 years","Carroll","155","0","2"
"10-17 years","Carroll","664","0","6"
"18-29 years","Carroll","1879","0","15"
"30-39 years","Carroll","1199","4","20"
"40-49 years","Carroll","1158","4","37"
"50-59 years","Carroll","1157","13","62"
"60-69 years","Carroll","805","26","91"
"70-79 years","Carroll","474","36","74"
"80 & Older years","Carroll","278","52","47"
"<1 years","Carroll","30","0","1"
"Unknown years","Carroll","6","0","0"
"01-04 years","Catoosa","96","0","0"
"05-09 years","Catoosa","167","0","1"
"10-17 years","Catoosa","545","0","2"
"18-29 years","Catoosa","1156","0","8"
"30-39 years","Catoosa","874","1","13"
"40-49 years","Catoosa","999","2","21"
"50-59 years","Catoosa","930","6","40"
"60-69 years","Catoosa","649","8","64"
"70-79 years","Catoosa","399","21","66"
"80 & Older years","Catoosa","268","32","53"
"<1 years","Catoosa","42","0","1"
"Unknown years","Catoosa","84","0","4"
"01-04 years","Charlton","14","0","0"
"05-09 years","Charlton","36","0","0"
"10-17 years","Charlton","75","0","0"
"18-29 years","Charlton","344","1","2"
"30-39 years","Charlton","294","0","4"
"40-49 years","Charlton","235","2","11"
"50-59 years","Charlton","170","3","6"
"60-69 years","Charlton","166","8","23"
"70-79 years","Charlton","69","6","16"
"80 & Older years","Charlton","37","9","16"
"<1 years","Charlton","3","0","0"
"Unknown years","Charlton","1","0","0"
"01-04 years","Chatham","537","0","3"
"05-09 years","Chatham","679","1","2"
"10-17 years","Chatham","1725","0","15"
"18-29 years","Chatham","5899","5","73"
"30-39 years","Chatham","4056","5","130"
"40-49 years","Chatham","3247","16","191"
"50-59 years","Chatham","2856","43","274"
"60-69 years","Chatham","2265","90","409"
"70-79 years","Chatham","1191","126","391"
"80 & Older years","Chatham","744","166","328"
"<1 years","Chatham","137","0","6"
"Unknown years","Chatham","21","0","0"
"01-04 years","Chattahoochee","9","0","0"
"05-09 years","Chattahoochee","10","0","0"
"10-17 years","Chattahoochee","135","0","2"
"18-29 years","Chattahoochee","3617","7","7"
"30-39 years","Chattahoochee","330","2","4"
"40-49 years","Chattahoochee","56","0","0"
"50-59 years","Chattahoochee","33","0","9"
"60-69 years","Chattahoochee","18","0","4"
"70-79 years","Chattahoochee","11","1","4"
"80 & Older years","Chattahoochee","9","3","5"
"<1 years","Chattahoochee","8","0","0"
"Unknown years","Chattahoochee","2","0","0"
"01-04 years","Chattooga","17","0","0"
"05-09 years","Chattooga","37","0","0"
"10-17 years","Chattooga","197","0","1"
"18-29 years","Chattooga","405","0","7"
"30-39 years","Chattooga","323","0","8"
"40-49 years","Chattooga","369","2","15"
"50-59 years","Chattooga","356","5","27"
"60-69 years","Chattooga","301","15","45"
"70-79 years","Chattooga","190","19","53"
"80 & Older years","Chattooga","121","26","34"
"<1 years","Chattooga","11","0","1"
"Unknown years","Chattooga","15","0","1"
"01-04 years","Cherokee","276","0","7"
"05-09 years","Cherokee","642","0","9"
"10-17 years","Cherokee","2503","0","19"
"18-29 years","Cherokee","4722","2","86"
"30-39 years","Cherokee","3477","3","124"
"40-49 years","Cherokee","3919","7","154"
"50-59 years","Cherokee","3816","24","240"
"60-69 years","Cherokee","2305","49","288"
"70-79 years","Cherokee","1440","88","293"
"80 & Older years","Cherokee","838","149","247"
"<1 years","Cherokee","58","0","1"
"Unknown years","Cherokee","4","0","0"
"01-04 years","Clarke","189","0","1"
"05-09 years","Clarke","255","0","2"
"10-17 years","Clarke","709","0","6"
"18-29 years","Clarke","6378","1","44"
"30-39 years","Clarke","1775","2","36"
"40-49 years","Clarke","1412","3","57"
"50-59 years","Clarke","1269","12","77"
"60-69 years","Clarke","839","22","103"
"70-79 years","Clarke","488","51","117"
"80 & Older years","Clarke","260","52","75"
"<1 years","Clarke","52","0","2"
"Unknown years","Clarke","10","0","0"
"01-04 years","Clay","3","0","0"
"05-09 years","Clay","3","0","0"
"10-17 years","Clay","18","0","0"
"18-29 years","Clay","29","0","0"
"30-39 years","Clay","34","0","1"
"40-49 years","Clay","32","0","1"
"50-59 years","Clay","20","0","1"
"60-69 years","Clay","25","1","2"
"70-79 years","Clay","19","0","0"
"80 & Older years","Clay","14","2","5"
"Unknown years","Clay","1","0","0"
"01-04 years","Clayton","523","0","12"
"05-09 years","Clayton","775","1","9"
"10-17 years","Clayton","1951","1","41"
"18-29 years","Clayton","5599","6","125"
"30-39 years","Clayton","4970","14","186"
"40-49 years","Clayton","4365","31","218"
"50-59 years","Clayton","4071","65","316"
"60-69 years","Clayton","2514","135","287"
"70-79 years","Clayton","1045","127","197"
"80 & Older years","Clayton","514","123","129"
"<1 years","Clayton","111","0","6"
"Unknown years","Clayton","34","0","3"
"01-04 years","Clinch","15","0","0"
"05-09 years","Clinch","22","0","0"
"10-17 years","Clinch","83","0","0"
"18-29 years","Clinch","141","0","2"
"30-39 years","Clinch","120","1","4"
"40-49 years","Clinch","113","0","3"
"50-59 years","Clinch","115","2","17"
"60-69 years","Clinch","118","7","18"
"70-79 years","Clinch","56","9","19"
"80 & Older years","Clinch","22","6","7"
"<1 years","Clinch","4","0","0"
"Unknown years","Clinch","2","0","0"
"01-04 years","Cobb","891","1","18"
"05-09 years","Cobb","1636","0","16"
"10-17 years","Cobb","5059","0","49"
"18-29 years","Cobb","16317","6","258"
"30-39 years","Cobb","11208","20","314"
"40-49 years","Cobb","10479","37","502"
"50-59 years","Cobb","9381","78","667"
"60-69 years","Cobb","5737","161","661"
"70-79 years","Cobb","3112","308","629"
"80 & Older years","Cobb","1861","429","571"
"<1 years","Cobb","221","0","18"
"Unknown years","Cobb","60","0","1"
"01-04 years","Coffee","93","0","2"
"05-09 years","Coffee","119","0","4"
"10-17 years","Coffee","329","0","5"
"18-29 years","Coffee","971","0","24"
"30-39 years","Coffee","715","4","49"
"40-49 years","Coffee","764","8","93"
"50-59 years","Coffee","746","14","151"
"60-69 years","Coffee","571","37","149"
"70-79 years","Coffee","299","44","127"
"80 & Older years","Coffee","161","41","88"
"<1 years","Coffee","22","0","2"
"Unknown years","Coffee","4","0","0"
"01-04 years","Colquitt","62","0","0"
"05-09 years","Colquitt","127","0","2"
"10-17 years","Colquitt","427","0","8"
"18-29 years","Colquitt","868","0","23"
"30-39 years","Colquitt","617","2","23"
"40-49 years","Colquitt","633","7","41"
"50-59 years","Colquitt","573","17","47"
"60-69 years","Colquitt","411","17","54"
"70-79 years","Colquitt","258","18","53"
"80 & Older years","Colquitt","155","29","33"
"<1 years","Colquitt","23","0","1"
"01-04 years","Columbia","157","0","2"
"05-09 years","Columbia","328","0","1"
"10-17 years","Columbia","1191","0","1"
"18-29 years","Columbia","2437","1","27"
"30-39 years","Columbia","2171","2","32"
"40-49 years","Columbia","1928","8","54"
"50-59 years","Columbia","1627","20","79"
"60-69 years","Columbia","1053","27","104"
"70-79 years","Columbia","559","45","118"
"80 & Older years","Columbia","324","66","105"
"<1 years","Columbia","38","0","1"
"Unknown years","Columbia","8","0","0"
"01-04 years","Cook","17","0","1"
"05-09 years","Cook","28","0","0"
"10-17 years","Cook","103","0","2"
"18-29 years","Cook","252","0","6"
"30-39 years","Cook","183","0","4"
"40-49 years","Cook","199","0","16"
"50-59 years","Cook","177","3","18"
"60-69 years","Cook","136","7","18"
"70-79 years","Cook","103","12","29"
"80 & Older years","Cook","59","17","15"
"<1 years","Cook","7","0","0"
"Unknown years","Cook","1","0","0"
"01-04 years","Coweta","125","0","0"
"05-09 years","Coweta","222","0","1"
"10-17 years","Coweta","710","0","7"
"18-29 years","Coweta","1744","1","22"
"30-39 years","Coweta","1374","6","39"
"40-49 years","Coweta","1469","11","54"
"50-59 years","Coweta","1680","29","82"
"60-69 years","Coweta","1037","40","77"
"70-79 years","Coweta","648","63","89"
"80 & Older years","Coweta","347","77","52"
"<1 years","Coweta","30","0","1"
"Unknown years","Coweta","5","0","0"
"01-04 years","Crawford","2","0","0"
"05-09 years","Crawford","3","0","0"
"10-17 years","Crawford","29","0","2"
"18-29 years","Crawford","93","0","3"
"30-39 years","Crawford","88","0","7"
"40-49 years","Crawford","65","1","5"
"50-59 years","Crawford","118","3","17"
"60-69 years","Crawford","111","7","18"
"70-79 years","Crawford","46","6","15"
"80 & Older years","Crawford","26","2","11"
"Unknown years","Crawford","1","0","0"
"01-04 years","Crisp","22","0","0"
"05-09 years","Crisp","31","0","0"
"10-17 years","Crisp","125","0","2"
"18-29 years","Crisp","257","0","11"
"30-39 years","Crisp","246","1","15"
"40-49 years","Crisp","222","3","22"
"50-59 years","Crisp","218","4","28"
"60-69 years","Crisp","210","18","41"
"70-79 years","Crisp","107","14","34"
"80 & Older years","Crisp","72","19","18"
"<1 years","Crisp","11","0","0"
"Unknown years","Crisp","7","0","0"
"01-04 years","Dade","20","0","0"
"05-09 years","Dade","42","0","0"
"10-17 years","Dade","110","0","0"
"18-29 years","Dade","252","0","1"
"30-39 years","Dade","168","0","2"
"40-49 years","Dade","206","0","7"
"50-59 years","Dade","183","2","11"
"60-69 years","Dade","140","1","9"
"70-79 years","Dade","103","7","20"
"80 & Older years","Dade","55","3","10"
"<1 years","Dade","6","0","0"
"Unknown years","Dade","25","0","2"
"01-04 years","Dawson","30","0","0"
"05-09 years","Dawson","51","0","0"
"10-17 years","Dawson","216","0","4"
"18-29 years","Dawson","576","0","15"
"30-39 years","Dawson","448","0","18"
"40-49 years","Dawson","406","0","25"
"50-59 years","Dawson","452","4","38"
"60-69 years","Dawson","365","6","73"
"70-79 years","Dawson","228","21","52"
"80 & Older years","Dawson","90","17","29"
"<1 years","Dawson","8","0","2"
"Unknown years","Dawson","25","0","1"
"01-04 years","DeKalb","1042","0","24"
"05-09 years","DeKalb","1544","0","23"
"10-17 years","DeKalb","4015","0","69"
"18-29 years","DeKalb","14613","11","421"
"30-39 years","DeKalb","12603","19","607"
"40-49 years","DeKalb","9910","42","679"
"50-59 years","DeKalb","8855","118","929"
"60-69 years","DeKalb","5612","195","1020"
"70-79 years","DeKalb","2757","267","786"
"80 & Older years","DeKalb","1697","352","568"
"<1 years","DeKalb","216","0","11"
"Unknown years","DeKalb","181","0","11"
"01-04 years","Decatur","75","0","1"
"05-09 years","Decatur","74","0","0"
"10-17 years","Decatur","226","0","0"
"18-29 years","Decatur","476","1","10"
"30-39 years","Decatur","358","1","8"
"40-49 years","Decatur","342","2","20"
"50-59 years","Decatur","310","6","32"
"60-69 years","Decatur","241","11","37"
"70-79 years","Decatur","150","21","31"
"80 & Older years","Decatur","101","20","23"
"<1 years","Decatur","12","0","0"
"Unknown years","Decatur","4","0","0"
"01-04 years","Dodge","7","0","0"
"05-09 years","Dodge","19","0","0"
"10-17 years","Dodge","98","1","1"
"18-29 years","Dodge","213","0","4"
"30-39 years","Dodge","160","0","6"
"40-49 years","Dodge","166","2","12"
"50-59 years","Dodge","186","5","20"
"60-69 years","Dodge","149","17","29"
"70-79 years","Dodge","85","17","23"
"80 & Older years","Dodge","53","14","16"
"<1 years","Dodge","5","0","0"
"01-04 years","Dooly","14","0","0"
"05-09 years","Dooly","18","0","0"
"10-17 years","Dooly","61","0","1"
"18-29 years","Dooly","125","0","5"
"30-39 years","Dooly","107","0","11"
"40-49 years","Dooly","141","1","11"
"50-59 years","Dooly","148","5","20"
"60-69 years","Dooly","132","10","24"
"70-79 years","Dooly","66","10","17"
"80 & Older years","Dooly","22","5","6"
"<1 years","Dooly","4","0","0"
"Unknown years","Dooly","7","0","0"
"01-04 years","Dougherty","91","0","3"
"05-09 years","Dougherty","151","0","0"
"10-17 years","Dougherty","318","0","8"
"18-29 years","Dougherty","1138","3","102"
"30-39 years","Dougherty","953","5","94"
"40-49 years","Dougherty","925","17","131"
"50-59 years","Dougherty","981","27","179"
"60-69 years","Dougherty","812","77","265"
"70-79 years","Dougherty","472","66","183"
"80 & Older years","Dougherty","280","95","132"
"<1 years","Dougherty","37","0","4"
"Unknown years","Dougherty","1","0","0"
"01-04 years","Douglas","213","0","5"
"05-09 years","Douglas","336","0","5"
"10-17 years","Douglas","1070","1","13"
"18-29 years","Douglas","2584","1","55"
"30-39 years","Douglas","2179","3","87"
"40-49 years","Douglas","2425","8","137"
"50-59 years","Douglas","2155","24","197"
"60-69 years","Douglas","1226","40","201"
"70-79 years","Douglas","638","63","164"
"80 & Older years","Douglas","312","52","105"
"<1 years","Douglas","44","0","5"
"Unknown years","Douglas","11","0","1"
"01-04 years","Early","26","0","0"
"05-09 years","Early","29","0","0"
"10-17 years","Early","135","0","0"
"18-29 years","Early","191","1","8"
"30-39 years","Early","175","0","4"
"40-49 years","Early","188","1","10"
"50-59 years","Early","176","3","12"
"60-69 years","Early","128","11","14"
"70-79 years","Early","83","14","18"
"80 & Older years","Early","41","12","15"
"<1 years","Early","3","0","0"
"Unknown years","Early","1","0","0"
"01-04 years","Echols","8","0","0"
"05-09 years","Echols","6","0","0"
"10-17 years","Echols","27","0","1"
"18-29 years","Echols","132","0","1"
"30-39 years","Echols","62","1","3"
"40-49 years","Echols","43","0","1"
"50-59 years","Echols","45","0","2"
"60-69 years","Echols","23","0","0"
"70-79 years","Echols","18","2","3"
"80 & Older years","Echols","3","1","2"
"<1 years","Echols","2","0","0"
"01-04 years","Effingham","76","0","2"
"05-09 years","Effingham","149","0","1"
"10-17 years","Effingham","465","0","1"
"18-29 years","Effingham","807","0","8"
"30-39 years","Effingham","754","1","17"
"40-49 years","Effingham","690","1","33"
"50-59 years","Effingham","670","14","56"
"60-69 years","Effingham","427","10","68"
"70-79 years","Effingham","240","23","69"
"80 & Older years","Effingham","109","25","37"
"<1 years","Effingham","17","0","0"
"Unknown years","Effingham","3","0","0"
"01-04 years","Elbert","21","0","0"
"05-09 years","Elbert","32","0","0"
"10-17 years","Elbert","92","0","1"
"18-29 years","Elbert","275","1","2"
"30-39 years","Elbert","199","0","8"
"40-49 years","Elbert","229","1","10"
"50-59 years","Elbert","240","1","14"
"60-69 years","Elbert","194","6","23"
"70-79 years","Elbert","165","20","36"
"80 & Older years","Elbert","130","31","39"
"<1 years","Elbert","8","0","2"
"Unknown years","Elbert","2","0","0"
"01-04 years","Emanuel","29","0","1"
"05-09 years","Emanuel","35","0","0"
"10-17 years","Emanuel","188","0","2"
"18-29 years","Emanuel","358","1","0"
"30-39 years","Emanuel","262","0","9"
"40-49 years","Emanuel","307","2","7"
"50-59 years","Emanuel","279","6","29"
"60-69 years","Emanuel","237","10","30"
"70-79 years","Emanuel","138","16","27"
"80 & Older years","Emanuel","68","20","23"
"<1 years","Emanuel","6","0","1"
"Unknown years","Emanuel","8","0","1"
"01-04 years","Evans","16","0","0"
"05-09 years","Evans","24","0","0"
"10-17 years","Evans","97","0","1"
"18-29 years","Evans","178","1","3"
"30-39 years","Evans","155","0","4"
"40-49 years","Evans","135","1","14"
"50-59 years","Evans","140","4","17"
"60-69 years","Evans","80","4","17"
"70-79 years","Evans","55","7","17"
"80 & Older years","Evans","21","3","12"
"<1 years","Evans","4","0","0"
"01-04 years","Fannin","20","0","1"
"05-09 years","Fannin","36","0","0"
"10-17 years","Fannin","146","0","0"
"18-29 years","Fannin","332","0","6"
"30-39 years","Fannin","264","0","7"
"40-49 years","Fannin","302","1","13"
"50-59 years","Fannin","404","5","27"
"60-69 years","Fannin","402","7","43"
"70-79 years","Fannin","287","20","54"
"80 & Older years","Fannin","153","33","50"
"<1 years","Fannin","5","0","0"
"01-04 years","Fayette","77","0","1"
"05-09 years","Fayette","162","0","3"
"10-17 years","Fayette","614","0","5"
"18-29 years","Fayette","1352","2","11"
"30-39 years","Fayette","901","3","11"
"40-49 years","Fayette","1186","5","35"
"50-59 years","Fayette","1237","9","64"
"60-69 years","Fayette","913","25","68"
"70-79 years","Fayette","465","55","85"
"80 & Older years","Fayette","299","64","50"
"<1 years","Fayette","15","0","0"
"Unknown years","Fayette","11","0","0"
"01-04 years","Floyd","139","0","4"
"05-09 years","Floyd","232","0","1"
"10-17 years","Floyd","970","0","11"
"18-29 years","Floyd","2131","0","32"
"30-39 years","Floyd","1594","3","53"
"40-49 years","Floyd","1536","7","92"
"50-59 years","Floyd","1510","25","157"
"60-69 years","Floyd","1098","40","203"
"70-79 years","Floyd","720","56","197"
"80 & Older years","Floyd","404","71","149"
"<1 years","Floyd","50","0","2"
"Unknown years","Floyd","78","0","3"
"01-04 years","Forsyth","277","0","3"
"05-09 years","Forsyth","687","0","2"
"10-17 years","Forsyth","2398","0","7"
"18-29 years","Forsyth","3419","0","51"
"30-39 years","Forsyth","2594","1","64"
"40-49 years","Forsyth","3395","5","145"
"50-59 years","Forsyth","3123","11","187"
"60-69 years","Forsyth","1595","25","180"
"70-79 years","Forsyth","933","64","229"
"80 & Older years","Forsyth","552","93","174"
"<1 years","Forsyth","56","0","3"
"Unknown years","Forsyth","284","0","4"
"01-04 years","Franklin","21","0","2"
"05-09 years","Franklin","61","0","0"
"10-17 years","Franklin","199","0","6"
"18-29 years","Franklin","488","0","10"
"30-39 years","Franklin","322","0","8"
"40-49 years","Franklin","367","0","14"
"50-59 years","Franklin","380","2","29"
"60-69 years","Franklin","338","3","37"
"70-79 years","Franklin","211","19","40"
"80 & Older years","Franklin","116","23","28"
"<1 years","Franklin","7","0","1"
"Unknown years","Franklin","35","0","0"
"01-04 years","Fulton","1242","0","40"
"05-09 years","Fulton","2051","0","24"
"10-17 years","Fulton","6269","1","64"
"18-29 years","Fulton","23593","5","437"
"30-39 years","Fulton","17440","29","618"
"40-49 years","Fulton","13673","43","709"
"50-59 years","Fulton","12073","127","1053"
"60-69 years","Fulton","7017","255","981"
"70-79 years","Fulton","3721","367","887"
"80 & Older years","Fulton","2650","559","840"
"<1 years","Fulton","265","0","13"
"Unknown years","Fulton","75","0","3"
"01-04 years","Gilmer","34","0","2"
"05-09 years","Gilmer","47","0","0"
"10-17 years","Gilmer","203","0","2"
"18-29 years","Gilmer","390","0","13"
"30-39 years","Gilmer","342","0","17"
"40-49 years","Gilmer","376","0","18"
"50-59 years","Gilmer","424","11","32"
"60-69 years","Gilmer","407","10","50"
"70-79 years","Gilmer","286","24","62"
"80 & Older years","Gilmer","140","35","41"
"<1 years","Gilmer","13","0","0"
"Unknown years","Gilmer","1","0","0"
"01-04 years","Glascock","1","0","0"
"05-09 years","Glascock","3","0","0"
"10-17 years","Glascock","2","0","0"
"18-29 years","Glascock","23","0","1"
"30-39 years","Glascock","19","0","0"
"40-49 years","Glascock","21","0","1"
"50-59 years","Glascock","30","2","3"
"60-69 years","Glascock","17","0","5"
"70-79 years","Glascock","26","3","9"
"80 & Older years","Glascock","9","2","5"
"<1 years","Glascock","1","0","0"
"Unknown years","Glascock","1","0","0"
"01-04 years","Glynn","133","0","1"
"05-09 years","Glynn","233","0","1"
"10-17 years","Glynn","698","0","3"
"18-29 years","Glynn","1581","0","25"
"30-39 years","Glynn","1274","5","36"
"40-49 years","Glynn","1058","4","47"
"50-59 years","Glynn","1001","10","79"
"60-69 years","Glynn","814","36","128"
"70-79 years","Glynn","515","44","89"
"80 & Older years","Glynn","285","64","93"
"<1 years","Glynn","26","0","1"
"Unknown years","Glynn","159","0","0"
"01-04 years","Gordon","94","0","1"
"05-09 years","Gordon","136","0","2"
"10-17 years","Gordon","593","0","5"
"18-29 years","Gordon","1353","0","16"
"30-39 years","Gordon","1062","2","22"
"40-49 years","Gordon","1108","5","37"
"50-59 years","Gordon","1089","15","59"
"60-69 years","Gordon","682","23","60"
"70-79 years","Gordon","381","27","81"
"80 & Older years","Gordon","202","35","59"
"<1 years","Gordon","33","0","3"
"Unknown years","Gordon","76","0","1"
"01-04 years","Grady","41","0","1"
"05-09 years","Grady","58","0","0"
"10-17 years","Grady","166","0","5"
"18-29 years","Grady","306","0","10"
"30-39 years","Grady","260","0","13"
"40-49 years","Grady","282","2","28"
"50-59 years","Grady","258","7","36"
"60-69 years","Grady","184","5","29"
"70-79 years","Grady","170","19","51"
"80 & Older years","Grady","60","18","23"
"<1 years","Grady","4","0","2"
"Unknown years","Grady","2","0","0"
"01-04 years","Greene","18","0","0"
"05-09 years","Greene","36","0","0"
"10-17 years","Greene","105","0","0"
"18-29 years","Greene","282","0","7"
"30-39 years","Greene","206","0","8"
"40-49 years","Greene","195","3","14"
"50-59 years","Greene","243","6","21"
"60-69 years","Greene","244","8","22"
"70-79 years","Greene","181","12","29"
"80 & Older years","Greene","106","27","43"
"<1 years","Greene","6","0","1"
"Unknown years","Greene","2","0","0"
"01-04 years","Gwinnett","1481","0","19"
"05-09 years","Gwinnett","2390","0","27"
"10-17 years","Gwinnett","7729","2","73"
"18-29 years","Gwinnett","20477","9","535"
"30-39 years","Gwinnett","15588","23","572"
"40-49 years","Gwinnett","16383","66","803"
"50-59 years","Gwinnett","13942","116","930"
"60-69 years","Gwinnett","7665","223","963"
"70-79 years","Gwinnett","3448","289","780"
"80 & Older years","Gwinnett","1908","413","686"
"<1 years","Gwinnett","448","0","23"
"Unknown years","Gwinnett","82","0","1"
"01-04 years","Habersham","39","0","3"
"05-09 years","Habersham","63","0","3"
"10-17 years","Habersham","328","1","8"
"18-29 years","Habersham","922","1","14"
"30-39 years","Habersham","700","2","33"
"40-49 years","Habersham","716","3","44"
"50-59 years","Habersham","745","7","63"
"60-69 years","Habersham","606","21","124"
"70-79 years","Habersham","406","50","117"
"80 & Older years","Habersham","291","72","95"
"<1 years","Habersham","11","0","4"
"Unknown years","Habersham","46","0","4"
"01-04 years","Hall","213","0","8"
"05-09 years","Hall","455","0","5"
"10-17 years","Hall","1956","0","33"
"18-29 years","Hall","5802","4","179"
"30-39 years","Hall","3942","3","218"
"40-49 years","Hall","4081","14","300"
"50-59 years","Hall","4246","39","439"
"60-69 years","Hall","2820","91","454"
"70-79 years","Hall","1805","132","517"
"80 & Older years","Hall","989","196","402"
"<1 years","Hall","39","0","7"
"Unknown years","Hall","280","0","8"
"01-04 years","Hancock","8","0","0"
"05-09 years","Hancock","9","0","0"
"10-17 years","Hancock","37","0","1"
"18-29 years","Hancock","136","0","3"
"30-39 years","Hancock","118","0","2"
"40-49 years","Hancock","115","1","7"
"50-59 years","Hancock","149","4","16"
"60-69 years","Hancock","147","18","32"
"70-79 years","Hancock","82","20","27"
"80 & Older years","Hancock","63","23","24"
"<1 years","Hancock","4","0","0"
"Unknown years","Hancock","1","0","0"
"01-04 years","Haralson","26","0","0"
"05-09 years","Haralson","43","0","0"
"10-17 years","Haralson","166","0","2"
"18-29 years","Haralson","376","0","3"
"30-39 years","Haralson","247","0","5"
"40-49 years","Haralson","261","2","8"
"50-59 years","Haralson","297","1","7"
"60-69 years","Haralson","207","13","25"
"70-79 years","Haralson","133","13","19"
"80 & Older years","Haralson","56","7","10"
"<1 years","Haralson","8","0","1"
"Unknown years","Haralson","3","0","0"
"01-04 years","Harris","34","0","0"
"05-09 years","Harris","45","0","0"
"10-17 years","Harris","206","0","2"
"18-29 years","Harris","388","0","7"
"30-39 years","Harris","288","0","9"
"40-49 years","Harris","405","3","14"
"50-59 years","Harris","439","8","27"
"60-69 years","Harris","351","13","56"
"70-79 years","Harris","209","26","48"
"80 & Older years","Harris","64","14","16"
"<1 years","Harris","7","0","0"
"Unknown years","Harris","11","0","0"
"01-04 years","Hart","19","0","0"
"05-09 years","Hart","24","0","1"
"10-17 years","Hart","106","0","0"
"18-29 years","Hart","328","0","2"
"30-39 years","Hart","278","0","8"
"40-49 years","Hart","254","0","10"
"50-59 years","Hart","302","3","23"
"60-69 years","Hart","246","13","32"
"70-79 years","Hart","165","8","28"
"80 & Older years","Hart","89","15","29"
"<1 years","Hart","6","0","1"
"Unknown years","Hart","16","0","0"
"01-04 years","Heard","9","0","0"
"05-09 years","Heard","16","0","0"
"10-17 years","Heard","68","0","1"
"18-29 years","Heard","119","0","1"
"30-39 years","Heard","80","0","1"
"40-49 years","Heard","123","0","10"
"50-59 years","Heard","124","1","6"
"60-69 years","Heard","89","4","11"
"70-79 years","Heard","56","7","17"
"80 & Older years","Heard","24","6","4"
"<1 years","Heard","4","0","0"
"01-04 years","Henry","286","0","9"
"05-09 years","Henry","501","0","2"
"10-17 years","Henry","1681","0","18"
"18-29 years","Henry","4267","1","49"
"30-39 years","Henry","3576","7","60"
"40-49 years","Henry","3805","16","113"
"50-59 years","Henry","3655","25","144"
"60-69 years","Henry","2023","76","118"
"70-79 years","Henry","1008","93","101"
"80 & Older years","Henry","521","101","70"
"<1 years","Henry","57","0","2"
"Unknown years","Henry","26","0","2"
"01-04 years","Houston","135","0","3"
"05-09 years","Houston","209","0","1"
"10-17 years","Houston","847","0","4"
"18-29 years","Houston","2375","4","50"
"30-39 years","Houston","2044","3","77"
"40-49 years","Houston","1886","10","113"
"50-59 years","Houston","1620","16","142"
"60-69 years","Houston","1055","49","183"
"70-79 years","Houston","592","67","181"
"80 & Older years","Houston","314","60","111"
"<1 years","Houston","28","0","3"
"Unknown years","Houston","2","0","0"
"01-04 years","Irwin","6","0","0"
"05-09 years","Irwin","11","0","0"
"10-17 years","Irwin","52","0","0"
"18-29 years","Irwin","156","0","5"
"30-39 years","Irwin","133","0","6"
"40-49 years","Irwin","140","1","10"
"50-59 years","Irwin","114","3","12"
"60-69 years","Irwin","92","1","22"
"70-79 years","Irwin","51","6","9"
"80 & Older years","Irwin","38","8","22"
"Unknown years","Irwin","2","0","0"
"01-04 years","Jackson","77","0","0"
"05-09 years","Jackson","184","0","3"
"10-17 years","Jackson","878","0","9"
"18-29 years","Jackson","1598","2","24"
"30-39 years","Jackson","1470","2","35"
"40-49 years","Jackson","1556","6","66"
"50-59 years","Jackson","1442","7","92"
"60-69 years","Jackson","990","28","96"
"70-79 years","Jackson","659","38","125"
"80 & Older years","Jackson","325","57","108"
"<1 years","Jackson","29","0","2"
"Unknown years","Jackson","13","0","1"
"01-04 years","Jasper","6","0","0"
"05-09 years","Jasper","10","0","0"
"10-17 years","Jasper","42","0","0"
"18-29 years","Jasper","133","0","4"
"30-39 years","Jasper","108","0","2"
"40-49 years","Jasper","111","1","4"
"50-59 years","Jasper","139","2","14"
"60-69 years","Jasper","106","8","20"
"70-79 years","Jasper","57","6","12"
"80 & Older years","Jasper","21","3","6"
"<1 years","Jasper","5","0","2"
"01-04 years","Jeff Davis","31","0","0"
"05-09 years","Jeff Davis","40","0","0"
"10-17 years","Jeff Davis","128","0","2"
"18-29 years","Jeff Davis","294","0","5"
"30-39 years","Jeff Davis","240","0","9"
"40-49 years","Jeff Davis","231","0","14"
"50-59 years","Jeff Davis","211","7","22"
"60-69 years","Jeff Davis","133","8","23"
"70-79 years","Jeff Davis","90","14","20"
"80 & Older years","Jeff Davis","19","8","7"
"<1 years","Jeff Davis","3","0","1"
"01-04 years","Jefferson","20","0","0"
"05-09 years","Jefferson","32","0","0"
"10-17 years","Jefferson","114","0","2"
"18-29 years","Jefferson","254","0","3"
"30-39 years","Jefferson","208","0","9"
"40-49 years","Jefferson","227","3","18"
"50-59 years","Jefferson","279","5","26"
"60-69 years","Jefferson","261","12","39"
"70-79 years","Jefferson","158","19","42"
"80 & Older years","Jefferson","72","22","31"
"<1 years","Jefferson","4","0","0"
"Unknown years","Jefferson","8","0","0"
"01-04 years","Jenkins","17","0","0"
"05-09 years","Jenkins","22","0","0"
"10-17 years","Jenkins","65","0","0"
"18-29 years","Jenkins","126","0","2"
"30-39 years","Jenkins","94","2","6"
"40-49 years","Jenkins","123","2","11"
"50-59 years","Jenkins","132","6","23"
"60-69 years","Jenkins","90","6","13"
"70-79 years","Jenkins","58","13","21"
"80 & Older years","Jenkins","50","10","11"
"<1 years","Jenkins","2","0","0"
"Unknown years","Jenkins","1","0","0"
"01-04 years","Johnson","7","0","1"
"05-09 years","Johnson","8","0","0"
"10-17 years","Johnson","32","0","0"
"18-29 years","Johnson","129","0","4"
"30-39 years","Johnson","111","0","3"
"40-49 years","Johnson","101","2","6"
"50-59 years","Johnson","140","5","17"
"60-69 years","Johnson","133","8","23"
"70-79 years","Johnson","92","9","25"
"80 & Older years","Johnson","67","19","19"
"<1 years","Johnson","2","0","2"
"01-04 years","Jones","8","0","1"
"05-09 years","Jones","27","0","0"
"10-17 years","Jones","98","0","0"
"18-29 years","Jones","369","0","8"
"30-39 years","Jones","274","1","10"
"40-49 years","Jones","259","2","19"
"50-59 years","Jones","286","3","30"
"60-69 years","Jones","198","6","39"
"70-79 years","Jones","138","22","49"
"80 & Older years","Jones","81","21","26"
"<1 years","Jones","3","0","0"
"Unknown years","Jones","1","0","0"
"01-04 years","Lamar","37","0","0"
"05-09 years","Lamar","60","0","0"
"10-17 years","Lamar","133","0","4"
"18-29 years","Lamar","250","0","5"
"30-39 years","Lamar","215","0","12"
"40-49 years","Lamar","207","1","8"
"50-59 years","Lamar","206","4","32"
"60-69 years","Lamar","205","10","28"
"70-79 years","Lamar","134","13","27"
"80 & Older years","Lamar","67","20","21"
"<1 years","Lamar","17","0","1"
"01-04 years","Lanier","9","0","0"
"05-09 years","Lanier","13","0","1"
"10-17 years","Lanier","46","0","1"
"18-29 years","Lanier","123","1","1"
"30-39 years","Lanier","133","0","2"
"40-49 years","Lanier","82","1","3"
"50-59 years","Lanier","64","1","6"
"60-69 years","Lanier","42","3","3"
"70-79 years","Lanier","25","4","6"
"80 & Older years","Lanier","14","0","6"
"<1 years","Lanier","5","0","0"
"Unknown years","Lanier","1","0","0"
"01-04 years","Laurens","39","0","1"
"05-09 years","Laurens","63","0","2"
"10-17 years","Laurens","284","0","5"
"18-29 years","Laurens","783","0","10"
"30-39 years","Laurens","623","1","20"
"40-49 years","Laurens","641","5","31"
"50-59 years","Laurens","627","12","66"
"60-69 years","Laurens","511","32","88"
"70-79 years","Laurens","332","48","86"
"80 & Older years","Laurens","224","51","63"
"<1 years","Laurens","13","0","3"
"Unknown years","Laurens","3","0","0"
"01-04 years","Lee","19","0","0"
"05-09 years","Lee","37","0","3"
"10-17 years","Lee","132","0","2"
"18-29 years","Lee","299","1","12"
"30-39 years","Lee","334","1","19"
"40-49 years","Lee","330","4","31"
"50-59 years","Lee","291","10","51"
"60-69 years","Lee","201","13","34"
"70-79 years","Lee","97","13","34"
"80 & Older years","Lee","56","9","22"
"<1 years","Lee","10","0","0"
"Unknown years","Lee","1","0","0"
"01-04 years","Liberty","96","0","1"
"05-09 years","Liberty","135","0","1"
"10-17 years","Liberty","325","0","2"
"18-29 years","Liberty","1323","1","16"
"30-39 years","Liberty","713","1","26"
"40-49 years","Liberty","531","1","19"
"50-59 years","Liberty","497","11","52"
"60-69 years","Liberty","330","18","55"
"70-79 years","Liberty","149","17","56"
"80 & Older years","Liberty","64","15","25"
"<1 years","Liberty","41","0","1"
"Unknown years","Liberty","7","0","0"
"01-04 years","Lincoln","9","0","0"
"05-09 years","Lincoln","13","0","0"
"10-17 years","Lincoln","36","0","0"
"18-29 years","Lincoln","99","0","3"
"30-39 years","Lincoln","79","0","1"
"40-49 years","Lincoln","87","1","8"
"50-59 years","Lincoln","72","3","5"
"60-69 years","Lincoln","80","5","17"
"70-79 years","Lincoln","53","9","14"
"80 & Older years","Lincoln","21","7","9"
"<1 years","Lincoln","3","0","0"
"Unknown years","Lincoln","4","0","0"
"01-04 years","Long","22","0","0"
"05-09 years","Long","25","0","0"
"10-17 years","Long","89","0","0"
"18-29 years","Long","161","0","0"
"30-39 years","Long","166","0","3"
"40-49 years","Long","139","0","7"
"50-59 years","Long","99","1","11"
"60-69 years","Long","76","3","12"
"70-79 years","Long","41","6","14"
"80 & Older years","Long","18","2","7"
"<1 years","Long","10","0","0"
"Unknown years","Long","1","0","0"
"01-04 years","Lowndes","176","0","0"
"05-09 years","Lowndes","215","0","0"
"10-17 years","Lowndes","686","0","8"
"18-29 years","Lowndes","2699","4","33"
"30-39 years","Lowndes","1458","1","25"
"40-49 years","Lowndes","1165","5","52"
"50-59 years","Lowndes","996","12","72"
"60-69 years","Lowndes","676","30","89"
"70-79 years","Lowndes","384","41","72"
"80 & Older years","Lowndes","225","58","68"
"<1 years","Lowndes","46","0","1"
"Unknown years","Lowndes","7","0","0"
"01-04 years","Lumpkin","17","0","1"
"05-09 years","Lumpkin","35","0","2"
"10-17 years","Lumpkin","153","0","3"
"18-29 years","Lumpkin","784","0","14"
"30-39 years","Lumpkin","366","0","11"
"40-49 years","Lumpkin","375","1","25"
"50-59 years","Lumpkin","441","5","50"
"60-69 years","Lumpkin","402","13","60"
"70-79 years","Lumpkin","291","18","77"
"80 & Older years","Lumpkin","145","34","71"
"<1 years","Lumpkin","7","0","1"
"Unknown years","Lumpkin","30","0","2"
"01-04 years","Macon","10","0","0"
"05-09 years","Macon","12","0","0"
"10-17 years","Macon","25","0","0"
"18-29 years","Macon","119","0","4"
"30-39 years","Macon","86","0","4"
"40-49 years","Macon","115","3","9"
"50-59 years","Macon","129","5","17"
"60-69 years","Macon","85","8","28"
"70-79 years","Macon","56","7","21"
"80 & Older years","Macon","21","9","9"
"<1 years","Macon","3","0","0"
"Unknown years","Macon","3","0","1"
"01-04 years","Madison","43","0","1"
"05-09 years","Madison","62","0","0"
"10-17 years","Madison","244","0","0"
"18-29 years","Madison","554","0","3"
"30-39 years","Madison","451","0","6"
"40-49 years","Madison","454","0","19"
"50-59 years","Madison","462","4","26"
"60-69 years","Madison","360","10","43"
"70-79 years","Madison","212","18","46"
"80 & Older years","Madison","82","14","15"
"<1 years","Madison","20","0","4"
"Unknown years","Madison","4","0","0"
"01-04 years","Marion","10","0","0"
"05-09 years","Marion","9","0","1"
"10-17 years","Marion","46","0","0"
"18-29 years","Marion","77","0","2"
"30-39 years","Marion","56","0","2"
"40-49 years","Marion","73","1","6"
"50-59 years","Marion","70","6","7"
"60-69 years","Marion","55","6","7"
"70-79 years","Marion","32","5","9"
"80 & Older years","Marion","31","5","9"
"<1 years","Marion","4","0","0"
"Unknown years","Marion","3","0","0"
"01-04 years","McDuffie","31","0","0"
"05-09 years","McDuffie","38","0","0"
"10-17 years","McDuffie","140","0","0"
"18-29 years","McDuffie","363","0","6"
"30-39 years","McDuffie","270","2","4"
"40-49 years","McDuffie","274","2","16"
"50-59 years","McDuffie","270","5","32"
"60-69 years","McDuffie","219","10","35"
"70-79 years","McDuffie","127","11","51"
"80 & Older years","McDuffie","61","15","29"
"<1 years","McDuffie","4","0","0"
"Unknown years","McDuffie","18","0","0"
"01-04 years","McIntosh","4","0","0"
"05-09 years","McIntosh","16","0","0"
"10-17 years","McIntosh","46","0","0"
"18-29 years","McIntosh","128","0","4"
"30-39 years","McIntosh","93","0","3"
"40-49 years","McIntosh","119","0","4"
"50-59 years","McIntosh","149","0","7"
"60-69 years","McIntosh","112","2","18"
"70-79 years","McIntosh","66","4","16"
"80 & Older years","McIntosh","30","8","9"
"<1 years","McIntosh","1","0","0"
"Unknown years","McIntosh","5","0","0"
"01-04 years","Meriwether","36","0","3"
"05-09 years","Meriwether","37","0","1"
"10-17 years","Meriwether","97","0","1"
"18-29 years","Meriwether","250","0","7"
"30-39 years","Meriwether","205","2","16"
"40-49 years","Meriwether","246","4","19"
"50-59 years","Meriwether","263","7","25"
"60-69 years","Meriwether","240","14","35"
"70-79 years","Meriwether","197","25","41"
"80 & Older years","Meriwether","104","29","24"
"<1 years","Meriwether","6","0","0"
"Unknown years","Meriwether","1","0","0"
"01-04 years","Miller","14","0","0"
"05-09 years","Miller","11","0","0"
"10-17 years","Miller","91","0","1"
"18-29 years","Miller","119","0","1"
"30-39 years","Miller","105","0","0"
"40-49 years","Miller","91","0","7"
"50-59 years","Miller","137","2","13"
"60-69 years","Miller","101","3","13"
"70-79 years","Miller","32","2","3"
"80 & Older years","Miller","27","2","6"
"<1 years","Miller","3","0","0"
"01-04 years","Mitchell","28","0","1"
"05-09 years","Mitchell","36","0","0"
"10-17 years","Mitchell","105","0","2"
"18-29 years","Mitchell","296","0","12"
"30-39 years","Mitchell","262","1","16"
"40-49 years","Mitchell","248","4","20"
"50-59 years","Mitchell","276","12","58"
"60-69 years","Mitchell","224","15","51"
"70-79 years","Mitchell","137","18","48"
"80 & Older years","Mitchell","98","27","33"
"<1 years","Mitchell","10","0","0"
"Unknown years","Mitchell","1","0","0"
"01-04 years","Monroe","16","0","2"
"05-09 years","Monroe","30","0","1"
"10-17 years","Monroe","109","0","0"
"18-29 years","Monroe","341","1","6"
"30-39 years","Monroe","292","0","9"
"40-49 years","Monroe","304","4","22"
"50-59 years","Monroe","352","3","29"
"60-69 years","Monroe","318","20","55"
"70-79 years","Monroe","179","23","48"
"80 & Older years","Monroe","125","42","39"
"<1 years","Monroe","3","0","1"
"01-04 years","Montgomery","11","0","0"
"05-09 years","Montgomery","8","0","0"
"10-17 years","Montgomery","55","0","1"
"18-29 years","Montgomery","178","0","1"
"30-39 years","Montgomery","118","2","5"
"40-49 years","Montgomery","142","0","2"
"50-59 years","Montgomery","122","3","8"
"60-69 years","Montgomery","106","4","13"
"70-79 years","Montgomery","61","6","12"
"80 & Older years","Montgomery","30","6","7"
"<1 years","Montgomery","1","0","0"
"Unknown years","Montgomery","1","0","0"
"01-04 years","Morgan","19","0","0"
"05-09 years","Morgan","33","0","1"
"10-17 years","Morgan","97","0","1"
"18-29 years","Morgan","236","0","5"
"30-39 years","Morgan","185","0","7"
"40-49 years","Morgan","190","1","7"
"50-59 years","Morgan","203","2","18"
"60-69 years","Morgan","158","6","19"
"70-79 years","Morgan","114","4","20"
"80 & Older years","Morgan","61","11","20"
"<1 years","Morgan","18","0","1"
"Unknown years","Morgan","1","0","0"
"01-04 years","Murray","74","0","2"
"05-09 years","Murray","112","0","2"
"10-17 years","Murray","430","0","2"
"18-29 years","Murray","924","0","11"
"30-39 years","Murray","647","1","9"
"40-49 years","Murray","804","0","26"
"50-59 years","Murray","666","9","52"
"60-69 years","Murray","457","15","75"
"70-79 years","Murray","278","37","71"
"80 & Older years","Murray","108","22","28"
"<1 years","Murray","27","0","2"
"01-04 years","Muscogee","281","0","8"
"05-09 years","Muscogee","446","0","0"
"10-17 years","Muscogee","1144","0","10"
"18-29 years","Muscogee","3759","5","87"
"30-39 years","Muscogee","2630","2","95"
"40-49 years","Muscogee","2218","8","130"
"50-59 years","Muscogee","2188","54","240"
"60-69 years","Muscogee","1715","94","310"
"70-79 years","Muscogee","941","113","247"
"80 & Older years","Muscogee","565","166","202"
"<1 years","Muscogee","94","0","7"
"Unknown years","Muscogee","45","0","0"
"01-04 years","Newton","96","0","2"
"05-09 years","Newton","182","0","0"
"10-17 years","Newton","532","0","11"
"18-29 years","Newton","1581","1","49"
"30-39 years","Newton","1328","2","67"
"40-49 years","Newton","1489","9","113"
"50-59 years","Newton","1397","29","141"
"60-69 years","Newton","783","42","120"
"70-79 years","Newton","527","67","116"
"80 & Older years","Newton","314","92","81"
"<1 years","Newton","34","0","4"
"Unknown years","Newton","1","0","0"
"01-04 years","Non-GA Resident/Unknown State","293","0","6"
"05-09 years","Non-GA Resident/Unknown State","452","0","5"
"10-17 years","Non-GA Resident/Unknown State","1298","0","7"
"18-29 years","Non-GA Resident/Unknown State","5999","4","70"
"30-39 years","Non-GA Resident/Unknown State","4246","3","100"
"40-49 years","Non-GA Resident/Unknown State","3550","18","123"
"50-59 years","Non-GA Resident/Unknown State","3500","58","223"
"60-69 years","Non-GA Resident/Unknown State","2512","128","300"
"70-79 years","Non-GA Resident/Unknown State","1631","145","322"
"80 & Older years","Non-GA Resident/Unknown State","890","150","214"
"<1 years","Non-GA Resident/Unknown State","160","0","2"
"Unknown years","Non-GA Resident/Unknown State","796","0","2"
"01-04 years","Oconee","39","0","0"
"05-09 years","Oconee","78","0","0"
"10-17 years","Oconee","356","0","0"
"18-29 years","Oconee","614","1","7"
"30-39 years","Oconee","399","1","5"
"40-49 years","Oconee","616","1","13"
"50-59 years","Oconee","513","5","12"
"60-69 years","Oconee","328","11","35"
"70-79 years","Oconee","186","18","24"
"80 & Older years","Oconee","138","30","42"
"<1 years","Oconee","11","0","0"
"01-04 years","Oglethorpe","20","0","0"
"05-09 years","Oglethorpe","34","0","0"
"10-17 years","Oglethorpe","103","0","1"
"18-29 years","Oglethorpe","223","0","3"
"30-39 years","Oglethorpe","162","2","2"
"40-49 years","Oglethorpe","187","1","8"
"50-59 years","Oglethorpe","188","1","18"
"60-69 years","Oglethorpe","155","1","16"
"70-79 years","Oglethorpe","113","11","16"
"80 & Older years","Oglethorpe","70","15","18"
"<1 years","Oglethorpe","11","0","0"
"01-04 years","Paulding","179","0","2"
"05-09 years","Paulding","328","0","0"
"10-17 years","Paulding","1164","0","7"
"18-29 years","Paulding","2245","1","34"
"30-39 years","Paulding","1931","2","39"
"40-49 years","Paulding","2068","8","62"
"50-59 years","Paulding","1906","19","90"
"60-69 years","Paulding","993","37","89"
"70-79 years","Paulding","562","41","83"
"80 & Older years","Paulding","329","68","70"
"<1 years","Paulding","46","0","0"
"Unknown years","Paulding","33","0","1"
"01-04 years","Peach","18","0","2"
"05-09 years","Peach","24","0","0"
"10-17 years","Peach","96","0","2"
"18-29 years","Peach","453","2","13"
"30-39 years","Peach","348","0","17"
"40-49 years","Peach","272","4","25"
"50-59 years","Peach","330","11","48"
"60-69 years","Peach","280","14","59"
"70-79 years","Peach","139","16","44"
"80 & Older years","Peach","71","16","29"
"<1 years","Peach","4","0","0"
"01-04 years","Pickens","24","0","2"
"05-09 years","Pickens","40","0","1"
"10-17 years","Pickens","159","0","1"
"18-29 years","Pickens","430","0","7"
"30-39 years","Pickens","361","0","14"
"40-49 years","Pickens","435","0","21"
"50-59 years","Pickens","472","4","30"
"60-69 years","Pickens","375","10","51"
"70-79 years","Pickens","292","22","74"
"80 & Older years","Pickens","129","27","40"
"<1 years","Pickens","3","0","1"
"01-04 years","Pierce","25","0","0"
"05-09 years","Pierce","33","0","0"
"10-17 years","Pierce","112","1","1"
"18-29 years","Pierce","274","0","6"
"30-39 years","Pierce","185","0","6"
"40-49 years","Pierce","243","0","18"
"50-59 years","Pierce","221","5","25"
"60-69 years","Pierce","173","13","45"
"70-79 years","Pierce","127","16","40"
"80 & Older years","Pierce","56","16","18"
"<1 years","Pierce","10","0","1"
"Unknown years","Pierce","3","0","0"
"01-04 years","Pike","34","0","0"
"05-09 years","Pike","34","0","0"
"10-17 years","Pike","133","0","1"
"18-29 years","Pike","192","1","7"
"30-39 years","Pike","171","0","3"
"40-49 years","Pike","221","2","13"
"50-59 years","Pike","179","5","13"
"60-69 years","Pike","128","4","20"
"70-79 years","Pike","90","9","23"
"80 & Older years","Pike","36","8","10"
"<1 years","Pike","5","0","0"
"Unknown years","Pike","1","0","0"
"01-04 years","Polk","49","0","1"
"05-09 years","Polk","83","0","2"
"10-17 years","Polk","334","0","3"
"18-29 years","Polk","869","0","13"
"30-39 years","Polk","613","1","18"
"40-49 years","Polk","609","3","40"
"50-59 years","Polk","640","12","84"
"60-69 years","Polk","411","17","77"
"70-79 years","Polk","334","26","95"
"80 & Older years","Polk","149","28","57"
"<1 years","Polk","28","0","1"
"Unknown years","Polk","27","0","0"
"01-04 years","Pulaski","5","0","0"
"05-09 years","Pulaski","10","0","0"
"10-17 years","Pulaski","42","0","1"
"18-29 years","Pulaski","93","0","2"
"30-39 years","Pulaski","97","0","2"
"40-49 years","Pulaski","96","0","10"
"50-59 years","Pulaski","106","0","6"
"60-69 years","Pulaski","96","8","13"
"70-79 years","Pulaski","48","13","16"
"80 & Older years","Pulaski","40","11","7"
"<1 years","Pulaski","3","0","0"
"01-04 years","Putnam","27","0","0"
"05-09 years","Putnam","52","0","1"
"10-17 years","Putnam","145","0","2"
"18-29 years","Putnam","331","0","4"
"30-39 years","Putnam","271","0","7"
"40-49 years","Putnam","254","2","13"
"50-59 years","Putnam","333","2","24"
"60-69 years","Putnam","293","13","34"
"70-79 years","Putnam","221","21","58"
"80 & Older years","Putnam","92","22","38"
"<1 years","Putnam","7","0","1"
"01-04 years","Quitman","1","0","0"
"05-09 years","Quitman","4","0","0"
"10-17 years","Quitman","7","0","0"
"18-29 years","Quitman","13","0","1"
"30-39 years","Quitman","4","0","1"
"40-49 years","Quitman","3","0","1"
"50-59 years","Quitman","16","0","1"
"60-69 years","Quitman","26","1","5"
"70-79 years","Quitman","3","0","1"
"80 & Older years","Quitman","6","1","2"
"<1 years","Quitman","2","0","0"
"01-04 years","Rabun","20","0","0"
"05-09 years","Rabun","33","0","0"
"10-17 years","Rabun","127","0","1"
"18-29 years","Rabun","251","0","5"
"30-39 years","Rabun","208","1","11"
"40-49 years","Rabun","225","0","10"
"50-59 years","Rabun","255","3","26"
"60-69 years","Rabun","247","10","35"
"70-79 years","Rabun","196","11","41"
"80 & Older years","Rabun","83","18","31"
"<1 years","Rabun","5","0","1"
"Unknown years","Rabun","11","0","0"
"01-04 years","Randolph","3","0","0"
"05-09 years","Randolph","8","0","0"
"10-17 years","Randolph","15","0","1"
"18-29 years","Randolph","70","0","3"
"30-39 years","Randolph","80","2","8"
"40-49 years","Randolph","64","0","7"
"50-59 years","Randolph","98","3","21"
"60-69 years","Randolph","77","9","17"
"70-79 years","Randolph","49","4","16"
"80 & Older years","Randolph","47","15","16"
"<1 years","Randolph","1","0","0"
"Unknown years","Randolph","2","0","0"
"01-04 years","Richmond","331","0","1"
"05-09 years","Richmond","647","0","4"
"10-17 years","Richmond","1728","0","16"
"18-29 years","Richmond","5033","9","69"
"30-39 years","Richmond","3708","7","96"
"40-49 years","Richmond","2965","19","133"
"50-59 years","Richmond","2873","44","243"
"60-69 years","Richmond","2113","86","293"
"70-79 years","Richmond","1145","117","317"
"80 & Older years","Richmond","687","162","280"
"<1 years","Richmond","99","0","4"
"Unknown years","Richmond","25","0","1"
"01-04 years","Rockdale","76","0","4"
"05-09 years","Rockdale","150","0","1"
"10-17 years","Rockdale","445","0","10"
"18-29 years","Rockdale","1357","2","81"
"30-39 years","Rockdale","1099","3","104"
"40-49 years","Rockdale","1173","7","124"
"50-59 years","Rockdale","1148","15","193"
"60-69 years","Rockdale","699","32","164"
"70-79 years","Rockdale","402","53","154"
"80 & Older years","Rockdale","221","49","103"
"<1 years","Rockdale","16","0","2"
"Unknown years","Rockdale","2","0","0"
"01-04 years","Schley","6","0","0"
"05-09 years","Schley","5","0","0"
"10-17 years","Schley","25","0","0"
"18-29 years","Schley","51","0","2"
"30-39 years","Schley","28","0","0"
"40-49 years","Schley","43","0","4"
"50-59 years","Schley","34","0","4"
"60-69 years","Schley","30","1","8"
"70-79 years","Schley","13","2","2"
"80 & Older years","Schley","7","2","2"
"<1 years","Schley","1","0","0"
"01-04 years","Screven","14","0","0"
"05-09 years","Screven","23","0","0"
"10-17 years","Screven","74","0","0"
"18-29 years","Screven","160","0","3"
"30-39 years","Screven","146","0","3"
"40-49 years","Screven","116","1","7"
"50-59 years","Screven","125","2","16"
"60-69 years","Screven","143","2","15"
"70-79 years","Screven","80","8","19"
"80 & Older years","Screven","38","8","11"
"<1 years","Screven","6","0","0"
"Unknown years","Screven","1","0","0"
"01-04 years","Seminole","15","0","0"
"05-09 years","Seminole","16","0","0"
"10-17 years","Seminole","73","0","0"
"18-29 years","Seminole","131","0","1"
"30-39 years","Seminole","106","0","4"
"40-49 years","Seminole","106","0","8"
"50-59 years","Seminole","122","1","6"
"60-69 years","Seminole","145","4","28"
"70-79 years","Seminole","71","6","16"
"80 & Older years","Seminole","33","7","14"
"<1 years","Seminole","4","0","0"
"01-04 years","Spalding","85","0","4"
"05-09 years","Spalding","89","0","1"
"10-17 years","Spalding","260","0","5"
"18-29 years","Spalding","830","1","38"
"30-39 years","Spalding","705","3","38"
"40-49 years","Spalding","707","5","62"
"50-59 years","Spalding","728","18","95"
"60-69 years","Spalding","546","39","106"
"70-79 years","Spalding","394","53","101"
"80 & Older years","Spalding","239","53","72"
"<1 years","Spalding","16","0","0"
"Unknown years","Spalding","20","0","0"
"01-04 years","Stephens","19","0","0"
"05-09 years","Stephens","47","0","1"
"10-17 years","Stephens","200","0","2"
"18-29 years","Stephens","580","1","14"
"30-39 years","Stephens","373","0","8"
"40-49 years","Stephens","462","1","24"
"50-59 years","Stephens","479","5","39"
"60-69 years","Stephens","468","23","67"
"70-79 years","Stephens","323","23","69"
"80 & Older years","Stephens","162","27","41"
"<1 years","Stephens","5","0","0"
"Unknown years","Stephens","15","0","0"
"01-04 years","Stewart","6","0","1"
"05-09 years","Stewart","4","0","0"
"10-17 years","Stewart","15","0","0"
"18-29 years","Stewart","292","0","22"
"30-39 years","Stewart","303","1","26"
"40-49 years","Stewart","191","2","23"
"50-59 years","Stewart","106","2","15"
"60-69 years","Stewart","74","13","28"
"70-79 years","Stewart","26","3","6"
"80 & Older years","Stewart","22","5","7"
"<1 years","Stewart","1","0","0"
"Unknown years","Stewart","19","0","4"
"01-04 years","Sumter","29","0","0"
"05-09 years","Sumter","33","0","0"
"10-17 years","Sumter","104","0","4"
"18-29 years","Sumter","374","1","12"
"30-39 years","Sumter","295","1","24"
"40-49 years","Sumter","286","5","26"
"50-59 years","Sumter","299","4","46"
"60-69 years","Sumter","270","27","73"
"70-79 years","Sumter","170","28","49"
"80 & Older years","Sumter","113","31","50"
"<1 years","Sumter","11","0","0"
"Unknown years","Sumter","6","0","0"
"01-04 years","Talbot","8","0","0"
"05-09 years","Talbot","10","0","0"
"10-17 years","Talbot","35","0","0"
"18-29 years","Talbot","69","0","2"
"30-39 years","Talbot","42","0","2"
"40-49 years","Talbot","70","1","4"
"50-59 years","Talbot","73","4","5"
"60-69 years","Talbot","66","5","17"
"70-79 years","Talbot","37","5","6"
"80 & Older years","Talbot","21","4","9"
"<1 years","Talbot","1","0","0"
"Unknown years","Talbot","3","0","0"
"01-04 years","Taliaferro","2","0","0"
"05-09 years","Taliaferro","1","0","0"
"10-17 years","Taliaferro","9","0","0"
"18-29 years","Taliaferro","15","0","0"
"30-39 years","Taliaferro","17","0","0"
"40-49 years","Taliaferro","20","0","2"
"50-59 years","Taliaferro","10","0","0"
"60-69 years","Taliaferro","21","1","3"
"70-79 years","Taliaferro","10","1","3"
"80 & Older years","Taliaferro","4","1","2"
"01-04 years","Tattnall","41","0","0"
"05-09 years","Tattnall","56","0","0"
"10-17 years","Tattnall","182","0","0"
"18-29 years","Tattnall","369","0","2"
"30-39 years","Tattnall","323","1","8"
"40-49 years","Tattnall","322","0","8"
"50-59 years","Tattnall","350","7","24"
"60-69 years","Tattnall","257","16","37"
"70-79 years","Tattnall","134","21","40"
"80 & Older years","Tattnall","51","6","10"
"<1 years","Tattnall","12","0","1"
"01-04 years","Taylor","13","0","1"
"05-09 years","Taylor","16","0","0"
"10-17 years","Taylor","51","0","1"
"18-29 years","Taylor","93","0","2"
"30-39 years","Taylor","56","0","4"
"40-49 years","Taylor","96","1","11"
"50-59 years","Taylor","82","2","18"
"60-69 years","Taylor","68","6","18"
"70-79 years","Taylor","34","6","12"
"80 & Older years","Taylor","24","8","9"
"<1 years","Taylor","4","0","0"
"Unknown years","Taylor","1","0","0"
"01-04 years","Telfair","12","0","0"
"05-09 years","Telfair","16","0","0"
"10-17 years","Telfair","30","0","1"
"18-29 years","Telfair","150","0","3"
"30-39 years","Telfair","105","1","3"
"40-49 years","Telfair","117","2","7"
"50-59 years","Telfair","120","5","12"
"60-69 years","Telfair","108","10","19"
"70-79 years","Telfair","72","14","20"
"80 & Older years","Telfair","45","16","13"
"<1 years","Telfair","5","0","0"
"Unknown years","Telfair","2","0","0"
"01-04 years","Terrell","8","0","0"
"05-09 years","Terrell","11","0","0"
"10-17 years","Terrell","46","0","0"
"18-29 years","Terrell","88","0","5"
"30-39 years","Terrell","86","0","9"
"40-49 years","Terrell","73","0","9"
"50-59 years","Terrell","111","4","18"
"60-69 years","Terrell","97","13","35"
"70-79 years","Terrell","63","18","28"
"80 & Older years","Terrell","39","13","16"
"<1 years","Terrell","1","0","0"
"01-04 years","Thomas","83","0","1"
"05-09 years","Thomas","137","0","0"
"10-17 years","Thomas","391","0","3"
"18-29 years","Thomas","740","1","32"
"30-39 years","Thomas","600","3","25"
"40-49 years","Thomas","614","4","34"
"50-59 years","Thomas","640","12","57"
"60-69 years","Thomas","496","14","99"
"70-79 years","Thomas","295","36","82"
"80 & Older years","Thomas","187","49","63"
"<1 years","Thomas","25","0","2"
"Unknown years","Thomas","3","0","0"
"01-04 years","Tift","48","0","4"
"05-09 years","Tift","71","0","3"
"10-17 years","Tift","277","0","7"
"18-29 years","Tift","850","0","20"
"30-39 years","Tift","610","1","31"
"40-49 years","Tift","591","8","61"
"50-59 years","Tift","502","10","73"
"60-69 years","Tift","385","20","81"
"70-79 years","Tift","256","30","92"
"80 & Older years","Tift","148","35","62"
"<1 years","Tift","18","0","0"
"Unknown years","Tift","7","0","0"
"01-04 years","Toombs","34","0","0"
"05-09 years","Toombs","63","0","0"
"10-17 years","Toombs","233","0","2"
"18-29 years","Toombs","639","0","7"
"30-39 years","Toombs","502","0","7"
"40-49 years","Toombs","501","1","26"
"50-59 years","Toombs","487","9","36"
"60-69 years","Toombs","436","18","59"
"70-79 years","Toombs","286","35","49"
"80 & Older years","Toombs","173","42","35"
"<1 years","Toombs","13","0","0"
"Unknown years","Toombs","4","0","0"
"01-04 years","Towns","4","0","0"
"05-09 years","Towns","6","0","0"
"10-17 years","Towns","50","0","1"
"18-29 years","Towns","154","0","4"
"30-39 years","Towns","99","0","3"
"40-49 years","Towns","125","2","6"
"50-59 years","Towns","202","2","22"
"60-69 years","Towns","251","4","22"
"70-79 years","Towns","180","11","41"
"80 & Older years","Towns","134","29","54"
"<1 years","Towns","1","0","0"
"Unknown years","Towns","2","0","0"
"01-04 years","Treutlen","9","0","0"
"05-09 years","Treutlen","21","0","1"
"10-17 years","Treutlen","54","0","0"
"18-29 years","Treutlen","124","0","2"
"30-39 years","Treutlen","115","0","5"
"40-49 years","Treutlen","110","2","5"
"50-59 years","Treutlen","116","1","9"
"60-69 years","Treutlen","75","6","15"
"70-79 years","Treutlen","59","13","11"
"80 & Older years","Treutlen","35","10","8"
"01-04 years","Troup","163","0","3"
"05-09 years","Troup","220","0","1"
"10-17 years","Troup","600","0","8"
"18-29 years","Troup","1379","2","32"
"30-39 years","Troup","1042","7","49"
"40-49 years","Troup","917","7","55"
"50-59 years","Troup","935","16","122"
"60-69 years","Troup","711","39","114"
"70-79 years","Troup","381","50","112"
"80 & Older years","Troup","273","83","73"
"<1 years","Troup","50","0","1"
"Unknown years","Troup","5","0","0"
"01-04 years","Turner","6","0","0"
"05-09 years","Turner","8","0","1"
"10-17 years","Turner","21","0","0"
"18-29 years","Turner","101","0","2"
"30-39 years","Turner","112","0","11"
"40-49 years","Turner","114","0","6"
"50-59 years","Turner","102","2","15"
"60-69 years","Turner","90","9","29"
"70-79 years","Turner","55","9","14"
"80 & Older years","Turner","36","16","15"
"<1 years","Turner","3","0","1"
"01-04 years","Twiggs","12","0","0"
"05-09 years","Twiggs","8","0","1"
"10-17 years","Twiggs","31","0","0"
"18-29 years","Twiggs","74","0","2"
"30-39 years","Twiggs","66","1","5"
"40-49 years","Twiggs","71","1","7"
"50-59 years","Twiggs","102","3","17"
"60-69 years","Twiggs","101","11","36"
"70-79 years","Twiggs","63","10","24"
"80 & Older years","Twiggs","28","14","18"
"<1 years","Twiggs","1","0","0"
"01-04 years","Union","9","0","0"
"05-09 years","Union","21","0","0"
"10-17 years","Union","83","0","2"
"18-29 years","Union","279","1","2"
"30-39 years","Union","243","0","3"
"40-49 years","Union","247","1","14"
"50-59 years","Union","335","5","25"
"60-69 years","Union","420","7","53"
"70-79 years","Union","355","23","70"
"80 & Older years","Union","224","44","72"
"<1 years","Union","1","0","0"
"Unknown years","Union","12","0","1"
"01-04 years","Unknown","27","0","0"
"05-09 years","Unknown","52","0","0"
"10-17 years","Unknown","187","0","0"
"18-29 years","Unknown","758","1","4"
"30-39 years","Unknown","382","0","6"
"40-49 years","Unknown","335","1","3"
"50-59 years","Unknown","298","1","4"
"60-69 years","Unknown","167","1","14"
"70-79 years","Unknown","113","0","10"
"80 & Older years","Unknown","41","1","6"
"<1 years","Unknown","29","0","0"
"Unknown years","Unknown","108","0","3"
"01-04 years","Upson","45","0","1"
"05-09 years","Upson","55","0","0"
"10-17 years","Upson","155","0","1"
"18-29 years","Upson","344","0","8"
"30-39 years","Upson","241","2","10"
"40-49 years","Upson","266","1","15"
"50-59 years","Upson","280","7","27"
"60-69 years","Upson","250","24","42"
"70-79 years","Upson","176","36","52"
"80 & Older years","Upson","109","42","40"
"<1 years","Upson","17","0","0"
"Unknown years","Upson","4","0","0"
"01-04 years","Walker","104","0","1"
"05-09 years","Walker","177","0","1"
"10-17 years","Walker","614","0","4"
"18-29 years","Walker","1270","0","20"
"30-39 years","Walker","988","1","19"
"40-49 years","Walker","1171","3","34"
"50-59 years","Walker","1000","5","41"
"60-69 years","Walker","829","18","75"
"70-79 years","Walker","525","27","63"
"80 & Older years","Walker","256","28","39"
"<1 years","Walker","46","0","2"
"Unknown years","Walker","115","0","2"
"01-04 years","Walton","91","0","1"
"05-09 years","Walton","193","0","1"
"10-17 years","Walton","671","0","7"
"18-29 years","Walton","1487","2","35"
"30-39 years","Walton","1276","0","30"
"40-49 years","Walton","1406","3","57"
"50-59 years","Walton","1379","18","97"
"60-69 years","Walton","948","35","102"
"70-79 years","Walton","700","77","122"
"80 & Older years","Walton","412","108","87"
"<1 years","Walton","31","0","2"
"Unknown years","Walton","12","0","0"
"01-04 years","Ware","81","0","1"
"05-09 years","Ware","85","0","0"
"10-17 years","Ware","288","0","4"
"18-29 years","Ware","650","1","7"
"30-39 years","Ware","533","2","23"
"40-49 years","Ware","462","3","34"
"50-59 years","Ware","470","18","79"
"60-69 years","Ware","338","27","74"
"70-79 years","Ware","276","43","103"
"80 & Older years","Ware","217","66","65"
"<1 years","Ware","27","0","2"
"Unknown years","Ware","1","0","0"
"01-04 years","Warren","7","0","0"
"05-09 years","Warren","6","0","0"
"10-17 years","Warren","29","0","0"
"18-29 years","Warren","74","0","3"
"30-39 years","Warren","57","0","5"
"40-49 years","Warren","57","2","6"
"50-59 years","Warren","72","2","8"
"60-69 years","Warren","46","3","9"
"70-79 years","Warren","39","6","15"
"80 & Older years","Warren","19","4","7"
"<1 years","Warren","3","0","1"
"Unknown years","Warren","4","0","0"
"01-04 years","Washington","26","0","0"
"05-09 years","Washington","36","0","0"
"10-17 years","Washington","138","0","2"
"18-29 years","Washington","291","0","8"
"30-39 years","Washington","272","0","9"
"40-49 years","Washington","279","4","14"
"50-59 years","Washington","259","6","16"
"60-69 years","Washington","235","15","32"
"70-79 years","Washington","123","10","22"
"80 & Older years","Washington","81","26","15"
"<1 years","Washington","12","0","0"
"Unknown years","Washington","1","0","0"
"01-04 years","Wayne","34","0","1"
"05-09 years","Wayne","42","0","0"
"10-17 years","Wayne","201","0","1"
"18-29 years","Wayne","486","0","12"
"30-39 years","Wayne","469","1","15"
"40-49 years","Wayne","541","2","42"
"50-59 years","Wayne","469","9","47"
"60-69 years","Wayne","369","19","75"
"70-79 years","Wayne","282","26","80"
"80 & Older years","Wayne","126","25","27"
"<1 years","Wayne","6","0","1"
"10-17 years","Webster","5","0","0"
"18-29 years","Webster","23","0","1"
"30-39 years","Webster","10","0","1"
"40-49 years","Webster","19","0","2"
"50-59 years","Webster","22","2","6"
"60-69 years","Webster","24","1","4"
"70-79 years","Webster","8","0","2"
"80 & Older years","Webster","4","1","1"
"Unknown years","Webster","2","0","0"
"01-04 years","Wheeler","2","0","0"
"05-09 years","Wheeler","5","0","0"
"10-17 years","Wheeler","28","0","0"
"18-29 years","Wheeler","70","0","0"
"30-39 years","Wheeler","79","2","3"
"40-49 years","Wheeler","90","1","3"
"50-59 years","Wheeler","97","7","12"
"60-69 years","Wheeler","60","4","8"
"70-79 years","Wheeler","42","5","11"
"80 & Older years","Wheeler","9","3","1"
"<1 years","Wheeler","2","0","0"
"Unknown years","Wheeler","23","0","1"
"01-04 years","White","24","0","0"
"05-09 years","White","63","0","1"
"10-17 years","White","249","0","2"
"18-29 years","White","495","1","9"
"30-39 years","White","362","1","9"
"40-49 years","White","457","2","18"
"50-59 years","White","521","5","48"
"60-69 years","White","475","13","69"
"70-79 years","White","345","17","83"
"80 & Older years","White","193","36","73"
"<1 years","White","4","0","0"
"Unknown years","White","22","0","0"
"01-04 years","Whitfield","228","0","3"
"05-09 years","Whitfield","433","0","3"
"10-17 years","Whitfield","1442","0","7"
"18-29 years","Whitfield","3681","2","54"
"30-39 years","Whitfield","2438","5","67"
"40-49 years","Whitfield","2489","5","83"
"50-59 years","Whitfield","2263","30","142"
"60-69 years","Whitfield","1328","38","165"
"70-79 years","Whitfield","745","59","156"
"80 & Older years","Whitfield","429","97","124"
"<1 years","Whitfield","72","0","5"
"Unknown years","Whitfield","3","0","0"
"01-04 years","Wilcox","12","0","1"
"05-09 years","Wilcox","11","0","0"
"10-17 years","Wilcox","31","0","0"
"18-29 years","Wilcox","48","0","1"
"30-39 years","Wilcox","51","0","1"
"40-49 years","Wilcox","76","0","12"
"50-59 years","Wilcox","88","2","16"
"60-69 years","Wilcox","96","10","26"
"70-79 years","Wilcox","54","11","11"
"80 & Older years","Wilcox","26","8","8"
"<1 years","Wilcox","5","0","0"
"01-04 years","Wilkes","9","0","0"
"05-09 years","Wilkes","17","0","0"
"10-17 years","Wilkes","57","0","0"
"18-29 years","Wilkes","124","0","1"
"30-39 years","Wilkes","90","0","5"
"40-49 years","Wilkes","114","1","12"
"50-59 years","Wilkes","107","2","6"
"60-69 years","Wilkes","87","4","18"
"70-79 years","Wilkes","68","8","21"
"80 & Older years","Wilkes","36","8","16"
"<1 years","Wilkes","3","0","0"
"Unknown years","Wilkes","1","0","0"
"01-04 years","Wilkinson","9","0","0"
"05-09 years","Wilkinson","16","0","0"
"10-17 years","Wilkinson","42","0","1"
"18-29 years","Wilkinson","124","0","3"
"30-39 years","Wilkinson","103","0","8"
"40-49 years","Wilkinson","100","0","7"
"50-59 years","Wilkinson","164","4","28"
"60-69 years","Wilkinson","140","12","41"
"70-79 years","Wilkinson","59","6","22"
"80 & Older years","Wilkinson","39","5","16"
"<1 years","Wilkinson","1","0","0"
"01-04 years","Worth","15","0","0"
"05-09 years","Worth","17","0","0"
"10-17 years","Worth","86","0","3"
"18-29 years","Worth","204","0","10"
"30-39 years","Worth","168","0","13"
"40-49 years","Worth","174","1","20"
"50-59 years","Worth","208","7","28"
"60-69 years","Worth","203","19","54"
"70-79 years","Worth","127","16","35"
"80 & Older years","Worth","74","19","27"
"<1 years","Worth","5","0","0"
"Unknown years","Worth","1","0","0"
