"age group","county name","cases","deaths","hospitalization"
"01-04 years","Georgia","11617","1","223"
"05-09 years","Georgia","19191","2","173"
"10-17 years","Georgia","65719","7","684"
"18-29 years","Georgia","195341","116","3681"
"30-39 years","Georgia","141178","249","4816"
"40-49 years","Georgia","136758","595","6981"
"50-59 years","Georgia","129806","1606","10510"
"60-69 years","Georgia","87636","3420","12536"
"70-79 years","Georgia","50836","4954","11927"
"80 & Older years","Georgia","29410","6435","9281"
"<1 years","Georgia","3241","0","173"
"Unknown years","Georgia","4760","2","103"
"01-04 years","Appling","28","0","0"
"05-09 years","Appling","53","0","0"
"10-17 years","Appling","162","0","1"
"18-29 years","Appling","342","1","5"
"30-39 years","Appling","258","1","5"
"40-49 years","Appling","256","4","17"
"50-59 years","Appling","294","7","26"
"60-69 years","Appling","257","15","52"
"70-79 years","Appling","167","18","35"
"80 & Older years","Appling","81","20","30"
"<1 years","Appling","7","0","0"
"Unknown years","Appling","1","0","0"
"01-04 years","Atkinson","6","0","1"
"05-09 years","Atkinson","19","0","1"
"10-17 years","Atkinson","49","0","0"
"18-29 years","Atkinson","169","0","8"
"30-39 years","Atkinson","121","0","8"
"40-49 years","Atkinson","134","2","24"
"50-59 years","Atkinson","138","1","25"
"60-69 years","Atkinson","83","5","25"
"70-79 years","Atkinson","43","5","13"
"80 & Older years","Atkinson","14","5","10"
"<1 years","Atkinson","3","0","0"
"01-04 years","Bacon","18","0","0"
"05-09 years","Bacon","23","0","0"
"10-17 years","Bacon","75","0","1"
"18-29 years","Bacon","396","0","1"
"30-39 years","Bacon","190","0","5"
"40-49 years","Bacon","175","1","13"
"50-59 years","Bacon","156","2","16"
"60-69 years","Bacon","127","9","25"
"70-79 years","Bacon","81","7","18"
"80 & Older years","Bacon","38","9","7"
"<1 years","Bacon","4","0","0"
"Unknown years","Bacon","1","0","0"
"01-04 years","Baker","6","0","0"
"05-09 years","Baker","4","0","0"
"10-17 years","Baker","9","0","0"
"18-29 years","Baker","25","0","0"
"30-39 years","Baker","22","0","2"
"40-49 years","Baker","14","1","2"
"50-59 years","Baker","21","0","1"
"60-69 years","Baker","32","3","15"
"70-79 years","Baker","18","2","10"
"80 & Older years","Baker","9","3","3"
"<1 years","Baker","1","0","0"
"01-04 years","Baldwin","31","0","0"
"05-09 years","Baldwin","52","0","0"
"10-17 years","Baldwin","196","1","5"
"18-29 years","Baldwin","1278","0","14"
"30-39 years","Baldwin","470","1","16"
"40-49 years","Baldwin","488","2","32"
"50-59 years","Baldwin","496","12","59"
"60-69 years","Baldwin","387","23","75"
"70-79 years","Baldwin","259","28","56"
"80 & Older years","Baldwin","159","45","63"
"<1 years","Baldwin","14","0","0"
"01-04 years","Banks","11","0","0"
"05-09 years","Banks","29","0","1"
"10-17 years","Banks","107","0","2"
"18-29 years","Banks","302","0","9"
"30-39 years","Banks","208","0","6"
"40-49 years","Banks","232","0","17"
"50-59 years","Banks","258","1","24"
"60-69 years","Banks","214","5","42"
"70-79 years","Banks","152","15","55"
"80 & Older years","Banks","80","12","29"
"<1 years","Banks","6","0","1"
"Unknown years","Banks","30","0","1"
"01-04 years","Barrow","94","0","0"
"05-09 years","Barrow","174","0","0"
"10-17 years","Barrow","673","0","8"
"18-29 years","Barrow","1761","2","37"
"30-39 years","Barrow","1490","1","46"
"40-49 years","Barrow","1539","5","69"
"50-59 years","Barrow","1286","7","102"
"60-69 years","Barrow","856","30","142"
"70-79 years","Barrow","499","34","105"
"80 & Older years","Barrow","243","51","91"
"<1 years","Barrow","31","0","2"
"Unknown years","Barrow","22","0","0"
"01-04 years","Bartow","114","0","5"
"05-09 years","Bartow","227","0","2"
"10-17 years","Bartow","951","0","13"
"18-29 years","Bartow","2107","0","26"
"30-39 years","Bartow","1718","4","49"
"40-49 years","Bartow","1789","2","84"
"50-59 years","Bartow","1837","17","157"
"60-69 years","Bartow","1109","36","162"
"70-79 years","Bartow","743","73","192"
"80 & Older years","Bartow","362","75","126"
"<1 years","Bartow","42","0","1"
"Unknown years","Bartow","151","0","7"
"01-04 years","Ben Hill","29","0","1"
"05-09 years","Ben Hill","20","0","0"
"10-17 years","Ben Hill","98","0","0"
"18-29 years","Ben Hill","260","0","4"
"30-39 years","Ben Hill","215","3","10"
"40-49 years","Ben Hill","200","1","10"
"50-59 years","Ben Hill","239","6","29"
"60-69 years","Ben Hill","203","12","28"
"70-79 years","Ben Hill","144","19","51"
"80 & Older years","Ben Hill","71","20","19"
"<1 years","Ben Hill","6","0","1"
"Unknown years","Ben Hill","2","0","0"
"01-04 years","Berrien","16","0","0"
"05-09 years","Berrien","23","0","0"
"10-17 years","Berrien","95","0","1"
"18-29 years","Berrien","202","0","0"
"30-39 years","Berrien","160","0","3"
"40-49 years","Berrien","140","1","5"
"50-59 years","Berrien","166","2","16"
"60-69 years","Berrien","124","8","17"
"70-79 years","Berrien","79","10","15"
"80 & Older years","Berrien","47","10","13"
"<1 years","Berrien","2","0","0"
"Unknown years","Berrien","1","0","0"
"01-04 years","Bibb","137","0","4"
"05-09 years","Bibb","189","0","0"
"10-17 years","Bibb","664","0","9"
"18-29 years","Bibb","2967","1","84"
"30-39 years","Bibb","2091","6","109"
"40-49 years","Bibb","2113","17","200"
"50-59 years","Bibb","1969","26","275"
"60-69 years","Bibb","1564","89","415"
"70-79 years","Bibb","952","116","362"
"80 & Older years","Bibb","590","148","293"
"<1 years","Bibb","45","0","4"
"Unknown years","Bibb","5","0","0"
"01-04 years","Bleckley","5","0","0"
"05-09 years","Bleckley","16","0","0"
"10-17 years","Bleckley","70","0","0"
"18-29 years","Bleckley","188","0","3"
"30-39 years","Bleckley","94","1","3"
"40-49 years","Bleckley","106","1","2"
"50-59 years","Bleckley","106","2","4"
"60-69 years","Bleckley","86","7","11"
"70-79 years","Bleckley","64","5","12"
"80 & Older years","Bleckley","61","18","12"
"<1 years","Bleckley","3","0","0"
"01-04 years","Brantley","12","0","0"
"05-09 years","Brantley","13","0","0"
"10-17 years","Brantley","83","0","1"
"18-29 years","Brantley","160","0","1"
"30-39 years","Brantley","120","0","4"
"40-49 years","Brantley","133","1","5"
"50-59 years","Brantley","152","2","15"
"60-69 years","Brantley","115","5","15"
"70-79 years","Brantley","89","16","25"
"80 & Older years","Brantley","47","8","10"
"<1 years","Brantley","1","0","0"
"01-04 years","Brooks","15","0","1"
"05-09 years","Brooks","25","0","0"
"10-17 years","Brooks","87","0","0"
"18-29 years","Brooks","176","0","1"
"30-39 years","Brooks","127","0","3"
"40-49 years","Brooks","120","1","11"
"50-59 years","Brooks","146","2","21"
"60-69 years","Brooks","98","6","16"
"70-79 years","Brooks","85","10","19"
"80 & Older years","Brooks","56","17","15"
"<1 years","Brooks","4","0","0"
"01-04 years","Bryan","50","0","0"
"05-09 years","Bryan","82","0","0"
"10-17 years","Bryan","271","0","3"
"18-29 years","Bryan","531","0","11"
"30-39 years","Bryan","445","1","9"
"40-49 years","Bryan","479","0","15"
"50-59 years","Bryan","352","5","30"
"60-69 years","Bryan","256","10","28"
"70-79 years","Bryan","157","9","50"
"80 & Older years","Bryan","67","9","27"
"<1 years","Bryan","13","0","0"
"Unknown years","Bryan","3","0","0"
"01-04 years","Bulloch","59","0","0"
"05-09 years","Bulloch","105","0","0"
"10-17 years","Bulloch","375","0","2"
"18-29 years","Bulloch","2251","0","10"
"30-39 years","Bulloch","645","4","21"
"40-49 years","Bulloch","552","2","23"
"50-59 years","Bulloch","529","8","35"
"60-69 years","Bulloch","386","16","47"
"70-79 years","Bulloch","198","17","41"
"80 & Older years","Bulloch","108","17","37"
"<1 years","Bulloch","25","0","2"
"Unknown years","Bulloch","4","0","0"
"01-04 years","Burke","22","0","0"
"05-09 years","Burke","45","0","0"
"10-17 years","Burke","138","0","1"
"18-29 years","Burke","347","1","7"
"30-39 years","Burke","264","1","10"
"40-49 years","Burke","296","2","17"
"50-59 years","Burke","274","3","32"
"60-69 years","Burke","212","5","37"
"70-79 years","Burke","121","12","32"
"80 & Older years","Burke","40","12","14"
"<1 years","Burke","7","0","0"
"Unknown years","Burke","3","0","0"
"01-04 years","Butts","24","0","3"
"05-09 years","Butts","30","0","0"
"10-17 years","Butts","117","0","3"
"18-29 years","Butts","405","0","6"
"30-39 years","Butts","370","0","8"
"40-49 years","Butts","357","4","14"
"50-59 years","Butts","376","7","23"
"60-69 years","Butts","269","17","34"
"70-79 years","Butts","187","22","24"
"80 & Older years","Butts","114","26","8"
"<1 years","Butts","6","0","1"
"Unknown years","Butts","3","0","0"
"01-04 years","Calhoun","7","0","0"
"05-09 years","Calhoun","1","0","0"
"10-17 years","Calhoun","39","0","0"
"18-29 years","Calhoun","66","0","6"
"30-39 years","Calhoun","60","2","6"
"40-49 years","Calhoun","75","2","8"
"50-59 years","Calhoun","82","2","17"
"60-69 years","Calhoun","71","2","19"
"70-79 years","Calhoun","25","5","9"
"80 & Older years","Calhoun","15","2","8"
"<1 years","Calhoun","3","0","0"
"Unknown years","Calhoun","1","0","0"
"01-04 years","Camden","46","0","0"
"05-09 years","Camden","41","0","1"
"10-17 years","Camden","229","0","1"
"18-29 years","Camden","785","0","6"
"30-39 years","Camden","523","1","17"
"40-49 years","Camden","423","1","11"
"50-59 years","Camden","484","2","21"
"60-69 years","Camden","359","6","28"
"70-79 years","Camden","209","5","26"
"80 & Older years","Camden","92","13","22"
"<1 years","Camden","8","0","2"
"01-04 years","Candler","9","0","0"
"05-09 years","Candler","13","0","0"
"10-17 years","Candler","55","0","0"
"18-29 years","Candler","128","0","0"
"30-39 years","Candler","94","0","3"
"40-49 years","Candler","119","3","3"
"50-59 years","Candler","126","5","13"
"60-69 years","Candler","98","8","14"
"70-79 years","Candler","64","14","18"
"80 & Older years","Candler","28","6","11"
"<1 years","Candler","5","0","0"
"Unknown years","Candler","2","0","0"
"01-04 years","Carroll","89","0","1"
"05-09 years","Carroll","136","0","2"
"10-17 years","Carroll","618","0","6"
"18-29 years","Carroll","1748","0","13"
"30-39 years","Carroll","1101","4","19"
"40-49 years","Carroll","1077","4","30"
"50-59 years","Carroll","1080","11","56"
"60-69 years","Carroll","764","26","73"
"70-79 years","Carroll","454","35","66"
"80 & Older years","Carroll","270","51","44"
"<1 years","Carroll","26","0","0"
"Unknown years","Carroll","11","0","0"
"01-04 years","Catoosa","88","0","0"
"05-09 years","Catoosa","140","0","1"
"10-17 years","Catoosa","477","0","2"
"18-29 years","Catoosa","1026","0","8"
"30-39 years","Catoosa","774","1","11"
"40-49 years","Catoosa","901","2","14"
"50-59 years","Catoosa","830","6","35"
"60-69 years","Catoosa","599","7","62"
"70-79 years","Catoosa","361","16","56"
"80 & Older years","Catoosa","248","31","50"
"<1 years","Catoosa","35","0","1"
"Unknown years","Catoosa","139","0","10"
"01-04 years","Charlton","12","0","0"
"05-09 years","Charlton","29","0","0"
"10-17 years","Charlton","63","0","0"
"18-29 years","Charlton","194","1","1"
"30-39 years","Charlton","201","0","4"
"40-49 years","Charlton","177","2","8"
"50-59 years","Charlton","148","2","5"
"60-69 years","Charlton","146","7","19"
"70-79 years","Charlton","54","5","11"
"80 & Older years","Charlton","31","8","14"
"<1 years","Charlton","2","0","0"
"01-04 years","Chatham","394","0","3"
"05-09 years","Chatham","482","1","1"
"10-17 years","Chatham","1352","0","14"
"18-29 years","Chatham","5048","2","60"
"30-39 years","Chatham","3439","5","113"
"40-49 years","Chatham","2808","13","155"
"50-59 years","Chatham","2547","40","247"
"60-69 years","Chatham","2055","81","364"
"70-79 years","Chatham","1098","121","357"
"80 & Older years","Chatham","690","152","291"
"<1 years","Chatham","110","0","4"
"Unknown years","Chatham","14","0","1"
"01-04 years","Chattahoochee","9","0","0"
"05-09 years","Chattahoochee","9","0","0"
"10-17 years","Chattahoochee","126","0","2"
"18-29 years","Chattahoochee","2747","7","6"
"30-39 years","Chattahoochee","269","2","4"
"40-49 years","Chattahoochee","55","0","0"
"50-59 years","Chattahoochee","26","0","7"
"60-69 years","Chattahoochee","18","0","4"
"70-79 years","Chattahoochee","10","1","2"
"80 & Older years","Chattahoochee","9","3","5"
"<1 years","Chattahoochee","8","0","0"
"Unknown years","Chattahoochee","1","0","0"
"01-04 years","Chattooga","16","0","0"
"05-09 years","Chattooga","31","0","0"
"10-17 years","Chattooga","190","0","1"
"18-29 years","Chattooga","383","0","6"
"30-39 years","Chattooga","303","0","8"
"40-49 years","Chattooga","341","2","15"
"50-59 years","Chattooga","344","5","26"
"60-69 years","Chattooga","284","14","41"
"70-79 years","Chattooga","170","16","43"
"80 & Older years","Chattooga","116","23","34"
"<1 years","Chattooga","10","0","1"
"Unknown years","Chattooga","30","0","1"
"01-04 years","Cherokee","240","0","8"
"05-09 years","Cherokee","578","0","9"
"10-17 years","Cherokee","2280","0","16"
"18-29 years","Cherokee","4374","2","77"
"30-39 years","Cherokee","3204","2","100"
"40-49 years","Cherokee","3638","4","124"
"50-59 years","Cherokee","3518","21","198"
"60-69 years","Cherokee","2134","47","249"
"70-79 years","Cherokee","1349","79","257"
"80 & Older years","Cherokee","803","145","224"
"<1 years","Cherokee","51","0","1"
"Unknown years","Cherokee","10","0","1"
"01-04 years","Clarke","168","0","1"
"05-09 years","Clarke","212","0","2"
"10-17 years","Clarke","610","0","5"
"18-29 years","Clarke","6053","1","38"
"30-39 years","Clarke","1618","2","34"
"40-49 years","Clarke","1296","3","52"
"50-59 years","Clarke","1173","12","74"
"60-69 years","Clarke","786","21","97"
"70-79 years","Clarke","463","49","111"
"80 & Older years","Clarke","242","48","73"
"<1 years","Clarke","44","0","2"
"Unknown years","Clarke","35","0","0"
"01-04 years","Clay","3","0","0"
"05-09 years","Clay","2","0","0"
"10-17 years","Clay","16","0","0"
"18-29 years","Clay","27","0","0"
"30-39 years","Clay","31","0","1"
"40-49 years","Clay","29","0","1"
"50-59 years","Clay","17","0","1"
"60-69 years","Clay","24","1","2"
"70-79 years","Clay","19","0","0"
"80 & Older years","Clay","14","2","5"
"Unknown years","Clay","1","0","0"
"01-04 years","Clayton","425","0","8"
"05-09 years","Clayton","632","1","8"
"10-17 years","Clayton","1626","0","34"
"18-29 years","Clayton","4945","6","106"
"30-39 years","Clayton","4304","10","162"
"40-49 years","Clayton","3889","25","190"
"50-59 years","Clayton","3669","58","276"
"60-69 years","Clayton","2308","121","255"
"70-79 years","Clayton","969","112","180"
"80 & Older years","Clayton","473","111","119"
"<1 years","Clayton","91","0","3"
"Unknown years","Clayton","56","0","3"
"01-04 years","Clinch","13","0","0"
"05-09 years","Clinch","20","0","0"
"10-17 years","Clinch","77","0","0"
"18-29 years","Clinch","131","0","2"
"30-39 years","Clinch","107","1","4"
"40-49 years","Clinch","105","0","4"
"50-59 years","Clinch","98","2","14"
"60-69 years","Clinch","107","7","16"
"70-79 years","Clinch","52","9","19"
"80 & Older years","Clinch","19","6","7"
"<1 years","Clinch","4","0","0"
"Unknown years","Clinch","1","0","0"
"01-04 years","Cobb","751","1","16"
"05-09 years","Cobb","1382","0","10"
"10-17 years","Cobb","4421","0","43"
"18-29 years","Cobb","14905","5","232"
"30-39 years","Cobb","10150","18","257"
"40-49 years","Cobb","9629","33","410"
"50-59 years","Cobb","8565","64","548"
"60-69 years","Cobb","5289","140","544"
"70-79 years","Cobb","2891","288","525"
"80 & Older years","Cobb","1777","403","499"
"<1 years","Cobb","195","0","13"
"Unknown years","Cobb","115","0","3"
"01-04 years","Coffee","75","0","2"
"05-09 years","Coffee","99","0","4"
"10-17 years","Coffee","286","0","4"
"18-29 years","Coffee","816","0","22"
"30-39 years","Coffee","616","4","42"
"40-49 years","Coffee","686","5","87"
"50-59 years","Coffee","671","12","135"
"60-69 years","Coffee","529","33","134"
"70-79 years","Coffee","282","40","125"
"80 & Older years","Coffee","156","42","89"
"<1 years","Coffee","14","0","1"
"01-04 years","Colquitt","50","0","0"
"05-09 years","Colquitt","106","0","1"
"10-17 years","Colquitt","371","0","7"
"18-29 years","Colquitt","731","0","21"
"30-39 years","Colquitt","515","1","19"
"40-49 years","Colquitt","543","6","37"
"50-59 years","Colquitt","483","15","41"
"60-69 years","Colquitt","344","14","43"
"70-79 years","Colquitt","211","15","47"
"80 & Older years","Colquitt","138","24","31"
"<1 years","Colquitt","16","0","0"
"Unknown years","Colquitt","3","0","0"
"01-04 years","Columbia","138","0","2"
"05-09 years","Columbia","293","0","0"
"10-17 years","Columbia","1107","0","1"
"18-29 years","Columbia","2237","1","21"
"30-39 years","Columbia","1991","2","25"
"40-49 years","Columbia","1795","7","45"
"50-59 years","Columbia","1545","15","71"
"60-69 years","Columbia","991","27","97"
"70-79 years","Columbia","527","43","108"
"80 & Older years","Columbia","305","64","96"
"<1 years","Columbia","34","0","1"
"Unknown years","Columbia","17","0","0"
"01-04 years","Cook","14","0","1"
"05-09 years","Cook","25","0","0"
"10-17 years","Cook","93","0","2"
"18-29 years","Cook","228","0","6"
"30-39 years","Cook","172","0","4"
"40-49 years","Cook","175","0","14"
"50-59 years","Cook","164","3","17"
"60-69 years","Cook","128","7","19"
"70-79 years","Cook","101","11","29"
"80 & Older years","Cook","54","16","15"
"<1 years","Cook","6","0","0"
"Unknown years","Cook","2","0","0"
"01-04 years","Coweta","106","0","0"
"05-09 years","Coweta","193","0","1"
"10-17 years","Coweta","638","0","6"
"18-29 years","Coweta","1607","1","15"
"30-39 years","Coweta","1252","3","28"
"40-49 years","Coweta","1341","9","43"
"50-59 years","Coweta","1553","25","62"
"60-69 years","Coweta","958","37","64"
"70-79 years","Coweta","587","58","75"
"80 & Older years","Coweta","325","71","47"
"<1 years","Coweta","27","0","1"
"Unknown years","Coweta","21","0","0"
"01-04 years","Crawford","2","0","0"
"05-09 years","Crawford","2","0","0"
"10-17 years","Crawford","29","0","1"
"18-29 years","Crawford","76","0","2"
"30-39 years","Crawford","73","0","6"
"40-49 years","Crawford","59","1","3"
"50-59 years","Crawford","115","3","15"
"60-69 years","Crawford","101","7","16"
"70-79 years","Crawford","44","5","15"
"80 & Older years","Crawford","23","1","10"
"01-04 years","Crisp","22","0","0"
"05-09 years","Crisp","30","0","0"
"10-17 years","Crisp","107","0","1"
"18-29 years","Crisp","232","0","9"
"30-39 years","Crisp","226","1","14"
"40-49 years","Crisp","212","3","20"
"50-59 years","Crisp","206","5","26"
"60-69 years","Crisp","205","18","41"
"70-79 years","Crisp","101","10","32"
"80 & Older years","Crisp","72","18","18"
"<1 years","Crisp","9","0","0"
"Unknown years","Crisp","7","0","0"
"01-04 years","Dade","14","0","0"
"05-09 years","Dade","37","0","0"
"10-17 years","Dade","98","0","0"
"18-29 years","Dade","219","0","1"
"30-39 years","Dade","152","0","2"
"40-49 years","Dade","188","0","7"
"50-59 years","Dade","175","2","11"
"60-69 years","Dade","129","1","9"
"70-79 years","Dade","93","5","19"
"80 & Older years","Dade","52","2","10"
"<1 years","Dade","7","0","0"
"Unknown years","Dade","40","1","3"
"01-04 years","Dawson","26","0","0"
"05-09 years","Dawson","49","0","0"
"10-17 years","Dawson","198","0","4"
"18-29 years","Dawson","535","0","15"
"30-39 years","Dawson","401","0","14"
"40-49 years","Dawson","370","0","23"
"50-59 years","Dawson","425","2","34"
"60-69 years","Dawson","347","5","71"
"70-79 years","Dawson","211","20","52"
"80 & Older years","Dawson","89","14","29"
"<1 years","Dawson","8","0","1"
"Unknown years","Dawson","37","0","2"
"01-04 years","DeKalb","868","0","24"
"05-09 years","DeKalb","1263","0","19"
"10-17 years","DeKalb","3447","0","58"
"18-29 years","DeKalb","13257","11","357"
"30-39 years","DeKalb","11372","18","519"
"40-49 years","DeKalb","9018","37","582"
"50-59 years","DeKalb","8172","104","821"
"60-69 years","DeKalb","5202","172","908"
"70-79 years","DeKalb","2590","243","709"
"80 & Older years","DeKalb","1604","327","512"
"<1 years","DeKalb","187","0","9"
"Unknown years","DeKalb","277","0","7"
"01-04 years","Decatur","56","0","1"
"05-09 years","Decatur","63","0","0"
"10-17 years","Decatur","205","0","0"
"18-29 years","Decatur","425","1","8"
"30-39 years","Decatur","328","1","8"
"40-49 years","Decatur","315","1","18"
"50-59 years","Decatur","276","5","29"
"60-69 years","Decatur","221","10","33"
"70-79 years","Decatur","141","20","25"
"80 & Older years","Decatur","99","17","23"
"<1 years","Decatur","9","0","0"
"Unknown years","Decatur","2","0","0"
"01-04 years","Dodge","7","0","0"
"05-09 years","Dodge","17","0","0"
"10-17 years","Dodge","86","1","1"
"18-29 years","Dodge","200","0","4"
"30-39 years","Dodge","150","0","5"
"40-49 years","Dodge","153","1","11"
"50-59 years","Dodge","181","5","19"
"60-69 years","Dodge","146","17","29"
"70-79 years","Dodge","82","16","21"
"80 & Older years","Dodge","55","16","16"
"<1 years","Dodge","4","0","0"
"01-04 years","Dooly","12","0","0"
"05-09 years","Dooly","12","0","0"
"10-17 years","Dooly","51","0","1"
"18-29 years","Dooly","110","0","5"
"30-39 years","Dooly","100","0","9"
"40-49 years","Dooly","134","1","9"
"50-59 years","Dooly","146","5","19"
"60-69 years","Dooly","125","10","24"
"70-79 years","Dooly","67","10","17"
"80 & Older years","Dooly","22","6","6"
"<1 years","Dooly","3","0","0"
"Unknown years","Dooly","2","0","0"
"01-04 years","Dougherty","67","0","3"
"05-09 years","Dougherty","120","0","0"
"10-17 years","Dougherty","258","0","7"
"18-29 years","Dougherty","984","2","84"
"30-39 years","Dougherty","829","4","84"
"40-49 years","Dougherty","830","16","116"
"50-59 years","Dougherty","899","26","170"
"60-69 years","Dougherty","769","74","250"
"70-79 years","Dougherty","454","65","178"
"80 & Older years","Dougherty","266","91","124"
"<1 years","Dougherty","29","0","3"
"Unknown years","Dougherty","1","0","0"
"01-04 years","Douglas","181","0","5"
"05-09 years","Douglas","291","0","5"
"10-17 years","Douglas","925","0","7"
"18-29 years","Douglas","2336","0","51"
"30-39 years","Douglas","1907","3","70"
"40-49 years","Douglas","2191","7","119"
"50-59 years","Douglas","1957","22","167"
"60-69 years","Douglas","1125","37","179"
"70-79 years","Douglas","588","58","146"
"80 & Older years","Douglas","288","46","93"
"<1 years","Douglas","33","0","5"
"Unknown years","Douglas","18","0","2"
"01-04 years","Early","19","0","0"
"05-09 years","Early","18","0","0"
"10-17 years","Early","96","0","0"
"18-29 years","Early","154","0","4"
"30-39 years","Early","151","0","4"
"40-49 years","Early","169","1","9"
"50-59 years","Early","161","3","11"
"60-69 years","Early","120","11","13"
"70-79 years","Early","76","15","17"
"80 & Older years","Early","42","13","15"
"<1 years","Early","2","0","0"
"Unknown years","Early","1","0","0"
"01-04 years","Echols","8","0","0"
"05-09 years","Echols","5","0","0"
"10-17 years","Echols","26","0","1"
"18-29 years","Echols","130","0","1"
"30-39 years","Echols","60","1","3"
"40-49 years","Echols","43","0","1"
"50-59 years","Echols","43","0","2"
"60-69 years","Echols","22","0","0"
"70-79 years","Echols","17","2","3"
"80 & Older years","Echols","3","1","2"
"<1 years","Echols","1","0","0"
"01-04 years","Effingham","53","0","2"
"05-09 years","Effingham","120","0","1"
"10-17 years","Effingham","399","0","1"
"18-29 years","Effingham","677","0","6"
"30-39 years","Effingham","632","1","13"
"40-49 years","Effingham","583","1","29"
"50-59 years","Effingham","592","11","42"
"60-69 years","Effingham","383","8","59"
"70-79 years","Effingham","219","20","59"
"80 & Older years","Effingham","97","23","33"
"<1 years","Effingham","12","0","0"
"Unknown years","Effingham","2","0","0"
"01-04 years","Elbert","18","0","0"
"05-09 years","Elbert","29","0","0"
"10-17 years","Elbert","87","0","1"
"18-29 years","Elbert","263","0","2"
"30-39 years","Elbert","187","0","8"
"40-49 years","Elbert","218","1","9"
"50-59 years","Elbert","232","1","14"
"60-69 years","Elbert","186","6","22"
"70-79 years","Elbert","159","18","34"
"80 & Older years","Elbert","128","31","36"
"<1 years","Elbert","8","0","2"
"Unknown years","Elbert","9","0","0"
"01-04 years","Emanuel","25","0","1"
"05-09 years","Emanuel","24","0","0"
"10-17 years","Emanuel","166","0","2"
"18-29 years","Emanuel","311","1","0"
"30-39 years","Emanuel","231","0","8"
"40-49 years","Emanuel","285","2","7"
"50-59 years","Emanuel","256","6","28"
"60-69 years","Emanuel","224","10","30"
"70-79 years","Emanuel","133","15","26"
"80 & Older years","Emanuel","62","19","21"
"<1 years","Emanuel","5","0","0"
"Unknown years","Emanuel","9","0","1"
"01-04 years","Evans","14","0","0"
"05-09 years","Evans","20","0","0"
"10-17 years","Evans","86","0","0"
"18-29 years","Evans","150","1","3"
"30-39 years","Evans","126","0","3"
"40-49 years","Evans","111","0","9"
"50-59 years","Evans","113","3","16"
"60-69 years","Evans","68","4","15"
"70-79 years","Evans","49","6","15"
"80 & Older years","Evans","18","3","11"
"<1 years","Evans","2","0","0"
"01-04 years","Fannin","16","0","0"
"05-09 years","Fannin","34","0","0"
"10-17 years","Fannin","128","0","0"
"18-29 years","Fannin","295","0","6"
"30-39 years","Fannin","234","0","7"
"40-49 years","Fannin","267","1","10"
"50-59 years","Fannin","365","4","23"
"60-69 years","Fannin","359","7","36"
"70-79 years","Fannin","260","14","46"
"80 & Older years","Fannin","146","33","46"
"<1 years","Fannin","4","0","0"
"Unknown years","Fannin","4","0","0"
"01-04 years","Fayette","67","0","1"
"05-09 years","Fayette","137","0","2"
"10-17 years","Fayette","535","0","3"
"18-29 years","Fayette","1231","1","7"
"30-39 years","Fayette","789","1","9"
"40-49 years","Fayette","1076","3","27"
"50-59 years","Fayette","1147","9","44"
"60-69 years","Fayette","855","23","52"
"70-79 years","Fayette","436","55","70"
"80 & Older years","Fayette","282","60","39"
"<1 years","Fayette","13","0","0"
"Unknown years","Fayette","25","0","0"
"01-04 years","Floyd","123","0","4"
"05-09 years","Floyd","221","0","1"
"10-17 years","Floyd","942","0","11"
"18-29 years","Floyd","2023","0","29"
"30-39 years","Floyd","1486","3","53"
"40-49 years","Floyd","1454","5","85"
"50-59 years","Floyd","1415","24","152"
"60-69 years","Floyd","1032","35","190"
"70-79 years","Floyd","688","49","191"
"80 & Older years","Floyd","387","66","153"
"<1 years","Floyd","46","0","2"
"Unknown years","Floyd","127","0","4"
"01-04 years","Forsyth","237","0","2"
"05-09 years","Forsyth","598","0","2"
"10-17 years","Forsyth","2150","0","7"
"18-29 years","Forsyth","3152","0","45"
"30-39 years","Forsyth","2364","1","60"
"40-49 years","Forsyth","3075","4","122"
"50-59 years","Forsyth","2830","10","166"
"60-69 years","Forsyth","1463","20","159"
"70-79 years","Forsyth","865","59","216"
"80 & Older years","Forsyth","514","83","162"
"<1 years","Forsyth","51","0","3"
"Unknown years","Forsyth","462","0","4"
"01-04 years","Franklin","16","0","2"
"05-09 years","Franklin","54","0","0"
"10-17 years","Franklin","181","0","5"
"18-29 years","Franklin","433","0","10"
"30-39 years","Franklin","293","0","4"
"40-49 years","Franklin","346","0","13"
"50-59 years","Franklin","350","1","23"
"60-69 years","Franklin","307","3","33"
"70-79 years","Franklin","181","19","34"
"80 & Older years","Franklin","85","20","25"
"<1 years","Franklin","8","0","1"
"Unknown years","Franklin","76","0","2"
"01-04 years","Fulton","1036","0","28"
"05-09 years","Fulton","1684","0","14"
"10-17 years","Fulton","5437","1","49"
"18-29 years","Fulton","21217","5","352"
"30-39 years","Fulton","15552","22","522"
"40-49 years","Fulton","12377","38","601"
"50-59 years","Fulton","11096","108","880"
"60-69 years","Fulton","6508","231","845"
"70-79 years","Fulton","3469","334","772"
"80 & Older years","Fulton","2462","518","749"
"<1 years","Fulton","228","0","10"
"Unknown years","Fulton","139","0","2"
"01-04 years","Gilmer","29","0","2"
"05-09 years","Gilmer","39","0","0"
"10-17 years","Gilmer","187","0","2"
"18-29 years","Gilmer","360","0","10"
"30-39 years","Gilmer","322","0","14"
"40-49 years","Gilmer","356","0","16"
"50-59 years","Gilmer","396","10","28"
"60-69 years","Gilmer","373","8","45"
"70-79 years","Gilmer","257","19","51"
"80 & Older years","Gilmer","134","34","40"
"<1 years","Gilmer","11","0","0"
"Unknown years","Gilmer","5","0","0"
"01-04 years","Glascock","1","0","0"
"05-09 years","Glascock","3","0","0"
"10-17 years","Glascock","1","0","0"
"18-29 years","Glascock","22","0","1"
"30-39 years","Glascock","16","0","0"
"40-49 years","Glascock","21","0","1"
"50-59 years","Glascock","28","2","3"
"60-69 years","Glascock","16","0","3"
"70-79 years","Glascock","25","3","6"
"80 & Older years","Glascock","9","2","5"
"<1 years","Glascock","1","0","0"
"Unknown years","Glascock","1","0","0"
"01-04 years","Glynn","102","0","1"
"05-09 years","Glynn","181","0","1"
"10-17 years","Glynn","596","0","1"
"18-29 years","Glynn","1400","0","23"
"30-39 years","Glynn","1090","5","29"
"40-49 years","Glynn","944","4","38"
"50-59 years","Glynn","875","10","65"
"60-69 years","Glynn","724","29","115"
"70-79 years","Glynn","455","43","82"
"80 & Older years","Glynn","257","62","90"
"<1 years","Glynn","19","0","0"
"Unknown years","Glynn","17","0","0"
"01-04 years","Gordon","89","0","1"
"05-09 years","Gordon","128","0","0"
"10-17 years","Gordon","571","0","4"
"18-29 years","Gordon","1276","0","15"
"30-39 years","Gordon","980","2","20"
"40-49 years","Gordon","1046","5","36"
"50-59 years","Gordon","1028","13","55"
"60-69 years","Gordon","637","24","56"
"70-79 years","Gordon","365","25","80"
"80 & Older years","Gordon","190","32","53"
"<1 years","Gordon","26","0","3"
"Unknown years","Gordon","120","0","3"
"01-04 years","Grady","32","0","1"
"05-09 years","Grady","44","0","0"
"10-17 years","Grady","136","0","5"
"18-29 years","Grady","256","0","9"
"30-39 years","Grady","227","0","9"
"40-49 years","Grady","238","1","24"
"50-59 years","Grady","223","7","30"
"60-69 years","Grady","165","5","28"
"70-79 years","Grady","150","17","46"
"80 & Older years","Grady","54","16","20"
"<1 years","Grady","3","0","1"
"Unknown years","Grady","3","0","0"
"01-04 years","Greene","16","0","0"
"05-09 years","Greene","32","0","0"
"10-17 years","Greene","84","0","0"
"18-29 years","Greene","262","0","6"
"30-39 years","Greene","184","0","7"
"40-49 years","Greene","180","3","12"
"50-59 years","Greene","221","6","20"
"60-69 years","Greene","232","9","20"
"70-79 years","Greene","176","10","28"
"80 & Older years","Greene","106","28","42"
"<1 years","Greene","3","0","1"
"Unknown years","Greene","2","0","0"
"01-04 years","Gwinnett","1332","0","18"
"05-09 years","Gwinnett","2170","0","27"
"10-17 years","Gwinnett","7163","2","83"
"18-29 years","Gwinnett","19191","9","564"
"30-39 years","Gwinnett","14526","19","591"
"40-49 years","Gwinnett","15419","59","814"
"50-59 years","Gwinnett","13216","103","905"
"60-69 years","Gwinnett","7259","206","938"
"70-79 years","Gwinnett","3291","275","764"
"80 & Older years","Gwinnett","1842","386","664"
"<1 years","Gwinnett","398","0","21"
"Unknown years","Gwinnett","80","0","0"
"01-04 years","Habersham","32","0","3"
"05-09 years","Habersham","57","0","3"
"10-17 years","Habersham","311","1","8"
"18-29 years","Habersham","862","1","12"
"30-39 years","Habersham","645","2","29"
"40-49 years","Habersham","681","4","42"
"50-59 years","Habersham","701","5","54"
"60-69 years","Habersham","569","20","114"
"70-79 years","Habersham","384","50","110"
"80 & Older years","Habersham","279","68","89"
"<1 years","Habersham","9","0","3"
"Unknown years","Habersham","98","0","4"
"01-04 years","Hall","191","0","7"
"05-09 years","Hall","387","0","5"
"10-17 years","Hall","1796","0","33"
"18-29 years","Hall","5308","3","165"
"30-39 years","Hall","3612","2","194"
"40-49 years","Hall","3766","9","271"
"50-59 years","Hall","3930","35","392"
"60-69 years","Hall","2637","79","413"
"70-79 years","Hall","1694","123","476"
"80 & Older years","Hall","940","183","383"
"<1 years","Hall","36","0","8"
"Unknown years","Hall","579","0","9"
"01-04 years","Hancock","7","0","0"
"05-09 years","Hancock","8","0","0"
"10-17 years","Hancock","37","0","1"
"18-29 years","Hancock","133","0","3"
"30-39 years","Hancock","111","0","2"
"40-49 years","Hancock","110","1","6"
"50-59 years","Hancock","145","4","16"
"60-69 years","Hancock","143","17","31"
"70-79 years","Hancock","72","17","22"
"80 & Older years","Hancock","63","23","24"
"<1 years","Hancock","4","0","0"
"01-04 years","Haralson","25","0","0"
"05-09 years","Haralson","39","0","0"
"10-17 years","Haralson","155","0","2"
"18-29 years","Haralson","352","0","3"
"30-39 years","Haralson","226","0","4"
"40-49 years","Haralson","245","2","7"
"50-59 years","Haralson","273","1","7"
"60-69 years","Haralson","199","12","23"
"70-79 years","Haralson","131","12","18"
"80 & Older years","Haralson","55","7","10"
"<1 years","Haralson","6","0","0"
"Unknown years","Haralson","5","0","0"
"01-04 years","Harris","30","0","0"
"05-09 years","Harris","32","0","0"
"10-17 years","Harris","190","0","2"
"18-29 years","Harris","337","0","6"
"30-39 years","Harris","245","0","7"
"40-49 years","Harris","358","3","10"
"50-59 years","Harris","378","7","24"
"60-69 years","Harris","319","14","51"
"70-79 years","Harris","185","22","43"
"80 & Older years","Harris","59","11","12"
"<1 years","Harris","5","0","0"
"Unknown years","Harris","6","0","0"
"01-04 years","Hart","17","0","0"
"05-09 years","Hart","25","0","1"
"10-17 years","Hart","93","0","0"
"18-29 years","Hart","300","0","2"
"30-39 years","Hart","256","0","6"
"40-49 years","Hart","231","0","8"
"50-59 years","Hart","278","3","19"
"60-69 years","Hart","226","13","32"
"70-79 years","Hart","146","8","20"
"80 & Older years","Hart","85","13","26"
"<1 years","Hart","5","0","1"
"Unknown years","Hart","42","0","0"
"01-04 years","Heard","8","0","0"
"05-09 years","Heard","14","0","0"
"10-17 years","Heard","59","0","1"
"18-29 years","Heard","106","0","1"
"30-39 years","Heard","70","0","1"
"40-49 years","Heard","111","0","8"
"50-59 years","Heard","106","0","6"
"60-69 years","Heard","75","4","8"
"70-79 years","Heard","54","7","16"
"80 & Older years","Heard","23","5","4"
"<1 years","Heard","4","0","0"
"01-04 years","Henry","243","0","6"
"05-09 years","Henry","377","0","2"
"10-17 years","Henry","1405","0","16"
"18-29 years","Henry","3806","1","34"
"30-39 years","Henry","3133","6","53"
"40-49 years","Henry","3412","15","98"
"50-59 years","Henry","3330","21","133"
"60-69 years","Henry","1833","71","101"
"70-79 years","Henry","911","84","92"
"80 & Older years","Henry","469","93","61"
"<1 years","Henry","47","0","2"
"Unknown years","Henry","39","0","1"
"01-04 years","Houston","113","0","2"
"05-09 years","Houston","176","0","1"
"10-17 years","Houston","731","0","4"
"18-29 years","Houston","2100","3","40"
"30-39 years","Houston","1833","3","65"
"40-49 years","Houston","1721","8","96"
"50-59 years","Houston","1486","14","113"
"60-69 years","Houston","966","43","159"
"70-79 years","Houston","541","61","156"
"80 & Older years","Houston","296","57","100"
"<1 years","Houston","25","0","2"
"Unknown years","Houston","1","0","0"
"01-04 years","Irwin","6","0","0"
"05-09 years","Irwin","11","0","0"
"10-17 years","Irwin","51","0","0"
"18-29 years","Irwin","117","0","4"
"30-39 years","Irwin","96","0","4"
"40-49 years","Irwin","120","1","10"
"50-59 years","Irwin","105","3","12"
"60-69 years","Irwin","89","1","22"
"70-79 years","Irwin","50","6","8"
"80 & Older years","Irwin","36","7","21"
"01-04 years","Jackson","61","0","0"
"05-09 years","Jackson","155","0","3"
"10-17 years","Jackson","783","0","6"
"18-29 years","Jackson","1479","2","19"
"30-39 years","Jackson","1332","1","27"
"40-49 years","Jackson","1431","6","58"
"50-59 years","Jackson","1342","7","78"
"60-69 years","Jackson","905","26","89"
"70-79 years","Jackson","617","39","114"
"80 & Older years","Jackson","312","56","108"
"<1 years","Jackson","23","0","2"
"Unknown years","Jackson","27","0","1"
"01-04 years","Jasper","7","0","1"
"05-09 years","Jasper","8","0","0"
"10-17 years","Jasper","35","0","1"
"18-29 years","Jasper","126","0","5"
"30-39 years","Jasper","95","0","2"
"40-49 years","Jasper","98","1","3"
"50-59 years","Jasper","130","1","14"
"60-69 years","Jasper","94","8","17"
"70-79 years","Jasper","55","6","11"
"80 & Older years","Jasper","19","2","6"
"<1 years","Jasper","4","0","1"
"01-04 years","Jeff Davis","29","0","1"
"05-09 years","Jeff Davis","35","0","0"
"10-17 years","Jeff Davis","121","0","2"
"18-29 years","Jeff Davis","254","0","3"
"30-39 years","Jeff Davis","213","0","9"
"40-49 years","Jeff Davis","209","0","10"
"50-59 years","Jeff Davis","195","8","20"
"60-69 years","Jeff Davis","128","8","22"
"70-79 years","Jeff Davis","84","13","19"
"80 & Older years","Jeff Davis","18","8","7"
"<1 years","Jeff Davis","3","0","1"
"Unknown years","Jeff Davis","1","0","0"
"01-04 years","Jefferson","18","0","0"
"05-09 years","Jefferson","32","0","0"
"10-17 years","Jefferson","109","0","1"
"18-29 years","Jefferson","243","0","3"
"30-39 years","Jefferson","201","0","9"
"40-49 years","Jefferson","214","3","14"
"50-59 years","Jefferson","269","5","23"
"60-69 years","Jefferson","255","12","33"
"70-79 years","Jefferson","156","19","41"
"80 & Older years","Jefferson","69","20","29"
"<1 years","Jefferson","4","0","0"
"Unknown years","Jefferson","8","0","0"
"01-04 years","Jenkins","17","0","0"
"05-09 years","Jenkins","20","0","0"
"10-17 years","Jenkins","61","0","0"
"18-29 years","Jenkins","112","0","2"
"30-39 years","Jenkins","86","2","6"
"40-49 years","Jenkins","109","3","10"
"50-59 years","Jenkins","120","6","19"
"60-69 years","Jenkins","88","5","13"
"70-79 years","Jenkins","57","13","21"
"80 & Older years","Jenkins","50","10","11"
"<1 years","Jenkins","2","0","0"
"Unknown years","Jenkins","3","0","1"
"01-04 years","Johnson","6","0","0"
"05-09 years","Johnson","7","0","0"
"10-17 years","Johnson","28","0","0"
"18-29 years","Johnson","123","0","3"
"30-39 years","Johnson","107","0","3"
"40-49 years","Johnson","97","2","6"
"50-59 years","Johnson","132","5","18"
"60-69 years","Johnson","126","8","21"
"70-79 years","Johnson","89","8","24"
"80 & Older years","Johnson","66","19","20"
"<1 years","Johnson","2","0","2"
"Unknown years","Johnson","1","0","0"
"01-04 years","Jones","6","0","0"
"05-09 years","Jones","24","0","0"
"10-17 years","Jones","86","0","0"
"18-29 years","Jones","332","0","7"
"30-39 years","Jones","243","1","8"
"40-49 years","Jones","236","2","16"
"50-59 years","Jones","264","3","29"
"60-69 years","Jones","180","6","33"
"70-79 years","Jones","121","20","44"
"80 & Older years","Jones","75","21","24"
"<1 years","Jones","3","0","0"
"Unknown years","Jones","1","0","0"
"01-04 years","Lamar","29","0","0"
"05-09 years","Lamar","48","0","0"
"10-17 years","Lamar","111","0","3"
"18-29 years","Lamar","215","0","4"
"30-39 years","Lamar","187","0","11"
"40-49 years","Lamar","182","1","6"
"50-59 years","Lamar","193","3","29"
"60-69 years","Lamar","171","10","24"
"70-79 years","Lamar","126","11","23"
"80 & Older years","Lamar","63","20","18"
"<1 years","Lamar","14","0","1"
"Unknown years","Lamar","1","0","0"
"01-04 years","Lanier","7","0","0"
"05-09 years","Lanier","10","0","1"
"10-17 years","Lanier","36","0","1"
"18-29 years","Lanier","102","1","1"
"30-39 years","Lanier","123","0","2"
"40-49 years","Lanier","74","1","2"
"50-59 years","Lanier","62","1","6"
"60-69 years","Lanier","39","2","2"
"70-79 years","Lanier","23","4","6"
"80 & Older years","Lanier","14","0","6"
"<1 years","Lanier","4","0","0"
"01-04 years","Laurens","30","0","0"
"05-09 years","Laurens","48","0","1"
"10-17 years","Laurens","243","0","4"
"18-29 years","Laurens","660","0","10"
"30-39 years","Laurens","552","1","18"
"40-49 years","Laurens","567","4","29"
"50-59 years","Laurens","581","10","64"
"60-69 years","Laurens","481","31","82"
"70-79 years","Laurens","317","48","81"
"80 & Older years","Laurens","216","50","60"
"<1 years","Laurens","5","0","1"
"Unknown years","Laurens","2","0","0"
"01-04 years","Lee","11","0","0"
"05-09 years","Lee","26","0","3"
"10-17 years","Lee","111","0","1"
"18-29 years","Lee","264","1","9"
"30-39 years","Lee","288","1","16"
"40-49 years","Lee","291","3","28"
"50-59 years","Lee","260","9","43"
"60-69 years","Lee","188","13","34"
"70-79 years","Lee","89","14","29"
"80 & Older years","Lee","51","9","21"
"<1 years","Lee","8","0","0"
"01-04 years","Liberty","63","0","1"
"05-09 years","Liberty","77","0","1"
"10-17 years","Liberty","255","0","2"
"18-29 years","Liberty","1025","1","13"
"30-39 years","Liberty","558","0","18"
"40-49 years","Liberty","454","1","17"
"50-59 years","Liberty","436","10","40"
"60-69 years","Liberty","301","17","50"
"70-79 years","Liberty","135","17","51"
"80 & Older years","Liberty","59","14","24"
"<1 years","Liberty","29","0","1"
"Unknown years","Liberty","7","0","0"
"01-04 years","Lincoln","9","0","0"
"05-09 years","Lincoln","13","0","0"
"10-17 years","Lincoln","29","0","0"
"18-29 years","Lincoln","93","0","3"
"30-39 years","Lincoln","69","0","1"
"40-49 years","Lincoln","78","1","6"
"50-59 years","Lincoln","65","3","5"
"60-69 years","Lincoln","74","4","15"
"70-79 years","Lincoln","51","9","13"
"80 & Older years","Lincoln","21","7","9"
"<1 years","Lincoln","2","0","0"
"Unknown years","Lincoln","4","0","0"
"01-04 years","Long","17","0","0"
"05-09 years","Long","14","0","0"
"10-17 years","Long","59","0","0"
"18-29 years","Long","128","0","0"
"30-39 years","Long","140","0","2"
"40-49 years","Long","104","0","6"
"50-59 years","Long","78","1","10"
"60-69 years","Long","60","1","8"
"70-79 years","Long","37","6","14"
"80 & Older years","Long","16","2","7"
"<1 years","Long","6","0","0"
"Unknown years","Long","1","0","0"
"01-04 years","Lowndes","144","0","0"
"05-09 years","Lowndes","185","0","0"
"10-17 years","Lowndes","625","0","7"
"18-29 years","Lowndes","2348","4","29"
"30-39 years","Lowndes","1263","1","20"
"40-49 years","Lowndes","1039","4","45"
"50-59 years","Lowndes","911","9","61"
"60-69 years","Lowndes","623","28","84"
"70-79 years","Lowndes","340","39","65"
"80 & Older years","Lowndes","209","55","64"
"<1 years","Lowndes","34","0","0"
"Unknown years","Lowndes","14","0","0"
"01-04 years","Lumpkin","17","0","1"
"05-09 years","Lumpkin","31","0","2"
"10-17 years","Lumpkin","131","0","2"
"18-29 years","Lumpkin","721","0","14"
"30-39 years","Lumpkin","336","0","9"
"40-49 years","Lumpkin","329","1","17"
"50-59 years","Lumpkin","393","5","46"
"60-69 years","Lumpkin","369","11","54"
"70-79 years","Lumpkin","268","14","66"
"80 & Older years","Lumpkin","134","31","68"
"<1 years","Lumpkin","7","0","1"
"Unknown years","Lumpkin","42","0","3"
"01-04 years","Macon","9","0","0"
"05-09 years","Macon","12","0","0"
"10-17 years","Macon","23","0","0"
"18-29 years","Macon","109","0","3"
"30-39 years","Macon","76","0","4"
"40-49 years","Macon","108","1","7"
"50-59 years","Macon","120","4","14"
"60-69 years","Macon","78","6","24"
"70-79 years","Macon","53","7","21"
"80 & Older years","Macon","19","7","7"
"<1 years","Macon","3","0","0"
"Unknown years","Macon","3","0","1"
"01-04 years","Madison","41","0","1"
"05-09 years","Madison","54","0","0"
"10-17 years","Madison","229","0","0"
"18-29 years","Madison","483","0","2"
"30-39 years","Madison","419","0","5"
"40-49 years","Madison","410","0","18"
"50-59 years","Madison","439","5","27"
"60-69 years","Madison","338","9","40"
"70-79 years","Madison","200","18","45"
"80 & Older years","Madison","79","14","14"
"<1 years","Madison","20","0","4"
"Unknown years","Madison","12","0","0"
"01-04 years","Marion","9","0","0"
"05-09 years","Marion","8","0","1"
"10-17 years","Marion","38","0","0"
"18-29 years","Marion","66","0","2"
"30-39 years","Marion","44","0","2"
"40-49 years","Marion","61","1","6"
"50-59 years","Marion","63","6","7"
"60-69 years","Marion","46","3","6"
"70-79 years","Marion","28","2","6"
"80 & Older years","Marion","28","5","9"
"<1 years","Marion","3","0","0"
"Unknown years","Marion","2","0","0"
"01-04 years","McDuffie","26","0","0"
"05-09 years","McDuffie","31","0","0"
"10-17 years","McDuffie","124","0","0"
"18-29 years","McDuffie","324","0","6"
"30-39 years","McDuffie","250","2","4"
"40-49 years","McDuffie","251","2","14"
"50-59 years","McDuffie","255","4","28"
"60-69 years","McDuffie","206","10","29"
"70-79 years","McDuffie","116","8","46"
"80 & Older years","McDuffie","52","15","30"
"<1 years","McDuffie","2","0","0"
"Unknown years","McDuffie","26","0","1"
"01-04 years","McIntosh","4","0","0"
"05-09 years","McIntosh","14","0","0"
"10-17 years","McIntosh","41","0","0"
"18-29 years","McIntosh","115","0","4"
"30-39 years","McIntosh","82","0","3"
"40-49 years","McIntosh","101","0","4"
"50-59 years","McIntosh","136","0","4"
"60-69 years","McIntosh","106","2","17"
"70-79 years","McIntosh","65","4","16"
"80 & Older years","McIntosh","27","8","9"
"<1 years","McIntosh","1","0","0"
"Unknown years","McIntosh","1","0","0"
"01-04 years","Meriwether","26","0","2"
"05-09 years","Meriwether","27","0","1"
"10-17 years","Meriwether","86","0","1"
"18-29 years","Meriwether","215","0","7"
"30-39 years","Meriwether","184","2","13"
"40-49 years","Meriwether","224","2","16"
"50-59 years","Meriwether","240","6","19"
"60-69 years","Meriwether","217","11","25"
"70-79 years","Meriwether","189","24","33"
"80 & Older years","Meriwether","100","27","19"
"<1 years","Meriwether","4","0","0"
"Unknown years","Meriwether","3","0","0"
"01-04 years","Miller","9","0","0"
"05-09 years","Miller","9","0","0"
"10-17 years","Miller","80","0","1"
"18-29 years","Miller","109","0","1"
"30-39 years","Miller","100","0","0"
"40-49 years","Miller","84","0","6"
"50-59 years","Miller","129","2","12"
"60-69 years","Miller","96","3","11"
"70-79 years","Miller","31","2","3"
"80 & Older years","Miller","25","2","6"
"<1 years","Miller","3","0","0"
"01-04 years","Mitchell","25","0","1"
"05-09 years","Mitchell","28","0","0"
"10-17 years","Mitchell","89","0","2"
"18-29 years","Mitchell","258","0","10"
"30-39 years","Mitchell","220","1","15"
"40-49 years","Mitchell","213","3","17"
"50-59 years","Mitchell","248","12","54"
"60-69 years","Mitchell","208","15","49"
"70-79 years","Mitchell","131","17","47"
"80 & Older years","Mitchell","97","26","33"
"<1 years","Mitchell","8","0","0"
"Unknown years","Mitchell","2","0","1"
"01-04 years","Monroe","14","0","1"
"05-09 years","Monroe","24","0","1"
"10-17 years","Monroe","88","0","0"
"18-29 years","Monroe","301","1","6"
"30-39 years","Monroe","251","0","8"
"40-49 years","Monroe","274","4","19"
"50-59 years","Monroe","317","3","26"
"60-69 years","Monroe","293","19","51"
"70-79 years","Monroe","167","21","44"
"80 & Older years","Monroe","121","38","34"
"<1 years","Monroe","4","0","1"
"01-04 years","Montgomery","9","0","0"
"05-09 years","Montgomery","6","0","0"
"10-17 years","Montgomery","52","0","1"
"18-29 years","Montgomery","154","0","1"
"30-39 years","Montgomery","96","1","3"
"40-49 years","Montgomery","123","0","2"
"50-59 years","Montgomery","101","3","8"
"60-69 years","Montgomery","97","5","13"
"70-79 years","Montgomery","52","6","9"
"80 & Older years","Montgomery","25","6","6"
"<1 years","Montgomery","1","0","0"
"Unknown years","Montgomery","1","0","0"
"01-04 years","Morgan","17","0","0"
"05-09 years","Morgan","26","0","1"
"10-17 years","Morgan","92","0","2"
"18-29 years","Morgan","211","0","4"
"30-39 years","Morgan","168","0","6"
"40-49 years","Morgan","170","1","6"
"50-59 years","Morgan","187","2","15"
"60-69 years","Morgan","138","5","13"
"70-79 years","Morgan","107","4","16"
"80 & Older years","Morgan","56","11","20"
"<1 years","Morgan","13","0","1"
"Unknown years","Morgan","2","0","0"
"01-04 years","Murray","71","0","2"
"05-09 years","Murray","100","0","2"
"10-17 years","Murray","405","0","2"
"18-29 years","Murray","828","0","9"
"30-39 years","Murray","578","1","8"
"40-49 years","Murray","722","0","23"
"50-59 years","Murray","629","9","45"
"60-69 years","Murray","426","13","64"
"70-79 years","Murray","262","33","60"
"80 & Older years","Murray","104","22","26"
"<1 years","Murray","25","0","2"
"Unknown years","Murray","2","0","0"
"01-04 years","Muscogee","234","0","7"
"05-09 years","Muscogee","350","0","0"
"10-17 years","Muscogee","976","0","8"
"18-29 years","Muscogee","3309","3","70"
"30-39 years","Muscogee","2260","2","83"
"40-49 years","Muscogee","1967","7","102"
"50-59 years","Muscogee","1975","45","206"
"60-69 years","Muscogee","1573","83","272"
"70-79 years","Muscogee","877","100","215"
"80 & Older years","Muscogee","524","150","179"
"<1 years","Muscogee","73","0","3"
"Unknown years","Muscogee","54","1","2"
"01-04 years","Newton","84","0","2"
"05-09 years","Newton","140","0","1"
"10-17 years","Newton","456","0","11"
"18-29 years","Newton","1411","1","45"
"30-39 years","Newton","1181","0","62"
"40-49 years","Newton","1353","9","102"
"50-59 years","Newton","1269","21","129"
"60-69 years","Newton","715","39","107"
"70-79 years","Newton","503","59","104"
"80 & Older years","Newton","295","86","78"
"<1 years","Newton","27","0","5"
"Unknown years","Newton","3","0","0"
"01-04 years","Non-GA Resident/Unknown State","249","0","4"
"05-09 years","Non-GA Resident/Unknown State","417","0","5"
"10-17 years","Non-GA Resident/Unknown State","1261","0","7"
"18-29 years","Non-GA Resident/Unknown State","5485","6","62"
"30-39 years","Non-GA Resident/Unknown State","3841","4","92"
"40-49 years","Non-GA Resident/Unknown State","3257","15","103"
"50-59 years","Non-GA Resident/Unknown State","3256","49","204"
"60-69 years","Non-GA Resident/Unknown State","2324","118","278"
"70-79 years","Non-GA Resident/Unknown State","1518","135","295"
"80 & Older years","Non-GA Resident/Unknown State","847","143","198"
"<1 years","Non-GA Resident/Unknown State","143","0","2"
"Unknown years","Non-GA Resident/Unknown State","895","0","3"
"01-04 years","Oconee","37","0","0"
"05-09 years","Oconee","65","0","0"
"10-17 years","Oconee","330","0","0"
"18-29 years","Oconee","573","1","5"
"30-39 years","Oconee","376","1","4"
"40-49 years","Oconee","562","1","12"
"50-59 years","Oconee","473","4","11"
"60-69 years","Oconee","307","11","33"
"70-79 years","Oconee","175","18","24"
"80 & Older years","Oconee","131","28","40"
"<1 years","Oconee","10","0","0"
"Unknown years","Oconee","1","0","0"
"01-04 years","Oglethorpe","18","0","0"
"05-09 years","Oglethorpe","28","0","0"
"10-17 years","Oglethorpe","94","0","1"
"18-29 years","Oglethorpe","205","0","1"
"30-39 years","Oglethorpe","148","1","1"
"40-49 years","Oglethorpe","173","1","7"
"50-59 years","Oglethorpe","181","1","18"
"60-69 years","Oglethorpe","147","1","15"
"70-79 years","Oglethorpe","106","9","15"
"80 & Older years","Oglethorpe","68","15","17"
"<1 years","Oglethorpe","11","0","0"
"Unknown years","Oglethorpe","5","0","0"
"01-04 years","Paulding","146","0","2"
"05-09 years","Paulding","279","0","0"
"10-17 years","Paulding","1047","0","7"
"18-29 years","Paulding","2033","1","26"
"30-39 years","Paulding","1718","2","31"
"40-49 years","Paulding","1872","6","47"
"50-59 years","Paulding","1759","16","79"
"60-69 years","Paulding","910","36","74"
"70-79 years","Paulding","514","41","73"
"80 & Older years","Paulding","313","64","65"
"<1 years","Paulding","33","0","0"
"Unknown years","Paulding","48","0","0"
"01-04 years","Peach","15","0","2"
"05-09 years","Peach","19","0","0"
"10-17 years","Peach","77","0","1"
"18-29 years","Peach","404","1","10"
"30-39 years","Peach","306","0","16"
"40-49 years","Peach","247","4","20"
"50-59 years","Peach","306","8","42"
"60-69 years","Peach","261","10","57"
"70-79 years","Peach","131","13","40"
"80 & Older years","Peach","67","16","29"
"<1 years","Peach","4","0","0"
"01-04 years","Pickens","22","0","2"
"05-09 years","Pickens","38","0","1"
"10-17 years","Pickens","149","0","0"
"18-29 years","Pickens","395","0","6"
"30-39 years","Pickens","330","0","12"
"40-49 years","Pickens","397","0","19"
"50-59 years","Pickens","444","4","27"
"60-69 years","Pickens","341","8","40"
"70-79 years","Pickens","276","22","62"
"80 & Older years","Pickens","123","26","37"
"<1 years","Pickens","3","0","1"
"Unknown years","Pickens","1","0","0"
"01-04 years","Pierce","13","0","0"
"05-09 years","Pierce","25","0","0"
"10-17 years","Pierce","90","1","1"
"18-29 years","Pierce","231","0","5"
"30-39 years","Pierce","154","0","3"
"40-49 years","Pierce","211","0","14"
"50-59 years","Pierce","195","4","20"
"60-69 years","Pierce","152","11","40"
"70-79 years","Pierce","113","12","32"
"80 & Older years","Pierce","56","14","17"
"<1 years","Pierce","7","0","1"
"01-04 years","Pike","27","0","0"
"05-09 years","Pike","28","0","0"
"10-17 years","Pike","121","0","1"
"18-29 years","Pike","163","0","6"
"30-39 years","Pike","143","0","2"
"40-49 years","Pike","197","3","9"
"50-59 years","Pike","153","4","7"
"60-69 years","Pike","102","3","17"
"70-79 years","Pike","85","8","19"
"80 & Older years","Pike","33","8","9"
"<1 years","Pike","2","0","0"
"Unknown years","Pike","3","0","0"
"01-04 years","Polk","40","0","1"
"05-09 years","Polk","75","0","2"
"10-17 years","Polk","322","0","3"
"18-29 years","Polk","810","0","13"
"30-39 years","Polk","572","1","16"
"40-49 years","Polk","590","2","41"
"50-59 years","Polk","615","12","84"
"60-69 years","Polk","396","14","74"
"70-79 years","Polk","314","24","87"
"80 & Older years","Polk","140","26","57"
"<1 years","Polk","20","0","0"
"Unknown years","Polk","31","0","0"
"01-04 years","Pulaski","5","0","0"
"05-09 years","Pulaski","9","0","0"
"10-17 years","Pulaski","37","0","1"
"18-29 years","Pulaski","82","0","1"
"30-39 years","Pulaski","93","0","2"
"40-49 years","Pulaski","90","0","8"
"50-59 years","Pulaski","104","0","6"
"60-69 years","Pulaski","95","8","13"
"70-79 years","Pulaski","49","12","17"
"80 & Older years","Pulaski","40","12","6"
"<1 years","Pulaski","3","0","0"
"01-04 years","Putnam","24","0","0"
"05-09 years","Putnam","42","0","1"
"10-17 years","Putnam","123","0","2"
"18-29 years","Putnam","283","0","2"
"30-39 years","Putnam","232","0","6"
"40-49 years","Putnam","225","1","9"
"50-59 years","Putnam","303","3","23"
"60-69 years","Putnam","258","13","30"
"70-79 years","Putnam","202","20","54"
"80 & Older years","Putnam","85","20","34"
"<1 years","Putnam","7","0","1"
"01-04 years","Quitman","1","0","0"
"05-09 years","Quitman","4","0","0"
"10-17 years","Quitman","6","0","0"
"18-29 years","Quitman","12","0","1"
"30-39 years","Quitman","4","0","1"
"40-49 years","Quitman","3","0","1"
"50-59 years","Quitman","16","0","1"
"60-69 years","Quitman","23","1","4"
"70-79 years","Quitman","4","0","1"
"80 & Older years","Quitman","6","1","2"
"<1 years","Quitman","2","0","0"
"01-04 years","Rabun","15","0","0"
"05-09 years","Rabun","27","0","0"
"10-17 years","Rabun","111","0","1"
"18-29 years","Rabun","216","0","5"
"30-39 years","Rabun","186","1","10"
"40-49 years","Rabun","199","0","9"
"50-59 years","Rabun","227","3","24"
"60-69 years","Rabun","232","8","32"
"70-79 years","Rabun","175","12","36"
"80 & Older years","Rabun","79","17","31"
"<1 years","Rabun","5","0","1"
"Unknown years","Rabun","52","0","1"
"01-04 years","Randolph","2","0","0"
"05-09 years","Randolph","5","0","0"
"10-17 years","Randolph","14","0","1"
"18-29 years","Randolph","61","0","2"
"30-39 years","Randolph","72","2","6"
"40-49 years","Randolph","56","0","5"
"50-59 years","Randolph","91","3","20"
"60-69 years","Randolph","69","8","16"
"70-79 years","Randolph","48","4","15"
"80 & Older years","Randolph","46","15","16"
"<1 years","Randolph","1","0","0"
"Unknown years","Randolph","2","0","0"
"01-04 years","Richmond","294","0","1"
"05-09 years","Richmond","577","0","4"
"10-17 years","Richmond","1586","0","13"
"18-29 years","Richmond","4556","9","63"
"30-39 years","Richmond","3397","6","82"
"40-49 years","Richmond","2740","17","113"
"50-59 years","Richmond","2732","42","214"
"60-69 years","Richmond","2006","80","267"
"70-79 years","Richmond","1085","104","291"
"80 & Older years","Richmond","667","149","276"
"<1 years","Richmond","86","0","2"
"Unknown years","Richmond","31","0","2"
"01-04 years","Rockdale","59","0","4"
"05-09 years","Rockdale","109","0","0"
"10-17 years","Rockdale","353","0","13"
"18-29 years","Rockdale","1187","2","73"
"30-39 years","Rockdale","938","3","91"
"40-49 years","Rockdale","1062","7","118"
"50-59 years","Rockdale","1032","12","173"
"60-69 years","Rockdale","642","30","150"
"70-79 years","Rockdale","373","50","146"
"80 & Older years","Rockdale","202","47","93"
"<1 years","Rockdale","13","0","2"
"Unknown years","Rockdale","2","0","0"
"01-04 years","Schley","5","0","0"
"05-09 years","Schley","4","0","0"
"10-17 years","Schley","22","0","0"
"18-29 years","Schley","47","0","2"
"30-39 years","Schley","21","0","0"
"40-49 years","Schley","32","0","4"
"50-59 years","Schley","31","1","3"
"60-69 years","Schley","26","1","8"
"70-79 years","Schley","13","1","2"
"80 & Older years","Schley","7","2","2"
"<1 years","Schley","1","0","0"
"01-04 years","Screven","8","0","0"
"05-09 years","Screven","15","0","0"
"10-17 years","Screven","61","0","0"
"18-29 years","Screven","137","0","3"
"30-39 years","Screven","123","0","2"
"40-49 years","Screven","101","1","6"
"50-59 years","Screven","113","2","16"
"60-69 years","Screven","136","2","15"
"70-79 years","Screven","73","8","19"
"80 & Older years","Screven","38","8","11"
"<1 years","Screven","4","0","0"
"Unknown years","Screven","2","0","0"
"01-04 years","Seminole","13","0","0"
"05-09 years","Seminole","15","0","0"
"10-17 years","Seminole","75","0","0"
"18-29 years","Seminole","113","0","0"
"30-39 years","Seminole","90","0","1"
"40-49 years","Seminole","93","0","5"
"50-59 years","Seminole","113","1","6"
"60-69 years","Seminole","134","3","26"
"70-79 years","Seminole","71","6","16"
"80 & Older years","Seminole","30","7","12"
"<1 years","Seminole","4","0","0"
"01-04 years","Spalding","66","0","3"
"05-09 years","Spalding","67","0","1"
"10-17 years","Spalding","213","0","5"
"18-29 years","Spalding","703","1","30"
"30-39 years","Spalding","608","4","29"
"40-49 years","Spalding","611","4","48"
"50-59 years","Spalding","647","16","77"
"60-69 years","Spalding","497","35","93"
"70-79 years","Spalding","360","43","82"
"80 & Older years","Spalding","219","50","67"
"<1 years","Spalding","12","0","0"
"Unknown years","Spalding","22","0","0"
"01-04 years","Stephens","18","0","0"
"05-09 years","Stephens","43","0","1"
"10-17 years","Stephens","186","0","3"
"18-29 years","Stephens","535","1","13"
"30-39 years","Stephens","346","0","8"
"40-49 years","Stephens","440","1","23"
"50-59 years","Stephens","459","5","37"
"60-69 years","Stephens","443","22","62"
"70-79 years","Stephens","300","22","65"
"80 & Older years","Stephens","160","28","41"
"<1 years","Stephens","4","0","0"
"Unknown years","Stephens","29","0","0"
"01-04 years","Stewart","6","0","1"
"05-09 years","Stewart","2","0","0"
"10-17 years","Stewart","14","0","0"
"18-29 years","Stewart","171","0","22"
"30-39 years","Stewart","219","1","25"
"40-49 years","Stewart","155","2","23"
"50-59 years","Stewart","84","2","13"
"60-69 years","Stewart","71","11","25"
"70-79 years","Stewart","26","3","6"
"80 & Older years","Stewart","21","4","6"
"<1 years","Stewart","1","0","0"
"Unknown years","Stewart","14","0","4"
"01-04 years","Sumter","26","0","0"
"05-09 years","Sumter","31","0","0"
"10-17 years","Sumter","77","0","3"
"18-29 years","Sumter","327","1","11"
"30-39 years","Sumter","263","1","20"
"40-49 years","Sumter","259","5","24"
"50-59 years","Sumter","276","3","42"
"60-69 years","Sumter","255","25","69"
"70-79 years","Sumter","165","27","46"
"80 & Older years","Sumter","105","29","48"
"<1 years","Sumter","10","0","0"
"Unknown years","Sumter","1","0","0"
"01-04 years","Talbot","8","0","0"
"05-09 years","Talbot","5","0","0"
"10-17 years","Talbot","30","0","0"
"18-29 years","Talbot","56","0","1"
"30-39 years","Talbot","36","0","1"
"40-49 years","Talbot","60","1","4"
"50-59 years","Talbot","66","5","6"
"60-69 years","Talbot","60","3","14"
"70-79 years","Talbot","39","6","7"
"80 & Older years","Talbot","20","3","8"
"Unknown years","Talbot","2","0","0"
"01-04 years","Taliaferro","1","0","0"
"05-09 years","Taliaferro","2","0","0"
"10-17 years","Taliaferro","7","0","0"
"18-29 years","Taliaferro","13","0","0"
"30-39 years","Taliaferro","15","0","0"
"40-49 years","Taliaferro","19","0","1"
"50-59 years","Taliaferro","10","0","0"
"60-69 years","Taliaferro","20","1","2"
"70-79 years","Taliaferro","10","1","3"
"80 & Older years","Taliaferro","4","1","2"
"01-04 years","Tattnall","31","0","0"
"05-09 years","Tattnall","46","0","0"
"10-17 years","Tattnall","161","0","0"
"18-29 years","Tattnall","320","0","1"
"30-39 years","Tattnall","282","1","4"
"40-49 years","Tattnall","279","0","7"
"50-59 years","Tattnall","308","7","23"
"60-69 years","Tattnall","236","16","36"
"70-79 years","Tattnall","119","17","39"
"80 & Older years","Tattnall","46","5","8"
"<1 years","Tattnall","10","0","1"
"Unknown years","Tattnall","1","0","1"
"01-04 years","Taylor","13","0","1"
"05-09 years","Taylor","16","0","0"
"10-17 years","Taylor","53","0","1"
"18-29 years","Taylor","80","0","2"
"30-39 years","Taylor","52","0","4"
"40-49 years","Taylor","93","1","11"
"50-59 years","Taylor","75","1","16"
"60-69 years","Taylor","63","5","16"
"70-79 years","Taylor","33","6","10"
"80 & Older years","Taylor","25","9","11"
"<1 years","Taylor","4","0","0"
"Unknown years","Taylor","1","0","0"
"01-04 years","Telfair","11","0","0"
"05-09 years","Telfair","12","0","0"
"10-17 years","Telfair","21","0","0"
"18-29 years","Telfair","137","0","3"
"30-39 years","Telfair","92","1","1"
"40-49 years","Telfair","114","3","7"
"50-59 years","Telfair","109","5","10"
"60-69 years","Telfair","105","9","18"
"70-79 years","Telfair","70","12","18"
"80 & Older years","Telfair","44","15","12"
"<1 years","Telfair","4","0","0"
"Unknown years","Telfair","2","0","0"
"01-04 years","Terrell","8","0","0"
"05-09 years","Terrell","8","0","0"
"10-17 years","Terrell","42","0","0"
"18-29 years","Terrell","70","0","3"
"30-39 years","Terrell","80","0","9"
"40-49 years","Terrell","65","0","8"
"50-59 years","Terrell","97","4","15"
"60-69 years","Terrell","92","12","33"
"70-79 years","Terrell","62","16","27"
"80 & Older years","Terrell","39","13","16"
"01-04 years","Thomas","61","0","1"
"05-09 years","Thomas","115","0","0"
"10-17 years","Thomas","309","0","3"
"18-29 years","Thomas","616","1","26"
"30-39 years","Thomas","496","2","19"
"40-49 years","Thomas","517","4","29"
"50-59 years","Thomas","547","11","44"
"60-69 years","Thomas","434","13","92"
"70-79 years","Thomas","254","34","72"
"80 & Older years","Thomas","167","48","60"
"<1 years","Thomas","16","0","1"
"Unknown years","Thomas","2","0","0"
"01-04 years","Tift","37","0","2"
"05-09 years","Tift","58","0","3"
"10-17 years","Tift","232","0","6"
"18-29 years","Tift","777","0","20"
"30-39 years","Tift","547","1","28"
"40-49 years","Tift","546","7","60"
"50-59 years","Tift","465","9","69"
"60-69 years","Tift","357","16","75"
"70-79 years","Tift","245","30","91"
"80 & Older years","Tift","138","33","60"
"<1 years","Tift","13","0","0"
"Unknown years","Tift","3","0","0"
"01-04 years","Toombs","31","0","0"
"05-09 years","Toombs","52","0","0"
"10-17 years","Toombs","215","0","2"
"18-29 years","Toombs","532","0","6"
"30-39 years","Toombs","421","0","3"
"40-49 years","Toombs","427","1","22"
"50-59 years","Toombs","429","7","23"
"60-69 years","Toombs","384","16","43"
"70-79 years","Toombs","259","33","41"
"80 & Older years","Toombs","156","40","33"
"<1 years","Toombs","7","0","0"
"01-04 years","Towns","2","0","0"
"05-09 years","Towns","6","0","0"
"10-17 years","Towns","47","0","1"
"18-29 years","Towns","136","0","4"
"30-39 years","Towns","87","0","3"
"40-49 years","Towns","113","2","5"
"50-59 years","Towns","170","2","15"
"60-69 years","Towns","217","2","18"
"70-79 years","Towns","160","9","36"
"80 & Older years","Towns","120","27","45"
"Unknown years","Towns","18","0","0"
"01-04 years","Treutlen","6","0","0"
"05-09 years","Treutlen","15","0","1"
"10-17 years","Treutlen","47","0","0"
"18-29 years","Treutlen","102","0","2"
"30-39 years","Treutlen","100","0","5"
"40-49 years","Treutlen","102","2","5"
"50-59 years","Treutlen","102","1","8"
"60-69 years","Treutlen","67","5","12"
"70-79 years","Treutlen","53","10","11"
"80 & Older years","Treutlen","30","6","8"
"01-04 years","Troup","136","0","1"
"05-09 years","Troup","179","0","0"
"10-17 years","Troup","531","0","6"
"18-29 years","Troup","1201","1","29"
"30-39 years","Troup","894","7","42"
"40-49 years","Troup","802","6","50"
"50-59 years","Troup","838","14","103"
"60-69 years","Troup","641","32","98"
"70-79 years","Troup","349","45","93"
"80 & Older years","Troup","257","78","66"
"<1 years","Troup","44","0","1"
"Unknown years","Troup","7","0","0"
"01-04 years","Turner","3","0","0"
"05-09 years","Turner","7","0","1"
"10-17 years","Turner","20","0","0"
"18-29 years","Turner","88","0","2"
"30-39 years","Turner","102","0","10"
"40-49 years","Turner","107","0","5"
"50-59 years","Turner","94","2","13"
"60-69 years","Turner","86","9","26"
"70-79 years","Turner","52","6","13"
"80 & Older years","Turner","35","16","15"
"<1 years","Turner","2","0","1"
"01-04 years","Twiggs","10","0","0"
"05-09 years","Twiggs","6","0","1"
"10-17 years","Twiggs","26","0","0"
"18-29 years","Twiggs","67","0","2"
"30-39 years","Twiggs","62","1","5"
"40-49 years","Twiggs","62","1","7"
"50-59 years","Twiggs","91","3","13"
"60-69 years","Twiggs","100","9","32"
"70-79 years","Twiggs","58","8","22"
"80 & Older years","Twiggs","26","14","18"
"<1 years","Twiggs","1","0","0"
"01-04 years","Union","7","0","0"
"05-09 years","Union","16","0","0"
"10-17 years","Union","71","0","1"
"18-29 years","Union","259","1","1"
"30-39 years","Union","223","0","3"
"40-49 years","Union","227","0","14"
"50-59 years","Union","304","5","23"
"60-69 years","Union","369","6","45"
"70-79 years","Union","313","21","57"
"80 & Older years","Union","206","37","64"
"<1 years","Union","1","0","0"
"Unknown years","Union","29","0","0"
"01-04 years","Unknown","15","0","0"
"05-09 years","Unknown","45","0","0"
"10-17 years","Unknown","164","0","0"
"18-29 years","Unknown","748","1","4"
"30-39 years","Unknown","361","3","6"
"40-49 years","Unknown","323","1","2"
"50-59 years","Unknown","286","3","6"
"60-69 years","Unknown","164","1","7"
"70-79 years","Unknown","102","0","8"
"80 & Older years","Unknown","41","2","6"
"<1 years","Unknown","26","0","0"
"Unknown years","Unknown","102","0","3"
"01-04 years","Upson","41","0","0"
"05-09 years","Upson","47","0","0"
"10-17 years","Upson","139","0","1"
"18-29 years","Upson","312","0","6"
"30-39 years","Upson","217","2","10"
"40-49 years","Upson","246","1","11"
"50-59 years","Upson","262","7","23"
"60-69 years","Upson","241","22","40"
"70-79 years","Upson","169","34","49"
"80 & Older years","Upson","107","41","36"
"<1 years","Upson","15","0","0"
"Unknown years","Upson","5","0","0"
"01-04 years","Walker","82","0","1"
"05-09 years","Walker","155","0","1"
"10-17 years","Walker","539","0","4"
"18-29 years","Walker","1153","0","17"
"30-39 years","Walker","855","1","17"
"40-49 years","Walker","1037","3","28"
"50-59 years","Walker","893","3","39"
"60-69 years","Walker","743","16","69"
"70-79 years","Walker","494","30","64"
"80 & Older years","Walker","240","27","31"
"<1 years","Walker","40","0","2"
"Unknown years","Walker","216","0","7"
"01-04 years","Walton","82","0","1"
"05-09 years","Walton","168","0","1"
"10-17 years","Walton","626","0","6"
"18-29 years","Walton","1373","2","31"
"30-39 years","Walton","1187","0","28"
"40-49 years","Walton","1303","3","50"
"50-59 years","Walton","1282","16","87"
"60-69 years","Walton","884","30","91"
"70-79 years","Walton","663","76","115"
"80 & Older years","Walton","394","107","82"
"<1 years","Walton","29","0","2"
"Unknown years","Walton","17","0","0"
"01-04 years","Ware","61","0","1"
"05-09 years","Ware","68","0","0"
"10-17 years","Ware","240","0","1"
"18-29 years","Ware","559","1","5"
"30-39 years","Ware","454","2","20"
"40-49 years","Ware","389","3","31"
"50-59 years","Ware","420","16","62"
"60-69 years","Ware","312","19","64"
"70-79 years","Ware","261","43","100"
"80 & Older years","Ware","212","66","64"
"<1 years","Ware","19","0","2"
"01-04 years","Warren","6","0","0"
"05-09 years","Warren","2","0","0"
"10-17 years","Warren","25","0","0"
"18-29 years","Warren","70","0","3"
"30-39 years","Warren","51","0","4"
"40-49 years","Warren","49","2","5"
"50-59 years","Warren","69","2","7"
"60-69 years","Warren","44","3","8"
"70-79 years","Warren","36","5","13"
"80 & Older years","Warren","17","2","6"
"<1 years","Warren","2","0","1"
"Unknown years","Warren","4","0","0"
"01-04 years","Washington","19","0","0"
"05-09 years","Washington","26","0","0"
"10-17 years","Washington","121","0","2"
"18-29 years","Washington","265","0","7"
"30-39 years","Washington","243","0","8"
"40-49 years","Washington","256","4","12"
"50-59 years","Washington","242","6","17"
"60-69 years","Washington","224","15","30"
"70-79 years","Washington","121","11","22"
"80 & Older years","Washington","78","24","13"
"<1 years","Washington","10","0","0"
"Unknown years","Washington","1","0","0"
"01-04 years","Wayne","31","0","1"
"05-09 years","Wayne","38","0","0"
"10-17 years","Wayne","171","0","1"
"18-29 years","Wayne","417","0","9"
"30-39 years","Wayne","415","1","12"
"40-49 years","Wayne","501","1","37"
"50-59 years","Wayne","424","6","37"
"60-69 years","Wayne","335","19","68"
"70-79 years","Wayne","266","25","77"
"80 & Older years","Wayne","120","22","26"
"<1 years","Wayne","6","0","1"
"10-17 years","Webster","3","0","0"
"18-29 years","Webster","21","0","1"
"30-39 years","Webster","10","0","1"
"40-49 years","Webster","16","0","2"
"50-59 years","Webster","19","2","6"
"60-69 years","Webster","24","1","4"
"70-79 years","Webster","7","0","1"
"80 & Older years","Webster","4","1","0"
"Unknown years","Webster","2","0","0"
"01-04 years","Wheeler","1","0","0"
"05-09 years","Wheeler","5","0","0"
"10-17 years","Wheeler","23","0","0"
"18-29 years","Wheeler","57","0","0"
"30-39 years","Wheeler","74","2","2"
"40-49 years","Wheeler","79","1","3"
"50-59 years","Wheeler","92","7","11"
"60-69 years","Wheeler","53","3","6"
"70-79 years","Wheeler","40","5","11"
"80 & Older years","Wheeler","9","3","1"
"<1 years","Wheeler","2","0","0"
"Unknown years","Wheeler","24","0","1"
"01-04 years","White","20","0","0"
"05-09 years","White","60","0","1"
"10-17 years","White","232","0","2"
"18-29 years","White","449","1","7"
"30-39 years","White","321","1","8"
"40-49 years","White","414","2","18"
"50-59 years","White","481","4","42"
"60-69 years","White","440","12","67"
"70-79 years","White","322","16","78"
"80 & Older years","White","181","31","70"
"<1 years","White","5","0","0"
"Unknown years","White","35","0","0"
"01-04 years","Whitfield","209","0","3"
"05-09 years","Whitfield","392","0","3"
"10-17 years","Whitfield","1364","0","6"
"18-29 years","Whitfield","3515","1","46"
"30-39 years","Whitfield","2297","5","64"
"40-49 years","Whitfield","2379","5","80"
"50-59 years","Whitfield","2160","27","127"
"60-69 years","Whitfield","1265","37","147"
"70-79 years","Whitfield","720","57","143"
"80 & Older years","Whitfield","411","95","121"
"<1 years","Whitfield","70","0","5"
"Unknown years","Whitfield","4","0","0"
"01-04 years","Wilcox","10","0","0"
"05-09 years","Wilcox","9","0","0"
"10-17 years","Wilcox","30","0","0"
"18-29 years","Wilcox","46","0","1"
"30-39 years","Wilcox","48","0","1"
"40-49 years","Wilcox","74","0","12"
"50-59 years","Wilcox","83","1","15"
"60-69 years","Wilcox","91","10","25"
"70-79 years","Wilcox","52","10","10"
"80 & Older years","Wilcox","26","8","8"
"<1 years","Wilcox","5","0","0"
"01-04 years","Wilkes","8","0","0"
"05-09 years","Wilkes","17","0","0"
"10-17 years","Wilkes","52","0","0"
"18-29 years","Wilkes","116","0","1"
"30-39 years","Wilkes","85","0","5"
"40-49 years","Wilkes","104","1","12"
"50-59 years","Wilkes","101","2","4"
"60-69 years","Wilkes","82","3","15"
"70-79 years","Wilkes","67","7","20"
"80 & Older years","Wilkes","33","8","15"
"<1 years","Wilkes","3","0","0"
"Unknown years","Wilkes","1","0","0"
"01-04 years","Wilkinson","6","0","0"
"05-09 years","Wilkinson","11","0","0"
"10-17 years","Wilkinson","31","0","1"
"18-29 years","Wilkinson","109","0","3"
"30-39 years","Wilkinson","90","0","7"
"40-49 years","Wilkinson","94","0","6"
"50-59 years","Wilkinson","154","4","25"
"60-69 years","Wilkinson","134","13","40"
"70-79 years","Wilkinson","59","6","22"
"80 & Older years","Wilkinson","40","5","16"
"01-04 years","Worth","13","0","0"
"05-09 years","Worth","15","0","0"
"10-17 years","Worth","79","0","3"
"18-29 years","Worth","186","0","9"
"30-39 years","Worth","152","0","11"
"40-49 years","Worth","158","1","16"
"50-59 years","Worth","195","8","27"
"60-69 years","Worth","194","19","52"
"70-79 years","Worth","115","16","30"
"80 & Older years","Worth","72","17","26"
"<1 years","Worth","4","0","0"
"Unknown years","Worth","1","0","0"
