"","location","State_Code","date_time_accessed","WeekStart","state_weekly_cases","national_weekly_cases","national_weekly_deaths","national_weekly_rec","epiweek"
"1","Alaska","AK",2020-03-18 10:45:53,2020-01-19,0,3,0,0,4
"2","Alaska","AK",2020-03-18 10:45:53,2020-01-26,0,8,0,0,5
"3","Alaska","AK",2020-03-18 10:45:53,2020-02-02,0,12,0,0,6
"4","Alaska","AK",2020-03-18 10:45:53,2020-02-16,0,14,0,0,8
"5","Alaska","AK",2020-03-18 10:45:53,2020-02-23,0,24,1,0,9
"6","Alaska","AK",2020-03-18 10:45:53,2020-03-01,0,353,19,0,10
"7","Alaska","AK",2020-03-18 10:45:53,2020-03-08,1,2825,56,0,11
"8","Alaska","AK",2020-03-18 10:45:53,2020-03-15,2,5626,90,0,12
"9","Arizona","AZ",2020-03-18 10:45:53,2020-01-19,0,3,0,0,4
"10","Arizona","AZ",2020-03-18 10:45:53,2020-01-26,1,8,0,0,5
"11","Arizona","AZ",2020-03-18 10:45:53,2020-02-02,0,12,0,0,6
"12","Arizona","AZ",2020-03-18 10:45:53,2020-02-16,0,14,0,0,8
"13","Arizona","AZ",2020-03-18 10:45:53,2020-02-23,0,24,1,0,9
"14","Arizona","AZ",2020-03-18 10:45:53,2020-03-01,4,353,19,0,10
"15","Arizona","AZ",2020-03-18 10:45:53,2020-03-08,7,2825,56,0,11
"16","Arizona","AZ",2020-03-18 10:45:53,2020-03-15,8,5626,90,0,12
"17","California","CA",2020-03-18 10:45:53,2020-01-19,1,3,0,0,4
"18","California","CA",2020-03-18 10:45:53,2020-01-26,2,8,0,0,5
"19","California","CA",2020-03-18 10:45:53,2020-02-02,3,12,0,0,6
"20","California","CA",2020-03-18 10:45:53,2020-02-16,2,14,0,0,8
"21","California","CA",2020-03-18 10:45:53,2020-02-23,3,24,1,0,9
"22","California","CA",2020-03-18 10:45:53,2020-03-01,53,353,19,0,10
"23","California","CA",2020-03-18 10:45:53,2020-03-08,198,2825,56,0,11
"24","California","CA",2020-03-18 10:45:53,2020-03-15,186,5626,90,0,12
"25","Colorado","CO",2020-03-18 10:45:53,2020-01-19,0,3,0,0,4
"26","Colorado","CO",2020-03-18 10:45:53,2020-01-26,0,8,0,0,5
"27","Colorado","CO",2020-03-18 10:45:53,2020-02-02,0,12,0,0,6
"28","Colorado","CO",2020-03-18 10:45:53,2020-02-16,0,14,0,0,8
"29","Colorado","CO",2020-03-18 10:45:53,2020-02-23,0,24,1,0,9
"30","Colorado","CO",2020-03-18 10:45:53,2020-03-01,8,353,19,0,10
"31","Colorado","CO",2020-03-18 10:45:53,2020-03-08,93,2825,56,0,11
"32","Colorado","CO",2020-03-18 10:45:53,2020-03-15,82,5626,90,0,12
"33","Hawaii","HI",2020-03-18 10:45:53,2020-01-19,0,3,0,0,4
"34","Hawaii","HI",2020-03-18 10:45:53,2020-01-26,0,8,0,0,5
"35","Hawaii","HI",2020-03-18 10:45:53,2020-02-02,0,12,0,0,6
"36","Hawaii","HI",2020-03-18 10:45:53,2020-02-16,0,14,0,0,8
"37","Hawaii","HI",2020-03-18 10:45:53,2020-02-23,0,24,1,0,9
"38","Hawaii","HI",2020-03-18 10:45:53,2020-03-01,1,353,19,0,10
"39","Hawaii","HI",2020-03-18 10:45:53,2020-03-08,3,2825,56,0,11
"40","Hawaii","HI",2020-03-18 10:45:53,2020-03-15,6,5626,90,0,12
"41","Idaho","ID",2020-03-18 10:45:53,2020-01-19,0,3,0,0,4
"42","Idaho","ID",2020-03-18 10:45:53,2020-01-26,0,8,0,0,5
"43","Idaho","ID",2020-03-18 10:45:53,2020-02-02,0,12,0,0,6
"44","Idaho","ID",2020-03-18 10:45:53,2020-02-16,0,14,0,0,8
"45","Idaho","ID",2020-03-18 10:45:53,2020-02-23,0,24,1,0,9
"46","Idaho","ID",2020-03-18 10:45:53,2020-03-01,0,353,19,0,10
"47","Idaho","ID",2020-03-18 10:45:53,2020-03-08,5,2825,56,0,11
"48","Idaho","ID",2020-03-18 10:45:53,2020-03-15,3,5626,90,0,12
"49","Montana","MT",2020-03-18 10:45:53,2020-01-19,0,3,0,0,4
"50","Montana","MT",2020-03-18 10:45:53,2020-01-26,0,8,0,0,5
"51","Montana","MT",2020-03-18 10:45:53,2020-02-02,0,12,0,0,6
"52","Montana","MT",2020-03-18 10:45:53,2020-02-16,0,14,0,0,8
"53","Montana","MT",2020-03-18 10:45:53,2020-02-23,0,24,1,0,9
"54","Montana","MT",2020-03-18 10:45:53,2020-03-01,0,353,19,0,10
"55","Montana","MT",2020-03-18 10:45:53,2020-03-08,6,2825,56,0,11
"56","Montana","MT",2020-03-18 10:45:53,2020-03-15,3,5626,90,0,12
"57","New Mexico","NM",2020-03-18 10:45:53,2020-01-19,0,3,0,0,4
"58","New Mexico","NM",2020-03-18 10:45:53,2020-01-26,0,8,0,0,5
"59","New Mexico","NM",2020-03-18 10:45:53,2020-02-02,0,12,0,0,6
"60","New Mexico","NM",2020-03-18 10:45:53,2020-02-16,0,14,0,0,8
"61","New Mexico","NM",2020-03-18 10:45:53,2020-02-23,0,24,1,0,9
"62","New Mexico","NM",2020-03-18 10:45:53,2020-03-01,0,353,19,0,10
"63","New Mexico","NM",2020-03-18 10:45:53,2020-03-08,13,2825,56,0,11
"64","New Mexico","NM",2020-03-18 10:45:53,2020-03-15,10,5626,90,0,12
"65","Nevada","NV",2020-03-18 10:45:53,2020-01-19,0,3,0,0,4
"66","Nevada","NV",2020-03-18 10:45:53,2020-01-26,0,8,0,0,5
"67","Nevada","NV",2020-03-18 10:45:53,2020-02-02,0,12,0,0,6
"68","Nevada","NV",2020-03-18 10:45:53,2020-02-16,0,14,0,0,8
"69","Nevada","NV",2020-03-18 10:45:53,2020-02-23,0,24,1,0,9
"70","Nevada","NV",2020-03-18 10:45:53,2020-03-01,2,353,19,0,10
"71","Nevada","NV",2020-03-18 10:45:53,2020-03-08,17,2825,56,0,11
"72","Nevada","NV",2020-03-18 10:45:53,2020-03-15,26,5626,90,0,12
"73","Oregon","OR",2020-03-18 10:45:53,2020-01-19,0,3,0,0,4
"74","Oregon","OR",2020-03-18 10:45:53,2020-01-26,0,8,0,0,5
"75","Oregon","OR",2020-03-18 10:45:53,2020-02-02,0,12,0,0,6
"76","Oregon","OR",2020-03-18 10:45:53,2020-02-16,0,14,0,0,8
"77","Oregon","OR",2020-03-18 10:45:53,2020-02-23,1,24,1,0,9
"78","Oregon","OR",2020-03-18 10:45:53,2020-03-01,6,353,19,0,10
"79","Oregon","OR",2020-03-18 10:45:53,2020-03-08,29,2825,56,0,11
"80","Oregon","OR",2020-03-18 10:45:53,2020-03-15,29,5626,90,0,12
"81","Utah","UT",2020-03-18 10:45:53,2020-01-19,0,3,0,0,4
"82","Utah","UT",2020-03-18 10:45:53,2020-01-26,0,8,0,0,5
"83","Utah","UT",2020-03-18 10:45:53,2020-02-02,0,12,0,0,6
"84","Utah","UT",2020-03-18 10:45:53,2020-02-16,0,14,0,0,8
"85","Utah","UT",2020-03-18 10:45:53,2020-02-23,0,24,1,0,9
"86","Utah","UT",2020-03-18 10:45:53,2020-03-01,1,353,19,0,10
"87","Utah","UT",2020-03-18 10:45:53,2020-03-08,23,2825,56,0,11
"88","Utah","UT",2020-03-18 10:45:53,2020-03-15,27,5626,90,0,12
"89","Washington","WA",2020-03-18 10:45:53,2020-01-19,1,3,0,0,4
"90","Washington","WA",2020-03-18 10:45:53,2020-01-26,0,8,0,0,5
"91","Washington","WA",2020-03-18 10:45:53,2020-02-02,0,12,0,0,6
"92","Washington","WA",2020-03-18 10:45:53,2020-02-16,0,14,0,0,8
"93","Washington","WA",2020-03-18 10:45:53,2020-02-23,5,24,1,0,9
"94","Washington","WA",2020-03-18 10:45:53,2020-03-01,96,353,19,0,10
"95","Washington","WA",2020-03-18 10:45:53,2020-03-08,540,2825,56,0,11
"96","Washington","WA",2020-03-18 10:45:53,2020-03-15,370,5626,90,0,12
"97","Wyoming","WY",2020-03-18 10:45:53,2020-01-19,0,3,0,0,4
"98","Wyoming","WY",2020-03-18 10:45:53,2020-01-26,0,8,0,0,5
"99","Wyoming","WY",2020-03-18 10:45:53,2020-02-02,0,12,0,0,6
"100","Wyoming","WY",2020-03-18 10:45:53,2020-02-16,0,14,0,0,8
"101","Wyoming","WY",2020-03-18 10:45:53,2020-02-23,0,24,1,0,9
"102","Wyoming","WY",2020-03-18 10:45:53,2020-03-01,0,353,19,0,10
"103","Wyoming","WY",2020-03-18 10:45:53,2020-03-08,3,2825,56,0,11
"104","Wyoming","WY",2020-03-18 10:45:53,2020-03-15,12,5626,90,0,12
"105","Iowa","IA",2020-03-18 10:45:53,2020-01-19,0,3,0,0,4
"106","Iowa","IA",2020-03-18 10:45:53,2020-01-26,0,8,0,0,5
"107","Iowa","IA",2020-03-18 10:45:53,2020-02-02,0,12,0,0,6
"108","Iowa","IA",2020-03-18 10:45:53,2020-02-16,0,14,0,0,8
"109","Iowa","IA",2020-03-18 10:45:53,2020-02-23,0,24,1,0,9
"110","Iowa","IA",2020-03-18 10:45:53,2020-03-01,0,353,19,0,10
"111","Iowa","IA",2020-03-18 10:45:53,2020-03-08,18,2825,56,0,11
"112","Iowa","IA",2020-03-18 10:45:53,2020-03-15,5,5626,90,0,12
"113","Illinois","IL",2020-03-18 10:45:53,2020-01-19,1,3,0,0,4
"114","Illinois","IL",2020-03-18 10:45:53,2020-01-26,1,8,0,0,5
"115","Illinois","IL",2020-03-18 10:45:53,2020-02-02,0,12,0,0,6
"116","Illinois","IL",2020-03-18 10:45:53,2020-02-16,0,14,0,0,8
"117","Illinois","IL",2020-03-18 10:45:53,2020-02-23,1,24,1,0,9
"118","Illinois","IL",2020-03-18 10:45:53,2020-03-01,3,353,19,0,10
"119","Illinois","IL",2020-03-18 10:45:53,2020-03-08,58,2825,56,0,11
"120","Illinois","IL",2020-03-18 10:45:53,2020-03-15,96,5626,90,0,12
"121","Indiana","IN",2020-03-18 10:45:53,2020-01-19,0,3,0,0,4
"122","Indiana","IN",2020-03-18 10:45:53,2020-01-26,0,8,0,0,5
"123","Indiana","IN",2020-03-18 10:45:53,2020-02-02,0,12,0,0,6
"124","Indiana","IN",2020-03-18 10:45:53,2020-02-16,0,14,0,0,8
"125","Indiana","IN",2020-03-18 10:45:53,2020-02-23,0,24,1,0,9
"126","Indiana","IN",2020-03-18 10:45:53,2020-03-01,2,353,19,0,10
"127","Indiana","IN",2020-03-18 10:45:53,2020-03-08,17,2825,56,0,11
"128","Indiana","IN",2020-03-18 10:45:53,2020-03-15,20,5626,90,0,12
"129","Kansas","KS",2020-03-18 10:45:53,2020-01-19,0,3,0,0,4
"130","Kansas","KS",2020-03-18 10:45:53,2020-01-26,0,8,0,0,5
"131","Kansas","KS",2020-03-18 10:45:53,2020-02-02,0,12,0,0,6
"132","Kansas","KS",2020-03-18 10:45:53,2020-02-16,0,14,0,0,8
"133","Kansas","KS",2020-03-18 10:45:53,2020-02-23,0,24,1,0,9
"134","Kansas","KS",2020-03-18 10:45:53,2020-03-01,1,353,19,0,10
"135","Kansas","KS",2020-03-18 10:45:53,2020-03-08,7,2825,56,0,11
"136","Kansas","KS",2020-03-18 10:45:53,2020-03-15,8,5626,90,0,12
"137","Michigan","MI",2020-03-18 10:45:53,2020-01-19,0,3,0,0,4
"138","Michigan","MI",2020-03-18 10:45:53,2020-01-26,0,8,0,0,5
"139","Michigan","MI",2020-03-18 10:45:53,2020-02-02,0,12,0,0,6
"140","Michigan","MI",2020-03-18 10:45:53,2020-02-16,0,14,0,0,8
"141","Michigan","MI",2020-03-18 10:45:53,2020-02-23,0,24,1,0,9
"142","Michigan","MI",2020-03-18 10:45:53,2020-03-01,0,353,19,0,10
"143","Michigan","MI",2020-03-18 10:45:53,2020-03-08,33,2825,56,0,11
"144","Michigan","MI",2020-03-18 10:45:53,2020-03-15,32,5626,90,0,12
"145","Minnesota","MN",2020-03-18 10:45:53,2020-01-19,0,3,0,0,4
"146","Minnesota","MN",2020-03-18 10:45:53,2020-01-26,0,8,0,0,5
"147","Minnesota","MN",2020-03-18 10:45:53,2020-02-02,0,12,0,0,6
"148","Minnesota","MN",2020-03-18 10:45:53,2020-02-16,0,14,0,0,8
"149","Minnesota","MN",2020-03-18 10:45:53,2020-02-23,0,24,1,0,9
"150","Minnesota","MN",2020-03-18 10:45:53,2020-03-01,1,353,19,0,10
"151","Minnesota","MN",2020-03-18 10:45:53,2020-03-08,20,2825,56,0,11
"152","Minnesota","MN",2020-03-18 10:45:53,2020-03-15,39,5626,90,0,12
"153","Missouri","MO",2020-03-18 10:45:53,2020-01-19,0,3,0,0,4
"154","Missouri","MO",2020-03-18 10:45:53,2020-01-26,0,8,0,0,5
"155","Missouri","MO",2020-03-18 10:45:53,2020-02-02,0,12,0,0,6
"156","Missouri","MO",2020-03-18 10:45:53,2020-02-16,0,14,0,0,8
"157","Missouri","MO",2020-03-18 10:45:53,2020-02-23,0,24,1,0,9
"158","Missouri","MO",2020-03-18 10:45:53,2020-03-01,1,353,19,0,10
"159","Missouri","MO",2020-03-18 10:45:53,2020-03-08,4,2825,56,0,11
"160","Missouri","MO",2020-03-18 10:45:53,2020-03-15,10,5626,90,0,12
"161","North Dakota","ND",2020-03-18 10:45:53,2020-01-19,0,3,0,0,4
"162","North Dakota","ND",2020-03-18 10:45:53,2020-01-26,0,8,0,0,5
"163","North Dakota","ND",2020-03-18 10:45:53,2020-02-02,0,12,0,0,6
"164","North Dakota","ND",2020-03-18 10:45:53,2020-02-16,0,14,0,0,8
"165","North Dakota","ND",2020-03-18 10:45:53,2020-02-23,0,24,1,0,9
"166","North Dakota","ND",2020-03-18 10:45:53,2020-03-01,0,353,19,0,10
"167","North Dakota","ND",2020-03-18 10:45:53,2020-03-08,1,2825,56,0,11
"168","North Dakota","ND",2020-03-18 10:45:53,2020-03-15,2,5626,90,0,12
"169","Nebraska","NE",2020-03-18 10:45:53,2020-01-19,0,3,0,0,4
"170","Nebraska","NE",2020-03-18 10:45:53,2020-01-26,0,8,0,0,5
"171","Nebraska","NE",2020-03-18 10:45:53,2020-02-02,0,12,0,0,6
"172","Nebraska","NE",2020-03-18 10:45:53,2020-02-16,0,14,0,0,8
"173","Nebraska","NE",2020-03-18 10:45:53,2020-02-23,0,24,1,0,9
"174","Nebraska","NE",2020-03-18 10:45:53,2020-03-01,1,353,19,0,10
"175","Nebraska","NE",2020-03-18 10:45:53,2020-03-08,16,2825,56,0,11
"176","Nebraska","NE",2020-03-18 10:45:53,2020-03-15,4,5626,90,0,12
"177","Ohio","OH",2020-03-18 10:45:53,2020-01-19,0,3,0,0,4
"178","Ohio","OH",2020-03-18 10:45:53,2020-01-26,0,8,0,0,5
"179","Ohio","OH",2020-03-18 10:45:53,2020-02-02,0,12,0,0,6
"180","Ohio","OH",2020-03-18 10:45:53,2020-02-16,0,14,0,0,8
"181","Ohio","OH",2020-03-18 10:45:53,2020-02-23,0,24,1,0,9
"182","Ohio","OH",2020-03-18 10:45:53,2020-03-01,0,353,19,0,10
"183","Ohio","OH",2020-03-18 10:45:53,2020-03-08,26,2825,56,0,11
"184","Ohio","OH",2020-03-18 10:45:53,2020-03-15,41,5626,90,0,12
"185","Oklahoma","OK",2020-03-18 10:45:53,2020-01-19,0,3,0,0,4
"186","Oklahoma","OK",2020-03-18 10:45:53,2020-01-26,0,8,0,0,5
"187","Oklahoma","OK",2020-03-18 10:45:53,2020-02-02,0,12,0,0,6
"188","Oklahoma","OK",2020-03-18 10:45:53,2020-02-16,0,14,0,0,8
"189","Oklahoma","OK",2020-03-18 10:45:53,2020-02-23,0,24,1,0,9
"190","Oklahoma","OK",2020-03-18 10:45:53,2020-03-01,1,353,19,0,10
"191","Oklahoma","OK",2020-03-18 10:45:53,2020-03-08,3,2825,56,0,11
"192","Oklahoma","OK",2020-03-18 10:45:53,2020-03-15,15,5626,90,0,12
"193","South Dakota","SD",2020-03-18 10:45:53,2020-01-19,0,3,0,0,4
"194","South Dakota","SD",2020-03-18 10:45:53,2020-01-26,0,8,0,0,5
"195","South Dakota","SD",2020-03-18 10:45:53,2020-02-02,0,12,0,0,6
"196","South Dakota","SD",2020-03-18 10:45:53,2020-02-16,0,14,0,0,8
"197","South Dakota","SD",2020-03-18 10:45:53,2020-02-23,0,24,1,0,9
"198","South Dakota","SD",2020-03-18 10:45:53,2020-03-01,0,353,19,0,10
"199","South Dakota","SD",2020-03-18 10:45:53,2020-03-08,9,2825,56,0,11
"200","South Dakota","SD",2020-03-18 10:45:53,2020-03-15,2,5626,90,0,12
"201","Wisconsin","WI",2020-03-18 10:45:53,2020-01-19,0,3,0,0,4
"202","Wisconsin","WI",2020-03-18 10:45:53,2020-01-26,0,8,0,0,5
"203","Wisconsin","WI",2020-03-18 10:45:53,2020-02-02,1,12,0,0,6
"204","Wisconsin","WI",2020-03-18 10:45:53,2020-02-16,0,14,0,0,8
"205","Wisconsin","WI",2020-03-18 10:45:53,2020-02-23,0,24,1,0,9
"206","Wisconsin","WI",2020-03-18 10:45:53,2020-03-01,0,353,19,0,10
"207","Wisconsin","WI",2020-03-18 10:45:53,2020-03-08,26,2825,56,0,11
"208","Wisconsin","WI",2020-03-18 10:45:53,2020-03-15,45,5626,90,0,12
"209","Alabama","AL",2020-03-18 10:45:53,2020-01-19,0,3,0,0,4
"210","Alabama","AL",2020-03-18 10:45:53,2020-01-26,0,8,0,0,5
"211","Alabama","AL",2020-03-18 10:45:53,2020-02-02,0,12,0,0,6
"212","Alabama","AL",2020-03-18 10:45:53,2020-02-16,0,14,0,0,8
"213","Alabama","AL",2020-03-18 10:45:53,2020-02-23,0,24,1,0,9
"214","Alabama","AL",2020-03-18 10:45:53,2020-03-01,0,353,19,0,10
"215","Alabama","AL",2020-03-18 10:45:53,2020-03-08,12,2825,56,0,11
"216","Alabama","AL",2020-03-18 10:45:53,2020-03-15,24,5626,90,0,12
"217","Arkansas","AR",2020-03-18 10:45:53,2020-01-19,0,3,0,0,4
"218","Arkansas","AR",2020-03-18 10:45:53,2020-01-26,0,8,0,0,5
"219","Arkansas","AR",2020-03-18 10:45:53,2020-02-02,0,12,0,0,6
"220","Arkansas","AR",2020-03-18 10:45:53,2020-02-16,0,14,0,0,8
"221","Arkansas","AR",2020-03-18 10:45:53,2020-02-23,0,24,1,0,9
"222","Arkansas","AR",2020-03-18 10:45:53,2020-03-01,0,353,19,0,10
"223","Arkansas","AR",2020-03-18 10:45:53,2020-03-08,12,2825,56,0,11
"224","Arkansas","AR",2020-03-18 10:45:53,2020-03-15,10,5626,90,0,12
"225","Florida","FL",2020-03-18 10:45:53,2020-01-19,0,3,0,0,4
"226","Florida","FL",2020-03-18 10:45:53,2020-01-26,0,8,0,0,5
"227","Florida","FL",2020-03-18 10:45:53,2020-02-02,0,12,0,0,6
"228","Florida","FL",2020-03-18 10:45:53,2020-02-16,0,14,0,0,8
"229","Florida","FL",2020-03-18 10:45:53,2020-02-23,0,24,1,0,9
"230","Florida","FL",2020-03-18 10:45:53,2020-03-01,8,353,19,0,10
"231","Florida","FL",2020-03-18 10:45:53,2020-03-08,108,2825,56,0,11
"232","Florida","FL",2020-03-18 10:45:53,2020-03-15,76,5626,90,0,12
"233","Georgia","GA",2020-03-18 10:45:53,2020-01-19,0,3,0,0,4
"234","Georgia","GA",2020-03-18 10:45:53,2020-01-26,0,8,0,0,5
"235","Georgia","GA",2020-03-18 10:45:53,2020-02-02,0,12,0,0,6
"236","Georgia","GA",2020-03-18 10:45:53,2020-02-16,0,14,0,0,8
"237","Georgia","GA",2020-03-18 10:45:53,2020-02-23,0,24,1,0,9
"238","Georgia","GA",2020-03-18 10:45:53,2020-03-01,7,353,19,0,10
"239","Georgia","GA",2020-03-18 10:45:53,2020-03-08,59,2825,56,0,11
"240","Georgia","GA",2020-03-18 10:45:53,2020-03-15,80,5626,90,0,12
"241","Kentucky","KY",2020-03-18 10:45:53,2020-01-19,0,3,0,0,4
"242","Kentucky","KY",2020-03-18 10:45:53,2020-01-26,0,8,0,0,5
"243","Kentucky","KY",2020-03-18 10:45:53,2020-02-02,0,12,0,0,6
"244","Kentucky","KY",2020-03-18 10:45:53,2020-02-16,0,14,0,0,8
"245","Kentucky","KY",2020-03-18 10:45:53,2020-02-23,0,24,1,0,9
"246","Kentucky","KY",2020-03-18 10:45:53,2020-03-01,1,353,19,0,10
"247","Kentucky","KY",2020-03-18 10:45:53,2020-03-08,15,2825,56,0,11
"248","Kentucky","KY",2020-03-18 10:45:53,2020-03-15,10,5626,90,0,12
"249","Louisiana","LA",2020-03-18 10:45:53,2020-01-19,0,3,0,0,4
"250","Louisiana","LA",2020-03-18 10:45:53,2020-01-26,0,8,0,0,5
"251","Louisiana","LA",2020-03-18 10:45:53,2020-02-02,0,12,0,0,6
"252","Louisiana","LA",2020-03-18 10:45:53,2020-02-16,0,14,0,0,8
"253","Louisiana","LA",2020-03-18 10:45:53,2020-02-23,0,24,1,0,9
"254","Louisiana","LA",2020-03-18 10:45:53,2020-03-01,0,353,19,0,10
"255","Louisiana","LA",2020-03-18 10:45:53,2020-03-08,77,2825,56,0,11
"256","Louisiana","LA",2020-03-18 10:45:53,2020-03-15,119,5626,90,0,12
"257","Mississippi","MS",2020-03-18 10:45:53,2020-01-19,0,3,0,0,4
"258","Mississippi","MS",2020-03-18 10:45:53,2020-01-26,0,8,0,0,5
"259","Mississippi","MS",2020-03-18 10:45:53,2020-02-02,0,12,0,0,6
"260","Mississippi","MS",2020-03-18 10:45:53,2020-02-16,0,14,0,0,8
"261","Mississippi","MS",2020-03-18 10:45:53,2020-02-23,0,24,1,0,9
"262","Mississippi","MS",2020-03-18 10:45:53,2020-03-01,0,353,19,0,10
"263","Mississippi","MS",2020-03-18 10:45:53,2020-03-08,6,2825,56,0,11
"264","Mississippi","MS",2020-03-18 10:45:53,2020-03-15,15,5626,90,0,12
"265","North Carolina","NC",2020-03-18 10:45:53,2020-01-19,0,3,0,0,4
"266","North Carolina","NC",2020-03-18 10:45:53,2020-01-26,0,8,0,0,5
"267","North Carolina","NC",2020-03-18 10:45:53,2020-02-02,0,12,0,0,6
"268","North Carolina","NC",2020-03-18 10:45:53,2020-02-16,0,14,0,0,8
"269","North Carolina","NC",2020-03-18 10:45:53,2020-02-23,0,24,1,0,9
"270","North Carolina","NC",2020-03-18 10:45:53,2020-03-01,2,353,19,0,10
"271","North Carolina","NC",2020-03-18 10:45:53,2020-03-08,21,2825,56,0,11
"272","North Carolina","NC",2020-03-18 10:45:53,2020-03-15,17,5626,90,0,12
"273","South Carolina","SC",2020-03-18 10:45:53,2020-01-19,0,3,0,0,4
"274","South Carolina","SC",2020-03-18 10:45:53,2020-01-26,0,8,0,0,5
"275","South Carolina","SC",2020-03-18 10:45:53,2020-02-02,0,12,0,0,6
"276","South Carolina","SC",2020-03-18 10:45:53,2020-02-16,0,14,0,0,8
"277","South Carolina","SC",2020-03-18 10:45:53,2020-02-23,0,24,1,0,9
"278","South Carolina","SC",2020-03-18 10:45:53,2020-03-01,2,353,19,0,10
"279","South Carolina","SC",2020-03-18 10:45:53,2020-03-08,17,2825,56,0,11
"280","South Carolina","SC",2020-03-18 10:45:53,2020-03-15,28,5626,90,0,12
"281","Tennessee","TN",2020-03-18 10:45:53,2020-01-19,0,3,0,0,4
"282","Tennessee","TN",2020-03-18 10:45:53,2020-01-26,0,8,0,0,5
"283","Tennessee","TN",2020-03-18 10:45:53,2020-02-02,0,12,0,0,6
"284","Tennessee","TN",2020-03-18 10:45:53,2020-02-16,0,14,0,0,8
"285","Tennessee","TN",2020-03-18 10:45:53,2020-02-23,0,24,1,0,9
"286","Tennessee","TN",2020-03-18 10:45:53,2020-03-01,1,353,19,0,10
"287","Tennessee","TN",2020-03-18 10:45:53,2020-03-08,31,2825,56,0,11
"288","Tennessee","TN",2020-03-18 10:45:53,2020-03-15,41,5626,90,0,12
"289","Texas","TX",2020-03-18 10:45:53,2020-01-19,0,3,0,0,4
"290","Texas","TX",2020-03-18 10:45:53,2020-01-26,0,8,0,0,5
"291","Texas","TX",2020-03-18 10:45:53,2020-02-02,0,12,0,0,6
"292","Texas","TX",2020-03-18 10:45:53,2020-02-16,0,14,0,0,8
"293","Texas","TX",2020-03-18 10:45:53,2020-02-23,0,24,1,0,9
"294","Texas","TX",2020-03-18 10:45:53,2020-03-01,8,353,19,0,10
"295","Texas","TX",2020-03-18 10:45:53,2020-03-08,43,2825,56,0,11
"296","Texas","TX",2020-03-18 10:45:53,2020-03-15,13,5626,90,0,12
"297","Virginia","VA",2020-03-18 10:45:53,2020-01-19,0,3,0,0,4
"298","Virginia","VA",2020-03-18 10:45:53,2020-01-26,0,8,0,0,5
"299","Virginia","VA",2020-03-18 10:45:53,2020-02-02,0,12,0,0,6
"300","Virginia","VA",2020-03-18 10:45:53,2020-02-16,0,14,0,0,8
"301","Virginia","VA",2020-03-18 10:45:53,2020-02-23,0,24,1,0,9
"302","Virginia","VA",2020-03-18 10:45:53,2020-03-01,1,353,19,0,10
"303","Virginia","VA",2020-03-18 10:45:53,2020-03-08,40,2825,56,0,11
"304","Virginia","VA",2020-03-18 10:45:53,2020-03-15,26,5626,90,0,12
"305","West Virginia","WV",2020-03-18 10:45:53,2020-01-19,0,3,0,0,4
"306","West Virginia","WV",2020-03-18 10:45:53,2020-01-26,0,8,0,0,5
"307","West Virginia","WV",2020-03-18 10:45:53,2020-02-02,0,12,0,0,6
"308","West Virginia","WV",2020-03-18 10:45:53,2020-02-16,0,14,0,0,8
"309","West Virginia","WV",2020-03-18 10:45:53,2020-02-23,0,24,1,0,9
"310","West Virginia","WV",2020-03-18 10:45:53,2020-03-01,0,353,19,0,10
"311","West Virginia","WV",2020-03-18 10:45:53,2020-03-08,0,2825,56,0,11
"312","West Virginia","WV",2020-03-18 10:45:53,2020-03-15,1,5626,90,0,12
"313","Connecticut","CT",2020-03-18 10:45:53,2020-01-19,0,3,0,0,4
"314","Connecticut","CT",2020-03-18 10:45:53,2020-01-26,0,8,0,0,5
"315","Connecticut","CT",2020-03-18 10:45:53,2020-02-02,0,12,0,0,6
"316","Connecticut","CT",2020-03-18 10:45:53,2020-02-16,0,14,0,0,8
"317","Connecticut","CT",2020-03-18 10:45:53,2020-02-23,0,24,1,0,9
"318","Connecticut","CT",2020-03-18 10:45:53,2020-03-01,0,353,19,0,10
"319","Connecticut","CT",2020-03-18 10:45:53,2020-03-08,20,2825,56,0,11
"320","Connecticut","CT",2020-03-18 10:45:53,2020-03-15,48,5626,90,0,12
"321","District of Columbia","DC",2020-03-18 10:45:53,2020-01-19,0,3,0,0,4
"322","District of Columbia","DC",2020-03-18 10:45:53,2020-01-26,0,8,0,0,5
"323","District of Columbia","DC",2020-03-18 10:45:53,2020-02-02,0,12,0,0,6
"324","District of Columbia","DC",2020-03-18 10:45:53,2020-02-16,0,14,0,0,8
"325","District of Columbia","DC",2020-03-18 10:45:53,2020-02-23,0,24,1,0,9
"326","District of Columbia","DC",2020-03-18 10:45:53,2020-03-01,1,353,19,0,10
"327","District of Columbia","DC",2020-03-18 10:45:53,2020-03-08,15,2825,56,0,11
"328","District of Columbia","DC",2020-03-18 10:45:53,2020-03-15,14,5626,90,0,12
"329","Delaware","DE",2020-03-18 10:45:53,2020-01-19,0,3,0,0,4
"330","Delaware","DE",2020-03-18 10:45:53,2020-01-26,0,8,0,0,5
"331","Delaware","DE",2020-03-18 10:45:53,2020-02-02,0,12,0,0,6
"332","Delaware","DE",2020-03-18 10:45:53,2020-02-16,0,14,0,0,8
"333","Delaware","DE",2020-03-18 10:45:53,2020-02-23,0,24,1,0,9
"334","Delaware","DE",2020-03-18 10:45:53,2020-03-01,0,353,19,0,10
"335","Delaware","DE",2020-03-18 10:45:53,2020-03-08,6,2825,56,0,11
"336","Delaware","DE",2020-03-18 10:45:53,2020-03-15,10,5626,90,0,12
"337","Massachusetts","MA",2020-03-18 10:45:53,2020-01-19,0,3,0,0,4
"338","Massachusetts","MA",2020-03-18 10:45:53,2020-01-26,1,8,0,0,5
"339","Massachusetts","MA",2020-03-18 10:45:53,2020-02-02,0,12,0,0,6
"340","Massachusetts","MA",2020-03-18 10:45:53,2020-02-16,0,14,0,0,8
"341","Massachusetts","MA",2020-03-18 10:45:53,2020-02-23,0,24,1,0,9
"342","Massachusetts","MA",2020-03-18 10:45:53,2020-03-01,12,353,19,0,10
"343","Massachusetts","MA",2020-03-18 10:45:53,2020-03-08,125,2825,56,0,11
"344","Massachusetts","MA",2020-03-18 10:45:53,2020-03-15,80,5626,90,0,12
"345","Maryland","MD",2020-03-18 10:45:53,2020-01-19,0,3,0,0,4
"346","Maryland","MD",2020-03-18 10:45:53,2020-01-26,0,8,0,0,5
"347","Maryland","MD",2020-03-18 10:45:53,2020-02-02,0,12,0,0,6
"348","Maryland","MD",2020-03-18 10:45:53,2020-02-16,0,14,0,0,8
"349","Maryland","MD",2020-03-18 10:45:53,2020-02-23,0,24,1,0,9
"350","Maryland","MD",2020-03-18 10:45:53,2020-03-01,3,353,19,0,10
"351","Maryland","MD",2020-03-18 10:45:53,2020-03-08,23,2825,56,0,11
"352","Maryland","MD",2020-03-18 10:45:53,2020-03-15,31,5626,90,0,12
"353","Maine","ME",2020-03-18 10:45:53,2020-01-19,0,3,0,0,4
"354","Maine","ME",2020-03-18 10:45:53,2020-01-26,0,8,0,0,5
"355","Maine","ME",2020-03-18 10:45:53,2020-02-02,0,12,0,0,6
"356","Maine","ME",2020-03-18 10:45:53,2020-02-16,0,14,0,0,8
"357","Maine","ME",2020-03-18 10:45:53,2020-02-23,0,24,1,0,9
"358","Maine","ME",2020-03-18 10:45:53,2020-03-01,0,353,19,0,10
"359","Maine","ME",2020-03-18 10:45:53,2020-03-08,3,2825,56,0,11
"360","Maine","ME",2020-03-18 10:45:53,2020-03-15,29,5626,90,0,12
"361","New Hampshire","NH",2020-03-18 10:45:53,2020-01-19,0,3,0,0,4
"362","New Hampshire","NH",2020-03-18 10:45:53,2020-01-26,0,8,0,0,5
"363","New Hampshire","NH",2020-03-18 10:45:53,2020-02-02,0,12,0,0,6
"364","New Hampshire","NH",2020-03-18 10:45:53,2020-02-16,0,14,0,0,8
"365","New Hampshire","NH",2020-03-18 10:45:53,2020-02-23,0,24,1,0,9
"366","New Hampshire","NH",2020-03-18 10:45:53,2020-03-01,2,353,19,0,10
"367","New Hampshire","NH",2020-03-18 10:45:53,2020-03-08,5,2825,56,0,11
"368","New Hampshire","NH",2020-03-18 10:45:53,2020-03-15,19,5626,90,0,12
"369","New Jersey","NJ",2020-03-18 10:45:53,2020-01-19,0,3,0,0,4
"370","New Jersey","NJ",2020-03-18 10:45:53,2020-01-26,0,8,0,0,5
"371","New Jersey","NJ",2020-03-18 10:45:53,2020-02-02,0,12,0,0,6
"372","New Jersey","NJ",2020-03-18 10:45:53,2020-02-16,0,14,0,0,8
"373","New Jersey","NJ",2020-03-18 10:45:53,2020-02-23,0,24,1,0,9
"374","New Jersey","NJ",2020-03-18 10:45:53,2020-03-01,4,353,19,0,10
"375","New Jersey","NJ",2020-03-18 10:45:53,2020-03-08,65,2825,56,0,11
"376","New Jersey","NJ",2020-03-18 10:45:53,2020-03-15,198,5626,90,0,12
"377","New York","NY",2020-03-18 10:45:53,2020-01-19,0,3,0,0,4
"378","New York","NY",2020-03-18 10:45:53,2020-01-26,0,8,0,0,5
"379","New York","NY",2020-03-18 10:45:53,2020-02-02,0,12,0,0,6
"380","New York","NY",2020-03-18 10:45:53,2020-02-16,0,14,0,0,8
"381","New York","NY",2020-03-18 10:45:53,2020-02-23,0,24,1,0,9
"382","New York","NY",2020-03-18 10:45:53,2020-03-01,89,353,19,0,10
"383","New York","NY",2020-03-18 10:45:53,2020-03-08,524,2825,56,0,11
"384","New York","NY",2020-03-18 10:45:53,2020-03-15,761,5626,90,0,12
"385","Pennsylvania","PA",2020-03-18 10:45:53,2020-01-19,0,3,0,0,4
"386","Pennsylvania","PA",2020-03-18 10:45:53,2020-01-26,0,8,0,0,5
"387","Pennsylvania","PA",2020-03-18 10:45:53,2020-02-02,0,12,0,0,6
"388","Pennsylvania","PA",2020-03-18 10:45:53,2020-02-16,0,14,0,0,8
"389","Pennsylvania","PA",2020-03-18 10:45:53,2020-02-23,0,24,1,0,9
"390","Pennsylvania","PA",2020-03-18 10:45:53,2020-03-01,4,353,19,0,10
"391","Pennsylvania","PA",2020-03-18 10:45:53,2020-03-08,43,2825,56,0,11
"392","Pennsylvania","PA",2020-03-18 10:45:53,2020-03-15,49,5626,90,0,12
"393","Rhode Island","RI",2020-03-18 10:45:53,2020-01-19,0,3,0,0,4
"394","Rhode Island","RI",2020-03-18 10:45:53,2020-01-26,0,8,0,0,5
"395","Rhode Island","RI",2020-03-18 10:45:53,2020-02-02,0,12,0,0,6
"396","Rhode Island","RI",2020-03-18 10:45:53,2020-02-16,0,14,0,0,8
"397","Rhode Island","RI",2020-03-18 10:45:53,2020-02-23,0,24,1,0,9
"398","Rhode Island","RI",2020-03-18 10:45:53,2020-03-01,3,353,19,0,10
"399","Rhode Island","RI",2020-03-18 10:45:53,2020-03-08,17,2825,56,0,11
"400","Rhode Island","RI",2020-03-18 10:45:53,2020-03-15,1,5626,90,0,12
"401","Vermont","VT",2020-03-18 10:45:53,2020-01-19,0,3,0,0,4
"402","Vermont","VT",2020-03-18 10:45:53,2020-01-26,0,8,0,0,5
"403","Vermont","VT",2020-03-18 10:45:53,2020-02-02,0,12,0,0,6
"404","Vermont","VT",2020-03-18 10:45:53,2020-02-16,0,14,0,0,8
"405","Vermont","VT",2020-03-18 10:45:53,2020-02-23,0,24,1,0,9
"406","Vermont","VT",2020-03-18 10:45:53,2020-03-01,0,353,19,0,10
"407","Vermont","VT",2020-03-18 10:45:53,2020-03-08,4,2825,56,0,11
"408","Vermont","VT",2020-03-18 10:45:53,2020-03-15,13,5626,90,0,12
"409","Guam","GU",2020-03-18 10:45:53,2020-01-19,0,3,0,0,4
"410","Guam","GU",2020-03-18 10:45:53,2020-01-26,0,8,0,0,5
"411","Guam","GU",2020-03-18 10:45:53,2020-02-02,0,12,0,0,6
"412","Guam","GU",2020-03-18 10:45:53,2020-02-16,0,14,0,0,8
"413","Guam","GU",2020-03-18 10:45:53,2020-02-23,0,24,1,0,9
"414","Guam","GU",2020-03-18 10:45:53,2020-03-01,0,353,19,0,10
"415","Guam","GU",2020-03-18 10:45:53,2020-03-08,0,2825,56,0,11
"416","Guam","GU",2020-03-18 10:45:53,2020-03-15,3,5626,90,0,12
"417","Puerto Rico","PR",2020-03-18 10:45:53,2020-01-19,0,3,0,0,4
"418","Puerto Rico","PR",2020-03-18 10:45:53,2020-01-26,0,8,0,0,5
"419","Puerto Rico","PR",2020-03-18 10:45:53,2020-02-02,0,12,0,0,6
"420","Puerto Rico","PR",2020-03-18 10:45:53,2020-02-16,0,14,0,0,8
"421","Puerto Rico","PR",2020-03-18 10:45:53,2020-02-23,0,24,1,0,9
"422","Puerto Rico","PR",2020-03-18 10:45:53,2020-03-01,0,353,19,0,10
"423","Puerto Rico","PR",2020-03-18 10:45:53,2020-03-08,4,2825,56,0,11
"424","Puerto Rico","PR",2020-03-18 10:45:53,2020-03-15,1,5626,90,0,12
"425","Virgin Islands","VI",2020-03-18 10:45:53,2020-01-19,0,3,0,0,4
"426","Virgin Islands","VI",2020-03-18 10:45:53,2020-01-26,0,8,0,0,5
"427","Virgin Islands","VI",2020-03-18 10:45:53,2020-02-02,0,12,0,0,6
"428","Virgin Islands","VI",2020-03-18 10:45:53,2020-02-16,0,14,0,0,8
"429","Virgin Islands","VI",2020-03-18 10:45:53,2020-02-23,0,24,1,0,9
"430","Virgin Islands","VI",2020-03-18 10:45:53,2020-03-01,0,353,19,0,10
"431","Virgin Islands","VI",2020-03-18 10:45:53,2020-03-08,1,2825,56,0,11
"432","Virgin Islands","VI",2020-03-18 10:45:53,2020-03-15,1,5626,90,0,12
