"age group","county name","cases","deaths","hospitalization"
"01-04 years","Georgia","10832","1","199"
"05-09 years","Georgia","17882","2","162"
"10-17 years","Georgia","62170","7","621"
"18-29 years","Georgia","186611","106","3469"
"30-39 years","Georgia","134607","229","4525"
"40-49 years","Georgia","130983","535","6544"
"50-59 years","Georgia","124465","1455","9817"
"60-69 years","Georgia","84532","3120","11804"
"70-79 years","Georgia","49355","4558","11352"
"80 & Older years","Georgia","28690","5972","8874"
"<1 years","Georgia","3020","0","158"
"Unknown years","Georgia","5423","12","110"
"01-04 years","Appling","28","0","0"
"05-09 years","Appling","53","0","0"
"10-17 years","Appling","163","0","1"
"18-29 years","Appling","333","1","5"
"30-39 years","Appling","253","1","5"
"40-49 years","Appling","248","4","17"
"50-59 years","Appling","287","6","26"
"60-69 years","Appling","247","14","49"
"70-79 years","Appling","161","17","33"
"80 & Older years","Appling","78","18","29"
"<1 years","Appling","7","0","0"
"Unknown years","Appling","1","0","0"
"01-04 years","Atkinson","6","0","1"
"05-09 years","Atkinson","18","0","1"
"10-17 years","Atkinson","48","0","0"
"18-29 years","Atkinson","164","0","8"
"30-39 years","Atkinson","121","0","10"
"40-49 years","Atkinson","130","1","23"
"50-59 years","Atkinson","133","1","23"
"60-69 years","Atkinson","81","4","24"
"70-79 years","Atkinson","43","5","13"
"80 & Older years","Atkinson","14","5","10"
"<1 years","Atkinson","3","0","0"
"01-04 years","Bacon","18","0","0"
"05-09 years","Bacon","22","0","0"
"10-17 years","Bacon","72","0","1"
"18-29 years","Bacon","237","0","1"
"30-39 years","Bacon","131","0","4"
"40-49 years","Bacon","158","1","12"
"50-59 years","Bacon","144","2","16"
"60-69 years","Bacon","120","9","20"
"70-79 years","Bacon","76","7","15"
"80 & Older years","Bacon","38","9","7"
"<1 years","Bacon","5","0","0"
"Unknown years","Bacon","1","0","0"
"01-04 years","Baker","5","0","0"
"05-09 years","Baker","4","0","0"
"10-17 years","Baker","9","0","0"
"18-29 years","Baker","24","0","0"
"30-39 years","Baker","22","0","2"
"40-49 years","Baker","14","1","2"
"50-59 years","Baker","21","0","1"
"60-69 years","Baker","31","3","15"
"70-79 years","Baker","18","2","10"
"80 & Older years","Baker","9","3","3"
"<1 years","Baker","2","0","0"
"01-04 years","Baldwin","30","0","0"
"05-09 years","Baldwin","52","0","0"
"10-17 years","Baldwin","187","1","5"
"18-29 years","Baldwin","1264","0","15"
"30-39 years","Baldwin","459","1","16"
"40-49 years","Baldwin","473","2","29"
"50-59 years","Baldwin","484","12","58"
"60-69 years","Baldwin","382","23","71"
"70-79 years","Baldwin","256","26","55"
"80 & Older years","Baldwin","154","42","59"
"<1 years","Baldwin","13","0","0"
"01-04 years","Banks","10","0","0"
"05-09 years","Banks","25","0","1"
"10-17 years","Banks","105","0","2"
"18-29 years","Banks","292","0","7"
"30-39 years","Banks","200","0","5"
"40-49 years","Banks","226","0","16"
"50-59 years","Banks","248","1","23"
"60-69 years","Banks","204","5","41"
"70-79 years","Banks","151","15","55"
"80 & Older years","Banks","79","12","29"
"<1 years","Banks","5","0","1"
"Unknown years","Banks","34","0","1"
"01-04 years","Barrow","87","0","0"
"05-09 years","Barrow","159","0","0"
"10-17 years","Barrow","625","0","7"
"18-29 years","Barrow","1669","2","34"
"30-39 years","Barrow","1415","1","43"
"40-49 years","Barrow","1461","4","64"
"50-59 years","Barrow","1224","7","96"
"60-69 years","Barrow","821","25","136"
"70-79 years","Barrow","484","33","100"
"80 & Older years","Barrow","234","45","85"
"<1 years","Barrow","29","0","2"
"Unknown years","Barrow","26","1","1"
"01-04 years","Bartow","99","0","3"
"05-09 years","Bartow","213","0","2"
"10-17 years","Bartow","903","0","13"
"18-29 years","Bartow","2008","0","23"
"30-39 years","Bartow","1614","4","45"
"40-49 years","Bartow","1695","1","75"
"50-59 years","Bartow","1749","14","141"
"60-69 years","Bartow","1050","33","151"
"70-79 years","Bartow","704","67","176"
"80 & Older years","Bartow","342","71","118"
"<1 years","Bartow","35","0","1"
"Unknown years","Bartow","165","1","8"
"01-04 years","Ben Hill","29","0","1"
"05-09 years","Ben Hill","20","0","0"
"10-17 years","Ben Hill","98","0","0"
"18-29 years","Ben Hill","258","0","4"
"30-39 years","Ben Hill","213","3","9"
"40-49 years","Ben Hill","197","1","10"
"50-59 years","Ben Hill","238","5","29"
"60-69 years","Ben Hill","201","12","28"
"70-79 years","Ben Hill","144","19","51"
"80 & Older years","Ben Hill","67","15","16"
"<1 years","Ben Hill","5","0","0"
"Unknown years","Ben Hill","2","0","0"
"01-04 years","Berrien","15","0","0"
"05-09 years","Berrien","23","0","0"
"10-17 years","Berrien","90","0","1"
"18-29 years","Berrien","196","0","0"
"30-39 years","Berrien","157","0","3"
"40-49 years","Berrien","137","0","5"
"50-59 years","Berrien","162","2","16"
"60-69 years","Berrien","123","8","17"
"70-79 years","Berrien","79","9","14"
"80 & Older years","Berrien","48","10","13"
"<1 years","Berrien","2","0","0"
"Unknown years","Berrien","1","0","0"
"01-04 years","Bibb","137","0","5"
"05-09 years","Bibb","185","0","0"
"10-17 years","Bibb","638","0","9"
"18-29 years","Bibb","2887","1","78"
"30-39 years","Bibb","2032","6","104"
"40-49 years","Bibb","2065","15","194"
"50-59 years","Bibb","1920","23","263"
"60-69 years","Bibb","1538","80","401"
"70-79 years","Bibb","939","111","346"
"80 & Older years","Bibb","587","132","282"
"<1 years","Bibb","45","0","4"
"Unknown years","Bibb","15","0","0"
"01-04 years","Bleckley","5","0","0"
"05-09 years","Bleckley","16","0","0"
"10-17 years","Bleckley","69","0","0"
"18-29 years","Bleckley","187","0","3"
"30-39 years","Bleckley","93","0","2"
"40-49 years","Bleckley","104","1","2"
"50-59 years","Bleckley","103","2","4"
"60-69 years","Bleckley","85","7","11"
"70-79 years","Bleckley","63","5","12"
"80 & Older years","Bleckley","61","18","12"
"<1 years","Bleckley","3","0","0"
"01-04 years","Brantley","12","0","0"
"05-09 years","Brantley","13","0","0"
"10-17 years","Brantley","81","0","1"
"18-29 years","Brantley","154","0","1"
"30-39 years","Brantley","115","0","4"
"40-49 years","Brantley","123","1","5"
"50-59 years","Brantley","143","2","13"
"60-69 years","Brantley","112","4","13"
"70-79 years","Brantley","86","14","20"
"80 & Older years","Brantley","47","8","10"
"<1 years","Brantley","1","0","0"
"01-04 years","Brooks","15","0","1"
"05-09 years","Brooks","25","0","0"
"10-17 years","Brooks","85","0","0"
"18-29 years","Brooks","172","0","1"
"30-39 years","Brooks","124","0","2"
"40-49 years","Brooks","115","1","11"
"50-59 years","Brooks","143","2","20"
"60-69 years","Brooks","98","6","16"
"70-79 years","Brooks","84","10","20"
"80 & Older years","Brooks","55","17","14"
"<1 years","Brooks","4","0","0"
"01-04 years","Bryan","47","0","0"
"05-09 years","Bryan","74","0","0"
"10-17 years","Bryan","255","0","3"
"18-29 years","Bryan","515","0","12"
"30-39 years","Bryan","418","1","9"
"40-49 years","Bryan","457","0","14"
"50-59 years","Bryan","338","5","29"
"60-69 years","Bryan","240","10","28"
"70-79 years","Bryan","153","8","50"
"80 & Older years","Bryan","66","8","25"
"<1 years","Bryan","13","0","0"
"Unknown years","Bryan","2","0","0"
"01-04 years","Bulloch","57","0","0"
"05-09 years","Bulloch","103","0","0"
"10-17 years","Bulloch","366","0","2"
"18-29 years","Bulloch","2202","0","9"
"30-39 years","Bulloch","623","4","21"
"40-49 years","Bulloch","544","2","25"
"50-59 years","Bulloch","517","8","32"
"60-69 years","Bulloch","378","13","43"
"70-79 years","Bulloch","195","14","38"
"80 & Older years","Bulloch","107","13","35"
"<1 years","Bulloch","25","0","2"
"Unknown years","Bulloch","5","0","0"
"01-04 years","Burke","21","0","0"
"05-09 years","Burke","44","0","0"
"10-17 years","Burke","130","0","1"
"18-29 years","Burke","334","1","7"
"30-39 years","Burke","253","1","8"
"40-49 years","Burke","287","2","14"
"50-59 years","Burke","262","2","32"
"60-69 years","Burke","205","5","37"
"70-79 years","Burke","119","11","32"
"80 & Older years","Burke","40","10","14"
"<1 years","Burke","7","0","0"
"Unknown years","Burke","3","0","0"
"01-04 years","Butts","24","0","3"
"05-09 years","Butts","27","0","0"
"10-17 years","Butts","110","0","1"
"18-29 years","Butts","361","0","6"
"30-39 years","Butts","319","0","8"
"40-49 years","Butts","315","3","13"
"50-59 years","Butts","335","6","21"
"60-69 years","Butts","253","15","31"
"70-79 years","Butts","176","20","23"
"80 & Older years","Butts","107","26","8"
"<1 years","Butts","5","0","1"
"Unknown years","Butts","5","0","0"
"01-04 years","Calhoun","6","0","0"
"05-09 years","Calhoun","1","0","0"
"10-17 years","Calhoun","38","0","0"
"18-29 years","Calhoun","67","0","6"
"30-39 years","Calhoun","60","2","6"
"40-49 years","Calhoun","76","1","8"
"50-59 years","Calhoun","76","2","17"
"60-69 years","Calhoun","72","2","19"
"70-79 years","Calhoun","22","5","8"
"80 & Older years","Calhoun","15","2","8"
"<1 years","Calhoun","3","0","0"
"Unknown years","Calhoun","1","0","0"
"01-04 years","Camden","43","0","0"
"05-09 years","Camden","43","0","1"
"10-17 years","Camden","230","0","1"
"18-29 years","Camden","755","0","5"
"30-39 years","Camden","508","1","16"
"40-49 years","Camden","408","1","11"
"50-59 years","Camden","469","1","17"
"60-69 years","Camden","345","6","23"
"70-79 years","Camden","202","4","23"
"80 & Older years","Camden","88","13","22"
"<1 years","Camden","9","0","1"
"Unknown years","Camden","1","0","0"
"01-04 years","Candler","9","0","0"
"05-09 years","Candler","12","0","0"
"10-17 years","Candler","54","0","0"
"18-29 years","Candler","127","0","0"
"30-39 years","Candler","95","0","3"
"40-49 years","Candler","116","3","3"
"50-59 years","Candler","122","5","10"
"60-69 years","Candler","97","8","14"
"70-79 years","Candler","64","13","19"
"80 & Older years","Candler","28","6","11"
"<1 years","Candler","5","0","0"
"Unknown years","Candler","1","0","0"
"01-04 years","Carroll","87","0","1"
"05-09 years","Carroll","131","0","1"
"10-17 years","Carroll","601","0","6"
"18-29 years","Carroll","1676","0","12"
"30-39 years","Carroll","1042","4","18"
"40-49 years","Carroll","1029","4","28"
"50-59 years","Carroll","1044","10","55"
"60-69 years","Carroll","747","25","72"
"70-79 years","Carroll","446","33","64"
"80 & Older years","Carroll","268","51","44"
"<1 years","Carroll","25","0","0"
"Unknown years","Carroll","13","0","0"
"01-04 years","Catoosa","84","0","0"
"05-09 years","Catoosa","127","0","1"
"10-17 years","Catoosa","450","0","2"
"18-29 years","Catoosa","952","0","8"
"30-39 years","Catoosa","719","1","10"
"40-49 years","Catoosa","828","2","14"
"50-59 years","Catoosa","773","5","30"
"60-69 years","Catoosa","555","7","56"
"70-79 years","Catoosa","345","16","53"
"80 & Older years","Catoosa","241","30","49"
"<1 years","Catoosa","33","0","1"
"Unknown years","Catoosa","145","0","10"
"01-04 years","Charlton","12","0","0"
"05-09 years","Charlton","27","0","0"
"10-17 years","Charlton","62","0","0"
"18-29 years","Charlton","182","0","1"
"30-39 years","Charlton","203","0","4"
"40-49 years","Charlton","175","2","8"
"50-59 years","Charlton","145","1","5"
"60-69 years","Charlton","144","7","19"
"70-79 years","Charlton","53","5","11"
"80 & Older years","Charlton","31","6","13"
"<1 years","Charlton","2","0","0"
"Unknown years","Charlton","1","0","0"
"01-04 years","Chatham","381","0","3"
"05-09 years","Chatham","454","1","1"
"10-17 years","Chatham","1297","0","13"
"18-29 years","Chatham","4783","2","55"
"30-39 years","Chatham","3296","5","111"
"40-49 years","Chatham","2685","12","147"
"50-59 years","Chatham","2428","35","233"
"60-69 years","Chatham","1980","74","346"
"70-79 years","Chatham","1065","114","339"
"80 & Older years","Chatham","646","133","281"
"<1 years","Chatham","102","0","4"
"Unknown years","Chatham","15","0","1"
"01-04 years","Chattahoochee","8","0","0"
"05-09 years","Chattahoochee","7","0","0"
"10-17 years","Chattahoochee","117","0","2"
"18-29 years","Chattahoochee","2321","7","4"
"30-39 years","Chattahoochee","241","2","4"
"40-49 years","Chattahoochee","54","0","0"
"50-59 years","Chattahoochee","23","0","5"
"60-69 years","Chattahoochee","18","0","4"
"70-79 years","Chattahoochee","8","0","2"
"80 & Older years","Chattahoochee","8","1","3"
"<1 years","Chattahoochee","9","0","0"
"Unknown years","Chattahoochee","1","0","0"
"01-04 years","Chattooga","12","0","0"
"05-09 years","Chattooga","27","0","0"
"10-17 years","Chattooga","184","0","1"
"18-29 years","Chattooga","363","0","4"
"30-39 years","Chattooga","291","0","8"
"40-49 years","Chattooga","327","2","14"
"50-59 years","Chattooga","329","5","19"
"60-69 years","Chattooga","277","14","39"
"70-79 years","Chattooga","167","17","42"
"80 & Older years","Chattooga","116","23","32"
"<1 years","Chattooga","9","0","1"
"Unknown years","Chattooga","32","0","1"
"01-04 years","Cherokee","224","0","7"
"05-09 years","Cherokee","521","0","7"
"10-17 years","Cherokee","2140","0","14"
"18-29 years","Cherokee","4159","2","68"
"30-39 years","Cherokee","3007","2","93"
"40-49 years","Cherokee","3400","4","110"
"50-59 years","Cherokee","3338","20","184"
"60-69 years","Cherokee","2009","40","222"
"70-79 years","Cherokee","1294","72","237"
"80 & Older years","Cherokee","788","135","219"
"<1 years","Cherokee","43","0","1"
"Unknown years","Cherokee","70","0","2"
"01-04 years","Clarke","161","0","1"
"05-09 years","Clarke","198","0","2"
"10-17 years","Clarke","579","0","5"
"18-29 years","Clarke","5860","1","37"
"30-39 years","Clarke","1562","2","34"
"40-49 years","Clarke","1259","3","51"
"50-59 years","Clarke","1133","8","70"
"60-69 years","Clarke","767","19","93"
"70-79 years","Clarke","459","45","111"
"80 & Older years","Clarke","236","42","69"
"<1 years","Clarke","43","0","2"
"Unknown years","Clarke","39","1","1"
"01-04 years","Clay","3","0","0"
"05-09 years","Clay","2","0","0"
"10-17 years","Clay","16","0","0"
"18-29 years","Clay","27","0","0"
"30-39 years","Clay","30","0","1"
"40-49 years","Clay","28","0","1"
"50-59 years","Clay","17","0","1"
"60-69 years","Clay","24","1","2"
"70-79 years","Clay","18","0","0"
"80 & Older years","Clay","14","2","5"
"Unknown years","Clay","1","0","0"
"01-04 years","Clayton","372","0","8"
"05-09 years","Clayton","579","1","8"
"10-17 years","Clayton","1483","0","29"
"18-29 years","Clayton","4619","5","97"
"30-39 years","Clayton","3962","10","149"
"40-49 years","Clayton","3624","23","179"
"50-59 years","Clayton","3449","50","261"
"60-69 years","Clayton","2178","106","240"
"70-79 years","Clayton","925","96","171"
"80 & Older years","Clayton","461","103","114"
"<1 years","Clayton","85","0","3"
"Unknown years","Clayton","61","1","3"
"01-04 years","Clinch","14","0","0"
"05-09 years","Clinch","20","0","0"
"10-17 years","Clinch","74","0","0"
"18-29 years","Clinch","131","0","2"
"30-39 years","Clinch","104","1","4"
"40-49 years","Clinch","100","0","4"
"50-59 years","Clinch","94","2","14"
"60-69 years","Clinch","105","7","15"
"70-79 years","Clinch","52","9","18"
"80 & Older years","Clinch","18","5","6"
"<1 years","Clinch","4","0","0"
"Unknown years","Clinch","1","0","0"
"01-04 years","Cobb","691","1","15"
"05-09 years","Cobb","1234","0","10"
"10-17 years","Cobb","4063","0","38"
"18-29 years","Cobb","14170","5","222"
"30-39 years","Cobb","9589","14","240"
"40-49 years","Cobb","9164","31","381"
"50-59 years","Cobb","8130","60","506"
"60-69 years","Cobb","5021","125","504"
"70-79 years","Cobb","2779","272","503"
"80 & Older years","Cobb","1730","377","471"
"<1 years","Cobb","183","0","11"
"Unknown years","Cobb","134","0","3"
"01-04 years","Coffee","74","0","2"
"05-09 years","Coffee","94","0","4"
"10-17 years","Coffee","285","0","4"
"18-29 years","Coffee","809","0","22"
"30-39 years","Coffee","606","4","42"
"40-49 years","Coffee","673","5","86"
"50-59 years","Coffee","664","10","132"
"60-69 years","Coffee","527","31","130"
"70-79 years","Coffee","282","38","125"
"80 & Older years","Coffee","155","39","89"
"<1 years","Coffee","13","0","0"
"01-04 years","Colquitt","48","0","0"
"05-09 years","Colquitt","102","0","1"
"10-17 years","Colquitt","363","0","6"
"18-29 years","Colquitt","701","0","19"
"30-39 years","Colquitt","491","0","18"
"40-49 years","Colquitt","523","6","36"
"50-59 years","Colquitt","472","15","39"
"60-69 years","Colquitt","333","13","41"
"70-79 years","Colquitt","203","14","46"
"80 & Older years","Colquitt","135","23","29"
"<1 years","Colquitt","15","0","0"
"Unknown years","Colquitt","5","0","0"
"01-04 years","Columbia","130","0","2"
"05-09 years","Columbia","281","0","0"
"10-17 years","Columbia","1057","0","1"
"18-29 years","Columbia","2169","1","21"
"30-39 years","Columbia","1928","2","25"
"40-49 years","Columbia","1751","7","45"
"50-59 years","Columbia","1512","15","68"
"60-69 years","Columbia","972","25","94"
"70-79 years","Columbia","520","42","103"
"80 & Older years","Columbia","298","63","92"
"<1 years","Columbia","33","0","1"
"Unknown years","Columbia","20","0","0"
"01-04 years","Cook","13","0","1"
"05-09 years","Cook","23","0","0"
"10-17 years","Cook","92","0","2"
"18-29 years","Cook","226","0","6"
"30-39 years","Cook","170","0","4"
"40-49 years","Cook","175","0","14"
"50-59 years","Cook","160","2","17"
"60-69 years","Cook","126","7","19"
"70-79 years","Cook","98","11","28"
"80 & Older years","Cook","54","16","15"
"<1 years","Cook","6","0","0"
"Unknown years","Cook","2","0","0"
"01-04 years","Coweta","103","0","0"
"05-09 years","Coweta","185","0","0"
"10-17 years","Coweta","612","0","4"
"18-29 years","Coweta","1548","1","14"
"30-39 years","Coweta","1210","2","25"
"40-49 years","Coweta","1289","8","37"
"50-59 years","Coweta","1489","21","57"
"60-69 years","Coweta","927","30","57"
"70-79 years","Coweta","573","46","68"
"80 & Older years","Coweta","316","57","39"
"<1 years","Coweta","27","0","1"
"Unknown years","Coweta","22","0","0"
"01-04 years","Crawford","2","0","0"
"05-09 years","Crawford","2","0","0"
"10-17 years","Crawford","28","0","1"
"18-29 years","Crawford","74","0","2"
"30-39 years","Crawford","68","0","6"
"40-49 years","Crawford","58","1","3"
"50-59 years","Crawford","113","3","14"
"60-69 years","Crawford","98","5","15"
"70-79 years","Crawford","42","5","14"
"80 & Older years","Crawford","23","1","8"
"01-04 years","Crisp","20","0","0"
"05-09 years","Crisp","27","0","0"
"10-17 years","Crisp","101","0","1"
"18-29 years","Crisp","212","0","8"
"30-39 years","Crisp","210","1","14"
"40-49 years","Crisp","190","2","18"
"50-59 years","Crisp","197","5","26"
"60-69 years","Crisp","189","14","36"
"70-79 years","Crisp","99","10","33"
"80 & Older years","Crisp","71","15","17"
"<1 years","Crisp","7","0","0"
"Unknown years","Crisp","14","0","0"
"01-04 years","Dade","13","0","0"
"05-09 years","Dade","37","0","0"
"10-17 years","Dade","95","0","0"
"18-29 years","Dade","210","0","1"
"30-39 years","Dade","146","0","2"
"40-49 years","Dade","179","0","7"
"50-59 years","Dade","165","2","9"
"60-69 years","Dade","125","1","8"
"70-79 years","Dade","86","5","18"
"80 & Older years","Dade","50","2","10"
"<1 years","Dade","7","0","0"
"Unknown years","Dade","36","0","1"
"01-04 years","Dawson","25","0","0"
"05-09 years","Dawson","48","0","0"
"10-17 years","Dawson","190","0","4"
"18-29 years","Dawson","517","0","14"
"30-39 years","Dawson","375","0","13"
"40-49 years","Dawson","353","0","23"
"50-59 years","Dawson","414","2","30"
"60-69 years","Dawson","331","5","67"
"70-79 years","Dawson","202","17","47"
"80 & Older years","Dawson","87","12","29"
"<1 years","Dawson","8","0","1"
"Unknown years","Dawson","40","0","2"
"01-04 years","DeKalb","768","0","22"
"05-09 years","DeKalb","1119","0","18"
"10-17 years","DeKalb","3151","0","55"
"18-29 years","DeKalb","12288","10","337"
"30-39 years","DeKalb","10604","18","491"
"40-49 years","DeKalb","8495","29","549"
"50-59 years","DeKalb","7701","94","775"
"60-69 years","DeKalb","4904","155","833"
"70-79 years","DeKalb","2483","221","665"
"80 & Older years","DeKalb","1534","304","487"
"<1 years","DeKalb","168","0","7"
"Unknown years","DeKalb","311","1","8"
"01-04 years","Decatur","49","0","1"
"05-09 years","Decatur","61","0","0"
"10-17 years","Decatur","205","0","0"
"18-29 years","Decatur","409","1","8"
"30-39 years","Decatur","319","1","8"
"40-49 years","Decatur","311","1","18"
"50-59 years","Decatur","263","5","27"
"60-69 years","Decatur","215","10","29"
"70-79 years","Decatur","137","19","25"
"80 & Older years","Decatur","97","16","21"
"<1 years","Decatur","9","0","0"
"01-04 years","Dodge","7","0","0"
"05-09 years","Dodge","17","0","0"
"10-17 years","Dodge","86","1","1"
"18-29 years","Dodge","198","0","4"
"30-39 years","Dodge","147","0","4"
"40-49 years","Dodge","152","1","11"
"50-59 years","Dodge","177","5","18"
"60-69 years","Dodge","146","16","29"
"70-79 years","Dodge","82","16","21"
"80 & Older years","Dodge","55","16","16"
"<1 years","Dodge","3","0","0"
"Unknown years","Dodge","1","1","0"
"01-04 years","Dooly","12","0","0"
"05-09 years","Dooly","12","0","0"
"10-17 years","Dooly","49","0","1"
"18-29 years","Dooly","106","0","5"
"30-39 years","Dooly","98","0","9"
"40-49 years","Dooly","130","1","9"
"50-59 years","Dooly","141","5","18"
"60-69 years","Dooly","122","10","23"
"70-79 years","Dooly","65","9","15"
"80 & Older years","Dooly","22","6","6"
"<1 years","Dooly","3","0","0"
"Unknown years","Dooly","3","0","0"
"01-04 years","Dougherty","59","0","2"
"05-09 years","Dougherty","107","0","0"
"10-17 years","Dougherty","236","0","5"
"18-29 years","Dougherty","949","2","81"
"30-39 years","Dougherty","784","4","74"
"40-49 years","Dougherty","808","15","111"
"50-59 years","Dougherty","883","25","163"
"60-69 years","Dougherty","760","71","242"
"70-79 years","Dougherty","453","62","176"
"80 & Older years","Dougherty","262","90","123"
"<1 years","Dougherty","28","0","2"
"Unknown years","Dougherty","8","0","0"
"01-04 years","Douglas","160","0","5"
"05-09 years","Douglas","269","0","4"
"10-17 years","Douglas","869","0","5"
"18-29 years","Douglas","2215","0","46"
"30-39 years","Douglas","1783","3","63"
"40-49 years","Douglas","2077","6","107"
"50-59 years","Douglas","1842","20","154"
"60-69 years","Douglas","1069","35","165"
"70-79 years","Douglas","571","54","139"
"80 & Older years","Douglas","276","45","90"
"<1 years","Douglas","30","0","5"
"Unknown years","Douglas","17","0","1"
"01-04 years","Early","19","0","0"
"05-09 years","Early","18","0","0"
"10-17 years","Early","96","0","0"
"18-29 years","Early","147","0","4"
"30-39 years","Early","146","0","4"
"40-49 years","Early","166","1","9"
"50-59 years","Early","160","3","11"
"60-69 years","Early","118","11","13"
"70-79 years","Early","76","14","17"
"80 & Older years","Early","41","12","13"
"<1 years","Early","2","0","0"
"01-04 years","Echols","8","0","0"
"05-09 years","Echols","5","0","0"
"10-17 years","Echols","26","0","1"
"18-29 years","Echols","129","0","1"
"30-39 years","Echols","59","0","2"
"40-49 years","Echols","40","0","1"
"50-59 years","Echols","43","0","2"
"60-69 years","Echols","22","0","0"
"70-79 years","Echols","17","2","3"
"80 & Older years","Echols","3","1","2"
"<1 years","Echols","1","0","0"
"01-04 years","Effingham","47","0","2"
"05-09 years","Effingham","111","0","1"
"10-17 years","Effingham","377","0","1"
"18-29 years","Effingham","647","0","4"
"30-39 years","Effingham","605","1","13"
"40-49 years","Effingham","555","0","27"
"50-59 years","Effingham","560","10","39"
"60-69 years","Effingham","365","8","56"
"70-79 years","Effingham","211","18","52"
"80 & Older years","Effingham","93","20","30"
"<1 years","Effingham","10","0","0"
"Unknown years","Effingham","2","0","0"
"01-04 years","Elbert","18","0","0"
"05-09 years","Elbert","29","0","0"
"10-17 years","Elbert","87","0","1"
"18-29 years","Elbert","260","0","1"
"30-39 years","Elbert","185","0","8"
"40-49 years","Elbert","213","1","9"
"50-59 years","Elbert","227","1","13"
"60-69 years","Elbert","183","6","22"
"70-79 years","Elbert","157","18","33"
"80 & Older years","Elbert","125","26","32"
"<1 years","Elbert","8","0","2"
"Unknown years","Elbert","9","0","0"
"01-04 years","Emanuel","25","0","1"
"05-09 years","Emanuel","23","0","0"
"10-17 years","Emanuel","164","0","2"
"18-29 years","Emanuel","306","1","0"
"30-39 years","Emanuel","229","0","8"
"40-49 years","Emanuel","280","1","7"
"50-59 years","Emanuel","254","6","27"
"60-69 years","Emanuel","219","9","30"
"70-79 years","Emanuel","128","15","26"
"80 & Older years","Emanuel","60","19","20"
"<1 years","Emanuel","5","0","0"
"Unknown years","Emanuel","10","0","1"
"01-04 years","Evans","13","0","0"
"05-09 years","Evans","20","0","0"
"10-17 years","Evans","85","0","0"
"18-29 years","Evans","146","1","3"
"30-39 years","Evans","126","0","3"
"40-49 years","Evans","107","0","9"
"50-59 years","Evans","110","3","16"
"60-69 years","Evans","66","4","15"
"70-79 years","Evans","48","6","15"
"80 & Older years","Evans","19","2","11"
"<1 years","Evans","2","0","0"
"Unknown years","Evans","1","0","0"
"01-04 years","Fannin","15","0","0"
"05-09 years","Fannin","29","0","0"
"10-17 years","Fannin","123","0","0"
"18-29 years","Fannin","287","0","5"
"30-39 years","Fannin","226","0","7"
"40-49 years","Fannin","257","1","9"
"50-59 years","Fannin","343","4","22"
"60-69 years","Fannin","341","7","34"
"70-79 years","Fannin","237","11","40"
"80 & Older years","Fannin","141","28","46"
"<1 years","Fannin","4","0","0"
"Unknown years","Fannin","17","0","0"
"01-04 years","Fayette","62","0","0"
"05-09 years","Fayette","128","0","2"
"10-17 years","Fayette","504","0","2"
"18-29 years","Fayette","1159","1","7"
"30-39 years","Fayette","749","1","8"
"40-49 years","Fayette","1034","1","23"
"50-59 years","Fayette","1098","8","40"
"60-69 years","Fayette","832","20","48"
"70-79 years","Fayette","417","50","65"
"80 & Older years","Fayette","278","55","39"
"<1 years","Fayette","13","0","0"
"Unknown years","Fayette","27","1","1"
"01-04 years","Floyd","120","0","3"
"05-09 years","Floyd","204","0","1"
"10-17 years","Floyd","899","0","11"
"18-29 years","Floyd","1961","0","25"
"30-39 years","Floyd","1430","3","49"
"40-49 years","Floyd","1411","5","80"
"50-59 years","Floyd","1351","21","138"
"60-69 years","Floyd","983","32","174"
"70-79 years","Floyd","671","45","184"
"80 & Older years","Floyd","381","60","143"
"<1 years","Floyd","45","0","2"
"Unknown years","Floyd","129","0","3"
"01-04 years","Forsyth","213","0","1"
"05-09 years","Forsyth","542","0","2"
"10-17 years","Forsyth","1951","0","6"
"18-29 years","Forsyth","3015","0","42"
"30-39 years","Forsyth","2223","1","59"
"40-49 years","Forsyth","2850","4","117"
"50-59 years","Forsyth","2643","10","158"
"60-69 years","Forsyth","1381","16","141"
"70-79 years","Forsyth","820","54","213"
"80 & Older years","Forsyth","492","72","156"
"<1 years","Forsyth","45","0","3"
"Unknown years","Forsyth","552","0","4"
"01-04 years","Franklin","16","0","1"
"05-09 years","Franklin","53","0","0"
"10-17 years","Franklin","177","0","5"
"18-29 years","Franklin","423","0","10"
"30-39 years","Franklin","289","0","3"
"40-49 years","Franklin","337","0","13"
"50-59 years","Franklin","342","0","22"
"60-69 years","Franklin","298","3","33"
"70-79 years","Franklin","175","18","33"
"80 & Older years","Franklin","84","18","24"
"<1 years","Franklin","8","0","1"
"Unknown years","Franklin","86","0","2"
"01-04 years","Fulton","940","0","21"
"05-09 years","Fulton","1553","0","12"
"10-17 years","Fulton","4995","1","42"
"18-29 years","Fulton","20022","5","321"
"30-39 years","Fulton","14647","22","473"
"40-49 years","Fulton","11704","38","552"
"50-59 years","Fulton","10477","97","785"
"60-69 years","Fulton","6223","207","772"
"70-79 years","Fulton","3354","292","709"
"80 & Older years","Fulton","2377","475","704"
"<1 years","Fulton","201","0","8"
"Unknown years","Fulton","151","0","2"
"01-04 years","Gilmer","29","0","2"
"05-09 years","Gilmer","39","0","0"
"10-17 years","Gilmer","181","0","2"
"18-29 years","Gilmer","350","0","9"
"30-39 years","Gilmer","307","0","14"
"40-49 years","Gilmer","343","0","16"
"50-59 years","Gilmer","370","9","25"
"60-69 years","Gilmer","356","8","40"
"70-79 years","Gilmer","244","18","47"
"80 & Older years","Gilmer","135","33","40"
"<1 years","Gilmer","11","0","0"
"Unknown years","Gilmer","44","0","0"
"01-04 years","Glascock","1","0","0"
"05-09 years","Glascock","3","0","0"
"10-17 years","Glascock","1","0","0"
"18-29 years","Glascock","22","0","1"
"30-39 years","Glascock","16","0","0"
"40-49 years","Glascock","21","0","1"
"50-59 years","Glascock","27","2","3"
"60-69 years","Glascock","15","0","2"
"70-79 years","Glascock","23","3","6"
"80 & Older years","Glascock","9","2","5"
"<1 years","Glascock","1","0","0"
"Unknown years","Glascock","1","0","0"
"01-04 years","Glynn","94","0","1"
"05-09 years","Glynn","178","0","1"
"10-17 years","Glynn","564","0","0"
"18-29 years","Glynn","1362","0","23"
"30-39 years","Glynn","1056","4","27"
"40-49 years","Glynn","899","4","35"
"50-59 years","Glynn","854","9","67"
"60-69 years","Glynn","714","29","112"
"70-79 years","Glynn","441","42","78"
"80 & Older years","Glynn","255","60","86"
"<1 years","Glynn","20","0","0"
"Unknown years","Glynn","12","0","0"
"01-04 years","Gordon","87","0","1"
"05-09 years","Gordon","126","0","0"
"10-17 years","Gordon","554","0","4"
"18-29 years","Gordon","1228","0","14"
"30-39 years","Gordon","944","2","20"
"40-49 years","Gordon","1011","3","33"
"50-59 years","Gordon","996","13","49"
"60-69 years","Gordon","618","23","51"
"70-79 years","Gordon","355","23","77"
"80 & Older years","Gordon","184","31","52"
"<1 years","Gordon","24","0","3"
"Unknown years","Gordon","125","0","3"
"01-04 years","Grady","31","0","1"
"05-09 years","Grady","42","0","0"
"10-17 years","Grady","133","0","5"
"18-29 years","Grady","251","0","9"
"30-39 years","Grady","220","0","9"
"40-49 years","Grady","232","1","23"
"50-59 years","Grady","213","7","29"
"60-69 years","Grady","161","4","27"
"70-79 years","Grady","149","17","45"
"80 & Older years","Grady","53","16","20"
"<1 years","Grady","2","0","1"
"Unknown years","Grady","3","0","0"
"01-04 years","Greene","16","0","0"
"05-09 years","Greene","32","0","0"
"10-17 years","Greene","83","0","0"
"18-29 years","Greene","253","0","5"
"30-39 years","Greene","178","0","7"
"40-49 years","Greene","176","3","12"
"50-59 years","Greene","217","5","20"
"60-69 years","Greene","225","7","19"
"70-79 years","Greene","172","9","27"
"80 & Older years","Greene","104","24","40"
"<1 years","Greene","3","0","1"
"Unknown years","Greene","2","0","0"
"01-04 years","Gwinnett","1255","0","19"
"05-09 years","Gwinnett","2039","0","25"
"10-17 years","Gwinnett","6785","2","78"
"18-29 years","Gwinnett","18422","8","547"
"30-39 years","Gwinnett","13907","17","569"
"40-49 years","Gwinnett","14766","55","760"
"50-59 years","Gwinnett","12654","93","850"
"60-69 years","Gwinnett","7005","187","895"
"70-79 years","Gwinnett","3195","245","725"
"80 & Older years","Gwinnett","1778","351","628"
"<1 years","Gwinnett","344","0","19"
"Unknown years","Gwinnett","90","0","0"
"01-04 years","Habersham","32","0","3"
"05-09 years","Habersham","57","0","3"
"10-17 years","Habersham","304","1","7"
"18-29 years","Habersham","845","0","10"
"30-39 years","Habersham","630","2","28"
"40-49 years","Habersham","670","4","41"
"50-59 years","Habersham","686","5","54"
"60-69 years","Habersham","562","17","113"
"70-79 years","Habersham","381","44","108"
"80 & Older years","Habersham","277","66","88"
"<1 years","Habersham","8","0","3"
"Unknown years","Habersham","113","0","4"
"01-04 years","Hall","185","0","6"
"05-09 years","Hall","373","0","5"
"10-17 years","Hall","1742","0","29"
"18-29 years","Hall","5144","3","158"
"30-39 years","Hall","3458","1","185"
"40-49 years","Hall","3620","9","257"
"50-59 years","Hall","3800","30","373"
"60-69 years","Hall","2559","76","401"
"70-79 years","Hall","1650","108","461"
"80 & Older years","Hall","921","167","374"
"<1 years","Hall","36","0","8"
"Unknown years","Hall","685","0","11"
"01-04 years","Hancock","7","0","0"
"05-09 years","Hancock","8","0","0"
"10-17 years","Hancock","35","0","0"
"18-29 years","Hancock","132","0","3"
"30-39 years","Hancock","109","0","2"
"40-49 years","Hancock","106","1","4"
"50-59 years","Hancock","139","4","15"
"60-69 years","Hancock","142","17","30"
"70-79 years","Hancock","70","15","22"
"80 & Older years","Hancock","62","22","24"
"<1 years","Hancock","4","0","0"
"01-04 years","Haralson","24","0","0"
"05-09 years","Haralson","36","0","0"
"10-17 years","Haralson","147","0","2"
"18-29 years","Haralson","345","0","3"
"30-39 years","Haralson","216","0","4"
"40-49 years","Haralson","239","2","6"
"50-59 years","Haralson","259","1","6"
"60-69 years","Haralson","192","12","22"
"70-79 years","Haralson","130","11","16"
"80 & Older years","Haralson","55","7","10"
"<1 years","Haralson","6","0","0"
"Unknown years","Haralson","5","0","0"
"01-04 years","Harris","29","0","0"
"05-09 years","Harris","31","0","0"
"10-17 years","Harris","182","0","2"
"18-29 years","Harris","329","0","5"
"30-39 years","Harris","238","0","7"
"40-49 years","Harris","348","3","10"
"50-59 years","Harris","359","7","23"
"60-69 years","Harris","309","14","48"
"70-79 years","Harris","179","17","42"
"80 & Older years","Harris","57","9","10"
"<1 years","Harris","5","0","0"
"Unknown years","Harris","6","0","0"
"01-04 years","Hart","16","0","0"
"05-09 years","Hart","24","0","1"
"10-17 years","Hart","94","0","0"
"18-29 years","Hart","296","0","2"
"30-39 years","Hart","248","0","6"
"40-49 years","Hart","229","0","8"
"50-59 years","Hart","273","3","19"
"60-69 years","Hart","220","12","30"
"70-79 years","Hart","143","7","19"
"80 & Older years","Hart","86","13","27"
"<1 years","Hart","4","0","1"
"Unknown years","Hart","43","0","0"
"01-04 years","Heard","8","0","0"
"05-09 years","Heard","12","0","0"
"10-17 years","Heard","58","0","1"
"18-29 years","Heard","102","0","1"
"30-39 years","Heard","64","0","1"
"40-49 years","Heard","110","0","8"
"50-59 years","Heard","96","0","5"
"60-69 years","Heard","75","4","7"
"70-79 years","Heard","52","6","13"
"80 & Older years","Heard","21","4","2"
"<1 years","Heard","4","0","0"
"Unknown years","Heard","1","0","0"
"01-04 years","Henry","227","0","6"
"05-09 years","Henry","337","0","2"
"10-17 years","Henry","1300","0","14"
"18-29 years","Henry","3566","1","27"
"30-39 years","Henry","2930","6","43"
"40-49 years","Henry","3220","13","88"
"50-59 years","Henry","3140","18","118"
"60-69 years","Henry","1762","62","93"
"70-79 years","Henry","873","77","79"
"80 & Older years","Henry","446","84","54"
"<1 years","Henry","41","0","2"
"Unknown years","Henry","39","1","2"
"01-04 years","Houston","99","0","2"
"05-09 years","Houston","156","0","1"
"10-17 years","Houston","690","0","4"
"18-29 years","Houston","2035","3","36"
"30-39 years","Houston","1760","2","56"
"40-49 years","Houston","1647","7","89"
"50-59 years","Houston","1433","12","101"
"60-69 years","Houston","937","40","144"
"70-79 years","Houston","521","58","149"
"80 & Older years","Houston","291","54","92"
"<1 years","Houston","23","0","2"
"Unknown years","Houston","2","0","0"
"01-04 years","Irwin","6","0","0"
"05-09 years","Irwin","10","0","0"
"10-17 years","Irwin","51","0","0"
"18-29 years","Irwin","116","0","4"
"30-39 years","Irwin","95","0","4"
"40-49 years","Irwin","118","1","10"
"50-59 years","Irwin","104","3","12"
"60-69 years","Irwin","83","1","21"
"70-79 years","Irwin","50","6","8"
"80 & Older years","Irwin","36","7","21"
"01-04 years","Jackson","59","0","0"
"05-09 years","Jackson","152","0","3"
"10-17 years","Jackson","753","0","6"
"18-29 years","Jackson","1427","2","17"
"30-39 years","Jackson","1282","1","22"
"40-49 years","Jackson","1380","6","55"
"50-59 years","Jackson","1297","5","69"
"60-69 years","Jackson","869","23","80"
"70-79 years","Jackson","595","35","109"
"80 & Older years","Jackson","310","55","107"
"<1 years","Jackson","22","0","2"
"Unknown years","Jackson","33","0","1"
"01-04 years","Jasper","5","0","1"
"05-09 years","Jasper","8","0","0"
"10-17 years","Jasper","35","0","1"
"18-29 years","Jasper","122","0","3"
"30-39 years","Jasper","93","0","2"
"40-49 years","Jasper","97","1","3"
"50-59 years","Jasper","126","1","15"
"60-69 years","Jasper","92","8","16"
"70-79 years","Jasper","54","6","11"
"80 & Older years","Jasper","18","2","5"
"<1 years","Jasper","3","0","1"
"01-04 years","Jeff Davis","28","0","1"
"05-09 years","Jeff Davis","34","0","0"
"10-17 years","Jeff Davis","115","0","2"
"18-29 years","Jeff Davis","244","0","4"
"30-39 years","Jeff Davis","212","0","9"
"40-49 years","Jeff Davis","206","0","11"
"50-59 years","Jeff Davis","186","8","20"
"60-69 years","Jeff Davis","127","8","23"
"70-79 years","Jeff Davis","82","13","19"
"80 & Older years","Jeff Davis","18","8","7"
"<1 years","Jeff Davis","2","0","1"
"Unknown years","Jeff Davis","1","0","0"
"01-04 years","Jefferson","18","0","0"
"05-09 years","Jefferson","32","0","0"
"10-17 years","Jefferson","105","0","1"
"18-29 years","Jefferson","239","0","3"
"30-39 years","Jefferson","193","0","8"
"40-49 years","Jefferson","208","3","12"
"50-59 years","Jefferson","266","5","22"
"60-69 years","Jefferson","249","12","32"
"70-79 years","Jefferson","155","16","40"
"80 & Older years","Jefferson","69","19","28"
"<1 years","Jefferson","4","0","0"
"Unknown years","Jefferson","9","0","0"
"01-04 years","Jenkins","17","0","0"
"05-09 years","Jenkins","20","0","0"
"10-17 years","Jenkins","59","0","0"
"18-29 years","Jenkins","108","0","2"
"30-39 years","Jenkins","85","2","6"
"40-49 years","Jenkins","108","3","10"
"50-59 years","Jenkins","118","6","18"
"60-69 years","Jenkins","84","5","11"
"70-79 years","Jenkins","57","13","21"
"80 & Older years","Jenkins","50","10","11"
"<1 years","Jenkins","2","0","0"
"Unknown years","Jenkins","3","0","1"
"01-04 years","Johnson","6","0","0"
"05-09 years","Johnson","7","0","0"
"10-17 years","Johnson","27","0","0"
"18-29 years","Johnson","119","0","3"
"30-39 years","Johnson","106","0","3"
"40-49 years","Johnson","95","1","6"
"50-59 years","Johnson","131","5","18"
"60-69 years","Johnson","125","7","19"
"70-79 years","Johnson","86","8","24"
"80 & Older years","Johnson","66","19","20"
"<1 years","Johnson","1","0","1"
"Unknown years","Johnson","1","0","0"
"01-04 years","Jones","6","0","0"
"05-09 years","Jones","23","0","0"
"10-17 years","Jones","86","0","0"
"18-29 years","Jones","325","0","7"
"30-39 years","Jones","244","1","8"
"40-49 years","Jones","231","2","12"
"50-59 years","Jones","256","3","25"
"60-69 years","Jones","176","5","32"
"70-79 years","Jones","117","17","41"
"80 & Older years","Jones","74","19","23"
"<1 years","Jones","3","0","0"
"Unknown years","Jones","2","0","0"
"01-04 years","Lamar","26","0","0"
"05-09 years","Lamar","44","0","0"
"10-17 years","Lamar","105","0","2"
"18-29 years","Lamar","194","0","3"
"30-39 years","Lamar","176","0","8"
"40-49 years","Lamar","176","1","5"
"50-59 years","Lamar","187","3","26"
"60-69 years","Lamar","166","8","22"
"70-79 years","Lamar","122","11","21"
"80 & Older years","Lamar","62","19","18"
"<1 years","Lamar","12","0","1"
"Unknown years","Lamar","3","0","0"
"01-04 years","Lanier","7","0","0"
"05-09 years","Lanier","10","0","1"
"10-17 years","Lanier","35","0","1"
"18-29 years","Lanier","98","1","1"
"30-39 years","Lanier","119","0","2"
"40-49 years","Lanier","73","1","2"
"50-59 years","Lanier","61","1","5"
"60-69 years","Lanier","38","2","2"
"70-79 years","Lanier","23","4","6"
"80 & Older years","Lanier","14","0","6"
"<1 years","Lanier","4","0","0"
"01-04 years","Laurens","27","0","0"
"05-09 years","Laurens","46","0","1"
"10-17 years","Laurens","236","0","4"
"18-29 years","Laurens","643","0","10"
"30-39 years","Laurens","539","1","17"
"40-49 years","Laurens","553","4","28"
"50-59 years","Laurens","572","9","62"
"60-69 years","Laurens","472","30","81"
"70-79 years","Laurens","314","47","79"
"80 & Older years","Laurens","215","49","59"
"<1 years","Laurens","5","0","1"
"Unknown years","Laurens","2","0","0"
"01-04 years","Lee","11","0","0"
"05-09 years","Lee","30","0","3"
"10-17 years","Lee","113","0","2"
"18-29 years","Lee","261","1","8"
"30-39 years","Lee","282","1","16"
"40-49 years","Lee","284","3","29"
"50-59 years","Lee","260","8","39"
"60-69 years","Lee","186","12","33"
"70-79 years","Lee","85","13","28"
"80 & Older years","Lee","48","9","20"
"<1 years","Lee","8","0","0"
"Unknown years","Lee","1","0","0"
"01-04 years","Liberty","51","0","1"
"05-09 years","Liberty","64","0","1"
"10-17 years","Liberty","230","0","2"
"18-29 years","Liberty","825","1","13"
"30-39 years","Liberty","485","0","15"
"40-49 years","Liberty","424","1","16"
"50-59 years","Liberty","395","9","38"
"60-69 years","Liberty","281","17","50"
"70-79 years","Liberty","128","14","46"
"80 & Older years","Liberty","59","14","25"
"<1 years","Liberty","29","0","1"
"Unknown years","Liberty","3","0","0"
"01-04 years","Lincoln","9","0","0"
"05-09 years","Lincoln","13","0","0"
"10-17 years","Lincoln","27","0","0"
"18-29 years","Lincoln","90","0","3"
"30-39 years","Lincoln","66","0","1"
"40-49 years","Lincoln","77","1","6"
"50-59 years","Lincoln","63","2","5"
"60-69 years","Lincoln","71","4","14"
"70-79 years","Lincoln","50","8","12"
"80 & Older years","Lincoln","21","7","9"
"<1 years","Lincoln","2","0","0"
"Unknown years","Lincoln","5","0","0"
"01-04 years","Long","14","0","0"
"05-09 years","Long","13","0","0"
"10-17 years","Long","57","0","0"
"18-29 years","Long","126","0","0"
"30-39 years","Long","140","0","2"
"40-49 years","Long","99","0","6"
"50-59 years","Long","84","1","9"
"60-69 years","Long","64","1","8"
"70-79 years","Long","43","6","14"
"80 & Older years","Long","20","2","7"
"<1 years","Long","6","0","0"
"Unknown years","Long","2","0","0"
"01-04 years","Lowndes","134","0","0"
"05-09 years","Lowndes","183","0","0"
"10-17 years","Lowndes","607","0","6"
"18-29 years","Lowndes","2239","4","28"
"30-39 years","Lowndes","1216","1","18"
"40-49 years","Lowndes","1005","3","40"
"50-59 years","Lowndes","877","7","53"
"60-69 years","Lowndes","612","26","80"
"70-79 years","Lowndes","328","38","65"
"80 & Older years","Lowndes","202","51","58"
"<1 years","Lowndes","33","0","0"
"Unknown years","Lowndes","16","0","0"
"01-04 years","Lumpkin","16","0","0"
"05-09 years","Lumpkin","30","0","2"
"10-17 years","Lumpkin","128","0","2"
"18-29 years","Lumpkin","693","0","12"
"30-39 years","Lumpkin","325","0","9"
"40-49 years","Lumpkin","320","1","17"
"50-59 years","Lumpkin","372","5","43"
"60-69 years","Lumpkin","361","10","53"
"70-79 years","Lumpkin","263","12","64"
"80 & Older years","Lumpkin","133","30","66"
"<1 years","Lumpkin","7","0","1"
"Unknown years","Lumpkin","45","0","2"
"01-04 years","Macon","9","0","0"
"05-09 years","Macon","12","0","0"
"10-17 years","Macon","23","0","0"
"18-29 years","Macon","102","0","3"
"30-39 years","Macon","70","0","4"
"40-49 years","Macon","103","1","7"
"50-59 years","Macon","115","4","14"
"60-69 years","Macon","75","6","23"
"70-79 years","Macon","53","6","21"
"80 & Older years","Macon","18","6","6"
"<1 years","Macon","3","0","0"
"Unknown years","Macon","4","0","1"
"01-04 years","Madison","40","0","1"
"05-09 years","Madison","52","0","0"
"10-17 years","Madison","228","0","0"
"18-29 years","Madison","466","0","2"
"30-39 years","Madison","408","0","5"
"40-49 years","Madison","404","0","17"
"50-59 years","Madison","429","5","26"
"60-69 years","Madison","325","9","37"
"70-79 years","Madison","194","16","43"
"80 & Older years","Madison","77","12","11"
"<1 years","Madison","19","0","4"
"Unknown years","Madison","14","0","0"
"01-04 years","Marion","8","0","0"
"05-09 years","Marion","8","0","1"
"10-17 years","Marion","38","0","0"
"18-29 years","Marion","63","0","2"
"30-39 years","Marion","42","0","2"
"40-49 years","Marion","57","1","5"
"50-59 years","Marion","63","6","6"
"60-69 years","Marion","42","3","4"
"70-79 years","Marion","28","2","5"
"80 & Older years","Marion","28","4","8"
"<1 years","Marion","3","0","0"
"Unknown years","Marion","2","0","0"
"01-04 years","McDuffie","26","0","0"
"05-09 years","McDuffie","29","0","0"
"10-17 years","McDuffie","115","0","0"
"18-29 years","McDuffie","310","0","6"
"30-39 years","McDuffie","242","2","4"
"40-49 years","McDuffie","243","2","12"
"50-59 years","McDuffie","247","4","27"
"60-69 years","McDuffie","196","9","28"
"70-79 years","McDuffie","114","8","44"
"80 & Older years","McDuffie","50","13","28"
"<1 years","McDuffie","2","0","0"
"Unknown years","McDuffie","26","0","1"
"01-04 years","McIntosh","4","0","0"
"05-09 years","McIntosh","10","0","0"
"10-17 years","McIntosh","38","0","0"
"18-29 years","McIntosh","103","0","3"
"30-39 years","McIntosh","78","0","3"
"40-49 years","McIntosh","91","0","4"
"50-59 years","McIntosh","129","0","4"
"60-69 years","McIntosh","96","2","17"
"70-79 years","McIntosh","61","4","14"
"80 & Older years","McIntosh","26","8","8"
"<1 years","McIntosh","1","0","0"
"Unknown years","McIntosh","1","0","0"
"01-04 years","Meriwether","25","0","2"
"05-09 years","Meriwether","26","0","1"
"10-17 years","Meriwether","79","0","1"
"18-29 years","Meriwether","208","0","6"
"30-39 years","Meriwether","170","2","13"
"40-49 years","Meriwether","219","2","15"
"50-59 years","Meriwether","229","5","17"
"60-69 years","Meriwether","205","7","23"
"70-79 years","Meriwether","182","18","30"
"80 & Older years","Meriwether","100","24","16"
"<1 years","Meriwether","4","0","0"
"Unknown years","Meriwether","1","0","0"
"01-04 years","Miller","9","0","0"
"05-09 years","Miller","8","0","0"
"10-17 years","Miller","69","0","1"
"18-29 years","Miller","109","0","1"
"30-39 years","Miller","97","0","0"
"40-49 years","Miller","76","0","6"
"50-59 years","Miller","124","2","11"
"60-69 years","Miller","89","2","5"
"70-79 years","Miller","30","2","3"
"80 & Older years","Miller","24","2","6"
"<1 years","Miller","3","0","0"
"01-04 years","Mitchell","20","0","0"
"05-09 years","Mitchell","25","0","0"
"10-17 years","Mitchell","88","0","2"
"18-29 years","Mitchell","244","0","10"
"30-39 years","Mitchell","214","1","15"
"40-49 years","Mitchell","208","3","17"
"50-59 years","Mitchell","242","10","54"
"60-69 years","Mitchell","207","15","50"
"70-79 years","Mitchell","128","17","46"
"80 & Older years","Mitchell","95","25","32"
"<1 years","Mitchell","7","0","0"
"Unknown years","Mitchell","2","0","1"
"01-04 years","Monroe","13","0","1"
"05-09 years","Monroe","24","0","1"
"10-17 years","Monroe","88","0","0"
"18-29 years","Monroe","293","1","6"
"30-39 years","Monroe","243","0","6"
"40-49 years","Monroe","268","3","19"
"50-59 years","Monroe","309","3","24"
"60-69 years","Monroe","287","19","51"
"70-79 years","Monroe","163","21","43"
"80 & Older years","Monroe","119","37","31"
"<1 years","Monroe","4","0","1"
"01-04 years","Montgomery","9","0","0"
"05-09 years","Montgomery","6","0","0"
"10-17 years","Montgomery","52","0","1"
"18-29 years","Montgomery","155","0","1"
"30-39 years","Montgomery","95","1","3"
"40-49 years","Montgomery","121","0","2"
"50-59 years","Montgomery","99","2","6"
"60-69 years","Montgomery","93","5","12"
"70-79 years","Montgomery","52","6","9"
"80 & Older years","Montgomery","24","5","6"
"<1 years","Montgomery","1","0","0"
"Unknown years","Montgomery","1","0","0"
"01-04 years","Morgan","16","0","0"
"05-09 years","Morgan","22","0","1"
"10-17 years","Morgan","89","0","2"
"18-29 years","Morgan","207","0","4"
"30-39 years","Morgan","159","0","6"
"40-49 years","Morgan","163","0","4"
"50-59 years","Morgan","183","2","13"
"60-69 years","Morgan","130","3","12"
"70-79 years","Morgan","102","4","16"
"80 & Older years","Morgan","53","8","20"
"<1 years","Morgan","12","0","1"
"Unknown years","Morgan","2","0","0"
"01-04 years","Murray","67","0","2"
"05-09 years","Murray","95","0","2"
"10-17 years","Murray","378","0","2"
"18-29 years","Murray","788","0","8"
"30-39 years","Murray","553","1","7"
"40-49 years","Murray","675","0","21"
"50-59 years","Murray","603","7","42"
"60-69 years","Murray","402","12","61"
"70-79 years","Murray","252","32","56"
"80 & Older years","Murray","100","21","25"
"<1 years","Murray","22","0","2"
"Unknown years","Murray","5","0","0"
"01-04 years","Muscogee","212","0","6"
"05-09 years","Muscogee","314","0","0"
"10-17 years","Muscogee","887","0","7"
"18-29 years","Muscogee","3100","3","61"
"30-39 years","Muscogee","2106","2","78"
"40-49 years","Muscogee","1844","7","96"
"50-59 years","Muscogee","1881","38","190"
"60-69 years","Muscogee","1481","75","253"
"70-79 years","Muscogee","833","92","187"
"80 & Older years","Muscogee","513","135","165"
"<1 years","Muscogee","70","0","3"
"Unknown years","Muscogee","61","1","1"
"01-04 years","Newton","75","0","1"
"05-09 years","Newton","125","0","1"
"10-17 years","Newton","428","0","9"
"18-29 years","Newton","1327","1","43"
"30-39 years","Newton","1119","0","56"
"40-49 years","Newton","1284","8","91"
"50-59 years","Newton","1214","17","121"
"60-69 years","Newton","685","33","98"
"70-79 years","Newton","481","52","91"
"80 & Older years","Newton","291","82","76"
"<1 years","Newton","26","0","5"
"Unknown years","Newton","2","0","0"
"01-04 years","Non-GA Resident/Unknown State","245","0","3"
"05-09 years","Non-GA Resident/Unknown State","410","0","5"
"10-17 years","Non-GA Resident/Unknown State","1359","0","7"
"18-29 years","Non-GA Resident/Unknown State","5884","5","62"
"30-39 years","Non-GA Resident/Unknown State","4100","4","90"
"40-49 years","Non-GA Resident/Unknown State","3505","11","100"
"50-59 years","Non-GA Resident/Unknown State","3428","43","197"
"60-69 years","Non-GA Resident/Unknown State","2383","106","263"
"70-79 years","Non-GA Resident/Unknown State","1544","120","282"
"80 & Older years","Non-GA Resident/Unknown State","862","133","195"
"<1 years","Non-GA Resident/Unknown State","141","0","2"
"Unknown years","Non-GA Resident/Unknown State","958","1","4"
"01-04 years","Oconee","35","0","0"
"05-09 years","Oconee","63","0","0"
"10-17 years","Oconee","302","0","0"
"18-29 years","Oconee","546","0","5"
"30-39 years","Oconee","347","0","4"
"40-49 years","Oconee","536","1","10"
"50-59 years","Oconee","444","4","11"
"60-69 years","Oconee","298","9","30"
"70-79 years","Oconee","172","16","24"
"80 & Older years","Oconee","129","28","38"
"<1 years","Oconee","9","0","0"
"Unknown years","Oconee","3","1","0"
"01-04 years","Oglethorpe","18","0","0"
"05-09 years","Oglethorpe","26","0","0"
"10-17 years","Oglethorpe","92","0","1"
"18-29 years","Oglethorpe","201","0","1"
"30-39 years","Oglethorpe","142","1","1"
"40-49 years","Oglethorpe","169","1","5"
"50-59 years","Oglethorpe","175","1","18"
"60-69 years","Oglethorpe","142","1","14"
"70-79 years","Oglethorpe","104","9","14"
"80 & Older years","Oglethorpe","66","14","16"
"<1 years","Oglethorpe","9","0","0"
"Unknown years","Oglethorpe","5","0","0"
"01-04 years","Paulding","132","0","2"
"05-09 years","Paulding","260","0","0"
"10-17 years","Paulding","997","0","6"
"18-29 years","Paulding","1928","0","21"
"30-39 years","Paulding","1613","2","27"
"40-49 years","Paulding","1769","5","36"
"50-59 years","Paulding","1671","13","63"
"60-69 years","Paulding","883","34","65"
"70-79 years","Paulding","492","35","66"
"80 & Older years","Paulding","307","63","54"
"<1 years","Paulding","31","0","0"
"Unknown years","Paulding","46","1","0"
"01-04 years","Peach","15","0","2"
"05-09 years","Peach","19","0","0"
"10-17 years","Peach","73","0","1"
"18-29 years","Peach","393","1","9"
"30-39 years","Peach","293","0","15"
"40-49 years","Peach","237","3","19"
"50-59 years","Peach","300","8","41"
"60-69 years","Peach","252","8","51"
"70-79 years","Peach","126","11","38"
"80 & Older years","Peach","66","15","28"
"<1 years","Peach","4","0","0"
"Unknown years","Peach","2","0","0"
"01-04 years","Pickens","21","0","2"
"05-09 years","Pickens","38","0","1"
"10-17 years","Pickens","139","0","0"
"18-29 years","Pickens","376","0","5"
"30-39 years","Pickens","314","0","11"
"40-49 years","Pickens","376","0","16"
"50-59 years","Pickens","423","4","24"
"60-69 years","Pickens","327","8","37"
"70-79 years","Pickens","267","20","60"
"80 & Older years","Pickens","120","25","36"
"<1 years","Pickens","3","0","1"
"Unknown years","Pickens","9","0","0"
"01-04 years","Pierce","11","0","0"
"05-09 years","Pierce","22","0","0"
"10-17 years","Pierce","86","1","1"
"18-29 years","Pierce","226","0","5"
"30-39 years","Pierce","148","0","3"
"40-49 years","Pierce","198","0","12"
"50-59 years","Pierce","188","4","19"
"60-69 years","Pierce","148","11","39"
"70-79 years","Pierce","110","11","29"
"80 & Older years","Pierce","55","14","16"
"<1 years","Pierce","7","0","1"
"Unknown years","Pierce","1","0","0"
"01-04 years","Pike","26","0","0"
"05-09 years","Pike","24","0","0"
"10-17 years","Pike","113","0","1"
"18-29 years","Pike","152","0","5"
"30-39 years","Pike","134","0","2"
"40-49 years","Pike","191","3","9"
"50-59 years","Pike","146","4","7"
"60-69 years","Pike","99","2","17"
"70-79 years","Pike","81","8","18"
"80 & Older years","Pike","31","6","8"
"<1 years","Pike","1","0","0"
"Unknown years","Pike","4","0","0"
"01-04 years","Polk","40","0","1"
"05-09 years","Polk","72","0","2"
"10-17 years","Polk","308","0","2"
"18-29 years","Polk","786","0","13"
"30-39 years","Polk","544","0","11"
"40-49 years","Polk","581","2","38"
"50-59 years","Polk","600","11","78"
"60-69 years","Polk","386","13","73"
"70-79 years","Polk","307","23","86"
"80 & Older years","Polk","136","25","55"
"<1 years","Polk","18","0","0"
"Unknown years","Polk","32","0","0"
"01-04 years","Pulaski","5","0","0"
"05-09 years","Pulaski","8","0","0"
"10-17 years","Pulaski","37","0","1"
"18-29 years","Pulaski","81","0","1"
"30-39 years","Pulaski","90","0","2"
"40-49 years","Pulaski","89","0","7"
"50-59 years","Pulaski","103","0","6"
"60-69 years","Pulaski","93","8","13"
"70-79 years","Pulaski","48","11","16"
"80 & Older years","Pulaski","40","11","6"
"<1 years","Pulaski","3","0","0"
"01-04 years","Putnam","23","0","0"
"05-09 years","Putnam","42","0","1"
"10-17 years","Putnam","115","0","2"
"18-29 years","Putnam","274","0","2"
"30-39 years","Putnam","221","0","6"
"40-49 years","Putnam","213","1","7"
"50-59 years","Putnam","283","3","18"
"60-69 years","Putnam","254","12","30"
"70-79 years","Putnam","191","18","53"
"80 & Older years","Putnam","86","18","32"
"<1 years","Putnam","7","0","1"
"01-04 years","Quitman","1","0","0"
"05-09 years","Quitman","4","0","0"
"10-17 years","Quitman","5","0","0"
"18-29 years","Quitman","12","0","1"
"30-39 years","Quitman","4","0","1"
"40-49 years","Quitman","3","0","1"
"50-59 years","Quitman","15","0","1"
"60-69 years","Quitman","23","1","4"
"70-79 years","Quitman","4","0","1"
"80 & Older years","Quitman","5","0","1"
"<1 years","Quitman","2","0","0"
"01-04 years","Rabun","13","0","0"
"05-09 years","Rabun","21","0","0"
"10-17 years","Rabun","96","0","0"
"18-29 years","Rabun","203","0","5"
"30-39 years","Rabun","180","1","10"
"40-49 years","Rabun","185","0","7"
"50-59 years","Rabun","216","3","24"
"60-69 years","Rabun","221","7","31"
"70-79 years","Rabun","169","11","34"
"80 & Older years","Rabun","78","15","31"
"<1 years","Rabun","5","0","1"
"Unknown years","Rabun","60","0","1"
"01-04 years","Randolph","2","0","0"
"05-09 years","Randolph","5","0","0"
"10-17 years","Randolph","13","0","0"
"18-29 years","Randolph","59","0","2"
"30-39 years","Randolph","69","2","6"
"40-49 years","Randolph","55","0","4"
"50-59 years","Randolph","91","3","20"
"60-69 years","Randolph","69","8","16"
"70-79 years","Randolph","48","4","15"
"80 & Older years","Randolph","46","15","16"
"<1 years","Randolph","1","0","0"
"Unknown years","Randolph","2","0","0"
"01-04 years","Richmond","281","0","1"
"05-09 years","Richmond","537","0","3"
"10-17 years","Richmond","1482","0","11"
"18-29 years","Richmond","4361","8","61"
"30-39 years","Richmond","3249","6","76"
"40-49 years","Richmond","2630","17","106"
"50-59 years","Richmond","2644","37","202"
"60-69 years","Richmond","1954","71","248"
"70-79 years","Richmond","1062","93","277"
"80 & Older years","Richmond","648","140","268"
"<1 years","Richmond","84","0","2"
"Unknown years","Richmond","33","0","2"
"01-04 years","Rockdale","55","0","4"
"05-09 years","Rockdale","99","0","0"
"10-17 years","Rockdale","323","0","12"
"18-29 years","Rockdale","1113","2","71"
"30-39 years","Rockdale","877","2","87"
"40-49 years","Rockdale","1000","6","107"
"50-59 years","Rockdale","974","12","155"
"60-69 years","Rockdale","618","25","141"
"70-79 years","Rockdale","365","49","142"
"80 & Older years","Rockdale","195","46","89"
"<1 years","Rockdale","9","0","2"
"Unknown years","Rockdale","5","0","0"
"01-04 years","Schley","5","0","0"
"05-09 years","Schley","4","0","0"
"10-17 years","Schley","21","0","0"
"18-29 years","Schley","46","0","2"
"30-39 years","Schley","21","0","0"
"40-49 years","Schley","30","0","3"
"50-59 years","Schley","31","1","3"
"60-69 years","Schley","26","1","8"
"70-79 years","Schley","12","0","2"
"80 & Older years","Schley","7","2","2"
"<1 years","Schley","1","0","0"
"01-04 years","Screven","8","0","0"
"05-09 years","Screven","15","0","0"
"10-17 years","Screven","60","0","0"
"18-29 years","Screven","134","0","3"
"30-39 years","Screven","120","0","2"
"40-49 years","Screven","94","1","4"
"50-59 years","Screven","111","2","13"
"60-69 years","Screven","136","2","14"
"70-79 years","Screven","73","7","17"
"80 & Older years","Screven","37","8","10"
"<1 years","Screven","4","0","0"
"Unknown years","Screven","1","0","0"
"01-04 years","Seminole","13","0","0"
"05-09 years","Seminole","15","0","0"
"10-17 years","Seminole","73","0","0"
"18-29 years","Seminole","107","0","0"
"30-39 years","Seminole","86","0","0"
"40-49 years","Seminole","89","0","5"
"50-59 years","Seminole","107","1","6"
"60-69 years","Seminole","124","3","25"
"70-79 years","Seminole","69","6","16"
"80 & Older years","Seminole","29","7","12"
"<1 years","Seminole","4","0","0"
"01-04 years","Spalding","65","0","3"
"05-09 years","Spalding","59","0","1"
"10-17 years","Spalding","183","0","3"
"18-29 years","Spalding","659","1","29"
"30-39 years","Spalding","566","4","29"
"40-49 years","Spalding","571","3","43"
"50-59 years","Spalding","603","14","68"
"60-69 years","Spalding","473","30","85"
"70-79 years","Spalding","342","38","75"
"80 & Older years","Spalding","213","49","66"
"<1 years","Spalding","12","0","0"
"Unknown years","Spalding","23","0","0"
"01-04 years","Stephens","18","0","0"
"05-09 years","Stephens","43","0","1"
"10-17 years","Stephens","176","0","3"
"18-29 years","Stephens","520","1","13"
"30-39 years","Stephens","337","0","8"
"40-49 years","Stephens","428","1","22"
"50-59 years","Stephens","456","4","37"
"60-69 years","Stephens","437","18","61"
"70-79 years","Stephens","296","22","64"
"80 & Older years","Stephens","157","26","41"
"<1 years","Stephens","4","0","0"
"Unknown years","Stephens","30","0","0"
"01-04 years","Stewart","5","0","0"
"05-09 years","Stewart","2","0","0"
"10-17 years","Stewart","14","0","0"
"18-29 years","Stewart","168","0","21"
"30-39 years","Stewart","216","1","25"
"40-49 years","Stewart","155","1","23"
"50-59 years","Stewart","83","2","12"
"60-69 years","Stewart","68","11","25"
"70-79 years","Stewart","25","3","5"
"80 & Older years","Stewart","21","4","6"
"<1 years","Stewart","1","0","0"
"Unknown years","Stewart","14","0","4"
"01-04 years","Sumter","24","0","0"
"05-09 years","Sumter","31","0","0"
"10-17 years","Sumter","75","0","2"
"18-29 years","Sumter","320","1","11"
"30-39 years","Sumter","262","1","21"
"40-49 years","Sumter","253","5","21"
"50-59 years","Sumter","276","3","43"
"60-69 years","Sumter","254","24","67"
"70-79 years","Sumter","164","26","46"
"80 & Older years","Sumter","105","28","46"
"<1 years","Sumter","9","0","0"
"Unknown years","Sumter","2","0","0"
"01-04 years","Talbot","7","0","0"
"05-09 years","Talbot","5","0","0"
"10-17 years","Talbot","30","0","0"
"18-29 years","Talbot","54","0","1"
"30-39 years","Talbot","34","0","1"
"40-49 years","Talbot","59","1","4"
"50-59 years","Talbot","63","5","6"
"60-69 years","Talbot","60","3","13"
"70-79 years","Talbot","38","6","7"
"80 & Older years","Talbot","20","2","8"
"Unknown years","Talbot","2","0","0"
"01-04 years","Taliaferro","1","0","0"
"05-09 years","Taliaferro","2","0","0"
"10-17 years","Taliaferro","7","0","0"
"18-29 years","Taliaferro","12","0","0"
"30-39 years","Taliaferro","15","0","0"
"40-49 years","Taliaferro","19","0","1"
"50-59 years","Taliaferro","9","0","0"
"60-69 years","Taliaferro","20","1","2"
"70-79 years","Taliaferro","10","1","3"
"80 & Older years","Taliaferro","4","1","2"
"01-04 years","Tattnall","31","0","0"
"05-09 years","Tattnall","46","0","0"
"10-17 years","Tattnall","158","0","0"
"18-29 years","Tattnall","311","0","1"
"30-39 years","Tattnall","277","1","4"
"40-49 years","Tattnall","274","0","7"
"50-59 years","Tattnall","297","7","22"
"60-69 years","Tattnall","236","15","33"
"70-79 years","Tattnall","116","14","37"
"80 & Older years","Tattnall","46","5","8"
"<1 years","Tattnall","10","0","0"
"Unknown years","Tattnall","2","0","1"
"01-04 years","Taylor","13","0","1"
"05-09 years","Taylor","13","0","0"
"10-17 years","Taylor","50","0","1"
"18-29 years","Taylor","77","0","2"
"30-39 years","Taylor","50","0","4"
"40-49 years","Taylor","91","1","10"
"50-59 years","Taylor","73","0","15"
"60-69 years","Taylor","62","5","16"
"70-79 years","Taylor","33","5","10"
"80 & Older years","Taylor","26","9","12"
"<1 years","Taylor","4","0","0"
"01-04 years","Telfair","9","0","0"
"05-09 years","Telfair","11","0","0"
"10-17 years","Telfair","20","0","0"
"18-29 years","Telfair","137","0","3"
"30-39 years","Telfair","90","1","1"
"40-49 years","Telfair","106","2","6"
"50-59 years","Telfair","104","5","9"
"60-69 years","Telfair","103","9","17"
"70-79 years","Telfair","70","12","18"
"80 & Older years","Telfair","41","14","11"
"<1 years","Telfair","4","0","0"
"Unknown years","Telfair","2","0","0"
"01-04 years","Terrell","7","0","0"
"05-09 years","Terrell","7","0","0"
"10-17 years","Terrell","41","0","0"
"18-29 years","Terrell","68","0","2"
"30-39 years","Terrell","78","0","9"
"40-49 years","Terrell","64","0","8"
"50-59 years","Terrell","96","3","15"
"60-69 years","Terrell","91","11","32"
"70-79 years","Terrell","61","14","27"
"80 & Older years","Terrell","39","13","16"
"01-04 years","Thomas","61","0","1"
"05-09 years","Thomas","113","0","0"
"10-17 years","Thomas","304","0","3"
"18-29 years","Thomas","594","1","25"
"30-39 years","Thomas","479","1","17"
"40-49 years","Thomas","505","4","29"
"50-59 years","Thomas","536","11","41"
"60-69 years","Thomas","431","13","92"
"70-79 years","Thomas","256","34","72"
"80 & Older years","Thomas","166","44","58"
"<1 years","Thomas","15","0","1"
"Unknown years","Thomas","2","0","0"
"01-04 years","Tift","35","0","1"
"05-09 years","Tift","58","0","3"
"10-17 years","Tift","228","0","6"
"18-29 years","Tift","770","0","20"
"30-39 years","Tift","539","1","28"
"40-49 years","Tift","540","7","59"
"50-59 years","Tift","459","9","69"
"60-69 years","Tift","356","16","74"
"70-79 years","Tift","242","28","90"
"80 & Older years","Tift","138","32","60"
"<1 years","Tift","13","0","0"
"Unknown years","Tift","3","0","0"
"01-04 years","Toombs","30","0","0"
"05-09 years","Toombs","51","0","0"
"10-17 years","Toombs","212","0","2"
"18-29 years","Toombs","509","0","6"
"30-39 years","Toombs","398","0","3"
"40-49 years","Toombs","410","1","22"
"50-59 years","Toombs","412","7","23"
"60-69 years","Toombs","378","13","42"
"70-79 years","Toombs","254","32","41"
"80 & Older years","Toombs","154","39","29"
"<1 years","Toombs","7","0","0"
"01-04 years","Towns","2","0","0"
"05-09 years","Towns","6","0","0"
"10-17 years","Towns","44","0","1"
"18-29 years","Towns","128","0","4"
"30-39 years","Towns","86","0","3"
"40-49 years","Towns","106","2","5"
"50-59 years","Towns","160","2","14"
"60-69 years","Towns","209","2","17"
"70-79 years","Towns","154","9","35"
"80 & Older years","Towns","122","27","45"
"Unknown years","Towns","20","0","0"
"01-04 years","Treutlen","6","0","0"
"05-09 years","Treutlen","15","0","1"
"10-17 years","Treutlen","48","0","0"
"18-29 years","Treutlen","102","0","2"
"30-39 years","Treutlen","99","0","5"
"40-49 years","Treutlen","101","0","5"
"50-59 years","Treutlen","101","1","7"
"60-69 years","Treutlen","66","5","12"
"70-79 years","Treutlen","53","10","11"
"80 & Older years","Treutlen","30","4","8"
"01-04 years","Troup","130","0","1"
"05-09 years","Troup","174","0","0"
"10-17 years","Troup","508","0","5"
"18-29 years","Troup","1164","1","28"
"30-39 years","Troup","865","6","42"
"40-49 years","Troup","780","4","48"
"50-59 years","Troup","809","14","101"
"60-69 years","Troup","621","27","94"
"70-79 years","Troup","339","44","90"
"80 & Older years","Troup","239","69","59"
"<1 years","Troup","42","0","1"
"Unknown years","Troup","7","0","0"
"01-04 years","Turner","3","0","0"
"05-09 years","Turner","7","0","1"
"10-17 years","Turner","20","0","0"
"18-29 years","Turner","84","0","2"
"30-39 years","Turner","100","0","10"
"40-49 years","Turner","105","0","5"
"50-59 years","Turner","93","2","12"
"60-69 years","Turner","86","8","26"
"70-79 years","Turner","52","6","13"
"80 & Older years","Turner","35","14","15"
"<1 years","Turner","2","0","1"
"01-04 years","Twiggs","9","0","0"
"05-09 years","Twiggs","7","0","1"
"10-17 years","Twiggs","26","0","0"
"18-29 years","Twiggs","66","0","2"
"30-39 years","Twiggs","60","1","5"
"40-49 years","Twiggs","61","1","7"
"50-59 years","Twiggs","89","3","12"
"60-69 years","Twiggs","97","7","30"
"70-79 years","Twiggs","57","8","21"
"80 & Older years","Twiggs","26","13","18"
"<1 years","Twiggs","1","0","0"
"01-04 years","Union","7","0","0"
"05-09 years","Union","16","0","0"
"10-17 years","Union","69","0","1"
"18-29 years","Union","251","1","1"
"30-39 years","Union","218","0","2"
"40-49 years","Union","217","0","13"
"50-59 years","Union","295","4","21"
"60-69 years","Union","357","4","43"
"70-79 years","Union","303","21","56"
"80 & Older years","Union","204","34","63"
"<1 years","Union","1","0","0"
"Unknown years","Union","32","0","0"
"01-04 years","Unknown","16","0","0"
"05-09 years","Unknown","45","0","0"
"10-17 years","Unknown","171","0","0"
"18-29 years","Unknown","807","1","5"
"30-39 years","Unknown","402","3","6"
"40-49 years","Unknown","364","1","2"
"50-59 years","Unknown","313","3","7"
"60-69 years","Unknown","182","1","7"
"70-79 years","Unknown","107","0","9"
"80 & Older years","Unknown","45","2","7"
"<1 years","Unknown","29","0","0"
"Unknown years","Unknown","117","0","3"
"01-04 years","Upson","36","0","0"
"05-09 years","Upson","46","0","0"
"10-17 years","Upson","136","0","1"
"18-29 years","Upson","298","0","6"
"30-39 years","Upson","207","2","9"
"40-49 years","Upson","237","1","11"
"50-59 years","Upson","255","6","21"
"60-69 years","Upson","236","21","39"
"70-79 years","Upson","166","33","48"
"80 & Older years","Upson","105","39","34"
"<1 years","Upson","14","0","0"
"Unknown years","Upson","10","0","0"
"01-04 years","Walker","77","0","1"
"05-09 years","Walker","138","0","1"
"10-17 years","Walker","493","0","3"
"18-29 years","Walker","1084","0","17"
"30-39 years","Walker","791","0","14"
"40-49 years","Walker","976","3","28"
"50-59 years","Walker","838","3","36"
"60-69 years","Walker","710","15","64"
"70-79 years","Walker","468","27","57"
"80 & Older years","Walker","229","25","30"
"<1 years","Walker","39","0","1"
"Unknown years","Walker","218","0","7"
"01-04 years","Walton","74","0","1"
"05-09 years","Walton","152","0","1"
"10-17 years","Walton","598","0","6"
"18-29 years","Walton","1322","2","30"
"30-39 years","Walton","1122","0","26"
"40-49 years","Walton","1245","3","50"
"50-59 years","Walton","1229","15","82"
"60-69 years","Walton","848","29","85"
"70-79 years","Walton","634","71","105"
"80 & Older years","Walton","384","99","77"
"<1 years","Walton","26","0","2"
"Unknown years","Walton","18","0","0"
"01-04 years","Ware","61","0","1"
"05-09 years","Ware","67","0","0"
"10-17 years","Ware","239","0","3"
"18-29 years","Ware","538","1","5"
"30-39 years","Ware","444","1","20"
"40-49 years","Ware","372","2","29"
"50-59 years","Ware","409","15","60"
"60-69 years","Ware","300","15","61"
"70-79 years","Ware","255","40","96"
"80 & Older years","Ware","205","61","61"
"<1 years","Ware","19","0","2"
"Unknown years","Ware","3","0","0"
"01-04 years","Warren","6","0","0"
"05-09 years","Warren","2","0","0"
"10-17 years","Warren","25","0","0"
"18-29 years","Warren","67","0","3"
"30-39 years","Warren","50","0","4"
"40-49 years","Warren","48","2","5"
"50-59 years","Warren","65","2","7"
"60-69 years","Warren","44","3","7"
"70-79 years","Warren","36","3","13"
"80 & Older years","Warren","17","2","6"
"<1 years","Warren","2","0","1"
"Unknown years","Warren","4","0","0"
"01-04 years","Washington","18","0","0"
"05-09 years","Washington","25","0","0"
"10-17 years","Washington","118","0","2"
"18-29 years","Washington","259","0","6"
"30-39 years","Washington","238","0","8"
"40-49 years","Washington","255","4","12"
"50-59 years","Washington","244","3","17"
"60-69 years","Washington","228","13","28"
"70-79 years","Washington","126","11","22"
"80 & Older years","Washington","80","23","13"
"<1 years","Washington","10","0","0"
"Unknown years","Washington","4","0","0"
"01-04 years","Wayne","29","0","1"
"05-09 years","Wayne","33","0","0"
"10-17 years","Wayne","162","0","1"
"18-29 years","Wayne","399","0","9"
"30-39 years","Wayne","404","1","10"
"40-49 years","Wayne","480","1","36"
"50-59 years","Wayne","398","6","34"
"60-69 years","Wayne","318","18","63"
"70-79 years","Wayne","257","24","76"
"80 & Older years","Wayne","116","19","25"
"<1 years","Wayne","5","0","1"
"Unknown years","Wayne","2","0","0"
"10-17 years","Webster","3","0","0"
"18-29 years","Webster","18","0","1"
"30-39 years","Webster","10","0","1"
"40-49 years","Webster","16","0","2"
"50-59 years","Webster","18","2","4"
"60-69 years","Webster","23","1","4"
"70-79 years","Webster","7","0","1"
"80 & Older years","Webster","4","1","0"
"Unknown years","Webster","2","0","0"
"01-04 years","Wheeler","1","0","0"
"05-09 years","Wheeler","5","0","0"
"10-17 years","Wheeler","23","0","0"
"18-29 years","Wheeler","53","0","0"
"30-39 years","Wheeler","74","2","2"
"40-49 years","Wheeler","78","1","3"
"50-59 years","Wheeler","91","7","11"
"60-69 years","Wheeler","53","3","6"
"70-79 years","Wheeler","40","5","11"
"80 & Older years","Wheeler","9","3","1"
"<1 years","Wheeler","1","0","0"
"Unknown years","Wheeler","24","0","1"
"01-04 years","White","18","0","0"
"05-09 years","White","61","0","1"
"10-17 years","White","231","0","2"
"18-29 years","White","430","1","7"
"30-39 years","White","312","1","8"
"40-49 years","White","399","1","17"
"50-59 years","White","465","4","38"
"60-69 years","White","429","12","64"
"70-79 years","White","316","14","76"
"80 & Older years","White","179","30","68"
"<1 years","White","5","0","0"
"Unknown years","White","36","0","1"
"01-04 years","Whitfield","203","0","3"
"05-09 years","Whitfield","381","0","3"
"10-17 years","Whitfield","1329","0","6"
"18-29 years","Whitfield","3406","0","44"
"30-39 years","Whitfield","2209","5","59"
"40-49 years","Whitfield","2304","4","74"
"50-59 years","Whitfield","2094","26","118"
"60-69 years","Whitfield","1226","37","137"
"70-79 years","Whitfield","702","55","139"
"80 & Older years","Whitfield","405","91","118"
"<1 years","Whitfield","70","0","5"
"Unknown years","Whitfield","26","0","2"
"01-04 years","Wilcox","10","0","0"
"05-09 years","Wilcox","9","0","0"
"10-17 years","Wilcox","29","0","0"
"18-29 years","Wilcox","45","0","1"
"30-39 years","Wilcox","47","0","1"
"40-49 years","Wilcox","73","0","12"
"50-59 years","Wilcox","82","1","15"
"60-69 years","Wilcox","84","9","24"
"70-79 years","Wilcox","52","10","10"
"80 & Older years","Wilcox","25","8","6"
"<1 years","Wilcox","4","0","0"
"01-04 years","Wilkes","8","0","0"
"05-09 years","Wilkes","16","0","0"
"10-17 years","Wilkes","52","0","0"
"18-29 years","Wilkes","113","0","1"
"30-39 years","Wilkes","85","0","5"
"40-49 years","Wilkes","104","1","12"
"50-59 years","Wilkes","100","2","4"
"60-69 years","Wilkes","80","1","14"
"70-79 years","Wilkes","65","5","19"
"80 & Older years","Wilkes","33","8","15"
"<1 years","Wilkes","3","0","0"
"Unknown years","Wilkes","1","0","0"
"01-04 years","Wilkinson","6","0","0"
"05-09 years","Wilkinson","11","0","0"
"10-17 years","Wilkinson","30","0","1"
"18-29 years","Wilkinson","109","0","3"
"30-39 years","Wilkinson","88","0","5"
"40-49 years","Wilkinson","93","0","6"
"50-59 years","Wilkinson","151","4","24"
"60-69 years","Wilkinson","132","12","39"
"70-79 years","Wilkinson","59","6","22"
"80 & Older years","Wilkinson","39","4","16"
"01-04 years","Worth","13","0","0"
"05-09 years","Worth","15","0","0"
"10-17 years","Worth","77","0","3"
"18-29 years","Worth","179","0","8"
"30-39 years","Worth","144","0","10"
"40-49 years","Worth","157","1","16"
"50-59 years","Worth","189","6","25"
"60-69 years","Worth","194","19","51"
"70-79 years","Worth","116","16","30"
"80 & Older years","Worth","69","16","26"
"<1 years","Worth","4","0","0"
"Unknown years","Worth","1","0","0"
