"age group","county name","cases","deaths","hospitalization"
"01-04 years","Georgia","21831","2","359"
"05-09 years","Georgia","40899","3","279"
"10-17 years","Georgia","116111","11","1072"
"18-29 years","Georgia","265378","179","5217"
"30-39 years","Georgia","200562","430","6949"
"40-49 years","Georgia","186380","1034","9832"
"50-59 years","Georgia","169973","2474","14395"
"60-69 years","Georgia","113844","4692","16411"
"70-79 years","Georgia","64528","6232","14979"
"80 & Older years","Georgia","35772","7567","11155"
"<1 years","Georgia","5971","0","308"
"Unknown years","Georgia","4421","2","156"
"01-04 years","Appling","53","0","0"
"05-09 years","Appling","94","0","0"
"10-17 years","Appling","332","0","2"
"18-29 years","Appling","489","1","7"
"30-39 years","Appling","364","2","9"
"40-49 years","Appling","372","6","27"
"50-59 years","Appling","393","10","37"
"60-69 years","Appling","329","17","64"
"70-79 years","Appling","217","24","41"
"80 & Older years","Appling","111","25","40"
"<1 years","Appling","8","0","0"
"Unknown years","Appling","3","0","0"
"01-04 years","Atkinson","19","0","1"
"05-09 years","Atkinson","46","0","1"
"10-17 years","Atkinson","107","0","1"
"18-29 years","Atkinson","240","0","14"
"30-39 years","Atkinson","172","0","14"
"40-49 years","Atkinson","184","4","32"
"50-59 years","Atkinson","175","3","34"
"60-69 years","Atkinson","111","7","35"
"70-79 years","Atkinson","59","6","23"
"80 & Older years","Atkinson","19","6","13"
"<1 years","Atkinson","3","0","0"
"01-04 years","Bacon","37","0","0"
"05-09 years","Bacon","53","0","0"
"10-17 years","Bacon","164","0","1"
"18-29 years","Bacon","501","0","7"
"30-39 years","Bacon","263","1","9"
"40-49 years","Bacon","266","4","18"
"50-59 years","Bacon","211","2","18"
"60-69 years","Bacon","186","15","42"
"70-79 years","Bacon","114","9","30"
"80 & Older years","Bacon","50","12","16"
"<1 years","Bacon","10","0","0"
"Unknown years","Bacon","5","0","0"
"01-04 years","Baker","10","0","0"
"05-09 years","Baker","11","0","0"
"10-17 years","Baker","13","0","0"
"18-29 years","Baker","41","0","0"
"30-39 years","Baker","27","0","4"
"40-49 years","Baker","26","3","3"
"50-59 years","Baker","34","0","2"
"60-69 years","Baker","38","3","16"
"70-79 years","Baker","20","3","11"
"80 & Older years","Baker","14","4","5"
"<1 years","Baker","2","0","0"
"01-04 years","Baldwin","65","0","0"
"05-09 years","Baldwin","132","0","0"
"10-17 years","Baldwin","391","1","6"
"18-29 years","Baldwin","1561","0","17"
"30-39 years","Baldwin","674","2","19"
"40-49 years","Baldwin","668","4","39"
"50-59 years","Baldwin","640","17","69"
"60-69 years","Baldwin","504","29","85"
"70-79 years","Baldwin","305","38","67"
"80 & Older years","Baldwin","191","59","70"
"<1 years","Baldwin","25","0","1"
"Unknown years","Baldwin","1","0","0"
"01-04 years","Banks","22","0","1"
"05-09 years","Banks","56","0","1"
"10-17 years","Banks","188","0","5"
"18-29 years","Banks","440","0","16"
"30-39 years","Banks","322","0","13"
"40-49 years","Banks","334","4","24"
"50-59 years","Banks","345","3","36"
"60-69 years","Banks","290","13","61"
"70-79 years","Banks","198","19","71"
"80 & Older years","Banks","99","14","34"
"<1 years","Banks","12","0","1"
"Unknown years","Banks","24","0","1"
"01-04 years","Barrow","187","0","2"
"05-09 years","Barrow","383","0","0"
"10-17 years","Barrow","1265","1","9"
"18-29 years","Barrow","2424","2","51"
"30-39 years","Barrow","2155","2","69"
"40-49 years","Barrow","2138","9","108"
"50-59 years","Barrow","1749","13","148"
"60-69 years","Barrow","1183","44","189"
"70-79 years","Barrow","660","48","127"
"80 & Older years","Barrow","298","54","105"
"<1 years","Barrow","53","0","2"
"Unknown years","Barrow","17","0","2"
"01-04 years","Bartow","226","0","6"
"05-09 years","Bartow","394","0","2"
"10-17 years","Bartow","1430","0","16"
"18-29 years","Bartow","2817","0","33"
"30-39 years","Bartow","2323","6","58"
"40-49 years","Bartow","2330","7","101"
"50-59 years","Bartow","2381","24","189"
"60-69 years","Bartow","1477","65","190"
"70-79 years","Bartow","975","97","224"
"80 & Older years","Bartow","470","85","138"
"<1 years","Bartow","77","0","6"
"Unknown years","Bartow","75","0","7"
"01-04 years","Ben Hill","36","0","1"
"05-09 years","Ben Hill","31","0","0"
"10-17 years","Ben Hill","147","0","0"
"18-29 years","Ben Hill","351","0","4"
"30-39 years","Ben Hill","262","3","12"
"40-49 years","Ben Hill","255","1","13"
"50-59 years","Ben Hill","272","7","34"
"60-69 years","Ben Hill","234","16","35"
"70-79 years","Ben Hill","159","20","56"
"80 & Older years","Ben Hill","76","19","19"
"<1 years","Ben Hill","9","0","2"
"Unknown years","Ben Hill","1","0","0"
"01-04 years","Berrien","37","0","0"
"05-09 years","Berrien","43","0","0"
"10-17 years","Berrien","145","0","1"
"18-29 years","Berrien","278","0","0"
"30-39 years","Berrien","242","0","3"
"40-49 years","Berrien","188","0","5"
"50-59 years","Berrien","211","4","18"
"60-69 years","Berrien","167","10","23"
"70-79 years","Berrien","118","16","20"
"80 & Older years","Berrien","61","13","16"
"<1 years","Berrien","9","0","0"
"Unknown years","Berrien","1","0","0"
"01-04 years","Bibb","295","0","7"
"05-09 years","Bibb","524","0","0"
"10-17 years","Bibb","1533","0","13"
"18-29 years","Bibb","4396","3","113"
"30-39 years","Bibb","3255","6","157"
"40-49 years","Bibb","2989","28","258"
"50-59 years","Bibb","2706","47","347"
"60-69 years","Bibb","2087","117","501"
"70-79 years","Bibb","1175","148","416"
"80 & Older years","Bibb","704","175","343"
"<1 years","Bibb","84","0","5"
"Unknown years","Bibb","7","0","0"
"01-04 years","Bleckley","17","0","0"
"05-09 years","Bleckley","37","0","0"
"10-17 years","Bleckley","116","0","0"
"18-29 years","Bleckley","249","0","4"
"30-39 years","Bleckley","145","1","4"
"40-49 years","Bleckley","136","1","2"
"50-59 years","Bleckley","143","2","8"
"60-69 years","Bleckley","104","8","13"
"70-79 years","Bleckley","74","5","13"
"80 & Older years","Bleckley","62","18","13"
"<1 years","Bleckley","3","0","0"
"01-04 years","Brantley","33","0","0"
"05-09 years","Brantley","61","0","0"
"10-17 years","Brantley","202","0","1"
"18-29 years","Brantley","348","0","3"
"30-39 years","Brantley","274","1","7"
"40-49 years","Brantley","262","3","20"
"50-59 years","Brantley","303","15","30"
"60-69 years","Brantley","208","12","30"
"70-79 years","Brantley","142","21","41"
"80 & Older years","Brantley","59","13","15"
"<1 years","Brantley","3","0","0"
"Unknown years","Brantley","5","0","0"
"01-04 years","Brooks","25","0","1"
"05-09 years","Brooks","46","0","0"
"10-17 years","Brooks","121","0","0"
"18-29 years","Brooks","257","0","3"
"30-39 years","Brooks","193","1","5"
"40-49 years","Brooks","181","1","13"
"50-59 years","Brooks","212","4","26"
"60-69 years","Brooks","137","10","23"
"70-79 years","Brooks","112","14","23"
"80 & Older years","Brooks","71","18","19"
"<1 years","Brooks","11","0","0"
"01-04 years","Bryan","112","0","0"
"05-09 years","Bryan","220","0","1"
"10-17 years","Bryan","587","0","4"
"18-29 years","Bryan","819","0","19"
"30-39 years","Bryan","763","3","24"
"40-49 years","Bryan","775","3","39"
"50-59 years","Bryan","527","5","44"
"60-69 years","Bryan","359","18","50"
"70-79 years","Bryan","217","15","76"
"80 & Older years","Bryan","78","9","31"
"<1 years","Bryan","35","0","1"
"Unknown years","Bryan","22","0","0"
"01-04 years","Bulloch","151","0","1"
"05-09 years","Bulloch","302","0","2"
"10-17 years","Bulloch","876","0","4"
"18-29 years","Bulloch","2943","1","13"
"30-39 years","Bulloch","1044","4","27"
"40-49 years","Bulloch","849","6","29"
"50-59 years","Bulloch","738","14","47"
"60-69 years","Bulloch","524","23","62"
"70-79 years","Bulloch","254","21","51"
"80 & Older years","Bulloch","123","18","41"
"<1 years","Bulloch","54","0","1"
"Unknown years","Bulloch","6","0","0"
"01-04 years","Burke","33","0","0"
"05-09 years","Burke","72","0","0"
"10-17 years","Burke","196","0","1"
"18-29 years","Burke","442","2","10"
"30-39 years","Burke","360","1","15"
"40-49 years","Burke","370","3","22"
"50-59 years","Burke","333","6","39"
"60-69 years","Burke","258","7","47"
"70-79 years","Burke","136","14","39"
"80 & Older years","Burke","47","11","18"
"<1 years","Burke","10","0","0"
"Unknown years","Burke","4","0","0"
"01-04 years","Butts","48","0","3"
"05-09 years","Butts","70","0","0"
"10-17 years","Butts","250","0","5"
"18-29 years","Butts","612","0","8"
"30-39 years","Butts","543","0","9"
"40-49 years","Butts","484","4","21"
"50-59 years","Butts","504","11","37"
"60-69 years","Butts","339","18","41"
"70-79 years","Butts","240","26","37"
"80 & Older years","Butts","134","32","10"
"<1 years","Butts","16","0","2"
"Unknown years","Butts","3","0","0"
"01-04 years","Calhoun","12","0","0"
"05-09 years","Calhoun","11","0","0"
"10-17 years","Calhoun","63","0","1"
"18-29 years","Calhoun","94","0","6"
"30-39 years","Calhoun","82","3","7"
"40-49 years","Calhoun","96","1","11"
"50-59 years","Calhoun","101","4","20"
"60-69 years","Calhoun","86","3","23"
"70-79 years","Calhoun","34","7","11"
"80 & Older years","Calhoun","22","2","10"
"<1 years","Calhoun","5","0","0"
"Unknown years","Calhoun","1","0","0"
"01-04 years","Camden","126","0","0"
"05-09 years","Camden","221","0","2"
"10-17 years","Camden","591","0","1"
"18-29 years","Camden","1276","0","10"
"30-39 years","Camden","1008","2","25"
"40-49 years","Camden","722","8","26"
"50-59 years","Camden","768","9","35"
"60-69 years","Camden","530","21","47"
"70-79 years","Camden","297","10","30"
"80 & Older years","Camden","126","22","28"
"<1 years","Camden","18","0","2"
"Unknown years","Camden","69","0","1"
"01-04 years","Candler","13","0","0"
"05-09 years","Candler","40","0","0"
"10-17 years","Candler","101","0","0"
"18-29 years","Candler","187","0","1"
"30-39 years","Candler","151","0","5"
"40-49 years","Candler","165","4","3"
"50-59 years","Candler","182","11","18"
"60-69 years","Candler","128","9","19"
"70-79 years","Candler","93","15","21"
"80 & Older years","Candler","36","8","15"
"<1 years","Candler","6","0","0"
"01-04 years","Carroll","164","0","1"
"05-09 years","Carroll","285","0","3"
"10-17 years","Carroll","992","0","6"
"18-29 years","Carroll","2214","0","15"
"30-39 years","Carroll","1498","4","23"
"40-49 years","Carroll","1420","7","43"
"50-59 years","Carroll","1349","13","65"
"60-69 years","Carroll","954","30","95"
"70-79 years","Carroll","535","37","76"
"80 & Older years","Carroll","308","55","48"
"<1 years","Carroll","37","0","1"
"Unknown years","Carroll","13","0","1"
"01-04 years","Catoosa","155","0","0"
"05-09 years","Catoosa","271","0","1"
"10-17 years","Catoosa","826","0","2"
"18-29 years","Catoosa","1494","1","9"
"30-39 years","Catoosa","1186","2","14"
"40-49 years","Catoosa","1256","2","22"
"50-59 years","Catoosa","1129","8","45"
"60-69 years","Catoosa","774","9","65"
"70-79 years","Catoosa","463","22","68"
"80 & Older years","Catoosa","317","37","56"
"<1 years","Catoosa","57","0","1"
"Unknown years","Catoosa","87","0","4"
"01-04 years","Charlton","16","0","0"
"05-09 years","Charlton","43","0","0"
"10-17 years","Charlton","98","0","0"
"18-29 years","Charlton","394","1","2"
"30-39 years","Charlton","332","2","6"
"40-49 years","Charlton","269","3","13"
"50-59 years","Charlton","199","3","12"
"60-69 years","Charlton","194","11","27"
"70-79 years","Charlton","83","10","21"
"80 & Older years","Charlton","40","10","17"
"<1 years","Charlton","6","0","0"
"Unknown years","Charlton","2","0","0"
"01-04 years","Chatham","956","0","8"
"05-09 years","Chatham","1440","1","4"
"10-17 years","Chatham","3085","0","27"
"18-29 years","Chatham","7556","5","130"
"30-39 years","Chatham","5666","19","212"
"40-49 years","Chatham","4298","29","273"
"50-59 years","Chatham","3642","58","387"
"60-69 years","Chatham","2833","121","513"
"70-79 years","Chatham","1505","146","478"
"80 & Older years","Chatham","897","192","391"
"<1 years","Chatham","239","0","10"
"Unknown years","Chatham","61","0","2"
"01-04 years","Chattahoochee","9","0","0"
"05-09 years","Chattahoochee","20","0","0"
"10-17 years","Chattahoochee","156","0","2"
"18-29 years","Chattahoochee","3951","7","7"
"30-39 years","Chattahoochee","383","2","5"
"40-49 years","Chattahoochee","68","0","0"
"50-59 years","Chattahoochee","44","0","10"
"60-69 years","Chattahoochee","21","0","4"
"70-79 years","Chattahoochee","15","1","5"
"80 & Older years","Chattahoochee","9","3","5"
"<1 years","Chattahoochee","8","0","0"
"Unknown years","Chattahoochee","1","0","0"
"01-04 years","Chattooga","55","0","0"
"05-09 years","Chattooga","106","0","1"
"10-17 years","Chattooga","393","0","2"
"18-29 years","Chattooga","618","0","7"
"30-39 years","Chattooga","515","0","9"
"40-49 years","Chattooga","537","3","25"
"50-59 years","Chattooga","504","7","34"
"60-69 years","Chattooga","394","19","52"
"70-79 years","Chattooga","239","23","63"
"80 & Older years","Chattooga","143","28","37"
"<1 years","Chattooga","25","0","3"
"Unknown years","Chattooga","12","0","1"
"01-04 years","Cherokee","431","0","10"
"05-09 years","Cherokee","1108","0","9"
"10-17 years","Cherokee","3600","0","21"
"18-29 years","Cherokee","5677","1","104"
"30-39 years","Cherokee","4361","3","151"
"40-49 years","Cherokee","4882","10","187"
"50-59 years","Cherokee","4614","31","309"
"60-69 years","Cherokee","2781","63","337"
"70-79 years","Cherokee","1724","107","333"
"80 & Older years","Cherokee","972","170","289"
"<1 years","Cherokee","105","0","2"
"Unknown years","Cherokee","27","0","0"
"01-04 years","Clarke","288","0","2"
"05-09 years","Clarke","484","0","5"
"10-17 years","Clarke","1095","0","14"
"18-29 years","Clarke","7661","0","72"
"30-39 years","Clarke","2230","3","63"
"40-49 years","Clarke","1763","4","81"
"50-59 years","Clarke","1500","15","110"
"60-69 years","Clarke","980","29","132"
"70-79 years","Clarke","583","54","138"
"80 & Older years","Clarke","297","55","90"
"<1 years","Clarke","87","0","3"
"Unknown years","Clarke","19","0","0"
"01-04 years","Clay","3","0","0"
"05-09 years","Clay","5","0","0"
"10-17 years","Clay","23","0","0"
"18-29 years","Clay","37","0","0"
"30-39 years","Clay","38","0","1"
"40-49 years","Clay","39","0","2"
"50-59 years","Clay","22","1","3"
"60-69 years","Clay","27","1","2"
"70-79 years","Clay","21","0","0"
"80 & Older years","Clay","14","3","5"
"Unknown years","Clay","2","0","0"
"01-04 years","Clayton","801","0","16"
"05-09 years","Clayton","1379","1","12"
"10-17 years","Clayton","3287","1","55"
"18-29 years","Clayton","6967","8","158"
"30-39 years","Clayton","6335","27","259"
"40-49 years","Clayton","5385","39","291"
"50-59 years","Clayton","4771","89","402"
"60-69 years","Clayton","2978","163","364"
"70-79 years","Clayton","1234","147","249"
"80 & Older years","Clayton","573","140","146"
"<1 years","Clayton","171","0","8"
"Unknown years","Clayton","70","0","5"
"01-04 years","Clinch","23","0","0"
"05-09 years","Clinch","41","0","0"
"10-17 years","Clinch","110","0","0"
"18-29 years","Clinch","192","0","2"
"30-39 years","Clinch","159","1","5"
"40-49 years","Clinch","144","0","3"
"50-59 years","Clinch","144","2","17"
"60-69 years","Clinch","141","10","22"
"70-79 years","Clinch","69","10","21"
"80 & Older years","Clinch","23","8","10"
"<1 years","Clinch","5","0","0"
"01-04 years","Cobb","1348","1","20"
"05-09 years","Cobb","2976","0","23"
"10-17 years","Cobb","7642","0","62"
"18-29 years","Cobb","19310","7","283"
"30-39 years","Cobb","13725","26","333"
"40-49 years","Cobb","12810","46","524"
"50-59 years","Cobb","11100","110","702"
"60-69 years","Cobb","6728","196","695"
"70-79 years","Cobb","3650","340","662"
"80 & Older years","Cobb","2105","460","596"
"<1 years","Cobb","330","0","21"
"Unknown years","Cobb","105","1","3"
"01-04 years","Coffee","139","0","2"
"05-09 years","Coffee","216","0","4"
"10-17 years","Coffee","543","0","6"
"18-29 years","Coffee","1241","1","37"
"30-39 years","Coffee","945","4","62"
"40-49 years","Coffee","934","11","131"
"50-59 years","Coffee","895","18","185"
"60-69 years","Coffee","666","41","181"
"70-79 years","Coffee","342","50","150"
"80 & Older years","Coffee","178","43","98"
"<1 years","Coffee","36","0","2"
"Unknown years","Coffee","2","0","0"
"01-04 years","Colquitt","82","0","0"
"05-09 years","Colquitt","203","0","2"
"10-17 years","Colquitt","661","0","10"
"18-29 years","Colquitt","1065","0","26"
"30-39 years","Colquitt","799","2","29"
"40-49 years","Colquitt","798","7","44"
"50-59 years","Colquitt","712","21","49"
"60-69 years","Colquitt","505","24","58"
"70-79 years","Colquitt","327","29","58"
"80 & Older years","Colquitt","174","32","38"
"<1 years","Colquitt","35","0","2"
"Unknown years","Colquitt","1","0","0"
"01-04 years","Columbia","232","0","2"
"05-09 years","Columbia","536","0","4"
"10-17 years","Columbia","1635","0","5"
"18-29 years","Columbia","2819","1","33"
"30-39 years","Columbia","2642","4","43"
"40-49 years","Columbia","2302","12","65"
"50-59 years","Columbia","1878","29","99"
"60-69 years","Columbia","1223","35","115"
"70-79 years","Columbia","627","54","132"
"80 & Older years","Columbia","380","78","124"
"<1 years","Columbia","54","0","2"
"Unknown years","Columbia","10","0","0"
"01-04 years","Cook","32","0","2"
"05-09 years","Cook","64","0","0"
"10-17 years","Cook","159","0","2"
"18-29 years","Cook","304","0","7"
"30-39 years","Cook","252","0","4"
"40-49 years","Cook","249","3","18"
"50-59 years","Cook","224","6","21"
"60-69 years","Cook","160","10","21"
"70-79 years","Cook","118","13","29"
"80 & Older years","Cook","72","18","16"
"<1 years","Cook","16","0","2"
"Unknown years","Cook","1","0","0"
"01-04 years","Coweta","235","0","1"
"05-09 years","Coweta","414","0","1"
"10-17 years","Coweta","1264","0","10"
"18-29 years","Coweta","2189","2","40"
"30-39 years","Coweta","1784","10","77"
"40-49 years","Coweta","1890","18","106"
"50-59 years","Coweta","2047","39","144"
"60-69 years","Coweta","1251","49","132"
"70-79 years","Coweta","769","82","120"
"80 & Older years","Coweta","402","85","76"
"<1 years","Coweta","45","0","2"
"Unknown years","Coweta","15","0","1"
"01-04 years","Crawford","4","0","0"
"05-09 years","Crawford","9","0","0"
"10-17 years","Crawford","48","0","2"
"18-29 years","Crawford","129","0","3"
"30-39 years","Crawford","125","1","8"
"40-49 years","Crawford","93","3","6"
"50-59 years","Crawford","160","8","21"
"60-69 years","Crawford","137","9","21"
"70-79 years","Crawford","67","11","18"
"80 & Older years","Crawford","32","2","14"
"Unknown years","Crawford","1","0","0"
"01-04 years","Crisp","30","0","0"
"05-09 years","Crisp","54","0","0"
"10-17 years","Crisp","190","0","2"
"18-29 years","Crisp","305","0","12"
"30-39 years","Crisp","301","1","17"
"40-49 years","Crisp","256","4","22"
"50-59 years","Crisp","245","4","31"
"60-69 years","Crisp","229","18","44"
"70-79 years","Crisp","117","16","34"
"80 & Older years","Crisp","75","20","18"
"<1 years","Crisp","15","0","0"
"Unknown years","Crisp","8","0","0"
"01-04 years","Dade","37","0","0"
"05-09 years","Dade","77","0","0"
"10-17 years","Dade","197","0","1"
"18-29 years","Dade","333","0","1"
"30-39 years","Dade","230","0","2"
"40-49 years","Dade","259","0","7"
"50-59 years","Dade","218","3","12"
"60-69 years","Dade","173","1","11"
"70-79 years","Dade","125","8","21"
"80 & Older years","Dade","57","3","10"
"<1 years","Dade","7","0","0"
"Unknown years","Dade","25","0","1"
"01-04 years","Dawson","67","0","0"
"05-09 years","Dawson","130","0","0"
"10-17 years","Dawson","352","0","6"
"18-29 years","Dawson","764","0","18"
"30-39 years","Dawson","637","2","24"
"40-49 years","Dawson","581","0","34"
"50-59 years","Dawson","598","4","45"
"60-69 years","Dawson","464","9","87"
"70-79 years","Dawson","284","25","58"
"80 & Older years","Dawson","114","20","36"
"<1 years","Dawson","14","0","2"
"Unknown years","Dawson","26","0","1"
"01-04 years","DeKalb","1529","0","28"
"05-09 years","DeKalb","2585","0","31"
"10-17 years","DeKalb","5971","0","89"
"18-29 years","DeKalb","17556","12","515"
"30-39 years","DeKalb","15075","22","722"
"40-49 years","DeKalb","11760","50","806"
"50-59 years","DeKalb","10142","134","1077"
"60-69 years","DeKalb","6449","218","1176"
"70-79 years","DeKalb","3174","291","874"
"80 & Older years","DeKalb","1883","387","607"
"<1 years","DeKalb","310","0","18"
"Unknown years","DeKalb","319","1","32"
"01-04 years","Decatur","137","0","2"
"05-09 years","Decatur","161","0","0"
"10-17 years","Decatur","374","0","1"
"18-29 years","Decatur","651","1","17"
"30-39 years","Decatur","487","1","11"
"40-49 years","Decatur","485","2","27"
"50-59 years","Decatur","414","10","40"
"60-69 years","Decatur","312","15","47"
"70-79 years","Decatur","184","24","36"
"80 & Older years","Decatur","111","22","24"
"<1 years","Decatur","26","0","0"
"Unknown years","Decatur","6","0","0"
"01-04 years","Dodge","17","0","0"
"05-09 years","Dodge","39","0","0"
"10-17 years","Dodge","168","1","2"
"18-29 years","Dodge","291","0","6"
"30-39 years","Dodge","212","0","7"
"40-49 years","Dodge","220","3","12"
"50-59 years","Dodge","218","5","23"
"60-69 years","Dodge","169","18","30"
"70-79 years","Dodge","94","18","23"
"80 & Older years","Dodge","62","14","16"
"<1 years","Dodge","9","0","0"
"01-04 years","Dooly","15","0","0"
"05-09 years","Dooly","32","0","0"
"10-17 years","Dooly","103","0","1"
"18-29 years","Dooly","174","1","5"
"30-39 years","Dooly","131","0","11"
"40-49 years","Dooly","168","2","11"
"50-59 years","Dooly","168","5","21"
"60-69 years","Dooly","144","10","24"
"70-79 years","Dooly","67","10","19"
"80 & Older years","Dooly","26","7","6"
"<1 years","Dooly","5","0","0"
"Unknown years","Dooly","18","0","0"
"01-04 years","Dougherty","186","0","4"
"05-09 years","Dougherty","354","0","0"
"10-17 years","Dougherty","779","0","13"
"18-29 years","Dougherty","1658","3","125"
"30-39 years","Dougherty","1397","7","107"
"40-49 years","Dougherty","1235","25","149"
"50-59 years","Dougherty","1205","33","204"
"60-69 years","Dougherty","981","94","299"
"70-79 years","Dougherty","538","80","208"
"80 & Older years","Dougherty","324","110","152"
"<1 years","Dougherty","59","0","6"
"Unknown years","Dougherty","8","0","0"
"01-04 years","Douglas","316","0","6"
"05-09 years","Douglas","603","0","8"
"10-17 years","Douglas","1717","1","23"
"18-29 years","Douglas","3239","0","58"
"30-39 years","Douglas","2765","6","93"
"40-49 years","Douglas","3000","9","153"
"50-59 years","Douglas","2587","28","208"
"60-69 years","Douglas","1487","48","208"
"70-79 years","Douglas","748","62","169"
"80 & Older years","Douglas","359","63","109"
"<1 years","Douglas","74","0","7"
"Unknown years","Douglas","24","0","2"
"01-04 years","Early","40","0","0"
"05-09 years","Early","53","0","0"
"10-17 years","Early","219","0","0"
"18-29 years","Early","252","1","9"
"30-39 years","Early","216","1","5"
"40-49 years","Early","232","1","11"
"50-59 years","Early","210","5","17"
"60-69 years","Early","144","12","18"
"70-79 years","Early","94","17","21"
"80 & Older years","Early","46","13","16"
"<1 years","Early","4","0","0"
"Unknown years","Early","3","0","0"
"01-04 years","Echols","10","0","0"
"05-09 years","Echols","7","0","0"
"10-17 years","Echols","32","0","1"
"18-29 years","Echols","138","0","1"
"30-39 years","Echols","65","1","3"
"40-49 years","Echols","49","0","1"
"50-59 years","Echols","51","0","2"
"60-69 years","Echols","24","0","0"
"70-79 years","Echols","20","2","3"
"80 & Older years","Echols","4","1","2"
"<1 years","Echols","2","0","0"
"01-04 years","Effingham","161","0","3"
"05-09 years","Effingham","354","0","4"
"10-17 years","Effingham","866","0","2"
"18-29 years","Effingham","1166","1","11"
"30-39 years","Effingham","1160","2","31"
"40-49 years","Effingham","1027","8","58"
"50-59 years","Effingham","936","23","87"
"60-69 years","Effingham","592","21","96"
"70-79 years","Effingham","324","33","96"
"80 & Older years","Effingham","153","38","44"
"<1 years","Effingham","47","0","1"
"Unknown years","Effingham","15","0","0"
"01-04 years","Elbert","33","0","0"
"05-09 years","Elbert","56","0","0"
"10-17 years","Elbert","144","0","2"
"18-29 years","Elbert","355","1","3"
"30-39 years","Elbert","252","0","10"
"40-49 years","Elbert","276","1","12"
"50-59 years","Elbert","276","2","19"
"60-69 years","Elbert","225","7","29"
"70-79 years","Elbert","183","21","43"
"80 & Older years","Elbert","143","33","46"
"<1 years","Elbert","11","0","3"
"Unknown years","Elbert","7","0","0"
"01-04 years","Emanuel","56","0","1"
"05-09 years","Emanuel","90","0","0"
"10-17 years","Emanuel","312","0","2"
"18-29 years","Emanuel","506","1","2"
"30-39 years","Emanuel","379","0","16"
"40-49 years","Emanuel","408","2","14"
"50-59 years","Emanuel","349","7","33"
"60-69 years","Emanuel","278","14","31"
"70-79 years","Emanuel","168","17","31"
"80 & Older years","Emanuel","73","21","23"
"<1 years","Emanuel","11","0","1"
"Unknown years","Emanuel","13","0","1"
"01-04 years","Evans","25","0","0"
"05-09 years","Evans","50","0","0"
"10-17 years","Evans","117","0","2"
"18-29 years","Evans","215","1","3"
"30-39 years","Evans","192","0","4"
"40-49 years","Evans","172","3","19"
"50-59 years","Evans","165","5","21"
"60-69 years","Evans","101","7","19"
"70-79 years","Evans","64","11","23"
"80 & Older years","Evans","23","4","13"
"<1 years","Evans","6","0","0"
"Unknown years","Evans","2","0","0"
"01-04 years","Fannin","29","0","1"
"05-09 years","Fannin","71","0","0"
"10-17 years","Fannin","270","0","1"
"18-29 years","Fannin","419","0","7"
"30-39 years","Fannin","350","1","8"
"40-49 years","Fannin","394","3","15"
"50-59 years","Fannin","511","6","34"
"60-69 years","Fannin","491","15","52"
"70-79 years","Fannin","345","24","62"
"80 & Older years","Fannin","182","36","53"
"<1 years","Fannin","6","0","0"
"Unknown years","Fannin","1","0","0"
"01-04 years","Fayette","148","0","1"
"05-09 years","Fayette","331","0","3"
"10-17 years","Fayette","1037","0","8"
"18-29 years","Fayette","1662","3","20"
"30-39 years","Fayette","1154","4","25"
"40-49 years","Fayette","1494","5","60"
"50-59 years","Fayette","1518","10","110"
"60-69 years","Fayette","1081","29","101"
"70-79 years","Fayette","569","65","124"
"80 & Older years","Fayette","375","73","81"
"<1 years","Fayette","33","0","1"
"Unknown years","Fayette","11","0","1"
"01-04 years","Floyd","251","0","5"
"05-09 years","Floyd","467","0","1"
"10-17 years","Floyd","1722","0","13"
"18-29 years","Floyd","2972","3","48"
"30-39 years","Floyd","2308","6","69"
"40-49 years","Floyd","2125","11","121"
"50-59 years","Floyd","2106","38","207"
"60-69 years","Floyd","1464","50","243"
"70-79 years","Floyd","890","72","233"
"80 & Older years","Floyd","488","84","173"
"<1 years","Floyd","99","0","4"
"Unknown years","Floyd","82","0","3"
"01-04 years","Forsyth","479","0","5"
"05-09 years","Forsyth","1427","0","2"
"10-17 years","Forsyth","3832","0","9"
"18-29 years","Forsyth","4150","0","57"
"30-39 years","Forsyth","3418","1","74"
"40-49 years","Forsyth","4464","5","167"
"50-59 years","Forsyth","3834","17","216"
"60-69 years","Forsyth","1959","31","204"
"70-79 years","Forsyth","1122","73","244"
"80 & Older years","Forsyth","641","101","187"
"<1 years","Forsyth","89","0","3"
"Unknown years","Forsyth","326","0","3"
"01-04 years","Franklin","40","0","2"
"05-09 years","Franklin","88","0","0"
"10-17 years","Franklin","301","0","6"
"18-29 years","Franklin","598","1","13"
"30-39 years","Franklin","428","0","9"
"40-49 years","Franklin","449","1","19"
"50-59 years","Franklin","443","2","34"
"60-69 years","Franklin","403","8","45"
"70-79 years","Franklin","254","25","46"
"80 & Older years","Franklin","124","26","32"
"<1 years","Franklin","14","0","2"
"Unknown years","Franklin","43","0","0"
"01-04 years","Fulton","1877","0","52"
"05-09 years","Fulton","3387","0","33"
"10-17 years","Fulton","9126","1","98"
"18-29 years","Fulton","27188","6","544"
"30-39 years","Fulton","20660","35","769"
"40-49 years","Fulton","16104","53","886"
"50-59 years","Fulton","13855","151","1236"
"60-69 years","Fulton","8174","282","1149"
"70-79 years","Fulton","4230","405","991"
"80 & Older years","Fulton","2913","589","920"
"<1 years","Fulton","410","0","25"
"Unknown years","Fulton","113","0","32"
"01-04 years","Gilmer","50","0","2"
"05-09 years","Gilmer","61","0","0"
"10-17 years","Gilmer","299","0","3"
"18-29 years","Gilmer","485","0","17"
"30-39 years","Gilmer","445","2","23"
"40-49 years","Gilmer","470","1","23"
"50-59 years","Gilmer","534","14","39"
"60-69 years","Gilmer","498","16","60"
"70-79 years","Gilmer","353","35","79"
"80 & Older years","Gilmer","164","41","51"
"<1 years","Gilmer","16","0","0"
"Unknown years","Gilmer","5","0","0"
"01-04 years","Glascock","1","0","0"
"05-09 years","Glascock","5","0","0"
"10-17 years","Glascock","6","0","0"
"18-29 years","Glascock","25","0","1"
"30-39 years","Glascock","21","0","0"
"40-49 years","Glascock","29","0","1"
"50-59 years","Glascock","37","2","4"
"60-69 years","Glascock","19","0","5"
"70-79 years","Glascock","28","3","9"
"80 & Older years","Glascock","9","2","5"
"<1 years","Glascock","1","0","0"
"Unknown years","Glascock","1","0","0"
"01-04 years","Glynn","278","0","3"
"05-09 years","Glynn","565","0","1"
"10-17 years","Glynn","1388","0","3"
"18-29 years","Glynn","2336","3","32"
"30-39 years","Glynn","1974","8","42"
"40-49 years","Glynn","1628","13","58"
"50-59 years","Glynn","1466","36","108"
"60-69 years","Glynn","1194","71","162"
"70-79 years","Glynn","695","73","113"
"80 & Older years","Glynn","370","82","112"
"<1 years","Glynn","58","0","2"
"Unknown years","Glynn","252","0","0"
"01-04 years","Gordon","143","0","1"
"05-09 years","Gordon","218","1","2"
"10-17 years","Gordon","870","0","6"
"18-29 years","Gordon","1670","3","19"
"30-39 years","Gordon","1325","3","27"
"40-49 years","Gordon","1325","9","42"
"50-59 years","Gordon","1272","20","68"
"60-69 years","Gordon","830","44","71"
"70-79 years","Gordon","450","40","95"
"80 & Older years","Gordon","227","39","61"
"<1 years","Gordon","52","0","3"
"Unknown years","Gordon","67","0","1"
"01-04 years","Grady","66","0","1"
"05-09 years","Grady","108","0","0"
"10-17 years","Grady","264","0","5"
"18-29 years","Grady","364","0","13"
"30-39 years","Grady","352","0","14"
"40-49 years","Grady","337","2","31"
"50-59 years","Grady","316","10","38"
"60-69 years","Grady","227","8","32"
"70-79 years","Grady","202","24","58"
"80 & Older years","Grady","67","18","25"
"<1 years","Grady","17","0","2"
"Unknown years","Grady","6","0","0"
"01-04 years","Greene","32","0","1"
"05-09 years","Greene","71","0","0"
"10-17 years","Greene","209","0","2"
"18-29 years","Greene","361","0","9"
"30-39 years","Greene","265","0","8"
"40-49 years","Greene","251","4","19"
"50-59 years","Greene","299","7","25"
"60-69 years","Greene","299","8","27"
"70-79 years","Greene","219","13","34"
"80 & Older years","Greene","120","29","46"
"<1 years","Greene","9","0","1"
"Unknown years","Greene","2","0","0"
"01-04 years","Gwinnett","1967","0","24"
"05-09 years","Gwinnett","3516","0","28"
"10-17 years","Gwinnett","10247","2","79"
"18-29 years","Gwinnett","23333","11","585"
"30-39 years","Gwinnett","18186","29","632"
"40-49 years","Gwinnett","18840","80","901"
"50-59 years","Gwinnett","15688","136","1054"
"60-69 years","Gwinnett","8767","254","1061"
"70-79 years","Gwinnett","3933","314","852"
"80 & Older years","Gwinnett","2141","440","737"
"<1 years","Gwinnett","582","0","28"
"Unknown years","Gwinnett","111","0","2"
"01-04 years","Habersham","66","0","5"
"05-09 years","Habersham","115","0","3"
"10-17 years","Habersham","457","1","9"
"18-29 years","Habersham","1151","1","18"
"30-39 years","Habersham","887","3","35"
"40-49 years","Habersham","908","4","52"
"50-59 years","Habersham","952","9","83"
"60-69 years","Habersham","726","23","135"
"70-79 years","Habersham","504","55","129"
"80 & Older years","Habersham","330","75","100"
"<1 years","Habersham","24","0","6"
"Unknown years","Habersham","48","0","4"
"01-04 years","Hall","311","0","12"
"05-09 years","Hall","725","0","6"
"10-17 years","Hall","2908","0","35"
"18-29 years","Hall","6984","4","217"
"30-39 years","Hall","4926","4","263"
"40-49 years","Hall","4946","23","354"
"50-59 years","Hall","5012","45","517"
"60-69 years","Hall","3325","104","520"
"70-79 years","Hall","2099","146","586"
"80 & Older years","Hall","1180","226","446"
"<1 years","Hall","83","0","9"
"Unknown years","Hall","332","0","10"
"01-04 years","Hancock","10","0","0"
"05-09 years","Hancock","12","0","0"
"10-17 years","Hancock","48","0","1"
"18-29 years","Hancock","167","0","3"
"30-39 years","Hancock","141","1","4"
"40-49 years","Hancock","125","1","7"
"50-59 years","Hancock","166","5","17"
"60-69 years","Hancock","164","20","35"
"70-79 years","Hancock","89","22","28"
"80 & Older years","Hancock","68","24","25"
"<1 years","Hancock","4","0","0"
"01-04 years","Haralson","34","0","0"
"05-09 years","Haralson","63","0","0"
"10-17 years","Haralson","234","0","2"
"18-29 years","Haralson","469","0","4"
"30-39 years","Haralson","308","0","6"
"40-49 years","Haralson","344","2","8"
"50-59 years","Haralson","382","4","13"
"60-69 years","Haralson","241","13","25"
"70-79 years","Haralson","148","13","19"
"80 & Older years","Haralson","62","9","11"
"<1 years","Haralson","9","0","1"
"Unknown years","Haralson","5","0","0"
"01-04 years","Harris","44","0","0"
"05-09 years","Harris","74","0","0"
"10-17 years","Harris","285","0","2"
"18-29 years","Harris","477","0","8"
"30-39 years","Harris","372","0","13"
"40-49 years","Harris","508","3","19"
"50-59 years","Harris","517","8","37"
"60-69 years","Harris","417","16","64"
"70-79 years","Harris","253","28","58"
"80 & Older years","Harris","78","14","18"
"<1 years","Harris","7","0","0"
"Unknown years","Harris","15","0","0"
"01-04 years","Hart","31","0","0"
"05-09 years","Hart","44","0","1"
"10-17 years","Hart","176","0","0"
"18-29 years","Hart","400","0","3"
"30-39 years","Hart","349","0","12"
"40-49 years","Hart","298","1","16"
"50-59 years","Hart","360","3","27"
"60-69 years","Hart","265","15","34"
"70-79 years","Hart","174","8","31"
"80 & Older years","Hart","95","16","31"
"<1 years","Hart","12","0","1"
"Unknown years","Hart","17","0","0"
"01-04 years","Heard","13","0","0"
"05-09 years","Heard","42","0","0"
"10-17 years","Heard","122","0","1"
"18-29 years","Heard","172","0","1"
"30-39 years","Heard","122","0","1"
"40-49 years","Heard","166","1","13"
"50-59 years","Heard","160","2","7"
"60-69 years","Heard","120","5","15"
"70-79 years","Heard","66","8","17"
"80 & Older years","Heard","29","7","4"
"<1 years","Heard","7","0","0"
"01-04 years","Henry","484","0","11"
"05-09 years","Henry","956","0","6"
"10-17 years","Henry","2907","0","34"
"18-29 years","Henry","5331","2","73"
"30-39 years","Henry","4645","10","117"
"40-49 years","Henry","4831","28","183"
"50-59 years","Henry","4452","42","217"
"60-69 years","Henry","2475","98","200"
"70-79 years","Henry","1215","112","145"
"80 & Older years","Henry","601","121","90"
"<1 years","Henry","109","0","6"
"Unknown years","Henry","49","0","3"
"01-04 years","Houston","265","0","5"
"05-09 years","Houston","560","0","1"
"10-17 years","Houston","1724","0","9"
"18-29 years","Houston","3134","7","62"
"30-39 years","Houston","2858","7","92"
"40-49 years","Houston","2493","15","138"
"50-59 years","Houston","2037","25","176"
"60-69 years","Houston","1342","59","221"
"70-79 years","Houston","707","74","199"
"80 & Older years","Houston","373","68","124"
"<1 years","Houston","51","0","5"
"Unknown years","Houston","15","0","0"
"01-04 years","Irwin","7","0","0"
"05-09 years","Irwin","15","0","0"
"10-17 years","Irwin","65","0","0"
"18-29 years","Irwin","175","0","6"
"30-39 years","Irwin","146","0","7"
"40-49 years","Irwin","158","1","10"
"50-59 years","Irwin","129","3","12"
"60-69 years","Irwin","97","1","22"
"70-79 years","Irwin","55","6","9"
"80 & Older years","Irwin","39","8","23"
"Unknown years","Irwin","2","0","0"
"01-04 years","Jackson","137","0","1"
"05-09 years","Jackson","334","0","3"
"10-17 years","Jackson","1457","1","13"
"18-29 years","Jackson","2042","2","37"
"30-39 years","Jackson","2032","4","58"
"40-49 years","Jackson","2036","9","92"
"50-59 years","Jackson","1853","15","138"
"60-69 years","Jackson","1236","35","126"
"70-79 years","Jackson","802","46","149"
"80 & Older years","Jackson","389","64","124"
"<1 years","Jackson","39","0","3"
"Unknown years","Jackson","18","0","1"
"01-04 years","Jasper","16","0","0"
"05-09 years","Jasper","23","0","0"
"10-17 years","Jasper","75","0","1"
"18-29 years","Jasper","173","0","8"
"30-39 years","Jasper","148","2","7"
"40-49 years","Jasper","150","1","8"
"50-59 years","Jasper","167","3","16"
"60-69 years","Jasper","127","12","27"
"70-79 years","Jasper","69","7","15"
"80 & Older years","Jasper","28","5","8"
"<1 years","Jasper","8","0","2"
"Unknown years","Jasper","2","0","0"
"01-04 years","Jeff Davis","44","0","0"
"05-09 years","Jeff Davis","90","0","0"
"10-17 years","Jeff Davis","186","0","2"
"18-29 years","Jeff Davis","362","0","6"
"30-39 years","Jeff Davis","291","0","9"
"40-49 years","Jeff Davis","281","0","17"
"50-59 years","Jeff Davis","245","9","24"
"60-69 years","Jeff Davis","152","9","25"
"70-79 years","Jeff Davis","109","15","23"
"80 & Older years","Jeff Davis","24","9","7"
"<1 years","Jeff Davis","10","0","1"
"Unknown years","Jeff Davis","1","0","0"
"01-04 years","Jefferson","27","0","2"
"05-09 years","Jefferson","45","0","0"
"10-17 years","Jefferson","134","0","2"
"18-29 years","Jefferson","293","0","3"
"30-39 years","Jefferson","248","0","10"
"40-49 years","Jefferson","249","4","20"
"50-59 years","Jefferson","299","6","27"
"60-69 years","Jefferson","272","13","40"
"70-79 years","Jefferson","170","19","44"
"80 & Older years","Jefferson","72","22","32"
"<1 years","Jefferson","6","0","1"
"Unknown years","Jefferson","9","0","0"
"01-04 years","Jenkins","22","0","0"
"05-09 years","Jenkins","29","0","0"
"10-17 years","Jenkins","82","0","1"
"18-29 years","Jenkins","149","0","2"
"30-39 years","Jenkins","102","2","6"
"40-49 years","Jenkins","139","3","14"
"50-59 years","Jenkins","155","7","26"
"60-69 years","Jenkins","96","7","13"
"70-79 years","Jenkins","63","13","21"
"80 & Older years","Jenkins","52","10","11"
"<1 years","Jenkins","3","0","0"
"Unknown years","Jenkins","1","0","0"
"01-04 years","Johnson","12","0","1"
"05-09 years","Johnson","20","0","0"
"10-17 years","Johnson","62","0","1"
"18-29 years","Johnson","164","0","5"
"30-39 years","Johnson","135","0","5"
"40-49 years","Johnson","130","3","6"
"50-59 years","Johnson","156","6","17"
"60-69 years","Johnson","145","9","23"
"70-79 years","Johnson","99","10","25"
"80 & Older years","Johnson","72","19","22"
"<1 years","Johnson","9","0","2"
"01-04 years","Jones","28","0","1"
"05-09 years","Jones","65","0","0"
"10-17 years","Jones","186","0","1"
"18-29 years","Jones","485","2","10"
"30-39 years","Jones","422","1","13"
"40-49 years","Jones","380","4","21"
"50-59 years","Jones","382","5","38"
"60-69 years","Jones","278","12","50"
"70-79 years","Jones","179","28","57"
"80 & Older years","Jones","96","23","28"
"<1 years","Jones","7","0","0"
"Unknown years","Jones","2","0","0"
"01-04 years","Lamar","60","0","0"
"05-09 years","Lamar","106","0","0"
"10-17 years","Lamar","286","0","4"
"18-29 years","Lamar","367","0","8"
"30-39 years","Lamar","310","2","14"
"40-49 years","Lamar","282","5","16"
"50-59 years","Lamar","272","7","36"
"60-69 years","Lamar","261","15","33"
"70-79 years","Lamar","164","17","31"
"80 & Older years","Lamar","78","23","21"
"<1 years","Lamar","39","0","1"
"Unknown years","Lamar","1","0","0"
"01-04 years","Lanier","15","0","0"
"05-09 years","Lanier","23","0","1"
"10-17 years","Lanier","82","0","1"
"18-29 years","Lanier","150","1","2"
"30-39 years","Lanier","171","0","2"
"40-49 years","Lanier","105","1","3"
"50-59 years","Lanier","90","1","7"
"60-69 years","Lanier","56","3","3"
"70-79 years","Lanier","39","4","6"
"80 & Older years","Lanier","17","0","6"
"<1 years","Lanier","5","0","0"
"Unknown years","Lanier","1","0","0"
"01-04 years","Laurens","99","0","1"
"05-09 years","Laurens","161","0","2"
"10-17 years","Laurens","559","0","5"
"18-29 years","Laurens","1086","0","11"
"30-39 years","Laurens","856","2","22"
"40-49 years","Laurens","836","8","35"
"50-59 years","Laurens","770","22","69"
"60-69 years","Laurens","610","40","92"
"70-79 years","Laurens","388","56","95"
"80 & Older years","Laurens","249","54","68"
"<1 years","Laurens","29","0","4"
"Unknown years","Laurens","6","0","0"
"01-04 years","Lee","52","0","0"
"05-09 years","Lee","85","0","3"
"10-17 years","Lee","258","0","4"
"18-29 years","Lee","399","1","20"
"30-39 years","Lee","468","1","25"
"40-49 years","Lee","444","7","42"
"50-59 years","Lee","375","14","66"
"60-69 years","Lee","253","18","54"
"70-79 years","Lee","113","15","39"
"80 & Older years","Lee","70","12","28"
"<1 years","Lee","13","0","0"
"Unknown years","Lee","4","0","0"
"01-04 years","Liberty","218","0","2"
"05-09 years","Liberty","345","0","1"
"10-17 years","Liberty","744","0","3"
"18-29 years","Liberty","1804","1","22"
"30-39 years","Liberty","1090","2","36"
"40-49 years","Liberty","707","4","25"
"50-59 years","Liberty","628","17","64"
"60-69 years","Liberty","394","20","66"
"70-79 years","Liberty","174","18","62"
"80 & Older years","Liberty","74","19","27"
"<1 years","Liberty","63","0","1"
"Unknown years","Liberty","24","0","0"
"01-04 years","Lincoln","15","0","0"
"05-09 years","Lincoln","20","0","0"
"10-17 years","Lincoln","48","0","0"
"18-29 years","Lincoln","118","0","4"
"30-39 years","Lincoln","96","0","3"
"40-49 years","Lincoln","100","1","9"
"50-59 years","Lincoln","88","3","5"
"60-69 years","Lincoln","88","7","18"
"70-79 years","Lincoln","58","9","15"
"80 & Older years","Lincoln","22","7","10"
"<1 years","Lincoln","4","0","0"
"Unknown years","Lincoln","5","0","0"
"01-04 years","Long","44","0","0"
"05-09 years","Long","72","0","0"
"10-17 years","Long","180","0","0"
"18-29 years","Long","254","0","0"
"30-39 years","Long","242","2","6"
"40-49 years","Long","195","2","10"
"50-59 years","Long","124","2","13"
"60-69 years","Long","98","3","16"
"70-79 years","Long","51","6","15"
"80 & Older years","Long","22","2","10"
"<1 years","Long","13","0","0"
"Unknown years","Long","2","0","0"
"01-04 years","Lowndes","244","0","0"
"05-09 years","Lowndes","344","0","1"
"10-17 years","Lowndes","940","0","10"
"18-29 years","Lowndes","3166","5","35"
"30-39 years","Lowndes","1825","6","34"
"40-49 years","Lowndes","1419","11","56"
"50-59 years","Lowndes","1185","18","80"
"60-69 years","Lowndes","796","40","101"
"70-79 years","Lowndes","461","53","86"
"80 & Older years","Lowndes","266","64","71"
"<1 years","Lowndes","78","0","1"
"Unknown years","Lowndes","18","0","0"
"01-04 years","Lumpkin","31","0","1"
"05-09 years","Lumpkin","107","0","4"
"10-17 years","Lumpkin","308","0","3"
"18-29 years","Lumpkin","1086","0","18"
"30-39 years","Lumpkin","571","1","16"
"40-49 years","Lumpkin","536","1","30"
"50-59 years","Lumpkin","599","8","67"
"60-69 years","Lumpkin","530","13","79"
"70-79 years","Lumpkin","354","19","90"
"80 & Older years","Lumpkin","178","37","83"
"<1 years","Lumpkin","16","0","1"
"Unknown years","Lumpkin","31","0","2"
"01-04 years","Macon","15","0","0"
"05-09 years","Macon","20","0","0"
"10-17 years","Macon","38","0","0"
"18-29 years","Macon","151","0","4"
"30-39 years","Macon","119","0","4"
"40-49 years","Macon","141","3","9"
"50-59 years","Macon","152","5","20"
"60-69 years","Macon","93","9","28"
"70-79 years","Macon","63","7","21"
"80 & Older years","Macon","24","10","10"
"<1 years","Macon","4","0","0"
"Unknown years","Macon","5","0","1"
"01-04 years","Madison","81","0","2"
"05-09 years","Madison","123","0","0"
"10-17 years","Madison","412","0","1"
"18-29 years","Madison","771","0","15"
"30-39 years","Madison","618","1","15"
"40-49 years","Madison","600","1","28"
"50-59 years","Madison","599","7","40"
"60-69 years","Madison","458","10","52"
"70-79 years","Madison","275","20","59"
"80 & Older years","Madison","100","16","21"
"<1 years","Madison","31","0","6"
"Unknown years","Madison","5","0","0"
"01-04 years","Marion","10","0","0"
"05-09 years","Marion","25","0","1"
"10-17 years","Marion","78","0","0"
"18-29 years","Marion","107","0","2"
"30-39 years","Marion","79","0","3"
"40-49 years","Marion","96","2","7"
"50-59 years","Marion","90","6","8"
"60-69 years","Marion","71","8","10"
"70-79 years","Marion","40","6","11"
"80 & Older years","Marion","36","9","12"
"<1 years","Marion","5","0","0"
"Unknown years","Marion","7","0","0"
"01-04 years","McDuffie","37","0","0"
"05-09 years","McDuffie","50","0","0"
"10-17 years","McDuffie","190","0","0"
"18-29 years","McDuffie","444","0","8"
"30-39 years","McDuffie","340","2","7"
"40-49 years","McDuffie","329","2","21"
"50-59 years","McDuffie","315","11","39"
"60-69 years","McDuffie","245","12","42"
"70-79 years","McDuffie","142","13","54"
"80 & Older years","McDuffie","68","15","30"
"<1 years","McDuffie","4","0","0"
"Unknown years","McDuffie","19","0","0"
"01-04 years","McIntosh","19","0","0"
"05-09 years","McIntosh","50","0","0"
"10-17 years","McIntosh","186","0","0"
"18-29 years","McIntosh","214","0","4"
"30-39 years","McIntosh","186","0","3"
"40-49 years","McIntosh","193","0","4"
"50-59 years","McIntosh","217","2","9"
"60-69 years","McIntosh","168","5","25"
"70-79 years","McIntosh","99","9","22"
"80 & Older years","McIntosh","36","9","12"
"<1 years","McIntosh","2","0","0"
"Unknown years","McIntosh","8","0","0"
"01-04 years","Meriwether","51","0","2"
"05-09 years","Meriwether","59","0","1"
"10-17 years","Meriwether","157","0","2"
"18-29 years","Meriwether","331","0","12"
"30-39 years","Meriwether","262","2","17"
"40-49 years","Meriwether","314","4","25"
"50-59 years","Meriwether","324","8","33"
"60-69 years","Meriwether","286","14","42"
"70-79 years","Meriwether","223","27","46"
"80 & Older years","Meriwether","113","31","25"
"<1 years","Meriwether","14","0","2"
"Unknown years","Meriwether","2","0","0"
"01-04 years","Miller","17","0","0"
"05-09 years","Miller","32","0","0"
"10-17 years","Miller","126","0","1"
"18-29 years","Miller","163","0","1"
"30-39 years","Miller","141","0","0"
"40-49 years","Miller","116","1","7"
"50-59 years","Miller","167","3","16"
"60-69 years","Miller","119","4","13"
"70-79 years","Miller","43","3","4"
"80 & Older years","Miller","31","2","6"
"<1 years","Miller","5","0","0"
"01-04 years","Mitchell","42","0","1"
"05-09 years","Mitchell","65","0","0"
"10-17 years","Mitchell","173","0","4"
"18-29 years","Mitchell","375","1","14"
"30-39 years","Mitchell","326","1","16"
"40-49 years","Mitchell","297","7","25"
"50-59 years","Mitchell","319","12","60"
"60-69 years","Mitchell","259","18","60"
"70-79 years","Mitchell","157","22","55"
"80 & Older years","Mitchell","99","27","34"
"<1 years","Mitchell","15","0","1"
"Unknown years","Mitchell","1","0","0"
"01-04 years","Monroe","21","0","2"
"05-09 years","Monroe","56","0","1"
"10-17 years","Monroe","185","0","0"
"18-29 years","Monroe","465","2","8"
"30-39 years","Monroe","382","0","10"
"40-49 years","Monroe","414","6","24"
"50-59 years","Monroe","444","6","29"
"60-69 years","Monroe","377","28","64"
"70-79 years","Monroe","208","28","52"
"80 & Older years","Monroe","131","44","42"
"<1 years","Monroe","5","0","1"
"01-04 years","Montgomery","15","0","0"
"05-09 years","Montgomery","20","0","0"
"10-17 years","Montgomery","101","0","1"
"18-29 years","Montgomery","228","0","2"
"30-39 years","Montgomery","170","2","6"
"40-49 years","Montgomery","169","0","3"
"50-59 years","Montgomery","162","4","10"
"60-69 years","Montgomery","132","7","13"
"70-79 years","Montgomery","71","9","13"
"80 & Older years","Montgomery","37","10","7"
"<1 years","Montgomery","1","0","0"
"Unknown years","Montgomery","1","0","0"
"01-04 years","Morgan","38","0","0"
"05-09 years","Morgan","68","0","1"
"10-17 years","Morgan","163","0","1"
"18-29 years","Morgan","310","0","6"
"30-39 years","Morgan","264","0","11"
"40-49 years","Morgan","252","1","9"
"50-59 years","Morgan","265","5","20"
"60-69 years","Morgan","195","7","24"
"70-79 years","Morgan","137","4","22"
"80 & Older years","Morgan","69","13","23"
"<1 years","Morgan","25","0","1"
"Unknown years","Morgan","1","0","0"
"01-04 years","Murray","121","0","2"
"05-09 years","Murray","172","0","3"
"10-17 years","Murray","637","0","2"
"18-29 years","Murray","1224","0","14"
"30-39 years","Murray","880","2","12"
"40-49 years","Murray","985","7","31"
"50-59 years","Murray","844","14","66"
"60-69 years","Murray","570","20","88"
"70-79 years","Murray","344","44","74"
"80 & Older years","Murray","129","26","33"
"<1 years","Murray","36","0","2"
"Unknown years","Murray","1","0","0"
"01-04 years","Muscogee","423","0","8"
"05-09 years","Muscogee","723","0","0"
"10-17 years","Muscogee","1832","0","18"
"18-29 years","Muscogee","4568","7","106"
"30-39 years","Muscogee","3418","5","144"
"40-49 years","Muscogee","2720","13","171"
"50-59 years","Muscogee","2615","62","294"
"60-69 years","Muscogee","2012","113","365"
"70-79 years","Muscogee","1075","122","273"
"80 & Older years","Muscogee","646","177","229"
"<1 years","Muscogee","123","0","7"
"Unknown years","Muscogee","53","0","0"
"01-04 years","Newton","155","0","4"
"05-09 years","Newton","354","0","2"
"10-17 years","Newton","970","0","29"
"18-29 years","Newton","1998","1","96"
"30-39 years","Newton","1734","3","111"
"40-49 years","Newton","1863","17","161"
"50-59 years","Newton","1683","42","196"
"60-69 years","Newton","965","53","166"
"70-79 years","Newton","615","79","159"
"80 & Older years","Newton","356","92","111"
"<1 years","Newton","61","0","8"
"Unknown years","Newton","6","0","1"
"01-04 years","Non-GA Resident/Unknown State","461","0","10"
"05-09 years","Non-GA Resident/Unknown State","740","0","7"
"10-17 years","Non-GA Resident/Unknown State","1994","0","13"
"18-29 years","Non-GA Resident/Unknown State","7463","8","115"
"30-39 years","Non-GA Resident/Unknown State","5547","10","155"
"40-49 years","Non-GA Resident/Unknown State","4630","28","207"
"50-59 years","Non-GA Resident/Unknown State","4396","82","327"
"60-69 years","Non-GA Resident/Unknown State","3191","161","402"
"70-79 years","Non-GA Resident/Unknown State","2031","174","398"
"80 & Older years","Non-GA Resident/Unknown State","1117","173","274"
"<1 years","Non-GA Resident/Unknown State","227","0","4"
"Unknown years","Non-GA Resident/Unknown State","907","0","12"
"01-04 years","Oconee","64","0","0"
"05-09 years","Oconee","152","0","0"
"10-17 years","Oconee","518","0","1"
"18-29 years","Oconee","747","0","10"
"30-39 years","Oconee","511","1","8"
"40-49 years","Oconee","794","1","22"
"50-59 years","Oconee","632","5","16"
"60-69 years","Oconee","408","12","43"
"70-79 years","Oconee","230","18","31"
"80 & Older years","Oconee","157","33","47"
"<1 years","Oconee","15","0","0"
"Unknown years","Oconee","4","0","0"
"01-04 years","Oglethorpe","27","0","0"
"05-09 years","Oglethorpe","56","0","0"
"10-17 years","Oglethorpe","160","0","2"
"18-29 years","Oglethorpe","290","0","6"
"30-39 years","Oglethorpe","204","2","5"
"40-49 years","Oglethorpe","241","2","14"
"50-59 years","Oglethorpe","236","1","26"
"60-69 years","Oglethorpe","194","1","18"
"70-79 years","Oglethorpe","135","15","21"
"80 & Older years","Oglethorpe","76","16","21"
"<1 years","Oglethorpe","11","0","0"
"Unknown years","Oglethorpe","1","0","0"
"01-04 years","Paulding","268","0","3"
"05-09 years","Paulding","620","0","0"
"10-17 years","Paulding","1811","0","10"
"18-29 years","Paulding","2844","1","38"
"30-39 years","Paulding","2603","4","42"
"40-49 years","Paulding","2716","11","67"
"50-59 years","Paulding","2408","30","105"
"60-69 years","Paulding","1268","52","104"
"70-79 years","Paulding","681","48","93"
"80 & Older years","Paulding","389","78","80"
"<1 years","Paulding","68","0","0"
"Unknown years","Paulding","40","0","1"
"01-04 years","Peach","32","0","2"
"05-09 years","Peach","49","0","0"
"10-17 years","Peach","165","0","2"
"18-29 years","Peach","566","2","14"
"30-39 years","Peach","458","1","20"
"40-49 years","Peach","369","6","29"
"50-59 years","Peach","378","11","55"
"60-69 years","Peach","326","18","69"
"70-79 years","Peach","172","22","53"
"80 & Older years","Peach","81","17","37"
"<1 years","Peach","4","0","0"
"Unknown years","Peach","2","0","0"
"01-04 years","Pickens","35","0","2"
"05-09 years","Pickens","75","0","1"
"10-17 years","Pickens","257","0","2"
"18-29 years","Pickens","570","0","8"
"30-39 years","Pickens","465","1","18"
"40-49 years","Pickens","524","1","26"
"50-59 years","Pickens","598","8","42"
"60-69 years","Pickens","467","14","67"
"70-79 years","Pickens","330","27","81"
"80 & Older years","Pickens","141","30","46"
"<1 years","Pickens","5","0","1"
"Unknown years","Pickens","1","0","0"
"01-04 years","Pierce","51","0","0"
"05-09 years","Pierce","71","0","0"
"10-17 years","Pierce","209","1","1"
"18-29 years","Pierce","381","0","7"
"30-39 years","Pierce","289","1","11"
"40-49 years","Pierce","339","5","25"
"50-59 years","Pierce","313","13","38"
"60-69 years","Pierce","227","15","55"
"70-79 years","Pierce","164","23","55"
"80 & Older years","Pierce","62","16","21"
"<1 years","Pierce","19","0","1"
"Unknown years","Pierce","35","0","0"
"01-04 years","Pike","54","0","0"
"05-09 years","Pike","86","0","0"
"10-17 years","Pike","230","0","1"
"18-29 years","Pike","256","2","9"
"30-39 years","Pike","279","1","4"
"40-49 years","Pike","312","2","14"
"50-59 years","Pike","256","8","18"
"60-69 years","Pike","180","11","29"
"70-79 years","Pike","109","9","26"
"80 & Older years","Pike","42","11","10"
"<1 years","Pike","17","0","0"
"Unknown years","Pike","1","0","0"
"01-04 years","Polk","90","0","2"
"05-09 years","Polk","176","0","3"
"10-17 years","Polk","649","0","5"
"18-29 years","Polk","1267","0","21"
"30-39 years","Polk","953","1","30"
"40-49 years","Polk","903","6","55"
"50-59 years","Polk","886","18","104"
"60-69 years","Polk","577","28","101"
"70-79 years","Polk","417","37","120"
"80 & Older years","Polk","177","31","59"
"<1 years","Polk","50","0","2"
"Unknown years","Polk","26","0","0"
"01-04 years","Pulaski","14","0","0"
"05-09 years","Pulaski","28","0","0"
"10-17 years","Pulaski","90","0","1"
"18-29 years","Pulaski","146","0","2"
"30-39 years","Pulaski","131","0","2"
"40-49 years","Pulaski","120","0","10"
"50-59 years","Pulaski","127","1","8"
"60-69 years","Pulaski","109","9","15"
"70-79 years","Pulaski","49","13","16"
"80 & Older years","Pulaski","41","12","6"
"<1 years","Pulaski","3","0","0"
"01-04 years","Putnam","42","0","0"
"05-09 years","Putnam","71","0","1"
"10-17 years","Putnam","221","0","2"
"18-29 years","Putnam","417","0","5"
"30-39 years","Putnam","372","0","11"
"40-49 years","Putnam","308","2","16"
"50-59 years","Putnam","403","2","30"
"60-69 years","Putnam","343","19","43"
"70-79 years","Putnam","253","25","64"
"80 & Older years","Putnam","107","24","40"
"<1 years","Putnam","7","0","1"
"01-04 years","Quitman","2","0","0"
"05-09 years","Quitman","5","0","0"
"10-17 years","Quitman","13","0","0"
"18-29 years","Quitman","16","0","1"
"30-39 years","Quitman","13","0","1"
"40-49 years","Quitman","6","0","1"
"50-59 years","Quitman","18","0","2"
"60-69 years","Quitman","29","1","6"
"70-79 years","Quitman","6","1","1"
"80 & Older years","Quitman","9","1","2"
"<1 years","Quitman","2","0","0"
"01-04 years","Rabun","24","0","0"
"05-09 years","Rabun","53","0","0"
"10-17 years","Rabun","194","0","1"
"18-29 years","Rabun","295","0","7"
"30-39 years","Rabun","257","1","15"
"40-49 years","Rabun","263","1","14"
"50-59 years","Rabun","303","3","32"
"60-69 years","Rabun","299","11","38"
"70-79 years","Rabun","221","13","44"
"80 & Older years","Rabun","98","19","35"
"<1 years","Rabun","7","0","1"
"Unknown years","Rabun","12","0","0"
"01-04 years","Randolph","4","0","0"
"05-09 years","Randolph","9","0","0"
"10-17 years","Randolph","23","0","3"
"18-29 years","Randolph","83","0","3"
"30-39 years","Randolph","87","2","8"
"40-49 years","Randolph","74","0","8"
"50-59 years","Randolph","109","6","22"
"60-69 years","Randolph","83","9","19"
"70-79 years","Randolph","54","5","18"
"80 & Older years","Randolph","49","15","16"
"<1 years","Randolph","1","0","0"
"Unknown years","Randolph","3","0","0"
"01-04 years","Richmond","471","0","2"
"05-09 years","Richmond","960","0","5"
"10-17 years","Richmond","2401","0","21"
"18-29 years","Richmond","6058","12","84"
"30-39 years","Richmond","4584","9","118"
"40-49 years","Richmond","3477","24","153"
"50-59 years","Richmond","3247","50","268"
"60-69 years","Richmond","2450","105","341"
"70-79 years","Richmond","1289","133","353"
"80 & Older years","Richmond","761","172","299"
"<1 years","Richmond","128","0","5"
"Unknown years","Richmond","34","0","1"
"01-04 years","Rockdale","133","0","10"
"05-09 years","Rockdale","276","0","7"
"10-17 years","Rockdale","739","0","28"
"18-29 years","Rockdale","1677","2","117"
"30-39 years","Rockdale","1414","4","158"
"40-49 years","Rockdale","1454","9","170"
"50-59 years","Rockdale","1374","20","249"
"60-69 years","Rockdale","838","40","217"
"70-79 years","Rockdale","467","60","188"
"80 & Older years","Rockdale","257","60","132"
"<1 years","Rockdale","29","0","2"
"Unknown years","Rockdale","8","0","0"
"01-04 years","Schley","9","0","0"
"05-09 years","Schley","9","0","0"
"10-17 years","Schley","34","0","0"
"18-29 years","Schley","61","0","2"
"30-39 years","Schley","35","0","0"
"40-49 years","Schley","52","0","5"
"50-59 years","Schley","46","1","7"
"60-69 years","Schley","31","1","7"
"70-79 years","Schley","15","3","4"
"80 & Older years","Schley","8","2","2"
"<1 years","Schley","1","0","0"
"Unknown years","Schley","6","0","0"
"01-04 years","Screven","26","0","1"
"05-09 years","Screven","40","0","0"
"10-17 years","Screven","166","0","1"
"18-29 years","Screven","217","0","4"
"30-39 years","Screven","204","0","6"
"40-49 years","Screven","180","3","11"
"50-59 years","Screven","167","5","18"
"60-69 years","Screven","174","4","18"
"70-79 years","Screven","100","8","21"
"80 & Older years","Screven","45","8","13"
"<1 years","Screven","8","0","0"
"Unknown years","Screven","4","0","0"
"01-04 years","Seminole","22","0","0"
"05-09 years","Seminole","46","0","0"
"10-17 years","Seminole","138","0","0"
"18-29 years","Seminole","191","0","2"
"30-39 years","Seminole","154","0","3"
"40-49 years","Seminole","157","0","10"
"50-59 years","Seminole","167","3","7"
"60-69 years","Seminole","173","6","32"
"70-79 years","Seminole","92","6","18"
"80 & Older years","Seminole","44","7","17"
"<1 years","Seminole","4","0","0"
"Unknown years","Seminole","1","0","0"
"01-04 years","Spalding","146","0","4"
"05-09 years","Spalding","201","0","1"
"10-17 years","Spalding","486","0","6"
"18-29 years","Spalding","1182","1","39"
"30-39 years","Spalding","1018","4","45"
"40-49 years","Spalding","975","10","72"
"50-59 years","Spalding","966","26","113"
"60-69 years","Spalding","717","50","124"
"70-79 years","Spalding","489","60","112"
"80 & Older years","Spalding","291","62","80"
"<1 years","Spalding","39","0","1"
"Unknown years","Spalding","31","0","2"
"01-04 years","Stephens","41","0","2"
"05-09 years","Stephens","101","0","1"
"10-17 years","Stephens","412","0","4"
"18-29 years","Stephens","785","1","22"
"30-39 years","Stephens","519","0","9"
"40-49 years","Stephens","613","1","27"
"50-59 years","Stephens","651","8","50"
"60-69 years","Stephens","593","28","80"
"70-79 years","Stephens","397","25","82"
"80 & Older years","Stephens","195","30","45"
"<1 years","Stephens","8","0","0"
"Unknown years","Stephens","16","0","0"
"01-04 years","Stewart","6","0","1"
"05-09 years","Stewart","5","0","0"
"10-17 years","Stewart","25","0","0"
"18-29 years","Stewart","398","0","22"
"30-39 years","Stewart","376","1","27"
"40-49 years","Stewart","229","2","23"
"50-59 years","Stewart","117","2","17"
"60-69 years","Stewart","78","14","29"
"70-79 years","Stewart","28","4","6"
"80 & Older years","Stewart","22","5","7"
"<1 years","Stewart","3","0","0"
"Unknown years","Stewart","19","0","4"
"01-04 years","Sumter","58","0","1"
"05-09 years","Sumter","98","0","0"
"10-17 years","Sumter","197","0","6"
"18-29 years","Sumter","501","1","13"
"30-39 years","Sumter","379","1","32"
"40-49 years","Sumter","368","6","33"
"50-59 years","Sumter","397","6","49"
"60-69 years","Sumter","316","30","80"
"70-79 years","Sumter","205","31","61"
"80 & Older years","Sumter","135","35","54"
"<1 years","Sumter","29","0","2"
"Unknown years","Sumter","11","0","0"
"01-04 years","Talbot","16","0","1"
"05-09 years","Talbot","21","0","0"
"10-17 years","Talbot","53","0","0"
"18-29 years","Talbot","89","0","4"
"30-39 years","Talbot","53","0","3"
"40-49 years","Talbot","85","1","4"
"50-59 years","Talbot","97","5","10"
"60-69 years","Talbot","80","7","20"
"70-79 years","Talbot","46","6","8"
"80 & Older years","Talbot","23","4","9"
"<1 years","Talbot","1","0","0"
"Unknown years","Talbot","3","0","0"
"01-04 years","Taliaferro","2","0","0"
"05-09 years","Taliaferro","1","0","0"
"10-17 years","Taliaferro","11","0","0"
"18-29 years","Taliaferro","20","0","0"
"30-39 years","Taliaferro","19","0","0"
"40-49 years","Taliaferro","23","0","2"
"50-59 years","Taliaferro","12","0","0"
"60-69 years","Taliaferro","24","1","3"
"70-79 years","Taliaferro","10","1","3"
"80 & Older years","Taliaferro","4","1","2"
"01-04 years","Tattnall","61","0","1"
"05-09 years","Tattnall","86","0","1"
"10-17 years","Tattnall","282","0","2"
"18-29 years","Tattnall","475","1","3"
"30-39 years","Tattnall","437","2","9"
"40-49 years","Tattnall","416","0","10"
"50-59 years","Tattnall","428","12","27"
"60-69 years","Tattnall","302","21","40"
"70-79 years","Tattnall","159","28","44"
"80 & Older years","Tattnall","59","6","9"
"<1 years","Tattnall","17","0","0"
"Unknown years","Tattnall","8","0","0"
"01-04 years","Taylor","21","0","1"
"05-09 years","Taylor","23","0","0"
"10-17 years","Taylor","77","0","1"
"18-29 years","Taylor","126","1","5"
"30-39 years","Taylor","84","0","4"
"40-49 years","Taylor","125","1","12"
"50-59 years","Taylor","99","3","18"
"60-69 years","Taylor","87","7","21"
"70-79 years","Taylor","43","8","15"
"80 & Older years","Taylor","28","9","9"
"<1 years","Taylor","5","0","0"
"Unknown years","Taylor","12","0","0"
"01-04 years","Telfair","15","0","0"
"05-09 years","Telfair","25","0","0"
"10-17 years","Telfair","52","0","1"
"18-29 years","Telfair","187","0","4"
"30-39 years","Telfair","133","1","4"
"40-49 years","Telfair","140","2","8"
"50-59 years","Telfair","136","5","13"
"60-69 years","Telfair","119","11","20"
"70-79 years","Telfair","76","14","20"
"80 & Older years","Telfair","47","17","13"
"<1 years","Telfair","7","0","0"
"Unknown years","Telfair","3","0","0"
"01-04 years","Terrell","15","0","0"
"05-09 years","Terrell","23","0","0"
"10-17 years","Terrell","77","0","1"
"18-29 years","Terrell","112","0","6"
"30-39 years","Terrell","105","0","13"
"40-49 years","Terrell","90","0","12"
"50-59 years","Terrell","132","6","25"
"60-69 years","Terrell","113","14","42"
"70-79 years","Terrell","71","19","29"
"80 & Older years","Terrell","45","16","17"
"<1 years","Terrell","4","0","0"
"01-04 years","Thomas","160","1","2"
"05-09 years","Thomas","299","0","0"
"10-17 years","Thomas","774","0","3"
"18-29 years","Thomas","1005","2","34"
"30-39 years","Thomas","818","5","30"
"40-49 years","Thomas","809","10","49"
"50-59 years","Thomas","828","20","75"
"60-69 years","Thomas","625","22","120"
"70-79 years","Thomas","359","42","100"
"80 & Older years","Thomas","215","51","69"
"<1 years","Thomas","48","0","2"
"Unknown years","Thomas","7","0","0"
"01-04 years","Tift","101","0","6"
"05-09 years","Tift","157","0","4"
"10-17 years","Tift","417","0","10"
"18-29 years","Tift","1038","0","28"
"30-39 years","Tift","770","1","34"
"40-49 years","Tift","717","8","68"
"50-59 years","Tift","600","16","83"
"60-69 years","Tift","467","22","85"
"70-79 years","Tift","296","35","96"
"80 & Older years","Tift","171","39","66"
"<1 years","Tift","32","0","1"
"Unknown years","Tift","8","0","0"
"01-04 years","Toombs","50","0","0"
"05-09 years","Toombs","118","0","0"
"10-17 years","Toombs","344","0","2"
"18-29 years","Toombs","857","1","10"
"30-39 years","Toombs","654","1","10"
"40-49 years","Toombs","621","7","32"
"50-59 years","Toombs","610","11","37"
"60-69 years","Toombs","533","29","66"
"70-79 years","Toombs","334","43","55"
"80 & Older years","Toombs","186","46","39"
"<1 years","Toombs","21","0","0"
"Unknown years","Toombs","8","0","0"
"01-04 years","Towns","8","0","0"
"05-09 years","Towns","16","0","1"
"10-17 years","Towns","70","0","1"
"18-29 years","Towns","193","0","4"
"30-39 years","Towns","131","1","5"
"40-49 years","Towns","158","2","6"
"50-59 years","Towns","247","5","25"
"60-69 years","Towns","301","7","25"
"70-79 years","Towns","225","12","46"
"80 & Older years","Towns","158","35","63"
"<1 years","Towns","2","0","0"
"Unknown years","Towns","4","0","0"
"01-04 years","Treutlen","13","0","0"
"05-09 years","Treutlen","25","0","1"
"10-17 years","Treutlen","72","0","1"
"18-29 years","Treutlen","151","0","2"
"30-39 years","Treutlen","139","0","5"
"40-49 years","Treutlen","137","3","5"
"50-59 years","Treutlen","136","2","10"
"60-69 years","Treutlen","87","6","15"
"70-79 years","Treutlen","68","16","12"
"80 & Older years","Treutlen","39","11","10"
"<1 years","Treutlen","1","0","0"
"01-04 years","Troup","230","0","3"
"05-09 years","Troup","353","0","1"
"10-17 years","Troup","881","0","10"
"18-29 years","Troup","1702","2","36"
"30-39 years","Troup","1314","7","55"
"40-49 years","Troup","1130","10","67"
"50-59 years","Troup","1112","26","135"
"60-69 years","Troup","827","53","124"
"70-79 years","Troup","451","60","113"
"80 & Older years","Troup","299","85","77"
"<1 years","Troup","73","0","2"
"Unknown years","Troup","6","0","0"
"01-04 years","Turner","12","0","0"
"05-09 years","Turner","17","0","2"
"10-17 years","Turner","31","0","1"
"18-29 years","Turner","129","0","2"
"30-39 years","Turner","133","0","13"
"40-49 years","Turner","136","1","9"
"50-59 years","Turner","122","2","17"
"60-69 years","Turner","99","9","29"
"70-79 years","Turner","62","11","15"
"80 & Older years","Turner","38","16","16"
"<1 years","Turner","5","0","1"
"01-04 years","Twiggs","15","0","1"
"05-09 years","Twiggs","13","0","1"
"10-17 years","Twiggs","51","0","1"
"18-29 years","Twiggs","108","0","2"
"30-39 years","Twiggs","96","1","4"
"40-49 years","Twiggs","98","2","9"
"50-59 years","Twiggs","129","4","21"
"60-69 years","Twiggs","123","12","39"
"70-79 years","Twiggs","70","14","29"
"80 & Older years","Twiggs","33","15","18"
"<1 years","Twiggs","1","0","0"
"01-04 years","Union","21","0","1"
"05-09 years","Union","60","0","0"
"10-17 years","Union","188","0","2"
"18-29 years","Union","370","1","3"
"30-39 years","Union","370","1","6"
"40-49 years","Union","339","2","15"
"50-59 years","Union","443","5","34"
"60-69 years","Union","540","13","76"
"70-79 years","Union","453","27","91"
"80 & Older years","Union","252","49","82"
"<1 years","Union","4","0","1"
"Unknown years","Union","17","0","1"
"01-04 years","Unknown","48","0","1"
"05-09 years","Unknown","99","0","0"
"10-17 years","Unknown","274","0","0"
"18-29 years","Unknown","865","1","7"
"30-39 years","Unknown","489","0","9"
"40-49 years","Unknown","423","1","4"
"50-59 years","Unknown","373","1","8"
"60-69 years","Unknown","204","0","14"
"70-79 years","Unknown","131","1","11"
"80 & Older years","Unknown","52","1","9"
"<1 years","Unknown","43","0","0"
"Unknown years","Unknown","93","0","3"
"01-04 years","Upson","78","0","1"
"05-09 years","Upson","114","0","0"
"10-17 years","Upson","292","0","2"
"18-29 years","Upson","464","0","8"
"30-39 years","Upson","335","1","10"
"40-49 years","Upson","351","2","16"
"50-59 years","Upson","348","11","38"
"60-69 years","Upson","317","25","53"
"70-79 years","Upson","217","42","62"
"80 & Older years","Upson","126","44","44"
"<1 years","Upson","31","0","1"
"Unknown years","Upson","8","0","0"
"01-04 years","Walker","156","0","1"
"05-09 years","Walker","331","0","1"
"10-17 years","Walker","911","0","6"
"18-29 years","Walker","1669","0","20"
"30-39 years","Walker","1324","1","21"
"40-49 years","Walker","1469","4","40"
"50-59 years","Walker","1260","6","47"
"60-69 years","Walker","970","24","83"
"70-79 years","Walker","619","34","72"
"80 & Older years","Walker","292","36","46"
"<1 years","Walker","59","0","2"
"Unknown years","Walker","113","0","2"
"01-04 years","Walton","146","0","1"
"05-09 years","Walton","305","0","4"
"10-17 years","Walton","960","0","15"
"18-29 years","Walton","1848","3","55"
"30-39 years","Walton","1642","0","57"
"40-49 years","Walton","1723","6","89"
"50-59 years","Walton","1659","24","141"
"60-69 years","Walton","1138","41","150"
"70-79 years","Walton","797","88","159"
"80 & Older years","Walton","458","117","107"
"<1 years","Walton","49","0","3"
"Unknown years","Walton","23","0","0"
"01-04 years","Ware","119","0","1"
"05-09 years","Ware","151","0","0"
"10-17 years","Ware","419","0","4"
"18-29 years","Ware","849","1","15"
"30-39 years","Ware","681","2","34"
"40-49 years","Ware","611","5","48"
"50-59 years","Ware","577","30","111"
"60-69 years","Ware","428","35","94"
"70-79 years","Ware","325","52","116"
"80 & Older years","Ware","235","70","71"
"<1 years","Ware","40","0","2"
"Unknown years","Ware","2","0","0"
"01-04 years","Warren","8","0","0"
"05-09 years","Warren","10","0","0"
"10-17 years","Warren","35","0","0"
"18-29 years","Warren","100","0","3"
"30-39 years","Warren","67","0","5"
"40-49 years","Warren","71","2","6"
"50-59 years","Warren","79","3","9"
"60-69 years","Warren","58","3","10"
"70-79 years","Warren","44","6","15"
"80 & Older years","Warren","20","5","8"
"<1 years","Warren","5","0","1"
"Unknown years","Warren","4","0","0"
"01-04 years","Washington","59","0","0"
"05-09 years","Washington","80","0","0"
"10-17 years","Washington","280","0","3"
"18-29 years","Washington","375","0","8"
"30-39 years","Washington","350","1","12"
"40-49 years","Washington","343","6","16"
"50-59 years","Washington","310","9","17"
"60-69 years","Washington","270","15","33"
"70-79 years","Washington","139","13","27"
"80 & Older years","Washington","85","30","15"
"<1 years","Washington","23","0","0"
"Unknown years","Washington","1","0","0"
"01-04 years","Wayne","65","0","1"
"05-09 years","Wayne","106","0","0"
"10-17 years","Wayne","389","0","2"
"18-29 years","Wayne","725","1","14"
"30-39 years","Wayne","714","4","19"
"40-49 years","Wayne","727","9","50"
"50-59 years","Wayne","654","21","56"
"60-69 years","Wayne","491","35","90"
"70-79 years","Wayne","347","37","91"
"80 & Older years","Wayne","154","36","34"
"<1 years","Wayne","13","0","1"
"Unknown years","Wayne","2","0","0"
"05-09 years","Webster","5","0","0"
"10-17 years","Webster","15","0","0"
"18-29 years","Webster","30","0","1"
"30-39 years","Webster","15","0","1"
"40-49 years","Webster","24","0","2"
"50-59 years","Webster","25","3","7"
"60-69 years","Webster","27","1","4"
"70-79 years","Webster","9","1","2"
"80 & Older years","Webster","5","1","1"
"<1 years","Webster","1","0","0"
"Unknown years","Webster","2","0","0"
"01-04 years","Wheeler","3","0","0"
"05-09 years","Wheeler","8","0","1"
"10-17 years","Wheeler","37","0","0"
"18-29 years","Wheeler","85","0","0"
"30-39 years","Wheeler","102","2","2"
"40-49 years","Wheeler","102","3","3"
"50-59 years","Wheeler","110","8","12"
"60-69 years","Wheeler","65","5","8"
"70-79 years","Wheeler","49","7","12"
"80 & Older years","Wheeler","9","3","1"
"<1 years","Wheeler","2","0","0"
"Unknown years","Wheeler","23","0","1"
"01-04 years","White","39","0","1"
"05-09 years","White","110","0","1"
"10-17 years","White","423","0","2"
"18-29 years","White","666","1","12"
"30-39 years","White","539","2","11"
"40-49 years","White","604","7","30"
"50-59 years","White","678","7","62"
"60-69 years","White","587","17","77"
"70-79 years","White","449","24","103"
"80 & Older years","White","239","42","87"
"<1 years","White","10","0","0"
"Unknown years","White","21","0","0"
"01-04 years","Whitfield","290","0","3"
"05-09 years","Whitfield","593","0","3"
"10-17 years","Whitfield","1877","0","8"
"18-29 years","Whitfield","4365","2","58"
"30-39 years","Whitfield","2978","5","74"
"40-49 years","Whitfield","2969","11","92"
"50-59 years","Whitfield","2631","42","159"
"60-69 years","Whitfield","1558","56","185"
"70-79 years","Whitfield","862","70","163"
"80 & Older years","Whitfield","500","109","133"
"<1 years","Whitfield","92","0","5"
"Unknown years","Whitfield","4","0","0"
"01-04 years","Wilcox","18","0","1"
"05-09 years","Wilcox","28","0","0"
"10-17 years","Wilcox","53","0","0"
"18-29 years","Wilcox","73","0","1"
"30-39 years","Wilcox","70","0","2"
"40-49 years","Wilcox","92","0","12"
"50-59 years","Wilcox","97","2","16"
"60-69 years","Wilcox","107","10","29"
"70-79 years","Wilcox","58","11","11"
"80 & Older years","Wilcox","27","8","8"
"<1 years","Wilcox","6","0","1"
"01-04 years","Wilkes","10","0","0"
"05-09 years","Wilkes","24","0","0"
"10-17 years","Wilkes","73","0","0"
"18-29 years","Wilkes","160","0","3"
"30-39 years","Wilkes","110","0","6"
"40-49 years","Wilkes","138","1","16"
"50-59 years","Wilkes","127","2","11"
"60-69 years","Wilkes","101","4","21"
"70-79 years","Wilkes","74","8","25"
"80 & Older years","Wilkes","40","9","18"
"<1 years","Wilkes","4","0","1"
"Unknown years","Wilkes","1","0","0"
"01-04 years","Wilkinson","17","0","0"
"05-09 years","Wilkinson","26","0","0"
"10-17 years","Wilkinson","88","0","1"
"18-29 years","Wilkinson","176","0","3"
"30-39 years","Wilkinson","150","0","8"
"40-49 years","Wilkinson","146","0","8"
"50-59 years","Wilkinson","193","5","29"
"60-69 years","Wilkinson","170","15","45"
"70-79 years","Wilkinson","74","9","23"
"80 & Older years","Wilkinson","44","6","19"
"<1 years","Wilkinson","5","0","0"
"01-04 years","Worth","31","0","0"
"05-09 years","Worth","46","0","0"
"10-17 years","Worth","165","0","3"
"18-29 years","Worth","299","0","12"
"30-39 years","Worth","226","0","18"
"40-49 years","Worth","239","3","24"
"50-59 years","Worth","252","7","36"
"60-69 years","Worth","237","22","61"
"70-79 years","Worth","138","20","38"
"80 & Older years","Worth","85","22","29"
"<1 years","Worth","8","0","0"
"Unknown years","Worth","2","0","0"
