"age group","county name","cases","deaths","hospitalization"
"01-04 years","Georgia","11965","1","235"
"05-09 years","Georgia","19693","2","177"
"10-17 years","Georgia","67256","7","706"
"18-29 years","Georgia","198653","120","3798"
"30-39 years","Georgia","143901","256","4957"
"40-49 years","Georgia","139105","616","7205"
"50-59 years","Georgia","131870","1653","10832"
"60-69 years","Georgia","88883","3502","12818"
"70-79 years","Georgia","51420","5064","12170"
"80 & Older years","Georgia","29680","6562","9411"
"<1 years","Georgia","3338","0","181"
"Unknown years","Georgia","3653","2","88"
"01-04 years","Appling","30","0","0"
"05-09 years","Appling","53","0","0"
"10-17 years","Appling","164","0","1"
"18-29 years","Appling","348","1","6"
"30-39 years","Appling","260","1","5"
"40-49 years","Appling","259","4","17"
"50-59 years","Appling","298","7","30"
"60-69 years","Appling","256","15","53"
"70-79 years","Appling","168","18","35"
"80 & Older years","Appling","82","20","31"
"<1 years","Appling","7","0","0"
"01-04 years","Atkinson","6","0","1"
"05-09 years","Atkinson","19","0","1"
"10-17 years","Atkinson","51","0","0"
"18-29 years","Atkinson","171","0","9"
"30-39 years","Atkinson","122","0","8"
"40-49 years","Atkinson","136","2","25"
"50-59 years","Atkinson","138","2","24"
"60-69 years","Atkinson","85","6","26"
"70-79 years","Atkinson","41","5","13"
"80 & Older years","Atkinson","14","5","10"
"<1 years","Atkinson","3","0","0"
"01-04 years","Bacon","18","0","0"
"05-09 years","Bacon","23","0","0"
"10-17 years","Bacon","76","0","1"
"18-29 years","Bacon","397","0","1"
"30-39 years","Bacon","191","0","5"
"40-49 years","Bacon","176","1","13"
"50-59 years","Bacon","156","2","16"
"60-69 years","Bacon","126","9","25"
"70-79 years","Bacon","82","7","20"
"80 & Older years","Bacon","38","9","9"
"<1 years","Bacon","4","0","0"
"Unknown years","Bacon","1","0","0"
"01-04 years","Baker","7","0","0"
"05-09 years","Baker","4","0","0"
"10-17 years","Baker","9","0","0"
"18-29 years","Baker","25","0","0"
"30-39 years","Baker","23","0","3"
"40-49 years","Baker","14","1","2"
"50-59 years","Baker","21","0","1"
"60-69 years","Baker","33","3","15"
"70-79 years","Baker","18","2","10"
"80 & Older years","Baker","9","3","3"
"<1 years","Baker","1","0","0"
"01-04 years","Baldwin","31","0","0"
"05-09 years","Baldwin","53","0","0"
"10-17 years","Baldwin","202","1","5"
"18-29 years","Baldwin","1284","0","14"
"30-39 years","Baldwin","476","1","16"
"40-49 years","Baldwin","490","2","31"
"50-59 years","Baldwin","497","12","60"
"60-69 years","Baldwin","388","23","75"
"70-79 years","Baldwin","258","27","56"
"80 & Older years","Baldwin","160","48","63"
"<1 years","Baldwin","14","0","0"
"Unknown years","Baldwin","1","1","1"
"01-04 years","Banks","11","0","0"
"05-09 years","Banks","31","0","1"
"10-17 years","Banks","108","0","2"
"18-29 years","Banks","307","0","9"
"30-39 years","Banks","213","0","6"
"40-49 years","Banks","239","0","18"
"50-59 years","Banks","264","2","26"
"60-69 years","Banks","216","6","44"
"70-79 years","Banks","152","15","55"
"80 & Older years","Banks","80","12","30"
"<1 years","Banks","6","0","1"
"Unknown years","Banks","21","0","1"
"01-04 years","Barrow","98","0","0"
"05-09 years","Barrow","184","0","0"
"10-17 years","Barrow","688","0","8"
"18-29 years","Barrow","1797","2","38"
"30-39 years","Barrow","1512","1","47"
"40-49 years","Barrow","1563","5","71"
"50-59 years","Barrow","1307","8","103"
"60-69 years","Barrow","874","31","142"
"70-79 years","Barrow","508","36","106"
"80 & Older years","Barrow","246","52","92"
"<1 years","Barrow","31","0","2"
"Unknown years","Barrow","16","0","0"
"01-04 years","Bartow","118","0","6"
"05-09 years","Bartow","229","0","2"
"10-17 years","Bartow","958","0","13"
"18-29 years","Bartow","2123","0","26"
"30-39 years","Bartow","1737","4","53"
"40-49 years","Bartow","1809","3","85"
"50-59 years","Bartow","1864","17","161"
"60-69 years","Bartow","1132","37","162"
"70-79 years","Bartow","751","74","193"
"80 & Older years","Bartow","370","75","128"
"<1 years","Bartow","40","0","1"
"Unknown years","Bartow","141","0","7"
"01-04 years","Ben Hill","29","0","1"
"05-09 years","Ben Hill","20","0","0"
"10-17 years","Ben Hill","98","0","0"
"18-29 years","Ben Hill","262","0","4"
"30-39 years","Ben Hill","217","3","10"
"40-49 years","Ben Hill","203","1","10"
"50-59 years","Ben Hill","239","6","30"
"60-69 years","Ben Hill","203","12","29"
"70-79 years","Ben Hill","144","19","51"
"80 & Older years","Ben Hill","71","20","19"
"<1 years","Ben Hill","6","0","1"
"Unknown years","Ben Hill","2","0","0"
"01-04 years","Berrien","16","0","0"
"05-09 years","Berrien","23","0","0"
"10-17 years","Berrien","96","0","1"
"18-29 years","Berrien","203","0","0"
"30-39 years","Berrien","163","0","3"
"40-49 years","Berrien","140","0","4"
"50-59 years","Berrien","169","3","17"
"60-69 years","Berrien","124","8","17"
"70-79 years","Berrien","80","10","15"
"80 & Older years","Berrien","47","11","13"
"<1 years","Berrien","2","0","0"
"Unknown years","Berrien","1","0","0"
"01-04 years","Bibb","136","0","4"
"05-09 years","Bibb","190","0","0"
"10-17 years","Bibb","666","0","9"
"18-29 years","Bibb","2987","1","85"
"30-39 years","Bibb","2119","6","109"
"40-49 years","Bibb","2135","17","202"
"50-59 years","Bibb","1977","26","278"
"60-69 years","Bibb","1576","91","417"
"70-79 years","Bibb","957","117","363"
"80 & Older years","Bibb","594","149","295"
"<1 years","Bibb","46","0","4"
"Unknown years","Bibb","4","0","0"
"01-04 years","Bleckley","5","0","0"
"05-09 years","Bleckley","16","0","0"
"10-17 years","Bleckley","70","0","0"
"18-29 years","Bleckley","188","0","3"
"30-39 years","Bleckley","95","1","4"
"40-49 years","Bleckley","106","1","2"
"50-59 years","Bleckley","108","2","5"
"60-69 years","Bleckley","86","7","11"
"70-79 years","Bleckley","64","5","12"
"80 & Older years","Bleckley","61","18","12"
"<1 years","Bleckley","3","0","0"
"01-04 years","Brantley","12","0","0"
"05-09 years","Brantley","14","0","0"
"10-17 years","Brantley","89","0","1"
"18-29 years","Brantley","161","0","2"
"30-39 years","Brantley","125","0","4"
"40-49 years","Brantley","135","1","6"
"50-59 years","Brantley","156","2","15"
"60-69 years","Brantley","117","5","15"
"70-79 years","Brantley","89","16","26"
"80 & Older years","Brantley","47","8","11"
"<1 years","Brantley","1","0","0"
"01-04 years","Brooks","15","0","1"
"05-09 years","Brooks","25","0","0"
"10-17 years","Brooks","87","0","0"
"18-29 years","Brooks","176","0","1"
"30-39 years","Brooks","127","0","3"
"40-49 years","Brooks","124","1","12"
"50-59 years","Brooks","147","2","21"
"60-69 years","Brooks","101","6","17"
"70-79 years","Brooks","85","10","19"
"80 & Older years","Brooks","56","17","15"
"<1 years","Brooks","4","0","0"
"01-04 years","Bryan","52","0","0"
"05-09 years","Bryan","82","0","0"
"10-17 years","Bryan","279","0","3"
"18-29 years","Bryan","539","0","11"
"30-39 years","Bryan","458","1","10"
"40-49 years","Bryan","486","0","15"
"50-59 years","Bryan","360","5","30"
"60-69 years","Bryan","258","11","28"
"70-79 years","Bryan","160","10","51"
"80 & Older years","Bryan","67","9","27"
"<1 years","Bryan","14","0","0"
"Unknown years","Bryan","2","0","0"
"01-04 years","Bulloch","61","0","0"
"05-09 years","Bulloch","105","0","0"
"10-17 years","Bulloch","381","0","2"
"18-29 years","Bulloch","2270","0","11"
"30-39 years","Bulloch","652","4","21"
"40-49 years","Bulloch","557","2","23"
"50-59 years","Bulloch","534","8","36"
"60-69 years","Bulloch","389","16","47"
"70-79 years","Bulloch","199","17","42"
"80 & Older years","Bulloch","107","17","38"
"<1 years","Bulloch","26","0","2"
"Unknown years","Bulloch","1","0","0"
"01-04 years","Burke","21","0","0"
"05-09 years","Burke","45","0","0"
"10-17 years","Burke","143","0","1"
"18-29 years","Burke","351","1","7"
"30-39 years","Burke","269","1","10"
"40-49 years","Burke","300","2","17"
"50-59 years","Burke","279","3","33"
"60-69 years","Burke","216","5","39"
"70-79 years","Burke","123","13","33"
"80 & Older years","Burke","40","11","14"
"<1 years","Burke","7","0","0"
"Unknown years","Burke","1","0","0"
"01-04 years","Butts","24","0","3"
"05-09 years","Butts","31","0","0"
"10-17 years","Butts","119","0","3"
"18-29 years","Butts","429","0","6"
"30-39 years","Butts","395","0","8"
"40-49 years","Butts","368","4","15"
"50-59 years","Butts","390","7","23"
"60-69 years","Butts","275","17","34"
"70-79 years","Butts","191","23","25"
"80 & Older years","Butts","115","27","8"
"<1 years","Butts","7","0","1"
"Unknown years","Butts","3","0","0"
"01-04 years","Calhoun","7","0","0"
"05-09 years","Calhoun","1","0","0"
"10-17 years","Calhoun","39","0","0"
"18-29 years","Calhoun","68","0","6"
"30-39 years","Calhoun","62","2","6"
"40-49 years","Calhoun","76","2","8"
"50-59 years","Calhoun","83","2","18"
"60-69 years","Calhoun","72","2","19"
"70-79 years","Calhoun","25","5","9"
"80 & Older years","Calhoun","15","2","8"
"<1 years","Calhoun","3","0","0"
"Unknown years","Calhoun","1","0","0"
"01-04 years","Camden","46","0","0"
"05-09 years","Camden","41","0","1"
"10-17 years","Camden","229","0","1"
"18-29 years","Camden","794","0","6"
"30-39 years","Camden","526","1","18"
"40-49 years","Camden","433","2","11"
"50-59 years","Camden","488","2","22"
"60-69 years","Camden","364","6","29"
"70-79 years","Camden","209","5","26"
"80 & Older years","Camden","93","15","22"
"<1 years","Camden","8","0","2"
"01-04 years","Candler","9","0","0"
"05-09 years","Candler","13","0","0"
"10-17 years","Candler","55","0","0"
"18-29 years","Candler","130","0","0"
"30-39 years","Candler","97","0","3"
"40-49 years","Candler","122","3","3"
"50-59 years","Candler","127","5","13"
"60-69 years","Candler","101","9","14"
"70-79 years","Candler","69","14","18"
"80 & Older years","Candler","28","6","11"
"<1 years","Candler","5","0","0"
"01-04 years","Carroll","91","0","1"
"05-09 years","Carroll","136","0","2"
"10-17 years","Carroll","622","0","6"
"18-29 years","Carroll","1764","0","13"
"30-39 years","Carroll","1116","4","19"
"40-49 years","Carroll","1094","4","30"
"50-59 years","Carroll","1093","13","58"
"60-69 years","Carroll","766","25","72"
"70-79 years","Carroll","457","35","67"
"80 & Older years","Carroll","270","51","44"
"<1 years","Carroll","28","0","0"
"Unknown years","Carroll","7","0","0"
"01-04 years","Catoosa","88","0","0"
"05-09 years","Catoosa","153","0","1"
"10-17 years","Catoosa","495","0","2"
"18-29 years","Catoosa","1044","0","8"
"30-39 years","Catoosa","791","1","11"
"40-49 years","Catoosa","926","2","16"
"50-59 years","Catoosa","853","6","37"
"60-69 years","Catoosa","616","7","63"
"70-79 years","Catoosa","371","17","60"
"80 & Older years","Catoosa","251","31","50"
"<1 years","Catoosa","34","0","1"
"Unknown years","Catoosa","137","0","9"
"01-04 years","Charlton","12","0","0"
"05-09 years","Charlton","31","0","0"
"10-17 years","Charlton","66","0","0"
"18-29 years","Charlton","247","1","1"
"30-39 years","Charlton","220","0","4"
"40-49 years","Charlton","194","2","8"
"50-59 years","Charlton","150","2","6"
"60-69 years","Charlton","147","7","20"
"70-79 years","Charlton","56","5","12"
"80 & Older years","Charlton","30","8","14"
"<1 years","Charlton","2","0","0"
"01-04 years","Chatham","408","0","3"
"05-09 years","Chatham","494","1","1"
"10-17 years","Chatham","1374","0","14"
"18-29 years","Chatham","5112","3","61"
"30-39 years","Chatham","3485","5","114"
"40-49 years","Chatham","2858","13","163"
"50-59 years","Chatham","2571","42","248"
"60-69 years","Chatham","2070","84","367"
"70-79 years","Chatham","1103","123","358"
"80 & Older years","Chatham","697","159","299"
"<1 years","Chatham","114","0","5"
"Unknown years","Chatham","13","0","1"
"01-04 years","Chattahoochee","9","0","0"
"05-09 years","Chattahoochee","10","0","0"
"10-17 years","Chattahoochee","128","0","2"
"18-29 years","Chattahoochee","2872","7","6"
"30-39 years","Chattahoochee","281","2","4"
"40-49 years","Chattahoochee","55","0","0"
"50-59 years","Chattahoochee","28","0","7"
"60-69 years","Chattahoochee","18","0","4"
"70-79 years","Chattahoochee","11","1","3"
"80 & Older years","Chattahoochee","9","3","5"
"<1 years","Chattahoochee","8","0","0"
"Unknown years","Chattahoochee","1","0","0"
"01-04 years","Chattooga","16","0","0"
"05-09 years","Chattooga","32","0","0"
"10-17 years","Chattooga","195","0","1"
"18-29 years","Chattooga","389","0","6"
"30-39 years","Chattooga","305","0","7"
"40-49 years","Chattooga","351","2","15"
"50-59 years","Chattooga","344","5","26"
"60-69 years","Chattooga","287","14","44"
"70-79 years","Chattooga","174","18","48"
"80 & Older years","Chattooga","118","24","34"
"<1 years","Chattooga","10","0","1"
"Unknown years","Chattooga","30","0","1"
"01-04 years","Cherokee","250","0","8"
"05-09 years","Cherokee","581","0","9"
"10-17 years","Cherokee","2336","0","17"
"18-29 years","Cherokee","4425","2","78"
"30-39 years","Cherokee","3261","3","106"
"40-49 years","Cherokee","3689","5","129"
"50-59 years","Cherokee","3578","22","211"
"60-69 years","Cherokee","2175","46","258"
"70-79 years","Cherokee","1373","80","265"
"80 & Older years","Cherokee","809","147","231"
"<1 years","Cherokee","50","0","1"
"Unknown years","Cherokee","7","0","1"
"01-04 years","Clarke","171","0","1"
"05-09 years","Clarke","217","0","2"
"10-17 years","Clarke","622","0","5"
"18-29 years","Clarke","6111","1","40"
"30-39 years","Clarke","1642","2","35"
"40-49 years","Clarke","1312","3","53"
"50-59 years","Clarke","1190","12","74"
"60-69 years","Clarke","793","21","98"
"70-79 years","Clarke","467","49","115"
"80 & Older years","Clarke","243","49","73"
"<1 years","Clarke","45","0","2"
"Unknown years","Clarke","21","0","0"
"01-04 years","Clay","3","0","0"
"05-09 years","Clay","2","0","0"
"10-17 years","Clay","18","0","0"
"18-29 years","Clay","26","0","0"
"30-39 years","Clay","31","0","1"
"40-49 years","Clay","29","0","1"
"50-59 years","Clay","17","0","1"
"60-69 years","Clay","24","1","2"
"70-79 years","Clay","19","0","0"
"80 & Older years","Clay","14","2","5"
"Unknown years","Clay","1","0","0"
"01-04 years","Clayton","448","0","9"
"05-09 years","Clayton","660","1","8"
"10-17 years","Clayton","1693","0","36"
"18-29 years","Clayton","5098","6","115"
"30-39 years","Clayton","4449","12","167"
"40-49 years","Clayton","4002","27","203"
"50-59 years","Clayton","3772","60","287"
"60-69 years","Clayton","2359","127","265"
"70-79 years","Clayton","991","117","184"
"80 & Older years","Clayton","478","112","121"
"<1 years","Clayton","96","0","5"
"Unknown years","Clayton","40","0","2"
"01-04 years","Clinch","13","0","0"
"05-09 years","Clinch","20","0","0"
"10-17 years","Clinch","78","0","0"
"18-29 years","Clinch","132","0","2"
"30-39 years","Clinch","107","1","4"
"40-49 years","Clinch","106","0","4"
"50-59 years","Clinch","101","2","15"
"60-69 years","Clinch","107","7","16"
"70-79 years","Clinch","53","9","19"
"80 & Older years","Clinch","19","6","7"
"<1 years","Clinch","4","0","0"
"01-04 years","Cobb","783","1","19"
"05-09 years","Cobb","1415","0","10"
"10-17 years","Cobb","4564","0","43"
"18-29 years","Cobb","15162","5","235"
"30-39 years","Cobb","10373","18","269"
"40-49 years","Cobb","9794","35","426"
"50-59 years","Cobb","8728","69","567"
"60-69 years","Cobb","5371","144","555"
"70-79 years","Cobb","2923","292","541"
"80 & Older years","Cobb","1798","410","515"
"<1 years","Cobb","204","0","13"
"Unknown years","Cobb","78","0","2"
"01-04 years","Coffee","75","0","2"
"05-09 years","Coffee","99","0","4"
"10-17 years","Coffee","285","0","4"
"18-29 years","Coffee","817","0","22"
"30-39 years","Coffee","622","4","45"
"40-49 years","Coffee","686","5","86"
"50-59 years","Coffee","673","13","138"
"60-69 years","Coffee","529","32","135"
"70-79 years","Coffee","283","42","125"
"80 & Older years","Coffee","156","41","89"
"<1 years","Coffee","14","0","1"
"01-04 years","Colquitt","51","0","0"
"05-09 years","Colquitt","107","0","2"
"10-17 years","Colquitt","375","0","7"
"18-29 years","Colquitt","739","0","22"
"30-39 years","Colquitt","520","1","19"
"40-49 years","Colquitt","549","7","37"
"50-59 years","Colquitt","488","15","41"
"60-69 years","Colquitt","348","15","44"
"70-79 years","Colquitt","213","17","48"
"80 & Older years","Colquitt","139","27","31"
"<1 years","Colquitt","17","0","0"
"Unknown years","Colquitt","4","0","0"
"01-04 years","Columbia","145","0","2"
"05-09 years","Columbia","301","0","0"
"10-17 years","Columbia","1121","0","1"
"18-29 years","Columbia","2260","1","21"
"30-39 years","Columbia","2022","2","26"
"40-49 years","Columbia","1815","7","47"
"50-59 years","Columbia","1561","17","72"
"60-69 years","Columbia","1000","27","99"
"70-79 years","Columbia","534","44","111"
"80 & Older years","Columbia","310","64","98"
"<1 years","Columbia","35","0","1"
"Unknown years","Columbia","9","0","0"
"01-04 years","Cook","14","0","1"
"05-09 years","Cook","25","0","0"
"10-17 years","Cook","93","0","2"
"18-29 years","Cook","229","0","6"
"30-39 years","Cook","174","0","4"
"40-49 years","Cook","175","0","14"
"50-59 years","Cook","164","3","17"
"60-69 years","Cook","128","7","19"
"70-79 years","Cook","101","11","29"
"80 & Older years","Cook","54","17","15"
"<1 years","Cook","6","0","0"
"Unknown years","Cook","2","0","0"
"01-04 years","Coweta","111","0","0"
"05-09 years","Coweta","200","0","1"
"10-17 years","Coweta","651","0","7"
"18-29 years","Coweta","1636","1","15"
"30-39 years","Coweta","1278","3","29"
"40-49 years","Coweta","1362","9","48"
"50-59 years","Coweta","1582","25","72"
"60-69 years","Coweta","971","38","66"
"70-79 years","Coweta","599","59","79"
"80 & Older years","Coweta","331","72","47"
"<1 years","Coweta","27","0","1"
"Unknown years","Coweta","7","0","0"
"01-04 years","Crawford","2","0","0"
"05-09 years","Crawford","2","0","0"
"10-17 years","Crawford","28","0","1"
"18-29 years","Crawford","77","0","2"
"30-39 years","Crawford","73","0","6"
"40-49 years","Crawford","58","1","3"
"50-59 years","Crawford","116","3","16"
"60-69 years","Crawford","101","7","17"
"70-79 years","Crawford","44","5","15"
"80 & Older years","Crawford","23","1","10"
"01-04 years","Crisp","22","0","0"
"05-09 years","Crisp","30","0","0"
"10-17 years","Crisp","111","0","2"
"18-29 years","Crisp","233","0","10"
"30-39 years","Crisp","231","1","15"
"40-49 years","Crisp","216","3","21"
"50-59 years","Crisp","211","5","27"
"60-69 years","Crisp","205","19","41"
"70-79 years","Crisp","102","10","32"
"80 & Older years","Crisp","72","18","18"
"<1 years","Crisp","9","0","0"
"Unknown years","Crisp","7","0","0"
"01-04 years","Dade","16","0","0"
"05-09 years","Dade","37","0","0"
"10-17 years","Dade","100","0","0"
"18-29 years","Dade","226","0","1"
"30-39 years","Dade","154","0","2"
"40-49 years","Dade","194","0","7"
"50-59 years","Dade","176","2","11"
"60-69 years","Dade","131","1","9"
"70-79 years","Dade","93","6","19"
"80 & Older years","Dade","52","3","10"
"<1 years","Dade","7","0","0"
"Unknown years","Dade","39","1","3"
"01-04 years","Dawson","26","0","0"
"05-09 years","Dawson","49","0","0"
"10-17 years","Dawson","205","0","4"
"18-29 years","Dawson","544","0","15"
"30-39 years","Dawson","411","0","14"
"40-49 years","Dawson","380","0","23"
"50-59 years","Dawson","434","3","36"
"60-69 years","Dawson","351","5","72"
"70-79 years","Dawson","213","20","52"
"80 & Older years","Dawson","90","15","29"
"<1 years","Dawson","8","0","1"
"Unknown years","Dawson","28","0","1"
"01-04 years","DeKalb","889","0","24"
"05-09 years","DeKalb","1299","0","19"
"10-17 years","DeKalb","3552","0","62"
"18-29 years","DeKalb","13533","11","374"
"30-39 years","DeKalb","11586","19","536"
"40-49 years","DeKalb","9177","39","601"
"50-59 years","DeKalb","8314","110","845"
"60-69 years","DeKalb","5302","179","935"
"70-79 years","DeKalb","2629","250","724"
"80 & Older years","DeKalb","1621","340","522"
"<1 years","DeKalb","195","0","10"
"Unknown years","DeKalb","177","0","9"
"01-04 years","Decatur","56","0","1"
"05-09 years","Decatur","66","0","0"
"10-17 years","Decatur","204","0","0"
"18-29 years","Decatur","426","1","8"
"30-39 years","Decatur","329","1","8"
"40-49 years","Decatur","319","1","18"
"50-59 years","Decatur","277","5","29"
"60-69 years","Decatur","223","10","33"
"70-79 years","Decatur","143","20","27"
"80 & Older years","Decatur","99","17","23"
"<1 years","Decatur","9","0","0"
"Unknown years","Decatur","2","0","0"
"01-04 years","Dodge","7","0","0"
"05-09 years","Dodge","17","0","0"
"10-17 years","Dodge","87","1","1"
"18-29 years","Dodge","201","0","4"
"30-39 years","Dodge","150","0","5"
"40-49 years","Dodge","153","1","11"
"50-59 years","Dodge","184","5","20"
"60-69 years","Dodge","146","17","29"
"70-79 years","Dodge","82","16","21"
"80 & Older years","Dodge","55","16","16"
"<1 years","Dodge","4","0","0"
"01-04 years","Dooly","12","0","0"
"05-09 years","Dooly","15","0","0"
"10-17 years","Dooly","54","0","1"
"18-29 years","Dooly","111","0","5"
"30-39 years","Dooly","101","0","9"
"40-49 years","Dooly","134","1","9"
"50-59 years","Dooly","146","5","19"
"60-69 years","Dooly","126","10","24"
"70-79 years","Dooly","67","10","17"
"80 & Older years","Dooly","22","6","6"
"<1 years","Dooly","3","0","0"
"Unknown years","Dooly","2","0","0"
"01-04 years","Dougherty","68","0","3"
"05-09 years","Dougherty","122","0","0"
"10-17 years","Dougherty","264","0","7"
"18-29 years","Dougherty","1009","2","89"
"30-39 years","Dougherty","849","5","87"
"40-49 years","Dougherty","839","16","119"
"50-59 years","Dougherty","915","26","172"
"60-69 years","Dougherty","780","75","253"
"70-79 years","Dougherty","456","65","181"
"80 & Older years","Dougherty","269","93","126"
"<1 years","Dougherty","29","0","3"
"Unknown years","Dougherty","1","0","0"
"01-04 years","Douglas","186","0","5"
"05-09 years","Douglas","302","0","5"
"10-17 years","Douglas","954","0","7"
"18-29 years","Douglas","2379","0","52"
"30-39 years","Douglas","1958","4","74"
"40-49 years","Douglas","2242","7","123"
"50-59 years","Douglas","1983","23","169"
"60-69 years","Douglas","1149","37","185"
"70-79 years","Douglas","603","59","149"
"80 & Older years","Douglas","297","49","94"
"<1 years","Douglas","33","0","5"
"Unknown years","Douglas","16","0","2"
"01-04 years","Early","19","0","0"
"05-09 years","Early","18","0","0"
"10-17 years","Early","102","0","0"
"18-29 years","Early","155","1","4"
"30-39 years","Early","150","0","4"
"40-49 years","Early","172","1","9"
"50-59 years","Early","161","3","11"
"60-69 years","Early","121","11","13"
"70-79 years","Early","77","15","17"
"80 & Older years","Early","41","12","14"
"<1 years","Early","2","0","0"
"Unknown years","Early","1","0","0"
"01-04 years","Echols","8","0","0"
"05-09 years","Echols","5","0","0"
"10-17 years","Echols","26","0","1"
"18-29 years","Echols","131","0","1"
"30-39 years","Echols","60","1","3"
"40-49 years","Echols","43","0","1"
"50-59 years","Echols","44","0","2"
"60-69 years","Echols","22","0","0"
"70-79 years","Echols","17","2","3"
"80 & Older years","Echols","3","1","2"
"<1 years","Echols","1","0","0"
"01-04 years","Effingham","53","0","2"
"05-09 years","Effingham","123","0","1"
"10-17 years","Effingham","413","0","1"
"18-29 years","Effingham","686","0","6"
"30-39 years","Effingham","647","1","14"
"40-49 years","Effingham","595","1","30"
"50-59 years","Effingham","599","11","44"
"60-69 years","Effingham","388","9","60"
"70-79 years","Effingham","221","21","61"
"80 & Older years","Effingham","97","23","32"
"<1 years","Effingham","13","0","0"
"Unknown years","Effingham","2","0","0"
"01-04 years","Elbert","19","0","0"
"05-09 years","Elbert","30","0","0"
"10-17 years","Elbert","87","0","1"
"18-29 years","Elbert","266","1","2"
"30-39 years","Elbert","189","0","8"
"40-49 years","Elbert","219","1","9"
"50-59 years","Elbert","234","1","14"
"60-69 years","Elbert","189","6","23"
"70-79 years","Elbert","160","19","34"
"80 & Older years","Elbert","128","31","37"
"<1 years","Elbert","8","0","2"
"Unknown years","Elbert","2","0","0"
"01-04 years","Emanuel","25","0","1"
"05-09 years","Emanuel","24","0","0"
"10-17 years","Emanuel","166","0","2"
"18-29 years","Emanuel","317","1","0"
"30-39 years","Emanuel","235","0","8"
"40-49 years","Emanuel","290","2","7"
"50-59 years","Emanuel","257","6","28"
"60-69 years","Emanuel","226","10","30"
"70-79 years","Emanuel","133","15","26"
"80 & Older years","Emanuel","63","19","21"
"<1 years","Emanuel","5","0","0"
"Unknown years","Emanuel","3","0","1"
"01-04 years","Evans","14","0","0"
"05-09 years","Evans","20","0","0"
"10-17 years","Evans","85","0","0"
"18-29 years","Evans","153","1","3"
"30-39 years","Evans","128","0","3"
"40-49 years","Evans","111","0","9"
"50-59 years","Evans","113","3","16"
"60-69 years","Evans","68","4","15"
"70-79 years","Evans","49","6","15"
"80 & Older years","Evans","18","3","11"
"<1 years","Evans","2","0","0"
"01-04 years","Fannin","17","0","0"
"05-09 years","Fannin","34","0","0"
"10-17 years","Fannin","130","0","0"
"18-29 years","Fannin","298","0","6"
"30-39 years","Fannin","236","0","7"
"40-49 years","Fannin","269","1","11"
"50-59 years","Fannin","374","4","23"
"60-69 years","Fannin","364","7","37"
"70-79 years","Fannin","263","15","47"
"80 & Older years","Fannin","148","34","46"
"<1 years","Fannin","4","0","0"
"01-04 years","Fayette","69","0","1"
"05-09 years","Fayette","138","0","2"
"10-17 years","Fayette","550","0","3"
"18-29 years","Fayette","1265","1","8"
"30-39 years","Fayette","820","1","9"
"40-49 years","Fayette","1113","4","29"
"50-59 years","Fayette","1166","9","46"
"60-69 years","Fayette","867","23","55"
"70-79 years","Fayette","442","56","74"
"80 & Older years","Fayette","286","60","39"
"<1 years","Fayette","14","0","0"
"Unknown years","Fayette","11","0","0"
"01-04 years","Floyd","125","0","4"
"05-09 years","Floyd","221","0","1"
"10-17 years","Floyd","949","0","11"
"18-29 years","Floyd","2033","0","30"
"30-39 years","Floyd","1495","3","53"
"40-49 years","Floyd","1468","6","89"
"50-59 years","Floyd","1429","25","154"
"60-69 years","Floyd","1048","36","197"
"70-79 years","Floyd","693","51","193"
"80 & Older years","Floyd","399","67","155"
"<1 years","Floyd","46","0","2"
"Unknown years","Floyd","118","0","2"
"01-04 years","Forsyth","248","0","3"
"05-09 years","Forsyth","627","0","2"
"10-17 years","Forsyth","2244","0","7"
"18-29 years","Forsyth","3208","0","44"
"30-39 years","Forsyth","2422","1","62"
"40-49 years","Forsyth","3155","5","128"
"50-59 years","Forsyth","2909","10","176"
"60-69 years","Forsyth","1501","19","166"
"70-79 years","Forsyth","879","62","219"
"80 & Older years","Forsyth","520","91","166"
"<1 years","Forsyth","52","0","3"
"Unknown years","Forsyth","283","0","3"
"01-04 years","Franklin","18","0","2"
"05-09 years","Franklin","58","0","0"
"10-17 years","Franklin","191","0","5"
"18-29 years","Franklin","445","0","10"
"30-39 years","Franklin","304","0","5"
"40-49 years","Franklin","352","0","13"
"50-59 years","Franklin","354","1","24"
"60-69 years","Franklin","313","3","34"
"70-79 years","Franklin","186","19","35"
"80 & Older years","Franklin","87","20","25"
"<1 years","Franklin","8","0","1"
"Unknown years","Franklin","39","0","0"
"01-04 years","Fulton","1083","0","30"
"05-09 years","Fulton","1743","0","15"
"10-17 years","Fulton","5618","1","49"
"18-29 years","Fulton","21610","5","371"
"30-39 years","Fulton","15904","24","543"
"40-49 years","Fulton","12629","39","633"
"50-59 years","Fulton","11290","111","947"
"60-69 years","Fulton","6606","234","884"
"70-79 years","Fulton","3499","342","815"
"80 & Older years","Fulton","2497","532","776"
"<1 years","Fulton","238","0","12"
"Unknown years","Fulton","137","0","2"
"01-04 years","Gilmer","30","0","2"
"05-09 years","Gilmer","39","0","0"
"10-17 years","Gilmer","192","0","2"
"18-29 years","Gilmer","366","0","11"
"30-39 years","Gilmer","328","0","17"
"40-49 years","Gilmer","363","0","16"
"50-59 years","Gilmer","403","10","29"
"60-69 years","Gilmer","378","8","48"
"70-79 years","Gilmer","261","20","56"
"80 & Older years","Gilmer","137","34","41"
"<1 years","Gilmer","11","0","0"
"Unknown years","Gilmer","1","0","0"
"01-04 years","Glascock","1","0","0"
"05-09 years","Glascock","3","0","0"
"10-17 years","Glascock","1","0","0"
"18-29 years","Glascock","22","0","1"
"30-39 years","Glascock","17","0","0"
"40-49 years","Glascock","21","0","1"
"50-59 years","Glascock","28","2","3"
"60-69 years","Glascock","17","0","4"
"70-79 years","Glascock","25","3","6"
"80 & Older years","Glascock","9","2","5"
"<1 years","Glascock","1","0","0"
"Unknown years","Glascock","1","0","0"
"01-04 years","Glynn","106","0","1"
"05-09 years","Glynn","188","0","1"
"10-17 years","Glynn","607","0","2"
"18-29 years","Glynn","1415","0","24"
"30-39 years","Glynn","1116","5","31"
"40-49 years","Glynn","956","4","38"
"50-59 years","Glynn","888","10","68"
"60-69 years","Glynn","731","30","117"
"70-79 years","Glynn","457","43","82"
"80 & Older years","Glynn","257","62","91"
"<1 years","Glynn","18","0","0"
"Unknown years","Glynn","8","0","0"
"01-04 years","Gordon","90","0","1"
"05-09 years","Gordon","131","0","0"
"10-17 years","Gordon","576","0","5"
"18-29 years","Gordon","1286","0","15"
"30-39 years","Gordon","993","2","19"
"40-49 years","Gordon","1052","5","36"
"50-59 years","Gordon","1040","15","58"
"60-69 years","Gordon","644","25","57"
"70-79 years","Gordon","370","26","80"
"80 & Older years","Gordon","192","32","53"
"<1 years","Gordon","26","0","3"
"Unknown years","Gordon","117","0","3"
"01-04 years","Grady","35","0","1"
"05-09 years","Grady","45","0","0"
"10-17 years","Grady","140","0","5"
"18-29 years","Grady","263","0","9"
"30-39 years","Grady","234","0","10"
"40-49 years","Grady","241","1","24"
"50-59 years","Grady","230","7","31"
"60-69 years","Grady","167","5","28"
"70-79 years","Grady","153","17","47"
"80 & Older years","Grady","55","17","20"
"<1 years","Grady","3","0","1"
"Unknown years","Grady","3","0","0"
"01-04 years","Greene","16","0","0"
"05-09 years","Greene","32","0","0"
"10-17 years","Greene","87","0","0"
"18-29 years","Greene","264","0","6"
"30-39 years","Greene","185","0","7"
"40-49 years","Greene","181","3","12"
"50-59 years","Greene","223","6","20"
"60-69 years","Greene","235","9","21"
"70-79 years","Greene","177","10","28"
"80 & Older years","Greene","106","28","42"
"<1 years","Greene","3","0","1"
"Unknown years","Greene","2","0","0"
"01-04 years","Gwinnett","1357","0","18"
"05-09 years","Gwinnett","2198","0","28"
"10-17 years","Gwinnett","7264","2","86"
"18-29 years","Gwinnett","19417","9","576"
"30-39 years","Gwinnett","14729","20","599"
"40-49 years","Gwinnett","15624","60","830"
"50-59 years","Gwinnett","13370","104","933"
"60-69 years","Gwinnett","7337","212","955"
"70-79 years","Gwinnett","3320","284","773"
"80 & Older years","Gwinnett","1855","395","670"
"<1 years","Gwinnett","405","0","20"
"Unknown years","Gwinnett","94","0","0"
"01-04 years","Habersham","32","0","3"
"05-09 years","Habersham","58","0","3"
"10-17 years","Habersham","315","1","8"
"18-29 years","Habersham","879","1","13"
"30-39 years","Habersham","656","2","29"
"40-49 years","Habersham","690","3","42"
"50-59 years","Habersham","711","6","55"
"60-69 years","Habersham","579","20","116"
"70-79 years","Habersham","389","50","111"
"80 & Older years","Habersham","281","70","89"
"<1 years","Habersham","9","0","3"
"Unknown years","Habersham","64","0","3"
"01-04 years","Hall","196","0","8"
"05-09 years","Hall","413","0","5"
"10-17 years","Hall","1851","0","33"
"18-29 years","Hall","5458","3","167"
"30-39 years","Hall","3711","2","198"
"40-49 years","Hall","3871","12","271"
"50-59 years","Hall","4007","36","395"
"60-69 years","Hall","2678","82","423"
"70-79 years","Hall","1714","126","483"
"80 & Older years","Hall","949","186","385"
"<1 years","Hall","37","0","8"
"Unknown years","Hall","288","0","8"
"01-04 years","Hancock","7","0","0"
"05-09 years","Hancock","8","0","0"
"10-17 years","Hancock","37","0","1"
"18-29 years","Hancock","135","0","3"
"30-39 years","Hancock","111","0","2"
"40-49 years","Hancock","110","1","6"
"50-59 years","Hancock","146","4","16"
"60-69 years","Hancock","143","17","31"
"70-79 years","Hancock","74","17","23"
"80 & Older years","Hancock","63","23","24"
"<1 years","Hancock","4","0","0"
"01-04 years","Haralson","25","0","0"
"05-09 years","Haralson","39","0","0"
"10-17 years","Haralson","157","0","2"
"18-29 years","Haralson","355","0","3"
"30-39 years","Haralson","225","0","5"
"40-49 years","Haralson","246","2","8"
"50-59 years","Haralson","277","1","7"
"60-69 years","Haralson","201","13","23"
"70-79 years","Haralson","130","12","18"
"80 & Older years","Haralson","54","7","10"
"<1 years","Haralson","7","0","1"
"Unknown years","Haralson","5","0","0"
"01-04 years","Harris","31","0","0"
"05-09 years","Harris","33","0","0"
"10-17 years","Harris","193","0","2"
"18-29 years","Harris","342","0","6"
"30-39 years","Harris","250","0","7"
"40-49 years","Harris","366","3","10"
"50-59 years","Harris","390","7","24"
"60-69 years","Harris","325","14","53"
"70-79 years","Harris","187","22","43"
"80 & Older years","Harris","61","12","14"
"<1 years","Harris","5","0","0"
"Unknown years","Harris","5","0","0"
"01-04 years","Hart","17","0","0"
"05-09 years","Hart","25","0","1"
"10-17 years","Hart","95","0","0"
"18-29 years","Hart","301","0","2"
"30-39 years","Hart","261","0","6"
"40-49 years","Hart","238","0","8"
"50-59 years","Hart","286","3","18"
"60-69 years","Hart","231","13","32"
"70-79 years","Hart","148","8","20"
"80 & Older years","Hart","85","13","26"
"<1 years","Hart","6","0","1"
"Unknown years","Hart","19","0","0"
"01-04 years","Heard","8","0","0"
"05-09 years","Heard","16","0","0"
"10-17 years","Heard","62","0","1"
"18-29 years","Heard","108","0","1"
"30-39 years","Heard","72","0","1"
"40-49 years","Heard","117","0","10"
"50-59 years","Heard","110","0","6"
"60-69 years","Heard","77","4","9"
"70-79 years","Heard","54","7","16"
"80 & Older years","Heard","23","5","4"
"<1 years","Heard","4","0","0"
"01-04 years","Henry","254","0","6"
"05-09 years","Henry","391","0","2"
"10-17 years","Henry","1448","0","16"
"18-29 years","Henry","3882","1","36"
"30-39 years","Henry","3200","7","55"
"40-49 years","Henry","3481","15","101"
"50-59 years","Henry","3392","22","134"
"60-69 years","Henry","1876","72","104"
"70-79 years","Henry","922","87","93"
"80 & Older years","Henry","477","96","61"
"<1 years","Henry","51","0","2"
"Unknown years","Henry","27","0","1"
"01-04 years","Houston","118","0","3"
"05-09 years","Houston","180","0","1"
"10-17 years","Houston","754","0","4"
"18-29 years","Houston","2144","3","44"
"30-39 years","Houston","1871","3","65"
"40-49 years","Houston","1745","8","105"
"50-59 years","Houston","1496","15","118"
"60-69 years","Houston","974","46","167"
"70-79 years","Houston","547","63","160"
"80 & Older years","Houston","297","58","101"
"<1 years","Houston","26","0","2"
"Unknown years","Houston","1","0","0"
"01-04 years","Irwin","6","0","0"
"05-09 years","Irwin","11","0","0"
"10-17 years","Irwin","51","0","0"
"18-29 years","Irwin","118","0","4"
"30-39 years","Irwin","98","0","4"
"40-49 years","Irwin","120","1","10"
"50-59 years","Irwin","105","3","12"
"60-69 years","Irwin","89","1","22"
"70-79 years","Irwin","51","6","8"
"80 & Older years","Irwin","36","7","21"
"01-04 years","Jackson","63","0","0"
"05-09 years","Jackson","158","0","3"
"10-17 years","Jackson","794","0","6"
"18-29 years","Jackson","1489","2","19"
"30-39 years","Jackson","1342","1","28"
"40-49 years","Jackson","1455","6","59"
"50-59 years","Jackson","1360","7","80"
"60-69 years","Jackson","916","26","90"
"70-79 years","Jackson","625","39","115"
"80 & Older years","Jackson","313","59","109"
"<1 years","Jackson","23","0","2"
"Unknown years","Jackson","16","0","1"
"01-04 years","Jasper","7","0","1"
"05-09 years","Jasper","8","0","0"
"10-17 years","Jasper","36","0","1"
"18-29 years","Jasper","129","0","5"
"30-39 years","Jasper","96","0","2"
"40-49 years","Jasper","100","1","3"
"50-59 years","Jasper","133","2","14"
"60-69 years","Jasper","95","8","17"
"70-79 years","Jasper","55","6","11"
"80 & Older years","Jasper","19","2","6"
"<1 years","Jasper","4","0","1"
"Unknown years","Jasper","1","0","0"
"01-04 years","Jeff Davis","29","0","0"
"05-09 years","Jeff Davis","35","0","0"
"10-17 years","Jeff Davis","121","0","2"
"18-29 years","Jeff Davis","255","0","3"
"30-39 years","Jeff Davis","213","0","8"
"40-49 years","Jeff Davis","213","0","12"
"50-59 years","Jeff Davis","200","7","19"
"60-69 years","Jeff Davis","130","8","22"
"70-79 years","Jeff Davis","86","13","19"
"80 & Older years","Jeff Davis","18","8","7"
"<1 years","Jeff Davis","3","0","1"
"01-04 years","Jefferson","18","0","0"
"05-09 years","Jefferson","32","0","0"
"10-17 years","Jefferson","109","0","1"
"18-29 years","Jefferson","244","0","3"
"30-39 years","Jefferson","203","0","9"
"40-49 years","Jefferson","216","3","14"
"50-59 years","Jefferson","271","5","23"
"60-69 years","Jefferson","255","12","34"
"70-79 years","Jefferson","156","19","41"
"80 & Older years","Jefferson","69","20","29"
"<1 years","Jefferson","4","0","0"
"Unknown years","Jefferson","8","0","0"
"01-04 years","Jenkins","17","0","0"
"05-09 years","Jenkins","20","0","0"
"10-17 years","Jenkins","61","0","0"
"18-29 years","Jenkins","112","0","2"
"30-39 years","Jenkins","88","2","6"
"40-49 years","Jenkins","110","2","9"
"50-59 years","Jenkins","122","6","20"
"60-69 years","Jenkins","88","6","13"
"70-79 years","Jenkins","57","13","21"
"80 & Older years","Jenkins","50","10","11"
"<1 years","Jenkins","2","0","0"
"Unknown years","Jenkins","1","0","0"
"01-04 years","Johnson","6","0","0"
"05-09 years","Johnson","8","0","0"
"10-17 years","Johnson","29","0","0"
"18-29 years","Johnson","124","0","3"
"30-39 years","Johnson","108","0","3"
"40-49 years","Johnson","97","2","6"
"50-59 years","Johnson","132","5","18"
"60-69 years","Johnson","128","8","22"
"70-79 years","Johnson","89","8","24"
"80 & Older years","Johnson","66","19","20"
"<1 years","Johnson","2","0","2"
"Unknown years","Johnson","1","0","0"
"01-04 years","Jones","6","0","0"
"05-09 years","Jones","24","0","0"
"10-17 years","Jones","87","0","0"
"18-29 years","Jones","334","0","7"
"30-39 years","Jones","247","1","9"
"40-49 years","Jones","238","2","17"
"50-59 years","Jones","268","3","29"
"60-69 years","Jones","179","5","34"
"70-79 years","Jones","125","20","46"
"80 & Older years","Jones","75","21","24"
"<1 years","Jones","3","0","0"
"Unknown years","Jones","1","0","0"
"01-04 years","Lamar","30","0","0"
"05-09 years","Lamar","48","0","0"
"10-17 years","Lamar","113","0","4"
"18-29 years","Lamar","220","0","4"
"30-39 years","Lamar","190","0","12"
"40-49 years","Lamar","184","1","7"
"50-59 years","Lamar","194","3","30"
"60-69 years","Lamar","175","10","24"
"70-79 years","Lamar","126","12","23"
"80 & Older years","Lamar","63","20","18"
"<1 years","Lamar","14","0","1"
"Unknown years","Lamar","1","0","0"
"01-04 years","Lanier","7","0","0"
"05-09 years","Lanier","10","0","1"
"10-17 years","Lanier","36","0","1"
"18-29 years","Lanier","108","1","1"
"30-39 years","Lanier","123","0","2"
"40-49 years","Lanier","76","1","2"
"50-59 years","Lanier","62","1","6"
"60-69 years","Lanier","40","2","2"
"70-79 years","Lanier","23","4","6"
"80 & Older years","Lanier","14","0","6"
"<1 years","Lanier","4","0","0"
"01-04 years","Laurens","31","0","0"
"05-09 years","Laurens","48","0","1"
"10-17 years","Laurens","245","0","4"
"18-29 years","Laurens","668","0","10"
"30-39 years","Laurens","552","1","18"
"40-49 years","Laurens","573","5","29"
"50-59 years","Laurens","582","11","64"
"60-69 years","Laurens","484","31","83"
"70-79 years","Laurens","319","48","83"
"80 & Older years","Laurens","216","50","60"
"<1 years","Laurens","5","0","1"
"Unknown years","Laurens","3","0","0"
"01-04 years","Lee","11","0","0"
"05-09 years","Lee","27","0","3"
"10-17 years","Lee","113","0","1"
"18-29 years","Lee","267","1","9"
"30-39 years","Lee","293","1","16"
"40-49 years","Lee","293","4","29"
"50-59 years","Lee","266","9","42"
"60-69 years","Lee","189","13","34"
"70-79 years","Lee","88","14","29"
"80 & Older years","Lee","51","9","21"
"<1 years","Lee","8","0","0"
"01-04 years","Liberty","67","0","1"
"05-09 years","Liberty","79","0","1"
"10-17 years","Liberty","259","0","2"
"18-29 years","Liberty","1063","1","13"
"30-39 years","Liberty","570","0","20"
"40-49 years","Liberty","464","1","18"
"50-59 years","Liberty","444","10","43"
"60-69 years","Liberty","303","17","50"
"70-79 years","Liberty","138","18","52"
"80 & Older years","Liberty","59","14","24"
"<1 years","Liberty","29","0","1"
"Unknown years","Liberty","7","0","0"
"01-04 years","Lincoln","9","0","0"
"05-09 years","Lincoln","13","0","0"
"10-17 years","Lincoln","29","0","0"
"18-29 years","Lincoln","95","0","3"
"30-39 years","Lincoln","71","0","1"
"40-49 years","Lincoln","79","1","6"
"50-59 years","Lincoln","67","3","5"
"60-69 years","Lincoln","75","4","15"
"70-79 years","Lincoln","51","9","13"
"80 & Older years","Lincoln","21","7","9"
"<1 years","Lincoln","2","0","0"
"Unknown years","Lincoln","4","0","0"
"01-04 years","Long","17","0","0"
"05-09 years","Long","16","0","0"
"10-17 years","Long","61","0","0"
"18-29 years","Long","131","0","0"
"30-39 years","Long","144","0","3"
"40-49 years","Long","108","0","6"
"50-59 years","Long","78","1","10"
"60-69 years","Long","61","2","8"
"70-79 years","Long","39","6","14"
"80 & Older years","Long","16","2","7"
"<1 years","Long","6","0","0"
"Unknown years","Long","1","0","0"
"01-04 years","Lowndes","147","0","0"
"05-09 years","Lowndes","190","0","0"
"10-17 years","Lowndes","630","0","7"
"18-29 years","Lowndes","2398","4","29"
"30-39 years","Lowndes","1283","1","22"
"40-49 years","Lowndes","1050","4","45"
"50-59 years","Lowndes","923","9","64"
"60-69 years","Lowndes","628","29","85"
"70-79 years","Lowndes","343","40","67"
"80 & Older years","Lowndes","209","56","64"
"<1 years","Lowndes","37","0","0"
"Unknown years","Lowndes","13","0","0"
"01-04 years","Lumpkin","17","0","1"
"05-09 years","Lumpkin","32","0","2"
"10-17 years","Lumpkin","136","0","2"
"18-29 years","Lumpkin","726","0","14"
"30-39 years","Lumpkin","341","0","9"
"40-49 years","Lumpkin","335","1","19"
"50-59 years","Lumpkin","407","5","47"
"60-69 years","Lumpkin","375","11","55"
"70-79 years","Lumpkin","276","16","70"
"80 & Older years","Lumpkin","136","31","69"
"<1 years","Lumpkin","7","0","1"
"Unknown years","Lumpkin","32","0","2"
"01-04 years","Macon","9","0","0"
"05-09 years","Macon","12","0","0"
"10-17 years","Macon","23","0","0"
"18-29 years","Macon","110","0","4"
"30-39 years","Macon","80","0","4"
"40-49 years","Macon","109","1","8"
"50-59 years","Macon","121","4","14"
"60-69 years","Macon","78","7","24"
"70-79 years","Macon","54","7","21"
"80 & Older years","Macon","19","8","7"
"<1 years","Macon","3","0","0"
"Unknown years","Macon","4","0","1"
"01-04 years","Madison","42","0","1"
"05-09 years","Madison","56","0","0"
"10-17 years","Madison","232","0","0"
"18-29 years","Madison","502","0","2"
"30-39 years","Madison","422","0","5"
"40-49 years","Madison","419","0","18"
"50-59 years","Madison","442","5","27"
"60-69 years","Madison","342","9","40"
"70-79 years","Madison","202","18","46"
"80 & Older years","Madison","80","14","15"
"<1 years","Madison","20","0","4"
"Unknown years","Madison","4","0","0"
"01-04 years","Marion","9","0","0"
"05-09 years","Marion","8","0","1"
"10-17 years","Marion","38","0","0"
"18-29 years","Marion","66","0","2"
"30-39 years","Marion","44","0","2"
"40-49 years","Marion","63","1","6"
"50-59 years","Marion","65","6","7"
"60-69 years","Marion","47","3","6"
"70-79 years","Marion","28","2","6"
"80 & Older years","Marion","29","5","9"
"<1 years","Marion","3","0","0"
"Unknown years","Marion","2","0","0"
"01-04 years","McDuffie","28","0","0"
"05-09 years","McDuffie","33","0","0"
"10-17 years","McDuffie","133","0","0"
"18-29 years","McDuffie","329","0","6"
"30-39 years","McDuffie","256","2","4"
"40-49 years","McDuffie","256","2","15"
"50-59 years","McDuffie","260","4","30"
"60-69 years","McDuffie","208","10","29"
"70-79 years","McDuffie","116","8","46"
"80 & Older years","McDuffie","54","15","30"
"<1 years","McDuffie","4","0","0"
"Unknown years","McDuffie","21","0","0"
"01-04 years","McIntosh","4","0","0"
"05-09 years","McIntosh","14","0","0"
"10-17 years","McIntosh","42","0","0"
"18-29 years","McIntosh","116","0","4"
"30-39 years","McIntosh","83","0","3"
"40-49 years","McIntosh","102","0","4"
"50-59 years","McIntosh","136","0","4"
"60-69 years","McIntosh","108","2","17"
"70-79 years","McIntosh","65","4","16"
"80 & Older years","McIntosh","28","8","9"
"<1 years","McIntosh","1","0","0"
"Unknown years","McIntosh","1","0","0"
"01-04 years","Meriwether","27","0","2"
"05-09 years","Meriwether","28","0","1"
"10-17 years","Meriwether","89","0","1"
"18-29 years","Meriwether","224","0","7"
"30-39 years","Meriwether","186","2","13"
"40-49 years","Meriwether","226","2","16"
"50-59 years","Meriwether","245","6","20"
"60-69 years","Meriwether","219","11","27"
"70-79 years","Meriwether","189","24","33"
"80 & Older years","Meriwether","100","28","19"
"<1 years","Meriwether","5","0","0"
"Unknown years","Meriwether","1","0","0"
"01-04 years","Miller","12","0","0"
"05-09 years","Miller","9","0","0"
"10-17 years","Miller","80","0","1"
"18-29 years","Miller","111","0","1"
"30-39 years","Miller","101","0","0"
"40-49 years","Miller","85","0","6"
"50-59 years","Miller","131","2","12"
"60-69 years","Miller","98","3","12"
"70-79 years","Miller","31","2","3"
"80 & Older years","Miller","25","2","6"
"<1 years","Miller","3","0","0"
"01-04 years","Mitchell","25","0","1"
"05-09 years","Mitchell","28","0","0"
"10-17 years","Mitchell","90","0","2"
"18-29 years","Mitchell","259","0","10"
"30-39 years","Mitchell","229","1","16"
"40-49 years","Mitchell","214","3","17"
"50-59 years","Mitchell","251","12","55"
"60-69 years","Mitchell","209","15","50"
"70-79 years","Mitchell","133","17","47"
"80 & Older years","Mitchell","97","26","33"
"<1 years","Mitchell","8","0","0"
"Unknown years","Mitchell","2","0","1"
"01-04 years","Monroe","15","0","1"
"05-09 years","Monroe","24","0","1"
"10-17 years","Monroe","92","0","0"
"18-29 years","Monroe","310","1","6"
"30-39 years","Monroe","253","0","8"
"40-49 years","Monroe","278","4","19"
"50-59 years","Monroe","320","3","27"
"60-69 years","Monroe","296","19","51"
"70-79 years","Monroe","167","22","44"
"80 & Older years","Monroe","121","38","34"
"<1 years","Monroe","4","0","1"
"01-04 years","Montgomery","9","0","0"
"05-09 years","Montgomery","7","0","0"
"10-17 years","Montgomery","53","0","1"
"18-29 years","Montgomery","155","0","1"
"30-39 years","Montgomery","98","1","3"
"40-49 years","Montgomery","125","0","2"
"50-59 years","Montgomery","102","3","8"
"60-69 years","Montgomery","98","5","13"
"70-79 years","Montgomery","53","6","9"
"80 & Older years","Montgomery","25","6","6"
"<1 years","Montgomery","1","0","0"
"Unknown years","Montgomery","1","0","0"
"01-04 years","Morgan","17","0","0"
"05-09 years","Morgan","26","0","1"
"10-17 years","Morgan","92","0","2"
"18-29 years","Morgan","212","0","4"
"30-39 years","Morgan","169","0","7"
"40-49 years","Morgan","174","1","7"
"50-59 years","Morgan","192","2","18"
"60-69 years","Morgan","141","5","14"
"70-79 years","Morgan","107","4","18"
"80 & Older years","Morgan","56","11","20"
"<1 years","Morgan","13","0","1"
"Unknown years","Morgan","2","0","0"
"01-04 years","Murray","70","0","2"
"05-09 years","Murray","102","0","2"
"10-17 years","Murray","410","0","2"
"18-29 years","Murray","839","0","10"
"30-39 years","Murray","591","1","8"
"40-49 years","Murray","730","0","25"
"50-59 years","Murray","640","9","48"
"60-69 years","Murray","428","15","68"
"70-79 years","Murray","261","33","62"
"80 & Older years","Murray","104","23","26"
"<1 years","Murray","25","0","2"
"Unknown years","Murray","2","0","0"
"01-04 years","Muscogee","239","0","8"
"05-09 years","Muscogee","369","0","0"
"10-17 years","Muscogee","1010","0","9"
"18-29 years","Muscogee","3393","4","75"
"30-39 years","Muscogee","2314","2","86"
"40-49 years","Muscogee","2007","8","108"
"50-59 years","Muscogee","2016","46","216"
"60-69 years","Muscogee","1601","87","278"
"70-79 years","Muscogee","892","106","220"
"80 & Older years","Muscogee","530","153","183"
"<1 years","Muscogee","76","0","4"
"Unknown years","Muscogee","53","0","1"
"01-04 years","Newton","86","0","2"
"05-09 years","Newton","145","0","1"
"10-17 years","Newton","469","0","11"
"18-29 years","Newton","1448","1","47"
"30-39 years","Newton","1204","0","63"
"40-49 years","Newton","1378","9","104"
"50-59 years","Newton","1294","22","131"
"60-69 years","Newton","722","41","111"
"70-79 years","Newton","508","62","110"
"80 & Older years","Newton","300","89","80"
"<1 years","Newton","31","0","5"
"Unknown years","Newton","1","0","0"
"01-04 years","Non-GA Resident/Unknown State","255","0","4"
"05-09 years","Non-GA Resident/Unknown State","416","0","5"
"10-17 years","Non-GA Resident/Unknown State","1272","0","7"
"18-29 years","Non-GA Resident/Unknown State","5578","5","64"
"30-39 years","Non-GA Resident/Unknown State","3921","3","93"
"40-49 years","Non-GA Resident/Unknown State","3293","17","106"
"50-59 years","Non-GA Resident/Unknown State","3328","50","209"
"60-69 years","Non-GA Resident/Unknown State","2360","120","281"
"70-79 years","Non-GA Resident/Unknown State","1532","138","300"
"80 & Older years","Non-GA Resident/Unknown State","860","145","201"
"<1 years","Non-GA Resident/Unknown State","153","0","2"
"Unknown years","Non-GA Resident/Unknown State","825","0","3"
"01-04 years","Oconee","37","0","0"
"05-09 years","Oconee","65","0","0"
"10-17 years","Oconee","335","0","0"
"18-29 years","Oconee","576","1","5"
"30-39 years","Oconee","380","1","4"
"40-49 years","Oconee","572","1","12"
"50-59 years","Oconee","479","5","11"
"60-69 years","Oconee","309","11","34"
"70-79 years","Oconee","176","18","24"
"80 & Older years","Oconee","132","28","40"
"<1 years","Oconee","10","0","0"
"01-04 years","Oglethorpe","19","0","0"
"05-09 years","Oglethorpe","29","0","0"
"10-17 years","Oglethorpe","97","0","1"
"18-29 years","Oglethorpe","210","0","1"
"30-39 years","Oglethorpe","150","1","1"
"40-49 years","Oglethorpe","177","1","7"
"50-59 years","Oglethorpe","184","1","18"
"60-69 years","Oglethorpe","147","1","15"
"70-79 years","Oglethorpe","106","9","15"
"80 & Older years","Oglethorpe","68","15","17"
"<1 years","Oglethorpe","12","0","0"
"Unknown years","Oglethorpe","1","0","0"
"01-04 years","Paulding","149","0","2"
"05-09 years","Paulding","287","0","0"
"10-17 years","Paulding","1073","0","7"
"18-29 years","Paulding","2070","1","28"
"30-39 years","Paulding","1764","2","33"
"40-49 years","Paulding","1903","7","53"
"50-59 years","Paulding","1785","18","81"
"60-69 years","Paulding","930","36","81"
"70-79 years","Paulding","520","40","74"
"80 & Older years","Paulding","312","65","65"
"<1 years","Paulding","38","0","0"
"Unknown years","Paulding","46","0","0"
"01-04 years","Peach","15","0","2"
"05-09 years","Peach","21","0","0"
"10-17 years","Peach","81","0","2"
"18-29 years","Peach","407","1","10"
"30-39 years","Peach","316","0","16"
"40-49 years","Peach","254","4","23"
"50-59 years","Peach","310","8","43"
"60-69 years","Peach","269","10","59"
"70-79 years","Peach","131","13","40"
"80 & Older years","Peach","68","16","30"
"<1 years","Peach","4","0","0"
"01-04 years","Pickens","23","0","2"
"05-09 years","Pickens","39","0","1"
"10-17 years","Pickens","151","0","0"
"18-29 years","Pickens","402","0","6"
"30-39 years","Pickens","336","0","12"
"40-49 years","Pickens","400","0","19"
"50-59 years","Pickens","453","4","27"
"60-69 years","Pickens","348","9","43"
"70-79 years","Pickens","278","23","64"
"80 & Older years","Pickens","123","28","38"
"<1 years","Pickens","3","0","1"
"Unknown years","Pickens","1","0","0"
"01-04 years","Pierce","14","0","0"
"05-09 years","Pierce","25","0","0"
"10-17 years","Pierce","96","1","1"
"18-29 years","Pierce","234","0","5"
"30-39 years","Pierce","156","0","4"
"40-49 years","Pierce","218","0","16"
"50-59 years","Pierce","197","4","20"
"60-69 years","Pierce","157","11","40"
"70-79 years","Pierce","117","14","35"
"80 & Older years","Pierce","55","14","17"
"<1 years","Pierce","7","0","1"
"01-04 years","Pike","27","0","0"
"05-09 years","Pike","28","0","0"
"10-17 years","Pike","122","0","1"
"18-29 years","Pike","169","0","6"
"30-39 years","Pike","145","0","2"
"40-49 years","Pike","199","3","9"
"50-59 years","Pike","158","4","9"
"60-69 years","Pike","106","3","17"
"70-79 years","Pike","85","8","19"
"80 & Older years","Pike","34","8","9"
"<1 years","Pike","2","0","0"
"Unknown years","Pike","2","0","0"
"01-04 years","Polk","44","0","1"
"05-09 years","Polk","75","0","2"
"10-17 years","Polk","328","0","3"
"18-29 years","Polk","816","0","13"
"30-39 years","Polk","584","1","17"
"40-49 years","Polk","593","3","40"
"50-59 years","Polk","618","12","85"
"60-69 years","Polk","398","16","74"
"70-79 years","Polk","317","24","87"
"80 & Older years","Polk","141","26","57"
"<1 years","Polk","20","0","0"
"Unknown years","Polk","29","0","0"
"01-04 years","Pulaski","5","0","0"
"05-09 years","Pulaski","9","0","0"
"10-17 years","Pulaski","37","0","1"
"18-29 years","Pulaski","85","0","2"
"30-39 years","Pulaski","93","0","2"
"40-49 years","Pulaski","92","0","10"
"50-59 years","Pulaski","104","0","6"
"60-69 years","Pulaski","95","8","13"
"70-79 years","Pulaski","49","12","17"
"80 & Older years","Pulaski","40","12","6"
"<1 years","Pulaski","3","0","0"
"01-04 years","Putnam","24","0","0"
"05-09 years","Putnam","43","0","1"
"10-17 years","Putnam","127","0","2"
"18-29 years","Putnam","286","0","2"
"30-39 years","Putnam","234","0","6"
"40-49 years","Putnam","229","1","9"
"50-59 years","Putnam","304","2","22"
"60-69 years","Putnam","260","13","29"
"70-79 years","Putnam","202","20","55"
"80 & Older years","Putnam","85","20","34"
"<1 years","Putnam","7","0","1"
"01-04 years","Quitman","1","0","0"
"05-09 years","Quitman","4","0","0"
"10-17 years","Quitman","6","0","0"
"18-29 years","Quitman","12","0","1"
"30-39 years","Quitman","4","0","1"
"40-49 years","Quitman","3","0","1"
"50-59 years","Quitman","16","0","1"
"60-69 years","Quitman","24","1","4"
"70-79 years","Quitman","4","0","1"
"80 & Older years","Quitman","6","1","2"
"<1 years","Quitman","2","0","0"
"01-04 years","Rabun","17","0","0"
"05-09 years","Rabun","29","0","0"
"10-17 years","Rabun","119","0","1"
"18-29 years","Rabun","225","0","5"
"30-39 years","Rabun","196","1","10"
"40-49 years","Rabun","209","0","10"
"50-59 years","Rabun","238","3","24"
"60-69 years","Rabun","240","8","34"
"70-79 years","Rabun","183","11","35"
"80 & Older years","Rabun","81","17","31"
"<1 years","Rabun","5","0","1"
"Unknown years","Rabun","12","0","0"
"01-04 years","Randolph","2","0","0"
"05-09 years","Randolph","5","0","0"
"10-17 years","Randolph","14","0","1"
"18-29 years","Randolph","61","0","2"
"30-39 years","Randolph","72","2","6"
"40-49 years","Randolph","56","0","5"
"50-59 years","Randolph","91","3","20"
"60-69 years","Randolph","72","9","16"
"70-79 years","Randolph","48","4","15"
"80 & Older years","Randolph","46","15","16"
"<1 years","Randolph","1","0","0"
"Unknown years","Randolph","2","0","0"
"01-04 years","Richmond","305","0","1"
"05-09 years","Richmond","600","0","4"
"10-17 years","Richmond","1634","0","14"
"18-29 years","Richmond","4650","9","66"
"30-39 years","Richmond","3481","7","88"
"40-49 years","Richmond","2808","17","122"
"50-59 years","Richmond","2769","43","220"
"60-69 years","Richmond","2032","82","279"
"70-79 years","Richmond","1103","107","299"
"80 & Older years","Richmond","670","155","275"
"<1 years","Richmond","87","0","2"
"Unknown years","Richmond","25","0","1"
"01-04 years","Rockdale","62","0","4"
"05-09 years","Rockdale","113","0","1"
"10-17 years","Rockdale","368","0","13"
"18-29 years","Rockdale","1216","2","75"
"30-39 years","Rockdale","963","3","94"
"40-49 years","Rockdale","1077","7","122"
"50-59 years","Rockdale","1051","13","176"
"60-69 years","Rockdale","655","30","153"
"70-79 years","Rockdale","381","50","149"
"80 & Older years","Rockdale","206","47","95"
"<1 years","Rockdale","13","0","2"
"Unknown years","Rockdale","4","0","0"
"01-04 years","Schley","5","0","0"
"05-09 years","Schley","4","0","0"
"10-17 years","Schley","22","0","0"
"18-29 years","Schley","48","0","2"
"30-39 years","Schley","21","0","0"
"40-49 years","Schley","32","0","4"
"50-59 years","Schley","32","1","3"
"60-69 years","Schley","27","1","8"
"70-79 years","Schley","13","1","2"
"80 & Older years","Schley","7","2","2"
"<1 years","Schley","1","0","0"
"01-04 years","Screven","8","0","0"
"05-09 years","Screven","15","0","0"
"10-17 years","Screven","62","0","0"
"18-29 years","Screven","137","0","3"
"30-39 years","Screven","125","0","2"
"40-49 years","Screven","102","1","6"
"50-59 years","Screven","117","2","16"
"60-69 years","Screven","136","2","15"
"70-79 years","Screven","74","8","19"
"80 & Older years","Screven","38","8","11"
"<1 years","Screven","4","0","0"
"Unknown years","Screven","1","0","0"
"01-04 years","Seminole","13","0","0"
"05-09 years","Seminole","15","0","0"
"10-17 years","Seminole","74","0","0"
"18-29 years","Seminole","113","0","0"
"30-39 years","Seminole","90","0","1"
"40-49 years","Seminole","93","0","5"
"50-59 years","Seminole","114","1","6"
"60-69 years","Seminole","134","4","26"
"70-79 years","Seminole","71","6","16"
"80 & Older years","Seminole","30","7","12"
"<1 years","Seminole","4","0","0"
"01-04 years","Spalding","68","0","3"
"05-09 years","Spalding","74","0","1"
"10-17 years","Spalding","222","0","5"
"18-29 years","Spalding","723","1","32"
"30-39 years","Spalding","627","4","31"
"40-49 years","Spalding","633","4","48"
"50-59 years","Spalding","661","16","78"
"60-69 years","Spalding","501","36","93"
"70-79 years","Spalding","362","45","83"
"80 & Older years","Spalding","221","51","67"
"<1 years","Spalding","13","0","0"
"Unknown years","Spalding","22","0","0"
"01-04 years","Stephens","18","0","0"
"05-09 years","Stephens","45","0","1"
"10-17 years","Stephens","188","0","3"
"18-29 years","Stephens","546","1","13"
"30-39 years","Stephens","353","0","8"
"40-49 years","Stephens","446","1","23"
"50-59 years","Stephens","464","5","37"
"60-69 years","Stephens","448","23","62"
"70-79 years","Stephens","303","23","67"
"80 & Older years","Stephens","161","28","42"
"<1 years","Stephens","4","0","0"
"Unknown years","Stephens","14","0","0"
"01-04 years","Stewart","6","0","1"
"05-09 years","Stewart","2","0","0"
"10-17 years","Stewart","14","0","0"
"18-29 years","Stewart","175","0","22"
"30-39 years","Stewart","222","1","25"
"40-49 years","Stewart","156","2","23"
"50-59 years","Stewart","85","2","13"
"60-69 years","Stewart","71","13","27"
"70-79 years","Stewart","26","3","6"
"80 & Older years","Stewart","21","4","6"
"<1 years","Stewart","1","0","0"
"Unknown years","Stewart","14","0","4"
"01-04 years","Sumter","27","0","0"
"05-09 years","Sumter","31","0","0"
"10-17 years","Sumter","80","0","4"
"18-29 years","Sumter","329","1","11"
"30-39 years","Sumter","268","1","21"
"40-49 years","Sumter","261","5","24"
"50-59 years","Sumter","279","3","42"
"60-69 years","Sumter","259","25","69"
"70-79 years","Sumter","166","27","46"
"80 & Older years","Sumter","106","30","48"
"<1 years","Sumter","10","0","0"
"Unknown years","Sumter","1","0","0"
"01-04 years","Talbot","8","0","0"
"05-09 years","Talbot","6","0","0"
"10-17 years","Talbot","30","0","0"
"18-29 years","Talbot","58","0","1"
"30-39 years","Talbot","39","0","2"
"40-49 years","Talbot","60","1","4"
"50-59 years","Talbot","67","5","6"
"60-69 years","Talbot","62","3","14"
"70-79 years","Talbot","39","6","7"
"80 & Older years","Talbot","20","3","8"
"Unknown years","Talbot","2","0","0"
"01-04 years","Taliaferro","1","0","0"
"05-09 years","Taliaferro","2","0","0"
"10-17 years","Taliaferro","7","0","0"
"18-29 years","Taliaferro","13","0","0"
"30-39 years","Taliaferro","15","0","0"
"40-49 years","Taliaferro","19","0","1"
"50-59 years","Taliaferro","10","0","0"
"60-69 years","Taliaferro","20","1","2"
"70-79 years","Taliaferro","10","1","3"
"80 & Older years","Taliaferro","4","1","2"
"01-04 years","Tattnall","31","0","0"
"05-09 years","Tattnall","45","0","0"
"10-17 years","Tattnall","161","0","0"
"18-29 years","Tattnall","321","0","1"
"30-39 years","Tattnall","285","1","5"
"40-49 years","Tattnall","281","0","7"
"50-59 years","Tattnall","312","7","24"
"60-69 years","Tattnall","240","16","36"
"70-79 years","Tattnall","120","18","39"
"80 & Older years","Tattnall","46","5","8"
"<1 years","Tattnall","10","0","1"
"01-04 years","Taylor","13","0","1"
"05-09 years","Taylor","16","0","0"
"10-17 years","Taylor","53","0","1"
"18-29 years","Taylor","81","0","2"
"30-39 years","Taylor","52","0","4"
"40-49 years","Taylor","94","1","11"
"50-59 years","Taylor","76","1","16"
"60-69 years","Taylor","65","5","18"
"70-79 years","Taylor","33","6","10"
"80 & Older years","Taylor","25","9","11"
"<1 years","Taylor","4","0","0"
"Unknown years","Taylor","1","0","0"
"01-04 years","Telfair","11","0","0"
"05-09 years","Telfair","12","0","0"
"10-17 years","Telfair","21","0","0"
"18-29 years","Telfair","139","0","3"
"30-39 years","Telfair","93","1","1"
"40-49 years","Telfair","114","3","7"
"50-59 years","Telfair","109","5","10"
"60-69 years","Telfair","106","9","18"
"70-79 years","Telfair","71","12","19"
"80 & Older years","Telfair","44","15","12"
"<1 years","Telfair","5","0","0"
"Unknown years","Telfair","2","0","0"
"01-04 years","Terrell","8","0","0"
"05-09 years","Terrell","10","0","0"
"10-17 years","Terrell","42","0","0"
"18-29 years","Terrell","73","0","4"
"30-39 years","Terrell","81","0","9"
"40-49 years","Terrell","67","0","8"
"50-59 years","Terrell","100","4","15"
"60-69 years","Terrell","92","12","33"
"70-79 years","Terrell","62","17","28"
"80 & Older years","Terrell","39","13","16"
"01-04 years","Thomas","64","0","1"
"05-09 years","Thomas","116","0","0"
"10-17 years","Thomas","314","0","3"
"18-29 years","Thomas","628","1","26"
"30-39 years","Thomas","508","2","19"
"40-49 years","Thomas","533","4","29"
"50-59 years","Thomas","557","11","46"
"60-69 years","Thomas","438","14","92"
"70-79 years","Thomas","260","34","74"
"80 & Older years","Thomas","167","48","60"
"<1 years","Thomas","19","0","2"
"Unknown years","Thomas","2","0","0"
"01-04 years","Tift","38","0","3"
"05-09 years","Tift","58","0","3"
"10-17 years","Tift","236","0","7"
"18-29 years","Tift","786","0","20"
"30-39 years","Tift","553","1","28"
"40-49 years","Tift","550","7","60"
"50-59 years","Tift","471","9","69"
"60-69 years","Tift","357","17","75"
"70-79 years","Tift","247","30","91"
"80 & Older years","Tift","138","33","60"
"<1 years","Tift","13","0","0"
"Unknown years","Tift","3","0","0"
"01-04 years","Toombs","31","0","0"
"05-09 years","Toombs","54","0","0"
"10-17 years","Toombs","219","0","2"
"18-29 years","Toombs","537","0","6"
"30-39 years","Toombs","426","0","4"
"40-49 years","Toombs","433","1","22"
"50-59 years","Toombs","435","7","28"
"60-69 years","Toombs","389","16","44"
"70-79 years","Toombs","265","34","42"
"80 & Older years","Toombs","156","40","33"
"<1 years","Toombs","8","0","0"
"01-04 years","Towns","4","0","0"
"05-09 years","Towns","6","0","0"
"10-17 years","Towns","48","0","1"
"18-29 years","Towns","142","0","4"
"30-39 years","Towns","89","0","3"
"40-49 years","Towns","122","2","5"
"50-59 years","Towns","176","2","16"
"60-69 years","Towns","232","3","19"
"70-79 years","Towns","165","10","35"
"80 & Older years","Towns","124","27","47"
"Unknown years","Towns","3","0","0"
"01-04 years","Treutlen","6","0","0"
"05-09 years","Treutlen","15","0","1"
"10-17 years","Treutlen","48","0","0"
"18-29 years","Treutlen","102","0","2"
"30-39 years","Treutlen","100","0","5"
"40-49 years","Treutlen","102","2","5"
"50-59 years","Treutlen","102","1","8"
"60-69 years","Treutlen","68","5","13"
"70-79 years","Treutlen","53","10","11"
"80 & Older years","Treutlen","31","6","8"
"01-04 years","Troup","139","0","2"
"05-09 years","Troup","187","0","0"
"10-17 years","Troup","540","0","7"
"18-29 years","Troup","1227","1","29"
"30-39 years","Troup","912","7","43"
"40-49 years","Troup","823","6","51"
"50-59 years","Troup","858","14","105"
"60-69 years","Troup","652","32","101"
"70-79 years","Troup","351","46","95"
"80 & Older years","Troup","259","81","67"
"<1 years","Troup","44","0","1"
"Unknown years","Troup","6","0","0"
"01-04 years","Turner","4","0","0"
"05-09 years","Turner","7","0","1"
"10-17 years","Turner","22","0","0"
"18-29 years","Turner","88","0","2"
"30-39 years","Turner","104","0","10"
"40-49 years","Turner","108","0","5"
"50-59 years","Turner","95","2","13"
"60-69 years","Turner","86","9","26"
"70-79 years","Turner","53","7","14"
"80 & Older years","Turner","35","16","15"
"<1 years","Turner","2","0","1"
"01-04 years","Twiggs","10","0","0"
"05-09 years","Twiggs","6","0","1"
"10-17 years","Twiggs","27","0","0"
"18-29 years","Twiggs","67","0","1"
"30-39 years","Twiggs","62","1","5"
"40-49 years","Twiggs","62","1","7"
"50-59 years","Twiggs","92","3","13"
"60-69 years","Twiggs","103","11","33"
"70-79 years","Twiggs","58","9","23"
"80 & Older years","Twiggs","26","14","18"
"<1 years","Twiggs","1","0","0"
"01-04 years","Union","8","0","0"
"05-09 years","Union","17","0","0"
"10-17 years","Union","72","0","1"
"18-29 years","Union","263","1","1"
"30-39 years","Union","228","0","3"
"40-49 years","Union","234","0","14"
"50-59 years","Union","314","5","24"
"60-69 years","Union","382","6","46"
"70-79 years","Union","325","21","60"
"80 & Older years","Union","209","37","64"
"<1 years","Union","1","0","0"
"Unknown years","Union","15","0","0"
"01-04 years","Unknown","15","0","0"
"05-09 years","Unknown","41","0","0"
"10-17 years","Unknown","162","0","0"
"18-29 years","Unknown","741","2","4"
"30-39 years","Unknown","354","0","3"
"40-49 years","Unknown","319","1","2"
"50-59 years","Unknown","283","2","5"
"60-69 years","Unknown","160","0","6"
"70-79 years","Unknown","102","0","8"
"80 & Older years","Unknown","39","0","5"
"<1 years","Unknown","26","0","0"
"Unknown years","Unknown","87","0","3"
"01-04 years","Upson","42","0","0"
"05-09 years","Upson","49","0","0"
"10-17 years","Upson","142","0","1"
"18-29 years","Upson","316","0","6"
"30-39 years","Upson","220","2","10"
"40-49 years","Upson","248","1","11"
"50-59 years","Upson","265","7","23"
"60-69 years","Upson","243","22","41"
"70-79 years","Upson","173","34","51"
"80 & Older years","Upson","107","41","36"
"<1 years","Upson","15","0","0"
"Unknown years","Upson","5","0","0"
"01-04 years","Walker","86","0","1"
"05-09 years","Walker","159","0","1"
"10-17 years","Walker","566","0","4"
"18-29 years","Walker","1180","0","20"
"30-39 years","Walker","883","1","17"
"40-49 years","Walker","1072","2","31"
"50-59 years","Walker","915","4","40"
"60-69 years","Walker","757","16","70"
"70-79 years","Walker","500","30","64"
"80 & Older years","Walker","244","27","33"
"<1 years","Walker","40","0","2"
"Unknown years","Walker","213","0","7"
"01-04 years","Walton","83","0","1"
"05-09 years","Walton","172","0","1"
"10-17 years","Walton","635","0","6"
"18-29 years","Walton","1386","2","32"
"30-39 years","Walton","1207","0","28"
"40-49 years","Walton","1328","3","54"
"50-59 years","Walton","1301","17","91"
"60-69 years","Walton","897","33","92"
"70-79 years","Walton","672","78","117"
"80 & Older years","Walton","397","106","86"
"<1 years","Walton","29","0","2"
"Unknown years","Walton","16","0","0"
"01-04 years","Ware","63","0","1"
"05-09 years","Ware","69","0","0"
"10-17 years","Ware","248","0","1"
"18-29 years","Ware","563","1","5"
"30-39 years","Ware","461","2","20"
"40-49 years","Ware","397","3","32"
"50-59 years","Ware","426","16","63"
"60-69 years","Ware","313","21","64"
"70-79 years","Ware","265","42","100"
"80 & Older years","Ware","212","68","64"
"<1 years","Ware","19","0","2"
"01-04 years","Warren","6","0","0"
"05-09 years","Warren","3","0","0"
"10-17 years","Warren","28","0","0"
"18-29 years","Warren","71","0","3"
"30-39 years","Warren","51","0","4"
"40-49 years","Warren","50","2","5"
"50-59 years","Warren","70","2","8"
"60-69 years","Warren","44","3","8"
"70-79 years","Warren","36","5","13"
"80 & Older years","Warren","17","2","6"
"<1 years","Warren","2","0","1"
"Unknown years","Warren","4","0","0"
"01-04 years","Washington","24","0","0"
"05-09 years","Washington","29","0","0"
"10-17 years","Washington","124","0","2"
"18-29 years","Washington","269","0","7"
"30-39 years","Washington","250","0","8"
"40-49 years","Washington","257","4","12"
"50-59 years","Washington","244","6","18"
"60-69 years","Washington","231","15","31"
"70-79 years","Washington","122","12","22"
"80 & Older years","Washington","79","25","13"
"<1 years","Washington","10","0","0"
"Unknown years","Washington","1","0","0"
"01-04 years","Wayne","31","0","1"
"05-09 years","Wayne","39","0","0"
"10-17 years","Wayne","175","0","1"
"18-29 years","Wayne","424","0","9"
"30-39 years","Wayne","423","1","12"
"40-49 years","Wayne","507","1","38"
"50-59 years","Wayne","429","6","37"
"60-69 years","Wayne","339","19","69"
"70-79 years","Wayne","269","26","77"
"80 & Older years","Wayne","121","25","26"
"<1 years","Wayne","6","0","1"
"10-17 years","Webster","3","0","0"
"18-29 years","Webster","21","0","1"
"30-39 years","Webster","10","0","1"
"40-49 years","Webster","16","0","2"
"50-59 years","Webster","19","2","6"
"60-69 years","Webster","24","1","4"
"70-79 years","Webster","7","0","1"
"80 & Older years","Webster","4","1","0"
"Unknown years","Webster","2","0","0"
"01-04 years","Wheeler","1","0","0"
"05-09 years","Wheeler","5","0","0"
"10-17 years","Wheeler","23","0","0"
"18-29 years","Wheeler","57","0","0"
"30-39 years","Wheeler","74","2","2"
"40-49 years","Wheeler","79","1","3"
"50-59 years","Wheeler","92","7","11"
"60-69 years","Wheeler","53","3","6"
"70-79 years","Wheeler","40","5","11"
"80 & Older years","Wheeler","9","3","1"
"<1 years","Wheeler","2","0","0"
"Unknown years","Wheeler","24","0","1"
"01-04 years","White","21","0","0"
"05-09 years","White","61","0","1"
"10-17 years","White","234","0","2"
"18-29 years","White","456","1","7"
"30-39 years","White","324","1","8"
"40-49 years","White","418","2","18"
"50-59 years","White","492","4","43"
"60-69 years","White","448","12","67"
"70-79 years","White","325","16","78"
"80 & Older years","White","181","31","71"
"<1 years","White","6","0","0"
"Unknown years","White","25","0","0"
"01-04 years","Whitfield","211","0","3"
"05-09 years","Whitfield","399","0","3"
"10-17 years","Whitfield","1377","0","7"
"18-29 years","Whitfield","3544","1","48"
"30-39 years","Whitfield","2317","5","66"
"40-49 years","Whitfield","2401","5","80"
"50-59 years","Whitfield","2174","27","128"
"60-69 years","Whitfield","1275","37","150"
"70-79 years","Whitfield","722","60","147"
"80 & Older years","Whitfield","413","96","122"
"<1 years","Whitfield","72","0","5"
"Unknown years","Whitfield","3","0","0"
"01-04 years","Wilcox","10","0","0"
"05-09 years","Wilcox","9","0","0"
"10-17 years","Wilcox","30","0","0"
"18-29 years","Wilcox","47","0","1"
"30-39 years","Wilcox","49","0","1"
"40-49 years","Wilcox","74","0","12"
"50-59 years","Wilcox","84","1","16"
"60-69 years","Wilcox","92","10","25"
"70-79 years","Wilcox","52","10","10"
"80 & Older years","Wilcox","26","8","8"
"<1 years","Wilcox","5","0","0"
"01-04 years","Wilkes","8","0","0"
"05-09 years","Wilkes","17","0","0"
"10-17 years","Wilkes","52","0","0"
"18-29 years","Wilkes","116","0","1"
"30-39 years","Wilkes","85","0","5"
"40-49 years","Wilkes","103","1","12"
"50-59 years","Wilkes","102","2","4"
"60-69 years","Wilkes","83","3","16"
"70-79 years","Wilkes","67","7","20"
"80 & Older years","Wilkes","33","8","15"
"<1 years","Wilkes","3","0","0"
"Unknown years","Wilkes","1","0","0"
"01-04 years","Wilkinson","6","0","0"
"05-09 years","Wilkinson","11","0","0"
"10-17 years","Wilkinson","31","0","1"
"18-29 years","Wilkinson","110","0","3"
"30-39 years","Wilkinson","91","0","7"
"40-49 years","Wilkinson","94","0","6"
"50-59 years","Wilkinson","156","4","26"
"60-69 years","Wilkinson","134","13","40"
"70-79 years","Wilkinson","59","6","22"
"80 & Older years","Wilkinson","39","5","16"
"01-04 years","Worth","13","0","0"
"05-09 years","Worth","15","0","0"
"10-17 years","Worth","79","0","3"
"18-29 years","Worth","188","0","9"
"30-39 years","Worth","155","0","11"
"40-49 years","Worth","159","1","17"
"50-59 years","Worth","200","8","27"
"60-69 years","Worth","194","19","52"
"70-79 years","Worth","117","16","30"
"80 & Older years","Worth","72","17","26"
"<1 years","Worth","4","0","0"
"Unknown years","Worth","1","0","0"
