"age group","county name","cases","deaths","confirmed_case_hospitalization"
"01-04 years","Georgia","30301","3","440"
"05-09 years","Georgia","54369","5","366"
"10-17 years","Georgia","146781","15","1383"
"18-29 years","Georgia","346606","231","7082"
"30-39 years","Georgia","265497","609","8869"
"40-49 years","Georgia","240953","1360","11996"
"50-59 years","Georgia","214847","3163","17277"
"60-69 years","Georgia","140293","5641","19266"
"70-79 years","Georgia","77603","7190","17359"
"80 & Older years","Georgia","41401","8371","12777"
"<1 years","Georgia","10316","1","545"
"Unknown years","Georgia","3932","0","178"
"01-04 years","Appling","58","0","0"
"05-09 years","Appling","96","0","0"
"10-17 years","Appling","352","0","3"
"18-29 years","Appling","527","1","8"
"30-39 years","Appling","398","3","10"
"40-49 years","Appling","395","9","28"
"50-59 years","Appling","417","11","44"
"60-69 years","Appling","345","22","67"
"70-79 years","Appling","227","25","46"
"80 & Older years","Appling","118","28","41"
"<1 years","Appling","11","0","0"
"Unknown years","Appling","1","0","0"
"01-04 years","Atkinson","23","0","1"
"05-09 years","Atkinson","47","0","1"
"10-17 years","Atkinson","123","0","1"
"18-29 years","Atkinson","266","0","15"
"30-39 years","Atkinson","195","0","15"
"40-49 years","Atkinson","191","4","34"
"50-59 years","Atkinson","189","5","37"
"60-69 years","Atkinson","125","7","41"
"70-79 years","Atkinson","63","8","25"
"80 & Older years","Atkinson","23","8","14"
"<1 years","Atkinson","7","0","0"
"Unknown years","Atkinson","1","0","0"
"01-04 years","Bacon","42","0","0"
"05-09 years","Bacon","58","0","0"
"10-17 years","Bacon","175","0","1"
"18-29 years","Bacon","543","0","9"
"30-39 years","Bacon","303","1","11"
"40-49 years","Bacon","300","5","22"
"50-59 years","Bacon","229","3","22"
"60-69 years","Bacon","212","17","47"
"70-79 years","Bacon","131","14","36"
"80 & Older years","Bacon","58","13","20"
"<1 years","Bacon","14","0","0"
"Unknown years","Bacon","1","0","0"
"01-04 years","Baker","10","0","0"
"05-09 years","Baker","15","0","0"
"10-17 years","Baker","17","0","0"
"18-29 years","Baker","46","0","0"
"30-39 years","Baker","28","0","4"
"40-49 years","Baker","28","3","3"
"50-59 years","Baker","36","0","4"
"60-69 years","Baker","40","3","16"
"70-79 years","Baker","20","3","11"
"80 & Older years","Baker","16","4","6"
"<1 years","Baker","3","0","0"
"01-04 years","Baldwin","84","0","1"
"05-09 years","Baldwin","177","0","0"
"10-17 years","Baldwin","458","1","5"
"18-29 years","Baldwin","1809","0","21"
"30-39 years","Baldwin","839","2","20"
"40-49 years","Baldwin","800","5","44"
"50-59 years","Baldwin","774","22","78"
"60-69 years","Baldwin","580","40","90"
"70-79 years","Baldwin","354","44","69"
"80 & Older years","Baldwin","207","62","75"
"<1 years","Baldwin","32","0","3"
"Unknown years","Baldwin","1","0","0"
"01-04 years","Banks","32","0","1"
"05-09 years","Banks","65","0","1"
"10-17 years","Banks","206","0","5"
"18-29 years","Banks","549","0","19"
"30-39 years","Banks","399","0","20"
"40-49 years","Banks","414","6","29"
"50-59 years","Banks","410","6","40"
"60-69 years","Banks","338","16","68"
"70-79 years","Banks","238","24","77"
"80 & Older years","Banks","104","15","36"
"<1 years","Banks","19","0","2"
"Unknown years","Banks","20","0","1"
"01-04 years","Barrow","273","0","1"
"05-09 years","Barrow","522","0","2"
"10-17 years","Barrow","1578","1","13"
"18-29 years","Barrow","3252","1","62"
"30-39 years","Barrow","2859","3","84"
"40-49 years","Barrow","2748","13","120"
"50-59 years","Barrow","2268","19","173"
"60-69 years","Barrow","1468","48","194"
"70-79 years","Barrow","805","53","138"
"80 & Older years","Barrow","352","62","116"
"<1 years","Barrow","117","0","10"
"Unknown years","Barrow","12","0","2"
"01-04 years","Bartow","331","0","12"
"05-09 years","Bartow","498","0","4"
"10-17 years","Bartow","1691","0","16"
"18-29 years","Bartow","3635","0","39"
"30-39 years","Bartow","2912","6","66"
"40-49 years","Bartow","2852","8","122"
"50-59 years","Bartow","2863","35","219"
"60-69 years","Bartow","1809","80","223"
"70-79 years","Bartow","1160","109","249"
"80 & Older years","Bartow","538","97","153"
"<1 years","Bartow","133","0","8"
"Unknown years","Bartow","46","0","3"
"01-04 years","Ben Hill","39","0","1"
"05-09 years","Ben Hill","34","0","0"
"10-17 years","Ben Hill","151","0","0"
"18-29 years","Ben Hill","386","0","5"
"30-39 years","Ben Hill","291","3","13"
"40-49 years","Ben Hill","268","2","14"
"50-59 years","Ben Hill","286","8","34"
"60-69 years","Ben Hill","245","17","36"
"70-79 years","Ben Hill","162","22","56"
"80 & Older years","Ben Hill","77","20","21"
"<1 years","Ben Hill","12","0","2"
"01-04 years","Berrien","43","0","1"
"05-09 years","Berrien","45","0","0"
"10-17 years","Berrien","152","0","1"
"18-29 years","Berrien","303","0","0"
"30-39 years","Berrien","269","0","4"
"40-49 years","Berrien","208","1","7"
"50-59 years","Berrien","230","6","22"
"60-69 years","Berrien","179","11","27"
"70-79 years","Berrien","126","18","22"
"80 & Older years","Berrien","61","15","15"
"<1 years","Berrien","11","0","0"
"Unknown years","Berrien","1","0","0"
"01-04 years","Bibb","382","0","6"
"05-09 years","Bibb","662","0","3"
"10-17 years","Bibb","1838","0","14"
"18-29 years","Bibb","5587","4","137"
"30-39 years","Bibb","4133","11","188"
"40-49 years","Bibb","3668","28","312"
"50-59 years","Bibb","3258","61","418"
"60-69 years","Bibb","2417","136","551"
"70-79 years","Bibb","1334","167","463"
"80 & Older years","Bibb","764","195","372"
"<1 years","Bibb","110","0","8"
"Unknown years","Bibb","12","0","1"
"01-04 years","Bleckley","15","0","0"
"05-09 years","Bleckley","40","0","0"
"10-17 years","Bleckley","128","0","0"
"18-29 years","Bleckley","283","0","6"
"30-39 years","Bleckley","164","1","5"
"40-49 years","Bleckley","150","1","2"
"50-59 years","Bleckley","153","4","9"
"60-69 years","Bleckley","112","9","15"
"70-79 years","Bleckley","78","8","14"
"80 & Older years","Bleckley","64","18","14"
"<1 years","Bleckley","9","0","0"
"01-04 years","Brantley","36","0","0"
"05-09 years","Brantley","67","0","0"
"10-17 years","Brantley","214","0","1"
"18-29 years","Brantley","377","0","5"
"30-39 years","Brantley","291","3","8"
"40-49 years","Brantley","273","5","20"
"50-59 years","Brantley","313","17","34"
"60-69 years","Brantley","216","15","37"
"70-79 years","Brantley","146","24","45"
"80 & Older years","Brantley","63","13","18"
"<1 years","Brantley","5","0","0"
"Unknown years","Brantley","2","0","0"
"01-04 years","Brooks","32","0","1"
"05-09 years","Brooks","54","0","0"
"10-17 years","Brooks","129","0","0"
"18-29 years","Brooks","276","0","4"
"30-39 years","Brooks","211","1","10"
"40-49 years","Brooks","208","2","15"
"50-59 years","Brooks","238","6","30"
"60-69 years","Brooks","145","12","28"
"70-79 years","Brooks","124","17","26"
"80 & Older years","Brooks","78","19","22"
"<1 years","Brooks","12","0","0"
"01-04 years","Bryan","135","0","0"
"05-09 years","Bryan","235","0","2"
"10-17 years","Bryan","632","0","4"
"18-29 years","Bryan","1002","1","20"
"30-39 years","Bryan","898","4","29"
"40-49 years","Bryan","881","5","51"
"50-59 years","Bryan","610","8","54"
"60-69 years","Bryan","394","18","61"
"70-79 years","Bryan","233","19","87"
"80 & Older years","Bryan","86","10","31"
"<1 years","Bryan","54","0","4"
"Unknown years","Bryan","10","0","0"
"01-04 years","Bulloch","173","0","1"
"05-09 years","Bulloch","329","0","1"
"10-17 years","Bulloch","909","0","3"
"18-29 years","Bulloch","3312","1","15"
"30-39 years","Bulloch","1208","5","31"
"40-49 years","Bulloch","947","7","37"
"50-59 years","Bulloch","819","18","61"
"60-69 years","Bulloch","566","24","71"
"70-79 years","Bulloch","274","26","60"
"80 & Older years","Bulloch","135","19","43"
"<1 years","Bulloch","70","0","4"
"Unknown years","Bulloch","3","0","0"
"01-04 years","Burke","37","0","0"
"05-09 years","Burke","77","0","0"
"10-17 years","Burke","203","0","1"
"18-29 years","Burke","504","2","13"
"30-39 years","Burke","403","1","18"
"40-49 years","Burke","407","4","23"
"50-59 years","Burke","361","6","38"
"60-69 years","Burke","284","8","49"
"70-79 years","Burke","144","16","42"
"80 & Older years","Burke","51","12","19"
"<1 years","Burke","17","0","0"
"Unknown years","Burke","2","0","0"
"01-04 years","Butts","64","0","3"
"05-09 years","Butts","91","0","0"
"10-17 years","Butts","303","0","5"
"18-29 years","Butts","778","0","10"
"30-39 years","Butts","700","0","11"
"40-49 years","Butts","630","5","26"
"50-59 years","Butts","632","17","51"
"60-69 years","Butts","419","19","50"
"70-79 years","Butts","276","34","47"
"80 & Older years","Butts","161","39","16"
"<1 years","Butts","30","0","3"
"01-04 years","Calhoun","16","0","0"
"05-09 years","Calhoun","13","0","0"
"10-17 years","Calhoun","62","0","1"
"18-29 years","Calhoun","104","0","6"
"30-39 years","Calhoun","86","3","7"
"40-49 years","Calhoun","103","1","11"
"50-59 years","Calhoun","105","4","21"
"60-69 years","Calhoun","93","4","25"
"70-79 years","Calhoun","34","7","11"
"80 & Older years","Calhoun","23","2","10"
"<1 years","Calhoun","5","0","0"
"Unknown years","Calhoun","1","0","0"
"01-04 years","Camden","151","0","0"
"05-09 years","Camden","270","0","2"
"10-17 years","Camden","682","0","1"
"18-29 years","Camden","1512","0","11"
"30-39 years","Camden","1214","3","26"
"40-49 years","Camden","853","10","30"
"50-59 years","Camden","894","12","38"
"60-69 years","Camden","614","22","52"
"70-79 years","Camden","343","13","35"
"80 & Older years","Camden","137","22","29"
"<1 years","Camden","29","0","2"
"Unknown years","Camden","17","0","0"
"01-04 years","Candler","16","0","0"
"05-09 years","Candler","41","0","0"
"10-17 years","Candler","110","0","0"
"18-29 years","Candler","202","0","1"
"30-39 years","Candler","162","0","6"
"40-49 years","Candler","175","5","4"
"50-59 years","Candler","189","13","20"
"60-69 years","Candler","136","10","20"
"70-79 years","Candler","96","15","23"
"80 & Older years","Candler","35","8","15"
"<1 years","Candler","8","0","0"
"01-04 years","Carroll","208","0","3"
"05-09 years","Carroll","352","0","3"
"10-17 years","Carroll","1198","0","6"
"18-29 years","Carroll","2867","1","20"
"30-39 years","Carroll","1970","4","27"
"40-49 years","Carroll","1793","10","47"
"50-59 years","Carroll","1697","17","66"
"60-69 years","Carroll","1146","33","101"
"70-79 years","Carroll","629","40","78"
"80 & Older years","Carroll","339","58","54"
"<1 years","Carroll","70","0","2"
"Unknown years","Carroll","16","0","1"
"01-04 years","Catoosa","200","0","1"
"05-09 years","Catoosa","342","0","2"
"10-17 years","Catoosa","990","0","2"
"18-29 years","Catoosa","1843","1","13"
"30-39 years","Catoosa","1473","2","15"
"40-49 years","Catoosa","1533","3","34"
"50-59 years","Catoosa","1366","11","57"
"60-69 years","Catoosa","933","14","77"
"70-79 years","Catoosa","549","26","79"
"80 & Older years","Catoosa","369","42","61"
"<1 years","Catoosa","74","0","1"
"Unknown years","Catoosa","41","0","2"
"01-04 years","Charlton","23","0","0"
"05-09 years","Charlton","50","0","0"
"10-17 years","Charlton","106","0","0"
"18-29 years","Charlton","432","1","3"
"30-39 years","Charlton","359","2","6"
"40-49 years","Charlton","290","3","14"
"50-59 years","Charlton","218","5","13"
"60-69 years","Charlton","200","12","32"
"70-79 years","Charlton","97","11","25"
"80 & Older years","Charlton","40","10","18"
"<1 years","Charlton","9","0","0"
"Unknown years","Charlton","1","0","0"
"01-04 years","Chatham","1196","0","8"
"05-09 years","Chatham","1807","1","5"
"10-17 years","Chatham","3803","0","33"
"18-29 years","Chatham","9769","6","169"
"30-39 years","Chatham","7240","24","259"
"40-49 years","Chatham","5312","43","326"
"50-59 years","Chatham","4435","86","453"
"60-69 years","Chatham","3350","144","580"
"70-79 years","Chatham","1728","173","523"
"80 & Older years","Chatham","986","210","429"
"<1 years","Chatham","440","0","17"
"Unknown years","Chatham","59","0","2"
"01-04 years","Chattahoochee","14","0","0"
"05-09 years","Chattahoochee","32","0","0"
"10-17 years","Chattahoochee","195","0","2"
"18-29 years","Chattahoochee","4668","7","10"
"30-39 years","Chattahoochee","459","2","5"
"40-49 years","Chattahoochee","90","1","1"
"50-59 years","Chattahoochee","60","1","10"
"60-69 years","Chattahoochee","25","1","6"
"70-79 years","Chattahoochee","18","1","5"
"80 & Older years","Chattahoochee","10","3","5"
"<1 years","Chattahoochee","12","0","0"
"Unknown years","Chattahoochee","2","0","0"
"01-04 years","Chattooga","66","0","0"
"05-09 years","Chattooga","122","0","1"
"10-17 years","Chattooga","443","0","3"
"18-29 years","Chattooga","730","0","9"
"30-39 years","Chattooga","622","2","12"
"40-49 years","Chattooga","630","6","32"
"50-59 years","Chattooga","600","13","47"
"60-69 years","Chattooga","451","23","60"
"70-79 years","Chattooga","278","22","69"
"80 & Older years","Chattooga","165","32","41"
"<1 years","Chattooga","30","0","3"
"Unknown years","Chattooga","10","0","1"
"01-04 years","Cherokee","625","0","8"
"05-09 years","Cherokee","1358","0","12"
"10-17 years","Cherokee","4209","0","23"
"18-29 years","Cherokee","7428","2","134"
"30-39 years","Cherokee","5727","8","185"
"40-49 years","Cherokee","6143","13","254"
"50-59 years","Cherokee","5767","44","389"
"60-69 years","Cherokee","3523","84","411"
"70-79 years","Cherokee","2149","127","398"
"80 & Older years","Cherokee","1131","190","331"
"<1 years","Cherokee","200","0","9"
"Unknown years","Cherokee","56","0","0"
"01-04 years","Clarke","407","0","5"
"05-09 years","Clarke","636","0","8"
"10-17 years","Clarke","1373","0","18"
"18-29 years","Clarke","9434","0","112"
"30-39 years","Clarke","2979","3","97"
"40-49 years","Clarke","2294","6","114"
"50-59 years","Clarke","1896","17","145"
"60-69 years","Clarke","1218","35","157"
"70-79 years","Clarke","737","60","168"
"80 & Older years","Clarke","354","60","107"
"<1 years","Clarke","146","0","5"
"Unknown years","Clarke","12","0","0"
"01-04 years","Clay","5","0","0"
"05-09 years","Clay","6","0","0"
"10-17 years","Clay","27","0","0"
"18-29 years","Clay","47","0","0"
"30-39 years","Clay","44","0","2"
"40-49 years","Clay","45","0","2"
"50-59 years","Clay","28","1","3"
"60-69 years","Clay","27","1","2"
"70-79 years","Clay","21","0","1"
"80 & Older years","Clay","14","2","4"
"<1 years","Clay","1","0","0"
"Unknown years","Clay","1","0","0"
"01-04 years","Clayton","1211","0","17"
"05-09 years","Clayton","1998","1","16"
"10-17 years","Clayton","4670","1","70"
"18-29 years","Clayton","9820","9","268"
"30-39 years","Clayton","8939","36","371"
"40-49 years","Clayton","7433","55","401"
"50-59 years","Clayton","6357","112","538"
"60-69 years","Clayton","3813","195","487"
"70-79 years","Clayton","1528","183","321"
"80 & Older years","Clayton","674","161","194"
"<1 years","Clayton","340","0","18"
"Unknown years","Clayton","46","0","7"
"01-04 years","Clinch","26","0","0"
"05-09 years","Clinch","37","0","0"
"10-17 years","Clinch","108","0","0"
"18-29 years","Clinch","206","0","2"
"30-39 years","Clinch","173","1","5"
"40-49 years","Clinch","151","0","4"
"50-59 years","Clinch","148","3","20"
"60-69 years","Clinch","151","12","24"
"70-79 years","Clinch","71","10","23"
"80 & Older years","Clinch","26","8","10"
"<1 years","Clinch","10","0","0"
"01-04 years","Cobb","2112","1","31"
"05-09 years","Cobb","4310","0","30"
"10-17 years","Cobb","10741","0","73"
"18-29 years","Cobb","26052","10","330"
"30-39 years","Cobb","19226","36","387"
"40-49 years","Cobb","17693","61","583"
"50-59 years","Cobb","14961","128","799"
"60-69 years","Cobb","8955","242","795"
"70-79 years","Cobb","4635","369","735"
"80 & Older years","Cobb","2574","514","673"
"<1 years","Cobb","640","0","28"
"Unknown years","Cobb","91","0","1"
"01-04 years","Coffee","151","0","2"
"05-09 years","Coffee","245","0","4"
"10-17 years","Coffee","606","0","6"
"18-29 years","Coffee","1410","1","40"
"30-39 years","Coffee","1109","6","70"
"40-49 years","Coffee","1044","16","140"
"50-59 years","Coffee","968","24","198"
"60-69 years","Coffee","715","51","195"
"70-79 years","Coffee","367","54","161"
"80 & Older years","Coffee","191","46","106"
"<1 years","Coffee","45","0","5"
"Unknown years","Coffee","8","0","0"
"01-04 years","Colquitt","93","0","0"
"05-09 years","Colquitt","232","0","2"
"10-17 years","Colquitt","743","0","12"
"18-29 years","Colquitt","1299","1","34"
"30-39 years","Colquitt","959","3","35"
"40-49 years","Colquitt","929","8","49"
"50-59 years","Colquitt","841","24","53"
"60-69 years","Colquitt","596","32","69"
"70-79 years","Colquitt","372","31","67"
"80 & Older years","Colquitt","197","38","43"
"<1 years","Colquitt","40","0","2"
"Unknown years","Colquitt","2","0","0"
"01-04 years","Columbia","273","1","3"
"05-09 years","Columbia","607","1","6"
"10-17 years","Columbia","1794","0","10"
"18-29 years","Columbia","3292","2","39"
"30-39 years","Columbia","3087","7","55"
"40-49 years","Columbia","2641","16","75"
"50-59 years","Columbia","2132","37","115"
"60-69 years","Columbia","1379","45","131"
"70-79 years","Columbia","720","66","149"
"80 & Older years","Columbia","410","88","138"
"<1 years","Columbia","87","0","5"
"Unknown years","Columbia","11","0","0"
"01-04 years","Cook","38","0","3"
"05-09 years","Cook","64","0","0"
"10-17 years","Cook","168","0","2"
"18-29 years","Cook","333","0","9"
"30-39 years","Cook","272","0","4"
"40-49 years","Cook","268","3","19"
"50-59 years","Cook","230","7","23"
"60-69 years","Cook","170","11","24"
"70-79 years","Cook","121","13","30"
"80 & Older years","Cook","76","19","17"
"<1 years","Cook","21","0","2"
"Unknown years","Cook","1","0","0"
"01-04 years","Coweta","354","0","3"
"05-09 years","Coweta","589","0","3"
"10-17 years","Coweta","1751","0","18"
"18-29 years","Coweta","3396","5","81"
"30-39 years","Coweta","2710","13","132"
"40-49 years","Coweta","2746","28","145"
"50-59 years","Coweta","2903","49","214"
"60-69 years","Coweta","1670","66","185"
"70-79 years","Coweta","1006","98","199"
"80 & Older years","Coweta","491","102","121"
"<1 years","Coweta","97","0","8"
"Unknown years","Coweta","11","0","0"
"01-04 years","Crawford","8","0","0"
"05-09 years","Crawford","11","0","0"
"10-17 years","Crawford","53","0","2"
"18-29 years","Crawford","163","0","4"
"30-39 years","Crawford","156","1","11"
"40-49 years","Crawford","117","3","8"
"50-59 years","Crawford","181","9","25"
"60-69 years","Crawford","151","12","24"
"70-79 years","Crawford","76","12","23"
"80 & Older years","Crawford","32","3","15"
"<1 years","Crawford","1","0","0"
"01-04 years","Crisp","31","0","0"
"05-09 years","Crisp","61","0","0"
"10-17 years","Crisp","214","0","3"
"18-29 years","Crisp","370","0","13"
"30-39 years","Crisp","342","2","20"
"40-49 years","Crisp","292","4","23"
"50-59 years","Crisp","274","4","31"
"60-69 years","Crisp","245","20","49"
"70-79 years","Crisp","126","16","35"
"80 & Older years","Crisp","75","20","18"
"<1 years","Crisp","17","0","0"
"Unknown years","Crisp","15","0","0"
"01-04 years","Dade","42","0","0"
"05-09 years","Dade","87","0","0"
"10-17 years","Dade","220","0","1"
"18-29 years","Dade","411","0","2"
"30-39 years","Dade","276","0","2"
"40-49 years","Dade","308","1","9"
"50-59 years","Dade","263","4","20"
"60-69 years","Dade","216","2","14"
"70-79 years","Dade","139","10","22"
"80 & Older years","Dade","65","3","12"
"<1 years","Dade","13","0","0"
"Unknown years","Dade","15","0","1"
"01-04 years","Dawson","85","0","0"
"05-09 years","Dawson","143","0","0"
"10-17 years","Dawson","410","0","6"
"18-29 years","Dawson","1012","0","20"
"30-39 years","Dawson","831","2","26"
"40-49 years","Dawson","736","1","41"
"50-59 years","Dawson","771","9","60"
"60-69 years","Dawson","590","15","97"
"70-79 years","Dawson","359","29","70"
"80 & Older years","Dawson","143","24","38"
"<1 years","Dawson","29","0","3"
"Unknown years","Dawson","32","0","1"
"01-04 years","DeKalb","2316","0","31"
"05-09 years","DeKalb","3730","0","34"
"10-17 years","DeKalb","8244","0","116"
"18-29 years","DeKalb","23973","16","691"
"30-39 years","DeKalb","21072","29","912"
"40-49 years","DeKalb","15965","62","988"
"50-59 years","DeKalb","13464","158","1261"
"60-69 years","DeKalb","8319","262","1353"
"70-79 years","DeKalb","4046","333","1007"
"80 & Older years","DeKalb","2241","418","702"
"<1 years","DeKalb","642","0","31"
"Unknown years","DeKalb","224","0","14"
"01-04 years","Decatur","161","0","2"
"05-09 years","Decatur","169","0","0"
"10-17 years","Decatur","399","0","1"
"18-29 years","Decatur","762","1","19"
"30-39 years","Decatur","557","1","11"
"40-49 years","Decatur","542","3","32"
"50-59 years","Decatur","461","10","45"
"60-69 years","Decatur","349","18","56"
"70-79 years","Decatur","205","24","41"
"80 & Older years","Decatur","122","23","26"
"<1 years","Decatur","48","0","0"
"Unknown years","Decatur","5","0","0"
"01-04 years","Dodge","26","0","0"
"05-09 years","Dodge","43","0","0"
"10-17 years","Dodge","180","1","2"
"18-29 years","Dodge","345","0","7"
"30-39 years","Dodge","230","2","10"
"40-49 years","Dodge","251","3","13"
"50-59 years","Dodge","238","6","23"
"60-69 years","Dodge","183","19","31"
"70-79 years","Dodge","100","18","24"
"80 & Older years","Dodge","63","15","16"
"<1 years","Dodge","11","0","0"
"01-04 years","Dooly","21","0","0"
"05-09 years","Dooly","40","0","0"
"10-17 years","Dooly","117","0","1"
"18-29 years","Dooly","218","1","5"
"30-39 years","Dooly","158","0","11"
"40-49 years","Dooly","200","2","14"
"50-59 years","Dooly","198","6","22"
"60-69 years","Dooly","162","11","27"
"70-79 years","Dooly","75","10","20"
"80 & Older years","Dooly","31","8","6"
"<1 years","Dooly","8","0","0"
"Unknown years","Dooly","5","0","0"
"01-04 years","Dougherty","231","0","5"
"05-09 years","Dougherty","480","0","0"
"10-17 years","Dougherty","1038","0","14"
"18-29 years","Dougherty","2066","3","142"
"30-39 years","Dougherty","1737","8","124"
"40-49 years","Dougherty","1484","31","172"
"50-59 years","Dougherty","1374","41","221"
"60-69 years","Dougherty","1094","102","331"
"70-79 years","Dougherty","586","90","226"
"80 & Older years","Dougherty","353","120","166"
"<1 years","Dougherty","92","0","8"
"Unknown years","Dougherty","6","0","0"
"01-04 years","Douglas","501","0","8"
"05-09 years","Douglas","901","0","9"
"10-17 years","Douglas","2492","1","27"
"18-29 years","Douglas","4815","0","71"
"30-39 years","Douglas","4092","7","107"
"40-49 years","Douglas","4278","12","172"
"50-59 years","Douglas","3664","32","230"
"60-69 years","Douglas","2009","62","238"
"70-79 years","Douglas","959","74","185"
"80 & Older years","Douglas","447","72","131"
"<1 years","Douglas","155","0","7"
"Unknown years","Douglas","22","0","1"
"01-04 years","Early","44","0","0"
"05-09 years","Early","57","0","0"
"10-17 years","Early","232","0","0"
"18-29 years","Early","275","1","10"
"30-39 years","Early","242","1","6"
"40-49 years","Early","254","1","13"
"50-59 years","Early","235","5","17"
"60-69 years","Early","152","12","21"
"70-79 years","Early","102","20","23"
"80 & Older years","Early","53","13","17"
"<1 years","Early","6","0","0"
"Unknown years","Early","1","0","0"
"01-04 years","Echols","11","0","0"
"05-09 years","Echols","8","0","0"
"10-17 years","Echols","33","0","1"
"18-29 years","Echols","144","0","2"
"30-39 years","Echols","69","1","4"
"40-49 years","Echols","52","0","1"
"50-59 years","Echols","52","1","2"
"60-69 years","Echols","24","0","0"
"70-79 years","Echols","21","2","3"
"80 & Older years","Echols","5","1","2"
"<1 years","Echols","3","0","0"
"01-04 years","Effingham","185","0","1"
"05-09 years","Effingham","389","0","3"
"10-17 years","Effingham","965","0","2"
"18-29 years","Effingham","1416","1","13"
"30-39 years","Effingham","1392","4","43"
"40-49 years","Effingham","1195","10","70"
"50-59 years","Effingham","1079","32","112"
"60-69 years","Effingham","695","26","119"
"70-79 years","Effingham","367","39","109"
"80 & Older years","Effingham","160","41","50"
"<1 years","Effingham","65","0","5"
"Unknown years","Effingham","15","0","0"
"01-04 years","Elbert","38","0","0"
"05-09 years","Elbert","63","0","0"
"10-17 years","Elbert","163","0","3"
"18-29 years","Elbert","407","1","5"
"30-39 years","Elbert","302","0","12"
"40-49 years","Elbert","312","1","14"
"50-59 years","Elbert","318","2","29"
"60-69 years","Elbert","259","8","36"
"70-79 years","Elbert","197","23","50"
"80 & Older years","Elbert","149","37","49"
"<1 years","Elbert","19","0","4"
"Unknown years","Elbert","5","0","0"
"01-04 years","Emanuel","64","0","2"
"05-09 years","Emanuel","92","0","1"
"10-17 years","Emanuel","318","0","2"
"18-29 years","Emanuel","544","1","4"
"30-39 years","Emanuel","428","0","19"
"40-49 years","Emanuel","437","4","17"
"50-59 years","Emanuel","370","10","39"
"60-69 years","Emanuel","294","16","35"
"70-79 years","Emanuel","183","22","35"
"80 & Older years","Emanuel","73","21","25"
"<1 years","Emanuel","14","0","1"
"Unknown years","Emanuel","3","0","1"
"01-04 years","Evans","25","0","0"
"05-09 years","Evans","46","0","0"
"10-17 years","Evans","120","0","2"
"18-29 years","Evans","235","1","3"
"30-39 years","Evans","208","0","4"
"40-49 years","Evans","185","4","22"
"50-59 years","Evans","181","6","21"
"60-69 years","Evans","112","7","22"
"70-79 years","Evans","67","14","24"
"80 & Older years","Evans","24","4","14"
"<1 years","Evans","6","0","0"
"01-04 years","Fannin","33","0","1"
"05-09 years","Fannin","79","0","0"
"10-17 years","Fannin","285","0","2"
"18-29 years","Fannin","509","0","8"
"30-39 years","Fannin","394","2","12"
"40-49 years","Fannin","457","5","19"
"50-59 years","Fannin","581","7","46"
"60-69 years","Fannin","588","20","66"
"70-79 years","Fannin","397","26","75"
"80 & Older years","Fannin","196","38","56"
"<1 years","Fannin","9","0","1"
"Unknown years","Fannin","2","0","0"
"01-04 years","Fayette","243","0","1"
"05-09 years","Fayette","503","0","4"
"10-17 years","Fayette","1430","0","13"
"18-29 years","Fayette","2503","4","36"
"30-39 years","Fayette","1788","6","49"
"40-49 years","Fayette","2241","6","88"
"50-59 years","Fayette","2191","16","155"
"60-69 years","Fayette","1527","34","143"
"70-79 years","Fayette","786","82","172"
"80 & Older years","Fayette","460","82","116"
"<1 years","Fayette","71","0","4"
"Unknown years","Fayette","16","0","0"
"01-04 years","Floyd","319","0","6"
"05-09 years","Floyd","604","0","1"
"10-17 years","Floyd","1971","1","15"
"18-29 years","Floyd","3824","3","62"
"30-39 years","Floyd","2881","7","74"
"40-49 years","Floyd","2632","18","140"
"50-59 years","Floyd","2557","44","236"
"60-69 years","Floyd","1787","62","282"
"70-79 years","Floyd","1076","92","282"
"80 & Older years","Floyd","570","102","202"
"<1 years","Floyd","139","0","8"
"Unknown years","Floyd","87","0","2"
"01-04 years","Forsyth","717","0","9"
"05-09 years","Forsyth","1865","0","2"
"10-17 years","Forsyth","4872","0","13"
"18-29 years","Forsyth","5753","0","65"
"30-39 years","Forsyth","4821","3","95"
"40-49 years","Forsyth","6139","12","183"
"50-59 years","Forsyth","5135","27","249"
"60-69 years","Forsyth","2626","47","239"
"70-79 years","Forsyth","1496","87","289"
"80 & Older years","Forsyth","805","117","223"
"<1 years","Forsyth","154","0","7"
"Unknown years","Forsyth","302","0","1"
"01-04 years","Franklin","45","0","1"
"05-09 years","Franklin","97","0","0"
"10-17 years","Franklin","343","0","6"
"18-29 years","Franklin","696","1","16"
"30-39 years","Franklin","513","0","13"
"40-49 years","Franklin","520","2","22"
"50-59 years","Franklin","532","4","38"
"60-69 years","Franklin","455","9","48"
"70-79 years","Franklin","279","27","50"
"80 & Older years","Franklin","134","26","34"
"<1 years","Franklin","22","0","3"
"Unknown years","Franklin","40","0","0"
"01-04 years","Fulton","2958","0","56"
"05-09 years","Fulton","5227","0","44"
"10-17 years","Fulton","13267","1","133"
"18-29 years","Fulton","38488","6","831"
"30-39 years","Fulton","30634","51","1053"
"40-49 years","Fulton","23376","64","1145"
"50-59 years","Fulton","19386","188","1611"
"60-69 years","Fulton","11188","331","1495"
"70-79 years","Fulton","5606","462","1219"
"80 & Older years","Fulton","3541","634","1104"
"<1 years","Fulton","846","0","45"
"Unknown years","Fulton","201","0","47"
"01-04 years","Gilmer","55","0","2"
"05-09 years","Gilmer","71","0","0"
"10-17 years","Gilmer","322","0","4"
"18-29 years","Gilmer","556","0","23"
"30-39 years","Gilmer","518","2","27"
"40-49 years","Gilmer","537","1","28"
"50-59 years","Gilmer","617","17","55"
"60-69 years","Gilmer","585","20","75"
"70-79 years","Gilmer","405","41","101"
"80 & Older years","Gilmer","189","43","60"
"<1 years","Gilmer","19","0","0"
"Unknown years","Gilmer","9","0","0"
"01-04 years","Glascock","1","0","0"
"05-09 years","Glascock","7","0","0"
"10-17 years","Glascock","9","0","0"
"18-29 years","Glascock","37","0","1"
"30-39 years","Glascock","31","0","2"
"40-49 years","Glascock","32","0","1"
"50-59 years","Glascock","41","2","5"
"60-69 years","Glascock","20","0","5"
"70-79 years","Glascock","28","3","9"
"80 & Older years","Glascock","9","2","5"
"<1 years","Glascock","1","0","0"
"Unknown years","Glascock","1","0","0"
"01-04 years","Glynn","329","0","2"
"05-09 years","Glynn","665","0","1"
"10-17 years","Glynn","1580","0","3"
"18-29 years","Glynn","2884","4","38"
"30-39 years","Glynn","2332","9","46"
"40-49 years","Glynn","1953","16","66"
"50-59 years","Glynn","1761","39","113"
"60-69 years","Glynn","1425","77","174"
"70-79 years","Glynn","820","76","126"
"80 & Older years","Glynn","415","88","119"
"<1 years","Glynn","90","0","3"
"Unknown years","Glynn","34","0","0"
"01-04 years","Gordon","176","0","1"
"05-09 years","Gordon","259","1","2"
"10-17 years","Gordon","967","0","7"
"18-29 years","Gordon","1999","3","19"
"30-39 years","Gordon","1568","4","31"
"40-49 years","Gordon","1543","9","45"
"50-59 years","Gordon","1441","23","77"
"60-69 years","Gordon","944","53","87"
"70-79 years","Gordon","501","47","107"
"80 & Older years","Gordon","255","43","68"
"<1 years","Gordon","70","0","4"
"Unknown years","Gordon","44","0","0"
"01-04 years","Grady","80","0","1"
"05-09 years","Grady","143","0","0"
"10-17 years","Grady","317","0","5"
"18-29 years","Grady","455","0","16"
"30-39 years","Grady","407","0","17"
"40-49 years","Grady","397","3","35"
"50-59 years","Grady","367","11","44"
"60-69 years","Grady","263","9","36"
"70-79 years","Grady","220","27","66"
"80 & Older years","Grady","72","18","26"
"<1 years","Grady","37","0","3"
"Unknown years","Grady","6","0","0"
"01-04 years","Greene","41","0","1"
"05-09 years","Greene","84","0","0"
"10-17 years","Greene","241","0","3"
"18-29 years","Greene","459","0","12"
"30-39 years","Greene","356","0","15"
"40-49 years","Greene","303","4","22"
"50-59 years","Greene","396","7","30"
"60-69 years","Greene","371","10","38"
"70-79 years","Greene","272","13","45"
"80 & Older years","Greene","139","31","55"
"<1 years","Greene","14","0","3"
"Unknown years","Greene","2","0","0"
"01-04 years","Gwinnett","2907","0","29"
"05-09 years","Gwinnett","5123","0","30"
"10-17 years","Gwinnett","13801","2","95"
"18-29 years","Gwinnett","31331","18","663"
"30-39 years","Gwinnett","24579","35","722"
"40-49 years","Gwinnett","24894","98","1009"
"50-59 years","Gwinnett","20182","178","1214"
"60-69 years","Gwinnett","11183","300","1187"
"70-79 years","Gwinnett","4946","364","966"
"80 & Older years","Gwinnett","2560","493","833"
"<1 years","Gwinnett","1008","0","30"
"Unknown years","Gwinnett","141","0","4"
"01-04 years","Habersham","73","0","2"
"05-09 years","Habersham","144","0","0"
"10-17 years","Habersham","517","1","10"
"18-29 years","Habersham","1343","1","22"
"30-39 years","Habersham","1042","4","40"
"40-49 years","Habersham","1047","5","64"
"50-59 years","Habersham","1093","14","94"
"60-69 years","Habersham","860","31","153"
"70-79 years","Habersham","579","67","155"
"80 & Older years","Habersham","367","83","110"
"<1 years","Habersham","45","0","11"
"Unknown years","Habersham","50","0","2"
"01-04 years","Hall","439","0","9"
"05-09 years","Hall","918","0","10"
"10-17 years","Hall","3426","0","42"
"18-29 years","Hall","8666","8","242"
"30-39 years","Hall","6059","10","286"
"40-49 years","Hall","6000","33","402"
"50-59 years","Hall","6077","63","572"
"60-69 years","Hall","3979","122","577"
"70-79 years","Hall","2478","177","637"
"80 & Older years","Hall","1358","251","479"
"<1 years","Hall","161","0","21"
"Unknown years","Hall","374","0","10"
"01-04 years","Hancock","11","0","0"
"05-09 years","Hancock","23","0","0"
"10-17 years","Hancock","76","0","1"
"18-29 years","Hancock","204","0","3"
"30-39 years","Hancock","177","1","6"
"40-49 years","Hancock","146","2","7"
"50-59 years","Hancock","193","6","18"
"60-69 years","Hancock","189","20","36"
"70-79 years","Hancock","94","22","28"
"80 & Older years","Hancock","70","25","25"
"<1 years","Hancock","6","0","0"
"Unknown years","Hancock","1","0","0"
"01-04 years","Haralson","42","0","0"
"05-09 years","Haralson","72","0","0"
"10-17 years","Haralson","268","0","2"
"18-29 years","Haralson","576","0","5"
"30-39 years","Haralson","397","0","8"
"40-49 years","Haralson","435","2","10"
"50-59 years","Haralson","453","6","17"
"60-69 years","Haralson","275","15","25"
"70-79 years","Haralson","161","16","20"
"80 & Older years","Haralson","68","10","12"
"<1 years","Haralson","15","0","1"
"Unknown years","Haralson","5","0","0"
"01-04 years","Harris","60","0","0"
"05-09 years","Harris","110","0","0"
"10-17 years","Harris","373","0","3"
"18-29 years","Harris","639","0","12"
"30-39 years","Harris","520","0","16"
"40-49 years","Harris","638","5","26"
"50-59 years","Harris","660","10","50"
"60-69 years","Harris","505","18","79"
"70-79 years","Harris","309","36","66"
"80 & Older years","Harris","94","17","22"
"<1 years","Harris","13","0","0"
"Unknown years","Harris","7","0","0"
"01-04 years","Hart","45","0","0"
"05-09 years","Hart","59","0","1"
"10-17 years","Hart","204","0","0"
"18-29 years","Hart","485","0","4"
"30-39 years","Hart","407","0","12"
"40-49 years","Hart","349","2","20"
"50-59 years","Hart","420","4","30"
"60-69 years","Hart","302","15","36"
"70-79 years","Hart","198","12","36"
"80 & Older years","Hart","105","17","32"
"<1 years","Hart","19","0","1"
"Unknown years","Hart","16","0","0"
"01-04 years","Heard","19","0","1"
"05-09 years","Heard","48","0","0"
"10-17 years","Heard","136","0","3"
"18-29 years","Heard","229","2","4"
"30-39 years","Heard","156","0","2"
"40-49 years","Heard","206","1","18"
"50-59 years","Heard","195","2","11"
"60-69 years","Heard","144","6","17"
"70-79 years","Heard","77","8","18"
"80 & Older years","Heard","32","8","6"
"<1 years","Heard","9","0","0"
"01-04 years","Henry","764","0","16"
"05-09 years","Henry","1466","0","7"
"10-17 years","Henry","4147","0","45"
"18-29 years","Henry","7646","2","148"
"30-39 years","Henry","6525","12","184"
"40-49 years","Henry","6851","41","269"
"50-59 years","Henry","6056","55","323"
"60-69 years","Henry","3216","127","299"
"70-79 years","Henry","1512","131","223"
"80 & Older years","Henry","719","138","143"
"<1 years","Henry","239","0","11"
"Unknown years","Henry","51","0","4"
"01-04 years","Houston","331","0","4"
"05-09 years","Houston","674","0","1"
"10-17 years","Houston","1962","0","10"
"18-29 years","Houston","3928","7","70"
"30-39 years","Houston","3533","7","102"
"40-49 years","Houston","3014","18","152"
"50-59 years","Houston","2417","34","193"
"60-69 years","Houston","1574","73","245"
"70-79 years","Houston","805","81","210"
"80 & Older years","Houston","410","78","131"
"<1 years","Houston","88","1","7"
"Unknown years","Houston","9","0","1"
"01-04 years","Irwin","9","0","0"
"05-09 years","Irwin","17","0","0"
"10-17 years","Irwin","69","0","0"
"18-29 years","Irwin","189","0","6"
"30-39 years","Irwin","151","0","9"
"40-49 years","Irwin","165","1","11"
"50-59 years","Irwin","135","3","13"
"60-69 years","Irwin","103","2","24"
"70-79 years","Irwin","57","8","9"
"80 & Older years","Irwin","42","8","26"
"<1 years","Irwin","1","0","0"
"Unknown years","Irwin","2","0","0"
"01-04 years","Jackson","189","0","3"
"05-09 years","Jackson","436","0","2"
"10-17 years","Jackson","1665","1","13"
"18-29 years","Jackson","2565","3","50"
"30-39 years","Jackson","2571","7","72"
"40-49 years","Jackson","2519","13","112"
"50-59 years","Jackson","2310","24","154"
"60-69 years","Jackson","1530","46","166"
"70-79 years","Jackson","1004","57","185"
"80 & Older years","Jackson","463","78","141"
"<1 years","Jackson","56","0","5"
"Unknown years","Jackson","19","0","1"
"01-04 years","Jasper","25","0","0"
"05-09 years","Jasper","27","0","1"
"10-17 years","Jasper","89","0","2"
"18-29 years","Jasper","247","0","12"
"30-39 years","Jasper","189","2","11"
"40-49 years","Jasper","196","1","13"
"50-59 years","Jasper","228","6","24"
"60-69 years","Jasper","158","11","35"
"70-79 years","Jasper","84","7","18"
"80 & Older years","Jasper","36","6","12"
"<1 years","Jasper","15","0","3"
"01-04 years","Jeff Davis","47","0","0"
"05-09 years","Jeff Davis","88","0","0"
"10-17 years","Jeff Davis","191","0","2"
"18-29 years","Jeff Davis","390","0","8"
"30-39 years","Jeff Davis","303","0","9"
"40-49 years","Jeff Davis","291","1","22"
"50-59 years","Jeff Davis","249","9","26"
"60-69 years","Jeff Davis","163","10","25"
"70-79 years","Jeff Davis","120","16","24"
"80 & Older years","Jeff Davis","27","9","7"
"<1 years","Jeff Davis","12","0","1"
"01-04 years","Jefferson","27","0","1"
"05-09 years","Jefferson","46","0","0"
"10-17 years","Jefferson","146","0","2"
"18-29 years","Jefferson","319","0","3"
"30-39 years","Jefferson","282","1","10"
"40-49 years","Jefferson","278","5","21"
"50-59 years","Jefferson","324","8","31"
"60-69 years","Jefferson","288","13","43"
"70-79 years","Jefferson","174","21","50"
"80 & Older years","Jefferson","77","23","33"
"<1 years","Jefferson","10","0","3"
"Unknown years","Jefferson","4","0","0"
"01-04 years","Jenkins","24","0","0"
"05-09 years","Jenkins","33","0","0"
"10-17 years","Jenkins","82","0","1"
"18-29 years","Jenkins","159","0","2"
"30-39 years","Jenkins","108","2","6"
"40-49 years","Jenkins","147","4","14"
"50-59 years","Jenkins","156","7","26"
"60-69 years","Jenkins","102","7","15"
"70-79 years","Jenkins","66","13","20"
"80 & Older years","Jenkins","52","10","11"
"<1 years","Jenkins","4","0","0"
"01-04 years","Johnson","15","0","1"
"05-09 years","Johnson","24","0","0"
"10-17 years","Johnson","77","0","1"
"18-29 years","Johnson","194","0","5"
"30-39 years","Johnson","154","1","6"
"40-49 years","Johnson","152","3","7"
"50-59 years","Johnson","166","7","17"
"60-69 years","Johnson","158","9","24"
"70-79 years","Johnson","106","11","28"
"80 & Older years","Johnson","75","21","25"
"<1 years","Johnson","13","0","3"
"Unknown years","Johnson","3","0","0"
"01-04 years","Jones","34","0","1"
"05-09 years","Jones","78","0","0"
"10-17 years","Jones","224","0","1"
"18-29 years","Jones","611","2","16"
"30-39 years","Jones","498","3","17"
"40-49 years","Jones","480","5","29"
"50-59 years","Jones","487","8","51"
"60-69 years","Jones","330","16","65"
"70-79 years","Jones","202","32","66"
"80 & Older years","Jones","111","24","34"
"<1 years","Jones","7","0","0"
"01-04 years","Lamar","77","0","0"
"05-09 years","Lamar","129","0","0"
"10-17 years","Lamar","320","0","5"
"18-29 years","Lamar","480","0","10"
"30-39 years","Lamar","399","2","15"
"40-49 years","Lamar","365","5","19"
"50-59 years","Lamar","343","11","42"
"60-69 years","Lamar","314","24","45"
"70-79 years","Lamar","201","20","37"
"80 & Older years","Lamar","89","25","28"
"<1 years","Lamar","46","0","1"
"Unknown years","Lamar","2","0","0"
"01-04 years","Lanier","16","0","0"
"05-09 years","Lanier","24","0","1"
"10-17 years","Lanier","91","0","1"
"18-29 years","Lanier","172","1","3"
"30-39 years","Lanier","188","0","3"
"40-49 years","Lanier","120","1","4"
"50-59 years","Lanier","101","2","8"
"60-69 years","Lanier","63","3","4"
"70-79 years","Lanier","48","5","7"
"80 & Older years","Lanier","25","0","6"
"<1 years","Lanier","8","0","0"
"Unknown years","Lanier","1","0","0"
"01-04 years","Laurens","135","0","1"
"05-09 years","Laurens","213","0","2"
"10-17 years","Laurens","666","0","5"
"18-29 years","Laurens","1392","0","13"
"30-39 years","Laurens","1068","4","23"
"40-49 years","Laurens","1006","12","37"
"50-59 years","Laurens","900","28","73"
"60-69 years","Laurens","696","51","105"
"70-79 years","Laurens","431","59","99"
"80 & Older years","Laurens","270","58","73"
"<1 years","Laurens","48","0","5"
"Unknown years","Laurens","9","0","0"
"01-04 years","Lee","59","0","0"
"05-09 years","Lee","93","0","3"
"10-17 years","Lee","286","0","6"
"18-29 years","Lee","505","1","24"
"30-39 years","Lee","567","1","31"
"40-49 years","Lee","523","7","45"
"50-59 years","Lee","436","15","73"
"60-69 years","Lee","278","20","61"
"70-79 years","Lee","124","19","44"
"80 & Older years","Lee","77","15","31"
"<1 years","Lee","20","0","0"
"Unknown years","Lee","4","0","0"
"01-04 years","Liberty","294","0","2"
"05-09 years","Liberty","425","0","3"
"10-17 years","Liberty","855","0","4"
"18-29 years","Liberty","2395","2","25"
"30-39 years","Liberty","1371","4","39"
"40-49 years","Liberty","857","4","29"
"50-59 years","Liberty","722","22","73"
"60-69 years","Liberty","448","26","71"
"70-79 years","Liberty","186","22","64"
"80 & Older years","Liberty","79","19","31"
"<1 years","Liberty","95","0","4"
"Unknown years","Liberty","21","0","0"
"01-04 years","Lincoln","18","0","0"
"05-09 years","Lincoln","21","0","1"
"10-17 years","Lincoln","56","0","0"
"18-29 years","Lincoln","131","0","5"
"30-39 years","Lincoln","115","0","5"
"40-49 years","Lincoln","116","1","10"
"50-59 years","Lincoln","102","3","6"
"60-69 years","Lincoln","96","7","22"
"70-79 years","Lincoln","68","9","17"
"80 & Older years","Lincoln","24","7","10"
"<1 years","Lincoln","5","0","0"
"Unknown years","Lincoln","8","0","0"
"01-04 years","Long","59","0","0"
"05-09 years","Long","94","0","0"
"10-17 years","Long","200","0","0"
"18-29 years","Long","326","0","1"
"30-39 years","Long","308","2","9"
"40-49 years","Long","224","4","13"
"50-59 years","Long","151","3","18"
"60-69 years","Long","116","4","17"
"70-79 years","Long","52","6","15"
"80 & Older years","Long","23","2","11"
"<1 years","Long","25","0","0"
"Unknown years","Long","5","0","0"
"01-04 years","Lowndes","286","0","0"
"05-09 years","Lowndes","400","0","1"
"10-17 years","Lowndes","1035","0","10"
"18-29 years","Lowndes","3629","6","44"
"30-39 years","Lowndes","2161","7","43"
"40-49 years","Lowndes","1618","13","71"
"50-59 years","Lowndes","1336","25","92"
"60-69 years","Lowndes","899","48","117"
"70-79 years","Lowndes","525","63","110"
"80 & Older years","Lowndes","302","74","81"
"<1 years","Lowndes","117","0","1"
"Unknown years","Lowndes","12","0","0"
"01-04 years","Lumpkin","50","0","1"
"05-09 years","Lumpkin","122","0","2"
"10-17 years","Lumpkin","366","0","3"
"18-29 years","Lumpkin","1312","0","23"
"30-39 years","Lumpkin","703","1","22"
"40-49 years","Lumpkin","668","1","37"
"50-59 years","Lumpkin","747","10","77"
"60-69 years","Lumpkin","659","21","89"
"70-79 years","Lumpkin","416","20","94"
"80 & Older years","Lumpkin","202","41","91"
"<1 years","Lumpkin","33","0","3"
"Unknown years","Lumpkin","32","0","2"
"01-04 years","Macon","20","0","0"
"05-09 years","Macon","20","0","0"
"10-17 years","Macon","50","0","0"
"18-29 years","Macon","201","0","5"
"30-39 years","Macon","155","1","4"
"40-49 years","Macon","168","4","9"
"50-59 years","Macon","175","6","26"
"60-69 years","Macon","113","11","31"
"70-79 years","Macon","68","8","22"
"80 & Older years","Macon","27","10","11"
"<1 years","Macon","7","0","0"
"Unknown years","Macon","6","0","1"
"01-04 years","Madison","100","0","3"
"05-09 years","Madison","152","0","0"
"10-17 years","Madison","456","0","2"
"18-29 years","Madison","947","0","24"
"30-39 years","Madison","755","1","28"
"40-49 years","Madison","729","1","35"
"50-59 years","Madison","730","14","49"
"60-69 years","Madison","520","14","61"
"70-79 years","Madison","313","26","73"
"80 & Older years","Madison","122","18","29"
"<1 years","Madison","51","0","7"
"Unknown years","Madison","3","0","0"
"01-04 years","Marion","14","0","0"
"05-09 years","Marion","27","0","1"
"10-17 years","Marion","90","0","0"
"18-29 years","Marion","126","0","5"
"30-39 years","Marion","103","0","4"
"40-49 years","Marion","118","3","8"
"50-59 years","Marion","104","6","13"
"60-69 years","Marion","82","9","14"
"70-79 years","Marion","44","8","14"
"80 & Older years","Marion","42","10","13"
"<1 years","Marion","8","0","0"
"Unknown years","Marion","3","0","0"
"01-04 years","McDuffie","44","0","1"
"05-09 years","McDuffie","70","0","0"
"10-17 years","McDuffie","222","0","1"
"18-29 years","McDuffie","557","0","11"
"30-39 years","McDuffie","422","2","8"
"40-49 years","McDuffie","390","3","23"
"50-59 years","McDuffie","366","12","45"
"60-69 years","McDuffie","271","15","51"
"70-79 years","McDuffie","162","15","58"
"80 & Older years","McDuffie","71","17","31"
"<1 years","McDuffie","8","0","0"
"Unknown years","McDuffie","20","0","0"
"01-04 years","McIntosh","29","0","0"
"05-09 years","McIntosh","53","0","1"
"10-17 years","McIntosh","197","0","0"
"18-29 years","McIntosh","266","0","5"
"30-39 years","McIntosh","219","0","3"
"40-49 years","McIntosh","220","0","6"
"50-59 years","McIntosh","247","3","11"
"60-69 years","McIntosh","186","7","29"
"70-79 years","McIntosh","108","9","24"
"80 & Older years","McIntosh","40","10","13"
"<1 years","McIntosh","3","0","0"
"Unknown years","McIntosh","5","0","0"
"01-04 years","Meriwether","74","0","2"
"05-09 years","Meriwether","80","0","1"
"10-17 years","Meriwether","199","0","2"
"18-29 years","Meriwether","476","0","13"
"30-39 years","Meriwether","366","3","23"
"40-49 years","Meriwether","399","4","28"
"50-59 years","Meriwether","404","12","43"
"60-69 years","Meriwether","351","18","48"
"70-79 years","Meriwether","259","31","54"
"80 & Older years","Meriwether","132","33","32"
"<1 years","Meriwether","27","0","4"
"Unknown years","Meriwether","2","0","0"
"01-04 years","Miller","24","0","0"
"05-09 years","Miller","37","0","0"
"10-17 years","Miller","148","0","1"
"18-29 years","Miller","178","0","1"
"30-39 years","Miller","153","0","0"
"40-49 years","Miller","126","1","7"
"50-59 years","Miller","178","4","18"
"60-69 years","Miller","124","4","14"
"70-79 years","Miller","47","3","5"
"80 & Older years","Miller","33","3","8"
"<1 years","Miller","5","0","0"
"01-04 years","Mitchell","50","0","2"
"05-09 years","Mitchell","78","0","0"
"10-17 years","Mitchell","196","0","5"
"18-29 years","Mitchell","446","1","17"
"30-39 years","Mitchell","388","1","23"
"40-49 years","Mitchell","339","7","28"
"50-59 years","Mitchell","353","13","63"
"60-69 years","Mitchell","277","19","63"
"70-79 years","Mitchell","165","22","59"
"80 & Older years","Mitchell","109","27","35"
"<1 years","Mitchell","16","0","1"
"Unknown years","Mitchell","1","0","0"
"01-04 years","Monroe","29","0","4"
"05-09 years","Monroe","69","0","1"
"10-17 years","Monroe","211","0","0"
"18-29 years","Monroe","585","2","11"
"30-39 years","Monroe","487","0","12"
"40-49 years","Monroe","523","7","29"
"50-59 years","Monroe","533","7","36"
"60-69 years","Monroe","442","29","70"
"70-79 years","Monroe","241","29","58"
"80 & Older years","Monroe","145","45","43"
"<1 years","Monroe","15","0","1"
"Unknown years","Monroe","1","0","0"
"01-04 years","Montgomery","15","0","0"
"05-09 years","Montgomery","19","0","0"
"10-17 years","Montgomery","101","0","1"
"18-29 years","Montgomery","255","1","2"
"30-39 years","Montgomery","185","2","6"
"40-49 years","Montgomery","185","1","4"
"50-59 years","Montgomery","175","6","14"
"60-69 years","Montgomery","145","9","16"
"70-79 years","Montgomery","80","12","16"
"80 & Older years","Montgomery","39","10","7"
"<1 years","Montgomery","4","0","0"
"Unknown years","Montgomery","3","0","0"
"01-04 years","Morgan","53","0","0"
"05-09 years","Morgan","84","0","1"
"10-17 years","Morgan","190","0","1"
"18-29 years","Morgan","425","0","10"
"30-39 years","Morgan","341","0","12"
"40-49 years","Morgan","322","1","12"
"50-59 years","Morgan","359","5","30"
"60-69 years","Morgan","237","8","29"
"70-79 years","Morgan","181","7","31"
"80 & Older years","Morgan","93","21","32"
"<1 years","Morgan","30","0","2"
"Unknown years","Morgan","1","0","0"
"01-04 years","Murray","133","0","2"
"05-09 years","Murray","208","0","3"
"10-17 years","Murray","778","0","2"
"18-29 years","Murray","1505","0","16"
"30-39 years","Murray","1114","2","15"
"40-49 years","Murray","1189","10","42"
"50-59 years","Murray","997","19","79"
"60-69 years","Murray","661","25","94"
"70-79 years","Murray","398","54","87"
"80 & Older years","Murray","153","33","40"
"<1 years","Murray","59","0","2"
"Unknown years","Murray","2","0","0"
"01-04 years","Muscogee","535","0","7"
"05-09 years","Muscogee","945","0","0"
"10-17 years","Muscogee","2352","0","23"
"18-29 years","Muscogee","5926","10","149"
"30-39 years","Muscogee","4461","9","188"
"40-49 years","Muscogee","3523","19","219"
"50-59 years","Muscogee","3269","83","355"
"60-69 years","Muscogee","2419","140","442"
"70-79 years","Muscogee","1256","138","310"
"80 & Older years","Muscogee","720","196","253"
"<1 years","Muscogee","165","0","10"
"Unknown years","Muscogee","62","0","0"
"01-04 years","Newton","263","0","17"
"05-09 years","Newton","548","0","7"
"10-17 years","Newton","1467","0","67"
"18-29 years","Newton","2983","1","242"
"30-39 years","Newton","2548","8","216"
"40-49 years","Newton","2624","20","240"
"50-59 years","Newton","2282","47","290"
"60-69 years","Newton","1283","64","239"
"70-79 years","Newton","767","88","210"
"80 & Older years","Newton","417","101","150"
"<1 years","Newton","97","0","17"
"Unknown years","Newton","7","0","1"
"01-04 years","Non-GA Resident/Unknown State","613","0","10"
"05-09 years","Non-GA Resident/Unknown State","1011","0","8"
"10-17 years","Non-GA Resident/Unknown State","2626","0","23"
"18-29 years","Non-GA Resident/Unknown State","10213","7","199"
"30-39 years","Non-GA Resident/Unknown State","7582","18","240"
"40-49 years","Non-GA Resident/Unknown State","6484","39","275"
"50-59 years","Non-GA Resident/Unknown State","5936","112","435"
"60-69 years","Non-GA Resident/Unknown State","4115","205","513"
"70-79 years","Non-GA Resident/Unknown State","2557","218","507"
"80 & Older years","Non-GA Resident/Unknown State","1422","198","362"
"<1 years","Non-GA Resident/Unknown State","412","0","20"
"Unknown years","Non-GA Resident/Unknown State","948","0","47"
"01-04 years","Oconee","97","0","0"
"05-09 years","Oconee","208","0","0"
"10-17 years","Oconee","672","0","2"
"18-29 years","Oconee","974","0","15"
"30-39 years","Oconee","703","1","11"
"40-49 years","Oconee","991","3","32"
"50-59 years","Oconee","815","5","26"
"60-69 years","Oconee","530","12","47"
"70-79 years","Oconee","287","19","37"
"80 & Older years","Oconee","181","34","51"
"<1 years","Oconee","26","0","0"
"Unknown years","Oconee","4","0","0"
"01-04 years","Oglethorpe","38","0","0"
"05-09 years","Oglethorpe","66","0","0"
"10-17 years","Oglethorpe","189","0","4"
"18-29 years","Oglethorpe","366","0","9"
"30-39 years","Oglethorpe","266","2","13"
"40-49 years","Oglethorpe","290","3","22"
"50-59 years","Oglethorpe","289","1","30"
"60-69 years","Oglethorpe","228","4","24"
"70-79 years","Oglethorpe","156","15","25"
"80 & Older years","Oglethorpe","87","18","26"
"<1 years","Oglethorpe","16","0","1"
"Unknown years","Oglethorpe","1","0","0"
"01-04 years","Paulding","467","0","5"
"05-09 years","Paulding","869","0","0"
"10-17 years","Paulding","2423","0","10"
"18-29 years","Paulding","4138","1","43"
"30-39 years","Paulding","3788","5","55"
"40-49 years","Paulding","3702","14","82"
"50-59 years","Paulding","3259","39","131"
"60-69 years","Paulding","1713","56","119"
"70-79 years","Paulding","866","60","118"
"80 & Older years","Paulding","474","86","95"
"<1 years","Paulding","165","0","4"
"Unknown years","Paulding","32","0","0"
"01-04 years","Peach","48","0","2"
"05-09 years","Peach","64","0","0"
"10-17 years","Peach","196","0","2"
"18-29 years","Peach","678","1","14"
"30-39 years","Peach","535","3","20"
"40-49 years","Peach","446","9","32"
"50-59 years","Peach","451","14","59"
"60-69 years","Peach","384","21","75"
"70-79 years","Peach","192","26","61"
"80 & Older years","Peach","90","22","38"
"<1 years","Peach","8","0","0"
"Unknown years","Peach","1","0","0"
"01-04 years","Pickens","43","0","3"
"05-09 years","Pickens","94","0","2"
"10-17 years","Pickens","291","0","1"
"18-29 years","Pickens","714","0","18"
"30-39 years","Pickens","563","3","27"
"40-49 years","Pickens","608","1","38"
"50-59 years","Pickens","733","9","59"
"60-69 years","Pickens","576","19","90"
"70-79 years","Pickens","420","31","104"
"80 & Older years","Pickens","180","36","55"
"<1 years","Pickens","11","0","3"
"Unknown years","Pickens","1","0","0"
"01-04 years","Pierce","54","0","0"
"05-09 years","Pierce","70","0","0"
"10-17 years","Pierce","218","1","1"
"18-29 years","Pierce","400","0","8"
"30-39 years","Pierce","305","3","15"
"40-49 years","Pierce","360","5","31"
"50-59 years","Pierce","325","17","44"
"60-69 years","Pierce","238","22","65"
"70-79 years","Pierce","178","24","66"
"80 & Older years","Pierce","69","19","26"
"<1 years","Pierce","24","0","1"
"01-04 years","Pike","63","0","0"
"05-09 years","Pike","96","0","0"
"10-17 years","Pike","257","0","1"
"18-29 years","Pike","344","2","11"
"30-39 years","Pike","345","2","8"
"40-49 years","Pike","380","3","17"
"50-59 years","Pike","307","10","26"
"60-69 years","Pike","224","15","39"
"70-79 years","Pike","124","9","30"
"80 & Older years","Pike","58","12","13"
"<1 years","Pike","26","0","0"
"Unknown years","Pike","3","0","0"
"01-04 years","Polk","128","0","1"
"05-09 years","Polk","208","0","3"
"10-17 years","Polk","743","0","6"
"18-29 years","Polk","1606","0","26"
"30-39 years","Polk","1192","2","36"
"40-49 years","Polk","1119","8","61"
"50-59 years","Polk","1072","25","116"
"60-69 years","Polk","708","33","121"
"70-79 years","Polk","472","41","129"
"80 & Older years","Polk","203","34","68"
"<1 years","Polk","70","0","3"
"Unknown years","Polk","23","0","0"
"01-04 years","Pulaski","16","0","0"
"05-09 years","Pulaski","32","0","0"
"10-17 years","Pulaski","93","0","1"
"18-29 years","Pulaski","164","0","3"
"30-39 years","Pulaski","153","1","3"
"40-49 years","Pulaski","142","0","10"
"50-59 years","Pulaski","149","4","9"
"60-69 years","Pulaski","116","11","16"
"70-79 years","Pulaski","56","13","17"
"80 & Older years","Pulaski","42","13","7"
"<1 years","Pulaski","7","0","0"
"01-04 years","Putnam","49","0","0"
"05-09 years","Putnam","88","0","1"
"10-17 years","Putnam","251","0","2"
"18-29 years","Putnam","503","0","6"
"30-39 years","Putnam","455","1","18"
"40-49 years","Putnam","374","4","22"
"50-59 years","Putnam","481","4","37"
"60-69 years","Putnam","408","23","53"
"70-79 years","Putnam","300","26","74"
"80 & Older years","Putnam","123","27","43"
"<1 years","Putnam","16","0","1"
"Unknown years","Putnam","1","0","0"
"01-04 years","Quitman","3","0","0"
"05-09 years","Quitman","6","0","0"
"10-17 years","Quitman","14","0","0"
"18-29 years","Quitman","29","0","2"
"30-39 years","Quitman","27","0","2"
"40-49 years","Quitman","11","0","1"
"50-59 years","Quitman","21","0","2"
"60-69 years","Quitman","33","1","6"
"70-79 years","Quitman","7","1","2"
"80 & Older years","Quitman","11","1","2"
"<1 years","Quitman","2","0","0"
"01-04 years","Rabun","26","0","0"
"05-09 years","Rabun","63","0","0"
"10-17 years","Rabun","209","0","2"
"18-29 years","Rabun","349","2","9"
"30-39 years","Rabun","281","2","14"
"40-49 years","Rabun","304","2","22"
"50-59 years","Rabun","360","6","41"
"60-69 years","Rabun","354","13","45"
"70-79 years","Rabun","274","22","58"
"80 & Older years","Rabun","107","22","36"
"<1 years","Rabun","11","0","1"
"Unknown years","Rabun","6","0","0"
"01-04 years","Randolph","8","0","0"
"05-09 years","Randolph","18","0","0"
"10-17 years","Randolph","57","0","3"
"18-29 years","Randolph","97","1","6"
"30-39 years","Randolph","102","2","8"
"40-49 years","Randolph","79","0","8"
"50-59 years","Randolph","118","6","25"
"60-69 years","Randolph","89","11","19"
"70-79 years","Randolph","58","5","19"
"80 & Older years","Randolph","52","15","17"
"<1 years","Randolph","2","0","0"
"Unknown years","Randolph","2","0","0"
"01-04 years","Richmond","585","0","2"
"05-09 years","Richmond","1147","1","8"
"10-17 years","Richmond","2763","0","30"
"18-29 years","Richmond","7297","15","107"
"30-39 years","Richmond","5590","14","152"
"40-49 years","Richmond","4176","33","187"
"50-59 years","Richmond","3780","60","322"
"60-69 years","Richmond","2816","137","395"
"70-79 years","Richmond","1469","160","405"
"80 & Older years","Richmond","832","194","330"
"<1 years","Richmond","192","0","8"
"Unknown years","Richmond","34","0","0"
"01-04 years","Rockdale","218","0","25"
"05-09 years","Rockdale","435","0","22"
"10-17 years","Rockdale","1187","0","57"
"18-29 years","Rockdale","2504","3","214"
"30-39 years","Rockdale","2076","5","245"
"40-49 years","Rockdale","2141","12","245"
"50-59 years","Rockdale","1992","27","318"
"60-69 years","Rockdale","1153","50","265"
"70-79 years","Rockdale","635","73","238"
"80 & Older years","Rockdale","322","75","165"
"<1 years","Rockdale","63","0","10"
"Unknown years","Rockdale","7","0","3"
"01-04 years","Schley","9","0","0"
"05-09 years","Schley","13","0","0"
"10-17 years","Schley","43","0","0"
"18-29 years","Schley","74","0","2"
"30-39 years","Schley","49","0","0"
"40-49 years","Schley","71","0","5"
"50-59 years","Schley","58","2","8"
"60-69 years","Schley","38","1","7"
"70-79 years","Schley","20","3","4"
"80 & Older years","Schley","9","2","3"
"<1 years","Schley","2","0","0"
"01-04 years","Screven","28","0","1"
"05-09 years","Screven","50","0","0"
"10-17 years","Screven","183","0","1"
"18-29 years","Screven","240","0","8"
"30-39 years","Screven","231","1","6"
"40-49 years","Screven","190","4","12"
"50-59 years","Screven","186","6","21"
"60-69 years","Screven","181","5","19"
"70-79 years","Screven","104","10","21"
"80 & Older years","Screven","45","9","13"
"<1 years","Screven","12","0","0"
"Unknown years","Screven","2","0","0"
"01-04 years","Seminole","24","0","0"
"05-09 years","Seminole","44","0","0"
"10-17 years","Seminole","145","0","1"
"18-29 years","Seminole","223","0","4"
"30-39 years","Seminole","177","0","4"
"40-49 years","Seminole","171","0","11"
"50-59 years","Seminole","178","3","9"
"60-69 years","Seminole","185","6","33"
"70-79 years","Seminole","104","7","21"
"80 & Older years","Seminole","49","7","18"
"<1 years","Seminole","11","0","1"
"Unknown years","Seminole","1","0","0"
"01-04 years","Spalding","206","0","2"
"05-09 years","Spalding","288","0","1"
"10-17 years","Spalding","677","0","5"
"18-29 years","Spalding","1698","4","46"
"30-39 years","Spalding","1430","7","53"
"40-49 years","Spalding","1323","16","84"
"50-59 years","Spalding","1275","39","128"
"60-69 years","Spalding","928","73","150"
"70-79 years","Spalding","592","80","133"
"80 & Older years","Spalding","342","75","91"
"<1 years","Spalding","69","0","3"
"Unknown years","Spalding","11","0","1"
"01-04 years","Stephens","54","0","2"
"05-09 years","Stephens","110","0","1"
"10-17 years","Stephens","442","0","3"
"18-29 years","Stephens","911","1","24"
"30-39 years","Stephens","627","0","11"
"40-49 years","Stephens","708","1","28"
"50-59 years","Stephens","738","11","56"
"60-69 years","Stephens","668","34","94"
"70-79 years","Stephens","440","36","92"
"80 & Older years","Stephens","208","32","51"
"<1 years","Stephens","20","0","1"
"Unknown years","Stephens","11","0","0"
"01-04 years","Stewart","11","0","1"
"05-09 years","Stewart","13","0","0"
"10-17 years","Stewart","41","0","0"
"18-29 years","Stewart","448","0","22"
"30-39 years","Stewart","424","1","28"
"40-49 years","Stewart","268","2","24"
"50-59 years","Stewart","139","2","19"
"60-69 years","Stewart","89","16","31"
"70-79 years","Stewart","32","4","6"
"80 & Older years","Stewart","28","5","8"
"<1 years","Stewart","4","0","0"
"Unknown years","Stewart","13","0","3"
"01-04 years","Sumter","66","0","1"
"05-09 years","Sumter","112","0","0"
"10-17 years","Sumter","248","0","7"
"18-29 years","Sumter","633","2","21"
"30-39 years","Sumter","496","1","37"
"40-49 years","Sumter","450","11","38"
"50-59 years","Sumter","480","12","66"
"60-69 years","Sumter","380","34","90"
"70-79 years","Sumter","235","35","66"
"80 & Older years","Sumter","153","39","60"
"<1 years","Sumter","40","0","4"
"Unknown years","Sumter","3","0","0"
"01-04 years","Talbot","22","0","1"
"05-09 years","Talbot","30","0","0"
"10-17 years","Talbot","65","0","0"
"18-29 years","Talbot","127","0","4"
"30-39 years","Talbot","88","0","3"
"40-49 years","Talbot","110","3","5"
"50-59 years","Talbot","115","6","11"
"60-69 years","Talbot","98","7","22"
"70-79 years","Talbot","55","8","9"
"80 & Older years","Talbot","28","5","10"
"<1 years","Talbot","2","0","0"
"Unknown years","Talbot","3","0","0"
"01-04 years","Taliaferro","2","0","0"
"05-09 years","Taliaferro","1","0","0"
"10-17 years","Taliaferro","11","0","0"
"18-29 years","Taliaferro","22","0","2"
"30-39 years","Taliaferro","21","0","0"
"40-49 years","Taliaferro","26","0","2"
"50-59 years","Taliaferro","13","0","0"
"60-69 years","Taliaferro","27","1","4"
"70-79 years","Taliaferro","11","1","4"
"80 & Older years","Taliaferro","4","1","2"
"<1 years","Taliaferro","1","0","0"
"01-04 years","Tattnall","63","0","1"
"05-09 years","Tattnall","89","0","1"
"10-17 years","Tattnall","275","0","2"
"18-29 years","Tattnall","498","1","3"
"30-39 years","Tattnall","445","2","10"
"40-49 years","Tattnall","430","0","11"
"50-59 years","Tattnall","449","15","33"
"60-69 years","Tattnall","306","22","46"
"70-79 years","Tattnall","166","29","47"
"80 & Older years","Tattnall","63","6","11"
"<1 years","Tattnall","21","0","0"
"01-04 years","Taylor","24","0","1"
"05-09 years","Taylor","35","0","0"
"10-17 years","Taylor","97","0","1"
"18-29 years","Taylor","163","1","6"
"30-39 years","Taylor","118","1","6"
"40-49 years","Taylor","158","2","18"
"50-59 years","Taylor","125","3","20"
"60-69 years","Taylor","101","8","22"
"70-79 years","Taylor","53","9","15"
"80 & Older years","Taylor","34","10","10"
"<1 years","Taylor","7","0","0"
"01-04 years","Telfair","15","0","0"
"05-09 years","Telfair","26","0","0"
"10-17 years","Telfair","57","0","1"
"18-29 years","Telfair","199","0","4"
"30-39 years","Telfair","152","1","5"
"40-49 years","Telfair","164","2","8"
"50-59 years","Telfair","149","8","14"
"60-69 years","Telfair","131","11","22"
"70-79 years","Telfair","82","17","23"
"80 & Older years","Telfair","46","17","13"
"<1 years","Telfair","9","0","0"
"Unknown years","Telfair","3","0","0"
"01-04 years","Terrell","20","0","0"
"05-09 years","Terrell","29","0","0"
"10-17 years","Terrell","115","0","1"
"18-29 years","Terrell","137","0","8"
"30-39 years","Terrell","123","0","14"
"40-49 years","Terrell","102","0","13"
"50-59 years","Terrell","145","7","28"
"60-69 years","Terrell","124","14","44"
"70-79 years","Terrell","74","19","30"
"80 & Older years","Terrell","48","16","21"
"<1 years","Terrell","6","0","0"
"Unknown years","Terrell","1","0","0"
"01-04 years","Thomas","184","1","2"
"05-09 years","Thomas","361","0","3"
"10-17 years","Thomas","842","0","3"
"18-29 years","Thomas","1187","2","42"
"30-39 years","Thomas","965","5","36"
"40-49 years","Thomas","926","11","60"
"50-59 years","Thomas","938","21","87"
"60-69 years","Thomas","682","27","136"
"70-79 years","Thomas","395","44","108"
"80 & Older years","Thomas","226","54","73"
"<1 years","Thomas","63","0","3"
"Unknown years","Thomas","6","0","0"
"01-04 years","Tift","120","0","8"
"05-09 years","Tift","170","0","4"
"10-17 years","Tift","452","0","10"
"18-29 years","Tift","1176","2","38"
"30-39 years","Tift","868","3","45"
"40-49 years","Tift","799","10","77"
"50-59 years","Tift","668","18","90"
"60-69 years","Tift","516","27","103"
"70-79 years","Tift","321","37","104"
"80 & Older years","Tift","199","46","78"
"<1 years","Tift","43","0","2"
"Unknown years","Tift","5","0","0"
"01-04 years","Toombs","57","0","0"
"05-09 years","Toombs","121","0","0"
"10-17 years","Toombs","359","0","2"
"18-29 years","Toombs","930","1","10"
"30-39 years","Toombs","709","2","11"
"40-49 years","Toombs","673","9","37"
"50-59 years","Toombs","645","16","42"
"60-69 years","Toombs","565","31","74"
"70-79 years","Toombs","353","47","56"
"80 & Older years","Toombs","200","49","42"
"<1 years","Toombs","21","0","0"
"01-04 years","Towns","8","0","0"
"05-09 years","Towns","19","0","1"
"10-17 years","Towns","77","0","1"
"18-29 years","Towns","216","0","4"
"30-39 years","Towns","144","1","5"
"40-49 years","Towns","174","2","6"
"50-59 years","Towns","275","7","27"
"60-69 years","Towns","335","8","28"
"70-79 years","Towns","244","16","49"
"80 & Older years","Towns","170","38","67"
"<1 years","Towns","3","0","0"
"01-04 years","Treutlen","13","0","0"
"05-09 years","Treutlen","25","0","1"
"10-17 years","Treutlen","80","0","1"
"18-29 years","Treutlen","165","0","3"
"30-39 years","Treutlen","152","0","5"
"40-49 years","Treutlen","145","5","6"
"50-59 years","Treutlen","143","3","10"
"60-69 years","Treutlen","96","7","15"
"70-79 years","Treutlen","73","17","12"
"80 & Older years","Treutlen","39","13","10"
"<1 years","Treutlen","1","0","0"
"01-04 years","Troup","285","0","2"
"05-09 years","Troup","422","0","1"
"10-17 years","Troup","1035","0","11"
"18-29 years","Troup","2294","2","41"
"30-39 years","Troup","1780","10","63"
"40-49 years","Troup","1452","11","70"
"50-59 years","Troup","1405","35","143"
"60-69 years","Troup","995","58","137"
"70-79 years","Troup","536","64","117"
"80 & Older years","Troup","349","95","82"
"<1 years","Troup","111","0","3"
"Unknown years","Troup","13","0","0"
"01-04 years","Turner","13","0","0"
"05-09 years","Turner","21","0","2"
"10-17 years","Turner","40","0","2"
"18-29 years","Turner","152","0","6"
"30-39 years","Turner","166","0","16"
"40-49 years","Turner","152","1","9"
"50-59 years","Turner","139","2","19"
"60-69 years","Turner","112","9","31"
"70-79 years","Turner","65","11","16"
"80 & Older years","Turner","39","18","17"
"<1 years","Turner","8","0","1"
"01-04 years","Twiggs","19","0","1"
"05-09 years","Twiggs","19","0","1"
"10-17 years","Twiggs","58","0","1"
"18-29 years","Twiggs","132","0","3"
"30-39 years","Twiggs","114","1","4"
"40-49 years","Twiggs","118","2","11"
"50-59 years","Twiggs","159","4","26"
"60-69 years","Twiggs","140","13","42"
"70-79 years","Twiggs","76","14","30"
"80 & Older years","Twiggs","35","15","19"
"<1 years","Twiggs","2","0","0"
"01-04 years","Union","23","0","0"
"05-09 years","Union","67","0","0"
"10-17 years","Union","209","0","2"
"18-29 years","Union","432","1","6"
"30-39 years","Union","422","3","8"
"40-49 years","Union","400","2","23"
"50-59 years","Union","512","6","41"
"60-69 years","Union","621","20","82"
"70-79 years","Union","515","35","111"
"80 & Older years","Union","271","53","86"
"<1 years","Union","13","0","2"
"Unknown years","Union","7","0","0"
"01-04 years","Unknown","110","0","1"
"05-09 years","Unknown","133","0","0"
"10-17 years","Unknown","388","0","1"
"18-29 years","Unknown","1191","1","8"
"30-39 years","Unknown","720","0","8"
"40-49 years","Unknown","618","1","7"
"50-59 years","Unknown","533","1","13"
"60-69 years","Unknown","347","2","14"
"70-79 years","Unknown","183","1","13"
"80 & Older years","Unknown","92","0","9"
"<1 years","Unknown","101","0","2"
"Unknown years","Unknown","130","0","4"
"01-04 years","Upson","93","0","1"
"05-09 years","Upson","134","0","0"
"10-17 years","Upson","339","1","4"
"18-29 years","Upson","655","0","10"
"30-39 years","Upson","486","2","12"
"40-49 years","Upson","447","2","22"
"50-59 years","Upson","439","13","43"
"60-69 years","Upson","365","31","60"
"70-79 years","Upson","252","44","71"
"80 & Older years","Upson","137","47","46"
"<1 years","Upson","48","0","2"
"Unknown years","Upson","15","0","0"
"01-04 years","Walker","183","0","1"
"05-09 years","Walker","386","0","2"
"10-17 years","Walker","1030","0","9"
"18-29 years","Walker","2020","0","28"
"30-39 years","Walker","1606","1","25"
"40-49 years","Walker","1733","11","57"
"50-59 years","Walker","1519","8","68"
"60-69 years","Walker","1150","32","106"
"70-79 years","Walker","741","44","97"
"80 & Older years","Walker","332","44","63"
"<1 years","Walker","76","0","3"
"Unknown years","Walker","77","0","4"
"01-04 years","Walton","204","0","6"
"05-09 years","Walton","386","0","10"
"10-17 years","Walton","1163","0","31"
"18-29 years","Walton","2478","3","136"
"30-39 years","Walton","2184","6","109"
"40-49 years","Walton","2189","10","152"
"50-59 years","Walton","2085","30","194"
"60-69 years","Walton","1387","52","209"
"70-79 years","Walton","950","102","202"
"80 & Older years","Walton","527","127","139"
"<1 years","Walton","83","0","8"
"Unknown years","Walton","8","0","0"
"01-04 years","Ware","128","0","1"
"05-09 years","Ware","167","0","0"
"10-17 years","Ware","450","0","4"
"18-29 years","Ware","913","1","16"
"30-39 years","Ware","737","3","38"
"40-49 years","Ware","665","5","55"
"50-59 years","Ware","619","34","123"
"60-69 years","Ware","453","36","109"
"70-79 years","Ware","347","56","133"
"80 & Older years","Ware","245","72","86"
"<1 years","Ware","47","0","2"
"Unknown years","Ware","1","0","0"
"01-04 years","Warren","10","0","0"
"05-09 years","Warren","10","0","0"
"10-17 years","Warren","39","0","0"
"18-29 years","Warren","118","0","3"
"30-39 years","Warren","85","0","5"
"40-49 years","Warren","80","3","7"
"50-59 years","Warren","88","3","11"
"60-69 years","Warren","64","3","10"
"70-79 years","Warren","46","6","15"
"80 & Older years","Warren","25","5","9"
"<1 years","Warren","7","0","1"
"Unknown years","Warren","4","0","0"
"01-04 years","Washington","74","0","0"
"05-09 years","Washington","94","0","0"
"10-17 years","Washington","306","1","4"
"18-29 years","Washington","450","0","8"
"30-39 years","Washington","403","2","14"
"40-49 years","Washington","386","6","16"
"50-59 years","Washington","346","10","18"
"60-69 years","Washington","299","17","35"
"70-79 years","Washington","152","14","28"
"80 & Older years","Washington","86","29","16"
"<1 years","Washington","31","0","0"
"Unknown years","Washington","4","0","0"
"01-04 years","Wayne","66","0","2"
"05-09 years","Wayne","114","0","0"
"10-17 years","Wayne","399","0","2"
"18-29 years","Wayne","800","1","16"
"30-39 years","Wayne","759","6","22"
"40-49 years","Wayne","798","13","59"
"50-59 years","Wayne","687","24","63"
"60-69 years","Wayne","504","38","95"
"70-79 years","Wayne","359","41","102"
"80 & Older years","Wayne","161","38","40"
"<1 years","Wayne","27","0","2"
"Unknown years","Wayne","1","0","0"
"05-09 years","Webster","8","0","0"
"10-17 years","Webster","17","0","0"
"18-29 years","Webster","41","0","3"
"30-39 years","Webster","21","0","1"
"40-49 years","Webster","32","0","2"
"50-59 years","Webster","29","3","8"
"60-69 years","Webster","30","1","4"
"70-79 years","Webster","14","2","4"
"80 & Older years","Webster","5","1","1"
"<1 years","Webster","4","0","0"
"Unknown years","Webster","2","0","0"
"01-04 years","Wheeler","3","0","0"
"05-09 years","Wheeler","9","0","1"
"10-17 years","Wheeler","43","0","0"
"18-29 years","Wheeler","91","0","0"
"30-39 years","Wheeler","111","2","2"
"40-49 years","Wheeler","108","3","3"
"50-59 years","Wheeler","116","9","12"
"60-69 years","Wheeler","75","6","10"
"70-79 years","Wheeler","50","8","12"
"80 & Older years","Wheeler","11","4","2"
"<1 years","Wheeler","2","0","0"
"Unknown years","Wheeler","24","0","1"
"01-04 years","White","48","0","1"
"05-09 years","White","120","0","1"
"10-17 years","White","457","0","2"
"18-29 years","White","815","1","14"
"30-39 years","White","640","2","12"
"40-49 years","White","728","8","34"
"50-59 years","White","792","10","66"
"60-69 years","White","687","20","89"
"70-79 years","White","515","31","110"
"80 & Older years","White","264","46","93"
"<1 years","White","16","0","0"
"Unknown years","White","19","0","0"
"01-04 years","Whitfield","352","0","3"
"05-09 years","Whitfield","677","0","3"
"10-17 years","Whitfield","2176","0","9"
"18-29 years","Whitfield","5234","3","65"
"30-39 years","Whitfield","3558","6","85"
"40-49 years","Whitfield","3428","12","116"
"50-59 years","Whitfield","3020","55","175"
"60-69 years","Whitfield","1825","63","202"
"70-79 years","Whitfield","1022","81","183"
"80 & Older years","Whitfield","547","114","139"
"<1 years","Whitfield","135","0","5"
"Unknown years","Whitfield","16","0","0"
"01-04 years","Wilcox","22","0","1"
"05-09 years","Wilcox","30","0","0"
"10-17 years","Wilcox","55","0","0"
"18-29 years","Wilcox","84","0","1"
"30-39 years","Wilcox","79","0","3"
"40-49 years","Wilcox","97","0","12"
"50-59 years","Wilcox","106","2","18"
"60-69 years","Wilcox","112","10","30"
"70-79 years","Wilcox","62","12","11"
"80 & Older years","Wilcox","28","8","8"
"<1 years","Wilcox","8","0","1"
"01-04 years","Wilkes","14","0","0"
"05-09 years","Wilkes","27","0","0"
"10-17 years","Wilkes","79","0","1"
"18-29 years","Wilkes","186","0","6"
"30-39 years","Wilkes","126","0","7"
"40-49 years","Wilkes","152","1","17"
"50-59 years","Wilkes","139","3","14"
"60-69 years","Wilkes","116","4","25"
"70-79 years","Wilkes","81","9","29"
"80 & Older years","Wilkes","45","10","20"
"<1 years","Wilkes","9","0","1"
"Unknown years","Wilkes","2","0","0"
"01-04 years","Wilkinson","22","0","0"
"05-09 years","Wilkinson","32","0","0"
"10-17 years","Wilkinson","103","0","1"
"18-29 years","Wilkinson","219","0","4"
"30-39 years","Wilkinson","190","0","11"
"40-49 years","Wilkinson","180","0","10"
"50-59 years","Wilkinson","217","6","30"
"60-69 years","Wilkinson","188","18","51"
"70-79 years","Wilkinson","86","11","24"
"80 & Older years","Wilkinson","49","7","19"
"<1 years","Wilkinson","6","0","0"
"Unknown years","Wilkinson","3","0","0"
"01-04 years","Worth","32","0","0"
"05-09 years","Worth","58","0","0"
"10-17 years","Worth","172","1","3"
"18-29 years","Worth","341","1","16"
"30-39 years","Worth","254","0","19"
"40-49 years","Worth","263","3","26"
"50-59 years","Worth","270","7","38"
"60-69 years","Worth","257","23","65"
"70-79 years","Worth","146","21","43"
"80 & Older years","Worth","90","23","34"
"<1 years","Worth","12","0","0"
"Unknown years","Worth","2","0","0"
