"age group","county name","cases","deaths","hospitalization"
"01-04 years","Georgia","12382","1","246"
"05-09 years","Georgia","20280","2","185"
"10-17 years","Georgia","68838","8","740"
"18-29 years","Georgia","204033","129","4014"
"30-39 years","Georgia","147613","277","5240"
"40-49 years","Georgia","142260","661","7629"
"50-59 years","Georgia","134690","1772","11465"
"60-69 years","Georgia","90702","3693","13503"
"70-79 years","Georgia","52436","5286","12760"
"80 & Older years","Georgia","30215","6777","9795"
"<1 years","Georgia","3403","0","195"
"Unknown years","Georgia","3085","1","73"
"01-04 years","Appling","31","0","0"
"05-09 years","Appling","56","0","0"
"10-17 years","Appling","165","0","2"
"18-29 years","Appling","352","1","7"
"30-39 years","Appling","260","1","6"
"40-49 years","Appling","267","4","20"
"50-59 years","Appling","301","7","31"
"60-69 years","Appling","254","15","56"
"70-79 years","Appling","173","18","37"
"80 & Older years","Appling","92","21","33"
"<1 years","Appling","5","0","0"
"01-04 years","Atkinson","7","0","1"
"05-09 years","Atkinson","19","0","1"
"10-17 years","Atkinson","51","0","0"
"18-29 years","Atkinson","182","0","9"
"30-39 years","Atkinson","123","0","9"
"40-49 years","Atkinson","138","2","26"
"50-59 years","Atkinson","143","2","27"
"60-69 years","Atkinson","90","6","28"
"70-79 years","Atkinson","46","5","17"
"80 & Older years","Atkinson","15","5","11"
"<1 years","Atkinson","3","0","0"
"01-04 years","Bacon","17","0","0"
"05-09 years","Bacon","24","0","0"
"10-17 years","Bacon","78","0","1"
"18-29 years","Bacon","404","0","1"
"30-39 years","Bacon","193","0","5"
"40-49 years","Bacon","178","2","12"
"50-59 years","Bacon","160","2","16"
"60-69 years","Bacon","129","9","27"
"70-79 years","Bacon","84","7","20"
"80 & Older years","Bacon","41","9","11"
"<1 years","Bacon","4","0","0"
"Unknown years","Bacon","1","0","0"
"01-04 years","Baker","8","0","0"
"05-09 years","Baker","4","0","0"
"10-17 years","Baker","9","0","0"
"18-29 years","Baker","27","0","0"
"30-39 years","Baker","23","0","4"
"40-49 years","Baker","17","1","3"
"50-59 years","Baker","23","0","2"
"60-69 years","Baker","34","3","15"
"70-79 years","Baker","19","3","11"
"80 & Older years","Baker","11","3","5"
"<1 years","Baker","1","0","0"
"01-04 years","Baldwin","32","0","0"
"05-09 years","Baldwin","56","0","0"
"10-17 years","Baldwin","205","1","5"
"18-29 years","Baldwin","1299","0","16"
"30-39 years","Baldwin","485","1","16"
"40-49 years","Baldwin","497","2","32"
"50-59 years","Baldwin","502","13","61"
"60-69 years","Baldwin","392","23","78"
"70-79 years","Baldwin","261","29","57"
"80 & Older years","Baldwin","161","49","65"
"<1 years","Baldwin","14","0","0"
"01-04 years","Banks","11","0","0"
"05-09 years","Banks","31","0","1"
"10-17 years","Banks","111","0","3"
"18-29 years","Banks","318","0","9"
"30-39 years","Banks","219","0","8"
"40-49 years","Banks","242","0","19"
"50-59 years","Banks","271","2","27"
"60-69 years","Banks","220","7","47"
"70-79 years","Banks","156","16","57"
"80 & Older years","Banks","80","12","32"
"<1 years","Banks","6","0","1"
"Unknown years","Banks","19","0","1"
"01-04 years","Barrow","105","0","0"
"05-09 years","Barrow","190","0","0"
"10-17 years","Barrow","721","0","8"
"18-29 years","Barrow","1840","2","40"
"30-39 years","Barrow","1563","1","51"
"40-49 years","Barrow","1593","6","74"
"50-59 years","Barrow","1344","9","109"
"60-69 years","Barrow","895","35","148"
"70-79 years","Barrow","515","37","108"
"80 & Older years","Barrow","246","52","93"
"<1 years","Barrow","33","0","2"
"Unknown years","Barrow","16","0","0"
"01-04 years","Bartow","122","0","6"
"05-09 years","Bartow","230","0","2"
"10-17 years","Bartow","959","0","13"
"18-29 years","Bartow","2158","0","28"
"30-39 years","Bartow","1779","4","53"
"40-49 years","Bartow","1843","3","91"
"50-59 years","Bartow","1903","18","166"
"60-69 years","Bartow","1180","44","161"
"70-79 years","Bartow","773","77","198"
"80 & Older years","Bartow","387","77","129"
"<1 years","Bartow","42","0","2"
"Unknown years","Bartow","94","0","7"
"01-04 years","Ben Hill","29","0","1"
"05-09 years","Ben Hill","20","0","0"
"10-17 years","Ben Hill","98","0","0"
"18-29 years","Ben Hill","265","0","4"
"30-39 years","Ben Hill","219","3","11"
"40-49 years","Ben Hill","209","1","12"
"50-59 years","Ben Hill","242","6","31"
"60-69 years","Ben Hill","206","13","31"
"70-79 years","Ben Hill","146","19","52"
"80 & Older years","Ben Hill","69","19","19"
"<1 years","Ben Hill","6","0","1"
"Unknown years","Ben Hill","1","0","0"
"01-04 years","Berrien","16","0","0"
"05-09 years","Berrien","23","0","0"
"10-17 years","Berrien","94","0","1"
"18-29 years","Berrien","215","0","0"
"30-39 years","Berrien","168","0","3"
"40-49 years","Berrien","144","0","5"
"50-59 years","Berrien","171","3","17"
"60-69 years","Berrien","128","8","17"
"70-79 years","Berrien","88","11","19"
"80 & Older years","Berrien","49","12","14"
"<1 years","Berrien","2","0","0"
"Unknown years","Berrien","1","0","0"
"01-04 years","Bibb","139","0","3"
"05-09 years","Bibb","207","0","0"
"10-17 years","Bibb","690","0","9"
"18-29 years","Bibb","3070","1","88"
"30-39 years","Bibb","2178","6","117"
"40-49 years","Bibb","2173","18","212"
"50-59 years","Bibb","2007","28","288"
"60-69 years","Bibb","1611","92","430"
"70-79 years","Bibb","963","120","371"
"80 & Older years","Bibb","602","157","300"
"<1 years","Bibb","47","0","5"
"Unknown years","Bibb","3","0","0"
"01-04 years","Bleckley","5","0","0"
"05-09 years","Bleckley","16","0","0"
"10-17 years","Bleckley","71","0","0"
"18-29 years","Bleckley","189","0","3"
"30-39 years","Bleckley","100","1","4"
"40-49 years","Bleckley","107","1","2"
"50-59 years","Bleckley","113","2","6"
"60-69 years","Bleckley","86","6","11"
"70-79 years","Bleckley","63","4","12"
"80 & Older years","Bleckley","61","18","12"
"<1 years","Bleckley","3","0","0"
"Unknown years","Bleckley","1","0","0"
"01-04 years","Brantley","12","0","0"
"05-09 years","Brantley","12","0","0"
"10-17 years","Brantley","90","0","1"
"18-29 years","Brantley","171","0","2"
"30-39 years","Brantley","127","0","4"
"40-49 years","Brantley","145","2","6"
"50-59 years","Brantley","162","2","15"
"60-69 years","Brantley","121","5","17"
"70-79 years","Brantley","94","17","28"
"80 & Older years","Brantley","50","10","13"
"<1 years","Brantley","1","0","0"
"01-04 years","Brooks","15","0","1"
"05-09 years","Brooks","25","0","0"
"10-17 years","Brooks","87","0","0"
"18-29 years","Brooks","177","0","1"
"30-39 years","Brooks","128","0","4"
"40-49 years","Brooks","128","1","12"
"50-59 years","Brooks","154","2","22"
"60-69 years","Brooks","103","6","18"
"70-79 years","Brooks","87","11","19"
"80 & Older years","Brooks","56","18","15"
"<1 years","Brooks","4","0","0"
"01-04 years","Bryan","54","0","0"
"05-09 years","Bryan","86","0","0"
"10-17 years","Bryan","290","0","3"
"18-29 years","Bryan","557","0","11"
"30-39 years","Bryan","476","1","11"
"40-49 years","Bryan","509","0","17"
"50-59 years","Bryan","378","5","30"
"60-69 years","Bryan","269","12","33"
"70-79 years","Bryan","163","11","57"
"80 & Older years","Bryan","68","9","28"
"<1 years","Bryan","17","0","0"
"Unknown years","Bryan","1","0","0"
"01-04 years","Bulloch","62","0","0"
"05-09 years","Bulloch","108","0","0"
"10-17 years","Bulloch","381","0","2"
"18-29 years","Bulloch","2243","0","11"
"30-39 years","Bulloch","645","2","22"
"40-49 years","Bulloch","566","2","23"
"50-59 years","Bulloch","541","8","39"
"60-69 years","Bulloch","393","17","50"
"70-79 years","Bulloch","200","17","42"
"80 & Older years","Bulloch","107","17","38"
"<1 years","Bulloch","24","0","2"
"01-04 years","Burke","21","0","0"
"05-09 years","Burke","47","0","0"
"10-17 years","Burke","151","0","1"
"18-29 years","Burke","364","1","8"
"30-39 years","Burke","280","1","11"
"40-49 years","Burke","306","2","17"
"50-59 years","Burke","286","4","34"
"60-69 years","Burke","223","7","42"
"70-79 years","Burke","126","14","36"
"80 & Older years","Burke","40","11","14"
"<1 years","Burke","7","0","0"
"Unknown years","Burke","2","0","0"
"01-04 years","Butts","26","0","3"
"05-09 years","Butts","30","0","0"
"10-17 years","Butts","120","0","4"
"18-29 years","Butts","448","0","7"
"30-39 years","Butts","407","0","8"
"40-49 years","Butts","379","4","18"
"50-59 years","Butts","403","8","26"
"60-69 years","Butts","282","17","37"
"70-79 years","Butts","193","24","30"
"80 & Older years","Butts","115","30","9"
"<1 years","Butts","7","0","1"
"Unknown years","Butts","3","0","0"
"01-04 years","Calhoun","7","0","0"
"05-09 years","Calhoun","1","0","0"
"10-17 years","Calhoun","37","0","0"
"18-29 years","Calhoun","72","0","6"
"30-39 years","Calhoun","63","2","6"
"40-49 years","Calhoun","76","2","9"
"50-59 years","Calhoun","79","2","18"
"60-69 years","Calhoun","72","2","19"
"70-79 years","Calhoun","25","6","9"
"80 & Older years","Calhoun","15","2","8"
"<1 years","Calhoun","3","0","0"
"Unknown years","Calhoun","1","0","0"
"01-04 years","Camden","47","0","0"
"05-09 years","Camden","46","0","1"
"10-17 years","Camden","246","0","1"
"18-29 years","Camden","867","0","7"
"30-39 years","Camden","579","1","19"
"40-49 years","Camden","473","2","16"
"50-59 years","Camden","522","2","24"
"60-69 years","Camden","386","9","33"
"70-79 years","Camden","221","5","26"
"80 & Older years","Camden","98","15","24"
"<1 years","Camden","8","0","2"
"Unknown years","Camden","3","0","1"
"01-04 years","Candler","9","0","0"
"05-09 years","Candler","15","0","0"
"10-17 years","Candler","56","0","0"
"18-29 years","Candler","136","0","0"
"30-39 years","Candler","105","0","3"
"40-49 years","Candler","127","3","2"
"50-59 years","Candler","133","6","13"
"60-69 years","Candler","109","9","15"
"70-79 years","Candler","76","14","20"
"80 & Older years","Candler","27","6","12"
"<1 years","Candler","5","0","0"
"Unknown years","Candler","1","0","0"
"01-04 years","Carroll","96","0","1"
"05-09 years","Carroll","144","0","2"
"10-17 years","Carroll","634","0","6"
"18-29 years","Carroll","1800","0","15"
"30-39 years","Carroll","1139","4","19"
"40-49 years","Carroll","1111","4","34"
"50-59 years","Carroll","1114","13","62"
"60-69 years","Carroll","780","25","89"
"70-79 years","Carroll","464","35","73"
"80 & Older years","Carroll","272","51","46"
"<1 years","Carroll","27","0","1"
"Unknown years","Carroll","6","0","0"
"01-04 years","Catoosa","92","0","0"
"05-09 years","Catoosa","160","0","1"
"10-17 years","Catoosa","517","0","2"
"18-29 years","Catoosa","1079","0","8"
"30-39 years","Catoosa","823","1","13"
"40-49 years","Catoosa","970","2","21"
"50-59 years","Catoosa","887","6","38"
"60-69 years","Catoosa","636","8","65"
"70-79 years","Catoosa","381","20","65"
"80 & Older years","Catoosa","261","32","52"
"<1 years","Catoosa","39","0","1"
"Unknown years","Catoosa","104","0","5"
"01-04 years","Charlton","13","0","0"
"05-09 years","Charlton","31","0","0"
"10-17 years","Charlton","66","0","0"
"18-29 years","Charlton","326","1","1"
"30-39 years","Charlton","272","0","4"
"40-49 years","Charlton","217","2","9"
"50-59 years","Charlton","160","2","6"
"60-69 years","Charlton","157","8","22"
"70-79 years","Charlton","61","6","15"
"80 & Older years","Charlton","36","9","16"
"<1 years","Charlton","3","0","0"
"Unknown years","Charlton","1","0","0"
"01-04 years","Chatham","435","0","3"
"05-09 years","Chatham","525","1","2"
"10-17 years","Chatham","1427","0","14"
"18-29 years","Chatham","5271","4","63"
"30-39 years","Chatham","3610","5","118"
"40-49 years","Chatham","2953","14","175"
"50-59 years","Chatham","2631","43","255"
"60-69 years","Chatham","2115","85","386"
"70-79 years","Chatham","1115","122","368"
"80 & Older years","Chatham","716","165","316"
"<1 years","Chatham","120","0","6"
"Unknown years","Chatham","8","0","0"
"01-04 years","Chattahoochee","9","0","0"
"05-09 years","Chattahoochee","10","0","0"
"10-17 years","Chattahoochee","134","0","2"
"18-29 years","Chattahoochee","3499","7","6"
"30-39 years","Chattahoochee","318","2","4"
"40-49 years","Chattahoochee","55","0","0"
"50-59 years","Chattahoochee","30","0","8"
"60-69 years","Chattahoochee","18","0","4"
"70-79 years","Chattahoochee","11","1","4"
"80 & Older years","Chattahoochee","9","3","5"
"<1 years","Chattahoochee","8","0","0"
"Unknown years","Chattahoochee","1","0","0"
"01-04 years","Chattooga","17","0","0"
"05-09 years","Chattooga","33","0","0"
"10-17 years","Chattooga","192","0","1"
"18-29 years","Chattooga","392","0","7"
"30-39 years","Chattooga","310","0","8"
"40-49 years","Chattooga","359","2","15"
"50-59 years","Chattooga","343","5","27"
"60-69 years","Chattooga","286","15","44"
"70-79 years","Chattooga","178","19","50"
"80 & Older years","Chattooga","118","26","35"
"<1 years","Chattooga","10","0","1"
"Unknown years","Chattooga","23","0","1"
"01-04 years","Cherokee","257","0","7"
"05-09 years","Cherokee","586","0","9"
"10-17 years","Cherokee","2381","0","17"
"18-29 years","Cherokee","4521","2","79"
"30-39 years","Cherokee","3320","3","114"
"40-49 years","Cherokee","3762","6","145"
"50-59 years","Cherokee","3665","23","231"
"60-69 years","Cherokee","2230","49","281"
"70-79 years","Cherokee","1395","86","278"
"80 & Older years","Cherokee","822","149","239"
"<1 years","Cherokee","53","0","1"
"Unknown years","Cherokee","3","0","0"
"01-04 years","Clarke","175","0","1"
"05-09 years","Clarke","229","0","2"
"10-17 years","Clarke","648","0","6"
"18-29 years","Clarke","6164","1","41"
"30-39 years","Clarke","1672","2","35"
"40-49 years","Clarke","1346","3","55"
"50-59 years","Clarke","1220","12","76"
"60-69 years","Clarke","806","21","100"
"70-79 years","Clarke","469","51","115"
"80 & Older years","Clarke","246","52","75"
"<1 years","Clarke","48","0","2"
"Unknown years","Clarke","10","0","0"
"01-04 years","Clay","3","0","0"
"05-09 years","Clay","2","0","0"
"10-17 years","Clay","18","0","0"
"18-29 years","Clay","27","0","0"
"30-39 years","Clay","32","0","1"
"40-49 years","Clay","29","0","1"
"50-59 years","Clay","17","0","1"
"60-69 years","Clay","24","1","2"
"70-79 years","Clay","19","0","0"
"80 & Older years","Clay","14","2","5"
"Unknown years","Clay","1","0","0"
"01-04 years","Clayton","476","0","11"
"05-09 years","Clayton","681","1","8"
"10-17 years","Clayton","1761","1","39"
"18-29 years","Clayton","5257","6","122"
"30-39 years","Clayton","4605","13","177"
"40-49 years","Clayton","4132","31","211"
"50-59 years","Clayton","3882","63","301"
"60-69 years","Clayton","2418","135","283"
"70-79 years","Clayton","1014","127","190"
"80 & Older years","Clayton","493","121","126"
"<1 years","Clayton","101","0","5"
"Unknown years","Clayton","27","0","2"
"01-04 years","Clinch","14","0","0"
"05-09 years","Clinch","22","0","0"
"10-17 years","Clinch","81","0","0"
"18-29 years","Clinch","130","0","2"
"30-39 years","Clinch","110","1","4"
"40-49 years","Clinch","106","0","3"
"50-59 years","Clinch","102","2","16"
"60-69 years","Clinch","107","7","17"
"70-79 years","Clinch","52","9","19"
"80 & Older years","Clinch","19","6","7"
"<1 years","Clinch","4","0","0"
"01-04 years","Cobb","810","1","20"
"05-09 years","Cobb","1454","0","12"
"10-17 years","Cobb","4725","0","49"
"18-29 years","Cobb","15504","6","252"
"30-39 years","Cobb","10613","20","303"
"40-49 years","Cobb","10018","35","481"
"50-59 years","Cobb","8964","75","647"
"60-69 years","Cobb","5500","153","636"
"70-79 years","Cobb","3007","305","615"
"80 & Older years","Cobb","1821","426","567"
"<1 years","Cobb","197","0","16"
"Unknown years","Cobb","56","0","1"
"01-04 years","Coffee","79","0","2"
"05-09 years","Coffee","104","0","4"
"10-17 years","Coffee","290","0","5"
"18-29 years","Coffee","839","0","22"
"30-39 years","Coffee","638","4","47"
"40-49 years","Coffee","713","8","93"
"50-59 years","Coffee","685","14","147"
"60-69 years","Coffee","535","37","141"
"70-79 years","Coffee","288","42","126"
"80 & Older years","Coffee","157","41","87"
"<1 years","Coffee","17","0","2"
"Unknown years","Coffee","1","0","0"
"01-04 years","Colquitt","56","0","0"
"05-09 years","Colquitt","115","0","2"
"10-17 years","Colquitt","386","0","7"
"18-29 years","Colquitt","766","0","23"
"30-39 years","Colquitt","545","2","20"
"40-49 years","Colquitt","578","7","40"
"50-59 years","Colquitt","507","16","43"
"60-69 years","Colquitt","371","17","50"
"70-79 years","Colquitt","228","18","51"
"80 & Older years","Colquitt","142","27","33"
"<1 years","Colquitt","18","0","0"
"01-04 years","Columbia","146","0","2"
"05-09 years","Columbia","307","0","0"
"10-17 years","Columbia","1135","0","1"
"18-29 years","Columbia","2307","1","23"
"30-39 years","Columbia","2066","2","28"
"40-49 years","Columbia","1845","8","49"
"50-59 years","Columbia","1579","20","78"
"60-69 years","Columbia","1017","27","102"
"70-79 years","Columbia","539","45","114"
"80 & Older years","Columbia","316","65","101"
"<1 years","Columbia","36","0","1"
"Unknown years","Columbia","8","0","0"
"01-04 years","Cook","15","0","1"
"05-09 years","Cook","25","0","0"
"10-17 years","Cook","96","0","2"
"18-29 years","Cook","232","0","6"
"30-39 years","Cook","178","0","4"
"40-49 years","Cook","186","0","15"
"50-59 years","Cook","166","3","17"
"60-69 years","Cook","127","7","18"
"70-79 years","Cook","102","12","29"
"80 & Older years","Cook","57","17","15"
"<1 years","Cook","6","0","0"
"Unknown years","Cook","1","0","0"
"01-04 years","Coweta","113","0","0"
"05-09 years","Coweta","205","0","1"
"10-17 years","Coweta","667","0","7"
"18-29 years","Coweta","1667","1","21"
"30-39 years","Coweta","1298","5","36"
"40-49 years","Coweta","1394","10","54"
"50-59 years","Coweta","1622","27","81"
"60-69 years","Coweta","997","39","75"
"70-79 years","Coweta","618","63","87"
"80 & Older years","Coweta","340","74","51"
"<1 years","Coweta","27","0","1"
"Unknown years","Coweta","5","0","0"
"01-04 years","Crawford","2","0","0"
"05-09 years","Crawford","2","0","0"
"10-17 years","Crawford","28","0","2"
"18-29 years","Crawford","82","0","2"
"30-39 years","Crawford","74","0","6"
"40-49 years","Crawford","59","1","4"
"50-59 years","Crawford","115","3","16"
"60-69 years","Crawford","98","7","17"
"70-79 years","Crawford","42","6","15"
"80 & Older years","Crawford","24","2","11"
"01-04 years","Crisp","22","0","0"
"05-09 years","Crisp","30","0","0"
"10-17 years","Crisp","114","0","2"
"18-29 years","Crisp","241","0","11"
"30-39 years","Crisp","234","1","15"
"40-49 years","Crisp","217","3","22"
"50-59 years","Crisp","211","4","27"
"60-69 years","Crisp","205","18","41"
"70-79 years","Crisp","105","13","34"
"80 & Older years","Crisp","72","18","18"
"<1 years","Crisp","10","0","0"
"Unknown years","Crisp","7","0","0"
"01-04 years","Dade","17","0","0"
"05-09 years","Dade","38","0","0"
"10-17 years","Dade","105","0","0"
"18-29 years","Dade","235","0","1"
"30-39 years","Dade","161","0","2"
"40-49 years","Dade","197","0","7"
"50-59 years","Dade","180","2","11"
"60-69 years","Dade","132","1","9"
"70-79 years","Dade","95","7","20"
"80 & Older years","Dade","53","3","10"
"<1 years","Dade","6","0","0"
"Unknown years","Dade","27","0","2"
"01-04 years","Dawson","28","0","0"
"05-09 years","Dawson","49","0","0"
"10-17 years","Dawson","211","0","4"
"18-29 years","Dawson","549","0","15"
"30-39 years","Dawson","426","0","17"
"40-49 years","Dawson","389","0","24"
"50-59 years","Dawson","441","4","38"
"60-69 years","Dawson","355","6","74"
"70-79 years","Dawson","217","21","52"
"80 & Older years","Dawson","89","17","29"
"<1 years","Dawson","7","0","1"
"Unknown years","Dawson","27","0","1"
"01-04 years","DeKalb","917","0","23"
"05-09 years","DeKalb","1349","0","20"
"10-17 years","DeKalb","3644","0","64"
"18-29 years","DeKalb","13836","11","400"
"30-39 years","DeKalb","11858","19","574"
"40-49 years","DeKalb","9366","42","637"
"50-59 years","DeKalb","8495","118","898"
"60-69 years","DeKalb","5409","190","990"
"70-79 years","DeKalb","2671","267","768"
"80 & Older years","DeKalb","1647","347","559"
"<1 years","DeKalb","199","0","11"
"Unknown years","DeKalb","168","0","9"
"01-04 years","Decatur","59","0","1"
"05-09 years","Decatur","65","0","0"
"10-17 years","Decatur","211","0","0"
"18-29 years","Decatur","433","1","10"
"30-39 years","Decatur","336","1","8"
"40-49 years","Decatur","323","2","19"
"50-59 years","Decatur","285","5","29"
"60-69 years","Decatur","230","11","35"
"70-79 years","Decatur","144","21","29"
"80 & Older years","Decatur","100","17","23"
"<1 years","Decatur","9","0","0"
"Unknown years","Decatur","2","0","0"
"01-04 years","Dodge","7","0","0"
"05-09 years","Dodge","17","0","0"
"10-17 years","Dodge","88","1","1"
"18-29 years","Dodge","203","0","4"
"30-39 years","Dodge","152","1","5"
"40-49 years","Dodge","155","2","12"
"50-59 years","Dodge","181","5","20"
"60-69 years","Dodge","147","18","29"
"70-79 years","Dodge","84","18","22"
"80 & Older years","Dodge","55","16","16"
"<1 years","Dodge","4","0","0"
"01-04 years","Dooly","12","0","0"
"05-09 years","Dooly","17","0","0"
"10-17 years","Dooly","58","0","1"
"18-29 years","Dooly","115","0","5"
"30-39 years","Dooly","104","0","11"
"40-49 years","Dooly","135","1","10"
"50-59 years","Dooly","146","5","20"
"60-69 years","Dooly","127","10","24"
"70-79 years","Dooly","65","9","17"
"80 & Older years","Dooly","22","5","6"
"<1 years","Dooly","3","0","0"
"Unknown years","Dooly","2","0","0"
"01-04 years","Dougherty","72","0","3"
"05-09 years","Dougherty","124","0","0"
"10-17 years","Dougherty","273","0","7"
"18-29 years","Dougherty","1036","3","96"
"30-39 years","Dougherty","867","5","90"
"40-49 years","Dougherty","857","17","125"
"50-59 years","Dougherty","934","27","175"
"60-69 years","Dougherty","789","76","259"
"70-79 years","Dougherty","457","66","181"
"80 & Older years","Dougherty","272","94","130"
"<1 years","Dougherty","31","0","3"
"Unknown years","Dougherty","1","0","0"
"01-04 years","Douglas","197","0","6"
"05-09 years","Douglas","310","0","5"
"10-17 years","Douglas","975","0","9"
"18-29 years","Douglas","2442","1","54"
"30-39 years","Douglas","2015","3","83"
"40-49 years","Douglas","2286","8","133"
"50-59 years","Douglas","2052","23","190"
"60-69 years","Douglas","1171","39","193"
"70-79 years","Douglas","612","63","160"
"80 & Older years","Douglas","302","50","100"
"<1 years","Douglas","30","0","5"
"Unknown years","Douglas","8","0","1"
"01-04 years","Early","20","0","0"
"05-09 years","Early","19","0","0"
"10-17 years","Early","108","0","0"
"18-29 years","Early","157","1","5"
"30-39 years","Early","153","0","4"
"40-49 years","Early","175","1","10"
"50-59 years","Early","163","3","12"
"60-69 years","Early","123","11","14"
"70-79 years","Early","80","14","18"
"80 & Older years","Early","41","12","15"
"<1 years","Early","2","0","0"
"Unknown years","Early","1","0","0"
"01-04 years","Echols","8","0","0"
"05-09 years","Echols","5","0","0"
"10-17 years","Echols","25","0","1"
"18-29 years","Echols","129","0","1"
"30-39 years","Echols","59","1","3"
"40-49 years","Echols","42","0","1"
"50-59 years","Echols","44","0","2"
"60-69 years","Echols","22","0","0"
"70-79 years","Echols","17","2","3"
"80 & Older years","Echols","3","1","2"
"<1 years","Echols","1","0","0"
"01-04 years","Effingham","58","0","2"
"05-09 years","Effingham","124","0","1"
"10-17 years","Effingham","417","0","1"
"18-29 years","Effingham","719","0","8"
"30-39 years","Effingham","670","1","15"
"40-49 years","Effingham","615","1","32"
"50-59 years","Effingham","613","14","47"
"60-69 years","Effingham","396","9","62"
"70-79 years","Effingham","228","22","67"
"80 & Older years","Effingham","98","24","36"
"<1 years","Effingham","12","0","0"
"Unknown years","Effingham","1","0","0"
"01-04 years","Elbert","21","0","0"
"05-09 years","Elbert","31","0","0"
"10-17 years","Elbert","91","0","1"
"18-29 years","Elbert","269","1","2"
"30-39 years","Elbert","191","0","8"
"40-49 years","Elbert","222","1","9"
"50-59 years","Elbert","235","1","14"
"60-69 years","Elbert","193","6","23"
"70-79 years","Elbert","162","20","35"
"80 & Older years","Elbert","128","31","37"
"<1 years","Elbert","8","0","2"
"Unknown years","Elbert","2","0","0"
"01-04 years","Emanuel","25","0","1"
"05-09 years","Emanuel","24","0","0"
"10-17 years","Emanuel","169","0","2"
"18-29 years","Emanuel","328","1","0"
"30-39 years","Emanuel","242","0","8"
"40-49 years","Emanuel","295","2","7"
"50-59 years","Emanuel","262","6","29"
"60-69 years","Emanuel","228","10","30"
"70-79 years","Emanuel","136","16","27"
"80 & Older years","Emanuel","65","20","23"
"<1 years","Emanuel","6","0","1"
"Unknown years","Emanuel","5","0","1"
"01-04 years","Evans","14","0","0"
"05-09 years","Evans","20","0","0"
"10-17 years","Evans","86","0","0"
"18-29 years","Evans","159","1","3"
"30-39 years","Evans","133","0","3"
"40-49 years","Evans","118","1","10"
"50-59 years","Evans","117","3","17"
"60-69 years","Evans","69","4","16"
"70-79 years","Evans","52","7","17"
"80 & Older years","Evans","20","3","12"
"<1 years","Evans","2","0","0"
"01-04 years","Fannin","17","0","1"
"05-09 years","Fannin","34","0","0"
"10-17 years","Fannin","134","0","0"
"18-29 years","Fannin","311","0","6"
"30-39 years","Fannin","246","0","7"
"40-49 years","Fannin","281","1","12"
"50-59 years","Fannin","384","5","25"
"60-69 years","Fannin","382","7","42"
"70-79 years","Fannin","273","17","50"
"80 & Older years","Fannin","150","33","48"
"<1 years","Fannin","5","0","0"
"01-04 years","Fayette","71","0","1"
"05-09 years","Fayette","145","0","2"
"10-17 years","Fayette","563","0","5"
"18-29 years","Fayette","1294","2","9"
"30-39 years","Fayette","844","3","10"
"40-49 years","Fayette","1139","5","33"
"50-59 years","Fayette","1182","9","54"
"60-69 years","Fayette","878","25","60"
"70-79 years","Fayette","448","55","75"
"80 & Older years","Fayette","290","62","40"
"<1 years","Fayette","15","0","0"
"Unknown years","Fayette","12","0","0"
"01-04 years","Floyd","132","0","4"
"05-09 years","Floyd","223","0","1"
"10-17 years","Floyd","957","0","11"
"18-29 years","Floyd","2047","0","30"
"30-39 years","Floyd","1521","3","53"
"40-49 years","Floyd","1486","6","90"
"50-59 years","Floyd","1448","25","155"
"60-69 years","Floyd","1067","39","201"
"70-79 years","Floyd","699","52","196"
"80 & Older years","Floyd","397","69","149"
"<1 years","Floyd","47","0","2"
"Unknown years","Floyd","92","0","2"
"01-04 years","Forsyth","257","0","3"
"05-09 years","Forsyth","643","0","2"
"10-17 years","Forsyth","2294","0","7"
"18-29 years","Forsyth","3282","0","49"
"30-39 years","Forsyth","2477","1","63"
"40-49 years","Forsyth","3237","5","139"
"50-59 years","Forsyth","2981","10","177"
"60-69 years","Forsyth","1525","24","171"
"70-79 years","Forsyth","899","65","224"
"80 & Older years","Forsyth","530","93","172"
"<1 years","Forsyth","52","0","3"
"Unknown years","Forsyth","266","0","4"
"01-04 years","Franklin","20","0","2"
"05-09 years","Franklin","58","0","0"
"10-17 years","Franklin","193","0","6"
"18-29 years","Franklin","460","0","10"
"30-39 years","Franklin","310","0","7"
"40-49 years","Franklin","359","0","14"
"50-59 years","Franklin","365","2","25"
"60-69 years","Franklin","328","3","34"
"70-79 years","Franklin","203","19","40"
"80 & Older years","Franklin","114","24","27"
"<1 years","Franklin","7","0","1"
"Unknown years","Franklin","34","0","0"
"01-04 years","Fulton","1119","0","33"
"05-09 years","Fulton","1805","0","18"
"10-17 years","Fulton","5775","1","58"
"18-29 years","Fulton","22135","5","415"
"30-39 years","Fulton","16340","29","583"
"40-49 years","Fulton","12951","41","679"
"50-59 years","Fulton","11550","125","1024"
"60-69 years","Fulton","6737","250","957"
"70-79 years","Fulton","3579","362","875"
"80 & Older years","Fulton","2566","556","827"
"<1 years","Fulton","236","0","12"
"Unknown years","Fulton","58","0","2"
"01-04 years","Gilmer","34","0","2"
"05-09 years","Gilmer","44","0","0"
"10-17 years","Gilmer","199","0","2"
"18-29 years","Gilmer","382","0","13"
"30-39 years","Gilmer","335","0","17"
"40-49 years","Gilmer","370","0","18"
"50-59 years","Gilmer","412","11","30"
"60-69 years","Gilmer","395","9","49"
"70-79 years","Gilmer","270","23","62"
"80 & Older years","Gilmer","138","33","41"
"<1 years","Gilmer","11","0","0"
"01-04 years","Glascock","1","0","0"
"05-09 years","Glascock","3","0","0"
"10-17 years","Glascock","1","0","0"
"18-29 years","Glascock","22","0","1"
"30-39 years","Glascock","18","0","0"
"40-49 years","Glascock","22","0","2"
"50-59 years","Glascock","28","2","3"
"60-69 years","Glascock","17","0","5"
"70-79 years","Glascock","25","3","8"
"80 & Older years","Glascock","9","2","5"
"<1 years","Glascock","1","0","0"
"Unknown years","Glascock","1","0","0"
"01-04 years","Glynn","111","0","1"
"05-09 years","Glynn","191","0","1"
"10-17 years","Glynn","625","0","3"
"18-29 years","Glynn","1442","0","25"
"30-39 years","Glynn","1151","5","36"
"40-49 years","Glynn","976","4","44"
"50-59 years","Glynn","922","10","77"
"60-69 years","Glynn","745","32","124"
"70-79 years","Glynn","463","44","85"
"80 & Older years","Glynn","262","64","92"
"<1 years","Glynn","18","0","0"
"Unknown years","Glynn","9","0","0"
"01-04 years","Gordon","93","0","1"
"05-09 years","Gordon","134","0","0"
"10-17 years","Gordon","580","0","5"
"18-29 years","Gordon","1297","0","16"
"30-39 years","Gordon","1012","2","19"
"40-49 years","Gordon","1070","5","36"
"50-59 years","Gordon","1050","15","59"
"60-69 years","Gordon","655","23","58"
"70-79 years","Gordon","373","27","80"
"80 & Older years","Gordon","200","35","58"
"<1 years","Gordon","27","0","3"
"Unknown years","Gordon","99","0","1"
"01-04 years","Grady","35","0","1"
"05-09 years","Grady","51","0","0"
"10-17 years","Grady","149","0","5"
"18-29 years","Grady","279","0","10"
"30-39 years","Grady","242","0","13"
"40-49 years","Grady","257","2","26"
"50-59 years","Grady","238","7","33"
"60-69 years","Grady","170","5","28"
"70-79 years","Grady","156","19","50"
"80 & Older years","Grady","57","18","22"
"<1 years","Grady","4","0","2"
"Unknown years","Grady","2","0","0"
"01-04 years","Greene","16","0","0"
"05-09 years","Greene","32","0","0"
"10-17 years","Greene","89","0","0"
"18-29 years","Greene","265","0","7"
"30-39 years","Greene","188","0","7"
"40-49 years","Greene","185","3","14"
"50-59 years","Greene","225","6","21"
"60-69 years","Greene","235","8","22"
"70-79 years","Greene","176","10","28"
"80 & Older years","Greene","106","27","42"
"<1 years","Greene","3","0","1"
"Unknown years","Greene","2","0","0"
"01-04 years","Gwinnett","1390","0","18"
"05-09 years","Gwinnett","2255","0","28"
"10-17 years","Gwinnett","7409","2","78"
"18-29 years","Gwinnett","19825","9","561"
"30-39 years","Gwinnett","15012","23","575"
"40-49 years","Gwinnett","15891","66","811"
"50-59 years","Gwinnett","13560","113","930"
"60-69 years","Gwinnett","7442","222","962"
"70-79 years","Gwinnett","3360","288","781"
"80 & Older years","Gwinnett","1867","411","683"
"<1 years","Gwinnett","419","0","22"
"Unknown years","Gwinnett","74","0","0"
"01-04 years","Habersham","34","0","4"
"05-09 years","Habersham","58","0","3"
"10-17 years","Habersham","317","1","8"
"18-29 years","Habersham","892","1","14"
"30-39 years","Habersham","674","2","31"
"40-49 years","Habersham","701","3","42"
"50-59 years","Habersham","722","7","60"
"60-69 years","Habersham","589","21","117"
"70-79 years","Habersham","391","50","112"
"80 & Older years","Habersham","282","71","91"
"<1 years","Habersham","10","0","3"
"Unknown years","Habersham","44","0","3"
"01-04 years","Hall","201","0","8"
"05-09 years","Hall","427","0","5"
"10-17 years","Hall","1892","0","33"
"18-29 years","Hall","5591","4","172"
"30-39 years","Hall","3783","3","208"
"40-49 years","Hall","3962","13","290"
"50-59 years","Hall","4096","39","414"
"60-69 years","Hall","2723","90","440"
"70-79 years","Hall","1749","130","502"
"80 & Older years","Hall","963","194","395"
"<1 years","Hall","36","0","7"
"Unknown years","Hall","277","0","8"
"01-04 years","Hancock","8","0","0"
"05-09 years","Hancock","8","0","0"
"10-17 years","Hancock","37","0","1"
"18-29 years","Hancock","135","0","3"
"30-39 years","Hancock","114","0","2"
"40-49 years","Hancock","112","1","7"
"50-59 years","Hancock","146","4","16"
"60-69 years","Hancock","144","18","32"
"70-79 years","Hancock","77","20","24"
"80 & Older years","Hancock","63","23","24"
"<1 years","Hancock","4","0","0"
"01-04 years","Haralson","24","0","0"
"05-09 years","Haralson","40","0","0"
"10-17 years","Haralson","161","0","2"
"18-29 years","Haralson","361","0","3"
"30-39 years","Haralson","230","0","5"
"40-49 years","Haralson","254","2","8"
"50-59 years","Haralson","285","1","7"
"60-69 years","Haralson","201","13","25"
"70-79 years","Haralson","132","12","19"
"80 & Older years","Haralson","55","7","10"
"<1 years","Haralson","8","0","1"
"Unknown years","Haralson","3","0","0"
"01-04 years","Harris","32","0","0"
"05-09 years","Harris","34","0","0"
"10-17 years","Harris","197","0","2"
"18-29 years","Harris","363","0","6"
"30-39 years","Harris","264","0","8"
"40-49 years","Harris","388","3","11"
"50-59 years","Harris","413","7","25"
"60-69 years","Harris","332","13","54"
"70-79 years","Harris","196","25","46"
"80 & Older years","Harris","62","13","16"
"<1 years","Harris","6","0","0"
"Unknown years","Harris","4","0","0"
"01-04 years","Hart","17","0","0"
"05-09 years","Hart","24","0","1"
"10-17 years","Hart","99","0","0"
"18-29 years","Hart","309","0","2"
"30-39 years","Hart","267","0","7"
"40-49 years","Hart","242","0","10"
"50-59 years","Hart","294","3","22"
"60-69 years","Hart","241","14","33"
"70-79 years","Hart","162","8","27"
"80 & Older years","Hart","89","15","29"
"<1 years","Hart","6","0","1"
"Unknown years","Hart","16","0","0"
"01-04 years","Heard","8","0","0"
"05-09 years","Heard","16","0","0"
"10-17 years","Heard","62","0","1"
"18-29 years","Heard","108","0","1"
"30-39 years","Heard","71","0","1"
"40-49 years","Heard","118","0","10"
"50-59 years","Heard","113","1","6"
"60-69 years","Heard","78","4","9"
"70-79 years","Heard","55","7","17"
"80 & Older years","Heard","23","6","4"
"<1 years","Heard","4","0","0"
"01-04 years","Henry","261","0","8"
"05-09 years","Henry","406","0","2"
"10-17 years","Henry","1491","0","17"
"18-29 years","Henry","3992","1","43"
"30-39 years","Henry","3307","7","58"
"40-49 years","Henry","3562","16","105"
"50-59 years","Henry","3474","24","141"
"60-69 years","Henry","1922","74","113"
"70-79 years","Henry","954","90","96"
"80 & Older years","Henry","497","99","66"
"<1 years","Henry","51","0","2"
"Unknown years","Henry","24","0","2"
"01-04 years","Houston","120","0","3"
"05-09 years","Houston","185","0","1"
"10-17 years","Houston","762","0","4"
"18-29 years","Houston","2183","4","48"
"30-39 years","Houston","1895","3","75"
"40-49 years","Houston","1772","10","109"
"50-59 years","Houston","1517","16","134"
"60-69 years","Houston","988","49","175"
"70-79 years","Houston","560","67","170"
"80 & Older years","Houston","304","60","110"
"<1 years","Houston","26","0","2"
"Unknown years","Houston","1","0","0"
"01-04 years","Irwin","6","0","0"
"05-09 years","Irwin","11","0","0"
"10-17 years","Irwin","51","0","0"
"18-29 years","Irwin","150","0","4"
"30-39 years","Irwin","129","0","5"
"40-49 years","Irwin","139","1","10"
"50-59 years","Irwin","114","3","12"
"60-69 years","Irwin","91","1","22"
"70-79 years","Irwin","51","6","8"
"80 & Older years","Irwin","37","8","22"
"Unknown years","Irwin","2","0","0"
"01-04 years","Jackson","66","0","0"
"05-09 years","Jackson","160","0","3"
"10-17 years","Jackson","805","0","6"
"18-29 years","Jackson","1518","2","21"
"30-39 years","Jackson","1365","2","29"
"40-49 years","Jackson","1474","6","64"
"50-59 years","Jackson","1379","7","84"
"60-69 years","Jackson","939","28","92"
"70-79 years","Jackson","635","37","118"
"80 & Older years","Jackson","312","57","108"
"<1 years","Jackson","24","0","2"
"Unknown years","Jackson","12","0","1"
"01-04 years","Jasper","6","0","0"
"05-09 years","Jasper","8","0","0"
"10-17 years","Jasper","37","0","1"
"18-29 years","Jasper","129","0","4"
"30-39 years","Jasper","97","0","2"
"40-49 years","Jasper","101","1","4"
"50-59 years","Jasper","132","2","13"
"60-69 years","Jasper","101","8","19"
"70-79 years","Jasper","57","6","11"
"80 & Older years","Jasper","19","3","6"
"<1 years","Jasper","5","0","2"
"01-04 years","Jeff Davis","30","0","0"
"05-09 years","Jeff Davis","35","0","0"
"10-17 years","Jeff Davis","121","0","2"
"18-29 years","Jeff Davis","264","0","4"
"30-39 years","Jeff Davis","218","0","8"
"40-49 years","Jeff Davis","219","0","12"
"50-59 years","Jeff Davis","207","7","21"
"60-69 years","Jeff Davis","130","8","21"
"70-79 years","Jeff Davis","87","13","19"
"80 & Older years","Jeff Davis","18","8","7"
"<1 years","Jeff Davis","3","0","1"
"01-04 years","Jefferson","18","0","0"
"05-09 years","Jefferson","32","0","0"
"10-17 years","Jefferson","112","0","1"
"18-29 years","Jefferson","246","0","3"
"30-39 years","Jefferson","206","0","9"
"40-49 years","Jefferson","221","3","17"
"50-59 years","Jefferson","276","5","25"
"60-69 years","Jefferson","260","12","39"
"70-79 years","Jefferson","156","19","41"
"80 & Older years","Jefferson","70","22","31"
"<1 years","Jefferson","4","0","0"
"Unknown years","Jefferson","8","0","0"
"01-04 years","Jenkins","17","0","0"
"05-09 years","Jenkins","21","0","0"
"10-17 years","Jenkins","63","0","0"
"18-29 years","Jenkins","112","0","2"
"30-39 years","Jenkins","88","2","6"
"40-49 years","Jenkins","114","2","10"
"50-59 years","Jenkins","126","6","23"
"60-69 years","Jenkins","89","6","13"
"70-79 years","Jenkins","57","13","21"
"80 & Older years","Jenkins","50","10","11"
"<1 years","Jenkins","2","0","0"
"Unknown years","Jenkins","1","0","0"
"01-04 years","Johnson","6","0","0"
"05-09 years","Johnson","8","0","0"
"10-17 years","Johnson","30","0","0"
"18-29 years","Johnson","127","0","3"
"30-39 years","Johnson","110","0","3"
"40-49 years","Johnson","97","2","6"
"50-59 years","Johnson","133","5","17"
"60-69 years","Johnson","129","8","23"
"70-79 years","Johnson","91","9","24"
"80 & Older years","Johnson","67","19","19"
"<1 years","Johnson","2","0","2"
"01-04 years","Jones","7","0","0"
"05-09 years","Jones","24","0","0"
"10-17 years","Jones","91","0","0"
"18-29 years","Jones","344","0","8"
"30-39 years","Jones","255","1","9"
"40-49 years","Jones","242","2","17"
"50-59 years","Jones","272","3","30"
"60-69 years","Jones","186","6","37"
"70-79 years","Jones","129","22","48"
"80 & Older years","Jones","79","21","25"
"<1 years","Jones","3","0","0"
"Unknown years","Jones","1","0","0"
"01-04 years","Lamar","30","0","0"
"05-09 years","Lamar","49","0","0"
"10-17 years","Lamar","113","0","4"
"18-29 years","Lamar","224","0","4"
"30-39 years","Lamar","190","0","12"
"40-49 years","Lamar","185","1","7"
"50-59 years","Lamar","199","4","31"
"60-69 years","Lamar","182","10","26"
"70-79 years","Lamar","128","13","23"
"80 & Older years","Lamar","66","20","21"
"<1 years","Lamar","14","0","1"
"01-04 years","Lanier","8","0","0"
"05-09 years","Lanier","12","0","1"
"10-17 years","Lanier","39","0","1"
"18-29 years","Lanier","110","1","1"
"30-39 years","Lanier","126","0","2"
"40-49 years","Lanier","74","1","3"
"50-59 years","Lanier","62","1","6"
"60-69 years","Lanier","40","3","3"
"70-79 years","Lanier","23","4","6"
"80 & Older years","Lanier","14","0","6"
"<1 years","Lanier","4","0","0"
"01-04 years","Laurens","31","0","0"
"05-09 years","Laurens","50","0","1"
"10-17 years","Laurens","251","0","4"
"18-29 years","Laurens","690","0","10"
"30-39 years","Laurens","575","1","20"
"40-49 years","Laurens","581","5","30"
"50-59 years","Laurens","595","11","66"
"60-69 years","Laurens","488","32","86"
"70-79 years","Laurens","321","48","84"
"80 & Older years","Laurens","216","51","61"
"<1 years","Laurens","5","0","1"
"Unknown years","Laurens","3","0","0"
"01-04 years","Lee","13","0","0"
"05-09 years","Lee","29","0","3"
"10-17 years","Lee","120","0","1"
"18-29 years","Lee","277","1","11"
"30-39 years","Lee","302","1","16"
"40-49 years","Lee","298","4","30"
"50-59 years","Lee","272","10","47"
"60-69 years","Lee","188","13","33"
"70-79 years","Lee","90","13","32"
"80 & Older years","Lee","53","9","21"
"<1 years","Lee","8","0","0"
"Unknown years","Lee","1","0","0"
"01-04 years","Liberty","70","0","1"
"05-09 years","Liberty","84","0","1"
"10-17 years","Liberty","265","0","2"
"18-29 years","Liberty","1163","1","14"
"30-39 years","Liberty","611","1","22"
"40-49 years","Liberty","479","1","18"
"50-59 years","Liberty","462","11","48"
"60-69 years","Liberty","309","17","50"
"70-79 years","Liberty","142","17","53"
"80 & Older years","Liberty","59","15","24"
"<1 years","Liberty","31","0","1"
"Unknown years","Liberty","6","0","0"
"01-04 years","Lincoln","9","0","0"
"05-09 years","Lincoln","13","0","0"
"10-17 years","Lincoln","31","0","0"
"18-29 years","Lincoln","95","0","3"
"30-39 years","Lincoln","77","0","1"
"40-49 years","Lincoln","84","1","7"
"50-59 years","Lincoln","70","3","5"
"60-69 years","Lincoln","80","5","16"
"70-79 years","Lincoln","52","9","13"
"80 & Older years","Lincoln","21","7","9"
"<1 years","Lincoln","2","0","0"
"Unknown years","Lincoln","4","0","0"
"01-04 years","Long","18","0","0"
"05-09 years","Long","17","0","0"
"10-17 years","Long","64","0","0"
"18-29 years","Long","135","0","0"
"30-39 years","Long","149","0","3"
"40-49 years","Long","109","0","6"
"50-59 years","Long","83","1","10"
"60-69 years","Long","67","3","12"
"70-79 years","Long","40","6","14"
"80 & Older years","Long","16","2","7"
"<1 years","Long","6","0","0"
"Unknown years","Long","1","0","0"
"01-04 years","Lowndes","150","0","0"
"05-09 years","Lowndes","188","0","0"
"10-17 years","Lowndes","621","0","8"
"18-29 years","Lowndes","2453","4","32"
"30-39 years","Lowndes","1303","1","25"
"40-49 years","Lowndes","1074","4","48"
"50-59 years","Lowndes","923","11","69"
"60-69 years","Lowndes","633","30","89"
"70-79 years","Lowndes","351","41","70"
"80 & Older years","Lowndes","213","56","65"
"<1 years","Lowndes","36","0","0"
"Unknown years","Lowndes","7","0","0"
"01-04 years","Lumpkin","17","0","1"
"05-09 years","Lumpkin","32","0","2"
"10-17 years","Lumpkin","141","0","3"
"18-29 years","Lumpkin","741","0","14"
"30-39 years","Lumpkin","345","0","10"
"40-49 years","Lumpkin","344","1","21"
"50-59 years","Lumpkin","418","5","48"
"60-69 years","Lumpkin","380","12","56"
"70-79 years","Lumpkin","279","18","73"
"80 & Older years","Lumpkin","138","34","70"
"<1 years","Lumpkin","7","0","0"
"Unknown years","Lumpkin","29","0","2"
"01-04 years","Macon","9","0","0"
"05-09 years","Macon","12","0","0"
"10-17 years","Macon","23","0","0"
"18-29 years","Macon","114","0","4"
"30-39 years","Macon","80","0","4"
"40-49 years","Macon","111","3","9"
"50-59 years","Macon","123","5","15"
"60-69 years","Macon","84","8","27"
"70-79 years","Macon","54","7","21"
"80 & Older years","Macon","21","9","8"
"<1 years","Macon","3","0","0"
"Unknown years","Macon","4","0","1"
"01-04 years","Madison","42","0","1"
"05-09 years","Madison","56","0","0"
"10-17 years","Madison","233","0","0"
"18-29 years","Madison","511","0","3"
"30-39 years","Madison","426","0","6"
"40-49 years","Madison","429","0","19"
"50-59 years","Madison","447","4","26"
"60-69 years","Madison","346","10","42"
"70-79 years","Madison","203","18","46"
"80 & Older years","Madison","81","14","15"
"<1 years","Madison","20","0","4"
"Unknown years","Madison","4","0","0"
"01-04 years","Marion","9","0","0"
"05-09 years","Marion","9","0","1"
"10-17 years","Marion","39","0","0"
"18-29 years","Marion","69","0","2"
"30-39 years","Marion","47","0","2"
"40-49 years","Marion","67","1","6"
"50-59 years","Marion","67","6","7"
"60-69 years","Marion","49","6","7"
"70-79 years","Marion","31","5","8"
"80 & Older years","Marion","29","5","9"
"<1 years","Marion","3","0","0"
"Unknown years","Marion","2","0","0"
"01-04 years","McDuffie","28","0","0"
"05-09 years","McDuffie","34","0","0"
"10-17 years","McDuffie","133","0","0"
"18-29 years","McDuffie","340","0","6"
"30-39 years","McDuffie","260","2","4"
"40-49 years","McDuffie","264","2","16"
"50-59 years","McDuffie","265","5","31"
"60-69 years","McDuffie","211","10","33"
"70-79 years","McDuffie","122","11","50"
"80 & Older years","McDuffie","61","15","29"
"<1 years","McDuffie","4","0","0"
"Unknown years","McDuffie","18","0","0"
"01-04 years","McIntosh","4","0","0"
"05-09 years","McIntosh","14","0","0"
"10-17 years","McIntosh","41","0","0"
"18-29 years","McIntosh","117","0","4"
"30-39 years","McIntosh","84","0","3"
"40-49 years","McIntosh","103","0","4"
"50-59 years","McIntosh","139","0","6"
"60-69 years","McIntosh","107","2","18"
"70-79 years","McIntosh","65","4","16"
"80 & Older years","McIntosh","28","8","9"
"<1 years","McIntosh","1","0","0"
"Unknown years","McIntosh","1","0","0"
"01-04 years","Meriwether","28","0","2"
"05-09 years","Meriwether","29","0","1"
"10-17 years","Meriwether","91","0","1"
"18-29 years","Meriwether","231","0","7"
"30-39 years","Meriwether","193","2","15"
"40-49 years","Meriwether","232","3","18"
"50-59 years","Meriwether","252","6","25"
"60-69 years","Meriwether","228","14","35"
"70-79 years","Meriwether","190","25","41"
"80 & Older years","Meriwether","102","29","24"
"<1 years","Meriwether","5","0","0"
"Unknown years","Meriwether","1","0","0"
"01-04 years","Miller","12","0","0"
"05-09 years","Miller","9","0","0"
"10-17 years","Miller","80","0","1"
"18-29 years","Miller","112","0","1"
"30-39 years","Miller","100","0","0"
"40-49 years","Miller","86","0","6"
"50-59 years","Miller","130","2","12"
"60-69 years","Miller","96","3","12"
"70-79 years","Miller","31","2","3"
"80 & Older years","Miller","25","2","6"
"<1 years","Miller","3","0","0"
"01-04 years","Mitchell","26","0","1"
"05-09 years","Mitchell","29","0","0"
"10-17 years","Mitchell","91","0","2"
"18-29 years","Mitchell","263","0","10"
"30-39 years","Mitchell","230","1","16"
"40-49 years","Mitchell","221","3","19"
"50-59 years","Mitchell","256","12","55"
"60-69 years","Mitchell","210","15","51"
"70-79 years","Mitchell","135","18","48"
"80 & Older years","Mitchell","98","27","33"
"<1 years","Mitchell","8","0","0"
"Unknown years","Mitchell","1","0","0"
"01-04 years","Monroe","15","0","2"
"05-09 years","Monroe","26","0","1"
"10-17 years","Monroe","99","0","0"
"18-29 years","Monroe","320","1","6"
"30-39 years","Monroe","262","0","9"
"40-49 years","Monroe","282","4","20"
"50-59 years","Monroe","334","3","28"
"60-69 years","Monroe","302","20","53"
"70-79 years","Monroe","175","23","46"
"80 & Older years","Monroe","124","40","37"
"<1 years","Monroe","4","0","1"
"01-04 years","Montgomery","9","0","0"
"05-09 years","Montgomery","7","0","0"
"10-17 years","Montgomery","55","0","1"
"18-29 years","Montgomery","158","0","1"
"30-39 years","Montgomery","104","2","5"
"40-49 years","Montgomery","127","0","2"
"50-59 years","Montgomery","106","3","7"
"60-69 years","Montgomery","100","4","12"
"70-79 years","Montgomery","53","6","10"
"80 & Older years","Montgomery","25","6","6"
"<1 years","Montgomery","1","0","0"
"Unknown years","Montgomery","1","0","0"
"01-04 years","Morgan","17","0","0"
"05-09 years","Morgan","27","0","1"
"10-17 years","Morgan","92","0","1"
"18-29 years","Morgan","220","0","5"
"30-39 years","Morgan","173","0","7"
"40-49 years","Morgan","178","1","7"
"50-59 years","Morgan","196","2","18"
"60-69 years","Morgan","149","6","16"
"70-79 years","Morgan","109","4","19"
"80 & Older years","Morgan","58","11","20"
"<1 years","Morgan","13","0","1"
"Unknown years","Morgan","1","0","0"
"01-04 years","Murray","72","0","2"
"05-09 years","Murray","104","0","2"
"10-17 years","Murray","415","0","2"
"18-29 years","Murray","855","0","10"
"30-39 years","Murray","596","1","8"
"40-49 years","Murray","741","0","25"
"50-59 years","Murray","642","9","51"
"60-69 years","Murray","434","16","73"
"70-79 years","Murray","272","37","69"
"80 & Older years","Murray","105","22","27"
"<1 years","Murray","24","0","2"
"01-04 years","Muscogee","244","0","8"
"05-09 years","Muscogee","392","0","0"
"10-17 years","Muscogee","1052","0","10"
"18-29 years","Muscogee","3524","5","82"
"30-39 years","Muscogee","2427","2","90"
"40-49 years","Muscogee","2074","8","123"
"50-59 years","Muscogee","2083","54","234"
"60-69 years","Muscogee","1643","92","297"
"70-79 years","Muscogee","906","112","235"
"80 & Older years","Muscogee","546","164","199"
"<1 years","Muscogee","79","0","5"
"Unknown years","Muscogee","51","0","1"
"01-04 years","Newton","88","0","2"
"05-09 years","Newton","149","0","1"
"10-17 years","Newton","485","0","12"
"18-29 years","Newton","1483","1","48"
"30-39 years","Newton","1234","2","68"
"40-49 years","Newton","1410","9","110"
"50-59 years","Newton","1319","29","138"
"60-69 years","Newton","743","42","114"
"70-79 years","Newton","517","66","115"
"80 & Older years","Newton","304","91","81"
"<1 years","Newton","32","0","5"
"01-04 years","Non-GA Resident/Unknown State","269","0","5"
"05-09 years","Non-GA Resident/Unknown State","411","0","5"
"10-17 years","Non-GA Resident/Unknown State","1227","0","7"
"18-29 years","Non-GA Resident/Unknown State","5647","4","66"
"30-39 years","Non-GA Resident/Unknown State","3941","3","96"
"40-49 years","Non-GA Resident/Unknown State","3303","18","114"
"50-59 years","Non-GA Resident/Unknown State","3318","56","217"
"60-69 years","Non-GA Resident/Unknown State","2379","125","291"
"70-79 years","Non-GA Resident/Unknown State","1542","142","308"
"80 & Older years","Non-GA Resident/Unknown State","851","148","207"
"<1 years","Non-GA Resident/Unknown State","149","0","2"
"Unknown years","Non-GA Resident/Unknown State","763","0","2"
"01-04 years","Oconee","37","0","0"
"05-09 years","Oconee","66","0","0"
"10-17 years","Oconee","339","0","0"
"18-29 years","Oconee","587","1","7"
"30-39 years","Oconee","385","1","4"
"40-49 years","Oconee","576","1","12"
"50-59 years","Oconee","489","5","11"
"60-69 years","Oconee","315","11","34"
"70-79 years","Oconee","178","18","24"
"80 & Older years","Oconee","134","29","41"
"<1 years","Oconee","10","0","0"
"01-04 years","Oglethorpe","19","0","0"
"05-09 years","Oglethorpe","30","0","0"
"10-17 years","Oglethorpe","99","0","1"
"18-29 years","Oglethorpe","213","0","1"
"30-39 years","Oglethorpe","152","2","2"
"40-49 years","Oglethorpe","182","1","8"
"50-59 years","Oglethorpe","186","1","18"
"60-69 years","Oglethorpe","153","1","15"
"70-79 years","Oglethorpe","111","10","16"
"80 & Older years","Oglethorpe","70","15","18"
"<1 years","Oglethorpe","11","0","0"
"Unknown years","Oglethorpe","1","0","0"
"01-04 years","Paulding","159","0","2"
"05-09 years","Paulding","291","0","0"
"10-17 years","Paulding","1099","0","7"
"18-29 years","Paulding","2145","1","34"
"30-39 years","Paulding","1833","2","36"
"40-49 years","Paulding","1967","7","57"
"50-59 years","Paulding","1835","18","86"
"60-69 years","Paulding","960","37","87"
"70-79 years","Paulding","542","40","82"
"80 & Older years","Paulding","317","68","68"
"<1 years","Paulding","40","0","0"
"Unknown years","Paulding","35","0","0"
"01-04 years","Peach","16","0","2"
"05-09 years","Peach","21","0","0"
"10-17 years","Peach","85","0","2"
"18-29 years","Peach","417","2","11"
"30-39 years","Peach","323","0","16"
"40-49 years","Peach","259","4","24"
"50-59 years","Peach","315","10","46"
"60-69 years","Peach","268","14","59"
"70-79 years","Peach","132","16","42"
"80 & Older years","Peach","66","16","29"
"<1 years","Peach","4","0","0"
"01-04 years","Pickens","23","0","2"
"05-09 years","Pickens","40","0","1"
"10-17 years","Pickens","150","0","0"
"18-29 years","Pickens","409","0","6"
"30-39 years","Pickens","345","0","14"
"40-49 years","Pickens","414","0","19"
"50-59 years","Pickens","458","4","29"
"60-69 years","Pickens","364","10","48"
"70-79 years","Pickens","286","24","73"
"80 & Older years","Pickens","125","27","40"
"<1 years","Pickens","3","0","1"
"01-04 years","Pierce","15","0","0"
"05-09 years","Pierce","27","0","0"
"10-17 years","Pierce","100","1","1"
"18-29 years","Pierce","238","0","5"
"30-39 years","Pierce","163","0","6"
"40-49 years","Pierce","222","0","17"
"50-59 years","Pierce","206","5","23"
"60-69 years","Pierce","164","13","44"
"70-79 years","Pierce","117","15","39"
"80 & Older years","Pierce","56","16","18"
"<1 years","Pierce","9","0","1"
"01-04 years","Pike","27","0","0"
"05-09 years","Pike","27","0","0"
"10-17 years","Pike","124","0","1"
"18-29 years","Pike","178","1","7"
"30-39 years","Pike","152","0","3"
"40-49 years","Pike","209","2","13"
"50-59 years","Pike","164","5","11"
"60-69 years","Pike","109","4","18"
"70-79 years","Pike","86","9","23"
"80 & Older years","Pike","34","8","10"
"<1 years","Pike","4","0","0"
"Unknown years","Pike","2","0","0"
"01-04 years","Polk","44","0","1"
"05-09 years","Polk","75","0","2"
"10-17 years","Polk","326","0","3"
"18-29 years","Polk","822","0","13"
"30-39 years","Polk","584","1","16"
"40-49 years","Polk","596","3","40"
"50-59 years","Polk","619","12","84"
"60-69 years","Polk","401","17","76"
"70-79 years","Polk","326","26","91"
"80 & Older years","Polk","148","28","57"
"<1 years","Polk","22","0","0"
"Unknown years","Polk","27","0","0"
"01-04 years","Pulaski","5","0","0"
"05-09 years","Pulaski","9","0","0"
"10-17 years","Pulaski","37","0","1"
"18-29 years","Pulaski","87","0","2"
"30-39 years","Pulaski","94","0","2"
"40-49 years","Pulaski","94","0","10"
"50-59 years","Pulaski","104","0","6"
"60-69 years","Pulaski","95","8","13"
"70-79 years","Pulaski","49","13","17"
"80 & Older years","Pulaski","39","11","6"
"<1 years","Pulaski","3","0","0"
"01-04 years","Putnam","25","0","0"
"05-09 years","Putnam","45","0","1"
"10-17 years","Putnam","133","0","2"
"18-29 years","Putnam","293","0","4"
"30-39 years","Putnam","245","0","7"
"40-49 years","Putnam","234","1","10"
"50-59 years","Putnam","310","2","22"
"60-69 years","Putnam","271","13","30"
"70-79 years","Putnam","206","21","56"
"80 & Older years","Putnam","88","22","36"
"<1 years","Putnam","7","0","1"
"01-04 years","Quitman","1","0","0"
"05-09 years","Quitman","4","0","0"
"10-17 years","Quitman","6","0","0"
"18-29 years","Quitman","12","0","1"
"30-39 years","Quitman","4","0","1"
"40-49 years","Quitman","3","0","1"
"50-59 years","Quitman","17","0","1"
"60-69 years","Quitman","24","1","4"
"70-79 years","Quitman","3","0","1"
"80 & Older years","Quitman","6","1","2"
"<1 years","Quitman","2","0","0"
"01-04 years","Rabun","17","0","0"
"05-09 years","Rabun","30","0","0"
"10-17 years","Rabun","121","0","1"
"18-29 years","Rabun","242","0","5"
"30-39 years","Rabun","198","1","10"
"40-49 years","Rabun","217","0","10"
"50-59 years","Rabun","243","3","25"
"60-69 years","Rabun","242","9","35"
"70-79 years","Rabun","193","11","39"
"80 & Older years","Rabun","81","18","31"
"<1 years","Rabun","5","0","1"
"Unknown years","Rabun","10","0","0"
"01-04 years","Randolph","2","0","0"
"05-09 years","Randolph","5","0","0"
"10-17 years","Randolph","14","0","1"
"18-29 years","Randolph","66","0","2"
"30-39 years","Randolph","73","2","7"
"40-49 years","Randolph","59","0","7"
"50-59 years","Randolph","92","3","20"
"60-69 years","Randolph","74","9","17"
"70-79 years","Randolph","48","4","16"
"80 & Older years","Randolph","46","15","16"
"<1 years","Randolph","1","0","0"
"Unknown years","Randolph","2","0","0"
"01-04 years","Richmond","316","0","1"
"05-09 years","Richmond","615","0","4"
"10-17 years","Richmond","1682","0","16"
"18-29 years","Richmond","4769","8","67"
"30-39 years","Richmond","3547","7","91"
"40-49 years","Richmond","2855","19","123"
"50-59 years","Richmond","2815","44","234"
"60-69 years","Richmond","2069","85","286"
"70-79 years","Richmond","1119","114","306"
"80 & Older years","Richmond","677","161","276"
"<1 years","Richmond","90","0","3"
"Unknown years","Richmond","23","0","1"
"01-04 years","Rockdale","65","0","4"
"05-09 years","Rockdale","122","0","1"
"10-17 years","Rockdale","390","0","12"
"18-29 years","Rockdale","1274","2","79"
"30-39 years","Rockdale","1014","3","102"
"40-49 years","Rockdale","1108","7","125"
"50-59 years","Rockdale","1085","15","188"
"60-69 years","Rockdale","668","32","157"
"70-79 years","Rockdale","386","52","151"
"80 & Older years","Rockdale","208","48","98"
"<1 years","Rockdale","13","0","2"
"Unknown years","Rockdale","1","0","0"
"01-04 years","Schley","5","0","0"
"05-09 years","Schley","4","0","0"
"10-17 years","Schley","23","0","0"
"18-29 years","Schley","48","0","2"
"30-39 years","Schley","21","0","0"
"40-49 years","Schley","32","0","4"
"50-59 years","Schley","31","0","3"
"60-69 years","Schley","27","1","8"
"70-79 years","Schley","13","2","2"
"80 & Older years","Schley","7","2","2"
"<1 years","Schley","1","0","0"
"01-04 years","Screven","10","0","0"
"05-09 years","Screven","18","0","0"
"10-17 years","Screven","65","0","0"
"18-29 years","Screven","141","0","3"
"30-39 years","Screven","131","0","2"
"40-49 years","Screven","102","1","6"
"50-59 years","Screven","117","2","16"
"60-69 years","Screven","139","2","15"
"70-79 years","Screven","77","8","19"
"80 & Older years","Screven","38","8","11"
"<1 years","Screven","4","0","0"
"Unknown years","Screven","1","0","0"
"01-04 years","Seminole","15","0","0"
"05-09 years","Seminole","15","0","0"
"10-17 years","Seminole","71","0","0"
"18-29 years","Seminole","118","0","1"
"30-39 years","Seminole","95","0","4"
"40-49 years","Seminole","95","0","6"
"50-59 years","Seminole","117","1","6"
"60-69 years","Seminole","136","4","27"
"70-79 years","Seminole","70","6","16"
"80 & Older years","Seminole","30","7","12"
"<1 years","Seminole","4","0","0"
"01-04 years","Spalding","72","0","3"
"05-09 years","Spalding","78","0","1"
"10-17 years","Spalding","237","0","5"
"18-29 years","Spalding","749","1","37"
"30-39 years","Spalding","646","3","36"
"40-49 years","Spalding","654","5","61"
"50-59 years","Spalding","683","18","89"
"60-69 years","Spalding","517","39","104"
"70-79 years","Spalding","377","50","97"
"80 & Older years","Spalding","227","53","70"
"<1 years","Spalding","12","0","0"
"Unknown years","Spalding","20","0","0"
"01-04 years","Stephens","18","0","0"
"05-09 years","Stephens","45","0","1"
"10-17 years","Stephens","189","0","3"
"18-29 years","Stephens","565","1","14"
"30-39 years","Stephens","358","0","8"
"40-49 years","Stephens","453","1","23"
"50-59 years","Stephens","468","5","39"
"60-69 years","Stephens","457","23","66"
"70-79 years","Stephens","316","23","69"
"80 & Older years","Stephens","161","27","41"
"<1 years","Stephens","5","0","0"
"Unknown years","Stephens","14","0","0"
"01-04 years","Stewart","6","0","1"
"05-09 years","Stewart","2","0","0"
"10-17 years","Stewart","14","0","0"
"18-29 years","Stewart","266","0","22"
"30-39 years","Stewart","288","1","25"
"40-49 years","Stewart","186","2","23"
"50-59 years","Stewart","101","2","14"
"60-69 years","Stewart","74","13","27"
"70-79 years","Stewart","26","3","6"
"80 & Older years","Stewart","21","4","6"
"<1 years","Stewart","1","0","0"
"Unknown years","Stewart","14","0","4"
"01-04 years","Sumter","28","0","0"
"05-09 years","Sumter","32","0","0"
"10-17 years","Sumter","88","0","4"
"18-29 years","Sumter","341","1","11"
"30-39 years","Sumter","275","1","21"
"40-49 years","Sumter","268","5","26"
"50-59 years","Sumter","289","4","44"
"60-69 years","Sumter","264","27","72"
"70-79 years","Sumter","168","28","48"
"80 & Older years","Sumter","110","31","49"
"<1 years","Sumter","10","0","0"
"Unknown years","Sumter","1","0","0"
"01-04 years","Talbot","8","0","0"
"05-09 years","Talbot","8","0","0"
"10-17 years","Talbot","30","0","0"
"18-29 years","Talbot","60","0","1"
"30-39 years","Talbot","41","0","2"
"40-49 years","Talbot","64","1","4"
"50-59 years","Talbot","69","4","5"
"60-69 years","Talbot","65","4","16"
"70-79 years","Talbot","36","5","6"
"80 & Older years","Talbot","21","4","9"
"Unknown years","Talbot","2","0","0"
"01-04 years","Taliaferro","2","0","0"
"05-09 years","Taliaferro","1","0","0"
"10-17 years","Taliaferro","7","0","0"
"18-29 years","Taliaferro","14","0","0"
"30-39 years","Taliaferro","15","0","0"
"40-49 years","Taliaferro","19","0","1"
"50-59 years","Taliaferro","10","0","0"
"60-69 years","Taliaferro","20","1","3"
"70-79 years","Taliaferro","10","1","3"
"80 & Older years","Taliaferro","4","1","2"
"01-04 years","Tattnall","31","0","0"
"05-09 years","Tattnall","46","0","0"
"10-17 years","Tattnall","164","0","0"
"18-29 years","Tattnall","330","0","1"
"30-39 years","Tattnall","295","1","7"
"40-49 years","Tattnall","291","0","8"
"50-59 years","Tattnall","321","7","24"
"60-69 years","Tattnall","242","15","35"
"70-79 years","Tattnall","123","21","39"
"80 & Older years","Tattnall","49","5","9"
"<1 years","Tattnall","10","0","1"
"01-04 years","Taylor","13","0","1"
"05-09 years","Taylor","16","0","0"
"10-17 years","Taylor","52","0","1"
"18-29 years","Taylor","86","0","2"
"30-39 years","Taylor","53","0","4"
"40-49 years","Taylor","94","1","11"
"50-59 years","Taylor","79","2","18"
"60-69 years","Taylor","67","6","18"
"70-79 years","Taylor","33","6","11"
"80 & Older years","Taylor","23","8","9"
"<1 years","Taylor","4","0","0"
"Unknown years","Taylor","2","0","0"
"01-04 years","Telfair","11","0","0"
"05-09 years","Telfair","13","0","0"
"10-17 years","Telfair","23","0","1"
"18-29 years","Telfair","143","0","3"
"30-39 years","Telfair","98","1","2"
"40-49 years","Telfair","114","2","6"
"50-59 years","Telfair","112","5","10"
"60-69 years","Telfair","107","9","19"
"70-79 years","Telfair","71","14","20"
"80 & Older years","Telfair","45","16","13"
"<1 years","Telfair","5","0","0"
"Unknown years","Telfair","2","0","0"
"01-04 years","Terrell","8","0","0"
"05-09 years","Terrell","11","0","0"
"10-17 years","Terrell","43","0","0"
"18-29 years","Terrell","77","0","5"
"30-39 years","Terrell","82","0","9"
"40-49 years","Terrell","71","0","8"
"50-59 years","Terrell","101","4","17"
"60-69 years","Terrell","93","13","34"
"70-79 years","Terrell","62","18","28"
"80 & Older years","Terrell","39","13","16"
"<1 years","Terrell","1","0","0"
"01-04 years","Thomas","68","0","1"
"05-09 years","Thomas","123","0","0"
"10-17 years","Thomas","336","0","3"
"18-29 years","Thomas","664","1","28"
"30-39 years","Thomas","531","3","22"
"40-49 years","Thomas","557","4","32"
"50-59 years","Thomas","581","11","50"
"60-69 years","Thomas","453","14","96"
"70-79 years","Thomas","272","36","75"
"80 & Older years","Thomas","172","48","62"
"<1 years","Thomas","20","0","2"
"Unknown years","Thomas","2","0","0"
"01-04 years","Tift","38","0","3"
"05-09 years","Tift","57","0","3"
"10-17 years","Tift","237","0","7"
"18-29 years","Tift","794","0","20"
"30-39 years","Tift","563","1","30"
"40-49 years","Tift","554","7","60"
"50-59 years","Tift","476","9","71"
"60-69 years","Tift","364","20","78"
"70-79 years","Tift","248","30","91"
"80 & Older years","Tift","142","35","62"
"<1 years","Tift","14","0","0"
"Unknown years","Tift","2","0","0"
"01-04 years","Toombs","31","0","0"
"05-09 years","Toombs","54","0","0"
"10-17 years","Toombs","223","0","2"
"18-29 years","Toombs","549","0","7"
"30-39 years","Toombs","438","0","5"
"40-49 years","Toombs","445","1","23"
"50-59 years","Toombs","445","9","33"
"60-69 years","Toombs","398","17","55"
"70-79 years","Toombs","264","35","46"
"80 & Older years","Toombs","161","41","35"
"<1 years","Toombs","10","0","0"
"Unknown years","Toombs","3","0","0"
"01-04 years","Towns","4","0","0"
"05-09 years","Towns","6","0","0"
"10-17 years","Towns","50","0","1"
"18-29 years","Towns","146","0","4"
"30-39 years","Towns","95","0","3"
"40-49 years","Towns","123","2","6"
"50-59 years","Towns","187","2","20"
"60-69 years","Towns","244","4","22"
"70-79 years","Towns","177","11","40"
"80 & Older years","Towns","130","29","51"
"Unknown years","Towns","3","0","0"
"01-04 years","Treutlen","6","0","0"
"05-09 years","Treutlen","17","0","1"
"10-17 years","Treutlen","48","0","0"
"18-29 years","Treutlen","106","0","2"
"30-39 years","Treutlen","103","0","5"
"40-49 years","Treutlen","104","2","5"
"50-59 years","Treutlen","104","1","9"
"60-69 years","Treutlen","71","6","15"
"70-79 years","Treutlen","55","12","11"
"80 & Older years","Treutlen","34","10","8"
"01-04 years","Troup","141","0","3"
"05-09 years","Troup","195","0","1"
"10-17 years","Troup","553","0","7"
"18-29 years","Troup","1267","2","31"
"30-39 years","Troup","947","7","45"
"40-49 years","Troup","850","7","52"
"50-59 years","Troup","885","15","115"
"60-69 years","Troup","671","38","111"
"70-79 years","Troup","365","49","111"
"80 & Older years","Troup","263","83","72"
"<1 years","Troup","46","0","1"
"Unknown years","Troup","5","0","0"
"01-04 years","Turner","6","0","0"
"05-09 years","Turner","7","0","1"
"10-17 years","Turner","21","0","0"
"18-29 years","Turner","92","0","2"
"30-39 years","Turner","108","0","10"
"40-49 years","Turner","111","0","5"
"50-59 years","Turner","97","2","14"
"60-69 years","Turner","87","9","27"
"70-79 years","Turner","54","9","14"
"80 & Older years","Turner","35","16","15"
"<1 years","Turner","2","0","1"
"01-04 years","Twiggs","10","0","0"
"05-09 years","Twiggs","6","0","1"
"10-17 years","Twiggs","27","0","0"
"18-29 years","Twiggs","68","0","2"
"30-39 years","Twiggs","60","1","5"
"40-49 years","Twiggs","64","1","7"
"50-59 years","Twiggs","94","3","16"
"60-69 years","Twiggs","100","11","36"
"70-79 years","Twiggs","58","9","24"
"80 & Older years","Twiggs","25","14","18"
"<1 years","Twiggs","1","0","0"
"01-04 years","Union","8","0","0"
"05-09 years","Union","18","0","0"
"10-17 years","Union","77","0","1"
"18-29 years","Union","269","1","1"
"30-39 years","Union","232","0","3"
"40-49 years","Union","238","1","14"
"50-59 years","Union","322","5","25"
"60-69 years","Union","399","8","48"
"70-79 years","Union","340","23","67"
"80 & Older years","Union","218","42","72"
"<1 years","Union","1","0","0"
"Unknown years","Union","14","1","0"
"01-04 years","Unknown","17","0","0"
"05-09 years","Unknown","39","0","0"
"10-17 years","Unknown","158","0","0"
"18-29 years","Unknown","706","1","4"
"30-39 years","Unknown","339","0","3"
"40-49 years","Unknown","298","1","2"
"50-59 years","Unknown","281","2","6"
"60-69 years","Unknown","147","0","8"
"70-79 years","Unknown","99","0","8"
"80 & Older years","Unknown","39","1","5"
"<1 years","Unknown","28","0","0"
"Unknown years","Unknown","78","0","3"
"01-04 years","Upson","42","0","0"
"05-09 years","Upson","50","0","0"
"10-17 years","Upson","143","0","1"
"18-29 years","Upson","322","0","7"
"30-39 years","Upson","224","2","10"
"40-49 years","Upson","250","1","14"
"50-59 years","Upson","272","7","27"
"60-69 years","Upson","245","24","40"
"70-79 years","Upson","172","36","51"
"80 & Older years","Upson","107","42","38"
"<1 years","Upson","15","0","0"
"Unknown years","Upson","4","0","0"
"01-04 years","Walker","92","0","1"
"05-09 years","Walker","168","0","1"
"10-17 years","Walker","596","0","4"
"18-29 years","Walker","1209","0","20"
"30-39 years","Walker","928","1","19"
"40-49 years","Walker","1121","3","35"
"50-59 years","Walker","954","5","40"
"60-69 years","Walker","788","16","71"
"70-79 years","Walker","515","29","63"
"80 & Older years","Walker","252","28","39"
"<1 years","Walker","41","0","2"
"Unknown years","Walker","154","0","3"
"01-04 years","Walton","84","0","1"
"05-09 years","Walton","176","0","1"
"10-17 years","Walton","647","0","7"
"18-29 years","Walton","1412","2","34"
"30-39 years","Walton","1222","0","30"
"40-49 years","Walton","1343","3","56"
"50-59 years","Walton","1319","18","93"
"60-69 years","Walton","913","34","98"
"70-79 years","Walton","681","77","120"
"80 & Older years","Walton","399","108","86"
"<1 years","Walton","29","0","2"
"Unknown years","Walton","13","0","0"
"01-04 years","Ware","62","0","1"
"05-09 years","Ware","73","0","0"
"10-17 years","Ware","252","0","4"
"18-29 years","Ware","575","1","6"
"30-39 years","Ware","480","2","22"
"40-49 years","Ware","412","3","34"
"50-59 years","Ware","437","16","72"
"60-69 years","Ware","323","22","70"
"70-79 years","Ware","265","43","102"
"80 & Older years","Ware","212","66","64"
"<1 years","Ware","21","0","2"
"01-04 years","Warren","6","0","0"
"05-09 years","Warren","3","0","0"
"10-17 years","Warren","28","0","0"
"18-29 years","Warren","72","0","3"
"30-39 years","Warren","53","0","5"
"40-49 years","Warren","52","2","5"
"50-59 years","Warren","71","2","8"
"60-69 years","Warren","45","3","9"
"70-79 years","Warren","38","6","14"
"80 & Older years","Warren","19","4","7"
"<1 years","Warren","2","0","1"
"Unknown years","Warren","4","0","0"
"01-04 years","Washington","24","0","0"
"05-09 years","Washington","29","0","0"
"10-17 years","Washington","128","0","2"
"18-29 years","Washington","269","0","8"
"30-39 years","Washington","252","0","9"
"40-49 years","Washington","258","4","14"
"50-59 years","Washington","248","7","18"
"60-69 years","Washington","232","15","32"
"70-79 years","Washington","121","10","22"
"80 & Older years","Washington","80","26","15"
"<1 years","Washington","11","0","0"
"Unknown years","Washington","1","0","0"
"01-04 years","Wayne","31","0","1"
"05-09 years","Wayne","41","0","0"
"10-17 years","Wayne","176","0","1"
"18-29 years","Wayne","442","0","10"
"30-39 years","Wayne","427","1","13"
"40-49 years","Wayne","511","1","39"
"50-59 years","Wayne","435","9","39"
"60-69 years","Wayne","348","19","71"
"70-79 years","Wayne","271","26","79"
"80 & Older years","Wayne","120","25","26"
"<1 years","Wayne","6","0","1"
"10-17 years","Webster","4","0","0"
"18-29 years","Webster","22","0","1"
"30-39 years","Webster","10","0","1"
"40-49 years","Webster","16","0","2"
"50-59 years","Webster","20","2","6"
"60-69 years","Webster","24","1","4"
"70-79 years","Webster","8","0","2"
"80 & Older years","Webster","4","1","0"
"Unknown years","Webster","2","0","0"
"01-04 years","Wheeler","1","0","0"
"05-09 years","Wheeler","5","0","0"
"10-17 years","Wheeler","24","0","0"
"18-29 years","Wheeler","59","0","0"
"30-39 years","Wheeler","76","2","2"
"40-49 years","Wheeler","81","1","3"
"50-59 years","Wheeler","93","7","11"
"60-69 years","Wheeler","54","3","7"
"70-79 years","Wheeler","41","5","11"
"80 & Older years","Wheeler","9","3","1"
"<1 years","Wheeler","2","0","0"
"Unknown years","Wheeler","23","0","1"
"01-04 years","White","23","0","0"
"05-09 years","White","61","0","1"
"10-17 years","White","238","0","2"
"18-29 years","White","458","1","7"
"30-39 years","White","334","1","8"
"40-49 years","White","428","2","18"
"50-59 years","White","499","5","45"
"60-69 years","White","451","12","66"
"70-79 years","White","330","17","80"
"80 & Older years","White","182","32","71"
"<1 years","White","4","0","0"
"Unknown years","White","23","0","0"
"01-04 years","Whitfield","215","0","3"
"05-09 years","Whitfield","403","0","3"
"10-17 years","Whitfield","1396","0","7"
"18-29 years","Whitfield","3584","2","53"
"30-39 years","Whitfield","2347","5","65"
"40-49 years","Whitfield","2425","5","82"
"50-59 years","Whitfield","2194","29","139"
"60-69 years","Whitfield","1285","38","163"
"70-79 years","Whitfield","724","58","153"
"80 & Older years","Whitfield","419","95","125"
"<1 years","Whitfield","70","0","5"
"Unknown years","Whitfield","2","0","0"
"01-04 years","Wilcox","12","0","1"
"05-09 years","Wilcox","10","0","0"
"10-17 years","Wilcox","31","0","0"
"18-29 years","Wilcox","47","0","1"
"30-39 years","Wilcox","50","0","1"
"40-49 years","Wilcox","74","0","12"
"50-59 years","Wilcox","85","1","16"
"60-69 years","Wilcox","93","10","26"
"70-79 years","Wilcox","53","11","11"
"80 & Older years","Wilcox","26","8","8"
"<1 years","Wilcox","5","0","0"
"01-04 years","Wilkes","9","0","0"
"05-09 years","Wilkes","17","0","0"
"10-17 years","Wilkes","55","0","0"
"18-29 years","Wilkes","121","0","1"
"30-39 years","Wilkes","88","0","5"
"40-49 years","Wilkes","111","1","12"
"50-59 years","Wilkes","105","2","5"
"60-69 years","Wilkes","86","4","18"
"70-79 years","Wilkes","68","9","21"
"80 & Older years","Wilkes","36","8","16"
"<1 years","Wilkes","3","0","0"
"Unknown years","Wilkes","1","0","0"
"01-04 years","Wilkinson","6","0","0"
"05-09 years","Wilkinson","11","0","0"
"10-17 years","Wilkinson","31","0","1"
"18-29 years","Wilkinson","113","0","3"
"30-39 years","Wilkinson","92","0","8"
"40-49 years","Wilkinson","97","0","7"
"50-59 years","Wilkinson","159","4","26"
"60-69 years","Wilkinson","134","12","40"
"70-79 years","Wilkinson","59","6","22"
"80 & Older years","Wilkinson","39","5","16"
"01-04 years","Worth","13","0","0"
"05-09 years","Worth","15","0","0"
"10-17 years","Worth","80","0","3"
"18-29 years","Worth","192","0","10"
"30-39 years","Worth","156","0","12"
"40-49 years","Worth","159","1","18"
"50-59 years","Worth","200","7","28"
"60-69 years","Worth","194","19","52"
"70-79 years","Worth","120","16","32"
"80 & Older years","Worth","72","19","26"
"<1 years","Worth","4","0","0"
"Unknown years","Worth","1","0","0"
