"age group","county name","cases","deaths","hospitalization"
"01-04 years","Georgia","7664","1","146"
"05-09 years","Georgia","12327","2","105"
"10-17 years","Georgia","44224","5","424"
"18-29 years","Georgia","147068","76","2871"
"30-39 years","Georgia","103562","169","3739"
"40-49 years","Georgia","100380","387","5434"
"50-59 years","Georgia","94597","939","7818"
"60-69 years","Georgia","64046","2009","9137"
"70-79 years","Georgia","37797","2860","8313"
"80 & Older years","Georgia","22390","3850","6551"
"<1 years","Georgia","2211","0","111"
"Unknown years","Georgia","6446","1","93"
"01-04 years","Appling","21","0","0"
"05-09 years","Appling","43","0","0"
"10-17 years","Appling","128","0","1"
"18-29 years","Appling","292","1","4"
"30-39 years","Appling","210","1","5"
"40-49 years","Appling","219","2","16"
"50-59 years","Appling","243","5","20"
"60-69 years","Appling","197","10","37"
"70-79 years","Appling","136","12","28"
"80 & Older years","Appling","63","12","22"
"<1 years","Appling","3","0","0"
"Unknown years","Appling","26","0","0"
"01-04 years","Atkinson","5","0","1"
"05-09 years","Atkinson","17","0","1"
"10-17 years","Atkinson","42","0","0"
"18-29 years","Atkinson","154","0","8"
"30-39 years","Atkinson","112","0","8"
"40-49 years","Atkinson","115","0","18"
"50-59 years","Atkinson","118","1","18"
"60-69 years","Atkinson","72","4","20"
"70-79 years","Atkinson","41","2","12"
"80 & Older years","Atkinson","13","2","9"
"<1 years","Atkinson","3","0","0"
"Unknown years","Atkinson","8","0","0"
"01-04 years","Bacon","17","0","0"
"05-09 years","Bacon","19","0","0"
"10-17 years","Bacon","59","0","1"
"18-29 years","Bacon","206","0","1"
"30-39 years","Bacon","117","0","4"
"40-49 years","Bacon","142","1","8"
"50-59 years","Bacon","136","2","15"
"60-69 years","Bacon","101","7","17"
"70-79 years","Bacon","66","4","11"
"80 & Older years","Bacon","34","7","7"
"<1 years","Bacon","6","0","0"
"Unknown years","Bacon","4","0","0"
"01-04 years","Baker","5","0","0"
"05-09 years","Baker","4","0","0"
"10-17 years","Baker","9","0","0"
"18-29 years","Baker","21","0","0"
"30-39 years","Baker","20","0","2"
"40-49 years","Baker","12","0","1"
"50-59 years","Baker","16","0","1"
"60-69 years","Baker","23","2","10"
"70-79 years","Baker","17","2","10"
"80 & Older years","Baker","8","2","3"
"<1 years","Baker","1","0","0"
"01-04 years","Baldwin","24","0","0"
"05-09 years","Baldwin","46","0","0"
"10-17 years","Baldwin","138","0","4"
"18-29 years","Baldwin","1105","0","13"
"30-39 years","Baldwin","371","1","12"
"40-49 years","Baldwin","385","2","28"
"50-59 years","Baldwin","402","9","42"
"60-69 years","Baldwin","314","15","56"
"70-79 years","Baldwin","202","19","41"
"80 & Older years","Baldwin","115","27","38"
"<1 years","Baldwin","8","0","0"
"Unknown years","Baldwin","1","0","0"
"01-04 years","Banks","6","0","0"
"05-09 years","Banks","19","0","1"
"10-17 years","Banks","87","0","2"
"18-29 years","Banks","225","0","4"
"30-39 years","Banks","163","0","3"
"40-49 years","Banks","174","0","13"
"50-59 years","Banks","196","0","17"
"60-69 years","Banks","162","4","32"
"70-79 years","Banks","128","9","46"
"80 & Older years","Banks","73","7","26"
"<1 years","Banks","4","0","1"
"Unknown years","Banks","42","0","1"
"01-04 years","Barrow","52","0","0"
"05-09 years","Barrow","97","0","0"
"10-17 years","Barrow","391","0","4"
"18-29 years","Barrow","1166","1","29"
"30-39 years","Barrow","993","0","35"
"40-49 years","Barrow","1008","4","49"
"50-59 years","Barrow","866","2","70"
"60-69 years","Barrow","585","16","99"
"70-79 years","Barrow","332","19","74"
"80 & Older years","Barrow","174","32","60"
"<1 years","Barrow","22","0","2"
"Unknown years","Barrow","17","0","0"
"01-04 years","Bartow","61","0","2"
"05-09 years","Bartow","130","0","1"
"10-17 years","Bartow","631","0","4"
"18-29 years","Bartow","1400","0","15"
"30-39 years","Bartow","1161","2","32"
"40-49 years","Bartow","1210","0","52"
"50-59 years","Bartow","1247","9","97"
"60-69 years","Bartow","728","19","105"
"70-79 years","Bartow","538","40","116"
"80 & Older years","Bartow","274","54","86"
"<1 years","Bartow","22","0","1"
"Unknown years","Bartow","87","0","7"
"01-04 years","Ben Hill","28","0","1"
"05-09 years","Ben Hill","18","0","0"
"10-17 years","Ben Hill","83","0","0"
"18-29 years","Ben Hill","220","0","4"
"30-39 years","Ben Hill","196","2","8"
"40-49 years","Ben Hill","170","0","9"
"50-59 years","Ben Hill","220","2","24"
"60-69 years","Ben Hill","182","11","24"
"70-79 years","Ben Hill","129","17","44"
"80 & Older years","Ben Hill","58","9","13"
"<1 years","Ben Hill","4","0","0"
"Unknown years","Ben Hill","5","0","0"
"01-04 years","Berrien","14","0","0"
"05-09 years","Berrien","17","0","0"
"10-17 years","Berrien","65","0","0"
"18-29 years","Berrien","169","0","0"
"30-39 years","Berrien","132","0","2"
"40-49 years","Berrien","125","0","3"
"50-59 years","Berrien","136","1","13"
"60-69 years","Berrien","103","4","12"
"70-79 years","Berrien","67","7","11"
"80 & Older years","Berrien","38","9","7"
"<1 years","Berrien","2","0","0"
"Unknown years","Berrien","6","0","0"
"01-04 years","Bibb","112","0","2"
"05-09 years","Bibb","143","0","0"
"10-17 years","Bibb","492","0","6"
"18-29 years","Bibb","2346","1","66"
"30-39 years","Bibb","1659","4","81"
"40-49 years","Bibb","1650","10","153"
"50-59 years","Bibb","1515","14","189"
"60-69 years","Bibb","1189","53","297"
"70-79 years","Bibb","718","71","220"
"80 & Older years","Bibb","442","93","198"
"<1 years","Bibb","39","0","4"
"Unknown years","Bibb","19","0","0"
"01-04 years","Bleckley","3","0","0"
"05-09 years","Bleckley","8","0","0"
"10-17 years","Bleckley","61","0","0"
"18-29 years","Bleckley","163","0","3"
"30-39 years","Bleckley","74","0","1"
"40-49 years","Bleckley","90","1","2"
"50-59 years","Bleckley","91","2","3"
"60-69 years","Bleckley","76","7","9"
"70-79 years","Bleckley","57","3","11"
"80 & Older years","Bleckley","60","17","12"
"<1 years","Bleckley","2","0","0"
"Unknown years","Bleckley","1","0","0"
"01-04 years","Brantley","12","0","0"
"05-09 years","Brantley","7","0","0"
"10-17 years","Brantley","59","0","1"
"18-29 years","Brantley","127","0","1"
"30-39 years","Brantley","90","0","3"
"40-49 years","Brantley","107","1","5"
"50-59 years","Brantley","118","2","12"
"60-69 years","Brantley","90","3","10"
"70-79 years","Brantley","62","7","15"
"80 & Older years","Brantley","39","7","9"
"<1 years","Brantley","1","0","0"
"Unknown years","Brantley","1","0","0"
"01-04 years","Brooks","14","0","0"
"05-09 years","Brooks","16","0","0"
"10-17 years","Brooks","77","0","0"
"18-29 years","Brooks","152","0","0"
"30-39 years","Brooks","112","0","2"
"40-49 years","Brooks","101","0","9"
"50-59 years","Brooks","125","2","15"
"60-69 years","Brooks","88","6","12"
"70-79 years","Brooks","75","9","18"
"80 & Older years","Brooks","51","11","10"
"<1 years","Brooks","3","0","0"
"Unknown years","Brooks","1","0","0"
"01-04 years","Bryan","33","0","0"
"05-09 years","Bryan","41","0","0"
"10-17 years","Bryan","165","0","1"
"18-29 years","Bryan","395","0","8"
"30-39 years","Bryan","312","1","8"
"40-49 years","Bryan","328","0","13"
"50-59 years","Bryan","268","4","24"
"60-69 years","Bryan","177","5","24"
"70-79 years","Bryan","119","5","36"
"80 & Older years","Bryan","54","3","17"
"<1 years","Bryan","9","0","0"
"Unknown years","Bryan","8","0","0"
"01-04 years","Bulloch","48","0","0"
"05-09 years","Bulloch","58","0","0"
"10-17 years","Bulloch","221","0","2"
"18-29 years","Bulloch","1919","0","7"
"30-39 years","Bulloch","460","3","20"
"40-49 years","Bulloch","402","2","24"
"50-59 years","Bulloch","387","2","23"
"60-69 years","Bulloch","281","12","35"
"70-79 years","Bulloch","145","10","28"
"80 & Older years","Bulloch","88","9","28"
"<1 years","Bulloch","18","0","2"
"Unknown years","Bulloch","54","0","1"
"01-04 years","Burke","14","0","0"
"05-09 years","Burke","33","0","0"
"10-17 years","Burke","93","0","1"
"18-29 years","Burke","260","0","6"
"30-39 years","Burke","198","0","7"
"40-49 years","Burke","210","2","11"
"50-59 years","Burke","200","1","27"
"60-69 years","Burke","157","5","31"
"70-79 years","Burke","93","5","23"
"80 & Older years","Burke","29","5","11"
"<1 years","Burke","4","0","0"
"Unknown years","Burke","1","0","0"
"01-04 years","Butts","16","0","2"
"05-09 years","Butts","16","0","0"
"10-17 years","Butts","78","0","1"
"18-29 years","Butts","263","0","5"
"30-39 years","Butts","232","0","7"
"40-49 years","Butts","228","3","12"
"50-59 years","Butts","244","3","17"
"60-69 years","Butts","187","9","25"
"70-79 years","Butts","136","12","14"
"80 & Older years","Butts","94","22","5"
"<1 years","Butts","3","0","0"
"Unknown years","Butts","1","0","0"
"01-04 years","Calhoun","2","0","0"
"05-09 years","Calhoun","2","0","0"
"10-17 years","Calhoun","28","0","0"
"18-29 years","Calhoun","57","0","5"
"30-39 years","Calhoun","48","2","5"
"40-49 years","Calhoun","70","1","9"
"50-59 years","Calhoun","63","2","11"
"60-69 years","Calhoun","57","2","16"
"70-79 years","Calhoun","21","2","7"
"80 & Older years","Calhoun","11","2","6"
"<1 years","Calhoun","2","0","0"
"Unknown years","Calhoun","1","0","0"
"01-04 years","Camden","33","0","0"
"05-09 years","Camden","31","0","1"
"10-17 years","Camden","153","0","1"
"18-29 years","Camden","616","0","4"
"30-39 years","Camden","388","0","12"
"40-49 years","Camden","319","1","10"
"50-59 years","Camden","373","1","16"
"60-69 years","Camden","276","6","20"
"70-79 years","Camden","161","0","16"
"80 & Older years","Camden","72","11","18"
"<1 years","Camden","7","0","1"
"Unknown years","Camden","17","0","0"
"01-04 years","Candler","8","0","0"
"05-09 years","Candler","12","0","0"
"10-17 years","Candler","46","0","0"
"18-29 years","Candler","117","0","0"
"30-39 years","Candler","86","0","2"
"40-49 years","Candler","102","2","1"
"50-59 years","Candler","111","5","9"
"60-69 years","Candler","89","7","13"
"70-79 years","Candler","52","10","16"
"80 & Older years","Candler","24","4","9"
"<1 years","Candler","4","0","0"
"Unknown years","Candler","5","0","0"
"01-04 years","Carroll","67","0","1"
"05-09 years","Carroll","91","0","1"
"10-17 years","Carroll","444","0","6"
"18-29 years","Carroll","1393","0","11"
"30-39 years","Carroll","836","4","18"
"40-49 years","Carroll","824","4","23"
"50-59 years","Carroll","835","10","52"
"60-69 years","Carroll","594","17","61"
"70-79 years","Carroll","343","27","54"
"80 & Older years","Carroll","226","35","35"
"<1 years","Carroll","24","0","0"
"Unknown years","Carroll","31","0","0"
"01-04 years","Catoosa","55","0","0"
"05-09 years","Catoosa","79","0","1"
"10-17 years","Catoosa","315","0","1"
"18-29 years","Catoosa","687","0","7"
"30-39 years","Catoosa","500","1","7"
"40-49 years","Catoosa","602","1","11"
"50-59 years","Catoosa","552","5","20"
"60-69 years","Catoosa","409","5","38"
"70-79 years","Catoosa","258","13","39"
"80 & Older years","Catoosa","187","15","36"
"<1 years","Catoosa","21","0","0"
"Unknown years","Catoosa","86","0","5"
"01-04 years","Charlton","11","0","0"
"05-09 years","Charlton","22","0","0"
"10-17 years","Charlton","51","0","0"
"18-29 years","Charlton","159","0","1"
"30-39 years","Charlton","183","0","4"
"40-49 years","Charlton","164","2","8"
"50-59 years","Charlton","120","0","4"
"60-69 years","Charlton","122","4","12"
"70-79 years","Charlton","42","4","9"
"80 & Older years","Charlton","20","3","8"
"<1 years","Charlton","2","0","0"
"Unknown years","Charlton","3","0","0"
"01-04 years","Chatham","250","0","3"
"05-09 years","Chatham","289","1","0"
"10-17 years","Chatham","878","0","13"
"18-29 years","Chatham","3624","2","40"
"30-39 years","Chatham","2481","4","95"
"40-49 years","Chatham","1943","10","116"
"50-59 years","Chatham","1776","25","187"
"60-69 years","Chatham","1397","46","250"
"70-79 years","Chatham","759","66","226"
"80 & Older years","Chatham","470","87","186"
"<1 years","Chatham","66","0","4"
"Unknown years","Chatham","105","0","2"
"01-04 years","Chattahoochee","8","0","0"
"05-09 years","Chattahoochee","6","0","0"
"10-17 years","Chattahoochee","101","0","2"
"18-29 years","Chattahoochee","1780","0","1"
"30-39 years","Chattahoochee","194","0","3"
"40-49 years","Chattahoochee","46","0","0"
"50-59 years","Chattahoochee","20","0","5"
"60-69 years","Chattahoochee","14","0","3"
"70-79 years","Chattahoochee","6","0","2"
"80 & Older years","Chattahoochee","6","1","3"
"<1 years","Chattahoochee","8","0","0"
"Unknown years","Chattahoochee","1","0","0"
"01-04 years","Chattooga","9","0","0"
"05-09 years","Chattooga","19","0","0"
"10-17 years","Chattooga","140","0","0"
"18-29 years","Chattooga","285","0","4"
"30-39 years","Chattooga","235","0","5"
"40-49 years","Chattooga","275","1","9"
"50-59 years","Chattooga","263","5","13"
"60-69 years","Chattooga","230","12","31"
"70-79 years","Chattooga","144","11","35"
"80 & Older years","Chattooga","102","17","23"
"<1 years","Chattooga","8","0","1"
"Unknown years","Chattooga","18","0","1"
"01-04 years","Cherokee","158","0","7"
"05-09 years","Cherokee","364","0","4"
"10-17 years","Cherokee","1487","0","7"
"18-29 years","Cherokee","3081","1","61"
"30-39 years","Cherokee","2153","1","80"
"40-49 years","Cherokee","2421","2","93"
"50-59 years","Cherokee","2364","9","147"
"60-69 years","Cherokee","1369","19","157"
"70-79 years","Cherokee","911","31","163"
"80 & Older years","Cherokee","580","69","156"
"<1 years","Cherokee","32","0","1"
"Unknown years","Cherokee","59","0","2"
"01-04 years","Clarke","123","0","0"
"05-09 years","Clarke","147","0","1"
"10-17 years","Clarke","409","0","4"
"18-29 years","Clarke","4791","0","22"
"30-39 years","Clarke","1176","1","28"
"40-49 years","Clarke","944","2","36"
"50-59 years","Clarke","825","5","50"
"60-69 years","Clarke","577","12","71"
"70-79 years","Clarke","338","22","81"
"80 & Older years","Clarke","183","25","48"
"<1 years","Clarke","30","0","1"
"Unknown years","Clarke","31","0","0"
"01-04 years","Clay","2","0","0"
"05-09 years","Clay","2","0","0"
"10-17 years","Clay","13","0","0"
"18-29 years","Clay","26","0","0"
"30-39 years","Clay","25","0","1"
"40-49 years","Clay","22","0","0"
"50-59 years","Clay","16","0","1"
"60-69 years","Clay","22","1","2"
"70-79 years","Clay","15","0","0"
"80 & Older years","Clay","14","2","5"
"Unknown years","Clay","1","0","0"
"01-04 years","Clayton","236","0","7"
"05-09 years","Clayton","342","1","8"
"10-17 years","Clayton","941","0","21"
"18-29 years","Clayton","3241","4","76"
"30-39 years","Clayton","2764","6","115"
"40-49 years","Clayton","2521","23","142"
"50-59 years","Clayton","2322","29","204"
"60-69 years","Clayton","1482","60","185"
"70-79 years","Clayton","645","51","123"
"80 & Older years","Clayton","336","58","82"
"<1 years","Clayton","50","0","1"
"Unknown years","Clayton","46","0","2"
"01-04 years","Clinch","10","0","0"
"05-09 years","Clinch","15","0","0"
"10-17 years","Clinch","67","0","0"
"18-29 years","Clinch","114","0","2"
"30-39 years","Clinch","88","1","4"
"40-49 years","Clinch","79","0","3"
"50-59 years","Clinch","79","0","12"
"60-69 years","Clinch","86","6","13"
"70-79 years","Clinch","45","6","14"
"80 & Older years","Clinch","14","1","4"
"<1 years","Clinch","1","0","0"
"Unknown years","Clinch","1","0","0"
"01-04 years","Cobb","464","1","13"
"05-09 years","Cobb","785","0","5"
"10-17 years","Cobb","2678","0","22"
"18-29 years","Cobb","11012","4","208"
"30-39 years","Cobb","7218","12","215"
"40-49 years","Cobb","6719","22","344"
"50-59 years","Cobb","5997","35","450"
"60-69 years","Cobb","3641","85","438"
"70-79 years","Cobb","2035","175","385"
"80 & Older years","Cobb","1293","250","350"
"<1 years","Cobb","133","0","8"
"Unknown years","Cobb","771","0","3"
"01-04 years","Coffee","65","0","2"
"05-09 years","Coffee","82","0","4"
"10-17 years","Coffee","247","0","3"
"18-29 years","Coffee","716","0","20"
"30-39 years","Coffee","528","3","38"
"40-49 years","Coffee","604","3","78"
"50-59 years","Coffee","586","5","104"
"60-69 years","Coffee","470","22","115"
"70-79 years","Coffee","258","26","102"
"80 & Older years","Coffee","133","28","74"
"<1 years","Coffee","12","0","0"
"Unknown years","Coffee","22","0","0"
"01-04 years","Colquitt","34","0","0"
"05-09 years","Colquitt","69","0","1"
"10-17 years","Colquitt","244","0","4"
"18-29 years","Colquitt","592","0","16"
"30-39 years","Colquitt","414","0","16"
"40-49 years","Colquitt","426","4","33"
"50-59 years","Colquitt","375","10","30"
"60-69 years","Colquitt","268","11","32"
"70-79 years","Colquitt","152","6","33"
"80 & Older years","Colquitt","105","14","21"
"<1 years","Colquitt","12","0","0"
"Unknown years","Colquitt","3","0","0"
"01-04 years","Columbia","75","0","2"
"05-09 years","Columbia","183","0","0"
"10-17 years","Columbia","721","0","1"
"18-29 years","Columbia","1741","0","14"
"30-39 years","Columbia","1499","2","18"
"40-49 years","Columbia","1369","6","34"
"50-59 years","Columbia","1204","11","56"
"60-69 years","Columbia","748","12","63"
"70-79 years","Columbia","397","26","61"
"80 & Older years","Columbia","233","38","61"
"<1 years","Columbia","21","0","1"
"Unknown years","Columbia","11","0","0"
"01-04 years","Cook","12","0","1"
"05-09 years","Cook","20","0","0"
"10-17 years","Cook","86","0","1"
"18-29 years","Cook","201","0","5"
"30-39 years","Cook","155","0","4"
"40-49 years","Cook","158","0","12"
"50-59 years","Cook","141","2","15"
"60-69 years","Cook","113","6","16"
"70-79 years","Cook","95","10","23"
"80 & Older years","Cook","47","8","12"
"<1 years","Cook","5","0","0"
"Unknown years","Cook","2","0","0"
"01-04 years","Coweta","75","0","0"
"05-09 years","Coweta","124","0","0"
"10-17 years","Coweta","442","0","3"
"18-29 years","Coweta","1171","1","14"
"30-39 years","Coweta","886","0","20"
"40-49 years","Coweta","934","3","26"
"50-59 years","Coweta","1055","7","46"
"60-69 years","Coweta","668","18","41"
"70-79 years","Coweta","421","19","46"
"80 & Older years","Coweta","225","34","30"
"<1 years","Coweta","24","0","1"
"Unknown years","Coweta","11","0","0"
"01-04 years","Crawford","1","0","0"
"05-09 years","Crawford","2","0","0"
"10-17 years","Crawford","22","0","0"
"18-29 years","Crawford","61","0","2"
"30-39 years","Crawford","54","0","4"
"40-49 years","Crawford","45","1","3"
"50-59 years","Crawford","90","1","11"
"60-69 years","Crawford","78","3","13"
"70-79 years","Crawford","31","2","10"
"80 & Older years","Crawford","19","0","4"
"01-04 years","Crisp","15","0","0"
"05-09 years","Crisp","18","0","0"
"10-17 years","Crisp","78","0","1"
"18-29 years","Crisp","163","0","7"
"30-39 years","Crisp","164","0","11"
"40-49 years","Crisp","151","1","12"
"50-59 years","Crisp","149","3","20"
"60-69 years","Crisp","155","9","30"
"70-79 years","Crisp","80","8","28"
"80 & Older years","Crisp","64","8","15"
"<1 years","Crisp","7","0","0"
"Unknown years","Crisp","15","0","0"
"01-04 years","Dade","5","0","0"
"05-09 years","Dade","20","0","0"
"10-17 years","Dade","68","0","0"
"18-29 years","Dade","156","0","1"
"30-39 years","Dade","105","0","1"
"40-49 years","Dade","135","0","5"
"50-59 years","Dade","118","1","6"
"60-69 years","Dade","83","0","3"
"70-79 years","Dade","67","5","15"
"80 & Older years","Dade","42","1","8"
"<1 years","Dade","6","0","0"
"Unknown years","Dade","22","0","1"
"01-04 years","Dawson","18","0","0"
"05-09 years","Dawson","28","0","0"
"10-17 years","Dawson","150","0","4"
"18-29 years","Dawson","383","0","10"
"30-39 years","Dawson","276","0","6"
"40-49 years","Dawson","261","0","17"
"50-59 years","Dawson","307","0","26"
"60-69 years","Dawson","241","3","53"
"70-79 years","Dawson","161","10","35"
"80 & Older years","Dawson","67","5","18"
"<1 years","Dawson","7","0","1"
"Unknown years","Dawson","41","0","2"
"01-04 years","DeKalb","517","0","14"
"05-09 years","DeKalb","745","0","9"
"10-17 years","DeKalb","2224","0","37"
"18-29 years","DeKalb","9416","8","278"
"30-39 years","DeKalb","8092","14","410"
"40-49 years","DeKalb","6393","26","456"
"50-59 years","DeKalb","5706","60","615"
"60-69 years","DeKalb","3588","99","630"
"70-79 years","DeKalb","1849","138","477"
"80 & Older years","DeKalb","1089","163","334"
"<1 years","DeKalb","129","0","5"
"Unknown years","DeKalb","161","0","6"
"01-04 years","Decatur","44","0","1"
"05-09 years","Decatur","54","0","0"
"10-17 years","Decatur","161","0","0"
"18-29 years","Decatur","354","1","8"
"30-39 years","Decatur","266","1","8"
"40-49 years","Decatur","261","1","16"
"50-59 years","Decatur","217","5","24"
"60-69 years","Decatur","185","10","27"
"70-79 years","Decatur","108","16","18"
"80 & Older years","Decatur","89","12","17"
"<1 years","Decatur","8","0","0"
"01-04 years","Dodge","7","0","0"
"05-09 years","Dodge","17","0","0"
"10-17 years","Dodge","73","1","1"
"18-29 years","Dodge","161","0","3"
"30-39 years","Dodge","116","0","2"
"40-49 years","Dodge","140","1","10"
"50-59 years","Dodge","161","3","13"
"60-69 years","Dodge","142","10","27"
"70-79 years","Dodge","73","13","18"
"80 & Older years","Dodge","52","16","17"
"<1 years","Dodge","3","0","0"
"Unknown years","Dodge","4","0","0"
"01-04 years","Dooly","9","0","0"
"05-09 years","Dooly","5","0","0"
"10-17 years","Dooly","33","0","0"
"18-29 years","Dooly","84","0","5"
"30-39 years","Dooly","86","0","7"
"40-49 years","Dooly","96","0","8"
"50-59 years","Dooly","109","4","13"
"60-69 years","Dooly","97","9","20"
"70-79 years","Dooly","49","6","10"
"80 & Older years","Dooly","17","4","3"
"<1 years","Dooly","2","0","0"
"Unknown years","Dooly","8","0","0"
"01-04 years","Dougherty","38","0","3"
"05-09 years","Dougherty","66","0","0"
"10-17 years","Dougherty","174","0","3"
"18-29 years","Dougherty","771","2","69"
"30-39 years","Dougherty","638","3","62"
"40-49 years","Dougherty","680","12","95"
"50-59 years","Dougherty","751","19","136"
"60-69 years","Dougherty","651","50","192"
"70-79 years","Dougherty","385","52","142"
"80 & Older years","Dougherty","219","70","93"
"<1 years","Dougherty","22","0","1"
"Unknown years","Dougherty","20","0","0"
"01-04 years","Douglas","95","0","2"
"05-09 years","Douglas","173","0","4"
"10-17 years","Douglas","527","0","5"
"18-29 years","Douglas","1613","0","41"
"30-39 years","Douglas","1272","3","51"
"40-49 years","Douglas","1459","4","84"
"50-59 years","Douglas","1314","14","123"
"60-69 years","Douglas","757","19","122"
"70-79 years","Douglas","437","36","103"
"80 & Older years","Douglas","203","26","66"
"<1 years","Douglas","16","0","3"
"Unknown years","Douglas","118","0","0"
"01-04 years","Early","15","0","0"
"05-09 years","Early","15","0","0"
"10-17 years","Early","57","0","0"
"18-29 years","Early","117","0","4"
"30-39 years","Early","112","0","4"
"40-49 years","Early","138","1","9"
"50-59 years","Early","124","3","9"
"60-69 years","Early","90","11","12"
"70-79 years","Early","62","12","13"
"80 & Older years","Early","37","12","10"
"<1 years","Early","2","0","0"
"01-04 years","Echols","5","0","0"
"05-09 years","Echols","5","0","0"
"10-17 years","Echols","23","0","1"
"18-29 years","Echols","127","0","1"
"30-39 years","Echols","52","0","2"
"40-49 years","Echols","39","0","1"
"50-59 years","Echols","40","0","2"
"60-69 years","Echols","21","0","0"
"70-79 years","Echols","16","2","3"
"<1 years","Echols","1","0","0"
"01-04 years","Effingham","35","0","2"
"05-09 years","Effingham","69","0","0"
"10-17 years","Effingham","227","0","0"
"18-29 years","Effingham","512","0","4"
"30-39 years","Effingham","425","1","11"
"40-49 years","Effingham","430","0","24"
"50-59 years","Effingham","427","7","30"
"60-69 years","Effingham","278","3","42"
"70-79 years","Effingham","160","13","40"
"80 & Older years","Effingham","72","12","22"
"<1 years","Effingham","6","0","0"
"Unknown years","Effingham","11","0","1"
"01-04 years","Elbert","14","0","0"
"05-09 years","Elbert","23","0","0"
"10-17 years","Elbert","73","0","0"
"18-29 years","Elbert","218","0","1"
"30-39 years","Elbert","154","0","6"
"40-49 years","Elbert","177","0","8"
"50-59 years","Elbert","188","0","11"
"60-69 years","Elbert","144","1","18"
"70-79 years","Elbert","128","8","25"
"80 & Older years","Elbert","111","16","26"
"<1 years","Elbert","7","0","2"
"Unknown years","Elbert","6","0","0"
"01-04 years","Emanuel","20","0","1"
"05-09 years","Emanuel","19","0","0"
"10-17 years","Emanuel","148","0","2"
"18-29 years","Emanuel","271","1","0"
"30-39 years","Emanuel","214","0","7"
"40-49 years","Emanuel","254","1","7"
"50-59 years","Emanuel","232","5","23"
"60-69 years","Emanuel","201","7","24"
"70-79 years","Emanuel","117","15","24"
"80 & Older years","Emanuel","57","16","20"
"<1 years","Emanuel","4","0","0"
"Unknown years","Emanuel","8","0","1"
"01-04 years","Evans","8","0","0"
"05-09 years","Evans","15","0","0"
"10-17 years","Evans","71","0","0"
"18-29 years","Evans","120","1","3"
"30-39 years","Evans","108","0","3"
"40-49 years","Evans","94","0","9"
"50-59 years","Evans","94","1","14"
"60-69 years","Evans","53","2","13"
"70-79 years","Evans","39","3","9"
"80 & Older years","Evans","17","2","9"
"<1 years","Evans","2","0","0"
"Unknown years","Evans","1","0","0"
"01-04 years","Fannin","9","0","0"
"05-09 years","Fannin","19","0","0"
"10-17 years","Fannin","80","0","0"
"18-29 years","Fannin","209","1","2"
"30-39 years","Fannin","146","0","5"
"40-49 years","Fannin","185","0","7"
"50-59 years","Fannin","249","3","17"
"60-69 years","Fannin","239","4","27"
"70-79 years","Fannin","190","4","28"
"80 & Older years","Fannin","111","25","39"
"<1 years","Fannin","4","0","0"
"Unknown years","Fannin","14","0","0"
"01-04 years","Fayette","38","0","0"
"05-09 years","Fayette","65","0","1"
"10-17 years","Fayette","320","0","2"
"18-29 years","Fayette","835","0","5"
"30-39 years","Fayette","505","1","7"
"40-49 years","Fayette","696","1","20"
"50-59 years","Fayette","746","3","32"
"60-69 years","Fayette","570","11","36"
"70-79 years","Fayette","298","25","51"
"80 & Older years","Fayette","205","32","28"
"<1 years","Fayette","8","0","0"
"Unknown years","Fayette","44","0","0"
"01-04 years","Floyd","95","0","3"
"05-09 years","Floyd","151","0","0"
"10-17 years","Floyd","681","0","8"
"18-29 years","Floyd","1537","0","19"
"30-39 years","Floyd","1140","3","37"
"40-49 years","Floyd","1108","3","63"
"50-59 years","Floyd","1035","16","105"
"60-69 years","Floyd","757","26","129"
"70-79 years","Floyd","536","29","137"
"80 & Older years","Floyd","297","33","89"
"<1 years","Floyd","36","0","2"
"Unknown years","Floyd","89","0","1"
"01-04 years","Forsyth","120","0","1"
"05-09 years","Forsyth","282","0","1"
"10-17 years","Forsyth","1110","0","3"
"18-29 years","Forsyth","2155","0","36"
"30-39 years","Forsyth","1529","0","48"
"40-49 years","Forsyth","1889","4","91"
"50-59 years","Forsyth","1771","9","120"
"60-69 years","Forsyth","934","7","108"
"70-79 years","Forsyth","564","24","148"
"80 & Older years","Forsyth","330","39","105"
"<1 years","Forsyth","34","0","3"
"Unknown years","Forsyth","565","0","2"
"01-04 years","Franklin","11","0","0"
"05-09 years","Franklin","44","0","0"
"10-17 years","Franklin","143","0","4"
"18-29 years","Franklin","352","0","8"
"30-39 years","Franklin","250","0","3"
"40-49 years","Franklin","271","0","10"
"50-59 years","Franklin","267","0","18"
"60-69 years","Franklin","241","2","29"
"70-79 years","Franklin","132","11","20"
"80 & Older years","Franklin","63","11","16"
"<1 years","Franklin","7","0","1"
"Unknown years","Franklin","67","0","2"
"01-04 years","Fulton","624","0","16"
"05-09 years","Fulton","1027","0","9"
"10-17 years","Fulton","3401","1","33"
"18-29 years","Fulton","15880","4","279"
"30-39 years","Fulton","11248","14","387"
"40-49 years","Fulton","8817","28","462"
"50-59 years","Fulton","7758","66","631"
"60-69 years","Fulton","4618","136","606"
"70-79 years","Fulton","2516","192","528"
"80 & Older years","Fulton","1810","323","519"
"<1 years","Fulton","151","0","6"
"Unknown years","Fulton","261","0","7"
"01-04 years","Gilmer","26","0","2"
"05-09 years","Gilmer","25","0","0"
"10-17 years","Gilmer","142","0","2"
"18-29 years","Gilmer","268","0","8"
"30-39 years","Gilmer","228","0","13"
"40-49 years","Gilmer","259","0","14"
"50-59 years","Gilmer","284","4","19"
"60-69 years","Gilmer","261","2","31"
"70-79 years","Gilmer","183","8","31"
"80 & Older years","Gilmer","100","20","30"
"<1 years","Gilmer","8","0","0"
"Unknown years","Gilmer","44","0","0"
"01-04 years","Glascock","1","0","0"
"05-09 years","Glascock","2","0","0"
"10-17 years","Glascock","1","0","0"
"18-29 years","Glascock","17","0","1"
"30-39 years","Glascock","12","0","0"
"40-49 years","Glascock","15","0","1"
"50-59 years","Glascock","21","2","2"
"60-69 years","Glascock","11","0","1"
"70-79 years","Glascock","13","1","3"
"80 & Older years","Glascock","8","1","4"
"<1 years","Glascock","1","0","0"
"Unknown years","Glascock","1","0","0"
"01-04 years","Glynn","74","0","1"
"05-09 years","Glynn","139","0","1"
"10-17 years","Glynn","365","0","0"
"18-29 years","Glynn","1106","0","21"
"30-39 years","Glynn","832","3","23"
"40-49 years","Glynn","724","3","32"
"50-59 years","Glynn","672","8","62"
"60-69 years","Glynn","573","24","100"
"70-79 years","Glynn","354","37","72"
"80 & Older years","Glynn","217","51","78"
"<1 years","Glynn","18","0","0"
"Unknown years","Glynn","70","0","0"
"01-04 years","Gordon","56","0","0"
"05-09 years","Gordon","85","0","0"
"10-17 years","Gordon","362","0","2"
"18-29 years","Gordon","907","0","11"
"30-39 years","Gordon","695","1","17"
"40-49 years","Gordon","728","1","23"
"50-59 years","Gordon","715","7","36"
"60-69 years","Gordon","441","10","33"
"70-79 years","Gordon","267","18","55"
"80 & Older years","Gordon","147","24","39"
"<1 years","Gordon","18","0","3"
"Unknown years","Gordon","69","0","3"
"01-04 years","Grady","25","0","1"
"05-09 years","Grady","34","0","0"
"10-17 years","Grady","105","0","2"
"18-29 years","Grady","209","0","9"
"30-39 years","Grady","192","0","7"
"40-49 years","Grady","197","0","20"
"50-59 years","Grady","176","5","24"
"60-69 years","Grady","132","3","20"
"70-79 years","Grady","122","9","32"
"80 & Older years","Grady","44","12","16"
"<1 years","Grady","4","0","1"
"Unknown years","Grady","3","0","0"
"01-04 years","Greene","13","0","0"
"05-09 years","Greene","26","0","0"
"10-17 years","Greene","63","0","0"
"18-29 years","Greene","210","0","5"
"30-39 years","Greene","145","0","6"
"40-49 years","Greene","139","3","11"
"50-59 years","Greene","159","3","13"
"60-69 years","Greene","168","2","10"
"70-79 years","Greene","113","5","18"
"80 & Older years","Greene","65","13","22"
"<1 years","Greene","2","0","1"
"Unknown years","Greene","1","0","0"
"01-04 years","Gwinnett","851","0","17"
"05-09 years","Gwinnett","1357","0","15"
"10-17 years","Gwinnett","4550","1","59"
"18-29 years","Gwinnett","14086","4","468"
"30-39 years","Gwinnett","10175","12","484"
"40-49 years","Gwinnett","10905","37","641"
"50-59 years","Gwinnett","9018","63","699"
"60-69 years","Gwinnett","4916","114","696"
"70-79 years","Gwinnett","2234","138","515"
"80 & Older years","Gwinnett","1281","217","461"
"<1 years","Gwinnett","207","0","5"
"Unknown years","Gwinnett","196","0","1"
"01-04 years","Habersham","24","0","2"
"05-09 years","Habersham","43","0","3"
"10-17 years","Habersham","256","1","6"
"18-29 years","Habersham","701","0","10"
"30-39 years","Habersham","511","2","23"
"40-49 years","Habersham","545","2","33"
"50-59 years","Habersham","569","5","45"
"60-69 years","Habersham","448","12","94"
"70-79 years","Habersham","319","22","86"
"80 & Older years","Habersham","242","53","74"
"<1 years","Habersham","8","0","3"
"Unknown years","Habersham","247","0","2"
"01-04 years","Hall","142","0","5"
"05-09 years","Hall","278","0","3"
"10-17 years","Hall","1343","0","21"
"18-29 years","Hall","4194","3","129"
"30-39 years","Hall","2781","1","152"
"40-49 years","Hall","2962","7","220"
"50-59 years","Hall","3062","19","308"
"60-69 years","Hall","2016","50","316"
"70-79 years","Hall","1290","58","336"
"80 & Older years","Hall","734","104","290"
"<1 years","Hall","28","0","5"
"Unknown years","Hall","625","0","9"
"01-04 years","Hancock","4","0","0"
"05-09 years","Hancock","5","0","0"
"10-17 years","Hancock","26","0","0"
"18-29 years","Hancock","109","0","2"
"30-39 years","Hancock","100","0","2"
"40-49 years","Hancock","91","1","4"
"50-59 years","Hancock","114","3","13"
"60-69 years","Hancock","121","13","24"
"70-79 years","Hancock","64","12","18"
"80 & Older years","Hancock","56","18","19"
"<1 years","Hancock","3","0","0"
"01-04 years","Haralson","16","0","0"
"05-09 years","Haralson","26","0","0"
"10-17 years","Haralson","116","0","1"
"18-29 years","Haralson","284","0","2"
"30-39 years","Haralson","186","0","3"
"40-49 years","Haralson","183","1","5"
"50-59 years","Haralson","198","1","3"
"60-69 years","Haralson","160","10","18"
"70-79 years","Haralson","109","9","15"
"80 & Older years","Haralson","49","4","7"
"<1 years","Haralson","5","0","0"
"Unknown years","Haralson","4","0","0"
"01-04 years","Harris","20","0","0"
"05-09 years","Harris","25","0","0"
"10-17 years","Harris","139","0","2"
"18-29 years","Harris","244","0","2"
"30-39 years","Harris","174","0","5"
"40-49 years","Harris","265","2","8"
"50-59 years","Harris","264","5","20"
"60-69 years","Harris","238","10","39"
"70-79 years","Harris","124","9","29"
"80 & Older years","Harris","44","5","7"
"<1 years","Harris","5","0","0"
"Unknown years","Harris","5","0","0"
"01-04 years","Hart","10","0","0"
"05-09 years","Hart","21","0","1"
"10-17 years","Hart","74","0","0"
"18-29 years","Hart","236","0","2"
"30-39 years","Hart","192","0","7"
"40-49 years","Hart","183","0","8"
"50-59 years","Hart","221","1","15"
"60-69 years","Hart","179","9","27"
"70-79 years","Hart","104","5","18"
"80 & Older years","Hart","76","8","25"
"<1 years","Hart","3","0","1"
"Unknown years","Hart","36","0","0"
"01-04 years","Heard","8","0","0"
"05-09 years","Heard","11","0","0"
"10-17 years","Heard","47","0","1"
"18-29 years","Heard","83","0","1"
"30-39 years","Heard","42","0","1"
"40-49 years","Heard","81","0","3"
"50-59 years","Heard","75","0","5"
"60-69 years","Heard","56","3","6"
"70-79 years","Heard","41","5","11"
"80 & Older years","Heard","18","3","1"
"<1 years","Heard","3","0","0"
"Unknown years","Heard","1","0","0"
"01-04 years","Henry","126","0","4"
"05-09 years","Henry","234","0","1"
"10-17 years","Henry","894","0","5"
"18-29 years","Henry","2594","1","23"
"30-39 years","Henry","2104","4","35"
"40-49 years","Henry","2396","7","69"
"50-59 years","Henry","2265","13","92"
"60-69 years","Henry","1231","28","63"
"70-79 years","Henry","628","44","57"
"80 & Older years","Henry","327","52","42"
"<1 years","Henry","28","0","2"
"Unknown years","Henry","42","0","0"
"01-04 years","Houston","70","0","1"
"05-09 years","Houston","105","0","1"
"10-17 years","Houston","471","0","3"
"18-29 years","Houston","1598","3","28"
"30-39 years","Houston","1330","1","46"
"40-49 years","Houston","1268","4","72"
"50-59 years","Houston","1108","9","83"
"60-69 years","Houston","698","29","107"
"70-79 years","Houston","396","41","111"
"80 & Older years","Houston","205","33","66"
"<1 years","Houston","16","0","2"
"Unknown years","Houston","6","0","0"
"01-04 years","Irwin","6","0","0"
"05-09 years","Irwin","10","0","0"
"10-17 years","Irwin","50","0","0"
"18-29 years","Irwin","101","0","4"
"30-39 years","Irwin","82","0","4"
"40-49 years","Irwin","105","0","8"
"50-59 years","Irwin","89","2","8"
"60-69 years","Irwin","76","1","19"
"70-79 years","Irwin","42","3","5"
"80 & Older years","Irwin","32","6","15"
"01-04 years","Jackson","42","0","0"
"05-09 years","Jackson","105","0","1"
"10-17 years","Jackson","556","0","1"
"18-29 years","Jackson","1098","1","16"
"30-39 years","Jackson","916","1","16"
"40-49 years","Jackson","1003","4","46"
"50-59 years","Jackson","951","4","52"
"60-69 years","Jackson","614","8","53"
"70-79 years","Jackson","433","17","77"
"80 & Older years","Jackson","240","32","75"
"<1 years","Jackson","12","0","2"
"Unknown years","Jackson","35","0","1"
"01-04 years","Jasper","3","0","1"
"05-09 years","Jasper","6","0","0"
"10-17 years","Jasper","22","0","0"
"18-29 years","Jasper","90","0","2"
"30-39 years","Jasper","72","0","0"
"40-49 years","Jasper","72","0","1"
"50-59 years","Jasper","100","0","8"
"60-69 years","Jasper","65","4","9"
"70-79 years","Jasper","36","2","8"
"80 & Older years","Jasper","10","0","1"
"<1 years","Jasper","2","0","0"
"01-04 years","Jeff Davis","24","0","1"
"05-09 years","Jeff Davis","23","0","0"
"10-17 years","Jeff Davis","93","0","2"
"18-29 years","Jeff Davis","206","0","3"
"30-39 years","Jeff Davis","178","0","8"
"40-49 years","Jeff Davis","173","0","11"
"50-59 years","Jeff Davis","157","6","16"
"60-69 years","Jeff Davis","111","6","21"
"70-79 years","Jeff Davis","70","12","16"
"80 & Older years","Jeff Davis","16","8","6"
"<1 years","Jeff Davis","2","0","1"
"Unknown years","Jeff Davis","2","0","0"
"01-04 years","Jefferson","17","0","0"
"05-09 years","Jefferson","30","0","0"
"10-17 years","Jefferson","74","0","0"
"18-29 years","Jefferson","202","0","3"
"30-39 years","Jefferson","156","0","7"
"40-49 years","Jefferson","169","3","11"
"50-59 years","Jefferson","227","2","20"
"60-69 years","Jefferson","195","7","26"
"70-79 years","Jefferson","124","12","31"
"80 & Older years","Jefferson","59","15","24"
"<1 years","Jefferson","4","0","0"
"Unknown years","Jefferson","8","0","0"
"01-04 years","Jenkins","8","0","0"
"05-09 years","Jenkins","15","0","0"
"10-17 years","Jenkins","43","0","0"
"18-29 years","Jenkins","93","0","2"
"30-39 years","Jenkins","65","1","4"
"40-49 years","Jenkins","87","2","10"
"50-59 years","Jenkins","94","6","16"
"60-69 years","Jenkins","72","5","11"
"70-79 years","Jenkins","50","12","21"
"80 & Older years","Jenkins","46","8","10"
"<1 years","Jenkins","2","0","0"
"Unknown years","Jenkins","3","0","1"
"01-04 years","Johnson","6","0","0"
"05-09 years","Johnson","6","0","0"
"10-17 years","Johnson","22","0","0"
"18-29 years","Johnson","92","0","2"
"30-39 years","Johnson","74","0","3"
"40-49 years","Johnson","73","1","6"
"50-59 years","Johnson","103","1","15"
"60-69 years","Johnson","108","7","16"
"70-79 years","Johnson","72","6","18"
"80 & Older years","Johnson","64","16","19"
"<1 years","Johnson","1","0","1"
"Unknown years","Johnson","4","0","0"
"01-04 years","Jones","4","0","0"
"05-09 years","Jones","16","0","0"
"10-17 years","Jones","58","0","0"
"18-29 years","Jones","276","0","5"
"30-39 years","Jones","192","0","4"
"40-49 years","Jones","165","1","7"
"50-59 years","Jones","201","1","15"
"60-69 years","Jones","132","1","15"
"70-79 years","Jones","83","7","23"
"80 & Older years","Jones","56","13","11"
"<1 years","Jones","3","0","0"
"Unknown years","Jones","2","0","0"
"01-04 years","Lamar","17","0","0"
"05-09 years","Lamar","31","0","0"
"10-17 years","Lamar","81","0","1"
"18-29 years","Lamar","150","0","1"
"30-39 years","Lamar","129","0","2"
"40-49 years","Lamar","123","1","3"
"50-59 years","Lamar","140","2","17"
"60-69 years","Lamar","128","4","15"
"70-79 years","Lamar","91","6","14"
"80 & Older years","Lamar","51","15","13"
"<1 years","Lamar","10","0","0"
"Unknown years","Lamar","12","0","0"
"01-04 years","Lanier","6","0","0"
"05-09 years","Lanier","9","0","1"
"10-17 years","Lanier","28","0","1"
"18-29 years","Lanier","93","1","1"
"30-39 years","Lanier","103","0","1"
"40-49 years","Lanier","59","1","1"
"50-59 years","Lanier","56","0","4"
"60-69 years","Lanier","32","1","2"
"70-79 years","Lanier","21","4","5"
"80 & Older years","Lanier","11","0","5"
"<1 years","Lanier","4","0","0"
"Unknown years","Lanier","1","0","0"
"01-04 years","Laurens","20","0","0"
"05-09 years","Laurens","33","0","1"
"10-17 years","Laurens","200","0","2"
"18-29 years","Laurens","517","0","8"
"30-39 years","Laurens","438","1","14"
"40-49 years","Laurens","447","3","23"
"50-59 years","Laurens","484","7","47"
"60-69 years","Laurens","394","25","66"
"70-79 years","Laurens","277","37","62"
"80 & Older years","Laurens","187","42","49"
"<1 years","Laurens","2","0","0"
"Unknown years","Laurens","24","0","0"
"01-04 years","Lee","10","0","0"
"05-09 years","Lee","18","0","2"
"10-17 years","Lee","91","0","1"
"18-29 years","Lee","211","1","9"
"30-39 years","Lee","225","1","15"
"40-49 years","Lee","233","3","22"
"50-59 years","Lee","204","6","27"
"60-69 years","Lee","142","8","19"
"70-79 years","Lee","67","10","22"
"80 & Older years","Lee","34","5","10"
"<1 years","Lee","5","0","0"
"01-04 years","Liberty","21","0","0"
"05-09 years","Liberty","37","0","1"
"10-17 years","Liberty","135","0","1"
"18-29 years","Liberty","496","1","11"
"30-39 years","Liberty","329","0","12"
"40-49 years","Liberty","301","0","14"
"50-59 years","Liberty","265","4","30"
"60-69 years","Liberty","198","9","36"
"70-79 years","Liberty","91","9","29"
"80 & Older years","Liberty","54","7","22"
"<1 years","Liberty","17","0","1"
"Unknown years","Liberty","4","0","0"
"01-04 years","Lincoln","6","0","0"
"05-09 years","Lincoln","8","0","0"
"10-17 years","Lincoln","20","0","0"
"18-29 years","Lincoln","68","0","2"
"30-39 years","Lincoln","44","0","1"
"40-49 years","Lincoln","61","0","5"
"50-59 years","Lincoln","50","1","4"
"60-69 years","Lincoln","52","4","12"
"70-79 years","Lincoln","36","1","9"
"80 & Older years","Lincoln","18","5","8"
"<1 years","Lincoln","2","0","0"
"01-04 years","Long","10","0","0"
"05-09 years","Long","6","0","0"
"10-17 years","Long","33","0","0"
"18-29 years","Long","87","0","0"
"30-39 years","Long","104","0","0"
"40-49 years","Long","70","0","5"
"50-59 years","Long","63","1","7"
"60-69 years","Long","57","1","4"
"70-79 years","Long","34","3","12"
"80 & Older years","Long","15","0","4"
"<1 years","Long","3","0","0"
"Unknown years","Long","5","0","0"
"01-04 years","Lowndes","112","0","0"
"05-09 years","Lowndes","145","0","0"
"10-17 years","Lowndes","517","0","5"
"18-29 years","Lowndes","1961","3","25"
"30-39 years","Lowndes","1024","0","15"
"40-49 years","Lowndes","881","2","35"
"50-59 years","Lowndes","755","7","47"
"60-69 years","Lowndes","527","21","58"
"70-79 years","Lowndes","279","31","45"
"80 & Older years","Lowndes","175","38","46"
"<1 years","Lowndes","22","0","0"
"Unknown years","Lowndes","24","0","0"
"01-04 years","Lumpkin","11","0","0"
"05-09 years","Lumpkin","26","0","1"
"10-17 years","Lumpkin","106","0","2"
"18-29 years","Lumpkin","537","0","8"
"30-39 years","Lumpkin","243","0","6"
"40-49 years","Lumpkin","260","0","15"
"50-59 years","Lumpkin","304","2","34"
"60-69 years","Lumpkin","301","6","41"
"70-79 years","Lumpkin","194","5","44"
"80 & Older years","Lumpkin","94","10","48"
"<1 years","Lumpkin","7","0","1"
"Unknown years","Lumpkin","40","0","1"
"01-04 years","Macon","7","0","0"
"05-09 years","Macon","9","0","0"
"10-17 years","Macon","17","0","0"
"18-29 years","Macon","71","0","3"
"30-39 years","Macon","55","0","3"
"40-49 years","Macon","73","1","6"
"50-59 years","Macon","87","3","10"
"60-69 years","Macon","57","5","19"
"70-79 years","Macon","43","2","13"
"80 & Older years","Macon","13","4","6"
"<1 years","Macon","1","0","0"
"Unknown years","Macon","4","0","0"
"01-04 years","Madison","32","0","0"
"05-09 years","Madison","34","0","0"
"10-17 years","Madison","156","0","0"
"18-29 years","Madison","346","0","2"
"30-39 years","Madison","298","0","5"
"40-49 years","Madison","298","0","13"
"50-59 years","Madison","328","2","20"
"60-69 years","Madison","221","5","27"
"70-79 years","Madison","119","8","28"
"80 & Older years","Madison","53","4","5"
"<1 years","Madison","17","0","3"
"Unknown years","Madison","12","0","0"
"01-04 years","Marion","4","0","0"
"05-09 years","Marion","4","0","0"
"10-17 years","Marion","30","0","0"
"18-29 years","Marion","49","0","0"
"30-39 years","Marion","29","0","2"
"40-49 years","Marion","47","1","5"
"50-59 years","Marion","42","3","5"
"60-69 years","Marion","32","3","3"
"70-79 years","Marion","24","1","5"
"80 & Older years","Marion","23","2","7"
"<1 years","Marion","2","0","0"
"Unknown years","Marion","2","0","0"
"01-04 years","McDuffie","17","0","0"
"05-09 years","McDuffie","18","0","0"
"10-17 years","McDuffie","76","0","0"
"18-29 years","McDuffie","219","0","3"
"30-39 years","McDuffie","176","2","4"
"40-49 years","McDuffie","176","2","12"
"50-59 years","McDuffie","179","2","21"
"60-69 years","McDuffie","146","6","23"
"70-79 years","McDuffie","87","7","34"
"80 & Older years","McDuffie","32","6","17"
"Unknown years","McDuffie","15","0","1"
"01-04 years","McIntosh","1","0","0"
"05-09 years","McIntosh","6","0","0"
"10-17 years","McIntosh","27","0","0"
"18-29 years","McIntosh","82","0","2"
"30-39 years","McIntosh","66","0","3"
"40-49 years","McIntosh","72","0","4"
"50-59 years","McIntosh","92","0","2"
"60-69 years","McIntosh","66","2","15"
"70-79 years","McIntosh","50","3","13"
"80 & Older years","McIntosh","17","3","6"
"<1 years","McIntosh","1","0","0"
"Unknown years","McIntosh","9","0","0"
"01-04 years","Meriwether","17","0","1"
"05-09 years","Meriwether","18","0","1"
"10-17 years","Meriwether","58","0","0"
"18-29 years","Meriwether","154","0","5"
"30-39 years","Meriwether","133","2","11"
"40-49 years","Meriwether","173","1","13"
"50-59 years","Meriwether","161","1","13"
"60-69 years","Meriwether","142","3","19"
"70-79 years","Meriwether","101","6","23"
"80 & Older years","Meriwether","51","7","11"
"<1 years","Meriwether","3","0","0"
"Unknown years","Meriwether","4","0","0"
"01-04 years","Miller","6","0","0"
"05-09 years","Miller","4","0","0"
"10-17 years","Miller","50","0","1"
"18-29 years","Miller","89","0","0"
"30-39 years","Miller","80","0","0"
"40-49 years","Miller","63","0","4"
"50-59 years","Miller","99","0","10"
"60-69 years","Miller","64","2","4"
"70-79 years","Miller","25","0","2"
"80 & Older years","Miller","18","0","5"
"<1 years","Miller","3","0","0"
"01-04 years","Mitchell","13","0","0"
"05-09 years","Mitchell","20","0","0"
"10-17 years","Mitchell","70","0","1"
"18-29 years","Mitchell","196","0","7"
"30-39 years","Mitchell","173","1","14"
"40-49 years","Mitchell","174","2","17"
"50-59 years","Mitchell","213","8","46"
"60-69 years","Mitchell","177","12","43"
"70-79 years","Mitchell","112","9","34"
"80 & Older years","Mitchell","92","19","26"
"<1 years","Mitchell","5","0","0"
"Unknown years","Mitchell","2","0","1"
"01-04 years","Monroe","6","0","0"
"05-09 years","Monroe","16","0","1"
"10-17 years","Monroe","64","0","0"
"18-29 years","Monroe","225","0","3"
"30-39 years","Monroe","185","0","5"
"40-49 years","Monroe","218","1","17"
"50-59 years","Monroe","237","3","17"
"60-69 years","Monroe","226","9","36"
"70-79 years","Monroe","125","16","29"
"80 & Older years","Monroe","100","32","23"
"<1 years","Monroe","3","0","1"
"01-04 years","Montgomery","9","0","0"
"05-09 years","Montgomery","5","0","0"
"10-17 years","Montgomery","35","0","1"
"18-29 years","Montgomery","135","0","1"
"30-39 years","Montgomery","83","1","3"
"40-49 years","Montgomery","105","0","2"
"50-59 years","Montgomery","89","1","5"
"60-69 years","Montgomery","80","4","11"
"70-79 years","Montgomery","44","2","5"
"80 & Older years","Montgomery","20","2","4"
"<1 years","Montgomery","1","0","0"
"Unknown years","Montgomery","2","0","0"
"01-04 years","Morgan","15","0","0"
"05-09 years","Morgan","16","0","0"
"10-17 years","Morgan","67","0","0"
"18-29 years","Morgan","177","0","4"
"30-39 years","Morgan","126","0","6"
"40-49 years","Morgan","129","0","4"
"50-59 years","Morgan","145","0","10"
"60-69 years","Morgan","104","1","7"
"70-79 years","Morgan","62","2","11"
"80 & Older years","Morgan","41","5","14"
"<1 years","Morgan","9","0","1"
"Unknown years","Morgan","2","0","0"
"01-04 years","Murray","39","0","2"
"05-09 years","Murray","62","0","2"
"10-17 years","Murray","270","0","1"
"18-29 years","Murray","622","0","5"
"30-39 years","Murray","411","1","4"
"40-49 years","Murray","512","0","18"
"50-59 years","Murray","457","5","34"
"60-69 years","Murray","318","4","46"
"70-79 years","Murray","192","17","39"
"80 & Older years","Murray","90","15","18"
"<1 years","Murray","16","0","2"
"Unknown years","Murray","5","0","0"
"01-04 years","Muscogee","160","0","5"
"05-09 years","Muscogee","224","0","0"
"10-17 years","Muscogee","603","0","3"
"18-29 years","Muscogee","2477","3","49"
"30-39 years","Muscogee","1625","2","67"
"40-49 years","Muscogee","1415","4","77"
"50-59 years","Muscogee","1452","27","160"
"60-69 years","Muscogee","1090","48","198"
"70-79 years","Muscogee","599","57","141"
"80 & Older years","Muscogee","350","64","115"
"<1 years","Muscogee","56","0","3"
"Unknown years","Muscogee","86","0","1"
"01-04 years","Newton","61","0","2"
"05-09 years","Newton","83","0","0"
"10-17 years","Newton","320","0","4"
"18-29 years","Newton","989","1","24"
"30-39 years","Newton","842","0","42"
"40-49 years","Newton","962","2","71"
"50-59 years","Newton","902","10","92"
"60-69 years","Newton","509","20","76"
"70-79 years","Newton","347","33","62"
"80 & Older years","Newton","228","59","56"
"<1 years","Newton","18","0","1"
"Unknown years","Newton","13","0","0"
"01-04 years","Non-GA Resident/Unknown State","258","0","2"
"05-09 years","Non-GA Resident/Unknown State","429","0","4"
"10-17 years","Non-GA Resident/Unknown State","1453","0","7"
"18-29 years","Non-GA Resident/Unknown State","5761","4","60"
"30-39 years","Non-GA Resident/Unknown State","3990","3","73"
"40-49 years","Non-GA Resident/Unknown State","3542","8","83"
"50-59 years","Non-GA Resident/Unknown State","3327","26","156"
"60-69 years","Non-GA Resident/Unknown State","2277","66","210"
"70-79 years","Non-GA Resident/Unknown State","1426","73","209"
"80 & Older years","Non-GA Resident/Unknown State","845","87","160"
"<1 years","Non-GA Resident/Unknown State","130","0","2"
"Unknown years","Non-GA Resident/Unknown State","882","0","3"
"01-04 years","Oconee","25","0","0"
"05-09 years","Oconee","39","0","0"
"10-17 years","Oconee","191","0","0"
"18-29 years","Oconee","426","0","3"
"30-39 years","Oconee","255","0","3"
"40-49 years","Oconee","382","0","10"
"50-59 years","Oconee","312","3","7"
"60-69 years","Oconee","217","9","23"
"70-79 years","Oconee","140","11","21"
"80 & Older years","Oconee","92","17","30"
"<1 years","Oconee","5","0","0"
"Unknown years","Oconee","4","1","0"
"01-04 years","Oglethorpe","13","0","0"
"05-09 years","Oglethorpe","21","0","0"
"10-17 years","Oglethorpe","71","0","0"
"18-29 years","Oglethorpe","156","0","1"
"30-39 years","Oglethorpe","107","1","1"
"40-49 years","Oglethorpe","141","0","5"
"50-59 years","Oglethorpe","129","1","15"
"60-69 years","Oglethorpe","111","0","12"
"70-79 years","Oglethorpe","78","3","10"
"80 & Older years","Oglethorpe","53","10","12"
"<1 years","Oglethorpe","6","0","0"
"Unknown years","Oglethorpe","6","0","0"
"01-04 years","Paulding","81","0","1"
"05-09 years","Paulding","170","0","0"
"10-17 years","Paulding","656","0","6"
"18-29 years","Paulding","1366","0","16"
"30-39 years","Paulding","1101","2","20"
"40-49 years","Paulding","1230","3","21"
"50-59 years","Paulding","1187","11","41"
"60-69 years","Paulding","623","19","44"
"70-79 years","Paulding","355","29","50"
"80 & Older years","Paulding","239","46","36"
"<1 years","Paulding","21","0","0"
"Unknown years","Paulding","32","0","0"
"01-04 years","Peach","10","0","1"
"05-09 years","Peach","15","0","0"
"10-17 years","Peach","46","0","1"
"18-29 years","Peach","303","1","7"
"30-39 years","Peach","234","0","13"
"40-49 years","Peach","193","2","13"
"50-59 years","Peach","230","4","33"
"60-69 years","Peach","194","7","36"
"70-79 years","Peach","87","7","23"
"80 & Older years","Peach","47","11","19"
"<1 years","Peach","4","0","0"
"Unknown years","Peach","1","0","0"
"01-04 years","Pickens","17","0","1"
"05-09 years","Pickens","26","0","0"
"10-17 years","Pickens","108","0","0"
"18-29 years","Pickens","274","0","5"
"30-39 years","Pickens","235","0","9"
"40-49 years","Pickens","286","0","12"
"50-59 years","Pickens","310","0","19"
"60-69 years","Pickens","244","0","26"
"70-79 years","Pickens","182","9","31"
"80 & Older years","Pickens","76","9","19"
"<1 years","Pickens","2","0","0"
"Unknown years","Pickens","7","0","0"
"01-04 years","Pierce","8","0","0"
"05-09 years","Pierce","18","0","0"
"10-17 years","Pierce","69","1","1"
"18-29 years","Pierce","189","0","5"
"30-39 years","Pierce","119","0","3"
"40-49 years","Pierce","162","0","12"
"50-59 years","Pierce","149","3","18"
"60-69 years","Pierce","123","8","31"
"70-79 years","Pierce","90","7","25"
"80 & Older years","Pierce","46","8","13"
"<1 years","Pierce","6","0","1"
"Unknown years","Pierce","4","0","0"
"01-04 years","Pike","18","0","0"
"05-09 years","Pike","15","0","0"
"10-17 years","Pike","73","0","0"
"18-29 years","Pike","111","0","4"
"30-39 years","Pike","102","0","2"
"40-49 years","Pike","143","1","8"
"50-59 years","Pike","113","2","7"
"60-69 years","Pike","81","2","16"
"70-79 years","Pike","66","6","13"
"80 & Older years","Pike","22","4","6"
"<1 years","Pike","1","0","0"
"Unknown years","Pike","4","0","0"
"01-04 years","Polk","34","0","1"
"05-09 years","Polk","52","0","0"
"10-17 years","Polk","238","0","1"
"18-29 years","Polk","613","0","9"
"30-39 years","Polk","432","0","9"
"40-49 years","Polk","456","1","32"
"50-59 years","Polk","459","6","54"
"60-69 years","Polk","282","10","50"
"70-79 years","Polk","240","16","61"
"80 & Older years","Polk","112","13","38"
"<1 years","Polk","12","0","0"
"Unknown years","Polk","25","0","0"
"01-04 years","Pulaski","2","0","0"
"05-09 years","Pulaski","6","0","0"
"10-17 years","Pulaski","30","0","1"
"18-29 years","Pulaski","56","0","1"
"30-39 years","Pulaski","69","0","2"
"40-49 years","Pulaski","72","0","6"
"50-59 years","Pulaski","88","0","6"
"60-69 years","Pulaski","75","5","8"
"70-79 years","Pulaski","46","11","15"
"80 & Older years","Pulaski","35","9","4"
"<1 years","Pulaski","1","0","0"
"Unknown years","Pulaski","2","0","0"
"01-04 years","Putnam","15","0","0"
"05-09 years","Putnam","37","0","0"
"10-17 years","Putnam","78","0","2"
"18-29 years","Putnam","220","0","2"
"30-39 years","Putnam","167","0","5"
"40-49 years","Putnam","178","1","5"
"50-59 years","Putnam","209","2","11"
"60-69 years","Putnam","194","8","22"
"70-79 years","Putnam","143","10","30"
"80 & Older years","Putnam","68","13","22"
"<1 years","Putnam","6","0","1"
"Unknown years","Putnam","1","0","0"
"01-04 years","Quitman","1","0","0"
"05-09 years","Quitman","3","0","0"
"10-17 years","Quitman","3","0","0"
"18-29 years","Quitman","10","0","0"
"30-39 years","Quitman","4","0","1"
"40-49 years","Quitman","3","0","1"
"50-59 years","Quitman","9","0","0"
"60-69 years","Quitman","18","1","3"
"70-79 years","Quitman","2","0","1"
"80 & Older years","Quitman","2","0","1"
"<1 years","Quitman","1","0","0"
"Unknown years","Quitman","1","0","0"
"01-04 years","Rabun","10","0","0"
"05-09 years","Rabun","16","0","0"
"10-17 years","Rabun","74","0","0"
"18-29 years","Rabun","173","0","5"
"30-39 years","Rabun","148","1","7"
"40-49 years","Rabun","151","0","6"
"50-59 years","Rabun","181","2","20"
"60-69 years","Rabun","175","4","28"
"70-79 years","Rabun","131","9","28"
"80 & Older years","Rabun","58","7","22"
"<1 years","Rabun","5","0","1"
"Unknown years","Rabun","59","0","2"
"05-09 years","Randolph","2","0","0"
"10-17 years","Randolph","4","0","0"
"18-29 years","Randolph","46","0","0"
"30-39 years","Randolph","55","2","4"
"40-49 years","Randolph","44","0","4"
"50-59 years","Randolph","77","3","17"
"60-69 years","Randolph","57","7","14"
"70-79 years","Randolph","37","3","11"
"80 & Older years","Randolph","47","15","16"
"<1 years","Randolph","1","0","0"
"Unknown years","Randolph","5","0","0"
"01-04 years","Richmond","187","0","0"
"05-09 years","Richmond","356","0","3"
"10-17 years","Richmond","1008","0","8"
"18-29 years","Richmond","3354","4","46"
"30-39 years","Richmond","2518","3","60"
"40-49 years","Richmond","1999","17","88"
"50-59 years","Richmond","2054","21","150"
"60-69 years","Richmond","1445","40","178"
"70-79 years","Richmond","810","56","206"
"80 & Older years","Richmond","510","96","210"
"<1 years","Richmond","63","0","2"
"Unknown years","Richmond","23","0","0"
"01-04 years","Rockdale","40","0","0"
"05-09 years","Rockdale","80","0","0"
"10-17 years","Rockdale","243","0","8"
"18-29 years","Rockdale","836","2","44"
"30-39 years","Rockdale","663","3","62"
"40-49 years","Rockdale","741","6","78"
"50-59 years","Rockdale","729","5","102"
"60-69 years","Rockdale","461","15","95"
"70-79 years","Rockdale","267","20","89"
"80 & Older years","Rockdale","141","21","43"
"<1 years","Rockdale","5","0","0"
"Unknown years","Rockdale","4","0","0"
"01-04 years","Schley","4","0","0"
"05-09 years","Schley","3","0","0"
"10-17 years","Schley","12","0","0"
"18-29 years","Schley","41","0","2"
"30-39 years","Schley","15","0","0"
"40-49 years","Schley","25","0","2"
"50-59 years","Schley","27","0","3"
"60-69 years","Schley","24","1","8"
"70-79 years","Schley","8","0","2"
"80 & Older years","Schley","4","1","1"
"<1 years","Schley","1","0","0"
"01-04 years","Screven","4","0","0"
"05-09 years","Screven","11","0","0"
"10-17 years","Screven","45","0","0"
"18-29 years","Screven","99","0","3"
"30-39 years","Screven","89","0","2"
"40-49 years","Screven","75","1","4"
"50-59 years","Screven","80","0","10"
"60-69 years","Screven","99","1","13"
"70-79 years","Screven","55","3","11"
"80 & Older years","Screven","33","6","8"
"<1 years","Screven","3","0","0"
"Unknown years","Screven","10","0","0"
"01-04 years","Seminole","12","0","0"
"05-09 years","Seminole","11","0","0"
"10-17 years","Seminole","54","0","0"
"18-29 years","Seminole","90","0","0"
"30-39 years","Seminole","72","0","0"
"40-49 years","Seminole","79","0","5"
"50-59 years","Seminole","99","1","6"
"60-69 years","Seminole","106","1","16"
"70-79 years","Seminole","59","5","11"
"80 & Older years","Seminole","24","5","10"
"<1 years","Seminole","3","0","0"
"01-04 years","Spalding","41","0","2"
"05-09 years","Spalding","40","0","1"
"10-17 years","Spalding","138","0","2"
"18-29 years","Spalding","483","1","22"
"30-39 years","Spalding","430","2","28"
"40-49 years","Spalding","442","2","31"
"50-59 years","Spalding","463","8","57"
"60-69 years","Spalding","364","17","65"
"70-79 years","Spalding","260","27","53"
"80 & Older years","Spalding","178","34","53"
"<1 years","Spalding","5","0","0"
"Unknown years","Spalding","5","0","0"
"01-04 years","Stephens","14","0","0"
"05-09 years","Stephens","37","0","0"
"10-17 years","Stephens","133","0","1"
"18-29 years","Stephens","422","0","11"
"30-39 years","Stephens","268","0","7"
"40-49 years","Stephens","343","1","20"
"50-59 years","Stephens","362","3","31"
"60-69 years","Stephens","369","13","53"
"70-79 years","Stephens","251","16","48"
"80 & Older years","Stephens","140","19","30"
"<1 years","Stephens","4","0","0"
"Unknown years","Stephens","37","0","0"
"01-04 years","Stewart","2","0","0"
"05-09 years","Stewart","2","0","0"
"10-17 years","Stewart","10","0","0"
"18-29 years","Stewart","131","0","20"
"30-39 years","Stewart","171","1","25"
"40-49 years","Stewart","124","1","22"
"50-59 years","Stewart","69","1","11"
"60-69 years","Stewart","61","8","23"
"70-79 years","Stewart","21","2","3"
"80 & Older years","Stewart","19","4","6"
"<1 years","Stewart","1","0","0"
"Unknown years","Stewart","14","0","4"
"01-04 years","Sumter","14","0","0"
"05-09 years","Sumter","21","0","0"
"10-17 years","Sumter","52","0","2"
"18-29 years","Sumter","257","1","8"
"30-39 years","Sumter","218","1","20"
"40-49 years","Sumter","203","4","18"
"50-59 years","Sumter","238","2","37"
"60-69 years","Sumter","211","20","59"
"70-79 years","Sumter","146","21","42"
"80 & Older years","Sumter","90","24","42"
"<1 years","Sumter","5","0","0"
"Unknown years","Sumter","6","0","0"
"01-04 years","Talbot","6","0","0"
"05-09 years","Talbot","1","0","0"
"10-17 years","Talbot","23","0","0"
"18-29 years","Talbot","37","0","1"
"30-39 years","Talbot","27","0","1"
"40-49 years","Talbot","51","1","4"
"50-59 years","Talbot","47","3","5"
"60-69 years","Talbot","47","2","9"
"70-79 years","Talbot","30","2","4"
"80 & Older years","Talbot","16","2","8"
"Unknown years","Talbot","5","0","0"
"01-04 years","Taliaferro","1","0","0"
"05-09 years","Taliaferro","1","0","0"
"10-17 years","Taliaferro","6","0","0"
"18-29 years","Taliaferro","6","0","0"
"30-39 years","Taliaferro","12","0","0"
"40-49 years","Taliaferro","16","0","1"
"50-59 years","Taliaferro","8","0","0"
"60-69 years","Taliaferro","11","0","2"
"70-79 years","Taliaferro","6","0","1"
"80 & Older years","Taliaferro","2","0","1"
"01-04 years","Tattnall","22","0","0"
"05-09 years","Tattnall","30","0","0"
"10-17 years","Tattnall","119","0","0"
"18-29 years","Tattnall","266","0","1"
"30-39 years","Tattnall","223","0","3"
"40-49 years","Tattnall","223","0","6"
"50-59 years","Tattnall","225","3","18"
"60-69 years","Tattnall","194","7","26"
"70-79 years","Tattnall","87","10","30"
"80 & Older years","Tattnall","35","4","8"
"<1 years","Tattnall","4","0","0"
"Unknown years","Tattnall","11","0","1"
"01-04 years","Taylor","11","0","1"
"05-09 years","Taylor","9","0","0"
"10-17 years","Taylor","45","0","1"
"18-29 years","Taylor","63","0","1"
"30-39 years","Taylor","33","0","3"
"40-49 years","Taylor","73","1","7"
"50-59 years","Taylor","51","0","11"
"60-69 years","Taylor","47","5","12"
"70-79 years","Taylor","29","2","8"
"80 & Older years","Taylor","24","6","9"
"<1 years","Taylor","4","0","0"
"Unknown years","Taylor","1","0","0"
"01-04 years","Telfair","7","0","0"
"05-09 years","Telfair","10","0","0"
"10-17 years","Telfair","17","0","0"
"18-29 years","Telfair","124","0","3"
"30-39 years","Telfair","85","1","1"
"40-49 years","Telfair","85","0","5"
"50-59 years","Telfair","84","4","9"
"60-69 years","Telfair","92","6","16"
"70-79 years","Telfair","65","9","17"
"80 & Older years","Telfair","38","13","8"
"<1 years","Telfair","4","0","0"
"Unknown years","Telfair","5","0","0"
"01-04 years","Terrell","4","0","0"
"05-09 years","Terrell","5","0","0"
"10-17 years","Terrell","35","0","0"
"18-29 years","Terrell","56","0","1"
"30-39 years","Terrell","69","0","8"
"40-49 years","Terrell","52","0","7"
"50-59 years","Terrell","77","3","12"
"60-69 years","Terrell","84","10","30"
"70-79 years","Terrell","51","12","22"
"80 & Older years","Terrell","34","9","11"
"01-04 years","Thomas","43","0","0"
"05-09 years","Thomas","64","0","0"
"10-17 years","Thomas","201","0","1"
"18-29 years","Thomas","469","2","16"
"30-39 years","Thomas","387","1","13"
"40-49 years","Thomas","417","4","23"
"50-59 years","Thomas","433","5","30"
"60-69 years","Thomas","339","10","67"
"70-79 years","Thomas","215","26","51"
"80 & Older years","Thomas","126","35","38"
"<1 years","Thomas","11","0","1"
"Unknown years","Thomas","23","0","0"
"01-04 years","Tift","28","0","1"
"05-09 years","Tift","56","0","3"
"10-17 years","Tift","211","0","6"
"18-29 years","Tift","718","0","16"
"30-39 years","Tift","494","1","24"
"40-49 years","Tift","477","6","51"
"50-59 years","Tift","419","9","61"
"60-69 years","Tift","306","14","61"
"70-79 years","Tift","217","22","74"
"80 & Older years","Tift","114","21","49"
"<1 years","Tift","11","0","0"
"Unknown years","Tift","3","0","0"
"01-04 years","Toombs","25","0","0"
"05-09 years","Toombs","44","0","0"
"10-17 years","Toombs","172","0","1"
"18-29 years","Toombs","440","0","5"
"30-39 years","Toombs","358","0","3"
"40-49 years","Toombs","360","1","19"
"50-59 years","Toombs","349","6","19"
"60-69 years","Toombs","306","5","38"
"70-79 years","Toombs","219","23","34"
"80 & Older years","Toombs","122","28","25"
"<1 years","Toombs","3","0","0"
"Unknown years","Toombs","14","0","0"
"01-04 years","Towns","2","0","0"
"05-09 years","Towns","6","0","0"
"10-17 years","Towns","31","0","0"
"18-29 years","Towns","102","0","4"
"30-39 years","Towns","70","0","2"
"40-49 years","Towns","88","1","5"
"50-59 years","Towns","123","2","11"
"60-69 years","Towns","160","1","15"
"70-79 years","Towns","128","6","25"
"80 & Older years","Towns","79","16","31"
"Unknown years","Towns","20","0","0"
"01-04 years","Treutlen","4","0","0"
"05-09 years","Treutlen","9","0","0"
"10-17 years","Treutlen","38","0","0"
"18-29 years","Treutlen","71","0","2"
"30-39 years","Treutlen","70","0","4"
"40-49 years","Treutlen","81","0","5"
"50-59 years","Treutlen","72","1","5"
"60-69 years","Treutlen","52","3","10"
"70-79 years","Treutlen","44","7","8"
"80 & Older years","Treutlen","25","3","7"
"Unknown years","Treutlen","4","0","0"
"01-04 years","Troup","106","0","0"
"05-09 years","Troup","131","0","0"
"10-17 years","Troup","375","0","2"
"18-29 years","Troup","936","1","26"
"30-39 years","Troup","692","6","38"
"40-49 years","Troup","623","2","44"
"50-59 years","Troup","632","12","88"
"60-69 years","Troup","472","17","80"
"70-79 years","Troup","246","31","75"
"80 & Older years","Troup","202","56","53"
"<1 years","Troup","30","0","1"
"Unknown years","Troup","20","0","0"
"01-04 years","Turner","1","0","0"
"05-09 years","Turner","5","0","0"
"10-17 years","Turner","18","0","0"
"18-29 years","Turner","72","0","2"
"30-39 years","Turner","92","0","9"
"40-49 years","Turner","89","0","4"
"50-59 years","Turner","85","2","10"
"60-69 years","Turner","71","7","20"
"70-79 years","Turner","47","5","11"
"80 & Older years","Turner","31","11","10"
"<1 years","Turner","1","0","1"
"Unknown years","Turner","1","0","0"
"01-04 years","Twiggs","7","0","0"
"05-09 years","Twiggs","6","0","1"
"10-17 years","Twiggs","20","0","0"
"18-29 years","Twiggs","56","0","1"
"30-39 years","Twiggs","53","1","4"
"40-49 years","Twiggs","53","1","6"
"50-59 years","Twiggs","80","2","10"
"60-69 years","Twiggs","81","3","23"
"70-79 years","Twiggs","43","4","19"
"80 & Older years","Twiggs","19","5","9"
"01-04 years","Union","7","0","0"
"05-09 years","Union","14","0","0"
"10-17 years","Union","52","0","1"
"18-29 years","Union","195","1","1"
"30-39 years","Union","156","0","2"
"40-49 years","Union","177","0","11"
"50-59 years","Union","236","4","11"
"60-69 years","Union","282","4","33"
"70-79 years","Union","250","15","43"
"80 & Older years","Union","170","21","48"
"<1 years","Union","1","0","0"
"Unknown years","Union","24","0","0"
"01-04 years","Unknown","48","0","0"
"05-09 years","Unknown","81","0","0"
"10-17 years","Unknown","260","0","0"
"18-29 years","Unknown","938","1","5"
"30-39 years","Unknown","516","2","4"
"40-49 years","Unknown","498","1","2"
"50-59 years","Unknown","414","2","7"
"60-69 years","Unknown","261","0","7"
"70-79 years","Unknown","167","2","18"
"80 & Older years","Unknown","99","0","9"
"<1 years","Unknown","24","0","0"
"Unknown years","Unknown","274","0","3"
"01-04 years","Upson","24","0","0"
"05-09 years","Upson","36","0","0"
"10-17 years","Upson","92","0","1"
"18-29 years","Upson","241","0","5"
"30-39 years","Upson","156","1","7"
"40-49 years","Upson","190","1","9"
"50-59 years","Upson","218","5","18"
"60-69 years","Upson","187","15","25"
"70-79 years","Upson","135","25","34"
"80 & Older years","Upson","92","26","29"
"<1 years","Upson","11","0","0"
"Unknown years","Upson","15","0","0"
"01-04 years","Walker","55","0","0"
"05-09 years","Walker","82","0","0"
"10-17 years","Walker","353","0","3"
"18-29 years","Walker","762","0","9"
"30-39 years","Walker","586","0","11"
"40-49 years","Walker","678","3","22"
"50-59 years","Walker","608","2","27"
"60-69 years","Walker","537","11","47"
"70-79 years","Walker","348","21","35"
"80 & Older years","Walker","174","19","20"
"<1 years","Walker","28","0","0"
"Unknown years","Walker","128","0","7"
"01-04 years","Walton","49","0","1"
"05-09 years","Walton","108","0","1"
"10-17 years","Walton","416","0","3"
"18-29 years","Walton","970","0","22"
"30-39 years","Walton","833","0","18"
"40-49 years","Walton","902","2","43"
"50-59 years","Walton","904","5","60"
"60-69 years","Walton","603","13","59"
"70-79 years","Walton","446","25","73"
"80 & Older years","Walton","295","44","61"
"<1 years","Walton","14","0","1"
"Unknown years","Walton","13","0","0"
"01-04 years","Ware","49","0","1"
"05-09 years","Ware","50","0","0"
"10-17 years","Ware","190","0","3"
"18-29 years","Ware","462","1","5"
"30-39 years","Ware","394","1","16"
"40-49 years","Ware","309","2","22"
"50-59 years","Ware","341","9","45"
"60-69 years","Ware","250","9","47"
"70-79 years","Ware","207","28","72"
"80 & Older years","Ware","154","30","45"
"<1 years","Ware","15","0","1"
"Unknown years","Ware","9","0","1"
"01-04 years","Warren","4","0","0"
"05-09 years","Warren","2","0","0"
"10-17 years","Warren","15","0","0"
"18-29 years","Warren","42","0","2"
"30-39 years","Warren","36","0","3"
"40-49 years","Warren","37","1","4"
"50-59 years","Warren","50","1","6"
"60-69 years","Warren","31","2","7"
"70-79 years","Warren","22","2","8"
"80 & Older years","Warren","11","1","2"
"<1 years","Warren","2","0","1"
"Unknown years","Warren","2","0","0"
"01-04 years","Washington","15","0","0"
"05-09 years","Washington","18","0","0"
"10-17 years","Washington","95","0","1"
"18-29 years","Washington","206","0","6"
"30-39 years","Washington","187","0","8"
"40-49 years","Washington","214","2","11"
"50-59 years","Washington","193","1","12"
"60-69 years","Washington","184","9","23"
"70-79 years","Washington","113","5","17"
"80 & Older years","Washington","60","11","9"
"<1 years","Washington","9","0","0"
"Unknown years","Washington","4","0","0"
"01-04 years","Wayne","25","0","0"
"05-09 years","Wayne","16","0","0"
"10-17 years","Wayne","103","0","0"
"18-29 years","Wayne","324","1","7"
"30-39 years","Wayne","324","1","6"
"40-49 years","Wayne","377","1","29"
"50-59 years","Wayne","320","4","26"
"60-69 years","Wayne","246","10","45"
"70-79 years","Wayne","206","17","52"
"80 & Older years","Wayne","92","14","18"
"<1 years","Wayne","3","0","0"
"Unknown years","Wayne","4","0","0"
"10-17 years","Webster","2","0","0"
"18-29 years","Webster","12","0","1"
"30-39 years","Webster","5","0","0"
"40-49 years","Webster","12","0","2"
"50-59 years","Webster","16","2","4"
"60-69 years","Webster","18","0","4"
"70-79 years","Webster","5","0","0"
"80 & Older years","Webster","2","0","0"
"Unknown years","Webster","2","0","0"
"01-04 years","Wheeler","1","0","0"
"05-09 years","Wheeler","5","0","0"
"10-17 years","Wheeler","19","0","0"
"18-29 years","Wheeler","42","0","0"
"30-39 years","Wheeler","68","2","2"
"40-49 years","Wheeler","74","1","3"
"50-59 years","Wheeler","86","5","7"
"60-69 years","Wheeler","51","3","5"
"70-79 years","Wheeler","39","5","10"
"80 & Older years","Wheeler","8","3","1"
"<1 years","Wheeler","1","0","0"
"Unknown years","Wheeler","24","0","1"
"01-04 years","White","10","0","0"
"05-09 years","White","39","0","0"
"10-17 years","White","170","0","2"
"18-29 years","White","356","1","6"
"30-39 years","White","253","1","6"
"40-49 years","White","320","1","13"
"50-59 years","White","375","2","34"
"60-69 years","White","331","6","47"
"70-79 years","White","257","9","55"
"80 & Older years","White","155","20","57"
"<1 years","White","5","0","0"
"Unknown years","White","44","0","1"
"01-04 years","Whitfield","165","0","2"
"05-09 years","Whitfield","306","0","3"
"10-17 years","Whitfield","1068","0","4"
"18-29 years","Whitfield","2877","0","36"
"30-39 years","Whitfield","1853","4","51"
"40-49 years","Whitfield","1954","4","69"
"50-59 years","Whitfield","1712","17","93"
"60-69 years","Whitfield","1031","22","112"
"70-79 years","Whitfield","583","32","98"
"80 & Older years","Whitfield","333","53","94"
"<1 years","Whitfield","61","0","5"
"Unknown years","Whitfield","30","0","2"
"01-04 years","Wilcox","10","0","0"
"05-09 years","Wilcox","10","0","0"
"10-17 years","Wilcox","19","0","0"
"18-29 years","Wilcox","35","0","0"
"30-39 years","Wilcox","36","0","1"
"40-49 years","Wilcox","64","0","12"
"50-59 years","Wilcox","72","1","12"
"60-69 years","Wilcox","77","8","23"
"70-79 years","Wilcox","47","9","9"
"80 & Older years","Wilcox","22","7","6"
"<1 years","Wilcox","5","0","0"
"Unknown years","Wilcox","1","0","0"
"01-04 years","Wilkes","7","0","0"
"05-09 years","Wilkes","13","0","0"
"10-17 years","Wilkes","45","0","0"
"18-29 years","Wilkes","94","0","0"
"30-39 years","Wilkes","62","0","4"
"40-49 years","Wilkes","86","0","10"
"50-59 years","Wilkes","75","1","3"
"60-69 years","Wilkes","51","0","11"
"70-79 years","Wilkes","50","3","15"
"80 & Older years","Wilkes","19","4","10"
"<1 years","Wilkes","1","0","0"
"01-04 years","Wilkinson","6","0","0"
"05-09 years","Wilkinson","11","0","0"
"10-17 years","Wilkinson","21","0","0"
"18-29 years","Wilkinson","86","0","3"
"30-39 years","Wilkinson","69","0","5"
"40-49 years","Wilkinson","74","0","6"
"50-59 years","Wilkinson","127","3","22"
"60-69 years","Wilkinson","115","5","30"
"70-79 years","Wilkinson","48","6","18"
"80 & Older years","Wilkinson","32","4","13"
"01-04 years","Worth","11","0","0"
"05-09 years","Worth","12","0","0"
"10-17 years","Worth","64","0","3"
"18-29 years","Worth","156","0","7"
"30-39 years","Worth","125","0","9"
"40-49 years","Worth","135","1","12"
"50-59 years","Worth","159","4","22"
"60-69 years","Worth","166","14","42"
"70-79 years","Worth","99","10","22"
"80 & Older years","Worth","62","9","15"
"<1 years","Worth","4","0","0"
"Unknown years","Worth","1","0","0"
