"age group","county name","cases","deaths","hospitalization"
"01-04 years","Georgia","3866","1","83"
"05-09 years","Georgia","5649","1","59"
"10-17 years","Georgia","19961","5","278"
"18-29 years","Georgia","84453","56","2029"
"30-39 years","Georgia","55038","133","2714"
"40-49 years","Georgia","52346","283","3862"
"50-59 years","Georgia","48206","703","5440"
"60-69 years","Georgia","32513","1484","6082"
"70-79 years","Georgia","18892","2036","5222"
"80 & Older years","Georgia","12301","2787","4189"
"<1 years","Georgia","1208","0","69"
"Unknown years","Georgia","1808","3","54"
"01-04 years","Appling","15","0","0"
"05-09 years","Appling","32","0","0"
"10-17 years","Appling","90","0","1"
"18-29 years","Appling","212","0","4"
"30-39 years","Appling","167","1","4"
"40-49 years","Appling","157","1","12"
"50-59 years","Appling","168","6","17"
"60-69 years","Appling","134","6","27"
"70-79 years","Appling","95","10","22"
"80 & Older years","Appling","41","10","14"
"<1 years","Appling","3","0","0"
"Unknown years","Appling","3","0","0"
"01-04 years","Atkinson","3","0","1"
"05-09 years","Atkinson","11","0","1"
"10-17 years","Atkinson","22","0","0"
"18-29 years","Atkinson","101","0","7"
"30-39 years","Atkinson","82","0","6"
"40-49 years","Atkinson","85","0","11"
"50-59 years","Atkinson","82","0","13"
"60-69 years","Atkinson","49","2","12"
"70-79 years","Atkinson","25","1","5"
"80 & Older years","Atkinson","8","1","5"
"<1 years","Atkinson","2","0","0"
"Unknown years","Atkinson","2","0","0"
"01-04 years","Bacon","11","0","0"
"05-09 years","Bacon","12","0","0"
"10-17 years","Bacon","42","0","0"
"18-29 years","Bacon","158","0","1"
"30-39 years","Bacon","80","0","3"
"40-49 years","Bacon","102","1","6"
"50-59 years","Bacon","93","2","12"
"60-69 years","Bacon","56","4","12"
"70-79 years","Bacon","36","2","7"
"80 & Older years","Bacon","22","5","7"
"<1 years","Bacon","4","0","0"
"Unknown years","Bacon","2","0","0"
"01-04 years","Baker","4","0","0"
"05-09 years","Baker","3","0","0"
"10-17 years","Baker","5","0","0"
"18-29 years","Baker","15","0","0"
"30-39 years","Baker","11","0","2"
"40-49 years","Baker","7","0","1"
"50-59 years","Baker","13","0","1"
"60-69 years","Baker","13","2","6"
"70-79 years","Baker","12","2","8"
"80 & Older years","Baker","3","2","2"
"01-04 years","Baldwin","10","0","0"
"05-09 years","Baldwin","24","0","0"
"10-17 years","Baldwin","74","0","1"
"18-29 years","Baldwin","894","0","10"
"30-39 years","Baldwin","232","1","10"
"40-49 years","Baldwin","266","2","24"
"50-59 years","Baldwin","270","7","35"
"60-69 years","Baldwin","223","12","39"
"70-79 years","Baldwin","140","17","33"
"80 & Older years","Baldwin","89","23","22"
"<1 years","Baldwin","3","0","0"
"01-04 years","Banks","4","0","0"
"05-09 years","Banks","7","0","0"
"10-17 years","Banks","35","0","0"
"18-29 years","Banks","94","0","3"
"30-39 years","Banks","64","0","0"
"40-49 years","Banks","72","0","10"
"50-59 years","Banks","78","0","7"
"60-69 years","Banks","68","1","14"
"70-79 years","Banks","50","3","19"
"80 & Older years","Banks","46","4","17"
"<1 years","Banks","2","0","0"
"Unknown years","Banks","8","0","1"
"01-04 years","Barrow","27","0","0"
"05-09 years","Barrow","44","0","0"
"10-17 years","Barrow","133","0","2"
"18-29 years","Barrow","556","1","22"
"30-39 years","Barrow","417","0","22"
"40-49 years","Barrow","435","2","37"
"50-59 years","Barrow","351","1","42"
"60-69 years","Barrow","220","9","54"
"70-79 years","Barrow","142","10","40"
"80 & Older years","Barrow","94","24","38"
"<1 years","Barrow","8","0","1"
"Unknown years","Barrow","8","0","0"
"01-04 years","Bartow","29","0","1"
"05-09 years","Bartow","52","0","1"
"10-17 years","Bartow","256","0","1"
"18-29 years","Bartow","684","0","8"
"30-39 years","Bartow","517","2","23"
"40-49 years","Bartow","496","0","28"
"50-59 years","Bartow","512","6","59"
"60-69 years","Bartow","307","14","61"
"70-79 years","Bartow","218","27","67"
"80 & Older years","Bartow","157","42","58"
"<1 years","Bartow","13","0","1"
"Unknown years","Bartow","16","0","4"
"01-04 years","Ben Hill","20","0","1"
"05-09 years","Ben Hill","16","0","0"
"10-17 years","Ben Hill","53","0","0"
"18-29 years","Ben Hill","138","0","4"
"30-39 years","Ben Hill","133","2","5"
"40-49 years","Ben Hill","104","0","5"
"50-59 years","Ben Hill","133","2","17"
"60-69 years","Ben Hill","119","8","18"
"70-79 years","Ben Hill","87","10","30"
"80 & Older years","Ben Hill","31","7","9"
"<1 years","Ben Hill","2","0","0"
"Unknown years","Ben Hill","3","0","0"
"01-04 years","Berrien","9","0","0"
"05-09 years","Berrien","8","0","0"
"10-17 years","Berrien","26","0","0"
"18-29 years","Berrien","99","0","0"
"30-39 years","Berrien","78","0","0"
"40-49 years","Berrien","68","0","1"
"50-59 years","Berrien","72","0","10"
"60-69 years","Berrien","48","1","5"
"70-79 years","Berrien","34","3","2"
"80 & Older years","Berrien","29","8","6"
"<1 years","Berrien","1","0","0"
"Unknown years","Berrien","1","0","0"
"01-04 years","Bibb","79","0","2"
"05-09 years","Bibb","96","0","0"
"10-17 years","Bibb","276","0","6"
"18-29 years","Bibb","1534","1","54"
"30-39 years","Bibb","1025","4","61"
"40-49 years","Bibb","989","8","119"
"50-59 years","Bibb","893","10","137"
"60-69 years","Bibb","747","36","213"
"70-79 years","Bibb","435","55","164"
"80 & Older years","Bibb","291","73","134"
"<1 years","Bibb","26","0","4"
"Unknown years","Bibb","7","0","0"
"01-04 years","Bleckley","3","0","0"
"05-09 years","Bleckley","3","0","0"
"10-17 years","Bleckley","33","0","0"
"18-29 years","Bleckley","116","0","3"
"30-39 years","Bleckley","50","0","1"
"40-49 years","Bleckley","63","1","1"
"50-59 years","Bleckley","65","2","3"
"60-69 years","Bleckley","41","7","9"
"70-79 years","Bleckley","46","2","8"
"80 & Older years","Bleckley","54","9","6"
"<1 years","Bleckley","1","0","0"
"Unknown years","Bleckley","2","0","0"
"01-04 years","Brantley","3","0","0"
"05-09 years","Brantley","2","0","0"
"10-17 years","Brantley","26","0","1"
"18-29 years","Brantley","73","0","1"
"30-39 years","Brantley","49","0","3"
"40-49 years","Brantley","55","0","3"
"50-59 years","Brantley","69","1","8"
"60-69 years","Brantley","45","1","5"
"70-79 years","Brantley","34","5","10"
"80 & Older years","Brantley","26","4","5"
"Unknown years","Brantley","1","0","0"
"01-04 years","Brooks","13","0","0"
"05-09 years","Brooks","10","0","0"
"10-17 years","Brooks","45","0","0"
"18-29 years","Brooks","104","0","0"
"30-39 years","Brooks","78","0","2"
"40-49 years","Brooks","64","0","8"
"50-59 years","Brooks","82","2","13"
"60-69 years","Brooks","59","5","11"
"70-79 years","Brooks","44","9","15"
"80 & Older years","Brooks","35","10","6"
"<1 years","Brooks","2","0","0"
"01-04 years","Bryan","19","0","0"
"05-09 years","Bryan","26","0","0"
"10-17 years","Bryan","87","0","0"
"18-29 years","Bryan","263","0","8"
"30-39 years","Bryan","218","1","6"
"40-49 years","Bryan","206","0","10"
"50-59 years","Bryan","172","3","14"
"60-69 years","Bryan","119","3","18"
"70-79 years","Bryan","75","4","25"
"80 & Older years","Bryan","37","2","9"
"<1 years","Bryan","5","0","0"
"Unknown years","Bryan","10","0","0"
"01-04 years","Bulloch","32","0","0"
"05-09 years","Bulloch","39","0","0"
"10-17 years","Bulloch","150","0","2"
"18-29 years","Bulloch","1593","0","6"
"30-39 years","Bulloch","314","2","14"
"40-49 years","Bulloch","255","2","18"
"50-59 years","Bulloch","260","1","20"
"60-69 years","Bulloch","172","12","34"
"70-79 years","Bulloch","87","10","23"
"80 & Older years","Bulloch","58","5","19"
"<1 years","Bulloch","11","0","0"
"Unknown years","Bulloch","16","0","0"
"01-04 years","Burke","12","0","0"
"05-09 years","Burke","20","0","0"
"10-17 years","Burke","63","0","1"
"18-29 years","Burke","174","0","4"
"30-39 years","Burke","134","0","4"
"40-49 years","Burke","131","1","6"
"50-59 years","Burke","141","1","22"
"60-69 years","Burke","102","3","25"
"70-79 years","Burke","64","2","18"
"80 & Older years","Burke","21","4","9"
"<1 years","Burke","4","0","0"
"Unknown years","Burke","1","0","0"
"01-04 years","Butts","7","0","0"
"05-09 years","Butts","9","0","0"
"10-17 years","Butts","32","0","0"
"18-29 years","Butts","121","0","2"
"30-39 years","Butts","127","0","4"
"40-49 years","Butts","107","2","9"
"50-59 years","Butts","99","2","13"
"60-69 years","Butts","82","7","15"
"70-79 years","Butts","59","10","8"
"80 & Older years","Butts","65","22","3"
"<1 years","Butts","3","0","0"
"Unknown years","Butts","1","0","0"
"01-04 years","Calhoun","1","0","0"
"10-17 years","Calhoun","9","0","0"
"18-29 years","Calhoun","36","0","4"
"30-39 years","Calhoun","40","2","5"
"40-49 years","Calhoun","54","0","5"
"50-59 years","Calhoun","49","2","9"
"60-69 years","Calhoun","45","2","15"
"70-79 years","Calhoun","16","1","5"
"80 & Older years","Calhoun","9","2","5"
"<1 years","Calhoun","1","0","0"
"01-04 years","Camden","20","0","0"
"05-09 years","Camden","16","0","0"
"10-17 years","Camden","75","0","0"
"18-29 years","Camden","389","0","3"
"30-39 years","Camden","219","0","9"
"40-49 years","Camden","173","1","9"
"50-59 years","Camden","212","1","9"
"60-69 years","Camden","134","5","12"
"70-79 years","Camden","70","0","10"
"80 & Older years","Camden","45","9","14"
"<1 years","Camden","5","0","0"
"Unknown years","Camden","11","0","0"
"01-04 years","Candler","8","0","0"
"05-09 years","Candler","8","0","0"
"10-17 years","Candler","42","0","0"
"18-29 years","Candler","93","0","0"
"30-39 years","Candler","69","0","2"
"40-49 years","Candler","86","2","1"
"50-59 years","Candler","92","4","8"
"60-69 years","Candler","55","6","8"
"70-79 years","Candler","35","8","9"
"80 & Older years","Candler","18","3","7"
"<1 years","Candler","2","0","0"
"Unknown years","Candler","1","0","0"
"01-04 years","Carroll","39","0","0"
"05-09 years","Carroll","44","0","0"
"10-17 years","Carroll","206","0","2"
"18-29 years","Carroll","785","0","7"
"30-39 years","Carroll","447","3","12"
"40-49 years","Carroll","469","3","14"
"50-59 years","Carroll","439","9","35"
"60-69 years","Carroll","302","10","38"
"70-79 years","Carroll","186","25","36"
"80 & Older years","Carroll","143","24","27"
"<1 years","Carroll","12","0","0"
"Unknown years","Carroll","6","0","0"
"01-04 years","Catoosa","19","0","0"
"05-09 years","Catoosa","18","0","0"
"10-17 years","Catoosa","99","0","0"
"18-29 years","Catoosa","236","0","4"
"30-39 years","Catoosa","186","0","4"
"40-49 years","Catoosa","234","1","9"
"50-59 years","Catoosa","182","4","8"
"60-69 years","Catoosa","150","3","22"
"70-79 years","Catoosa","106","6","19"
"80 & Older years","Catoosa","58","5","13"
"<1 years","Catoosa","7","0","0"
"Unknown years","Catoosa","19","0","1"
"01-04 years","Charlton","9","0","0"
"05-09 years","Charlton","16","0","0"
"10-17 years","Charlton","25","0","0"
"18-29 years","Charlton","122","0","1"
"30-39 years","Charlton","142","0","2"
"40-49 years","Charlton","125","0","5"
"50-59 years","Charlton","90","0","2"
"60-69 years","Charlton","80","3","6"
"70-79 years","Charlton","22","4","5"
"80 & Older years","Charlton","9","2","6"
"<1 years","Charlton","2","0","0"
"Unknown years","Charlton","2","0","0"
"01-04 years","Chatham","140","0","0"
"05-09 years","Chatham","165","1","0"
"10-17 years","Chatham","547","0","11"
"18-29 years","Chatham","2465","1","37"
"30-39 years","Chatham","1614","4","70"
"40-49 years","Chatham","1181","6","81"
"50-59 years","Chatham","1131","19","140"
"60-69 years","Chatham","873","37","178"
"70-79 years","Chatham","480","46","164"
"80 & Older years","Chatham","299","64","124"
"<1 years","Chatham","35","0","3"
"Unknown years","Chatham","54","0","2"
"01-04 years","Chattahoochee","3","0","0"
"05-09 years","Chattahoochee","1","0","0"
"10-17 years","Chattahoochee","94","0","1"
"18-29 years","Chattahoochee","1445","0","1"
"30-39 years","Chattahoochee","110","0","1"
"40-49 years","Chattahoochee","25","0","0"
"50-59 years","Chattahoochee","17","0","5"
"60-69 years","Chattahoochee","9","0","3"
"70-79 years","Chattahoochee","4","0","1"
"80 & Older years","Chattahoochee","3","1","2"
"<1 years","Chattahoochee","6","0","0"
"Unknown years","Chattahoochee","1","0","0"
"01-04 years","Chattooga","3","0","0"
"05-09 years","Chattooga","10","0","0"
"10-17 years","Chattooga","56","0","0"
"18-29 years","Chattooga","158","0","1"
"30-39 years","Chattooga","126","0","5"
"40-49 years","Chattooga","139","1","4"
"50-59 years","Chattooga","127","2","7"
"60-69 years","Chattooga","106","5","15"
"70-79 years","Chattooga","69","6","15"
"80 & Older years","Chattooga","59","12","14"
"<1 years","Chattooga","2","0","1"
"Unknown years","Chattooga","8","0","1"
"01-04 years","Cherokee","65","0","5"
"05-09 years","Cherokee","117","0","3"
"10-17 years","Cherokee","563","0","2"
"18-29 years","Cherokee","1650","1","39"
"30-39 years","Cherokee","958","1","54"
"40-49 years","Cherokee","1062","2","59"
"50-59 years","Cherokee","1055","7","91"
"60-69 years","Cherokee","547","14","84"
"70-79 years","Cherokee","321","21","84"
"80 & Older years","Cherokee","243","52","97"
"<1 years","Cherokee","20","0","0"
"Unknown years","Cherokee","24","0","0"
"01-04 years","Clarke","65","0","0"
"05-09 years","Clarke","71","0","1"
"10-17 years","Clarke","214","0","4"
"18-29 years","Clarke","3194","0","13"
"30-39 years","Clarke","575","1","21"
"40-49 years","Clarke","445","1","24"
"50-59 years","Clarke","404","4","37"
"60-69 years","Clarke","278","9","59"
"70-79 years","Clarke","139","19","56"
"80 & Older years","Clarke","70","12","21"
"<1 years","Clarke","14","0","1"
"Unknown years","Clarke","8","0","0"
"01-04 years","Clay","1","0","0"
"05-09 years","Clay","2","0","0"
"10-17 years","Clay","10","0","0"
"18-29 years","Clay","21","0","0"
"30-39 years","Clay","21","0","1"
"40-49 years","Clay","18","0","0"
"50-59 years","Clay","16","0","1"
"60-69 years","Clay","16","1","2"
"70-79 years","Clay","6","0","0"
"80 & Older years","Clay","10","2","5"
"Unknown years","Clay","1","0","0"
"01-04 years","Clayton","100","0","5"
"05-09 years","Clayton","138","0","3"
"10-17 years","Clayton","368","0","11"
"18-29 years","Clayton","1745","2","57"
"30-39 years","Clayton","1512","6","84"
"40-49 years","Clayton","1256","14","103"
"50-59 years","Clayton","1194","24","148"
"60-69 years","Clayton","790","44","128"
"70-79 years","Clayton","343","37","80"
"80 & Older years","Clayton","199","42","49"
"<1 years","Clayton","22","0","1"
"Unknown years","Clayton","19","1","0"
"01-04 years","Clinch","7","0","0"
"05-09 years","Clinch","9","0","0"
"10-17 years","Clinch","46","0","0"
"18-29 years","Clinch","90","0","2"
"30-39 years","Clinch","58","1","2"
"40-49 years","Clinch","57","0","1"
"50-59 years","Clinch","50","0","6"
"60-69 years","Clinch","61","4","9"
"70-79 years","Clinch","25","6","8"
"80 & Older years","Clinch","12","0","2"
"<1 years","Clinch","1","0","0"
"Unknown years","Clinch","1","0","0"
"01-04 years","Cobb","188","1","8"
"05-09 years","Cobb","272","0","3"
"10-17 years","Cobb","991","0","17"
"18-29 years","Cobb","6027","5","160"
"30-39 years","Cobb","3596","9","181"
"40-49 years","Cobb","3340","15","290"
"50-59 years","Cobb","2917","28","368"
"60-69 years","Cobb","1750","59","326"
"70-79 years","Cobb","1013","135","283"
"80 & Older years","Cobb","714","192","253"
"<1 years","Cobb","68","0","7"
"Unknown years","Cobb","48","0","3"
"01-04 years","Coffee","39","0","2"
"05-09 years","Coffee","41","0","3"
"10-17 years","Coffee","107","0","1"
"18-29 years","Coffee","416","0","7"
"30-39 years","Coffee","313","1","18"
"40-49 years","Coffee","351","2","47"
"50-59 years","Coffee","349","2","65"
"60-69 years","Coffee","305","15","67"
"70-79 years","Coffee","138","17","56"
"80 & Older years","Coffee","93","20","50"
"<1 years","Coffee","8","0","0"
"Unknown years","Coffee","9","0","0"
"01-04 years","Colquitt","29","0","0"
"05-09 years","Colquitt","43","0","0"
"10-17 years","Colquitt","177","0","2"
"18-29 years","Colquitt","486","0","15"
"30-39 years","Colquitt","339","0","15"
"40-49 years","Colquitt","311","4","27"
"50-59 years","Colquitt","268","9","28"
"60-69 years","Colquitt","191","9","29"
"70-79 years","Colquitt","101","5","26"
"80 & Older years","Colquitt","63","10","18"
"<1 years","Colquitt","6","0","0"
"Unknown years","Colquitt","3","0","0"
"01-04 years","Columbia","23","0","1"
"05-09 years","Columbia","67","0","0"
"10-17 years","Columbia","306","0","1"
"18-29 years","Columbia","949","0","6"
"30-39 years","Columbia","697","2","12"
"40-49 years","Columbia","704","3","20"
"50-59 years","Columbia","605","9","43"
"60-69 years","Columbia","378","8","46"
"70-79 years","Columbia","209","16","31"
"80 & Older years","Columbia","119","24","31"
"<1 years","Columbia","11","0","1"
"Unknown years","Columbia","2","0","0"
"01-04 years","Cook","8","0","0"
"05-09 years","Cook","10","0","0"
"10-17 years","Cook","44","0","1"
"18-29 years","Cook","123","0","2"
"30-39 years","Cook","90","0","4"
"40-49 years","Cook","90","0","9"
"50-59 years","Cook","73","1","14"
"60-69 years","Cook","60","3","10"
"70-79 years","Cook","45","9","14"
"80 & Older years","Cook","17","2","7"
"<1 years","Cook","5","0","0"
"Unknown years","Cook","4","0","0"
"01-04 years","Coweta","37","0","0"
"05-09 years","Coweta","47","0","0"
"10-17 years","Coweta","173","0","0"
"18-29 years","Coweta","617","1","9"
"30-39 years","Coweta","425","0","11"
"40-49 years","Coweta","424","3","19"
"50-59 years","Coweta","489","6","29"
"60-69 years","Coweta","306","13","29"
"70-79 years","Coweta","168","14","28"
"80 & Older years","Coweta","111","21","17"
"<1 years","Coweta","7","0","0"
"Unknown years","Coweta","3","0","0"
"01-04 years","Crawford","1","0","0"
"05-09 years","Crawford","1","0","0"
"10-17 years","Crawford","11","0","0"
"18-29 years","Crawford","37","0","1"
"30-39 years","Crawford","27","0","3"
"40-49 years","Crawford","19","0","2"
"50-59 years","Crawford","45","1","7"
"60-69 years","Crawford","33","3","10"
"70-79 years","Crawford","7","2","3"
"80 & Older years","Crawford","5","0","2"
"01-04 years","Crisp","8","0","0"
"05-09 years","Crisp","8","0","0"
"10-17 years","Crisp","35","0","0"
"18-29 years","Crisp","108","0","5"
"30-39 years","Crisp","98","0","8"
"40-49 years","Crisp","88","1","8"
"50-59 years","Crisp","82","2","14"
"60-69 years","Crisp","92","6","19"
"70-79 years","Crisp","45","5","19"
"80 & Older years","Crisp","30","6","7"
"<1 years","Crisp","5","0","0"
"Unknown years","Crisp","14","0","0"
"01-04 years","Dade","1","0","0"
"05-09 years","Dade","8","0","0"
"10-17 years","Dade","28","0","0"
"18-29 years","Dade","57","0","1"
"30-39 years","Dade","48","0","1"
"40-49 years","Dade","54","0","3"
"50-59 years","Dade","52","1","4"
"60-69 years","Dade","30","0","2"
"70-79 years","Dade","29","4","7"
"80 & Older years","Dade","5","0","2"
"<1 years","Dade","2","0","0"
"Unknown years","Dade","2","0","1"
"01-04 years","Dawson","5","0","0"
"05-09 years","Dawson","8","0","0"
"10-17 years","Dawson","68","0","2"
"18-29 years","Dawson","204","0","7"
"30-39 years","Dawson","120","0","3"
"40-49 years","Dawson","121","0","12"
"50-59 years","Dawson","140","0","9"
"60-69 years","Dawson","113","1","26"
"70-79 years","Dawson","67","6","17"
"80 & Older years","Dawson","26","3","7"
"<1 years","Dawson","5","0","0"
"Unknown years","Dawson","1","0","0"
"01-04 years","DeKalb","230","0","7"
"05-09 years","DeKalb","311","0","4"
"10-17 years","DeKalb","900","0","31"
"18-29 years","DeKalb","4868","5","218"
"30-39 years","DeKalb","4080","13","294"
"40-49 years","DeKalb","3218","19","320"
"50-59 years","DeKalb","2855","49","418"
"60-69 years","DeKalb","1765","81","403"
"70-79 years","DeKalb","947","101","301"
"80 & Older years","DeKalb","584","116","205"
"<1 years","DeKalb","64","0","4"
"Unknown years","DeKalb","147","0","5"
"01-04 years","Decatur","27","0","0"
"05-09 years","Decatur","37","0","0"
"10-17 years","Decatur","102","0","0"
"18-29 years","Decatur","260","1","6"
"30-39 years","Decatur","195","1","5"
"40-49 years","Decatur","199","0","13"
"50-59 years","Decatur","165","4","21"
"60-69 years","Decatur","117","7","22"
"70-79 years","Decatur","71","12","17"
"80 & Older years","Decatur","68","9","11"
"<1 years","Decatur","6","0","0"
"Unknown years","Decatur","1","0","1"
"01-04 years","Dodge","4","0","0"
"05-09 years","Dodge","11","0","0"
"10-17 years","Dodge","44","1","1"
"18-29 years","Dodge","70","0","0"
"30-39 years","Dodge","41","0","1"
"40-49 years","Dodge","88","0","9"
"50-59 years","Dodge","95","1","6"
"60-69 years","Dodge","78","5","14"
"70-79 years","Dodge","37","2","8"
"80 & Older years","Dodge","28","4","7"
"<1 years","Dodge","2","0","0"
"Unknown years","Dodge","1","0","0"
"01-04 years","Dooly","8","0","0"
"05-09 years","Dooly","3","0","0"
"10-17 years","Dooly","15","0","0"
"18-29 years","Dooly","49","0","4"
"30-39 years","Dooly","51","0","6"
"40-49 years","Dooly","67","0","7"
"50-59 years","Dooly","67","3","11"
"60-69 years","Dooly","56","5","14"
"70-79 years","Dooly","26","4","9"
"80 & Older years","Dooly","9","2","3"
"Unknown years","Dooly","1","0","0"
"01-04 years","Dougherty","22","0","3"
"05-09 years","Dougherty","38","0","0"
"10-17 years","Dougherty","110","0","3"
"18-29 years","Dougherty","534","2","52"
"30-39 years","Dougherty","473","3","53"
"40-49 years","Dougherty","514","12","83"
"50-59 years","Dougherty","585","16","113"
"60-69 years","Dougherty","479","50","152"
"70-79 years","Dougherty","290","46","120"
"80 & Older years","Dougherty","184","60","81"
"<1 years","Dougherty","13","0","1"
"Unknown years","Dougherty","3","0","0"
"01-04 years","Douglas","36","0","0"
"05-09 years","Douglas","66","0","3"
"10-17 years","Douglas","194","0","2"
"18-29 years","Douglas","864","0","34"
"30-39 years","Douglas","663","3","43"
"40-49 years","Douglas","740","3","68"
"50-59 years","Douglas","618","7","89"
"60-69 years","Douglas","377","15","93"
"70-79 years","Douglas","204","24","62"
"80 & Older years","Douglas","113","19","47"
"<1 years","Douglas","8","0","1"
"Unknown years","Douglas","13","0","0"
"01-04 years","Early","10","0","0"
"05-09 years","Early","13","0","0"
"10-17 years","Early","30","0","0"
"18-29 years","Early","91","0","3"
"30-39 years","Early","71","0","3"
"40-49 years","Early","88","1","7"
"50-59 years","Early","82","2","6"
"60-69 years","Early","62","9","10"
"70-79 years","Early","41","11","7"
"80 & Older years","Early","30","10","6"
"<1 years","Early","2","0","0"
"01-04 years","Echols","2","0","0"
"05-09 years","Echols","4","0","0"
"10-17 years","Echols","12","0","1"
"18-29 years","Echols","105","0","1"
"30-39 years","Echols","45","0","2"
"40-49 years","Echols","27","0","0"
"50-59 years","Echols","26","0","2"
"60-69 years","Echols","11","0","0"
"70-79 years","Echols","11","2","3"
"<1 years","Echols","1","0","0"
"01-04 years","Effingham","12","0","1"
"05-09 years","Effingham","35","0","0"
"10-17 years","Effingham","135","0","0"
"18-29 years","Effingham","333","0","1"
"30-39 years","Effingham","245","1","8"
"40-49 years","Effingham","274","0","11"
"50-59 years","Effingham","278","6","21"
"60-69 years","Effingham","171","1","24"
"70-79 years","Effingham","95","9","22"
"80 & Older years","Effingham","50","11","17"
"<1 years","Effingham","5","0","0"
"Unknown years","Effingham","4","0","1"
"01-04 years","Elbert","8","0","0"
"05-09 years","Elbert","16","0","0"
"10-17 years","Elbert","41","0","0"
"18-29 years","Elbert","141","0","0"
"30-39 years","Elbert","93","0","5"
"40-49 years","Elbert","107","0","4"
"50-59 years","Elbert","114","0","8"
"60-69 years","Elbert","89","0","10"
"70-79 years","Elbert","65","4","11"
"80 & Older years","Elbert","51","4","14"
"<1 years","Elbert","3","0","1"
"Unknown years","Elbert","5","0","0"
"01-04 years","Emanuel","16","0","1"
"05-09 years","Emanuel","11","0","0"
"10-17 years","Emanuel","110","0","2"
"18-29 years","Emanuel","208","1","0"
"30-39 years","Emanuel","154","0","5"
"40-49 years","Emanuel","193","1","6"
"50-59 years","Emanuel","161","3","17"
"60-69 years","Emanuel","145","6","19"
"70-79 years","Emanuel","90","12","18"
"80 & Older years","Emanuel","45","12","14"
"<1 years","Emanuel","4","0","0"
"Unknown years","Emanuel","8","0","1"
"01-04 years","Evans","5","0","0"
"05-09 years","Evans","10","0","0"
"10-17 years","Evans","46","0","0"
"18-29 years","Evans","91","0","2"
"30-39 years","Evans","82","0","3"
"40-49 years","Evans","68","0","6"
"50-59 years","Evans","71","1","12"
"60-69 years","Evans","38","2","9"
"70-79 years","Evans","25","2","9"
"80 & Older years","Evans","10","1","1"
"<1 years","Evans","2","0","0"
"Unknown years","Evans","2","0","0"
"01-04 years","Fannin","6","0","0"
"05-09 years","Fannin","10","0","0"
"10-17 years","Fannin","40","0","0"
"18-29 years","Fannin","117","0","2"
"30-39 years","Fannin","76","0","2"
"40-49 years","Fannin","99","0","5"
"50-59 years","Fannin","113","3","8"
"60-69 years","Fannin","127","6","15"
"70-79 years","Fannin","94","1","16"
"80 & Older years","Fannin","72","18","20"
"<1 years","Fannin","3","0","0"
"Unknown years","Fannin","3","0","0"
"01-04 years","Fayette","14","0","0"
"05-09 years","Fayette","19","0","1"
"10-17 years","Fayette","124","0","1"
"18-29 years","Fayette","454","0","5"
"30-39 years","Fayette","227","0","5"
"40-49 years","Fayette","336","1","15"
"50-59 years","Fayette","345","2","20"
"60-69 years","Fayette","253","9","15"
"70-79 years","Fayette","137","19","29"
"80 & Older years","Fayette","76","21","21"
"<1 years","Fayette","1","0","0"
"Unknown years","Fayette","19","0","0"
"01-04 years","Floyd","39","0","0"
"05-09 years","Floyd","69","0","0"
"10-17 years","Floyd","339","0","7"
"18-29 years","Floyd","753","0","13"
"30-39 years","Floyd","582","1","19"
"40-49 years","Floyd","543","1","30"
"50-59 years","Floyd","459","7","55"
"60-69 years","Floyd","335","12","53"
"70-79 years","Floyd","222","12","55"
"80 & Older years","Floyd","115","18","31"
"<1 years","Floyd","17","0","0"
"Unknown years","Floyd","46","0","1"
"01-04 years","Forsyth","42","0","0"
"05-09 years","Forsyth","93","0","0"
"10-17 years","Forsyth","360","0","0"
"18-29 years","Forsyth","1176","0","24"
"30-39 years","Forsyth","660","0","26"
"40-49 years","Forsyth","749","2","49"
"50-59 years","Forsyth","685","8","65"
"60-69 years","Forsyth","356","6","64"
"70-79 years","Forsyth","192","14","68"
"80 & Older years","Forsyth","102","18","46"
"<1 years","Forsyth","15","0","1"
"Unknown years","Forsyth","36","0","0"
"01-04 years","Franklin","7","0","0"
"05-09 years","Franklin","19","0","0"
"10-17 years","Franklin","67","0","3"
"18-29 years","Franklin","175","0","4"
"30-39 years","Franklin","114","0","1"
"40-49 years","Franklin","122","0","9"
"50-59 years","Franklin","131","0","11"
"60-69 years","Franklin","94","2","11"
"70-79 years","Franklin","52","8","10"
"80 & Older years","Franklin","27","6","12"
"<1 years","Franklin","3","0","1"
"Unknown years","Franklin","9","0","0"
"01-04 years","Fulton","268","0","11"
"05-09 years","Fulton","394","0","7"
"10-17 years","Fulton","1388","1","20"
"18-29 years","Fulton","8834","4","204"
"30-39 years","Fulton","5798","13","303"
"40-49 years","Fulton","4396","25","347"
"50-59 years","Fulton","3663","50","451"
"60-69 years","Fulton","2249","106","444"
"70-79 years","Fulton","1265","150","366"
"80 & Older years","Fulton","1007","249","357"
"<1 years","Fulton","84","0","4"
"Unknown years","Fulton","83","1","5"
"01-04 years","Gilmer","16","0","1"
"05-09 years","Gilmer","15","0","0"
"10-17 years","Gilmer","69","0","2"
"18-29 years","Gilmer","142","0","7"
"30-39 years","Gilmer","136","0","9"
"40-49 years","Gilmer","151","0","8"
"50-59 years","Gilmer","135","3","11"
"60-69 years","Gilmer","140","1","17"
"70-79 years","Gilmer","86","4","18"
"80 & Older years","Gilmer","50","8","14"
"<1 years","Gilmer","6","0","0"
"Unknown years","Gilmer","6","0","0"
"05-09 years","Glascock","1","0","0"
"18-29 years","Glascock","8","0","0"
"30-39 years","Glascock","5","0","0"
"40-49 years","Glascock","7","0","0"
"50-59 years","Glascock","7","1","1"
"60-69 years","Glascock","7","0","0"
"80 & Older years","Glascock","4","1","3"
"<1 years","Glascock","1","0","0"
"01-04 years","Glynn","55","0","1"
"05-09 years","Glynn","94","0","1"
"10-17 years","Glynn","241","0","0"
"18-29 years","Glynn","873","0","15"
"30-39 years","Glynn","578","2","21"
"40-49 years","Glynn","482","3","27"
"50-59 years","Glynn","454","8","54"
"60-69 years","Glynn","364","20","79"
"70-79 years","Glynn","239","27","49"
"80 & Older years","Glynn","176","39","60"
"<1 years","Glynn","14","0","0"
"Unknown years","Glynn","20","0","0"
"01-04 years","Gordon","23","0","0"
"05-09 years","Gordon","37","0","0"
"10-17 years","Gordon","148","0","2"
"18-29 years","Gordon","442","0","6"
"30-39 years","Gordon","330","0","14"
"40-49 years","Gordon","373","0","14"
"50-59 years","Gordon","309","4","19"
"60-69 years","Gordon","201","7","16"
"70-79 years","Gordon","132","15","31"
"80 & Older years","Gordon","62","13","20"
"<1 years","Gordon","3","0","1"
"Unknown years","Gordon","6","0","0"
"01-04 years","Grady","16","0","1"
"05-09 years","Grady","21","0","0"
"10-17 years","Grady","70","0","2"
"18-29 years","Grady","139","0","5"
"30-39 years","Grady","140","0","5"
"40-49 years","Grady","138","0","18"
"50-59 years","Grady","107","3","15"
"60-69 years","Grady","86","2","18"
"70-79 years","Grady","78","7","21"
"80 & Older years","Grady","33","11","12"
"<1 years","Grady","3","0","0"
"Unknown years","Grady","3","0","0"
"01-04 years","Greene","5","0","0"
"05-09 years","Greene","18","0","0"
"10-17 years","Greene","33","0","0"
"18-29 years","Greene","127","0","4"
"30-39 years","Greene","77","0","5"
"40-49 years","Greene","65","3","7"
"50-59 years","Greene","70","3","7"
"60-69 years","Greene","68","2","9"
"70-79 years","Greene","47","4","11"
"80 & Older years","Greene","34","12","16"
"<1 years","Greene","1","0","1"
"Unknown years","Greene","2","0","0"
"01-04 years","Gwinnett","442","0","11"
"05-09 years","Gwinnett","643","0","10"
"10-17 years","Gwinnett","1881","1","41"
"18-29 years","Gwinnett","7408","1","326"
"30-39 years","Gwinnett","5160","10","355"
"40-49 years","Gwinnett","5439","25","472"
"50-59 years","Gwinnett","4236","51","498"
"60-69 years","Gwinnett","2298","83","464"
"70-79 years","Gwinnett","948","87","308"
"80 & Older years","Gwinnett","675","170","332"
"<1 years","Gwinnett","116","0","4"
"Unknown years","Gwinnett","49","0","0"
"01-04 years","Habersham","12","0","1"
"05-09 years","Habersham","14","0","0"
"10-17 years","Habersham","84","1","5"
"18-29 years","Habersham","365","0","7"
"30-39 years","Habersham","262","2","19"
"40-49 years","Habersham","273","1","24"
"50-59 years","Habersham","283","4","27"
"60-69 years","Habersham","209","7","58"
"70-79 years","Habersham","149","16","48"
"80 & Older years","Habersham","139","41","43"
"<1 years","Habersham","4","0","1"
"Unknown years","Habersham","14","0","1"
"01-04 years","Hall","77","0","2"
"05-09 years","Hall","157","0","1"
"10-17 years","Hall","649","0","13"
"18-29 years","Hall","2448","3","92"
"30-39 years","Hall","1530","1","90"
"40-49 years","Hall","1649","7","145"
"50-59 years","Hall","1618","11","198"
"60-69 years","Hall","935","34","175"
"70-79 years","Hall","562","36","151"
"80 & Older years","Hall","389","72","160"
"<1 years","Hall","17","0","5"
"Unknown years","Hall","132","0","7"
"01-04 years","Hancock","3","0","0"
"05-09 years","Hancock","3","0","0"
"10-17 years","Hancock","15","0","0"
"18-29 years","Hancock","48","0","1"
"30-39 years","Hancock","41","0","2"
"40-49 years","Hancock","59","1","4"
"50-59 years","Hancock","65","2","7"
"60-69 years","Hancock","86","12","20"
"70-79 years","Hancock","47","12","16"
"80 & Older years","Hancock","42","17","16"
"<1 years","Hancock","1","0","0"
"01-04 years","Haralson","7","0","0"
"05-09 years","Haralson","10","0","0"
"10-17 years","Haralson","55","0","1"
"18-29 years","Haralson","135","0","1"
"30-39 years","Haralson","93","0","2"
"40-49 years","Haralson","69","1","4"
"50-59 years","Haralson","74","0","1"
"60-69 years","Haralson","62","3","8"
"70-79 years","Haralson","43","5","10"
"80 & Older years","Haralson","18","0","2"
"<1 years","Haralson","4","0","0"
"01-04 years","Harris","10","0","0"
"05-09 years","Harris","8","0","0"
"10-17 years","Harris","65","0","2"
"18-29 years","Harris","138","0","2"
"30-39 years","Harris","89","0","3"
"40-49 years","Harris","133","1","6"
"50-59 years","Harris","150","4","15"
"60-69 years","Harris","145","9","36"
"70-79 years","Harris","67","7","21"
"80 & Older years","Harris","23","4","6"
"<1 years","Harris","2","0","0"
"Unknown years","Harris","2","0","0"
"01-04 years","Hart","8","0","0"
"05-09 years","Hart","11","0","1"
"10-17 years","Hart","26","0","0"
"18-29 years","Hart","97","0","0"
"30-39 years","Hart","75","0","4"
"40-49 years","Hart","86","0","6"
"50-59 years","Hart","101","1","12"
"60-69 years","Hart","76","5","19"
"70-79 years","Hart","36","3","7"
"80 & Older years","Hart","34","7","20"
"<1 years","Hart","1","0","1"
"01-04 years","Heard","1","0","0"
"05-09 years","Heard","8","0","0"
"10-17 years","Heard","13","0","1"
"18-29 years","Heard","44","0","0"
"30-39 years","Heard","22","0","1"
"40-49 years","Heard","35","0","2"
"50-59 years","Heard","29","0","2"
"60-69 years","Heard","29","1","3"
"70-79 years","Heard","18","3","5"
"80 & Older years","Heard","5","2","1"
"Unknown years","Heard","1","0","0"
"01-04 years","Henry","47","0","1"
"05-09 years","Henry","89","0","1"
"10-17 years","Henry","327","0","2"
"18-29 years","Henry","1271","0","17"
"30-39 years","Henry","1008","3","21"
"40-49 years","Henry","1104","6","40"
"50-59 years","Henry","974","10","66"
"60-69 years","Henry","502","21","36"
"70-79 years","Henry","270","28","39"
"80 & Older years","Henry","155","38","28"
"<1 years","Henry","13","0","2"
"Unknown years","Henry","10","0","0"
"01-04 years","Houston","40","0","1"
"05-09 years","Houston","65","0","1"
"10-17 years","Houston","180","0","3"
"18-29 years","Houston","772","2","26"
"30-39 years","Houston","632","1","38"
"40-49 years","Houston","586","2","61"
"50-59 years","Houston","512","7","65"
"60-69 years","Houston","306","19","72"
"70-79 years","Houston","174","32","75"
"80 & Older years","Houston","91","23","49"
"<1 years","Houston","10","0","1"
"Unknown years","Houston","1","0","0"
"01-04 years","Irwin","3","0","0"
"05-09 years","Irwin","8","0","0"
"10-17 years","Irwin","25","0","0"
"18-29 years","Irwin","56","0","3"
"30-39 years","Irwin","57","0","4"
"40-49 years","Irwin","64","0","4"
"50-59 years","Irwin","52","0","5"
"60-69 years","Irwin","43","1","13"
"70-79 years","Irwin","18","2","1"
"80 & Older years","Irwin","17","3","10"
"01-04 years","Jackson","14","0","0"
"05-09 years","Jackson","40","0","0"
"10-17 years","Jackson","183","0","1"
"18-29 years","Jackson","469","0","9"
"30-39 years","Jackson","352","0","12"
"40-49 years","Jackson","354","1","27"
"50-59 years","Jackson","367","4","33"
"60-69 years","Jackson","199","5","27"
"70-79 years","Jackson","136","12","36"
"80 & Older years","Jackson","69","17","31"
"<1 years","Jackson","6","0","2"
"Unknown years","Jackson","11","0","1"
"05-09 years","Jasper","4","0","0"
"10-17 years","Jasper","9","0","0"
"18-29 years","Jasper","51","0","1"
"30-39 years","Jasper","40","0","0"
"40-49 years","Jasper","31","0","2"
"50-59 years","Jasper","47","0","6"
"60-69 years","Jasper","34","3","8"
"70-79 years","Jasper","16","1","3"
"80 & Older years","Jasper","6","0","0"
"<1 years","Jasper","2","0","0"
"01-04 years","Jeff Davis","18","0","0"
"05-09 years","Jeff Davis","22","0","0"
"10-17 years","Jeff Davis","63","0","2"
"18-29 years","Jeff Davis","152","0","2"
"30-39 years","Jeff Davis","130","0","4"
"40-49 years","Jeff Davis","125","0","9"
"50-59 years","Jeff Davis","111","2","7"
"60-69 years","Jeff Davis","79","5","13"
"70-79 years","Jeff Davis","49","10","13"
"80 & Older years","Jeff Davis","11","5","5"
"<1 years","Jeff Davis","2","0","1"
"Unknown years","Jeff Davis","2","0","0"
"01-04 years","Jefferson","16","0","0"
"05-09 years","Jefferson","20","0","0"
"10-17 years","Jefferson","51","0","0"
"18-29 years","Jefferson","130","0","2"
"30-39 years","Jefferson","102","0","4"
"40-49 years","Jefferson","119","3","9"
"50-59 years","Jefferson","147","2","14"
"60-69 years","Jefferson","117","6","16"
"70-79 years","Jefferson","86","8","18"
"80 & Older years","Jefferson","35","12","16"
"<1 years","Jefferson","4","0","0"
"Unknown years","Jefferson","2","0","0"
"01-04 years","Jenkins","5","0","0"
"05-09 years","Jenkins","12","0","0"
"10-17 years","Jenkins","38","0","0"
"18-29 years","Jenkins","70","0","2"
"30-39 years","Jenkins","43","1","3"
"40-49 years","Jenkins","68","2","8"
"50-59 years","Jenkins","79","5","13"
"60-69 years","Jenkins","60","4","9"
"70-79 years","Jenkins","39","11","19"
"80 & Older years","Jenkins","44","8","11"
"<1 years","Jenkins","2","0","0"
"01-04 years","Johnson","4","0","0"
"05-09 years","Johnson","5","0","0"
"10-17 years","Johnson","14","0","0"
"18-29 years","Johnson","71","0","2"
"30-39 years","Johnson","47","0","3"
"40-49 years","Johnson","55","1","6"
"50-59 years","Johnson","71","0","12"
"60-69 years","Johnson","68","5","12"
"70-79 years","Johnson","50","6","13"
"80 & Older years","Johnson","50","10","11"
"Unknown years","Johnson","1","0","0"
"01-04 years","Jones","2","0","0"
"05-09 years","Jones","7","0","0"
"10-17 years","Jones","26","0","0"
"18-29 years","Jones","163","0","3"
"30-39 years","Jones","95","0","3"
"40-49 years","Jones","94","0","4"
"50-59 years","Jones","98","1","12"
"60-69 years","Jones","71","1","11"
"70-79 years","Jones","36","4","14"
"80 & Older years","Jones","26","7","4"
"<1 years","Jones","1","0","0"
"01-04 years","Lamar","5","0","0"
"05-09 years","Lamar","14","0","0"
"10-17 years","Lamar","25","0","1"
"18-29 years","Lamar","54","0","0"
"30-39 years","Lamar","51","0","1"
"40-49 years","Lamar","55","1","2"
"50-59 years","Lamar","61","1","9"
"60-69 years","Lamar","53","3","9"
"70-79 years","Lamar","43","4","10"
"80 & Older years","Lamar","28","10","12"
"<1 years","Lamar","3","0","0"
"Unknown years","Lamar","1","0","0"
"01-04 years","Lanier","5","0","0"
"05-09 years","Lanier","8","0","1"
"10-17 years","Lanier","19","0","1"
"18-29 years","Lanier","70","1","0"
"30-39 years","Lanier","83","0","1"
"40-49 years","Lanier","40","1","1"
"50-59 years","Lanier","38","0","3"
"60-69 years","Lanier","22","1","1"
"70-79 years","Lanier","13","4","4"
"80 & Older years","Lanier","9","0","4"
"<1 years","Lanier","3","0","0"
"01-04 years","Laurens","14","0","0"
"05-09 years","Laurens","17","0","0"
"10-17 years","Laurens","115","0","1"
"18-29 years","Laurens","346","0","4"
"30-39 years","Laurens","248","0","6"
"40-49 years","Laurens","267","3","14"
"50-59 years","Laurens","302","5","32"
"60-69 years","Laurens","255","19","41"
"70-79 years","Laurens","182","23","39"
"80 & Older years","Laurens","120","32","27"
"<1 years","Laurens","6","0","0"
"Unknown years","Laurens","7","0","0"
"01-04 years","Lee","7","0","0"
"05-09 years","Lee","10","0","2"
"10-17 years","Lee","42","0","1"
"18-29 years","Lee","115","1","6"
"30-39 years","Lee","136","1","13"
"40-49 years","Lee","136","2","17"
"50-59 years","Lee","127","5","23"
"60-69 years","Lee","89","6","17"
"70-79 years","Lee","46","6","18"
"80 & Older years","Lee","20","5","10"
"<1 years","Lee","3","0","0"
"01-04 years","Liberty","10","0","0"
"05-09 years","Liberty","23","0","1"
"10-17 years","Liberty","74","0","1"
"18-29 years","Liberty","278","1","9"
"30-39 years","Liberty","202","0","7"
"40-49 years","Liberty","190","0","8"
"50-59 years","Liberty","160","1","25"
"60-69 years","Liberty","124","7","24"
"70-79 years","Liberty","60","8","23"
"80 & Older years","Liberty","38","7","15"
"<1 years","Liberty","12","0","1"
"Unknown years","Liberty","5","0","0"
"01-04 years","Lincoln","3","0","0"
"05-09 years","Lincoln","7","0","0"
"10-17 years","Lincoln","9","0","0"
"18-29 years","Lincoln","44","0","1"
"30-39 years","Lincoln","29","0","1"
"40-49 years","Lincoln","37","0","3"
"50-59 years","Lincoln","29","0","1"
"60-69 years","Lincoln","33","2","8"
"70-79 years","Lincoln","20","1","7"
"80 & Older years","Lincoln","7","4","3"
"<1 years","Lincoln","1","0","0"
"Unknown years","Lincoln","1","0","0"
"01-04 years","Long","10","0","0"
"05-09 years","Long","3","0","0"
"10-17 years","Long","15","0","0"
"18-29 years","Long","50","0","0"
"30-39 years","Long","63","0","0"
"40-49 years","Long","38","0","2"
"50-59 years","Long","35","1","5"
"60-69 years","Long","30","0","3"
"70-79 years","Long","15","3","5"
"80 & Older years","Long","4","0","2"
"<1 years","Long","3","0","0"
"Unknown years","Long","3","0","1"
"01-04 years","Lowndes","59","0","0"
"05-09 years","Lowndes","90","0","0"
"10-17 years","Lowndes","300","0","4"
"18-29 years","Lowndes","1321","3","21"
"30-39 years","Lowndes","671","0","14"
"40-49 years","Lowndes","616","1","28"
"50-59 years","Lowndes","493","6","34"
"60-69 years","Lowndes","325","15","40"
"70-79 years","Lowndes","185","27","33"
"80 & Older years","Lowndes","121","33","34"
"<1 years","Lowndes","16","0","0"
"Unknown years","Lowndes","23","0","0"
"01-04 years","Lumpkin","5","0","0"
"05-09 years","Lumpkin","11","0","0"
"10-17 years","Lumpkin","47","0","2"
"18-29 years","Lumpkin","276","0","3"
"30-39 years","Lumpkin","104","0","4"
"40-49 years","Lumpkin","125","0","10"
"50-59 years","Lumpkin","133","2","12"
"60-69 years","Lumpkin","137","4","17"
"70-79 years","Lumpkin","105","3","27"
"80 & Older years","Lumpkin","39","5","20"
"<1 years","Lumpkin","2","0","1"
"Unknown years","Lumpkin","11","0","0"
"01-04 years","Macon","5","0","0"
"05-09 years","Macon","6","0","0"
"10-17 years","Macon","8","0","0"
"18-29 years","Macon","39","0","1"
"30-39 years","Macon","25","0","3"
"40-49 years","Macon","45","1","5"
"50-59 years","Macon","50","3","9"
"60-69 years","Macon","28","3","16"
"70-79 years","Macon","23","1","10"
"80 & Older years","Macon","10","2","5"
"<1 years","Macon","1","0","0"
"01-04 years","Madison","14","0","0"
"05-09 years","Madison","10","0","0"
"10-17 years","Madison","77","0","0"
"18-29 years","Madison","141","0","1"
"30-39 years","Madison","124","0","5"
"40-49 years","Madison","124","0","8"
"50-59 years","Madison","122","1","14"
"60-69 years","Madison","68","2","13"
"70-79 years","Madison","45","6","17"
"80 & Older years","Madison","12","2","2"
"<1 years","Madison","8","0","1"
"01-04 years","Marion","2","0","0"
"05-09 years","Marion","2","0","0"
"10-17 years","Marion","13","0","0"
"18-29 years","Marion","32","0","0"
"30-39 years","Marion","23","0","2"
"40-49 years","Marion","33","1","5"
"50-59 years","Marion","30","2","5"
"60-69 years","Marion","27","3","3"
"70-79 years","Marion","16","1","3"
"80 & Older years","Marion","16","2","5"
"<1 years","Marion","1","0","0"
"01-04 years","McDuffie","4","0","0"
"05-09 years","McDuffie","5","0","0"
"10-17 years","McDuffie","34","0","0"
"18-29 years","McDuffie","135","0","3"
"30-39 years","McDuffie","101","1","2"
"40-49 years","McDuffie","107","2","8"
"50-59 years","McDuffie","112","2","14"
"60-69 years","McDuffie","83","2","12"
"70-79 years","McDuffie","56","5","24"
"80 & Older years","McDuffie","16","2","10"
"05-09 years","McIntosh","3","0","0"
"10-17 years","McIntosh","17","0","0"
"18-29 years","McIntosh","57","0","2"
"30-39 years","McIntosh","45","0","3"
"40-49 years","McIntosh","48","0","3"
"50-59 years","McIntosh","50","0","2"
"60-69 years","McIntosh","39","2","11"
"70-79 years","McIntosh","32","3","9"
"80 & Older years","McIntosh","6","2","2"
"<1 years","McIntosh","1","0","0"
"Unknown years","McIntosh","2","0","0"
"01-04 years","Meriwether","10","0","1"
"05-09 years","Meriwether","10","0","1"
"10-17 years","Meriwether","15","0","0"
"18-29 years","Meriwether","91","0","3"
"30-39 years","Meriwether","86","2","9"
"40-49 years","Meriwether","108","1","11"
"50-59 years","Meriwether","86","1","11"
"60-69 years","Meriwether","74","1","15"
"70-79 years","Meriwether","53","3","15"
"80 & Older years","Meriwether","34","6","9"
"<1 years","Meriwether","2","0","0"
"01-04 years","Miller","3","0","0"
"05-09 years","Miller","3","0","0"
"10-17 years","Miller","22","0","0"
"18-29 years","Miller","53","0","0"
"30-39 years","Miller","51","0","0"
"40-49 years","Miller","41","0","1"
"50-59 years","Miller","61","0","6"
"60-69 years","Miller","36","2","3"
"70-79 years","Miller","14","0","1"
"80 & Older years","Miller","9","0","1"
"<1 years","Miller","2","0","0"
"01-04 years","Mitchell","3","0","0"
"05-09 years","Mitchell","10","0","0"
"10-17 years","Mitchell","41","0","0"
"18-29 years","Mitchell","128","0","6"
"30-39 years","Mitchell","119","1","12"
"40-49 years","Mitchell","129","2","12"
"50-59 years","Mitchell","164","7","42"
"60-69 years","Mitchell","126","10","36"
"70-79 years","Mitchell","68","8","25"
"80 & Older years","Mitchell","50","18","19"
"Unknown years","Mitchell","3","0","1"
"01-04 years","Monroe","3","0","0"
"05-09 years","Monroe","6","0","0"
"10-17 years","Monroe","34","0","0"
"18-29 years","Monroe","130","1","2"
"30-39 years","Monroe","83","0","2"
"40-49 years","Monroe","93","1","9"
"50-59 years","Monroe","129","2","12"
"60-69 years","Monroe","101","8","24"
"70-79 years","Monroe","72","13","21"
"80 & Older years","Monroe","82","29","18"
"<1 years","Monroe","3","0","1"
"01-04 years","Montgomery","5","0","0"
"05-09 years","Montgomery","3","0","0"
"10-17 years","Montgomery","21","0","1"
"18-29 years","Montgomery","81","0","0"
"30-39 years","Montgomery","48","1","3"
"40-49 years","Montgomery","68","0","1"
"50-59 years","Montgomery","49","0","5"
"60-69 years","Montgomery","43","2","7"
"70-79 years","Montgomery","22","2","6"
"80 & Older years","Montgomery","9","2","2"
"<1 years","Montgomery","2","0","0"
"01-04 years","Morgan","14","0","0"
"05-09 years","Morgan","9","0","0"
"10-17 years","Morgan","45","0","0"
"18-29 years","Morgan","112","0","2"
"30-39 years","Morgan","70","0","5"
"40-49 years","Morgan","72","0","3"
"50-59 years","Morgan","81","0","7"
"60-69 years","Morgan","57","1","4"
"70-79 years","Morgan","22","1","7"
"80 & Older years","Morgan","23","2","11"
"<1 years","Morgan","4","0","0"
"Unknown years","Morgan","1","0","0"
"01-04 years","Murray","13","0","1"
"05-09 years","Murray","10","0","1"
"10-17 years","Murray","62","0","0"
"18-29 years","Murray","225","0","2"
"30-39 years","Murray","144","0","2"
"40-49 years","Murray","171","0","11"
"50-59 years","Murray","144","1","11"
"60-69 years","Murray","84","1","9"
"70-79 years","Murray","49","4","13"
"80 & Older years","Murray","11","2","5"
"<1 years","Murray","4","0","0"
"Unknown years","Murray","2","0","0"
"01-04 years","Muscogee","98","0","3"
"05-09 years","Muscogee","121","0","0"
"10-17 years","Muscogee","311","0","3"
"18-29 years","Muscogee","1614","3","40"
"30-39 years","Muscogee","1023","2","56"
"40-49 years","Muscogee","855","3","60"
"50-59 years","Muscogee","871","22","132"
"60-69 years","Muscogee","696","42","170"
"70-79 years","Muscogee","375","44","117"
"80 & Older years","Muscogee","212","57","98"
"<1 years","Muscogee","35","0","2"
"Unknown years","Muscogee","26","0","0"
"01-04 years","Newton","34","0","2"
"05-09 years","Newton","40","0","0"
"10-17 years","Newton","129","0","1"
"18-29 years","Newton","544","0","18"
"30-39 years","Newton","445","0","32"
"40-49 years","Newton","517","0","46"
"50-59 years","Newton","474","7","60"
"60-69 years","Newton","252","15","47"
"70-79 years","Newton","167","25","45"
"80 & Older years","Newton","134","46","33"
"<1 years","Newton","10","0","1"
"Unknown years","Newton","4","0","0"
"01-04 years","Non-GA Resident/Unknown State","178","0","1"
"05-09 years","Non-GA Resident/Unknown State","280","0","4"
"10-17 years","Non-GA Resident/Unknown State","980","0","6"
"18-29 years","Non-GA Resident/Unknown State","3835","4","43"
"30-39 years","Non-GA Resident/Unknown State","2490","3","54"
"40-49 years","Non-GA Resident/Unknown State","2151","5","56"
"50-59 years","Non-GA Resident/Unknown State","1945","21","121"
"60-69 years","Non-GA Resident/Unknown State","1271","44","144"
"70-79 years","Non-GA Resident/Unknown State","742","50","130"
"80 & Older years","Non-GA Resident/Unknown State","426","45","102"
"<1 years","Non-GA Resident/Unknown State","94","0","1"
"Unknown years","Non-GA Resident/Unknown State","449","0","3"
"01-04 years","Oconee","2","0","0"
"05-09 years","Oconee","10","0","0"
"10-17 years","Oconee","58","0","0"
"18-29 years","Oconee","236","0","2"
"30-39 years","Oconee","88","0","2"
"40-49 years","Oconee","118","0","8"
"50-59 years","Oconee","125","2","4"
"60-69 years","Oconee","81","9","16"
"70-79 years","Oconee","49","4","13"
"80 & Older years","Oconee","45","12","22"
"<1 years","Oconee","1","0","0"
"01-04 years","Oglethorpe","4","0","0"
"05-09 years","Oglethorpe","11","0","0"
"10-17 years","Oglethorpe","29","0","0"
"18-29 years","Oglethorpe","75","0","1"
"30-39 years","Oglethorpe","43","0","0"
"40-49 years","Oglethorpe","55","0","4"
"50-59 years","Oglethorpe","55","1","12"
"60-69 years","Oglethorpe","35","0","8"
"70-79 years","Oglethorpe","36","1","10"
"80 & Older years","Oglethorpe","38","9","12"
"<1 years","Oglethorpe","3","0","0"
"Unknown years","Oglethorpe","1","0","0"
"01-04 years","Paulding","34","0","1"
"05-09 years","Paulding","70","0","0"
"10-17 years","Paulding","257","0","4"
"18-29 years","Paulding","660","0","6"
"30-39 years","Paulding","470","1","15"
"40-49 years","Paulding","522","3","13"
"50-59 years","Paulding","479","6","30"
"60-69 years","Paulding","259","9","35"
"70-79 years","Paulding","138","15","32"
"80 & Older years","Paulding","80","25","13"
"<1 years","Paulding","8","0","0"
"Unknown years","Paulding","10","0","0"
"01-04 years","Peach","8","0","0"
"05-09 years","Peach","11","0","0"
"10-17 years","Peach","22","0","1"
"18-29 years","Peach","157","1","7"
"30-39 years","Peach","135","0","8"
"40-49 years","Peach","102","1","8"
"50-59 years","Peach","116","3","24"
"60-69 years","Peach","96","7","28"
"70-79 years","Peach","40","4","16"
"80 & Older years","Peach","33","8","16"
"<1 years","Peach","4","0","0"
"Unknown years","Peach","2","0","0"
"01-04 years","Pickens","11","0","1"
"05-09 years","Pickens","5","0","0"
"10-17 years","Pickens","31","0","0"
"18-29 years","Pickens","127","0","4"
"30-39 years","Pickens","80","0","4"
"40-49 years","Pickens","129","0","7"
"50-59 years","Pickens","119","0","8"
"60-69 years","Pickens","86","0","12"
"70-79 years","Pickens","53","5","18"
"80 & Older years","Pickens","28","4","7"
"<1 years","Pickens","1","0","0"
"Unknown years","Pickens","3","0","0"
"01-04 years","Pierce","6","0","0"
"05-09 years","Pierce","9","0","0"
"10-17 years","Pierce","34","1","1"
"18-29 years","Pierce","129","0","3"
"30-39 years","Pierce","77","0","3"
"40-49 years","Pierce","114","0","11"
"50-59 years","Pierce","90","3","10"
"60-69 years","Pierce","85","6","26"
"70-79 years","Pierce","59","6","21"
"80 & Older years","Pierce","31","7","7"
"<1 years","Pierce","2","0","0"
"Unknown years","Pierce","3","0","0"
"01-04 years","Pike","11","0","0"
"05-09 years","Pike","6","0","0"
"10-17 years","Pike","32","0","0"
"18-29 years","Pike","66","0","0"
"30-39 years","Pike","51","0","2"
"40-49 years","Pike","67","1","3"
"50-59 years","Pike","50","2","6"
"60-69 years","Pike","38","1","9"
"70-79 years","Pike","37","4","8"
"80 & Older years","Pike","11","3","3"
"Unknown years","Pike","1","0","0"
"01-04 years","Polk","19","0","1"
"05-09 years","Polk","30","0","0"
"10-17 years","Polk","147","0","1"
"18-29 years","Polk","378","0","1"
"30-39 years","Polk","225","0","4"
"40-49 years","Polk","267","1","18"
"50-59 years","Polk","226","3","27"
"60-69 years","Polk","119","7","25"
"70-79 years","Polk","97","5","22"
"80 & Older years","Polk","47","8","15"
"<1 years","Polk","5","0","0"
"Unknown years","Polk","24","0","1"
"05-09 years","Pulaski","3","0","0"
"10-17 years","Pulaski","19","0","1"
"18-29 years","Pulaski","45","0","1"
"30-39 years","Pulaski","40","0","2"
"40-49 years","Pulaski","43","0","5"
"50-59 years","Pulaski","58","0","5"
"60-69 years","Pulaski","53","5","7"
"70-79 years","Pulaski","33","10","13"
"80 & Older years","Pulaski","28","7","4"
"Unknown years","Pulaski","1","0","0"
"01-04 years","Putnam","10","0","0"
"05-09 years","Putnam","26","0","0"
"10-17 years","Putnam","49","0","1"
"18-29 years","Putnam","147","0","3"
"30-39 years","Putnam","87","0","4"
"40-49 years","Putnam","103","1","5"
"50-59 years","Putnam","119","1","9"
"60-69 years","Putnam","98","8","15"
"70-79 years","Putnam","67","9","20"
"80 & Older years","Putnam","45","8","17"
"<1 years","Putnam","4","0","0"
"01-04 years","Quitman","1","0","0"
"10-17 years","Quitman","2","0","0"
"18-29 years","Quitman","7","0","0"
"30-39 years","Quitman","3","0","1"
"40-49 years","Quitman","2","0","1"
"50-59 years","Quitman","4","0","0"
"60-69 years","Quitman","15","1","3"
"70-79 years","Quitman","2","0","1"
"80 & Older years","Quitman","2","0","1"
"01-04 years","Rabun","4","0","0"
"05-09 years","Rabun","6","0","0"
"10-17 years","Rabun","26","0","0"
"18-29 years","Rabun","82","0","4"
"30-39 years","Rabun","59","1","4"
"40-49 years","Rabun","48","0","2"
"50-59 years","Rabun","58","0","6"
"60-69 years","Rabun","61","1","13"
"70-79 years","Rabun","34","4","13"
"80 & Older years","Rabun","21","5","8"
"<1 years","Rabun","2","0","1"
"Unknown years","Rabun","3","0","0"
"05-09 years","Randolph","2","0","0"
"10-17 years","Randolph","4","0","0"
"18-29 years","Randolph","42","0","0"
"30-39 years","Randolph","49","2","2"
"40-49 years","Randolph","38","0","3"
"50-59 years","Randolph","71","3","14"
"60-69 years","Randolph","52","7","12"
"70-79 years","Randolph","30","3","9"
"80 & Older years","Randolph","46","14","16"
"<1 years","Randolph","1","0","0"
"Unknown years","Randolph","3","0","0"
"01-04 years","Richmond","70","0","1"
"05-09 years","Richmond","120","0","1"
"10-17 years","Richmond","414","0","2"
"18-29 years","Richmond","1827","3","20"
"30-39 years","Richmond","1335","3","43"
"40-49 years","Richmond","1147","12","59"
"50-59 years","Richmond","1129","15","102"
"60-69 years","Richmond","776","30","110"
"70-79 years","Richmond","432","35","118"
"80 & Older years","Richmond","316","75","146"
"<1 years","Richmond","32","0","1"
"Unknown years","Richmond","12","0","0"
"01-04 years","Rockdale","28","0","0"
"05-09 years","Rockdale","42","0","0"
"10-17 years","Rockdale","110","0","1"
"18-29 years","Rockdale","421","2","20"
"30-39 years","Rockdale","332","2","35"
"40-49 years","Rockdale","353","4","41"
"50-59 years","Rockdale","355","5","44"
"60-69 years","Rockdale","205","9","54"
"70-79 years","Rockdale","99","13","39"
"80 & Older years","Rockdale","36","5","15"
"<1 years","Rockdale","1","0","0"
"Unknown years","Rockdale","1","0","0"
"01-04 years","Schley","4","0","0"
"05-09 years","Schley","3","0","0"
"10-17 years","Schley","12","0","0"
"18-29 years","Schley","24","0","1"
"30-39 years","Schley","10","0","0"
"40-49 years","Schley","13","0","2"
"50-59 years","Schley","16","0","3"
"60-69 years","Schley","16","1","7"
"70-79 years","Schley","6","0","2"
"80 & Older years","Schley","3","1","1"
"<1 years","Schley","1","0","0"
"01-04 years","Screven","2","0","0"
"05-09 years","Screven","7","0","0"
"10-17 years","Screven","40","0","0"
"18-29 years","Screven","81","0","3"
"30-39 years","Screven","55","0","2"
"40-49 years","Screven","57","1","4"
"50-59 years","Screven","56","0","9"
"60-69 years","Screven","69","1","12"
"70-79 years","Screven","37","3","10"
"80 & Older years","Screven","27","6","7"
"<1 years","Screven","2","0","0"
"Unknown years","Screven","4","0","0"
"01-04 years","Seminole","12","0","0"
"05-09 years","Seminole","9","0","0"
"10-17 years","Seminole","38","0","0"
"18-29 years","Seminole","55","0","0"
"30-39 years","Seminole","48","0","0"
"40-49 years","Seminole","54","0","2"
"50-59 years","Seminole","55","1","4"
"60-69 years","Seminole","58","1","9"
"70-79 years","Seminole","37","5","7"
"80 & Older years","Seminole","11","3","3"
"<1 years","Seminole","2","0","0"
"01-04 years","Spalding","18","0","0"
"05-09 years","Spalding","10","0","0"
"10-17 years","Spalding","60","0","2"
"18-29 years","Spalding","253","0","10"
"30-39 years","Spalding","225","1","18"
"40-49 years","Spalding","220","2","21"
"50-59 years","Spalding","231","6","44"
"60-69 years","Spalding","185","11","33"
"70-79 years","Spalding","122","16","36"
"80 & Older years","Spalding","121","26","31"
"<1 years","Spalding","1","0","0"
"Unknown years","Spalding","9","0","0"
"01-04 years","Stephens","8","0","0"
"05-09 years","Stephens","22","0","0"
"10-17 years","Stephens","64","0","1"
"18-29 years","Stephens","225","0","8"
"30-39 years","Stephens","138","0","6"
"40-49 years","Stephens","165","1","13"
"50-59 years","Stephens","183","3","19"
"60-69 years","Stephens","183","9","34"
"70-79 years","Stephens","138","11","26"
"80 & Older years","Stephens","91","18","18"
"<1 years","Stephens","1","0","0"
"Unknown years","Stephens","6","0","0"
"01-04 years","Stewart","1","0","0"
"05-09 years","Stewart","2","0","0"
"10-17 years","Stewart","10","0","0"
"18-29 years","Stewart","109","0","10"
"30-39 years","Stewart","144","1","15"
"40-49 years","Stewart","102","1","15"
"50-59 years","Stewart","57","1","10"
"60-69 years","Stewart","46","7","21"
"70-79 years","Stewart","21","2","3"
"80 & Older years","Stewart","17","4","4"
"<1 years","Stewart","1","0","0"
"Unknown years","Stewart","14","0","4"
"01-04 years","Sumter","8","0","0"
"05-09 years","Sumter","14","0","0"
"10-17 years","Sumter","22","0","2"
"18-29 years","Sumter","168","1","5"
"30-39 years","Sumter","132","1","16"
"40-49 years","Sumter","125","2","17"
"50-59 years","Sumter","150","2","37"
"60-69 years","Sumter","150","19","56"
"70-79 years","Sumter","109","19","36"
"80 & Older years","Sumter","69","22","35"
"<1 years","Sumter","1","0","0"
"Unknown years","Sumter","3","0","0"
"01-04 years","Talbot","1","0","0"
"05-09 years","Talbot","1","0","0"
"10-17 years","Talbot","15","0","0"
"18-29 years","Talbot","21","0","1"
"30-39 years","Talbot","16","0","1"
"40-49 years","Talbot","35","1","4"
"50-59 years","Talbot","30","1","4"
"60-69 years","Talbot","23","2","8"
"70-79 years","Talbot","14","1","2"
"80 & Older years","Talbot","10","2","5"
"Unknown years","Talbot","1","0","0"
"10-17 years","Taliaferro","1","0","0"
"18-29 years","Taliaferro","2","0","0"
"30-39 years","Taliaferro","3","0","0"
"40-49 years","Taliaferro","7","0","1"
"50-59 years","Taliaferro","6","0","0"
"60-69 years","Taliaferro","1","0","0"
"70-79 years","Taliaferro","4","0","0"
"80 & Older years","Taliaferro","1","0","1"
"01-04 years","Tattnall","17","0","0"
"05-09 years","Tattnall","27","0","0"
"10-17 years","Tattnall","71","0","0"
"18-29 years","Tattnall","191","0","0"
"30-39 years","Tattnall","121","0","3"
"40-49 years","Tattnall","140","0","5"
"50-59 years","Tattnall","137","3","14"
"60-69 years","Tattnall","105","4","17"
"70-79 years","Tattnall","45","4","19"
"80 & Older years","Tattnall","17","1","6"
"<1 years","Tattnall","4","0","0"
"Unknown years","Tattnall","4","0","1"
"01-04 years","Taylor","8","0","0"
"05-09 years","Taylor","6","0","0"
"10-17 years","Taylor","28","0","1"
"18-29 years","Taylor","43","0","0"
"30-39 years","Taylor","19","0","3"
"40-49 years","Taylor","32","1","3"
"50-59 years","Taylor","29","0","6"
"60-69 years","Taylor","24","4","9"
"70-79 years","Taylor","21","2","6"
"80 & Older years","Taylor","13","5","4"
"<1 years","Taylor","1","0","0"
"01-04 years","Telfair","6","0","0"
"05-09 years","Telfair","5","0","0"
"10-17 years","Telfair","8","0","0"
"18-29 years","Telfair","71","0","2"
"30-39 years","Telfair","45","0","1"
"40-49 years","Telfair","69","0","5"
"50-59 years","Telfair","65","3","6"
"60-69 years","Telfair","70","3","13"
"70-79 years","Telfair","47","5","10"
"80 & Older years","Telfair","31","11","6"
"<1 years","Telfair","3","0","0"
"01-04 years","Terrell","3","0","0"
"05-09 years","Terrell","1","0","0"
"10-17 years","Terrell","16","0","0"
"18-29 years","Terrell","38","0","1"
"30-39 years","Terrell","50","0","9"
"40-49 years","Terrell","42","0","7"
"50-59 years","Terrell","57","3","8"
"60-69 years","Terrell","65","9","23"
"70-79 years","Terrell","42","12","19"
"80 & Older years","Terrell","22","8","7"
"01-04 years","Thomas","23","0","0"
"05-09 years","Thomas","24","0","0"
"10-17 years","Thomas","85","0","0"
"18-29 years","Thomas","276","1","11"
"30-39 years","Thomas","230","0","10"
"40-49 years","Thomas","235","4","16"
"50-59 years","Thomas","243","4","21"
"60-69 years","Thomas","220","8","49"
"70-79 years","Thomas","129","21","33"
"80 & Older years","Thomas","89","30","31"
"<1 years","Thomas","4","0","1"
"01-04 years","Tift","18","0","0"
"05-09 years","Tift","34","0","0"
"10-17 years","Tift","124","0","3"
"18-29 years","Tift","497","0","11"
"30-39 years","Tift","291","1","19"
"40-49 years","Tift","287","5","32"
"50-59 years","Tift","250","9","42"
"60-69 years","Tift","177","12","43"
"70-79 years","Tift","135","18","46"
"80 & Older years","Tift","62","15","36"
"<1 years","Tift","9","0","0"
"Unknown years","Tift","4","0","0"
"01-04 years","Toombs","17","0","0"
"05-09 years","Toombs","25","0","0"
"10-17 years","Toombs","111","0","1"
"18-29 years","Toombs","293","0","4"
"30-39 years","Toombs","218","0","0"
"40-49 years","Toombs","208","1","17"
"50-59 years","Toombs","187","5","13"
"60-69 years","Toombs","164","4","32"
"70-79 years","Toombs","125","21","23"
"80 & Older years","Toombs","79","24","17"
"<1 years","Toombs","1","0","0"
"Unknown years","Toombs","3","0","0"
"05-09 years","Towns","3","0","0"
"10-17 years","Towns","11","0","0"
"18-29 years","Towns","69","0","1"
"30-39 years","Towns","40","0","1"
"40-49 years","Towns","35","1","3"
"50-59 years","Towns","63","1","4"
"60-69 years","Towns","77","0","4"
"70-79 years","Towns","53","1","13"
"80 & Older years","Towns","47","7","20"
"01-04 years","Treutlen","2","0","0"
"05-09 years","Treutlen","5","0","0"
"10-17 years","Treutlen","21","0","0"
"18-29 years","Treutlen","48","0","1"
"30-39 years","Treutlen","38","0","2"
"40-49 years","Treutlen","52","0","4"
"50-59 years","Treutlen","44","1","5"
"60-69 years","Treutlen","34","2","10"
"70-79 years","Treutlen","26","5","4"
"80 & Older years","Treutlen","15","3","5"
"01-04 years","Troup","84","0","0"
"05-09 years","Troup","91","0","0"
"10-17 years","Troup","191","0","2"
"18-29 years","Troup","662","0","22"
"30-39 years","Troup","481","5","32"
"40-49 years","Troup","410","2","38"
"50-59 years","Troup","413","11","69"
"60-69 years","Troup","299","15","60"
"70-79 years","Troup","145","27","57"
"80 & Older years","Troup","141","44","42"
"<1 years","Troup","25","0","1"
"Unknown years","Troup","5","0","0"
"05-09 years","Turner","3","0","0"
"10-17 years","Turner","10","0","0"
"18-29 years","Turner","46","0","1"
"30-39 years","Turner","67","0","6"
"40-49 years","Turner","48","0","2"
"50-59 years","Turner","61","2","8"
"60-69 years","Turner","45","6","15"
"70-79 years","Turner","26","6","10"
"80 & Older years","Turner","23","10","8"
"<1 years","Turner","1","0","1"
"01-04 years","Twiggs","6","0","0"
"05-09 years","Twiggs","1","0","0"
"10-17 years","Twiggs","12","0","0"
"18-29 years","Twiggs","28","0","1"
"30-39 years","Twiggs","28","1","4"
"40-49 years","Twiggs","28","1","7"
"50-59 years","Twiggs","38","1","8"
"60-69 years","Twiggs","40","1","16"
"70-79 years","Twiggs","20","2","10"
"80 & Older years","Twiggs","5","3","4"
"01-04 years","Union","3","0","0"
"05-09 years","Union","10","0","0"
"10-17 years","Union","27","0","1"
"18-29 years","Union","102","1","1"
"30-39 years","Union","87","0","2"
"40-49 years","Union","104","0","8"
"50-59 years","Union","127","2","7"
"60-69 years","Union","139","2","18"
"70-79 years","Union","135","7","25"
"80 & Older years","Union","114","11","26"
"<1 years","Union","1","0","0"
"Unknown years","Union","1","0","0"
"01-04 years","Unknown","12","0","0"
"05-09 years","Unknown","40","0","0"
"10-17 years","Unknown","144","0","1"
"18-29 years","Unknown","530","0","7"
"30-39 years","Unknown","334","0","4"
"40-49 years","Unknown","296","0","4"
"50-59 years","Unknown","260","2","4"
"60-69 years","Unknown","168","2","10"
"70-79 years","Unknown","101","0","11"
"80 & Older years","Unknown","46","0","4"
"<1 years","Unknown","17","0","0"
"Unknown years","Unknown","95","0","3"
"01-04 years","Upson","17","0","0"
"05-09 years","Upson","21","0","0"
"10-17 years","Upson","48","0","1"
"18-29 years","Upson","125","0","4"
"30-39 years","Upson","86","1","3"
"40-49 years","Upson","105","1","6"
"50-59 years","Upson","133","4","13"
"60-69 years","Upson","123","14","20"
"70-79 years","Upson","91","23","24"
"80 & Older years","Upson","73","25","20"
"<1 years","Upson","3","0","0"
"Unknown years","Upson","3","0","0"
"01-04 years","Walker","11","0","0"
"05-09 years","Walker","27","0","0"
"10-17 years","Walker","143","0","0"
"18-29 years","Walker","312","0","1"
"30-39 years","Walker","235","0","5"
"40-49 years","Walker","280","3","9"
"50-59 years","Walker","227","1","13"
"60-69 years","Walker","209","7","22"
"70-79 years","Walker","139","18","24"
"80 & Older years","Walker","97","13","17"
"<1 years","Walker","9","0","0"
"Unknown years","Walker","29","0","2"
"01-04 years","Walton","16","0","0"
"05-09 years","Walton","30","0","1"
"10-17 years","Walton","130","0","2"
"18-29 years","Walton","388","0","11"
"30-39 years","Walton","296","0","13"
"40-49 years","Walton","284","1","23"
"50-59 years","Walton","333","4","35"
"60-69 years","Walton","209","7","35"
"70-79 years","Walton","173","17","44"
"80 & Older years","Walton","145","35","41"
"<1 years","Walton","3","0","0"
"Unknown years","Walton","1","0","0"
"01-04 years","Ware","41","0","1"
"05-09 years","Ware","37","0","0"
"10-17 years","Ware","117","0","2"
"18-29 years","Ware","321","0","3"
"30-39 years","Ware","247","0","11"
"40-49 years","Ware","196","2","16"
"50-59 years","Ware","231","2","37"
"60-69 years","Ware","167","7","28"
"70-79 years","Ware","148","23","54"
"80 & Older years","Ware","107","27","29"
"<1 years","Ware","8","0","0"
"Unknown years","Ware","4","0","1"
"01-04 years","Warren","4","0","0"
"05-09 years","Warren","1","0","0"
"10-17 years","Warren","9","0","0"
"18-29 years","Warren","25","0","2"
"30-39 years","Warren","25","0","2"
"40-49 years","Warren","21","0","4"
"50-59 years","Warren","30","1","5"
"60-69 years","Warren","21","2","5"
"70-79 years","Warren","16","1","6"
"80 & Older years","Warren","7","1","1"
"<1 years","Warren","2","0","1"
"Unknown years","Warren","2","0","0"
"01-04 years","Washington","10","0","0"
"05-09 years","Washington","9","0","1"
"10-17 years","Washington","49","0","1"
"18-29 years","Washington","139","0","4"
"30-39 years","Washington","108","0","7"
"40-49 years","Washington","151","1","8"
"50-59 years","Washington","94","0","9"
"60-69 years","Washington","88","6","11"
"70-79 years","Washington","47","2","7"
"80 & Older years","Washington","16","2","4"
"<1 years","Washington","6","0","0"
"Unknown years","Washington","2","0","0"
"01-04 years","Wayne","13","0","0"
"05-09 years","Wayne","5","0","0"
"10-17 years","Wayne","56","0","0"
"18-29 years","Wayne","190","1","6"
"30-39 years","Wayne","199","0","3"
"40-49 years","Wayne","224","0","19"
"50-59 years","Wayne","179","2","10"
"60-69 years","Wayne","128","6","26"
"70-79 years","Wayne","125","11","35"
"80 & Older years","Wayne","64","9","11"
"<1 years","Wayne","1","0","0"
"Unknown years","Wayne","7","0","0"
"18-29 years","Webster","9","0","1"
"30-39 years","Webster","3","0","0"
"40-49 years","Webster","7","0","2"
"50-59 years","Webster","11","2","4"
"60-69 years","Webster","9","0","3"
"70-79 years","Webster","3","0","0"
"Unknown years","Webster","2","0","0"
"05-09 years","Wheeler","2","0","0"
"10-17 years","Wheeler","13","0","0"
"18-29 years","Wheeler","35","0","0"
"30-39 years","Wheeler","56","2","2"
"40-49 years","Wheeler","70","1","3"
"50-59 years","Wheeler","71","4","5"
"60-69 years","Wheeler","46","2","4"
"70-79 years","Wheeler","26","2","4"
"80 & Older years","Wheeler","8","1","0"
"<1 years","Wheeler","2","0","0"
"Unknown years","Wheeler","27","1","1"
"01-04 years","White","9","0","0"
"05-09 years","White","14","0","0"
"10-17 years","White","62","0","1"
"18-29 years","White","159","1","4"
"30-39 years","White","121","1","4"
"40-49 years","White","140","1","6"
"50-59 years","White","148","1","14"
"60-69 years","White","135","3","24"
"70-79 years","White","102","4","29"
"80 & Older years","White","69","11","23"
"<1 years","White","4","0","0"
"Unknown years","White","10","0","0"
"01-04 years","Whitfield","61","0","2"
"05-09 years","Whitfield","84","0","1"
"10-17 years","Whitfield","385","0","1"
"18-29 years","Whitfield","1392","0","22"
"30-39 years","Whitfield","832","1","28"
"40-49 years","Whitfield","855","1","38"
"50-59 years","Whitfield","699","10","46"
"60-69 years","Whitfield","360","15","54"
"70-79 years","Whitfield","192","13","41"
"80 & Older years","Whitfield","101","23","25"
"<1 years","Whitfield","28","0","3"
"Unknown years","Whitfield","4","0","0"
"01-04 years","Wilcox","8","0","0"
"05-09 years","Wilcox","1","0","0"
"10-17 years","Wilcox","9","0","0"
"18-29 years","Wilcox","15","0","0"
"30-39 years","Wilcox","19","0","1"
"40-49 years","Wilcox","45","0","11"
"50-59 years","Wilcox","38","0","9"
"60-69 years","Wilcox","63","9","19"
"70-79 years","Wilcox","36","9","7"
"80 & Older years","Wilcox","16","7","4"
"<1 years","Wilcox","1","0","0"
"01-04 years","Wilkes","3","0","0"
"05-09 years","Wilkes","6","0","0"
"10-17 years","Wilkes","27","0","0"
"18-29 years","Wilkes","57","0","0"
"30-39 years","Wilkes","44","0","3"
"40-49 years","Wilkes","40","0","6"
"50-59 years","Wilkes","45","1","2"
"60-69 years","Wilkes","22","0","3"
"70-79 years","Wilkes","19","1","9"
"80 & Older years","Wilkes","10","4","7"
"01-04 years","Wilkinson","4","0","0"
"05-09 years","Wilkinson","7","0","0"
"10-17 years","Wilkinson","11","0","0"
"18-29 years","Wilkinson","59","0","2"
"30-39 years","Wilkinson","48","0","4"
"40-49 years","Wilkinson","38","0","2"
"50-59 years","Wilkinson","69","3","15"
"60-69 years","Wilkinson","71","5","20"
"70-79 years","Wilkinson","31","6","13"
"80 & Older years","Wilkinson","20","4","12"
"<1 years","Wilkinson","1","0","0"
"01-04 years","Worth","5","0","0"
"05-09 years","Worth","5","0","0"
"10-17 years","Worth","28","0","4"
"18-29 years","Worth","101","0","4"
"30-39 years","Worth","61","0","4"
"40-49 years","Worth","77","1","10"
"50-59 years","Worth","100","4","18"
"60-69 years","Worth","97","12","30"
"70-79 years","Worth","58","8","17"
"80 & Older years","Worth","45","7","11"
"<1 years","Worth","3","0","0"
"Unknown years","Worth","1","0","0"
