"age group","county name","cases","deaths","confirmed_case_hospitalization"
"01-04 years","Georgia","37132","3","482"
"05-09 years","Georgia","65136","5","385"
"10-17 years","Georgia","167801","16","1435"
"18-29 years","Georgia","384004","238","7394"
"30-39 years","Georgia","297756","621","9184"
"40-49 years","Georgia","268830","1382","12336"
"50-59 years","Georgia","239667","3218","17823"
"60-69 years","Georgia","156362","5738","19907"
"70-79 years","Georgia","85758","7340","18042"
"80 & Older years","Georgia","45236","8554","13339"
"<1 years","Georgia","12516","1","577"
"Unknown years","Georgia","5702","0","195"
"01-04 years","Appling","70","0","0"
"05-09 years","Appling","116","0","0"
"10-17 years","Appling","401","0","3"
"18-29 years","Appling","602","1","8"
"30-39 years","Appling","466","3","10"
"40-49 years","Appling","453","9","28"
"50-59 years","Appling","458","11","44"
"60-69 years","Appling","373","22","69"
"70-79 years","Appling","246","25","47"
"80 & Older years","Appling","130","29","41"
"<1 years","Appling","12","0","0"
"Unknown years","Appling","2","0","0"
"01-04 years","Atkinson","32","0","2"
"05-09 years","Atkinson","61","0","1"
"10-17 years","Atkinson","159","0","2"
"18-29 years","Atkinson","295","0","16"
"30-39 years","Atkinson","217","0","15"
"40-49 years","Atkinson","208","4","34"
"50-59 years","Atkinson","202","5","37"
"60-69 years","Atkinson","132","7","42"
"70-79 years","Atkinson","65","8","26"
"80 & Older years","Atkinson","25","8","14"
"<1 years","Atkinson","8","0","0"
"Unknown years","Atkinson","1","0","0"
"01-04 years","Bacon","50","0","1"
"05-09 years","Bacon","71","0","0"
"10-17 years","Bacon","216","0","1"
"18-29 years","Bacon","596","0","9"
"30-39 years","Bacon","341","1","12"
"40-49 years","Bacon","349","5","23"
"50-59 years","Bacon","263","3","24"
"60-69 years","Bacon","227","17","47"
"70-79 years","Bacon","140","14","40"
"80 & Older years","Bacon","66","13","21"
"<1 years","Bacon","17","0","0"
"Unknown years","Bacon","1","0","0"
"01-04 years","Baker","11","0","0"
"05-09 years","Baker","20","0","0"
"10-17 years","Baker","21","0","0"
"18-29 years","Baker","52","0","0"
"30-39 years","Baker","32","0","4"
"40-49 years","Baker","32","3","3"
"50-59 years","Baker","38","0","4"
"60-69 years","Baker","44","3","16"
"70-79 years","Baker","23","3","11"
"80 & Older years","Baker","16","4","6"
"<1 years","Baker","3","0","0"
"01-04 years","Baldwin","109","0","1"
"05-09 years","Baldwin","230","0","0"
"10-17 years","Baldwin","530","1","5"
"18-29 years","Baldwin","1935","0","22"
"30-39 years","Baldwin","970","2","20"
"40-49 years","Baldwin","897","6","45"
"50-59 years","Baldwin","855","22","80"
"60-69 years","Baldwin","651","40","90"
"70-79 years","Baldwin","395","44","70"
"80 & Older years","Baldwin","219","62","76"
"<1 years","Baldwin","37","0","3"
"Unknown years","Baldwin","5","0","0"
"01-04 years","Banks","41","0","2"
"05-09 years","Banks","80","0","1"
"10-17 years","Banks","234","0","5"
"18-29 years","Banks","608","0","20"
"30-39 years","Banks","439","0","21"
"40-49 years","Banks","451","6","29"
"50-59 years","Banks","456","6","40"
"60-69 years","Banks","373","16","70"
"70-79 years","Banks","256","24","77"
"80 & Older years","Banks","110","15","36"
"<1 years","Banks","23","0","3"
"Unknown years","Banks","22","0","1"
"01-04 years","Barrow","342","0","1"
"05-09 years","Barrow","624","0","2"
"10-17 years","Barrow","1778","1","13"
"18-29 years","Barrow","3558","1","65"
"30-39 years","Barrow","3171","3","87"
"40-49 years","Barrow","3028","13","120"
"50-59 years","Barrow","2498","19","177"
"60-69 years","Barrow","1635","48","194"
"70-79 years","Barrow","900","56","144"
"80 & Older years","Barrow","385","65","122"
"<1 years","Barrow","137","0","11"
"Unknown years","Barrow","15","0","2"
"01-04 years","Bartow","402","0","13"
"05-09 years","Bartow","600","0","4"
"10-17 years","Bartow","1868","0","17"
"18-29 years","Bartow","3937","0","39"
"30-39 years","Bartow","3194","6","69"
"40-49 years","Bartow","3075","9","124"
"50-59 years","Bartow","3127","35","224"
"60-69 years","Bartow","1951","85","234"
"70-79 years","Bartow","1223","114","257"
"80 & Older years","Bartow","577","100","155"
"<1 years","Bartow","164","0","8"
"Unknown years","Bartow","67","0","3"
"01-04 years","Ben Hill","42","0","1"
"05-09 years","Ben Hill","39","0","0"
"10-17 years","Ben Hill","169","0","0"
"18-29 years","Ben Hill","412","0","5"
"30-39 years","Ben Hill","325","3","13"
"40-49 years","Ben Hill","286","2","15"
"50-59 years","Ben Hill","298","8","34"
"60-69 years","Ben Hill","251","17","36"
"70-79 years","Ben Hill","164","22","56"
"80 & Older years","Ben Hill","77","20","21"
"<1 years","Ben Hill","14","0","2"
"01-04 years","Berrien","53","0","1"
"05-09 years","Berrien","62","0","0"
"10-17 years","Berrien","181","0","1"
"18-29 years","Berrien","357","0","0"
"30-39 years","Berrien","301","0","5"
"40-49 years","Berrien","231","1","7"
"50-59 years","Berrien","261","6","24"
"60-69 years","Berrien","198","11","28"
"70-79 years","Berrien","134","18","22"
"80 & Older years","Berrien","67","15","15"
"<1 years","Berrien","15","0","0"
"Unknown years","Berrien","1","0","0"
"01-04 years","Bibb","442","0","7"
"05-09 years","Bibb","802","0","4"
"10-17 years","Bibb","2052","0","14"
"18-29 years","Bibb","6133","4","140"
"30-39 years","Bibb","4608","11","193"
"40-49 years","Bibb","4100","28","317"
"50-59 years","Bibb","3620","62","432"
"60-69 years","Bibb","2703","141","566"
"70-79 years","Bibb","1468","168","470"
"80 & Older years","Bibb","835","197","384"
"<1 years","Bibb","127","0","8"
"Unknown years","Bibb","18","0","1"
"01-04 years","Bleckley","21","0","0"
"05-09 years","Bleckley","53","0","0"
"10-17 years","Bleckley","158","0","0"
"18-29 years","Bleckley","317","0","6"
"30-39 years","Bleckley","194","1","5"
"40-49 years","Bleckley","175","1","2"
"50-59 years","Bleckley","164","4","9"
"60-69 years","Bleckley","122","9","15"
"70-79 years","Bleckley","82","8","15"
"80 & Older years","Bleckley","65","18","14"
"<1 years","Bleckley","9","0","0"
"Unknown years","Bleckley","1","0","0"
"01-04 years","Brantley","45","0","0"
"05-09 years","Brantley","83","0","0"
"10-17 years","Brantley","256","0","1"
"18-29 years","Brantley","437","0","5"
"30-39 years","Brantley","332","3","8"
"40-49 years","Brantley","313","5","20"
"50-59 years","Brantley","334","17","34"
"60-69 years","Brantley","238","15","38"
"70-79 years","Brantley","155","25","45"
"80 & Older years","Brantley","66","14","18"
"<1 years","Brantley","9","0","0"
"Unknown years","Brantley","2","0","0"
"01-04 years","Brooks","45","0","1"
"05-09 years","Brooks","66","0","0"
"10-17 years","Brooks","152","0","0"
"18-29 years","Brooks","312","0","4"
"30-39 years","Brooks","248","1","10"
"40-49 years","Brooks","236","2","15"
"50-59 years","Brooks","261","7","32"
"60-69 years","Brooks","160","12","28"
"70-79 years","Brooks","135","17","26"
"80 & Older years","Brooks","83","19","22"
"<1 years","Brooks","18","0","0"
"01-04 years","Bryan","176","0","0"
"05-09 years","Bryan","297","0","2"
"10-17 years","Bryan","761","0","4"
"18-29 years","Bryan","1218","1","20"
"30-39 years","Bryan","1077","4","29"
"40-49 years","Bryan","1020","5","51"
"50-59 years","Bryan","716","8","55"
"60-69 years","Bryan","441","18","63"
"70-79 years","Bryan","253","19","92"
"80 & Older years","Bryan","93","10","33"
"<1 years","Bryan","65","0","4"
"Unknown years","Bryan","19","0","0"
"01-04 years","Bulloch","228","0","1"
"05-09 years","Bulloch","410","0","1"
"10-17 years","Bulloch","1053","0","3"
"18-29 years","Bulloch","3624","1","17"
"30-39 years","Bulloch","1386","5","31"
"40-49 years","Bulloch","1072","7","37"
"50-59 years","Bulloch","945","19","63"
"60-69 years","Bulloch","628","24","72"
"70-79 years","Bulloch","305","26","61"
"80 & Older years","Bulloch","145","19","43"
"<1 years","Bulloch","92","0","4"
"Unknown years","Bulloch","4","0","0"
"01-04 years","Burke","48","0","0"
"05-09 years","Burke","98","0","0"
"10-17 years","Burke","260","0","1"
"18-29 years","Burke","554","2","14"
"30-39 years","Burke","451","1","18"
"40-49 years","Burke","447","4","26"
"50-59 years","Burke","402","6","38"
"60-69 years","Burke","308","8","50"
"70-79 years","Burke","155","16","44"
"80 & Older years","Burke","51","12","20"
"<1 years","Burke","19","0","0"
"Unknown years","Burke","2","0","0"
"01-04 years","Butts","86","0","3"
"05-09 years","Butts","109","0","0"
"10-17 years","Butts","336","0","5"
"18-29 years","Butts","832","0","11"
"30-39 years","Butts","751","1","12"
"40-49 years","Butts","678","5","26"
"50-59 years","Butts","688","17","51"
"60-69 years","Butts","451","20","53"
"70-79 years","Butts","299","36","52"
"80 & Older years","Butts","178","41","17"
"<1 years","Butts","34","0","3"
"Unknown years","Butts","1","0","0"
"01-04 years","Calhoun","27","0","0"
"05-09 years","Calhoun","18","0","0"
"10-17 years","Calhoun","70","0","1"
"18-29 years","Calhoun","133","0","8"
"30-39 years","Calhoun","136","3","7"
"40-49 years","Calhoun","128","1","11"
"50-59 years","Calhoun","117","4","21"
"60-69 years","Calhoun","100","4","27"
"70-79 years","Calhoun","39","7","12"
"80 & Older years","Calhoun","26","2","10"
"<1 years","Calhoun","6","0","0"
"Unknown years","Calhoun","3","0","0"
"01-04 years","Camden","193","0","0"
"05-09 years","Camden","325","0","2"
"10-17 years","Camden","811","0","1"
"18-29 years","Camden","1711","0","11"
"30-39 years","Camden","1387","3","26"
"40-49 years","Camden","972","10","30"
"50-59 years","Camden","1031","13","38"
"60-69 years","Camden","686","23","53"
"70-79 years","Camden","382","13","35"
"80 & Older years","Camden","149","22","29"
"<1 years","Camden","38","0","2"
"Unknown years","Camden","53","0","0"
"01-04 years","Candler","23","0","0"
"05-09 years","Candler","46","0","0"
"10-17 years","Candler","123","0","0"
"18-29 years","Candler","224","0","2"
"30-39 years","Candler","182","0","6"
"40-49 years","Candler","183","5","4"
"50-59 years","Candler","203","13","20"
"60-69 years","Candler","138","10","20"
"70-79 years","Candler","98","15","23"
"80 & Older years","Candler","36","8","15"
"<1 years","Candler","11","0","0"
"01-04 years","Carroll","254","0","3"
"05-09 years","Carroll","408","0","3"
"10-17 years","Carroll","1367","0","7"
"18-29 years","Carroll","3100","1","21"
"30-39 years","Carroll","2172","4","29"
"40-49 years","Carroll","1947","10","49"
"50-59 years","Carroll","1851","17","67"
"60-69 years","Carroll","1240","33","102"
"70-79 years","Carroll","684","40","79"
"80 & Older years","Carroll","365","58","56"
"<1 years","Carroll","95","0","2"
"Unknown years","Carroll","17","0","1"
"01-04 years","Catoosa","226","0","1"
"05-09 years","Catoosa","399","0","2"
"10-17 years","Catoosa","1143","0","2"
"18-29 years","Catoosa","2117","1","15"
"30-39 years","Catoosa","1702","2","16"
"40-49 years","Catoosa","1735","3","36"
"50-59 years","Catoosa","1556","12","61"
"60-69 years","Catoosa","1066","15","79"
"70-79 years","Catoosa","618","28","83"
"80 & Older years","Catoosa","400","44","63"
"<1 years","Catoosa","78","0","1"
"Unknown years","Catoosa","40","0","2"
"01-04 years","Charlton","27","0","0"
"05-09 years","Charlton","60","0","0"
"10-17 years","Charlton","127","0","0"
"18-29 years","Charlton","461","1","3"
"30-39 years","Charlton","386","2","6"
"40-49 years","Charlton","320","3","14"
"50-59 years","Charlton","238","5","13"
"60-69 years","Charlton","214","12","32"
"70-79 years","Charlton","109","11","26"
"80 & Older years","Charlton","42","10","18"
"<1 years","Charlton","12","0","0"
"Unknown years","Charlton","3","0","0"
"01-04 years","Chatham","1618","0","11"
"05-09 years","Chatham","2515","1","6"
"10-17 years","Chatham","4984","0","33"
"18-29 years","Chatham","11542","7","185"
"30-39 years","Chatham","8687","24","268"
"40-49 years","Chatham","6359","43","333"
"50-59 years","Chatham","5298","87","462"
"60-69 years","Chatham","3909","146","599"
"70-79 years","Chatham","1978","175","546"
"80 & Older years","Chatham","1079","211","450"
"<1 years","Chatham","576","0","16"
"Unknown years","Chatham","135","0","2"
"01-04 years","Chattahoochee","23","0","0"
"05-09 years","Chattahoochee","45","0","0"
"10-17 years","Chattahoochee","210","0","2"
"18-29 years","Chattahoochee","4745","7","10"
"30-39 years","Chattahoochee","484","2","5"
"40-49 years","Chattahoochee","111","1","1"
"50-59 years","Chattahoochee","66","1","10"
"60-69 years","Chattahoochee","33","1","7"
"70-79 years","Chattahoochee","21","1","6"
"80 & Older years","Chattahoochee","10","3","5"
"<1 years","Chattahoochee","14","0","0"
"Unknown years","Chattahoochee","2","0","0"
"01-04 years","Chattooga","81","0","0"
"05-09 years","Chattooga","157","0","1"
"10-17 years","Chattooga","516","0","3"
"18-29 years","Chattooga","856","0","10"
"30-39 years","Chattooga","722","2","14"
"40-49 years","Chattooga","723","6","36"
"50-59 years","Chattooga","690","13","48"
"60-69 years","Chattooga","523","23","62"
"70-79 years","Chattooga","310","22","70"
"80 & Older years","Chattooga","180","34","45"
"<1 years","Chattooga","39","0","3"
"Unknown years","Chattooga","14","0","1"
"01-04 years","Cherokee","777","0","8"
"05-09 years","Cherokee","1583","0","13"
"10-17 years","Cherokee","4604","0","24"
"18-29 years","Cherokee","8054","2","138"
"30-39 years","Cherokee","6379","8","189"
"40-49 years","Cherokee","6708","13","261"
"50-59 years","Cherokee","6335","45","397"
"60-69 years","Cherokee","3885","85","420"
"70-79 years","Cherokee","2361","132","411"
"80 & Older years","Cherokee","1213","192","340"
"<1 years","Cherokee","258","0","9"
"Unknown years","Cherokee","64","0","0"
"01-04 years","Clarke","519","0","8"
"05-09 years","Clarke","777","0","8"
"10-17 years","Clarke","1619","0","17"
"18-29 years","Clarke","10531","0","123"
"30-39 years","Clarke","3397","3","105"
"40-49 years","Clarke","2595","6","122"
"50-59 years","Clarke","2114","17","153"
"60-69 years","Clarke","1392","37","170"
"70-79 years","Clarke","824","60","185"
"80 & Older years","Clarke","395","62","117"
"<1 years","Clarke","179","0","5"
"Unknown years","Clarke","11","0","0"
"01-04 years","Clay","10","0","0"
"05-09 years","Clay","12","0","0"
"10-17 years","Clay","33","0","0"
"18-29 years","Clay","61","0","0"
"30-39 years","Clay","56","0","2"
"40-49 years","Clay","50","0","2"
"50-59 years","Clay","33","1","3"
"60-69 years","Clay","30","1","2"
"70-79 years","Clay","25","0","1"
"80 & Older years","Clay","14","2","4"
"<1 years","Clay","3","0","0"
"Unknown years","Clay","1","0","0"
"01-04 years","Clayton","1361","0","20"
"05-09 years","Clayton","2223","1","17"
"10-17 years","Clayton","5107","1","72"
"18-29 years","Clayton","10756","11","282"
"30-39 years","Clayton","9727","36","391"
"40-49 years","Clayton","8144","55","412"
"50-59 years","Clayton","7016","114","571"
"60-69 years","Clayton","4233","197","510"
"70-79 years","Clayton","1678","183","344"
"80 & Older years","Clayton","750","164","216"
"<1 years","Clayton","394","0","21"
"Unknown years","Clayton","58","0","10"
"01-04 years","Clinch","32","0","0"
"05-09 years","Clinch","43","0","0"
"10-17 years","Clinch","124","0","0"
"18-29 years","Clinch","228","0","2"
"30-39 years","Clinch","199","1","5"
"40-49 years","Clinch","176","0","4"
"50-59 years","Clinch","168","3","20"
"60-69 years","Clinch","173","12","24"
"70-79 years","Clinch","78","10","24"
"80 & Older years","Clinch","33","9","10"
"<1 years","Clinch","12","0","0"
"Unknown years","Clinch","1","0","0"
"01-04 years","Cobb","2603","1","31"
"05-09 years","Cobb","4937","0","30"
"10-17 years","Cobb","11822","0","76"
"18-29 years","Cobb","28159","10","334"
"30-39 years","Cobb","21159","36","395"
"40-49 years","Cobb","19341","63","590"
"50-59 years","Cobb","16443","131","813"
"60-69 years","Cobb","9907","249","812"
"70-79 years","Cobb","5089","380","753"
"80 & Older years","Cobb","2799","529","696"
"<1 years","Cobb","755","0","29"
"Unknown years","Cobb","136","0","1"
"01-04 years","Coffee","171","0","2"
"05-09 years","Coffee","302","0","4"
"10-17 years","Coffee","716","0","6"
"18-29 years","Coffee","1593","1","42"
"30-39 years","Coffee","1236","6","72"
"40-49 years","Coffee","1170","16","143"
"50-59 years","Coffee","1062","24","199"
"60-69 years","Coffee","777","51","197"
"70-79 years","Coffee","405","54","170"
"80 & Older years","Coffee","208","47","108"
"<1 years","Coffee","55","0","5"
"Unknown years","Coffee","13","0","0"
"01-04 years","Colquitt","118","0","0"
"05-09 years","Colquitt","298","0","2"
"10-17 years","Colquitt","934","0","12"
"18-29 years","Colquitt","1488","1","35"
"30-39 years","Colquitt","1135","3","35"
"40-49 years","Colquitt","1045","8","49"
"50-59 years","Colquitt","960","24","54"
"60-69 years","Colquitt","696","32","71"
"70-79 years","Colquitt","426","32","67"
"80 & Older years","Colquitt","220","39","43"
"<1 years","Colquitt","48","0","2"
"Unknown years","Colquitt","5","0","0"
"01-04 years","Columbia","335","1","3"
"05-09 years","Columbia","699","1","6"
"10-17 years","Columbia","2008","0","11"
"18-29 years","Columbia","3633","2","42"
"30-39 years","Columbia","3430","7","56"
"40-49 years","Columbia","2921","16","76"
"50-59 years","Columbia","2349","38","120"
"60-69 years","Columbia","1517","45","137"
"70-79 years","Columbia","789","70","156"
"80 & Older years","Columbia","446","90","144"
"<1 years","Columbia","104","0","6"
"Unknown years","Columbia","13","0","0"
"01-04 years","Cook","47","0","3"
"05-09 years","Cook","76","0","0"
"10-17 years","Cook","200","0","2"
"18-29 years","Cook","371","0","10"
"30-39 years","Cook","301","0","5"
"40-49 years","Cook","295","3","19"
"50-59 years","Cook","250","7","23"
"60-69 years","Cook","189","11","24"
"70-79 years","Cook","124","13","30"
"80 & Older years","Cook","81","19","17"
"<1 years","Cook","26","0","2"
"01-04 years","Coweta","428","0","3"
"05-09 years","Coweta","715","0","3"
"10-17 years","Coweta","1970","0","20"
"18-29 years","Coweta","3669","5","89"
"30-39 years","Coweta","2958","13","136"
"40-49 years","Coweta","3003","28","155"
"50-59 years","Coweta","3163","52","222"
"60-69 years","Coweta","1823","67","202"
"70-79 years","Coweta","1070","100","214"
"80 & Older years","Coweta","521","104","138"
"<1 years","Coweta","118","0","8"
"Unknown years","Coweta","15","0","0"
"01-04 years","Crawford","8","0","0"
"05-09 years","Crawford","16","0","0"
"10-17 years","Crawford","63","0","2"
"18-29 years","Crawford","178","0","4"
"30-39 years","Crawford","172","1","11"
"40-49 years","Crawford","141","3","8"
"50-59 years","Crawford","206","9","25"
"60-69 years","Crawford","167","12","25"
"70-79 years","Crawford","97","12","23"
"80 & Older years","Crawford","35","3","15"
"<1 years","Crawford","2","0","0"
"01-04 years","Crisp","44","0","0"
"05-09 years","Crisp","88","0","0"
"10-17 years","Crisp","249","0","3"
"18-29 years","Crisp","406","0","14"
"30-39 years","Crisp","393","2","20"
"40-49 years","Crisp","334","4","23"
"50-59 years","Crisp","318","4","32"
"60-69 years","Crisp","269","22","50"
"70-79 years","Crisp","134","16","35"
"80 & Older years","Crisp","75","20","18"
"<1 years","Crisp","26","0","0"
"Unknown years","Crisp","65","0","0"
"01-04 years","Dade","44","0","0"
"05-09 years","Dade","100","0","0"
"10-17 years","Dade","239","0","1"
"18-29 years","Dade","457","0","2"
"30-39 years","Dade","317","0","2"
"40-49 years","Dade","354","1","10"
"50-59 years","Dade","287","5","22"
"60-69 years","Dade","236","2","14"
"70-79 years","Dade","148","11","24"
"80 & Older years","Dade","71","3","13"
"<1 years","Dade","14","0","0"
"Unknown years","Dade","16","0","1"
"01-04 years","Dawson","102","0","0"
"05-09 years","Dawson","161","0","0"
"10-17 years","Dawson","463","0","6"
"18-29 years","Dawson","1102","0","20"
"30-39 years","Dawson","927","2","26"
"40-49 years","Dawson","787","2","42"
"50-59 years","Dawson","883","9","61"
"60-69 years","Dawson","639","15","97"
"70-79 years","Dawson","386","30","72"
"80 & Older years","Dawson","157","25","39"
"<1 years","Dawson","38","0","3"
"Unknown years","Dawson","40","0","1"
"01-04 years","DeKalb","2696","0","33"
"05-09 years","DeKalb","4251","0","35"
"10-17 years","DeKalb","9124","0","121"
"18-29 years","DeKalb","26272","16","717"
"30-39 years","DeKalb","23156","30","945"
"40-49 years","DeKalb","17590","63","1023"
"50-59 years","DeKalb","14869","162","1304"
"60-69 years","DeKalb","9220","267","1385"
"70-79 years","DeKalb","4480","341","1041"
"80 & Older years","DeKalb","2445","427","723"
"<1 years","DeKalb","769","0","32"
"Unknown years","DeKalb","355","0","16"
"01-04 years","Decatur","167","0","2"
"05-09 years","Decatur","194","0","0"
"10-17 years","Decatur","453","0","1"
"18-29 years","Decatur","859","1","20"
"30-39 years","Decatur","643","1","11"
"40-49 years","Decatur","609","3","32"
"50-59 years","Decatur","519","10","46"
"60-69 years","Decatur","379","18","56"
"70-79 years","Decatur","219","24","41"
"80 & Older years","Decatur","132","24","27"
"<1 years","Decatur","52","0","0"
"Unknown years","Decatur","6","0","0"
"01-04 years","Dodge","27","0","0"
"05-09 years","Dodge","57","0","0"
"10-17 years","Dodge","203","1","2"
"18-29 years","Dodge","407","0","7"
"30-39 years","Dodge","264","2","10"
"40-49 years","Dodge","278","3","13"
"50-59 years","Dodge","258","6","23"
"60-69 years","Dodge","198","19","33"
"70-79 years","Dodge","110","18","24"
"80 & Older years","Dodge","70","15","16"
"<1 years","Dodge","12","0","0"
"Unknown years","Dodge","1","0","0"
"01-04 years","Dooly","29","0","0"
"05-09 years","Dooly","52","0","0"
"10-17 years","Dooly","138","0","1"
"18-29 years","Dooly","237","1","5"
"30-39 years","Dooly","178","0","12"
"40-49 years","Dooly","216","2","14"
"50-59 years","Dooly","215","6","22"
"60-69 years","Dooly","173","11","27"
"70-79 years","Dooly","83","10","21"
"80 & Older years","Dooly","31","9","6"
"<1 years","Dooly","10","0","0"
"Unknown years","Dooly","17","0","0"
"01-04 years","Dougherty","297","0","5"
"05-09 years","Dougherty","656","0","0"
"10-17 years","Dougherty","1580","0","16"
"18-29 years","Dougherty","2433","3","158"
"30-39 years","Dougherty","2018","8","133"
"40-49 years","Dougherty","1718","31","173"
"50-59 years","Dougherty","1567","43","229"
"60-69 years","Dougherty","1235","104","343"
"70-79 years","Dougherty","646","90","234"
"80 & Older years","Dougherty","397","124","174"
"<1 years","Dougherty","105","0","9"
"Unknown years","Dougherty","45","0","1"
"01-04 years","Douglas","577","0","8"
"05-09 years","Douglas","1026","0","9"
"10-17 years","Douglas","2751","1","27"
"18-29 years","Douglas","5170","0","73"
"30-39 years","Douglas","4464","8","110"
"40-49 years","Douglas","4621","14","176"
"50-59 years","Douglas","3980","33","232"
"60-69 years","Douglas","2204","63","242"
"70-79 years","Douglas","1053","75","187"
"80 & Older years","Douglas","478","74","136"
"<1 years","Douglas","175","0","8"
"Unknown years","Douglas","27","0","1"
"01-04 years","Early","61","0","0"
"05-09 years","Early","78","0","0"
"10-17 years","Early","286","0","0"
"18-29 years","Early","326","1","12"
"30-39 years","Early","276","1","6"
"40-49 years","Early","284","1","13"
"50-59 years","Early","270","5","17"
"60-69 years","Early","188","12","21"
"70-79 years","Early","113","20","23"
"80 & Older years","Early","62","13","19"
"<1 years","Early","10","0","0"
"Unknown years","Early","1","0","0"
"01-04 years","Echols","13","0","0"
"05-09 years","Echols","10","0","0"
"10-17 years","Echols","34","0","1"
"18-29 years","Echols","147","0","2"
"30-39 years","Echols","71","1","4"
"40-49 years","Echols","54","0","1"
"50-59 years","Echols","52","1","2"
"60-69 years","Echols","28","0","1"
"70-79 years","Echols","23","2","3"
"80 & Older years","Echols","5","1","2"
"<1 years","Echols","4","0","0"
"01-04 years","Effingham","238","0","1"
"05-09 years","Effingham","479","0","3"
"10-17 years","Effingham","1134","0","2"
"18-29 years","Effingham","1663","1","14"
"30-39 years","Effingham","1687","4","43"
"40-49 years","Effingham","1398","10","72"
"50-59 years","Effingham","1231","32","116"
"60-69 years","Effingham","791","28","119"
"70-79 years","Effingham","397","39","111"
"80 & Older years","Effingham","177","41","51"
"<1 years","Effingham","77","0","6"
"Unknown years","Effingham","25","0","0"
"01-04 years","Elbert","48","0","0"
"05-09 years","Elbert","73","0","0"
"10-17 years","Elbert","184","0","3"
"18-29 years","Elbert","452","1","6"
"30-39 years","Elbert","340","0","13"
"40-49 years","Elbert","344","1","17"
"50-59 years","Elbert","353","4","33"
"60-69 years","Elbert","286","8","39"
"70-79 years","Elbert","216","24","53"
"80 & Older years","Elbert","161","38","53"
"<1 years","Elbert","24","0","4"
"Unknown years","Elbert","5","0","0"
"01-04 years","Emanuel","70","0","2"
"05-09 years","Emanuel","117","0","1"
"10-17 years","Emanuel","356","0","3"
"18-29 years","Emanuel","609","1","5"
"30-39 years","Emanuel","478","0","19"
"40-49 years","Emanuel","482","4","17"
"50-59 years","Emanuel","408","10","40"
"60-69 years","Emanuel","319","16","36"
"70-79 years","Emanuel","195","23","37"
"80 & Older years","Emanuel","80","21","24"
"<1 years","Emanuel","18","0","1"
"Unknown years","Emanuel","6","0","1"
"01-04 years","Evans","28","0","0"
"05-09 years","Evans","65","0","0"
"10-17 years","Evans","144","0","2"
"18-29 years","Evans","267","1","3"
"30-39 years","Evans","242","0","4"
"40-49 years","Evans","203","4","22"
"50-59 years","Evans","194","6","21"
"60-69 years","Evans","121","7","22"
"70-79 years","Evans","76","15","24"
"80 & Older years","Evans","29","4","15"
"<1 years","Evans","10","0","0"
"01-04 years","Fannin","47","0","1"
"05-09 years","Fannin","88","0","0"
"10-17 years","Fannin","319","0","2"
"18-29 years","Fannin","552","0","8"
"30-39 years","Fannin","436","2","13"
"40-49 years","Fannin","499","5","19"
"50-59 years","Fannin","627","7","47"
"60-69 years","Fannin","627","20","66"
"70-79 years","Fannin","424","27","77"
"80 & Older years","Fannin","209","42","57"
"<1 years","Fannin","10","0","1"
"Unknown years","Fannin","7","0","0"
"01-04 years","Fayette","291","0","3"
"05-09 years","Fayette","576","0","4"
"10-17 years","Fayette","1579","0","13"
"18-29 years","Fayette","2694","4","37"
"30-39 years","Fayette","1970","6","56"
"40-49 years","Fayette","2455","7","93"
"50-59 years","Fayette","2420","17","161"
"60-69 years","Fayette","1712","35","153"
"70-79 years","Fayette","868","83","187"
"80 & Older years","Fayette","513","84","135"
"<1 years","Fayette","84","0","4"
"Unknown years","Fayette","23","0","0"
"01-04 years","Floyd","416","0","6"
"05-09 years","Floyd","756","0","1"
"10-17 years","Floyd","2292","1","15"
"18-29 years","Floyd","4359","4","65"
"30-39 years","Floyd","3308","8","82"
"40-49 years","Floyd","3006","18","151"
"50-59 years","Floyd","2938","45","248"
"60-69 years","Floyd","2052","63","295"
"70-79 years","Floyd","1200","93","301"
"80 & Older years","Floyd","637","103","211"
"<1 years","Floyd","170","0","8"
"Unknown years","Floyd","108","0","2"
"01-04 years","Forsyth","905","0","9"
"05-09 years","Forsyth","2129","0","3"
"10-17 years","Forsyth","5287","0","13"
"18-29 years","Forsyth","6381","0","67"
"30-39 years","Forsyth","5556","3","97"
"40-49 years","Forsyth","6947","12","187"
"50-59 years","Forsyth","5731","27","254"
"60-69 years","Forsyth","2950","47","243"
"70-79 years","Forsyth","1667","89","298"
"80 & Older years","Forsyth","899","120","230"
"<1 years","Forsyth","199","0","7"
"Unknown years","Forsyth","356","0","1"
"01-04 years","Franklin","60","0","1"
"05-09 years","Franklin","126","0","0"
"10-17 years","Franklin","382","0","6"
"18-29 years","Franklin","779","1","16"
"30-39 years","Franklin","565","0","14"
"40-49 years","Franklin","587","2","24"
"50-59 years","Franklin","596","5","40"
"60-69 years","Franklin","491","9","49"
"70-79 years","Franklin","292","27","50"
"80 & Older years","Franklin","140","27","35"
"<1 years","Franklin","31","0","4"
"Unknown years","Franklin","49","0","0"
"01-04 years","Fulton","3544","0","57"
"05-09 years","Fulton","5955","0","42"
"10-17 years","Fulton","14446","1","135"
"18-29 years","Fulton","41344","6","869"
"30-39 years","Fulton","33210","51","1097"
"40-49 years","Fulton","25399","65","1168"
"50-59 years","Fulton","21129","190","1676"
"60-69 years","Fulton","12355","342","1578"
"70-79 years","Fulton","6164","470","1281"
"80 & Older years","Fulton","3833","649","1152"
"<1 years","Fulton","994","0","48"
"Unknown years","Fulton","553","0","56"
"01-04 years","Gilmer","69","0","3"
"05-09 years","Gilmer","83","0","0"
"10-17 years","Gilmer","363","0","5"
"18-29 years","Gilmer","612","0","24"
"30-39 years","Gilmer","567","2","28"
"40-49 years","Gilmer","589","1","29"
"50-59 years","Gilmer","679","17","61"
"60-69 years","Gilmer","636","21","81"
"70-79 years","Gilmer","432","42","103"
"80 & Older years","Gilmer","208","43","66"
"<1 years","Gilmer","23","0","0"
"Unknown years","Gilmer","29","0","0"
"01-04 years","Glascock","1","0","0"
"05-09 years","Glascock","7","0","0"
"10-17 years","Glascock","12","0","0"
"18-29 years","Glascock","41","0","1"
"30-39 years","Glascock","35","0","2"
"40-49 years","Glascock","36","0","1"
"50-59 years","Glascock","45","2","5"
"60-69 years","Glascock","21","0","5"
"70-79 years","Glascock","29","4","9"
"80 & Older years","Glascock","9","2","5"
"<1 years","Glascock","1","0","0"
"Unknown years","Glascock","1","0","0"
"01-04 years","Glynn","407","0","2"
"05-09 years","Glynn","820","0","1"
"10-17 years","Glynn","1891","0","3"
"18-29 years","Glynn","3253","4","38"
"30-39 years","Glynn","2694","9","46"
"40-49 years","Glynn","2281","16","66"
"50-59 years","Glynn","2018","39","113"
"60-69 years","Glynn","1650","78","176"
"70-79 years","Glynn","957","78","129"
"80 & Older years","Glynn","471","92","122"
"<1 years","Glynn","114","0","4"
"Unknown years","Glynn","42","0","0"
"01-04 years","Gordon","205","0","1"
"05-09 years","Gordon","306","1","2"
"10-17 years","Gordon","1109","0","7"
"18-29 years","Gordon","2250","3","20"
"30-39 years","Gordon","1774","4","32"
"40-49 years","Gordon","1741","9","47"
"50-59 years","Gordon","1602","25","79"
"60-69 years","Gordon","1022","57","89"
"70-79 years","Gordon","559","50","110"
"80 & Older years","Gordon","281","44","69"
"<1 years","Gordon","79","0","4"
"Unknown years","Gordon","47","0","0"
"01-04 years","Grady","108","0","1"
"05-09 years","Grady","208","0","0"
"10-17 years","Grady","423","0","5"
"18-29 years","Grady","529","0","16"
"30-39 years","Grady","472","0","17"
"40-49 years","Grady","443","3","35"
"50-59 years","Grady","425","13","44"
"60-69 years","Grady","293","9","36"
"70-79 years","Grady","234","27","68"
"80 & Older years","Grady","81","18","26"
"<1 years","Grady","52","0","3"
"Unknown years","Grady","7","0","0"
"01-04 years","Greene","45","0","1"
"05-09 years","Greene","96","0","0"
"10-17 years","Greene","261","0","3"
"18-29 years","Greene","489","0","13"
"30-39 years","Greene","394","0","16"
"40-49 years","Greene","339","4","23"
"50-59 years","Greene","436","7","33"
"60-69 years","Greene","414","10","39"
"70-79 years","Greene","315","13","48"
"80 & Older years","Greene","148","31","57"
"<1 years","Greene","16","0","3"
"Unknown years","Greene","2","0","0"
"01-04 years","Gwinnett","3410","0","30"
"05-09 years","Gwinnett","5920","0","33"
"10-17 years","Gwinnett","15479","3","97"
"18-29 years","Gwinnett","34705","19","678"
"30-39 years","Gwinnett","27300","35","742"
"40-49 years","Gwinnett","27529","101","1025"
"50-59 years","Gwinnett","22471","181","1238"
"60-69 years","Gwinnett","12469","304","1207"
"70-79 years","Gwinnett","5495","374","1002"
"80 & Older years","Gwinnett","2800","503","868"
"<1 years","Gwinnett","1199","0","33"
"Unknown years","Gwinnett","219","0","6"
"01-04 years","Habersham","94","0","2"
"05-09 years","Habersham","176","0","0"
"10-17 years","Habersham","582","1","10"
"18-29 years","Habersham","1466","1","22"
"30-39 years","Habersham","1133","5","40"
"40-49 years","Habersham","1110","5","64"
"50-59 years","Habersham","1183","14","94"
"60-69 years","Habersham","937","31","154"
"70-79 years","Habersham","625","67","156"
"80 & Older years","Habersham","391","84","112"
"<1 years","Habersham","51","0","11"
"Unknown years","Habersham","60","0","2"
"01-04 years","Hall","528","0","10"
"05-09 years","Hall","1073","0","10"
"10-17 years","Hall","3798","0","42"
"18-29 years","Hall","9401","8","246"
"30-39 years","Hall","6598","11","291"
"40-49 years","Hall","6515","34","408"
"50-59 years","Hall","6635","65","576"
"60-69 years","Hall","4369","124","581"
"70-79 years","Hall","2700","183","649"
"80 & Older years","Hall","1483","255","485"
"<1 years","Hall","207","0","23"
"Unknown years","Hall","490","0","10"
"01-04 years","Hancock","16","0","0"
"05-09 years","Hancock","30","0","0"
"10-17 years","Hancock","81","0","1"
"18-29 years","Hancock","211","0","3"
"30-39 years","Hancock","191","2","6"
"40-49 years","Hancock","156","2","8"
"50-59 years","Hancock","205","6","19"
"60-69 years","Hancock","199","20","37"
"70-79 years","Hancock","100","22","28"
"80 & Older years","Hancock","74","25","25"
"<1 years","Hancock","7","0","0"
"01-04 years","Haralson","56","0","0"
"05-09 years","Haralson","102","0","0"
"10-17 years","Haralson","323","0","2"
"18-29 years","Haralson","639","0","6"
"30-39 years","Haralson","448","0","8"
"40-49 years","Haralson","474","2","10"
"50-59 years","Haralson","512","6","18"
"60-69 years","Haralson","303","16","25"
"70-79 years","Haralson","182","16","20"
"80 & Older years","Haralson","82","11","12"
"<1 years","Haralson","20","0","1"
"Unknown years","Haralson","6","0","0"
"01-04 years","Harris","79","0","0"
"05-09 years","Harris","156","0","0"
"10-17 years","Harris","466","0","3"
"18-29 years","Harris","741","0","12"
"30-39 years","Harris","656","0","17"
"40-49 years","Harris","742","5","30"
"50-59 years","Harris","784","10","52"
"60-69 years","Harris","592","18","81"
"70-79 years","Harris","349","37","67"
"80 & Older years","Harris","105","17","25"
"<1 years","Harris","17","0","0"
"Unknown years","Harris","10","0","0"
"01-04 years","Hart","53","0","0"
"05-09 years","Hart","76","0","1"
"10-17 years","Hart","262","0","0"
"18-29 years","Hart","540","0","4"
"30-39 years","Hart","447","0","13"
"40-49 years","Hart","394","2","20"
"50-59 years","Hart","469","4","30"
"60-69 years","Hart","335","15","37"
"70-79 years","Hart","216","12","37"
"80 & Older years","Hart","113","17","33"
"<1 years","Hart","24","0","1"
"Unknown years","Hart","19","0","0"
"01-04 years","Heard","22","0","1"
"05-09 years","Heard","60","0","0"
"10-17 years","Heard","151","0","3"
"18-29 years","Heard","248","2","4"
"30-39 years","Heard","169","0","2"
"40-49 years","Heard","227","1","19"
"50-59 years","Heard","213","2","13"
"60-69 years","Heard","157","6","17"
"70-79 years","Heard","81","8","19"
"80 & Older years","Heard","35","8","6"
"<1 years","Heard","11","0","0"
"01-04 years","Henry","892","0","16"
"05-09 years","Henry","1619","0","8"
"10-17 years","Henry","4429","0","47"
"18-29 years","Henry","8267","3","155"
"30-39 years","Henry","7070","13","192"
"40-49 years","Henry","7426","41","272"
"50-59 years","Henry","6586","57","337"
"60-69 years","Henry","3525","129","322"
"70-79 years","Henry","1667","138","244"
"80 & Older years","Henry","787","143","165"
"<1 years","Henry","271","0","12"
"Unknown years","Henry","61","0","3"
"01-04 years","Houston","397","0","5"
"05-09 years","Houston","808","0","1"
"10-17 years","Houston","2284","0","10"
"18-29 years","Houston","4413","7","71"
"30-39 years","Houston","3994","7","103"
"40-49 years","Houston","3359","18","153"
"50-59 years","Houston","2698","34","195"
"60-69 years","Houston","1759","73","247"
"70-79 years","Houston","878","81","213"
"80 & Older years","Houston","450","78","133"
"<1 years","Houston","99","1","8"
"Unknown years","Houston","11","0","0"
"01-04 years","Irwin","11","0","0"
"05-09 years","Irwin","22","0","0"
"10-17 years","Irwin","73","0","0"
"18-29 years","Irwin","194","0","6"
"30-39 years","Irwin","158","0","9"
"40-49 years","Irwin","178","1","11"
"50-59 years","Irwin","135","3","13"
"60-69 years","Irwin","105","2","24"
"70-79 years","Irwin","58","8","10"
"80 & Older years","Irwin","43","8","26"
"<1 years","Irwin","1","0","0"
"Unknown years","Irwin","2","0","0"
"01-04 years","Jackson","247","0","3"
"05-09 years","Jackson","536","0","2"
"10-17 years","Jackson","1902","1","14"
"18-29 years","Jackson","2859","3","53"
"30-39 years","Jackson","2868","7","72"
"40-49 years","Jackson","2794","13","115"
"50-59 years","Jackson","2551","24","159"
"60-69 years","Jackson","1688","47","170"
"70-79 years","Jackson","1100","59","189"
"80 & Older years","Jackson","509","80","146"
"<1 years","Jackson","81","0","5"
"Unknown years","Jackson","23","0","1"
"01-04 years","Jasper","31","0","1"
"05-09 years","Jasper","43","0","1"
"10-17 years","Jasper","112","0","2"
"18-29 years","Jasper","291","0","12"
"30-39 years","Jasper","221","2","11"
"40-49 years","Jasper","221","1","13"
"50-59 years","Jasper","265","6","25"
"60-69 years","Jasper","176","11","37"
"70-79 years","Jasper","93","7","18"
"80 & Older years","Jasper","39","7","14"
"<1 years","Jasper","18","0","3"
"Unknown years","Jasper","1","0","0"
"01-04 years","Jeff Davis","50","0","0"
"05-09 years","Jeff Davis","101","0","0"
"10-17 years","Jeff Davis","225","0","2"
"18-29 years","Jeff Davis","440","0","8"
"30-39 years","Jeff Davis","342","0","10"
"40-49 years","Jeff Davis","316","1","22"
"50-59 years","Jeff Davis","287","9","26"
"60-69 years","Jeff Davis","171","10","25"
"70-79 years","Jeff Davis","130","16","24"
"80 & Older years","Jeff Davis","30","9","8"
"<1 years","Jeff Davis","16","0","2"
"Unknown years","Jeff Davis","1","0","0"
"01-04 years","Jefferson","31","0","1"
"05-09 years","Jefferson","57","0","0"
"10-17 years","Jefferson","159","0","2"
"18-29 years","Jefferson","339","0","3"
"30-39 years","Jefferson","304","1","10"
"40-49 years","Jefferson","296","5","21"
"50-59 years","Jefferson","348","9","31"
"60-69 years","Jefferson","299","13","43"
"70-79 years","Jefferson","181","23","50"
"80 & Older years","Jefferson","82","23","33"
"<1 years","Jefferson","10","0","3"
"Unknown years","Jefferson","3","0","0"
"01-04 years","Jenkins","27","0","0"
"05-09 years","Jenkins","36","0","0"
"10-17 years","Jenkins","93","0","1"
"18-29 years","Jenkins","171","0","2"
"30-39 years","Jenkins","120","2","6"
"40-49 years","Jenkins","156","4","14"
"50-59 years","Jenkins","170","7","27"
"60-69 years","Jenkins","113","7","15"
"70-79 years","Jenkins","71","13","20"
"80 & Older years","Jenkins","54","10","12"
"<1 years","Jenkins","5","0","0"
"01-04 years","Johnson","19","0","1"
"05-09 years","Johnson","33","0","0"
"10-17 years","Johnson","98","0","1"
"18-29 years","Johnson","226","0","5"
"30-39 years","Johnson","181","1","6"
"40-49 years","Johnson","172","3","7"
"50-59 years","Johnson","182","7","17"
"60-69 years","Johnson","180","9","24"
"70-79 years","Johnson","110","11","29"
"80 & Older years","Johnson","80","21","26"
"<1 years","Johnson","18","0","3"
"Unknown years","Johnson","3","0","0"
"01-04 years","Jones","42","0","1"
"05-09 years","Jones","87","0","0"
"10-17 years","Jones","248","0","1"
"18-29 years","Jones","675","2","16"
"30-39 years","Jones","563","3","17"
"40-49 years","Jones","538","5","29"
"50-59 years","Jones","554","9","57"
"60-69 years","Jones","368","16","68"
"70-79 years","Jones","230","32","67"
"80 & Older years","Jones","120","24","36"
"<1 years","Jones","11","0","0"
"01-04 years","Lamar","93","0","0"
"05-09 years","Lamar","149","0","0"
"10-17 years","Lamar","360","0","5"
"18-29 years","Lamar","541","0","10"
"30-39 years","Lamar","441","2","15"
"40-49 years","Lamar","398","5","21"
"50-59 years","Lamar","374","12","44"
"60-69 years","Lamar","334","25","45"
"70-79 years","Lamar","220","20","41"
"80 & Older years","Lamar","91","26","29"
"<1 years","Lamar","57","0","1"
"Unknown years","Lamar","3","0","0"
"01-04 years","Lanier","17","0","0"
"05-09 years","Lanier","32","0","1"
"10-17 years","Lanier","113","0","1"
"18-29 years","Lanier","208","1","3"
"30-39 years","Lanier","220","0","3"
"40-49 years","Lanier","143","1","4"
"50-59 years","Lanier","118","2","8"
"60-69 years","Lanier","71","3","4"
"70-79 years","Lanier","56","5","7"
"80 & Older years","Lanier","28","0","6"
"<1 years","Lanier","13","0","0"
"Unknown years","Lanier","1","0","0"
"01-04 years","Laurens","182","0","2"
"05-09 years","Laurens","320","0","2"
"10-17 years","Laurens","870","0","6"
"18-29 years","Laurens","1593","0","13"
"30-39 years","Laurens","1254","4","23"
"40-49 years","Laurens","1139","12","37"
"50-59 years","Laurens","994","28","73"
"60-69 years","Laurens","784","54","106"
"70-79 years","Laurens","474","59","103"
"80 & Older years","Laurens","284","59","73"
"<1 years","Laurens","62","0","6"
"Unknown years","Laurens","42","0","0"
"01-04 years","Lee","73","0","0"
"05-09 years","Lee","111","0","3"
"10-17 years","Lee","345","0","6"
"18-29 years","Lee","594","1","24"
"30-39 years","Lee","651","1","32"
"40-49 years","Lee","603","8","46"
"50-59 years","Lee","506","16","76"
"60-69 years","Lee","312","20","64"
"70-79 years","Lee","140","19","45"
"80 & Older years","Lee","84","17","31"
"<1 years","Lee","23","0","0"
"Unknown years","Lee","11","0","0"
"01-04 years","Liberty","429","0","2"
"05-09 years","Liberty","610","0","3"
"10-17 years","Liberty","1149","0","4"
"18-29 years","Liberty","3033","2","26"
"30-39 years","Liberty","1751","4","39"
"40-49 years","Liberty","1039","4","29"
"50-59 years","Liberty","845","23","76"
"60-69 years","Liberty","522","26","75"
"70-79 years","Liberty","216","22","67"
"80 & Older years","Liberty","84","20","31"
"<1 years","Liberty","120","0","4"
"Unknown years","Liberty","30","0","0"
"01-04 years","Lincoln","19","0","0"
"05-09 years","Lincoln","21","0","1"
"10-17 years","Lincoln","61","0","0"
"18-29 years","Lincoln","139","0","5"
"30-39 years","Lincoln","122","0","5"
"40-49 years","Lincoln","125","1","10"
"50-59 years","Lincoln","107","3","6"
"60-69 years","Lincoln","100","7","22"
"70-79 years","Lincoln","72","9","19"
"80 & Older years","Lincoln","27","7","10"
"<1 years","Lincoln","6","0","1"
"Unknown years","Lincoln","8","0","0"
"01-04 years","Long","81","0","0"
"05-09 years","Long","128","0","0"
"10-17 years","Long","277","0","0"
"18-29 years","Long","418","0","2"
"30-39 years","Long","390","2","9"
"40-49 years","Long","274","4","13"
"50-59 years","Long","181","3","18"
"60-69 years","Long","131","4","17"
"70-79 years","Long","61","6","15"
"80 & Older years","Long","23","2","11"
"<1 years","Long","33","0","0"
"Unknown years","Long","9","0","0"
"01-04 years","Lowndes","350","0","0"
"05-09 years","Lowndes","483","0","1"
"10-17 years","Lowndes","1197","0","10"
"18-29 years","Lowndes","4000","6","44"
"30-39 years","Lowndes","2417","7","43"
"40-49 years","Lowndes","1795","13","75"
"50-59 years","Lowndes","1463","25","94"
"60-69 years","Lowndes","996","48","119"
"70-79 years","Lowndes","591","64","113"
"80 & Older years","Lowndes","335","74","83"
"<1 years","Lowndes","146","0","1"
"Unknown years","Lowndes","16","0","0"
"01-04 years","Lumpkin","57","0","1"
"05-09 years","Lumpkin","142","0","2"
"10-17 years","Lumpkin","427","0","3"
"18-29 years","Lumpkin","1439","0","24"
"30-39 years","Lumpkin","788","1","22"
"40-49 years","Lumpkin","739","1","37"
"50-59 years","Lumpkin","842","10","77"
"60-69 years","Lumpkin","723","20","90"
"70-79 years","Lumpkin","463","20","94"
"80 & Older years","Lumpkin","223","42","92"
"<1 years","Lumpkin","40","0","3"
"Unknown years","Lumpkin","37","0","2"
"01-04 years","Macon","24","0","0"
"05-09 years","Macon","25","0","0"
"10-17 years","Macon","60","0","0"
"18-29 years","Macon","216","0","5"
"30-39 years","Macon","179","1","4"
"40-49 years","Macon","187","4","9"
"50-59 years","Macon","192","6","26"
"60-69 years","Macon","124","11","33"
"70-79 years","Macon","74","9","22"
"80 & Older years","Macon","27","10","11"
"<1 years","Macon","7","0","0"
"Unknown years","Macon","6","0","1"
"01-04 years","Madison","132","0","5"
"05-09 years","Madison","194","0","0"
"10-17 years","Madison","530","0","2"
"18-29 years","Madison","1065","0","30"
"30-39 years","Madison","856","1","29"
"40-49 years","Madison","811","1","38"
"50-59 years","Madison","821","14","52"
"60-69 years","Madison","573","14","67"
"70-79 years","Madison","340","26","79"
"80 & Older years","Madison","131","18","34"
"<1 years","Madison","59","0","7"
"Unknown years","Madison","5","0","0"
"01-04 years","Marion","15","0","0"
"05-09 years","Marion","33","0","1"
"10-17 years","Marion","106","0","0"
"18-29 years","Marion","150","0","6"
"30-39 years","Marion","123","0","4"
"40-49 years","Marion","138","3","9"
"50-59 years","Marion","122","6","14"
"60-69 years","Marion","92","9","15"
"70-79 years","Marion","53","8","14"
"80 & Older years","Marion","45","10","15"
"<1 years","Marion","8","0","0"
"Unknown years","Marion","4","0","0"
"01-04 years","McDuffie","51","0","1"
"05-09 years","McDuffie","80","0","0"
"10-17 years","McDuffie","230","0","1"
"18-29 years","McDuffie","610","0","11"
"30-39 years","McDuffie","464","2","8"
"40-49 years","McDuffie","415","3","23"
"50-59 years","McDuffie","387","12","45"
"60-69 years","McDuffie","284","16","52"
"70-79 years","McDuffie","175","16","58"
"80 & Older years","McDuffie","76","18","32"
"<1 years","McDuffie","12","0","0"
"Unknown years","McDuffie","19","0","0"
"01-04 years","McIntosh","36","0","0"
"05-09 years","McIntosh","70","0","1"
"10-17 years","McIntosh","224","0","0"
"18-29 years","McIntosh","300","0","5"
"30-39 years","McIntosh","251","0","3"
"40-49 years","McIntosh","252","0","6"
"50-59 years","McIntosh","284","5","13"
"60-69 years","McIntosh","208","7","29"
"70-79 years","McIntosh","123","9","24"
"80 & Older years","McIntosh","46","10","13"
"<1 years","McIntosh","4","0","0"
"Unknown years","McIntosh","7","0","0"
"01-04 years","Meriwether","81","0","3"
"05-09 years","Meriwether","91","0","1"
"10-17 years","Meriwether","222","0","2"
"18-29 years","Meriwether","523","0","14"
"30-39 years","Meriwether","389","3","24"
"40-49 years","Meriwether","436","4","30"
"50-59 years","Meriwether","440","12","44"
"60-69 years","Meriwether","398","18","52"
"70-79 years","Meriwether","280","32","58"
"80 & Older years","Meriwether","138","34","32"
"<1 years","Meriwether","30","0","4"
"Unknown years","Meriwether","3","0","0"
"01-04 years","Miller","30","0","0"
"05-09 years","Miller","48","0","0"
"10-17 years","Miller","177","0","1"
"18-29 years","Miller","196","0","1"
"30-39 years","Miller","169","0","0"
"40-49 years","Miller","151","1","7"
"50-59 years","Miller","192","4","19"
"60-69 years","Miller","132","4","14"
"70-79 years","Miller","55","3","6"
"80 & Older years","Miller","42","3","9"
"<1 years","Miller","5","0","0"
"01-04 years","Mitchell","59","0","2"
"05-09 years","Mitchell","97","0","0"
"10-17 years","Mitchell","247","0","5"
"18-29 years","Mitchell","509","1","19"
"30-39 years","Mitchell","438","1","23"
"40-49 years","Mitchell","386","7","28"
"50-59 years","Mitchell","396","13","65"
"60-69 years","Mitchell","305","19","64"
"70-79 years","Mitchell","179","22","60"
"80 & Older years","Mitchell","113","27","36"
"<1 years","Mitchell","21","0","1"
"Unknown years","Mitchell","1","0","0"
"01-04 years","Monroe","33","0","4"
"05-09 years","Monroe","77","0","1"
"10-17 years","Monroe","233","0","1"
"18-29 years","Monroe","635","2","11"
"30-39 years","Monroe","550","0","12"
"40-49 years","Monroe","596","7","29"
"50-59 years","Monroe","591","7","37"
"60-69 years","Monroe","491","29","70"
"70-79 years","Monroe","257","30","58"
"80 & Older years","Monroe","147","45","43"
"<1 years","Monroe","18","0","1"
"Unknown years","Monroe","1","0","0"
"01-04 years","Montgomery","20","0","0"
"05-09 years","Montgomery","23","0","0"
"10-17 years","Montgomery","113","0","1"
"18-29 years","Montgomery","280","1","2"
"30-39 years","Montgomery","202","2","6"
"40-49 years","Montgomery","193","1","4"
"50-59 years","Montgomery","187","6","14"
"60-69 years","Montgomery","157","9","16"
"70-79 years","Montgomery","84","13","16"
"80 & Older years","Montgomery","40","10","7"
"<1 years","Montgomery","6","0","0"
"Unknown years","Montgomery","4","0","0"
"01-04 years","Morgan","65","0","0"
"05-09 years","Morgan","91","0","1"
"10-17 years","Morgan","224","0","2"
"18-29 years","Morgan","482","0","12"
"30-39 years","Morgan","405","0","12"
"40-49 years","Morgan","378","1","12"
"50-59 years","Morgan","413","5","31"
"60-69 years","Morgan","273","8","31"
"70-79 years","Morgan","218","7","33"
"80 & Older years","Morgan","106","21","36"
"<1 years","Morgan","33","0","2"
"Unknown years","Morgan","1","0","0"
"01-04 years","Murray","170","0","2"
"05-09 years","Murray","273","0","3"
"10-17 years","Murray","935","0","2"
"18-29 years","Murray","1769","0","16"
"30-39 years","Murray","1298","2","15"
"40-49 years","Murray","1337","10","43"
"50-59 years","Murray","1128","19","79"
"60-69 years","Murray","748","25","94"
"70-79 years","Murray","442","54","88"
"80 & Older years","Murray","176","33","42"
"<1 years","Murray","85","0","2"
"Unknown years","Murray","4","0","0"
"01-04 years","Muscogee","625","0","8"
"05-09 years","Muscogee","1167","0","0"
"10-17 years","Muscogee","2770","0","25"
"18-29 years","Muscogee","6685","12","159"
"30-39 years","Muscogee","5172","9","199"
"40-49 years","Muscogee","4074","20","232"
"50-59 years","Muscogee","3740","84","371"
"60-69 years","Muscogee","2750","141","466"
"70-79 years","Muscogee","1418","140","328"
"80 & Older years","Muscogee","796","200","265"
"<1 years","Muscogee","202","0","10"
"Unknown years","Muscogee","93","0","0"
"01-04 years","Newton","325","0","19"
"05-09 years","Newton","669","0","9"
"10-17 years","Newton","1578","0","68"
"18-29 years","Newton","3216","1","251"
"30-39 years","Newton","2740","8","228"
"40-49 years","Newton","2858","20","252"
"50-59 years","Newton","2488","47","304"
"60-69 years","Newton","1400","66","252"
"70-79 years","Newton","828","91","235"
"80 & Older years","Newton","450","107","167"
"<1 years","Newton","106","0","19"
"Unknown years","Newton","9","0","1"
"01-04 years","Non-GA Resident/Unknown State","1005","0","12"
"05-09 years","Non-GA Resident/Unknown State","1526","0","9"
"10-17 years","Non-GA Resident/Unknown State","3683","0","24"
"18-29 years","Non-GA Resident/Unknown State","12362","7","214"
"30-39 years","Non-GA Resident/Unknown State","9607","20","249"
"40-49 years","Non-GA Resident/Unknown State","8390","42","295"
"50-59 years","Non-GA Resident/Unknown State","7505","112","459"
"60-69 years","Non-GA Resident/Unknown State","5069","209","554"
"70-79 years","Non-GA Resident/Unknown State","3053","224","535"
"80 & Older years","Non-GA Resident/Unknown State","1687","205","397"
"<1 years","Non-GA Resident/Unknown State","488","0","20"
"Unknown years","Non-GA Resident/Unknown State","1183","0","49"
"01-04 years","Oconee","129","0","0"
"05-09 years","Oconee","263","0","0"
"10-17 years","Oconee","791","0","4"
"18-29 years","Oconee","1070","0","16"
"30-39 years","Oconee","819","1","12"
"40-49 years","Oconee","1115","3","35"
"50-59 years","Oconee","920","6","28"
"60-69 years","Oconee","607","12","49"
"70-79 years","Oconee","335","19","39"
"80 & Older years","Oconee","200","37","55"
"<1 years","Oconee","31","0","0"
"Unknown years","Oconee","5","0","0"
"01-04 years","Oglethorpe","45","0","1"
"05-09 years","Oglethorpe","80","0","0"
"10-17 years","Oglethorpe","219","0","4"
"18-29 years","Oglethorpe","409","0","10"
"30-39 years","Oglethorpe","296","2","14"
"40-49 years","Oglethorpe","317","3","24"
"50-59 years","Oglethorpe","311","1","30"
"60-69 years","Oglethorpe","252","5","30"
"70-79 years","Oglethorpe","175","15","30"
"80 & Older years","Oglethorpe","94","19","28"
"<1 years","Oglethorpe","20","0","1"
"Unknown years","Oglethorpe","1","0","0"
"01-04 years","Paulding","568","0","7"
"05-09 years","Paulding","1033","0","0"
"10-17 years","Paulding","2660","0","11"
"18-29 years","Paulding","4528","1","44"
"30-39 years","Paulding","4144","5","55"
"40-49 years","Paulding","4043","15","83"
"50-59 years","Paulding","3558","39","136"
"60-69 years","Paulding","1883","58","124"
"70-79 years","Paulding","948","62","122"
"80 & Older years","Paulding","515","88","99"
"<1 years","Paulding","207","0","4"
"Unknown years","Paulding","39","0","0"
"01-04 years","Peach","58","0","2"
"05-09 years","Peach","83","0","0"
"10-17 years","Peach","223","0","2"
"18-29 years","Peach","750","1","14"
"30-39 years","Peach","599","3","20"
"40-49 years","Peach","480","9","33"
"50-59 years","Peach","507","14","60"
"60-69 years","Peach","425","21","75"
"70-79 years","Peach","213","26","61"
"80 & Older years","Peach","96","22","38"
"<1 years","Peach","10","0","0"
"Unknown years","Peach","2","0","0"
"01-04 years","Pickens","50","0","4"
"05-09 years","Pickens","101","0","2"
"10-17 years","Pickens","317","0","1"
"18-29 years","Pickens","786","0","21"
"30-39 years","Pickens","646","4","28"
"40-49 years","Pickens","663","1","38"
"50-59 years","Pickens","825","9","61"
"60-69 years","Pickens","632","19","93"
"70-79 years","Pickens","463","35","111"
"80 & Older years","Pickens","205","38","62"
"<1 years","Pickens","14","0","3"
"Unknown years","Pickens","7","0","0"
"01-04 years","Pierce","60","0","0"
"05-09 years","Pierce","86","0","0"
"10-17 years","Pierce","260","1","1"
"18-29 years","Pierce","460","0","8"
"30-39 years","Pierce","349","3","15"
"40-49 years","Pierce","409","5","34"
"50-59 years","Pierce","367","17","45"
"60-69 years","Pierce","278","22","68"
"70-79 years","Pierce","193","24","69"
"80 & Older years","Pierce","76","19","31"
"<1 years","Pierce","27","0","1"
"Unknown years","Pierce","1","0","0"
"01-04 years","Pike","72","0","0"
"05-09 years","Pike","110","0","0"
"10-17 years","Pike","290","0","1"
"18-29 years","Pike","395","2","11"
"30-39 years","Pike","395","2","11"
"40-49 years","Pike","420","3","17"
"50-59 years","Pike","355","10","27"
"60-69 years","Pike","259","15","44"
"70-79 years","Pike","143","9","35"
"80 & Older years","Pike","64","13","14"
"<1 years","Pike","29","0","0"
"Unknown years","Pike","6","0","0"
"01-04 years","Polk","165","0","2"
"05-09 years","Polk","257","0","3"
"10-17 years","Polk","873","0","8"
"18-29 years","Polk","1827","0","28"
"30-39 years","Polk","1373","2","38"
"40-49 years","Polk","1267","8","64"
"50-59 years","Polk","1204","25","124"
"60-69 years","Polk","793","33","128"
"70-79 years","Polk","520","42","134"
"80 & Older years","Polk","225","35","71"
"<1 years","Polk","84","0","3"
"Unknown years","Polk","24","0","0"
"01-04 years","Pulaski","28","0","0"
"05-09 years","Pulaski","43","0","0"
"10-17 years","Pulaski","113","0","1"
"18-29 years","Pulaski","192","0","3"
"30-39 years","Pulaski","178","1","3"
"40-49 years","Pulaski","157","0","10"
"50-59 years","Pulaski","170","4","10"
"60-69 years","Pulaski","136","11","16"
"70-79 years","Pulaski","65","13","18"
"80 & Older years","Pulaski","46","13","7"
"<1 years","Pulaski","11","0","0"
"Unknown years","Pulaski","2","0","0"
"01-04 years","Putnam","61","0","0"
"05-09 years","Putnam","104","0","1"
"10-17 years","Putnam","287","0","2"
"18-29 years","Putnam","566","0","6"
"30-39 years","Putnam","511","1","18"
"40-49 years","Putnam","410","4","22"
"50-59 years","Putnam","528","5","37"
"60-69 years","Putnam","448","24","56"
"70-79 years","Putnam","333","26","77"
"80 & Older years","Putnam","138","27","43"
"<1 years","Putnam","20","0","1"
"Unknown years","Putnam","1","0","0"
"01-04 years","Quitman","4","0","0"
"05-09 years","Quitman","10","0","0"
"10-17 years","Quitman","18","0","0"
"18-29 years","Quitman","35","0","2"
"30-39 years","Quitman","29","0","2"
"40-49 years","Quitman","14","0","1"
"50-59 years","Quitman","32","0","2"
"60-69 years","Quitman","39","1","6"
"70-79 years","Quitman","10","1","2"
"80 & Older years","Quitman","11","1","2"
"<1 years","Quitman","3","0","0"
"Unknown years","Quitman","2","0","0"
"01-04 years","Rabun","37","0","0"
"05-09 years","Rabun","74","0","0"
"10-17 years","Rabun","238","0","2"
"18-29 years","Rabun","383","2","9"
"30-39 years","Rabun","311","2","14"
"40-49 years","Rabun","339","2","23"
"50-59 years","Rabun","388","6","41"
"60-69 years","Rabun","384","13","45"
"70-79 years","Rabun","297","23","59"
"80 & Older years","Rabun","113","22","37"
"<1 years","Rabun","15","0","1"
"Unknown years","Rabun","8","0","0"
"01-04 years","Randolph","12","0","0"
"05-09 years","Randolph","35","0","0"
"10-17 years","Randolph","78","0","3"
"18-29 years","Randolph","111","1","7"
"30-39 years","Randolph","111","2","8"
"40-49 years","Randolph","86","0","8"
"50-59 years","Randolph","126","6","26"
"60-69 years","Randolph","96","11","19"
"70-79 years","Randolph","61","5","19"
"80 & Older years","Randolph","53","15","17"
"<1 years","Randolph","2","0","0"
"Unknown years","Randolph","2","0","0"
"01-04 years","Richmond","672","0","5"
"05-09 years","Richmond","1284","1","11"
"10-17 years","Richmond","3041","0","36"
"18-29 years","Richmond","7862","15","110"
"30-39 years","Richmond","6082","14","162"
"40-49 years","Richmond","4555","33","192"
"50-59 years","Richmond","4115","60","343"
"60-69 years","Richmond","3049","136","407"
"70-79 years","Richmond","1605","163","422"
"80 & Older years","Richmond","894","199","340"
"<1 years","Richmond","224","0","8"
"Unknown years","Richmond","34","0","0"
"01-04 years","Rockdale","260","0","25"
"05-09 years","Rockdale","480","0","23"
"10-17 years","Rockdale","1292","0","59"
"18-29 years","Rockdale","2700","3","227"
"30-39 years","Rockdale","2254","5","250"
"40-49 years","Rockdale","2296","12","252"
"50-59 years","Rockdale","2182","28","337"
"60-69 years","Rockdale","1274","53","283"
"70-79 years","Rockdale","700","75","254"
"80 & Older years","Rockdale","355","77","177"
"<1 years","Rockdale","75","0","11"
"Unknown years","Rockdale","8","0","3"
"01-04 years","Schley","13","0","0"
"05-09 years","Schley","18","0","0"
"10-17 years","Schley","62","0","0"
"18-29 years","Schley","90","0","2"
"30-39 years","Schley","64","0","0"
"40-49 years","Schley","81","0","5"
"50-59 years","Schley","69","2","8"
"60-69 years","Schley","45","1","7"
"70-79 years","Schley","30","3","5"
"80 & Older years","Schley","11","2","3"
"<1 years","Schley","2","0","0"
"01-04 years","Screven","31","0","1"
"05-09 years","Screven","72","0","0"
"10-17 years","Screven","215","0","1"
"18-29 years","Screven","282","0","8"
"30-39 years","Screven","269","1","6"
"40-49 years","Screven","218","4","12"
"50-59 years","Screven","217","6","22"
"60-69 years","Screven","208","5","22"
"70-79 years","Screven","110","10","21"
"80 & Older years","Screven","52","9","14"
"<1 years","Screven","12","0","0"
"Unknown years","Screven","2","0","0"
"01-04 years","Seminole","31","0","0"
"05-09 years","Seminole","56","0","0"
"10-17 years","Seminole","178","0","1"
"18-29 years","Seminole","259","0","5"
"30-39 years","Seminole","205","0","4"
"40-49 years","Seminole","190","0","11"
"50-59 years","Seminole","202","3","9"
"60-69 years","Seminole","204","6","34"
"70-79 years","Seminole","117","7","21"
"80 & Older years","Seminole","51","7","19"
"<1 years","Seminole","12","0","1"
"Unknown years","Seminole","2","0","0"
"01-04 years","Spalding","237","0","2"
"05-09 years","Spalding","331","0","1"
"10-17 years","Spalding","758","0","6"
"18-29 years","Spalding","1870","4","48"
"30-39 years","Spalding","1591","7","57"
"40-49 years","Spalding","1458","17","86"
"50-59 years","Spalding","1399","39","130"
"60-69 years","Spalding","1038","74","154"
"70-79 years","Spalding","648","82","136"
"80 & Older years","Spalding","359","77","95"
"<1 years","Spalding","80","0","3"
"Unknown years","Spalding","13","0","1"
"01-04 years","Stephens","64","0","2"
"05-09 years","Stephens","135","0","1"
"10-17 years","Stephens","476","0","3"
"18-29 years","Stephens","1008","1","25"
"30-39 years","Stephens","682","0","12"
"40-49 years","Stephens","782","1","28"
"50-59 years","Stephens","804","12","57"
"60-69 years","Stephens","730","34","94"
"70-79 years","Stephens","459","36","94"
"80 & Older years","Stephens","220","32","51"
"<1 years","Stephens","23","0","1"
"Unknown years","Stephens","12","0","0"
"01-04 years","Stewart","11","0","1"
"05-09 years","Stewart","23","0","0"
"10-17 years","Stewart","53","0","0"
"18-29 years","Stewart","458","0","22"
"30-39 years","Stewart","431","1","28"
"40-49 years","Stewart","276","2","24"
"50-59 years","Stewart","149","2","19"
"60-69 years","Stewart","98","16","32"
"70-79 years","Stewart","41","4","8"
"80 & Older years","Stewart","33","6","9"
"<1 years","Stewart","4","0","0"
"Unknown years","Stewart","11","0","3"
"01-04 years","Sumter","74","0","1"
"05-09 years","Sumter","126","0","0"
"10-17 years","Sumter","278","0","7"
"18-29 years","Sumter","714","2","22"
"30-39 years","Sumter","573","1","39"
"40-49 years","Sumter","507","11","40"
"50-59 years","Sumter","539","12","67"
"60-69 years","Sumter","422","34","94"
"70-79 years","Sumter","253","35","70"
"80 & Older years","Sumter","169","39","65"
"<1 years","Sumter","42","0","4"
"Unknown years","Sumter","4","0","0"
"01-04 years","Talbot","26","0","1"
"05-09 years","Talbot","38","0","0"
"10-17 years","Talbot","78","0","0"
"18-29 years","Talbot","151","0","4"
"30-39 years","Talbot","107","0","3"
"40-49 years","Talbot","125","3","6"
"50-59 years","Talbot","138","6","11"
"60-69 years","Talbot","115","7","23"
"70-79 years","Talbot","61","8","10"
"80 & Older years","Talbot","31","5","11"
"<1 years","Talbot","6","0","0"
"Unknown years","Talbot","4","0","0"
"01-04 years","Taliaferro","2","0","0"
"05-09 years","Taliaferro","1","0","0"
"10-17 years","Taliaferro","13","0","0"
"18-29 years","Taliaferro","27","0","2"
"30-39 years","Taliaferro","24","0","0"
"40-49 years","Taliaferro","32","0","3"
"50-59 years","Taliaferro","18","0","0"
"60-69 years","Taliaferro","30","1","4"
"70-79 years","Taliaferro","11","1","4"
"80 & Older years","Taliaferro","4","1","2"
"<1 years","Taliaferro","1","0","0"
"01-04 years","Tattnall","72","0","1"
"05-09 years","Tattnall","103","0","1"
"10-17 years","Tattnall","305","0","2"
"18-29 years","Tattnall","547","1","3"
"30-39 years","Tattnall","484","2","10"
"40-49 years","Tattnall","471","0","12"
"50-59 years","Tattnall","482","15","34"
"60-69 years","Tattnall","321","22","47"
"70-79 years","Tattnall","178","29","51"
"80 & Older years","Tattnall","67","6","14"
"<1 years","Tattnall","23","0","0"
"Unknown years","Tattnall","1","0","0"
"01-04 years","Taylor","27","0","1"
"05-09 years","Taylor","65","0","0"
"10-17 years","Taylor","116","0","1"
"18-29 years","Taylor","176","1","6"
"30-39 years","Taylor","142","1","6"
"40-49 years","Taylor","178","2","18"
"50-59 years","Taylor","130","3","20"
"60-69 years","Taylor","115","9","24"
"70-79 years","Taylor","60","11","17"
"80 & Older years","Taylor","38","10","11"
"<1 years","Taylor","9","0","0"
"01-04 years","Telfair","15","0","0"
"05-09 years","Telfair","28","0","0"
"10-17 years","Telfair","62","0","1"
"18-29 years","Telfair","217","0","4"
"30-39 years","Telfair","166","1","5"
"40-49 years","Telfair","183","2","8"
"50-59 years","Telfair","156","8","14"
"60-69 years","Telfair","140","11","22"
"70-79 years","Telfair","88","17","23"
"80 & Older years","Telfair","49","17","13"
"<1 years","Telfair","9","0","0"
"Unknown years","Telfair","3","0","0"
"01-04 years","Terrell","24","0","0"
"05-09 years","Terrell","39","0","0"
"10-17 years","Terrell","173","0","1"
"18-29 years","Terrell","160","0","8"
"30-39 years","Terrell","145","0","16"
"40-49 years","Terrell","128","0","14"
"50-59 years","Terrell","161","7","30"
"60-69 years","Terrell","137","14","44"
"70-79 years","Terrell","82","19","30"
"80 & Older years","Terrell","48","17","21"
"<1 years","Terrell","8","0","0"
"Unknown years","Terrell","4","0","0"
"01-04 years","Thomas","241","1","2"
"05-09 years","Thomas","475","0","3"
"10-17 years","Thomas","1084","0","3"
"18-29 years","Thomas","1389","2","42"
"30-39 years","Thomas","1174","5","36"
"40-49 years","Thomas","1074","12","62"
"50-59 years","Thomas","1067","21","90"
"60-69 years","Thomas","776","27","139"
"70-79 years","Thomas","436","44","111"
"80 & Older years","Thomas","244","54","75"
"<1 years","Thomas","102","0","4"
"Unknown years","Thomas","8","0","0"
"01-04 years","Tift","146","0","8"
"05-09 years","Tift","219","0","4"
"10-17 years","Tift","539","0","10"
"18-29 years","Tift","1286","2","40"
"30-39 years","Tift","967","3","49"
"40-49 years","Tift","878","10","77"
"50-59 years","Tift","747","18","94"
"60-69 years","Tift","564","28","107"
"70-79 years","Tift","346","38","107"
"80 & Older years","Tift","207","47","79"
"<1 years","Tift","63","0","2"
"Unknown years","Tift","8","0","0"
"01-04 years","Toombs","71","0","0"
"05-09 years","Toombs","136","0","0"
"10-17 years","Toombs","412","0","2"
"18-29 years","Toombs","1023","1","11"
"30-39 years","Toombs","790","2","11"
"40-49 years","Toombs","720","9","38"
"50-59 years","Toombs","690","16","42"
"60-69 years","Toombs","602","31","74"
"70-79 years","Toombs","368","47","56"
"80 & Older years","Toombs","212","49","42"
"<1 years","Toombs","23","0","0"
"Unknown years","Toombs","3","0","0"
"01-04 years","Towns","14","0","0"
"05-09 years","Towns","24","0","1"
"10-17 years","Towns","91","0","1"
"18-29 years","Towns","244","0","4"
"30-39 years","Towns","162","1","5"
"40-49 years","Towns","197","2","7"
"50-59 years","Towns","301","7","27"
"60-69 years","Towns","357","9","30"
"70-79 years","Towns","266","16","51"
"80 & Older years","Towns","181","39","68"
"<1 years","Towns","6","0","0"
"Unknown years","Towns","5","0","0"
"01-04 years","Treutlen","14","0","0"
"05-09 years","Treutlen","32","0","1"
"10-17 years","Treutlen","93","0","1"
"18-29 years","Treutlen","198","0","3"
"30-39 years","Treutlen","186","0","5"
"40-49 years","Treutlen","166","5","6"
"50-59 years","Treutlen","155","3","10"
"60-69 years","Treutlen","102","7","15"
"70-79 years","Treutlen","75","17","12"
"80 & Older years","Treutlen","41","13","11"
"<1 years","Treutlen","1","0","0"
"01-04 years","Troup","311","0","2"
"05-09 years","Troup","460","0","1"
"10-17 years","Troup","1110","0","11"
"18-29 years","Troup","2452","2","42"
"30-39 years","Troup","1904","10","64"
"40-49 years","Troup","1558","11","71"
"50-59 years","Troup","1519","36","147"
"60-69 years","Troup","1089","59","138"
"70-79 years","Troup","591","64","121"
"80 & Older years","Troup","371","98","83"
"<1 years","Troup","120","0","3"
"Unknown years","Troup","13","0","0"
"01-04 years","Turner","17","0","0"
"05-09 years","Turner","26","0","2"
"10-17 years","Turner","48","0","2"
"18-29 years","Turner","172","0","6"
"30-39 years","Turner","191","0","16"
"40-49 years","Turner","173","1","10"
"50-59 years","Turner","153","2","19"
"60-69 years","Turner","119","9","32"
"70-79 years","Turner","67","11","17"
"80 & Older years","Turner","40","18","17"
"<1 years","Turner","14","0","1"
"Unknown years","Turner","4","0","0"
"01-04 years","Twiggs","21","0","1"
"05-09 years","Twiggs","22","0","1"
"10-17 years","Twiggs","69","0","1"
"18-29 years","Twiggs","145","0","3"
"30-39 years","Twiggs","125","1","4"
"40-49 years","Twiggs","130","2","11"
"50-59 years","Twiggs","176","4","26"
"60-69 years","Twiggs","160","13","43"
"70-79 years","Twiggs","89","14","33"
"80 & Older years","Twiggs","38","15","19"
"<1 years","Twiggs","4","0","0"
"01-04 years","Union","28","0","0"
"05-09 years","Union","72","0","0"
"10-17 years","Union","228","0","2"
"18-29 years","Union","484","1","7"
"30-39 years","Union","474","3","8"
"40-49 years","Union","447","2","23"
"50-59 years","Union","564","6","42"
"60-69 years","Union","679","20","82"
"70-79 years","Union","562","37","115"
"80 & Older years","Union","293","53","91"
"<1 years","Union","17","0","2"
"Unknown years","Union","11","0","0"
"01-04 years","Unknown","265","0","1"
"05-09 years","Unknown","409","0","2"
"10-17 years","Unknown","889","0","1"
"18-29 years","Unknown","2047","0","9"
"30-39 years","Unknown","1511","0","10"
"40-49 years","Unknown","1463","1","14"
"50-59 years","Unknown","1199","0","13"
"60-69 years","Unknown","703","3","20"
"70-79 years","Unknown","334","1","15"
"80 & Older years","Unknown","178","4","18"
"<1 years","Unknown","143","0","2"
"Unknown years","Unknown","233","0","4"
"01-04 years","Upson","107","0","1"
"05-09 years","Upson","158","0","0"
"10-17 years","Upson","375","1","5"
"18-29 years","Upson","712","0","10"
"30-39 years","Upson","540","2","12"
"40-49 years","Upson","500","2","24"
"50-59 years","Upson","490","13","45"
"60-69 years","Upson","399","31","62"
"70-79 years","Upson","275","45","72"
"80 & Older years","Upson","148","47","48"
"<1 years","Upson","55","0","2"
"Unknown years","Upson","22","0","0"
"01-04 years","Walker","203","0","1"
"05-09 years","Walker","431","0","2"
"10-17 years","Walker","1134","0","9"
"18-29 years","Walker","2276","0","31"
"30-39 years","Walker","1830","1","29"
"40-49 years","Walker","1942","11","63"
"50-59 years","Walker","1685","8","70"
"60-69 years","Walker","1263","33","110"
"70-79 years","Walker","801","47","104"
"80 & Older years","Walker","350","47","69"
"<1 years","Walker","88","0","5"
"Unknown years","Walker","81","0","4"
"01-04 years","Walton","265","0","7"
"05-09 years","Walton","453","0","10"
"10-17 years","Walton","1300","0","31"
"18-29 years","Walton","2694","3","141"
"30-39 years","Walton","2376","7","119"
"40-49 years","Walton","2386","10","163"
"50-59 years","Walton","2270","31","210"
"60-69 years","Walton","1488","54","223"
"70-79 years","Walton","1018","103","217"
"80 & Older years","Walton","556","130","149"
"<1 years","Walton","103","0","9"
"Unknown years","Walton","7","0","0"
"01-04 years","Ware","154","0","1"
"05-09 years","Ware","220","0","0"
"10-17 years","Ware","576","0","4"
"18-29 years","Ware","1039","1","18"
"30-39 years","Ware","856","3","38"
"40-49 years","Ware","773","5","58"
"50-59 years","Ware","705","34","124"
"60-69 years","Ware","498","36","111"
"70-79 years","Ware","375","56","135"
"80 & Older years","Ware","252","71","85"
"<1 years","Ware","56","0","2"
"Unknown years","Ware","2","0","0"
"01-04 years","Warren","10","0","0"
"05-09 years","Warren","10","0","0"
"10-17 years","Warren","44","0","1"
"18-29 years","Warren","127","0","3"
"30-39 years","Warren","94","0","5"
"40-49 years","Warren","85","3","7"
"50-59 years","Warren","95","3","11"
"60-69 years","Warren","70","3","12"
"70-79 years","Warren","50","6","16"
"80 & Older years","Warren","26","5","9"
"<1 years","Warren","7","0","1"
"Unknown years","Warren","4","0","0"
"01-04 years","Washington","84","0","0"
"05-09 years","Washington","118","0","0"
"10-17 years","Washington","349","1","4"
"18-29 years","Washington","506","0","8"
"30-39 years","Washington","456","2","14"
"40-49 years","Washington","430","6","16"
"50-59 years","Washington","388","10","18"
"60-69 years","Washington","329","17","36"
"70-79 years","Washington","166","14","29"
"80 & Older years","Washington","88","29","16"
"<1 years","Washington","33","0","0"
"Unknown years","Washington","7","0","0"
"01-04 years","Wayne","74","0","2"
"05-09 years","Wayne","150","0","0"
"10-17 years","Wayne","487","0","3"
"18-29 years","Wayne","909","1","16"
"30-39 years","Wayne","852","6","22"
"40-49 years","Wayne","876","13","60"
"50-59 years","Wayne","760","24","64"
"60-69 years","Wayne","549","38","98"
"70-79 years","Wayne","393","41","103"
"80 & Older years","Wayne","175","39","44"
"<1 years","Wayne","36","0","2"
"Unknown years","Wayne","4","0","0"
"05-09 years","Webster","9","0","0"
"10-17 years","Webster","19","0","0"
"18-29 years","Webster","45","0","3"
"30-39 years","Webster","24","0","1"
"40-49 years","Webster","40","0","2"
"50-59 years","Webster","36","3","8"
"60-69 years","Webster","36","1","4"
"70-79 years","Webster","16","2","4"
"80 & Older years","Webster","6","1","1"
"<1 years","Webster","4","0","0"
"Unknown years","Webster","2","0","0"
"01-04 years","Wheeler","7","0","0"
"05-09 years","Wheeler","11","0","1"
"10-17 years","Wheeler","47","0","0"
"18-29 years","Wheeler","99","0","0"
"30-39 years","Wheeler","116","2","2"
"40-49 years","Wheeler","117","3","3"
"50-59 years","Wheeler","120","9","12"
"60-69 years","Wheeler","76","6","10"
"70-79 years","Wheeler","52","8","12"
"80 & Older years","Wheeler","13","4","2"
"<1 years","Wheeler","3","0","0"
"Unknown years","Wheeler","23","0","1"
"01-04 years","White","58","0","1"
"05-09 years","White","146","0","1"
"10-17 years","White","541","0","2"
"18-29 years","White","906","1","15"
"30-39 years","White","710","2","12"
"40-49 years","White","801","8","35"
"50-59 years","White","882","10","66"
"60-69 years","White","753","20","92"
"70-79 years","White","576","34","111"
"80 & Older years","White","302","47","95"
"<1 years","White","22","0","0"
"Unknown years","White","32","0","0"
"01-04 years","Whitfield","443","0","3"
"05-09 years","Whitfield","859","0","4"
"10-17 years","Whitfield","2660","0","9"
"18-29 years","Whitfield","5998","3","66"
"30-39 years","Whitfield","4100","6","85"
"40-49 years","Whitfield","3917","12","118"
"50-59 years","Whitfield","3463","55","179"
"60-69 years","Whitfield","2052","65","204"
"70-79 years","Whitfield","1139","84","185"
"80 & Older years","Whitfield","605","114","140"
"<1 years","Whitfield","178","0","5"
"Unknown years","Whitfield","41","0","0"
"01-04 years","Wilcox","27","0","1"
"05-09 years","Wilcox","33","0","1"
"10-17 years","Wilcox","61","0","0"
"18-29 years","Wilcox","98","0","1"
"30-39 years","Wilcox","89","0","3"
"40-49 years","Wilcox","105","0","12"
"50-59 years","Wilcox","117","2","18"
"60-69 years","Wilcox","119","10","30"
"70-79 years","Wilcox","68","12","11"
"80 & Older years","Wilcox","28","8","8"
"<1 years","Wilcox","9","0","1"
"01-04 years","Wilkes","15","0","0"
"05-09 years","Wilkes","34","0","0"
"10-17 years","Wilkes","93","0","1"
"18-29 years","Wilkes","198","0","6"
"30-39 years","Wilkes","143","0","7"
"40-49 years","Wilkes","172","1","18"
"50-59 years","Wilkes","152","3","15"
"60-69 years","Wilkes","125","4","26"
"70-79 years","Wilkes","86","9","30"
"80 & Older years","Wilkes","52","10","20"
"<1 years","Wilkes","11","0","1"
"Unknown years","Wilkes","1","0","0"
"01-04 years","Wilkinson","25","0","0"
"05-09 years","Wilkinson","41","0","0"
"10-17 years","Wilkinson","134","0","1"
"18-29 years","Wilkinson","261","0","4"
"30-39 years","Wilkinson","229","0","11"
"40-49 years","Wilkinson","214","0","10"
"50-59 years","Wilkinson","237","6","31"
"60-69 years","Wilkinson","204","18","52"
"70-79 years","Wilkinson","92","12","24"
"80 & Older years","Wilkinson","50","7","19"
"<1 years","Wilkinson","8","0","0"
"Unknown years","Wilkinson","1","0","0"
"01-04 years","Worth","44","0","0"
"05-09 years","Worth","83","0","0"
"10-17 years","Worth","217","1","4"
"18-29 years","Worth","395","1","18"
"30-39 years","Worth","292","0","19"
"40-49 years","Worth","294","3","27"
"50-59 years","Worth","295","7","39"
"60-69 years","Worth","277","23","67"
"70-79 years","Worth","157","21","45"
"80 & Older years","Worth","98","24","34"
"<1 years","Worth","14","0","0"
"Unknown years","Worth","8","0","0"
