"age group","county name","cases","deaths","confirmed_case_hospitalization"
"01-04 years","Georgia","25886","3","403"
"05-09 years","Georgia","48648","5","356"
"10-17 years","Georgia","133983","15","1334"
"18-29 years","Georgia","306561","228","6740"
"30-39 years","Georgia","234614","601","8573"
"40-49 years","Georgia","213836","1349","11670"
"50-59 years","Georgia","191459","3140","16819"
"60-69 years","Georgia","126632","5594","18768"
"70-79 years","Georgia","71118","7151","16911"
"80 & Older years","Georgia","38524","8320","12350"
"<1 years","Georgia","8253","1","481"
"Unknown years","Georgia","2969","0","177"
"01-04 years","Appling","56","0","0"
"05-09 years","Appling","93","0","0"
"10-17 years","Appling","342","0","3"
"18-29 years","Appling","504","1","8"
"30-39 years","Appling","375","3","10"
"40-49 years","Appling","379","9","27"
"50-59 years","Appling","402","11","44"
"60-69 years","Appling","335","21","67"
"70-79 years","Appling","223","25","46"
"80 & Older years","Appling","114","28","41"
"<1 years","Appling","9","0","0"
"01-04 years","Atkinson","21","0","1"
"05-09 years","Atkinson","46","0","1"
"10-17 years","Atkinson","118","0","1"
"18-29 years","Atkinson","251","0","15"
"30-39 years","Atkinson","186","0","15"
"40-49 years","Atkinson","189","4","34"
"50-59 years","Atkinson","184","5","37"
"60-69 years","Atkinson","123","7","40"
"70-79 years","Atkinson","62","8","25"
"80 & Older years","Atkinson","21","8","14"
"<1 years","Atkinson","5","0","0"
"01-04 years","Bacon","40","0","0"
"05-09 years","Bacon","56","0","0"
"10-17 years","Bacon","171","0","1"
"18-29 years","Bacon","522","0","9"
"30-39 years","Bacon","287","1","11"
"40-49 years","Bacon","295","5","22"
"50-59 years","Bacon","224","3","22"
"60-69 years","Bacon","208","17","47"
"70-79 years","Bacon","127","13","36"
"80 & Older years","Bacon","57","13","20"
"<1 years","Bacon","13","0","0"
"Unknown years","Bacon","1","0","0"
"01-04 years","Baker","10","0","0"
"05-09 years","Baker","13","0","0"
"10-17 years","Baker","15","0","0"
"18-29 years","Baker","44","0","0"
"30-39 years","Baker","28","0","4"
"40-49 years","Baker","27","3","3"
"50-59 years","Baker","34","0","4"
"60-69 years","Baker","39","3","16"
"70-79 years","Baker","20","3","11"
"80 & Older years","Baker","15","4","6"
"<1 years","Baker","2","0","0"
"01-04 years","Baldwin","68","0","1"
"05-09 years","Baldwin","146","0","0"
"10-17 years","Baldwin","412","1","5"
"18-29 years","Baldwin","1640","0","20"
"30-39 years","Baldwin","722","2","20"
"40-49 years","Baldwin","707","5","43"
"50-59 years","Baldwin","678","22","77"
"60-69 years","Baldwin","527","40","90"
"70-79 years","Baldwin","319","44","69"
"80 & Older years","Baldwin","198","62","74"
"<1 years","Baldwin","29","0","1"
"Unknown years","Baldwin","1","0","0"
"01-04 years","Banks","28","0","1"
"05-09 years","Banks","61","0","1"
"10-17 years","Banks","201","0","5"
"18-29 years","Banks","489","0","19"
"30-39 years","Banks","364","0","18"
"40-49 years","Banks","378","5","29"
"50-59 years","Banks","386","6","40"
"60-69 years","Banks","311","15","68"
"70-79 years","Banks","223","24","76"
"80 & Older years","Banks","102","15","35"
"<1 years","Banks","16","0","2"
"Unknown years","Banks","14","0","1"
"01-04 years","Barrow","221","0","1"
"05-09 years","Barrow","457","0","2"
"10-17 years","Barrow","1429","1","13"
"18-29 years","Barrow","2804","1","60"
"30-39 years","Barrow","2490","3","83"
"40-49 years","Barrow","2403","13","120"
"50-59 years","Barrow","1993","19","172"
"60-69 years","Barrow","1312","48","194"
"70-79 years","Barrow","724","53","138"
"80 & Older years","Barrow","322","61","115"
"<1 years","Barrow","79","0","7"
"Unknown years","Barrow","12","0","2"
"01-04 years","Bartow","284","0","8"
"05-09 years","Bartow","458","0","4"
"10-17 years","Bartow","1574","0","16"
"18-29 years","Bartow","3225","0","37"
"30-39 years","Bartow","2620","6","63"
"40-49 years","Bartow","2610","8","118"
"50-59 years","Bartow","2606","35","214"
"60-69 years","Bartow","1657","78","218"
"70-79 years","Bartow","1104","108","245"
"80 & Older years","Bartow","513","94","148"
"<1 years","Bartow","99","0","6"
"Unknown years","Bartow","32","0","4"
"01-04 years","Ben Hill","39","0","1"
"05-09 years","Ben Hill","31","0","0"
"10-17 years","Ben Hill","149","0","0"
"18-29 years","Ben Hill","367","0","5"
"30-39 years","Ben Hill","272","3","12"
"40-49 years","Ben Hill","261","2","14"
"50-59 years","Ben Hill","278","8","34"
"60-69 years","Ben Hill","240","17","36"
"70-79 years","Ben Hill","161","22","56"
"80 & Older years","Ben Hill","77","20","21"
"<1 years","Ben Hill","11","0","2"
"01-04 years","Berrien","41","0","0"
"05-09 years","Berrien","44","0","0"
"10-17 years","Berrien","148","0","1"
"18-29 years","Berrien","295","0","0"
"30-39 years","Berrien","257","0","4"
"40-49 years","Berrien","201","1","7"
"50-59 years","Berrien","221","6","22"
"60-69 years","Berrien","176","11","26"
"70-79 years","Berrien","122","18","22"
"80 & Older years","Berrien","61","15","15"
"<1 years","Berrien","10","0","0"
"Unknown years","Berrien","1","0","0"
"01-04 years","Bibb","324","0","6"
"05-09 years","Bibb","578","0","3"
"10-17 years","Bibb","1647","0","14"
"18-29 years","Bibb","4886","4","131"
"30-39 years","Bibb","3604","11","186"
"40-49 years","Bibb","3248","28","306"
"50-59 years","Bibb","2902","61","415"
"60-69 years","Bibb","2199","135","544"
"70-79 years","Bibb","1238","166","457"
"80 & Older years","Bibb","733","194","367"
"<1 years","Bibb","93","0","8"
"Unknown years","Bibb","4","0","1"
"01-04 years","Bleckley","14","0","0"
"05-09 years","Bleckley","37","0","0"
"10-17 years","Bleckley","117","0","0"
"18-29 years","Bleckley","262","0","6"
"30-39 years","Bleckley","153","1","5"
"40-49 years","Bleckley","142","1","2"
"50-59 years","Bleckley","148","4","9"
"60-69 years","Bleckley","107","9","15"
"70-79 years","Bleckley","75","8","14"
"80 & Older years","Bleckley","63","18","14"
"<1 years","Bleckley","8","0","0"
"01-04 years","Brantley","34","0","0"
"05-09 years","Brantley","66","0","0"
"10-17 years","Brantley","209","0","1"
"18-29 years","Brantley","351","0","5"
"30-39 years","Brantley","280","2","8"
"40-49 years","Brantley","264","5","20"
"50-59 years","Brantley","303","17","33"
"60-69 years","Brantley","210","15","37"
"70-79 years","Brantley","142","24","44"
"80 & Older years","Brantley","61","13","17"
"<1 years","Brantley","5","0","0"
"01-04 years","Brooks","29","0","1"
"05-09 years","Brooks","50","0","0"
"10-17 years","Brooks","124","0","0"
"18-29 years","Brooks","265","0","4"
"30-39 years","Brooks","205","1","10"
"40-49 years","Brooks","191","2","15"
"50-59 years","Brooks","224","6","30"
"60-69 years","Brooks","141","12","28"
"70-79 years","Brooks","116","16","26"
"80 & Older years","Brooks","75","19","22"
"<1 years","Brooks","11","0","0"
"01-04 years","Bryan","126","0","0"
"05-09 years","Bryan","230","0","2"
"10-17 years","Bryan","606","0","4"
"18-29 years","Bryan","886","1","20"
"30-39 years","Bryan","824","4","29"
"40-49 years","Bryan","823","5","49"
"50-59 years","Bryan","564","8","52"
"60-69 years","Bryan","378","18","61"
"70-79 years","Bryan","226","19","86"
"80 & Older years","Bryan","80","10","31"
"<1 years","Bryan","50","0","3"
"Unknown years","Bryan","8","0","0"
"01-04 years","Bulloch","158","0","1"
"05-09 years","Bulloch","317","0","1"
"10-17 years","Bulloch","881","0","4"
"18-29 years","Bulloch","3074","1","15"
"30-39 years","Bulloch","1108","5","30"
"40-49 years","Bulloch","884","7","37"
"50-59 years","Bulloch","760","18","61"
"60-69 years","Bulloch","541","24","71"
"70-79 years","Bulloch","262","26","60"
"80 & Older years","Bulloch","127","19","43"
"<1 years","Bulloch","68","0","4"
"Unknown years","Bulloch","1","0","0"
"01-04 years","Burke","34","0","0"
"05-09 years","Burke","73","0","0"
"10-17 years","Burke","200","0","1"
"18-29 years","Burke","478","2","13"
"30-39 years","Burke","376","1","16"
"40-49 years","Burke","380","4","23"
"50-59 years","Burke","347","6","39"
"60-69 years","Burke","274","8","49"
"70-79 years","Burke","138","16","41"
"80 & Older years","Burke","47","11","19"
"<1 years","Burke","14","0","0"
"Unknown years","Burke","2","0","0"
"01-04 years","Butts","54","0","3"
"05-09 years","Butts","81","0","0"
"10-17 years","Butts","274","0","5"
"18-29 years","Butts","688","0","10"
"30-39 years","Butts","620","0","11"
"40-49 years","Butts","557","5","26"
"50-59 years","Butts","562","17","47"
"60-69 years","Butts","376","19","49"
"70-79 years","Butts","262","34","46"
"80 & Older years","Butts","150","39","14"
"<1 years","Butts","19","0","3"
"01-04 years","Calhoun","16","0","0"
"05-09 years","Calhoun","13","0","0"
"10-17 years","Calhoun","62","0","1"
"18-29 years","Calhoun","96","0","6"
"30-39 years","Calhoun","81","3","7"
"40-49 years","Calhoun","97","1","11"
"50-59 years","Calhoun","103","4","21"
"60-69 years","Calhoun","88","4","24"
"70-79 years","Calhoun","34","7","11"
"80 & Older years","Calhoun","22","2","10"
"<1 years","Calhoun","5","0","0"
"Unknown years","Calhoun","1","0","0"
"01-04 years","Camden","136","0","0"
"05-09 years","Camden","250","0","2"
"10-17 years","Camden","642","0","1"
"18-29 years","Camden","1398","0","11"
"30-39 years","Camden","1129","3","26"
"40-49 years","Camden","793","10","29"
"50-59 years","Camden","836","12","38"
"60-69 years","Camden","571","22","52"
"70-79 years","Camden","322","13","35"
"80 & Older years","Camden","131","22","29"
"<1 years","Camden","24","0","2"
"Unknown years","Camden","8","0","0"
"01-04 years","Candler","15","0","0"
"05-09 years","Candler","40","0","0"
"10-17 years","Candler","106","0","0"
"18-29 years","Candler","191","0","1"
"30-39 years","Candler","156","0","6"
"40-49 years","Candler","170","5","4"
"50-59 years","Candler","187","13","20"
"60-69 years","Candler","132","9","20"
"70-79 years","Candler","95","15","23"
"80 & Older years","Candler","35","8","15"
"<1 years","Candler","6","0","0"
"01-04 years","Carroll","186","0","1"
"05-09 years","Carroll","322","0","3"
"10-17 years","Carroll","1093","0","6"
"18-29 years","Carroll","2538","1","20"
"30-39 years","Carroll","1732","4","25"
"40-49 years","Carroll","1592","10","47"
"50-59 years","Carroll","1511","17","66"
"60-69 years","Carroll","1052","33","101"
"70-79 years","Carroll","579","39","78"
"80 & Older years","Carroll","321","58","49"
"<1 years","Carroll","55","0","2"
"Unknown years","Carroll","12","0","1"
"01-04 years","Catoosa","186","0","1"
"05-09 years","Catoosa","324","0","2"
"10-17 years","Catoosa","937","0","2"
"18-29 years","Catoosa","1691","1","13"
"30-39 years","Catoosa","1342","2","14"
"40-49 years","Catoosa","1421","3","33"
"50-59 years","Catoosa","1263","11","54"
"60-69 years","Catoosa","862","14","75"
"70-79 years","Catoosa","520","26","78"
"80 & Older years","Catoosa","348","42","61"
"<1 years","Catoosa","68","0","1"
"Unknown years","Catoosa","40","0","2"
"01-04 years","Charlton","21","0","0"
"05-09 years","Charlton","46","0","0"
"10-17 years","Charlton","99","0","0"
"18-29 years","Charlton","414","1","3"
"30-39 years","Charlton","347","2","6"
"40-49 years","Charlton","282","3","14"
"50-59 years","Charlton","209","5","13"
"60-69 years","Charlton","200","12","33"
"70-79 years","Charlton","92","11","25"
"80 & Older years","Charlton","40","10","18"
"<1 years","Charlton","8","0","0"
"Unknown years","Charlton","1","0","0"
"01-04 years","Chatham","1024","0","8"
"05-09 years","Chatham","1573","1","5"
"10-17 years","Chatham","3318","0","32"
"18-29 years","Chatham","8305","6","158"
"30-39 years","Chatham","6242","24","251"
"40-49 years","Chatham","4662","42","315"
"50-59 years","Chatham","3929","86","447"
"60-69 years","Chatham","3025","143","574"
"70-79 years","Chatham","1597","173","512"
"80 & Older years","Chatham","931","210","424"
"<1 years","Chatham","362","0","15"
"Unknown years","Chatham","27","0","2"
"01-04 years","Chattahoochee","13","0","0"
"05-09 years","Chattahoochee","30","0","0"
"10-17 years","Chattahoochee","192","0","2"
"18-29 years","Chattahoochee","4652","7","9"
"30-39 years","Chattahoochee","445","2","5"
"40-49 years","Chattahoochee","80","1","1"
"50-59 years","Chattahoochee","47","1","10"
"60-69 years","Chattahoochee","22","1","6"
"70-79 years","Chattahoochee","16","1","5"
"80 & Older years","Chattahoochee","9","3","5"
"<1 years","Chattahoochee","12","0","0"
"Unknown years","Chattahoochee","1","0","0"
"01-04 years","Chattooga","64","0","0"
"05-09 years","Chattooga","119","0","1"
"10-17 years","Chattooga","425","0","3"
"18-29 years","Chattooga","666","0","8"
"30-39 years","Chattooga","573","2","11"
"40-49 years","Chattooga","578","4","28"
"50-59 years","Chattooga","564","11","45"
"60-69 years","Chattooga","425","23","60"
"70-79 years","Chattooga","262","22","68"
"80 & Older years","Chattooga","153","31","39"
"<1 years","Chattooga","28","0","3"
"Unknown years","Chattooga","8","0","1"
"01-04 years","Cherokee","527","0","8"
"05-09 years","Cherokee","1256","0","12"
"10-17 years","Cherokee","3963","0","23"
"18-29 years","Cherokee","6550","2","127"
"30-39 years","Cherokee","5098","8","183"
"40-49 years","Cherokee","5594","13","244"
"50-59 years","Cherokee","5230","43","379"
"60-69 years","Cherokee","3167","83","404"
"70-79 years","Cherokee","1964","126","389"
"80 & Older years","Cherokee","1054","189","325"
"<1 years","Cherokee","148","0","7"
"Unknown years","Cherokee","16","0","0"
"01-04 years","Clarke","339","0","4"
"05-09 years","Clarke","550","0","7"
"10-17 years","Clarke","1221","0","16"
"18-29 years","Clarke","8534","0","106"
"30-39 years","Clarke","2576","3","89"
"40-49 years","Clarke","2000","6","106"
"50-59 years","Clarke","1679","17","137"
"60-69 years","Clarke","1096","35","147"
"70-79 years","Clarke","644","60","153"
"80 & Older years","Clarke","324","60","101"
"<1 years","Clarke","115","0","4"
"Unknown years","Clarke","10","0","0"
"01-04 years","Clay","3","0","0"
"05-09 years","Clay","5","0","0"
"10-17 years","Clay","23","0","0"
"18-29 years","Clay","39","0","0"
"30-39 years","Clay","40","0","2"
"40-49 years","Clay","41","0","2"
"50-59 years","Clay","25","1","3"
"60-69 years","Clay","27","1","2"
"70-79 years","Clay","21","0","1"
"80 & Older years","Clay","14","2","4"
"Unknown years","Clay","1","0","0"
"01-04 years","Clayton","998","0","16"
"05-09 years","Clayton","1747","1","14"
"10-17 years","Clayton","4238","1","68"
"18-29 years","Clayton","8592","9","247"
"30-39 years","Clayton","7826","35","358"
"40-49 years","Clayton","6488","55","374"
"50-59 years","Clayton","5553","111","499"
"60-69 years","Clayton","3385","194","462"
"70-79 years","Clayton","1374","182","300"
"80 & Older years","Clayton","635","159","182"
"<1 years","Clayton","255","0","17"
"Unknown years","Clayton","38","0","8"
"01-04 years","Clinch","24","0","0"
"05-09 years","Clinch","37","0","0"
"10-17 years","Clinch","102","0","0"
"18-29 years","Clinch","193","0","2"
"30-39 years","Clinch","159","1","5"
"40-49 years","Clinch","139","0","4"
"50-59 years","Clinch","141","3","19"
"60-69 years","Clinch","141","12","24"
"70-79 years","Clinch","68","10","23"
"80 & Older years","Clinch","23","8","10"
"<1 years","Clinch","7","0","0"
"01-04 years","Cobb","1752","1","27"
"05-09 years","Cobb","3922","0","29"
"10-17 years","Cobb","9805","0","74"
"18-29 years","Cobb","23104","9","322"
"30-39 years","Cobb","16869","36","377"
"40-49 years","Cobb","15571","61","576"
"50-59 years","Cobb","13170","127","791"
"60-69 years","Cobb","7876","238","782"
"70-79 years","Cobb","4177","366","728"
"80 & Older years","Cobb","2327","509","659"
"<1 years","Cobb","501","0","27"
"Unknown years","Cobb","75","0","1"
"01-04 years","Coffee","146","0","2"
"05-09 years","Coffee","231","0","3"
"10-17 years","Coffee","567","0","6"
"18-29 years","Coffee","1300","1","40"
"30-39 years","Coffee","1013","6","66"
"40-49 years","Coffee","978","16","140"
"50-59 years","Coffee","924","24","196"
"60-69 years","Coffee","690","51","194"
"70-79 years","Coffee","356","54","161"
"80 & Older years","Coffee","188","46","105"
"<1 years","Coffee","42","0","4"
"01-04 years","Colquitt","87","0","0"
"05-09 years","Colquitt","212","0","2"
"10-17 years","Colquitt","689","0","12"
"18-29 years","Colquitt","1152","1","31"
"30-39 years","Colquitt","857","3","34"
"40-49 years","Colquitt","853","8","49"
"50-59 years","Colquitt","777","24","53"
"60-69 years","Colquitt","544","32","65"
"70-79 years","Colquitt","355","31","67"
"80 & Older years","Colquitt","188","37","43"
"<1 years","Colquitt","37","0","2"
"Unknown years","Colquitt","1","0","0"
"01-04 years","Columbia","247","1","3"
"05-09 years","Columbia","573","1","6"
"10-17 years","Columbia","1716","0","9"
"18-29 years","Columbia","3060","2","38"
"30-39 years","Columbia","2848","6","51"
"40-49 years","Columbia","2449","16","75"
"50-59 years","Columbia","2010","36","114"
"60-69 years","Columbia","1309","45","128"
"70-79 years","Columbia","683","66","148"
"80 & Older years","Columbia","401","87","137"
"<1 years","Columbia","72","0","4"
"Unknown years","Columbia","9","0","0"
"01-04 years","Cook","35","0","3"
"05-09 years","Cook","63","0","0"
"10-17 years","Cook","162","0","2"
"18-29 years","Cook","312","0","8"
"30-39 years","Cook","258","0","4"
"40-49 years","Cook","261","3","19"
"50-59 years","Cook","228","7","23"
"60-69 years","Cook","163","11","23"
"70-79 years","Cook","121","13","30"
"80 & Older years","Cook","75","19","16"
"<1 years","Cook","17","0","2"
"Unknown years","Cook","1","0","0"
"01-04 years","Coweta","285","0","3"
"05-09 years","Coweta","497","0","2"
"10-17 years","Coweta","1584","0","18"
"18-29 years","Coweta","2874","5","75"
"30-39 years","Coweta","2288","12","117"
"40-49 years","Coweta","2385","28","138"
"50-59 years","Coweta","2513","49","202"
"60-69 years","Coweta","1495","65","172"
"70-79 years","Coweta","903","98","177"
"80 & Older years","Coweta","459","101","104"
"<1 years","Coweta","76","0","6"
"Unknown years","Coweta","14","0","1"
"01-04 years","Crawford","6","0","0"
"05-09 years","Crawford","10","0","0"
"10-17 years","Crawford","51","0","2"
"18-29 years","Crawford","140","0","4"
"30-39 years","Crawford","141","1","11"
"40-49 years","Crawford","100","3","8"
"50-59 years","Crawford","166","9","25"
"60-69 years","Crawford","143","12","24"
"70-79 years","Crawford","71","12","23"
"80 & Older years","Crawford","32","3","15"
"01-04 years","Crisp","30","0","0"
"05-09 years","Crisp","53","0","0"
"10-17 years","Crisp","198","0","3"
"18-29 years","Crisp","323","0","13"
"30-39 years","Crisp","313","2","19"
"40-49 years","Crisp","270","4","23"
"50-59 years","Crisp","249","4","31"
"60-69 years","Crisp","233","20","48"
"70-79 years","Crisp","124","16","35"
"80 & Older years","Crisp","75","20","18"
"<1 years","Crisp","17","0","0"
"Unknown years","Crisp","10","0","0"
"01-04 years","Dade","40","0","0"
"05-09 years","Dade","85","0","0"
"10-17 years","Dade","218","0","1"
"18-29 years","Dade","385","0","2"
"30-39 years","Dade","258","0","2"
"40-49 years","Dade","293","1","9"
"50-59 years","Dade","252","3","16"
"60-69 years","Dade","207","2","14"
"70-79 years","Dade","135","10","22"
"80 & Older years","Dade","63","3","12"
"<1 years","Dade","13","0","0"
"Unknown years","Dade","15","0","1"
"01-04 years","Dawson","77","0","0"
"05-09 years","Dawson","134","0","0"
"10-17 years","Dawson","376","0","6"
"18-29 years","Dawson","872","0","20"
"30-39 years","Dawson","718","2","26"
"40-49 years","Dawson","651","1","40"
"50-59 years","Dawson","674","9","60"
"60-69 years","Dawson","529","14","97"
"70-79 years","Dawson","322","28","68"
"80 & Older years","Dawson","131","24","38"
"<1 years","Dawson","26","0","3"
"Unknown years","Dawson","22","0","1"
"01-04 years","DeKalb","1941","0","27"
"05-09 years","DeKalb","3306","0","33"
"10-17 years","DeKalb","7459","0","107"
"18-29 years","DeKalb","21315","15","653"
"30-39 years","DeKalb","18636","29","888"
"40-49 years","DeKalb","14098","62","958"
"50-59 years","DeKalb","11781","158","1227"
"60-69 years","DeKalb","7310","260","1322"
"70-79 years","DeKalb","3588","333","985"
"80 & Older years","DeKalb","2040","418","684"
"<1 years","DeKalb","482","0","29"
"Unknown years","DeKalb","189","0","18"
"01-04 years","Decatur","149","0","2"
"05-09 years","Decatur","166","0","0"
"10-17 years","Decatur","388","0","1"
"18-29 years","Decatur","693","1","18"
"30-39 years","Decatur","526","1","11"
"40-49 years","Decatur","512","3","31"
"50-59 years","Decatur","436","10","43"
"60-69 years","Decatur","329","18","56"
"70-79 years","Decatur","198","24","41"
"80 & Older years","Decatur","120","22","26"
"<1 years","Decatur","45","0","0"
"Unknown years","Decatur","4","0","0"
"01-04 years","Dodge","19","0","0"
"05-09 years","Dodge","40","0","0"
"10-17 years","Dodge","174","1","2"
"18-29 years","Dodge","313","0","7"
"30-39 years","Dodge","219","2","10"
"40-49 years","Dodge","230","3","13"
"50-59 years","Dodge","225","6","23"
"60-69 years","Dodge","173","19","31"
"70-79 years","Dodge","97","18","24"
"80 & Older years","Dodge","62","15","16"
"<1 years","Dodge","9","0","0"
"01-04 years","Dooly","17","0","0"
"05-09 years","Dooly","32","0","0"
"10-17 years","Dooly","107","0","1"
"18-29 years","Dooly","186","1","5"
"30-39 years","Dooly","145","0","11"
"40-49 years","Dooly","185","2","14"
"50-59 years","Dooly","178","6","22"
"60-69 years","Dooly","150","11","26"
"70-79 years","Dooly","70","10","20"
"80 & Older years","Dooly","28","8","6"
"<1 years","Dooly","7","0","0"
"Unknown years","Dooly","2","0","0"
"01-04 years","Dougherty","208","0","4"
"05-09 years","Dougherty","420","0","0"
"10-17 years","Dougherty","889","0","14"
"18-29 years","Dougherty","1823","3","136"
"30-39 years","Dougherty","1532","8","119"
"40-49 years","Dougherty","1341","31","166"
"50-59 years","Dougherty","1263","40","219"
"60-69 years","Dougherty","1035","102","329"
"70-79 years","Dougherty","560","89","223"
"80 & Older years","Dougherty","338","120","165"
"<1 years","Dougherty","75","0","7"
"Unknown years","Dougherty","6","0","0"
"01-04 years","Douglas","405","0","8"
"05-09 years","Douglas","773","0","9"
"10-17 years","Douglas","2153","1","27"
"18-29 years","Douglas","4002","0","71"
"30-39 years","Douglas","3454","6","107"
"40-49 years","Douglas","3608","12","171"
"50-59 years","Douglas","3067","32","228"
"60-69 years","Douglas","1737","60","234"
"70-79 years","Douglas","857","74","183"
"80 & Older years","Douglas","402","70","129"
"<1 years","Douglas","113","0","7"
"Unknown years","Douglas","15","0","1"
"01-04 years","Early","41","0","0"
"05-09 years","Early","54","0","0"
"10-17 years","Early","226","0","0"
"18-29 years","Early","254","1","9"
"30-39 years","Early","225","1","6"
"40-49 years","Early","241","1","13"
"50-59 years","Early","220","5","17"
"60-69 years","Early","147","12","20"
"70-79 years","Early","99","20","23"
"80 & Older years","Early","51","13","17"
"<1 years","Early","6","0","0"
"Unknown years","Early","1","0","0"
"01-04 years","Echols","11","0","0"
"05-09 years","Echols","8","0","0"
"10-17 years","Echols","32","0","1"
"18-29 years","Echols","141","0","2"
"30-39 years","Echols","68","1","4"
"40-49 years","Echols","51","0","1"
"50-59 years","Echols","52","1","2"
"60-69 years","Echols","24","0","0"
"70-79 years","Echols","20","2","3"
"80 & Older years","Echols","5","1","2"
"<1 years","Echols","3","0","0"
"01-04 years","Effingham","172","0","1"
"05-09 years","Effingham","364","0","3"
"10-17 years","Effingham","914","0","2"
"18-29 years","Effingham","1268","1","12"
"30-39 years","Effingham","1239","4","41"
"40-49 years","Effingham","1093","10","69"
"50-59 years","Effingham","992","32","112"
"60-69 years","Effingham","642","26","118"
"70-79 years","Effingham","348","39","106"
"80 & Older years","Effingham","155","41","48"
"<1 years","Effingham","58","0","5"
"Unknown years","Effingham","4","0","0"
"01-04 years","Elbert","36","0","0"
"05-09 years","Elbert","60","0","0"
"10-17 years","Elbert","156","0","2"
"18-29 years","Elbert","379","1","4"
"30-39 years","Elbert","282","0","12"
"40-49 years","Elbert","298","1","14"
"50-59 years","Elbert","304","2","25"
"60-69 years","Elbert","249","8","34"
"70-79 years","Elbert","193","23","49"
"80 & Older years","Elbert","149","37","49"
"<1 years","Elbert","17","0","4"
"Unknown years","Elbert","3","0","0"
"01-04 years","Emanuel","60","0","2"
"05-09 years","Emanuel","89","0","1"
"10-17 years","Emanuel","316","0","2"
"18-29 years","Emanuel","519","1","4"
"30-39 years","Emanuel","401","0","19"
"40-49 years","Emanuel","425","4","16"
"50-59 years","Emanuel","362","10","39"
"60-69 years","Emanuel","289","16","35"
"70-79 years","Emanuel","180","22","35"
"80 & Older years","Emanuel","73","21","24"
"<1 years","Emanuel","13","0","1"
"Unknown years","Emanuel","2","0","1"
"01-04 years","Evans","25","0","0"
"05-09 years","Evans","44","0","0"
"10-17 years","Evans","117","0","2"
"18-29 years","Evans","224","1","3"
"30-39 years","Evans","202","0","4"
"40-49 years","Evans","172","4","21"
"50-59 years","Evans","173","6","21"
"60-69 years","Evans","104","7","20"
"70-79 years","Evans","65","13","24"
"80 & Older years","Evans","24","4","14"
"<1 years","Evans","6","0","0"
"01-04 years","Fannin","33","0","1"
"05-09 years","Fannin","79","0","0"
"10-17 years","Fannin","277","0","2"
"18-29 years","Fannin","470","0","8"
"30-39 years","Fannin","380","2","11"
"40-49 years","Fannin","436","5","19"
"50-59 years","Fannin","554","7","46"
"60-69 years","Fannin","548","19","65"
"70-79 years","Fannin","387","26","74"
"80 & Older years","Fannin","189","38","56"
"<1 years","Fannin","8","0","0"
"Unknown years","Fannin","2","0","0"
"01-04 years","Fayette","196","0","1"
"05-09 years","Fayette","440","0","4"
"10-17 years","Fayette","1243","0","13"
"18-29 years","Fayette","2120","4","33"
"30-39 years","Fayette","1511","6","44"
"40-49 years","Fayette","1878","6","82"
"50-59 years","Fayette","1851","16","145"
"60-69 years","Fayette","1329","34","127"
"70-79 years","Fayette","694","80","163"
"80 & Older years","Fayette","421","81","104"
"<1 years","Fayette","50","0","2"
"Unknown years","Fayette","11","0","0"
"01-04 years","Floyd","294","0","6"
"05-09 years","Floyd","547","0","1"
"10-17 years","Floyd","1859","1","13"
"18-29 years","Floyd","3368","3","54"
"30-39 years","Floyd","2580","7","73"
"40-49 years","Floyd","2362","17","134"
"50-59 years","Floyd","2347","44","231"
"60-69 years","Floyd","1628","62","272"
"70-79 years","Floyd","1004","91","266"
"80 & Older years","Floyd","537","101","188"
"<1 years","Floyd","125","0","6"
"Unknown years","Floyd","55","0","2"
"01-04 years","Forsyth","590","0","7"
"05-09 years","Forsyth","1701","0","2"
"10-17 years","Forsyth","4460","0","12"
"18-29 years","Forsyth","4908","0","65"
"30-39 years","Forsyth","4141","3","93"
"40-49 years","Forsyth","5308","12","181"
"50-59 years","Forsyth","4489","27","243"
"60-69 years","Forsyth","2294","47","234"
"70-79 years","Forsyth","1338","87","279"
"80 & Older years","Forsyth","724","117","221"
"<1 years","Forsyth","125","0","5"
"Unknown years","Forsyth","239","0","1"
"01-04 years","Franklin","43","0","1"
"05-09 years","Franklin","92","0","0"
"10-17 years","Franklin","321","0","6"
"18-29 years","Franklin","646","1","16"
"30-39 years","Franklin","472","0","12"
"40-49 years","Franklin","485","2","22"
"50-59 years","Franklin","492","4","37"
"60-69 years","Franklin","427","9","47"
"70-79 years","Franklin","268","27","50"
"80 & Older years","Franklin","130","26","33"
"<1 years","Franklin","20","0","3"
"Unknown years","Franklin","23","0","0"
"01-04 years","Fulton","2426","0","54"
"05-09 years","Fulton","4493","0","44"
"10-17 years","Fulton","11767","1","127"
"18-29 years","Fulton","33817","6","784"
"30-39 years","Fulton","26606","50","1009"
"40-49 years","Fulton","20113","64","1095"
"50-59 years","Fulton","16717","188","1536"
"60-69 years","Fulton","9654","330","1415"
"70-79 years","Fulton","4873","462","1159"
"80 & Older years","Fulton","3211","634","1036"
"<1 years","Fulton","655","0","41"
"Unknown years","Fulton","163","0","44"
"01-04 years","Gilmer","51","0","2"
"05-09 years","Gilmer","66","0","0"
"10-17 years","Gilmer","318","0","3"
"18-29 years","Gilmer","514","0","23"
"30-39 years","Gilmer","498","2","27"
"40-49 years","Gilmer","505","1","28"
"50-59 years","Gilmer","571","16","51"
"60-69 years","Gilmer","544","20","74"
"70-79 years","Gilmer","382","40","96"
"80 & Older years","Gilmer","181","43","58"
"<1 years","Gilmer","19","0","0"
"Unknown years","Gilmer","2","0","0"
"01-04 years","Glascock","1","0","0"
"05-09 years","Glascock","5","0","0"
"10-17 years","Glascock","7","0","0"
"18-29 years","Glascock","32","0","1"
"30-39 years","Glascock","27","0","2"
"40-49 years","Glascock","29","0","1"
"50-59 years","Glascock","38","2","5"
"60-69 years","Glascock","20","0","5"
"70-79 years","Glascock","28","3","9"
"80 & Older years","Glascock","9","2","5"
"<1 years","Glascock","1","0","0"
"Unknown years","Glascock","1","0","0"
"01-04 years","Glynn","300","0","2"
"05-09 years","Glynn","603","0","1"
"10-17 years","Glynn","1455","0","3"
"18-29 years","Glynn","2514","4","37"
"30-39 years","Glynn","2116","9","46"
"40-49 years","Glynn","1758","16","65"
"50-59 years","Glynn","1573","38","111"
"60-69 years","Glynn","1265","77","173"
"70-79 years","Glynn","730","76","125"
"80 & Older years","Glynn","384","87","119"
"<1 years","Glynn","74","0","3"
"Unknown years","Glynn","21","0","0"
"01-04 years","Gordon","159","0","1"
"05-09 years","Gordon","246","1","2"
"10-17 years","Gordon","929","0","7"
"18-29 years","Gordon","1849","3","19"
"30-39 years","Gordon","1469","4","31"
"40-49 years","Gordon","1448","9","45"
"50-59 years","Gordon","1373","23","77"
"60-69 years","Gordon","900","52","86"
"70-79 years","Gordon","478","47","104"
"80 & Older years","Gordon","240","42","66"
"<1 years","Gordon","65","0","3"
"Unknown years","Gordon","34","0","0"
"01-04 years","Grady","68","0","1"
"05-09 years","Grady","125","0","0"
"10-17 years","Grady","286","0","5"
"18-29 years","Grady","401","0","16"
"30-39 years","Grady","374","0","17"
"40-49 years","Grady","358","3","35"
"50-59 years","Grady","337","11","43"
"60-69 years","Grady","245","9","36"
"70-79 years","Grady","213","27","66"
"80 & Older years","Grady","70","18","25"
"<1 years","Grady","25","0","2"
"Unknown years","Grady","6","0","0"
"01-04 years","Greene","34","0","1"
"05-09 years","Greene","79","0","0"
"10-17 years","Greene","230","0","3"
"18-29 years","Greene","419","0","12"
"30-39 years","Greene","309","0","13"
"40-49 years","Greene","281","4","22"
"50-59 years","Greene","357","7","29"
"60-69 years","Greene","339","10","36"
"70-79 years","Greene","238","13","42"
"80 & Older years","Greene","129","31","52"
"<1 years","Greene","13","0","3"
"Unknown years","Greene","2","0","0"
"01-04 years","Gwinnett","2451","0","26"
"05-09 years","Gwinnett","4474","0","30"
"10-17 years","Gwinnett","12349","2","90"
"18-29 years","Gwinnett","27262","18","647"
"30-39 years","Gwinnett","21503","35","707"
"40-49 years","Gwinnett","21890","98","996"
"50-59 years","Gwinnett","17804","178","1199"
"60-69 years","Gwinnett","9929","299","1168"
"70-79 years","Gwinnett","4414","360","947"
"80 & Older years","Gwinnett","2337","487","809"
"<1 years","Gwinnett","781","0","28"
"Unknown years","Gwinnett","102","0","3"
"01-04 years","Habersham","63","0","2"
"05-09 years","Habersham","128","0","0"
"10-17 years","Habersham","497","1","10"
"18-29 years","Habersham","1256","1","22"
"30-39 years","Habersham","986","4","40"
"40-49 years","Habersham","1000","5","64"
"50-59 years","Habersham","1053","14","95"
"60-69 years","Habersham","823","30","152"
"70-79 years","Habersham","555","66","154"
"80 & Older years","Habersham","358","83","109"
"<1 years","Habersham","39","0","11"
"Unknown years","Habersham","31","0","2"
"01-04 years","Hall","376","0","9"
"05-09 years","Hall","843","0","8"
"10-17 years","Hall","3220","0","42"
"18-29 years","Hall","7828","8","241"
"30-39 years","Hall","5537","9","285"
"40-49 years","Hall","5490","33","402"
"50-59 years","Hall","5540","63","570"
"60-69 years","Hall","3660","122","573"
"70-79 years","Hall","2319","176","635"
"80 & Older years","Hall","1267","250","478"
"<1 years","Hall","129","0","20"
"Unknown years","Hall","231","0","10"
"01-04 years","Hancock","10","0","0"
"05-09 years","Hancock","16","0","0"
"10-17 years","Hancock","56","0","1"
"18-29 years","Hancock","177","0","3"
"30-39 years","Hancock","155","1","6"
"40-49 years","Hancock","133","2","7"
"50-59 years","Hancock","176","6","18"
"60-69 years","Hancock","172","20","36"
"70-79 years","Hancock","92","22","28"
"80 & Older years","Hancock","69","25","25"
"<1 years","Hancock","5","0","0"
"01-04 years","Haralson","38","0","0"
"05-09 years","Haralson","67","0","0"
"10-17 years","Haralson","254","0","2"
"18-29 years","Haralson","521","0","5"
"30-39 years","Haralson","355","0","8"
"40-49 years","Haralson","388","2","10"
"50-59 years","Haralson","415","6","16"
"60-69 years","Haralson","255","14","25"
"70-79 years","Haralson","154","16","20"
"80 & Older years","Haralson","65","10","11"
"<1 years","Haralson","14","0","1"
"Unknown years","Haralson","4","0","0"
"01-04 years","Harris","50","0","0"
"05-09 years","Harris","99","0","0"
"10-17 years","Harris","335","0","3"
"18-29 years","Harris","547","0","12"
"30-39 years","Harris","430","0","15"
"40-49 years","Harris","570","5","25"
"50-59 years","Harris","572","10","49"
"60-69 years","Harris","454","18","77"
"70-79 years","Harris","274","36","64"
"80 & Older years","Harris","86","17","22"
"<1 years","Harris","8","0","0"
"Unknown years","Harris","4","0","0"
"01-04 years","Hart","40","0","0"
"05-09 years","Hart","51","0","1"
"10-17 years","Hart","189","0","0"
"18-29 years","Hart","437","0","4"
"30-39 years","Hart","382","0","12"
"40-49 years","Hart","324","2","19"
"50-59 years","Hart","397","4","29"
"60-69 years","Hart","279","15","35"
"70-79 years","Hart","190","12","36"
"80 & Older years","Hart","101","17","32"
"<1 years","Hart","15","0","1"
"Unknown years","Hart","11","0","0"
"01-04 years","Heard","18","0","1"
"05-09 years","Heard","45","0","0"
"10-17 years","Heard","130","0","2"
"18-29 years","Heard","203","2","3"
"30-39 years","Heard","136","0","2"
"40-49 years","Heard","183","1","17"
"50-59 years","Heard","180","2","11"
"60-69 years","Heard","130","6","17"
"70-79 years","Heard","69","8","18"
"80 & Older years","Heard","30","8","6"
"<1 years","Heard","7","0","0"
"01-04 years","Henry","623","0","14"
"05-09 years","Henry","1278","0","6"
"10-17 years","Henry","3712","0","43"
"18-29 years","Henry","6538","2","136"
"30-39 years","Henry","5629","12","175"
"40-49 years","Henry","5851","40","254"
"50-59 years","Henry","5191","55","301"
"60-69 years","Henry","2805","125","271"
"70-79 years","Henry","1359","130","198"
"80 & Older years","Henry","659","137","123"
"<1 years","Henry","173","0","11"
"Unknown years","Henry","43","0","4"
"01-04 years","Houston","296","0","4"
"05-09 years","Houston","616","0","1"
"10-17 years","Houston","1844","0","10"
"18-29 years","Houston","3472","7","67"
"30-39 years","Houston","3179","7","99"
"40-49 years","Houston","2701","18","150"
"50-59 years","Houston","2199","34","191"
"60-69 years","Houston","1449","73","242"
"70-79 years","Houston","758","81","209"
"80 & Older years","Houston","384","78","128"
"<1 years","Houston","77","1","7"
"Unknown years","Houston","4","0","0"
"01-04 years","Irwin","7","0","0"
"05-09 years","Irwin","16","0","0"
"10-17 years","Irwin","67","0","0"
"18-29 years","Irwin","179","0","6"
"30-39 years","Irwin","148","0","9"
"40-49 years","Irwin","163","1","11"
"50-59 years","Irwin","132","3","13"
"60-69 years","Irwin","103","2","24"
"70-79 years","Irwin","57","8","9"
"80 & Older years","Irwin","40","8","24"
"Unknown years","Irwin","2","0","0"
"01-04 years","Jackson","160","0","3"
"05-09 years","Jackson","389","0","2"
"10-17 years","Jackson","1560","1","13"
"18-29 years","Jackson","2284","3","49"
"30-39 years","Jackson","2285","7","69"
"40-49 years","Jackson","2281","12","110"
"50-59 years","Jackson","2082","21","153"
"60-69 years","Jackson","1382","44","159"
"70-79 years","Jackson","898","57","176"
"80 & Older years","Jackson","427","78","137"
"<1 years","Jackson","52","0","5"
"Unknown years","Jackson","13","0","1"
"01-04 years","Jasper","22","0","0"
"05-09 years","Jasper","24","0","1"
"10-17 years","Jasper","84","0","2"
"18-29 years","Jasper","212","0","11"
"30-39 years","Jasper","169","2","8"
"40-49 years","Jasper","176","1","13"
"50-59 years","Jasper","195","5","22"
"60-69 years","Jasper","143","11","31"
"70-79 years","Jasper","77","7","17"
"80 & Older years","Jasper","30","6","10"
"<1 years","Jasper","13","0","3"
"01-04 years","Jeff Davis","45","0","0"
"05-09 years","Jeff Davis","87","0","0"
"10-17 years","Jeff Davis","186","0","2"
"18-29 years","Jeff Davis","373","0","7"
"30-39 years","Jeff Davis","294","0","9"
"40-49 years","Jeff Davis","286","1","22"
"50-59 years","Jeff Davis","247","9","26"
"60-69 years","Jeff Davis","157","10","25"
"70-79 years","Jeff Davis","115","16","24"
"80 & Older years","Jeff Davis","27","9","7"
"<1 years","Jeff Davis","12","0","1"
"01-04 years","Jefferson","25","0","1"
"05-09 years","Jefferson","45","0","0"
"10-17 years","Jefferson","141","0","2"
"18-29 years","Jefferson","305","0","3"
"30-39 years","Jefferson","262","1","10"
"40-49 years","Jefferson","257","5","21"
"50-59 years","Jefferson","309","8","30"
"60-69 years","Jefferson","281","13","42"
"70-79 years","Jefferson","171","21","49"
"80 & Older years","Jefferson","75","22","33"
"<1 years","Jefferson","10","0","3"
"Unknown years","Jefferson","3","0","0"
"01-04 years","Jenkins","23","0","0"
"05-09 years","Jenkins","30","0","0"
"10-17 years","Jenkins","81","0","1"
"18-29 years","Jenkins","149","0","2"
"30-39 years","Jenkins","102","2","6"
"40-49 years","Jenkins","142","4","14"
"50-59 years","Jenkins","155","7","26"
"60-69 years","Jenkins","97","7","14"
"70-79 years","Jenkins","64","13","21"
"80 & Older years","Jenkins","52","10","11"
"<1 years","Jenkins","4","0","0"
"01-04 years","Johnson","12","0","1"
"05-09 years","Johnson","23","0","0"
"10-17 years","Johnson","66","0","1"
"18-29 years","Johnson","173","0","5"
"30-39 years","Johnson","142","1","6"
"40-49 years","Johnson","138","3","7"
"50-59 years","Johnson","161","7","17"
"60-69 years","Johnson","149","9","24"
"70-79 years","Johnson","102","11","28"
"80 & Older years","Johnson","75","21","25"
"<1 years","Johnson","11","0","3"
"01-04 years","Jones","32","0","1"
"05-09 years","Jones","75","0","0"
"10-17 years","Jones","215","0","1"
"18-29 years","Jones","534","2","15"
"30-39 years","Jones","459","3","17"
"40-49 years","Jones","425","5","29"
"50-59 years","Jones","428","8","50"
"60-69 years","Jones","303","16","65"
"70-79 years","Jones","189","32","66"
"80 & Older years","Jones","100","24","34"
"<1 years","Jones","7","0","0"
"01-04 years","Lamar","69","0","0"
"05-09 years","Lamar","115","0","0"
"10-17 years","Lamar","301","0","5"
"18-29 years","Lamar","407","0","10"
"30-39 years","Lamar","344","2","15"
"40-49 years","Lamar","304","5","19"
"50-59 years","Lamar","300","11","42"
"60-69 years","Lamar","282","24","43"
"70-79 years","Lamar","174","20","37"
"80 & Older years","Lamar","85","24","27"
"<1 years","Lamar","39","0","1"
"Unknown years","Lamar","2","0","0"
"01-04 years","Lanier","15","0","0"
"05-09 years","Lanier","24","0","1"
"10-17 years","Lanier","85","0","1"
"18-29 years","Lanier","164","1","3"
"30-39 years","Lanier","181","0","3"
"40-49 years","Lanier","110","1","4"
"50-59 years","Lanier","97","2","8"
"60-69 years","Lanier","60","3","4"
"70-79 years","Lanier","44","5","7"
"80 & Older years","Lanier","23","0","6"
"<1 years","Lanier","7","0","0"
"Unknown years","Lanier","1","0","0"
"01-04 years","Laurens","116","0","1"
"05-09 years","Laurens","190","0","2"
"10-17 years","Laurens","616","0","5"
"18-29 years","Laurens","1230","0","13"
"30-39 years","Laurens","947","4","22"
"40-49 years","Laurens","916","12","37"
"50-59 years","Laurens","828","28","73"
"60-69 years","Laurens","649","51","105"
"70-79 years","Laurens","402","59","98"
"80 & Older years","Laurens","262","58","72"
"<1 years","Laurens","36","0","5"
"Unknown years","Laurens","2","0","0"
"01-04 years","Lee","57","0","0"
"05-09 years","Lee","91","0","3"
"10-17 years","Lee","266","0","6"
"18-29 years","Lee","452","1","23"
"30-39 years","Lee","522","1","31"
"40-49 years","Lee","485","7","45"
"50-59 years","Lee","407","14","71"
"60-69 years","Lee","270","20","61"
"70-79 years","Lee","117","19","42"
"80 & Older years","Lee","74","14","31"
"<1 years","Lee","19","0","0"
"Unknown years","Lee","3","0","0"
"01-04 years","Liberty","241","0","1"
"05-09 years","Liberty","378","0","3"
"10-17 years","Liberty","797","0","4"
"18-29 years","Liberty","2053","2","24"
"30-39 years","Liberty","1200","4","38"
"40-49 years","Liberty","752","4","29"
"50-59 years","Liberty","657","22","72"
"60-69 years","Liberty","415","26","71"
"70-79 years","Liberty","179","22","64"
"80 & Older years","Liberty","77","19","30"
"<1 years","Liberty","80","0","3"
"Unknown years","Liberty","9","0","0"
"01-04 years","Lincoln","17","0","0"
"05-09 years","Lincoln","21","0","1"
"10-17 years","Lincoln","55","0","0"
"18-29 years","Lincoln","127","0","4"
"30-39 years","Lincoln","109","0","5"
"40-49 years","Lincoln","112","1","10"
"50-59 years","Lincoln","94","3","6"
"60-69 years","Lincoln","92","7","20"
"70-79 years","Lincoln","66","9","17"
"80 & Older years","Lincoln","22","7","10"
"<1 years","Lincoln","4","0","0"
"Unknown years","Lincoln","5","0","0"
"01-04 years","Long","51","0","0"
"05-09 years","Long","85","0","0"
"10-17 years","Long","189","0","0"
"18-29 years","Long","284","0","1"
"30-39 years","Long","277","2","9"
"40-49 years","Long","204","4","13"
"50-59 years","Long","134","3","18"
"60-69 years","Long","108","4","17"
"70-79 years","Long","51","6","15"
"80 & Older years","Long","23","2","11"
"<1 years","Long","20","0","0"
"Unknown years","Long","2","0","0"
"01-04 years","Lowndes","261","0","0"
"05-09 years","Lowndes","371","0","1"
"10-17 years","Lowndes","973","0","10"
"18-29 years","Lowndes","3371","6","43"
"30-39 years","Lowndes","1991","7","43"
"40-49 years","Lowndes","1508","13","72"
"50-59 years","Lowndes","1259","25","92"
"60-69 years","Lowndes","844","48","117"
"70-79 years","Lowndes","487","63","108"
"80 & Older years","Lowndes","280","74","78"
"<1 years","Lowndes","94","0","1"
"Unknown years","Lowndes","6","0","0"
"01-04 years","Lumpkin","41","0","1"
"05-09 years","Lumpkin","118","0","2"
"10-17 years","Lumpkin","331","0","3"
"18-29 years","Lumpkin","1187","0","23"
"30-39 years","Lumpkin","647","1","22"
"40-49 years","Lumpkin","591","1","36"
"50-59 years","Lumpkin","681","10","77"
"60-69 years","Lumpkin","595","21","87"
"70-79 years","Lumpkin","383","20","95"
"80 & Older years","Lumpkin","190","41","89"
"<1 years","Lumpkin","26","0","3"
"Unknown years","Lumpkin","23","0","2"
"01-04 years","Macon","17","0","0"
"05-09 years","Macon","20","0","0"
"10-17 years","Macon","40","0","0"
"18-29 years","Macon","167","0","4"
"30-39 years","Macon","129","1","4"
"40-49 years","Macon","148","4","9"
"50-59 years","Macon","161","6","26"
"60-69 years","Macon","96","11","31"
"70-79 years","Macon","64","8","22"
"80 & Older years","Macon","25","10","11"
"<1 years","Macon","5","0","0"
"Unknown years","Macon","1","0","1"
"01-04 years","Madison","91","0","3"
"05-09 years","Madison","138","0","0"
"10-17 years","Madison","434","0","1"
"18-29 years","Madison","842","0","20"
"30-39 years","Madison","675","1","26"
"40-49 years","Madison","666","1","35"
"50-59 years","Madison","655","14","45"
"60-69 years","Madison","492","14","59"
"70-79 years","Madison","298","26","68"
"80 & Older years","Madison","111","18","24"
"<1 years","Madison","43","0","6"
"Unknown years","Madison","3","0","0"
"01-04 years","Marion","9","0","0"
"05-09 years","Marion","26","0","1"
"10-17 years","Marion","83","0","0"
"18-29 years","Marion","118","0","4"
"30-39 years","Marion","83","0","4"
"40-49 years","Marion","105","2","8"
"50-59 years","Marion","96","6","13"
"60-69 years","Marion","75","9","14"
"70-79 years","Marion","42","8","13"
"80 & Older years","Marion","39","9","13"
"<1 years","Marion","7","0","0"
"Unknown years","Marion","2","0","0"
"01-04 years","McDuffie","42","0","1"
"05-09 years","McDuffie","61","0","0"
"10-17 years","McDuffie","214","0","1"
"18-29 years","McDuffie","492","0","10"
"30-39 years","McDuffie","371","2","8"
"40-49 years","McDuffie","352","3","23"
"50-59 years","McDuffie","347","12","44"
"60-69 years","McDuffie","260","15","47"
"70-79 years","McDuffie","155","15","58"
"80 & Older years","McDuffie","69","16","30"
"<1 years","McDuffie","5","0","0"
"Unknown years","McDuffie","18","0","0"
"01-04 years","McIntosh","24","0","0"
"05-09 years","McIntosh","50","0","1"
"10-17 years","McIntosh","190","0","0"
"18-29 years","McIntosh","232","0","5"
"30-39 years","McIntosh","195","0","3"
"40-49 years","McIntosh","198","0","6"
"50-59 years","McIntosh","226","3","11"
"60-69 years","McIntosh","175","7","29"
"70-79 years","McIntosh","101","9","23"
"80 & Older years","McIntosh","38","10","13"
"<1 years","McIntosh","2","0","0"
"Unknown years","McIntosh","1","0","0"
"01-04 years","Meriwether","62","0","2"
"05-09 years","Meriwether","69","0","1"
"10-17 years","Meriwether","180","0","2"
"18-29 years","Meriwether","406","0","12"
"30-39 years","Meriwether","322","3","23"
"40-49 years","Meriwether","355","4","28"
"50-59 years","Meriwether","361","12","43"
"60-69 years","Meriwether","312","18","47"
"70-79 years","Meriwether","241","31","53"
"80 & Older years","Meriwether","123","33","30"
"<1 years","Meriwether","17","0","4"
"Unknown years","Meriwether","2","0","0"
"01-04 years","Miller","22","0","0"
"05-09 years","Miller","35","0","0"
"10-17 years","Miller","142","0","1"
"18-29 years","Miller","166","0","1"
"30-39 years","Miller","149","0","0"
"40-49 years","Miller","121","1","7"
"50-59 years","Miller","171","4","18"
"60-69 years","Miller","122","4","14"
"70-79 years","Miller","46","3","5"
"80 & Older years","Miller","32","3","8"
"<1 years","Miller","5","0","0"
"01-04 years","Mitchell","44","0","2"
"05-09 years","Mitchell","70","0","0"
"10-17 years","Mitchell","186","0","4"
"18-29 years","Mitchell","402","1","17"
"30-39 years","Mitchell","351","1","23"
"40-49 years","Mitchell","312","7","28"
"50-59 years","Mitchell","331","13","63"
"60-69 years","Mitchell","266","19","62"
"70-79 years","Mitchell","163","22","59"
"80 & Older years","Mitchell","102","27","34"
"<1 years","Mitchell","15","0","1"
"Unknown years","Mitchell","1","0","0"
"01-04 years","Monroe","25","0","4"
"05-09 years","Monroe","66","0","1"
"10-17 years","Monroe","199","0","0"
"18-29 years","Monroe","514","2","11"
"30-39 years","Monroe","427","0","12"
"40-49 years","Monroe","462","7","29"
"50-59 years","Monroe","487","7","35"
"60-69 years","Monroe","406","29","70"
"70-79 years","Monroe","224","29","58"
"80 & Older years","Monroe","134","45","43"
"<1 years","Monroe","10","0","1"
"Unknown years","Monroe","1","0","0"
"01-04 years","Montgomery","15","0","0"
"05-09 years","Montgomery","19","0","0"
"10-17 years","Montgomery","98","0","1"
"18-29 years","Montgomery","241","1","2"
"30-39 years","Montgomery","179","2","6"
"40-49 years","Montgomery","182","1","4"
"50-59 years","Montgomery","163","6","14"
"60-69 years","Montgomery","143","9","16"
"70-79 years","Montgomery","77","12","15"
"80 & Older years","Montgomery","39","10","7"
"<1 years","Montgomery","3","0","0"
"Unknown years","Montgomery","1","0","0"
"01-04 years","Morgan","48","0","0"
"05-09 years","Morgan","78","0","1"
"10-17 years","Morgan","174","0","1"
"18-29 years","Morgan","381","0","9"
"30-39 years","Morgan","306","0","12"
"40-49 years","Morgan","295","1","11"
"50-59 years","Morgan","321","5","27"
"60-69 years","Morgan","219","8","26"
"70-79 years","Morgan","168","7","29"
"80 & Older years","Morgan","84","21","31"
"<1 years","Morgan","28","0","2"
"Unknown years","Morgan","1","0","0"
"01-04 years","Murray","127","0","2"
"05-09 years","Murray","195","0","3"
"10-17 years","Murray","711","0","2"
"18-29 years","Murray","1365","0","16"
"30-39 years","Murray","1020","2","15"
"40-49 years","Murray","1104","10","42"
"50-59 years","Murray","934","19","79"
"60-69 years","Murray","626","24","94"
"70-79 years","Murray","381","54","88"
"80 & Older years","Murray","145","32","39"
"<1 years","Murray","50","0","2"
"01-04 years","Muscogee","469","0","7"
"05-09 years","Muscogee","838","0","0"
"10-17 years","Muscogee","2072","0","22"
"18-29 years","Muscogee","5108","9","141"
"30-39 years","Muscogee","3842","9","176"
"40-49 years","Muscogee","3049","18","211"
"50-59 years","Muscogee","2882","82","346"
"60-69 years","Muscogee","2190","140","429"
"70-79 years","Muscogee","1141","138","304"
"80 & Older years","Muscogee","681","196","249"
"<1 years","Muscogee","141","0","10"
"Unknown years","Muscogee","41","0","0"
"01-04 years","Newton","204","0","13"
"05-09 years","Newton","493","0","7"
"10-17 years","Newton","1308","0","64"
"18-29 years","Newton","2542","1","216"
"30-39 years","Newton","2189","8","205"
"40-49 years","Newton","2238","20","224"
"50-59 years","Newton","1943","47","272"
"60-69 years","Newton","1120","64","213"
"70-79 years","Newton","690","88","196"
"80 & Older years","Newton","392","100","139"
"<1 years","Newton","74","0","10"
"Unknown years","Newton","3","0","1"
"01-04 years","Non-GA Resident/Unknown State","498","0","10"
"05-09 years","Non-GA Resident/Unknown State","803","0","9"
"10-17 years","Non-GA Resident/Unknown State","2121","0","22"
"18-29 years","Non-GA Resident/Unknown State","8479","7","183"
"30-39 years","Non-GA Resident/Unknown State","6200","18","227"
"40-49 years","Non-GA Resident/Unknown State","5178","39","264"
"50-59 years","Non-GA Resident/Unknown State","4843","112","410"
"60-69 years","Non-GA Resident/Unknown State","3496","200","486"
"70-79 years","Non-GA Resident/Unknown State","2215","212","486"
"80 & Older years","Non-GA Resident/Unknown State","1216","196","319"
"<1 years","Non-GA Resident/Unknown State","316","0","18"
"Unknown years","Non-GA Resident/Unknown State","842","0","45"
"01-04 years","Oconee","86","0","0"
"05-09 years","Oconee","189","0","0"
"10-17 years","Oconee","610","0","1"
"18-29 years","Oconee","868","0","14"
"30-39 years","Oconee","616","1","8"
"40-49 years","Oconee","910","3","29"
"50-59 years","Oconee","733","5","23"
"60-69 years","Oconee","467","12","45"
"70-79 years","Oconee","262","19","34"
"80 & Older years","Oconee","165","34","49"
"<1 years","Oconee","19","0","0"
"Unknown years","Oconee","4","0","0"
"01-04 years","Oglethorpe","33","0","0"
"05-09 years","Oglethorpe","63","0","0"
"10-17 years","Oglethorpe","178","0","3"
"18-29 years","Oglethorpe","324","0","8"
"30-39 years","Oglethorpe","238","2","12"
"40-49 years","Oglethorpe","259","3","21"
"50-59 years","Oglethorpe","261","1","29"
"60-69 years","Oglethorpe","209","4","23"
"70-79 years","Oglethorpe","148","15","25"
"80 & Older years","Oglethorpe","83","18","23"
"<1 years","Oglethorpe","15","0","1"
"Unknown years","Oglethorpe","1","0","0"
"01-04 years","Paulding","393","0","4"
"05-09 years","Paulding","798","0","0"
"10-17 years","Paulding","2272","0","10"
"18-29 years","Paulding","3585","1","42"
"30-39 years","Paulding","3353","5","52"
"40-49 years","Paulding","3307","13","78"
"50-59 years","Paulding","2879","38","128"
"60-69 years","Paulding","1519","56","116"
"70-79 years","Paulding","782","59","114"
"80 & Older years","Paulding","433","86","91"
"<1 years","Paulding","125","0","2"
"Unknown years","Paulding","27","0","0"
"01-04 years","Peach","45","0","2"
"05-09 years","Peach","56","0","0"
"10-17 years","Peach","179","0","2"
"18-29 years","Peach","616","1","14"
"30-39 years","Peach","483","3","20"
"40-49 years","Peach","406","9","32"
"50-59 years","Peach","413","14","58"
"60-69 years","Peach","356","21","75"
"70-79 years","Peach","179","26","59"
"80 & Older years","Peach","86","22","38"
"<1 years","Peach","5","0","0"
"01-04 years","Pickens","40","0","3"
"05-09 years","Pickens","90","0","2"
"10-17 years","Pickens","272","0","1"
"18-29 years","Pickens","632","0","16"
"30-39 years","Pickens","511","3","25"
"40-49 years","Pickens","559","1","36"
"50-59 years","Pickens","674","9","57"
"60-69 years","Pickens","527","19","88"
"70-79 years","Pickens","384","29","102"
"80 & Older years","Pickens","167","35","54"
"<1 years","Pickens","7","0","2"
"01-04 years","Pierce","52","0","0"
"05-09 years","Pierce","69","0","0"
"10-17 years","Pierce","211","1","1"
"18-29 years","Pierce","388","0","8"
"30-39 years","Pierce","289","3","15"
"40-49 years","Pierce","347","5","30"
"50-59 years","Pierce","317","17","43"
"60-69 years","Pierce","229","22","65"
"70-79 years","Pierce","171","24","65"
"80 & Older years","Pierce","65","18","26"
"<1 years","Pierce","22","0","1"
"01-04 years","Pike","60","0","0"
"05-09 years","Pike","93","0","0"
"10-17 years","Pike","242","0","1"
"18-29 years","Pike","298","2","11"
"30-39 years","Pike","314","2","8"
"40-49 years","Pike","339","3","17"
"50-59 years","Pike","277","10","25"
"60-69 years","Pike","198","15","39"
"70-79 years","Pike","112","9","30"
"80 & Older years","Pike","45","12","12"
"<1 years","Pike","17","0","0"
"Unknown years","Pike","1","0","0"
"01-04 years","Polk","113","0","1"
"05-09 years","Polk","196","0","3"
"10-17 years","Polk","692","0","6"
"18-29 years","Polk","1424","0","25"
"30-39 years","Polk","1063","2","32"
"40-49 years","Polk","1003","8","59"
"50-59 years","Polk","992","25","112"
"60-69 years","Polk","629","33","116"
"70-79 years","Polk","443","41","126"
"80 & Older years","Polk","195","34","66"
"<1 years","Polk","57","0","3"
"Unknown years","Polk","18","0","0"
"01-04 years","Pulaski","15","0","0"
"05-09 years","Pulaski","29","0","0"
"10-17 years","Pulaski","93","0","1"
"18-29 years","Pulaski","154","0","3"
"30-39 years","Pulaski","142","1","3"
"40-49 years","Pulaski","132","0","10"
"50-59 years","Pulaski","138","4","9"
"60-69 years","Pulaski","113","11","16"
"70-79 years","Pulaski","53","13","17"
"80 & Older years","Pulaski","41","13","7"
"<1 years","Pulaski","5","0","0"
"01-04 years","Putnam","44","0","0"
"05-09 years","Putnam","80","0","1"
"10-17 years","Putnam","241","0","2"
"18-29 years","Putnam","460","0","6"
"30-39 years","Putnam","410","1","16"
"40-49 years","Putnam","344","4","22"
"50-59 years","Putnam","445","3","36"
"60-69 years","Putnam","377","23","51"
"70-79 years","Putnam","282","26","72"
"80 & Older years","Putnam","114","27","43"
"<1 years","Putnam","12","0","1"
"01-04 years","Quitman","3","0","0"
"05-09 years","Quitman","5","0","0"
"10-17 years","Quitman","14","0","0"
"18-29 years","Quitman","18","0","2"
"30-39 years","Quitman","14","0","2"
"40-49 years","Quitman","5","0","1"
"50-59 years","Quitman","18","0","2"
"60-69 years","Quitman","29","1","6"
"70-79 years","Quitman","6","1","2"
"80 & Older years","Quitman","11","1","2"
"<1 years","Quitman","2","0","0"
"01-04 years","Rabun","24","0","0"
"05-09 years","Rabun","60","0","0"
"10-17 years","Rabun","203","0","2"
"18-29 years","Rabun","330","2","9"
"30-39 years","Rabun","272","2","14"
"40-49 years","Rabun","295","2","21"
"50-59 years","Rabun","348","4","41"
"60-69 years","Rabun","336","12","43"
"70-79 years","Rabun","263","20","58"
"80 & Older years","Rabun","106","22","35"
"<1 years","Rabun","10","0","1"
"Unknown years","Rabun","3","0","0"
"01-04 years","Randolph","3","0","0"
"05-09 years","Randolph","12","0","0"
"10-17 years","Randolph","36","0","3"
"18-29 years","Randolph","89","1","5"
"30-39 years","Randolph","93","2","8"
"40-49 years","Randolph","77","0","8"
"50-59 years","Randolph","115","6","25"
"60-69 years","Randolph","86","11","19"
"70-79 years","Randolph","56","5","19"
"80 & Older years","Randolph","50","15","17"
"<1 years","Randolph","2","0","0"
"Unknown years","Randolph","2","0","0"
"01-04 years","Richmond","508","0","1"
"05-09 years","Richmond","1037","1","8"
"10-17 years","Richmond","2571","0","29"
"18-29 years","Richmond","6602","15","99"
"30-39 years","Richmond","5051","14","146"
"40-49 years","Richmond","3789","32","179"
"50-59 years","Richmond","3442","60","314"
"60-69 years","Richmond","2618","136","392"
"70-79 years","Richmond","1373","159","396"
"80 & Older years","Richmond","803","194","325"
"<1 years","Richmond","171","0","7"
"Unknown years","Richmond","20","0","0"
"01-04 years","Rockdale","171","0","24"
"05-09 years","Rockdale","377","0","22"
"10-17 years","Rockdale","1033","0","55"
"18-29 years","Rockdale","2126","3","202"
"30-39 years","Rockdale","1817","5","235"
"40-49 years","Rockdale","1855","12","232"
"50-59 years","Rockdale","1666","27","301"
"60-69 years","Rockdale","967","49","250"
"70-79 years","Rockdale","546","73","224"
"80 & Older years","Rockdale","281","72","149"
"<1 years","Rockdale","44","0","6"
"Unknown years","Rockdale","4","0","2"
"01-04 years","Schley","9","0","0"
"05-09 years","Schley","12","0","0"
"10-17 years","Schley","40","0","0"
"18-29 years","Schley","66","0","2"
"30-39 years","Schley","42","0","0"
"40-49 years","Schley","63","0","5"
"50-59 years","Schley","53","2","8"
"60-69 years","Schley","36","1","7"
"70-79 years","Schley","19","3","4"
"80 & Older years","Schley","9","2","3"
"<1 years","Schley","1","0","0"
"01-04 years","Screven","25","0","1"
"05-09 years","Screven","45","0","0"
"10-17 years","Screven","174","0","1"
"18-29 years","Screven","224","0","7"
"30-39 years","Screven","213","1","6"
"40-49 years","Screven","183","4","12"
"50-59 years","Screven","175","6","21"
"60-69 years","Screven","175","5","19"
"70-79 years","Screven","101","10","21"
"80 & Older years","Screven","45","9","13"
"<1 years","Screven","11","0","0"
"Unknown years","Screven","1","0","0"
"01-04 years","Seminole","22","0","0"
"05-09 years","Seminole","43","0","0"
"10-17 years","Seminole","142","0","1"
"18-29 years","Seminole","199","0","3"
"30-39 years","Seminole","164","0","4"
"40-49 years","Seminole","162","0","10"
"50-59 years","Seminole","169","3","9"
"60-69 years","Seminole","180","6","33"
"70-79 years","Seminole","101","7","21"
"80 & Older years","Seminole","47","7","18"
"<1 years","Seminole","9","0","0"
"Unknown years","Seminole","1","0","0"
"01-04 years","Spalding","168","0","2"
"05-09 years","Spalding","244","0","1"
"10-17 years","Spalding","586","0","5"
"18-29 years","Spalding","1419","4","46"
"30-39 years","Spalding","1216","7","53"
"40-49 years","Spalding","1130","16","82"
"50-59 years","Spalding","1107","39","125"
"60-69 years","Spalding","822","72","147"
"70-79 years","Spalding","533","79","130"
"80 & Older years","Spalding","312","75","88"
"<1 years","Spalding","54","0","3"
"Unknown years","Spalding","11","0","1"
"01-04 years","Stephens","50","0","2"
"05-09 years","Stephens","103","0","1"
"10-17 years","Stephens","427","0","3"
"18-29 years","Stephens","870","1","24"
"30-39 years","Stephens","582","0","11"
"40-49 years","Stephens","673","1","28"
"50-59 years","Stephens","701","11","55"
"60-69 years","Stephens","643","34","94"
"70-79 years","Stephens","428","36","91"
"80 & Older years","Stephens","204","31","50"
"<1 years","Stephens","16","0","1"
"Unknown years","Stephens","10","0","0"
"01-04 years","Stewart","10","0","1"
"05-09 years","Stewart","9","0","0"
"10-17 years","Stewart","26","0","0"
"18-29 years","Stewart","436","0","22"
"30-39 years","Stewart","409","1","28"
"40-49 years","Stewart","257","2","24"
"50-59 years","Stewart","124","2","18"
"60-69 years","Stewart","85","16","31"
"70-79 years","Stewart","28","4","6"
"80 & Older years","Stewart","23","5","7"
"<1 years","Stewart","3","0","0"
"Unknown years","Stewart","12","0","3"
"01-04 years","Sumter","61","0","1"
"05-09 years","Sumter","104","0","0"
"10-17 years","Sumter","222","0","7"
"18-29 years","Sumter","547","2","20"
"30-39 years","Sumter","424","1","36"
"40-49 years","Sumter","393","11","38"
"50-59 years","Sumter","434","12","65"
"60-69 years","Sumter","344","34","87"
"70-79 years","Sumter","222","35","65"
"80 & Older years","Sumter","142","39","60"
"<1 years","Sumter","38","0","4"
"Unknown years","Sumter","1","0","0"
"01-04 years","Talbot","17","0","1"
"05-09 years","Talbot","25","0","0"
"10-17 years","Talbot","57","0","0"
"18-29 years","Talbot","101","0","4"
"30-39 years","Talbot","70","0","3"
"40-49 years","Talbot","96","3","5"
"50-59 years","Talbot","103","6","11"
"60-69 years","Talbot","86","7","21"
"70-79 years","Talbot","53","8","9"
"80 & Older years","Talbot","26","5","10"
"<1 years","Talbot","1","0","0"
"Unknown years","Talbot","2","0","0"
"01-04 years","Taliaferro","2","0","0"
"05-09 years","Taliaferro","1","0","0"
"10-17 years","Taliaferro","11","0","0"
"18-29 years","Taliaferro","20","0","1"
"30-39 years","Taliaferro","19","0","0"
"40-49 years","Taliaferro","23","0","2"
"50-59 years","Taliaferro","12","0","0"
"60-69 years","Taliaferro","26","1","4"
"70-79 years","Taliaferro","11","1","4"
"80 & Older years","Taliaferro","4","1","2"
"<1 years","Taliaferro","1","0","0"
"01-04 years","Tattnall","59","0","1"
"05-09 years","Tattnall","87","0","1"
"10-17 years","Tattnall","272","0","2"
"18-29 years","Tattnall","479","1","3"
"30-39 years","Tattnall","435","2","10"
"40-49 years","Tattnall","421","0","11"
"50-59 years","Tattnall","435","13","32"
"60-69 years","Tattnall","304","22","45"
"70-79 years","Tattnall","164","29","46"
"80 & Older years","Tattnall","63","6","11"
"<1 years","Tattnall","20","0","0"
"01-04 years","Taylor","22","0","1"
"05-09 years","Taylor","31","0","0"
"10-17 years","Taylor","90","0","1"
"18-29 years","Taylor","142","1","6"
"30-39 years","Taylor","99","1","6"
"40-49 years","Taylor","137","2","18"
"50-59 years","Taylor","113","3","20"
"60-69 years","Taylor","92","8","22"
"70-79 years","Taylor","48","9","15"
"80 & Older years","Taylor","29","10","10"
"<1 years","Taylor","6","0","0"
"01-04 years","Telfair","15","0","0"
"05-09 years","Telfair","26","0","0"
"10-17 years","Telfair","55","0","1"
"18-29 years","Telfair","190","0","4"
"30-39 years","Telfair","145","1","5"
"40-49 years","Telfair","153","2","8"
"50-59 years","Telfair","142","8","14"
"60-69 years","Telfair","123","11","22"
"70-79 years","Telfair","80","17","23"
"80 & Older years","Telfair","46","17","13"
"<1 years","Telfair","8","0","0"
"Unknown years","Telfair","2","0","0"
"01-04 years","Terrell","18","0","0"
"05-09 years","Terrell","26","0","0"
"10-17 years","Terrell","86","0","1"
"18-29 years","Terrell","125","0","8"
"30-39 years","Terrell","118","0","14"
"40-49 years","Terrell","94","0","13"
"50-59 years","Terrell","142","7","28"
"60-69 years","Terrell","119","14","44"
"70-79 years","Terrell","71","19","30"
"80 & Older years","Terrell","46","16","20"
"<1 years","Terrell","4","0","0"
"01-04 years","Thomas","165","1","2"
"05-09 years","Thomas","314","0","3"
"10-17 years","Thomas","796","0","3"
"18-29 years","Thomas","1062","2","42"
"30-39 years","Thomas","865","5","36"
"40-49 years","Thomas","839","11","60"
"50-59 years","Thomas","857","21","85"
"60-69 years","Thomas","644","27","136"
"70-79 years","Thomas","374","44","107"
"80 & Older years","Thomas","218","54","73"
"<1 years","Thomas","56","0","3"
"Unknown years","Thomas","5","0","0"
"01-04 years","Tift","106","0","7"
"05-09 years","Tift","162","0","4"
"10-17 years","Tift","424","0","10"
"18-29 years","Tift","1088","2","35"
"30-39 years","Tift","807","2","43"
"40-49 years","Tift","743","10","75"
"50-59 years","Tift","633","18","89"
"60-69 years","Tift","488","27","101"
"70-79 years","Tift","307","37","102"
"80 & Older years","Tift","187","46","75"
"<1 years","Tift","37","0","2"
"Unknown years","Tift","1","0","0"
"01-04 years","Toombs","54","0","0"
"05-09 years","Toombs","120","0","0"
"10-17 years","Toombs","353","0","2"
"18-29 years","Toombs","888","1","10"
"30-39 years","Toombs","685","2","11"
"40-49 years","Toombs","649","9","37"
"50-59 years","Toombs","632","16","40"
"60-69 years","Toombs","549","31","74"
"70-79 years","Toombs","346","47","56"
"80 & Older years","Toombs","197","49","42"
"<1 years","Toombs","21","0","0"
"01-04 years","Towns","8","0","0"
"05-09 years","Towns","18","0","1"
"10-17 years","Towns","76","0","1"
"18-29 years","Towns","206","0","4"
"30-39 years","Towns","140","1","5"
"40-49 years","Towns","168","2","6"
"50-59 years","Towns","270","7","27"
"60-69 years","Towns","325","8","28"
"70-79 years","Towns","238","16","49"
"80 & Older years","Towns","163","37","66"
"<1 years","Towns","2","0","0"
"01-04 years","Treutlen","13","0","0"
"05-09 years","Treutlen","25","0","1"
"10-17 years","Treutlen","79","0","1"
"18-29 years","Treutlen","158","0","3"
"30-39 years","Treutlen","145","0","5"
"40-49 years","Treutlen","142","5","6"
"50-59 years","Treutlen","137","3","10"
"60-69 years","Treutlen","91","7","15"
"70-79 years","Treutlen","70","17","12"
"80 & Older years","Treutlen","39","13","10"
"<1 years","Treutlen","1","0","0"
"Unknown years","Treutlen","1","0","0"
"01-04 years","Troup","261","0","2"
"05-09 years","Troup","390","0","1"
"10-17 years","Troup","982","0","11"
"18-29 years","Troup","2014","2","38"
"30-39 years","Troup","1561","10","63"
"40-49 years","Troup","1290","11","70"
"50-59 years","Troup","1249","34","142"
"60-69 years","Troup","916","57","134"
"70-79 years","Troup","487","64","117"
"80 & Older years","Troup","323","94","79"
"<1 years","Troup","93","0","3"
"Unknown years","Troup","9","0","0"
"01-04 years","Turner","13","0","0"
"05-09 years","Turner","18","0","2"
"10-17 years","Turner","37","0","1"
"18-29 years","Turner","139","0","4"
"30-39 years","Turner","147","0","15"
"40-49 years","Turner","140","1","9"
"50-59 years","Turner","128","2","19"
"60-69 years","Turner","107","9","30"
"70-79 years","Turner","63","11","16"
"80 & Older years","Turner","38","18","16"
"<1 years","Turner","7","0","1"
"01-04 years","Twiggs","16","0","1"
"05-09 years","Twiggs","16","0","1"
"10-17 years","Twiggs","52","0","1"
"18-29 years","Twiggs","120","0","3"
"30-39 years","Twiggs","104","1","4"
"40-49 years","Twiggs","106","2","11"
"50-59 years","Twiggs","141","4","26"
"60-69 years","Twiggs","130","13","42"
"70-79 years","Twiggs","74","14","30"
"80 & Older years","Twiggs","34","15","19"
"<1 years","Twiggs","2","0","0"
"01-04 years","Union","22","0","0"
"05-09 years","Union","66","0","0"
"10-17 years","Union","205","0","2"
"18-29 years","Union","415","1","6"
"30-39 years","Union","404","3","8"
"40-49 years","Union","379","2","23"
"50-59 years","Union","485","6","40"
"60-69 years","Union","587","20","80"
"70-79 years","Union","499","35","108"
"80 & Older years","Union","264","53","85"
"<1 years","Union","8","0","2"
"Unknown years","Union","7","0","0"
"01-04 years","Unknown","57","0","1"
"05-09 years","Unknown","89","0","0"
"10-17 years","Unknown","278","0","1"
"18-29 years","Unknown","933","1","9"
"30-39 years","Unknown","537","0","6"
"40-49 years","Unknown","438","1","6"
"50-59 years","Unknown","354","1","10"
"60-69 years","Unknown","226","1","12"
"70-79 years","Unknown","134","1","9"
"80 & Older years","Unknown","59","0","5"
"<1 years","Unknown","54","0","1"
"Unknown years","Unknown","99","0","4"
"01-04 years","Upson","83","0","1"
"05-09 years","Upson","122","0","0"
"10-17 years","Upson","309","1","4"
"18-29 years","Upson","524","0","9"
"30-39 years","Upson","400","2","12"
"40-49 years","Upson","387","2","21"
"50-59 years","Upson","372","13","41"
"60-69 years","Upson","339","31","57"
"70-79 years","Upson","232","44","67"
"80 & Older years","Upson","130","47","45"
"<1 years","Upson","35","0","2"
"Unknown years","Upson","9","0","0"
"01-04 years","Walker","181","0","1"
"05-09 years","Walker","377","0","1"
"10-17 years","Walker","1000","0","9"
"18-29 years","Walker","1875","0","24"
"30-39 years","Walker","1511","1","23"
"40-49 years","Walker","1671","11","54"
"50-59 years","Walker","1444","8","62"
"60-69 years","Walker","1094","30","96"
"70-79 years","Walker","718","44","93"
"80 & Older years","Walker","319","44","59"
"<1 years","Walker","71","0","3"
"Unknown years","Walker","76","0","4"
"01-04 years","Walton","172","0","5"
"05-09 years","Walton","347","0","10"
"10-17 years","Walton","1072","0","27"
"18-29 years","Walton","2198","3","126"
"30-39 years","Walton","1943","6","99"
"40-49 years","Walton","1980","10","143"
"50-59 years","Walton","1862","30","179"
"60-69 years","Walton","1263","50","196"
"70-79 years","Walton","885","101","188"
"80 & Older years","Walton","494","126","126"
"<1 years","Walton","66","0","3"
"Unknown years","Walton","9","0","0"
"01-04 years","Ware","127","0","1"
"05-09 years","Ware","157","0","0"
"10-17 years","Ware","437","0","4"
"18-29 years","Ware","869","1","16"
"30-39 years","Ware","708","3","37"
"40-49 years","Ware","640","5","55"
"50-59 years","Ware","607","34","123"
"60-69 years","Ware","446","36","110"
"70-79 years","Ware","336","56","130"
"80 & Older years","Ware","242","72","84"
"<1 years","Ware","44","0","2"
"01-04 years","Warren","10","0","0"
"05-09 years","Warren","10","0","0"
"10-17 years","Warren","36","0","0"
"18-29 years","Warren","109","0","3"
"30-39 years","Warren","74","0","5"
"40-49 years","Warren","75","3","7"
"50-59 years","Warren","86","3","11"
"60-69 years","Warren","60","3","10"
"70-79 years","Warren","44","6","15"
"80 & Older years","Warren","21","5","9"
"<1 years","Warren","7","0","1"
"Unknown years","Warren","4","0","0"
"01-04 years","Washington","61","0","0"
"05-09 years","Washington","85","0","0"
"10-17 years","Washington","292","1","4"
"18-29 years","Washington","401","0","8"
"30-39 years","Washington","371","2","14"
"40-49 years","Washington","359","6","16"
"50-59 years","Washington","319","10","17"
"60-69 years","Washington","280","17","35"
"70-79 years","Washington","145","14","27"
"80 & Older years","Washington","83","29","15"
"<1 years","Washington","24","0","0"
"Unknown years","Washington","1","0","0"
"01-04 years","Wayne","62","0","2"
"05-09 years","Wayne","109","0","0"
"10-17 years","Wayne","392","0","2"
"18-29 years","Wayne","746","1","15"
"30-39 years","Wayne","721","6","21"
"40-49 years","Wayne","753","13","57"
"50-59 years","Wayne","658","24","62"
"60-69 years","Wayne","495","37","95"
"70-79 years","Wayne","348","41","99"
"80 & Older years","Wayne","156","38","39"
"<1 years","Wayne","25","0","2"
"05-09 years","Webster","8","0","0"
"10-17 years","Webster","16","0","0"
"18-29 years","Webster","36","0","3"
"30-39 years","Webster","19","0","1"
"40-49 years","Webster","27","0","2"
"50-59 years","Webster","27","3","8"
"60-69 years","Webster","28","1","4"
"70-79 years","Webster","12","2","4"
"80 & Older years","Webster","5","1","1"
"<1 years","Webster","3","0","0"
"Unknown years","Webster","2","0","0"
"01-04 years","Wheeler","3","0","0"
"05-09 years","Wheeler","9","0","1"
"10-17 years","Wheeler","41","0","0"
"18-29 years","Wheeler","88","0","0"
"30-39 years","Wheeler","108","2","2"
"40-49 years","Wheeler","105","3","3"
"50-59 years","Wheeler","115","9","12"
"60-69 years","Wheeler","72","6","10"
"70-79 years","Wheeler","50","8","12"
"80 & Older years","Wheeler","10","4","2"
"<1 years","Wheeler","2","0","0"
"Unknown years","Wheeler","23","0","1"
"01-04 years","White","41","0","1"
"05-09 years","White","112","0","1"
"10-17 years","White","438","0","2"
"18-29 years","White","727","1","14"
"30-39 years","White","599","2","12"
"40-49 years","White","659","8","34"
"50-59 years","White","731","10","66"
"60-69 years","White","646","20","89"
"70-79 years","White","479","31","110"
"80 & Older years","White","255","46","93"
"<1 years","White","14","0","0"
"Unknown years","White","11","0","0"
"01-04 years","Whitfield","308","0","3"
"05-09 years","Whitfield","631","0","3"
"10-17 years","Whitfield","2001","0","9"
"18-29 years","Whitfield","4714","3","63"
"30-39 years","Whitfield","3273","6","85"
"40-49 years","Whitfield","3190","12","115"
"50-59 years","Whitfield","2810","55","175"
"60-69 years","Whitfield","1706","62","201"
"70-79 years","Whitfield","948","80","182"
"80 & Older years","Whitfield","526","114","139"
"<1 years","Whitfield","113","0","5"
"01-04 years","Wilcox","21","0","1"
"05-09 years","Wilcox","28","0","0"
"10-17 years","Wilcox","55","0","0"
"18-29 years","Wilcox","75","0","1"
"30-39 years","Wilcox","72","0","3"
"40-49 years","Wilcox","94","0","12"
"50-59 years","Wilcox","102","2","17"
"60-69 years","Wilcox","109","10","30"
"70-79 years","Wilcox","60","12","11"
"80 & Older years","Wilcox","27","8","8"
"<1 years","Wilcox","8","0","1"
"01-04 years","Wilkes","11","0","0"
"05-09 years","Wilkes","25","0","0"
"10-17 years","Wilkes","79","0","1"
"18-29 years","Wilkes","174","0","5"
"30-39 years","Wilkes","117","0","7"
"40-49 years","Wilkes","144","1","16"
"50-59 years","Wilkes","134","3","14"
"60-69 years","Wilkes","110","4","24"
"70-79 years","Wilkes","78","9","29"
"80 & Older years","Wilkes","44","10","19"
"<1 years","Wilkes","7","0","1"
"Unknown years","Wilkes","1","0","0"
"01-04 years","Wilkinson","18","0","0"
"05-09 years","Wilkinson","27","0","0"
"10-17 years","Wilkinson","92","0","1"
"18-29 years","Wilkinson","185","0","4"
"30-39 years","Wilkinson","165","0","11"
"40-49 years","Wilkinson","157","0","10"
"50-59 years","Wilkinson","195","6","30"
"60-69 years","Wilkinson","175","18","51"
"70-79 years","Wilkinson","79","11","23"
"80 & Older years","Wilkinson","45","7","19"
"<1 years","Wilkinson","6","0","0"
"01-04 years","Worth","32","0","0"
"05-09 years","Worth","52","0","0"
"10-17 years","Worth","168","1","3"
"18-29 years","Worth","318","1","15"
"30-39 years","Worth","235","0","18"
"40-49 years","Worth","242","3","26"
"50-59 years","Worth","261","7","38"
"60-69 years","Worth","249","23","64"
"70-79 years","Worth","140","21","41"
"80 & Older years","Worth","89","23","34"
"<1 years","Worth","10","0","0"
"Unknown years","Worth","2","0","0"
