"age group","county name","cases","deaths","hospitalization"
"01-04 years","Georgia","12910","1","253"
"05-09 years","Georgia","21200","2","195"
"10-17 years","Georgia","70890","8","748"
"18-29 years","Georgia","209322","130","4088"
"30-39 years","Georgia","151846","279","5362"
"40-49 years","Georgia","145652","671","7806"
"50-59 years","Georgia","137382","1780","11697"
"60-69 years","Georgia","92375","3719","13713"
"70-79 years","Georgia","53308","5310","12946"
"80 & Older years","Georgia","30580","6811","9902"
"<1 years","Georgia","3571","0","206"
"Unknown years","Georgia","3109","0","75"
"01-04 years","Appling","33","0","0"
"05-09 years","Appling","60","0","0"
"10-17 years","Appling","170","0","2"
"18-29 years","Appling","364","1","7"
"30-39 years","Appling","270","1","7"
"40-49 years","Appling","278","4","20"
"50-59 years","Appling","312","7","32"
"60-69 years","Appling","260","15","57"
"70-79 years","Appling","177","18","37"
"80 & Older years","Appling","94","21","35"
"<1 years","Appling","6","0","0"
"01-04 years","Atkinson","8","0","1"
"05-09 years","Atkinson","21","0","1"
"10-17 years","Atkinson","55","0","0"
"18-29 years","Atkinson","190","0","9"
"30-39 years","Atkinson","124","0","9"
"40-49 years","Atkinson","144","2","26"
"50-59 years","Atkinson","149","2","28"
"60-69 years","Atkinson","91","6","28"
"70-79 years","Atkinson","46","5","17"
"80 & Older years","Atkinson","15","5","11"
"<1 years","Atkinson","3","0","0"
"01-04 years","Bacon","17","0","0"
"05-09 years","Bacon","26","0","0"
"10-17 years","Bacon","79","0","1"
"18-29 years","Bacon","415","0","2"
"30-39 years","Bacon","205","0","5"
"40-49 years","Bacon","194","2","12"
"50-59 years","Bacon","166","2","16"
"60-69 years","Bacon","133","9","28"
"70-79 years","Bacon","85","7","20"
"80 & Older years","Bacon","41","9","11"
"<1 years","Bacon","4","0","0"
"Unknown years","Bacon","1","0","0"
"01-04 years","Baker","9","0","0"
"05-09 years","Baker","4","0","0"
"10-17 years","Baker","9","0","0"
"18-29 years","Baker","28","0","0"
"30-39 years","Baker","24","0","4"
"40-49 years","Baker","19","2","3"
"50-59 years","Baker","25","0","2"
"60-69 years","Baker","34","3","15"
"70-79 years","Baker","19","3","11"
"80 & Older years","Baker","11","3","5"
"<1 years","Baker","1","0","0"
"01-04 years","Baldwin","32","0","0"
"05-09 years","Baldwin","57","0","0"
"10-17 years","Baldwin","210","1","5"
"18-29 years","Baldwin","1316","0","16"
"30-39 years","Baldwin","490","1","16"
"40-49 years","Baldwin","503","2","32"
"50-59 years","Baldwin","505","13","61"
"60-69 years","Baldwin","393","23","78"
"70-79 years","Baldwin","265","29","59"
"80 & Older years","Baldwin","162","50","66"
"<1 years","Baldwin","14","0","1"
"01-04 years","Banks","11","0","0"
"05-09 years","Banks","32","0","1"
"10-17 years","Banks","113","0","3"
"18-29 years","Banks","321","0","9"
"30-39 years","Banks","224","0","9"
"40-49 years","Banks","247","0","20"
"50-59 years","Banks","271","2","28"
"60-69 years","Banks","227","7","49"
"70-79 years","Banks","158","16","58"
"80 & Older years","Banks","84","14","32"
"<1 years","Banks","6","0","1"
"Unknown years","Banks","19","0","1"
"01-04 years","Barrow","112","0","1"
"05-09 years","Barrow","198","0","0"
"10-17 years","Barrow","742","0","8"
"18-29 years","Barrow","1888","2","40"
"30-39 years","Barrow","1592","1","51"
"40-49 years","Barrow","1623","6","76"
"50-59 years","Barrow","1372","9","113"
"60-69 years","Barrow","909","35","149"
"70-79 years","Barrow","528","37","112"
"80 & Older years","Barrow","249","52","94"
"<1 years","Barrow","34","0","2"
"Unknown years","Barrow","16","0","0"
"01-04 years","Bartow","126","0","6"
"05-09 years","Bartow","233","0","2"
"10-17 years","Bartow","973","0","13"
"18-29 years","Bartow","2187","0","28"
"30-39 years","Bartow","1805","5","54"
"40-49 years","Bartow","1866","3","91"
"50-59 years","Bartow","1935","18","166"
"60-69 years","Bartow","1200","45","162"
"70-79 years","Bartow","802","76","198"
"80 & Older years","Bartow","392","77","129"
"<1 years","Bartow","46","0","2"
"Unknown years","Bartow","79","0","7"
"01-04 years","Ben Hill","30","0","1"
"05-09 years","Ben Hill","20","0","0"
"10-17 years","Ben Hill","99","0","0"
"18-29 years","Ben Hill","274","0","4"
"30-39 years","Ben Hill","223","3","11"
"40-49 years","Ben Hill","211","1","12"
"50-59 years","Ben Hill","243","6","31"
"60-69 years","Ben Hill","210","13","32"
"70-79 years","Ben Hill","148","19","53"
"80 & Older years","Ben Hill","71","19","19"
"<1 years","Ben Hill","6","0","1"
"01-04 years","Berrien","16","0","0"
"05-09 years","Berrien","23","0","0"
"10-17 years","Berrien","97","0","1"
"18-29 years","Berrien","222","0","0"
"30-39 years","Berrien","178","0","3"
"40-49 years","Berrien","154","0","5"
"50-59 years","Berrien","173","3","17"
"60-69 years","Berrien","130","8","18"
"70-79 years","Berrien","90","12","19"
"80 & Older years","Berrien","54","12","15"
"<1 years","Berrien","2","0","0"
"Unknown years","Berrien","1","0","0"
"01-04 years","Bibb","152","0","5"
"05-09 years","Bibb","236","0","0"
"10-17 years","Bibb","729","0","11"
"18-29 years","Bibb","3226","1","89"
"30-39 years","Bibb","2272","6","122"
"40-49 years","Bibb","2226","18","218"
"50-59 years","Bibb","2065","28","297"
"60-69 years","Bibb","1646","92","437"
"70-79 years","Bibb","975","120","373"
"80 & Older years","Bibb","609","157","309"
"<1 years","Bibb","50","0","5"
"Unknown years","Bibb","3","0","0"
"01-04 years","Bleckley","5","0","0"
"05-09 years","Bleckley","16","0","0"
"10-17 years","Bleckley","75","0","0"
"18-29 years","Bleckley","195","0","3"
"30-39 years","Bleckley","101","1","4"
"40-49 years","Bleckley","109","1","2"
"50-59 years","Bleckley","114","2","6"
"60-69 years","Bleckley","88","6","12"
"70-79 years","Bleckley","63","4","12"
"80 & Older years","Bleckley","61","18","12"
"<1 years","Bleckley","3","0","0"
"01-04 years","Brantley","12","0","0"
"05-09 years","Brantley","12","0","0"
"10-17 years","Brantley","94","0","1"
"18-29 years","Brantley","177","0","2"
"30-39 years","Brantley","140","0","4"
"40-49 years","Brantley","156","2","9"
"50-59 years","Brantley","171","2","16"
"60-69 years","Brantley","124","5","17"
"70-79 years","Brantley","98","17","30"
"80 & Older years","Brantley","50","10","13"
"<1 years","Brantley","1","0","0"
"01-04 years","Brooks","16","0","1"
"05-09 years","Brooks","27","0","0"
"10-17 years","Brooks","90","0","0"
"18-29 years","Brooks","188","0","1"
"30-39 years","Brooks","143","0","4"
"40-49 years","Brooks","133","1","12"
"50-59 years","Brooks","160","2","23"
"60-69 years","Brooks","110","6","19"
"70-79 years","Brooks","89","11","19"
"80 & Older years","Brooks","56","18","15"
"<1 years","Brooks","5","0","0"
"01-04 years","Bryan","57","0","0"
"05-09 years","Bryan","95","0","0"
"10-17 years","Bryan","302","0","3"
"18-29 years","Bryan","578","0","11"
"30-39 years","Bryan","495","1","12"
"40-49 years","Bryan","531","0","20"
"50-59 years","Bryan","390","5","31"
"60-69 years","Bryan","282","12","34"
"70-79 years","Bryan","164","12","58"
"80 & Older years","Bryan","68","9","28"
"<1 years","Bryan","17","0","0"
"Unknown years","Bryan","2","0","0"
"01-04 years","Bulloch","65","0","0"
"05-09 years","Bulloch","116","0","0"
"10-17 years","Bulloch","401","0","2"
"18-29 years","Bulloch","2295","0","11"
"30-39 years","Bulloch","684","2","23"
"40-49 years","Bulloch","587","2","25"
"50-59 years","Bulloch","561","8","39"
"60-69 years","Bulloch","405","17","51"
"70-79 years","Bulloch","202","17","43"
"80 & Older years","Bulloch","108","17","38"
"<1 years","Bulloch","25","0","2"
"Unknown years","Bulloch","2","0","0"
"01-04 years","Burke","22","0","0"
"05-09 years","Burke","49","0","0"
"10-17 years","Burke","150","0","1"
"18-29 years","Burke","368","1","8"
"30-39 years","Burke","287","1","14"
"40-49 years","Burke","307","2","17"
"50-59 years","Burke","289","4","34"
"60-69 years","Burke","222","7","42"
"70-79 years","Burke","126","14","36"
"80 & Older years","Burke","41","11","15"
"<1 years","Burke","7","0","0"
"Unknown years","Burke","2","0","0"
"01-04 years","Butts","28","0","3"
"05-09 years","Butts","31","0","0"
"10-17 years","Butts","122","0","4"
"18-29 years","Butts","459","0","7"
"30-39 years","Butts","417","0","8"
"40-49 years","Butts","385","4","18"
"50-59 years","Butts","409","8","26"
"60-69 years","Butts","289","17","37"
"70-79 years","Butts","195","24","31"
"80 & Older years","Butts","115","30","9"
"<1 years","Butts","7","0","1"
"Unknown years","Butts","3","0","0"
"01-04 years","Calhoun","7","0","0"
"05-09 years","Calhoun","1","0","0"
"10-17 years","Calhoun","38","0","0"
"18-29 years","Calhoun","72","0","6"
"30-39 years","Calhoun","65","2","7"
"40-49 years","Calhoun","80","2","10"
"50-59 years","Calhoun","82","2","18"
"60-69 years","Calhoun","73","2","19"
"70-79 years","Calhoun","25","6","9"
"80 & Older years","Calhoun","15","2","8"
"<1 years","Calhoun","3","0","0"
"Unknown years","Calhoun","2","0","0"
"01-04 years","Camden","65","0","0"
"05-09 years","Camden","63","0","1"
"10-17 years","Camden","270","0","1"
"18-29 years","Camden","970","0","9"
"30-39 years","Camden","666","1","19"
"40-49 years","Camden","539","2","21"
"50-59 years","Camden","578","2","26"
"60-69 years","Camden","415","9","34"
"70-79 years","Camden","237","5","26"
"80 & Older years","Camden","99","17","25"
"<1 years","Camden","10","0","2"
"Unknown years","Camden","7","0","1"
"01-04 years","Candler","9","0","0"
"05-09 years","Candler","15","0","0"
"10-17 years","Candler","65","0","0"
"18-29 years","Candler","140","0","0"
"30-39 years","Candler","105","0","3"
"40-49 years","Candler","133","3","2"
"50-59 years","Candler","137","6","13"
"60-69 years","Candler","110","9","15"
"70-79 years","Candler","78","14","20"
"80 & Older years","Candler","28","6","13"
"<1 years","Candler","5","0","0"
"01-04 years","Carroll","98","0","1"
"05-09 years","Carroll","150","0","2"
"10-17 years","Carroll","642","0","6"
"18-29 years","Carroll","1836","0","15"
"30-39 years","Carroll","1162","4","20"
"40-49 years","Carroll","1140","4","36"
"50-59 years","Carroll","1127","13","62"
"60-69 years","Carroll","790","26","91"
"70-79 years","Carroll","470","35","73"
"80 & Older years","Carroll","272","51","46"
"<1 years","Carroll","29","0","1"
"Unknown years","Carroll","6","0","0"
"01-04 years","Catoosa","93","0","0"
"05-09 years","Catoosa","164","0","1"
"10-17 years","Catoosa","529","0","2"
"18-29 years","Catoosa","1111","0","8"
"30-39 years","Catoosa","842","1","13"
"40-49 years","Catoosa","980","2","21"
"50-59 years","Catoosa","904","6","38"
"60-69 years","Catoosa","641","8","64"
"70-79 years","Catoosa","392","21","65"
"80 & Older years","Catoosa","267","32","54"
"<1 years","Catoosa","40","0","1"
"Unknown years","Catoosa","91","0","4"
"01-04 years","Charlton","13","0","0"
"05-09 years","Charlton","31","0","0"
"10-17 years","Charlton","71","0","0"
"18-29 years","Charlton","338","1","2"
"30-39 years","Charlton","280","0","4"
"40-49 years","Charlton","228","2","11"
"50-59 years","Charlton","167","2","6"
"60-69 years","Charlton","163","8","23"
"70-79 years","Charlton","67","6","16"
"80 & Older years","Charlton","36","9","16"
"<1 years","Charlton","3","0","0"
"Unknown years","Charlton","1","0","0"
"01-04 years","Chatham","469","0","3"
"05-09 years","Chatham","574","1","2"
"10-17 years","Chatham","1518","0","15"
"18-29 years","Chatham","5505","5","68"
"30-39 years","Chatham","3798","5","123"
"40-49 years","Chatham","3076","15","182"
"50-59 years","Chatham","2723","43","264"
"60-69 years","Chatham","2172","88","393"
"70-79 years","Chatham","1147","123","379"
"80 & Older years","Chatham","729","165","323"
"<1 years","Chatham","130","0","6"
"Unknown years","Chatham","12","0","0"
"01-04 years","Chattahoochee","9","0","0"
"05-09 years","Chattahoochee","10","0","0"
"10-17 years","Chattahoochee","135","0","2"
"18-29 years","Chattahoochee","3604","7","7"
"30-39 years","Chattahoochee","326","2","4"
"40-49 years","Chattahoochee","56","0","0"
"50-59 years","Chattahoochee","32","0","9"
"60-69 years","Chattahoochee","18","0","4"
"70-79 years","Chattahoochee","11","1","4"
"80 & Older years","Chattahoochee","9","3","5"
"<1 years","Chattahoochee","8","0","0"
"Unknown years","Chattahoochee","1","0","0"
"01-04 years","Chattooga","17","0","0"
"05-09 years","Chattooga","33","0","0"
"10-17 years","Chattooga","196","0","1"
"18-29 years","Chattooga","397","0","7"
"30-39 years","Chattooga","317","0","8"
"40-49 years","Chattooga","365","2","15"
"50-59 years","Chattooga","353","5","27"
"60-69 years","Chattooga","296","15","45"
"70-79 years","Chattooga","186","19","53"
"80 & Older years","Chattooga","121","26","34"
"<1 years","Chattooga","11","0","1"
"Unknown years","Chattooga","18","0","1"
"01-04 years","Cherokee","260","0","7"
"05-09 years","Cherokee","599","0","9"
"10-17 years","Cherokee","2420","0","18"
"18-29 years","Cherokee","4598","2","83"
"30-39 years","Cherokee","3369","3","116"
"40-49 years","Cherokee","3828","6","152"
"50-59 years","Cherokee","3728","24","236"
"60-69 years","Cherokee","2255","48","284"
"70-79 years","Cherokee","1414","88","287"
"80 & Older years","Cherokee","830","149","242"
"<1 years","Cherokee","56","0","1"
"Unknown years","Cherokee","6","0","0"
"01-04 years","Clarke","178","0","1"
"05-09 years","Clarke","235","0","2"
"10-17 years","Clarke","667","0","6"
"18-29 years","Clarke","6255","1","43"
"30-39 years","Clarke","1716","2","35"
"40-49 years","Clarke","1374","3","56"
"50-59 years","Clarke","1238","12","77"
"60-69 years","Clarke","819","22","103"
"70-79 years","Clarke","475","51","116"
"80 & Older years","Clarke","250","52","75"
"<1 years","Clarke","49","0","2"
"Unknown years","Clarke","10","0","0"
"01-04 years","Clay","3","0","0"
"05-09 years","Clay","2","0","0"
"10-17 years","Clay","18","0","0"
"18-29 years","Clay","27","0","0"
"30-39 years","Clay","32","0","1"
"40-49 years","Clay","30","0","1"
"50-59 years","Clay","18","0","1"
"60-69 years","Clay","24","1","2"
"70-79 years","Clay","19","0","0"
"80 & Older years","Clay","14","2","5"
"Unknown years","Clay","1","0","0"
"01-04 years","Clayton","492","0","12"
"05-09 years","Clayton","712","1","9"
"10-17 years","Clayton","1841","1","41"
"18-29 years","Clayton","5422","6","125"
"30-39 years","Clayton","4784","14","181"
"40-49 years","Clayton","4238","31","216"
"50-59 years","Clayton","3964","63","310"
"60-69 years","Clayton","2460","135","284"
"70-79 years","Clayton","1031","127","193"
"80 & Older years","Clayton","503","121","129"
"<1 years","Clayton","103","0","5"
"Unknown years","Clayton","29","0","2"
"01-04 years","Clinch","14","0","0"
"05-09 years","Clinch","22","0","0"
"10-17 years","Clinch","81","0","0"
"18-29 years","Clinch","138","0","2"
"30-39 years","Clinch","114","1","4"
"40-49 years","Clinch","108","0","3"
"50-59 years","Clinch","106","2","16"
"60-69 years","Clinch","111","7","17"
"70-79 years","Clinch","53","9","19"
"80 & Older years","Clinch","19","6","7"
"<1 years","Clinch","4","0","0"
"01-04 years","Cobb","834","1","18"
"05-09 years","Cobb","1517","0","12"
"10-17 years","Cobb","4850","0","49"
"18-29 years","Cobb","15866","6","256"
"30-39 years","Cobb","10838","20","310"
"40-49 years","Cobb","10232","37","495"
"50-59 years","Cobb","9133","75","662"
"60-69 years","Cobb","5605","154","654"
"70-79 years","Cobb","3050","308","626"
"80 & Older years","Cobb","1834","428","571"
"<1 years","Cobb","212","0","18"
"Unknown years","Cobb","56","0","1"
"01-04 years","Coffee","84","0","2"
"05-09 years","Coffee","107","0","4"
"10-17 years","Coffee","304","0","5"
"18-29 years","Coffee","911","0","23"
"30-39 years","Coffee","682","4","48"
"40-49 years","Coffee","729","8","93"
"50-59 years","Coffee","719","14","147"
"60-69 years","Coffee","551","37","142"
"70-79 years","Coffee","293","44","126"
"80 & Older years","Coffee","156","41","87"
"<1 years","Coffee","20","0","2"
"Unknown years","Coffee","2","0","0"
"01-04 years","Colquitt","57","0","0"
"05-09 years","Colquitt","118","0","2"
"10-17 years","Colquitt","398","0","8"
"18-29 years","Colquitt","812","0","23"
"30-39 years","Colquitt","570","2","22"
"40-49 years","Colquitt","606","7","41"
"50-59 years","Colquitt","533","16","45"
"60-69 years","Colquitt","385","17","51"
"70-79 years","Colquitt","240","18","52"
"80 & Older years","Colquitt","146","27","33"
"<1 years","Colquitt","20","0","1"
"01-04 years","Columbia","149","0","2"
"05-09 years","Columbia","316","0","1"
"10-17 years","Columbia","1159","0","1"
"18-29 years","Columbia","2367","1","25"
"30-39 years","Columbia","2114","2","29"
"40-49 years","Columbia","1882","8","53"
"50-59 years","Columbia","1601","20","78"
"60-69 years","Columbia","1030","27","103"
"70-79 years","Columbia","546","45","115"
"80 & Older years","Columbia","321","65","104"
"<1 years","Columbia","37","0","1"
"Unknown years","Columbia","8","0","0"
"01-04 years","Cook","15","0","1"
"05-09 years","Cook","27","0","0"
"10-17 years","Cook","98","0","2"
"18-29 years","Cook","243","0","6"
"30-39 years","Cook","180","0","4"
"40-49 years","Cook","192","0","16"
"50-59 years","Cook","173","3","18"
"60-69 years","Cook","133","7","18"
"70-79 years","Cook","102","12","29"
"80 & Older years","Cook","59","17","15"
"<1 years","Cook","6","0","0"
"Unknown years","Cook","1","0","0"
"01-04 years","Coweta","117","0","0"
"05-09 years","Coweta","209","0","1"
"10-17 years","Coweta","682","0","7"
"18-29 years","Coweta","1695","1","21"
"30-39 years","Coweta","1330","6","37"
"40-49 years","Coweta","1425","11","54"
"50-59 years","Coweta","1641","27","81"
"60-69 years","Coweta","1008","39","75"
"70-79 years","Coweta","627","63","88"
"80 & Older years","Coweta","343","75","52"
"<1 years","Coweta","27","0","1"
"Unknown years","Coweta","5","0","0"
"01-04 years","Crawford","2","0","0"
"05-09 years","Crawford","3","0","0"
"10-17 years","Crawford","28","0","2"
"18-29 years","Crawford","85","0","3"
"30-39 years","Crawford","79","0","7"
"40-49 years","Crawford","63","1","5"
"50-59 years","Crawford","115","3","17"
"60-69 years","Crawford","101","7","17"
"70-79 years","Crawford","43","6","15"
"80 & Older years","Crawford","25","2","11"
"01-04 years","Crisp","22","0","0"
"05-09 years","Crisp","30","0","0"
"10-17 years","Crisp","120","0","2"
"18-29 years","Crisp","246","0","11"
"30-39 years","Crisp","236","1","15"
"40-49 years","Crisp","218","3","22"
"50-59 years","Crisp","214","4","27"
"60-69 years","Crisp","205","18","41"
"70-79 years","Crisp","106","13","34"
"80 & Older years","Crisp","72","18","18"
"<1 years","Crisp","10","0","0"
"Unknown years","Crisp","7","0","0"
"01-04 years","Dade","19","0","0"
"05-09 years","Dade","38","0","0"
"10-17 years","Dade","105","0","0"
"18-29 years","Dade","240","0","1"
"30-39 years","Dade","165","0","2"
"40-49 years","Dade","200","0","7"
"50-59 years","Dade","182","2","11"
"60-69 years","Dade","133","1","9"
"70-79 years","Dade","99","7","20"
"80 & Older years","Dade","54","3","10"
"<1 years","Dade","6","0","0"
"Unknown years","Dade","27","0","2"
"01-04 years","Dawson","29","0","0"
"05-09 years","Dawson","50","0","0"
"10-17 years","Dawson","215","0","4"
"18-29 years","Dawson","558","0","15"
"30-39 years","Dawson","436","0","17"
"40-49 years","Dawson","396","0","24"
"50-59 years","Dawson","447","4","38"
"60-69 years","Dawson","358","6","73"
"70-79 years","Dawson","221","21","52"
"80 & Older years","Dawson","89","17","29"
"<1 years","Dawson","8","0","2"
"Unknown years","Dawson","26","0","1"
"01-04 years","DeKalb","979","0","24"
"05-09 years","DeKalb","1431","0","22"
"10-17 years","DeKalb","3787","0","67"
"18-29 years","DeKalb","14144","11","410"
"30-39 years","DeKalb","12159","19","587"
"40-49 years","DeKalb","9595","42","658"
"50-59 years","DeKalb","8641","118","919"
"60-69 years","DeKalb","5489","192","1007"
"70-79 years","DeKalb","2702","267","781"
"80 & Older years","DeKalb","1661","349","563"
"<1 years","DeKalb","209","0","11"
"Unknown years","DeKalb","171","0","10"
"01-04 years","Decatur","63","0","1"
"05-09 years","Decatur","69","0","0"
"10-17 years","Decatur","216","0","0"
"18-29 years","Decatur","453","1","10"
"30-39 years","Decatur","348","1","8"
"40-49 years","Decatur","331","2","19"
"50-59 years","Decatur","297","6","30"
"60-69 years","Decatur","236","11","35"
"70-79 years","Decatur","145","21","29"
"80 & Older years","Decatur","100","18","23"
"<1 years","Decatur","9","0","0"
"Unknown years","Decatur","2","0","0"
"01-04 years","Dodge","7","0","0"
"05-09 years","Dodge","17","0","0"
"10-17 years","Dodge","90","1","1"
"18-29 years","Dodge","207","0","4"
"30-39 years","Dodge","154","0","6"
"40-49 years","Dodge","157","2","12"
"50-59 years","Dodge","181","5","20"
"60-69 years","Dodge","148","17","29"
"70-79 years","Dodge","84","17","23"
"80 & Older years","Dodge","54","15","16"
"<1 years","Dodge","5","0","0"
"01-04 years","Dooly","13","0","0"
"05-09 years","Dooly","17","0","0"
"10-17 years","Dooly","58","0","1"
"18-29 years","Dooly","119","0","5"
"30-39 years","Dooly","104","0","11"
"40-49 years","Dooly","138","1","11"
"50-59 years","Dooly","147","5","20"
"60-69 years","Dooly","128","10","24"
"70-79 years","Dooly","65","9","17"
"80 & Older years","Dooly","22","5","6"
"<1 years","Dooly","3","0","0"
"Unknown years","Dooly","2","0","0"
"01-04 years","Dougherty","76","0","3"
"05-09 years","Dougherty","133","0","0"
"10-17 years","Dougherty","288","0","7"
"18-29 years","Dougherty","1071","3","98"
"30-39 years","Dougherty","897","5","91"
"40-49 years","Dougherty","882","17","128"
"50-59 years","Dougherty","951","27","177"
"60-69 years","Dougherty","798","76","264"
"70-79 years","Dougherty","461","66","181"
"80 & Older years","Dougherty","273","94","131"
"<1 years","Dougherty","31","0","3"
"Unknown years","Dougherty","1","0","0"
"01-04 years","Douglas","204","0","5"
"05-09 years","Douglas","320","0","5"
"10-17 years","Douglas","1026","0","11"
"18-29 years","Douglas","2506","1","55"
"30-39 years","Douglas","2090","3","85"
"40-49 years","Douglas","2344","8","135"
"50-59 years","Douglas","2090","23","194"
"60-69 years","Douglas","1197","39","198"
"70-79 years","Douglas","621","63","163"
"80 & Older years","Douglas","306","51","105"
"<1 years","Douglas","39","0","5"
"Unknown years","Douglas","8","0","1"
"01-04 years","Early","22","0","0"
"05-09 years","Early","20","0","0"
"10-17 years","Early","122","0","0"
"18-29 years","Early","163","1","6"
"30-39 years","Early","161","0","4"
"40-49 years","Early","179","1","10"
"50-59 years","Early","166","3","12"
"60-69 years","Early","126","11","14"
"70-79 years","Early","81","14","18"
"80 & Older years","Early","41","12","15"
"<1 years","Early","2","0","0"
"Unknown years","Early","1","0","0"
"01-04 years","Echols","8","0","0"
"05-09 years","Echols","5","0","0"
"10-17 years","Echols","27","0","1"
"18-29 years","Echols","131","0","1"
"30-39 years","Echols","61","1","3"
"40-49 years","Echols","42","0","1"
"50-59 years","Echols","45","0","2"
"60-69 years","Echols","22","0","0"
"70-79 years","Echols","17","2","3"
"80 & Older years","Echols","3","1","2"
"<1 years","Echols","1","0","0"
"01-04 years","Effingham","62","0","2"
"05-09 years","Effingham","129","0","1"
"10-17 years","Effingham","430","0","1"
"18-29 years","Effingham","746","0","8"
"30-39 years","Effingham","708","1","16"
"40-49 years","Effingham","650","1","32"
"50-59 years","Effingham","638","14","51"
"60-69 years","Effingham","411","10","66"
"70-79 years","Effingham","233","23","67"
"80 & Older years","Effingham","101","24","36"
"<1 years","Effingham","13","0","0"
"Unknown years","Effingham","2","0","0"
"01-04 years","Elbert","21","0","0"
"05-09 years","Elbert","31","0","0"
"10-17 years","Elbert","91","0","1"
"18-29 years","Elbert","270","1","2"
"30-39 years","Elbert","192","0","8"
"40-49 years","Elbert","225","1","10"
"50-59 years","Elbert","237","1","14"
"60-69 years","Elbert","194","6","23"
"70-79 years","Elbert","163","20","35"
"80 & Older years","Elbert","129","31","38"
"<1 years","Elbert","8","0","2"
"Unknown years","Elbert","2","0","0"
"01-04 years","Emanuel","26","0","1"
"05-09 years","Emanuel","29","0","0"
"10-17 years","Emanuel","176","0","2"
"18-29 years","Emanuel","342","1","0"
"30-39 years","Emanuel","246","0","8"
"40-49 years","Emanuel","302","2","7"
"50-59 years","Emanuel","268","6","29"
"60-69 years","Emanuel","229","10","30"
"70-79 years","Emanuel","136","16","27"
"80 & Older years","Emanuel","67","20","23"
"<1 years","Emanuel","6","0","1"
"Unknown years","Emanuel","8","0","1"
"01-04 years","Evans","14","0","0"
"05-09 years","Evans","23","0","0"
"10-17 years","Evans","94","0","0"
"18-29 years","Evans","173","1","3"
"30-39 years","Evans","144","0","4"
"40-49 years","Evans","127","1","12"
"50-59 years","Evans","130","3","17"
"60-69 years","Evans","72","4","16"
"70-79 years","Evans","53","7","17"
"80 & Older years","Evans","21","3","12"
"<1 years","Evans","3","0","0"
"01-04 years","Fannin","18","0","1"
"05-09 years","Fannin","35","0","0"
"10-17 years","Fannin","140","0","0"
"18-29 years","Fannin","322","0","6"
"30-39 years","Fannin","256","0","7"
"40-49 years","Fannin","291","1","13"
"50-59 years","Fannin","394","5","27"
"60-69 years","Fannin","392","7","42"
"70-79 years","Fannin","279","18","51"
"80 & Older years","Fannin","152","33","50"
"<1 years","Fannin","5","0","0"
"01-04 years","Fayette","74","0","1"
"05-09 years","Fayette","152","0","3"
"10-17 years","Fayette","580","0","5"
"18-29 years","Fayette","1328","2","10"
"30-39 years","Fayette","875","3","11"
"40-49 years","Fayette","1155","5","35"
"50-59 years","Fayette","1207","9","62"
"60-69 years","Fayette","890","25","64"
"70-79 years","Fayette","451","55","83"
"80 & Older years","Fayette","292","63","46"
"<1 years","Fayette","15","0","0"
"Unknown years","Fayette","11","0","0"
"01-04 years","Floyd","137","0","4"
"05-09 years","Floyd","227","0","1"
"10-17 years","Floyd","964","0","11"
"18-29 years","Floyd","2070","0","30"
"30-39 years","Floyd","1558","3","53"
"40-49 years","Floyd","1511","6","92"
"50-59 years","Floyd","1488","25","157"
"60-69 years","Floyd","1085","39","200"
"70-79 years","Floyd","709","53","197"
"80 & Older years","Floyd","399","71","148"
"<1 years","Floyd","47","0","2"
"Unknown years","Floyd","81","0","3"
"01-04 years","Forsyth","260","0","3"
"05-09 years","Forsyth","658","0","2"
"10-17 years","Forsyth","2337","0","7"
"18-29 years","Forsyth","3339","0","51"
"30-39 years","Forsyth","2524","1","64"
"40-49 years","Forsyth","3292","5","140"
"50-59 years","Forsyth","3042","10","182"
"60-69 years","Forsyth","1552","25","174"
"70-79 years","Forsyth","918","63","226"
"80 & Older years","Forsyth","541","93","172"
"<1 years","Forsyth","54","0","3"
"Unknown years","Forsyth","278","0","4"
"01-04 years","Franklin","20","0","2"
"05-09 years","Franklin","59","0","0"
"10-17 years","Franklin","196","0","6"
"18-29 years","Franklin","466","0","10"
"30-39 years","Franklin","316","0","7"
"40-49 years","Franklin","360","0","14"
"50-59 years","Franklin","368","2","27"
"60-69 years","Franklin","333","3","37"
"70-79 years","Franklin","203","19","40"
"80 & Older years","Franklin","114","23","27"
"<1 years","Franklin","7","0","1"
"Unknown years","Franklin","35","0","0"
"01-04 years","Fulton","1166","0","35"
"05-09 years","Fulton","1903","0","21"
"10-17 years","Fulton","5985","1","61"
"18-29 years","Fulton","22719","5","429"
"30-39 years","Fulton","16813","29","601"
"40-49 years","Fulton","13280","42","694"
"50-59 years","Fulton","11747","127","1042"
"60-69 years","Fulton","6849","253","973"
"70-79 years","Fulton","3623","365","882"
"80 & Older years","Fulton","2591","558","835"
"<1 years","Fulton","242","0","12"
"Unknown years","Fulton","67","0","3"
"01-04 years","Gilmer","34","0","2"
"05-09 years","Gilmer","46","0","0"
"10-17 years","Gilmer","200","0","2"
"18-29 years","Gilmer","384","0","13"
"30-39 years","Gilmer","337","0","17"
"40-49 years","Gilmer","374","0","18"
"50-59 years","Gilmer","419","11","32"
"60-69 years","Gilmer","397","9","49"
"70-79 years","Gilmer","273","24","62"
"80 & Older years","Gilmer","139","34","42"
"<1 years","Gilmer","12","0","0"
"01-04 years","Glascock","1","0","0"
"05-09 years","Glascock","3","0","0"
"10-17 years","Glascock","1","0","0"
"18-29 years","Glascock","22","0","1"
"30-39 years","Glascock","18","0","0"
"40-49 years","Glascock","22","0","2"
"50-59 years","Glascock","28","2","3"
"60-69 years","Glascock","17","0","5"
"70-79 years","Glascock","25","3","8"
"80 & Older years","Glascock","9","2","5"
"<1 years","Glascock","1","0","0"
"Unknown years","Glascock","1","0","0"
"01-04 years","Glynn","117","0","1"
"05-09 years","Glynn","197","0","1"
"10-17 years","Glynn","648","0","3"
"18-29 years","Glynn","1485","0","25"
"30-39 years","Glynn","1192","5","36"
"40-49 years","Glynn","1009","4","45"
"50-59 years","Glynn","945","10","79"
"60-69 years","Glynn","769","34","126"
"70-79 years","Glynn","480","44","87"
"80 & Older years","Glynn","269","64","93"
"<1 years","Glynn","23","0","0"
"Unknown years","Glynn","49","0","0"
"01-04 years","Gordon","94","0","1"
"05-09 years","Gordon","135","0","1"
"10-17 years","Gordon","585","0","5"
"18-29 years","Gordon","1317","0","16"
"30-39 years","Gordon","1038","2","21"
"40-49 years","Gordon","1077","5","37"
"50-59 years","Gordon","1064","15","58"
"60-69 years","Gordon","668","23","58"
"70-79 years","Gordon","376","27","80"
"80 & Older years","Gordon","200","35","58"
"<1 years","Gordon","33","0","3"
"Unknown years","Gordon","82","0","1"
"01-04 years","Grady","40","0","1"
"05-09 years","Grady","52","0","0"
"10-17 years","Grady","159","0","5"
"18-29 years","Grady","294","0","10"
"30-39 years","Grady","252","0","13"
"40-49 years","Grady","270","2","27"
"50-59 years","Grady","250","7","35"
"60-69 years","Grady","180","5","29"
"70-79 years","Grady","164","19","50"
"80 & Older years","Grady","59","18","23"
"<1 years","Grady","4","0","2"
"Unknown years","Grady","2","0","0"
"01-04 years","Greene","16","0","0"
"05-09 years","Greene","33","0","0"
"10-17 years","Greene","93","0","0"
"18-29 years","Greene","269","0","7"
"30-39 years","Greene","196","0","7"
"40-49 years","Greene","188","3","14"
"50-59 years","Greene","228","6","21"
"60-69 years","Greene","240","8","22"
"70-79 years","Greene","178","10","28"
"80 & Older years","Greene","106","27","42"
"<1 years","Greene","4","0","1"
"Unknown years","Greene","2","0","0"
"01-04 years","Gwinnett","1426","0","19"
"05-09 years","Gwinnett","2291","0","28"
"10-17 years","Gwinnett","7528","2","72"
"18-29 years","Gwinnett","20078","9","533"
"30-39 years","Gwinnett","15247","23","573"
"40-49 years","Gwinnett","16124","66","798"
"50-59 years","Gwinnett","13736","115","930"
"60-69 years","Gwinnett","7531","222","961"
"70-79 years","Gwinnett","3404","288","779"
"80 & Older years","Gwinnett","1893","411","682"
"<1 years","Gwinnett","431","0","22"
"Unknown years","Gwinnett","76","0","0"
"01-04 years","Habersham","33","0","3"
"05-09 years","Habersham","58","0","3"
"10-17 years","Habersham","322","1","8"
"18-29 years","Habersham","902","1","14"
"30-39 years","Habersham","684","2","31"
"40-49 years","Habersham","705","3","43"
"50-59 years","Habersham","731","7","62"
"60-69 years","Habersham","596","21","121"
"70-79 years","Habersham","397","50","115"
"80 & Older years","Habersham","287","71","94"
"<1 years","Habersham","11","0","4"
"Unknown years","Habersham","43","0","3"
"01-04 years","Hall","207","0","8"
"05-09 years","Hall","438","0","5"
"10-17 years","Hall","1919","0","33"
"18-29 years","Hall","5678","4","177"
"30-39 years","Hall","3853","3","210"
"40-49 years","Hall","4012","14","296"
"50-59 years","Hall","4159","39","425"
"60-69 years","Hall","2769","91","446"
"70-79 years","Hall","1779","130","509"
"80 & Older years","Hall","973","195","397"
"<1 years","Hall","36","0","7"
"Unknown years","Hall","278","0","8"
"01-04 years","Hancock","8","0","0"
"05-09 years","Hancock","9","0","0"
"10-17 years","Hancock","37","0","1"
"18-29 years","Hancock","135","0","3"
"30-39 years","Hancock","115","0","2"
"40-49 years","Hancock","113","1","7"
"50-59 years","Hancock","149","4","16"
"60-69 years","Hancock","145","18","32"
"70-79 years","Hancock","81","20","26"
"80 & Older years","Hancock","63","23","24"
"<1 years","Hancock","4","0","0"
"01-04 years","Haralson","24","0","0"
"05-09 years","Haralson","43","0","0"
"10-17 years","Haralson","164","0","2"
"18-29 years","Haralson","365","0","3"
"30-39 years","Haralson","236","0","5"
"40-49 years","Haralson","257","2","8"
"50-59 years","Haralson","290","1","7"
"60-69 years","Haralson","202","13","25"
"70-79 years","Haralson","133","13","19"
"80 & Older years","Haralson","55","7","10"
"<1 years","Haralson","8","0","1"
"Unknown years","Haralson","3","0","0"
"01-04 years","Harris","32","0","0"
"05-09 years","Harris","36","0","0"
"10-17 years","Harris","198","0","2"
"18-29 years","Harris","376","0","7"
"30-39 years","Harris","278","0","8"
"40-49 years","Harris","394","3","13"
"50-59 years","Harris","424","8","26"
"60-69 years","Harris","340","13","55"
"70-79 years","Harris","205","25","46"
"80 & Older years","Harris","63","14","16"
"<1 years","Harris","6","0","0"
"Unknown years","Harris","4","0","0"
"01-04 years","Hart","17","0","0"
"05-09 years","Hart","24","0","1"
"10-17 years","Hart","103","0","0"
"18-29 years","Hart","320","0","2"
"30-39 years","Hart","272","0","8"
"40-49 years","Hart","249","0","10"
"50-59 years","Hart","300","3","23"
"60-69 years","Hart","244","13","32"
"70-79 years","Hart","165","8","28"
"80 & Older years","Hart","89","15","29"
"<1 years","Hart","6","0","1"
"Unknown years","Hart","16","0","0"
"01-04 years","Heard","8","0","0"
"05-09 years","Heard","16","0","0"
"10-17 years","Heard","65","0","1"
"18-29 years","Heard","111","0","1"
"30-39 years","Heard","76","0","1"
"40-49 years","Heard","119","0","10"
"50-59 years","Heard","119","1","6"
"60-69 years","Heard","84","4","9"
"70-79 years","Heard","56","7","17"
"80 & Older years","Heard","23","6","4"
"<1 years","Heard","4","0","0"
"01-04 years","Henry","272","0","8"
"05-09 years","Henry","468","0","2"
"10-17 years","Henry","1588","0","17"
"18-29 years","Henry","4129","1","45"
"30-39 years","Henry","3455","7","58"
"40-49 years","Henry","3681","16","111"
"50-59 years","Henry","3551","24","144"
"60-69 years","Henry","1970","75","116"
"70-79 years","Henry","973","91","99"
"80 & Older years","Henry","502","100","68"
"<1 years","Henry","53","0","2"
"Unknown years","Henry","25","0","2"
"01-04 years","Houston","121","0","3"
"05-09 years","Houston","188","0","1"
"10-17 years","Houston","789","0","6"
"18-29 years","Houston","2249","4","49"
"30-39 years","Houston","1940","3","75"
"40-49 years","Houston","1813","10","111"
"50-59 years","Houston","1549","16","138"
"60-69 years","Houston","1012","49","178"
"70-79 years","Houston","572","67","176"
"80 & Older years","Houston","306","60","110"
"<1 years","Houston","26","0","2"
"Unknown years","Houston","1","0","0"
"01-04 years","Irwin","6","0","0"
"05-09 years","Irwin","11","0","0"
"10-17 years","Irwin","52","0","0"
"18-29 years","Irwin","155","0","5"
"30-39 years","Irwin","132","0","6"
"40-49 years","Irwin","139","1","10"
"50-59 years","Irwin","114","3","12"
"60-69 years","Irwin","91","1","22"
"70-79 years","Irwin","51","6","9"
"80 & Older years","Irwin","38","8","22"
"Unknown years","Irwin","2","0","0"
"01-04 years","Jackson","69","0","0"
"05-09 years","Jackson","167","0","3"
"10-17 years","Jackson","825","0","6"
"18-29 years","Jackson","1553","2","24"
"30-39 years","Jackson","1397","2","33"
"40-49 years","Jackson","1502","6","64"
"50-59 years","Jackson","1414","7","90"
"60-69 years","Jackson","956","28","93"
"70-79 years","Jackson","639","38","120"
"80 & Older years","Jackson","315","57","108"
"<1 years","Jackson","25","0","2"
"Unknown years","Jackson","12","0","1"
"01-04 years","Jasper","6","0","0"
"05-09 years","Jasper","9","0","0"
"10-17 years","Jasper","39","0","0"
"18-29 years","Jasper","130","0","4"
"30-39 years","Jasper","100","0","2"
"40-49 years","Jasper","104","1","4"
"50-59 years","Jasper","135","2","13"
"60-69 years","Jasper","102","8","20"
"70-79 years","Jasper","57","6","11"
"80 & Older years","Jasper","20","3","6"
"<1 years","Jasper","5","0","2"
"01-04 years","Jeff Davis","30","0","0"
"05-09 years","Jeff Davis","36","0","0"
"10-17 years","Jeff Davis","122","0","2"
"18-29 years","Jeff Davis","278","0","5"
"30-39 years","Jeff Davis","227","0","8"
"40-49 years","Jeff Davis","221","0","12"
"50-59 years","Jeff Davis","208","7","21"
"60-69 years","Jeff Davis","130","8","22"
"70-79 years","Jeff Davis","88","14","20"
"80 & Older years","Jeff Davis","18","8","7"
"<1 years","Jeff Davis","3","0","1"
"01-04 years","Jefferson","18","0","0"
"05-09 years","Jefferson","32","0","0"
"10-17 years","Jefferson","113","0","2"
"18-29 years","Jefferson","248","0","3"
"30-39 years","Jefferson","207","0","9"
"40-49 years","Jefferson","224","3","18"
"50-59 years","Jefferson","277","5","26"
"60-69 years","Jefferson","260","12","39"
"70-79 years","Jefferson","157","19","41"
"80 & Older years","Jefferson","71","22","31"
"<1 years","Jefferson","4","0","0"
"Unknown years","Jefferson","8","0","0"
"01-04 years","Jenkins","17","0","0"
"05-09 years","Jenkins","21","0","0"
"10-17 years","Jenkins","63","0","0"
"18-29 years","Jenkins","119","0","2"
"30-39 years","Jenkins","89","2","6"
"40-49 years","Jenkins","119","2","10"
"50-59 years","Jenkins","128","6","23"
"60-69 years","Jenkins","89","6","13"
"70-79 years","Jenkins","58","13","21"
"80 & Older years","Jenkins","50","10","11"
"<1 years","Jenkins","2","0","0"
"Unknown years","Jenkins","1","0","0"
"01-04 years","Johnson","6","0","0"
"05-09 years","Johnson","8","0","0"
"10-17 years","Johnson","31","0","0"
"18-29 years","Johnson","126","0","4"
"30-39 years","Johnson","111","0","3"
"40-49 years","Johnson","101","2","6"
"50-59 years","Johnson","139","5","17"
"60-69 years","Johnson","131","8","23"
"70-79 years","Johnson","91","9","24"
"80 & Older years","Johnson","67","19","19"
"<1 years","Johnson","2","0","2"
"01-04 years","Jones","8","0","1"
"05-09 years","Jones","26","0","0"
"10-17 years","Jones","94","0","0"
"18-29 years","Jones","354","0","8"
"30-39 years","Jones","261","1","10"
"40-49 years","Jones","247","2","18"
"50-59 years","Jones","280","3","30"
"60-69 years","Jones","190","6","37"
"70-79 years","Jones","135","22","49"
"80 & Older years","Jones","81","21","26"
"<1 years","Jones","3","0","0"
"Unknown years","Jones","1","0","0"
"01-04 years","Lamar","32","0","0"
"05-09 years","Lamar","51","0","0"
"10-17 years","Lamar","116","0","4"
"18-29 years","Lamar","232","0","4"
"30-39 years","Lamar","200","0","12"
"40-49 years","Lamar","192","1","8"
"50-59 years","Lamar","202","4","32"
"60-69 years","Lamar","191","10","27"
"70-79 years","Lamar","131","13","26"
"80 & Older years","Lamar","66","20","21"
"<1 years","Lamar","15","0","1"
"01-04 years","Lanier","8","0","0"
"05-09 years","Lanier","12","0","1"
"10-17 years","Lanier","41","0","1"
"18-29 years","Lanier","114","1","1"
"30-39 years","Lanier","130","0","2"
"40-49 years","Lanier","76","1","3"
"50-59 years","Lanier","62","1","6"
"60-69 years","Lanier","40","3","3"
"70-79 years","Lanier","25","4","6"
"80 & Older years","Lanier","14","0","6"
"<1 years","Lanier","4","0","0"
"Unknown years","Lanier","1","0","0"
"01-04 years","Laurens","32","0","0"
"05-09 years","Laurens","53","0","2"
"10-17 years","Laurens","265","0","3"
"18-29 years","Laurens","721","0","10"
"30-39 years","Laurens","590","1","20"
"40-49 years","Laurens","612","5","31"
"50-59 years","Laurens","610","11","66"
"60-69 years","Laurens","496","32","87"
"70-79 years","Laurens","327","48","86"
"80 & Older years","Laurens","221","51","63"
"<1 years","Laurens","6","0","2"
"Unknown years","Laurens","3","0","0"
"01-04 years","Lee","15","0","0"
"05-09 years","Lee","32","0","3"
"10-17 years","Lee","125","0","1"
"18-29 years","Lee","286","1","12"
"30-39 years","Lee","315","1","19"
"40-49 years","Lee","309","4","30"
"50-59 years","Lee","278","10","49"
"60-69 years","Lee","189","13","34"
"70-79 years","Lee","93","13","33"
"80 & Older years","Lee","53","9","21"
"<1 years","Lee","8","0","0"
"Unknown years","Lee","1","0","0"
"01-04 years","Liberty","77","0","1"
"05-09 years","Liberty","103","0","1"
"10-17 years","Liberty","289","0","2"
"18-29 years","Liberty","1220","1","15"
"30-39 years","Liberty","665","1","23"
"40-49 years","Liberty","503","1","19"
"50-59 years","Liberty","476","11","51"
"60-69 years","Liberty","315","17","50"
"70-79 years","Liberty","146","17","55"
"80 & Older years","Liberty","62","15","25"
"<1 years","Liberty","35","0","1"
"Unknown years","Liberty","7","0","0"
"01-04 years","Lincoln","9","0","0"
"05-09 years","Lincoln","13","0","0"
"10-17 years","Lincoln","34","0","0"
"18-29 years","Lincoln","95","0","3"
"30-39 years","Lincoln","77","0","1"
"40-49 years","Lincoln","85","1","7"
"50-59 years","Lincoln","70","3","5"
"60-69 years","Lincoln","80","5","16"
"70-79 years","Lincoln","53","9","14"
"80 & Older years","Lincoln","21","7","9"
"<1 years","Lincoln","2","0","0"
"Unknown years","Lincoln","4","0","0"
"01-04 years","Long","19","0","0"
"05-09 years","Long","22","0","0"
"10-17 years","Long","79","0","0"
"18-29 years","Long","142","0","0"
"30-39 years","Long","158","0","3"
"40-49 years","Long","121","0","7"
"50-59 years","Long","92","1","10"
"60-69 years","Long","71","3","12"
"70-79 years","Long","41","6","14"
"80 & Older years","Long","17","2","7"
"<1 years","Long","7","0","0"
"Unknown years","Long","1","0","0"
"01-04 years","Lowndes","161","0","0"
"05-09 years","Lowndes","200","0","0"
"10-17 years","Lowndes","650","0","8"
"18-29 years","Lowndes","2542","4","32"
"30-39 years","Lowndes","1371","1","25"
"40-49 years","Lowndes","1113","4","50"
"50-59 years","Lowndes","943","12","71"
"60-69 years","Lowndes","643","30","89"
"70-79 years","Lowndes","364","41","72"
"80 & Older years","Lowndes","217","58","67"
"<1 years","Lowndes","39","0","1"
"Unknown years","Lowndes","6","0","0"
"01-04 years","Lumpkin","17","0","1"
"05-09 years","Lumpkin","32","0","2"
"10-17 years","Lumpkin","147","0","3"
"18-29 years","Lumpkin","761","0","14"
"30-39 years","Lumpkin","351","0","11"
"40-49 years","Lumpkin","362","1","25"
"50-59 years","Lumpkin","425","5","49"
"60-69 years","Lumpkin","388","13","59"
"70-79 years","Lumpkin","282","18","75"
"80 & Older years","Lumpkin","139","34","70"
"<1 years","Lumpkin","7","0","1"
"Unknown years","Lumpkin","29","0","2"
"01-04 years","Macon","9","0","0"
"05-09 years","Macon","12","0","0"
"10-17 years","Macon","23","0","0"
"18-29 years","Macon","115","0","4"
"30-39 years","Macon","82","0","4"
"40-49 years","Macon","113","3","9"
"50-59 years","Macon","123","5","15"
"60-69 years","Macon","84","8","28"
"70-79 years","Macon","54","7","21"
"80 & Older years","Macon","21","9","8"
"<1 years","Macon","3","0","0"
"Unknown years","Macon","4","0","1"
"01-04 years","Madison","42","0","1"
"05-09 years","Madison","57","0","0"
"10-17 years","Madison","237","0","0"
"18-29 years","Madison","530","0","3"
"30-39 years","Madison","435","0","6"
"40-49 years","Madison","436","0","19"
"50-59 years","Madison","452","4","26"
"60-69 years","Madison","354","10","42"
"70-79 years","Madison","208","18","46"
"80 & Older years","Madison","82","14","15"
"<1 years","Madison","20","0","4"
"Unknown years","Madison","4","0","0"
"01-04 years","Marion","9","0","0"
"05-09 years","Marion","9","0","1"
"10-17 years","Marion","41","0","0"
"18-29 years","Marion","73","0","2"
"30-39 years","Marion","55","0","2"
"40-49 years","Marion","71","1","6"
"50-59 years","Marion","67","6","7"
"60-69 years","Marion","52","6","7"
"70-79 years","Marion","31","5","9"
"80 & Older years","Marion","29","5","9"
"<1 years","Marion","3","0","0"
"Unknown years","Marion","2","0","0"
"01-04 years","McDuffie","30","0","0"
"05-09 years","McDuffie","35","0","0"
"10-17 years","McDuffie","136","0","0"
"18-29 years","McDuffie","352","0","7"
"30-39 years","McDuffie","263","2","4"
"40-49 years","McDuffie","267","2","16"
"50-59 years","McDuffie","268","5","32"
"60-69 years","McDuffie","212","10","34"
"70-79 years","McDuffie","122","11","50"
"80 & Older years","McDuffie","61","15","29"
"<1 years","McDuffie","4","0","0"
"Unknown years","McDuffie","18","0","0"
"01-04 years","McIntosh","4","0","0"
"05-09 years","McIntosh","14","0","0"
"10-17 years","McIntosh","42","0","0"
"18-29 years","McIntosh","118","0","4"
"30-39 years","McIntosh","85","0","3"
"40-49 years","McIntosh","111","0","4"
"50-59 years","McIntosh","141","0","6"
"60-69 years","McIntosh","108","2","18"
"70-79 years","McIntosh","65","4","16"
"80 & Older years","McIntosh","28","8","9"
"<1 years","McIntosh","1","0","0"
"Unknown years","McIntosh","2","0","0"
"01-04 years","Meriwether","30","0","3"
"05-09 years","Meriwether","31","0","1"
"10-17 years","Meriwether","93","0","1"
"18-29 years","Meriwether","238","0","7"
"30-39 years","Meriwether","197","2","16"
"40-49 years","Meriwether","238","4","19"
"50-59 years","Meriwether","252","6","25"
"60-69 years","Meriwether","233","14","35"
"70-79 years","Meriwether","193","25","41"
"80 & Older years","Meriwether","103","29","24"
"<1 years","Meriwether","6","0","0"
"Unknown years","Meriwether","1","0","0"
"01-04 years","Miller","12","0","0"
"05-09 years","Miller","9","0","0"
"10-17 years","Miller","81","0","1"
"18-29 years","Miller","113","0","1"
"30-39 years","Miller","101","0","0"
"40-49 years","Miller","87","0","7"
"50-59 years","Miller","133","2","12"
"60-69 years","Miller","98","3","13"
"70-79 years","Miller","31","2","3"
"80 & Older years","Miller","26","2","6"
"<1 years","Miller","3","0","0"
"01-04 years","Mitchell","26","0","1"
"05-09 years","Mitchell","32","0","0"
"10-17 years","Mitchell","97","0","2"
"18-29 years","Mitchell","277","0","11"
"30-39 years","Mitchell","242","1","16"
"40-49 years","Mitchell","235","4","20"
"50-59 years","Mitchell","263","12","55"
"60-69 years","Mitchell","216","15","51"
"70-79 years","Mitchell","135","18","48"
"80 & Older years","Mitchell","98","27","33"
"<1 years","Mitchell","10","0","0"
"Unknown years","Mitchell","1","0","0"
"01-04 years","Monroe","15","0","2"
"05-09 years","Monroe","27","0","1"
"10-17 years","Monroe","105","0","0"
"18-29 years","Monroe","326","1","6"
"30-39 years","Monroe","268","0","9"
"40-49 years","Monroe","287","4","21"
"50-59 years","Monroe","341","3","29"
"60-69 years","Monroe","310","20","55"
"70-79 years","Monroe","176","23","47"
"80 & Older years","Monroe","125","41","39"
"<1 years","Monroe","3","0","1"
"01-04 years","Montgomery","11","0","0"
"05-09 years","Montgomery","8","0","0"
"10-17 years","Montgomery","55","0","1"
"18-29 years","Montgomery","170","0","1"
"30-39 years","Montgomery","114","2","5"
"40-49 years","Montgomery","139","0","2"
"50-59 years","Montgomery","115","3","8"
"60-69 years","Montgomery","100","4","12"
"70-79 years","Montgomery","57","6","12"
"80 & Older years","Montgomery","27","6","7"
"<1 years","Montgomery","1","0","0"
"Unknown years","Montgomery","1","0","0"
"01-04 years","Morgan","17","0","0"
"05-09 years","Morgan","28","0","1"
"10-17 years","Morgan","93","0","1"
"18-29 years","Morgan","227","0","5"
"30-39 years","Morgan","175","0","7"
"40-49 years","Morgan","183","1","7"
"50-59 years","Morgan","202","2","18"
"60-69 years","Morgan","153","6","17"
"70-79 years","Morgan","114","4","20"
"80 & Older years","Morgan","60","11","20"
"<1 years","Morgan","16","0","1"
"Unknown years","Morgan","1","0","0"
"01-04 years","Murray","73","0","2"
"05-09 years","Murray","106","0","2"
"10-17 years","Murray","419","0","2"
"18-29 years","Murray","886","0","10"
"30-39 years","Murray","616","1","8"
"40-49 years","Murray","761","0","25"
"50-59 years","Murray","653","9","51"
"60-69 years","Murray","446","16","73"
"70-79 years","Murray","273","37","70"
"80 & Older years","Murray","105","22","28"
"<1 years","Murray","27","0","2"
"01-04 years","Muscogee","257","0","8"
"05-09 years","Muscogee","417","0","0"
"10-17 years","Muscogee","1084","0","10"
"18-29 years","Muscogee","3624","5","86"
"30-39 years","Muscogee","2529","2","92"
"40-49 years","Muscogee","2127","8","125"
"50-59 years","Muscogee","2123","54","236"
"60-69 years","Muscogee","1676","93","300"
"70-79 years","Muscogee","920","112","238"
"80 & Older years","Muscogee","554","165","201"
"<1 years","Muscogee","83","0","6"
"Unknown years","Muscogee","48","0","0"
"01-04 years","Newton","90","0","2"
"05-09 years","Newton","161","0","1"
"10-17 years","Newton","502","0","12"
"18-29 years","Newton","1521","1","47"
"30-39 years","Newton","1273","2","67"
"40-49 years","Newton","1447","9","111"
"50-59 years","Newton","1338","29","140"
"60-69 years","Newton","758","42","116"
"70-79 years","Newton","523","67","116"
"80 & Older years","Newton","310","91","81"
"<1 years","Newton","32","0","5"
"Unknown years","Newton","1","0","0"
"01-04 years","Non-GA Resident/Unknown State","280","0","5"
"05-09 years","Non-GA Resident/Unknown State","429","0","5"
"10-17 years","Non-GA Resident/Unknown State","1264","0","7"
"18-29 years","Non-GA Resident/Unknown State","5803","4","68"
"30-39 years","Non-GA Resident/Unknown State","4077","3","97"
"40-49 years","Non-GA Resident/Unknown State","3413","18","118"
"50-59 years","Non-GA Resident/Unknown State","3396","56","219"
"60-69 years","Non-GA Resident/Unknown State","2448","125","296"
"70-79 years","Non-GA Resident/Unknown State","1586","143","315"
"80 & Older years","Non-GA Resident/Unknown State","864","149","210"
"<1 years","Non-GA Resident/Unknown State","155","0","2"
"Unknown years","Non-GA Resident/Unknown State","781","0","2"
"01-04 years","Oconee","37","0","0"
"05-09 years","Oconee","69","0","0"
"10-17 years","Oconee","346","0","0"
"18-29 years","Oconee","600","1","7"
"30-39 years","Oconee","395","1","5"
"40-49 years","Oconee","593","1","12"
"50-59 years","Oconee","504","5","12"
"60-69 years","Oconee","322","11","35"
"70-79 years","Oconee","180","18","24"
"80 & Older years","Oconee","137","30","42"
"<1 years","Oconee","11","0","0"
"01-04 years","Oglethorpe","19","0","0"
"05-09 years","Oglethorpe","31","0","0"
"10-17 years","Oglethorpe","99","0","1"
"18-29 years","Oglethorpe","218","0","2"
"30-39 years","Oglethorpe","158","2","2"
"40-49 years","Oglethorpe","184","1","8"
"50-59 years","Oglethorpe","187","1","18"
"60-69 years","Oglethorpe","153","1","16"
"70-79 years","Oglethorpe","111","10","16"
"80 & Older years","Oglethorpe","70","15","18"
"<1 years","Oglethorpe","11","0","0"
"Unknown years","Oglethorpe","1","0","0"
"01-04 years","Paulding","168","0","2"
"05-09 years","Paulding","308","0","0"
"10-17 years","Paulding","1129","0","7"
"18-29 years","Paulding","2192","1","34"
"30-39 years","Paulding","1875","2","36"
"40-49 years","Paulding","2020","7","61"
"50-59 years","Paulding","1874","19","87"
"60-69 years","Paulding","974","37","88"
"70-79 years","Paulding","549","41","83"
"80 & Older years","Paulding","323","68","69"
"<1 years","Paulding","43","0","0"
"Unknown years","Paulding","34","0","1"
"01-04 years","Peach","17","0","2"
"05-09 years","Peach","22","0","0"
"10-17 years","Peach","89","0","2"
"18-29 years","Peach","431","2","13"
"30-39 years","Peach","329","0","17"
"40-49 years","Peach","263","4","24"
"50-59 years","Peach","320","10","48"
"60-69 years","Peach","273","14","59"
"70-79 years","Peach","134","16","43"
"80 & Older years","Peach","66","16","29"
"<1 years","Peach","4","0","0"
"01-04 years","Pickens","23","0","2"
"05-09 years","Pickens","40","0","1"
"10-17 years","Pickens","151","0","0"
"18-29 years","Pickens","420","0","7"
"30-39 years","Pickens","350","0","14"
"40-49 years","Pickens","422","0","20"
"50-59 years","Pickens","463","4","29"
"60-69 years","Pickens","368","10","49"
"70-79 years","Pickens","287","22","71"
"80 & Older years","Pickens","126","27","39"
"<1 years","Pickens","3","0","1"
"01-04 years","Pierce","18","0","0"
"05-09 years","Pierce","28","0","0"
"10-17 years","Pierce","107","1","1"
"18-29 years","Pierce","259","0","6"
"30-39 years","Pierce","169","0","6"
"40-49 years","Pierce","235","0","17"
"50-59 years","Pierce","215","5","24"
"60-69 years","Pierce","170","13","44"
"70-79 years","Pierce","121","15","39"
"80 & Older years","Pierce","56","16","18"
"<1 years","Pierce","9","0","1"
"01-04 years","Pike","27","0","0"
"05-09 years","Pike","31","0","0"
"10-17 years","Pike","129","0","1"
"18-29 years","Pike","184","1","7"
"30-39 years","Pike","160","0","3"
"40-49 years","Pike","212","2","13"
"50-59 years","Pike","172","5","12"
"60-69 years","Pike","121","4","19"
"70-79 years","Pike","86","9","23"
"80 & Older years","Pike","35","8","10"
"<1 years","Pike","4","0","0"
"Unknown years","Pike","1","0","0"
"01-04 years","Polk","47","0","1"
"05-09 years","Polk","78","0","2"
"10-17 years","Polk","327","0","3"
"18-29 years","Polk","838","0","13"
"30-39 years","Polk","598","1","18"
"40-49 years","Polk","600","3","40"
"50-59 years","Polk","628","12","84"
"60-69 years","Polk","405","17","76"
"70-79 years","Polk","329","26","93"
"80 & Older years","Polk","148","28","57"
"<1 years","Polk","25","0","1"
"Unknown years","Polk","28","0","0"
"01-04 years","Pulaski","5","0","0"
"05-09 years","Pulaski","9","0","0"
"10-17 years","Pulaski","38","0","1"
"18-29 years","Pulaski","90","0","2"
"30-39 years","Pulaski","94","0","2"
"40-49 years","Pulaski","95","0","10"
"50-59 years","Pulaski","104","0","6"
"60-69 years","Pulaski","96","8","13"
"70-79 years","Pulaski","48","13","16"
"80 & Older years","Pulaski","40","11","7"
"<1 years","Pulaski","3","0","0"
"01-04 years","Putnam","27","0","0"
"05-09 years","Putnam","46","0","1"
"10-17 years","Putnam","144","0","2"
"18-29 years","Putnam","315","0","4"
"30-39 years","Putnam","257","0","7"
"40-49 years","Putnam","246","2","13"
"50-59 years","Putnam","324","2","22"
"60-69 years","Putnam","284","13","31"
"70-79 years","Putnam","212","21","58"
"80 & Older years","Putnam","90","22","37"
"<1 years","Putnam","7","0","1"
"01-04 years","Quitman","1","0","0"
"05-09 years","Quitman","4","0","0"
"10-17 years","Quitman","6","0","0"
"18-29 years","Quitman","13","0","1"
"30-39 years","Quitman","4","0","1"
"40-49 years","Quitman","3","0","1"
"50-59 years","Quitman","17","0","1"
"60-69 years","Quitman","25","1","5"
"70-79 years","Quitman","3","0","1"
"80 & Older years","Quitman","6","1","2"
"<1 years","Quitman","2","0","0"
"01-04 years","Rabun","19","0","0"
"05-09 years","Rabun","32","0","0"
"10-17 years","Rabun","122","0","1"
"18-29 years","Rabun","246","0","5"
"30-39 years","Rabun","203","1","11"
"40-49 years","Rabun","219","0","10"
"50-59 years","Rabun","247","3","26"
"60-69 years","Rabun","243","10","35"
"70-79 years","Rabun","194","11","40"
"80 & Older years","Rabun","81","18","31"
"<1 years","Rabun","5","0","1"
"Unknown years","Rabun","10","0","0"
"01-04 years","Randolph","2","0","0"
"05-09 years","Randolph","7","0","0"
"10-17 years","Randolph","14","0","1"
"18-29 years","Randolph","66","0","2"
"30-39 years","Randolph","76","2","8"
"40-49 years","Randolph","59","0","7"
"50-59 years","Randolph","93","3","20"
"60-69 years","Randolph","74","9","17"
"70-79 years","Randolph","48","4","16"
"80 & Older years","Randolph","46","15","16"
"<1 years","Randolph","1","0","0"
"Unknown years","Randolph","2","0","0"
"01-04 years","Richmond","323","0","1"
"05-09 years","Richmond","630","0","4"
"10-17 years","Richmond","1702","0","16"
"18-29 years","Richmond","4898","8","69"
"30-39 years","Richmond","3625","7","96"
"40-49 years","Richmond","2897","19","125"
"50-59 years","Richmond","2837","44","236"
"60-69 years","Richmond","2092","86","292"
"70-79 years","Richmond","1125","116","310"
"80 & Older years","Richmond","678","161","276"
"<1 years","Richmond","92","0","3"
"Unknown years","Richmond","24","0","1"
"01-04 years","Rockdale","71","0","4"
"05-09 years","Rockdale","134","0","1"
"10-17 years","Rockdale","419","0","10"
"18-29 years","Rockdale","1312","2","81"
"30-39 years","Rockdale","1049","3","103"
"40-49 years","Rockdale","1140","7","125"
"50-59 years","Rockdale","1112","15","191"
"60-69 years","Rockdale","680","32","161"
"70-79 years","Rockdale","392","53","153"
"80 & Older years","Rockdale","214","48","100"
"<1 years","Rockdale","14","0","2"
"Unknown years","Rockdale","2","0","0"
"01-04 years","Schley","6","0","0"
"05-09 years","Schley","5","0","0"
"10-17 years","Schley","24","0","0"
"18-29 years","Schley","50","0","2"
"30-39 years","Schley","26","0","0"
"40-49 years","Schley","35","0","4"
"50-59 years","Schley","32","0","4"
"60-69 years","Schley","28","1","8"
"70-79 years","Schley","13","2","2"
"80 & Older years","Schley","7","2","2"
"<1 years","Schley","1","0","0"
"01-04 years","Screven","14","0","0"
"05-09 years","Screven","20","0","0"
"10-17 years","Screven","71","0","0"
"18-29 years","Screven","154","0","3"
"30-39 years","Screven","137","0","2"
"40-49 years","Screven","107","1","7"
"50-59 years","Screven","120","2","16"
"60-69 years","Screven","141","2","15"
"70-79 years","Screven","77","8","19"
"80 & Older years","Screven","38","8","11"
"<1 years","Screven","5","0","0"
"Unknown years","Screven","1","0","0"
"01-04 years","Seminole","15","0","0"
"05-09 years","Seminole","15","0","0"
"10-17 years","Seminole","73","0","0"
"18-29 years","Seminole","123","0","1"
"30-39 years","Seminole","95","0","4"
"40-49 years","Seminole","99","0","8"
"50-59 years","Seminole","117","1","6"
"60-69 years","Seminole","139","4","28"
"70-79 years","Seminole","70","6","16"
"80 & Older years","Seminole","32","7","13"
"<1 years","Seminole","4","0","0"
"01-04 years","Spalding","75","0","3"
"05-09 years","Spalding","81","0","1"
"10-17 years","Spalding","247","0","5"
"18-29 years","Spalding","784","1","37"
"30-39 years","Spalding","676","3","38"
"40-49 years","Spalding","677","5","62"
"50-59 years","Spalding","709","18","93"
"60-69 years","Spalding","530","39","104"
"70-79 years","Spalding","387","52","98"
"80 & Older years","Spalding","232","53","71"
"<1 years","Spalding","12","0","0"
"Unknown years","Spalding","20","0","0"
"01-04 years","Stephens","18","0","0"
"05-09 years","Stephens","46","0","1"
"10-17 years","Stephens","193","0","2"
"18-29 years","Stephens","571","1","14"
"30-39 years","Stephens","362","0","8"
"40-49 years","Stephens","458","1","23"
"50-59 years","Stephens","472","5","39"
"60-69 years","Stephens","458","23","66"
"70-79 years","Stephens","319","23","69"
"80 & Older years","Stephens","161","27","41"
"<1 years","Stephens","5","0","0"
"Unknown years","Stephens","16","0","0"
"01-04 years","Stewart","6","0","1"
"05-09 years","Stewart","4","0","0"
"10-17 years","Stewart","14","0","0"
"18-29 years","Stewart","290","0","22"
"30-39 years","Stewart","302","1","25"
"40-49 years","Stewart","190","2","23"
"50-59 years","Stewart","106","2","15"
"60-69 years","Stewart","74","13","27"
"70-79 years","Stewart","26","3","6"
"80 & Older years","Stewart","21","4","6"
"<1 years","Stewart","1","0","0"
"Unknown years","Stewart","19","0","4"
"01-04 years","Sumter","28","0","0"
"05-09 years","Sumter","32","0","0"
"10-17 years","Sumter","94","0","4"
"18-29 years","Sumter","350","1","12"
"30-39 years","Sumter","281","1","22"
"40-49 years","Sumter","275","5","26"
"50-59 years","Sumter","294","4","45"
"60-69 years","Sumter","267","27","73"
"70-79 years","Sumter","169","28","49"
"80 & Older years","Sumter","110","31","50"
"<1 years","Sumter","10","0","0"
"Unknown years","Sumter","1","0","0"
"01-04 years","Talbot","8","0","0"
"05-09 years","Talbot","8","0","0"
"10-17 years","Talbot","31","0","0"
"18-29 years","Talbot","64","0","1"
"30-39 years","Talbot","41","0","2"
"40-49 years","Talbot","68","1","4"
"50-59 years","Talbot","70","4","5"
"60-69 years","Talbot","66","4","17"
"70-79 years","Talbot","36","5","6"
"80 & Older years","Talbot","21","4","9"
"Unknown years","Talbot","2","0","0"
"01-04 years","Taliaferro","2","0","0"
"05-09 years","Taliaferro","1","0","0"
"10-17 years","Taliaferro","7","0","0"
"18-29 years","Taliaferro","14","0","0"
"30-39 years","Taliaferro","16","0","0"
"40-49 years","Taliaferro","20","0","2"
"50-59 years","Taliaferro","10","0","0"
"60-69 years","Taliaferro","20","1","3"
"70-79 years","Taliaferro","10","1","3"
"80 & Older years","Taliaferro","4","1","2"
"01-04 years","Tattnall","39","0","0"
"05-09 years","Tattnall","52","0","0"
"10-17 years","Tattnall","173","0","0"
"18-29 years","Tattnall","357","0","2"
"30-39 years","Tattnall","309","1","7"
"40-49 years","Tattnall","308","0","8"
"50-59 years","Tattnall","338","7","24"
"60-69 years","Tattnall","250","16","36"
"70-79 years","Tattnall","130","21","40"
"80 & Older years","Tattnall","50","6","9"
"<1 years","Tattnall","11","0","1"
"01-04 years","Taylor","13","0","1"
"05-09 years","Taylor","16","0","0"
"10-17 years","Taylor","51","0","1"
"18-29 years","Taylor","88","0","2"
"30-39 years","Taylor","53","0","4"
"40-49 years","Taylor","96","1","11"
"50-59 years","Taylor","81","2","18"
"60-69 years","Taylor","67","6","18"
"70-79 years","Taylor","33","6","11"
"80 & Older years","Taylor","24","8","9"
"<1 years","Taylor","4","0","0"
"Unknown years","Taylor","1","0","0"
"01-04 years","Telfair","12","0","0"
"05-09 years","Telfair","13","0","0"
"10-17 years","Telfair","25","0","1"
"18-29 years","Telfair","147","0","3"
"30-39 years","Telfair","102","1","3"
"40-49 years","Telfair","117","2","7"
"50-59 years","Telfair","115","5","11"
"60-69 years","Telfair","107","9","19"
"70-79 years","Telfair","72","14","20"
"80 & Older years","Telfair","45","16","13"
"<1 years","Telfair","5","0","0"
"Unknown years","Telfair","2","0","0"
"01-04 years","Terrell","8","0","0"
"05-09 years","Terrell","11","0","0"
"10-17 years","Terrell","44","0","0"
"18-29 years","Terrell","81","0","5"
"30-39 years","Terrell","82","0","9"
"40-49 years","Terrell","71","0","9"
"50-59 years","Terrell","102","4","17"
"60-69 years","Terrell","95","13","35"
"70-79 years","Terrell","63","18","28"
"80 & Older years","Terrell","39","13","16"
"<1 years","Terrell","1","0","0"
"01-04 years","Thomas","74","0","1"
"05-09 years","Thomas","126","0","0"
"10-17 years","Thomas","353","0","3"
"18-29 years","Thomas","705","1","31"
"30-39 years","Thomas","551","3","24"
"40-49 years","Thomas","595","4","34"
"50-59 years","Thomas","615","11","55"
"60-69 years","Thomas","471","14","98"
"70-79 years","Thomas","286","36","79"
"80 & Older years","Thomas","178","49","62"
"<1 years","Thomas","23","0","2"
"Unknown years","Thomas","2","0","0"
"01-04 years","Tift","42","0","3"
"05-09 years","Tift","61","0","3"
"10-17 years","Tift","255","0","7"
"18-29 years","Tift","822","0","20"
"30-39 years","Tift","587","1","31"
"40-49 years","Tift","572","7","60"
"50-59 years","Tift","488","9","73"
"60-69 years","Tift","373","20","81"
"70-79 years","Tift","255","30","92"
"80 & Older years","Tift","145","35","62"
"<1 years","Tift","14","0","0"
"Unknown years","Tift","4","0","0"
"01-04 years","Toombs","31","0","0"
"05-09 years","Toombs","60","0","0"
"10-17 years","Toombs","226","0","2"
"18-29 years","Toombs","587","0","7"
"30-39 years","Toombs","468","0","5"
"40-49 years","Toombs","459","1","25"
"50-59 years","Toombs","466","9","35"
"60-69 years","Toombs","414","18","58"
"70-79 years","Toombs","276","35","48"
"80 & Older years","Toombs","166","42","35"
"<1 years","Toombs","12","0","0"
"Unknown years","Toombs","5","0","0"
"01-04 years","Towns","4","0","0"
"05-09 years","Towns","6","0","0"
"10-17 years","Towns","50","0","1"
"18-29 years","Towns","149","0","4"
"30-39 years","Towns","98","0","3"
"40-49 years","Towns","125","2","6"
"50-59 years","Towns","192","2","20"
"60-69 years","Towns","247","4","22"
"70-79 years","Towns","178","11","41"
"80 & Older years","Towns","131","29","54"
"Unknown years","Towns","2","0","0"
"01-04 years","Treutlen","7","0","0"
"05-09 years","Treutlen","18","0","1"
"10-17 years","Treutlen","49","0","0"
"18-29 years","Treutlen","116","0","2"
"30-39 years","Treutlen","108","0","5"
"40-49 years","Treutlen","104","2","5"
"50-59 years","Treutlen","107","1","9"
"60-69 years","Treutlen","72","6","15"
"70-79 years","Treutlen","56","12","11"
"80 & Older years","Treutlen","35","10","8"
"01-04 years","Troup","148","0","3"
"05-09 years","Troup","208","0","1"
"10-17 years","Troup","580","0","8"
"18-29 years","Troup","1312","2","31"
"30-39 years","Troup","994","7","47"
"40-49 years","Troup","883","7","54"
"50-59 years","Troup","909","15","118"
"60-69 years","Troup","687","39","113"
"70-79 years","Troup","370","50","112"
"80 & Older years","Troup","266","83","72"
"<1 years","Troup","49","0","1"
"Unknown years","Troup","5","0","0"
"01-04 years","Turner","6","0","0"
"05-09 years","Turner","7","0","1"
"10-17 years","Turner","21","0","0"
"18-29 years","Turner","97","0","2"
"30-39 years","Turner","110","0","10"
"40-49 years","Turner","112","0","6"
"50-59 years","Turner","100","2","15"
"60-69 years","Turner","89","9","28"
"70-79 years","Turner","55","9","14"
"80 & Older years","Turner","35","16","15"
"<1 years","Turner","2","0","1"
"01-04 years","Twiggs","10","0","0"
"05-09 years","Twiggs","7","0","1"
"10-17 years","Twiggs","27","0","0"
"18-29 years","Twiggs","71","0","2"
"30-39 years","Twiggs","62","1","5"
"40-49 years","Twiggs","66","1","7"
"50-59 years","Twiggs","95","3","16"
"60-69 years","Twiggs","100","11","36"
"70-79 years","Twiggs","60","9","24"
"80 & Older years","Twiggs","25","14","18"
"<1 years","Twiggs","1","0","0"
"01-04 years","Union","9","0","0"
"05-09 years","Union","19","0","0"
"10-17 years","Union","77","0","1"
"18-29 years","Union","270","1","1"
"30-39 years","Union","239","0","3"
"40-49 years","Union","244","1","14"
"50-59 years","Union","327","5","25"
"60-69 years","Union","409","8","52"
"70-79 years","Union","347","23","68"
"80 & Older years","Union","220","43","72"
"<1 years","Union","1","0","0"
"Unknown years","Union","12","0","1"
"01-04 years","Unknown","20","0","0"
"05-09 years","Unknown","42","0","0"
"10-17 years","Unknown","164","0","0"
"18-29 years","Unknown","718","1","4"
"30-39 years","Unknown","351","0","5"
"40-49 years","Unknown","311","1","2"
"50-59 years","Unknown","279","1","4"
"60-69 years","Unknown","153","0","9"
"70-79 years","Unknown","101","0","8"
"80 & Older years","Unknown","41","1","5"
"<1 years","Unknown","30","0","0"
"Unknown years","Unknown","81","0","3"
"01-04 years","Upson","43","0","1"
"05-09 years","Upson","50","0","0"
"10-17 years","Upson","146","0","1"
"18-29 years","Upson","328","0","7"
"30-39 years","Upson","231","2","10"
"40-49 years","Upson","254","1","14"
"50-59 years","Upson","274","7","27"
"60-69 years","Upson","247","24","41"
"70-79 years","Upson","173","36","51"
"80 & Older years","Upson","108","42","39"
"<1 years","Upson","16","0","0"
"Unknown years","Upson","4","0","0"
"01-04 years","Walker","99","0","1"
"05-09 years","Walker","173","0","1"
"10-17 years","Walker","606","0","4"
"18-29 years","Walker","1235","0","20"
"30-39 years","Walker","968","1","19"
"40-49 years","Walker","1142","3","34"
"50-59 years","Walker","979","5","40"
"60-69 years","Walker","814","17","72"
"70-79 years","Walker","521","29","64"
"80 & Older years","Walker","254","28","39"
"<1 years","Walker","41","0","2"
"Unknown years","Walker","126","0","2"
"01-04 years","Walton","88","0","1"
"05-09 years","Walton","179","0","1"
"10-17 years","Walton","658","0","7"
"18-29 years","Walton","1439","2","35"
"30-39 years","Walton","1231","0","30"
"40-49 years","Walton","1366","3","57"
"50-59 years","Walton","1348","18","96"
"60-69 years","Walton","926","34","101"
"70-79 years","Walton","688","77","122"
"80 & Older years","Walton","407","108","87"
"<1 years","Walton","29","0","2"
"Unknown years","Walton","12","0","0"
"01-04 years","Ware","68","0","1"
"05-09 years","Ware","77","0","0"
"10-17 years","Ware","264","0","4"
"18-29 years","Ware","600","1","6"
"30-39 years","Ware","504","2","23"
"40-49 years","Ware","421","3","34"
"50-59 years","Ware","449","17","74"
"60-69 years","Ware","327","24","73"
"70-79 years","Ware","271","43","103"
"80 & Older years","Ware","213","66","65"
"<1 years","Ware","21","0","2"
"Unknown years","Ware","1","0","0"
"01-04 years","Warren","7","0","0"
"05-09 years","Warren","4","0","0"
"10-17 years","Warren","29","0","0"
"18-29 years","Warren","73","0","3"
"30-39 years","Warren","55","0","5"
"40-49 years","Warren","54","2","6"
"50-59 years","Warren","72","2","8"
"60-69 years","Warren","45","3","9"
"70-79 years","Warren","38","6","14"
"80 & Older years","Warren","19","4","7"
"<1 years","Warren","3","0","1"
"Unknown years","Warren","4","0","0"
"01-04 years","Washington","24","0","0"
"05-09 years","Washington","30","0","0"
"10-17 years","Washington","131","0","2"
"18-29 years","Washington","274","0","8"
"30-39 years","Washington","255","0","9"
"40-49 years","Washington","262","4","14"
"50-59 years","Washington","251","6","17"
"60-69 years","Washington","232","15","32"
"70-79 years","Washington","123","10","22"
"80 & Older years","Washington","81","26","15"
"<1 years","Washington","12","0","0"
"Unknown years","Washington","1","0","0"
"01-04 years","Wayne","32","0","1"
"05-09 years","Wayne","41","0","0"
"10-17 years","Wayne","182","0","1"
"18-29 years","Wayne","455","0","12"
"30-39 years","Wayne","439","1","13"
"40-49 years","Wayne","522","1","41"
"50-59 years","Wayne","450","9","42"
"60-69 years","Wayne","358","19","73"
"70-79 years","Wayne","276","26","80"
"80 & Older years","Wayne","125","25","27"
"<1 years","Wayne","6","0","1"
"10-17 years","Webster","4","0","0"
"18-29 years","Webster","22","0","1"
"30-39 years","Webster","10","0","1"
"40-49 years","Webster","19","0","2"
"50-59 years","Webster","20","2","6"
"60-69 years","Webster","24","1","4"
"70-79 years","Webster","8","0","2"
"80 & Older years","Webster","4","1","1"
"Unknown years","Webster","2","0","0"
"01-04 years","Wheeler","2","0","0"
"05-09 years","Wheeler","5","0","0"
"10-17 years","Wheeler","27","0","0"
"18-29 years","Wheeler","61","0","0"
"30-39 years","Wheeler","77","2","3"
"40-49 years","Wheeler","87","1","3"
"50-59 years","Wheeler","96","7","12"
"60-69 years","Wheeler","57","4","8"
"70-79 years","Wheeler","41","5","11"
"80 & Older years","Wheeler","9","3","1"
"<1 years","Wheeler","2","0","0"
"Unknown years","Wheeler","23","0","1"
"01-04 years","White","24","0","0"
"05-09 years","White","61","0","1"
"10-17 years","White","240","0","2"
"18-29 years","White","475","1","9"
"30-39 years","White","346","1","9"
"40-49 years","White","439","2","18"
"50-59 years","White","505","5","47"
"60-69 years","White","465","12","69"
"70-79 years","White","335","17","83"
"80 & Older years","White","186","34","73"
"<1 years","White","4","0","0"
"Unknown years","White","22","0","0"
"01-04 years","Whitfield","221","0","3"
"05-09 years","Whitfield","418","0","3"
"10-17 years","Whitfield","1409","0","7"
"18-29 years","Whitfield","3615","2","53"
"30-39 years","Whitfield","2371","5","66"
"40-49 years","Whitfield","2453","5","82"
"50-59 years","Whitfield","2220","29","141"
"60-69 years","Whitfield","1296","38","164"
"70-79 years","Whitfield","730","58","155"
"80 & Older years","Whitfield","421","98","125"
"<1 years","Whitfield","70","0","5"
"Unknown years","Whitfield","2","0","0"
"01-04 years","Wilcox","12","0","1"
"05-09 years","Wilcox","10","0","0"
"10-17 years","Wilcox","31","0","0"
"18-29 years","Wilcox","48","0","1"
"30-39 years","Wilcox","51","0","1"
"40-49 years","Wilcox","74","0","12"
"50-59 years","Wilcox","85","1","16"
"60-69 years","Wilcox","95","10","26"
"70-79 years","Wilcox","53","11","11"
"80 & Older years","Wilcox","26","8","8"
"<1 years","Wilcox","5","0","0"
"01-04 years","Wilkes","9","0","0"
"05-09 years","Wilkes","17","0","0"
"10-17 years","Wilkes","56","0","0"
"18-29 years","Wilkes","123","0","1"
"30-39 years","Wilkes","89","0","5"
"40-49 years","Wilkes","113","1","12"
"50-59 years","Wilkes","106","2","6"
"60-69 years","Wilkes","87","4","18"
"70-79 years","Wilkes","67","8","21"
"80 & Older years","Wilkes","36","8","16"
"<1 years","Wilkes","3","0","0"
"Unknown years","Wilkes","1","0","0"
"01-04 years","Wilkinson","8","0","0"
"05-09 years","Wilkinson","13","0","0"
"10-17 years","Wilkinson","32","0","1"
"18-29 years","Wilkinson","116","0","3"
"30-39 years","Wilkinson","97","0","8"
"40-49 years","Wilkinson","98","0","7"
"50-59 years","Wilkinson","160","4","28"
"60-69 years","Wilkinson","135","12","41"
"70-79 years","Wilkinson","59","6","22"
"80 & Older years","Wilkinson","39","5","16"
"01-04 years","Worth","13","0","0"
"05-09 years","Worth","15","0","0"
"10-17 years","Worth","81","0","3"
"18-29 years","Worth","197","0","10"
"30-39 years","Worth","162","0","12"
"40-49 years","Worth","164","1","19"
"50-59 years","Worth","202","7","28"
"60-69 years","Worth","196","19","52"
"70-79 years","Worth","124","16","35"
"80 & Older years","Worth","72","19","26"
"<1 years","Worth","5","0","0"
"Unknown years","Worth","1","0","0"
