"age group","county name","cases","deaths","hospitalization"
"01-04 years","Georgia","11044","1","204"
"05-09 years","Georgia","18271","2","167"
"10-17 years","Georgia","63322","7","633"
"18-29 years","Georgia","188852","108","3517"
"30-39 years","Georgia","136409","233","4590"
"40-49 years","Georgia","132605","561","6645"
"50-59 years","Georgia","125974","1509","9993"
"60-69 years","Georgia","85406","3210","11983"
"70-79 years","Georgia","49754","4697","11493"
"80 & Older years","Georgia","28860","6147","8980"
"<1 years","Georgia","3113","0","159"
"Unknown years","Georgia","5249","12","112"
"01-04 years","Appling","28","0","0"
"05-09 years","Appling","53","0","0"
"10-17 years","Appling","163","0","1"
"18-29 years","Appling","335","1","5"
"30-39 years","Appling","253","1","5"
"40-49 years","Appling","250","4","18"
"50-59 years","Appling","288","6","27"
"60-69 years","Appling","250","14","50"
"70-79 years","Appling","161","17","34"
"80 & Older years","Appling","78","20","29"
"<1 years","Appling","7","0","0"
"Unknown years","Appling","1","0","0"
"01-04 years","Atkinson","6","0","1"
"05-09 years","Atkinson","18","0","1"
"10-17 years","Atkinson","48","0","0"
"18-29 years","Atkinson","165","0","8"
"30-39 years","Atkinson","121","0","10"
"40-49 years","Atkinson","131","1","23"
"50-59 years","Atkinson","135","1","23"
"60-69 years","Atkinson","81","4","24"
"70-79 years","Atkinson","43","5","13"
"80 & Older years","Atkinson","14","5","10"
"<1 years","Atkinson","3","0","0"
"01-04 years","Bacon","18","0","0"
"05-09 years","Bacon","23","0","0"
"10-17 years","Bacon","72","0","1"
"18-29 years","Bacon","390","0","1"
"30-39 years","Bacon","183","0","5"
"40-49 years","Bacon","173","1","12"
"50-59 years","Bacon","151","2","16"
"60-69 years","Bacon","125","9","22"
"70-79 years","Bacon","78","7","17"
"80 & Older years","Bacon","38","9","7"
"<1 years","Bacon","5","0","0"
"Unknown years","Bacon","1","0","0"
"01-04 years","Baker","5","0","0"
"05-09 years","Baker","4","0","0"
"10-17 years","Baker","9","0","0"
"18-29 years","Baker","25","0","0"
"30-39 years","Baker","22","0","2"
"40-49 years","Baker","14","1","2"
"50-59 years","Baker","21","0","1"
"60-69 years","Baker","31","3","15"
"70-79 years","Baker","18","2","10"
"80 & Older years","Baker","9","3","3"
"<1 years","Baker","2","0","0"
"01-04 years","Baldwin","30","0","0"
"05-09 years","Baldwin","52","0","0"
"10-17 years","Baldwin","190","1","5"
"18-29 years","Baldwin","1269","0","15"
"30-39 years","Baldwin","463","1","16"
"40-49 years","Baldwin","478","2","30"
"50-59 years","Baldwin","485","12","58"
"60-69 years","Baldwin","386","23","72"
"70-79 years","Baldwin","256","27","55"
"80 & Older years","Baldwin","154","43","59"
"<1 years","Baldwin","13","0","0"
"01-04 years","Banks","10","0","0"
"05-09 years","Banks","25","0","1"
"10-17 years","Banks","105","0","2"
"18-29 years","Banks","295","0","8"
"30-39 years","Banks","202","0","5"
"40-49 years","Banks","227","0","16"
"50-59 years","Banks","250","1","23"
"60-69 years","Banks","206","5","41"
"70-79 years","Banks","151","15","55"
"80 & Older years","Banks","79","12","29"
"<1 years","Banks","5","0","1"
"Unknown years","Banks","36","0","1"
"01-04 years","Barrow","87","0","0"
"05-09 years","Barrow","163","0","0"
"10-17 years","Barrow","639","0","7"
"18-29 years","Barrow","1693","2","35"
"30-39 years","Barrow","1431","1","44"
"40-49 years","Barrow","1481","5","64"
"50-59 years","Barrow","1250","7","98"
"60-69 years","Barrow","831","28","139"
"70-79 years","Barrow","488","33","100"
"80 & Older years","Barrow","237","49","88"
"<1 years","Barrow","30","0","2"
"Unknown years","Barrow","26","1","1"
"01-04 years","Bartow","108","0","3"
"05-09 years","Bartow","220","0","2"
"10-17 years","Bartow","928","0","13"
"18-29 years","Bartow","2039","0","24"
"30-39 years","Bartow","1644","4","45"
"40-49 years","Bartow","1736","2","77"
"50-59 years","Bartow","1785","15","147"
"60-69 years","Bartow","1072","36","156"
"70-79 years","Bartow","718","70","179"
"80 & Older years","Bartow","349","72","123"
"<1 years","Bartow","38","0","1"
"Unknown years","Bartow","160","1","8"
"01-04 years","Ben Hill","29","0","1"
"05-09 years","Ben Hill","20","0","0"
"10-17 years","Ben Hill","98","0","0"
"18-29 years","Ben Hill","260","0","4"
"30-39 years","Ben Hill","214","3","9"
"40-49 years","Ben Hill","197","1","10"
"50-59 years","Ben Hill","238","6","29"
"60-69 years","Ben Hill","201","12","28"
"70-79 years","Ben Hill","145","19","51"
"80 & Older years","Ben Hill","69","15","17"
"<1 years","Ben Hill","5","0","0"
"Unknown years","Ben Hill","2","0","0"
"01-04 years","Berrien","16","0","0"
"05-09 years","Berrien","23","0","0"
"10-17 years","Berrien","90","0","1"
"18-29 years","Berrien","197","0","0"
"30-39 years","Berrien","156","0","3"
"40-49 years","Berrien","138","0","5"
"50-59 years","Berrien","162","2","16"
"60-69 years","Berrien","122","8","17"
"70-79 years","Berrien","79","9","15"
"80 & Older years","Berrien","48","10","13"
"<1 years","Berrien","2","0","0"
"Unknown years","Berrien","1","0","0"
"01-04 years","Bibb","137","0","5"
"05-09 years","Bibb","186","0","0"
"10-17 years","Bibb","642","0","9"
"18-29 years","Bibb","2908","1","79"
"30-39 years","Bibb","2046","6","105"
"40-49 years","Bibb","2073","15","194"
"50-59 years","Bibb","1934","25","267"
"60-69 years","Bibb","1546","83","404"
"70-79 years","Bibb","946","113","353"
"80 & Older years","Bibb","587","140","282"
"<1 years","Bibb","45","0","4"
"Unknown years","Bibb","15","0","0"
"01-04 years","Bleckley","5","0","0"
"05-09 years","Bleckley","16","0","0"
"10-17 years","Bleckley","69","0","0"
"18-29 years","Bleckley","187","0","3"
"30-39 years","Bleckley","93","0","2"
"40-49 years","Bleckley","105","1","2"
"50-59 years","Bleckley","103","2","4"
"60-69 years","Bleckley","86","7","11"
"70-79 years","Bleckley","63","5","12"
"80 & Older years","Bleckley","61","18","12"
"<1 years","Bleckley","3","0","0"
"01-04 years","Brantley","12","0","0"
"05-09 years","Brantley","13","0","0"
"10-17 years","Brantley","82","0","1"
"18-29 years","Brantley","154","0","1"
"30-39 years","Brantley","117","0","4"
"40-49 years","Brantley","125","1","5"
"50-59 years","Brantley","147","2","13"
"60-69 years","Brantley","113","4","13"
"70-79 years","Brantley","86","15","21"
"80 & Older years","Brantley","47","8","10"
"<1 years","Brantley","1","0","0"
"01-04 years","Brooks","15","0","1"
"05-09 years","Brooks","25","0","0"
"10-17 years","Brooks","85","0","0"
"18-29 years","Brooks","174","0","1"
"30-39 years","Brooks","124","0","2"
"40-49 years","Brooks","119","1","11"
"50-59 years","Brooks","145","2","20"
"60-69 years","Brooks","98","6","16"
"70-79 years","Brooks","83","10","19"
"80 & Older years","Brooks","56","17","15"
"<1 years","Brooks","4","0","0"
"01-04 years","Bryan","50","0","0"
"05-09 years","Bryan","76","0","0"
"10-17 years","Bryan","259","0","3"
"18-29 years","Bryan","505","0","11"
"30-39 years","Bryan","427","1","9"
"40-49 years","Bryan","463","0","14"
"50-59 years","Bryan","342","5","29"
"60-69 years","Bryan","243","10","28"
"70-79 years","Bryan","153","9","50"
"80 & Older years","Bryan","67","8","26"
"<1 years","Bryan","13","0","0"
"Unknown years","Bryan","2","0","0"
"01-04 years","Bulloch","57","0","0"
"05-09 years","Bulloch","103","0","0"
"10-17 years","Bulloch","367","0","2"
"18-29 years","Bulloch","2212","0","9"
"30-39 years","Bulloch","627","4","21"
"40-49 years","Bulloch","547","2","25"
"50-59 years","Bulloch","522","8","33"
"60-69 years","Bulloch","380","14","45"
"70-79 years","Bulloch","196","16","38"
"80 & Older years","Bulloch","107","17","35"
"<1 years","Bulloch","25","0","2"
"Unknown years","Bulloch","5","0","0"
"01-04 years","Burke","21","0","0"
"05-09 years","Burke","44","0","0"
"10-17 years","Burke","133","0","1"
"18-29 years","Burke","334","1","7"
"30-39 years","Burke","256","1","9"
"40-49 years","Burke","290","2","14"
"50-59 years","Burke","263","2","32"
"60-69 years","Burke","206","5","37"
"70-79 years","Burke","120","12","32"
"80 & Older years","Burke","40","12","14"
"<1 years","Burke","7","0","0"
"Unknown years","Burke","3","0","0"
"01-04 years","Butts","24","0","3"
"05-09 years","Butts","28","0","0"
"10-17 years","Butts","110","0","1"
"18-29 years","Butts","377","0","6"
"30-39 years","Butts","336","0","8"
"40-49 years","Butts","326","4","13"
"50-59 years","Butts","346","6","22"
"60-69 years","Butts","256","16","31"
"70-79 years","Butts","176","20","24"
"80 & Older years","Butts","108","26","8"
"<1 years","Butts","5","0","1"
"Unknown years","Butts","5","0","0"
"01-04 years","Calhoun","7","0","0"
"05-09 years","Calhoun","1","0","0"
"10-17 years","Calhoun","39","0","0"
"18-29 years","Calhoun","65","0","6"
"30-39 years","Calhoun","59","2","6"
"40-49 years","Calhoun","75","1","8"
"50-59 years","Calhoun","76","2","17"
"60-69 years","Calhoun","72","2","19"
"70-79 years","Calhoun","24","5","8"
"80 & Older years","Calhoun","15","2","8"
"<1 years","Calhoun","3","0","0"
"Unknown years","Calhoun","1","0","0"
"01-04 years","Camden","45","0","0"
"05-09 years","Camden","40","0","1"
"10-17 years","Camden","224","0","1"
"18-29 years","Camden","767","0","5"
"30-39 years","Camden","516","1","17"
"40-49 years","Camden","405","1","11"
"50-59 years","Camden","474","1","18"
"60-69 years","Camden","350","6","26"
"70-79 years","Camden","206","5","24"
"80 & Older years","Camden","89","13","22"
"<1 years","Camden","8","0","1"
"Unknown years","Camden","1","0","0"
"01-04 years","Candler","9","0","0"
"05-09 years","Candler","12","0","0"
"10-17 years","Candler","54","0","0"
"18-29 years","Candler","128","0","0"
"30-39 years","Candler","95","0","3"
"40-49 years","Candler","117","3","3"
"50-59 years","Candler","124","5","10"
"60-69 years","Candler","98","8","14"
"70-79 years","Candler","64","14","19"
"80 & Older years","Candler","28","6","11"
"<1 years","Candler","5","0","0"
"Unknown years","Candler","1","0","0"
"01-04 years","Carroll","87","0","1"
"05-09 years","Carroll","131","0","1"
"10-17 years","Carroll","609","0","6"
"18-29 years","Carroll","1697","0","12"
"30-39 years","Carroll","1061","4","19"
"40-49 years","Carroll","1047","4","29"
"50-59 years","Carroll","1051","10","55"
"60-69 years","Carroll","753","26","72"
"70-79 years","Carroll","446","33","64"
"80 & Older years","Carroll","268","51","44"
"<1 years","Carroll","25","0","0"
"Unknown years","Carroll","13","0","0"
"01-04 years","Catoosa","86","0","0"
"05-09 years","Catoosa","131","0","1"
"10-17 years","Catoosa","457","0","2"
"18-29 years","Catoosa","968","0","8"
"30-39 years","Catoosa","734","1","10"
"40-49 years","Catoosa","843","2","14"
"50-59 years","Catoosa","782","5","31"
"60-69 years","Catoosa","571","7","59"
"70-79 years","Catoosa","349","16","54"
"80 & Older years","Catoosa","242","30","49"
"<1 years","Catoosa","33","0","1"
"Unknown years","Catoosa","143","0","10"
"01-04 years","Charlton","12","0","0"
"05-09 years","Charlton","27","0","0"
"10-17 years","Charlton","63","0","0"
"18-29 years","Charlton","182","0","1"
"30-39 years","Charlton","203","0","4"
"40-49 years","Charlton","176","2","8"
"50-59 years","Charlton","146","2","5"
"60-69 years","Charlton","146","7","19"
"70-79 years","Charlton","54","5","11"
"80 & Older years","Charlton","31","7","13"
"<1 years","Charlton","2","0","0"
"Unknown years","Charlton","1","0","0"
"01-04 years","Chatham","382","0","3"
"05-09 years","Chatham","466","1","1"
"10-17 years","Chatham","1315","0","13"
"18-29 years","Chatham","4859","2","56"
"30-39 years","Chatham","3340","5","111"
"40-49 years","Chatham","2729","13","149"
"50-59 years","Chatham","2468","38","237"
"60-69 years","Chatham","2006","76","351"
"70-79 years","Chatham","1070","116","338"
"80 & Older years","Chatham","653","139","284"
"<1 years","Chatham","104","0","4"
"Unknown years","Chatham","18","0","1"
"01-04 years","Chattahoochee","8","0","0"
"05-09 years","Chattahoochee","7","0","0"
"10-17 years","Chattahoochee","119","0","2"
"18-29 years","Chattahoochee","2392","7","5"
"30-39 years","Chattahoochee","244","2","4"
"40-49 years","Chattahoochee","55","0","0"
"50-59 years","Chattahoochee","23","0","5"
"60-69 years","Chattahoochee","18","0","4"
"70-79 years","Chattahoochee","8","1","2"
"80 & Older years","Chattahoochee","9","1","4"
"<1 years","Chattahoochee","9","0","0"
"Unknown years","Chattahoochee","1","0","0"
"01-04 years","Chattooga","13","0","0"
"05-09 years","Chattooga","30","0","0"
"10-17 years","Chattooga","185","0","1"
"18-29 years","Chattooga","368","0","5"
"30-39 years","Chattooga","293","0","8"
"40-49 years","Chattooga","333","2","14"
"50-59 years","Chattooga","330","5","22"
"60-69 years","Chattooga","280","14","40"
"70-79 years","Chattooga","166","16","42"
"80 & Older years","Chattooga","116","23","33"
"<1 years","Chattooga","9","0","1"
"Unknown years","Chattooga","31","0","1"
"01-04 years","Cherokee","227","0","7"
"05-09 years","Cherokee","546","0","9"
"10-17 years","Cherokee","2208","0","14"
"18-29 years","Cherokee","4244","2","70"
"30-39 years","Cherokee","3075","2","95"
"40-49 years","Cherokee","3492","4","113"
"50-59 years","Cherokee","3390","21","188"
"60-69 years","Cherokee","2043","42","231"
"70-79 years","Cherokee","1315","76","241"
"80 & Older years","Cherokee","795","138","218"
"<1 years","Cherokee","43","0","1"
"Unknown years","Cherokee","34","0","1"
"01-04 years","Clarke","163","0","1"
"05-09 years","Clarke","201","0","2"
"10-17 years","Clarke","589","0","5"
"18-29 years","Clarke","5903","1","37"
"30-39 years","Clarke","1576","2","34"
"40-49 years","Clarke","1275","3","52"
"50-59 years","Clarke","1145","9","69"
"60-69 years","Clarke","772","20","94"
"70-79 years","Clarke","458","48","111"
"80 & Older years","Clarke","238","43","69"
"<1 years","Clarke","43","0","2"
"Unknown years","Clarke","40","1","1"
"01-04 years","Clay","3","0","0"
"05-09 years","Clay","2","0","0"
"10-17 years","Clay","16","0","0"
"18-29 years","Clay","27","0","0"
"30-39 years","Clay","30","0","1"
"40-49 years","Clay","28","0","1"
"50-59 years","Clay","17","0","1"
"60-69 years","Clay","24","1","2"
"70-79 years","Clay","19","0","0"
"80 & Older years","Clay","14","2","5"
"01-04 years","Clayton","388","0","8"
"05-09 years","Clayton","593","1","8"
"10-17 years","Clayton","1520","0","29"
"18-29 years","Clayton","4700","5","98"
"30-39 years","Clayton","4053","10","151"
"40-49 years","Clayton","3697","24","182"
"50-59 years","Clayton","3509","52","263"
"60-69 years","Clayton","2209","108","242"
"70-79 years","Clayton","940","100","172"
"80 & Older years","Clayton","461","104","115"
"<1 years","Clayton","89","0","3"
"Unknown years","Clayton","61","1","3"
"01-04 years","Clinch","14","0","0"
"05-09 years","Clinch","20","0","0"
"10-17 years","Clinch","74","0","0"
"18-29 years","Clinch","131","0","2"
"30-39 years","Clinch","104","1","4"
"40-49 years","Clinch","100","0","4"
"50-59 years","Clinch","95","2","14"
"60-69 years","Clinch","105","7","16"
"70-79 years","Clinch","52","9","18"
"80 & Older years","Clinch","18","6","6"
"<1 years","Clinch","4","0","0"
"Unknown years","Clinch","1","0","0"
"01-04 years","Cobb","708","1","16"
"05-09 years","Cobb","1281","0","10"
"10-17 years","Cobb","4171","0","38"
"18-29 years","Cobb","14373","5","222"
"30-39 years","Cobb","9754","14","245"
"40-49 years","Cobb","9321","33","390"
"50-59 years","Cobb","8262","62","517"
"60-69 years","Cobb","5105","128","515"
"70-79 years","Cobb","2805","274","507"
"80 & Older years","Cobb","1737","392","484"
"<1 years","Cobb","184","0","11"
"Unknown years","Cobb","134","0","3"
"01-04 years","Coffee","75","0","2"
"05-09 years","Coffee","95","0","4"
"10-17 years","Coffee","286","0","4"
"18-29 years","Coffee","809","0","22"
"30-39 years","Coffee","607","4","42"
"40-49 years","Coffee","677","5","87"
"50-59 years","Coffee","665","11","133"
"60-69 years","Coffee","527","32","131"
"70-79 years","Coffee","282","39","125"
"80 & Older years","Coffee","155","40","89"
"<1 years","Coffee","14","0","0"
"01-04 years","Colquitt","48","0","0"
"05-09 years","Colquitt","98","0","1"
"10-17 years","Colquitt","370","0","7"
"18-29 years","Colquitt","719","0","20"
"30-39 years","Colquitt","510","1","18"
"40-49 years","Colquitt","530","6","37"
"50-59 years","Colquitt","474","15","39"
"60-69 years","Colquitt","337","14","41"
"70-79 years","Colquitt","205","14","46"
"80 & Older years","Colquitt","136","23","29"
"<1 years","Colquitt","16","0","0"
"Unknown years","Colquitt","4","0","0"
"01-04 years","Columbia","132","0","2"
"05-09 years","Columbia","283","0","0"
"10-17 years","Columbia","1065","0","1"
"18-29 years","Columbia","2178","1","21"
"30-39 years","Columbia","1943","2","25"
"40-49 years","Columbia","1760","7","45"
"50-59 years","Columbia","1514","15","68"
"60-69 years","Columbia","974","26","94"
"70-79 years","Columbia","522","42","105"
"80 & Older years","Columbia","300","63","94"
"<1 years","Columbia","33","0","1"
"Unknown years","Columbia","20","0","0"
"01-04 years","Cook","13","0","1"
"05-09 years","Cook","23","0","0"
"10-17 years","Cook","92","0","2"
"18-29 years","Cook","227","0","6"
"30-39 years","Cook","171","0","4"
"40-49 years","Cook","175","0","14"
"50-59 years","Cook","161","2","17"
"60-69 years","Cook","127","7","19"
"70-79 years","Cook","99","11","28"
"80 & Older years","Cook","54","16","15"
"<1 years","Cook","6","0","0"
"Unknown years","Cook","2","0","0"
"01-04 years","Coweta","103","0","0"
"05-09 years","Coweta","187","0","0"
"10-17 years","Coweta","621","0","4"
"18-29 years","Coweta","1567","1","15"
"30-39 years","Coweta","1217","2","25"
"40-49 years","Coweta","1304","9","37"
"50-59 years","Coweta","1503","23","58"
"60-69 years","Coweta","934","34","59"
"70-79 years","Coweta","575","48","69"
"80 & Older years","Coweta","319","63","40"
"<1 years","Coweta","27","0","1"
"Unknown years","Coweta","22","0","0"
"01-04 years","Crawford","2","0","0"
"05-09 years","Crawford","2","0","0"
"10-17 years","Crawford","28","0","1"
"18-29 years","Crawford","75","0","2"
"30-39 years","Crawford","69","0","6"
"40-49 years","Crawford","58","1","3"
"50-59 years","Crawford","115","3","14"
"60-69 years","Crawford","100","5","15"
"70-79 years","Crawford","43","5","15"
"80 & Older years","Crawford","24","1","10"
"01-04 years","Crisp","21","0","0"
"05-09 years","Crisp","30","0","0"
"10-17 years","Crisp","106","0","1"
"18-29 years","Crisp","224","0","9"
"30-39 years","Crisp","219","1","14"
"40-49 years","Crisp","202","3","19"
"50-59 years","Crisp","202","5","26"
"60-69 years","Crisp","201","14","38"
"70-79 years","Crisp","102","10","33"
"80 & Older years","Crisp","71","16","17"
"<1 years","Crisp","8","0","0"
"Unknown years","Crisp","14","0","0"
"01-04 years","Dade","14","0","0"
"05-09 years","Dade","37","0","0"
"10-17 years","Dade","97","0","0"
"18-29 years","Dade","212","0","1"
"30-39 years","Dade","146","0","2"
"40-49 years","Dade","181","0","7"
"50-59 years","Dade","163","2","9"
"60-69 years","Dade","125","1","8"
"70-79 years","Dade","88","5","18"
"80 & Older years","Dade","50","2","10"
"<1 years","Dade","7","0","0"
"Unknown years","Dade","39","0","2"
"01-04 years","Dawson","26","0","0"
"05-09 years","Dawson","48","0","0"
"10-17 years","Dawson","194","0","4"
"18-29 years","Dawson","523","0","14"
"30-39 years","Dawson","382","0","13"
"40-49 years","Dawson","358","0","23"
"50-59 years","Dawson","417","2","31"
"60-69 years","Dawson","334","5","68"
"70-79 years","Dawson","207","18","48"
"80 & Older years","Dawson","88","13","29"
"<1 years","Dawson","8","0","1"
"Unknown years","Dawson","38","0","2"
"01-04 years","DeKalb","803","0","22"
"05-09 years","DeKalb","1171","0","19"
"10-17 years","DeKalb","3245","0","55"
"18-29 years","DeKalb","12570","10","341"
"30-39 years","DeKalb","10840","18","493"
"40-49 years","DeKalb","8645","32","553"
"50-59 years","DeKalb","7840","100","784"
"60-69 years","DeKalb","4990","159","848"
"70-79 years","DeKalb","2519","228","674"
"80 & Older years","DeKalb","1554","314","489"
"<1 years","DeKalb","179","0","7"
"Unknown years","DeKalb","317","1","8"
"01-04 years","Decatur","52","0","1"
"05-09 years","Decatur","61","0","0"
"10-17 years","Decatur","203","0","0"
"18-29 years","Decatur","416","1","8"
"30-39 years","Decatur","322","1","8"
"40-49 years","Decatur","312","1","18"
"50-59 years","Decatur","264","5","27"
"60-69 years","Decatur","217","10","29"
"70-79 years","Decatur","139","19","25"
"80 & Older years","Decatur","99","17","23"
"<1 years","Decatur","9","0","0"
"Unknown years","Decatur","1","0","0"
"01-04 years","Dodge","7","0","0"
"05-09 years","Dodge","17","0","0"
"10-17 years","Dodge","86","1","1"
"18-29 years","Dodge","199","0","4"
"30-39 years","Dodge","147","0","4"
"40-49 years","Dodge","152","1","11"
"50-59 years","Dodge","177","5","18"
"60-69 years","Dodge","146","16","29"
"70-79 years","Dodge","82","16","21"
"80 & Older years","Dodge","55","16","16"
"<1 years","Dodge","3","0","0"
"Unknown years","Dodge","1","1","0"
"01-04 years","Dooly","12","0","0"
"05-09 years","Dooly","12","0","0"
"10-17 years","Dooly","50","0","1"
"18-29 years","Dooly","109","0","5"
"30-39 years","Dooly","99","0","9"
"40-49 years","Dooly","134","1","9"
"50-59 years","Dooly","144","5","19"
"60-69 years","Dooly","124","10","24"
"70-79 years","Dooly","66","9","16"
"80 & Older years","Dooly","22","6","6"
"<1 years","Dooly","3","0","0"
"Unknown years","Dooly","3","0","0"
"01-04 years","Dougherty","62","0","2"
"05-09 years","Dougherty","110","0","0"
"10-17 years","Dougherty","241","0","5"
"18-29 years","Dougherty","959","2","82"
"30-39 years","Dougherty","794","4","76"
"40-49 years","Dougherty","812","15","111"
"50-59 years","Dougherty","890","25","164"
"60-69 years","Dougherty","763","72","243"
"70-79 years","Dougherty","453","63","176"
"80 & Older years","Dougherty","259","89","122"
"<1 years","Dougherty","28","0","2"
"Unknown years","Dougherty","1","0","0"
"01-04 years","Douglas","166","0","5"
"05-09 years","Douglas","278","0","5"
"10-17 years","Douglas","890","0","6"
"18-29 years","Douglas","2243","0","47"
"30-39 years","Douglas","1821","3","65"
"40-49 years","Douglas","2106","6","111"
"50-59 years","Douglas","1884","20","157"
"60-69 years","Douglas","1080","36","166"
"70-79 years","Douglas","574","55","140"
"80 & Older years","Douglas","279","46","91"
"<1 years","Douglas","32","0","5"
"Unknown years","Douglas","15","0","1"
"01-04 years","Early","19","0","0"
"05-09 years","Early","18","0","0"
"10-17 years","Early","95","0","0"
"18-29 years","Early","152","0","4"
"30-39 years","Early","147","0","4"
"40-49 years","Early","168","1","9"
"50-59 years","Early","161","3","11"
"60-69 years","Early","119","11","13"
"70-79 years","Early","76","15","17"
"80 & Older years","Early","41","12","13"
"<1 years","Early","2","0","0"
"Unknown years","Early","1","0","0"
"01-04 years","Echols","8","0","0"
"05-09 years","Echols","5","0","0"
"10-17 years","Echols","26","0","1"
"18-29 years","Echols","129","0","1"
"30-39 years","Echols","60","0","2"
"40-49 years","Echols","41","0","1"
"50-59 years","Echols","43","0","2"
"60-69 years","Echols","22","0","0"
"70-79 years","Echols","17","2","3"
"80 & Older years","Echols","3","1","2"
"<1 years","Echols","1","0","0"
"01-04 years","Effingham","50","0","2"
"05-09 years","Effingham","113","0","1"
"10-17 years","Effingham","388","0","1"
"18-29 years","Effingham","656","0","5"
"30-39 years","Effingham","611","1","13"
"40-49 years","Effingham","570","1","29"
"50-59 years","Effingham","574","11","40"
"60-69 years","Effingham","373","8","57"
"70-79 years","Effingham","211","19","54"
"80 & Older years","Effingham","94","21","30"
"<1 years","Effingham","11","0","0"
"Unknown years","Effingham","3","0","0"
"01-04 years","Elbert","18","0","0"
"05-09 years","Elbert","29","0","0"
"10-17 years","Elbert","87","0","1"
"18-29 years","Elbert","261","0","1"
"30-39 years","Elbert","185","0","8"
"40-49 years","Elbert","214","1","9"
"50-59 years","Elbert","230","1","14"
"60-69 years","Elbert","184","6","22"
"70-79 years","Elbert","158","18","33"
"80 & Older years","Elbert","126","27","34"
"<1 years","Elbert","8","0","2"
"Unknown years","Elbert","9","0","0"
"01-04 years","Emanuel","25","0","1"
"05-09 years","Emanuel","23","0","0"
"10-17 years","Emanuel","166","0","2"
"18-29 years","Emanuel","307","1","0"
"30-39 years","Emanuel","229","0","8"
"40-49 years","Emanuel","281","1","7"
"50-59 years","Emanuel","255","6","27"
"60-69 years","Emanuel","222","9","30"
"70-79 years","Emanuel","129","15","26"
"80 & Older years","Emanuel","60","19","20"
"<1 years","Emanuel","5","0","0"
"Unknown years","Emanuel","10","0","1"
"01-04 years","Evans","13","0","0"
"05-09 years","Evans","20","0","0"
"10-17 years","Evans","85","0","0"
"18-29 years","Evans","147","1","3"
"30-39 years","Evans","126","0","3"
"40-49 years","Evans","108","0","9"
"50-59 years","Evans","110","3","16"
"60-69 years","Evans","67","4","15"
"70-79 years","Evans","48","6","15"
"80 & Older years","Evans","19","3","11"
"<1 years","Evans","2","0","0"
"Unknown years","Evans","1","0","0"
"01-04 years","Fannin","15","0","0"
"05-09 years","Fannin","29","0","0"
"10-17 years","Fannin","123","0","0"
"18-29 years","Fannin","289","0","5"
"30-39 years","Fannin","227","0","7"
"40-49 years","Fannin","257","1","10"
"50-59 years","Fannin","352","4","22"
"60-69 years","Fannin","345","7","36"
"70-79 years","Fannin","242","13","42"
"80 & Older years","Fannin","143","28","46"
"<1 years","Fannin","4","0","0"
"Unknown years","Fannin","9","0","0"
"01-04 years","Fayette","64","0","0"
"05-09 years","Fayette","130","0","2"
"10-17 years","Fayette","513","0","2"
"18-29 years","Fayette","1181","1","7"
"30-39 years","Fayette","760","1","8"
"40-49 years","Fayette","1045","1","24"
"50-59 years","Fayette","1123","9","42"
"60-69 years","Fayette","840","20","49"
"70-79 years","Fayette","420","50","66"
"80 & Older years","Fayette","279","58","39"
"<1 years","Fayette","13","0","0"
"Unknown years","Fayette","27","1","1"
"01-04 years","Floyd","123","0","4"
"05-09 years","Floyd","214","0","1"
"10-17 years","Floyd","912","0","11"
"18-29 years","Floyd","1988","0","28"
"30-39 years","Floyd","1453","3","51"
"40-49 years","Floyd","1430","5","82"
"50-59 years","Floyd","1388","21","147"
"60-69 years","Floyd","997","33","180"
"70-79 years","Floyd","680","47","188"
"80 & Older years","Floyd","381","63","143"
"<1 years","Floyd","47","0","2"
"Unknown years","Floyd","130","0","4"
"01-04 years","Forsyth","218","0","1"
"05-09 years","Forsyth","563","0","2"
"10-17 years","Forsyth","2028","0","6"
"18-29 years","Forsyth","3049","0","42"
"30-39 years","Forsyth","2266","1","59"
"40-49 years","Forsyth","2929","4","118"
"50-59 years","Forsyth","2710","10","159"
"60-69 years","Forsyth","1410","17","145"
"70-79 years","Forsyth","833","54","213"
"80 & Older years","Forsyth","497","75","157"
"<1 years","Forsyth","46","0","3"
"Unknown years","Forsyth","504","0","4"
"01-04 years","Franklin","16","0","1"
"05-09 years","Franklin","54","0","0"
"10-17 years","Franklin","177","0","5"
"18-29 years","Franklin","424","0","10"
"30-39 years","Franklin","289","0","3"
"40-49 years","Franklin","339","0","13"
"50-59 years","Franklin","344","0","22"
"60-69 years","Franklin","300","3","33"
"70-79 years","Franklin","177","18","34"
"80 & Older years","Franklin","84","19","25"
"<1 years","Franklin","8","0","1"
"Unknown years","Franklin","86","0","2"
"01-04 years","Fulton","963","0","22"
"05-09 years","Fulton","1592","0","12"
"10-17 years","Fulton","5144","1","43"
"18-29 years","Fulton","20368","5","330"
"30-39 years","Fulton","14899","22","481"
"40-49 years","Fulton","11916","38","561"
"50-59 years","Fulton","10661","104","811"
"60-69 years","Fulton","6327","214","789"
"70-79 years","Fulton","3390","306","723"
"80 & Older years","Fulton","2403","488","713"
"<1 years","Fulton","208","0","8"
"Unknown years","Fulton","153","0","2"
"01-04 years","Gilmer","29","0","2"
"05-09 years","Gilmer","39","0","0"
"10-17 years","Gilmer","185","0","2"
"18-29 years","Gilmer","355","0","9"
"30-39 years","Gilmer","313","0","14"
"40-49 years","Gilmer","350","0","16"
"50-59 years","Gilmer","375","9","26"
"60-69 years","Gilmer","366","8","41"
"70-79 years","Gilmer","248","19","48"
"80 & Older years","Gilmer","136","33","40"
"<1 years","Gilmer","11","0","0"
"Unknown years","Gilmer","14","0","0"
"01-04 years","Glascock","1","0","0"
"05-09 years","Glascock","3","0","0"
"10-17 years","Glascock","1","0","0"
"18-29 years","Glascock","22","0","1"
"30-39 years","Glascock","16","0","0"
"40-49 years","Glascock","21","0","1"
"50-59 years","Glascock","27","2","3"
"60-69 years","Glascock","15","0","2"
"70-79 years","Glascock","25","3","6"
"80 & Older years","Glascock","9","2","5"
"<1 years","Glascock","1","0","0"
"Unknown years","Glascock","1","0","0"
"01-04 years","Glynn","94","0","1"
"05-09 years","Glynn","176","0","1"
"10-17 years","Glynn","570","0","0"
"18-29 years","Glynn","1362","0","23"
"30-39 years","Glynn","1057","4","28"
"40-49 years","Glynn","900","4","35"
"50-59 years","Glynn","851","9","67"
"60-69 years","Glynn","705","29","111"
"70-79 years","Glynn","441","42","79"
"80 & Older years","Glynn","257","61","88"
"<1 years","Glynn","20","0","0"
"Unknown years","Glynn","10","0","0"
"01-04 years","Gordon","87","0","1"
"05-09 years","Gordon","127","0","0"
"10-17 years","Gordon","564","0","4"
"18-29 years","Gordon","1251","0","15"
"30-39 years","Gordon","960","2","20"
"40-49 years","Gordon","1028","4","35"
"50-59 years","Gordon","1006","13","53"
"60-69 years","Gordon","624","23","53"
"70-79 years","Gordon","360","23","78"
"80 & Older years","Gordon","185","31","53"
"<1 years","Gordon","26","0","3"
"Unknown years","Gordon","125","0","3"
"01-04 years","Grady","31","0","1"
"05-09 years","Grady","42","0","0"
"10-17 years","Grady","132","0","5"
"18-29 years","Grady","253","0","9"
"30-39 years","Grady","224","0","9"
"40-49 years","Grady","231","1","23"
"50-59 years","Grady","217","7","29"
"60-69 years","Grady","164","4","27"
"70-79 years","Grady","149","17","45"
"80 & Older years","Grady","53","16","20"
"<1 years","Grady","3","0","1"
"Unknown years","Grady","3","0","0"
"01-04 years","Greene","16","0","0"
"05-09 years","Greene","32","0","0"
"10-17 years","Greene","83","0","0"
"18-29 years","Greene","255","0","5"
"30-39 years","Greene","178","0","7"
"40-49 years","Greene","176","3","12"
"50-59 years","Greene","218","6","20"
"60-69 years","Greene","227","8","19"
"70-79 years","Greene","173","9","27"
"80 & Older years","Greene","105","26","41"
"<1 years","Greene","3","0","1"
"Unknown years","Greene","2","0","0"
"01-04 years","Gwinnett","1270","0","19"
"05-09 years","Gwinnett","2064","0","25"
"10-17 years","Gwinnett","6879","2","79"
"18-29 years","Gwinnett","18619","8","549"
"30-39 years","Gwinnett","14073","17","575"
"40-49 years","Gwinnett","14927","57","770"
"50-59 years","Gwinnett","12792","94","863"
"60-69 years","Gwinnett","7069","196","908"
"70-79 years","Gwinnett","3223","252","736"
"80 & Older years","Gwinnett","1787","360","638"
"<1 years","Gwinnett","380","0","19"
"Unknown years","Gwinnett","76","0","0"
"01-04 years","Habersham","32","0","3"
"05-09 years","Habersham","57","0","3"
"10-17 years","Habersham","307","1","7"
"18-29 years","Habersham","848","0","11"
"30-39 years","Habersham","632","2","28"
"40-49 years","Habersham","673","4","41"
"50-59 years","Habersham","691","5","54"
"60-69 years","Habersham","563","18","112"
"70-79 years","Habersham","381","47","108"
"80 & Older years","Habersham","277","66","88"
"<1 years","Habersham","9","0","3"
"Unknown years","Habersham","112","0","4"
"01-04 years","Hall","187","0","7"
"05-09 years","Hall","380","0","5"
"10-17 years","Hall","1753","0","30"
"18-29 years","Hall","5174","3","159"
"30-39 years","Hall","3496","1","188"
"40-49 years","Hall","3650","9","262"
"50-59 years","Hall","3833","31","375"
"60-69 years","Hall","2582","77","404"
"70-79 years","Hall","1662","114","465"
"80 & Older years","Hall","925","173","376"
"<1 years","Hall","36","0","8"
"Unknown years","Hall","681","0","11"
"01-04 years","Hancock","7","0","0"
"05-09 years","Hancock","8","0","0"
"10-17 years","Hancock","35","0","0"
"18-29 years","Hancock","133","0","3"
"30-39 years","Hancock","109","0","2"
"40-49 years","Hancock","107","1","4"
"50-59 years","Hancock","144","4","17"
"60-69 years","Hancock","142","16","29"
"70-79 years","Hancock","70","16","22"
"80 & Older years","Hancock","62","22","24"
"<1 years","Hancock","4","0","0"
"01-04 years","Haralson","24","0","0"
"05-09 years","Haralson","36","0","0"
"10-17 years","Haralson","149","0","2"
"18-29 years","Haralson","347","0","3"
"30-39 years","Haralson","219","0","4"
"40-49 years","Haralson","242","2","6"
"50-59 years","Haralson","264","1","6"
"60-69 years","Haralson","192","12","22"
"70-79 years","Haralson","130","12","17"
"80 & Older years","Haralson","55","7","10"
"<1 years","Haralson","6","0","0"
"Unknown years","Haralson","5","0","0"
"01-04 years","Harris","30","0","0"
"05-09 years","Harris","32","0","0"
"10-17 years","Harris","185","0","2"
"18-29 years","Harris","332","0","6"
"30-39 years","Harris","239","0","7"
"40-49 years","Harris","351","3","10"
"50-59 years","Harris","364","7","24"
"60-69 years","Harris","311","14","50"
"70-79 years","Harris","179","19","43"
"80 & Older years","Harris","59","10","11"
"<1 years","Harris","5","0","0"
"Unknown years","Harris","7","0","0"
"01-04 years","Hart","17","0","0"
"05-09 years","Hart","24","0","1"
"10-17 years","Hart","93","0","0"
"18-29 years","Hart","296","0","2"
"30-39 years","Hart","250","0","6"
"40-49 years","Hart","230","0","8"
"50-59 years","Hart","275","3","19"
"60-69 years","Hart","222","12","30"
"70-79 years","Hart","145","7","20"
"80 & Older years","Hart","85","13","26"
"<1 years","Hart","4","0","1"
"Unknown years","Hart","40","0","0"
"01-04 years","Heard","8","0","0"
"05-09 years","Heard","12","0","0"
"10-17 years","Heard","59","0","1"
"18-29 years","Heard","103","0","1"
"30-39 years","Heard","66","0","1"
"40-49 years","Heard","111","0","8"
"50-59 years","Heard","99","0","5"
"60-69 years","Heard","75","4","7"
"70-79 years","Heard","52","6","14"
"80 & Older years","Heard","21","5","2"
"<1 years","Heard","4","0","0"
"Unknown years","Heard","1","0","0"
"01-04 years","Henry","230","0","6"
"05-09 years","Henry","352","0","2"
"10-17 years","Henry","1325","0","14"
"18-29 years","Henry","3624","1","28"
"30-39 years","Henry","2981","6","47"
"40-49 years","Henry","3264","13","91"
"50-59 years","Henry","3193","19","123"
"60-69 years","Henry","1785","64","97"
"70-79 years","Henry","884","79","80"
"80 & Older years","Henry","451","87","56"
"<1 years","Henry","42","0","2"
"Unknown years","Henry","41","1","2"
"01-04 years","Houston","103","0","2"
"05-09 years","Houston","162","0","1"
"10-17 years","Houston","704","0","4"
"18-29 years","Houston","2057","3","37"
"30-39 years","Houston","1782","3","58"
"40-49 years","Houston","1667","7","90"
"50-59 years","Houston","1453","13","103"
"60-69 years","Houston","947","43","152"
"70-79 years","Houston","525","59","150"
"80 & Older years","Houston","291","55","92"
"<1 years","Houston","23","0","2"
"Unknown years","Houston","2","0","0"
"01-04 years","Irwin","6","0","0"
"05-09 years","Irwin","10","0","0"
"10-17 years","Irwin","51","0","0"
"18-29 years","Irwin","116","0","4"
"30-39 years","Irwin","95","0","4"
"40-49 years","Irwin","118","1","10"
"50-59 years","Irwin","105","3","12"
"60-69 years","Irwin","85","1","21"
"70-79 years","Irwin","50","6","8"
"80 & Older years","Irwin","36","7","21"
"01-04 years","Jackson","59","0","0"
"05-09 years","Jackson","153","0","3"
"10-17 years","Jackson","765","0","6"
"18-29 years","Jackson","1439","2","17"
"30-39 years","Jackson","1295","1","25"
"40-49 years","Jackson","1395","6","55"
"50-59 years","Jackson","1316","6","74"
"60-69 years","Jackson","882","26","83"
"70-79 years","Jackson","604","35","110"
"80 & Older years","Jackson","311","55","107"
"<1 years","Jackson","22","0","2"
"Unknown years","Jackson","33","0","1"
"01-04 years","Jasper","6","0","1"
"05-09 years","Jasper","8","0","0"
"10-17 years","Jasper","35","0","1"
"18-29 years","Jasper","124","0","4"
"30-39 years","Jasper","96","0","2"
"40-49 years","Jasper","97","1","3"
"50-59 years","Jasper","127","1","15"
"60-69 years","Jasper","92","8","16"
"70-79 years","Jasper","54","6","11"
"80 & Older years","Jasper","19","2","6"
"<1 years","Jasper","3","0","1"
"01-04 years","Jeff Davis","28","0","1"
"05-09 years","Jeff Davis","34","0","0"
"10-17 years","Jeff Davis","116","0","2"
"18-29 years","Jeff Davis","246","0","4"
"30-39 years","Jeff Davis","212","0","9"
"40-49 years","Jeff Davis","208","0","11"
"50-59 years","Jeff Davis","190","8","20"
"60-69 years","Jeff Davis","127","8","23"
"70-79 years","Jeff Davis","82","13","19"
"80 & Older years","Jeff Davis","18","8","7"
"<1 years","Jeff Davis","3","0","1"
"Unknown years","Jeff Davis","1","0","0"
"01-04 years","Jefferson","18","0","0"
"05-09 years","Jefferson","32","0","0"
"10-17 years","Jefferson","105","0","1"
"18-29 years","Jefferson","239","0","3"
"30-39 years","Jefferson","196","0","9"
"40-49 years","Jefferson","208","3","13"
"50-59 years","Jefferson","266","5","23"
"60-69 years","Jefferson","250","12","33"
"70-79 years","Jefferson","156","18","40"
"80 & Older years","Jefferson","69","19","28"
"<1 years","Jefferson","4","0","0"
"Unknown years","Jefferson","9","0","0"
"01-04 years","Jenkins","17","0","0"
"05-09 years","Jenkins","20","0","0"
"10-17 years","Jenkins","59","0","0"
"18-29 years","Jenkins","109","0","2"
"30-39 years","Jenkins","86","2","6"
"40-49 years","Jenkins","108","3","10"
"50-59 years","Jenkins","119","6","19"
"60-69 years","Jenkins","85","5","11"
"70-79 years","Jenkins","57","13","21"
"80 & Older years","Jenkins","50","10","11"
"<1 years","Jenkins","2","0","0"
"Unknown years","Jenkins","3","0","1"
"01-04 years","Johnson","6","0","0"
"05-09 years","Johnson","7","0","0"
"10-17 years","Johnson","27","0","0"
"18-29 years","Johnson","121","0","3"
"30-39 years","Johnson","107","0","3"
"40-49 years","Johnson","96","1","6"
"50-59 years","Johnson","131","5","18"
"60-69 years","Johnson","126","8","20"
"70-79 years","Johnson","89","8","24"
"80 & Older years","Johnson","66","19","20"
"<1 years","Johnson","2","0","2"
"Unknown years","Johnson","1","0","0"
"01-04 years","Jones","6","0","0"
"05-09 years","Jones","23","0","0"
"10-17 years","Jones","86","0","0"
"18-29 years","Jones","327","0","7"
"30-39 years","Jones","242","1","8"
"40-49 years","Jones","231","2","12"
"50-59 years","Jones","255","3","24"
"60-69 years","Jones","178","6","32"
"70-79 years","Jones","119","19","42"
"80 & Older years","Jones","75","21","23"
"<1 years","Jones","3","0","0"
"Unknown years","Jones","2","0","1"
"01-04 years","Lamar","26","0","0"
"05-09 years","Lamar","44","0","0"
"10-17 years","Lamar","108","0","2"
"18-29 years","Lamar","199","0","4"
"30-39 years","Lamar","180","0","9"
"40-49 years","Lamar","176","1","5"
"50-59 years","Lamar","188","3","26"
"60-69 years","Lamar","167","9","22"
"70-79 years","Lamar","124","11","22"
"80 & Older years","Lamar","62","19","18"
"<1 years","Lamar","12","0","1"
"Unknown years","Lamar","2","0","0"
"01-04 years","Lanier","7","0","0"
"05-09 years","Lanier","10","0","1"
"10-17 years","Lanier","35","0","1"
"18-29 years","Lanier","99","1","1"
"30-39 years","Lanier","121","0","2"
"40-49 years","Lanier","73","1","2"
"50-59 years","Lanier","62","1","6"
"60-69 years","Lanier","38","2","2"
"70-79 years","Lanier","23","4","6"
"80 & Older years","Lanier","14","0","6"
"<1 years","Lanier","4","0","0"
"01-04 years","Laurens","27","0","0"
"05-09 years","Laurens","46","0","1"
"10-17 years","Laurens","239","0","4"
"18-29 years","Laurens","643","0","10"
"30-39 years","Laurens","540","1","17"
"40-49 years","Laurens","557","4","28"
"50-59 years","Laurens","574","9","62"
"60-69 years","Laurens","472","30","81"
"70-79 years","Laurens","314","48","79"
"80 & Older years","Laurens","215","49","59"
"<1 years","Laurens","5","0","1"
"Unknown years","Laurens","2","0","0"
"01-04 years","Lee","11","0","0"
"05-09 years","Lee","26","0","3"
"10-17 years","Lee","111","0","2"
"18-29 years","Lee","261","1","8"
"30-39 years","Lee","284","1","16"
"40-49 years","Lee","287","4","29"
"50-59 years","Lee","258","8","40"
"60-69 years","Lee","186","12","33"
"70-79 years","Lee","86","14","28"
"80 & Older years","Lee","49","9","20"
"<1 years","Lee","8","0","0"
"01-04 years","Liberty","53","0","1"
"05-09 years","Liberty","69","0","1"
"10-17 years","Liberty","238","0","2"
"18-29 years","Liberty","870","1","13"
"30-39 years","Liberty","504","0","17"
"40-49 years","Liberty","435","1","16"
"50-59 years","Liberty","418","10","38"
"60-69 years","Liberty","289","17","50"
"70-79 years","Liberty","132","16","48"
"80 & Older years","Liberty","58","14","24"
"<1 years","Liberty","30","0","1"
"Unknown years","Liberty","4","0","0"
"01-04 years","Lincoln","9","0","0"
"05-09 years","Lincoln","13","0","0"
"10-17 years","Lincoln","27","0","0"
"18-29 years","Lincoln","91","0","3"
"30-39 years","Lincoln","66","0","1"
"40-49 years","Lincoln","77","1","6"
"50-59 years","Lincoln","64","3","5"
"60-69 years","Lincoln","72","4","14"
"70-79 years","Lincoln","50","9","12"
"80 & Older years","Lincoln","21","7","9"
"<1 years","Lincoln","2","0","0"
"Unknown years","Lincoln","5","0","0"
"01-04 years","Long","15","0","0"
"05-09 years","Long","13","0","0"
"10-17 years","Long","57","0","0"
"18-29 years","Long","122","0","0"
"30-39 years","Long","135","0","2"
"40-49 years","Long","96","0","6"
"50-59 years","Long","76","1","9"
"60-69 years","Long","58","1","8"
"70-79 years","Long","37","6","14"
"80 & Older years","Long","16","2","7"
"<1 years","Long","6","0","0"
"Unknown years","Long","2","0","0"
"01-04 years","Lowndes","137","0","0"
"05-09 years","Lowndes","184","0","0"
"10-17 years","Lowndes","616","0","6"
"18-29 years","Lowndes","2266","4","28"
"30-39 years","Lowndes","1238","1","18"
"40-49 years","Lowndes","1023","3","44"
"50-59 years","Lowndes","888","7","56"
"60-69 years","Lowndes","616","27","81"
"70-79 years","Lowndes","329","38","65"
"80 & Older years","Lowndes","202","51","59"
"<1 years","Lowndes","32","0","0"
"Unknown years","Lowndes","15","0","0"
"01-04 years","Lumpkin","16","0","0"
"05-09 years","Lumpkin","30","0","2"
"10-17 years","Lumpkin","129","0","2"
"18-29 years","Lumpkin","697","0","12"
"30-39 years","Lumpkin","328","0","9"
"40-49 years","Lumpkin","321","1","17"
"50-59 years","Lumpkin","375","5","43"
"60-69 years","Lumpkin","362","11","53"
"70-79 years","Lumpkin","263","13","64"
"80 & Older years","Lumpkin","133","31","66"
"<1 years","Lumpkin","7","0","1"
"Unknown years","Lumpkin","46","0","3"
"01-04 years","Macon","9","0","0"
"05-09 years","Macon","12","0","0"
"10-17 years","Macon","23","0","0"
"18-29 years","Macon","104","0","3"
"30-39 years","Macon","72","0","4"
"40-49 years","Macon","103","1","7"
"50-59 years","Macon","119","4","14"
"60-69 years","Macon","76","6","23"
"70-79 years","Macon","53","6","21"
"80 & Older years","Macon","18","6","6"
"<1 years","Macon","3","0","0"
"Unknown years","Macon","4","0","1"
"01-04 years","Madison","40","0","1"
"05-09 years","Madison","52","0","0"
"10-17 years","Madison","228","0","0"
"18-29 years","Madison","471","0","2"
"30-39 years","Madison","409","0","5"
"40-49 years","Madison","406","0","17"
"50-59 years","Madison","430","5","26"
"60-69 years","Madison","327","9","37"
"70-79 years","Madison","197","18","44"
"80 & Older years","Madison","77","12","11"
"<1 years","Madison","19","0","4"
"Unknown years","Madison","14","0","0"
"01-04 years","Marion","9","0","0"
"05-09 years","Marion","8","0","1"
"10-17 years","Marion","38","0","0"
"18-29 years","Marion","63","0","2"
"30-39 years","Marion","42","0","2"
"40-49 years","Marion","57","1","6"
"50-59 years","Marion","63","6","6"
"60-69 years","Marion","43","3","4"
"70-79 years","Marion","28","2","5"
"80 & Older years","Marion","28","5","9"
"<1 years","Marion","3","0","0"
"Unknown years","Marion","2","0","0"
"01-04 years","McDuffie","26","0","0"
"05-09 years","McDuffie","30","0","0"
"10-17 years","McDuffie","115","0","0"
"18-29 years","McDuffie","314","0","6"
"30-39 years","McDuffie","245","2","4"
"40-49 years","McDuffie","244","2","12"
"50-59 years","McDuffie","249","4","27"
"60-69 years","McDuffie","199","9","28"
"70-79 years","McDuffie","114","8","44"
"80 & Older years","McDuffie","50","13","28"
"<1 years","McDuffie","2","0","0"
"Unknown years","McDuffie","26","0","1"
"01-04 years","McIntosh","4","0","0"
"05-09 years","McIntosh","13","0","0"
"10-17 years","McIntosh","40","0","0"
"18-29 years","McIntosh","109","0","3"
"30-39 years","McIntosh","81","0","3"
"40-49 years","McIntosh","97","0","4"
"50-59 years","McIntosh","130","0","4"
"60-69 years","McIntosh","102","2","17"
"70-79 years","McIntosh","62","4","14"
"80 & Older years","McIntosh","26","8","8"
"<1 years","McIntosh","1","0","0"
"Unknown years","McIntosh","1","0","0"
"01-04 years","Meriwether","25","0","2"
"05-09 years","Meriwether","26","0","1"
"10-17 years","Meriwether","79","0","1"
"18-29 years","Meriwether","209","0","7"
"30-39 years","Meriwether","175","2","13"
"40-49 years","Meriwether","221","2","15"
"50-59 years","Meriwether","233","5","18"
"60-69 years","Meriwether","210","9","23"
"70-79 years","Meriwether","183","21","31"
"80 & Older years","Meriwether","100","26","17"
"<1 years","Meriwether","4","0","0"
"Unknown years","Meriwether","1","0","0"
"01-04 years","Miller","9","0","0"
"05-09 years","Miller","8","0","0"
"10-17 years","Miller","75","0","1"
"18-29 years","Miller","108","0","1"
"30-39 years","Miller","97","0","0"
"40-49 years","Miller","80","0","6"
"50-59 years","Miller","127","2","11"
"60-69 years","Miller","90","2","6"
"70-79 years","Miller","30","2","3"
"80 & Older years","Miller","24","2","6"
"<1 years","Miller","3","0","0"
"01-04 years","Mitchell","20","0","0"
"05-09 years","Mitchell","27","0","0"
"10-17 years","Mitchell","89","0","2"
"18-29 years","Mitchell","249","0","10"
"30-39 years","Mitchell","217","1","15"
"40-49 years","Mitchell","209","3","17"
"50-59 years","Mitchell","245","12","54"
"60-69 years","Mitchell","207","15","50"
"70-79 years","Mitchell","128","17","46"
"80 & Older years","Mitchell","95","25","32"
"<1 years","Mitchell","8","0","0"
"Unknown years","Mitchell","2","0","1"
"01-04 years","Monroe","13","0","1"
"05-09 years","Monroe","24","0","1"
"10-17 years","Monroe","88","0","0"
"18-29 years","Monroe","299","1","6"
"30-39 years","Monroe","246","0","6"
"40-49 years","Monroe","267","4","19"
"50-59 years","Monroe","311","3","24"
"60-69 years","Monroe","288","19","50"
"70-79 years","Monroe","165","21","43"
"80 & Older years","Monroe","120","37","32"
"<1 years","Monroe","4","0","1"
"01-04 years","Montgomery","9","0","0"
"05-09 years","Montgomery","6","0","0"
"10-17 years","Montgomery","52","0","1"
"18-29 years","Montgomery","153","0","1"
"30-39 years","Montgomery","95","1","3"
"40-49 years","Montgomery","121","0","2"
"50-59 years","Montgomery","99","2","6"
"60-69 years","Montgomery","93","5","12"
"70-79 years","Montgomery","52","6","9"
"80 & Older years","Montgomery","24","5","6"
"<1 years","Montgomery","1","0","0"
"Unknown years","Montgomery","1","0","0"
"01-04 years","Morgan","17","0","0"
"05-09 years","Morgan","24","0","1"
"10-17 years","Morgan","91","0","2"
"18-29 years","Morgan","208","0","4"
"30-39 years","Morgan","163","0","6"
"40-49 years","Morgan","164","1","5"
"50-59 years","Morgan","183","2","14"
"60-69 years","Morgan","135","4","12"
"70-79 years","Morgan","104","4","16"
"80 & Older years","Morgan","56","10","20"
"<1 years","Morgan","13","0","1"
"Unknown years","Morgan","2","0","0"
"01-04 years","Murray","70","0","2"
"05-09 years","Murray","98","0","2"
"10-17 years","Murray","382","0","2"
"18-29 years","Murray","798","0","8"
"30-39 years","Murray","561","1","7"
"40-49 years","Murray","688","0","22"
"50-59 years","Murray","608","7","43"
"60-69 years","Murray","408","12","62"
"70-79 years","Murray","253","32","56"
"80 & Older years","Murray","100","22","25"
"<1 years","Murray","23","0","2"
"Unknown years","Murray","3","0","0"
"01-04 years","Muscogee","218","0","6"
"05-09 years","Muscogee","324","0","0"
"10-17 years","Muscogee","920","0","7"
"18-29 years","Muscogee","3155","3","63"
"30-39 years","Muscogee","2151","2","78"
"40-49 years","Muscogee","1892","7","98"
"50-59 years","Muscogee","1914","41","193"
"60-69 years","Muscogee","1510","78","259"
"70-79 years","Muscogee","842","96","192"
"80 & Older years","Muscogee","518","140","171"
"<1 years","Muscogee","71","0","3"
"Unknown years","Muscogee","60","1","1"
"01-04 years","Newton","76","0","1"
"05-09 years","Newton","133","0","1"
"10-17 years","Newton","435","0","10"
"18-29 years","Newton","1346","1","44"
"30-39 years","Newton","1129","0","57"
"40-49 years","Newton","1302","8","94"
"50-59 years","Newton","1230","19","124"
"60-69 years","Newton","691","35","100"
"70-79 years","Newton","487","56","97"
"80 & Older years","Newton","291","84","77"
"<1 years","Newton","26","0","5"
"Unknown years","Newton","5","0","0"
"01-04 years","Non-GA Resident/Unknown State","245","0","3"
"05-09 years","Non-GA Resident/Unknown State","404","0","5"
"10-17 years","Non-GA Resident/Unknown State","1315","0","7"
"18-29 years","Non-GA Resident/Unknown State","5597","5","62"
"30-39 years","Non-GA Resident/Unknown State","3930","4","90"
"40-49 years","Non-GA Resident/Unknown State","3343","14","100"
"50-59 years","Non-GA Resident/Unknown State","3307","44","196"
"60-69 years","Non-GA Resident/Unknown State","2318","107","268"
"70-79 years","Non-GA Resident/Unknown State","1514","126","285"
"80 & Older years","Non-GA Resident/Unknown State","855","138","196"
"<1 years","Non-GA Resident/Unknown State","139","0","2"
"Unknown years","Non-GA Resident/Unknown State","953","1","4"
"01-04 years","Oconee","35","0","0"
"05-09 years","Oconee","65","0","0"
"10-17 years","Oconee","319","0","0"
"18-29 years","Oconee","557","0","5"
"30-39 years","Oconee","359","0","4"
"40-49 years","Oconee","547","1","11"
"50-59 years","Oconee","453","4","11"
"60-69 years","Oconee","304","9","31"
"70-79 years","Oconee","172","17","24"
"80 & Older years","Oconee","130","28","38"
"<1 years","Oconee","10","0","0"
"Unknown years","Oconee","3","1","0"
"01-04 years","Oglethorpe","18","0","0"
"05-09 years","Oglethorpe","28","0","0"
"10-17 years","Oglethorpe","93","0","1"
"18-29 years","Oglethorpe","202","0","1"
"30-39 years","Oglethorpe","143","1","1"
"40-49 years","Oglethorpe","171","1","5"
"50-59 years","Oglethorpe","178","1","18"
"60-69 years","Oglethorpe","143","1","14"
"70-79 years","Oglethorpe","105","9","14"
"80 & Older years","Oglethorpe","67","14","16"
"<1 years","Oglethorpe","9","0","0"
"Unknown years","Oglethorpe","5","0","0"
"01-04 years","Paulding","138","0","2"
"05-09 years","Paulding","264","0","0"
"10-17 years","Paulding","1021","0","7"
"18-29 years","Paulding","1955","1","22"
"30-39 years","Paulding","1642","2","28"
"40-49 years","Paulding","1801","5","39"
"50-59 years","Paulding","1696","13","70"
"60-69 years","Paulding","895","34","68"
"70-79 years","Paulding","499","38","69"
"80 & Older years","Paulding","308","64","57"
"<1 years","Paulding","31","0","0"
"Unknown years","Paulding","46","1","0"
"01-04 years","Peach","15","0","2"
"05-09 years","Peach","19","0","0"
"10-17 years","Peach","73","0","1"
"18-29 years","Peach","398","1","9"
"30-39 years","Peach","297","0","15"
"40-49 years","Peach","239","3","19"
"50-59 years","Peach","302","8","41"
"60-69 years","Peach","253","8","52"
"70-79 years","Peach","127","11","38"
"80 & Older years","Peach","66","15","28"
"<1 years","Peach","4","0","0"
"Unknown years","Peach","2","0","0"
"01-04 years","Pickens","21","0","2"
"05-09 years","Pickens","38","0","1"
"10-17 years","Pickens","146","0","0"
"18-29 years","Pickens","378","0","6"
"30-39 years","Pickens","319","0","12"
"40-49 years","Pickens","383","0","17"
"50-59 years","Pickens","427","4","24"
"60-69 years","Pickens","329","8","37"
"70-79 years","Pickens","268","21","61"
"80 & Older years","Pickens","119","25","36"
"<1 years","Pickens","3","0","1"
"Unknown years","Pickens","4","0","0"
"01-04 years","Pierce","12","0","0"
"05-09 years","Pierce","22","0","0"
"10-17 years","Pierce","86","1","1"
"18-29 years","Pierce","228","0","5"
"30-39 years","Pierce","149","0","3"
"40-49 years","Pierce","202","0","12"
"50-59 years","Pierce","189","4","19"
"60-69 years","Pierce","148","11","39"
"70-79 years","Pierce","111","12","30"
"80 & Older years","Pierce","55","15","17"
"<1 years","Pierce","7","0","1"
"Unknown years","Pierce","1","0","0"
"01-04 years","Pike","26","0","0"
"05-09 years","Pike","24","0","0"
"10-17 years","Pike","116","0","1"
"18-29 years","Pike","153","0","5"
"30-39 years","Pike","137","0","2"
"40-49 years","Pike","194","3","9"
"50-59 years","Pike","148","4","7"
"60-69 years","Pike","99","2","17"
"70-79 years","Pike","81","8","18"
"80 & Older years","Pike","31","7","8"
"<1 years","Pike","1","0","0"
"Unknown years","Pike","4","0","0"
"01-04 years","Polk","40","0","1"
"05-09 years","Polk","73","0","2"
"10-17 years","Polk","317","0","3"
"18-29 years","Polk","793","0","13"
"30-39 years","Polk","551","0","13"
"40-49 years","Polk","582","2","38"
"50-59 years","Polk","607","11","80"
"60-69 years","Polk","392","14","73"
"70-79 years","Polk","308","24","85"
"80 & Older years","Polk","139","26","57"
"<1 years","Polk","20","0","0"
"Unknown years","Polk","32","0","0"
"01-04 years","Pulaski","5","0","0"
"05-09 years","Pulaski","9","0","0"
"10-17 years","Pulaski","37","0","1"
"18-29 years","Pulaski","81","0","1"
"30-39 years","Pulaski","90","0","2"
"40-49 years","Pulaski","90","0","8"
"50-59 years","Pulaski","104","0","6"
"60-69 years","Pulaski","93","8","13"
"70-79 years","Pulaski","49","12","17"
"80 & Older years","Pulaski","40","11","6"
"<1 years","Pulaski","3","0","0"
"01-04 years","Putnam","23","0","0"
"05-09 years","Putnam","42","0","1"
"10-17 years","Putnam","119","0","2"
"18-29 years","Putnam","276","0","2"
"30-39 years","Putnam","224","0","6"
"40-49 years","Putnam","215","1","8"
"50-59 years","Putnam","292","3","19"
"60-69 years","Putnam","256","12","30"
"70-79 years","Putnam","196","18","53"
"80 & Older years","Putnam","85","18","33"
"<1 years","Putnam","7","0","1"
"01-04 years","Quitman","1","0","0"
"05-09 years","Quitman","4","0","0"
"10-17 years","Quitman","5","0","0"
"18-29 years","Quitman","12","0","1"
"30-39 years","Quitman","4","0","1"
"40-49 years","Quitman","3","0","1"
"50-59 years","Quitman","16","0","1"
"60-69 years","Quitman","23","1","4"
"70-79 years","Quitman","4","0","1"
"80 & Older years","Quitman","6","1","1"
"<1 years","Quitman","2","0","0"
"01-04 years","Rabun","13","0","0"
"05-09 years","Rabun","21","0","0"
"10-17 years","Rabun","97","0","0"
"18-29 years","Rabun","206","0","5"
"30-39 years","Rabun","182","1","10"
"40-49 years","Rabun","190","0","7"
"50-59 years","Rabun","219","3","24"
"60-69 years","Rabun","223","7","31"
"70-79 years","Rabun","173","12","37"
"80 & Older years","Rabun","79","15","31"
"<1 years","Rabun","5","0","1"
"Unknown years","Rabun","57","0","1"
"01-04 years","Randolph","2","0","0"
"05-09 years","Randolph","5","0","0"
"10-17 years","Randolph","14","0","1"
"18-29 years","Randolph","59","0","2"
"30-39 years","Randolph","70","2","6"
"40-49 years","Randolph","56","0","4"
"50-59 years","Randolph","91","3","20"
"60-69 years","Randolph","69","8","16"
"70-79 years","Randolph","48","4","15"
"80 & Older years","Randolph","46","15","16"
"<1 years","Randolph","1","0","0"
"Unknown years","Randolph","2","0","0"
"01-04 years","Richmond","284","0","1"
"05-09 years","Richmond","545","0","4"
"10-17 years","Richmond","1516","0","13"
"18-29 years","Richmond","4405","8","61"
"30-39 years","Richmond","3281","6","76"
"40-49 years","Richmond","2647","17","106"
"50-59 years","Richmond","2661","39","203"
"60-69 years","Richmond","1962","72","250"
"70-79 years","Richmond","1069","98","281"
"80 & Older years","Richmond","650","144","270"
"<1 years","Richmond","85","0","2"
"Unknown years","Richmond","34","0","2"
"01-04 years","Rockdale","55","0","4"
"05-09 years","Rockdale","100","0","0"
"10-17 years","Rockdale","334","0","12"
"18-29 years","Rockdale","1131","2","71"
"30-39 years","Rockdale","898","2","89"
"40-49 years","Rockdale","1025","6","110"
"50-59 years","Rockdale","994","12","162"
"60-69 years","Rockdale","625","25","144"
"70-79 years","Rockdale","370","49","144"
"80 & Older years","Rockdale","199","47","91"
"<1 years","Rockdale","12","0","2"
"Unknown years","Rockdale","3","0","0"
"01-04 years","Schley","5","0","0"
"05-09 years","Schley","4","0","0"
"10-17 years","Schley","21","0","0"
"18-29 years","Schley","46","0","2"
"30-39 years","Schley","21","0","0"
"40-49 years","Schley","30","0","3"
"50-59 years","Schley","31","1","3"
"60-69 years","Schley","26","1","8"
"70-79 years","Schley","12","0","2"
"80 & Older years","Schley","7","2","2"
"<1 years","Schley","1","0","0"
"01-04 years","Screven","8","0","0"
"05-09 years","Screven","15","0","0"
"10-17 years","Screven","61","0","0"
"18-29 years","Screven","135","0","3"
"30-39 years","Screven","121","0","2"
"40-49 years","Screven","95","1","4"
"50-59 years","Screven","112","2","14"
"60-69 years","Screven","136","2","14"
"70-79 years","Screven","73","7","17"
"80 & Older years","Screven","37","8","10"
"<1 years","Screven","4","0","0"
"Unknown years","Screven","1","0","0"
"01-04 years","Seminole","13","0","0"
"05-09 years","Seminole","15","0","0"
"10-17 years","Seminole","73","0","0"
"18-29 years","Seminole","109","0","0"
"30-39 years","Seminole","86","0","0"
"40-49 years","Seminole","90","0","5"
"50-59 years","Seminole","110","1","6"
"60-69 years","Seminole","127","3","25"
"70-79 years","Seminole","69","6","16"
"80 & Older years","Seminole","29","7","12"
"<1 years","Seminole","4","0","0"
"01-04 years","Spalding","65","0","3"
"05-09 years","Spalding","60","0","1"
"10-17 years","Spalding","193","0","4"
"18-29 years","Spalding","671","1","29"
"30-39 years","Spalding","576","4","29"
"40-49 years","Spalding","580","4","44"
"50-59 years","Spalding","617","15","70"
"60-69 years","Spalding","480","33","85"
"70-79 years","Spalding","345","40","75"
"80 & Older years","Spalding","215","49","66"
"<1 years","Spalding","12","0","0"
"Unknown years","Spalding","23","0","0"
"01-04 years","Stephens","18","0","0"
"05-09 years","Stephens","43","0","1"
"10-17 years","Stephens","182","0","3"
"18-29 years","Stephens","528","1","13"
"30-39 years","Stephens","338","0","8"
"40-49 years","Stephens","434","1","22"
"50-59 years","Stephens","455","4","37"
"60-69 years","Stephens","438","19","61"
"70-79 years","Stephens","299","22","65"
"80 & Older years","Stephens","157","28","41"
"<1 years","Stephens","4","0","0"
"Unknown years","Stephens","29","0","0"
"01-04 years","Stewart","5","0","0"
"05-09 years","Stewart","2","0","0"
"10-17 years","Stewart","14","0","0"
"18-29 years","Stewart","170","0","22"
"30-39 years","Stewart","218","1","25"
"40-49 years","Stewart","155","1","23"
"50-59 years","Stewart","83","2","12"
"60-69 years","Stewart","68","11","25"
"70-79 years","Stewart","25","3","5"
"80 & Older years","Stewart","21","4","6"
"<1 years","Stewart","1","0","0"
"Unknown years","Stewart","14","0","4"
"01-04 years","Sumter","24","0","0"
"05-09 years","Sumter","31","0","0"
"10-17 years","Sumter","75","0","2"
"18-29 years","Sumter","321","1","11"
"30-39 years","Sumter","263","1","21"
"40-49 years","Sumter","255","5","21"
"50-59 years","Sumter","275","3","43"
"60-69 years","Sumter","255","25","68"
"70-79 years","Sumter","165","26","46"
"80 & Older years","Sumter","105","28","47"
"<1 years","Sumter","10","0","0"
"Unknown years","Sumter","2","0","0"
"01-04 years","Talbot","8","0","0"
"05-09 years","Talbot","5","0","0"
"10-17 years","Talbot","30","0","0"
"18-29 years","Talbot","54","0","1"
"30-39 years","Talbot","35","0","1"
"40-49 years","Talbot","59","1","4"
"50-59 years","Talbot","63","5","6"
"60-69 years","Talbot","60","3","13"
"70-79 years","Talbot","38","6","7"
"80 & Older years","Talbot","20","2","8"
"Unknown years","Talbot","2","0","0"
"01-04 years","Taliaferro","1","0","0"
"05-09 years","Taliaferro","2","0","0"
"10-17 years","Taliaferro","7","0","0"
"18-29 years","Taliaferro","13","0","0"
"30-39 years","Taliaferro","15","0","0"
"40-49 years","Taliaferro","19","0","1"
"50-59 years","Taliaferro","9","0","0"
"60-69 years","Taliaferro","20","1","2"
"70-79 years","Taliaferro","10","1","3"
"80 & Older years","Taliaferro","4","1","2"
"01-04 years","Tattnall","31","0","0"
"05-09 years","Tattnall","46","0","0"
"10-17 years","Tattnall","159","0","0"
"18-29 years","Tattnall","314","0","1"
"30-39 years","Tattnall","279","1","4"
"40-49 years","Tattnall","274","0","7"
"50-59 years","Tattnall","301","7","22"
"60-69 years","Tattnall","236","15","34"
"70-79 years","Tattnall","118","14","39"
"80 & Older years","Tattnall","46","5","8"
"<1 years","Tattnall","10","0","0"
"Unknown years","Tattnall","2","0","1"
"01-04 years","Taylor","13","0","1"
"05-09 years","Taylor","13","0","0"
"10-17 years","Taylor","50","0","1"
"18-29 years","Taylor","78","0","2"
"30-39 years","Taylor","50","0","4"
"40-49 years","Taylor","92","1","10"
"50-59 years","Taylor","74","1","15"
"60-69 years","Taylor","63","5","16"
"70-79 years","Taylor","33","6","10"
"80 & Older years","Taylor","25","9","11"
"<1 years","Taylor","4","0","0"
"01-04 years","Telfair","9","0","0"
"05-09 years","Telfair","11","0","0"
"10-17 years","Telfair","20","0","0"
"18-29 years","Telfair","137","0","3"
"30-39 years","Telfair","90","1","1"
"40-49 years","Telfair","111","2","7"
"50-59 years","Telfair","106","5","9"
"60-69 years","Telfair","103","9","17"
"70-79 years","Telfair","70","12","18"
"80 & Older years","Telfair","42","14","11"
"<1 years","Telfair","4","0","0"
"Unknown years","Telfair","2","0","0"
"01-04 years","Terrell","7","0","0"
"05-09 years","Terrell","7","0","0"
"10-17 years","Terrell","41","0","0"
"18-29 years","Terrell","69","0","2"
"30-39 years","Terrell","79","0","9"
"40-49 years","Terrell","65","0","8"
"50-59 years","Terrell","96","4","15"
"60-69 years","Terrell","91","11","32"
"70-79 years","Terrell","61","14","27"
"80 & Older years","Terrell","39","13","16"
"01-04 years","Thomas","60","0","1"
"05-09 years","Thomas","113","0","0"
"10-17 years","Thomas","305","0","3"
"18-29 years","Thomas","603","1","25"
"30-39 years","Thomas","482","2","18"
"40-49 years","Thomas","507","4","29"
"50-59 years","Thomas","536","11","41"
"60-69 years","Thomas","432","13","92"
"70-79 years","Thomas","256","34","72"
"80 & Older years","Thomas","165","47","59"
"<1 years","Thomas","15","0","1"
"Unknown years","Thomas","2","0","0"
"01-04 years","Tift","36","0","2"
"05-09 years","Tift","58","0","3"
"10-17 years","Tift","229","0","6"
"18-29 years","Tift","772","0","20"
"30-39 years","Tift","540","1","28"
"40-49 years","Tift","540","7","59"
"50-59 years","Tift","460","9","69"
"60-69 years","Tift","356","16","74"
"70-79 years","Tift","243","29","90"
"80 & Older years","Tift","138","32","60"
"<1 years","Tift","13","0","0"
"Unknown years","Tift","3","0","0"
"01-04 years","Toombs","30","0","0"
"05-09 years","Toombs","51","0","0"
"10-17 years","Toombs","214","0","2"
"18-29 years","Toombs","519","0","6"
"30-39 years","Toombs","411","0","3"
"40-49 years","Toombs","417","1","22"
"50-59 years","Toombs","416","7","24"
"60-69 years","Toombs","379","14","42"
"70-79 years","Toombs","255","32","41"
"80 & Older years","Toombs","154","39","29"
"<1 years","Toombs","7","0","0"
"01-04 years","Towns","2","0","0"
"05-09 years","Towns","6","0","0"
"10-17 years","Towns","44","0","1"
"18-29 years","Towns","131","0","4"
"30-39 years","Towns","86","0","3"
"40-49 years","Towns","107","2","5"
"50-59 years","Towns","167","2","14"
"60-69 years","Towns","211","2","17"
"70-79 years","Towns","156","9","36"
"80 & Older years","Towns","122","27","45"
"Unknown years","Towns","20","0","0"
"01-04 years","Treutlen","6","0","0"
"05-09 years","Treutlen","15","0","1"
"10-17 years","Treutlen","47","0","0"
"18-29 years","Treutlen","102","0","2"
"30-39 years","Treutlen","99","0","5"
"40-49 years","Treutlen","101","2","5"
"50-59 years","Treutlen","102","1","7"
"60-69 years","Treutlen","66","5","12"
"70-79 years","Treutlen","53","10","11"
"80 & Older years","Treutlen","30","4","8"
"01-04 years","Troup","133","0","1"
"05-09 years","Troup","177","0","0"
"10-17 years","Troup","514","0","5"
"18-29 years","Troup","1175","1","28"
"30-39 years","Troup","871","6","42"
"40-49 years","Troup","786","5","49"
"50-59 years","Troup","818","14","102"
"60-69 years","Troup","627","28","95"
"70-79 years","Troup","343","44","91"
"80 & Older years","Troup","246","75","62"
"<1 years","Troup","43","0","1"
"Unknown years","Troup","7","0","0"
"01-04 years","Turner","3","0","0"
"05-09 years","Turner","7","0","1"
"10-17 years","Turner","20","0","0"
"18-29 years","Turner","85","0","2"
"30-39 years","Turner","102","0","10"
"40-49 years","Turner","107","0","5"
"50-59 years","Turner","94","2","12"
"60-69 years","Turner","86","8","26"
"70-79 years","Turner","52","6","13"
"80 & Older years","Turner","35","15","15"
"<1 years","Turner","2","0","1"
"01-04 years","Twiggs","9","0","0"
"05-09 years","Twiggs","7","0","1"
"10-17 years","Twiggs","26","0","0"
"18-29 years","Twiggs","66","0","2"
"30-39 years","Twiggs","60","1","5"
"40-49 years","Twiggs","62","1","7"
"50-59 years","Twiggs","89","3","12"
"60-69 years","Twiggs","99","8","31"
"70-79 years","Twiggs","60","9","22"
"80 & Older years","Twiggs","26","14","18"
"<1 years","Twiggs","1","0","0"
"01-04 years","Union","7","0","0"
"05-09 years","Union","16","0","0"
"10-17 years","Union","68","0","1"
"18-29 years","Union","253","1","1"
"30-39 years","Union","220","0","2"
"40-49 years","Union","219","0","13"
"50-59 years","Union","297","4","21"
"60-69 years","Union","361","5","43"
"70-79 years","Union","305","21","56"
"80 & Older years","Union","205","34","63"
"<1 years","Union","1","0","0"
"Unknown years","Union","32","0","0"
"01-04 years","Unknown","15","0","0"
"05-09 years","Unknown","42","0","0"
"10-17 years","Unknown","171","0","0"
"18-29 years","Unknown","788","2","4"
"30-39 years","Unknown","382","4","6"
"40-49 years","Unknown","353","1","2"
"50-59 years","Unknown","302","3","6"
"60-69 years","Unknown","171","1","6"
"70-79 years","Unknown","106","0","9"
"80 & Older years","Unknown","45","2","7"
"<1 years","Unknown","26","0","0"
"Unknown years","Unknown","114","0","3"
"01-04 years","Upson","38","0","0"
"05-09 years","Upson","46","0","0"
"10-17 years","Upson","138","0","1"
"18-29 years","Upson","300","0","6"
"30-39 years","Upson","209","2","9"
"40-49 years","Upson","239","1","11"
"50-59 years","Upson","256","7","21"
"60-69 years","Upson","237","21","39"
"70-79 years","Upson","166","32","48"
"80 & Older years","Upson","105","40","34"
"<1 years","Upson","14","0","0"
"Unknown years","Upson","10","0","0"
"01-04 years","Walker","78","0","1"
"05-09 years","Walker","151","0","1"
"10-17 years","Walker","516","0","3"
"18-29 years","Walker","1091","0","17"
"30-39 years","Walker","811","0","14"
"40-49 years","Walker","984","3","28"
"50-59 years","Walker","848","3","38"
"60-69 years","Walker","717","15","64"
"70-79 years","Walker","479","29","61"
"80 & Older years","Walker","230","26","31"
"<1 years","Walker","39","0","1"
"Unknown years","Walker","220","0","7"
"01-04 years","Walton","76","0","1"
"05-09 years","Walton","159","0","1"
"10-17 years","Walton","610","0","6"
"18-29 years","Walton","1333","2","30"
"30-39 years","Walton","1147","0","27"
"40-49 years","Walton","1267","3","50"
"50-59 years","Walton","1251","15","84"
"60-69 years","Walton","857","30","87"
"70-79 years","Walton","638","73","108"
"80 & Older years","Walton","391","102","80"
"<1 years","Walton","28","0","2"
"Unknown years","Walton","18","0","0"
"01-04 years","Ware","61","0","1"
"05-09 years","Ware","68","0","0"
"10-17 years","Ware","240","0","3"
"18-29 years","Ware","541","1","5"
"30-39 years","Ware","448","1","20"
"40-49 years","Ware","373","2","32"
"50-59 years","Ware","410","15","60"
"60-69 years","Ware","302","15","62"
"70-79 years","Ware","257","40","98"
"80 & Older years","Ware","206","62","63"
"<1 years","Ware","19","0","2"
"Unknown years","Ware","3","0","0"
"01-04 years","Warren","6","0","0"
"05-09 years","Warren","2","0","0"
"10-17 years","Warren","25","0","0"
"18-29 years","Warren","67","0","3"
"30-39 years","Warren","50","0","4"
"40-49 years","Warren","48","2","5"
"50-59 years","Warren","66","2","7"
"60-69 years","Warren","44","3","7"
"70-79 years","Warren","36","4","13"
"80 & Older years","Warren","17","2","6"
"<1 years","Warren","2","0","1"
"Unknown years","Warren","4","0","0"
"01-04 years","Washington","18","0","0"
"05-09 years","Washington","25","0","0"
"10-17 years","Washington","119","0","2"
"18-29 years","Washington","260","0","6"
"30-39 years","Washington","239","0","8"
"40-49 years","Washington","252","4","12"
"50-59 years","Washington","247","3","17"
"60-69 years","Washington","227","13","28"
"70-79 years","Washington","126","11","22"
"80 & Older years","Washington","83","23","13"
"<1 years","Washington","10","0","0"
"Unknown years","Washington","2","0","0"
"01-04 years","Wayne","31","0","1"
"05-09 years","Wayne","33","0","0"
"10-17 years","Wayne","165","0","1"
"18-29 years","Wayne","405","0","9"
"30-39 years","Wayne","406","1","11"
"40-49 years","Wayne","487","1","36"
"50-59 years","Wayne","410","6","35"
"60-69 years","Wayne","329","19","63"
"70-79 years","Wayne","260","24","76"
"80 & Older years","Wayne","117","21","26"
"<1 years","Wayne","5","0","1"
"Unknown years","Wayne","2","0","0"
"10-17 years","Webster","3","0","0"
"18-29 years","Webster","18","0","1"
"30-39 years","Webster","10","0","1"
"40-49 years","Webster","16","0","2"
"50-59 years","Webster","18","2","4"
"60-69 years","Webster","23","1","4"
"70-79 years","Webster","7","0","1"
"80 & Older years","Webster","4","1","0"
"Unknown years","Webster","2","0","0"
"01-04 years","Wheeler","1","0","0"
"05-09 years","Wheeler","5","0","0"
"10-17 years","Wheeler","23","0","0"
"18-29 years","Wheeler","53","0","0"
"30-39 years","Wheeler","74","2","2"
"40-49 years","Wheeler","78","1","3"
"50-59 years","Wheeler","92","7","11"
"60-69 years","Wheeler","53","3","6"
"70-79 years","Wheeler","40","5","11"
"80 & Older years","Wheeler","9","3","1"
"<1 years","Wheeler","1","0","0"
"Unknown years","Wheeler","24","0","1"
"01-04 years","White","18","0","0"
"05-09 years","White","61","0","1"
"10-17 years","White","232","0","2"
"18-29 years","White","433","1","7"
"30-39 years","White","314","1","8"
"40-49 years","White","402","1","17"
"50-59 years","White","470","4","38"
"60-69 years","White","435","12","65"
"70-79 years","White","317","15","76"
"80 & Older years","White","178","30","68"
"<1 years","White","5","0","0"
"Unknown years","White","36","0","1"
"01-04 years","Whitfield","203","0","3"
"05-09 years","Whitfield","386","0","3"
"10-17 years","Whitfield","1356","0","6"
"18-29 years","Whitfield","3440","0","45"
"30-39 years","Whitfield","2239","5","59"
"40-49 years","Whitfield","2330","4","75"
"50-59 years","Whitfield","2109","26","121"
"60-69 years","Whitfield","1239","37","140"
"70-79 years","Whitfield","707","55","141"
"80 & Older years","Whitfield","407","94","120"
"<1 years","Whitfield","72","0","5"
"Unknown years","Whitfield","14","0","1"
"01-04 years","Wilcox","10","0","0"
"05-09 years","Wilcox","9","0","0"
"10-17 years","Wilcox","30","0","0"
"18-29 years","Wilcox","45","0","1"
"30-39 years","Wilcox","48","0","1"
"40-49 years","Wilcox","73","0","12"
"50-59 years","Wilcox","83","1","15"
"60-69 years","Wilcox","90","9","24"
"70-79 years","Wilcox","52","10","10"
"80 & Older years","Wilcox","26","8","7"
"<1 years","Wilcox","5","0","0"
"01-04 years","Wilkes","8","0","0"
"05-09 years","Wilkes","17","0","0"
"10-17 years","Wilkes","52","0","0"
"18-29 years","Wilkes","116","0","1"
"30-39 years","Wilkes","85","0","5"
"40-49 years","Wilkes","104","1","12"
"50-59 years","Wilkes","100","2","4"
"60-69 years","Wilkes","81","1","15"
"70-79 years","Wilkes","66","6","19"
"80 & Older years","Wilkes","33","8","15"
"<1 years","Wilkes","3","0","0"
"Unknown years","Wilkes","1","0","0"
"01-04 years","Wilkinson","6","0","0"
"05-09 years","Wilkinson","11","0","0"
"10-17 years","Wilkinson","30","0","1"
"18-29 years","Wilkinson","109","0","3"
"30-39 years","Wilkinson","89","0","6"
"40-49 years","Wilkinson","93","0","6"
"50-59 years","Wilkinson","152","4","24"
"60-69 years","Wilkinson","133","12","39"
"70-79 years","Wilkinson","59","6","22"
"80 & Older years","Wilkinson","39","4","16"
"01-04 years","Worth","13","0","0"
"05-09 years","Worth","14","0","0"
"10-17 years","Worth","78","0","3"
"18-29 years","Worth","181","0","8"
"30-39 years","Worth","146","0","10"
"40-49 years","Worth","158","1","16"
"50-59 years","Worth","187","6","25"
"60-69 years","Worth","193","19","51"
"70-79 years","Worth","116","16","30"
"80 & Older years","Worth","71","16","26"
"<1 years","Worth","4","0","0"
"Unknown years","Worth","1","0","0"
