"sex","county name","cases","deaths","confirmed_case_hospitalization"
"Female","Georgia","685783","11988","45787"
"Male","Georgia","590792","13746","43587"
"Unknown","Georgia","9816","14","193"
"Female","Appling","1534","45","126"
"Male","Appling","1256","52","118"
"Unknown","Appling","18","0","0"
"Female","Atkinson","645","12","88"
"Male","Atkinson","540","20","91"
"Unknown","Atkinson","7","0","0"
"Female","Bacon","872","21","72"
"Male","Bacon","1082","30","84"
"Unknown","Bacon","4","0","1"
"Female","Baker","133","5","21"
"Male","Baker","111","8","23"
"Female","Baldwin","2946","57","170"
"Male","Baldwin","2341","113","225"
"Unknown","Baldwin","17","0","0"
"Female","Banks","1328","31","156"
"Male","Banks","1127","28","127"
"Unknown","Banks","14","1","1"
"Female","Barrow","7104","91","465"
"Male","Barrow","6153","102","411"
"Unknown","Barrow","53","0","1"
"Female","Bartow","8237","143","502"
"Male","Bartow","7351","176","542"
"Unknown","Bartow","120","0","2"
"Female","Ben Hill","1075","30","98"
"Male","Ben Hill","793","41","84"
"Unknown","Ben Hill","3","0","0"
"Female","Berrien","843","27","54"
"Male","Berrien","703","23","42"
"Unknown","Berrien","4","0","0"
"Female","Bibb","11542","305","1300"
"Male","Bibb","8726","282","1078"
"Unknown","Bibb","149","0","3"
"Female","Bleckley","624","22","34"
"Male","Bleckley","474","18","28"
"Unknown","Bleckley","6","0","1"
"Female","Brantley","1017","35","86"
"Male","Brantley","878","42","76"
"Unknown","Brantley","7","0","0"
"Female","Brooks","789","21","72"
"Male","Brooks","605","33","62"
"Unknown","Brooks","5","0","0"
"Female","Bryan","2429","25","147"
"Male","Bryan","2228","40","181"
"Unknown","Bryan","2","0","0"
"Female","Bulloch","4480","57","175"
"Male","Bulloch","3483","43","142"
"Unknown","Bulloch","16","0","0"
"Female","Burke","1279","25","104"
"Male","Burke","1020","24","89"
"Unknown","Burke","15","0","1"
"Female","Butts","1646","54","89"
"Male","Butts","1734","59","110"
"Unknown","Butts","33","0","1"
"Female","Calhoun","315","14","42"
"Male","Calhoun","297","7","48"
"Unknown","Calhoun","1","0","0"
"Female","Camden","3199","40","121"
"Male","Camden","2878","40","103"
"Unknown","Camden","4","0","0"
"Female","Candler","604","17","49"
"Male","Candler","506","32","34"
"Female","Carroll","5343","73","186"
"Male","Carroll","4796","87","205"
"Unknown","Carroll","42","0","1"
"Female","Catoosa","4537","51","159"
"Male","Catoosa","3973","46","154"
"Unknown","Catoosa","83","0","3"
"Female","Charlton","668","17","57"
"Male","Charlton","1071","26","51"
"Unknown","Charlton","4","0","0"
"Female","Chatham","18257","302","1380"
"Male","Chatham","15218","365","1305"
"Unknown","Chatham","12","0","0"
"Female","Chattahoochee","372","2","15"
"Male","Chattahoochee","4971","13","27"
"Unknown","Chattahoochee","17","0","0"
"Female","Chattooga","2009","44","118"
"Male","Chattooga","1710","47","140"
"Unknown","Chattooga","14","0","0"
"Female","Cherokee","16871","188","945"
"Male","Cherokee","15055","263","1083"
"Unknown","Cherokee","90","0","2"
"Female","Clarke","9843","74","409"
"Male","Clarke","7763","104","386"
"Unknown","Clarke","59","0","2"
"Female","Clay","137","1","6"
"Male","Clay","95","3","6"
"Unknown","Clay","2","0","0"
"Female","Clayton","20155","361","1214"
"Male","Clayton","15405","365","1035"
"Unknown","Clayton","171","1","1"
"Female","Clinch","510","15","44"
"Male","Clinch","497","19","42"
"Unknown","Clinch","3","0","0"
"Female","Cobb","46285","596","2113"
"Male","Cobb","40243","721","2155"
"Unknown","Cobb","379","0","6"
"Female","Coffee","3461","101","507"
"Male","Coffee","2876","91","405"
"Unknown","Coffee","31","0","0"
"Female","Colquitt","2876","57","171"
"Male","Colquitt","2664","78","176"
"Unknown","Colquitt","18","0","0"
"Female","Columbia","7853","103","334"
"Male","Columbia","6961","153","343"
"Unknown","Columbia","40","0","0"
"Female","Cook","945","24","69"
"Male","Cook","732","29","60"
"Unknown","Cook","4","0","0"
"Female","Coweta","6802","147","445"
"Male","Coweta","6210","200","433"
"Unknown","Coweta","44","0","0"
"Female","Crawford","450","18","53"
"Male","Crawford","379","21","54"
"Unknown","Crawford","4","0","0"
"Female","Crisp","1055","31","110"
"Male","Crisp","786","34","76"
"Unknown","Crisp","22","0","0"
"Female","Dade","952","10","34"
"Male","Dade","883","8","36"
"Unknown","Dade","19","0","0"
"Female","Dawson","2252","32","165"
"Male","Dawson","1965","43","182"
"Unknown","Dawson","28","0","0"
"Female","DeKalb","44454","593","3472"
"Male","DeKalb","36427","650","3029"
"Unknown","DeKalb","724","0","12"
"Female","Decatur","1982","35","125"
"Male","Decatur","1476","44","99"
"Unknown","Decatur","18","0","0"
"Female","Dodge","817","28","65"
"Male","Dodge","707","35","60"
"Unknown","Dodge","12","0","0"
"Female","Dooly","579","17","52"
"Male","Dooly","497","21","51"
"Unknown","Dooly","9","0","0"
"Female","Dougherty","5321","207","783"
"Male","Dougherty","3779","181","572"
"Unknown","Dougherty","57","1","2"
"Female","Douglas","9748","122","609"
"Male","Douglas","8054","130","522"
"Unknown","Douglas","64","0","2"
"Female","Early","910","30","67"
"Male","Early","627","23","36"
"Unknown","Early","7","0","0"
"Female","Echols","168","1","3"
"Male","Echols","244","4","12"
"Unknown","Echols","2","0","0"
"Female","Effingham","3743","65","252"
"Male","Effingham","3334","88","256"
"Unknown","Effingham","2","0","0"
"Female","Elbert","1198","35","116"
"Male","Elbert","864","35","71"
"Unknown","Elbert","9","0","3"
"Female","Emanuel","1527","42","106"
"Male","Emanuel","1160","30","64"
"Unknown","Emanuel","13","1","0"
"Female","Evans","631","16","68"
"Male","Evans","492","20","40"
"Unknown","Evans","2","0","0"
"Female","Fannin","1741","36","123"
"Male","Fannin","1515","57","148"
"Unknown","Fannin","5","0","0"
"Female","Fayette","5198","97","303"
"Male","Fayette","4727","124","338"
"Unknown","Fayette","40","0","0"
"Female","Floyd","8446","134","588"
"Male","Floyd","7170","179","618"
"Unknown","Floyd","101","0","2"
"Female","Forsyth","13830","111","575"
"Male","Forsyth","13075","166","704"
"Unknown","Forsyth","691","0","0"
"Female","Franklin","1825","26","117"
"Male","Franklin","1483","42","102"
"Unknown","Franklin","17","0","0"
"Female","Fulton","60443","800","3950"
"Male","Fulton","52772","881","3615"
"Unknown","Fulton","533","0","23"
"Female","Gilmer","1941","52","170"
"Male","Gilmer","1602","67","169"
"Unknown","Gilmer","21","0","0"
"Female","Glascock","89","3","11"
"Male","Glascock","89","4","17"
"Unknown","Glascock","9","0","0"
"Female","Glynn","6642","139","340"
"Male","Glynn","5799","166","331"
"Unknown","Glynn","2","0","0"
"Female","Gordon","4641","78","211"
"Male","Gordon","4084","99","221"
"Unknown","Gordon","97","0","1"
"Female","Grady","1372","29","125"
"Male","Grady","1047","38","115"
"Unknown","Grady","18","0","0"
"Female","Greene","1192","29","89"
"Male","Greene","1030","35","111"
"Unknown","Greene","4","0","0"
"Female","Gwinnett","60508","656","3309"
"Male","Gwinnett","53191","769","3114"
"Unknown","Gwinnett","802","0","3"
"Female","Habersham","3551","92","307"
"Male","Habersham","2959","102","334"
"Unknown","Habersham","31","1","1"
"Female","Hall","18371","288","1548"
"Male","Hall","16119","345","1642"
"Unknown","Hall","232","1","0"
"Female","Hancock","503","31","60"
"Male","Hancock","498","44","62"
"Unknown","Hancock","4","0","0"
"Female","Haralson","1254","26","56"
"Male","Haralson","1137","21","40"
"Unknown","Haralson","19","0","0"
"Female","Harris","1681","39","118"
"Male","Harris","1516","47","132"
"Unknown","Harris","38","0","0"
"Female","Hart","1304","25","86"
"Male","Hart","1014","25","81"
"Unknown","Hart","11","0","0"
"Female","Heard","546","17","28"
"Male","Heard","495","9","39"
"Unknown","Heard","4","0","0"
"Female","Henry","16208","219","722"
"Male","Henry","13219","264","607"
"Unknown","Henry","68","0","0"
"Female","Houston","8855","138","552"
"Male","Houston","7311","153","533"
"Unknown","Houston","73","0","2"
"Female","Irwin","441","13","50"
"Male","Irwin","463","8","43"
"Unknown","Irwin","2","0","0"
"Female","Jackson","6945","93","400"
"Male","Jackson","6069","119","434"
"Unknown","Jackson","69","0","2"
"Female","Jasper","554","14","59"
"Male","Jasper","489","19","47"
"Unknown","Jasper","4","0","0"
"Female","Jeff Davis","969","17","54"
"Male","Jeff Davis","843","27","68"
"Unknown","Jeff Davis","4","0","0"
"Female","Jefferson","1055","31","98"
"Male","Jefferson","798","37","87"
"Unknown","Jefferson","12","0","1"
"Female","Jenkins","524","18","43"
"Male","Jenkins","374","24","51"
"Unknown","Jenkins","2","1","1"
"Female","Johnson","498","22","57"
"Male","Johnson","522","30","58"
"Unknown","Johnson","5","0","1"
"Female","Jones","1466","36","132"
"Male","Jones","1157","53","136"
"Unknown","Jones","8","0","0"
"Female","Lamar","1282","34","93"
"Male","Lamar","1033","49","100"
"Unknown","Lamar","3","0","0"
"Female","Lanier","377","5","14"
"Male","Lanier","402","7","21"
"Unknown","Lanier","5","0","0"
"Female","Laurens","3317","87","206"
"Male","Laurens","2525","119","218"
"Unknown","Laurens","28","0","0"
"Female","Lee","1464","37","161"
"Male","Lee","1176","37","146"
"Unknown","Lee","11","0","0"
"Female","Liberty","3419","43","174"
"Male","Liberty","3231","55","157"
"Unknown","Liberty","13","0","0"
"Female","Lincoln","377","15","36"
"Male","Lincoln","310","12","35"
"Unknown","Lincoln","14","0","0"
"Female","Long","762","7","50"
"Male","Long","640","13","32"
"Unknown","Long","2","0","0"
"Female","Lowndes","6138","127","318"
"Male","Lowndes","4938","103","233"
"Unknown","Lowndes","36","0","0"
"Female","Lumpkin","2455","49","230"
"Male","Lumpkin","2084","44","200"
"Unknown","Lumpkin","17","0","0"
"Female","Macon","437","13","44"
"Male","Macon","411","26","60"
"Unknown","Macon","1","0","0"
"Female","Madison","2290","27","145"
"Male","Madison","1969","43","130"
"Unknown","Madison","8","0","0"
"Female","Marion","396","16","30"
"Male","Marion","272","17","36"
"Unknown","Marion","1","0","0"
"Female","McDuffie","1234","33","115"
"Male","McDuffie","972","29","96"
"Unknown","McDuffie","80","0","1"
"Female","McIntosh","737","13","40"
"Male","McIntosh","660","15","50"
"Female","Meriwether","1266","54","133"
"Male","Meriwether","953","46","97"
"Unknown","Meriwether","7","0","0"
"Female","Miller","558","6","29"
"Male","Miller","443","9","24"
"Unknown","Miller","1","0","0"
"Female","Mitchell","1195","38","150"
"Male","Mitchell","981","51","141"
"Unknown","Mitchell","9","0","0"
"Female","Monroe","1490","55","129"
"Male","Monroe","1312","64","129"
"Unknown","Monroe","21","0","1"
"Female","Montgomery","622","18","34"
"Male","Montgomery","524","22","29"
"Unknown","Montgomery","4","0","0"
"Female","Morgan","1031","14","62"
"Male","Morgan","869","25","74"
"Unknown","Morgan","9","0","0"
"Female","Murray","3402","52","169"
"Male","Murray","2971","84","198"
"Unknown","Murray","17","0","0"
"Female","Muscogee","11840","320","959"
"Male","Muscogee","9150","264","839"
"Unknown","Muscogee","195","0","1"
"Female","Newton","6384","158","674"
"Male","Newton","5006","163","576"
"Unknown","Newton","56","0","1"
"Female","Non-GA Resident/Unknown State","14222","329","964"
"Male","Non-GA Resident/Unknown State","15648","438","1210"
"Unknown","Non-GA Resident/Unknown State","2383","2","61"
"Female","Oconee","2378","32","98"
"Male","Oconee","2164","42","96"
"Unknown","Oconee","13","0","0"
"Female","Oglethorpe","959","14","65"
"Male","Oglethorpe","774","28","62"
"Unknown","Oglethorpe","2","0","0"
"Female","Paulding","9193","118","321"
"Male","Paulding","7592","135","277"
"Unknown","Paulding","93","0","6"
"Female","Peach","1512","44","159"
"Male","Peach","1188","51","137"
"Unknown","Peach","8","0","1"
"Female","Pickens","2000","40","173"
"Male","Pickens","1660","52","174"
"Unknown","Pickens","9","0","0"
"Female","Pierce","1174","36","118"
"Male","Pierce","942","51","128"
"Unknown","Pierce","7","0","0"
"Female","Pike","1007","19","72"
"Male","Pike","893","31","59"
"Unknown","Pike","3","0","1"
"Female","Polk","3406","70","277"
"Male","Polk","3049","72","263"
"Unknown","Polk","28","1","2"
"Female","Pulaski","575","24","37"
"Male","Pulaski","322","14","27"
"Unknown","Pulaski","2","0","0"
"Female","Putnam","1424","31","117"
"Male","Putnam","1206","49","125"
"Unknown","Putnam","8","0","0"
"Female","Quitman","79","1","7"
"Male","Quitman","44","2","9"
"Female","Rabun","1150","27","110"
"Male","Rabun","1036","36","99"
"Unknown","Rabun","9","0","1"
"Female","Randolph","358","25","65"
"Male","Randolph","248","14","38"
"Female","Richmond","14656","259","912"
"Male","Richmond","12094","331","890"
"Unknown","Richmond","148","0","10"
"Female","Rockdale","5168","116","805"
"Male","Rockdale","3980","110","644"
"Unknown","Rockdale","48","0","1"
"Female","Schley","187","2","13"
"Male","Schley","156","6","15"
"Female","Screven","768","16","54"
"Male","Screven","588","19","45"
"Unknown","Screven","5","0","1"
"Female","Seminole","654","11","54"
"Male","Seminole","560","12","42"
"Unknown","Seminole","5","0","0"
"Female","Spalding","3769","138","366"
"Male","Spalding","3131","140","293"
"Unknown","Spalding","24","0","0"
"Female","Stephens","2547","57","187"
"Male","Stephens","2029","53","167"
"Unknown","Stephens","16","0","0"
"Female","Stewart","388","10","33"
"Male","Stewart","962","19","107"
"Unknown","Stewart","36","0","0"
"Female","Sumter","1582","56","189"
"Male","Sumter","1240","71","185"
"Unknown","Sumter","7","0","0"
"Female","Talbot","322","10","27"
"Male","Talbot","266","18","34"
"Unknown","Talbot","2","0","0"
"Female","Taliaferro","69","0","2"
"Male","Taliaferro","58","3","11"
"Unknown","Taliaferro","1","0","0"
"Female","Tattnall","1382","38","73"
"Male","Tattnall","1318","35","84"
"Unknown","Tattnall","2","0","0"
"Female","Taylor","423","17","49"
"Male","Taylor","335","16","47"
"Unknown","Taylor","9","0","0"
"Female","Telfair","473","23","37"
"Male","Telfair","477","32","52"
"Unknown","Telfair","19","0","0"
"Female","Terrell","484","31","86"
"Male","Terrell","332","25","70"
"Unknown","Terrell","9","0","0"
"Female","Thomas","3441","90","286"
"Male","Thomas","2601","72","257"
"Unknown","Thomas","20","1","1"
"Female","Tift","2692","64","296"
"Male","Tift","2167","75","226"
"Unknown","Tift","32","0","0"
"Female","Toombs","2462","77","130"
"Male","Toombs","1951","76","139"
"Unknown","Toombs","7","0","0"
"Female","Towns","875","35","95"
"Male","Towns","674","32","85"
"Unknown","Towns","18","0","1"
"Female","Treutlen","474","25","30"
"Male","Treutlen","412","20","33"
"Unknown","Treutlen","6","0","0"
"Female","Troup","4787","142","345"
"Male","Troup","3784","128","300"
"Unknown","Troup","42","0","1"
"Female","Turner","455","16","58"
"Male","Turner","354","24","56"
"Unknown","Turner","5","0","0"
"Female","Twiggs","394","18","59"
"Male","Twiggs","363","31","77"
"Unknown","Twiggs","3","0","0"
"Female","Union","1760","56","153"
"Male","Union","1412","63","183"
"Unknown","Union","11","0","0"
"Female","Unknown","976","3","18"
"Male","Unknown","1260","4","30"
"Unknown","Unknown","547","0","9"
"Female","Upson","1560","71","137"
"Male","Upson","1186","70","114"
"Unknown","Upson","10","0","0"
"Female","Walker","5204","72","186"
"Male","Walker","4538","49","183"
"Unknown","Walker","72","2","3"
"Female","Walton","6224","155","490"
"Male","Walton","4991","162","431"
"Unknown","Walton","72","0","0"
"Female","Ware","2529","112","274"
"Male","Ware","2010","96","276"
"Unknown","Ware","27","1","1"
"Female","Warren","285","8","37"
"Male","Warren","224","12","22"
"Unknown","Warren","8","0","0"
"Female","Washington","1269","41","69"
"Male","Washington","1097","39","65"
"Unknown","Washington","3","0","0"
"Female","Wayne","2280","78","190"
"Male","Wayne","2105","78","199"
"Unknown","Wayne","8","0","1"
"Female","Webster","100","3","13"
"Male","Webster","73","3","10"
"Unknown","Webster","2","0","0"
"Female","Wheeler","237","5","7"
"Male","Wheeler","366","26","36"
"Unknown","Wheeler","10","0","0"
"Female","White","2412","51","193"
"Male","White","2128","64","218"
"Unknown","White","13","0","1"
"Female","Whitfield","10266","142","469"
"Male","Whitfield","9185","183","481"
"Unknown","Whitfield","34","0","4"
"Female","Wilcox","298","12","31"
"Male","Wilcox","342","20","52"
"Unknown","Wilcox","3","0","0"
"Female","Wilkes","476","10","51"
"Male","Wilkes","410","17","60"
"Unknown","Wilkes","4","0","0"
"Female","Wilkinson","600","22","68"
"Male","Wilkinson","500","19","79"
"Unknown","Wilkinson","9","0","1"
"Female","Worth","1000","41","133"
"Male","Worth","768","37","103"
"Unknown","Worth","7","0","0"
