"sex","county name","cases","deaths","hospitalization"
"Female","Georgia","203848","4067","16963"
"Male","Georgia","175995","4389","16086"
"Unknown","Georgia","7106","6","192"
"Female","Appling","653","13","54"
"Male","Appling","542","26","52"
"Unknown","Appling","13","0","0"
"Female","Atkinson","266","5","34"
"Male","Atkinson","234","3","35"
"Unknown","Atkinson","1","0","0"
"Female","Bacon","333","7","20"
"Male","Bacon","306","11","29"
"Unknown","Bacon","10","0","1"
"Female","Baker","50","2","8"
"Male","Baker","52","4","13"
"Female","Baldwin","1330","15","73"
"Male","Baldwin","1072","53","103"
"Unknown","Baldwin","21","0","0"
"Female","Banks","367","4","45"
"Male","Banks","270","5","36"
"Unknown","Banks","6","0","0"
"Female","Barrow","1560","33","159"
"Male","Barrow","1272","23","127"
"Unknown","Barrow","22","0","1"
"Female","Bartow","2140","45","159"
"Male","Bartow","1856","53","187"
"Unknown","Bartow","51","0","3"
"Female","Ben Hill","542","13","50"
"Male","Ben Hill","366","22","44"
"Unknown","Ben Hill","1","0","0"
"Female","Berrien","283","9","16"
"Male","Berrien","226","8","12"
"Unknown","Berrien","8","0","0"
"Female","Bibb","3983","114","503"
"Male","Bibb","2961","99","423"
"Unknown","Bibb","62","0","1"
"Female","Bleckley","315","16","18"
"Male","Bleckley","208","12","18"
"Unknown","Bleckley","8","0","0"
"Female","Brantley","272","7","25"
"Male","Brantley","227","7","18"
"Unknown","Brantley","2","0","0"
"Female","Brooks","306","6","28"
"Male","Brooks","241","20","27"
"Unknown","Brooks","11","0","0"
"Female","Bryan","713","8","44"
"Male","Bryan","620","9","57"
"Unknown","Bryan","18","0","0"
"Female","Bulloch","1815","20","84"
"Male","Bulloch","1346","14","64"
"Unknown","Bulloch","42","0","0"
"Female","Burke","511","7","48"
"Male","Burke","437","5","43"
"Unknown","Burke","6","0","1"
"Female","Butts","382","21","26"
"Male","Butts","396","24","31"
"Unknown","Butts","44","0","3"
"Female","Calhoun","143","8","22"
"Male","Calhoun","138","2","29"
"Unknown","Calhoun","1","0","0"
"Female","Camden","819","8","43"
"Male","Camden","742","10","36"
"Unknown","Camden","11","0","0"
"Female","Candler","315","10","24"
"Male","Candler","251","16","22"
"Unknown","Candler","2","0","0"
"Female","Carroll","1952","40","103"
"Male","Carroll","1738","41","107"
"Unknown","Carroll","34","0","2"
"Female","Catoosa","907","14","57"
"Male","Catoosa","774","12","33"
"Unknown","Catoosa","45","0","0"
"Female","Charlton","234","4","14"
"Male","Charlton","429","7","17"
"Unknown","Charlton","4","0","0"
"Female","Chatham","5483","89","456"
"Male","Chatham","4357","109","409"
"Unknown","Chatham","154","0","4"
"Female","Chattahoochee","121","1","6"
"Male","Chattahoochee","1782","0","9"
"Unknown","Chattahoochee","6","0","0"
"Female","Chattooga","576","13","31"
"Male","Chattooga","475","17","42"
"Unknown","Chattooga","15","0","1"
"Female","Cherokee","4198","54","276"
"Male","Cherokee","3839","55","288"
"Unknown","Cherokee","96","0","3"
"Female","Clarke","3461","20","131"
"Male","Clarke","2755","30","132"
"Unknown","Clarke","45","0","2"
"Female","Clay","76","1","3"
"Male","Clay","46","2","6"
"Unknown","Clay","3","0","0"
"Female","Clayton","5048","98","392"
"Male","Clayton","3930","90","344"
"Unknown","Clayton","116","0","4"
"Female","Clinch","246","2","15"
"Male","Clinch","232","11","20"
"Unknown","Clinch","4","0","0"
"Female","Cobb","12670","233","1043"
"Male","Cobb","11137","249","1026"
"Unknown","Cobb","200","0","6"
"Female","Coffee","1260","33","198"
"Male","Coffee","1153","35","156"
"Unknown","Coffee","19","0","0"
"Female","Colquitt","1114","17","93"
"Male","Colquitt","1078","24","82"
"Unknown","Colquitt","8","0","0"
"Female","Columbia","2574","33","100"
"Male","Columbia","2333","36","114"
"Unknown","Columbia","23","0","2"
"Female","Cook","383","6","34"
"Male","Cook","294","10","30"
"Unknown","Cook","6","0","1"
"Female","Coweta","1687","29","79"
"Male","Coweta","1485","35","80"
"Unknown","Coweta","13","0","0"
"Female","Crawford","119","4","18"
"Male","Crawford","83","2","7"
"Unknown","Crawford","8","0","3"
"Female","Crisp","377","9","51"
"Male","Crisp","314","17","39"
"Unknown","Crisp","7","0","0"
"Female","Dade","222","5","11"
"Male","Dade","203","1","13"
"Unknown","Dade","11","0","0"
"Female","Dawson","483","2","37"
"Male","Dawson","484","9","55"
"Unknown","Dawson","11","0","0"
"Female","DeKalb","12581","189","1294"
"Male","DeKalb","10635","236","1179"
"Unknown","DeKalb","418","0","12"
"Female","Decatur","735","21","57"
"Male","Decatur","621","19","48"
"Unknown","Decatur","18","0","0"
"Female","Dodge","370","19","31"
"Male","Dodge","287","11","27"
"Unknown","Dodge","31","0","0"
"Female","Dooly","207","8","31"
"Male","Dooly","188","10","29"
"Unknown","Dooly","2","0","0"
"Female","Dougherty","2033","108","411"
"Male","Dougherty","1312","87","273"
"Unknown","Dougherty","30","1","0"
"Female","Douglas","2499","36","263"
"Male","Douglas","1960","43","226"
"Unknown","Douglas","45","0","1"
"Female","Early","366","21","27"
"Male","Early","220","15","17"
"Unknown","Early","5","0","0"
"Female","Echols","81","0","2"
"Male","Echols","166","2","8"
"Unknown","Echols","2","0","0"
"Female","Effingham","1024","14","62"
"Male","Effingham","922","15","62"
"Unknown","Effingham","19","0","0"
"Female","Elbert","494","7","48"
"Male","Elbert","345","7","21"
"Unknown","Elbert","4","0","0"
"Female","Emanuel","738","27","58"
"Male","Emanuel","518","15","33"
"Unknown","Emanuel","6","0","0"
"Female","Evans","274","3","34"
"Male","Evans","205","4","12"
"Unknown","Evans","22","0","1"
"Female","Fannin","501","17","36"
"Male","Fannin","397","13","43"
"Unknown","Fannin","8","0","0"
"Female","Fayette","1254","26","64"
"Male","Fayette","1096","35","79"
"Unknown","Fayette","19","0","0"
"Female","Floyd","2453","30","163"
"Male","Floyd","2087","37","190"
"Unknown","Floyd","51","0","7"
"Female","Forsyth","2697","21","172"
"Male","Forsyth","2564","35","226"
"Unknown","Forsyth","75","0","0"
"Female","Franklin","615","6","46"
"Male","Franklin","421","13","29"
"Unknown","Franklin","10","0","0"
"Female","Fulton","17369","308","1389"
"Male","Fulton","15886","343","1374"
"Unknown","Fulton","680","0","6"
"Female","Gilmer","614","12","57"
"Male","Gilmer","464","14","43"
"Unknown","Gilmer","48","0","1"
"Female","Glascock","31","1","2"
"Male","Glascock","26","1","3"
"Unknown","Glascock","2","0","0"
"Female","Glynn","2115","52","175"
"Male","Glynn","1837","56","155"
"Unknown","Glynn","18","0","2"
"Female","Gordon","1465","26","79"
"Male","Gordon","1277","28","75"
"Unknown","Gordon","26","0","1"
"Female","Grady","494","10","50"
"Male","Grady","387","16","53"
"Unknown","Grady","19","0","0"
"Female","Greene","337","14","34"
"Male","Greene","266","12","28"
"Unknown","Greene","3","0","0"
"Female","Gwinnett","17399","234","1562"
"Male","Gwinnett","15360","239","1421"
"Unknown","Gwinnett","750","0","12"
"Female","Habersham","1078","46","112"
"Male","Habersham","909","30","133"
"Unknown","Habersham","31","0","0"
"Female","Hall","5947","91","565"
"Male","Hall","5344","97","608"
"Unknown","Hall","190","0","4"
"Female","Hancock","255","20","34"
"Male","Hancock","174","25","33"
"Unknown","Hancock","1","0","0"
"Female","Haralson","403","6","21"
"Male","Haralson","358","11","15"
"Unknown","Haralson","18","0","0"
"Female","Harris","486","14","47"
"Male","Harris","400","12","47"
"Unknown","Harris","12","0","0"
"Female","Hart","372","9","40"
"Male","Hart","276","10","37"
"Unknown","Hart","7","0","0"
"Female","Heard","146","6","7"
"Male","Heard","118","1","11"
"Female","Henry","3882","58","175"
"Male","Henry","2973","67","143"
"Unknown","Henry","55","0","0"
"Female","Houston","2180","39","215"
"Male","Houston","1763","60","195"
"Unknown","Houston","25","0","2"
"Female","Irwin","198","7","18"
"Male","Irwin","183","4","23"
"Unknown","Irwin","2","0","0"
"Female","Jackson","1518","25","101"
"Male","Jackson","1255","21","130"
"Unknown","Jackson","21","0","0"
"Female","Jasper","149","2","8"
"Male","Jasper","113","2","13"
"Unknown","Jasper","2","0","0"
"Female","Jeff Davis","438","12","30"
"Male","Jeff Davis","384","15","46"
"Unknown","Jeff Davis","3","0","0"
"Female","Jefferson","530","20","52"
"Male","Jefferson","368","17","36"
"Unknown","Jefferson","8","0","1"
"Female","Jenkins","295","14","31"
"Male","Jenkins","188","19","38"
"Unknown","Jenkins","1","0","0"
"Female","Johnson","239","12","34"
"Male","Johnson","208","15","30"
"Female","Jones","424","7","30"
"Male","Jones","271","10","25"
"Unknown","Jones","3","0","0"
"Female","Lamar","270","13","23"
"Male","Lamar","209","9","27"
"Unknown","Lamar","3","0","0"
"Female","Lanier","127","2","3"
"Male","Lanier","195","5","13"
"Unknown","Lanier","7","0","0"
"Female","Laurens","1242","43","91"
"Male","Laurens","875","59","95"
"Unknown","Laurens","24","1","0"
"Female","Lee","418","17","53"
"Male","Lee","353","15","59"
"Unknown","Lee","5","0","0"
"Female","Liberty","738","10","58"
"Male","Liberty","638","18","64"
"Unknown","Liberty","20","0","0"
"Female","Lincoln","151","4","18"
"Male","Lincoln","110","4","12"
"Unknown","Lincoln","1","0","0"
"Female","Long","145","1","9"
"Male","Long","146","4","9"
"Female","Lowndes","2611","51","125"
"Male","Lowndes","2153","42","101"
"Unknown","Lowndes","47","0","0"
"Female","Lumpkin","603","12","60"
"Male","Lumpkin","533","7","50"
"Unknown","Lumpkin","9","0","0"
"Female","Macon","145","3","22"
"Male","Macon","126","10","31"
"Unknown","Macon","1","0","1"
"Female","Madison","478","6","36"
"Male","Madison","414","6","37"
"Unknown","Madison","9","0","0"
"Female","Marion","124","6","13"
"Male","Marion","86","4","10"
"Unknown","Marion","3","0","0"
"Female","McDuffie","428","9","42"
"Male","McDuffie","314","10","39"
"Unknown","McDuffie","5","0","0"
"Female","McIntosh","184","7","18"
"Male","McIntosh","150","0","17"
"Unknown","McIntosh","2","0","0"
"Female","Meriwether","379","13","49"
"Male","Meriwether","237","6","35"
"Unknown","Meriwether","4","0","0"
"Female","Miller","196","1","10"
"Male","Miller","143","1","9"
"Unknown","Miller","3","0","0"
"Female","Mitchell","432","22","80"
"Male","Mitchell","442","25","77"
"Unknown","Mitchell","3","0","0"
"Female","Monroe","439","32","45"
"Male","Monroe","370","27","48"
"Unknown","Monroe","17","0","0"
"Female","Montgomery","197","5","15"
"Male","Montgomery","183","4","12"
"Unknown","Montgomery","1","0","0"
"Female","Morgan","306","2","24"
"Male","Morgan","249","4","20"
"Unknown","Morgan","4","0","0"
"Female","Murray","728","2","41"
"Male","Murray","619","12","38"
"Unknown","Murray","19","0","3"
"Female","Muscogee","3744","99","381"
"Male","Muscogee","2848","85","330"
"Unknown","Muscogee","40","0","1"
"Female","Newton","1734","54","176"
"Male","Newton","1322","47","150"
"Unknown","Newton","57","0","1"
"Female","Non-GA Resident/Unknown State","6274","91","290"
"Male","Non-GA Resident/Unknown State","7394","107","363"
"Unknown","Non-GA Resident/Unknown State","1903","2","42"
"Female","Oconee","493","18","42"
"Male","Oconee","447","16","35"
"Unknown","Oconee","3","0","0"
"Female","Oglethorpe","264","2","24"
"Male","Oglethorpe","187","11","25"
"Unknown","Oglethorpe","3","0","0"
"Female","Paulding","1864","26","83"
"Male","Paulding","1577","44","79"
"Unknown","Paulding","107","0","9"
"Female","Peach","512","17","71"
"Male","Peach","345","10","38"
"Unknown","Peach","4","0","0"
"Female","Pickens","500","4","38"
"Male","Pickens","419","9","36"
"Unknown","Pickens","17","0","0"
"Female","Pierce","401","14","45"
"Male","Pierce","316","12","42"
"Unknown","Pierce","4","0","0"
"Female","Pike","228","5","23"
"Male","Pike","188","7","11"
"Unknown","Pike","4","0","1"
"Female","Polk","991","14","86"
"Male","Polk","860","16","69"
"Unknown","Polk","30","0","1"
"Female","Pulaski","241","14","23"
"Male","Pulaski","116","10","17"
"Unknown","Pulaski","1","0","0"
"Female","Putnam","451","12","37"
"Male","Putnam","414","16","39"
"Unknown","Putnam","4","0","0"
"Female","Quitman","29","0","4"
"Male","Quitman","12","1","2"
"Unknown","Quitman","2","0","1"
"Female","Rabun","252","7","35"
"Male","Rabun","241","4","22"
"Unknown","Rabun","6","0","0"
"Female","Randolph","203","20","34"
"Male","Randolph","140","10","26"
"Unknown","Randolph","1","0","0"
"Female","Richmond","4751","71","314"
"Male","Richmond","3944","121","331"
"Unknown","Richmond","88","0","17"
"Female","Rockdale","1276","23","171"
"Male","Rockdale","1017","23","147"
"Unknown","Rockdale","46","0","2"
"Female","Schley","62","0","9"
"Male","Schley","56","2","7"
"Female","Screven","268","8","26"
"Male","Screven","191","3","21"
"Unknown","Screven","4","0","0"
"Female","Seminole","255","7","22"
"Male","Seminole","190","5","15"
"Unknown","Seminole","2","0","0"
"Female","Spalding","1030","40","133"
"Male","Spalding","720","28","84"
"Unknown","Spalding","6","0","4"
"Female","Stephens","783","28","74"
"Male","Stephens","580","18","66"
"Unknown","Stephens","9","0","0"
"Female","Stewart","123","7","17"
"Male","Stewart","446","10","64"
"Unknown","Stewart","2","0","0"
"Female","Sumter","576","26","109"
"Male","Sumter","405","43","98"
"Unknown","Sumter","3","0","1"
"Female","Talbot","119","4","15"
"Male","Talbot","73","4","13"
"Unknown","Talbot","2","0","0"
"Female","Taliaferro","19","0","1"
"Male","Taliaferro","13","0","1"
"Female","Tattnall","476","11","36"
"Male","Tattnall","496","8","35"
"Unknown","Tattnall","12","0","0"
"Female","Taylor","148","8","21"
"Male","Taylor","102","5","13"
"Unknown","Taylor","2","0","1"
"Female","Telfair","241","13","21"
"Male","Telfair","249","12","27"
"Unknown","Telfair","22","0","0"
"Female","Terrell","208","15","37"
"Male","Terrell","134","17","37"
"Unknown","Terrell","5","0","0"
"Female","Thomas","961","41","88"
"Male","Thomas","721","33","91"
"Unknown","Thomas","4","0","0"
"Female","Tift","1125","31","156"
"Male","Tift","906","36","96"
"Unknown","Tift","39","0","2"
"Female","Toombs","855","36","60"
"Male","Toombs","701","23","62"
"Unknown","Toombs","11","0","0"
"Female","Towns","290","11","38"
"Male","Towns","212","5","28"
"Unknown","Towns","5","0","0"
"Female","Treutlen","191","6","16"
"Male","Treutlen","127","7","17"
"Unknown","Treutlen","5","0","0"
"Female","Troup","1764","67","192"
"Male","Troup","1310","47","158"
"Unknown","Troup","104","1","2"
"Female","Turner","218","9","26"
"Male","Turner","127","16","28"
"Unknown","Turner","11","0","0"
"Female","Twiggs","131","4","26"
"Male","Twiggs","102","8","29"
"Unknown","Twiggs","1","0","0"
"Female","Union","577","19","46"
"Male","Union","394","12","58"
"Unknown","Union","8","0","1"
"Female","Unknown","822","1","12"
"Male","Unknown","942","3","16"
"Unknown","Unknown","273","1","6"
"Female","Upson","499","42","56"
"Male","Upson","375","29","43"
"Unknown","Upson","5","0","0"
"Female","Walker","1173","25","44"
"Male","Walker","1027","24","59"
"Unknown","Walker","27","0","0"
"Female","Walton","1462","35","110"
"Male","Walton","1071","40","132"
"Unknown","Walton","29","0","1"
"Female","Ware","963","32","96"
"Male","Ware","848","38","110"
"Unknown","Ware","24","0","3"
"Female","Warren","100","2","21"
"Male","Warren","74","4","7"
"Unknown","Warren","2","0","0"
"Female","Washington","514","7","29"
"Male","Washington","392","9","23"
"Unknown","Washington","13","0","0"
"Female","Wayne","661","22","63"
"Male","Wayne","663","19","64"
"Unknown","Wayne","10","0","0"
"Female","Webster","27","1","6"
"Male","Webster","18","1","4"
"Female","Wheeler","106","0","2"
"Male","Wheeler","245","17","21"
"Unknown","Wheeler","19","0","0"
"Female","White","594","13","58"
"Male","White","489","13","61"
"Unknown","White","19","0","1"
"Female","Whitfield","3492","28","153"
"Male","Whitfield","3120","43","166"
"Unknown","Whitfield","56","0","3"
"Female","Wilcox","118","10","17"
"Male","Wilcox","147","16","36"
"Unknown","Wilcox","1","0","0"
"Female","Wilkes","176","2","18"
"Male","Wilkes","167","5","24"
"Unknown","Wilkes","1","0","0"
"Female","Wilkinson","218","10","35"
"Male","Wilkinson","176","8","34"
"Unknown","Wilkinson","2","0","0"
"Female","Worth","379","18","64"
"Male","Worth","238","17","41"
"Unknown","Worth","3","0","0"
