"age group","county name","cases","deaths","confirmed_case_hospitalization"
"01-04 years","Georgia","28199","3","430"
"05-09 years","Georgia","51433","5","363"
"10-17 years","Georgia","140434","15","1359"
"18-29 years","Georgia","328506","230","6949"
"30-39 years","Georgia","251615","605","8746"
"40-49 years","Georgia","228392","1353","11856"
"50-59 years","Georgia","203793","3148","17082"
"60-69 years","Georgia","133568","5612","19046"
"70-79 years","Georgia","74432","7163","17141"
"80 & Older years","Georgia","39965","8337","12577"
"<1 years","Georgia","9466","1","520"
"Unknown years","Georgia","3451","0","172"
"01-04 years","Appling","57","0","0"
"05-09 years","Appling","95","0","0"
"10-17 years","Appling","344","0","3"
"18-29 years","Appling","515","1","8"
"30-39 years","Appling","384","3","10"
"40-49 years","Appling","386","9","28"
"50-59 years","Appling","407","11","44"
"60-69 years","Appling","336","22","67"
"70-79 years","Appling","225","25","46"
"80 & Older years","Appling","117","28","41"
"<1 years","Appling","11","0","0"
"01-04 years","Atkinson","23","0","1"
"05-09 years","Atkinson","46","0","1"
"10-17 years","Atkinson","119","0","1"
"18-29 years","Atkinson","256","0","15"
"30-39 years","Atkinson","191","0","15"
"40-49 years","Atkinson","189","4","34"
"50-59 years","Atkinson","186","5","37"
"60-69 years","Atkinson","123","7","40"
"70-79 years","Atkinson","63","8","25"
"80 & Older years","Atkinson","22","8","14"
"<1 years","Atkinson","7","0","0"
"01-04 years","Bacon","40","0","0"
"05-09 years","Bacon","56","0","0"
"10-17 years","Bacon","172","0","1"
"18-29 years","Bacon","532","0","9"
"30-39 years","Bacon","295","1","11"
"40-49 years","Bacon","299","5","22"
"50-59 years","Bacon","228","3","22"
"60-69 years","Bacon","211","17","47"
"70-79 years","Bacon","128","13","36"
"80 & Older years","Bacon","57","13","20"
"<1 years","Bacon","14","0","0"
"Unknown years","Bacon","1","0","0"
"01-04 years","Baker","10","0","0"
"05-09 years","Baker","13","0","0"
"10-17 years","Baker","16","0","0"
"18-29 years","Baker","45","0","0"
"30-39 years","Baker","28","0","4"
"40-49 years","Baker","28","3","3"
"50-59 years","Baker","35","0","4"
"60-69 years","Baker","39","3","16"
"70-79 years","Baker","20","3","11"
"80 & Older years","Baker","15","4","6"
"<1 years","Baker","2","0","0"
"01-04 years","Baldwin","79","0","1"
"05-09 years","Baldwin","159","0","0"
"10-17 years","Baldwin","443","1","5"
"18-29 years","Baldwin","1739","0","21"
"30-39 years","Baldwin","784","2","20"
"40-49 years","Baldwin","763","5","43"
"50-59 years","Baldwin","734","22","77"
"60-69 years","Baldwin","554","40","90"
"70-79 years","Baldwin","330","44","69"
"80 & Older years","Baldwin","203","62","74"
"<1 years","Baldwin","29","0","1"
"Unknown years","Baldwin","1","0","0"
"01-04 years","Banks","31","0","1"
"05-09 years","Banks","62","0","1"
"10-17 years","Banks","204","0","5"
"18-29 years","Banks","518","0","19"
"30-39 years","Banks","386","0","18"
"40-49 years","Banks","393","5","29"
"50-59 years","Banks","396","6","40"
"60-69 years","Banks","322","15","68"
"70-79 years","Banks","229","24","77"
"80 & Older years","Banks","104","15","36"
"<1 years","Banks","17","0","2"
"Unknown years","Banks","19","0","1"
"01-04 years","Barrow","242","0","1"
"05-09 years","Barrow","480","0","2"
"10-17 years","Barrow","1496","1","13"
"18-29 years","Barrow","3033","1","61"
"30-39 years","Barrow","2675","3","84"
"40-49 years","Barrow","2570","13","120"
"50-59 years","Barrow","2139","19","173"
"60-69 years","Barrow","1387","48","194"
"70-79 years","Barrow","764","53","138"
"80 & Older years","Barrow","338","61","116"
"<1 years","Barrow","94","0","8"
"Unknown years","Barrow","13","0","2"
"01-04 years","Bartow","308","0","11"
"05-09 years","Bartow","477","0","4"
"10-17 years","Bartow","1640","0","16"
"18-29 years","Bartow","3472","0","39"
"30-39 years","Bartow","2807","6","64"
"40-49 years","Bartow","2760","8","119"
"50-59 years","Bartow","2732","35","216"
"60-69 years","Bartow","1730","78","219"
"70-79 years","Bartow","1136","108","247"
"80 & Older years","Bartow","533","94","151"
"<1 years","Bartow","118","0","7"
"Unknown years","Bartow","40","0","3"
"01-04 years","Ben Hill","39","0","1"
"05-09 years","Ben Hill","32","0","0"
"10-17 years","Ben Hill","150","0","0"
"18-29 years","Ben Hill","376","0","5"
"30-39 years","Ben Hill","281","3","12"
"40-49 years","Ben Hill","263","2","14"
"50-59 years","Ben Hill","285","8","34"
"60-69 years","Ben Hill","241","17","36"
"70-79 years","Ben Hill","162","22","56"
"80 & Older years","Ben Hill","77","20","21"
"<1 years","Ben Hill","12","0","2"
"01-04 years","Berrien","41","0","1"
"05-09 years","Berrien","45","0","0"
"10-17 years","Berrien","150","0","1"
"18-29 years","Berrien","297","0","0"
"30-39 years","Berrien","262","0","4"
"40-49 years","Berrien","204","1","7"
"50-59 years","Berrien","224","6","22"
"60-69 years","Berrien","177","11","27"
"70-79 years","Berrien","122","18","22"
"80 & Older years","Berrien","61","15","15"
"<1 years","Berrien","10","0","0"
"Unknown years","Berrien","1","0","0"
"01-04 years","Bibb","354","0","6"
"05-09 years","Bibb","619","0","3"
"10-17 years","Bibb","1737","0","14"
"18-29 years","Bibb","5258","4","134"
"30-39 years","Bibb","3904","11","188"
"40-49 years","Bibb","3457","28","310"
"50-59 years","Bibb","3080","61","417"
"60-69 years","Bibb","2314","136","548"
"70-79 years","Bibb","1288","167","458"
"80 & Older years","Bibb","746","194","370"
"<1 years","Bibb","102","0","8"
"Unknown years","Bibb","8","0","1"
"01-04 years","Bleckley","14","0","0"
"05-09 years","Bleckley","38","0","0"
"10-17 years","Bleckley","123","0","0"
"18-29 years","Bleckley","274","0","6"
"30-39 years","Bleckley","160","1","5"
"40-49 years","Bleckley","145","1","2"
"50-59 years","Bleckley","152","4","9"
"60-69 years","Bleckley","109","9","15"
"70-79 years","Bleckley","75","8","14"
"80 & Older years","Bleckley","63","18","14"
"<1 years","Bleckley","9","0","0"
"01-04 years","Brantley","35","0","0"
"05-09 years","Brantley","66","0","0"
"10-17 years","Brantley","211","0","1"
"18-29 years","Brantley","362","0","5"
"30-39 years","Brantley","282","3","8"
"40-49 years","Brantley","270","5","20"
"50-59 years","Brantley","306","17","34"
"60-69 years","Brantley","213","15","37"
"70-79 years","Brantley","143","24","44"
"80 & Older years","Brantley","62","13","17"
"<1 years","Brantley","5","0","0"
"01-04 years","Brooks","31","0","1"
"05-09 years","Brooks","53","0","0"
"10-17 years","Brooks","126","0","0"
"18-29 years","Brooks","272","0","4"
"30-39 years","Brooks","209","1","10"
"40-49 years","Brooks","193","2","15"
"50-59 years","Brooks","230","6","30"
"60-69 years","Brooks","142","12","28"
"70-79 years","Brooks","120","16","26"
"80 & Older years","Brooks","77","19","22"
"<1 years","Brooks","12","0","0"
"01-04 years","Bryan","128","0","0"
"05-09 years","Bryan","232","0","2"
"10-17 years","Bryan","614","0","4"
"18-29 years","Bryan","921","1","20"
"30-39 years","Bryan","845","4","29"
"40-49 years","Bryan","840","5","49"
"50-59 years","Bryan","582","8","53"
"60-69 years","Bryan","385","18","61"
"70-79 years","Bryan","231","19","87"
"80 & Older years","Bryan","83","10","31"
"<1 years","Bryan","52","0","3"
"Unknown years","Bryan","8","0","0"
"01-04 years","Bulloch","161","0","1"
"05-09 years","Bulloch","319","0","1"
"10-17 years","Bulloch","887","0","3"
"18-29 years","Bulloch","3167","1","15"
"30-39 years","Bulloch","1141","5","31"
"40-49 years","Bulloch","917","7","37"
"50-59 years","Bulloch","778","18","61"
"60-69 years","Bulloch","546","24","71"
"70-79 years","Bulloch","266","26","60"
"80 & Older years","Bulloch","130","19","43"
"<1 years","Bulloch","70","0","4"
"Unknown years","Bulloch","2","0","0"
"01-04 years","Burke","36","0","0"
"05-09 years","Burke","75","0","0"
"10-17 years","Burke","202","0","1"
"18-29 years","Burke","495","2","13"
"30-39 years","Burke","394","1","18"
"40-49 years","Burke","395","4","23"
"50-59 years","Burke","354","6","39"
"60-69 years","Burke","279","8","49"
"70-79 years","Burke","141","16","42"
"80 & Older years","Burke","49","11","19"
"<1 years","Burke","16","0","0"
"Unknown years","Burke","2","0","0"
"01-04 years","Butts","60","0","3"
"05-09 years","Butts","87","0","0"
"10-17 years","Butts","292","0","5"
"18-29 years","Butts","744","0","10"
"30-39 years","Butts","671","0","11"
"40-49 years","Butts","595","5","26"
"50-59 years","Butts","608","17","50"
"60-69 years","Butts","401","19","50"
"70-79 years","Butts","273","34","47"
"80 & Older years","Butts","156","39","15"
"<1 years","Butts","28","0","3"
"01-04 years","Calhoun","16","0","0"
"05-09 years","Calhoun","13","0","0"
"10-17 years","Calhoun","62","0","1"
"18-29 years","Calhoun","101","0","6"
"30-39 years","Calhoun","82","3","7"
"40-49 years","Calhoun","102","1","11"
"50-59 years","Calhoun","105","4","21"
"60-69 years","Calhoun","91","4","25"
"70-79 years","Calhoun","34","7","11"
"80 & Older years","Calhoun","22","2","10"
"<1 years","Calhoun","5","0","0"
"Unknown years","Calhoun","1","0","0"
"01-04 years","Camden","143","0","0"
"05-09 years","Camden","257","0","2"
"10-17 years","Camden","651","0","1"
"18-29 years","Camden","1461","0","11"
"30-39 years","Camden","1166","3","26"
"40-49 years","Camden","824","10","29"
"50-59 years","Camden","857","12","38"
"60-69 years","Camden","590","22","52"
"70-79 years","Camden","326","13","35"
"80 & Older years","Camden","134","22","29"
"<1 years","Camden","25","0","2"
"Unknown years","Camden","12","0","0"
"01-04 years","Candler","16","0","0"
"05-09 years","Candler","41","0","0"
"10-17 years","Candler","108","0","0"
"18-29 years","Candler","196","0","1"
"30-39 years","Candler","159","0","6"
"40-49 years","Candler","173","5","4"
"50-59 years","Candler","189","13","20"
"60-69 years","Candler","136","9","20"
"70-79 years","Candler","96","15","23"
"80 & Older years","Candler","35","8","15"
"<1 years","Candler","7","0","0"
"01-04 years","Carroll","199","0","3"
"05-09 years","Carroll","331","0","3"
"10-17 years","Carroll","1147","0","6"
"18-29 years","Carroll","2707","1","20"
"30-39 years","Carroll","1859","4","26"
"40-49 years","Carroll","1703","10","47"
"50-59 years","Carroll","1604","17","66"
"60-69 years","Carroll","1088","33","101"
"70-79 years","Carroll","604","39","78"
"80 & Older years","Carroll","330","58","52"
"<1 years","Carroll","63","0","2"
"Unknown years","Carroll","15","0","1"
"01-04 years","Catoosa","193","0","1"
"05-09 years","Catoosa","332","0","2"
"10-17 years","Catoosa","959","0","2"
"18-29 years","Catoosa","1765","1","13"
"30-39 years","Catoosa","1398","2","14"
"40-49 years","Catoosa","1473","3","34"
"50-59 years","Catoosa","1311","11","56"
"60-69 years","Catoosa","895","14","76"
"70-79 years","Catoosa","534","26","78"
"80 & Older years","Catoosa","356","42","61"
"<1 years","Catoosa","71","0","1"
"Unknown years","Catoosa","41","0","2"
"01-04 years","Charlton","21","0","0"
"05-09 years","Charlton","47","0","0"
"10-17 years","Charlton","103","0","0"
"18-29 years","Charlton","422","1","3"
"30-39 years","Charlton","352","2","6"
"40-49 years","Charlton","284","3","14"
"50-59 years","Charlton","211","5","13"
"60-69 years","Charlton","200","12","32"
"70-79 years","Charlton","94","11","25"
"80 & Older years","Charlton","40","10","18"
"<1 years","Charlton","8","0","0"
"Unknown years","Charlton","1","0","0"
"01-04 years","Chatham","1093","0","8"
"05-09 years","Chatham","1644","1","5"
"10-17 years","Chatham","3509","0","33"
"18-29 years","Chatham","8962","6","167"
"30-39 years","Chatham","6693","24","255"
"40-49 years","Chatham","4946","42","321"
"50-59 years","Chatham","4141","86","450"
"60-69 years","Chatham","3169","143","579"
"70-79 years","Chatham","1674","173","518"
"80 & Older years","Chatham","958","210","428"
"<1 years","Chatham","407","0","16"
"Unknown years","Chatham","38","0","2"
"01-04 years","Chattahoochee","13","0","0"
"05-09 years","Chattahoochee","30","0","0"
"10-17 years","Chattahoochee","193","0","2"
"18-29 years","Chattahoochee","4657","7","9"
"30-39 years","Chattahoochee","448","2","5"
"40-49 years","Chattahoochee","84","1","1"
"50-59 years","Chattahoochee","51","1","10"
"60-69 years","Chattahoochee","23","1","6"
"70-79 years","Chattahoochee","16","1","5"
"80 & Older years","Chattahoochee","10","3","5"
"<1 years","Chattahoochee","12","0","0"
"Unknown years","Chattahoochee","1","0","0"
"01-04 years","Chattooga","65","0","0"
"05-09 years","Chattooga","119","0","1"
"10-17 years","Chattooga","430","0","3"
"18-29 years","Chattooga","693","0","8"
"30-39 years","Chattooga","596","2","11"
"40-49 years","Chattooga","601","6","30"
"50-59 years","Chattooga","580","12","45"
"60-69 years","Chattooga","438","23","60"
"70-79 years","Chattooga","267","22","68"
"80 & Older years","Chattooga","156","32","40"
"<1 years","Chattooga","29","0","3"
"Unknown years","Chattooga","9","0","1"
"01-04 years","Cherokee","573","0","8"
"05-09 years","Cherokee","1301","0","12"
"10-17 years","Cherokee","4065","0","23"
"18-29 years","Cherokee","7040","2","129"
"30-39 years","Cherokee","5439","8","184"
"40-49 years","Cherokee","5893","13","249"
"50-59 years","Cherokee","5516","44","387"
"60-69 years","Cherokee","3340","84","408"
"70-79 years","Cherokee","2049","127","393"
"80 & Older years","Cherokee","1097","189","327"
"<1 years","Cherokee","179","0","7"
"Unknown years","Cherokee","36","0","0"
"01-04 years","Clarke","358","0","4"
"05-09 years","Clarke","585","0","8"
"10-17 years","Clarke","1285","0","17"
"18-29 years","Clarke","8918","0","109"
"30-39 years","Clarke","2775","3","95"
"40-49 years","Clarke","2142","6","109"
"50-59 years","Clarke","1779","17","142"
"60-69 years","Clarke","1153","35","153"
"70-79 years","Clarke","692","60","160"
"80 & Older years","Clarke","341","60","105"
"<1 years","Clarke","127","0","5"
"Unknown years","Clarke","10","0","0"
"01-04 years","Clay","3","0","0"
"05-09 years","Clay","5","0","0"
"10-17 years","Clay","24","0","0"
"18-29 years","Clay","43","0","0"
"30-39 years","Clay","42","0","2"
"40-49 years","Clay","45","0","2"
"50-59 years","Clay","25","1","3"
"60-69 years","Clay","27","1","2"
"70-79 years","Clay","21","0","1"
"80 & Older years","Clay","14","2","4"
"<1 years","Clay","1","0","0"
"Unknown years","Clay","1","0","0"
"01-04 years","Clayton","1110","0","17"
"05-09 years","Clayton","1882","1","15"
"10-17 years","Clayton","4471","1","70"
"18-29 years","Clayton","9276","9","261"
"30-39 years","Clayton","8471","35","366"
"40-49 years","Clayton","7010","55","394"
"50-59 years","Clayton","5975","112","521"
"60-69 years","Clayton","3601","194","476"
"70-79 years","Clayton","1449","182","309"
"80 & Older years","Clayton","659","160","190"
"<1 years","Clayton","314","0","18"
"Unknown years","Clayton","44","0","7"
"01-04 years","Clinch","25","0","0"
"05-09 years","Clinch","37","0","0"
"10-17 years","Clinch","106","0","0"
"18-29 years","Clinch","201","0","2"
"30-39 years","Clinch","163","1","5"
"40-49 years","Clinch","145","0","4"
"50-59 years","Clinch","144","3","19"
"60-69 years","Clinch","148","12","24"
"70-79 years","Clinch","68","10","23"
"80 & Older years","Clinch","26","8","10"
"<1 years","Clinch","9","0","0"
"01-04 years","Cobb","1962","1","30"
"05-09 years","Cobb","4132","0","29"
"10-17 years","Cobb","10364","0","73"
"18-29 years","Cobb","24975","9","327"
"30-39 years","Cobb","18359","36","381"
"40-49 years","Cobb","16849","61","581"
"50-59 years","Cobb","14264","127","795"
"60-69 years","Cobb","8482","241","792"
"70-79 years","Cobb","4442","367","734"
"80 & Older years","Cobb","2465","511","667"
"<1 years","Cobb","579","0","28"
"Unknown years","Cobb","86","0","1"
"01-04 years","Coffee","147","0","2"
"05-09 years","Coffee","239","0","4"
"10-17 years","Coffee","572","0","6"
"18-29 years","Coffee","1355","1","40"
"30-39 years","Coffee","1054","6","69"
"40-49 years","Coffee","995","16","140"
"50-59 years","Coffee","939","24","196"
"60-69 years","Coffee","701","51","195"
"70-79 years","Coffee","359","54","161"
"80 & Older years","Coffee","187","46","105"
"<1 years","Coffee","43","0","4"
"Unknown years","Coffee","3","0","0"
"01-04 years","Colquitt","91","0","0"
"05-09 years","Colquitt","222","0","2"
"10-17 years","Colquitt","707","0","12"
"18-29 years","Colquitt","1235","1","31"
"30-39 years","Colquitt","911","3","34"
"40-49 years","Colquitt","890","8","49"
"50-59 years","Colquitt","807","24","53"
"60-69 years","Colquitt","570","32","67"
"70-79 years","Colquitt","365","31","67"
"80 & Older years","Colquitt","193","37","43"
"<1 years","Colquitt","40","0","2"
"Unknown years","Colquitt","2","0","0"
"01-04 years","Columbia","257","1","3"
"05-09 years","Columbia","585","1","6"
"10-17 years","Columbia","1747","0","9"
"18-29 years","Columbia","3165","2","38"
"30-39 years","Columbia","2976","7","54"
"40-49 years","Columbia","2533","16","75"
"50-59 years","Columbia","2062","36","115"
"60-69 years","Columbia","1346","45","130"
"70-79 years","Columbia","694","66","149"
"80 & Older years","Columbia","407","88","137"
"<1 years","Columbia","82","0","4"
"Unknown years","Columbia","10","0","0"
"01-04 years","Cook","37","0","3"
"05-09 years","Cook","64","0","0"
"10-17 years","Cook","165","0","2"
"18-29 years","Cook","318","0","9"
"30-39 years","Cook","264","0","4"
"40-49 years","Cook","263","3","19"
"50-59 years","Cook","228","7","23"
"60-69 years","Cook","165","11","24"
"70-79 years","Cook","121","13","30"
"80 & Older years","Cook","75","19","16"
"<1 years","Cook","19","0","2"
"Unknown years","Cook","1","0","0"
"01-04 years","Coweta","314","0","3"
"05-09 years","Coweta","538","0","3"
"10-17 years","Coweta","1669","0","18"
"18-29 years","Coweta","3209","5","81"
"30-39 years","Coweta","2524","12","127"
"40-49 years","Coweta","2584","28","141"
"50-59 years","Coweta","2744","49","209"
"60-69 years","Coweta","1607","66","180"
"70-79 years","Coweta","965","98","194"
"80 & Older years","Coweta","477","102","114"
"<1 years","Coweta","88","0","7"
"Unknown years","Coweta","13","0","0"
"01-04 years","Crawford","8","0","0"
"05-09 years","Crawford","11","0","0"
"10-17 years","Crawford","52","0","2"
"18-29 years","Crawford","148","0","4"
"30-39 years","Crawford","150","1","11"
"40-49 years","Crawford","110","3","8"
"50-59 years","Crawford","175","9","25"
"60-69 years","Crawford","149","12","24"
"70-79 years","Crawford","75","12","23"
"80 & Older years","Crawford","32","3","15"
"<1 years","Crawford","1","0","0"
"01-04 years","Crisp","30","0","0"
"05-09 years","Crisp","56","0","0"
"10-17 years","Crisp","202","0","3"
"18-29 years","Crisp","345","0","13"
"30-39 years","Crisp","321","2","20"
"40-49 years","Crisp","279","4","23"
"50-59 years","Crisp","256","4","31"
"60-69 years","Crisp","238","20","49"
"70-79 years","Crisp","124","16","35"
"80 & Older years","Crisp","75","20","18"
"<1 years","Crisp","17","0","0"
"Unknown years","Crisp","13","0","0"
"01-04 years","Dade","41","0","0"
"05-09 years","Dade","85","0","0"
"10-17 years","Dade","220","0","1"
"18-29 years","Dade","398","0","2"
"30-39 years","Dade","265","0","2"
"40-49 years","Dade","300","1","9"
"50-59 years","Dade","259","3","19"
"60-69 years","Dade","212","2","14"
"70-79 years","Dade","137","10","22"
"80 & Older years","Dade","63","3","12"
"<1 years","Dade","13","0","0"
"Unknown years","Dade","15","0","1"
"01-04 years","Dawson","81","0","0"
"05-09 years","Dawson","139","0","0"
"10-17 years","Dawson","387","0","6"
"18-29 years","Dawson","952","0","20"
"30-39 years","Dawson","774","2","26"
"40-49 years","Dawson","692","1","40"
"50-59 years","Dawson","730","9","60"
"60-69 years","Dawson","568","14","97"
"70-79 years","Dawson","342","28","69"
"80 & Older years","Dawson","138","24","38"
"<1 years","Dawson","27","0","3"
"Unknown years","Dawson","29","0","1"
"01-04 years","DeKalb","2163","0","29"
"05-09 years","DeKalb","3545","0","34"
"10-17 years","DeKalb","7922","0","112"
"18-29 years","DeKalb","22840","16","680"
"30-39 years","DeKalb","20056","29","901"
"40-49 years","DeKalb","15195","62","973"
"50-59 years","DeKalb","12669","158","1249"
"60-69 years","DeKalb","7864","260","1341"
"70-79 years","DeKalb","3833","333","997"
"80 & Older years","DeKalb","2139","418","696"
"<1 years","DeKalb","581","0","30"
"Unknown years","DeKalb","205","0","14"
"01-04 years","Decatur","153","0","2"
"05-09 years","Decatur","167","0","0"
"10-17 years","Decatur","391","0","1"
"18-29 years","Decatur","726","1","19"
"30-39 years","Decatur","537","1","11"
"40-49 years","Decatur","527","3","31"
"50-59 years","Decatur","448","10","44"
"60-69 years","Decatur","333","18","56"
"70-79 years","Decatur","200","24","41"
"80 & Older years","Decatur","120","22","26"
"<1 years","Decatur","46","0","0"
"Unknown years","Decatur","4","0","0"
"01-04 years","Dodge","21","0","0"
"05-09 years","Dodge","41","0","0"
"10-17 years","Dodge","178","1","2"
"18-29 years","Dodge","326","0","7"
"30-39 years","Dodge","224","2","10"
"40-49 years","Dodge","238","3","13"
"50-59 years","Dodge","232","6","23"
"60-69 years","Dodge","175","19","31"
"70-79 years","Dodge","99","18","24"
"80 & Older years","Dodge","62","15","16"
"<1 years","Dodge","10","0","0"
"01-04 years","Dooly","18","0","0"
"05-09 years","Dooly","32","0","0"
"10-17 years","Dooly","113","0","1"
"18-29 years","Dooly","198","1","5"
"30-39 years","Dooly","149","0","11"
"40-49 years","Dooly","196","2","14"
"50-59 years","Dooly","180","6","22"
"60-69 years","Dooly","153","11","26"
"70-79 years","Dooly","71","10","20"
"80 & Older years","Dooly","28","8","6"
"<1 years","Dooly","7","0","0"
"Unknown years","Dooly","4","0","0"
"01-04 years","Dougherty","220","0","4"
"05-09 years","Dougherty","440","0","0"
"10-17 years","Dougherty","926","0","14"
"18-29 years","Dougherty","1954","3","138"
"30-39 years","Dougherty","1637","8","121"
"40-49 years","Dougherty","1407","31","170"
"50-59 years","Dougherty","1315","41","220"
"60-69 years","Dougherty","1068","102","331"
"70-79 years","Dougherty","571","89","224"
"80 & Older years","Dougherty","341","120","166"
"<1 years","Dougherty","82","0","8"
"Unknown years","Dougherty","6","0","0"
"01-04 years","Douglas","449","0","8"
"05-09 years","Douglas","833","0","9"
"10-17 years","Douglas","2307","1","27"
"18-29 years","Douglas","4451","0","71"
"30-39 years","Douglas","3834","7","107"
"40-49 years","Douglas","3963","12","171"
"50-59 years","Douglas","3382","32","230"
"60-69 years","Douglas","1882","60","235"
"70-79 years","Douglas","913","74","185"
"80 & Older years","Douglas","421","70","130"
"<1 years","Douglas","141","0","7"
"Unknown years","Douglas","16","0","1"
"01-04 years","Early","44","0","0"
"05-09 years","Early","55","0","0"
"10-17 years","Early","230","0","0"
"18-29 years","Early","265","1","9"
"30-39 years","Early","234","1","6"
"40-49 years","Early","246","1","13"
"50-59 years","Early","228","5","17"
"60-69 years","Early","149","12","20"
"70-79 years","Early","101","20","23"
"80 & Older years","Early","52","13","17"
"<1 years","Early","6","0","0"
"Unknown years","Early","1","0","0"
"01-04 years","Echols","11","0","0"
"05-09 years","Echols","8","0","0"
"10-17 years","Echols","32","0","1"
"18-29 years","Echols","141","0","2"
"30-39 years","Echols","68","1","4"
"40-49 years","Echols","51","0","1"
"50-59 years","Echols","52","1","2"
"60-69 years","Echols","24","0","0"
"70-79 years","Echols","20","2","3"
"80 & Older years","Echols","5","1","2"
"<1 years","Echols","3","0","0"
"01-04 years","Effingham","176","0","1"
"05-09 years","Effingham","374","0","3"
"10-17 years","Effingham","929","0","2"
"18-29 years","Effingham","1317","1","12"
"30-39 years","Effingham","1287","4","43"
"40-49 years","Effingham","1126","10","70"
"50-59 years","Effingham","1026","32","112"
"60-69 years","Effingham","665","26","118"
"70-79 years","Effingham","352","39","107"
"80 & Older years","Effingham","156","41","49"
"<1 years","Effingham","62","0","5"
"Unknown years","Effingham","6","0","0"
"01-04 years","Elbert","36","0","0"
"05-09 years","Elbert","62","0","0"
"10-17 years","Elbert","161","0","3"
"18-29 years","Elbert","394","1","5"
"30-39 years","Elbert","295","0","12"
"40-49 years","Elbert","303","1","14"
"50-59 years","Elbert","310","2","27"
"60-69 years","Elbert","254","8","35"
"70-79 years","Elbert","195","23","49"
"80 & Older years","Elbert","149","37","49"
"<1 years","Elbert","18","0","4"
"Unknown years","Elbert","4","0","0"
"01-04 years","Emanuel","61","0","2"
"05-09 years","Emanuel","89","0","1"
"10-17 years","Emanuel","318","0","2"
"18-29 years","Emanuel","532","1","4"
"30-39 years","Emanuel","422","0","19"
"40-49 years","Emanuel","431","4","17"
"50-59 years","Emanuel","368","10","39"
"60-69 years","Emanuel","290","16","35"
"70-79 years","Emanuel","182","22","35"
"80 & Older years","Emanuel","73","21","25"
"<1 years","Emanuel","14","0","1"
"Unknown years","Emanuel","3","0","1"
"01-04 years","Evans","25","0","0"
"05-09 years","Evans","45","0","0"
"10-17 years","Evans","118","0","2"
"18-29 years","Evans","230","1","3"
"30-39 years","Evans","206","0","4"
"40-49 years","Evans","181","4","22"
"50-59 years","Evans","175","6","21"
"60-69 years","Evans","105","7","21"
"70-79 years","Evans","66","14","24"
"80 & Older years","Evans","24","4","14"
"<1 years","Evans","6","0","0"
"Unknown years","Evans","1","0","0"
"01-04 years","Fannin","33","0","1"
"05-09 years","Fannin","79","0","0"
"10-17 years","Fannin","280","0","2"
"18-29 years","Fannin","494","0","8"
"30-39 years","Fannin","385","2","11"
"40-49 years","Fannin","450","5","19"
"50-59 years","Fannin","566","7","46"
"60-69 years","Fannin","570","19","66"
"70-79 years","Fannin","391","26","74"
"80 & Older years","Fannin","190","38","56"
"<1 years","Fannin","8","0","0"
"Unknown years","Fannin","1","0","0"
"01-04 years","Fayette","229","0","1"
"05-09 years","Fayette","474","0","4"
"10-17 years","Fayette","1357","0","13"
"18-29 years","Fayette","2354","4","35"
"30-39 years","Fayette","1679","6","48"
"40-49 years","Fayette","2082","6","86"
"50-59 years","Fayette","2047","16","151"
"60-69 years","Fayette","1428","34","137"
"70-79 years","Fayette","745","82","169"
"80 & Older years","Fayette","431","81","108"
"<1 years","Fayette","68","0","3"
"Unknown years","Fayette","15","0","0"
"01-04 years","Floyd","307","0","6"
"05-09 years","Floyd","577","0","1"
"10-17 years","Floyd","1916","1","15"
"18-29 years","Floyd","3642","3","56"
"30-39 years","Floyd","2761","7","73"
"40-49 years","Floyd","2511","17","139"
"50-59 years","Floyd","2472","44","235"
"60-69 years","Floyd","1704","62","278"
"70-79 years","Floyd","1047","91","277"
"80 & Older years","Floyd","555","101","199"
"<1 years","Floyd","133","0","8"
"Unknown years","Floyd","73","0","2"
"01-04 years","Forsyth","655","0","9"
"05-09 years","Forsyth","1797","0","2"
"10-17 years","Forsyth","4688","0","12"
"18-29 years","Forsyth","5378","0","65"
"30-39 years","Forsyth","4513","3","95"
"40-49 years","Forsyth","5754","12","183"
"50-59 years","Forsyth","4812","27","247"
"60-69 years","Forsyth","2473","47","236"
"70-79 years","Forsyth","1421","87","283"
"80 & Older years","Forsyth","759","117","221"
"<1 years","Forsyth","144","0","7"
"Unknown years","Forsyth","282","0","1"
"01-04 years","Franklin","44","0","1"
"05-09 years","Franklin","94","0","0"
"10-17 years","Franklin","328","0","6"
"18-29 years","Franklin","674","1","16"
"30-39 years","Franklin","486","0","13"
"40-49 years","Franklin","500","2","22"
"50-59 years","Franklin","505","4","38"
"60-69 years","Franklin","440","9","47"
"70-79 years","Franklin","272","27","50"
"80 & Older years","Franklin","133","26","34"
"<1 years","Franklin","20","0","3"
"Unknown years","Franklin","28","0","0"
"01-04 years","Fulton","2734","0","56"
"05-09 years","Fulton","4901","0","44"
"10-17 years","Fulton","12627","1","129"
"18-29 years","Fulton","36539","6","809"
"30-39 years","Fulton","28957","50","1041"
"40-49 years","Fulton","22010","64","1123"
"50-59 years","Fulton","18285","188","1581"
"60-69 years","Fulton","10490","331","1471"
"70-79 years","Fulton","5297","462","1195"
"80 & Older years","Fulton","3408","634","1080"
"<1 years","Fulton","779","0","42"
"Unknown years","Fulton","176","0","41"
"01-04 years","Gilmer","51","0","2"
"05-09 years","Gilmer","68","0","0"
"10-17 years","Gilmer","319","0","3"
"18-29 years","Gilmer","535","0","23"
"30-39 years","Gilmer","504","2","27"
"40-49 years","Gilmer","521","1","28"
"50-59 years","Gilmer","586","16","52"
"60-69 years","Gilmer","554","20","75"
"70-79 years","Gilmer","391","40","99"
"80 & Older years","Gilmer","186","43","59"
"<1 years","Gilmer","19","0","0"
"01-04 years","Glascock","1","0","0"
"05-09 years","Glascock","7","0","0"
"10-17 years","Glascock","7","0","0"
"18-29 years","Glascock","37","0","1"
"30-39 years","Glascock","29","0","2"
"40-49 years","Glascock","31","0","1"
"50-59 years","Glascock","40","2","5"
"60-69 years","Glascock","20","0","5"
"70-79 years","Glascock","28","3","9"
"80 & Older years","Glascock","9","2","5"
"<1 years","Glascock","1","0","0"
"Unknown years","Glascock","1","0","0"
"01-04 years","Glynn","311","0","2"
"05-09 years","Glynn","620","0","1"
"10-17 years","Glynn","1503","0","3"
"18-29 years","Glynn","2678","4","37"
"30-39 years","Glynn","2217","9","46"
"40-49 years","Glynn","1829","16","65"
"50-59 years","Glynn","1646","38","111"
"60-69 years","Glynn","1325","77","173"
"70-79 years","Glynn","770","76","126"
"80 & Older years","Glynn","398","87","119"
"<1 years","Glynn","78","0","3"
"Unknown years","Glynn","30","0","0"
"01-04 years","Gordon","170","0","1"
"05-09 years","Gordon","251","1","2"
"10-17 years","Gordon","936","0","7"
"18-29 years","Gordon","1940","3","19"
"30-39 years","Gordon","1523","4","31"
"40-49 years","Gordon","1495","9","45"
"50-59 years","Gordon","1410","23","77"
"60-69 years","Gordon","924","52","86"
"70-79 years","Gordon","492","47","106"
"80 & Older years","Gordon","246","43","68"
"<1 years","Gordon","67","0","4"
"Unknown years","Gordon","42","0","0"
"01-04 years","Grady","71","0","1"
"05-09 years","Grady","129","0","0"
"10-17 years","Grady","298","0","5"
"18-29 years","Grady","426","0","16"
"30-39 years","Grady","386","0","17"
"40-49 years","Grady","382","3","35"
"50-59 years","Grady","347","11","44"
"60-69 years","Grady","252","9","36"
"70-79 years","Grady","216","27","66"
"80 & Older years","Grady","70","18","26"
"<1 years","Grady","34","0","2"
"Unknown years","Grady","6","0","0"
"01-04 years","Greene","36","0","1"
"05-09 years","Greene","79","0","0"
"10-17 years","Greene","234","0","3"
"18-29 years","Greene","444","0","12"
"30-39 years","Greene","339","0","14"
"40-49 years","Greene","296","4","22"
"50-59 years","Greene","375","7","29"
"60-69 years","Greene","356","10","37"
"70-79 years","Greene","256","13","44"
"80 & Older years","Greene","133","31","52"
"<1 years","Greene","13","0","3"
"Unknown years","Greene","2","0","0"
"01-04 years","Gwinnett","2713","0","29"
"05-09 years","Gwinnett","4817","0","30"
"10-17 years","Gwinnett","13124","2","92"
"18-29 years","Gwinnett","29562","18","654"
"30-39 years","Gwinnett","23247","35","717"
"40-49 years","Gwinnett","23498","98","1002"
"50-59 years","Gwinnett","19083","178","1206"
"60-69 years","Gwinnett","10581","300","1178"
"70-79 years","Gwinnett","4678","360","952"
"80 & Older years","Gwinnett","2449","490","815"
"<1 years","Gwinnett","926","0","30"
"Unknown years","Gwinnett","123","0","3"
"01-04 years","Habersham","69","0","2"
"05-09 years","Habersham","130","0","0"
"10-17 years","Habersham","503","1","10"
"18-29 years","Habersham","1305","1","22"
"30-39 years","Habersham","1016","4","40"
"40-49 years","Habersham","1018","5","64"
"50-59 years","Habersham","1073","14","94"
"60-69 years","Habersham","842","31","152"
"70-79 years","Habersham","566","66","154"
"80 & Older years","Habersham","363","83","109"
"<1 years","Habersham","43","0","11"
"Unknown years","Habersham","40","0","2"
"01-04 years","Hall","407","0","9"
"05-09 years","Hall","872","0","9"
"10-17 years","Hall","3311","0","42"
"18-29 years","Hall","8281","8","242"
"30-39 years","Hall","5800","9","286"
"40-49 years","Hall","5736","33","402"
"50-59 years","Hall","5827","63","571"
"60-69 years","Hall","3831","122","576"
"70-79 years","Hall","2397","177","635"
"80 & Older years","Hall","1307","250","478"
"<1 years","Hall","145","0","21"
"Unknown years","Hall","297","0","10"
"01-04 years","Hancock","11","0","0"
"05-09 years","Hancock","21","0","0"
"10-17 years","Hancock","67","0","1"
"18-29 years","Hancock","196","0","3"
"30-39 years","Hancock","169","1","6"
"40-49 years","Hancock","141","2","7"
"50-59 years","Hancock","189","6","18"
"60-69 years","Hancock","182","20","36"
"70-79 years","Hancock","94","22","28"
"80 & Older years","Hancock","70","25","25"
"<1 years","Hancock","5","0","0"
"Unknown years","Hancock","1","0","0"
"01-04 years","Haralson","40","0","0"
"05-09 years","Haralson","72","0","0"
"10-17 years","Haralson","259","0","2"
"18-29 years","Haralson","543","0","5"
"30-39 years","Haralson","376","0","8"
"40-49 years","Haralson","410","2","10"
"50-59 years","Haralson","431","6","17"
"60-69 years","Haralson","262","14","25"
"70-79 years","Haralson","158","16","20"
"80 & Older years","Haralson","66","10","12"
"<1 years","Haralson","15","0","1"
"Unknown years","Haralson","4","0","0"
"01-04 years","Harris","54","0","0"
"05-09 years","Harris","104","0","0"
"10-17 years","Harris","356","0","3"
"18-29 years","Harris","586","0","12"
"30-39 years","Harris","458","0","15"
"40-49 years","Harris","595","5","25"
"50-59 years","Harris","605","10","50"
"60-69 years","Harris","476","18","79"
"70-79 years","Harris","293","36","66"
"80 & Older years","Harris","89","17","22"
"<1 years","Harris","11","0","0"
"Unknown years","Harris","6","0","0"
"01-04 years","Hart","42","0","0"
"05-09 years","Hart","53","0","1"
"10-17 years","Hart","191","0","0"
"18-29 years","Hart","457","0","4"
"30-39 years","Hart","391","0","12"
"40-49 years","Hart","338","2","20"
"50-59 years","Hart","406","4","30"
"60-69 years","Hart","289","15","36"
"70-79 years","Hart","192","12","36"
"80 & Older years","Hart","104","17","32"
"<1 years","Hart","18","0","1"
"Unknown years","Hart","14","0","0"
"01-04 years","Heard","19","0","1"
"05-09 years","Heard","47","0","0"
"10-17 years","Heard","135","0","2"
"18-29 years","Heard","216","2","4"
"30-39 years","Heard","146","0","2"
"40-49 years","Heard","196","1","18"
"50-59 years","Heard","188","2","11"
"60-69 years","Heard","136","6","17"
"70-79 years","Heard","70","8","18"
"80 & Older years","Heard","32","8","6"
"<1 years","Heard","7","0","0"
"01-04 years","Henry","701","0","14"
"05-09 years","Henry","1380","0","7"
"10-17 years","Henry","3973","0","44"
"18-29 years","Henry","7168","2","146"
"30-39 years","Henry","6149","12","183"
"40-49 years","Henry","6405","40","265"
"50-59 years","Henry","5668","55","314"
"60-69 years","Henry","3005","125","286"
"70-79 years","Henry","1446","130","214"
"80 & Older years","Henry","683","137","137"
"<1 years","Henry","206","0","11"
"Unknown years","Henry","48","0","4"
"01-04 years","Houston","312","0","4"
"05-09 years","Houston","641","0","1"
"10-17 years","Houston","1916","0","10"
"18-29 years","Houston","3761","7","68"
"30-39 years","Houston","3387","7","98"
"40-49 years","Houston","2885","18","152"
"50-59 years","Houston","2328","34","192"
"60-69 years","Houston","1528","73","244"
"70-79 years","Houston","788","81","210"
"80 & Older years","Houston","393","78","129"
"<1 years","Houston","82","1","7"
"Unknown years","Houston","2","0","0"
"01-04 years","Irwin","8","0","0"
"05-09 years","Irwin","16","0","0"
"10-17 years","Irwin","68","0","0"
"18-29 years","Irwin","185","0","6"
"30-39 years","Irwin","149","0","9"
"40-49 years","Irwin","165","1","11"
"50-59 years","Irwin","134","3","13"
"60-69 years","Irwin","103","2","24"
"70-79 years","Irwin","57","8","9"
"80 & Older years","Irwin","41","8","25"
"<1 years","Irwin","2","0","0"
"Unknown years","Irwin","2","0","0"
"01-04 years","Jackson","179","0","3"
"05-09 years","Jackson","415","0","2"
"10-17 years","Jackson","1604","1","13"
"18-29 years","Jackson","2439","3","50"
"30-39 years","Jackson","2442","7","72"
"40-49 years","Jackson","2399","12","111"
"50-59 years","Jackson","2194","21","154"
"60-69 years","Jackson","1451","45","162"
"70-79 years","Jackson","955","57","182"
"80 & Older years","Jackson","442","78","139"
"<1 years","Jackson","53","0","5"
"Unknown years","Jackson","18","0","1"
"01-04 years","Jasper","22","0","0"
"05-09 years","Jasper","25","0","1"
"10-17 years","Jasper","88","0","2"
"18-29 years","Jasper","233","0","12"
"30-39 years","Jasper","179","2","9"
"40-49 years","Jasper","186","1","13"
"50-59 years","Jasper","216","6","24"
"60-69 years","Jasper","147","11","33"
"70-79 years","Jasper","79","7","17"
"80 & Older years","Jasper","33","6","12"
"<1 years","Jasper","15","0","3"
"01-04 years","Jeff Davis","46","0","0"
"05-09 years","Jeff Davis","87","0","0"
"10-17 years","Jeff Davis","188","0","2"
"18-29 years","Jeff Davis","383","0","7"
"30-39 years","Jeff Davis","296","0","9"
"40-49 years","Jeff Davis","289","1","22"
"50-59 years","Jeff Davis","248","9","26"
"60-69 years","Jeff Davis","160","10","25"
"70-79 years","Jeff Davis","117","16","24"
"80 & Older years","Jeff Davis","27","9","7"
"<1 years","Jeff Davis","12","0","1"
"01-04 years","Jefferson","25","0","1"
"05-09 years","Jefferson","45","0","0"
"10-17 years","Jefferson","143","0","2"
"18-29 years","Jefferson","315","0","3"
"30-39 years","Jefferson","273","1","10"
"40-49 years","Jefferson","273","5","21"
"50-59 years","Jefferson","314","8","30"
"60-69 years","Jefferson","285","13","42"
"70-79 years","Jefferson","172","21","49"
"80 & Older years","Jefferson","76","23","33"
"<1 years","Jefferson","10","0","3"
"Unknown years","Jefferson","4","0","0"
"01-04 years","Jenkins","23","0","0"
"05-09 years","Jenkins","32","0","0"
"10-17 years","Jenkins","81","0","1"
"18-29 years","Jenkins","153","0","2"
"30-39 years","Jenkins","104","2","6"
"40-49 years","Jenkins","142","4","14"
"50-59 years","Jenkins","156","7","26"
"60-69 years","Jenkins","99","7","15"
"70-79 years","Jenkins","64","13","21"
"80 & Older years","Jenkins","52","10","11"
"<1 years","Jenkins","4","0","0"
"01-04 years","Johnson","14","0","1"
"05-09 years","Johnson","23","0","0"
"10-17 years","Johnson","69","0","1"
"18-29 years","Johnson","186","0","5"
"30-39 years","Johnson","147","1","6"
"40-49 years","Johnson","143","3","7"
"50-59 years","Johnson","162","7","17"
"60-69 years","Johnson","152","9","24"
"70-79 years","Johnson","103","11","28"
"80 & Older years","Johnson","75","21","25"
"<1 years","Johnson","12","0","3"
"01-04 years","Jones","33","0","1"
"05-09 years","Jones","77","0","0"
"10-17 years","Jones","219","0","1"
"18-29 years","Jones","573","2","16"
"30-39 years","Jones","479","3","17"
"40-49 years","Jones","452","5","29"
"50-59 years","Jones","454","8","50"
"60-69 years","Jones","321","16","65"
"70-79 years","Jones","195","32","66"
"80 & Older years","Jones","101","24","34"
"<1 years","Jones","7","0","0"
"01-04 years","Lamar","73","0","0"
"05-09 years","Lamar","121","0","0"
"10-17 years","Lamar","314","0","5"
"18-29 years","Lamar","448","0","10"
"30-39 years","Lamar","383","2","15"
"40-49 years","Lamar","339","5","19"
"50-59 years","Lamar","323","11","42"
"60-69 years","Lamar","300","24","45"
"70-79 years","Lamar","185","20","37"
"80 & Older years","Lamar","86","24","27"
"<1 years","Lamar","45","0","1"
"Unknown years","Lamar","2","0","0"
"01-04 years","Lanier","15","0","0"
"05-09 years","Lanier","24","0","1"
"10-17 years","Lanier","86","0","1"
"18-29 years","Lanier","169","1","3"
"30-39 years","Lanier","185","0","3"
"40-49 years","Lanier","114","1","4"
"50-59 years","Lanier","99","2","8"
"60-69 years","Lanier","62","3","4"
"70-79 years","Lanier","47","5","7"
"80 & Older years","Lanier","24","0","6"
"<1 years","Lanier","7","0","0"
"Unknown years","Lanier","1","0","0"
"01-04 years","Laurens","124","0","1"
"05-09 years","Laurens","199","0","2"
"10-17 years","Laurens","628","0","5"
"18-29 years","Laurens","1300","0","13"
"30-39 years","Laurens","999","4","22"
"40-49 years","Laurens","955","12","37"
"50-59 years","Laurens","855","28","73"
"60-69 years","Laurens","665","51","105"
"70-79 years","Laurens","411","59","99"
"80 & Older years","Laurens","265","58","72"
"<1 years","Laurens","40","0","5"
"Unknown years","Laurens","7","0","0"
"01-04 years","Lee","58","0","0"
"05-09 years","Lee","92","0","3"
"10-17 years","Lee","278","0","6"
"18-29 years","Lee","478","1","23"
"30-39 years","Lee","547","1","31"
"40-49 years","Lee","502","7","45"
"50-59 years","Lee","421","15","71"
"60-69 years","Lee","274","20","61"
"70-79 years","Lee","118","19","42"
"80 & Older years","Lee","76","15","31"
"<1 years","Lee","20","0","0"
"Unknown years","Lee","3","0","0"
"01-04 years","Liberty","262","0","2"
"05-09 years","Liberty","398","0","3"
"10-17 years","Liberty","820","0","4"
"18-29 years","Liberty","2148","2","24"
"30-39 years","Liberty","1254","4","38"
"40-49 years","Liberty","786","4","29"
"50-59 years","Liberty","685","22","73"
"60-69 years","Liberty","426","26","71"
"70-79 years","Liberty","182","22","64"
"80 & Older years","Liberty","77","19","30"
"<1 years","Liberty","90","0","4"
"Unknown years","Liberty","17","0","0"
"01-04 years","Lincoln","18","0","0"
"05-09 years","Lincoln","21","0","1"
"10-17 years","Lincoln","55","0","0"
"18-29 years","Lincoln","127","0","5"
"30-39 years","Lincoln","111","0","5"
"40-49 years","Lincoln","114","1","10"
"50-59 years","Lincoln","98","3","6"
"60-69 years","Lincoln","93","7","20"
"70-79 years","Lincoln","67","9","17"
"80 & Older years","Lincoln","22","7","10"
"<1 years","Lincoln","4","0","0"
"Unknown years","Lincoln","6","0","0"
"01-04 years","Long","57","0","0"
"05-09 years","Long","89","0","0"
"10-17 years","Long","192","0","0"
"18-29 years","Long","306","0","1"
"30-39 years","Long","287","2","9"
"40-49 years","Long","211","4","13"
"50-59 years","Long","139","3","18"
"60-69 years","Long","111","4","17"
"70-79 years","Long","52","6","15"
"80 & Older years","Long","23","2","11"
"<1 years","Long","22","0","0"
"Unknown years","Long","2","0","0"
"01-04 years","Lowndes","269","0","0"
"05-09 years","Lowndes","385","0","1"
"10-17 years","Lowndes","1012","0","10"
"18-29 years","Lowndes","3508","6","44"
"30-39 years","Lowndes","2082","7","43"
"40-49 years","Lowndes","1577","13","72"
"50-59 years","Lowndes","1296","25","92"
"60-69 years","Lowndes","873","48","117"
"70-79 years","Lowndes","507","63","109"
"80 & Older years","Lowndes","290","74","79"
"<1 years","Lowndes","108","0","1"
"Unknown years","Lowndes","9","0","0"
"01-04 years","Lumpkin","46","0","1"
"05-09 years","Lumpkin","121","0","2"
"10-17 years","Lumpkin","347","0","3"
"18-29 years","Lumpkin","1258","0","23"
"30-39 years","Lumpkin","679","1","22"
"40-49 years","Lumpkin","639","1","36"
"50-59 years","Lumpkin","715","10","77"
"60-69 years","Lumpkin","633","21","87"
"70-79 years","Lumpkin","406","20","95"
"80 & Older years","Lumpkin","198","41","89"
"<1 years","Lumpkin","29","0","3"
"Unknown years","Lumpkin","27","0","2"
"01-04 years","Macon","17","0","0"
"05-09 years","Macon","20","0","0"
"10-17 years","Macon","44","0","0"
"18-29 years","Macon","190","0","5"
"30-39 years","Macon","141","1","4"
"40-49 years","Macon","161","4","9"
"50-59 years","Macon","166","6","26"
"60-69 years","Macon","106","11","31"
"70-79 years","Macon","67","8","22"
"80 & Older years","Macon","27","10","11"
"<1 years","Macon","7","0","0"
"Unknown years","Macon","3","0","1"
"01-04 years","Madison","95","0","3"
"05-09 years","Madison","146","0","0"
"10-17 years","Madison","444","0","2"
"18-29 years","Madison","886","0","21"
"30-39 years","Madison","715","1","28"
"40-49 years","Madison","704","1","35"
"50-59 years","Madison","680","14","48"
"60-69 years","Madison","504","14","61"
"70-79 years","Madison","305","26","72"
"80 & Older years","Madison","115","18","25"
"<1 years","Madison","45","0","6"
"Unknown years","Madison","3","0","0"
"01-04 years","Marion","10","0","0"
"05-09 years","Marion","26","0","1"
"10-17 years","Marion","86","0","0"
"18-29 years","Marion","121","0","5"
"30-39 years","Marion","89","0","4"
"40-49 years","Marion","108","3","8"
"50-59 years","Marion","99","6","13"
"60-69 years","Marion","80","9","14"
"70-79 years","Marion","43","8","13"
"80 & Older years","Marion","39","9","13"
"<1 years","Marion","8","0","0"
"Unknown years","Marion","2","0","0"
"01-04 years","McDuffie","43","0","1"
"05-09 years","McDuffie","63","0","0"
"10-17 years","McDuffie","217","0","1"
"18-29 years","McDuffie","534","0","11"
"30-39 years","McDuffie","397","2","8"
"40-49 years","McDuffie","379","3","23"
"50-59 years","McDuffie","355","12","45"
"60-69 years","McDuffie","264","15","49"
"70-79 years","McDuffie","160","15","58"
"80 & Older years","McDuffie","71","17","31"
"<1 years","McDuffie","6","0","0"
"Unknown years","McDuffie","19","0","0"
"01-04 years","McIntosh","25","0","0"
"05-09 years","McIntosh","50","0","1"
"10-17 years","McIntosh","194","0","0"
"18-29 years","McIntosh","248","0","5"
"30-39 years","McIntosh","202","0","3"
"40-49 years","McIntosh","207","0","6"
"50-59 years","McIntosh","234","3","11"
"60-69 years","McIntosh","178","7","29"
"70-79 years","McIntosh","105","9","23"
"80 & Older years","McIntosh","40","10","13"
"<1 years","McIntosh","3","0","0"
"Unknown years","McIntosh","5","0","0"
"01-04 years","Meriwether","69","0","2"
"05-09 years","Meriwether","76","0","1"
"10-17 years","Meriwether","189","0","2"
"18-29 years","Meriwether","448","0","13"
"30-39 years","Meriwether","347","3","23"
"40-49 years","Meriwether","381","4","28"
"50-59 years","Meriwether","387","12","43"
"60-69 years","Meriwether","334","18","48"
"70-79 years","Meriwether","249","31","53"
"80 & Older years","Meriwether","127","33","32"
"<1 years","Meriwether","20","0","4"
"Unknown years","Meriwether","2","0","0"
"01-04 years","Miller","24","0","0"
"05-09 years","Miller","37","0","0"
"10-17 years","Miller","144","0","1"
"18-29 years","Miller","170","0","1"
"30-39 years","Miller","151","0","0"
"40-49 years","Miller","124","1","7"
"50-59 years","Miller","173","4","18"
"60-69 years","Miller","123","4","14"
"70-79 years","Miller","47","3","5"
"80 & Older years","Miller","33","3","8"
"<1 years","Miller","5","0","0"
"01-04 years","Mitchell","46","0","2"
"05-09 years","Mitchell","74","0","0"
"10-17 years","Mitchell","191","0","5"
"18-29 years","Mitchell","422","1","17"
"30-39 years","Mitchell","374","1","23"
"40-49 years","Mitchell","323","7","28"
"50-59 years","Mitchell","344","13","63"
"60-69 years","Mitchell","273","19","63"
"70-79 years","Mitchell","164","22","59"
"80 & Older years","Mitchell","106","27","35"
"<1 years","Mitchell","16","0","1"
"Unknown years","Mitchell","1","0","0"
"01-04 years","Monroe","29","0","4"
"05-09 years","Monroe","67","0","1"
"10-17 years","Monroe","207","0","0"
"18-29 years","Monroe","560","2","11"
"30-39 years","Monroe","456","0","12"
"40-49 years","Monroe","498","7","29"
"50-59 years","Monroe","508","7","35"
"60-69 years","Monroe","426","29","70"
"70-79 years","Monroe","235","29","58"
"80 & Older years","Monroe","141","45","43"
"<1 years","Monroe","14","0","1"
"01-04 years","Montgomery","15","0","0"
"05-09 years","Montgomery","19","0","0"
"10-17 years","Montgomery","101","0","1"
"18-29 years","Montgomery","246","1","2"
"30-39 years","Montgomery","181","2","6"
"40-49 years","Montgomery","183","1","4"
"50-59 years","Montgomery","168","6","14"
"60-69 years","Montgomery","144","9","16"
"70-79 years","Montgomery","79","12","16"
"80 & Older years","Montgomery","39","10","7"
"<1 years","Montgomery","4","0","0"
"Unknown years","Montgomery","1","0","0"
"01-04 years","Morgan","52","0","0"
"05-09 years","Morgan","83","0","1"
"10-17 years","Morgan","183","0","1"
"18-29 years","Morgan","409","0","9"
"30-39 years","Morgan","331","0","12"
"40-49 years","Morgan","311","1","11"
"50-59 years","Morgan","345","5","28"
"60-69 years","Morgan","230","8","28"
"70-79 years","Morgan","176","7","31"
"80 & Older years","Morgan","86","21","31"
"<1 years","Morgan","30","0","2"
"Unknown years","Morgan","1","0","0"
"01-04 years","Murray","129","0","2"
"05-09 years","Murray","200","0","3"
"10-17 years","Murray","730","0","2"
"18-29 years","Murray","1425","0","16"
"30-39 years","Murray","1072","2","15"
"40-49 years","Murray","1145","10","42"
"50-59 years","Murray","966","19","79"
"60-69 years","Murray","639","25","93"
"70-79 years","Murray","387","54","87"
"80 & Older years","Murray","147","33","40"
"<1 years","Murray","55","0","2"
"01-04 years","Muscogee","491","0","7"
"05-09 years","Muscogee","886","0","0"
"10-17 years","Muscogee","2215","0","23"
"18-29 years","Muscogee","5508","10","147"
"30-39 years","Muscogee","4110","10","183"
"40-49 years","Muscogee","3236","19","214"
"50-59 years","Muscogee","3050","83","353"
"60-69 years","Muscogee","2288","140","435"
"70-79 years","Muscogee","1193","138","309"
"80 & Older years","Muscogee","695","196","252"
"<1 years","Muscogee","154","0","10"
"Unknown years","Muscogee","53","0","0"
"01-04 years","Newton","239","0","16"
"05-09 years","Newton","520","0","7"
"10-17 years","Newton","1386","0","66"
"18-29 years","Newton","2798","1","232"
"30-39 years","Newton","2382","8","208"
"40-49 years","Newton","2448","20","235"
"50-59 years","Newton","2108","47","284"
"60-69 years","Newton","1205","64","224"
"70-79 years","Newton","730","88","204"
"80 & Older years","Newton","412","101","147"
"<1 years","Newton","86","0","15"
"Unknown years","Newton","2","0","1"
"01-04 years","Non-GA Resident/Unknown State","586","0","10"
"05-09 years","Non-GA Resident/Unknown State","923","0","9"
"10-17 years","Non-GA Resident/Unknown State","2389","0","22"
"18-29 years","Non-GA Resident/Unknown State","9440","7","196"
"30-39 years","Non-GA Resident/Unknown State","6926","18","233"
"40-49 years","Non-GA Resident/Unknown State","5871","39","270"
"50-59 years","Non-GA Resident/Unknown State","5390","112","426"
"60-69 years","Non-GA Resident/Unknown State","3783","201","503"
"70-79 years","Non-GA Resident/Unknown State","2382","213","496"
"80 & Older years","Non-GA Resident/Unknown State","1325","196","341"
"<1 years","Non-GA Resident/Unknown State","376","0","20"
"Unknown years","Non-GA Resident/Unknown State","898","0","50"
"01-04 years","Oconee","91","0","0"
"05-09 years","Oconee","192","0","0"
"10-17 years","Oconee","634","0","1"
"18-29 years","Oconee","918","0","15"
"30-39 years","Oconee","652","1","8"
"40-49 years","Oconee","937","3","32"
"50-59 years","Oconee","782","5","24"
"60-69 years","Oconee","492","12","45"
"70-79 years","Oconee","270","19","34"
"80 & Older years","Oconee","174","34","50"
"<1 years","Oconee","22","0","0"
"Unknown years","Oconee","4","0","0"
"01-04 years","Oglethorpe","34","0","0"
"05-09 years","Oglethorpe","63","0","0"
"10-17 years","Oglethorpe","181","0","3"
"18-29 years","Oglethorpe","343","0","8"
"30-39 years","Oglethorpe","251","2","13"
"40-49 years","Oglethorpe","277","3","22"
"50-59 years","Oglethorpe","279","1","29"
"60-69 years","Oglethorpe","220","4","23"
"70-79 years","Oglethorpe","150","15","25"
"80 & Older years","Oglethorpe","85","18","24"
"<1 years","Oglethorpe","16","0","1"
"Unknown years","Oglethorpe","1","0","0"
"01-04 years","Paulding","434","0","5"
"05-09 years","Paulding","835","0","0"
"10-17 years","Paulding","2354","0","10"
"18-29 years","Paulding","3932","1","42"
"30-39 years","Paulding","3638","5","53"
"40-49 years","Paulding","3544","13","79"
"50-59 years","Paulding","3113","38","130"
"60-69 years","Paulding","1625","56","117"
"70-79 years","Paulding","825","59","116"
"80 & Older years","Paulding","451","86","92"
"<1 years","Paulding","155","0","4"
"Unknown years","Paulding","30","0","0"
"01-04 years","Peach","47","0","2"
"05-09 years","Peach","59","0","0"
"10-17 years","Peach","187","0","2"
"18-29 years","Peach","655","1","14"
"30-39 years","Peach","518","3","20"
"40-49 years","Peach","433","9","32"
"50-59 years","Peach","435","14","58"
"60-69 years","Peach","376","21","75"
"70-79 years","Peach","187","26","60"
"80 & Older years","Peach","88","22","38"
"<1 years","Peach","8","0","0"
"01-04 years","Pickens","42","0","3"
"05-09 years","Pickens","92","0","2"
"10-17 years","Pickens","284","0","1"
"18-29 years","Pickens","681","0","18"
"30-39 years","Pickens","542","3","26"
"40-49 years","Pickens","583","1","38"
"50-59 years","Pickens","707","9","58"
"60-69 years","Pickens","554","19","88"
"70-79 years","Pickens","397","29","103"
"80 & Older years","Pickens","172","35","54"
"<1 years","Pickens","9","0","3"
"Unknown years","Pickens","1","0","0"
"01-04 years","Pierce","53","0","0"
"05-09 years","Pierce","69","0","0"
"10-17 years","Pierce","214","1","1"
"18-29 years","Pierce","391","0","8"
"30-39 years","Pierce","291","3","15"
"40-49 years","Pierce","351","5","31"
"50-59 years","Pierce","321","17","43"
"60-69 years","Pierce","234","22","65"
"70-79 years","Pierce","176","24","65"
"80 & Older years","Pierce","65","18","26"
"<1 years","Pierce","24","0","1"
"01-04 years","Pike","61","0","0"
"05-09 years","Pike","94","0","0"
"10-17 years","Pike","248","0","1"
"18-29 years","Pike","326","2","11"
"30-39 years","Pike","333","2","8"
"40-49 years","Pike","371","3","17"
"50-59 years","Pike","293","10","25"
"60-69 years","Pike","208","15","39"
"70-79 years","Pike","117","9","30"
"80 & Older years","Pike","52","12","12"
"<1 years","Pike","23","0","0"
"Unknown years","Pike","3","0","0"
"01-04 years","Polk","122","0","1"
"05-09 years","Polk","200","0","3"
"10-17 years","Polk","708","0","6"
"18-29 years","Polk","1545","0","25"
"30-39 years","Polk","1134","2","34"
"40-49 years","Polk","1049","8","60"
"50-59 years","Polk","1026","25","115"
"60-69 years","Polk","665","33","120"
"70-79 years","Polk","457","41","127"
"80 & Older years","Polk","197","34","67"
"<1 years","Polk","64","0","3"
"Unknown years","Polk","22","0","0"
"01-04 years","Pulaski","15","0","0"
"05-09 years","Pulaski","31","0","0"
"10-17 years","Pulaski","93","0","1"
"18-29 years","Pulaski","160","0","3"
"30-39 years","Pulaski","149","1","3"
"40-49 years","Pulaski","135","0","10"
"50-59 years","Pulaski","146","4","9"
"60-69 years","Pulaski","113","11","16"
"70-79 years","Pulaski","54","13","17"
"80 & Older years","Pulaski","42","13","7"
"<1 years","Pulaski","7","0","0"
"Unknown years","Pulaski","1","0","0"
"01-04 years","Putnam","46","0","0"
"05-09 years","Putnam","83","0","1"
"10-17 years","Putnam","245","0","2"
"18-29 years","Putnam","487","0","6"
"30-39 years","Putnam","441","1","17"
"40-49 years","Putnam","361","4","22"
"50-59 years","Putnam","468","4","37"
"60-69 years","Putnam","396","23","52"
"70-79 years","Putnam","291","26","73"
"80 & Older years","Putnam","119","27","43"
"<1 years","Putnam","15","0","1"
"Unknown years","Putnam","1","0","0"
"01-04 years","Quitman","3","0","0"
"05-09 years","Quitman","5","0","0"
"10-17 years","Quitman","14","0","0"
"18-29 years","Quitman","20","0","2"
"30-39 years","Quitman","19","0","2"
"40-49 years","Quitman","6","0","1"
"50-59 years","Quitman","18","0","2"
"60-69 years","Quitman","29","1","6"
"70-79 years","Quitman","6","1","2"
"80 & Older years","Quitman","11","1","2"
"<1 years","Quitman","2","0","0"
"01-04 years","Rabun","26","0","0"
"05-09 years","Rabun","62","0","0"
"10-17 years","Rabun","204","0","2"
"18-29 years","Rabun","336","2","9"
"30-39 years","Rabun","276","2","14"
"40-49 years","Rabun","300","2","21"
"50-59 years","Rabun","354","4","41"
"60-69 years","Rabun","348","12","44"
"70-79 years","Rabun","268","22","58"
"80 & Older years","Rabun","106","22","35"
"<1 years","Rabun","11","0","1"
"Unknown years","Rabun","4","0","0"
"01-04 years","Randolph","7","0","0"
"05-09 years","Randolph","15","0","0"
"10-17 years","Randolph","39","0","3"
"18-29 years","Randolph","89","1","5"
"30-39 years","Randolph","96","2","8"
"40-49 years","Randolph","79","0","8"
"50-59 years","Randolph","116","6","25"
"60-69 years","Randolph","87","11","19"
"70-79 years","Randolph","57","5","19"
"80 & Older years","Randolph","50","15","17"
"<1 years","Randolph","2","0","0"
"Unknown years","Randolph","2","0","0"
"01-04 years","Richmond","541","0","2"
"05-09 years","Richmond","1072","1","8"
"10-17 years","Richmond","2655","0","29"
"18-29 years","Richmond","6982","15","104"
"30-39 years","Richmond","5344","14","150"
"40-49 years","Richmond","4005","32","186"
"50-59 years","Richmond","3616","60","317"
"60-69 years","Richmond","2715","136","393"
"70-79 years","Richmond","1418","160","399"
"80 & Older years","Richmond","817","194","328"
"<1 years","Richmond","183","0","8"
"Unknown years","Richmond","29","0","0"
"01-04 years","Rockdale","195","0","25"
"05-09 years","Rockdale","407","0","22"
"10-17 years","Rockdale","1109","0","57"
"18-29 years","Rockdale","2296","3","206"
"30-39 years","Rockdale","1953","5","241"
"40-49 years","Rockdale","1999","12","236"
"50-59 years","Rockdale","1849","27","309"
"60-69 years","Rockdale","1056","49","258"
"70-79 years","Rockdale","583","73","229"
"80 & Older years","Rockdale","300","73","156"
"<1 years","Rockdale","54","0","9"
"Unknown years","Rockdale","6","0","2"
"01-04 years","Schley","9","0","0"
"05-09 years","Schley","13","0","0"
"10-17 years","Schley","40","0","0"
"18-29 years","Schley","69","0","2"
"30-39 years","Schley","44","0","0"
"40-49 years","Schley","68","0","5"
"50-59 years","Schley","54","2","8"
"60-69 years","Schley","37","1","7"
"70-79 years","Schley","20","3","4"
"80 & Older years","Schley","9","2","3"
"<1 years","Schley","1","0","0"
"01-04 years","Screven","25","0","1"
"05-09 years","Screven","46","0","0"
"10-17 years","Screven","178","0","1"
"18-29 years","Screven","233","0","7"
"30-39 years","Screven","220","1","6"
"40-49 years","Screven","186","4","12"
"50-59 years","Screven","175","6","21"
"60-69 years","Screven","177","5","19"
"70-79 years","Screven","101","10","21"
"80 & Older years","Screven","45","9","13"
"<1 years","Screven","12","0","0"
"Unknown years","Screven","2","0","0"
"01-04 years","Seminole","23","0","0"
"05-09 years","Seminole","43","0","0"
"10-17 years","Seminole","143","0","1"
"18-29 years","Seminole","213","0","4"
"30-39 years","Seminole","168","0","4"
"40-49 years","Seminole","164","0","11"
"50-59 years","Seminole","171","3","9"
"60-69 years","Seminole","181","6","33"
"70-79 years","Seminole","102","7","21"
"80 & Older years","Seminole","48","7","18"
"<1 years","Seminole","10","0","0"
"Unknown years","Seminole","1","0","0"
"01-04 years","Spalding","193","0","2"
"05-09 years","Spalding","273","0","1"
"10-17 years","Spalding","643","0","5"
"18-29 years","Spalding","1592","4","46"
"30-39 years","Spalding","1355","7","53"
"40-49 years","Spalding","1248","16","83"
"50-59 years","Spalding","1200","39","125"
"60-69 years","Spalding","867","72","149"
"70-79 years","Spalding","566","79","131"
"80 & Older years","Spalding","328","75","89"
"<1 years","Spalding","61","0","3"
"Unknown years","Spalding","11","0","1"
"01-04 years","Stephens","50","0","2"
"05-09 years","Stephens","107","0","1"
"10-17 years","Stephens","434","0","3"
"18-29 years","Stephens","885","1","24"
"30-39 years","Stephens","607","0","11"
"40-49 years","Stephens","685","1","28"
"50-59 years","Stephens","714","11","56"
"60-69 years","Stephens","654","34","94"
"70-79 years","Stephens","432","36","91"
"80 & Older years","Stephens","206","31","50"
"<1 years","Stephens","17","0","1"
"Unknown years","Stephens","11","0","0"
"01-04 years","Stewart","11","0","1"
"05-09 years","Stewart","12","0","0"
"10-17 years","Stewart","33","0","0"
"18-29 years","Stewart","438","0","22"
"30-39 years","Stewart","416","1","28"
"40-49 years","Stewart","261","2","24"
"50-59 years","Stewart","131","2","18"
"60-69 years","Stewart","85","16","31"
"70-79 years","Stewart","28","4","6"
"80 & Older years","Stewart","25","5","7"
"<1 years","Stewart","4","0","0"
"Unknown years","Stewart","13","0","3"
"01-04 years","Sumter","63","0","1"
"05-09 years","Sumter","107","0","0"
"10-17 years","Sumter","236","0","7"
"18-29 years","Sumter","593","2","20"
"30-39 years","Sumter","457","1","37"
"40-49 years","Sumter","420","11","38"
"50-59 years","Sumter","458","12","66"
"60-69 years","Sumter","360","34","88"
"70-79 years","Sumter","223","35","65"
"80 & Older years","Sumter","145","39","60"
"<1 years","Sumter","39","0","4"
"Unknown years","Sumter","2","0","0"
"01-04 years","Talbot","18","0","1"
"05-09 years","Talbot","26","0","0"
"10-17 years","Talbot","61","0","0"
"18-29 years","Talbot","114","0","4"
"30-39 years","Talbot","81","0","3"
"40-49 years","Talbot","104","3","5"
"50-59 years","Talbot","109","6","11"
"60-69 years","Talbot","91","7","21"
"70-79 years","Talbot","53","8","9"
"80 & Older years","Talbot","28","5","10"
"<1 years","Talbot","1","0","0"
"Unknown years","Talbot","2","0","0"
"01-04 years","Taliaferro","2","0","0"
"05-09 years","Taliaferro","1","0","0"
"10-17 years","Taliaferro","11","0","0"
"18-29 years","Taliaferro","21","0","2"
"30-39 years","Taliaferro","21","0","0"
"40-49 years","Taliaferro","25","0","2"
"50-59 years","Taliaferro","13","0","0"
"60-69 years","Taliaferro","26","1","4"
"70-79 years","Taliaferro","11","1","4"
"80 & Older years","Taliaferro","4","1","2"
"<1 years","Taliaferro","1","0","0"
"01-04 years","Tattnall","60","0","1"
"05-09 years","Tattnall","87","0","1"
"10-17 years","Tattnall","272","0","2"
"18-29 years","Tattnall","485","1","3"
"30-39 years","Tattnall","442","2","10"
"40-49 years","Tattnall","425","0","11"
"50-59 years","Tattnall","441","13","33"
"60-69 years","Tattnall","304","22","45"
"70-79 years","Tattnall","165","29","46"
"80 & Older years","Tattnall","63","6","11"
"<1 years","Tattnall","20","0","0"
"01-04 years","Taylor","22","0","1"
"05-09 years","Taylor","34","0","0"
"10-17 years","Taylor","92","0","1"
"18-29 years","Taylor","154","1","6"
"30-39 years","Taylor","111","1","6"
"40-49 years","Taylor","146","2","18"
"50-59 years","Taylor","120","3","20"
"60-69 years","Taylor","96","8","22"
"70-79 years","Taylor","50","9","15"
"80 & Older years","Taylor","31","10","10"
"<1 years","Taylor","6","0","0"
"01-04 years","Telfair","15","0","0"
"05-09 years","Telfair","26","0","0"
"10-17 years","Telfair","56","0","1"
"18-29 years","Telfair","194","0","4"
"30-39 years","Telfair","151","1","5"
"40-49 years","Telfair","158","2","8"
"50-59 years","Telfair","145","8","14"
"60-69 years","Telfair","127","11","22"
"70-79 years","Telfair","80","17","23"
"80 & Older years","Telfair","46","17","13"
"<1 years","Telfair","8","0","0"
"Unknown years","Telfair","3","0","0"
"01-04 years","Terrell","19","0","0"
"05-09 years","Terrell","27","0","0"
"10-17 years","Terrell","86","0","1"
"18-29 years","Terrell","130","0","8"
"30-39 years","Terrell","119","0","14"
"40-49 years","Terrell","97","0","13"
"50-59 years","Terrell","143","7","28"
"60-69 years","Terrell","121","14","44"
"70-79 years","Terrell","73","19","30"
"80 & Older years","Terrell","47","16","21"
"<1 years","Terrell","6","0","0"
"Unknown years","Terrell","1","0","0"
"01-04 years","Thomas","170","1","2"
"05-09 years","Thomas","330","0","3"
"10-17 years","Thomas","811","0","3"
"18-29 years","Thomas","1120","2","42"
"30-39 years","Thomas","912","5","36"
"40-49 years","Thomas","882","11","60"
"50-59 years","Thomas","889","21","85"
"60-69 years","Thomas","663","27","136"
"70-79 years","Thomas","384","44","108"
"80 & Older years","Thomas","224","54","73"
"<1 years","Thomas","59","0","3"
"Unknown years","Thomas","5","0","0"
"01-04 years","Tift","111","0","8"
"05-09 years","Tift","167","0","4"
"10-17 years","Tift","433","0","10"
"18-29 years","Tift","1135","2","37"
"30-39 years","Tift","841","2","44"
"40-49 years","Tift","773","10","77"
"50-59 years","Tift","649","18","90"
"60-69 years","Tift","501","27","101"
"70-79 years","Tift","317","37","102"
"80 & Older years","Tift","196","46","76"
"<1 years","Tift","40","0","2"
"Unknown years","Tift","2","0","0"
"01-04 years","Toombs","54","0","0"
"05-09 years","Toombs","121","0","0"
"10-17 years","Toombs","355","0","2"
"18-29 years","Toombs","909","1","10"
"30-39 years","Toombs","694","2","11"
"40-49 years","Toombs","660","9","37"
"50-59 years","Toombs","639","16","42"
"60-69 years","Toombs","557","31","74"
"70-79 years","Toombs","348","47","56"
"80 & Older years","Toombs","198","49","42"
"<1 years","Toombs","21","0","0"
"01-04 years","Towns","8","0","0"
"05-09 years","Towns","18","0","1"
"10-17 years","Towns","76","0","1"
"18-29 years","Towns","209","0","4"
"30-39 years","Towns","143","1","5"
"40-49 years","Towns","173","2","6"
"50-59 years","Towns","275","7","27"
"60-69 years","Towns","332","8","28"
"70-79 years","Towns","241","16","49"
"80 & Older years","Towns","166","37","66"
"<1 years","Towns","3","0","0"
"01-04 years","Treutlen","13","0","0"
"05-09 years","Treutlen","25","0","1"
"10-17 years","Treutlen","79","0","1"
"18-29 years","Treutlen","160","0","3"
"30-39 years","Treutlen","150","0","5"
"40-49 years","Treutlen","144","5","6"
"50-59 years","Treutlen","139","3","10"
"60-69 years","Treutlen","93","7","15"
"70-79 years","Treutlen","72","17","12"
"80 & Older years","Treutlen","39","13","10"
"<1 years","Treutlen","1","0","0"
"Unknown years","Treutlen","1","0","0"
"01-04 years","Troup","279","0","2"
"05-09 years","Troup","405","0","1"
"10-17 years","Troup","1018","0","11"
"18-29 years","Troup","2185","2","41"
"30-39 years","Troup","1705","10","63"
"40-49 years","Troup","1396","11","70"
"50-59 years","Troup","1345","34","143"
"60-69 years","Troup","963","57","136"
"70-79 years","Troup","515","64","117"
"80 & Older years","Troup","333","94","79"
"<1 years","Troup","105","0","3"
"Unknown years","Troup","11","0","0"
"01-04 years","Turner","13","0","0"
"05-09 years","Turner","19","0","2"
"10-17 years","Turner","39","0","2"
"18-29 years","Turner","147","0","5"
"30-39 years","Turner","155","0","15"
"40-49 years","Turner","147","1","9"
"50-59 years","Turner","132","2","19"
"60-69 years","Turner","107","9","31"
"70-79 years","Turner","63","11","16"
"80 & Older years","Turner","39","18","17"
"<1 years","Turner","7","0","1"
"01-04 years","Twiggs","17","0","1"
"05-09 years","Twiggs","18","0","1"
"10-17 years","Twiggs","54","0","1"
"18-29 years","Twiggs","124","0","3"
"30-39 years","Twiggs","110","1","4"
"40-49 years","Twiggs","114","2","11"
"50-59 years","Twiggs","150","4","26"
"60-69 years","Twiggs","134","13","42"
"70-79 years","Twiggs","75","14","30"
"80 & Older years","Twiggs","35","15","19"
"<1 years","Twiggs","2","0","0"
"01-04 years","Union","23","0","0"
"05-09 years","Union","66","0","0"
"10-17 years","Union","206","0","2"
"18-29 years","Union","425","1","6"
"30-39 years","Union","414","3","8"
"40-49 years","Union","389","2","23"
"50-59 years","Union","506","6","40"
"60-69 years","Union","606","20","81"
"70-79 years","Union","506","35","108"
"80 & Older years","Union","271","53","86"
"<1 years","Union","11","0","2"
"Unknown years","Union","7","0","0"
"01-04 years","Unknown","84","0","1"
"05-09 years","Unknown","109","0","0"
"10-17 years","Unknown","332","0","1"
"18-29 years","Unknown","1061","1","11"
"30-39 years","Unknown","611","0","8"
"40-49 years","Unknown","521","1","6"
"50-59 years","Unknown","430","1","10"
"60-69 years","Unknown","275","2","13"
"70-79 years","Unknown","149","1","10"
"80 & Older years","Unknown","74","0","7"
"<1 years","Unknown","78","0","2"
"Unknown years","Unknown","114","0","4"
"01-04 years","Upson","86","0","1"
"05-09 years","Upson","132","0","0"
"10-17 years","Upson","326","1","4"
"18-29 years","Upson","616","0","10"
"30-39 years","Upson","451","2","12"
"40-49 years","Upson","428","2","21"
"50-59 years","Upson","414","13","42"
"60-69 years","Upson","358","31","57"
"70-79 years","Upson","242","44","67"
"80 & Older years","Upson","132","47","45"
"<1 years","Upson","41","0","2"
"Unknown years","Upson","11","0","0"
"01-04 years","Walker","183","0","1"
"05-09 years","Walker","382","0","1"
"10-17 years","Walker","1008","0","9"
"18-29 years","Walker","1933","0","26"
"30-39 years","Walker","1548","1","24"
"40-49 years","Walker","1697","11","56"
"50-59 years","Walker","1470","8","66"
"60-69 years","Walker","1122","30","98"
"70-79 years","Walker","729","44","95"
"80 & Older years","Walker","323","44","60"
"<1 years","Walker","75","0","3"
"Unknown years","Walker","76","0","4"
"01-04 years","Walton","185","0","5"
"05-09 years","Walton","368","0","10"
"10-17 years","Walton","1124","0","29"
"18-29 years","Walton","2357","3","134"
"30-39 years","Walton","2077","6","105"
"40-49 years","Walton","2092","10","148"
"50-59 years","Walton","1982","30","186"
"60-69 years","Walton","1327","52","203"
"70-79 years","Walton","912","102","195"
"80 & Older years","Walton","510","127","133"
"<1 years","Walton","75","0","7"
"Unknown years","Walton","9","0","0"
"01-04 years","Ware","127","0","1"
"05-09 years","Ware","159","0","0"
"10-17 years","Ware","436","0","4"
"18-29 years","Ware","883","1","16"
"30-39 years","Ware","720","3","37"
"40-49 years","Ware","651","5","55"
"50-59 years","Ware","612","34","123"
"60-69 years","Ware","445","36","109"
"70-79 years","Ware","342","56","130"
"80 & Older years","Ware","245","72","84"
"<1 years","Ware","45","0","2"
"01-04 years","Warren","10","0","0"
"05-09 years","Warren","10","0","0"
"10-17 years","Warren","38","0","0"
"18-29 years","Warren","114","0","3"
"30-39 years","Warren","81","0","5"
"40-49 years","Warren","77","3","7"
"50-59 years","Warren","86","3","11"
"60-69 years","Warren","62","3","10"
"70-79 years","Warren","44","6","15"
"80 & Older years","Warren","23","5","9"
"<1 years","Warren","7","0","1"
"Unknown years","Warren","4","0","0"
"01-04 years","Washington","70","0","0"
"05-09 years","Washington","92","0","0"
"10-17 years","Washington","297","1","4"
"18-29 years","Washington","423","0","8"
"30-39 years","Washington","384","2","14"
"40-49 years","Washington","376","6","16"
"50-59 years","Washington","329","10","17"
"60-69 years","Washington","287","17","35"
"70-79 years","Washington","147","14","27"
"80 & Older years","Washington","83","29","16"
"<1 years","Washington","28","0","0"
"Unknown years","Washington","2","0","0"
"01-04 years","Wayne","64","0","2"
"05-09 years","Wayne","112","0","0"
"10-17 years","Wayne","396","0","2"
"18-29 years","Wayne","780","1","16"
"30-39 years","Wayne","737","6","22"
"40-49 years","Wayne","771","13","57"
"50-59 years","Wayne","668","24","63"
"60-69 years","Wayne","496","38","95"
"70-79 years","Wayne","350","41","100"
"80 & Older years","Wayne","158","38","39"
"<1 years","Wayne","26","0","2"
"Unknown years","Wayne","1","0","0"
"05-09 years","Webster","8","0","0"
"10-17 years","Webster","16","0","0"
"18-29 years","Webster","37","0","3"
"30-39 years","Webster","19","0","1"
"40-49 years","Webster","29","0","2"
"50-59 years","Webster","29","3","8"
"60-69 years","Webster","30","1","4"
"70-79 years","Webster","13","2","4"
"80 & Older years","Webster","5","1","1"
"<1 years","Webster","3","0","0"
"Unknown years","Webster","2","0","0"
"01-04 years","Wheeler","3","0","0"
"05-09 years","Wheeler","9","0","1"
"10-17 years","Wheeler","41","0","0"
"18-29 years","Wheeler","90","0","0"
"30-39 years","Wheeler","110","2","2"
"40-49 years","Wheeler","106","3","3"
"50-59 years","Wheeler","116","9","12"
"60-69 years","Wheeler","73","6","10"
"70-79 years","Wheeler","50","8","12"
"80 & Older years","Wheeler","10","4","2"
"<1 years","Wheeler","2","0","0"
"Unknown years","Wheeler","23","0","1"
"01-04 years","White","43","0","1"
"05-09 years","White","116","0","1"
"10-17 years","White","449","0","2"
"18-29 years","White","768","1","14"
"30-39 years","White","621","2","12"
"40-49 years","White","694","8","34"
"50-59 years","White","759","10","66"
"60-69 years","White","666","20","89"
"70-79 years","White","504","31","110"
"80 & Older years","White","262","46","93"
"<1 years","White","15","0","0"
"Unknown years","White","14","0","0"
"01-04 years","Whitfield","329","0","3"
"05-09 years","Whitfield","639","0","3"
"10-17 years","Whitfield","2051","0","9"
"18-29 years","Whitfield","4936","3","65"
"30-39 years","Whitfield","3401","6","85"
"40-49 years","Whitfield","3294","12","116"
"50-59 years","Whitfield","2905","55","175"
"60-69 years","Whitfield","1760","63","202"
"70-79 years","Whitfield","988","80","183"
"80 & Older years","Whitfield","538","114","139"
"<1 years","Whitfield","129","0","5"
"Unknown years","Whitfield","7","0","0"
"01-04 years","Wilcox","21","0","1"
"05-09 years","Wilcox","28","0","0"
"10-17 years","Wilcox","55","0","0"
"18-29 years","Wilcox","80","0","1"
"30-39 years","Wilcox","77","0","3"
"40-49 years","Wilcox","95","0","12"
"50-59 years","Wilcox","104","2","18"
"60-69 years","Wilcox","111","10","30"
"70-79 years","Wilcox","62","12","11"
"80 & Older years","Wilcox","27","8","8"
"<1 years","Wilcox","8","0","1"
"01-04 years","Wilkes","13","0","0"
"05-09 years","Wilkes","25","0","0"
"10-17 years","Wilkes","80","0","1"
"18-29 years","Wilkes","178","0","5"
"30-39 years","Wilkes","122","0","7"
"40-49 years","Wilkes","149","1","16"
"50-59 years","Wilkes","136","3","14"
"60-69 years","Wilkes","113","4","24"
"70-79 years","Wilkes","79","9","29"
"80 & Older years","Wilkes","45","10","20"
"<1 years","Wilkes","7","0","1"
"Unknown years","Wilkes","2","0","0"
"01-04 years","Wilkinson","20","0","0"
"05-09 years","Wilkinson","28","0","0"
"10-17 years","Wilkinson","100","0","1"
"18-29 years","Wilkinson","202","0","4"
"30-39 years","Wilkinson","183","0","11"
"40-49 years","Wilkinson","169","0","10"
"50-59 years","Wilkinson","205","6","30"
"60-69 years","Wilkinson","184","18","51"
"70-79 years","Wilkinson","83","11","23"
"80 & Older years","Wilkinson","48","7","19"
"<1 years","Wilkinson","6","0","0"
"Unknown years","Wilkinson","3","0","0"
"01-04 years","Worth","32","0","0"
"05-09 years","Worth","53","0","0"
"10-17 years","Worth","171","1","3"
"18-29 years","Worth","330","1","16"
"30-39 years","Worth","243","0","18"
"40-49 years","Worth","249","3","26"
"50-59 years","Worth","263","7","38"
"60-69 years","Worth","251","23","64"
"70-79 years","Worth","143","21","43"
"80 & Older years","Worth","89","23","34"
"<1 years","Worth","10","0","0"
"Unknown years","Worth","2","0","0"
