"age group","county name","cases","deaths","confirmed_case_hospitalization"
"01-04 years","Georgia","23104","3","338"
"05-09 years","Georgia","43783","5","295"
"10-17 years","Georgia","121959","14","1175"
"18-29 years","Georgia","275044","216","5804"
"30-39 years","Georgia","209129","558","7723"
"40-49 years","Georgia","193667","1251","10824"
"50-59 years","Georgia","175868","2983","15745"
"60-69 years","Georgia","118071","5360","17724"
"70-79 years","Georgia","66898","6888","16043"
"80 & Older years","Georgia","36890","8083","11805"
"<1 years","Georgia","7037","0","432"
"Unknown years","Georgia","3041","1","132"
"01-04 years","Appling","55","0","0"
"05-09 years","Appling","92","0","0"
"10-17 years","Appling","335","0","3"
"18-29 years","Appling","496","1","8"
"30-39 years","Appling","368","2","10"
"40-49 years","Appling","376","8","27"
"50-59 years","Appling","397","11","41"
"60-69 years","Appling","332","21","67"
"70-79 years","Appling","221","24","46"
"80 & Older years","Appling","113","28","40"
"<1 years","Appling","9","0","0"
"01-04 years","Atkinson","20","0","1"
"05-09 years","Atkinson","45","0","1"
"10-17 years","Atkinson","116","0","1"
"18-29 years","Atkinson","246","0","15"
"30-39 years","Atkinson","183","0","15"
"40-49 years","Atkinson","189","4","33"
"50-59 years","Atkinson","184","5","37"
"60-69 years","Atkinson","118","7","37"
"70-79 years","Atkinson","62","8","25"
"80 & Older years","Atkinson","20","8","14"
"<1 years","Atkinson","4","0","0"
"01-04 years","Bacon","40","0","0"
"05-09 years","Bacon","53","0","0"
"10-17 years","Bacon","166","0","1"
"18-29 years","Bacon","513","0","8"
"30-39 years","Bacon","278","1","9"
"40-49 years","Bacon","287","4","20"
"50-59 years","Bacon","216","3","20"
"60-69 years","Bacon","202","17","46"
"70-79 years","Bacon","121","13","32"
"80 & Older years","Bacon","54","12","18"
"<1 years","Bacon","13","0","0"
"Unknown years","Bacon","1","0","0"
"01-04 years","Baker","10","0","0"
"05-09 years","Baker","11","0","0"
"10-17 years","Baker","12","0","0"
"18-29 years","Baker","44","0","0"
"30-39 years","Baker","27","0","4"
"40-49 years","Baker","27","3","3"
"50-59 years","Baker","34","0","4"
"60-69 years","Baker","39","3","16"
"70-79 years","Baker","20","3","11"
"80 & Older years","Baker","15","4","6"
"<1 years","Baker","2","0","0"
"01-04 years","Baldwin","68","0","1"
"05-09 years","Baldwin","142","0","0"
"10-17 years","Baldwin","405","1","5"
"18-29 years","Baldwin","1588","0","19"
"30-39 years","Baldwin","693","2","20"
"40-49 years","Baldwin","681","5","44"
"50-59 years","Baldwin","663","21","74"
"60-69 years","Baldwin","511","37","88"
"70-79 years","Baldwin","313","40","69"
"80 & Older years","Baldwin","195","61","73"
"<1 years","Baldwin","27","0","1"
"Unknown years","Baldwin","1","0","0"
"01-04 years","Banks","24","0","1"
"05-09 years","Banks","60","0","1"
"10-17 years","Banks","196","0","5"
"18-29 years","Banks","459","0","18"
"30-39 years","Banks","338","0","15"
"40-49 years","Banks","353","3","26"
"50-59 years","Banks","360","5","37"
"60-69 years","Banks","299","14","65"
"70-79 years","Banks","208","23","75"
"80 & Older years","Banks","100","14","34"
"<1 years","Banks","15","0","2"
"Unknown years","Banks","17","0","1"
"01-04 years","Barrow","200","0","0"
"05-09 years","Barrow","423","0","0"
"10-17 years","Barrow","1337","1","12"
"18-29 years","Barrow","2542","1","57"
"30-39 years","Barrow","2270","3","78"
"40-49 years","Barrow","2230","11","116"
"50-59 years","Barrow","1847","19","164"
"60-69 years","Barrow","1237","47","193"
"70-79 years","Barrow","684","52","132"
"80 & Older years","Barrow","304","58","111"
"<1 years","Barrow","69","0","5"
"Unknown years","Barrow","13","0","2"
"01-04 years","Bartow","248","0","7"
"05-09 years","Bartow","420","0","3"
"10-17 years","Bartow","1482","0","16"
"18-29 years","Bartow","2928","0","35"
"30-39 years","Bartow","2400","6","61"
"40-49 years","Bartow","2430","9","113"
"50-59 years","Bartow","2452","33","203"
"60-69 years","Bartow","1544","73","205"
"70-79 years","Bartow","1026","103","236"
"80 & Older years","Bartow","478","91","140"
"<1 years","Bartow","85","0","6"
"Unknown years","Bartow","49","0","5"
"01-04 years","Ben Hill","39","0","1"
"05-09 years","Ben Hill","31","0","0"
"10-17 years","Ben Hill","149","0","0"
"18-29 years","Ben Hill","360","0","5"
"30-39 years","Ben Hill","267","3","12"
"40-49 years","Ben Hill","258","2","14"
"50-59 years","Ben Hill","276","8","34"
"60-69 years","Ben Hill","240","16","35"
"70-79 years","Ben Hill","159","22","56"
"80 & Older years","Ben Hill","77","19","21"
"<1 years","Ben Hill","11","0","2"
"01-04 years","Berrien","40","0","0"
"05-09 years","Berrien","43","0","0"
"10-17 years","Berrien","147","0","1"
"18-29 years","Berrien","286","0","0"
"30-39 years","Berrien","247","0","3"
"40-49 years","Berrien","195","1","6"
"50-59 years","Berrien","219","6","21"
"60-69 years","Berrien","173","11","26"
"70-79 years","Berrien","120","17","21"
"80 & Older years","Berrien","61","15","15"
"<1 years","Berrien","9","0","0"
"Unknown years","Berrien","1","0","0"
"01-04 years","Bibb","311","0","6"
"05-09 years","Bibb","537","0","0"
"10-17 years","Bibb","1580","0","14"
"18-29 years","Bibb","4551","4","123"
"30-39 years","Bibb","3363","10","181"
"40-49 years","Bibb","3086","28","296"
"50-59 years","Bibb","2774","59","392"
"60-69 years","Bibb","2135","130","534"
"70-79 years","Bibb","1196","159","444"
"80 & Older years","Bibb","720","188","360"
"<1 years","Bibb","91","0","8"
"Unknown years","Bibb","7","0","0"
"01-04 years","Bleckley","14","0","0"
"05-09 years","Bleckley","36","0","0"
"10-17 years","Bleckley","115","0","0"
"18-29 years","Bleckley","250","0","6"
"30-39 years","Bleckley","149","1","5"
"40-49 years","Bleckley","138","1","2"
"50-59 years","Bleckley","144","4","9"
"60-69 years","Bleckley","107","9","14"
"70-79 years","Bleckley","75","7","14"
"80 & Older years","Bleckley","62","18","13"
"<1 years","Bleckley","8","0","0"
"01-04 years","Brantley","35","0","0"
"05-09 years","Brantley","65","0","0"
"10-17 years","Brantley","206","0","1"
"18-29 years","Brantley","345","0","5"
"30-39 years","Brantley","272","2","7"
"40-49 years","Brantley","260","4","20"
"50-59 years","Brantley","300","17","33"
"60-69 years","Brantley","207","15","35"
"70-79 years","Brantley","140","24","42"
"80 & Older years","Brantley","61","13","17"
"<1 years","Brantley","5","0","0"
"01-04 years","Brooks","27","0","1"
"05-09 years","Brooks","49","0","0"
"10-17 years","Brooks","121","0","0"
"18-29 years","Brooks","258","0","4"
"30-39 years","Brooks","195","1","9"
"40-49 years","Brooks","185","2","15"
"50-59 years","Brooks","220","5","30"
"60-69 years","Brooks","139","11","28"
"70-79 years","Brooks","116","16","26"
"80 & Older years","Brooks","72","19","21"
"<1 years","Brooks","11","0","0"
"01-04 years","Bryan","119","0","0"
"05-09 years","Bryan","221","0","2"
"10-17 years","Bryan","598","0","4"
"18-29 years","Bryan","848","1","20"
"30-39 years","Bryan","794","4","27"
"40-49 years","Bryan","798","5","46"
"50-59 years","Bryan","541","7","51"
"60-69 years","Bryan","371","18","58"
"70-79 years","Bryan","219","19","82"
"80 & Older years","Bryan","79","10","31"
"<1 years","Bryan","47","0","3"
"Unknown years","Bryan","8","0","0"
"01-04 years","Bulloch","152","0","1"
"05-09 years","Bulloch","302","0","1"
"10-17 years","Bulloch","868","0","3"
"18-29 years","Bulloch","2970","1","13"
"30-39 years","Bulloch","1057","5","29"
"40-49 years","Bulloch","860","7","32"
"50-59 years","Bulloch","740","18","56"
"60-69 years","Bulloch","528","24","68"
"70-79 years","Bulloch","259","24","57"
"80 & Older years","Bulloch","127","19","43"
"<1 years","Bulloch","67","0","4"
"01-04 years","Burke","34","0","0"
"05-09 years","Burke","72","0","0"
"10-17 years","Burke","200","0","1"
"18-29 years","Burke","459","2","11"
"30-39 years","Burke","367","1","15"
"40-49 years","Burke","372","3","22"
"50-59 years","Burke","342","6","39"
"60-69 years","Burke","260","8","47"
"70-79 years","Burke","136","16","39"
"80 & Older years","Burke","47","12","19"
"<1 years","Burke","14","0","0"
"Unknown years","Burke","2","0","0"
"01-04 years","Butts","50","0","2"
"05-09 years","Butts","74","0","0"
"10-17 years","Butts","257","0","5"
"18-29 years","Butts","637","0","8"
"30-39 years","Butts","568","0","9"
"40-49 years","Butts","510","5","23"
"50-59 years","Butts","528","16","44"
"60-69 years","Butts","353","19","45"
"70-79 years","Butts","250","34","41"
"80 & Older years","Butts","143","39","12"
"<1 years","Butts","18","0","3"
"Unknown years","Butts","3","0","0"
"01-04 years","Calhoun","16","0","0"
"05-09 years","Calhoun","13","0","0"
"10-17 years","Calhoun","62","0","1"
"18-29 years","Calhoun","95","0","6"
"30-39 years","Calhoun","82","3","7"
"40-49 years","Calhoun","97","1","11"
"50-59 years","Calhoun","101","4","20"
"60-69 years","Calhoun","87","4","24"
"70-79 years","Calhoun","34","7","11"
"80 & Older years","Calhoun","22","2","10"
"<1 years","Calhoun","5","0","0"
"Unknown years","Calhoun","1","0","0"
"01-04 years","Camden","135","0","0"
"05-09 years","Camden","245","0","2"
"10-17 years","Camden","627","0","1"
"18-29 years","Camden","1348","0","10"
"30-39 years","Camden","1092","3","26"
"40-49 years","Camden","776","10","29"
"50-59 years","Camden","808","10","38"
"60-69 years","Camden","554","22","52"
"70-79 years","Camden","313","12","35"
"80 & Older years","Camden","129","22","28"
"<1 years","Camden","24","0","2"
"Unknown years","Camden","8","0","0"
"01-04 years","Candler","13","0","0"
"05-09 years","Candler","40","0","0"
"10-17 years","Candler","102","0","0"
"18-29 years","Candler","187","0","1"
"30-39 years","Candler","152","0","5"
"40-49 years","Candler","164","4","3"
"50-59 years","Candler","186","13","19"
"60-69 years","Candler","130","9","19"
"70-79 years","Candler","93","15","22"
"80 & Older years","Candler","35","8","15"
"<1 years","Candler","7","0","0"
"01-04 years","Carroll","167","0","1"
"05-09 years","Carroll","297","0","3"
"10-17 years","Carroll","1015","0","6"
"18-29 years","Carroll","2300","1","18"
"30-39 years","Carroll","1540","4","24"
"40-49 years","Carroll","1459","9","46"
"50-59 years","Carroll","1381","15","66"
"60-69 years","Carroll","985","31","97"
"70-79 years","Carroll","551","38","77"
"80 & Older years","Carroll","316","58","49"
"<1 years","Carroll","44","0","2"
"Unknown years","Carroll","10","0","1"
"01-04 years","Catoosa","163","0","0"
"05-09 years","Catoosa","296","0","1"
"10-17 years","Catoosa","888","0","2"
"18-29 years","Catoosa","1574","1","9"
"30-39 years","Catoosa","1268","2","14"
"40-49 years","Catoosa","1333","2","24"
"50-59 years","Catoosa","1202","11","48"
"60-69 years","Catoosa","822","12","70"
"70-79 years","Catoosa","487","24","71"
"80 & Older years","Catoosa","331","41","57"
"<1 years","Catoosa","66","0","1"
"Unknown years","Catoosa","71","0","4"
"01-04 years","Charlton","21","0","0"
"05-09 years","Charlton","45","0","0"
"10-17 years","Charlton","99","0","0"
"18-29 years","Charlton","405","1","3"
"30-39 years","Charlton","343","2","6"
"40-49 years","Charlton","281","3","13"
"50-59 years","Charlton","205","4","12"
"60-69 years","Charlton","200","12","32"
"70-79 years","Charlton","91","11","23"
"80 & Older years","Charlton","41","10","18"
"<1 years","Charlton","9","0","0"
"Unknown years","Charlton","1","0","0"
"01-04 years","Chatham","979","0","6"
"05-09 years","Chatham","1506","1","5"
"10-17 years","Chatham","3206","0","31"
"18-29 years","Chatham","7820","6","152"
"30-39 years","Chatham","5873","22","243"
"40-49 years","Chatham","4445","39","299"
"50-59 years","Chatham","3748","79","434"
"60-69 years","Chatham","2903","138","561"
"70-79 years","Chatham","1541","167","504"
"80 & Older years","Chatham","918","205","416"
"<1 years","Chatham","327","0","15"
"Unknown years","Chatham","26","0","2"
"01-04 years","Chattahoochee","8","0","0"
"05-09 years","Chattahoochee","20","0","0"
"10-17 years","Chattahoochee","173","0","2"
"18-29 years","Chattahoochee","4471","7","8"
"30-39 years","Chattahoochee","410","2","5"
"40-49 years","Chattahoochee","70","0","0"
"50-59 years","Chattahoochee","44","1","10"
"60-69 years","Chattahoochee","22","1","6"
"70-79 years","Chattahoochee","15","1","5"
"80 & Older years","Chattahoochee","9","3","5"
"<1 years","Chattahoochee","11","0","0"
"Unknown years","Chattahoochee","1","0","0"
"01-04 years","Chattooga","59","0","0"
"05-09 years","Chattooga","113","0","1"
"10-17 years","Chattooga","415","0","3"
"18-29 years","Chattooga","643","0","7"
"30-39 years","Chattooga","543","2","10"
"40-49 years","Chattooga","554","4","27"
"50-59 years","Chattooga","534","9","44"
"60-69 years","Chattooga","409","22","55"
"70-79 years","Chattooga","248","22","65"
"80 & Older years","Chattooga","145","30","37"
"<1 years","Chattooga","27","0","3"
"Unknown years","Chattooga","11","0","1"
"01-04 years","Cherokee","467","0","8"
"05-09 years","Cherokee","1188","0","10"
"10-17 years","Cherokee","3781","0","20"
"18-29 years","Cherokee","5925","1","116"
"30-39 years","Cherokee","4598","8","173"
"40-49 years","Cherokee","5126","12","227"
"50-59 years","Cherokee","4829","39","356"
"60-69 years","Cherokee","2924","80","387"
"70-79 years","Cherokee","1801","119","369"
"80 & Older years","Cherokee","1009","183","315"
"<1 years","Cherokee","127","0","7"
"Unknown years","Cherokee","9","0","0"
"01-04 years","Clarke","299","0","3"
"05-09 years","Clarke","514","0","6"
"10-17 years","Clarke","1143","0","16"
"18-29 years","Clarke","7867","0","86"
"30-39 years","Clarke","2300","3","74"
"40-49 years","Clarke","1835","5","96"
"50-59 years","Clarke","1552","16","124"
"60-69 years","Clarke","1020","35","140"
"70-79 years","Clarke","601","58","145"
"80 & Older years","Clarke","306","59","96"
"<1 years","Clarke","98","0","4"
"Unknown years","Clarke","11","0","0"
"01-04 years","Clay","3","0","0"
"05-09 years","Clay","5","0","0"
"10-17 years","Clay","23","0","0"
"18-29 years","Clay","38","0","0"
"30-39 years","Clay","39","0","1"
"40-49 years","Clay","40","0","2"
"50-59 years","Clay","22","1","3"
"60-69 years","Clay","27","1","2"
"70-79 years","Clay","21","0","0"
"80 & Older years","Clay","13","2","4"
"Unknown years","Clay","1","0","0"
"01-04 years","Clayton","850","0","15"
"05-09 years","Clayton","1454","1","11"
"10-17 years","Clayton","3493","1","57"
"18-29 years","Clayton","7246","9","186"
"30-39 years","Clayton","6613","33","296"
"40-49 years","Clayton","5597","51","322"
"50-59 years","Clayton","4936","106","446"
"60-69 years","Clayton","3087","188","402"
"70-79 years","Clayton","1277","171","273"
"80 & Older years","Clayton","593","151","164"
"<1 years","Clayton","195","0","14"
"Unknown years","Clayton","37","0","9"
"01-04 years","Clinch","23","0","0"
"05-09 years","Clinch","37","0","0"
"10-17 years","Clinch","101","0","0"
"18-29 years","Clinch","188","0","2"
"30-39 years","Clinch","152","1","5"
"40-49 years","Clinch","135","0","4"
"50-59 years","Clinch","139","3","19"
"60-69 years","Clinch","138","12","23"
"70-79 years","Clinch","67","10","22"
"80 & Older years","Clinch","23","8","10"
"<1 years","Clinch","7","0","0"
"01-04 years","Cobb","1462","1","23"
"05-09 years","Cobb","3317","0","26"
"10-17 years","Cobb","8225","0","69"
"18-29 years","Cobb","19993","9","299"
"30-39 years","Cobb","14352","35","360"
"40-49 years","Cobb","13383","60","551"
"50-59 years","Cobb","11530","120","750"
"60-69 years","Cobb","7036","229","739"
"70-79 years","Cobb","3807","356","697"
"80 & Older years","Cobb","2179","486","632"
"<1 years","Cobb","365","0","23"
"Unknown years","Cobb","84","0","2"
"01-04 years","Coffee","142","0","2"
"05-09 years","Coffee","229","0","3"
"10-17 years","Coffee","565","0","6"
"18-29 years","Coffee","1274","1","39"
"30-39 years","Coffee","988","5","66"
"40-49 years","Coffee","967","13","140"
"50-59 years","Coffee","914","24","192"
"60-69 years","Coffee","684","47","191"
"70-79 years","Coffee","353","52","161"
"80 & Older years","Coffee","187","43","103"
"<1 years","Coffee","42","0","4"
"01-04 years","Colquitt","85","0","0"
"05-09 years","Colquitt","213","0","2"
"10-17 years","Colquitt","679","0","11"
"18-29 years","Colquitt","1100","1","28"
"30-39 years","Colquitt","816","3","32"
"40-49 years","Colquitt","822","8","46"
"50-59 years","Colquitt","740","24","53"
"60-69 years","Colquitt","527","31","61"
"70-79 years","Colquitt","343","29","64"
"80 & Older years","Colquitt","183","35","41"
"<1 years","Colquitt","36","0","2"
"Unknown years","Colquitt","1","0","0"
"01-04 years","Columbia","235","1","3"
"05-09 years","Columbia","553","1","4"
"10-17 years","Columbia","1682","0","9"
"18-29 years","Columbia","2890","1","38"
"30-39 years","Columbia","2719","6","45"
"40-49 years","Columbia","2365","15","71"
"50-59 years","Columbia","1936","35","108"
"60-69 years","Columbia","1260","43","122"
"70-79 years","Columbia","653","65","138"
"80 & Older years","Columbia","391","84","128"
"<1 years","Columbia","67","0","4"
"Unknown years","Columbia","10","0","0"
"01-04 years","Cook","34","0","3"
"05-09 years","Cook","63","0","0"
"10-17 years","Cook","161","0","2"
"18-29 years","Cook","309","0","7"
"30-39 years","Cook","255","0","4"
"40-49 years","Cook","257","3","19"
"50-59 years","Cook","226","7","23"
"60-69 years","Cook","162","10","23"
"70-79 years","Cook","120","13","30"
"80 & Older years","Cook","74","19","16"
"<1 years","Cook","17","0","2"
"Unknown years","Cook","1","0","0"
"01-04 years","Coweta","251","0","2"
"05-09 years","Coweta","436","0","1"
"10-17 years","Coweta","1335","0","11"
"18-29 years","Coweta","2293","5","52"
"30-39 years","Coweta","1876","11","88"
"40-49 years","Coweta","1962","26","125"
"50-59 years","Coweta","2123","46","166"
"60-69 years","Coweta","1298","63","153"
"70-79 years","Coweta","795","94","140"
"80 & Older years","Coweta","417","95","89"
"<1 years","Coweta","59","0","4"
"Unknown years","Coweta","13","0","0"
"01-04 years","Crawford","4","0","0"
"05-09 years","Crawford","10","0","0"
"10-17 years","Crawford","49","0","2"
"18-29 years","Crawford","134","0","3"
"30-39 years","Crawford","135","1","10"
"40-49 years","Crawford","96","3","7"
"50-59 years","Crawford","164","8","23"
"60-69 years","Crawford","142","10","23"
"70-79 years","Crawford","70","12","23"
"80 & Older years","Crawford","32","3","15"
"Unknown years","Crawford","1","0","0"
"01-04 years","Crisp","30","0","0"
"05-09 years","Crisp","55","0","0"
"10-17 years","Crisp","193","0","3"
"18-29 years","Crisp","309","0","13"
"30-39 years","Crisp","306","2","18"
"40-49 years","Crisp","265","4","23"
"50-59 years","Crisp","247","4","31"
"60-69 years","Crisp","230","19","46"
"70-79 years","Crisp","122","16","34"
"80 & Older years","Crisp","75","20","18"
"<1 years","Crisp","18","0","0"
"Unknown years","Crisp","7","0","0"
"01-04 years","Dade","36","0","0"
"05-09 years","Dade","80","0","0"
"10-17 years","Dade","205","0","1"
"18-29 years","Dade","353","0","1"
"30-39 years","Dade","242","0","2"
"40-49 years","Dade","275","1","7"
"50-59 years","Dade","231","3","13"
"60-69 years","Dade","189","1","11"
"70-79 years","Dade","131","9","22"
"80 & Older years","Dade","58","3","10"
"<1 years","Dade","9","0","0"
"Unknown years","Dade","21","0","1"
"01-04 years","Dawson","72","0","0"
"05-09 years","Dawson","126","0","0"
"10-17 years","Dawson","357","0","6"
"18-29 years","Dawson","791","0","19"
"30-39 years","Dawson","661","2","25"
"40-49 years","Dawson","604","1","36"
"50-59 years","Dawson","627","7","54"
"60-69 years","Dawson","481","12","91"
"70-79 years","Dawson","296","27","63"
"80 & Older years","Dawson","118","24","38"
"<1 years","Dawson","26","0","3"
"Unknown years","Dawson","23","0","1"
"01-04 years","DeKalb","1674","0","26"
"05-09 years","DeKalb","2880","0","30"
"10-17 years","DeKalb","6484","0","97"
"18-29 years","DeKalb","18352","14","563"
"30-39 years","DeKalb","15899","26","797"
"40-49 years","DeKalb","12371","60","890"
"50-59 years","DeKalb","10534","150","1145"
"60-69 years","DeKalb","6699","245","1254"
"70-79 years","DeKalb","3326","318","936"
"80 & Older years","DeKalb","1939","409","640"
"<1 years","DeKalb","388","0","24"
"Unknown years","DeKalb","167","0","13"
"01-04 years","Decatur","138","0","2"
"05-09 years","Decatur","164","0","0"
"10-17 years","Decatur","385","0","1"
"18-29 years","Decatur","674","1","17"
"30-39 years","Decatur","507","1","11"
"40-49 years","Decatur","502","3","31"
"50-59 years","Decatur","427","10","43"
"60-69 years","Decatur","321","17","53"
"70-79 years","Decatur","197","24","40"
"80 & Older years","Decatur","115","22","25"
"<1 years","Decatur","41","0","0"
"Unknown years","Decatur","6","0","0"
"01-04 years","Dodge","19","0","0"
"05-09 years","Dodge","40","0","0"
"10-17 years","Dodge","173","1","2"
"18-29 years","Dodge","296","0","6"
"30-39 years","Dodge","215","0","10"
"40-49 years","Dodge","229","3","13"
"50-59 years","Dodge","221","6","23"
"60-69 years","Dodge","170","18","31"
"70-79 years","Dodge","97","18","24"
"80 & Older years","Dodge","62","15","16"
"<1 years","Dodge","9","0","0"
"01-04 years","Dooly","16","0","0"
"05-09 years","Dooly","32","0","0"
"10-17 years","Dooly","106","0","1"
"18-29 years","Dooly","186","1","5"
"30-39 years","Dooly","138","0","11"
"40-49 years","Dooly","179","2","13"
"50-59 years","Dooly","172","6","21"
"60-69 years","Dooly","148","11","25"
"70-79 years","Dooly","69","10","20"
"80 & Older years","Dooly","26","8","6"
"<1 years","Dooly","6","0","0"
"Unknown years","Dooly","4","0","0"
"01-04 years","Dougherty","200","0","4"
"05-09 years","Dougherty","400","0","0"
"10-17 years","Dougherty","858","0","14"
"18-29 years","Dougherty","1726","3","132"
"30-39 years","Dougherty","1461","7","116"
"40-49 years","Dougherty","1285","28","162"
"50-59 years","Dougherty","1236","39","216"
"60-69 years","Dougherty","1005","100","318"
"70-79 years","Dougherty","553","89","219"
"80 & Older years","Dougherty","334","119","160"
"<1 years","Dougherty","69","0","7"
"Unknown years","Dougherty","7","0","0"
"01-04 years","Douglas","333","0","7"
"05-09 years","Douglas","660","0","9"
"10-17 years","Douglas","1865","1","26"
"18-29 years","Douglas","3354","0","62"
"30-39 years","Douglas","2894","6","104"
"40-49 years","Douglas","3116","12","162"
"50-59 years","Douglas","2674","32","216"
"60-69 years","Douglas","1565","54","222"
"70-79 years","Douglas","779","72","176"
"80 & Older years","Douglas","372","69","118"
"<1 years","Douglas","80","0","7"
"Unknown years","Douglas","15","0","2"
"01-04 years","Early","41","0","0"
"05-09 years","Early","55","0","0"
"10-17 years","Early","223","0","0"
"18-29 years","Early","252","1","9"
"30-39 years","Early","219","1","6"
"40-49 years","Early","235","1","11"
"50-59 years","Early","217","5","17"
"60-69 years","Early","147","12","20"
"70-79 years","Early","98","18","23"
"80 & Older years","Early","50","13","17"
"<1 years","Early","5","0","0"
"Unknown years","Early","3","0","0"
"01-04 years","Echols","11","0","0"
"05-09 years","Echols","8","0","0"
"10-17 years","Echols","32","0","1"
"18-29 years","Echols","141","0","2"
"30-39 years","Echols","67","1","4"
"40-49 years","Echols","50","0","1"
"50-59 years","Echols","52","1","2"
"60-69 years","Echols","24","0","0"
"70-79 years","Echols","20","2","3"
"80 & Older years","Echols","5","1","2"
"<1 years","Echols","2","0","0"
"01-04 years","Effingham","165","0","1"
"05-09 years","Effingham","359","0","3"
"10-17 years","Effingham","890","0","2"
"18-29 years","Effingham","1209","1","12"
"30-39 years","Effingham","1205","4","37"
"40-49 years","Effingham","1059","10","65"
"50-59 years","Effingham","962","32","109"
"60-69 years","Effingham","619","25","116"
"70-79 years","Effingham","338","39","105"
"80 & Older years","Effingham","154","40","48"
"<1 years","Effingham","57","0","5"
"Unknown years","Effingham","4","0","0"
"01-04 years","Elbert","35","0","0"
"05-09 years","Elbert","59","0","0"
"10-17 years","Elbert","154","0","2"
"18-29 years","Elbert","368","1","4"
"30-39 years","Elbert","277","0","12"
"40-49 years","Elbert","285","1","14"
"50-59 years","Elbert","289","2","24"
"60-69 years","Elbert","236","7","32"
"70-79 years","Elbert","187","23","46"
"80 & Older years","Elbert","149","34","49"
"<1 years","Elbert","15","0","4"
"Unknown years","Elbert","3","0","0"
"01-04 years","Emanuel","60","0","2"
"05-09 years","Emanuel","89","0","0"
"10-17 years","Emanuel","314","0","2"
"18-29 years","Emanuel","518","1","4"
"30-39 years","Emanuel","391","0","18"
"40-49 years","Emanuel","417","4","16"
"50-59 years","Emanuel","357","9","36"
"60-69 years","Emanuel","287","16","34"
"70-79 years","Emanuel","175","21","32"
"80 & Older years","Emanuel","73","21","23"
"<1 years","Emanuel","13","0","1"
"Unknown years","Emanuel","3","0","1"
"01-04 years","Evans","24","0","0"
"05-09 years","Evans","44","0","0"
"10-17 years","Evans","116","0","2"
"18-29 years","Evans","217","1","3"
"30-39 years","Evans","193","0","4"
"40-49 years","Evans","169","4","20"
"50-59 years","Evans","164","6","21"
"60-69 years","Evans","97","7","19"
"70-79 years","Evans","65","14","24"
"80 & Older years","Evans","24","4","14"
"<1 years","Evans","6","0","0"
"01-04 years","Fannin","30","0","1"
"05-09 years","Fannin","75","0","0"
"10-17 years","Fannin","278","0","2"
"18-29 years","Fannin","436","0","8"
"30-39 years","Fannin","376","1","9"
"40-49 years","Fannin","416","4","17"
"50-59 years","Fannin","533","6","42"
"60-69 years","Fannin","524","17","62"
"70-79 years","Fannin","365","26","66"
"80 & Older years","Fannin","184","37","55"
"<1 years","Fannin","9","0","0"
"Unknown years","Fannin","1","0","0"
"01-04 years","Fayette","159","0","1"
"05-09 years","Fayette","350","0","3"
"10-17 years","Fayette","1067","0","12"
"18-29 years","Fayette","1722","3","24"
"30-39 years","Fayette","1225","6","36"
"40-49 years","Fayette","1551","6","70"
"50-59 years","Fayette","1575","16","124"
"60-69 years","Fayette","1134","33","114"
"70-79 years","Fayette","597","74","140"
"80 & Older years","Fayette","387","78","91"
"<1 years","Fayette","38","0","1"
"Unknown years","Fayette","9","0","0"
"01-04 years","Floyd","265","0","5"
"05-09 years","Floyd","499","0","1"
"10-17 years","Floyd","1787","1","13"
"18-29 years","Floyd","3087","3","51"
"30-39 years","Floyd","2389","7","72"
"40-49 years","Floyd","2200","15","129"
"50-59 years","Floyd","2193","43","223"
"60-69 years","Floyd","1522","59","258"
"70-79 years","Floyd","930","84","251"
"80 & Older years","Floyd","509","94","178"
"<1 years","Floyd","108","0","4"
"Unknown years","Floyd","61","0","2"
"01-04 years","Forsyth","524","0","7"
"05-09 years","Forsyth","1566","0","2"
"10-17 years","Forsyth","4010","0","10"
"18-29 years","Forsyth","4343","0","61"
"30-39 years","Forsyth","3649","3","80"
"40-49 years","Forsyth","4721","10","175"
"50-59 years","Forsyth","4040","24","229"
"60-69 years","Forsyth","2085","42","225"
"70-79 years","Forsyth","1200","84","265"
"80 & Older years","Forsyth","680","106","200"
"<1 years","Forsyth","111","0","3"
"Unknown years","Forsyth","232","0","2"
"01-04 years","Franklin","39","0","1"
"05-09 years","Franklin","90","0","0"
"10-17 years","Franklin","318","0","6"
"18-29 years","Franklin","627","1","15"
"30-39 years","Franklin","455","0","11"
"40-49 years","Franklin","464","2","21"
"50-59 years","Franklin","464","4","35"
"60-69 years","Franklin","410","8","45"
"70-79 years","Franklin","260","27","49"
"80 & Older years","Franklin","126","26","32"
"<1 years","Franklin","19","0","3"
"Unknown years","Franklin","23","0","0"
"01-04 years","Fulton","1999","0","50"
"05-09 years","Fulton","3662","0","37"
"10-17 years","Fulton","9700","1","114"
"18-29 years","Fulton","28045","5","621"
"30-39 years","Fulton","21544","45","863"
"40-49 years","Fulton","16692","58","978"
"50-59 years","Fulton","14324","175","1388"
"60-69 years","Fulton","8499","319","1261"
"70-79 years","Fulton","4371","441","1067"
"80 & Older years","Fulton","3012","618","975"
"<1 years","Fulton","487","0","38"
"Unknown years","Fulton","93","1","25"
"01-04 years","Gilmer","49","0","2"
"05-09 years","Gilmer","65","0","0"
"10-17 years","Gilmer","308","0","2"
"18-29 years","Gilmer","505","0","20"
"30-39 years","Gilmer","474","2","24"
"40-49 years","Gilmer","489","1","25"
"50-59 years","Gilmer","554","15","47"
"60-69 years","Gilmer","525","19","69"
"70-79 years","Gilmer","372","40","91"
"80 & Older years","Gilmer","172","42","55"
"<1 years","Gilmer","17","0","0"
"01-04 years","Glascock","1","0","0"
"05-09 years","Glascock","5","0","0"
"10-17 years","Glascock","6","0","0"
"18-29 years","Glascock","26","0","1"
"30-39 years","Glascock","23","0","2"
"40-49 years","Glascock","29","0","1"
"50-59 years","Glascock","38","2","5"
"60-69 years","Glascock","20","0","5"
"70-79 years","Glascock","28","3","9"
"80 & Older years","Glascock","9","2","5"
"<1 years","Glascock","1","0","0"
"Unknown years","Glascock","1","0","0"
"01-04 years","Glynn","288","0","2"
"05-09 years","Glynn","592","0","1"
"10-17 years","Glynn","1433","0","3"
"18-29 years","Glynn","2415","4","33"
"30-39 years","Glynn","2050","9","46"
"40-49 years","Glynn","1694","16","62"
"50-59 years","Glynn","1520","36","109"
"60-69 years","Glynn","1227","76","169"
"70-79 years","Glynn","710","75","118"
"80 & Older years","Glynn","375","86","117"
"<1 years","Glynn","73","0","3"
"Unknown years","Glynn","20","0","0"
"01-04 years","Gordon","151","0","1"
"05-09 years","Gordon","236","1","2"
"10-17 years","Gordon","912","0","7"
"18-29 years","Gordon","1734","3","19"
"30-39 years","Gordon","1377","4","30"
"40-49 years","Gordon","1390","9","44"
"50-59 years","Gordon","1305","23","75"
"60-69 years","Gordon","857","49","84"
"70-79 years","Gordon","462","44","101"
"80 & Older years","Gordon","235","42","65"
"<1 years","Gordon","56","0","3"
"Unknown years","Gordon","53","0","1"
"01-04 years","Grady","67","0","1"
"05-09 years","Grady","119","0","0"
"10-17 years","Grady","282","0","5"
"18-29 years","Grady","375","0","15"
"30-39 years","Grady","367","0","17"
"40-49 years","Grady","347","2","33"
"50-59 years","Grady","325","11","41"
"60-69 years","Grady","238","10","36"
"70-79 years","Grady","205","26","64"
"80 & Older years","Grady","68","18","25"
"<1 years","Grady","22","0","2"
"Unknown years","Grady","6","0","0"
"01-04 years","Greene","33","0","1"
"05-09 years","Greene","72","0","0"
"10-17 years","Greene","212","0","3"
"18-29 years","Greene","371","0","10"
"30-39 years","Greene","270","0","11"
"40-49 years","Greene","259","4","21"
"50-59 years","Greene","310","7","29"
"60-69 years","Greene","314","10","33"
"70-79 years","Greene","227","13","40"
"80 & Older years","Greene","125","30","50"
"<1 years","Greene","10","0","2"
"Unknown years","Greene","2","0","0"
"01-04 years","Gwinnett","2164","0","25"
"05-09 years","Gwinnett","3958","0","29"
"10-17 years","Gwinnett","11040","2","81"
"18-29 years","Gwinnett","24349","16","609"
"30-39 years","Gwinnett","19148","33","670"
"40-49 years","Gwinnett","19834","88","948"
"50-59 years","Gwinnett","16316","162","1126"
"60-69 years","Gwinnett","9191","285","1118"
"70-79 years","Gwinnett","4128","339","897"
"80 & Older years","Gwinnett","2238","471","779"
"<1 years","Gwinnett","636","0","28"
"Unknown years","Gwinnett","100","0","2"
"01-04 years","Habersham","63","0","2"
"05-09 years","Habersham","118","0","0"
"10-17 years","Habersham","480","1","9"
"18-29 years","Habersham","1196","1","21"
"30-39 years","Habersham","928","4","36"
"40-49 years","Habersham","941","5","62"
"50-59 years","Habersham","996","13","91"
"60-69 years","Habersham","770","28","145"
"70-79 years","Habersham","534","63","143"
"80 & Older years","Habersham","346","78","106"
"<1 years","Habersham","37","0","11"
"Unknown years","Habersham","39","0","3"
"01-04 years","Hall","343","0","7"
"05-09 years","Hall","776","0","7"
"10-17 years","Hall","3087","0","39"
"18-29 years","Hall","7299","6","231"
"30-39 years","Hall","5185","7","275"
"40-49 years","Hall","5186","27","381"
"50-59 years","Hall","5248","59","552"
"60-69 years","Hall","3448","112","546"
"70-79 years","Hall","2194","167","615"
"80 & Older years","Hall","1215","241","463"
"<1 years","Hall","109","0","18"
"Unknown years","Hall","218","0","10"
"01-04 years","Hancock","9","0","0"
"05-09 years","Hancock","13","0","0"
"10-17 years","Hancock","48","0","1"
"18-29 years","Hancock","169","0","3"
"30-39 years","Hancock","142","1","5"
"40-49 years","Hancock","125","1","7"
"50-59 years","Hancock","165","6","17"
"60-69 years","Hancock","166","20","36"
"70-79 years","Hancock","90","22","28"
"80 & Older years","Hancock","68","25","25"
"<1 years","Hancock","5","0","0"
"01-04 years","Haralson","34","0","0"
"05-09 years","Haralson","66","0","0"
"10-17 years","Haralson","248","0","2"
"18-29 years","Haralson","488","0","5"
"30-39 years","Haralson","329","0","8"
"40-49 years","Haralson","362","2","9"
"50-59 years","Haralson","391","6","14"
"60-69 years","Haralson","245","14","25"
"70-79 years","Haralson","152","16","20"
"80 & Older years","Haralson","62","9","11"
"<1 years","Haralson","14","0","1"
"Unknown years","Haralson","4","0","0"
"01-04 years","Harris","47","0","0"
"05-09 years","Harris","86","0","0"
"10-17 years","Harris","309","0","3"
"18-29 years","Harris","502","0","10"
"30-39 years","Harris","394","0","14"
"40-49 years","Harris","536","5","21"
"50-59 years","Harris","538","10","47"
"60-69 years","Harris","436","18","70"
"70-79 years","Harris","268","34","60"
"80 & Older years","Harris","83","17","22"
"<1 years","Harris","8","0","0"
"Unknown years","Harris","3","0","0"
"01-04 years","Hart","36","0","0"
"05-09 years","Hart","48","0","1"
"10-17 years","Hart","184","0","0"
"18-29 years","Hart","414","0","3"
"30-39 years","Hart","363","0","12"
"40-49 years","Hart","310","2","18"
"50-59 years","Hart","378","4","28"
"60-69 years","Hart","271","15","35"
"70-79 years","Hart","183","12","35"
"80 & Older years","Hart","99","17","32"
"<1 years","Hart","13","0","1"
"Unknown years","Hart","15","0","0"
"01-04 years","Heard","13","0","0"
"05-09 years","Heard","42","0","0"
"10-17 years","Heard","123","0","1"
"18-29 years","Heard","179","2","2"
"30-39 years","Heard","123","0","1"
"40-49 years","Heard","166","1","14"
"50-59 years","Heard","166","2","9"
"60-69 years","Heard","123","6","16"
"70-79 years","Heard","67","8","17"
"80 & Older years","Heard","29","7","5"
"<1 years","Heard","7","0","0"
"01-04 years","Henry","518","0","10"
"05-09 years","Henry","1043","0","5"
"10-17 years","Henry","3074","0","36"
"18-29 years","Henry","5503","2","90"
"30-39 years","Henry","4830","12","138"
"40-49 years","Henry","5013","35","220"
"50-59 years","Henry","4603","52","264"
"60-69 years","Henry","2558","120","234"
"70-79 years","Henry","1262","125","172"
"80 & Older years","Henry","619","132","103"
"<1 years","Henry","135","0","10"
"Unknown years","Henry","35","0","3"
"01-04 years","Houston","281","0","4"
"05-09 years","Houston","591","0","1"
"10-17 years","Houston","1786","0","10"
"18-29 years","Houston","3253","7","66"
"30-39 years","Houston","2983","7","94"
"40-49 years","Houston","2576","18","147"
"50-59 years","Houston","2111","33","184"
"60-69 years","Houston","1393","69","231"
"70-79 years","Houston","732","79","206"
"80 & Older years","Houston","378","76","128"
"<1 years","Houston","76","0","8"
"Unknown years","Houston","15","0","0"
"01-04 years","Irwin","7","0","0"
"05-09 years","Irwin","16","0","0"
"10-17 years","Irwin","66","0","0"
"18-29 years","Irwin","176","0","6"
"30-39 years","Irwin","147","0","8"
"40-49 years","Irwin","160","1","10"
"50-59 years","Irwin","131","3","12"
"60-69 years","Irwin","101","1","23"
"70-79 years","Irwin","55","7","9"
"80 & Older years","Irwin","40","8","24"
"Unknown years","Irwin","2","0","0"
"01-04 years","Jackson","144","0","2"
"05-09 years","Jackson","366","0","2"
"10-17 years","Jackson","1508","1","13"
"18-29 years","Jackson","2130","3","44"
"30-39 years","Jackson","2122","6","65"
"40-49 years","Jackson","2123","10","102"
"50-59 years","Jackson","1937","20","149"
"60-69 years","Jackson","1297","43","149"
"70-79 years","Jackson","838","52","163"
"80 & Older years","Jackson","409","71","131"
"<1 years","Jackson","46","0","5"
"Unknown years","Jackson","13","0","1"
"01-04 years","Jasper","16","0","0"
"05-09 years","Jasper","21","0","0"
"10-17 years","Jasper","79","0","2"
"18-29 years","Jasper","185","0","8"
"30-39 years","Jasper","151","2","7"
"40-49 years","Jasper","159","1","10"
"50-59 years","Jasper","180","5","21"
"60-69 years","Jasper","132","12","30"
"70-79 years","Jasper","72","7","15"
"80 & Older years","Jasper","29","6","10"
"<1 years","Jasper","10","0","3"
"Unknown years","Jasper","2","0","0"
"01-04 years","Jeff Davis","45","0","0"
"05-09 years","Jeff Davis","86","0","0"
"10-17 years","Jeff Davis","186","0","2"
"18-29 years","Jeff Davis","367","0","6"
"30-39 years","Jeff Davis","292","0","9"
"40-49 years","Jeff Davis","287","1","22"
"50-59 years","Jeff Davis","247","9","26"
"60-69 years","Jeff Davis","154","10","25"
"70-79 years","Jeff Davis","113","15","24"
"80 & Older years","Jeff Davis","26","9","7"
"<1 years","Jeff Davis","12","0","1"
"01-04 years","Jefferson","24","0","0"
"05-09 years","Jefferson","45","0","0"
"10-17 years","Jefferson","138","0","2"
"18-29 years","Jefferson","299","0","3"
"30-39 years","Jefferson","253","1","10"
"40-49 years","Jefferson","257","5","21"
"50-59 years","Jefferson","305","6","29"
"60-69 years","Jefferson","278","13","40"
"70-79 years","Jefferson","171","20","45"
"80 & Older years","Jefferson","73","22","32"
"<1 years","Jefferson","10","0","3"
"Unknown years","Jefferson","8","0","0"
"01-04 years","Jenkins","24","0","0"
"05-09 years","Jenkins","29","0","0"
"10-17 years","Jenkins","81","0","1"
"18-29 years","Jenkins","149","0","2"
"30-39 years","Jenkins","102","2","6"
"40-49 years","Jenkins","142","4","14"
"50-59 years","Jenkins","156","7","26"
"60-69 years","Jenkins","97","7","14"
"70-79 years","Jenkins","63","13","21"
"80 & Older years","Jenkins","52","10","11"
"<1 years","Jenkins","4","0","0"
"01-04 years","Johnson","12","0","1"
"05-09 years","Johnson","22","0","0"
"10-17 years","Johnson","63","0","1"
"18-29 years","Johnson","167","0","5"
"30-39 years","Johnson","138","1","6"
"40-49 years","Johnson","134","3","7"
"50-59 years","Johnson","157","7","18"
"60-69 years","Johnson","146","9","23"
"70-79 years","Johnson","102","11","27"
"80 & Older years","Johnson","74","21","25"
"<1 years","Johnson","9","0","2"
"01-04 years","Jones","32","0","1"
"05-09 years","Jones","73","0","0"
"10-17 years","Jones","200","0","1"
"18-29 years","Jones","507","2","13"
"30-39 years","Jones","439","2","17"
"40-49 years","Jones","400","5","28"
"50-59 years","Jones","397","8","45"
"60-69 years","Jones","284","15","62"
"70-79 years","Jones","186","32","65"
"80 & Older years","Jones","98","23","31"
"<1 years","Jones","7","0","0"
"Unknown years","Jones","2","0","0"
"01-04 years","Lamar","67","0","0"
"05-09 years","Lamar","110","0","0"
"10-17 years","Lamar","291","0","5"
"18-29 years","Lamar","379","0","9"
"30-39 years","Lamar","327","2","15"
"40-49 years","Lamar","288","5","17"
"50-59 years","Lamar","284","10","43"
"60-69 years","Lamar","270","22","39"
"70-79 years","Lamar","168","19","34"
"80 & Older years","Lamar","82","24","24"
"<1 years","Lamar","39","0","1"
"01-04 years","Lanier","15","0","0"
"05-09 years","Lanier","23","0","1"
"10-17 years","Lanier","84","0","1"
"18-29 years","Lanier","151","1","3"
"30-39 years","Lanier","177","0","3"
"40-49 years","Lanier","106","1","4"
"50-59 years","Lanier","94","2","7"
"60-69 years","Lanier","58","3","3"
"70-79 years","Lanier","43","5","7"
"80 & Older years","Lanier","21","0","6"
"<1 years","Lanier","6","0","0"
"Unknown years","Lanier","1","0","0"
"01-04 years","Laurens","108","0","1"
"05-09 years","Laurens","175","0","2"
"10-17 years","Laurens","585","0","5"
"18-29 years","Laurens","1116","0","13"
"30-39 years","Laurens","879","4","22"
"40-49 years","Laurens","869","11","36"
"50-59 years","Laurens","790","28","70"
"60-69 years","Laurens","630","47","98"
"70-79 years","Laurens","395","57","96"
"80 & Older years","Laurens","258","56","72"
"<1 years","Laurens","33","0","4"
"Unknown years","Laurens","1","0","0"
"01-04 years","Lee","54","0","0"
"05-09 years","Lee","85","0","3"
"10-17 years","Lee","263","0","5"
"18-29 years","Lee","417","1","21"
"30-39 years","Lee","496","1","29"
"40-49 years","Lee","462","7","44"
"50-59 years","Lee","384","14","71"
"60-69 years","Lee","263","19","59"
"70-79 years","Lee","116","17","41"
"80 & Older years","Lee","72","13","30"
"<1 years","Lee","17","0","0"
"Unknown years","Lee","4","0","0"
"01-04 years","Liberty","225","0","1"
"05-09 years","Liberty","359","0","3"
"10-17 years","Liberty","782","0","4"
"18-29 years","Liberty","1992","2","24"
"30-39 years","Liberty","1154","4","38"
"40-49 years","Liberty","739","4","29"
"50-59 years","Liberty","642","22","68"
"60-69 years","Liberty","406","25","69"
"70-79 years","Liberty","178","22","63"
"80 & Older years","Liberty","77","20","28"
"<1 years","Liberty","74","0","3"
"Unknown years","Liberty","9","0","0"
"01-04 years","Lincoln","17","0","0"
"05-09 years","Lincoln","22","0","1"
"10-17 years","Lincoln","54","0","0"
"18-29 years","Lincoln","122","0","4"
"30-39 years","Lincoln","105","0","5"
"40-49 years","Lincoln","104","1","9"
"50-59 years","Lincoln","90","3","5"
"60-69 years","Lincoln","88","7","19"
"70-79 years","Lincoln","62","9","17"
"80 & Older years","Lincoln","22","7","10"
"<1 years","Lincoln","4","0","0"
"Unknown years","Lincoln","5","0","0"
"01-04 years","Long","47","0","0"
"05-09 years","Long","82","0","0"
"10-17 years","Long","188","0","0"
"18-29 years","Long","277","0","0"
"30-39 years","Long","271","2","7"
"40-49 years","Long","201","4","13"
"50-59 years","Long","130","3","17"
"60-69 years","Long","104","3","17"
"70-79 years","Long","51","6","15"
"80 & Older years","Long","22","2","10"
"<1 years","Long","17","0","0"
"Unknown years","Long","1","0","0"
"01-04 years","Lowndes","252","0","0"
"05-09 years","Lowndes","362","0","1"
"10-17 years","Lowndes","957","0","10"
"18-29 years","Lowndes","3243","6","42"
"30-39 years","Lowndes","1899","7","38"
"40-49 years","Lowndes","1453","13","65"
"50-59 years","Lowndes","1224","25","88"
"60-69 years","Lowndes","823","45","115"
"70-79 years","Lowndes","475","62","104"
"80 & Older years","Lowndes","272","70","76"
"<1 years","Lowndes","91","0","1"
"Unknown years","Lowndes","11","0","0"
"01-04 years","Lumpkin","32","0","1"
"05-09 years","Lumpkin","108","0","2"
"10-17 years","Lumpkin","317","0","3"
"18-29 years","Lumpkin","1118","0","22"
"30-39 years","Lumpkin","597","1","20"
"40-49 years","Lumpkin","552","1","34"
"50-59 years","Lumpkin","620","10","72"
"60-69 years","Lumpkin","539","21","84"
"70-79 years","Lumpkin","357","20","94"
"80 & Older years","Lumpkin","186","40","87"
"<1 years","Lumpkin","21","0","3"
"Unknown years","Lumpkin","23","0","2"
"01-04 years","Macon","16","0","0"
"05-09 years","Macon","20","0","0"
"10-17 years","Macon","39","0","0"
"18-29 years","Macon","156","0","4"
"30-39 years","Macon","125","0","4"
"40-49 years","Macon","144","3","9"
"50-59 years","Macon","159","6","23"
"60-69 years","Macon","95","11","31"
"70-79 years","Macon","63","8","21"
"80 & Older years","Macon","25","10","10"
"<1 years","Macon","5","0","0"
"Unknown years","Macon","2","0","1"
"01-04 years","Madison","84","0","2"
"05-09 years","Madison","128","0","0"
"10-17 years","Madison","425","0","1"
"18-29 years","Madison","801","0","17"
"30-39 years","Madison","645","1","22"
"40-49 years","Madison","622","1","33"
"50-59 years","Madison","624","13","43"
"60-69 years","Madison","473","11","57"
"70-79 years","Madison","289","25","68"
"80 & Older years","Madison","107","18","24"
"<1 years","Madison","36","0","6"
"Unknown years","Madison","5","0","0"
"01-04 years","Marion","9","0","0"
"05-09 years","Marion","25","0","1"
"10-17 years","Marion","81","0","0"
"18-29 years","Marion","112","0","3"
"30-39 years","Marion","81","0","3"
"40-49 years","Marion","101","2","7"
"50-59 years","Marion","93","6","11"
"60-69 years","Marion","73","9","12"
"70-79 years","Marion","41","7","11"
"80 & Older years","Marion","38","9","12"
"<1 years","Marion","7","0","0"
"Unknown years","Marion","2","0","0"
"01-04 years","McDuffie","39","0","0"
"05-09 years","McDuffie","55","0","0"
"10-17 years","McDuffie","209","0","1"
"18-29 years","McDuffie","460","0","9"
"30-39 years","McDuffie","353","2","8"
"40-49 years","McDuffie","337","3","22"
"50-59 years","McDuffie","324","12","42"
"60-69 years","McDuffie","253","15","45"
"70-79 years","McDuffie","148","13","55"
"80 & Older years","McDuffie","68","16","30"
"<1 years","McDuffie","4","0","0"
"Unknown years","McDuffie","18","0","0"
"01-04 years","McIntosh","21","0","0"
"05-09 years","McIntosh","49","0","0"
"10-17 years","McIntosh","188","0","0"
"18-29 years","McIntosh","219","0","5"
"30-39 years","McIntosh","187","0","3"
"40-49 years","McIntosh","195","0","5"
"50-59 years","McIntosh","224","2","11"
"60-69 years","McIntosh","172","7","28"
"70-79 years","McIntosh","100","9","23"
"80 & Older years","McIntosh","37","10","13"
"<1 years","McIntosh","2","0","0"
"Unknown years","McIntosh","1","0","0"
"01-04 years","Meriwether","53","0","1"
"05-09 years","Meriwether","60","0","1"
"10-17 years","Meriwether","160","0","1"
"18-29 years","Meriwether","343","0","11"
"30-39 years","Meriwether","276","3","20"
"40-49 years","Meriwether","322","4","27"
"50-59 years","Meriwether","335","10","38"
"60-69 years","Meriwether","293","18","45"
"70-79 years","Meriwether","229","31","48"
"80 & Older years","Meriwether","118","33","28"
"<1 years","Meriwether","16","0","4"
"Unknown years","Meriwether","2","0","0"
"01-04 years","Miller","19","0","0"
"05-09 years","Miller","36","0","0"
"10-17 years","Miller","142","0","1"
"18-29 years","Miller","165","0","1"
"30-39 years","Miller","147","0","0"
"40-49 years","Miller","120","1","7"
"50-59 years","Miller","171","4","18"
"60-69 years","Miller","122","4","13"
"70-79 years","Miller","45","3","5"
"80 & Older years","Miller","32","3","8"
"<1 years","Miller","5","0","0"
"01-04 years","Mitchell","44","0","2"
"05-09 years","Mitchell","68","0","0"
"10-17 years","Mitchell","181","0","4"
"18-29 years","Mitchell","380","1","15"
"30-39 years","Mitchell","339","1","21"
"40-49 years","Mitchell","304","7","28"
"50-59 years","Mitchell","324","13","62"
"60-69 years","Mitchell","264","18","62"
"70-79 years","Mitchell","162","22","59"
"80 & Older years","Mitchell","100","27","34"
"<1 years","Mitchell","15","0","1"
"Unknown years","Mitchell","1","0","0"
"01-04 years","Monroe","22","0","3"
"05-09 years","Monroe","64","0","1"
"10-17 years","Monroe","194","0","0"
"18-29 years","Monroe","484","2","10"
"30-39 years","Monroe","396","0","10"
"40-49 years","Monroe","443","7","26"
"50-59 years","Monroe","463","6","34"
"60-69 years","Monroe","394","29","69"
"70-79 years","Monroe","213","29","55"
"80 & Older years","Monroe","131","45","43"
"<1 years","Monroe","6","0","1"
"01-04 years","Montgomery","15","0","0"
"05-09 years","Montgomery","20","0","0"
"10-17 years","Montgomery","101","0","1"
"18-29 years","Montgomery","234","1","2"
"30-39 years","Montgomery","176","2","6"
"40-49 years","Montgomery","181","0","4"
"50-59 years","Montgomery","163","5","14"
"60-69 years","Montgomery","141","9","16"
"70-79 years","Montgomery","73","12","13"
"80 & Older years","Montgomery","38","10","7"
"<1 years","Montgomery","3","0","0"
"Unknown years","Montgomery","1","0","0"
"01-04 years","Morgan","41","0","0"
"05-09 years","Morgan","72","0","1"
"10-17 years","Morgan","167","0","1"
"18-29 years","Morgan","329","0","7"
"30-39 years","Morgan","279","0","12"
"40-49 years","Morgan","265","1","11"
"50-59 years","Morgan","279","5","24"
"60-69 years","Morgan","205","8","26"
"70-79 years","Morgan","156","5","25"
"80 & Older years","Morgan","77","16","27"
"<1 years","Morgan","26","0","2"
"Unknown years","Morgan","1","0","0"
"01-04 years","Murray","122","0","2"
"05-09 years","Murray","189","0","3"
"10-17 years","Murray","692","0","2"
"18-29 years","Murray","1283","0","16"
"30-39 years","Murray","956","2","13"
"40-49 years","Murray","1041","9","39"
"50-59 years","Murray","891","16","72"
"60-69 years","Murray","610","24","92"
"70-79 years","Murray","359","51","82"
"80 & Older years","Murray","141","30","38"
"<1 years","Murray","47","0","2"
"Unknown years","Murray","1","0","0"
"01-04 years","Muscogee","442","0","7"
"05-09 years","Muscogee","768","0","0"
"10-17 years","Muscogee","1930","0","21"
"18-29 years","Muscogee","4703","9","116"
"30-39 years","Muscogee","3544","6","158"
"40-49 years","Muscogee","2827","18","196"
"50-59 years","Muscogee","2706","77","321"
"60-69 years","Muscogee","2097","135","404"
"70-79 years","Muscogee","1109","134","292"
"80 & Older years","Muscogee","663","189","240"
"<1 years","Muscogee","134","0","9"
"Unknown years","Muscogee","36","0","0"
"01-04 years","Newton","163","0","4"
"05-09 years","Newton","383","0","4"
"10-17 years","Newton","1042","0","34"
"18-29 years","Newton","2103","1","120"
"30-39 years","Newton","1826","6","133"
"40-49 years","Newton","1941","18","190"
"50-59 years","Newton","1742","46","229"
"60-69 years","Newton","1009","60","187"
"70-79 years","Newton","646","86","173"
"80 & Older years","Newton","377","101","129"
"<1 years","Newton","62","0","8"
"Unknown years","Newton","4","0","1"
"01-04 years","Non-GA Resident/Unknown State","432","0","7"
"05-09 years","Non-GA Resident/Unknown State","719","0","5"
"10-17 years","Non-GA Resident/Unknown State","1941","0","15"
"18-29 years","Non-GA Resident/Unknown State","7348","7","137"
"30-39 years","Non-GA Resident/Unknown State","5454","17","188"
"40-49 years","Non-GA Resident/Unknown State","4566","39","235"
"50-59 years","Non-GA Resident/Unknown State","4381","105","363"
"60-69 years","Non-GA Resident/Unknown State","3201","192","443"
"70-79 years","Non-GA Resident/Unknown State","2039","206","438"
"80 & Older years","Non-GA Resident/Unknown State","1141","193","297"
"<1 years","Non-GA Resident/Unknown State","261","0","12"
"Unknown years","Non-GA Resident/Unknown State","847","0","17"
"01-04 years","Oconee","71","0","0"
"05-09 years","Oconee","171","0","0"
"10-17 years","Oconee","549","0","1"
"18-29 years","Oconee","774","0","12"
"30-39 years","Oconee","559","1","8"
"40-49 years","Oconee","837","2","25"
"50-59 years","Oconee","665","5","20"
"60-69 years","Oconee","425","12","43"
"70-79 years","Oconee","244","19","34"
"80 & Older years","Oconee","161","34","48"
"<1 years","Oconee","18","0","0"
"Unknown years","Oconee","4","0","0"
"01-04 years","Oglethorpe","30","0","0"
"05-09 years","Oglethorpe","60","0","0"
"10-17 years","Oglethorpe","167","0","2"
"18-29 years","Oglethorpe","301","0","7"
"30-39 years","Oglethorpe","220","2","7"
"40-49 years","Oglethorpe","252","2","18"
"50-59 years","Oglethorpe","245","1","28"
"60-69 years","Oglethorpe","204","4","19"
"70-79 years","Oglethorpe","143","15","24"
"80 & Older years","Oglethorpe","80","18","22"
"<1 years","Oglethorpe","12","0","0"
"Unknown years","Oglethorpe","1","0","0"
"01-04 years","Paulding","304","0","3"
"05-09 years","Paulding","684","0","0"
"10-17 years","Paulding","1942","0","10"
"18-29 years","Paulding","2998","1","39"
"30-39 years","Paulding","2770","4","48"
"40-49 years","Paulding","2829","13","70"
"50-59 years","Paulding","2521","35","115"
"60-69 years","Paulding","1337","56","110"
"70-79 years","Paulding","712","57","107"
"80 & Older years","Paulding","401","86","88"
"<1 years","Paulding","85","0","1"
"Unknown years","Paulding","34","0","1"
"01-04 years","Peach","39","0","2"
"05-09 years","Peach","52","0","0"
"10-17 years","Peach","171","0","2"
"18-29 years","Peach","581","1","14"
"30-39 years","Peach","467","3","20"
"40-49 years","Peach","386","8","32"
"50-59 years","Peach","390","14","57"
"60-69 years","Peach","338","20","74"
"70-79 years","Peach","175","25","59"
"80 & Older years","Peach","84","21","37"
"<1 years","Peach","5","0","0"
"Unknown years","Peach","3","0","0"
"01-04 years","Pickens","38","0","3"
"05-09 years","Pickens","80","0","1"
"10-17 years","Pickens","266","0","1"
"18-29 years","Pickens","592","0","12"
"30-39 years","Pickens","484","3","25"
"40-49 years","Pickens","541","1","32"
"50-59 years","Pickens","629","9","50"
"60-69 years","Pickens","487","19","75"
"70-79 years","Pickens","351","28","91"
"80 & Older years","Pickens","153","31","48"
"<1 years","Pickens","6","0","1"
"Unknown years","Pickens","1","0","0"
"01-04 years","Pierce","51","0","0"
"05-09 years","Pierce","67","0","0"
"10-17 years","Pierce","211","1","1"
"18-29 years","Pierce","375","0","8"
"30-39 years","Pierce","284","3","14"
"40-49 years","Pierce","335","5","28"
"50-59 years","Pierce","315","17","42"
"60-69 years","Pierce","225","19","62"
"70-79 years","Pierce","163","24","59"
"80 & Older years","Pierce","62","17","23"
"<1 years","Pierce","22","0","1"
"01-04 years","Pike","58","0","0"
"05-09 years","Pike","90","0","0"
"10-17 years","Pike","235","0","1"
"18-29 years","Pike","269","2","9"
"30-39 years","Pike","295","1","8"
"40-49 years","Pike","324","2","15"
"50-59 years","Pike","262","9","23"
"60-69 years","Pike","186","15","33"
"70-79 years","Pike","110","9","29"
"80 & Older years","Pike","42","12","11"
"<1 years","Pike","17","0","0"
"Unknown years","Pike","1","0","0"
"01-04 years","Polk","98","0","1"
"05-09 years","Polk","185","0","3"
"10-17 years","Polk","665","0","6"
"18-29 years","Polk","1320","0","22"
"30-39 years","Polk","993","2","31"
"40-49 years","Polk","948","7","59"
"50-59 years","Polk","928","25","111"
"60-69 years","Polk","609","32","109"
"70-79 years","Polk","431","41","124"
"80 & Older years","Polk","184","34","64"
"<1 years","Polk","54","0","3"
"Unknown years","Polk","22","0","0"
"01-04 years","Pulaski","15","0","0"
"05-09 years","Pulaski","29","0","0"
"10-17 years","Pulaski","90","0","1"
"18-29 years","Pulaski","151","0","3"
"30-39 years","Pulaski","139","0","2"
"40-49 years","Pulaski","129","0","10"
"50-59 years","Pulaski","132","3","9"
"60-69 years","Pulaski","113","10","16"
"70-79 years","Pulaski","51","13","16"
"80 & Older years","Pulaski","40","12","6"
"<1 years","Pulaski","5","0","0"
"01-04 years","Putnam","41","0","0"
"05-09 years","Putnam","77","0","1"
"10-17 years","Putnam","228","0","2"
"18-29 years","Putnam","426","0","6"
"30-39 years","Putnam","381","0","15"
"40-49 years","Putnam","316","4","18"
"50-59 years","Putnam","412","3","34"
"60-69 years","Putnam","351","22","48"
"70-79 years","Putnam","263","25","69"
"80 & Older years","Putnam","109","25","43"
"<1 years","Putnam","11","0","1"
"01-04 years","Quitman","3","0","0"
"05-09 years","Quitman","5","0","0"
"10-17 years","Quitman","13","0","0"
"18-29 years","Quitman","16","0","1"
"30-39 years","Quitman","14","0","2"
"40-49 years","Quitman","6","0","1"
"50-59 years","Quitman","18","0","2"
"60-69 years","Quitman","29","1","6"
"70-79 years","Quitman","6","1","2"
"80 & Older years","Quitman","11","1","2"
"<1 years","Quitman","2","0","0"
"01-04 years","Rabun","24","0","0"
"05-09 years","Rabun","58","0","0"
"10-17 years","Rabun","203","0","2"
"18-29 years","Rabun","319","2","8"
"30-39 years","Rabun","266","2","14"
"40-49 years","Rabun","286","1","18"
"50-59 years","Rabun","323","4","36"
"60-69 years","Rabun","322","12","42"
"70-79 years","Rabun","243","16","49"
"80 & Older years","Rabun","103","22","35"
"<1 years","Rabun","9","0","1"
"Unknown years","Rabun","5","0","0"
"01-04 years","Randolph","3","0","0"
"05-09 years","Randolph","11","0","0"
"10-17 years","Randolph","29","0","3"
"18-29 years","Randolph","85","1","4"
"30-39 years","Randolph","92","2","8"
"40-49 years","Randolph","77","0","8"
"50-59 years","Randolph","113","6","25"
"60-69 years","Randolph","85","10","19"
"70-79 years","Randolph","54","5","18"
"80 & Older years","Randolph","50","15","17"
"<1 years","Randolph","2","0","0"
"Unknown years","Randolph","2","0","0"
"01-04 years","Richmond","486","0","1"
"05-09 years","Richmond","1001","1","6"
"10-17 years","Richmond","2489","0","26"
"18-29 years","Richmond","6251","15","93"
"30-39 years","Richmond","4748","12","136"
"40-49 years","Richmond","3596","30","169"
"50-59 years","Richmond","3325","57","291"
"60-69 years","Richmond","2526","128","365"
"70-79 years","Richmond","1330","153","382"
"80 & Older years","Richmond","779","189","311"
"<1 years","Richmond","153","0","6"
"Unknown years","Richmond","26","0","0"
"01-04 years","Rockdale","138","0","11"
"05-09 years","Rockdale","302","0","13"
"10-17 years","Rockdale","786","0","34"
"18-29 years","Rockdale","1746","3","142"
"30-39 years","Rockdale","1488","4","184"
"40-49 years","Rockdale","1511","10","194"
"50-59 years","Rockdale","1438","26","266"
"60-69 years","Rockdale","873","42","229"
"70-79 years","Rockdale","496","68","205"
"80 & Older years","Rockdale","263","68","140"
"<1 years","Rockdale","32","0","2"
"Unknown years","Rockdale","4","0","2"
"01-04 years","Schley","9","0","0"
"05-09 years","Schley","12","0","0"
"10-17 years","Schley","40","0","0"
"18-29 years","Schley","64","0","2"
"30-39 years","Schley","40","0","0"
"40-49 years","Schley","61","0","5"
"50-59 years","Schley","52","1","7"
"60-69 years","Schley","35","1","7"
"70-79 years","Schley","19","3","4"
"80 & Older years","Schley","9","2","3"
"<1 years","Schley","1","0","0"
"01-04 years","Screven","25","0","1"
"05-09 years","Screven","41","0","0"
"10-17 years","Screven","171","0","1"
"18-29 years","Screven","222","0","7"
"30-39 years","Screven","208","2","7"
"40-49 years","Screven","183","3","11"
"50-59 years","Screven","169","6","21"
"60-69 years","Screven","175","5","18"
"70-79 years","Screven","100","10","21"
"80 & Older years","Screven","45","9","13"
"<1 years","Screven","10","0","0"
"Unknown years","Screven","1","0","0"
"01-04 years","Seminole","22","0","0"
"05-09 years","Seminole","41","0","0"
"10-17 years","Seminole","139","0","0"
"18-29 years","Seminole","195","0","3"
"30-39 years","Seminole","158","0","4"
"40-49 years","Seminole","162","0","10"
"50-59 years","Seminole","169","3","8"
"60-69 years","Seminole","175","6","33"
"70-79 years","Seminole","98","7","20"
"80 & Older years","Seminole","45","7","18"
"<1 years","Seminole","9","0","0"
"Unknown years","Seminole","1","0","0"
"01-04 years","Spalding","149","0","2"
"05-09 years","Spalding","211","0","1"
"10-17 years","Spalding","521","0","5"
"18-29 years","Spalding","1248","2","41"
"30-39 years","Spalding","1075","7","48"
"40-49 years","Spalding","1011","15","78"
"50-59 years","Spalding","1009","37","122"
"60-69 years","Spalding","758","65","136"
"70-79 years","Spalding","502","75","124"
"80 & Older years","Spalding","300","72","88"
"<1 years","Spalding","46","0","3"
"Unknown years","Spalding","21","0","1"
"01-04 years","Stephens","45","0","2"
"05-09 years","Stephens","101","0","1"
"10-17 years","Stephens","422","0","3"
"18-29 years","Stephens","835","1","24"
"30-39 years","Stephens","562","0","11"
"40-49 years","Stephens","649","1","28"
"50-59 years","Stephens","685","10","54"
"60-69 years","Stephens","620","32","90"
"70-79 years","Stephens","414","33","88"
"80 & Older years","Stephens","199","31","46"
"<1 years","Stephens","12","0","1"
"Unknown years","Stephens","13","0","0"
"01-04 years","Stewart","8","0","1"
"05-09 years","Stewart","7","0","0"
"10-17 years","Stewart","26","0","0"
"18-29 years","Stewart","405","0","22"
"30-39 years","Stewart","382","1","28"
"40-49 years","Stewart","232","2","24"
"50-59 years","Stewart","118","2","17"
"60-69 years","Stewart","83","14","30"
"70-79 years","Stewart","28","4","6"
"80 & Older years","Stewart","22","5","7"
"<1 years","Stewart","3","0","0"
"Unknown years","Stewart","17","0","4"
"01-04 years","Sumter","58","0","1"
"05-09 years","Sumter","101","0","0"
"10-17 years","Sumter","216","0","7"
"18-29 years","Sumter","522","2","16"
"30-39 years","Sumter","394","1","34"
"40-49 years","Sumter","378","9","36"
"50-59 years","Sumter","415","9","60"
"60-69 years","Sumter","330","33","85"
"70-79 years","Sumter","215","34","65"
"80 & Older years","Sumter","139","39","59"
"<1 years","Sumter","32","0","3"
"Unknown years","Sumter","3","0","0"
"01-04 years","Talbot","16","0","1"
"05-09 years","Talbot","25","0","0"
"10-17 years","Talbot","53","0","0"
"18-29 years","Talbot","90","0","4"
"30-39 years","Talbot","58","0","3"
"40-49 years","Talbot","87","3","5"
"50-59 years","Talbot","99","6","10"
"60-69 years","Talbot","82","7","20"
"70-79 years","Talbot","50","7","8"
"80 & Older years","Talbot","25","4","10"
"<1 years","Talbot","1","0","0"
"Unknown years","Talbot","2","0","0"
"01-04 years","Taliaferro","2","0","0"
"05-09 years","Taliaferro","1","0","0"
"10-17 years","Taliaferro","10","0","0"
"18-29 years","Taliaferro","20","0","0"
"30-39 years","Taliaferro","19","0","0"
"40-49 years","Taliaferro","23","0","2"
"50-59 years","Taliaferro","12","0","0"
"60-69 years","Taliaferro","25","1","4"
"70-79 years","Taliaferro","11","1","4"
"80 & Older years","Taliaferro","4","1","2"
"<1 years","Taliaferro","1","0","0"
"01-04 years","Tattnall","59","0","1"
"05-09 years","Tattnall","84","0","1"
"10-17 years","Tattnall","271","0","2"
"18-29 years","Tattnall","471","1","3"
"30-39 years","Tattnall","427","2","9"
"40-49 years","Tattnall","413","0","11"
"50-59 years","Tattnall","424","13","29"
"60-69 years","Tattnall","300","21","43"
"70-79 years","Tattnall","161","29","46"
"80 & Older years","Tattnall","59","6","9"
"<1 years","Tattnall","20","0","0"
"01-04 years","Taylor","21","0","1"
"05-09 years","Taylor","31","0","0"
"10-17 years","Taylor","78","0","1"
"18-29 years","Taylor","130","1","6"
"30-39 years","Taylor","92","1","6"
"40-49 years","Taylor","133","2","15"
"50-59 years","Taylor","106","3","19"
"60-69 years","Taylor","89","7","22"
"70-79 years","Taylor","46","8","15"
"80 & Older years","Taylor","28","10","10"
"<1 years","Taylor","6","0","0"
"01-04 years","Telfair","16","0","0"
"05-09 years","Telfair","26","0","0"
"10-17 years","Telfair","55","0","1"
"18-29 years","Telfair","189","0","4"
"30-39 years","Telfair","142","1","5"
"40-49 years","Telfair","144","2","8"
"50-59 years","Telfair","140","8","14"
"60-69 years","Telfair","120","11","21"
"70-79 years","Telfair","79","16","23"
"80 & Older years","Telfair","46","17","13"
"<1 years","Telfair","8","0","0"
"Unknown years","Telfair","2","0","0"
"01-04 years","Terrell","17","0","0"
"05-09 years","Terrell","25","0","0"
"10-17 years","Terrell","84","0","1"
"18-29 years","Terrell","118","0","7"
"30-39 years","Terrell","113","0","14"
"40-49 years","Terrell","92","0","13"
"50-59 years","Terrell","139","7","27"
"60-69 years","Terrell","116","14","44"
"70-79 years","Terrell","71","19","30"
"80 & Older years","Terrell","46","16","19"
"<1 years","Terrell","4","0","0"
"01-04 years","Thomas","162","1","2"
"05-09 years","Thomas","309","0","2"
"10-17 years","Thomas","789","0","3"
"18-29 years","Thomas","1019","2","42"
"30-39 years","Thomas","840","5","35"
"40-49 years","Thomas","820","11","58"
"50-59 years","Thomas","844","22","85"
"60-69 years","Thomas","629","24","133"
"70-79 years","Thomas","367","44","107"
"80 & Older years","Thomas","217","54","73"
"<1 years","Thomas","55","0","3"
"Unknown years","Thomas","7","0","0"
"01-04 years","Tift","105","0","7"
"05-09 years","Tift","158","0","4"
"10-17 years","Tift","422","0","10"
"18-29 years","Tift","1063","2","33"
"30-39 years","Tift","785","2","40"
"40-49 years","Tift","723","9","71"
"50-59 years","Tift","625","17","88"
"60-69 years","Tift","478","27","95"
"70-79 years","Tift","303","37","99"
"80 & Older years","Tift","178","45","70"
"<1 years","Tift","33","0","2"
"Unknown years","Tift","3","0","0"
"01-04 years","Toombs","53","0","0"
"05-09 years","Toombs","118","0","0"
"10-17 years","Toombs","350","0","2"
"18-29 years","Toombs","872","1","10"
"30-39 years","Toombs","665","2","11"
"40-49 years","Toombs","640","7","36"
"50-59 years","Toombs","614","15","39"
"60-69 years","Toombs","543","31","73"
"70-79 years","Toombs","344","47","56"
"80 & Older years","Toombs","197","49","42"
"<1 years","Toombs","21","0","0"
"01-04 years","Towns","8","0","0"
"05-09 years","Towns","18","0","1"
"10-17 years","Towns","74","0","1"
"18-29 years","Towns","199","0","4"
"30-39 years","Towns","134","1","5"
"40-49 years","Towns","162","2","6"
"50-59 years","Towns","256","6","25"
"60-69 years","Towns","311","8","27"
"70-79 years","Towns","228","15","47"
"80 & Older years","Towns","159","35","64"
"<1 years","Towns","2","0","0"
"Unknown years","Towns","1","0","0"
"01-04 years","Treutlen","13","0","0"
"05-09 years","Treutlen","25","0","1"
"10-17 years","Treutlen","78","0","1"
"18-29 years","Treutlen","156","0","3"
"30-39 years","Treutlen","143","0","5"
"40-49 years","Treutlen","140","5","6"
"50-59 years","Treutlen","137","3","10"
"60-69 years","Treutlen","90","7","15"
"70-79 years","Treutlen","68","17","12"
"80 & Older years","Treutlen","39","13","10"
"<1 years","Treutlen","1","0","0"
"01-04 years","Troup","240","0","2"
"05-09 years","Troup","364","0","1"
"10-17 years","Troup","909","0","10"
"18-29 years","Troup","1742","2","36"
"30-39 years","Troup","1345","9","58"
"40-49 years","Troup","1149","10","70"
"50-59 years","Troup","1134","32","139"
"60-69 years","Troup","842","56","128"
"70-79 years","Troup","458","63","115"
"80 & Older years","Troup","305","93","78"
"<1 years","Troup","78","0","3"
"Unknown years","Troup","6","0","0"
"01-04 years","Turner","13","0","0"
"05-09 years","Turner","18","0","2"
"10-17 years","Turner","35","0","1"
"18-29 years","Turner","134","0","3"
"30-39 years","Turner","139","0","14"
"40-49 years","Turner","139","1","9"
"50-59 years","Turner","124","2","18"
"60-69 years","Turner","102","9","30"
"70-79 years","Turner","63","11","16"
"80 & Older years","Turner","38","17","17"
"<1 years","Turner","7","0","1"
"01-04 years","Twiggs","15","0","1"
"05-09 years","Twiggs","13","0","1"
"10-17 years","Twiggs","51","0","1"
"18-29 years","Twiggs","111","0","3"
"30-39 years","Twiggs","99","1","4"
"40-49 years","Twiggs","101","2","11"
"50-59 years","Twiggs","133","4","24"
"60-69 years","Twiggs","128","13","40"
"70-79 years","Twiggs","72","14","30"
"80 & Older years","Twiggs","34","15","18"
"<1 years","Twiggs","2","0","0"
"01-04 years","Union","21","0","0"
"05-09 years","Union","62","0","0"
"10-17 years","Union","192","0","2"
"18-29 years","Union","387","1","4"
"30-39 years","Union","384","3","7"
"40-49 years","Union","355","2","19"
"50-59 years","Union","458","6","36"
"60-69 years","Union","548","19","74"
"70-79 years","Union","471","34","101"
"80 & Older years","Union","255","53","84"
"<1 years","Union","7","0","2"
"Unknown years","Union","9","0","1"
"01-04 years","Unknown","41","0","0"
"05-09 years","Unknown","77","0","0"
"10-17 years","Unknown","232","0","0"
"18-29 years","Unknown","790","1","7"
"30-39 years","Unknown","437","0","5"
"40-49 years","Unknown","373","1","6"
"50-59 years","Unknown","315","1","4"
"60-69 years","Unknown","186","1","12"
"70-79 years","Unknown","112","1","9"
"80 & Older years","Unknown","53","1","7"
"<1 years","Unknown","40","0","1"
"Unknown years","Unknown","94","0","4"
"01-04 years","Upson","80","0","1"
"05-09 years","Upson","115","0","0"
"10-17 years","Upson","294","1","3"
"18-29 years","Upson","476","0","8"
"30-39 years","Upson","347","2","12"
"40-49 years","Upson","357","2","16"
"50-59 years","Upson","355","13","39"
"60-69 years","Upson","329","31","55"
"70-79 years","Upson","224","45","67"
"80 & Older years","Upson","127","47","45"
"<1 years","Upson","32","0","1"
"Unknown years","Upson","6","0","0"
"01-04 years","Walker","170","0","1"
"05-09 years","Walker","351","0","1"
"10-17 years","Walker","957","0","8"
"18-29 years","Walker","1758","0","22"
"30-39 years","Walker","1410","1","22"
"40-49 years","Walker","1560","8","45"
"50-59 years","Walker","1349","7","51"
"60-69 years","Walker","1017","26","84"
"70-79 years","Walker","653","39","79"
"80 & Older years","Walker","305","39","49"
"<1 years","Walker","66","0","2"
"Unknown years","Walker","98","0","3"
"01-04 years","Walton","153","0","2"
"05-09 years","Walton","314","0","5"
"10-17 years","Walton","997","0","18"
"18-29 years","Walton","1921","3","75"
"30-39 years","Walton","1722","5","65"
"40-49 years","Walton","1777","9","105"
"50-59 years","Walton","1716","29","168"
"60-69 years","Walton","1176","49","170"
"70-79 years","Walton","829","97","173"
"80 & Older years","Walton","466","123","112"
"<1 years","Walton","55","0","3"
"Unknown years","Walton","12","0","0"
"01-04 years","Ware","126","0","1"
"05-09 years","Ware","156","0","0"
"10-17 years","Ware","432","0","4"
"18-29 years","Ware","866","1","16"
"30-39 years","Ware","700","3","37"
"40-49 years","Ware","633","5","52"
"50-59 years","Ware","595","34","122"
"60-69 years","Ware","442","38","107"
"70-79 years","Ware","335","56","123"
"80 & Older years","Ware","234","71","77"
"<1 years","Ware","43","0","2"
"01-04 years","Warren","10","0","0"
"05-09 years","Warren","10","0","0"
"10-17 years","Warren","35","0","0"
"18-29 years","Warren","102","0","3"
"30-39 years","Warren","70","0","5"
"40-49 years","Warren","71","3","6"
"50-59 years","Warren","82","3","10"
"60-69 years","Warren","59","3","10"
"70-79 years","Warren","44","6","15"
"80 & Older years","Warren","20","5","8"
"<1 years","Warren","5","0","1"
"Unknown years","Warren","4","0","0"
"01-04 years","Washington","61","0","0"
"05-09 years","Washington","83","0","0"
"10-17 years","Washington","287","1","3"
"18-29 years","Washington","385","0","8"
"30-39 years","Washington","355","2","14"
"40-49 years","Washington","351","6","16"
"50-59 years","Washington","316","9","17"
"60-69 years","Washington","275","17","34"
"70-79 years","Washington","142","13","27"
"80 & Older years","Washington","84","31","15"
"<1 years","Washington","25","0","0"
"Unknown years","Washington","1","0","0"
"01-04 years","Wayne","59","0","1"
"05-09 years","Wayne","104","0","0"
"10-17 years","Wayne","389","0","2"
"18-29 years","Wayne","728","1","14"
"30-39 years","Wayne","704","6","21"
"40-49 years","Wayne","736","12","55"
"50-59 years","Wayne","652","23","61"
"60-69 years","Wayne","489","36","97"
"70-79 years","Wayne","345","39","96"
"80 & Older years","Wayne","155","38","39"
"<1 years","Wayne","25","0","2"
"05-09 years","Webster","7","0","0"
"10-17 years","Webster","16","0","0"
"18-29 years","Webster","35","0","3"
"30-39 years","Webster","17","0","1"
"40-49 years","Webster","27","0","2"
"50-59 years","Webster","25","3","8"
"60-69 years","Webster","27","1","4"
"70-79 years","Webster","10","1","2"
"80 & Older years","Webster","5","1","1"
"<1 years","Webster","2","0","0"
"Unknown years","Webster","3","0","0"
"01-04 years","Wheeler","3","0","0"
"05-09 years","Wheeler","9","0","1"
"10-17 years","Wheeler","40","0","0"
"18-29 years","Wheeler","87","0","0"
"30-39 years","Wheeler","108","2","2"
"40-49 years","Wheeler","105","3","3"
"50-59 years","Wheeler","111","9","12"
"60-69 years","Wheeler","66","6","10"
"70-79 years","Wheeler","49","8","12"
"80 & Older years","Wheeler","9","3","1"
"<1 years","Wheeler","2","0","0"
"Unknown years","Wheeler","23","0","1"
"01-04 years","White","39","0","1"
"05-09 years","White","109","0","1"
"10-17 years","White","426","0","2"
"18-29 years","White","689","1","13"
"30-39 years","White","561","2","12"
"40-49 years","White","622","8","32"
"50-59 years","White","693","10","64"
"60-69 years","White","602","19","83"
"70-79 years","White","455","29","106"
"80 & Older years","White","247","45","92"
"<1 years","White","15","0","0"
"Unknown years","White","13","0","0"
"01-04 years","Whitfield","295","0","3"
"05-09 years","Whitfield","623","0","3"
"10-17 years","Whitfield","1941","0","9"
"18-29 years","Whitfield","4508","3","64"
"30-39 years","Whitfield","3108","5","79"
"40-49 years","Whitfield","3071","11","103"
"50-59 years","Whitfield","2691","51","168"
"60-69 years","Whitfield","1627","60","195"
"70-79 years","Whitfield","897","78","175"
"80 & Older years","Whitfield","512","112","137"
"<1 years","Whitfield","104","0","5"
"01-04 years","Wilcox","21","0","1"
"05-09 years","Wilcox","26","0","0"
"10-17 years","Wilcox","55","0","0"
"18-29 years","Wilcox","74","0","1"
"30-39 years","Wilcox","70","0","3"
"40-49 years","Wilcox","93","0","12"
"50-59 years","Wilcox","100","2","16"
"60-69 years","Wilcox","107","10","29"
"70-79 years","Wilcox","60","12","11"
"80 & Older years","Wilcox","27","8","8"
"<1 years","Wilcox","8","0","1"
"01-04 years","Wilkes","10","0","0"
"05-09 years","Wilkes","24","0","0"
"10-17 years","Wilkes","76","0","1"
"18-29 years","Wilkes","163","0","3"
"30-39 years","Wilkes","111","0","7"
"40-49 years","Wilkes","140","1","16"
"50-59 years","Wilkes","130","3","12"
"60-69 years","Wilkes","107","4","24"
"70-79 years","Wilkes","75","9","26"
"80 & Older years","Wilkes","43","10","18"
"<1 years","Wilkes","6","0","1"
"Unknown years","Wilkes","1","0","0"
"01-04 years","Wilkinson","17","0","0"
"05-09 years","Wilkinson","27","0","0"
"10-17 years","Wilkinson","89","0","1"
"18-29 years","Wilkinson","176","0","3"
"30-39 years","Wilkinson","159","0","12"
"40-49 years","Wilkinson","150","0","10"
"50-59 years","Wilkinson","194","6","30"
"60-69 years","Wilkinson","174","18","51"
"70-79 years","Wilkinson","74","10","23"
"80 & Older years","Wilkinson","45","7","19"
"<1 years","Wilkinson","5","0","0"
"01-04 years","Worth","31","0","0"
"05-09 years","Worth","52","0","0"
"10-17 years","Worth","168","0","3"
"18-29 years","Worth","311","0","14"
"30-39 years","Worth","232","0","18"
"40-49 years","Worth","245","3","25"
"50-59 years","Worth","259","7","37"
"60-69 years","Worth","241","23","64"
"70-79 years","Worth","141","21","42"
"80 & Older years","Worth","87","23","33"
"<1 years","Worth","10","0","0"
"Unknown years","Worth","2","0","0"
