"age group","county name","cases","deaths","hospitalization"
"01-04 years","Georgia","10937","1","201"
"05-09 years","Georgia","18048","2","163"
"10-17 years","Georgia","62758","7","623"
"18-29 years","Georgia","187657","107","3486"
"30-39 years","Georgia","135479","231","4556"
"40-49 years","Georgia","131825","543","6588"
"50-59 years","Georgia","125226","1472","9885"
"60-69 years","Georgia","84974","3162","11882"
"70-79 years","Georgia","49550","4607","11401"
"80 & Older years","Georgia","28756","6027","8905"
"<1 years","Georgia","3083","0","159"
"Unknown years","Georgia","5382","12","112"
"01-04 years","Appling","28","0","0"
"05-09 years","Appling","53","0","0"
"10-17 years","Appling","162","0","1"
"18-29 years","Appling","332","1","5"
"30-39 years","Appling","252","1","5"
"40-49 years","Appling","246","4","17"
"50-59 years","Appling","286","6","27"
"60-69 years","Appling","246","14","50"
"70-79 years","Appling","160","17","33"
"80 & Older years","Appling","78","19","29"
"<1 years","Appling","7","0","0"
"Unknown years","Appling","3","0","0"
"01-04 years","Atkinson","6","0","1"
"05-09 years","Atkinson","18","0","1"
"10-17 years","Atkinson","48","0","0"
"18-29 years","Atkinson","164","0","8"
"30-39 years","Atkinson","121","0","10"
"40-49 years","Atkinson","130","1","23"
"50-59 years","Atkinson","135","1","23"
"60-69 years","Atkinson","80","4","24"
"70-79 years","Atkinson","43","5","13"
"80 & Older years","Atkinson","14","5","10"
"<1 years","Atkinson","3","0","0"
"01-04 years","Bacon","18","0","0"
"05-09 years","Bacon","22","0","0"
"10-17 years","Bacon","72","0","1"
"18-29 years","Bacon","238","0","1"
"30-39 years","Bacon","131","0","4"
"40-49 years","Bacon","158","1","12"
"50-59 years","Bacon","144","2","16"
"60-69 years","Bacon","122","9","21"
"70-79 years","Bacon","76","7","16"
"80 & Older years","Bacon","38","9","7"
"<1 years","Bacon","5","0","0"
"Unknown years","Bacon","1","0","0"
"01-04 years","Baker","5","0","0"
"05-09 years","Baker","4","0","0"
"10-17 years","Baker","9","0","0"
"18-29 years","Baker","25","0","0"
"30-39 years","Baker","22","0","2"
"40-49 years","Baker","14","1","2"
"50-59 years","Baker","21","0","1"
"60-69 years","Baker","31","3","15"
"70-79 years","Baker","18","2","10"
"80 & Older years","Baker","9","3","3"
"<1 years","Baker","2","0","0"
"01-04 years","Baldwin","30","0","0"
"05-09 years","Baldwin","53","0","0"
"10-17 years","Baldwin","187","1","5"
"18-29 years","Baldwin","1264","0","15"
"30-39 years","Baldwin","462","1","16"
"40-49 years","Baldwin","474","2","29"
"50-59 years","Baldwin","484","12","58"
"60-69 years","Baldwin","383","23","72"
"70-79 years","Baldwin","256","26","55"
"80 & Older years","Baldwin","154","42","59"
"<1 years","Baldwin","13","0","0"
"Unknown years","Baldwin","2","0","0"
"01-04 years","Banks","10","0","0"
"05-09 years","Banks","25","0","1"
"10-17 years","Banks","105","0","2"
"18-29 years","Banks","294","0","8"
"30-39 years","Banks","202","0","5"
"40-49 years","Banks","227","0","16"
"50-59 years","Banks","248","1","23"
"60-69 years","Banks","205","5","41"
"70-79 years","Banks","151","15","55"
"80 & Older years","Banks","79","12","29"
"<1 years","Banks","5","0","1"
"Unknown years","Banks","34","0","1"
"01-04 years","Barrow","87","0","0"
"05-09 years","Barrow","160","0","0"
"10-17 years","Barrow","632","0","7"
"18-29 years","Barrow","1683","2","34"
"30-39 years","Barrow","1424","1","44"
"40-49 years","Barrow","1473","4","64"
"50-59 years","Barrow","1231","7","97"
"60-69 years","Barrow","825","26","136"
"70-79 years","Barrow","485","33","100"
"80 & Older years","Barrow","235","46","86"
"<1 years","Barrow","30","0","2"
"Unknown years","Barrow","26","1","1"
"01-04 years","Bartow","107","0","3"
"05-09 years","Bartow","218","0","2"
"10-17 years","Bartow","917","0","13"
"18-29 years","Bartow","2027","0","23"
"30-39 years","Bartow","1629","4","45"
"40-49 years","Bartow","1720","1","75"
"50-59 years","Bartow","1772","14","143"
"60-69 years","Bartow","1064","34","154"
"70-79 years","Bartow","712","69","177"
"80 & Older years","Bartow","347","72","122"
"<1 years","Bartow","37","0","1"
"Unknown years","Bartow","161","1","8"
"01-04 years","Ben Hill","29","0","1"
"05-09 years","Ben Hill","20","0","0"
"10-17 years","Ben Hill","98","0","0"
"18-29 years","Ben Hill","259","0","4"
"30-39 years","Ben Hill","213","3","9"
"40-49 years","Ben Hill","197","1","10"
"50-59 years","Ben Hill","238","6","29"
"60-69 years","Ben Hill","201","12","28"
"70-79 years","Ben Hill","144","19","51"
"80 & Older years","Ben Hill","69","15","16"
"<1 years","Ben Hill","5","0","0"
"Unknown years","Ben Hill","2","0","0"
"01-04 years","Berrien","16","0","0"
"05-09 years","Berrien","23","0","0"
"10-17 years","Berrien","90","0","1"
"18-29 years","Berrien","196","0","0"
"30-39 years","Berrien","156","0","3"
"40-49 years","Berrien","137","0","5"
"50-59 years","Berrien","162","2","16"
"60-69 years","Berrien","123","8","17"
"70-79 years","Berrien","79","9","15"
"80 & Older years","Berrien","48","10","13"
"<1 years","Berrien","2","0","0"
"Unknown years","Berrien","1","0","0"
"01-04 years","Bibb","137","0","5"
"05-09 years","Bibb","186","0","0"
"10-17 years","Bibb","640","0","9"
"18-29 years","Bibb","2896","1","78"
"30-39 years","Bibb","2040","6","104"
"40-49 years","Bibb","2067","15","194"
"50-59 years","Bibb","1929","24","263"
"60-69 years","Bibb","1543","81","404"
"70-79 years","Bibb","939","113","346"
"80 & Older years","Bibb","588","138","282"
"<1 years","Bibb","45","0","4"
"Unknown years","Bibb","15","0","0"
"01-04 years","Bleckley","5","0","0"
"05-09 years","Bleckley","16","0","0"
"10-17 years","Bleckley","69","0","0"
"18-29 years","Bleckley","187","0","3"
"30-39 years","Bleckley","93","0","2"
"40-49 years","Bleckley","104","1","2"
"50-59 years","Bleckley","103","2","4"
"60-69 years","Bleckley","85","7","11"
"70-79 years","Bleckley","63","5","12"
"80 & Older years","Bleckley","61","18","12"
"<1 years","Bleckley","3","0","0"
"01-04 years","Brantley","12","0","0"
"05-09 years","Brantley","13","0","0"
"10-17 years","Brantley","82","0","1"
"18-29 years","Brantley","155","0","1"
"30-39 years","Brantley","115","0","4"
"40-49 years","Brantley","124","1","5"
"50-59 years","Brantley","143","2","13"
"60-69 years","Brantley","112","4","13"
"70-79 years","Brantley","86","14","20"
"80 & Older years","Brantley","47","8","10"
"<1 years","Brantley","1","0","0"
"01-04 years","Brooks","15","0","1"
"05-09 years","Brooks","25","0","0"
"10-17 years","Brooks","85","0","0"
"18-29 years","Brooks","172","0","1"
"30-39 years","Brooks","124","0","2"
"40-49 years","Brooks","117","1","11"
"50-59 years","Brooks","144","2","20"
"60-69 years","Brooks","98","6","16"
"70-79 years","Brooks","84","10","20"
"80 & Older years","Brooks","55","17","14"
"<1 years","Brooks","4","0","0"
"01-04 years","Bryan","50","0","0"
"05-09 years","Bryan","76","0","0"
"10-17 years","Bryan","259","0","3"
"18-29 years","Bryan","503","0","11"
"30-39 years","Bryan","425","1","9"
"40-49 years","Bryan","462","0","14"
"50-59 years","Bryan","340","5","29"
"60-69 years","Bryan","242","10","28"
"70-79 years","Bryan","153","9","50"
"80 & Older years","Bryan","66","8","26"
"<1 years","Bryan","13","0","0"
"Unknown years","Bryan","2","0","0"
"01-04 years","Bulloch","57","0","0"
"05-09 years","Bulloch","103","0","0"
"10-17 years","Bulloch","367","0","2"
"18-29 years","Bulloch","2202","0","9"
"30-39 years","Bulloch","626","4","21"
"40-49 years","Bulloch","544","2","25"
"50-59 years","Bulloch","519","8","33"
"60-69 years","Bulloch","379","14","44"
"70-79 years","Bulloch","195","16","38"
"80 & Older years","Bulloch","107","14","35"
"<1 years","Bulloch","25","0","2"
"Unknown years","Bulloch","5","0","0"
"01-04 years","Burke","21","0","0"
"05-09 years","Burke","44","0","0"
"10-17 years","Burke","131","0","1"
"18-29 years","Burke","334","1","7"
"30-39 years","Burke","254","1","9"
"40-49 years","Burke","288","2","14"
"50-59 years","Burke","262","2","32"
"60-69 years","Burke","206","5","37"
"70-79 years","Burke","120","11","32"
"80 & Older years","Burke","40","11","14"
"<1 years","Burke","7","0","0"
"Unknown years","Burke","3","0","0"
"01-04 years","Butts","24","0","3"
"05-09 years","Butts","27","0","0"
"10-17 years","Butts","110","0","1"
"18-29 years","Butts","364","0","6"
"30-39 years","Butts","321","0","8"
"40-49 years","Butts","319","3","13"
"50-59 years","Butts","339","6","22"
"60-69 years","Butts","253","16","31"
"70-79 years","Butts","176","20","23"
"80 & Older years","Butts","108","26","8"
"<1 years","Butts","5","0","1"
"Unknown years","Butts","5","0","0"
"01-04 years","Calhoun","6","0","0"
"05-09 years","Calhoun","1","0","0"
"10-17 years","Calhoun","38","0","0"
"18-29 years","Calhoun","65","0","6"
"30-39 years","Calhoun","59","2","6"
"40-49 years","Calhoun","75","1","8"
"50-59 years","Calhoun","76","2","17"
"60-69 years","Calhoun","72","2","19"
"70-79 years","Calhoun","22","5","8"
"80 & Older years","Calhoun","15","2","8"
"<1 years","Calhoun","3","0","0"
"Unknown years","Calhoun","1","0","0"
"01-04 years","Camden","43","0","0"
"05-09 years","Camden","42","0","1"
"10-17 years","Camden","228","0","1"
"18-29 years","Camden","756","0","5"
"30-39 years","Camden","509","1","16"
"40-49 years","Camden","408","1","11"
"50-59 years","Camden","470","1","17"
"60-69 years","Camden","347","6","24"
"70-79 years","Camden","201","4","23"
"80 & Older years","Camden","87","13","22"
"<1 years","Camden","8","0","1"
"Unknown years","Camden","1","0","0"
"01-04 years","Candler","9","0","0"
"05-09 years","Candler","12","0","0"
"10-17 years","Candler","54","0","0"
"18-29 years","Candler","128","0","0"
"30-39 years","Candler","95","0","3"
"40-49 years","Candler","117","3","3"
"50-59 years","Candler","124","5","10"
"60-69 years","Candler","98","8","14"
"70-79 years","Candler","64","13","19"
"80 & Older years","Candler","28","6","11"
"<1 years","Candler","5","0","0"
"Unknown years","Candler","1","0","0"
"01-04 years","Carroll","87","0","1"
"05-09 years","Carroll","131","0","1"
"10-17 years","Carroll","607","0","6"
"18-29 years","Carroll","1683","0","12"
"30-39 years","Carroll","1045","4","18"
"40-49 years","Carroll","1033","4","28"
"50-59 years","Carroll","1046","10","55"
"60-69 years","Carroll","749","26","72"
"70-79 years","Carroll","446","33","64"
"80 & Older years","Carroll","268","51","44"
"<1 years","Carroll","25","0","0"
"Unknown years","Carroll","13","0","0"
"01-04 years","Catoosa","84","0","0"
"05-09 years","Catoosa","129","0","1"
"10-17 years","Catoosa","452","0","2"
"18-29 years","Catoosa","958","0","8"
"30-39 years","Catoosa","723","1","10"
"40-49 years","Catoosa","838","2","14"
"50-59 years","Catoosa","778","5","31"
"60-69 years","Catoosa","560","7","58"
"70-79 years","Catoosa","347","16","54"
"80 & Older years","Catoosa","241","30","49"
"<1 years","Catoosa","33","0","1"
"Unknown years","Catoosa","145","0","10"
"01-04 years","Charlton","12","0","0"
"05-09 years","Charlton","27","0","0"
"10-17 years","Charlton","63","0","0"
"18-29 years","Charlton","182","0","1"
"30-39 years","Charlton","203","0","4"
"40-49 years","Charlton","175","2","8"
"50-59 years","Charlton","146","1","5"
"60-69 years","Charlton","145","7","19"
"70-79 years","Charlton","53","5","11"
"80 & Older years","Charlton","31","6","13"
"<1 years","Charlton","2","0","0"
"Unknown years","Charlton","1","0","0"
"01-04 years","Chatham","382","0","3"
"05-09 years","Chatham","460","1","1"
"10-17 years","Chatham","1299","0","13"
"18-29 years","Chatham","4822","2","55"
"30-39 years","Chatham","3323","5","111"
"40-49 years","Chatham","2705","12","148"
"50-59 years","Chatham","2445","36","235"
"60-69 years","Chatham","1989","74","349"
"70-79 years","Chatham","1067","114","338"
"80 & Older years","Chatham","649","133","281"
"<1 years","Chatham","104","0","4"
"Unknown years","Chatham","16","0","1"
"01-04 years","Chattahoochee","8","0","0"
"05-09 years","Chattahoochee","7","0","0"
"10-17 years","Chattahoochee","119","0","2"
"18-29 years","Chattahoochee","2362","7","5"
"30-39 years","Chattahoochee","244","2","4"
"40-49 years","Chattahoochee","54","0","0"
"50-59 years","Chattahoochee","23","0","5"
"60-69 years","Chattahoochee","18","0","4"
"70-79 years","Chattahoochee","8","0","2"
"80 & Older years","Chattahoochee","8","1","3"
"<1 years","Chattahoochee","9","0","0"
"Unknown years","Chattahoochee","1","0","0"
"01-04 years","Chattooga","13","0","0"
"05-09 years","Chattooga","27","0","0"
"10-17 years","Chattooga","184","0","1"
"18-29 years","Chattooga","364","0","4"
"30-39 years","Chattooga","293","0","8"
"40-49 years","Chattooga","329","2","14"
"50-59 years","Chattooga","330","5","21"
"60-69 years","Chattooga","278","14","40"
"70-79 years","Chattooga","166","16","41"
"80 & Older years","Chattooga","116","23","33"
"<1 years","Chattooga","9","0","1"
"Unknown years","Chattooga","32","0","1"
"01-04 years","Cherokee","224","0","7"
"05-09 years","Cherokee","533","0","8"
"10-17 years","Cherokee","2171","0","14"
"18-29 years","Cherokee","4195","2","69"
"30-39 years","Cherokee","3033","2","93"
"40-49 years","Cherokee","3446","4","113"
"50-59 years","Cherokee","3354","21","185"
"60-69 years","Cherokee","2026","41","223"
"70-79 years","Cherokee","1303","74","237"
"80 & Older years","Cherokee","789","136","218"
"<1 years","Cherokee","44","0","1"
"Unknown years","Cherokee","70","0","2"
"01-04 years","Clarke","162","0","1"
"05-09 years","Clarke","198","0","2"
"10-17 years","Clarke","584","0","5"
"18-29 years","Clarke","5876","1","37"
"30-39 years","Clarke","1569","2","34"
"40-49 years","Clarke","1269","3","52"
"50-59 years","Clarke","1135","8","70"
"60-69 years","Clarke","769","18","94"
"70-79 years","Clarke","458","46","111"
"80 & Older years","Clarke","236","41","68"
"<1 years","Clarke","43","0","2"
"Unknown years","Clarke","40","1","1"
"01-04 years","Clay","3","0","0"
"05-09 years","Clay","2","0","0"
"10-17 years","Clay","16","0","0"
"18-29 years","Clay","27","0","0"
"30-39 years","Clay","30","0","1"
"40-49 years","Clay","28","0","1"
"50-59 years","Clay","17","0","1"
"60-69 years","Clay","24","1","2"
"70-79 years","Clay","19","0","0"
"80 & Older years","Clay","14","2","5"
"01-04 years","Clayton","380","0","8"
"05-09 years","Clayton","589","1","8"
"10-17 years","Clayton","1504","0","29"
"18-29 years","Clayton","4650","5","98"
"30-39 years","Clayton","4006","10","149"
"40-49 years","Clayton","3653","23","180"
"50-59 years","Clayton","3487","52","262"
"60-69 years","Clayton","2193","107","240"
"70-79 years","Clayton","932","96","171"
"80 & Older years","Clayton","460","103","114"
"<1 years","Clayton","87","0","3"
"Unknown years","Clayton","59","1","3"
"01-04 years","Clinch","14","0","0"
"05-09 years","Clinch","20","0","0"
"10-17 years","Clinch","74","0","0"
"18-29 years","Clinch","131","0","2"
"30-39 years","Clinch","104","1","4"
"40-49 years","Clinch","100","0","4"
"50-59 years","Clinch","95","2","14"
"60-69 years","Clinch","105","7","15"
"70-79 years","Clinch","52","9","18"
"80 & Older years","Clinch","18","5","6"
"<1 years","Clinch","4","0","0"
"Unknown years","Clinch","1","0","0"
"01-04 years","Cobb","700","1","15"
"05-09 years","Cobb","1248","0","10"
"10-17 years","Cobb","4132","0","38"
"18-29 years","Cobb","14282","5","222"
"30-39 years","Cobb","9680","14","241"
"40-49 years","Cobb","9252","32","387"
"50-59 years","Cobb","8200","60","510"
"60-69 years","Cobb","5065","126","510"
"70-79 years","Cobb","2789","273","504"
"80 & Older years","Cobb","1735","380","474"
"<1 years","Cobb","183","0","11"
"Unknown years","Cobb","139","0","3"
"01-04 years","Coffee","74","0","2"
"05-09 years","Coffee","94","0","4"
"10-17 years","Coffee","285","0","4"
"18-29 years","Coffee","808","0","22"
"30-39 years","Coffee","607","4","42"
"40-49 years","Coffee","674","5","86"
"50-59 years","Coffee","664","10","132"
"60-69 years","Coffee","527","32","131"
"70-79 years","Coffee","282","38","125"
"80 & Older years","Coffee","155","39","89"
"<1 years","Coffee","14","0","0"
"01-04 years","Colquitt","48","0","0"
"05-09 years","Colquitt","102","0","1"
"10-17 years","Colquitt","364","0","6"
"18-29 years","Colquitt","704","0","19"
"30-39 years","Colquitt","493","0","18"
"40-49 years","Colquitt","523","6","36"
"50-59 years","Colquitt","473","15","39"
"60-69 years","Colquitt","334","13","41"
"70-79 years","Colquitt","204","14","46"
"80 & Older years","Colquitt","136","23","30"
"<1 years","Colquitt","15","0","0"
"Unknown years","Colquitt","5","0","0"
"01-04 years","Columbia","131","0","2"
"05-09 years","Columbia","282","0","0"
"10-17 years","Columbia","1062","0","1"
"18-29 years","Columbia","2173","1","21"
"30-39 years","Columbia","1934","2","25"
"40-49 years","Columbia","1755","7","45"
"50-59 years","Columbia","1513","15","68"
"60-69 years","Columbia","973","26","94"
"70-79 years","Columbia","521","42","104"
"80 & Older years","Columbia","299","63","92"
"<1 years","Columbia","33","0","1"
"Unknown years","Columbia","21","0","0"
"01-04 years","Cook","13","0","1"
"05-09 years","Cook","23","0","0"
"10-17 years","Cook","92","0","2"
"18-29 years","Cook","227","0","6"
"30-39 years","Cook","170","0","4"
"40-49 years","Cook","175","0","14"
"50-59 years","Cook","160","2","17"
"60-69 years","Cook","126","7","19"
"70-79 years","Cook","99","11","28"
"80 & Older years","Cook","54","16","15"
"<1 years","Cook","6","0","0"
"Unknown years","Cook","2","0","0"
"01-04 years","Coweta","103","0","0"
"05-09 years","Coweta","187","0","0"
"10-17 years","Coweta","615","0","4"
"18-29 years","Coweta","1560","1","14"
"30-39 years","Coweta","1215","2","25"
"40-49 years","Coweta","1297","9","37"
"50-59 years","Coweta","1497","22","58"
"60-69 years","Coweta","933","33","59"
"70-79 years","Coweta","574","46","68"
"80 & Older years","Coweta","316","57","39"
"<1 years","Coweta","27","0","1"
"Unknown years","Coweta","22","0","0"
"01-04 years","Crawford","2","0","0"
"05-09 years","Crawford","2","0","0"
"10-17 years","Crawford","28","0","1"
"18-29 years","Crawford","74","0","2"
"30-39 years","Crawford","69","0","6"
"40-49 years","Crawford","58","1","3"
"50-59 years","Crawford","113","3","14"
"60-69 years","Crawford","99","5","15"
"70-79 years","Crawford","42","5","14"
"80 & Older years","Crawford","23","1","8"
"01-04 years","Crisp","21","0","0"
"05-09 years","Crisp","29","0","0"
"10-17 years","Crisp","105","0","1"
"18-29 years","Crisp","223","0","8"
"30-39 years","Crisp","217","1","14"
"40-49 years","Crisp","201","2","19"
"50-59 years","Crisp","202","5","26"
"60-69 years","Crisp","201","14","37"
"70-79 years","Crisp","102","10","33"
"80 & Older years","Crisp","71","15","17"
"<1 years","Crisp","8","0","0"
"Unknown years","Crisp","14","0","0"
"01-04 years","Dade","14","0","0"
"05-09 years","Dade","37","0","0"
"10-17 years","Dade","96","0","0"
"18-29 years","Dade","211","0","1"
"30-39 years","Dade","146","0","2"
"40-49 years","Dade","180","0","7"
"50-59 years","Dade","165","2","9"
"60-69 years","Dade","125","1","8"
"70-79 years","Dade","86","5","18"
"80 & Older years","Dade","50","2","10"
"<1 years","Dade","7","0","0"
"Unknown years","Dade","36","0","1"
"01-04 years","Dawson","25","0","0"
"05-09 years","Dawson","48","0","0"
"10-17 years","Dawson","192","0","4"
"18-29 years","Dawson","518","0","14"
"30-39 years","Dawson","378","0","13"
"40-49 years","Dawson","355","0","23"
"50-59 years","Dawson","414","2","31"
"60-69 years","Dawson","333","5","68"
"70-79 years","Dawson","205","18","48"
"80 & Older years","Dawson","88","12","29"
"<1 years","Dawson","8","0","1"
"Unknown years","Dawson","38","0","2"
"01-04 years","DeKalb","789","0","22"
"05-09 years","DeKalb","1140","0","18"
"10-17 years","DeKalb","3195","0","55"
"18-29 years","DeKalb","12425","10","339"
"30-39 years","DeKalb","10717","18","493"
"40-49 years","DeKalb","8568","29","550"
"50-59 years","DeKalb","7778","96","779"
"60-69 years","DeKalb","4937","156","836"
"70-79 years","DeKalb","2503","223","669"
"80 & Older years","DeKalb","1540","308","487"
"<1 years","DeKalb","173","0","7"
"Unknown years","DeKalb","314","1","8"
"01-04 years","Decatur","51","0","1"
"05-09 years","Decatur","62","0","0"
"10-17 years","Decatur","205","0","0"
"18-29 years","Decatur","411","1","8"
"30-39 years","Decatur","320","1","8"
"40-49 years","Decatur","311","1","18"
"50-59 years","Decatur","265","5","27"
"60-69 years","Decatur","217","10","29"
"70-79 years","Decatur","137","19","25"
"80 & Older years","Decatur","97","16","21"
"<1 years","Decatur","9","0","0"
"01-04 years","Dodge","7","0","0"
"05-09 years","Dodge","17","0","0"
"10-17 years","Dodge","86","1","1"
"18-29 years","Dodge","199","0","4"
"30-39 years","Dodge","147","0","4"
"40-49 years","Dodge","152","1","11"
"50-59 years","Dodge","177","5","18"
"60-69 years","Dodge","146","16","29"
"70-79 years","Dodge","82","16","21"
"80 & Older years","Dodge","55","16","16"
"<1 years","Dodge","3","0","0"
"Unknown years","Dodge","1","1","0"
"01-04 years","Dooly","12","0","0"
"05-09 years","Dooly","12","0","0"
"10-17 years","Dooly","50","0","1"
"18-29 years","Dooly","108","0","5"
"30-39 years","Dooly","99","0","9"
"40-49 years","Dooly","134","1","9"
"50-59 years","Dooly","144","5","18"
"60-69 years","Dooly","124","10","24"
"70-79 years","Dooly","67","9","17"
"80 & Older years","Dooly","22","6","6"
"<1 years","Dooly","3","0","0"
"Unknown years","Dooly","3","0","0"
"01-04 years","Dougherty","61","0","2"
"05-09 years","Dougherty","109","0","0"
"10-17 years","Dougherty","239","0","5"
"18-29 years","Dougherty","951","2","81"
"30-39 years","Dougherty","788","4","76"
"40-49 years","Dougherty","809","15","111"
"50-59 years","Dougherty","884","25","163"
"60-69 years","Dougherty","761","73","243"
"70-79 years","Dougherty","453","63","176"
"80 & Older years","Dougherty","262","90","123"
"<1 years","Dougherty","28","0","2"
"Unknown years","Dougherty","8","0","0"
"01-04 years","Douglas","163","0","5"
"05-09 years","Douglas","273","0","4"
"10-17 years","Douglas","877","0","5"
"18-29 years","Douglas","2226","0","47"
"30-39 years","Douglas","1802","3","65"
"40-49 years","Douglas","2092","6","110"
"50-59 years","Douglas","1860","20","155"
"60-69 years","Douglas","1076","36","165"
"70-79 years","Douglas","573","55","140"
"80 & Older years","Douglas","278","45","90"
"<1 years","Douglas","31","0","5"
"Unknown years","Douglas","17","0","1"
"01-04 years","Early","19","0","0"
"05-09 years","Early","18","0","0"
"10-17 years","Early","96","0","0"
"18-29 years","Early","149","0","4"
"30-39 years","Early","146","0","4"
"40-49 years","Early","167","1","9"
"50-59 years","Early","161","3","11"
"60-69 years","Early","118","11","13"
"70-79 years","Early","76","14","17"
"80 & Older years","Early","41","12","13"
"<1 years","Early","2","0","0"
"01-04 years","Echols","8","0","0"
"05-09 years","Echols","5","0","0"
"10-17 years","Echols","26","0","1"
"18-29 years","Echols","129","0","1"
"30-39 years","Echols","59","0","2"
"40-49 years","Echols","40","0","1"
"50-59 years","Echols","43","0","2"
"60-69 years","Echols","22","0","0"
"70-79 years","Echols","17","2","3"
"80 & Older years","Echols","3","1","2"
"<1 years","Echols","1","0","0"
"01-04 years","Effingham","49","0","2"
"05-09 years","Effingham","110","0","1"
"10-17 years","Effingham","386","0","1"
"18-29 years","Effingham","650","0","5"
"30-39 years","Effingham","608","1","13"
"40-49 years","Effingham","564","1","27"
"50-59 years","Effingham","566","10","39"
"60-69 years","Effingham","369","8","57"
"70-79 years","Effingham","211","18","54"
"80 & Older years","Effingham","94","20","30"
"<1 years","Effingham","11","0","0"
"Unknown years","Effingham","2","0","0"
"01-04 years","Elbert","18","0","0"
"05-09 years","Elbert","29","0","0"
"10-17 years","Elbert","87","0","1"
"18-29 years","Elbert","261","0","1"
"30-39 years","Elbert","185","0","8"
"40-49 years","Elbert","213","1","9"
"50-59 years","Elbert","229","1","13"
"60-69 years","Elbert","183","6","22"
"70-79 years","Elbert","158","18","33"
"80 & Older years","Elbert","125","26","32"
"<1 years","Elbert","8","0","2"
"Unknown years","Elbert","9","0","0"
"01-04 years","Emanuel","25","0","1"
"05-09 years","Emanuel","23","0","0"
"10-17 years","Emanuel","166","0","2"
"18-29 years","Emanuel","306","1","0"
"30-39 years","Emanuel","229","0","8"
"40-49 years","Emanuel","281","1","7"
"50-59 years","Emanuel","254","6","27"
"60-69 years","Emanuel","222","9","30"
"70-79 years","Emanuel","129","15","26"
"80 & Older years","Emanuel","60","19","20"
"<1 years","Emanuel","5","0","0"
"Unknown years","Emanuel","10","0","1"
"01-04 years","Evans","13","0","0"
"05-09 years","Evans","20","0","0"
"10-17 years","Evans","85","0","0"
"18-29 years","Evans","146","1","3"
"30-39 years","Evans","126","0","3"
"40-49 years","Evans","108","0","9"
"50-59 years","Evans","110","3","16"
"60-69 years","Evans","67","4","15"
"70-79 years","Evans","48","6","15"
"80 & Older years","Evans","19","2","11"
"<1 years","Evans","2","0","0"
"Unknown years","Evans","1","0","0"
"01-04 years","Fannin","15","0","0"
"05-09 years","Fannin","29","0","0"
"10-17 years","Fannin","123","0","0"
"18-29 years","Fannin","287","0","5"
"30-39 years","Fannin","226","0","7"
"40-49 years","Fannin","255","1","9"
"50-59 years","Fannin","346","4","22"
"60-69 years","Fannin","341","7","35"
"70-79 years","Fannin","238","11","40"
"80 & Older years","Fannin","141","28","46"
"<1 years","Fannin","4","0","0"
"Unknown years","Fannin","17","0","0"
"01-04 years","Fayette","63","0","0"
"05-09 years","Fayette","130","0","2"
"10-17 years","Fayette","509","0","2"
"18-29 years","Fayette","1170","1","7"
"30-39 years","Fayette","755","1","8"
"40-49 years","Fayette","1040","1","23"
"50-59 years","Fayette","1114","8","40"
"60-69 years","Fayette","835","20","49"
"70-79 years","Fayette","418","50","65"
"80 & Older years","Fayette","278","55","39"
"<1 years","Fayette","13","0","0"
"Unknown years","Fayette","27","1","1"
"01-04 years","Floyd","120","0","3"
"05-09 years","Floyd","207","0","1"
"10-17 years","Floyd","905","0","11"
"18-29 years","Floyd","1976","0","25"
"30-39 years","Floyd","1447","3","49"
"40-49 years","Floyd","1419","5","81"
"50-59 years","Floyd","1372","21","140"
"60-69 years","Floyd","992","32","175"
"70-79 years","Floyd","678","45","187"
"80 & Older years","Floyd","380","61","142"
"<1 years","Floyd","47","0","2"
"Unknown years","Floyd","128","0","3"
"01-04 years","Forsyth","215","0","1"
"05-09 years","Forsyth","556","0","2"
"10-17 years","Forsyth","1991","0","6"
"18-29 years","Forsyth","3034","0","42"
"30-39 years","Forsyth","2240","1","59"
"40-49 years","Forsyth","2895","4","118"
"50-59 years","Forsyth","2677","10","158"
"60-69 years","Forsyth","1399","17","144"
"70-79 years","Forsyth","829","54","213"
"80 & Older years","Forsyth","495","73","157"
"<1 years","Forsyth","46","0","3"
"Unknown years","Forsyth","500","0","4"
"01-04 years","Franklin","16","0","1"
"05-09 years","Franklin","53","0","0"
"10-17 years","Franklin","177","0","5"
"18-29 years","Franklin","424","0","10"
"30-39 years","Franklin","289","0","3"
"40-49 years","Franklin","337","0","13"
"50-59 years","Franklin","343","0","22"
"60-69 years","Franklin","299","3","33"
"70-79 years","Franklin","176","18","33"
"80 & Older years","Franklin","84","18","24"
"<1 years","Franklin","8","0","1"
"Unknown years","Franklin","86","0","2"
"01-04 years","Fulton","953","0","22"
"05-09 years","Fulton","1571","0","12"
"10-17 years","Fulton","5075","1","42"
"18-29 years","Fulton","20206","5","324"
"30-39 years","Fulton","14780","22","476"
"40-49 years","Fulton","11816","39","556"
"50-59 years","Fulton","10574","98","797"
"60-69 years","Fulton","6265","210","783"
"70-79 years","Fulton","3367","297","716"
"80 & Older years","Fulton","2380","481","706"
"<1 years","Fulton","206","0","8"
"Unknown years","Fulton","150","0","2"
"01-04 years","Gilmer","29","0","2"
"05-09 years","Gilmer","39","0","0"
"10-17 years","Gilmer","181","0","2"
"18-29 years","Gilmer","351","0","9"
"30-39 years","Gilmer","308","0","14"
"40-49 years","Gilmer","345","0","16"
"50-59 years","Gilmer","369","9","26"
"60-69 years","Gilmer","358","8","41"
"70-79 years","Gilmer","246","18","47"
"80 & Older years","Gilmer","135","33","40"
"<1 years","Gilmer","11","0","0"
"Unknown years","Gilmer","42","0","0"
"01-04 years","Glascock","1","0","0"
"05-09 years","Glascock","3","0","0"
"10-17 years","Glascock","1","0","0"
"18-29 years","Glascock","22","0","1"
"30-39 years","Glascock","16","0","0"
"40-49 years","Glascock","21","0","1"
"50-59 years","Glascock","27","2","3"
"60-69 years","Glascock","15","0","2"
"70-79 years","Glascock","25","3","6"
"80 & Older years","Glascock","9","2","5"
"<1 years","Glascock","1","0","0"
"Unknown years","Glascock","1","0","0"
"01-04 years","Glynn","95","0","1"
"05-09 years","Glynn","174","0","1"
"10-17 years","Glynn","562","0","0"
"18-29 years","Glynn","1358","0","23"
"30-39 years","Glynn","1049","4","27"
"40-49 years","Glynn","893","4","35"
"50-59 years","Glynn","852","9","68"
"60-69 years","Glynn","704","29","113"
"70-79 years","Glynn","440","42","78"
"80 & Older years","Glynn","254","61","87"
"<1 years","Glynn","20","0","0"
"Unknown years","Glynn","15","0","0"
"01-04 years","Gordon","87","0","1"
"05-09 years","Gordon","127","0","0"
"10-17 years","Gordon","560","0","4"
"18-29 years","Gordon","1235","0","14"
"30-39 years","Gordon","950","2","20"
"40-49 years","Gordon","1019","4","35"
"50-59 years","Gordon","996","13","50"
"60-69 years","Gordon","620","23","51"
"70-79 years","Gordon","359","23","77"
"80 & Older years","Gordon","185","31","52"
"<1 years","Gordon","26","0","3"
"Unknown years","Gordon","124","0","3"
"01-04 years","Grady","31","0","1"
"05-09 years","Grady","42","0","0"
"10-17 years","Grady","133","0","5"
"18-29 years","Grady","252","0","9"
"30-39 years","Grady","220","0","9"
"40-49 years","Grady","232","1","23"
"50-59 years","Grady","213","7","29"
"60-69 years","Grady","162","4","27"
"70-79 years","Grady","149","17","45"
"80 & Older years","Grady","53","16","20"
"<1 years","Grady","2","0","1"
"Unknown years","Grady","3","0","0"
"01-04 years","Greene","16","0","0"
"05-09 years","Greene","32","0","0"
"10-17 years","Greene","83","0","0"
"18-29 years","Greene","253","0","5"
"30-39 years","Greene","178","0","7"
"40-49 years","Greene","176","3","12"
"50-59 years","Greene","218","5","20"
"60-69 years","Greene","227","7","19"
"70-79 years","Greene","172","9","27"
"80 & Older years","Greene","104","24","40"
"<1 years","Greene","3","0","1"
"Unknown years","Greene","2","0","0"
"01-04 years","Gwinnett","1257","0","19"
"05-09 years","Gwinnett","2050","0","25"
"10-17 years","Gwinnett","6824","2","78"
"18-29 years","Gwinnett","18501","8","547"
"30-39 years","Gwinnett","13983","17","573"
"40-49 years","Gwinnett","14830","56","765"
"50-59 years","Gwinnett","12707","94","853"
"60-69 years","Gwinnett","7036","192","899"
"70-79 years","Gwinnett","3211","247","726"
"80 & Older years","Gwinnett","1780","354","630"
"<1 years","Gwinnett","369","0","19"
"Unknown years","Gwinnett","91","0","0"
"01-04 years","Habersham","32","0","3"
"05-09 years","Habersham","57","0","3"
"10-17 years","Habersham","304","1","7"
"18-29 years","Habersham","845","0","11"
"30-39 years","Habersham","630","2","28"
"40-49 years","Habersham","671","4","41"
"50-59 years","Habersham","688","5","54"
"60-69 years","Habersham","562","17","112"
"70-79 years","Habersham","381","46","108"
"80 & Older years","Habersham","277","66","88"
"<1 years","Habersham","9","0","3"
"Unknown years","Habersham","112","0","4"
"01-04 years","Hall","186","0","7"
"05-09 years","Hall","376","0","5"
"10-17 years","Hall","1748","0","30"
"18-29 years","Hall","5152","3","158"
"30-39 years","Hall","3471","1","186"
"40-49 years","Hall","3634","9","259"
"50-59 years","Hall","3817","30","373"
"60-69 years","Hall","2569","76","403"
"70-79 years","Hall","1656","109","462"
"80 & Older years","Hall","921","168","374"
"<1 years","Hall","36","0","8"
"Unknown years","Hall","684","0","11"
"01-04 years","Hancock","7","0","0"
"05-09 years","Hancock","8","0","0"
"10-17 years","Hancock","35","0","0"
"18-29 years","Hancock","133","0","3"
"30-39 years","Hancock","109","0","2"
"40-49 years","Hancock","107","1","4"
"50-59 years","Hancock","140","4","15"
"60-69 years","Hancock","142","17","30"
"70-79 years","Hancock","70","15","22"
"80 & Older years","Hancock","62","22","24"
"<1 years","Hancock","4","0","0"
"01-04 years","Haralson","24","0","0"
"05-09 years","Haralson","36","0","0"
"10-17 years","Haralson","149","0","2"
"18-29 years","Haralson","347","0","3"
"30-39 years","Haralson","217","0","4"
"40-49 years","Haralson","243","2","6"
"50-59 years","Haralson","260","1","6"
"60-69 years","Haralson","192","12","22"
"70-79 years","Haralson","130","11","17"
"80 & Older years","Haralson","55","7","10"
"<1 years","Haralson","6","0","0"
"Unknown years","Haralson","5","0","0"
"01-04 years","Harris","29","0","0"
"05-09 years","Harris","32","0","0"
"10-17 years","Harris","182","0","2"
"18-29 years","Harris","329","0","5"
"30-39 years","Harris","239","0","7"
"40-49 years","Harris","351","3","10"
"50-59 years","Harris","361","7","23"
"60-69 years","Harris","311","14","49"
"70-79 years","Harris","179","17","42"
"80 & Older years","Harris","59","9","11"
"<1 years","Harris","5","0","0"
"Unknown years","Harris","7","0","0"
"01-04 years","Hart","17","0","0"
"05-09 years","Hart","24","0","1"
"10-17 years","Hart","94","0","0"
"18-29 years","Hart","296","0","2"
"30-39 years","Hart","250","0","6"
"40-49 years","Hart","229","0","8"
"50-59 years","Hart","274","3","19"
"60-69 years","Hart","221","12","30"
"70-79 years","Hart","145","7","20"
"80 & Older years","Hart","86","13","27"
"<1 years","Hart","4","0","1"
"Unknown years","Hart","42","0","0"
"01-04 years","Heard","8","0","0"
"05-09 years","Heard","12","0","0"
"10-17 years","Heard","59","0","1"
"18-29 years","Heard","102","0","1"
"30-39 years","Heard","64","0","1"
"40-49 years","Heard","111","0","8"
"50-59 years","Heard","98","0","5"
"60-69 years","Heard","75","4","7"
"70-79 years","Heard","52","6","13"
"80 & Older years","Heard","21","4","2"
"<1 years","Heard","4","0","0"
"Unknown years","Heard","1","0","0"
"01-04 years","Henry","228","0","6"
"05-09 years","Henry","342","0","2"
"10-17 years","Henry","1310","0","14"
"18-29 years","Henry","3592","1","28"
"30-39 years","Henry","2958","6","45"
"40-49 years","Henry","3240","13","90"
"50-59 years","Henry","3162","19","122"
"60-69 years","Henry","1773","62","95"
"70-79 years","Henry","876","79","80"
"80 & Older years","Henry","450","85","55"
"<1 years","Henry","42","0","2"
"Unknown years","Henry","40","1","2"
"01-04 years","Houston","101","0","2"
"05-09 years","Houston","156","0","1"
"10-17 years","Houston","695","0","4"
"18-29 years","Houston","2043","3","36"
"30-39 years","Houston","1768","3","56"
"40-49 years","Houston","1655","7","89"
"50-59 years","Houston","1437","13","103"
"60-69 years","Houston","940","40","145"
"70-79 years","Houston","520","58","148"
"80 & Older years","Houston","291","55","92"
"<1 years","Houston","23","0","2"
"Unknown years","Houston","2","0","0"
"01-04 years","Irwin","6","0","0"
"05-09 years","Irwin","10","0","0"
"10-17 years","Irwin","51","0","0"
"18-29 years","Irwin","116","0","4"
"30-39 years","Irwin","95","0","4"
"40-49 years","Irwin","118","1","10"
"50-59 years","Irwin","104","3","12"
"60-69 years","Irwin","84","1","21"
"70-79 years","Irwin","50","6","8"
"80 & Older years","Irwin","36","7","21"
"01-04 years","Jackson","59","0","0"
"05-09 years","Jackson","153","0","3"
"10-17 years","Jackson","759","0","6"
"18-29 years","Jackson","1431","2","17"
"30-39 years","Jackson","1287","1","24"
"40-49 years","Jackson","1387","6","55"
"50-59 years","Jackson","1307","5","71"
"60-69 years","Jackson","876","24","82"
"70-79 years","Jackson","598","35","109"
"80 & Older years","Jackson","310","55","107"
"<1 years","Jackson","22","0","2"
"Unknown years","Jackson","33","0","1"
"01-04 years","Jasper","5","0","1"
"05-09 years","Jasper","8","0","0"
"10-17 years","Jasper","35","0","1"
"18-29 years","Jasper","122","0","3"
"30-39 years","Jasper","96","0","2"
"40-49 years","Jasper","97","1","3"
"50-59 years","Jasper","126","1","15"
"60-69 years","Jasper","92","8","16"
"70-79 years","Jasper","54","6","11"
"80 & Older years","Jasper","18","2","5"
"<1 years","Jasper","3","0","1"
"01-04 years","Jeff Davis","28","0","1"
"05-09 years","Jeff Davis","34","0","0"
"10-17 years","Jeff Davis","115","0","2"
"18-29 years","Jeff Davis","245","0","4"
"30-39 years","Jeff Davis","212","0","9"
"40-49 years","Jeff Davis","208","0","11"
"50-59 years","Jeff Davis","189","8","20"
"60-69 years","Jeff Davis","127","8","23"
"70-79 years","Jeff Davis","82","13","19"
"80 & Older years","Jeff Davis","18","8","7"
"<1 years","Jeff Davis","2","0","1"
"Unknown years","Jeff Davis","1","0","0"
"01-04 years","Jefferson","18","0","0"
"05-09 years","Jefferson","32","0","0"
"10-17 years","Jefferson","105","0","1"
"18-29 years","Jefferson","239","0","3"
"30-39 years","Jefferson","193","0","8"
"40-49 years","Jefferson","208","3","13"
"50-59 years","Jefferson","266","5","23"
"60-69 years","Jefferson","250","12","33"
"70-79 years","Jefferson","155","16","40"
"80 & Older years","Jefferson","69","19","28"
"<1 years","Jefferson","4","0","0"
"Unknown years","Jefferson","9","0","0"
"01-04 years","Jenkins","17","0","0"
"05-09 years","Jenkins","20","0","0"
"10-17 years","Jenkins","59","0","0"
"18-29 years","Jenkins","108","0","2"
"30-39 years","Jenkins","85","2","6"
"40-49 years","Jenkins","108","3","10"
"50-59 years","Jenkins","118","6","18"
"60-69 years","Jenkins","85","5","11"
"70-79 years","Jenkins","57","13","21"
"80 & Older years","Jenkins","50","10","11"
"<1 years","Jenkins","2","0","0"
"Unknown years","Jenkins","3","0","1"
"01-04 years","Johnson","6","0","0"
"05-09 years","Johnson","7","0","0"
"10-17 years","Johnson","27","0","0"
"18-29 years","Johnson","121","0","3"
"30-39 years","Johnson","107","0","3"
"40-49 years","Johnson","95","1","6"
"50-59 years","Johnson","131","5","18"
"60-69 years","Johnson","126","7","19"
"70-79 years","Johnson","87","8","24"
"80 & Older years","Johnson","66","19","20"
"<1 years","Johnson","2","0","2"
"Unknown years","Johnson","1","0","0"
"01-04 years","Jones","6","0","0"
"05-09 years","Jones","23","0","0"
"10-17 years","Jones","86","0","0"
"18-29 years","Jones","325","0","7"
"30-39 years","Jones","243","1","8"
"40-49 years","Jones","232","2","12"
"50-59 years","Jones","258","3","25"
"60-69 years","Jones","177","6","32"
"70-79 years","Jones","117","18","42"
"80 & Older years","Jones","74","20","23"
"<1 years","Jones","3","0","0"
"Unknown years","Jones","2","0","1"
"01-04 years","Lamar","26","0","0"
"05-09 years","Lamar","44","0","0"
"10-17 years","Lamar","108","0","2"
"18-29 years","Lamar","196","0","4"
"30-39 years","Lamar","177","0","8"
"40-49 years","Lamar","176","1","5"
"50-59 years","Lamar","187","3","26"
"60-69 years","Lamar","167","8","22"
"70-79 years","Lamar","124","11","22"
"80 & Older years","Lamar","62","19","18"
"<1 years","Lamar","12","0","1"
"Unknown years","Lamar","2","0","0"
"01-04 years","Lanier","7","0","0"
"05-09 years","Lanier","10","0","1"
"10-17 years","Lanier","35","0","1"
"18-29 years","Lanier","98","1","1"
"30-39 years","Lanier","119","0","2"
"40-49 years","Lanier","73","1","2"
"50-59 years","Lanier","61","1","6"
"60-69 years","Lanier","38","2","2"
"70-79 years","Lanier","23","4","6"
"80 & Older years","Lanier","14","0","6"
"<1 years","Lanier","4","0","0"
"01-04 years","Laurens","27","0","0"
"05-09 years","Laurens","46","0","1"
"10-17 years","Laurens","237","0","4"
"18-29 years","Laurens","643","0","10"
"30-39 years","Laurens","540","1","17"
"40-49 years","Laurens","556","4","28"
"50-59 years","Laurens","573","9","62"
"60-69 years","Laurens","472","30","81"
"70-79 years","Laurens","314","47","79"
"80 & Older years","Laurens","215","49","59"
"<1 years","Laurens","5","0","1"
"Unknown years","Laurens","2","0","0"
"01-04 years","Lee","11","0","0"
"05-09 years","Lee","30","0","3"
"10-17 years","Lee","113","0","2"
"18-29 years","Lee","263","1","8"
"30-39 years","Lee","283","1","16"
"40-49 years","Lee","285","4","29"
"50-59 years","Lee","260","8","39"
"60-69 years","Lee","187","12","33"
"70-79 years","Lee","85","13","28"
"80 & Older years","Lee","48","9","20"
"<1 years","Lee","8","0","0"
"Unknown years","Lee","1","0","0"
"01-04 years","Liberty","53","0","1"
"05-09 years","Liberty","65","0","1"
"10-17 years","Liberty","232","0","2"
"18-29 years","Liberty","863","1","13"
"30-39 years","Liberty","497","0","16"
"40-49 years","Liberty","429","1","16"
"50-59 years","Liberty","417","9","38"
"60-69 years","Liberty","287","17","50"
"70-79 years","Liberty","132","15","47"
"80 & Older years","Liberty","58","14","24"
"<1 years","Liberty","30","0","1"
"Unknown years","Liberty","4","0","0"
"01-04 years","Lincoln","9","0","0"
"05-09 years","Lincoln","13","0","0"
"10-17 years","Lincoln","27","0","0"
"18-29 years","Lincoln","91","0","3"
"30-39 years","Lincoln","66","0","1"
"40-49 years","Lincoln","77","1","6"
"50-59 years","Lincoln","63","2","5"
"60-69 years","Lincoln","72","4","14"
"70-79 years","Lincoln","50","9","12"
"80 & Older years","Lincoln","21","7","9"
"<1 years","Lincoln","2","0","0"
"Unknown years","Lincoln","5","0","0"
"01-04 years","Long","14","0","0"
"05-09 years","Long","13","0","0"
"10-17 years","Long","57","0","0"
"18-29 years","Long","125","0","0"
"30-39 years","Long","135","0","2"
"40-49 years","Long","98","0","6"
"50-59 years","Long","77","1","9"
"60-69 years","Long","60","1","8"
"70-79 years","Long","42","6","14"
"80 & Older years","Long","18","2","7"
"<1 years","Long","6","0","0"
"Unknown years","Long","2","0","0"
"01-04 years","Lowndes","136","0","0"
"05-09 years","Lowndes","184","0","0"
"10-17 years","Lowndes","612","0","6"
"18-29 years","Lowndes","2253","4","28"
"30-39 years","Lowndes","1222","1","18"
"40-49 years","Lowndes","1014","3","43"
"50-59 years","Lowndes","880","7","54"
"60-69 years","Lowndes","614","26","81"
"70-79 years","Lowndes","328","38","65"
"80 & Older years","Lowndes","202","51","59"
"<1 years","Lowndes","33","0","0"
"Unknown years","Lowndes","17","0","0"
"01-04 years","Lumpkin","16","0","0"
"05-09 years","Lumpkin","30","0","2"
"10-17 years","Lumpkin","129","0","2"
"18-29 years","Lumpkin","694","0","12"
"30-39 years","Lumpkin","326","0","9"
"40-49 years","Lumpkin","320","1","17"
"50-59 years","Lumpkin","374","5","43"
"60-69 years","Lumpkin","362","10","53"
"70-79 years","Lumpkin","263","12","64"
"80 & Older years","Lumpkin","133","30","66"
"<1 years","Lumpkin","7","0","1"
"Unknown years","Lumpkin","46","0","3"
"01-04 years","Macon","9","0","0"
"05-09 years","Macon","12","0","0"
"10-17 years","Macon","23","0","0"
"18-29 years","Macon","102","0","3"
"30-39 years","Macon","70","0","4"
"40-49 years","Macon","103","1","7"
"50-59 years","Macon","116","4","14"
"60-69 years","Macon","75","6","23"
"70-79 years","Macon","53","6","21"
"80 & Older years","Macon","18","6","6"
"<1 years","Macon","3","0","0"
"Unknown years","Macon","4","0","1"
"01-04 years","Madison","40","0","1"
"05-09 years","Madison","52","0","0"
"10-17 years","Madison","228","0","0"
"18-29 years","Madison","469","0","2"
"30-39 years","Madison","408","0","5"
"40-49 years","Madison","405","0","17"
"50-59 years","Madison","429","5","26"
"60-69 years","Madison","326","9","37"
"70-79 years","Madison","196","17","43"
"80 & Older years","Madison","77","12","11"
"<1 years","Madison","19","0","4"
"Unknown years","Madison","14","0","0"
"01-04 years","Marion","8","0","0"
"05-09 years","Marion","8","0","1"
"10-17 years","Marion","38","0","0"
"18-29 years","Marion","63","0","2"
"30-39 years","Marion","42","0","2"
"40-49 years","Marion","57","1","5"
"50-59 years","Marion","63","6","6"
"60-69 years","Marion","42","3","4"
"70-79 years","Marion","28","2","5"
"80 & Older years","Marion","28","4","8"
"<1 years","Marion","3","0","0"
"Unknown years","Marion","2","0","0"
"01-04 years","McDuffie","26","0","0"
"05-09 years","McDuffie","30","0","0"
"10-17 years","McDuffie","115","0","0"
"18-29 years","McDuffie","312","0","6"
"30-39 years","McDuffie","244","2","4"
"40-49 years","McDuffie","244","2","12"
"50-59 years","McDuffie","249","4","27"
"60-69 years","McDuffie","196","9","28"
"70-79 years","McDuffie","114","8","44"
"80 & Older years","McDuffie","50","13","28"
"<1 years","McDuffie","2","0","0"
"Unknown years","McDuffie","26","0","1"
"01-04 years","McIntosh","4","0","0"
"05-09 years","McIntosh","13","0","0"
"10-17 years","McIntosh","40","0","0"
"18-29 years","McIntosh","109","0","3"
"30-39 years","McIntosh","83","0","3"
"40-49 years","McIntosh","95","0","4"
"50-59 years","McIntosh","131","0","4"
"60-69 years","McIntosh","102","2","17"
"70-79 years","McIntosh","62","4","14"
"80 & Older years","McIntosh","27","8","8"
"<1 years","McIntosh","1","0","0"
"Unknown years","McIntosh","1","0","0"
"01-04 years","Meriwether","25","0","2"
"05-09 years","Meriwether","26","0","1"
"10-17 years","Meriwether","79","0","1"
"18-29 years","Meriwether","208","0","6"
"30-39 years","Meriwether","172","2","13"
"40-49 years","Meriwether","221","2","15"
"50-59 years","Meriwether","231","5","18"
"60-69 years","Meriwether","209","8","23"
"70-79 years","Meriwether","183","19","31"
"80 & Older years","Meriwether","100","25","16"
"<1 years","Meriwether","4","0","0"
"Unknown years","Meriwether","1","0","0"
"01-04 years","Miller","9","0","0"
"05-09 years","Miller","8","0","0"
"10-17 years","Miller","74","0","1"
"18-29 years","Miller","109","0","1"
"30-39 years","Miller","97","0","0"
"40-49 years","Miller","78","0","6"
"50-59 years","Miller","126","2","11"
"60-69 years","Miller","89","2","5"
"70-79 years","Miller","30","2","3"
"80 & Older years","Miller","24","2","6"
"<1 years","Miller","3","0","0"
"01-04 years","Mitchell","20","0","0"
"05-09 years","Mitchell","26","0","0"
"10-17 years","Mitchell","88","0","2"
"18-29 years","Mitchell","246","0","10"
"30-39 years","Mitchell","214","1","15"
"40-49 years","Mitchell","208","3","17"
"50-59 years","Mitchell","242","10","54"
"60-69 years","Mitchell","207","15","50"
"70-79 years","Mitchell","128","17","46"
"80 & Older years","Mitchell","95","25","32"
"<1 years","Mitchell","7","0","0"
"Unknown years","Mitchell","2","0","1"
"01-04 years","Monroe","13","0","1"
"05-09 years","Monroe","24","0","1"
"10-17 years","Monroe","88","0","0"
"18-29 years","Monroe","296","1","6"
"30-39 years","Monroe","245","0","7"
"40-49 years","Monroe","268","3","19"
"50-59 years","Monroe","311","3","24"
"60-69 years","Monroe","288","19","50"
"70-79 years","Monroe","163","21","43"
"80 & Older years","Monroe","119","37","31"
"<1 years","Monroe","4","0","1"
"01-04 years","Montgomery","9","0","0"
"05-09 years","Montgomery","6","0","0"
"10-17 years","Montgomery","52","0","1"
"18-29 years","Montgomery","153","0","1"
"30-39 years","Montgomery","95","1","3"
"40-49 years","Montgomery","121","0","2"
"50-59 years","Montgomery","99","2","6"
"60-69 years","Montgomery","93","5","12"
"70-79 years","Montgomery","52","6","9"
"80 & Older years","Montgomery","24","5","6"
"<1 years","Montgomery","1","0","0"
"Unknown years","Montgomery","1","0","0"
"01-04 years","Morgan","17","0","0"
"05-09 years","Morgan","23","0","1"
"10-17 years","Morgan","90","0","2"
"18-29 years","Morgan","207","0","4"
"30-39 years","Morgan","161","0","6"
"40-49 years","Morgan","163","0","4"
"50-59 years","Morgan","184","2","14"
"60-69 years","Morgan","133","4","12"
"70-79 years","Morgan","104","4","16"
"80 & Older years","Morgan","56","9","20"
"<1 years","Morgan","13","0","1"
"Unknown years","Morgan","2","0","0"
"01-04 years","Murray","68","0","2"
"05-09 years","Murray","97","0","2"
"10-17 years","Murray","380","0","2"
"18-29 years","Murray","791","0","8"
"30-39 years","Murray","556","1","7"
"40-49 years","Murray","680","0","21"
"50-59 years","Murray","606","7","43"
"60-69 years","Murray","403","12","61"
"70-79 years","Murray","252","32","56"
"80 & Older years","Murray","100","21","25"
"<1 years","Murray","22","0","2"
"Unknown years","Murray","5","0","0"
"01-04 years","Muscogee","214","0","6"
"05-09 years","Muscogee","319","0","0"
"10-17 years","Muscogee","899","0","7"
"18-29 years","Muscogee","3123","3","61"
"30-39 years","Muscogee","2128","2","78"
"40-49 years","Muscogee","1873","7","98"
"50-59 years","Muscogee","1904","39","191"
"60-69 years","Muscogee","1501","78","255"
"70-79 years","Muscogee","838","94","190"
"80 & Older years","Muscogee","517","138","168"
"<1 years","Muscogee","71","0","3"
"Unknown years","Muscogee","63","1","1"
"01-04 years","Newton","75","0","1"
"05-09 years","Newton","126","0","1"
"10-17 years","Newton","431","0","10"
"18-29 years","Newton","1341","1","43"
"30-39 years","Newton","1124","0","57"
"40-49 years","Newton","1291","8","93"
"50-59 years","Newton","1221","17","121"
"60-69 years","Newton","690","34","99"
"70-79 years","Newton","484","54","93"
"80 & Older years","Newton","289","82","76"
"<1 years","Newton","26","0","5"
"Unknown years","Newton","5","0","0"
"01-04 years","Non-GA Resident/Unknown State","244","0","3"
"05-09 years","Non-GA Resident/Unknown State","405","0","5"
"10-17 years","Non-GA Resident/Unknown State","1347","0","7"
"18-29 years","Non-GA Resident/Unknown State","5835","5","62"
"30-39 years","Non-GA Resident/Unknown State","4067","4","91"
"40-49 years","Non-GA Resident/Unknown State","3468","12","100"
"50-59 years","Non-GA Resident/Unknown State","3397","44","197"
"60-69 years","Non-GA Resident/Unknown State","2362","107","264"
"70-79 years","Non-GA Resident/Unknown State","1549","122","282"
"80 & Older years","Non-GA Resident/Unknown State","863","135","197"
"<1 years","Non-GA Resident/Unknown State","141","0","2"
"Unknown years","Non-GA Resident/Unknown State","959","1","4"
"01-04 years","Oconee","35","0","0"
"05-09 years","Oconee","65","0","0"
"10-17 years","Oconee","315","0","0"
"18-29 years","Oconee","552","0","5"
"30-39 years","Oconee","352","0","4"
"40-49 years","Oconee","541","1","10"
"50-59 years","Oconee","450","4","11"
"60-69 years","Oconee","301","9","30"
"70-79 years","Oconee","172","17","24"
"80 & Older years","Oconee","130","28","38"
"<1 years","Oconee","9","0","0"
"Unknown years","Oconee","3","1","0"
"01-04 years","Oglethorpe","18","0","0"
"05-09 years","Oglethorpe","26","0","0"
"10-17 years","Oglethorpe","93","0","1"
"18-29 years","Oglethorpe","202","0","1"
"30-39 years","Oglethorpe","142","1","1"
"40-49 years","Oglethorpe","170","1","5"
"50-59 years","Oglethorpe","178","1","18"
"60-69 years","Oglethorpe","143","1","14"
"70-79 years","Oglethorpe","104","9","14"
"80 & Older years","Oglethorpe","66","14","16"
"<1 years","Oglethorpe","9","0","0"
"Unknown years","Oglethorpe","5","0","0"
"01-04 years","Paulding","134","0","2"
"05-09 years","Paulding","260","0","0"
"10-17 years","Paulding","1011","0","6"
"18-29 years","Paulding","1941","1","22"
"30-39 years","Paulding","1629","2","27"
"40-49 years","Paulding","1786","5","38"
"50-59 years","Paulding","1682","13","66"
"60-69 years","Paulding","888","34","65"
"70-79 years","Paulding","494","36","68"
"80 & Older years","Paulding","308","64","56"
"<1 years","Paulding","31","0","0"
"Unknown years","Paulding","46","1","0"
"01-04 years","Peach","15","0","2"
"05-09 years","Peach","19","0","0"
"10-17 years","Peach","73","0","1"
"18-29 years","Peach","393","1","9"
"30-39 years","Peach","295","0","15"
"40-49 years","Peach","238","3","19"
"50-59 years","Peach","301","8","41"
"60-69 years","Peach","252","8","51"
"70-79 years","Peach","126","11","38"
"80 & Older years","Peach","66","15","28"
"<1 years","Peach","4","0","0"
"Unknown years","Peach","2","0","0"
"01-04 years","Pickens","21","0","2"
"05-09 years","Pickens","38","0","1"
"10-17 years","Pickens","141","0","0"
"18-29 years","Pickens","376","0","6"
"30-39 years","Pickens","316","0","12"
"40-49 years","Pickens","378","0","16"
"50-59 years","Pickens","423","4","24"
"60-69 years","Pickens","328","8","37"
"70-79 years","Pickens","267","21","61"
"80 & Older years","Pickens","120","25","36"
"<1 years","Pickens","3","0","1"
"Unknown years","Pickens","9","0","0"
"01-04 years","Pierce","11","0","0"
"05-09 years","Pierce","22","0","0"
"10-17 years","Pierce","86","1","1"
"18-29 years","Pierce","228","0","5"
"30-39 years","Pierce","149","0","3"
"40-49 years","Pierce","198","0","12"
"50-59 years","Pierce","189","4","19"
"60-69 years","Pierce","148","11","39"
"70-79 years","Pierce","111","12","30"
"80 & Older years","Pierce","55","15","16"
"<1 years","Pierce","7","0","1"
"Unknown years","Pierce","2","0","0"
"01-04 years","Pike","26","0","0"
"05-09 years","Pike","24","0","0"
"10-17 years","Pike","115","0","1"
"18-29 years","Pike","152","0","5"
"30-39 years","Pike","135","0","2"
"40-49 years","Pike","192","3","9"
"50-59 years","Pike","147","4","7"
"60-69 years","Pike","99","2","17"
"70-79 years","Pike","81","8","18"
"80 & Older years","Pike","31","6","8"
"<1 years","Pike","1","0","0"
"Unknown years","Pike","4","0","0"
"01-04 years","Polk","40","0","1"
"05-09 years","Polk","72","0","2"
"10-17 years","Polk","314","0","2"
"18-29 years","Polk","790","0","13"
"30-39 years","Polk","547","0","12"
"40-49 years","Polk","581","2","38"
"50-59 years","Polk","606","11","78"
"60-69 years","Polk","391","13","73"
"70-79 years","Polk","308","23","85"
"80 & Older years","Polk","139","26","55"
"<1 years","Polk","20","0","0"
"Unknown years","Polk","32","0","0"
"01-04 years","Pulaski","5","0","0"
"05-09 years","Pulaski","9","0","0"
"10-17 years","Pulaski","36","0","1"
"18-29 years","Pulaski","81","0","1"
"30-39 years","Pulaski","90","0","2"
"40-49 years","Pulaski","89","0","7"
"50-59 years","Pulaski","103","0","6"
"60-69 years","Pulaski","93","8","13"
"70-79 years","Pulaski","48","11","16"
"80 & Older years","Pulaski","40","11","6"
"<1 years","Pulaski","3","0","0"
"01-04 years","Putnam","23","0","0"
"05-09 years","Putnam","42","0","1"
"10-17 years","Putnam","118","0","2"
"18-29 years","Putnam","275","0","2"
"30-39 years","Putnam","222","0","6"
"40-49 years","Putnam","214","1","7"
"50-59 years","Putnam","288","3","18"
"60-69 years","Putnam","255","12","30"
"70-79 years","Putnam","195","18","53"
"80 & Older years","Putnam","86","18","33"
"<1 years","Putnam","7","0","1"
"Unknown years","Putnam","1","0","0"
"01-04 years","Quitman","1","0","0"
"05-09 years","Quitman","4","0","0"
"10-17 years","Quitman","5","0","0"
"18-29 years","Quitman","12","0","1"
"30-39 years","Quitman","4","0","1"
"40-49 years","Quitman","3","0","1"
"50-59 years","Quitman","15","0","1"
"60-69 years","Quitman","23","1","4"
"70-79 years","Quitman","4","0","1"
"80 & Older years","Quitman","5","0","1"
"<1 years","Quitman","2","0","0"
"01-04 years","Rabun","13","0","0"
"05-09 years","Rabun","21","0","0"
"10-17 years","Rabun","96","0","0"
"18-29 years","Rabun","203","0","5"
"30-39 years","Rabun","181","1","10"
"40-49 years","Rabun","186","0","7"
"50-59 years","Rabun","217","3","24"
"60-69 years","Rabun","221","7","31"
"70-79 years","Rabun","169","11","34"
"80 & Older years","Rabun","78","15","31"
"<1 years","Rabun","5","0","1"
"Unknown years","Rabun","59","0","1"
"01-04 years","Randolph","2","0","0"
"05-09 years","Randolph","5","0","0"
"10-17 years","Randolph","13","0","0"
"18-29 years","Randolph","59","0","2"
"30-39 years","Randolph","70","2","6"
"40-49 years","Randolph","56","0","4"
"50-59 years","Randolph","91","3","20"
"60-69 years","Randolph","69","8","16"
"70-79 years","Randolph","48","4","15"
"80 & Older years","Randolph","46","15","16"
"<1 years","Randolph","1","0","0"
"Unknown years","Randolph","2","0","0"
"01-04 years","Richmond","282","0","1"
"05-09 years","Richmond","538","0","3"
"10-17 years","Richmond","1495","0","11"
"18-29 years","Richmond","4378","8","61"
"30-39 years","Richmond","3264","6","76"
"40-49 years","Richmond","2638","17","106"
"50-59 years","Richmond","2651","37","202"
"60-69 years","Richmond","1959","71","249"
"70-79 years","Richmond","1065","94","277"
"80 & Older years","Richmond","648","142","268"
"<1 years","Richmond","85","0","2"
"Unknown years","Richmond","33","0","2"
"01-04 years","Rockdale","55","0","4"
"05-09 years","Rockdale","100","0","0"
"10-17 years","Rockdale","330","0","12"
"18-29 years","Rockdale","1118","2","71"
"30-39 years","Rockdale","885","2","88"
"40-49 years","Rockdale","1011","6","107"
"50-59 years","Rockdale","983","12","157"
"60-69 years","Rockdale","622","25","143"
"70-79 years","Rockdale","369","49","144"
"80 & Older years","Rockdale","196","47","89"
"<1 years","Rockdale","11","0","2"
"Unknown years","Rockdale","5","0","0"
"01-04 years","Schley","5","0","0"
"05-09 years","Schley","4","0","0"
"10-17 years","Schley","21","0","0"
"18-29 years","Schley","46","0","2"
"30-39 years","Schley","21","0","0"
"40-49 years","Schley","30","0","3"
"50-59 years","Schley","31","1","3"
"60-69 years","Schley","26","1","8"
"70-79 years","Schley","12","0","2"
"80 & Older years","Schley","7","2","2"
"<1 years","Schley","1","0","0"
"01-04 years","Screven","8","0","0"
"05-09 years","Screven","15","0","0"
"10-17 years","Screven","60","0","0"
"18-29 years","Screven","135","0","3"
"30-39 years","Screven","121","0","2"
"40-49 years","Screven","94","1","4"
"50-59 years","Screven","112","2","14"
"60-69 years","Screven","136","2","14"
"70-79 years","Screven","73","7","17"
"80 & Older years","Screven","37","8","10"
"<1 years","Screven","4","0","0"
"Unknown years","Screven","1","0","0"
"01-04 years","Seminole","13","0","0"
"05-09 years","Seminole","15","0","0"
"10-17 years","Seminole","74","0","0"
"18-29 years","Seminole","107","0","0"
"30-39 years","Seminole","86","0","0"
"40-49 years","Seminole","90","0","5"
"50-59 years","Seminole","109","1","6"
"60-69 years","Seminole","126","3","25"
"70-79 years","Seminole","69","6","16"
"80 & Older years","Seminole","29","7","12"
"<1 years","Seminole","4","0","0"
"01-04 years","Spalding","65","0","3"
"05-09 years","Spalding","59","0","1"
"10-17 years","Spalding","187","0","3"
"18-29 years","Spalding","663","1","29"
"30-39 years","Spalding","571","4","29"
"40-49 years","Spalding","574","3","43"
"50-59 years","Spalding","610","14","68"
"60-69 years","Spalding","477","32","85"
"70-79 years","Spalding","342","39","75"
"80 & Older years","Spalding","215","49","66"
"<1 years","Spalding","12","0","0"
"Unknown years","Spalding","23","0","0"
"01-04 years","Stephens","18","0","0"
"05-09 years","Stephens","43","0","1"
"10-17 years","Stephens","179","0","3"
"18-29 years","Stephens","522","1","13"
"30-39 years","Stephens","337","0","8"
"40-49 years","Stephens","431","1","22"
"50-59 years","Stephens","454","4","37"
"60-69 years","Stephens","438","19","61"
"70-79 years","Stephens","298","22","65"
"80 & Older years","Stephens","157","26","41"
"<1 years","Stephens","4","0","0"
"Unknown years","Stephens","30","0","0"
"01-04 years","Stewart","5","0","0"
"05-09 years","Stewart","2","0","0"
"10-17 years","Stewart","14","0","0"
"18-29 years","Stewart","170","0","22"
"30-39 years","Stewart","216","1","25"
"40-49 years","Stewart","155","1","23"
"50-59 years","Stewart","83","2","12"
"60-69 years","Stewart","68","11","25"
"70-79 years","Stewart","25","3","5"
"80 & Older years","Stewart","21","4","6"
"<1 years","Stewart","1","0","0"
"Unknown years","Stewart","14","0","4"
"01-04 years","Sumter","24","0","0"
"05-09 years","Sumter","31","0","0"
"10-17 years","Sumter","75","0","2"
"18-29 years","Sumter","320","1","11"
"30-39 years","Sumter","262","1","21"
"40-49 years","Sumter","254","5","21"
"50-59 years","Sumter","276","3","43"
"60-69 years","Sumter","254","24","67"
"70-79 years","Sumter","164","26","46"
"80 & Older years","Sumter","105","28","46"
"<1 years","Sumter","10","0","0"
"Unknown years","Sumter","2","0","0"
"01-04 years","Talbot","8","0","0"
"05-09 years","Talbot","5","0","0"
"10-17 years","Talbot","30","0","0"
"18-29 years","Talbot","54","0","1"
"30-39 years","Talbot","35","0","1"
"40-49 years","Talbot","59","1","4"
"50-59 years","Talbot","63","5","6"
"60-69 years","Talbot","60","3","13"
"70-79 years","Talbot","38","6","7"
"80 & Older years","Talbot","20","2","8"
"Unknown years","Talbot","2","0","0"
"01-04 years","Taliaferro","1","0","0"
"05-09 years","Taliaferro","2","0","0"
"10-17 years","Taliaferro","7","0","0"
"18-29 years","Taliaferro","12","0","0"
"30-39 years","Taliaferro","15","0","0"
"40-49 years","Taliaferro","19","0","1"
"50-59 years","Taliaferro","9","0","0"
"60-69 years","Taliaferro","20","1","2"
"70-79 years","Taliaferro","10","1","3"
"80 & Older years","Taliaferro","4","1","2"
"01-04 years","Tattnall","31","0","0"
"05-09 years","Tattnall","46","0","0"
"10-17 years","Tattnall","158","0","0"
"18-29 years","Tattnall","312","0","1"
"30-39 years","Tattnall","278","1","4"
"40-49 years","Tattnall","274","0","7"
"50-59 years","Tattnall","297","7","22"
"60-69 years","Tattnall","236","15","33"
"70-79 years","Tattnall","116","14","37"
"80 & Older years","Tattnall","46","5","8"
"<1 years","Tattnall","10","0","0"
"Unknown years","Tattnall","2","0","1"
"01-04 years","Taylor","13","0","1"
"05-09 years","Taylor","13","0","0"
"10-17 years","Taylor","50","0","1"
"18-29 years","Taylor","78","0","2"
"30-39 years","Taylor","50","0","4"
"40-49 years","Taylor","91","1","10"
"50-59 years","Taylor","73","1","15"
"60-69 years","Taylor","63","5","16"
"70-79 years","Taylor","33","6","10"
"80 & Older years","Taylor","26","9","12"
"<1 years","Taylor","4","0","0"
"01-04 years","Telfair","9","0","0"
"05-09 years","Telfair","11","0","0"
"10-17 years","Telfair","20","0","0"
"18-29 years","Telfair","137","0","3"
"30-39 years","Telfair","90","1","1"
"40-49 years","Telfair","108","2","6"
"50-59 years","Telfair","104","5","9"
"60-69 years","Telfair","103","9","17"
"70-79 years","Telfair","70","12","18"
"80 & Older years","Telfair","42","14","11"
"<1 years","Telfair","4","0","0"
"Unknown years","Telfair","2","0","0"
"01-04 years","Terrell","7","0","0"
"05-09 years","Terrell","7","0","0"
"10-17 years","Terrell","41","0","0"
"18-29 years","Terrell","69","0","2"
"30-39 years","Terrell","78","0","9"
"40-49 years","Terrell","65","0","8"
"50-59 years","Terrell","96","4","15"
"60-69 years","Terrell","91","11","32"
"70-79 years","Terrell","61","14","27"
"80 & Older years","Terrell","39","13","16"
"01-04 years","Thomas","61","0","1"
"05-09 years","Thomas","113","0","0"
"10-17 years","Thomas","304","0","3"
"18-29 years","Thomas","596","1","25"
"30-39 years","Thomas","479","2","18"
"40-49 years","Thomas","506","4","29"
"50-59 years","Thomas","538","11","41"
"60-69 years","Thomas","432","13","92"
"70-79 years","Thomas","256","34","72"
"80 & Older years","Thomas","166","44","58"
"<1 years","Thomas","15","0","1"
"Unknown years","Thomas","3","0","0"
"01-04 years","Tift","36","0","1"
"05-09 years","Tift","58","0","3"
"10-17 years","Tift","228","0","6"
"18-29 years","Tift","772","0","20"
"30-39 years","Tift","539","1","28"
"40-49 years","Tift","540","7","59"
"50-59 years","Tift","459","9","69"
"60-69 years","Tift","356","16","74"
"70-79 years","Tift","242","29","90"
"80 & Older years","Tift","138","32","60"
"<1 years","Tift","13","0","0"
"Unknown years","Tift","3","0","0"
"01-04 years","Toombs","30","0","0"
"05-09 years","Toombs","51","0","0"
"10-17 years","Toombs","214","0","2"
"18-29 years","Toombs","517","0","6"
"30-39 years","Toombs","409","0","3"
"40-49 years","Toombs","416","1","22"
"50-59 years","Toombs","415","7","23"
"60-69 years","Toombs","378","14","42"
"70-79 years","Toombs","254","32","41"
"80 & Older years","Toombs","154","39","29"
"<1 years","Toombs","7","0","0"
"01-04 years","Towns","2","0","0"
"05-09 years","Towns","6","0","0"
"10-17 years","Towns","44","0","1"
"18-29 years","Towns","129","0","4"
"30-39 years","Towns","86","0","3"
"40-49 years","Towns","106","2","5"
"50-59 years","Towns","164","2","14"
"60-69 years","Towns","210","2","17"
"70-79 years","Towns","155","9","35"
"80 & Older years","Towns","122","27","45"
"Unknown years","Towns","20","0","0"
"01-04 years","Treutlen","6","0","0"
"05-09 years","Treutlen","15","0","1"
"10-17 years","Treutlen","48","0","0"
"18-29 years","Treutlen","102","0","2"
"30-39 years","Treutlen","99","0","5"
"40-49 years","Treutlen","101","0","5"
"50-59 years","Treutlen","102","1","7"
"60-69 years","Treutlen","66","5","12"
"70-79 years","Treutlen","53","10","11"
"80 & Older years","Treutlen","30","4","8"
"01-04 years","Troup","131","0","1"
"05-09 years","Troup","175","0","0"
"10-17 years","Troup","510","0","5"
"18-29 years","Troup","1172","1","28"
"30-39 years","Troup","868","6","42"
"40-49 years","Troup","784","4","48"
"50-59 years","Troup","814","14","101"
"60-69 years","Troup","624","28","94"
"70-79 years","Troup","341","44","91"
"80 & Older years","Troup","242","73","61"
"<1 years","Troup","42","0","1"
"Unknown years","Troup","7","0","0"
"01-04 years","Turner","3","0","0"
"05-09 years","Turner","7","0","1"
"10-17 years","Turner","20","0","0"
"18-29 years","Turner","85","0","2"
"30-39 years","Turner","101","0","10"
"40-49 years","Turner","107","0","5"
"50-59 years","Turner","93","2","12"
"60-69 years","Turner","86","8","26"
"70-79 years","Turner","52","6","13"
"80 & Older years","Turner","35","15","15"
"<1 years","Turner","2","0","1"
"01-04 years","Twiggs","9","0","0"
"05-09 years","Twiggs","7","0","1"
"10-17 years","Twiggs","26","0","0"
"18-29 years","Twiggs","66","0","2"
"30-39 years","Twiggs","60","1","5"
"40-49 years","Twiggs","62","1","7"
"50-59 years","Twiggs","90","3","12"
"60-69 years","Twiggs","98","7","30"
"70-79 years","Twiggs","58","8","21"
"80 & Older years","Twiggs","26","14","18"
"<1 years","Twiggs","1","0","0"
"01-04 years","Union","7","0","0"
"05-09 years","Union","16","0","0"
"10-17 years","Union","68","0","1"
"18-29 years","Union","252","1","1"
"30-39 years","Union","218","0","2"
"40-49 years","Union","217","0","13"
"50-59 years","Union","297","4","21"
"60-69 years","Union","360","5","43"
"70-79 years","Union","304","21","56"
"80 & Older years","Union","204","34","63"
"<1 years","Union","1","0","0"
"Unknown years","Union","32","0","0"
"01-04 years","Unknown","15","0","0"
"05-09 years","Unknown","44","0","0"
"10-17 years","Unknown","173","0","0"
"18-29 years","Unknown","800","1","5"
"30-39 years","Unknown","398","3","6"
"40-49 years","Unknown","364","1","2"
"50-59 years","Unknown","311","3","7"
"60-69 years","Unknown","180","1","7"
"70-79 years","Unknown","106","0","9"
"80 & Older years","Unknown","47","2","7"
"<1 years","Unknown","27","0","0"
"Unknown years","Unknown","116","0","3"
"01-04 years","Upson","37","0","0"
"05-09 years","Upson","46","0","0"
"10-17 years","Upson","138","0","1"
"18-29 years","Upson","299","0","6"
"30-39 years","Upson","208","2","9"
"40-49 years","Upson","239","1","11"
"50-59 years","Upson","256","6","21"
"60-69 years","Upson","237","21","39"
"70-79 years","Upson","166","33","48"
"80 & Older years","Upson","105","39","34"
"<1 years","Upson","14","0","0"
"Unknown years","Upson","10","0","0"
"01-04 years","Walker","77","0","1"
"05-09 years","Walker","142","0","1"
"10-17 years","Walker","502","0","3"
"18-29 years","Walker","1083","0","17"
"30-39 years","Walker","798","0","14"
"40-49 years","Walker","983","3","28"
"50-59 years","Walker","841","3","37"
"60-69 years","Walker","711","15","64"
"70-79 years","Walker","472","29","61"
"80 & Older years","Walker","229","25","30"
"<1 years","Walker","39","0","1"
"Unknown years","Walker","217","0","7"
"01-04 years","Walton","75","0","1"
"05-09 years","Walton","154","0","1"
"10-17 years","Walton","604","0","6"
"18-29 years","Walton","1327","2","30"
"30-39 years","Walton","1135","0","26"
"40-49 years","Walton","1261","3","50"
"50-59 years","Walton","1241","15","82"
"60-69 years","Walton","855","30","86"
"70-79 years","Walton","636","72","106"
"80 & Older years","Walton","386","99","78"
"<1 years","Walton","26","0","2"
"Unknown years","Walton","17","0","0"
"01-04 years","Ware","61","0","1"
"05-09 years","Ware","67","0","0"
"10-17 years","Ware","239","0","3"
"18-29 years","Ware","539","1","5"
"30-39 years","Ware","446","1","20"
"40-49 years","Ware","373","2","29"
"50-59 years","Ware","410","15","60"
"60-69 years","Ware","302","15","61"
"70-79 years","Ware","256","40","97"
"80 & Older years","Ware","206","62","63"
"<1 years","Ware","19","0","2"
"Unknown years","Ware","3","0","0"
"01-04 years","Warren","6","0","0"
"05-09 years","Warren","2","0","0"
"10-17 years","Warren","25","0","0"
"18-29 years","Warren","67","0","3"
"30-39 years","Warren","50","0","4"
"40-49 years","Warren","48","2","5"
"50-59 years","Warren","65","2","7"
"60-69 years","Warren","44","3","7"
"70-79 years","Warren","36","3","13"
"80 & Older years","Warren","17","2","6"
"<1 years","Warren","2","0","1"
"Unknown years","Warren","4","0","0"
"01-04 years","Washington","18","0","0"
"05-09 years","Washington","25","0","0"
"10-17 years","Washington","118","0","2"
"18-29 years","Washington","260","0","6"
"30-39 years","Washington","239","0","8"
"40-49 years","Washington","255","4","12"
"50-59 years","Washington","245","3","17"
"60-69 years","Washington","228","13","28"
"70-79 years","Washington","126","11","22"
"80 & Older years","Washington","81","23","13"
"<1 years","Washington","10","0","0"
"Unknown years","Washington","3","0","0"
"01-04 years","Wayne","31","0","1"
"05-09 years","Wayne","33","0","0"
"10-17 years","Wayne","163","0","1"
"18-29 years","Wayne","402","0","9"
"30-39 years","Wayne","404","1","11"
"40-49 years","Wayne","485","1","36"
"50-59 years","Wayne","402","6","35"
"60-69 years","Wayne","325","18","63"
"70-79 years","Wayne","256","24","75"
"80 & Older years","Wayne","116","19","25"
"<1 years","Wayne","5","0","1"
"Unknown years","Wayne","2","0","0"
"10-17 years","Webster","3","0","0"
"18-29 years","Webster","18","0","1"
"30-39 years","Webster","10","0","1"
"40-49 years","Webster","16","0","2"
"50-59 years","Webster","18","2","4"
"60-69 years","Webster","23","1","4"
"70-79 years","Webster","7","0","1"
"80 & Older years","Webster","4","1","0"
"Unknown years","Webster","2","0","0"
"01-04 years","Wheeler","1","0","0"
"05-09 years","Wheeler","5","0","0"
"10-17 years","Wheeler","23","0","0"
"18-29 years","Wheeler","53","0","0"
"30-39 years","Wheeler","74","2","2"
"40-49 years","Wheeler","78","1","3"
"50-59 years","Wheeler","91","7","11"
"60-69 years","Wheeler","53","3","6"
"70-79 years","Wheeler","40","5","11"
"80 & Older years","Wheeler","9","3","1"
"<1 years","Wheeler","1","0","0"
"Unknown years","Wheeler","24","0","1"
"01-04 years","White","18","0","0"
"05-09 years","White","61","0","1"
"10-17 years","White","231","0","2"
"18-29 years","White","431","1","7"
"30-39 years","White","313","1","8"
"40-49 years","White","399","1","17"
"50-59 years","White","467","4","38"
"60-69 years","White","433","12","65"
"70-79 years","White","317","14","76"
"80 & Older years","White","178","30","68"
"<1 years","White","5","0","0"
"Unknown years","White","36","0","1"
"01-04 years","Whitfield","203","0","3"
"05-09 years","Whitfield","385","0","3"
"10-17 years","Whitfield","1347","0","6"
"18-29 years","Whitfield","3413","0","45"
"30-39 years","Whitfield","2220","5","59"
"40-49 years","Whitfield","2318","4","74"
"50-59 years","Whitfield","2099","26","119"
"60-69 years","Whitfield","1231","37","138"
"70-79 years","Whitfield","703","55","139"
"80 & Older years","Whitfield","406","92","119"
"<1 years","Whitfield","72","0","5"
"Unknown years","Whitfield","27","0","2"
"01-04 years","Wilcox","10","0","0"
"05-09 years","Wilcox","9","0","0"
"10-17 years","Wilcox","29","0","0"
"18-29 years","Wilcox","45","0","1"
"30-39 years","Wilcox","48","0","1"
"40-49 years","Wilcox","73","0","12"
"50-59 years","Wilcox","83","1","15"
"60-69 years","Wilcox","87","9","24"
"70-79 years","Wilcox","52","10","10"
"80 & Older years","Wilcox","26","8","7"
"<1 years","Wilcox","4","0","0"
"01-04 years","Wilkes","8","0","0"
"05-09 years","Wilkes","16","0","0"
"10-17 years","Wilkes","52","0","0"
"18-29 years","Wilkes","114","0","1"
"30-39 years","Wilkes","85","0","5"
"40-49 years","Wilkes","104","1","12"
"50-59 years","Wilkes","100","2","4"
"60-69 years","Wilkes","80","1","15"
"70-79 years","Wilkes","65","5","19"
"80 & Older years","Wilkes","33","8","15"
"<1 years","Wilkes","3","0","0"
"Unknown years","Wilkes","1","0","0"
"01-04 years","Wilkinson","6","0","0"
"05-09 years","Wilkinson","11","0","0"
"10-17 years","Wilkinson","30","0","1"
"18-29 years","Wilkinson","109","0","3"
"30-39 years","Wilkinson","89","0","6"
"40-49 years","Wilkinson","93","0","6"
"50-59 years","Wilkinson","152","4","24"
"60-69 years","Wilkinson","132","12","39"
"70-79 years","Wilkinson","59","6","22"
"80 & Older years","Wilkinson","39","4","16"
"01-04 years","Worth","13","0","0"
"05-09 years","Worth","15","0","0"
"10-17 years","Worth","78","0","3"
"18-29 years","Worth","181","0","8"
"30-39 years","Worth","145","0","10"
"40-49 years","Worth","157","1","16"
"50-59 years","Worth","189","6","25"
"60-69 years","Worth","194","19","51"
"70-79 years","Worth","116","16","30"
"80 & Older years","Worth","70","16","26"
"<1 years","Worth","4","0","0"
"Unknown years","Worth","1","0","0"
