"age group","county name","cases","deaths","hospitalization"
"01-04 years","Georgia","6896","1","133"
"05-09 years","Georgia","10980","2","99"
"10-17 years","Georgia","39675","5","404"
"18-29 years","Georgia","134863","71","2741"
"30-39 years","Georgia","94108","161","3589"
"40-49 years","Georgia","91050","371","5229"
"50-59 years","Georgia","85440","898","7461"
"60-69 years","Georgia","57639","1939","8663"
"70-79 years","Georgia","33721","2745","7801"
"80 & Older years","Georgia","20169","3697","6121"
"<1 years","Georgia","2025","0","101"
"Unknown years","Georgia","5433","1","85"
"01-04 years","Appling","21","0","0"
"05-09 years","Appling","42","0","0"
"10-17 years","Appling","118","0","1"
"18-29 years","Appling","274","1","4"
"30-39 years","Appling","203","1","5"
"40-49 years","Appling","210","2","16"
"50-59 years","Appling","228","5","20"
"60-69 years","Appling","189","10","36"
"70-79 years","Appling","129","12","26"
"80 & Older years","Appling","57","12","22"
"<1 years","Appling","3","0","0"
"Unknown years","Appling","24","0","0"
"01-04 years","Atkinson","5","0","1"
"05-09 years","Atkinson","16","0","1"
"10-17 years","Atkinson","40","0","0"
"18-29 years","Atkinson","143","0","8"
"30-39 years","Atkinson","105","0","8"
"40-49 years","Atkinson","112","0","17"
"50-59 years","Atkinson","106","1","18"
"60-69 years","Atkinson","67","4","20"
"70-79 years","Atkinson","39","2","12"
"80 & Older years","Atkinson","12","2","9"
"<1 years","Atkinson","3","0","0"
"Unknown years","Atkinson","4","0","0"
"01-04 years","Bacon","16","0","0"
"05-09 years","Bacon","16","0","0"
"10-17 years","Bacon","54","0","1"
"18-29 years","Bacon","192","0","1"
"30-39 years","Bacon","104","0","4"
"40-49 years","Bacon","135","1","8"
"50-59 years","Bacon","124","2","15"
"60-69 years","Bacon","91","7","16"
"70-79 years","Bacon","59","4","10"
"80 & Older years","Bacon","28","7","7"
"<1 years","Bacon","5","0","0"
"Unknown years","Bacon","2","0","0"
"01-04 years","Baker","4","0","0"
"05-09 years","Baker","4","0","0"
"10-17 years","Baker","8","0","0"
"18-29 years","Baker","20","0","0"
"30-39 years","Baker","20","0","2"
"40-49 years","Baker","11","0","1"
"50-59 years","Baker","16","0","1"
"60-69 years","Baker","23","2","9"
"70-79 years","Baker","17","2","10"
"80 & Older years","Baker","8","2","3"
"01-04 years","Baldwin","22","0","0"
"05-09 years","Baldwin","43","0","0"
"10-17 years","Baldwin","131","0","4"
"18-29 years","Baldwin","1081","0","13"
"30-39 years","Baldwin","344","1","12"
"40-49 years","Baldwin","358","2","28"
"50-59 years","Baldwin","377","8","40"
"60-69 years","Baldwin","297","15","54"
"70-79 years","Baldwin","189","19","41"
"80 & Older years","Baldwin","109","27","34"
"<1 years","Baldwin","8","0","0"
"Unknown years","Baldwin","2","0","0"
"01-04 years","Banks","6","0","0"
"05-09 years","Banks","19","0","1"
"10-17 years","Banks","83","0","2"
"18-29 years","Banks","202","0","4"
"30-39 years","Banks","151","0","2"
"40-49 years","Banks","159","0","13"
"50-59 years","Banks","173","0","17"
"60-69 years","Banks","146","4","29"
"70-79 years","Banks","121","8","44"
"80 & Older years","Banks","67","7","24"
"<1 years","Banks","4","0","1"
"Unknown years","Banks","37","0","1"
"01-04 years","Barrow","45","0","0"
"05-09 years","Barrow","84","0","0"
"10-17 years","Barrow","340","0","4"
"18-29 years","Barrow","1023","1","27"
"30-39 years","Barrow","872","0","33"
"40-49 years","Barrow","893","3","47"
"50-59 years","Barrow","752","2","65"
"60-69 years","Barrow","515","14","92"
"70-79 years","Barrow","293","19","68"
"80 & Older years","Barrow","153","27","53"
"<1 years","Barrow","20","0","2"
"Unknown years","Barrow","16","0","0"
"01-04 years","Bartow","54","0","1"
"05-09 years","Bartow","118","0","1"
"10-17 years","Bartow","572","0","4"
"18-29 years","Bartow","1257","0","13"
"30-39 years","Bartow","1058","2","30"
"40-49 years","Bartow","1069","0","51"
"50-59 years","Bartow","1110","9","89"
"60-69 years","Bartow","661","19","101"
"70-79 years","Bartow","480","38","101"
"80 & Older years","Bartow","240","53","82"
"<1 years","Bartow","21","0","1"
"Unknown years","Bartow","72","0","6"
"01-04 years","Ben Hill","27","0","1"
"05-09 years","Ben Hill","18","0","0"
"10-17 years","Ben Hill","77","0","0"
"18-29 years","Ben Hill","203","0","4"
"30-39 years","Ben Hill","182","2","7"
"40-49 years","Ben Hill","159","0","9"
"50-59 years","Ben Hill","202","2","24"
"60-69 years","Ben Hill","171","9","23"
"70-79 years","Ben Hill","121","15","43"
"80 & Older years","Ben Hill","53","8","13"
"<1 years","Ben Hill","2","0","0"
"Unknown years","Ben Hill","7","0","0"
"01-04 years","Berrien","14","0","0"
"05-09 years","Berrien","14","0","0"
"10-17 years","Berrien","56","0","0"
"18-29 years","Berrien","154","0","0"
"30-39 years","Berrien","128","0","2"
"40-49 years","Berrien","120","0","3"
"50-59 years","Berrien","128","1","12"
"60-69 years","Berrien","92","4","9"
"70-79 years","Berrien","57","6","9"
"80 & Older years","Berrien","36","9","7"
"<1 years","Berrien","2","0","0"
"Unknown years","Berrien","5","0","0"
"01-04 years","Bibb","99","0","2"
"05-09 years","Bibb","135","0","0"
"10-17 years","Bibb","454","0","6"
"18-29 years","Bibb","2179","1","64"
"30-39 years","Bibb","1540","4","78"
"40-49 years","Bibb","1547","10","150"
"50-59 years","Bibb","1407","12","180"
"60-69 years","Bibb","1098","51","283"
"70-79 years","Bibb","652","70","215"
"80 & Older years","Bibb","409","92","186"
"<1 years","Bibb","35","0","4"
"Unknown years","Bibb","21","0","0"
"01-04 years","Bleckley","3","0","0"
"05-09 years","Bleckley","9","0","0"
"10-17 years","Bleckley","56","0","0"
"18-29 years","Bleckley","155","0","3"
"30-39 years","Bleckley","69","0","1"
"40-49 years","Bleckley","88","1","2"
"50-59 years","Bleckley","86","2","3"
"60-69 years","Bleckley","68","7","9"
"70-79 years","Bleckley","53","3","11"
"80 & Older years","Bleckley","60","17","12"
"<1 years","Bleckley","1","0","0"
"Unknown years","Bleckley","1","0","0"
"01-04 years","Brantley","12","0","0"
"05-09 years","Brantley","7","0","0"
"10-17 years","Brantley","59","0","1"
"18-29 years","Brantley","124","0","1"
"30-39 years","Brantley","84","0","3"
"40-49 years","Brantley","102","1","5"
"50-59 years","Brantley","106","2","12"
"60-69 years","Brantley","85","3","10"
"70-79 years","Brantley","56","6","14"
"80 & Older years","Brantley","38","6","9"
"<1 years","Brantley","1","0","0"
"Unknown years","Brantley","1","0","0"
"01-04 years","Brooks","14","0","0"
"05-09 years","Brooks","15","0","0"
"10-17 years","Brooks","74","0","0"
"18-29 years","Brooks","147","0","0"
"30-39 years","Brooks","107","0","2"
"40-49 years","Brooks","98","0","9"
"50-59 years","Brooks","116","2","14"
"60-69 years","Brooks","84","6","12"
"70-79 years","Brooks","74","9","18"
"80 & Older years","Brooks","50","10","9"
"<1 years","Brooks","3","0","0"
"Unknown years","Brooks","2","0","0"
"01-04 years","Bryan","32","0","0"
"05-09 years","Bryan","38","0","0"
"10-17 years","Bryan","145","0","1"
"18-29 years","Bryan","376","0","8"
"30-39 years","Bryan","299","1","7"
"40-49 years","Bryan","302","0","11"
"50-59 years","Bryan","250","4","24"
"60-69 years","Bryan","164","5","22"
"70-79 years","Bryan","109","5","32"
"80 & Older years","Bryan","51","3","16"
"<1 years","Bryan","6","0","0"
"Unknown years","Bryan","8","0","0"
"01-04 years","Bulloch","44","0","0"
"05-09 years","Bulloch","53","0","0"
"10-17 years","Bulloch","204","0","2"
"18-29 years","Bulloch","1846","0","7"
"30-39 years","Bulloch","423","3","19"
"40-49 years","Bulloch","362","2","24"
"50-59 years","Bulloch","350","1","23"
"60-69 years","Bulloch","242","12","34"
"70-79 years","Bulloch","122","10","27"
"80 & Older years","Bulloch","79","8","25"
"<1 years","Bulloch","17","0","2"
"Unknown years","Bulloch","25","0","1"
"01-04 years","Burke","14","0","0"
"05-09 years","Burke","29","0","0"
"10-17 years","Burke","83","0","1"
"18-29 years","Burke","243","0","6"
"30-39 years","Burke","182","0","6"
"40-49 years","Burke","196","1","10"
"50-59 years","Burke","184","1","27"
"60-69 years","Burke","137","5","29"
"70-79 years","Burke","87","4","19"
"80 & Older years","Burke","28","5","10"
"<1 years","Burke","4","0","0"
"Unknown years","Burke","2","0","0"
"01-04 years","Butts","14","0","2"
"05-09 years","Butts","13","0","0"
"10-17 years","Butts","71","0","1"
"18-29 years","Butts","226","0","5"
"30-39 years","Butts","199","0","7"
"40-49 years","Butts","199","2","11"
"50-59 years","Butts","217","3","16"
"60-69 years","Butts","172","8","22"
"70-79 years","Butts","117","12","12"
"80 & Older years","Butts","90","22","5"
"<1 years","Butts","3","0","0"
"Unknown years","Butts","4","0","0"
"01-04 years","Calhoun","3","0","0"
"05-09 years","Calhoun","1","0","0"
"10-17 years","Calhoun","14","0","0"
"18-29 years","Calhoun","45","0","5"
"30-39 years","Calhoun","47","2","5"
"40-49 years","Calhoun","69","1","9"
"50-59 years","Calhoun","59","2","11"
"60-69 years","Calhoun","52","2","16"
"70-79 years","Calhoun","21","2","6"
"80 & Older years","Calhoun","12","2","6"
"<1 years","Calhoun","1","0","0"
"01-04 years","Camden","31","0","0"
"05-09 years","Camden","28","0","1"
"10-17 years","Camden","142","0","0"
"18-29 years","Camden","573","0","4"
"30-39 years","Camden","364","0","12"
"40-49 years","Camden","296","1","10"
"50-59 years","Camden","351","1","16"
"60-69 years","Camden","253","6","20"
"70-79 years","Camden","139","0","15"
"80 & Older years","Camden","66","11","18"
"<1 years","Camden","7","0","1"
"Unknown years","Camden","33","0","0"
"01-04 years","Candler","8","0","0"
"05-09 years","Candler","11","0","0"
"10-17 years","Candler","46","0","0"
"18-29 years","Candler","107","0","0"
"30-39 years","Candler","82","0","2"
"40-49 years","Candler","99","2","1"
"50-59 years","Candler","108","5","9"
"60-69 years","Candler","84","7","13"
"70-79 years","Candler","50","10","16"
"80 & Older years","Candler","20","4","9"
"<1 years","Candler","3","0","0"
"Unknown years","Candler","2","0","0"
"01-04 years","Carroll","64","0","1"
"05-09 years","Carroll","85","0","1"
"10-17 years","Carroll","413","0","6"
"18-29 years","Carroll","1317","0","10"
"30-39 years","Carroll","777","4","17"
"40-49 years","Carroll","768","4","23"
"50-59 years","Carroll","787","10","52"
"60-69 years","Carroll","558","16","58"
"70-79 years","Carroll","308","26","51"
"80 & Older years","Carroll","218","36","37"
"<1 years","Carroll","22","0","0"
"Unknown years","Carroll","22","0","0"
"01-04 years","Catoosa","50","0","0"
"05-09 years","Catoosa","67","0","1"
"10-17 years","Catoosa","279","0","1"
"18-29 years","Catoosa","612","0","7"
"30-39 years","Catoosa","454","1","6"
"40-49 years","Catoosa","533","1","10"
"50-59 years","Catoosa","495","5","20"
"60-69 years","Catoosa","366","5","38"
"70-79 years","Catoosa","227","12","38"
"80 & Older years","Catoosa","159","13","36"
"<1 years","Catoosa","18","0","0"
"Unknown years","Catoosa","69","0","4"
"01-04 years","Charlton","10","0","0"
"05-09 years","Charlton","19","0","0"
"10-17 years","Charlton","49","0","0"
"18-29 years","Charlton","154","0","1"
"30-39 years","Charlton","175","0","4"
"40-49 years","Charlton","158","2","8"
"50-59 years","Charlton","114","0","3"
"60-69 years","Charlton","111","4","12"
"70-79 years","Charlton","37","4","9"
"80 & Older years","Charlton","18","2","8"
"<1 years","Charlton","2","0","0"
"Unknown years","Charlton","2","0","0"
"01-04 years","Chatham","221","0","1"
"05-09 years","Chatham","256","1","0"
"10-17 years","Chatham","789","0","12"
"18-29 years","Chatham","3416","2","40"
"30-39 years","Chatham","2323","4","91"
"40-49 years","Chatham","1784","10","109"
"50-59 years","Chatham","1651","24","177"
"60-69 years","Chatham","1268","43","229"
"70-79 years","Chatham","690","64","212"
"80 & Older years","Chatham","431","82","173"
"<1 years","Chatham","61","0","4"
"Unknown years","Chatham","155","0","2"
"01-04 years","Chattahoochee","8","0","0"
"05-09 years","Chattahoochee","6","0","0"
"10-17 years","Chattahoochee","99","0","2"
"18-29 years","Chattahoochee","1771","0","1"
"30-39 years","Chattahoochee","187","0","3"
"40-49 years","Chattahoochee","44","0","0"
"50-59 years","Chattahoochee","19","0","5"
"60-69 years","Chattahoochee","12","0","3"
"70-79 years","Chattahoochee","6","0","2"
"80 & Older years","Chattahoochee","4","1","3"
"<1 years","Chattahoochee","8","0","0"
"Unknown years","Chattahoochee","1","0","0"
"01-04 years","Chattooga","8","0","0"
"05-09 years","Chattooga","18","0","0"
"10-17 years","Chattooga","127","0","0"
"18-29 years","Chattooga","264","0","4"
"30-39 years","Chattooga","218","0","5"
"40-49 years","Chattooga","251","1","9"
"50-59 years","Chattooga","242","4","12"
"60-69 years","Chattooga","206","12","28"
"70-79 years","Chattooga","133","10","27"
"80 & Older years","Chattooga","94","17","19"
"<1 years","Chattooga","6","0","1"
"Unknown years","Chattooga","18","0","1"
"01-04 years","Cherokee","137","0","6"
"05-09 years","Cherokee","298","0","4"
"10-17 years","Cherokee","1327","0","6"
"18-29 years","Cherokee","2779","1","59"
"30-39 years","Cherokee","1885","1","78"
"40-49 years","Cherokee","2095","2","91"
"50-59 years","Cherokee","2120","9","140"
"60-69 years","Cherokee","1214","19","145"
"70-79 years","Cherokee","772","30","153"
"80 & Older years","Cherokee","508","65","140"
"<1 years","Cherokee","30","0","1"
"Unknown years","Cherokee","46","0","2"
"01-04 years","Clarke","102","0","0"
"05-09 years","Clarke","127","0","1"
"10-17 years","Clarke","360","0","4"
"18-29 years","Clarke","4499","0","22"
"30-39 years","Clarke","1046","1","27"
"40-49 years","Clarke","815","2","33"
"50-59 years","Clarke","731","5","45"
"60-69 years","Clarke","499","12","67"
"70-79 years","Clarke","288","22","77"
"80 & Older years","Clarke","163","21","44"
"<1 years","Clarke","21","0","1"
"Unknown years","Clarke","36","0","0"
"01-04 years","Clay","3","0","0"
"05-09 years","Clay","2","0","0"
"10-17 years","Clay","12","0","0"
"18-29 years","Clay","24","0","0"
"30-39 years","Clay","24","0","1"
"40-49 years","Clay","21","0","0"
"50-59 years","Clay","16","0","1"
"60-69 years","Clay","21","1","2"
"70-79 years","Clay","10","0","0"
"80 & Older years","Clay","14","2","5"
"Unknown years","Clay","2","0","0"
"01-04 years","Clayton","214","0","7"
"05-09 years","Clayton","309","1","6"
"10-17 years","Clayton","855","0","18"
"18-29 years","Clayton","3001","4","74"
"30-39 years","Clayton","2519","6","108"
"40-49 years","Clayton","2297","22","140"
"50-59 years","Clayton","2093","28","188"
"60-69 years","Clayton","1346","57","174"
"70-79 years","Clayton","582","48","116"
"80 & Older years","Clayton","304","57","72"
"<1 years","Clayton","45","0","1"
"Unknown years","Clayton","44","0","1"
"01-04 years","Clinch","10","0","0"
"05-09 years","Clinch","13","0","0"
"10-17 years","Clinch","62","0","0"
"18-29 years","Clinch","104","0","2"
"30-39 years","Clinch","82","1","4"
"40-49 years","Clinch","77","0","3"
"50-59 years","Clinch","77","0","11"
"60-69 years","Clinch","83","6","13"
"70-79 years","Clinch","42","6","14"
"80 & Older years","Clinch","14","1","2"
"<1 years","Clinch","1","0","0"
"Unknown years","Clinch","4","0","0"
"01-04 years","Cobb","409","1","13"
"05-09 years","Cobb","683","0","4"
"10-17 years","Cobb","2312","0","20"
"18-29 years","Cobb","9996","4","201"
"30-39 years","Cobb","6447","12","209"
"40-49 years","Cobb","6011","22","338"
"50-59 years","Cobb","5337","34","443"
"60-69 years","Cobb","3202","82","428"
"70-79 years","Cobb","1796","169","378"
"80 & Older years","Cobb","1139","231","333"
"<1 years","Cobb","123","0","8"
"Unknown years","Cobb","640","0","3"
"01-04 years","Coffee","64","0","2"
"05-09 years","Coffee","78","0","4"
"10-17 years","Coffee","230","0","2"
"18-29 years","Coffee","668","0","18"
"30-39 years","Coffee","503","2","34"
"40-49 years","Coffee","558","2","72"
"50-59 years","Coffee","555","5","98"
"60-69 years","Coffee","445","20","109"
"70-79 years","Coffee","239","25","95"
"80 & Older years","Coffee","119","26","68"
"<1 years","Coffee","11","0","0"
"Unknown years","Coffee","4","0","0"
"01-04 years","Colquitt","31","0","0"
"05-09 years","Colquitt","66","0","1"
"10-17 years","Colquitt","234","0","4"
"18-29 years","Colquitt","558","0","16"
"30-39 years","Colquitt","394","0","16"
"40-49 years","Colquitt","405","4","32"
"50-59 years","Colquitt","355","10","30"
"60-69 years","Colquitt","260","11","32"
"70-79 years","Colquitt","139","6","33"
"80 & Older years","Colquitt","96","13","21"
"<1 years","Colquitt","12","0","0"
"Unknown years","Colquitt","13","0","0"
"01-04 years","Columbia","70","0","2"
"05-09 years","Columbia","158","0","0"
"10-17 years","Columbia","641","0","1"
"18-29 years","Columbia","1597","0","13"
"30-39 years","Columbia","1351","2","17"
"40-49 years","Columbia","1242","6","32"
"50-59 years","Columbia","1092","11","53"
"60-69 years","Columbia","678","12","62"
"70-79 years","Columbia","363","22","55"
"80 & Older years","Columbia","212","33","53"
"<1 years","Columbia","21","0","1"
"Unknown years","Columbia","16","0","0"
"01-04 years","Cook","12","0","1"
"05-09 years","Cook","18","0","0"
"10-17 years","Cook","85","0","1"
"18-29 years","Cook","194","0","5"
"30-39 years","Cook","153","0","4"
"40-49 years","Cook","156","0","12"
"50-59 years","Cook","140","2","15"
"60-69 years","Cook","110","5","15"
"70-79 years","Cook","92","10","24"
"80 & Older years","Cook","46","6","12"
"<1 years","Cook","5","0","0"
"Unknown years","Cook","4","0","0"
"01-04 years","Coweta","70","0","0"
"05-09 years","Coweta","114","0","0"
"10-17 years","Coweta","401","0","2"
"18-29 years","Coweta","1070","1","13"
"30-39 years","Coweta","808","0","20"
"40-49 years","Coweta","839","3","26"
"50-59 years","Coweta","950","7","43"
"60-69 years","Coweta","583","18","40"
"70-79 years","Coweta","363","18","43"
"80 & Older years","Coweta","200","31","29"
"<1 years","Coweta","22","0","0"
"Unknown years","Coweta","6","0","0"
"01-04 years","Crawford","1","0","0"
"05-09 years","Crawford","1","0","0"
"10-17 years","Crawford","21","0","0"
"18-29 years","Crawford","59","0","2"
"30-39 years","Crawford","52","0","4"
"40-49 years","Crawford","41","1","3"
"50-59 years","Crawford","79","1","10"
"60-69 years","Crawford","76","3","13"
"70-79 years","Crawford","27","2","10"
"80 & Older years","Crawford","16","0","4"
"01-04 years","Crisp","14","0","0"
"05-09 years","Crisp","18","0","0"
"10-17 years","Crisp","74","0","1"
"18-29 years","Crisp","156","0","7"
"30-39 years","Crisp","155","0","10"
"40-49 years","Crisp","137","1","12"
"50-59 years","Crisp","142","3","18"
"60-69 years","Crisp","144","8","27"
"70-79 years","Crisp","74","8","28"
"80 & Older years","Crisp","48","8","15"
"<1 years","Crisp","6","0","0"
"Unknown years","Crisp","31","0","0"
"01-04 years","Dade","5","0","0"
"05-09 years","Dade","15","0","0"
"10-17 years","Dade","62","0","0"
"18-29 years","Dade","138","0","1"
"30-39 years","Dade","86","0","1"
"40-49 years","Dade","117","0","5"
"50-59 years","Dade","110","1","6"
"60-69 years","Dade","74","0","2"
"70-79 years","Dade","62","5","15"
"80 & Older years","Dade","37","1","8"
"<1 years","Dade","6","0","0"
"Unknown years","Dade","13","0","1"
"01-04 years","Dawson","15","0","0"
"05-09 years","Dawson","27","0","0"
"10-17 years","Dawson","138","0","3"
"18-29 years","Dawson","339","0","9"
"30-39 years","Dawson","238","0","5"
"40-49 years","Dawson","227","0","16"
"50-59 years","Dawson","283","0","23"
"60-69 years","Dawson","226","3","49"
"70-79 years","Dawson","149","9","35"
"80 & Older years","Dawson","55","4","17"
"<1 years","Dawson","7","0","0"
"Unknown years","Dawson","25","0","2"
"01-04 years","DeKalb","470","0","14"
"05-09 years","DeKalb","670","0","7"
"10-17 years","DeKalb","1986","0","36"
"18-29 years","DeKalb","8598","7","270"
"30-39 years","DeKalb","7399","14","397"
"40-49 years","DeKalb","5869","25","434"
"50-59 years","DeKalb","5194","59","590"
"60-69 years","DeKalb","3268","99","596"
"70-79 years","DeKalb","1667","133","445"
"80 & Older years","DeKalb","982","158","310"
"<1 years","DeKalb","119","0","5"
"Unknown years","DeKalb","138","0","6"
"01-04 years","Decatur","37","0","1"
"05-09 years","Decatur","49","0","0"
"10-17 years","Decatur","142","0","0"
"18-29 years","Decatur","332","1","8"
"30-39 years","Decatur","248","1","7"
"40-49 years","Decatur","251","0","16"
"50-59 years","Decatur","202","5","24"
"60-69 years","Decatur","177","10","26"
"70-79 years","Decatur","103","16","18"
"80 & Older years","Decatur","86","11","17"
"<1 years","Decatur","6","0","0"
"Unknown years","Decatur","3","0","0"
"01-04 years","Dodge","6","0","0"
"05-09 years","Dodge","15","0","0"
"10-17 years","Dodge","60","1","1"
"18-29 years","Dodge","145","0","1"
"30-39 years","Dodge","95","0","2"
"40-49 years","Dodge","128","1","10"
"50-59 years","Dodge","146","3","12"
"60-69 years","Dodge","132","10","24"
"70-79 years","Dodge","69","13","17"
"80 & Older years","Dodge","51","16","17"
"<1 years","Dodge","2","0","0"
"Unknown years","Dodge","2","0","0"
"01-04 years","Dooly","9","0","0"
"05-09 years","Dooly","5","0","0"
"10-17 years","Dooly","30","0","0"
"18-29 years","Dooly","80","0","5"
"30-39 years","Dooly","78","0","7"
"40-49 years","Dooly","88","0","8"
"50-59 years","Dooly","99","4","13"
"60-69 years","Dooly","83","9","19"
"70-79 years","Dooly","43","5","10"
"80 & Older years","Dooly","17","4","3"
"<1 years","Dooly","2","0","0"
"Unknown years","Dooly","10","0","0"
"01-04 years","Dougherty","30","0","3"
"05-09 years","Dougherty","53","0","0"
"10-17 years","Dougherty","154","0","3"
"18-29 years","Dougherty","703","2","67"
"30-39 years","Dougherty","593","3","60"
"40-49 years","Dougherty","627","12","94"
"50-59 years","Dougherty","690","19","129"
"60-69 years","Dougherty","614","50","186"
"70-79 years","Dougherty","361","51","139"
"80 & Older years","Dougherty","209","68","91"
"<1 years","Dougherty","19","0","1"
"Unknown years","Dougherty","23","0","0"
"01-04 years","Douglas","79","0","2"
"05-09 years","Douglas","150","0","4"
"10-17 years","Douglas","451","0","4"
"18-29 years","Douglas","1446","0","40"
"30-39 years","Douglas","1152","3","48"
"40-49 years","Douglas","1307","4","83"
"50-59 years","Douglas","1167","12","118"
"60-69 years","Douglas","670","18","119"
"70-79 years","Douglas","386","35","101"
"80 & Older years","Douglas","176","26","64"
"<1 years","Douglas","14","0","2"
"Unknown years","Douglas","87","0","0"
"01-04 years","Early","14","0","0"
"05-09 years","Early","14","0","0"
"10-17 years","Early","51","0","0"
"18-29 years","Early","111","0","4"
"30-39 years","Early","100","0","4"
"40-49 years","Early","128","1","9"
"50-59 years","Early","115","3","9"
"60-69 years","Early","87","11","12"
"70-79 years","Early","59","12","13"
"80 & Older years","Early","35","12","8"
"<1 years","Early","2","0","0"
"01-04 years","Echols","5","0","0"
"05-09 years","Echols","5","0","0"
"10-17 years","Echols","22","0","1"
"18-29 years","Echols","121","0","1"
"30-39 years","Echols","51","0","2"
"40-49 years","Echols","35","0","1"
"50-59 years","Echols","40","0","2"
"60-69 years","Echols","20","0","0"
"70-79 years","Echols","16","2","3"
"<1 years","Echols","1","0","0"
"01-04 years","Effingham","32","0","1"
"05-09 years","Effingham","60","0","0"
"10-17 years","Effingham","214","0","0"
"18-29 years","Effingham","487","0","4"
"30-39 years","Effingham","396","1","11"
"40-49 years","Effingham","412","0","22"
"50-59 years","Effingham","403","7","29"
"60-69 years","Effingham","251","3","37"
"70-79 years","Effingham","149","12","37"
"80 & Older years","Effingham","64","11","19"
"<1 years","Effingham","6","0","0"
"Unknown years","Effingham","15","0","1"
"01-04 years","Elbert","13","0","0"
"05-09 years","Elbert","21","0","0"
"10-17 years","Elbert","71","0","0"
"18-29 years","Elbert","204","0","1"
"30-39 years","Elbert","142","0","6"
"40-49 years","Elbert","169","0","8"
"50-59 years","Elbert","177","0","11"
"60-69 years","Elbert","138","1","16"
"70-79 years","Elbert","119","8","23"
"80 & Older years","Elbert","107","15","24"
"<1 years","Elbert","7","0","2"
"Unknown years","Elbert","7","0","0"
"01-04 years","Emanuel","19","0","1"
"05-09 years","Emanuel","18","0","0"
"10-17 years","Emanuel","141","0","2"
"18-29 years","Emanuel","257","1","0"
"30-39 years","Emanuel","206","0","7"
"40-49 years","Emanuel","240","1","7"
"50-59 years","Emanuel","217","5","22"
"60-69 years","Emanuel","192","7","23"
"70-79 years","Emanuel","108","15","24"
"80 & Older years","Emanuel","54","16","17"
"<1 years","Emanuel","4","0","0"
"Unknown years","Emanuel","10","0","1"
"01-04 years","Evans","8","0","0"
"05-09 years","Evans","13","0","0"
"10-17 years","Evans","68","0","0"
"18-29 years","Evans","112","1","3"
"30-39 years","Evans","105","0","3"
"40-49 years","Evans","91","0","9"
"50-59 years","Evans","88","1","13"
"60-69 years","Evans","50","2","12"
"70-79 years","Evans","37","3","9"
"80 & Older years","Evans","16","1","8"
"<1 years","Evans","2","0","0"
"Unknown years","Evans","1","0","0"
"01-04 years","Fannin","7","0","0"
"05-09 years","Fannin","18","0","0"
"10-17 years","Fannin","73","0","0"
"18-29 years","Fannin","187","0","2"
"30-39 years","Fannin","132","0","5"
"40-49 years","Fannin","165","0","7"
"50-59 years","Fannin","226","3","15"
"60-69 years","Fannin","218","4","22"
"70-79 years","Fannin","172","4","28"
"80 & Older years","Fannin","99","25","30"
"<1 years","Fannin","4","0","0"
"Unknown years","Fannin","15","0","0"
"01-04 years","Fayette","34","0","0"
"05-09 years","Fayette","58","0","1"
"10-17 years","Fayette","288","0","2"
"18-29 years","Fayette","763","0","5"
"30-39 years","Fayette","457","1","7"
"40-49 years","Fayette","629","1","19"
"50-59 years","Fayette","688","3","32"
"60-69 years","Fayette","511","11","35"
"70-79 years","Fayette","260","24","49"
"80 & Older years","Fayette","178","31","29"
"<1 years","Fayette","6","0","0"
"Unknown years","Fayette","30","0","0"
"01-04 years","Floyd","90","0","3"
"05-09 years","Floyd","143","0","0"
"10-17 years","Floyd","646","0","8"
"18-29 years","Floyd","1413","0","18"
"30-39 years","Floyd","1050","3","35"
"40-49 years","Floyd","1034","3","52"
"50-59 years","Floyd","957","16","93"
"60-69 years","Floyd","702","25","119"
"70-79 years","Floyd","484","29","119"
"80 & Older years","Floyd","263","33","81"
"<1 years","Floyd","32","0","1"
"Unknown years","Floyd","77","0","1"
"01-04 years","Forsyth","103","0","1"
"05-09 years","Forsyth","239","0","1"
"10-17 years","Forsyth","946","0","3"
"18-29 years","Forsyth","1963","0","33"
"30-39 years","Forsyth","1339","0","47"
"40-49 years","Forsyth","1674","4","84"
"50-59 years","Forsyth","1569","9","112"
"60-69 years","Forsyth","809","7","100"
"70-79 years","Forsyth","487","24","129"
"80 & Older years","Forsyth","290","37","94"
"<1 years","Forsyth","33","0","3"
"Unknown years","Forsyth","210","0","2"
"01-04 years","Franklin","10","0","0"
"05-09 years","Franklin","38","0","0"
"10-17 years","Franklin","136","0","4"
"18-29 years","Franklin","322","0","7"
"30-39 years","Franklin","232","0","3"
"40-49 years","Franklin","250","0","10"
"50-59 years","Franklin","249","0","18"
"60-69 years","Franklin","224","2","28"
"70-79 years","Franklin","116","9","19"
"80 & Older years","Franklin","58","10","16"
"<1 years","Franklin","6","0","1"
"Unknown years","Franklin","43","0","2"
"01-04 years","Fulton","545","0","15"
"05-09 years","Fulton","876","0","9"
"10-17 years","Fulton","2990","1","32"
"18-29 years","Fulton","14536","4","267"
"30-39 years","Fulton","10203","14","374"
"40-49 years","Fulton","7954","28","441"
"50-59 years","Fulton","6942","64","609"
"60-69 years","Fulton","4129","131","580"
"70-79 years","Fulton","2218","184","490"
"80 & Older years","Fulton","1628","313","484"
"<1 years","Fulton","138","0","5"
"Unknown years","Fulton","216","0","7"
"01-04 years","Gilmer","24","0","1"
"05-09 years","Gilmer","21","0","0"
"10-17 years","Gilmer","131","0","2"
"18-29 years","Gilmer","245","0","8"
"30-39 years","Gilmer","209","0","12"
"40-49 years","Gilmer","233","0","14"
"50-59 years","Gilmer","254","4","16"
"60-69 years","Gilmer","235","2","30"
"70-79 years","Gilmer","163","8","30"
"80 & Older years","Gilmer","91","19","29"
"<1 years","Gilmer","8","0","0"
"Unknown years","Gilmer","36","0","0"
"01-04 years","Glascock","1","0","0"
"05-09 years","Glascock","2","0","0"
"10-17 years","Glascock","1","0","0"
"18-29 years","Glascock","16","0","1"
"30-39 years","Glascock","11","0","0"
"40-49 years","Glascock","15","0","1"
"50-59 years","Glascock","20","1","2"
"60-69 years","Glascock","10","0","1"
"70-79 years","Glascock","8","1","2"
"80 & Older years","Glascock","7","1","3"
"<1 years","Glascock","1","0","0"
"Unknown years","Glascock","1","0","0"
"01-04 years","Glynn","66","0","1"
"05-09 years","Glynn","134","0","1"
"10-17 years","Glynn","344","0","0"
"18-29 years","Glynn","1056","0","20"
"30-39 years","Glynn","786","3","23"
"40-49 years","Glynn","679","3","32"
"50-59 years","Glynn","634","8","62"
"60-69 years","Glynn","534","25","99"
"70-79 years","Glynn","335","36","68"
"80 & Older years","Glynn","204","49","76"
"<1 years","Glynn","17","0","0"
"Unknown years","Glynn","62","0","0"
"01-04 years","Gordon","54","0","0"
"05-09 years","Gordon","79","0","0"
"10-17 years","Gordon","333","0","2"
"18-29 years","Gordon","845","0","8"
"30-39 years","Gordon","634","1","17"
"40-49 years","Gordon","680","1","23"
"50-59 years","Gordon","663","7","33"
"60-69 years","Gordon","400","10","31"
"70-79 years","Gordon","244","18","49"
"80 & Older years","Gordon","137","24","38"
"<1 years","Gordon","17","0","3"
"Unknown years","Gordon","66","0","3"
"01-04 years","Grady","21","0","1"
"05-09 years","Grady","34","0","0"
"10-17 years","Grady","90","0","2"
"18-29 years","Grady","179","0","8"
"30-39 years","Grady","173","0","7"
"40-49 years","Grady","177","0","19"
"50-59 years","Grady","151","4","23"
"60-69 years","Grady","111","3","20"
"70-79 years","Grady","105","9","28"
"80 & Older years","Grady","42","12","16"
"<1 years","Grady","4","0","1"
"Unknown years","Grady","5","0","0"
"01-04 years","Greene","12","0","0"
"05-09 years","Greene","25","0","0"
"10-17 years","Greene","56","0","0"
"18-29 years","Greene","190","0","5"
"30-39 years","Greene","134","0","5"
"40-49 years","Greene","128","3","10"
"50-59 years","Greene","137","3","12"
"60-69 years","Greene","136","2","9"
"70-79 years","Greene","94","5","15"
"80 & Older years","Greene","54","13","19"
"<1 years","Greene","2","0","1"
"Unknown years","Greene","2","0","0"
"01-04 years","Gwinnett","763","0","16"
"05-09 years","Gwinnett","1181","0","14"
"10-17 years","Gwinnett","3983","1","58"
"18-29 years","Gwinnett","12645","2","440"
"30-39 years","Gwinnett","9092","13","464"
"40-49 years","Gwinnett","9732","37","615"
"50-59 years","Gwinnett","7932","63","662"
"60-69 years","Gwinnett","4312","110","656"
"70-79 years","Gwinnett","1964","129","469"
"80 & Older years","Gwinnett","1111","210","437"
"<1 years","Gwinnett","191","0","4"
"Unknown years","Gwinnett","140","0","0"
"01-04 years","Habersham","21","0","1"
"05-09 years","Habersham","42","0","3"
"10-17 years","Habersham","241","1","6"
"18-29 years","Habersham","656","0","9"
"30-39 years","Habersham","470","2","22"
"40-49 years","Habersham","513","1","32"
"50-59 years","Habersham","532","4","43"
"60-69 years","Habersham","405","12","90"
"70-79 years","Habersham","289","20","82"
"80 & Older years","Habersham","223","49","66"
"<1 years","Habersham","8","0","3"
"Unknown years","Habersham","225","0","2"
"01-04 years","Hall","128","0","4"
"05-09 years","Hall","266","0","3"
"10-17 years","Hall","1252","0","19"
"18-29 years","Hall","3894","3","126"
"30-39 years","Hall","2579","1","140"
"40-49 years","Hall","2750","7","211"
"50-59 years","Hall","2805","18","291"
"60-69 years","Hall","1819","43","297"
"70-79 years","Hall","1144","53","301"
"80 & Older years","Hall","657","97","252"
"<1 years","Hall","26","0","5"
"Unknown years","Hall","523","0","9"
"01-04 years","Hancock","3","0","0"
"05-09 years","Hancock","5","0","0"
"10-17 years","Hancock","21","0","0"
"18-29 years","Hancock","99","0","2"
"30-39 years","Hancock","94","0","2"
"40-49 years","Hancock","87","1","4"
"50-59 years","Hancock","107","3","13"
"60-69 years","Hancock","117","13","22"
"70-79 years","Hancock","61","12","17"
"80 & Older years","Hancock","49","18","17"
"<1 years","Hancock","2","0","0"
"Unknown years","Hancock","1","0","0"
"01-04 years","Haralson","14","0","0"
"05-09 years","Haralson","26","0","0"
"10-17 years","Haralson","108","0","1"
"18-29 years","Haralson","264","0","2"
"30-39 years","Haralson","171","0","3"
"40-49 years","Haralson","169","1","5"
"50-59 years","Haralson","185","1","3"
"60-69 years","Haralson","150","8","17"
"70-79 years","Haralson","102","9","15"
"80 & Older years","Haralson","49","4","7"
"<1 years","Haralson","5","0","0"
"Unknown years","Haralson","4","0","0"
"01-04 years","Harris","19","0","0"
"05-09 years","Harris","17","0","0"
"10-17 years","Harris","118","0","2"
"18-29 years","Harris","207","0","2"
"30-39 years","Harris","142","0","5"
"40-49 years","Harris","223","2","8"
"50-59 years","Harris","243","4","18"
"60-69 years","Harris","199","10","38"
"70-79 years","Harris","104","8","25"
"80 & Older years","Harris","39","5","6"
"<1 years","Harris","4","0","0"
"Unknown years","Harris","15","0","0"
"01-04 years","Hart","10","0","0"
"05-09 years","Hart","17","0","1"
"10-17 years","Hart","68","0","0"
"18-29 years","Hart","206","0","1"
"30-39 years","Hart","159","0","6"
"40-49 years","Hart","162","0","8"
"50-59 years","Hart","194","1","15"
"60-69 years","Hart","169","8","26"
"70-79 years","Hart","96","4","17"
"80 & Older years","Hart","71","8","22"
"<1 years","Hart","3","0","1"
"Unknown years","Hart","32","0","0"
"01-04 years","Heard","7","0","0"
"05-09 years","Heard","11","0","0"
"10-17 years","Heard","46","0","1"
"18-29 years","Heard","77","0","0"
"30-39 years","Heard","41","0","1"
"40-49 years","Heard","72","0","3"
"50-59 years","Heard","67","0","4"
"60-69 years","Heard","53","3","6"
"70-79 years","Heard","39","4","11"
"80 & Older years","Heard","16","3","1"
"<1 years","Heard","1","0","0"
"Unknown years","Heard","1","0","0"
"01-04 years","Henry","112","0","4"
"05-09 years","Henry","207","0","1"
"10-17 years","Henry","786","0","5"
"18-29 years","Henry","2332","1","22"
"30-39 years","Henry","1905","3","34"
"40-49 years","Henry","2167","7","66"
"50-59 years","Henry","2001","13","90"
"60-69 years","Henry","1065","27","60"
"70-79 years","Henry","542","43","56"
"80 & Older years","Henry","294","51","41"
"<1 years","Henry","25","0","2"
"Unknown years","Henry","27","0","0"
"01-04 years","Houston","61","0","1"
"05-09 years","Houston","91","0","1"
"10-17 years","Houston","404","0","3"
"18-29 years","Houston","1392","3","28"
"30-39 years","Houston","1145","1","46"
"40-49 years","Houston","1109","2","70"
"50-59 years","Houston","975","9","81"
"60-69 years","Houston","619","29","106"
"70-79 years","Houston","352","39","102"
"80 & Older years","Houston","186","31","61"
"<1 years","Houston","16","0","2"
"Unknown years","Houston","10","0","0"
"01-04 years","Irwin","5","0","0"
"05-09 years","Irwin","10","0","0"
"10-17 years","Irwin","46","0","0"
"18-29 years","Irwin","92","0","4"
"30-39 years","Irwin","80","0","4"
"40-49 years","Irwin","95","0","7"
"50-59 years","Irwin","89","1","7"
"60-69 years","Irwin","72","1","19"
"70-79 years","Irwin","38","3","5"
"80 & Older years","Irwin","31","6","14"
"Unknown years","Irwin","4","0","0"
"01-04 years","Jackson","40","0","0"
"05-09 years","Jackson","98","0","1"
"10-17 years","Jackson","499","0","1"
"18-29 years","Jackson","971","1","12"
"30-39 years","Jackson","795","1","16"
"40-49 years","Jackson","863","3","45"
"50-59 years","Jackson","851","4","50"
"60-69 years","Jackson","518","8","44"
"70-79 years","Jackson","364","16","72"
"80 & Older years","Jackson","213","31","71"
"<1 years","Jackson","11","0","2"
"Unknown years","Jackson","33","0","1"
"01-04 years","Jasper","2","0","1"
"05-09 years","Jasper","5","0","0"
"10-17 years","Jasper","18","0","0"
"18-29 years","Jasper","82","0","1"
"30-39 years","Jasper","64","0","0"
"40-49 years","Jasper","62","0","1"
"50-59 years","Jasper","88","0","8"
"60-69 years","Jasper","54","4","9"
"70-79 years","Jasper","30","2","8"
"80 & Older years","Jasper","7","0","0"
"<1 years","Jasper","2","0","0"
"Unknown years","Jasper","2","0","0"
"01-04 years","Jeff Davis","23","0","1"
"05-09 years","Jeff Davis","22","0","0"
"10-17 years","Jeff Davis","83","0","2"
"18-29 years","Jeff Davis","197","0","3"
"30-39 years","Jeff Davis","167","0","8"
"40-49 years","Jeff Davis","161","0","11"
"50-59 years","Jeff Davis","142","5","14"
"60-69 years","Jeff Davis","100","6","21"
"70-79 years","Jeff Davis","66","12","16"
"80 & Older years","Jeff Davis","16","8","6"
"<1 years","Jeff Davis","2","0","1"
"Unknown years","Jeff Davis","2","0","0"
"01-04 years","Jefferson","16","0","0"
"05-09 years","Jefferson","28","0","0"
"10-17 years","Jefferson","71","0","0"
"18-29 years","Jefferson","191","0","3"
"30-39 years","Jefferson","145","0","7"
"40-49 years","Jefferson","157","3","11"
"50-59 years","Jefferson","197","2","19"
"60-69 years","Jefferson","179","7","25"
"70-79 years","Jefferson","111","12","30"
"80 & Older years","Jefferson","54","14","22"
"<1 years","Jefferson","4","0","0"
"Unknown years","Jefferson","8","0","0"
"01-04 years","Jenkins","6","0","0"
"05-09 years","Jenkins","14","0","0"
"10-17 years","Jenkins","41","0","0"
"18-29 years","Jenkins","87","0","2"
"30-39 years","Jenkins","58","1","4"
"40-49 years","Jenkins","81","2","10"
"50-59 years","Jenkins","83","6","16"
"60-69 years","Jenkins","69","5","11"
"70-79 years","Jenkins","45","12","21"
"80 & Older years","Jenkins","44","8","10"
"<1 years","Jenkins","2","0","0"
"Unknown years","Jenkins","1","0","0"
"01-04 years","Johnson","5","0","0"
"05-09 years","Johnson","6","0","0"
"10-17 years","Johnson","22","0","0"
"18-29 years","Johnson","85","0","2"
"30-39 years","Johnson","60","0","3"
"40-49 years","Johnson","65","1","6"
"50-59 years","Johnson","90","1","15"
"60-69 years","Johnson","95","7","16"
"70-79 years","Johnson","67","6","18"
"80 & Older years","Johnson","61","16","18"
"01-04 years","Jones","4","0","0"
"05-09 years","Jones","15","0","0"
"10-17 years","Jones","52","0","0"
"18-29 years","Jones","251","0","5"
"30-39 years","Jones","176","0","4"
"40-49 years","Jones","154","1","7"
"50-59 years","Jones","181","1","15"
"60-69 years","Jones","116","1","14"
"70-79 years","Jones","74","7","22"
"80 & Older years","Jones","55","13","9"
"<1 years","Jones","3","0","0"
"01-04 years","Lamar","17","0","0"
"05-09 years","Lamar","31","0","0"
"10-17 years","Lamar","67","0","1"
"18-29 years","Lamar","125","0","1"
"30-39 years","Lamar","110","0","2"
"40-49 years","Lamar","108","1","3"
"50-59 years","Lamar","124","2","17"
"60-69 years","Lamar","113","3","15"
"70-79 years","Lamar","83","6","13"
"80 & Older years","Lamar","44","15","13"
"<1 years","Lamar","9","0","0"
"Unknown years","Lamar","9","0","0"
"01-04 years","Lanier","6","0","0"
"05-09 years","Lanier","9","0","1"
"10-17 years","Lanier","26","0","1"
"18-29 years","Lanier","88","1","1"
"30-39 years","Lanier","97","0","1"
"40-49 years","Lanier","57","1","1"
"50-59 years","Lanier","55","0","4"
"60-69 years","Lanier","32","1","2"
"70-79 years","Lanier","20","4","5"
"80 & Older years","Lanier","11","0","4"
"<1 years","Lanier","3","0","0"
"01-04 years","Laurens","20","0","0"
"05-09 years","Laurens","26","0","1"
"10-17 years","Laurens","185","0","2"
"18-29 years","Laurens","475","0","6"
"30-39 years","Laurens","389","1","13"
"40-49 years","Laurens","406","3","22"
"50-59 years","Laurens","441","6","45"
"60-69 years","Laurens","369","25","63"
"70-79 years","Laurens","255","37","59"
"80 & Older years","Laurens","173","42","48"
"<1 years","Laurens","2","0","0"
"Unknown years","Laurens","12","0","0"
"01-04 years","Lee","10","0","0"
"05-09 years","Lee","17","0","2"
"10-17 years","Lee","87","0","1"
"18-29 years","Lee","188","1","9"
"30-39 years","Lee","208","1","15"
"40-49 years","Lee","206","3","20"
"50-59 years","Lee","187","6","26"
"60-69 years","Lee","126","7","18"
"70-79 years","Lee","59","9","21"
"80 & Older years","Lee","28","5","10"
"<1 years","Lee","5","0","0"
"01-04 years","Liberty","20","0","0"
"05-09 years","Liberty","32","0","1"
"10-17 years","Liberty","124","0","1"
"18-29 years","Liberty","469","1","11"
"30-39 years","Liberty","315","0","12"
"40-49 years","Liberty","288","0","14"
"50-59 years","Liberty","246","4","29"
"60-69 years","Liberty","188","9","33"
"70-79 years","Liberty","82","9","27"
"80 & Older years","Liberty","48","7","20"
"<1 years","Liberty","17","0","1"
"Unknown years","Liberty","4","0","0"
"01-04 years","Lincoln","6","0","0"
"05-09 years","Lincoln","8","0","0"
"10-17 years","Lincoln","17","0","0"
"18-29 years","Lincoln","66","0","2"
"30-39 years","Lincoln","39","0","1"
"40-49 years","Lincoln","60","0","5"
"50-59 years","Lincoln","43","0","3"
"60-69 years","Lincoln","46","3","11"
"70-79 years","Lincoln","35","1","9"
"80 & Older years","Lincoln","16","5","6"
"<1 years","Lincoln","2","0","0"
"Unknown years","Lincoln","1","0","0"
"01-04 years","Long","10","0","0"
"05-09 years","Long","6","0","0"
"10-17 years","Long","31","0","0"
"18-29 years","Long","80","0","0"
"30-39 years","Long","95","0","0"
"40-49 years","Long","63","0","5"
"50-59 years","Long","56","1","7"
"60-69 years","Long","50","1","4"
"70-79 years","Long","33","3","12"
"80 & Older years","Long","14","0","3"
"<1 years","Long","3","0","0"
"Unknown years","Long","20","0","0"
"01-04 years","Lowndes","109","0","0"
"05-09 years","Lowndes","142","0","0"
"10-17 years","Lowndes","504","0","5"
"18-29 years","Lowndes","1909","3","25"
"30-39 years","Lowndes","972","0","14"
"40-49 years","Lowndes","847","1","35"
"50-59 years","Lowndes","721","7","45"
"60-69 years","Lowndes","499","19","54"
"70-79 years","Lowndes","265","31","44"
"80 & Older years","Lowndes","161","38","43"
"<1 years","Lowndes","21","0","0"
"Unknown years","Lowndes","21","0","0"
"01-04 years","Lumpkin","11","0","0"
"05-09 years","Lumpkin","24","0","1"
"10-17 years","Lumpkin","99","0","2"
"18-29 years","Lumpkin","484","0","7"
"30-39 years","Lumpkin","223","0","6"
"40-49 years","Lumpkin","240","0","15"
"50-59 years","Lumpkin","274","2","26"
"60-69 years","Lumpkin","271","6","35"
"70-79 years","Lumpkin","182","5","41"
"80 & Older years","Lumpkin","85","9","44"
"<1 years","Lumpkin","7","0","1"
"Unknown years","Lumpkin","30","0","1"
"01-04 years","Macon","7","0","0"
"05-09 years","Macon","7","0","0"
"10-17 years","Macon","15","0","0"
"18-29 years","Macon","60","0","3"
"30-39 years","Macon","49","0","3"
"40-49 years","Macon","65","1","6"
"50-59 years","Macon","77","3","10"
"60-69 years","Macon","49","5","19"
"70-79 years","Macon","41","2","13"
"80 & Older years","Macon","13","4","6"
"<1 years","Macon","1","0","0"
"Unknown years","Macon","3","0","0"
"01-04 years","Madison","25","0","0"
"05-09 years","Madison","28","0","0"
"10-17 years","Madison","143","0","0"
"18-29 years","Madison","295","0","1"
"30-39 years","Madison","255","0","5"
"40-49 years","Madison","259","0","12"
"50-59 years","Madison","286","1","20"
"60-69 years","Madison","187","5","26"
"70-79 years","Madison","103","7","25"
"80 & Older years","Madison","43","4","5"
"<1 years","Madison","14","0","2"
"Unknown years","Madison","10","0","0"
"01-04 years","Marion","4","0","0"
"05-09 years","Marion","4","0","0"
"10-17 years","Marion","28","0","0"
"18-29 years","Marion","45","0","0"
"30-39 years","Marion","27","0","2"
"40-49 years","Marion","43","1","5"
"50-59 years","Marion","39","3","5"
"60-69 years","Marion","30","3","3"
"70-79 years","Marion","20","1","5"
"80 & Older years","Marion","20","2","6"
"<1 years","Marion","2","0","0"
"Unknown years","Marion","3","0","0"
"01-04 years","McDuffie","14","0","0"
"05-09 years","McDuffie","13","0","0"
"10-17 years","McDuffie","61","0","0"
"18-29 years","McDuffie","200","0","3"
"30-39 years","McDuffie","150","2","3"
"40-49 years","McDuffie","164","2","12"
"50-59 years","McDuffie","164","2","21"
"60-69 years","McDuffie","126","5","22"
"70-79 years","McDuffie","82","7","34"
"80 & Older years","McDuffie","28","5","14"
"Unknown years","McDuffie","10","0","1"
"05-09 years","McIntosh","5","0","0"
"10-17 years","McIntosh","27","0","0"
"18-29 years","McIntosh","76","0","2"
"30-39 years","McIntosh","62","0","3"
"40-49 years","McIntosh","68","0","4"
"50-59 years","McIntosh","88","0","2"
"60-69 years","McIntosh","60","2","14"
"70-79 years","McIntosh","44","3","12"
"80 & Older years","McIntosh","16","3","6"
"<1 years","McIntosh","1","0","0"
"Unknown years","McIntosh","13","0","0"
"01-04 years","Meriwether","16","0","1"
"05-09 years","Meriwether","15","0","1"
"10-17 years","Meriwether","50","0","0"
"18-29 years","Meriwether","135","0","5"
"30-39 years","Meriwether","120","2","11"
"40-49 years","Meriwether","159","1","13"
"50-59 years","Meriwether","144","1","13"
"60-69 years","Meriwether","119","3","19"
"70-79 years","Meriwether","81","6","22"
"80 & Older years","Meriwether","45","7","10"
"<1 years","Meriwether","2","0","0"
"Unknown years","Meriwether","2","0","0"
"01-04 years","Miller","5","0","0"
"05-09 years","Miller","3","0","0"
"10-17 years","Miller","44","0","1"
"18-29 years","Miller","80","0","0"
"30-39 years","Miller","75","0","0"
"40-49 years","Miller","62","0","4"
"50-59 years","Miller","89","0","10"
"60-69 years","Miller","56","2","3"
"70-79 years","Miller","20","0","2"
"80 & Older years","Miller","18","0","5"
"<1 years","Miller","3","0","0"
"01-04 years","Mitchell","12","0","0"
"05-09 years","Mitchell","19","0","0"
"10-17 years","Mitchell","64","0","1"
"18-29 years","Mitchell","184","0","7"
"30-39 years","Mitchell","164","1","13"
"40-49 years","Mitchell","168","2","17"
"50-59 years","Mitchell","201","7","45"
"60-69 years","Mitchell","166","12","42"
"70-79 years","Mitchell","104","8","32"
"80 & Older years","Mitchell","83","19","24"
"<1 years","Mitchell","3","0","0"
"Unknown years","Mitchell","10","0","1"
"01-04 years","Monroe","5","0","0"
"05-09 years","Monroe","15","0","1"
"10-17 years","Monroe","62","0","0"
"18-29 years","Monroe","211","0","3"
"30-39 years","Monroe","160","0","5"
"40-49 years","Monroe","192","1","13"
"50-59 years","Monroe","222","3","15"
"60-69 years","Monroe","216","9","35"
"70-79 years","Monroe","119","16","29"
"80 & Older years","Monroe","98","32","22"
"<1 years","Monroe","3","0","1"
"Unknown years","Monroe","4","0","0"
"01-04 years","Montgomery","9","0","0"
"05-09 years","Montgomery","5","0","0"
"10-17 years","Montgomery","35","0","1"
"18-29 years","Montgomery","120","0","0"
"30-39 years","Montgomery","78","1","3"
"40-49 years","Montgomery","98","0","2"
"50-59 years","Montgomery","77","1","5"
"60-69 years","Montgomery","71","3","10"
"70-79 years","Montgomery","37","2","5"
"80 & Older years","Montgomery","16","2","3"
"<1 years","Montgomery","1","0","0"
"Unknown years","Montgomery","1","0","0"
"01-04 years","Morgan","14","0","0"
"05-09 years","Morgan","13","0","0"
"10-17 years","Morgan","60","0","0"
"18-29 years","Morgan","165","0","3"
"30-39 years","Morgan","113","0","5"
"40-49 years","Morgan","121","0","3"
"50-59 years","Morgan","133","0","9"
"60-69 years","Morgan","98","1","7"
"70-79 years","Morgan","48","2","10"
"80 & Older years","Morgan","37","5","13"
"<1 years","Morgan","9","0","0"
"Unknown years","Morgan","2","0","0"
"01-04 years","Murray","36","0","2"
"05-09 years","Murray","59","0","2"
"10-17 years","Murray","249","0","1"
"18-29 years","Murray","575","0","5"
"30-39 years","Murray","378","1","4"
"40-49 years","Murray","472","0","18"
"50-59 years","Murray","417","5","29"
"60-69 years","Murray","279","4","41"
"70-79 years","Murray","165","15","33"
"80 & Older years","Murray","82","15","18"
"<1 years","Murray","16","0","2"
"Unknown years","Murray","4","0","0"
"01-04 years","Muscogee","149","0","5"
"05-09 years","Muscogee","203","0","0"
"10-17 years","Muscogee","534","0","3"
"18-29 years","Muscogee","2239","3","49"
"30-39 years","Muscogee","1463","2","67"
"40-49 years","Muscogee","1265","4","74"
"50-59 years","Muscogee","1268","27","160"
"60-69 years","Muscogee","990","47","194"
"70-79 years","Muscogee","522","56","137"
"80 & Older years","Muscogee","301","63","115"
"<1 years","Muscogee","51","0","2"
"Unknown years","Muscogee","100","0","0"
"01-04 years","Newton","56","0","2"
"05-09 years","Newton","71","0","0"
"10-17 years","Newton","283","0","4"
"18-29 years","Newton","914","1","23"
"30-39 years","Newton","766","0","40"
"40-49 years","Newton","877","2","71"
"50-59 years","Newton","820","8","91"
"60-69 years","Newton","469","19","74"
"70-79 years","Newton","314","32","58"
"80 & Older years","Newton","217","58","55"
"<1 years","Newton","18","0","1"
"Unknown years","Newton","11","0","0"
"01-04 years","Non-GA Resident/Unknown State","232","0","2"
"05-09 years","Non-GA Resident/Unknown State","392","0","4"
"10-17 years","Non-GA Resident/Unknown State","1337","0","7"
"18-29 years","Non-GA Resident/Unknown State","5353","4","55"
"30-39 years","Non-GA Resident/Unknown State","3734","3","69"
"40-49 years","Non-GA Resident/Unknown State","3238","8","77"
"50-59 years","Non-GA Resident/Unknown State","3059","24","151"
"60-69 years","Non-GA Resident/Unknown State","2059","64","191"
"70-79 years","Non-GA Resident/Unknown State","1264","70","201"
"80 & Older years","Non-GA Resident/Unknown State","746","83","148"
"<1 years","Non-GA Resident/Unknown State","126","0","2"
"Unknown years","Non-GA Resident/Unknown State","825","0","3"
"01-04 years","Oconee","16","0","0"
"05-09 years","Oconee","35","0","0"
"10-17 years","Oconee","163","0","0"
"18-29 years","Oconee","383","0","3"
"30-39 years","Oconee","217","0","3"
"40-49 years","Oconee","326","0","10"
"50-59 years","Oconee","273","3","7"
"60-69 years","Oconee","182","9","21"
"70-79 years","Oconee","118","11","21"
"80 & Older years","Oconee","80","17","29"
"<1 years","Oconee","6","0","0"
"Unknown years","Oconee","3","1","0"
"01-04 years","Oglethorpe","13","0","0"
"05-09 years","Oglethorpe","21","0","0"
"10-17 years","Oglethorpe","69","0","0"
"18-29 years","Oglethorpe","132","0","1"
"30-39 years","Oglethorpe","93","0","0"
"40-49 years","Oglethorpe","117","0","5"
"50-59 years","Oglethorpe","107","1","13"
"60-69 years","Oglethorpe","96","0","11"
"70-79 years","Oglethorpe","64","3","10"
"80 & Older years","Oglethorpe","48","9","12"
"<1 years","Oglethorpe","5","0","0"
"Unknown years","Oglethorpe","6","0","0"
"01-04 years","Paulding","77","0","1"
"05-09 years","Paulding","152","0","0"
"10-17 years","Paulding","575","0","6"
"18-29 years","Paulding","1207","0","13"
"30-39 years","Paulding","962","1","19"
"40-49 years","Paulding","1097","3","20"
"50-59 years","Paulding","1029","11","38"
"60-69 years","Paulding","541","18","40"
"70-79 years","Paulding","318","27","46"
"80 & Older years","Paulding","204","44","31"
"<1 years","Paulding","19","0","0"
"Unknown years","Paulding","29","0","0"
"01-04 years","Peach","10","0","1"
"05-09 years","Peach","15","0","0"
"10-17 years","Peach","42","0","1"
"18-29 years","Peach","277","1","7"
"30-39 years","Peach","212","0","13"
"40-49 years","Peach","174","2","13"
"50-59 years","Peach","208","4","31"
"60-69 years","Peach","174","7","34"
"70-79 years","Peach","76","7","22"
"80 & Older years","Peach","40","11","17"
"<1 years","Peach","4","0","0"
"Unknown years","Peach","2","0","0"
"01-04 years","Pickens","16","0","1"
"05-09 years","Pickens","23","0","0"
"10-17 years","Pickens","97","0","0"
"18-29 years","Pickens","245","0","5"
"30-39 years","Pickens","208","0","8"
"40-49 years","Pickens","264","0","10"
"50-59 years","Pickens","279","0","17"
"60-69 years","Pickens","219","0","22"
"70-79 years","Pickens","156","7","29"
"80 & Older years","Pickens","61","9","17"
"<1 years","Pickens","2","0","0"
"Unknown years","Pickens","5","0","0"
"01-04 years","Pierce","8","0","0"
"05-09 years","Pierce","18","0","0"
"10-17 years","Pierce","62","1","1"
"18-29 years","Pierce","172","0","4"
"30-39 years","Pierce","114","0","3"
"40-49 years","Pierce","149","0","12"
"50-59 years","Pierce","135","3","17"
"60-69 years","Pierce","114","8","29"
"70-79 years","Pierce","82","7","24"
"80 & Older years","Pierce","44","8","12"
"<1 years","Pierce","5","0","1"
"Unknown years","Pierce","1","0","0"
"01-04 years","Pike","17","0","0"
"05-09 years","Pike","14","0","0"
"10-17 years","Pike","66","0","0"
"18-29 years","Pike","97","0","4"
"30-39 years","Pike","90","0","2"
"40-49 years","Pike","122","1","6"
"50-59 years","Pike","96","2","6"
"60-69 years","Pike","74","1","14"
"70-79 years","Pike","59","6","13"
"80 & Older years","Pike","18","4","5"
"<1 years","Pike","1","0","0"
"Unknown years","Pike","11","0","0"
"01-04 years","Polk","33","0","1"
"05-09 years","Polk","48","0","0"
"10-17 years","Polk","215","0","1"
"18-29 years","Polk","559","0","7"
"30-39 years","Polk","390","0","7"
"40-49 years","Polk","410","1","26"
"50-59 years","Polk","397","6","46"
"60-69 years","Polk","236","9","47"
"70-79 years","Polk","203","16","55"
"80 & Older years","Polk","97","12","32"
"<1 years","Polk","10","0","0"
"Unknown years","Polk","25","0","0"
"05-09 years","Pulaski","6","0","0"
"10-17 years","Pulaski","28","0","1"
"18-29 years","Pulaski","53","0","1"
"30-39 years","Pulaski","63","0","2"
"40-49 years","Pulaski","68","0","6"
"50-59 years","Pulaski","76","0","6"
"60-69 years","Pulaski","70","5","8"
"70-79 years","Pulaski","42","11","14"
"80 & Older years","Pulaski","34","9","4"
"<1 years","Pulaski","1","0","0"
"Unknown years","Pulaski","3","0","0"
"01-04 years","Putnam","14","0","0"
"05-09 years","Putnam","35","0","0"
"10-17 years","Putnam","72","0","1"
"18-29 years","Putnam","201","0","2"
"30-39 years","Putnam","146","0","5"
"40-49 years","Putnam","161","1","5"
"50-59 years","Putnam","190","2","11"
"60-69 years","Putnam","175","8","21"
"70-79 years","Putnam","132","10","28"
"80 & Older years","Putnam","61","10","20"
"<1 years","Putnam","6","0","1"
"01-04 years","Quitman","1","0","0"
"05-09 years","Quitman","1","0","0"
"10-17 years","Quitman","2","0","0"
"18-29 years","Quitman","9","0","0"
"30-39 years","Quitman","4","0","1"
"40-49 years","Quitman","3","0","1"
"50-59 years","Quitman","9","0","0"
"60-69 years","Quitman","18","1","3"
"70-79 years","Quitman","2","0","1"
"80 & Older years","Quitman","2","0","1"
"01-04 years","Rabun","9","0","0"
"05-09 years","Rabun","12","0","0"
"10-17 years","Rabun","66","0","0"
"18-29 years","Rabun","155","0","5"
"30-39 years","Rabun","142","1","7"
"40-49 years","Rabun","132","0","6"
"50-59 years","Rabun","163","0","19"
"60-69 years","Rabun","158","3","26"
"70-79 years","Rabun","117","7","25"
"80 & Older years","Rabun","54","6","22"
"<1 years","Rabun","5","0","1"
"Unknown years","Rabun","46","0","1"
"05-09 years","Randolph","2","0","0"
"10-17 years","Randolph","4","0","0"
"18-29 years","Randolph","45","0","0"
"30-39 years","Randolph","54","2","3"
"40-49 years","Randolph","40","0","4"
"50-59 years","Randolph","77","3","16"
"60-69 years","Randolph","55","7","14"
"70-79 years","Randolph","33","3","10"
"80 & Older years","Randolph","47","15","16"
"<1 years","Randolph","1","0","0"
"Unknown years","Randolph","2","0","0"
"01-04 years","Richmond","165","0","0"
"05-09 years","Richmond","320","0","3"
"10-17 years","Richmond","883","0","7"
"18-29 years","Richmond","3028","4","44"
"30-39 years","Richmond","2275","3","55"
"40-49 years","Richmond","1851","16","84"
"50-59 years","Richmond","1858","19","141"
"60-69 years","Richmond","1307","36","163"
"70-79 years","Richmond","722","49","191"
"80 & Older years","Richmond","474","92","204"
"<1 years","Richmond","60","0","2"
"Unknown years","Richmond","52","0","0"
"01-04 years","Rockdale","37","0","0"
"05-09 years","Rockdale","74","0","0"
"10-17 years","Rockdale","217","0","8"
"18-29 years","Rockdale","737","2","43"
"30-39 years","Rockdale","606","3","61"
"40-49 years","Rockdale","677","5","77"
"50-59 years","Rockdale","653","5","97"
"60-69 years","Rockdale","397","15","91"
"70-79 years","Rockdale","219","20","84"
"80 & Older years","Rockdale","111","20","42"
"<1 years","Rockdale","4","0","0"
"Unknown years","Rockdale","3","0","0"
"01-04 years","Schley","4","0","0"
"05-09 years","Schley","3","0","0"
"10-17 years","Schley","12","0","0"
"18-29 years","Schley","38","0","2"
"30-39 years","Schley","14","0","0"
"40-49 years","Schley","25","0","2"
"50-59 years","Schley","26","0","3"
"60-69 years","Schley","24","1","8"
"70-79 years","Schley","8","0","2"
"80 & Older years","Schley","3","1","1"
"<1 years","Schley","1","0","0"
"Unknown years","Schley","1","0","0"
"01-04 years","Screven","4","0","0"
"05-09 years","Screven","9","0","0"
"10-17 years","Screven","41","0","0"
"18-29 years","Screven","95","0","3"
"30-39 years","Screven","74","0","2"
"40-49 years","Screven","71","1","4"
"50-59 years","Screven","71","0","10"
"60-69 years","Screven","89","1","13"
"70-79 years","Screven","48","3","11"
"80 & Older years","Screven","31","6","8"
"<1 years","Screven","2","0","0"
"Unknown years","Screven","2","0","0"
"01-04 years","Seminole","12","0","0"
"05-09 years","Seminole","11","0","0"
"10-17 years","Seminole","53","0","0"
"18-29 years","Seminole","80","0","0"
"30-39 years","Seminole","68","0","0"
"40-49 years","Seminole","79","0","5"
"50-59 years","Seminole","95","1","6"
"60-69 years","Seminole","96","1","15"
"70-79 years","Seminole","55","5","11"
"80 & Older years","Seminole","23","5","10"
"<1 years","Seminole","2","0","0"
"01-04 years","Spalding","36","0","0"
"05-09 years","Spalding","37","0","1"
"10-17 years","Spalding","128","0","2"
"18-29 years","Spalding","440","1","20"
"30-39 years","Spalding","389","2","27"
"40-49 years","Spalding","402","2","30"
"50-59 years","Spalding","430","7","55"
"60-69 years","Spalding","339","17","60"
"70-79 years","Spalding","236","24","50"
"80 & Older years","Spalding","172","33","50"
"<1 years","Spalding","4","0","0"
"Unknown years","Spalding","9","0","0"
"01-04 years","Stephens","12","0","0"
"05-09 years","Stephens","36","0","0"
"10-17 years","Stephens","126","0","1"
"18-29 years","Stephens","400","0","10"
"30-39 years","Stephens","250","0","7"
"40-49 years","Stephens","318","1","20"
"50-59 years","Stephens","343","3","28"
"60-69 years","Stephens","342","13","50"
"70-79 years","Stephens","233","14","43"
"80 & Older years","Stephens","135","17","28"
"<1 years","Stephens","4","0","0"
"Unknown years","Stephens","33","0","0"
"01-04 years","Stewart","2","0","0"
"05-09 years","Stewart","2","0","0"
"10-17 years","Stewart","9","0","0"
"18-29 years","Stewart","127","0","20"
"30-39 years","Stewart","171","1","25"
"40-49 years","Stewart","121","1","22"
"50-59 years","Stewart","67","1","11"
"60-69 years","Stewart","59","8","23"
"70-79 years","Stewart","21","2","3"
"80 & Older years","Stewart","18","4","6"
"<1 years","Stewart","1","0","0"
"Unknown years","Stewart","14","0","4"
"01-04 years","Sumter","13","0","0"
"05-09 years","Sumter","20","0","0"
"10-17 years","Sumter","46","0","2"
"18-29 years","Sumter","234","1","8"
"30-39 years","Sumter","204","1","20"
"40-49 years","Sumter","180","3","18"
"50-59 years","Sumter","215","2","37"
"60-69 years","Sumter","198","20","59"
"70-79 years","Sumter","136","21","42"
"80 & Older years","Sumter","85","23","41"
"<1 years","Sumter","5","0","0"
"Unknown years","Sumter","3","0","0"
"01-04 years","Talbot","5","0","0"
"05-09 years","Talbot","1","0","0"
"10-17 years","Talbot","22","0","0"
"18-29 years","Talbot","32","0","1"
"30-39 years","Talbot","23","0","1"
"40-49 years","Talbot","47","1","4"
"50-59 years","Talbot","42","2","5"
"60-69 years","Talbot","40","2","9"
"70-79 years","Talbot","21","2","3"
"80 & Older years","Talbot","15","2","8"
"Unknown years","Talbot","2","0","0"
"01-04 years","Taliaferro","1","0","0"
"05-09 years","Taliaferro","1","0","0"
"10-17 years","Taliaferro","5","0","0"
"18-29 years","Taliaferro","5","0","0"
"30-39 years","Taliaferro","6","0","0"
"40-49 years","Taliaferro","13","0","1"
"50-59 years","Taliaferro","7","0","0"
"60-69 years","Taliaferro","6","0","0"
"70-79 years","Taliaferro","5","0","0"
"80 & Older years","Taliaferro","1","0","1"
"Unknown years","Taliaferro","2","0","0"
"01-04 years","Tattnall","22","0","0"
"05-09 years","Tattnall","29","0","0"
"10-17 years","Tattnall","110","0","0"
"18-29 years","Tattnall","250","0","1"
"30-39 years","Tattnall","199","0","3"
"40-49 years","Tattnall","197","0","6"
"50-59 years","Tattnall","210","3","18"
"60-69 years","Tattnall","172","6","24"
"70-79 years","Tattnall","77","9","30"
"80 & Older years","Tattnall","29","4","8"
"<1 years","Tattnall","4","0","0"
"Unknown years","Tattnall","16","0","1"
"01-04 years","Taylor","10","0","0"
"05-09 years","Taylor","9","0","0"
"10-17 years","Taylor","40","0","1"
"18-29 years","Taylor","62","0","1"
"30-39 years","Taylor","29","0","3"
"40-49 years","Taylor","63","1","6"
"50-59 years","Taylor","49","0","10"
"60-69 years","Taylor","42","5","12"
"70-79 years","Taylor","29","2","8"
"80 & Older years","Taylor","21","5","7"
"<1 years","Taylor","4","0","0"
"Unknown years","Taylor","1","0","0"
"01-04 years","Telfair","7","0","0"
"05-09 years","Telfair","8","0","0"
"10-17 years","Telfair","14","0","0"
"18-29 years","Telfair","119","0","3"
"30-39 years","Telfair","80","1","1"
"40-49 years","Telfair","83","0","5"
"50-59 years","Telfair","81","4","9"
"60-69 years","Telfair","89","6","15"
"70-79 years","Telfair","63","9","16"
"80 & Older years","Telfair","36","13","8"
"<1 years","Telfair","4","0","0"
"Unknown years","Telfair","1","0","0"
"01-04 years","Terrell","4","0","0"
"05-09 years","Terrell","4","0","0"
"10-17 years","Terrell","32","0","0"
"18-29 years","Terrell","54","0","1"
"30-39 years","Terrell","66","0","8"
"40-49 years","Terrell","50","0","7"
"50-59 years","Terrell","76","3","11"
"60-69 years","Terrell","80","10","28"
"70-79 years","Terrell","51","12","22"
"80 & Older years","Terrell","34","9","11"
"01-04 years","Thomas","34","0","0"
"05-09 years","Thomas","56","0","0"
"10-17 years","Thomas","174","0","1"
"18-29 years","Thomas","417","1","13"
"30-39 years","Thomas","350","0","13"
"40-49 years","Thomas","362","4","23"
"50-59 years","Thomas","372","4","28"
"60-69 years","Thomas","306","10","64"
"70-79 years","Thomas","198","26","47"
"80 & Older years","Thomas","113","35","36"
"<1 years","Thomas","10","0","1"
"Unknown years","Thomas","3","0","0"
"01-04 years","Tift","26","0","1"
"05-09 years","Tift","53","0","3"
"10-17 years","Tift","203","0","5"
"18-29 years","Tift","690","0","15"
"30-39 years","Tift","471","1","24"
"40-49 years","Tift","466","6","47"
"50-59 years","Tift","399","9","58"
"60-69 years","Tift","287","13","59"
"70-79 years","Tift","205","22","69"
"80 & Older years","Tift","108","20","47"
"<1 years","Tift","10","0","0"
"Unknown years","Tift","9","0","0"
"01-04 years","Toombs","22","0","0"
"05-09 years","Toombs","43","0","0"
"10-17 years","Toombs","158","0","1"
"18-29 years","Toombs","407","0","5"
"30-39 years","Toombs","329","0","3"
"40-49 years","Toombs","322","1","19"
"50-59 years","Toombs","303","6","18"
"60-69 years","Toombs","267","4","36"
"70-79 years","Toombs","188","23","34"
"80 & Older years","Toombs","115","27","24"
"<1 years","Toombs","3","0","0"
"Unknown years","Toombs","14","0","0"
"01-04 years","Towns","2","0","0"
"05-09 years","Towns","6","0","0"
"10-17 years","Towns","31","0","0"
"18-29 years","Towns","98","0","4"
"30-39 years","Towns","65","0","2"
"40-49 years","Towns","78","1","5"
"50-59 years","Towns","110","2","10"
"60-69 years","Towns","148","1","14"
"70-79 years","Towns","119","6","25"
"80 & Older years","Towns","76","16","31"
"Unknown years","Towns","12","0","0"
"01-04 years","Treutlen","3","0","0"
"05-09 years","Treutlen","9","0","0"
"10-17 years","Treutlen","34","0","0"
"18-29 years","Treutlen","64","0","2"
"30-39 years","Treutlen","63","0","4"
"40-49 years","Treutlen","73","0","5"
"50-59 years","Treutlen","64","1","5"
"60-69 years","Treutlen","44","3","9"
"70-79 years","Treutlen","35","7","6"
"80 & Older years","Treutlen","21","3","6"
"01-04 years","Troup","99","0","0"
"05-09 years","Troup","120","0","0"
"10-17 years","Troup","338","0","2"
"18-29 years","Troup","864","1","26"
"30-39 years","Troup","647","5","37"
"40-49 years","Troup","567","2","44"
"50-59 years","Troup","580","12","87"
"60-69 years","Troup","429","17","78"
"70-79 years","Troup","217","31","71"
"80 & Older years","Troup","193","54","53"
"<1 years","Troup","29","0","1"
"Unknown years","Troup","7","0","0"
"01-04 years","Turner","1","0","0"
"05-09 years","Turner","5","0","0"
"10-17 years","Turner","18","0","0"
"18-29 years","Turner","63","0","1"
"30-39 years","Turner","88","0","9"
"40-49 years","Turner","84","0","4"
"50-59 years","Turner","81","2","9"
"60-69 years","Turner","64","6","19"
"70-79 years","Turner","40","5","10"
"80 & Older years","Turner","28","11","9"
"<1 years","Turner","1","0","1"
"01-04 years","Twiggs","6","0","0"
"05-09 years","Twiggs","4","0","1"
"10-17 years","Twiggs","19","0","0"
"18-29 years","Twiggs","50","0","1"
"30-39 years","Twiggs","49","1","4"
"40-49 years","Twiggs","49","1","6"
"50-59 years","Twiggs","72","2","10"
"60-69 years","Twiggs","76","3","22"
"70-79 years","Twiggs","37","4","17"
"80 & Older years","Twiggs","17","4","9"
"01-04 years","Union","5","0","0"
"05-09 years","Union","13","0","0"
"10-17 years","Union","47","0","1"
"18-29 years","Union","173","1","1"
"30-39 years","Union","142","0","2"
"40-49 years","Union","166","0","11"
"50-59 years","Union","213","4","11"
"60-69 years","Union","258","4","33"
"70-79 years","Union","230","13","41"
"80 & Older years","Union","160","19","43"
"<1 years","Union","1","0","0"
"Unknown years","Union","19","0","0"
"01-04 years","Unknown","36","0","0"
"05-09 years","Unknown","67","0","0"
"10-17 years","Unknown","218","0","0"
"18-29 years","Unknown","855","1","5"
"30-39 years","Unknown","449","1","3"
"40-49 years","Unknown","429","1","2"
"50-59 years","Unknown","368","2","10"
"60-69 years","Unknown","221","0","6"
"70-79 years","Unknown","145","1","15"
"80 & Older years","Unknown","67","0","7"
"<1 years","Unknown","24","0","0"
"Unknown years","Unknown","256","0","3"
"01-04 years","Upson","23","0","0"
"05-09 years","Upson","35","0","0"
"10-17 years","Upson","79","0","1"
"18-29 years","Upson","209","0","5"
"30-39 years","Upson","129","1","5"
"40-49 years","Upson","165","1","9"
"50-59 years","Upson","199","4","16"
"60-69 years","Upson","173","15","25"
"70-79 years","Upson","118","25","31"
"80 & Older years","Upson","85","26","26"
"<1 years","Upson","8","0","0"
"Unknown years","Upson","28","0","0"
"01-04 years","Walker","44","0","0"
"05-09 years","Walker","69","0","0"
"10-17 years","Walker","323","0","3"
"18-29 years","Walker","691","0","7"
"30-39 years","Walker","520","0","9"
"40-49 years","Walker","612","3","22"
"50-59 years","Walker","550","2","26"
"60-69 years","Walker","481","10","46"
"70-79 years","Walker","320","21","34"
"80 & Older years","Walker","158","19","20"
"<1 years","Walker","23","0","0"
"Unknown years","Walker","91","0","6"
"01-04 years","Walton","40","0","1"
"05-09 years","Walton","88","0","1"
"10-17 years","Walton","369","0","3"
"18-29 years","Walton","856","0","22"
"30-39 years","Walton","709","0","17"
"40-49 years","Walton","783","2","41"
"50-59 years","Walton","797","5","52"
"60-69 years","Walton","525","13","56"
"70-79 years","Walton","378","24","72"
"80 & Older years","Walton","263","44","60"
"<1 years","Walton","9","0","1"
"Unknown years","Walton","6","0","0"
"01-04 years","Ware","46","0","1"
"05-09 years","Ware","47","0","0"
"10-17 years","Ware","184","0","3"
"18-29 years","Ware","424","1","5"
"30-39 years","Ware","366","1","16"
"40-49 years","Ware","280","2","22"
"50-59 years","Ware","309","7","44"
"60-69 years","Ware","222","8","44"
"70-79 years","Ware","193","27","69"
"80 & Older years","Ware","135","29","41"
"<1 years","Ware","13","0","1"
"Unknown years","Ware","10","0","1"
"01-04 years","Warren","4","0","0"
"05-09 years","Warren","2","0","0"
"10-17 years","Warren","10","0","0"
"18-29 years","Warren","36","0","2"
"30-39 years","Warren","33","0","2"
"40-49 years","Warren","33","1","4"
"50-59 years","Warren","45","1","6"
"60-69 years","Warren","27","2","7"
"70-79 years","Warren","20","2","8"
"80 & Older years","Warren","10","1","2"
"<1 years","Warren","2","0","1"
"Unknown years","Warren","2","0","0"
"01-04 years","Washington","14","0","0"
"05-09 years","Washington","13","0","0"
"10-17 years","Washington","83","0","1"
"18-29 years","Washington","200","0","6"
"30-39 years","Washington","177","0","8"
"40-49 years","Washington","204","2","11"
"50-59 years","Washington","173","1","12"
"60-69 years","Washington","165","8","20"
"70-79 years","Washington","101","5","16"
"80 & Older years","Washington","60","11","9"
"<1 years","Washington","7","0","0"
"Unknown years","Washington","4","0","0"
"01-04 years","Wayne","24","0","0"
"05-09 years","Wayne","13","0","0"
"10-17 years","Wayne","90","0","0"
"18-29 years","Wayne","296","1","7"
"30-39 years","Wayne","300","0","5"
"40-49 years","Wayne","343","1","25"
"50-59 years","Wayne","288","4","25"
"60-69 years","Wayne","220","10","42"
"70-79 years","Wayne","185","16","49"
"80 & Older years","Wayne","81","13","16"
"<1 years","Wayne","2","0","0"
"Unknown years","Wayne","7","0","0"
"10-17 years","Webster","2","0","0"
"18-29 years","Webster","11","0","1"
"30-39 years","Webster","4","0","0"
"40-49 years","Webster","10","0","2"
"50-59 years","Webster","15","2","4"
"60-69 years","Webster","16","0","3"
"70-79 years","Webster","5","0","0"
"80 & Older years","Webster","1","0","0"
"Unknown years","Webster","2","0","0"
"01-04 years","Wheeler","1","0","0"
"05-09 years","Wheeler","4","0","0"
"10-17 years","Wheeler","19","0","0"
"18-29 years","Wheeler","39","0","0"
"30-39 years","Wheeler","67","2","2"
"40-49 years","Wheeler","70","1","3"
"50-59 years","Wheeler","81","5","7"
"60-69 years","Wheeler","51","3","5"
"70-79 years","Wheeler","36","4","10"
"80 & Older years","Wheeler","8","3","1"
"<1 years","Wheeler","1","0","0"
"Unknown years","Wheeler","25","0","1"
"01-04 years","White","10","0","0"
"05-09 years","White","35","0","0"
"10-17 years","White","154","0","2"
"18-29 years","White","327","1","6"
"30-39 years","White","235","1","6"
"40-49 years","White","292","1","13"
"50-59 years","White","334","2","32"
"60-69 years","White","290","4","42"
"70-79 years","White","228","8","47"
"80 & Older years","White","134","17","49"
"<1 years","White","5","0","0"
"Unknown years","White","39","0","1"
"01-04 years","Whitfield","150","0","2"
"05-09 years","Whitfield","271","0","3"
"10-17 years","Whitfield","975","0","4"
"18-29 years","Whitfield","2663","0","35"
"30-39 years","Whitfield","1751","3","48"
"40-49 years","Whitfield","1820","3","64"
"50-59 years","Whitfield","1563","14","85"
"60-69 years","Whitfield","945","22","108"
"70-79 years","Whitfield","519","30","88"
"80 & Older years","Whitfield","302","49","86"
"<1 years","Whitfield","55","0","5"
"Unknown years","Whitfield","24","0","2"
"01-04 years","Wilcox","10","0","0"
"05-09 years","Wilcox","9","0","0"
"10-17 years","Wilcox","19","0","0"
"18-29 years","Wilcox","34","0","0"
"30-39 years","Wilcox","35","0","1"
"40-49 years","Wilcox","62","0","12"
"50-59 years","Wilcox","65","1","12"
"60-69 years","Wilcox","74","8","23"
"70-79 years","Wilcox","44","9","9"
"80 & Older years","Wilcox","22","7","6"
"<1 years","Wilcox","5","0","0"
"01-04 years","Wilkes","7","0","0"
"05-09 years","Wilkes","12","0","0"
"10-17 years","Wilkes","43","0","0"
"18-29 years","Wilkes","82","0","0"
"30-39 years","Wilkes","56","0","4"
"40-49 years","Wilkes","79","0","10"
"50-59 years","Wilkes","73","1","3"
"60-69 years","Wilkes","45","0","10"
"70-79 years","Wilkes","44","3","15"
"80 & Older years","Wilkes","19","4","10"
"<1 years","Wilkes","1","0","0"
"Unknown years","Wilkes","1","0","0"
"01-04 years","Wilkinson","5","0","0"
"05-09 years","Wilkinson","11","0","0"
"10-17 years","Wilkinson","18","0","0"
"18-29 years","Wilkinson","83","0","3"
"30-39 years","Wilkinson","61","0","5"
"40-49 years","Wilkinson","67","0","5"
"50-59 years","Wilkinson","119","3","21"
"60-69 years","Wilkinson","108","5","30"
"70-79 years","Wilkinson","44","6","18"
"80 & Older years","Wilkinson","31","4","13"
"01-04 years","Worth","9","0","0"
"05-09 years","Worth","10","0","0"
"10-17 years","Worth","56","0","3"
"18-29 years","Worth","134","0","7"
"30-39 years","Worth","113","0","8"
"40-49 years","Worth","123","1","12"
"50-59 years","Worth","146","4","22"
"60-69 years","Worth","151","14","41"
"70-79 years","Worth","93","9","21"
"80 & Older years","Worth","56","9","14"
"<1 years","Worth","4","0","0"
"Unknown years","Worth","1","0","0"
