"sex","county name","cases","deaths","hospitalization"
"Female","Georgia","413608","6295","26492"
"Male","Georgia","353110","7158","25553"
"Unknown","Georgia","11331","28","217"
"Female","Appling","942","21","71"
"Male","Appling","784","30","73"
"Unknown","Appling","11","0","0"
"Female","Atkinson","402","6","58"
"Male","Atkinson","346","9","53"
"Unknown","Atkinson","1","0","0"
"Female","Bacon","519","12","31"
"Male","Bacon","465","14","42"
"Unknown","Bacon","27","0","1"
"Female","Baker","80","2","13"
"Male","Baker","73","4","18"
"Female","Baldwin","1978","24","125"
"Male","Baldwin","1583","69","155"
"Unknown","Baldwin","24","0","1"
"Female","Banks","814","17","98"
"Male","Banks","661","11","73"
"Unknown","Banks","16","0","0"
"Female","Barrow","4073","55","268"
"Male","Barrow","3466","48","243"
"Unknown","Barrow","39","0","1"
"Female","Bartow","4950","75","301"
"Male","Bartow","4371","90","326"
"Unknown","Bartow","107","0","1"
"Female","Ben Hill","833","23","80"
"Male","Ben Hill","604","27","63"
"Unknown","Ben Hill","4","0","0"
"Female","Berrien","535","13","35"
"Male","Berrien","434","13","30"
"Unknown","Berrien","7","0","0"
"Female","Bibb","6887","166","817"
"Male","Bibb","5109","151","704"
"Unknown","Bibb","167","0","3"
"Female","Bleckley","442","18","23"
"Male","Bleckley","314","14","22"
"Unknown","Bleckley","7","0","0"
"Female","Brantley","454","10","35"
"Male","Brantley","370","13","27"
"Unknown","Brantley","5","0","0"
"Female","Brooks","495","10","43"
"Male","Brooks","363","25","39"
"Unknown","Brooks","18","0","0"
"Female","Bryan","1211","12","68"
"Male","Bryan","1050","12","83"
"Unknown","Bryan","21","0","0"
"Female","Bulloch","2664","29","107"
"Male","Bulloch","2054","18","81"
"Unknown","Bulloch","57","0","0"
"Female","Burke","879","14","67"
"Male","Burke","702","13","63"
"Unknown","Burke","8","0","1"
"Female","Butts","894","28","39"
"Male","Butts","860","33","64"
"Unknown","Butts","120","1","3"
"Female","Calhoun","216","8","34"
"Male","Calhoun","206","5","35"
"Unknown","Calhoun","2","0","0"
"Female","Camden","1517","12","64"
"Male","Camden","1362","12","48"
"Unknown","Camden","21","0","0"
"Female","Candler","382","13","28"
"Male","Candler","322","19","27"
"Unknown","Candler","2","0","0"
"Female","Carroll","3548","56","134"
"Male","Carroll","3116","60","142"
"Unknown","Carroll","37","0","1"
"Female","Catoosa","2586","28","108"
"Male","Catoosa","2099","23","86"
"Unknown","Catoosa","81","0","0"
"Female","Charlton","416","7","27"
"Male","Charlton","571","8","26"
"Unknown","Charlton","6","0","0"
"Female","Chatham","9457","150","702"
"Male","Chatham","7667","167","659"
"Unknown","Chatham","180","0","3"
"Female","Chattahoochee","212","1","8"
"Male","Chattahoochee","2267","2","13"
"Unknown","Chattahoochee","9","0","0"
"Female","Chattooga","1078","24","63"
"Male","Chattooga","920","31","81"
"Unknown","Chattooga","11","0","0"
"Female","Cherokee","9915","100","493"
"Male","Cherokee","8662","121","567"
"Unknown","Cherokee","186","0","3"
"Female","Clarke","6425","42","207"
"Male","Clarke","5024","58","200"
"Unknown","Clarke","54","0","2"
"Female","Clay","101","1","3"
"Male","Clay","71","2","6"
"Unknown","Clay","4","0","0"
"Female","Clayton","11082","169","620"
"Male","Clayton","8465","158","519"
"Unknown","Clayton","142","0","1"
"Female","Clinch","352","6","31"
"Male","Clinch","326","15","31"
"Unknown","Clinch","6","0","0"
"Female","Cobb","27923","340","1310"
"Male","Cobb","24383","409","1320"
"Unknown","Cobb","374","0","6"
"Female","Coffee","2191","57","332"
"Male","Coffee","1836","52","261"
"Unknown","Coffee","24","0","0"
"Female","Colquitt","1600","21","107"
"Male","Colquitt","1494","35","102"
"Unknown","Colquitt","26","1","0"
"Female","Columbia","5343","56","189"
"Male","Columbia","4648","73","206"
"Unknown","Columbia","43","1","3"
"Female","Cook","628","10","55"
"Male","Cook","455","17","46"
"Unknown","Cook","30","6","2"
"Female","Coweta","3911","51","120"
"Male","Coweta","3513","70","134"
"Unknown","Coweta","28","1","0"
"Female","Crawford","265","8","39"
"Male","Crawford","214","3","19"
"Unknown","Crawford","6","0","1"
"Female","Crisp","726","14","81"
"Male","Crisp","536","22","60"
"Unknown","Crisp","19","0","0"
"Female","Dade","518","6","25"
"Male","Dade","478","2","23"
"Unknown","Dade","20","0","0"
"Female","Dawson","1293","11","99"
"Male","Dawson","1112","18","113"
"Unknown","Dawson","37","0","0"
"Female","DeKalb","26311","311","2046"
"Male","DeKalb","21867","354","1823"
"Unknown","DeKalb","601","0","13"
"Female","Decatur","1120","25","73"
"Male","Decatur","843","23","60"
"Unknown","Decatur","41","0","0"
"Female","Dodge","559","25","50"
"Male","Dodge","461","26","51"
"Unknown","Dodge","27","1","0"
"Female","Dooly","390","12","39"
"Male","Dooly","308","14","38"
"Unknown","Dooly","7","0","0"
"Female","Dougherty","3051","134","518"
"Male","Dougherty","2021","115","390"
"Unknown","Dougherty","28","0","0"
"Female","Douglas","5573","63","382"
"Male","Douglas","4570","72","307"
"Unknown","Douglas","46","0","1"
"Female","Early","572","23","41"
"Male","Early","358","17","24"
"Unknown","Early","9","0","0"
"Female","Echols","131","0","3"
"Male","Echols","212","2","8"
"Unknown","Echols","5","0","0"
"Female","Effingham","1730","21","100"
"Male","Effingham","1539","29","110"
"Unknown","Effingham","29","0","0"
"Female","Elbert","843","18","68"
"Male","Elbert","584","20","40"
"Unknown","Elbert","9","0","2"
"Female","Emanuel","954","30","68"
"Male","Emanuel","689","21","46"
"Unknown","Emanuel","13","0","0"
"Female","Evans","385","5","47"
"Male","Evans","287","6","18"
"Unknown","Evans","30","0","0"
"Female","Fannin","989","23","76"
"Male","Fannin","836","25","77"
"Unknown","Fannin","37","0","0"
"Female","Fayette","2883","45","95"
"Male","Fayette","2587","62","110"
"Unknown","Fayette","35","1","0"
"Female","Floyd","4771","58","347"
"Male","Floyd","4030","88","369"
"Unknown","Floyd","79","0","5"
"Female","Forsyth","7430","47","357"
"Male","Forsyth","7049","77","480"
"Unknown","Forsyth","576","0","5"
"Female","Franklin","1211","11","76"
"Male","Franklin","958","22","62"
"Unknown","Franklin","18","0","0"
"Female","Fulton","37134","440","1963"
"Male","Fulton","32999","511","1926"
"Unknown","Fulton","571","2","7"
"Female","Gilmer","1219","24","96"
"Male","Gilmer","973","30","86"
"Unknown","Gilmer","84","0","2"
"Female","Glascock","61","2","8"
"Male","Glascock","66","3","11"
"Unknown","Glascock","10","0","0"
"Female","Glynn","3133","64","211"
"Male","Glynn","2851","74","193"
"Unknown","Glynn","46","0","2"
"Female","Gordon","2896","37","128"
"Male","Gordon","2476","46","134"
"Unknown","Gordon","92","0","1"
"Female","Grady","807","16","78"
"Male","Grady","609","25","75"
"Unknown","Grady","22","0","1"
"Female","Greene","741","19","54"
"Male","Greene","607","19","53"
"Unknown","Greene","3","0","0"
"Female","Gwinnett","40187","356","2419"
"Male","Gwinnett","35330","421","2267"
"Unknown","Gwinnett","1082","3","15"
"Female","Habersham","2401","72","212"
"Male","Habersham","1996","52","227"
"Unknown","Habersham","46","0","2"
"Female","Hall","12119","155","1023"
"Male","Hall","10658","180","1107"
"Unknown","Hall","358","0","2"
"Female","Hancock","373","22","46"
"Male","Hancock","391","32","46"
"Unknown","Hancock","7","0","0"
"Female","Haralson","802","12","33"
"Male","Haralson","716","17","23"
"Unknown","Haralson","23","0","0"
"Female","Harris","976","20","65"
"Male","Harris","842","22","69"
"Unknown","Harris","57","0","0"
"Female","Hart","908","16","54"
"Male","Hart","673","16","53"
"Unknown","Hart","10","0","0"
"Female","Heard","302","9","15"
"Male","Heard","260","3","21"
"Female","Henry","9011","91","250"
"Male","Henry","7057","118","204"
"Unknown","Henry","79","0","0"
"Female","Houston","4812","64","310"
"Male","Houston","3997","83","294"
"Unknown","Houston","84","0","2"
"Female","Irwin","343","9","38"
"Male","Irwin","303","6","36"
"Unknown","Irwin","3","0","0"
"Female","Jackson","4142","46","186"
"Male","Jackson","3490","59","228"
"Unknown","Jackson","45","0","2"
"Female","Jasper","315","3","24"
"Male","Jasper","270","10","26"
"Unknown","Jasper","4","0","0"
"Female","Jeff Davis","614","13","38"
"Male","Jeff Davis","557","20","56"
"Unknown","Jeff Davis","7","0","0"
"Female","Jefferson","867","23","74"
"Male","Jefferson","610","26","62"
"Unknown","Jefferson","12","1","2"
"Female","Jenkins","413","16","35"
"Male","Jenkins","278","20","42"
"Female","Johnson","370","15","45"
"Male","Johnson","366","23","47"
"Unknown","Johnson","1","0","0"
"Female","Jones","836","12","69"
"Male","Jones","600","18","61"
"Unknown","Jones","4","0","0"
"Female","Lamar","656","14","41"
"Male","Lamar","523","19","42"
"Unknown","Lamar","7","0","0"
"Female","Lanier","203","2","8"
"Male","Lanier","253","5","17"
"Unknown","Lanier","5","0","0"
"Female","Laurens","2007","51","156"
"Male","Laurens","1465","78","169"
"Unknown","Laurens","31","1","1"
"Female","Lee","816","22","78"
"Male","Lee","677","19","84"
"Unknown","Lee","5","0","0"
"Female","Liberty","1377","16","95"
"Male","Liberty","1131","26","92"
"Unknown","Liberty","36","0","0"
"Female","Lincoln","250","7","24"
"Male","Lincoln","197","9","19"
"Unknown","Lincoln","13","0","0"
"Female","Long","331","2","24"
"Male","Long","274","7","21"
"Unknown","Long","3","0","0"
"Female","Lowndes","3863","67","176"
"Male","Lowndes","3110","55","143"
"Unknown","Lowndes","68","0","2"
"Female","Lumpkin","1405","29","136"
"Male","Lumpkin","1163","21","119"
"Unknown","Lumpkin","17","0","0"
"Female","Macon","289","5","30"
"Male","Macon","262","14","42"
"Unknown","Macon","1","0","1"
"Female","Madison","1331","12","56"
"Male","Madison","1123","17","64"
"Unknown","Madison","9","0","0"
"Female","Marion","213","7","14"
"Male","Marion","136","5","15"
"Unknown","Marion","4","0","0"
"Female","McDuffie","805","20","77"
"Male","McDuffie","603","11","55"
"Unknown","McDuffie","100","0","0"
"Female","McIntosh","302","8","23"
"Male","McIntosh","250","3","25"
"Unknown","McIntosh","8","0","0"
"Female","Meriwether","807","17","66"
"Male","Meriwether","542","20","52"
"Unknown","Meriwether","7","0","0"
"Female","Miller","336","1","16"
"Male","Miller","256","3","14"
"Unknown","Miller","5","0","0"
"Female","Mitchell","770","31","110"
"Male","Mitchell","665","37","103"
"Unknown","Mitchell","3","0","0"
"Female","Monroe","908","38","79"
"Male","Monroe","762","36","82"
"Unknown","Monroe","20","0","0"
"Female","Montgomery","372","10","21"
"Male","Montgomery","304","9","18"
"Unknown","Montgomery","5","0","0"
"Female","Morgan","587","4","26"
"Male","Morgan","475","6","39"
"Unknown","Morgan","9","0","1"
"Female","Murray","1971","21","88"
"Male","Murray","1690","32","109"
"Unknown","Murray","64","2","8"
"Female","Muscogee","6754","145","485"
"Male","Muscogee","5163","132","444"
"Unknown","Muscogee","263","3","1"
"Female","Newton","3663","81","278"
"Male","Newton","2764","85","241"
"Unknown","Newton","92","0","1"
"Female","Non-GA Resident/Unknown State","10032","153","463"
"Male","Non-GA Resident/Unknown State","11725","197","607"
"Unknown","Non-GA Resident/Unknown State","2322","0","40"
"Female","Oconee","1401","22","59"
"Male","Oconee","1195","29","53"
"Unknown","Oconee","8","0","0"
"Female","Oglethorpe","609","5","31"
"Male","Oglethorpe","458","14","34"
"Unknown","Oglethorpe","3","0","0"
"Female","Paulding","4902","67","153"
"Male","Paulding","4044","70","122"
"Unknown","Paulding","124","0","7"
"Female","Peach","927","21","104"
"Male","Peach","699","18","78"
"Unknown","Peach","11","0","1"
"Female","Pickens","1203","20","87"
"Male","Pickens","960","24","82"
"Unknown","Pickens","35","0","0"
"Female","Pierce","644","18","57"
"Male","Pierce","488","17","62"
"Unknown","Pierce","6","0","0"
"Female","Pike","506","8","38"
"Male","Pike","416","11","21"
"Unknown","Pike","10","0","1"
"Female","Polk","1878","35","160"
"Male","Polk","1634","30","158"
"Unknown","Polk","35","0","2"
"Female","Pulaski","358","15","27"
"Male","Pulaski","188","11","22"
"Unknown","Pulaski","2","0","0"
"Female","Putnam","851","15","58"
"Male","Putnam","733","28","67"
"Unknown","Putnam","6","0","0"
"Female","Quitman","43","0","4"
"Male","Quitman","31","1","5"
"Female","Rabun","727","15","77"
"Male","Rabun","649","19","63"
"Unknown","Rabun","11","0","1"
"Female","Randolph","258","20","43"
"Male","Randolph","181","10","30"
"Female","Richmond","9696","121","553"
"Male","Richmond","7820","183","570"
"Unknown","Richmond","137","1","17"
"Female","Rockdale","2874","47","367"
"Male","Rockdale","2209","56","317"
"Unknown","Rockdale","62","0","3"
"Female","Schley","102","0","9"
"Male","Schley","92","2","9"
"Female","Screven","416","12","34"
"Male","Screven","316","4","25"
"Unknown","Screven","6","0","0"
"Female","Seminole","399","7","35"
"Male","Seminole","294","7","22"
"Unknown","Seminole","2","0","0"
"Female","Spalding","1936","63","217"
"Male","Spalding","1478","51","140"
"Unknown","Spalding","24","0","6"
"Female","Stephens","1540","36","121"
"Male","Stephens","1206","31","113"
"Unknown","Stephens","19","0","0"
"Female","Stewart","160","8","22"
"Male","Stewart","514","13","98"
"Unknown","Stewart","2","0","0"
"Female","Sumter","994","35","127"
"Male","Sumter","731","48","120"
"Unknown","Sumter","3","0","1"
"Female","Talbot","202","5","19"
"Male","Talbot","135","8","15"
"Unknown","Talbot","8","0","0"
"Female","Taliaferro","49","0","1"
"Male","Taliaferro","43","0","7"
"Unknown","Taliaferro","1","0","0"
"Female","Tattnall","862","17","50"
"Male","Tattnall","831","17","52"
"Unknown","Tattnall","17","0","0"
"Female","Taylor","252","11","33"
"Male","Taylor","202","9","31"
"Unknown","Taylor","5","0","1"
"Female","Telfair","340","19","28"
"Male","Telfair","323","20","36"
"Unknown","Telfair","20","0","0"
"Female","Terrell","303","17","54"
"Male","Terrell","201","18","46"
"Unknown","Terrell","12","1","1"
"Female","Thomas","1898","51","157"
"Male","Thomas","1408","42","143"
"Unknown","Thomas","13","0","0"
"Female","Tift","1824","40","235"
"Male","Tift","1427","50","157"
"Unknown","Tift","56","0","3"
"Female","Toombs","1510","46","73"
"Male","Toombs","1163","33","83"
"Unknown","Toombs","20","0","0"
"Female","Towns","521","17","61"
"Male","Towns","407","16","53"
"Unknown","Towns","5","0","0"
"Female","Treutlen","321","9","25"
"Male","Treutlen","260","10","23"
"Unknown","Treutlen","6","0","0"
"Female","Troup","2976","87","235"
"Male","Troup","2260","66","198"
"Unknown","Troup","76","0","1"
"Female","Turner","336","10","41"
"Male","Turner","230","17","41"
"Unknown","Turner","4","0","0"
"Female","Twiggs","252","7","38"
"Male","Twiggs","220","17","46"
"Unknown","Twiggs","3","0","0"
"Female","Union","1059","36","79"
"Male","Union","779","25","94"
"Unknown","Union","12","0","1"
"Female","Unknown","1033","2","12"
"Male","Unknown","1269","8","24"
"Unknown","Unknown","777","0","8"
"Female","Upson","925","50","82"
"Male","Upson","699","41","68"
"Unknown","Upson","12","0","0"
"Female","Walker","2889","35","101"
"Male","Walker","2480","32","119"
"Unknown","Walker","70","0","1"
"Female","Walton","3884","82","198"
"Male","Walton","2984","88","200"
"Unknown","Walton","86","1","2"
"Female","Ware","1531","52","150"
"Male","Ware","1219","60","155"
"Unknown","Ware","26","0","1"
"Female","Warren","194","3","26"
"Male","Warren","141","5","17"
"Unknown","Warren","15","0","0"
"Female","Washington","838","19","49"
"Male","Washington","680","24","49"
"Unknown","Washington","7","0","0"
"Female","Wayne","1203","27","111"
"Male","Wayne","1205","35","122"
"Unknown","Wayne","9","0","0"
"Female","Webster","55","1","7"
"Male","Webster","35","2","5"
"Unknown","Webster","2","0","0"
"Female","Wheeler","149","0","3"
"Male","Wheeler","279","20","32"
"Unknown","Wheeler","18","0","0"
"Female","White","1489","25","124"
"Male","White","1253","30","141"
"Unknown","White","16","0","0"
"Female","Whitfield","7251","87","335"
"Male","Whitfield","6328","97","328"
"Unknown","Whitfield","192","1","7"
"Female","Wilcox","195","11","24"
"Male","Wilcox","240","15","43"
"Unknown","Wilcox","4","0","0"
"Female","Wilkes","339","7","27"
"Male","Wilkes","279","9","34"
"Unknown","Wilkes","3","0","0"
"Female","Wilkinson","373","10","53"
"Male","Wilkinson","296","11","56"
"Unknown","Wilkinson","2","0","0"
"Female","Worth","661","26","90"
"Male","Worth","455","27","65"
"Unknown","Worth","4","0","0"
