"age group","county name","cases","deaths","hospitalization"
"01-04 years","Georgia","4360","1","92"
"05-09 years","Georgia","6508","1","68"
"10-17 years","Georgia","23147","5","300"
"18-29 years","Georgia","93917","59","2189"
"30-39 years","Georgia","61729","140","2912"
"40-49 years","Georgia","58670","318","4154"
"50-59 years","Georgia","54450","783","5892"
"60-69 years","Georgia","36834","1664","6686"
"70-79 years","Georgia","21452","2286","5800"
"80 & Older years","Georgia","13658","3073","4579"
"<1 years","Georgia","1338","0","79"
"Unknown years","Georgia","1631","3","55"
"01-04 years","Appling","15","0","0"
"05-09 years","Appling","35","0","0"
"10-17 years","Appling","99","0","1"
"18-29 years","Appling","226","0","4"
"30-39 years","Appling","174","1","5"
"40-49 years","Appling","166","2","12"
"50-59 years","Appling","185","6","17"
"60-69 years","Appling","149","8","30"
"70-79 years","Appling","100","11","22"
"80 & Older years","Appling","42","10","14"
"<1 years","Appling","3","0","0"
"Unknown years","Appling","1","0","0"
"01-04 years","Atkinson","3","0","1"
"05-09 years","Atkinson","11","0","1"
"10-17 years","Atkinson","24","0","0"
"18-29 years","Atkinson","109","0","7"
"30-39 years","Atkinson","87","0","6"
"40-49 years","Atkinson","87","0","11"
"50-59 years","Atkinson","85","1","14"
"60-69 years","Atkinson","51","3","14"
"70-79 years","Atkinson","27","1","7"
"80 & Older years","Atkinson","8","2","5"
"<1 years","Atkinson","2","0","0"
"Unknown years","Atkinson","1","0","0"
"01-04 years","Bacon","11","0","0"
"05-09 years","Bacon","13","0","0"
"10-17 years","Bacon","42","0","0"
"18-29 years","Bacon","164","0","1"
"30-39 years","Bacon","84","0","3"
"40-49 years","Bacon","109","1","7"
"50-59 years","Bacon","96","2","13"
"60-69 years","Bacon","61","6","12"
"70-79 years","Bacon","39","4","8"
"80 & Older years","Bacon","21","5","6"
"<1 years","Bacon","4","0","0"
"Unknown years","Bacon","1","0","0"
"01-04 years","Baker","4","0","0"
"05-09 years","Baker","4","0","0"
"10-17 years","Baker","5","0","0"
"18-29 years","Baker","16","0","0"
"30-39 years","Baker","11","0","2"
"40-49 years","Baker","10","0","1"
"50-59 years","Baker","15","0","1"
"60-69 years","Baker","18","2","6"
"70-79 years","Baker","12","2","8"
"80 & Older years","Baker","5","2","2"
"01-04 years","Baldwin","12","0","0"
"05-09 years","Baldwin","26","0","0"
"10-17 years","Baldwin","85","0","2"
"18-29 years","Baldwin","957","0","10"
"30-39 years","Baldwin","259","1","9"
"40-49 years","Baldwin","286","2","24"
"50-59 years","Baldwin","292","8","35"
"60-69 years","Baldwin","239","14","40"
"70-79 years","Baldwin","145","18","33"
"80 & Older years","Baldwin","96","24","21"
"<1 years","Baldwin","5","0","0"
"01-04 years","Banks","5","0","0"
"05-09 years","Banks","7","0","0"
"10-17 years","Banks","45","0","0"
"18-29 years","Banks","108","0","3"
"30-39 years","Banks","79","0","1"
"40-49 years","Banks","85","0","10"
"50-59 years","Banks","89","0","9"
"60-69 years","Banks","84","1","16"
"70-79 years","Banks","56","4","22"
"80 & Older years","Banks","48","4","17"
"<1 years","Banks","2","0","0"
"Unknown years","Banks","13","0","1"
"01-04 years","Barrow","32","0","0"
"05-09 years","Barrow","49","0","0"
"10-17 years","Barrow","171","0","2"
"18-29 years","Barrow","624","1","23"
"30-39 years","Barrow","476","0","24"
"40-49 years","Barrow","496","3","39"
"50-59 years","Barrow","392","2","47"
"60-69 years","Barrow","268","10","60"
"70-79 years","Barrow","157","14","45"
"80 & Older years","Barrow","100","25","42"
"<1 years","Barrow","12","0","2"
"Unknown years","Barrow","10","0","0"
"01-04 years","Bartow","31","0","1"
"05-09 years","Bartow","64","0","1"
"10-17 years","Bartow","325","0","2"
"18-29 years","Bartow","796","0","9"
"30-39 years","Bartow","619","2","24"
"40-49 years","Bartow","621","0","34"
"50-59 years","Bartow","641","6","69"
"60-69 years","Bartow","372","16","69"
"70-79 years","Bartow","262","29","73"
"80 & Older years","Bartow","170","44","61"
"<1 years","Bartow","15","0","1"
"Unknown years","Bartow","14","0","3"
"01-04 years","Ben Hill","21","0","1"
"05-09 years","Ben Hill","16","0","0"
"10-17 years","Ben Hill","54","0","0"
"18-29 years","Ben Hill","147","0","4"
"30-39 years","Ben Hill","146","2","5"
"40-49 years","Ben Hill","114","0","5"
"50-59 years","Ben Hill","143","2","19"
"60-69 years","Ben Hill","131","9","19"
"70-79 years","Ben Hill","93","13","33"
"80 & Older years","Ben Hill","34","8","8"
"<1 years","Ben Hill","2","0","0"
"Unknown years","Ben Hill","3","0","0"
"01-04 years","Berrien","10","0","0"
"05-09 years","Berrien","10","0","0"
"10-17 years","Berrien","31","0","0"
"18-29 years","Berrien","103","0","0"
"30-39 years","Berrien","81","0","0"
"40-49 years","Berrien","72","0","1"
"50-59 years","Berrien","79","0","11"
"60-69 years","Berrien","55","2","6"
"70-79 years","Berrien","37","5","4"
"80 & Older years","Berrien","30","8","6"
"<1 years","Berrien","1","0","0"
"Unknown years","Berrien","1","0","0"
"01-04 years","Bibb","81","0","2"
"05-09 years","Bibb","102","0","0"
"10-17 years","Bibb","302","0","6"
"18-29 years","Bibb","1643","1","54"
"30-39 years","Bibb","1113","4","65"
"40-49 years","Bibb","1053","10","118"
"50-59 years","Bibb","972","12","142"
"60-69 years","Bibb","803","44","224"
"70-79 years","Bibb","466","59","165"
"80 & Older years","Bibb","314","80","142"
"<1 years","Bibb","27","0","4"
"Unknown years","Bibb","6","0","0"
"01-04 years","Bleckley","2","0","0"
"05-09 years","Bleckley","5","0","0"
"10-17 years","Bleckley","37","0","0"
"18-29 years","Bleckley","138","0","3"
"30-39 years","Bleckley","56","0","1"
"40-49 years","Bleckley","64","1","1"
"50-59 years","Bleckley","68","2","3"
"60-69 years","Bleckley","49","7","9"
"70-79 years","Bleckley","47","2","10"
"80 & Older years","Bleckley","58","16","8"
"<1 years","Bleckley","1","0","0"
"01-04 years","Brantley","10","0","0"
"05-09 years","Brantley","5","0","0"
"10-17 years","Brantley","37","0","1"
"18-29 years","Brantley","94","0","1"
"30-39 years","Brantley","61","0","3"
"40-49 years","Brantley","71","0","4"
"50-59 years","Brantley","85","1","10"
"60-69 years","Brantley","64","2","8"
"70-79 years","Brantley","37","5","9"
"80 & Older years","Brantley","29","5","7"
"<1 years","Brantley","1","0","0"
"01-04 years","Brooks","13","0","0"
"05-09 years","Brooks","10","0","0"
"10-17 years","Brooks","45","0","0"
"18-29 years","Brooks","110","0","0"
"30-39 years","Brooks","81","0","2"
"40-49 years","Brooks","65","0","8"
"50-59 years","Brooks","83","2","13"
"60-69 years","Brooks","61","6","11"
"70-79 years","Brooks","49","9","15"
"80 & Older years","Brooks","35","9","5"
"<1 years","Brooks","2","0","0"
"01-04 years","Bryan","19","0","0"
"05-09 years","Bryan","25","0","0"
"10-17 years","Bryan","94","0","0"
"18-29 years","Bryan","277","0","8"
"30-39 years","Bryan","235","1","7"
"40-49 years","Bryan","235","0","11"
"50-59 years","Bryan","193","3","17"
"60-69 years","Bryan","129","4","21"
"70-79 years","Bryan","82","5","26"
"80 & Older years","Bryan","43","3","10"
"<1 years","Bryan","5","0","0"
"Unknown years","Bryan","3","0","0"
"01-04 years","Bulloch","36","0","0"
"05-09 years","Bulloch","44","0","0"
"10-17 years","Bulloch","160","0","2"
"18-29 years","Bulloch","1651","0","7"
"30-39 years","Bulloch","347","2","17"
"40-49 years","Bulloch","288","2","20"
"50-59 years","Bulloch","277","1","21"
"60-69 years","Bulloch","185","12","34"
"70-79 years","Bulloch","99","10","26"
"80 & Older years","Bulloch","65","6","21"
"<1 years","Bulloch","13","0","1"
"Unknown years","Bulloch","11","0","0"
"01-04 years","Burke","12","0","0"
"05-09 years","Burke","23","0","0"
"10-17 years","Burke","67","0","1"
"18-29 years","Burke","184","0","4"
"30-39 years","Burke","145","0","4"
"40-49 years","Burke","146","1","7"
"50-59 years","Burke","146","1","22"
"60-69 years","Burke","109","4","26"
"70-79 years","Burke","69","2","19"
"80 & Older years","Burke","21","4","9"
"<1 years","Burke","4","0","0"
"Unknown years","Burke","2","0","0"
"01-04 years","Butts","7","0","0"
"05-09 years","Butts","9","0","0"
"10-17 years","Butts","37","0","1"
"18-29 years","Butts","138","0","2"
"30-39 years","Butts","138","0","7"
"40-49 years","Butts","122","2","9"
"50-59 years","Butts","113","3","14"
"60-69 years","Butts","90","7","15"
"70-79 years","Butts","62","10","8"
"80 & Older years","Butts","70","22","4"
"<1 years","Butts","3","0","0"
"01-04 years","Calhoun","1","0","0"
"10-17 years","Calhoun","10","0","0"
"18-29 years","Calhoun","40","0","4"
"30-39 years","Calhoun","43","2","5"
"40-49 years","Calhoun","60","0","6"
"50-59 years","Calhoun","50","2","9"
"60-69 years","Calhoun","46","2","15"
"70-79 years","Calhoun","21","2","7"
"80 & Older years","Calhoun","9","2","5"
"<1 years","Calhoun","1","0","0"
"01-04 years","Camden","21","0","0"
"05-09 years","Camden","17","0","0"
"10-17 years","Camden","91","0","0"
"18-29 years","Camden","412","0","3"
"30-39 years","Camden","247","0","10"
"40-49 years","Camden","198","1","10"
"50-59 years","Camden","236","1","12"
"60-69 years","Camden","152","5","12"
"70-79 years","Camden","82","0","14"
"80 & Older years","Camden","54","11","15"
"<1 years","Camden","5","0","0"
"Unknown years","Camden","7","0","0"
"01-04 years","Candler","8","0","0"
"05-09 years","Candler","9","0","0"
"10-17 years","Candler","46","0","0"
"18-29 years","Candler","101","0","0"
"30-39 years","Candler","78","0","3"
"40-49 years","Candler","91","2","1"
"50-59 years","Candler","98","5","8"
"60-69 years","Candler","71","6","13"
"70-79 years","Candler","43","10","13"
"80 & Older years","Candler","18","3","8"
"<1 years","Candler","2","0","0"
"Unknown years","Candler","2","0","0"
"01-04 years","Carroll","45","0","0"
"05-09 years","Carroll","53","0","1"
"10-17 years","Carroll","267","0","2"
"18-29 years","Carroll","931","0","7"
"30-39 years","Carroll","519","4","15"
"40-49 years","Carroll","527","3","17"
"50-59 years","Carroll","525","10","39"
"60-69 years","Carroll","369","13","48"
"70-79 years","Carroll","227","25","44"
"80 & Older years","Carroll","151","26","30"
"<1 years","Carroll","14","0","0"
"Unknown years","Carroll","5","0","0"
"01-04 years","Catoosa","27","0","0"
"05-09 years","Catoosa","25","0","0"
"10-17 years","Catoosa","142","0","0"
"18-29 years","Catoosa","298","0","5"
"30-39 years","Catoosa","231","0","4"
"40-49 years","Catoosa","279","1","9"
"50-59 years","Catoosa","230","5","9"
"60-69 years","Catoosa","185","4","24"
"70-79 years","Catoosa","125","8","20"
"80 & Older years","Catoosa","89","7","16"
"<1 years","Catoosa","7","0","0"
"Unknown years","Catoosa","18","0","0"
"01-04 years","Charlton","9","0","0"
"05-09 years","Charlton","16","0","0"
"10-17 years","Charlton","25","0","0"
"18-29 years","Charlton","124","0","1"
"30-39 years","Charlton","145","0","2"
"40-49 years","Charlton","128","2","7"
"50-59 years","Charlton","91","0","2"
"60-69 years","Charlton","83","3","7"
"70-79 years","Charlton","26","4","6"
"80 & Older years","Charlton","10","2","6"
"<1 years","Charlton","2","0","0"
"Unknown years","Charlton","1","0","0"
"01-04 years","Chatham","159","0","1"
"05-09 years","Chatham","183","1","0"
"10-17 years","Chatham","586","0","11"
"18-29 years","Chatham","2689","1","40"
"30-39 years","Chatham","1750","4","74"
"40-49 years","Chatham","1313","8","89"
"50-59 years","Chatham","1259","21","145"
"60-69 years","Chatham","960","41","186"
"70-79 years","Chatham","523","49","175"
"80 & Older years","Chatham","339","70","137"
"<1 years","Chatham","38","0","3"
"Unknown years","Chatham","35","0","2"
"01-04 years","Chattahoochee","3","0","0"
"05-09 years","Chattahoochee","2","0","0"
"10-17 years","Chattahoochee","94","0","1"
"18-29 years","Chattahoochee","1556","0","1"
"30-39 years","Chattahoochee","124","0","1"
"40-49 years","Chattahoochee","30","0","0"
"50-59 years","Chattahoochee","18","0","5"
"60-69 years","Chattahoochee","9","0","3"
"70-79 years","Chattahoochee","5","0","2"
"80 & Older years","Chattahoochee","5","1","2"
"<1 years","Chattahoochee","7","0","0"
"Unknown years","Chattahoochee","1","0","0"
"01-04 years","Chattooga","4","0","0"
"05-09 years","Chattooga","12","0","0"
"10-17 years","Chattooga","79","0","0"
"18-29 years","Chattooga","183","0","2"
"30-39 years","Chattooga","158","0","5"
"40-49 years","Chattooga","165","1","6"
"50-59 years","Chattooga","154","2","7"
"60-69 years","Chattooga","129","6","19"
"70-79 years","Chattooga","81","7","17"
"80 & Older years","Chattooga","66","14","16"
"<1 years","Chattooga","3","0","1"
"Unknown years","Chattooga","8","0","1"
"01-04 years","Cherokee","78","0","5"
"05-09 years","Cherokee","153","0","3"
"10-17 years","Cherokee","703","0","2"
"18-29 years","Cherokee","1886","1","43"
"30-39 years","Cherokee","1144","1","54"
"40-49 years","Cherokee","1256","2","65"
"50-59 years","Cherokee","1249","9","97"
"60-69 years","Cherokee","649","15","96"
"70-79 years","Cherokee","398","24","93"
"80 & Older years","Cherokee","269","56","102"
"<1 years","Cherokee","22","0","0"
"Unknown years","Cherokee","21","0","0"
"01-04 years","Clarke","65","0","0"
"05-09 years","Clarke","78","0","1"
"10-17 years","Clarke","242","0","4"
"18-29 years","Clarke","3540","0","16"
"30-39 years","Clarke","657","1","23"
"40-49 years","Clarke","498","1","27"
"50-59 years","Clarke","463","4","39"
"60-69 years","Clarke","319","11","62"
"70-79 years","Clarke","155","20","61"
"80 & Older years","Clarke","82","13","28"
"<1 years","Clarke","17","0","1"
"Unknown years","Clarke","2","0","0"
"01-04 years","Clay","1","0","0"
"05-09 years","Clay","2","0","0"
"10-17 years","Clay","10","0","0"
"18-29 years","Clay","22","0","0"
"30-39 years","Clay","21","0","1"
"40-49 years","Clay","18","0","0"
"50-59 years","Clay","16","0","1"
"60-69 years","Clay","16","1","2"
"70-79 years","Clay","7","0","0"
"80 & Older years","Clay","11","2","5"
"01-04 years","Clayton","130","0","5"
"05-09 years","Clayton","172","0","4"
"10-17 years","Clayton","464","0","14"
"18-29 years","Clayton","2018","3","60"
"30-39 years","Clayton","1721","6","89"
"40-49 years","Clayton","1448","17","116"
"50-59 years","Clayton","1367","26","162"
"60-69 years","Clayton","906","47","139"
"70-79 years","Clayton","399","39","89"
"80 & Older years","Clayton","216","46","53"
"<1 years","Clayton","27","0","1"
"Unknown years","Clayton","16","0","0"
"01-04 years","Clinch","9","0","0"
"05-09 years","Clinch","10","0","0"
"10-17 years","Clinch","56","0","0"
"18-29 years","Clinch","93","0","2"
"30-39 years","Clinch","65","1","2"
"40-49 years","Clinch","66","0","1"
"50-59 years","Clinch","61","0","8"
"60-69 years","Clinch","69","6","9"
"70-79 years","Clinch","31","6","10"
"80 & Older years","Clinch","13","0","2"
"<1 years","Clinch","1","0","0"
"Unknown years","Clinch","1","0","0"
"01-04 years","Cobb","238","1","8"
"05-09 years","Cobb","324","0","3"
"10-17 years","Cobb","1164","0","19"
"18-29 years","Cobb","6659","5","174"
"30-39 years","Cobb","4003","10","193"
"40-49 years","Cobb","3711","19","307"
"50-59 years","Cobb","3307","28","390"
"60-69 years","Cobb","1962","68","359"
"70-79 years","Cobb","1140","145","311"
"80 & Older years","Cobb","776","203","274"
"<1 years","Cobb","72","0","7"
"Unknown years","Cobb","45","0","2"
"01-04 years","Coffee","40","0","2"
"05-09 years","Coffee","45","0","3"
"10-17 years","Coffee","122","0","1"
"18-29 years","Coffee","459","0","10"
"30-39 years","Coffee","342","2","20"
"40-49 years","Coffee","392","2","47"
"50-59 years","Coffee","386","3","71"
"60-69 years","Coffee","335","18","76"
"70-79 years","Coffee","157","20","62"
"80 & Older years","Coffee","99","22","53"
"<1 years","Coffee","8","0","0"
"Unknown years","Coffee","1","0","0"
"01-04 years","Colquitt","31","0","0"
"05-09 years","Colquitt","49","0","1"
"10-17 years","Colquitt","194","0","2"
"18-29 years","Colquitt","508","0","15"
"30-39 years","Colquitt","359","0","15"
"40-49 years","Colquitt","347","4","31"
"50-59 years","Colquitt","294","9","29"
"60-69 years","Colquitt","208","9","30"
"70-79 years","Colquitt","115","6","31"
"80 & Older years","Colquitt","67","12","19"
"<1 years","Colquitt","8","0","0"
"Unknown years","Colquitt","3","0","0"
"01-04 years","Columbia","29","0","1"
"05-09 years","Columbia","83","0","0"
"10-17 years","Columbia","390","0","1"
"18-29 years","Columbia","1070","0","10"
"30-39 years","Columbia","820","2","13"
"40-49 years","Columbia","825","4","22"
"50-59 years","Columbia","703","10","45"
"60-69 years","Columbia","433","9","48"
"70-79 years","Columbia","237","20","35"
"80 & Older years","Columbia","131","24","33"
"<1 years","Columbia","11","0","1"
"Unknown years","Columbia","3","0","0"
"01-04 years","Cook","8","0","0"
"05-09 years","Cook","13","0","0"
"10-17 years","Cook","50","0","1"
"18-29 years","Cook","140","0","2"
"30-39 years","Cook","105","0","4"
"40-49 years","Cook","110","0","10"
"50-59 years","Cook","87","1","14"
"60-69 years","Cook","65","3","11"
"70-79 years","Cook","55","9","15"
"80 & Older years","Cook","18","3","7"
"<1 years","Cook","5","0","0"
"Unknown years","Cook","3","0","0"
"01-04 years","Coweta","39","0","0"
"05-09 years","Coweta","54","0","0"
"10-17 years","Coweta","194","0","0"
"18-29 years","Coweta","675","1","11"
"30-39 years","Coweta","463","0","13"
"40-49 years","Coweta","471","3","19"
"50-59 years","Coweta","546","7","30"
"60-69 years","Coweta","344","15","31"
"70-79 years","Coweta","196","15","30"
"80 & Older years","Coweta","127","22","21"
"<1 years","Coweta","9","0","0"
"Unknown years","Coweta","2","0","0"
"01-04 years","Crawford","1","0","0"
"05-09 years","Crawford","1","0","0"
"10-17 years","Crawford","11","0","0"
"18-29 years","Crawford","42","0","1"
"30-39 years","Crawford","27","0","2"
"40-49 years","Crawford","20","0","2"
"50-59 years","Crawford","48","1","7"
"60-69 years","Crawford","37","3","10"
"70-79 years","Crawford","10","2","3"
"80 & Older years","Crawford","7","0","3"
"01-04 years","Crisp","9","0","0"
"05-09 years","Crisp","9","0","0"
"10-17 years","Crisp","37","0","0"
"18-29 years","Crisp","116","0","7"
"30-39 years","Crisp","114","0","8"
"40-49 years","Crisp","99","1","8"
"50-59 years","Crisp","100","3","15"
"60-69 years","Crisp","102","7","21"
"70-79 years","Crisp","52","6","21"
"80 & Older years","Crisp","33","7","9"
"<1 years","Crisp","5","0","0"
"Unknown years","Crisp","9","0","0"
"01-04 years","Dade","2","0","0"
"05-09 years","Dade","11","0","0"
"10-17 years","Dade","35","0","0"
"18-29 years","Dade","78","0","1"
"30-39 years","Dade","59","0","1"
"40-49 years","Dade","71","0","3"
"50-59 years","Dade","69","1","5"
"60-69 years","Dade","48","0","2"
"70-79 years","Dade","33","4","8"
"80 & Older years","Dade","5","1","2"
"<1 years","Dade","4","0","0"
"Unknown years","Dade","6","0","1"
"01-04 years","Dawson","6","0","0"
"05-09 years","Dawson","9","0","0"
"10-17 years","Dawson","72","0","2"
"18-29 years","Dawson","223","0","7"
"30-39 years","Dawson","127","0","3"
"40-49 years","Dawson","129","0","12"
"50-59 years","Dawson","161","0","11"
"60-69 years","Dawson","128","1","29"
"70-79 years","Dawson","68","7","18"
"80 & Older years","Dawson","27","3","7"
"<1 years","Dawson","5","0","0"
"Unknown years","Dawson","2","0","1"
"01-04 years","DeKalb","278","0","8"
"05-09 years","DeKalb","368","0","4"
"10-17 years","DeKalb","1097","0","31"
"18-29 years","DeKalb","5613","6","234"
"30-39 years","DeKalb","4685","12","320"
"40-49 years","DeKalb","3712","20","348"
"50-59 years","DeKalb","3298","50","462"
"60-69 years","DeKalb","2027","91","460"
"70-79 years","DeKalb","1065","113","356"
"80 & Older years","DeKalb","635","126","223"
"<1 years","DeKalb","76","0","5"
"Unknown years","DeKalb","73","0","5"
"01-04 years","Decatur","29","0","1"
"05-09 years","Decatur","39","0","0"
"10-17 years","Decatur","108","0","0"
"18-29 years","Decatur","278","1","6"
"30-39 years","Decatur","208","1","7"
"40-49 years","Decatur","208","0","13"
"50-59 years","Decatur","176","4","21"
"60-69 years","Decatur","134","8","24"
"70-79 years","Decatur","83","15","17"
"80 & Older years","Decatur","79","9","15"
"<1 years","Decatur","6","0","0"
"Unknown years","Decatur","1","0","1"
"01-04 years","Dodge","4","0","0"
"05-09 years","Dodge","13","0","0"
"10-17 years","Dodge","46","1","1"
"18-29 years","Dodge","102","0","0"
"30-39 years","Dodge","61","0","1"
"40-49 years","Dodge","107","1","9"
"50-59 years","Dodge","125","2","9"
"60-69 years","Dodge","109","8","18"
"70-79 years","Dodge","61","6","8"
"80 & Older years","Dodge","46","12","12"
"<1 years","Dodge","1","0","0"
"01-04 years","Dooly","8","0","0"
"05-09 years","Dooly","3","0","0"
"10-17 years","Dooly","16","0","0"
"18-29 years","Dooly","58","0","5"
"30-39 years","Dooly","57","0","7"
"40-49 years","Dooly","72","0","7"
"50-59 years","Dooly","68","4","11"
"60-69 years","Dooly","66","7","16"
"70-79 years","Dooly","28","4","9"
"80 & Older years","Dooly","13","3","4"
"Unknown years","Dooly","2","0","0"
"01-04 years","Dougherty","23","0","3"
"05-09 years","Dougherty","40","0","0"
"10-17 years","Dougherty","113","0","3"
"18-29 years","Dougherty","560","2","55"
"30-39 years","Dougherty","484","3","54"
"40-49 years","Dougherty","530","12","85"
"50-59 years","Dougherty","602","18","116"
"60-69 years","Dougherty","499","50","158"
"70-79 years","Dougherty","301","48","126"
"80 & Older years","Dougherty","188","61","82"
"<1 years","Dougherty","14","0","1"
"Unknown years","Dougherty","3","0","0"
"01-04 years","Douglas","45","0","0"
"05-09 years","Douglas","72","0","3"
"10-17 years","Douglas","243","0","3"
"18-29 years","Douglas","946","0","36"
"30-39 years","Douglas","737","3","44"
"40-49 years","Douglas","831","4","74"
"50-59 years","Douglas","719","8","96"
"60-69 years","Douglas","424","16","100"
"70-79 years","Douglas","243","26","74"
"80 & Older years","Douglas","124","21","50"
"<1 years","Douglas","6","0","1"
"Unknown years","Douglas","15","0","1"
"01-04 years","Early","13","0","0"
"05-09 years","Early","15","0","0"
"10-17 years","Early","34","0","0"
"18-29 years","Early","96","0","3"
"30-39 years","Early","80","0","3"
"40-49 years","Early","99","1","7"
"50-59 years","Early","90","2","8"
"60-69 years","Early","69","10","10"
"70-79 years","Early","47","11","7"
"80 & Older years","Early","30","11","6"
"<1 years","Early","2","0","0"
"01-04 years","Echols","2","0","0"
"05-09 years","Echols","4","0","0"
"10-17 years","Echols","12","0","1"
"18-29 years","Echols","105","0","1"
"30-39 years","Echols","46","0","2"
"40-49 years","Echols","28","0","1"
"50-59 years","Echols","28","0","2"
"60-69 years","Echols","12","0","0"
"70-79 years","Echols","11","2","3"
"<1 years","Echols","1","0","0"
"01-04 years","Effingham","18","0","1"
"05-09 years","Effingham","42","0","0"
"10-17 years","Effingham","165","0","0"
"18-29 years","Effingham","394","0","2"
"30-39 years","Effingham","303","1","9"
"40-49 years","Effingham","320","0","13"
"50-59 years","Effingham","318","6","24"
"60-69 years","Effingham","195","2","29"
"70-79 years","Effingham","114","9","25"
"80 & Older years","Effingham","53","11","18"
"<1 years","Effingham","6","0","0"
"Unknown years","Effingham","3","0","1"
"01-04 years","Elbert","9","0","0"
"05-09 years","Elbert","17","0","0"
"10-17 years","Elbert","49","0","0"
"18-29 years","Elbert","157","0","0"
"30-39 years","Elbert","106","0","5"
"40-49 years","Elbert","121","0","5"
"50-59 years","Elbert","124","0","8"
"60-69 years","Elbert","92","0","11"
"70-79 years","Elbert","79","7","15"
"80 & Older years","Elbert","63","7","19"
"<1 years","Elbert","4","0","2"
"01-04 years","Emanuel","16","0","1"
"05-09 years","Emanuel","15","0","0"
"10-17 years","Emanuel","122","0","2"
"18-29 years","Emanuel","221","1","0"
"30-39 years","Emanuel","171","0","5"
"40-49 years","Emanuel","205","1","6"
"50-59 years","Emanuel","184","4","19"
"60-69 years","Emanuel","160","7","20"
"70-79 years","Emanuel","99","13","22"
"80 & Older years","Emanuel","49","15","15"
"<1 years","Emanuel","4","0","0"
"Unknown years","Emanuel","7","0","1"
"01-04 years","Evans","6","0","0"
"05-09 years","Evans","12","0","0"
"10-17 years","Evans","49","0","0"
"18-29 years","Evans","100","0","3"
"30-39 years","Evans","85","0","3"
"40-49 years","Evans","76","0","7"
"50-59 years","Evans","80","1","13"
"60-69 years","Evans","43","2","10"
"70-79 years","Evans","28","3","9"
"80 & Older years","Evans","12","1","2"
"<1 years","Evans","2","0","0"
"Unknown years","Evans","1","0","0"
"01-04 years","Fannin","6","0","0"
"05-09 years","Fannin","11","0","0"
"10-17 years","Fannin","46","0","0"
"18-29 years","Fannin","127","0","2"
"30-39 years","Fannin","85","0","3"
"40-49 years","Fannin","113","0","5"
"50-59 years","Fannin","137","4","10"
"60-69 years","Fannin","147","4","15"
"70-79 years","Fannin","111","1","17"
"80 & Older years","Fannin","73","20","25"
"<1 years","Fannin","3","0","0"
"Unknown years","Fannin","6","0","0"
"01-04 years","Fayette","20","0","0"
"05-09 years","Fayette","23","0","1"
"10-17 years","Fayette","144","0","1"
"18-29 years","Fayette","506","0","5"
"30-39 years","Fayette","268","0","6"
"40-49 years","Fayette","387","1","16"
"50-59 years","Fayette","394","4","26"
"60-69 years","Fayette","297","10","26"
"70-79 years","Fayette","163","21","34"
"80 & Older years","Fayette","88","23","25"
"<1 years","Fayette","2","0","0"
"Unknown years","Fayette","4","0","0"
"01-04 years","Floyd","54","0","1"
"05-09 years","Floyd","97","0","0"
"10-17 years","Floyd","432","0","7"
"18-29 years","Floyd","944","0","14"
"30-39 years","Floyd","707","2","24"
"40-49 years","Floyd","680","1","36"
"50-59 years","Floyd","597","10","68"
"60-69 years","Floyd","424","16","77"
"70-79 years","Floyd","284","15","81"
"80 & Older years","Floyd","146","22","41"
"<1 years","Floyd","19","0","0"
"Unknown years","Floyd","43","0","1"
"01-04 years","Forsyth","49","0","0"
"05-09 years","Forsyth","108","0","0"
"10-17 years","Forsyth","465","0","1"
"18-29 years","Forsyth","1284","0","27"
"30-39 years","Forsyth","750","0","31"
"40-49 years","Forsyth","870","2","52"
"50-59 years","Forsyth","812","8","71"
"60-69 years","Forsyth","422","6","70"
"70-79 years","Forsyth","234","19","79"
"80 & Older years","Forsyth","134","20","56"
"<1 years","Forsyth","17","0","2"
"Unknown years","Forsyth","36","0","0"
"01-04 years","Franklin","7","0","0"
"05-09 years","Franklin","20","0","0"
"10-17 years","Franklin","87","0","3"
"18-29 years","Franklin","215","0","4"
"30-39 years","Franklin","148","0","2"
"40-49 years","Franklin","155","0","9"
"50-59 years","Franklin","162","0","13"
"60-69 years","Franklin","107","2","14"
"70-79 years","Franklin","68","9","13"
"80 & Older years","Franklin","35","8","13"
"<1 years","Franklin","3","0","1"
"Unknown years","Franklin","16","0","1"
"01-04 years","Fulton","311","0","12"
"05-09 years","Fulton","468","0","7"
"10-17 years","Fulton","1618","1","27"
"18-29 years","Fulton","9864","4","222"
"30-39 years","Fulton","6560","13","324"
"40-49 years","Fulton","4918","26","374"
"50-59 years","Fulton","4145","55","498"
"60-69 years","Fulton","2541","115","474"
"70-79 years","Fulton","1404","157","400"
"80 & Older years","Fulton","1094","272","388"
"<1 years","Fulton","94","0","4"
"Unknown years","Fulton","82","1","5"
"01-04 years","Gilmer","17","0","1"
"05-09 years","Gilmer","15","0","0"
"10-17 years","Gilmer","85","0","2"
"18-29 years","Gilmer","155","0","7"
"30-39 years","Gilmer","154","0","10"
"40-49 years","Gilmer","170","0","9"
"50-59 years","Gilmer","158","3","11"
"60-69 years","Gilmer","161","1","21"
"70-79 years","Gilmer","99","7","19"
"80 & Older years","Gilmer","68","16","18"
"<1 years","Gilmer","7","0","0"
"Unknown years","Gilmer","8","0","0"
"05-09 years","Glascock","1","0","0"
"18-29 years","Glascock","9","0","0"
"30-39 years","Glascock","6","0","0"
"40-49 years","Glascock","10","0","0"
"50-59 years","Glascock","15","1","2"
"60-69 years","Glascock","8","0","0"
"80 & Older years","Glascock","4","1","3"
"<1 years","Glascock","1","0","0"
"01-04 years","Glynn","55","0","1"
"05-09 years","Glynn","106","0","1"
"10-17 years","Glynn","262","0","0"
"18-29 years","Glynn","910","0","15"
"30-39 years","Glynn","646","2","22"
"40-49 years","Glynn","538","3","28"
"50-59 years","Glynn","505","9","56"
"60-69 years","Glynn","418","22","84"
"70-79 years","Glynn","263","29","58"
"80 & Older years","Glynn","179","42","63"
"<1 years","Glynn","14","0","0"
"Unknown years","Glynn","10","0","0"
"01-04 years","Gordon","32","0","0"
"05-09 years","Gordon","42","0","0"
"10-17 years","Gordon","204","0","2"
"18-29 years","Gordon","564","0","7"
"30-39 years","Gordon","423","1","15"
"40-49 years","Gordon","465","0","17"
"50-59 years","Gordon","404","8","23"
"60-69 years","Gordon","249","9","18"
"70-79 years","Gordon","161","16","39"
"80 & Older years","Gordon","103","19","30"
"<1 years","Gordon","8","0","1"
"Unknown years","Gordon","5","0","0"
"01-04 years","Grady","16","0","1"
"05-09 years","Grady","23","0","0"
"10-17 years","Grady","82","0","2"
"18-29 years","Grady","149","0","7"
"30-39 years","Grady","148","0","5"
"40-49 years","Grady","142","0","18"
"50-59 years","Grady","121","4","16"
"60-69 years","Grady","91","2","18"
"70-79 years","Grady","80","8","21"
"80 & Older years","Grady","34","12","13"
"<1 years","Grady","3","0","1"
"Unknown years","Grady","3","0","0"
"01-04 years","Greene","5","0","0"
"05-09 years","Greene","19","0","0"
"10-17 years","Greene","36","0","0"
"18-29 years","Greene","137","0","4"
"30-39 years","Greene","82","0","5"
"40-49 years","Greene","75","3","7"
"50-59 years","Greene","74","3","7"
"60-69 years","Greene","77","2","9"
"70-79 years","Greene","57","5","13"
"80 & Older years","Greene","37","13","15"
"<1 years","Greene","2","0","1"
"Unknown years","Greene","1","0","0"
"01-04 years","Gwinnett","488","0","11"
"05-09 years","Gwinnett","707","0","11"
"10-17 years","Gwinnett","2163","1","43"
"18-29 years","Gwinnett","8179","1","344"
"30-39 years","Gwinnett","5750","11","373"
"40-49 years","Gwinnett","6009","29","489"
"50-59 years","Gwinnett","4772","53","519"
"60-69 years","Gwinnett","2571","89","497"
"70-79 years","Gwinnett","1097","96","331"
"80 & Older years","Gwinnett","739","185","344"
"<1 years","Gwinnett","129","0","4"
"Unknown years","Gwinnett","44","0","0"
"01-04 years","Habersham","13","0","1"
"05-09 years","Habersham","17","0","0"
"10-17 years","Habersham","92","1","5"
"18-29 years","Habersham","396","0","7"
"30-39 years","Habersham","284","2","20"
"40-49 years","Habersham","294","1","24"
"50-59 years","Habersham","305","4","28"
"60-69 years","Habersham","231","9","62"
"70-79 years","Habersham","159","16","50"
"80 & Older years","Habersham","150","44","46"
"<1 years","Habersham","4","0","1"
"Unknown years","Habersham","15","0","1"
"01-04 years","Hall","83","0","3"
"05-09 years","Hall","181","0","1"
"10-17 years","Hall","747","0","13"
"18-29 years","Hall","2664","3","99"
"30-39 years","Hall","1694","1","99"
"40-49 years","Hall","1792","7","159"
"50-59 years","Hall","1790","15","215"
"60-69 years","Hall","1077","36","200"
"70-79 years","Hall","660","42","179"
"80 & Older years","Hall","430","81","179"
"<1 years","Hall","18","0","5"
"Unknown years","Hall","155","0","7"
"01-04 years","Hancock","3","0","0"
"05-09 years","Hancock","3","0","0"
"10-17 years","Hancock","16","0","0"
"18-29 years","Hancock","49","0","1"
"30-39 years","Hancock","44","0","2"
"40-49 years","Hancock","61","1","4"
"50-59 years","Hancock","67","3","7"
"60-69 years","Hancock","88","12","20"
"70-79 years","Hancock","51","12","15"
"80 & Older years","Hancock","43","17","17"
"<1 years","Hancock","1","0","0"
"01-04 years","Haralson","8","0","0"
"05-09 years","Haralson","16","0","0"
"10-17 years","Haralson","68","0","1"
"18-29 years","Haralson","169","0","1"
"30-39 years","Haralson","113","0","2"
"40-49 years","Haralson","98","1","4"
"50-59 years","Haralson","97","0","1"
"60-69 years","Haralson","85","6","11"
"70-79 years","Haralson","59","6","12"
"80 & Older years","Haralson","30","2","3"
"<1 years","Haralson","5","0","0"
"Unknown years","Haralson","1","0","0"
"01-04 years","Harris","12","0","0"
"05-09 years","Harris","10","0","0"
"10-17 years","Harris","71","0","2"
"18-29 years","Harris","144","0","2"
"30-39 years","Harris","95","0","4"
"40-49 years","Harris","140","2","6"
"50-59 years","Harris","162","4","15"
"60-69 years","Harris","153","9","37"
"70-79 years","Harris","72","7","22"
"80 & Older years","Harris","25","4","6"
"<1 years","Harris","2","0","0"
"Unknown years","Harris","1","0","0"
"01-04 years","Hart","8","0","0"
"05-09 years","Hart","12","0","1"
"10-17 years","Hart","33","0","0"
"18-29 years","Hart","110","0","0"
"30-39 years","Hart","85","0","4"
"40-49 years","Hart","94","0","6"
"50-59 years","Hart","119","1","12"
"60-69 years","Hart","88","7","22"
"70-79 years","Hart","45","4","9"
"80 & Older years","Hart","40","7","20"
"<1 years","Hart","2","0","1"
"01-04 years","Heard","2","0","0"
"05-09 years","Heard","8","0","0"
"10-17 years","Heard","20","0","1"
"18-29 years","Heard","50","0","0"
"30-39 years","Heard","28","0","1"
"40-49 years","Heard","45","0","2"
"50-59 years","Heard","36","0","2"
"60-69 years","Heard","36","2","5"
"70-79 years","Heard","21","3","5"
"80 & Older years","Heard","8","2","1"
"<1 years","Heard","1","0","0"
"Unknown years","Heard","1","0","0"
"01-04 years","Henry","60","0","2"
"05-09 years","Henry","112","0","1"
"10-17 years","Henry","388","0","2"
"18-29 years","Henry","1488","1","21"
"30-39 years","Henry","1161","3","27"
"40-49 years","Henry","1257","7","56"
"50-59 years","Henry","1153","12","76"
"60-69 years","Henry","598","24","48"
"70-79 years","Henry","326","36","46"
"80 & Older years","Henry","173","41","31"
"<1 years","Henry","14","0","2"
"Unknown years","Henry","6","0","0"
"01-04 years","Houston","42","0","1"
"05-09 years","Houston","68","0","1"
"10-17 years","Houston","221","0","3"
"18-29 years","Houston","871","2","22"
"30-39 years","Houston","727","1","39"
"40-49 years","Houston","670","2","63"
"50-59 years","Houston","592","10","70"
"60-69 years","Houston","377","23","81"
"70-79 years","Houston","213","33","78"
"80 & Older years","Houston","102","27","46"
"<1 years","Houston","12","0","1"
"01-04 years","Irwin","3","0","0"
"05-09 years","Irwin","7","0","0"
"10-17 years","Irwin","26","0","0"
"18-29 years","Irwin","63","0","3"
"30-39 years","Irwin","59","0","4"
"40-49 years","Irwin","71","0","4"
"50-59 years","Irwin","55","1","5"
"60-69 years","Irwin","45","1","13"
"70-79 years","Irwin","20","3","1"
"80 & Older years","Irwin","22","5","11"
"Unknown years","Irwin","4","0","0"
"01-04 years","Jackson","16","0","0"
"05-09 years","Jackson","50","0","0"
"10-17 years","Jackson","239","0","1"
"18-29 years","Jackson","553","0","9"
"30-39 years","Jackson","407","1","12"
"40-49 years","Jackson","425","1","33"
"50-59 years","Jackson","432","4","36"
"60-69 years","Jackson","243","5","33"
"70-79 years","Jackson","186","13","54"
"80 & Older years","Jackson","110","21","42"
"<1 years","Jackson","7","0","2"
"Unknown years","Jackson","12","0","1"
"05-09 years","Jasper","4","0","0"
"10-17 years","Jasper","9","0","0"
"18-29 years","Jasper","54","0","1"
"30-39 years","Jasper","40","0","0"
"40-49 years","Jasper","34","0","1"
"50-59 years","Jasper","53","0","8"
"60-69 years","Jasper","36","3","8"
"70-79 years","Jasper","18","1","3"
"80 & Older years","Jasper","6","0","0"
"<1 years","Jasper","2","0","0"
"01-04 years","Jeff Davis","21","0","1"
"05-09 years","Jeff Davis","22","0","0"
"10-17 years","Jeff Davis","64","0","2"
"18-29 years","Jeff Davis","165","0","3"
"30-39 years","Jeff Davis","140","0","7"
"40-49 years","Jeff Davis","132","0","11"
"50-59 years","Jeff Davis","120","4","11"
"60-69 years","Jeff Davis","87","6","16"
"70-79 years","Jeff Davis","53","12","16"
"80 & Older years","Jeff Davis","13","5","5"
"<1 years","Jeff Davis","2","0","1"
"Unknown years","Jeff Davis","1","0","0"
"01-04 years","Jefferson","16","0","0"
"05-09 years","Jefferson","21","0","0"
"10-17 years","Jefferson","57","0","0"
"18-29 years","Jefferson","145","0","3"
"30-39 years","Jefferson","108","0","6"
"40-49 years","Jefferson","121","3","9"
"50-59 years","Jefferson","159","2","15"
"60-69 years","Jefferson","124","7","18"
"70-79 years","Jefferson","87","11","19"
"80 & Older years","Jefferson","40","13","17"
"<1 years","Jefferson","4","0","0"
"Unknown years","Jefferson","3","0","0"
"01-04 years","Jenkins","6","0","0"
"05-09 years","Jenkins","12","0","0"
"10-17 years","Jenkins","40","0","0"
"18-29 years","Jenkins","74","0","2"
"30-39 years","Jenkins","45","1","4"
"40-49 years","Jenkins","73","2","8"
"50-59 years","Jenkins","81","5","13"
"60-69 years","Jenkins","63","5","11"
"70-79 years","Jenkins","40","12","20"
"80 & Older years","Jenkins","43","8","10"
"<1 years","Jenkins","2","0","0"
"01-04 years","Johnson","4","0","0"
"05-09 years","Johnson","5","0","0"
"10-17 years","Johnson","14","0","0"
"18-29 years","Johnson","73","0","2"
"30-39 years","Johnson","45","0","3"
"40-49 years","Johnson","57","1","6"
"50-59 years","Johnson","73","1","12"
"60-69 years","Johnson","70","5","13"
"70-79 years","Johnson","53","6","16"
"80 & Older years","Johnson","50","12","12"
"01-04 years","Jones","2","0","0"
"05-09 years","Jones","8","0","0"
"10-17 years","Jones","28","0","0"
"18-29 years","Jones","177","0","3"
"30-39 years","Jones","102","0","3"
"40-49 years","Jones","104","1","3"
"50-59 years","Jones","107","1","12"
"60-69 years","Jones","78","1","14"
"70-79 years","Jones","40","5","15"
"80 & Older years","Jones","32","9","5"
"<1 years","Jones","1","0","0"
"01-04 years","Lamar","8","0","0"
"05-09 years","Lamar","21","0","0"
"10-17 years","Lamar","33","0","1"
"18-29 years","Lamar","69","0","1"
"30-39 years","Lamar","61","0","2"
"40-49 years","Lamar","61","1","2"
"50-59 years","Lamar","68","1","10"
"60-69 years","Lamar","63","3","11"
"70-79 years","Lamar","47","5","10"
"80 & Older years","Lamar","31","11","12"
"<1 years","Lamar","3","0","0"
"01-04 years","Lanier","5","0","0"
"05-09 years","Lanier","8","0","1"
"10-17 years","Lanier","19","0","1"
"18-29 years","Lanier","73","1","0"
"30-39 years","Lanier","85","0","1"
"40-49 years","Lanier","41","1","1"
"50-59 years","Lanier","42","0","3"
"60-69 years","Lanier","26","1","1"
"70-79 years","Lanier","14","4","4"
"80 & Older years","Lanier","10","0","4"
"<1 years","Lanier","3","0","0"
"01-04 years","Laurens","15","0","0"
"05-09 years","Laurens","19","0","0"
"10-17 years","Laurens","134","0","2"
"18-29 years","Laurens","380","0","5"
"30-39 years","Laurens","293","0","7"
"40-49 years","Laurens","310","3","17"
"50-59 years","Laurens","340","5","33"
"60-69 years","Laurens","292","23","46"
"70-79 years","Laurens","201","32","45"
"80 & Older years","Laurens","126","35","29"
"<1 years","Laurens","6","0","0"
"Unknown years","Laurens","3","0","0"
"01-04 years","Lee","7","0","0"
"05-09 years","Lee","11","0","2"
"10-17 years","Lee","46","0","1"
"18-29 years","Lee","127","1","6"
"30-39 years","Lee","147","1","13"
"40-49 years","Lee","137","3","17"
"50-59 years","Lee","134","6","26"
"60-69 years","Lee","90","7","17"
"70-79 years","Lee","46","9","19"
"80 & Older years","Lee","20","5","10"
"<1 years","Lee","3","0","0"
"01-04 years","Liberty","12","0","0"
"05-09 years","Liberty","24","0","1"
"10-17 years","Liberty","84","0","1"
"18-29 years","Liberty","348","1","10"
"30-39 years","Liberty","239","0","7"
"40-49 years","Liberty","217","0","9"
"50-59 years","Liberty","185","3","25"
"60-69 years","Liberty","148","8","27"
"70-79 years","Liberty","63","9","25"
"80 & Older years","Liberty","39","7","16"
"<1 years","Liberty","13","0","1"
"Unknown years","Liberty","4","0","0"
"01-04 years","Lincoln","4","0","0"
"05-09 years","Lincoln","7","0","0"
"10-17 years","Lincoln","12","0","0"
"18-29 years","Lincoln","51","0","2"
"30-39 years","Lincoln","34","0","1"
"40-49 years","Lincoln","46","0","3"
"50-59 years","Lincoln","33","0","3"
"60-69 years","Lincoln","34","2","8"
"70-79 years","Lincoln","23","1","7"
"80 & Older years","Lincoln","10","5","4"
"<1 years","Lincoln","1","0","0"
"01-04 years","Long","10","0","0"
"05-09 years","Long","3","0","0"
"10-17 years","Long","15","0","0"
"18-29 years","Long","54","0","0"
"30-39 years","Long","73","0","0"
"40-49 years","Long","39","0","2"
"50-59 years","Long","40","1","5"
"60-69 years","Long","33","1","3"
"70-79 years","Long","15","3","5"
"80 & Older years","Long","5","0","3"
"<1 years","Long","3","0","0"
"01-04 years","Lowndes","72","0","0"
"05-09 years","Lowndes","101","0","0"
"10-17 years","Lowndes","360","0","4"
"18-29 years","Lowndes","1495","3","23"
"30-39 years","Lowndes","737","0","14"
"40-49 years","Lowndes","654","1","30"
"50-59 years","Lowndes","538","6","38"
"60-69 years","Lowndes","379","18","45"
"70-79 years","Lowndes","213","28","35"
"80 & Older years","Lowndes","129","35","35"
"<1 years","Lowndes","17","0","0"
"Unknown years","Lowndes","13","0","0"
"01-04 years","Lumpkin","5","0","0"
"05-09 years","Lumpkin","12","0","0"
"10-17 years","Lumpkin","59","0","2"
"18-29 years","Lumpkin","311","0","4"
"30-39 years","Lumpkin","118","0","5"
"40-49 years","Lumpkin","133","0","10"
"50-59 years","Lumpkin","144","2","15"
"60-69 years","Lumpkin","149","5","20"
"70-79 years","Lumpkin","119","5","30"
"80 & Older years","Lumpkin","44","6","22"
"<1 years","Lumpkin","2","0","1"
"Unknown years","Lumpkin","13","0","0"
"01-04 years","Macon","6","0","0"
"05-09 years","Macon","6","0","0"
"10-17 years","Macon","9","0","0"
"18-29 years","Macon","43","0","2"
"30-39 years","Macon","30","0","3"
"40-49 years","Macon","47","1","5"
"50-59 years","Macon","54","3","9"
"60-69 years","Macon","31","4","17"
"70-79 years","Macon","26","1","11"
"80 & Older years","Macon","12","3","6"
"<1 years","Macon","1","0","0"
"01-04 years","Madison","14","0","0"
"05-09 years","Madison","14","0","0"
"10-17 years","Madison","82","0","0"
"18-29 years","Madison","163","0","1"
"30-39 years","Madison","142","0","5"
"40-49 years","Madison","144","0","9"
"50-59 years","Madison","151","1","17"
"60-69 years","Madison","94","3","16"
"70-79 years","Madison","47","6","19"
"80 & Older years","Madison","14","2","2"
"<1 years","Madison","9","0","2"
"01-04 years","Marion","2","0","0"
"05-09 years","Marion","4","0","0"
"10-17 years","Marion","13","0","0"
"18-29 years","Marion","37","0","0"
"30-39 years","Marion","24","0","2"
"40-49 years","Marion","34","1","5"
"50-59 years","Marion","34","3","5"
"60-69 years","Marion","27","3","3"
"70-79 years","Marion","18","1","3"
"80 & Older years","Marion","17","2","5"
"<1 years","Marion","1","0","0"
"01-04 years","McDuffie","4","0","0"
"05-09 years","McDuffie","6","0","0"
"10-17 years","McDuffie","41","0","0"
"18-29 years","McDuffie","152","0","3"
"30-39 years","McDuffie","108","1","2"
"40-49 years","McDuffie","122","2","8"
"50-59 years","McDuffie","125","2","16"
"60-69 years","McDuffie","95","3","15"
"70-79 years","McDuffie","63","5","25"
"80 & Older years","McDuffie","20","4","12"
"Unknown years","McDuffie","1","0","0"
"05-09 years","McIntosh","3","0","0"
"10-17 years","McIntosh","20","0","0"
"18-29 years","McIntosh","62","0","2"
"30-39 years","McIntosh","48","0","3"
"40-49 years","McIntosh","53","0","3"
"50-59 years","McIntosh","53","0","2"
"60-69 years","McIntosh","43","2","12"
"70-79 years","McIntosh","37","3","11"
"80 & Older years","McIntosh","7","2","2"
"<1 years","McIntosh","1","0","0"
"Unknown years","McIntosh","1","0","0"
"01-04 years","Meriwether","10","0","1"
"05-09 years","Meriwether","11","0","1"
"10-17 years","Meriwether","22","0","0"
"18-29 years","Meriwether","94","0","3"
"30-39 years","Meriwether","91","2","11"
"40-49 years","Meriwether","122","1","12"
"50-59 years","Meriwether","92","1","13"
"60-69 years","Meriwether","79","3","16"
"70-79 years","Meriwether","58","5","18"
"80 & Older years","Meriwether","36","7","9"
"<1 years","Meriwether","2","0","0"
"Unknown years","Meriwether","1","0","0"
"01-04 years","Miller","3","0","0"
"05-09 years","Miller","3","0","0"
"10-17 years","Miller","28","0","0"
"18-29 years","Miller","57","0","0"
"30-39 years","Miller","57","0","0"
"40-49 years","Miller","46","0","3"
"50-59 years","Miller","72","0","9"
"60-69 years","Miller","43","2","3"
"70-79 years","Miller","13","0","1"
"80 & Older years","Miller","11","0","3"
"<1 years","Miller","3","0","0"
"01-04 years","Mitchell","3","0","0"
"05-09 years","Mitchell","13","0","0"
"10-17 years","Mitchell","45","0","1"
"18-29 years","Mitchell","135","0","6"
"30-39 years","Mitchell","122","1","12"
"40-49 years","Mitchell","132","2","13"
"50-59 years","Mitchell","165","7","42"
"60-69 years","Mitchell","129","12","38"
"70-79 years","Mitchell","71","8","25"
"80 & Older years","Mitchell","54","17","19"
"Unknown years","Mitchell","3","0","1"
"01-04 years","Monroe","3","0","0"
"05-09 years","Monroe","8","0","1"
"10-17 years","Monroe","39","0","0"
"18-29 years","Monroe","134","0","1"
"30-39 years","Monroe","91","0","4"
"40-49 years","Monroe","109","1","9"
"50-59 years","Monroe","142","3","13"
"60-69 years","Monroe","121","8","23"
"70-79 years","Monroe","77","14","20"
"80 & Older years","Monroe","85","32","19"
"<1 years","Monroe","3","0","1"
"01-04 years","Montgomery","5","0","0"
"05-09 years","Montgomery","3","0","0"
"10-17 years","Montgomery","23","0","1"
"18-29 years","Montgomery","91","0","0"
"30-39 years","Montgomery","50","1","3"
"40-49 years","Montgomery","72","0","2"
"50-59 years","Montgomery","51","1","5"
"60-69 years","Montgomery","43","3","9"
"70-79 years","Montgomery","23","2","5"
"80 & Older years","Montgomery","10","2","2"
"<1 years","Montgomery","1","0","0"
"01-04 years","Morgan","14","0","0"
"05-09 years","Morgan","9","0","0"
"10-17 years","Morgan","46","0","0"
"18-29 years","Morgan","116","0","2"
"30-39 years","Morgan","74","0","5"
"40-49 years","Morgan","81","0","3"
"50-59 years","Morgan","92","0","9"
"60-69 years","Morgan","63","1","5"
"70-79 years","Morgan","27","1","9"
"80 & Older years","Morgan","26","4","11"
"<1 years","Morgan","5","0","0"
"Unknown years","Morgan","1","0","0"
"01-04 years","Murray","16","0","1"
"05-09 years","Murray","15","0","1"
"10-17 years","Murray","88","0","0"
"18-29 years","Murray","291","0","3"
"30-39 years","Murray","179","0","3"
"40-49 years","Murray","226","0","12"
"50-59 years","Murray","210","1","16"
"60-69 years","Murray","121","1","15"
"70-79 years","Murray","70","8","21"
"80 & Older years","Murray","24","3","7"
"<1 years","Murray","7","0","0"
"Unknown years","Murray","5","0","0"
"01-04 years","Muscogee","108","0","5"
"05-09 years","Muscogee","135","0","0"
"10-17 years","Muscogee","334","0","3"
"18-29 years","Muscogee","1707","3","39"
"30-39 years","Muscogee","1070","2","60"
"40-49 years","Muscogee","911","3","63"
"50-59 years","Muscogee","925","24","137"
"60-69 years","Muscogee","726","42","177"
"70-79 years","Muscogee","386","49","122"
"80 & Older years","Muscogee","223","57","101"
"<1 years","Muscogee","37","0","2"
"Unknown years","Muscogee","12","0","0"
"01-04 years","Newton","36","0","2"
"05-09 years","Newton","44","0","0"
"10-17 years","Newton","142","0","1"
"18-29 years","Newton","605","1","19"
"30-39 years","Newton","489","0","36"
"40-49 years","Newton","579","0","51"
"50-59 years","Newton","527","7","69"
"60-69 years","Newton","274","15","52"
"70-79 years","Newton","192","29","50"
"80 & Older years","Newton","164","49","41"
"<1 years","Newton","12","0","1"
"Unknown years","Newton","4","0","0"
"01-04 years","Non-GA Resident/Unknown State","166","0","1"
"05-09 years","Non-GA Resident/Unknown State","279","0","4"
"10-17 years","Non-GA Resident/Unknown State","902","0","6"
"18-29 years","Non-GA Resident/Unknown State","4139","4","45"
"30-39 years","Non-GA Resident/Unknown State","2567","3","52"
"40-49 years","Non-GA Resident/Unknown State","2182","5","57"
"50-59 years","Non-GA Resident/Unknown State","1937","22","122"
"60-69 years","Non-GA Resident/Unknown State","1314","53","152"
"70-79 years","Non-GA Resident/Unknown State","749","54","134"
"80 & Older years","Non-GA Resident/Unknown State","440","55","109"
"<1 years","Non-GA Resident/Unknown State","93","0","1"
"Unknown years","Non-GA Resident/Unknown State","504","0","6"
"01-04 years","Oconee","4","0","0"
"05-09 years","Oconee","14","0","0"
"10-17 years","Oconee","61","0","0"
"18-29 years","Oconee","247","0","3"
"30-39 years","Oconee","106","0","2"
"40-49 years","Oconee","140","0","9"
"50-59 years","Oconee","141","2","5"
"60-69 years","Oconee","94","10","17"
"70-79 years","Oconee","64","7","15"
"80 & Older years","Oconee","48","15","24"
"<1 years","Oconee","1","0","0"
"01-04 years","Oglethorpe","5","0","0"
"05-09 years","Oglethorpe","12","0","0"
"10-17 years","Oglethorpe","39","0","0"
"18-29 years","Oglethorpe","88","0","1"
"30-39 years","Oglethorpe","47","0","0"
"40-49 years","Oglethorpe","62","0","4"
"50-59 years","Oglethorpe","62","1","12"
"60-69 years","Oglethorpe","50","0","10"
"70-79 years","Oglethorpe","42","3","10"
"80 & Older years","Oglethorpe","39","9","12"
"<1 years","Oglethorpe","3","0","0"
"01-04 years","Paulding","40","0","1"
"05-09 years","Paulding","79","0","0"
"10-17 years","Paulding","292","0","5"
"18-29 years","Paulding","739","0","9"
"30-39 years","Paulding","542","1","15"
"40-49 years","Paulding","603","3","15"
"50-59 years","Paulding","547","8","33"
"60-69 years","Paulding","299","10","35"
"70-79 years","Paulding","175","20","39"
"80 & Older years","Paulding","110","27","17"
"<1 years","Paulding","8","0","0"
"Unknown years","Paulding","8","0","0"
"01-04 years","Peach","8","0","0"
"05-09 years","Peach","14","0","0"
"10-17 years","Peach","30","0","1"
"18-29 years","Peach","179","1","7"
"30-39 years","Peach","156","0","9"
"40-49 years","Peach","121","2","9"
"50-59 years","Peach","125","3","22"
"60-69 years","Peach","119","7","30"
"70-79 years","Peach","49","5","16"
"80 & Older years","Peach","33","8","15"
"<1 years","Peach","4","0","0"
"Unknown years","Peach","1","0","0"
"01-04 years","Pickens","12","0","1"
"05-09 years","Pickens","13","0","0"
"10-17 years","Pickens","40","0","0"
"18-29 years","Pickens","162","0","5"
"30-39 years","Pickens","109","0","5"
"40-49 years","Pickens","161","0","8"
"50-59 years","Pickens","157","0","11"
"60-69 years","Pickens","118","0","13"
"70-79 years","Pickens","70","6","20"
"80 & Older years","Pickens","32","6","10"
"<1 years","Pickens","1","0","0"
"Unknown years","Pickens","2","0","0"
"01-04 years","Pierce","6","0","0"
"05-09 years","Pierce","11","0","0"
"10-17 years","Pierce","53","1","1"
"18-29 years","Pierce","137","0","4"
"30-39 years","Pierce","85","0","3"
"40-49 years","Pierce","126","0","11"
"50-59 years","Pierce","105","3","10"
"60-69 years","Pierce","91","8","27"
"70-79 years","Pierce","62","6","21"
"80 & Older years","Pierce","35","8","10"
"<1 years","Pierce","3","0","0"
"Unknown years","Pierce","1","0","0"
"01-04 years","Pike","11","0","0"
"05-09 years","Pike","7","0","0"
"10-17 years","Pike","36","0","0"
"18-29 years","Pike","67","0","1"
"30-39 years","Pike","56","0","2"
"40-49 years","Pike","76","1","4"
"50-59 years","Pike","58","2","6"
"60-69 years","Pike","44","1","9"
"70-79 years","Pike","40","5","9"
"80 & Older years","Pike","11","3","3"
"<1 years","Pike","1","0","0"
"Unknown years","Pike","2","0","0"
"01-04 years","Polk","21","0","1"
"05-09 years","Polk","35","0","0"
"10-17 years","Polk","162","0","1"
"18-29 years","Polk","418","0","2"
"30-39 years","Polk","266","0","6"
"40-49 years","Polk","302","1","25"
"50-59 years","Polk","273","3","34"
"60-69 years","Polk","145","9","32"
"70-79 years","Polk","128","7","29"
"80 & Older years","Polk","60","10","21"
"<1 years","Polk","5","0","0"
"Unknown years","Polk","19","0","0"
"05-09 years","Pulaski","5","0","0"
"10-17 years","Pulaski","21","0","1"
"18-29 years","Pulaski","44","0","1"
"30-39 years","Pulaski","49","0","2"
"40-49 years","Pulaski","46","0","5"
"50-59 years","Pulaski","65","0","6"
"60-69 years","Pulaski","56","5","8"
"70-79 years","Pulaski","34","11","13"
"80 & Older years","Pulaski","30","8","4"
"<1 years","Pulaski","1","0","0"
"01-04 years","Putnam","11","0","0"
"05-09 years","Putnam","31","0","0"
"10-17 years","Putnam","54","0","1"
"18-29 years","Putnam","156","0","3"
"30-39 years","Putnam","100","0","4"
"40-49 years","Putnam","118","1","3"
"50-59 years","Putnam","137","1","9"
"60-69 years","Putnam","118","9","19"
"70-79 years","Putnam","81","9","20"
"80 & Older years","Putnam","48","8","16"
"<1 years","Putnam","5","0","0"
"01-04 years","Quitman","1","0","0"
"10-17 years","Quitman","2","0","0"
"18-29 years","Quitman","6","0","0"
"30-39 years","Quitman","4","0","1"
"40-49 years","Quitman","2","0","1"
"50-59 years","Quitman","6","0","0"
"60-69 years","Quitman","18","1","3"
"70-79 years","Quitman","2","0","1"
"80 & Older years","Quitman","2","0","1"
"01-04 years","Rabun","4","0","0"
"05-09 years","Rabun","6","0","0"
"10-17 years","Rabun","32","0","0"
"18-29 years","Rabun","93","0","5"
"30-39 years","Rabun","70","1","4"
"40-49 years","Rabun","53","0","2"
"50-59 years","Rabun","63","0","6"
"60-69 years","Rabun","71","1","14"
"70-79 years","Rabun","39","4","14"
"80 & Older years","Rabun","28","5","11"
"<1 years","Rabun","2","0","1"
"Unknown years","Rabun","2","0","0"
"05-09 years","Randolph","2","0","0"
"10-17 years","Randolph","4","0","0"
"18-29 years","Randolph","42","0","0"
"30-39 years","Randolph","50","2","3"
"40-49 years","Randolph","39","0","3"
"50-59 years","Randolph","73","3","15"
"60-69 years","Randolph","52","7","13"
"70-79 years","Randolph","32","3","10"
"80 & Older years","Randolph","46","15","16"
"<1 years","Randolph","1","0","0"
"Unknown years","Randolph","2","0","0"
"01-04 years","Richmond","83","0","0"
"05-09 years","Richmond","147","0","3"
"10-17 years","Richmond","496","0","2"
"18-29 years","Richmond","2038","3","24"
"30-39 years","Richmond","1505","3","45"
"40-49 years","Richmond","1289","13","67"
"50-59 years","Richmond","1249","17","110"
"60-69 years","Richmond","871","31","119"
"70-79 years","Richmond","488","40","130"
"80 & Older years","Richmond","340","82","156"
"<1 years","Richmond","37","0","2"
"Unknown years","Richmond","15","0","0"
"01-04 years","Rockdale","28","0","0"
"05-09 years","Rockdale","49","0","0"
"10-17 years","Rockdale","119","0","1"
"18-29 years","Rockdale","476","2","23"
"30-39 years","Rockdale","378","2","40"
"40-49 years","Rockdale","411","4","49"
"50-59 years","Rockdale","402","5","51"
"60-69 years","Rockdale","247","10","68"
"70-79 years","Rockdale","120","13","44"
"80 & Older years","Rockdale","64","8","24"
"<1 years","Rockdale","2","0","1"
"Unknown years","Rockdale","1","0","0"
"01-04 years","Schley","4","0","0"
"05-09 years","Schley","3","0","0"
"10-17 years","Schley","12","0","0"
"18-29 years","Schley","29","0","1"
"30-39 years","Schley","10","0","0"
"40-49 years","Schley","13","0","2"
"50-59 years","Schley","20","0","3"
"60-69 years","Schley","16","1","7"
"70-79 years","Schley","6","0","2"
"80 & Older years","Schley","3","1","1"
"<1 years","Schley","1","0","0"
"01-04 years","Screven","2","0","0"
"05-09 years","Screven","7","0","0"
"10-17 years","Screven","40","0","0"
"18-29 years","Screven","87","0","3"
"30-39 years","Screven","59","0","2"
"40-49 years","Screven","60","1","4"
"50-59 years","Screven","59","0","9"
"60-69 years","Screven","75","1","12"
"70-79 years","Screven","40","3","10"
"80 & Older years","Screven","28","6","7"
"<1 years","Screven","2","0","0"
"Unknown years","Screven","1","0","0"
"01-04 years","Seminole","12","0","0"
"05-09 years","Seminole","9","0","0"
"10-17 years","Seminole","38","0","0"
"18-29 years","Seminole","62","0","0"
"30-39 years","Seminole","53","0","0"
"40-49 years","Seminole","60","0","2"
"50-59 years","Seminole","63","1","6"
"60-69 years","Seminole","68","1","10"
"70-79 years","Seminole","41","5","7"
"80 & Older years","Seminole","17","4","9"
"<1 years","Seminole","2","0","0"
"01-04 years","Spalding","24","0","0"
"05-09 years","Spalding","18","0","0"
"10-17 years","Spalding","80","0","2"
"18-29 years","Spalding","293","0","11"
"30-39 years","Spalding","266","2","21"
"40-49 years","Spalding","252","2","23"
"50-59 years","Spalding","286","6","47"
"60-69 years","Spalding","228","12","39"
"70-79 years","Spalding","142","17","41"
"80 & Older years","Spalding","131","28","34"
"<1 years","Spalding","1","0","0"
"Unknown years","Spalding","2","0","0"
"01-04 years","Stephens","8","0","0"
"05-09 years","Stephens","23","0","0"
"10-17 years","Stephens","70","0","1"
"18-29 years","Stephens","245","0","9"
"30-39 years","Stephens","151","0","6"
"40-49 years","Stephens","183","1","15"
"50-59 years","Stephens","201","3","20"
"60-69 years","Stephens","203","10","37"
"70-79 years","Stephens","154","14","29"
"80 & Older years","Stephens","94","17","19"
"<1 years","Stephens","1","0","0"
"Unknown years","Stephens","8","0","0"
"01-04 years","Stewart","2","0","0"
"05-09 years","Stewart","2","0","0"
"10-17 years","Stewart","9","0","0"
"18-29 years","Stewart","120","0","10"
"30-39 years","Stewart","164","1","15"
"40-49 years","Stewart","110","1","14"
"50-59 years","Stewart","62","1","10"
"60-69 years","Stewart","50","8","21"
"70-79 years","Stewart","21","2","3"
"80 & Older years","Stewart","16","4","4"
"<1 years","Stewart","1","0","0"
"Unknown years","Stewart","14","0","4"
"01-04 years","Sumter","8","0","0"
"05-09 years","Sumter","14","0","0"
"10-17 years","Sumter","24","0","2"
"18-29 years","Sumter","173","1","6"
"30-39 years","Sumter","138","1","16"
"40-49 years","Sumter","126","3","18"
"50-59 years","Sumter","156","2","37"
"60-69 years","Sumter","153","19","55"
"70-79 years","Sumter","111","20","36"
"80 & Older years","Sumter","72","22","36"
"<1 years","Sumter","1","0","0"
"Unknown years","Sumter","1","0","0"
"01-04 years","Talbot","1","0","0"
"05-09 years","Talbot","1","0","0"
"10-17 years","Talbot","19","0","0"
"18-29 years","Talbot","22","0","1"
"30-39 years","Talbot","18","0","1"
"40-49 years","Talbot","38","1","4"
"50-59 years","Talbot","34","1","5"
"60-69 years","Talbot","29","2","8"
"70-79 years","Talbot","19","2","3"
"80 & Older years","Talbot","12","2","6"
"05-09 years","Taliaferro","1","0","0"
"10-17 years","Taliaferro","2","0","0"
"18-29 years","Taliaferro","4","0","0"
"30-39 years","Taliaferro","3","0","0"
"40-49 years","Taliaferro","9","0","1"
"50-59 years","Taliaferro","7","0","0"
"60-69 years","Taliaferro","1","0","0"
"70-79 years","Taliaferro","4","0","0"
"80 & Older years","Taliaferro","1","0","1"
"01-04 years","Tattnall","19","0","0"
"05-09 years","Tattnall","28","0","0"
"10-17 years","Tattnall","79","0","0"
"18-29 years","Tattnall","207","0","1"
"30-39 years","Tattnall","138","0","3"
"40-49 years","Tattnall","151","0","5"
"50-59 years","Tattnall","153","3","14"
"60-69 years","Tattnall","119","6","19"
"70-79 years","Tattnall","55","7","22"
"80 & Older years","Tattnall","22","3","7"
"<1 years","Tattnall","4","0","0"
"Unknown years","Tattnall","2","0","1"
"01-04 years","Taylor","9","0","0"
"05-09 years","Taylor","7","0","0"
"10-17 years","Taylor","30","0","1"
"18-29 years","Taylor","47","0","0"
"30-39 years","Taylor","23","0","3"
"40-49 years","Taylor","37","1","4"
"50-59 years","Taylor","31","0","6"
"60-69 years","Taylor","27","5","10"
"70-79 years","Taylor","22","2","6"
"80 & Older years","Taylor","14","5","5"
"<1 years","Taylor","3","0","0"
"01-04 years","Telfair","6","0","0"
"05-09 years","Telfair","8","0","0"
"10-17 years","Telfair","10","0","0"
"18-29 years","Telfair","103","0","2"
"30-39 years","Telfair","69","0","1"
"40-49 years","Telfair","76","0","5"
"50-59 years","Telfair","71","3","7"
"60-69 years","Telfair","79","5","15"
"70-79 years","Telfair","51","6","11"
"80 & Older years","Telfair","32","11","7"
"<1 years","Telfair","3","0","0"
"01-04 years","Terrell","4","0","0"
"05-09 years","Terrell","1","0","0"
"10-17 years","Terrell","18","0","0"
"18-29 years","Terrell","39","0","1"
"30-39 years","Terrell","51","0","8"
"40-49 years","Terrell","43","0","7"
"50-59 years","Terrell","58","3","8"
"60-69 years","Terrell","66","9","24"
"70-79 years","Terrell","43","12","19"
"80 & Older years","Terrell","23","8","7"
"01-04 years","Thomas","24","0","0"
"05-09 years","Thomas","28","0","0"
"10-17 years","Thomas","96","0","0"
"18-29 years","Thomas","292","1","12"
"30-39 years","Thomas","244","0","10"
"40-49 years","Thomas","250","4","17"
"50-59 years","Thomas","266","4","21"
"60-69 years","Thomas","229","9","51"
"70-79 years","Thomas","136","22","35"
"80 & Older years","Thomas","88","33","31"
"<1 years","Thomas","5","0","1"
"01-04 years","Tift","19","0","0"
"05-09 years","Tift","39","0","2"
"10-17 years","Tift","136","0","3"
"18-29 years","Tift","526","0","11"
"30-39 years","Tift","306","1","20"
"40-49 years","Tift","327","6","37"
"50-59 years","Tift","266","9","44"
"60-69 years","Tift","194","13","49"
"70-79 years","Tift","149","20","50"
"80 & Older years","Tift","63","18","36"
"<1 years","Tift","9","0","0"
"Unknown years","Tift","1","0","0"
"01-04 years","Toombs","18","0","0"
"05-09 years","Toombs","30","0","0"
"10-17 years","Toombs","117","0","1"
"18-29 years","Toombs","322","0","5"
"30-39 years","Toombs","245","0","1"
"40-49 years","Toombs","233","1","19"
"50-59 years","Toombs","205","5","15"
"60-69 years","Toombs","169","4","32"
"70-79 years","Toombs","129","23","29"
"80 & Older years","Toombs","85","26","20"
"<1 years","Toombs","1","0","0"
"01-04 years","Towns","1","0","0"
"05-09 years","Towns","3","0","0"
"10-17 years","Towns","17","0","0"
"18-29 years","Towns","83","0","2"
"30-39 years","Towns","46","0","2"
"40-49 years","Towns","45","1","3"
"50-59 years","Towns","75","1","7"
"60-69 years","Towns","95","0","7"
"70-79 years","Towns","73","4","18"
"80 & Older years","Towns","54","10","24"
"01-04 years","Treutlen","2","0","0"
"05-09 years","Treutlen","8","0","0"
"10-17 years","Treutlen","23","0","0"
"18-29 years","Treutlen","51","0","1"
"30-39 years","Treutlen","42","0","2"
"40-49 years","Treutlen","57","0","5"
"50-59 years","Treutlen","51","1","5"
"60-69 years","Treutlen","36","2","9"
"70-79 years","Treutlen","31","7","6"
"80 & Older years","Treutlen","18","3","5"
"01-04 years","Troup","84","0","0"
"05-09 years","Troup","98","0","0"
"10-17 years","Troup","213","0","2"
"18-29 years","Troup","698","0","22"
"30-39 years","Troup","504","5","32"
"40-49 years","Troup","426","2","40"
"50-59 years","Troup","452","11","78"
"60-69 years","Troup","316","16","69"
"70-79 years","Troup","153","28","60"
"80 & Older years","Troup","155","52","48"
"<1 years","Troup","26","0","1"
"Unknown years","Troup","4","0","0"
"05-09 years","Turner","4","0","0"
"10-17 years","Turner","12","0","0"
"18-29 years","Turner","49","0","1"
"30-39 years","Turner","69","0","6"
"40-49 years","Turner","53","0","2"
"50-59 years","Turner","66","2","8"
"60-69 years","Turner","49","6","15"
"70-79 years","Turner","26","6","10"
"80 & Older years","Turner","23","11","8"
"<1 years","Turner","1","0","1"
"Unknown years","Turner","1","0","0"
"01-04 years","Twiggs","6","0","0"
"05-09 years","Twiggs","1","0","0"
"10-17 years","Twiggs","14","0","0"
"18-29 years","Twiggs","29","0","1"
"30-39 years","Twiggs","31","1","4"
"40-49 years","Twiggs","32","1","6"
"50-59 years","Twiggs","44","1","9"
"60-69 years","Twiggs","46","2","18"
"70-79 years","Twiggs","22","3","10"
"80 & Older years","Twiggs","7","3","6"
"01-04 years","Union","4","0","0"
"05-09 years","Union","12","0","0"
"10-17 years","Union","30","0","1"
"18-29 years","Union","117","1","1"
"30-39 years","Union","103","0","2"
"40-49 years","Union","115","0","9"
"50-59 years","Union","144","2","10"
"60-69 years","Union","163","3","23"
"70-79 years","Union","151","12","29"
"80 & Older years","Union","120","13","28"
"<1 years","Union","1","0","0"
"Unknown years","Union","1","0","0"
"01-04 years","Unknown","11","0","0"
"05-09 years","Unknown","38","0","0"
"10-17 years","Unknown","139","0","0"
"18-29 years","Unknown","514","0","4"
"30-39 years","Unknown","328","0","2"
"40-49 years","Unknown","279","0","1"
"50-59 years","Unknown","244","2","5"
"60-69 years","Unknown","143","1","4"
"70-79 years","Unknown","104","1","8"
"80 & Older years","Unknown","47","1","5"
"<1 years","Unknown","17","0","0"
"Unknown years","Unknown","59","0","3"
"01-04 years","Upson","17","0","0"
"05-09 years","Upson","22","0","0"
"10-17 years","Upson","52","0","1"
"18-29 years","Upson","136","0","5"
"30-39 years","Upson","91","1","3"
"40-49 years","Upson","113","1","6"
"50-59 years","Upson","135","4","15"
"60-69 years","Upson","126","15","22"
"70-79 years","Upson","93","24","26"
"80 & Older years","Upson","73","26","21"
"<1 years","Upson","3","0","0"
"Unknown years","Upson","4","0","0"
"01-04 years","Walker","15","0","0"
"05-09 years","Walker","38","0","0"
"10-17 years","Walker","180","0","1"
"18-29 years","Walker","385","0","2"
"30-39 years","Walker","288","0","6"
"40-49 years","Walker","340","3","10"
"50-59 years","Walker","291","1","16"
"60-69 years","Walker","265","8","23"
"70-79 years","Walker","180","22","24"
"80 & Older years","Walker","119","13","16"
"<1 years","Walker","10","0","0"
"Unknown years","Walker","28","0","2"
"01-04 years","Walton","17","0","0"
"05-09 years","Walton","41","0","1"
"10-17 years","Walton","178","0","2"
"18-29 years","Walton","473","0","14"
"30-39 years","Walton","371","0","17"
"40-49 years","Walton","371","1","29"
"50-59 years","Walton","404","4","41"
"60-69 years","Walton","267","10","37"
"70-79 years","Walton","208","20","55"
"80 & Older years","Walton","158","37","44"
"<1 years","Walton","6","0","1"
"Unknown years","Walton","2","0","0"
"01-04 years","Ware","41","0","1"
"05-09 years","Ware","37","0","0"
"10-17 years","Ware","131","0","2"
"18-29 years","Ware","362","0","5"
"30-39 years","Ware","291","0","14"
"40-49 years","Ware","229","2","21"
"50-59 years","Ware","249","5","39"
"60-69 years","Ware","177","8","31"
"70-79 years","Ware","161","24","60"
"80 & Older years","Ware","111","28","31"
"<1 years","Ware","9","0","0"
"Unknown years","Ware","8","0","1"
"01-04 years","Warren","4","0","0"
"05-09 years","Warren","1","0","0"
"10-17 years","Warren","9","0","0"
"18-29 years","Warren","25","0","2"
"30-39 years","Warren","26","0","2"
"40-49 years","Warren","25","1","4"
"50-59 years","Warren","34","1","6"
"60-69 years","Warren","21","2","5"
"70-79 years","Warren","16","1","6"
"80 & Older years","Warren","8","1","2"
"<1 years","Warren","2","0","1"
"Unknown years","Warren","2","0","0"
"01-04 years","Washington","12","0","0"
"05-09 years","Washington","11","0","0"
"10-17 years","Washington","57","0","1"
"18-29 years","Washington","154","0","2"
"30-39 years","Washington","134","0","6"
"40-49 years","Washington","167","1","7"
"50-59 years","Washington","125","1","9"
"60-69 years","Washington","112","6","11"
"70-79 years","Washington","73","3","10"
"80 & Older years","Washington","48","3","5"
"<1 years","Washington","8","0","0"
"Unknown years","Washington","5","0","0"
"01-04 years","Wayne","18","0","0"
"05-09 years","Wayne","6","0","0"
"10-17 years","Wayne","60","0","0"
"18-29 years","Wayne","210","1","6"
"30-39 years","Wayne","211","0","3"
"40-49 years","Wayne","245","1","21"
"50-59 years","Wayne","194","4","11"
"60-69 years","Wayne","147","8","32"
"70-79 years","Wayne","137","13","38"
"80 & Older years","Wayne","68","11","14"
"<1 years","Wayne","2","0","0"
"Unknown years","Wayne","6","0","0"
"18-29 years","Webster","10","0","1"
"30-39 years","Webster","3","0","0"
"40-49 years","Webster","7","0","2"
"50-59 years","Webster","10","2","4"
"60-69 years","Webster","9","0","3"
"70-79 years","Webster","4","0","0"
"Unknown years","Webster","2","0","0"
"05-09 years","Wheeler","2","0","0"
"10-17 years","Wheeler","12","0","0"
"18-29 years","Wheeler","36","0","0"
"30-39 years","Wheeler","60","2","2"
"40-49 years","Wheeler","68","1","3"
"50-59 years","Wheeler","75","5","5"
"60-69 years","Wheeler","48","3","5"
"70-79 years","Wheeler","33","3","6"
"80 & Older years","Wheeler","8","2","1"
"<1 years","Wheeler","1","0","0"
"Unknown years","Wheeler","27","2","1"
"01-04 years","White","9","0","0"
"05-09 years","White","17","0","0"
"10-17 years","White","74","0","1"
"18-29 years","White","171","1","4"
"30-39 years","White","129","1","4"
"40-49 years","White","150","1","7"
"50-59 years","White","162","2","17"
"60-69 years","White","156","3","28"
"70-79 years","White","115","5","31"
"80 & Older years","White","76","13","27"
"<1 years","White","4","0","0"
"Unknown years","White","10","0","0"
"01-04 years","Whitfield","76","0","2"
"05-09 years","Whitfield","121","0","2"
"10-17 years","Whitfield","494","0","1"
"18-29 years","Whitfield","1703","0","27"
"30-39 years","Whitfield","990","1","30"
"40-49 years","Whitfield","1056","2","40"
"50-59 years","Whitfield","875","10","53"
"60-69 years","Whitfield","501","17","67"
"70-79 years","Whitfield","260","15","52"
"80 & Older years","Whitfield","131","25","35"
"<1 years","Whitfield","34","0","3"
"Unknown years","Whitfield","5","0","0"
"01-04 years","Wilcox","8","0","0"
"05-09 years","Wilcox","1","0","0"
"10-17 years","Wilcox","11","0","0"
"18-29 years","Wilcox","16","0","0"
"30-39 years","Wilcox","20","0","1"
"40-49 years","Wilcox","48","0","11"
"50-59 years","Wilcox","40","0","9"
"60-69 years","Wilcox","65","9","20"
"70-79 years","Wilcox","36","9","8"
"80 & Older years","Wilcox","16","7","4"
"<1 years","Wilcox","1","0","0"
"01-04 years","Wilkes","5","0","0"
"05-09 years","Wilkes","8","0","0"
"10-17 years","Wilkes","28","0","0"
"18-29 years","Wilkes","65","0","0"
"30-39 years","Wilkes","48","0","4"
"40-49 years","Wilkes","54","0","6"
"50-59 years","Wilkes","59","1","3"
"60-69 years","Wilkes","28","0","7"
"70-79 years","Wilkes","26","2","10"
"80 & Older years","Wilkes","12","4","8"
"01-04 years","Wilkinson","4","0","0"
"05-09 years","Wilkinson","7","0","0"
"10-17 years","Wilkinson","11","0","0"
"18-29 years","Wilkinson","62","0","2"
"30-39 years","Wilkinson","48","0","4"
"40-49 years","Wilkinson","43","0","2"
"50-59 years","Wilkinson","80","3","16"
"60-69 years","Wilkinson","78","5","18"
"70-79 years","Wilkinson","33","6","14"
"80 & Older years","Wilkinson","21","4","10"
"01-04 years","Worth","7","0","0"
"05-09 years","Worth","5","0","0"
"10-17 years","Worth","30","0","4"
"18-29 years","Worth","105","0","5"
"30-39 years","Worth","65","0","5"
"40-49 years","Worth","81","1","10"
"50-59 years","Worth","105","4","18"
"60-69 years","Worth","105","13","32"
"70-79 years","Worth","62","9","17"
"80 & Older years","Worth","47","8","12"
"<1 years","Worth","3","0","0"
"Unknown years","Worth","1","0","0"
