"age group","county name","cases","deaths","confirmed_case_hospitalization"
"01-04 years","Georgia","40532","3","517"
"05-09 years","Georgia","71008","5","403"
"10-17 years","Georgia","177526","16","1482"
"18-29 years","Georgia","401351","246","7608"
"30-39 years","Georgia","314054","637","9386"
"40-49 years","Georgia","282791","1400","12588"
"50-59 years","Georgia","251818","3308","18234"
"60-69 years","Georgia","164659","5884","20447"
"70-79 years","Georgia","90129","7568","18596"
"80 & Older years","Georgia","47420","8797","13747"
"<1 years","Georgia","13541","1","607"
"Unknown years","Georgia","5787","0","207"
"01-04 years","Appling","73","0","0"
"05-09 years","Appling","125","0","0"
"10-17 years","Appling","412","0","3"
"18-29 years","Appling","623","1","8"
"30-39 years","Appling","486","3","10"
"40-49 years","Appling","470","9","29"
"50-59 years","Appling","472","11","44"
"60-69 years","Appling","389","22","72"
"70-79 years","Appling","260","25","50"
"80 & Older years","Appling","133","31","42"
"<1 years","Appling","15","0","0"
"Unknown years","Appling","1","0","0"
"01-04 years","Atkinson","33","0","2"
"05-09 years","Atkinson","67","0","1"
"10-17 years","Atkinson","176","0","2"
"18-29 years","Atkinson","309","0","16"
"30-39 years","Atkinson","229","0","15"
"40-49 years","Atkinson","214","4","35"
"50-59 years","Atkinson","208","5","37"
"60-69 years","Atkinson","139","7","43"
"70-79 years","Atkinson","68","8","26"
"80 & Older years","Atkinson","27","8","15"
"<1 years","Atkinson","8","0","0"
"Unknown years","Atkinson","1","0","0"
"01-04 years","Bacon","53","0","1"
"05-09 years","Bacon","75","0","0"
"10-17 years","Bacon","225","0","1"
"18-29 years","Bacon","621","0","10"
"30-39 years","Bacon","363","1","13"
"40-49 years","Bacon","364","5","23"
"50-59 years","Bacon","279","3","27"
"60-69 years","Bacon","239","17","50"
"70-79 years","Bacon","150","14","45"
"80 & Older years","Bacon","72","14","22"
"<1 years","Bacon","18","0","0"
"Unknown years","Bacon","2","0","0"
"01-04 years","Baker","11","0","0"
"05-09 years","Baker","21","0","0"
"10-17 years","Baker","22","0","0"
"18-29 years","Baker","54","0","0"
"30-39 years","Baker","34","0","4"
"40-49 years","Baker","35","3","3"
"50-59 years","Baker","39","0","4"
"60-69 years","Baker","45","3","16"
"70-79 years","Baker","23","3","11"
"80 & Older years","Baker","16","4","6"
"<1 years","Baker","3","0","0"
"Unknown years","Baker","1","0","0"
"01-04 years","Baldwin","116","0","2"
"05-09 years","Baldwin","245","0","0"
"10-17 years","Baldwin","555","1","5"
"18-29 years","Baldwin","1990","0","22"
"30-39 years","Baldwin","1011","2","20"
"40-49 years","Baldwin","945","6","45"
"50-59 years","Baldwin","898","22","80"
"60-69 years","Baldwin","682","40","93"
"70-79 years","Baldwin","413","44","71"
"80 & Older years","Baldwin","227","62","76"
"<1 years","Baldwin","37","0","3"
"Unknown years","Baldwin","5","0","0"
"01-04 years","Banks","46","0","2"
"05-09 years","Banks","84","0","1"
"10-17 years","Banks","245","0","5"
"18-29 years","Banks","631","0","21"
"30-39 years","Banks","464","0","21"
"40-49 years","Banks","476","6","31"
"50-59 years","Banks","481","6","41"
"60-69 years","Banks","385","16","71"
"70-79 years","Banks","263","26","77"
"80 & Older years","Banks","111","16","36"
"<1 years","Banks","26","0","3"
"Unknown years","Banks","21","0","1"
"01-04 years","Barrow","370","0","1"
"05-09 years","Barrow","667","0","3"
"10-17 years","Barrow","1882","1","15"
"18-29 years","Barrow","3724","1","66"
"30-39 years","Barrow","3323","3","90"
"40-49 years","Barrow","3152","14","120"
"50-59 years","Barrow","2604","22","179"
"60-69 years","Barrow","1691","49","194"
"70-79 years","Barrow","955","60","148"
"80 & Older years","Barrow","413","68","126"
"<1 years","Barrow","146","0","11"
"Unknown years","Barrow","12","0","2"
"01-04 years","Bartow","437","0","14"
"05-09 years","Bartow","661","0","4"
"10-17 years","Bartow","1966","0","17"
"18-29 years","Bartow","4050","0","39"
"30-39 years","Bartow","3301","6","70"
"40-49 years","Bartow","3182","10","127"
"50-59 years","Bartow","3253","38","229"
"60-69 years","Bartow","2031","91","240"
"70-79 years","Bartow","1250","115","260"
"80 & Older years","Bartow","589","105","160"
"<1 years","Bartow","184","0","8"
"Unknown years","Bartow","61","0","3"
"01-04 years","Ben Hill","42","0","1"
"05-09 years","Ben Hill","41","0","0"
"10-17 years","Ben Hill","177","0","0"
"18-29 years","Ben Hill","421","0","5"
"30-39 years","Ben Hill","337","3","13"
"40-49 years","Ben Hill","293","2","15"
"50-59 years","Ben Hill","305","8","34"
"60-69 years","Ben Hill","256","17","37"
"70-79 years","Ben Hill","169","22","56"
"80 & Older years","Ben Hill","78","20","21"
"<1 years","Ben Hill","14","0","2"
"01-04 years","Berrien","59","0","1"
"05-09 years","Berrien","70","0","0"
"10-17 years","Berrien","192","0","1"
"18-29 years","Berrien","373","0","0"
"30-39 years","Berrien","316","0","5"
"40-49 years","Berrien","240","1","7"
"50-59 years","Berrien","273","6","24"
"60-69 years","Berrien","208","11","29"
"70-79 years","Berrien","141","18","22"
"80 & Older years","Berrien","73","15","15"
"<1 years","Berrien","17","0","0"
"Unknown years","Berrien","2","0","0"
"01-04 years","Bibb","469","0","8"
"05-09 years","Bibb","869","0","4"
"10-17 years","Bibb","2151","0","15"
"18-29 years","Bibb","6333","4","142"
"30-39 years","Bibb","4784","11","202"
"40-49 years","Bibb","4241","28","322"
"50-59 years","Bibb","3769","64","443"
"60-69 years","Bibb","2822","143","582"
"70-79 years","Bibb","1535","173","488"
"80 & Older years","Bibb","865","199","395"
"<1 years","Bibb","131","0","8"
"Unknown years","Bibb","13","0","1"
"01-04 years","Bleckley","22","0","0"
"05-09 years","Bleckley","60","0","0"
"10-17 years","Bleckley","168","0","1"
"18-29 years","Bleckley","333","0","6"
"30-39 years","Bleckley","206","1","5"
"40-49 years","Bleckley","187","1","2"
"50-59 years","Bleckley","172","4","9"
"60-69 years","Bleckley","125","9","15"
"70-79 years","Bleckley","84","8","15"
"80 & Older years","Bleckley","66","18","15"
"<1 years","Bleckley","10","0","0"
"Unknown years","Bleckley","1","0","0"
"01-04 years","Brantley","49","0","0"
"05-09 years","Brantley","89","0","0"
"10-17 years","Brantley","264","0","1"
"18-29 years","Brantley","467","0","5"
"30-39 years","Brantley","351","3","8"
"40-49 years","Brantley","329","5","20"
"50-59 years","Brantley","351","18","35"
"60-69 years","Brantley","248","16","42"
"70-79 years","Brantley","168","25","45"
"80 & Older years","Brantley","68","15","19"
"<1 years","Brantley","9","0","0"
"Unknown years","Brantley","2","0","0"
"01-04 years","Brooks","49","0","1"
"05-09 years","Brooks","69","0","0"
"10-17 years","Brooks","157","0","0"
"18-29 years","Brooks","327","0","4"
"30-39 years","Brooks","262","1","10"
"40-49 years","Brooks","249","2","17"
"50-59 years","Brooks","276","7","33"
"60-69 years","Brooks","172","12","29"
"70-79 years","Brooks","144","17","27"
"80 & Older years","Brooks","87","19","23"
"<1 years","Brooks","22","0","0"
"Unknown years","Brooks","1","0","0"
"01-04 years","Bryan","199","0","0"
"05-09 years","Bryan","320","0","2"
"10-17 years","Bryan","814","0","4"
"18-29 years","Bryan","1279","1","20"
"30-39 years","Bryan","1147","4","29"
"40-49 years","Bryan","1088","5","52"
"50-59 years","Bryan","758","8","56"
"60-69 years","Bryan","472","18","66"
"70-79 years","Bryan","271","19","98"
"80 & Older years","Bryan","105","12","34"
"<1 years","Bryan","78","0","5"
"Unknown years","Bryan","20","0","0"
"01-04 years","Bulloch","254","0","1"
"05-09 years","Bulloch","441","0","1"
"10-17 years","Bulloch","1092","0","3"
"18-29 years","Bulloch","3756","1","18"
"30-39 years","Bulloch","1467","5","31"
"40-49 years","Bulloch","1120","7","40"
"50-59 years","Bulloch","994","19","64"
"60-69 years","Bulloch","649","24","74"
"70-79 years","Bulloch","322","28","63"
"80 & Older years","Bulloch","155","19","43"
"<1 years","Bulloch","99","0","5"
"Unknown years","Bulloch","1","0","0"
"01-04 years","Burke","53","0","0"
"05-09 years","Burke","105","0","0"
"10-17 years","Burke","269","0","3"
"18-29 years","Burke","575","2","15"
"30-39 years","Burke","466","1","19"
"40-49 years","Burke","468","5","26"
"50-59 years","Burke","414","6","38"
"60-69 years","Burke","328","10","50"
"70-79 years","Burke","162","16","45"
"80 & Older years","Burke","52","13","21"
"<1 years","Burke","19","0","0"
"Unknown years","Burke","3","0","0"
"01-04 years","Butts","89","0","3"
"05-09 years","Butts","117","0","0"
"10-17 years","Butts","347","0","6"
"18-29 years","Butts","870","0","11"
"30-39 years","Butts","780","1","12"
"40-49 years","Butts","694","5","27"
"50-59 years","Butts","714","18","54"
"60-69 years","Butts","470","23","54"
"70-79 years","Butts","306","36","54"
"80 & Older years","Butts","183","42","17"
"<1 years","Butts","37","0","3"
"Unknown years","Butts","2","0","0"
"01-04 years","Calhoun","27","0","0"
"05-09 years","Calhoun","23","0","0"
"10-17 years","Calhoun","71","0","1"
"18-29 years","Calhoun","168","0","9"
"30-39 years","Calhoun","172","3","8"
"40-49 years","Calhoun","157","1","11"
"50-59 years","Calhoun","143","4","21"
"60-69 years","Calhoun","112","4","27"
"70-79 years","Calhoun","45","7","12"
"80 & Older years","Calhoun","32","2","11"
"<1 years","Calhoun","6","0","0"
"Unknown years","Calhoun","3","0","0"
"01-04 years","Camden","211","0","0"
"05-09 years","Camden","350","0","2"
"10-17 years","Camden","872","0","1"
"18-29 years","Camden","1810","0","12"
"30-39 years","Camden","1479","3","26"
"40-49 years","Camden","1039","10","30"
"50-59 years","Camden","1088","14","39"
"60-69 years","Camden","731","23","54"
"70-79 years","Camden","407","14","36"
"80 & Older years","Camden","158","23","30"
"<1 years","Camden","40","0","2"
"Unknown years","Camden","51","0","0"
"01-04 years","Candler","23","0","0"
"05-09 years","Candler","47","0","0"
"10-17 years","Candler","126","0","0"
"18-29 years","Candler","230","0","2"
"30-39 years","Candler","188","0","7"
"40-49 years","Candler","185","5","4"
"50-59 years","Candler","207","13","20"
"60-69 years","Candler","141","10","20"
"70-79 years","Candler","103","15","23"
"80 & Older years","Candler","36","8","15"
"<1 years","Candler","11","0","0"
"01-04 years","Carroll","275","0","3"
"05-09 years","Carroll","445","0","4"
"10-17 years","Carroll","1421","0","7"
"18-29 years","Carroll","3218","1","22"
"30-39 years","Carroll","2263","4","28"
"40-49 years","Carroll","2029","10","49"
"50-59 years","Carroll","1923","17","68"
"60-69 years","Carroll","1280","34","105"
"70-79 years","Carroll","719","41","80"
"80 & Older years","Carroll","376","60","55"
"<1 years","Carroll","103","0","2"
"Unknown years","Carroll","15","0","2"
"01-04 years","Catoosa","246","0","1"
"05-09 years","Catoosa","433","0","2"
"10-17 years","Catoosa","1208","0","2"
"18-29 years","Catoosa","2256","1","15"
"30-39 years","Catoosa","1834","2","17"
"40-49 years","Catoosa","1833","3","37"
"50-59 years","Catoosa","1674","12","62"
"60-69 years","Catoosa","1144","16","81"
"70-79 years","Catoosa","677","29","88"
"80 & Older years","Catoosa","443","46","63"
"<1 years","Catoosa","83","0","1"
"Unknown years","Catoosa","38","0","2"
"01-04 years","Charlton","28","0","0"
"05-09 years","Charlton","62","0","0"
"10-17 years","Charlton","135","0","0"
"18-29 years","Charlton","480","1","4"
"30-39 years","Charlton","401","2","6"
"40-49 years","Charlton","325","3","14"
"50-59 years","Charlton","247","5","13"
"60-69 years","Charlton","219","12","32"
"70-79 years","Charlton","115","11","26"
"80 & Older years","Charlton","45","10","18"
"<1 years","Charlton","12","0","0"
"Unknown years","Charlton","2","0","0"
"01-04 years","Chatham","1721","0","13"
"05-09 years","Chatham","2715","1","6"
"10-17 years","Chatham","5263","0","34"
"18-29 years","Chatham","12018","7","191"
"30-39 years","Chatham","9124","26","281"
"40-49 years","Chatham","6683","43","343"
"50-59 years","Chatham","5615","88","474"
"60-69 years","Chatham","4122","147","618"
"70-79 years","Chatham","2097","182","570"
"80 & Older years","Chatham","1130","215","469"
"<1 years","Chatham","607","0","16"
"Unknown years","Chatham","146","0","2"
"01-04 years","Chattahoochee","26","0","0"
"05-09 years","Chattahoochee","50","0","0"
"10-17 years","Chattahoochee","212","0","2"
"18-29 years","Chattahoochee","4784","7","10"
"30-39 years","Chattahoochee","512","2","6"
"40-49 years","Chattahoochee","122","1","1"
"50-59 years","Chattahoochee","68","1","11"
"60-69 years","Chattahoochee","42","1","7"
"70-79 years","Chattahoochee","22","1","7"
"80 & Older years","Chattahoochee","10","3","5"
"<1 years","Chattahoochee","14","0","0"
"Unknown years","Chattahoochee","3","0","0"
"01-04 years","Chattooga","96","0","0"
"05-09 years","Chattooga","174","0","1"
"10-17 years","Chattooga","542","0","3"
"18-29 years","Chattooga","906","0","10"
"30-39 years","Chattooga","750","2","15"
"40-49 years","Chattooga","759","6","37"
"50-59 years","Chattooga","731","13","48"
"60-69 years","Chattooga","546","23","65"
"70-79 years","Chattooga","328","22","73"
"80 & Older years","Chattooga","190","35","46"
"<1 years","Chattooga","44","0","4"
"Unknown years","Chattooga","14","0","1"
"01-04 years","Cherokee","843","0","9"
"05-09 years","Cherokee","1668","0","13"
"10-17 years","Cherokee","4772","0","24"
"18-29 years","Cherokee","8381","3","140"
"30-39 years","Cherokee","6697","8","190"
"40-49 years","Cherokee","6996","13","263"
"50-59 years","Cherokee","6600","47","400"
"60-69 years","Cherokee","4091","90","432"
"70-79 years","Cherokee","2455","140","425"
"80 & Older years","Cherokee","1269","199","345"
"<1 years","Cherokee","278","0","9"
"Unknown years","Cherokee","36","0","0"
"01-04 years","Clarke","575","0","9"
"05-09 years","Clarke","849","0","9"
"10-17 years","Clarke","1727","0","19"
"18-29 years","Clarke","10910","0","131"
"30-39 years","Clarke","3558","3","110"
"40-49 years","Clarke","2731","6","125"
"50-59 years","Clarke","2198","18","160"
"60-69 years","Clarke","1469","37","175"
"70-79 years","Clarke","869","63","195"
"80 & Older years","Clarke","423","64","126"
"<1 years","Clarke","201","0","6"
"Unknown years","Clarke","12","0","0"
"01-04 years","Clay","11","0","0"
"05-09 years","Clay","13","0","0"
"10-17 years","Clay","38","0","0"
"18-29 years","Clay","62","0","0"
"30-39 years","Clay","58","0","2"
"40-49 years","Clay","51","0","2"
"50-59 years","Clay","35","1","3"
"60-69 years","Clay","32","1","2"
"70-79 years","Clay","25","0","1"
"80 & Older years","Clay","14","2","4"
"<1 years","Clay","4","0","0"
"Unknown years","Clay","1","0","0"
"01-04 years","Clayton","1470","0","21"
"05-09 years","Clayton","2681","1","18"
"10-17 years","Clayton","5662","1","75"
"18-29 years","Clayton","11678","12","291"
"30-39 years","Clayton","10626","38","399"
"40-49 years","Clayton","8825","55","417"
"50-59 years","Clayton","7575","120","585"
"60-69 years","Clayton","4543","200","524"
"70-79 years","Clayton","1776","188","360"
"80 & Older years","Clayton","781","167","222"
"<1 years","Clayton","470","0","22"
"Unknown years","Clayton","50","0","11"
"01-04 years","Clinch","33","0","0"
"05-09 years","Clinch","44","0","0"
"10-17 years","Clinch","126","0","0"
"18-29 years","Clinch","238","0","2"
"30-39 years","Clinch","205","1","5"
"40-49 years","Clinch","182","0","4"
"50-59 years","Clinch","178","3","20"
"60-69 years","Clinch","195","12","25"
"70-79 years","Clinch","94","10","25"
"80 & Older years","Clinch","46","9","11"
"<1 years","Clinch","12","0","0"
"Unknown years","Clinch","1","0","0"
"01-04 years","Cobb","2905","1","34"
"05-09 years","Cobb","5379","0","31"
"10-17 years","Cobb","12505","0","79"
"18-29 years","Cobb","29384","9","337"
"30-39 years","Cobb","22367","38","397"
"40-49 years","Cobb","20368","63","591"
"50-59 years","Cobb","17239","133","817"
"60-69 years","Cobb","10387","253","818"
"70-79 years","Cobb","5347","393","766"
"80 & Older years","Cobb","2920","548","711"
"<1 years","Cobb","821","0","30"
"Unknown years","Cobb","175","0","0"
"01-04 years","Coffee","181","0","2"
"05-09 years","Coffee","329","0","4"
"10-17 years","Coffee","761","0","7"
"18-29 years","Coffee","1677","1","42"
"30-39 years","Coffee","1299","6","73"
"40-49 years","Coffee","1222","16","145"
"50-59 years","Coffee","1109","24","202"
"60-69 years","Coffee","809","51","201"
"70-79 years","Coffee","430","54","174"
"80 & Older years","Coffee","214","47","109"
"<1 years","Coffee","62","0","5"
"Unknown years","Coffee","7","0","0"
"01-04 years","Colquitt","131","0","0"
"05-09 years","Colquitt","313","0","2"
"10-17 years","Colquitt","955","0","12"
"18-29 years","Colquitt","1536","1","35"
"30-39 years","Colquitt","1169","3","35"
"40-49 years","Colquitt","1090","8","50"
"50-59 years","Colquitt","1016","24","55"
"60-69 years","Colquitt","727","32","74"
"70-79 years","Colquitt","452","34","68"
"80 & Older years","Colquitt","236","40","45"
"<1 years","Colquitt","50","0","2"
"Unknown years","Colquitt","3","0","0"
"01-04 years","Columbia","364","1","3"
"05-09 years","Columbia","752","1","7"
"10-17 years","Columbia","2100","0","11"
"18-29 years","Columbia","3825","2","44"
"30-39 years","Columbia","3643","7","56"
"40-49 years","Columbia","3106","17","81"
"50-59 years","Columbia","2489","38","123"
"60-69 years","Columbia","1626","47","141"
"70-79 years","Columbia","834","70","158"
"80 & Older years","Columbia","473","93","148"
"<1 years","Columbia","115","0","7"
"Unknown years","Columbia","29","0","0"
"01-04 years","Cook","49","0","3"
"05-09 years","Cook","82","0","0"
"10-17 years","Cook","204","0","2"
"18-29 years","Cook","383","0","10"
"30-39 years","Cook","311","0","5"
"40-49 years","Cook","301","3","19"
"50-59 years","Cook","257","7","23"
"60-69 years","Cook","195","12","24"
"70-79 years","Cook","125","13","30"
"80 & Older years","Cook","82","19","17"
"<1 years","Cook","27","0","3"
"01-04 years","Coweta","458","0","4"
"05-09 years","Coweta","780","0","3"
"10-17 years","Coweta","2068","0","21"
"18-29 years","Coweta","3806","5","93"
"30-39 years","Coweta","3114","15","142"
"40-49 years","Coweta","3130","28","164"
"50-59 years","Coweta","3264","53","229"
"60-69 years","Coweta","1901","69","212"
"70-79 years","Coweta","1117","103","231"
"80 & Older years","Coweta","533","106","148"
"<1 years","Coweta","130","0","8"
"Unknown years","Coweta","14","0","0"
"01-04 years","Crawford","11","0","0"
"05-09 years","Crawford","17","0","0"
"10-17 years","Crawford","68","0","2"
"18-29 years","Crawford","188","0","4"
"30-39 years","Crawford","182","1","11"
"40-49 years","Crawford","151","3","8"
"50-59 years","Crawford","214","9","25"
"60-69 years","Crawford","174","12","25"
"70-79 years","Crawford","100","14","23"
"80 & Older years","Crawford","39","3","16"
"<1 years","Crawford","3","0","0"
"01-04 years","Crisp","45","0","0"
"05-09 years","Crisp","91","0","0"
"10-17 years","Crisp","262","0","3"
"18-29 years","Crisp","426","0","15"
"30-39 years","Crisp","412","2","20"
"40-49 years","Crisp","348","4","23"
"50-59 years","Crisp","331","4","32"
"60-69 years","Crisp","279","22","50"
"70-79 years","Crisp","138","16","35"
"80 & Older years","Crisp","76","20","18"
"<1 years","Crisp","27","0","0"
"Unknown years","Crisp","65","0","0"
"01-04 years","Dade","46","0","0"
"05-09 years","Dade","107","0","0"
"10-17 years","Dade","247","0","1"
"18-29 years","Dade","478","0","2"
"30-39 years","Dade","333","0","2"
"40-49 years","Dade","370","1","10"
"50-59 years","Dade","309","6","24"
"60-69 years","Dade","252","2","14"
"70-79 years","Dade","158","11","24"
"80 & Older years","Dade","72","3","14"
"<1 years","Dade","15","0","0"
"Unknown years","Dade","17","0","2"
"01-04 years","Dawson","107","0","0"
"05-09 years","Dawson","172","0","0"
"10-17 years","Dawson","482","0","6"
"18-29 years","Dawson","1157","0","21"
"30-39 years","Dawson","974","2","26"
"40-49 years","Dawson","814","2","42"
"50-59 years","Dawson","927","9","62"
"60-69 years","Dawson","666","18","98"
"70-79 years","Dawson","406","32","74"
"80 & Older years","Dawson","162","25","40"
"<1 years","Dawson","42","0","3"
"Unknown years","Dawson","30","0","1"
"01-04 years","DeKalb","2999","0","37"
"05-09 years","DeKalb","4706","0","37"
"10-17 years","DeKalb","9807","0","124"
"18-29 years","DeKalb","27840","17","736"
"30-39 years","DeKalb","24690","31","964"
"40-49 years","DeKalb","18694","63","1043"
"50-59 years","DeKalb","15716","165","1343"
"60-69 years","DeKalb","9707","275","1420"
"70-79 years","DeKalb","4721","351","1065"
"80 & Older years","DeKalb","2563","436","740"
"<1 years","DeKalb","822","0","34"
"Unknown years","DeKalb","352","0","18"
"01-04 years","Decatur","183","0","2"
"05-09 years","Decatur","226","0","1"
"10-17 years","Decatur","489","0","1"
"18-29 years","Decatur","920","1","20"
"30-39 years","Decatur","696","1","12"
"40-49 years","Decatur","660","3","34"
"50-59 years","Decatur","562","12","47"
"60-69 years","Decatur","408","18","58"
"70-79 years","Decatur","227","24","41"
"80 & Older years","Decatur","138","24","27"
"<1 years","Decatur","61","0","0"
"Unknown years","Decatur","28","0","0"
"01-04 years","Dodge","27","0","0"
"05-09 years","Dodge","62","0","0"
"10-17 years","Dodge","206","1","2"
"18-29 years","Dodge","451","0","8"
"30-39 years","Dodge","306","2","10"
"40-49 years","Dodge","304","3","13"
"50-59 years","Dodge","291","6","23"
"60-69 years","Dodge","214","19","33"
"70-79 years","Dodge","117","18","25"
"80 & Older years","Dodge","71","15","16"
"<1 years","Dodge","12","0","0"
"Unknown years","Dodge","7","0","0"
"01-04 years","Dooly","29","0","0"
"05-09 years","Dooly","54","0","0"
"10-17 years","Dooly","143","0","1"
"18-29 years","Dooly","259","1","5"
"30-39 years","Dooly","205","0","12"
"40-49 years","Dooly","240","2","14"
"50-59 years","Dooly","229","6","22"
"60-69 years","Dooly","185","11","27"
"70-79 years","Dooly","86","10","21"
"80 & Older years","Dooly","33","9","7"
"<1 years","Dooly","10","0","0"
"Unknown years","Dooly","16","0","0"
"01-04 years","Dougherty","321","0","5"
"05-09 years","Dougherty","750","0","1"
"10-17 years","Dougherty","1802","0","17"
"18-29 years","Dougherty","2518","4","164"
"30-39 years","Dougherty","2091","9","136"
"40-49 years","Dougherty","1798","31","180"
"50-59 years","Dougherty","1621","45","239"
"60-69 years","Dougherty","1269","104","347"
"70-79 years","Dougherty","666","91","236"
"80 & Older years","Dougherty","425","133","179"
"<1 years","Dougherty","113","0","10"
"Unknown years","Dougherty","130","0","1"
"01-04 years","Douglas","601","0","8"
"05-09 years","Douglas","1104","0","10"
"10-17 years","Douglas","2852","1","28"
"18-29 years","Douglas","5323","0","73"
"30-39 years","Douglas","4605","8","114"
"40-49 years","Douglas","4774","14","177"
"50-59 years","Douglas","4110","34","233"
"60-69 years","Douglas","2283","67","246"
"70-79 years","Douglas","1094","80","189"
"80 & Older years","Douglas","491","79","137"
"<1 years","Douglas","188","0","10"
"Unknown years","Douglas","21","0","1"
"01-04 years","Early","62","0","0"
"05-09 years","Early","86","0","0"
"10-17 years","Early","297","0","0"
"18-29 years","Early","333","1","12"
"30-39 years","Early","291","1","6"
"40-49 years","Early","290","1","14"
"50-59 years","Early","284","5","18"
"60-69 years","Early","199","12","21"
"70-79 years","Early","123","20","23"
"80 & Older years","Early","65","13","19"
"<1 years","Early","12","0","0"
"Unknown years","Early","1","0","0"
"01-04 years","Echols","13","0","0"
"05-09 years","Echols","10","0","0"
"10-17 years","Echols","36","0","1"
"18-29 years","Echols","148","0","2"
"30-39 years","Echols","72","1","4"
"40-49 years","Echols","55","0","1"
"50-59 years","Echols","54","1","2"
"60-69 years","Echols","31","0","1"
"70-79 years","Echols","25","2","3"
"80 & Older years","Echols","6","1","2"
"<1 years","Echols","5","0","0"
"01-04 years","Effingham","257","0","1"
"05-09 years","Effingham","526","0","3"
"10-17 years","Effingham","1189","0","2"
"18-29 years","Effingham","1749","1","16"
"30-39 years","Effingham","1801","4","44"
"40-49 years","Effingham","1499","10","74"
"50-59 years","Effingham","1303","32","117"
"60-69 years","Effingham","851","28","123"
"70-79 years","Effingham","415","39","114"
"80 & Older years","Effingham","187","41","56"
"<1 years","Effingham","84","0","6"
"Unknown years","Effingham","26","0","0"
"01-04 years","Elbert","50","0","0"
"05-09 years","Elbert","76","0","0"
"10-17 years","Elbert","189","0","3"
"18-29 years","Elbert","466","1","7"
"30-39 years","Elbert","357","0","13"
"40-49 years","Elbert","353","1","17"
"50-59 years","Elbert","364","4","35"
"60-69 years","Elbert","313","8","43"
"70-79 years","Elbert","223","24","54"
"80 & Older years","Elbert","165","38","55"
"<1 years","Elbert","28","0","4"
"Unknown years","Elbert","4","0","0"
"01-04 years","Emanuel","73","0","2"
"05-09 years","Emanuel","121","0","1"
"10-17 years","Emanuel","371","0","3"
"18-29 years","Emanuel","638","1","5"
"30-39 years","Emanuel","523","0","19"
"40-49 years","Emanuel","510","4","17"
"50-59 years","Emanuel","436","10","41"
"60-69 years","Emanuel","337","16","38"
"70-79 years","Emanuel","204","24","37"
"80 & Older years","Emanuel","84","21","25"
"<1 years","Emanuel","19","0","1"
"Unknown years","Emanuel","12","0","1"
"01-04 years","Evans","29","0","0"
"05-09 years","Evans","68","0","0"
"10-17 years","Evans","147","0","2"
"18-29 years","Evans","279","1","3"
"30-39 years","Evans","256","0","4"
"40-49 years","Evans","216","4","23"
"50-59 years","Evans","197","6","21"
"60-69 years","Evans","127","7","24"
"70-79 years","Evans","83","16","24"
"80 & Older years","Evans","32","4","16"
"<1 years","Evans","11","0","0"
"01-04 years","Fannin","50","0","1"
"05-09 years","Fannin","96","0","0"
"10-17 years","Fannin","329","0","2"
"18-29 years","Fannin","576","0","8"
"30-39 years","Fannin","448","2","13"
"40-49 years","Fannin","516","5","19"
"50-59 years","Fannin","659","7","47"
"60-69 years","Fannin","661","21","69"
"70-79 years","Fannin","445","27","80"
"80 & Older years","Fannin","224","44","63"
"<1 years","Fannin","10","0","1"
"Unknown years","Fannin","6","0","0"
"01-04 years","Fayette","323","0","4"
"05-09 years","Fayette","621","0","4"
"10-17 years","Fayette","1699","0","13"
"18-29 years","Fayette","2809","4","38"
"30-39 years","Fayette","2094","6","57"
"40-49 years","Fayette","2599","7","96"
"50-59 years","Fayette","2566","19","166"
"60-69 years","Fayette","1810","37","156"
"70-79 years","Fayette","910","85","193"
"80 & Older years","Fayette","536","90","142"
"<1 years","Fayette","90","0","4"
"Unknown years","Fayette","20","0","0"
"01-04 years","Floyd","461","0","6"
"05-09 years","Floyd","831","0","2"
"10-17 years","Floyd","2425","1","15"
"18-29 years","Floyd","4507","4","67"
"30-39 years","Floyd","3455","8","85"
"40-49 years","Floyd","3139","18","155"
"50-59 years","Floyd","3056","46","257"
"60-69 years","Floyd","2175","64","313"
"70-79 years","Floyd","1259","101","314"
"80 & Older years","Floyd","683","107","227"
"<1 years","Floyd","192","0","9"
"Unknown years","Floyd","93","0","2"
"01-04 years","Forsyth","1006","0","9"
"05-09 years","Forsyth","2306","0","3"
"10-17 years","Forsyth","5583","0","14"
"18-29 years","Forsyth","6647","0","68"
"30-39 years","Forsyth","5954","4","100"
"40-49 years","Forsyth","7337","13","187"
"50-59 years","Forsyth","6037","28","256"
"60-69 years","Forsyth","3116","48","246"
"70-79 years","Forsyth","1762","95","301"
"80 & Older years","Forsyth","1024","123","238"
"<1 years","Forsyth","215","0","7"
"Unknown years","Forsyth","291","0","1"
"01-04 years","Franklin","71","0","1"
"05-09 years","Franklin","135","0","0"
"10-17 years","Franklin","397","0","6"
"18-29 years","Franklin","809","1","16"
"30-39 years","Franklin","592","0","14"
"40-49 years","Franklin","604","2","24"
"50-59 years","Franklin","610","5","41"
"60-69 years","Franklin","504","9","51"
"70-79 years","Franklin","305","28","53"
"80 & Older years","Franklin","141","27","35"
"<1 years","Franklin","41","0","4"
"Unknown years","Franklin","47","0","0"
"01-04 years","Fulton","3950","0","58"
"05-09 years","Fulton","6505","0","44"
"10-17 years","Fulton","15251","1","136"
"18-29 years","Fulton","43125","7","884"
"30-39 years","Fulton","34897","51","1118"
"40-49 years","Fulton","26645","67","1191"
"50-59 years","Fulton","22050","197","1708"
"60-69 years","Fulton","12923","351","1618"
"70-79 years","Fulton","6432","477","1311"
"80 & Older years","Fulton","3945","667","1175"
"<1 years","Fulton","1064","0","48"
"Unknown years","Fulton","596","0","64"
"01-04 years","Gilmer","74","0","3"
"05-09 years","Gilmer","91","0","0"
"10-17 years","Gilmer","371","0","5"
"18-29 years","Gilmer","643","0","24"
"30-39 years","Gilmer","589","2","28"
"40-49 years","Gilmer","616","1","29"
"50-59 years","Gilmer","718","17","60"
"60-69 years","Gilmer","673","22","86"
"70-79 years","Gilmer","464","43","111"
"80 & Older years","Gilmer","220","43","67"
"<1 years","Gilmer","31","0","3"
"Unknown years","Gilmer","21","0","0"
"01-04 years","Glascock","1","0","0"
"05-09 years","Glascock","8","0","0"
"10-17 years","Glascock","13","0","0"
"18-29 years","Glascock","46","0","1"
"30-39 years","Glascock","38","0","2"
"40-49 years","Glascock","38","0","1"
"50-59 years","Glascock","44","2","5"
"60-69 years","Glascock","26","0","5"
"70-79 years","Glascock","30","4","9"
"80 & Older years","Glascock","9","2","5"
"<1 years","Glascock","1","0","0"
"Unknown years","Glascock","1","0","0"
"01-04 years","Glynn","430","0","2"
"05-09 years","Glynn","866","0","1"
"10-17 years","Glynn","1997","0","3"
"18-29 years","Glynn","3361","4","39"
"30-39 years","Glynn","2808","9","46"
"40-49 years","Glynn","2399","16","67"
"50-59 years","Glynn","2126","41","116"
"60-69 years","Glynn","1765","81","180"
"70-79 years","Glynn","1045","78","132"
"80 & Older years","Glynn","512","93","123"
"<1 years","Glynn","122","0","4"
"Unknown years","Glynn","39","0","0"
"01-04 years","Gordon","221","0","1"
"05-09 years","Gordon","333","1","2"
"10-17 years","Gordon","1166","0","7"
"18-29 years","Gordon","2336","3","20"
"30-39 years","Gordon","1846","4","32"
"40-49 years","Gordon","1803","9","48"
"50-59 years","Gordon","1661","26","82"
"60-69 years","Gordon","1065","61","92"
"70-79 years","Gordon","582","52","111"
"80 & Older years","Gordon","294","47","72"
"<1 years","Gordon","84","0","4"
"Unknown years","Gordon","41","0","0"
"01-04 years","Grady","126","0","1"
"05-09 years","Grady","228","0","0"
"10-17 years","Grady","470","0","5"
"18-29 years","Grady","563","0","16"
"30-39 years","Grady","507","0","17"
"40-49 years","Grady","467","3","35"
"50-59 years","Grady","451","13","45"
"60-69 years","Grady","311","10","38"
"70-79 years","Grady","247","28","68"
"80 & Older years","Grady","87","19","29"
"<1 years","Grady","66","0","3"
"Unknown years","Grady","10","0","0"
"01-04 years","Greene","47","0","1"
"05-09 years","Greene","99","0","0"
"10-17 years","Greene","266","0","3"
"18-29 years","Greene","496","0","14"
"30-39 years","Greene","407","0","15"
"40-49 years","Greene","348","4","23"
"50-59 years","Greene","453","7","35"
"60-69 years","Greene","425","11","40"
"70-79 years","Greene","331","13","51"
"80 & Older years","Greene","156","31","59"
"<1 years","Greene","17","0","4"
"Unknown years","Greene","2","0","0"
"01-04 years","Gwinnett","3791","0","31"
"05-09 years","Gwinnett","6546","0","33"
"10-17 years","Gwinnett","16703","3","99"
"18-29 years","Gwinnett","36448","19","692"
"30-39 years","Gwinnett","29096","36","760"
"40-49 years","Gwinnett","29190","103","1046"
"50-59 years","Gwinnett","23718","185","1261"
"60-69 years","Gwinnett","13226","316","1235"
"70-79 years","Gwinnett","5786","392","1032"
"80 & Older years","Gwinnett","2935","516","891"
"<1 years","Gwinnett","1282","0","35"
"Unknown years","Gwinnett","216","0","6"
"01-04 years","Habersham","102","0","4"
"05-09 years","Habersham","185","0","0"
"10-17 years","Habersham","602","1","10"
"18-29 years","Habersham","1522","1","22"
"30-39 years","Habersham","1175","5","40"
"40-49 years","Habersham","1149","6","64"
"50-59 years","Habersham","1228","14","95"
"60-69 years","Habersham","974","33","158"
"70-79 years","Habersham","654","68","157"
"80 & Older years","Habersham","403","87","111"
"<1 years","Habersham","55","0","11"
"Unknown years","Habersham","51","0","1"
"01-04 years","Hall","569","0","11"
"05-09 years","Hall","1146","0","10"
"10-17 years","Hall","3922","0","42"
"18-29 years","Hall","9709","8","246"
"30-39 years","Hall","6840","11","292"
"40-49 years","Hall","6745","37","410"
"50-59 years","Hall","6860","66","583"
"60-69 years","Hall","4543","126","591"
"70-79 years","Hall","2811","188","652"
"80 & Older years","Hall","1543","259","497"
"<1 years","Hall","222","0","24"
"Unknown years","Hall","430","0","10"
"01-04 years","Hancock","17","0","0"
"05-09 years","Hancock","32","0","0"
"10-17 years","Hancock","85","0","1"
"18-29 years","Hancock","221","0","3"
"30-39 years","Hancock","215","2","6"
"40-49 years","Hancock","162","2","8"
"50-59 years","Hancock","214","7","19"
"60-69 years","Hancock","203","21","38"
"70-79 years","Hancock","104","22","28"
"80 & Older years","Hancock","75","25","25"
"<1 years","Hancock","7","0","0"
"01-04 years","Haralson","59","0","0"
"05-09 years","Haralson","113","0","0"
"10-17 years","Haralson","343","0","3"
"18-29 years","Haralson","675","0","6"
"30-39 years","Haralson","479","0","8"
"40-49 years","Haralson","504","2","10"
"50-59 years","Haralson","547","6","18"
"60-69 years","Haralson","322","16","25"
"70-79 years","Haralson","196","16","20"
"80 & Older years","Haralson","89","11","12"
"<1 years","Haralson","21","0","1"
"Unknown years","Haralson","7","0","0"
"01-04 years","Harris","90","0","0"
"05-09 years","Harris","175","0","0"
"10-17 years","Harris","492","0","4"
"18-29 years","Harris","777","0","12"
"30-39 years","Harris","689","0","17"
"40-49 years","Harris","780","5","31"
"50-59 years","Harris","830","10","53"
"60-69 years","Harris","630","19","85"
"70-79 years","Harris","363","38","71"
"80 & Older years","Harris","111","17","25"
"<1 years","Harris","18","0","0"
"Unknown years","Harris","29","0","0"
"01-04 years","Hart","57","0","0"
"05-09 years","Hart","84","0","1"
"10-17 years","Hart","284","0","0"
"18-29 years","Hart","557","0","4"
"30-39 years","Hart","467","0","13"
"40-49 years","Hart","407","2","20"
"50-59 years","Hart","496","4","33"
"60-69 years","Hart","350","15","38"
"70-79 years","Hart","226","12","38"
"80 & Older years","Hart","119","18","38"
"<1 years","Hart","26","0","1"
"Unknown years","Hart","19","0","0"
"01-04 years","Heard","22","0","1"
"05-09 years","Heard","64","0","0"
"10-17 years","Heard","159","0","3"
"18-29 years","Heard","253","2","5"
"30-39 years","Heard","176","0","3"
"40-49 years","Heard","239","2","19"
"50-59 years","Heard","224","2","14"
"60-69 years","Heard","162","6","17"
"70-79 years","Heard","83","8","21"
"80 & Older years","Heard","35","8","6"
"<1 years","Heard","11","0","1"
"Unknown years","Heard","1","0","0"
"01-04 years","Henry","943","0","18"
"05-09 years","Henry","1702","0","8"
"10-17 years","Henry","4584","0","47"
"18-29 years","Henry","8600","3","167"
"30-39 years","Henry","7342","13","199"
"40-49 years","Henry","7735","41","278"
"50-59 years","Henry","6841","60","352"
"60-69 years","Henry","3693","131","339"
"70-79 years","Henry","1728","145","261"
"80 & Older years","Henry","810","151","177"
"<1 years","Henry","290","0","12"
"Unknown years","Henry","45","0","3"
"01-04 years","Houston","432","0","5"
"05-09 years","Houston","879","0","1"
"10-17 years","Houston","2397","0","10"
"18-29 years","Houston","4650","7","72"
"30-39 years","Houston","4237","7","103"
"40-49 years","Houston","3566","18","153"
"50-59 years","Houston","2844","34","197"
"60-69 years","Houston","1846","74","251"
"70-79 years","Houston","920","83","217"
"80 & Older years","Houston","485","79","136"
"<1 years","Houston","107","1","8"
"Unknown years","Houston","12","0","0"
"01-04 years","Irwin","11","0","0"
"05-09 years","Irwin","23","0","0"
"10-17 years","Irwin","78","0","0"
"18-29 years","Irwin","198","0","6"
"30-39 years","Irwin","165","0","9"
"40-49 years","Irwin","184","1","11"
"50-59 years","Irwin","139","3","13"
"60-69 years","Irwin","113","2","24"
"70-79 years","Irwin","59","8","10"
"80 & Older years","Irwin","44","8","26"
"<1 years","Irwin","2","0","0"
"Unknown years","Irwin","3","0","0"
"01-04 years","Jackson","280","0","3"
"05-09 years","Jackson","590","0","2"
"10-17 years","Jackson","1981","1","14"
"18-29 years","Jackson","2989","3","55"
"30-39 years","Jackson","3022","7","73"
"40-49 years","Jackson","2926","13","118"
"50-59 years","Jackson","2677","25","163"
"60-69 years","Jackson","1760","48","175"
"70-79 years","Jackson","1160","60","198"
"80 & Older years","Jackson","541","81","151"
"<1 years","Jackson","91","0","5"
"Unknown years","Jackson","19","0","1"
"01-04 years","Jasper","33","0","0"
"05-09 years","Jasper","52","0","1"
"10-17 years","Jasper","122","0","2"
"18-29 years","Jasper","303","0","13"
"30-39 years","Jasper","234","2","12"
"40-49 years","Jasper","228","1","15"
"50-59 years","Jasper","273","6","28"
"60-69 years","Jasper","188","12","38"
"70-79 years","Jasper","100","7","21"
"80 & Older years","Jasper","42","8","15"
"<1 years","Jasper","20","0","4"
"Unknown years","Jasper","1","0","0"
"01-04 years","Jeff Davis","53","0","0"
"05-09 years","Jeff Davis","110","0","0"
"10-17 years","Jeff Davis","244","0","2"
"18-29 years","Jeff Davis","459","0","8"
"30-39 years","Jeff Davis","358","0","11"
"40-49 years","Jeff Davis","333","1","22"
"50-59 years","Jeff Davis","319","9","27"
"60-69 years","Jeff Davis","180","10","25"
"70-79 years","Jeff Davis","133","16","25"
"80 & Older years","Jeff Davis","33","9","8"
"<1 years","Jeff Davis","16","0","2"
"01-04 years","Jefferson","32","0","1"
"05-09 years","Jefferson","62","0","0"
"10-17 years","Jefferson","162","0","2"
"18-29 years","Jefferson","349","0","3"
"30-39 years","Jefferson","315","1","11"
"40-49 years","Jefferson","303","5","22"
"50-59 years","Jefferson","359","9","31"
"60-69 years","Jefferson","304","13","45"
"70-79 years","Jefferson","189","23","50"
"80 & Older years","Jefferson","83","23","33"
"<1 years","Jefferson","10","0","3"
"Unknown years","Jefferson","3","0","0"
"01-04 years","Jenkins","29","0","0"
"05-09 years","Jenkins","38","0","0"
"10-17 years","Jenkins","97","0","1"
"18-29 years","Jenkins","176","0","2"
"30-39 years","Jenkins","125","2","6"
"40-49 years","Jenkins","162","4","14"
"50-59 years","Jenkins","178","7","28"
"60-69 years","Jenkins","119","7","15"
"70-79 years","Jenkins","74","13","20"
"80 & Older years","Jenkins","54","10","12"
"<1 years","Jenkins","6","0","0"
"Unknown years","Jenkins","1","0","0"
"01-04 years","Johnson","22","0","1"
"05-09 years","Johnson","36","0","0"
"10-17 years","Johnson","101","0","1"
"18-29 years","Johnson","245","0","5"
"30-39 years","Johnson","203","1","6"
"40-49 years","Johnson","195","3","7"
"50-59 years","Johnson","197","7","17"
"60-69 years","Johnson","192","9","24"
"70-79 years","Johnson","120","11","30"
"80 & Older years","Johnson","86","22","27"
"<1 years","Johnson","19","0","3"
"Unknown years","Johnson","2","0","0"
"01-04 years","Jones","45","0","1"
"05-09 years","Jones","88","0","0"
"10-17 years","Jones","262","0","1"
"18-29 years","Jones","719","2","17"
"30-39 years","Jones","590","3","17"
"40-49 years","Jones","556","5","30"
"50-59 years","Jones","584","10","58"
"60-69 years","Jones","392","16","69"
"70-79 years","Jones","243","33","71"
"80 & Older years","Jones","120","25","36"
"<1 years","Jones","13","0","0"
"01-04 years","Lamar","95","0","0"
"05-09 years","Lamar","162","0","0"
"10-17 years","Lamar","382","0","5"
"18-29 years","Lamar","561","0","11"
"30-39 years","Lamar","460","2","16"
"40-49 years","Lamar","412","5","21"
"50-59 years","Lamar","393","12","46"
"60-69 years","Lamar","350","25","46"
"70-79 years","Lamar","229","20","42"
"80 & Older years","Lamar","94","26","31"
"<1 years","Lamar","60","0","1"
"Unknown years","Lamar","1","0","0"
"01-04 years","Lanier","17","0","0"
"05-09 years","Lanier","33","0","1"
"10-17 years","Lanier","115","0","1"
"18-29 years","Lanier","225","1","3"
"30-39 years","Lanier","225","0","3"
"40-49 years","Lanier","148","1","4"
"50-59 years","Lanier","123","2","8"
"60-69 years","Lanier","75","3","4"
"70-79 years","Lanier","61","5","7"
"80 & Older years","Lanier","30","0","6"
"<1 years","Lanier","13","0","0"
"Unknown years","Lanier","1","0","0"
"01-04 years","Laurens","199","0","2"
"05-09 years","Laurens","353","0","2"
"10-17 years","Laurens","915","0","6"
"18-29 years","Laurens","1657","0","15"
"30-39 years","Laurens","1324","4","23"
"40-49 years","Laurens","1194","12","40"
"50-59 years","Laurens","1050","28","75"
"60-69 years","Laurens","819","54","107"
"70-79 years","Laurens","502","61","103"
"80 & Older years","Laurens","291","60","73"
"<1 years","Laurens","70","0","6"
"Unknown years","Laurens","29","0","0"
"01-04 years","Lee","79","0","0"
"05-09 years","Lee","119","0","3"
"10-17 years","Lee","358","0","7"
"18-29 years","Lee","633","1","24"
"30-39 years","Lee","683","1","34"
"40-49 years","Lee","643","8","48"
"50-59 years","Lee","526","16","78"
"60-69 years","Lee","326","20","67"
"70-79 years","Lee","146","19","45"
"80 & Older years","Lee","85","18","32"
"<1 years","Lee","28","0","0"
"Unknown years","Lee","28","0","0"
"01-04 years","Liberty","476","0","2"
"05-09 years","Liberty","661","0","3"
"10-17 years","Liberty","1210","0","4"
"18-29 years","Liberty","3232","2","28"
"30-39 years","Liberty","1867","4","39"
"40-49 years","Liberty","1113","4","31"
"50-59 years","Liberty","900","23","76"
"60-69 years","Liberty","548","26","77"
"70-79 years","Liberty","229","24","71"
"80 & Older years","Liberty","88","20","32"
"<1 years","Liberty","129","0","4"
"Unknown years","Liberty","24","0","0"
"01-04 years","Lincoln","20","0","0"
"05-09 years","Lincoln","21","0","1"
"10-17 years","Lincoln","65","0","0"
"18-29 years","Lincoln","142","0","5"
"30-39 years","Lincoln","126","0","5"
"40-49 years","Lincoln","129","1","10"
"50-59 years","Lincoln","115","3","6"
"60-69 years","Lincoln","105","8","23"
"70-79 years","Lincoln","74","10","21"
"80 & Older years","Lincoln","27","7","10"
"<1 years","Lincoln","6","0","1"
"Unknown years","Lincoln","6","0","0"
"01-04 years","Long","91","0","0"
"05-09 years","Long","141","0","0"
"10-17 years","Long","298","0","0"
"18-29 years","Long","445","0","2"
"30-39 years","Long","425","2","9"
"40-49 years","Long","285","4","13"
"50-59 years","Long","191","3","18"
"60-69 years","Long","137","4","17"
"70-79 years","Long","67","6","15"
"80 & Older years","Long","25","2","11"
"<1 years","Long","38","0","0"
"Unknown years","Long","7","0","0"
"01-04 years","Lowndes","381","0","0"
"05-09 years","Lowndes","519","0","1"
"10-17 years","Lowndes","1258","0","10"
"18-29 years","Lowndes","4187","6","44"
"30-39 years","Lowndes","2551","8","43"
"40-49 years","Lowndes","1893","13","75"
"50-59 years","Lowndes","1551","26","94"
"60-69 years","Lowndes","1078","49","120"
"70-79 years","Lowndes","642","67","114"
"80 & Older years","Lowndes","352","75","86"
"<1 years","Lowndes","166","0","1"
"Unknown years","Lowndes","15","0","0"
"01-04 years","Lumpkin","70","0","1"
"05-09 years","Lumpkin","153","0","2"
"10-17 years","Lumpkin","454","0","4"
"18-29 years","Lumpkin","1528","0","25"
"30-39 years","Lumpkin","831","1","22"
"40-49 years","Lumpkin","782","1","37"
"50-59 years","Lumpkin","886","10","78"
"60-69 years","Lumpkin","761","21","91"
"70-79 years","Lumpkin","488","20","95"
"80 & Older years","Lumpkin","235","43","92"
"<1 years","Lumpkin","46","0","3"
"Unknown years","Lumpkin","39","0","2"
"01-04 years","Macon","24","0","0"
"05-09 years","Macon","27","0","0"
"10-17 years","Macon","62","0","0"
"18-29 years","Macon","228","0","6"
"30-39 years","Macon","186","1","4"
"40-49 years","Macon","195","4","9"
"50-59 years","Macon","201","6","26"
"60-69 years","Macon","131","11","34"
"70-79 years","Macon","78","9","22"
"80 & Older years","Macon","27","10","11"
"<1 years","Macon","7","0","0"
"Unknown years","Macon","2","0","1"
"01-04 years","Madison","144","0","5"
"05-09 years","Madison","208","0","0"
"10-17 years","Madison","568","0","2"
"18-29 years","Madison","1106","0","34"
"30-39 years","Madison","900","1","30"
"40-49 years","Madison","850","1","39"
"50-59 years","Madison","865","14","55"
"60-69 years","Madison","606","14","76"
"70-79 years","Madison","362","26","84"
"80 & Older years","Madison","139","19","38"
"<1 years","Madison","66","0","7"
"Unknown years","Madison","7","0","0"
"01-04 years","Marion","18","0","0"
"05-09 years","Marion","34","0","1"
"10-17 years","Marion","110","0","0"
"18-29 years","Marion","155","0","6"
"30-39 years","Marion","131","0","4"
"40-49 years","Marion","142","3","9"
"50-59 years","Marion","129","6","15"
"60-69 years","Marion","104","9","16"
"70-79 years","Marion","58","8","17"
"80 & Older years","Marion","46","10","15"
"<1 years","Marion","8","0","0"
"Unknown years","Marion","4","0","0"
"01-04 years","McDuffie","53","0","2"
"05-09 years","McDuffie","85","0","0"
"10-17 years","McDuffie","240","0","2"
"18-29 years","McDuffie","627","0","13"
"30-39 years","McDuffie","480","2","9"
"40-49 years","McDuffie","438","3","23"
"50-59 years","McDuffie","398","13","46"
"60-69 years","McDuffie","292","16","53"
"70-79 years","McDuffie","183","16","59"
"80 & Older years","McDuffie","78","18","32"
"<1 years","McDuffie","13","0","2"
"Unknown years","McDuffie","18","0","0"
"01-04 years","McIntosh","37","0","0"
"05-09 years","McIntosh","73","0","1"
"10-17 years","McIntosh","229","0","0"
"18-29 years","McIntosh","312","0","5"
"30-39 years","McIntosh","257","0","3"
"40-49 years","McIntosh","261","0","6"
"50-59 years","McIntosh","296","5","14"
"60-69 years","McIntosh","219","7","29"
"70-79 years","McIntosh","131","9","26"
"80 & Older years","McIntosh","47","10","13"
"<1 years","McIntosh","5","0","0"
"Unknown years","McIntosh","5","0","0"
"01-04 years","Meriwether","84","0","3"
"05-09 years","Meriwether","96","0","1"
"10-17 years","Meriwether","232","0","2"
"18-29 years","Meriwether","553","0","17"
"30-39 years","Meriwether","398","3","25"
"40-49 years","Meriwether","459","5","33"
"50-59 years","Meriwether","463","12","46"
"60-69 years","Meriwether","414","19","54"
"70-79 years","Meriwether","287","33","60"
"80 & Older years","Meriwether","144","34","34"
"<1 years","Meriwether","31","0","4"
"Unknown years","Meriwether","2","0","0"
"01-04 years","Miller","34","0","0"
"05-09 years","Miller","53","0","0"
"10-17 years","Miller","186","0","1"
"18-29 years","Miller","202","0","1"
"30-39 years","Miller","174","0","1"
"40-49 years","Miller","154","1","7"
"50-59 years","Miller","199","4","19"
"60-69 years","Miller","136","4","14"
"70-79 years","Miller","57","4","6"
"80 & Older years","Miller","46","3","9"
"<1 years","Miller","5","0","0"
"01-04 years","Mitchell","65","0","2"
"05-09 years","Mitchell","104","0","0"
"10-17 years","Mitchell","267","0","5"
"18-29 years","Mitchell","540","1","19"
"30-39 years","Mitchell","469","1","23"
"40-49 years","Mitchell","424","7","28"
"50-59 years","Mitchell","432","13","66"
"60-69 years","Mitchell","334","19","65"
"70-79 years","Mitchell","194","22","61"
"80 & Older years","Mitchell","122","29","38"
"<1 years","Mitchell","23","0","1"
"Unknown years","Mitchell","6","0","0"
"01-04 years","Monroe","38","0","4"
"05-09 years","Monroe","81","0","1"
"10-17 years","Monroe","243","0","1"
"18-29 years","Monroe","660","2","11"
"30-39 years","Monroe","577","0","12"
"40-49 years","Monroe","625","7","30"
"50-59 years","Monroe","620","8","38"
"60-69 years","Monroe","509","29","71"
"70-79 years","Monroe","269","30","58"
"80 & Older years","Monroe","151","45","43"
"<1 years","Monroe","19","0","1"
"01-04 years","Montgomery","20","0","0"
"05-09 years","Montgomery","24","0","0"
"10-17 years","Montgomery","117","0","1"
"18-29 years","Montgomery","307","1","2"
"30-39 years","Montgomery","226","2","6"
"40-49 years","Montgomery","211","1","4"
"50-59 years","Montgomery","194","6","14"
"60-69 years","Montgomery","164","9","16"
"70-79 years","Montgomery","91","13","16"
"80 & Older years","Montgomery","42","11","7"
"<1 years","Montgomery","7","0","0"
"Unknown years","Montgomery","6","0","0"
"01-04 years","Morgan","70","0","0"
"05-09 years","Morgan","98","0","1"
"10-17 years","Morgan","230","0","2"
"18-29 years","Morgan","495","0","13"
"30-39 years","Morgan","416","0","14"
"40-49 years","Morgan","392","1","12"
"50-59 years","Morgan","420","6","32"
"60-69 years","Morgan","283","8","31"
"70-79 years","Morgan","223","7","33"
"80 & Older years","Morgan","116","21","39"
"<1 years","Morgan","34","0","2"
"Unknown years","Morgan","1","0","0"
"01-04 years","Murray","194","0","2"
"05-09 years","Murray","297","0","4"
"10-17 years","Murray","982","0","2"
"18-29 years","Murray","1848","0","17"
"30-39 years","Murray","1363","3","16"
"40-49 years","Murray","1407","10","43"
"50-59 years","Murray","1199","20","80"
"60-69 years","Murray","793","26","97"
"70-79 years","Murray","466","55","91"
"80 & Older years","Murray","190","36","43"
"<1 years","Murray","92","0","2"
"Unknown years","Murray","3","0","0"
"01-04 years","Muscogee","664","0","8"
"05-09 years","Muscogee","1246","0","0"
"10-17 years","Muscogee","2935","0","25"
"18-29 years","Muscogee","6932","12","163"
"30-39 years","Muscogee","5393","9","204"
"40-49 years","Muscogee","4272","21","243"
"50-59 years","Muscogee","3924","85","382"
"60-69 years","Muscogee","2882","145","478"
"70-79 years","Muscogee","1494","143","342"
"80 & Older years","Muscogee","836","204","276"
"<1 years","Muscogee","215","0","10"
"Unknown years","Muscogee","163","0","0"
"01-04 years","Newton","343","0","20"
"05-09 years","Newton","755","0","11"
"10-17 years","Newton","1652","0","70"
"18-29 years","Newton","3347","2","263"
"30-39 years","Newton","2864","8","237"
"40-49 years","Newton","2971","21","260"
"50-59 years","Newton","2603","47","315"
"60-69 years","Newton","1463","67","267"
"70-79 years","Newton","876","97","255"
"80 & Older years","Newton","470","113","174"
"<1 years","Newton","109","0","19"
"Unknown years","Newton","8","0","1"
"01-04 years","Non-GA Resident/Unknown State","1148","0","13"
"05-09 years","Non-GA Resident/Unknown State","1836","0","10"
"10-17 years","Non-GA Resident/Unknown State","4238","0","25"
"18-29 years","Non-GA Resident/Unknown State","13355","8","225"
"30-39 years","Non-GA Resident/Unknown State","10578","20","259"
"40-49 years","Non-GA Resident/Unknown State","9324","42","312"
"50-59 years","Non-GA Resident/Unknown State","8353","118","477"
"60-69 years","Non-GA Resident/Unknown State","5629","216","583"
"70-79 years","Non-GA Resident/Unknown State","3318","236","566"
"80 & Older years","Non-GA Resident/Unknown State","1799","216","421"
"<1 years","Non-GA Resident/Unknown State","530","0","20"
"Unknown years","Non-GA Resident/Unknown State","1214","0","52"
"01-04 years","Oconee","149","0","0"
"05-09 years","Oconee","299","0","0"
"10-17 years","Oconee","835","0","4"
"18-29 years","Oconee","1111","0","18"
"30-39 years","Oconee","868","1","13"
"40-49 years","Oconee","1185","3","36"
"50-59 years","Oconee","994","6","30"
"60-69 years","Oconee","648","12","49"
"70-79 years","Oconee","357","20","42"
"80 & Older years","Oconee","213","41","58"
"<1 years","Oconee","34","0","0"
"Unknown years","Oconee","4","0","0"
"01-04 years","Oglethorpe","49","0","1"
"05-09 years","Oglethorpe","86","0","0"
"10-17 years","Oglethorpe","228","0","4"
"18-29 years","Oglethorpe","417","0","11"
"30-39 years","Oglethorpe","314","2","14"
"40-49 years","Oglethorpe","333","3","24"
"50-59 years","Oglethorpe","325","1","32"
"60-69 years","Oglethorpe","265","6","33"
"70-79 years","Oglethorpe","183","15","32"
"80 & Older years","Oglethorpe","96","19","28"
"<1 years","Oglethorpe","21","0","1"
"Unknown years","Oglethorpe","1","0","0"
"01-04 years","Paulding","599","0","7"
"05-09 years","Paulding","1095","0","0"
"10-17 years","Paulding","2755","0","12"
"18-29 years","Paulding","4688","1","45"
"30-39 years","Paulding","4328","5","55"
"40-49 years","Paulding","4195","15","83"
"50-59 years","Paulding","3682","40","138"
"60-69 years","Paulding","1961","61","126"
"70-79 years","Paulding","999","68","127"
"80 & Older years","Paulding","544","91","101"
"<1 years","Paulding","216","0","4"
"Unknown years","Paulding","47","0","0"
"01-04 years","Peach","62","0","2"
"05-09 years","Peach","85","0","0"
"10-17 years","Peach","236","0","2"
"18-29 years","Peach","768","1","14"
"30-39 years","Peach","617","3","20"
"40-49 years","Peach","497","9","34"
"50-59 years","Peach","535","15","60"
"60-69 years","Peach","450","22","75"
"70-79 years","Peach","226","27","61"
"80 & Older years","Peach","97","22","38"
"<1 years","Peach","10","0","0"
"Unknown years","Peach","1","0","0"
"01-04 years","Pickens","57","0","4"
"05-09 years","Pickens","109","0","2"
"10-17 years","Pickens","327","0","1"
"18-29 years","Pickens","832","0","21"
"30-39 years","Pickens","681","4","28"
"40-49 years","Pickens","701","1","41"
"50-59 years","Pickens","861","10","62"
"60-69 years","Pickens","671","19","99"
"70-79 years","Pickens","488","37","115"
"80 & Older years","Pickens","214","38","64"
"<1 years","Pickens","16","0","3"
"Unknown years","Pickens","5","0","0"
"01-04 years","Pierce","63","0","0"
"05-09 years","Pierce","91","0","0"
"10-17 years","Pierce","267","1","1"
"18-29 years","Pierce","483","0","8"
"30-39 years","Pierce","370","3","15"
"40-49 years","Pierce","421","5","34"
"50-59 years","Pierce","385","17","46"
"60-69 years","Pierce","290","22","69"
"70-79 years","Pierce","197","24","71"
"80 & Older years","Pierce","84","19","33"
"<1 years","Pierce","30","0","1"
"Unknown years","Pierce","1","0","0"
"01-04 years","Pike","78","0","0"
"05-09 years","Pike","118","0","0"
"10-17 years","Pike","301","0","1"
"18-29 years","Pike","413","2","11"
"30-39 years","Pike","411","2","11"
"40-49 years","Pike","437","3","18"
"50-59 years","Pike","386","12","27"
"60-69 years","Pike","264","15","45"
"70-79 years","Pike","156","9","38"
"80 & Older years","Pike","71","13","16"
"<1 years","Pike","30","0","0"
"Unknown years","Pike","2","0","0"
"01-04 years","Polk","179","0","2"
"05-09 years","Polk","281","0","3"
"10-17 years","Polk","901","0","8"
"18-29 years","Polk","1879","0","29"
"30-39 years","Polk","1407","2","38"
"40-49 years","Polk","1316","8","65"
"50-59 years","Polk","1256","25","132"
"60-69 years","Polk","838","33","135"
"70-79 years","Polk","548","43","140"
"80 & Older years","Polk","240","36","76"
"<1 years","Polk","101","0","3"
"Unknown years","Polk","22","0","0"
"01-04 years","Pulaski","32","0","0"
"05-09 years","Pulaski","49","0","0"
"10-17 years","Pulaski","118","0","1"
"18-29 years","Pulaski","205","0","3"
"30-39 years","Pulaski","185","1","3"
"40-49 years","Pulaski","164","0","10"
"50-59 years","Pulaski","174","4","10"
"60-69 years","Pulaski","143","11","16"
"70-79 years","Pulaski","67","13","18"
"80 & Older years","Pulaski","47","13","7"
"<1 years","Pulaski","12","0","0"
"Unknown years","Pulaski","4","0","0"
"01-04 years","Putnam","61","0","0"
"05-09 years","Putnam","111","0","1"
"10-17 years","Putnam","301","0","2"
"18-29 years","Putnam","578","0","6"
"30-39 years","Putnam","528","1","19"
"40-49 years","Putnam","420","4","22"
"50-59 years","Putnam","551","5","37"
"60-69 years","Putnam","475","24","57"
"70-79 years","Putnam","346","26","78"
"80 & Older years","Putnam","143","27","44"
"<1 years","Putnam","21","0","1"
"Unknown years","Putnam","1","0","0"
"01-04 years","Quitman","6","0","0"
"05-09 years","Quitman","11","0","0"
"10-17 years","Quitman","21","0","0"
"18-29 years","Quitman","37","0","2"
"30-39 years","Quitman","30","0","2"
"40-49 years","Quitman","15","0","1"
"50-59 years","Quitman","33","0","2"
"60-69 years","Quitman","43","1","7"
"70-79 years","Quitman","12","1","2"
"80 & Older years","Quitman","11","1","2"
"<1 years","Quitman","3","0","0"
"Unknown years","Quitman","1","0","0"
"01-04 years","Rabun","38","0","0"
"05-09 years","Rabun","81","0","0"
"10-17 years","Rabun","248","0","2"
"18-29 years","Rabun","395","2","10"
"30-39 years","Rabun","320","2","14"
"40-49 years","Rabun","347","2","22"
"50-59 years","Rabun","411","6","44"
"60-69 years","Rabun","398","14","46"
"70-79 years","Rabun","310","24","61"
"80 & Older years","Rabun","122","22","38"
"<1 years","Rabun","16","0","1"
"Unknown years","Rabun","9","0","0"
"01-04 years","Randolph","13","0","0"
"05-09 years","Randolph","37","0","0"
"10-17 years","Randolph","82","0","3"
"18-29 years","Randolph","122","1","7"
"30-39 years","Randolph","115","2","8"
"40-49 years","Randolph","88","0","8"
"50-59 years","Randolph","131","6","26"
"60-69 years","Randolph","101","11","21"
"70-79 years","Randolph","65","7","19"
"80 & Older years","Randolph","55","15","17"
"<1 years","Randolph","3","0","0"
"Unknown years","Randolph","2","0","0"
"01-04 years","Richmond","718","0","6"
"05-09 years","Richmond","1326","1","10"
"10-17 years","Richmond","3130","0","40"
"18-29 years","Richmond","8161","15","116"
"30-39 years","Richmond","6341","14","168"
"40-49 years","Richmond","4746","33","203"
"50-59 years","Richmond","4291","62","356"
"60-69 years","Richmond","3219","141","420"
"70-79 years","Richmond","1664","170","432"
"80 & Older years","Richmond","926","200","348"
"<1 years","Richmond","234","0","10"
"Unknown years","Richmond","75","0","0"
"01-04 years","Rockdale","275","0","27"
"05-09 years","Rockdale","509","0","24"
"10-17 years","Rockdale","1349","0","61"
"18-29 years","Rockdale","2810","3","235"
"30-39 years","Rockdale","2335","5","255"
"40-49 years","Rockdale","2381","12","260"
"50-59 years","Rockdale","2276","28","343"
"60-69 years","Rockdale","1334","55","294"
"70-79 years","Rockdale","740","78","270"
"80 & Older years","Rockdale","372","80","188"
"<1 years","Rockdale","79","0","11"
"Unknown years","Rockdale","7","0","3"
"01-04 years","Schley","13","0","0"
"05-09 years","Schley","20","0","0"
"10-17 years","Schley","63","0","0"
"18-29 years","Schley","92","0","2"
"30-39 years","Schley","65","0","0"
"40-49 years","Schley","86","0","5"
"50-59 years","Schley","73","2","8"
"60-69 years","Schley","48","1","8"
"70-79 years","Schley","34","3","5"
"80 & Older years","Schley","11","2","3"
"<1 years","Schley","2","0","0"
"01-04 years","Screven","32","0","1"
"05-09 years","Screven","74","0","0"
"10-17 years","Screven","221","0","1"
"18-29 years","Screven","305","0","8"
"30-39 years","Screven","283","1","7"
"40-49 years","Screven","232","4","12"
"50-59 years","Screven","228","6","22"
"60-69 years","Screven","220","5","22"
"70-79 years","Screven","116","10","22"
"80 & Older years","Screven","53","9","14"
"<1 years","Screven","13","0","0"
"Unknown years","Screven","1","0","0"
"01-04 years","Seminole","33","0","0"
"05-09 years","Seminole","60","0","0"
"10-17 years","Seminole","181","0","1"
"18-29 years","Seminole","267","0","5"
"30-39 years","Seminole","213","0","4"
"40-49 years","Seminole","197","0","11"
"50-59 years","Seminole","210","3","10"
"60-69 years","Seminole","215","6","34"
"70-79 years","Seminole","131","7","22"
"80 & Older years","Seminole","56","7","20"
"<1 years","Seminole","14","0","1"
"Unknown years","Seminole","5","0","0"
"01-04 years","Spalding","247","0","2"
"05-09 years","Spalding","349","0","1"
"10-17 years","Spalding","801","0","6"
"18-29 years","Spalding","1920","4","51"
"30-39 years","Spalding","1658","7","58"
"40-49 years","Spalding","1518","17","88"
"50-59 years","Spalding","1449","40","132"
"60-69 years","Spalding","1074","77","157"
"70-79 years","Spalding","679","84","139"
"80 & Older years","Spalding","372","82","98"
"<1 years","Spalding","85","0","3"
"Unknown years","Spalding","13","0","1"
"01-04 years","Stephens","73","0","2"
"05-09 years","Stephens","144","0","1"
"10-17 years","Stephens","501","0","3"
"18-29 years","Stephens","1067","1","26"
"30-39 years","Stephens","712","0","12"
"40-49 years","Stephens","814","1","28"
"50-59 years","Stephens","838","12","57"
"60-69 years","Stephens","752","35","96"
"70-79 years","Stephens","471","36","96"
"80 & Older years","Stephens","228","34","51"
"<1 years","Stephens","29","0","1"
"Unknown years","Stephens","41","0","0"
"01-04 years","Stewart","12","0","1"
"05-09 years","Stewart","24","0","0"
"10-17 years","Stewart","55","0","0"
"18-29 years","Stewart","474","0","23"
"30-39 years","Stewart","450","1","28"
"40-49 years","Stewart","287","2","25"
"50-59 years","Stewart","155","2","20"
"60-69 years","Stewart","99","16","32"
"70-79 years","Stewart","42","4","8"
"80 & Older years","Stewart","33","6","10"
"<1 years","Stewart","4","0","0"
"Unknown years","Stewart","6","0","0"
"01-04 years","Sumter","79","0","1"
"05-09 years","Sumter","135","0","0"
"10-17 years","Sumter","289","0","7"
"18-29 years","Sumter","731","2","22"
"30-39 years","Sumter","590","1","40"
"40-49 years","Sumter","527","11","40"
"50-59 years","Sumter","556","12","68"
"60-69 years","Sumter","437","35","95"
"70-79 years","Sumter","260","36","72"
"80 & Older years","Sumter","175","39","68"
"<1 years","Sumter","42","0","4"
"Unknown years","Sumter","6","0","0"
"01-04 years","Talbot","27","0","1"
"05-09 years","Talbot","39","0","0"
"10-17 years","Talbot","79","0","0"
"18-29 years","Talbot","155","0","4"
"30-39 years","Talbot","108","0","3"
"40-49 years","Talbot","130","3","6"
"50-59 years","Talbot","142","6","11"
"60-69 years","Talbot","120","7","23"
"70-79 years","Talbot","65","8","11"
"80 & Older years","Talbot","36","6","12"
"<1 years","Talbot","6","0","0"
"Unknown years","Talbot","5","0","0"
"01-04 years","Taliaferro","2","0","0"
"05-09 years","Taliaferro","2","0","0"
"10-17 years","Taliaferro","13","0","0"
"18-29 years","Taliaferro","29","0","2"
"30-39 years","Taliaferro","29","0","0"
"40-49 years","Taliaferro","32","0","3"
"50-59 years","Taliaferro","20","0","0"
"60-69 years","Taliaferro","30","1","4"
"70-79 years","Taliaferro","16","1","5"
"80 & Older years","Taliaferro","5","1","2"
"<1 years","Taliaferro","1","0","0"
"01-04 years","Tattnall","78","0","1"
"05-09 years","Tattnall","114","0","1"
"10-17 years","Tattnall","318","0","2"
"18-29 years","Tattnall","582","1","3"
"30-39 years","Tattnall","519","2","10"
"40-49 years","Tattnall","495","0","12"
"50-59 years","Tattnall","503","15","34"
"60-69 years","Tattnall","338","22","47"
"70-79 years","Tattnall","180","30","51"
"80 & Older years","Tattnall","68","7","14"
"<1 years","Tattnall","31","0","0"
"Unknown years","Tattnall","1","0","0"
"01-04 years","Taylor","28","0","1"
"05-09 years","Taylor","73","0","0"
"10-17 years","Taylor","120","0","1"
"18-29 years","Taylor","187","1","6"
"30-39 years","Taylor","147","1","5"
"40-49 years","Taylor","184","2","19"
"50-59 years","Taylor","136","3","22"
"60-69 years","Taylor","118","9","25"
"70-79 years","Taylor","62","11","17"
"80 & Older years","Taylor","39","10","12"
"<1 years","Taylor","9","0","0"
"Unknown years","Taylor","2","0","0"
"01-04 years","Telfair","16","0","0"
"05-09 years","Telfair","30","0","0"
"10-17 years","Telfair","67","0","1"
"18-29 years","Telfair","240","0","4"
"30-39 years","Telfair","186","1","5"
"40-49 years","Telfair","193","2","8"
"50-59 years","Telfair","163","8","14"
"60-69 years","Telfair","148","11","22"
"70-79 years","Telfair","91","18","24"
"80 & Older years","Telfair","52","17","13"
"<1 years","Telfair","10","0","0"
"Unknown years","Telfair","4","0","0"
"01-04 years","Terrell","26","0","0"
"05-09 years","Terrell","40","0","0"
"10-17 years","Terrell","186","0","1"
"18-29 years","Terrell","161","0","8"
"30-39 years","Terrell","147","0","16"
"40-49 years","Terrell","132","0","14"
"50-59 years","Terrell","166","7","31"
"60-69 years","Terrell","142","14","45"
"70-79 years","Terrell","83","19","31"
"80 & Older years","Terrell","52","17","21"
"<1 years","Terrell","8","0","0"
"Unknown years","Terrell","7","0","0"
"01-04 years","Thomas","269","1","2"
"05-09 years","Thomas","523","0","3"
"10-17 years","Thomas","1162","0","3"
"18-29 years","Thomas","1473","2","43"
"30-39 years","Thomas","1229","5","38"
"40-49 years","Thomas","1136","12","62"
"50-59 years","Thomas","1142","22","92"
"60-69 years","Thomas","831","28","140"
"70-79 years","Thomas","456","44","112"
"80 & Older years","Thomas","251","54","78"
"<1 years","Thomas","110","0","4"
"Unknown years","Thomas","9","0","0"
"01-04 years","Tift","150","0","8"
"05-09 years","Tift","232","0","4"
"10-17 years","Tift","557","0","10"
"18-29 years","Tift","1336","2","39"
"30-39 years","Tift","1002","4","49"
"40-49 years","Tift","891","10","77"
"50-59 years","Tift","775","19","94"
"60-69 years","Tift","581","29","107"
"70-79 years","Tift","353","39","107"
"80 & Older years","Tift","209","49","79"
"<1 years","Tift","67","0","4"
"Unknown years","Tift","10","0","0"
"01-04 years","Toombs","75","0","0"
"05-09 years","Toombs","140","0","0"
"10-17 years","Toombs","420","0","2"
"18-29 years","Toombs","1052","1","11"
"30-39 years","Toombs","813","2","11"
"40-49 years","Toombs","740","9","38"
"50-59 years","Toombs","722","16","42"
"60-69 years","Toombs","632","31","74"
"70-79 years","Toombs","379","46","55"
"80 & Older years","Toombs","218","50","42"
"<1 years","Toombs","27","0","0"
"Unknown years","Toombs","3","0","0"
"01-04 years","Towns","17","0","0"
"05-09 years","Towns","28","0","1"
"10-17 years","Towns","92","0","1"
"18-29 years","Towns","260","0","4"
"30-39 years","Towns","169","1","5"
"40-49 years","Towns","207","2","7"
"50-59 years","Towns","309","7","28"
"60-69 years","Towns","369","9","30"
"70-79 years","Towns","275","16","52"
"80 & Older years","Towns","184","39","69"
"<1 years","Towns","6","0","0"
"Unknown years","Towns","2","0","0"
"01-04 years","Treutlen","16","0","0"
"05-09 years","Treutlen","33","0","1"
"10-17 years","Treutlen","95","0","1"
"18-29 years","Treutlen","205","0","3"
"30-39 years","Treutlen","194","0","5"
"40-49 years","Treutlen","169","5","6"
"50-59 years","Treutlen","159","3","10"
"60-69 years","Treutlen","108","7","15"
"70-79 years","Treutlen","78","17","12"
"80 & Older years","Treutlen","42","13","11"
"<1 years","Treutlen","2","0","0"
"Unknown years","Treutlen","1","0","0"
"01-04 years","Troup","326","0","3"
"05-09 years","Troup","473","0","1"
"10-17 years","Troup","1133","0","11"
"18-29 years","Troup","2517","2","43"
"30-39 years","Troup","1967","10","64"
"40-49 years","Troup","1607","11","72"
"50-59 years","Troup","1568","38","148"
"60-69 years","Troup","1128","63","142"
"70-79 years","Troup","613","65","123"
"80 & Older years","Troup","383","101","83"
"<1 years","Troup","122","0","3"
"Unknown years","Troup","9","0","0"
"01-04 years","Turner","20","0","0"
"05-09 years","Turner","28","0","2"
"10-17 years","Turner","51","0","2"
"18-29 years","Turner","184","0","6"
"30-39 years","Turner","195","0","16"
"40-49 years","Turner","180","1","10"
"50-59 years","Turner","159","2","19"
"60-69 years","Turner","126","9","32"
"70-79 years","Turner","71","11","18"
"80 & Older years","Turner","41","18","17"
"<1 years","Turner","14","0","1"
"Unknown years","Turner","4","0","0"
"01-04 years","Twiggs","21","0","1"
"05-09 years","Twiggs","22","0","1"
"10-17 years","Twiggs","71","0","1"
"18-29 years","Twiggs","146","0","3"
"30-39 years","Twiggs","131","1","5"
"40-49 years","Twiggs","138","2","11"
"50-59 years","Twiggs","186","4","28"
"60-69 years","Twiggs","167","13","44"
"70-79 years","Twiggs","92","15","34"
"80 & Older years","Twiggs","38","16","21"
"<1 years","Twiggs","4","0","0"
"01-04 years","Union","31","0","0"
"05-09 years","Union","74","0","0"
"10-17 years","Union","235","0","2"
"18-29 years","Union","502","1","7"
"30-39 years","Union","491","3","8"
"40-49 years","Union","456","2","23"
"50-59 years","Union","591","8","45"
"60-69 years","Union","700","20","84"
"70-79 years","Union","583","37","116"
"80 & Older years","Union","302","55","96"
"<1 years","Union","19","0","2"
"Unknown years","Union","14","0","0"
"01-04 years","Unknown","281","0","1"
"05-09 years","Unknown","424","0","1"
"10-17 years","Unknown","914","0","2"
"18-29 years","Unknown","1933","0","11"
"30-39 years","Unknown","1429","0","8"
"40-49 years","Unknown","1395","1","7"
"50-59 years","Unknown","1154","0","12"
"60-69 years","Unknown","691","1","17"
"70-79 years","Unknown","336","3","18"
"80 & Older years","Unknown","186","4","16"
"<1 years","Unknown","135","0","2"
"Unknown years","Unknown","207","0","4"
"01-04 years","Upson","112","0","1"
"05-09 years","Upson","166","0","0"
"10-17 years","Upson","402","1","5"
"18-29 years","Upson","738","0","12"
"30-39 years","Upson","563","2","12"
"40-49 years","Upson","536","2","27"
"50-59 years","Upson","529","14","48"
"60-69 years","Upson","434","33","69"
"70-79 years","Upson","290","46","75"
"80 & Older years","Upson","156","50","53"
"<1 years","Upson","56","0","2"
"Unknown years","Upson","10","0","0"
"01-04 years","Walker","221","0","2"
"05-09 years","Walker","459","0","2"
"10-17 years","Walker","1207","0","9"
"18-29 years","Walker","2396","0","33"
"30-39 years","Walker","1947","1","31"
"40-49 years","Walker","2075","11","64"
"50-59 years","Walker","1804","8","73"
"60-69 years","Walker","1363","33","113"
"70-79 years","Walker","849","53","114"
"80 & Older years","Walker","382","49","71"
"<1 years","Walker","95","0","5"
"Unknown years","Walker","81","0","5"
"01-04 years","Walton","281","0","9"
"05-09 years","Walton","476","0","10"
"10-17 years","Walton","1357","0","33"
"18-29 years","Walton","2773","3","145"
"30-39 years","Walton","2473","7","125"
"40-49 years","Walton","2480","11","172"
"50-59 years","Walton","2361","32","225"
"60-69 years","Walton","1555","56","233"
"70-79 years","Walton","1050","107","226"
"80 & Older years","Walton","585","131","158"
"<1 years","Walton","104","0","9"
"Unknown years","Walton","9","0","0"
"01-04 years","Ware","158","0","1"
"05-09 years","Ware","228","0","0"
"10-17 years","Ware","602","0","4"
"18-29 years","Ware","1072","1","18"
"30-39 years","Ware","895","3","38"
"40-49 years","Ware","806","5","60"
"50-59 years","Ware","728","34","129"
"60-69 years","Ware","533","37","115"
"70-79 years","Ware","390","56","135"
"80 & Older years","Ware","260","72","85"
"<1 years","Ware","61","0","2"
"Unknown years","Ware","3","0","0"
"01-04 years","Warren","10","0","0"
"05-09 years","Warren","12","0","0"
"10-17 years","Warren","45","0","1"
"18-29 years","Warren","128","0","3"
"30-39 years","Warren","96","0","6"
"40-49 years","Warren","88","3","8"
"50-59 years","Warren","98","3","11"
"60-69 years","Warren","71","3","12"
"70-79 years","Warren","53","7","17"
"80 & Older years","Warren","26","6","9"
"<1 years","Warren","7","0","1"
"Unknown years","Warren","4","0","0"
"01-04 years","Washington","92","0","0"
"05-09 years","Washington","131","0","0"
"10-17 years","Washington","360","1","4"
"18-29 years","Washington","544","0","8"
"30-39 years","Washington","478","2","14"
"40-49 years","Washington","449","6","16"
"50-59 years","Washington","405","10","18"
"60-69 years","Washington","342","17","37"
"70-79 years","Washington","170","14","29"
"80 & Older years","Washington","90","30","16"
"<1 years","Washington","34","0","0"
"Unknown years","Washington","6","0","0"
"01-04 years","Wayne","77","0","3"
"05-09 years","Wayne","156","0","0"
"10-17 years","Wayne","504","0","3"
"18-29 years","Wayne","950","2","17"
"30-39 years","Wayne","897","7","22"
"40-49 years","Wayne","914","13","60"
"50-59 years","Wayne","793","26","65"
"60-69 years","Wayne","585","38","102"
"70-79 years","Wayne","412","42","104"
"80 & Older years","Wayne","181","39","44"
"<1 years","Wayne","38","0","2"
"Unknown years","Wayne","3","0","0"
"01-04 years","Webster","1","0","0"
"05-09 years","Webster","10","0","0"
"10-17 years","Webster","19","0","0"
"18-29 years","Webster","48","0","3"
"30-39 years","Webster","26","0","1"
"40-49 years","Webster","41","0","2"
"50-59 years","Webster","38","3","8"
"60-69 years","Webster","38","1","4"
"70-79 years","Webster","17","2","4"
"80 & Older years","Webster","6","1","1"
"<1 years","Webster","4","0","0"
"Unknown years","Webster","1","0","0"
"01-04 years","Wheeler","9","0","0"
"05-09 years","Wheeler","11","0","1"
"10-17 years","Wheeler","51","0","0"
"18-29 years","Wheeler","101","0","0"
"30-39 years","Wheeler","118","2","2"
"40-49 years","Wheeler","122","3","3"
"50-59 years","Wheeler","127","9","12"
"60-69 years","Wheeler","79","6","10"
"70-79 years","Wheeler","54","8","12"
"80 & Older years","Wheeler","15","4","2"
"<1 years","Wheeler","3","0","0"
"Unknown years","Wheeler","23","0","1"
"01-04 years","White","64","0","1"
"05-09 years","White","161","0","1"
"10-17 years","White","566","0","2"
"18-29 years","White","937","1","15"
"30-39 years","White","746","2","12"
"40-49 years","White","836","8","36"
"50-59 years","White","930","10","66"
"60-69 years","White","801","22","94"
"70-79 years","White","603","37","115"
"80 & Older years","White","326","49","95"
"<1 years","White","26","0","1"
"Unknown years","White","26","0","0"
"01-04 years","Whitfield","476","0","3"
"05-09 years","Whitfield","914","0","4"
"10-17 years","Whitfield","2763","0","11"
"18-29 years","Whitfield","6244","3","67"
"30-39 years","Whitfield","4292","6","85"
"40-49 years","Whitfield","4067","12","119"
"50-59 years","Whitfield","3616","55","180"
"60-69 years","Whitfield","2153","65","208"
"70-79 years","Whitfield","1203","86","191"
"80 & Older years","Whitfield","631","121","146"
"<1 years","Whitfield","197","0","5"
"Unknown years","Whitfield","23","0","0"
"01-04 years","Wilcox","29","0","1"
"05-09 years","Wilcox","34","0","1"
"10-17 years","Wilcox","64","0","0"
"18-29 years","Wilcox","105","0","2"
"30-39 years","Wilcox","92","0","3"
"40-49 years","Wilcox","109","0","12"
"50-59 years","Wilcox","123","2","19"
"60-69 years","Wilcox","123","10","30"
"70-79 years","Wilcox","70","12","11"
"80 & Older years","Wilcox","28","8","8"
"<1 years","Wilcox","10","0","1"
"01-04 years","Wilkes","15","0","0"
"05-09 years","Wilkes","34","0","0"
"10-17 years","Wilkes","94","0","1"
"18-29 years","Wilkes","201","1","6"
"30-39 years","Wilkes","146","0","7"
"40-49 years","Wilkes","176","1","19"
"50-59 years","Wilkes","154","4","15"
"60-69 years","Wilkes","136","4","28"
"70-79 years","Wilkes","87","9","30"
"80 & Older years","Wilkes","53","11","20"
"<1 years","Wilkes","11","0","1"
"Unknown years","Wilkes","1","0","0"
"01-04 years","Wilkinson","29","0","0"
"05-09 years","Wilkinson","46","0","0"
"10-17 years","Wilkinson","146","0","1"
"18-29 years","Wilkinson","276","0","4"
"30-39 years","Wilkinson","238","0","12"
"40-49 years","Wilkinson","231","0","10"
"50-59 years","Wilkinson","261","6","33"
"60-69 years","Wilkinson","215","18","52"
"70-79 years","Wilkinson","98","12","25"
"80 & Older years","Wilkinson","52","8","19"
"<1 years","Wilkinson","9","0","0"
"Unknown years","Wilkinson","2","0","0"
"01-04 years","Worth","46","0","1"
"05-09 years","Worth","87","0","1"
"10-17 years","Worth","223","1","4"
"18-29 years","Worth","417","1","19"
"30-39 years","Worth","312","0","20"
"40-49 years","Worth","313","3","27"
"50-59 years","Worth","302","8","40"
"60-69 years","Worth","290","26","69"
"70-79 years","Worth","166","22","50"
"80 & Older years","Worth","101","24","34"
"<1 years","Worth","16","0","0"
"Unknown years","Worth","10","0","0"
