"ethnicity","race","sex","cases","deaths","hospitalization"
"Hispanic/ Latino","African-American/ Black","Female","98","1","5"
"Hispanic/ Latino","African-American/ Black","Male","18","0","0"
"Hispanic/ Latino","American Indian/ Alaska Native","Female","1","0","0"
"Hispanic/ Latino","Asian","Female","11","0","0"
"Hispanic/ Latino","Asian","Male","2","0","1"
"Hispanic/ Latino","Native Hawaiian/ Pacific Islander","Female","7","0","0"
"Hispanic/ Latino","Other","Female","510","1","29"
"Hispanic/ Latino","Other","Male","112","0","5"
"Hispanic/ Latino","Other","Unknown","1","0","0"
"Hispanic/ Latino","Unknown","Female","122","0","4"
"Hispanic/ Latino","Unknown","Male","34","0","1"
"Hispanic/ Latino","White","Female","746","1","32"
"Hispanic/ Latino","White","Male","153","0","7"
"Hispanic/ Latino","White","Unknown","7","0","0"
"Non-Hispanic/ Latino","African-American/ Black","Female","9872","96","778"
"Non-Hispanic/ Latino","African-American/ Black","Male","1628","24","167"
"Non-Hispanic/ Latino","African-American/ Black","Unknown","41","0","1"
"Non-Hispanic/ Latino","American Indian/ Alaska Native","Female","14","0","1"
"Non-Hispanic/ Latino","American Indian/ Alaska Native","Male","4","0","1"
"Non-Hispanic/ Latino","Asian","Female","416","1","15"
"Non-Hispanic/ Latino","Asian","Male","203","2","11"
"Non-Hispanic/ Latino","Asian","Unknown","6","0","0"
"Non-Hispanic/ Latino","Native Hawaiian/ Pacific Islander","Female","20","0","0"
"Non-Hispanic/ Latino","Native Hawaiian/ Pacific Islander","Male","6","0","0"
"Non-Hispanic/ Latino","Other","Female","253","0","7"
"Non-Hispanic/ Latino","Other","Male","106","0","2"
"Non-Hispanic/ Latino","Other","Unknown","3","0","0"
"Non-Hispanic/ Latino","Unknown","Female","221","1","16"
"Non-Hispanic/ Latino","Unknown","Male","42","0","2"
"Non-Hispanic/ Latino","Unknown","Unknown","2","0","1"
"Non-Hispanic/ Latino","White","Female","11243","49","472"
"Non-Hispanic/ Latino","White","Male","2889","33","193"
"Non-Hispanic/ Latino","White","Unknown","42","0","0"
"Unknown","African-American/ Black","Female","785","0","39"
"Unknown","African-American/ Black","Male","156","0","3"
"Unknown","African-American/ Black","Unknown","9","0","0"
"Unknown","American Indian/ Alaska Native","Female","4","0","0"
"Unknown","American Indian/ Alaska Native","Male","1","0","0"
"Unknown","Asian","Female","52","0","2"
"Unknown","Asian","Male","26","0","3"
"Unknown","Asian","Unknown","1","0","0"
"Unknown","Native Hawaiian/ Pacific Islander","Female","4","0","2"
"Unknown","Native Hawaiian/ Pacific Islander","Male","3","0","0"
"Unknown","Other","Female","203","0","6"
"Unknown","Other","Male","66","0","0"
"Unknown","Other","Unknown","1","0","0"
"Unknown","Unknown","Female","1992","1","27"
"Unknown","Unknown","Male","872","0","10"
"Unknown","Unknown","Unknown","132","0","2"
"Unknown","White","Female","903","1","30"
"Unknown","White","Male","213","0","9"
"Unknown","White","Unknown","13","0","1"
