"age group","county name","cases","deaths","hospitalization"
"01-04 years","Georgia","4984","1","101"
"05-09 years","Georgia","7549","1","74"
"10-17 years","Georgia","27509","5","331"
"18-29 years","Georgia","105968","64","2363"
"30-39 years","Georgia","70529","144","3101"
"40-49 years","Georgia","67398","337","4482"
"50-59 years","Georgia","62894","818","6332"
"60-69 years","Georgia","42407","1764","7252"
"70-79 years","Georgia","24635","2448","6373"
"80 & Older years","Georgia","15385","3297","5016"
"<1 years","Georgia","1498","0","89"
"Unknown years","Georgia","2597","0","57"
"01-04 years","Appling","15","0","0"
"05-09 years","Appling","35","0","0"
"10-17 years","Appling","104","0","1"
"18-29 years","Appling","233","1","4"
"30-39 years","Appling","180","1","5"
"40-49 years","Appling","173","2","13"
"50-59 years","Appling","194","5","16"
"60-69 years","Appling","154","9","30"
"70-79 years","Appling","103","12","23"
"80 & Older years","Appling","45","10","15"
"<1 years","Appling","3","0","0"
"Unknown years","Appling","3","0","0"
"01-04 years","Atkinson","3","0","1"
"05-09 years","Atkinson","11","0","1"
"10-17 years","Atkinson","25","0","0"
"18-29 years","Atkinson","118","0","7"
"30-39 years","Atkinson","87","0","6"
"40-49 years","Atkinson","93","0","11"
"50-59 years","Atkinson","90","1","15"
"60-69 years","Atkinson","59","4","17"
"70-79 years","Atkinson","32","2","9"
"80 & Older years","Atkinson","9","2","6"
"<1 years","Atkinson","2","0","0"
"Unknown years","Atkinson","3","0","0"
"01-04 years","Bacon","11","0","0"
"05-09 years","Bacon","13","0","0"
"10-17 years","Bacon","42","0","0"
"18-29 years","Bacon","170","0","1"
"30-39 years","Bacon","86","0","3"
"40-49 years","Bacon","112","1","7"
"50-59 years","Bacon","103","2","13"
"60-69 years","Bacon","62","7","14"
"70-79 years","Bacon","39","4","8"
"80 & Older years","Bacon","21","6","6"
"<1 years","Bacon","4","0","0"
"Unknown years","Bacon","2","0","0"
"01-04 years","Baker","4","0","0"
"05-09 years","Baker","4","0","0"
"10-17 years","Baker","5","0","0"
"18-29 years","Baker","17","0","0"
"30-39 years","Baker","12","0","2"
"40-49 years","Baker","10","0","1"
"50-59 years","Baker","16","0","1"
"60-69 years","Baker","20","2","6"
"70-79 years","Baker","14","2","8"
"80 & Older years","Baker","6","2","3"
"01-04 years","Baldwin","14","0","0"
"05-09 years","Baldwin","31","0","0"
"10-17 years","Baldwin","104","0","2"
"18-29 years","Baldwin","992","0","12"
"30-39 years","Baldwin","272","1","11"
"40-49 years","Baldwin","297","2","25"
"50-59 years","Baldwin","319","8","35"
"60-69 years","Baldwin","254","14","44"
"70-79 years","Baldwin","158","18","33"
"80 & Older years","Baldwin","99","26","24"
"<1 years","Baldwin","6","0","0"
"Unknown years","Baldwin","1","0","0"
"01-04 years","Banks","6","0","0"
"05-09 years","Banks","11","0","0"
"10-17 years","Banks","61","0","0"
"18-29 years","Banks","135","0","4"
"30-39 years","Banks","98","0","1"
"40-49 years","Banks","107","0","10"
"50-59 years","Banks","122","0","14"
"60-69 years","Banks","105","3","18"
"70-79 years","Banks","78","4","29"
"80 & Older years","Banks","53","5","18"
"<1 years","Banks","3","0","0"
"Unknown years","Banks","18","0","1"
"01-04 years","Barrow","35","0","0"
"05-09 years","Barrow","56","0","0"
"10-17 years","Barrow","211","0","2"
"18-29 years","Barrow","737","1","26"
"30-39 years","Barrow","568","0","28"
"40-49 years","Barrow","581","3","41"
"50-59 years","Barrow","497","2","53"
"60-69 years","Barrow","332","13","71"
"70-79 years","Barrow","183","14","48"
"80 & Older years","Barrow","105","25","44"
"<1 years","Barrow","13","0","2"
"Unknown years","Barrow","11","0","0"
"01-04 years","Bartow","39","0","1"
"05-09 years","Bartow","75","0","1"
"10-17 years","Bartow","385","0","2"
"18-29 years","Bartow","928","0","10"
"30-39 years","Bartow","723","2","24"
"40-49 years","Bartow","741","0","38"
"50-59 years","Bartow","757","7","75"
"60-69 years","Bartow","449","16","77"
"70-79 years","Bartow","318","31","79"
"80 & Older years","Bartow","196","45","64"
"<1 years","Bartow","16","0","1"
"Unknown years","Bartow","14","0","3"
"01-04 years","Ben Hill","21","0","1"
"05-09 years","Ben Hill","16","0","0"
"10-17 years","Ben Hill","58","0","0"
"18-29 years","Ben Hill","156","0","4"
"30-39 years","Ben Hill","152","2","5"
"40-49 years","Ben Hill","120","0","6"
"50-59 years","Ben Hill","153","2","20"
"60-69 years","Ben Hill","137","9","19"
"70-79 years","Ben Hill","97","14","33"
"80 & Older years","Ben Hill","37","8","8"
"<1 years","Ben Hill","2","0","0"
"Unknown years","Ben Hill","10","0","0"
"01-04 years","Berrien","12","0","0"
"05-09 years","Berrien","12","0","0"
"10-17 years","Berrien","38","0","0"
"18-29 years","Berrien","116","0","0"
"30-39 years","Berrien","101","0","0"
"40-49 years","Berrien","87","0","2"
"50-59 years","Berrien","96","1","11"
"60-69 years","Berrien","66","4","6"
"70-79 years","Berrien","46","5","5"
"80 & Older years","Berrien","32","8","6"
"<1 years","Berrien","1","0","0"
"Unknown years","Berrien","2","0","0"
"01-04 years","Bibb","85","0","2"
"05-09 years","Bibb","112","0","0"
"10-17 years","Bibb","335","0","6"
"18-29 years","Bibb","1757","1","55"
"30-39 years","Bibb","1235","4","67"
"40-49 years","Bibb","1178","10","125"
"50-59 years","Bibb","1073","12","150"
"60-69 years","Bibb","870","47","242"
"70-79 years","Bibb","504","62","172"
"80 & Older years","Bibb","330","84","150"
"<1 years","Bibb","28","0","4"
"Unknown years","Bibb","7","0","0"
"01-04 years","Bleckley","2","0","0"
"05-09 years","Bleckley","5","0","0"
"10-17 years","Bleckley","38","0","0"
"18-29 years","Bleckley","145","0","3"
"30-39 years","Bleckley","59","0","1"
"40-49 years","Bleckley","69","1","1"
"50-59 years","Bleckley","73","2","3"
"60-69 years","Bleckley","54","7","9"
"70-79 years","Bleckley","47","3","10"
"80 & Older years","Bleckley","58","17","9"
"<1 years","Bleckley","1","0","0"
"01-04 years","Brantley","11","0","0"
"05-09 years","Brantley","6","0","0"
"10-17 years","Brantley","54","0","1"
"18-29 years","Brantley","103","0","1"
"30-39 years","Brantley","68","0","3"
"40-49 years","Brantley","85","1","5"
"50-59 years","Brantley","87","2","11"
"60-69 years","Brantley","71","3","8"
"70-79 years","Brantley","39","6","10"
"80 & Older years","Brantley","31","6","8"
"<1 years","Brantley","1","0","0"
"01-04 years","Brooks","13","0","0"
"05-09 years","Brooks","11","0","0"
"10-17 years","Brooks","58","0","0"
"18-29 years","Brooks","123","0","0"
"30-39 years","Brooks","92","0","2"
"40-49 years","Brooks","74","0","8"
"50-59 years","Brooks","95","2","14"
"60-69 years","Brooks","68","6","11"
"70-79 years","Brooks","57","9","16"
"80 & Older years","Brooks","37","9","5"
"<1 years","Brooks","3","0","0"
"Unknown years","Brooks","5","0","0"
"01-04 years","Bryan","25","0","0"
"05-09 years","Bryan","26","0","0"
"10-17 years","Bryan","106","0","1"
"18-29 years","Bryan","305","0","8"
"30-39 years","Bryan","258","1","7"
"40-49 years","Bryan","258","0","11"
"50-59 years","Bryan","209","3","20"
"60-69 years","Bryan","132","4","21"
"70-79 years","Bryan","83","5","27"
"80 & Older years","Bryan","48","3","13"
"<1 years","Bryan","5","0","0"
"Unknown years","Bryan","13","0","0"
"01-04 years","Bulloch","39","0","0"
"05-09 years","Bulloch","46","0","0"
"10-17 years","Bulloch","172","0","2"
"18-29 years","Bulloch","1709","0","7"
"30-39 years","Bulloch","373","2","18"
"40-49 years","Bulloch","301","2","20"
"50-59 years","Bulloch","291","1","22"
"60-69 years","Bulloch","198","12","33"
"70-79 years","Bulloch","103","10","26"
"80 & Older years","Bulloch","72","8","22"
"<1 years","Bulloch","14","0","2"
"Unknown years","Bulloch","8","0","0"
"01-04 years","Burke","13","0","0"
"05-09 years","Burke","28","0","0"
"10-17 years","Burke","70","0","1"
"18-29 years","Burke","203","0","6"
"30-39 years","Burke","159","0","5"
"40-49 years","Burke","162","1","10"
"50-59 years","Burke","162","1","24"
"60-69 years","Burke","119","4","26"
"70-79 years","Burke","73","2","19"
"80 & Older years","Burke","22","4","10"
"<1 years","Burke","4","0","0"
"Unknown years","Burke","1","0","0"
"01-04 years","Butts","7","0","0"
"05-09 years","Butts","10","0","0"
"10-17 years","Butts","47","0","1"
"18-29 years","Butts","161","0","3"
"30-39 years","Butts","154","0","7"
"40-49 years","Butts","140","2","9"
"50-59 years","Butts","137","3","15"
"60-69 years","Butts","108","7","16"
"70-79 years","Butts","70","11","8"
"80 & Older years","Butts","76","22","4"
"<1 years","Butts","3","0","0"
"Unknown years","Butts","2","0","0"
"01-04 years","Calhoun","1","0","0"
"10-17 years","Calhoun","11","0","0"
"18-29 years","Calhoun","40","0","4"
"30-39 years","Calhoun","42","2","5"
"40-49 years","Calhoun","62","1","7"
"50-59 years","Calhoun","50","2","9"
"60-69 years","Calhoun","47","2","16"
"70-79 years","Calhoun","16","2","5"
"80 & Older years","Calhoun","11","2","5"
"<1 years","Calhoun","1","0","0"
"01-04 years","Camden","23","0","0"
"05-09 years","Camden","18","0","0"
"10-17 years","Camden","111","0","0"
"18-29 years","Camden","467","0","4"
"30-39 years","Camden","285","0","10"
"40-49 years","Camden","238","1","10"
"50-59 years","Camden","278","1","13"
"60-69 years","Camden","197","5","17"
"70-79 years","Camden","100","0","13"
"80 & Older years","Camden","58","11","18"
"<1 years","Camden","7","0","1"
"Unknown years","Camden","25","0","0"
"01-04 years","Candler","8","0","0"
"05-09 years","Candler","9","0","0"
"10-17 years","Candler","46","0","0"
"18-29 years","Candler","101","0","0"
"30-39 years","Candler","81","0","3"
"40-49 years","Candler","95","2","1"
"50-59 years","Candler","100","5","8"
"60-69 years","Candler","75","7","13"
"70-79 years","Candler","44","10","13"
"80 & Older years","Candler","18","3","8"
"<1 years","Candler","2","0","0"
"Unknown years","Candler","2","0","0"
"01-04 years","Carroll","57","0","1"
"05-09 years","Carroll","60","0","1"
"10-17 years","Carroll","311","0","3"
"18-29 years","Carroll","1064","0","8"
"30-39 years","Carroll","598","4","16"
"40-49 years","Carroll","595","4","22"
"50-59 years","Carroll","607","8","46"
"60-69 years","Carroll","438","14","53"
"70-79 years","Carroll","254","25","48"
"80 & Older years","Carroll","173","29","31"
"<1 years","Carroll","17","0","0"
"Unknown years","Carroll","7","0","0"
"01-04 years","Catoosa","34","0","0"
"05-09 years","Catoosa","41","0","0"
"10-17 years","Catoosa","203","0","1"
"18-29 years","Catoosa","399","0","5"
"30-39 years","Catoosa","292","0","3"
"40-49 years","Catoosa","352","1","10"
"50-59 years","Catoosa","305","5","11"
"60-69 years","Catoosa","238","4","29"
"70-79 years","Catoosa","145","10","24"
"80 & Older years","Catoosa","102","9","17"
"<1 years","Catoosa","9","0","0"
"Unknown years","Catoosa","24","0","0"
"01-04 years","Charlton","9","0","0"
"05-09 years","Charlton","16","0","0"
"10-17 years","Charlton","28","0","0"
"18-29 years","Charlton","129","0","1"
"30-39 years","Charlton","154","0","2"
"40-49 years","Charlton","133","2","8"
"50-59 years","Charlton","99","0","3"
"60-69 years","Charlton","91","3","10"
"70-79 years","Charlton","28","4","7"
"80 & Older years","Charlton","13","2","7"
"<1 years","Charlton","2","0","0"
"Unknown years","Charlton","2","0","0"
"01-04 years","Chatham","176","0","0"
"05-09 years","Chatham","195","1","0"
"10-17 years","Chatham","651","0","11"
"18-29 years","Chatham","2953","2","40"
"30-39 years","Chatham","1918","4","80"
"40-49 years","Chatham","1454","8","97"
"50-59 years","Chatham","1386","21","153"
"60-69 years","Chatham","1058","41","198"
"70-79 years","Chatham","560","52","182"
"80 & Older years","Chatham","371","74","149"
"<1 years","Chatham","40","0","3"
"Unknown years","Chatham","62","0","2"
"01-04 years","Chattahoochee","3","0","0"
"05-09 years","Chattahoochee","2","0","0"
"10-17 years","Chattahoochee","94","0","1"
"18-29 years","Chattahoochee","1692","0","1"
"30-39 years","Chattahoochee","139","0","1"
"40-49 years","Chattahoochee","34","0","0"
"50-59 years","Chattahoochee","18","0","5"
"60-69 years","Chattahoochee","10","0","3"
"70-79 years","Chattahoochee","5","0","2"
"80 & Older years","Chattahoochee","4","1","3"
"<1 years","Chattahoochee","7","0","0"
"Unknown years","Chattahoochee","2","0","0"
"01-04 years","Chattooga","6","0","0"
"05-09 years","Chattooga","13","0","0"
"10-17 years","Chattooga","91","0","0"
"18-29 years","Chattooga","192","0","2"
"30-39 years","Chattooga","172","0","5"
"40-49 years","Chattooga","182","1","5"
"50-59 years","Chattooga","178","2","9"
"60-69 years","Chattooga","151","7","21"
"70-79 years","Chattooga","89","7","21"
"80 & Older years","Chattooga","72","14","18"
"<1 years","Chattooga","3","0","1"
"Unknown years","Chattooga","9","0","1"
"01-04 years","Cherokee","90","0","5"
"05-09 years","Cherokee","187","0","3"
"10-17 years","Cherokee","960","0","5"
"18-29 years","Cherokee","2154","1","46"
"30-39 years","Cherokee","1357","1","62"
"40-49 years","Cherokee","1534","2","75"
"50-59 years","Cherokee","1529","9","109"
"60-69 years","Cherokee","820","17","108"
"70-79 years","Cherokee","487","27","109"
"80 & Older years","Cherokee","301","57","109"
"<1 years","Cherokee","23","0","0"
"Unknown years","Cherokee","34","0","0"
"01-04 years","Clarke","70","0","0"
"05-09 years","Clarke","94","0","1"
"10-17 years","Clarke","274","0","4"
"18-29 years","Clarke","3865","0","19"
"30-39 years","Clarke","774","1","25"
"40-49 years","Clarke","570","1","28"
"50-59 years","Clarke","534","4","40"
"60-69 years","Clarke","370","12","63"
"70-79 years","Clarke","188","21","68"
"80 & Older years","Clarke","105","16","34"
"<1 years","Clarke","18","0","1"
"Unknown years","Clarke","7","0","0"
"01-04 years","Clay","1","0","0"
"05-09 years","Clay","2","0","0"
"10-17 years","Clay","10","0","0"
"18-29 years","Clay","22","0","0"
"30-39 years","Clay","21","0","1"
"40-49 years","Clay","20","0","0"
"50-59 years","Clay","16","0","1"
"60-69 years","Clay","16","1","2"
"70-79 years","Clay","7","0","0"
"80 & Older years","Clay","11","2","5"
"01-04 years","Clayton","153","0","5"
"05-09 years","Clayton","203","0","4"
"10-17 years","Clayton","536","0","14"
"18-29 years","Clayton","2267","3","64"
"30-39 years","Clayton","1932","6","96"
"40-49 years","Clayton","1675","19","124"
"50-59 years","Clayton","1552","27","169"
"60-69 years","Clayton","1012","49","151"
"70-79 years","Clayton","434","42","92"
"80 & Older years","Clayton","239","51","61"
"<1 years","Clayton","30","0","1"
"Unknown years","Clayton","19","0","0"
"01-04 years","Clinch","9","0","0"
"05-09 years","Clinch","10","0","0"
"10-17 years","Clinch","58","0","0"
"18-29 years","Clinch","95","0","2"
"30-39 years","Clinch","68","1","4"
"40-49 years","Clinch","70","0","2"
"50-59 years","Clinch","66","0","8"
"60-69 years","Clinch","72","6","9"
"70-79 years","Clinch","32","6","10"
"80 & Older years","Clinch","13","0","2"
"<1 years","Clinch","1","0","0"
"Unknown years","Clinch","1","0","0"
"01-04 years","Cobb","275","1","10"
"05-09 years","Cobb","397","0","3"
"10-17 years","Cobb","1411","0","19"
"18-29 years","Cobb","7563","4","180"
"30-39 years","Cobb","4617","10","199"
"40-49 years","Cobb","4278","20","319"
"50-59 years","Cobb","3809","30","410"
"60-69 years","Cobb","2306","73","400"
"70-79 years","Cobb","1319","153","338"
"80 & Older years","Cobb","880","210","296"
"<1 years","Cobb","84","0","7"
"Unknown years","Cobb","293","0","2"
"01-04 years","Coffee","45","0","2"
"05-09 years","Coffee","49","0","3"
"10-17 years","Coffee","156","0","2"
"18-29 years","Coffee","515","0","11"
"30-39 years","Coffee","398","2","22"
"40-49 years","Coffee","432","2","51"
"50-59 years","Coffee","420","4","74"
"60-69 years","Coffee","364","18","87"
"70-79 years","Coffee","175","21","70"
"80 & Older years","Coffee","104","25","57"
"<1 years","Coffee","8","0","0"
"Unknown years","Coffee","31","0","0"
"01-04 years","Colquitt","31","0","0"
"05-09 years","Colquitt","53","0","1"
"10-17 years","Colquitt","198","0","4"
"18-29 years","Colquitt","520","0","16"
"30-39 years","Colquitt","366","0","16"
"40-49 years","Colquitt","366","4","32"
"50-59 years","Colquitt","313","10","29"
"60-69 years","Colquitt","223","10","30"
"70-79 years","Colquitt","114","6","31"
"80 & Older years","Colquitt","67","12","19"
"<1 years","Colquitt","10","0","0"
"Unknown years","Colquitt","4","0","0"
"01-04 years","Columbia","40","0","1"
"05-09 years","Columbia","101","0","0"
"10-17 years","Columbia","476","0","1"
"18-29 years","Columbia","1228","0","11"
"30-39 years","Columbia","962","2","13"
"40-49 years","Columbia","963","5","26"
"50-59 years","Columbia","818","11","48"
"60-69 years","Columbia","501","9","53"
"70-79 years","Columbia","270","21","39"
"80 & Older years","Columbia","153","25","41"
"<1 years","Columbia","16","0","1"
"Unknown years","Columbia","3","0","0"
"01-04 years","Cook","9","0","0"
"05-09 years","Cook","13","0","0"
"10-17 years","Cook","75","0","1"
"18-29 years","Cook","162","0","2"
"30-39 years","Cook","129","0","4"
"40-49 years","Cook","128","0","11"
"50-59 years","Cook","104","1","15"
"60-69 years","Cook","85","5","12"
"70-79 years","Cook","64","9","18"
"80 & Older years","Cook","25","4","8"
"<1 years","Cook","5","0","0"
"Unknown years","Cook","5","0","0"
"01-04 years","Coweta","48","0","0"
"05-09 years","Coweta","66","0","0"
"10-17 years","Coweta","235","0","0"
"18-29 years","Coweta","797","1","12"
"30-39 years","Coweta","569","0","17"
"40-49 years","Coweta","578","3","23"
"50-59 years","Coweta","642","7","38"
"60-69 years","Coweta","415","16","33"
"70-79 years","Coweta","233","16","36"
"80 & Older years","Coweta","140","26","25"
"<1 years","Coweta","12","0","0"
"Unknown years","Coweta","5","0","0"
"01-04 years","Crawford","1","0","0"
"05-09 years","Crawford","1","0","0"
"10-17 years","Crawford","11","0","0"
"18-29 years","Crawford","46","0","1"
"30-39 years","Crawford","32","0","2"
"40-49 years","Crawford","22","0","2"
"50-59 years","Crawford","54","1","7"
"60-69 years","Crawford","48","3","10"
"70-79 years","Crawford","13","2","4"
"80 & Older years","Crawford","8","0","3"
"01-04 years","Crisp","10","0","0"
"05-09 years","Crisp","10","0","0"
"10-17 years","Crisp","38","0","0"
"18-29 years","Crisp","122","0","7"
"30-39 years","Crisp","121","0","9"
"40-49 years","Crisp","105","1","9"
"50-59 years","Crisp","106","3","15"
"60-69 years","Crisp","109","8","21"
"70-79 years","Crisp","54","7","21"
"80 & Older years","Crisp","34","7","9"
"<1 years","Crisp","5","0","0"
"Unknown years","Crisp","12","0","0"
"01-04 years","Dade","2","0","0"
"05-09 years","Dade","13","0","0"
"10-17 years","Dade","47","0","0"
"18-29 years","Dade","101","0","1"
"30-39 years","Dade","65","0","1"
"40-49 years","Dade","85","0","5"
"50-59 years","Dade","80","1","6"
"60-69 years","Dade","59","0","2"
"70-79 years","Dade","41","5","11"
"80 & Older years","Dade","22","1","7"
"<1 years","Dade","4","0","0"
"Unknown years","Dade","9","0","1"
"01-04 years","Dawson","9","0","0"
"05-09 years","Dawson","17","0","0"
"10-17 years","Dawson","88","0","3"
"18-29 years","Dawson","262","0","8"
"30-39 years","Dawson","152","0","3"
"40-49 years","Dawson","153","0","14"
"50-59 years","Dawson","198","0","15"
"60-69 years","Dawson","149","1","33"
"70-79 years","Dawson","92","7","22"
"80 & Older years","Dawson","32","3","9"
"<1 years","Dawson","5","0","0"
"Unknown years","Dawson","10","0","2"
"01-04 years","DeKalb","324","0","10"
"05-09 years","DeKalb","449","0","4"
"10-17 years","DeKalb","1321","0","34"
"18-29 years","DeKalb","6520","7","249"
"30-39 years","DeKalb","5516","13","344"
"40-49 years","DeKalb","4329","21","374"
"50-59 years","DeKalb","3807","51","493"
"60-69 years","DeKalb","2325","93","503"
"70-79 years","DeKalb","1232","122","387"
"80 & Older years","DeKalb","730","137","250"
"<1 years","DeKalb","87","0","5"
"Unknown years","DeKalb","95","0","6"
"01-04 years","Decatur","31","0","1"
"05-09 years","Decatur","42","0","0"
"10-17 years","Decatur","120","0","0"
"18-29 years","Decatur","286","1","6"
"30-39 years","Decatur","215","1","7"
"40-49 years","Decatur","215","0","14"
"50-59 years","Decatur","185","4","22"
"60-69 years","Decatur","137","10","24"
"70-79 years","Decatur","84","15","17"
"80 & Older years","Decatur","79","10","15"
"<1 years","Decatur","6","0","0"
"01-04 years","Dodge","4","0","0"
"05-09 years","Dodge","13","0","0"
"10-17 years","Dodge","46","1","1"
"18-29 years","Dodge","109","0","0"
"30-39 years","Dodge","65","0","1"
"40-49 years","Dodge","118","1","10"
"50-59 years","Dodge","138","3","10"
"60-69 years","Dodge","113","8","19"
"70-79 years","Dodge","64","11","11"
"80 & Older years","Dodge","46","14","12"
"<1 years","Dodge","2","0","0"
"01-04 years","Dooly","8","0","0"
"05-09 years","Dooly","3","0","0"
"10-17 years","Dooly","18","0","0"
"18-29 years","Dooly","63","0","5"
"30-39 years","Dooly","59","0","7"
"40-49 years","Dooly","78","0","7"
"50-59 years","Dooly","73","4","11"
"60-69 years","Dooly","74","7","16"
"70-79 years","Dooly","33","4","10"
"80 & Older years","Dooly","15","3","3"
"<1 years","Dooly","1","0","0"
"Unknown years","Dooly","3","0","0"
"01-04 years","Dougherty","24","0","3"
"05-09 years","Dougherty","40","0","0"
"10-17 years","Dougherty","125","0","3"
"18-29 years","Dougherty","588","2","56"
"30-39 years","Dougherty","502","3","55"
"40-49 years","Dougherty","545","12","86"
"50-59 years","Dougherty","612","18","118"
"60-69 years","Dougherty","523","49","162"
"70-79 years","Dougherty","311","50","128"
"80 & Older years","Dougherty","192","65","84"
"<1 years","Dougherty","14","0","1"
"Unknown years","Dougherty","1","0","0"
"01-04 years","Douglas","57","0","1"
"05-09 years","Douglas","88","0","3"
"10-17 years","Douglas","286","0","3"
"18-29 years","Douglas","1094","0","37"
"30-39 years","Douglas","838","3","44"
"40-49 years","Douglas","957","4","77"
"50-59 years","Douglas","820","10","105"
"60-69 years","Douglas","470","15","105"
"70-79 years","Douglas","283","29","89"
"80 & Older years","Douglas","140","24","56"
"<1 years","Douglas","7","0","1"
"Unknown years","Douglas","89","0","0"
"01-04 years","Early","14","0","0"
"05-09 years","Early","14","0","0"
"10-17 years","Early","45","0","0"
"18-29 years","Early","99","0","3"
"30-39 years","Early","88","0","3"
"40-49 years","Early","106","1","7"
"50-59 years","Early","95","3","8"
"60-69 years","Early","74","10","10"
"70-79 years","Early","49","11","7"
"80 & Older years","Early","32","11","7"
"<1 years","Early","2","0","0"
"01-04 years","Echols","3","0","0"
"05-09 years","Echols","4","0","0"
"10-17 years","Echols","17","0","1"
"18-29 years","Echols","111","0","1"
"30-39 years","Echols","46","0","2"
"40-49 years","Echols","31","0","1"
"50-59 years","Echols","32","0","2"
"60-69 years","Echols","15","0","0"
"70-79 years","Echols","11","2","3"
"<1 years","Echols","1","0","0"
"Unknown years","Echols","6","0","0"
"01-04 years","Effingham","27","0","1"
"05-09 years","Effingham","47","0","0"
"10-17 years","Effingham","191","0","0"
"18-29 years","Effingham","426","0","3"
"30-39 years","Effingham","329","1","11"
"40-49 years","Effingham","355","0","16"
"50-59 years","Effingham","349","6","26"
"60-69 years","Effingham","210","3","29"
"70-79 years","Effingham","123","11","29"
"80 & Older years","Effingham","56","11","18"
"<1 years","Effingham","6","0","0"
"Unknown years","Effingham","5","0","1"
"01-04 years","Elbert","9","0","0"
"05-09 years","Elbert","19","0","0"
"10-17 years","Elbert","57","0","0"
"18-29 years","Elbert","175","0","0"
"30-39 years","Elbert","116","0","6"
"40-49 years","Elbert","133","0","8"
"50-59 years","Elbert","143","0","10"
"60-69 years","Elbert","116","1","16"
"70-79 years","Elbert","96","8","21"
"80 & Older years","Elbert","79","10","22"
"<1 years","Elbert","6","0","2"
"01-04 years","Emanuel","16","0","1"
"05-09 years","Emanuel","16","0","0"
"10-17 years","Emanuel","128","0","2"
"18-29 years","Emanuel","223","1","0"
"30-39 years","Emanuel","174","0","6"
"40-49 years","Emanuel","209","1","7"
"50-59 years","Emanuel","193","4","19"
"60-69 years","Emanuel","166","7","20"
"70-79 years","Emanuel","101","15","23"
"80 & Older years","Emanuel","48","15","15"
"<1 years","Emanuel","4","0","0"
"Unknown years","Emanuel","7","0","1"
"01-04 years","Evans","7","0","0"
"05-09 years","Evans","13","0","0"
"10-17 years","Evans","52","0","0"
"18-29 years","Evans","105","1","3"
"30-39 years","Evans","91","0","3"
"40-49 years","Evans","80","0","8"
"50-59 years","Evans","83","1","13"
"60-69 years","Evans","45","2","11"
"70-79 years","Evans","29","3","9"
"80 & Older years","Evans","14","1","4"
"<1 years","Evans","2","0","0"
"Unknown years","Evans","2","0","0"
"01-04 years","Fannin","6","0","0"
"05-09 years","Fannin","14","0","0"
"10-17 years","Fannin","51","0","0"
"18-29 years","Fannin","144","0","2"
"30-39 years","Fannin","103","0","4"
"40-49 years","Fannin","125","0","6"
"50-59 years","Fannin","170","4","11"
"60-69 years","Fannin","180","4","18"
"70-79 years","Fannin","129","1","21"
"80 & Older years","Fannin","79","22","28"
"<1 years","Fannin","3","0","0"
"Unknown years","Fannin","8","0","0"
"01-04 years","Fayette","24","0","0"
"05-09 years","Fayette","32","0","1"
"10-17 years","Fayette","196","0","1"
"18-29 years","Fayette","607","0","5"
"30-39 years","Fayette","319","1","6"
"40-49 years","Fayette","461","1","17"
"50-59 years","Fayette","477","3","27"
"60-69 years","Fayette","358","11","29"
"70-79 years","Fayette","192","21","43"
"80 & Older years","Fayette","122","25","27"
"<1 years","Fayette","2","0","0"
"Unknown years","Fayette","14","0","0"
"01-04 years","Floyd","67","0","3"
"05-09 years","Floyd","110","0","0"
"10-17 years","Floyd","513","0","7"
"18-29 years","Floyd","1120","0","17"
"30-39 years","Floyd","820","2","31"
"40-49 years","Floyd","776","1","41"
"50-59 years","Floyd","701","13","76"
"60-69 years","Floyd","506","18","97"
"70-79 years","Floyd","341","17","100"
"80 & Older years","Floyd","191","29","62"
"<1 years","Floyd","23","0","1"
"Unknown years","Floyd","53","0","2"
"01-04 years","Forsyth","64","0","1"
"05-09 years","Forsyth","141","0","0"
"10-17 years","Forsyth","578","0","2"
"18-29 years","Forsyth","1491","0","31"
"30-39 years","Forsyth","908","0","36"
"40-49 years","Forsyth","1115","2","62"
"50-59 years","Forsyth","1047","8","81"
"60-69 years","Forsyth","537","6","74"
"70-79 years","Forsyth","333","21","92"
"80 & Older years","Forsyth","195","26","68"
"<1 years","Forsyth","21","0","2"
"Unknown years","Forsyth","67","0","0"
"01-04 years","Franklin","7","0","0"
"05-09 years","Franklin","22","0","0"
"10-17 years","Franklin","101","0","4"
"18-29 years","Franklin","243","0","4"
"30-39 years","Franklin","165","0","2"
"40-49 years","Franklin","176","0","10"
"50-59 years","Franklin","188","0","14"
"60-69 years","Franklin","150","2","18"
"70-79 years","Franklin","81","9","17"
"80 & Older years","Franklin","47","8","15"
"<1 years","Franklin","3","0","1"
"Unknown years","Franklin","30","0","2"
"01-04 years","Fulton","379","0","12"
"05-09 years","Fulton","561","0","7"
"10-17 years","Fulton","1942","1","28"
"18-29 years","Fulton","11334","4","237"
"30-39 years","Fulton","7640","13","340"
"40-49 years","Fulton","5754","27","400"
"50-59 years","Fulton","4906","59","538"
"60-69 years","Fulton","2938","120","503"
"70-79 years","Fulton","1598","165","426"
"80 & Older years","Fulton","1230","286","406"
"<1 years","Fulton","107","0","4"
"Unknown years","Fulton","105","0","5"
"01-04 years","Gilmer","19","0","1"
"05-09 years","Gilmer","15","0","0"
"10-17 years","Gilmer","91","0","2"
"18-29 years","Gilmer","179","0","8"
"30-39 years","Gilmer","166","0","10"
"40-49 years","Gilmer","184","0","10"
"50-59 years","Gilmer","179","4","11"
"60-69 years","Gilmer","187","1","25"
"70-79 years","Gilmer","122","8","22"
"80 & Older years","Gilmer","75","16","21"
"<1 years","Gilmer","7","0","0"
"Unknown years","Gilmer","16","0","0"
"01-04 years","Glascock","1","0","0"
"05-09 years","Glascock","2","0","0"
"18-29 years","Glascock","11","0","0"
"30-39 years","Glascock","7","0","0"
"40-49 years","Glascock","11","0","0"
"50-59 years","Glascock","17","1","2"
"60-69 years","Glascock","8","0","0"
"80 & Older years","Glascock","5","1","3"
"<1 years","Glascock","1","0","0"
"Unknown years","Glascock","1","0","0"
"01-04 years","Glynn","56","0","1"
"05-09 years","Glynn","112","0","1"
"10-17 years","Glynn","280","0","0"
"18-29 years","Glynn","952","0","16"
"30-39 years","Glynn","698","2","22"
"40-49 years","Glynn","569","3","29"
"50-59 years","Glynn","555","8","58"
"60-69 years","Glynn","458","22","90"
"70-79 years","Glynn","288","30","60"
"80 & Older years","Glynn","191","46","71"
"<1 years","Glynn","15","0","0"
"Unknown years","Glynn","14","0","0"
"01-04 years","Gordon","42","0","0"
"05-09 years","Gordon","52","0","0"
"10-17 years","Gordon","256","0","2"
"18-29 years","Gordon","649","0","8"
"30-39 years","Gordon","502","1","17"
"40-49 years","Gordon","544","1","20"
"50-59 years","Gordon","489","6","23"
"60-69 years","Gordon","304","9","24"
"70-79 years","Gordon","186","16","41"
"80 & Older years","Gordon","121","22","34"
"<1 years","Gordon","10","0","1"
"Unknown years","Gordon","5","0","0"
"01-04 years","Grady","19","0","1"
"05-09 years","Grady","29","0","0"
"10-17 years","Grady","81","0","2"
"18-29 years","Grady","153","0","8"
"30-39 years","Grady","150","0","5"
"40-49 years","Grady","147","0","18"
"50-59 years","Grady","127","4","17"
"60-69 years","Grady","94","3","18"
"70-79 years","Grady","85","8","24"
"80 & Older years","Grady","35","12","13"
"<1 years","Grady","3","0","1"
"Unknown years","Grady","3","0","0"
"01-04 years","Greene","8","0","0"
"05-09 years","Greene","20","0","0"
"10-17 years","Greene","40","0","0"
"18-29 years","Greene","147","0","5"
"30-39 years","Greene","94","0","5"
"40-49 years","Greene","82","3","7"
"50-59 years","Greene","82","3","8"
"60-69 years","Greene","80","2","9"
"70-79 years","Greene","63","5","13"
"80 & Older years","Greene","37","13","16"
"<1 years","Greene","2","0","1"
"Unknown years","Greene","1","0","0"
"01-04 years","Gwinnett","553","0","11"
"05-09 years","Gwinnett","804","0","11"
"10-17 years","Gwinnett","2603","1","45"
"18-29 years","Gwinnett","9349","1","372"
"30-39 years","Gwinnett","6597","12","398"
"40-49 years","Gwinnett","6979","34","523"
"50-59 years","Gwinnett","5603","57","558"
"60-69 years","Gwinnett","3000","100","522"
"70-79 years","Gwinnett","1334","106","377"
"80 & Older years","Gwinnett","837","195","368"
"<1 years","Gwinnett","138","0","4"
"Unknown years","Gwinnett","78","0","0"
"01-04 years","Habersham","15","0","1"
"05-09 years","Habersham","26","0","3"
"10-17 years","Habersham","131","1","5"
"18-29 years","Habersham","491","0","8"
"30-39 years","Habersham","337","2","20"
"40-49 years","Habersham","367","1","24"
"50-59 years","Habersham","384","4","32"
"60-69 years","Habersham","277","9","71"
"70-79 years","Habersham","195","18","58"
"80 & Older years","Habersham","163","46","51"
"<1 years","Habersham","6","0","3"
"Unknown years","Habersham","27","0","2"
"01-04 years","Hall","89","0","3"
"05-09 years","Hall","207","0","1"
"10-17 years","Hall","850","0","14"
"18-29 years","Hall","2946","3","110"
"30-39 years","Hall","1925","1","108"
"40-49 years","Hall","1990","7","169"
"50-59 years","Hall","2040","17","234"
"60-69 years","Hall","1272","38","220"
"70-79 years","Hall","769","44","211"
"80 & Older years","Hall","477","86","195"
"<1 years","Hall","18","0","5"
"Unknown years","Hall","219","0","7"
"01-04 years","Hancock","3","0","0"
"05-09 years","Hancock","3","0","0"
"10-17 years","Hancock","16","0","0"
"18-29 years","Hancock","69","0","2"
"30-39 years","Hancock","66","0","2"
"40-49 years","Hancock","77","1","4"
"50-59 years","Hancock","86","3","11"
"60-69 years","Hancock","97","13","20"
"70-79 years","Hancock","56","12","15"
"80 & Older years","Hancock","43","18","17"
"<1 years","Hancock","1","0","0"
"01-04 years","Haralson","10","0","0"
"05-09 years","Haralson","19","0","0"
"10-17 years","Haralson","82","0","1"
"18-29 years","Haralson","195","0","1"
"30-39 years","Haralson","132","0","2"
"40-49 years","Haralson","129","1","4"
"50-59 years","Haralson","125","0","1"
"60-69 years","Haralson","109","7","15"
"70-79 years","Haralson","68","9","14"
"80 & Older years","Haralson","34","3","3"
"<1 years","Haralson","5","0","0"
"Unknown years","Haralson","1","0","0"
"01-04 years","Harris","12","0","0"
"05-09 years","Harris","10","0","0"
"10-17 years","Harris","82","0","2"
"18-29 years","Harris","151","0","2"
"30-39 years","Harris","106","0","5"
"40-49 years","Harris","163","2","7"
"50-59 years","Harris","175","4","16"
"60-69 years","Harris","162","10","38"
"70-79 years","Harris","84","8","23"
"80 & Older years","Harris","28","4","6"
"<1 years","Harris","2","0","0"
"Unknown years","Harris","2","0","0"
"01-04 years","Hart","8","0","0"
"05-09 years","Hart","12","0","1"
"10-17 years","Hart","38","0","0"
"18-29 years","Hart","140","0","0"
"30-39 years","Hart","102","0","5"
"40-49 years","Hart","105","0","6"
"50-59 years","Hart","140","1","13"
"60-69 years","Hart","107","8","23"
"70-79 years","Hart","59","4","12"
"80 & Older years","Hart","45","7","21"
"<1 years","Hart","3","0","1"
"Unknown years","Hart","1","0","0"
"01-04 years","Heard","3","0","0"
"05-09 years","Heard","9","0","0"
"10-17 years","Heard","29","0","1"
"18-29 years","Heard","56","0","0"
"30-39 years","Heard","30","0","1"
"40-49 years","Heard","53","0","2"
"50-59 years","Heard","47","0","3"
"60-69 years","Heard","40","2","5"
"70-79 years","Heard","25","3","7"
"80 & Older years","Heard","8","2","2"
"<1 years","Heard","1","0","0"
"Unknown years","Heard","9","0","0"
"01-04 years","Henry","71","0","2"
"05-09 years","Henry","130","0","1"
"10-17 years","Henry","475","0","4"
"18-29 years","Henry","1719","1","22"
"30-39 years","Henry","1358","3","32"
"40-49 years","Henry","1507","7","61"
"50-59 years","Henry","1367","12","82"
"60-69 years","Henry","695","26","53"
"70-79 years","Henry","371","37","50"
"80 & Older years","Henry","206","44","34"
"<1 years","Henry","17","0","2"
"Unknown years","Henry","9","0","0"
"01-04 years","Houston","43","0","1"
"05-09 years","Houston","71","0","1"
"10-17 years","Houston","245","0","3"
"18-29 years","Houston","995","3","22"
"30-39 years","Houston","812","1","39"
"40-49 years","Houston","778","2","64"
"50-59 years","Houston","666","9","74"
"60-69 years","Houston","439","26","83"
"70-79 years","Houston","245","36","87"
"80 & Older years","Houston","121","27","48"
"<1 years","Houston","11","0","1"
"Unknown years","Houston","1","0","0"
"01-04 years","Irwin","3","0","0"
"05-09 years","Irwin","7","0","0"
"10-17 years","Irwin","38","0","0"
"18-29 years","Irwin","69","0","3"
"30-39 years","Irwin","64","0","4"
"40-49 years","Irwin","77","0","4"
"50-59 years","Irwin","65","1","6"
"60-69 years","Irwin","48","1","13"
"70-79 years","Irwin","23","3","3"
"80 & Older years","Irwin","23","6","10"
"Unknown years","Irwin","4","0","0"
"01-04 years","Jackson","18","0","0"
"05-09 years","Jackson","70","0","1"
"10-17 years","Jackson","301","0","1"
"18-29 years","Jackson","649","0","10"
"30-39 years","Jackson","497","1","12"
"40-49 years","Jackson","531","1","38"
"50-59 years","Jackson","539","4","38"
"60-69 years","Jackson","308","5","36"
"70-79 years","Jackson","232","16","62"
"80 & Older years","Jackson","132","25","58"
"<1 years","Jackson","7","0","2"
"Unknown years","Jackson","9","0","1"
"01-04 years","Jasper","1","0","0"
"05-09 years","Jasper","4","0","0"
"10-17 years","Jasper","11","0","0"
"18-29 years","Jasper","60","0","1"
"30-39 years","Jasper","44","0","0"
"40-49 years","Jasper","40","0","1"
"50-59 years","Jasper","64","0","8"
"60-69 years","Jasper","42","3","9"
"70-79 years","Jasper","20","2","4"
"80 & Older years","Jasper","6","0","0"
"<1 years","Jasper","2","0","0"
"01-04 years","Jeff Davis","21","0","1"
"05-09 years","Jeff Davis","22","0","0"
"10-17 years","Jeff Davis","65","0","2"
"18-29 years","Jeff Davis","167","0","3"
"30-39 years","Jeff Davis","141","0","7"
"40-49 years","Jeff Davis","141","0","11"
"50-59 years","Jeff Davis","123","4","11"
"60-69 years","Jeff Davis","88","6","19"
"70-79 years","Jeff Davis","54","12","16"
"80 & Older years","Jeff Davis","15","7","6"
"<1 years","Jeff Davis","2","0","1"
"Unknown years","Jeff Davis","3","0","0"
"01-04 years","Jefferson","16","0","0"
"05-09 years","Jefferson","25","0","0"
"10-17 years","Jefferson","59","0","0"
"18-29 years","Jefferson","167","0","3"
"30-39 years","Jefferson","121","0","6"
"40-49 years","Jefferson","131","3","9"
"50-59 years","Jefferson","169","2","16"
"60-69 years","Jefferson","133","7","20"
"70-79 years","Jefferson","94","13","22"
"80 & Older years","Jefferson","44","13","20"
"<1 years","Jefferson","4","0","0"
"Unknown years","Jefferson","6","0","0"
"01-04 years","Jenkins","6","0","0"
"05-09 years","Jenkins","10","0","0"
"10-17 years","Jenkins","40","0","0"
"18-29 years","Jenkins","80","0","2"
"30-39 years","Jenkins","47","1","4"
"40-49 years","Jenkins","74","2","8"
"50-59 years","Jenkins","81","6","14"
"60-69 years","Jenkins","63","5","11"
"70-79 years","Jenkins","41","12","20"
"80 & Older years","Jenkins","44","8","10"
"<1 years","Jenkins","2","0","0"
"01-04 years","Johnson","4","0","0"
"05-09 years","Johnson","5","0","0"
"10-17 years","Johnson","14","0","0"
"18-29 years","Johnson","77","0","2"
"30-39 years","Johnson","47","0","3"
"40-49 years","Johnson","58","1","6"
"50-59 years","Johnson","75","1","12"
"60-69 years","Johnson","76","7","16"
"70-79 years","Johnson","55","6","16"
"80 & Older years","Johnson","56","13","15"
"01-04 years","Jones","2","0","0"
"05-09 years","Jones","9","0","0"
"10-17 years","Jones","34","0","0"
"18-29 years","Jones","197","0","4"
"30-39 years","Jones","113","0","3"
"40-49 years","Jones","114","1","3"
"50-59 years","Jones","126","1","12"
"60-69 years","Jones","82","1","14"
"70-79 years","Jones","46","7","17"
"80 & Older years","Jones","44","10","8"
"<1 years","Jones","1","0","0"
"01-04 years","Lamar","12","0","0"
"05-09 years","Lamar","25","0","0"
"10-17 years","Lamar","46","0","1"
"18-29 years","Lamar","83","0","1"
"30-39 years","Lamar","72","0","2"
"40-49 years","Lamar","74","1","2"
"50-59 years","Lamar","83","1","11"
"60-69 years","Lamar","74","3","11"
"70-79 years","Lamar","58","5","11"
"80 & Older years","Lamar","34","13","13"
"<1 years","Lamar","5","0","0"
"Unknown years","Lamar","1","0","0"
"01-04 years","Lanier","5","0","0"
"05-09 years","Lanier","8","0","1"
"10-17 years","Lanier","23","0","1"
"18-29 years","Lanier","77","1","0"
"30-39 years","Lanier","86","0","1"
"40-49 years","Lanier","46","1","1"
"50-59 years","Lanier","45","0","3"
"60-69 years","Lanier","27","1","1"
"70-79 years","Lanier","14","4","4"
"80 & Older years","Lanier","10","0","4"
"<1 years","Lanier","3","0","0"
"Unknown years","Lanier","2","0","0"
"01-04 years","Laurens","15","0","0"
"05-09 years","Laurens","19","0","0"
"10-17 years","Laurens","139","0","2"
"18-29 years","Laurens","404","0","6"
"30-39 years","Laurens","321","0","10"
"40-49 years","Laurens","330","3","18"
"50-59 years","Laurens","368","6","35"
"60-69 years","Laurens","310","24","53"
"70-79 years","Laurens","212","36","49"
"80 & Older years","Laurens","135","39","34"
"<1 years","Laurens","5","0","0"
"Unknown years","Laurens","4","0","0"
"01-04 years","Lee","7","0","0"
"05-09 years","Lee","11","0","2"
"10-17 years","Lee","55","0","1"
"18-29 years","Lee","138","1","7"
"30-39 years","Lee","161","1","13"
"40-49 years","Lee","152","3","18"
"50-59 years","Lee","144","6","26"
"60-69 years","Lee","95","7","16"
"70-79 years","Lee","48","9","18"
"80 & Older years","Lee","22","5","10"
"<1 years","Lee","3","0","0"
"01-04 years","Liberty","14","0","0"
"05-09 years","Liberty","25","0","1"
"10-17 years","Liberty","95","0","1"
"18-29 years","Liberty","384","1","11"
"30-39 years","Liberty","270","0","9"
"40-49 years","Liberty","245","0","11"
"50-59 years","Liberty","196","4","26"
"60-69 years","Liberty","160","8","29"
"70-79 years","Liberty","65","9","26"
"80 & Older years","Liberty","38","7","15"
"<1 years","Liberty","13","0","1"
"Unknown years","Liberty","4","0","0"
"01-04 years","Lincoln","4","0","0"
"05-09 years","Lincoln","8","0","0"
"10-17 years","Lincoln","14","0","0"
"18-29 years","Lincoln","57","0","2"
"30-39 years","Lincoln","36","0","1"
"40-49 years","Lincoln","50","0","5"
"50-59 years","Lincoln","35","0","3"
"60-69 years","Lincoln","38","2","9"
"70-79 years","Lincoln","28","1","8"
"80 & Older years","Lincoln","11","5","5"
"<1 years","Lincoln","2","0","0"
"01-04 years","Long","11","0","0"
"05-09 years","Long","3","0","0"
"10-17 years","Long","23","0","0"
"18-29 years","Long","61","0","0"
"30-39 years","Long","76","0","0"
"40-49 years","Long","44","0","2"
"50-59 years","Long","44","1","5"
"60-69 years","Long","37","1","3"
"70-79 years","Long","17","3","5"
"80 & Older years","Long","5","0","3"
"<1 years","Long","3","0","0"
"Unknown years","Long","1","0","0"
"01-04 years","Lowndes","86","0","0"
"05-09 years","Lowndes","119","0","0"
"10-17 years","Lowndes","417","0","5"
"18-29 years","Lowndes","1711","3","23"
"30-39 years","Lowndes","829","0","14"
"40-49 years","Lowndes","723","1","32"
"50-59 years","Lowndes","600","6","38"
"60-69 years","Lowndes","431","18","49"
"70-79 years","Lowndes","229","30","35"
"80 & Older years","Lowndes","138","37","39"
"<1 years","Lowndes","18","0","0"
"Unknown years","Lowndes","39","0","0"
"01-04 years","Lumpkin","6","0","0"
"05-09 years","Lumpkin","15","0","0"
"10-17 years","Lumpkin","63","0","2"
"18-29 years","Lumpkin","366","0","6"
"30-39 years","Lumpkin","154","0","5"
"40-49 years","Lumpkin","154","0","10"
"50-59 years","Lumpkin","175","2","19"
"60-69 years","Lumpkin","184","6","27"
"70-79 years","Lumpkin","130","5","33"
"80 & Older years","Lumpkin","51","6","24"
"<1 years","Lumpkin","3","0","1"
"Unknown years","Lumpkin","16","0","0"
"01-04 years","Macon","6","0","0"
"05-09 years","Macon","6","0","0"
"10-17 years","Macon","12","0","0"
"18-29 years","Macon","47","0","3"
"30-39 years","Macon","35","0","3"
"40-49 years","Macon","52","1","6"
"50-59 years","Macon","63","3","10"
"60-69 years","Macon","35","5","17"
"70-79 years","Macon","32","2","12"
"80 & Older years","Macon","12","4","6"
"<1 years","Macon","1","0","0"
"01-04 years","Madison","15","0","0"
"05-09 years","Madison","17","0","0"
"10-17 years","Madison","96","0","0"
"18-29 years","Madison","189","0","1"
"30-39 years","Madison","167","0","5"
"40-49 years","Madison","179","0","9"
"50-59 years","Madison","192","1","17"
"60-69 years","Madison","121","4","19"
"70-79 years","Madison","60","6","21"
"80 & Older years","Madison","21","2","2"
"<1 years","Madison","9","0","2"
"Unknown years","Madison","2","0","0"
"01-04 years","Marion","3","0","0"
"05-09 years","Marion","4","0","0"
"10-17 years","Marion","16","0","0"
"18-29 years","Marion","38","0","0"
"30-39 years","Marion","23","0","2"
"40-49 years","Marion","36","1","5"
"50-59 years","Marion","35","3","5"
"60-69 years","Marion","28","3","3"
"70-79 years","Marion","19","1","3"
"80 & Older years","Marion","18","2","6"
"<1 years","Marion","1","0","0"
"01-04 years","McDuffie","6","0","0"
"05-09 years","McDuffie","8","0","0"
"10-17 years","McDuffie","44","0","0"
"18-29 years","McDuffie","168","0","3"
"30-39 years","McDuffie","118","2","3"
"40-49 years","McDuffie","130","2","11"
"50-59 years","McDuffie","136","2","16"
"60-69 years","McDuffie","102","4","16"
"70-79 years","McDuffie","65","7","27"
"80 & Older years","McDuffie","21","4","12"
"Unknown years","McDuffie","2","0","0"
"05-09 years","McIntosh","3","0","0"
"10-17 years","McIntosh","21","0","0"
"18-29 years","McIntosh","69","0","2"
"30-39 years","McIntosh","50","0","3"
"40-49 years","McIntosh","54","0","3"
"50-59 years","McIntosh","66","0","2"
"60-69 years","McIntosh","49","2","13"
"70-79 years","McIntosh","40","3","11"
"80 & Older years","McIntosh","10","3","3"
"<1 years","McIntosh","1","0","0"
"Unknown years","McIntosh","6","0","0"
"01-04 years","Meriwether","13","0","1"
"05-09 years","Meriwether","12","0","1"
"10-17 years","Meriwether","26","0","0"
"18-29 years","Meriwether","102","0","4"
"30-39 years","Meriwether","95","2","11"
"40-49 years","Meriwether","127","1","12"
"50-59 years","Meriwether","96","1","13"
"60-69 years","Meriwether","83","3","16"
"70-79 years","Meriwether","59","5","18"
"80 & Older years","Meriwether","36","7","9"
"<1 years","Meriwether","2","0","0"
"01-04 years","Miller","3","0","0"
"05-09 years","Miller","3","0","0"
"10-17 years","Miller","33","0","1"
"18-29 years","Miller","61","0","0"
"30-39 years","Miller","59","0","0"
"40-49 years","Miller","49","0","3"
"50-59 years","Miller","77","0","10"
"60-69 years","Miller","45","2","3"
"70-79 years","Miller","14","0","1"
"80 & Older years","Miller","11","0","3"
"<1 years","Miller","3","0","0"
"01-04 years","Mitchell","6","0","0"
"05-09 years","Mitchell","14","0","0"
"10-17 years","Mitchell","48","0","1"
"18-29 years","Mitchell","139","0","6"
"30-39 years","Mitchell","130","1","12"
"40-49 years","Mitchell","141","2","13"
"50-59 years","Mitchell","169","7","42"
"60-69 years","Mitchell","134","12","38"
"70-79 years","Mitchell","72","8","25"
"80 & Older years","Mitchell","56","18","20"
"<1 years","Mitchell","2","0","0"
"Unknown years","Mitchell","2","0","1"
"01-04 years","Monroe","5","0","0"
"05-09 years","Monroe","8","0","1"
"10-17 years","Monroe","45","0","0"
"18-29 years","Monroe","154","0","1"
"30-39 years","Monroe","105","0","4"
"40-49 years","Monroe","135","1","10"
"50-59 years","Monroe","158","3","14"
"60-69 years","Monroe","145","9","26"
"70-79 years","Monroe","87","14","21"
"80 & Older years","Monroe","87","32","20"
"<1 years","Monroe","3","0","1"
"01-04 years","Montgomery","6","0","0"
"05-09 years","Montgomery","3","0","0"
"10-17 years","Montgomery","23","0","1"
"18-29 years","Montgomery","99","0","0"
"30-39 years","Montgomery","59","1","3"
"40-49 years","Montgomery","77","0","2"
"50-59 years","Montgomery","53","1","5"
"60-69 years","Montgomery","46","3","9"
"70-79 years","Montgomery","23","2","5"
"80 & Older years","Montgomery","10","2","2"
"<1 years","Montgomery","1","0","0"
"01-04 years","Morgan","14","0","0"
"05-09 years","Morgan","9","0","0"
"10-17 years","Morgan","48","0","0"
"18-29 years","Morgan","122","0","2"
"30-39 years","Morgan","77","0","5"
"40-49 years","Morgan","84","0","3"
"50-59 years","Morgan","99","0","9"
"60-69 years","Morgan","76","1","7"
"70-79 years","Morgan","31","1","10"
"80 & Older years","Morgan","29","5","12"
"<1 years","Morgan","6","0","0"
"Unknown years","Morgan","1","0","0"
"01-04 years","Murray","24","0","2"
"05-09 years","Murray","27","0","1"
"10-17 years","Murray","159","0","1"
"18-29 years","Murray","406","0","3"
"30-39 years","Murray","263","0","3"
"40-49 years","Murray","315","0","15"
"50-59 years","Murray","278","2","17"
"60-69 years","Murray","192","2","28"
"70-79 years","Murray","123","10","27"
"80 & Older years","Murray","59","9","11"
"<1 years","Murray","10","0","2"
"Unknown years","Murray","5","0","0"
"01-04 years","Muscogee","111","0","5"
"05-09 years","Muscogee","147","0","0"
"10-17 years","Muscogee","368","0","3"
"18-29 years","Muscogee","1822","3","40"
"30-39 years","Muscogee","1139","2","61"
"40-49 years","Muscogee","993","3","68"
"50-59 years","Muscogee","988","25","140"
"60-69 years","Muscogee","771","44","180"
"70-79 years","Muscogee","414","53","124"
"80 & Older years","Muscogee","238","60","107"
"<1 years","Muscogee","39","0","2"
"Unknown years","Muscogee","19","0","0"
"01-04 years","Newton","42","0","2"
"05-09 years","Newton","50","0","0"
"10-17 years","Newton","174","0","2"
"18-29 years","Newton","674","1","22"
"30-39 years","Newton","557","0","37"
"40-49 years","Newton","644","1","62"
"50-59 years","Newton","594","7","76"
"60-69 years","Newton","307","17","57"
"70-79 years","Newton","214","29","52"
"80 & Older years","Newton","180","51","47"
"<1 years","Newton","13","0","1"
"Unknown years","Newton","3","0","0"
"01-04 years","Non-GA Resident/Unknown State","187","0","1"
"05-09 years","Non-GA Resident/Unknown State","301","0","4"
"10-17 years","Non-GA Resident/Unknown State","1042","0","7"
"18-29 years","Non-GA Resident/Unknown State","4650","4","49"
"30-39 years","Non-GA Resident/Unknown State","2925","3","56"
"40-49 years","Non-GA Resident/Unknown State","2521","6","61"
"50-59 years","Non-GA Resident/Unknown State","2334","22","125"
"60-69 years","Non-GA Resident/Unknown State","1568","56","166"
"70-79 years","Non-GA Resident/Unknown State","974","60","153"
"80 & Older years","Non-GA Resident/Unknown State","556","64","117"
"<1 years","Non-GA Resident/Unknown State","96","0","2"
"Unknown years","Non-GA Resident/Unknown State","585","0","3"
"01-04 years","Oconee","7","0","0"
"05-09 years","Oconee","20","0","0"
"10-17 years","Oconee","81","0","0"
"18-29 years","Oconee","276","0","3"
"30-39 years","Oconee","120","0","2"
"40-49 years","Oconee","174","0","10"
"50-59 years","Oconee","163","2","6"
"60-69 years","Oconee","110","9","18"
"70-79 years","Oconee","70","9","17"
"80 & Older years","Oconee","58","15","28"
"<1 years","Oconee","3","0","0"
"Unknown years","Oconee","1","0","0"
"01-04 years","Oglethorpe","9","0","0"
"05-09 years","Oglethorpe","13","0","0"
"10-17 years","Oglethorpe","45","0","0"
"18-29 years","Oglethorpe","96","0","1"
"30-39 years","Oglethorpe","54","0","0"
"40-49 years","Oglethorpe","77","0","4"
"50-59 years","Oglethorpe","69","1","12"
"60-69 years","Oglethorpe","67","0","10"
"70-79 years","Oglethorpe","45","3","10"
"80 & Older years","Oglethorpe","39","9","12"
"<1 years","Oglethorpe","5","0","0"
"01-04 years","Paulding","50","0","1"
"05-09 years","Paulding","90","0","0"
"10-17 years","Paulding","355","0","5"
"18-29 years","Paulding","882","0","10"
"30-39 years","Paulding","655","1","15"
"40-49 years","Paulding","727","3","15"
"50-59 years","Paulding","687","10","35"
"60-69 years","Paulding","358","12","35"
"70-79 years","Paulding","220","22","41"
"80 & Older years","Paulding","145","33","20"
"<1 years","Paulding","9","0","0"
"Unknown years","Paulding","16","0","0"
"01-04 years","Peach","8","0","0"
"05-09 years","Peach","14","0","0"
"10-17 years","Peach","33","0","0"
"18-29 years","Peach","217","1","7"
"30-39 years","Peach","169","0","11"
"40-49 years","Peach","131","2","8"
"50-59 years","Peach","158","3","26"
"60-69 years","Peach","137","7","30"
"70-79 years","Peach","59","6","18"
"80 & Older years","Peach","37","9","15"
"<1 years","Peach","4","0","0"
"Unknown years","Peach","2","0","0"
"01-04 years","Pickens","16","0","1"
"05-09 years","Pickens","17","0","0"
"10-17 years","Pickens","54","0","0"
"18-29 years","Pickens","181","0","5"
"30-39 years","Pickens","138","0","5"
"40-49 years","Pickens","186","0","9"
"50-59 years","Pickens","180","0","12"
"60-69 years","Pickens","151","0","15"
"70-79 years","Pickens","96","7","23"
"80 & Older years","Pickens","39","7","11"
"<1 years","Pickens","1","0","0"
"Unknown years","Pickens","2","0","0"
"01-04 years","Pierce","6","0","0"
"05-09 years","Pierce","11","0","0"
"10-17 years","Pierce","54","1","1"
"18-29 years","Pierce","145","0","4"
"30-39 years","Pierce","91","0","3"
"40-49 years","Pierce","129","0","11"
"50-59 years","Pierce","112","3","11"
"60-69 years","Pierce","92","8","27"
"70-79 years","Pierce","64","6","21"
"80 & Older years","Pierce","36","8","10"
"<1 years","Pierce","4","0","1"
"Unknown years","Pierce","2","0","0"
"01-04 years","Pike","12","0","0"
"05-09 years","Pike","10","0","0"
"10-17 years","Pike","44","0","0"
"18-29 years","Pike","76","0","3"
"30-39 years","Pike","59","0","2"
"40-49 years","Pike","90","1","5"
"50-59 years","Pike","68","2","6"
"60-69 years","Pike","56","1","11"
"70-79 years","Pike","45","5","10"
"80 & Older years","Pike","13","3","4"
"<1 years","Pike","1","0","0"
"Unknown years","Pike","1","0","0"
"01-04 years","Polk","23","0","1"
"05-09 years","Polk","39","0","0"
"10-17 years","Polk","175","0","1"
"18-29 years","Polk","450","0","4"
"30-39 years","Polk","303","0","6"
"40-49 years","Polk","327","1","25"
"50-59 years","Polk","312","5","43"
"60-69 years","Polk","165","9","41"
"70-79 years","Polk","150","9","37"
"80 & Older years","Polk","73","10","25"
"<1 years","Polk","5","0","0"
"Unknown years","Polk","23","0","1"
"05-09 years","Pulaski","5","0","0"
"10-17 years","Pulaski","23","0","1"
"18-29 years","Pulaski","47","0","1"
"30-39 years","Pulaski","54","0","2"
"40-49 years","Pulaski","51","0","5"
"50-59 years","Pulaski","69","0","6"
"60-69 years","Pulaski","66","5","8"
"70-79 years","Pulaski","38","11","13"
"80 & Older years","Pulaski","33","8","4"
"<1 years","Pulaski","1","0","0"
"01-04 years","Putnam","11","0","0"
"05-09 years","Putnam","32","0","0"
"10-17 years","Putnam","56","0","1"
"18-29 years","Putnam","165","0","2"
"30-39 years","Putnam","113","0","4"
"40-49 years","Putnam","123","1","3"
"50-59 years","Putnam","150","2","11"
"60-69 years","Putnam","129","8","19"
"70-79 years","Putnam","86","9","22"
"80 & Older years","Putnam","52","10","16"
"<1 years","Putnam","6","0","1"
"01-04 years","Quitman","1","0","0"
"10-17 years","Quitman","2","0","0"
"18-29 years","Quitman","6","0","0"
"30-39 years","Quitman","4","0","1"
"40-49 years","Quitman","3","0","1"
"50-59 years","Quitman","7","0","0"
"60-69 years","Quitman","18","1","3"
"70-79 years","Quitman","2","0","1"
"80 & Older years","Quitman","2","0","1"
"01-04 years","Rabun","5","0","0"
"05-09 years","Rabun","7","0","0"
"10-17 years","Rabun","45","0","0"
"18-29 years","Rabun","112","0","5"
"30-39 years","Rabun","92","1","5"
"40-49 years","Rabun","76","0","4"
"50-59 years","Rabun","85","0","8"
"60-69 years","Rabun","97","1","18"
"70-79 years","Rabun","52","4","16"
"80 & Older years","Rabun","33","6","13"
"<1 years","Rabun","3","0","1"
"Unknown years","Rabun","12","0","0"
"05-09 years","Randolph","2","0","0"
"10-17 years","Randolph","4","0","0"
"18-29 years","Randolph","42","0","0"
"30-39 years","Randolph","51","2","3"
"40-49 years","Randolph","39","0","3"
"50-59 years","Randolph","75","3","15"
"60-69 years","Randolph","53","7","14"
"70-79 years","Randolph","32","3","10"
"80 & Older years","Randolph","46","15","16"
"<1 years","Randolph","1","0","0"
"Unknown years","Randolph","2","0","0"
"01-04 years","Richmond","97","0","0"
"05-09 years","Richmond","196","0","3"
"10-17 years","Richmond","591","0","4"
"18-29 years","Richmond","2341","3","28"
"30-39 years","Richmond","1703","3","50"
"40-49 years","Richmond","1456","14","76"
"50-59 years","Richmond","1416","17","118"
"60-69 years","Richmond","993","33","128"
"70-79 years","Richmond","555","42","145"
"80 & Older years","Richmond","371","85","166"
"<1 years","Richmond","45","0","2"
"Unknown years","Richmond","25","0","0"
"01-04 years","Rockdale","30","0","0"
"05-09 years","Rockdale","51","0","0"
"10-17 years","Rockdale","139","0","4"
"18-29 years","Rockdale","550","2","31"
"30-39 years","Rockdale","426","2","45"
"40-49 years","Rockdale","473","4","59"
"50-59 years","Rockdale","490","5","70"
"60-69 years","Rockdale","269","12","74"
"70-79 years","Rockdale","145","17","60"
"80 & Older years","Rockdale","73","13","29"
"<1 years","Rockdale","4","0","0"
"Unknown years","Rockdale","1","0","0"
"01-04 years","Schley","4","0","0"
"05-09 years","Schley","3","0","0"
"10-17 years","Schley","11","0","0"
"18-29 years","Schley","33","0","2"
"30-39 years","Schley","11","0","0"
"40-49 years","Schley","16","0","2"
"50-59 years","Schley","23","0","3"
"60-69 years","Schley","19","1","7"
"70-79 years","Schley","7","0","2"
"80 & Older years","Schley","3","1","1"
"<1 years","Schley","1","0","0"
"01-04 years","Screven","2","0","0"
"05-09 years","Screven","7","0","0"
"10-17 years","Screven","40","0","0"
"18-29 years","Screven","88","0","3"
"30-39 years","Screven","60","0","2"
"40-49 years","Screven","63","1","4"
"50-59 years","Screven","60","0","9"
"60-69 years","Screven","77","1","12"
"70-79 years","Screven","41","3","11"
"80 & Older years","Screven","29","6","8"
"<1 years","Screven","2","0","0"
"Unknown years","Screven","1","0","0"
"01-04 years","Seminole","11","0","0"
"05-09 years","Seminole","10","0","0"
"10-17 years","Seminole","42","0","0"
"18-29 years","Seminole","68","0","0"
"30-39 years","Seminole","54","0","0"
"40-49 years","Seminole","71","0","3"
"50-59 years","Seminole","80","1","6"
"60-69 years","Seminole","81","1","12"
"70-79 years","Seminole","46","5","9"
"80 & Older years","Seminole","20","5","9"
"<1 years","Seminole","2","0","0"
"01-04 years","Spalding","26","0","0"
"05-09 years","Spalding","24","0","1"
"10-17 years","Spalding","97","0","2"
"18-29 years","Spalding","343","0","13"
"30-39 years","Spalding","298","2","21"
"40-49 years","Spalding","297","2","24"
"50-59 years","Spalding","323","6","49"
"60-69 years","Spalding","262","13","42"
"70-79 years","Spalding","161","21","43"
"80 & Older years","Spalding","144","31","37"
"<1 years","Spalding","2","0","0"
"Unknown years","Spalding","2","0","0"
"01-04 years","Stephens","8","0","0"
"05-09 years","Stephens","24","0","0"
"10-17 years","Stephens","89","0","1"
"18-29 years","Stephens","282","0","10"
"30-39 years","Stephens","177","0","6"
"40-49 years","Stephens","231","1","17"
"50-59 years","Stephens","243","3","21"
"60-69 years","Stephens","235","11","40"
"70-79 years","Stephens","175","14","35"
"80 & Older years","Stephens","102","16","22"
"<1 years","Stephens","2","0","0"
"Unknown years","Stephens","12","0","0"
"01-04 years","Stewart","2","0","0"
"05-09 years","Stewart","2","0","0"
"10-17 years","Stewart","9","0","0"
"18-29 years","Stewart","122","0","10"
"30-39 years","Stewart","166","1","15"
"40-49 years","Stewart","112","1","14"
"50-59 years","Stewart","63","1","10"
"60-69 years","Stewart","52","8","22"
"70-79 years","Stewart","21","2","3"
"80 & Older years","Stewart","18","4","5"
"<1 years","Stewart","1","0","0"
"Unknown years","Stewart","14","0","4"
"01-04 years","Sumter","10","0","0"
"05-09 years","Sumter","17","0","0"
"10-17 years","Sumter","32","0","2"
"18-29 years","Sumter","187","1","7"
"30-39 years","Sumter","147","1","16"
"40-49 years","Sumter","132","3","18"
"50-59 years","Sumter","166","2","37"
"60-69 years","Sumter","166","20","57"
"70-79 years","Sumter","114","20","38"
"80 & Older years","Sumter","77","22","37"
"<1 years","Sumter","3","0","0"
"Unknown years","Sumter","1","0","0"
"01-04 years","Talbot","3","0","0"
"05-09 years","Talbot","1","0","0"
"10-17 years","Talbot","19","0","0"
"18-29 years","Talbot","26","0","1"
"30-39 years","Talbot","18","0","1"
"40-49 years","Talbot","40","1","4"
"50-59 years","Talbot","35","1","5"
"60-69 years","Talbot","30","2","8"
"70-79 years","Talbot","19","2","3"
"80 & Older years","Talbot","13","2","7"
"05-09 years","Taliaferro","1","0","0"
"10-17 years","Taliaferro","2","0","0"
"18-29 years","Taliaferro","4","0","0"
"30-39 years","Taliaferro","4","0","0"
"40-49 years","Taliaferro","10","0","1"
"50-59 years","Taliaferro","7","0","0"
"60-69 years","Taliaferro","4","0","0"
"70-79 years","Taliaferro","5","0","0"
"80 & Older years","Taliaferro","1","0","1"
"01-04 years","Tattnall","19","0","0"
"05-09 years","Tattnall","28","0","0"
"10-17 years","Tattnall","88","0","0"
"18-29 years","Tattnall","213","0","1"
"30-39 years","Tattnall","147","0","3"
"40-49 years","Tattnall","160","0","6"
"50-59 years","Tattnall","160","3","14"
"60-69 years","Tattnall","126","6","18"
"70-79 years","Tattnall","59","7","24"
"80 & Older years","Tattnall","22","4","7"
"<1 years","Tattnall","4","0","0"
"Unknown years","Tattnall","5","0","1"
"01-04 years","Taylor","10","0","0"
"05-09 years","Taylor","8","0","0"
"10-17 years","Taylor","36","0","1"
"18-29 years","Taylor","51","0","0"
"30-39 years","Taylor","25","0","3"
"40-49 years","Taylor","49","1","4"
"50-59 years","Taylor","40","0","6"
"60-69 years","Taylor","27","5","10"
"70-79 years","Taylor","23","2","7"
"80 & Older years","Taylor","15","5","5"
"<1 years","Taylor","3","0","0"
"01-04 years","Telfair","6","0","0"
"05-09 years","Telfair","8","0","0"
"10-17 years","Telfair","10","0","0"
"18-29 years","Telfair","107","0","2"
"30-39 years","Telfair","69","0","1"
"40-49 years","Telfair","78","0","5"
"50-59 years","Telfair","73","3","9"
"60-69 years","Telfair","82","5","15"
"70-79 years","Telfair","52","6","12"
"80 & Older years","Telfair","33","11","7"
"<1 years","Telfair","3","0","0"
"01-04 years","Terrell","4","0","0"
"05-09 years","Terrell","1","0","0"
"10-17 years","Terrell","19","0","0"
"18-29 years","Terrell","43","0","1"
"30-39 years","Terrell","54","0","8"
"40-49 years","Terrell","43","0","7"
"50-59 years","Terrell","59","3","8"
"60-69 years","Terrell","65","9","24"
"70-79 years","Terrell","44","12","20"
"80 & Older years","Terrell","26","8","9"
"01-04 years","Thomas","25","0","0"
"05-09 years","Thomas","35","0","0"
"10-17 years","Thomas","108","0","0"
"18-29 years","Thomas","316","1","12"
"30-39 years","Thomas","263","0","11"
"40-49 years","Thomas","264","4","17"
"50-59 years","Thomas","286","4","22"
"60-69 years","Thomas","242","9","51"
"70-79 years","Thomas","149","25","36"
"80 & Older years","Thomas","88","34","31"
"<1 years","Thomas","6","0","1"
"01-04 years","Tift","20","0","0"
"05-09 years","Tift","41","0","2"
"10-17 years","Tift","174","0","4"
"18-29 years","Tift","580","0","12"
"30-39 years","Tift","368","1","20"
"40-49 years","Tift","374","6","38"
"50-59 years","Tift","322","9","48"
"60-69 years","Tift","225","13","49"
"70-79 years","Tift","166","20","56"
"80 & Older years","Tift","77","18","37"
"<1 years","Tift","9","0","0"
"Unknown years","Tift","27","0","0"
"01-04 years","Toombs","18","0","0"
"05-09 years","Toombs","35","0","0"
"10-17 years","Toombs","124","0","1"
"18-29 years","Toombs","334","0","5"
"30-39 years","Toombs","259","0","2"
"40-49 years","Toombs","252","1","18"
"50-59 years","Toombs","227","6","15"
"60-69 years","Toombs","187","4","33"
"70-79 years","Toombs","139","23","31"
"80 & Older years","Toombs","92","27","20"
"<1 years","Toombs","1","0","0"
"Unknown years","Toombs","4","0","0"
"01-04 years","Towns","1","0","0"
"05-09 years","Towns","4","0","0"
"10-17 years","Towns","21","0","0"
"18-29 years","Towns","88","0","2"
"30-39 years","Towns","52","0","2"
"40-49 years","Towns","57","1","4"
"50-59 years","Towns","86","1","8"
"60-69 years","Towns","112","1","10"
"70-79 years","Towns","88","6","21"
"80 & Older years","Towns","64","12","27"
"Unknown years","Towns","2","0","0"
"01-04 years","Treutlen","2","0","0"
"05-09 years","Treutlen","8","0","0"
"10-17 years","Treutlen","24","0","0"
"18-29 years","Treutlen","54","0","1"
"30-39 years","Treutlen","48","0","3"
"40-49 years","Treutlen","58","0","5"
"50-59 years","Treutlen","53","1","5"
"60-69 years","Treutlen","36","3","9"
"70-79 years","Treutlen","31","7","6"
"80 & Older years","Treutlen","20","3","5"
"01-04 years","Troup","86","0","0"
"05-09 years","Troup","100","0","0"
"10-17 years","Troup","250","0","2"
"18-29 years","Troup","733","0","24"
"30-39 years","Troup","535","5","34"
"40-49 years","Troup","455","2","40"
"50-59 years","Troup","488","12","81"
"60-69 years","Troup","345","17","74"
"70-79 years","Troup","165","28","63"
"80 & Older years","Troup","157","54","49"
"<1 years","Troup","28","0","1"
"Unknown years","Troup","12","0","0"
"05-09 years","Turner","4","0","0"
"10-17 years","Turner","14","0","0"
"18-29 years","Turner","52","0","1"
"30-39 years","Turner","74","0","6"
"40-49 years","Turner","63","0","4"
"50-59 years","Turner","69","2","8"
"60-69 years","Turner","52","6","18"
"70-79 years","Turner","30","5","10"
"80 & Older years","Turner","23","11","8"
"<1 years","Turner","1","0","1"
"Unknown years","Turner","1","0","0"
"01-04 years","Twiggs","6","0","0"
"05-09 years","Twiggs","2","0","0"
"10-17 years","Twiggs","14","0","0"
"18-29 years","Twiggs","35","0","1"
"30-39 years","Twiggs","35","1","4"
"40-49 years","Twiggs","35","1","7"
"50-59 years","Twiggs","45","2","9"
"60-69 years","Twiggs","51","3","19"
"70-79 years","Twiggs","25","3","12"
"80 & Older years","Twiggs","9","4","6"
"01-04 years","Union","4","0","0"
"05-09 years","Union","12","0","0"
"10-17 years","Union","35","0","1"
"18-29 years","Union","134","1","1"
"30-39 years","Union","119","0","2"
"40-49 years","Union","135","0","11"
"50-59 years","Union","160","3","12"
"60-69 years","Union","190","3","27"
"70-79 years","Union","180","12","32"
"80 & Older years","Union","133","16","30"
"<1 years","Union","1","0","0"
"Unknown years","Union","4","0","0"
"01-04 years","Unknown","13","0","0"
"05-09 years","Unknown","36","0","0"
"10-17 years","Unknown","161","0","0"
"18-29 years","Unknown","627","0","3"
"30-39 years","Unknown","350","0","2"
"40-49 years","Unknown","311","0","1"
"50-59 years","Unknown","275","1","6"
"60-69 years","Unknown","174","0","3"
"70-79 years","Unknown","113","0","7"
"80 & Older years","Unknown","50","0","5"
"<1 years","Unknown","21","0","0"
"Unknown years","Unknown","70","0","3"
"01-04 years","Upson","17","0","0"
"05-09 years","Upson","23","0","0"
"10-17 years","Upson","55","0","1"
"18-29 years","Upson","150","0","5"
"30-39 years","Upson","99","1","4"
"40-49 years","Upson","120","1","8"
"50-59 years","Upson","160","4","16"
"60-69 years","Upson","142","15","23"
"70-79 years","Upson","98","24","26"
"80 & Older years","Upson","75","26","23"
"<1 years","Upson","7","0","0"
"Unknown years","Upson","5","0","0"
"01-04 years","Walker","28","0","0"
"05-09 years","Walker","55","0","0"
"10-17 years","Walker","235","0","1"
"18-29 years","Walker","470","0","5"
"30-39 years","Walker","368","0","6"
"40-49 years","Walker","422","3","13"
"50-59 years","Walker","372","1","19"
"60-69 years","Walker","320","10","30"
"70-79 years","Walker","213","21","25"
"80 & Older years","Walker","127","16","18"
"<1 years","Walker","14","0","0"
"Unknown years","Walker","30","0","2"
"01-04 years","Walton","20","0","0"
"05-09 years","Walton","47","0","1"
"10-17 years","Walton","221","0","2"
"18-29 years","Walton","568","0","16"
"30-39 years","Walton","433","0","17"
"40-49 years","Walton","465","1","34"
"50-59 years","Walton","480","4","43"
"60-69 years","Walton","339","11","41"
"70-79 years","Walton","239","23","59"
"80 & Older years","Walton","171","39","47"
"<1 years","Walton","9","0","1"
"Unknown years","Walton","2","0","0"
"01-04 years","Ware","41","0","1"
"05-09 years","Ware","40","0","0"
"10-17 years","Ware","154","0","2"
"18-29 years","Ware","383","1","5"
"30-39 years","Ware","302","0","14"
"40-49 years","Ware","243","2","22"
"50-59 years","Ware","263","6","39"
"60-69 years","Ware","198","8","40"
"70-79 years","Ware","168","27","61"
"80 & Older years","Ware","116","28","33"
"<1 years","Ware","9","0","0"
"Unknown years","Ware","4","0","1"
"01-04 years","Warren","4","0","0"
"05-09 years","Warren","1","0","0"
"10-17 years","Warren","9","0","0"
"18-29 years","Warren","26","0","2"
"30-39 years","Warren","28","0","2"
"40-49 years","Warren","27","1","4"
"50-59 years","Warren","38","1","6"
"60-69 years","Warren","23","2","5"
"70-79 years","Warren","18","1","7"
"80 & Older years","Warren","9","1","2"
"<1 years","Warren","2","0","1"
"Unknown years","Warren","2","0","0"
"01-04 years","Washington","13","0","0"
"05-09 years","Washington","11","0","0"
"10-17 years","Washington","65","0","1"
"18-29 years","Washington","172","0","5"
"30-39 years","Washington","151","0","7"
"40-49 years","Washington","179","2","7"
"50-59 years","Washington","139","1","12"
"60-69 years","Washington","125","6","11"
"70-79 years","Washington","77","4","11"
"80 & Older years","Washington","51","7","7"
"<1 years","Washington","7","0","0"
"Unknown years","Washington","5","0","0"
"01-04 years","Wayne","19","0","0"
"05-09 years","Wayne","8","0","0"
"10-17 years","Wayne","63","0","0"
"18-29 years","Wayne","241","1","6"
"30-39 years","Wayne","248","0","4"
"40-49 years","Wayne","278","1","22"
"50-59 years","Wayne","232","4","15"
"60-69 years","Wayne","164","10","38"
"70-79 years","Wayne","150","16","44"
"80 & Older years","Wayne","70","13","14"
"<1 years","Wayne","2","0","0"
"Unknown years","Wayne","6","0","0"
"18-29 years","Webster","10","0","1"
"30-39 years","Webster","3","0","0"
"40-49 years","Webster","7","0","2"
"50-59 years","Webster","10","2","4"
"60-69 years","Webster","10","0","3"
"70-79 years","Webster","4","0","0"
"Unknown years","Webster","2","0","0"
"05-09 years","Wheeler","2","0","0"
"10-17 years","Wheeler","12","0","0"
"18-29 years","Wheeler","37","0","0"
"30-39 years","Wheeler","60","2","2"
"40-49 years","Wheeler","69","1","3"
"50-59 years","Wheeler","76","5","5"
"60-69 years","Wheeler","48","3","5"
"70-79 years","Wheeler","33","4","6"
"80 & Older years","Wheeler","8","3","1"
"<1 years","Wheeler","1","0","0"
"Unknown years","Wheeler","24","0","1"
"01-04 years","White","9","0","0"
"05-09 years","White","20","0","0"
"10-17 years","White","111","0","1"
"18-29 years","White","214","1","4"
"30-39 years","White","163","1","6"
"40-49 years","White","180","1","7"
"50-59 years","White","204","2","23"
"60-69 years","White","198","3","31"
"70-79 years","White","155","5","35"
"80 & Older years","White","86","15","34"
"<1 years","White","4","0","0"
"Unknown years","White","12","0","0"
"01-04 years","Whitfield","94","0","2"
"05-09 years","Whitfield","176","0","3"
"10-17 years","Whitfield","664","0","2"
"18-29 years","Whitfield","2033","0","31"
"30-39 years","Whitfield","1229","1","34"
"40-49 years","Whitfield","1304","2","51"
"50-59 years","Whitfield","1117","10","66"
"60-69 years","Whitfield","663","20","82"
"70-79 years","Whitfield","356","21","67"
"80 & Older years","Whitfield","198","31","54"
"<1 years","Whitfield","41","0","4"
"Unknown years","Whitfield","10","0","1"
"01-04 years","Wilcox","8","0","0"
"05-09 years","Wilcox","3","0","0"
"10-17 years","Wilcox","13","0","0"
"18-29 years","Wilcox","19","0","0"
"30-39 years","Wilcox","26","0","1"
"40-49 years","Wilcox","52","0","11"
"50-59 years","Wilcox","49","1","10"
"60-69 years","Wilcox","67","8","21"
"70-79 years","Wilcox","38","9","9"
"80 & Older years","Wilcox","17","7","4"
"<1 years","Wilcox","1","0","0"
"01-04 years","Wilkes","5","0","0"
"05-09 years","Wilkes","8","0","0"
"10-17 years","Wilkes","31","0","0"
"18-29 years","Wilkes","70","0","0"
"30-39 years","Wilkes","49","0","4"
"40-49 years","Wilkes","65","0","8"
"50-59 years","Wilkes","62","1","3"
"60-69 years","Wilkes","35","0","9"
"70-79 years","Wilkes","34","2","13"
"80 & Older years","Wilkes","15","4","10"
"<1 years","Wilkes","1","0","0"
"01-04 years","Wilkinson","4","0","0"
"05-09 years","Wilkinson","7","0","0"
"10-17 years","Wilkinson","13","0","0"
"18-29 years","Wilkinson","71","0","3"
"30-39 years","Wilkinson","50","0","4"
"40-49 years","Wilkinson","47","0","3"
"50-59 years","Wilkinson","92","3","18"
"60-69 years","Wilkinson","85","5","21"
"70-79 years","Wilkinson","34","6","15"
"80 & Older years","Wilkinson","22","4","11"
"01-04 years","Worth","7","0","0"
"05-09 years","Worth","6","0","0"
"10-17 years","Worth","33","0","3"
"18-29 years","Worth","107","0","5"
"30-39 years","Worth","77","0","5"
"40-49 years","Worth","91","1","10"
"50-59 years","Worth","109","4","19"
"60-69 years","Worth","113","13","35"
"70-79 years","Worth","65","9","17"
"80 & Older years","Worth","48","8","13"
"<1 years","Worth","3","0","0"
"Unknown years","Worth","1","0","0"
