"sex","county name","cases","deaths","hospitalization"
"Female","Georgia","196492","3936","16556"
"Male","Georgia","169521","4251","15717"
"Unknown","Georgia","7065","7","195"
"Female","Appling","644","12","52"
"Male","Appling","537","26","52"
"Unknown","Appling","13","0","0"
"Female","Atkinson","260","4","32"
"Male","Atkinson","231","3","34"
"Unknown","Atkinson","1","0","0"
"Female","Bacon","331","7","20"
"Male","Bacon","303","10","29"
"Unknown","Bacon","10","0","1"
"Female","Baker","49","2","8"
"Male","Baker","50","4","12"
"Female","Baldwin","1301","15","72"
"Male","Baldwin","1051","51","103"
"Unknown","Baldwin","21","0","0"
"Female","Banks","337","4","43"
"Male","Banks","253","5","35"
"Unknown","Banks","6","0","0"
"Female","Barrow","1511","33","154"
"Male","Barrow","1227","22","126"
"Unknown","Barrow","21","0","1"
"Female","Bartow","2030","45","157"
"Male","Bartow","1774","51","185"
"Unknown","Bartow","50","0","3"
"Female","Ben Hill","538","13","50"
"Male","Ben Hill","362","21","44"
"Unknown","Ben Hill","1","0","0"
"Female","Berrien","279","9","16"
"Male","Berrien","220","6","11"
"Unknown","Berrien","8","0","0"
"Female","Bibb","3875","109","495"
"Male","Bibb","2882","95","418"
"Unknown","Bibb","67","0","1"
"Female","Bleckley","308","15","17"
"Male","Bleckley","201","12","18"
"Unknown","Bleckley","8","0","0"
"Female","Brantley","268","7","25"
"Male","Brantley","220","6","18"
"Unknown","Brantley","2","0","0"
"Female","Brooks","304","6","27"
"Male","Brooks","239","20","27"
"Unknown","Brooks","11","0","0"
"Female","Bryan","710","7","44"
"Male","Bryan","610","9","53"
"Unknown","Bryan","18","0","0"
"Female","Bulloch","1789","21","85"
"Male","Bulloch","1331","12","63"
"Unknown","Bulloch","42","0","0"
"Female","Burke","497","7","48"
"Male","Burke","416","5","43"
"Unknown","Burke","4","0","1"
"Female","Butts","355","20","26"
"Male","Butts","380","24","31"
"Unknown","Butts","42","0","3"
"Female","Calhoun","138","8","22"
"Male","Calhoun","139","2","29"
"Unknown","Calhoun","1","0","0"
"Female","Camden","784","8","41"
"Male","Camden","703","10","33"
"Unknown","Camden","12","0","0"
"Female","Candler","313","10","23"
"Male","Candler","250","15","22"
"Unknown","Candler","2","0","0"
"Female","Carroll","1858","39","96"
"Male","Carroll","1666","41","98"
"Unknown","Carroll","34","0","2"
"Female","Catoosa","852","14","56"
"Male","Catoosa","721","11","31"
"Unknown","Catoosa","43","0","0"
"Female","Charlton","228","4","14"
"Male","Charlton","424","6","17"
"Unknown","Charlton","4","0","0"
"Female","Chatham","5350","88","450"
"Male","Chatham","4233","106","403"
"Unknown","Chatham","149","0","3"
"Female","Chattahoochee","116","1","5"
"Male","Chattahoochee","1717","0","9"
"Unknown","Chattahoochee","6","0","0"
"Female","Chattooga","559","12","29"
"Male","Chattooga","453","17","41"
"Unknown","Chattooga","16","0","2"
"Female","Cherokee","4001","51","267"
"Male","Cherokee","3606","53","283"
"Unknown","Cherokee","94","0","3"
"Female","Clarke","3329","20","127"
"Male","Clarke","2667","30","130"
"Unknown","Clarke","44","0","2"
"Female","Clay","75","1","3"
"Male","Clay","46","2","6"
"Unknown","Clay","3","0","0"
"Female","Clayton","4859","96","384"
"Male","Clayton","3783","87","336"
"Unknown","Clayton","117","0","4"
"Female","Clinch","239","2","14"
"Male","Clinch","228","11","20"
"Unknown","Clinch","4","0","0"
"Female","Cobb","12187","226","1018"
"Male","Cobb","10704","242","1002"
"Unknown","Cobb","199","0","6"
"Female","Coffee","1221","31","189"
"Male","Coffee","1130","34","154"
"Unknown","Coffee","19","0","0"
"Female","Colquitt","1097","17","89"
"Male","Colquitt","1064","23","82"
"Unknown","Colquitt","8","0","0"
"Female","Columbia","2413","33","94"
"Male","Columbia","2184","35","110"
"Unknown","Columbia","21","0","2"
"Female","Cook","368","6","34"
"Male","Cook","280","10","29"
"Unknown","Cook","6","0","1"
"Female","Coweta","1655","29","77"
"Male","Coweta","1423","34","78"
"Unknown","Coweta","14","0","0"
"Female","Crawford","113","4","18"
"Male","Crawford","81","2","7"
"Unknown","Crawford","9","0","3"
"Female","Crisp","366","7","50"
"Male","Crisp","310","17","38"
"Unknown","Crisp","7","0","0"
"Female","Dade","210","5","11"
"Male","Dade","190","1","12"
"Unknown","Dade","10","0","0"
"Female","Dawson","468","2","35"
"Male","Dawson","470","9","54"
"Unknown","Dawson","11","0","0"
"Female","DeKalb","12024","183","1269"
"Male","DeKalb","10122","225","1152"
"Unknown","DeKalb","429","0","12"
"Female","Decatur","714","19","55"
"Male","Decatur","608","17","47"
"Unknown","Decatur","18","0","0"
"Female","Dodge","366","18","30"
"Male","Dodge","275","11","27"
"Unknown","Dodge","25","0","0"
"Female","Dooly","201","8","30"
"Male","Dooly","184","10","29"
"Unknown","Dooly","2","0","0"
"Female","Dougherty","2015","108","411"
"Male","Dougherty","1298","85","269"
"Unknown","Dougherty","31","0","0"
"Female","Douglas","2415","36","257"
"Male","Douglas","1907","41","222"
"Unknown","Douglas","44","0","2"
"Female","Early","353","20","27"
"Male","Early","211","15","17"
"Unknown","Early","5","0","0"
"Female","Echols","79","0","2"
"Male","Echols","165","2","7"
"Unknown","Echols","2","0","0"
"Female","Effingham","994","14","61"
"Male","Effingham","899","15","61"
"Unknown","Effingham","19","0","0"
"Female","Elbert","480","7","40"
"Male","Elbert","331","7","21"
"Unknown","Elbert","5","0","0"
"Female","Emanuel","735","25","58"
"Male","Emanuel","512","13","33"
"Unknown","Emanuel","6","0","0"
"Female","Evans","268","3","33"
"Male","Evans","203","4","12"
"Unknown","Evans","21","0","1"
"Female","Fannin","478","16","36"
"Male","Fannin","382","13","41"
"Unknown","Fannin","3","0","0"
"Female","Fayette","1204","25","64"
"Male","Fayette","1047","33","76"
"Unknown","Fayette","19","0","0"
"Female","Floyd","2297","29","149"
"Male","Floyd","1992","36","177"
"Unknown","Floyd","50","0","7"
"Female","Forsyth","2570","20","164"
"Male","Forsyth","2445","35","219"
"Unknown","Forsyth","73","0","0"
"Female","Franklin","593","6","43"
"Male","Franklin","408","12","26"
"Unknown","Franklin","10","0","0"
"Female","Fulton","16707","301","1346"
"Male","Fulton","15290","334","1347"
"Unknown","Fulton","697","1","7"
"Female","Gilmer","598","10","55"
"Male","Gilmer","456","14","42"
"Unknown","Gilmer","37","0","1"
"Female","Glascock","28","1","2"
"Male","Glascock","25","1","3"
"Unknown","Glascock","1","0","0"
"Female","Glynn","2064","50","171"
"Male","Glynn","1788","55","153"
"Unknown","Glynn","17","0","2"
"Female","Gordon","1376","24","73"
"Male","Gordon","1209","26","72"
"Unknown","Gordon","27","0","1"
"Female","Grady","484","9","50"
"Male","Grady","383","16","52"
"Unknown","Grady","21","0","0"
"Female","Greene","331","13","33"
"Male","Greene","263","12","28"
"Unknown","Greene","3","0","0"
"Female","Gwinnett","16685","226","1540"
"Male","Gwinnett","14730","233","1399"
"Unknown","Gwinnett","752","0","12"
"Female","Habersham","1023","46","110"
"Male","Habersham","884","30","131"
"Unknown","Habersham","34","0","0"
"Female","Hall","5773","89","545"
"Male","Hall","5209","95","594"
"Unknown","Hall","190","0","4"
"Female","Hancock","253","20","34"
"Male","Hancock","168","25","32"
"Unknown","Hancock","1","0","0"
"Female","Haralson","380","5","20"
"Male","Haralson","335","10","14"
"Unknown","Haralson","18","0","0"
"Female","Harris","478","14","47"
"Male","Harris","391","12","46"
"Unknown","Harris","9","0","0"
"Female","Hart","355","9","40"
"Male","Hart","261","10","34"
"Unknown","Hart","7","0","0"
"Female","Heard","142","6","7"
"Male","Heard","112","0","10"
"Female","Henry","3737","57","171"
"Male","Henry","2862","65","135"
"Unknown","Henry","53","0","0"
"Female","Houston","2115","38","212"
"Male","Houston","1715","59","187"
"Unknown","Houston","26","0","2"
"Female","Irwin","189","7","18"
"Male","Irwin","179","3","23"
"Unknown","Irwin","2","0","0"
"Female","Jackson","1419","25","96"
"Male","Jackson","1177","19","121"
"Unknown","Jackson","21","0","0"
"Female","Jasper","144","2","8"
"Male","Jasper","107","2","13"
"Unknown","Jasper","2","0","0"
"Female","Jeff Davis","436","12","29"
"Male","Jeff Davis","380","15","44"
"Unknown","Jeff Davis","2","0","0"
"Female","Jefferson","505","18","50"
"Male","Jefferson","357","17","35"
"Unknown","Jefferson","8","0","1"
"Female","Jenkins","291","14","30"
"Male","Jenkins","185","19","38"
"Unknown","Jenkins","1","0","0"
"Female","Johnson","237","11","33"
"Male","Johnson","205","13","29"
"Female","Jones","408","7","30"
"Male","Jones","265","10","25"
"Unknown","Jones","3","0","0"
"Female","Lamar","253","11","23"
"Male","Lamar","197","9","25"
"Unknown","Lamar","3","0","0"
"Female","Lanier","126","2","3"
"Male","Lanier","191","5","13"
"Unknown","Lanier","7","0","0"
"Female","Laurens","1224","39","89"
"Male","Laurens","859","55","93"
"Unknown","Laurens","24","0","0"
"Female","Lee","410","16","52"
"Male","Lee","350","15","59"
"Unknown","Lee","4","0","0"
"Female","Liberty","719","9","59"
"Male","Liberty","606","17","62"
"Unknown","Liberty","20","0","0"
"Female","Lincoln","146","4","18"
"Male","Lincoln","104","4","10"
"Unknown","Lincoln","1","0","0"
"Female","Long","144","1","9"
"Male","Long","145","3","9"
"Female","Lowndes","2513","48","122"
"Male","Lowndes","2096","41","100"
"Unknown","Lowndes","48","1","1"
"Female","Lumpkin","570","11","55"
"Male","Lumpkin","509","7","49"
"Unknown","Lumpkin","9","0","0"
"Female","Macon","140","2","21"
"Male","Macon","122","9","30"
"Unknown","Macon","1","0","1"
"Female","Madison","451","6","33"
"Male","Madison","393","6","36"
"Unknown","Madison","9","0","0"
"Female","Marion","122","6","13"
"Male","Marion","84","4","10"
"Unknown","Marion","2","0","0"
"Female","McDuffie","417","8","42"
"Male","McDuffie","305","9","39"
"Unknown","McDuffie","5","0","0"
"Female","McIntosh","177","7","18"
"Male","McIntosh","147","0","16"
"Unknown","McIntosh","2","0","0"
"Female","Meriwether","374","13","48"
"Male","Meriwether","233","6","35"
"Unknown","Meriwether","4","0","0"
"Female","Miller","191","1","10"
"Male","Miller","139","1","9"
"Unknown","Miller","2","0","0"
"Female","Mitchell","425","22","79"
"Male","Mitchell","438","24","77"
"Unknown","Mitchell","3","0","0"
"Female","Monroe","423","31","44"
"Male","Monroe","363","24","45"
"Unknown","Monroe","17","0","0"
"Female","Montgomery","190","5","14"
"Male","Montgomery","181","4","12"
"Unknown","Montgomery","1","0","0"
"Female","Morgan","302","2","24"
"Male","Morgan","247","4","20"
"Unknown","Morgan","4","0","0"
"Female","Murray","649","1","38"
"Male","Murray","553","10","37"
"Unknown","Murray","16","0","3"
"Female","Muscogee","3697","94","379"
"Male","Muscogee","2796","84","326"
"Unknown","Muscogee","37","0","1"
"Female","Newton","1692","53","174"
"Male","Newton","1281","46","142"
"Unknown","Newton","58","0","1"
"Female","Non-GA Resident/Unknown State","6141","86","286"
"Male","Non-GA Resident/Unknown State","7190","105","357"
"Unknown","Non-GA Resident/Unknown State","1911","2","42"
"Female","Oconee","478","18","42"
"Male","Oconee","429","14","32"
"Unknown","Oconee","3","0","0"
"Female","Oglethorpe","258","2","24"
"Male","Oglethorpe","185","11","24"
"Unknown","Oglethorpe","3","0","0"
"Female","Paulding","1775","26","79"
"Male","Paulding","1514","42","79"
"Unknown","Paulding","107","0","9"
"Female","Peach","496","16","70"
"Male","Peach","331","10","38"
"Unknown","Peach","4","0","0"
"Female","Pickens","460","4","37"
"Male","Pickens","395","8","36"
"Unknown","Pickens","10","0","0"
"Female","Pierce","395","13","45"
"Male","Pierce","313","12","42"
"Unknown","Pierce","4","0","0"
"Female","Pike","220","5","22"
"Male","Pike","182","7","11"
"Unknown","Pike","4","0","1"
"Female","Polk","942","13","79"
"Male","Polk","833","16","67"
"Unknown","Polk","30","0","1"
"Female","Pulaski","229","14","23"
"Male","Pulaski","117","9","17"
"Unknown","Pulaski","1","0","0"
"Female","Putnam","439","12","34"
"Male","Putnam","408","16","39"
"Unknown","Putnam","4","0","0"
"Female","Quitman","28","0","4"
"Male","Quitman","12","1","2"
"Unknown","Quitman","2","0","1"
"Female","Rabun","226","7","35"
"Male","Rabun","222","4","20"
"Unknown","Rabun","6","0","0"
"Female","Randolph","201","20","34"
"Male","Randolph","139","10","25"
"Unknown","Randolph","1","0","0"
"Female","Richmond","4541","70","308"
"Male","Richmond","3757","119","327"
"Unknown","Richmond","88","0","17"
"Female","Rockdale","1237","21","159"
"Male","Rockdale","983","21","136"
"Unknown","Rockdale","47","0","2"
"Female","Schley","60","0","9"
"Male","Schley","55","2","7"
"Female","Screven","265","8","26"
"Male","Screven","190","3","21"
"Unknown","Screven","4","0","0"
"Female","Seminole","231","7","19"
"Male","Seminole","176","4","12"
"Unknown","Seminole","2","0","0"
"Female","Spalding","1003","38","133"
"Male","Spalding","691","28","80"
"Unknown","Spalding","6","0","3"
"Female","Stephens","757","27","70"
"Male","Stephens","555","16","64"
"Unknown","Stephens","9","0","0"
"Female","Stewart","123","7","17"
"Male","Stewart","447","10","64"
"Unknown","Stewart","2","0","0"
"Female","Sumter","570","25","108"
"Male","Sumter","403","43","98"
"Unknown","Sumter","3","0","1"
"Female","Talbot","117","4","14"
"Male","Talbot","72","4","13"
"Unknown","Talbot","1","0","0"
"Female","Taliaferro","19","0","1"
"Male","Taliaferro","12","0","1"
"Female","Tattnall","470","11","36"
"Male","Tattnall","489","7","36"
"Unknown","Tattnall","12","0","0"
"Female","Taylor","146","8","21"
"Male","Taylor","97","5","12"
"Unknown","Taylor","2","0","1"
"Female","Telfair","237","12","20"
"Male","Telfair","247","12","27"
"Unknown","Telfair","22","0","0"
"Female","Terrell","208","15","37"
"Male","Terrell","133","17","37"
"Unknown","Terrell","5","0","0"
"Female","Thomas","944","40","88"
"Male","Thomas","699","33","89"
"Unknown","Thomas","6","0","0"
"Female","Tift","1088","31","154"
"Male","Tift","889","35","96"
"Unknown","Tift","39","0","2"
"Female","Toombs","844","36","61"
"Male","Toombs","690","23","61"
"Unknown","Toombs","11","0","0"
"Female","Towns","274","10","35"
"Male","Towns","203","5","27"
"Unknown","Towns","5","0","0"
"Female","Treutlen","188","6","16"
"Male","Treutlen","124","6","17"
"Unknown","Treutlen","5","0","0"
"Female","Troup","1732","66","190"
"Male","Troup","1278","46","157"
"Unknown","Troup","104","1","2"
"Female","Turner","215","9","25"
"Male","Turner","125","16","26"
"Unknown","Turner","11","0","0"
"Female","Twiggs","129","3","25"
"Male","Twiggs","100","8","28"
"Unknown","Twiggs","1","0","0"
"Female","Union","566","17","45"
"Male","Union","376","12","56"
"Unknown","Union","8","0","1"
"Female","Unknown","806","2","15"
"Male","Unknown","872","2","16"
"Unknown","Unknown","262","2","7"
"Female","Upson","487","41","56"
"Male","Upson","362","29","43"
"Unknown","Upson","5","0","0"
"Female","Walker","1106","24","44"
"Male","Walker","955","22","57"
"Unknown","Walker","28","0","0"
"Female","Walton","1402","32","107"
"Male","Walton","1027","39","129"
"Unknown","Walton","28","0","1"
"Female","Ware","944","31","93"
"Male","Ware","826","36","106"
"Unknown","Ware","24","0","3"
"Female","Warren","95","2","21"
"Male","Warren","74","4","7"
"Unknown","Warren","2","0","0"
"Female","Washington","481","5","28"
"Male","Washington","374","9","21"
"Unknown","Washington","11","0","0"
"Female","Wayne","639","19","63"
"Male","Wayne","647","17","61"
"Unknown","Wayne","10","0","0"
"Female","Webster","27","1","6"
"Male","Webster","17","1","4"
"Female","Wheeler","106","0","2"
"Male","Wheeler","244","18","21"
"Unknown","Wheeler","19","0","0"
"Female","White","565","13","54"
"Male","White","471","13","60"
"Unknown","White","19","0","1"
"Female","Whitfield","3225","27","144"
"Male","Whitfield","2858","40","158"
"Unknown","Whitfield","39","0","3"
"Female","Wilcox","114","9","17"
"Male","Wilcox","147","16","36"
"Unknown","Wilcox","1","0","0"
"Female","Wilkes","171","2","17"
"Male","Wilkes","158","5","21"
"Unknown","Wilkes","1","0","0"
"Female","Wilkinson","213","10","33"
"Male","Wilkinson","169","7","32"
"Unknown","Wilkinson","1","0","0"
"Female","Worth","375","18","62"
"Male","Worth","236","17","41"
"Unknown","Worth","3","0","0"
