"age group","county name","cases","deaths","hospitalization"
"01-04 years","Georgia","21251","2","358"
"05-09 years","Georgia","39773","3","275"
"10-17 years","Georgia","113915","11","1041"
"18-29 years","Georgia","261720","179","5092"
"30-39 years","Georgia","197311","402","6772"
"40-49 years","Georgia","183701","962","9625"
"50-59 years","Georgia","167785","2355","14112"
"60-69 years","Georgia","112312","4514","16106"
"70-79 years","Georgia","63749","6105","14784"
"80 & Older years","Georgia","35355","7458","11006"
"<1 years","Georgia","5774","0","300"
"Unknown years","Georgia","4378","0","141"
"01-04 years","Appling","53","0","0"
"05-09 years","Appling","94","0","0"
"10-17 years","Appling","327","0","2"
"18-29 years","Appling","486","1","7"
"30-39 years","Appling","358","1","9"
"40-49 years","Appling","368","5","26"
"50-59 years","Appling","390","10","36"
"60-69 years","Appling","323","16","63"
"70-79 years","Appling","215","24","39"
"80 & Older years","Appling","108","24","40"
"<1 years","Appling","8","0","0"
"Unknown years","Appling","3","0","0"
"01-04 years","Atkinson","19","0","1"
"05-09 years","Atkinson","46","0","1"
"10-17 years","Atkinson","106","0","1"
"18-29 years","Atkinson","239","0","14"
"30-39 years","Atkinson","170","0","13"
"40-49 years","Atkinson","183","2","31"
"50-59 years","Atkinson","173","3","33"
"60-69 years","Atkinson","107","7","33"
"70-79 years","Atkinson","59","6","23"
"80 & Older years","Atkinson","18","5","12"
"<1 years","Atkinson","3","0","0"
"01-04 years","Bacon","36","0","0"
"05-09 years","Bacon","53","0","0"
"10-17 years","Bacon","162","0","1"
"18-29 years","Bacon","495","0","6"
"30-39 years","Bacon","258","1","8"
"40-49 years","Bacon","258","4","18"
"50-59 years","Bacon","209","2","18"
"60-69 years","Bacon","179","14","42"
"70-79 years","Bacon","108","9","27"
"80 & Older years","Bacon","49","11","15"
"<1 years","Bacon","10","0","0"
"Unknown years","Bacon","5","0","0"
"01-04 years","Baker","9","0","0"
"05-09 years","Baker","10","0","0"
"10-17 years","Baker","13","0","0"
"18-29 years","Baker","40","0","0"
"30-39 years","Baker","27","0","4"
"40-49 years","Baker","26","3","3"
"50-59 years","Baker","34","0","2"
"60-69 years","Baker","38","3","16"
"70-79 years","Baker","20","3","11"
"80 & Older years","Baker","14","4","5"
"<1 years","Baker","2","0","0"
"01-04 years","Baldwin","64","0","0"
"05-09 years","Baldwin","130","0","0"
"10-17 years","Baldwin","388","1","6"
"18-29 years","Baldwin","1550","0","17"
"30-39 years","Baldwin","671","2","18"
"40-49 years","Baldwin","659","4","39"
"50-59 years","Baldwin","636","17","69"
"60-69 years","Baldwin","502","28","84"
"70-79 years","Baldwin","303","35","65"
"80 & Older years","Baldwin","191","59","70"
"<1 years","Baldwin","24","0","1"
"Unknown years","Baldwin","2","0","0"
"01-04 years","Banks","21","0","1"
"05-09 years","Banks","55","0","1"
"10-17 years","Banks","182","0","5"
"18-29 years","Banks","428","0","14"
"30-39 years","Banks","312","0","12"
"40-49 years","Banks","330","4","24"
"50-59 years","Banks","342","3","36"
"60-69 years","Banks","285","11","60"
"70-79 years","Banks","196","19","70"
"80 & Older years","Banks","99","14","33"
"<1 years","Banks","12","0","1"
"Unknown years","Banks","24","0","1"
"01-04 years","Barrow","181","0","2"
"05-09 years","Barrow","373","0","0"
"10-17 years","Barrow","1236","1","8"
"18-29 years","Barrow","2382","2","51"
"30-39 years","Barrow","2110","2","67"
"40-49 years","Barrow","2096","9","107"
"50-59 years","Barrow","1724","14","148"
"60-69 years","Barrow","1164","44","187"
"70-79 years","Barrow","649","46","126"
"80 & Older years","Barrow","294","54","104"
"<1 years","Barrow","51","0","2"
"Unknown years","Barrow","18","0","2"
"01-04 years","Bartow","217","0","6"
"05-09 years","Bartow","386","0","2"
"10-17 years","Bartow","1405","0","16"
"18-29 years","Bartow","2780","1","34"
"30-39 years","Bartow","2281","6","58"
"40-49 years","Bartow","2305","7","99"
"50-59 years","Bartow","2346","22","187"
"60-69 years","Bartow","1457","63","188"
"70-79 years","Bartow","958","96","222"
"80 & Older years","Bartow","459","84","137"
"<1 years","Bartow","75","0","6"
"Unknown years","Bartow","70","0","7"
"01-04 years","Ben Hill","36","0","1"
"05-09 years","Ben Hill","31","0","0"
"10-17 years","Ben Hill","145","0","0"
"18-29 years","Ben Hill","350","0","4"
"30-39 years","Ben Hill","262","3","12"
"40-49 years","Ben Hill","252","1","13"
"50-59 years","Ben Hill","271","7","34"
"60-69 years","Ben Hill","233","15","35"
"70-79 years","Ben Hill","158","20","55"
"80 & Older years","Ben Hill","76","19","19"
"<1 years","Ben Hill","8","0","2"
"Unknown years","Ben Hill","1","0","0"
"01-04 years","Berrien","37","0","0"
"05-09 years","Berrien","43","0","0"
"10-17 years","Berrien","145","0","1"
"18-29 years","Berrien","279","0","0"
"30-39 years","Berrien","240","0","3"
"40-49 years","Berrien","186","0","5"
"50-59 years","Berrien","211","4","18"
"60-69 years","Berrien","165","10","23"
"70-79 years","Berrien","118","16","20"
"80 & Older years","Berrien","59","13","15"
"<1 years","Berrien","8","0","0"
"Unknown years","Berrien","1","0","0"
"01-04 years","Bibb","289","0","7"
"05-09 years","Bibb","517","0","0"
"10-17 years","Bibb","1519","0","13"
"18-29 years","Bibb","4331","3","110"
"30-39 years","Bibb","3221","8","154"
"40-49 years","Bibb","2960","27","253"
"50-59 years","Bibb","2680","46","346"
"60-69 years","Bibb","2067","113","493"
"70-79 years","Bibb","1159","140","414"
"80 & Older years","Bibb","697","170","340"
"<1 years","Bibb","80","0","5"
"Unknown years","Bibb","14","0","0"
"01-04 years","Bleckley","16","0","0"
"05-09 years","Bleckley","36","0","0"
"10-17 years","Bleckley","112","0","0"
"18-29 years","Bleckley","249","0","4"
"30-39 years","Bleckley","141","1","4"
"40-49 years","Bleckley","135","1","2"
"50-59 years","Bleckley","141","2","8"
"60-69 years","Bleckley","103","8","13"
"70-79 years","Bleckley","72","5","13"
"80 & Older years","Bleckley","62","18","13"
"<1 years","Bleckley","3","0","0"
"01-04 years","Brantley","33","0","0"
"05-09 years","Brantley","60","0","0"
"10-17 years","Brantley","200","0","1"
"18-29 years","Brantley","348","0","3"
"30-39 years","Brantley","273","0","6"
"40-49 years","Brantley","259","3","20"
"50-59 years","Brantley","299","12","28"
"60-69 years","Brantley","205","10","28"
"70-79 years","Brantley","141","21","40"
"80 & Older years","Brantley","58","12","15"
"<1 years","Brantley","3","0","0"
"Unknown years","Brantley","5","0","0"
"01-04 years","Brooks","25","0","1"
"05-09 years","Brooks","45","0","0"
"10-17 years","Brooks","120","0","0"
"18-29 years","Brooks","252","0","2"
"30-39 years","Brooks","191","1","5"
"40-49 years","Brooks","179","1","13"
"50-59 years","Brooks","208","3","25"
"60-69 years","Brooks","137","9","23"
"70-79 years","Brooks","112","13","23"
"80 & Older years","Brooks","71","18","18"
"<1 years","Brooks","11","0","0"
"01-04 years","Bryan","109","0","0"
"05-09 years","Bryan","217","0","1"
"10-17 years","Bryan","588","0","4"
"18-29 years","Bryan","809","0","19"
"30-39 years","Bryan","749","2","23"
"40-49 years","Bryan","764","3","38"
"50-59 years","Bryan","523","5","43"
"60-69 years","Bryan","355","17","48"
"70-79 years","Bryan","214","15","73"
"80 & Older years","Bryan","78","9","29"
"<1 years","Bryan","33","0","1"
"Unknown years","Bryan","25","0","0"
"01-04 years","Bulloch","149","0","1"
"05-09 years","Bulloch","300","0","2"
"10-17 years","Bulloch","869","0","3"
"18-29 years","Bulloch","2932","1","12"
"30-39 years","Bulloch","1025","4","24"
"40-49 years","Bulloch","843","6","27"
"50-59 years","Bulloch","729","14","43"
"60-69 years","Bulloch","519","24","60"
"70-79 years","Bulloch","250","21","50"
"80 & Older years","Bulloch","121","18","40"
"<1 years","Bulloch","52","0","1"
"Unknown years","Bulloch","6","0","0"
"01-04 years","Burke","33","0","0"
"05-09 years","Burke","73","0","0"
"10-17 years","Burke","193","0","1"
"18-29 years","Burke","439","2","10"
"30-39 years","Burke","358","1","15"
"40-49 years","Burke","366","3","22"
"50-59 years","Burke","330","6","38"
"60-69 years","Burke","254","7","47"
"70-79 years","Burke","135","14","39"
"80 & Older years","Burke","46","11","18"
"<1 years","Burke","9","0","0"
"Unknown years","Burke","4","0","0"
"01-04 years","Butts","45","0","3"
"05-09 years","Butts","68","0","0"
"10-17 years","Butts","249","0","6"
"18-29 years","Butts","605","0","7"
"30-39 years","Butts","532","0","9"
"40-49 years","Butts","474","4","20"
"50-59 years","Butts","496","10","37"
"60-69 years","Butts","336","18","41"
"70-79 years","Butts","233","25","35"
"80 & Older years","Butts","127","31","10"
"<1 years","Butts","16","0","2"
"Unknown years","Butts","3","0","0"
"01-04 years","Calhoun","12","0","0"
"05-09 years","Calhoun","10","0","0"
"10-17 years","Calhoun","63","0","1"
"18-29 years","Calhoun","92","0","6"
"30-39 years","Calhoun","82","3","7"
"40-49 years","Calhoun","96","2","11"
"50-59 years","Calhoun","101","4","19"
"60-69 years","Calhoun","85","3","23"
"70-79 years","Calhoun","34","7","11"
"80 & Older years","Calhoun","22","2","10"
"<1 years","Calhoun","5","0","0"
"Unknown years","Calhoun","1","0","0"
"01-04 years","Camden","121","0","0"
"05-09 years","Camden","214","0","2"
"10-17 years","Camden","583","0","1"
"18-29 years","Camden","1261","0","10"
"30-39 years","Camden","995","2","24"
"40-49 years","Camden","710","8","25"
"50-59 years","Camden","761","8","34"
"60-69 years","Camden","520","20","46"
"70-79 years","Camden","296","10","30"
"80 & Older years","Camden","125","22","28"
"<1 years","Camden","18","0","2"
"Unknown years","Camden","70","0","1"
"01-04 years","Candler","13","0","0"
"05-09 years","Candler","40","0","0"
"10-17 years","Candler","100","0","0"
"18-29 years","Candler","185","0","1"
"30-39 years","Candler","148","0","4"
"40-49 years","Candler","167","4","4"
"50-59 years","Candler","179","10","18"
"60-69 years","Candler","128","9","19"
"70-79 years","Candler","93","15","21"
"80 & Older years","Candler","36","8","15"
"<1 years","Candler","6","0","0"
"Unknown years","Candler","1","0","0"
"01-04 years","Carroll","162","0","1"
"05-09 years","Carroll","281","0","3"
"10-17 years","Carroll","979","0","6"
"18-29 years","Carroll","2195","0","15"
"30-39 years","Carroll","1480","4","23"
"40-49 years","Carroll","1403","7","42"
"50-59 years","Carroll","1341","13","64"
"60-69 years","Carroll","943","29","95"
"70-79 years","Carroll","530","36","75"
"80 & Older years","Carroll","307","53","48"
"<1 years","Carroll","37","0","1"
"Unknown years","Carroll","14","0","2"
"01-04 years","Catoosa","149","0","0"
"05-09 years","Catoosa","264","0","1"
"10-17 years","Catoosa","809","0","2"
"18-29 years","Catoosa","1464","1","9"
"30-39 years","Catoosa","1163","2","14"
"40-49 years","Catoosa","1239","2","22"
"50-59 years","Catoosa","1120","7","43"
"60-69 years","Catoosa","760","9","65"
"70-79 years","Catoosa","459","22","68"
"80 & Older years","Catoosa","312","36","56"
"<1 years","Catoosa","54","0","1"
"Unknown years","Catoosa","87","0","4"
"01-04 years","Charlton","16","0","0"
"05-09 years","Charlton","43","0","0"
"10-17 years","Charlton","96","0","0"
"18-29 years","Charlton","390","1","2"
"30-39 years","Charlton","329","2","6"
"40-49 years","Charlton","266","3","13"
"50-59 years","Charlton","198","3","12"
"60-69 years","Charlton","189","11","27"
"70-79 years","Charlton","80","10","21"
"80 & Older years","Charlton","39","10","17"
"<1 years","Charlton","6","0","0"
"Unknown years","Charlton","2","0","0"
"01-04 years","Chatham","939","0","9"
"05-09 years","Chatham","1408","1","4"
"10-17 years","Chatham","3038","0","26"
"18-29 years","Chatham","7459","5","118"
"30-39 years","Chatham","5598","16","205"
"40-49 years","Chatham","4236","25","265"
"50-59 years","Chatham","3605","52","373"
"60-69 years","Chatham","2800","116","499"
"70-79 years","Chatham","1490","145","470"
"80 & Older years","Chatham","885","189","386"
"<1 years","Chatham","228","0","8"
"Unknown years","Chatham","54","0","2"
"01-04 years","Chattahoochee","9","0","0"
"05-09 years","Chattahoochee","20","0","0"
"10-17 years","Chattahoochee","153","0","2"
"18-29 years","Chattahoochee","3910","7","7"
"30-39 years","Chattahoochee","377","2","5"
"40-49 years","Chattahoochee","67","0","0"
"50-59 years","Chattahoochee","44","0","10"
"60-69 years","Chattahoochee","21","0","4"
"70-79 years","Chattahoochee","14","1","4"
"80 & Older years","Chattahoochee","9","3","5"
"<1 years","Chattahoochee","8","0","0"
"Unknown years","Chattahoochee","1","0","0"
"01-04 years","Chattooga","53","0","0"
"05-09 years","Chattooga","101","0","1"
"10-17 years","Chattooga","384","0","2"
"18-29 years","Chattooga","599","0","7"
"30-39 years","Chattooga","504","0","9"
"40-49 years","Chattooga","529","3","23"
"50-59 years","Chattooga","490","7","33"
"60-69 years","Chattooga","385","18","52"
"70-79 years","Chattooga","226","23","61"
"80 & Older years","Chattooga","139","27","37"
"<1 years","Chattooga","24","0","3"
"Unknown years","Chattooga","13","0","1"
"01-04 years","Cherokee","416","0","10"
"05-09 years","Cherokee","1091","0","9"
"10-17 years","Cherokee","3560","0","21"
"18-29 years","Cherokee","5612","2","101"
"30-39 years","Cherokee","4297","3","147"
"40-49 years","Cherokee","4821","9","182"
"50-59 years","Cherokee","4567","31","299"
"60-69 years","Cherokee","2747","61","331"
"70-79 years","Cherokee","1701","105","327"
"80 & Older years","Cherokee","962","167","281"
"<1 years","Cherokee","97","0","2"
"Unknown years","Cherokee","28","0","0"
"01-04 years","Clarke","279","0","1"
"05-09 years","Clarke","468","0","5"
"10-17 years","Clarke","1080","0","14"
"18-29 years","Clarke","7589","1","69"
"30-39 years","Clarke","2188","3","59"
"40-49 years","Clarke","1743","4","77"
"50-59 years","Clarke","1483","13","108"
"60-69 years","Clarke","968","27","129"
"70-79 years","Clarke","575","53","137"
"80 & Older years","Clarke","292","55","87"
"<1 years","Clarke","84","0","2"
"Unknown years","Clarke","19","0","0"
"01-04 years","Clay","3","0","0"
"05-09 years","Clay","5","0","0"
"10-17 years","Clay","23","0","0"
"18-29 years","Clay","37","0","0"
"30-39 years","Clay","38","0","1"
"40-49 years","Clay","39","0","2"
"50-59 years","Clay","22","1","3"
"60-69 years","Clay","27","1","2"
"70-79 years","Clay","21","0","0"
"80 & Older years","Clay","14","2","5"
"Unknown years","Clay","2","0","0"
"01-04 years","Clayton","781","0","16"
"05-09 years","Clayton","1337","1","12"
"10-17 years","Clayton","3185","1","54"
"18-29 years","Clayton","6837","8","152"
"30-39 years","Clayton","6237","24","255"
"40-49 years","Clayton","5314","38","284"
"50-59 years","Clayton","4718","84","392"
"60-69 years","Clayton","2942","156","356"
"70-79 years","Clayton","1220","144","243"
"80 & Older years","Clayton","569","139","144"
"<1 years","Clayton","167","0","8"
"Unknown years","Clayton","44","0","5"
"01-04 years","Clinch","23","0","0"
"05-09 years","Clinch","40","0","0"
"10-17 years","Clinch","109","0","0"
"18-29 years","Clinch","189","0","2"
"30-39 years","Clinch","155","1","5"
"40-49 years","Clinch","142","0","3"
"50-59 years","Clinch","144","2","17"
"60-69 years","Clinch","140","9","21"
"70-79 years","Clinch","68","10","20"
"80 & Older years","Clinch","23","8","10"
"<1 years","Clinch","5","0","0"
"01-04 years","Cobb","1310","1","20"
"05-09 years","Cobb","2882","0","23"
"10-17 years","Cobb","7497","0","59"
"18-29 years","Cobb","19103","7","282"
"30-39 years","Cobb","13546","21","327"
"40-49 years","Cobb","12640","43","520"
"50-59 years","Cobb","10986","106","695"
"60-69 years","Cobb","6647","190","689"
"70-79 years","Cobb","3608","336","656"
"80 & Older years","Cobb","2079","450","587"
"<1 years","Cobb","323","0","21"
"Unknown years","Cobb","106","0","2"
"01-04 years","Coffee","138","0","2"
"05-09 years","Coffee","213","0","4"
"10-17 years","Coffee","537","0","6"
"18-29 years","Coffee","1226","1","35"
"30-39 years","Coffee","931","4","60"
"40-49 years","Coffee","922","11","126"
"50-59 years","Coffee","883","18","182"
"60-69 years","Coffee","660","40","177"
"70-79 years","Coffee","338","48","147"
"80 & Older years","Coffee","178","42","97"
"<1 years","Coffee","36","0","2"
"Unknown years","Coffee","2","0","0"
"01-04 years","Colquitt","81","0","0"
"05-09 years","Colquitt","198","0","2"
"10-17 years","Colquitt","652","0","10"
"18-29 years","Colquitt","1056","0","25"
"30-39 years","Colquitt","791","2","28"
"40-49 years","Colquitt","786","7","44"
"50-59 years","Colquitt","703","21","48"
"60-69 years","Colquitt","498","22","58"
"70-79 years","Colquitt","319","26","58"
"80 & Older years","Colquitt","173","32","38"
"<1 years","Colquitt","35","0","2"
"Unknown years","Colquitt","1","0","0"
"01-04 years","Columbia","231","0","2"
"05-09 years","Columbia","527","0","3"
"10-17 years","Columbia","1622","0","4"
"18-29 years","Columbia","2789","1","31"
"30-39 years","Columbia","2613","4","43"
"40-49 years","Columbia","2284","11","64"
"50-59 years","Columbia","1859","28","98"
"60-69 years","Columbia","1211","34","115"
"70-79 years","Columbia","624","51","131"
"80 & Older years","Columbia","373","76","121"
"<1 years","Columbia","52","0","2"
"Unknown years","Columbia","10","0","0"
"01-04 years","Cook","31","0","2"
"05-09 years","Cook","64","0","0"
"10-17 years","Cook","158","0","2"
"18-29 years","Cook","302","0","7"
"30-39 years","Cook","252","0","4"
"40-49 years","Cook","247","2","18"
"50-59 years","Cook","221","6","21"
"60-69 years","Cook","160","10","20"
"70-79 years","Cook","118","13","29"
"80 & Older years","Cook","68","18","16"
"<1 years","Cook","16","0","2"
"Unknown years","Cook","1","0","0"
"01-04 years","Coweta","231","0","1"
"05-09 years","Coweta","407","0","1"
"10-17 years","Coweta","1238","0","9"
"18-29 years","Coweta","2161","2","39"
"30-39 years","Coweta","1763","9","77"
"40-49 years","Coweta","1865","16","101"
"50-59 years","Coweta","2021","39","138"
"60-69 years","Coweta","1237","48","126"
"70-79 years","Coweta","761","79","116"
"80 & Older years","Coweta","396","84","69"
"<1 years","Coweta","43","0","1"
"Unknown years","Coweta","13","0","0"
"01-04 years","Crawford","4","0","0"
"05-09 years","Crawford","9","0","0"
"10-17 years","Crawford","48","0","2"
"18-29 years","Crawford","126","0","3"
"30-39 years","Crawford","123","1","8"
"40-49 years","Crawford","93","2","6"
"50-59 years","Crawford","157","8","21"
"60-69 years","Crawford","135","9","20"
"70-79 years","Crawford","63","10","16"
"80 & Older years","Crawford","32","2","14"
"Unknown years","Crawford","1","0","0"
"01-04 years","Crisp","30","0","0"
"05-09 years","Crisp","52","0","0"
"10-17 years","Crisp","188","0","3"
"18-29 years","Crisp","300","0","12"
"30-39 years","Crisp","299","1","17"
"40-49 years","Crisp","254","4","22"
"50-59 years","Crisp","243","4","31"
"60-69 years","Crisp","229","18","44"
"70-79 years","Crisp","116","15","34"
"80 & Older years","Crisp","75","20","18"
"<1 years","Crisp","15","0","0"
"Unknown years","Crisp","8","0","0"
"01-04 years","Dade","36","0","0"
"05-09 years","Dade","75","0","0"
"10-17 years","Dade","195","0","1"
"18-29 years","Dade","327","0","1"
"30-39 years","Dade","222","0","2"
"40-49 years","Dade","256","0","7"
"50-59 years","Dade","217","3","12"
"60-69 years","Dade","167","1","11"
"70-79 years","Dade","123","8","21"
"80 & Older years","Dade","57","3","10"
"<1 years","Dade","7","0","0"
"Unknown years","Dade","26","0","1"
"01-04 years","Dawson","66","0","0"
"05-09 years","Dawson","130","0","0"
"10-17 years","Dawson","353","0","6"
"18-29 years","Dawson","752","0","18"
"30-39 years","Dawson","630","1","23"
"40-49 years","Dawson","572","0","33"
"50-59 years","Dawson","591","4","44"
"60-69 years","Dawson","460","8","84"
"70-79 years","Dawson","281","23","58"
"80 & Older years","Dawson","112","18","36"
"<1 years","Dawson","13","0","2"
"Unknown years","Dawson","27","0","1"
"01-04 years","DeKalb","1481","0","28"
"05-09 years","DeKalb","2483","0","29"
"10-17 years","DeKalb","5769","0","85"
"18-29 years","DeKalb","17287","12","500"
"30-39 years","DeKalb","14837","22","702"
"40-49 years","DeKalb","11562","48","789"
"50-59 years","DeKalb","10011","132","1061"
"60-69 years","DeKalb","6369","213","1152"
"70-79 years","DeKalb","3131","288","865"
"80 & Older years","DeKalb","1871","379","603"
"<1 years","DeKalb","296","0","18"
"Unknown years","DeKalb","291","0","29"
"01-04 years","Decatur","134","0","2"
"05-09 years","Decatur","153","0","0"
"10-17 years","Decatur","367","0","1"
"18-29 years","Decatur","647","1","17"
"30-39 years","Decatur","470","1","11"
"40-49 years","Decatur","469","2","25"
"50-59 years","Decatur","407","9","40"
"60-69 years","Decatur","304","14","47"
"70-79 years","Decatur","176","24","36"
"80 & Older years","Decatur","110","22","24"
"<1 years","Decatur","24","0","0"
"Unknown years","Decatur","6","0","0"
"01-04 years","Dodge","17","0","0"
"05-09 years","Dodge","38","0","0"
"10-17 years","Dodge","167","1","2"
"18-29 years","Dodge","287","0","6"
"30-39 years","Dodge","210","0","7"
"40-49 years","Dodge","216","2","12"
"50-59 years","Dodge","217","5","23"
"60-69 years","Dodge","164","17","30"
"70-79 years","Dodge","94","18","23"
"80 & Older years","Dodge","62","14","16"
"<1 years","Dodge","9","0","0"
"01-04 years","Dooly","15","0","0"
"05-09 years","Dooly","31","0","0"
"10-17 years","Dooly","102","0","1"
"18-29 years","Dooly","171","1","5"
"30-39 years","Dooly","129","0","11"
"40-49 years","Dooly","166","2","11"
"50-59 years","Dooly","165","5","20"
"60-69 years","Dooly","144","10","24"
"70-79 years","Dooly","67","10","19"
"80 & Older years","Dooly","25","7","6"
"<1 years","Dooly","4","0","0"
"Unknown years","Dooly","17","0","0"
"01-04 years","Dougherty","177","0","3"
"05-09 years","Dougherty","334","0","0"
"10-17 years","Dougherty","728","0","13"
"18-29 years","Dougherty","1626","4","122"
"30-39 years","Dougherty","1355","7","106"
"40-49 years","Dougherty","1202","24","147"
"50-59 years","Dougherty","1182","32","201"
"60-69 years","Dougherty","968","94","296"
"70-79 years","Dougherty","534","79","205"
"80 & Older years","Dougherty","323","107","150"
"<1 years","Dougherty","56","0","6"
"Unknown years","Dougherty","7","0","0"
"01-04 years","Douglas","308","0","6"
"05-09 years","Douglas","587","0","8"
"10-17 years","Douglas","1680","1","22"
"18-29 years","Douglas","3183","1","57"
"30-39 years","Douglas","2732","6","91"
"40-49 years","Douglas","2969","10","153"
"50-59 years","Douglas","2557","28","207"
"60-69 years","Douglas","1462","46","207"
"70-79 years","Douglas","740","63","168"
"80 & Older years","Douglas","354","61","109"
"<1 years","Douglas","71","0","7"
"Unknown years","Douglas","24","0","1"
"01-04 years","Early","40","0","0"
"05-09 years","Early","52","0","0"
"10-17 years","Early","216","0","0"
"18-29 years","Early","252","1","9"
"30-39 years","Early","214","1","5"
"40-49 years","Early","231","1","11"
"50-59 years","Early","208","5","16"
"60-69 years","Early","144","12","18"
"70-79 years","Early","94","17","21"
"80 & Older years","Early","46","13","16"
"<1 years","Early","4","0","0"
"Unknown years","Early","3","0","0"
"01-04 years","Echols","10","0","0"
"05-09 years","Echols","7","0","0"
"10-17 years","Echols","32","0","1"
"18-29 years","Echols","138","0","1"
"30-39 years","Echols","64","1","3"
"40-49 years","Echols","49","0","1"
"50-59 years","Echols","50","0","2"
"60-69 years","Echols","24","0","0"
"70-79 years","Echols","20","2","3"
"80 & Older years","Echols","4","1","2"
"<1 years","Echols","2","0","0"
"01-04 years","Effingham","157","0","3"
"05-09 years","Effingham","349","0","4"
"10-17 years","Effingham","864","0","2"
"18-29 years","Effingham","1147","0","11"
"30-39 years","Effingham","1146","1","29"
"40-49 years","Effingham","1016","7","56"
"50-59 years","Effingham","924","21","82"
"60-69 years","Effingham","583","17","91"
"70-79 years","Effingham","324","33","95"
"80 & Older years","Effingham","148","36","44"
"<1 years","Effingham","45","0","1"
"Unknown years","Effingham","19","0","0"
"01-04 years","Elbert","31","0","0"
"05-09 years","Elbert","55","0","0"
"10-17 years","Elbert","141","0","2"
"18-29 years","Elbert","347","1","3"
"30-39 years","Elbert","248","0","10"
"40-49 years","Elbert","269","1","12"
"50-59 years","Elbert","267","2","18"
"60-69 years","Elbert","219","6","27"
"70-79 years","Elbert","181","21","41"
"80 & Older years","Elbert","140","33","45"
"<1 years","Elbert","11","0","3"
"Unknown years","Elbert","7","0","0"
"01-04 years","Emanuel","55","0","1"
"05-09 years","Emanuel","90","0","0"
"10-17 years","Emanuel","311","0","2"
"18-29 years","Emanuel","500","1","2"
"30-39 years","Emanuel","376","0","15"
"40-49 years","Emanuel","401","2","13"
"50-59 years","Emanuel","349","7","33"
"60-69 years","Emanuel","275","13","30"
"70-79 years","Emanuel","165","17","29"
"80 & Older years","Emanuel","73","21","23"
"<1 years","Emanuel","11","0","1"
"Unknown years","Emanuel","12","0","1"
"01-04 years","Evans","24","0","0"
"05-09 years","Evans","46","0","0"
"10-17 years","Evans","117","0","2"
"18-29 years","Evans","215","1","3"
"30-39 years","Evans","189","0","4"
"40-49 years","Evans","169","2","18"
"50-59 years","Evans","165","4","21"
"60-69 years","Evans","100","7","19"
"70-79 years","Evans","63","10","23"
"80 & Older years","Evans","23","4","13"
"<1 years","Evans","6","0","0"
"Unknown years","Evans","2","0","0"
"01-04 years","Fannin","29","0","1"
"05-09 years","Fannin","71","0","0"
"10-17 years","Fannin","269","0","1"
"18-29 years","Fannin","408","0","7"
"30-39 years","Fannin","350","0","8"
"40-49 years","Fannin","389","2","15"
"50-59 years","Fannin","497","6","32"
"60-69 years","Fannin","485","15","51"
"70-79 years","Fannin","336","24","61"
"80 & Older years","Fannin","181","36","52"
"<1 years","Fannin","6","0","0"
"01-04 years","Fayette","141","0","1"
"05-09 years","Fayette","323","0","3"
"10-17 years","Fayette","1027","0","8"
"18-29 years","Fayette","1642","3","19"
"30-39 years","Fayette","1144","4","22"
"40-49 years","Fayette","1480","5","60"
"50-59 years","Fayette","1507","10","105"
"60-69 years","Fayette","1075","27","100"
"70-79 years","Fayette","560","64","121"
"80 & Older years","Fayette","369","72","78"
"<1 years","Fayette","33","0","1"
"Unknown years","Fayette","11","0","0"
"01-04 years","Floyd","237","0","5"
"05-09 years","Floyd","450","0","1"
"10-17 years","Floyd","1691","0","13"
"18-29 years","Floyd","2927","3","48"
"30-39 years","Floyd","2276","6","68"
"40-49 years","Floyd","2089","11","120"
"50-59 years","Floyd","2072","37","203"
"60-69 years","Floyd","1439","49","237"
"70-79 years","Floyd","883","69","231"
"80 & Older years","Floyd","483","85","170"
"<1 years","Floyd","96","0","4"
"Unknown years","Floyd","81","0","3"
"01-04 years","Forsyth","473","0","5"
"05-09 years","Forsyth","1385","0","2"
"10-17 years","Forsyth","3788","0","9"
"18-29 years","Forsyth","4100","0","56"
"30-39 years","Forsyth","3355","1","74"
"40-49 years","Forsyth","4383","5","165"
"50-59 years","Forsyth","3785","17","213"
"60-69 years","Forsyth","1932","31","202"
"70-79 years","Forsyth","1106","73","242"
"80 & Older years","Forsyth","629","100","186"
"<1 years","Forsyth","88","0","3"
"Unknown years","Forsyth","333","0","3"
"01-04 years","Franklin","37","0","2"
"05-09 years","Franklin","86","0","0"
"10-17 years","Franklin","300","0","6"
"18-29 years","Franklin","590","0","13"
"30-39 years","Franklin","416","0","9"
"40-49 years","Franklin","442","0","19"
"50-59 years","Franklin","438","2","34"
"60-69 years","Franklin","398","8","45"
"70-79 years","Franklin","249","23","47"
"80 & Older years","Franklin","123","26","32"
"<1 years","Franklin","13","0","2"
"Unknown years","Franklin","47","0","0"
"01-04 years","Fulton","1823","0","52"
"05-09 years","Fulton","3294","0","33"
"10-17 years","Fulton","8959","1","94"
"18-29 years","Fulton","26872","6","528"
"30-39 years","Fulton","20333","36","751"
"40-49 years","Fulton","15899","53","859"
"50-59 years","Fulton","13676","147","1207"
"60-69 years","Fulton","8051","277","1114"
"70-79 years","Fulton","4198","402","977"
"80 & Older years","Fulton","2889","583","912"
"<1 years","Fulton","390","0","24"
"Unknown years","Fulton","112","0","25"
"01-04 years","Gilmer","46","0","2"
"05-09 years","Gilmer","61","0","0"
"10-17 years","Gilmer","292","0","3"
"18-29 years","Gilmer","476","0","16"
"30-39 years","Gilmer","439","0","20"
"40-49 years","Gilmer","466","0","22"
"50-59 years","Gilmer","521","12","37"
"60-69 years","Gilmer","492","11","56"
"70-79 years","Gilmer","348","34","76"
"80 & Older years","Gilmer","162","39","50"
"<1 years","Gilmer","16","0","0"
"Unknown years","Gilmer","3","0","0"
"01-04 years","Glascock","1","0","0"
"05-09 years","Glascock","5","0","0"
"10-17 years","Glascock","5","0","0"
"18-29 years","Glascock","25","0","1"
"30-39 years","Glascock","21","0","0"
"40-49 years","Glascock","27","0","1"
"50-59 years","Glascock","37","2","4"
"60-69 years","Glascock","19","0","5"
"70-79 years","Glascock","28","3","9"
"80 & Older years","Glascock","9","2","5"
"<1 years","Glascock","1","0","0"
"Unknown years","Glascock","1","0","0"
"01-04 years","Glynn","277","0","3"
"05-09 years","Glynn","560","0","1"
"10-17 years","Glynn","1383","0","3"
"18-29 years","Glynn","2324","3","32"
"30-39 years","Glynn","1955","7","41"
"40-49 years","Glynn","1612","12","57"
"50-59 years","Glynn","1454","32","106"
"60-69 years","Glynn","1181","66","158"
"70-79 years","Glynn","689","72","112"
"80 & Older years","Glynn","368","81","112"
"<1 years","Glynn","58","0","2"
"Unknown years","Glynn","249","0","0"
"01-04 years","Gordon","141","0","1"
"05-09 years","Gordon","212","1","2"
"10-17 years","Gordon","849","0","6"
"18-29 years","Gordon","1650","1","18"
"30-39 years","Gordon","1309","3","27"
"40-49 years","Gordon","1304","7","42"
"50-59 years","Gordon","1256","17","67"
"60-69 years","Gordon","821","41","71"
"70-79 years","Gordon","446","39","95"
"80 & Older years","Gordon","223","40","61"
"<1 years","Gordon","51","0","3"
"Unknown years","Gordon","67","0","1"
"01-04 years","Grady","66","0","1"
"05-09 years","Grady","100","0","0"
"10-17 years","Grady","250","0","5"
"18-29 years","Grady","361","0","12"
"30-39 years","Grady","343","0","13"
"40-49 years","Grady","331","2","31"
"50-59 years","Grady","312","10","38"
"60-69 years","Grady","223","8","30"
"70-79 years","Grady","201","24","57"
"80 & Older years","Grady","66","18","25"
"<1 years","Grady","15","0","2"
"Unknown years","Grady","6","0","0"
"01-04 years","Greene","31","0","1"
"05-09 years","Greene","68","0","0"
"10-17 years","Greene","208","0","2"
"18-29 years","Greene","357","0","9"
"30-39 years","Greene","263","0","8"
"40-49 years","Greene","250","4","18"
"50-59 years","Greene","296","6","24"
"60-69 years","Greene","292","8","27"
"70-79 years","Greene","218","13","32"
"80 & Older years","Greene","120","28","45"
"<1 years","Greene","9","0","1"
"Unknown years","Greene","2","0","0"
"01-04 years","Gwinnett","1887","0","24"
"05-09 years","Gwinnett","3355","0","28"
"10-17 years","Gwinnett","9987","2","80"
"18-29 years","Gwinnett","22979","11","579"
"30-39 years","Gwinnett","17807","29","627"
"40-49 years","Gwinnett","18515","78","896"
"50-59 years","Gwinnett","15451","133","1038"
"60-69 years","Gwinnett","8593","251","1054"
"70-79 years","Gwinnett","3866","309","842"
"80 & Older years","Gwinnett","2105","435","732"
"<1 years","Gwinnett","568","0","27"
"Unknown years","Gwinnett","106","0","2"
"01-04 years","Habersham","67","0","5"
"05-09 years","Habersham","112","0","3"
"10-17 years","Habersham","440","1","9"
"18-29 years","Habersham","1135","1","18"
"30-39 years","Habersham","868","3","35"
"40-49 years","Habersham","895","3","52"
"50-59 years","Habersham","932","7","82"
"60-69 years","Habersham","714","22","134"
"70-79 years","Habersham","499","54","129"
"80 & Older years","Habersham","326","75","100"
"<1 years","Habersham","22","0","6"
"Unknown years","Habersham","51","0","4"
"01-04 years","Hall","307","0","12"
"05-09 years","Hall","715","0","6"
"10-17 years","Hall","2861","0","36"
"18-29 years","Hall","6898","4","215"
"30-39 years","Hall","4843","3","260"
"40-49 years","Hall","4874","21","346"
"50-59 years","Hall","4944","44","515"
"60-69 years","Hall","3269","97","515"
"70-79 years","Hall","2069","144","577"
"80 & Older years","Hall","1169","221","442"
"<1 years","Hall","78","0","8"
"Unknown years","Hall","336","0","10"
"01-04 years","Hancock","10","0","0"
"05-09 years","Hancock","12","0","0"
"10-17 years","Hancock","48","0","1"
"18-29 years","Hancock","166","0","3"
"30-39 years","Hancock","141","0","4"
"40-49 years","Hancock","125","1","7"
"50-59 years","Hancock","165","4","17"
"60-69 years","Hancock","163","19","34"
"70-79 years","Hancock","89","21","28"
"80 & Older years","Hancock","67","24","25"
"<1 years","Hancock","4","0","0"
"Unknown years","Hancock","1","0","0"
"01-04 years","Haralson","33","0","0"
"05-09 years","Haralson","59","0","0"
"10-17 years","Haralson","231","0","2"
"18-29 years","Haralson","467","0","4"
"30-39 years","Haralson","302","0","6"
"40-49 years","Haralson","333","2","8"
"50-59 years","Haralson","377","3","12"
"60-69 years","Haralson","237","13","25"
"70-79 years","Haralson","148","13","19"
"80 & Older years","Haralson","62","9","11"
"<1 years","Haralson","9","0","1"
"Unknown years","Haralson","5","0","0"
"01-04 years","Harris","43","0","0"
"05-09 years","Harris","69","0","0"
"10-17 years","Harris","277","0","2"
"18-29 years","Harris","472","0","7"
"30-39 years","Harris","364","0","13"
"40-49 years","Harris","503","3","19"
"50-59 years","Harris","512","8","35"
"60-69 years","Harris","415","18","65"
"70-79 years","Harris","248","28","57"
"80 & Older years","Harris","76","14","18"
"<1 years","Harris","7","0","0"
"Unknown years","Harris","15","0","0"
"01-04 years","Hart","31","0","0"
"05-09 years","Hart","44","0","1"
"10-17 years","Hart","174","0","0"
"18-29 years","Hart","395","0","3"
"30-39 years","Hart","347","0","12"
"40-49 years","Hart","292","1","15"
"50-59 years","Hart","352","3","27"
"60-69 years","Hart","264","14","34"
"70-79 years","Hart","174","8","31"
"80 & Older years","Hart","93","16","30"
"<1 years","Hart","11","0","1"
"Unknown years","Hart","17","0","0"
"01-04 years","Heard","13","0","0"
"05-09 years","Heard","42","0","0"
"10-17 years","Heard","122","0","1"
"18-29 years","Heard","170","0","1"
"30-39 years","Heard","121","0","1"
"40-49 years","Heard","164","1","13"
"50-59 years","Heard","158","1","7"
"60-69 years","Heard","117","5","15"
"70-79 years","Heard","65","8","17"
"80 & Older years","Heard","28","7","4"
"<1 years","Heard","7","0","0"
"01-04 years","Henry","461","0","11"
"05-09 years","Henry","938","0","6"
"10-17 years","Henry","2867","0","34"
"18-29 years","Henry","5243","1","68"
"30-39 years","Henry","4591","10","109"
"40-49 years","Henry","4759","21","172"
"50-59 years","Henry","4394","38","209"
"60-69 years","Henry","2440","87","189"
"70-79 years","Henry","1202","106","140"
"80 & Older years","Henry","595","117","89"
"<1 years","Henry","104","0","6"
"Unknown years","Henry","40","0","2"
"01-04 years","Houston","258","0","5"
"05-09 years","Houston","544","0","1"
"10-17 years","Houston","1699","0","7"
"18-29 years","Houston","3093","7","62"
"30-39 years","Houston","2817","5","90"
"40-49 years","Houston","2460","13","137"
"50-59 years","Houston","2014","23","177"
"60-69 years","Houston","1330","56","216"
"70-79 years","Houston","698","71","199"
"80 & Older years","Houston","372","68","125"
"<1 years","Houston","49","0","5"
"Unknown years","Houston","30","0","0"
"01-04 years","Irwin","7","0","0"
"05-09 years","Irwin","15","0","0"
"10-17 years","Irwin","65","0","0"
"18-29 years","Irwin","174","0","5"
"30-39 years","Irwin","146","0","7"
"40-49 years","Irwin","157","1","10"
"50-59 years","Irwin","127","3","12"
"60-69 years","Irwin","97","1","22"
"70-79 years","Irwin","54","6","9"
"80 & Older years","Irwin","39","8","23"
"Unknown years","Irwin","2","0","0"
"01-04 years","Jackson","132","0","1"
"05-09 years","Jackson","325","0","3"
"10-17 years","Jackson","1444","1","13"
"18-29 years","Jackson","2016","2","36"
"30-39 years","Jackson","1991","3","57"
"40-49 years","Jackson","2004","8","89"
"50-59 years","Jackson","1826","15","136"
"60-69 years","Jackson","1204","35","124"
"70-79 years","Jackson","791","46","148"
"80 & Older years","Jackson","386","63","123"
"<1 years","Jackson","39","0","3"
"Unknown years","Jackson","18","0","1"
"01-04 years","Jasper","16","0","0"
"05-09 years","Jasper","22","0","0"
"10-17 years","Jasper","75","0","1"
"18-29 years","Jasper","169","0","7"
"30-39 years","Jasper","146","2","6"
"40-49 years","Jasper","146","1","7"
"50-59 years","Jasper","162","3","16"
"60-69 years","Jasper","125","10","26"
"70-79 years","Jasper","67","7","14"
"80 & Older years","Jasper","27","5","7"
"<1 years","Jasper","8","0","2"
"Unknown years","Jasper","2","0","0"
"01-04 years","Jeff Davis","44","0","0"
"05-09 years","Jeff Davis","87","0","0"
"10-17 years","Jeff Davis","184","0","2"
"18-29 years","Jeff Davis","359","0","6"
"30-39 years","Jeff Davis","289","0","9"
"40-49 years","Jeff Davis","281","0","17"
"50-59 years","Jeff Davis","245","7","24"
"60-69 years","Jeff Davis","151","9","24"
"70-79 years","Jeff Davis","109","15","23"
"80 & Older years","Jeff Davis","24","8","7"
"<1 years","Jeff Davis","10","0","1"
"Unknown years","Jeff Davis","1","0","0"
"01-04 years","Jefferson","27","0","2"
"05-09 years","Jefferson","43","0","0"
"10-17 years","Jefferson","132","0","2"
"18-29 years","Jefferson","291","0","3"
"30-39 years","Jefferson","242","0","10"
"40-49 years","Jefferson","247","3","20"
"50-59 years","Jefferson","299","6","27"
"60-69 years","Jefferson","272","12","40"
"70-79 years","Jefferson","168","19","44"
"80 & Older years","Jefferson","72","22","32"
"<1 years","Jefferson","6","0","1"
"Unknown years","Jefferson","9","0","0"
"01-04 years","Jenkins","22","0","0"
"05-09 years","Jenkins","28","0","0"
"10-17 years","Jenkins","81","0","0"
"18-29 years","Jenkins","148","0","2"
"30-39 years","Jenkins","102","2","6"
"40-49 years","Jenkins","139","2","14"
"50-59 years","Jenkins","154","7","26"
"60-69 years","Jenkins","95","7","13"
"70-79 years","Jenkins","62","13","21"
"80 & Older years","Jenkins","52","10","11"
"<1 years","Jenkins","2","0","0"
"Unknown years","Jenkins","1","0","0"
"01-04 years","Johnson","12","0","1"
"05-09 years","Johnson","19","0","0"
"10-17 years","Johnson","61","0","1"
"18-29 years","Johnson","163","0","5"
"30-39 years","Johnson","135","0","5"
"40-49 years","Johnson","130","3","6"
"50-59 years","Johnson","156","6","17"
"60-69 years","Johnson","144","9","23"
"70-79 years","Johnson","98","9","25"
"80 & Older years","Johnson","71","19","21"
"<1 years","Johnson","8","0","2"
"01-04 years","Jones","28","0","1"
"05-09 years","Jones","63","0","0"
"10-17 years","Jones","185","0","1"
"18-29 years","Jones","482","2","10"
"30-39 years","Jones","421","1","13"
"40-49 years","Jones","374","3","21"
"50-59 years","Jones","377","4","38"
"60-69 years","Jones","273","10","48"
"70-79 years","Jones","175","27","55"
"80 & Older years","Jones","95","22","28"
"<1 years","Jones","7","0","0"
"Unknown years","Jones","3","0","0"
"01-04 years","Lamar","55","0","0"
"05-09 years","Lamar","102","0","0"
"10-17 years","Lamar","284","0","4"
"18-29 years","Lamar","361","0","8"
"30-39 years","Lamar","306","2","14"
"40-49 years","Lamar","277","5","15"
"50-59 years","Lamar","268","6","36"
"60-69 years","Lamar","260","14","32"
"70-79 years","Lamar","163","16","31"
"80 & Older years","Lamar","77","23","21"
"<1 years","Lamar","37","0","1"
"Unknown years","Lamar","1","0","0"
"01-04 years","Lanier","15","0","0"
"05-09 years","Lanier","23","0","1"
"10-17 years","Lanier","78","0","1"
"18-29 years","Lanier","150","1","2"
"30-39 years","Lanier","171","0","2"
"40-49 years","Lanier","103","1","3"
"50-59 years","Lanier","88","1","7"
"60-69 years","Lanier","56","3","3"
"70-79 years","Lanier","38","4","6"
"80 & Older years","Lanier","17","0","6"
"<1 years","Lanier","5","0","0"
"Unknown years","Lanier","1","0","0"
"01-04 years","Laurens","97","0","1"
"05-09 years","Laurens","152","0","2"
"10-17 years","Laurens","548","0","5"
"18-29 years","Laurens","1069","0","11"
"30-39 years","Laurens","842","2","22"
"40-49 years","Laurens","820","8","34"
"50-59 years","Laurens","764","21","69"
"60-69 years","Laurens","606","38","92"
"70-79 years","Laurens","387","55","93"
"80 & Older years","Laurens","245","54","67"
"<1 years","Laurens","27","0","4"
"Unknown years","Laurens","6","0","0"
"01-04 years","Lee","50","0","0"
"05-09 years","Lee","84","0","3"
"10-17 years","Lee","255","0","4"
"18-29 years","Lee","391","1","20"
"30-39 years","Lee","455","1","25"
"40-49 years","Lee","438","7","42"
"50-59 years","Lee","372","13","64"
"60-69 years","Lee","249","17","52"
"70-79 years","Lee","112","15","38"
"80 & Older years","Lee","70","12","27"
"<1 years","Lee","12","0","0"
"Unknown years","Lee","4","0","0"
"01-04 years","Liberty","214","0","2"
"05-09 years","Liberty","337","0","1"
"10-17 years","Liberty","734","0","3"
"18-29 years","Liberty","1736","1","20"
"30-39 years","Liberty","1053","2","33"
"40-49 years","Liberty","694","4","24"
"50-59 years","Liberty","618","16","62"
"60-69 years","Liberty","391","20","65"
"70-79 years","Liberty","170","18","61"
"80 & Older years","Liberty","73","18","27"
"<1 years","Liberty","62","0","1"
"Unknown years","Liberty","17","0","0"
"01-04 years","Lincoln","15","0","0"
"05-09 years","Lincoln","20","0","0"
"10-17 years","Lincoln","48","0","0"
"18-29 years","Lincoln","117","0","4"
"30-39 years","Lincoln","96","0","3"
"40-49 years","Lincoln","100","1","9"
"50-59 years","Lincoln","86","3","5"
"60-69 years","Lincoln","88","7","18"
"70-79 years","Lincoln","58","9","15"
"80 & Older years","Lincoln","22","7","10"
"<1 years","Lincoln","4","0","0"
"Unknown years","Lincoln","5","0","0"
"01-04 years","Long","44","0","0"
"05-09 years","Long","70","0","0"
"10-17 years","Long","177","0","0"
"18-29 years","Long","240","0","0"
"30-39 years","Long","236","1","5"
"40-49 years","Long","193","1","9"
"50-59 years","Long","124","2","13"
"60-69 years","Long","97","3","16"
"70-79 years","Long","50","6","15"
"80 & Older years","Long","22","2","10"
"<1 years","Long","12","0","0"
"Unknown years","Long","2","0","0"
"01-04 years","Lowndes","242","0","0"
"05-09 years","Lowndes","337","0","1"
"10-17 years","Lowndes","927","0","10"
"18-29 years","Lowndes","3152","4","35"
"30-39 years","Lowndes","1803","6","34"
"40-49 years","Lowndes","1395","8","55"
"50-59 years","Lowndes","1173","17","79"
"60-69 years","Lowndes","790","39","98"
"70-79 years","Lowndes","455","52","86"
"80 & Older years","Lowndes","262","64","70"
"<1 years","Lowndes","76","0","1"
"Unknown years","Lowndes","18","0","0"
"01-04 years","Lumpkin","31","0","1"
"05-09 years","Lumpkin","103","0","4"
"10-17 years","Lumpkin","305","0","3"
"18-29 years","Lumpkin","1071","0","18"
"30-39 years","Lumpkin","556","1","16"
"40-49 years","Lumpkin","532","1","30"
"50-59 years","Lumpkin","592","8","66"
"60-69 years","Lumpkin","523","13","75"
"70-79 years","Lumpkin","346","19","90"
"80 & Older years","Lumpkin","172","36","81"
"<1 years","Lumpkin","16","0","1"
"Unknown years","Lumpkin","33","0","3"
"01-04 years","Macon","15","0","0"
"05-09 years","Macon","20","0","0"
"10-17 years","Macon","39","0","0"
"18-29 years","Macon","150","0","4"
"30-39 years","Macon","118","0","4"
"40-49 years","Macon","139","3","9"
"50-59 years","Macon","152","5","20"
"60-69 years","Macon","93","9","28"
"70-79 years","Macon","63","7","21"
"80 & Older years","Macon","24","9","10"
"<1 years","Macon","4","0","0"
"Unknown years","Macon","5","0","1"
"01-04 years","Madison","78","0","2"
"05-09 years","Madison","120","0","0"
"10-17 years","Madison","403","0","1"
"18-29 years","Madison","743","0","13"
"30-39 years","Madison","602","1","14"
"40-49 years","Madison","588","1","25"
"50-59 years","Madison","586","7","36"
"60-69 years","Madison","454","10","52"
"70-79 years","Madison","271","20","57"
"80 & Older years","Madison","98","16","18"
"<1 years","Madison","31","0","6"
"Unknown years","Madison","5","0","0"
"01-04 years","Marion","10","0","0"
"05-09 years","Marion","25","0","1"
"10-17 years","Marion","77","0","0"
"18-29 years","Marion","103","0","2"
"30-39 years","Marion","77","0","3"
"40-49 years","Marion","96","1","7"
"50-59 years","Marion","88","6","7"
"60-69 years","Marion","67","6","10"
"70-79 years","Marion","40","5","11"
"80 & Older years","Marion","36","8","11"
"<1 years","Marion","5","0","0"
"Unknown years","Marion","7","0","0"
"01-04 years","McDuffie","36","0","0"
"05-09 years","McDuffie","49","0","0"
"10-17 years","McDuffie","182","0","0"
"18-29 years","McDuffie","431","0","8"
"30-39 years","McDuffie","335","2","6"
"40-49 years","McDuffie","323","2","20"
"50-59 years","McDuffie","309","10","38"
"60-69 years","McDuffie","242","12","40"
"70-79 years","McDuffie","141","12","54"
"80 & Older years","McDuffie","66","15","29"
"<1 years","McDuffie","4","0","0"
"Unknown years","McDuffie","20","0","0"
"01-04 years","McIntosh","19","0","0"
"05-09 years","McIntosh","50","0","0"
"10-17 years","McIntosh","184","0","0"
"18-29 years","McIntosh","211","0","4"
"30-39 years","McIntosh","185","0","3"
"40-49 years","McIntosh","190","0","4"
"50-59 years","McIntosh","214","2","9"
"60-69 years","McIntosh","165","3","24"
"70-79 years","McIntosh","98","9","22"
"80 & Older years","McIntosh","36","9","12"
"<1 years","McIntosh","2","0","0"
"Unknown years","McIntosh","8","0","0"
"01-04 years","Meriwether","51","0","2"
"05-09 years","Meriwether","59","0","1"
"10-17 years","Meriwether","157","0","2"
"18-29 years","Meriwether","325","0","11"
"30-39 years","Meriwether","256","2","17"
"40-49 years","Meriwether","312","4","25"
"50-59 years","Meriwether","319","8","31"
"60-69 years","Meriwether","285","14","42"
"70-79 years","Meriwether","220","27","45"
"80 & Older years","Meriwether","111","31","25"
"<1 years","Meriwether","13","0","2"
"Unknown years","Meriwether","2","0","0"
"01-04 years","Miller","16","0","0"
"05-09 years","Miller","32","0","0"
"10-17 years","Miller","125","0","1"
"18-29 years","Miller","161","0","1"
"30-39 years","Miller","140","0","0"
"40-49 years","Miller","116","1","7"
"50-59 years","Miller","166","3","15"
"60-69 years","Miller","119","3","13"
"70-79 years","Miller","43","3","4"
"80 & Older years","Miller","31","2","6"
"<1 years","Miller","5","0","0"
"01-04 years","Mitchell","39","0","1"
"05-09 years","Mitchell","58","0","0"
"10-17 years","Mitchell","164","0","4"
"18-29 years","Mitchell","366","1","14"
"30-39 years","Mitchell","321","1","16"
"40-49 years","Mitchell","296","7","24"
"50-59 years","Mitchell","314","12","60"
"60-69 years","Mitchell","259","18","59"
"70-79 years","Mitchell","156","22","54"
"80 & Older years","Mitchell","98","27","33"
"<1 years","Mitchell","14","0","1"
"Unknown years","Mitchell","1","0","0"
"01-04 years","Monroe","21","0","2"
"05-09 years","Monroe","55","0","1"
"10-17 years","Monroe","185","0","0"
"18-29 years","Monroe","460","2","8"
"30-39 years","Monroe","378","0","10"
"40-49 years","Monroe","410","6","24"
"50-59 years","Monroe","440","5","29"
"60-69 years","Monroe","377","25","63"
"70-79 years","Monroe","206","27","52"
"80 & Older years","Monroe","131","43","42"
"<1 years","Monroe","5","0","1"
"01-04 years","Montgomery","15","0","0"
"05-09 years","Montgomery","19","0","0"
"10-17 years","Montgomery","100","0","1"
"18-29 years","Montgomery","224","0","2"
"30-39 years","Montgomery","168","2","6"
"40-49 years","Montgomery","168","0","3"
"50-59 years","Montgomery","159","4","9"
"60-69 years","Montgomery","128","5","13"
"70-79 years","Montgomery","71","8","13"
"80 & Older years","Montgomery","37","9","7"
"<1 years","Montgomery","1","0","0"
"Unknown years","Montgomery","1","0","0"
"01-04 years","Morgan","38","0","0"
"05-09 years","Morgan","68","0","1"
"10-17 years","Morgan","157","0","1"
"18-29 years","Morgan","300","0","6"
"30-39 years","Morgan","258","0","10"
"40-49 years","Morgan","248","1","9"
"50-59 years","Morgan","261","5","20"
"60-69 years","Morgan","193","7","22"
"70-79 years","Morgan","137","4","22"
"80 & Older years","Morgan","69","13","23"
"<1 years","Morgan","25","0","1"
"Unknown years","Morgan","1","0","0"
"01-04 years","Murray","116","0","2"
"05-09 years","Murray","163","0","3"
"10-17 years","Murray","594","0","2"
"18-29 years","Murray","1191","0","14"
"30-39 years","Murray","867","2","12"
"40-49 years","Murray","966","6","31"
"50-59 years","Murray","824","12","64"
"60-69 years","Murray","558","18","84"
"70-79 years","Murray","337","41","73"
"80 & Older years","Murray","129","26","33"
"<1 years","Murray","35","0","2"
"Unknown years","Murray","1","0","0"
"01-04 years","Muscogee","414","0","8"
"05-09 years","Muscogee","712","0","0"
"10-17 years","Muscogee","1774","0","17"
"18-29 years","Muscogee","4513","7","103"
"30-39 years","Muscogee","3340","4","138"
"40-49 years","Muscogee","2681","13","165"
"50-59 years","Muscogee","2579","61","287"
"60-69 years","Muscogee","1993","108","360"
"70-79 years","Muscogee","1067","117","270"
"80 & Older years","Muscogee","638","178","224"
"<1 years","Muscogee","121","0","7"
"Unknown years","Muscogee","54","0","0"
"01-04 years","Newton","148","0","4"
"05-09 years","Newton","342","0","2"
"10-17 years","Newton","942","0","28"
"18-29 years","Newton","1971","1","95"
"30-39 years","Newton","1701","3","103"
"40-49 years","Newton","1828","16","159"
"50-59 years","Newton","1659","38","188"
"60-69 years","Newton","952","53","162"
"70-79 years","Newton","607","78","156"
"80 & Older years","Newton","354","92","106"
"<1 years","Newton","59","0","8"
"Unknown years","Newton","5","0","1"
"01-04 years","Non-GA Resident/Unknown State","442","0","10"
"05-09 years","Non-GA Resident/Unknown State","687","0","6"
"10-17 years","Non-GA Resident/Unknown State","1878","0","13"
"18-29 years","Non-GA Resident/Unknown State","7284","7","111"
"30-39 years","Non-GA Resident/Unknown State","5401","9","147"
"40-49 years","Non-GA Resident/Unknown State","4504","23","201"
"50-59 years","Non-GA Resident/Unknown State","4292","76","318"
"60-69 years","Non-GA Resident/Unknown State","3126","157","393"
"70-79 years","Non-GA Resident/Unknown State","1995","172","390"
"80 & Older years","Non-GA Resident/Unknown State","1092","171","266"
"<1 years","Non-GA Resident/Unknown State","220","0","3"
"Unknown years","Non-GA Resident/Unknown State","898","0","10"
"01-04 years","Oconee","60","0","0"
"05-09 years","Oconee","148","0","0"
"10-17 years","Oconee","515","0","0"
"18-29 years","Oconee","737","1","10"
"30-39 years","Oconee","502","1","7"
"40-49 years","Oconee","778","1","22"
"50-59 years","Oconee","618","5","16"
"60-69 years","Oconee","402","12","43"
"70-79 years","Oconee","225","18","30"
"80 & Older years","Oconee","156","33","46"
"<1 years","Oconee","15","0","0"
"Unknown years","Oconee","4","0","0"
"01-04 years","Oglethorpe","27","0","0"
"05-09 years","Oglethorpe","55","0","0"
"10-17 years","Oglethorpe","153","0","2"
"18-29 years","Oglethorpe","282","0","5"
"30-39 years","Oglethorpe","201","2","5"
"40-49 years","Oglethorpe","237","2","13"
"50-59 years","Oglethorpe","232","1","24"
"60-69 years","Oglethorpe","190","1","17"
"70-79 years","Oglethorpe","135","14","20"
"80 & Older years","Oglethorpe","76","15","21"
"<1 years","Oglethorpe","11","0","0"
"Unknown years","Oglethorpe","1","0","0"
"01-04 years","Paulding","263","0","3"
"05-09 years","Paulding","610","0","0"
"10-17 years","Paulding","1793","0","9"
"18-29 years","Paulding","2796","1","39"
"30-39 years","Paulding","2547","3","41"
"40-49 years","Paulding","2663","10","66"
"50-59 years","Paulding","2362","27","101"
"60-69 years","Paulding","1251","50","102"
"70-79 years","Paulding","666","47","92"
"80 & Older years","Paulding","380","77","80"
"<1 years","Paulding","67","0","0"
"Unknown years","Paulding","40","0","1"
"01-04 years","Peach","32","0","2"
"05-09 years","Peach","49","0","0"
"10-17 years","Peach","163","0","2"
"18-29 years","Peach","562","2","14"
"30-39 years","Peach","454","1","19"
"40-49 years","Peach","362","5","29"
"50-59 years","Peach","376","11","53"
"60-69 years","Peach","326","18","67"
"70-79 years","Peach","169","21","53"
"80 & Older years","Peach","81","17","37"
"<1 years","Peach","4","0","0"
"Unknown years","Peach","2","0","0"
"01-04 years","Pickens","31","0","2"
"05-09 years","Pickens","71","0","1"
"10-17 years","Pickens","253","0","1"
"18-29 years","Pickens","562","0","7"
"30-39 years","Pickens","458","1","18"
"40-49 years","Pickens","520","1","25"
"50-59 years","Pickens","587","6","40"
"60-69 years","Pickens","458","14","67"
"70-79 years","Pickens","329","27","81"
"80 & Older years","Pickens","140","29","45"
"<1 years","Pickens","5","0","1"
"01-04 years","Pierce","50","0","0"
"05-09 years","Pierce","69","0","0"
"10-17 years","Pierce","208","1","1"
"18-29 years","Pierce","374","0","7"
"30-39 years","Pierce","284","0","11"
"40-49 years","Pierce","337","3","25"
"50-59 years","Pierce","310","12","35"
"60-69 years","Pierce","222","15","52"
"70-79 years","Pierce","161","23","54"
"80 & Older years","Pierce","61","16","20"
"<1 years","Pierce","19","0","1"
"Unknown years","Pierce","35","0","0"
"01-04 years","Pike","54","0","0"
"05-09 years","Pike","85","0","0"
"10-17 years","Pike","230","0","1"
"18-29 years","Pike","251","2","9"
"30-39 years","Pike","275","0","5"
"40-49 years","Pike","306","2","14"
"50-59 years","Pike","254","7","18"
"60-69 years","Pike","178","11","29"
"70-79 years","Pike","108","9","25"
"80 & Older years","Pike","42","11","10"
"<1 years","Pike","17","0","0"
"Unknown years","Pike","1","0","0"
"01-04 years","Polk","88","0","2"
"05-09 years","Polk","170","0","3"
"10-17 years","Polk","640","0","5"
"18-29 years","Polk","1241","0","21"
"30-39 years","Polk","935","1","29"
"40-49 years","Polk","890","5","55"
"50-59 years","Polk","869","17","103"
"60-69 years","Polk","569","27","100"
"70-79 years","Polk","412","36","116"
"80 & Older years","Polk","176","32","59"
"<1 years","Polk","48","0","2"
"Unknown years","Polk","26","0","0"
"01-04 years","Pulaski","14","0","0"
"05-09 years","Pulaski","27","0","0"
"10-17 years","Pulaski","90","0","1"
"18-29 years","Pulaski","140","0","2"
"30-39 years","Pulaski","131","0","2"
"40-49 years","Pulaski","119","0","10"
"50-59 years","Pulaski","127","0","8"
"60-69 years","Pulaski","109","9","15"
"70-79 years","Pulaski","49","13","16"
"80 & Older years","Pulaski","40","12","6"
"<1 years","Pulaski","3","0","0"
"Unknown years","Pulaski","1","0","0"
"01-04 years","Putnam","41","0","0"
"05-09 years","Putnam","69","0","1"
"10-17 years","Putnam","220","0","2"
"18-29 years","Putnam","413","0","5"
"30-39 years","Putnam","368","0","11"
"40-49 years","Putnam","306","2","16"
"50-59 years","Putnam","399","2","29"
"60-69 years","Putnam","342","19","43"
"70-79 years","Putnam","253","25","63"
"80 & Older years","Putnam","106","24","39"
"<1 years","Putnam","7","0","1"
"Unknown years","Putnam","1","0","0"
"01-04 years","Quitman","2","0","0"
"05-09 years","Quitman","5","0","0"
"10-17 years","Quitman","13","0","0"
"18-29 years","Quitman","16","0","1"
"30-39 years","Quitman","13","0","1"
"40-49 years","Quitman","5","0","1"
"50-59 years","Quitman","18","0","2"
"60-69 years","Quitman","28","1","6"
"70-79 years","Quitman","6","1","1"
"80 & Older years","Quitman","9","1","2"
"<1 years","Quitman","2","0","0"
"Unknown years","Quitman","1","0","0"
"01-04 years","Rabun","23","0","0"
"05-09 years","Rabun","48","0","0"
"10-17 years","Rabun","189","0","1"
"18-29 years","Rabun","294","0","7"
"30-39 years","Rabun","252","1","14"
"40-49 years","Rabun","258","1","14"
"50-59 years","Rabun","296","3","32"
"60-69 years","Rabun","293","10","38"
"70-79 years","Rabun","218","13","44"
"80 & Older years","Rabun","96","19","35"
"<1 years","Rabun","8","0","1"
"Unknown years","Rabun","11","0","0"
"01-04 years","Randolph","4","0","0"
"05-09 years","Randolph","9","0","0"
"10-17 years","Randolph","22","0","3"
"18-29 years","Randolph","83","0","3"
"30-39 years","Randolph","85","2","8"
"40-49 years","Randolph","72","0","7"
"50-59 years","Randolph","109","6","22"
"60-69 years","Randolph","83","9","19"
"70-79 years","Randolph","54","5","18"
"80 & Older years","Randolph","49","15","16"
"<1 years","Randolph","1","0","0"
"Unknown years","Randolph","3","0","0"
"01-04 years","Richmond","460","0","2"
"05-09 years","Richmond","937","0","5"
"10-17 years","Richmond","2351","0","20"
"18-29 years","Richmond","5972","12","83"
"30-39 years","Richmond","4525","9","116"
"40-49 years","Richmond","3447","23","150"
"50-59 years","Richmond","3213","49","262"
"60-69 years","Richmond","2422","101","333"
"70-79 years","Richmond","1276","133","349"
"80 & Older years","Richmond","751","172","293"
"<1 years","Richmond","124","0","5"
"Unknown years","Richmond","34","0","1"
"01-04 years","Rockdale","128","0","10"
"05-09 years","Rockdale","264","0","7"
"10-17 years","Rockdale","720","0","25"
"18-29 years","Rockdale","1646","2","115"
"30-39 years","Rockdale","1379","4","148"
"40-49 years","Rockdale","1438","8","165"
"50-59 years","Rockdale","1353","19","241"
"60-69 years","Rockdale","825","39","207"
"70-79 years","Rockdale","462","59","184"
"80 & Older years","Rockdale","252","57","127"
"<1 years","Rockdale","28","0","2"
"Unknown years","Rockdale","7","0","0"
"01-04 years","Schley","9","0","0"
"05-09 years","Schley","9","0","0"
"10-17 years","Schley","33","0","0"
"18-29 years","Schley","60","0","2"
"30-39 years","Schley","33","0","0"
"40-49 years","Schley","49","0","5"
"50-59 years","Schley","44","1","7"
"60-69 years","Schley","31","1","7"
"70-79 years","Schley","15","3","4"
"80 & Older years","Schley","8","2","2"
"<1 years","Schley","1","0","0"
"Unknown years","Schley","6","0","0"
"01-04 years","Screven","25","0","1"
"05-09 years","Screven","41","0","0"
"10-17 years","Screven","166","0","1"
"18-29 years","Screven","216","0","4"
"30-39 years","Screven","203","0","6"
"40-49 years","Screven","178","2","10"
"50-59 years","Screven","163","4","16"
"60-69 years","Screven","170","4","18"
"70-79 years","Screven","99","8","21"
"80 & Older years","Screven","43","9","12"
"<1 years","Screven","8","0","0"
"Unknown years","Screven","5","0","0"
"01-04 years","Seminole","22","0","0"
"05-09 years","Seminole","46","0","0"
"10-17 years","Seminole","137","0","0"
"18-29 years","Seminole","187","0","2"
"30-39 years","Seminole","150","0","3"
"40-49 years","Seminole","154","0","10"
"50-59 years","Seminole","166","3","7"
"60-69 years","Seminole","173","6","32"
"70-79 years","Seminole","92","6","18"
"80 & Older years","Seminole","42","7","17"
"<1 years","Seminole","4","0","0"
"Unknown years","Seminole","1","0","0"
"01-04 years","Spalding","143","0","4"
"05-09 years","Spalding","199","0","1"
"10-17 years","Spalding","484","0","6"
"18-29 years","Spalding","1156","1","39"
"30-39 years","Spalding","995","4","44"
"40-49 years","Spalding","958","7","71"
"50-59 years","Spalding","954","25","110"
"60-69 years","Spalding","708","47","121"
"70-79 years","Spalding","484","60","111"
"80 & Older years","Spalding","284","60","79"
"<1 years","Spalding","38","0","1"
"Unknown years","Spalding","30","0","2"
"01-04 years","Stephens","39","0","2"
"05-09 years","Stephens","99","0","1"
"10-17 years","Stephens","395","0","4"
"18-29 years","Stephens","766","1","22"
"30-39 years","Stephens","508","0","9"
"40-49 years","Stephens","603","1","26"
"50-59 years","Stephens","640","7","50"
"60-69 years","Stephens","579","27","79"
"70-79 years","Stephens","393","24","81"
"80 & Older years","Stephens","194","28","45"
"<1 years","Stephens","6","0","0"
"Unknown years","Stephens","18","0","0"
"01-04 years","Stewart","6","0","1"
"05-09 years","Stewart","5","0","0"
"10-17 years","Stewart","24","0","0"
"18-29 years","Stewart","358","0","22"
"30-39 years","Stewart","349","1","27"
"40-49 years","Stewart","218","2","23"
"50-59 years","Stewart","116","2","17"
"60-69 years","Stewart","78","13","29"
"70-79 years","Stewart","28","4","6"
"80 & Older years","Stewart","22","5","7"
"<1 years","Stewart","3","0","0"
"Unknown years","Stewart","19","0","4"
"01-04 years","Sumter","56","0","1"
"05-09 years","Sumter","89","0","0"
"10-17 years","Sumter","191","0","5"
"18-29 years","Sumter","486","1","13"
"30-39 years","Sumter","371","1","31"
"40-49 years","Sumter","360","6","32"
"50-59 years","Sumter","384","5","49"
"60-69 years","Sumter","310","29","79"
"70-79 years","Sumter","203","31","60"
"80 & Older years","Sumter","134","35","53"
"<1 years","Sumter","28","0","2"
"Unknown years","Sumter","11","0","0"
"01-04 years","Talbot","16","0","1"
"05-09 years","Talbot","21","0","0"
"10-17 years","Talbot","53","0","0"
"18-29 years","Talbot","88","0","4"
"30-39 years","Talbot","53","0","3"
"40-49 years","Talbot","84","1","4"
"50-59 years","Talbot","98","5","9"
"60-69 years","Talbot","75","5","19"
"70-79 years","Talbot","44","6","8"
"80 & Older years","Talbot","23","4","9"
"<1 years","Talbot","1","0","0"
"Unknown years","Talbot","3","0","0"
"01-04 years","Taliaferro","2","0","0"
"05-09 years","Taliaferro","1","0","0"
"10-17 years","Taliaferro","11","0","0"
"18-29 years","Taliaferro","20","0","0"
"30-39 years","Taliaferro","19","0","0"
"40-49 years","Taliaferro","23","0","2"
"50-59 years","Taliaferro","12","0","0"
"60-69 years","Taliaferro","24","1","3"
"70-79 years","Taliaferro","10","1","3"
"80 & Older years","Taliaferro","4","1","2"
"01-04 years","Tattnall","60","0","1"
"05-09 years","Tattnall","85","0","1"
"10-17 years","Tattnall","280","0","2"
"18-29 years","Tattnall","471","1","3"
"30-39 years","Tattnall","430","2","9"
"40-49 years","Tattnall","414","0","10"
"50-59 years","Tattnall","421","11","25"
"60-69 years","Tattnall","302","20","40"
"70-79 years","Tattnall","159","26","44"
"80 & Older years","Tattnall","59","6","9"
"<1 years","Tattnall","17","0","0"
"Unknown years","Tattnall","8","0","0"
"01-04 years","Taylor","20","0","1"
"05-09 years","Taylor","22","0","0"
"10-17 years","Taylor","77","0","1"
"18-29 years","Taylor","124","1","5"
"30-39 years","Taylor","82","0","4"
"40-49 years","Taylor","125","1","12"
"50-59 years","Taylor","99","2","18"
"60-69 years","Taylor","86","7","21"
"70-79 years","Taylor","43","8","15"
"80 & Older years","Taylor","28","8","9"
"<1 years","Taylor","5","0","0"
"Unknown years","Taylor","12","0","0"
"01-04 years","Telfair","14","0","0"
"05-09 years","Telfair","25","0","0"
"10-17 years","Telfair","51","0","1"
"18-29 years","Telfair","186","0","4"
"30-39 years","Telfair","130","1","4"
"40-49 years","Telfair","138","2","8"
"50-59 years","Telfair","136","5","12"
"60-69 years","Telfair","117","10","20"
"70-79 years","Telfair","76","14","20"
"80 & Older years","Telfair","47","17","13"
"<1 years","Telfair","7","0","0"
"Unknown years","Telfair","3","0","0"
"01-04 years","Terrell","15","0","0"
"05-09 years","Terrell","22","0","0"
"10-17 years","Terrell","72","0","0"
"18-29 years","Terrell","112","0","6"
"30-39 years","Terrell","105","0","13"
"40-49 years","Terrell","85","0","11"
"50-59 years","Terrell","131","7","25"
"60-69 years","Terrell","113","14","42"
"70-79 years","Terrell","71","19","29"
"80 & Older years","Terrell","45","15","17"
"<1 years","Terrell","3","0","0"
"01-04 years","Thomas","157","1","2"
"05-09 years","Thomas","286","0","0"
"10-17 years","Thomas","758","0","3"
"18-29 years","Thomas","990","2","34"
"30-39 years","Thomas","807","5","29"
"40-49 years","Thomas","800","10","46"
"50-59 years","Thomas","822","20","70"
"60-69 years","Thomas","620","22","114"
"70-79 years","Thomas","356","42","96"
"80 & Older years","Thomas","213","51","67"
"<1 years","Thomas","47","0","2"
"Unknown years","Thomas","7","0","0"
"01-04 years","Tift","97","0","6"
"05-09 years","Tift","154","0","4"
"10-17 years","Tift","416","0","10"
"18-29 years","Tift","1030","0","27"
"30-39 years","Tift","763","1","34"
"40-49 years","Tift","715","8","68"
"50-59 years","Tift","599","14","82"
"60-69 years","Tift","463","21","85"
"70-79 years","Tift","296","34","96"
"80 & Older years","Tift","170","38","66"
"<1 years","Tift","29","0","1"
"Unknown years","Tift","11","0","0"
"01-04 years","Toombs","50","0","0"
"05-09 years","Toombs","118","0","0"
"10-17 years","Toombs","342","0","2"
"18-29 years","Toombs","845","1","8"
"30-39 years","Toombs","644","1","9"
"40-49 years","Toombs","615","5","31"
"50-59 years","Toombs","605","12","38"
"60-69 years","Toombs","523","27","66"
"70-79 years","Toombs","332","41","54"
"80 & Older years","Toombs","184","46","39"
"<1 years","Toombs","20","0","0"
"Unknown years","Toombs","8","0","0"
"01-04 years","Towns","8","0","0"
"05-09 years","Towns","16","0","1"
"10-17 years","Towns","69","0","1"
"18-29 years","Towns","190","0","4"
"30-39 years","Towns","129","1","5"
"40-49 years","Towns","153","2","6"
"50-59 years","Towns","243","4","25"
"60-69 years","Towns","296","7","25"
"70-79 years","Towns","223","12","46"
"80 & Older years","Towns","157","33","63"
"<1 years","Towns","2","0","0"
"Unknown years","Towns","3","0","0"
"01-04 years","Treutlen","13","0","0"
"05-09 years","Treutlen","25","0","1"
"10-17 years","Treutlen","71","0","1"
"18-29 years","Treutlen","151","0","2"
"30-39 years","Treutlen","139","0","5"
"40-49 years","Treutlen","134","3","5"
"50-59 years","Treutlen","136","1","10"
"60-69 years","Treutlen","86","6","15"
"70-79 years","Treutlen","68","14","12"
"80 & Older years","Treutlen","39","10","9"
"<1 years","Treutlen","1","0","0"
"01-04 years","Troup","225","0","3"
"05-09 years","Troup","354","0","1"
"10-17 years","Troup","875","0","10"
"18-29 years","Troup","1689","2","35"
"30-39 years","Troup","1307","7","53"
"40-49 years","Troup","1120","10","67"
"50-59 years","Troup","1101","27","135"
"60-69 years","Troup","821","50","124"
"70-79 years","Troup","447","60","113"
"80 & Older years","Troup","297","85","77"
"<1 years","Troup","71","0","2"
"Unknown years","Troup","6","0","0"
"01-04 years","Turner","11","0","0"
"05-09 years","Turner","17","0","2"
"10-17 years","Turner","31","0","1"
"18-29 years","Turner","129","0","2"
"30-39 years","Turner","133","0","13"
"40-49 years","Turner","136","1","9"
"50-59 years","Turner","121","2","17"
"60-69 years","Turner","98","10","29"
"70-79 years","Turner","62","11","14"
"80 & Older years","Turner","38","16","16"
"<1 years","Turner","4","0","1"
"01-04 years","Twiggs","15","0","1"
"05-09 years","Twiggs","12","0","1"
"10-17 years","Twiggs","51","0","1"
"18-29 years","Twiggs","106","0","2"
"30-39 years","Twiggs","94","1","4"
"40-49 years","Twiggs","97","2","9"
"50-59 years","Twiggs","127","3","21"
"60-69 years","Twiggs","122","11","39"
"70-79 years","Twiggs","71","14","29"
"80 & Older years","Twiggs","31","15","18"
"<1 years","Twiggs","1","0","0"
"01-04 years","Union","22","0","1"
"05-09 years","Union","60","0","0"
"10-17 years","Union","187","0","2"
"18-29 years","Union","362","1","3"
"30-39 years","Union","364","1","6"
"40-49 years","Union","334","2","15"
"50-59 years","Union","433","5","33"
"60-69 years","Union","530","12","74"
"70-79 years","Union","447","27","88"
"80 & Older years","Union","249","49","80"
"<1 years","Union","3","0","1"
"Unknown years","Union","17","0","1"
"01-04 years","Unknown","49","0","1"
"05-09 years","Unknown","98","0","0"
"10-17 years","Unknown","277","0","0"
"18-29 years","Unknown","871","1","7"
"30-39 years","Unknown","484","0","8"
"40-49 years","Unknown","417","1","2"
"50-59 years","Unknown","379","1","8"
"60-69 years","Unknown","206","0","16"
"70-79 years","Unknown","133","2","16"
"80 & Older years","Unknown","51","1","10"
"<1 years","Unknown","42","0","0"
"Unknown years","Unknown","90","0","3"
"01-04 years","Upson","77","0","1"
"05-09 years","Upson","111","0","0"
"10-17 years","Upson","289","0","2"
"18-29 years","Upson","459","0","8"
"30-39 years","Upson","330","2","10"
"40-49 years","Upson","347","2","16"
"50-59 years","Upson","344","11","38"
"60-69 years","Upson","312","25","52"
"70-79 years","Upson","214","40","62"
"80 & Older years","Upson","125","43","43"
"<1 years","Upson","30","0","1"
"Unknown years","Upson","8","0","0"
"01-04 years","Walker","152","0","1"
"05-09 years","Walker","325","0","1"
"10-17 years","Walker","903","0","6"
"18-29 years","Walker","1641","0","20"
"30-39 years","Walker","1295","1","21"
"40-49 years","Walker","1451","4","38"
"50-59 years","Walker","1237","6","47"
"60-69 years","Walker","961","23","83"
"70-79 years","Walker","607","33","71"
"80 & Older years","Walker","291","36","45"
"<1 years","Walker","58","0","2"
"Unknown years","Walker","113","0","2"
"01-04 years","Walton","140","0","1"
"05-09 years","Walton","305","0","4"
"10-17 years","Walton","947","0","12"
"18-29 years","Walton","1815","3","49"
"30-39 years","Walton","1607","0","52"
"40-49 years","Walton","1709","5","84"
"50-59 years","Walton","1632","22","137"
"60-69 years","Walton","1118","39","142"
"70-79 years","Walton","786","81","154"
"80 & Older years","Walton","453","116","105"
"<1 years","Walton","48","0","3"
"Unknown years","Walton","18","0","0"
"01-04 years","Ware","118","0","1"
"05-09 years","Ware","151","0","0"
"10-17 years","Ware","414","0","4"
"18-29 years","Ware","841","1","14"
"30-39 years","Ware","669","2","33"
"40-49 years","Ware","601","5","47"
"50-59 years","Ware","568","26","107"
"60-69 years","Ware","427","33","93"
"70-79 years","Ware","322","51","116"
"80 & Older years","Ware","235","70","70"
"<1 years","Ware","39","0","2"
"Unknown years","Ware","3","0","0"
"01-04 years","Warren","7","0","0"
"05-09 years","Warren","10","0","0"
"10-17 years","Warren","34","0","0"
"18-29 years","Warren","98","0","3"
"30-39 years","Warren","65","0","5"
"40-49 years","Warren","71","2","6"
"50-59 years","Warren","77","3","8"
"60-69 years","Warren","55","3","10"
"70-79 years","Warren","44","6","15"
"80 & Older years","Warren","20","5","8"
"<1 years","Warren","5","0","1"
"Unknown years","Warren","4","0","0"
"01-04 years","Washington","58","0","0"
"05-09 years","Washington","78","0","0"
"10-17 years","Washington","275","0","3"
"18-29 years","Washington","369","0","8"
"30-39 years","Washington","344","1","12"
"40-49 years","Washington","338","6","16"
"50-59 years","Washington","306","8","17"
"60-69 years","Washington","267","15","33"
"70-79 years","Washington","137","11","26"
"80 & Older years","Washington","85","29","15"
"<1 years","Washington","22","0","0"
"Unknown years","Washington","4","0","0"
"01-04 years","Wayne","65","0","1"
"05-09 years","Wayne","105","0","0"
"10-17 years","Wayne","385","0","2"
"18-29 years","Wayne","715","1","14"
"30-39 years","Wayne","703","4","19"
"40-49 years","Wayne","723","9","49"
"50-59 years","Wayne","644","20","54"
"60-69 years","Wayne","488","32","87"
"70-79 years","Wayne","346","36","92"
"80 & Older years","Wayne","152","34","32"
"<1 years","Wayne","11","0","1"
"Unknown years","Wayne","2","0","0"
"05-09 years","Webster","5","0","0"
"10-17 years","Webster","11","0","0"
"18-29 years","Webster","30","0","1"
"30-39 years","Webster","15","0","1"
"40-49 years","Webster","24","0","2"
"50-59 years","Webster","24","2","7"
"60-69 years","Webster","26","1","4"
"70-79 years","Webster","9","0","2"
"80 & Older years","Webster","5","1","1"
"Unknown years","Webster","2","0","0"
"01-04 years","Wheeler","3","0","0"
"05-09 years","Wheeler","8","0","1"
"10-17 years","Wheeler","35","0","0"
"18-29 years","Wheeler","83","0","0"
"30-39 years","Wheeler","102","2","2"
"40-49 years","Wheeler","101","3","3"
"50-59 years","Wheeler","110","8","12"
"60-69 years","Wheeler","65","5","8"
"70-79 years","Wheeler","49","7","12"
"80 & Older years","Wheeler","9","3","1"
"<1 years","Wheeler","2","0","0"
"Unknown years","Wheeler","23","0","1"
"01-04 years","White","39","0","1"
"05-09 years","White","109","0","1"
"10-17 years","White","421","0","2"
"18-29 years","White","657","1","12"
"30-39 years","White","532","2","11"
"40-49 years","White","599","7","28"
"50-59 years","White","669","7","62"
"60-69 years","White","582","17","75"
"70-79 years","White","444","23","102"
"80 & Older years","White","236","42","86"
"<1 years","White","10","0","0"
"Unknown years","White","22","0","0"
"01-04 years","Whitfield","288","0","3"
"05-09 years","Whitfield","588","0","3"
"10-17 years","Whitfield","1841","0","8"
"18-29 years","Whitfield","4328","3","57"
"30-39 years","Whitfield","2947","5","73"
"40-49 years","Whitfield","2943","11","91"
"50-59 years","Whitfield","2613","39","156"
"60-69 years","Whitfield","1547","52","180"
"70-79 years","Whitfield","853","69","162"
"80 & Older years","Whitfield","498","107","133"
"<1 years","Whitfield","90","0","5"
"Unknown years","Whitfield","4","0","0"
"01-04 years","Wilcox","18","0","1"
"05-09 years","Wilcox","28","0","0"
"10-17 years","Wilcox","53","0","0"
"18-29 years","Wilcox","73","0","1"
"30-39 years","Wilcox","69","0","2"
"40-49 years","Wilcox","92","0","12"
"50-59 years","Wilcox","97","2","16"
"60-69 years","Wilcox","106","10","28"
"70-79 years","Wilcox","58","11","11"
"80 & Older years","Wilcox","27","8","8"
"<1 years","Wilcox","6","0","1"
"01-04 years","Wilkes","10","0","0"
"05-09 years","Wilkes","23","0","0"
"10-17 years","Wilkes","72","0","0"
"18-29 years","Wilkes","157","0","3"
"30-39 years","Wilkes","109","0","6"
"40-49 years","Wilkes","134","1","15"
"50-59 years","Wilkes","125","2","11"
"60-69 years","Wilkes","99","4","20"
"70-79 years","Wilkes","73","8","24"
"80 & Older years","Wilkes","41","8","18"
"<1 years","Wilkes","4","0","1"
"Unknown years","Wilkes","1","0","0"
"01-04 years","Wilkinson","18","0","0"
"05-09 years","Wilkinson","26","0","0"
"10-17 years","Wilkinson","85","0","1"
"18-29 years","Wilkinson","174","0","3"
"30-39 years","Wilkinson","147","0","8"
"40-49 years","Wilkinson","142","0","7"
"50-59 years","Wilkinson","194","5","29"
"60-69 years","Wilkinson","169","14","45"
"70-79 years","Wilkinson","73","8","23"
"80 & Older years","Wilkinson","44","6","19"
"<1 years","Wilkinson","5","0","0"
"Unknown years","Wilkinson","3","0","0"
"01-04 years","Worth","31","0","0"
"05-09 years","Worth","46","0","0"
"10-17 years","Worth","165","0","3"
"18-29 years","Worth","291","0","12"
"30-39 years","Worth","224","0","18"
"40-49 years","Worth","238","3","23"
"50-59 years","Worth","251","7","36"
"60-69 years","Worth","235","22","60"
"70-79 years","Worth","137","20","38"
"80 & Older years","Worth","83","23","28"
"<1 years","Worth","8","0","0"
"Unknown years","Worth","2","0","0"
