"age group","county name","cases","deaths","hospitalization"
"01-04 years","Georgia","12221","1","244"
"05-09 years","Georgia","20015","2","184"
"10-17 years","Georgia","68094","8","725"
"18-29 years","Georgia","201423","127","3932"
"30-39 years","Georgia","145905","269","5133"
"40-49 years","Georgia","140724","641","7451"
"50-59 years","Georgia","133328","1733","11204"
"60-69 years","Georgia","89819","3636","13231"
"70-79 years","Georgia","51948","5210","12501"
"80 & Older years","Georgia","29966","6721","9611"
"<1 years","Georgia","3365","0","187"
"Unknown years","Georgia","3259","0","79"
"01-04 years","Appling","31","0","0"
"05-09 years","Appling","53","0","0"
"10-17 years","Appling","162","0","1"
"18-29 years","Appling","347","1","7"
"30-39 years","Appling","254","1","5"
"40-49 years","Appling","260","4","20"
"50-59 years","Appling","299","7","31"
"60-69 years","Appling","251","15","55"
"70-79 years","Appling","166","18","37"
"80 & Older years","Appling","85","21","32"
"<1 years","Appling","5","0","0"
"01-04 years","Atkinson","6","0","1"
"05-09 years","Atkinson","19","0","1"
"10-17 years","Atkinson","51","0","0"
"18-29 years","Atkinson","175","0","9"
"30-39 years","Atkinson","125","0","9"
"40-49 years","Atkinson","138","2","25"
"50-59 years","Atkinson","139","2","26"
"60-69 years","Atkinson","88","6","27"
"70-79 years","Atkinson","45","5","16"
"80 & Older years","Atkinson","15","5","11"
"<1 years","Atkinson","3","0","0"
"01-04 years","Bacon","17","0","0"
"05-09 years","Bacon","23","0","0"
"10-17 years","Bacon","79","0","1"
"18-29 years","Bacon","397","0","1"
"30-39 years","Bacon","189","0","5"
"40-49 years","Bacon","173","2","12"
"50-59 years","Bacon","156","2","16"
"60-69 years","Bacon","126","9","26"
"70-79 years","Bacon","82","7","20"
"80 & Older years","Bacon","39","9","10"
"<1 years","Bacon","4","0","0"
"Unknown years","Bacon","1","0","0"
"01-04 years","Baker","7","0","0"
"05-09 years","Baker","4","0","0"
"10-17 years","Baker","9","0","0"
"18-29 years","Baker","25","0","0"
"30-39 years","Baker","22","0","3"
"40-49 years","Baker","14","1","2"
"50-59 years","Baker","21","0","1"
"60-69 years","Baker","33","3","15"
"70-79 years","Baker","19","3","11"
"80 & Older years","Baker","9","3","3"
"<1 years","Baker","1","0","0"
"01-04 years","Baldwin","32","0","0"
"05-09 years","Baldwin","56","0","0"
"10-17 years","Baldwin","205","1","5"
"18-29 years","Baldwin","1289","0","15"
"30-39 years","Baldwin","485","1","16"
"40-49 years","Baldwin","497","2","32"
"50-59 years","Baldwin","499","13","60"
"60-69 years","Baldwin","390","23","78"
"70-79 years","Baldwin","261","29","58"
"80 & Older years","Baldwin","160","48","64"
"<1 years","Baldwin","14","0","0"
"01-04 years","Banks","11","0","0"
"05-09 years","Banks","31","0","1"
"10-17 years","Banks","111","0","3"
"18-29 years","Banks","313","0","9"
"30-39 years","Banks","215","0","8"
"40-49 years","Banks","239","0","18"
"50-59 years","Banks","265","2","26"
"60-69 years","Banks","218","6","47"
"70-79 years","Banks","156","16","57"
"80 & Older years","Banks","78","12","29"
"<1 years","Banks","6","0","1"
"Unknown years","Banks","21","0","1"
"01-04 years","Barrow","102","0","0"
"05-09 years","Barrow","187","0","0"
"10-17 years","Barrow","708","0","8"
"18-29 years","Barrow","1824","2","39"
"30-39 years","Barrow","1541","1","50"
"40-49 years","Barrow","1580","6","72"
"50-59 years","Barrow","1330","9","109"
"60-69 years","Barrow","884","33","146"
"70-79 years","Barrow","514","37","108"
"80 & Older years","Barrow","245","52","92"
"<1 years","Barrow","33","0","2"
"Unknown years","Barrow","16","0","0"
"01-04 years","Bartow","120","0","6"
"05-09 years","Bartow","230","0","2"
"10-17 years","Bartow","953","0","13"
"18-29 years","Bartow","2142","0","26"
"30-39 years","Bartow","1767","4","53"
"40-49 years","Bartow","1826","3","87"
"50-59 years","Bartow","1892","18","163"
"60-69 years","Bartow","1163","41","160"
"70-79 years","Bartow","765","76","195"
"80 & Older years","Bartow","380","77","130"
"<1 years","Bartow","41","0","2"
"Unknown years","Bartow","121","0","7"
"01-04 years","Ben Hill","29","0","1"
"05-09 years","Ben Hill","20","0","0"
"10-17 years","Ben Hill","98","0","0"
"18-29 years","Ben Hill","265","0","4"
"30-39 years","Ben Hill","218","3","11"
"40-49 years","Ben Hill","207","1","11"
"50-59 years","Ben Hill","240","6","31"
"60-69 years","Ben Hill","204","13","29"
"70-79 years","Ben Hill","146","19","52"
"80 & Older years","Ben Hill","71","20","19"
"<1 years","Ben Hill","6","0","1"
"01-04 years","Berrien","16","0","0"
"05-09 years","Berrien","23","0","0"
"10-17 years","Berrien","96","0","1"
"18-29 years","Berrien","207","0","0"
"30-39 years","Berrien","164","0","3"
"40-49 years","Berrien","141","0","5"
"50-59 years","Berrien","171","3","17"
"60-69 years","Berrien","125","8","17"
"70-79 years","Berrien","82","10","17"
"80 & Older years","Berrien","48","12","14"
"<1 years","Berrien","2","0","0"
"Unknown years","Berrien","1","0","0"
"01-04 years","Bibb","138","0","3"
"05-09 years","Bibb","199","0","0"
"10-17 years","Bibb","674","0","9"
"18-29 years","Bibb","3031","1","88"
"30-39 years","Bibb","2143","6","113"
"40-49 years","Bibb","2155","18","206"
"50-59 years","Bibb","1997","26","285"
"60-69 years","Bibb","1596","93","426"
"70-79 years","Bibb","959","120","366"
"80 & Older years","Bibb","597","153","298"
"<1 years","Bibb","47","0","5"
"Unknown years","Bibb","3","0","0"
"01-04 years","Bleckley","5","0","0"
"05-09 years","Bleckley","16","0","0"
"10-17 years","Bleckley","70","0","0"
"18-29 years","Bleckley","190","0","3"
"30-39 years","Bleckley","98","1","4"
"40-49 years","Bleckley","106","1","2"
"50-59 years","Bleckley","110","2","5"
"60-69 years","Bleckley","87","7","12"
"70-79 years","Bleckley","63","4","12"
"80 & Older years","Bleckley","61","18","12"
"<1 years","Bleckley","3","0","0"
"01-04 years","Brantley","12","0","0"
"05-09 years","Brantley","12","0","0"
"10-17 years","Brantley","90","0","1"
"18-29 years","Brantley","166","0","2"
"30-39 years","Brantley","125","0","4"
"40-49 years","Brantley","139","1","6"
"50-59 years","Brantley","157","2","15"
"60-69 years","Brantley","119","5","17"
"70-79 years","Brantley","90","17","27"
"80 & Older years","Brantley","50","10","13"
"<1 years","Brantley","1","0","0"
"01-04 years","Brooks","15","0","1"
"05-09 years","Brooks","25","0","0"
"10-17 years","Brooks","87","0","0"
"18-29 years","Brooks","178","0","1"
"30-39 years","Brooks","128","0","4"
"40-49 years","Brooks","126","1","12"
"50-59 years","Brooks","153","2","21"
"60-69 years","Brooks","102","6","18"
"70-79 years","Brooks","87","10","19"
"80 & Older years","Brooks","56","17","15"
"<1 years","Brooks","4","0","0"
"01-04 years","Bryan","54","0","0"
"05-09 years","Bryan","84","0","0"
"10-17 years","Bryan","285","0","3"
"18-29 years","Bryan","548","0","11"
"30-39 years","Bryan","473","1","10"
"40-49 years","Bryan","506","0","17"
"50-59 years","Bryan","371","5","30"
"60-69 years","Bryan","265","12","32"
"70-79 years","Bryan","161","11","55"
"80 & Older years","Bryan","68","9","28"
"<1 years","Bryan","17","0","0"
"Unknown years","Bryan","1","0","0"
"01-04 years","Bulloch","60","0","0"
"05-09 years","Bulloch","107","0","0"
"10-17 years","Bulloch","376","0","2"
"18-29 years","Bulloch","2231","0","11"
"30-39 years","Bulloch","642","2","21"
"40-49 years","Bulloch","558","2","23"
"50-59 years","Bulloch","530","8","38"
"60-69 years","Bulloch","387","16","47"
"70-79 years","Bulloch","198","17","42"
"80 & Older years","Bulloch","107","17","38"
"<1 years","Bulloch","23","0","2"
"01-04 years","Burke","21","0","0"
"05-09 years","Burke","45","0","0"
"10-17 years","Burke","144","0","1"
"18-29 years","Burke","357","1","8"
"30-39 years","Burke","271","1","10"
"40-49 years","Burke","301","2","17"
"50-59 years","Burke","280","4","34"
"60-69 years","Burke","218","7","41"
"70-79 years","Burke","125","14","35"
"80 & Older years","Burke","40","11","14"
"<1 years","Burke","7","0","0"
"Unknown years","Burke","2","0","0"
"01-04 years","Butts","26","0","3"
"05-09 years","Butts","30","0","0"
"10-17 years","Butts","120","0","4"
"18-29 years","Butts","434","0","7"
"30-39 years","Butts","403","0","8"
"40-49 years","Butts","370","4","16"
"50-59 years","Butts","395","8","25"
"60-69 years","Butts","282","17","37"
"70-79 years","Butts","193","24","29"
"80 & Older years","Butts","115","30","9"
"<1 years","Butts","7","0","1"
"Unknown years","Butts","3","0","0"
"01-04 years","Calhoun","7","0","0"
"05-09 years","Calhoun","1","0","0"
"10-17 years","Calhoun","37","0","0"
"18-29 years","Calhoun","69","0","6"
"30-39 years","Calhoun","62","2","6"
"40-49 years","Calhoun","77","2","9"
"50-59 years","Calhoun","80","2","18"
"60-69 years","Calhoun","71","2","19"
"70-79 years","Calhoun","25","6","9"
"80 & Older years","Calhoun","15","2","8"
"<1 years","Calhoun","3","0","0"
"Unknown years","Calhoun","1","0","0"
"01-04 years","Camden","46","0","0"
"05-09 years","Camden","45","0","1"
"10-17 years","Camden","231","0","1"
"18-29 years","Camden","811","0","6"
"30-39 years","Camden","534","1","18"
"40-49 years","Camden","448","2","12"
"50-59 years","Camden","493","2","22"
"60-69 years","Camden","373","7","31"
"70-79 years","Camden","213","5","26"
"80 & Older years","Camden","93","15","23"
"<1 years","Camden","8","0","2"
"01-04 years","Candler","9","0","0"
"05-09 years","Candler","15","0","0"
"10-17 years","Candler","56","0","0"
"18-29 years","Candler","136","0","0"
"30-39 years","Candler","104","0","3"
"40-49 years","Candler","127","3","2"
"50-59 years","Candler","131","6","13"
"60-69 years","Candler","105","9","15"
"70-79 years","Candler","74","14","19"
"80 & Older years","Candler","27","6","11"
"<1 years","Candler","5","0","0"
"01-04 years","Carroll","93","0","1"
"05-09 years","Carroll","140","0","2"
"10-17 years","Carroll","629","0","6"
"18-29 years","Carroll","1780","0","14"
"30-39 years","Carroll","1129","4","19"
"40-49 years","Carroll","1104","4","31"
"50-59 years","Carroll","1103","13","59"
"60-69 years","Carroll","775","25","73"
"70-79 years","Carroll","460","35","68"
"80 & Older years","Carroll","271","51","44"
"<1 years","Carroll","28","0","1"
"Unknown years","Carroll","6","0","0"
"01-04 years","Catoosa","92","0","0"
"05-09 years","Catoosa","159","0","1"
"10-17 years","Catoosa","506","0","2"
"18-29 years","Catoosa","1066","0","8"
"30-39 years","Catoosa","808","1","12"
"40-49 years","Catoosa","948","2","17"
"50-59 years","Catoosa","873","6","39"
"60-69 years","Catoosa","634","7","64"
"70-79 years","Catoosa","376","19","62"
"80 & Older years","Catoosa","256","31","51"
"<1 years","Catoosa","38","0","1"
"Unknown years","Catoosa","123","0","7"
"01-04 years","Charlton","13","0","0"
"05-09 years","Charlton","30","0","0"
"10-17 years","Charlton","66","0","0"
"18-29 years","Charlton","299","1","1"
"30-39 years","Charlton","256","0","4"
"40-49 years","Charlton","201","2","8"
"50-59 years","Charlton","152","2","5"
"60-69 years","Charlton","150","8","20"
"70-79 years","Charlton","60","6","15"
"80 & Older years","Charlton","32","9","15"
"<1 years","Charlton","2","0","0"
"01-04 years","Chatham","421","0","3"
"05-09 years","Chatham","507","1","1"
"10-17 years","Chatham","1397","0","14"
"18-29 years","Chatham","5204","3","64"
"30-39 years","Chatham","3547","5","114"
"40-49 years","Chatham","2911","13","167"
"50-59 years","Chatham","2602","41","251"
"60-69 years","Chatham","2091","86","375"
"70-79 years","Chatham","1107","122","362"
"80 & Older years","Chatham","708","163","309"
"<1 years","Chatham","114","0","5"
"Unknown years","Chatham","7","0","0"
"01-04 years","Chattahoochee","9","0","0"
"05-09 years","Chattahoochee","10","0","0"
"10-17 years","Chattahoochee","132","0","2"
"18-29 years","Chattahoochee","3165","7","6"
"30-39 years","Chattahoochee","297","2","4"
"40-49 years","Chattahoochee","55","0","0"
"50-59 years","Chattahoochee","30","0","8"
"60-69 years","Chattahoochee","18","0","4"
"70-79 years","Chattahoochee","11","1","4"
"80 & Older years","Chattahoochee","9","3","5"
"<1 years","Chattahoochee","8","0","0"
"Unknown years","Chattahoochee","1","0","0"
"01-04 years","Chattooga","16","0","0"
"05-09 years","Chattooga","33","0","0"
"10-17 years","Chattooga","192","0","1"
"18-29 years","Chattooga","393","0","7"
"30-39 years","Chattooga","310","0","8"
"40-49 years","Chattooga","356","2","14"
"50-59 years","Chattooga","343","5","26"
"60-69 years","Chattooga","290","15","43"
"70-79 years","Chattooga","175","19","49"
"80 & Older years","Chattooga","118","26","35"
"<1 years","Chattooga","10","0","1"
"Unknown years","Chattooga","24","0","1"
"01-04 years","Cherokee","254","0","8"
"05-09 years","Cherokee","585","0","9"
"10-17 years","Cherokee","2360","0","17"
"18-29 years","Cherokee","4485","2","79"
"30-39 years","Cherokee","3295","3","111"
"40-49 years","Cherokee","3724","5","138"
"50-59 years","Cherokee","3622","23","223"
"60-69 years","Cherokee","2211","49","272"
"70-79 years","Cherokee","1385","86","276"
"80 & Older years","Cherokee","821","149","238"
"<1 years","Cherokee","51","0","1"
"Unknown years","Cherokee","5","0","0"
"01-04 years","Clarke","174","0","1"
"05-09 years","Clarke","223","0","2"
"10-17 years","Clarke","637","0","5"
"18-29 years","Clarke","6128","1","41"
"30-39 years","Clarke","1656","2","35"
"40-49 years","Clarke","1324","3","54"
"50-59 years","Clarke","1203","12","76"
"60-69 years","Clarke","800","21","100"
"70-79 years","Clarke","468","51","115"
"80 & Older years","Clarke","244","52","74"
"<1 years","Clarke","47","0","2"
"Unknown years","Clarke","17","0","0"
"01-04 years","Clay","3","0","0"
"05-09 years","Clay","2","0","0"
"10-17 years","Clay","18","0","0"
"18-29 years","Clay","27","0","0"
"30-39 years","Clay","32","0","1"
"40-49 years","Clay","29","0","1"
"50-59 years","Clay","17","0","1"
"60-69 years","Clay","24","1","2"
"70-79 years","Clay","19","0","0"
"80 & Older years","Clay","14","2","5"
"Unknown years","Clay","1","0","0"
"01-04 years","Clayton","464","0","9"
"05-09 years","Clayton","673","1","8"
"10-17 years","Clayton","1734","1","37"
"18-29 years","Clayton","5183","6","118"
"30-39 years","Clayton","4537","12","172"
"40-49 years","Clayton","4082","28","209"
"50-59 years","Clayton","3839","61","297"
"60-69 years","Clayton","2396","134","278"
"70-79 years","Clayton","1004","127","185"
"80 & Older years","Clayton","485","119","122"
"<1 years","Clayton","99","0","5"
"Unknown years","Clayton","24","0","2"
"01-04 years","Clinch","14","0","0"
"05-09 years","Clinch","22","0","0"
"10-17 years","Clinch","80","0","0"
"18-29 years","Clinch","129","0","2"
"30-39 years","Clinch","109","1","4"
"40-49 years","Clinch","104","0","3"
"50-59 years","Clinch","102","2","16"
"60-69 years","Clinch","106","7","17"
"70-79 years","Clinch","52","9","19"
"80 & Older years","Clinch","19","6","7"
"<1 years","Clinch","4","0","0"
"01-04 years","Cobb","801","1","20"
"05-09 years","Cobb","1439","0","12"
"10-17 years","Cobb","4644","0","47"
"18-29 years","Cobb","15372","5","250"
"30-39 years","Cobb","10490","20","288"
"40-49 years","Cobb","9911","35","455"
"50-59 years","Cobb","8836","73","607"
"60-69 years","Cobb","5430","149","592"
"70-79 years","Cobb","2955","298","574"
"80 & Older years","Cobb","1813","422","541"
"<1 years","Cobb","205","0","14"
"Unknown years","Cobb","59","0","2"
"01-04 years","Coffee","77","0","2"
"05-09 years","Coffee","100","0","4"
"10-17 years","Coffee","286","0","4"
"18-29 years","Coffee","821","0","21"
"30-39 years","Coffee","624","4","45"
"40-49 years","Coffee","692","5","87"
"50-59 years","Coffee","676","14","143"
"60-69 years","Coffee","529","36","138"
"70-79 years","Coffee","283","42","124"
"80 & Older years","Coffee","155","41","87"
"<1 years","Coffee","14","0","1"
"01-04 years","Colquitt","56","0","0"
"05-09 years","Colquitt","115","0","2"
"10-17 years","Colquitt","384","0","7"
"18-29 years","Colquitt","760","0","23"
"30-39 years","Colquitt","535","1","20"
"40-49 years","Colquitt","568","7","38"
"50-59 years","Colquitt","496","16","42"
"60-69 years","Colquitt","360","16","48"
"70-79 years","Colquitt","220","17","50"
"80 & Older years","Colquitt","141","27","32"
"<1 years","Colquitt","17","0","0"
"01-04 years","Columbia","145","0","2"
"05-09 years","Columbia","305","0","0"
"10-17 years","Columbia","1128","0","1"
"18-29 years","Columbia","2284","1","22"
"30-39 years","Columbia","2042","2","27"
"40-49 years","Columbia","1826","8","48"
"50-59 years","Columbia","1574","19","77"
"60-69 years","Columbia","1004","27","99"
"70-79 years","Columbia","535","44","111"
"80 & Older years","Columbia","314","65","100"
"<1 years","Columbia","36","0","1"
"Unknown years","Columbia","9","0","0"
"01-04 years","Cook","14","0","1"
"05-09 years","Cook","25","0","0"
"10-17 years","Cook","94","0","2"
"18-29 years","Cook","233","0","6"
"30-39 years","Cook","175","0","4"
"40-49 years","Cook","178","0","14"
"50-59 years","Cook","165","3","17"
"60-69 years","Cook","129","8","19"
"70-79 years","Cook","102","12","29"
"80 & Older years","Cook","54","17","15"
"<1 years","Cook","6","0","0"
"Unknown years","Cook","1","0","0"
"01-04 years","Coweta","113","0","0"
"05-09 years","Coweta","204","0","1"
"10-17 years","Coweta","663","0","7"
"18-29 years","Coweta","1651","1","20"
"30-39 years","Coweta","1290","4","34"
"40-49 years","Coweta","1380","9","53"
"50-59 years","Coweta","1609","26","76"
"60-69 years","Coweta","987","39","73"
"70-79 years","Coweta","608","62","84"
"80 & Older years","Coweta","334","73","49"
"<1 years","Coweta","27","0","1"
"Unknown years","Coweta","5","0","0"
"01-04 years","Crawford","2","0","0"
"05-09 years","Crawford","2","0","0"
"10-17 years","Crawford","28","0","2"
"18-29 years","Crawford","78","0","2"
"30-39 years","Crawford","73","0","6"
"40-49 years","Crawford","58","1","4"
"50-59 years","Crawford","115","3","16"
"60-69 years","Crawford","99","7","17"
"70-79 years","Crawford","43","6","15"
"80 & Older years","Crawford","24","2","10"
"01-04 years","Crisp","22","0","0"
"05-09 years","Crisp","30","0","0"
"10-17 years","Crisp","112","0","2"
"18-29 years","Crisp","238","0","10"
"30-39 years","Crisp","232","1","15"
"40-49 years","Crisp","217","3","22"
"50-59 years","Crisp","211","5","27"
"60-69 years","Crisp","204","18","40"
"70-79 years","Crisp","105","13","34"
"80 & Older years","Crisp","72","18","18"
"<1 years","Crisp","10","0","0"
"Unknown years","Crisp","7","0","0"
"01-04 years","Dade","17","0","0"
"05-09 years","Dade","38","0","0"
"10-17 years","Dade","103","0","0"
"18-29 years","Dade","233","0","1"
"30-39 years","Dade","161","0","2"
"40-49 years","Dade","194","0","7"
"50-59 years","Dade","178","2","11"
"60-69 years","Dade","132","1","9"
"70-79 years","Dade","95","7","20"
"80 & Older years","Dade","52","3","10"
"<1 years","Dade","6","0","0"
"Unknown years","Dade","34","0","2"
"01-04 years","Dawson","28","0","0"
"05-09 years","Dawson","49","0","0"
"10-17 years","Dawson","206","0","4"
"18-29 years","Dawson","546","0","15"
"30-39 years","Dawson","416","0","15"
"40-49 years","Dawson","387","0","23"
"50-59 years","Dawson","438","4","38"
"60-69 years","Dawson","355","6","73"
"70-79 years","Dawson","216","21","52"
"80 & Older years","Dawson","89","17","29"
"<1 years","Dawson","7","0","1"
"Unknown years","Dawson","27","0","1"
"01-04 years","DeKalb","907","0","24"
"05-09 years","DeKalb","1318","0","19"
"10-17 years","DeKalb","3597","0","62"
"18-29 years","DeKalb","13714","11","393"
"30-39 years","DeKalb","11729","19","555"
"40-49 years","DeKalb","9283","41","620"
"50-59 years","DeKalb","8429","116","873"
"60-69 years","DeKalb","5372","186","974"
"70-79 years","DeKalb","2664","259","749"
"80 & Older years","DeKalb","1639","347","541"
"<1 years","DeKalb","196","0","10"
"Unknown years","DeKalb","161","0","8"
"01-04 years","Decatur","57","0","1"
"05-09 years","Decatur","65","0","0"
"10-17 years","Decatur","209","0","0"
"18-29 years","Decatur","425","1","8"
"30-39 years","Decatur","332","1","8"
"40-49 years","Decatur","321","1","19"
"50-59 years","Decatur","278","5","29"
"60-69 years","Decatur","225","10","34"
"70-79 years","Decatur","142","20","28"
"80 & Older years","Decatur","99","17","23"
"<1 years","Decatur","9","0","0"
"Unknown years","Decatur","2","0","0"
"01-04 years","Dodge","7","0","0"
"05-09 years","Dodge","17","0","0"
"10-17 years","Dodge","88","1","1"
"18-29 years","Dodge","202","0","4"
"30-39 years","Dodge","150","0","5"
"40-49 years","Dodge","156","2","12"
"50-59 years","Dodge","183","5","20"
"60-69 years","Dodge","146","17","29"
"70-79 years","Dodge","84","17","22"
"80 & Older years","Dodge","55","16","16"
"<1 years","Dodge","4","0","0"
"01-04 years","Dooly","12","0","0"
"05-09 years","Dooly","17","0","0"
"10-17 years","Dooly","57","0","1"
"18-29 years","Dooly","113","0","5"
"30-39 years","Dooly","104","0","11"
"40-49 years","Dooly","135","1","10"
"50-59 years","Dooly","145","5","19"
"60-69 years","Dooly","127","10","24"
"70-79 years","Dooly","65","9","17"
"80 & Older years","Dooly","21","5","5"
"<1 years","Dooly","3","0","0"
"Unknown years","Dooly","2","0","0"
"01-04 years","Dougherty","70","0","3"
"05-09 years","Dougherty","122","0","0"
"10-17 years","Dougherty","271","0","7"
"18-29 years","Dougherty","1027","3","93"
"30-39 years","Dougherty","860","5","90"
"40-49 years","Dougherty","852","17","122"
"50-59 years","Dougherty","927","27","175"
"60-69 years","Dougherty","780","76","258"
"70-79 years","Dougherty","454","65","180"
"80 & Older years","Dougherty","271","94","128"
"<1 years","Dougherty","31","0","3"
"Unknown years","Dougherty","1","0","0"
"01-04 years","Douglas","193","0","5"
"05-09 years","Douglas","308","0","5"
"10-17 years","Douglas","968","0","9"
"18-29 years","Douglas","2422","1","54"
"30-39 years","Douglas","1994","3","79"
"40-49 years","Douglas","2265","8","128"
"50-59 years","Douglas","2017","23","182"
"60-69 years","Douglas","1165","39","187"
"70-79 years","Douglas","609","61","153"
"80 & Older years","Douglas","300","50","95"
"<1 years","Douglas","32","0","5"
"Unknown years","Douglas","9","0","1"
"01-04 years","Early","20","0","0"
"05-09 years","Early","19","0","0"
"10-17 years","Early","108","0","0"
"18-29 years","Early","157","1","5"
"30-39 years","Early","153","0","4"
"40-49 years","Early","175","1","10"
"50-59 years","Early","162","3","12"
"60-69 years","Early","123","11","14"
"70-79 years","Early","79","14","17"
"80 & Older years","Early","42","12","15"
"<1 years","Early","2","0","0"
"Unknown years","Early","1","0","0"
"01-04 years","Echols","8","0","0"
"05-09 years","Echols","5","0","0"
"10-17 years","Echols","26","0","1"
"18-29 years","Echols","133","0","1"
"30-39 years","Echols","61","1","3"
"40-49 years","Echols","43","0","1"
"50-59 years","Echols","44","0","2"
"60-69 years","Echols","22","0","0"
"70-79 years","Echols","17","2","3"
"80 & Older years","Echols","3","1","2"
"<1 years","Echols","1","0","0"
"01-04 years","Effingham","55","0","2"
"05-09 years","Effingham","124","0","1"
"10-17 years","Effingham","417","0","1"
"18-29 years","Effingham","702","0","7"
"30-39 years","Effingham","659","1","14"
"40-49 years","Effingham","608","1","32"
"50-59 years","Effingham","606","13","45"
"60-69 years","Effingham","392","9","60"
"70-79 years","Effingham","225","22","64"
"80 & Older years","Effingham","97","23","34"
"<1 years","Effingham","12","0","0"
"Unknown years","Effingham","1","0","0"
"01-04 years","Elbert","20","0","0"
"05-09 years","Elbert","30","0","0"
"10-17 years","Elbert","87","0","1"
"18-29 years","Elbert","268","1","2"
"30-39 years","Elbert","190","0","8"
"40-49 years","Elbert","221","1","9"
"50-59 years","Elbert","233","1","14"
"60-69 years","Elbert","190","6","23"
"70-79 years","Elbert","160","19","34"
"80 & Older years","Elbert","128","31","37"
"<1 years","Elbert","8","0","2"
"Unknown years","Elbert","2","0","0"
"01-04 years","Emanuel","25","0","1"
"05-09 years","Emanuel","25","0","0"
"10-17 years","Emanuel","169","0","2"
"18-29 years","Emanuel","324","1","0"
"30-39 years","Emanuel","238","0","8"
"40-49 years","Emanuel","293","2","8"
"50-59 years","Emanuel","263","6","29"
"60-69 years","Emanuel","230","10","31"
"70-79 years","Emanuel","135","16","27"
"80 & Older years","Emanuel","65","19","23"
"<1 years","Emanuel","6","0","1"
"Unknown years","Emanuel","5","0","1"
"01-04 years","Evans","14","0","0"
"05-09 years","Evans","20","0","0"
"10-17 years","Evans","88","0","0"
"18-29 years","Evans","152","1","3"
"30-39 years","Evans","127","0","3"
"40-49 years","Evans","118","1","10"
"50-59 years","Evans","114","3","16"
"60-69 years","Evans","69","4","16"
"70-79 years","Evans","50","6","16"
"80 & Older years","Evans","19","3","11"
"<1 years","Evans","2","0","0"
"01-04 years","Fannin","17","0","1"
"05-09 years","Fannin","34","0","0"
"10-17 years","Fannin","131","0","0"
"18-29 years","Fannin","306","0","6"
"30-39 years","Fannin","243","0","7"
"40-49 years","Fannin","277","1","11"
"50-59 years","Fannin","380","5","25"
"60-69 years","Fannin","369","7","39"
"70-79 years","Fannin","264","15","48"
"80 & Older years","Fannin","148","33","47"
"<1 years","Fannin","5","0","0"
"Unknown years","Fannin","1","0","0"
"01-04 years","Fayette","70","0","1"
"05-09 years","Fayette","142","0","2"
"10-17 years","Fayette","557","0","3"
"18-29 years","Fayette","1279","2","9"
"30-39 years","Fayette","838","3","10"
"40-49 years","Fayette","1122","5","31"
"50-59 years","Fayette","1171","9","48"
"60-69 years","Fayette","874","25","57"
"70-79 years","Fayette","445","55","75"
"80 & Older years","Fayette","286","61","39"
"<1 years","Fayette","14","0","0"
"Unknown years","Fayette","11","0","0"
"01-04 years","Floyd","132","0","4"
"05-09 years","Floyd","223","0","1"
"10-17 years","Floyd","951","0","11"
"18-29 years","Floyd","2040","0","30"
"30-39 years","Floyd","1511","3","53"
"40-49 years","Floyd","1476","6","89"
"50-59 years","Floyd","1430","25","153"
"60-69 years","Floyd","1060","39","200"
"70-79 years","Floyd","697","52","194"
"80 & Older years","Floyd","400","70","153"
"<1 years","Floyd","46","0","2"
"Unknown years","Floyd","111","0","2"
"01-04 years","Forsyth","255","0","3"
"05-09 years","Forsyth","636","0","2"
"10-17 years","Forsyth","2269","0","7"
"18-29 years","Forsyth","3252","0","47"
"30-39 years","Forsyth","2459","1","62"
"40-49 years","Forsyth","3197","5","133"
"50-59 years","Forsyth","2942","10","177"
"60-69 years","Forsyth","1511","21","167"
"70-79 years","Forsyth","888","64","221"
"80 & Older years","Forsyth","523","93","168"
"<1 years","Forsyth","52","0","3"
"Unknown years","Forsyth","277","0","4"
"01-04 years","Franklin","20","0","2"
"05-09 years","Franklin","58","0","0"
"10-17 years","Franklin","193","0","6"
"18-29 years","Franklin","455","0","10"
"30-39 years","Franklin","307","0","6"
"40-49 years","Franklin","356","0","13"
"50-59 years","Franklin","359","2","24"
"60-69 years","Franklin","316","3","33"
"70-79 years","Franklin","188","18","34"
"80 & Older years","Franklin","88","20","26"
"<1 years","Franklin","7","0","1"
"Unknown years","Franklin","35","0","0"
"01-04 years","Fulton","1105","0","33"
"05-09 years","Fulton","1780","0","18"
"10-17 years","Fulton","5703","1","55"
"18-29 years","Fulton","21859","5","393"
"30-39 years","Fulton","16115","27","571"
"40-49 years","Fulton","12786","40","663"
"50-59 years","Fulton","11415","122","986"
"60-69 years","Fulton","6679","248","936"
"70-79 years","Fulton","3549","356","854"
"80 & Older years","Fulton","2546","545","802"
"<1 years","Fulton","235","0","12"
"Unknown years","Fulton","59","0","3"
"01-04 years","Gilmer","32","0","2"
"05-09 years","Gilmer","43","0","0"
"10-17 years","Gilmer","196","0","2"
"18-29 years","Gilmer","377","0","11"
"30-39 years","Gilmer","334","0","17"
"40-49 years","Gilmer","365","0","18"
"50-59 years","Gilmer","410","11","30"
"60-69 years","Gilmer","386","9","48"
"70-79 years","Gilmer","267","23","58"
"80 & Older years","Gilmer","139","34","42"
"<1 years","Gilmer","10","0","0"
"01-04 years","Glascock","1","0","0"
"05-09 years","Glascock","3","0","0"
"10-17 years","Glascock","1","0","0"
"18-29 years","Glascock","22","0","1"
"30-39 years","Glascock","17","0","0"
"40-49 years","Glascock","21","0","1"
"50-59 years","Glascock","28","2","3"
"60-69 years","Glascock","17","0","4"
"70-79 years","Glascock","25","3","6"
"80 & Older years","Glascock","9","2","5"
"<1 years","Glascock","1","0","0"
"Unknown years","Glascock","1","0","0"
"01-04 years","Glynn","108","0","1"
"05-09 years","Glynn","189","0","1"
"10-17 years","Glynn","615","0","3"
"18-29 years","Glynn","1423","0","25"
"30-39 years","Glynn","1131","5","32"
"40-49 years","Glynn","962","4","39"
"50-59 years","Glynn","902","10","72"
"60-69 years","Glynn","735","32","123"
"70-79 years","Glynn","458","44","82"
"80 & Older years","Glynn","258","64","92"
"<1 years","Glynn","18","0","0"
"Unknown years","Glynn","10","0","0"
"01-04 years","Gordon","89","0","1"
"05-09 years","Gordon","132","0","0"
"10-17 years","Gordon","580","0","5"
"18-29 years","Gordon","1289","0","16"
"30-39 years","Gordon","1001","2","19"
"40-49 years","Gordon","1063","5","36"
"50-59 years","Gordon","1044","15","59"
"60-69 years","Gordon","650","23","57"
"70-79 years","Gordon","372","27","81"
"80 & Older years","Gordon","195","32","55"
"<1 years","Gordon","27","0","3"
"Unknown years","Gordon","108","0","1"
"01-04 years","Grady","35","0","1"
"05-09 years","Grady","51","0","0"
"10-17 years","Grady","147","0","5"
"18-29 years","Grady","274","0","10"
"30-39 years","Grady","239","0","12"
"40-49 years","Grady","250","1","26"
"50-59 years","Grady","237","7","32"
"60-69 years","Grady","167","5","28"
"70-79 years","Grady","156","19","50"
"80 & Older years","Grady","56","17","22"
"<1 years","Grady","3","0","1"
"Unknown years","Grady","2","0","0"
"01-04 years","Greene","16","0","0"
"05-09 years","Greene","32","0","0"
"10-17 years","Greene","87","0","0"
"18-29 years","Greene","264","0","7"
"30-39 years","Greene","187","0","7"
"40-49 years","Greene","184","3","14"
"50-59 years","Greene","224","6","20"
"60-69 years","Greene","235","8","22"
"70-79 years","Greene","176","10","28"
"80 & Older years","Greene","106","27","42"
"<1 years","Greene","3","0","1"
"Unknown years","Greene","2","0","0"
"01-04 years","Gwinnett","1378","0","18"
"05-09 years","Gwinnett","2228","0","29"
"10-17 years","Gwinnett","7336","2","84"
"18-29 years","Gwinnett","19630","10","577"
"30-39 years","Gwinnett","14907","23","597"
"40-49 years","Gwinnett","15760","66","833"
"50-59 years","Gwinnett","13469","110","943"
"60-69 years","Gwinnett","7381","220","965"
"70-79 years","Gwinnett","3338","286","784"
"80 & Older years","Gwinnett","1863","409","678"
"<1 years","Gwinnett","407","0","21"
"Unknown years","Gwinnett","92","0","0"
"01-04 years","Habersham","33","0","4"
"05-09 years","Habersham","58","0","3"
"10-17 years","Habersham","316","1","8"
"18-29 years","Habersham","884","1","14"
"30-39 years","Habersham","665","2","31"
"40-49 years","Habersham","694","3","42"
"50-59 years","Habersham","716","6","58"
"60-69 years","Habersham","581","21","117"
"70-79 years","Habersham","389","50","110"
"80 & Older years","Habersham","281","71","90"
"<1 years","Habersham","10","0","3"
"Unknown years","Habersham","65","0","4"
"01-04 years","Hall","198","0","9"
"05-09 years","Hall","423","0","5"
"10-17 years","Hall","1878","0","33"
"18-29 years","Hall","5524","3","166"
"30-39 years","Hall","3756","3","206"
"40-49 years","Hall","3920","12","285"
"50-59 years","Hall","4067","37","409"
"60-69 years","Hall","2708","88","437"
"70-79 years","Hall","1735","131","492"
"80 & Older years","Hall","962","191","395"
"<1 years","Hall","36","0","7"
"Unknown years","Hall","281","0","8"
"01-04 years","Hancock","7","0","0"
"05-09 years","Hancock","8","0","0"
"10-17 years","Hancock","37","0","1"
"18-29 years","Hancock","135","0","3"
"30-39 years","Hancock","111","0","2"
"40-49 years","Hancock","111","1","7"
"50-59 years","Hancock","146","4","16"
"60-69 years","Hancock","144","18","32"
"70-79 years","Hancock","76","20","23"
"80 & Older years","Hancock","63","23","24"
"<1 years","Hancock","4","0","0"
"01-04 years","Haralson","24","0","0"
"05-09 years","Haralson","39","0","0"
"10-17 years","Haralson","156","0","2"
"18-29 years","Haralson","355","0","3"
"30-39 years","Haralson","228","0","5"
"40-49 years","Haralson","249","2","8"
"50-59 years","Haralson","277","1","7"
"60-69 years","Haralson","200","13","25"
"70-79 years","Haralson","130","12","18"
"80 & Older years","Haralson","55","7","10"
"<1 years","Haralson","7","0","1"
"Unknown years","Haralson","4","0","0"
"01-04 years","Harris","32","0","0"
"05-09 years","Harris","34","0","0"
"10-17 years","Harris","194","0","2"
"18-29 years","Harris","357","0","6"
"30-39 years","Harris","262","0","7"
"40-49 years","Harris","379","3","11"
"50-59 years","Harris","401","7","25"
"60-69 years","Harris","327","13","53"
"70-79 years","Harris","193","24","46"
"80 & Older years","Harris","62","13","14"
"<1 years","Harris","5","0","0"
"Unknown years","Harris","4","0","0"
"01-04 years","Hart","17","0","0"
"05-09 years","Hart","24","0","1"
"10-17 years","Hart","98","0","0"
"18-29 years","Hart","308","0","2"
"30-39 years","Hart","265","0","7"
"40-49 years","Hart","240","0","10"
"50-59 years","Hart","292","3","22"
"60-69 years","Hart","233","14","33"
"70-79 years","Hart","158","8","26"
"80 & Older years","Hart","87","14","28"
"<1 years","Hart","6","0","1"
"Unknown years","Hart","18","0","0"
"01-04 years","Heard","8","0","0"
"05-09 years","Heard","16","0","0"
"10-17 years","Heard","62","0","1"
"18-29 years","Heard","108","0","1"
"30-39 years","Heard","71","0","1"
"40-49 years","Heard","117","0","10"
"50-59 years","Heard","113","1","6"
"60-69 years","Heard","78","4","9"
"70-79 years","Heard","54","7","17"
"80 & Older years","Heard","23","5","4"
"<1 years","Heard","4","0","0"
"01-04 years","Henry","256","0","7"
"05-09 years","Henry","401","0","2"
"10-17 years","Henry","1473","0","16"
"18-29 years","Henry","3941","1","39"
"30-39 years","Henry","3256","7","57"
"40-49 years","Henry","3534","16","105"
"50-59 years","Henry","3441","23","137"
"60-69 years","Henry","1901","73","110"
"70-79 years","Henry","934","90","96"
"80 & Older years","Henry","490","98","64"
"<1 years","Henry","51","0","2"
"Unknown years","Henry","26","0","2"
"01-04 years","Houston","119","0","3"
"05-09 years","Houston","181","0","1"
"10-17 years","Houston","756","0","4"
"18-29 years","Houston","2159","4","46"
"30-39 years","Houston","1883","3","73"
"40-49 years","Houston","1752","10","108"
"50-59 years","Houston","1507","16","128"
"60-69 years","Houston","975","48","174"
"70-79 years","Houston","555","64","167"
"80 & Older years","Houston","301","59","108"
"<1 years","Houston","26","0","2"
"Unknown years","Houston","1","0","0"
"01-04 years","Irwin","6","0","0"
"05-09 years","Irwin","11","0","0"
"10-17 years","Irwin","51","0","0"
"18-29 years","Irwin","142","0","4"
"30-39 years","Irwin","121","0","5"
"40-49 years","Irwin","135","1","10"
"50-59 years","Irwin","111","3","12"
"60-69 years","Irwin","89","1","22"
"70-79 years","Irwin","51","6","8"
"80 & Older years","Irwin","36","8","21"
"Unknown years","Irwin","2","0","0"
"01-04 years","Jackson","66","0","0"
"05-09 years","Jackson","159","0","3"
"10-17 years","Jackson","798","0","6"
"18-29 years","Jackson","1508","2","20"
"30-39 years","Jackson","1355","2","28"
"40-49 years","Jackson","1467","6","64"
"50-59 years","Jackson","1369","7","81"
"60-69 years","Jackson","927","28","90"
"70-79 years","Jackson","627","37","115"
"80 & Older years","Jackson","312","57","108"
"<1 years","Jackson","23","0","2"
"Unknown years","Jackson","11","0","1"
"01-04 years","Jasper","7","0","1"
"05-09 years","Jasper","8","0","0"
"10-17 years","Jasper","37","0","1"
"18-29 years","Jasper","128","0","4"
"30-39 years","Jasper","97","0","2"
"40-49 years","Jasper","100","1","3"
"50-59 years","Jasper","132","1","13"
"60-69 years","Jasper","100","8","19"
"70-79 years","Jasper","56","6","11"
"80 & Older years","Jasper","19","2","6"
"<1 years","Jasper","4","0","1"
"01-04 years","Jeff Davis","30","0","0"
"05-09 years","Jeff Davis","35","0","0"
"10-17 years","Jeff Davis","121","0","2"
"18-29 years","Jeff Davis","258","0","4"
"30-39 years","Jeff Davis","215","0","8"
"40-49 years","Jeff Davis","213","0","12"
"50-59 years","Jeff Davis","203","7","20"
"60-69 years","Jeff Davis","129","7","21"
"70-79 years","Jeff Davis","86","13","19"
"80 & Older years","Jeff Davis","18","8","7"
"<1 years","Jeff Davis","3","0","1"
"01-04 years","Jefferson","18","0","0"
"05-09 years","Jefferson","32","0","0"
"10-17 years","Jefferson","112","0","1"
"18-29 years","Jefferson","245","0","3"
"30-39 years","Jefferson","203","0","8"
"40-49 years","Jefferson","219","3","16"
"50-59 years","Jefferson","272","5","23"
"60-69 years","Jefferson","257","12","37"
"70-79 years","Jefferson","155","19","41"
"80 & Older years","Jefferson","69","22","29"
"<1 years","Jefferson","4","0","0"
"Unknown years","Jefferson","8","0","0"
"01-04 years","Jenkins","17","0","0"
"05-09 years","Jenkins","20","0","0"
"10-17 years","Jenkins","61","0","0"
"18-29 years","Jenkins","112","0","2"
"30-39 years","Jenkins","88","2","6"
"40-49 years","Jenkins","111","2","9"
"50-59 years","Jenkins","124","6","23"
"60-69 years","Jenkins","88","6","13"
"70-79 years","Jenkins","57","13","21"
"80 & Older years","Jenkins","50","10","11"
"<1 years","Jenkins","2","0","0"
"Unknown years","Jenkins","1","0","0"
"01-04 years","Johnson","6","0","0"
"05-09 years","Johnson","8","0","0"
"10-17 years","Johnson","30","0","0"
"18-29 years","Johnson","124","0","3"
"30-39 years","Johnson","108","0","3"
"40-49 years","Johnson","97","2","6"
"50-59 years","Johnson","134","5","18"
"60-69 years","Johnson","129","8","22"
"70-79 years","Johnson","90","9","24"
"80 & Older years","Johnson","67","19","19"
"<1 years","Johnson","2","0","2"
"01-04 years","Jones","6","0","0"
"05-09 years","Jones","24","0","0"
"10-17 years","Jones","91","0","0"
"18-29 years","Jones","339","0","7"
"30-39 years","Jones","254","1","9"
"40-49 years","Jones","240","2","17"
"50-59 years","Jones","271","3","30"
"60-69 years","Jones","185","5","35"
"70-79 years","Jones","129","21","48"
"80 & Older years","Jones","77","21","25"
"<1 years","Jones","3","0","0"
"Unknown years","Jones","1","0","0"
"01-04 years","Lamar","30","0","0"
"05-09 years","Lamar","48","0","0"
"10-17 years","Lamar","113","0","4"
"18-29 years","Lamar","222","0","4"
"30-39 years","Lamar","190","0","12"
"40-49 years","Lamar","185","1","7"
"50-59 years","Lamar","195","4","31"
"60-69 years","Lamar","179","10","24"
"70-79 years","Lamar","128","12","23"
"80 & Older years","Lamar","63","20","19"
"<1 years","Lamar","14","0","1"
"01-04 years","Lanier","8","0","0"
"05-09 years","Lanier","12","0","1"
"10-17 years","Lanier","38","0","1"
"18-29 years","Lanier","109","1","1"
"30-39 years","Lanier","127","0","2"
"40-49 years","Lanier","76","1","2"
"50-59 years","Lanier","62","1","6"
"60-69 years","Lanier","40","2","3"
"70-79 years","Lanier","23","4","6"
"80 & Older years","Lanier","14","0","6"
"<1 years","Lanier","4","0","0"
"01-04 years","Laurens","31","0","0"
"05-09 years","Laurens","49","0","1"
"10-17 years","Laurens","245","0","4"
"18-29 years","Laurens","676","0","10"
"30-39 years","Laurens","562","1","19"
"40-49 years","Laurens","574","5","29"
"50-59 years","Laurens","590","11","65"
"60-69 years","Laurens","487","31","86"
"70-79 years","Laurens","319","48","84"
"80 & Older years","Laurens","216","51","61"
"<1 years","Laurens","5","0","1"
"Unknown years","Laurens","3","0","0"
"01-04 years","Lee","13","0","0"
"05-09 years","Lee","28","0","3"
"10-17 years","Lee","118","0","1"
"18-29 years","Lee","270","1","10"
"30-39 years","Lee","296","1","16"
"40-49 years","Lee","295","4","30"
"50-59 years","Lee","268","10","45"
"60-69 years","Lee","186","13","33"
"70-79 years","Lee","89","13","30"
"80 & Older years","Lee","51","9","21"
"<1 years","Lee","8","0","0"
"Unknown years","Lee","1","0","0"
"01-04 years","Liberty","68","0","1"
"05-09 years","Liberty","83","0","1"
"10-17 years","Liberty","265","0","2"
"18-29 years","Liberty","1130","1","13"
"30-39 years","Liberty","595","0","22"
"40-49 years","Liberty","472","1","18"
"50-59 years","Liberty","455","10","46"
"60-69 years","Liberty","307","17","50"
"70-79 years","Liberty","140","18","52"
"80 & Older years","Liberty","59","15","24"
"<1 years","Liberty","31","0","1"
"Unknown years","Liberty","7","0","0"
"01-04 years","Lincoln","9","0","0"
"05-09 years","Lincoln","13","0","0"
"10-17 years","Lincoln","31","0","0"
"18-29 years","Lincoln","95","0","3"
"30-39 years","Lincoln","76","0","1"
"40-49 years","Lincoln","83","1","7"
"50-59 years","Lincoln","70","3","5"
"60-69 years","Lincoln","78","5","16"
"70-79 years","Lincoln","52","9","13"
"80 & Older years","Lincoln","21","7","9"
"<1 years","Lincoln","2","0","0"
"Unknown years","Lincoln","4","0","0"
"01-04 years","Long","17","0","0"
"05-09 years","Long","17","0","0"
"10-17 years","Long","63","0","0"
"18-29 years","Long","132","0","0"
"30-39 years","Long","147","0","3"
"40-49 years","Long","108","0","6"
"50-59 years","Long","82","1","10"
"60-69 years","Long","65","2","10"
"70-79 years","Long","40","6","14"
"80 & Older years","Long","16","2","7"
"<1 years","Long","6","0","0"
"Unknown years","Long","1","0","0"
"01-04 years","Lowndes","151","0","0"
"05-09 years","Lowndes","193","0","0"
"10-17 years","Lowndes","640","0","8"
"18-29 years","Lowndes","2453","4","29"
"30-39 years","Lowndes","1307","1","24"
"40-49 years","Lowndes","1072","4","49"
"50-59 years","Lowndes","933","11","67"
"60-69 years","Lowndes","637","30","88"
"70-79 years","Lowndes","348","40","68"
"80 & Older years","Lowndes","210","55","64"
"<1 years","Lowndes","38","0","0"
"Unknown years","Lowndes","8","0","0"
"01-04 years","Lumpkin","17","0","1"
"05-09 years","Lumpkin","32","0","2"
"10-17 years","Lumpkin","140","0","2"
"18-29 years","Lumpkin","735","0","14"
"30-39 years","Lumpkin","343","0","10"
"40-49 years","Lumpkin","339","1","19"
"50-59 years","Lumpkin","416","5","48"
"60-69 years","Lumpkin","379","12","56"
"70-79 years","Lumpkin","277","16","71"
"80 & Older years","Lumpkin","138","33","70"
"<1 years","Lumpkin","7","0","1"
"Unknown years","Lumpkin","30","0","2"
"01-04 years","Macon","9","0","0"
"05-09 years","Macon","12","0","0"
"10-17 years","Macon","23","0","0"
"18-29 years","Macon","111","0","4"
"30-39 years","Macon","80","0","4"
"40-49 years","Macon","109","2","8"
"50-59 years","Macon","122","5","15"
"60-69 years","Macon","81","8","26"
"70-79 years","Macon","54","7","21"
"80 & Older years","Macon","21","9","8"
"<1 years","Macon","3","0","0"
"Unknown years","Macon","4","0","1"
"01-04 years","Madison","42","0","1"
"05-09 years","Madison","56","0","0"
"10-17 years","Madison","233","0","0"
"18-29 years","Madison","508","0","2"
"30-39 years","Madison","425","0","6"
"40-49 years","Madison","425","0","19"
"50-59 years","Madison","444","5","27"
"60-69 years","Madison","344","10","41"
"70-79 years","Madison","204","18","47"
"80 & Older years","Madison","80","14","15"
"<1 years","Madison","20","0","4"
"Unknown years","Madison","4","0","0"
"01-04 years","Marion","9","0","0"
"05-09 years","Marion","8","0","1"
"10-17 years","Marion","39","0","0"
"18-29 years","Marion","66","0","2"
"30-39 years","Marion","45","0","2"
"40-49 years","Marion","64","1","6"
"50-59 years","Marion","66","6","7"
"60-69 years","Marion","47","5","7"
"70-79 years","Marion","30","4","7"
"80 & Older years","Marion","29","5","9"
"<1 years","Marion","3","0","0"
"Unknown years","Marion","2","0","0"
"01-04 years","McDuffie","28","0","0"
"05-09 years","McDuffie","34","0","0"
"10-17 years","McDuffie","133","0","0"
"18-29 years","McDuffie","333","0","6"
"30-39 years","McDuffie","260","2","4"
"40-49 years","McDuffie","261","2","16"
"50-59 years","McDuffie","262","5","30"
"60-69 years","McDuffie","210","10","32"
"70-79 years","McDuffie","118","9","47"
"80 & Older years","McDuffie","57","15","29"
"<1 years","McDuffie","4","0","0"
"Unknown years","McDuffie","19","0","0"
"01-04 years","McIntosh","4","0","0"
"05-09 years","McIntosh","14","0","0"
"10-17 years","McIntosh","42","0","0"
"18-29 years","McIntosh","117","0","4"
"30-39 years","McIntosh","84","0","3"
"40-49 years","McIntosh","102","0","4"
"50-59 years","McIntosh","137","0","5"
"60-69 years","McIntosh","108","2","18"
"70-79 years","McIntosh","65","4","16"
"80 & Older years","McIntosh","28","8","9"
"<1 years","McIntosh","1","0","0"
"Unknown years","McIntosh","1","0","0"
"01-04 years","Meriwether","27","0","2"
"05-09 years","Meriwether","29","0","1"
"10-17 years","Meriwether","91","0","1"
"18-29 years","Meriwether","228","0","7"
"30-39 years","Meriwether","193","2","14"
"40-49 years","Meriwether","229","2","18"
"50-59 years","Meriwether","252","6","22"
"60-69 years","Meriwether","224","14","33"
"70-79 years","Meriwether","190","24","40"
"80 & Older years","Meriwether","102","28","24"
"<1 years","Meriwether","5","0","0"
"Unknown years","Meriwether","1","0","0"
"01-04 years","Miller","12","0","0"
"05-09 years","Miller","8","0","0"
"10-17 years","Miller","82","0","1"
"18-29 years","Miller","112","0","1"
"30-39 years","Miller","100","0","0"
"40-49 years","Miller","85","0","6"
"50-59 years","Miller","130","2","12"
"60-69 years","Miller","97","3","12"
"70-79 years","Miller","31","2","3"
"80 & Older years","Miller","25","2","6"
"<1 years","Miller","3","0","0"
"01-04 years","Mitchell","26","0","1"
"05-09 years","Mitchell","29","0","0"
"10-17 years","Mitchell","90","0","2"
"18-29 years","Mitchell","259","0","10"
"30-39 years","Mitchell","229","1","16"
"40-49 years","Mitchell","216","3","17"
"50-59 years","Mitchell","253","12","55"
"60-69 years","Mitchell","210","15","51"
"70-79 years","Mitchell","134","18","48"
"80 & Older years","Mitchell","97","27","33"
"<1 years","Mitchell","8","0","0"
"Unknown years","Mitchell","1","0","0"
"01-04 years","Monroe","15","0","2"
"05-09 years","Monroe","26","0","1"
"10-17 years","Monroe","98","0","0"
"18-29 years","Monroe","315","1","6"
"30-39 years","Monroe","259","0","9"
"40-49 years","Monroe","282","4","19"
"50-59 years","Monroe","323","3","27"
"60-69 years","Monroe","301","19","52"
"70-79 years","Monroe","171","22","46"
"80 & Older years","Monroe","123","39","37"
"<1 years","Monroe","4","0","1"
"01-04 years","Montgomery","9","0","0"
"05-09 years","Montgomery","7","0","0"
"10-17 years","Montgomery","55","0","1"
"18-29 years","Montgomery","157","0","1"
"30-39 years","Montgomery","101","2","4"
"40-49 years","Montgomery","127","0","2"
"50-59 years","Montgomery","103","3","7"
"60-69 years","Montgomery","100","4","12"
"70-79 years","Montgomery","53","6","10"
"80 & Older years","Montgomery","25","6","6"
"<1 years","Montgomery","1","0","0"
"Unknown years","Montgomery","1","0","0"
"01-04 years","Morgan","17","0","0"
"05-09 years","Morgan","26","0","1"
"10-17 years","Morgan","91","0","1"
"18-29 years","Morgan","218","0","5"
"30-39 years","Morgan","173","0","7"
"40-49 years","Morgan","174","1","7"
"50-59 years","Morgan","194","2","18"
"60-69 years","Morgan","142","6","14"
"70-79 years","Morgan","108","4","19"
"80 & Older years","Morgan","56","11","20"
"<1 years","Morgan","13","0","1"
"Unknown years","Morgan","1","0","0"
"01-04 years","Murray","71","0","2"
"05-09 years","Murray","101","0","2"
"10-17 years","Murray","416","0","2"
"18-29 years","Murray","843","0","11"
"30-39 years","Murray","595","1","8"
"40-49 years","Murray","735","0","25"
"50-59 years","Murray","639","9","49"
"60-69 years","Murray","429","16","71"
"70-79 years","Murray","270","37","68"
"80 & Older years","Murray","107","23","27"
"<1 years","Murray","25","0","2"
"Unknown years","Murray","2","0","0"
"01-04 years","Muscogee","241","0","8"
"05-09 years","Muscogee","378","0","0"
"10-17 years","Muscogee","1034","0","9"
"18-29 years","Muscogee","3464","5","77"
"30-39 years","Muscogee","2382","2","86"
"40-49 years","Muscogee","2051","8","114"
"50-59 years","Muscogee","2058","52","227"
"60-69 years","Muscogee","1624","91","288"
"70-79 years","Muscogee","900","110","227"
"80 & Older years","Muscogee","540","163","188"
"<1 years","Muscogee","78","0","4"
"Unknown years","Muscogee","52","0","1"
"01-04 years","Newton","87","0","2"
"05-09 years","Newton","146","0","1"
"10-17 years","Newton","474","0","11"
"18-29 years","Newton","1465","1","47"
"30-39 years","Newton","1221","1","66"
"40-49 years","Newton","1398","9","107"
"50-59 years","Newton","1319","27","138"
"60-69 years","Newton","732","42","112"
"70-79 years","Newton","511","64","111"
"80 & Older years","Newton","301","91","80"
"<1 years","Newton","32","0","5"
"Unknown years","Newton","1","0","0"
"01-04 years","Non-GA Resident/Unknown State","264","0","4"
"05-09 years","Non-GA Resident/Unknown State","418","0","5"
"10-17 years","Non-GA Resident/Unknown State","1240","0","7"
"18-29 years","Non-GA Resident/Unknown State","5619","5","65"
"30-39 years","Non-GA Resident/Unknown State","3925","3","96"
"40-49 years","Non-GA Resident/Unknown State","3283","17","110"
"50-59 years","Non-GA Resident/Unknown State","3304","53","213"
"60-69 years","Non-GA Resident/Unknown State","2368","122","285"
"70-79 years","Non-GA Resident/Unknown State","1530","139","302"
"80 & Older years","Non-GA Resident/Unknown State","862","149","202"
"<1 years","Non-GA Resident/Unknown State","151","0","2"
"Unknown years","Non-GA Resident/Unknown State","739","0","2"
"01-04 years","Oconee","37","0","0"
"05-09 years","Oconee","65","0","0"
"10-17 years","Oconee","338","0","0"
"18-29 years","Oconee","583","1","6"
"30-39 years","Oconee","382","1","4"
"40-49 years","Oconee","572","1","12"
"50-59 years","Oconee","485","5","11"
"60-69 years","Oconee","312","11","34"
"70-79 years","Oconee","177","18","24"
"80 & Older years","Oconee","133","29","40"
"<1 years","Oconee","10","0","0"
"01-04 years","Oglethorpe","19","0","0"
"05-09 years","Oglethorpe","30","0","0"
"10-17 years","Oglethorpe","97","0","1"
"18-29 years","Oglethorpe","212","0","1"
"30-39 years","Oglethorpe","151","2","2"
"40-49 years","Oglethorpe","181","1","8"
"50-59 years","Oglethorpe","184","1","18"
"60-69 years","Oglethorpe","151","1","15"
"70-79 years","Oglethorpe","110","10","16"
"80 & Older years","Oglethorpe","69","15","17"
"<1 years","Oglethorpe","12","0","0"
"Unknown years","Oglethorpe","1","0","0"
"01-04 years","Paulding","156","0","2"
"05-09 years","Paulding","287","0","0"
"10-17 years","Paulding","1092","0","7"
"18-29 years","Paulding","2096","1","30"
"30-39 years","Paulding","1806","2","35"
"40-49 years","Paulding","1932","7","54"
"50-59 years","Paulding","1813","18","85"
"60-69 years","Paulding","941","37","82"
"70-79 years","Paulding","535","41","81"
"80 & Older years","Paulding","315","67","67"
"<1 years","Paulding","38","0","0"
"Unknown years","Paulding","43","0","0"
"01-04 years","Peach","16","0","2"
"05-09 years","Peach","21","0","0"
"10-17 years","Peach","83","0","2"
"18-29 years","Peach","413","2","10"
"30-39 years","Peach","322","0","16"
"40-49 years","Peach","259","4","24"
"50-59 years","Peach","312","10","45"
"60-69 years","Peach","269","12","60"
"70-79 years","Peach","132","15","42"
"80 & Older years","Peach","66","16","29"
"<1 years","Peach","4","0","0"
"01-04 years","Pickens","23","0","2"
"05-09 years","Pickens","40","0","1"
"10-17 years","Pickens","150","0","0"
"18-29 years","Pickens","402","0","6"
"30-39 years","Pickens","343","0","13"
"40-49 years","Pickens","409","0","19"
"50-59 years","Pickens","455","4","28"
"60-69 years","Pickens","356","9","44"
"70-79 years","Pickens","280","23","68"
"80 & Older years","Pickens","124","28","39"
"<1 years","Pickens","3","0","1"
"01-04 years","Pierce","14","0","0"
"05-09 years","Pierce","26","0","0"
"10-17 years","Pierce","98","1","1"
"18-29 years","Pierce","233","0","5"
"30-39 years","Pierce","155","0","5"
"40-49 years","Pierce","222","0","16"
"50-59 years","Pierce","200","4","22"
"60-69 years","Pierce","159","13","42"
"70-79 years","Pierce","117","15","39"
"80 & Older years","Pierce","55","16","18"
"<1 years","Pierce","7","0","1"
"01-04 years","Pike","27","0","0"
"05-09 years","Pike","28","0","0"
"10-17 years","Pike","123","0","1"
"18-29 years","Pike","173","1","6"
"30-39 years","Pike","148","0","3"
"40-49 years","Pike","205","2","11"
"50-59 years","Pike","162","4","10"
"60-69 years","Pike","109","4","17"
"70-79 years","Pike","85","9","20"
"80 & Older years","Pike","34","8","9"
"<1 years","Pike","3","0","0"
"Unknown years","Pike","2","0","0"
"01-04 years","Polk","44","0","1"
"05-09 years","Polk","75","0","2"
"10-17 years","Polk","327","0","3"
"18-29 years","Polk","823","0","13"
"30-39 years","Polk","584","1","16"
"40-49 years","Polk","593","3","40"
"50-59 years","Polk","620","12","84"
"60-69 years","Polk","402","17","75"
"70-79 years","Polk","323","24","91"
"80 & Older years","Polk","141","27","56"
"<1 years","Polk","21","0","0"
"Unknown years","Polk","27","0","0"
"01-04 years","Pulaski","5","0","0"
"05-09 years","Pulaski","9","0","0"
"10-17 years","Pulaski","37","0","1"
"18-29 years","Pulaski","87","0","2"
"30-39 years","Pulaski","93","0","2"
"40-49 years","Pulaski","94","0","10"
"50-59 years","Pulaski","105","0","6"
"60-69 years","Pulaski","95","8","13"
"70-79 years","Pulaski","49","13","17"
"80 & Older years","Pulaski","40","12","6"
"<1 years","Pulaski","3","0","0"
"01-04 years","Putnam","24","0","0"
"05-09 years","Putnam","43","0","1"
"10-17 years","Putnam","127","0","2"
"18-29 years","Putnam","294","0","4"
"30-39 years","Putnam","235","0","7"
"40-49 years","Putnam","228","1","10"
"50-59 years","Putnam","306","2","22"
"60-69 years","Putnam","260","13","30"
"70-79 years","Putnam","204","21","55"
"80 & Older years","Putnam","87","22","35"
"<1 years","Putnam","7","0","1"
"01-04 years","Quitman","1","0","0"
"05-09 years","Quitman","4","0","0"
"10-17 years","Quitman","6","0","0"
"18-29 years","Quitman","12","0","1"
"30-39 years","Quitman","4","0","1"
"40-49 years","Quitman","3","0","1"
"50-59 years","Quitman","16","0","1"
"60-69 years","Quitman","24","1","4"
"70-79 years","Quitman","3","0","1"
"80 & Older years","Quitman","6","1","2"
"<1 years","Quitman","2","0","0"
"01-04 years","Rabun","17","0","0"
"05-09 years","Rabun","30","0","0"
"10-17 years","Rabun","120","0","1"
"18-29 years","Rabun","230","0","5"
"30-39 years","Rabun","198","1","10"
"40-49 years","Rabun","210","0","10"
"50-59 years","Rabun","243","3","25"
"60-69 years","Rabun","241","9","34"
"70-79 years","Rabun","190","11","38"
"80 & Older years","Rabun","81","17","31"
"<1 years","Rabun","5","0","1"
"Unknown years","Rabun","9","0","0"
"01-04 years","Randolph","2","0","0"
"05-09 years","Randolph","5","0","0"
"10-17 years","Randolph","14","0","1"
"18-29 years","Randolph","63","0","2"
"30-39 years","Randolph","73","2","7"
"40-49 years","Randolph","58","0","6"
"50-59 years","Randolph","91","3","20"
"60-69 years","Randolph","73","9","17"
"70-79 years","Randolph","48","4","15"
"80 & Older years","Randolph","46","15","16"
"<1 years","Randolph","1","0","0"
"Unknown years","Randolph","2","0","0"
"01-04 years","Richmond","313","0","1"
"05-09 years","Richmond","609","0","4"
"10-17 years","Richmond","1658","0","15"
"18-29 years","Richmond","4716","8","67"
"30-39 years","Richmond","3523","7","91"
"40-49 years","Richmond","2833","18","123"
"50-59 years","Richmond","2794","43","228"
"60-69 years","Richmond","2055","82","285"
"70-79 years","Richmond","1113","112","302"
"80 & Older years","Richmond","673","160","274"
"<1 years","Richmond","88","0","3"
"Unknown years","Richmond","22","0","1"
"01-04 years","Rockdale","63","0","4"
"05-09 years","Rockdale","116","0","1"
"10-17 years","Rockdale","375","0","12"
"18-29 years","Rockdale","1238","2","77"
"30-39 years","Rockdale","994","3","96"
"40-49 years","Rockdale","1088","7","122"
"50-59 years","Rockdale","1067","14","184"
"60-69 years","Rockdale","663","32","156"
"70-79 years","Rockdale","384","51","150"
"80 & Older years","Rockdale","207","47","98"
"<1 years","Rockdale","13","0","2"
"Unknown years","Rockdale","3","0","0"
"01-04 years","Schley","5","0","0"
"05-09 years","Schley","4","0","0"
"10-17 years","Schley","22","0","0"
"18-29 years","Schley","48","0","2"
"30-39 years","Schley","21","0","0"
"40-49 years","Schley","32","0","4"
"50-59 years","Schley","31","0","3"
"60-69 years","Schley","27","1","8"
"70-79 years","Schley","13","2","2"
"80 & Older years","Schley","7","2","2"
"<1 years","Schley","1","0","0"
"01-04 years","Screven","8","0","0"
"05-09 years","Screven","16","0","0"
"10-17 years","Screven","62","0","0"
"18-29 years","Screven","139","0","3"
"30-39 years","Screven","130","0","2"
"40-49 years","Screven","102","1","6"
"50-59 years","Screven","118","2","16"
"60-69 years","Screven","138","2","15"
"70-79 years","Screven","77","8","19"
"80 & Older years","Screven","38","8","11"
"<1 years","Screven","4","0","0"
"Unknown years","Screven","1","0","0"
"01-04 years","Seminole","15","0","0"
"05-09 years","Seminole","14","0","0"
"10-17 years","Seminole","71","0","0"
"18-29 years","Seminole","113","0","0"
"30-39 years","Seminole","94","0","4"
"40-49 years","Seminole","94","0","5"
"50-59 years","Seminole","115","1","6"
"60-69 years","Seminole","133","4","26"
"70-79 years","Seminole","69","6","16"
"80 & Older years","Seminole","30","7","12"
"<1 years","Seminole","4","0","0"
"01-04 years","Spalding","72","0","3"
"05-09 years","Spalding","76","0","1"
"10-17 years","Spalding","232","0","5"
"18-29 years","Spalding","740","1","37"
"30-39 years","Spalding","644","4","35"
"40-49 years","Spalding","645","5","58"
"50-59 years","Spalding","673","17","83"
"60-69 years","Spalding","508","38","101"
"70-79 years","Spalding","374","49","93"
"80 & Older years","Spalding","226","53","70"
"<1 years","Spalding","13","0","0"
"Unknown years","Spalding","22","0","0"
"01-04 years","Stephens","18","0","0"
"05-09 years","Stephens","44","0","1"
"10-17 years","Stephens","189","0","3"
"18-29 years","Stephens","558","1","14"
"30-39 years","Stephens","355","0","8"
"40-49 years","Stephens","452","1","23"
"50-59 years","Stephens","468","5","39"
"60-69 years","Stephens","453","22","65"
"70-79 years","Stephens","314","22","66"
"80 & Older years","Stephens","161","27","41"
"<1 years","Stephens","5","0","0"
"Unknown years","Stephens","14","0","0"
"01-04 years","Stewart","6","0","1"
"05-09 years","Stewart","2","0","0"
"10-17 years","Stewart","14","0","0"
"18-29 years","Stewart","214","0","22"
"30-39 years","Stewart","242","1","25"
"40-49 years","Stewart","165","2","23"
"50-59 years","Stewart","89","2","14"
"60-69 years","Stewart","72","13","27"
"70-79 years","Stewart","26","3","6"
"80 & Older years","Stewart","21","4","6"
"<1 years","Stewart","1","0","0"
"Unknown years","Stewart","14","0","4"
"01-04 years","Sumter","28","0","0"
"05-09 years","Sumter","32","0","0"
"10-17 years","Sumter","82","0","4"
"18-29 years","Sumter","336","1","11"
"30-39 years","Sumter","274","1","21"
"40-49 years","Sumter","265","5","26"
"50-59 years","Sumter","283","4","43"
"60-69 years","Sumter","261","27","71"
"70-79 years","Sumter","167","28","46"
"80 & Older years","Sumter","107","30","48"
"<1 years","Sumter","10","0","0"
"Unknown years","Sumter","1","0","0"
"01-04 years","Talbot","8","0","0"
"05-09 years","Talbot","8","0","0"
"10-17 years","Talbot","30","0","0"
"18-29 years","Talbot","60","0","1"
"30-39 years","Talbot","39","0","2"
"40-49 years","Talbot","62","1","4"
"50-59 years","Talbot","69","4","5"
"60-69 years","Talbot","64","4","16"
"70-79 years","Talbot","38","6","6"
"80 & Older years","Talbot","20","4","9"
"Unknown years","Talbot","2","0","0"
"01-04 years","Taliaferro","1","0","0"
"05-09 years","Taliaferro","2","0","0"
"10-17 years","Taliaferro","7","0","0"
"18-29 years","Taliaferro","14","0","0"
"30-39 years","Taliaferro","15","0","0"
"40-49 years","Taliaferro","19","0","1"
"50-59 years","Taliaferro","10","0","0"
"60-69 years","Taliaferro","20","1","3"
"70-79 years","Taliaferro","10","1","3"
"80 & Older years","Taliaferro","4","1","2"
"01-04 years","Tattnall","31","0","0"
"05-09 years","Tattnall","46","0","0"
"10-17 years","Tattnall","163","0","0"
"18-29 years","Tattnall","324","0","1"
"30-39 years","Tattnall","290","1","6"
"40-49 years","Tattnall","284","0","7"
"50-59 years","Tattnall","320","7","24"
"60-69 years","Tattnall","242","16","35"
"70-79 years","Tattnall","122","21","38"
"80 & Older years","Tattnall","47","5","8"
"<1 years","Tattnall","10","0","1"
"01-04 years","Taylor","13","0","1"
"05-09 years","Taylor","16","0","0"
"10-17 years","Taylor","53","0","1"
"18-29 years","Taylor","84","0","2"
"30-39 years","Taylor","52","0","4"
"40-49 years","Taylor","94","1","11"
"50-59 years","Taylor","77","1","16"
"60-69 years","Taylor","67","6","18"
"70-79 years","Taylor","33","6","11"
"80 & Older years","Taylor","24","8","10"
"<1 years","Taylor","4","0","0"
"Unknown years","Taylor","1","0","0"
"01-04 years","Telfair","11","0","0"
"05-09 years","Telfair","12","0","0"
"10-17 years","Telfair","22","0","1"
"18-29 years","Telfair","140","0","3"
"30-39 years","Telfair","96","1","1"
"40-49 years","Telfair","113","2","6"
"50-59 years","Telfair","110","5","10"
"60-69 years","Telfair","106","9","18"
"70-79 years","Telfair","72","14","20"
"80 & Older years","Telfair","45","16","12"
"<1 years","Telfair","5","0","0"
"Unknown years","Telfair","2","0","0"
"01-04 years","Terrell","8","0","0"
"05-09 years","Terrell","11","0","0"
"10-17 years","Terrell","43","0","0"
"18-29 years","Terrell","77","0","5"
"30-39 years","Terrell","81","0","9"
"40-49 years","Terrell","68","0","8"
"50-59 years","Terrell","101","4","17"
"60-69 years","Terrell","93","13","34"
"70-79 years","Terrell","62","18","28"
"80 & Older years","Terrell","39","13","16"
"<1 years","Terrell","1","0","0"
"01-04 years","Thomas","66","0","1"
"05-09 years","Thomas","118","0","0"
"10-17 years","Thomas","324","0","3"
"18-29 years","Thomas","634","1","27"
"30-39 years","Thomas","521","2","21"
"40-49 years","Thomas","543","4","31"
"50-59 years","Thomas","565","11","49"
"60-69 years","Thomas","444","14","95"
"70-79 years","Thomas","266","34","75"
"80 & Older years","Thomas","168","48","60"
"<1 years","Thomas","19","0","2"
"Unknown years","Thomas","2","0","0"
"01-04 years","Tift","40","0","3"
"05-09 years","Tift","58","0","3"
"10-17 years","Tift","237","0","7"
"18-29 years","Tift","788","0","20"
"30-39 years","Tift","559","1","29"
"40-49 years","Tift","555","7","60"
"50-59 years","Tift","476","9","71"
"60-69 years","Tift","361","19","77"
"70-79 years","Tift","247","30","91"
"80 & Older years","Tift","141","35","62"
"<1 years","Tift","13","0","0"
"Unknown years","Tift","2","0","0"
"01-04 years","Toombs","31","0","0"
"05-09 years","Toombs","54","0","0"
"10-17 years","Toombs","220","0","2"
"18-29 years","Toombs","535","0","7"
"30-39 years","Toombs","430","0","4"
"40-49 years","Toombs","436","1","22"
"50-59 years","Toombs","437","8","30"
"60-69 years","Toombs","394","17","55"
"70-79 years","Toombs","262","34","46"
"80 & Older years","Toombs","160","41","35"
"<1 years","Toombs","9","0","0"
"01-04 years","Towns","4","0","0"
"05-09 years","Towns","6","0","0"
"10-17 years","Towns","49","0","1"
"18-29 years","Towns","145","0","4"
"30-39 years","Towns","94","0","3"
"40-49 years","Towns","122","2","5"
"50-59 years","Towns","182","2","17"
"60-69 years","Towns","238","3","21"
"70-79 years","Towns","166","10","36"
"80 & Older years","Towns","126","29","50"
"Unknown years","Towns","3","0","0"
"01-04 years","Treutlen","6","0","0"
"05-09 years","Treutlen","15","0","1"
"10-17 years","Treutlen","48","0","0"
"18-29 years","Treutlen","105","0","2"
"30-39 years","Treutlen","102","0","5"
"40-49 years","Treutlen","104","2","5"
"50-59 years","Treutlen","103","1","9"
"60-69 years","Treutlen","70","6","14"
"70-79 years","Treutlen","55","11","11"
"80 & Older years","Treutlen","34","10","8"
"01-04 years","Troup","139","0","3"
"05-09 years","Troup","189","0","1"
"10-17 years","Troup","542","0","7"
"18-29 years","Troup","1238","1","29"
"30-39 years","Troup","918","7","43"
"40-49 years","Troup","831","7","52"
"50-59 years","Troup","861","14","110"
"60-69 years","Troup","655","36","109"
"70-79 years","Troup","354","47","110"
"80 & Older years","Troup","261","82","71"
"<1 years","Troup","45","0","1"
"Unknown years","Troup","5","0","0"
"01-04 years","Turner","5","0","0"
"05-09 years","Turner","7","0","1"
"10-17 years","Turner","23","0","0"
"18-29 years","Turner","90","0","2"
"30-39 years","Turner","108","0","10"
"40-49 years","Turner","108","0","5"
"50-59 years","Turner","97","2","14"
"60-69 years","Turner","86","9","26"
"70-79 years","Turner","54","8","14"
"80 & Older years","Turner","35","16","15"
"<1 years","Turner","2","0","1"
"01-04 years","Twiggs","10","0","0"
"05-09 years","Twiggs","6","0","1"
"10-17 years","Twiggs","26","0","0"
"18-29 years","Twiggs","68","0","2"
"30-39 years","Twiggs","60","1","5"
"40-49 years","Twiggs","63","1","7"
"50-59 years","Twiggs","94","3","16"
"60-69 years","Twiggs","101","11","34"
"70-79 years","Twiggs","58","9","24"
"80 & Older years","Twiggs","25","14","18"
"<1 years","Twiggs","1","0","0"
"01-04 years","Union","8","0","0"
"05-09 years","Union","18","0","0"
"10-17 years","Union","73","0","1"
"18-29 years","Union","265","1","1"
"30-39 years","Union","232","0","3"
"40-49 years","Union","236","0","14"
"50-59 years","Union","317","4","25"
"60-69 years","Union","390","6","48"
"70-79 years","Union","335","23","65"
"80 & Older years","Union","211","42","68"
"<1 years","Union","1","0","0"
"Unknown years","Union","14","0","0"
"01-04 years","Unknown","17","0","0"
"05-09 years","Unknown","39","0","0"
"10-17 years","Unknown","161","0","0"
"18-29 years","Unknown","720","1","4"
"30-39 years","Unknown","345","0","4"
"40-49 years","Unknown","300","1","2"
"50-59 years","Unknown","284","2","6"
"60-69 years","Unknown","149","0","7"
"70-79 years","Unknown","101","0","8"
"80 & Older years","Unknown","39","0","5"
"<1 years","Unknown","29","0","0"
"Unknown years","Unknown","83","0","3"
"01-04 years","Upson","42","0","0"
"05-09 years","Upson","50","0","0"
"10-17 years","Upson","142","0","1"
"18-29 years","Upson","321","0","7"
"30-39 years","Upson","222","2","9"
"40-49 years","Upson","250","1","14"
"50-59 years","Upson","269","7","26"
"60-69 years","Upson","245","24","39"
"70-79 years","Upson","172","36","51"
"80 & Older years","Upson","106","42","35"
"<1 years","Upson","15","0","0"
"Unknown years","Upson","4","0","0"
"01-04 years","Walker","91","0","1"
"05-09 years","Walker","166","0","1"
"10-17 years","Walker","586","0","4"
"18-29 years","Walker","1189","0","19"
"30-39 years","Walker","907","1","18"
"40-49 years","Walker","1102","3","35"
"50-59 years","Walker","936","5","40"
"60-69 years","Walker","777","16","71"
"70-79 years","Walker","506","29","62"
"80 & Older years","Walker","248","28","36"
"<1 years","Walker","42","0","2"
"Unknown years","Walker","188","0","6"
"01-04 years","Walton","84","0","1"
"05-09 years","Walton","174","0","1"
"10-17 years","Walton","643","0","7"
"18-29 years","Walton","1397","2","32"
"30-39 years","Walton","1214","0","28"
"40-49 years","Walton","1342","3","55"
"50-59 years","Walton","1312","18","92"
"60-69 years","Walton","908","33","95"
"70-79 years","Walton","678","77","120"
"80 & Older years","Walton","397","107","86"
"<1 years","Walton","29","0","2"
"Unknown years","Walton","15","0","0"
"01-04 years","Ware","63","0","1"
"05-09 years","Ware","70","0","0"
"10-17 years","Ware","250","0","2"
"18-29 years","Ware","570","1","5"
"30-39 years","Ware","471","2","21"
"40-49 years","Ware","409","3","33"
"50-59 years","Ware","431","16","66"
"60-69 years","Ware","317","21","66"
"70-79 years","Ware","266","43","101"
"80 & Older years","Ware","212","66","63"
"<1 years","Ware","20","0","2"
"01-04 years","Warren","6","0","0"
"05-09 years","Warren","3","0","0"
"10-17 years","Warren","28","0","0"
"18-29 years","Warren","73","0","3"
"30-39 years","Warren","52","0","4"
"40-49 years","Warren","52","2","5"
"50-59 years","Warren","70","2","8"
"60-69 years","Warren","44","3","8"
"70-79 years","Warren","38","6","14"
"80 & Older years","Warren","19","4","7"
"<1 years","Warren","2","0","1"
"Unknown years","Warren","4","0","0"
"01-04 years","Washington","24","0","0"
"05-09 years","Washington","29","0","0"
"10-17 years","Washington","127","0","2"
"18-29 years","Washington","269","0","8"
"30-39 years","Washington","253","0","9"
"40-49 years","Washington","257","4","13"
"50-59 years","Washington","247","7","18"
"60-69 years","Washington","231","15","31"
"70-79 years","Washington","121","10","22"
"80 & Older years","Washington","80","26","15"
"<1 years","Washington","10","0","0"
"Unknown years","Washington","1","0","0"
"01-04 years","Wayne","31","0","1"
"05-09 years","Wayne","40","0","0"
"10-17 years","Wayne","175","0","1"
"18-29 years","Wayne","437","0","10"
"30-39 years","Wayne","427","1","13"
"40-49 years","Wayne","511","1","39"
"50-59 years","Wayne","429","9","37"
"60-69 years","Wayne","346","19","71"
"70-79 years","Wayne","271","26","79"
"80 & Older years","Wayne","120","25","26"
"<1 years","Wayne","6","0","1"
"10-17 years","Webster","4","0","0"
"18-29 years","Webster","21","0","1"
"30-39 years","Webster","10","0","1"
"40-49 years","Webster","16","0","2"
"50-59 years","Webster","19","2","6"
"60-69 years","Webster","24","1","4"
"70-79 years","Webster","7","0","1"
"80 & Older years","Webster","4","1","0"
"Unknown years","Webster","2","0","0"
"01-04 years","Wheeler","1","0","0"
"05-09 years","Wheeler","5","0","0"
"10-17 years","Wheeler","23","0","0"
"18-29 years","Wheeler","59","0","0"
"30-39 years","Wheeler","75","2","2"
"40-49 years","Wheeler","80","1","3"
"50-59 years","Wheeler","93","7","11"
"60-69 years","Wheeler","53","3","6"
"70-79 years","Wheeler","41","5","11"
"80 & Older years","Wheeler","9","3","1"
"<1 years","Wheeler","2","0","0"
"Unknown years","Wheeler","23","0","1"
"01-04 years","White","22","0","0"
"05-09 years","White","60","0","1"
"10-17 years","White","237","0","2"
"18-29 years","White","457","1","7"
"30-39 years","White","329","1","8"
"40-49 years","White","424","2","18"
"50-59 years","White","495","5","44"
"60-69 years","White","450","11","66"
"70-79 years","White","330","17","78"
"80 & Older years","White","182","31","69"
"<1 years","White","4","0","0"
"Unknown years","White","25","0","0"
"01-04 years","Whitfield","215","0","3"
"05-09 years","Whitfield","399","0","3"
"10-17 years","Whitfield","1390","0","7"
"18-29 years","Whitfield","3567","2","52"
"30-39 years","Whitfield","2331","5","65"
"40-49 years","Whitfield","2413","5","80"
"50-59 years","Whitfield","2190","29","137"
"60-69 years","Whitfield","1278","38","159"
"70-79 years","Whitfield","725","58","147"
"80 & Older years","Whitfield","419","96","125"
"<1 years","Whitfield","70","0","5"
"Unknown years","Whitfield","3","0","0"
"01-04 years","Wilcox","11","0","0"
"05-09 years","Wilcox","10","0","0"
"10-17 years","Wilcox","30","0","0"
"18-29 years","Wilcox","47","0","1"
"30-39 years","Wilcox","49","0","1"
"40-49 years","Wilcox","74","0","12"
"50-59 years","Wilcox","85","1","16"
"60-69 years","Wilcox","92","10","25"
"70-79 years","Wilcox","53","11","11"
"80 & Older years","Wilcox","26","8","8"
"<1 years","Wilcox","5","0","0"
"01-04 years","Wilkes","8","0","0"
"05-09 years","Wilkes","17","0","0"
"10-17 years","Wilkes","53","0","0"
"18-29 years","Wilkes","121","0","1"
"30-39 years","Wilkes","87","0","5"
"40-49 years","Wilkes","109","1","12"
"50-59 years","Wilkes","104","2","5"
"60-69 years","Wilkes","86","4","18"
"70-79 years","Wilkes","68","8","20"
"80 & Older years","Wilkes","34","8","15"
"<1 years","Wilkes","3","0","0"
"Unknown years","Wilkes","1","0","0"
"01-04 years","Wilkinson","6","0","0"
"05-09 years","Wilkinson","11","0","0"
"10-17 years","Wilkinson","31","0","1"
"18-29 years","Wilkinson","113","0","3"
"30-39 years","Wilkinson","92","0","8"
"40-49 years","Wilkinson","97","0","7"
"50-59 years","Wilkinson","157","4","26"
"60-69 years","Wilkinson","134","12","40"
"70-79 years","Wilkinson","59","6","22"
"80 & Older years","Wilkinson","39","5","16"
"01-04 years","Worth","13","0","0"
"05-09 years","Worth","15","0","0"
"10-17 years","Worth","80","0","3"
"18-29 years","Worth","189","0","10"
"30-39 years","Worth","157","0","12"
"40-49 years","Worth","159","1","17"
"50-59 years","Worth","200","7","28"
"60-69 years","Worth","194","19","52"
"70-79 years","Worth","118","16","31"
"80 & Older years","Worth","72","18","26"
"<1 years","Worth","4","0","0"
"Unknown years","Worth","1","0","0"
