"age group","county name","cases","deaths","hospitalization"
"01-04 years","Georgia","14903","1","276"
"05-09 years","Georgia","25285","2","212"
"10-17 years","Georgia","79030","9","783"
"18-29 years","Georgia","222853","135","4253"
"30-39 years","Georgia","162959","283","5612"
"40-49 years","Georgia","154629","694","8144"
"50-59 years","Georgia","144625","1834","12091"
"60-69 years","Georgia","97181","3790","14131"
"70-79 years","Georgia","55763","5383","13268"
"80 & Older years","Georgia","31756","6889","10079"
"<1 years","Georgia","4080","0","219"
"Unknown years","Georgia","3589","0","79"
"01-04 years","Appling","37","0","0"
"05-09 years","Appling","70","0","0"
"10-17 years","Appling","193","0","2"
"18-29 years","Appling","403","1","7"
"30-39 years","Appling","282","1","7"
"40-49 years","Appling","297","4","21"
"50-59 years","Appling","328","7","33"
"60-69 years","Appling","270","16","58"
"70-79 years","Appling","183","18","37"
"80 & Older years","Appling","97","21","35"
"<1 years","Appling","7","0","0"
"Unknown years","Appling","1","0","0"
"01-04 years","Atkinson","8","0","1"
"05-09 years","Atkinson","30","0","1"
"10-17 years","Atkinson","75","0","1"
"18-29 years","Atkinson","207","0","10"
"30-39 years","Atkinson","134","0","11"
"40-49 years","Atkinson","155","2","28"
"50-59 years","Atkinson","152","2","28"
"60-69 years","Atkinson","97","6","28"
"70-79 years","Atkinson","50","5","20"
"80 & Older years","Atkinson","15","5","11"
"<1 years","Atkinson","3","0","0"
"01-04 years","Bacon","25","0","0"
"05-09 years","Bacon","44","0","0"
"10-17 years","Bacon","113","0","1"
"18-29 years","Bacon","436","0","3"
"30-39 years","Bacon","219","0","5"
"40-49 years","Bacon","213","2","14"
"50-59 years","Bacon","179","2","16"
"60-69 years","Bacon","145","10","30"
"70-79 years","Bacon","90","8","22"
"80 & Older years","Bacon","43","9","14"
"<1 years","Bacon","4","0","0"
"Unknown years","Bacon","1","0","0"
"01-04 years","Baker","9","0","0"
"05-09 years","Baker","5","0","0"
"10-17 years","Baker","10","0","0"
"18-29 years","Baker","35","0","0"
"30-39 years","Baker","24","0","4"
"40-49 years","Baker","22","2","3"
"50-59 years","Baker","27","0","2"
"60-69 years","Baker","34","3","15"
"70-79 years","Baker","19","3","11"
"80 & Older years","Baker","13","3","5"
"<1 years","Baker","2","0","0"
"01-04 years","Baldwin","39","0","0"
"05-09 years","Baldwin","77","0","0"
"10-17 years","Baldwin","232","1","6"
"18-29 years","Baldwin","1369","0","16"
"30-39 years","Baldwin","531","1","16"
"40-49 years","Baldwin","536","2","34"
"50-59 years","Baldwin","536","13","63"
"60-69 years","Baldwin","419","23","78"
"70-79 years","Baldwin","275","29","60"
"80 & Older years","Baldwin","165","50","66"
"<1 years","Baldwin","16","0","1"
"Unknown years","Baldwin","4","0","0"
"01-04 years","Banks","14","0","0"
"05-09 years","Banks","34","0","1"
"10-17 years","Banks","127","0","4"
"18-29 years","Banks","340","0","9"
"30-39 years","Banks","244","0","9"
"40-49 years","Banks","261","2","21"
"50-59 years","Banks","281","3","28"
"60-69 years","Banks","244","8","54"
"70-79 years","Banks","165","16","63"
"80 & Older years","Banks","88","14","32"
"<1 years","Banks","7","0","1"
"Unknown years","Banks","19","0","1"
"01-04 years","Barrow","136","0","2"
"05-09 years","Barrow","233","0","0"
"10-17 years","Barrow","856","0","8"
"18-29 years","Barrow","1998","2","41"
"30-39 years","Barrow","1724","1","53"
"40-49 years","Barrow","1716","6","81"
"50-59 years","Barrow","1454","9","125"
"60-69 years","Barrow","955","36","158"
"70-79 years","Barrow","545","37","114"
"80 & Older years","Barrow","254","52","95"
"<1 years","Barrow","39","0","2"
"Unknown years","Barrow","15","0","0"
"01-04 years","Bartow","141","0","6"
"05-09 years","Bartow","249","0","2"
"10-17 years","Bartow","1013","0","14"
"18-29 years","Bartow","2267","0","29"
"30-39 years","Bartow","1876","5","54"
"40-49 years","Bartow","1938","3","93"
"50-59 years","Bartow","2001","18","167"
"60-69 years","Bartow","1244","47","167"
"70-79 years","Bartow","828","76","202"
"80 & Older years","Bartow","413","77","131"
"<1 years","Bartow","50","0","3"
"Unknown years","Bartow","72","0","7"
"01-04 years","Ben Hill","31","0","1"
"05-09 years","Ben Hill","22","0","0"
"10-17 years","Ben Hill","116","0","0"
"18-29 years","Ben Hill","295","1","5"
"30-39 years","Ben Hill","231","3","11"
"40-49 years","Ben Hill","221","1","13"
"50-59 years","Ben Hill","250","6","32"
"60-69 years","Ben Hill","213","13","33"
"70-79 years","Ben Hill","148","19","53"
"80 & Older years","Ben Hill","73","19","19"
"<1 years","Ben Hill","6","0","1"
"01-04 years","Berrien","20","0","0"
"05-09 years","Berrien","25","0","0"
"10-17 years","Berrien","110","0","1"
"18-29 years","Berrien","235","0","0"
"30-39 years","Berrien","193","0","3"
"40-49 years","Berrien","164","0","5"
"50-59 years","Berrien","187","3","17"
"60-69 years","Berrien","138","8","19"
"70-79 years","Berrien","99","14","20"
"80 & Older years","Berrien","55","12","15"
"<1 years","Berrien","4","0","0"
"Unknown years","Berrien","1","0","0"
"01-04 years","Bibb","185","0","5"
"05-09 years","Bibb","323","0","0"
"10-17 years","Bibb","927","0","12"
"18-29 years","Bibb","3583","1","93"
"30-39 years","Bibb","2585","6","129"
"40-49 years","Bibb","2439","19","224"
"50-59 years","Bibb","2234","30","312"
"60-69 years","Bibb","1785","93","450"
"70-79 years","Bibb","1026","121","381"
"80 & Older years","Bibb","627","159","316"
"<1 years","Bibb","59","0","5"
"Unknown years","Bibb","5","0","0"
"01-04 years","Bleckley","10","0","0"
"05-09 years","Bleckley","24","0","0"
"10-17 years","Bleckley","79","0","0"
"18-29 years","Bleckley","213","0","4"
"30-39 years","Bleckley","116","1","4"
"40-49 years","Bleckley","115","1","2"
"50-59 years","Bleckley","118","2","6"
"60-69 years","Bleckley","95","6","12"
"70-79 years","Bleckley","66","4","12"
"80 & Older years","Bleckley","61","18","12"
"<1 years","Bleckley","3","0","0"
"01-04 years","Brantley","21","0","0"
"05-09 years","Brantley","23","0","0"
"10-17 years","Brantley","119","0","1"
"18-29 years","Brantley","221","0","4"
"30-39 years","Brantley","179","0","4"
"40-49 years","Brantley","189","2","12"
"50-59 years","Brantley","209","3","18"
"60-69 years","Brantley","147","5","17"
"70-79 years","Brantley","108","17","33"
"80 & Older years","Brantley","51","10","13"
"<1 years","Brantley","2","0","0"
"Unknown years","Brantley","6","0","0"
"01-04 years","Brooks","20","0","1"
"05-09 years","Brooks","29","0","0"
"10-17 years","Brooks","97","0","0"
"18-29 years","Brooks","214","0","1"
"30-39 years","Brooks","157","0","4"
"40-49 years","Brooks","151","1","12"
"50-59 years","Brooks","174","2","23"
"60-69 years","Brooks","116","6","20"
"70-79 years","Brooks","100","11","20"
"80 & Older years","Brooks","63","18","16"
"<1 years","Brooks","8","0","0"
"01-04 years","Bryan","65","0","0"
"05-09 years","Bryan","130","0","0"
"10-17 years","Bryan","366","0","3"
"18-29 years","Bryan","636","0","13"
"30-39 years","Bryan","556","1","13"
"40-49 years","Bryan","585","0","23"
"50-59 years","Bryan","413","5","33"
"60-69 years","Bryan","300","12","39"
"70-79 years","Bryan","173","12","61"
"80 & Older years","Bryan","72","9","28"
"<1 years","Bryan","19","0","0"
"Unknown years","Bryan","7","0","0"
"01-04 years","Bulloch","92","0","1"
"05-09 years","Bulloch","171","0","2"
"10-17 years","Bulloch","558","0","2"
"18-29 years","Bulloch","2453","0","12"
"30-39 years","Bulloch","771","2","23"
"40-49 years","Bulloch","656","3","26"
"50-59 years","Bulloch","606","8","39"
"60-69 years","Bulloch","437","18","51"
"70-79 years","Bulloch","214","17","44"
"80 & Older years","Bulloch","111","17","38"
"<1 years","Bulloch","32","0","2"
"Unknown years","Bulloch","3","0","0"
"01-04 years","Burke","25","0","0"
"05-09 years","Burke","53","0","0"
"10-17 years","Burke","156","0","1"
"18-29 years","Burke","382","1","8"
"30-39 years","Burke","304","1","14"
"40-49 years","Burke","321","2","18"
"50-59 years","Burke","300","4","35"
"60-69 years","Burke","226","7","43"
"70-79 years","Burke","128","14","36"
"80 & Older years","Burke","42","11","15"
"<1 years","Burke","8","0","0"
"Unknown years","Burke","2","0","0"
"01-04 years","Butts","28","0","3"
"05-09 years","Butts","38","0","1"
"10-17 years","Butts","137","0","4"
"18-29 years","Butts","484","0","7"
"30-39 years","Butts","444","0","8"
"40-49 years","Butts","399","4","19"
"50-59 years","Butts","430","8","27"
"60-69 years","Butts","301","17","38"
"70-79 years","Butts","206","24","31"
"80 & Older years","Butts","116","31","9"
"<1 years","Butts","7","0","1"
"Unknown years","Butts","3","0","0"
"01-04 years","Calhoun","9","0","0"
"05-09 years","Calhoun","4","0","0"
"10-17 years","Calhoun","44","0","0"
"18-29 years","Calhoun","81","0","6"
"30-39 years","Calhoun","71","2","7"
"40-49 years","Calhoun","86","2","10"
"50-59 years","Calhoun","93","2","18"
"60-69 years","Calhoun","74","2","20"
"70-79 years","Calhoun","28","6","9"
"80 & Older years","Calhoun","17","2","8"
"<1 years","Calhoun","3","0","0"
"Unknown years","Calhoun","1","0","0"
"01-04 years","Camden","83","0","0"
"05-09 years","Camden","98","0","1"
"10-17 years","Camden","345","0","1"
"18-29 years","Camden","1053","0","9"
"30-39 years","Camden","761","1","20"
"40-49 years","Camden","585","2","21"
"50-59 years","Camden","636","4","28"
"60-69 years","Camden","455","10","36"
"70-79 years","Camden","261","5","26"
"80 & Older years","Camden","109","17","25"
"<1 years","Camden","11","0","2"
"Unknown years","Camden","55","0","1"
"01-04 years","Candler","10","0","0"
"05-09 years","Candler","23","0","0"
"10-17 years","Candler","72","0","0"
"18-29 years","Candler","155","0","1"
"30-39 years","Candler","111","0","3"
"40-49 years","Candler","140","3","2"
"50-59 years","Candler","146","6","13"
"60-69 years","Candler","112","9","15"
"70-79 years","Candler","81","14","20"
"80 & Older years","Candler","28","6","13"
"<1 years","Candler","5","0","0"
"Unknown years","Candler","1","0","0"
"01-04 years","Carroll","112","0","1"
"05-09 years","Carroll","168","0","2"
"10-17 years","Carroll","687","0","6"
"18-29 years","Carroll","1912","0","15"
"30-39 years","Carroll","1226","4","21"
"40-49 years","Carroll","1176","4","37"
"50-59 years","Carroll","1175","13","63"
"60-69 years","Carroll","819","26","91"
"70-79 years","Carroll","484","36","74"
"80 & Older years","Carroll","282","52","47"
"<1 years","Carroll","30","0","1"
"Unknown years","Carroll","6","0","0"
"01-04 years","Catoosa","102","0","0"
"05-09 years","Catoosa","176","0","1"
"10-17 years","Catoosa","572","0","2"
"18-29 years","Catoosa","1186","0","8"
"30-39 years","Catoosa","903","1","14"
"40-49 years","Catoosa","1022","2","21"
"50-59 years","Catoosa","948","6","41"
"60-69 years","Catoosa","657","8","64"
"70-79 years","Catoosa","408","21","66"
"80 & Older years","Catoosa","270","32","53"
"<1 years","Catoosa","43","0","1"
"Unknown years","Catoosa","87","0","4"
"01-04 years","Charlton","15","0","0"
"05-09 years","Charlton","38","0","0"
"10-17 years","Charlton","81","0","0"
"18-29 years","Charlton","350","1","2"
"30-39 years","Charlton","302","1","5"
"40-49 years","Charlton","239","2","11"
"50-59 years","Charlton","171","3","6"
"60-69 years","Charlton","169","8","23"
"70-79 years","Charlton","71","6","16"
"80 & Older years","Charlton","37","9","17"
"<1 years","Charlton","4","0","0"
"01-04 years","Chatham","635","0","3"
"05-09 years","Chatham","842","1","2"
"10-17 years","Chatham","2012","0","15"
"18-29 years","Chatham","6253","5","80"
"30-39 years","Chatham","4407","6","138"
"40-49 years","Chatham","3455","17","200"
"50-59 years","Chatham","3011","44","286"
"60-69 years","Chatham","2370","93","422"
"70-79 years","Chatham","1248","125","404"
"80 & Older years","Chatham","763","167","335"
"<1 years","Chatham","159","0","6"
"Unknown years","Chatham","35","0","0"
"01-04 years","Chattahoochee","9","0","0"
"05-09 years","Chattahoochee","11","0","0"
"10-17 years","Chattahoochee","136","0","2"
"18-29 years","Chattahoochee","3619","7","7"
"30-39 years","Chattahoochee","333","2","4"
"40-49 years","Chattahoochee","56","0","0"
"50-59 years","Chattahoochee","36","0","9"
"60-69 years","Chattahoochee","18","0","4"
"70-79 years","Chattahoochee","11","1","4"
"80 & Older years","Chattahoochee","9","3","5"
"<1 years","Chattahoochee","8","0","0"
"Unknown years","Chattahoochee","1","0","0"
"01-04 years","Chattooga","21","0","0"
"05-09 years","Chattooga","43","0","0"
"10-17 years","Chattooga","201","0","1"
"18-29 years","Chattooga","412","0","7"
"30-39 years","Chattooga","330","0","8"
"40-49 years","Chattooga","379","2","15"
"50-59 years","Chattooga","366","5","27"
"60-69 years","Chattooga","306","15","46"
"70-79 years","Chattooga","193","19","53"
"80 & Older years","Chattooga","124","26","34"
"<1 years","Chattooga","12","0","2"
"Unknown years","Chattooga","16","0","1"
"01-04 years","Cherokee","298","0","7"
"05-09 years","Cherokee","719","0","9"
"10-17 years","Cherokee","2687","0","19"
"18-29 years","Cherokee","4848","2","88"
"30-39 years","Cherokee","3577","3","127"
"40-49 years","Cherokee","4052","7","160"
"50-59 years","Cherokee","3919","24","244"
"60-69 years","Cherokee","2371","50","291"
"70-79 years","Cherokee","1455","89","297"
"80 & Older years","Cherokee","860","152","248"
"<1 years","Cherokee","62","0","1"
"Unknown years","Cherokee","6","0","0"
"01-04 years","Clarke","198","0","1"
"05-09 years","Clarke","283","0","2"
"10-17 years","Clarke","753","0","7"
"18-29 years","Clarke","6484","1","44"
"30-39 years","Clarke","1815","2","37"
"40-49 years","Clarke","1460","3","57"
"50-59 years","Clarke","1293","12","77"
"60-69 years","Clarke","861","23","103"
"70-79 years","Clarke","493","51","119"
"80 & Older years","Clarke","269","53","75"
"<1 years","Clarke","52","0","2"
"Unknown years","Clarke","10","0","0"
"01-04 years","Clay","3","0","0"
"05-09 years","Clay","4","0","0"
"10-17 years","Clay","18","0","0"
"18-29 years","Clay","30","0","0"
"30-39 years","Clay","34","0","1"
"40-49 years","Clay","33","0","1"
"50-59 years","Clay","20","0","1"
"60-69 years","Clay","25","1","2"
"70-79 years","Clay","19","0","0"
"80 & Older years","Clay","14","2","5"
"Unknown years","Clay","1","0","0"
"01-04 years","Clayton","561","0","12"
"05-09 years","Clayton","869","1","9"
"10-17 years","Clayton","2105","1","43"
"18-29 years","Clayton","5788","6","126"
"30-39 years","Clayton","5150","14","191"
"40-49 years","Clayton","4514","33","220"
"50-59 years","Clayton","4181","65","323"
"60-69 years","Clayton","2587","135","290"
"70-79 years","Clayton","1069","129","200"
"80 & Older years","Clayton","521","125","130"
"<1 years","Clayton","123","0","6"
"Unknown years","Clayton","40","0","3"
"01-04 years","Clinch","15","0","0"
"05-09 years","Clinch","26","0","0"
"10-17 years","Clinch","88","0","0"
"18-29 years","Clinch","144","0","2"
"30-39 years","Clinch","122","1","4"
"40-49 years","Clinch","114","0","3"
"50-59 years","Clinch","120","2","17"
"60-69 years","Clinch","122","7","19"
"70-79 years","Clinch","57","9","19"
"80 & Older years","Clinch","22","6","7"
"<1 years","Clinch","4","0","0"
"Unknown years","Clinch","1","0","0"
"01-04 years","Cobb","952","1","18"
"05-09 years","Cobb","1839","0","16"
"10-17 years","Cobb","5368","0","49"
"18-29 years","Cobb","16683","6","263"
"30-39 years","Cobb","11531","20","317"
"40-49 years","Cobb","10742","39","506"
"50-59 years","Cobb","9562","79","669"
"60-69 years","Cobb","5859","162","668"
"70-79 years","Cobb","3179","311","632"
"80 & Older years","Cobb","1890","431","574"
"<1 years","Cobb","233","0","18"
"Unknown years","Cobb","64","0","1"
"01-04 years","Coffee","96","0","2"
"05-09 years","Coffee","127","0","4"
"10-17 years","Coffee","349","0","5"
"18-29 years","Coffee","1029","0","25"
"30-39 years","Coffee","748","4","50"
"40-49 years","Coffee","792","8","99"
"50-59 years","Coffee","771","15","152"
"60-69 years","Coffee","586","37","154"
"70-79 years","Coffee","312","45","137"
"80 & Older years","Coffee","166","41","90"
"<1 years","Coffee","27","0","2"
"Unknown years","Coffee","3","0","0"
"01-04 years","Colquitt","63","0","0"
"05-09 years","Colquitt","130","0","2"
"10-17 years","Colquitt","435","0","8"
"18-29 years","Colquitt","894","0","23"
"30-39 years","Colquitt","626","2","23"
"40-49 years","Colquitt","649","7","41"
"50-59 years","Colquitt","586","17","47"
"60-69 years","Colquitt","417","17","54"
"70-79 years","Colquitt","270","18","55"
"80 & Older years","Colquitt","159","30","35"
"<1 years","Colquitt","25","0","1"
"01-04 years","Columbia","169","0","2"
"05-09 years","Columbia","343","0","1"
"10-17 years","Columbia","1226","0","2"
"18-29 years","Columbia","2471","1","27"
"30-39 years","Columbia","2225","2","33"
"40-49 years","Columbia","1967","8","54"
"50-59 years","Columbia","1655","20","84"
"60-69 years","Columbia","1075","27","104"
"70-79 years","Columbia","568","45","120"
"80 & Older years","Columbia","333","67","108"
"<1 years","Columbia","42","0","1"
"Unknown years","Columbia","8","0","0"
"01-04 years","Cook","19","0","1"
"05-09 years","Cook","35","0","0"
"10-17 years","Cook","117","0","2"
"18-29 years","Cook","262","0","6"
"30-39 years","Cook","195","0","4"
"40-49 years","Cook","205","1","16"
"50-59 years","Cook","185","3","18"
"60-69 years","Cook","140","7","19"
"70-79 years","Cook","105","12","29"
"80 & Older years","Cook","61","18","15"
"<1 years","Cook","9","0","1"
"Unknown years","Cook","1","0","0"
"01-04 years","Coweta","141","0","0"
"05-09 years","Coweta","240","0","1"
"10-17 years","Coweta","758","0","7"
"18-29 years","Coweta","1788","1","22"
"30-39 years","Coweta","1416","6","42"
"40-49 years","Coweta","1511","11","55"
"50-59 years","Coweta","1724","29","83"
"60-69 years","Coweta","1067","40","77"
"70-79 years","Coweta","664","63","91"
"80 & Older years","Coweta","354","78","52"
"<1 years","Coweta","32","0","1"
"Unknown years","Coweta","6","0","0"
"01-04 years","Crawford","2","0","0"
"05-09 years","Crawford","3","0","0"
"10-17 years","Crawford","29","0","2"
"18-29 years","Crawford","99","0","3"
"30-39 years","Crawford","94","0","7"
"40-49 years","Crawford","70","1","5"
"50-59 years","Crawford","121","3","18"
"60-69 years","Crawford","114","7","20"
"70-79 years","Crawford","48","6","15"
"80 & Older years","Crawford","27","2","11"
"Unknown years","Crawford","1","0","0"
"01-04 years","Crisp","23","0","0"
"05-09 years","Crisp","34","0","0"
"10-17 years","Crisp","143","0","2"
"18-29 years","Crisp","263","0","11"
"30-39 years","Crisp","256","1","15"
"40-49 years","Crisp","229","3","22"
"50-59 years","Crisp","223","4","29"
"60-69 years","Crisp","211","18","41"
"70-79 years","Crisp","108","14","34"
"80 & Older years","Crisp","72","19","18"
"<1 years","Crisp","11","0","0"
"Unknown years","Crisp","7","0","0"
"01-04 years","Dade","20","0","0"
"05-09 years","Dade","46","0","0"
"10-17 years","Dade","123","0","1"
"18-29 years","Dade","268","0","1"
"30-39 years","Dade","174","0","2"
"40-49 years","Dade","216","0","7"
"50-59 years","Dade","188","2","11"
"60-69 years","Dade","148","2","9"
"70-79 years","Dade","109","7","20"
"80 & Older years","Dade","55","3","10"
"<1 years","Dade","6","0","0"
"Unknown years","Dade","25","0","2"
"01-04 years","Dawson","36","0","0"
"05-09 years","Dawson","61","0","0"
"10-17 years","Dawson","229","0","4"
"18-29 years","Dawson","589","0","15"
"30-39 years","Dawson","470","0","19"
"40-49 years","Dawson","420","0","27"
"50-59 years","Dawson","462","4","38"
"60-69 years","Dawson","380","6","75"
"70-79 years","Dawson","236","21","55"
"80 & Older years","Dawson","91","17","29"
"<1 years","Dawson","8","0","2"
"Unknown years","Dawson","28","0","1"
"01-04 years","DeKalb","1136","0","25"
"05-09 years","DeKalb","1697","0","23"
"10-17 years","DeKalb","4278","0","69"
"18-29 years","DeKalb","14973","11","432"
"30-39 years","DeKalb","12932","19","622"
"40-49 years","DeKalb","10165","42","691"
"50-59 years","DeKalb","9037","121","943"
"60-69 years","DeKalb","5724","195","1032"
"70-79 years","DeKalb","2822","269","794"
"80 & Older years","DeKalb","1736","353","575"
"<1 years","DeKalb","224","0","11"
"Unknown years","DeKalb","201","0","11"
"01-04 years","Decatur","85","0","1"
"05-09 years","Decatur","82","0","0"
"10-17 years","Decatur","240","0","0"
"18-29 years","Decatur","500","1","11"
"30-39 years","Decatur","378","1","8"
"40-49 years","Decatur","364","2","21"
"50-59 years","Decatur","325","6","33"
"60-69 years","Decatur","249","11","38"
"70-79 years","Decatur","152","22","31"
"80 & Older years","Decatur","102","20","23"
"<1 years","Decatur","13","0","0"
"Unknown years","Decatur","3","0","0"
"01-04 years","Dodge","7","0","0"
"05-09 years","Dodge","20","0","0"
"10-17 years","Dodge","103","1","1"
"18-29 years","Dodge","220","0","4"
"30-39 years","Dodge","166","0","7"
"40-49 years","Dodge","176","2","12"
"50-59 years","Dodge","193","5","21"
"60-69 years","Dodge","150","17","29"
"70-79 years","Dodge","84","17","22"
"80 & Older years","Dodge","55","14","16"
"<1 years","Dodge","6","0","0"
"01-04 years","Dooly","14","0","0"
"05-09 years","Dooly","20","0","0"
"10-17 years","Dooly","67","0","1"
"18-29 years","Dooly","133","0","5"
"30-39 years","Dooly","114","0","11"
"40-49 years","Dooly","144","1","11"
"50-59 years","Dooly","150","5","20"
"60-69 years","Dooly","134","10","24"
"70-79 years","Dooly","66","10","17"
"80 & Older years","Dooly","22","5","6"
"<1 years","Dooly","4","0","0"
"Unknown years","Dooly","10","0","0"
"01-04 years","Dougherty","98","0","3"
"05-09 years","Dougherty","162","0","0"
"10-17 years","Dougherty","337","0","8"
"18-29 years","Dougherty","1179","3","104"
"30-39 years","Dougherty","993","5","95"
"40-49 years","Dougherty","955","17","133"
"50-59 years","Dougherty","996","27","183"
"60-69 years","Dougherty","820","77","269"
"70-79 years","Dougherty","478","66","185"
"80 & Older years","Dougherty","282","97","133"
"<1 years","Dougherty","40","0","4"
"Unknown years","Dougherty","1","0","0"
"01-04 years","Douglas","227","0","6"
"05-09 years","Douglas","367","0","6"
"10-17 years","Douglas","1113","1","12"
"18-29 years","Douglas","2658","1","57"
"30-39 years","Douglas","2236","3","88"
"40-49 years","Douglas","2485","8","142"
"50-59 years","Douglas","2207","25","201"
"60-69 years","Douglas","1248","40","201"
"70-79 years","Douglas","647","63","165"
"80 & Older years","Douglas","316","53","105"
"<1 years","Douglas","47","0","5"
"Unknown years","Douglas","12","0","1"
"01-04 years","Early","28","0","0"
"05-09 years","Early","32","0","0"
"10-17 years","Early","156","0","0"
"18-29 years","Early","207","1","8"
"30-39 years","Early","188","0","5"
"40-49 years","Early","198","1","10"
"50-59 years","Early","186","3","12"
"60-69 years","Early","130","11","14"
"70-79 years","Early","83","14","18"
"80 & Older years","Early","43","12","15"
"<1 years","Early","3","0","0"
"Unknown years","Early","2","0","0"
"01-04 years","Echols","9","0","0"
"05-09 years","Echols","7","0","0"
"10-17 years","Echols","28","0","1"
"18-29 years","Echols","133","0","1"
"30-39 years","Echols","62","1","3"
"40-49 years","Echols","43","0","1"
"50-59 years","Echols","46","0","2"
"60-69 years","Echols","23","0","0"
"70-79 years","Echols","18","2","3"
"80 & Older years","Echols","4","1","2"
"<1 years","Echols","2","0","0"
"01-04 years","Effingham","93","0","2"
"05-09 years","Effingham","189","0","2"
"10-17 years","Effingham","516","0","1"
"18-29 years","Effingham","869","0","8"
"30-39 years","Effingham","812","1","19"
"40-49 years","Effingham","735","1","36"
"50-59 years","Effingham","707","14","57"
"60-69 years","Effingham","466","10","73"
"70-79 years","Effingham","250","23","69"
"80 & Older years","Effingham","116","26","37"
"<1 years","Effingham","21","0","0"
"Unknown years","Effingham","10","0","0"
"01-04 years","Elbert","21","0","0"
"05-09 years","Elbert","35","0","0"
"10-17 years","Elbert","94","0","1"
"18-29 years","Elbert","281","1","2"
"30-39 years","Elbert","203","0","8"
"40-49 years","Elbert","232","1","10"
"50-59 years","Elbert","242","1","14"
"60-69 years","Elbert","195","6","23"
"70-79 years","Elbert","167","20","36"
"80 & Older years","Elbert","131","31","39"
"<1 years","Elbert","9","0","2"
"Unknown years","Elbert","2","0","0"
"01-04 years","Emanuel","31","0","1"
"05-09 years","Emanuel","37","0","0"
"10-17 years","Emanuel","197","0","2"
"18-29 years","Emanuel","370","1","0"
"30-39 years","Emanuel","269","0","9"
"40-49 years","Emanuel","311","2","9"
"50-59 years","Emanuel","286","6","29"
"60-69 years","Emanuel","239","10","30"
"70-79 years","Emanuel","139","16","27"
"80 & Older years","Emanuel","68","20","23"
"<1 years","Emanuel","6","0","1"
"Unknown years","Emanuel","8","0","1"
"01-04 years","Evans","18","0","0"
"05-09 years","Evans","28","0","0"
"10-17 years","Evans","100","0","1"
"18-29 years","Evans","184","1","3"
"30-39 years","Evans","159","0","4"
"40-49 years","Evans","141","2","16"
"50-59 years","Evans","144","4","17"
"60-69 years","Evans","84","4","17"
"70-79 years","Evans","57","7","17"
"80 & Older years","Evans","21","3","12"
"<1 years","Evans","4","0","0"
"01-04 years","Fannin","22","0","1"
"05-09 years","Fannin","41","0","0"
"10-17 years","Fannin","161","0","0"
"18-29 years","Fannin","338","0","6"
"30-39 years","Fannin","269","0","7"
"40-49 years","Fannin","311","1","13"
"50-59 years","Fannin","416","5","27"
"60-69 years","Fannin","410","7","43"
"70-79 years","Fannin","294","20","54"
"80 & Older years","Fannin","154","33","50"
"<1 years","Fannin","5","0","0"
"Unknown years","Fannin","1","0","0"
"01-04 years","Fayette","88","0","1"
"05-09 years","Fayette","185","0","3"
"10-17 years","Fayette","681","0","5"
"18-29 years","Fayette","1387","2","11"
"30-39 years","Fayette","933","3","11"
"40-49 years","Fayette","1215","5","36"
"50-59 years","Fayette","1273","9","65"
"60-69 years","Fayette","926","25","70"
"70-79 years","Fayette","475","55","86"
"80 & Older years","Fayette","303","65","51"
"<1 years","Fayette","15","0","0"
"Unknown years","Fayette","13","0","0"
"01-04 years","Floyd","149","0","4"
"05-09 years","Floyd","251","0","1"
"10-17 years","Floyd","1000","0","11"
"18-29 years","Floyd","2202","0","36"
"30-39 years","Floyd","1644","3","54"
"40-49 years","Floyd","1591","7","95"
"50-59 years","Floyd","1554","25","161"
"60-69 years","Floyd","1126","40","202"
"70-79 years","Floyd","733","56","201"
"80 & Older years","Floyd","407","71","149"
"<1 years","Floyd","55","0","2"
"Unknown years","Floyd","80","0","3"
"01-04 years","Forsyth","305","0","4"
"05-09 years","Forsyth","758","0","2"
"10-17 years","Forsyth","2544","0","7"
"18-29 years","Forsyth","3502","0","51"
"30-39 years","Forsyth","2654","1","66"
"40-49 years","Forsyth","3507","5","149"
"50-59 years","Forsyth","3188","11","191"
"60-69 years","Forsyth","1638","25","182"
"70-79 years","Forsyth","952","65","232"
"80 & Older years","Forsyth","559","94","177"
"<1 years","Forsyth","59","0","3"
"Unknown years","Forsyth","295","0","4"
"01-04 years","Franklin","23","0","2"
"05-09 years","Franklin","65","0","0"
"10-17 years","Franklin","209","0","6"
"18-29 years","Franklin","501","0","10"
"30-39 years","Franklin","332","0","8"
"40-49 years","Franklin","372","0","14"
"50-59 years","Franklin","384","2","30"
"60-69 years","Franklin","346","4","38"
"70-79 years","Franklin","214","19","39"
"80 & Older years","Franklin","117","24","28"
"<1 years","Franklin","8","0","1"
"Unknown years","Franklin","38","0","0"
"01-04 years","Fulton","1328","0","43"
"05-09 years","Fulton","2224","0","25"
"10-17 years","Fulton","6578","1","66"
"18-29 years","Fulton","24176","5","442"
"30-39 years","Fulton","17880","29","630"
"40-49 years","Fulton","13994","43","717"
"50-59 years","Fulton","12331","128","1062"
"60-69 years","Fulton","7178","256","985"
"70-79 years","Fulton","3796","368","896"
"80 & Older years","Fulton","2680","560","844"
"<1 years","Fulton","280","0","14"
"Unknown years","Fulton","77","0","3"
"01-04 years","Gilmer","35","0","2"
"05-09 years","Gilmer","49","0","0"
"10-17 years","Gilmer","209","0","2"
"18-29 years","Gilmer","400","0","13"
"30-39 years","Gilmer","354","0","17"
"40-49 years","Gilmer","384","0","18"
"50-59 years","Gilmer","431","11","32"
"60-69 years","Gilmer","410","10","51"
"70-79 years","Gilmer","295","24","62"
"80 & Older years","Gilmer","146","35","41"
"<1 years","Gilmer","13","0","0"
"Unknown years","Gilmer","2","0","0"
"01-04 years","Glascock","1","0","0"
"05-09 years","Glascock","4","0","0"
"10-17 years","Glascock","3","0","0"
"18-29 years","Glascock","25","0","1"
"30-39 years","Glascock","19","0","0"
"40-49 years","Glascock","22","0","1"
"50-59 years","Glascock","32","2","3"
"60-69 years","Glascock","17","0","5"
"70-79 years","Glascock","26","3","9"
"80 & Older years","Glascock","9","2","5"
"<1 years","Glascock","1","0","0"
"Unknown years","Glascock","1","0","0"
"01-04 years","Glynn","151","0","2"
"05-09 years","Glynn","263","0","1"
"10-17 years","Glynn","774","0","3"
"18-29 years","Glynn","1707","0","25"
"30-39 years","Glynn","1386","5","36"
"40-49 years","Glynn","1144","4","48"
"50-59 years","Glynn","1071","12","80"
"60-69 years","Glynn","872","37","129"
"70-79 years","Glynn","548","46","91"
"80 & Older years","Glynn","305","66","95"
"<1 years","Glynn","31","0","1"
"Unknown years","Glynn","236","0","0"
"01-04 years","Gordon","98","0","1"
"05-09 years","Gordon","149","0","2"
"10-17 years","Gordon","616","0","5"
"18-29 years","Gordon","1382","1","17"
"30-39 years","Gordon","1084","2","22"
"40-49 years","Gordon","1132","5","38"
"50-59 years","Gordon","1108","15","60"
"60-69 years","Gordon","703","23","61"
"70-79 years","Gordon","391","27","82"
"80 & Older years","Gordon","204","35","59"
"<1 years","Gordon","36","0","3"
"Unknown years","Gordon","76","0","1"
"01-04 years","Grady","45","0","1"
"05-09 years","Grady","59","0","0"
"10-17 years","Grady","176","0","5"
"18-29 years","Grady","320","0","10"
"30-39 years","Grady","277","0","13"
"40-49 years","Grady","293","2","28"
"50-59 years","Grady","272","7","36"
"60-69 years","Grady","194","5","29"
"70-79 years","Grady","179","19","52"
"80 & Older years","Grady","63","18","23"
"<1 years","Grady","5","0","2"
"Unknown years","Grady","2","0","0"
"01-04 years","Greene","22","0","1"
"05-09 years","Greene","44","0","0"
"10-17 years","Greene","145","0","0"
"18-29 years","Greene","298","0","7"
"30-39 years","Greene","214","0","8"
"40-49 years","Greene","212","3","15"
"50-59 years","Greene","254","6","21"
"60-69 years","Greene","251","8","22"
"70-79 years","Greene","185","12","29"
"80 & Older years","Greene","109","27","44"
"<1 years","Greene","6","0","1"
"Unknown years","Greene","2","0","0"
"01-04 years","Gwinnett","1523","0","19"
"05-09 years","Gwinnett","2496","0","27"
"10-17 years","Gwinnett","7933","2","74"
"18-29 years","Gwinnett","20807","10","540"
"30-39 years","Gwinnett","15805","23","578"
"40-49 years","Gwinnett","16601","66","812"
"50-59 years","Gwinnett","14106","117","941"
"60-69 years","Gwinnett","7772","225","970"
"70-79 years","Gwinnett","3492","291","779"
"80 & Older years","Gwinnett","1930","415","691"
"<1 years","Gwinnett","470","0","23"
"Unknown years","Gwinnett","84","0","1"
"01-04 years","Habersham","39","0","3"
"05-09 years","Habersham","64","0","3"
"10-17 years","Habersham","338","1","8"
"18-29 years","Habersham","952","1","14"
"30-39 years","Habersham","722","2","32"
"40-49 years","Habersham","737","3","45"
"50-59 years","Habersham","759","7","65"
"60-69 years","Habersham","618","21","126"
"70-79 years","Habersham","409","52","117"
"80 & Older years","Habersham","294","72","96"
"<1 years","Habersham","11","0","4"
"Unknown years","Habersham","47","0","4"
"01-04 years","Hall","219","0","8"
"05-09 years","Hall","479","0","5"
"10-17 years","Hall","2018","0","33"
"18-29 years","Hall","5934","4","185"
"30-39 years","Hall","4003","3","219"
"40-49 years","Hall","4155","15","310"
"50-59 years","Hall","4310","39","447"
"60-69 years","Hall","2872","91","463"
"70-79 years","Hall","1841","133","527"
"80 & Older years","Hall","1019","198","414"
"<1 years","Hall","42","0","7"
"Unknown years","Hall","285","0","8"
"01-04 years","Hancock","9","0","0"
"05-09 years","Hancock","9","0","0"
"10-17 years","Hancock","38","0","1"
"18-29 years","Hancock","141","0","3"
"30-39 years","Hancock","121","0","2"
"40-49 years","Hancock","117","1","7"
"50-59 years","Hancock","149","4","16"
"60-69 years","Hancock","151","18","32"
"70-79 years","Hancock","82","20","28"
"80 & Older years","Hancock","63","23","24"
"<1 years","Hancock","4","0","0"
"01-04 years","Haralson","26","0","0"
"05-09 years","Haralson","45","0","0"
"10-17 years","Haralson","168","0","2"
"18-29 years","Haralson","382","0","3"
"30-39 years","Haralson","254","0","5"
"40-49 years","Haralson","273","2","8"
"50-59 years","Haralson","304","1","7"
"60-69 years","Haralson","210","13","25"
"70-79 years","Haralson","134","13","19"
"80 & Older years","Haralson","57","7","10"
"<1 years","Haralson","8","0","1"
"Unknown years","Haralson","3","0","0"
"01-04 years","Harris","35","0","0"
"05-09 years","Harris","48","0","0"
"10-17 years","Harris","218","0","2"
"18-29 years","Harris","408","0","7"
"30-39 years","Harris","301","0","10"
"40-49 years","Harris","421","3","15"
"50-59 years","Harris","448","8","28"
"60-69 years","Harris","365","13","57"
"70-79 years","Harris","216","26","48"
"80 & Older years","Harris","65","14","16"
"<1 years","Harris","8","0","0"
"Unknown years","Harris","7","0","0"
"01-04 years","Hart","20","0","0"
"05-09 years","Hart","27","0","1"
"10-17 years","Hart","118","0","0"
"18-29 years","Hart","336","0","2"
"30-39 years","Hart","287","0","8"
"40-49 years","Hart","261","0","12"
"50-59 years","Hart","308","3","23"
"60-69 years","Hart","246","13","32"
"70-79 years","Hart","165","8","28"
"80 & Older years","Hart","91","15","29"
"<1 years","Hart","7","0","1"
"Unknown years","Hart","16","0","0"
"01-04 years","Heard","10","0","0"
"05-09 years","Heard","23","0","0"
"10-17 years","Heard","78","0","1"
"18-29 years","Heard","127","0","1"
"30-39 years","Heard","85","0","1"
"40-49 years","Heard","127","0","10"
"50-59 years","Heard","127","1","6"
"60-69 years","Heard","93","4","11"
"70-79 years","Heard","57","7","17"
"80 & Older years","Heard","25","6","4"
"<1 years","Heard","5","0","0"
"01-04 years","Henry","311","0","9"
"05-09 years","Henry","570","0","3"
"10-17 years","Henry","1845","0","19"
"18-29 years","Henry","4416","1","50"
"30-39 years","Henry","3713","7","61"
"40-49 years","Henry","3967","16","116"
"50-59 years","Henry","3767","27","147"
"60-69 years","Henry","2082","76","120"
"70-79 years","Henry","1033","94","103"
"80 & Older years","Henry","530","102","70"
"<1 years","Henry","63","0","3"
"Unknown years","Henry","29","0","2"
"01-04 years","Houston","157","0","3"
"05-09 years","Houston","267","0","2"
"10-17 years","Houston","958","0","4"
"18-29 years","Houston","2525","4","51"
"30-39 years","Houston","2179","3","80"
"40-49 years","Houston","1993","10","119"
"50-59 years","Houston","1704","16","151"
"60-69 years","Houston","1110","49","194"
"70-79 years","Houston","611","67","183"
"80 & Older years","Houston","325","62","114"
"<1 years","Houston","35","0","3"
"Unknown years","Houston","6","0","0"
"01-04 years","Irwin","6","0","0"
"05-09 years","Irwin","12","0","0"
"10-17 years","Irwin","52","0","0"
"18-29 years","Irwin","158","0","5"
"30-39 years","Irwin","136","0","6"
"40-49 years","Irwin","146","1","10"
"50-59 years","Irwin","117","3","12"
"60-69 years","Irwin","92","1","22"
"70-79 years","Irwin","51","6","9"
"80 & Older years","Irwin","39","8","23"
"Unknown years","Irwin","2","0","0"
"01-04 years","Jackson","82","0","0"
"05-09 years","Jackson","207","0","3"
"10-17 years","Jackson","972","0","9"
"18-29 years","Jackson","1648","2","26"
"30-39 years","Jackson","1519","2","35"
"40-49 years","Jackson","1605","6","68"
"50-59 years","Jackson","1485","8","94"
"60-69 years","Jackson","1019","28","99"
"70-79 years","Jackson","672","38","127"
"80 & Older years","Jackson","329","57","109"
"<1 years","Jackson","29","0","2"
"Unknown years","Jackson","12","0","1"
"01-04 years","Jasper","6","0","0"
"05-09 years","Jasper","14","0","0"
"10-17 years","Jasper","44","0","0"
"18-29 years","Jasper","138","0","4"
"30-39 years","Jasper","113","0","2"
"40-49 years","Jasper","114","1","4"
"50-59 years","Jasper","141","2","14"
"60-69 years","Jasper","106","8","20"
"70-79 years","Jasper","58","6","12"
"80 & Older years","Jasper","22","3","6"
"<1 years","Jasper","7","0","2"
"01-04 years","Jeff Davis","36","0","0"
"05-09 years","Jeff Davis","46","0","0"
"10-17 years","Jeff Davis","138","0","2"
"18-29 years","Jeff Davis","305","0","5"
"30-39 years","Jeff Davis","247","0","9"
"40-49 years","Jeff Davis","240","0","14"
"50-59 years","Jeff Davis","219","7","22"
"60-69 years","Jeff Davis","134","8","23"
"70-79 years","Jeff Davis","95","15","21"
"80 & Older years","Jeff Davis","20","8","7"
"<1 years","Jeff Davis","3","0","1"
"Unknown years","Jeff Davis","5","0","0"
"01-04 years","Jefferson","20","0","0"
"05-09 years","Jefferson","32","0","0"
"10-17 years","Jefferson","116","0","2"
"18-29 years","Jefferson","258","0","3"
"30-39 years","Jefferson","212","0","9"
"40-49 years","Jefferson","228","3","18"
"50-59 years","Jefferson","283","5","26"
"60-69 years","Jefferson","262","12","39"
"70-79 years","Jefferson","159","19","42"
"80 & Older years","Jefferson","73","22","31"
"<1 years","Jefferson","4","0","0"
"Unknown years","Jefferson","8","0","0"
"01-04 years","Jenkins","18","0","0"
"05-09 years","Jenkins","23","0","0"
"10-17 years","Jenkins","68","0","0"
"18-29 years","Jenkins","128","0","2"
"30-39 years","Jenkins","96","2","6"
"40-49 years","Jenkins","124","2","11"
"50-59 years","Jenkins","136","6","23"
"60-69 years","Jenkins","90","7","13"
"70-79 years","Jenkins","59","13","21"
"80 & Older years","Jenkins","50","10","11"
"<1 years","Jenkins","2","0","0"
"Unknown years","Jenkins","2","0","0"
"01-04 years","Johnson","8","0","1"
"05-09 years","Johnson","11","0","0"
"10-17 years","Johnson","40","0","1"
"18-29 years","Johnson","134","0","4"
"30-39 years","Johnson","113","0","3"
"40-49 years","Johnson","108","2","6"
"50-59 years","Johnson","143","5","17"
"60-69 years","Johnson","134","8","23"
"70-79 years","Johnson","94","9","25"
"80 & Older years","Johnson","67","19","19"
"<1 years","Johnson","2","0","2"
"01-04 years","Jones","10","0","1"
"05-09 years","Jones","33","0","0"
"10-17 years","Jones","113","0","0"
"18-29 years","Jones","392","0","8"
"30-39 years","Jones","298","1","10"
"40-49 years","Jones","272","2","19"
"50-59 years","Jones","299","3","30"
"60-69 years","Jones","205","6","39"
"70-79 years","Jones","142","23","50"
"80 & Older years","Jones","85","21","26"
"<1 years","Jones","3","0","0"
"Unknown years","Jones","2","0","0"
"01-04 years","Lamar","41","0","0"
"05-09 years","Lamar","68","0","0"
"10-17 years","Lamar","188","0","4"
"18-29 years","Lamar","273","0","6"
"30-39 years","Lamar","228","0","12"
"40-49 years","Lamar","224","1","10"
"50-59 years","Lamar","220","5","32"
"60-69 years","Lamar","216","10","28"
"70-79 years","Lamar","140","13","27"
"80 & Older years","Lamar","67","20","21"
"<1 years","Lamar","19","0","1"
"01-04 years","Lanier","9","0","0"
"05-09 years","Lanier","15","0","1"
"10-17 years","Lanier","52","0","1"
"18-29 years","Lanier","129","1","1"
"30-39 years","Lanier","138","0","2"
"40-49 years","Lanier","83","1","3"
"50-59 years","Lanier","68","1","6"
"60-69 years","Lanier","44","3","3"
"70-79 years","Lanier","27","4","6"
"80 & Older years","Lanier","14","0","6"
"<1 years","Lanier","5","0","0"
"Unknown years","Lanier","1","0","0"
"01-04 years","Laurens","43","0","1"
"05-09 years","Laurens","76","0","2"
"10-17 years","Laurens","312","0","5"
"18-29 years","Laurens","839","0","11"
"30-39 years","Laurens","669","1","20"
"40-49 years","Laurens","665","5","31"
"50-59 years","Laurens","661","12","67"
"60-69 years","Laurens","530","32","89"
"70-79 years","Laurens","341","49","87"
"80 & Older years","Laurens","229","51","63"
"<1 years","Laurens","14","0","3"
"Unknown years","Laurens","3","0","0"
"01-04 years","Lee","25","0","0"
"05-09 years","Lee","41","0","3"
"10-17 years","Lee","142","0","2"
"18-29 years","Lee","308","1","12"
"30-39 years","Lee","343","1","20"
"40-49 years","Lee","341","4","33"
"50-59 years","Lee","302","10","53"
"60-69 years","Lee","207","13","37"
"70-79 years","Lee","98","14","36"
"80 & Older years","Lee","60","9","22"
"<1 years","Lee","10","0","0"
"Unknown years","Lee","1","0","0"
"01-04 years","Liberty","103","0","1"
"05-09 years","Liberty","158","0","1"
"10-17 years","Liberty","363","0","2"
"18-29 years","Liberty","1376","1","16"
"30-39 years","Liberty","751","1","27"
"40-49 years","Liberty","554","2","19"
"50-59 years","Liberty","516","12","53"
"60-69 years","Liberty","334","18","55"
"70-79 years","Liberty","150","17","56"
"80 & Older years","Liberty","64","17","25"
"<1 years","Liberty","44","0","1"
"Unknown years","Liberty","8","0","0"
"01-04 years","Lincoln","10","0","0"
"05-09 years","Lincoln","13","0","0"
"10-17 years","Lincoln","36","0","0"
"18-29 years","Lincoln","102","0","3"
"30-39 years","Lincoln","79","0","1"
"40-49 years","Lincoln","89","1","8"
"50-59 years","Lincoln","76","3","5"
"60-69 years","Lincoln","81","5","18"
"70-79 years","Lincoln","53","9","14"
"80 & Older years","Lincoln","21","7","9"
"<1 years","Lincoln","4","0","0"
"Unknown years","Lincoln","5","0","0"
"01-04 years","Long","23","0","0"
"05-09 years","Long","35","0","0"
"10-17 years","Long","100","0","0"
"18-29 years","Long","172","0","0"
"30-39 years","Long","174","0","4"
"40-49 years","Long","144","0","7"
"50-59 years","Long","100","1","11"
"60-69 years","Long","78","3","12"
"70-79 years","Long","42","6","14"
"80 & Older years","Long","18","2","7"
"<1 years","Long","10","0","0"
"Unknown years","Long","2","0","0"
"01-04 years","Lowndes","189","0","0"
"05-09 years","Lowndes","239","0","0"
"10-17 years","Lowndes","726","0","8"
"18-29 years","Lowndes","2784","4","33"
"30-39 years","Lowndes","1532","1","25"
"40-49 years","Lowndes","1200","5","52"
"50-59 years","Lowndes","1030","12","72"
"60-69 years","Lowndes","690","30","90"
"70-79 years","Lowndes","397","41","72"
"80 & Older years","Lowndes","231","58","68"
"<1 years","Lowndes","51","0","1"
"Unknown years","Lowndes","7","0","0"
"01-04 years","Lumpkin","18","0","1"
"05-09 years","Lumpkin","43","0","2"
"10-17 years","Lumpkin","165","0","3"
"18-29 years","Lumpkin","808","0","14"
"30-39 years","Lumpkin","386","0","11"
"40-49 years","Lumpkin","402","1","27"
"50-59 years","Lumpkin","452","5","51"
"60-69 years","Lumpkin","417","13","62"
"70-79 years","Lumpkin","296","18","77"
"80 & Older years","Lumpkin","148","34","74"
"<1 years","Lumpkin","8","0","1"
"Unknown years","Lumpkin","33","0","2"
"01-04 years","Macon","11","0","0"
"05-09 years","Macon","14","0","0"
"10-17 years","Macon","26","0","0"
"18-29 years","Macon","123","0","4"
"30-39 years","Macon","91","0","4"
"40-49 years","Macon","117","3","9"
"50-59 years","Macon","129","5","17"
"60-69 years","Macon","85","9","28"
"70-79 years","Macon","56","7","21"
"80 & Older years","Macon","21","9","9"
"<1 years","Macon","3","0","0"
"Unknown years","Macon","4","0","1"
"01-04 years","Madison","46","0","1"
"05-09 years","Madison","65","0","0"
"10-17 years","Madison","254","0","0"
"18-29 years","Madison","575","0","3"
"30-39 years","Madison","469","0","6"
"40-49 years","Madison","468","1","19"
"50-59 years","Madison","473","4","26"
"60-69 years","Madison","374","10","43"
"70-79 years","Madison","220","18","46"
"80 & Older years","Madison","84","14","15"
"<1 years","Madison","21","0","4"
"Unknown years","Madison","5","0","0"
"01-04 years","Marion","10","0","0"
"05-09 years","Marion","10","0","1"
"10-17 years","Marion","52","0","0"
"18-29 years","Marion","85","0","2"
"30-39 years","Marion","60","0","2"
"40-49 years","Marion","77","1","7"
"50-59 years","Marion","71","6","7"
"60-69 years","Marion","57","6","7"
"70-79 years","Marion","33","5","9"
"80 & Older years","Marion","32","5","9"
"<1 years","Marion","4","0","0"
"Unknown years","Marion","3","0","0"
"01-04 years","McDuffie","33","0","0"
"05-09 years","McDuffie","41","0","0"
"10-17 years","McDuffie","147","0","0"
"18-29 years","McDuffie","369","0","6"
"30-39 years","McDuffie","282","2","4"
"40-49 years","McDuffie","282","2","17"
"50-59 years","McDuffie","274","5","34"
"60-69 years","McDuffie","223","10","35"
"70-79 years","McDuffie","130","11","51"
"80 & Older years","McDuffie","62","15","29"
"<1 years","McDuffie","4","0","0"
"Unknown years","McDuffie","18","0","0"
"01-04 years","McIntosh","5","0","0"
"05-09 years","McIntosh","26","0","0"
"10-17 years","McIntosh","57","0","0"
"18-29 years","McIntosh","143","0","4"
"30-39 years","McIntosh","106","0","3"
"40-49 years","McIntosh","127","0","4"
"50-59 years","McIntosh","161","0","7"
"60-69 years","McIntosh","119","2","18"
"70-79 years","McIntosh","73","4","17"
"80 & Older years","McIntosh","29","8","9"
"<1 years","McIntosh","1","0","0"
"Unknown years","McIntosh","8","0","0"
"01-04 years","Meriwether","38","0","3"
"05-09 years","Meriwether","39","0","1"
"10-17 years","Meriwether","108","0","1"
"18-29 years","Meriwether","260","0","7"
"30-39 years","Meriwether","215","2","17"
"40-49 years","Meriwether","259","4","19"
"50-59 years","Meriwether","267","7","25"
"60-69 years","Meriwether","246","14","36"
"70-79 years","Meriwether","198","25","42"
"80 & Older years","Meriwether","105","29","24"
"<1 years","Meriwether","6","0","0"
"Unknown years","Meriwether","1","0","0"
"01-04 years","Miller","15","0","0"
"05-09 years","Miller","16","0","0"
"10-17 years","Miller","107","0","1"
"18-29 years","Miller","128","0","1"
"30-39 years","Miller","116","0","0"
"40-49 years","Miller","95","0","7"
"50-59 years","Miller","142","2","14"
"60-69 years","Miller","104","3","13"
"70-79 years","Miller","32","2","3"
"80 & Older years","Miller","27","2","6"
"<1 years","Miller","3","0","0"
"01-04 years","Mitchell","29","0","1"
"05-09 years","Mitchell","42","0","0"
"10-17 years","Mitchell","113","0","2"
"18-29 years","Mitchell","301","0","12"
"30-39 years","Mitchell","268","1","16"
"40-49 years","Mitchell","252","4","21"
"50-59 years","Mitchell","282","12","59"
"60-69 years","Mitchell","229","15","51"
"70-79 years","Mitchell","139","19","49"
"80 & Older years","Mitchell","98","27","33"
"<1 years","Mitchell","10","0","0"
"Unknown years","Mitchell","1","0","0"
"01-04 years","Monroe","16","0","2"
"05-09 years","Monroe","36","0","1"
"10-17 years","Monroe","125","0","0"
"18-29 years","Monroe","362","1","6"
"30-39 years","Monroe","305","0","9"
"40-49 years","Monroe","322","4","22"
"50-59 years","Monroe","366","4","29"
"60-69 years","Monroe","329","20","56"
"70-79 years","Monroe","182","24","48"
"80 & Older years","Monroe","125","42","39"
"<1 years","Monroe","3","0","1"
"01-04 years","Montgomery","12","0","0"
"05-09 years","Montgomery","9","0","0"
"10-17 years","Montgomery","60","0","1"
"18-29 years","Montgomery","183","0","1"
"30-39 years","Montgomery","127","2","5"
"40-49 years","Montgomery","143","0","2"
"50-59 years","Montgomery","131","3","9"
"60-69 years","Montgomery","109","4","13"
"70-79 years","Montgomery","64","6","12"
"80 & Older years","Montgomery","33","6","7"
"<1 years","Montgomery","2","0","0"
"Unknown years","Montgomery","1","0","0"
"01-04 years","Morgan","24","0","0"
"05-09 years","Morgan","46","0","1"
"10-17 years","Morgan","113","0","1"
"18-29 years","Morgan","249","0","5"
"30-39 years","Morgan","195","0","7"
"40-49 years","Morgan","203","1","7"
"50-59 years","Morgan","210","2","18"
"60-69 years","Morgan","165","6","20"
"70-79 years","Morgan","116","4","20"
"80 & Older years","Morgan","61","11","20"
"<1 years","Morgan","20","0","1"
"Unknown years","Morgan","1","0","0"
"01-04 years","Murray","76","0","2"
"05-09 years","Murray","114","0","2"
"10-17 years","Murray","446","0","2"
"18-29 years","Murray","963","0","11"
"30-39 years","Murray","669","1","9"
"40-49 years","Murray","828","0","26"
"50-59 years","Murray","698","9","54"
"60-69 years","Murray","470","16","76"
"70-79 years","Murray","284","37","71"
"80 & Older years","Murray","109","22","29"
"<1 years","Murray","29","0","2"
"Unknown years","Murray","1","0","0"
"01-04 years","Muscogee","303","0","8"
"05-09 years","Muscogee","489","0","0"
"10-17 years","Muscogee","1226","0","10"
"18-29 years","Muscogee","3917","5","90"
"30-39 years","Muscogee","2767","2","100"
"40-49 years","Muscogee","2303","8","136"
"50-59 years","Muscogee","2238","54","244"
"60-69 years","Muscogee","1759","94","313"
"70-79 years","Muscogee","961","113","251"
"80 & Older years","Muscogee","572","167","204"
"<1 years","Muscogee","99","0","7"
"Unknown years","Muscogee","45","0","0"
"01-04 years","Newton","107","0","2"
"05-09 years","Newton","208","0","0"
"10-17 years","Newton","578","0","11"
"18-29 years","Newton","1635","1","52"
"30-39 years","Newton","1396","2","69"
"40-49 years","Newton","1538","9","118"
"50-59 years","Newton","1428","30","143"
"60-69 years","Newton","801","42","123"
"70-79 years","Newton","532","67","116"
"80 & Older years","Newton","317","92","81"
"<1 years","Newton","36","0","4"
"Unknown years","Newton","1","0","0"
"01-04 years","Non-GA Resident/Unknown State","304","0","7"
"05-09 years","Non-GA Resident/Unknown State","492","0","5"
"10-17 years","Non-GA Resident/Unknown State","1350","0","7"
"18-29 years","Non-GA Resident/Unknown State","6162","4","71"
"30-39 years","Non-GA Resident/Unknown State","4384","3","102"
"40-49 years","Non-GA Resident/Unknown State","3669","18","132"
"50-59 years","Non-GA Resident/Unknown State","3586","58","230"
"60-69 years","Non-GA Resident/Unknown State","2599","129","316"
"70-79 years","Non-GA Resident/Unknown State","1675","148","327"
"80 & Older years","Non-GA Resident/Unknown State","923","151","216"
"<1 years","Non-GA Resident/Unknown State","167","0","2"
"Unknown years","Non-GA Resident/Unknown State","804","0","2"
"01-04 years","Oconee","40","0","0"
"05-09 years","Oconee","86","0","0"
"10-17 years","Oconee","375","0","0"
"18-29 years","Oconee","629","1","7"
"30-39 years","Oconee","409","1","5"
"40-49 years","Oconee","638","1","13"
"50-59 years","Oconee","527","5","12"
"60-69 years","Oconee","334","11","35"
"70-79 years","Oconee","193","18","24"
"80 & Older years","Oconee","141","30","42"
"<1 years","Oconee","11","0","0"
"01-04 years","Oglethorpe","20","0","0"
"05-09 years","Oglethorpe","38","0","0"
"10-17 years","Oglethorpe","105","0","1"
"18-29 years","Oglethorpe","232","0","3"
"30-39 years","Oglethorpe","165","2","2"
"40-49 years","Oglethorpe","190","1","8"
"50-59 years","Oglethorpe","190","1","18"
"60-69 years","Oglethorpe","161","1","16"
"70-79 years","Oglethorpe","117","11","16"
"80 & Older years","Oglethorpe","70","15","18"
"<1 years","Oglethorpe","11","0","0"
"01-04 years","Paulding","186","0","2"
"05-09 years","Paulding","371","0","0"
"10-17 years","Paulding","1221","0","7"
"18-29 years","Paulding","2295","1","36"
"30-39 years","Paulding","1973","2","39"
"40-49 years","Paulding","2116","8","62"
"50-59 years","Paulding","1949","19","91"
"60-69 years","Paulding","1018","39","89"
"70-79 years","Paulding","574","41","83"
"80 & Older years","Paulding","332","68","70"
"<1 years","Paulding","48","0","0"
"Unknown years","Paulding","34","0","1"
"01-04 years","Peach","20","0","2"
"05-09 years","Peach","27","0","0"
"10-17 years","Peach","101","0","2"
"18-29 years","Peach","467","2","14"
"30-39 years","Peach","374","0","18"
"40-49 years","Peach","284","4","26"
"50-59 years","Peach","340","11","50"
"60-69 years","Peach","294","14","59"
"70-79 years","Peach","146","16","45"
"80 & Older years","Peach","74","16","30"
"<1 years","Peach","4","0","0"
"01-04 years","Pickens","29","0","2"
"05-09 years","Pickens","45","0","1"
"10-17 years","Pickens","165","0","1"
"18-29 years","Pickens","440","0","7"
"30-39 years","Pickens","370","0","14"
"40-49 years","Pickens","449","0","21"
"50-59 years","Pickens","489","4","34"
"60-69 years","Pickens","388","10","53"
"70-79 years","Pickens","300","23","75"
"80 & Older years","Pickens","131","27","40"
"<1 years","Pickens","4","0","1"
"01-04 years","Pierce","28","0","0"
"05-09 years","Pierce","36","0","0"
"10-17 years","Pierce","125","1","1"
"18-29 years","Pierce","286","0","6"
"30-39 years","Pierce","195","0","6"
"40-49 years","Pierce","259","0","18"
"50-59 years","Pierce","228","5","25"
"60-69 years","Pierce","181","13","45"
"70-79 years","Pierce","129","16","41"
"80 & Older years","Pierce","57","16","18"
"<1 years","Pierce","13","0","1"
"Unknown years","Pierce","12","0","0"
"01-04 years","Pike","36","0","0"
"05-09 years","Pike","38","0","0"
"10-17 years","Pike","136","0","1"
"18-29 years","Pike","199","1","7"
"30-39 years","Pike","183","0","3"
"40-49 years","Pike","228","2","13"
"50-59 years","Pike","186","5","13"
"60-69 years","Pike","136","4","20"
"70-79 years","Pike","92","9","24"
"80 & Older years","Pike","37","8","10"
"<1 years","Pike","5","0","0"
"Unknown years","Pike","1","0","0"
"01-04 years","Polk","51","0","1"
"05-09 years","Polk","94","0","2"
"10-17 years","Polk","358","0","3"
"18-29 years","Polk","900","0","16"
"30-39 years","Polk","636","1","21"
"40-49 years","Polk","636","3","40"
"50-59 years","Polk","655","12","87"
"60-69 years","Polk","422","17","77"
"70-79 years","Polk","340","27","97"
"80 & Older years","Polk","154","28","58"
"<1 years","Polk","28","0","1"
"Unknown years","Polk","28","0","0"
"01-04 years","Pulaski","5","0","0"
"05-09 years","Pulaski","11","0","0"
"10-17 years","Pulaski","45","0","1"
"18-29 years","Pulaski","98","0","2"
"30-39 years","Pulaski","99","0","2"
"40-49 years","Pulaski","97","0","10"
"50-59 years","Pulaski","111","0","6"
"60-69 years","Pulaski","97","8","13"
"70-79 years","Pulaski","48","13","16"
"80 & Older years","Pulaski","40","11","7"
"<1 years","Pulaski","3","0","0"
"01-04 years","Putnam","30","0","0"
"05-09 years","Putnam","54","0","1"
"10-17 years","Putnam","151","0","2"
"18-29 years","Putnam","345","0","4"
"30-39 years","Putnam","288","0","7"
"40-49 years","Putnam","266","2","13"
"50-59 years","Putnam","345","2","25"
"60-69 years","Putnam","301","15","36"
"70-79 years","Putnam","226","23","58"
"80 & Older years","Putnam","93","22","38"
"<1 years","Putnam","7","0","1"
"Unknown years","Putnam","1","0","0"
"01-04 years","Quitman","1","0","0"
"05-09 years","Quitman","4","0","0"
"10-17 years","Quitman","7","0","0"
"18-29 years","Quitman","14","0","1"
"30-39 years","Quitman","4","0","1"
"40-49 years","Quitman","3","0","1"
"50-59 years","Quitman","16","0","1"
"60-69 years","Quitman","26","1","5"
"70-79 years","Quitman","3","0","1"
"80 & Older years","Quitman","7","1","2"
"<1 years","Quitman","2","0","0"
"01-04 years","Rabun","20","0","0"
"05-09 years","Rabun","33","0","0"
"10-17 years","Rabun","132","0","1"
"18-29 years","Rabun","252","0","5"
"30-39 years","Rabun","212","1","12"
"40-49 years","Rabun","227","0","12"
"50-59 years","Rabun","259","3","26"
"60-69 years","Rabun","251","10","37"
"70-79 years","Rabun","197","12","41"
"80 & Older years","Rabun","85","18","31"
"<1 years","Rabun","5","0","1"
"Unknown years","Rabun","11","0","0"
"01-04 years","Randolph","3","0","0"
"05-09 years","Randolph","8","0","0"
"10-17 years","Randolph","15","0","1"
"18-29 years","Randolph","71","0","3"
"30-39 years","Randolph","80","2","8"
"40-49 years","Randolph","66","0","7"
"50-59 years","Randolph","99","3","21"
"60-69 years","Randolph","77","9","17"
"70-79 years","Randolph","50","4","16"
"80 & Older years","Randolph","48","15","16"
"<1 years","Randolph","1","0","0"
"Unknown years","Randolph","2","0","0"
"01-04 years","Richmond","346","0","1"
"05-09 years","Richmond","669","0","4"
"10-17 years","Richmond","1765","0","17"
"18-29 years","Richmond","5134","9","70"
"30-39 years","Richmond","3807","8","98"
"40-49 years","Richmond","3035","19","136"
"50-59 years","Richmond","2914","44","246"
"60-69 years","Richmond","2144","87","294"
"70-79 years","Richmond","1157","118","319"
"80 & Older years","Richmond","702","164","283"
"<1 years","Richmond","102","0","4"
"Unknown years","Richmond","24","0","1"
"01-04 years","Rockdale","78","0","4"
"05-09 years","Rockdale","162","0","1"
"10-17 years","Rockdale","471","0","10"
"18-29 years","Rockdale","1387","2","81"
"30-39 years","Rockdale","1141","3","106"
"40-49 years","Rockdale","1212","7","129"
"50-59 years","Rockdale","1173","15","194"
"60-69 years","Rockdale","715","32","168"
"70-79 years","Rockdale","410","53","156"
"80 & Older years","Rockdale","224","49","105"
"<1 years","Rockdale","17","0","2"
"Unknown years","Rockdale","2","0","0"
"01-04 years","Schley","6","0","0"
"05-09 years","Schley","6","0","0"
"10-17 years","Schley","25","0","0"
"18-29 years","Schley","54","0","2"
"30-39 years","Schley","28","0","0"
"40-49 years","Schley","45","0","5"
"50-59 years","Schley","35","0","4"
"60-69 years","Schley","30","1","8"
"70-79 years","Schley","14","2","3"
"80 & Older years","Schley","7","2","2"
"<1 years","Schley","1","0","0"
"01-04 years","Screven","14","0","0"
"05-09 years","Screven","26","0","0"
"10-17 years","Screven","104","0","0"
"18-29 years","Screven","165","0","3"
"30-39 years","Screven","151","0","3"
"40-49 years","Screven","124","1","8"
"50-59 years","Screven","128","2","16"
"60-69 years","Screven","145","2","16"
"70-79 years","Screven","84","8","19"
"80 & Older years","Screven","38","8","11"
"<1 years","Screven","6","0","0"
"Unknown years","Screven","1","0","0"
"01-04 years","Seminole","17","0","0"
"05-09 years","Seminole","27","0","0"
"10-17 years","Seminole","87","0","0"
"18-29 years","Seminole","139","0","1"
"30-39 years","Seminole","113","0","4"
"40-49 years","Seminole","114","0","9"
"50-59 years","Seminole","129","1","6"
"60-69 years","Seminole","151","4","30"
"70-79 years","Seminole","77","6","16"
"80 & Older years","Seminole","35","7","16"
"<1 years","Seminole","5","0","0"
"01-04 years","Spalding","93","0","4"
"05-09 years","Spalding","108","0","1"
"10-17 years","Spalding","284","0","5"
"18-29 years","Spalding","857","1","38"
"30-39 years","Spalding","725","3","39"
"40-49 years","Spalding","728","5","63"
"50-59 years","Spalding","752","18","95"
"60-69 years","Spalding","569","40","108"
"70-79 years","Spalding","406","53","104"
"80 & Older years","Spalding","244","53","73"
"<1 years","Spalding","17","0","0"
"Unknown years","Spalding","20","0","0"
"01-04 years","Stephens","20","0","0"
"05-09 years","Stephens","49","0","1"
"10-17 years","Stephens","210","0","2"
"18-29 years","Stephens","597","1","14"
"30-39 years","Stephens","383","0","8"
"40-49 years","Stephens","478","1","25"
"50-59 years","Stephens","498","5","39"
"60-69 years","Stephens","473","23","68"
"70-79 years","Stephens","332","23","71"
"80 & Older years","Stephens","165","27","41"
"<1 years","Stephens","5","0","0"
"Unknown years","Stephens","19","0","0"
"01-04 years","Stewart","6","0","1"
"05-09 years","Stewart","4","0","0"
"10-17 years","Stewart","16","0","0"
"18-29 years","Stewart","292","0","22"
"30-39 years","Stewart","304","1","26"
"40-49 years","Stewart","192","2","23"
"50-59 years","Stewart","106","2","15"
"60-69 years","Stewart","74","13","28"
"70-79 years","Stewart","26","3","6"
"80 & Older years","Stewart","22","5","7"
"<1 years","Stewart","1","0","0"
"Unknown years","Stewart","19","0","4"
"01-04 years","Sumter","37","0","0"
"05-09 years","Sumter","45","0","0"
"10-17 years","Sumter","117","0","4"
"18-29 years","Sumter","394","1","12"
"30-39 years","Sumter","308","1","25"
"40-49 years","Sumter","294","5","26"
"50-59 years","Sumter","317","4","46"
"60-69 years","Sumter","274","28","73"
"70-79 years","Sumter","172","28","50"
"80 & Older years","Sumter","118","31","50"
"<1 years","Sumter","13","0","0"
"Unknown years","Sumter","9","0","0"
"01-04 years","Talbot","9","0","0"
"05-09 years","Talbot","12","0","0"
"10-17 years","Talbot","36","0","0"
"18-29 years","Talbot","70","0","2"
"30-39 years","Talbot","45","0","2"
"40-49 years","Talbot","73","1","4"
"50-59 years","Talbot","76","4","6"
"60-69 years","Talbot","66","5","17"
"70-79 years","Talbot","38","6","7"
"80 & Older years","Talbot","21","4","9"
"<1 years","Talbot","1","0","0"
"Unknown years","Talbot","2","0","0"
"01-04 years","Taliaferro","2","0","0"
"05-09 years","Taliaferro","1","0","0"
"10-17 years","Taliaferro","10","0","0"
"18-29 years","Taliaferro","15","0","0"
"30-39 years","Taliaferro","17","0","0"
"40-49 years","Taliaferro","20","0","2"
"50-59 years","Taliaferro","10","0","0"
"60-69 years","Taliaferro","21","1","3"
"70-79 years","Taliaferro","10","1","3"
"80 & Older years","Taliaferro","4","1","2"
"01-04 years","Tattnall","45","0","0"
"05-09 years","Tattnall","65","0","0"
"10-17 years","Tattnall","199","0","1"
"18-29 years","Tattnall","381","1","3"
"30-39 years","Tattnall","334","1","8"
"40-49 years","Tattnall","338","0","8"
"50-59 years","Tattnall","364","7","24"
"60-69 years","Tattnall","265","16","38"
"70-79 years","Tattnall","138","21","40"
"80 & Older years","Tattnall","54","6","10"
"<1 years","Tattnall","13","0","1"
"Unknown years","Tattnall","1","0","0"
"01-04 years","Taylor","13","0","1"
"05-09 years","Taylor","16","0","0"
"10-17 years","Taylor","55","0","1"
"18-29 years","Taylor","95","0","2"
"30-39 years","Taylor","58","0","4"
"40-49 years","Taylor","100","1","11"
"50-59 years","Taylor","85","2","18"
"60-69 years","Taylor","71","6","19"
"70-79 years","Taylor","35","6","12"
"80 & Older years","Taylor","24","8","9"
"<1 years","Taylor","4","0","0"
"Unknown years","Taylor","1","0","0"
"01-04 years","Telfair","13","0","0"
"05-09 years","Telfair","20","0","0"
"10-17 years","Telfair","35","0","1"
"18-29 years","Telfair","156","0","3"
"30-39 years","Telfair","113","1","4"
"40-49 years","Telfair","121","2","7"
"50-59 years","Telfair","123","5","12"
"60-69 years","Telfair","109","10","19"
"70-79 years","Telfair","73","14","20"
"80 & Older years","Telfair","45","16","13"
"<1 years","Telfair","6","0","0"
"Unknown years","Telfair","2","0","0"
"01-04 years","Terrell","10","0","0"
"05-09 years","Terrell","14","0","0"
"10-17 years","Terrell","46","0","0"
"18-29 years","Terrell","91","0","6"
"30-39 years","Terrell","86","0","10"
"40-49 years","Terrell","73","0","9"
"50-59 years","Terrell","114","4","19"
"60-69 years","Terrell","98","13","35"
"70-79 years","Terrell","63","18","28"
"80 & Older years","Terrell","39","13","16"
"<1 years","Terrell","1","0","0"
"01-04 years","Thomas","91","0","1"
"05-09 years","Thomas","151","0","0"
"10-17 years","Thomas","441","0","3"
"18-29 years","Thomas","773","1","33"
"30-39 years","Thomas","627","3","25"
"40-49 years","Thomas","649","4","38"
"50-59 years","Thomas","666","13","60"
"60-69 years","Thomas","521","14","101"
"70-79 years","Thomas","304","36","83"
"80 & Older years","Thomas","191","49","63"
"<1 years","Thomas","28","0","2"
"Unknown years","Thomas","2","0","0"
"01-04 years","Tift","58","0","4"
"05-09 years","Tift","102","0","3"
"10-17 years","Tift","331","0","7"
"18-29 years","Tift","895","0","20"
"30-39 years","Tift","664","1","31"
"40-49 years","Tift","623","8","62"
"50-59 years","Tift","519","10","73"
"60-69 years","Tift","404","21","82"
"70-79 years","Tift","262","30","92"
"80 & Older years","Tift","153","36","62"
"<1 years","Tift","20","0","0"
"Unknown years","Tift","9","0","0"
"01-04 years","Toombs","36","0","0"
"05-09 years","Toombs","71","0","0"
"10-17 years","Toombs","246","0","2"
"18-29 years","Toombs","674","0","7"
"30-39 years","Toombs","530","0","7"
"40-49 years","Toombs","519","1","29"
"50-59 years","Toombs","502","9","36"
"60-69 years","Toombs","452","18","59"
"70-79 years","Toombs","298","35","50"
"80 & Older years","Toombs","176","44","35"
"<1 years","Toombs","13","0","0"
"Unknown years","Toombs","7","0","0"
"01-04 years","Towns","5","0","0"
"05-09 years","Towns","8","0","0"
"10-17 years","Towns","50","0","1"
"18-29 years","Towns","159","0","4"
"30-39 years","Towns","102","1","3"
"40-49 years","Towns","127","2","6"
"50-59 years","Towns","208","2","22"
"60-69 years","Towns","261","4","24"
"70-79 years","Towns","185","11","42"
"80 & Older years","Towns","137","29","56"
"<1 years","Towns","1","0","0"
"Unknown years","Towns","2","0","0"
"01-04 years","Treutlen","9","0","0"
"05-09 years","Treutlen","21","0","1"
"10-17 years","Treutlen","57","0","0"
"18-29 years","Treutlen","134","0","2"
"30-39 years","Treutlen","122","0","5"
"40-49 years","Treutlen","115","2","5"
"50-59 years","Treutlen","117","1","9"
"60-69 years","Treutlen","76","6","15"
"70-79 years","Treutlen","60","14","11"
"80 & Older years","Treutlen","35","10","9"
"01-04 years","Troup","171","0","3"
"05-09 years","Troup","232","0","1"
"10-17 years","Troup","632","0","8"
"18-29 years","Troup","1426","2","32"
"30-39 years","Troup","1086","7","49"
"40-49 years","Troup","943","8","57"
"50-59 years","Troup","954","18","123"
"60-69 years","Troup","723","40","114"
"70-79 years","Troup","388","51","112"
"80 & Older years","Troup","273","82","75"
"<1 years","Troup","53","0","1"
"Unknown years","Troup","5","0","0"
"01-04 years","Turner","8","0","0"
"05-09 years","Turner","10","0","1"
"10-17 years","Turner","25","0","0"
"18-29 years","Turner","104","0","2"
"30-39 years","Turner","113","0","11"
"40-49 years","Turner","119","0","6"
"50-59 years","Turner","103","2","15"
"60-69 years","Turner","91","9","29"
"70-79 years","Turner","56","9","14"
"80 & Older years","Turner","36","16","15"
"<1 years","Turner","3","0","1"
"01-04 years","Twiggs","13","0","0"
"05-09 years","Twiggs","9","0","1"
"10-17 years","Twiggs","36","0","1"
"18-29 years","Twiggs","79","0","2"
"30-39 years","Twiggs","73","1","5"
"40-49 years","Twiggs","74","1","7"
"50-59 years","Twiggs","107","3","18"
"60-69 years","Twiggs","108","11","37"
"70-79 years","Twiggs","65","10","24"
"80 & Older years","Twiggs","28","14","18"
"<1 years","Twiggs","1","0","0"
"01-04 years","Union","14","0","0"
"05-09 years","Union","23","0","0"
"10-17 years","Union","89","0","2"
"18-29 years","Union","284","1","2"
"30-39 years","Union","252","0","3"
"40-49 years","Union","253","1","14"
"50-59 years","Union","346","5","27"
"60-69 years","Union","435","7","57"
"70-79 years","Union","378","23","75"
"80 & Older years","Union","224","44","72"
"<1 years","Union","1","0","0"
"Unknown years","Union","12","0","1"
"01-04 years","Unknown","31","0","0"
"05-09 years","Unknown","64","0","1"
"10-17 years","Unknown","195","0","0"
"18-29 years","Unknown","769","1","5"
"30-39 years","Unknown","398","0","10"
"40-49 years","Unknown","362","1","4"
"50-59 years","Unknown","317","1","7"
"60-69 years","Unknown","168","0","10"
"70-79 years","Unknown","117","1","11"
"80 & Older years","Unknown","42","1","6"
"<1 years","Unknown","30","0","0"
"Unknown years","Unknown","94","0","3"
"01-04 years","Upson","48","0","1"
"05-09 years","Upson","67","0","0"
"10-17 years","Upson","171","0","2"
"18-29 years","Upson","357","0","8"
"30-39 years","Upson","254","2","10"
"40-49 years","Upson","275","1","15"
"50-59 years","Upson","288","7","29"
"60-69 years","Upson","257","24","44"
"70-79 years","Upson","180","36","52"
"80 & Older years","Upson","114","42","40"
"<1 years","Upson","17","0","0"
"Unknown years","Upson","4","0","0"
"01-04 years","Walker","111","0","1"
"05-09 years","Walker","186","0","1"
"10-17 years","Walker","630","0","4"
"18-29 years","Walker","1314","0","20"
"30-39 years","Walker","1028","1","19"
"40-49 years","Walker","1201","3","35"
"50-59 years","Walker","1028","5","42"
"60-69 years","Walker","852","18","75"
"70-79 years","Walker","539","28","64"
"80 & Older years","Walker","263","28","39"
"<1 years","Walker","46","0","2"
"Unknown years","Walker","115","0","2"
"01-04 years","Walton","97","0","1"
"05-09 years","Walton","211","0","1"
"10-17 years","Walton","708","0","7"
"18-29 years","Walton","1536","2","35"
"30-39 years","Walton","1325","0","30"
"40-49 years","Walton","1442","3","58"
"50-59 years","Walton","1407","18","97"
"60-69 years","Walton","968","35","103"
"70-79 years","Walton","708","77","122"
"80 & Older years","Walton","420","108","88"
"<1 years","Walton","34","0","2"
"Unknown years","Walton","12","0","0"
"01-04 years","Ware","86","0","1"
"05-09 years","Ware","103","0","0"
"10-17 years","Ware","321","0","4"
"18-29 years","Ware","682","1","7"
"30-39 years","Ware","560","2","23"
"40-49 years","Ware","481","3","34"
"50-59 years","Ware","480","19","80"
"60-69 years","Ware","355","28","75"
"70-79 years","Ware","285","43","103"
"80 & Older years","Ware","223","66","65"
"<1 years","Ware","28","0","2"
"Unknown years","Ware","1","0","0"
"01-04 years","Warren","7","0","0"
"05-09 years","Warren","7","0","0"
"10-17 years","Warren","30","0","0"
"18-29 years","Warren","75","0","3"
"30-39 years","Warren","58","0","5"
"40-49 years","Warren","60","2","6"
"50-59 years","Warren","73","2","8"
"60-69 years","Warren","47","3","9"
"70-79 years","Warren","39","6","15"
"80 & Older years","Warren","20","4","8"
"<1 years","Warren","4","0","1"
"Unknown years","Warren","5","0","0"
"01-04 years","Washington","30","0","0"
"05-09 years","Washington","42","0","0"
"10-17 years","Washington","144","0","2"
"18-29 years","Washington","304","0","8"
"30-39 years","Washington","288","0","9"
"40-49 years","Washington","290","4","14"
"50-59 years","Washington","266","6","16"
"60-69 years","Washington","240","15","32"
"70-79 years","Washington","126","10","22"
"80 & Older years","Washington","81","26","15"
"<1 years","Washington","14","0","0"
"Unknown years","Washington","2","0","0"
"01-04 years","Wayne","37","0","1"
"05-09 years","Wayne","51","0","0"
"10-17 years","Wayne","207","0","1"
"18-29 years","Wayne","519","0","12"
"30-39 years","Wayne","502","1","16"
"40-49 years","Wayne","567","2","42"
"50-59 years","Wayne","487","10","47"
"60-69 years","Wayne","383","19","75"
"70-79 years","Wayne","286","26","80"
"80 & Older years","Wayne","129","25","27"
"<1 years","Wayne","6","0","1"
"Unknown years","Wayne","1","0","0"
"10-17 years","Webster","6","0","0"
"18-29 years","Webster","23","0","1"
"30-39 years","Webster","10","0","1"
"40-49 years","Webster","19","0","2"
"50-59 years","Webster","22","2","6"
"60-69 years","Webster","24","1","4"
"70-79 years","Webster","8","0","2"
"80 & Older years","Webster","4","1","1"
"Unknown years","Webster","3","0","0"
"01-04 years","Wheeler","2","0","0"
"05-09 years","Wheeler","7","0","1"
"10-17 years","Wheeler","30","0","0"
"18-29 years","Wheeler","72","0","0"
"30-39 years","Wheeler","83","2","3"
"40-49 years","Wheeler","91","1","3"
"50-59 years","Wheeler","99","7","12"
"60-69 years","Wheeler","60","4","8"
"70-79 years","Wheeler","44","5","11"
"80 & Older years","Wheeler","9","3","1"
"<1 years","Wheeler","2","0","0"
"Unknown years","Wheeler","23","0","1"
"01-04 years","White","26","0","1"
"05-09 years","White","71","0","1"
"10-17 years","White","264","0","2"
"18-29 years","White","522","1","9"
"30-39 years","White","382","1","9"
"40-49 years","White","484","2","19"
"50-59 years","White","537","5","49"
"60-69 years","White","488","13","70"
"70-79 years","White","354","17","87"
"80 & Older years","White","198","36","74"
"<1 years","White","4","0","0"
"Unknown years","White","24","0","0"
"01-04 years","Whitfield","236","0","3"
"05-09 years","Whitfield","457","0","3"
"10-17 years","Whitfield","1491","0","7"
"18-29 years","Whitfield","3763","2","54"
"30-39 years","Whitfield","2504","5","69"
"40-49 years","Whitfield","2563","5","84"
"50-59 years","Whitfield","2313","30","146"
"60-69 years","Whitfield","1365","39","168"
"70-79 years","Whitfield","762","59","156"
"80 & Older years","Whitfield","436","98","125"
"<1 years","Whitfield","72","0","5"
"Unknown years","Whitfield","2","0","0"
"01-04 years","Wilcox","15","0","1"
"05-09 years","Wilcox","18","0","0"
"10-17 years","Wilcox","37","0","0"
"18-29 years","Wilcox","53","0","1"
"30-39 years","Wilcox","58","0","1"
"40-49 years","Wilcox","76","0","12"
"50-59 years","Wilcox","89","2","16"
"60-69 years","Wilcox","98","10","26"
"70-79 years","Wilcox","55","11","11"
"80 & Older years","Wilcox","26","8","8"
"<1 years","Wilcox","5","0","0"
"01-04 years","Wilkes","9","0","0"
"05-09 years","Wilkes","17","0","0"
"10-17 years","Wilkes","58","0","0"
"18-29 years","Wilkes","127","0","1"
"30-39 years","Wilkes","92","0","5"
"40-49 years","Wilkes","114","1","12"
"50-59 years","Wilkes","107","2","6"
"60-69 years","Wilkes","88","4","18"
"70-79 years","Wilkes","68","8","21"
"80 & Older years","Wilkes","36","8","16"
"<1 years","Wilkes","3","0","0"
"Unknown years","Wilkes","1","0","0"
"01-04 years","Wilkinson","11","0","0"
"05-09 years","Wilkinson","16","0","0"
"10-17 years","Wilkinson","53","0","1"
"18-29 years","Wilkinson","129","0","3"
"30-39 years","Wilkinson","108","0","8"
"40-49 years","Wilkinson","103","0","7"
"50-59 years","Wilkinson","170","4","28"
"60-69 years","Wilkinson","148","12","42"
"70-79 years","Wilkinson","60","6","22"
"80 & Older years","Wilkinson","39","5","16"
"<1 years","Wilkinson","2","0","0"
"01-04 years","Worth","17","0","0"
"05-09 years","Worth","21","0","0"
"10-17 years","Worth","94","0","3"
"18-29 years","Worth","213","0","11"
"30-39 years","Worth","180","0","14"
"40-49 years","Worth","183","1","21"
"50-59 years","Worth","212","7","29"
"60-69 years","Worth","209","19","54"
"70-79 years","Worth","126","16","35"
"80 & Older years","Worth","74","19","27"
"<1 years","Worth","5","0","0"
"Unknown years","Worth","1","0","0"
