"age group","county name","cases","deaths","hospitalization"
"01-04 years","Georgia","9437","1","172"
"05-09 years","Georgia","15456","2","134"
"10-17 years","Georgia","54083","6","534"
"18-29 years","Georgia","170292","86","3143"
"30-39 years","Georgia","121686","197","4090"
"40-49 years","Georgia","118345","445","5954"
"50-59 years","Georgia","112480","1170","8771"
"60-69 years","Georgia","76344","2503","10399"
"70-79 years","Georgia","45096","3618","9822"
"80 & Older years","Georgia","26462","4875","7708"
"<1 years","Georgia","2622","0","129"
"Unknown years","Georgia","6925","4","97"
"01-04 years","Appling","23","0","0"
"05-09 years","Appling","47","0","0"
"10-17 years","Appling","146","0","1"
"18-29 years","Appling","320","1","4"
"30-39 years","Appling","231","1","5"
"40-49 years","Appling","232","3","17"
"50-59 years","Appling","262","6","21"
"60-69 years","Appling","225","11","40"
"70-79 years","Appling","147","13","29"
"80 & Older years","Appling","69","15","25"
"<1 years","Appling","4","0","0"
"Unknown years","Appling","2","0","0"
"01-04 years","Atkinson","5","0","1"
"05-09 years","Atkinson","18","0","1"
"10-17 years","Atkinson","47","0","0"
"18-29 years","Atkinson","161","0","8"
"30-39 years","Atkinson","118","0","9"
"40-49 years","Atkinson","122","1","21"
"50-59 years","Atkinson","131","1","21"
"60-69 years","Atkinson","78","4","23"
"70-79 years","Atkinson","45","4","13"
"80 & Older years","Atkinson","14","5","10"
"<1 years","Atkinson","3","0","0"
"01-04 years","Bacon","17","0","0"
"05-09 years","Bacon","23","0","0"
"10-17 years","Bacon","67","0","1"
"18-29 years","Bacon","228","0","1"
"30-39 years","Bacon","129","0","4"
"40-49 years","Bacon","157","1","11"
"50-59 years","Bacon","145","2","16"
"60-69 years","Bacon","115","8","19"
"70-79 years","Bacon","73","6","14"
"80 & Older years","Bacon","37","8","7"
"<1 years","Bacon","6","0","0"
"Unknown years","Bacon","1","0","0"
"01-04 years","Baker","5","0","0"
"05-09 years","Baker","4","0","0"
"10-17 years","Baker","9","0","0"
"18-29 years","Baker","22","0","0"
"30-39 years","Baker","21","0","2"
"40-49 years","Baker","13","0","1"
"50-59 years","Baker","19","0","1"
"60-69 years","Baker","30","2","14"
"70-79 years","Baker","18","2","10"
"80 & Older years","Baker","8","2","3"
"<1 years","Baker","2","0","0"
"01-04 years","Baldwin","28","0","0"
"05-09 years","Baldwin","49","0","0"
"10-17 years","Baldwin","167","1","5"
"18-29 years","Baldwin","1197","0","14"
"30-39 years","Baldwin","423","1","15"
"40-49 years","Baldwin","445","2","29"
"50-59 years","Baldwin","458","10","49"
"60-69 years","Baldwin","360","19","62"
"70-79 years","Baldwin","245","21","49"
"80 & Older years","Baldwin","138","36","47"
"<1 years","Baldwin","11","0","0"
"01-04 years","Banks","7","0","0"
"05-09 years","Banks","20","0","1"
"10-17 years","Banks","94","0","2"
"18-29 years","Banks","268","0","6"
"30-39 years","Banks","182","0","4"
"40-49 years","Banks","198","0","15"
"50-59 years","Banks","228","1","21"
"60-69 years","Banks","188","4","36"
"70-79 years","Banks","146","12","53"
"80 & Older years","Banks","78","11","27"
"<1 years","Banks","5","0","1"
"Unknown years","Banks","48","0","1"
"01-04 years","Barrow","78","0","0"
"05-09 years","Barrow","138","0","0"
"10-17 years","Barrow","525","0","7"
"18-29 years","Barrow","1507","1","31"
"30-39 years","Barrow","1283","1","38"
"40-49 years","Barrow","1313","4","55"
"50-59 years","Barrow","1107","5","81"
"60-69 years","Barrow","742","19","118"
"70-79 years","Barrow","447","27","92"
"80 & Older years","Barrow","214","41","74"
"<1 years","Barrow","27","0","2"
"Unknown years","Barrow","23","0","0"
"01-04 years","Bartow","82","0","3"
"05-09 years","Bartow","177","0","2"
"10-17 years","Bartow","763","0","7"
"18-29 years","Bartow","1738","0","17"
"30-39 years","Bartow","1413","4","35"
"40-49 years","Bartow","1471","1","61"
"50-59 years","Bartow","1509","11","113"
"60-69 years","Bartow","901","25","121"
"70-79 years","Bartow","635","55","135"
"80 & Older years","Bartow","304","59","94"
"<1 years","Bartow","27","0","2"
"Unknown years","Bartow","121","0","7"
"01-04 years","Ben Hill","28","0","1"
"05-09 years","Ben Hill","19","0","0"
"10-17 years","Ben Hill","95","0","0"
"18-29 years","Ben Hill","249","0","4"
"30-39 years","Ben Hill","205","3","9"
"40-49 years","Ben Hill","191","1","9"
"50-59 years","Ben Hill","232","4","27"
"60-69 years","Ben Hill","197","11","26"
"70-79 years","Ben Hill","141","18","50"
"80 & Older years","Ben Hill","67","13","16"
"<1 years","Ben Hill","5","0","0"
"Unknown years","Ben Hill","2","0","0"
"01-04 years","Berrien","15","0","0"
"05-09 years","Berrien","19","0","0"
"10-17 years","Berrien","78","0","1"
"18-29 years","Berrien","179","0","0"
"30-39 years","Berrien","146","0","3"
"40-49 years","Berrien","130","0","4"
"50-59 years","Berrien","154","2","15"
"60-69 years","Berrien","115","5","16"
"70-79 years","Berrien","76","8","13"
"80 & Older years","Berrien","45","9","11"
"<1 years","Berrien","2","0","0"
"Unknown years","Berrien","1","0","0"
"01-04 years","Bibb","128","0","4"
"05-09 years","Bibb","169","0","0"
"10-17 years","Bibb","570","0","7"
"18-29 years","Bibb","2649","1","71"
"30-39 years","Bibb","1893","5","96"
"40-49 years","Bibb","1883","10","177"
"50-59 years","Bibb","1759","17","228"
"60-69 years","Bibb","1396","66","346"
"70-79 years","Bibb","856","93","288"
"80 & Older years","Bibb","530","112","247"
"<1 years","Bibb","42","0","4"
"Unknown years","Bibb","17","0","0"
"01-04 years","Bleckley","3","0","0"
"05-09 years","Bleckley","13","0","0"
"10-17 years","Bleckley","65","0","0"
"18-29 years","Bleckley","181","0","3"
"30-39 years","Bleckley","84","0","2"
"40-49 years","Bleckley","100","1","2"
"50-59 years","Bleckley","97","2","4"
"60-69 years","Bleckley","82","7","10"
"70-79 years","Bleckley","63","4","12"
"80 & Older years","Bleckley","62","18","12"
"<1 years","Bleckley","3","0","0"
"01-04 years","Brantley","12","0","0"
"05-09 years","Brantley","11","0","0"
"10-17 years","Brantley","72","0","1"
"18-29 years","Brantley","141","0","1"
"30-39 years","Brantley","104","0","3"
"40-49 years","Brantley","114","1","5"
"50-59 years","Brantley","134","2","12"
"60-69 years","Brantley","100","3","11"
"70-79 years","Brantley","76","9","18"
"80 & Older years","Brantley","42","7","10"
"<1 years","Brantley","1","0","0"
"01-04 years","Brooks","14","0","1"
"05-09 years","Brooks","19","0","0"
"10-17 years","Brooks","79","0","0"
"18-29 years","Brooks","164","0","0"
"30-39 years","Brooks","117","0","2"
"40-49 years","Brooks","112","1","11"
"50-59 years","Brooks","135","2","19"
"60-69 years","Brooks","96","6","14"
"70-79 years","Brooks","78","10","19"
"80 & Older years","Brooks","55","14","15"
"<1 years","Brooks","3","0","0"
"01-04 years","Bryan","39","0","0"
"05-09 years","Bryan","61","0","0"
"10-17 years","Bryan","205","0","1"
"18-29 years","Bryan","450","0","8"
"30-39 years","Bryan","354","1","8"
"40-49 years","Bryan","389","0","13"
"50-59 years","Bryan","305","4","27"
"60-69 years","Bryan","210","6","25"
"70-79 years","Bryan","142","7","43"
"80 & Older years","Bryan","57","5","20"
"<1 years","Bryan","12","0","0"
"Unknown years","Bryan","3","0","0"
"01-04 years","Bulloch","53","0","0"
"05-09 years","Bulloch","86","0","0"
"10-17 years","Bulloch","300","0","2"
"18-29 years","Bulloch","2087","0","7"
"30-39 years","Bulloch","558","4","20"
"40-49 years","Bulloch","484","2","24"
"50-59 years","Bulloch","456","5","25"
"60-69 years","Bulloch","345","13","37"
"70-79 years","Bulloch","176","11","33"
"80 & Older years","Bulloch","97","11","32"
"<1 years","Bulloch","20","0","2"
"Unknown years","Bulloch","10","0","1"
"01-04 years","Burke","19","0","0"
"05-09 years","Burke","41","0","0"
"10-17 years","Burke","118","0","1"
"18-29 years","Burke","310","1","7"
"30-39 years","Burke","234","1","7"
"40-49 years","Burke","261","2","13"
"50-59 years","Burke","242","1","29"
"60-69 years","Burke","187","5","34"
"70-79 years","Burke","112","10","27"
"80 & Older years","Burke","34","7","12"
"<1 years","Burke","5","0","0"
"Unknown years","Burke","3","0","0"
"01-04 years","Butts","21","0","3"
"05-09 years","Butts","22","0","0"
"10-17 years","Butts","93","0","1"
"18-29 years","Butts","323","0","6"
"30-39 years","Butts","286","0","7"
"40-49 years","Butts","281","3","13"
"50-59 years","Butts","309","5","20"
"60-69 years","Butts","223","12","28"
"70-79 years","Butts","162","17","20"
"80 & Older years","Butts","101","24","6"
"<1 years","Butts","5","0","1"
"Unknown years","Butts","1","0","0"
"01-04 years","Calhoun","6","0","0"
"05-09 years","Calhoun","1","0","0"
"10-17 years","Calhoun","31","0","0"
"18-29 years","Calhoun","66","0","5"
"30-39 years","Calhoun","54","2","5"
"40-49 years","Calhoun","79","1","9"
"50-59 years","Calhoun","75","2","14"
"60-69 years","Calhoun","69","2","18"
"70-79 years","Calhoun","24","3","7"
"80 & Older years","Calhoun","15","2","7"
"<1 years","Calhoun","3","0","0"
"Unknown years","Calhoun","1","0","0"
"01-04 years","Camden","41","0","0"
"05-09 years","Camden","36","0","1"
"10-17 years","Camden","194","0","1"
"18-29 years","Camden","705","0","4"
"30-39 years","Camden","456","0","12"
"40-49 years","Camden","364","1","11"
"50-59 years","Camden","423","1","16"
"60-69 years","Camden","321","6","22"
"70-79 years","Camden","188","1","21"
"80 & Older years","Camden","85","13","21"
"<1 years","Camden","9","0","1"
"Unknown years","Camden","4","0","0"
"01-04 years","Candler","8","0","0"
"05-09 years","Candler","12","0","0"
"10-17 years","Candler","53","0","0"
"18-29 years","Candler","125","0","0"
"30-39 years","Candler","90","0","2"
"40-49 years","Candler","112","2","1"
"50-59 years","Candler","118","5","10"
"60-69 years","Candler","92","7","13"
"70-79 years","Candler","59","11","17"
"80 & Older years","Candler","27","5","11"
"<1 years","Candler","4","0","0"
"Unknown years","Candler","1","0","0"
"01-04 years","Carroll","77","0","1"
"05-09 years","Carroll","118","0","1"
"10-17 years","Carroll","543","0","6"
"18-29 years","Carroll","1557","0","11"
"30-39 years","Carroll","955","4","18"
"40-49 years","Carroll","921","4","25"
"50-59 years","Carroll","959","10","52"
"60-69 years","Carroll","678","21","64"
"70-79 years","Carroll","411","30","58"
"80 & Older years","Carroll","253","44","38"
"<1 years","Carroll","25","0","0"
"Unknown years","Carroll","22","0","0"
"01-04 years","Catoosa","66","0","0"
"05-09 years","Catoosa","109","0","1"
"10-17 years","Catoosa","400","0","1"
"18-29 years","Catoosa","847","0","7"
"30-39 years","Catoosa","622","1","9"
"40-49 years","Catoosa","725","1","13"
"50-59 years","Catoosa","678","5","25"
"60-69 years","Catoosa","487","5","43"
"70-79 years","Catoosa","309","14","42"
"80 & Older years","Catoosa","217","25","39"
"<1 years","Catoosa","28","0","0"
"Unknown years","Catoosa","113","0","8"
"01-04 years","Charlton","12","0","0"
"05-09 years","Charlton","24","0","0"
"10-17 years","Charlton","57","0","0"
"18-29 years","Charlton","173","0","1"
"30-39 years","Charlton","194","0","4"
"40-49 years","Charlton","171","2","8"
"50-59 years","Charlton","137","1","4"
"60-69 years","Charlton","135","4","16"
"70-79 years","Charlton","49","4","9"
"80 & Older years","Charlton","25","4","11"
"<1 years","Charlton","2","0","0"
"Unknown years","Charlton","1","0","0"
"01-04 years","Chatham","318","0","2"
"05-09 years","Chatham","377","1","1"
"10-17 years","Chatham","1103","0","13"
"18-29 years","Chatham","4190","2","52"
"30-39 years","Chatham","2942","4","102"
"40-49 years","Chatham","2349","11","129"
"50-59 years","Chatham","2134","29","202"
"60-69 years","Chatham","1731","52","292"
"70-79 years","Chatham","924","85","286"
"80 & Older years","Chatham","586","114","235"
"<1 years","Chatham","85","0","4"
"Unknown years","Chatham","25","0","0"
"01-04 years","Chattahoochee","8","0","0"
"05-09 years","Chattahoochee","7","0","0"
"10-17 years","Chattahoochee","109","0","2"
"18-29 years","Chattahoochee","2017","1","1"
"30-39 years","Chattahoochee","206","1","3"
"40-49 years","Chattahoochee","50","0","0"
"50-59 years","Chattahoochee","22","0","5"
"60-69 years","Chattahoochee","17","0","4"
"70-79 years","Chattahoochee","6","0","2"
"80 & Older years","Chattahoochee","7","1","3"
"<1 years","Chattahoochee","9","0","0"
"Unknown years","Chattahoochee","1","0","0"
"01-04 years","Chattooga","10","0","0"
"05-09 years","Chattooga","23","0","0"
"10-17 years","Chattooga","169","0","1"
"18-29 years","Chattooga","341","0","4"
"30-39 years","Chattooga","272","0","6"
"40-49 years","Chattooga","298","1","9"
"50-59 years","Chattooga","300","5","15"
"60-69 years","Chattooga","257","13","34"
"70-79 years","Chattooga","158","14","38"
"80 & Older years","Chattooga","112","20","25"
"<1 years","Chattooga","9","0","1"
"Unknown years","Chattooga","24","0","1"
"01-04 years","Cherokee","183","0","7"
"05-09 years","Cherokee","456","0","7"
"10-17 years","Cherokee","1794","0","12"
"18-29 years","Cherokee","3665","1","64"
"30-39 years","Cherokee","2595","2","85"
"40-49 years","Cherokee","2907","4","103"
"50-59 years","Cherokee","2921","15","165"
"60-69 years","Cherokee","1744","29","191"
"70-79 years","Cherokee","1157","51","207"
"80 & Older years","Cherokee","753","99","192"
"<1 years","Cherokee","35","0","1"
"Unknown years","Cherokee","79","0","2"
"01-04 years","Clarke","145","0","1"
"05-09 years","Clarke","178","0","1"
"10-17 years","Clarke","515","0","5"
"18-29 years","Clarke","5426","1","30"
"30-39 years","Clarke","1403","2","32"
"40-49 years","Clarke","1146","2","44"
"50-59 years","Clarke","1034","5","56"
"60-69 years","Clarke","692","13","81"
"70-79 years","Clarke","413","36","93"
"80 & Older years","Clarke","223","33","56"
"<1 years","Clarke","35","0","2"
"Unknown years","Clarke","43","0","0"
"01-04 years","Clay","3","0","0"
"05-09 years","Clay","2","0","0"
"10-17 years","Clay","15","0","0"
"18-29 years","Clay","26","0","0"
"30-39 years","Clay","28","0","1"
"40-49 years","Clay","25","0","0"
"50-59 years","Clay","17","0","1"
"60-69 years","Clay","23","1","2"
"70-79 years","Clay","18","0","0"
"80 & Older years","Clay","14","2","5"
"Unknown years","Clay","1","0","0"
"01-04 years","Clayton","306","0","7"
"05-09 years","Clayton","437","1","8"
"10-17 years","Clayton","1150","0","22"
"18-29 years","Clayton","3855","5","88"
"30-39 years","Clayton","3349","6","131"
"40-49 years","Clayton","3046","23","164"
"50-59 years","Clayton","2855","38","231"
"60-69 years","Clayton","1803","75","216"
"70-79 years","Clayton","782","73","149"
"80 & Older years","Clayton","411","81","99"
"<1 years","Clayton","64","0","2"
"Unknown years","Clayton","58","0","2"
"01-04 years","Clinch","12","0","0"
"05-09 years","Clinch","19","0","0"
"10-17 years","Clinch","71","0","0"
"18-29 years","Clinch","125","0","2"
"30-39 years","Clinch","97","1","4"
"40-49 years","Clinch","91","0","3"
"50-59 years","Clinch","88","2","13"
"60-69 years","Clinch","99","6","14"
"70-79 years","Clinch","51","8","18"
"80 & Older years","Clinch","17","3","5"
"<1 years","Clinch","2","0","0"
"Unknown years","Clinch","1","0","0"
"01-04 years","Cobb","598","1","13"
"05-09 years","Cobb","1073","0","8"
"10-17 years","Cobb","3507","0","30"
"18-29 years","Cobb","13006","4","215"
"30-39 years","Cobb","8634","12","221"
"40-49 years","Cobb","8156","27","356"
"50-59 years","Cobb","7325","48","471"
"60-69 years","Cobb","4466","107","454"
"70-79 years","Cobb","2522","216","428"
"80 & Older years","Cobb","1574","301","388"
"<1 years","Cobb","162","0","9"
"Unknown years","Cobb","351","0","3"
"01-04 years","Coffee","73","0","2"
"05-09 years","Coffee","89","0","4"
"10-17 years","Coffee","264","0","3"
"18-29 years","Coffee","767","0","21"
"30-39 years","Coffee","571","3","39"
"40-49 years","Coffee","655","3","85"
"50-59 years","Coffee","641","5","114"
"60-69 years","Coffee","506","27","123"
"70-79 years","Coffee","272","32","112"
"80 & Older years","Coffee","144","32","80"
"<1 years","Coffee","12","0","0"
"Unknown years","Coffee","1","0","0"
"01-04 years","Colquitt","41","0","0"
"05-09 years","Colquitt","84","0","1"
"10-17 years","Colquitt","295","0","4"
"18-29 years","Colquitt","655","0","16"
"30-39 years","Colquitt","456","0","16"
"40-49 years","Colquitt","472","6","35"
"50-59 years","Colquitt","438","11","34"
"60-69 years","Colquitt","300","11","36"
"70-79 years","Colquitt","185","9","41"
"80 & Older years","Colquitt","126","19","25"
"<1 years","Colquitt","13","0","0"
"Unknown years","Colquitt","5","0","0"
"01-04 years","Columbia","108","0","2"
"05-09 years","Columbia","246","0","0"
"10-17 years","Columbia","923","0","1"
"18-29 years","Columbia","2010","0","21"
"30-39 years","Columbia","1775","2","21"
"40-49 years","Columbia","1610","6","41"
"50-59 years","Columbia","1399","12","63"
"60-69 years","Columbia","893","18","75"
"70-79 years","Columbia","490","33","83"
"80 & Older years","Columbia","275","50","75"
"<1 years","Columbia","28","0","1"
"Unknown years","Columbia","18","0","0"
"01-04 years","Cook","12","0","1"
"05-09 years","Cook","21","0","0"
"10-17 years","Cook","89","0","1"
"18-29 years","Cook","219","0","6"
"30-39 years","Cook","163","0","4"
"40-49 years","Cook","171","0","13"
"50-59 years","Cook","154","2","17"
"60-69 years","Cook","118","8","18"
"70-79 years","Cook","95","10","28"
"80 & Older years","Cook","52","13","14"
"<1 years","Cook","6","0","0"
"Unknown years","Cook","2","0","0"
"01-04 years","Coweta","89","0","0"
"05-09 years","Coweta","163","0","0"
"10-17 years","Coweta","533","0","4"
"18-29 years","Coweta","1371","1","14"
"30-39 years","Coweta","1037","0","21"
"40-49 years","Coweta","1121","4","28"
"50-59 years","Coweta","1290","15","51"
"60-69 years","Coweta","799","22","44"
"70-79 years","Coweta","506","26","52"
"80 & Older years","Coweta","279","46","32"
"<1 years","Coweta","25","0","1"
"Unknown years","Coweta","16","0","0"
"01-04 years","Crawford","2","0","0"
"05-09 years","Crawford","1","0","0"
"10-17 years","Crawford","26","0","0"
"18-29 years","Crawford","70","0","2"
"30-39 years","Crawford","64","0","5"
"40-49 years","Crawford","55","1","3"
"50-59 years","Crawford","104","3","12"
"60-69 years","Crawford","93","3","14"
"70-79 years","Crawford","37","3","14"
"80 & Older years","Crawford","20","0","7"
"01-04 years","Crisp","20","0","0"
"05-09 years","Crisp","24","0","0"
"10-17 years","Crisp","92","0","1"
"18-29 years","Crisp","199","0","7"
"30-39 years","Crisp","199","1","13"
"40-49 years","Crisp","185","1","17"
"50-59 years","Crisp","187","4","25"
"60-69 years","Crisp","179","11","31"
"70-79 years","Crisp","93","8","30"
"80 & Older years","Crisp","69","11","16"
"<1 years","Crisp","7","0","0"
"Unknown years","Crisp","16","0","0"
"01-04 years","Dade","10","0","0"
"05-09 years","Dade","29","0","0"
"10-17 years","Dade","76","0","0"
"18-29 years","Dade","182","0","1"
"30-39 years","Dade","126","0","2"
"40-49 years","Dade","158","0","7"
"50-59 years","Dade","139","1","7"
"60-69 years","Dade","105","1","6"
"70-79 years","Dade","72","5","15"
"80 & Older years","Dade","46","1","8"
"<1 years","Dade","7","0","0"
"Unknown years","Dade","29","0","1"
"01-04 years","Dawson","21","0","0"
"05-09 years","Dawson","41","0","0"
"10-17 years","Dawson","178","0","4"
"18-29 years","Dawson","474","0","11"
"30-39 years","Dawson","334","0","11"
"40-49 years","Dawson","320","0","21"
"50-59 years","Dawson","374","1","28"
"60-69 years","Dawson","302","4","62"
"70-79 years","Dawson","192","13","42"
"80 & Older years","Dawson","79","10","27"
"<1 years","Dawson","8","0","1"
"Unknown years","Dawson","69","0","2"
"01-04 years","DeKalb","646","0","18"
"05-09 years","DeKalb","950","0","14"
"10-17 years","DeKalb","2727","0","48"
"18-29 years","DeKalb","10974","9","307"
"30-39 years","DeKalb","9491","14","445"
"40-49 years","DeKalb","7568","27","509"
"50-59 years","DeKalb","6839","72","700"
"60-69 years","DeKalb","4329","124","743"
"70-79 years","DeKalb","2229","169","559"
"80 & Older years","DeKalb","1378","210","410"
"<1 years","DeKalb","154","0","7"
"Unknown years","DeKalb","245","0","7"
"01-04 years","Decatur","48","0","1"
"05-09 years","Decatur","58","0","0"
"10-17 years","Decatur","194","0","0"
"18-29 years","Decatur","387","1","8"
"30-39 years","Decatur","304","1","8"
"40-49 years","Decatur","302","1","18"
"50-59 years","Decatur","250","5","25"
"60-69 years","Decatur","212","10","29"
"70-79 years","Decatur","129","16","21"
"80 & Older years","Decatur","95","13","19"
"<1 years","Decatur","9","0","0"
"01-04 years","Dodge","7","0","0"
"05-09 years","Dodge","17","0","0"
"10-17 years","Dodge","81","1","1"
"18-29 years","Dodge","183","0","4"
"30-39 years","Dodge","140","0","3"
"40-49 years","Dodge","148","1","10"
"50-59 years","Dodge","173","4","15"
"60-69 years","Dodge","152","13","29"
"70-79 years","Dodge","80","16","21"
"80 & Older years","Dodge","55","16","17"
"<1 years","Dodge","3","0","0"
"Unknown years","Dodge","1","1","0"
"01-04 years","Dooly","12","0","0"
"05-09 years","Dooly","11","0","0"
"10-17 years","Dooly","45","0","1"
"18-29 years","Dooly","98","0","5"
"30-39 years","Dooly","94","0","8"
"40-49 years","Dooly","110","0","8"
"50-59 years","Dooly","127","5","15"
"60-69 years","Dooly","116","9","22"
"70-79 years","Dooly","61","6","12"
"80 & Older years","Dooly","21","6","5"
"<1 years","Dooly","3","0","0"
"Unknown years","Dooly","4","0","0"
"01-04 years","Dougherty","51","0","3"
"05-09 years","Dougherty","92","0","0"
"10-17 years","Dougherty","217","0","4"
"18-29 years","Dougherty","873","2","72"
"30-39 years","Dougherty","736","4","67"
"40-49 years","Dougherty","761","14","102"
"50-59 years","Dougherty","840","22","148"
"60-69 years","Dougherty","732","63","221"
"70-79 years","Dougherty","430","56","165"
"80 & Older years","Dougherty","251","82","108"
"<1 years","Dougherty","23","0","1"
"Unknown years","Dougherty","11","0","0"
"01-04 years","Douglas","126","0","3"
"05-09 years","Douglas","234","0","4"
"10-17 years","Douglas","708","0","5"
"18-29 years","Douglas","1958","0","42"
"30-39 years","Douglas","1544","3","52"
"40-49 years","Douglas","1802","4","92"
"50-59 years","Douglas","1624","18","133"
"60-69 years","Douglas","938","26","136"
"70-79 years","Douglas","508","49","120"
"80 & Older years","Douglas","243","31","70"
"<1 years","Douglas","27","0","4"
"Unknown years","Douglas","106","0","0"
"01-04 years","Early","19","0","0"
"05-09 years","Early","17","0","0"
"10-17 years","Early","75","0","0"
"18-29 years","Early","133","0","4"
"30-39 years","Early","140","0","4"
"40-49 years","Early","156","1","9"
"50-59 years","Early","149","3","10"
"60-69 years","Early","112","11","12"
"70-79 years","Early","70","13","14"
"80 & Older years","Early","38","12","11"
"<1 years","Early","2","0","0"
"01-04 years","Echols","7","0","0"
"05-09 years","Echols","5","0","0"
"10-17 years","Echols","26","0","1"
"18-29 years","Echols","129","0","1"
"30-39 years","Echols","56","0","2"
"40-49 years","Echols","40","0","1"
"50-59 years","Echols","43","0","2"
"60-69 years","Echols","21","0","0"
"70-79 years","Echols","17","2","3"
"80 & Older years","Echols","1","0","1"
"<1 years","Echols","1","0","0"
"01-04 years","Effingham","41","0","2"
"05-09 years","Effingham","96","0","0"
"10-17 years","Effingham","306","0","0"
"18-29 years","Effingham","590","0","4"
"30-39 years","Effingham","519","1","12"
"40-49 years","Effingham","495","0","26"
"50-59 years","Effingham","502","8","34"
"60-69 years","Effingham","333","5","48"
"70-79 years","Effingham","198","17","49"
"80 & Older years","Effingham","88","15","29"
"<1 years","Effingham","7","0","0"
"Unknown years","Effingham","5","0","0"
"01-04 years","Elbert","18","0","0"
"05-09 years","Elbert","27","0","0"
"10-17 years","Elbert","78","0","0"
"18-29 years","Elbert","242","0","1"
"30-39 years","Elbert","170","0","8"
"40-49 years","Elbert","204","1","8"
"50-59 years","Elbert","214","0","11"
"60-69 years","Elbert","173","2","20"
"70-79 years","Elbert","149","11","30"
"80 & Older years","Elbert","123","22","29"
"<1 years","Elbert","8","0","2"
"Unknown years","Elbert","9","0","0"
"01-04 years","Emanuel","23","0","1"
"05-09 years","Emanuel","21","0","0"
"10-17 years","Emanuel","159","0","2"
"18-29 years","Emanuel","290","1","0"
"30-39 years","Emanuel","218","0","7"
"40-49 years","Emanuel","274","1","7"
"50-59 years","Emanuel","244","6","24"
"60-69 years","Emanuel","211","9","26"
"70-79 years","Emanuel","123","15","25"
"80 & Older years","Emanuel","59","19","20"
"<1 years","Emanuel","4","0","0"
"Unknown years","Emanuel","11","0","1"
"01-04 years","Evans","9","0","0"
"05-09 years","Evans","20","0","0"
"10-17 years","Evans","80","0","0"
"18-29 years","Evans","131","1","3"
"30-39 years","Evans","118","0","3"
"40-49 years","Evans","99","0","9"
"50-59 years","Evans","101","1","15"
"60-69 years","Evans","60","3","14"
"70-79 years","Evans","44","3","12"
"80 & Older years","Evans","18","2","9"
"<1 years","Evans","2","0","0"
"Unknown years","Evans","1","0","0"
"01-04 years","Fannin","12","0","0"
"05-09 years","Fannin","24","0","0"
"10-17 years","Fannin","105","0","0"
"18-29 years","Fannin","259","1","3"
"30-39 years","Fannin","197","0","5"
"40-49 years","Fannin","231","1","9"
"50-59 years","Fannin","317","4","21"
"60-69 years","Fannin","303","5","31"
"70-79 years","Fannin","223","9","37"
"80 & Older years","Fannin","135","27","45"
"<1 years","Fannin","4","0","0"
"Unknown years","Fannin","17","0","0"
"01-04 years","Fayette","52","0","0"
"05-09 years","Fayette","87","0","1"
"10-17 years","Fayette","386","0","2"
"18-29 years","Fayette","991","0","6"
"30-39 years","Fayette","626","1","7"
"40-49 years","Fayette","845","1","22"
"50-59 years","Fayette","895","5","32"
"60-69 years","Fayette","695","15","37"
"70-79 years","Fayette","369","39","59"
"80 & Older years","Fayette","245","45","34"
"<1 years","Fayette","11","0","0"
"Unknown years","Fayette","35","0","0"
"01-04 years","Floyd","107","0","3"
"05-09 years","Floyd","182","0","0"
"10-17 years","Floyd","816","0","8"
"18-29 years","Floyd","1795","0","19"
"30-39 years","Floyd","1303","3","39"
"40-49 years","Floyd","1274","4","70"
"50-59 years","Floyd","1215","18","113"
"60-69 years","Floyd","887","30","149"
"70-79 years","Floyd","617","35","156"
"80 & Older years","Floyd","351","51","115"
"<1 years","Floyd","41","0","2"
"Unknown years","Floyd","108","0","1"
"01-04 years","Forsyth","162","0","1"
"05-09 years","Forsyth","389","0","2"
"10-17 years","Forsyth","1500","0","5"
"18-29 years","Forsyth","2604","0","40"
"30-39 years","Forsyth","1844","0","54"
"40-49 years","Forsyth","2378","4","108"
"50-59 years","Forsyth","2224","9","145"
"60-69 years","Forsyth","1164","11","130"
"70-79 years","Forsyth","728","37","196"
"80 & Older years","Forsyth","437","53","131"
"<1 years","Forsyth","40","0","3"
"Unknown years","Forsyth","1027","0","2"
"01-04 years","Franklin","12","0","1"
"05-09 years","Franklin","48","0","0"
"10-17 years","Franklin","165","0","5"
"18-29 years","Franklin","398","0","9"
"30-39 years","Franklin","273","0","3"
"40-49 years","Franklin","312","0","12"
"50-59 years","Franklin","313","0","20"
"60-69 years","Franklin","281","3","33"
"70-79 years","Franklin","162","14","30"
"80 & Older years","Franklin","75","13","19"
"<1 years","Franklin","8","0","1"
"Unknown years","Franklin","98","0","2"
"01-04 years","Fulton","787","0","17"
"05-09 years","Fulton","1327","0","11"
"10-17 years","Fulton","4245","1","40"
"18-29 years","Fulton","18275","5","292"
"30-39 years","Fulton","13270","18","414"
"40-49 years","Fulton","10506","30","488"
"50-59 years","Fulton","9432","75","686"
"60-69 years","Fulton","5581","162","664"
"70-79 years","Fulton","3025","230","590"
"80 & Older years","Fulton","2163","393","598"
"<1 years","Fulton","181","0","7"
"Unknown years","Fulton","287","0","5"
"01-04 years","Gilmer","28","0","2"
"05-09 years","Gilmer","32","0","0"
"10-17 years","Gilmer","161","0","2"
"18-29 years","Gilmer","322","0","8"
"30-39 years","Gilmer","289","0","14"
"40-49 years","Gilmer","307","0","15"
"50-59 years","Gilmer","342","5","21"
"60-69 years","Gilmer","314","5","34"
"70-79 years","Gilmer","224","10","38"
"80 & Older years","Gilmer","131","28","37"
"<1 years","Gilmer","10","0","0"
"Unknown years","Gilmer","43","0","0"
"01-04 years","Glascock","1","0","0"
"05-09 years","Glascock","2","0","0"
"10-17 years","Glascock","1","0","0"
"18-29 years","Glascock","21","0","1"
"30-39 years","Glascock","15","0","0"
"40-49 years","Glascock","18","0","2"
"50-59 years","Glascock","26","2","3"
"60-69 years","Glascock","14","0","1"
"70-79 years","Glascock","21","1","7"
"80 & Older years","Glascock","9","1","5"
"<1 years","Glascock","1","0","0"
"Unknown years","Glascock","1","0","0"
"01-04 years","Glynn","84","0","1"
"05-09 years","Glynn","155","0","1"
"10-17 years","Glynn","437","0","0"
"18-29 years","Glynn","1248","0","22"
"30-39 years","Glynn","948","4","25"
"40-49 years","Glynn","809","3","32"
"50-59 years","Glynn","776","9","63"
"60-69 years","Glynn","645","26","104"
"70-79 years","Glynn","394","40","76"
"80 & Older years","Glynn","234","55","81"
"<1 years","Glynn","18","0","0"
"Unknown years","Glynn","109","0","0"
"01-04 years","Gordon","76","0","0"
"05-09 years","Gordon","106","0","0"
"10-17 years","Gordon","461","0","4"
"18-29 years","Gordon","1049","0","11"
"30-39 years","Gordon","819","2","18"
"40-49 years","Gordon","867","1","26"
"50-59 years","Gordon","843","9","39"
"60-69 years","Gordon","510","18","42"
"70-79 years","Gordon","312","22","67"
"80 & Older years","Gordon","167","27","45"
"<1 years","Gordon","20","0","3"
"Unknown years","Gordon","83","0","3"
"01-04 years","Grady","30","0","1"
"05-09 years","Grady","38","0","0"
"10-17 years","Grady","119","0","3"
"18-29 years","Grady","242","0","9"
"30-39 years","Grady","209","0","9"
"40-49 years","Grady","225","0","20"
"50-59 years","Grady","199","7","26"
"60-69 years","Grady","155","4","23"
"70-79 years","Grady","143","14","40"
"80 & Older years","Grady","53","16","17"
"<1 years","Grady","4","0","1"
"Unknown years","Grady","4","0","0"
"01-04 years","Greene","14","0","0"
"05-09 years","Greene","30","0","0"
"10-17 years","Greene","73","0","0"
"18-29 years","Greene","236","0","5"
"30-39 years","Greene","166","0","6"
"40-49 years","Greene","159","3","12"
"50-59 years","Greene","192","4","15"
"60-69 years","Greene","197","5","13"
"70-79 years","Greene","146","5","21"
"80 & Older years","Greene","87","19","31"
"<1 years","Greene","3","0","1"
"Unknown years","Greene","1","0","0"
"01-04 years","Gwinnett","1133","0","21"
"05-09 years","Gwinnett","1799","0","20"
"10-17 years","Gwinnett","5997","1","74"
"18-29 years","Gwinnett","17043","6","518"
"30-39 years","Gwinnett","12601","15","528"
"40-49 years","Gwinnett","13538","41","708"
"50-59 years","Gwinnett","11463","75","769"
"60-69 years","Gwinnett","6304","147","780"
"70-79 years","Gwinnett","2880","179","608"
"80 & Older years","Gwinnett","1582","276","542"
"<1 years","Gwinnett","256","0","7"
"Unknown years","Gwinnett","229","0","1"
"01-04 years","Habersham","30","0","2"
"05-09 years","Habersham","53","0","3"
"10-17 years","Habersham","274","1","6"
"18-29 years","Habersham","763","0","10"
"30-39 years","Habersham","566","2","26"
"40-49 years","Habersham","606","3","38"
"50-59 years","Habersham","635","5","52"
"60-69 years","Habersham","515","15","106"
"70-79 years","Habersham","357","30","100"
"80 & Older years","Habersham","266","65","85"
"<1 years","Habersham","8","0","3"
"Unknown years","Habersham","324","0","4"
"01-04 years","Hall","168","0","5"
"05-09 years","Hall","341","0","3"
"10-17 years","Hall","1578","0","27"
"18-29 years","Hall","4844","3","146"
"30-39 years","Hall","3238","1","171"
"40-49 years","Hall","3425","7","240"
"50-59 years","Hall","3564","25","353"
"60-69 years","Hall","2407","59","367"
"70-79 years","Hall","1558","87","419"
"80 & Older years","Hall","886","142","354"
"<1 years","Hall","34","0","7"
"Unknown years","Hall","776","0","8"
"01-04 years","Hancock","6","0","0"
"05-09 years","Hancock","5","0","0"
"10-17 years","Hancock","28","0","0"
"18-29 years","Hancock","123","0","2"
"30-39 years","Hancock","106","0","2"
"40-49 years","Hancock","97","1","4"
"50-59 years","Hancock","128","4","15"
"60-69 years","Hancock","137","15","28"
"70-79 years","Hancock","68","15","19"
"80 & Older years","Hancock","58","18","21"
"<1 years","Hancock","4","0","0"
"01-04 years","Haralson","19","0","0"
"05-09 years","Haralson","33","0","0"
"10-17 years","Haralson","130","0","1"
"18-29 years","Haralson","327","0","2"
"30-39 years","Haralson","201","0","3"
"40-49 years","Haralson","215","1","5"
"50-59 years","Haralson","229","1","3"
"60-69 years","Haralson","171","11","19"
"70-79 years","Haralson","120","10","15"
"80 & Older years","Haralson","52","5","8"
"<1 years","Haralson","6","0","0"
"Unknown years","Haralson","4","0","0"
"01-04 years","Harris","26","0","0"
"05-09 years","Harris","27","0","0"
"10-17 years","Harris","158","0","2"
"18-29 years","Harris","291","0","4"
"30-39 years","Harris","209","0","6"
"40-49 years","Harris","307","3","9"
"50-59 years","Harris","309","5","20"
"60-69 years","Harris","277","13","45"
"70-79 years","Harris","154","12","34"
"80 & Older years","Harris","52","7","9"
"<1 years","Harris","5","0","0"
"Unknown years","Harris","5","0","0"
"01-04 years","Hart","16","0","0"
"05-09 years","Hart","23","0","1"
"10-17 years","Hart","83","0","0"
"18-29 years","Hart","274","0","2"
"30-39 years","Hart","229","0","6"
"40-49 years","Hart","216","0","8"
"50-59 years","Hart","257","3","16"
"60-69 years","Hart","199","11","28"
"70-79 years","Hart","125","7","18"
"80 & Older years","Hart","84","11","25"
"<1 years","Hart","4","0","1"
"Unknown years","Hart","48","0","0"
"01-04 years","Heard","8","0","0"
"05-09 years","Heard","11","0","0"
"10-17 years","Heard","54","0","1"
"18-29 years","Heard","95","0","1"
"30-39 years","Heard","56","0","1"
"40-49 years","Heard","98","0","5"
"50-59 years","Heard","83","0","5"
"60-69 years","Heard","67","3","7"
"70-79 years","Heard","45","5","13"
"80 & Older years","Heard","20","4","2"
"<1 years","Heard","4","0","0"
"Unknown years","Heard","1","0","0"
"01-04 years","Henry","181","0","5"
"05-09 years","Henry","292","0","1"
"10-17 years","Henry","1107","0","10"
"18-29 years","Henry","3119","1","25"
"30-39 years","Henry","2545","6","37"
"40-49 years","Henry","2841","11","74"
"50-59 years","Henry","2767","15","100"
"60-69 years","Henry","1551","43","75"
"70-79 years","Henry","772","61","62"
"80 & Older years","Henry","400","65","45"
"<1 years","Henry","38","0","2"
"Unknown years","Henry","35","0","0"
"01-04 years","Houston","88","0","2"
"05-09 years","Houston","134","0","1"
"10-17 years","Houston","622","0","3"
"18-29 years","Houston","1916","3","32"
"30-39 years","Houston","1640","2","52"
"40-49 years","Houston","1529","4","80"
"50-59 years","Houston","1325","12","89"
"60-69 years","Houston","850","34","124"
"70-79 years","Houston","486","50","126"
"80 & Older years","Houston","260","41","80"
"<1 years","Houston","22","0","2"
"Unknown years","Houston","5","0","0"
"01-04 years","Irwin","6","0","0"
"05-09 years","Irwin","10","0","0"
"10-17 years","Irwin","51","0","0"
"18-29 years","Irwin","111","0","4"
"30-39 years","Irwin","94","0","4"
"40-49 years","Irwin","112","1","9"
"50-59 years","Irwin","101","2","11"
"60-69 years","Irwin","81","1","21"
"70-79 years","Irwin","48","4","7"
"80 & Older years","Irwin","34","6","18"
"01-04 years","Jackson","55","0","0"
"05-09 years","Jackson","138","0","2"
"10-17 years","Jackson","663","0","3"
"18-29 years","Jackson","1345","2","16"
"30-39 years","Jackson","1166","1","18"
"40-49 years","Jackson","1269","6","49"
"50-59 years","Jackson","1196","4","65"
"60-69 years","Jackson","801","19","67"
"70-79 years","Jackson","548","26","94"
"80 & Older years","Jackson","291","43","88"
"<1 years","Jackson","14","0","2"
"Unknown years","Jackson","41","0","1"
"01-04 years","Jasper","5","0","1"
"05-09 years","Jasper","6","0","0"
"10-17 years","Jasper","30","0","0"
"18-29 years","Jasper","104","0","3"
"30-39 years","Jasper","86","0","1"
"40-49 years","Jasper","85","0","3"
"50-59 years","Jasper","112","1","13"
"60-69 years","Jasper","83","7","12"
"70-79 years","Jasper","45","5","12"
"80 & Older years","Jasper","14","0","3"
"<1 years","Jasper","3","0","1"
"Unknown years","Jasper","1","0","0"
"01-04 years","Jeff Davis","28","0","1"
"05-09 years","Jeff Davis","27","0","0"
"10-17 years","Jeff Davis","105","0","2"
"18-29 years","Jeff Davis","227","0","4"
"30-39 years","Jeff Davis","196","0","9"
"40-49 years","Jeff Davis","189","0","11"
"50-59 years","Jeff Davis","174","7","19"
"60-69 years","Jeff Davis","119","6","22"
"70-79 years","Jeff Davis","79","12","17"
"80 & Older years","Jeff Davis","16","8","6"
"<1 years","Jeff Davis","2","0","1"
"Unknown years","Jeff Davis","7","0","0"
"01-04 years","Jefferson","17","0","0"
"05-09 years","Jefferson","31","0","0"
"10-17 years","Jefferson","93","0","1"
"18-29 years","Jefferson","224","0","3"
"30-39 years","Jefferson","180","0","7"
"40-49 years","Jefferson","198","3","12"
"50-59 years","Jefferson","253","4","21"
"60-69 years","Jefferson","227","11","29"
"70-79 years","Jefferson","146","14","35"
"80 & Older years","Jefferson","67","17","27"
"<1 years","Jefferson","4","0","0"
"Unknown years","Jefferson","9","0","0"
"01-04 years","Jenkins","12","0","0"
"05-09 years","Jenkins","20","0","0"
"10-17 years","Jenkins","58","0","0"
"18-29 years","Jenkins","100","0","2"
"30-39 years","Jenkins","80","1","6"
"40-49 years","Jenkins","107","3","10"
"50-59 years","Jenkins","112","6","16"
"60-69 years","Jenkins","81","5","11"
"70-79 years","Jenkins","55","12","21"
"80 & Older years","Jenkins","49","9","10"
"<1 years","Jenkins","2","0","0"
"Unknown years","Jenkins","2","0","1"
"01-04 years","Johnson","6","0","0"
"05-09 years","Johnson","7","0","0"
"10-17 years","Johnson","24","0","0"
"18-29 years","Johnson","101","0","2"
"30-39 years","Johnson","93","0","3"
"40-49 years","Johnson","86","1","7"
"50-59 years","Johnson","127","3","17"
"60-69 years","Johnson","119","7","18"
"70-79 years","Johnson","82","6","22"
"80 & Older years","Johnson","67","17","21"
"<1 years","Johnson","1","0","1"
"Unknown years","Johnson","1","0","0"
"01-04 years","Jones","6","0","0"
"05-09 years","Jones","21","0","0"
"10-17 years","Jones","78","0","0"
"18-29 years","Jones","309","0","6"
"30-39 years","Jones","221","1","7"
"40-49 years","Jones","201","2","9"
"50-59 years","Jones","235","1","19"
"60-69 years","Jones","160","3","25"
"70-79 years","Jones","104","10","31"
"80 & Older years","Jones","65","13","17"
"<1 years","Jones","3","0","0"
"Unknown years","Jones","1","0","0"
"01-04 years","Lamar","19","0","0"
"05-09 years","Lamar","38","0","0"
"10-17 years","Lamar","94","0","1"
"18-29 years","Lamar","176","0","1"
"30-39 years","Lamar","158","0","4"
"40-49 years","Lamar","156","1","4"
"50-59 years","Lamar","170","2","19"
"60-69 years","Lamar","153","6","17"
"70-79 years","Lamar","113","6","17"
"80 & Older years","Lamar","61","18","16"
"<1 years","Lamar","12","0","0"
"Unknown years","Lamar","10","0","0"
"01-04 years","Lanier","6","0","0"
"05-09 years","Lanier","10","0","1"
"10-17 years","Lanier","28","0","1"
"18-29 years","Lanier","96","1","1"
"30-39 years","Lanier","111","0","1"
"40-49 years","Lanier","69","1","2"
"50-59 years","Lanier","59","0","5"
"60-69 years","Lanier","37","1","2"
"70-79 years","Lanier","24","4","6"
"80 & Older years","Lanier","12","0","6"
"<1 years","Lanier","4","0","0"
"01-04 years","Laurens","24","0","0"
"05-09 years","Laurens","43","0","1"
"10-17 years","Laurens","213","0","2"
"18-29 years","Laurens","599","0","9"
"30-39 years","Laurens","509","1","17"
"40-49 years","Laurens","518","4","26"
"50-59 years","Laurens","545","9","57"
"60-69 years","Laurens","456","27","75"
"70-79 years","Laurens","307","40","73"
"80 & Older years","Laurens","216","47","57"
"<1 years","Laurens","3","0","0"
"Unknown years","Laurens","4","0","0"
"01-04 years","Lee","11","0","0"
"05-09 years","Lee","22","0","3"
"10-17 years","Lee","106","0","2"
"18-29 years","Lee","245","1","9"
"30-39 years","Lee","270","1","16"
"40-49 years","Lee","275","3","27"
"50-59 years","Lee","241","7","36"
"60-69 years","Lee","168","9","24"
"70-79 years","Lee","84","10","25"
"80 & Older years","Lee","44","7","15"
"<1 years","Lee","7","0","0"
"Unknown years","Lee","1","0","0"
"01-04 years","Liberty","29","0","1"
"05-09 years","Liberty","45","0","1"
"10-17 years","Liberty","186","0","2"
"18-29 years","Liberty","645","1","13"
"30-39 years","Liberty","402","0","13"
"40-49 years","Liberty","362","0","17"
"50-59 years","Liberty","339","5","33"
"60-69 years","Liberty","244","12","42"
"70-79 years","Liberty","107","11","38"
"80 & Older years","Liberty","58","11","24"
"<1 years","Liberty","22","0","1"
"Unknown years","Liberty","12","0","0"
"01-04 years","Lincoln","9","0","0"
"05-09 years","Lincoln","12","0","0"
"10-17 years","Lincoln","22","0","0"
"18-29 years","Lincoln","82","0","2"
"30-39 years","Lincoln","60","0","1"
"40-49 years","Lincoln","71","0","5"
"50-59 years","Lincoln","60","2","5"
"60-69 years","Lincoln","65","4","13"
"70-79 years","Lincoln","45","3","9"
"80 & Older years","Lincoln","21","6","8"
"<1 years","Lincoln","2","0","0"
"Unknown years","Lincoln","5","0","0"
"01-04 years","Long","12","0","0"
"05-09 years","Long","7","0","0"
"10-17 years","Long","45","0","0"
"18-29 years","Long","110","0","0"
"30-39 years","Long","122","0","2"
"40-49 years","Long","84","0","5"
"50-59 years","Long","76","1","9"
"60-69 years","Long","64","1","8"
"70-79 years","Long","35","5","13"
"80 & Older years","Long","20","1","7"
"<1 years","Long","4","0","0"
"Unknown years","Long","4","0","0"
"01-04 years","Lowndes","127","0","0"
"05-09 years","Lowndes","159","0","0"
"10-17 years","Lowndes","550","0","6"
"18-29 years","Lowndes","2117","3","27"
"30-39 years","Lowndes","1117","1","17"
"40-49 years","Lowndes","939","3","37"
"50-59 years","Lowndes","824","7","50"
"60-69 years","Lowndes","570","23","69"
"70-79 years","Lowndes","305","36","57"
"80 & Older years","Lowndes","188","44","51"
"<1 years","Lowndes","28","0","0"
"Unknown years","Lowndes","17","0","0"
"01-04 years","Lumpkin","15","0","0"
"05-09 years","Lumpkin","29","0","2"
"10-17 years","Lumpkin","120","0","2"
"18-29 years","Lumpkin","642","0","10"
"30-39 years","Lumpkin","312","0","9"
"40-49 years","Lumpkin","308","1","15"
"50-59 years","Lumpkin","345","4","39"
"60-69 years","Lumpkin","342","8","49"
"70-79 years","Lumpkin","248","7","59"
"80 & Older years","Lumpkin","127","26","65"
"<1 years","Lumpkin","7","0","1"
"Unknown years","Lumpkin","47","0","2"
"01-04 years","Macon","7","0","0"
"05-09 years","Macon","9","0","0"
"10-17 years","Macon","21","0","0"
"18-29 years","Macon","92","0","3"
"30-39 years","Macon","64","0","4"
"40-49 years","Macon","98","1","7"
"50-59 years","Macon","102","4","12"
"60-69 years","Macon","70","5","21"
"70-79 years","Macon","49","3","15"
"80 & Older years","Macon","18","4","6"
"<1 years","Macon","3","0","0"
"Unknown years","Macon","4","0","1"
"01-04 years","Madison","39","0","0"
"05-09 years","Madison","48","0","0"
"10-17 years","Madison","200","0","0"
"18-29 years","Madison","425","0","2"
"30-39 years","Madison","367","0","5"
"40-49 years","Madison","364","0","14"
"50-59 years","Madison","394","3","21"
"60-69 years","Madison","280","7","32"
"70-79 years","Madison","172","11","31"
"80 & Older years","Madison","69","7","6"
"<1 years","Madison","17","0","3"
"Unknown years","Madison","14","0","0"
"01-04 years","Marion","6","0","0"
"05-09 years","Marion","5","0","0"
"10-17 years","Marion","34","0","0"
"18-29 years","Marion","53","0","1"
"30-39 years","Marion","37","0","2"
"40-49 years","Marion","52","1","5"
"50-59 years","Marion","57","3","5"
"60-69 years","Marion","40","3","4"
"70-79 years","Marion","28","1","5"
"80 & Older years","Marion","27","2","7"
"<1 years","Marion","2","0","0"
"Unknown years","Marion","6","0","0"
"01-04 years","McDuffie","22","0","0"
"05-09 years","McDuffie","27","0","0"
"10-17 years","McDuffie","101","0","0"
"18-29 years","McDuffie","284","0","3"
"30-39 years","McDuffie","228","2","4"
"40-49 years","McDuffie","223","2","12"
"50-59 years","McDuffie","221","2","23"
"60-69 years","McDuffie","178","8","24"
"70-79 years","McDuffie","107","7","39"
"80 & Older years","McDuffie","46","10","23"
"Unknown years","McDuffie","32","0","1"
"01-04 years","McIntosh","1","0","0"
"05-09 years","McIntosh","8","0","0"
"10-17 years","McIntosh","35","0","0"
"18-29 years","McIntosh","91","0","2"
"30-39 years","McIntosh","71","0","3"
"40-49 years","McIntosh","75","0","4"
"50-59 years","McIntosh","104","0","2"
"60-69 years","McIntosh","82","2","17"
"70-79 years","McIntosh","58","3","13"
"80 & Older years","McIntosh","20","5","7"
"<1 years","McIntosh","1","0","0"
"Unknown years","McIntosh","2","0","0"
"01-04 years","Meriwether","21","0","1"
"05-09 years","Meriwether","22","0","1"
"10-17 years","Meriwether","72","0","0"
"18-29 years","Meriwether","187","0","6"
"30-39 years","Meriwether","152","2","13"
"40-49 years","Meriwether","198","2","14"
"50-59 years","Meriwether","201","4","14"
"60-69 years","Meriwether","188","4","22"
"70-79 years","Meriwether","156","9","28"
"80 & Older years","Meriwether","81","10","13"
"<1 years","Meriwether","3","0","0"
"Unknown years","Meriwether","6","0","0"
"01-04 years","Miller","8","0","0"
"05-09 years","Miller","8","0","0"
"10-17 years","Miller","58","0","1"
"18-29 years","Miller","99","0","1"
"30-39 years","Miller","90","0","0"
"40-49 years","Miller","70","0","5"
"50-59 years","Miller","115","2","10"
"60-69 years","Miller","78","2","5"
"70-79 years","Miller","27","0","2"
"80 & Older years","Miller","23","0","6"
"<1 years","Miller","3","0","0"
"01-04 years","Mitchell","18","0","0"
"05-09 years","Mitchell","22","0","0"
"10-17 years","Mitchell","76","0","1"
"18-29 years","Mitchell","228","0","9"
"30-39 years","Mitchell","205","1","15"
"40-49 years","Mitchell","202","3","17"
"50-59 years","Mitchell","237","9","51"
"60-69 years","Mitchell","199","14","46"
"70-79 years","Mitchell","127","17","43"
"80 & Older years","Mitchell","94","24","29"
"<1 years","Mitchell","6","0","0"
"Unknown years","Mitchell","2","0","1"
"01-04 years","Monroe","9","0","0"
"05-09 years","Monroe","18","0","1"
"10-17 years","Monroe","74","0","0"
"18-29 years","Monroe","262","0","3"
"30-39 years","Monroe","216","0","6"
"40-49 years","Monroe","253","2","18"
"50-59 years","Monroe","284","3","22"
"60-69 years","Monroe","261","16","40"
"70-79 years","Monroe","152","19","38"
"80 & Older years","Monroe","110","34","27"
"<1 years","Monroe","3","0","1"
"01-04 years","Montgomery","10","0","0"
"05-09 years","Montgomery","6","0","0"
"10-17 years","Montgomery","44","0","1"
"18-29 years","Montgomery","148","0","1"
"30-39 years","Montgomery","88","1","3"
"40-49 years","Montgomery","117","0","2"
"50-59 years","Montgomery","93","2","5"
"60-69 years","Montgomery","90","5","12"
"70-79 years","Montgomery","50","6","9"
"80 & Older years","Montgomery","23","5","6"
"<1 years","Montgomery","1","0","0"
"Unknown years","Montgomery","3","0","0"
"01-04 years","Morgan","16","0","0"
"05-09 years","Morgan","19","0","1"
"10-17 years","Morgan","80","0","0"
"18-29 years","Morgan","194","0","4"
"30-39 years","Morgan","147","0","6"
"40-49 years","Morgan","150","0","4"
"50-59 years","Morgan","168","1","11"
"60-69 years","Morgan","116","1","8"
"70-79 years","Morgan","89","2","14"
"80 & Older years","Morgan","49","6","15"
"<1 years","Morgan","13","0","2"
"Unknown years","Morgan","2","0","0"
"01-04 years","Murray","53","0","2"
"05-09 years","Murray","80","0","2"
"10-17 years","Murray","342","0","1"
"18-29 years","Murray","738","0","6"
"30-39 years","Murray","498","1","7"
"40-49 years","Murray","630","0","21"
"50-59 years","Murray","557","5","37"
"60-69 years","Murray","371","6","54"
"70-79 years","Murray","230","22","46"
"80 & Older years","Murray","97","18","24"
"<1 years","Murray","19","0","2"
"Unknown years","Murray","5","0","0"
"01-04 years","Muscogee","180","0","5"
"05-09 years","Muscogee","263","0","0"
"10-17 years","Muscogee","738","0","7"
"18-29 years","Muscogee","2829","3","51"
"30-39 years","Muscogee","1889","2","73"
"40-49 years","Muscogee","1667","4","84"
"50-59 years","Muscogee","1689","31","169"
"60-69 years","Muscogee","1308","57","220"
"70-79 years","Muscogee","752","72","160"
"80 & Older years","Muscogee","467","89","131"
"<1 years","Muscogee","61","0","3"
"Unknown years","Muscogee","53","0","1"
"01-04 years","Newton","71","0","2"
"05-09 years","Newton","111","0","1"
"10-17 years","Newton","382","0","7"
"18-29 years","Newton","1177","1","34"
"30-39 years","Newton","1012","0","47"
"40-49 years","Newton","1157","4","80"
"50-59 years","Newton","1093","12","104"
"60-69 years","Newton","620","28","87"
"70-79 years","Newton","425","42","74"
"80 & Older years","Newton","267","71","64"
"<1 years","Newton","18","0","1"
"Unknown years","Newton","15","0","0"
"01-04 years","Non-GA Resident/Unknown State","237","0","2"
"05-09 years","Non-GA Resident/Unknown State","392","0","5"
"10-17 years","Non-GA Resident/Unknown State","1338","0","7"
"18-29 years","Non-GA Resident/Unknown State","5665","4","61"
"30-39 years","Non-GA Resident/Unknown State","3948","3","83"
"40-49 years","Non-GA Resident/Unknown State","3404","9","90"
"50-59 years","Non-GA Resident/Unknown State","3277","37","185"
"60-69 years","Non-GA Resident/Unknown State","2267","82","240"
"70-79 years","Non-GA Resident/Unknown State","1464","86","243"
"80 & Older years","Non-GA Resident/Unknown State","833","110","172"
"<1 years","Non-GA Resident/Unknown State","134","0","2"
"Unknown years","Non-GA Resident/Unknown State","956","1","3"
"01-04 years","Oconee","30","0","0"
"05-09 years","Oconee","50","0","0"
"10-17 years","Oconee","242","0","0"
"18-29 years","Oconee","495","0","3"
"30-39 years","Oconee","305","0","4"
"40-49 years","Oconee","464","1","10"
"50-59 years","Oconee","392","3","10"
"60-69 years","Oconee","265","9","27"
"70-79 years","Oconee","157","14","23"
"80 & Older years","Oconee","121","21","35"
"<1 years","Oconee","6","0","0"
"Unknown years","Oconee","5","1","0"
"01-04 years","Oglethorpe","16","0","0"
"05-09 years","Oglethorpe","23","0","0"
"10-17 years","Oglethorpe","79","0","1"
"18-29 years","Oglethorpe","185","0","1"
"30-39 years","Oglethorpe","127","1","1"
"40-49 years","Oglethorpe","159","0","5"
"50-59 years","Oglethorpe","152","1","18"
"60-69 years","Oglethorpe","131","0","13"
"70-79 years","Oglethorpe","94","3","11"
"80 & Older years","Oglethorpe","64","11","14"
"<1 years","Oglethorpe","7","0","0"
"Unknown years","Oglethorpe","6","0","0"
"01-04 years","Paulding","113","0","2"
"05-09 years","Paulding","224","0","0"
"10-17 years","Paulding","844","0","6"
"18-29 years","Paulding","1686","0","16"
"30-39 years","Paulding","1392","2","21"
"40-49 years","Paulding","1553","3","24"
"50-59 years","Paulding","1474","12","49"
"60-69 years","Paulding","774","25","54"
"70-79 years","Paulding","431","33","51"
"80 & Older years","Paulding","275","57","48"
"<1 years","Paulding","25","0","0"
"Unknown years","Paulding","40","1","0"
"01-04 years","Peach","13","0","2"
"05-09 years","Peach","18","0","0"
"10-17 years","Peach","63","0","1"
"18-29 years","Peach","357","1","8"
"30-39 years","Peach","275","0","15"
"40-49 years","Peach","220","3","16"
"50-59 years","Peach","281","6","39"
"60-69 years","Peach","229","7","43"
"70-79 years","Peach","106","9","29"
"80 & Older years","Peach","55","12","24"
"<1 years","Peach","4","0","0"
"Unknown years","Peach","1","0","0"
"01-04 years","Pickens","18","0","1"
"05-09 years","Pickens","31","0","0"
"10-17 years","Pickens","119","0","0"
"18-29 years","Pickens","334","0","5"
"30-39 years","Pickens","279","0","10"
"40-49 years","Pickens","338","0","12"
"50-59 years","Pickens","377","3","21"
"60-69 years","Pickens","294","4","31"
"70-79 years","Pickens","238","13","44"
"80 & Older years","Pickens","105","20","30"
"<1 years","Pickens","2","0","0"
"Unknown years","Pickens","8","0","0"
"01-04 years","Pierce","10","0","0"
"05-09 years","Pierce","20","0","0"
"10-17 years","Pierce","76","1","1"
"18-29 years","Pierce","210","0","5"
"30-39 years","Pierce","135","0","3"
"40-49 years","Pierce","183","0","12"
"50-59 years","Pierce","173","4","20"
"60-69 years","Pierce","139","9","34"
"70-79 years","Pierce","105","9","27"
"80 & Older years","Pierce","53","11","13"
"<1 years","Pierce","6","0","1"
"Unknown years","Pierce","9","0","0"
"01-04 years","Pike","24","0","0"
"05-09 years","Pike","22","0","0"
"10-17 years","Pike","102","0","1"
"18-29 years","Pike","139","0","4"
"30-39 years","Pike","121","0","2"
"40-49 years","Pike","167","2","9"
"50-59 years","Pike","132","3","7"
"60-69 years","Pike","91","2","16"
"70-79 years","Pike","76","7","14"
"80 & Older years","Pike","28","5","6"
"<1 years","Pike","1","0","0"
"Unknown years","Pike","3","0","0"
"01-04 years","Polk","37","0","1"
"05-09 years","Polk","65","0","0"
"10-17 years","Polk","290","0","2"
"18-29 years","Polk","725","0","10"
"30-39 years","Polk","500","0","10"
"40-49 years","Polk","525","1","37"
"50-59 years","Polk","542","11","64"
"60-69 years","Polk","343","11","60"
"70-79 years","Polk","279","19","74"
"80 & Older years","Polk","129","19","48"
"<1 years","Polk","14","0","0"
"Unknown years","Polk","30","0","0"
"01-04 years","Pulaski","5","0","0"
"05-09 years","Pulaski","8","0","0"
"10-17 years","Pulaski","33","0","1"
"18-29 years","Pulaski","69","0","1"
"30-39 years","Pulaski","80","0","2"
"40-49 years","Pulaski","77","0","7"
"50-59 years","Pulaski","94","0","6"
"60-69 years","Pulaski","87","5","11"
"70-79 years","Pulaski","46","11","16"
"80 & Older years","Pulaski","37","10","5"
"<1 years","Pulaski","3","0","0"
"01-04 years","Putnam","20","0","0"
"05-09 years","Putnam","40","0","0"
"10-17 years","Putnam","98","0","2"
"18-29 years","Putnam","253","0","2"
"30-39 years","Putnam","197","0","5"
"40-49 years","Putnam","196","1","5"
"50-59 years","Putnam","255","2","14"
"60-69 years","Putnam","228","11","24"
"70-79 years","Putnam","170","14","40"
"80 & Older years","Putnam","77","14","27"
"<1 years","Putnam","6","0","1"
"01-04 years","Quitman","1","0","0"
"05-09 years","Quitman","4","0","0"
"10-17 years","Quitman","4","0","0"
"18-29 years","Quitman","11","0","0"
"30-39 years","Quitman","4","0","1"
"40-49 years","Quitman","3","0","1"
"50-59 years","Quitman","14","0","1"
"60-69 years","Quitman","22","1","4"
"70-79 years","Quitman","3","0","1"
"80 & Older years","Quitman","4","0","1"
"<1 years","Quitman","2","0","0"
"01-04 years","Rabun","13","0","0"
"05-09 years","Rabun","17","0","0"
"10-17 years","Rabun","86","0","0"
"18-29 years","Rabun","191","0","5"
"30-39 years","Rabun","165","1","10"
"40-49 years","Rabun","169","0","7"
"50-59 years","Rabun","203","3","24"
"60-69 years","Rabun","204","6","30"
"70-79 years","Rabun","157","11","34"
"80 & Older years","Rabun","74","11","28"
"<1 years","Rabun","5","0","1"
"Unknown years","Rabun","79","0","2"
"01-04 years","Randolph","2","0","0"
"05-09 years","Randolph","4","0","0"
"10-17 years","Randolph","9","0","0"
"18-29 years","Randolph","54","0","1"
"30-39 years","Randolph","60","2","4"
"40-49 years","Randolph","50","0","4"
"50-59 years","Randolph","85","3","19"
"60-69 years","Randolph","65","7","15"
"70-79 years","Randolph","46","3","12"
"80 & Older years","Randolph","47","15","16"
"<1 years","Randolph","1","0","0"
"Unknown years","Randolph","3","0","0"
"01-04 years","Richmond","239","0","1"
"05-09 years","Richmond","447","0","3"
"10-17 years","Richmond","1269","0","9"
"18-29 years","Richmond","4014","5","50"
"30-39 years","Richmond","2951","4","70"
"40-49 years","Richmond","2393","18","93"
"50-59 years","Richmond","2427","27","181"
"60-69 years","Richmond","1772","55","221"
"70-79 years","Richmond","970","70","247"
"80 & Older years","Richmond","599","121","240"
"<1 years","Richmond","75","0","2"
"Unknown years","Richmond","29","0","1"
"01-04 years","Rockdale","44","0","0"
"05-09 years","Rockdale","91","0","0"
"10-17 years","Rockdale","279","0","11"
"18-29 years","Rockdale","986","2","55"
"30-39 years","Rockdale","766","3","71"
"40-49 years","Rockdale","892","6","91"
"50-59 years","Rockdale","860","7","131"
"60-69 years","Rockdale","553","20","116"
"70-79 years","Rockdale","339","33","112"
"80 & Older years","Rockdale","176","31","60"
"<1 years","Rockdale","6","0","1"
"Unknown years","Rockdale","7","0","0"
"01-04 years","Schley","5","0","0"
"05-09 years","Schley","4","0","0"
"10-17 years","Schley","14","0","0"
"18-29 years","Schley","45","0","2"
"30-39 years","Schley","18","0","0"
"40-49 years","Schley","27","0","2"
"50-59 years","Schley","30","0","3"
"60-69 years","Schley","25","1","8"
"70-79 years","Schley","11","0","2"
"80 & Older years","Schley","5","1","1"
"<1 years","Schley","1","0","0"
"01-04 years","Screven","8","0","0"
"05-09 years","Screven","15","0","0"
"10-17 years","Screven","54","0","0"
"18-29 years","Screven","121","0","3"
"30-39 years","Screven","111","0","2"
"40-49 years","Screven","88","1","4"
"50-59 years","Screven","97","1","12"
"60-69 years","Screven","122","1","14"
"70-79 years","Screven","65","5","14"
"80 & Older years","Screven","37","7","9"
"<1 years","Screven","3","0","0"
"Unknown years","Screven","1","0","0"
"01-04 years","Seminole","13","0","0"
"05-09 years","Seminole","15","0","0"
"10-17 years","Seminole","70","0","0"
"18-29 years","Seminole","99","0","0"
"30-39 years","Seminole","83","0","0"
"40-49 years","Seminole","85","0","5"
"50-59 years","Seminole","106","1","6"
"60-69 years","Seminole","118","2","21"
"70-79 years","Seminole","64","5","14"
"80 & Older years","Seminole","25","6","10"
"<1 years","Seminole","3","0","0"
"01-04 years","Spalding","53","0","2"
"05-09 years","Spalding","45","0","1"
"10-17 years","Spalding","160","0","2"
"18-29 years","Spalding","581","1","25"
"30-39 years","Spalding","508","2","28"
"40-49 years","Spalding","514","2","36"
"50-59 years","Spalding","537","10","61"
"60-69 years","Spalding","431","21","73"
"70-79 years","Spalding","309","32","65"
"80 & Older years","Spalding","200","42","59"
"<1 years","Spalding","9","0","0"
"Unknown years","Spalding","6","0","0"
"01-04 years","Stephens","16","0","0"
"05-09 years","Stephens","41","0","1"
"10-17 years","Stephens","168","0","3"
"18-29 years","Stephens","483","1","13"
"30-39 years","Stephens","313","0","8"
"40-49 years","Stephens","399","1","21"
"50-59 years","Stephens","412","4","36"
"60-69 years","Stephens","414","17","55"
"70-79 years","Stephens","278","19","58"
"80 & Older years","Stephens","147","24","36"
"<1 years","Stephens","5","0","0"
"Unknown years","Stephens","44","0","0"
"01-04 years","Stewart","3","0","0"
"05-09 years","Stewart","2","0","0"
"10-17 years","Stewart","12","0","0"
"18-29 years","Stewart","141","0","20"
"30-39 years","Stewart","181","1","25"
"40-49 years","Stewart","132","1","23"
"50-59 years","Stewart","73","1","12"
"60-69 years","Stewart","65","10","25"
"70-79 years","Stewart","24","2","5"
"80 & Older years","Stewart","21","4","6"
"<1 years","Stewart","1","0","0"
"Unknown years","Stewart","14","0","4"
"01-04 years","Sumter","19","0","0"
"05-09 years","Sumter","27","0","0"
"10-17 years","Sumter","74","0","2"
"18-29 years","Sumter","300","1","10"
"30-39 years","Sumter","248","1","20"
"40-49 years","Sumter","246","4","19"
"50-59 years","Sumter","265","2","40"
"60-69 years","Sumter","244","23","66"
"70-79 years","Sumter","158","25","43"
"80 & Older years","Sumter","100","25","45"
"<1 years","Sumter","10","0","0"
"Unknown years","Sumter","3","0","0"
"01-04 years","Talbot","7","0","0"
"05-09 years","Talbot","3","0","0"
"10-17 years","Talbot","29","0","0"
"18-29 years","Talbot","50","0","1"
"30-39 years","Talbot","29","0","1"
"40-49 years","Talbot","55","1","4"
"50-59 years","Talbot","57","3","5"
"60-69 years","Talbot","53","2","9"
"70-79 years","Talbot","35","5","6"
"80 & Older years","Talbot","19","2","8"
"Unknown years","Talbot","2","0","0"
"01-04 years","Taliaferro","1","0","0"
"05-09 years","Taliaferro","1","0","0"
"10-17 years","Taliaferro","6","0","0"
"18-29 years","Taliaferro","11","0","0"
"30-39 years","Taliaferro","14","0","0"
"40-49 years","Taliaferro","18","0","1"
"50-59 years","Taliaferro","9","0","0"
"60-69 years","Taliaferro","19","0","3"
"70-79 years","Taliaferro","9","0","2"
"80 & Older years","Taliaferro","4","0","2"
"01-04 years","Tattnall","27","0","0"
"05-09 years","Tattnall","39","0","0"
"10-17 years","Tattnall","145","0","0"
"18-29 years","Tattnall","294","0","1"
"30-39 years","Tattnall","261","1","3"
"40-49 years","Tattnall","252","0","7"
"50-59 years","Tattnall","269","5","21"
"60-69 years","Tattnall","220","11","30"
"70-79 years","Tattnall","105","11","31"
"80 & Older years","Tattnall","45","4","8"
"<1 years","Tattnall","6","0","0"
"Unknown years","Tattnall","6","0","1"
"01-04 years","Taylor","12","0","1"
"05-09 years","Taylor","12","0","0"
"10-17 years","Taylor","47","0","1"
"18-29 years","Taylor","72","0","1"
"30-39 years","Taylor","47","0","3"
"40-49 years","Taylor","79","1","7"
"50-59 years","Taylor","64","0","14"
"60-69 years","Taylor","56","5","16"
"70-79 years","Taylor","33","4","9"
"80 & Older years","Taylor","26","9","11"
"<1 years","Taylor","4","0","0"
"01-04 years","Telfair","7","0","0"
"05-09 years","Telfair","11","0","0"
"10-17 years","Telfair","20","0","0"
"18-29 years","Telfair","135","0","3"
"30-39 years","Telfair","88","1","1"
"40-49 years","Telfair","94","1","5"
"50-59 years","Telfair","99","5","10"
"60-69 years","Telfair","102","8","17"
"70-79 years","Telfair","69","10","17"
"80 & Older years","Telfair","39","14","9"
"<1 years","Telfair","4","0","0"
"Unknown years","Telfair","1","0","0"
"01-04 years","Terrell","5","0","0"
"05-09 years","Terrell","5","0","0"
"10-17 years","Terrell","38","0","0"
"18-29 years","Terrell","62","0","1"
"30-39 years","Terrell","71","0","8"
"40-49 years","Terrell","57","0","7"
"50-59 years","Terrell","89","3","13"
"60-69 years","Terrell","89","11","32"
"70-79 years","Terrell","57","12","24"
"80 & Older years","Terrell","36","10","15"
"01-04 years","Thomas","55","0","1"
"05-09 years","Thomas","101","0","0"
"10-17 years","Thomas","278","0","2"
"18-29 years","Thomas","558","1","19"
"30-39 years","Thomas","455","1","16"
"40-49 years","Thomas","485","4","27"
"50-59 years","Thomas","514","8","39"
"60-69 years","Thomas","410","10","79"
"70-79 years","Thomas","247","31","62"
"80 & Older years","Thomas","158","38","48"
"<1 years","Thomas","13","0","1"
"Unknown years","Thomas","5","0","0"
"01-04 years","Tift","31","0","1"
"05-09 years","Tift","58","0","3"
"10-17 years","Tift","222","0","6"
"18-29 years","Tift","751","0","20"
"30-39 years","Tift","527","1","27"
"40-49 years","Tift","524","7","55"
"50-59 years","Tift","452","9","67"
"60-69 years","Tift","342","16","69"
"70-79 years","Tift","235","26","83"
"80 & Older years","Tift","131","29","58"
"<1 years","Tift","12","0","0"
"Unknown years","Tift","2","0","0"
"01-04 years","Toombs","27","0","0"
"05-09 years","Toombs","44","0","0"
"10-17 years","Toombs","192","0","1"
"18-29 years","Toombs","483","0","5"
"30-39 years","Toombs","388","0","3"
"40-49 years","Toombs","390","1","20"
"50-59 years","Toombs","382","7","21"
"60-69 years","Toombs","356","9","40"
"70-79 years","Toombs","238","29","37"
"80 & Older years","Toombs","141","32","27"
"<1 years","Toombs","5","0","0"
"Unknown years","Toombs","6","0","0"
"01-04 years","Towns","2","0","0"
"05-09 years","Towns","6","0","0"
"10-17 years","Towns","39","0","1"
"18-29 years","Towns","117","0","4"
"30-39 years","Towns","77","0","3"
"40-49 years","Towns","100","2","5"
"50-59 years","Towns","139","2","12"
"60-69 years","Towns","183","1","16"
"70-79 years","Towns","139","6","32"
"80 & Older years","Towns","92","21","38"
"Unknown years","Towns","22","0","0"
"01-04 years","Treutlen","5","0","0"
"05-09 years","Treutlen","14","0","0"
"10-17 years","Treutlen","39","0","0"
"18-29 years","Treutlen","98","0","2"
"30-39 years","Treutlen","90","0","4"
"40-49 years","Treutlen","94","0","5"
"50-59 years","Treutlen","91","1","5"
"60-69 years","Treutlen","64","4","11"
"70-79 years","Treutlen","51","9","10"
"80 & Older years","Treutlen","30","5","9"
"01-04 years","Troup","119","0","1"
"05-09 years","Troup","159","0","0"
"10-17 years","Troup","459","0","3"
"18-29 years","Troup","1081","1","27"
"30-39 years","Troup","806","6","41"
"40-49 years","Troup","719","4","44"
"50-59 years","Troup","740","13","92"
"60-69 years","Troup","565","25","82"
"70-79 years","Troup","292","36","79"
"80 & Older years","Troup","224","64","55"
"<1 years","Troup","36","0","1"
"Unknown years","Troup","6","0","0"
"01-04 years","Turner","3","0","0"
"05-09 years","Turner","6","0","0"
"10-17 years","Turner","19","0","0"
"18-29 years","Turner","81","0","2"
"30-39 years","Turner","99","0","9"
"40-49 years","Turner","102","0","5"
"50-59 years","Turner","91","2","11"
"60-69 years","Turner","81","7","26"
"70-79 years","Turner","51","5","12"
"80 & Older years","Turner","35","12","14"
"<1 years","Turner","2","0","1"
"01-04 years","Twiggs","9","0","0"
"05-09 years","Twiggs","6","0","1"
"10-17 years","Twiggs","21","0","0"
"18-29 years","Twiggs","62","0","2"
"30-39 years","Twiggs","57","1","4"
"40-49 years","Twiggs","55","1","6"
"50-59 years","Twiggs","87","3","10"
"60-69 years","Twiggs","95","4","25"
"70-79 years","Twiggs","51","6","19"
"80 & Older years","Twiggs","24","8","14"
"01-04 years","Union","7","0","0"
"05-09 years","Union","16","0","0"
"10-17 years","Union","63","0","1"
"18-29 years","Union","226","1","1"
"30-39 years","Union","191","0","2"
"40-49 years","Union","198","0","13"
"50-59 years","Union","266","4","16"
"60-69 years","Union","319","4","36"
"70-79 years","Union","278","19","46"
"80 & Older years","Union","192","30","56"
"<1 years","Union","1","0","0"
"Unknown years","Union","33","0","0"
"01-04 years","Unknown","33","0","0"
"05-09 years","Unknown","60","0","0"
"10-17 years","Unknown","216","0","0"
"18-29 years","Unknown","871","1","4"
"30-39 years","Unknown","473","1","3"
"40-49 years","Unknown","434","1","2"
"50-59 years","Unknown","359","3","10"
"60-69 years","Unknown","225","1","6"
"70-79 years","Unknown","134","1","12"
"80 & Older years","Unknown","53","1","5"
"<1 years","Unknown","25","0","0"
"Unknown years","Unknown","208","0","3"
"01-04 years","Upson","31","0","0"
"05-09 years","Upson","42","0","0"
"10-17 years","Upson","121","0","1"
"18-29 years","Upson","275","0","5"
"30-39 years","Upson","189","2","8"
"40-49 years","Upson","220","1","9"
"50-59 years","Upson","237","5","19"
"60-69 years","Upson","217","18","30"
"70-79 years","Upson","152","29","38"
"80 & Older years","Upson","101","32","32"
"<1 years","Upson","14","0","0"
"Unknown years","Upson","10","0","0"
"01-04 years","Walker","68","0","1"
"05-09 years","Walker","110","0","1"
"10-17 years","Walker","429","0","3"
"18-29 years","Walker","939","0","13"
"30-39 years","Walker","686","0","11"
"40-49 years","Walker","844","3","24"
"50-59 years","Walker","718","3","31"
"60-69 years","Walker","605","12","52"
"70-79 years","Walker","411","25","45"
"80 & Older years","Walker","205","24","25"
"<1 years","Walker","35","0","1"
"Unknown years","Walker","176","0","7"
"01-04 years","Walton","65","0","1"
"05-09 years","Walton","136","0","1"
"10-17 years","Walton","506","0","5"
"18-29 years","Walton","1184","0","24"
"30-39 years","Walton","988","0","22"
"40-49 years","Walton","1095","2","45"
"50-59 years","Walton","1094","8","72"
"60-69 years","Walton","758","23","68"
"70-79 years","Walton","562","52","85"
"80 & Older years","Walton","358","76","69"
"<1 years","Walton","23","0","2"
"Unknown years","Walton","16","0","0"
"01-04 years","Ware","57","0","1"
"05-09 years","Ware","64","0","0"
"10-17 years","Ware","220","0","3"
"18-29 years","Ware","517","1","5"
"30-39 years","Ware","423","1","17"
"40-49 years","Ware","347","2","24"
"50-59 years","Ware","378","12","53"
"60-69 years","Ware","282","12","54"
"70-79 years","Ware","237","34","84"
"80 & Older years","Ware","197","46","57"
"<1 years","Ware","19","0","1"
"Unknown years","Ware","7","0","1"
"01-04 years","Warren","6","0","0"
"05-09 years","Warren","2","0","0"
"10-17 years","Warren","24","0","0"
"18-29 years","Warren","58","0","3"
"30-39 years","Warren","49","0","4"
"40-49 years","Warren","45","2","5"
"50-59 years","Warren","64","1","7"
"60-69 years","Warren","43","2","7"
"70-79 years","Warren","32","2","10"
"80 & Older years","Warren","14","1","5"
"<1 years","Warren","2","0","1"
"Unknown years","Warren","4","0","0"
"01-04 years","Washington","15","0","0"
"05-09 years","Washington","22","0","0"
"10-17 years","Washington","106","0","2"
"18-29 years","Washington","235","0","6"
"30-39 years","Washington","222","0","8"
"40-49 years","Washington","238","2","11"
"50-59 years","Washington","231","2","14"
"60-69 years","Washington","218","10","26"
"70-79 years","Washington","122","8","20"
"80 & Older years","Washington","75","17","11"
"<1 years","Washington","10","0","0"
"Unknown years","Washington","6","0","0"
"01-04 years","Wayne","29","0","1"
"05-09 years","Wayne","23","0","0"
"10-17 years","Wayne","127","0","1"
"18-29 years","Wayne","371","1","7"
"30-39 years","Wayne","368","1","9"
"40-49 years","Wayne","429","1","30"
"50-59 years","Wayne","368","5","31"
"60-69 years","Wayne","285","14","56"
"70-79 years","Wayne","243","22","68"
"80 & Older years","Wayne","113","18","24"
"<1 years","Wayne","3","0","0"
"Unknown years","Wayne","4","0","0"
"10-17 years","Webster","3","0","0"
"18-29 years","Webster","16","0","1"
"30-39 years","Webster","7","0","0"
"40-49 years","Webster","14","0","2"
"50-59 years","Webster","17","2","4"
"60-69 years","Webster","20","1","4"
"70-79 years","Webster","7","0","1"
"80 & Older years","Webster","3","0","0"
"Unknown years","Webster","2","0","0"
"01-04 years","Wheeler","1","0","0"
"05-09 years","Wheeler","5","0","0"
"10-17 years","Wheeler","23","0","0"
"18-29 years","Wheeler","49","0","0"
"30-39 years","Wheeler","73","2","2"
"40-49 years","Wheeler","77","1","3"
"50-59 years","Wheeler","89","5","9"
"60-69 years","Wheeler","53","3","6"
"70-79 years","Wheeler","39","5","11"
"80 & Older years","Wheeler","9","3","1"
"<1 years","Wheeler","1","0","0"
"Unknown years","Wheeler","24","0","1"
"01-04 years","White","12","0","0"
"05-09 years","White","48","0","0"
"10-17 years","White","201","0","2"
"18-29 years","White","402","1","7"
"30-39 years","White","293","1","7"
"40-49 years","White","372","1","15"
"50-59 years","White","435","4","34"
"60-69 years","White","411","9","60"
"70-79 years","White","304","12","73"
"80 & Older years","White","174","27","64"
"<1 years","White","5","0","0"
"Unknown years","White","57","0","2"
"01-04 years","Whitfield","186","0","2"
"05-09 years","Whitfield","348","0","3"
"10-17 years","Whitfield","1238","0","6"
"18-29 years","Whitfield","3225","0","41"
"30-39 years","Whitfield","2084","4","55"
"40-49 years","Whitfield","2189","4","71"
"50-59 years","Whitfield","1980","21","110"
"60-69 years","Whitfield","1166","29","131"
"70-79 years","Whitfield","678","41","126"
"80 & Older years","Whitfield","385","70","108"
"<1 years","Whitfield","67","0","5"
"Unknown years","Whitfield","28","0","2"
"01-04 years","Wilcox","10","0","0"
"05-09 years","Wilcox","9","0","0"
"10-17 years","Wilcox","23","0","0"
"18-29 years","Wilcox","39","0","0"
"30-39 years","Wilcox","42","0","1"
"40-49 years","Wilcox","71","0","12"
"50-59 years","Wilcox","78","1","14"
"60-69 years","Wilcox","82","9","23"
"70-79 years","Wilcox","52","9","10"
"80 & Older years","Wilcox","22","7","6"
"<1 years","Wilcox","5","0","0"
"01-04 years","Wilkes","8","0","0"
"05-09 years","Wilkes","16","0","0"
"10-17 years","Wilkes","48","0","0"
"18-29 years","Wilkes","107","0","1"
"30-39 years","Wilkes","80","0","4"
"40-49 years","Wilkes","100","0","11"
"50-59 years","Wilkes","91","2","3"
"60-69 years","Wilkes","68","1","12"
"70-79 years","Wilkes","62","5","18"
"80 & Older years","Wilkes","25","7","12"
"<1 years","Wilkes","3","0","0"
"Unknown years","Wilkes","1","0","0"
"01-04 years","Wilkinson","6","0","0"
"05-09 years","Wilkinson","10","0","0"
"10-17 years","Wilkinson","27","0","1"
"18-29 years","Wilkinson","101","0","3"
"30-39 years","Wilkinson","82","0","5"
"40-49 years","Wilkinson","87","0","6"
"50-59 years","Wilkinson","138","4","23"
"60-69 years","Wilkinson","123","7","34"
"70-79 years","Wilkinson","53","6","21"
"80 & Older years","Wilkinson","33","4","15"
"Unknown years","Wilkinson","2","0","0"
"01-04 years","Worth","13","0","0"
"05-09 years","Worth","12","0","0"
"10-17 years","Worth","72","0","3"
"18-29 years","Worth","170","0","7"
"30-39 years","Worth","136","0","10"
"40-49 years","Worth","147","1","13"
"50-59 years","Worth","178","4","24"
"60-69 years","Worth","188","16","49"
"70-79 years","Worth","113","13","27"
"80 & Older years","Worth","68","13","22"
"<1 years","Worth","4","0","0"
"Unknown years","Worth","1","0","0"
