"age group","county name","cases","deaths","hospitalization"
"01-04 years","Georgia","12024","1","235"
"05-09 years","Georgia","19765","2","178"
"10-17 years","Georgia","67441","7","709"
"18-29 years","Georgia","199143","123","3829"
"30-39 years","Georgia","144284","257","5001"
"40-49 years","Georgia","139430","618","7250"
"50-59 years","Georgia","132137","1665","10874"
"60-69 years","Georgia","89059","3516","12880"
"70-79 years","Georgia","51515","5081","12219"
"80 & Older years","Georgia","29723","6578","9434"
"<1 years","Georgia","3349","0","181"
"Unknown years","Georgia","3632","1","87"
"01-04 years","Appling","31","0","0"
"05-09 years","Appling","53","0","0"
"10-17 years","Appling","165","0","1"
"18-29 years","Appling","348","1","6"
"30-39 years","Appling","259","1","5"
"40-49 years","Appling","258","4","17"
"50-59 years","Appling","298","7","31"
"60-69 years","Appling","256","15","53"
"70-79 years","Appling","168","18","35"
"80 & Older years","Appling","82","20","31"
"<1 years","Appling","6","0","0"
"01-04 years","Atkinson","6","0","1"
"05-09 years","Atkinson","19","0","1"
"10-17 years","Atkinson","51","0","0"
"18-29 years","Atkinson","172","0","9"
"30-39 years","Atkinson","122","0","8"
"40-49 years","Atkinson","136","2","25"
"50-59 years","Atkinson","138","2","24"
"60-69 years","Atkinson","86","6","26"
"70-79 years","Atkinson","41","5","13"
"80 & Older years","Atkinson","14","5","10"
"<1 years","Atkinson","3","0","0"
"01-04 years","Bacon","18","0","0"
"05-09 years","Bacon","23","0","0"
"10-17 years","Bacon","77","0","1"
"18-29 years","Bacon","398","0","1"
"30-39 years","Bacon","191","0","5"
"40-49 years","Bacon","173","1","12"
"50-59 years","Bacon","155","2","16"
"60-69 years","Bacon","126","9","25"
"70-79 years","Bacon","82","7","20"
"80 & Older years","Bacon","38","9","9"
"<1 years","Bacon","4","0","0"
"Unknown years","Bacon","1","0","0"
"01-04 years","Baker","7","0","0"
"05-09 years","Baker","4","0","0"
"10-17 years","Baker","9","0","0"
"18-29 years","Baker","25","0","0"
"30-39 years","Baker","23","0","3"
"40-49 years","Baker","14","1","2"
"50-59 years","Baker","21","0","1"
"60-69 years","Baker","33","3","15"
"70-79 years","Baker","18","2","10"
"80 & Older years","Baker","9","3","3"
"<1 years","Baker","1","0","0"
"01-04 years","Baldwin","31","0","0"
"05-09 years","Baldwin","54","0","0"
"10-17 years","Baldwin","202","1","5"
"18-29 years","Baldwin","1286","0","15"
"30-39 years","Baldwin","477","1","16"
"40-49 years","Baldwin","492","2","31"
"50-59 years","Baldwin","499","12","60"
"60-69 years","Baldwin","388","23","75"
"70-79 years","Baldwin","262","28","59"
"80 & Older years","Baldwin","160","48","64"
"<1 years","Baldwin","14","0","0"
"01-04 years","Banks","11","0","0"
"05-09 years","Banks","31","0","1"
"10-17 years","Banks","108","0","2"
"18-29 years","Banks","308","0","9"
"30-39 years","Banks","213","0","6"
"40-49 years","Banks","239","0","18"
"50-59 years","Banks","265","2","26"
"60-69 years","Banks","216","6","44"
"70-79 years","Banks","153","15","56"
"80 & Older years","Banks","80","12","30"
"<1 years","Banks","6","0","1"
"Unknown years","Banks","21","0","1"
"01-04 years","Barrow","99","0","0"
"05-09 years","Barrow","185","0","0"
"10-17 years","Barrow","693","0","8"
"18-29 years","Barrow","1805","2","39"
"30-39 years","Barrow","1520","1","50"
"40-49 years","Barrow","1566","5","71"
"50-59 years","Barrow","1309","8","103"
"60-69 years","Barrow","877","31","143"
"70-79 years","Barrow","510","36","106"
"80 & Older years","Barrow","246","52","92"
"<1 years","Barrow","31","0","2"
"Unknown years","Barrow","16","0","0"
"01-04 years","Bartow","118","0","6"
"05-09 years","Bartow","229","0","2"
"10-17 years","Bartow","956","0","13"
"18-29 years","Bartow","2125","0","26"
"30-39 years","Bartow","1746","4","53"
"40-49 years","Bartow","1810","3","86"
"50-59 years","Bartow","1864","17","160"
"60-69 years","Bartow","1135","38","161"
"70-79 years","Bartow","754","74","193"
"80 & Older years","Bartow","374","75","128"
"<1 years","Bartow","41","0","1"
"Unknown years","Bartow","141","0","7"
"01-04 years","Ben Hill","29","0","1"
"05-09 years","Ben Hill","20","0","0"
"10-17 years","Ben Hill","98","0","0"
"18-29 years","Ben Hill","262","0","4"
"30-39 years","Ben Hill","217","3","11"
"40-49 years","Ben Hill","203","1","10"
"50-59 years","Ben Hill","239","6","30"
"60-69 years","Ben Hill","203","12","29"
"70-79 years","Ben Hill","144","19","51"
"80 & Older years","Ben Hill","71","20","19"
"<1 years","Ben Hill","6","0","1"
"Unknown years","Ben Hill","2","0","0"
"01-04 years","Berrien","16","0","0"
"05-09 years","Berrien","23","0","0"
"10-17 years","Berrien","96","0","1"
"18-29 years","Berrien","205","0","0"
"30-39 years","Berrien","164","0","3"
"40-49 years","Berrien","140","0","4"
"50-59 years","Berrien","171","3","17"
"60-69 years","Berrien","124","8","17"
"70-79 years","Berrien","80","10","16"
"80 & Older years","Berrien","47","11","13"
"<1 years","Berrien","2","0","0"
"Unknown years","Berrien","1","0","0"
"01-04 years","Bibb","136","0","3"
"05-09 years","Bibb","191","0","0"
"10-17 years","Bibb","669","0","9"
"18-29 years","Bibb","2993","1","86"
"30-39 years","Bibb","2123","6","109"
"40-49 years","Bibb","2143","17","201"
"50-59 years","Bibb","1977","26","278"
"60-69 years","Bibb","1579","91","418"
"70-79 years","Bibb","957","117","363"
"80 & Older years","Bibb","595","149","296"
"<1 years","Bibb","46","0","4"
"Unknown years","Bibb","3","0","0"
"01-04 years","Bleckley","5","0","0"
"05-09 years","Bleckley","16","0","0"
"10-17 years","Bleckley","70","0","0"
"18-29 years","Bleckley","188","0","3"
"30-39 years","Bleckley","96","1","4"
"40-49 years","Bleckley","106","1","2"
"50-59 years","Bleckley","108","2","5"
"60-69 years","Bleckley","86","7","11"
"70-79 years","Bleckley","64","5","12"
"80 & Older years","Bleckley","61","18","12"
"<1 years","Bleckley","3","0","0"
"01-04 years","Brantley","12","0","0"
"05-09 years","Brantley","14","0","0"
"10-17 years","Brantley","89","0","1"
"18-29 years","Brantley","162","0","2"
"30-39 years","Brantley","126","0","4"
"40-49 years","Brantley","135","1","6"
"50-59 years","Brantley","156","2","15"
"60-69 years","Brantley","117","5","15"
"70-79 years","Brantley","90","16","26"
"80 & Older years","Brantley","47","8","11"
"<1 years","Brantley","1","0","0"
"01-04 years","Brooks","15","0","1"
"05-09 years","Brooks","25","0","0"
"10-17 years","Brooks","87","0","0"
"18-29 years","Brooks","177","0","1"
"30-39 years","Brooks","127","0","3"
"40-49 years","Brooks","124","1","12"
"50-59 years","Brooks","147","2","21"
"60-69 years","Brooks","101","6","17"
"70-79 years","Brooks","85","10","19"
"80 & Older years","Brooks","56","17","15"
"<1 years","Brooks","4","0","0"
"01-04 years","Bryan","53","0","0"
"05-09 years","Bryan","82","0","0"
"10-17 years","Bryan","280","0","3"
"18-29 years","Bryan","540","0","11"
"30-39 years","Bryan","462","1","10"
"40-49 years","Bryan","492","0","16"
"50-59 years","Bryan","362","5","30"
"60-69 years","Bryan","261","12","29"
"70-79 years","Bryan","160","10","51"
"80 & Older years","Bryan","67","9","27"
"<1 years","Bryan","14","0","0"
"Unknown years","Bryan","3","0","0"
"01-04 years","Bulloch","61","0","0"
"05-09 years","Bulloch","105","0","0"
"10-17 years","Bulloch","381","0","2"
"18-29 years","Bulloch","2276","0","11"
"30-39 years","Bulloch","651","4","21"
"40-49 years","Bulloch","558","2","23"
"50-59 years","Bulloch","533","8","37"
"60-69 years","Bulloch","389","15","46"
"70-79 years","Bulloch","199","17","42"
"80 & Older years","Bulloch","107","17","38"
"<1 years","Bulloch","26","0","2"
"Unknown years","Bulloch","1","0","0"
"01-04 years","Burke","21","0","0"
"05-09 years","Burke","45","0","0"
"10-17 years","Burke","143","0","1"
"18-29 years","Burke","352","1","8"
"30-39 years","Burke","269","1","10"
"40-49 years","Burke","300","2","17"
"50-59 years","Burke","279","3","33"
"60-69 years","Burke","216","5","39"
"70-79 years","Burke","123","13","33"
"80 & Older years","Burke","40","11","14"
"<1 years","Burke","7","0","0"
"Unknown years","Burke","1","0","0"
"01-04 years","Butts","24","0","3"
"05-09 years","Butts","31","0","0"
"10-17 years","Butts","120","0","3"
"18-29 years","Butts","430","0","6"
"30-39 years","Butts","395","0","8"
"40-49 years","Butts","369","4","15"
"50-59 years","Butts","390","7","23"
"60-69 years","Butts","275","17","34"
"70-79 years","Butts","191","23","25"
"80 & Older years","Butts","115","27","8"
"<1 years","Butts","7","0","1"
"Unknown years","Butts","3","0","0"
"01-04 years","Calhoun","7","0","0"
"05-09 years","Calhoun","1","0","0"
"10-17 years","Calhoun","39","0","0"
"18-29 years","Calhoun","68","0","6"
"30-39 years","Calhoun","62","2","6"
"40-49 years","Calhoun","76","2","8"
"50-59 years","Calhoun","83","2","18"
"60-69 years","Calhoun","72","2","19"
"70-79 years","Calhoun","25","5","9"
"80 & Older years","Calhoun","15","2","8"
"<1 years","Calhoun","3","0","0"
"Unknown years","Calhoun","1","0","0"
"01-04 years","Camden","46","0","0"
"05-09 years","Camden","41","0","1"
"10-17 years","Camden","231","0","1"
"18-29 years","Camden","795","0","6"
"30-39 years","Camden","527","1","18"
"40-49 years","Camden","437","2","11"
"50-59 years","Camden","488","2","22"
"60-69 years","Camden","369","6","29"
"70-79 years","Camden","209","5","26"
"80 & Older years","Camden","93","15","22"
"<1 years","Camden","8","0","2"
"01-04 years","Candler","9","0","0"
"05-09 years","Candler","14","0","0"
"10-17 years","Candler","57","0","0"
"18-29 years","Candler","134","0","0"
"30-39 years","Candler","99","0","3"
"40-49 years","Candler","127","3","3"
"50-59 years","Candler","128","6","13"
"60-69 years","Candler","101","9","14"
"70-79 years","Candler","72","14","18"
"80 & Older years","Candler","28","6","11"
"<1 years","Candler","5","0","0"
"01-04 years","Carroll","92","0","1"
"05-09 years","Carroll","136","0","2"
"10-17 years","Carroll","624","0","6"
"18-29 years","Carroll","1768","0","13"
"30-39 years","Carroll","1117","4","19"
"40-49 years","Carroll","1094","4","30"
"50-59 years","Carroll","1095","13","59"
"60-69 years","Carroll","769","25","72"
"70-79 years","Carroll","457","35","67"
"80 & Older years","Carroll","270","51","44"
"<1 years","Carroll","28","0","0"
"Unknown years","Carroll","7","0","0"
"01-04 years","Catoosa","90","0","0"
"05-09 years","Catoosa","153","0","1"
"10-17 years","Catoosa","498","0","2"
"18-29 years","Catoosa","1047","0","8"
"30-39 years","Catoosa","793","1","11"
"40-49 years","Catoosa","928","2","16"
"50-59 years","Catoosa","856","6","37"
"60-69 years","Catoosa","618","7","63"
"70-79 years","Catoosa","371","17","60"
"80 & Older years","Catoosa","252","31","50"
"<1 years","Catoosa","34","0","1"
"Unknown years","Catoosa","137","0","9"
"01-04 years","Charlton","12","0","0"
"05-09 years","Charlton","31","0","0"
"10-17 years","Charlton","66","0","0"
"18-29 years","Charlton","265","1","1"
"30-39 years","Charlton","233","0","4"
"40-49 years","Charlton","196","2","8"
"50-59 years","Charlton","150","2","6"
"60-69 years","Charlton","148","7","20"
"70-79 years","Charlton","57","5","12"
"80 & Older years","Charlton","30","8","14"
"<1 years","Charlton","2","0","0"
"01-04 years","Chatham","408","0","3"
"05-09 years","Chatham","496","1","1"
"10-17 years","Chatham","1374","0","14"
"18-29 years","Chatham","5132","3","63"
"30-39 years","Chatham","3493","5","115"
"40-49 years","Chatham","2868","13","163"
"50-59 years","Chatham","2579","42","249"
"60-69 years","Chatham","2074","84","368"
"70-79 years","Chatham","1105","123","358"
"80 & Older years","Chatham","700","159","300"
"<1 years","Chatham","116","0","5"
"Unknown years","Chatham","13","0","1"
"01-04 years","Chattahoochee","9","0","0"
"05-09 years","Chattahoochee","10","0","0"
"10-17 years","Chattahoochee","128","0","2"
"18-29 years","Chattahoochee","2898","7","6"
"30-39 years","Chattahoochee","283","2","4"
"40-49 years","Chattahoochee","55","0","0"
"50-59 years","Chattahoochee","28","0","7"
"60-69 years","Chattahoochee","18","0","4"
"70-79 years","Chattahoochee","11","1","3"
"80 & Older years","Chattahoochee","9","3","5"
"<1 years","Chattahoochee","8","0","0"
"Unknown years","Chattahoochee","1","0","0"
"01-04 years","Chattooga","16","0","0"
"05-09 years","Chattooga","32","0","0"
"10-17 years","Chattooga","195","0","1"
"18-29 years","Chattooga","392","0","7"
"30-39 years","Chattooga","306","0","7"
"40-49 years","Chattooga","352","2","15"
"50-59 years","Chattooga","343","5","26"
"60-69 years","Chattooga","286","14","44"
"70-79 years","Chattooga","172","18","48"
"80 & Older years","Chattooga","117","24","34"
"<1 years","Chattooga","10","0","1"
"Unknown years","Chattooga","30","0","1"
"01-04 years","Cherokee","249","0","8"
"05-09 years","Cherokee","584","0","9"
"10-17 years","Cherokee","2338","0","17"
"18-29 years","Cherokee","4440","2","78"
"30-39 years","Cherokee","3261","3","107"
"40-49 years","Cherokee","3705","5","131"
"50-59 years","Cherokee","3585","22","213"
"60-69 years","Cherokee","2180","46","262"
"70-79 years","Cherokee","1376","81","268"
"80 & Older years","Cherokee","809","147","232"
"<1 years","Cherokee","50","0","1"
"Unknown years","Cherokee","7","0","1"
"01-04 years","Clarke","173","0","1"
"05-09 years","Clarke","221","0","2"
"10-17 years","Clarke","625","0","5"
"18-29 years","Clarke","6119","1","40"
"30-39 years","Clarke","1646","2","35"
"40-49 years","Clarke","1314","3","53"
"50-59 years","Clarke","1192","12","74"
"60-69 years","Clarke","793","21","99"
"70-79 years","Clarke","467","49","115"
"80 & Older years","Clarke","244","50","73"
"<1 years","Clarke","46","0","2"
"Unknown years","Clarke","21","0","0"
"01-04 years","Clay","3","0","0"
"05-09 years","Clay","2","0","0"
"10-17 years","Clay","18","0","0"
"18-29 years","Clay","27","0","0"
"30-39 years","Clay","31","0","1"
"40-49 years","Clay","29","0","1"
"50-59 years","Clay","17","0","1"
"60-69 years","Clay","24","1","2"
"70-79 years","Clay","19","0","0"
"80 & Older years","Clay","14","2","5"
"Unknown years","Clay","1","0","0"
"01-04 years","Clayton","449","0","9"
"05-09 years","Clayton","663","1","8"
"10-17 years","Clayton","1702","0","36"
"18-29 years","Clayton","5119","6","115"
"30-39 years","Clayton","4461","12","168"
"40-49 years","Clayton","4019","27","203"
"50-59 years","Clayton","3785","60","290"
"60-69 years","Clayton","2361","127","266"
"70-79 years","Clayton","993","121","184"
"80 & Older years","Clayton","479","112","122"
"<1 years","Clayton","98","0","5"
"Unknown years","Clayton","40","0","2"
"01-04 years","Clinch","13","0","0"
"05-09 years","Clinch","20","0","0"
"10-17 years","Clinch","78","0","0"
"18-29 years","Clinch","130","0","2"
"30-39 years","Clinch","107","1","4"
"40-49 years","Clinch","106","0","4"
"50-59 years","Clinch","101","2","15"
"60-69 years","Clinch","107","7","17"
"70-79 years","Clinch","53","9","19"
"80 & Older years","Clinch","19","6","7"
"<1 years","Clinch","4","0","0"
"01-04 years","Cobb","787","1","19"
"05-09 years","Cobb","1418","0","10"
"10-17 years","Cobb","4584","0","43"
"18-29 years","Cobb","15189","5","235"
"30-39 years","Cobb","10397","19","272"
"40-49 years","Cobb","9815","35","431"
"50-59 years","Cobb","8747","70","570"
"60-69 years","Cobb","5382","146","558"
"70-79 years","Cobb","2927","292","544"
"80 & Older years","Cobb","1798","410","516"
"<1 years","Cobb","204","0","13"
"Unknown years","Cobb","69","0","2"
"01-04 years","Coffee","75","0","2"
"05-09 years","Coffee","99","0","4"
"10-17 years","Coffee","285","0","4"
"18-29 years","Coffee","817","0","22"
"30-39 years","Coffee","622","4","45"
"40-49 years","Coffee","689","5","87"
"50-59 years","Coffee","673","13","138"
"60-69 years","Coffee","530","33","137"
"70-79 years","Coffee","284","42","125"
"80 & Older years","Coffee","156","41","89"
"<1 years","Coffee","14","0","1"
"01-04 years","Colquitt","52","0","0"
"05-09 years","Colquitt","107","0","2"
"10-17 years","Colquitt","374","0","7"
"18-29 years","Colquitt","741","0","22"
"30-39 years","Colquitt","519","1","19"
"40-49 years","Colquitt","550","7","37"
"50-59 years","Colquitt","486","15","41"
"60-69 years","Colquitt","350","15","44"
"70-79 years","Colquitt","214","17","48"
"80 & Older years","Colquitt","139","27","31"
"<1 years","Colquitt","17","0","0"
"Unknown years","Colquitt","3","0","0"
"01-04 years","Columbia","145","0","2"
"05-09 years","Columbia","301","0","0"
"10-17 years","Columbia","1121","0","1"
"18-29 years","Columbia","2263","1","21"
"30-39 years","Columbia","2025","2","27"
"40-49 years","Columbia","1818","7","48"
"50-59 years","Columbia","1564","17","72"
"60-69 years","Columbia","1002","27","99"
"70-79 years","Columbia","534","44","111"
"80 & Older years","Columbia","310","64","98"
"<1 years","Columbia","35","0","1"
"Unknown years","Columbia","9","0","0"
"01-04 years","Cook","14","0","1"
"05-09 years","Cook","25","0","0"
"10-17 years","Cook","93","0","2"
"18-29 years","Cook","229","0","6"
"30-39 years","Cook","174","0","4"
"40-49 years","Cook","175","0","14"
"50-59 years","Cook","164","3","17"
"60-69 years","Cook","129","7","19"
"70-79 years","Cook","101","11","29"
"80 & Older years","Cook","54","17","15"
"<1 years","Cook","6","0","0"
"Unknown years","Cook","2","0","0"
"01-04 years","Coweta","112","0","0"
"05-09 years","Coweta","201","0","1"
"10-17 years","Coweta","654","0","7"
"18-29 years","Coweta","1638","1","15"
"30-39 years","Coweta","1278","3","29"
"40-49 years","Coweta","1369","9","48"
"50-59 years","Coweta","1588","25","72"
"60-69 years","Coweta","974","38","67"
"70-79 years","Coweta","600","59","81"
"80 & Older years","Coweta","332","72","47"
"<1 years","Coweta","27","0","1"
"Unknown years","Coweta","8","0","0"
"01-04 years","Crawford","2","0","0"
"05-09 years","Crawford","2","0","0"
"10-17 years","Crawford","28","0","1"
"18-29 years","Crawford","76","0","2"
"30-39 years","Crawford","73","0","6"
"40-49 years","Crawford","58","1","3"
"50-59 years","Crawford","115","3","16"
"60-69 years","Crawford","100","7","17"
"70-79 years","Crawford","43","5","15"
"80 & Older years","Crawford","23","1","10"
"01-04 years","Crisp","22","0","0"
"05-09 years","Crisp","30","0","0"
"10-17 years","Crisp","111","0","2"
"18-29 years","Crisp","233","0","10"
"30-39 years","Crisp","231","1","15"
"40-49 years","Crisp","216","3","21"
"50-59 years","Crisp","211","5","27"
"60-69 years","Crisp","205","19","41"
"70-79 years","Crisp","102","10","32"
"80 & Older years","Crisp","72","18","18"
"<1 years","Crisp","9","0","0"
"Unknown years","Crisp","7","0","0"
"01-04 years","Dade","16","0","0"
"05-09 years","Dade","37","0","0"
"10-17 years","Dade","100","0","0"
"18-29 years","Dade","230","0","1"
"30-39 years","Dade","154","0","2"
"40-49 years","Dade","194","0","7"
"50-59 years","Dade","176","2","11"
"60-69 years","Dade","131","1","9"
"70-79 years","Dade","93","6","19"
"80 & Older years","Dade","52","3","10"
"<1 years","Dade","7","0","0"
"Unknown years","Dade","40","1","3"
"01-04 years","Dawson","26","0","0"
"05-09 years","Dawson","49","0","0"
"10-17 years","Dawson","206","0","4"
"18-29 years","Dawson","547","0","15"
"30-39 years","Dawson","412","0","14"
"40-49 years","Dawson","382","0","23"
"50-59 years","Dawson","438","3","38"
"60-69 years","Dawson","353","6","72"
"70-79 years","Dawson","214","20","52"
"80 & Older years","Dawson","90","15","29"
"<1 years","Dawson","8","0","1"
"Unknown years","Dawson","28","0","1"
"01-04 years","DeKalb","895","0","24"
"05-09 years","DeKalb","1305","0","19"
"10-17 years","DeKalb","3567","0","62"
"18-29 years","DeKalb","13570","11","377"
"30-39 years","DeKalb","11626","19","542"
"40-49 years","DeKalb","9199","39","604"
"50-59 years","DeKalb","8346","111","847"
"60-69 years","DeKalb","5313","180","943"
"70-79 years","DeKalb","2638","251","725"
"80 & Older years","DeKalb","1625","340","523"
"<1 years","DeKalb","197","0","10"
"Unknown years","DeKalb","177","0","9"
"01-04 years","Decatur","56","0","1"
"05-09 years","Decatur","64","0","0"
"10-17 years","Decatur","203","0","0"
"18-29 years","Decatur","425","1","8"
"30-39 years","Decatur","330","1","8"
"40-49 years","Decatur","318","1","18"
"50-59 years","Decatur","277","5","29"
"60-69 years","Decatur","224","10","33"
"70-79 years","Decatur","142","20","28"
"80 & Older years","Decatur","99","17","23"
"<1 years","Decatur","9","0","0"
"Unknown years","Decatur","2","0","0"
"01-04 years","Dodge","7","0","0"
"05-09 years","Dodge","17","0","0"
"10-17 years","Dodge","87","1","1"
"18-29 years","Dodge","201","0","4"
"30-39 years","Dodge","150","0","5"
"40-49 years","Dodge","153","1","11"
"50-59 years","Dodge","184","5","20"
"60-69 years","Dodge","146","17","29"
"70-79 years","Dodge","83","16","22"
"80 & Older years","Dodge","55","16","16"
"<1 years","Dodge","4","0","0"
"01-04 years","Dooly","12","0","0"
"05-09 years","Dooly","17","0","0"
"10-17 years","Dooly","55","0","1"
"18-29 years","Dooly","111","0","5"
"30-39 years","Dooly","102","0","9"
"40-49 years","Dooly","134","1","9"
"50-59 years","Dooly","147","5","19"
"60-69 years","Dooly","127","10","24"
"70-79 years","Dooly","67","10","18"
"80 & Older years","Dooly","22","6","6"
"<1 years","Dooly","3","0","0"
"Unknown years","Dooly","2","0","0"
"01-04 years","Dougherty","68","0","3"
"05-09 years","Dougherty","122","0","0"
"10-17 years","Dougherty","264","0","7"
"18-29 years","Dougherty","1012","3","90"
"30-39 years","Dougherty","847","5","87"
"40-49 years","Dougherty","840","16","119"
"50-59 years","Dougherty","915","26","172"
"60-69 years","Dougherty","778","75","253"
"70-79 years","Dougherty","455","65","180"
"80 & Older years","Dougherty","270","93","127"
"<1 years","Dougherty","30","0","3"
"Unknown years","Dougherty","1","0","0"
"01-04 years","Douglas","188","0","5"
"05-09 years","Douglas","303","0","5"
"10-17 years","Douglas","955","0","7"
"18-29 years","Douglas","2390","0","53"
"30-39 years","Douglas","1963","3","75"
"40-49 years","Douglas","2243","7","123"
"50-59 years","Douglas","1987","23","170"
"60-69 years","Douglas","1153","38","185"
"70-79 years","Douglas","604","59","149"
"80 & Older years","Douglas","297","49","94"
"<1 years","Douglas","33","0","5"
"Unknown years","Douglas","16","0","2"
"01-04 years","Early","19","0","0"
"05-09 years","Early","18","0","0"
"10-17 years","Early","103","0","0"
"18-29 years","Early","154","1","5"
"30-39 years","Early","150","0","4"
"40-49 years","Early","171","1","9"
"50-59 years","Early","161","3","11"
"60-69 years","Early","121","11","13"
"70-79 years","Early","78","15","18"
"80 & Older years","Early","41","12","14"
"<1 years","Early","2","0","0"
"Unknown years","Early","1","0","0"
"01-04 years","Echols","8","0","0"
"05-09 years","Echols","5","0","0"
"10-17 years","Echols","26","0","1"
"18-29 years","Echols","131","0","1"
"30-39 years","Echols","60","1","3"
"40-49 years","Echols","43","0","1"
"50-59 years","Echols","44","0","2"
"60-69 years","Echols","22","0","0"
"70-79 years","Echols","17","2","3"
"80 & Older years","Echols","3","1","2"
"<1 years","Echols","1","0","0"
"01-04 years","Effingham","53","0","2"
"05-09 years","Effingham","123","0","1"
"10-17 years","Effingham","413","0","1"
"18-29 years","Effingham","689","0","7"
"30-39 years","Effingham","647","1","14"
"40-49 years","Effingham","598","1","31"
"50-59 years","Effingham","600","11","44"
"60-69 years","Effingham","388","9","60"
"70-79 years","Effingham","221","21","61"
"80 & Older years","Effingham","97","23","32"
"<1 years","Effingham","13","0","0"
"Unknown years","Effingham","2","0","0"
"01-04 years","Elbert","19","0","0"
"05-09 years","Elbert","30","0","0"
"10-17 years","Elbert","87","0","1"
"18-29 years","Elbert","266","1","2"
"30-39 years","Elbert","189","0","8"
"40-49 years","Elbert","220","1","9"
"50-59 years","Elbert","234","1","14"
"60-69 years","Elbert","190","6","23"
"70-79 years","Elbert","160","19","34"
"80 & Older years","Elbert","128","31","37"
"<1 years","Elbert","8","0","2"
"Unknown years","Elbert","2","0","0"
"01-04 years","Emanuel","25","0","1"
"05-09 years","Emanuel","24","0","0"
"10-17 years","Emanuel","166","0","2"
"18-29 years","Emanuel","320","1","0"
"30-39 years","Emanuel","235","0","8"
"40-49 years","Emanuel","290","2","7"
"50-59 years","Emanuel","259","6","29"
"60-69 years","Emanuel","227","10","30"
"70-79 years","Emanuel","134","16","26"
"80 & Older years","Emanuel","63","19","21"
"<1 years","Emanuel","5","0","0"
"Unknown years","Emanuel","4","0","1"
"01-04 years","Evans","14","0","0"
"05-09 years","Evans","20","0","0"
"10-17 years","Evans","86","0","0"
"18-29 years","Evans","155","1","3"
"30-39 years","Evans","128","0","3"
"40-49 years","Evans","114","0","10"
"50-59 years","Evans","113","3","16"
"60-69 years","Evans","68","4","15"
"70-79 years","Evans","50","6","15"
"80 & Older years","Evans","19","3","11"
"<1 years","Evans","2","0","0"
"01-04 years","Fannin","17","0","0"
"05-09 years","Fannin","34","0","0"
"10-17 years","Fannin","129","0","0"
"18-29 years","Fannin","298","0","6"
"30-39 years","Fannin","236","0","7"
"40-49 years","Fannin","269","1","11"
"50-59 years","Fannin","374","4","24"
"60-69 years","Fannin","364","7","38"
"70-79 years","Fannin","263","15","47"
"80 & Older years","Fannin","148","34","46"
"<1 years","Fannin","5","0","0"
"01-04 years","Fayette","69","0","1"
"05-09 years","Fayette","139","0","2"
"10-17 years","Fayette","552","0","3"
"18-29 years","Fayette","1267","1","8"
"30-39 years","Fayette","824","1","9"
"40-49 years","Fayette","1114","4","29"
"50-59 years","Fayette","1165","9","46"
"60-69 years","Fayette","867","23","55"
"70-79 years","Fayette","444","56","74"
"80 & Older years","Fayette","286","61","39"
"<1 years","Fayette","14","0","0"
"Unknown years","Fayette","11","0","0"
"01-04 years","Floyd","127","0","4"
"05-09 years","Floyd","222","0","1"
"10-17 years","Floyd","949","0","11"
"18-29 years","Floyd","2033","0","30"
"30-39 years","Floyd","1498","3","53"
"40-49 years","Floyd","1472","6","89"
"50-59 years","Floyd","1429","25","154"
"60-69 years","Floyd","1046","37","197"
"70-79 years","Floyd","693","51","193"
"80 & Older years","Floyd","400","68","155"
"<1 years","Floyd","46","0","2"
"Unknown years","Floyd","117","0","2"
"01-04 years","Forsyth","250","0","3"
"05-09 years","Forsyth","630","0","2"
"10-17 years","Forsyth","2252","0","7"
"18-29 years","Forsyth","3212","0","44"
"30-39 years","Forsyth","2428","1","62"
"40-49 years","Forsyth","3160","5","129"
"50-59 years","Forsyth","2920","10","176"
"60-69 years","Forsyth","1502","19","165"
"70-79 years","Forsyth","882","62","219"
"80 & Older years","Forsyth","521","91","166"
"<1 years","Forsyth","52","0","3"
"Unknown years","Forsyth","283","0","3"
"01-04 years","Franklin","18","0","2"
"05-09 years","Franklin","58","0","0"
"10-17 years","Franklin","192","0","6"
"18-29 years","Franklin","445","0","10"
"30-39 years","Franklin","304","0","5"
"40-49 years","Franklin","352","0","13"
"50-59 years","Franklin","355","1","24"
"60-69 years","Franklin","315","3","34"
"70-79 years","Franklin","185","18","34"
"80 & Older years","Franklin","87","20","25"
"<1 years","Franklin","8","0","1"
"Unknown years","Franklin","38","0","0"
"01-04 years","Fulton","1093","0","30"
"05-09 years","Fulton","1754","0","15"
"10-17 years","Fulton","5642","1","50"
"18-29 years","Fulton","21650","5","379"
"30-39 years","Fulton","15953","24","550"
"40-49 years","Fulton","12667","39","642"
"50-59 years","Fulton","11309","113","956"
"60-69 years","Fulton","6617","234","892"
"70-79 years","Fulton","3507","344","825"
"80 & Older years","Fulton","2502","533","777"
"<1 years","Fulton","235","0","12"
"Unknown years","Fulton","136","0","2"
"01-04 years","Gilmer","30","0","2"
"05-09 years","Gilmer","39","0","0"
"10-17 years","Gilmer","192","0","2"
"18-29 years","Gilmer","368","0","11"
"30-39 years","Gilmer","328","0","17"
"40-49 years","Gilmer","364","0","16"
"50-59 years","Gilmer","400","10","29"
"60-69 years","Gilmer","378","8","48"
"70-79 years","Gilmer","261","20","56"
"80 & Older years","Gilmer","137","34","41"
"<1 years","Gilmer","11","0","0"
"Unknown years","Gilmer","1","0","0"
"01-04 years","Glascock","1","0","0"
"05-09 years","Glascock","3","0","0"
"10-17 years","Glascock","1","0","0"
"18-29 years","Glascock","22","0","1"
"30-39 years","Glascock","17","0","0"
"40-49 years","Glascock","21","0","1"
"50-59 years","Glascock","28","2","3"
"60-69 years","Glascock","17","0","4"
"70-79 years","Glascock","25","3","6"
"80 & Older years","Glascock","9","2","5"
"<1 years","Glascock","1","0","0"
"Unknown years","Glascock","1","0","0"
"01-04 years","Glynn","106","0","1"
"05-09 years","Glynn","189","0","1"
"10-17 years","Glynn","610","0","2"
"18-29 years","Glynn","1417","0","24"
"30-39 years","Glynn","1119","5","31"
"40-49 years","Glynn","957","4","38"
"50-59 years","Glynn","895","10","70"
"60-69 years","Glynn","731","31","118"
"70-79 years","Glynn","457","43","82"
"80 & Older years","Glynn","257","62","92"
"<1 years","Glynn","18","0","0"
"Unknown years","Glynn","10","0","0"
"01-04 years","Gordon","90","0","1"
"05-09 years","Gordon","131","0","0"
"10-17 years","Gordon","578","0","5"
"18-29 years","Gordon","1284","0","15"
"30-39 years","Gordon","995","2","19"
"40-49 years","Gordon","1052","5","36"
"50-59 years","Gordon","1041","15","59"
"60-69 years","Gordon","645","25","57"
"70-79 years","Gordon","371","27","82"
"80 & Older years","Gordon","193","32","55"
"<1 years","Gordon","26","0","3"
"Unknown years","Gordon","117","0","3"
"01-04 years","Grady","35","0","1"
"05-09 years","Grady","45","0","0"
"10-17 years","Grady","140","0","5"
"18-29 years","Grady","265","0","10"
"30-39 years","Grady","238","0","10"
"40-49 years","Grady","242","1","24"
"50-59 years","Grady","230","7","31"
"60-69 years","Grady","167","5","28"
"70-79 years","Grady","153","17","47"
"80 & Older years","Grady","55","17","20"
"<1 years","Grady","2","0","1"
"Unknown years","Grady","3","0","0"
"01-04 years","Greene","16","0","0"
"05-09 years","Greene","32","0","0"
"10-17 years","Greene","87","0","0"
"18-29 years","Greene","264","0","6"
"30-39 years","Greene","186","0","7"
"40-49 years","Greene","182","3","12"
"50-59 years","Greene","223","6","20"
"60-69 years","Greene","235","9","21"
"70-79 years","Greene","177","10","28"
"80 & Older years","Greene","107","28","42"
"<1 years","Greene","3","0","1"
"Unknown years","Greene","2","0","0"
"01-04 years","Gwinnett","1360","0","18"
"05-09 years","Gwinnett","2207","0","29"
"10-17 years","Gwinnett","7275","2","86"
"18-29 years","Gwinnett","19453","9","577"
"30-39 years","Gwinnett","14767","20","602"
"40-49 years","Gwinnett","15651","60","836"
"50-59 years","Gwinnett","13395","105","933"
"60-69 years","Gwinnett","7352","212","958"
"70-79 years","Gwinnett","3325","284","777"
"80 & Older years","Gwinnett","1855","395","670"
"<1 years","Gwinnett","405","0","20"
"Unknown years","Gwinnett","94","0","0"
"01-04 years","Habersham","32","0","3"
"05-09 years","Habersham","58","0","3"
"10-17 years","Habersham","315","1","8"
"18-29 years","Habersham","880","1","13"
"30-39 years","Habersham","657","2","30"
"40-49 years","Habersham","691","3","42"
"50-59 years","Habersham","712","6","55"
"60-69 years","Habersham","580","20","116"
"70-79 years","Habersham","389","50","111"
"80 & Older years","Habersham","281","70","89"
"<1 years","Habersham","10","0","3"
"Unknown years","Habersham","64","0","3"
"01-04 years","Hall","197","0","8"
"05-09 years","Hall","415","0","5"
"10-17 years","Hall","1856","0","33"
"18-29 years","Hall","5465","3","168"
"30-39 years","Hall","3719","2","199"
"40-49 years","Hall","3876","12","272"
"50-59 years","Hall","4016","37","399"
"60-69 years","Hall","2682","82","424"
"70-79 years","Hall","1715","126","484"
"80 & Older years","Hall","951","187","387"
"<1 years","Hall","37","0","8"
"Unknown years","Hall","286","0","8"
"01-04 years","Hancock","7","0","0"
"05-09 years","Hancock","8","0","0"
"10-17 years","Hancock","37","0","1"
"18-29 years","Hancock","134","0","3"
"30-39 years","Hancock","112","0","2"
"40-49 years","Hancock","111","1","7"
"50-59 years","Hancock","146","4","16"
"60-69 years","Hancock","144","17","31"
"70-79 years","Hancock","74","18","23"
"80 & Older years","Hancock","62","23","24"
"<1 years","Hancock","4","0","0"
"01-04 years","Haralson","24","0","0"
"05-09 years","Haralson","39","0","0"
"10-17 years","Haralson","157","0","2"
"18-29 years","Haralson","354","0","3"
"30-39 years","Haralson","226","0","5"
"40-49 years","Haralson","245","2","8"
"50-59 years","Haralson","275","1","7"
"60-69 years","Haralson","202","13","25"
"70-79 years","Haralson","130","12","18"
"80 & Older years","Haralson","54","7","10"
"<1 years","Haralson","7","0","1"
"Unknown years","Haralson","5","0","0"
"01-04 years","Harris","32","0","0"
"05-09 years","Harris","33","0","0"
"10-17 years","Harris","193","0","2"
"18-29 years","Harris","345","0","6"
"30-39 years","Harris","252","0","7"
"40-49 years","Harris","369","3","10"
"50-59 years","Harris","390","7","24"
"60-69 years","Harris","326","14","53"
"70-79 years","Harris","187","22","44"
"80 & Older years","Harris","61","12","14"
"<1 years","Harris","5","0","0"
"Unknown years","Harris","5","0","0"
"01-04 years","Hart","17","0","0"
"05-09 years","Hart","25","0","1"
"10-17 years","Hart","95","0","0"
"18-29 years","Hart","301","0","2"
"30-39 years","Hart","261","0","6"
"40-49 years","Hart","238","0","8"
"50-59 years","Hart","286","3","18"
"60-69 years","Hart","231","13","32"
"70-79 years","Hart","149","9","21"
"80 & Older years","Hart","85","13","26"
"<1 years","Hart","6","0","1"
"Unknown years","Hart","19","0","0"
"01-04 years","Heard","8","0","0"
"05-09 years","Heard","16","0","0"
"10-17 years","Heard","62","0","1"
"18-29 years","Heard","108","0","1"
"30-39 years","Heard","72","0","1"
"40-49 years","Heard","117","0","10"
"50-59 years","Heard","110","0","6"
"60-69 years","Heard","77","4","9"
"70-79 years","Heard","54","7","16"
"80 & Older years","Heard","23","5","4"
"<1 years","Heard","4","0","0"
"01-04 years","Henry","255","0","6"
"05-09 years","Henry","393","0","2"
"10-17 years","Henry","1451","0","16"
"18-29 years","Henry","3891","1","37"
"30-39 years","Henry","3206","7","55"
"40-49 years","Henry","3493","15","101"
"50-59 years","Henry","3403","22","134"
"60-69 years","Henry","1883","72","105"
"70-79 years","Henry","926","87","94"
"80 & Older years","Henry","478","96","61"
"<1 years","Henry","51","0","2"
"Unknown years","Henry","27","0","1"
"01-04 years","Houston","118","0","3"
"05-09 years","Houston","180","0","1"
"10-17 years","Houston","754","0","4"
"18-29 years","Houston","2149","3","44"
"30-39 years","Houston","1872","3","69"
"40-49 years","Houston","1746","9","105"
"50-59 years","Houston","1498","15","119"
"60-69 years","Houston","974","46","170"
"70-79 years","Houston","548","63","160"
"80 & Older years","Houston","296","58","103"
"<1 years","Houston","26","0","2"
"Unknown years","Houston","1","0","0"
"01-04 years","Irwin","6","0","0"
"05-09 years","Irwin","11","0","0"
"10-17 years","Irwin","51","0","0"
"18-29 years","Irwin","120","0","4"
"30-39 years","Irwin","100","0","4"
"40-49 years","Irwin","121","1","10"
"50-59 years","Irwin","106","3","12"
"60-69 years","Irwin","89","1","22"
"70-79 years","Irwin","51","6","8"
"80 & Older years","Irwin","36","7","21"
"01-04 years","Jackson","63","0","0"
"05-09 years","Jackson","158","0","3"
"10-17 years","Jackson","798","0","6"
"18-29 years","Jackson","1492","2","19"
"30-39 years","Jackson","1347","1","28"
"40-49 years","Jackson","1456","6","59"
"50-59 years","Jackson","1361","7","80"
"60-69 years","Jackson","920","27","90"
"70-79 years","Jackson","625","39","115"
"80 & Older years","Jackson","313","59","109"
"<1 years","Jackson","23","0","2"
"Unknown years","Jackson","15","0","1"
"01-04 years","Jasper","7","0","1"
"05-09 years","Jasper","8","0","0"
"10-17 years","Jasper","36","0","1"
"18-29 years","Jasper","129","0","5"
"30-39 years","Jasper","96","0","2"
"40-49 years","Jasper","100","1","3"
"50-59 years","Jasper","133","2","14"
"60-69 years","Jasper","96","8","17"
"70-79 years","Jasper","55","6","11"
"80 & Older years","Jasper","19","2","6"
"<1 years","Jasper","4","0","1"
"01-04 years","Jeff Davis","30","0","0"
"05-09 years","Jeff Davis","35","0","0"
"10-17 years","Jeff Davis","121","0","2"
"18-29 years","Jeff Davis","256","0","3"
"30-39 years","Jeff Davis","213","0","8"
"40-49 years","Jeff Davis","213","0","12"
"50-59 years","Jeff Davis","200","7","19"
"60-69 years","Jeff Davis","130","8","22"
"70-79 years","Jeff Davis","86","13","19"
"80 & Older years","Jeff Davis","18","8","7"
"<1 years","Jeff Davis","3","0","1"
"01-04 years","Jefferson","18","0","0"
"05-09 years","Jefferson","32","0","0"
"10-17 years","Jefferson","109","0","1"
"18-29 years","Jefferson","244","0","3"
"30-39 years","Jefferson","203","0","9"
"40-49 years","Jefferson","216","3","14"
"50-59 years","Jefferson","271","5","23"
"60-69 years","Jefferson","255","12","35"
"70-79 years","Jefferson","156","19","41"
"80 & Older years","Jefferson","69","20","29"
"<1 years","Jefferson","4","0","0"
"Unknown years","Jefferson","8","0","0"
"01-04 years","Jenkins","17","0","0"
"05-09 years","Jenkins","20","0","0"
"10-17 years","Jenkins","61","0","0"
"18-29 years","Jenkins","112","0","2"
"30-39 years","Jenkins","88","2","6"
"40-49 years","Jenkins","110","2","9"
"50-59 years","Jenkins","123","6","20"
"60-69 years","Jenkins","88","6","13"
"70-79 years","Jenkins","57","13","21"
"80 & Older years","Jenkins","50","10","11"
"<1 years","Jenkins","2","0","0"
"Unknown years","Jenkins","1","0","0"
"01-04 years","Johnson","6","0","0"
"05-09 years","Johnson","8","0","0"
"10-17 years","Johnson","29","0","0"
"18-29 years","Johnson","124","0","3"
"30-39 years","Johnson","108","0","3"
"40-49 years","Johnson","97","2","6"
"50-59 years","Johnson","132","5","18"
"60-69 years","Johnson","128","8","22"
"70-79 years","Johnson","89","8","24"
"80 & Older years","Johnson","66","19","20"
"<1 years","Johnson","2","0","2"
"Unknown years","Johnson","1","0","0"
"01-04 years","Jones","6","0","0"
"05-09 years","Jones","24","0","0"
"10-17 years","Jones","87","0","0"
"18-29 years","Jones","334","0","7"
"30-39 years","Jones","248","1","9"
"40-49 years","Jones","238","2","17"
"50-59 years","Jones","269","3","29"
"60-69 years","Jones","180","5","34"
"70-79 years","Jones","125","20","46"
"80 & Older years","Jones","75","21","24"
"<1 years","Jones","3","0","0"
"Unknown years","Jones","1","0","0"
"01-04 years","Lamar","30","0","0"
"05-09 years","Lamar","48","0","0"
"10-17 years","Lamar","113","0","4"
"18-29 years","Lamar","222","0","4"
"30-39 years","Lamar","190","0","12"
"40-49 years","Lamar","185","1","7"
"50-59 years","Lamar","194","3","30"
"60-69 years","Lamar","176","10","24"
"70-79 years","Lamar","126","12","23"
"80 & Older years","Lamar","63","20","19"
"<1 years","Lamar","14","0","1"
"01-04 years","Lanier","7","0","0"
"05-09 years","Lanier","11","0","1"
"10-17 years","Lanier","36","0","1"
"18-29 years","Lanier","108","1","1"
"30-39 years","Lanier","123","0","2"
"40-49 years","Lanier","76","1","2"
"50-59 years","Lanier","62","1","6"
"60-69 years","Lanier","40","2","2"
"70-79 years","Lanier","23","4","6"
"80 & Older years","Lanier","14","0","6"
"<1 years","Lanier","4","0","0"
"01-04 years","Laurens","31","0","0"
"05-09 years","Laurens","48","0","1"
"10-17 years","Laurens","245","0","4"
"18-29 years","Laurens","671","0","10"
"30-39 years","Laurens","555","1","19"
"40-49 years","Laurens","573","5","29"
"50-59 years","Laurens","583","11","64"
"60-69 years","Laurens","486","31","85"
"70-79 years","Laurens","319","48","83"
"80 & Older years","Laurens","217","50","61"
"<1 years","Laurens","5","0","1"
"Unknown years","Laurens","3","0","0"
"01-04 years","Lee","12","0","0"
"05-09 years","Lee","27","0","3"
"10-17 years","Lee","113","0","1"
"18-29 years","Lee","267","1","9"
"30-39 years","Lee","292","1","16"
"40-49 years","Lee","294","4","29"
"50-59 years","Lee","266","10","42"
"60-69 years","Lee","187","13","34"
"70-79 years","Lee","90","14","30"
"80 & Older years","Lee","51","9","21"
"<1 years","Lee","8","0","0"
"Unknown years","Lee","1","0","0"
"01-04 years","Liberty","67","0","1"
"05-09 years","Liberty","80","0","1"
"10-17 years","Liberty","259","0","2"
"18-29 years","Liberty","1070","1","13"
"30-39 years","Liberty","574","0","21"
"40-49 years","Liberty","467","1","18"
"50-59 years","Liberty","448","10","43"
"60-69 years","Liberty","306","17","50"
"70-79 years","Liberty","139","18","52"
"80 & Older years","Liberty","59","15","24"
"<1 years","Liberty","30","0","1"
"Unknown years","Liberty","7","0","0"
"01-04 years","Lincoln","9","0","0"
"05-09 years","Lincoln","13","0","0"
"10-17 years","Lincoln","29","0","0"
"18-29 years","Lincoln","95","0","3"
"30-39 years","Lincoln","71","0","1"
"40-49 years","Lincoln","80","1","6"
"50-59 years","Lincoln","67","3","5"
"60-69 years","Lincoln","75","4","15"
"70-79 years","Lincoln","51","9","13"
"80 & Older years","Lincoln","21","7","9"
"<1 years","Lincoln","2","0","0"
"Unknown years","Lincoln","4","0","0"
"01-04 years","Long","17","0","0"
"05-09 years","Long","17","0","0"
"10-17 years","Long","62","0","0"
"18-29 years","Long","131","0","0"
"30-39 years","Long","144","0","3"
"40-49 years","Long","108","0","6"
"50-59 years","Long","78","1","10"
"60-69 years","Long","61","2","8"
"70-79 years","Long","39","6","14"
"80 & Older years","Long","16","2","7"
"<1 years","Long","6","0","0"
"Unknown years","Long","1","0","0"
"01-04 years","Lowndes","148","0","0"
"05-09 years","Lowndes","193","0","0"
"10-17 years","Lowndes","631","0","8"
"18-29 years","Lowndes","2410","4","29"
"30-39 years","Lowndes","1284","1","22"
"40-49 years","Lowndes","1051","4","45"
"50-59 years","Lowndes","924","9","64"
"60-69 years","Lowndes","629","30","86"
"70-79 years","Lowndes","343","40","67"
"80 & Older years","Lowndes","209","56","64"
"<1 years","Lowndes","38","0","0"
"Unknown years","Lowndes","14","0","0"
"01-04 years","Lumpkin","17","0","1"
"05-09 years","Lumpkin","32","0","2"
"10-17 years","Lumpkin","136","0","2"
"18-29 years","Lumpkin","727","0","14"
"30-39 years","Lumpkin","342","0","9"
"40-49 years","Lumpkin","335","1","19"
"50-59 years","Lumpkin","411","5","47"
"60-69 years","Lumpkin","377","11","55"
"70-79 years","Lumpkin","276","16","70"
"80 & Older years","Lumpkin","136","32","69"
"<1 years","Lumpkin","7","0","1"
"Unknown years","Lumpkin","31","0","2"
"01-04 years","Macon","9","0","0"
"05-09 years","Macon","12","0","0"
"10-17 years","Macon","23","0","0"
"18-29 years","Macon","111","0","4"
"30-39 years","Macon","80","0","4"
"40-49 years","Macon","110","1","8"
"50-59 years","Macon","121","4","15"
"60-69 years","Macon","78","7","24"
"70-79 years","Macon","54","7","21"
"80 & Older years","Macon","19","8","7"
"<1 years","Macon","3","0","0"
"Unknown years","Macon","4","0","1"
"01-04 years","Madison","42","0","1"
"05-09 years","Madison","56","0","0"
"10-17 years","Madison","233","0","0"
"18-29 years","Madison","505","0","2"
"30-39 years","Madison","424","0","5"
"40-49 years","Madison","421","0","19"
"50-59 years","Madison","443","5","27"
"60-69 years","Madison","342","9","40"
"70-79 years","Madison","202","18","46"
"80 & Older years","Madison","80","14","15"
"<1 years","Madison","20","0","4"
"Unknown years","Madison","4","0","0"
"01-04 years","Marion","9","0","0"
"05-09 years","Marion","8","0","1"
"10-17 years","Marion","38","0","0"
"18-29 years","Marion","66","0","2"
"30-39 years","Marion","44","0","2"
"40-49 years","Marion","63","1","6"
"50-59 years","Marion","65","6","7"
"60-69 years","Marion","47","3","6"
"70-79 years","Marion","28","2","6"
"80 & Older years","Marion","29","5","9"
"<1 years","Marion","3","0","0"
"Unknown years","Marion","2","0","0"
"01-04 years","McDuffie","28","0","0"
"05-09 years","McDuffie","33","0","0"
"10-17 years","McDuffie","133","0","0"
"18-29 years","McDuffie","329","0","6"
"30-39 years","McDuffie","256","2","4"
"40-49 years","McDuffie","258","2","15"
"50-59 years","McDuffie","261","5","30"
"60-69 years","McDuffie","209","10","31"
"70-79 years","McDuffie","116","8","46"
"80 & Older years","McDuffie","54","15","30"
"<1 years","McDuffie","4","0","0"
"Unknown years","McDuffie","21","0","0"
"01-04 years","McIntosh","4","0","0"
"05-09 years","McIntosh","14","0","0"
"10-17 years","McIntosh","42","0","0"
"18-29 years","McIntosh","116","0","4"
"30-39 years","McIntosh","83","0","3"
"40-49 years","McIntosh","102","0","4"
"50-59 years","McIntosh","136","0","4"
"60-69 years","McIntosh","108","2","17"
"70-79 years","McIntosh","65","4","16"
"80 & Older years","McIntosh","28","8","9"
"<1 years","McIntosh","1","0","0"
"Unknown years","McIntosh","1","0","0"
"01-04 years","Meriwether","27","0","2"
"05-09 years","Meriwether","28","0","1"
"10-17 years","Meriwether","91","0","1"
"18-29 years","Meriwether","225","0","7"
"30-39 years","Meriwether","189","2","13"
"40-49 years","Meriwether","227","2","16"
"50-59 years","Meriwether","247","6","20"
"60-69 years","Meriwether","219","12","27"
"70-79 years","Meriwether","191","24","33"
"80 & Older years","Meriwether","101","28","20"
"<1 years","Meriwether","5","0","0"
"Unknown years","Meriwether","1","0","0"
"01-04 years","Miller","12","0","0"
"05-09 years","Miller","9","0","0"
"10-17 years","Miller","82","0","1"
"18-29 years","Miller","111","0","1"
"30-39 years","Miller","100","0","0"
"40-49 years","Miller","85","0","6"
"50-59 years","Miller","130","2","12"
"60-69 years","Miller","97","3","12"
"70-79 years","Miller","31","2","3"
"80 & Older years","Miller","25","2","6"
"<1 years","Miller","3","0","0"
"01-04 years","Mitchell","26","0","1"
"05-09 years","Mitchell","29","0","0"
"10-17 years","Mitchell","90","0","2"
"18-29 years","Mitchell","259","0","10"
"30-39 years","Mitchell","229","1","16"
"40-49 years","Mitchell","213","3","17"
"50-59 years","Mitchell","251","12","55"
"60-69 years","Mitchell","208","15","50"
"70-79 years","Mitchell","133","17","47"
"80 & Older years","Mitchell","97","27","33"
"<1 years","Mitchell","8","0","0"
"Unknown years","Mitchell","2","0","1"
"01-04 years","Monroe","15","0","2"
"05-09 years","Monroe","24","0","1"
"10-17 years","Monroe","96","0","0"
"18-29 years","Monroe","311","1","6"
"30-39 years","Monroe","253","0","8"
"40-49 years","Monroe","278","4","19"
"50-59 years","Monroe","320","3","27"
"60-69 years","Monroe","296","19","51"
"70-79 years","Monroe","167","22","44"
"80 & Older years","Monroe","121","38","34"
"<1 years","Monroe","4","0","1"
"01-04 years","Montgomery","9","0","0"
"05-09 years","Montgomery","7","0","0"
"10-17 years","Montgomery","53","0","1"
"18-29 years","Montgomery","155","0","1"
"30-39 years","Montgomery","98","1","3"
"40-49 years","Montgomery","125","0","2"
"50-59 years","Montgomery","102","3","8"
"60-69 years","Montgomery","98","5","13"
"70-79 years","Montgomery","53","6","9"
"80 & Older years","Montgomery","25","6","6"
"<1 years","Montgomery","1","0","0"
"Unknown years","Montgomery","1","0","0"
"01-04 years","Morgan","17","0","0"
"05-09 years","Morgan","26","0","1"
"10-17 years","Morgan","92","0","2"
"18-29 years","Morgan","216","0","5"
"30-39 years","Morgan","170","0","7"
"40-49 years","Morgan","173","1","7"
"50-59 years","Morgan","192","2","18"
"60-69 years","Morgan","142","5","14"
"70-79 years","Morgan","108","4","19"
"80 & Older years","Morgan","56","11","20"
"<1 years","Morgan","13","0","1"
"Unknown years","Morgan","2","0","0"
"01-04 years","Murray","70","0","2"
"05-09 years","Murray","102","0","2"
"10-17 years","Murray","411","0","2"
"18-29 years","Murray","844","0","11"
"30-39 years","Murray","593","1","8"
"40-49 years","Murray","731","0","25"
"50-59 years","Murray","644","9","48"
"60-69 years","Murray","430","15","69"
"70-79 years","Murray","262","33","62"
"80 & Older years","Murray","106","23","26"
"<1 years","Murray","26","0","2"
"Unknown years","Murray","2","0","0"
"01-04 years","Muscogee","239","0","8"
"05-09 years","Muscogee","373","0","0"
"10-17 years","Muscogee","1018","0","9"
"18-29 years","Muscogee","3399","4","75"
"30-39 years","Muscogee","2326","2","87"
"40-49 years","Muscogee","2014","8","110"
"50-59 years","Muscogee","2023","46","217"
"60-69 years","Muscogee","1603","87","279"
"70-79 years","Muscogee","893","107","220"
"80 & Older years","Muscogee","533","155","184"
"<1 years","Muscogee","77","0","4"
"Unknown years","Muscogee","53","0","1"
"01-04 years","Newton","87","0","2"
"05-09 years","Newton","145","0","1"
"10-17 years","Newton","470","0","11"
"18-29 years","Newton","1450","1","47"
"30-39 years","Newton","1211","1","64"
"40-49 years","Newton","1383","9","105"
"50-59 years","Newton","1302","22","131"
"60-69 years","Newton","727","42","111"
"70-79 years","Newton","510","63","111"
"80 & Older years","Newton","300","91","80"
"<1 years","Newton","31","0","5"
"Unknown years","Newton","1","0","0"
"01-04 years","Non-GA Resident/Unknown State","258","0","4"
"05-09 years","Non-GA Resident/Unknown State","417","0","5"
"10-17 years","Non-GA Resident/Unknown State","1268","0","7"
"18-29 years","Non-GA Resident/Unknown State","5586","5","64"
"30-39 years","Non-GA Resident/Unknown State","3921","3","93"
"40-49 years","Non-GA Resident/Unknown State","3300","17","108"
"50-59 years","Non-GA Resident/Unknown State","3324","50","209"
"60-69 years","Non-GA Resident/Unknown State","2363","120","281"
"70-79 years","Non-GA Resident/Unknown State","1537","138","300"
"80 & Older years","Non-GA Resident/Unknown State","859","146","202"
"<1 years","Non-GA Resident/Unknown State","152","0","2"
"Unknown years","Non-GA Resident/Unknown State","817","0","3"
"01-04 years","Oconee","37","0","0"
"05-09 years","Oconee","65","0","0"
"10-17 years","Oconee","336","0","0"
"18-29 years","Oconee","577","1","5"
"30-39 years","Oconee","380","1","4"
"40-49 years","Oconee","573","1","12"
"50-59 years","Oconee","479","5","11"
"60-69 years","Oconee","309","11","34"
"70-79 years","Oconee","176","18","24"
"80 & Older years","Oconee","132","28","40"
"<1 years","Oconee","10","0","0"
"01-04 years","Oglethorpe","19","0","0"
"05-09 years","Oglethorpe","30","0","0"
"10-17 years","Oglethorpe","97","0","1"
"18-29 years","Oglethorpe","210","0","1"
"30-39 years","Oglethorpe","150","1","1"
"40-49 years","Oglethorpe","179","1","8"
"50-59 years","Oglethorpe","184","1","18"
"60-69 years","Oglethorpe","148","1","15"
"70-79 years","Oglethorpe","107","9","15"
"80 & Older years","Oglethorpe","68","15","17"
"<1 years","Oglethorpe","12","0","0"
"Unknown years","Oglethorpe","1","0","0"
"01-04 years","Paulding","151","0","2"
"05-09 years","Paulding","287","0","0"
"10-17 years","Paulding","1079","0","7"
"18-29 years","Paulding","2079","1","30"
"30-39 years","Paulding","1770","2","34"
"40-49 years","Paulding","1910","7","54"
"50-59 years","Paulding","1791","18","82"
"60-69 years","Paulding","932","36","82"
"70-79 years","Paulding","522","41","76"
"80 & Older years","Paulding","314","65","65"
"<1 years","Paulding","38","0","0"
"Unknown years","Paulding","46","0","0"
"01-04 years","Peach","15","0","2"
"05-09 years","Peach","21","0","0"
"10-17 years","Peach","81","0","2"
"18-29 years","Peach","408","1","10"
"30-39 years","Peach","319","0","17"
"40-49 years","Peach","254","4","23"
"50-59 years","Peach","312","8","43"
"60-69 years","Peach","269","10","58"
"70-79 years","Peach","132","13","40"
"80 & Older years","Peach","68","16","30"
"<1 years","Peach","4","0","0"
"01-04 years","Pickens","23","0","2"
"05-09 years","Pickens","39","0","1"
"10-17 years","Pickens","152","0","0"
"18-29 years","Pickens","401","0","6"
"30-39 years","Pickens","340","0","13"
"40-49 years","Pickens","404","0","19"
"50-59 years","Pickens","453","4","27"
"60-69 years","Pickens","347","9","43"
"70-79 years","Pickens","278","23","64"
"80 & Older years","Pickens","124","28","38"
"<1 years","Pickens","3","0","1"
"Unknown years","Pickens","1","0","0"
"01-04 years","Pierce","14","0","0"
"05-09 years","Pierce","25","0","0"
"10-17 years","Pierce","96","1","1"
"18-29 years","Pierce","234","0","5"
"30-39 years","Pierce","157","0","4"
"40-49 years","Pierce","219","0","16"
"50-59 years","Pierce","197","4","20"
"60-69 years","Pierce","157","11","40"
"70-79 years","Pierce","118","14","36"
"80 & Older years","Pierce","55","14","17"
"<1 years","Pierce","7","0","1"
"01-04 years","Pike","27","0","0"
"05-09 years","Pike","28","0","0"
"10-17 years","Pike","122","0","1"
"18-29 years","Pike","169","1","6"
"30-39 years","Pike","145","0","2"
"40-49 years","Pike","200","3","9"
"50-59 years","Pike","158","4","9"
"60-69 years","Pike","106","3","17"
"70-79 years","Pike","85","8","19"
"80 & Older years","Pike","34","8","9"
"<1 years","Pike","2","0","0"
"Unknown years","Pike","2","0","0"
"01-04 years","Polk","44","0","1"
"05-09 years","Polk","75","0","2"
"10-17 years","Polk","327","0","3"
"18-29 years","Polk","819","0","13"
"30-39 years","Polk","583","1","16"
"40-49 years","Polk","594","3","40"
"50-59 years","Polk","617","12","84"
"60-69 years","Polk","401","16","75"
"70-79 years","Polk","317","24","88"
"80 & Older years","Polk","140","26","56"
"<1 years","Polk","20","0","0"
"Unknown years","Polk","29","0","0"
"01-04 years","Pulaski","5","0","0"
"05-09 years","Pulaski","9","0","0"
"10-17 years","Pulaski","37","0","1"
"18-29 years","Pulaski","85","0","2"
"30-39 years","Pulaski","93","0","2"
"40-49 years","Pulaski","92","0","10"
"50-59 years","Pulaski","104","0","6"
"60-69 years","Pulaski","95","8","13"
"70-79 years","Pulaski","49","12","17"
"80 & Older years","Pulaski","40","12","6"
"<1 years","Pulaski","3","0","0"
"01-04 years","Putnam","24","0","0"
"05-09 years","Putnam","43","0","1"
"10-17 years","Putnam","127","0","2"
"18-29 years","Putnam","287","0","2"
"30-39 years","Putnam","234","0","6"
"40-49 years","Putnam","228","1","9"
"50-59 years","Putnam","305","2","22"
"60-69 years","Putnam","260","13","29"
"70-79 years","Putnam","203","20","55"
"80 & Older years","Putnam","85","20","34"
"<1 years","Putnam","7","0","1"
"01-04 years","Quitman","1","0","0"
"05-09 years","Quitman","4","0","0"
"10-17 years","Quitman","6","0","0"
"18-29 years","Quitman","12","0","1"
"30-39 years","Quitman","4","0","1"
"40-49 years","Quitman","3","0","1"
"50-59 years","Quitman","16","0","1"
"60-69 years","Quitman","24","1","4"
"70-79 years","Quitman","4","0","1"
"80 & Older years","Quitman","6","1","2"
"<1 years","Quitman","2","0","0"
"01-04 years","Rabun","17","0","0"
"05-09 years","Rabun","30","0","0"
"10-17 years","Rabun","121","0","1"
"18-29 years","Rabun","226","0","5"
"30-39 years","Rabun","197","1","10"
"40-49 years","Rabun","209","0","10"
"50-59 years","Rabun","240","3","24"
"60-69 years","Rabun","240","8","34"
"70-79 years","Rabun","185","11","35"
"80 & Older years","Rabun","81","17","31"
"<1 years","Rabun","5","0","1"
"Unknown years","Rabun","10","0","0"
"01-04 years","Randolph","2","0","0"
"05-09 years","Randolph","5","0","0"
"10-17 years","Randolph","14","0","1"
"18-29 years","Randolph","61","0","2"
"30-39 years","Randolph","72","2","6"
"40-49 years","Randolph","56","0","5"
"50-59 years","Randolph","91","3","20"
"60-69 years","Randolph","72","9","16"
"70-79 years","Randolph","48","4","15"
"80 & Older years","Randolph","46","15","16"
"<1 years","Randolph","1","0","0"
"Unknown years","Randolph","2","0","0"
"01-04 years","Richmond","306","0","1"
"05-09 years","Richmond","601","0","4"
"10-17 years","Richmond","1637","0","14"
"18-29 years","Richmond","4665","9","66"
"30-39 years","Richmond","3492","7","88"
"40-49 years","Richmond","2816","18","122"
"50-59 years","Richmond","2776","44","221"
"60-69 years","Richmond","2042","82","282"
"70-79 years","Richmond","1107","107","301"
"80 & Older years","Richmond","672","155","275"
"<1 years","Richmond","87","0","2"
"Unknown years","Richmond","26","0","1"
"01-04 years","Rockdale","62","0","4"
"05-09 years","Rockdale","113","0","1"
"10-17 years","Rockdale","368","0","13"
"18-29 years","Rockdale","1224","2","75"
"30-39 years","Rockdale","971","3","94"
"40-49 years","Rockdale","1078","7","122"
"50-59 years","Rockdale","1055","13","177"
"60-69 years","Rockdale","658","30","153"
"70-79 years","Rockdale","381","50","149"
"80 & Older years","Rockdale","206","47","97"
"<1 years","Rockdale","13","0","2"
"Unknown years","Rockdale","4","0","0"
"01-04 years","Schley","5","0","0"
"05-09 years","Schley","4","0","0"
"10-17 years","Schley","22","0","0"
"18-29 years","Schley","48","0","2"
"30-39 years","Schley","21","0","0"
"40-49 years","Schley","32","0","4"
"50-59 years","Schley","32","1","3"
"60-69 years","Schley","27","1","8"
"70-79 years","Schley","13","1","2"
"80 & Older years","Schley","7","2","2"
"<1 years","Schley","1","0","0"
"01-04 years","Screven","8","0","0"
"05-09 years","Screven","15","0","0"
"10-17 years","Screven","62","0","0"
"18-29 years","Screven","137","0","3"
"30-39 years","Screven","125","0","2"
"40-49 years","Screven","102","1","6"
"50-59 years","Screven","117","2","16"
"60-69 years","Screven","136","2","15"
"70-79 years","Screven","74","8","19"
"80 & Older years","Screven","38","8","11"
"<1 years","Screven","4","0","0"
"Unknown years","Screven","1","0","0"
"01-04 years","Seminole","15","0","0"
"05-09 years","Seminole","14","0","0"
"10-17 years","Seminole","71","0","0"
"18-29 years","Seminole","113","0","0"
"30-39 years","Seminole","92","0","2"
"40-49 years","Seminole","93","0","5"
"50-59 years","Seminole","115","1","6"
"60-69 years","Seminole","132","4","26"
"70-79 years","Seminole","70","6","16"
"80 & Older years","Seminole","30","7","12"
"<1 years","Seminole","4","0","0"
"01-04 years","Spalding","68","0","3"
"05-09 years","Spalding","74","0","1"
"10-17 years","Spalding","227","0","5"
"18-29 years","Spalding","726","1","32"
"30-39 years","Spalding","627","4","32"
"40-49 years","Spalding","635","4","48"
"50-59 years","Spalding","662","16","79"
"60-69 years","Spalding","502","36","94"
"70-79 years","Spalding","364","46","84"
"80 & Older years","Spalding","221","51","67"
"<1 years","Spalding","13","0","0"
"Unknown years","Spalding","22","0","0"
"01-04 years","Stephens","18","0","0"
"05-09 years","Stephens","45","0","1"
"10-17 years","Stephens","188","0","3"
"18-29 years","Stephens","548","1","13"
"30-39 years","Stephens","353","0","8"
"40-49 years","Stephens","446","1","23"
"50-59 years","Stephens","464","5","37"
"60-69 years","Stephens","449","23","63"
"70-79 years","Stephens","303","23","67"
"80 & Older years","Stephens","161","28","42"
"<1 years","Stephens","4","0","0"
"Unknown years","Stephens","14","0","0"
"01-04 years","Stewart","6","0","1"
"05-09 years","Stewart","2","0","0"
"10-17 years","Stewart","14","0","0"
"18-29 years","Stewart","181","0","22"
"30-39 years","Stewart","224","1","25"
"40-49 years","Stewart","157","2","23"
"50-59 years","Stewart","86","2","13"
"60-69 years","Stewart","71","13","27"
"70-79 years","Stewart","26","3","6"
"80 & Older years","Stewart","21","4","6"
"<1 years","Stewart","1","0","0"
"Unknown years","Stewart","14","0","4"
"01-04 years","Sumter","27","0","0"
"05-09 years","Sumter","31","0","0"
"10-17 years","Sumter","81","0","4"
"18-29 years","Sumter","331","1","11"
"30-39 years","Sumter","271","1","21"
"40-49 years","Sumter","262","5","24"
"50-59 years","Sumter","279","3","42"
"60-69 years","Sumter","260","26","70"
"70-79 years","Sumter","166","27","46"
"80 & Older years","Sumter","107","30","48"
"<1 years","Sumter","10","0","0"
"Unknown years","Sumter","1","0","0"
"01-04 years","Talbot","8","0","0"
"05-09 years","Talbot","6","0","0"
"10-17 years","Talbot","30","0","0"
"18-29 years","Talbot","58","0","1"
"30-39 years","Talbot","39","0","2"
"40-49 years","Talbot","60","1","4"
"50-59 years","Talbot","69","5","6"
"60-69 years","Talbot","62","3","14"
"70-79 years","Talbot","39","6","7"
"80 & Older years","Talbot","20","3","8"
"Unknown years","Talbot","2","0","0"
"01-04 years","Taliaferro","1","0","0"
"05-09 years","Taliaferro","2","0","0"
"10-17 years","Taliaferro","7","0","0"
"18-29 years","Taliaferro","13","0","0"
"30-39 years","Taliaferro","15","0","0"
"40-49 years","Taliaferro","19","0","1"
"50-59 years","Taliaferro","10","0","0"
"60-69 years","Taliaferro","20","1","3"
"70-79 years","Taliaferro","10","1","3"
"80 & Older years","Taliaferro","4","1","2"
"01-04 years","Tattnall","31","0","0"
"05-09 years","Tattnall","45","0","0"
"10-17 years","Tattnall","161","0","0"
"18-29 years","Tattnall","323","0","1"
"30-39 years","Tattnall","286","1","5"
"40-49 years","Tattnall","280","0","7"
"50-59 years","Tattnall","315","7","24"
"60-69 years","Tattnall","242","16","36"
"70-79 years","Tattnall","121","18","39"
"80 & Older years","Tattnall","46","5","8"
"<1 years","Tattnall","10","0","1"
"01-04 years","Taylor","13","0","1"
"05-09 years","Taylor","16","0","0"
"10-17 years","Taylor","53","0","1"
"18-29 years","Taylor","81","0","2"
"30-39 years","Taylor","52","0","4"
"40-49 years","Taylor","94","1","11"
"50-59 years","Taylor","76","1","16"
"60-69 years","Taylor","66","5","18"
"70-79 years","Taylor","33","6","10"
"80 & Older years","Taylor","25","9","11"
"<1 years","Taylor","4","0","0"
"Unknown years","Taylor","1","0","0"
"01-04 years","Telfair","11","0","0"
"05-09 years","Telfair","12","0","0"
"10-17 years","Telfair","21","0","0"
"18-29 years","Telfair","139","0","3"
"30-39 years","Telfair","93","1","1"
"40-49 years","Telfair","114","3","7"
"50-59 years","Telfair","109","5","10"
"60-69 years","Telfair","106","9","18"
"70-79 years","Telfair","71","12","19"
"80 & Older years","Telfair","44","15","12"
"<1 years","Telfair","5","0","0"
"Unknown years","Telfair","2","0","0"
"01-04 years","Terrell","8","0","0"
"05-09 years","Terrell","10","0","0"
"10-17 years","Terrell","43","0","0"
"18-29 years","Terrell","74","0","4"
"30-39 years","Terrell","81","0","9"
"40-49 years","Terrell","67","0","8"
"50-59 years","Terrell","100","4","15"
"60-69 years","Terrell","92","12","33"
"70-79 years","Terrell","62","17","28"
"80 & Older years","Terrell","39","13","16"
"01-04 years","Thomas","64","0","1"
"05-09 years","Thomas","116","0","0"
"10-17 years","Thomas","314","0","3"
"18-29 years","Thomas","625","1","26"
"30-39 years","Thomas","512","2","19"
"40-49 years","Thomas","534","4","30"
"50-59 years","Thomas","557","11","46"
"60-69 years","Thomas","439","14","92"
"70-79 years","Thomas","261","34","74"
"80 & Older years","Thomas","167","48","60"
"<1 years","Thomas","19","0","2"
"Unknown years","Thomas","2","0","0"
"01-04 years","Tift","38","0","3"
"05-09 years","Tift","58","0","3"
"10-17 years","Tift","236","0","7"
"18-29 years","Tift","786","0","20"
"30-39 years","Tift","554","1","28"
"40-49 years","Tift","550","7","60"
"50-59 years","Tift","471","9","69"
"60-69 years","Tift","358","17","75"
"70-79 years","Tift","247","30","91"
"80 & Older years","Tift","138","33","60"
"<1 years","Tift","13","0","0"
"Unknown years","Tift","3","0","0"
"01-04 years","Toombs","31","0","0"
"05-09 years","Toombs","54","0","0"
"10-17 years","Toombs","219","0","2"
"18-29 years","Toombs","535","0","6"
"30-39 years","Toombs","428","0","4"
"40-49 years","Toombs","433","1","22"
"50-59 years","Toombs","435","7","28"
"60-69 years","Toombs","390","16","44"
"70-79 years","Toombs","264","34","42"
"80 & Older years","Toombs","158","40","33"
"<1 years","Toombs","8","0","0"
"01-04 years","Towns","4","0","0"
"05-09 years","Towns","6","0","0"
"10-17 years","Towns","48","0","1"
"18-29 years","Towns","143","0","4"
"30-39 years","Towns","89","0","3"
"40-49 years","Towns","122","2","5"
"50-59 years","Towns","176","2","16"
"60-69 years","Towns","233","3","19"
"70-79 years","Towns","165","10","35"
"80 & Older years","Towns","125","27","48"
"Unknown years","Towns","3","0","0"
"01-04 years","Treutlen","6","0","0"
"05-09 years","Treutlen","15","0","1"
"10-17 years","Treutlen","48","0","0"
"18-29 years","Treutlen","102","0","2"
"30-39 years","Treutlen","100","0","5"
"40-49 years","Treutlen","102","2","5"
"50-59 years","Treutlen","102","1","8"
"60-69 years","Treutlen","69","5","13"
"70-79 years","Treutlen","53","10","11"
"80 & Older years","Treutlen","33","6","8"
"01-04 years","Troup","140","0","2"
"05-09 years","Troup","187","0","0"
"10-17 years","Troup","540","0","7"
"18-29 years","Troup","1231","1","29"
"30-39 years","Troup","916","7","43"
"40-49 years","Troup","826","6","52"
"50-59 years","Troup","858","14","105"
"60-69 years","Troup","653","32","103"
"70-79 years","Troup","351","47","96"
"80 & Older years","Troup","259","81","67"
"<1 years","Troup","45","0","1"
"Unknown years","Troup","6","0","0"
"01-04 years","Turner","4","0","0"
"05-09 years","Turner","7","0","1"
"10-17 years","Turner","22","0","0"
"18-29 years","Turner","88","0","2"
"30-39 years","Turner","105","0","10"
"40-49 years","Turner","108","0","5"
"50-59 years","Turner","95","2","13"
"60-69 years","Turner","87","9","26"
"70-79 years","Turner","53","7","14"
"80 & Older years","Turner","35","16","15"
"<1 years","Turner","2","0","1"
"01-04 years","Twiggs","10","0","0"
"05-09 years","Twiggs","6","0","1"
"10-17 years","Twiggs","26","0","0"
"18-29 years","Twiggs","67","0","1"
"30-39 years","Twiggs","61","1","5"
"40-49 years","Twiggs","62","1","7"
"50-59 years","Twiggs","93","3","14"
"60-69 years","Twiggs","103","11","33"
"70-79 years","Twiggs","58","9","23"
"80 & Older years","Twiggs","25","14","18"
"<1 years","Twiggs","1","0","0"
"01-04 years","Union","8","0","0"
"05-09 years","Union","17","0","0"
"10-17 years","Union","72","0","1"
"18-29 years","Union","263","1","1"
"30-39 years","Union","228","0","3"
"40-49 years","Union","234","0","14"
"50-59 years","Union","314","5","24"
"60-69 years","Union","383","6","46"
"70-79 years","Union","326","21","60"
"80 & Older years","Union","209","37","64"
"<1 years","Union","1","0","0"
"Unknown years","Union","15","0","0"
"01-04 years","Unknown","15","0","0"
"05-09 years","Unknown","40","0","0"
"10-17 years","Unknown","162","0","0"
"18-29 years","Unknown","742","3","5"
"30-39 years","Unknown","352","0","3"
"40-49 years","Unknown","321","1","2"
"50-59 years","Unknown","283","2","5"
"60-69 years","Unknown","161","0","6"
"70-79 years","Unknown","102","0","8"
"80 & Older years","Unknown","41","0","5"
"<1 years","Unknown","26","0","0"
"Unknown years","Unknown","89","0","3"
"01-04 years","Upson","42","0","0"
"05-09 years","Upson","49","0","0"
"10-17 years","Upson","142","0","1"
"18-29 years","Upson","317","0","6"
"30-39 years","Upson","220","2","10"
"40-49 years","Upson","248","1","11"
"50-59 years","Upson","265","7","23"
"60-69 years","Upson","242","22","40"
"70-79 years","Upson","173","34","51"
"80 & Older years","Upson","107","42","36"
"<1 years","Upson","15","0","0"
"Unknown years","Upson","5","0","0"
"01-04 years","Walker","87","0","1"
"05-09 years","Walker","161","0","1"
"10-17 years","Walker","574","0","4"
"18-29 years","Walker","1181","0","20"
"30-39 years","Walker","887","1","17"
"40-49 years","Walker","1076","2","33"
"50-59 years","Walker","919","4","41"
"60-69 years","Walker","757","16","70"
"70-79 years","Walker","499","30","64"
"80 & Older years","Walker","244","27","33"
"<1 years","Walker","41","0","2"
"Unknown years","Walker","212","0","7"
"01-04 years","Walton","83","0","1"
"05-09 years","Walton","172","0","1"
"10-17 years","Walton","636","0","6"
"18-29 years","Walton","1387","2","32"
"30-39 years","Walton","1209","0","28"
"40-49 years","Walton","1329","3","54"
"50-59 years","Walton","1303","17","91"
"60-69 years","Walton","897","33","92"
"70-79 years","Walton","674","78","119"
"80 & Older years","Walton","396","107","86"
"<1 years","Walton","29","0","2"
"Unknown years","Walton","16","0","0"
"01-04 years","Ware","63","0","1"
"05-09 years","Ware","69","0","0"
"10-17 years","Ware","248","0","1"
"18-29 years","Ware","564","1","5"
"30-39 years","Ware","465","2","21"
"40-49 years","Ware","398","3","32"
"50-59 years","Ware","428","16","63"
"60-69 years","Ware","314","21","64"
"70-79 years","Ware","264","42","99"
"80 & Older years","Ware","212","68","64"
"<1 years","Ware","19","0","2"
"01-04 years","Warren","6","0","0"
"05-09 years","Warren","3","0","0"
"10-17 years","Warren","28","0","0"
"18-29 years","Warren","72","0","3"
"30-39 years","Warren","51","0","4"
"40-49 years","Warren","50","2","5"
"50-59 years","Warren","70","2","8"
"60-69 years","Warren","44","3","8"
"70-79 years","Warren","36","5","13"
"80 & Older years","Warren","18","2","6"
"<1 years","Warren","2","0","1"
"Unknown years","Warren","4","0","0"
"01-04 years","Washington","24","0","0"
"05-09 years","Washington","29","0","0"
"10-17 years","Washington","125","0","2"
"18-29 years","Washington","268","0","7"
"30-39 years","Washington","250","0","8"
"40-49 years","Washington","257","4","13"
"50-59 years","Washington","244","7","18"
"60-69 years","Washington","231","15","31"
"70-79 years","Washington","122","12","23"
"80 & Older years","Washington","79","26","13"
"<1 years","Washington","10","0","0"
"Unknown years","Washington","1","0","0"
"01-04 years","Wayne","31","0","1"
"05-09 years","Wayne","40","0","0"
"10-17 years","Wayne","175","0","1"
"18-29 years","Wayne","424","0","9"
"30-39 years","Wayne","425","1","13"
"40-49 years","Wayne","508","1","38"
"50-59 years","Wayne","429","7","37"
"60-69 years","Wayne","341","19","69"
"70-79 years","Wayne","270","26","77"
"80 & Older years","Wayne","121","25","26"
"<1 years","Wayne","6","0","1"
"10-17 years","Webster","3","0","0"
"18-29 years","Webster","21","0","1"
"30-39 years","Webster","10","0","1"
"40-49 years","Webster","16","0","2"
"50-59 years","Webster","19","2","6"
"60-69 years","Webster","24","1","4"
"70-79 years","Webster","7","0","1"
"80 & Older years","Webster","4","1","0"
"Unknown years","Webster","2","0","0"
"01-04 years","Wheeler","1","0","0"
"05-09 years","Wheeler","5","0","0"
"10-17 years","Wheeler","23","0","0"
"18-29 years","Wheeler","58","0","0"
"30-39 years","Wheeler","74","2","2"
"40-49 years","Wheeler","79","1","3"
"50-59 years","Wheeler","92","7","11"
"60-69 years","Wheeler","53","3","6"
"70-79 years","Wheeler","40","5","11"
"80 & Older years","Wheeler","9","3","1"
"<1 years","Wheeler","2","0","0"
"Unknown years","Wheeler","24","0","1"
"01-04 years","White","21","0","0"
"05-09 years","White","61","0","1"
"10-17 years","White","234","0","2"
"18-29 years","White","455","1","7"
"30-39 years","White","326","1","8"
"40-49 years","White","418","2","18"
"50-59 years","White","493","4","43"
"60-69 years","White","448","12","67"
"70-79 years","White","325","16","78"
"80 & Older years","White","181","31","71"
"<1 years","White","6","0","0"
"Unknown years","White","25","0","0"
"01-04 years","Whitfield","214","0","3"
"05-09 years","Whitfield","398","0","3"
"10-17 years","Whitfield","1383","0","7"
"18-29 years","Whitfield","3547","1","48"
"30-39 years","Whitfield","2318","5","66"
"40-49 years","Whitfield","2407","5","80"
"50-59 years","Whitfield","2177","27","127"
"60-69 years","Whitfield","1279","37","152"
"70-79 years","Whitfield","721","60","147"
"80 & Older years","Whitfield","412","96","122"
"<1 years","Whitfield","72","0","5"
"Unknown years","Whitfield","3","0","0"
"01-04 years","Wilcox","10","0","0"
"05-09 years","Wilcox","9","0","0"
"10-17 years","Wilcox","30","0","0"
"18-29 years","Wilcox","47","0","1"
"30-39 years","Wilcox","49","0","1"
"40-49 years","Wilcox","74","0","12"
"50-59 years","Wilcox","84","1","16"
"60-69 years","Wilcox","91","10","25"
"70-79 years","Wilcox","52","10","10"
"80 & Older years","Wilcox","26","8","8"
"<1 years","Wilcox","5","0","0"
"01-04 years","Wilkes","8","0","0"
"05-09 years","Wilkes","17","0","0"
"10-17 years","Wilkes","52","0","0"
"18-29 years","Wilkes","117","0","1"
"30-39 years","Wilkes","86","0","5"
"40-49 years","Wilkes","103","1","12"
"50-59 years","Wilkes","102","2","5"
"60-69 years","Wilkes","83","3","17"
"70-79 years","Wilkes","67","7","20"
"80 & Older years","Wilkes","33","8","15"
"<1 years","Wilkes","3","0","0"
"Unknown years","Wilkes","1","0","0"
"01-04 years","Wilkinson","6","0","0"
"05-09 years","Wilkinson","11","0","0"
"10-17 years","Wilkinson","31","0","1"
"18-29 years","Wilkinson","112","0","3"
"30-39 years","Wilkinson","91","0","7"
"40-49 years","Wilkinson","95","0","6"
"50-59 years","Wilkinson","157","4","26"
"60-69 years","Wilkinson","134","13","40"
"70-79 years","Wilkinson","60","6","22"
"80 & Older years","Wilkinson","39","5","16"
"01-04 years","Worth","13","0","0"
"05-09 years","Worth","15","0","0"
"10-17 years","Worth","80","0","3"
"18-29 years","Worth","189","0","9"
"30-39 years","Worth","155","0","11"
"40-49 years","Worth","159","1","17"
"50-59 years","Worth","200","8","27"
"60-69 years","Worth","194","19","52"
"70-79 years","Worth","117","16","30"
"80 & Older years","Worth","72","17","26"
"<1 years","Worth","4","0","0"
"Unknown years","Worth","1","0","0"
