"age group","county name","cases","deaths","hospitalization"
"01-04 years","Georgia","18423","2","318"
"05-09 years","Georgia","33424","2","246"
"10-17 years","Georgia","99554","11","905"
"18-29 years","Georgia","241471","149","4628"
"30-39 years","Georgia","179759","313","6127"
"40-49 years","Georgia","168913","767","8759"
"50-59 years","Georgia","155922","1988","13016"
"60-69 years","Georgia","104420","4012","15006"
"70-79 years","Georgia","59559","5604","13930"
"80 & Older years","Georgia","33400","7087","10470"
"<1 years","Georgia","4893","0","260"
"Unknown years","Georgia","4018","1","112"
"01-04 years","Appling","46","0","0"
"05-09 years","Appling","81","0","0"
"10-17 years","Appling","274","0","2"
"18-29 years","Appling","447","1","7"
"30-39 years","Appling","326","1","7"
"40-49 years","Appling","336","4","22"
"50-59 years","Appling","356","8","34"
"60-69 years","Appling","296","16","63"
"70-79 years","Appling","206","18","37"
"80 & Older years","Appling","102","23","37"
"<1 years","Appling","8","0","0"
"Unknown years","Appling","1","0","0"
"01-04 years","Atkinson","13","0","1"
"05-09 years","Atkinson","39","0","1"
"10-17 years","Atkinson","94","0","1"
"18-29 years","Atkinson","227","0","12"
"30-39 years","Atkinson","151","0","12"
"40-49 years","Atkinson","173","2","30"
"50-59 years","Atkinson","163","2","30"
"60-69 years","Atkinson","102","6","30"
"70-79 years","Atkinson","56","5","22"
"80 & Older years","Atkinson","16","5","11"
"<1 years","Atkinson","3","0","0"
"01-04 years","Bacon","33","0","0"
"05-09 years","Bacon","50","0","0"
"10-17 years","Bacon","149","0","1"
"18-29 years","Bacon","470","0","6"
"30-39 years","Bacon","236","0","5"
"40-49 years","Bacon","236","3","16"
"50-59 years","Bacon","196","2","16"
"60-69 years","Bacon","164","11","37"
"70-79 years","Bacon","100","9","26"
"80 & Older years","Bacon","46","9","14"
"<1 years","Bacon","9","0","0"
"Unknown years","Bacon","1","0","0"
"01-04 years","Baker","9","0","0"
"05-09 years","Baker","8","0","0"
"10-17 years","Baker","12","0","0"
"18-29 years","Baker","40","0","0"
"30-39 years","Baker","26","0","4"
"40-49 years","Baker","25","2","3"
"50-59 years","Baker","31","0","2"
"60-69 years","Baker","37","3","16"
"70-79 years","Baker","19","3","11"
"80 & Older years","Baker","14","3","5"
"<1 years","Baker","2","0","0"
"01-04 years","Baldwin","50","0","0"
"05-09 years","Baldwin","106","0","0"
"10-17 years","Baldwin","335","1","6"
"18-29 years","Baldwin","1465","0","17"
"30-39 years","Baldwin","604","1","16"
"40-49 years","Baldwin","598","3","37"
"50-59 years","Baldwin","584","14","66"
"60-69 years","Baldwin","467","25","81"
"70-79 years","Baldwin","289","32","63"
"80 & Older years","Baldwin","181","53","67"
"<1 years","Baldwin","20","0","1"
"Unknown years","Baldwin","4","0","0"
"01-04 years","Banks","18","0","1"
"05-09 years","Banks","47","0","1"
"10-17 years","Banks","152","0","4"
"18-29 years","Banks","371","0","11"
"30-39 years","Banks","270","0","10"
"40-49 years","Banks","287","2","23"
"50-59 years","Banks","308","3","31"
"60-69 years","Banks","265","11","57"
"70-79 years","Banks","174","16","66"
"80 & Older years","Banks","91","13","32"
"<1 years","Banks","7","0","1"
"Unknown years","Banks","22","0","1"
"01-04 years","Barrow","154","0","2"
"05-09 years","Barrow","315","0","0"
"10-17 years","Barrow","1098","1","8"
"18-29 years","Barrow","2164","2","43"
"30-39 years","Barrow","1878","2","62"
"40-49 years","Barrow","1876","6","93"
"50-59 years","Barrow","1579","11","136"
"60-69 years","Barrow","1040","37","177"
"70-79 years","Barrow","590","40","122"
"80 & Older years","Barrow","271","53","101"
"<1 years","Barrow","43","0","2"
"Unknown years","Barrow","16","0","2"
"01-04 years","Bartow","181","0","6"
"05-09 years","Bartow","328","0","2"
"10-17 years","Bartow","1268","0","16"
"18-29 years","Bartow","2496","0","29"
"30-39 years","Bartow","2066","5","57"
"40-49 years","Bartow","2096","4","93"
"50-59 years","Bartow","2165","18","174"
"60-69 years","Bartow","1335","50","172"
"70-79 years","Bartow","884","80","209"
"80 & Older years","Bartow","434","80","133"
"<1 years","Bartow","60","0","3"
"Unknown years","Bartow","74","0","7"
"01-04 years","Ben Hill","36","0","1"
"05-09 years","Ben Hill","30","0","0"
"10-17 years","Ben Hill","142","0","0"
"18-29 years","Ben Hill","336","1","5"
"30-39 years","Ben Hill","256","3","12"
"40-49 years","Ben Hill","246","1","13"
"50-59 years","Ben Hill","269","6","33"
"60-69 years","Ben Hill","227","15","34"
"70-79 years","Ben Hill","155","19","55"
"80 & Older years","Ben Hill","73","19","19"
"<1 years","Ben Hill","7","0","1"
"Unknown years","Ben Hill","1","0","0"
"01-04 years","Berrien","34","0","0"
"05-09 years","Berrien","39","0","0"
"10-17 years","Berrien","141","0","1"
"18-29 years","Berrien","263","0","0"
"30-39 years","Berrien","220","0","3"
"40-49 years","Berrien","179","0","5"
"50-59 years","Berrien","203","4","17"
"60-69 years","Berrien","156","8","20"
"70-79 years","Berrien","110","15","20"
"80 & Older years","Berrien","57","13","15"
"<1 years","Berrien","7","0","0"
"Unknown years","Berrien","2","0","0"
"01-04 years","Bibb","246","0","7"
"05-09 years","Bibb","451","0","0"
"10-17 years","Bibb","1312","0","13"
"18-29 years","Bibb","3968","1","101"
"30-39 years","Bibb","2916","6","144"
"40-49 years","Bibb","2716","21","242"
"50-59 years","Bibb","2467","32","334"
"60-69 years","Bibb","1924","99","477"
"70-79 years","Bibb","1093","128","401"
"80 & Older years","Bibb","663","165","329"
"<1 years","Bibb","70","0","5"
"Unknown years","Bibb","6","0","0"
"01-04 years","Bleckley","14","0","0"
"05-09 years","Bleckley","30","0","0"
"10-17 years","Bleckley","99","0","0"
"18-29 years","Bleckley","230","0","4"
"30-39 years","Bleckley","130","1","4"
"40-49 years","Bleckley","125","1","2"
"50-59 years","Bleckley","127","2","7"
"60-69 years","Bleckley","99","7","13"
"70-79 years","Bleckley","69","4","13"
"80 & Older years","Bleckley","61","18","12"
"<1 years","Bleckley","3","0","0"
"01-04 years","Brantley","29","0","0"
"05-09 years","Brantley","55","0","0"
"10-17 years","Brantley","181","0","1"
"18-29 years","Brantley","307","0","4"
"30-39 years","Brantley","244","0","5"
"40-49 years","Brantley","236","2","16"
"50-59 years","Brantley","262","8","24"
"60-69 years","Brantley","180","7","21"
"70-79 years","Brantley","126","20","35"
"80 & Older years","Brantley","56","10","14"
"<1 years","Brantley","3","0","0"
"Unknown years","Brantley","6","0","0"
"01-04 years","Brooks","24","0","1"
"05-09 years","Brooks","43","0","0"
"10-17 years","Brooks","113","0","0"
"18-29 years","Brooks","236","0","1"
"30-39 years","Brooks","178","0","4"
"40-49 years","Brooks","170","1","13"
"50-59 years","Brooks","190","2","23"
"60-69 years","Brooks","131","8","21"
"70-79 years","Brooks","107","12","20"
"80 & Older years","Brooks","71","18","16"
"<1 years","Brooks","11","0","0"
"01-04 years","Bryan","95","0","0"
"05-09 years","Bryan","192","0","1"
"10-17 years","Bryan","533","0","4"
"18-29 years","Bryan","753","0","17"
"30-39 years","Bryan","683","1","21"
"40-49 years","Bryan","711","0","29"
"50-59 years","Bryan","473","5","38"
"60-69 years","Bryan","331","13","42"
"70-79 years","Bryan","198","12","67"
"80 & Older years","Bryan","74","9","29"
"<1 years","Bryan","26","0","0"
"Unknown years","Bryan","13","0","0"
"01-04 years","Bulloch","130","0","1"
"05-09 years","Bulloch","270","0","2"
"10-17 years","Bulloch","829","0","2"
"18-29 years","Bulloch","2808","0","12"
"30-39 years","Bulloch","945","2","23"
"40-49 years","Bulloch","798","4","27"
"50-59 years","Bulloch","691","11","41"
"60-69 years","Bulloch","493","20","56"
"70-79 years","Bulloch","239","21","47"
"80 & Older years","Bulloch","116","17","39"
"<1 years","Bulloch","45","0","2"
"Unknown years","Bulloch","2","0","0"
"01-04 years","Burke","30","0","0"
"05-09 years","Burke","66","0","0"
"10-17 years","Burke","178","0","1"
"18-29 years","Burke","412","1","10"
"30-39 years","Burke","335","1","14"
"40-49 years","Burke","346","2","20"
"50-59 years","Burke","315","6","36"
"60-69 years","Burke","237","7","43"
"70-79 years","Burke","133","14","38"
"80 & Older years","Burke","44","11","16"
"<1 years","Burke","8","0","0"
"Unknown years","Burke","3","0","0"
"01-04 years","Butts","36","0","3"
"05-09 years","Butts","60","0","0"
"10-17 years","Butts","222","0","5"
"18-29 years","Butts","546","0","7"
"30-39 years","Butts","490","0","8"
"40-49 years","Butts","426","4","20"
"50-59 years","Butts","465","9","30"
"60-69 years","Butts","316","17","39"
"70-79 years","Butts","212","24","33"
"80 & Older years","Butts","120","31","10"
"<1 years","Butts","13","0","2"
"Unknown years","Butts","3","0","0"
"01-04 years","Calhoun","11","0","0"
"05-09 years","Calhoun","9","0","0"
"10-17 years","Calhoun","60","0","0"
"18-29 years","Calhoun","87","0","6"
"30-39 years","Calhoun","76","2","7"
"40-49 years","Calhoun","93","2","11"
"50-59 years","Calhoun","101","2","18"
"60-69 years","Calhoun","80","2","23"
"70-79 years","Calhoun","33","7","11"
"80 & Older years","Calhoun","18","2","9"
"<1 years","Calhoun","5","0","0"
"Unknown years","Calhoun","1","0","0"
"01-04 years","Camden","107","0","0"
"05-09 years","Camden","165","0","2"
"10-17 years","Camden","514","0","1"
"18-29 years","Camden","1168","0","9"
"30-39 years","Camden","880","1","23"
"40-49 years","Camden","651","5","23"
"50-59 years","Camden","718","5","30"
"60-69 years","Camden","488","17","43"
"70-79 years","Camden","279","9","30"
"80 & Older years","Camden","117","21","26"
"<1 years","Camden","15","0","2"
"Unknown years","Camden","77","0","1"
"01-04 years","Candler","12","0","0"
"05-09 years","Candler","38","0","0"
"10-17 years","Candler","98","0","0"
"18-29 years","Candler","173","0","1"
"30-39 years","Candler","136","0","4"
"40-49 years","Candler","153","3","2"
"50-59 years","Candler","167","7","16"
"60-69 years","Candler","121","9","15"
"70-79 years","Candler","86","14","20"
"80 & Older years","Candler","34","6","14"
"<1 years","Candler","5","0","0"
"Unknown years","Candler","1","0","0"
"01-04 years","Carroll","143","0","1"
"05-09 years","Carroll","226","0","3"
"10-17 years","Carroll","836","0","6"
"18-29 years","Carroll","2018","0","15"
"30-39 years","Carroll","1335","4","23"
"40-49 years","Carroll","1273","4","39"
"50-59 years","Carroll","1246","13","63"
"60-69 years","Carroll","873","27","91"
"70-79 years","Carroll","502","36","75"
"80 & Older years","Carroll","292","53","47"
"<1 years","Carroll","34","0","1"
"Unknown years","Carroll","5","0","0"
"01-04 years","Catoosa","119","0","0"
"05-09 years","Catoosa","232","0","1"
"10-17 years","Catoosa","719","0","2"
"18-29 years","Catoosa","1312","0","9"
"30-39 years","Catoosa","1014","1","14"
"40-49 years","Catoosa","1128","2","22"
"50-59 years","Catoosa","1025","7","43"
"60-69 years","Catoosa","702","8","63"
"70-79 years","Catoosa","430","21","68"
"80 & Older years","Catoosa","283","32","54"
"<1 years","Catoosa","49","0","1"
"Unknown years","Catoosa","84","0","4"
"01-04 years","Charlton","16","0","0"
"05-09 years","Charlton","41","0","0"
"10-17 years","Charlton","91","0","0"
"18-29 years","Charlton","371","1","2"
"30-39 years","Charlton","318","2","6"
"40-49 years","Charlton","259","2","11"
"50-59 years","Charlton","189","3","8"
"60-69 years","Charlton","179","9","24"
"70-79 years","Charlton","75","7","17"
"80 & Older years","Charlton","38","10","17"
"<1 years","Charlton","5","0","0"
"Unknown years","Charlton","1","0","0"
"01-04 years","Chatham","825","0","7"
"05-09 years","Chatham","1213","1","2"
"10-17 years","Chatham","2675","0","23"
"18-29 years","Chatham","6974","5","99"
"30-39 years","Chatham","5084","8","165"
"40-49 years","Chatham","3907","21","226"
"50-59 years","Chatham","3371","47","330"
"60-69 years","Chatham","2622","100","471"
"70-79 years","Chatham","1375","134","437"
"80 & Older years","Chatham","845","174","369"
"<1 years","Chatham","195","0","7"
"Unknown years","Chatham","51","0","1"
"01-04 years","Chattahoochee","9","0","0"
"05-09 years","Chattahoochee","15","0","0"
"10-17 years","Chattahoochee","144","0","2"
"18-29 years","Chattahoochee","3718","7","7"
"30-39 years","Chattahoochee","346","2","4"
"40-49 years","Chattahoochee","59","0","0"
"50-59 years","Chattahoochee","38","0","9"
"60-69 years","Chattahoochee","18","0","4"
"70-79 years","Chattahoochee","11","1","4"
"80 & Older years","Chattahoochee","9","3","5"
"<1 years","Chattahoochee","8","0","0"
"Unknown years","Chattahoochee","1","0","0"
"01-04 years","Chattooga","32","0","0"
"05-09 years","Chattooga","70","0","0"
"10-17 years","Chattooga","314","0","1"
"18-29 years","Chattooga","488","0","7"
"30-39 years","Chattooga","416","0","8"
"40-49 years","Chattooga","442","2","19"
"50-59 years","Chattooga","422","6","28"
"60-69 years","Chattooga","334","15","47"
"70-79 years","Chattooga","201","19","54"
"80 & Older years","Chattooga","132","26","35"
"<1 years","Chattooga","19","0","2"
"Unknown years","Chattooga","14","0","1"
"01-04 years","Cherokee","361","0","9"
"05-09 years","Cherokee","925","0","9"
"10-17 years","Cherokee","3270","0","19"
"18-29 years","Cherokee","5176","2","93"
"30-39 years","Cherokee","3952","3","135"
"40-49 years","Cherokee","4464","8","172"
"50-59 years","Cherokee","4220","26","271"
"60-69 years","Cherokee","2540","52","310"
"70-79 years","Cherokee","1567","95","310"
"80 & Older years","Cherokee","913","156","262"
"<1 years","Cherokee","74","0","2"
"Unknown years","Cherokee","21","0","0"
"01-04 years","Clarke","242","0","1"
"05-09 years","Clarke","363","0","3"
"10-17 years","Clarke","937","0","8"
"18-29 years","Clarke","7067","1","57"
"30-39 years","Clarke","1979","3","43"
"40-49 years","Clarke","1599","3","65"
"50-59 years","Clarke","1388","12","94"
"60-69 years","Clarke","906","25","115"
"70-79 years","Clarke","526","51","129"
"80 & Older years","Clarke","280","54","79"
"<1 years","Clarke","62","0","2"
"Unknown years","Clarke","11","0","0"
"01-04 years","Clay","3","0","0"
"05-09 years","Clay","5","0","0"
"10-17 years","Clay","21","0","0"
"18-29 years","Clay","33","0","0"
"30-39 years","Clay","35","0","1"
"40-49 years","Clay","37","0","2"
"50-59 years","Clay","21","0","2"
"60-69 years","Clay","26","1","2"
"70-79 years","Clay","20","0","0"
"80 & Older years","Clay","14","2","5"
"Unknown years","Clay","2","0","0"
"01-04 years","Clayton","664","0","14"
"05-09 years","Clayton","1113","1","12"
"10-17 years","Clayton","2621","1","49"
"18-29 years","Clayton","6263","7","140"
"30-39 years","Clayton","5627","17","214"
"40-49 years","Clayton","4875","36","239"
"50-59 years","Clayton","4424","75","348"
"60-69 years","Clayton","2764","138","318"
"70-79 years","Clayton","1126","135","216"
"80 & Older years","Clayton","542","130","137"
"<1 years","Clayton","140","0","8"
"Unknown years","Clayton","37","0","4"
"01-04 years","Clinch","20","0","0"
"05-09 years","Clinch","34","0","0"
"10-17 years","Clinch","96","0","0"
"18-29 years","Clinch","171","0","2"
"30-39 years","Clinch","138","1","4"
"40-49 years","Clinch","126","0","3"
"50-59 years","Clinch","130","2","17"
"60-69 years","Clinch","132","8","19"
"70-79 years","Clinch","63","9","19"
"80 & Older years","Clinch","22","8","8"
"<1 years","Clinch","4","0","0"
"Unknown years","Clinch","1","0","0"
"01-04 years","Cobb","1138","1","20"
"05-09 years","Cobb","2366","0","19"
"10-17 years","Cobb","6521","0","50"
"18-29 years","Cobb","17709","6","270"
"30-39 years","Cobb","12420","20","324"
"40-49 years","Cobb","11602","40","511"
"50-59 years","Cobb","10194","91","682"
"60-69 years","Cobb","6200","178","680"
"70-79 years","Cobb","3355","326","643"
"80 & Older years","Cobb","1961","435","580"
"<1 years","Cobb","267","0","18"
"Unknown years","Cobb","72","1","2"
"01-04 years","Coffee","120","0","2"
"05-09 years","Coffee","181","0","4"
"10-17 years","Coffee","476","0","5"
"18-29 years","Coffee","1145","1","32"
"30-39 years","Coffee","851","4","53"
"40-49 years","Coffee","860","10","111"
"50-59 years","Coffee","836","15","165"
"60-69 years","Coffee","626","40","162"
"70-79 years","Coffee","322","45","141"
"80 & Older years","Coffee","173","42","94"
"<1 years","Coffee","32","0","2"
"Unknown years","Coffee","5","0","0"
"01-04 years","Colquitt","73","0","0"
"05-09 years","Colquitt","165","0","2"
"10-17 years","Colquitt","572","0","10"
"18-29 years","Colquitt","976","0","24"
"30-39 years","Colquitt","715","2","23"
"40-49 years","Colquitt","718","7","42"
"50-59 years","Colquitt","637","17","48"
"60-69 years","Colquitt","452","17","55"
"70-79 years","Colquitt","293","18","55"
"80 & Older years","Colquitt","166","30","37"
"<1 years","Colquitt","27","0","1"
"01-04 years","Columbia","200","0","2"
"05-09 years","Columbia","465","0","1"
"10-17 years","Columbia","1495","0","4"
"18-29 years","Columbia","2643","1","29"
"30-39 years","Columbia","2438","2","35"
"40-49 years","Columbia","2143","8","59"
"50-59 years","Columbia","1750","21","92"
"60-69 years","Columbia","1133","30","108"
"70-79 years","Columbia","597","44","124"
"80 & Older years","Columbia","352","69","114"
"<1 years","Columbia","48","0","2"
"Unknown years","Columbia","8","0","0"
"01-04 years","Cook","27","0","1"
"05-09 years","Cook","61","0","0"
"10-17 years","Cook","155","0","2"
"18-29 years","Cook","287","0","6"
"30-39 years","Cook","239","0","4"
"40-49 years","Cook","236","2","17"
"50-59 years","Cook","208","4","19"
"60-69 years","Cook","154","7","20"
"70-79 years","Cook","109","13","29"
"80 & Older years","Cook","65","18","15"
"<1 years","Cook","15","0","2"
"Unknown years","Cook","1","0","0"
"01-04 years","Coweta","190","0","0"
"05-09 years","Coweta","326","0","1"
"10-17 years","Coweta","1040","0","8"
"18-29 years","Coweta","1949","1","30"
"30-39 years","Coweta","1576","6","54"
"40-49 years","Coweta","1673","12","69"
"50-59 years","Coweta","1864","29","103"
"60-69 years","Coweta","1146","42","89"
"70-79 years","Coweta","704","67","99"
"80 & Older years","Coweta","372","80","58"
"<1 years","Coweta","39","0","1"
"Unknown years","Coweta","6","0","0"
"01-04 years","Crawford","3","0","0"
"05-09 years","Crawford","4","0","0"
"10-17 years","Crawford","41","0","2"
"18-29 years","Crawford","108","0","3"
"30-39 years","Crawford","107","1","7"
"40-49 years","Crawford","80","2","6"
"50-59 years","Crawford","137","4","20"
"60-69 years","Crawford","125","7","20"
"70-79 years","Crawford","57","7","15"
"80 & Older years","Crawford","30","2","12"
"01-04 years","Crisp","28","0","0"
"05-09 years","Crisp","43","0","0"
"10-17 years","Crisp","163","0","2"
"18-29 years","Crisp","287","0","11"
"30-39 years","Crisp","280","1","17"
"40-49 years","Crisp","240","4","22"
"50-59 years","Crisp","233","4","30"
"60-69 years","Crisp","218","18","42"
"70-79 years","Crisp","114","14","34"
"80 & Older years","Crisp","74","19","18"
"<1 years","Crisp","12","0","0"
"Unknown years","Crisp","7","0","0"
"01-04 years","Dade","30","0","0"
"05-09 years","Dade","65","0","0"
"10-17 years","Dade","182","0","1"
"18-29 years","Dade","305","0","1"
"30-39 years","Dade","199","0","2"
"40-49 years","Dade","237","0","7"
"50-59 years","Dade","203","3","12"
"60-69 years","Dade","156","1","11"
"70-79 years","Dade","112","7","20"
"80 & Older years","Dade","55","3","10"
"<1 years","Dade","6","0","0"
"Unknown years","Dade","25","0","1"
"01-04 years","Dawson","50","0","0"
"05-09 years","Dawson","103","0","0"
"10-17 years","Dawson","303","0","5"
"18-29 years","Dawson","684","0","15"
"30-39 years","Dawson","554","0","20"
"40-49 years","Dawson","496","0","29"
"50-59 years","Dawson","526","4","42"
"60-69 years","Dawson","423","8","78"
"70-79 years","Dawson","256","21","56"
"80 & Older years","Dawson","101","17","34"
"<1 years","Dawson","9","0","2"
"Unknown years","Dawson","26","0","1"
"01-04 years","DeKalb","1319","0","26"
"05-09 years","DeKalb","2056","0","26"
"10-17 years","DeKalb","4998","0","77"
"18-29 years","DeKalb","15910","11","456"
"30-39 years","DeKalb","13813","20","658"
"40-49 years","DeKalb","10786","42","725"
"50-59 years","DeKalb","9493","123","996"
"60-69 years","DeKalb","6031","199","1079"
"70-79 years","DeKalb","2971","275","828"
"80 & Older years","DeKalb","1801","361","587"
"<1 years","DeKalb","264","0","15"
"Unknown years","DeKalb","226","0","17"
"01-04 years","Decatur","110","0","1"
"05-09 years","Decatur","124","0","0"
"10-17 years","Decatur","309","0","1"
"18-29 years","Decatur","585","1","15"
"30-39 years","Decatur","425","1","9"
"40-49 years","Decatur","423","2","24"
"50-59 years","Decatur","363","7","36"
"60-69 years","Decatur","277","13","42"
"70-79 years","Decatur","169","22","35"
"80 & Older years","Decatur","105","20","23"
"<1 years","Decatur","16","0","0"
"Unknown years","Decatur","3","0","0"
"01-04 years","Dodge","14","0","0"
"05-09 years","Dodge","29","0","0"
"10-17 years","Dodge","147","1","1"
"18-29 years","Dodge","255","0","5"
"30-39 years","Dodge","195","0","7"
"40-49 years","Dodge","199","2","12"
"50-59 years","Dodge","209","5","23"
"60-69 years","Dodge","154","17","29"
"70-79 years","Dodge","89","18","22"
"80 & Older years","Dodge","59","14","16"
"<1 years","Dodge","8","0","0"
"Unknown years","Dodge","1","0","0"
"01-04 years","Dooly","14","0","0"
"05-09 years","Dooly","24","0","0"
"10-17 years","Dooly","82","0","1"
"18-29 years","Dooly","156","1","5"
"30-39 years","Dooly","121","0","11"
"40-49 years","Dooly","152","2","11"
"50-59 years","Dooly","157","5","20"
"60-69 years","Dooly","139","10","24"
"70-79 years","Dooly","66","10","19"
"80 & Older years","Dooly","24","6","6"
"<1 years","Dooly","4","0","0"
"Unknown years","Dooly","17","0","0"
"01-04 years","Dougherty","139","0","3"
"05-09 years","Dougherty","244","0","0"
"10-17 years","Dougherty","516","0","11"
"18-29 years","Dougherty","1415","4","114"
"30-39 years","Dougherty","1167","6","99"
"40-49 years","Dougherty","1083","21","140"
"50-59 years","Dougherty","1094","30","190"
"60-69 years","Dougherty","884","82","281"
"70-79 years","Dougherty","508","72","195"
"80 & Older years","Dougherty","302","101","138"
"<1 years","Dougherty","48","0","4"
"Unknown years","Dougherty","1","0","0"
"01-04 years","Douglas","269","0","6"
"05-09 years","Douglas","476","0","7"
"10-17 years","Douglas","1434","1","20"
"18-29 years","Douglas","2906","1","57"
"30-39 years","Douglas","2447","4","89"
"40-49 years","Douglas","2734","9","149"
"50-59 years","Douglas","2361","28","207"
"60-69 years","Douglas","1335","41","205"
"70-79 years","Douglas","686","63","166"
"80 & Older years","Douglas","335","57","108"
"<1 years","Douglas","59","0","5"
"Unknown years","Douglas","14","0","1"
"01-04 years","Early","37","0","0"
"05-09 years","Early","42","0","0"
"10-17 years","Early","196","0","0"
"18-29 years","Early","242","1","9"
"30-39 years","Early","207","1","5"
"40-49 years","Early","221","1","11"
"50-59 years","Early","205","4","15"
"60-69 years","Early","143","11","16"
"70-79 years","Early","87","14","18"
"80 & Older years","Early","45","12","15"
"<1 years","Early","4","0","0"
"Unknown years","Early","3","0","0"
"01-04 years","Echols","9","0","0"
"05-09 years","Echols","7","0","0"
"10-17 years","Echols","29","0","1"
"18-29 years","Echols","135","0","1"
"30-39 years","Echols","63","1","3"
"40-49 years","Echols","45","0","1"
"50-59 years","Echols","49","0","2"
"60-69 years","Echols","23","0","0"
"70-79 years","Echols","19","2","3"
"80 & Older years","Echols","4","1","2"
"<1 years","Echols","2","0","0"
"01-04 years","Effingham","142","0","3"
"05-09 years","Effingham","309","0","3"
"10-17 years","Effingham","775","0","2"
"18-29 years","Effingham","1014","0","10"
"30-39 years","Effingham","992","1","22"
"40-49 years","Effingham","904","3","50"
"50-59 years","Effingham","815","17","69"
"60-69 years","Effingham","527","12","86"
"70-79 years","Effingham","295","27","81"
"80 & Older years","Effingham","143","29","42"
"<1 years","Effingham","36","0","0"
"Unknown years","Effingham","10","0","0"
"01-04 years","Elbert","26","0","0"
"05-09 years","Elbert","48","0","0"
"10-17 years","Elbert","123","0","2"
"18-29 years","Elbert","309","1","2"
"30-39 years","Elbert","224","0","9"
"40-49 years","Elbert","244","1","10"
"50-59 years","Elbert","255","1","15"
"60-69 years","Elbert","201","6","25"
"70-79 years","Elbert","172","20","37"
"80 & Older years","Elbert","134","32","41"
"<1 years","Elbert","10","0","2"
"Unknown years","Elbert","3","0","0"
"01-04 years","Emanuel","48","0","1"
"05-09 years","Emanuel","81","0","0"
"10-17 years","Emanuel","286","0","2"
"18-29 years","Emanuel","447","1","0"
"30-39 years","Emanuel","334","0","11"
"40-49 years","Emanuel","365","2","11"
"50-59 years","Emanuel","325","6","30"
"60-69 years","Emanuel","259","10","30"
"70-79 years","Emanuel","150","16","27"
"80 & Older years","Emanuel","70","21","23"
"<1 years","Emanuel","8","0","1"
"Unknown years","Emanuel","10","0","1"
"01-04 years","Evans","20","0","0"
"05-09 years","Evans","38","0","0"
"10-17 years","Evans","109","0","2"
"18-29 years","Evans","206","1","3"
"30-39 years","Evans","177","0","4"
"40-49 years","Evans","157","2","18"
"50-59 years","Evans","152","4","20"
"60-69 years","Evans","91","5","19"
"70-79 years","Evans","62","7","21"
"80 & Older years","Evans","22","4","12"
"<1 years","Evans","6","0","0"
"01-04 years","Fannin","27","0","1"
"05-09 years","Fannin","59","0","0"
"10-17 years","Fannin","225","0","1"
"18-29 years","Fannin","365","0","7"
"30-39 years","Fannin","305","0","7"
"40-49 years","Fannin","351","2","13"
"50-59 years","Fannin","442","5","27"
"60-69 years","Fannin","444","10","46"
"70-79 years","Fannin","318","22","58"
"80 & Older years","Fannin","167","34","50"
"<1 years","Fannin","5","0","0"
"01-04 years","Fayette","113","0","1"
"05-09 years","Fayette","270","0","3"
"10-17 years","Fayette","895","0","8"
"18-29 years","Fayette","1501","3","15"
"30-39 years","Fayette","1033","3","14"
"40-49 years","Fayette","1360","5","45"
"50-59 years","Fayette","1387","10","77"
"60-69 years","Fayette","998","25","86"
"70-79 years","Fayette","507","59","98"
"80 & Older years","Fayette","332","66","57"
"<1 years","Fayette","24","0","0"
"Unknown years","Fayette","13","0","0"
"01-04 years","Floyd","196","0","4"
"05-09 years","Floyd","361","0","1"
"10-17 years","Floyd","1387","0","12"
"18-29 years","Floyd","2560","0","39"
"30-39 years","Floyd","1967","4","60"
"40-49 years","Floyd","1840","7","103"
"50-59 years","Floyd","1786","27","180"
"60-69 years","Floyd","1288","39","211"
"70-79 years","Floyd","807","57","212"
"80 & Older years","Floyd","446","74","158"
"<1 years","Floyd","77","0","4"
"Unknown years","Floyd","77","0","3"
"01-04 years","Forsyth","389","0","4"
"05-09 years","Forsyth","1083","0","2"
"10-17 years","Forsyth","3229","0","9"
"18-29 years","Forsyth","3755","0","52"
"30-39 years","Forsyth","2930","1","70"
"40-49 years","Forsyth","3897","5","156"
"50-59 years","Forsyth","3450","13","196"
"60-69 years","Forsyth","1755","27","192"
"70-79 years","Forsyth","1029","68","238"
"80 & Older years","Forsyth","592","97","181"
"<1 years","Forsyth","74","0","3"
"Unknown years","Forsyth","328","0","4"
"01-04 years","Franklin","33","0","2"
"05-09 years","Franklin","77","0","0"
"10-17 years","Franklin","269","0","6"
"18-29 years","Franklin","536","0","13"
"30-39 years","Franklin","367","0","9"
"40-49 years","Franklin","401","0","15"
"50-59 years","Franklin","404","2","33"
"60-69 years","Franklin","367","4","41"
"70-79 years","Franklin","227","21","44"
"80 & Older years","Franklin","120","24","31"
"<1 years","Franklin","10","0","2"
"Unknown years","Franklin","41","0","0"
"01-04 years","Fulton","1597","0","47"
"05-09 years","Fulton","2780","0","30"
"10-17 years","Fulton","7810","1","79"
"18-29 years","Fulton","25293","5","489"
"30-39 years","Fulton","19001","30","687"
"40-49 years","Fulton","14915","44","778"
"50-59 years","Fulton","12978","133","1136"
"60-69 years","Fulton","7582","259","1038"
"70-79 years","Fulton","3970","376","926"
"80 & Older years","Fulton","2756","568","862"
"<1 years","Fulton","329","0","21"
"Unknown years","Fulton","100","0","14"
"01-04 years","Gilmer","41","0","2"
"05-09 years","Gilmer","56","0","0"
"10-17 years","Gilmer","267","0","2"
"18-29 years","Gilmer","448","0","15"
"30-39 years","Gilmer","401","0","19"
"40-49 years","Gilmer","429","0","19"
"50-59 years","Gilmer","470","11","33"
"60-69 years","Gilmer","456","10","52"
"70-79 years","Gilmer","331","24","71"
"80 & Older years","Gilmer","159","35","46"
"<1 years","Gilmer","13","0","0"
"01-04 years","Glascock","1","0","0"
"05-09 years","Glascock","4","0","0"
"10-17 years","Glascock","4","0","0"
"18-29 years","Glascock","25","0","1"
"30-39 years","Glascock","20","0","0"
"40-49 years","Glascock","24","0","1"
"50-59 years","Glascock","34","2","4"
"60-69 years","Glascock","18","0","5"
"70-79 years","Glascock","26","3","9"
"80 & Older years","Glascock","9","2","5"
"<1 years","Glascock","1","0","0"
"Unknown years","Glascock","1","0","0"
"01-04 years","Glynn","252","0","3"
"05-09 years","Glynn","503","0","1"
"10-17 years","Glynn","1285","0","3"
"18-29 years","Glynn","2137","2","29"
"30-39 years","Glynn","1777","6","38"
"40-49 years","Glynn","1470","7","52"
"50-59 years","Glynn","1320","18","88"
"60-69 years","Glynn","1076","51","141"
"70-79 years","Glynn","642","63","100"
"80 & Older years","Glynn","340","76","104"
"<1 years","Glynn","51","0","2"
"Unknown years","Glynn","259","0","0"
"01-04 years","Gordon","123","0","1"
"05-09 years","Gordon","188","0","2"
"10-17 years","Gordon","762","0","5"
"18-29 years","Gordon","1493","1","18"
"30-39 years","Gordon","1182","2","25"
"40-49 years","Gordon","1227","6","39"
"50-59 years","Gordon","1171","15","65"
"60-69 years","Gordon","769","32","66"
"70-79 years","Gordon","418","32","87"
"80 & Older years","Gordon","212","37","60"
"<1 years","Gordon","43","0","3"
"Unknown years","Gordon","74","0","1"
"01-04 years","Grady","56","0","1"
"05-09 years","Grady","76","0","0"
"10-17 years","Grady","209","0","5"
"18-29 years","Grady","335","0","11"
"30-39 years","Grady","314","0","13"
"40-49 years","Grady","314","2","30"
"50-59 years","Grady","294","9","37"
"60-69 years","Grady","211","8","30"
"70-79 years","Grady","193","23","55"
"80 & Older years","Grady","65","18","24"
"<1 years","Grady","6","0","2"
"Unknown years","Grady","2","0","0"
"01-04 years","Greene","26","0","1"
"05-09 years","Greene","61","0","0"
"10-17 years","Greene","194","0","0"
"18-29 years","Greene","328","0","8"
"30-39 years","Greene","246","0","8"
"40-49 years","Greene","228","4","16"
"50-59 years","Greene","277","6","22"
"60-69 years","Greene","269","8","25"
"70-79 years","Greene","198","12","30"
"80 & Older years","Greene","115","27","44"
"<1 years","Greene","8","0","1"
"Unknown years","Greene","2","0","0"
"01-04 years","Gwinnett","1695","0","21"
"05-09 years","Gwinnett","2853","0","27"
"10-17 years","Gwinnett","8813","2","76"
"18-29 years","Gwinnett","21648","10","553"
"30-39 years","Gwinnett","16607","25","603"
"40-49 years","Gwinnett","17357","70","838"
"50-59 years","Gwinnett","14678","122","980"
"60-69 years","Gwinnett","8118","234","1008"
"70-79 years","Gwinnett","3667","295","802"
"80 & Older years","Gwinnett","2005","424","706"
"<1 years","Gwinnett","503","0","25"
"Unknown years","Gwinnett","95","0","2"
"01-04 years","Habersham","57","0","3"
"05-09 years","Habersham","89","0","3"
"10-17 years","Habersham","389","1","9"
"18-29 years","Habersham","1035","1","15"
"30-39 years","Habersham","789","2","32"
"40-49 years","Habersham","817","3","47"
"50-59 years","Habersham","854","7","74"
"60-69 years","Habersham","662","21","131"
"70-79 years","Habersham","453","52","119"
"80 & Older years","Habersham","301","73","97"
"<1 years","Habersham","19","0","6"
"Unknown years","Habersham","53","0","4"
"01-04 years","Hall","263","0","12"
"05-09 years","Hall","571","0","6"
"10-17 years","Hall","2485","0","35"
"18-29 years","Hall","6330","4","205"
"30-39 years","Hall","4328","3","247"
"40-49 years","Hall","4420","17","329"
"50-59 years","Hall","4589","41","489"
"60-69 years","Hall","3042","92","491"
"70-79 years","Hall","1932","134","554"
"80 & Older years","Hall","1089","204","430"
"<1 years","Hall","58","0","7"
"Unknown years","Hall","329","0","10"
"01-04 years","Hancock","9","0","0"
"05-09 years","Hancock","11","0","0"
"10-17 years","Hancock","45","0","1"
"18-29 years","Hancock","157","0","3"
"30-39 years","Hancock","128","0","3"
"40-49 years","Hancock","121","1","7"
"50-59 years","Hancock","157","4","16"
"60-69 years","Hancock","159","18","32"
"70-79 years","Hancock","83","21","28"
"80 & Older years","Hancock","66","23","24"
"<1 years","Hancock","4","0","0"
"Unknown years","Hancock","1","0","0"
"01-04 years","Haralson","28","0","0"
"05-09 years","Haralson","52","0","0"
"10-17 years","Haralson","200","0","2"
"18-29 years","Haralson","421","0","4"
"30-39 years","Haralson","272","0","6"
"40-49 years","Haralson","294","2","8"
"50-59 years","Haralson","329","2","8"
"60-69 years","Haralson","224","13","25"
"70-79 years","Haralson","142","13","19"
"80 & Older years","Haralson","57","7","10"
"<1 years","Haralson","9","0","1"
"Unknown years","Haralson","4","0","0"
"01-04 years","Harris","39","0","0"
"05-09 years","Harris","58","0","0"
"10-17 years","Harris","242","0","2"
"18-29 years","Harris","429","0","7"
"30-39 years","Harris","333","0","11"
"40-49 years","Harris","463","3","19"
"50-59 years","Harris","478","8","32"
"60-69 years","Harris","396","14","61"
"70-79 years","Harris","232","27","49"
"80 & Older years","Harris","71","14","17"
"<1 years","Harris","7","0","0"
"Unknown years","Harris","17","0","0"
"01-04 years","Hart","23","0","0"
"05-09 years","Hart","37","0","1"
"10-17 years","Hart","148","0","0"
"18-29 years","Hart","367","0","2"
"30-39 years","Hart","321","0","10"
"40-49 years","Hart","273","0","13"
"50-59 years","Hart","324","3","24"
"60-69 years","Hart","254","14","33"
"70-79 years","Hart","166","8","29"
"80 & Older years","Hart","93","16","30"
"<1 years","Hart","10","0","1"
"Unknown years","Hart","23","0","0"
"01-04 years","Heard","12","0","0"
"05-09 years","Heard","37","0","0"
"10-17 years","Heard","118","0","1"
"18-29 years","Heard","151","0","1"
"30-39 years","Heard","109","0","1"
"40-49 years","Heard","146","0","11"
"50-59 years","Heard","136","1","6"
"60-69 years","Heard","107","5","13"
"70-79 years","Heard","61","7","17"
"80 & Older years","Heard","26","6","4"
"<1 years","Heard","5","0","0"
"01-04 years","Henry","392","0","10"
"05-09 years","Henry","803","0","6"
"10-17 years","Henry","2496","0","28"
"18-29 years","Henry","4829","1","56"
"30-39 years","Henry","4158","9","80"
"40-49 years","Henry","4373","16","145"
"50-59 years","Henry","4089","28","169"
"60-69 years","Henry","2257","81","143"
"70-79 years","Henry","1114","99","111"
"80 & Older years","Henry","561","107","78"
"<1 years","Henry","88","0","5"
"Unknown years","Henry","32","0","3"
"01-04 years","Houston","208","0","5"
"05-09 years","Houston","418","0","2"
"10-17 years","Houston","1418","0","5"
"18-29 years","Houston","2855","4","56"
"30-39 years","Houston","2569","3","85"
"40-49 years","Houston","2276","10","131"
"50-59 years","Houston","1877","16","164"
"60-69 years","Houston","1253","50","209"
"70-79 years","Houston","662","67","192"
"80 & Older years","Houston","349","63","122"
"<1 years","Houston","43","0","4"
"Unknown years","Houston","11","0","0"
"01-04 years","Irwin","7","0","0"
"05-09 years","Irwin","14","0","0"
"10-17 years","Irwin","64","0","0"
"18-29 years","Irwin","167","0","5"
"30-39 years","Irwin","143","0","6"
"40-49 years","Irwin","153","1","10"
"50-59 years","Irwin","124","3","12"
"60-69 years","Irwin","95","1","22"
"70-79 years","Irwin","52","6","9"
"80 & Older years","Irwin","39","8","23"
"Unknown years","Irwin","3","0","0"
"01-04 years","Jackson","111","0","0"
"05-09 years","Jackson","256","0","3"
"10-17 years","Jackson","1254","1","10"
"18-29 years","Jackson","1808","2","31"
"30-39 years","Jackson","1709","2","48"
"40-49 years","Jackson","1795","6","79"
"50-59 years","Jackson","1642","11","115"
"60-69 years","Jackson","1090","29","105"
"70-79 years","Jackson","731","41","144"
"80 & Older years","Jackson","350","60","117"
"<1 years","Jackson","30","0","2"
"Unknown years","Jackson","13","0","1"
"01-04 years","Jasper","13","0","0"
"05-09 years","Jasper","21","0","0"
"10-17 years","Jasper","62","0","1"
"18-29 years","Jasper","150","0","5"
"30-39 years","Jasper","122","0","4"
"40-49 years","Jasper","130","1","5"
"50-59 years","Jasper","151","3","16"
"60-69 years","Jasper","112","8","22"
"70-79 years","Jasper","62","6","13"
"80 & Older years","Jasper","23","5","7"
"<1 years","Jasper","8","0","2"
"Unknown years","Jasper","1","0","0"
"01-04 years","Jeff Davis","41","0","0"
"05-09 years","Jeff Davis","69","0","0"
"10-17 years","Jeff Davis","169","0","2"
"18-29 years","Jeff Davis","336","0","5"
"30-39 years","Jeff Davis","273","0","9"
"40-49 years","Jeff Davis","258","0","16"
"50-59 years","Jeff Davis","231","7","22"
"60-69 years","Jeff Davis","141","8","24"
"70-79 years","Jeff Davis","101","15","23"
"80 & Older years","Jeff Davis","22","8","7"
"<1 years","Jeff Davis","5","0","1"
"Unknown years","Jeff Davis","2","0","0"
"01-04 years","Jefferson","26","0","2"
"05-09 years","Jefferson","38","0","0"
"10-17 years","Jefferson","120","0","2"
"18-29 years","Jefferson","275","0","3"
"30-39 years","Jefferson","227","0","9"
"40-49 years","Jefferson","241","3","18"
"50-59 years","Jefferson","292","5","26"
"60-69 years","Jefferson","267","12","40"
"70-79 years","Jefferson","167","19","44"
"80 & Older years","Jefferson","73","22","32"
"<1 years","Jefferson","5","0","1"
"Unknown years","Jefferson","8","0","0"
"01-04 years","Jenkins","21","0","0"
"05-09 years","Jenkins","27","0","0"
"10-17 years","Jenkins","79","0","0"
"18-29 years","Jenkins","134","0","2"
"30-39 years","Jenkins","100","2","6"
"40-49 years","Jenkins","132","2","14"
"50-59 years","Jenkins","151","6","23"
"60-69 years","Jenkins","94","7","13"
"70-79 years","Jenkins","60","13","21"
"80 & Older years","Jenkins","51","10","11"
"<1 years","Jenkins","2","0","0"
"Unknown years","Jenkins","2","0","0"
"01-04 years","Johnson","10","0","1"
"05-09 years","Johnson","16","0","0"
"10-17 years","Johnson","57","0","1"
"18-29 years","Johnson","150","0","5"
"30-39 years","Johnson","128","0","4"
"40-49 years","Johnson","120","2","6"
"50-59 years","Johnson","152","5","17"
"60-69 years","Johnson","141","8","23"
"70-79 years","Johnson","97","9","25"
"80 & Older years","Johnson","68","19","20"
"<1 years","Johnson","6","0","2"
"01-04 years","Jones","18","0","1"
"05-09 years","Jones","48","0","0"
"10-17 years","Jones","148","0","0"
"18-29 years","Jones","436","0","9"
"30-39 years","Jones","362","1","11"
"40-49 years","Jones","322","2","19"
"50-59 years","Jones","339","3","35"
"60-69 years","Jones","236","8","43"
"70-79 years","Jones","160","23","52"
"80 & Older years","Jones","93","22","26"
"<1 years","Jones","6","0","0"
"Unknown years","Jones","2","0","0"
"01-04 years","Lamar","50","0","0"
"05-09 years","Lamar","88","0","0"
"10-17 years","Lamar","263","0","4"
"18-29 years","Lamar","318","0","7"
"30-39 years","Lamar","276","0","13"
"40-49 years","Lamar","257","3","13"
"50-59 years","Lamar","249","6","32"
"60-69 years","Lamar","237","12","29"
"70-79 years","Lamar","153","14","28"
"80 & Older years","Lamar","73","22","21"
"<1 years","Lamar","30","0","1"
"Unknown years","Lamar","1","0","0"
"01-04 years","Lanier","12","0","0"
"05-09 years","Lanier","20","0","1"
"10-17 years","Lanier","67","0","1"
"18-29 years","Lanier","142","1","2"
"30-39 years","Lanier","160","0","2"
"40-49 years","Lanier","96","1","3"
"50-59 years","Lanier","80","1","7"
"60-69 years","Lanier","49","3","3"
"70-79 years","Lanier","32","4","6"
"80 & Older years","Lanier","16","0","6"
"<1 years","Lanier","5","0","0"
"Unknown years","Lanier","1","0","0"
"01-04 years","Laurens","73","0","1"
"05-09 years","Laurens","105","0","2"
"10-17 years","Laurens","451","0","5"
"18-29 years","Laurens","944","0","11"
"30-39 years","Laurens","735","1","20"
"40-49 years","Laurens","739","7","31"
"50-59 years","Laurens","718","16","69"
"60-69 years","Laurens","561","36","91"
"70-79 years","Laurens","363","50","87"
"80 & Older years","Laurens","236","52","65"
"<1 years","Laurens","22","0","3"
"Unknown years","Laurens","4","0","0"
"01-04 years","Lee","43","0","0"
"05-09 years","Lee","72","0","3"
"10-17 years","Lee","215","0","3"
"18-29 years","Lee","358","1","17"
"30-39 years","Lee","411","1","23"
"40-49 years","Lee","403","6","37"
"50-59 years","Lee","344","13","61"
"60-69 years","Lee","232","15","43"
"70-79 years","Lee","105","15","36"
"80 & Older years","Lee","65","12","25"
"<1 years","Lee","12","0","0"
"Unknown years","Lee","2","0","0"
"01-04 years","Liberty","182","0","1"
"05-09 years","Liberty","296","0","1"
"10-17 years","Liberty","635","0","3"
"18-29 years","Liberty","1610","1","17"
"30-39 years","Liberty","943","1","29"
"40-49 years","Liberty","636","2","20"
"50-59 years","Liberty","581","13","59"
"60-69 years","Liberty","364","19","59"
"70-79 years","Liberty","161","17","59"
"80 & Older years","Liberty","68","17","26"
"<1 years","Liberty","54","0","1"
"Unknown years","Liberty","15","0","0"
"01-04 years","Lincoln","14","0","0"
"05-09 years","Lincoln","19","0","0"
"10-17 years","Lincoln","45","0","0"
"18-29 years","Lincoln","113","0","4"
"30-39 years","Lincoln","91","0","2"
"40-49 years","Lincoln","98","1","9"
"50-59 years","Lincoln","82","3","5"
"60-69 years","Lincoln","85","5","18"
"70-79 years","Lincoln","57","9","15"
"80 & Older years","Lincoln","21","7","9"
"<1 years","Lincoln","4","0","0"
"Unknown years","Lincoln","4","0","0"
"01-04 years","Long","37","0","0"
"05-09 years","Long","63","0","0"
"10-17 years","Long","154","0","0"
"18-29 years","Long","211","0","0"
"30-39 years","Long","205","0","4"
"40-49 years","Long","173","0","7"
"50-59 years","Long","114","1","11"
"60-69 years","Long","88","3","13"
"70-79 years","Long","46","6","14"
"80 & Older years","Long","18","2","7"
"<1 years","Long","10","0","0"
"Unknown years","Long","6","0","0"
"01-04 years","Lowndes","217","0","0"
"05-09 years","Lowndes","300","0","0"
"10-17 years","Lowndes","858","0","9"
"18-29 years","Lowndes","2984","4","34"
"30-39 years","Lowndes","1692","3","28"
"40-49 years","Lowndes","1311","5","53"
"50-59 years","Lowndes","1106","16","73"
"60-69 years","Lowndes","753","34","92"
"70-79 years","Lowndes","429","44","77"
"80 & Older years","Lowndes","240","61","68"
"<1 years","Lowndes","62","0","1"
"Unknown years","Lowndes","12","0","0"
"01-04 years","Lumpkin","26","0","1"
"05-09 years","Lumpkin","84","0","4"
"10-17 years","Lumpkin","255","0","3"
"18-29 years","Lumpkin","913","0","16"
"30-39 years","Lumpkin","475","1","15"
"40-49 years","Lumpkin","463","1","29"
"50-59 years","Lumpkin","524","5","62"
"60-69 years","Lumpkin","465","13","70"
"70-79 years","Lumpkin","317","18","84"
"80 & Older years","Lumpkin","162","36","79"
"<1 years","Lumpkin","10","0","1"
"Unknown years","Lumpkin","35","0","2"
"01-04 years","Macon","14","0","0"
"05-09 years","Macon","20","0","0"
"10-17 years","Macon","35","0","0"
"18-29 years","Macon","139","0","4"
"30-39 years","Macon","108","0","4"
"40-49 years","Macon","127","3","9"
"50-59 years","Macon","145","5","20"
"60-69 years","Macon","90","9","28"
"70-79 years","Macon","59","7","21"
"80 & Older years","Macon","23","9","9"
"<1 years","Macon","4","0","0"
"Unknown years","Macon","4","0","1"
"01-04 years","Madison","65","0","1"
"05-09 years","Madison","90","0","0"
"10-17 years","Madison","339","0","1"
"18-29 years","Madison","649","0","4"
"30-39 years","Madison","523","0","12"
"40-49 years","Madison","524","1","22"
"50-59 years","Madison","519","4","31"
"60-69 years","Madison","404","10","47"
"70-79 years","Madison","241","20","48"
"80 & Older years","Madison","85","15","15"
"<1 years","Madison","26","0","5"
"Unknown years","Madison","5","0","0"
"01-04 years","Marion","10","0","0"
"05-09 years","Marion","18","0","1"
"10-17 years","Marion","68","0","0"
"18-29 years","Marion","97","0","2"
"30-39 years","Marion","68","0","2"
"40-49 years","Marion","89","1","7"
"50-59 years","Marion","82","6","7"
"60-69 years","Marion","62","6","8"
"70-79 years","Marion","35","5","10"
"80 & Older years","Marion","33","7","9"
"<1 years","Marion","5","0","0"
"Unknown years","Marion","6","0","0"
"01-04 years","McDuffie","34","0","0"
"05-09 years","McDuffie","47","0","0"
"10-17 years","McDuffie","160","0","0"
"18-29 years","McDuffie","397","0","8"
"30-39 years","McDuffie","300","2","4"
"40-49 years","McDuffie","299","2","20"
"50-59 years","McDuffie","289","7","37"
"60-69 years","McDuffie","232","11","37"
"70-79 years","McDuffie","136","12","52"
"80 & Older years","McDuffie","64","15","29"
"<1 years","McDuffie","4","0","0"
"Unknown years","McDuffie","18","0","0"
"01-04 years","McIntosh","15","0","0"
"05-09 years","McIntosh","48","0","0"
"10-17 years","McIntosh","173","0","0"
"18-29 years","McIntosh","186","0","4"
"30-39 years","McIntosh","170","0","3"
"40-49 years","McIntosh","174","0","4"
"50-59 years","McIntosh","199","0","8"
"60-69 years","McIntosh","152","2","21"
"70-79 years","McIntosh","88","8","20"
"80 & Older years","McIntosh","33","8","10"
"<1 years","McIntosh","1","0","0"
"Unknown years","McIntosh","19","0","0"
"01-04 years","Meriwether","45","0","2"
"05-09 years","Meriwether","49","0","1"
"10-17 years","Meriwether","134","0","1"
"18-29 years","Meriwether","294","0","10"
"30-39 years","Meriwether","240","2","17"
"40-49 years","Meriwether","284","4","21"
"50-59 years","Meriwether","291","7","28"
"60-69 years","Meriwether","263","14","37"
"70-79 years","Meriwether","206","26","43"
"80 & Older years","Meriwether","106","29","24"
"<1 years","Meriwether","10","0","2"
"Unknown years","Meriwether","2","0","0"
"01-04 years","Miller","16","0","0"
"05-09 years","Miller","24","0","0"
"10-17 years","Miller","120","0","1"
"18-29 years","Miller","151","0","1"
"30-39 years","Miller","132","0","0"
"40-49 years","Miller","112","0","7"
"50-59 years","Miller","157","2","14"
"60-69 years","Miller","113","3","13"
"70-79 years","Miller","36","2","3"
"80 & Older years","Miller","29","2","6"
"<1 years","Miller","4","0","0"
"01-04 years","Mitchell","33","0","1"
"05-09 years","Mitchell","50","0","0"
"10-17 years","Mitchell","140","0","3"
"18-29 years","Mitchell","336","1","12"
"30-39 years","Mitchell","296","1","16"
"40-49 years","Mitchell","281","5","24"
"50-59 years","Mitchell","299","12","60"
"60-69 years","Mitchell","244","15","55"
"70-79 years","Mitchell","151","20","51"
"80 & Older years","Mitchell","98","27","33"
"<1 years","Mitchell","11","0","0"
"Unknown years","Mitchell","1","0","0"
"01-04 years","Monroe","18","0","2"
"05-09 years","Monroe","47","0","1"
"10-17 years","Monroe","164","0","0"
"18-29 years","Monroe","403","1","6"
"30-39 years","Monroe","340","0","10"
"40-49 years","Monroe","367","4","22"
"50-59 years","Monroe","403","4","29"
"60-69 years","Monroe","354","21","61"
"70-79 years","Monroe","198","24","52"
"80 & Older years","Monroe","129","42","41"
"<1 years","Monroe","4","0","1"
"01-04 years","Montgomery","14","0","0"
"05-09 years","Montgomery","17","0","0"
"10-17 years","Montgomery","92","0","1"
"18-29 years","Montgomery","197","0","1"
"30-39 years","Montgomery","143","2","5"
"40-49 years","Montgomery","156","0","2"
"50-59 years","Montgomery","151","4","9"
"60-69 years","Montgomery","122","4","13"
"70-79 years","Montgomery","65","6","12"
"80 & Older years","Montgomery","36","7","7"
"<1 years","Montgomery","1","0","0"
"Unknown years","Montgomery","1","0","0"
"01-04 years","Morgan","31","0","0"
"05-09 years","Morgan","61","0","1"
"10-17 years","Morgan","143","0","1"
"18-29 years","Morgan","277","0","5"
"30-39 years","Morgan","235","0","9"
"40-49 years","Morgan","221","1","7"
"50-59 years","Morgan","229","2","18"
"60-69 years","Morgan","179","6","20"
"70-79 years","Morgan","123","4","21"
"80 & Older years","Morgan","64","11","21"
"<1 years","Morgan","23","0","1"
"Unknown years","Morgan","1","0","0"
"01-04 years","Murray","97","0","2"
"05-09 years","Murray","130","0","2"
"10-17 years","Murray","495","0","2"
"18-29 years","Murray","1062","0","12"
"30-39 years","Murray","764","1","9"
"40-49 years","Murray","880","4","27"
"50-59 years","Murray","760","10","59"
"60-69 years","Murray","507","16","82"
"70-79 years","Murray","316","37","71"
"80 & Older years","Murray","119","23","31"
"<1 years","Murray","32","0","2"
"Unknown years","Murray","1","0","0"
"01-04 years","Muscogee","363","0","8"
"05-09 years","Muscogee","601","0","0"
"10-17 years","Muscogee","1486","0","12"
"18-29 years","Muscogee","4200","6","92"
"30-39 years","Muscogee","3020","2","117"
"40-49 years","Muscogee","2468","11","145"
"50-59 years","Muscogee","2388","55","256"
"60-69 years","Muscogee","1861","97","327"
"70-79 years","Muscogee","1007","114","256"
"80 & Older years","Muscogee","605","171","209"
"<1 years","Muscogee","108","0","7"
"Unknown years","Muscogee","48","0","0"
"01-04 years","Newton","135","0","3"
"05-09 years","Newton","277","0","1"
"10-17 years","Newton","761","0","14"
"18-29 years","Newton","1781","1","70"
"30-39 years","Newton","1536","2","85"
"40-49 years","Newton","1672","9","136"
"50-59 years","Newton","1538","33","163"
"60-69 years","Newton","867","46","140"
"70-79 years","Newton","562","69","129"
"80 & Older years","Newton","331","93","87"
"<1 years","Newton","46","0","8"
"Unknown years","Newton","1","0","0"
"01-04 years","Non-GA Resident/Unknown State","390","0","9"
"05-09 years","Non-GA Resident/Unknown State","632","0","5"
"10-17 years","Non-GA Resident/Unknown State","1729","0","8"
"18-29 years","Non-GA Resident/Unknown State","6795","5","84"
"30-39 years","Non-GA Resident/Unknown State","4949","5","122"
"40-49 years","Non-GA Resident/Unknown State","4138","21","161"
"50-59 years","Non-GA Resident/Unknown State","3948","62","269"
"60-69 years","Non-GA Resident/Unknown State","2860","132","352"
"70-79 years","Non-GA Resident/Unknown State","1826","152","354"
"80 & Older years","Non-GA Resident/Unknown State","993","157","233"
"<1 years","Non-GA Resident/Unknown State","199","0","3"
"Unknown years","Non-GA Resident/Unknown State","870","0","9"
"01-04 years","Oconee","47","0","0"
"05-09 years","Oconee","109","0","0"
"10-17 years","Oconee","446","0","0"
"18-29 years","Oconee","678","1","8"
"30-39 years","Oconee","448","1","5"
"40-49 years","Oconee","700","1","17"
"50-59 years","Oconee","565","5","13"
"60-69 years","Oconee","367","11","38"
"70-79 years","Oconee","204","18","27"
"80 & Older years","Oconee","144","31","43"
"<1 years","Oconee","13","0","0"
"01-04 years","Oglethorpe","23","0","0"
"05-09 years","Oglethorpe","47","0","0"
"10-17 years","Oglethorpe","130","0","2"
"18-29 years","Oglethorpe","254","0","3"
"30-39 years","Oglethorpe","182","2","3"
"40-49 years","Oglethorpe","216","1","10"
"50-59 years","Oglethorpe","204","1","20"
"60-69 years","Oglethorpe","171","1","16"
"70-79 years","Oglethorpe","126","12","18"
"80 & Older years","Oglethorpe","74","15","21"
"<1 years","Oglethorpe","11","0","0"
"01-04 years","Paulding","232","0","2"
"05-09 years","Paulding","517","0","0"
"10-17 years","Paulding","1554","0","8"
"18-29 years","Paulding","2499","1","37"
"30-39 years","Paulding","2211","2","39"
"40-49 years","Paulding","2350","8","62"
"50-59 years","Paulding","2115","21","93"
"60-69 years","Paulding","1106","42","94"
"70-79 years","Paulding","612","44","87"
"80 & Older years","Paulding","351","71","74"
"<1 years","Paulding","56","0","0"
"Unknown years","Paulding","30","0","1"
"01-04 years","Peach","25","0","2"
"05-09 years","Peach","35","0","0"
"10-17 years","Peach","142","0","2"
"18-29 years","Peach","516","2","14"
"30-39 years","Peach","423","0","18"
"40-49 years","Peach","336","4","27"
"50-59 years","Peach","360","11","53"
"60-69 years","Peach","315","14","63"
"70-79 years","Peach","162","17","50"
"80 & Older years","Peach","75","17","32"
"<1 years","Peach","4","0","0"
"01-04 years","Pickens","31","0","2"
"05-09 years","Pickens","59","0","1"
"10-17 years","Pickens","202","0","1"
"18-29 years","Pickens","488","0","7"
"30-39 years","Pickens","399","0","17"
"40-49 years","Pickens","470","0","22"
"50-59 years","Pickens","534","4","37"
"60-69 years","Pickens","422","10","58"
"70-79 years","Pickens","308","23","77"
"80 & Older years","Pickens","132","28","41"
"<1 years","Pickens","4","0","1"
"Unknown years","Pickens","1","0","0"
"01-04 years","Pierce","39","0","0"
"05-09 years","Pierce","55","0","0"
"10-17 years","Pierce","180","1","1"
"18-29 years","Pierce","336","0","7"
"30-39 years","Pierce","245","0","7"
"40-49 years","Pierce","296","2","19"
"50-59 years","Pierce","276","6","31"
"60-69 years","Pierce","202","15","49"
"70-79 years","Pierce","147","19","47"
"80 & Older years","Pierce","58","16","18"
"<1 years","Pierce","15","0","1"
"Unknown years","Pierce","34","0","0"
"01-04 years","Pike","45","0","0"
"05-09 years","Pike","68","0","0"
"10-17 years","Pike","205","0","1"
"18-29 years","Pike","227","2","7"
"30-39 years","Pike","235","0","3"
"40-49 years","Pike","262","2","14"
"50-59 years","Pike","216","5","17"
"60-69 years","Pike","156","8","23"
"70-79 years","Pike","102","9","24"
"80 & Older years","Pike","39","9","10"
"<1 years","Pike","9","0","0"
"Unknown years","Pike","1","0","0"
"01-04 years","Polk","68","0","1"
"05-09 years","Polk","132","0","2"
"10-17 years","Polk","534","0","4"
"18-29 years","Polk","1047","0","20"
"30-39 years","Polk","791","1","22"
"40-49 years","Polk","743","3","43"
"50-59 years","Polk","744","13","94"
"60-69 years","Polk","489","19","87"
"70-79 years","Polk","366","29","101"
"80 & Older years","Polk","168","28","58"
"<1 years","Polk","39","0","1"
"Unknown years","Polk","27","0","0"
"01-04 years","Pulaski","10","0","0"
"05-09 years","Pulaski","19","0","0"
"10-17 years","Pulaski","72","0","1"
"18-29 years","Pulaski","124","0","2"
"30-39 years","Pulaski","118","0","2"
"40-49 years","Pulaski","113","0","10"
"50-59 years","Pulaski","120","0","7"
"60-69 years","Pulaski","102","9","13"
"70-79 years","Pulaski","49","13","16"
"80 & Older years","Pulaski","40","12","6"
"<1 years","Pulaski","3","0","0"
"01-04 years","Putnam","36","0","0"
"05-09 years","Putnam","63","0","1"
"10-17 years","Putnam","197","0","2"
"18-29 years","Putnam","378","0","4"
"30-39 years","Putnam","325","0","7"
"40-49 years","Putnam","285","2","14"
"50-59 years","Putnam","381","2","27"
"60-69 years","Putnam","322","16","39"
"70-79 years","Putnam","240","23","58"
"80 & Older years","Putnam","95","22","38"
"<1 years","Putnam","7","0","1"
"01-04 years","Quitman","1","0","0"
"05-09 years","Quitman","5","0","0"
"10-17 years","Quitman","10","0","0"
"18-29 years","Quitman","16","0","1"
"30-39 years","Quitman","9","0","1"
"40-49 years","Quitman","5","0","1"
"50-59 years","Quitman","17","0","1"
"60-69 years","Quitman","28","1","6"
"70-79 years","Quitman","4","0","1"
"80 & Older years","Quitman","8","1","2"
"<1 years","Quitman","2","0","0"
"Unknown years","Quitman","1","0","0"
"01-04 years","Rabun","21","0","0"
"05-09 years","Rabun","37","0","0"
"10-17 years","Rabun","150","0","1"
"18-29 years","Rabun","261","0","7"
"30-39 years","Rabun","219","1","12"
"40-49 years","Rabun","237","0","12"
"50-59 years","Rabun","279","3","30"
"60-69 years","Rabun","268","10","37"
"70-79 years","Rabun","204","12","43"
"80 & Older years","Rabun","88","19","33"
"<1 years","Rabun","6","0","1"
"Unknown years","Rabun","14","0","0"
"01-04 years","Randolph","3","0","0"
"05-09 years","Randolph","9","0","0"
"10-17 years","Randolph","18","0","3"
"18-29 years","Randolph","75","0","3"
"30-39 years","Randolph","81","2","8"
"40-49 years","Randolph","68","0","7"
"50-59 years","Randolph","103","5","21"
"60-69 years","Randolph","79","9","17"
"70-79 years","Randolph","52","4","17"
"80 & Older years","Randolph","48","15","16"
"<1 years","Randolph","1","0","0"
"Unknown years","Randolph","3","0","0"
"01-04 years","Richmond","410","0","1"
"05-09 years","Richmond","826","0","4"
"10-17 years","Richmond","2044","0","20"
"18-29 years","Richmond","5543","9","77"
"30-39 years","Richmond","4137","8","106"
"40-49 years","Richmond","3220","19","139"
"50-59 years","Richmond","3056","44","252"
"60-69 years","Richmond","2268","90","310"
"70-79 years","Richmond","1209","120","335"
"80 & Older years","Richmond","725","168","287"
"<1 years","Richmond","107","0","4"
"Unknown years","Richmond","31","0","1"
"01-04 years","Rockdale","106","0","6"
"05-09 years","Rockdale","217","0","4"
"10-17 years","Rockdale","590","0","16"
"18-29 years","Rockdale","1495","2","96"
"30-39 years","Rockdale","1237","3","129"
"40-49 years","Rockdale","1300","7","143"
"50-59 years","Rockdale","1258","17","213"
"60-69 years","Rockdale","754","34","187"
"70-79 years","Rockdale","435","56","172"
"80 & Older years","Rockdale","235","53","115"
"<1 years","Rockdale","22","0","2"
"Unknown years","Rockdale","5","0","0"
"01-04 years","Schley","9","0","0"
"05-09 years","Schley","7","0","0"
"10-17 years","Schley","27","0","0"
"18-29 years","Schley","57","0","2"
"30-39 years","Schley","32","0","0"
"40-49 years","Schley","48","0","5"
"50-59 years","Schley","39","0","6"
"60-69 years","Schley","30","1","7"
"70-79 years","Schley","15","2","4"
"80 & Older years","Schley","7","2","2"
"<1 years","Schley","1","0","0"
"Unknown years","Schley","5","0","0"
"01-04 years","Screven","21","0","1"
"05-09 years","Screven","35","0","0"
"10-17 years","Screven","151","0","1"
"18-29 years","Screven","194","0","3"
"30-39 years","Screven","184","0","4"
"40-49 years","Screven","153","2","8"
"50-59 years","Screven","145","2","16"
"60-69 years","Screven","157","3","18"
"70-79 years","Screven","93","8","20"
"80 & Older years","Screven","39","8","11"
"<1 years","Screven","8","0","0"
"Unknown years","Screven","3","0","0"
"01-04 years","Seminole","21","0","0"
"05-09 years","Seminole","39","0","0"
"10-17 years","Seminole","135","0","0"
"18-29 years","Seminole","174","0","1"
"30-39 years","Seminole","142","0","4"
"40-49 years","Seminole","140","0","9"
"50-59 years","Seminole","157","1","6"
"60-69 years","Seminole","168","5","32"
"70-79 years","Seminole","81","6","17"
"80 & Older years","Seminole","39","7","17"
"<1 years","Seminole","5","0","0"
"01-04 years","Spalding","118","0","4"
"05-09 years","Spalding","164","0","1"
"10-17 years","Spalding","428","0","6"
"18-29 years","Spalding","983","1","38"
"30-39 years","Spalding","856","3","41"
"40-49 years","Spalding","837","5","67"
"50-59 years","Spalding","853","22","101"
"60-69 years","Spalding","634","41","112"
"70-79 years","Spalding","445","54","106"
"80 & Older years","Spalding","260","57","74"
"<1 years","Spalding","27","0","0"
"Unknown years","Spalding","20","0","1"
"01-04 years","Stephens","31","0","2"
"05-09 years","Stephens","67","0","1"
"10-17 years","Stephens","307","0","4"
"18-29 years","Stephens","660","1","18"
"30-39 years","Stephens","421","0","8"
"40-49 years","Stephens","521","1","25"
"50-59 years","Stephens","544","5","43"
"60-69 years","Stephens","513","23","71"
"70-79 years","Stephens","348","23","73"
"80 & Older years","Stephens","174","27","41"
"<1 years","Stephens","5","0","0"
"Unknown years","Stephens","18","0","0"
"01-04 years","Stewart","6","0","1"
"05-09 years","Stewart","5","0","0"
"10-17 years","Stewart","19","0","0"
"18-29 years","Stewart","294","0","22"
"30-39 years","Stewart","309","1","26"
"40-49 years","Stewart","198","2","23"
"50-59 years","Stewart","110","2","17"
"60-69 years","Stewart","75","13","29"
"70-79 years","Stewart","27","3","6"
"80 & Older years","Stewart","22","5","7"
"<1 years","Stewart","1","0","0"
"Unknown years","Stewart","19","0","4"
"01-04 years","Sumter","52","0","0"
"05-09 years","Sumter","81","0","0"
"10-17 years","Sumter","170","0","4"
"18-29 years","Sumter","448","1","12"
"30-39 years","Sumter","338","1","28"
"40-49 years","Sumter","334","6","29"
"50-59 years","Sumter","347","4","47"
"60-69 years","Sumter","290","28","75"
"70-79 years","Sumter","185","30","55"
"80 & Older years","Sumter","125","31","50"
"<1 years","Sumter","25","0","0"
"Unknown years","Sumter","13","0","0"
"01-04 years","Talbot","13","0","0"
"05-09 years","Talbot","19","0","0"
"10-17 years","Talbot","44","0","0"
"18-29 years","Talbot","78","0","2"
"30-39 years","Talbot","48","0","3"
"40-49 years","Talbot","78","1","4"
"50-59 years","Talbot","85","5","8"
"60-69 years","Talbot","70","5","17"
"70-79 years","Talbot","40","6","7"
"80 & Older years","Talbot","22","4","10"
"<1 years","Talbot","1","0","0"
"Unknown years","Talbot","3","0","0"
"01-04 years","Taliaferro","2","0","0"
"05-09 years","Taliaferro","1","0","0"
"10-17 years","Taliaferro","11","0","0"
"18-29 years","Taliaferro","19","0","0"
"30-39 years","Taliaferro","18","0","0"
"40-49 years","Taliaferro","23","0","2"
"50-59 years","Taliaferro","12","0","0"
"60-69 years","Taliaferro","22","1","3"
"70-79 years","Taliaferro","10","1","3"
"80 & Older years","Taliaferro","4","1","2"
"01-04 years","Tattnall","55","0","0"
"05-09 years","Tattnall","78","0","1"
"10-17 years","Tattnall","258","0","2"
"18-29 years","Tattnall","427","1","3"
"30-39 years","Tattnall","392","2","8"
"40-49 years","Tattnall","383","0","9"
"50-59 years","Tattnall","394","9","24"
"60-69 years","Tattnall","285","17","39"
"70-79 years","Tattnall","157","24","42"
"80 & Older years","Tattnall","59","6","10"
"<1 years","Tattnall","18","0","1"
"Unknown years","Tattnall","1","0","0"
"01-04 years","Taylor","16","0","1"
"05-09 years","Taylor","21","0","0"
"10-17 years","Taylor","71","0","1"
"18-29 years","Taylor","111","0","4"
"30-39 years","Taylor","75","0","4"
"40-49 years","Taylor","115","1","11"
"50-59 years","Taylor","94","2","18"
"60-69 years","Taylor","75","6","19"
"70-79 years","Taylor","39","6","14"
"80 & Older years","Taylor","27","8","9"
"<1 years","Taylor","5","0","0"
"Unknown years","Taylor","13","0","0"
"01-04 years","Telfair","14","0","0"
"05-09 years","Telfair","24","0","0"
"10-17 years","Telfair","48","0","1"
"18-29 years","Telfair","173","0","3"
"30-39 years","Telfair","123","1","4"
"40-49 years","Telfair","130","2","8"
"50-59 years","Telfair","131","5","12"
"60-69 years","Telfair","111","10","19"
"70-79 years","Telfair","74","14","20"
"80 & Older years","Telfair","45","16","13"
"<1 years","Telfair","6","0","0"
"Unknown years","Telfair","2","0","0"
"01-04 years","Terrell","15","0","0"
"05-09 years","Terrell","17","0","0"
"10-17 years","Terrell","53","0","0"
"18-29 years","Terrell","98","0","6"
"30-39 years","Terrell","99","0","11"
"40-49 years","Terrell","77","0","9"
"50-59 years","Terrell","121","4","20"
"60-69 years","Terrell","106","13","39"
"70-79 years","Terrell","66","19","29"
"80 & Older years","Terrell","42","14","16"
"<1 years","Terrell","1","0","0"
"01-04 years","Thomas","124","1","2"
"05-09 years","Thomas","226","0","0"
"10-17 years","Thomas","614","0","3"
"18-29 years","Thomas","878","2","33"
"30-39 years","Thomas","719","4","25"
"40-49 years","Thomas","718","6","41"
"50-59 years","Thomas","745","16","66"
"60-69 years","Thomas","571","17","105"
"70-79 years","Thomas","336","38","87"
"80 & Older years","Thomas","196","49","63"
"<1 years","Thomas","34","0","2"
"Unknown years","Thomas","2","0","0"
"01-04 years","Tift","86","0","5"
"05-09 years","Tift","145","0","4"
"10-17 years","Tift","403","0","9"
"18-29 years","Tift","995","0","25"
"30-39 years","Tift","736","1","32"
"40-49 years","Tift","682","8","65"
"50-59 years","Tift","574","11","79"
"60-69 years","Tift","442","21","82"
"70-79 years","Tift","291","31","96"
"80 & Older years","Tift","163","37","63"
"<1 years","Tift","27","0","1"
"Unknown years","Tift","12","0","0"
"01-04 years","Toombs","49","0","0"
"05-09 years","Toombs","104","0","0"
"10-17 years","Toombs","322","0","2"
"18-29 years","Toombs","771","1","7"
"30-39 years","Toombs","594","1","7"
"40-49 years","Toombs","574","3","30"
"50-59 years","Toombs","574","10","36"
"60-69 years","Toombs","495","21","61"
"70-79 years","Toombs","317","39","51"
"80 & Older years","Toombs","181","45","37"
"<1 years","Toombs","18","0","0"
"Unknown years","Toombs","9","0","0"
"01-04 years","Towns","7","0","0"
"05-09 years","Towns","16","0","0"
"10-17 years","Towns","63","0","1"
"18-29 years","Towns","173","0","4"
"30-39 years","Towns","120","1","4"
"40-49 years","Towns","139","2","6"
"50-59 years","Towns","231","2","25"
"60-69 years","Towns","280","5","24"
"70-79 years","Towns","204","12","45"
"80 & Older years","Towns","152","31","61"
"<1 years","Towns","1","0","0"
"Unknown years","Towns","2","0","0"
"01-04 years","Treutlen","10","0","0"
"05-09 years","Treutlen","24","0","1"
"10-17 years","Treutlen","69","0","0"
"18-29 years","Treutlen","141","0","2"
"30-39 years","Treutlen","128","0","5"
"40-49 years","Treutlen","125","2","5"
"50-59 years","Treutlen","125","1","9"
"60-69 years","Treutlen","82","6","15"
"70-79 years","Treutlen","62","14","12"
"80 & Older years","Treutlen","36","10","9"
"<1 years","Treutlen","1","0","0"
"01-04 years","Troup","195","0","3"
"05-09 years","Troup","314","0","1"
"10-17 years","Troup","784","0","8"
"18-29 years","Troup","1573","2","33"
"30-39 years","Troup","1200","7","51"
"40-49 years","Troup","1046","8","65"
"50-59 years","Troup","1025","20","128"
"60-69 years","Troup","775","44","121"
"70-79 years","Troup","419","54","113"
"80 & Older years","Troup","284","82","77"
"<1 years","Troup","63","0","1"
"Unknown years","Troup","5","0","0"
"01-04 years","Turner","10","0","0"
"05-09 years","Turner","16","0","2"
"10-17 years","Turner","29","0","0"
"18-29 years","Turner","117","0","2"
"30-39 years","Turner","120","0","12"
"40-49 years","Turner","128","0","7"
"50-59 years","Turner","112","2","15"
"60-69 years","Turner","96","10","29"
"70-79 years","Turner","60","10","14"
"80 & Older years","Turner","38","16","16"
"<1 years","Turner","3","0","1"
"Unknown years","Turner","1","0","0"
"01-04 years","Twiggs","14","0","0"
"05-09 years","Twiggs","11","0","1"
"10-17 years","Twiggs","47","0","1"
"18-29 years","Twiggs","97","0","2"
"30-39 years","Twiggs","83","1","4"
"40-49 years","Twiggs","84","1","9"
"50-59 years","Twiggs","119","3","20"
"60-69 years","Twiggs","114","11","38"
"70-79 years","Twiggs","70","11","27"
"80 & Older years","Twiggs","28","14","18"
"<1 years","Twiggs","1","0","0"
"01-04 years","Union","18","0","1"
"05-09 years","Union","53","0","0"
"10-17 years","Union","153","0","2"
"18-29 years","Union","326","1","2"
"30-39 years","Union","312","0","6"
"40-49 years","Union","294","1","15"
"50-59 years","Union","385","5","30"
"60-69 years","Union","480","8","66"
"70-79 years","Union","414","24","82"
"80 & Older years","Union","242","44","78"
"<1 years","Union","2","0","1"
"Unknown years","Union","13","0","1"
"01-04 years","Unknown","40","0","1"
"05-09 years","Unknown","78","0","0"
"10-17 years","Unknown","252","0","1"
"18-29 years","Unknown","841","1","7"
"30-39 years","Unknown","461","1","13"
"40-49 years","Unknown","389","1","6"
"50-59 years","Unknown","355","2","8"
"60-69 years","Unknown","175","1","11"
"70-79 years","Unknown","124","1","11"
"80 & Older years","Unknown","47","0","8"
"<1 years","Unknown","32","0","0"
"Unknown years","Unknown","85","0","3"
"01-04 years","Upson","64","0","1"
"05-09 years","Upson","91","0","0"
"10-17 years","Upson","261","0","2"
"18-29 years","Upson","414","0","8"
"30-39 years","Upson","295","2","10"
"40-49 years","Upson","319","1","16"
"50-59 years","Upson","311","8","34"
"60-69 years","Upson","287","24","50"
"70-79 years","Upson","199","36","58"
"80 & Older years","Upson","119","42","42"
"<1 years","Upson","27","0","1"
"Unknown years","Upson","4","0","0"
"01-04 years","Walker","136","0","1"
"05-09 years","Walker","268","0","1"
"10-17 years","Walker","815","0","4"
"18-29 years","Walker","1451","0","20"
"30-39 years","Walker","1152","1","20"
"40-49 years","Walker","1301","4","36"
"50-59 years","Walker","1107","5","45"
"60-69 years","Walker","903","19","77"
"70-79 years","Walker","566","28","67"
"80 & Older years","Walker","273","28","41"
"<1 years","Walker","51","0","2"
"Unknown years","Walker","113","0","2"
"01-04 years","Walton","118","0","1"
"05-09 years","Walton","248","0","4"
"10-17 years","Walton","828","0","8"
"18-29 years","Walton","1651","2","39"
"30-39 years","Walton","1443","0","36"
"40-49 years","Walton","1554","3","65"
"50-59 years","Walton","1512","18","114"
"60-69 years","Walton","1038","36","122"
"70-79 years","Walton","740","79","135"
"80 & Older years","Walton","432","112","96"
"<1 years","Walton","41","0","2"
"Unknown years","Walton","12","0","0"
"01-04 years","Ware","100","0","1"
"05-09 years","Ware","136","0","0"
"10-17 years","Ware","370","0","4"
"18-29 years","Ware","773","1","11"
"30-39 years","Ware","616","2","28"
"40-49 years","Ware","546","3","39"
"50-59 years","Ware","531","22","93"
"60-69 years","Ware","403","31","85"
"70-79 years","Ware","304","45","109"
"80 & Older years","Ware","229","67","68"
"<1 years","Ware","32","0","2"
"Unknown years","Ware","3","0","0"
"01-04 years","Warren","7","0","0"
"05-09 years","Warren","7","0","0"
"10-17 years","Warren","31","0","0"
"18-29 years","Warren","86","0","3"
"30-39 years","Warren","59","0","5"
"40-49 years","Warren","67","2","6"
"50-59 years","Warren","75","2","8"
"60-69 years","Warren","50","3","9"
"70-79 years","Warren","40","6","15"
"80 & Older years","Warren","20","4","8"
"<1 years","Warren","4","0","1"
"Unknown years","Warren","4","0","0"
"01-04 years","Washington","43","0","0"
"05-09 years","Washington","60","0","0"
"10-17 years","Washington","210","0","3"
"18-29 years","Washington","334","0","8"
"30-39 years","Washington","313","0","12"
"40-49 years","Washington","310","5","14"
"50-59 years","Washington","285","6","17"
"60-69 years","Washington","251","15","32"
"70-79 years","Washington","133","11","23"
"80 & Older years","Washington","81","29","15"
"<1 years","Washington","17","0","0"
"Unknown years","Washington","3","0","0"
"01-04 years","Wayne","55","0","1"
"05-09 years","Wayne","100","0","0"
"10-17 years","Wayne","348","0","1"
"18-29 years","Wayne","646","1","13"
"30-39 years","Wayne","619","2","18"
"40-49 years","Wayne","665","2","47"
"50-59 years","Wayne","586","12","49"
"60-69 years","Wayne","440","23","82"
"70-79 years","Wayne","321","27","84"
"80 & Older years","Wayne","142","27","30"
"<1 years","Wayne","9","0","1"
"Unknown years","Wayne","2","0","0"
"05-09 years","Webster","2","0","0"
"10-17 years","Webster","8","0","0"
"18-29 years","Webster","27","0","1"
"30-39 years","Webster","13","0","1"
"40-49 years","Webster","22","0","2"
"50-59 years","Webster","23","2","6"
"60-69 years","Webster","25","1","4"
"70-79 years","Webster","8","0","2"
"80 & Older years","Webster","4","1","1"
"Unknown years","Webster","3","0","0"
"01-04 years","Wheeler","3","0","0"
"05-09 years","Wheeler","8","0","1"
"10-17 years","Wheeler","34","0","0"
"18-29 years","Wheeler","79","0","0"
"30-39 years","Wheeler","99","2","3"
"40-49 years","Wheeler","97","1","3"
"50-59 years","Wheeler","109","7","12"
"60-69 years","Wheeler","64","5","8"
"70-79 years","Wheeler","46","5","12"
"80 & Older years","Wheeler","9","3","1"
"<1 years","Wheeler","2","0","0"
"Unknown years","Wheeler","23","0","1"
"01-04 years","White","32","0","1"
"05-09 years","White","98","0","1"
"10-17 years","White","370","0","2"
"18-29 years","White","582","1","11"
"30-39 years","White","473","1","10"
"40-49 years","White","539","2","22"
"50-59 years","White","605","6","59"
"60-69 years","White","542","13","72"
"70-79 years","White","402","17","95"
"80 & Older years","White","213","40","81"
"<1 years","White","7","0","0"
"Unknown years","White","22","0","0"
"01-04 years","Whitfield","265","0","3"
"05-09 years","Whitfield","546","0","3"
"10-17 years","Whitfield","1707","0","7"
"18-29 years","Whitfield","4003","2","55"
"30-39 years","Whitfield","2740","5","71"
"40-49 years","Whitfield","2769","6","86"
"50-59 years","Whitfield","2468","32","151"
"60-69 years","Whitfield","1436","42","174"
"70-79 years","Whitfield","805","62","159"
"80 & Older years","Whitfield","458","100","128"
"<1 years","Whitfield","85","0","5"
"Unknown years","Whitfield","3","0","0"
"01-04 years","Wilcox","16","0","1"
"05-09 years","Wilcox","24","0","0"
"10-17 years","Wilcox","48","0","0"
"18-29 years","Wilcox","63","0","1"
"30-39 years","Wilcox","63","0","1"
"40-49 years","Wilcox","83","0","12"
"50-59 years","Wilcox","95","2","16"
"60-69 years","Wilcox","101","11","28"
"70-79 years","Wilcox","57","11","11"
"80 & Older years","Wilcox","27","8","8"
"<1 years","Wilcox","5","0","0"
"01-04 years","Wilkes","9","0","0"
"05-09 years","Wilkes","19","0","0"
"10-17 years","Wilkes","62","0","0"
"18-29 years","Wilkes","137","0","1"
"30-39 years","Wilkes","96","0","5"
"40-49 years","Wilkes","124","1","13"
"50-59 years","Wilkes","115","2","8"
"60-69 years","Wilkes","94","4","19"
"70-79 years","Wilkes","69","8","22"
"80 & Older years","Wilkes","37","8","16"
"<1 years","Wilkes","3","0","0"
"Unknown years","Wilkes","1","0","0"
"01-04 years","Wilkinson","15","0","0"
"05-09 years","Wilkinson","23","0","0"
"10-17 years","Wilkinson","77","0","1"
"18-29 years","Wilkinson","159","0","3"
"30-39 years","Wilkinson","133","0","8"
"40-49 years","Wilkinson","125","0","7"
"50-59 years","Wilkinson","185","4","28"
"60-69 years","Wilkinson","162","12","43"
"70-79 years","Wilkinson","69","6","22"
"80 & Older years","Wilkinson","44","5","18"
"<1 years","Wilkinson","4","0","0"
"Unknown years","Wilkinson","2","0","0"
"01-04 years","Worth","28","0","0"
"05-09 years","Worth","41","0","0"
"10-17 years","Worth","148","0","3"
"18-29 years","Worth","259","0","12"
"30-39 years","Worth","208","0","16"
"40-49 years","Worth","216","1","22"
"50-59 years","Worth","238","7","35"
"60-69 years","Worth","222","21","57"
"70-79 years","Worth","136","18","38"
"80 & Older years","Worth","81","20","27"
"<1 years","Worth","6","0","0"
"Unknown years","Worth","1","0","0"
