"sex","county name","cases","deaths","hospitalization"
"Female","Georgia","588997","9348","37620"
"Male","Georgia","505200","10582","35965"
"Unknown","Georgia","9559","6","192"
"Female","Appling","1346","30","106"
"Male","Appling","1125","41","103"
"Unknown","Appling","8","0","0"
"Female","Atkinson","559","9","72"
"Male","Atkinson","472","11","78"
"Unknown","Atkinson","6","0","0"
"Female","Bacon","700","16","57"
"Male","Bacon","987","18","63"
"Unknown","Bacon","3","0","1"
"Female","Baker","123","3","18"
"Male","Baker","100","8","23"
"Female","Baldwin","2620","41","150"
"Male","Baldwin","2061","88","204"
"Unknown","Baldwin","22","0","0"
"Female","Banks","1079","24","132"
"Male","Banks","920","21","106"
"Unknown","Banks","13","0","0"
"Female","Barrow","5930","72","390"
"Male","Barrow","5060","80","356"
"Unknown","Barrow","34","0","2"
"Female","Bartow","7058","109","428"
"Male","Bartow","6226","128","472"
"Unknown","Bartow","103","0","1"
"Female","Ben Hill","1019","29","91"
"Male","Ben Hill","757","35","82"
"Unknown","Ben Hill","2","0","0"
"Female","Berrien","773","20","45"
"Male","Berrien","633","20","36"
"Unknown","Berrien","5","0","0"
"Female","Bibb","10168","226","1110"
"Male","Bibb","7515","226","942"
"Unknown","Bibb","149","0","1"
"Female","Bleckley","570","18","28"
"Male","Bleckley","411","15","26"
"Unknown","Bleckley","6","0","1"
"Female","Brantley","914","22","63"
"Male","Brantley","765","25","57"
"Unknown","Brantley","6","0","0"
"Female","Brooks","720","16","57"
"Male","Brooks","542","25","42"
"Unknown","Brooks","12","0","0"
"Female","Bryan","2155","18","119"
"Male","Bryan","1901","22","128"
"Unknown","Bryan","26","0","1"
"Female","Bulloch","4159","43","138"
"Male","Bulloch","3198","32","114"
"Unknown","Bulloch","9","0","0"
"Female","Burke","1178","24","97"
"Male","Burke","919","18","80"
"Unknown","Burke","10","0","1"
"Female","Butts","1386","38","64"
"Male","Butts","1435","47","92"
"Unknown","Butts","88","0","1"
"Female","Calhoun","288","11","40"
"Male","Calhoun","281","6","45"
"Unknown","Calhoun","5","0","0"
"Female","Camden","2747","31","103"
"Male","Camden","2411","27","87"
"Unknown","Camden","21","0","0"
"Female","Candler","556","14","40"
"Male","Candler","467","25","32"
"Unknown","Candler","1","0","0"
"Female","Carroll","4622","66","174"
"Male","Carroll","4120","71","189"
"Unknown","Carroll","41","0","1"
"Female","Catoosa","3770","38","143"
"Male","Catoosa","3242","33","135"
"Unknown","Catoosa","85","0","3"
"Female","Charlton","594","12","44"
"Male","Charlton","984","22","41"
"Unknown","Charlton","5","0","0"
"Female","Chatham","15848","222","1090"
"Male","Chatham","13054","267","1034"
"Unknown","Chatham","235","1","13"
"Female","Chattahoochee","295","1","12"
"Male","Chattahoochee","4068","12","23"
"Unknown","Chattahoochee","13","0","0"
"Female","Chattooga","1538","29","89"
"Male","Chattooga","1334","39","113"
"Unknown","Chattooga","12","0","0"
"Female","Cherokee","14469","145","734"
"Male","Cherokee","12913","197","856"
"Unknown","Cherokee","101","0","2"
"Female","Clarke","8569","66","309"
"Male","Clarke","6739","83","286"
"Unknown","Clarke","52","0","1"
"Female","Clay","126","1","5"
"Male","Clay","88","2","7"
"Unknown","Clay","3","0","0"
"Female","Clayton","17037","259","916"
"Male","Clayton","12972","280","781"
"Unknown","Clayton","187","1","2"
"Female","Clinch","483","12","37"
"Male","Clinch","454","16","35"
"Female","Cobb","39252","508","1881"
"Male","Cobb","34224","590","1910"
"Unknown","Cobb","329","0","8"
"Female","Coffee","3058","80","431"
"Male","Coffee","2551","77","340"
"Unknown","Coffee","18","0","0"
"Female","Colquitt","2493","39","145"
"Male","Colquitt","2283","52","151"
"Unknown","Colquitt","18","0","1"
"Female","Columbia","7018","79","273"
"Male","Columbia","6214","96","295"
"Unknown","Columbia","40","0","2"
"Female","Cook","882","21","64"
"Male","Cook","672","23","51"
"Unknown","Cook","3","0","0"
"Female","Coweta","5692","99","245"
"Male","Coweta","5151","138","267"
"Unknown","Coweta","42","0","0"
"Female","Crawford","374","11","48"
"Male","Crawford","314","12","37"
"Unknown","Crawford","4","0","0"
"Female","Crisp","965","28","105"
"Male","Crisp","713","32","70"
"Unknown","Crisp","21","0","1"
"Female","Dade","807","9","32"
"Male","Dade","748","5","33"
"Unknown","Dade","20","0","0"
"Female","Dawson","1873","20","131"
"Male","Dawson","1628","30","150"
"Unknown","Dawson","30","0","1"
"Female","DeKalb","37892","490","2941"
"Male","DeKalb","31189","540","2539"
"Unknown","DeKalb","587","1","10"
"Female","Decatur","1648","31","103"
"Male","Decatur","1245","35","83"
"Unknown","Decatur","16","0","0"
"Female","Dodge","733","26","59"
"Male","Dodge","614","31","56"
"Unknown","Dodge","12","0","0"
"Female","Dooly","518","15","48"
"Male","Dooly","432","19","49"
"Unknown","Dooly","6","0","0"
"Female","Dougherty","4362","170","673"
"Male","Dougherty","3003","146","501"
"Unknown","Dougherty","36","0","1"
"Female","Douglas","8190","99","547"
"Male","Douglas","6807","105","471"
"Unknown","Douglas","59","0","2"
"Female","Early","849","25","56"
"Male","Early","575","19","33"
"Unknown","Early","8","0","0"
"Female","Echols","152","0","3"
"Male","Echols","230","4","10"
"Unknown","Echols","3","0","0"
"Female","Effingham","3167","41","181"
"Male","Effingham","2752","47","182"
"Unknown","Effingham","43","1","5"
"Female","Elbert","1028","33","89"
"Male","Elbert","714","28","52"
"Unknown","Elbert","7","0","2"
"Female","Emanuel","1350","34","82"
"Male","Emanuel","1017","22","55"
"Unknown","Emanuel","16","0","0"
"Female","Evans","580","8","61"
"Male","Evans","458","15","38"
"Unknown","Evans","2","0","0"
"Female","Fannin","1461","33","101"
"Male","Fannin","1237","40","109"
"Unknown","Fannin","10","0","0"
"Female","Fayette","4406","77","187"
"Male","Fayette","3987","94","217"
"Unknown","Fayette","40","0","0"
"Female","Floyd","6833","84","471"
"Male","Floyd","5866","124","514"
"Unknown","Floyd","93","0","2"
"Female","Forsyth","11250","90","489"
"Male","Forsyth","10693","121","616"
"Unknown","Forsyth","568","0","2"
"Female","Franklin","1587","19","105"
"Male","Franklin","1246","32","91"
"Unknown","Franklin","19","0","0"
"Female","Fulton","52549","676","3170"
"Male","Fulton","46083","740","2932"
"Unknown","Fulton","479","0","5"
"Female","Gilmer","1662","36","132"
"Male","Gilmer","1372","44","127"
"Unknown","Gilmer","37","0","0"
"Female","Glascock","78","3","10"
"Male","Glascock","79","4","15"
"Unknown","Glascock","10","0","0"
"Female","Glynn","5878","111","290"
"Male","Glynn","5152","112","269"
"Unknown","Glynn","82","0","2"
"Female","Gordon","4046","53","183"
"Male","Gordon","3523","72","188"
"Unknown","Gordon","93","0","1"
"Female","Grady","1178","26","106"
"Male","Grady","878","34","102"
"Unknown","Grady","19","0","0"
"Female","Greene","1042","26","73"
"Male","Greene","907","31","82"
"Unknown","Greene","3","0","0"
"Female","Gwinnett","52078","552","2899"
"Male","Gwinnett","45639","630","2740"
"Unknown","Gwinnett","322","0","2"
"Female","Habersham","2995","80","256"
"Male","Habersham","2480","80","283"
"Unknown","Habersham","43","0","1"
"Female","Hall","15548","232","1353"
"Male","Hall","13624","262","1460"
"Unknown","Hall","264","1","2"
"Female","Hancock","469","26","57"
"Male","Hancock","467","41","57"
"Unknown","Hancock","5","0","0"
"Female","Haralson","1061","19","48"
"Male","Haralson","957","18","35"
"Unknown","Haralson","14","0","0"
"Female","Harris","1445","33","98"
"Male","Harris","1280","33","100"
"Unknown","Harris","40","0","0"
"Female","Hart","1151","19","76"
"Male","Hart","880","22","67"
"Unknown","Hart","8","0","0"
"Female","Heard","467","12","20"
"Male","Heard","438","7","34"
"Unknown","Heard","3","0","0"
"Female","Henry","13890","153","466"
"Male","Henry","11229","188","368"
"Unknown","Henry","73","0","0"
"Female","Houston","7586","98","495"
"Male","Houston","6279","115","478"
"Unknown","Houston","74","0","2"
"Female","Irwin","415","11","46"
"Male","Irwin","443","8","41"
"Unknown","Irwin","3","0","0"
"Female","Jackson","5757","70","316"
"Male","Jackson","4977","82","337"
"Unknown","Jackson","55","0","2"
"Female","Jasper","459","9","38"
"Male","Jasper","391","14","37"
"Unknown","Jasper","5","0","0"
"Female","Jeff Davis","884","16","50"
"Male","Jeff Davis","761","22","59"
"Unknown","Jeff Davis","3","0","0"
"Female","Jefferson","988","28","96"
"Male","Jefferson","741","33","80"
"Unknown","Jefferson","10","0","1"
"Female","Jenkins","504","17","41"
"Male","Jenkins","347","22","48"
"Unknown","Jenkins","2","1","1"
"Female","Johnson","459","17","52"
"Male","Johnson","481","26","51"
"Unknown","Johnson","5","0","1"
"Female","Jones","1222","26","101"
"Male","Jones","941","33","94"
"Unknown","Jones","7","0","1"
"Female","Lamar","1101","24","70"
"Male","Lamar","889","33","78"
"Unknown","Lamar","5","0","0"
"Female","Lanier","317","3","12"
"Male","Lanier","359","7","19"
"Unknown","Lanier","4","0","0"
"Female","Laurens","2797","61","182"
"Male","Laurens","2129","101","201"
"Unknown","Laurens","25","0","2"
"Female","Lee","1253","35","129"
"Male","Lee","1005","28","119"
"Unknown","Lee","4","0","0"
"Female","Liberty","2875","30","141"
"Male","Liberty","2613","40","132"
"Unknown","Liberty","57","0","2"
"Female","Lincoln","340","14","32"
"Male","Lincoln","281","11","30"
"Unknown","Lincoln","12","0","0"
"Female","Long","628","5","32"
"Male","Long","487","7","23"
"Unknown","Long","10","0","1"
"Female","Lowndes","5509","95","250"
"Male","Lowndes","4419","72","185"
"Unknown","Lowndes","36","0","0"
"Female","Lumpkin","2003","40","198"
"Male","Lumpkin","1709","34","167"
"Unknown","Lumpkin","17","0","1"
"Female","Macon","399","12","40"
"Male","Macon","368","21","56"
"Unknown","Macon","1","0","0"
"Female","Madison","1857","21","95"
"Male","Madison","1603","29","91"
"Unknown","Madison","10","0","0"
"Female","Marion","349","15","22"
"Male","Marion","223","10","24"
"Unknown","Marion","1","0","0"
"Female","McDuffie","1077","27","104"
"Male","McDuffie","823","22","82"
"Unknown","McDuffie","80","0","1"
"Female","McIntosh","664","10","32"
"Male","McIntosh","589","8","38"
"Unknown","McIntosh","5","0","0"
"Female","Meriwether","1098","41","106"
"Male","Meriwether","818","41","80"
"Unknown","Meriwether","8","0","0"
"Female","Miller","501","3","23"
"Male","Miller","392","6","22"
"Unknown","Miller","1","0","0"
"Female","Mitchell","1048","36","130"
"Male","Mitchell","885","45","125"
"Unknown","Mitchell","7","0","0"
"Female","Monroe","1297","46","113"
"Male","Monroe","1105","50","111"
"Unknown","Monroe","25","0","1"
"Female","Montgomery","552","12","29"
"Male","Montgomery","437","11","20"
"Unknown","Montgomery","6","0","1"
"Female","Morgan","865","8","44"
"Male","Morgan","713","16","59"
"Unknown","Morgan","9","0","1"
"Female","Murray","2763","35","136"
"Male","Murray","2375","56","161"
"Unknown","Murray","25","0","2"
"Female","Muscogee","10188","250","774"
"Male","Muscogee","7771","206","654"
"Unknown","Muscogee","196","0","1"
"Female","Newton","5355","122","445"
"Male","Newton","4116","131","390"
"Unknown","Newton","36","0","1"
"Female","Non-GA Resident/Unknown State","12702","228","674"
"Male","Non-GA Resident/Unknown State","14132","306","890"
"Unknown","Non-GA Resident/Unknown State","2495","0","45"
"Female","Oconee","1960","28","79"
"Male","Oconee","1748","40","72"
"Unknown","Oconee","13","0","0"
"Female","Oglethorpe","806","11","48"
"Male","Oglethorpe","628","21","45"
"Unknown","Oglethorpe","4","0","0"
"Female","Paulding","7430","89","259"
"Male","Paulding","6109","100","232"
"Unknown","Paulding","94","0","6"
"Female","Peach","1340","30","143"
"Male","Peach","1044","35","117"
"Unknown","Peach","9","0","1"
"Female","Pickens","1670","28","134"
"Male","Pickens","1371","37","130"
"Unknown","Pickens","9","0","0"
"Female","Pierce","1054","27","86"
"Male","Pierce","822","32","94"
"Unknown","Pierce","7","0","0"
"Female","Pike","828","12","60"
"Male","Pike","729","23","38"
"Unknown","Pike","8","0","1"
"Female","Polk","2711","44","225"
"Male","Polk","2406","49","207"
"Unknown","Polk","31","0","1"
"Female","Pulaski","493","22","33"
"Male","Pulaski","277","12","24"
"Female","Putnam","1262","23","91"
"Male","Putnam","1061","42","100"
"Unknown","Putnam","6","0","0"
"Female","Quitman","70","1","6"
"Male","Quitman","36","1","7"
"Female","Rabun","930","19","91"
"Male","Rabun","845","26","84"
"Unknown","Rabun","9","0","1"
"Female","Randolph","317","22","57"
"Male","Randolph","223","13","35"
"Female","Richmond","12879","191","769"
"Male","Richmond","10555","267","754"
"Unknown","Richmond","142","0","13"
"Female","Rockdale","4313","84","601"
"Male","Rockdale","3300","88","482"
"Unknown","Rockdale","41","0","0"
"Female","Schley","147","1","11"
"Male","Schley","130","4","15"
"Female","Screven","666","14","45"
"Male","Screven","511","9","36"
"Unknown","Screven","6","0","1"
"Female","Seminole","585","9","48"
"Male","Seminole","510","10","38"
"Unknown","Seminole","6","0","0"
"Female","Spalding","3095","93","312"
"Male","Spalding","2506","90","239"
"Unknown","Spalding","24","0","0"
"Female","Stephens","2004","43","152"
"Male","Stephens","1587","37","133"
"Unknown","Stephens","18","0","1"
"Female","Stewart","288","9","31"
"Male","Stewart","765","17","104"
"Unknown","Stewart","32","0","0"
"Female","Sumter","1350","44","154"
"Male","Sumter","1052","57","146"
"Unknown","Sumter","6","0","0"
"Female","Talbot","278","7","22"
"Male","Talbot","220","14","29"
"Unknown","Talbot","3","0","0"
"Female","Taliaferro","66","0","1"
"Male","Taliaferro","55","3","9"
"Unknown","Taliaferro","1","0","0"
"Female","Tattnall","1296","30","63"
"Male","Tattnall","1209","29","76"
"Unknown","Tattnall","2","0","0"
"Female","Taylor","368","12","41"
"Male","Taylor","289","11","40"
"Unknown","Taylor","5","0","0"
"Female","Telfair","432","21","34"
"Male","Telfair","429","27","46"
"Unknown","Telfair","20","0","0"
"Female","Terrell","409","26","67"
"Male","Terrell","281","24","63"
"Unknown","Terrell","5","0","0"
"Female","Thomas","2933","76","227"
"Male","Thomas","2210","57","200"
"Unknown","Thomas","20","0","0"
"Female","Tift","2534","49","266"
"Male","Tift","1989","60","195"
"Unknown","Tift","33","0","0"
"Female","Toombs","2241","65","113"
"Male","Toombs","1762","55","118"
"Unknown","Toombs","5","0","0"
"Female","Towns","778","26","90"
"Male","Towns","592","27","80"
"Unknown","Towns","18","0","0"
"Female","Treutlen","435","18","29"
"Male","Treutlen","360","15","29"
"Unknown","Treutlen","8","0","0"
"Female","Troup","4308","115","323"
"Male","Troup","3319","102","277"
"Unknown","Troup","56","0","1"
"Female","Turner","420","15","50"
"Male","Turner","309","23","48"
"Unknown","Turner","1","0","0"
"Female","Twiggs","352","14","51"
"Male","Twiggs","314","27","69"
"Unknown","Twiggs","2","0","0"
"Female","Union","1508","43","125"
"Male","Union","1172","40","158"
"Unknown","Union","12","0","1"
"Female","Unknown","1033","3","25"
"Male","Unknown","1293","4","35"
"Unknown","Unknown","553","0","9"
"Female","Upson","1359","59","122"
"Male","Upson","1023","54","100"
"Unknown","Upson","9","0","0"
"Female","Walker","4342","47","152"
"Male","Walker","3723","38","162"
"Unknown","Walker","71","0","2"
"Female","Walton","5289","121","325"
"Male","Walton","4261","129","297"
"Unknown","Walton","67","0","0"
"Female","Ware","2244","91","216"
"Male","Ware","1774","80","223"
"Unknown","Ware","25","0","1"
"Female","Warren","248","8","35"
"Male","Warren","193","9","20"
"Unknown","Warren","9","0","0"
"Female","Washington","1096","33","66"
"Male","Washington","939","33","58"
"Unknown","Washington","5","0","0"
"Female","Wayne","2021","44","147"
"Male","Wayne","1905","50","178"
"Unknown","Wayne","7","0","1"
"Female","Webster","80","2","10"
"Male","Webster","53","2","7"
"Unknown","Webster","2","0","0"
"Female","Wheeler","217","1","6"
"Male","Wheeler","342","22","35"
"Unknown","Wheeler","14","0","0"
"Female","White","2087","38","171"
"Male","White","1784","42","182"
"Unknown","White","14","0","1"
"Female","Whitfield","9131","113","419"
"Male","Whitfield","8096","136","420"
"Unknown","Whitfield","58","0","3"
"Female","Wilcox","267","13","29"
"Male","Wilcox","312","19","49"
"Unknown","Wilcox","3","0","0"
"Female","Wilkes","407","9","40"
"Male","Wilkes","355","14","44"
"Unknown","Wilkes","4","0","0"
"Female","Wilkinson","543","15","62"
"Male","Wilkinson","448","12","68"
"Unknown","Wilkinson","7","0","0"
"Female","Worth","909","34","121"
"Male","Worth","667","33","89"
"Unknown","Worth","8","0","0"
