"sex","county name","cases","deaths","hospitalization"
"Female","Georgia","361899","5199","23667"
"Male","Georgia","307945","5820","22749"
"Unknown","Georgia","10534","13","203"
"Female","Appling","875","16","66"
"Male","Appling","727","28","70"
"Unknown","Appling","11","0","0"
"Female","Atkinson","384","5","49"
"Male","Atkinson","328","6","49"
"Unknown","Atkinson","1","0","0"
"Female","Bacon","489","10","29"
"Male","Bacon","437","12","36"
"Unknown","Bacon","8","0","1"
"Female","Baker","74","2","11"
"Male","Baker","68","4","17"
"Female","Baldwin","1785","17","103"
"Male","Baldwin","1437","59","136"
"Unknown","Baldwin","21","0","1"
"Female","Banks","735","12","87"
"Male","Banks","601","10","68"
"Unknown","Banks","13","0","0"
"Female","Barrow","3422","44","235"
"Male","Barrow","2819","33","207"
"Unknown","Barrow","35","0","1"
"Female","Bartow","4198","60","257"
"Male","Bartow","3684","76","279"
"Unknown","Bartow","91","0","1"
"Female","Ben Hill","797","18","73"
"Male","Ben Hill","550","25","60"
"Unknown","Ben Hill","3","0","0"
"Female","Berrien","502","12","31"
"Male","Berrien","396","11","22"
"Unknown","Berrien","7","0","0"
"Female","Bibb","6159","136","684"
"Male","Bibb","4545","121","595"
"Unknown","Bibb","140","0","2"
"Female","Bleckley","409","18","22"
"Male","Bleckley","290","14","21"
"Unknown","Bleckley","6","0","0"
"Female","Brantley","395","10","32"
"Male","Brantley","328","11","24"
"Unknown","Brantley","4","0","0"
"Female","Brooks","468","7","41"
"Male","Brooks","346","22","33"
"Unknown","Brooks","18","0","0"
"Female","Bryan","1068","9","59"
"Male","Bryan","906","10","76"
"Unknown","Bryan","21","0","0"
"Female","Bulloch","2360","25","98"
"Male","Bulloch","1809","16","75"
"Unknown","Bulloch","56","0","0"
"Female","Burke","765","11","62"
"Male","Burke","616","8","61"
"Unknown","Burke","8","0","1"
"Female","Butts","780","24","35"
"Male","Butts","758","26","53"
"Unknown","Butts","69","1","3"
"Female","Calhoun","205","8","30"
"Male","Calhoun","190","4","32"
"Unknown","Calhoun","2","0","0"
"Female","Camden","1331","9","58"
"Male","Camden","1219","12","46"
"Unknown","Camden","13","0","0"
"Female","Candler","366","11","27"
"Male","Candler","307","17","25"
"Unknown","Candler","2","0","0"
"Female","Carroll","3118","49","129"
"Male","Carroll","2773","53","136"
"Unknown","Carroll","34","0","1"
"Female","Catoosa","2213","25","96"
"Male","Catoosa","1743","19","74"
"Unknown","Catoosa","71","0","0"
"Female","Charlton","383","6","26"
"Male","Charlton","539","8","22"
"Unknown","Charlton","7","0","0"
"Female","Chatham","8120","122","602"
"Male","Chatham","6537","141","570"
"Unknown","Chatham","159","0","3"
"Female","Chattahoochee","192","1","7"
"Male","Chattahoochee","1998","0","13"
"Unknown","Chattahoochee","7","0","0"
"Female","Chattooga","981","21","52"
"Male","Chattooga","829","25","75"
"Unknown","Chattooga","10","0","0"
"Female","Cherokee","8451","73","442"
"Male","Cherokee","7415","87","487"
"Unknown","Cherokee","176","0","3"
"Female","Clarke","5660","31","177"
"Male","Clarke","4413","45","176"
"Unknown","Clarke","49","0","2"
"Female","Clay","93","1","3"
"Male","Clay","65","2","6"
"Unknown","Clay","4","0","0"
"Female","Clayton","9002","123","552"
"Male","Clayton","6859","124","462"
"Unknown","Clayton","124","0","1"
"Female","Clinch","314","2","24"
"Male","Clinch","297","14","30"
"Unknown","Clinch","5","0","0"
"Female","Cobb","24225","293","1241"
"Male","Cobb","21040","320","1241"
"Unknown","Cobb","346","0","6"
"Female","Coffee","2055","47","313"
"Male","Coffee","1733","45","242"
"Unknown","Coffee","25","0","0"
"Female","Colquitt","1427","18","100"
"Male","Colquitt","1328","28","88"
"Unknown","Colquitt","25","0","0"
"Female","Columbia","4631","46","152"
"Male","Columbia","4028","54","177"
"Unknown","Columbia","33","1","3"
"Female","Cook","598","9","48"
"Male","Cook","434","16","41"
"Unknown","Cook","29","3","2"
"Female","Coweta","3343","39","110"
"Male","Coweta","3049","52","122"
"Unknown","Coweta","26","1","0"
"Female","Crawford","231","7","34"
"Male","Crawford","188","2","13"
"Unknown","Crawford","5","0","1"
"Female","Crisp","627","10","75"
"Male","Crisp","482","21","54"
"Unknown","Crisp","15","0","0"
"Female","Dade","454","6","22"
"Male","Dade","405","2","20"
"Unknown","Dade","15","0","0"
"Female","Dawson","1117","7","88"
"Male","Dawson","952","13","97"
"Unknown","Dawson","35","0","0"
"Female","DeKalb","22932","248","1790"
"Male","DeKalb","19096","287","1625"
"Unknown","DeKalb","575","0","13"
"Female","Decatur","1028","24","67"
"Male","Decatur","773","22","55"
"Unknown","Decatur","15","0","0"
"Female","Dodge","527","25","47"
"Male","Dodge","431","22","47"
"Unknown","Dodge","27","0","0"
"Female","Dooly","344","11","35"
"Male","Dooly","283","13","36"
"Unknown","Dooly","5","0","0"
"Female","Dougherty","2741","123","475"
"Male","Dougherty","1849","102","342"
"Unknown","Dougherty","27","0","0"
"Female","Douglas","4686","50","330"
"Male","Douglas","3821","60","279"
"Unknown","Douglas","43","0","1"
"Female","Early","497","23","40"
"Male","Early","302","17","23"
"Unknown","Early","6","0","0"
"Female","Echols","125","0","2"
"Male","Echols","205","2","8"
"Unknown","Echols","5","0","0"
"Female","Effingham","1470","17","90"
"Male","Effingham","1311","20","93"
"Unknown","Effingham","23","0","0"
"Female","Elbert","772","12","65"
"Male","Elbert","522","15","34"
"Unknown","Elbert","7","0","1"
"Female","Emanuel","921","28","65"
"Male","Emanuel","652","19","46"
"Unknown","Emanuel","8","0","0"
"Female","Evans","353","4","44"
"Male","Evans","267","5","17"
"Unknown","Evans","19","0","0"
"Female","Fannin","839","19","59"
"Male","Fannin","724","20","71"
"Unknown","Fannin","35","0","0"
"Female","Fayette","2417","36","87"
"Male","Fayette","2148","48","100"
"Unknown","Fayette","31","0","0"
"Female","Floyd","4219","49","296"
"Male","Floyd","3531","72","318"
"Unknown","Floyd","66","0","5"
"Female","Forsyth","6077","34","298"
"Male","Forsyth","5674","57","421"
"Unknown","Forsyth","569","0","3"
"Female","Franklin","1103","8","66"
"Male","Franklin","829","17","52"
"Unknown","Franklin","15","0","0"
"Female","Fulton","32324","374","1788"
"Male","Fulton","28870","439","1789"
"Unknown","Fulton","586","1","7"
"Female","Gilmer","1039","16","80"
"Male","Gilmer","820","20","72"
"Unknown","Gilmer","79","0","2"
"Female","Glascock","49","2","5"
"Male","Glascock","56","2","7"
"Unknown","Glascock","7","0","0"
"Female","Glynn","2824","58","207"
"Male","Glynn","2466","69","188"
"Unknown","Glynn","41","0","2"
"Female","Gordon","2478","31","109"
"Male","Gordon","2158","40","118"
"Unknown","Gordon","74","0","1"
"Female","Grady","745","13","67"
"Male","Grady","553","22","67"
"Unknown","Grady","18","0","0"
"Female","Greene","654","15","48"
"Male","Greene","516","12","44"
"Unknown","Greene","3","0","0"
"Female","Gwinnett","33760","285","2199"
"Male","Gwinnett","29495","328","2033"
"Unknown","Gwinnett","950","1","11"
"Female","Habersham","2220","62","191"
"Male","Habersham","1835","42","206"
"Unknown","Habersham","48","0","0"
"Female","Hall","10826","125","920"
"Male","Hall","9418","137","987"
"Unknown","Hall","330","0","2"
"Female","Hancock","345","20","43"
"Male","Hancock","367","29","42"
"Unknown","Hancock","6","0","0"
"Female","Haralson","712","9","32"
"Male","Haralson","653","16","23"
"Unknown","Haralson","22","0","0"
"Female","Harris","849","17","56"
"Male","Harris","718","17","60"
"Unknown","Harris","54","0","0"
"Female","Hart","795","12","54"
"Male","Hart","590","12","51"
"Unknown","Hart","30","0","0"
"Female","Heard","266","9","13"
"Male","Heard","223","3","18"
"Female","Henry","7672","72","226"
"Male","Henry","5983","92","178"
"Unknown","Henry","67","0","0"
"Female","Houston","4258","52","280"
"Male","Houston","3462","76","262"
"Unknown","Houston","73","0","2"
"Female","Irwin","325","7","33"
"Male","Irwin","286","6","31"
"Unknown","Irwin","3","0","0"
"Female","Jackson","3503","37","161"
"Male","Jackson","2949","41","201"
"Unknown","Jackson","34","0","0"
"Female","Jasper","275","2","15"
"Male","Jasper","235","6","23"
"Unknown","Jasper","3","0","0"
"Female","Jeff Davis","568","13","35"
"Male","Jeff Davis","511","19","52"
"Unknown","Jeff Davis","4","0","0"
"Female","Jefferson","783","22","70"
"Male","Jefferson","536","20","51"
"Unknown","Jefferson","12","0","2"
"Female","Jenkins","375","15","35"
"Male","Jenkins","242","19","41"
"Female","Johnson","346","14","40"
"Male","Johnson","320","17","41"
"Female","Jones","736","10","48"
"Male","Jones","513","13","36"
"Unknown","Jones","4","0","0"
"Female","Lamar","568","14","33"
"Male","Lamar","456","17","35"
"Unknown","Lamar","6","0","0"
"Female","Lanier","187","2","5"
"Male","Lanier","244","5","17"
"Unknown","Lanier","5","0","0"
"Female","Laurens","1807","48","136"
"Male","Laurens","1318","69","145"
"Unknown","Laurens","31","1","1"
"Female","Lee","722","20","68"
"Male","Lee","587","16","69"
"Unknown","Lee","4","0","0"
"Female","Liberty","1134","12","81"
"Male","Liberty","901","21","83"
"Unknown","Liberty","25","0","0"
"Female","Lincoln","217","7","23"
"Male","Lincoln","168","7","19"
"Unknown","Lincoln","5","0","0"
"Female","Long","276","1","18"
"Male","Long","232","6","16"
"Unknown","Long","2","0","0"
"Female","Lowndes","3630","56","156"
"Male","Lowndes","2897","49","126"
"Unknown","Lowndes","66","0","2"
"Female","Lumpkin","1250","18","117"
"Male","Lumpkin","1042","13","101"
"Unknown","Lumpkin","15","0","0"
"Female","Macon","248","4","26"
"Male","Macon","214","11","34"
"Unknown","Macon","1","0","1"
"Female","Madison","1141","8","49"
"Male","Madison","936","14","58"
"Unknown","Madison","9","0","0"
"Female","Marion","186","6","13"
"Male","Marion","119","4","14"
"Unknown","Marion","3","0","0"
"Female","McDuffie","679","15","67"
"Male","McDuffie","510","10","51"
"Unknown","McDuffie","56","0","0"
"Female","McIntosh","273","7","23"
"Male","McIntosh","222","1","24"
"Unknown","McIntosh","7","0","0"
"Female","Meriwether","654","14","58"
"Male","Meriwether","431","8","45"
"Unknown","Meriwether","6","0","0"
"Female","Miller","299","1","14"
"Male","Miller","219","2","12"
"Unknown","Miller","5","0","0"
"Female","Mitchell","696","26","96"
"Male","Mitchell","603","34","99"
"Unknown","Mitchell","3","0","0"
"Female","Monroe","784","34","68"
"Male","Monroe","668","32","66"
"Unknown","Monroe","19","0","0"
"Female","Montgomery","346","7","19"
"Male","Montgomery","280","6","16"
"Unknown","Montgomery","3","0","0"
"Female","Morgan","518","2","26"
"Male","Morgan","414","6","33"
"Unknown","Morgan","9","0","1"
"Female","Murray","1695","19","80"
"Male","Murray","1445","24","91"
"Unknown","Murray","60","0","9"
"Female","Muscogee","5914","117","443"
"Male","Muscogee","4480","102","385"
"Unknown","Muscogee","254","0","0"
"Female","Newton","3179","68","243"
"Male","Newton","2369","67","206"
"Unknown","Newton","79","0","1"
"Female","Non-GA Resident/Unknown State","10254","134","431"
"Male","Non-GA Resident/Unknown State","11633","160","544"
"Unknown","Non-GA Resident/Unknown State","2322","1","40"
"Female","Oconee","1220","19","54"
"Male","Oconee","1038","23","46"
"Unknown","Oconee","7","0","0"
"Female","Oglethorpe","543","3","29"
"Male","Oglethorpe","391","12","30"
"Unknown","Oglethorpe","3","0","0"
"Female","Paulding","4118","59","139"
"Male","Paulding","3415","65","110"
"Unknown","Paulding","104","0","7"
"Female","Peach","814","19","93"
"Male","Peach","611","13","62"
"Unknown","Peach","8","0","1"
"Female","Pickens","1040","7","67"
"Male","Pickens","821","14","64"
"Unknown","Pickens","34","0","0"
"Female","Pierce","571","16","55"
"Male","Pierce","451","14","55"
"Unknown","Pierce","6","0","0"
"Female","Pike","421","6","38"
"Male","Pike","356","10","19"
"Unknown","Pike","11","0","1"
"Female","Polk","1685","26","133"
"Male","Polk","1437","26","130"
"Unknown","Polk","31","0","2"
"Female","Pulaski","329","14","24"
"Male","Pulaski","170","11","20"
"Unknown","Pulaski","2","0","0"
"Female","Putnam","728","14","49"
"Male","Putnam","650","20","56"
"Unknown","Putnam","7","0","0"
"Female","Quitman","38","0","4"
"Male","Quitman","22","1","3"
"Female","Rabun","656","12","71"
"Male","Rabun","583","14","57"
"Unknown","Rabun","9","0","1"
"Female","Randolph","229","20","39"
"Male","Randolph","157","10","27"
"Female","Richmond","8353","93","474"
"Male","Richmond","6799","155","506"
"Unknown","Richmond","113","1","15"
"Female","Rockdale","2500","41","310"
"Male","Rockdale","1930","41","251"
"Unknown","Rockdale","60","0","3"
"Female","Schley","93","0","9"
"Male","Schley","81","2","9"
"Female","Screven","359","8","32"
"Male","Screven","270","3","22"
"Unknown","Screven","4","0","0"
"Female","Seminole","369","7","34"
"Male","Seminole","270","5","21"
"Unknown","Seminole","2","0","0"
"Female","Spalding","1716","59","205"
"Male","Spalding","1283","39","117"
"Unknown","Spalding","17","0","5"
"Female","Stephens","1376","36","108"
"Male","Stephens","1079","24","104"
"Unknown","Stephens","18","0","0"
"Female","Stewart","146","7","19"
"Male","Stewart","482","10","96"
"Unknown","Stewart","2","0","0"
"Female","Sumter","903","29","120"
"Male","Sumter","652","45","112"
"Unknown","Sumter","3","0","1"
"Female","Talbot","180","4","18"
"Male","Talbot","114","7","14"
"Unknown","Talbot","8","0","0"
"Female","Taliaferro","47","0","1"
"Male","Taliaferro","33","0","4"
"Unknown","Taliaferro","1","0","0"
"Female","Tattnall","753","14","46"
"Male","Tattnall","742","11","48"
"Unknown","Tattnall","14","0","0"
"Female","Taylor","232","10","30"
"Male","Taylor","176","6","23"
"Unknown","Taylor","4","0","1"
"Female","Telfair","317","16","27"
"Male","Telfair","298","17","34"
"Unknown","Telfair","20","0","0"
"Female","Terrell","287","16","49"
"Male","Terrell","186","18","46"
"Unknown","Terrell","12","1","1"
"Female","Thomas","1673","47","136"
"Male","Thomas","1231","40","121"
"Unknown","Thomas","9","0","0"
"Female","Tift","1740","33","220"
"Male","Tift","1356","44","138"
"Unknown","Tift","55","0","3"
"Female","Toombs","1403","39","72"
"Male","Toombs","1077","28","77"
"Unknown","Toombs","13","0","0"
"Female","Towns","476","15","55"
"Male","Towns","363","11","46"
"Unknown","Towns","4","0","0"
"Female","Treutlen","299","6","21"
"Male","Treutlen","208","8","22"
"Unknown","Treutlen","6","0","0"
"Female","Troup","2644","77","222"
"Male","Troup","2004","56","191"
"Unknown","Troup","72","0","1"
"Female","Turner","313","9","36"
"Male","Turner","212","16","36"
"Unknown","Turner","4","0","0"
"Female","Twiggs","235","6","33"
"Male","Twiggs","197","14","42"
"Unknown","Twiggs","3","0","0"
"Female","Union","944","27","72"
"Male","Union","686","20","86"
"Unknown","Union","12","0","1"
"Female","Unknown","1245","5","19"
"Male","Unknown","1445","9","30"
"Unknown","Unknown","804","0","10"
"Female","Upson","828","44","74"
"Male","Upson","623","32","58"
"Unknown","Upson","11","0","0"
"Female","Walker","2470","29","87"
"Male","Walker","2126","29","105"
"Unknown","Walker","55","0","0"
"Female","Walton","3396","49","173"
"Male","Walton","2566","54","183"
"Unknown","Walton","78","0","1"
"Female","Ware","1392","39","128"
"Male","Ware","1121","48","137"
"Unknown","Ware","28","0","2"
"Female","Warren","159","3","24"
"Male","Warren","119","4","13"
"Unknown","Warren","9","0","0"
"Female","Washington","750","12","47"
"Male","Washington","604","17","44"
"Unknown","Washington","6","0","0"
"Female","Wayne","1061","24","96"
"Male","Wayne","1072","24","95"
"Unknown","Wayne","9","0","0"
"Female","Webster","45","1","6"
"Male","Webster","30","1","5"
"Unknown","Webster","2","0","0"
"Female","Wheeler","136","0","3"
"Male","Wheeler","269","19","27"
"Unknown","Wheeler","17","0","0"
"Female","White","1338","21","103"
"Male","White","1130","25","125"
"Unknown","White","14","0","0"
"Female","Whitfield","6651","69","302"
"Male","Whitfield","5790","81","296"
"Unknown","Whitfield","166","1","8"
"Female","Wilcox","183","10","23"
"Male","Wilcox","228","15","42"
"Unknown","Wilcox","2","0","0"
"Female","Wilkes","290","3","25"
"Male","Wilkes","245","5","30"
"Unknown","Wilkes","2","0","0"
"Female","Wilkinson","347","10","48"
"Male","Wilkinson","275","10","51"
"Unknown","Wilkinson","1","0","0"
"Female","Worth","621","23","79"
"Male","Worth","422","19","55"
"Unknown","Worth","4","0","0"
