"age group","county name","cases","deaths","confirmed_case_hospitalization"
"01-04 years","Georgia","51253","7","808"
"05-09 years","Georgia","82701","5","548"
"10-17 years","Georgia","197163","21","1798"
"18-29 years","Georgia","456531","278","9049"
"30-39 years","Georgia","363587","724","10910"
"40-49 years","Georgia","327193","1572","14187"
"50-59 years","Georgia","295842","3812","20693"
"60-69 years","Georgia","198991","6878","23771"
"70-79 years","Georgia","111792","8933","22083"
"80 & Older years","Georgia","58004","10376","16531"
"<1 years","Georgia","18516","5","846"
"Unknown years","Georgia","2976","0","394"
"01-04 years","Appling","83","0","0"
"05-09 years","Appling","127","0","0"
"10-17 years","Appling","426","1","3"
"18-29 years","Appling","662","1","9"
"30-39 years","Appling","513","4","10"
"40-49 years","Appling","500","10","32"
"50-59 years","Appling","498","12","50"
"60-69 years","Appling","417","24","75"
"70-79 years","Appling","287","28","61"
"80 & Older years","Appling","145","35","45"
"<1 years","Appling","22","0","0"
"Unknown years","Appling","1","0","0"
"01-04 years","Atkinson","43","1","3"
"05-09 years","Atkinson","74","0","1"
"10-17 years","Atkinson","193","0","2"
"18-29 years","Atkinson","326","0","16"
"30-39 years","Atkinson","242","0","18"
"40-49 years","Atkinson","245","4","39"
"50-59 years","Atkinson","223","5","42"
"60-69 years","Atkinson","154","9","51"
"70-79 years","Atkinson","84","10","37"
"80 & Older years","Atkinson","42","13","28"
"<1 years","Atkinson","18","0","1"
"01-04 years","Bacon","59","0","1"
"05-09 years","Bacon","83","0","1"
"10-17 years","Bacon","241","0","1"
"18-29 years","Bacon","673","0","15"
"30-39 years","Bacon","405","1","13"
"40-49 years","Bacon","402","5","28"
"50-59 years","Bacon","317","5","32"
"60-69 years","Bacon","265","21","59"
"70-79 years","Bacon","178","19","52"
"80 & Older years","Bacon","92","16","33"
"<1 years","Bacon","20","0","0"
"Unknown years","Bacon","1","0","0"
"01-04 years","Baker","12","0","0"
"05-09 years","Baker","21","0","0"
"10-17 years","Baker","23","0","1"
"18-29 years","Baker","61","0","0"
"30-39 years","Baker","41","0","5"
"40-49 years","Baker","38","3","3"
"50-59 years","Baker","42","0","5"
"60-69 years","Baker","45","3","17"
"70-79 years","Baker","26","3","11"
"80 & Older years","Baker","18","5","6"
"<1 years","Baker","3","0","0"
"Unknown years","Baker","1","0","0"
"01-04 years","Baldwin","141","0","2"
"05-09 years","Baldwin","272","0","0"
"10-17 years","Baldwin","589","1","5"
"18-29 years","Baldwin","2157","0","23"
"30-39 years","Baldwin","1120","2","21"
"40-49 years","Baldwin","1043","7","49"
"50-59 years","Baldwin","1010","25","84"
"60-69 years","Baldwin","790","44","106"
"70-79 years","Baldwin","482","53","83"
"80 & Older years","Baldwin","266","72","82"
"<1 years","Baldwin","47","0","4"
"Unknown years","Baldwin","2","0","0"
"01-04 years","Banks","63","0","3"
"05-09 years","Banks","102","0","1"
"10-17 years","Banks","265","0","5"
"18-29 years","Banks","709","1","24"
"30-39 years","Banks","536","0","23"
"40-49 years","Banks","518","8","33"
"50-59 years","Banks","545","10","50"
"60-69 years","Banks","433","18","81"
"70-79 years","Banks","316","30","91"
"80 & Older years","Banks","140","22","46"
"<1 years","Banks","32","0","2"
"Unknown years","Banks","6","0","1"
"01-04 years","Barrow","456","0","5"
"05-09 years","Barrow","769","0","4"
"10-17 years","Barrow","2045","1","20"
"18-29 years","Barrow","4121","2","76"
"30-39 years","Barrow","3682","3","99"
"40-49 years","Barrow","3452","13","125"
"50-59 years","Barrow","2971","25","191"
"60-69 years","Barrow","1944","60","214"
"70-79 years","Barrow","1125","68","163"
"80 & Older years","Barrow","493","79","149"
"<1 years","Barrow","206","0","11"
"Unknown years","Barrow","7","0","2"
"01-04 years","Bartow","535","0","19"
"05-09 years","Bartow","754","0","6"
"10-17 years","Bartow","2111","0","23"
"18-29 years","Bartow","4482","0","53"
"30-39 years","Bartow","3686","6","86"
"40-49 years","Bartow","3460","12","143"
"50-59 years","Bartow","3627","38","253"
"60-69 years","Bartow","2335","99","268"
"70-79 years","Bartow","1446","127","291"
"80 & Older years","Bartow","703","115","190"
"<1 years","Bartow","244","0","10"
"Unknown years","Bartow","31","0","2"
"01-04 years","Ben Hill","46","0","1"
"05-09 years","Ben Hill","41","0","0"
"10-17 years","Ben Hill","183","0","0"
"18-29 years","Ben Hill","439","0","5"
"30-39 years","Ben Hill","357","3","12"
"40-49 years","Ben Hill","307","2","18"
"50-59 years","Ben Hill","319","8","36"
"60-69 years","Ben Hill","269","17","39"
"70-79 years","Ben Hill","176","25","59"
"80 & Older years","Ben Hill","81","20","22"
"<1 years","Ben Hill","20","0","2"
"01-04 years","Berrien","65","0","1"
"05-09 years","Berrien","74","0","0"
"10-17 years","Berrien","197","0","1"
"18-29 years","Berrien","404","0","0"
"30-39 years","Berrien","335","0","5"
"40-49 years","Berrien","264","1","8"
"50-59 years","Berrien","303","6","26"
"60-69 years","Berrien","230","12","31"
"70-79 years","Berrien","158","24","26"
"80 & Older years","Berrien","83","17","17"
"<1 years","Berrien","29","0","0"
"Unknown years","Berrien","1","0","0"
"01-04 years","Bibb","564","0","11"
"05-09 years","Bibb","982","0","4"
"10-17 years","Bibb","2335","0","17"
"18-29 years","Bibb","7022","4","158"
"30-39 years","Bibb","5299","13","217"
"40-49 years","Bibb","4745","32","347"
"50-59 years","Bibb","4265","71","489"
"60-69 years","Bibb","3238","167","642"
"70-79 years","Bibb","1853","202","540"
"80 & Older years","Bibb","990","225","423"
"<1 years","Bibb","179","0","9"
"Unknown years","Bibb","5","0","0"
"01-04 years","Bleckley","27","0","1"
"05-09 years","Bleckley","61","0","0"
"10-17 years","Bleckley","168","0","1"
"18-29 years","Bleckley","350","0","6"
"30-39 years","Bleckley","219","1","5"
"40-49 years","Bleckley","204","1","3"
"50-59 years","Bleckley","190","4","11"
"60-69 years","Bleckley","141","11","19"
"70-79 years","Bleckley","95","8","17"
"80 & Older years","Bleckley","74","21","17"
"<1 years","Bleckley","10","0","0"
"01-04 years","Brantley","59","0","0"
"05-09 years","Brantley","95","0","0"
"10-17 years","Brantley","267","0","1"
"18-29 years","Brantley","493","0","5"
"30-39 years","Brantley","377","3","8"
"40-49 years","Brantley","357","6","20"
"50-59 years","Brantley","394","19","39"
"60-69 years","Brantley","277","18","44"
"70-79 years","Brantley","191","29","52"
"80 & Older years","Brantley","80","17","19"
"<1 years","Brantley","12","0","0"
"Unknown years","Brantley","1","0","0"
"01-04 years","Brooks","58","0","2"
"05-09 years","Brooks","71","0","0"
"10-17 years","Brooks","166","0","0"
"18-29 years","Brooks","353","0","4"
"30-39 years","Brooks","296","1","10"
"40-49 years","Brooks","282","2","18"
"50-59 years","Brooks","297","7","34"
"60-69 years","Brooks","208","13","32"
"70-79 years","Brooks","174","21","32"
"80 & Older years","Brooks","109","24","33"
"<1 years","Brooks","25","0","0"
"Unknown years","Brooks","1","0","0"
"01-04 years","Bryan","269","0","3"
"05-09 years","Bryan","367","0","2"
"10-17 years","Bryan","889","0","6"
"18-29 years","Bryan","1431","2","25"
"30-39 years","Bryan","1280","5","37"
"40-49 years","Bryan","1247","6","57"
"50-59 years","Bryan","905","9","64"
"60-69 years","Bryan","561","20","77"
"70-79 years","Bryan","323","22","111"
"80 & Older years","Bryan","130","16","44"
"<1 years","Bryan","125","0","8"
"Unknown years","Bryan","7","0","0"
"01-04 years","Bulloch","276","0","1"
"05-09 years","Bulloch","458","0","1"
"10-17 years","Bulloch","1130","0","4"
"18-29 years","Bulloch","3948","1","21"
"30-39 years","Bulloch","1598","5","37"
"40-49 years","Bulloch","1194","7","41"
"50-59 years","Bulloch","1087","18","70"
"60-69 years","Bulloch","711","25","88"
"70-79 years","Bulloch","372","32","75"
"80 & Older years","Bulloch","186","25","54"
"<1 years","Bulloch","121","0","6"
"Unknown years","Bulloch","2","0","0"
"01-04 years","Burke","59","0","1"
"05-09 years","Burke","107","0","0"
"10-17 years","Burke","281","0","4"
"18-29 years","Burke","620","2","18"
"30-39 years","Burke","506","2","23"
"40-49 years","Burke","494","5","26"
"50-59 years","Burke","436","6","42"
"60-69 years","Burke","356","14","56"
"70-79 years","Burke","181","24","60"
"80 & Older years","Burke","61","15","23"
"<1 years","Burke","24","0","0"
"Unknown years","Burke","3","0","0"
"01-04 years","Butts","103","0","3"
"05-09 years","Butts","128","0","0"
"10-17 years","Butts","364","0","6"
"18-29 years","Butts","948","0","17"
"30-39 years","Butts","847","2","15"
"40-49 years","Butts","766","6","32"
"50-59 years","Butts","790","20","64"
"60-69 years","Butts","569","29","70"
"70-79 years","Butts","371","46","64"
"80 & Older years","Butts","227","45","26"
"<1 years","Butts","46","0","3"
"Unknown years","Butts","2","0","0"
"01-04 years","Calhoun","29","0","0"
"05-09 years","Calhoun","25","0","0"
"10-17 years","Calhoun","72","0","1"
"18-29 years","Calhoun","182","0","9"
"30-39 years","Calhoun","187","3","8"
"40-49 years","Calhoun","168","1","11"
"50-59 years","Calhoun","149","4","21"
"60-69 years","Calhoun","120","4","30"
"70-79 years","Calhoun","50","7","12"
"80 & Older years","Calhoun","45","4","14"
"<1 years","Calhoun","8","0","0"
"01-04 years","Camden","275","0","0"
"05-09 years","Camden","428","0","2"
"10-17 years","Camden","962","0","3"
"18-29 years","Camden","2175","0","13"
"30-39 years","Camden","1743","3","27"
"40-49 years","Camden","1221","10","34"
"50-59 years","Camden","1263","17","44"
"60-69 years","Camden","903","27","62"
"70-79 years","Camden","533","20","45"
"80 & Older years","Camden","209","31","35"
"<1 years","Camden","82","0","2"
"Unknown years","Camden","11","0","0"
"01-04 years","Candler","25","0","0"
"05-09 years","Candler","50","0","0"
"10-17 years","Candler","134","0","0"
"18-29 years","Candler","257","0","2"
"30-39 years","Candler","209","0","7"
"40-49 years","Candler","209","5","5"
"50-59 years","Candler","236","13","24"
"60-69 years","Candler","162","12","25"
"70-79 years","Candler","112","15","25"
"80 & Older years","Candler","46","13","19"
"<1 years","Candler","18","0","1"
"01-04 years","Carroll","308","0","4"
"05-09 years","Carroll","494","0","5"
"10-17 years","Carroll","1480","0","7"
"18-29 years","Carroll","3564","0","27"
"30-39 years","Carroll","2501","3","28"
"40-49 years","Carroll","2226","12","51"
"50-59 years","Carroll","2180","20","81"
"60-69 years","Carroll","1454","38","112"
"70-79 years","Carroll","846","51","94"
"80 & Older years","Carroll","421","63","56"
"<1 years","Carroll","116","0","2"
"Unknown years","Carroll","16","0","7"
"01-04 years","Catoosa","312","0","2"
"05-09 years","Catoosa","498","0","2"
"10-17 years","Catoosa","1326","0","3"
"18-29 years","Catoosa","2526","1","18"
"30-39 years","Catoosa","2059","2","20"
"40-49 years","Catoosa","2047","5","43"
"50-59 years","Catoosa","1923","15","70"
"60-69 years","Catoosa","1328","22","90"
"70-79 years","Catoosa","855","39","103"
"80 & Older years","Catoosa","524","56","75"
"<1 years","Catoosa","105","0","1"
"Unknown years","Catoosa","19","0","0"
"01-04 years","Charlton","40","0","0"
"05-09 years","Charlton","66","0","0"
"10-17 years","Charlton","141","0","0"
"18-29 years","Charlton","565","0","4"
"30-39 years","Charlton","464","2","5"
"40-49 years","Charlton","364","3","13"
"50-59 years","Charlton","278","5","13"
"60-69 years","Charlton","242","12","35"
"70-79 years","Charlton","136","13","32"
"80 & Older years","Charlton","54","12","21"
"<1 years","Charlton","18","0","0"
"01-04 years","Chatham","2189","0","19"
"05-09 years","Chatham","3078","1","12"
"10-17 years","Chatham","5861","0","40"
"18-29 years","Chatham","13786","8","232"
"30-39 years","Chatham","10475","27","332"
"40-49 years","Chatham","7763","48","380"
"50-59 years","Chatham","6764","97","563"
"60-69 years","Chatham","5092","174","735"
"70-79 years","Chatham","2709","230","703"
"80 & Older years","Chatham","1445","258","605"
"<1 years","Chatham","907","0","28"
"Unknown years","Chatham","22","0","2"
"01-04 years","Chattahoochee","32","0","0"
"05-09 years","Chattahoochee","70","0","0"
"10-17 years","Chattahoochee","243","0","2"
"18-29 years","Chattahoochee","5360","7","11"
"30-39 years","Chattahoochee","630","2","7"
"40-49 years","Chattahoochee","150","1","4"
"50-59 years","Chattahoochee","94","2","12"
"60-69 years","Chattahoochee","60","1","12"
"70-79 years","Chattahoochee","30","1","7"
"80 & Older years","Chattahoochee","14","3","6"
"<1 years","Chattahoochee","15","0","0"
"01-04 years","Chattooga","114","0","1"
"05-09 years","Chattooga","195","0","1"
"10-17 years","Chattooga","569","0","5"
"18-29 years","Chattooga","1001","0","13"
"30-39 years","Chattooga","834","3","16"
"40-49 years","Chattooga","831","7","42"
"50-59 years","Chattooga","835","17","54"
"60-69 years","Chattooga","610","27","72"
"70-79 years","Chattooga","393","24","84"
"80 & Older years","Chattooga","214","42","51"
"<1 years","Chattooga","54","0","5"
"Unknown years","Chattooga","4","0","1"
"01-04 years","Cherokee","1048","0","13"
"05-09 years","Cherokee","1846","0","13"
"10-17 years","Cherokee","5052","0","24"
"18-29 years","Cherokee","9283","3","152"
"30-39 years","Cherokee","7646","10","207"
"40-49 years","Cherokee","7816","16","282"
"50-59 years","Cherokee","7654","59","426"
"60-69 years","Cherokee","4921","108","484"
"70-79 years","Cherokee","3139","167","489"
"80 & Older years","Cherokee","1575","244","401"
"<1 years","Cherokee","372","0","15"
"Unknown years","Cherokee","7","0","0"
"01-04 years","Clarke","673","1","15"
"05-09 years","Clarke","933","0","14"
"10-17 years","Clarke","1831","0","33"
"18-29 years","Clarke","11893","1","174"
"30-39 years","Clarke","4135","3","162"
"40-49 years","Clarke","3084","8","167"
"50-59 years","Clarke","2504","21","198"
"60-69 years","Clarke","1727","46","231"
"70-79 years","Clarke","1079","70","256"
"80 & Older years","Clarke","515","80","180"
"<1 years","Clarke","261","0","11"
"Unknown years","Clarke","2","0","1"
"01-04 years","Clay","16","0","0"
"05-09 years","Clay","17","0","0"
"10-17 years","Clay","45","0","0"
"18-29 years","Clay","65","0","0"
"30-39 years","Clay","61","0","2"
"40-49 years","Clay","53","0","2"
"50-59 years","Clay","39","1","3"
"60-69 years","Clay","35","2","2"
"70-79 years","Clay","25","0","2"
"80 & Older years","Clay","19","3","4"
"<1 years","Clay","5","0","0"
"01-04 years","Clayton","1779","1","32"
"05-09 years","Clayton","3102","1","26"
"10-17 years","Clayton","6356","2","90"
"18-29 years","Clayton","13127","13","361"
"30-39 years","Clayton","12104","45","488"
"40-49 years","Clayton","10128","60","498"
"50-59 years","Clayton","8919","144","692"
"60-69 years","Clayton","5526","238","660"
"70-79 years","Clayton","2215","229","456"
"80 & Older years","Clayton","967","205","285"
"<1 years","Clayton","601","0","30"
"Unknown years","Clayton","30","0","12"
"01-04 years","Clinch","36","0","0"
"05-09 years","Clinch","52","0","0"
"10-17 years","Clinch","134","0","0"
"18-29 years","Clinch","263","0","3"
"30-39 years","Clinch","220","1","5"
"40-49 years","Clinch","194","0","5"
"50-59 years","Clinch","195","3","21"
"60-69 years","Clinch","211","15","27"
"70-79 years","Clinch","105","12","25"
"80 & Older years","Clinch","48","9","12"
"<1 years","Clinch","19","0","0"
"01-04 years","Cobb","3870","1","54"
"05-09 years","Cobb","6400","0","37"
"10-17 years","Cobb","14390","0","91"
"18-29 years","Cobb","33921","15","372"
"30-39 years","Cobb","27072","40","435"
"40-49 years","Cobb","24706","75","610"
"50-59 years","Cobb","21229","165","870"
"60-69 years","Cobb","13507","305","901"
"70-79 years","Cobb","7122","485","869"
"80 & Older years","Cobb","3751","660","829"
"<1 years","Cobb","1161","0","40"
"Unknown years","Cobb","132","0","0"
"01-04 years","Coffee","206","0","4"
"05-09 years","Coffee","340","0","6"
"10-17 years","Coffee","767","0","9"
"18-29 years","Coffee","1738","1","45"
"30-39 years","Coffee","1377","7","80"
"40-49 years","Coffee","1282","16","159"
"50-59 years","Coffee","1151","26","231"
"60-69 years","Coffee","864","60","234"
"70-79 years","Coffee","477","67","204"
"80 & Older years","Coffee","249","53","130"
"<1 years","Coffee","79","0","9"
"01-04 years","Colquitt","158","0","1"
"05-09 years","Colquitt","338","0","2"
"10-17 years","Colquitt","982","0","12"
"18-29 years","Colquitt","1680","1","39"
"30-39 years","Colquitt","1284","3","38"
"40-49 years","Colquitt","1198","11","53"
"50-59 years","Colquitt","1136","30","62"
"60-69 years","Colquitt","869","41","79"
"70-79 years","Colquitt","570","38","80"
"80 & Older years","Colquitt","310","54","55"
"<1 years","Colquitt","82","0","3"
"Unknown years","Colquitt","1","0","0"
"01-04 years","Columbia","468","1","7"
"05-09 years","Columbia","905","1","8"
"10-17 years","Columbia","2329","0","16"
"18-29 years","Columbia","4446","2","53"
"30-39 years","Columbia","4370","10","69"
"40-49 years","Columbia","3677","17","88"
"50-59 years","Columbia","2916","40","141"
"60-69 years","Columbia","1943","58","158"
"70-79 years","Columbia","1015","83","201"
"80 & Older years","Columbia","562","115","179"
"<1 years","Columbia","164","1","13"
"Unknown years","Columbia","4","0","0"
"01-04 years","Cook","59","0","3"
"05-09 years","Cook","83","0","0"
"10-17 years","Cook","206","0","2"
"18-29 years","Cook","408","0","10"
"30-39 years","Cook","338","0","5"
"40-49 years","Cook","314","3","20"
"50-59 years","Cook","286","7","24"
"60-69 years","Cook","213","13","28"
"70-79 years","Cook","144","15","34"
"80 & Older years","Cook","91","20","18"
"<1 years","Cook","35","0","3"
"01-04 years","Coweta","549","0","7"
"05-09 years","Coweta","884","0","9"
"10-17 years","Coweta","2290","0","25"
"18-29 years","Coweta","4453","5","137"
"30-39 years","Coweta","3767","16","186"
"40-49 years","Coweta","3763","33","223"
"50-59 years","Coweta","4033","61","332"
"60-69 years","Coweta","2458","76","307"
"70-79 years","Coweta","1468","121","336"
"80 & Older years","Coweta","660","126","215"
"<1 years","Coweta","170","0","12"
"Unknown years","Coweta","13","0","5"
"01-04 years","Crawford","15","0","0"
"05-09 years","Crawford","21","0","0"
"10-17 years","Crawford","74","0","2"
"18-29 years","Crawford","206","0","4"
"30-39 years","Crawford","194","1","11"
"40-49 years","Crawford","175","3","10"
"50-59 years","Crawford","236","13","27"
"60-69 years","Crawford","211","13","28"
"70-79 years","Crawford","117","14","25"
"80 & Older years","Crawford","51","6","19"
"<1 years","Crawford","3","0","0"
"01-04 years","Crisp","53","0","0"
"05-09 years","Crisp","98","0","0"
"10-17 years","Crisp","280","0","3"
"18-29 years","Crisp","468","2","16"
"30-39 years","Crisp","437","2","20"
"40-49 years","Crisp","374","4","25"
"50-59 years","Crisp","350","5","33"
"60-69 years","Crisp","302","22","53"
"70-79 years","Crisp","143","16","37"
"80 & Older years","Crisp","77","20","18"
"<1 years","Crisp","28","0","0"
"01-04 years","Dade","53","0","0"
"05-09 years","Dade","126","0","0"
"10-17 years","Dade","277","0","1"
"18-29 years","Dade","560","0","3"
"30-39 years","Dade","402","0","3"
"40-49 years","Dade","428","1","10"
"50-59 years","Dade","382","7","27"
"60-69 years","Dade","311","2","16"
"70-79 years","Dade","205","13","29"
"80 & Older years","Dade","89","5","16"
"<1 years","Dade","24","0","0"
"Unknown years","Dade","4","0","0"
"01-04 years","Dawson","130","0","1"
"05-09 years","Dawson","199","0","1"
"10-17 years","Dawson","534","0","7"
"18-29 years","Dawson","1294","0","21"
"30-39 years","Dawson","1086","2","29"
"40-49 years","Dawson","908","5","46"
"50-59 years","Dawson","1050","11","75"
"60-69 years","Dawson","816","21","103"
"70-79 years","Dawson","497","33","80"
"80 & Older years","Dawson","237","28","49"
"<1 years","Dawson","61","0","3"
"Unknown years","Dawson","4","0","0"
"01-04 years","DeKalb","4129","0","56"
"05-09 years","DeKalb","6133","0","45"
"10-17 years","DeKalb","11972","0","142"
"18-29 years","DeKalb","33244","19","913"
"30-39 years","DeKalb","30596","38","1145"
"40-49 years","DeKalb","23588","80","1194"
"50-59 years","DeKalb","19854","201","1551"
"60-69 years","DeKalb","12736","335","1663"
"70-79 years","DeKalb","6426","420","1296"
"80 & Older years","DeKalb","3263","522","906"
"<1 years","DeKalb","1162","1","46"
"Unknown years","DeKalb","110","0","25"
"01-04 years","Decatur","251","0","2"
"05-09 years","Decatur","294","0","1"
"10-17 years","Decatur","622","0","1"
"18-29 years","Decatur","1100","1","22"
"30-39 years","Decatur","852","1","12"
"40-49 years","Decatur","784","3","38"
"50-59 years","Decatur","707","14","56"
"60-69 years","Decatur","536","21","64"
"70-79 years","Decatur","304","31","50"
"80 & Older years","Decatur","186","25","31"
"<1 years","Decatur","104","0","1"
"Unknown years","Decatur","3","0","0"
"01-04 years","Dodge","30","0","0"
"05-09 years","Dodge","65","0","0"
"10-17 years","Dodge","211","1","2"
"18-29 years","Dodge","470","0","9"
"30-39 years","Dodge","324","2","10"
"40-49 years","Dodge","324","3","14"
"50-59 years","Dodge","311","7","23"
"60-69 years","Dodge","228","22","35"
"70-79 years","Dodge","132","20","28"
"80 & Older years","Dodge","82","18","18"
"<1 years","Dodge","12","0","0"
"01-04 years","Dooly","32","0","0"
"05-09 years","Dooly","57","0","0"
"10-17 years","Dooly","149","0","1"
"18-29 years","Dooly","273","1","5"
"30-39 years","Dooly","225","0","12"
"40-49 years","Dooly","259","2","14"
"50-59 years","Dooly","246","6","22"
"60-69 years","Dooly","208","11","27"
"70-79 years","Dooly","96","12","24"
"80 & Older years","Dooly","37","9","7"
"<1 years","Dooly","15","0","1"
"Unknown years","Dooly","1","0","0"
"01-04 years","Dougherty","412","0","5"
"05-09 years","Dougherty","876","0","1"
"10-17 years","Dougherty","2020","0","22"
"18-29 years","Dougherty","2899","4","186"
"30-39 years","Dougherty","2368","8","153"
"40-49 years","Dougherty","2056","35","194"
"50-59 years","Dougherty","1846","48","259"
"60-69 years","Dougherty","1477","118","365"
"70-79 years","Dougherty","805","107","265"
"80 & Older years","Dougherty","493","146","203"
"<1 years","Dougherty","161","0","11"
"Unknown years","Dougherty","97","0","1"
"01-04 years","Douglas","738","0","14"
"05-09 years","Douglas","1263","0","15"
"10-17 years","Douglas","3146","1","35"
"18-29 years","Douglas","6045","0","84"
"30-39 years","Douglas","5294","8","121"
"40-49 years","Douglas","5510","18","192"
"50-59 years","Douglas","4810","47","254"
"60-69 years","Douglas","2693","79","267"
"70-79 years","Douglas","1313","91","209"
"80 & Older years","Douglas","595","94","154"
"<1 years","Douglas","266","0","14"
"Unknown years","Douglas","16","0","0"
"01-04 years","Early","78","0","0"
"05-09 years","Early","95","0","0"
"10-17 years","Early","302","0","0"
"18-29 years","Early","354","1","12"
"30-39 years","Early","312","1","6"
"40-49 years","Early","311","2","15"
"50-59 years","Early","306","6","18"
"60-69 years","Early","219","12","23"
"70-79 years","Early","136","21","26"
"80 & Older years","Early","74","13","19"
"<1 years","Early","21","0","0"
"Unknown years","Early","2","0","0"
"01-04 years","Echols","16","0","0"
"05-09 years","Echols","11","0","0"
"10-17 years","Echols","37","0","2"
"18-29 years","Echols","149","0","2"
"30-39 years","Echols","72","1","4"
"40-49 years","Echols","61","0","1"
"50-59 years","Echols","59","1","2"
"60-69 years","Echols","37","0","1"
"70-79 years","Echols","25","2","3"
"80 & Older years","Echols","7","2","2"
"<1 years","Echols","6","0","0"
"01-04 years","Effingham","342","0","2"
"05-09 years","Effingham","586","0","3"
"10-17 years","Effingham","1280","0","2"
"18-29 years","Effingham","1964","1","21"
"30-39 years","Effingham","2031","5","51"
"40-49 years","Effingham","1706","10","79"
"50-59 years","Effingham","1494","34","126"
"60-69 years","Effingham","1018","29","149"
"70-79 years","Effingham","498","46","140"
"80 & Older years","Effingham","226","48","76"
"<1 years","Effingham","139","0","7"
"Unknown years","Effingham","5","0","0"
"01-04 years","Elbert","58","0","2"
"05-09 years","Elbert","79","0","0"
"10-17 years","Elbert","194","0","4"
"18-29 years","Elbert","501","2","11"
"30-39 years","Elbert","378","0","18"
"40-49 years","Elbert","373","1","23"
"50-59 years","Elbert","396","4","46"
"60-69 years","Elbert","342","11","56"
"70-79 years","Elbert","241","25","68"
"80 & Older years","Elbert","179","40","65"
"<1 years","Elbert","38","0","4"
"Unknown years","Elbert","2","0","0"
"01-04 years","Emanuel","90","0","4"
"05-09 years","Emanuel","136","0","1"
"10-17 years","Emanuel","381","0","3"
"18-29 years","Emanuel","675","1","8"
"30-39 years","Emanuel","564","1","23"
"40-49 years","Emanuel","537","4","20"
"50-59 years","Emanuel","462","10","44"
"60-69 years","Emanuel","362","18","44"
"70-79 years","Emanuel","220","25","45"
"80 & Older years","Emanuel","102","23","28"
"<1 years","Emanuel","23","0","1"
"Unknown years","Emanuel","3","0","1"
"01-04 years","Evans","27","0","0"
"05-09 years","Evans","71","0","1"
"10-17 years","Evans","156","0","3"
"18-29 years","Evans","323","0","4"
"30-39 years","Evans","283","0","5"
"40-49 years","Evans","240","4","24"
"50-59 years","Evans","218","6","23"
"60-69 years","Evans","143","9","29"
"70-79 years","Evans","90","18","28"
"80 & Older years","Evans","36","4","16"
"<1 years","Evans","14","0","0"
"01-04 years","Fannin","62","0","1"
"05-09 years","Fannin","102","0","0"
"10-17 years","Fannin","333","0","2"
"18-29 years","Fannin","625","0","8"
"30-39 years","Fannin","476","2","14"
"40-49 years","Fannin","556","5","20"
"50-59 years","Fannin","719","7","46"
"60-69 years","Fannin","736","28","82"
"70-79 years","Fannin","538","35","101"
"80 & Older years","Fannin","275","59","77"
"<1 years","Fannin","17","0","1"
"Unknown years","Fannin","3","0","0"
"01-04 years","Fayette","419","0","10"
"05-09 years","Fayette","776","0","6"
"10-17 years","Fayette","2023","0","17"
"18-29 years","Fayette","3363","5","70"
"30-39 years","Fayette","2617","6","82"
"40-49 years","Fayette","3293","8","127"
"50-59 years","Fayette","3304","25","213"
"60-69 years","Fayette","2469","42","218"
"70-79 years","Fayette","1301","100","259"
"80 & Older years","Fayette","718","109","210"
"<1 years","Fayette","112","0","8"
"Unknown years","Fayette","16","0","3"
"01-04 years","Floyd","546","0","11"
"05-09 years","Floyd","928","0","3"
"10-17 years","Floyd","2602","1","17"
"18-29 years","Floyd","4926","4","74"
"30-39 years","Floyd","3768","9","95"
"40-49 years","Floyd","3462","18","173"
"50-59 years","Floyd","3404","55","277"
"60-69 years","Floyd","2470","85","363"
"70-79 years","Floyd","1476","122","357"
"80 & Older years","Floyd","818","134","265"
"<1 years","Floyd","259","1","15"
"Unknown years","Floyd","107","0","0"
"01-04 years","Forsyth","1330","0","12"
"05-09 years","Forsyth","2762","0","5"
"10-17 years","Forsyth","6385","0","21"
"18-29 years","Forsyth","7649","1","72"
"30-39 years","Forsyth","7324","6","110"
"40-49 years","Forsyth","9045","15","208"
"50-59 years","Forsyth","7333","31","274"
"60-69 years","Forsyth","3911","57","282"
"70-79 years","Forsyth","2318","118","348"
"80 & Older years","Forsyth","1297","166","297"
"<1 years","Forsyth","306","0","8"
"Unknown years","Forsyth","39","0","0"
"01-04 years","Franklin","83","0","2"
"05-09 years","Franklin","150","0","0"
"10-17 years","Franklin","427","0","6"
"18-29 years","Franklin","872","1","17"
"30-39 years","Franklin","646","0","15"
"40-49 years","Franklin","657","4","29"
"50-59 years","Franklin","655","6","47"
"60-69 years","Franklin","548","11","57"
"70-79 years","Franklin","351","30","67"
"80 & Older years","Franklin","165","29","41"
"<1 years","Franklin","54","0","6"
"Unknown years","Franklin","6","0","0"
"01-04 years","Fulton","5348","0","81"
"05-09 years","Fulton","8282","0","58"
"10-17 years","Fulton","18054","1","161"
"18-29 years","Fulton","50968","8","1064"
"30-39 years","Fulton","42361","67","1331"
"40-49 years","Fulton","32606","80","1374"
"50-59 years","Fulton","27287","234","1956"
"60-69 years","Fulton","16640","434","1910"
"70-79 years","Fulton","8561","571","1559"
"80 & Older years","Fulton","4997","806","1369"
"<1 years","Fulton","1475","0","66"
"Unknown years","Fulton","191","0","108"
"01-04 years","Gilmer","90","0","6"
"05-09 years","Gilmer","99","0","1"
"10-17 years","Gilmer","379","0","6"
"18-29 years","Gilmer","689","0","32"
"30-39 years","Gilmer","633","2","32"
"40-49 years","Gilmer","661","3","34"
"50-59 years","Gilmer","804","20","69"
"60-69 years","Gilmer","764","24","105"
"70-79 years","Gilmer","529","54","131"
"80 & Older years","Gilmer","260","51","74"
"<1 years","Gilmer","43","0","4"
"Unknown years","Gilmer","4","0","0"
"01-04 years","Glascock","1","0","0"
"05-09 years","Glascock","8","0","0"
"10-17 years","Glascock","16","0","0"
"18-29 years","Glascock","50","0","1"
"30-39 years","Glascock","40","0","2"
"40-49 years","Glascock","42","0","1"
"50-59 years","Glascock","51","2","5"
"60-69 years","Glascock","26","0","5"
"70-79 years","Glascock","34","5","10"
"80 & Older years","Glascock","9","2","5"
"<1 years","Glascock","3","0","1"
"01-04 years","Glynn","503","0","4"
"05-09 years","Glynn","904","0","1"
"10-17 years","Glynn","2084","0","3"
"18-29 years","Glynn","3665","5","43"
"30-39 years","Glynn","3101","11","50"
"40-49 years","Glynn","2642","18","73"
"50-59 years","Glynn","2428","46","122"
"60-69 years","Glynn","2118","85","196"
"70-79 years","Glynn","1319","91","157"
"80 & Older years","Glynn","643","112","139"
"<1 years","Glynn","164","0","6"
"Unknown years","Glynn","21","0","0"
"01-04 years","Gordon","293","0","2"
"05-09 years","Gordon","380","1","2"
"10-17 years","Gordon","1245","0","7"
"18-29 years","Gordon","2609","3","24"
"30-39 years","Gordon","2036","4","37"
"40-49 years","Gordon","1992","11","55"
"50-59 years","Gordon","1827","30","86"
"60-69 years","Gordon","1219","67","100"
"70-79 years","Gordon","675","65","121"
"80 & Older years","Gordon","345","53","76"
"<1 years","Gordon","128","0","3"
"Unknown years","Gordon","32","0","0"
"01-04 years","Grady","149","0","1"
"05-09 years","Grady","251","0","0"
"10-17 years","Grady","505","0","5"
"18-29 years","Grady","646","0","18"
"30-39 years","Grady","557","1","18"
"40-49 years","Grady","515","3","36"
"50-59 years","Grady","507","14","50"
"60-69 years","Grady","361","12","43"
"70-79 years","Grady","284","30","71"
"80 & Older years","Grady","105","22","37"
"<1 years","Grady","99","0","4"
"Unknown years","Grady","6","0","0"
"01-04 years","Greene","61","0","2"
"05-09 years","Greene","107","0","1"
"10-17 years","Greene","300","0","7"
"18-29 years","Greene","533","0","16"
"30-39 years","Greene","451","0","19"
"40-49 years","Greene","381","4","27"
"50-59 years","Greene","515","7","41"
"60-69 years","Greene","526","14","49"
"70-79 years","Greene","424","18","80"
"80 & Older years","Greene","189","36","71"
"<1 years","Greene","25","0","5"
"Unknown years","Greene","1","0","0"
"01-04 years","Gwinnett","4712","0","40"
"05-09 years","Gwinnett","7666","0","44"
"10-17 years","Gwinnett","18817","3","110"
"18-29 years","Gwinnett","41373","19","767"
"30-39 years","Gwinnett","33622","43","826"
"40-49 years","Gwinnett","33703","114","1141"
"50-59 years","Gwinnett","28176","212","1379"
"60-69 years","Gwinnett","16257","354","1380"
"70-79 years","Gwinnett","7307","449","1213"
"80 & Older years","Gwinnett","3630","623","1046"
"<1 years","Gwinnett","1724","0","43"
"Unknown years","Gwinnett","112","0","10"
"01-04 years","Habersham","147","0","4"
"05-09 years","Habersham","207","0","0"
"10-17 years","Habersham","646","1","10"
"18-29 years","Habersham","1686","1","25"
"30-39 years","Habersham","1289","6","46"
"40-49 years","Habersham","1246","7","68"
"50-59 years","Habersham","1379","13","104"
"60-69 years","Habersham","1092","41","173"
"70-79 years","Habersham","747","78","173"
"80 & Older years","Habersham","466","98","134"
"<1 years","Habersham","74","0","11"
"Unknown years","Habersham","9","0","1"
"01-04 years","Hall","745","0","16"
"05-09 years","Hall","1311","0","13"
"10-17 years","Hall","4218","0","47"
"18-29 years","Hall","10891","9","251"
"30-39 years","Hall","7670","11","310"
"40-49 years","Hall","7509","37","433"
"50-59 years","Hall","7760","75","622"
"60-69 years","Hall","5348","142","647"
"70-79 years","Hall","3507","218","727"
"80 & Older years","Hall","1939","323","602"
"<1 years","Hall","332","1","29"
"Unknown years","Hall","88","0","10"
"01-04 years","Hancock","23","0","0"
"05-09 years","Hancock","39","0","0"
"10-17 years","Hancock","93","0","1"
"18-29 years","Hancock","242","0","3"
"30-39 years","Hancock","238","2","8"
"40-49 years","Hancock","174","2","8"
"50-59 years","Hancock","236","7","21"
"60-69 years","Hancock","228","21","40"
"70-79 years","Hancock","124","24","30"
"80 & Older years","Hancock","82","26","29"
"<1 years","Hancock","9","0","0"
"01-04 years","Haralson","69","0","0"
"05-09 years","Haralson","121","0","0"
"10-17 years","Haralson","359","0","3"
"18-29 years","Haralson","738","0","6"
"30-39 years","Haralson","528","0","8"
"40-49 years","Haralson","550","3","11"
"50-59 years","Haralson","606","7","22"
"60-69 years","Haralson","356","19","31"
"70-79 years","Haralson","228","22","26"
"80 & Older years","Haralson","98","16","14"
"<1 years","Haralson","27","0","1"
"Unknown years","Haralson","4","0","0"
"01-04 years","Harris","109","0","1"
"05-09 years","Harris","186","0","0"
"10-17 years","Harris","528","0","5"
"18-29 years","Harris","862","0","19"
"30-39 years","Harris","772","0","22"
"40-49 years","Harris","859","5","43"
"50-59 years","Harris","932","13","63"
"60-69 years","Harris","710","22","94"
"70-79 years","Harris","435","45","88"
"80 & Older years","Harris","140","19","34"
"<1 years","Harris","21","0","0"
"Unknown years","Harris","4","0","0"
"01-04 years","Hart","63","0","0"
"05-09 years","Hart","90","0","2"
"10-17 years","Hart","291","0","0"
"18-29 years","Hart","608","0","9"
"30-39 years","Hart","500","0","15"
"40-49 years","Hart","446","4","22"
"50-59 years","Hart","548","4","39"
"60-69 years","Hart","390","17","44"
"70-79 years","Hart","263","15","49"
"80 & Older years","Hart","154","25","46"
"<1 years","Hart","30","0","0"
"Unknown years","Hart","1","0","0"
"01-04 years","Heard","28","0","1"
"05-09 years","Heard","70","0","0"
"10-17 years","Heard","166","0","3"
"18-29 years","Heard","291","2","6"
"30-39 years","Heard","197","0","3"
"40-49 years","Heard","260","2","20"
"50-59 years","Heard","256","3","19"
"60-69 years","Heard","187","8","21"
"70-79 years","Heard","98","11","26"
"80 & Older years","Heard","46","10","9"
"<1 years","Heard","16","0","1"
"01-04 years","Henry","1195","0","26"
"05-09 years","Henry","1989","0","13"
"10-17 years","Henry","5088","1","64"
"18-29 years","Henry","9889","3","233"
"30-39 years","Henry","8420","14","260"
"40-49 years","Henry","9023","45","358"
"50-59 years","Henry","8197","71","458"
"60-69 years","Henry","4506","155","485"
"70-79 years","Henry","2129","170","379"
"80 & Older years","Henry","983","183","277"
"<1 years","Henry","390","0","21"
"Unknown years","Henry","27","0","3"
"01-04 years","Houston","565","0","9"
"05-09 years","Houston","1012","0","3"
"10-17 years","Houston","2630","0","11"
"18-29 years","Houston","5367","7","76"
"30-39 years","Houston","4924","7","109"
"40-49 years","Houston","4133","19","164"
"50-59 years","Houston","3389","39","211"
"60-69 years","Houston","2230","80","269"
"70-79 years","Houston","1115","98","243"
"80 & Older years","Houston","569","90","150"
"<1 years","Houston","153","1","8"
"Unknown years","Houston","4","0","0"
"01-04 years","Irwin","11","0","0"
"05-09 years","Irwin","24","0","0"
"10-17 years","Irwin","79","0","1"
"18-29 years","Irwin","210","0","6"
"30-39 years","Irwin","179","0","10"
"40-49 years","Irwin","189","1","11"
"50-59 years","Irwin","150","3","13"
"60-69 years","Irwin","119","3","25"
"70-79 years","Irwin","67","8","11"
"80 & Older years","Irwin","48","10","32"
"<1 years","Irwin","3","0","1"
"Unknown years","Irwin","3","0","0"
"01-04 years","Jackson","344","0","8"
"05-09 years","Jackson","679","0","2"
"10-17 years","Jackson","2111","1","16"
"18-29 years","Jackson","3238","3","70"
"30-39 years","Jackson","3267","8","89"
"40-49 years","Jackson","3200","14","138"
"50-59 years","Jackson","2956","32","179"
"60-69 years","Jackson","1991","51","200"
"70-79 years","Jackson","1350","80","235"
"80 & Older years","Jackson","644","86","176"
"<1 years","Jackson","126","0","9"
"Unknown years","Jackson","8","0","1"
"01-04 years","Jasper","45","0","1"
"05-09 years","Jasper","64","0","2"
"10-17 years","Jasper","135","0","3"
"18-29 years","Jasper","345","0","14"
"30-39 years","Jasper","281","2","14"
"40-49 years","Jasper","262","1","16"
"50-59 years","Jasper","312","7","32"
"60-69 years","Jasper","237","15","52"
"70-79 years","Jasper","117","7","25"
"80 & Older years","Jasper","57","8","21"
"<1 years","Jasper","25","0","6"
"01-04 years","Jeff Davis","55","0","0"
"05-09 years","Jeff Davis","113","0","0"
"10-17 years","Jeff Davis","253","0","2"
"18-29 years","Jeff Davis","490","0","7"
"30-39 years","Jeff Davis","384","0","14"
"40-49 years","Jeff Davis","347","1","20"
"50-59 years","Jeff Davis","340","12","30"
"60-69 years","Jeff Davis","198","9","27"
"70-79 years","Jeff Davis","152","17","27"
"80 & Older years","Jeff Davis","39","10","10"
"<1 years","Jeff Davis","20","0","4"
"01-04 years","Jefferson","41","0","1"
"05-09 years","Jefferson","65","0","0"
"10-17 years","Jefferson","163","0","2"
"18-29 years","Jefferson","369","0","3"
"30-39 years","Jefferson","331","1","14"
"40-49 years","Jefferson","322","5","22"
"50-59 years","Jefferson","381","9","34"
"60-69 years","Jefferson","326","16","51"
"70-79 years","Jefferson","207","26","56"
"80 & Older years","Jefferson","94","25","38"
"<1 years","Jefferson","11","0","2"
"Unknown years","Jefferson","1","0","0"
"01-04 years","Jenkins","32","0","3"
"05-09 years","Jenkins","40","0","0"
"10-17 years","Jenkins","99","0","1"
"18-29 years","Jenkins","186","0","3"
"30-39 years","Jenkins","134","2","6"
"40-49 years","Jenkins","174","4","14"
"50-59 years","Jenkins","188","7","29"
"60-69 years","Jenkins","129","7","16"
"70-79 years","Jenkins","83","16","24"
"80 & Older years","Jenkins","55","10","13"
"<1 years","Jenkins","5","0","0"
"01-04 years","Johnson","34","0","1"
"05-09 years","Johnson","40","0","0"
"10-17 years","Johnson","102","0","1"
"18-29 years","Johnson","266","0","7"
"30-39 years","Johnson","221","1","6"
"40-49 years","Johnson","227","3","8"
"50-59 years","Johnson","220","9","19"
"60-69 years","Johnson","208","9","26"
"70-79 years","Johnson","141","12","34"
"80 & Older years","Johnson","93","24","28"
"<1 years","Johnson","23","0","3"
"01-04 years","Jones","49","0","1"
"05-09 years","Jones","96","0","0"
"10-17 years","Jones","278","0","2"
"18-29 years","Jones","800","3","21"
"30-39 years","Jones","648","3","17"
"40-49 years","Jones","623","5","33"
"50-59 years","Jones","669","10","64"
"60-69 years","Jones","445","19","77"
"70-79 years","Jones","289","35","77"
"80 & Older years","Jones","139","25","42"
"<1 years","Jones","17","0","0"
"01-04 years","Lamar","119","0","0"
"05-09 years","Lamar","192","0","0"
"10-17 years","Lamar","409","0","5"
"18-29 years","Lamar","603","0","17"
"30-39 years","Lamar","509","2","18"
"40-49 years","Lamar","451","6","26"
"50-59 years","Lamar","437","12","50"
"60-69 years","Lamar","375","26","47"
"70-79 years","Lamar","253","27","49"
"80 & Older years","Lamar","104","27","33"
"<1 years","Lamar","69","0","1"
"Unknown years","Lamar","4","0","1"
"01-04 years","Lanier","19","0","0"
"05-09 years","Lanier","34","0","1"
"10-17 years","Lanier","117","0","1"
"18-29 years","Lanier","244","2","4"
"30-39 years","Lanier","238","0","3"
"40-49 years","Lanier","181","1","6"
"50-59 years","Lanier","142","4","11"
"60-69 years","Lanier","86","4","7"
"70-79 years","Lanier","72","6","9"
"80 & Older years","Lanier","31","1","6"
"<1 years","Lanier","21","0","0"
"Unknown years","Lanier","1","0","0"
"01-04 years","Laurens","237","0","2"
"05-09 years","Laurens","402","0","3"
"10-17 years","Laurens","969","0","7"
"18-29 years","Laurens","1772","0","15"
"30-39 years","Laurens","1421","5","25"
"40-49 years","Laurens","1298","12","41"
"50-59 years","Laurens","1138","32","84"
"60-69 years","Laurens","919","60","115"
"70-79 years","Laurens","572","70","109"
"80 & Older years","Laurens","331","74","75"
"<1 years","Laurens","86","0","7"
"Unknown years","Laurens","3","0","0"
"01-04 years","Lee","93","0","0"
"05-09 years","Lee","138","0","3"
"10-17 years","Lee","408","0","7"
"18-29 years","Lee","710","1","31"
"30-39 years","Lee","786","1","38"
"40-49 years","Lee","715","9","51"
"50-59 years","Lee","602","18","84"
"60-69 years","Lee","379","25","76"
"70-79 years","Lee","178","21","54"
"80 & Older years","Lee","104","19","36"
"<1 years","Lee","36","0","0"
"Unknown years","Lee","13","0","0"
"01-04 years","Liberty","591","0","4"
"05-09 years","Liberty","743","0","4"
"10-17 years","Liberty","1302","0","4"
"18-29 years","Liberty","3790","2","32"
"30-39 years","Liberty","2182","4","45"
"40-49 years","Liberty","1319","4","34"
"50-59 years","Liberty","1087","24","80"
"60-69 years","Liberty","709","29","93"
"70-79 years","Liberty","290","25","89"
"80 & Older years","Liberty","103","20","38"
"<1 years","Liberty","186","0","4"
"Unknown years","Liberty","10","0","0"
"01-04 years","Lincoln","20","0","0"
"05-09 years","Lincoln","23","0","1"
"10-17 years","Lincoln","73","0","0"
"18-29 years","Lincoln","151","0","5"
"30-39 years","Lincoln","134","0","6"
"40-49 years","Lincoln","132","1","10"
"50-59 years","Lincoln","131","3","8"
"60-69 years","Lincoln","114","8","25"
"70-79 years","Lincoln","80","10","22"
"80 & Older years","Lincoln","27","7","11"
"<1 years","Lincoln","6","0","1"
"Unknown years","Lincoln","1","0","0"
"01-04 years","Long","111","0","2"
"05-09 years","Long","156","0","0"
"10-17 years","Long","315","1","0"
"18-29 years","Long","532","0","5"
"30-39 years","Long","489","2","11"
"40-49 years","Long","327","4","17"
"50-59 years","Long","228","4","20"
"60-69 years","Long","166","5","20"
"70-79 years","Long","77","8","19"
"80 & Older years","Long","29","2","11"
"<1 years","Long","48","0","0"
"Unknown years","Long","2","0","0"
"01-04 years","Lowndes","493","0","1"
"05-09 years","Lowndes","576","0","1"
"10-17 years","Lowndes","1346","0","11"
"18-29 years","Lowndes","4758","6","48"
"30-39 years","Lowndes","2944","8","52"
"40-49 years","Lowndes","2155","16","80"
"50-59 years","Lowndes","1829","30","113"
"60-69 years","Lowndes","1324","60","150"
"70-79 years","Lowndes","810","78","144"
"80 & Older years","Lowndes","440","90","99"
"<1 years","Lowndes","227","0","4"
"Unknown years","Lowndes","5","0","0"
"01-04 years","Lumpkin","111","0","2"
"05-09 years","Lumpkin","183","0","2"
"10-17 years","Lumpkin","499","0","4"
"18-29 years","Lumpkin","1732","0","25"
"30-39 years","Lumpkin","979","2","26"
"40-49 years","Lumpkin","919","1","41"
"50-59 years","Lumpkin","1031","14","87"
"60-69 years","Lumpkin","910","23","100"
"70-79 years","Lumpkin","608","24","114"
"80 & Older years","Lumpkin","291","49","109"
"<1 years","Lumpkin","63","0","3"
"Unknown years","Lumpkin","7","0","1"
"01-04 years","Macon","28","0","0"
"05-09 years","Macon","29","0","0"
"10-17 years","Macon","67","0","0"
"18-29 years","Macon","251","0","6"
"30-39 years","Macon","214","1","6"
"40-49 years","Macon","214","4","9"
"50-59 years","Macon","220","6","28"
"60-69 years","Macon","147","11","35"
"70-79 years","Macon","97","12","26"
"80 & Older years","Macon","30","10","11"
"<1 years","Macon","8","0","0"
"Unknown years","Macon","1","0","1"
"01-04 years","Madison","164","0","6"
"05-09 years","Madison","221","0","1"
"10-17 years","Madison","608","0","3"
"18-29 years","Madison","1205","0","44"
"30-39 years","Madison","962","1","40"
"40-49 years","Madison","910","2","51"
"50-59 years","Madison","941","19","69"
"60-69 years","Madison","664","22","98"
"70-79 years","Madison","420","30","112"
"80 & Older years","Madison","163","27","53"
"<1 years","Madison","84","0","9"
"Unknown years","Madison","1","0","0"
"01-04 years","Marion","22","0","0"
"05-09 years","Marion","35","0","1"
"10-17 years","Marion","113","0","0"
"18-29 years","Marion","168","0","7"
"30-39 years","Marion","148","0","6"
"40-49 years","Marion","146","3","9"
"50-59 years","Marion","142","7","18"
"60-69 years","Marion","121","13","22"
"70-79 years","Marion","67","8","20"
"80 & Older years","Marion","51","12","18"
"<1 years","Marion","9","0","0"
"01-04 years","McDuffie","67","0","2"
"05-09 years","McDuffie","92","0","0"
"10-17 years","McDuffie","251","0","2"
"18-29 years","McDuffie","671","0","14"
"30-39 years","McDuffie","513","2","12"
"40-49 years","McDuffie","468","3","25"
"50-59 years","McDuffie","444","13","53"
"60-69 years","McDuffie","320","19","64"
"70-79 years","McDuffie","204","23","69"
"80 & Older years","McDuffie","95","22","41"
"<1 years","McDuffie","20","0","3"
"Unknown years","McDuffie","1","0","0"
"01-04 years","McIntosh","53","0","1"
"05-09 years","McIntosh","78","0","1"
"10-17 years","McIntosh","236","0","0"
"18-29 years","McIntosh","349","0","5"
"30-39 years","McIntosh","291","0","4"
"40-49 years","McIntosh","288","0","6"
"50-59 years","McIntosh","340","5","14"
"60-69 years","McIntosh","269","8","33"
"70-79 years","McIntosh","172","9","28"
"80 & Older years","McIntosh","65","12","16"
"<1 years","McIntosh","9","0","0"
"Unknown years","McIntosh","1","0","0"
"01-04 years","Meriwether","98","0","3"
"05-09 years","Meriwether","112","0","1"
"10-17 years","Meriwether","248","1","3"
"18-29 years","Meriwether","622","0","20"
"30-39 years","Meriwether","452","3","31"
"40-49 years","Meriwether","525","5","39"
"50-59 years","Meriwether","537","13","56"
"60-69 years","Meriwether","504","24","69"
"70-79 years","Meriwether","345","38","72"
"80 & Older years","Meriwether","166","40","40"
"<1 years","Meriwether","43","0","5"
"Unknown years","Meriwether","2","0","1"
"01-04 years","Miller","45","0","0"
"05-09 years","Miller","60","0","0"
"10-17 years","Miller","190","0","1"
"18-29 years","Miller","216","1","2"
"30-39 years","Miller","193","0","1"
"40-49 years","Miller","175","1","7"
"50-59 years","Miller","217","4","19"
"60-69 years","Miller","159","4","16"
"70-79 years","Miller","72","5","8"
"80 & Older years","Miller","56","4","9"
"<1 years","Miller","8","0","0"
"01-04 years","Mitchell","77","0","2"
"05-09 years","Mitchell","117","0","0"
"10-17 years","Mitchell","278","0","7"
"18-29 years","Mitchell","588","1","22"
"30-39 years","Mitchell","518","1","24"
"40-49 years","Mitchell","458","7","31"
"50-59 years","Mitchell","477","14","72"
"60-69 years","Mitchell","368","21","68"
"70-79 years","Mitchell","227","27","67"
"80 & Older years","Mitchell","140","33","45"
"<1 years","Mitchell","32","0","3"
"Unknown years","Mitchell","1","0","0"
"01-04 years","Monroe","45","1","4"
"05-09 years","Monroe","85","0","1"
"10-17 years","Monroe","268","0","1"
"18-29 years","Monroe","749","2","11"
"30-39 years","Monroe","642","0","12"
"40-49 years","Monroe","707","9","32"
"50-59 years","Monroe","702","10","43"
"60-69 years","Monroe","579","32","78"
"70-79 years","Monroe","321","36","65"
"80 & Older years","Monroe","174","49","49"
"<1 years","Monroe","24","0","2"
"01-04 years","Montgomery","22","0","0"
"05-09 years","Montgomery","27","0","0"
"10-17 years","Montgomery","127","0","1"
"18-29 years","Montgomery","316","1","3"
"30-39 years","Montgomery","241","2","6"
"40-49 years","Montgomery","221","1","5"
"50-59 years","Montgomery","207","6","17"
"60-69 years","Montgomery","182","9","17"
"70-79 years","Montgomery","115","19","21"
"80 & Older years","Montgomery","49","11","9"
"<1 years","Montgomery","11","0","0"
"Unknown years","Montgomery","1","0","0"
"01-04 years","Morgan","81","0","2"
"05-09 years","Morgan","106","0","2"
"10-17 years","Morgan","245","0","2"
"18-29 years","Morgan","549","0","19"
"30-39 years","Morgan","464","1","17"
"40-49 years","Morgan","453","1","16"
"50-59 years","Morgan","489","8","35"
"60-69 years","Morgan","336","9","40"
"70-79 years","Morgan","266","11","50"
"80 & Older years","Morgan","140","28","52"
"<1 years","Morgan","43","0","3"
"Unknown years","Morgan","15","0","0"
"01-04 years","Murray","235","0","3"
"05-09 years","Murray","331","0","3"
"10-17 years","Murray","1029","0","2"
"18-29 years","Murray","2026","0","21"
"30-39 years","Murray","1499","4","19"
"40-49 years","Murray","1530","10","46"
"50-59 years","Murray","1335","21","86"
"60-69 years","Murray","921","34","104"
"70-79 years","Murray","554","64","101"
"80 & Older years","Murray","227","43","48"
"<1 years","Murray","112","0","3"
"01-04 years","Muscogee","786","0","13"
"05-09 years","Muscogee","1400","0","1"
"10-17 years","Muscogee","3205","0","32"
"18-29 years","Muscogee","7722","14","205"
"30-39 years","Muscogee","6073","11","242"
"40-49 years","Muscogee","4817","27","297"
"50-59 years","Muscogee","4531","98","471"
"60-69 years","Muscogee","3462","176","586"
"70-79 years","Muscogee","1813","178","440"
"80 & Older years","Muscogee","1025","240","360"
"<1 years","Muscogee","261","0","11"
"Unknown years","Muscogee","19","0","2"
"01-04 years","Newton","423","0","40"
"05-09 years","Newton","881","0","16"
"10-17 years","Newton","1882","0","88"
"18-29 years","Newton","3906","2","318"
"30-39 years","Newton","3357","9","300"
"40-49 years","Newton","3449","22","317"
"50-59 years","Newton","3144","58","395"
"60-69 years","Newton","1762","83","356"
"70-79 years","Newton","1058","111","333"
"80 & Older years","Newton","560","128","220"
"<1 years","Newton","152","0","33"
"Unknown years","Newton","5","0","2"
"01-04 years","Non-GA Resident/Unknown State","1410","0","25"
"05-09 years","Non-GA Resident/Unknown State","2093","0","15"
"10-17 years","Non-GA Resident/Unknown State","4797","0","35"
"18-29 years","Non-GA Resident/Unknown State","15177","10","285"
"30-39 years","Non-GA Resident/Unknown State","12054","22","322"
"40-49 years","Non-GA Resident/Unknown State","10808","49","375"
"50-59 years","Non-GA Resident/Unknown State","10126","134","585"
"60-69 years","Non-GA Resident/Unknown State","7207","253","731"
"70-79 years","Non-GA Resident/Unknown State","4349","283","710"
"80 & Older years","Non-GA Resident/Unknown State","2228","253","509"
"<1 years","Non-GA Resident/Unknown State","739","0","34"
"Unknown years","Non-GA Resident/Unknown State","1271","0","173"
"01-04 years","Oconee","176","0","2"
"05-09 years","Oconee","327","0","1"
"10-17 years","Oconee","892","0","6"
"18-29 years","Oconee","1213","0","20"
"30-39 years","Oconee","976","1","17"
"40-49 years","Oconee","1304","3","39"
"50-59 years","Oconee","1111","7","37"
"60-69 years","Oconee","776","16","60"
"70-79 years","Oconee","446","23","58"
"80 & Older years","Oconee","271","46","80"
"<1 years","Oconee","44","0","1"
"01-04 years","Oglethorpe","61","0","1"
"05-09 years","Oglethorpe","98","0","0"
"10-17 years","Oglethorpe","242","0","4"
"18-29 years","Oglethorpe","464","0","18"
"30-39 years","Oglethorpe","347","2","15"
"40-49 years","Oglethorpe","371","5","28"
"50-59 years","Oglethorpe","370","1","41"
"60-69 years","Oglethorpe","286","9","45"
"70-79 years","Oglethorpe","202","17","37"
"80 & Older years","Oglethorpe","109","20","43"
"<1 years","Oglethorpe","31","0","1"
"Unknown years","Oglethorpe","1","0","0"
"01-04 years","Paulding","774","0","9"
"05-09 years","Paulding","1262","0","1"
"10-17 years","Paulding","2992","0","18"
"18-29 years","Paulding","5434","1","53"
"30-39 years","Paulding","5046","8","64"
"40-49 years","Paulding","4867","16","91"
"50-59 years","Paulding","4365","42","152"
"60-69 years","Paulding","2359","71","148"
"70-79 years","Paulding","1212","81","139"
"80 & Older years","Paulding","664","105","110"
"<1 years","Paulding","300","0","5"
"Unknown years","Paulding","36","0","0"
"01-04 years","Peach","80","0","2"
"05-09 years","Peach","98","0","0"
"10-17 years","Peach","256","0","2"
"18-29 years","Peach","893","1","17"
"30-39 years","Peach","698","3","23"
"40-49 years","Peach","582","9","35"
"50-59 years","Peach","609","14","61"
"60-69 years","Peach","533","27","81"
"70-79 years","Peach","280","31","71"
"80 & Older years","Peach","121","24","44"
"<1 years","Peach","19","0","0"
"01-04 years","Pickens","76","0","8"
"05-09 years","Pickens","120","0","3"
"10-17 years","Pickens","333","0","3"
"18-29 years","Pickens","917","0","25"
"30-39 years","Pickens","753","5","37"
"40-49 years","Pickens","771","3","51"
"50-59 years","Pickens","928","13","73"
"60-69 years","Pickens","801","25","123"
"70-79 years","Pickens","590","44","124"
"80 & Older years","Pickens","253","45","77"
"<1 years","Pickens","26","0","6"
"01-04 years","Pierce","69","0","0"
"05-09 years","Pierce","100","0","1"
"10-17 years","Pierce","277","1","2"
"18-29 years","Pierce","513","0","10"
"30-39 years","Pierce","407","3","17"
"40-49 years","Pierce","445","6","37"
"50-59 years","Pierce","412","17","48"
"60-69 years","Pierce","326","23","77"
"70-79 years","Pierce","218","29","76"
"80 & Older years","Pierce","97","26","35"
"<1 years","Pierce","34","0","1"
"Unknown years","Pierce","1","0","0"
"01-04 years","Pike","96","0","0"
"05-09 years","Pike","130","0","0"
"10-17 years","Pike","313","0","1"
"18-29 years","Pike","441","2","11"
"30-39 years","Pike","454","2","13"
"40-49 years","Pike","469","3","20"
"50-59 years","Pike","425","15","34"
"60-69 years","Pike","297","17","51"
"70-79 years","Pike","182","18","43"
"80 & Older years","Pike","88","17","22"
"<1 years","Pike","35","0","0"
"01-04 years","Polk","223","0","2"
"05-09 years","Polk","327","0","4"
"10-17 years","Polk","974","0","9"
"18-29 years","Polk","2060","0","33"
"30-39 years","Polk","1551","2","42"
"40-49 years","Polk","1433","8","70"
"50-59 years","Polk","1386","27","144"
"60-69 years","Polk","962","40","160"
"70-79 years","Polk","634","50","161"
"80 & Older years","Polk","292","45","84"
"<1 years","Polk","136","0","4"
"Unknown years","Polk","19","0","1"
"01-04 years","Pulaski","34","0","0"
"05-09 years","Pulaski","51","0","0"
"10-17 years","Pulaski","125","0","1"
"18-29 years","Pulaski","226","0","3"
"30-39 years","Pulaski","199","1","3"
"40-49 years","Pulaski","175","0","10"
"50-59 years","Pulaski","185","4","11"
"60-69 years","Pulaski","151","14","17"
"70-79 years","Pulaski","73","14","18"
"80 & Older years","Pulaski","49","15","8"
"<1 years","Pulaski","15","0","0"
"Unknown years","Pulaski","1","0","0"
"01-04 years","Putnam","67","0","0"
"05-09 years","Putnam","118","0","1"
"10-17 years","Putnam","317","0","3"
"18-29 years","Putnam","642","0","8"
"30-39 years","Putnam","578","3","20"
"40-49 years","Putnam","472","4","23"
"50-59 years","Putnam","630","5","43"
"60-69 years","Putnam","552","28","66"
"70-79 years","Putnam","414","34","94"
"80 & Older years","Putnam","170","27","51"
"<1 years","Putnam","25","0","1"
"01-04 years","Quitman","8","0","0"
"05-09 years","Quitman","14","0","0"
"10-17 years","Quitman","28","0","0"
"18-29 years","Quitman","38","0","2"
"30-39 years","Quitman","33","0","2"
"40-49 years","Quitman","17","0","1"
"50-59 years","Quitman","41","0","4"
"60-69 years","Quitman","48","1","7"
"70-79 years","Quitman","15","1","2"
"80 & Older years","Quitman","12","1","4"
"<1 years","Quitman","4","0","1"
"01-04 years","Rabun","53","0","0"
"05-09 years","Rabun","93","0","0"
"10-17 years","Rabun","269","0","2"
"18-29 years","Rabun","426","2","10"
"30-39 years","Rabun","344","2","15"
"40-49 years","Rabun","382","3","23"
"50-59 years","Rabun","448","8","50"
"60-69 years","Rabun","453","15","52"
"70-79 years","Rabun","348","28","70"
"80 & Older years","Rabun","142","26","50"
"<1 years","Rabun","22","0","1"
"Unknown years","Rabun","1","0","0"
"01-04 years","Randolph","19","0","1"
"05-09 years","Randolph","44","0","0"
"10-17 years","Randolph","92","0","3"
"18-29 years","Randolph","141","1","7"
"30-39 years","Randolph","124","2","10"
"40-49 years","Randolph","95","0","9"
"50-59 years","Randolph","140","7","28"
"60-69 years","Randolph","112","11","24"
"70-79 years","Randolph","75","7","21"
"80 & Older years","Randolph","58","15","18"
"<1 years","Randolph","4","0","0"
"01-04 years","Richmond","867","0","18"
"05-09 years","Richmond","1472","1","15"
"10-17 years","Richmond","3355","0","48"
"18-29 years","Richmond","9715","16","147"
"30-39 years","Richmond","7281","16","194"
"40-49 years","Richmond","5381","36","238"
"50-59 years","Richmond","4885","77","414"
"60-69 years","Richmond","3783","165","512"
"70-79 years","Richmond","1972","191","519"
"80 & Older years","Richmond","1074","230","393"
"<1 years","Richmond","298","0","20"
"Unknown years","Richmond","21","0","0"
"01-04 years","Rockdale","371","0","38"
"05-09 years","Rockdale","628","0","33"
"10-17 years","Rockdale","1587","0","86"
"18-29 years","Rockdale","3272","5","282"
"30-39 years","Rockdale","2793","5","307"
"40-49 years","Rockdale","2844","12","297"
"50-59 years","Rockdale","2829","32","378"
"60-69 years","Rockdale","1737","70","340"
"70-79 years","Rockdale","972","87","311"
"80 & Older years","Rockdale","510","91","232"
"<1 years","Rockdale","107","0","16"
"Unknown years","Rockdale","8","0","6"
"01-04 years","Schley","14","0","0"
"05-09 years","Schley","21","0","0"
"10-17 years","Schley","64","0","0"
"18-29 years","Schley","95","0","3"
"30-39 years","Schley","78","0","0"
"40-49 years","Schley","89","0","5"
"50-59 years","Schley","83","2","8"
"60-69 years","Schley","58","1","8"
"70-79 years","Schley","43","6","9"
"80 & Older years","Schley","13","2","3"
"<1 years","Schley","5","0","0"
"01-04 years","Screven","38","0","2"
"05-09 years","Screven","82","0","0"
"10-17 years","Screven","226","0","1"
"18-29 years","Screven","330","0","9"
"30-39 years","Screven","306","1","7"
"40-49 years","Screven","250","4","14"
"50-59 years","Screven","259","6","23"
"60-69 years","Screven","239","6","26"
"70-79 years","Screven","142","10","25"
"80 & Older years","Screven","72","9","19"
"<1 years","Screven","18","0","0"
"01-04 years","Seminole","41","0","0"
"05-09 years","Seminole","63","0","0"
"10-17 years","Seminole","187","0","1"
"18-29 years","Seminole","295","0","5"
"30-39 years","Seminole","244","1","4"
"40-49 years","Seminole","218","0","11"
"50-59 years","Seminole","237","4","11"
"60-69 years","Seminole","240","7","36"
"70-79 years","Seminole","151","7","24"
"80 & Older years","Seminole","74","8","26"
"<1 years","Seminole","23","0","1"
"Unknown years","Seminole","2","0","0"
"01-04 years","Spalding","298","0","3"
"05-09 years","Spalding","384","0","1"
"10-17 years","Spalding","879","0","7"
"18-29 years","Spalding","2121","4","61"
"30-39 years","Spalding","1842","7","69"
"40-49 years","Spalding","1647","18","96"
"50-59 years","Spalding","1588","42","146"
"60-69 years","Spalding","1236","94","190"
"70-79 years","Spalding","806","103","169"
"80 & Older years","Spalding","442","98","116"
"<1 years","Spalding","115","0","5"
"Unknown years","Spalding","11","0","2"
"01-04 years","Stephens","98","0","3"
"05-09 years","Stephens","160","0","1"
"10-17 years","Stephens","537","0","3"
"18-29 years","Stephens","1151","1","28"
"30-39 years","Stephens","779","0","14"
"40-49 years","Stephens","881","1","30"
"50-59 years","Stephens","926","17","64"
"60-69 years","Stephens","858","37","100"
"70-79 years","Stephens","556","44","108"
"80 & Older years","Stephens","276","40","58"
"<1 years","Stephens","40","0","1"
"Unknown years","Stephens","3","0","0"
"01-04 years","Stewart","12","0","1"
"05-09 years","Stewart","24","0","0"
"10-17 years","Stewart","61","0","0"
"18-29 years","Stewart","805","0","24"
"30-39 years","Stewart","660","1","28"
"40-49 years","Stewart","412","2","25"
"50-59 years","Stewart","211","3","22"
"60-69 years","Stewart","114","16","34"
"70-79 years","Stewart","47","4","10"
"80 & Older years","Stewart","39","6","11"
"<1 years","Stewart","4","0","0"
"Unknown years","Stewart","8","0","0"
"01-04 years","Sumter","89","0","1"
"05-09 years","Sumter","141","0","0"
"10-17 years","Sumter","300","0","10"
"18-29 years","Sumter","801","2","30"
"30-39 years","Sumter","633","2","42"
"40-49 years","Sumter","573","12","46"
"50-59 years","Sumter","604","15","73"
"60-69 years","Sumter","482","36","103"
"70-79 years","Sumter","288","39","80"
"80 & Older years","Sumter","202","51","83"
"<1 years","Sumter","51","0","4"
"01-04 years","Talbot","33","0","1"
"05-09 years","Talbot","41","0","0"
"10-17 years","Talbot","83","0","1"
"18-29 years","Talbot","169","0","5"
"30-39 years","Talbot","125","0","4"
"40-49 years","Talbot","141","3","6"
"50-59 years","Talbot","160","6","14"
"60-69 years","Talbot","137","8","28"
"70-79 years","Talbot","73","8","13"
"80 & Older years","Talbot","44","7","16"
"<1 years","Talbot","8","0","0"
"01-04 years","Taliaferro","3","0","0"
"05-09 years","Taliaferro","2","0","0"
"10-17 years","Taliaferro","14","0","0"
"18-29 years","Taliaferro","33","0","2"
"30-39 years","Taliaferro","32","0","0"
"40-49 years","Taliaferro","33","0","3"
"50-59 years","Taliaferro","22","0","1"
"60-69 years","Taliaferro","31","1","4"
"70-79 years","Taliaferro","17","1","6"
"80 & Older years","Taliaferro","5","1","3"
"<1 years","Taliaferro","1","0","0"
"01-04 years","Tattnall","86","0","1"
"05-09 years","Tattnall","129","0","1"
"10-17 years","Tattnall","333","0","2"
"18-29 years","Tattnall","663","1","4"
"30-39 years","Tattnall","590","2","11"
"40-49 years","Tattnall","530","0","13"
"50-59 years","Tattnall","532","17","38"
"60-69 years","Tattnall","374","23","52"
"70-79 years","Tattnall","197","33","52"
"80 & Older years","Tattnall","73","8","17"
"<1 years","Tattnall","38","0","1"
"Unknown years","Tattnall","1","0","0"
"01-04 years","Taylor","35","0","2"
"05-09 years","Taylor","83","0","0"
"10-17 years","Taylor","123","0","1"
"18-29 years","Taylor","199","1","6"
"30-39 years","Taylor","154","1","5"
"40-49 years","Taylor","197","2","20"
"50-59 years","Taylor","155","4","25"
"60-69 years","Taylor","137","9","28"
"70-79 years","Taylor","78","12","22"
"80 & Older years","Taylor","52","12","16"
"<1 years","Taylor","12","0","1"
"01-04 years","Telfair","19","0","0"
"05-09 years","Telfair","33","0","0"
"10-17 years","Telfair","69","0","1"
"18-29 years","Telfair","259","0","4"
"30-39 years","Telfair","206","1","5"
"40-49 years","Telfair","203","2","8"
"50-59 years","Telfair","183","8","17"
"60-69 years","Telfair","164","13","25"
"70-79 years","Telfair","106","18","26"
"80 & Older years","Telfair","56","17","14"
"<1 years","Telfair","10","0","0"
"Unknown years","Telfair","1","0","0"
"01-04 years","Terrell","30","0","0"
"05-09 years","Terrell","45","0","0"
"10-17 years","Terrell","200","0","1"
"18-29 years","Terrell","178","0","10"
"30-39 years","Terrell","160","0","16"
"40-49 years","Terrell","144","2","16"
"50-59 years","Terrell","177","9","33"
"60-69 years","Terrell","156","14","48"
"70-79 years","Terrell","92","21","34"
"80 & Older years","Terrell","57","18","22"
"<1 years","Terrell","10","0","0"
"01-04 years","Thomas","323","1","2"
"05-09 years","Thomas","555","0","4"
"10-17 years","Thomas","1198","0","3"
"18-29 years","Thomas","1600","2","48"
"30-39 years","Thomas","1321","5","40"
"40-49 years","Thomas","1234","12","68"
"50-59 years","Thomas","1243","26","109"
"60-69 years","Thomas","916","32","164"
"70-79 years","Thomas","526","48","125"
"80 & Older years","Thomas","296","57","99"
"<1 years","Thomas","148","0","5"
"Unknown years","Thomas","5","0","0"
"01-04 years","Tift","173","0","8"
"05-09 years","Tift","238","0","5"
"10-17 years","Tift","576","0","12"
"18-29 years","Tift","1408","2","43"
"30-39 years","Tift","1041","4","54"
"40-49 years","Tift","944","11","80"
"50-59 years","Tift","827","20","97"
"60-69 years","Tift","646","29","116"
"70-79 years","Tift","395","49","117"
"80 & Older years","Tift","239","53","85"
"<1 years","Tift","88","0","5"
"Unknown years","Tift","4","0","0"
"01-04 years","Toombs","86","0","1"
"05-09 years","Toombs","150","0","0"
"10-17 years","Toombs","433","0","2"
"18-29 years","Toombs","1123","1","16"
"30-39 years","Toombs","876","2","10"
"40-49 years","Toombs","797","10","40"
"50-59 years","Toombs","812","19","43"
"60-69 years","Toombs","706","36","83"
"70-79 years","Toombs","458","49","57"
"80 & Older years","Toombs","252","57","47"
"<1 years","Toombs","38","0","1"
"Unknown years","Toombs","2","0","0"
"01-04 years","Towns","21","0","0"
"05-09 years","Towns","32","0","1"
"10-17 years","Towns","99","0","2"
"18-29 years","Towns","288","0","5"
"30-39 years","Towns","192","1","6"
"40-49 years","Towns","233","3","7"
"50-59 years","Towns","362","9","32"
"60-69 years","Towns","442","13","36"
"70-79 years","Towns","343","21","60"
"80 & Older years","Towns","232","42","75"
"<1 years","Towns","9","0","0"
"Unknown years","Towns","11","0","0"
"01-04 years","Treutlen","19","0","0"
"05-09 years","Treutlen","38","0","1"
"10-17 years","Treutlen","97","0","1"
"18-29 years","Treutlen","226","0","4"
"30-39 years","Treutlen","206","0","6"
"40-49 years","Treutlen","181","5","7"
"50-59 years","Treutlen","168","3","12"
"60-69 years","Treutlen","121","7","17"
"70-79 years","Treutlen","85","19","14"
"80 & Older years","Treutlen","47","14","12"
"<1 years","Treutlen","2","0","0"
"01-04 years","Troup","387","0","3"
"05-09 years","Troup","523","0","1"
"10-17 years","Troup","1200","0","13"
"18-29 years","Troup","2788","3","48"
"30-39 years","Troup","2219","10","69"
"40-49 years","Troup","1838","14","79"
"50-59 years","Troup","1801","44","160"
"60-69 years","Troup","1286","68","155"
"70-79 years","Troup","716","75","143"
"80 & Older years","Troup","450","115","92"
"<1 years","Troup","165","0","6"
"Unknown years","Troup","4","0","0"
"01-04 years","Turner","21","0","0"
"05-09 years","Turner","29","0","1"
"10-17 years","Turner","54","0","2"
"18-29 years","Turner","208","0","7"
"30-39 years","Turner","217","1","16"
"40-49 years","Turner","198","1","11"
"50-59 years","Turner","172","2","20"
"60-69 years","Turner","136","11","37"
"70-79 years","Turner","76","15","22"
"80 & Older years","Turner","43","18","18"
"<1 years","Turner","19","0","1"
"01-04 years","Twiggs","26","0","1"
"05-09 years","Twiggs","24","0","1"
"10-17 years","Twiggs","74","0","1"
"18-29 years","Twiggs","162","0","3"
"30-39 years","Twiggs","148","1","5"
"40-49 years","Twiggs","150","2","13"
"50-59 years","Twiggs","205","4","30"
"60-69 years","Twiggs","193","13","48"
"70-79 years","Twiggs","102","18","40"
"80 & Older years","Twiggs","45","17","23"
"<1 years","Twiggs","5","0","0"
"01-04 years","Union","45","0","0"
"05-09 years","Union","86","0","0"
"10-17 years","Union","262","0","2"
"18-29 years","Union","609","1","8"
"30-39 years","Union","568","3","12"
"40-49 years","Union","538","2","24"
"50-59 years","Union","707","10","54"
"60-69 years","Union","877","23","91"
"70-79 years","Union","765","42","132"
"80 & Older years","Union","382","67","113"
"<1 years","Union","26","0","2"
"Unknown years","Union","24","0","0"
"01-04 years","Unknown","363","0","2"
"05-09 years","Unknown","537","0","0"
"10-17 years","Unknown","1082","0","2"
"18-29 years","Unknown","2352","0","9"
"30-39 years","Unknown","1579","0","10"
"40-49 years","Unknown","1491","0","9"
"50-59 years","Unknown","1173","0","9"
"60-69 years","Unknown","715","1","23"
"70-79 years","Unknown","338","0","15"
"80 & Older years","Unknown","157","1","14"
"<1 years","Unknown","210","0","2"
"Unknown years","Unknown","112","0","4"
"01-04 years","Upson","152","0","2"
"05-09 years","Upson","198","0","0"
"10-17 years","Upson","441","1","6"
"18-29 years","Upson","846","0","20"
"30-39 years","Upson","661","2","14"
"40-49 years","Upson","610","3","30"
"50-59 years","Upson","621","17","61"
"60-69 years","Upson","526","42","85"
"70-79 years","Upson","349","57","92"
"80 & Older years","Upson","187","58","69"
"<1 years","Upson","65","0","3"
"Unknown years","Upson","6","0","0"
"01-04 years","Walker","299","0","3"
"05-09 years","Walker","513","0","2"
"10-17 years","Walker","1322","0","12"
"18-29 years","Walker","2711","0","33"
"30-39 years","Walker","2195","2","33"
"40-49 years","Walker","2322","12","77"
"50-59 years","Walker","2091","16","90"
"60-69 years","Walker","1600","45","130"
"70-79 years","Walker","1034","64","134"
"80 & Older years","Walker","481","64","87"
"<1 years","Walker","126","0","6"
"Unknown years","Walker","25","0","3"
"01-04 years","Walton","331","0","19"
"05-09 years","Walton","539","0","21"
"10-17 years","Walton","1451","0","43"
"18-29 years","Walton","3099","3","189"
"30-39 years","Walton","2765","8","167"
"40-49 years","Walton","2783","13","212"
"50-59 years","Walton","2707","37","267"
"60-69 years","Walton","1821","66","303"
"70-79 years","Walton","1203","121","318"
"80 & Older years","Walton","705","147","250"
"<1 years","Walton","143","0","17"
"Unknown years","Walton","4","0","0"
"01-04 years","Ware","176","0","1"
"05-09 years","Ware","237","0","0"
"10-17 years","Ware","614","0","4"
"18-29 years","Ware","1155","3","20"
"30-39 years","Ware","945","3","40"
"40-49 years","Ware","867","5","62"
"50-59 years","Ware","778","35","138"
"60-69 years","Ware","597","42","129"
"70-79 years","Ware","431","57","147"
"80 & Older years","Ware","285","80","91"
"<1 years","Ware","67","0","2"
"Unknown years","Ware","1","0","0"
"01-04 years","Warren","12","0","0"
"05-09 years","Warren","17","0","1"
"10-17 years","Warren","50","0","1"
"18-29 years","Warren","140","0","4"
"30-39 years","Warren","105","0","6"
"40-49 years","Warren","99","3","9"
"50-59 years","Warren","98","3","11"
"60-69 years","Warren","78","3","13"
"70-79 years","Warren","65","7","18"
"80 & Older years","Warren","30","7","11"
"<1 years","Warren","9","0","1"
"Unknown years","Warren","1","0","0"
"01-04 years","Washington","114","0","0"
"05-09 years","Washington","161","0","0"
"10-17 years","Washington","397","1","5"
"18-29 years","Washington","583","0","8"
"30-39 years","Washington","522","2","16"
"40-49 years","Washington","485","6","16"
"50-59 years","Washington","449","10","21"
"60-69 years","Washington","375","18","40"
"70-79 years","Washington","187","15","31"
"80 & Older years","Washington","93","30","16"
"<1 years","Washington","44","0","0"
"Unknown years","Washington","1","0","0"
"01-04 years","Wayne","100","0","3"
"05-09 years","Wayne","177","0","1"
"10-17 years","Wayne","538","0","4"
"18-29 years","Wayne","1035","1","18"
"30-39 years","Wayne","963","7","24"
"40-49 years","Wayne","973","12","66"
"50-59 years","Wayne","875","26","72"
"60-69 years","Wayne","665","45","120"
"70-79 years","Wayne","466","48","129"
"80 & Older years","Wayne","211","43","58"
"<1 years","Wayne","51","0","3"
"01-04 years","Webster","1","0","0"
"05-09 years","Webster","10","0","0"
"10-17 years","Webster","20","0","0"
"18-29 years","Webster","49","0","3"
"30-39 years","Webster","29","0","2"
"40-49 years","Webster","42","0","2"
"50-59 years","Webster","44","3","8"
"60-69 years","Webster","41","1","7"
"70-79 years","Webster","19","3","4"
"80 & Older years","Webster","9","2","3"
"<1 years","Webster","4","0","0"
"01-04 years","Wheeler","12","0","0"
"05-09 years","Wheeler","12","0","1"
"10-17 years","Wheeler","51","0","0"
"18-29 years","Wheeler","168","0","0"
"30-39 years","Wheeler","196","2","2"
"40-49 years","Wheeler","181","3","5"
"50-59 years","Wheeler","159","9","11"
"60-69 years","Wheeler","86","6","11"
"70-79 years","Wheeler","60","10","13"
"80 & Older years","Wheeler","17","5","2"
"<1 years","Wheeler","7","0","0"
"Unknown years","Wheeler","23","0","1"
"01-04 years","White","83","0","1"
"05-09 years","White","182","0","1"
"10-17 years","White","595","0","2"
"18-29 years","White","1053","2","17"
"30-39 years","White","843","3","13"
"40-49 years","White","949","8","40"
"50-59 years","White","1073","12","75"
"60-69 years","White","937","23","103"
"70-79 years","White","750","43","135"
"80 & Older years","White","393","56","111"
"<1 years","White","39","0","2"
"Unknown years","White","4","0","0"
"01-04 years","Whitfield","543","0","3"
"05-09 years","Whitfield","964","0","5"
"10-17 years","Whitfield","2862","0","14"
"18-29 years","Whitfield","6681","3","73"
"30-39 years","Whitfield","4593","7","94"
"40-49 years","Whitfield","4356","13","124"
"50-59 years","Whitfield","3934","60","194"
"60-69 years","Whitfield","2431","81","224"
"70-79 years","Whitfield","1416","103","215"
"80 & Older years","Whitfield","763","145","168"
"<1 years","Whitfield","241","0","6"
"Unknown years","Whitfield","1","0","0"
"01-04 years","Wilcox","30","0","1"
"05-09 years","Wilcox","34","0","1"
"10-17 years","Wilcox","66","0","0"
"18-29 years","Wilcox","113","0","2"
"30-39 years","Wilcox","106","0","3"
"40-49 years","Wilcox","120","0","13"
"50-59 years","Wilcox","127","2","20"
"60-69 years","Wilcox","132","11","31"
"70-79 years","Wilcox","78","12","14"
"80 & Older years","Wilcox","30","9","11"
"<1 years","Wilcox","11","0","1"
"01-04 years","Wilkes","17","0","1"
"05-09 years","Wilkes","34","0","0"
"10-17 years","Wilkes","94","0","1"
"18-29 years","Wilkes","212","1","8"
"30-39 years","Wilkes","148","0","7"
"40-49 years","Wilkes","175","1","21"
"50-59 years","Wilkes","161","5","17"
"60-69 years","Wilkes","146","9","33"
"70-79 years","Wilkes","96","10","32"
"80 & Older years","Wilkes","61","13","24"
"<1 years","Wilkes","12","0","2"
"01-04 years","Wilkinson","37","0","0"
"05-09 years","Wilkinson","55","0","0"
"10-17 years","Wilkinson","157","0","1"
"18-29 years","Wilkinson","303","0","5"
"30-39 years","Wilkinson","257","0","15"
"40-49 years","Wilkinson","256","0","11"
"50-59 years","Wilkinson","285","7","34"
"60-69 years","Wilkinson","243","19","54"
"70-79 years","Wilkinson","114","15","28"
"80 & Older years","Wilkinson","68","11","22"
"<1 years","Wilkinson","12","0","0"
"01-04 years","Worth","52","0","1"
"05-09 years","Worth","91","0","1"
"10-17 years","Worth","233","1","6"
"18-29 years","Worth","455","1","21"
"30-39 years","Worth","348","0","20"
"40-49 years","Worth","334","4","27"
"50-59 years","Worth","333","9","43"
"60-69 years","Worth","318","26","79"
"70-79 years","Worth","193","26","56"
"80 & Older years","Worth","114","28","41"
"<1 years","Worth","20","0","0"
"Unknown years","Worth","4","0","0"
