"age group","county name","cases","deaths","hospitalization"
"01-04 years","Georgia","10247","1","182"
"05-09 years","Georgia","16963","2","146"
"10-17 years","Georgia","58887","6","580"
"18-29 years","Georgia","179534","99","3312"
"30-39 years","Georgia","129291","219","4337"
"40-49 years","Georgia","125769","491","6291"
"50-59 years","Georgia","119636","1321","9364"
"60-69 years","Georgia","81325","2857","11231"
"70-79 years","Georgia","47720","4163","10726"
"80 & Older years","Georgia","27882","5521","8455"
"<1 years","Georgia","2912","0","155"
"Unknown years","Georgia","5953","9","104"
"01-04 years","Appling","25","0","0"
"05-09 years","Appling","51","0","0"
"10-17 years","Appling","157","0","1"
"18-29 years","Appling","330","1","5"
"30-39 years","Appling","240","1","5"
"40-49 years","Appling","241","4","17"
"50-59 years","Appling","272","6","23"
"60-69 years","Appling","238","13","46"
"70-79 years","Appling","157","15","31"
"80 & Older years","Appling","78","16","29"
"<1 years","Appling","5","0","0"
"Unknown years","Appling","1","0","0"
"01-04 years","Atkinson","6","0","1"
"05-09 years","Atkinson","18","0","1"
"10-17 years","Atkinson","47","0","0"
"18-29 years","Atkinson","162","0","8"
"30-39 years","Atkinson","121","0","10"
"40-49 years","Atkinson","127","1","23"
"50-59 years","Atkinson","133","1","23"
"60-69 years","Atkinson","81","4","24"
"70-79 years","Atkinson","45","7","15"
"80 & Older years","Atkinson","14","5","10"
"<1 years","Atkinson","3","0","0"
"01-04 years","Bacon","17","0","0"
"05-09 years","Bacon","22","0","0"
"10-17 years","Bacon","70","0","1"
"18-29 years","Bacon","231","0","1"
"30-39 years","Bacon","131","0","4"
"40-49 years","Bacon","157","1","11"
"50-59 years","Bacon","145","2","16"
"60-69 years","Bacon","117","8","19"
"70-79 years","Bacon","75","7","15"
"80 & Older years","Bacon","38","8","7"
"<1 years","Bacon","6","0","0"
"Unknown years","Bacon","1","0","0"
"01-04 years","Baker","5","0","0"
"05-09 years","Baker","4","0","0"
"10-17 years","Baker","9","0","0"
"18-29 years","Baker","23","0","0"
"30-39 years","Baker","22","0","2"
"40-49 years","Baker","13","0","1"
"50-59 years","Baker","20","0","1"
"60-69 years","Baker","31","3","14"
"70-79 years","Baker","18","2","10"
"80 & Older years","Baker","9","2","3"
"<1 years","Baker","2","0","0"
"01-04 years","Baldwin","30","0","0"
"05-09 years","Baldwin","52","0","0"
"10-17 years","Baldwin","180","1","5"
"18-29 years","Baldwin","1237","0","15"
"30-39 years","Baldwin","448","1","15"
"40-49 years","Baldwin","463","2","29"
"50-59 years","Baldwin","476","11","50"
"60-69 years","Baldwin","375","20","67"
"70-79 years","Baldwin","253","24","54"
"80 & Older years","Baldwin","152","41","59"
"<1 years","Baldwin","13","0","0"
"01-04 years","Banks","8","0","0"
"05-09 years","Banks","24","0","1"
"10-17 years","Banks","100","0","2"
"18-29 years","Banks","280","0","7"
"30-39 years","Banks","195","0","5"
"40-49 years","Banks","213","0","15"
"50-59 years","Banks","238","1","23"
"60-69 years","Banks","197","4","40"
"70-79 years","Banks","147","13","53"
"80 & Older years","Banks","79","12","28"
"<1 years","Banks","5","0","1"
"Unknown years","Banks","44","0","1"
"01-04 years","Barrow","84","0","0"
"05-09 years","Barrow","152","0","0"
"10-17 years","Barrow","572","0","7"
"18-29 years","Barrow","1609","2","33"
"30-39 years","Barrow","1362","1","41"
"40-49 years","Barrow","1379","4","60"
"50-59 years","Barrow","1160","7","93"
"60-69 years","Barrow","792","24","132"
"70-79 years","Barrow","472","31","98"
"80 & Older years","Barrow","228","44","85"
"<1 years","Barrow","28","0","2"
"Unknown years","Barrow","26","0","0"
"01-04 years","Bartow","93","0","3"
"05-09 years","Bartow","197","0","2"
"10-17 years","Bartow","847","0","9"
"18-29 years","Bartow","1894","0","20"
"30-39 years","Bartow","1522","4","42"
"40-49 years","Bartow","1593","1","71"
"50-59 years","Bartow","1648","13","131"
"60-69 years","Bartow","976","30","143"
"70-79 years","Bartow","683","62","163"
"80 & Older years","Bartow","323","68","110"
"<1 years","Bartow","35","0","2"
"Unknown years","Bartow","144","0","7"
"01-04 years","Ben Hill","28","0","1"
"05-09 years","Ben Hill","19","0","0"
"10-17 years","Ben Hill","96","0","0"
"18-29 years","Ben Hill","253","0","4"
"30-39 years","Ben Hill","210","3","9"
"40-49 years","Ben Hill","194","1","10"
"50-59 years","Ben Hill","237","4","29"
"60-69 years","Ben Hill","199","12","27"
"70-79 years","Ben Hill","142","19","51"
"80 & Older years","Ben Hill","68","16","16"
"<1 years","Ben Hill","5","0","0"
"Unknown years","Ben Hill","2","0","0"
"01-04 years","Berrien","15","0","0"
"05-09 years","Berrien","22","0","0"
"10-17 years","Berrien","88","0","1"
"18-29 years","Berrien","191","0","0"
"30-39 years","Berrien","150","0","3"
"40-49 years","Berrien","132","0","4"
"50-59 years","Berrien","158","2","16"
"60-69 years","Berrien","118","8","17"
"70-79 years","Berrien","77","9","14"
"80 & Older years","Berrien","47","9","13"
"<1 years","Berrien","2","0","0"
"Unknown years","Berrien","1","0","0"
"01-04 years","Bibb","132","0","5"
"05-09 years","Bibb","177","0","0"
"10-17 years","Bibb","606","0","7"
"18-29 years","Bibb","2795","1","74"
"30-39 years","Bibb","1974","6","103"
"40-49 years","Bibb","1987","12","185"
"50-59 years","Bibb","1864","20","250"
"60-69 years","Bibb","1492","74","383"
"70-79 years","Bibb","914","101","327"
"80 & Older years","Bibb","571","124","270"
"<1 years","Bibb","44","0","4"
"Unknown years","Bibb","21","0","0"
"01-04 years","Bleckley","4","0","0"
"05-09 years","Bleckley","15","0","0"
"10-17 years","Bleckley","70","0","0"
"18-29 years","Bleckley","187","0","3"
"30-39 years","Bleckley","87","0","2"
"40-49 years","Bleckley","102","1","2"
"50-59 years","Bleckley","101","2","4"
"60-69 years","Bleckley","81","7","10"
"70-79 years","Bleckley","63","4","12"
"80 & Older years","Bleckley","62","18","12"
"<1 years","Bleckley","3","0","0"
"Unknown years","Bleckley","1","0","0"
"01-04 years","Brantley","12","0","0"
"05-09 years","Brantley","12","0","0"
"10-17 years","Brantley","80","0","1"
"18-29 years","Brantley","146","0","1"
"30-39 years","Brantley","107","0","4"
"40-49 years","Brantley","119","1","5"
"50-59 years","Brantley","140","2","13"
"60-69 years","Brantley","107","4","13"
"70-79 years","Brantley","85","11","20"
"80 & Older years","Brantley","47","8","10"
"<1 years","Brantley","1","0","0"
"01-04 years","Brooks","14","0","1"
"05-09 years","Brooks","22","0","0"
"10-17 years","Brooks","83","0","0"
"18-29 years","Brooks","165","0","1"
"30-39 years","Brooks","119","0","2"
"40-49 years","Brooks","112","1","11"
"50-59 years","Brooks","138","2","19"
"60-69 years","Brooks","97","6","16"
"70-79 years","Brooks","81","10","20"
"80 & Older years","Brooks","55","18","15"
"<1 years","Brooks","4","0","0"
"01-04 years","Bryan","42","0","0"
"05-09 years","Bryan","69","0","0"
"10-17 years","Bryan","227","0","2"
"18-29 years","Bryan","474","0","10"
"30-39 years","Bryan","380","1","9"
"40-49 years","Bryan","431","0","14"
"50-59 years","Bryan","322","4","29"
"60-69 years","Bryan","229","9","27"
"70-79 years","Bryan","151","7","47"
"80 & Older years","Bryan","65","7","24"
"<1 years","Bryan","12","0","0"
"Unknown years","Bryan","5","0","0"
"01-04 years","Bulloch","56","0","0"
"05-09 years","Bulloch","100","0","0"
"10-17 years","Bulloch","354","0","2"
"18-29 years","Bulloch","2160","0","8"
"30-39 years","Bulloch","602","4","21"
"40-49 years","Bulloch","527","2","25"
"50-59 years","Bulloch","493","5","29"
"60-69 years","Bulloch","373","13","41"
"70-79 years","Bulloch","186","12","34"
"80 & Older years","Bulloch","102","11","32"
"<1 years","Bulloch","23","0","2"
"Unknown years","Bulloch","6","0","0"
"01-04 years","Burke","21","0","0"
"05-09 years","Burke","43","0","0"
"10-17 years","Burke","123","0","1"
"18-29 years","Burke","324","1","7"
"30-39 years","Burke","247","1","8"
"40-49 years","Burke","278","2","14"
"50-59 years","Burke","254","2","31"
"60-69 years","Burke","192","5","34"
"70-79 years","Burke","115","11","29"
"80 & Older years","Burke","37","9","14"
"<1 years","Burke","6","0","0"
"Unknown years","Burke","2","0","0"
"01-04 years","Butts","22","0","3"
"05-09 years","Butts","23","0","0"
"10-17 years","Butts","106","0","1"
"18-29 years","Butts","349","0","6"
"30-39 years","Butts","306","0","7"
"40-49 years","Butts","302","3","13"
"50-59 years","Butts","324","5","21"
"60-69 years","Butts","242","15","29"
"70-79 years","Butts","171","18","21"
"80 & Older years","Butts","103","26","6"
"<1 years","Butts","5","0","1"
"Unknown years","Butts","2","0","0"
"01-04 years","Calhoun","6","0","0"
"05-09 years","Calhoun","1","0","0"
"10-17 years","Calhoun","36","0","0"
"18-29 years","Calhoun","67","0","6"
"30-39 years","Calhoun","58","2","6"
"40-49 years","Calhoun","79","2","9"
"50-59 years","Calhoun","77","2","15"
"60-69 years","Calhoun","73","2","19"
"70-79 years","Calhoun","23","4","8"
"80 & Older years","Calhoun","15","2","8"
"<1 years","Calhoun","3","0","0"
"Unknown years","Calhoun","1","0","0"
"01-04 years","Camden","42","0","0"
"05-09 years","Camden","45","0","1"
"10-17 years","Camden","224","0","1"
"18-29 years","Camden","737","0","4"
"30-39 years","Camden","492","1","14"
"40-49 years","Camden","394","1","11"
"50-59 years","Camden","450","1","16"
"60-69 years","Camden","331","7","24"
"70-79 years","Camden","196","2","21"
"80 & Older years","Camden","89","13","21"
"<1 years","Camden","9","0","1"
"Unknown years","Camden","8","0","0"
"01-04 years","Candler","8","0","0"
"05-09 years","Candler","12","0","0"
"10-17 years","Candler","53","0","0"
"18-29 years","Candler","127","0","0"
"30-39 years","Candler","92","0","3"
"40-49 years","Candler","114","2","3"
"50-59 years","Candler","121","5","10"
"60-69 years","Candler","95","8","14"
"70-79 years","Candler","60","12","19"
"80 & Older years","Candler","27","6","11"
"<1 years","Candler","4","0","0"
"Unknown years","Candler","1","0","0"
"01-04 years","Carroll","84","0","1"
"05-09 years","Carroll","128","0","1"
"10-17 years","Carroll","586","0","6"
"18-29 years","Carroll","1628","0","11"
"30-39 years","Carroll","1014","4","18"
"40-49 years","Carroll","991","4","27"
"50-59 years","Carroll","1009","11","52"
"60-69 years","Carroll","719","21","68"
"70-79 years","Carroll","433","30","60"
"80 & Older years","Carroll","264","47","43"
"<1 years","Carroll","25","0","0"
"Unknown years","Carroll","17","0","0"
"01-04 years","Catoosa","79","0","0"
"05-09 years","Catoosa","118","0","1"
"10-17 years","Catoosa","431","0","2"
"18-29 years","Catoosa","911","0","7"
"30-39 years","Catoosa","674","1","10"
"40-49 years","Catoosa","786","1","13"
"50-59 years","Catoosa","727","5","28"
"60-69 years","Catoosa","532","7","52"
"70-79 years","Catoosa","330","15","47"
"80 & Older years","Catoosa","230","29","44"
"<1 years","Catoosa","31","0","1"
"Unknown years","Catoosa","133","0","9"
"01-04 years","Charlton","12","0","0"
"05-09 years","Charlton","26","0","0"
"10-17 years","Charlton","60","0","0"
"18-29 years","Charlton","178","0","1"
"30-39 years","Charlton","197","0","4"
"40-49 years","Charlton","173","2","8"
"50-59 years","Charlton","144","1","5"
"60-69 years","Charlton","137","5","15"
"70-79 years","Charlton","49","4","9"
"80 & Older years","Charlton","29","6","13"
"<1 years","Charlton","2","0","0"
"Unknown years","Charlton","1","0","0"
"01-04 years","Chatham","359","0","3"
"05-09 years","Chatham","429","1","1"
"10-17 years","Chatham","1211","0","13"
"18-29 years","Chatham","4495","2","54"
"30-39 years","Chatham","3145","5","106"
"40-49 years","Chatham","2556","11","143"
"50-59 years","Chatham","2315","32","223"
"60-69 years","Chatham","1877","64","320"
"70-79 years","Chatham","1012","99","314"
"80 & Older years","Chatham","628","123","264"
"<1 years","Chatham","94","0","4"
"Unknown years","Chatham","39","0","1"
"01-04 years","Chattahoochee","8","0","0"
"05-09 years","Chattahoochee","7","0","0"
"10-17 years","Chattahoochee","114","0","2"
"18-29 years","Chattahoochee","2188","6","3"
"30-39 years","Chattahoochee","215","2","3"
"40-49 years","Chattahoochee","51","0","0"
"50-59 years","Chattahoochee","22","0","5"
"60-69 years","Chattahoochee","16","0","4"
"70-79 years","Chattahoochee","7","0","2"
"80 & Older years","Chattahoochee","7","1","3"
"<1 years","Chattahoochee","9","0","0"
"Unknown years","Chattahoochee","2","0","0"
"01-04 years","Chattooga","11","0","0"
"05-09 years","Chattooga","25","0","0"
"10-17 years","Chattooga","176","0","1"
"18-29 years","Chattooga","357","0","4"
"30-39 years","Chattooga","279","0","7"
"40-49 years","Chattooga","315","2","13"
"50-59 years","Chattooga","313","5","17"
"60-69 years","Chattooga","271","14","37"
"70-79 years","Chattooga","165","15","41"
"80 & Older years","Chattooga","114","22","30"
"<1 years","Chattooga","9","0","1"
"Unknown years","Chattooga","27","0","1"
"01-04 years","Cherokee","205","0","7"
"05-09 years","Cherokee","491","0","7"
"10-17 years","Cherokee","1975","0","12"
"18-29 years","Cherokee","3908","1","65"
"30-39 years","Cherokee","2816","2","91"
"40-49 years","Cherokee","3165","4","104"
"50-59 years","Cherokee","3173","16","174"
"60-69 years","Cherokee","1897","34","207"
"70-79 years","Cherokee","1239","67","225"
"80 & Older years","Cherokee","770","120","209"
"<1 years","Cherokee","41","0","1"
"Unknown years","Cherokee","74","0","2"
"01-04 years","Clarke","153","0","1"
"05-09 years","Clarke","185","0","2"
"10-17 years","Clarke","554","0","5"
"18-29 years","Clarke","5690","1","34"
"30-39 years","Clarke","1492","2","33"
"40-49 years","Clarke","1207","2","46"
"50-59 years","Clarke","1094","7","67"
"60-69 years","Clarke","731","16","90"
"70-79 years","Clarke","439","39","104"
"80 & Older years","Clarke","233","40","64"
"<1 years","Clarke","42","0","2"
"Unknown years","Clarke","33","0","0"
"01-04 years","Clay","3","0","0"
"05-09 years","Clay","2","0","0"
"10-17 years","Clay","16","0","0"
"18-29 years","Clay","26","0","0"
"30-39 years","Clay","30","0","1"
"40-49 years","Clay","26","0","0"
"50-59 years","Clay","17","0","1"
"60-69 years","Clay","24","1","2"
"70-79 years","Clay","18","0","0"
"80 & Older years","Clay","14","2","5"
"Unknown years","Clay","1","0","0"
"01-04 years","Clayton","349","0","7"
"05-09 years","Clayton","536","1","8"
"10-17 years","Clayton","1386","0","27"
"18-29 years","Clayton","4369","5","93"
"30-39 years","Clayton","3755","9","140"
"40-49 years","Clayton","3428","23","171"
"50-59 years","Clayton","3252","47","248"
"60-69 years","Clayton","2055","94","229"
"70-79 years","Clayton","879","86","159"
"80 & Older years","Clayton","442","92","109"
"<1 years","Clayton","82","0","3"
"Unknown years","Clayton","59","0","3"
"01-04 years","Clinch","14","0","0"
"05-09 years","Clinch","20","0","0"
"10-17 years","Clinch","74","0","0"
"18-29 years","Clinch","127","0","2"
"30-39 years","Clinch","97","1","4"
"40-49 years","Clinch","93","0","4"
"50-59 years","Clinch","92","2","14"
"60-69 years","Clinch","100","7","15"
"70-79 years","Clinch","52","8","18"
"80 & Older years","Clinch","18","3","6"
"<1 years","Clinch","4","0","0"
"Unknown years","Clinch","1","0","0"
"01-04 years","Cobb","656","1","15"
"05-09 years","Cobb","1167","0","9"
"10-17 years","Cobb","3846","0","33"
"18-29 years","Cobb","13714","4","218"
"30-39 years","Cobb","9190","13","227"
"40-49 years","Cobb","8795","28","368"
"50-59 years","Cobb","7813","54","484"
"60-69 years","Cobb","4806","115","478"
"70-79 years","Cobb","2682","250","459"
"80 & Older years","Cobb","1679","350","418"
"<1 years","Cobb","175","0","10"
"Unknown years","Cobb","184","1","4"
"01-04 years","Coffee","74","0","2"
"05-09 years","Coffee","94","0","4"
"10-17 years","Coffee","276","0","4"
"18-29 years","Coffee","794","0","22"
"30-39 years","Coffee","596","4","40"
"40-49 years","Coffee","664","5","84"
"50-59 years","Coffee","659","10","128"
"60-69 years","Coffee","519","30","127"
"70-79 years","Coffee","278","34","119"
"80 & Older years","Coffee","152","37","86"
"<1 years","Coffee","13","0","0"
"01-04 years","Colquitt","46","0","0"
"05-09 years","Colquitt","96","0","1"
"10-17 years","Colquitt","336","0","5"
"18-29 years","Colquitt","679","0","18"
"30-39 years","Colquitt","469","0","16"
"40-49 years","Colquitt","498","6","36"
"50-59 years","Colquitt","456","13","38"
"60-69 years","Colquitt","318","13","40"
"70-79 years","Colquitt","189","12","43"
"80 & Older years","Colquitt","133","21","29"
"<1 years","Colquitt","14","0","0"
"Unknown years","Colquitt","4","0","0"
"01-04 years","Columbia","123","0","2"
"05-09 years","Columbia","274","0","0"
"10-17 years","Columbia","1015","0","1"
"18-29 years","Columbia","2110","1","20"
"30-39 years","Columbia","1886","2","23"
"40-49 years","Columbia","1705","7","44"
"50-59 years","Columbia","1478","14","67"
"60-69 years","Columbia","944","23","88"
"70-79 years","Columbia","508","41","100"
"80 & Older years","Columbia","288","57","90"
"<1 years","Columbia","32","0","1"
"Unknown years","Columbia","21","0","1"
"01-04 years","Cook","13","0","1"
"05-09 years","Cook","22","0","0"
"10-17 years","Cook","91","0","1"
"18-29 years","Cook","224","0","6"
"30-39 years","Cook","164","0","4"
"40-49 years","Cook","174","0","14"
"50-59 years","Cook","158","2","17"
"60-69 years","Cook","119","8","18"
"70-79 years","Cook","96","10","28"
"80 & Older years","Cook","54","14","15"
"<1 years","Cook","6","0","0"
"Unknown years","Cook","2","0","0"
"01-04 years","Coweta","98","0","0"
"05-09 years","Coweta","174","0","0"
"10-17 years","Coweta","572","0","4"
"18-29 years","Coweta","1463","1","14"
"30-39 years","Coweta","1131","2","22"
"40-49 years","Coweta","1207","5","32"
"50-59 years","Coweta","1396","18","52"
"60-69 years","Coweta","873","27","50"
"70-79 years","Coweta","545","37","61"
"80 & Older years","Coweta","291","53","34"
"<1 years","Coweta","26","0","1"
"Unknown years","Coweta","21","0","0"
"01-04 years","Crawford","2","0","0"
"05-09 years","Crawford","2","0","0"
"10-17 years","Crawford","27","0","1"
"18-29 years","Crawford","74","0","2"
"30-39 years","Crawford","68","0","6"
"40-49 years","Crawford","55","1","3"
"50-59 years","Crawford","110","3","13"
"60-69 years","Crawford","97","4","14"
"70-79 years","Crawford","41","5","14"
"80 & Older years","Crawford","22","1","7"
"01-04 years","Crisp","20","0","0"
"05-09 years","Crisp","27","0","0"
"10-17 years","Crisp","96","0","1"
"18-29 years","Crisp","210","0","7"
"30-39 years","Crisp","204","1","14"
"40-49 years","Crisp","188","1","18"
"50-59 years","Crisp","189","4","25"
"60-69 years","Crisp","183","13","35"
"70-79 years","Crisp","99","9","32"
"80 & Older years","Crisp","69","13","16"
"<1 years","Crisp","7","0","0"
"Unknown years","Crisp","12","0","0"
"01-04 years","Dade","11","0","0"
"05-09 years","Dade","32","0","0"
"10-17 years","Dade","85","0","0"
"18-29 years","Dade","196","0","1"
"30-39 years","Dade","138","0","2"
"40-49 years","Dade","167","0","7"
"50-59 years","Dade","154","1","8"
"60-69 years","Dade","119","1","7"
"70-79 years","Dade","80","5","16"
"80 & Older years","Dade","49","2","9"
"<1 years","Dade","7","0","0"
"Unknown years","Dade","33","0","1"
"01-04 years","Dawson","24","0","0"
"05-09 years","Dawson","46","0","0"
"10-17 years","Dawson","186","0","4"
"18-29 years","Dawson","506","0","12"
"30-39 years","Dawson","366","0","12"
"40-49 years","Dawson","338","0","23"
"50-59 years","Dawson","402","2","28"
"60-69 years","Dawson","321","5","63"
"70-79 years","Dawson","199","15","46"
"80 & Older years","Dawson","80","12","27"
"<1 years","Dawson","8","0","1"
"Unknown years","Dawson","42","0","2"
"01-04 years","DeKalb","719","0","21"
"05-09 years","DeKalb","1034","0","15"
"10-17 years","DeKalb","2934","0","52"
"18-29 years","DeKalb","11618","10","327"
"30-39 years","DeKalb","10091","16","473"
"40-49 years","DeKalb","8084","29","535"
"50-59 years","DeKalb","7353","81","743"
"60-69 years","DeKalb","4673","141","789"
"70-79 years","DeKalb","2362","200","617"
"80 & Older years","DeKalb","1485","259","460"
"<1 years","DeKalb","162","0","7"
"Unknown years","DeKalb","292","0","7"
"01-04 years","Decatur","48","0","1"
"05-09 years","Decatur","61","0","0"
"10-17 years","Decatur","200","0","0"
"18-29 years","Decatur","397","1","8"
"30-39 years","Decatur","312","1","8"
"40-49 years","Decatur","304","1","18"
"50-59 years","Decatur","252","5","25"
"60-69 years","Decatur","216","10","29"
"70-79 years","Decatur","137","19","25"
"80 & Older years","Decatur","96","15","21"
"<1 years","Decatur","9","0","0"
"01-04 years","Dodge","7","0","0"
"05-09 years","Dodge","17","0","0"
"10-17 years","Dodge","83","1","1"
"18-29 years","Dodge","193","0","4"
"30-39 years","Dodge","142","0","4"
"40-49 years","Dodge","151","1","10"
"50-59 years","Dodge","177","4","18"
"60-69 years","Dodge","153","15","30"
"70-79 years","Dodge","81","16","21"
"80 & Older years","Dodge","56","17","17"
"<1 years","Dodge","3","0","0"
"Unknown years","Dodge","1","1","0"
"01-04 years","Dooly","12","0","0"
"05-09 years","Dooly","12","0","0"
"10-17 years","Dooly","47","0","1"
"18-29 years","Dooly","101","0","5"
"30-39 years","Dooly","95","0","9"
"40-49 years","Dooly","117","0","9"
"50-59 years","Dooly","130","5","16"
"60-69 years","Dooly","117","10","23"
"70-79 years","Dooly","63","7","14"
"80 & Older years","Dooly","21","6","5"
"<1 years","Dooly","3","0","0"
"Unknown years","Dooly","3","0","0"
"01-04 years","Dougherty","58","0","3"
"05-09 years","Dougherty","102","0","0"
"10-17 years","Dougherty","232","0","4"
"18-29 years","Dougherty","919","2","75"
"30-39 years","Dougherty","761","4","72"
"40-49 years","Dougherty","792","15","108"
"50-59 years","Dougherty","867","24","157"
"60-69 years","Dougherty","747","70","236"
"70-79 years","Dougherty","448","60","171"
"80 & Older years","Dougherty","260","88","117"
"<1 years","Dougherty","25","0","1"
"Unknown years","Dougherty","9","0","0"
"01-04 years","Douglas","147","0","3"
"05-09 years","Douglas","263","0","4"
"10-17 years","Douglas","820","0","5"
"18-29 years","Douglas","2120","0","46"
"30-39 years","Douglas","1698","3","58"
"40-49 years","Douglas","1983","5","99"
"50-59 years","Douglas","1753","18","144"
"60-69 years","Douglas","1023","29","152"
"70-79 years","Douglas","551","50","126"
"80 & Older years","Douglas","268","42","81"
"<1 years","Douglas","28","0","5"
"Unknown years","Douglas","31","0","1"
"01-04 years","Early","19","0","0"
"05-09 years","Early","18","0","0"
"10-17 years","Early","84","0","0"
"18-29 years","Early","141","0","4"
"30-39 years","Early","145","0","4"
"40-49 years","Early","166","1","9"
"50-59 years","Early","157","3","10"
"60-69 years","Early","116","11","13"
"70-79 years","Early","72","13","15"
"80 & Older years","Early","39","12","11"
"<1 years","Early","2","0","0"
"01-04 years","Echols","8","0","0"
"05-09 years","Echols","5","0","0"
"10-17 years","Echols","26","0","1"
"18-29 years","Echols","130","0","1"
"30-39 years","Echols","58","0","2"
"40-49 years","Echols","40","0","1"
"50-59 years","Echols","43","0","2"
"60-69 years","Echols","22","0","0"
"70-79 years","Echols","17","2","3"
"80 & Older years","Echols","3","0","1"
"<1 years","Echols","1","0","0"
"01-04 years","Effingham","45","0","2"
"05-09 years","Effingham","109","0","1"
"10-17 years","Effingham","363","0","0"
"18-29 years","Effingham","635","0","4"
"30-39 years","Effingham","587","1","13"
"40-49 years","Effingham","535","0","26"
"50-59 years","Effingham","540","10","37"
"60-69 years","Effingham","358","7","52"
"70-79 years","Effingham","214","19","53"
"80 & Older years","Effingham","89","17","30"
"<1 years","Effingham","9","0","0"
"Unknown years","Effingham","8","0","0"
"01-04 years","Elbert","18","0","0"
"05-09 years","Elbert","29","0","0"
"10-17 years","Elbert","84","0","1"
"18-29 years","Elbert","253","0","1"
"30-39 years","Elbert","180","0","8"
"40-49 years","Elbert","209","1","9"
"50-59 years","Elbert","225","0","12"
"60-69 years","Elbert","180","5","22"
"70-79 years","Elbert","154","15","32"
"80 & Older years","Elbert","124","25","29"
"<1 years","Elbert","8","0","2"
"Unknown years","Elbert","8","0","0"
"01-04 years","Emanuel","25","0","1"
"05-09 years","Emanuel","21","0","0"
"10-17 years","Emanuel","163","0","2"
"18-29 years","Emanuel","301","1","0"
"30-39 years","Emanuel","223","0","7"
"40-49 years","Emanuel","277","1","7"
"50-59 years","Emanuel","250","6","25"
"60-69 years","Emanuel","216","9","29"
"70-79 years","Emanuel","127","15","25"
"80 & Older years","Emanuel","60","19","20"
"<1 years","Emanuel","5","0","0"
"Unknown years","Emanuel","10","0","1"
"01-04 years","Evans","10","0","0"
"05-09 years","Evans","20","0","0"
"10-17 years","Evans","83","0","0"
"18-29 years","Evans","144","1","3"
"30-39 years","Evans","124","0","3"
"40-49 years","Evans","104","0","9"
"50-59 years","Evans","106","3","16"
"60-69 years","Evans","63","3","14"
"70-79 years","Evans","47","4","14"
"80 & Older years","Evans","18","2","10"
"<1 years","Evans","2","0","0"
"Unknown years","Evans","1","0","0"
"01-04 years","Fannin","15","0","0"
"05-09 years","Fannin","27","0","0"
"10-17 years","Fannin","115","0","0"
"18-29 years","Fannin","278","1","4"
"30-39 years","Fannin","218","0","6"
"40-49 years","Fannin","245","1","9"
"50-59 years","Fannin","336","4","21"
"60-69 years","Fannin","319","6","33"
"70-79 years","Fannin","231","11","39"
"80 & Older years","Fannin","139","28","45"
"<1 years","Fannin","4","0","0"
"Unknown years","Fannin","17","0","0"
"01-04 years","Fayette","58","0","0"
"05-09 years","Fayette","111","0","1"
"10-17 years","Fayette","450","0","2"
"18-29 years","Fayette","1090","0","6"
"30-39 years","Fayette","703","1","7"
"40-49 years","Fayette","947","1","22"
"50-59 years","Fayette","1010","7","34"
"60-69 years","Fayette","780","18","44"
"70-79 years","Fayette","393","46","62"
"80 & Older years","Fayette","266","51","36"
"<1 years","Fayette","12","0","0"
"Unknown years","Fayette","34","0","0"
"01-04 years","Floyd","113","0","3"
"05-09 years","Floyd","193","0","0"
"10-17 years","Floyd","863","0","11"
"18-29 years","Floyd","1875","0","23"
"30-39 years","Floyd","1372","3","49"
"40-49 years","Floyd","1351","5","76"
"50-59 years","Floyd","1284","20","129"
"60-69 years","Floyd","932","31","163"
"70-79 years","Floyd","643","41","173"
"80 & Older years","Floyd","366","60","136"
"<1 years","Floyd","45","0","2"
"Unknown years","Floyd","120","0","3"
"01-04 years","Forsyth","199","0","1"
"05-09 years","Forsyth","474","0","2"
"10-17 years","Forsyth","1798","0","6"
"18-29 years","Forsyth","2849","0","42"
"30-39 years","Forsyth","2076","1","57"
"40-49 years","Forsyth","2672","4","111"
"50-59 years","Forsyth","2482","10","153"
"60-69 years","Forsyth","1291","14","137"
"70-79 years","Forsyth","792","47","207"
"80 & Older years","Forsyth","481","62","147"
"<1 years","Forsyth","44","0","3"
"Unknown years","Forsyth","670","0","3"
"01-04 years","Franklin","14","0","1"
"05-09 years","Franklin","52","0","0"
"10-17 years","Franklin","174","0","5"
"18-29 years","Franklin","414","0","10"
"30-39 years","Franklin","286","0","3"
"40-49 years","Franklin","328","0","13"
"50-59 years","Franklin","332","0","21"
"60-69 years","Franklin","294","3","33"
"70-79 years","Franklin","167","18","33"
"80 & Older years","Franklin","82","15","21"
"<1 years","Franklin","8","0","1"
"Unknown years","Franklin","91","0","2"
"01-04 years","Fulton","863","0","19"
"05-09 years","Fulton","1458","0","11"
"10-17 years","Fulton","4609","1","40"
"18-29 years","Fulton","19159","5","304"
"30-39 years","Fulton","14030","18","439"
"40-49 years","Fulton","11169","34","521"
"50-59 years","Fulton","10028","90","739"
"60-69 years","Fulton","5959","184","722"
"70-79 years","Fulton","3221","258","649"
"80 & Older years","Fulton","2283","435","669"
"<1 years","Fulton","196","0","8"
"Unknown years","Fulton","162","0","2"
"01-04 years","Gilmer","29","0","2"
"05-09 years","Gilmer","38","0","0"
"10-17 years","Gilmer","172","0","2"
"18-29 years","Gilmer","337","0","8"
"30-39 years","Gilmer","300","0","14"
"40-49 years","Gilmer","329","0","16"
"50-59 years","Gilmer","360","8","25"
"60-69 years","Gilmer","343","7","39"
"70-79 years","Gilmer","238","14","45"
"80 & Older years","Gilmer","134","32","39"
"<1 years","Gilmer","10","0","0"
"Unknown years","Gilmer","42","0","0"
"01-04 years","Glascock","1","0","0"
"05-09 years","Glascock","3","0","0"
"10-17 years","Glascock","1","0","0"
"18-29 years","Glascock","22","0","1"
"30-39 years","Glascock","15","0","0"
"40-49 years","Glascock","21","0","1"
"50-59 years","Glascock","26","2","3"
"60-69 years","Glascock","14","0","2"
"70-79 years","Glascock","23","2","7"
"80 & Older years","Glascock","9","2","5"
"<1 years","Glascock","1","0","0"
"Unknown years","Glascock","1","0","0"
"01-04 years","Glynn","90","0","1"
"05-09 years","Glynn","169","0","1"
"10-17 years","Glynn","535","0","0"
"18-29 years","Glynn","1326","0","23"
"30-39 years","Glynn","1019","4","25"
"40-49 years","Glynn","860","4","35"
"50-59 years","Glynn","835","9","65"
"60-69 years","Glynn","695","28","106"
"70-79 years","Glynn","421","42","77"
"80 & Older years","Glynn","251","56","81"
"<1 years","Glynn","20","0","0"
"Unknown years","Glynn","30","0","0"
"01-04 years","Gordon","81","0","0"
"05-09 years","Gordon","117","0","0"
"10-17 years","Gordon","520","0","4"
"18-29 years","Gordon","1142","0","11"
"30-39 years","Gordon","891","2","19"
"40-49 years","Gordon","946","2","29"
"50-59 years","Gordon","928","12","45"
"60-69 years","Gordon","581","22","45"
"70-79 years","Gordon","336","22","75"
"80 & Older years","Gordon","171","31","49"
"<1 years","Gordon","23","0","3"
"Unknown years","Gordon","109","0","3"
"01-04 years","Grady","31","0","1"
"05-09 years","Grady","40","0","0"
"10-17 years","Grady","129","0","4"
"18-29 years","Grady","247","0","9"
"30-39 years","Grady","214","0","9"
"40-49 years","Grady","228","0","21"
"50-59 years","Grady","210","7","27"
"60-69 years","Grady","159","4","26"
"70-79 years","Grady","148","16","44"
"80 & Older years","Grady","53","16","20"
"<1 years","Grady","4","0","1"
"Unknown years","Grady","3","0","0"
"01-04 years","Greene","15","0","0"
"05-09 years","Greene","32","0","0"
"10-17 years","Greene","81","0","0"
"18-29 years","Greene","240","0","5"
"30-39 years","Greene","175","0","6"
"40-49 years","Greene","171","3","12"
"50-59 years","Greene","209","4","17"
"60-69 years","Greene","217","6","15"
"70-79 years","Greene","166","7","27"
"80 & Older years","Greene","98","23","38"
"<1 years","Greene","3","0","1"
"Unknown years","Greene","2","0","0"
"01-04 years","Gwinnett","1179","0","16"
"05-09 years","Gwinnett","1931","0","22"
"10-17 years","Gwinnett","6462","1","76"
"18-29 years","Gwinnett","17822","7","533"
"30-39 years","Gwinnett","13374","16","558"
"40-49 years","Gwinnett","14274","47","745"
"50-59 years","Gwinnett","12167","86","822"
"60-69 years","Gwinnett","6718","172","859"
"70-79 years","Gwinnett","3075","221","686"
"80 & Older years","Gwinnett","1712","320","601"
"<1 years","Gwinnett","337","0","19"
"Unknown years","Gwinnett","227","1","2"
"01-04 years","Habersham","32","0","3"
"05-09 years","Habersham","57","0","3"
"10-17 years","Habersham","292","1","6"
"18-29 years","Habersham","814","0","10"
"30-39 years","Habersham","605","2","28"
"40-49 years","Habersham","639","4","40"
"50-59 years","Habersham","674","5","54"
"60-69 years","Habersham","543","15","111"
"70-79 years","Habersham","369","43","103"
"80 & Older years","Habersham","271","66","89"
"<1 years","Habersham","8","0","3"
"Unknown years","Habersham","214","0","4"
"01-04 years","Hall","177","0","6"
"05-09 years","Hall","362","0","4"
"10-17 years","Hall","1666","0","28"
"18-29 years","Hall","5017","3","153"
"30-39 years","Hall","3376","1","180"
"40-49 years","Hall","3546","9","249"
"50-59 years","Hall","3683","25","366"
"60-69 years","Hall","2493","71","395"
"70-79 years","Hall","1620","100","446"
"80 & Older years","Hall","907","160","369"
"<1 years","Hall","34","0","7"
"Unknown years","Hall","717","0","8"
"01-04 years","Hancock","7","0","0"
"05-09 years","Hancock","7","0","0"
"10-17 years","Hancock","34","0","0"
"18-29 years","Hancock","129","0","3"
"30-39 years","Hancock","107","0","2"
"40-49 years","Hancock","102","1","4"
"50-59 years","Hancock","133","4","15"
"60-69 years","Hancock","141","15","29"
"70-79 years","Hancock","70","15","21"
"80 & Older years","Hancock","61","19","23"
"<1 years","Hancock","4","0","0"
"01-04 years","Haralson","23","0","0"
"05-09 years","Haralson","36","0","0"
"10-17 years","Haralson","142","0","1"
"18-29 years","Haralson","338","0","3"
"30-39 years","Haralson","211","0","4"
"40-49 years","Haralson","224","1","5"
"50-59 years","Haralson","243","1","4"
"60-69 years","Haralson","183","11","19"
"70-79 years","Haralson","126","11","16"
"80 & Older years","Haralson","54","7","9"
"<1 years","Haralson","7","0","0"
"Unknown years","Haralson","5","0","0"
"01-04 years","Harris","27","0","0"
"05-09 years","Harris","29","0","0"
"10-17 years","Harris","178","0","2"
"18-29 years","Harris","310","0","5"
"30-39 years","Harris","222","0","6"
"40-49 years","Harris","332","3","10"
"50-59 years","Harris","331","6","21"
"60-69 years","Harris","296","13","48"
"70-79 years","Harris","168","14","37"
"80 & Older years","Harris","55","9","10"
"<1 years","Harris","5","0","0"
"Unknown years","Harris","5","0","0"
"01-04 years","Hart","16","0","0"
"05-09 years","Hart","23","0","1"
"10-17 years","Hart","93","0","0"
"18-29 years","Hart","283","0","2"
"30-39 years","Hart","239","0","6"
"40-49 years","Hart","225","0","8"
"50-59 years","Hart","266","3","17"
"60-69 years","Hart","211","12","29"
"70-79 years","Hart","137","7","18"
"80 & Older years","Hart","85","13","27"
"<1 years","Hart","4","0","1"
"Unknown years","Hart","44","0","0"
"01-04 years","Heard","8","0","0"
"05-09 years","Heard","11","0","0"
"10-17 years","Heard","58","0","1"
"18-29 years","Heard","101","0","1"
"30-39 years","Heard","64","0","1"
"40-49 years","Heard","107","0","7"
"50-59 years","Heard","93","0","5"
"60-69 years","Heard","73","4","7"
"70-79 years","Heard","50","5","13"
"80 & Older years","Heard","20","4","2"
"<1 years","Heard","4","0","0"
"Unknown years","Heard","1","0","0"
"01-04 years","Henry","205","0","6"
"05-09 years","Henry","314","0","2"
"10-17 years","Henry","1217","0","12"
"18-29 years","Henry","3334","1","26"
"30-39 years","Henry","2711","6","41"
"40-49 years","Henry","3045","12","78"
"50-59 years","Henry","2960","18","108"
"60-69 years","Henry","1680","55","86"
"70-79 years","Henry","833","71","74"
"80 & Older years","Henry","428","73","52"
"<1 years","Henry","40","0","2"
"Unknown years","Henry","34","0","1"
"01-04 years","Houston","93","0","2"
"05-09 years","Houston","147","0","1"
"10-17 years","Houston","660","0","4"
"18-29 years","Houston","1971","3","34"
"30-39 years","Houston","1695","2","53"
"40-49 years","Houston","1586","5","84"
"50-59 years","Houston","1373","12","90"
"60-69 years","Houston","900","36","134"
"70-79 years","Houston","501","54","139"
"80 & Older years","Houston","280","46","89"
"<1 years","Houston","21","0","2"
"Unknown years","Houston","10","0","0"
"01-04 years","Irwin","6","0","0"
"05-09 years","Irwin","10","0","0"
"10-17 years","Irwin","51","0","0"
"18-29 years","Irwin","114","0","4"
"30-39 years","Irwin","94","0","4"
"40-49 years","Irwin","114","1","10"
"50-59 years","Irwin","103","2","12"
"60-69 years","Irwin","82","1","21"
"70-79 years","Irwin","49","5","8"
"80 & Older years","Irwin","34","6","19"
"01-04 years","Jackson","56","0","0"
"05-09 years","Jackson","149","0","3"
"10-17 years","Jackson","718","0","4"
"18-29 years","Jackson","1383","2","16"
"30-39 years","Jackson","1228","1","20"
"40-49 years","Jackson","1339","6","52"
"50-59 years","Jackson","1250","6","69"
"60-69 years","Jackson","836","21","74"
"70-79 years","Jackson","575","32","107"
"80 & Older years","Jackson","303","49","101"
"<1 years","Jackson","17","0","2"
"Unknown years","Jackson","33","0","1"
"01-04 years","Jasper","5","0","1"
"05-09 years","Jasper","6","0","0"
"10-17 years","Jasper","34","0","1"
"18-29 years","Jasper","117","0","3"
"30-39 years","Jasper","89","0","2"
"40-49 years","Jasper","92","0","3"
"50-59 years","Jasper","124","1","15"
"60-69 years","Jasper","88","8","16"
"70-79 years","Jasper","48","6","11"
"80 & Older years","Jasper","16","1","4"
"<1 years","Jasper","3","0","1"
"Unknown years","Jasper","1","0","0"
"01-04 years","Jeff Davis","28","0","1"
"05-09 years","Jeff Davis","28","0","0"
"10-17 years","Jeff Davis","110","0","2"
"18-29 years","Jeff Davis","235","0","4"
"30-39 years","Jeff Davis","207","0","9"
"40-49 years","Jeff Davis","198","0","11"
"50-59 years","Jeff Davis","184","7","20"
"60-69 years","Jeff Davis","122","7","23"
"70-79 years","Jeff Davis","79","13","19"
"80 & Older years","Jeff Davis","17","8","7"
"<1 years","Jeff Davis","2","0","1"
"Unknown years","Jeff Davis","4","0","0"
"01-04 years","Jefferson","18","0","0"
"05-09 years","Jefferson","32","0","0"
"10-17 years","Jefferson","105","0","1"
"18-29 years","Jefferson","234","0","3"
"30-39 years","Jefferson","190","0","7"
"40-49 years","Jefferson","207","3","12"
"50-59 years","Jefferson","264","4","22"
"60-69 years","Jefferson","244","11","30"
"70-79 years","Jefferson","152","15","38"
"80 & Older years","Jefferson","69","17","28"
"<1 years","Jefferson","4","0","0"
"Unknown years","Jefferson","9","0","0"
"01-04 years","Jenkins","17","0","0"
"05-09 years","Jenkins","20","0","0"
"10-17 years","Jenkins","58","0","0"
"18-29 years","Jenkins","104","0","2"
"30-39 years","Jenkins","83","1","6"
"40-49 years","Jenkins","107","3","10"
"50-59 years","Jenkins","115","6","17"
"60-69 years","Jenkins","84","5","11"
"70-79 years","Jenkins","56","12","21"
"80 & Older years","Jenkins","49","9","10"
"<1 years","Jenkins","2","0","0"
"Unknown years","Jenkins","2","0","1"
"01-04 years","Johnson","6","0","0"
"05-09 years","Johnson","7","0","0"
"10-17 years","Johnson","25","0","0"
"18-29 years","Johnson","117","0","2"
"30-39 years","Johnson","108","0","3"
"40-49 years","Johnson","93","2","7"
"50-59 years","Johnson","136","4","18"
"60-69 years","Johnson","125","7","19"
"70-79 years","Johnson","87","8","23"
"80 & Older years","Johnson","67","19","20"
"<1 years","Johnson","1","0","1"
"Unknown years","Johnson","1","0","0"
"01-04 years","Jones","6","0","0"
"05-09 years","Jones","23","0","0"
"10-17 years","Jones","84","0","0"
"18-29 years","Jones","320","0","6"
"30-39 years","Jones","237","1","8"
"40-49 years","Jones","226","2","10"
"50-59 years","Jones","247","1","22"
"60-69 years","Jones","170","4","31"
"70-79 years","Jones","116","13","40"
"80 & Older years","Jones","73","16","23"
"<1 years","Jones","3","0","0"
"Unknown years","Jones","1","0","0"
"01-04 years","Lamar","22","0","0"
"05-09 years","Lamar","43","0","0"
"10-17 years","Lamar","103","0","2"
"18-29 years","Lamar","192","0","2"
"30-39 years","Lamar","172","0","8"
"40-49 years","Lamar","163","1","4"
"50-59 years","Lamar","177","2","23"
"60-69 years","Lamar","163","8","20"
"70-79 years","Lamar","117","8","18"
"80 & Older years","Lamar","62","18","18"
"<1 years","Lamar","13","0","1"
"Unknown years","Lamar","2","0","0"
"01-04 years","Lanier","7","0","0"
"05-09 years","Lanier","10","0","1"
"10-17 years","Lanier","32","0","1"
"18-29 years","Lanier","97","1","1"
"30-39 years","Lanier","116","0","2"
"40-49 years","Lanier","72","1","2"
"50-59 years","Lanier","61","0","5"
"60-69 years","Lanier","38","2","2"
"70-79 years","Lanier","23","4","6"
"80 & Older years","Lanier","14","0","6"
"<1 years","Lanier","4","0","0"
"01-04 years","Laurens","27","0","0"
"05-09 years","Laurens","46","0","1"
"10-17 years","Laurens","226","0","4"
"18-29 years","Laurens","629","0","10"
"30-39 years","Laurens","531","1","17"
"40-49 years","Laurens","538","4","27"
"50-59 years","Laurens","568","9","61"
"60-69 years","Laurens","470","30","79"
"70-79 years","Laurens","311","42","77"
"80 & Older years","Laurens","217","48","56"
"<1 years","Laurens","5","0","1"
"Unknown years","Laurens","3","0","0"
"01-04 years","Lee","10","0","0"
"05-09 years","Lee","26","0","3"
"10-17 years","Lee","110","0","2"
"18-29 years","Lee","254","1","9"
"30-39 years","Lee","278","1","16"
"40-49 years","Lee","278","3","28"
"50-59 years","Lee","247","8","38"
"60-69 years","Lee","180","11","30"
"70-79 years","Lee","86","12","28"
"80 & Older years","Lee","47","8","19"
"<1 years","Lee","7","0","0"
"Unknown years","Lee","1","0","0"
"01-04 years","Liberty","37","0","1"
"05-09 years","Liberty","53","0","1"
"10-17 years","Liberty","208","0","2"
"18-29 years","Liberty","692","1","13"
"30-39 years","Liberty","436","0","15"
"40-49 years","Liberty","396","0","17"
"50-59 years","Liberty","364","6","36"
"60-69 years","Liberty","262","15","45"
"70-79 years","Liberty","114","13","39"
"80 & Older years","Liberty","58","12","25"
"<1 years","Liberty","24","0","1"
"Unknown years","Liberty","13","0","0"
"01-04 years","Lincoln","9","0","0"
"05-09 years","Lincoln","13","0","0"
"10-17 years","Lincoln","23","0","0"
"18-29 years","Lincoln","87","0","2"
"30-39 years","Lincoln","65","0","1"
"40-49 years","Lincoln","76","1","6"
"50-59 years","Lincoln","62","2","5"
"60-69 years","Lincoln","69","4","14"
"70-79 years","Lincoln","46","4","9"
"80 & Older years","Lincoln","21","7","9"
"<1 years","Lincoln","2","0","0"
"Unknown years","Lincoln","5","0","0"
"01-04 years","Long","12","0","0"
"05-09 years","Long","11","0","0"
"10-17 years","Long","53","0","0"
"18-29 years","Long","119","0","0"
"30-39 years","Long","129","0","2"
"40-49 years","Long","91","0","6"
"50-59 years","Long","82","1","9"
"60-69 years","Long","64","1","8"
"70-79 years","Long","40","6","13"
"80 & Older years","Long","21","3","7"
"<1 years","Long","4","0","0"
"01-04 years","Lowndes","130","0","0"
"05-09 years","Lowndes","170","0","0"
"10-17 years","Lowndes","576","0","6"
"18-29 years","Lowndes","2177","4","28"
"30-39 years","Lowndes","1169","1","18"
"40-49 years","Lowndes","959","3","37"
"50-59 years","Lowndes","853","7","52"
"60-69 years","Lowndes","594","25","78"
"70-79 years","Lowndes","323","38","62"
"80 & Older years","Lowndes","196","48","55"
"<1 years","Lowndes","30","0","0"
"Unknown years","Lowndes","15","0","0"
"01-04 years","Lumpkin","16","0","0"
"05-09 years","Lumpkin","30","0","2"
"10-17 years","Lumpkin","125","0","2"
"18-29 years","Lumpkin","677","0","11"
"30-39 years","Lumpkin","319","0","9"
"40-49 years","Lumpkin","314","1","16"
"50-59 years","Lumpkin","366","4","41"
"60-69 years","Lumpkin","355","8","51"
"70-79 years","Lumpkin","254","10","61"
"80 & Older years","Lumpkin","132","29","66"
"<1 years","Lumpkin","7","0","1"
"Unknown years","Lumpkin","43","0","2"
"01-04 years","Macon","9","0","0"
"05-09 years","Macon","11","0","0"
"10-17 years","Macon","21","0","0"
"18-29 years","Macon","98","0","3"
"30-39 years","Macon","68","0","4"
"40-49 years","Macon","102","1","7"
"50-59 years","Macon","109","4","13"
"60-69 years","Macon","74","6","22"
"70-79 years","Macon","52","5","19"
"80 & Older years","Macon","18","6","6"
"<1 years","Macon","3","0","0"
"Unknown years","Macon","5","0","1"
"01-04 years","Madison","40","0","1"
"05-09 years","Madison","51","0","0"
"10-17 years","Madison","221","0","0"
"18-29 years","Madison","444","0","2"
"30-39 years","Madison","389","0","5"
"40-49 years","Madison","390","0","17"
"50-59 years","Madison","409","4","23"
"60-69 years","Madison","312","8","36"
"70-79 years","Madison","179","14","37"
"80 & Older years","Madison","72","11","7"
"<1 years","Madison","18","0","4"
"Unknown years","Madison","14","0","0"
"01-04 years","Marion","6","0","0"
"05-09 years","Marion","7","0","1"
"10-17 years","Marion","36","0","0"
"18-29 years","Marion","59","0","1"
"30-39 years","Marion","42","0","2"
"40-49 years","Marion","56","1","5"
"50-59 years","Marion","58","5","5"
"60-69 years","Marion","41","3","4"
"70-79 years","Marion","28","1","5"
"80 & Older years","Marion","27","4","8"
"<1 years","Marion","3","0","0"
"Unknown years","Marion","2","0","0"
"01-04 years","McDuffie","26","0","0"
"05-09 years","McDuffie","28","0","0"
"10-17 years","McDuffie","107","0","0"
"18-29 years","McDuffie","301","0","4"
"30-39 years","McDuffie","235","2","4"
"40-49 years","McDuffie","235","2","12"
"50-59 years","McDuffie","243","3","25"
"60-69 years","McDuffie","190","9","25"
"70-79 years","McDuffie","111","8","42"
"80 & Older years","McDuffie","48","13","25"
"<1 years","McDuffie","2","0","0"
"Unknown years","McDuffie","32","0","1"
"01-04 years","McIntosh","2","0","0"
"05-09 years","McIntosh","9","0","0"
"10-17 years","McIntosh","37","0","0"
"18-29 years","McIntosh","95","0","2"
"30-39 years","McIntosh","75","0","3"
"40-49 years","McIntosh","81","0","4"
"50-59 years","McIntosh","112","0","3"
"60-69 years","McIntosh","89","2","17"
"70-79 years","McIntosh","59","4","14"
"80 & Older years","McIntosh","23","7","7"
"<1 years","McIntosh","1","0","0"
"Unknown years","McIntosh","3","0","0"
"01-04 years","Meriwether","24","0","1"
"05-09 years","Meriwether","26","0","1"
"10-17 years","Meriwether","78","0","1"
"18-29 years","Meriwether","196","0","6"
"30-39 years","Meriwether","166","2","13"
"40-49 years","Meriwether","213","2","15"
"50-59 years","Meriwether","219","4","17"
"60-69 years","Meriwether","203","6","23"
"70-79 years","Meriwether","177","14","30"
"80 & Older years","Meriwether","100","15","16"
"<1 years","Meriwether","4","0","0"
"Unknown years","Meriwether","1","0","0"
"01-04 years","Miller","8","0","0"
"05-09 years","Miller","8","0","0"
"10-17 years","Miller","60","0","1"
"18-29 years","Miller","100","0","1"
"30-39 years","Miller","95","0","0"
"40-49 years","Miller","70","0","5"
"50-59 years","Miller","122","2","11"
"60-69 years","Miller","83","2","5"
"70-79 years","Miller","28","0","2"
"80 & Older years","Miller","24","0","6"
"<1 years","Miller","3","0","0"
"01-04 years","Mitchell","19","0","0"
"05-09 years","Mitchell","24","0","0"
"10-17 years","Mitchell","84","0","1"
"18-29 years","Mitchell","242","0","10"
"30-39 years","Mitchell","213","1","15"
"40-49 years","Mitchell","207","3","17"
"50-59 years","Mitchell","241","10","53"
"60-69 years","Mitchell","202","14","48"
"70-79 years","Mitchell","127","17","44"
"80 & Older years","Mitchell","96","25","30"
"<1 years","Mitchell","7","0","0"
"Unknown years","Mitchell","2","0","1"
"01-04 years","Monroe","10","0","0"
"05-09 years","Monroe","23","0","1"
"10-17 years","Monroe","85","0","0"
"18-29 years","Monroe","276","0","3"
"30-39 years","Monroe","232","0","6"
"40-49 years","Monroe","262","2","20"
"50-59 years","Monroe","301","3","22"
"60-69 years","Monroe","278","16","45"
"70-79 years","Monroe","159","20","41"
"80 & Older years","Monroe","115","35","30"
"<1 years","Monroe","4","0","1"
"01-04 years","Montgomery","9","0","0"
"05-09 years","Montgomery","6","0","0"
"10-17 years","Montgomery","50","0","1"
"18-29 years","Montgomery","152","0","1"
"30-39 years","Montgomery","93","1","3"
"40-49 years","Montgomery","121","0","2"
"50-59 years","Montgomery","97","2","6"
"60-69 years","Montgomery","90","5","12"
"70-79 years","Montgomery","53","6","9"
"80 & Older years","Montgomery","23","5","6"
"<1 years","Montgomery","1","0","0"
"Unknown years","Montgomery","1","0","0"
"01-04 years","Morgan","16","0","0"
"05-09 years","Morgan","22","0","1"
"10-17 years","Morgan","87","0","2"
"18-29 years","Morgan","200","0","4"
"30-39 years","Morgan","150","0","6"
"40-49 years","Morgan","161","0","4"
"50-59 years","Morgan","177","1","12"
"60-69 years","Morgan","126","2","10"
"70-79 years","Morgan","92","3","15"
"80 & Older years","Morgan","52","7","18"
"<1 years","Morgan","13","0","2"
"Unknown years","Morgan","2","0","0"
"01-04 years","Murray","65","0","2"
"05-09 years","Murray","92","0","2"
"10-17 years","Murray","362","0","2"
"18-29 years","Murray","770","0","7"
"30-39 years","Murray","533","1","7"
"40-49 years","Murray","660","0","21"
"50-59 years","Murray","590","6","40"
"60-69 years","Murray","390","8","58"
"70-79 years","Murray","243","29","53"
"80 & Older years","Murray","99","21","25"
"<1 years","Murray","20","0","2"
"Unknown years","Murray","5","0","0"
"01-04 years","Muscogee","197","0","6"
"05-09 years","Muscogee","297","0","0"
"10-17 years","Muscogee","805","0","7"
"18-29 years","Muscogee","2953","3","57"
"30-39 years","Muscogee","1993","2","76"
"40-49 years","Muscogee","1735","6","88"
"50-59 years","Muscogee","1798","35","180"
"60-69 years","Muscogee","1388","67","239"
"70-79 years","Muscogee","796","82","174"
"80 & Older years","Muscogee","502","115","161"
"<1 years","Muscogee","66","0","3"
"Unknown years","Muscogee","56","0","1"
"01-04 years","Newton","74","0","1"
"05-09 years","Newton","118","0","1"
"10-17 years","Newton","404","0","8"
"18-29 years","Newton","1269","1","39"
"30-39 years","Newton","1076","0","53"
"40-49 years","Newton","1222","8","84"
"50-59 years","Newton","1168","13","111"
"60-69 years","Newton","655","33","97"
"70-79 years","Newton","458","48","83"
"80 & Older years","Newton","282","75","71"
"<1 years","Newton","26","0","5"
"Unknown years","Newton","14","0","0"
"01-04 years","Non-GA Resident/Unknown State","245","0","2"
"05-09 years","Non-GA Resident/Unknown State","417","0","5"
"10-17 years","Non-GA Resident/Unknown State","1392","0","7"
"18-29 years","Non-GA Resident/Unknown State","5879","4","62"
"30-39 years","Non-GA Resident/Unknown State","4128","3","84"
"40-49 years","Non-GA Resident/Unknown State","3513","11","95"
"50-59 years","Non-GA Resident/Unknown State","3415","42","191"
"60-69 years","Non-GA Resident/Unknown State","2357","95","252"
"70-79 years","Non-GA Resident/Unknown State","1518","111","279"
"80 & Older years","Non-GA Resident/Unknown State","845","126","183"
"<1 years","Non-GA Resident/Unknown State","143","0","2"
"Unknown years","Non-GA Resident/Unknown State","960","3","4"
"01-04 years","Oconee","33","0","0"
"05-09 years","Oconee","58","0","0"
"10-17 years","Oconee","258","0","0"
"18-29 years","Oconee","518","0","3"
"30-39 years","Oconee","330","0","4"
"40-49 years","Oconee","495","1","10"
"50-59 years","Oconee","419","4","11"
"60-69 years","Oconee","285","9","28"
"70-79 years","Oconee","164","16","23"
"80 & Older years","Oconee","122","25","38"
"<1 years","Oconee","7","0","0"
"Unknown years","Oconee","4","1","0"
"01-04 years","Oglethorpe","17","0","0"
"05-09 years","Oglethorpe","26","0","0"
"10-17 years","Oglethorpe","83","0","1"
"18-29 years","Oglethorpe","194","0","1"
"30-39 years","Oglethorpe","134","1","1"
"40-49 years","Oglethorpe","165","1","5"
"50-59 years","Oglethorpe","165","1","18"
"60-69 years","Oglethorpe","138","0","13"
"70-79 years","Oglethorpe","102","8","14"
"80 & Older years","Oglethorpe","66","14","16"
"<1 years","Oglethorpe","8","0","0"
"Unknown years","Oglethorpe","5","0","0"
"01-04 years","Paulding","123","0","2"
"05-09 years","Paulding","238","0","0"
"10-17 years","Paulding","934","0","6"
"18-29 years","Paulding","1815","0","17"
"30-39 years","Paulding","1523","2","24"
"40-49 years","Paulding","1661","4","26"
"50-59 years","Paulding","1594","12","52"
"60-69 years","Paulding","837","31","62"
"70-79 years","Paulding","472","34","60"
"80 & Older years","Paulding","296","59","51"
"<1 years","Paulding","28","0","0"
"Unknown years","Paulding","41","1","0"
"01-04 years","Peach","14","0","2"
"05-09 years","Peach","19","0","0"
"10-17 years","Peach","72","0","1"
"18-29 years","Peach","382","1","8"
"30-39 years","Peach","286","0","15"
"40-49 years","Peach","232","3","19"
"50-59 years","Peach","290","8","39"
"60-69 years","Peach","242","7","47"
"70-79 years","Peach","123","10","37"
"80 & Older years","Peach","64","14","26"
"<1 years","Peach","4","0","0"
"Unknown years","Peach","1","0","0"
"01-04 years","Pickens","19","0","1"
"05-09 years","Pickens","37","0","0"
"10-17 years","Pickens","129","0","0"
"18-29 years","Pickens","355","0","5"
"30-39 years","Pickens","304","0","10"
"40-49 years","Pickens","360","0","15"
"50-59 years","Pickens","404","3","22"
"60-69 years","Pickens","313","5","34"
"70-79 years","Pickens","253","17","54"
"80 & Older years","Pickens","118","23","34"
"<1 years","Pickens","3","0","1"
"Unknown years","Pickens","9","0","0"
"01-04 years","Pierce","11","0","0"
"05-09 years","Pierce","21","0","0"
"10-17 years","Pierce","80","1","1"
"18-29 years","Pierce","219","0","5"
"30-39 years","Pierce","145","0","3"
"40-49 years","Pierce","192","0","12"
"50-59 years","Pierce","182","4","20"
"60-69 years","Pierce","145","10","36"
"70-79 years","Pierce","107","10","29"
"80 & Older years","Pierce","53","13","14"
"<1 years","Pierce","7","0","1"
"Unknown years","Pierce","1","0","0"
"01-04 years","Pike","25","0","0"
"05-09 years","Pike","23","0","0"
"10-17 years","Pike","109","0","1"
"18-29 years","Pike","145","0","4"
"30-39 years","Pike","127","0","2"
"40-49 years","Pike","185","2","9"
"50-59 years","Pike","141","3","7"
"60-69 years","Pike","97","2","17"
"70-79 years","Pike","79","8","16"
"80 & Older years","Pike","30","6","6"
"<1 years","Pike","1","0","0"
"Unknown years","Pike","4","0","0"
"01-04 years","Polk","39","0","1"
"05-09 years","Polk","69","0","0"
"10-17 years","Polk","301","0","2"
"18-29 years","Polk","756","0","11"
"30-39 years","Polk","524","0","10"
"40-49 years","Polk","562","1","38"
"50-59 years","Polk","578","11","74"
"60-69 years","Polk","370","12","70"
"70-79 years","Polk","294","22","82"
"80 & Older years","Polk","132","23","52"
"<1 years","Polk","17","0","0"
"Unknown years","Polk","30","0","0"
"01-04 years","Pulaski","5","0","0"
"05-09 years","Pulaski","8","0","0"
"10-17 years","Pulaski","36","0","1"
"18-29 years","Pulaski","78","0","1"
"30-39 years","Pulaski","86","0","2"
"40-49 years","Pulaski","88","0","7"
"50-59 years","Pulaski","99","0","6"
"60-69 years","Pulaski","91","8","11"
"70-79 years","Pulaski","46","11","16"
"80 & Older years","Pulaski","38","11","5"
"<1 years","Pulaski","3","0","0"
"01-04 years","Putnam","21","0","0"
"05-09 years","Putnam","40","0","0"
"10-17 years","Putnam","110","0","2"
"18-29 years","Putnam","266","0","2"
"30-39 years","Putnam","213","0","6"
"40-49 years","Putnam","209","1","6"
"50-59 years","Putnam","275","3","17"
"60-69 years","Putnam","248","12","27"
"70-79 years","Putnam","184","15","46"
"80 & Older years","Putnam","82","15","31"
"<1 years","Putnam","6","0","1"
"Unknown years","Putnam","1","0","0"
"01-04 years","Quitman","1","0","0"
"05-09 years","Quitman","4","0","0"
"10-17 years","Quitman","5","0","0"
"18-29 years","Quitman","12","0","0"
"30-39 years","Quitman","4","0","1"
"40-49 years","Quitman","3","0","1"
"50-59 years","Quitman","14","0","1"
"60-69 years","Quitman","22","1","4"
"70-79 years","Quitman","4","0","1"
"80 & Older years","Quitman","4","0","1"
"<1 years","Quitman","2","0","0"
"01-04 years","Rabun","13","0","0"
"05-09 years","Rabun","20","0","0"
"10-17 years","Rabun","92","0","0"
"18-29 years","Rabun","201","0","5"
"30-39 years","Rabun","174","1","10"
"40-49 years","Rabun","178","0","7"
"50-59 years","Rabun","211","3","24"
"60-69 years","Rabun","214","7","30"
"70-79 years","Rabun","165","11","34"
"80 & Older years","Rabun","76","14","29"
"<1 years","Rabun","5","0","1"
"Unknown years","Rabun","65","0","1"
"01-04 years","Randolph","2","0","0"
"05-09 years","Randolph","5","0","0"
"10-17 years","Randolph","12","0","0"
"18-29 years","Randolph","55","0","2"
"30-39 years","Randolph","64","2","5"
"40-49 years","Randolph","54","0","4"
"50-59 years","Randolph","90","3","20"
"60-69 years","Randolph","66","8","15"
"70-79 years","Randolph","47","3","14"
"80 & Older years","Randolph","47","15","16"
"<1 years","Randolph","1","0","0"
"Unknown years","Randolph","2","0","0"
"01-04 years","Richmond","269","0","1"
"05-09 years","Richmond","519","0","3"
"10-17 years","Richmond","1418","0","11"
"18-29 years","Richmond","4243","6","57"
"30-39 years","Richmond","3155","6","72"
"40-49 years","Richmond","2543","17","103"
"50-59 years","Richmond","2569","31","195"
"60-69 years","Richmond","1892","64","236"
"70-79 years","Richmond","1034","82","267"
"80 & Older years","Richmond","629","133","253"
"<1 years","Richmond","82","0","2"
"Unknown years","Richmond","32","0","1"
"01-04 years","Rockdale","53","0","2"
"05-09 years","Rockdale","97","0","0"
"10-17 years","Rockdale","305","0","12"
"18-29 years","Rockdale","1047","2","67"
"30-39 years","Rockdale","829","3","82"
"40-49 years","Rockdale","957","6","104"
"50-59 years","Rockdale","933","10","150"
"60-69 years","Rockdale","594","23","133"
"70-79 years","Rockdale","353","42","134"
"80 & Older years","Rockdale","189","36","84"
"<1 years","Rockdale","9","0","2"
"Unknown years","Rockdale","11","0","0"
"01-04 years","Schley","5","0","0"
"05-09 years","Schley","4","0","0"
"10-17 years","Schley","19","0","0"
"18-29 years","Schley","46","0","2"
"30-39 years","Schley","20","0","0"
"40-49 years","Schley","29","0","3"
"50-59 years","Schley","31","0","3"
"60-69 years","Schley","26","1","8"
"70-79 years","Schley","11","0","2"
"80 & Older years","Schley","7","2","2"
"<1 years","Schley","1","0","0"
"01-04 years","Screven","8","0","0"
"05-09 years","Screven","15","0","0"
"10-17 years","Screven","58","0","0"
"18-29 years","Screven","132","0","3"
"30-39 years","Screven","118","0","2"
"40-49 years","Screven","91","1","4"
"50-59 years","Screven","104","2","13"
"60-69 years","Screven","133","1","14"
"70-79 years","Screven","70","5","16"
"80 & Older years","Screven","37","7","10"
"<1 years","Screven","4","0","0"
"Unknown years","Screven","1","0","0"
"01-04 years","Seminole","13","0","0"
"05-09 years","Seminole","15","0","0"
"10-17 years","Seminole","72","0","0"
"18-29 years","Seminole","105","0","0"
"30-39 years","Seminole","85","0","0"
"40-49 years","Seminole","89","0","5"
"50-59 years","Seminole","107","1","6"
"60-69 years","Seminole","122","3","24"
"70-79 years","Seminole","68","5","15"
"80 & Older years","Seminole","28","6","12"
"<1 years","Seminole","4","0","0"
"01-04 years","Spalding","60","0","2"
"05-09 years","Spalding","50","0","1"
"10-17 years","Spalding","174","0","2"
"18-29 years","Spalding","617","1","26"
"30-39 years","Spalding","539","4","28"
"40-49 years","Spalding","537","2","38"
"50-59 years","Spalding","565","12","65"
"60-69 years","Spalding","459","24","78"
"70-79 years","Spalding","327","34","70"
"80 & Older years","Spalding","207","47","65"
"<1 years","Spalding","10","0","0"
"Unknown years","Spalding","14","0","0"
"01-04 years","Stephens","16","0","0"
"05-09 years","Stephens","42","0","1"
"10-17 years","Stephens","171","0","3"
"18-29 years","Stephens","510","1","13"
"30-39 years","Stephens","329","0","8"
"40-49 years","Stephens","416","1","22"
"50-59 years","Stephens","437","4","36"
"60-69 years","Stephens","430","18","58"
"70-79 years","Stephens","290","21","60"
"80 & Older years","Stephens","152","25","39"
"<1 years","Stephens","5","0","0"
"Unknown years","Stephens","36","0","0"
"01-04 years","Stewart","3","0","0"
"05-09 years","Stewart","2","0","0"
"10-17 years","Stewart","13","0","0"
"18-29 years","Stewart","160","0","20"
"30-39 years","Stewart","213","1","25"
"40-49 years","Stewart","154","1","23"
"50-59 years","Stewart","81","2","12"
"60-69 years","Stewart","67","10","25"
"70-79 years","Stewart","24","3","5"
"80 & Older years","Stewart","21","4","6"
"<1 years","Stewart","1","0","0"
"Unknown years","Stewart","14","0","4"
"01-04 years","Sumter","21","0","0"
"05-09 years","Sumter","29","0","0"
"10-17 years","Sumter","74","0","2"
"18-29 years","Sumter","312","1","11"
"30-39 years","Sumter","261","1","20"
"40-49 years","Sumter","251","5","20"
"50-59 years","Sumter","271","2","40"
"60-69 years","Sumter","253","24","67"
"70-79 years","Sumter","162","25","45"
"80 & Older years","Sumter","103","27","46"
"<1 years","Sumter","10","0","0"
"Unknown years","Sumter","2","0","0"
"01-04 years","Talbot","7","0","0"
"05-09 years","Talbot","4","0","0"
"10-17 years","Talbot","30","0","0"
"18-29 years","Talbot","52","0","1"
"30-39 years","Talbot","31","0","1"
"40-49 years","Talbot","58","1","4"
"50-59 years","Talbot","62","4","6"
"60-69 years","Talbot","56","2","9"
"70-79 years","Talbot","36","6","6"
"80 & Older years","Talbot","20","2","8"
"Unknown years","Talbot","2","0","0"
"01-04 years","Taliaferro","1","0","0"
"05-09 years","Taliaferro","1","0","0"
"10-17 years","Taliaferro","6","0","0"
"18-29 years","Taliaferro","11","0","0"
"30-39 years","Taliaferro","14","0","0"
"40-49 years","Taliaferro","18","0","1"
"50-59 years","Taliaferro","9","0","0"
"60-69 years","Taliaferro","20","0","3"
"70-79 years","Taliaferro","10","1","3"
"80 & Older years","Taliaferro","4","1","2"
"01-04 years","Tattnall","27","0","0"
"05-09 years","Tattnall","46","0","0"
"10-17 years","Tattnall","154","0","0"
"18-29 years","Tattnall","307","0","1"
"30-39 years","Tattnall","271","1","4"
"40-49 years","Tattnall","267","0","7"
"50-59 years","Tattnall","295","6","22"
"60-69 years","Tattnall","230","12","31"
"70-79 years","Tattnall","111","12","34"
"80 & Older years","Tattnall","45","5","8"
"<1 years","Tattnall","7","0","0"
"Unknown years","Tattnall","2","0","1"
"01-04 years","Taylor","13","0","1"
"05-09 years","Taylor","13","0","0"
"10-17 years","Taylor","48","0","1"
"18-29 years","Taylor","74","0","1"
"30-39 years","Taylor","48","0","3"
"40-49 years","Taylor","87","1","8"
"50-59 years","Taylor","70","0","15"
"60-69 years","Taylor","61","5","17"
"70-79 years","Taylor","33","5","9"
"80 & Older years","Taylor","26","9","12"
"<1 years","Taylor","4","0","0"
"01-04 years","Telfair","9","0","0"
"05-09 years","Telfair","11","0","0"
"10-17 years","Telfair","20","0","0"
"18-29 years","Telfair","135","0","3"
"30-39 years","Telfair","92","1","1"
"40-49 years","Telfair","103","1","6"
"50-59 years","Telfair","103","5","10"
"60-69 years","Telfair","101","9","17"
"70-79 years","Telfair","69","11","17"
"80 & Older years","Telfair","42","14","11"
"<1 years","Telfair","4","0","0"
"Unknown years","Telfair","2","1","1"
"01-04 years","Terrell","7","0","0"
"05-09 years","Terrell","6","0","0"
"10-17 years","Terrell","41","0","0"
"18-29 years","Terrell","65","0","1"
"30-39 years","Terrell","75","0","9"
"40-49 years","Terrell","62","0","8"
"50-59 years","Terrell","94","3","15"
"60-69 years","Terrell","88","11","31"
"70-79 years","Terrell","58","14","25"
"80 & Older years","Terrell","37","12","16"
"01-04 years","Thomas","60","0","1"
"05-09 years","Thomas","110","0","0"
"10-17 years","Thomas","294","0","2"
"18-29 years","Thomas","577","1","23"
"30-39 years","Thomas","468","1","17"
"40-49 years","Thomas","496","4","29"
"50-59 years","Thomas","526","11","41"
"60-69 years","Thomas","422","12","87"
"70-79 years","Thomas","253","33","67"
"80 & Older years","Thomas","165","43","57"
"<1 years","Thomas","13","0","1"
"Unknown years","Thomas","2","0","0"
"01-04 years","Tift","33","0","1"
"05-09 years","Tift","58","0","3"
"10-17 years","Tift","225","0","6"
"18-29 years","Tift","761","0","20"
"30-39 years","Tift","535","1","27"
"40-49 years","Tift","534","7","58"
"50-59 years","Tift","454","9","67"
"60-69 years","Tift","349","16","71"
"70-79 years","Tift","241","28","89"
"80 & Older years","Tift","136","30","59"
"<1 years","Tift","12","0","0"
"Unknown years","Tift","2","0","0"
"01-04 years","Toombs","30","0","0"
"05-09 years","Toombs","49","0","0"
"10-17 years","Toombs","204","0","2"
"18-29 years","Toombs","497","0","5"
"30-39 years","Toombs","392","0","3"
"40-49 years","Toombs","404","1","20"
"50-59 years","Toombs","403","7","22"
"60-69 years","Toombs","367","12","41"
"70-79 years","Toombs","248","31","40"
"80 & Older years","Toombs","150","33","27"
"<1 years","Toombs","7","0","0"
"Unknown years","Toombs","3","0","0"
"01-04 years","Towns","2","0","0"
"05-09 years","Towns","6","0","0"
"10-17 years","Towns","40","0","1"
"18-29 years","Towns","125","0","4"
"30-39 years","Towns","82","0","3"
"40-49 years","Towns","103","2","5"
"50-59 years","Towns","142","2","13"
"60-69 years","Towns","192","2","17"
"70-79 years","Towns","151","7","34"
"80 & Older years","Towns","109","24","41"
"Unknown years","Towns","21","0","0"
"01-04 years","Treutlen","5","0","0"
"05-09 years","Treutlen","14","0","1"
"10-17 years","Treutlen","47","0","0"
"18-29 years","Treutlen","100","0","2"
"30-39 years","Treutlen","94","0","4"
"40-49 years","Treutlen","102","0","5"
"50-59 years","Treutlen","100","1","7"
"60-69 years","Treutlen","68","4","12"
"70-79 years","Treutlen","53","9","10"
"80 & Older years","Treutlen","30","5","9"
"01-04 years","Troup","125","0","1"
"05-09 years","Troup","171","0","0"
"10-17 years","Troup","482","0","3"
"18-29 years","Troup","1128","1","28"
"30-39 years","Troup","840","6","41"
"40-49 years","Troup","757","4","48"
"50-59 years","Troup","775","13","95"
"60-69 years","Troup","595","26","90"
"70-79 years","Troup","319","41","84"
"80 & Older years","Troup","229","67","57"
"<1 years","Troup","39","0","1"
"Unknown years","Troup","7","0","0"
"01-04 years","Turner","3","0","0"
"05-09 years","Turner","7","0","1"
"10-17 years","Turner","20","0","0"
"18-29 years","Turner","81","0","2"
"30-39 years","Turner","99","0","10"
"40-49 years","Turner","103","0","5"
"50-59 years","Turner","92","2","12"
"60-69 years","Turner","82","8","26"
"70-79 years","Turner","51","6","13"
"80 & Older years","Turner","35","13","15"
"<1 years","Turner","2","0","1"
"01-04 years","Twiggs","9","0","0"
"05-09 years","Twiggs","8","0","1"
"10-17 years","Twiggs","23","0","0"
"18-29 years","Twiggs","66","0","2"
"30-39 years","Twiggs","58","1","4"
"40-49 years","Twiggs","59","1","7"
"50-59 years","Twiggs","89","3","12"
"60-69 years","Twiggs","96","7","27"
"70-79 years","Twiggs","54","7","19"
"80 & Older years","Twiggs","25","10","16"
"<1 years","Twiggs","1","0","0"
"01-04 years","Union","7","0","0"
"05-09 years","Union","16","0","0"
"10-17 years","Union","69","0","1"
"18-29 years","Union","241","1","1"
"30-39 years","Union","203","0","2"
"40-49 years","Union","209","0","13"
"50-59 years","Union","284","4","19"
"60-69 years","Union","347","4","39"
"70-79 years","Union","295","20","52"
"80 & Older years","Union","195","33","61"
"<1 years","Union","1","0","0"
"Unknown years","Union","32","0","0"
"01-04 years","Unknown","31","0","0"
"05-09 years","Unknown","60","0","0"
"10-17 years","Unknown","204","0","0"
"18-29 years","Unknown","871","2","5"
"30-39 years","Unknown","466","3","7"
"40-49 years","Unknown","432","1","2"
"50-59 years","Unknown","349","3","7"
"60-69 years","Unknown","219","1","7"
"70-79 years","Unknown","131","0","10"
"80 & Older years","Unknown","53","0","5"
"<1 years","Unknown","27","0","0"
"Unknown years","Unknown","154","0","3"
"01-04 years","Upson","34","0","0"
"05-09 years","Upson","44","0","0"
"10-17 years","Upson","127","0","1"
"18-29 years","Upson","285","0","6"
"30-39 years","Upson","202","2","9"
"40-49 years","Upson","228","1","11"
"50-59 years","Upson","250","6","21"
"60-69 years","Upson","229","19","35"
"70-79 years","Upson","161","31","43"
"80 & Older years","Upson","105","37","34"
"<1 years","Upson","15","0","0"
"Unknown years","Upson","10","0","0"
"01-04 years","Walker","73","0","1"
"05-09 years","Walker","126","0","1"
"10-17 years","Walker","462","0","3"
"18-29 years","Walker","1032","0","16"
"30-39 years","Walker","754","0","12"
"40-49 years","Walker","909","3","27"
"50-59 years","Walker","792","3","32"
"60-69 years","Walker","670","13","57"
"70-79 years","Walker","458","26","51"
"80 & Older years","Walker","221","24","25"
"<1 years","Walker","38","0","1"
"Unknown years","Walker","201","0","7"
"01-04 years","Walton","69","0","1"
"05-09 years","Walton","145","0","1"
"10-17 years","Walton","546","0","6"
"18-29 years","Walton","1255","1","25"
"30-39 years","Walton","1053","0","23"
"40-49 years","Walton","1173","3","48"
"50-59 years","Walton","1159","11","78"
"60-69 years","Walton","810","28","79"
"70-79 years","Walton","602","65","93"
"80 & Older years","Walton","370","88","76"
"<1 years","Walton","25","0","2"
"Unknown years","Walton","17","0","0"
"01-04 years","Ware","61","0","1"
"05-09 years","Ware","66","0","0"
"10-17 years","Ware","232","0","3"
"18-29 years","Ware","525","1","5"
"30-39 years","Ware","438","1","18"
"40-49 years","Ware","361","2","27"
"50-59 years","Ware","394","14","56"
"60-69 years","Ware","291","13","58"
"70-79 years","Ware","247","37","91"
"80 & Older years","Ware","202","57","60"
"<1 years","Ware","19","0","1"
"Unknown years","Ware","3","0","0"
"01-04 years","Warren","6","0","0"
"05-09 years","Warren","2","0","0"
"10-17 years","Warren","25","0","0"
"18-29 years","Warren","60","0","3"
"30-39 years","Warren","49","0","4"
"40-49 years","Warren","48","2","5"
"50-59 years","Warren","65","1","7"
"60-69 years","Warren","44","2","7"
"70-79 years","Warren","33","3","11"
"80 & Older years","Warren","16","2","6"
"<1 years","Warren","2","0","1"
"Unknown years","Warren","4","0","0"
"01-04 years","Washington","17","0","0"
"05-09 years","Washington","25","0","0"
"10-17 years","Washington","113","0","2"
"18-29 years","Washington","246","0","6"
"30-39 years","Washington","227","0","8"
"40-49 years","Washington","250","3","11"
"50-59 years","Washington","236","2","15"
"60-69 years","Washington","225","12","27"
"70-79 years","Washington","124","9","21"
"80 & Older years","Washington","78","21","13"
"<1 years","Washington","10","0","0"
"Unknown years","Washington","6","0","0"
"01-04 years","Wayne","29","0","1"
"05-09 years","Wayne","30","0","0"
"10-17 years","Wayne","148","0","1"
"18-29 years","Wayne","393","1","9"
"30-39 years","Wayne","389","1","10"
"40-49 years","Wayne","465","1","36"
"50-59 years","Wayne","389","5","32"
"60-69 years","Wayne","311","16","62"
"70-79 years","Wayne","253","23","73"
"80 & Older years","Wayne","115","18","24"
"<1 years","Wayne","4","0","0"
"Unknown years","Wayne","2","0","0"
"10-17 years","Webster","3","0","0"
"18-29 years","Webster","17","0","1"
"30-39 years","Webster","8","0","0"
"40-49 years","Webster","16","0","2"
"50-59 years","Webster","18","2","4"
"60-69 years","Webster","22","1","4"
"70-79 years","Webster","7","0","1"
"80 & Older years","Webster","4","1","0"
"Unknown years","Webster","2","0","0"
"01-04 years","Wheeler","1","0","0"
"05-09 years","Wheeler","5","0","0"
"10-17 years","Wheeler","23","0","0"
"18-29 years","Wheeler","52","0","0"
"30-39 years","Wheeler","75","2","2"
"40-49 years","Wheeler","78","1","3"
"50-59 years","Wheeler","91","7","11"
"60-69 years","Wheeler","54","3","6"
"70-79 years","Wheeler","40","5","11"
"80 & Older years","Wheeler","9","3","1"
"<1 years","Wheeler","1","0","0"
"Unknown years","Wheeler","24","0","1"
"01-04 years","White","17","0","0"
"05-09 years","White","59","0","0"
"10-17 years","White","224","0","2"
"18-29 years","White","420","1","7"
"30-39 years","White","307","1","7"
"40-49 years","White","390","1","16"
"50-59 years","White","457","4","36"
"60-69 years","White","420","10","61"
"70-79 years","White","312","13","74"
"80 & Older years","White","178","30","68"
"<1 years","White","5","0","0"
"Unknown years","White","50","0","2"
"01-04 years","Whitfield","195","0","2"
"05-09 years","Whitfield","372","0","3"
"10-17 years","Whitfield","1290","0","6"
"18-29 years","Whitfield","3338","0","42"
"30-39 years","Whitfield","2159","5","58"
"40-49 years","Whitfield","2251","4","73"
"50-59 years","Whitfield","2051","23","113"
"60-69 years","Whitfield","1208","32","134"
"70-79 years","Whitfield","692","51","132"
"80 & Older years","Whitfield","402","85","114"
"<1 years","Whitfield","68","0","5"
"Unknown years","Whitfield","29","0","2"
"01-04 years","Wilcox","10","0","0"
"05-09 years","Wilcox","9","0","0"
"10-17 years","Wilcox","27","0","0"
"18-29 years","Wilcox","44","0","0"
"30-39 years","Wilcox","46","0","1"
"40-49 years","Wilcox","73","0","12"
"50-59 years","Wilcox","79","1","14"
"60-69 years","Wilcox","82","9","24"
"70-79 years","Wilcox","52","10","10"
"80 & Older years","Wilcox","23","7","6"
"<1 years","Wilcox","5","0","0"
"01-04 years","Wilkes","8","0","0"
"05-09 years","Wilkes","16","0","0"
"10-17 years","Wilkes","50","0","0"
"18-29 years","Wilkes","109","0","1"
"30-39 years","Wilkes","83","0","4"
"40-49 years","Wilkes","100","0","11"
"50-59 years","Wilkes","97","2","4"
"60-69 years","Wilkes","78","1","12"
"70-79 years","Wilkes","64","5","18"
"80 & Older years","Wilkes","29","8","13"
"<1 years","Wilkes","3","0","0"
"Unknown years","Wilkes","1","0","0"
"01-04 years","Wilkinson","6","0","0"
"05-09 years","Wilkinson","11","0","0"
"10-17 years","Wilkinson","29","0","1"
"18-29 years","Wilkinson","104","0","3"
"30-39 years","Wilkinson","83","0","5"
"40-49 years","Wilkinson","92","0","6"
"50-59 years","Wilkinson","145","4","24"
"60-69 years","Wilkinson","127","9","38"
"70-79 years","Wilkinson","57","6","22"
"80 & Older years","Wilkinson","37","4","15"
"01-04 years","Worth","13","0","0"
"05-09 years","Worth","13","0","0"
"10-17 years","Worth","77","0","3"
"18-29 years","Worth","175","0","7"
"30-39 years","Worth","138","0","10"
"40-49 years","Worth","151","1","15"
"50-59 years","Worth","184","4","24"
"60-69 years","Worth","193","19","51"
"70-79 years","Worth","115","16","30"
"80 & Older years","Worth","69","15","25"
"<1 years","Worth","4","0","0"
"Unknown years","Worth","1","0","0"
