"ethnicity","race","sex","cases","deaths","confirmed_case_hospitalization"
"Hispanic/ Latino","African-American/ Black","Female","207","0","10"
"Hispanic/ Latino","African-American/ Black","Male","49","1","1"
"Hispanic/ Latino","African-American/ Black","Unknown","1","0","0"
"Hispanic/ Latino","American Indian/ Alaska Native","Female","3","0","1"
"Hispanic/ Latino","American Indian/ Alaska Native","Male","1","0","0"
"Hispanic/ Latino","Asian","Female","22","0","1"
"Hispanic/ Latino","Asian","Male","5","0","0"
"Hispanic/ Latino","Native Hawaiian/ Pacific Islander","Female","10","0","0"
"Hispanic/ Latino","Other","Female","850","4","43"
"Hispanic/ Latino","Other","Male","207","1","13"
"Hispanic/ Latino","Other","Unknown","2","0","0"
"Hispanic/ Latino","Unknown","Female","318","0","10"
"Hispanic/ Latino","Unknown","Male","65","0","1"
"Hispanic/ Latino","White","Female","1350","4","51"
"Hispanic/ Latino","White","Male","303","3","12"
"Hispanic/ Latino","White","Unknown","2","0","0"
"Non-Hispanic/ Latino","African-American/ Black","Female","18913","275","1330"
"Non-Hispanic/ Latino","African-American/ Black","Male","2994","64","275"
"Non-Hispanic/ Latino","African-American/ Black","Unknown","17","1","2"
"Non-Hispanic/ Latino","American Indian/ Alaska Native","Female","25","1","2"
"Non-Hispanic/ Latino","American Indian/ Alaska Native","Male","10","2","2"
"Non-Hispanic/ Latino","Asian","Female","882","5","25"
"Non-Hispanic/ Latino","Asian","Male","339","3","18"
"Non-Hispanic/ Latino","Asian","Unknown","2","0","0"
"Non-Hispanic/ Latino","Native Hawaiian/ Pacific Islander","Female","31","0","0"
"Non-Hispanic/ Latino","Native Hawaiian/ Pacific Islander","Male","13","0","0"
"Non-Hispanic/ Latino","Other","Female","502","5","14"
"Non-Hispanic/ Latino","Other","Male","192","2","5"
"Non-Hispanic/ Latino","Other","Unknown","5","0","0"
"Non-Hispanic/ Latino","Unknown","Female","251","0","7"
"Non-Hispanic/ Latino","Unknown","Male","59","0","2"
"Non-Hispanic/ Latino","White","Female","21983","213","915"
"Non-Hispanic/ Latino","White","Male","5341","102","378"
"Non-Hispanic/ Latino","White","Unknown","23","0","0"
"Unknown","African-American/ Black","Female","545","0","19"
"Unknown","African-American/ Black","Male","114","0","3"
"Unknown","African-American/ Black","Unknown","10","0","0"
"Unknown","American Indian/ Alaska Native","Female","4","0","0"
"Unknown","American Indian/ Alaska Native","Male","3","0","0"
"Unknown","Asian","Female","60","0","1"
"Unknown","Asian","Male","27","0","1"
"Unknown","Asian","Unknown","1","0","0"
"Unknown","Native Hawaiian/ Pacific Islander","Female","4","0","1"
"Unknown","Native Hawaiian/ Pacific Islander","Male","2","0","0"
"Unknown","Native Hawaiian/ Pacific Islander","Unknown","1","0","0"
"Unknown","Other","Female","448","0","7"
"Unknown","Other","Male","142","0","1"
"Unknown","Unknown","Female","4419","1","19"
"Unknown","Unknown","Male","2073","0","4"
"Unknown","Unknown","Unknown","142","0","5"
"Unknown","White","Female","692","0","14"
"Unknown","White","Male","180","0","4"
"Unknown","White","Unknown","5","0","0"
