"age group","county name","cases","deaths","confirmed_case_hospitalization"
"01-04 years","Georgia","23174","3","342"
"05-09 years","Georgia","43945","5","297"
"10-17 years","Georgia","122224","14","1177"
"18-29 years","Georgia","275500","218","5832"
"30-39 years","Georgia","209528","560","7769"
"40-49 years","Georgia","194056","1261","10887"
"50-59 years","Georgia","176171","3010","15823"
"60-69 years","Georgia","118287","5397","17818"
"70-79 years","Georgia","67032","6929","16116"
"80 & Older years","Georgia","36939","8114","11846"
"<1 years","Georgia","7050","0","432"
"Unknown years","Georgia","3013","0","136"
"01-04 years","Appling","55","0","0"
"05-09 years","Appling","92","0","0"
"10-17 years","Appling","335","0","3"
"18-29 years","Appling","497","1","8"
"30-39 years","Appling","370","2","10"
"40-49 years","Appling","376","8","27"
"50-59 years","Appling","397","11","41"
"60-69 years","Appling","331","21","67"
"70-79 years","Appling","221","25","46"
"80 & Older years","Appling","113","28","40"
"<1 years","Appling","9","0","0"
"01-04 years","Atkinson","20","0","1"
"05-09 years","Atkinson","45","0","1"
"10-17 years","Atkinson","116","0","1"
"18-29 years","Atkinson","246","0","15"
"30-39 years","Atkinson","184","0","15"
"40-49 years","Atkinson","188","4","33"
"50-59 years","Atkinson","184","5","37"
"60-69 years","Atkinson","119","7","37"
"70-79 years","Atkinson","62","8","25"
"80 & Older years","Atkinson","20","8","14"
"<1 years","Atkinson","4","0","0"
"01-04 years","Bacon","40","0","0"
"05-09 years","Bacon","53","0","0"
"10-17 years","Bacon","168","0","1"
"18-29 years","Bacon","513","0","8"
"30-39 years","Bacon","279","1","9"
"40-49 years","Bacon","287","4","20"
"50-59 years","Bacon","216","3","20"
"60-69 years","Bacon","203","17","46"
"70-79 years","Bacon","122","13","32"
"80 & Older years","Bacon","55","13","19"
"<1 years","Bacon","13","0","0"
"Unknown years","Bacon","1","0","0"
"01-04 years","Baker","10","0","0"
"05-09 years","Baker","11","0","0"
"10-17 years","Baker","13","0","0"
"18-29 years","Baker","44","0","0"
"30-39 years","Baker","27","0","4"
"40-49 years","Baker","27","3","3"
"50-59 years","Baker","34","0","4"
"60-69 years","Baker","39","3","16"
"70-79 years","Baker","20","3","11"
"80 & Older years","Baker","15","4","6"
"<1 years","Baker","2","0","0"
"01-04 years","Baldwin","68","0","1"
"05-09 years","Baldwin","142","0","0"
"10-17 years","Baldwin","405","1","5"
"18-29 years","Baldwin","1587","0","19"
"30-39 years","Baldwin","694","2","20"
"40-49 years","Baldwin","681","5","44"
"50-59 years","Baldwin","663","21","74"
"60-69 years","Baldwin","512","38","88"
"70-79 years","Baldwin","313","41","69"
"80 & Older years","Baldwin","195","61","73"
"<1 years","Baldwin","27","0","1"
"Unknown years","Baldwin","1","0","0"
"01-04 years","Banks","25","0","1"
"05-09 years","Banks","60","0","1"
"10-17 years","Banks","196","0","5"
"18-29 years","Banks","460","0","18"
"30-39 years","Banks","339","0","16"
"40-49 years","Banks","354","3","27"
"50-59 years","Banks","362","6","38"
"60-69 years","Banks","302","14","65"
"70-79 years","Banks","210","23","75"
"80 & Older years","Banks","100","14","34"
"<1 years","Banks","15","0","2"
"Unknown years","Banks","17","0","1"
"01-04 years","Barrow","200","0","0"
"05-09 years","Barrow","427","0","0"
"10-17 years","Barrow","1340","1","12"
"18-29 years","Barrow","2550","1","57"
"30-39 years","Barrow","2278","3","79"
"40-49 years","Barrow","2240","11","116"
"50-59 years","Barrow","1851","19","164"
"60-69 years","Barrow","1237","47","193"
"70-79 years","Barrow","687","52","132"
"80 & Older years","Barrow","304","58","111"
"<1 years","Barrow","69","0","5"
"Unknown years","Barrow","13","0","2"
"01-04 years","Bartow","248","0","7"
"05-09 years","Bartow","421","0","3"
"10-17 years","Bartow","1483","0","16"
"18-29 years","Bartow","2931","0","35"
"30-39 years","Bartow","2406","6","62"
"40-49 years","Bartow","2432","9","115"
"50-59 years","Bartow","2454","33","206"
"60-69 years","Bartow","1545","74","206"
"70-79 years","Bartow","1030","104","237"
"80 & Older years","Bartow","479","91","140"
"<1 years","Bartow","85","0","6"
"Unknown years","Bartow","49","0","5"
"01-04 years","Ben Hill","39","0","1"
"05-09 years","Ben Hill","31","0","0"
"10-17 years","Ben Hill","149","0","0"
"18-29 years","Ben Hill","360","0","5"
"30-39 years","Ben Hill","267","3","12"
"40-49 years","Ben Hill","258","2","14"
"50-59 years","Ben Hill","276","8","34"
"60-69 years","Ben Hill","240","16","36"
"70-79 years","Ben Hill","159","22","56"
"80 & Older years","Ben Hill","77","19","21"
"<1 years","Ben Hill","11","0","2"
"01-04 years","Berrien","40","0","0"
"05-09 years","Berrien","43","0","0"
"10-17 years","Berrien","147","0","1"
"18-29 years","Berrien","286","0","0"
"30-39 years","Berrien","248","0","3"
"40-49 years","Berrien","196","1","6"
"50-59 years","Berrien","219","6","21"
"60-69 years","Berrien","174","11","26"
"70-79 years","Berrien","120","17","21"
"80 & Older years","Berrien","61","15","15"
"<1 years","Berrien","9","0","0"
"Unknown years","Berrien","1","0","0"
"01-04 years","Bibb","312","0","6"
"05-09 years","Bibb","538","0","0"
"10-17 years","Bibb","1580","0","14"
"18-29 years","Bibb","4554","4","125"
"30-39 years","Bibb","3363","10","182"
"40-49 years","Bibb","3089","28","297"
"50-59 years","Bibb","2774","59","397"
"60-69 years","Bibb","2138","133","537"
"70-79 years","Bibb","1196","162","446"
"80 & Older years","Bibb","720","188","362"
"<1 years","Bibb","91","0","8"
"Unknown years","Bibb","7","0","0"
"01-04 years","Bleckley","14","0","0"
"05-09 years","Bleckley","36","0","0"
"10-17 years","Bleckley","115","0","0"
"18-29 years","Bleckley","250","0","6"
"30-39 years","Bleckley","150","1","5"
"40-49 years","Bleckley","138","1","2"
"50-59 years","Bleckley","144","4","9"
"60-69 years","Bleckley","107","9","14"
"70-79 years","Bleckley","75","7","14"
"80 & Older years","Bleckley","62","18","13"
"<1 years","Bleckley","8","0","0"
"01-04 years","Brantley","35","0","0"
"05-09 years","Brantley","65","0","0"
"10-17 years","Brantley","206","0","1"
"18-29 years","Brantley","346","0","5"
"30-39 years","Brantley","272","2","7"
"40-49 years","Brantley","260","4","20"
"50-59 years","Brantley","300","17","33"
"60-69 years","Brantley","207","15","35"
"70-79 years","Brantley","140","24","42"
"80 & Older years","Brantley","61","13","17"
"<1 years","Brantley","5","0","0"
"01-04 years","Brooks","27","0","1"
"05-09 years","Brooks","49","0","0"
"10-17 years","Brooks","121","0","0"
"18-29 years","Brooks","258","0","4"
"30-39 years","Brooks","195","1","9"
"40-49 years","Brooks","185","2","15"
"50-59 years","Brooks","220","5","30"
"60-69 years","Brooks","139","11","28"
"70-79 years","Brooks","116","16","26"
"80 & Older years","Brooks","74","19","21"
"<1 years","Brooks","11","0","0"
"01-04 years","Bryan","118","0","0"
"05-09 years","Bryan","220","0","2"
"10-17 years","Bryan","598","0","4"
"18-29 years","Bryan","848","1","20"
"30-39 years","Bryan","794","4","27"
"40-49 years","Bryan","799","5","48"
"50-59 years","Bryan","541","7","51"
"60-69 years","Bryan","370","18","59"
"70-79 years","Bryan","219","19","82"
"80 & Older years","Bryan","79","10","31"
"<1 years","Bryan","47","0","3"
"Unknown years","Bryan","8","0","0"
"01-04 years","Bulloch","153","0","1"
"05-09 years","Bulloch","304","0","1"
"10-17 years","Bulloch","869","0","3"
"18-29 years","Bulloch","2974","1","13"
"30-39 years","Bulloch","1060","5","29"
"40-49 years","Bulloch","860","7","32"
"50-59 years","Bulloch","742","18","58"
"60-69 years","Bulloch","529","24","69"
"70-79 years","Bulloch","259","24","58"
"80 & Older years","Bulloch","127","19","43"
"<1 years","Bulloch","67","0","4"
"01-04 years","Burke","34","0","0"
"05-09 years","Burke","72","0","0"
"10-17 years","Burke","200","0","1"
"18-29 years","Burke","459","2","11"
"30-39 years","Burke","367","1","15"
"40-49 years","Burke","372","3","22"
"50-59 years","Burke","342","6","39"
"60-69 years","Burke","260","8","47"
"70-79 years","Burke","136","16","39"
"80 & Older years","Burke","47","12","19"
"<1 years","Burke","14","0","0"
"Unknown years","Burke","2","0","0"
"01-04 years","Butts","50","0","2"
"05-09 years","Butts","74","0","0"
"10-17 years","Butts","257","0","5"
"18-29 years","Butts","637","0","8"
"30-39 years","Butts","568","0","9"
"40-49 years","Butts","509","5","24"
"50-59 years","Butts","528","16","44"
"60-69 years","Butts","356","19","45"
"70-79 years","Butts","251","34","43"
"80 & Older years","Butts","143","39","12"
"<1 years","Butts","18","0","3"
"Unknown years","Butts","3","0","0"
"01-04 years","Calhoun","16","0","0"
"05-09 years","Calhoun","13","0","0"
"10-17 years","Calhoun","62","0","1"
"18-29 years","Calhoun","95","0","6"
"30-39 years","Calhoun","82","3","7"
"40-49 years","Calhoun","97","1","11"
"50-59 years","Calhoun","101","4","20"
"60-69 years","Calhoun","87","4","24"
"70-79 years","Calhoun","34","7","11"
"80 & Older years","Calhoun","22","2","10"
"<1 years","Calhoun","5","0","0"
"Unknown years","Calhoun","1","0","0"
"01-04 years","Camden","135","0","0"
"05-09 years","Camden","245","0","2"
"10-17 years","Camden","628","0","1"
"18-29 years","Camden","1350","0","10"
"30-39 years","Camden","1092","3","26"
"40-49 years","Camden","777","10","29"
"50-59 years","Camden","808","11","38"
"60-69 years","Camden","554","22","52"
"70-79 years","Camden","313","12","35"
"80 & Older years","Camden","129","22","29"
"<1 years","Camden","24","0","2"
"Unknown years","Camden","8","0","0"
"01-04 years","Candler","13","0","0"
"05-09 years","Candler","40","0","0"
"10-17 years","Candler","102","0","0"
"18-29 years","Candler","187","0","1"
"30-39 years","Candler","152","0","5"
"40-49 years","Candler","164","4","3"
"50-59 years","Candler","187","13","19"
"60-69 years","Candler","130","9","19"
"70-79 years","Candler","93","15","22"
"80 & Older years","Candler","35","8","15"
"<1 years","Candler","7","0","0"
"01-04 years","Carroll","168","0","1"
"05-09 years","Carroll","297","0","3"
"10-17 years","Carroll","1016","0","6"
"18-29 years","Carroll","2303","1","18"
"30-39 years","Carroll","1543","4","24"
"40-49 years","Carroll","1460","9","46"
"50-59 years","Carroll","1384","15","66"
"60-69 years","Carroll","986","32","97"
"70-79 years","Carroll","551","38","77"
"80 & Older years","Carroll","316","58","49"
"<1 years","Carroll","44","0","2"
"Unknown years","Carroll","10","0","1"
"01-04 years","Catoosa","167","0","0"
"05-09 years","Catoosa","298","0","1"
"10-17 years","Catoosa","893","0","2"
"18-29 years","Catoosa","1578","1","9"
"30-39 years","Catoosa","1270","2","14"
"40-49 years","Catoosa","1334","2","24"
"50-59 years","Catoosa","1206","11","48"
"60-69 years","Catoosa","825","12","71"
"70-79 years","Catoosa","490","25","72"
"80 & Older years","Catoosa","331","41","57"
"<1 years","Catoosa","65","0","1"
"Unknown years","Catoosa","71","0","4"
"01-04 years","Charlton","21","0","0"
"05-09 years","Charlton","45","0","0"
"10-17 years","Charlton","99","0","0"
"18-29 years","Charlton","405","1","3"
"30-39 years","Charlton","343","2","6"
"40-49 years","Charlton","281","3","13"
"50-59 years","Charlton","206","4","12"
"60-69 years","Charlton","200","12","32"
"70-79 years","Charlton","91","11","23"
"80 & Older years","Charlton","40","10","18"
"<1 years","Charlton","8","0","0"
"Unknown years","Charlton","1","0","0"
"01-04 years","Chatham","981","0","6"
"05-09 years","Chatham","1508","1","5"
"10-17 years","Chatham","3211","0","32"
"18-29 years","Chatham","7832","6","152"
"30-39 years","Chatham","5884","22","244"
"40-49 years","Chatham","4449","40","299"
"50-59 years","Chatham","3752","79","435"
"60-69 years","Chatham","2906","138","564"
"70-79 years","Chatham","1541","167","504"
"80 & Older years","Chatham","918","205","418"
"<1 years","Chatham","329","0","15"
"Unknown years","Chatham","26","0","2"
"01-04 years","Chattahoochee","8","0","0"
"05-09 years","Chattahoochee","21","0","0"
"10-17 years","Chattahoochee","173","0","2"
"18-29 years","Chattahoochee","4480","7","8"
"30-39 years","Chattahoochee","414","2","5"
"40-49 years","Chattahoochee","70","0","1"
"50-59 years","Chattahoochee","44","1","10"
"60-69 years","Chattahoochee","22","1","6"
"70-79 years","Chattahoochee","15","1","5"
"80 & Older years","Chattahoochee","9","3","5"
"<1 years","Chattahoochee","11","0","0"
"Unknown years","Chattahoochee","1","0","0"
"01-04 years","Chattooga","59","0","0"
"05-09 years","Chattooga","114","0","1"
"10-17 years","Chattooga","416","0","3"
"18-29 years","Chattooga","643","0","7"
"30-39 years","Chattooga","545","2","10"
"40-49 years","Chattooga","556","4","27"
"50-59 years","Chattooga","536","10","44"
"60-69 years","Chattooga","410","22","56"
"70-79 years","Chattooga","248","22","67"
"80 & Older years","Chattooga","145","30","37"
"<1 years","Chattooga","27","0","3"
"Unknown years","Chattooga","11","0","1"
"01-04 years","Cherokee","468","0","8"
"05-09 years","Cherokee","1191","0","10"
"10-17 years","Cherokee","3781","0","21"
"18-29 years","Cherokee","5936","1","116"
"30-39 years","Cherokee","4605","8","176"
"40-49 years","Cherokee","5138","12","230"
"50-59 years","Cherokee","4830","39","358"
"60-69 years","Cherokee","2927","82","390"
"70-79 years","Cherokee","1805","120","372"
"80 & Older years","Cherokee","1009","184","316"
"<1 years","Cherokee","127","0","7"
"Unknown years","Cherokee","9","0","0"
"01-04 years","Clarke","300","0","3"
"05-09 years","Clarke","515","0","6"
"10-17 years","Clarke","1147","0","16"
"18-29 years","Clarke","7878","0","86"
"30-39 years","Clarke","2300","3","74"
"40-49 years","Clarke","1837","5","96"
"50-59 years","Clarke","1553","16","125"
"60-69 years","Clarke","1021","35","140"
"70-79 years","Clarke","603","59","145"
"80 & Older years","Clarke","307","60","96"
"<1 years","Clarke","99","0","4"
"Unknown years","Clarke","11","0","0"
"01-04 years","Clay","3","0","0"
"05-09 years","Clay","5","0","0"
"10-17 years","Clay","23","0","0"
"18-29 years","Clay","38","0","0"
"30-39 years","Clay","39","0","1"
"40-49 years","Clay","40","0","2"
"50-59 years","Clay","22","1","3"
"60-69 years","Clay","27","1","2"
"70-79 years","Clay","21","0","0"
"80 & Older years","Clay","13","2","4"
"Unknown years","Clay","1","0","0"
"01-04 years","Clayton","851","0","15"
"05-09 years","Clayton","1456","1","11"
"10-17 years","Clayton","3500","1","57"
"18-29 years","Clayton","7259","9","189"
"30-39 years","Clayton","6623","33","295"
"40-49 years","Clayton","5608","51","323"
"50-59 years","Clayton","4942","106","446"
"60-69 years","Clayton","3088","190","404"
"70-79 years","Clayton","1278","172","274"
"80 & Older years","Clayton","594","154","164"
"<1 years","Clayton","196","0","14"
"Unknown years","Clayton","36","0","8"
"01-04 years","Clinch","23","0","0"
"05-09 years","Clinch","37","0","0"
"10-17 years","Clinch","101","0","0"
"18-29 years","Clinch","188","0","2"
"30-39 years","Clinch","152","1","5"
"40-49 years","Clinch","135","0","4"
"50-59 years","Clinch","139","3","19"
"60-69 years","Clinch","138","12","23"
"70-79 years","Clinch","67","10","22"
"80 & Older years","Clinch","23","8","10"
"<1 years","Clinch","7","0","0"
"01-04 years","Cobb","1465","1","23"
"05-09 years","Cobb","3341","0","26"
"10-17 years","Cobb","8256","0","69"
"18-29 years","Cobb","20019","9","299"
"30-39 years","Cobb","14384","35","361"
"40-49 years","Cobb","13424","60","556"
"50-59 years","Cobb","11552","123","756"
"60-69 years","Cobb","7050","229","747"
"70-79 years","Cobb","3815","357","699"
"80 & Older years","Cobb","2181","489","637"
"<1 years","Cobb","366","0","23"
"Unknown years","Cobb","84","0","2"
"01-04 years","Coffee","142","0","2"
"05-09 years","Coffee","229","0","3"
"10-17 years","Coffee","566","0","6"
"18-29 years","Coffee","1276","1","39"
"30-39 years","Coffee","989","5","66"
"40-49 years","Coffee","968","15","140"
"50-59 years","Coffee","914","24","193"
"60-69 years","Coffee","685","48","191"
"70-79 years","Coffee","353","52","161"
"80 & Older years","Coffee","187","44","103"
"<1 years","Coffee","42","0","4"
"01-04 years","Colquitt","85","0","0"
"05-09 years","Colquitt","213","0","2"
"10-17 years","Colquitt","680","0","11"
"18-29 years","Colquitt","1101","1","28"
"30-39 years","Colquitt","815","3","32"
"40-49 years","Colquitt","823","8","47"
"50-59 years","Colquitt","740","24","53"
"60-69 years","Colquitt","528","31","62"
"70-79 years","Colquitt","343","30","64"
"80 & Older years","Colquitt","183","36","41"
"<1 years","Colquitt","36","0","2"
"Unknown years","Colquitt","1","0","0"
"01-04 years","Columbia","235","1","3"
"05-09 years","Columbia","553","1","4"
"10-17 years","Columbia","1684","0","9"
"18-29 years","Columbia","2890","2","38"
"30-39 years","Columbia","2723","6","45"
"40-49 years","Columbia","2370","16","72"
"50-59 years","Columbia","1940","35","108"
"60-69 years","Columbia","1261","45","123"
"70-79 years","Columbia","655","65","138"
"80 & Older years","Columbia","390","84","128"
"<1 years","Columbia","67","0","4"
"Unknown years","Columbia","10","0","0"
"01-04 years","Cook","34","0","3"
"05-09 years","Cook","63","0","0"
"10-17 years","Cook","161","0","2"
"18-29 years","Cook","309","0","7"
"30-39 years","Cook","254","0","4"
"40-49 years","Cook","257","3","19"
"50-59 years","Cook","226","7","23"
"60-69 years","Cook","162","10","23"
"70-79 years","Cook","120","13","30"
"80 & Older years","Cook","74","19","16"
"<1 years","Cook","17","0","2"
"Unknown years","Cook","1","0","0"
"01-04 years","Coweta","253","0","3"
"05-09 years","Coweta","438","0","1"
"10-17 years","Coweta","1337","0","10"
"18-29 years","Coweta","2301","5","54"
"30-39 years","Coweta","1882","11","90"
"40-49 years","Coweta","1968","26","126"
"50-59 years","Coweta","2131","48","167"
"60-69 years","Coweta","1298","63","153"
"70-79 years","Coweta","802","97","142"
"80 & Older years","Coweta","420","95","89"
"<1 years","Coweta","59","0","4"
"Unknown years","Coweta","12","0","0"
"01-04 years","Crawford","4","0","0"
"05-09 years","Crawford","10","0","0"
"10-17 years","Crawford","49","0","2"
"18-29 years","Crawford","134","0","3"
"30-39 years","Crawford","135","1","10"
"40-49 years","Crawford","97","3","7"
"50-59 years","Crawford","164","8","23"
"60-69 years","Crawford","142","12","23"
"70-79 years","Crawford","70","12","23"
"80 & Older years","Crawford","32","3","15"
"Unknown years","Crawford","1","0","0"
"01-04 years","Crisp","30","0","0"
"05-09 years","Crisp","55","0","0"
"10-17 years","Crisp","193","0","3"
"18-29 years","Crisp","312","0","13"
"30-39 years","Crisp","306","2","18"
"40-49 years","Crisp","265","4","23"
"50-59 years","Crisp","247","4","31"
"60-69 years","Crisp","230","19","46"
"70-79 years","Crisp","122","16","34"
"80 & Older years","Crisp","75","20","18"
"<1 years","Crisp","18","0","0"
"Unknown years","Crisp","7","0","0"
"01-04 years","Dade","36","0","0"
"05-09 years","Dade","82","0","0"
"10-17 years","Dade","208","0","1"
"18-29 years","Dade","356","0","1"
"30-39 years","Dade","242","0","2"
"40-49 years","Dade","275","1","7"
"50-59 years","Dade","231","3","13"
"60-69 years","Dade","189","1","11"
"70-79 years","Dade","130","9","22"
"80 & Older years","Dade","58","3","10"
"<1 years","Dade","9","0","0"
"Unknown years","Dade","21","0","1"
"01-04 years","Dawson","72","0","0"
"05-09 years","Dawson","126","0","0"
"10-17 years","Dawson","357","0","6"
"18-29 years","Dawson","793","0","19"
"30-39 years","Dawson","663","2","26"
"40-49 years","Dawson","610","1","36"
"50-59 years","Dawson","630","7","55"
"60-69 years","Dawson","487","13","92"
"70-79 years","Dawson","296","27","63"
"80 & Older years","Dawson","119","24","38"
"<1 years","Dawson","26","0","3"
"Unknown years","Dawson","23","0","1"
"01-04 years","DeKalb","1680","0","26"
"05-09 years","DeKalb","2895","0","30"
"10-17 years","DeKalb","6499","0","97"
"18-29 years","DeKalb","18390","14","564"
"30-39 years","DeKalb","15931","26","802"
"40-49 years","DeKalb","12405","60","894"
"50-59 years","DeKalb","10556","151","1148"
"60-69 years","DeKalb","6709","250","1259"
"70-79 years","DeKalb","3331","320","938"
"80 & Older years","DeKalb","1943","410","642"
"<1 years","DeKalb","390","0","24"
"Unknown years","DeKalb","165","0","14"
"01-04 years","Decatur","139","0","2"
"05-09 years","Decatur","166","0","0"
"10-17 years","Decatur","384","0","1"
"18-29 years","Decatur","674","1","17"
"30-39 years","Decatur","507","1","11"
"40-49 years","Decatur","502","3","31"
"50-59 years","Decatur","427","10","43"
"60-69 years","Decatur","322","17","54"
"70-79 years","Decatur","197","24","40"
"80 & Older years","Decatur","115","22","25"
"<1 years","Decatur","40","0","0"
"Unknown years","Decatur","6","0","0"
"01-04 years","Dodge","19","0","0"
"05-09 years","Dodge","40","0","0"
"10-17 years","Dodge","173","1","2"
"18-29 years","Dodge","296","0","6"
"30-39 years","Dodge","216","0","10"
"40-49 years","Dodge","229","3","13"
"50-59 years","Dodge","221","6","23"
"60-69 years","Dodge","170","18","31"
"70-79 years","Dodge","97","18","24"
"80 & Older years","Dodge","62","15","16"
"<1 years","Dodge","9","0","0"
"01-04 years","Dooly","16","0","0"
"05-09 years","Dooly","32","0","0"
"10-17 years","Dooly","106","0","1"
"18-29 years","Dooly","186","1","5"
"30-39 years","Dooly","141","0","11"
"40-49 years","Dooly","180","2","13"
"50-59 years","Dooly","173","6","21"
"60-69 years","Dooly","148","11","25"
"70-79 years","Dooly","69","10","20"
"80 & Older years","Dooly","26","8","6"
"<1 years","Dooly","6","0","0"
"Unknown years","Dooly","2","0","0"
"01-04 years","Dougherty","200","0","4"
"05-09 years","Dougherty","401","0","0"
"10-17 years","Dougherty","861","0","14"
"18-29 years","Dougherty","1726","3","132"
"30-39 years","Dougherty","1461","7","117"
"40-49 years","Dougherty","1286","28","162"
"50-59 years","Dougherty","1240","40","217"
"60-69 years","Dougherty","1005","100","320"
"70-79 years","Dougherty","553","89","219"
"80 & Older years","Dougherty","334","119","160"
"<1 years","Dougherty","69","0","7"
"Unknown years","Dougherty","7","0","0"
"01-04 years","Douglas","334","0","7"
"05-09 years","Douglas","662","0","9"
"10-17 years","Douglas","1867","1","26"
"18-29 years","Douglas","3357","0","62"
"30-39 years","Douglas","2900","6","104"
"40-49 years","Douglas","3124","12","163"
"50-59 years","Douglas","2680","32","216"
"60-69 years","Douglas","1567","57","226"
"70-79 years","Douglas","781","72","178"
"80 & Older years","Douglas","372","69","119"
"<1 years","Douglas","80","0","7"
"Unknown years","Douglas","15","0","2"
"01-04 years","Early","41","0","0"
"05-09 years","Early","55","0","0"
"10-17 years","Early","223","0","0"
"18-29 years","Early","252","1","9"
"30-39 years","Early","219","1","6"
"40-49 years","Early","235","1","11"
"50-59 years","Early","217","5","17"
"60-69 years","Early","147","12","20"
"70-79 years","Early","99","19","23"
"80 & Older years","Early","50","13","17"
"<1 years","Early","5","0","0"
"Unknown years","Early","3","0","0"
"01-04 years","Echols","11","0","0"
"05-09 years","Echols","8","0","0"
"10-17 years","Echols","32","0","1"
"18-29 years","Echols","141","0","2"
"30-39 years","Echols","67","1","4"
"40-49 years","Echols","50","0","1"
"50-59 years","Echols","52","1","2"
"60-69 years","Echols","24","0","0"
"70-79 years","Echols","20","2","3"
"80 & Older years","Echols","5","1","2"
"<1 years","Echols","2","0","0"
"01-04 years","Effingham","165","0","1"
"05-09 years","Effingham","359","0","3"
"10-17 years","Effingham","891","0","2"
"18-29 years","Effingham","1211","1","12"
"30-39 years","Effingham","1205","4","38"
"40-49 years","Effingham","1060","10","65"
"50-59 years","Effingham","965","32","109"
"60-69 years","Effingham","619","25","116"
"70-79 years","Effingham","338","39","105"
"80 & Older years","Effingham","155","41","48"
"<1 years","Effingham","57","0","5"
"Unknown years","Effingham","4","0","0"
"01-04 years","Elbert","35","0","0"
"05-09 years","Elbert","59","0","0"
"10-17 years","Elbert","154","0","2"
"18-29 years","Elbert","368","1","4"
"30-39 years","Elbert","277","0","12"
"40-49 years","Elbert","285","1","14"
"50-59 years","Elbert","289","2","24"
"60-69 years","Elbert","240","7","32"
"70-79 years","Elbert","187","23","46"
"80 & Older years","Elbert","149","35","49"
"<1 years","Elbert","15","0","4"
"Unknown years","Elbert","3","0","0"
"01-04 years","Emanuel","60","0","2"
"05-09 years","Emanuel","89","0","0"
"10-17 years","Emanuel","314","0","2"
"18-29 years","Emanuel","518","1","4"
"30-39 years","Emanuel","391","0","18"
"40-49 years","Emanuel","417","4","16"
"50-59 years","Emanuel","358","9","36"
"60-69 years","Emanuel","287","16","34"
"70-79 years","Emanuel","175","22","32"
"80 & Older years","Emanuel","73","21","23"
"<1 years","Emanuel","13","0","1"
"Unknown years","Emanuel","3","0","1"
"01-04 years","Evans","24","0","0"
"05-09 years","Evans","44","0","0"
"10-17 years","Evans","116","0","2"
"18-29 years","Evans","217","1","3"
"30-39 years","Evans","193","0","4"
"40-49 years","Evans","169","4","20"
"50-59 years","Evans","165","6","21"
"60-69 years","Evans","97","7","19"
"70-79 years","Evans","65","14","24"
"80 & Older years","Evans","24","4","14"
"<1 years","Evans","6","0","0"
"01-04 years","Fannin","30","0","1"
"05-09 years","Fannin","75","0","0"
"10-17 years","Fannin","278","0","2"
"18-29 years","Fannin","437","0","8"
"30-39 years","Fannin","376","1","9"
"40-49 years","Fannin","417","4","18"
"50-59 years","Fannin","534","6","43"
"60-69 years","Fannin","525","17","62"
"70-79 years","Fannin","368","26","67"
"80 & Older years","Fannin","184","37","55"
"<1 years","Fannin","9","0","0"
"Unknown years","Fannin","2","0","0"
"01-04 years","Fayette","159","0","1"
"05-09 years","Fayette","353","0","3"
"10-17 years","Fayette","1067","0","12"
"18-29 years","Fayette","1725","3","24"
"30-39 years","Fayette","1227","6","38"
"40-49 years","Fayette","1556","6","71"
"50-59 years","Fayette","1578","16","125"
"60-69 years","Fayette","1138","33","114"
"70-79 years","Fayette","598","74","141"
"80 & Older years","Fayette","388","78","91"
"<1 years","Fayette","39","0","1"
"Unknown years","Fayette","9","0","0"
"01-04 years","Floyd","266","0","5"
"05-09 years","Floyd","501","0","1"
"10-17 years","Floyd","1795","1","13"
"18-29 years","Floyd","3095","3","52"
"30-39 years","Floyd","2393","7","72"
"40-49 years","Floyd","2209","15","131"
"50-59 years","Floyd","2204","44","225"
"60-69 years","Floyd","1522","59","258"
"70-79 years","Floyd","932","84","254"
"80 & Older years","Floyd","512","95","180"
"<1 years","Floyd","109","0","4"
"Unknown years","Floyd","61","0","2"
"01-04 years","Forsyth","528","0","7"
"05-09 years","Forsyth","1572","0","2"
"10-17 years","Forsyth","4027","0","10"
"18-29 years","Forsyth","4355","0","62"
"30-39 years","Forsyth","3660","3","81"
"40-49 years","Forsyth","4741","10","176"
"50-59 years","Forsyth","4051","25","232"
"60-69 years","Forsyth","2093","43","228"
"70-79 years","Forsyth","1203","85","267"
"80 & Older years","Forsyth","681","108","200"
"<1 years","Forsyth","111","0","3"
"Unknown years","Forsyth","231","0","2"
"01-04 years","Franklin","40","0","1"
"05-09 years","Franklin","90","0","0"
"10-17 years","Franklin","319","0","6"
"18-29 years","Franklin","627","1","15"
"30-39 years","Franklin","455","0","11"
"40-49 years","Franklin","467","2","21"
"50-59 years","Franklin","464","4","35"
"60-69 years","Franklin","411","8","45"
"70-79 years","Franklin","260","27","49"
"80 & Older years","Franklin","126","26","32"
"<1 years","Franklin","19","0","3"
"Unknown years","Franklin","22","0","0"
"01-04 years","Fulton","2006","0","50"
"05-09 years","Fulton","3691","0","37"
"10-17 years","Fulton","9730","1","114"
"18-29 years","Fulton","28089","6","624"
"30-39 years","Fulton","21605","45","870"
"40-49 years","Fulton","16732","58","987"
"50-59 years","Fulton","14354","176","1393"
"60-69 years","Fulton","8517","322","1271"
"70-79 years","Fulton","4379","442","1071"
"80 & Older years","Fulton","3013","621","977"
"<1 years","Fulton","488","0","38"
"Unknown years","Fulton","94","0","27"
"01-04 years","Gilmer","49","0","2"
"05-09 years","Gilmer","65","0","0"
"10-17 years","Gilmer","309","0","2"
"18-29 years","Gilmer","504","0","20"
"30-39 years","Gilmer","474","2","23"
"40-49 years","Gilmer","490","1","25"
"50-59 years","Gilmer","557","15","47"
"60-69 years","Gilmer","526","19","69"
"70-79 years","Gilmer","372","40","92"
"80 & Older years","Gilmer","172","42","55"
"<1 years","Gilmer","17","0","0"
"01-04 years","Glascock","1","0","0"
"05-09 years","Glascock","5","0","0"
"10-17 years","Glascock","6","0","0"
"18-29 years","Glascock","26","0","1"
"30-39 years","Glascock","23","0","2"
"40-49 years","Glascock","29","0","1"
"50-59 years","Glascock","38","2","5"
"60-69 years","Glascock","20","0","5"
"70-79 years","Glascock","28","3","9"
"80 & Older years","Glascock","9","2","5"
"<1 years","Glascock","1","0","0"
"Unknown years","Glascock","1","0","0"
"01-04 years","Glynn","288","0","2"
"05-09 years","Glynn","593","0","1"
"10-17 years","Glynn","1433","0","3"
"18-29 years","Glynn","2415","4","33"
"30-39 years","Glynn","2050","9","46"
"40-49 years","Glynn","1697","16","62"
"50-59 years","Glynn","1521","37","109"
"60-69 years","Glynn","1230","76","169"
"70-79 years","Glynn","710","75","119"
"80 & Older years","Glynn","376","86","118"
"<1 years","Glynn","73","0","3"
"Unknown years","Glynn","20","0","0"
"01-04 years","Gordon","151","0","1"
"05-09 years","Gordon","236","1","2"
"10-17 years","Gordon","915","0","7"
"18-29 years","Gordon","1742","3","19"
"30-39 years","Gordon","1378","4","30"
"40-49 years","Gordon","1393","9","44"
"50-59 years","Gordon","1307","23","76"
"60-69 years","Gordon","861","49","84"
"70-79 years","Gordon","462","44","101"
"80 & Older years","Gordon","235","42","65"
"<1 years","Gordon","57","0","3"
"Unknown years","Gordon","52","0","1"
"01-04 years","Grady","67","0","1"
"05-09 years","Grady","121","0","0"
"10-17 years","Grady","284","0","5"
"18-29 years","Grady","376","0","15"
"30-39 years","Grady","368","0","17"
"40-49 years","Grady","347","2","33"
"50-59 years","Grady","327","11","41"
"60-69 years","Grady","238","10","36"
"70-79 years","Grady","206","26","64"
"80 & Older years","Grady","68","18","25"
"<1 years","Grady","22","0","2"
"Unknown years","Grady","6","0","0"
"01-04 years","Greene","33","0","1"
"05-09 years","Greene","72","0","0"
"10-17 years","Greene","213","0","3"
"18-29 years","Greene","372","0","10"
"30-39 years","Greene","272","0","11"
"40-49 years","Greene","259","4","21"
"50-59 years","Greene","311","7","29"
"60-69 years","Greene","314","10","33"
"70-79 years","Greene","227","13","40"
"80 & Older years","Greene","125","30","50"
"<1 years","Greene","10","0","2"
"Unknown years","Greene","2","0","0"
"01-04 years","Gwinnett","2175","0","25"
"05-09 years","Gwinnett","3976","0","29"
"10-17 years","Gwinnett","11077","2","81"
"18-29 years","Gwinnett","24402","16","612"
"30-39 years","Gwinnett","19198","33","674"
"40-49 years","Gwinnett","19882","91","952"
"50-59 years","Gwinnett","16362","165","1134"
"60-69 years","Gwinnett","9217","287","1127"
"70-79 years","Gwinnett","4145","343","901"
"80 & Older years","Gwinnett","2245","472","782"
"<1 years","Gwinnett","638","0","28"
"Unknown years","Gwinnett","97","0","2"
"01-04 years","Habersham","63","0","2"
"05-09 years","Habersham","118","0","0"
"10-17 years","Habersham","481","1","9"
"18-29 years","Habersham","1197","1","21"
"30-39 years","Habersham","928","4","36"
"40-49 years","Habersham","943","5","62"
"50-59 years","Habersham","1000","13","92"
"60-69 years","Habersham","774","28","147"
"70-79 years","Habersham","535","63","143"
"80 & Older years","Habersham","346","78","106"
"<1 years","Habersham","37","0","11"
"Unknown years","Habersham","38","0","3"
"01-04 years","Hall","343","0","7"
"05-09 years","Hall","782","0","8"
"10-17 years","Hall","3098","0","39"
"18-29 years","Hall","7323","6","232"
"30-39 years","Hall","5199","7","276"
"40-49 years","Hall","5194","27","382"
"50-59 years","Hall","5262","59","556"
"60-69 years","Hall","3454","114","548"
"70-79 years","Hall","2200","169","617"
"80 & Older years","Hall","1217","243","465"
"<1 years","Hall","110","0","18"
"Unknown years","Hall","212","0","10"
"01-04 years","Hancock","9","0","0"
"05-09 years","Hancock","13","0","0"
"10-17 years","Hancock","49","0","1"
"18-29 years","Hancock","169","0","3"
"30-39 years","Hancock","142","1","5"
"40-49 years","Hancock","125","1","7"
"50-59 years","Hancock","165","6","17"
"60-69 years","Hancock","166","20","36"
"70-79 years","Hancock","90","22","28"
"80 & Older years","Hancock","68","25","25"
"<1 years","Hancock","5","0","0"
"01-04 years","Haralson","34","0","0"
"05-09 years","Haralson","66","0","0"
"10-17 years","Haralson","248","0","2"
"18-29 years","Haralson","488","0","5"
"30-39 years","Haralson","332","0","8"
"40-49 years","Haralson","363","2","9"
"50-59 years","Haralson","391","6","14"
"60-69 years","Haralson","246","14","25"
"70-79 years","Haralson","152","16","20"
"80 & Older years","Haralson","62","9","11"
"<1 years","Haralson","14","0","1"
"Unknown years","Haralson","4","0","0"
"01-04 years","Harris","47","0","0"
"05-09 years","Harris","88","0","0"
"10-17 years","Harris","310","0","3"
"18-29 years","Harris","503","0","10"
"30-39 years","Harris","395","0","14"
"40-49 years","Harris","538","5","21"
"50-59 years","Harris","540","10","48"
"60-69 years","Harris","439","18","70"
"70-79 years","Harris","266","35","60"
"80 & Older years","Harris","83","17","22"
"<1 years","Harris","8","0","0"
"Unknown years","Harris","3","0","0"
"01-04 years","Hart","36","0","0"
"05-09 years","Hart","48","0","1"
"10-17 years","Hart","184","0","0"
"18-29 years","Hart","414","0","3"
"30-39 years","Hart","363","0","12"
"40-49 years","Hart","311","2","18"
"50-59 years","Hart","378","4","28"
"60-69 years","Hart","271","15","35"
"70-79 years","Hart","183","12","35"
"80 & Older years","Hart","99","17","32"
"<1 years","Hart","14","0","1"
"Unknown years","Hart","14","0","0"
"01-04 years","Heard","13","0","0"
"05-09 years","Heard","42","0","0"
"10-17 years","Heard","123","0","1"
"18-29 years","Heard","179","2","2"
"30-39 years","Heard","124","0","1"
"40-49 years","Heard","166","1","14"
"50-59 years","Heard","166","2","9"
"60-69 years","Heard","123","6","16"
"70-79 years","Heard","67","8","17"
"80 & Older years","Heard","29","7","5"
"<1 years","Heard","7","0","0"
"01-04 years","Henry","519","0","10"
"05-09 years","Henry","1045","0","5"
"10-17 years","Henry","3082","0","36"
"18-29 years","Henry","5513","2","93"
"30-39 years","Henry","4840","12","137"
"40-49 years","Henry","5024","35","221"
"50-59 years","Henry","4610","53","266"
"60-69 years","Henry","2561","120","234"
"70-79 years","Henry","1265","125","172"
"80 & Older years","Henry","622","132","104"
"<1 years","Henry","135","0","10"
"Unknown years","Henry","35","0","3"
"01-04 years","Houston","280","0","4"
"05-09 years","Houston","592","0","1"
"10-17 years","Houston","1789","0","10"
"18-29 years","Houston","3258","7","67"
"30-39 years","Houston","2987","7","94"
"40-49 years","Houston","2581","18","147"
"50-59 years","Houston","2111","33","184"
"60-69 years","Houston","1398","69","233"
"70-79 years","Houston","734","80","207"
"80 & Older years","Houston","378","76","128"
"<1 years","Houston","76","0","8"
"Unknown years","Houston","16","0","0"
"01-04 years","Irwin","7","0","0"
"05-09 years","Irwin","16","0","0"
"10-17 years","Irwin","66","0","0"
"18-29 years","Irwin","176","0","6"
"30-39 years","Irwin","147","0","8"
"40-49 years","Irwin","160","1","10"
"50-59 years","Irwin","131","3","12"
"60-69 years","Irwin","102","1","23"
"70-79 years","Irwin","55","8","9"
"80 & Older years","Irwin","40","8","24"
"Unknown years","Irwin","2","0","0"
"01-04 years","Jackson","145","0","2"
"05-09 years","Jackson","367","0","2"
"10-17 years","Jackson","1510","1","13"
"18-29 years","Jackson","2135","3","44"
"30-39 years","Jackson","2122","6","65"
"40-49 years","Jackson","2131","10","102"
"50-59 years","Jackson","1941","20","147"
"60-69 years","Jackson","1302","43","150"
"70-79 years","Jackson","841","54","165"
"80 & Older years","Jackson","408","72","132"
"<1 years","Jackson","46","0","5"
"Unknown years","Jackson","13","0","1"
"01-04 years","Jasper","16","0","0"
"05-09 years","Jasper","21","0","0"
"10-17 years","Jasper","79","0","2"
"18-29 years","Jasper","185","0","8"
"30-39 years","Jasper","153","2","7"
"40-49 years","Jasper","160","1","11"
"50-59 years","Jasper","180","5","21"
"60-69 years","Jasper","132","12","30"
"70-79 years","Jasper","72","7","15"
"80 & Older years","Jasper","29","6","10"
"<1 years","Jasper","10","0","3"
"Unknown years","Jasper","2","0","0"
"01-04 years","Jeff Davis","45","0","0"
"05-09 years","Jeff Davis","86","0","0"
"10-17 years","Jeff Davis","186","0","2"
"18-29 years","Jeff Davis","368","0","6"
"30-39 years","Jeff Davis","292","0","9"
"40-49 years","Jeff Davis","287","1","22"
"50-59 years","Jeff Davis","247","9","26"
"60-69 years","Jeff Davis","154","10","25"
"70-79 years","Jeff Davis","113","15","24"
"80 & Older years","Jeff Davis","26","9","7"
"<1 years","Jeff Davis","12","0","1"
"01-04 years","Jefferson","24","0","0"
"05-09 years","Jefferson","45","0","0"
"10-17 years","Jefferson","138","0","2"
"18-29 years","Jefferson","299","0","3"
"30-39 years","Jefferson","253","1","10"
"40-49 years","Jefferson","257","5","21"
"50-59 years","Jefferson","305","6","29"
"60-69 years","Jefferson","278","13","40"
"70-79 years","Jefferson","171","20","45"
"80 & Older years","Jefferson","74","22","32"
"<1 years","Jefferson","10","0","3"
"Unknown years","Jefferson","7","0","0"
"01-04 years","Jenkins","24","0","0"
"05-09 years","Jenkins","29","0","0"
"10-17 years","Jenkins","81","0","1"
"18-29 years","Jenkins","149","0","2"
"30-39 years","Jenkins","102","2","6"
"40-49 years","Jenkins","142","4","14"
"50-59 years","Jenkins","156","7","26"
"60-69 years","Jenkins","97","7","14"
"70-79 years","Jenkins","64","13","21"
"80 & Older years","Jenkins","52","10","11"
"<1 years","Jenkins","4","0","0"
"01-04 years","Johnson","12","0","1"
"05-09 years","Johnson","22","0","0"
"10-17 years","Johnson","63","0","1"
"18-29 years","Johnson","167","0","5"
"30-39 years","Johnson","138","1","6"
"40-49 years","Johnson","134","3","7"
"50-59 years","Johnson","157","7","18"
"60-69 years","Johnson","146","9","23"
"70-79 years","Johnson","102","11","28"
"80 & Older years","Johnson","74","21","25"
"<1 years","Johnson","9","0","2"
"01-04 years","Jones","31","0","1"
"05-09 years","Jones","73","0","0"
"10-17 years","Jones","200","0","1"
"18-29 years","Jones","507","2","13"
"30-39 years","Jones","439","2","17"
"40-49 years","Jones","400","5","29"
"50-59 years","Jones","398","8","46"
"60-69 years","Jones","284","15","63"
"70-79 years","Jones","185","32","66"
"80 & Older years","Jones","98","23","31"
"<1 years","Jones","7","0","0"
"Unknown years","Jones","2","0","0"
"01-04 years","Lamar","67","0","0"
"05-09 years","Lamar","110","0","0"
"10-17 years","Lamar","291","0","5"
"18-29 years","Lamar","379","0","9"
"30-39 years","Lamar","327","2","15"
"40-49 years","Lamar","288","5","17"
"50-59 years","Lamar","284","10","43"
"60-69 years","Lamar","270","22","40"
"70-79 years","Lamar","168","20","34"
"80 & Older years","Lamar","82","24","24"
"<1 years","Lamar","39","0","1"
"01-04 years","Lanier","15","0","0"
"05-09 years","Lanier","24","0","1"
"10-17 years","Lanier","85","0","1"
"18-29 years","Lanier","153","1","3"
"30-39 years","Lanier","177","0","3"
"40-49 years","Lanier","106","1","4"
"50-59 years","Lanier","94","2","7"
"60-69 years","Lanier","58","3","3"
"70-79 years","Lanier","43","5","7"
"80 & Older years","Lanier","21","0","6"
"<1 years","Lanier","6","0","0"
"Unknown years","Lanier","1","0","0"
"01-04 years","Laurens","108","0","1"
"05-09 years","Laurens","175","0","2"
"10-17 years","Laurens","586","0","5"
"18-29 years","Laurens","1118","0","13"
"30-39 years","Laurens","880","4","22"
"40-49 years","Laurens","869","11","36"
"50-59 years","Laurens","790","28","70"
"60-69 years","Laurens","630","47","98"
"70-79 years","Laurens","396","57","96"
"80 & Older years","Laurens","258","56","72"
"<1 years","Laurens","33","0","4"
"Unknown years","Laurens","1","0","0"
"01-04 years","Lee","54","0","0"
"05-09 years","Lee","86","0","3"
"10-17 years","Lee","263","0","5"
"18-29 years","Lee","419","1","21"
"30-39 years","Lee","498","1","29"
"40-49 years","Lee","463","7","44"
"50-59 years","Lee","385","14","71"
"60-69 years","Lee","263","19","59"
"70-79 years","Lee","116","18","42"
"80 & Older years","Lee","72","13","31"
"<1 years","Lee","17","0","0"
"Unknown years","Lee","3","0","0"
"01-04 years","Liberty","225","0","1"
"05-09 years","Liberty","361","0","3"
"10-17 years","Liberty","782","0","4"
"18-29 years","Liberty","1992","2","24"
"30-39 years","Liberty","1156","4","38"
"40-49 years","Liberty","739","4","29"
"50-59 years","Liberty","643","22","68"
"60-69 years","Liberty","407","25","69"
"70-79 years","Liberty","178","22","63"
"80 & Older years","Liberty","76","19","28"
"<1 years","Liberty","74","0","3"
"Unknown years","Liberty","9","0","0"
"01-04 years","Lincoln","17","0","0"
"05-09 years","Lincoln","22","0","1"
"10-17 years","Lincoln","54","0","0"
"18-29 years","Lincoln","124","0","4"
"30-39 years","Lincoln","105","0","5"
"40-49 years","Lincoln","104","1","9"
"50-59 years","Lincoln","90","3","5"
"60-69 years","Lincoln","88","7","19"
"70-79 years","Lincoln","62","9","17"
"80 & Older years","Lincoln","22","7","10"
"<1 years","Lincoln","4","0","0"
"Unknown years","Lincoln","5","0","0"
"01-04 years","Long","47","0","0"
"05-09 years","Long","82","0","0"
"10-17 years","Long","188","0","0"
"18-29 years","Long","277","0","0"
"30-39 years","Long","272","2","9"
"40-49 years","Long","201","4","13"
"50-59 years","Long","130","3","17"
"60-69 years","Long","104","3","17"
"70-79 years","Long","51","6","15"
"80 & Older years","Long","22","2","10"
"<1 years","Long","17","0","0"
"Unknown years","Long","1","0","0"
"01-04 years","Lowndes","252","0","0"
"05-09 years","Lowndes","362","0","1"
"10-17 years","Lowndes","959","0","10"
"18-29 years","Lowndes","3245","6","42"
"30-39 years","Lowndes","1902","7","39"
"40-49 years","Lowndes","1453","13","67"
"50-59 years","Lowndes","1225","25","90"
"60-69 years","Lowndes","824","46","115"
"70-79 years","Lowndes","477","62","104"
"80 & Older years","Lowndes","273","70","77"
"<1 years","Lowndes","91","0","1"
"Unknown years","Lowndes","12","0","0"
"01-04 years","Lumpkin","32","0","1"
"05-09 years","Lumpkin","108","0","2"
"10-17 years","Lumpkin","318","0","3"
"18-29 years","Lumpkin","1125","0","23"
"30-39 years","Lumpkin","602","1","20"
"40-49 years","Lumpkin","554","1","34"
"50-59 years","Lumpkin","619","10","74"
"60-69 years","Lumpkin","540","21","84"
"70-79 years","Lumpkin","357","20","94"
"80 & Older years","Lumpkin","187","40","87"
"<1 years","Lumpkin","21","0","3"
"Unknown years","Lumpkin","25","0","2"
"01-04 years","Macon","16","0","0"
"05-09 years","Macon","20","0","0"
"10-17 years","Macon","39","0","0"
"18-29 years","Macon","157","0","4"
"30-39 years","Macon","125","0","4"
"40-49 years","Macon","144","3","9"
"50-59 years","Macon","159","6","23"
"60-69 years","Macon","95","11","31"
"70-79 years","Macon","63","8","21"
"80 & Older years","Macon","25","10","10"
"<1 years","Macon","5","0","0"
"Unknown years","Macon","1","0","1"
"01-04 years","Madison","85","0","2"
"05-09 years","Madison","128","0","0"
"10-17 years","Madison","425","0","1"
"18-29 years","Madison","801","0","17"
"30-39 years","Madison","644","1","22"
"40-49 years","Madison","622","1","33"
"50-59 years","Madison","624","13","43"
"60-69 years","Madison","473","11","57"
"70-79 years","Madison","290","26","68"
"80 & Older years","Madison","107","18","24"
"<1 years","Madison","37","0","6"
"Unknown years","Madison","5","0","0"
"01-04 years","Marion","9","0","0"
"05-09 years","Marion","25","0","1"
"10-17 years","Marion","81","0","0"
"18-29 years","Marion","112","0","3"
"30-39 years","Marion","81","0","3"
"40-49 years","Marion","101","2","7"
"50-59 years","Marion","93","6","11"
"60-69 years","Marion","73","9","12"
"70-79 years","Marion","41","7","12"
"80 & Older years","Marion","38","9","12"
"<1 years","Marion","7","0","0"
"Unknown years","Marion","2","0","0"
"01-04 years","McDuffie","39","0","0"
"05-09 years","McDuffie","55","0","0"
"10-17 years","McDuffie","209","0","1"
"18-29 years","McDuffie","460","0","9"
"30-39 years","McDuffie","353","2","8"
"40-49 years","McDuffie","337","3","22"
"50-59 years","McDuffie","324","12","42"
"60-69 years","McDuffie","253","15","45"
"70-79 years","McDuffie","148","13","55"
"80 & Older years","McDuffie","68","16","30"
"<1 years","McDuffie","4","0","0"
"Unknown years","McDuffie","18","0","0"
"01-04 years","McIntosh","21","0","0"
"05-09 years","McIntosh","49","0","0"
"10-17 years","McIntosh","188","0","0"
"18-29 years","McIntosh","219","0","5"
"30-39 years","McIntosh","187","0","3"
"40-49 years","McIntosh","195","0","5"
"50-59 years","McIntosh","224","2","11"
"60-69 years","McIntosh","172","7","28"
"70-79 years","McIntosh","100","9","23"
"80 & Older years","McIntosh","37","10","13"
"<1 years","McIntosh","2","0","0"
"Unknown years","McIntosh","1","0","0"
"01-04 years","Meriwether","53","0","1"
"05-09 years","Meriwether","60","0","1"
"10-17 years","Meriwether","160","0","1"
"18-29 years","Meriwether","344","0","11"
"30-39 years","Meriwether","276","3","20"
"40-49 years","Meriwether","322","4","27"
"50-59 years","Meriwether","337","10","39"
"60-69 years","Meriwether","293","18","45"
"70-79 years","Meriwether","229","31","49"
"80 & Older years","Meriwether","118","33","28"
"<1 years","Meriwether","16","0","4"
"Unknown years","Meriwether","2","0","0"
"01-04 years","Miller","20","0","0"
"05-09 years","Miller","36","0","0"
"10-17 years","Miller","142","0","1"
"18-29 years","Miller","165","0","1"
"30-39 years","Miller","147","0","0"
"40-49 years","Miller","120","1","7"
"50-59 years","Miller","171","4","18"
"60-69 years","Miller","122","4","13"
"70-79 years","Miller","45","3","5"
"80 & Older years","Miller","32","3","8"
"<1 years","Miller","5","0","0"
"01-04 years","Mitchell","44","0","2"
"05-09 years","Mitchell","68","0","0"
"10-17 years","Mitchell","181","0","4"
"18-29 years","Mitchell","380","1","15"
"30-39 years","Mitchell","339","1","22"
"40-49 years","Mitchell","305","7","28"
"50-59 years","Mitchell","324","13","62"
"60-69 years","Mitchell","263","18","62"
"70-79 years","Mitchell","162","22","59"
"80 & Older years","Mitchell","100","27","34"
"<1 years","Mitchell","15","0","1"
"Unknown years","Mitchell","1","0","0"
"01-04 years","Monroe","23","0","4"
"05-09 years","Monroe","64","0","1"
"10-17 years","Monroe","194","0","0"
"18-29 years","Monroe","484","2","10"
"30-39 years","Monroe","396","0","11"
"40-49 years","Monroe","443","7","26"
"50-59 years","Monroe","464","6","35"
"60-69 years","Monroe","395","29","69"
"70-79 years","Monroe","213","29","56"
"80 & Older years","Monroe","131","45","43"
"<1 years","Monroe","6","0","1"
"01-04 years","Montgomery","15","0","0"
"05-09 years","Montgomery","20","0","0"
"10-17 years","Montgomery","101","0","1"
"18-29 years","Montgomery","234","1","2"
"30-39 years","Montgomery","176","2","6"
"40-49 years","Montgomery","181","1","4"
"50-59 years","Montgomery","163","5","14"
"60-69 years","Montgomery","141","9","16"
"70-79 years","Montgomery","73","12","13"
"80 & Older years","Montgomery","38","10","7"
"<1 years","Montgomery","3","0","0"
"Unknown years","Montgomery","1","0","0"
"01-04 years","Morgan","41","0","0"
"05-09 years","Morgan","72","0","1"
"10-17 years","Morgan","167","0","1"
"18-29 years","Morgan","330","0","7"
"30-39 years","Morgan","279","0","12"
"40-49 years","Morgan","266","1","11"
"50-59 years","Morgan","280","5","24"
"60-69 years","Morgan","205","8","26"
"70-79 years","Morgan","156","5","25"
"80 & Older years","Morgan","78","16","27"
"<1 years","Morgan","26","0","2"
"Unknown years","Morgan","1","0","0"
"01-04 years","Murray","122","0","2"
"05-09 years","Murray","189","0","3"
"10-17 years","Murray","694","0","2"
"18-29 years","Murray","1284","0","16"
"30-39 years","Murray","958","2","13"
"40-49 years","Murray","1044","9","39"
"50-59 years","Murray","895","17","72"
"60-69 years","Murray","610","24","92"
"70-79 years","Murray","361","51","84"
"80 & Older years","Murray","141","30","38"
"<1 years","Murray","47","0","2"
"01-04 years","Muscogee","444","0","7"
"05-09 years","Muscogee","773","0","0"
"10-17 years","Muscogee","1933","0","21"
"18-29 years","Muscogee","4719","9","117"
"30-39 years","Muscogee","3545","6","160"
"40-49 years","Muscogee","2830","18","196"
"50-59 years","Muscogee","2711","77","321"
"60-69 years","Muscogee","2103","136","404"
"70-79 years","Muscogee","1111","134","294"
"80 & Older years","Muscogee","664","192","240"
"<1 years","Muscogee","134","0","9"
"Unknown years","Muscogee","36","0","0"
"01-04 years","Newton","163","0","4"
"05-09 years","Newton","383","0","4"
"10-17 years","Newton","1044","0","34"
"18-29 years","Newton","2105","1","120"
"30-39 years","Newton","1832","6","134"
"40-49 years","Newton","1941","18","190"
"50-59 years","Newton","1747","46","232"
"60-69 years","Newton","1010","60","188"
"70-79 years","Newton","646","86","174"
"80 & Older years","Newton","377","101","130"
"<1 years","Newton","62","0","8"
"Unknown years","Newton","4","0","1"
"01-04 years","Non-GA Resident/Unknown State","432","0","7"
"05-09 years","Non-GA Resident/Unknown State","721","0","5"
"10-17 years","Non-GA Resident/Unknown State","1935","0","16"
"18-29 years","Non-GA Resident/Unknown State","7356","7","140"
"30-39 years","Non-GA Resident/Unknown State","5461","18","190"
"40-49 years","Non-GA Resident/Unknown State","4571","39","240"
"50-59 years","Non-GA Resident/Unknown State","4380","108","365"
"60-69 years","Non-GA Resident/Unknown State","3211","193","446"
"70-79 years","Non-GA Resident/Unknown State","2046","207","443"
"80 & Older years","Non-GA Resident/Unknown State","1144","195","300"
"<1 years","Non-GA Resident/Unknown State","261","0","12"
"Unknown years","Non-GA Resident/Unknown State","844","0","19"
"01-04 years","Oconee","72","0","0"
"05-09 years","Oconee","174","0","0"
"10-17 years","Oconee","553","0","1"
"18-29 years","Oconee","775","0","12"
"30-39 years","Oconee","565","1","8"
"40-49 years","Oconee","841","2","26"
"50-59 years","Oconee","668","5","21"
"60-69 years","Oconee","425","12","43"
"70-79 years","Oconee","244","19","34"
"80 & Older years","Oconee","161","34","48"
"<1 years","Oconee","18","0","0"
"Unknown years","Oconee","4","0","0"
"01-04 years","Oglethorpe","30","0","0"
"05-09 years","Oglethorpe","60","0","0"
"10-17 years","Oglethorpe","168","0","2"
"18-29 years","Oglethorpe","302","0","7"
"30-39 years","Oglethorpe","222","2","7"
"40-49 years","Oglethorpe","253","2","18"
"50-59 years","Oglethorpe","245","1","28"
"60-69 years","Oglethorpe","204","4","19"
"70-79 years","Oglethorpe","143","15","24"
"80 & Older years","Oglethorpe","80","18","22"
"<1 years","Oglethorpe","12","0","0"
"Unknown years","Oglethorpe","1","0","0"
"01-04 years","Paulding","306","0","4"
"05-09 years","Paulding","683","0","0"
"10-17 years","Paulding","1948","0","10"
"18-29 years","Paulding","3014","1","38"
"30-39 years","Paulding","2784","4","49"
"40-49 years","Paulding","2839","13","70"
"50-59 years","Paulding","2523","35","115"
"60-69 years","Paulding","1343","56","111"
"70-79 years","Paulding","713","57","107"
"80 & Older years","Paulding","401","86","88"
"<1 years","Paulding","86","0","1"
"Unknown years","Paulding","34","0","1"
"01-04 years","Peach","40","0","2"
"05-09 years","Peach","52","0","0"
"10-17 years","Peach","172","0","2"
"18-29 years","Peach","582","1","14"
"30-39 years","Peach","467","3","20"
"40-49 years","Peach","386","8","32"
"50-59 years","Peach","393","14","57"
"60-69 years","Peach","338","20","74"
"70-79 years","Peach","175","25","59"
"80 & Older years","Peach","84","21","37"
"<1 years","Peach","5","0","0"
"Unknown years","Peach","2","0","0"
"01-04 years","Pickens","38","0","3"
"05-09 years","Pickens","81","0","1"
"10-17 years","Pickens","267","0","1"
"18-29 years","Pickens","595","0","12"
"30-39 years","Pickens","485","3","25"
"40-49 years","Pickens","541","1","32"
"50-59 years","Pickens","630","9","49"
"60-69 years","Pickens","487","19","75"
"70-79 years","Pickens","353","28","93"
"80 & Older years","Pickens","155","31","49"
"<1 years","Pickens","6","0","1"
"Unknown years","Pickens","1","0","0"
"01-04 years","Pierce","51","0","0"
"05-09 years","Pierce","67","0","0"
"10-17 years","Pierce","211","1","1"
"18-29 years","Pierce","375","0","8"
"30-39 years","Pierce","284","3","14"
"40-49 years","Pierce","336","5","28"
"50-59 years","Pierce","315","17","43"
"60-69 years","Pierce","225","19","62"
"70-79 years","Pierce","163","24","59"
"80 & Older years","Pierce","63","17","24"
"<1 years","Pierce","22","0","1"
"01-04 years","Pike","58","0","0"
"05-09 years","Pike","90","0","0"
"10-17 years","Pike","234","0","1"
"18-29 years","Pike","269","2","9"
"30-39 years","Pike","295","1","8"
"40-49 years","Pike","324","2","15"
"50-59 years","Pike","262","9","23"
"60-69 years","Pike","186","15","33"
"70-79 years","Pike","110","9","29"
"80 & Older years","Pike","42","12","11"
"<1 years","Pike","17","0","0"
"Unknown years","Pike","1","0","0"
"01-04 years","Polk","98","0","1"
"05-09 years","Polk","185","0","3"
"10-17 years","Polk","665","0","6"
"18-29 years","Polk","1322","0","22"
"30-39 years","Polk","996","2","31"
"40-49 years","Polk","949","7","59"
"50-59 years","Polk","929","25","112"
"60-69 years","Polk","611","33","113"
"70-79 years","Polk","432","41","125"
"80 & Older years","Polk","184","34","65"
"<1 years","Polk","54","0","3"
"Unknown years","Polk","22","0","0"
"01-04 years","Pulaski","15","0","0"
"05-09 years","Pulaski","29","0","0"
"10-17 years","Pulaski","90","0","1"
"18-29 years","Pulaski","151","0","3"
"30-39 years","Pulaski","139","0","2"
"40-49 years","Pulaski","129","0","10"
"50-59 years","Pulaski","132","3","9"
"60-69 years","Pulaski","113","10","16"
"70-79 years","Pulaski","51","13","16"
"80 & Older years","Pulaski","40","12","6"
"<1 years","Pulaski","5","0","0"
"01-04 years","Putnam","41","0","0"
"05-09 years","Putnam","77","0","1"
"10-17 years","Putnam","228","0","2"
"18-29 years","Putnam","426","0","6"
"30-39 years","Putnam","380","0","15"
"40-49 years","Putnam","316","4","18"
"50-59 years","Putnam","414","3","35"
"60-69 years","Putnam","352","22","48"
"70-79 years","Putnam","264","25","69"
"80 & Older years","Putnam","109","25","43"
"<1 years","Putnam","11","0","1"
"01-04 years","Quitman","3","0","0"
"05-09 years","Quitman","5","0","0"
"10-17 years","Quitman","13","0","0"
"18-29 years","Quitman","16","0","1"
"30-39 years","Quitman","14","0","2"
"40-49 years","Quitman","6","0","1"
"50-59 years","Quitman","18","0","2"
"60-69 years","Quitman","29","1","6"
"70-79 years","Quitman","6","1","2"
"80 & Older years","Quitman","11","1","2"
"<1 years","Quitman","2","0","0"
"01-04 years","Rabun","24","0","0"
"05-09 years","Rabun","59","0","0"
"10-17 years","Rabun","205","0","2"
"18-29 years","Rabun","321","2","8"
"30-39 years","Rabun","266","2","14"
"40-49 years","Rabun","286","2","18"
"50-59 years","Rabun","327","4","36"
"60-69 years","Rabun","324","12","42"
"70-79 years","Rabun","243","19","50"
"80 & Older years","Rabun","104","22","35"
"<1 years","Rabun","9","0","1"
"Unknown years","Rabun","4","0","0"
"01-04 years","Randolph","3","0","0"
"05-09 years","Randolph","11","0","0"
"10-17 years","Randolph","29","0","3"
"18-29 years","Randolph","85","1","5"
"30-39 years","Randolph","92","2","8"
"40-49 years","Randolph","77","0","8"
"50-59 years","Randolph","113","6","25"
"60-69 years","Randolph","85","10","19"
"70-79 years","Randolph","54","5","18"
"80 & Older years","Randolph","50","15","17"
"<1 years","Randolph","2","0","0"
"Unknown years","Randolph","2","0","0"
"01-04 years","Richmond","487","0","1"
"05-09 years","Richmond","1005","1","7"
"10-17 years","Richmond","2493","0","26"
"18-29 years","Richmond","6262","15","93"
"30-39 years","Richmond","4760","12","137"
"40-49 years","Richmond","3601","30","170"
"50-59 years","Richmond","3326","57","291"
"60-69 years","Richmond","2531","128","371"
"70-79 years","Richmond","1334","155","383"
"80 & Older years","Richmond","779","190","312"
"<1 years","Richmond","153","0","6"
"Unknown years","Richmond","21","0","0"
"01-04 years","Rockdale","138","0","11"
"05-09 years","Rockdale","303","0","13"
"10-17 years","Rockdale","793","0","34"
"18-29 years","Rockdale","1747","3","144"
"30-39 years","Rockdale","1491","4","184"
"40-49 years","Rockdale","1516","10","195"
"50-59 years","Rockdale","1439","26","267"
"60-69 years","Rockdale","873","43","231"
"70-79 years","Rockdale","497","68","205"
"80 & Older years","Rockdale","263","68","140"
"<1 years","Rockdale","32","0","2"
"Unknown years","Rockdale","4","0","2"
"01-04 years","Schley","9","0","0"
"05-09 years","Schley","12","0","0"
"10-17 years","Schley","40","0","0"
"18-29 years","Schley","64","0","2"
"30-39 years","Schley","40","0","0"
"40-49 years","Schley","61","0","5"
"50-59 years","Schley","52","2","7"
"60-69 years","Schley","35","1","7"
"70-79 years","Schley","19","3","4"
"80 & Older years","Schley","9","2","3"
"<1 years","Schley","1","0","0"
"01-04 years","Screven","25","0","1"
"05-09 years","Screven","42","0","0"
"10-17 years","Screven","172","0","1"
"18-29 years","Screven","222","0","7"
"30-39 years","Screven","208","2","7"
"40-49 years","Screven","183","3","11"
"50-59 years","Screven","169","6","22"
"60-69 years","Screven","175","5","18"
"70-79 years","Screven","100","10","21"
"80 & Older years","Screven","45","9","13"
"<1 years","Screven","10","0","0"
"Unknown years","Screven","1","0","0"
"01-04 years","Seminole","22","0","0"
"05-09 years","Seminole","41","0","0"
"10-17 years","Seminole","139","0","0"
"18-29 years","Seminole","195","0","3"
"30-39 years","Seminole","158","0","4"
"40-49 years","Seminole","162","0","10"
"50-59 years","Seminole","169","3","8"
"60-69 years","Seminole","175","6","33"
"70-79 years","Seminole","98","7","20"
"80 & Older years","Seminole","45","7","18"
"<1 years","Seminole","9","0","0"
"Unknown years","Seminole","1","0","0"
"01-04 years","Spalding","149","0","2"
"05-09 years","Spalding","211","0","1"
"10-17 years","Spalding","521","0","5"
"18-29 years","Spalding","1250","2","41"
"30-39 years","Spalding","1075","7","48"
"40-49 years","Spalding","1012","15","78"
"50-59 years","Spalding","1010","37","122"
"60-69 years","Spalding","758","65","137"
"70-79 years","Spalding","503","75","125"
"80 & Older years","Spalding","300","73","88"
"<1 years","Spalding","46","0","3"
"Unknown years","Spalding","21","0","1"
"01-04 years","Stephens","45","0","2"
"05-09 years","Stephens","101","0","1"
"10-17 years","Stephens","423","0","3"
"18-29 years","Stephens","836","1","24"
"30-39 years","Stephens","564","0","11"
"40-49 years","Stephens","651","1","28"
"50-59 years","Stephens","687","11","54"
"60-69 years","Stephens","623","32","91"
"70-79 years","Stephens","416","33","90"
"80 & Older years","Stephens","200","31","47"
"<1 years","Stephens","12","0","1"
"Unknown years","Stephens","12","0","0"
"01-04 years","Stewart","10","0","1"
"05-09 years","Stewart","7","0","0"
"10-17 years","Stewart","26","0","0"
"18-29 years","Stewart","406","0","22"
"30-39 years","Stewart","382","1","28"
"40-49 years","Stewart","232","2","24"
"50-59 years","Stewart","118","2","17"
"60-69 years","Stewart","83","14","30"
"70-79 years","Stewart","28","4","6"
"80 & Older years","Stewart","22","5","7"
"<1 years","Stewart","3","0","0"
"Unknown years","Stewart","17","0","4"
"01-04 years","Sumter","58","0","1"
"05-09 years","Sumter","101","0","0"
"10-17 years","Sumter","217","0","7"
"18-29 years","Sumter","523","2","16"
"30-39 years","Sumter","396","1","34"
"40-49 years","Sumter","379","9","36"
"50-59 years","Sumter","415","9","60"
"60-69 years","Sumter","331","33","85"
"70-79 years","Sumter","216","34","65"
"80 & Older years","Sumter","139","39","59"
"<1 years","Sumter","32","0","3"
"Unknown years","Sumter","3","0","0"
"01-04 years","Talbot","16","0","1"
"05-09 years","Talbot","25","0","0"
"10-17 years","Talbot","53","0","0"
"18-29 years","Talbot","90","0","4"
"30-39 years","Talbot","58","0","3"
"40-49 years","Talbot","88","3","5"
"50-59 years","Talbot","99","6","10"
"60-69 years","Talbot","82","7","20"
"70-79 years","Talbot","50","7","8"
"80 & Older years","Talbot","25","4","10"
"<1 years","Talbot","1","0","0"
"Unknown years","Talbot","2","0","0"
"01-04 years","Taliaferro","2","0","0"
"05-09 years","Taliaferro","1","0","0"
"10-17 years","Taliaferro","10","0","0"
"18-29 years","Taliaferro","20","0","0"
"30-39 years","Taliaferro","19","0","0"
"40-49 years","Taliaferro","23","0","2"
"50-59 years","Taliaferro","12","0","0"
"60-69 years","Taliaferro","25","1","4"
"70-79 years","Taliaferro","11","1","4"
"80 & Older years","Taliaferro","4","1","2"
"<1 years","Taliaferro","1","0","0"
"01-04 years","Tattnall","59","0","1"
"05-09 years","Tattnall","84","0","1"
"10-17 years","Tattnall","271","0","2"
"18-29 years","Tattnall","472","1","3"
"30-39 years","Tattnall","428","2","9"
"40-49 years","Tattnall","413","0","11"
"50-59 years","Tattnall","425","13","29"
"60-69 years","Tattnall","301","21","44"
"70-79 years","Tattnall","161","29","46"
"80 & Older years","Tattnall","59","6","9"
"<1 years","Tattnall","20","0","0"
"01-04 years","Taylor","21","0","1"
"05-09 years","Taylor","31","0","0"
"10-17 years","Taylor","78","0","1"
"18-29 years","Taylor","131","1","6"
"30-39 years","Taylor","92","1","6"
"40-49 years","Taylor","133","2","15"
"50-59 years","Taylor","106","3","20"
"60-69 years","Taylor","89","7","22"
"70-79 years","Taylor","46","8","15"
"80 & Older years","Taylor","28","10","10"
"<1 years","Taylor","6","0","0"
"01-04 years","Telfair","16","0","0"
"05-09 years","Telfair","26","0","0"
"10-17 years","Telfair","55","0","1"
"18-29 years","Telfair","190","0","4"
"30-39 years","Telfair","142","1","5"
"40-49 years","Telfair","144","2","8"
"50-59 years","Telfair","140","8","14"
"60-69 years","Telfair","122","11","21"
"70-79 years","Telfair","79","16","23"
"80 & Older years","Telfair","46","17","13"
"<1 years","Telfair","8","0","0"
"Unknown years","Telfair","2","0","0"
"01-04 years","Terrell","17","0","0"
"05-09 years","Terrell","25","0","0"
"10-17 years","Terrell","84","0","1"
"18-29 years","Terrell","118","0","7"
"30-39 years","Terrell","114","0","14"
"40-49 years","Terrell","92","0","13"
"50-59 years","Terrell","138","7","27"
"60-69 years","Terrell","116","14","44"
"70-79 years","Terrell","71","19","30"
"80 & Older years","Terrell","46","16","19"
"<1 years","Terrell","4","0","0"
"01-04 years","Thomas","162","1","2"
"05-09 years","Thomas","310","0","2"
"10-17 years","Thomas","791","0","3"
"18-29 years","Thomas","1019","2","42"
"30-39 years","Thomas","841","5","35"
"40-49 years","Thomas","820","11","58"
"50-59 years","Thomas","844","22","85"
"60-69 years","Thomas","630","24","133"
"70-79 years","Thomas","367","44","107"
"80 & Older years","Thomas","217","54","73"
"<1 years","Thomas","55","0","3"
"Unknown years","Thomas","7","0","0"
"01-04 years","Tift","105","0","7"
"05-09 years","Tift","159","0","4"
"10-17 years","Tift","422","0","10"
"18-29 years","Tift","1064","2","33"
"30-39 years","Tift","786","2","40"
"40-49 years","Tift","724","9","72"
"50-59 years","Tift","625","17","88"
"60-69 years","Tift","478","27","95"
"70-79 years","Tift","303","37","99"
"80 & Older years","Tift","179","45","70"
"<1 years","Tift","33","0","2"
"Unknown years","Tift","3","0","0"
"01-04 years","Toombs","53","0","0"
"05-09 years","Toombs","118","0","0"
"10-17 years","Toombs","350","0","2"
"18-29 years","Toombs","873","1","10"
"30-39 years","Toombs","665","2","11"
"40-49 years","Toombs","640","7","36"
"50-59 years","Toombs","614","16","39"
"60-69 years","Toombs","543","31","73"
"70-79 years","Toombs","344","47","56"
"80 & Older years","Toombs","197","49","42"
"<1 years","Toombs","21","0","0"
"01-04 years","Towns","8","0","0"
"05-09 years","Towns","18","0","1"
"10-17 years","Towns","74","0","1"
"18-29 years","Towns","199","0","4"
"30-39 years","Towns","135","1","5"
"40-49 years","Towns","162","2","6"
"50-59 years","Towns","256","6","25"
"60-69 years","Towns","311","8","27"
"70-79 years","Towns","228","15","47"
"80 & Older years","Towns","159","35","64"
"<1 years","Towns","2","0","0"
"Unknown years","Towns","2","0","0"
"01-04 years","Treutlen","13","0","0"
"05-09 years","Treutlen","25","0","1"
"10-17 years","Treutlen","78","0","1"
"18-29 years","Treutlen","156","0","3"
"30-39 years","Treutlen","143","0","5"
"40-49 years","Treutlen","140","5","6"
"50-59 years","Treutlen","137","3","10"
"60-69 years","Treutlen","90","7","15"
"70-79 years","Treutlen","68","17","12"
"80 & Older years","Treutlen","39","13","10"
"<1 years","Treutlen","1","0","0"
"01-04 years","Troup","240","0","2"
"05-09 years","Troup","364","0","1"
"10-17 years","Troup","909","0","10"
"18-29 years","Troup","1743","2","36"
"30-39 years","Troup","1348","9","58"
"40-49 years","Troup","1150","11","70"
"50-59 years","Troup","1136","33","140"
"60-69 years","Troup","843","56","129"
"70-79 years","Troup","459","63","115"
"80 & Older years","Troup","306","93","78"
"<1 years","Troup","78","0","3"
"Unknown years","Troup","6","0","0"
"01-04 years","Turner","13","0","0"
"05-09 years","Turner","18","0","2"
"10-17 years","Turner","35","0","1"
"18-29 years","Turner","134","0","4"
"30-39 years","Turner","139","0","14"
"40-49 years","Turner","139","1","9"
"50-59 years","Turner","124","2","18"
"60-69 years","Turner","102","9","30"
"70-79 years","Turner","63","11","16"
"80 & Older years","Turner","38","17","17"
"<1 years","Turner","7","0","1"
"01-04 years","Twiggs","15","0","1"
"05-09 years","Twiggs","13","0","1"
"10-17 years","Twiggs","51","0","1"
"18-29 years","Twiggs","111","0","3"
"30-39 years","Twiggs","99","1","4"
"40-49 years","Twiggs","101","2","11"
"50-59 years","Twiggs","133","4","24"
"60-69 years","Twiggs","128","13","41"
"70-79 years","Twiggs","72","14","30"
"80 & Older years","Twiggs","34","15","19"
"<1 years","Twiggs","2","0","0"
"01-04 years","Union","21","0","0"
"05-09 years","Union","62","0","0"
"10-17 years","Union","193","0","2"
"18-29 years","Union","387","1","4"
"30-39 years","Union","384","3","7"
"40-49 years","Union","356","2","20"
"50-59 years","Union","459","6","36"
"60-69 years","Union","549","19","74"
"70-79 years","Union","474","34","101"
"80 & Older years","Union","255","53","84"
"<1 years","Union","7","0","2"
"Unknown years","Union","8","0","1"
"01-04 years","Unknown","42","0","0"
"05-09 years","Unknown","73","0","0"
"10-17 years","Unknown","234","0","0"
"18-29 years","Unknown","783","1","7"
"30-39 years","Unknown","426","0","5"
"40-49 years","Unknown","373","1","6"
"50-59 years","Unknown","314","2","7"
"60-69 years","Unknown","185","1","11"
"70-79 years","Unknown","113","1","9"
"80 & Older years","Unknown","53","1","7"
"<1 years","Unknown","40","0","1"
"Unknown years","Unknown","95","0","4"
"01-04 years","Upson","80","0","1"
"05-09 years","Upson","116","0","0"
"10-17 years","Upson","295","1","3"
"18-29 years","Upson","477","0","8"
"30-39 years","Upson","347","2","12"
"40-49 years","Upson","357","2","16"
"50-59 years","Upson","355","13","39"
"60-69 years","Upson","329","31","55"
"70-79 years","Upson","224","45","67"
"80 & Older years","Upson","127","47","45"
"<1 years","Upson","32","0","1"
"Unknown years","Upson","6","0","0"
"01-04 years","Walker","173","0","1"
"05-09 years","Walker","353","0","1"
"10-17 years","Walker","959","0","8"
"18-29 years","Walker","1762","0","21"
"30-39 years","Walker","1415","1","22"
"40-49 years","Walker","1561","8","45"
"50-59 years","Walker","1356","7","51"
"60-69 years","Walker","1019","26","84"
"70-79 years","Walker","655","39","79"
"80 & Older years","Walker","305","39","49"
"<1 years","Walker","66","0","2"
"Unknown years","Walker","98","0","3"
"01-04 years","Walton","153","0","2"
"05-09 years","Walton","316","0","5"
"10-17 years","Walton","999","0","18"
"18-29 years","Walton","1926","3","75"
"30-39 years","Walton","1726","6","65"
"40-49 years","Walton","1782","9","105"
"50-59 years","Walton","1718","29","168"
"60-69 years","Walton","1175","49","169"
"70-79 years","Walton","831","98","174"
"80 & Older years","Walton","466","123","112"
"<1 years","Walton","55","0","3"
"Unknown years","Walton","12","0","0"
"01-04 years","Ware","126","0","1"
"05-09 years","Ware","156","0","0"
"10-17 years","Ware","432","0","4"
"18-29 years","Ware","866","1","16"
"30-39 years","Ware","699","3","38"
"40-49 years","Ware","633","5","52"
"50-59 years","Ware","597","34","123"
"60-69 years","Ware","442","38","107"
"70-79 years","Ware","335","56","124"
"80 & Older years","Ware","234","71","78"
"<1 years","Ware","43","0","2"
"01-04 years","Warren","10","0","0"
"05-09 years","Warren","10","0","0"
"10-17 years","Warren","35","0","0"
"18-29 years","Warren","102","0","3"
"30-39 years","Warren","70","0","5"
"40-49 years","Warren","71","3","6"
"50-59 years","Warren","82","3","10"
"60-69 years","Warren","59","3","10"
"70-79 years","Warren","44","6","15"
"80 & Older years","Warren","20","5","8"
"<1 years","Warren","5","0","1"
"Unknown years","Warren","4","0","0"
"01-04 years","Washington","61","0","0"
"05-09 years","Washington","83","0","0"
"10-17 years","Washington","287","1","3"
"18-29 years","Washington","386","0","8"
"30-39 years","Washington","355","2","14"
"40-49 years","Washington","351","6","16"
"50-59 years","Washington","316","9","17"
"60-69 years","Washington","275","17","34"
"70-79 years","Washington","142","13","27"
"80 & Older years","Washington","84","31","15"
"<1 years","Washington","25","0","0"
"Unknown years","Washington","1","0","0"
"01-04 years","Wayne","60","0","2"
"05-09 years","Wayne","104","0","0"
"10-17 years","Wayne","389","0","2"
"18-29 years","Wayne","728","1","14"
"30-39 years","Wayne","704","6","21"
"40-49 years","Wayne","736","12","56"
"50-59 years","Wayne","652","23","61"
"60-69 years","Wayne","491","36","97"
"70-79 years","Wayne","345","39","96"
"80 & Older years","Wayne","155","38","39"
"<1 years","Wayne","25","0","2"
"05-09 years","Webster","7","0","0"
"10-17 years","Webster","16","0","0"
"18-29 years","Webster","35","0","3"
"30-39 years","Webster","17","0","1"
"40-49 years","Webster","27","0","2"
"50-59 years","Webster","25","3","8"
"60-69 years","Webster","27","1","4"
"70-79 years","Webster","11","1","4"
"80 & Older years","Webster","5","1","1"
"<1 years","Webster","2","0","0"
"Unknown years","Webster","3","0","0"
"01-04 years","Wheeler","3","0","0"
"05-09 years","Wheeler","9","0","1"
"10-17 years","Wheeler","40","0","0"
"18-29 years","Wheeler","87","0","0"
"30-39 years","Wheeler","108","2","2"
"40-49 years","Wheeler","105","3","3"
"50-59 years","Wheeler","111","9","12"
"60-69 years","Wheeler","66","6","10"
"70-79 years","Wheeler","49","8","12"
"80 & Older years","Wheeler","9","3","1"
"<1 years","Wheeler","2","0","0"
"Unknown years","Wheeler","23","0","1"
"01-04 years","White","41","0","1"
"05-09 years","White","109","0","1"
"10-17 years","White","426","0","2"
"18-29 years","White","691","1","13"
"30-39 years","White","561","2","12"
"40-49 years","White","623","8","33"
"50-59 years","White","693","10","64"
"60-69 years","White","608","19","85"
"70-79 years","White","456","29","107"
"80 & Older years","White","247","46","92"
"<1 years","White","14","0","0"
"Unknown years","White","13","0","0"
"01-04 years","Whitfield","297","0","3"
"05-09 years","Whitfield","621","0","3"
"10-17 years","Whitfield","1943","0","9"
"18-29 years","Whitfield","4512","3","64"
"30-39 years","Whitfield","3113","5","81"
"40-49 years","Whitfield","3074","11","104"
"50-59 years","Whitfield","2690","51","168"
"60-69 years","Whitfield","1629","60","196"
"70-79 years","Whitfield","898","77","176"
"80 & Older years","Whitfield","514","112","138"
"<1 years","Whitfield","104","0","5"
"01-04 years","Wilcox","21","0","1"
"05-09 years","Wilcox","26","0","0"
"10-17 years","Wilcox","55","0","0"
"18-29 years","Wilcox","74","0","1"
"30-39 years","Wilcox","70","0","3"
"40-49 years","Wilcox","93","0","12"
"50-59 years","Wilcox","100","2","16"
"60-69 years","Wilcox","107","10","29"
"70-79 years","Wilcox","60","12","11"
"80 & Older years","Wilcox","27","8","8"
"<1 years","Wilcox","8","0","1"
"01-04 years","Wilkes","10","0","0"
"05-09 years","Wilkes","24","0","0"
"10-17 years","Wilkes","76","0","1"
"18-29 years","Wilkes","163","0","3"
"30-39 years","Wilkes","111","0","7"
"40-49 years","Wilkes","140","1","16"
"50-59 years","Wilkes","130","3","12"
"60-69 years","Wilkes","107","4","24"
"70-79 years","Wilkes","75","9","26"
"80 & Older years","Wilkes","43","10","18"
"<1 years","Wilkes","6","0","1"
"Unknown years","Wilkes","1","0","0"
"01-04 years","Wilkinson","17","0","0"
"05-09 years","Wilkinson","27","0","0"
"10-17 years","Wilkinson","89","0","1"
"18-29 years","Wilkinson","176","0","3"
"30-39 years","Wilkinson","159","0","12"
"40-49 years","Wilkinson","150","0","10"
"50-59 years","Wilkinson","194","6","30"
"60-69 years","Wilkinson","174","18","51"
"70-79 years","Wilkinson","74","10","23"
"80 & Older years","Wilkinson","45","7","19"
"<1 years","Wilkinson","5","0","0"
"01-04 years","Worth","31","0","0"
"05-09 years","Worth","52","0","0"
"10-17 years","Worth","168","0","3"
"18-29 years","Worth","311","0","14"
"30-39 years","Worth","232","0","18"
"40-49 years","Worth","245","3","26"
"50-59 years","Worth","259","7","37"
"60-69 years","Worth","241","23","64"
"70-79 years","Worth","141","21","42"
"80 & Older years","Worth","87","23","33"
"<1 years","Worth","10","0","0"
"Unknown years","Worth","2","0","0"
