"age group","county name","cases","deaths","hospitalization"
"01-04 years","Georgia","18050","1","315"
"05-09 years","Georgia","32607","2","244"
"10-17 years","Georgia","97342","9","889"
"18-29 years","Georgia","239123","145","4608"
"30-39 years","Georgia","177651","304","6055"
"40-49 years","Georgia","167106","748","8694"
"50-59 years","Georgia","154466","1943","12917"
"60-69 years","Georgia","103546","3956","14903"
"70-79 years","Georgia","59103","5543","13855"
"80 & Older years","Georgia","33213","7029","10419"
"<1 years","Georgia","4803","0","257"
"Unknown years","Georgia","3997","0","111"
"01-04 years","Appling","46","0","0"
"05-09 years","Appling","81","0","0"
"10-17 years","Appling","263","0","2"
"18-29 years","Appling","438","1","7"
"30-39 years","Appling","322","1","7"
"40-49 years","Appling","329","4","22"
"50-59 years","Appling","352","8","34"
"60-69 years","Appling","292","16","60"
"70-79 years","Appling","203","18","37"
"80 & Older years","Appling","101","22","36"
"<1 years","Appling","8","0","0"
"Unknown years","Appling","1","0","0"
"01-04 years","Atkinson","13","0","1"
"05-09 years","Atkinson","36","0","1"
"10-17 years","Atkinson","92","0","1"
"18-29 years","Atkinson","227","0","12"
"30-39 years","Atkinson","150","0","12"
"40-49 years","Atkinson","170","2","30"
"50-59 years","Atkinson","163","2","30"
"60-69 years","Atkinson","101","6","30"
"70-79 years","Atkinson","55","5","21"
"80 & Older years","Atkinson","16","5","11"
"<1 years","Atkinson","3","0","0"
"01-04 years","Bacon","33","0","0"
"05-09 years","Bacon","50","0","0"
"10-17 years","Bacon","146","0","1"
"18-29 years","Bacon","466","0","4"
"30-39 years","Bacon","235","0","5"
"40-49 years","Bacon","230","3","16"
"50-59 years","Bacon","194","2","16"
"60-69 years","Bacon","161","11","36"
"70-79 years","Bacon","97","9","25"
"80 & Older years","Bacon","46","9","14"
"<1 years","Bacon","7","0","0"
"Unknown years","Bacon","1","0","0"
"01-04 years","Baker","9","0","0"
"05-09 years","Baker","8","0","0"
"10-17 years","Baker","12","0","0"
"18-29 years","Baker","39","0","0"
"30-39 years","Baker","26","0","4"
"40-49 years","Baker","23","2","3"
"50-59 years","Baker","31","0","2"
"60-69 years","Baker","37","3","16"
"70-79 years","Baker","19","3","11"
"80 & Older years","Baker","14","3","5"
"<1 years","Baker","2","0","0"
"01-04 years","Baldwin","48","0","0"
"05-09 years","Baldwin","103","0","0"
"10-17 years","Baldwin","316","1","6"
"18-29 years","Baldwin","1442","0","17"
"30-39 years","Baldwin","592","1","16"
"40-49 years","Baldwin","587","3","37"
"50-59 years","Baldwin","573","14","65"
"60-69 years","Baldwin","460","25","80"
"70-79 years","Baldwin","286","32","62"
"80 & Older years","Baldwin","177","52","66"
"<1 years","Baldwin","18","0","1"
"Unknown years","Baldwin","2","0","0"
"01-04 years","Banks","18","0","1"
"05-09 years","Banks","46","0","1"
"10-17 years","Banks","150","0","4"
"18-29 years","Banks","367","0","11"
"30-39 years","Banks","267","0","10"
"40-49 years","Banks","285","2","23"
"50-59 years","Banks","306","3","31"
"60-69 years","Banks","261","9","56"
"70-79 years","Banks","173","16","66"
"80 & Older years","Banks","90","13","31"
"<1 years","Banks","7","0","1"
"Unknown years","Banks","21","0","1"
"01-04 years","Barrow","153","0","2"
"05-09 years","Barrow","309","0","0"
"10-17 years","Barrow","1080","0","9"
"18-29 years","Barrow","2145","2","43"
"30-39 years","Barrow","1858","2","61"
"40-49 years","Barrow","1856","6","92"
"50-59 years","Barrow","1565","10","134"
"60-69 years","Barrow","1030","37","173"
"70-79 years","Barrow","586","40","120"
"80 & Older years","Barrow","268","53","100"
"<1 years","Barrow","43","0","2"
"Unknown years","Barrow","16","0","2"
"01-04 years","Bartow","175","0","6"
"05-09 years","Bartow","322","0","2"
"10-17 years","Bartow","1227","0","15"
"18-29 years","Bartow","2467","0","29"
"30-39 years","Bartow","2039","5","57"
"40-49 years","Bartow","2071","4","93"
"50-59 years","Bartow","2141","18","172"
"60-69 years","Bartow","1318","50","172"
"70-79 years","Bartow","877","78","206"
"80 & Older years","Bartow","430","79","132"
"<1 years","Bartow","58","0","3"
"Unknown years","Bartow","77","0","7"
"01-04 years","Ben Hill","36","0","1"
"05-09 years","Ben Hill","29","0","0"
"10-17 years","Ben Hill","141","0","0"
"18-29 years","Ben Hill","333","1","5"
"30-39 years","Ben Hill","256","3","11"
"40-49 years","Ben Hill","245","1","13"
"50-59 years","Ben Hill","270","6","33"
"60-69 years","Ben Hill","226","13","33"
"70-79 years","Ben Hill","154","19","55"
"80 & Older years","Ben Hill","73","19","19"
"<1 years","Ben Hill","7","0","1"
"Unknown years","Ben Hill","1","0","0"
"01-04 years","Berrien","33","0","0"
"05-09 years","Berrien","38","0","0"
"10-17 years","Berrien","139","0","1"
"18-29 years","Berrien","261","0","0"
"30-39 years","Berrien","217","0","3"
"40-49 years","Berrien","179","0","5"
"50-59 years","Berrien","200","4","17"
"60-69 years","Berrien","156","8","20"
"70-79 years","Berrien","109","15","20"
"80 & Older years","Berrien","57","13","15"
"<1 years","Berrien","7","0","0"
"Unknown years","Berrien","1","0","0"
"01-04 years","Bibb","240","0","7"
"05-09 years","Bibb","440","0","0"
"10-17 years","Bibb","1272","0","13"
"18-29 years","Bibb","3935","1","100"
"30-39 years","Bibb","2881","6","143"
"40-49 years","Bibb","2686","21","241"
"50-59 years","Bibb","2436","32","332"
"60-69 years","Bibb","1908","99","472"
"70-79 years","Bibb","1086","124","397"
"80 & Older years","Bibb","659","163","328"
"<1 years","Bibb","68","0","5"
"Unknown years","Bibb","6","0","0"
"01-04 years","Bleckley","13","0","0"
"05-09 years","Bleckley","30","0","0"
"10-17 years","Bleckley","98","0","0"
"18-29 years","Bleckley","228","0","4"
"30-39 years","Bleckley","130","1","4"
"40-49 years","Bleckley","124","1","2"
"50-59 years","Bleckley","127","2","6"
"60-69 years","Bleckley","99","6","12"
"70-79 years","Bleckley","69","4","13"
"80 & Older years","Bleckley","61","18","12"
"<1 years","Bleckley","3","0","0"
"01-04 years","Brantley","29","0","0"
"05-09 years","Brantley","52","0","0"
"10-17 years","Brantley","175","0","1"
"18-29 years","Brantley","300","0","4"
"30-39 years","Brantley","236","0","5"
"40-49 years","Brantley","228","2","16"
"50-59 years","Brantley","255","5","21"
"60-69 years","Brantley","178","7","19"
"70-79 years","Brantley","123","20","35"
"80 & Older years","Brantley","56","10","14"
"<1 years","Brantley","3","0","0"
"Unknown years","Brantley","6","0","0"
"01-04 years","Brooks","24","0","1"
"05-09 years","Brooks","42","0","0"
"10-17 years","Brooks","110","0","0"
"18-29 years","Brooks","232","0","1"
"30-39 years","Brooks","177","0","4"
"40-49 years","Brooks","170","1","13"
"50-59 years","Brooks","189","2","23"
"60-69 years","Brooks","131","8","21"
"70-79 years","Brooks","107","12","20"
"80 & Older years","Brooks","69","18","16"
"<1 years","Brooks","11","0","0"
"01-04 years","Bryan","91","0","0"
"05-09 years","Bryan","184","0","1"
"10-17 years","Bryan","518","0","4"
"18-29 years","Bryan","745","0","17"
"30-39 years","Bryan","672","1","21"
"40-49 years","Bryan","697","0","29"
"50-59 years","Bryan","466","5","38"
"60-69 years","Bryan","331","13","43"
"70-79 years","Bryan","195","12","68"
"80 & Older years","Bryan","74","9","29"
"<1 years","Bryan","24","0","0"
"Unknown years","Bryan","11","0","0"
"01-04 years","Bulloch","127","0","1"
"05-09 years","Bulloch","262","0","2"
"10-17 years","Bulloch","803","0","2"
"18-29 years","Bulloch","2771","0","12"
"30-39 years","Bulloch","931","2","23"
"40-49 years","Bulloch","788","3","27"
"50-59 years","Bulloch","679","11","40"
"60-69 years","Bulloch","490","19","55"
"70-79 years","Bulloch","234","20","46"
"80 & Older years","Bulloch","115","17","39"
"<1 years","Bulloch","45","0","2"
"Unknown years","Bulloch","2","0","0"
"01-04 years","Burke","30","0","0"
"05-09 years","Burke","65","0","0"
"10-17 years","Burke","177","0","1"
"18-29 years","Burke","411","1","10"
"30-39 years","Burke","334","1","14"
"40-49 years","Burke","343","2","20"
"50-59 years","Burke","311","6","36"
"60-69 years","Burke","237","7","43"
"70-79 years","Burke","133","14","38"
"80 & Older years","Burke","44","11","16"
"<1 years","Burke","8","0","0"
"Unknown years","Burke","3","0","0"
"01-04 years","Butts","34","0","3"
"05-09 years","Butts","57","0","0"
"10-17 years","Butts","221","0","5"
"18-29 years","Butts","540","0","7"
"30-39 years","Butts","488","0","8"
"40-49 years","Butts","422","4","20"
"50-59 years","Butts","460","8","30"
"60-69 years","Butts","314","17","39"
"70-79 years","Butts","211","24","32"
"80 & Older years","Butts","120","31","10"
"<1 years","Butts","13","0","2"
"Unknown years","Butts","3","0","0"
"01-04 years","Calhoun","11","0","0"
"05-09 years","Calhoun","8","0","0"
"10-17 years","Calhoun","60","0","0"
"18-29 years","Calhoun","87","0","6"
"30-39 years","Calhoun","75","2","7"
"40-49 years","Calhoun","93","2","11"
"50-59 years","Calhoun","101","2","18"
"60-69 years","Calhoun","80","2","23"
"70-79 years","Calhoun","33","7","11"
"80 & Older years","Calhoun","18","2","9"
"<1 years","Calhoun","5","0","0"
"Unknown years","Calhoun","1","0","0"
"01-04 years","Camden","106","0","0"
"05-09 years","Camden","158","0","2"
"10-17 years","Camden","499","0","1"
"18-29 years","Camden","1160","0","9"
"30-39 years","Camden","871","1","22"
"40-49 years","Camden","646","5","23"
"50-59 years","Camden","710","5","30"
"60-69 years","Camden","487","16","42"
"70-79 years","Camden","276","9","30"
"80 & Older years","Camden","117","20","26"
"<1 years","Camden","15","0","2"
"Unknown years","Camden","76","0","1"
"01-04 years","Candler","12","0","0"
"05-09 years","Candler","37","0","0"
"10-17 years","Candler","96","0","0"
"18-29 years","Candler","173","0","1"
"30-39 years","Candler","134","0","4"
"40-49 years","Candler","151","3","2"
"50-59 years","Candler","167","7","16"
"60-69 years","Candler","121","9","15"
"70-79 years","Candler","86","14","20"
"80 & Older years","Candler","34","6","14"
"<1 years","Candler","5","0","0"
"Unknown years","Candler","1","0","0"
"01-04 years","Carroll","142","0","1"
"05-09 years","Carroll","223","0","3"
"10-17 years","Carroll","821","0","6"
"18-29 years","Carroll","2009","0","15"
"30-39 years","Carroll","1311","4","23"
"40-49 years","Carroll","1264","4","39"
"50-59 years","Carroll","1231","13","63"
"60-69 years","Carroll","867","27","91"
"70-79 years","Carroll","501","36","75"
"80 & Older years","Carroll","291","52","47"
"<1 years","Carroll","34","0","1"
"Unknown years","Carroll","5","0","0"
"01-04 years","Catoosa","119","0","0"
"05-09 years","Catoosa","228","0","1"
"10-17 years","Catoosa","710","0","2"
"18-29 years","Catoosa","1292","0","9"
"30-39 years","Catoosa","995","1","14"
"40-49 years","Catoosa","1111","2","22"
"50-59 years","Catoosa","1014","7","43"
"60-69 years","Catoosa","695","8","64"
"70-79 years","Catoosa","427","21","68"
"80 & Older years","Catoosa","279","32","54"
"<1 years","Catoosa","49","0","1"
"Unknown years","Catoosa","85","0","4"
"01-04 years","Charlton","16","0","0"
"05-09 years","Charlton","40","0","0"
"10-17 years","Charlton","89","0","0"
"18-29 years","Charlton","370","1","2"
"30-39 years","Charlton","318","2","6"
"40-49 years","Charlton","258","2","11"
"50-59 years","Charlton","188","3","8"
"60-69 years","Charlton","179","9","24"
"70-79 years","Charlton","75","7","17"
"80 & Older years","Charlton","38","10","17"
"<1 years","Charlton","4","0","0"
"Unknown years","Charlton","1","0","0"
"01-04 years","Chatham","810","0","6"
"05-09 years","Chatham","1171","1","2"
"10-17 years","Chatham","2611","0","23"
"18-29 years","Chatham","6892","5","97"
"30-39 years","Chatham","5019","8","160"
"40-49 years","Chatham","3845","20","222"
"50-59 years","Chatham","3328","45","327"
"60-69 years","Chatham","2590","100","465"
"70-79 years","Chatham","1361","133","435"
"80 & Older years","Chatham","839","172","366"
"<1 years","Chatham","192","0","7"
"Unknown years","Chatham","49","0","1"
"01-04 years","Chattahoochee","9","0","0"
"05-09 years","Chattahoochee","15","0","0"
"10-17 years","Chattahoochee","144","0","2"
"18-29 years","Chattahoochee","3715","7","7"
"30-39 years","Chattahoochee","346","2","4"
"40-49 years","Chattahoochee","59","0","0"
"50-59 years","Chattahoochee","38","0","9"
"60-69 years","Chattahoochee","18","0","4"
"70-79 years","Chattahoochee","11","1","4"
"80 & Older years","Chattahoochee","9","3","5"
"<1 years","Chattahoochee","8","0","0"
"Unknown years","Chattahoochee","1","0","0"
"01-04 years","Chattooga","31","0","0"
"05-09 years","Chattooga","64","0","0"
"10-17 years","Chattooga","304","0","1"
"18-29 years","Chattooga","478","0","7"
"30-39 years","Chattooga","409","0","8"
"40-49 years","Chattooga","434","2","18"
"50-59 years","Chattooga","414","6","28"
"60-69 years","Chattooga","333","15","47"
"70-79 years","Chattooga","200","19","54"
"80 & Older years","Chattooga","131","26","35"
"<1 years","Chattooga","17","0","2"
"Unknown years","Chattooga","14","0","1"
"01-04 years","Cherokee","357","0","9"
"05-09 years","Cherokee","898","0","9"
"10-17 years","Cherokee","3217","0","19"
"18-29 years","Cherokee","5125","2","91"
"30-39 years","Cherokee","3895","3","133"
"40-49 years","Cherokee","4401","8","169"
"50-59 years","Cherokee","4178","25","268"
"60-69 years","Cherokee","2520","51","308"
"70-79 years","Cherokee","1554","94","308"
"80 & Older years","Cherokee","899","153","258"
"<1 years","Cherokee","72","0","2"
"Unknown years","Cherokee","21","0","0"
"01-04 years","Clarke","237","0","1"
"05-09 years","Clarke","352","0","3"
"10-17 years","Clarke","923","0","8"
"18-29 years","Clarke","6970","1","57"
"30-39 years","Clarke","1960","2","42"
"40-49 years","Clarke","1585","3","65"
"50-59 years","Clarke","1377","12","94"
"60-69 years","Clarke","898","24","114"
"70-79 years","Clarke","524","51","129"
"80 & Older years","Clarke","280","54","79"
"<1 years","Clarke","62","0","2"
"Unknown years","Clarke","11","0","0"
"01-04 years","Clay","3","0","0"
"05-09 years","Clay","6","0","0"
"10-17 years","Clay","20","0","0"
"18-29 years","Clay","33","0","0"
"30-39 years","Clay","35","0","1"
"40-49 years","Clay","37","0","2"
"50-59 years","Clay","21","0","2"
"60-69 years","Clay","26","1","2"
"70-79 years","Clay","20","0","0"
"80 & Older years","Clay","14","2","5"
"Unknown years","Clay","2","0","0"
"01-04 years","Clayton","650","0","14"
"05-09 years","Clayton","1082","1","12"
"10-17 years","Clayton","2553","1","49"
"18-29 years","Clayton","6204","6","139"
"30-39 years","Clayton","5572","16","212"
"40-49 years","Clayton","4839","36","237"
"50-59 years","Clayton","4396","71","347"
"60-69 years","Clayton","2747","137","317"
"70-79 years","Clayton","1120","134","216"
"80 & Older years","Clayton","543","129","137"
"<1 years","Clayton","138","0","8"
"Unknown years","Clayton","37","0","4"
"01-04 years","Clinch","19","0","0"
"05-09 years","Clinch","32","0","0"
"10-17 years","Clinch","96","0","0"
"18-29 years","Clinch","168","0","2"
"30-39 years","Clinch","138","1","4"
"40-49 years","Clinch","123","0","3"
"50-59 years","Clinch","127","2","17"
"60-69 years","Clinch","131","8","19"
"70-79 years","Clinch","63","9","19"
"80 & Older years","Clinch","22","6","8"
"<1 years","Clinch","4","0","0"
"Unknown years","Clinch","1","0","0"
"01-04 years","Cobb","1124","1","20"
"05-09 years","Cobb","2314","0","19"
"10-17 years","Cobb","6416","0","50"
"18-29 years","Cobb","17551","6","271"
"30-39 years","Cobb","12311","20","324"
"40-49 years","Cobb","11506","40","509"
"50-59 years","Cobb","10126","89","680"
"60-69 years","Cobb","6162","172","676"
"70-79 years","Cobb","3340","323","642"
"80 & Older years","Cobb","1954","435","580"
"<1 years","Cobb","262","0","18"
"Unknown years","Cobb","71","0","2"
"01-04 years","Coffee","116","0","2"
"05-09 years","Coffee","177","0","4"
"10-17 years","Coffee","470","0","5"
"18-29 years","Coffee","1136","0","31"
"30-39 years","Coffee","839","4","52"
"40-49 years","Coffee","853","10","110"
"50-59 years","Coffee","832","15","164"
"60-69 years","Coffee","623","40","160"
"70-79 years","Coffee","322","45","141"
"80 & Older years","Coffee","173","42","94"
"<1 years","Coffee","32","0","2"
"Unknown years","Coffee","5","0","0"
"01-04 years","Colquitt","73","0","0"
"05-09 years","Colquitt","158","0","2"
"10-17 years","Colquitt","538","0","10"
"18-29 years","Colquitt","953","0","24"
"30-39 years","Colquitt","699","2","23"
"40-49 years","Colquitt","705","7","42"
"50-59 years","Colquitt","630","17","48"
"60-69 years","Colquitt","447","17","55"
"70-79 years","Colquitt","288","18","55"
"80 & Older years","Colquitt","165","30","37"
"<1 years","Colquitt","27","0","1"
"01-04 years","Columbia","197","0","2"
"05-09 years","Columbia","451","0","1"
"10-17 years","Columbia","1464","0","4"
"18-29 years","Columbia","2629","1","29"
"30-39 years","Columbia","2412","2","35"
"40-49 years","Columbia","2118","8","57"
"50-59 years","Columbia","1739","21","90"
"60-69 years","Columbia","1122","29","107"
"70-79 years","Columbia","592","46","125"
"80 & Older years","Columbia","350","69","113"
"<1 years","Columbia","46","0","2"
"Unknown years","Columbia","8","0","0"
"01-04 years","Cook","25","0","1"
"05-09 years","Cook","59","0","0"
"10-17 years","Cook","154","0","2"
"18-29 years","Cook","285","0","6"
"30-39 years","Cook","235","0","4"
"40-49 years","Cook","235","2","17"
"50-59 years","Cook","206","3","19"
"60-69 years","Cook","150","7","20"
"70-79 years","Cook","108","13","29"
"80 & Older years","Cook","64","18","15"
"<1 years","Cook","14","0","2"
"Unknown years","Cook","1","0","0"
"01-04 years","Coweta","185","0","0"
"05-09 years","Coweta","313","0","1"
"10-17 years","Coweta","1008","0","8"
"18-29 years","Coweta","1926","1","30"
"30-39 years","Coweta","1552","6","54"
"40-49 years","Coweta","1649","12","69"
"50-59 years","Coweta","1850","29","103"
"60-69 years","Coweta","1138","41","89"
"70-79 years","Coweta","700","67","99"
"80 & Older years","Coweta","371","79","58"
"<1 years","Coweta","37","0","1"
"Unknown years","Coweta","6","0","0"
"01-04 years","Crawford","3","0","0"
"05-09 years","Crawford","4","0","0"
"10-17 years","Crawford","40","0","2"
"18-29 years","Crawford","106","0","3"
"30-39 years","Crawford","105","0","7"
"40-49 years","Crawford","79","2","5"
"50-59 years","Crawford","136","3","20"
"60-69 years","Crawford","124","7","20"
"70-79 years","Crawford","56","7","15"
"80 & Older years","Crawford","30","2","12"
"01-04 years","Crisp","27","0","0"
"05-09 years","Crisp","43","0","0"
"10-17 years","Crisp","163","0","2"
"18-29 years","Crisp","284","0","11"
"30-39 years","Crisp","277","1","17"
"40-49 years","Crisp","240","4","22"
"50-59 years","Crisp","231","4","30"
"60-69 years","Crisp","218","18","42"
"70-79 years","Crisp","114","14","34"
"80 & Older years","Crisp","74","19","18"
"<1 years","Crisp","12","0","0"
"Unknown years","Crisp","7","0","0"
"01-04 years","Dade","28","0","0"
"05-09 years","Dade","63","0","0"
"10-17 years","Dade","180","0","1"
"18-29 years","Dade","299","0","1"
"30-39 years","Dade","197","0","2"
"40-49 years","Dade","233","0","7"
"50-59 years","Dade","200","2","12"
"60-69 years","Dade","156","2","11"
"70-79 years","Dade","112","7","20"
"80 & Older years","Dade","55","3","10"
"<1 years","Dade","6","0","0"
"Unknown years","Dade","25","0","1"
"01-04 years","Dawson","46","0","0"
"05-09 years","Dawson","101","0","0"
"10-17 years","Dawson","295","0","5"
"18-29 years","Dawson","675","0","15"
"30-39 years","Dawson","545","0","19"
"40-49 years","Dawson","488","0","28"
"50-59 years","Dawson","512","4","41"
"60-69 years","Dawson","419","7","78"
"70-79 years","Dawson","255","21","56"
"80 & Older years","Dawson","99","17","32"
"<1 years","Dawson","9","0","2"
"Unknown years","Dawson","26","0","1"
"01-04 years","DeKalb","1285","0","26"
"05-09 years","DeKalb","2010","0","26"
"10-17 years","DeKalb","4886","0","75"
"18-29 years","DeKalb","15779","11","455"
"30-39 years","DeKalb","13708","19","652"
"40-49 years","DeKalb","10711","42","722"
"50-59 years","DeKalb","9432","123","992"
"60-69 years","DeKalb","5997","198","1074"
"70-79 years","DeKalb","2950","274","825"
"80 & Older years","DeKalb","1797","360","587"
"<1 years","DeKalb","257","0","15"
"Unknown years","DeKalb","217","0","16"
"01-04 years","Decatur","110","0","1"
"05-09 years","Decatur","120","0","0"
"10-17 years","Decatur","307","0","1"
"18-29 years","Decatur","576","1","15"
"30-39 years","Decatur","423","1","9"
"40-49 years","Decatur","418","2","24"
"50-59 years","Decatur","360","7","36"
"60-69 years","Decatur","276","13","41"
"70-79 years","Decatur","166","22","34"
"80 & Older years","Decatur","105","20","23"
"<1 years","Decatur","16","0","0"
"Unknown years","Decatur","3","0","0"
"01-04 years","Dodge","14","0","0"
"05-09 years","Dodge","29","0","0"
"10-17 years","Dodge","145","1","1"
"18-29 years","Dodge","253","0","5"
"30-39 years","Dodge","193","0","7"
"40-49 years","Dodge","197","2","12"
"50-59 years","Dodge","208","5","23"
"60-69 years","Dodge","154","17","29"
"70-79 years","Dodge","88","18","22"
"80 & Older years","Dodge","59","14","16"
"<1 years","Dodge","8","0","0"
"01-04 years","Dooly","14","0","0"
"05-09 years","Dooly","24","0","0"
"10-17 years","Dooly","78","0","1"
"18-29 years","Dooly","152","1","5"
"30-39 years","Dooly","119","0","11"
"40-49 years","Dooly","149","1","11"
"50-59 years","Dooly","156","5","20"
"60-69 years","Dooly","138","10","24"
"70-79 years","Dooly","66","10","19"
"80 & Older years","Dooly","24","6","6"
"<1 years","Dooly","4","0","0"
"Unknown years","Dooly","16","0","0"
"01-04 years","Dougherty","139","0","3"
"05-09 years","Dougherty","240","0","0"
"10-17 years","Dougherty","501","0","11"
"18-29 years","Dougherty","1398","4","114"
"30-39 years","Dougherty","1149","6","99"
"40-49 years","Dougherty","1077","17","139"
"50-59 years","Dougherty","1088","28","189"
"60-69 years","Dougherty","880","78","280"
"70-79 years","Dougherty","506","68","194"
"80 & Older years","Dougherty","301","100","138"
"<1 years","Dougherty","48","0","4"
"Unknown years","Dougherty","2","0","0"
"01-04 years","Douglas","264","0","6"
"05-09 years","Douglas","462","0","7"
"10-17 years","Douglas","1403","1","18"
"18-29 years","Douglas","2868","1","57"
"30-39 years","Douglas","2419","4","89"
"40-49 years","Douglas","2704","9","148"
"50-59 years","Douglas","2341","25","206"
"60-69 years","Douglas","1323","41","204"
"70-79 years","Douglas","679","63","166"
"80 & Older years","Douglas","334","57","108"
"<1 years","Douglas","59","0","5"
"Unknown years","Douglas","14","0","1"
"01-04 years","Early","36","0","0"
"05-09 years","Early","42","0","0"
"10-17 years","Early","195","0","0"
"18-29 years","Early","240","1","9"
"30-39 years","Early","207","1","5"
"40-49 years","Early","220","1","11"
"50-59 years","Early","204","4","14"
"60-69 years","Early","141","11","15"
"70-79 years","Early","86","14","18"
"80 & Older years","Early","45","12","15"
"<1 years","Early","3","0","0"
"Unknown years","Early","3","0","0"
"01-04 years","Echols","9","0","0"
"05-09 years","Echols","7","0","0"
"10-17 years","Echols","29","0","1"
"18-29 years","Echols","135","0","1"
"30-39 years","Echols","63","1","3"
"40-49 years","Echols","45","0","1"
"50-59 years","Echols","49","0","2"
"60-69 years","Echols","23","0","0"
"70-79 years","Echols","19","2","3"
"80 & Older years","Echols","4","1","2"
"<1 years","Echols","2","0","0"
"01-04 years","Effingham","133","0","3"
"05-09 years","Effingham","303","0","3"
"10-17 years","Effingham","753","0","2"
"18-29 years","Effingham","997","0","10"
"30-39 years","Effingham","972","1","22"
"40-49 years","Effingham","888","3","49"
"50-59 years","Effingham","801","16","67"
"60-69 years","Effingham","521","11","84"
"70-79 years","Effingham","292","26","80"
"80 & Older years","Effingham","140","27","41"
"<1 years","Effingham","35","0","0"
"Unknown years","Effingham","9","0","0"
"01-04 years","Elbert","25","0","0"
"05-09 years","Elbert","44","0","0"
"10-17 years","Elbert","119","0","2"
"18-29 years","Elbert","305","1","2"
"30-39 years","Elbert","219","0","9"
"40-49 years","Elbert","241","1","10"
"50-59 years","Elbert","252","1","15"
"60-69 years","Elbert","201","6","25"
"70-79 years","Elbert","172","20","37"
"80 & Older years","Elbert","134","31","41"
"<1 years","Elbert","10","0","2"
"Unknown years","Elbert","3","0","0"
"01-04 years","Emanuel","48","0","1"
"05-09 years","Emanuel","78","0","0"
"10-17 years","Emanuel","276","0","2"
"18-29 years","Emanuel","437","1","0"
"30-39 years","Emanuel","320","0","9"
"40-49 years","Emanuel","356","2","9"
"50-59 years","Emanuel","319","6","29"
"60-69 years","Emanuel","253","10","30"
"70-79 years","Emanuel","148","16","27"
"80 & Older years","Emanuel","69","21","23"
"<1 years","Emanuel","8","0","1"
"Unknown years","Emanuel","10","0","1"
"01-04 years","Evans","19","0","0"
"05-09 years","Evans","35","0","0"
"10-17 years","Evans","106","0","2"
"18-29 years","Evans","201","1","3"
"30-39 years","Evans","174","0","4"
"40-49 years","Evans","154","2","18"
"50-59 years","Evans","149","4","20"
"60-69 years","Evans","90","4","19"
"70-79 years","Evans","61","7","20"
"80 & Older years","Evans","22","4","12"
"<1 years","Evans","6","0","0"
"01-04 years","Fannin","27","0","1"
"05-09 years","Fannin","57","0","0"
"10-17 years","Fannin","215","0","1"
"18-29 years","Fannin","363","0","7"
"30-39 years","Fannin","303","0","7"
"40-49 years","Fannin","349","2","13"
"50-59 years","Fannin","438","5","27"
"60-69 years","Fannin","441","9","45"
"70-79 years","Fannin","318","21","58"
"80 & Older years","Fannin","164","33","50"
"<1 years","Fannin","5","0","0"
"01-04 years","Fayette","109","0","1"
"05-09 years","Fayette","262","0","3"
"10-17 years","Fayette","865","0","8"
"18-29 years","Fayette","1489","2","15"
"30-39 years","Fayette","1018","3","14"
"40-49 years","Fayette","1350","5","45"
"50-59 years","Fayette","1371","9","77"
"60-69 years","Fayette","992","25","86"
"70-79 years","Fayette","504","59","96"
"80 & Older years","Fayette","328","66","57"
"<1 years","Fayette","23","0","0"
"Unknown years","Fayette","13","0","0"
"01-04 years","Floyd","186","0","4"
"05-09 years","Floyd","329","0","1"
"10-17 years","Floyd","1293","0","11"
"18-29 years","Floyd","2473","0","38"
"30-39 years","Floyd","1866","4","60"
"40-49 years","Floyd","1768","7","101"
"50-59 years","Floyd","1717","25","176"
"60-69 years","Floyd","1244","40","209"
"70-79 years","Floyd","787","57","211"
"80 & Older years","Floyd","442","72","154"
"<1 years","Floyd","73","0","4"
"Unknown years","Floyd","76","0","3"
"01-04 years","Forsyth","375","0","4"
"05-09 years","Forsyth","1056","0","2"
"10-17 years","Forsyth","3147","0","8"
"18-29 years","Forsyth","3716","0","52"
"30-39 years","Forsyth","2895","1","69"
"40-49 years","Forsyth","3847","5","154"
"50-59 years","Forsyth","3414","11","195"
"60-69 years","Forsyth","1747","27","193"
"70-79 years","Forsyth","1017","66","237"
"80 & Older years","Forsyth","590","96","180"
"<1 years","Forsyth","73","0","3"
"Unknown years","Forsyth","325","0","4"
"01-04 years","Franklin","32","0","2"
"05-09 years","Franklin","75","0","0"
"10-17 years","Franklin","264","0","6"
"18-29 years","Franklin","531","0","13"
"30-39 years","Franklin","363","0","9"
"40-49 years","Franklin","399","0","15"
"50-59 years","Franklin","403","2","33"
"60-69 years","Franklin","365","4","41"
"70-79 years","Franklin","224","21","44"
"80 & Older years","Franklin","120","24","31"
"<1 years","Franklin","9","0","2"
"Unknown years","Franklin","39","0","0"
"01-04 years","Fulton","1574","0","47"
"05-09 years","Fulton","2709","0","29"
"10-17 years","Fulton","7636","1","78"
"18-29 years","Fulton","25167","5","487"
"30-39 years","Fulton","18873","29","680"
"40-49 years","Fulton","14806","44","773"
"50-59 years","Fulton","12887","132","1126"
"60-69 years","Fulton","7527","258","1029"
"70-79 years","Fulton","3949","375","920"
"80 & Older years","Fulton","2747","568","861"
"<1 years","Fulton","324","0","21"
"Unknown years","Fulton","99","0","13"
"01-04 years","Gilmer","40","0","2"
"05-09 years","Gilmer","55","0","0"
"10-17 years","Gilmer","262","0","3"
"18-29 years","Gilmer","445","0","15"
"30-39 years","Gilmer","395","0","19"
"40-49 years","Gilmer","424","0","19"
"50-59 years","Gilmer","470","11","33"
"60-69 years","Gilmer","452","10","52"
"70-79 years","Gilmer","331","24","70"
"80 & Older years","Gilmer","159","35","46"
"<1 years","Gilmer","13","0","0"
"Unknown years","Gilmer","3","0","0"
"01-04 years","Glascock","1","0","0"
"05-09 years","Glascock","4","0","0"
"10-17 years","Glascock","4","0","0"
"18-29 years","Glascock","25","0","1"
"30-39 years","Glascock","20","0","0"
"40-49 years","Glascock","24","0","1"
"50-59 years","Glascock","33","2","4"
"60-69 years","Glascock","18","0","5"
"70-79 years","Glascock","26","3","9"
"80 & Older years","Glascock","9","2","5"
"<1 years","Glascock","1","0","0"
"Unknown years","Glascock","1","0","0"
"01-04 years","Glynn","244","0","3"
"05-09 years","Glynn","480","0","1"
"10-17 years","Glynn","1236","0","3"
"18-29 years","Glynn","2075","2","29"
"30-39 years","Glynn","1724","6","37"
"40-49 years","Glynn","1420","7","52"
"50-59 years","Glynn","1288","18","87"
"60-69 years","Glynn","1046","49","138"
"70-79 years","Glynn","625","59","98"
"80 & Older years","Glynn","334","74","103"
"<1 years","Glynn","48","0","1"
"Unknown years","Glynn","258","0","0"
"01-04 years","Gordon","121","0","1"
"05-09 years","Gordon","184","0","2"
"10-17 years","Gordon","745","0","5"
"18-29 years","Gordon","1479","1","18"
"30-39 years","Gordon","1160","2","24"
"40-49 years","Gordon","1205","5","38"
"50-59 years","Gordon","1161","15","64"
"60-69 years","Gordon","764","30","65"
"70-79 years","Gordon","414","30","85"
"80 & Older years","Gordon","211","36","59"
"<1 years","Gordon","42","0","3"
"Unknown years","Gordon","75","0","1"
"01-04 years","Grady","55","0","1"
"05-09 years","Grady","75","0","0"
"10-17 years","Grady","203","0","5"
"18-29 years","Grady","332","0","10"
"30-39 years","Grady","309","0","13"
"40-49 years","Grady","311","2","30"
"50-59 years","Grady","293","9","37"
"60-69 years","Grady","209","8","29"
"70-79 years","Grady","189","20","53"
"80 & Older years","Grady","65","18","23"
"<1 years","Grady","6","0","2"
"Unknown years","Grady","2","0","0"
"01-04 years","Greene","25","0","1"
"05-09 years","Greene","61","0","0"
"10-17 years","Greene","194","0","0"
"18-29 years","Greene","327","0","8"
"30-39 years","Greene","245","0","8"
"40-49 years","Greene","228","3","16"
"50-59 years","Greene","273","6","21"
"60-69 years","Greene","264","8","25"
"70-79 years","Greene","198","12","30"
"80 & Older years","Greene","113","27","44"
"<1 years","Greene","8","0","1"
"Unknown years","Greene","2","0","0"
"01-04 years","Gwinnett","1671","0","21"
"05-09 years","Gwinnett","2812","0","27"
"10-17 years","Gwinnett","8708","2","75"
"18-29 years","Gwinnett","21543","10","550"
"30-39 years","Gwinnett","16521","25","597"
"40-49 years","Gwinnett","17248","68","833"
"50-59 years","Gwinnett","14603","120","973"
"60-69 years","Gwinnett","8074","232","1005"
"70-79 years","Gwinnett","3649","295","796"
"80 & Older years","Gwinnett","1988","422","700"
"<1 years","Gwinnett","498","0","25"
"Unknown years","Gwinnett","93","0","2"
"01-04 years","Habersham","53","0","3"
"05-09 years","Habersham","81","0","3"
"10-17 years","Habersham","369","1","8"
"18-29 years","Habersham","1011","1","15"
"30-39 years","Habersham","761","2","32"
"40-49 years","Habersham","799","3","47"
"50-59 years","Habersham","823","7","73"
"60-69 years","Habersham","645","21","129"
"70-79 years","Habersham","433","52","118"
"80 & Older years","Habersham","298","73","97"
"<1 years","Habersham","16","0","5"
"Unknown years","Habersham","49","0","4"
"01-04 years","Hall","261","0","11"
"05-09 years","Hall","563","0","6"
"10-17 years","Hall","2427","0","35"
"18-29 years","Hall","6271","4","205"
"30-39 years","Hall","4280","3","242"
"40-49 years","Hall","4389","17","327"
"50-59 years","Hall","4540","40","482"
"60-69 years","Hall","3024","92","487"
"70-79 years","Hall","1921","134","552"
"80 & Older years","Hall","1083","201","430"
"<1 years","Hall","56","0","7"
"Unknown years","Hall","323","0","10"
"01-04 years","Hancock","9","0","0"
"05-09 years","Hancock","11","0","0"
"10-17 years","Hancock","45","0","1"
"18-29 years","Hancock","154","0","3"
"30-39 years","Hancock","127","0","2"
"40-49 years","Hancock","120","1","7"
"50-59 years","Hancock","155","4","16"
"60-69 years","Hancock","157","18","32"
"70-79 years","Hancock","83","21","28"
"80 & Older years","Hancock","66","23","24"
"<1 years","Hancock","4","0","0"
"Unknown years","Hancock","1","0","0"
"01-04 years","Haralson","28","0","0"
"05-09 years","Haralson","51","0","0"
"10-17 years","Haralson","196","0","2"
"18-29 years","Haralson","413","0","4"
"30-39 years","Haralson","271","0","6"
"40-49 years","Haralson","290","2","8"
"50-59 years","Haralson","325","2","8"
"60-69 years","Haralson","224","13","25"
"70-79 years","Haralson","140","13","19"
"80 & Older years","Haralson","57","7","10"
"<1 years","Haralson","8","0","1"
"Unknown years","Haralson","4","0","0"
"01-04 years","Harris","38","0","0"
"05-09 years","Harris","57","0","0"
"10-17 years","Harris","237","0","2"
"18-29 years","Harris","429","0","7"
"30-39 years","Harris","329","0","11"
"40-49 years","Harris","459","3","19"
"50-59 years","Harris","474","8","32"
"60-69 years","Harris","391","14","61"
"70-79 years","Harris","230","27","49"
"80 & Older years","Harris","70","14","17"
"<1 years","Harris","7","0","0"
"Unknown years","Harris","20","0","0"
"01-04 years","Hart","24","0","0"
"05-09 years","Hart","36","0","1"
"10-17 years","Hart","147","0","0"
"18-29 years","Hart","366","0","2"
"30-39 years","Hart","316","0","10"
"40-49 years","Hart","273","0","13"
"50-59 years","Hart","323","3","24"
"60-69 years","Hart","254","14","33"
"70-79 years","Hart","166","8","29"
"80 & Older years","Hart","93","16","30"
"<1 years","Hart","10","0","1"
"Unknown years","Hart","24","0","0"
"01-04 years","Heard","12","0","0"
"05-09 years","Heard","37","0","0"
"10-17 years","Heard","114","0","1"
"18-29 years","Heard","144","0","1"
"30-39 years","Heard","105","0","1"
"40-49 years","Heard","144","0","11"
"50-59 years","Heard","134","1","6"
"60-69 years","Heard","106","5","13"
"70-79 years","Heard","61","7","17"
"80 & Older years","Heard","26","6","4"
"<1 years","Heard","5","0","0"
"01-04 years","Henry","383","0","10"
"05-09 years","Henry","788","0","6"
"10-17 years","Henry","2435","0","27"
"18-29 years","Henry","4782","1","56"
"30-39 years","Henry","4117","8","79"
"40-49 years","Henry","4328","16","145"
"50-59 years","Henry","4065","28","168"
"60-69 years","Henry","2234","80","141"
"70-79 years","Henry","1107","95","111"
"80 & Older years","Henry","560","105","78"
"<1 years","Henry","86","0","5"
"Unknown years","Henry","32","0","3"
"01-04 years","Houston","202","0","5"
"05-09 years","Houston","402","0","2"
"10-17 years","Houston","1361","0","5"
"18-29 years","Houston","2830","4","56"
"30-39 years","Houston","2531","3","84"
"40-49 years","Houston","2252","10","130"
"50-59 years","Houston","1863","16","163"
"60-69 years","Houston","1236","50","208"
"70-79 years","Houston","657","67","192"
"80 & Older years","Houston","346","63","121"
"<1 years","Houston","43","0","4"
"Unknown years","Houston","12","0","0"
"01-04 years","Irwin","7","0","0"
"05-09 years","Irwin","14","0","0"
"10-17 years","Irwin","62","0","0"
"18-29 years","Irwin","166","0","5"
"30-39 years","Irwin","139","0","6"
"40-49 years","Irwin","152","1","10"
"50-59 years","Irwin","124","3","12"
"60-69 years","Irwin","95","1","22"
"70-79 years","Irwin","52","6","9"
"80 & Older years","Irwin","39","8","23"
"Unknown years","Irwin","2","0","0"
"01-04 years","Jackson","110","0","0"
"05-09 years","Jackson","252","0","3"
"10-17 years","Jackson","1242","0","10"
"18-29 years","Jackson","1792","2","30"
"30-39 years","Jackson","1695","2","45"
"40-49 years","Jackson","1775","6","79"
"50-59 years","Jackson","1628","9","113"
"60-69 years","Jackson","1084","29","103"
"70-79 years","Jackson","730","39","143"
"80 & Older years","Jackson","348","60","116"
"<1 years","Jackson","30","0","2"
"Unknown years","Jackson","13","0","1"
"01-04 years","Jasper","12","0","0"
"05-09 years","Jasper","20","0","0"
"10-17 years","Jasper","60","0","1"
"18-29 years","Jasper","149","0","5"
"30-39 years","Jasper","121","0","4"
"40-49 years","Jasper","128","1","5"
"50-59 years","Jasper","151","3","16"
"60-69 years","Jasper","112","8","21"
"70-79 years","Jasper","62","6","13"
"80 & Older years","Jasper","23","4","7"
"<1 years","Jasper","8","0","2"
"Unknown years","Jasper","1","0","0"
"01-04 years","Jeff Davis","40","0","0"
"05-09 years","Jeff Davis","67","0","0"
"10-17 years","Jeff Davis","165","0","2"
"18-29 years","Jeff Davis","329","0","5"
"30-39 years","Jeff Davis","269","0","9"
"40-49 years","Jeff Davis","255","0","15"
"50-59 years","Jeff Davis","228","7","22"
"60-69 years","Jeff Davis","141","8","24"
"70-79 years","Jeff Davis","100","15","23"
"80 & Older years","Jeff Davis","22","8","7"
"<1 years","Jeff Davis","5","0","1"
"Unknown years","Jeff Davis","2","0","0"
"01-04 years","Jefferson","26","0","2"
"05-09 years","Jefferson","37","0","0"
"10-17 years","Jefferson","120","0","2"
"18-29 years","Jefferson","269","0","3"
"30-39 years","Jefferson","227","0","9"
"40-49 years","Jefferson","237","3","18"
"50-59 years","Jefferson","291","5","26"
"60-69 years","Jefferson","266","12","40"
"70-79 years","Jefferson","167","19","44"
"80 & Older years","Jefferson","73","22","32"
"<1 years","Jefferson","5","0","1"
"Unknown years","Jefferson","8","0","0"
"01-04 years","Jenkins","21","0","0"
"05-09 years","Jenkins","26","0","0"
"10-17 years","Jenkins","78","0","0"
"18-29 years","Jenkins","133","0","2"
"30-39 years","Jenkins","100","2","6"
"40-49 years","Jenkins","131","2","13"
"50-59 years","Jenkins","148","6","23"
"60-69 years","Jenkins","94","7","13"
"70-79 years","Jenkins","60","13","21"
"80 & Older years","Jenkins","51","10","11"
"<1 years","Jenkins","2","0","0"
"Unknown years","Jenkins","2","0","0"
"01-04 years","Johnson","10","0","1"
"05-09 years","Johnson","16","0","0"
"10-17 years","Johnson","56","0","1"
"18-29 years","Johnson","148","0","4"
"30-39 years","Johnson","126","0","3"
"40-49 years","Johnson","119","2","6"
"50-59 years","Johnson","151","5","17"
"60-69 years","Johnson","140","8","23"
"70-79 years","Johnson","97","9","25"
"80 & Older years","Johnson","67","19","19"
"<1 years","Johnson","6","0","2"
"01-04 years","Jones","17","0","1"
"05-09 years","Jones","47","0","0"
"10-17 years","Jones","144","0","0"
"18-29 years","Jones","430","0","9"
"30-39 years","Jones","352","1","11"
"40-49 years","Jones","314","2","19"
"50-59 years","Jones","333","3","35"
"60-69 years","Jones","234","7","43"
"70-79 years","Jones","156","23","52"
"80 & Older years","Jones","93","22","26"
"<1 years","Jones","6","0","0"
"Unknown years","Jones","2","0","0"
"01-04 years","Lamar","49","0","0"
"05-09 years","Lamar","87","0","0"
"10-17 years","Lamar","260","0","4"
"18-29 years","Lamar","310","1","7"
"30-39 years","Lamar","271","0","12"
"40-49 years","Lamar","254","3","13"
"50-59 years","Lamar","245","5","32"
"60-69 years","Lamar","236","11","28"
"70-79 years","Lamar","152","13","28"
"80 & Older years","Lamar","73","22","21"
"<1 years","Lamar","30","0","1"
"Unknown years","Lamar","1","0","0"
"01-04 years","Lanier","11","0","0"
"05-09 years","Lanier","20","0","1"
"10-17 years","Lanier","67","0","1"
"18-29 years","Lanier","142","1","2"
"30-39 years","Lanier","159","0","2"
"40-49 years","Lanier","96","1","3"
"50-59 years","Lanier","79","1","7"
"60-69 years","Lanier","49","3","3"
"70-79 years","Lanier","32","4","6"
"80 & Older years","Lanier","14","0","6"
"<1 years","Lanier","5","0","0"
"Unknown years","Lanier","1","0","0"
"01-04 years","Laurens","69","0","1"
"05-09 years","Laurens","104","0","2"
"10-17 years","Laurens","437","0","4"
"18-29 years","Laurens","934","0","11"
"30-39 years","Laurens","728","1","20"
"40-49 years","Laurens","728","7","31"
"50-59 years","Laurens","715","16","69"
"60-69 years","Laurens","557","35","91"
"70-79 years","Laurens","359","50","87"
"80 & Older years","Laurens","235","52","64"
"<1 years","Laurens","22","0","3"
"Unknown years","Laurens","5","0","0"
"01-04 years","Lee","42","0","0"
"05-09 years","Lee","69","0","3"
"10-17 years","Lee","207","0","3"
"18-29 years","Lee","353","1","17"
"30-39 years","Lee","405","1","21"
"40-49 years","Lee","398","5","36"
"50-59 years","Lee","342","11","61"
"60-69 years","Lee","230","14","43"
"70-79 years","Lee","105","14","36"
"80 & Older years","Lee","65","9","25"
"<1 years","Lee","12","0","0"
"Unknown years","Lee","2","0","0"
"01-04 years","Liberty","176","0","1"
"05-09 years","Liberty","291","0","1"
"10-17 years","Liberty","617","0","3"
"18-29 years","Liberty","1599","1","17"
"30-39 years","Liberty","926","1","29"
"40-49 years","Liberty","629","2","20"
"50-59 years","Liberty","574","13","59"
"60-69 years","Liberty","363","19","58"
"70-79 years","Liberty","161","17","59"
"80 & Older years","Liberty","67","17","26"
"<1 years","Liberty","54","0","1"
"Unknown years","Liberty","16","0","0"
"01-04 years","Lincoln","14","0","0"
"05-09 years","Lincoln","18","0","0"
"10-17 years","Lincoln","45","0","0"
"18-29 years","Lincoln","111","0","4"
"30-39 years","Lincoln","88","0","2"
"40-49 years","Lincoln","96","1","9"
"50-59 years","Lincoln","81","3","5"
"60-69 years","Lincoln","85","5","18"
"70-79 years","Lincoln","56","9","14"
"80 & Older years","Lincoln","21","7","9"
"<1 years","Lincoln","4","0","0"
"Unknown years","Lincoln","4","0","0"
"01-04 years","Long","35","0","0"
"05-09 years","Long","62","0","0"
"10-17 years","Long","153","0","0"
"18-29 years","Long","209","0","0"
"30-39 years","Long","202","0","4"
"40-49 years","Long","171","0","7"
"50-59 years","Long","114","1","11"
"60-69 years","Long","88","3","13"
"70-79 years","Long","46","6","14"
"80 & Older years","Long","18","2","7"
"<1 years","Long","10","0","0"
"Unknown years","Long","6","0","0"
"01-04 years","Lowndes","213","0","0"
"05-09 years","Lowndes","296","0","0"
"10-17 years","Lowndes","850","0","8"
"18-29 years","Lowndes","2965","4","34"
"30-39 years","Lowndes","1683","3","28"
"40-49 years","Lowndes","1301","5","52"
"50-59 years","Lowndes","1098","16","73"
"60-69 years","Lowndes","747","33","92"
"70-79 years","Lowndes","427","43","77"
"80 & Older years","Lowndes","239","59","68"
"<1 years","Lowndes","62","0","1"
"Unknown years","Lowndes","12","0","0"
"01-04 years","Lumpkin","25","0","1"
"05-09 years","Lumpkin","79","0","3"
"10-17 years","Lumpkin","251","0","3"
"18-29 years","Lumpkin","892","0","16"
"30-39 years","Lumpkin","464","1","15"
"40-49 years","Lumpkin","452","1","28"
"50-59 years","Lumpkin","513","5","60"
"60-69 years","Lumpkin","457","13","68"
"70-79 years","Lumpkin","316","18","83"
"80 & Older years","Lumpkin","161","36","79"
"<1 years","Lumpkin","10","0","1"
"Unknown years","Lumpkin","34","0","2"
"01-04 years","Macon","14","0","0"
"05-09 years","Macon","20","0","0"
"10-17 years","Macon","35","0","0"
"18-29 years","Macon","139","0","4"
"30-39 years","Macon","107","0","4"
"40-49 years","Macon","127","3","9"
"50-59 years","Macon","144","5","20"
"60-69 years","Macon","90","9","28"
"70-79 years","Macon","59","7","21"
"80 & Older years","Macon","22","9","9"
"<1 years","Macon","4","0","0"
"Unknown years","Macon","4","0","1"
"01-04 years","Madison","64","0","1"
"05-09 years","Madison","90","0","0"
"10-17 years","Madison","337","0","1"
"18-29 years","Madison","644","0","4"
"30-39 years","Madison","518","0","12"
"40-49 years","Madison","518","1","22"
"50-59 years","Madison","515","4","31"
"60-69 years","Madison","402","10","47"
"70-79 years","Madison","240","18","48"
"80 & Older years","Madison","85","14","15"
"<1 years","Madison","26","0","5"
"Unknown years","Madison","5","0","0"
"01-04 years","Marion","10","0","0"
"05-09 years","Marion","18","0","1"
"10-17 years","Marion","67","0","0"
"18-29 years","Marion","97","0","3"
"30-39 years","Marion","67","0","2"
"40-49 years","Marion","88","1","7"
"50-59 years","Marion","80","6","7"
"60-69 years","Marion","61","6","8"
"70-79 years","Marion","35","5","9"
"80 & Older years","Marion","33","6","9"
"<1 years","Marion","5","0","0"
"Unknown years","Marion","6","0","0"
"01-04 years","McDuffie","34","0","0"
"05-09 years","McDuffie","47","0","0"
"10-17 years","McDuffie","158","0","0"
"18-29 years","McDuffie","394","0","7"
"30-39 years","McDuffie","298","2","4"
"40-49 years","McDuffie","294","2","18"
"50-59 years","McDuffie","288","6","36"
"60-69 years","McDuffie","231","11","37"
"70-79 years","McDuffie","134","11","51"
"80 & Older years","McDuffie","64","15","29"
"<1 years","McDuffie","4","0","0"
"Unknown years","McDuffie","18","0","0"
"01-04 years","McIntosh","14","0","0"
"05-09 years","McIntosh","46","0","0"
"10-17 years","McIntosh","170","0","0"
"18-29 years","McIntosh","177","0","4"
"30-39 years","McIntosh","163","0","3"
"40-49 years","McIntosh","168","0","4"
"50-59 years","McIntosh","194","0","8"
"60-69 years","McIntosh","149","2","22"
"70-79 years","McIntosh","87","7","20"
"80 & Older years","McIntosh","32","8","10"
"<1 years","McIntosh","1","0","0"
"Unknown years","McIntosh","18","0","0"
"01-04 years","Meriwether","44","0","2"
"05-09 years","Meriwether","49","0","1"
"10-17 years","Meriwether","129","0","1"
"18-29 years","Meriwether","290","0","10"
"30-39 years","Meriwether","237","2","17"
"40-49 years","Meriwether","281","4","21"
"50-59 years","Meriwether","286","7","28"
"60-69 years","Meriwether","262","14","36"
"70-79 years","Meriwether","204","26","43"
"80 & Older years","Meriwether","106","29","24"
"<1 years","Meriwether","9","0","2"
"Unknown years","Meriwether","2","0","0"
"01-04 years","Miller","16","0","0"
"05-09 years","Miller","24","0","0"
"10-17 years","Miller","119","0","1"
"18-29 years","Miller","150","0","1"
"30-39 years","Miller","132","0","0"
"40-49 years","Miller","111","0","7"
"50-59 years","Miller","156","2","14"
"60-69 years","Miller","113","3","13"
"70-79 years","Miller","36","2","3"
"80 & Older years","Miller","29","2","6"
"<1 years","Miller","4","0","0"
"01-04 years","Mitchell","32","0","1"
"05-09 years","Mitchell","48","0","0"
"10-17 years","Mitchell","136","0","3"
"18-29 years","Mitchell","332","1","12"
"30-39 years","Mitchell","290","1","16"
"40-49 years","Mitchell","280","5","24"
"50-59 years","Mitchell","296","12","60"
"60-69 years","Mitchell","244","15","55"
"70-79 years","Mitchell","151","20","51"
"80 & Older years","Mitchell","98","27","33"
"<1 years","Mitchell","11","0","0"
"Unknown years","Mitchell","1","0","0"
"01-04 years","Monroe","18","0","2"
"05-09 years","Monroe","47","0","1"
"10-17 years","Monroe","163","0","0"
"18-29 years","Monroe","398","1","6"
"30-39 years","Monroe","339","0","10"
"40-49 years","Monroe","362","4","22"
"50-59 years","Monroe","397","4","29"
"60-69 years","Monroe","353","21","60"
"70-79 years","Monroe","197","24","52"
"80 & Older years","Monroe","129","42","41"
"<1 years","Monroe","3","0","1"
"01-04 years","Montgomery","14","0","0"
"05-09 years","Montgomery","16","0","0"
"10-17 years","Montgomery","91","0","1"
"18-29 years","Montgomery","196","0","1"
"30-39 years","Montgomery","142","2","5"
"40-49 years","Montgomery","155","0","2"
"50-59 years","Montgomery","150","4","9"
"60-69 years","Montgomery","119","4","13"
"70-79 years","Montgomery","65","6","12"
"80 & Older years","Montgomery","36","7","7"
"<1 years","Montgomery","1","0","0"
"Unknown years","Montgomery","1","0","0"
"01-04 years","Morgan","31","0","0"
"05-09 years","Morgan","60","0","1"
"10-17 years","Morgan","140","0","1"
"18-29 years","Morgan","273","0","5"
"30-39 years","Morgan","234","0","9"
"40-49 years","Morgan","217","1","7"
"50-59 years","Morgan","227","2","18"
"60-69 years","Morgan","177","6","20"
"70-79 years","Morgan","123","4","21"
"80 & Older years","Morgan","64","11","21"
"<1 years","Morgan","23","0","1"
"Unknown years","Morgan","1","0","0"
"01-04 years","Murray","95","0","2"
"05-09 years","Murray","130","0","2"
"10-17 years","Murray","490","0","2"
"18-29 years","Murray","1044","0","12"
"30-39 years","Murray","743","1","9"
"40-49 years","Murray","868","2","27"
"50-59 years","Murray","747","9","57"
"60-69 years","Murray","500","16","80"
"70-79 years","Murray","308","37","71"
"80 & Older years","Murray","118","22","30"
"<1 years","Murray","29","0","2"
"Unknown years","Murray","2","0","0"
"01-04 years","Muscogee","357","0","8"
"05-09 years","Muscogee","590","0","0"
"10-17 years","Muscogee","1456","0","12"
"18-29 years","Muscogee","4181","6","92"
"30-39 years","Muscogee","3001","2","114"
"40-49 years","Muscogee","2455","10","145"
"50-59 years","Muscogee","2379","55","256"
"60-69 years","Muscogee","1858","96","324"
"70-79 years","Muscogee","1004","114","255"
"80 & Older years","Muscogee","603","171","209"
"<1 years","Muscogee","107","0","7"
"Unknown years","Muscogee","48","0","0"
"01-04 years","Newton","135","0","3"
"05-09 years","Newton","273","0","1"
"10-17 years","Newton","752","0","14"
"18-29 years","Newton","1768","1","70"
"30-39 years","Newton","1524","2","85"
"40-49 years","Newton","1663","9","136"
"50-59 years","Newton","1531","33","163"
"60-69 years","Newton","862","44","139"
"70-79 years","Newton","561","69","129"
"80 & Older years","Newton","331","93","87"
"<1 years","Newton","46","0","8"
"Unknown years","Newton","1","0","0"
"01-04 years","Non-GA Resident/Unknown State","380","0","8"
"05-09 years","Non-GA Resident/Unknown State","623","0","5"
"10-17 years","Non-GA Resident/Unknown State","1685","0","8"
"18-29 years","Non-GA Resident/Unknown State","6721","4","85"
"30-39 years","Non-GA Resident/Unknown State","4861","4","121"
"40-49 years","Non-GA Resident/Unknown State","4083","19","159"
"50-59 years","Non-GA Resident/Unknown State","3899","61","266"
"60-69 years","Non-GA Resident/Unknown State","2815","131","350"
"70-79 years","Non-GA Resident/Unknown State","1799","150","350"
"80 & Older years","Non-GA Resident/Unknown State","986","156","228"
"<1 years","Non-GA Resident/Unknown State","193","0","3"
"Unknown years","Non-GA Resident/Unknown State","859","0","10"
"01-04 years","Oconee","46","0","0"
"05-09 years","Oconee","107","0","0"
"10-17 years","Oconee","442","0","0"
"18-29 years","Oconee","674","1","8"
"30-39 years","Oconee","445","1","5"
"40-49 years","Oconee","695","1","17"
"50-59 years","Oconee","563","5","13"
"60-69 years","Oconee","366","11","38"
"70-79 years","Oconee","204","18","27"
"80 & Older years","Oconee","144","31","43"
"<1 years","Oconee","13","0","0"
"01-04 years","Oglethorpe","23","0","0"
"05-09 years","Oglethorpe","46","0","0"
"10-17 years","Oglethorpe","129","0","2"
"18-29 years","Oglethorpe","251","0","3"
"30-39 years","Oglethorpe","180","2","3"
"40-49 years","Oglethorpe","214","1","10"
"50-59 years","Oglethorpe","203","1","20"
"60-69 years","Oglethorpe","171","1","16"
"70-79 years","Oglethorpe","124","11","18"
"80 & Older years","Oglethorpe","74","15","21"
"<1 years","Oglethorpe","11","0","0"
"01-04 years","Paulding","229","0","2"
"05-09 years","Paulding","504","0","0"
"10-17 years","Paulding","1521","0","7"
"18-29 years","Paulding","2470","1","37"
"30-39 years","Paulding","2169","2","39"
"40-49 years","Paulding","2305","8","62"
"50-59 years","Paulding","2089","21","92"
"60-69 years","Paulding","1096","42","94"
"70-79 years","Paulding","607","44","86"
"80 & Older years","Paulding","351","71","72"
"<1 years","Paulding","56","0","0"
"Unknown years","Paulding","31","0","1"
"01-04 years","Peach","25","0","2"
"05-09 years","Peach","35","0","0"
"10-17 years","Peach","137","0","2"
"18-29 years","Peach","511","2","14"
"30-39 years","Peach","417","0","18"
"40-49 years","Peach","333","4","27"
"50-59 years","Peach","358","11","53"
"60-69 years","Peach","311","14","63"
"70-79 years","Peach","158","17","50"
"80 & Older years","Peach","75","17","32"
"<1 years","Peach","4","0","0"
"01-04 years","Pickens","31","0","2"
"05-09 years","Pickens","59","0","1"
"10-17 years","Pickens","198","0","1"
"18-29 years","Pickens","477","0","7"
"30-39 years","Pickens","395","0","17"
"40-49 years","Pickens","467","0","22"
"50-59 years","Pickens","527","4","37"
"60-69 years","Pickens","417","10","58"
"70-79 years","Pickens","309","23","77"
"80 & Older years","Pickens","132","28","41"
"<1 years","Pickens","4","0","1"
"Unknown years","Pickens","1","0","0"
"01-04 years","Pierce","39","0","0"
"05-09 years","Pierce","55","0","0"
"10-17 years","Pierce","173","1","1"
"18-29 years","Pierce","327","0","7"
"30-39 years","Pierce","236","0","6"
"40-49 years","Pierce","291","2","19"
"50-59 years","Pierce","272","6","29"
"60-69 years","Pierce","202","15","49"
"70-79 years","Pierce","143","19","47"
"80 & Older years","Pierce","58","16","18"
"<1 years","Pierce","15","0","1"
"Unknown years","Pierce","35","0","0"
"01-04 years","Pike","44","0","0"
"05-09 years","Pike","67","0","0"
"10-17 years","Pike","201","0","1"
"18-29 years","Pike","222","1","7"
"30-39 years","Pike","227","0","3"
"40-49 years","Pike","257","2","14"
"50-59 years","Pike","209","5","16"
"60-69 years","Pike","155","7","23"
"70-79 years","Pike","101","9","24"
"80 & Older years","Pike","39","8","10"
"<1 years","Pike","8","0","0"
"Unknown years","Pike","1","0","0"
"01-04 years","Polk","63","0","1"
"05-09 years","Polk","126","0","2"
"10-17 years","Polk","514","0","3"
"18-29 years","Polk","1026","0","19"
"30-39 years","Polk","771","1","21"
"40-49 years","Polk","727","3","43"
"50-59 years","Polk","730","13","92"
"60-69 years","Polk","477","19","82"
"70-79 years","Polk","361","27","99"
"80 & Older years","Polk","165","28","58"
"<1 years","Polk","37","0","1"
"Unknown years","Polk","27","0","0"
"01-04 years","Pulaski","10","0","0"
"05-09 years","Pulaski","19","0","0"
"10-17 years","Pulaski","70","0","1"
"18-29 years","Pulaski","117","0","2"
"30-39 years","Pulaski","114","0","2"
"40-49 years","Pulaski","109","0","10"
"50-59 years","Pulaski","119","0","6"
"60-69 years","Pulaski","100","9","13"
"70-79 years","Pulaski","48","13","16"
"80 & Older years","Pulaski","41","12","7"
"<1 years","Pulaski","3","0","0"
"01-04 years","Putnam","35","0","0"
"05-09 years","Putnam","63","0","1"
"10-17 years","Putnam","195","0","2"
"18-29 years","Putnam","371","0","4"
"30-39 years","Putnam","319","0","7"
"40-49 years","Putnam","281","2","13"
"50-59 years","Putnam","377","2","27"
"60-69 years","Putnam","322","15","38"
"70-79 years","Putnam","240","23","58"
"80 & Older years","Putnam","95","22","38"
"<1 years","Putnam","7","0","1"
"01-04 years","Quitman","1","0","0"
"05-09 years","Quitman","5","0","0"
"10-17 years","Quitman","10","0","0"
"18-29 years","Quitman","16","0","1"
"30-39 years","Quitman","8","0","1"
"40-49 years","Quitman","4","0","1"
"50-59 years","Quitman","17","0","1"
"60-69 years","Quitman","27","1","6"
"70-79 years","Quitman","4","0","1"
"80 & Older years","Quitman","8","1","2"
"<1 years","Quitman","2","0","0"
"Unknown years","Quitman","2","0","0"
"01-04 years","Rabun","21","0","0"
"05-09 years","Rabun","36","0","0"
"10-17 years","Rabun","148","0","1"
"18-29 years","Rabun","258","0","7"
"30-39 years","Rabun","217","1","12"
"40-49 years","Rabun","236","0","12"
"50-59 years","Rabun","272","3","30"
"60-69 years","Rabun","264","10","37"
"70-79 years","Rabun","201","12","43"
"80 & Older years","Rabun","87","19","33"
"<1 years","Rabun","6","0","1"
"Unknown years","Rabun","14","0","0"
"01-04 years","Randolph","3","0","0"
"05-09 years","Randolph","8","0","0"
"10-17 years","Randolph","17","0","2"
"18-29 years","Randolph","75","0","3"
"30-39 years","Randolph","81","2","8"
"40-49 years","Randolph","68","0","7"
"50-59 years","Randolph","103","4","21"
"60-69 years","Randolph","79","9","17"
"70-79 years","Randolph","52","4","17"
"80 & Older years","Randolph","48","15","16"
"<1 years","Randolph","1","0","0"
"Unknown years","Randolph","3","0","0"
"01-04 years","Richmond","406","0","1"
"05-09 years","Richmond","814","0","4"
"10-17 years","Richmond","1999","0","19"
"18-29 years","Richmond","5477","9","77"
"30-39 years","Richmond","4083","8","104"
"40-49 years","Richmond","3194","19","139"
"50-59 years","Richmond","3042","44","251"
"60-69 years","Richmond","2251","88","310"
"70-79 years","Richmond","1198","119","330"
"80 & Older years","Richmond","720","167","286"
"<1 years","Richmond","107","0","4"
"Unknown years","Richmond","31","0","1"
"01-04 years","Rockdale","103","0","6"
"05-09 years","Rockdale","211","0","4"
"10-17 years","Rockdale","581","0","16"
"18-29 years","Rockdale","1480","2","95"
"30-39 years","Rockdale","1229","3","130"
"40-49 years","Rockdale","1288","7","143"
"50-59 years","Rockdale","1249","17","212"
"60-69 years","Rockdale","750","34","187"
"70-79 years","Rockdale","432","54","172"
"80 & Older years","Rockdale","235","53","115"
"<1 years","Rockdale","21","0","2"
"Unknown years","Rockdale","5","0","0"
"01-04 years","Schley","9","0","0"
"05-09 years","Schley","7","0","0"
"10-17 years","Schley","26","0","0"
"18-29 years","Schley","57","0","2"
"30-39 years","Schley","31","0","0"
"40-49 years","Schley","48","0","5"
"50-59 years","Schley","39","0","6"
"60-69 years","Schley","31","1","8"
"70-79 years","Schley","15","2","4"
"80 & Older years","Schley","7","2","2"
"<1 years","Schley","1","0","0"
"Unknown years","Schley","5","0","0"
"01-04 years","Screven","21","0","1"
"05-09 years","Screven","34","0","0"
"10-17 years","Screven","148","0","1"
"18-29 years","Screven","192","0","3"
"30-39 years","Screven","178","0","4"
"40-49 years","Screven","147","2","8"
"50-59 years","Screven","142","2","16"
"60-69 years","Screven","155","3","18"
"70-79 years","Screven","93","8","20"
"80 & Older years","Screven","38","8","11"
"<1 years","Screven","8","0","0"
"Unknown years","Screven","3","0","0"
"01-04 years","Seminole","21","0","0"
"05-09 years","Seminole","38","0","0"
"10-17 years","Seminole","135","0","0"
"18-29 years","Seminole","174","0","1"
"30-39 years","Seminole","141","0","4"
"40-49 years","Seminole","138","0","9"
"50-59 years","Seminole","153","1","6"
"60-69 years","Seminole","167","5","32"
"70-79 years","Seminole","81","6","17"
"80 & Older years","Seminole","39","7","17"
"<1 years","Seminole","4","0","0"
"01-04 years","Spalding","116","0","4"
"05-09 years","Spalding","160","0","1"
"10-17 years","Spalding","416","0","6"
"18-29 years","Spalding","964","1","38"
"30-39 years","Spalding","841","3","41"
"40-49 years","Spalding","817","5","66"
"50-59 years","Spalding","838","20","99"
"60-69 years","Spalding","621","41","111"
"70-79 years","Spalding","439","53","106"
"80 & Older years","Spalding","258","55","73"
"<1 years","Spalding","27","0","0"
"Unknown years","Spalding","20","0","1"
"01-04 years","Stephens","29","0","2"
"05-09 years","Stephens","61","0","1"
"10-17 years","Stephens","295","0","4"
"18-29 years","Stephens","651","1","18"
"30-39 years","Stephens","410","0","8"
"40-49 years","Stephens","507","1","25"
"50-59 years","Stephens","537","5","43"
"60-69 years","Stephens","501","23","70"
"70-79 years","Stephens","346","23","73"
"80 & Older years","Stephens","174","27","41"
"<1 years","Stephens","5","0","0"
"Unknown years","Stephens","18","0","0"
"01-04 years","Stewart","6","0","1"
"05-09 years","Stewart","5","0","0"
"10-17 years","Stewart","19","0","0"
"18-29 years","Stewart","292","0","22"
"30-39 years","Stewart","307","1","26"
"40-49 years","Stewart","198","2","23"
"50-59 years","Stewart","110","2","16"
"60-69 years","Stewart","75","13","29"
"70-79 years","Stewart","27","3","6"
"80 & Older years","Stewart","22","5","7"
"<1 years","Stewart","1","0","0"
"Unknown years","Stewart","19","0","4"
"01-04 years","Sumter","52","0","0"
"05-09 years","Sumter","81","0","0"
"10-17 years","Sumter","170","0","4"
"18-29 years","Sumter","445","1","12"
"30-39 years","Sumter","337","1","28"
"40-49 years","Sumter","330","5","29"
"50-59 years","Sumter","347","4","47"
"60-69 years","Sumter","287","28","75"
"70-79 years","Sumter","185","30","55"
"80 & Older years","Sumter","122","31","50"
"<1 years","Sumter","25","0","0"
"Unknown years","Sumter","14","0","0"
"01-04 years","Talbot","13","0","0"
"05-09 years","Talbot","19","0","0"
"10-17 years","Talbot","43","0","0"
"18-29 years","Talbot","77","0","2"
"30-39 years","Talbot","47","0","3"
"40-49 years","Talbot","76","1","4"
"50-59 years","Talbot","85","5","8"
"60-69 years","Talbot","69","5","17"
"70-79 years","Talbot","39","6","7"
"80 & Older years","Talbot","22","4","10"
"<1 years","Talbot","1","0","0"
"Unknown years","Talbot","3","0","0"
"01-04 years","Taliaferro","2","0","0"
"05-09 years","Taliaferro","1","0","0"
"10-17 years","Taliaferro","11","0","0"
"18-29 years","Taliaferro","19","0","0"
"30-39 years","Taliaferro","18","0","0"
"40-49 years","Taliaferro","22","0","2"
"50-59 years","Taliaferro","12","0","0"
"60-69 years","Taliaferro","22","1","3"
"70-79 years","Taliaferro","10","1","3"
"80 & Older years","Taliaferro","4","1","2"
"01-04 years","Tattnall","55","0","0"
"05-09 years","Tattnall","76","0","1"
"10-17 years","Tattnall","252","0","2"
"18-29 years","Tattnall","424","1","3"
"30-39 years","Tattnall","388","2","8"
"40-49 years","Tattnall","378","0","9"
"50-59 years","Tattnall","389","9","24"
"60-69 years","Tattnall","281","17","39"
"70-79 years","Tattnall","154","24","42"
"80 & Older years","Tattnall","59","6","10"
"<1 years","Tattnall","18","0","1"
"Unknown years","Tattnall","1","0","0"
"01-04 years","Taylor","16","0","1"
"05-09 years","Taylor","20","0","0"
"10-17 years","Taylor","63","0","1"
"18-29 years","Taylor","110","0","4"
"30-39 years","Taylor","70","0","4"
"40-49 years","Taylor","113","1","11"
"50-59 years","Taylor","94","2","18"
"60-69 years","Taylor","75","6","19"
"70-79 years","Taylor","39","6","14"
"80 & Older years","Taylor","27","8","9"
"<1 years","Taylor","5","0","0"
"Unknown years","Taylor","18","0","0"
"01-04 years","Telfair","14","0","0"
"05-09 years","Telfair","23","0","0"
"10-17 years","Telfair","46","0","1"
"18-29 years","Telfair","172","0","3"
"30-39 years","Telfair","123","1","4"
"40-49 years","Telfair","130","2","7"
"50-59 years","Telfair","131","5","12"
"60-69 years","Telfair","111","10","19"
"70-79 years","Telfair","73","14","20"
"80 & Older years","Telfair","45","16","13"
"<1 years","Telfair","6","0","0"
"Unknown years","Telfair","2","0","0"
"01-04 years","Terrell","14","0","0"
"05-09 years","Terrell","17","0","0"
"10-17 years","Terrell","53","0","0"
"18-29 years","Terrell","97","0","6"
"30-39 years","Terrell","98","0","11"
"40-49 years","Terrell","76","0","9"
"50-59 years","Terrell","120","4","19"
"60-69 years","Terrell","106","13","39"
"70-79 years","Terrell","66","18","29"
"80 & Older years","Terrell","42","14","16"
"<1 years","Terrell","1","0","0"
"01-04 years","Thomas","121","0","2"
"05-09 years","Thomas","218","0","0"
"10-17 years","Thomas","593","0","3"
"18-29 years","Thomas","868","2","33"
"30-39 years","Thomas","711","4","25"
"40-49 years","Thomas","709","6","40"
"50-59 years","Thomas","740","16","66"
"60-69 years","Thomas","562","17","105"
"70-79 years","Thomas","334","38","84"
"80 & Older years","Thomas","197","49","63"
"<1 years","Thomas","33","0","2"
"Unknown years","Thomas","2","0","0"
"01-04 years","Tift","83","0","5"
"05-09 years","Tift","141","0","4"
"10-17 years","Tift","398","0","9"
"18-29 years","Tift","983","0","25"
"30-39 years","Tift","730","1","31"
"40-49 years","Tift","676","8","65"
"50-59 years","Tift","572","10","79"
"60-69 years","Tift","439","21","82"
"70-79 years","Tift","288","31","96"
"80 & Older years","Tift","162","37","63"
"<1 years","Tift","27","0","1"
"Unknown years","Tift","12","0","0"
"01-04 years","Toombs","49","0","0"
"05-09 years","Toombs","102","0","0"
"10-17 years","Toombs","317","0","2"
"18-29 years","Toombs","765","1","7"
"30-39 years","Toombs","588","0","7"
"40-49 years","Toombs","573","3","30"
"50-59 years","Toombs","564","9","36"
"60-69 years","Toombs","491","21","61"
"70-79 years","Toombs","314","37","51"
"80 & Older years","Toombs","181","44","37"
"<1 years","Toombs","18","0","0"
"Unknown years","Toombs","9","0","0"
"01-04 years","Towns","7","0","0"
"05-09 years","Towns","14","0","0"
"10-17 years","Towns","61","0","1"
"18-29 years","Towns","171","0","4"
"30-39 years","Towns","118","1","4"
"40-49 years","Towns","138","2","6"
"50-59 years","Towns","226","2","24"
"60-69 years","Towns","279","4","24"
"70-79 years","Towns","203","12","45"
"80 & Older years","Towns","151","31","60"
"<1 years","Towns","1","0","0"
"Unknown years","Towns","2","0","0"
"01-04 years","Treutlen","9","0","0"
"05-09 years","Treutlen","24","0","1"
"10-17 years","Treutlen","67","0","0"
"18-29 years","Treutlen","141","0","2"
"30-39 years","Treutlen","128","0","5"
"40-49 years","Treutlen","125","2","5"
"50-59 years","Treutlen","124","1","9"
"60-69 years","Treutlen","80","6","15"
"70-79 years","Treutlen","62","14","12"
"80 & Older years","Treutlen","36","10","9"
"<1 years","Treutlen","1","0","0"
"01-04 years","Troup","192","0","3"
"05-09 years","Troup","311","0","1"
"10-17 years","Troup","765","0","8"
"18-29 years","Troup","1564","2","33"
"30-39 years","Troup","1193","7","51"
"40-49 years","Troup","1036","8","65"
"50-59 years","Troup","1018","20","127"
"60-69 years","Troup","769","43","120"
"70-79 years","Troup","418","54","113"
"80 & Older years","Troup","282","82","77"
"<1 years","Troup","63","0","1"
"Unknown years","Troup","5","0","0"
"01-04 years","Turner","10","0","0"
"05-09 years","Turner","16","0","2"
"10-17 years","Turner","29","0","0"
"18-29 years","Turner","115","0","2"
"30-39 years","Turner","120","0","12"
"40-49 years","Turner","127","0","7"
"50-59 years","Turner","112","2","15"
"60-69 years","Turner","96","9","29"
"70-79 years","Turner","60","9","14"
"80 & Older years","Turner","37","16","15"
"<1 years","Turner","3","0","1"
"Unknown years","Turner","1","0","0"
"01-04 years","Twiggs","14","0","0"
"05-09 years","Twiggs","11","0","1"
"10-17 years","Twiggs","47","0","1"
"18-29 years","Twiggs","97","0","2"
"30-39 years","Twiggs","82","1","4"
"40-49 years","Twiggs","84","1","9"
"50-59 years","Twiggs","119","3","20"
"60-69 years","Twiggs","113","11","38"
"70-79 years","Twiggs","70","11","27"
"80 & Older years","Twiggs","28","14","18"
"<1 years","Twiggs","1","0","0"
"01-04 years","Union","18","0","1"
"05-09 years","Union","51","0","0"
"10-17 years","Union","146","0","2"
"18-29 years","Union","320","1","2"
"30-39 years","Union","300","0","4"
"40-49 years","Union","287","1","15"
"50-59 years","Union","377","5","30"
"60-69 years","Union","475","8","66"
"70-79 years","Union","414","24","81"
"80 & Older years","Union","241","44","77"
"<1 years","Union","1","0","0"
"Unknown years","Union","13","0","1"
"01-04 years","Unknown","34","0","1"
"05-09 years","Unknown","72","0","0"
"10-17 years","Unknown","244","0","0"
"18-29 years","Unknown","831","1","6"
"30-39 years","Unknown","434","0","9"
"40-49 years","Unknown","389","1","4"
"50-59 years","Unknown","352","2","8"
"60-69 years","Unknown","176","1","14"
"70-79 years","Unknown","123","1","11"
"80 & Older years","Unknown","48","0","7"
"<1 years","Unknown","32","0","0"
"Unknown years","Unknown","94","0","3"
"01-04 years","Upson","63","0","1"
"05-09 years","Upson","89","0","0"
"10-17 years","Upson","258","0","2"
"18-29 years","Upson","405","0","8"
"30-39 years","Upson","288","2","10"
"40-49 years","Upson","310","1","15"
"50-59 years","Upson","305","8","33"
"60-69 years","Upson","286","24","49"
"70-79 years","Upson","199","36","58"
"80 & Older years","Upson","118","42","42"
"<1 years","Upson","27","0","1"
"Unknown years","Upson","4","0","0"
"01-04 years","Walker","131","0","1"
"05-09 years","Walker","263","0","1"
"10-17 years","Walker","791","0","4"
"18-29 years","Walker","1429","0","20"
"30-39 years","Walker","1135","1","20"
"40-49 years","Walker","1282","4","36"
"50-59 years","Walker","1093","5","45"
"60-69 years","Walker","892","18","76"
"70-79 years","Walker","560","28","67"
"80 & Older years","Walker","271","28","41"
"<1 years","Walker","51","0","2"
"Unknown years","Walker","114","0","2"
"01-04 years","Walton","117","0","1"
"05-09 years","Walton","247","0","4"
"10-17 years","Walton","820","0","8"
"18-29 years","Walton","1645","2","39"
"30-39 years","Walton","1433","0","36"
"40-49 years","Walton","1545","3","64"
"50-59 years","Walton","1506","18","114"
"60-69 years","Walton","1034","36","119"
"70-79 years","Walton","738","79","132"
"80 & Older years","Walton","430","110","96"
"<1 years","Walton","41","0","2"
"Unknown years","Walton","12","0","0"
"01-04 years","Ware","97","0","1"
"05-09 years","Ware","130","0","0"
"10-17 years","Ware","359","0","4"
"18-29 years","Ware","758","1","11"
"30-39 years","Ware","605","2","27"
"40-49 years","Ware","537","3","38"
"50-59 years","Ware","521","22","92"
"60-69 years","Ware","400","31","84"
"70-79 years","Ware","302","45","109"
"80 & Older years","Ware","228","67","68"
"<1 years","Ware","32","0","2"
"Unknown years","Ware","2","0","0"
"01-04 years","Warren","7","0","0"
"05-09 years","Warren","7","0","0"
"10-17 years","Warren","31","0","0"
"18-29 years","Warren","85","0","3"
"30-39 years","Warren","59","0","5"
"40-49 years","Warren","66","2","6"
"50-59 years","Warren","75","2","8"
"60-69 years","Warren","50","3","9"
"70-79 years","Warren","40","6","15"
"80 & Older years","Warren","20","4","8"
"<1 years","Warren","4","0","1"
"Unknown years","Warren","4","0","0"
"01-04 years","Washington","41","0","0"
"05-09 years","Washington","59","0","0"
"10-17 years","Washington","204","0","3"
"18-29 years","Washington","330","0","8"
"30-39 years","Washington","306","0","12"
"40-49 years","Washington","310","4","14"
"50-59 years","Washington","284","6","16"
"60-69 years","Washington","251","15","32"
"70-79 years","Washington","130","10","23"
"80 & Older years","Washington","81","26","15"
"<1 years","Washington","17","0","0"
"Unknown years","Washington","3","0","0"
"01-04 years","Wayne","52","0","1"
"05-09 years","Wayne","95","0","0"
"10-17 years","Wayne","340","0","1"
"18-29 years","Wayne","634","1","13"
"30-39 years","Wayne","605","2","18"
"40-49 years","Wayne","658","2","46"
"50-59 years","Wayne","579","12","49"
"60-69 years","Wayne","436","21","82"
"70-79 years","Wayne","318","26","84"
"80 & Older years","Wayne","140","27","31"
"<1 years","Wayne","9","0","1"
"Unknown years","Wayne","2","0","0"
"10-17 years","Webster","6","0","0"
"18-29 years","Webster","27","0","1"
"30-39 years","Webster","12","0","1"
"40-49 years","Webster","22","0","2"
"50-59 years","Webster","23","2","6"
"60-69 years","Webster","24","1","4"
"70-79 years","Webster","8","0","2"
"80 & Older years","Webster","4","1","1"
"Unknown years","Webster","3","0","0"
"01-04 years","Wheeler","3","0","0"
"05-09 years","Wheeler","8","0","1"
"10-17 years","Wheeler","33","0","0"
"18-29 years","Wheeler","77","0","0"
"30-39 years","Wheeler","95","2","3"
"40-49 years","Wheeler","95","1","3"
"50-59 years","Wheeler","108","7","12"
"60-69 years","Wheeler","63","4","8"
"70-79 years","Wheeler","45","5","12"
"80 & Older years","Wheeler","9","3","1"
"<1 years","Wheeler","2","0","0"
"Unknown years","Wheeler","23","0","1"
"01-04 years","White","31","0","1"
"05-09 years","White","94","0","1"
"10-17 years","White","357","0","2"
"18-29 years","White","573","1","11"
"30-39 years","White","456","1","10"
"40-49 years","White","528","2","21"
"50-59 years","White","582","6","58"
"60-69 years","White","528","13","72"
"70-79 years","White","397","17","95"
"80 & Older years","White","210","37","78"
"<1 years","White","7","0","0"
"Unknown years","White","22","0","0"
"01-04 years","Whitfield","258","0","3"
"05-09 years","Whitfield","536","0","3"
"10-17 years","Whitfield","1678","0","7"
"18-29 years","Whitfield","3963","2","55"
"30-39 years","Whitfield","2710","5","70"
"40-49 years","Whitfield","2740","6","86"
"50-59 years","Whitfield","2445","32","151"
"60-69 years","Whitfield","1432","42","174"
"70-79 years","Whitfield","805","59","159"
"80 & Older years","Whitfield","455","100","128"
"<1 years","Whitfield","81","0","5"
"Unknown years","Whitfield","3","0","0"
"01-04 years","Wilcox","16","0","1"
"05-09 years","Wilcox","24","0","0"
"10-17 years","Wilcox","46","0","0"
"18-29 years","Wilcox","62","0","1"
"30-39 years","Wilcox","63","0","1"
"40-49 years","Wilcox","81","0","12"
"50-59 years","Wilcox","95","2","16"
"60-69 years","Wilcox","100","10","27"
"70-79 years","Wilcox","57","11","11"
"80 & Older years","Wilcox","27","8","8"
"<1 years","Wilcox","5","0","0"
"01-04 years","Wilkes","9","0","0"
"05-09 years","Wilkes","19","0","0"
"10-17 years","Wilkes","62","0","0"
"18-29 years","Wilkes","137","0","1"
"30-39 years","Wilkes","95","0","5"
"40-49 years","Wilkes","124","1","13"
"50-59 years","Wilkes","113","2","8"
"60-69 years","Wilkes","93","4","19"
"70-79 years","Wilkes","69","8","22"
"80 & Older years","Wilkes","36","8","16"
"<1 years","Wilkes","3","0","0"
"Unknown years","Wilkes","1","0","0"
"01-04 years","Wilkinson","15","0","0"
"05-09 years","Wilkinson","22","0","0"
"10-17 years","Wilkinson","77","0","1"
"18-29 years","Wilkinson","152","0","3"
"30-39 years","Wilkinson","132","0","8"
"40-49 years","Wilkinson","124","0","7"
"50-59 years","Wilkinson","184","4","28"
"60-69 years","Wilkinson","161","12","43"
"70-79 years","Wilkinson","68","6","22"
"80 & Older years","Wilkinson","44","5","18"
"<1 years","Wilkinson","5","0","0"
"Unknown years","Wilkinson","2","0","0"
"01-04 years","Worth","27","0","0"
"05-09 years","Worth","41","0","0"
"10-17 years","Worth","147","0","3"
"18-29 years","Worth","257","0","12"
"30-39 years","Worth","206","0","15"
"40-49 years","Worth","207","1","22"
"50-59 years","Worth","236","7","35"
"60-69 years","Worth","221","19","57"
"70-79 years","Worth","134","18","38"
"80 & Older years","Worth","79","20","27"
"<1 years","Worth","6","0","0"
"Unknown years","Worth","1","0","0"
