"age group","county name","cases","deaths","hospitalization"
"01-04 years","Georgia","4614","1","98"
"05-09 years","Georgia","6911","1","68"
"10-17 years","Georgia","24908","5","309"
"18-29 years","Georgia","98731","62","2266"
"30-39 years","Georgia","65086","140","2988"
"40-49 years","Georgia","62127","330","4282"
"50-59 years","Georgia","57708","806","6065"
"60-69 years","Georgia","38942","1720","6908"
"70-79 years","Georgia","22641","2365","6034"
"80 & Older years","Georgia","14255","3161","4741"
"<1 years","Georgia","1400","0","82"
"Unknown years","Georgia","2087","0","56"
"01-04 years","Appling","15","0","0"
"05-09 years","Appling","35","0","0"
"10-17 years","Appling","99","0","1"
"18-29 years","Appling","229","1","4"
"30-39 years","Appling","178","1","5"
"40-49 years","Appling","171","2","13"
"50-59 years","Appling","189","6","17"
"60-69 years","Appling","153","8","30"
"70-79 years","Appling","102","11","22"
"80 & Older years","Appling","42","10","14"
"<1 years","Appling","3","0","0"
"Unknown years","Appling","2","0","0"
"01-04 years","Atkinson","3","0","1"
"05-09 years","Atkinson","11","0","1"
"10-17 years","Atkinson","24","0","0"
"18-29 years","Atkinson","113","0","7"
"30-39 years","Atkinson","87","0","6"
"40-49 years","Atkinson","89","0","11"
"50-59 years","Atkinson","86","1","15"
"60-69 years","Atkinson","55","4","15"
"70-79 years","Atkinson","30","2","8"
"80 & Older years","Atkinson","9","2","6"
"<1 years","Atkinson","2","0","0"
"Unknown years","Atkinson","2","0","0"
"01-04 years","Bacon","11","0","0"
"05-09 years","Bacon","13","0","0"
"10-17 years","Bacon","42","0","0"
"18-29 years","Bacon","169","0","1"
"30-39 years","Bacon","85","0","3"
"40-49 years","Bacon","112","1","7"
"50-59 years","Bacon","100","2","13"
"60-69 years","Bacon","62","7","14"
"70-79 years","Bacon","39","4","8"
"80 & Older years","Bacon","21","5","6"
"<1 years","Bacon","4","0","0"
"Unknown years","Bacon","1","0","0"
"01-04 years","Baker","4","0","0"
"05-09 years","Baker","4","0","0"
"10-17 years","Baker","5","0","0"
"18-29 years","Baker","16","0","0"
"30-39 years","Baker","11","0","2"
"40-49 years","Baker","10","0","1"
"50-59 years","Baker","15","0","1"
"60-69 years","Baker","19","2","6"
"70-79 years","Baker","13","2","8"
"80 & Older years","Baker","6","2","3"
"01-04 years","Baldwin","13","0","0"
"05-09 years","Baldwin","28","0","0"
"10-17 years","Baldwin","94","0","2"
"18-29 years","Baldwin","974","0","11"
"30-39 years","Baldwin","268","1","10"
"40-49 years","Baldwin","290","2","24"
"50-59 years","Baldwin","299","8","35"
"60-69 years","Baldwin","246","14","41"
"70-79 years","Baldwin","146","18","32"
"80 & Older years","Baldwin","98","25","22"
"<1 years","Baldwin","5","0","0"
"Unknown years","Baldwin","1","0","0"
"01-04 years","Banks","5","0","0"
"05-09 years","Banks","8","0","0"
"10-17 years","Banks","50","0","0"
"18-29 years","Banks","119","0","3"
"30-39 years","Banks","85","0","1"
"40-49 years","Banks","95","0","10"
"50-59 years","Banks","99","0","10"
"60-69 years","Banks","95","3","17"
"70-79 years","Banks","64","4","26"
"80 & Older years","Banks","50","4","18"
"<1 years","Banks","2","0","0"
"Unknown years","Banks","13","0","1"
"01-04 years","Barrow","33","0","0"
"05-09 years","Barrow","53","0","0"
"10-17 years","Barrow","190","0","2"
"18-29 years","Barrow","671","1","25"
"30-39 years","Barrow","509","0","26"
"40-49 years","Barrow","529","3","40"
"50-59 years","Barrow","426","2","49"
"60-69 years","Barrow","285","11","62"
"70-79 years","Barrow","166","14","45"
"80 & Older years","Barrow","102","25","43"
"<1 years","Barrow","12","0","2"
"Unknown years","Barrow","11","0","0"
"01-04 years","Bartow","33","0","1"
"05-09 years","Bartow","71","0","1"
"10-17 years","Bartow","354","0","2"
"18-29 years","Bartow","846","0","9"
"30-39 years","Bartow","663","2","24"
"40-49 years","Bartow","664","0","35"
"50-59 years","Bartow","690","7","71"
"60-69 years","Bartow","407","16","73"
"70-79 years","Bartow","278","30","74"
"80 & Older years","Bartow","182","44","63"
"<1 years","Bartow","15","0","1"
"Unknown years","Bartow","14","0","3"
"01-04 years","Ben Hill","21","0","1"
"05-09 years","Ben Hill","16","0","0"
"10-17 years","Ben Hill","58","0","0"
"18-29 years","Ben Hill","149","0","4"
"30-39 years","Ben Hill","148","2","5"
"40-49 years","Ben Hill","115","0","5"
"50-59 years","Ben Hill","145","2","20"
"60-69 years","Ben Hill","135","9","19"
"70-79 years","Ben Hill","93","14","33"
"80 & Older years","Ben Hill","34","8","8"
"<1 years","Ben Hill","2","0","0"
"Unknown years","Ben Hill","4","0","0"
"01-04 years","Berrien","10","0","0"
"05-09 years","Berrien","10","0","0"
"10-17 years","Berrien","31","0","0"
"18-29 years","Berrien","107","0","0"
"30-39 years","Berrien","87","0","0"
"40-49 years","Berrien","74","0","1"
"50-59 years","Berrien","82","1","11"
"60-69 years","Berrien","59","3","6"
"70-79 years","Berrien","39","5","4"
"80 & Older years","Berrien","30","8","6"
"<1 years","Berrien","1","0","0"
"Unknown years","Berrien","7","0","0"
"01-04 years","Bibb","82","0","2"
"05-09 years","Bibb","110","0","0"
"10-17 years","Bibb","318","0","6"
"18-29 years","Bibb","1682","1","54"
"30-39 years","Bibb","1158","4","64"
"40-49 years","Bibb","1109","10","121"
"50-59 years","Bibb","1010","12","144"
"60-69 years","Bibb","830","46","229"
"70-79 years","Bibb","478","61","167"
"80 & Older years","Bibb","317","83","143"
"<1 years","Bibb","27","0","4"
"Unknown years","Bibb","7","0","0"
"01-04 years","Bleckley","2","0","0"
"05-09 years","Bleckley","5","0","0"
"10-17 years","Bleckley","37","0","0"
"18-29 years","Bleckley","142","0","3"
"30-39 years","Bleckley","58","0","1"
"40-49 years","Bleckley","66","1","1"
"50-59 years","Bleckley","70","2","3"
"60-69 years","Bleckley","52","7","9"
"70-79 years","Bleckley","47","2","10"
"80 & Older years","Bleckley","58","17","9"
"<1 years","Bleckley","1","0","0"
"01-04 years","Brantley","10","0","0"
"05-09 years","Brantley","5","0","0"
"10-17 years","Brantley","45","0","1"
"18-29 years","Brantley","97","0","1"
"30-39 years","Brantley","65","0","3"
"40-49 years","Brantley","75","0","4"
"50-59 years","Brantley","85","1","10"
"60-69 years","Brantley","65","3","8"
"70-79 years","Brantley","38","6","10"
"80 & Older years","Brantley","29","5","7"
"<1 years","Brantley","1","0","0"
"01-04 years","Brooks","13","0","0"
"05-09 years","Brooks","10","0","0"
"10-17 years","Brooks","47","0","0"
"18-29 years","Brooks","110","0","0"
"30-39 years","Brooks","81","0","2"
"40-49 years","Brooks","66","0","8"
"50-59 years","Brooks","85","2","14"
"60-69 years","Brooks","62","6","11"
"70-79 years","Brooks","53","9","16"
"80 & Older years","Brooks","35","9","5"
"<1 years","Brooks","2","0","0"
"01-04 years","Bryan","23","0","0"
"05-09 years","Bryan","26","0","0"
"10-17 years","Bryan","97","0","0"
"18-29 years","Bryan","290","0","8"
"30-39 years","Bryan","244","1","7"
"40-49 years","Bryan","245","0","11"
"50-59 years","Bryan","200","3","18"
"60-69 years","Bryan","131","4","21"
"70-79 years","Bryan","82","5","25"
"80 & Older years","Bryan","43","3","10"
"<1 years","Bryan","5","0","0"
"Unknown years","Bryan","3","0","0"
"01-04 years","Bulloch","37","0","0"
"05-09 years","Bulloch","45","0","0"
"10-17 years","Bulloch","166","0","2"
"18-29 years","Bulloch","1680","0","7"
"30-39 years","Bulloch","361","2","18"
"40-49 years","Bulloch","295","2","20"
"50-59 years","Bulloch","283","1","22"
"60-69 years","Bulloch","189","12","33"
"70-79 years","Bulloch","99","10","26"
"80 & Older years","Bulloch","68","8","21"
"<1 years","Bulloch","14","0","1"
"Unknown years","Bulloch","8","0","0"
"01-04 years","Burke","13","0","0"
"05-09 years","Burke","28","0","0"
"10-17 years","Burke","67","0","1"
"18-29 years","Burke","198","0","4"
"30-39 years","Burke","151","0","4"
"40-49 years","Burke","155","1","7"
"50-59 years","Burke","153","1","22"
"60-69 years","Burke","114","4","26"
"70-79 years","Burke","69","2","19"
"80 & Older years","Burke","21","4","9"
"<1 years","Burke","4","0","0"
"Unknown years","Burke","2","0","0"
"01-04 years","Butts","7","0","0"
"05-09 years","Butts","10","0","0"
"10-17 years","Butts","43","0","1"
"18-29 years","Butts","144","0","2"
"30-39 years","Butts","146","0","7"
"40-49 years","Butts","128","2","9"
"50-59 years","Butts","122","3","14"
"60-69 years","Butts","99","7","15"
"70-79 years","Butts","64","11","8"
"80 & Older years","Butts","73","22","4"
"<1 years","Butts","3","0","0"
"Unknown years","Butts","3","0","0"
"01-04 years","Calhoun","1","0","0"
"10-17 years","Calhoun","10","0","0"
"18-29 years","Calhoun","36","0","4"
"30-39 years","Calhoun","41","2","5"
"40-49 years","Calhoun","58","1","6"
"50-59 years","Calhoun","48","2","9"
"60-69 years","Calhoun","46","2","15"
"70-79 years","Calhoun","17","2","6"
"80 & Older years","Calhoun","10","2","5"
"<1 years","Calhoun","1","0","0"
"01-04 years","Camden","23","0","0"
"05-09 years","Camden","18","0","0"
"10-17 years","Camden","97","0","0"
"18-29 years","Camden","433","0","4"
"30-39 years","Camden","264","0","10"
"40-49 years","Camden","217","1","10"
"50-59 years","Camden","253","1","12"
"60-69 years","Camden","170","5","15"
"70-79 years","Camden","87","0","13"
"80 & Older years","Camden","56","11","16"
"<1 years","Camden","7","0","1"
"Unknown years","Camden","6","0","0"
"01-04 years","Candler","8","0","0"
"05-09 years","Candler","9","0","0"
"10-17 years","Candler","46","0","0"
"18-29 years","Candler","101","0","0"
"30-39 years","Candler","78","0","3"
"40-49 years","Candler","92","2","1"
"50-59 years","Candler","98","5","8"
"60-69 years","Candler","72","6","13"
"70-79 years","Candler","43","10","13"
"80 & Older years","Candler","18","3","8"
"<1 years","Candler","2","0","0"
"Unknown years","Candler","1","0","0"
"01-04 years","Carroll","49","0","1"
"05-09 years","Carroll","56","0","1"
"10-17 years","Carroll","289","0","3"
"18-29 years","Carroll","1003","0","8"
"30-39 years","Carroll","549","4","16"
"40-49 years","Carroll","553","3","19"
"50-59 years","Carroll","555","9","43"
"60-69 years","Carroll","394","14","50"
"70-79 years","Carroll","233","25","45"
"80 & Older years","Carroll","162","26","30"
"<1 years","Carroll","16","0","0"
"Unknown years","Carroll","27","0","0"
"01-04 years","Catoosa","29","0","0"
"05-09 years","Catoosa","31","0","0"
"10-17 years","Catoosa","161","0","0"
"18-29 years","Catoosa","345","0","5"
"30-39 years","Catoosa","265","0","3"
"40-49 years","Catoosa","310","1","10"
"50-59 years","Catoosa","261","5","11"
"60-69 years","Catoosa","207","4","26"
"70-79 years","Catoosa","133","10","23"
"80 & Older years","Catoosa","92","8","17"
"<1 years","Catoosa","7","0","0"
"Unknown years","Catoosa","21","0","0"
"01-04 years","Charlton","9","0","0"
"05-09 years","Charlton","16","0","0"
"10-17 years","Charlton","27","0","0"
"18-29 years","Charlton","127","0","1"
"30-39 years","Charlton","148","0","2"
"40-49 years","Charlton","132","2","7"
"50-59 years","Charlton","93","0","2"
"60-69 years","Charlton","85","3","8"
"70-79 years","Charlton","28","4","7"
"80 & Older years","Charlton","12","2","7"
"<1 years","Charlton","2","0","0"
"Unknown years","Charlton","1","0","0"
"01-04 years","Chatham","169","0","0"
"05-09 years","Chatham","186","1","0"
"10-17 years","Chatham","614","0","11"
"18-29 years","Chatham","2813","2","40"
"30-39 years","Chatham","1817","4","76"
"40-49 years","Chatham","1367","8","91"
"50-59 years","Chatham","1309","21","149"
"60-69 years","Chatham","1000","41","189"
"70-79 years","Chatham","543","51","181"
"80 & Older years","Chatham","348","72","142"
"<1 years","Chatham","38","0","3"
"Unknown years","Chatham","40","0","2"
"01-04 years","Chattahoochee","3","0","0"
"05-09 years","Chattahoochee","2","0","0"
"10-17 years","Chattahoochee","94","0","1"
"18-29 years","Chattahoochee","1610","0","1"
"30-39 years","Chattahoochee","131","0","1"
"40-49 years","Chattahoochee","30","0","0"
"50-59 years","Chattahoochee","18","0","5"
"60-69 years","Chattahoochee","9","0","3"
"70-79 years","Chattahoochee","5","0","2"
"80 & Older years","Chattahoochee","4","1","2"
"<1 years","Chattahoochee","7","0","0"
"Unknown years","Chattahoochee","1","0","0"
"01-04 years","Chattooga","5","0","0"
"05-09 years","Chattooga","13","0","0"
"10-17 years","Chattooga","85","0","0"
"18-29 years","Chattooga","187","0","2"
"30-39 years","Chattooga","163","0","5"
"40-49 years","Chattooga","168","1","5"
"50-59 years","Chattooga","163","2","7"
"60-69 years","Chattooga","135","7","19"
"70-79 years","Chattooga","84","7","20"
"80 & Older years","Chattooga","69","14","16"
"<1 years","Chattooga","3","0","1"
"Unknown years","Chattooga","9","0","1"
"01-04 years","Cherokee","80","0","5"
"05-09 years","Cherokee","169","0","3"
"10-17 years","Cherokee","836","0","2"
"18-29 years","Cherokee","1996","1","43"
"30-39 years","Cherokee","1226","1","57"
"40-49 years","Cherokee","1382","2","72"
"50-59 years","Cherokee","1366","9","98"
"60-69 years","Cherokee","727","17","102"
"70-79 years","Cherokee","432","24","96"
"80 & Older years","Cherokee","279","57","104"
"<1 years","Cherokee","22","0","0"
"Unknown years","Cherokee","26","0","0"
"01-04 years","Clarke","67","0","0"
"05-09 years","Clarke","83","0","1"
"10-17 years","Clarke","258","0","4"
"18-29 years","Clarke","3656","0","17"
"30-39 years","Clarke","703","1","24"
"40-49 years","Clarke","526","1","27"
"50-59 years","Clarke","498","4","39"
"60-69 years","Clarke","339","11","62"
"70-79 years","Clarke","162","20","63"
"80 & Older years","Clarke","88","14","31"
"<1 years","Clarke","17","0","1"
"Unknown years","Clarke","5","0","0"
"01-04 years","Clay","1","0","0"
"05-09 years","Clay","2","0","0"
"10-17 years","Clay","10","0","0"
"18-29 years","Clay","22","0","0"
"30-39 years","Clay","21","0","1"
"40-49 years","Clay","19","0","0"
"50-59 years","Clay","16","0","1"
"60-69 years","Clay","16","1","2"
"70-79 years","Clay","7","0","0"
"80 & Older years","Clay","11","2","5"
"01-04 years","Clayton","144","0","5"
"05-09 years","Clayton","180","0","4"
"10-17 years","Clayton","495","0","14"
"18-29 years","Clayton","2116","3","63"
"30-39 years","Clayton","1813","6","94"
"40-49 years","Clayton","1533","18","118"
"50-59 years","Clayton","1453","26","165"
"60-69 years","Clayton","948","48","142"
"70-79 years","Clayton","415","41","92"
"80 & Older years","Clayton","226","50","56"
"<1 years","Clayton","29","0","1"
"Unknown years","Clayton","18","0","0"
"01-04 years","Clinch","9","0","0"
"05-09 years","Clinch","10","0","0"
"10-17 years","Clinch","58","0","0"
"18-29 years","Clinch","94","0","2"
"30-39 years","Clinch","66","1","4"
"40-49 years","Clinch","68","0","1"
"50-59 years","Clinch","62","0","8"
"60-69 years","Clinch","72","6","9"
"70-79 years","Clinch","31","6","10"
"80 & Older years","Clinch","13","0","2"
"<1 years","Clinch","1","0","0"
"Unknown years","Clinch","1","0","0"
"01-04 years","Cobb","259","1","10"
"05-09 years","Cobb","353","0","3"
"10-17 years","Cobb","1256","0","19"
"18-29 years","Cobb","7025","4","176"
"30-39 years","Cobb","4263","10","194"
"40-49 years","Cobb","3950","20","312"
"50-59 years","Cobb","3526","29","401"
"60-69 years","Cobb","2129","69","377"
"70-79 years","Cobb","1208","148","324"
"80 & Older years","Cobb","819","206","283"
"<1 years","Cobb","78","0","7"
"Unknown years","Cobb","91","0","2"
"01-04 years","Coffee","42","0","2"
"05-09 years","Coffee","45","0","3"
"10-17 years","Coffee","131","0","1"
"18-29 years","Coffee","485","0","11"
"30-39 years","Coffee","357","2","22"
"40-49 years","Coffee","408","2","49"
"50-59 years","Coffee","402","4","72"
"60-69 years","Coffee","352","18","84"
"70-79 years","Coffee","166","20","64"
"80 & Older years","Coffee","102","23","55"
"<1 years","Coffee","8","0","0"
"Unknown years","Coffee","6","0","0"
"01-04 years","Colquitt","32","0","0"
"05-09 years","Colquitt","49","0","1"
"10-17 years","Colquitt","197","0","4"
"18-29 years","Colquitt","510","0","16"
"30-39 years","Colquitt","360","0","16"
"40-49 years","Colquitt","353","4","31"
"50-59 years","Colquitt","301","10","29"
"60-69 years","Colquitt","209","9","30"
"70-79 years","Colquitt","115","6","31"
"80 & Older years","Colquitt","65","12","19"
"<1 years","Colquitt","8","0","0"
"Unknown years","Colquitt","6","0","0"
"01-04 years","Columbia","33","0","1"
"05-09 years","Columbia","88","0","0"
"10-17 years","Columbia","429","0","1"
"18-29 years","Columbia","1148","0","10"
"30-39 years","Columbia","880","2","13"
"40-49 years","Columbia","891","5","23"
"50-59 years","Columbia","753","10","47"
"60-69 years","Columbia","471","9","50"
"70-79 years","Columbia","253","21","37"
"80 & Older years","Columbia","145","24","38"
"<1 years","Columbia","14","0","1"
"Unknown years","Columbia","2","0","0"
"01-04 years","Cook","8","0","0"
"05-09 years","Cook","13","0","0"
"10-17 years","Cook","71","0","1"
"18-29 years","Cook","145","0","2"
"30-39 years","Cook","113","0","4"
"40-49 years","Cook","115","0","11"
"50-59 years","Cook","88","1","15"
"60-69 years","Cook","71","3","11"
"70-79 years","Cook","56","9","16"
"80 & Older years","Cook","19","3","7"
"<1 years","Cook","5","0","0"
"Unknown years","Cook","10","0","0"
"01-04 years","Coweta","41","0","0"
"05-09 years","Coweta","60","0","0"
"10-17 years","Coweta","211","0","0"
"18-29 years","Coweta","726","1","11"
"30-39 years","Coweta","504","0","13"
"40-49 years","Coweta","526","3","21"
"50-59 years","Coweta","601","7","32"
"60-69 years","Coweta","370","15","31"
"70-79 years","Coweta","206","15","32"
"80 & Older years","Coweta","132","25","22"
"<1 years","Coweta","11","0","0"
"Unknown years","Coweta","3","0","0"
"01-04 years","Crawford","1","0","0"
"05-09 years","Crawford","1","0","0"
"10-17 years","Crawford","11","0","0"
"18-29 years","Crawford","42","0","1"
"30-39 years","Crawford","30","0","2"
"40-49 years","Crawford","21","0","2"
"50-59 years","Crawford","51","1","7"
"60-69 years","Crawford","42","3","10"
"70-79 years","Crawford","11","2","3"
"80 & Older years","Crawford","7","0","3"
"01-04 years","Crisp","9","0","0"
"05-09 years","Crisp","11","0","0"
"10-17 years","Crisp","37","0","0"
"18-29 years","Crisp","115","0","7"
"30-39 years","Crisp","118","0","8"
"40-49 years","Crisp","103","1","9"
"50-59 years","Crisp","99","3","15"
"60-69 years","Crisp","109","8","21"
"70-79 years","Crisp","52","7","21"
"80 & Older years","Crisp","33","7","9"
"<1 years","Crisp","5","0","0"
"Unknown years","Crisp","9","0","0"
"01-04 years","Dade","2","0","0"
"05-09 years","Dade","11","0","0"
"10-17 years","Dade","40","0","0"
"18-29 years","Dade","90","0","1"
"30-39 years","Dade","60","0","1"
"40-49 years","Dade","78","0","3"
"50-59 years","Dade","76","1","6"
"60-69 years","Dade","51","0","2"
"70-79 years","Dade","35","5","9"
"80 & Older years","Dade","7","1","3"
"<1 years","Dade","4","0","0"
"Unknown years","Dade","8","0","1"
"01-04 years","Dawson","6","0","0"
"05-09 years","Dawson","11","0","0"
"10-17 years","Dawson","79","0","3"
"18-29 years","Dawson","238","0","7"
"30-39 years","Dawson","140","0","3"
"40-49 years","Dawson","138","0","12"
"50-59 years","Dawson","177","0","12"
"60-69 years","Dawson","138","1","30"
"70-79 years","Dawson","74","7","19"
"80 & Older years","Dawson","28","3","8"
"<1 years","Dawson","5","0","0"
"Unknown years","Dawson","4","0","2"
"01-04 years","DeKalb","301","0","9"
"05-09 years","DeKalb","393","0","4"
"10-17 years","DeKalb","1202","0","32"
"18-29 years","DeKalb","6005","7","246"
"30-39 years","DeKalb","5005","13","327"
"40-49 years","DeKalb","3958","21","353"
"50-59 years","DeKalb","3495","50","475"
"60-69 years","DeKalb","2133","93","476"
"70-79 years","DeKalb","1132","117","362"
"80 & Older years","DeKalb","668","128","229"
"<1 years","DeKalb","83","0","5"
"Unknown years","DeKalb","213","0","6"
"01-04 years","Decatur","31","0","1"
"05-09 years","Decatur","42","0","0"
"10-17 years","Decatur","112","0","0"
"18-29 years","Decatur","280","1","6"
"30-39 years","Decatur","214","1","7"
"40-49 years","Decatur","212","0","14"
"50-59 years","Decatur","180","4","22"
"60-69 years","Decatur","137","9","24"
"70-79 years","Decatur","83","15","17"
"80 & Older years","Decatur","80","10","15"
"<1 years","Decatur","6","0","0"
"01-04 years","Dodge","4","0","0"
"05-09 years","Dodge","13","0","0"
"10-17 years","Dodge","46","1","1"
"18-29 years","Dodge","107","0","0"
"30-39 years","Dodge","64","0","1"
"40-49 years","Dodge","113","1","10"
"50-59 years","Dodge","131","3","9"
"60-69 years","Dodge","112","8","18"
"70-79 years","Dodge","63","8","8"
"80 & Older years","Dodge","47","13","12"
"<1 years","Dodge","2","0","0"
"Unknown years","Dodge","1","0","0"
"01-04 years","Dooly","8","0","0"
"05-09 years","Dooly","3","0","0"
"10-17 years","Dooly","16","0","0"
"18-29 years","Dooly","61","0","5"
"30-39 years","Dooly","57","0","7"
"40-49 years","Dooly","76","0","7"
"50-59 years","Dooly","70","4","11"
"60-69 years","Dooly","66","7","16"
"70-79 years","Dooly","30","4","10"
"80 & Older years","Dooly","13","3","3"
"<1 years","Dooly","1","0","0"
"Unknown years","Dooly","6","0","0"
"01-04 years","Dougherty","23","0","3"
"05-09 years","Dougherty","38","0","0"
"10-17 years","Dougherty","114","0","3"
"18-29 years","Dougherty","570","2","55"
"30-39 years","Dougherty","492","3","55"
"40-49 years","Dougherty","532","12","85"
"50-59 years","Dougherty","605","18","116"
"60-69 years","Dougherty","507","50","159"
"70-79 years","Dougherty","306","50","127"
"80 & Older years","Dougherty","188","63","82"
"<1 years","Dougherty","14","0","1"
"Unknown years","Dougherty","2","0","0"
"01-04 years","Douglas","47","0","1"
"05-09 years","Douglas","79","0","3"
"10-17 years","Douglas","265","0","3"
"18-29 years","Douglas","1003","0","36"
"30-39 years","Douglas","779","3","44"
"40-49 years","Douglas","889","4","74"
"50-59 years","Douglas","763","10","101"
"60-69 years","Douglas","439","16","102"
"70-79 years","Douglas","259","27","80"
"80 & Older years","Douglas","128","21","52"
"<1 years","Douglas","6","0","1"
"Unknown years","Douglas","26","0","0"
"01-04 years","Early","13","0","0"
"05-09 years","Early","13","0","0"
"10-17 years","Early","40","0","0"
"18-29 years","Early","97","0","3"
"30-39 years","Early","86","0","3"
"40-49 years","Early","103","1","7"
"50-59 years","Early","89","3","8"
"60-69 years","Early","71","10","10"
"70-79 years","Early","48","11","7"
"80 & Older years","Early","30","11","6"
"<1 years","Early","2","0","0"
"01-04 years","Echols","2","0","0"
"05-09 years","Echols","4","0","0"
"10-17 years","Echols","13","0","1"
"18-29 years","Echols","105","0","1"
"30-39 years","Echols","46","0","2"
"40-49 years","Echols","28","0","1"
"50-59 years","Echols","28","0","2"
"60-69 years","Echols","12","0","0"
"70-79 years","Echols","11","2","3"
"<1 years","Echols","1","0","0"
"Unknown years","Echols","3","0","0"
"01-04 years","Effingham","23","0","1"
"05-09 years","Effingham","44","0","0"
"10-17 years","Effingham","183","0","0"
"18-29 years","Effingham","409","0","2"
"30-39 years","Effingham","316","1","9"
"40-49 years","Effingham","336","0","16"
"50-59 years","Effingham","329","6","24"
"60-69 years","Effingham","199","2","29"
"70-79 years","Effingham","117","10","28"
"80 & Older years","Effingham","53","11","18"
"<1 years","Effingham","6","0","0"
"Unknown years","Effingham","3","0","1"
"01-04 years","Elbert","9","0","0"
"05-09 years","Elbert","17","0","0"
"10-17 years","Elbert","53","0","0"
"18-29 years","Elbert","161","0","0"
"30-39 years","Elbert","110","0","5"
"40-49 years","Elbert","127","0","6"
"50-59 years","Elbert","133","0","9"
"60-69 years","Elbert","99","0","13"
"70-79 years","Elbert","86","7","18"
"80 & Older years","Elbert","66","8","19"
"<1 years","Elbert","5","0","2"
"01-04 years","Emanuel","16","0","1"
"05-09 years","Emanuel","16","0","0"
"10-17 years","Emanuel","126","0","2"
"18-29 years","Emanuel","220","1","0"
"30-39 years","Emanuel","173","0","6"
"40-49 years","Emanuel","206","1","6"
"50-59 years","Emanuel","189","4","19"
"60-69 years","Emanuel","162","7","20"
"70-79 years","Emanuel","100","15","23"
"80 & Older years","Emanuel","49","15","15"
"<1 years","Emanuel","4","0","0"
"Unknown years","Emanuel","7","0","1"
"01-04 years","Evans","7","0","0"
"05-09 years","Evans","12","0","0"
"10-17 years","Evans","51","0","0"
"18-29 years","Evans","102","0","3"
"30-39 years","Evans","87","0","3"
"40-49 years","Evans","80","0","7"
"50-59 years","Evans","81","1","13"
"60-69 years","Evans","43","2","10"
"70-79 years","Evans","29","3","9"
"80 & Older years","Evans","12","1","2"
"<1 years","Evans","2","0","0"
"Unknown years","Evans","1","0","0"
"01-04 years","Fannin","6","0","0"
"05-09 years","Fannin","11","0","0"
"10-17 years","Fannin","48","0","0"
"18-29 years","Fannin","137","0","2"
"30-39 years","Fannin","90","0","4"
"40-49 years","Fannin","117","0","5"
"50-59 years","Fannin","148","4","10"
"60-69 years","Fannin","163","4","17"
"70-79 years","Fannin","120","1","19"
"80 & Older years","Fannin","75","20","25"
"<1 years","Fannin","3","0","0"
"Unknown years","Fannin","15","0","0"
"01-04 years","Fayette","21","0","0"
"05-09 years","Fayette","26","0","1"
"10-17 years","Fayette","156","0","1"
"18-29 years","Fayette","551","0","5"
"30-39 years","Fayette","282","0","6"
"40-49 years","Fayette","415","1","17"
"50-59 years","Fayette","425","4","28"
"60-69 years","Fayette","316","11","27"
"70-79 years","Fayette","173","21","37"
"80 & Older years","Fayette","96","24","26"
"<1 years","Fayette","2","0","0"
"Unknown years","Fayette","18","0","0"
"01-04 years","Floyd","60","0","1"
"05-09 years","Floyd","104","0","0"
"10-17 years","Floyd","471","0","7"
"18-29 years","Floyd","1015","0","13"
"30-39 years","Floyd","756","2","27"
"40-49 years","Floyd","726","1","38"
"50-59 years","Floyd","641","11","65"
"60-69 years","Floyd","458","18","87"
"70-79 years","Floyd","303","16","90"
"80 & Older years","Floyd","164","23","52"
"<1 years","Floyd","21","0","0"
"Unknown years","Floyd","49","0","2"
"01-04 years","Forsyth","57","0","1"
"05-09 years","Forsyth","123","0","0"
"10-17 years","Forsyth","511","0","1"
"18-29 years","Forsyth","1364","0","30"
"30-39 years","Forsyth","802","0","34"
"40-49 years","Forsyth","958","2","58"
"50-59 years","Forsyth","905","8","75"
"60-69 years","Forsyth","469","6","71"
"70-79 years","Forsyth","264","20","84"
"80 & Older years","Forsyth","158","24","59"
"<1 years","Forsyth","20","0","2"
"Unknown years","Forsyth","43","0","0"
"01-04 years","Franklin","7","0","0"
"05-09 years","Franklin","21","0","0"
"10-17 years","Franklin","94","0","3"
"18-29 years","Franklin","226","0","4"
"30-39 years","Franklin","152","0","2"
"40-49 years","Franklin","167","0","9"
"50-59 years","Franklin","170","0","13"
"60-69 years","Franklin","130","2","16"
"70-79 years","Franklin","75","9","15"
"80 & Older years","Franklin","38","8","13"
"<1 years","Franklin","3","0","1"
"Unknown years","Franklin","20","0","2"
"01-04 years","Fulton","340","0","12"
"05-09 years","Fulton","502","0","7"
"10-17 years","Fulton","1744","1","27"
"18-29 years","Fulton","10451","4","228"
"30-39 years","Fulton","6997","12","333"
"40-49 years","Fulton","5289","26","384"
"50-59 years","Fulton","4468","57","522"
"60-69 years","Fulton","2709","116","487"
"70-79 years","Fulton","1496","159","413"
"80 & Older years","Fulton","1139","279","397"
"<1 years","Fulton","96","0","4"
"Unknown years","Fulton","112","0","5"
"01-04 years","Gilmer","18","0","1"
"05-09 years","Gilmer","15","0","0"
"10-17 years","Gilmer","86","0","2"
"18-29 years","Gilmer","166","0","8"
"30-39 years","Gilmer","163","0","10"
"40-49 years","Gilmer","176","0","10"
"50-59 years","Gilmer","170","4","11"
"60-69 years","Gilmer","168","1","21"
"70-79 years","Gilmer","108","8","21"
"80 & Older years","Gilmer","67","14","19"
"<1 years","Gilmer","7","0","0"
"Unknown years","Gilmer","11","0","0"
"01-04 years","Glascock","1","0","0"
"05-09 years","Glascock","2","0","0"
"18-29 years","Glascock","11","0","0"
"30-39 years","Glascock","7","0","0"
"40-49 years","Glascock","11","0","0"
"50-59 years","Glascock","17","1","2"
"60-69 years","Glascock","8","0","0"
"80 & Older years","Glascock","5","1","3"
"<1 years","Glascock","1","0","0"
"01-04 years","Glynn","55","0","1"
"05-09 years","Glynn","108","0","1"
"10-17 years","Glynn","266","0","0"
"18-29 years","Glynn","926","0","15"
"30-39 years","Glynn","664","2","22"
"40-49 years","Glynn","552","3","28"
"50-59 years","Glynn","528","9","58"
"60-69 years","Glynn","443","22","86"
"70-79 years","Glynn","276","29","59"
"80 & Older years","Glynn","184","43","65"
"<1 years","Glynn","14","0","0"
"Unknown years","Glynn","8","0","0"
"01-04 years","Gordon","37","0","0"
"05-09 years","Gordon","48","0","0"
"10-17 years","Gordon","223","0","2"
"18-29 years","Gordon","602","0","7"
"30-39 years","Gordon","459","1","17"
"40-49 years","Gordon","499","1","17"
"50-59 years","Gordon","448","8","23"
"60-69 years","Gordon","282","9","20"
"70-79 years","Gordon","171","16","39"
"80 & Older years","Gordon","110","20","33"
"<1 years","Gordon","8","0","1"
"Unknown years","Gordon","5","0","0"
"01-04 years","Grady","15","0","1"
"05-09 years","Grady","24","0","0"
"10-17 years","Grady","81","0","2"
"18-29 years","Grady","151","0","7"
"30-39 years","Grady","146","0","5"
"40-49 years","Grady","144","0","18"
"50-59 years","Grady","121","4","17"
"60-69 years","Grady","92","3","18"
"70-79 years","Grady","81","8","23"
"80 & Older years","Grady","34","12","13"
"<1 years","Grady","3","0","1"
"Unknown years","Grady","3","0","0"
"01-04 years","Greene","7","0","0"
"05-09 years","Greene","20","0","0"
"10-17 years","Greene","39","0","0"
"18-29 years","Greene","141","0","4"
"30-39 years","Greene","84","0","5"
"40-49 years","Greene","76","3","7"
"50-59 years","Greene","78","3","7"
"60-69 years","Greene","78","2","9"
"70-79 years","Greene","60","5","13"
"80 & Older years","Greene","37","13","16"
"<1 years","Greene","2","0","1"
"Unknown years","Greene","1","0","0"
"01-04 years","Gwinnett","519","0","11"
"05-09 years","Gwinnett","738","0","11"
"10-17 years","Gwinnett","2331","1","43"
"18-29 years","Gwinnett","8648","1","353"
"30-39 years","Gwinnett","6065","11","387"
"40-49 years","Gwinnett","6384","34","506"
"50-59 years","Gwinnett","5086","56","539"
"60-69 years","Gwinnett","2717","91","509"
"70-79 years","Gwinnett","1173","98","349"
"80 & Older years","Gwinnett","775","187","348"
"<1 years","Gwinnett","131","0","4"
"Unknown years","Gwinnett","67","0","0"
"01-04 years","Habersham","16","0","2"
"05-09 years","Habersham","21","0","0"
"10-17 years","Habersham","106","1","5"
"18-29 years","Habersham","440","0","8"
"30-39 years","Habersham","304","2","20"
"40-49 years","Habersham","320","1","24"
"50-59 years","Habersham","331","4","30"
"60-69 years","Habersham","246","9","65"
"70-79 years","Habersham","172","16","52"
"80 & Older years","Habersham","151","44","46"
"<1 years","Habersham","4","0","1"
"Unknown years","Habersham","22","0","1"
"01-04 years","Hall","85","0","3"
"05-09 years","Hall","193","0","1"
"10-17 years","Hall","787","0","13"
"18-29 years","Hall","2759","3","102"
"30-39 years","Hall","1761","1","100"
"40-49 years","Hall","1861","7","163"
"50-59 years","Hall","1857","17","220"
"60-69 years","Hall","1135","37","210"
"70-79 years","Hall","711","43","197"
"80 & Older years","Hall","451","82","186"
"<1 years","Hall","18","0","5"
"Unknown years","Hall","170","0","7"
"01-04 years","Hancock","3","0","0"
"05-09 years","Hancock","3","0","0"
"10-17 years","Hancock","16","0","0"
"18-29 years","Hancock","56","0","2"
"30-39 years","Hancock","50","0","2"
"40-49 years","Hancock","64","1","4"
"50-59 years","Hancock","75","3","9"
"60-69 years","Hancock","90","12","20"
"70-79 years","Hancock","53","12","15"
"80 & Older years","Hancock","43","17","17"
"<1 years","Hancock","1","0","0"
"01-04 years","Haralson","10","0","0"
"05-09 years","Haralson","17","0","0"
"10-17 years","Haralson","73","0","1"
"18-29 years","Haralson","179","0","1"
"30-39 years","Haralson","122","0","2"
"40-49 years","Haralson","111","1","4"
"50-59 years","Haralson","111","0","1"
"60-69 years","Haralson","97","7","14"
"70-79 years","Haralson","62","7","13"
"80 & Older years","Haralson","33","3","3"
"<1 years","Haralson","5","0","0"
"Unknown years","Haralson","1","0","0"
"01-04 years","Harris","12","0","0"
"05-09 years","Harris","10","0","0"
"10-17 years","Harris","74","0","2"
"18-29 years","Harris","148","0","2"
"30-39 years","Harris","103","0","5"
"40-49 years","Harris","149","2","7"
"50-59 years","Harris","167","4","16"
"60-69 years","Harris","153","9","37"
"70-79 years","Harris","74","8","22"
"80 & Older years","Harris","26","4","6"
"<1 years","Harris","2","0","0"
"Unknown years","Harris","1","0","0"
"01-04 years","Hart","8","0","0"
"05-09 years","Hart","12","0","1"
"10-17 years","Hart","33","0","0"
"18-29 years","Hart","120","0","0"
"30-39 years","Hart","89","0","4"
"40-49 years","Hart","100","0","6"
"50-59 years","Hart","127","1","12"
"60-69 years","Hart","95","8","23"
"70-79 years","Hart","51","4","10"
"80 & Older years","Hart","43","7","21"
"<1 years","Hart","2","0","1"
"01-04 years","Heard","2","0","0"
"05-09 years","Heard","8","0","0"
"10-17 years","Heard","25","0","1"
"18-29 years","Heard","53","0","0"
"30-39 years","Heard","29","0","1"
"40-49 years","Heard","48","0","2"
"50-59 years","Heard","40","0","2"
"60-69 years","Heard","37","2","5"
"70-79 years","Heard","23","3","5"
"80 & Older years","Heard","8","2","2"
"<1 years","Heard","1","0","0"
"Unknown years","Heard","1","0","0"
"01-04 years","Henry","62","0","2"
"05-09 years","Henry","114","0","1"
"10-17 years","Henry","411","0","3"
"18-29 years","Henry","1582","1","21"
"30-39 years","Henry","1241","3","29"
"40-49 years","Henry","1353","7","58"
"50-59 years","Henry","1218","12","77"
"60-69 years","Henry","635","25","52"
"70-79 years","Henry","339","36","49"
"80 & Older years","Henry","185","42","32"
"<1 years","Henry","14","0","2"
"Unknown years","Henry","11","0","0"
"01-04 years","Houston","42","0","1"
"05-09 years","Houston","69","0","1"
"10-17 years","Houston","234","0","3"
"18-29 years","Houston","924","3","22"
"30-39 years","Houston","760","1","39"
"40-49 years","Houston","713","2","62"
"50-59 years","Houston","620","9","74"
"60-69 years","Houston","396","26","82"
"70-79 years","Houston","227","34","85"
"80 & Older years","Houston","105","27","47"
"<1 years","Houston","11","0","1"
"Unknown years","Houston","1","0","0"
"01-04 years","Irwin","3","0","0"
"05-09 years","Irwin","7","0","0"
"10-17 years","Irwin","29","0","0"
"18-29 years","Irwin","67","0","3"
"30-39 years","Irwin","59","0","4"
"40-49 years","Irwin","74","0","4"
"50-59 years","Irwin","60","1","5"
"60-69 years","Irwin","46","1","13"
"70-79 years","Irwin","23","3","1"
"80 & Older years","Irwin","21","6","10"
"Unknown years","Irwin","6","0","0"
"01-04 years","Jackson","16","0","0"
"05-09 years","Jackson","61","0","0"
"10-17 years","Jackson","268","0","1"
"18-29 years","Jackson","584","0","9"
"30-39 years","Jackson","443","1","12"
"40-49 years","Jackson","466","1","36"
"50-59 years","Jackson","475","4","37"
"60-69 years","Jackson","261","5","32"
"70-79 years","Jackson","207","15","57"
"80 & Older years","Jackson","122","21","53"
"<1 years","Jackson","7","0","2"
"Unknown years","Jackson","11","0","1"
"05-09 years","Jasper","4","0","0"
"10-17 years","Jasper","10","0","0"
"18-29 years","Jasper","57","0","1"
"30-39 years","Jasper","42","0","0"
"40-49 years","Jasper","35","0","1"
"50-59 years","Jasper","58","0","8"
"60-69 years","Jasper","36","3","8"
"70-79 years","Jasper","18","1","3"
"80 & Older years","Jasper","5","0","0"
"<1 years","Jasper","2","0","0"
"01-04 years","Jeff Davis","21","0","1"
"05-09 years","Jeff Davis","22","0","0"
"10-17 years","Jeff Davis","64","0","2"
"18-29 years","Jeff Davis","166","0","3"
"30-39 years","Jeff Davis","141","0","7"
"40-49 years","Jeff Davis","134","0","11"
"50-59 years","Jeff Davis","122","4","11"
"60-69 years","Jeff Davis","87","6","18"
"70-79 years","Jeff Davis","53","12","16"
"80 & Older years","Jeff Davis","14","5","6"
"<1 years","Jeff Davis","2","0","1"
"Unknown years","Jeff Davis","2","0","0"
"01-04 years","Jefferson","16","0","0"
"05-09 years","Jefferson","24","0","0"
"10-17 years","Jefferson","58","0","0"
"18-29 years","Jefferson","156","0","3"
"30-39 years","Jefferson","112","0","6"
"40-49 years","Jefferson","129","3","9"
"50-59 years","Jefferson","162","2","15"
"60-69 years","Jefferson","129","7","19"
"70-79 years","Jefferson","94","13","22"
"80 & Older years","Jefferson","43","13","19"
"<1 years","Jefferson","4","0","0"
"Unknown years","Jefferson","4","0","0"
"01-04 years","Jenkins","6","0","0"
"05-09 years","Jenkins","10","0","0"
"10-17 years","Jenkins","40","0","0"
"18-29 years","Jenkins","78","0","2"
"30-39 years","Jenkins","47","1","4"
"40-49 years","Jenkins","74","2","8"
"50-59 years","Jenkins","81","6","14"
"60-69 years","Jenkins","61","5","11"
"70-79 years","Jenkins","41","12","20"
"80 & Older years","Jenkins","44","8","10"
"<1 years","Jenkins","2","0","0"
"01-04 years","Johnson","4","0","0"
"05-09 years","Johnson","5","0","0"
"10-17 years","Johnson","14","0","0"
"18-29 years","Johnson","75","0","2"
"30-39 years","Johnson","46","0","3"
"40-49 years","Johnson","57","1","6"
"50-59 years","Johnson","74","1","12"
"60-69 years","Johnson","73","7","15"
"70-79 years","Johnson","54","6","16"
"80 & Older years","Johnson","55","12","14"
"01-04 years","Jones","2","0","0"
"05-09 years","Jones","8","0","0"
"10-17 years","Jones","32","0","0"
"18-29 years","Jones","185","0","4"
"30-39 years","Jones","107","0","3"
"40-49 years","Jones","106","1","3"
"50-59 years","Jones","118","1","11"
"60-69 years","Jones","79","1","14"
"70-79 years","Jones","44","6","17"
"80 & Older years","Jones","35","9","7"
"<1 years","Jones","1","0","0"
"01-04 years","Lamar","9","0","0"
"05-09 years","Lamar","22","0","0"
"10-17 years","Lamar","36","0","1"
"18-29 years","Lamar","76","0","1"
"30-39 years","Lamar","63","0","2"
"40-49 years","Lamar","68","1","2"
"50-59 years","Lamar","72","1","11"
"60-69 years","Lamar","68","3","11"
"70-79 years","Lamar","52","5","11"
"80 & Older years","Lamar","33","13","12"
"<1 years","Lamar","3","0","0"
"Unknown years","Lamar","1","0","0"
"01-04 years","Lanier","5","0","0"
"05-09 years","Lanier","8","0","1"
"10-17 years","Lanier","20","0","1"
"18-29 years","Lanier","74","1","0"
"30-39 years","Lanier","85","0","1"
"40-49 years","Lanier","43","1","1"
"50-59 years","Lanier","44","0","3"
"60-69 years","Lanier","26","1","1"
"70-79 years","Lanier","14","4","4"
"80 & Older years","Lanier","10","0","4"
"<1 years","Lanier","3","0","0"
"01-04 years","Laurens","15","0","0"
"05-09 years","Laurens","19","0","0"
"10-17 years","Laurens","132","0","2"
"18-29 years","Laurens","386","0","6"
"30-39 years","Laurens","300","0","7"
"40-49 years","Laurens","314","3","17"
"50-59 years","Laurens","349","6","33"
"60-69 years","Laurens","295","24","48"
"70-79 years","Laurens","205","35","46"
"80 & Older years","Laurens","128","39","29"
"<1 years","Laurens","5","0","0"
"Unknown years","Laurens","3","0","0"
"01-04 years","Lee","7","0","0"
"05-09 years","Lee","11","0","2"
"10-17 years","Lee","48","0","1"
"18-29 years","Lee","132","1","7"
"30-39 years","Lee","153","1","13"
"40-49 years","Lee","138","3","17"
"50-59 years","Lee","138","6","26"
"60-69 years","Lee","90","7","16"
"70-79 years","Lee","45","9","18"
"80 & Older years","Lee","21","5","10"
"<1 years","Lee","3","0","0"
"01-04 years","Liberty","12","0","0"
"05-09 years","Liberty","25","0","1"
"10-17 years","Liberty","90","0","1"
"18-29 years","Liberty","362","1","10"
"30-39 years","Liberty","248","0","8"
"40-49 years","Liberty","225","0","10"
"50-59 years","Liberty","189","3","25"
"60-69 years","Liberty","155","8","27"
"70-79 years","Liberty","63","9","25"
"80 & Older years","Liberty","38","7","15"
"<1 years","Liberty","13","0","1"
"Unknown years","Liberty","5","0","0"
"01-04 years","Lincoln","4","0","0"
"05-09 years","Lincoln","8","0","0"
"10-17 years","Lincoln","12","0","0"
"18-29 years","Lincoln","53","0","2"
"30-39 years","Lincoln","35","0","1"
"40-49 years","Lincoln","49","0","5"
"50-59 years","Lincoln","33","0","3"
"60-69 years","Lincoln","38","2","9"
"70-79 years","Lincoln","25","1","7"
"80 & Older years","Lincoln","11","5","5"
"<1 years","Lincoln","1","0","0"
"01-04 years","Long","10","0","0"
"05-09 years","Long","3","0","0"
"10-17 years","Long","19","0","0"
"18-29 years","Long","56","0","0"
"30-39 years","Long","74","0","0"
"40-49 years","Long","41","0","2"
"50-59 years","Long","41","1","5"
"60-69 years","Long","33","1","3"
"70-79 years","Long","15","3","5"
"80 & Older years","Long","5","0","3"
"<1 years","Long","3","0","0"
"01-04 years","Lowndes","75","0","0"
"05-09 years","Lowndes","108","0","0"
"10-17 years","Lowndes","379","0","4"
"18-29 years","Lowndes","1594","3","23"
"30-39 years","Lowndes","760","0","14"
"40-49 years","Lowndes","678","1","31"
"50-59 years","Lowndes","564","6","38"
"60-69 years","Lowndes","399","18","46"
"70-79 years","Lowndes","217","30","35"
"80 & Older years","Lowndes","131","36","37"
"<1 years","Lowndes","17","0","0"
"Unknown years","Lowndes","23","0","0"
"01-04 years","Lumpkin","5","0","0"
"05-09 years","Lumpkin","15","0","0"
"10-17 years","Lumpkin","61","0","2"
"18-29 years","Lumpkin","333","0","4"
"30-39 years","Lumpkin","131","0","5"
"40-49 years","Lumpkin","146","0","10"
"50-59 years","Lumpkin","157","2","16"
"60-69 years","Lumpkin","168","6","24"
"70-79 years","Lumpkin","124","5","29"
"80 & Older years","Lumpkin","45","6","22"
"<1 years","Lumpkin","3","0","1"
"Unknown years","Lumpkin","15","0","0"
"01-04 years","Macon","6","0","0"
"05-09 years","Macon","6","0","0"
"10-17 years","Macon","10","0","0"
"18-29 years","Macon","46","0","3"
"30-39 years","Macon","33","0","3"
"40-49 years","Macon","51","1","6"
"50-59 years","Macon","57","3","9"
"60-69 years","Macon","31","5","17"
"70-79 years","Macon","27","1","11"
"80 & Older years","Macon","12","4","6"
"<1 years","Macon","1","0","0"
"01-04 years","Madison","14","0","0"
"05-09 years","Madison","15","0","0"
"10-17 years","Madison","84","0","0"
"18-29 years","Madison","171","0","1"
"30-39 years","Madison","149","0","5"
"40-49 years","Madison","156","0","9"
"50-59 years","Madison","167","1","17"
"60-69 years","Madison","100","4","18"
"70-79 years","Madison","51","6","20"
"80 & Older years","Madison","18","2","2"
"<1 years","Madison","9","0","2"
"01-04 years","Marion","2","0","0"
"05-09 years","Marion","4","0","0"
"10-17 years","Marion","13","0","0"
"18-29 years","Marion","37","0","0"
"30-39 years","Marion","23","0","2"
"40-49 years","Marion","35","1","5"
"50-59 years","Marion","35","3","5"
"60-69 years","Marion","27","3","3"
"70-79 years","Marion","18","1","3"
"80 & Older years","Marion","18","2","6"
"<1 years","Marion","1","0","0"
"01-04 years","McDuffie","4","0","0"
"05-09 years","McDuffie","8","0","0"
"10-17 years","McDuffie","43","0","0"
"18-29 years","McDuffie","162","0","3"
"30-39 years","McDuffie","113","1","2"
"40-49 years","McDuffie","124","2","9"
"50-59 years","McDuffie","132","2","16"
"60-69 years","McDuffie","99","4","15"
"70-79 years","McDuffie","65","6","26"
"80 & Older years","McDuffie","21","4","12"
"Unknown years","McDuffie","1","0","0"
"05-09 years","McIntosh","3","0","0"
"10-17 years","McIntosh","21","0","0"
"18-29 years","McIntosh","66","0","2"
"30-39 years","McIntosh","49","0","3"
"40-49 years","McIntosh","53","0","3"
"50-59 years","McIntosh","56","0","2"
"60-69 years","McIntosh","47","2","13"
"70-79 years","McIntosh","39","3","11"
"80 & Older years","McIntosh","7","2","2"
"<1 years","McIntosh","2","0","0"
"Unknown years","McIntosh","1","0","0"
"01-04 years","Meriwether","10","0","1"
"05-09 years","Meriwether","12","0","1"
"10-17 years","Meriwether","22","0","0"
"18-29 years","Meriwether","98","0","4"
"30-39 years","Meriwether","91","2","11"
"40-49 years","Meriwether","125","1","12"
"50-59 years","Meriwether","93","1","13"
"60-69 years","Meriwether","79","3","16"
"70-79 years","Meriwether","58","5","18"
"80 & Older years","Meriwether","36","7","9"
"<1 years","Meriwether","2","0","0"
"01-04 years","Miller","3","0","0"
"05-09 years","Miller","3","0","0"
"10-17 years","Miller","32","0","1"
"18-29 years","Miller","58","0","0"
"30-39 years","Miller","56","0","0"
"40-49 years","Miller","48","0","3"
"50-59 years","Miller","73","0","9"
"60-69 years","Miller","43","2","3"
"70-79 years","Miller","14","0","1"
"80 & Older years","Miller","10","0","3"
"<1 years","Miller","3","0","0"
"01-04 years","Mitchell","3","0","0"
"05-09 years","Mitchell","13","0","0"
"10-17 years","Mitchell","46","0","1"
"18-29 years","Mitchell","135","0","6"
"30-39 years","Mitchell","122","1","12"
"40-49 years","Mitchell","132","2","13"
"50-59 years","Mitchell","164","7","41"
"60-69 years","Mitchell","132","12","38"
"70-79 years","Mitchell","71","8","25"
"80 & Older years","Mitchell","55","17","20"
"Unknown years","Mitchell","2","0","1"
"01-04 years","Monroe","5","0","0"
"05-09 years","Monroe","8","0","1"
"10-17 years","Monroe","42","0","0"
"18-29 years","Monroe","142","0","1"
"30-39 years","Monroe","95","0","4"
"40-49 years","Monroe","121","1","9"
"50-59 years","Monroe","151","3","13"
"60-69 years","Monroe","128","9","25"
"70-79 years","Monroe","82","14","20"
"80 & Older years","Monroe","87","32","19"
"<1 years","Monroe","3","0","1"
"01-04 years","Montgomery","6","0","0"
"05-09 years","Montgomery","3","0","0"
"10-17 years","Montgomery","23","0","1"
"18-29 years","Montgomery","94","0","0"
"30-39 years","Montgomery","55","1","3"
"40-49 years","Montgomery","74","0","2"
"50-59 years","Montgomery","51","1","5"
"60-69 years","Montgomery","44","3","9"
"70-79 years","Montgomery","23","2","5"
"80 & Older years","Montgomery","10","2","2"
"<1 years","Montgomery","1","0","0"
"01-04 years","Morgan","14","0","0"
"05-09 years","Morgan","9","0","0"
"10-17 years","Morgan","47","0","0"
"18-29 years","Morgan","118","0","2"
"30-39 years","Morgan","75","0","5"
"40-49 years","Morgan","82","0","3"
"50-59 years","Morgan","96","0","9"
"60-69 years","Morgan","66","1","5"
"70-79 years","Morgan","28","1","9"
"80 & Older years","Morgan","27","5","12"
"<1 years","Morgan","5","0","0"
"Unknown years","Morgan","1","0","0"
"01-04 years","Murray","19","0","1"
"05-09 years","Murray","18","0","1"
"10-17 years","Murray","120","0","0"
"18-29 years","Murray","346","0","3"
"30-39 years","Murray","218","0","3"
"40-49 years","Murray","261","0","12"
"50-59 years","Murray","239","2","17"
"60-69 years","Murray","147","1","20"
"70-79 years","Murray","90","9","23"
"80 & Older years","Murray","43","8","8"
"<1 years","Murray","7","0","1"
"Unknown years","Murray","5","0","0"
"01-04 years","Muscogee","108","0","5"
"05-09 years","Muscogee","138","0","0"
"10-17 years","Muscogee","348","0","3"
"18-29 years","Muscogee","1745","3","40"
"30-39 years","Muscogee","1090","2","60"
"40-49 years","Muscogee","930","3","65"
"50-59 years","Muscogee","947","25","139"
"60-69 years","Muscogee","746","45","181"
"70-79 years","Muscogee","394","51","123"
"80 & Older years","Muscogee","230","57","103"
"<1 years","Muscogee","37","0","2"
"Unknown years","Muscogee","20","0","0"
"01-04 years","Newton","37","0","2"
"05-09 years","Newton","46","0","0"
"10-17 years","Newton","155","0","1"
"18-29 years","Newton","634","1","22"
"30-39 years","Newton","507","0","37"
"40-49 years","Newton","615","0","58"
"50-59 years","Newton","545","7","70"
"60-69 years","Newton","282","17","55"
"70-79 years","Newton","205","30","52"
"80 & Older years","Newton","170","50","47"
"<1 years","Newton","13","0","1"
"Unknown years","Newton","3","0","0"
"01-04 years","Non-GA Resident/Unknown State","169","0","1"
"05-09 years","Non-GA Resident/Unknown State","272","0","4"
"10-17 years","Non-GA Resident/Unknown State","924","0","7"
"18-29 years","Non-GA Resident/Unknown State","4226","4","47"
"30-39 years","Non-GA Resident/Unknown State","2649","3","53"
"40-49 years","Non-GA Resident/Unknown State","2261","6","60"
"50-59 years","Non-GA Resident/Unknown State","2033","21","122"
"60-69 years","Non-GA Resident/Unknown State","1361","53","154"
"70-79 years","Non-GA Resident/Unknown State","797","61","144"
"80 & Older years","Non-GA Resident/Unknown State","450","59","111"
"<1 years","Non-GA Resident/Unknown State","96","0","2"
"Unknown years","Non-GA Resident/Unknown State","508","0","4"
"01-04 years","Oconee","6","0","0"
"05-09 years","Oconee","15","0","0"
"10-17 years","Oconee","65","0","0"
"18-29 years","Oconee","255","0","3"
"30-39 years","Oconee","109","0","2"
"40-49 years","Oconee","148","0","10"
"50-59 years","Oconee","149","2","5"
"60-69 years","Oconee","100","9","18"
"70-79 years","Oconee","65","8","16"
"80 & Older years","Oconee","52","15","24"
"<1 years","Oconee","2","0","0"
"01-04 years","Oglethorpe","5","0","0"
"05-09 years","Oglethorpe","13","0","0"
"10-17 years","Oglethorpe","41","0","0"
"18-29 years","Oglethorpe","91","0","1"
"30-39 years","Oglethorpe","51","0","0"
"40-49 years","Oglethorpe","65","0","4"
"50-59 years","Oglethorpe","64","1","12"
"60-69 years","Oglethorpe","53","0","10"
"70-79 years","Oglethorpe","42","3","10"
"80 & Older years","Oglethorpe","39","9","12"
"<1 years","Oglethorpe","3","0","0"
"01-04 years","Paulding","44","0","1"
"05-09 years","Paulding","85","0","0"
"10-17 years","Paulding","316","0","5"
"18-29 years","Paulding","804","0","9"
"30-39 years","Paulding","584","1","15"
"40-49 years","Paulding","653","3","15"
"50-59 years","Paulding","600","9","34"
"60-69 years","Paulding","319","11","35"
"70-79 years","Paulding","201","20","42"
"80 & Older years","Paulding","134","28","20"
"<1 years","Paulding","8","0","0"
"Unknown years","Paulding","12","0","0"
"01-04 years","Peach","8","0","0"
"05-09 years","Peach","14","0","0"
"10-17 years","Peach","31","0","1"
"18-29 years","Peach","197","1","7"
"30-39 years","Peach","159","0","9"
"40-49 years","Peach","124","2","8"
"50-59 years","Peach","140","3","22"
"60-69 years","Peach","125","7","30"
"70-79 years","Peach","54","6","18"
"80 & Older years","Peach","33","8","14"
"<1 years","Peach","4","0","0"
"Unknown years","Peach","1","0","0"
"01-04 years","Pickens","14","0","1"
"05-09 years","Pickens","16","0","0"
"10-17 years","Pickens","48","0","0"
"18-29 years","Pickens","170","0","5"
"30-39 years","Pickens","123","0","5"
"40-49 years","Pickens","167","0","8"
"50-59 years","Pickens","168","0","12"
"60-69 years","Pickens","134","0","13"
"70-79 years","Pickens","79","6","20"
"80 & Older years","Pickens","36","7","11"
"<1 years","Pickens","1","0","0"
"Unknown years","Pickens","2","0","0"
"01-04 years","Pierce","6","0","0"
"05-09 years","Pierce","11","0","0"
"10-17 years","Pierce","53","1","1"
"18-29 years","Pierce","142","0","4"
"30-39 years","Pierce","90","0","3"
"40-49 years","Pierce","127","0","11"
"50-59 years","Pierce","106","3","10"
"60-69 years","Pierce","91","8","27"
"70-79 years","Pierce","63","6","21"
"80 & Older years","Pierce","35","8","10"
"<1 years","Pierce","3","0","0"
"Unknown years","Pierce","1","0","0"
"01-04 years","Pike","12","0","0"
"05-09 years","Pike","7","0","0"
"10-17 years","Pike","42","0","0"
"18-29 years","Pike","75","0","2"
"30-39 years","Pike","58","0","2"
"40-49 years","Pike","79","1","4"
"50-59 years","Pike","60","2","6"
"60-69 years","Pike","45","1","10"
"70-79 years","Pike","41","5","9"
"80 & Older years","Pike","12","3","4"
"<1 years","Pike","1","0","0"
"Unknown years","Pike","5","0","0"
"01-04 years","Polk","22","0","1"
"05-09 years","Polk","37","0","0"
"10-17 years","Polk","165","0","1"
"18-29 years","Polk","431","0","3"
"30-39 years","Polk","285","0","6"
"40-49 years","Polk","313","1","25"
"50-59 years","Polk","286","3","38"
"60-69 years","Polk","155","9","35"
"70-79 years","Polk","135","9","31"
"80 & Older years","Polk","69","11","25"
"<1 years","Polk","5","0","0"
"Unknown years","Polk","22","0","1"
"05-09 years","Pulaski","5","0","0"
"10-17 years","Pulaski","21","0","1"
"18-29 years","Pulaski","44","0","1"
"30-39 years","Pulaski","50","0","2"
"40-49 years","Pulaski","48","0","5"
"50-59 years","Pulaski","69","0","6"
"60-69 years","Pulaski","62","5","8"
"70-79 years","Pulaski","36","11","13"
"80 & Older years","Pulaski","31","8","4"
"<1 years","Pulaski","1","0","0"
"01-04 years","Putnam","11","0","0"
"05-09 years","Putnam","32","0","0"
"10-17 years","Putnam","54","0","1"
"18-29 years","Putnam","157","0","3"
"30-39 years","Putnam","102","0","4"
"40-49 years","Putnam","120","1","3"
"50-59 years","Putnam","141","2","10"
"60-69 years","Putnam","123","8","18"
"70-79 years","Putnam","86","9","22"
"80 & Older years","Putnam","49","8","16"
"<1 years","Putnam","5","0","0"
"01-04 years","Quitman","1","0","0"
"10-17 years","Quitman","2","0","0"
"18-29 years","Quitman","6","0","0"
"30-39 years","Quitman","4","0","1"
"40-49 years","Quitman","3","0","1"
"50-59 years","Quitman","6","0","0"
"60-69 years","Quitman","18","1","3"
"70-79 years","Quitman","2","0","1"
"80 & Older years","Quitman","2","0","1"
"01-04 years","Rabun","4","0","0"
"05-09 years","Rabun","6","0","0"
"10-17 years","Rabun","41","0","0"
"18-29 years","Rabun","100","0","5"
"30-39 years","Rabun","81","1","5"
"40-49 years","Rabun","63","0","3"
"50-59 years","Rabun","73","0","6"
"60-69 years","Rabun","81","1","14"
"70-79 years","Rabun","44","4","15"
"80 & Older years","Rabun","28","5","11"
"<1 years","Rabun","3","0","1"
"Unknown years","Rabun","3","0","0"
"05-09 years","Randolph","2","0","0"
"10-17 years","Randolph","4","0","0"
"18-29 years","Randolph","42","0","0"
"30-39 years","Randolph","50","2","3"
"40-49 years","Randolph","39","0","3"
"50-59 years","Randolph","74","3","15"
"60-69 years","Randolph","52","7","13"
"70-79 years","Randolph","32","3","10"
"80 & Older years","Randolph","46","15","16"
"<1 years","Randolph","1","0","0"
"Unknown years","Randolph","2","0","0"
"01-04 years","Richmond","89","0","0"
"05-09 years","Richmond","171","0","3"
"10-17 years","Richmond","536","0","3"
"18-29 years","Richmond","2169","3","27"
"30-39 years","Richmond","1585","3","47"
"40-49 years","Richmond","1356","13","70"
"50-59 years","Richmond","1311","17","111"
"60-69 years","Richmond","919","33","122"
"70-79 years","Richmond","516","39","133"
"80 & Older years","Richmond","347","83","157"
"<1 years","Richmond","39","0","2"
"Unknown years","Richmond","14","0","0"
"01-04 years","Rockdale","30","0","0"
"05-09 years","Rockdale","50","0","0"
"10-17 years","Rockdale","125","0","2"
"18-29 years","Rockdale","510","2","29"
"30-39 years","Rockdale","398","2","42"
"40-49 years","Rockdale","429","4","53"
"50-59 years","Rockdale","429","5","64"
"60-69 years","Rockdale","250","11","73"
"70-79 years","Rockdale","128","14","51"
"80 & Older years","Rockdale","66","10","26"
"<1 years","Rockdale","3","0","0"
"Unknown years","Rockdale","1","0","0"
"01-04 years","Schley","4","0","0"
"05-09 years","Schley","3","0","0"
"10-17 years","Schley","11","0","0"
"18-29 years","Schley","30","0","2"
"30-39 years","Schley","10","0","0"
"40-49 years","Schley","14","0","2"
"50-59 years","Schley","20","0","3"
"60-69 years","Schley","16","1","7"
"70-79 years","Schley","7","0","2"
"80 & Older years","Schley","3","1","1"
"<1 years","Schley","1","0","0"
"01-04 years","Screven","2","0","0"
"05-09 years","Screven","7","0","0"
"10-17 years","Screven","40","0","0"
"18-29 years","Screven","88","0","3"
"30-39 years","Screven","60","0","2"
"40-49 years","Screven","62","1","4"
"50-59 years","Screven","59","0","9"
"60-69 years","Screven","75","1","12"
"70-79 years","Screven","40","3","10"
"80 & Older years","Screven","28","6","7"
"<1 years","Screven","2","0","0"
"Unknown years","Screven","1","0","0"
"01-04 years","Seminole","12","0","0"
"05-09 years","Seminole","9","0","0"
"10-17 years","Seminole","38","0","0"
"18-29 years","Seminole","64","0","0"
"30-39 years","Seminole","54","0","0"
"40-49 years","Seminole","67","0","3"
"50-59 years","Seminole","71","1","6"
"60-69 years","Seminole","72","1","10"
"70-79 years","Seminole","44","5","8"
"80 & Older years","Seminole","21","5","10"
"<1 years","Seminole","2","0","0"
"01-04 years","Spalding","24","0","0"
"05-09 years","Spalding","21","0","0"
"10-17 years","Spalding","85","0","2"
"18-29 years","Spalding","314","0","12"
"30-39 years","Spalding","281","2","21"
"40-49 years","Spalding","264","2","23"
"50-59 years","Spalding","301","6","49"
"60-69 years","Spalding","239","12","41"
"70-79 years","Spalding","145","18","41"
"80 & Older years","Spalding","133","29","34"
"<1 years","Spalding","2","0","0"
"Unknown years","Spalding","3","0","0"
"01-04 years","Stephens","8","0","0"
"05-09 years","Stephens","23","0","0"
"10-17 years","Stephens","77","0","1"
"18-29 years","Stephens","256","0","10"
"30-39 years","Stephens","160","0","6"
"40-49 years","Stephens","197","1","15"
"50-59 years","Stephens","214","3","20"
"60-69 years","Stephens","209","11","37"
"70-79 years","Stephens","162","14","33"
"80 & Older years","Stephens","96","17","20"
"<1 years","Stephens","2","0","0"
"Unknown years","Stephens","9","0","0"
"01-04 years","Stewart","2","0","0"
"05-09 years","Stewart","2","0","0"
"10-17 years","Stewart","9","0","0"
"18-29 years","Stewart","118","0","10"
"30-39 years","Stewart","164","1","15"
"40-49 years","Stewart","109","1","14"
"50-59 years","Stewart","62","1","10"
"60-69 years","Stewart","50","8","21"
"70-79 years","Stewart","21","2","3"
"80 & Older years","Stewart","16","4","4"
"<1 years","Stewart","1","0","0"
"Unknown years","Stewart","14","0","4"
"01-04 years","Sumter","8","0","0"
"05-09 years","Sumter","14","0","0"
"10-17 years","Sumter","25","0","2"
"18-29 years","Sumter","176","1","6"
"30-39 years","Sumter","142","1","16"
"40-49 years","Sumter","126","3","18"
"50-59 years","Sumter","157","2","37"
"60-69 years","Sumter","157","20","56"
"70-79 years","Sumter","114","20","37"
"80 & Older years","Sumter","74","22","36"
"<1 years","Sumter","1","0","0"
"Unknown years","Sumter","4","0","0"
"01-04 years","Talbot","2","0","0"
"05-09 years","Talbot","1","0","0"
"10-17 years","Talbot","19","0","0"
"18-29 years","Talbot","23","0","1"
"30-39 years","Talbot","18","0","1"
"40-49 years","Talbot","39","1","4"
"50-59 years","Talbot","34","1","5"
"60-69 years","Talbot","30","2","8"
"70-79 years","Talbot","19","2","3"
"80 & Older years","Talbot","13","2","6"
"05-09 years","Taliaferro","1","0","0"
"10-17 years","Taliaferro","2","0","0"
"18-29 years","Taliaferro","4","0","0"
"30-39 years","Taliaferro","4","0","0"
"40-49 years","Taliaferro","9","0","1"
"50-59 years","Taliaferro","7","0","0"
"60-69 years","Taliaferro","1","0","0"
"70-79 years","Taliaferro","4","0","0"
"80 & Older years","Taliaferro","1","0","1"
"01-04 years","Tattnall","19","0","0"
"05-09 years","Tattnall","28","0","0"
"10-17 years","Tattnall","82","0","0"
"18-29 years","Tattnall","210","0","1"
"30-39 years","Tattnall","141","0","3"
"40-49 years","Tattnall","154","0","5"
"50-59 years","Tattnall","155","3","14"
"60-69 years","Tattnall","121","6","18"
"70-79 years","Tattnall","55","7","22"
"80 & Older years","Tattnall","22","3","7"
"<1 years","Tattnall","4","0","0"
"Unknown years","Tattnall","2","0","1"
"01-04 years","Taylor","9","0","0"
"05-09 years","Taylor","7","0","0"
"10-17 years","Taylor","32","0","1"
"18-29 years","Taylor","48","0","0"
"30-39 years","Taylor","23","0","3"
"40-49 years","Taylor","40","1","4"
"50-59 years","Taylor","32","0","6"
"60-69 years","Taylor","27","5","10"
"70-79 years","Taylor","22","2","6"
"80 & Older years","Taylor","14","5","5"
"<1 years","Taylor","3","0","0"
"01-04 years","Telfair","6","0","0"
"05-09 years","Telfair","8","0","0"
"10-17 years","Telfair","10","0","0"
"18-29 years","Telfair","106","0","2"
"30-39 years","Telfair","70","0","1"
"40-49 years","Telfair","76","0","5"
"50-59 years","Telfair","73","3","9"
"60-69 years","Telfair","80","5","15"
"70-79 years","Telfair","51","6","12"
"80 & Older years","Telfair","33","11","7"
"<1 years","Telfair","3","0","0"
"01-04 years","Terrell","4","0","0"
"05-09 years","Terrell","1","0","0"
"10-17 years","Terrell","18","0","0"
"18-29 years","Terrell","40","0","1"
"30-39 years","Terrell","51","0","8"
"40-49 years","Terrell","43","0","7"
"50-59 years","Terrell","58","3","8"
"60-69 years","Terrell","65","9","24"
"70-79 years","Terrell","43","12","20"
"80 & Older years","Terrell","24","8","8"
"01-04 years","Thomas","24","0","0"
"05-09 years","Thomas","31","0","0"
"10-17 years","Thomas","100","0","0"
"18-29 years","Thomas","298","1","12"
"30-39 years","Thomas","248","0","10"
"40-49 years","Thomas","254","4","16"
"50-59 years","Thomas","273","4","22"
"60-69 years","Thomas","230","9","51"
"70-79 years","Thomas","143","25","35"
"80 & Older years","Thomas","87","34","31"
"<1 years","Thomas","5","0","1"
"01-04 years","Tift","19","0","0"
"05-09 years","Tift","40","0","2"
"10-17 years","Tift","156","0","3"
"18-29 years","Tift","541","0","11"
"30-39 years","Tift","324","1","20"
"40-49 years","Tift","339","6","37"
"50-59 years","Tift","280","9","44"
"60-69 years","Tift","207","13","49"
"70-79 years","Tift","152","20","52"
"80 & Older years","Tift","68","18","37"
"<1 years","Tift","9","0","0"
"Unknown years","Tift","10","0","0"
"01-04 years","Toombs","18","0","0"
"05-09 years","Toombs","33","0","0"
"10-17 years","Toombs","122","0","1"
"18-29 years","Toombs","328","0","5"
"30-39 years","Toombs","250","0","1"
"40-49 years","Toombs","238","1","18"
"50-59 years","Toombs","217","5","15"
"60-69 years","Toombs","177","4","32"
"70-79 years","Toombs","133","23","30"
"80 & Older years","Toombs","85","26","20"
"<1 years","Toombs","1","0","0"
"01-04 years","Towns","1","0","0"
"05-09 years","Towns","4","0","0"
"10-17 years","Towns","17","0","0"
"18-29 years","Towns","87","0","2"
"30-39 years","Towns","48","0","2"
"40-49 years","Towns","49","1","4"
"50-59 years","Towns","80","1","7"
"60-69 years","Towns","101","0","9"
"70-79 years","Towns","79","5","19"
"80 & Older years","Towns","56","11","24"
"Unknown years","Towns","1","0","0"
"01-04 years","Treutlen","2","0","0"
"05-09 years","Treutlen","8","0","0"
"10-17 years","Treutlen","24","0","0"
"18-29 years","Treutlen","52","0","1"
"30-39 years","Treutlen","46","0","2"
"40-49 years","Treutlen","58","0","5"
"50-59 years","Treutlen","53","1","5"
"60-69 years","Treutlen","36","2","9"
"70-79 years","Treutlen","31","7","6"
"80 & Older years","Treutlen","18","3","5"
"01-04 years","Troup","86","0","0"
"05-09 years","Troup","99","0","0"
"10-17 years","Troup","226","0","2"
"18-29 years","Troup","714","0","23"
"30-39 years","Troup","520","5","32"
"40-49 years","Troup","440","2","40"
"50-59 years","Troup","470","11","79"
"60-69 years","Troup","329","16","70"
"70-79 years","Troup","161","28","60"
"80 & Older years","Troup","156","53","48"
"<1 years","Troup","26","0","1"
"Unknown years","Troup","5","0","0"
"05-09 years","Turner","4","0","0"
"10-17 years","Turner","13","0","0"
"18-29 years","Turner","51","0","1"
"30-39 years","Turner","71","0","6"
"40-49 years","Turner","55","0","3"
"50-59 years","Turner","66","2","8"
"60-69 years","Turner","49","6","17"
"70-79 years","Turner","28","6","10"
"80 & Older years","Turner","23","11","8"
"<1 years","Turner","1","0","1"
"Unknown years","Turner","1","0","0"
"01-04 years","Twiggs","6","0","0"
"05-09 years","Twiggs","1","0","0"
"10-17 years","Twiggs","14","0","0"
"18-29 years","Twiggs","29","0","1"
"30-39 years","Twiggs","32","1","4"
"40-49 years","Twiggs","35","1","7"
"50-59 years","Twiggs","45","2","9"
"60-69 years","Twiggs","47","3","19"
"70-79 years","Twiggs","24","3","12"
"80 & Older years","Twiggs","8","4","7"
"01-04 years","Union","4","0","0"
"05-09 years","Union","12","0","0"
"10-17 years","Union","31","0","1"
"18-29 years","Union","124","1","1"
"30-39 years","Union","110","0","2"
"40-49 years","Union","125","0","10"
"50-59 years","Union","148","2","10"
"60-69 years","Union","173","3","23"
"70-79 years","Union","167","12","30"
"80 & Older years","Union","124","14","28"
"<1 years","Union","1","0","0"
"Unknown years","Union","3","0","0"
"01-04 years","Unknown","12","0","0"
"05-09 years","Unknown","35","0","0"
"10-17 years","Unknown","145","0","0"
"18-29 years","Unknown","565","0","3"
"30-39 years","Unknown","328","0","2"
"40-49 years","Unknown","290","0","2"
"50-59 years","Unknown","255","1","5"
"60-69 years","Unknown","146","0","3"
"70-79 years","Unknown","112","0","9"
"80 & Older years","Unknown","53","1","8"
"<1 years","Unknown","19","0","0"
"Unknown years","Unknown","59","0","3"
"01-04 years","Upson","17","0","0"
"05-09 years","Upson","23","0","0"
"10-17 years","Upson","53","0","1"
"18-29 years","Upson","142","0","5"
"30-39 years","Upson","97","1","4"
"40-49 years","Upson","116","1","7"
"50-59 years","Upson","147","4","15"
"60-69 years","Upson","132","15","22"
"70-79 years","Upson","94","24","26"
"80 & Older years","Upson","75","26","22"
"<1 years","Upson","4","0","0"
"Unknown years","Upson","5","0","0"
"01-04 years","Walker","18","0","0"
"05-09 years","Walker","47","0","0"
"10-17 years","Walker","211","0","1"
"18-29 years","Walker","412","0","2"
"30-39 years","Walker","324","0","6"
"40-49 years","Walker","379","3","12"
"50-59 years","Walker","329","1","16"
"60-69 years","Walker","292","10","29"
"70-79 years","Walker","198","21","24"
"80 & Older years","Walker","124","14","18"
"<1 years","Walker","13","0","0"
"Unknown years","Walker","31","0","2"
"01-04 years","Walton","18","0","0"
"05-09 years","Walton","44","0","1"
"10-17 years","Walton","190","0","2"
"18-29 years","Walton","493","0","14"
"30-39 years","Walton","388","0","17"
"40-49 years","Walton","408","1","29"
"50-59 years","Walton","424","4","43"
"60-69 years","Walton","291","10","38"
"70-79 years","Walton","223","22","56"
"80 & Older years","Walton","160","38","45"
"<1 years","Walton","6","0","1"
"Unknown years","Walton","1","0","0"
"01-04 years","Ware","41","0","1"
"05-09 years","Ware","38","0","0"
"10-17 years","Ware","150","0","2"
"18-29 years","Ware","374","0","5"
"30-39 years","Ware","296","0","14"
"40-49 years","Ware","237","2","22"
"50-59 years","Ware","257","6","39"
"60-69 years","Ware","185","8","34"
"70-79 years","Ware","166","26","62"
"80 & Older years","Ware","114","28","32"
"<1 years","Ware","9","0","0"
"Unknown years","Ware","10","0","1"
"01-04 years","Warren","4","0","0"
"05-09 years","Warren","1","0","0"
"10-17 years","Warren","9","0","0"
"18-29 years","Warren","26","0","2"
"30-39 years","Warren","28","0","2"
"40-49 years","Warren","26","1","4"
"50-59 years","Warren","37","1","6"
"60-69 years","Warren","23","2","5"
"70-79 years","Warren","17","1","6"
"80 & Older years","Warren","9","1","2"
"<1 years","Warren","2","0","1"
"Unknown years","Warren","2","0","0"
"01-04 years","Washington","12","0","0"
"05-09 years","Washington","11","0","0"
"10-17 years","Washington","59","0","1"
"18-29 years","Washington","162","0","3"
"30-39 years","Washington","139","0","6"
"40-49 years","Washington","172","1","7"
"50-59 years","Washington","130","1","9"
"60-69 years","Washington","115","6","11"
"70-79 years","Washington","72","4","10"
"80 & Older years","Washington","50","5","6"
"<1 years","Washington","8","0","0"
"Unknown years","Washington","5","0","0"
"01-04 years","Wayne","18","0","0"
"05-09 years","Wayne","8","0","0"
"10-17 years","Wayne","61","0","0"
"18-29 years","Wayne","218","1","6"
"30-39 years","Wayne","215","0","3"
"40-49 years","Wayne","253","1","22"
"50-59 years","Wayne","206","4","13"
"60-69 years","Wayne","152","11","33"
"70-79 years","Wayne","144","14","40"
"80 & Older years","Wayne","68","12","14"
"<1 years","Wayne","2","0","0"
"Unknown years","Wayne","6","0","0"
"18-29 years","Webster","10","0","1"
"30-39 years","Webster","3","0","0"
"40-49 years","Webster","7","0","2"
"50-59 years","Webster","10","2","4"
"60-69 years","Webster","10","0","3"
"70-79 years","Webster","4","0","0"
"Unknown years","Webster","2","0","0"
"05-09 years","Wheeler","2","0","0"
"10-17 years","Wheeler","12","0","0"
"18-29 years","Wheeler","36","0","0"
"30-39 years","Wheeler","60","2","2"
"40-49 years","Wheeler","69","1","3"
"50-59 years","Wheeler","76","5","5"
"60-69 years","Wheeler","48","3","5"
"70-79 years","Wheeler","33","3","6"
"80 & Older years","Wheeler","8","2","1"
"<1 years","Wheeler","1","0","0"
"Unknown years","Wheeler","24","0","1"
"01-04 years","White","9","0","0"
"05-09 years","White","19","0","0"
"10-17 years","White","89","0","1"
"18-29 years","White","190","1","4"
"30-39 years","White","140","1","5"
"40-49 years","White","167","1","7"
"50-59 years","White","178","2","18"
"60-69 years","White","175","3","29"
"70-79 years","White","128","5","32"
"80 & Older years","White","81","13","29"
"<1 years","White","4","0","0"
"Unknown years","White","11","0","0"
"01-04 years","Whitfield","87","0","2"
"05-09 years","Whitfield","152","0","2"
"10-17 years","Whitfield","570","0","1"
"18-29 years","Whitfield","1870","0","30"
"30-39 years","Whitfield","1105","1","31"
"40-49 years","Whitfield","1177","2","43"
"50-59 years","Whitfield","991","10","57"
"60-69 years","Whitfield","580","18","71"
"70-79 years","Whitfield","289","17","54"
"80 & Older years","Whitfield","156","27","40"
"<1 years","Whitfield","41","0","4"
"Unknown years","Whitfield","6","0","0"
"01-04 years","Wilcox","8","0","0"
"05-09 years","Wilcox","3","0","0"
"10-17 years","Wilcox","11","0","0"
"18-29 years","Wilcox","17","0","0"
"30-39 years","Wilcox","23","0","1"
"40-49 years","Wilcox","49","0","11"
"50-59 years","Wilcox","41","1","9"
"60-69 years","Wilcox","65","9","20"
"70-79 years","Wilcox","37","9","8"
"80 & Older years","Wilcox","16","7","4"
"<1 years","Wilcox","1","0","0"
"Unknown years","Wilcox","2","0","0"
"01-04 years","Wilkes","5","0","0"
"05-09 years","Wilkes","8","0","0"
"10-17 years","Wilkes","30","0","0"
"18-29 years","Wilkes","68","0","0"
"30-39 years","Wilkes","47","0","4"
"40-49 years","Wilkes","60","0","8"
"50-59 years","Wilkes","62","1","3"
"60-69 years","Wilkes","31","0","8"
"70-79 years","Wilkes","30","2","13"
"80 & Older years","Wilkes","12","4","8"
"<1 years","Wilkes","1","0","0"
"Unknown years","Wilkes","1","0","0"
"01-04 years","Wilkinson","4","0","0"
"05-09 years","Wilkinson","7","0","0"
"10-17 years","Wilkinson","12","0","0"
"18-29 years","Wilkinson","68","0","2"
"30-39 years","Wilkinson","49","0","4"
"40-49 years","Wilkinson","44","0","2"
"50-59 years","Wilkinson","83","3","17"
"60-69 years","Wilkinson","81","5","19"
"70-79 years","Wilkinson","33","6","15"
"80 & Older years","Wilkinson","21","4","10"
"01-04 years","Worth","7","0","0"
"05-09 years","Worth","6","0","0"
"10-17 years","Worth","30","0","3"
"18-29 years","Worth","105","0","5"
"30-39 years","Worth","67","0","5"
"40-49 years","Worth","82","1","10"
"50-59 years","Worth","105","4","18"
"60-69 years","Worth","105","13","35"
"70-79 years","Worth","64","9","17"
"80 & Older years","Worth","47","8","12"
"<1 years","Worth","3","0","0"
"Unknown years","Worth","1","0","0"
