"age group","county name","cases","deaths","hospitalization"
"01-04 years","Georgia","12089","1","239"
"05-09 years","Georgia","19854","2","181"
"10-17 years","Georgia","67721","7","719"
"18-29 years","Georgia","199921","126","3871"
"30-39 years","Georgia","144817","260","5058"
"40-49 years","Georgia","139869","623","7320"
"50-59 years","Georgia","132500","1691","10982"
"60-69 years","Georgia","89280","3543","13012"
"70-79 years","Georgia","51643","5113","12317"
"80 & Older years","Georgia","29787","6619","9509"
"<1 years","Georgia","3347","0","183"
"Unknown years","Georgia","3617","1","86"
"01-04 years","Appling","31","0","0"
"05-09 years","Appling","53","0","0"
"10-17 years","Appling","163","0","1"
"18-29 years","Appling","349","1","7"
"30-39 years","Appling","259","1","5"
"40-49 years","Appling","259","4","18"
"50-59 years","Appling","299","7","31"
"60-69 years","Appling","256","15","53"
"70-79 years","Appling","168","18","35"
"80 & Older years","Appling","83","21","32"
"<1 years","Appling","5","0","0"
"01-04 years","Atkinson","6","0","1"
"05-09 years","Atkinson","19","0","1"
"10-17 years","Atkinson","51","0","0"
"18-29 years","Atkinson","173","0","9"
"30-39 years","Atkinson","123","0","9"
"40-49 years","Atkinson","136","2","25"
"50-59 years","Atkinson","138","2","25"
"60-69 years","Atkinson","87","6","26"
"70-79 years","Atkinson","42","5","14"
"80 & Older years","Atkinson","14","5","10"
"<1 years","Atkinson","3","0","0"
"01-04 years","Bacon","18","0","0"
"05-09 years","Bacon","23","0","0"
"10-17 years","Bacon","77","0","1"
"18-29 years","Bacon","399","0","1"
"30-39 years","Bacon","192","0","5"
"40-49 years","Bacon","173","1","12"
"50-59 years","Bacon","155","2","16"
"60-69 years","Bacon","127","9","25"
"70-79 years","Bacon","82","7","20"
"80 & Older years","Bacon","38","9","9"
"<1 years","Bacon","4","0","0"
"Unknown years","Bacon","1","0","0"
"01-04 years","Baker","7","0","0"
"05-09 years","Baker","4","0","0"
"10-17 years","Baker","9","0","0"
"18-29 years","Baker","25","0","0"
"30-39 years","Baker","22","0","3"
"40-49 years","Baker","14","1","2"
"50-59 years","Baker","21","0","1"
"60-69 years","Baker","33","3","15"
"70-79 years","Baker","18","2","10"
"80 & Older years","Baker","9","3","3"
"<1 years","Baker","1","0","0"
"01-04 years","Baldwin","31","0","0"
"05-09 years","Baldwin","54","0","0"
"10-17 years","Baldwin","204","1","5"
"18-29 years","Baldwin","1287","0","15"
"30-39 years","Baldwin","479","1","16"
"40-49 years","Baldwin","493","2","31"
"50-59 years","Baldwin","498","12","60"
"60-69 years","Baldwin","389","23","76"
"70-79 years","Baldwin","261","29","58"
"80 & Older years","Baldwin","160","49","65"
"<1 years","Baldwin","14","0","0"
"01-04 years","Banks","11","0","0"
"05-09 years","Banks","31","0","1"
"10-17 years","Banks","109","0","2"
"18-29 years","Banks","311","0","9"
"30-39 years","Banks","213","0","6"
"40-49 years","Banks","240","0","18"
"50-59 years","Banks","264","2","26"
"60-69 years","Banks","214","6","44"
"70-79 years","Banks","155","15","56"
"80 & Older years","Banks","80","12","30"
"<1 years","Banks","6","0","1"
"Unknown years","Banks","21","0","1"
"01-04 years","Barrow","101","0","0"
"05-09 years","Barrow","186","0","0"
"10-17 years","Barrow","700","0","8"
"18-29 years","Barrow","1813","2","39"
"30-39 years","Barrow","1526","1","50"
"40-49 years","Barrow","1572","5","71"
"50-59 years","Barrow","1317","8","106"
"60-69 years","Barrow","878","32","144"
"70-79 years","Barrow","511","36","107"
"80 & Older years","Barrow","246","52","92"
"<1 years","Barrow","31","0","2"
"Unknown years","Barrow","16","0","0"
"01-04 years","Bartow","118","0","6"
"05-09 years","Bartow","229","0","2"
"10-17 years","Bartow","957","0","13"
"18-29 years","Bartow","2132","0","26"
"30-39 years","Bartow","1751","4","53"
"40-49 years","Bartow","1825","3","87"
"50-59 years","Bartow","1869","17","162"
"60-69 years","Bartow","1146","39","162"
"70-79 years","Bartow","758","74","193"
"80 & Older years","Bartow","378","75","129"
"<1 years","Bartow","41","0","2"
"Unknown years","Bartow","141","0","7"
"01-04 years","Ben Hill","29","0","1"
"05-09 years","Ben Hill","20","0","0"
"10-17 years","Ben Hill","98","0","0"
"18-29 years","Ben Hill","262","0","4"
"30-39 years","Ben Hill","217","3","11"
"40-49 years","Ben Hill","205","1","10"
"50-59 years","Ben Hill","239","6","30"
"60-69 years","Ben Hill","203","12","29"
"70-79 years","Ben Hill","145","19","51"
"80 & Older years","Ben Hill","71","20","19"
"<1 years","Ben Hill","6","0","1"
"Unknown years","Ben Hill","2","0","0"
"01-04 years","Berrien","16","0","0"
"05-09 years","Berrien","23","0","0"
"10-17 years","Berrien","96","0","1"
"18-29 years","Berrien","205","0","0"
"30-39 years","Berrien","164","0","3"
"40-49 years","Berrien","140","0","5"
"50-59 years","Berrien","171","3","17"
"60-69 years","Berrien","124","8","17"
"70-79 years","Berrien","80","10","16"
"80 & Older years","Berrien","47","11","13"
"<1 years","Berrien","2","0","0"
"Unknown years","Berrien","1","0","0"
"01-04 years","Bibb","136","0","3"
"05-09 years","Bibb","191","0","0"
"10-17 years","Bibb","669","0","9"
"18-29 years","Bibb","2997","1","87"
"30-39 years","Bibb","2131","6","113"
"40-49 years","Bibb","2142","17","205"
"50-59 years","Bibb","1981","26","284"
"60-69 years","Bibb","1585","92","424"
"70-79 years","Bibb","958","118","366"
"80 & Older years","Bibb","595","150","298"
"<1 years","Bibb","46","0","4"
"Unknown years","Bibb","3","0","0"
"01-04 years","Bleckley","5","0","0"
"05-09 years","Bleckley","16","0","0"
"10-17 years","Bleckley","70","0","0"
"18-29 years","Bleckley","189","0","3"
"30-39 years","Bleckley","98","1","4"
"40-49 years","Bleckley","106","1","2"
"50-59 years","Bleckley","108","2","5"
"60-69 years","Bleckley","86","7","11"
"70-79 years","Bleckley","64","5","12"
"80 & Older years","Bleckley","61","18","12"
"<1 years","Bleckley","3","0","0"
"01-04 years","Brantley","12","0","0"
"05-09 years","Brantley","14","0","0"
"10-17 years","Brantley","89","0","1"
"18-29 years","Brantley","162","0","2"
"30-39 years","Brantley","127","0","4"
"40-49 years","Brantley","135","1","6"
"50-59 years","Brantley","156","2","15"
"60-69 years","Brantley","119","5","16"
"70-79 years","Brantley","91","17","27"
"80 & Older years","Brantley","50","10","13"
"<1 years","Brantley","1","0","0"
"01-04 years","Brooks","15","0","1"
"05-09 years","Brooks","25","0","0"
"10-17 years","Brooks","87","0","0"
"18-29 years","Brooks","178","0","1"
"30-39 years","Brooks","127","0","4"
"40-49 years","Brooks","125","1","12"
"50-59 years","Brooks","150","2","21"
"60-69 years","Brooks","101","6","17"
"70-79 years","Brooks","86","10","19"
"80 & Older years","Brooks","56","17","15"
"<1 years","Brooks","4","0","0"
"01-04 years","Bryan","53","0","0"
"05-09 years","Bryan","82","0","0"
"10-17 years","Bryan","282","0","3"
"18-29 years","Bryan","544","0","11"
"30-39 years","Bryan","463","1","10"
"40-49 years","Bryan","494","0","16"
"50-59 years","Bryan","362","5","30"
"60-69 years","Bryan","262","12","30"
"70-79 years","Bryan","160","10","52"
"80 & Older years","Bryan","67","9","28"
"<1 years","Bryan","14","0","0"
"Unknown years","Bryan","3","0","0"
"01-04 years","Bulloch","61","0","0"
"05-09 years","Bulloch","106","0","0"
"10-17 years","Bulloch","381","0","2"
"18-29 years","Bulloch","2280","0","11"
"30-39 years","Bulloch","653","4","22"
"40-49 years","Bulloch","558","2","23"
"50-59 years","Bulloch","533","8","38"
"60-69 years","Bulloch","388","15","48"
"70-79 years","Bulloch","199","17","43"
"80 & Older years","Bulloch","107","17","38"
"<1 years","Bulloch","26","0","2"
"Unknown years","Bulloch","1","0","0"
"01-04 years","Burke","21","0","0"
"05-09 years","Burke","45","0","0"
"10-17 years","Burke","144","0","1"
"18-29 years","Burke","353","1","8"
"30-39 years","Burke","270","1","10"
"40-49 years","Burke","300","2","17"
"50-59 years","Burke","280","4","34"
"60-69 years","Burke","218","7","40"
"70-79 years","Burke","124","14","34"
"80 & Older years","Burke","40","11","14"
"<1 years","Burke","7","0","0"
"Unknown years","Burke","1","0","0"
"01-04 years","Butts","24","0","3"
"05-09 years","Butts","30","0","0"
"10-17 years","Butts","120","0","4"
"18-29 years","Butts","431","0","6"
"30-39 years","Butts","398","0","8"
"40-49 years","Butts","368","4","16"
"50-59 years","Butts","391","8","25"
"60-69 years","Butts","276","17","35"
"70-79 years","Butts","191","23","25"
"80 & Older years","Butts","115","28","8"
"<1 years","Butts","7","0","1"
"Unknown years","Butts","3","0","0"
"01-04 years","Calhoun","7","0","0"
"05-09 years","Calhoun","1","0","0"
"10-17 years","Calhoun","39","0","0"
"18-29 years","Calhoun","68","0","6"
"30-39 years","Calhoun","62","2","6"
"40-49 years","Calhoun","77","2","9"
"50-59 years","Calhoun","83","2","18"
"60-69 years","Calhoun","72","2","19"
"70-79 years","Calhoun","25","5","9"
"80 & Older years","Calhoun","15","2","8"
"<1 years","Calhoun","3","0","0"
"Unknown years","Calhoun","1","0","0"
"01-04 years","Camden","46","0","0"
"05-09 years","Camden","42","0","1"
"10-17 years","Camden","231","0","1"
"18-29 years","Camden","798","0","6"
"30-39 years","Camden","528","1","18"
"40-49 years","Camden","438","2","12"
"50-59 years","Camden","488","2","22"
"60-69 years","Camden","370","6","29"
"70-79 years","Camden","213","5","26"
"80 & Older years","Camden","93","15","23"
"<1 years","Camden","8","0","2"
"01-04 years","Candler","9","0","0"
"05-09 years","Candler","15","0","0"
"10-17 years","Candler","57","0","0"
"18-29 years","Candler","134","0","0"
"30-39 years","Candler","99","0","3"
"40-49 years","Candler","129","3","3"
"50-59 years","Candler","128","6","13"
"60-69 years","Candler","101","9","14"
"70-79 years","Candler","72","14","18"
"80 & Older years","Candler","27","6","11"
"<1 years","Candler","5","0","0"
"01-04 years","Carroll","93","0","1"
"05-09 years","Carroll","140","0","2"
"10-17 years","Carroll","625","0","6"
"18-29 years","Carroll","1770","0","13"
"30-39 years","Carroll","1122","4","19"
"40-49 years","Carroll","1095","4","30"
"50-59 years","Carroll","1097","13","59"
"60-69 years","Carroll","771","25","73"
"70-79 years","Carroll","460","35","69"
"80 & Older years","Carroll","270","51","44"
"<1 years","Carroll","28","0","1"
"Unknown years","Carroll","7","0","0"
"01-04 years","Catoosa","90","0","0"
"05-09 years","Catoosa","155","0","1"
"10-17 years","Catoosa","499","0","2"
"18-29 years","Catoosa","1051","0","8"
"30-39 years","Catoosa","799","1","11"
"40-49 years","Catoosa","933","2","16"
"50-59 years","Catoosa","862","6","38"
"60-69 years","Catoosa","621","7","63"
"70-79 years","Catoosa","373","18","60"
"80 & Older years","Catoosa","252","31","50"
"<1 years","Catoosa","37","0","1"
"Unknown years","Catoosa","136","0","9"
"01-04 years","Charlton","12","0","0"
"05-09 years","Charlton","31","0","0"
"10-17 years","Charlton","66","0","0"
"18-29 years","Charlton","288","1","1"
"30-39 years","Charlton","249","0","4"
"40-49 years","Charlton","198","2","8"
"50-59 years","Charlton","150","2","5"
"60-69 years","Charlton","150","7","20"
"70-79 years","Charlton","58","6","13"
"80 & Older years","Charlton","31","9","15"
"<1 years","Charlton","2","0","0"
"01-04 years","Chatham","411","0","3"
"05-09 years","Chatham","500","1","1"
"10-17 years","Chatham","1383","0","14"
"18-29 years","Chatham","5151","3","63"
"30-39 years","Chatham","3516","5","115"
"40-49 years","Chatham","2883","13","165"
"50-59 years","Chatham","2584","42","250"
"60-69 years","Chatham","2079","84","371"
"70-79 years","Chatham","1105","123","358"
"80 & Older years","Chatham","704","159","304"
"<1 years","Chatham","115","0","5"
"Unknown years","Chatham","13","0","1"
"01-04 years","Chattahoochee","9","0","0"
"05-09 years","Chattahoochee","10","0","0"
"10-17 years","Chattahoochee","129","0","2"
"18-29 years","Chattahoochee","2988","7","6"
"30-39 years","Chattahoochee","286","2","4"
"40-49 years","Chattahoochee","55","0","0"
"50-59 years","Chattahoochee","29","0","8"
"60-69 years","Chattahoochee","18","0","4"
"70-79 years","Chattahoochee","11","1","3"
"80 & Older years","Chattahoochee","9","3","5"
"<1 years","Chattahoochee","8","0","0"
"Unknown years","Chattahoochee","1","0","0"
"01-04 years","Chattooga","16","0","0"
"05-09 years","Chattooga","33","0","0"
"10-17 years","Chattooga","194","0","1"
"18-29 years","Chattooga","393","0","7"
"30-39 years","Chattooga","306","0","8"
"40-49 years","Chattooga","354","2","15"
"50-59 years","Chattooga","343","5","26"
"60-69 years","Chattooga","287","15","44"
"70-79 years","Chattooga","174","18","48"
"80 & Older years","Chattooga","118","25","35"
"<1 years","Chattooga","10","0","1"
"Unknown years","Chattooga","30","0","1"
"01-04 years","Cherokee","250","0","8"
"05-09 years","Cherokee","584","0","9"
"10-17 years","Cherokee","2351","0","17"
"18-29 years","Cherokee","4454","2","78"
"30-39 years","Cherokee","3270","3","108"
"40-49 years","Cherokee","3712","5","132"
"50-59 years","Cherokee","3594","22","216"
"60-69 years","Cherokee","2189","49","264"
"70-79 years","Cherokee","1376","82","269"
"80 & Older years","Cherokee","813","148","234"
"<1 years","Cherokee","51","0","1"
"Unknown years","Cherokee","8","0","1"
"01-04 years","Clarke","174","0","1"
"05-09 years","Clarke","224","0","2"
"10-17 years","Clarke","629","0","5"
"18-29 years","Clarke","6123","1","41"
"30-39 years","Clarke","1648","2","35"
"40-49 years","Clarke","1319","3","53"
"50-59 years","Clarke","1195","12","74"
"60-69 years","Clarke","796","21","99"
"70-79 years","Clarke","467","50","115"
"80 & Older years","Clarke","244","50","73"
"<1 years","Clarke","46","0","2"
"Unknown years","Clarke","21","0","0"
"01-04 years","Clay","3","0","0"
"05-09 years","Clay","2","0","0"
"10-17 years","Clay","18","0","0"
"18-29 years","Clay","27","0","0"
"30-39 years","Clay","31","0","1"
"40-49 years","Clay","29","0","1"
"50-59 years","Clay","17","0","1"
"60-69 years","Clay","24","1","2"
"70-79 years","Clay","19","0","0"
"80 & Older years","Clay","14","2","5"
"Unknown years","Clay","1","0","0"
"01-04 years","Clayton","452","0","9"
"05-09 years","Clayton","665","1","8"
"10-17 years","Clayton","1713","0","37"
"18-29 years","Clayton","5139","6","115"
"30-39 years","Clayton","4482","12","169"
"40-49 years","Clayton","4037","27","203"
"50-59 years","Clayton","3796","60","291"
"60-69 years","Clayton","2370","129","269"
"70-79 years","Clayton","995","122","184"
"80 & Older years","Clayton","479","114","122"
"<1 years","Clayton","98","0","5"
"Unknown years","Clayton","38","0","2"
"01-04 years","Clinch","13","0","0"
"05-09 years","Clinch","20","0","0"
"10-17 years","Clinch","78","0","0"
"18-29 years","Clinch","131","0","2"
"30-39 years","Clinch","108","1","4"
"40-49 years","Clinch","106","0","4"
"50-59 years","Clinch","102","2","16"
"60-69 years","Clinch","107","7","17"
"70-79 years","Clinch","53","9","19"
"80 & Older years","Clinch","19","6","7"
"<1 years","Clinch","4","0","0"
"01-04 years","Cobb","794","1","20"
"05-09 years","Cobb","1422","0","11"
"10-17 years","Cobb","4615","0","45"
"18-29 years","Cobb","15247","5","242"
"30-39 years","Cobb","10430","19","277"
"40-49 years","Cobb","9850","35","435"
"50-59 years","Cobb","8783","72","579"
"60-69 years","Cobb","5397","146","565"
"70-79 years","Cobb","2937","293","548"
"80 & Older years","Cobb","1805","413","523"
"<1 years","Cobb","202","0","13"
"Unknown years","Cobb","67","0","2"
"01-04 years","Coffee","75","0","2"
"05-09 years","Coffee","99","0","4"
"10-17 years","Coffee","285","0","4"
"18-29 years","Coffee","819","0","22"
"30-39 years","Coffee","624","4","45"
"40-49 years","Coffee","691","6","87"
"50-59 years","Coffee","673","13","139"
"60-69 years","Coffee","528","35","137"
"70-79 years","Coffee","283","42","126"
"80 & Older years","Coffee","156","41","89"
"<1 years","Coffee","14","0","1"
"01-04 years","Colquitt","53","0","0"
"05-09 years","Colquitt","109","0","2"
"10-17 years","Colquitt","375","0","7"
"18-29 years","Colquitt","747","0","22"
"30-39 years","Colquitt","522","1","19"
"40-49 years","Colquitt","552","7","37"
"50-59 years","Colquitt","489","16","42"
"60-69 years","Colquitt","355","15","46"
"70-79 years","Colquitt","213","17","48"
"80 & Older years","Colquitt","137","27","31"
"<1 years","Colquitt","17","0","0"
"Unknown years","Colquitt","3","0","0"
"01-04 years","Columbia","145","0","2"
"05-09 years","Columbia","304","0","0"
"10-17 years","Columbia","1122","0","1"
"18-29 years","Columbia","2271","1","22"
"30-39 years","Columbia","2031","2","27"
"40-49 years","Columbia","1823","7","48"
"50-59 years","Columbia","1568","18","73"
"60-69 years","Columbia","1002","27","99"
"70-79 years","Columbia","535","44","111"
"80 & Older years","Columbia","312","65","100"
"<1 years","Columbia","35","0","1"
"Unknown years","Columbia","9","0","0"
"01-04 years","Cook","14","0","1"
"05-09 years","Cook","25","0","0"
"10-17 years","Cook","93","0","2"
"18-29 years","Cook","229","0","6"
"30-39 years","Cook","174","0","4"
"40-49 years","Cook","175","0","14"
"50-59 years","Cook","164","3","17"
"60-69 years","Cook","129","7","19"
"70-79 years","Cook","102","11","29"
"80 & Older years","Cook","54","17","15"
"<1 years","Cook","6","0","0"
"Unknown years","Cook","2","0","0"
"01-04 years","Coweta","112","0","0"
"05-09 years","Coweta","202","0","1"
"10-17 years","Coweta","660","0","7"
"18-29 years","Coweta","1643","1","16"
"30-39 years","Coweta","1280","3","30"
"40-49 years","Coweta","1370","9","50"
"50-59 years","Coweta","1597","26","73"
"60-69 years","Coweta","979","38","67"
"70-79 years","Coweta","602","59","81"
"80 & Older years","Coweta","332","72","47"
"<1 years","Coweta","27","0","1"
"Unknown years","Coweta","8","0","0"
"01-04 years","Crawford","2","0","0"
"05-09 years","Crawford","2","0","0"
"10-17 years","Crawford","28","0","2"
"18-29 years","Crawford","76","0","2"
"30-39 years","Crawford","72","0","6"
"40-49 years","Crawford","58","1","3"
"50-59 years","Crawford","115","3","16"
"60-69 years","Crawford","100","7","17"
"70-79 years","Crawford","43","5","15"
"80 & Older years","Crawford","24","2","10"
"01-04 years","Crisp","22","0","0"
"05-09 years","Crisp","30","0","0"
"10-17 years","Crisp","111","0","2"
"18-29 years","Crisp","233","0","10"
"30-39 years","Crisp","231","1","15"
"40-49 years","Crisp","216","3","21"
"50-59 years","Crisp","212","5","27"
"60-69 years","Crisp","205","19","41"
"70-79 years","Crisp","103","11","33"
"80 & Older years","Crisp","72","18","18"
"<1 years","Crisp","9","0","0"
"Unknown years","Crisp","7","0","0"
"01-04 years","Dade","16","0","0"
"05-09 years","Dade","38","0","0"
"10-17 years","Dade","103","0","0"
"18-29 years","Dade","231","0","1"
"30-39 years","Dade","157","0","2"
"40-49 years","Dade","196","0","7"
"50-59 years","Dade","176","2","11"
"60-69 years","Dade","132","1","9"
"70-79 years","Dade","94","6","19"
"80 & Older years","Dade","52","3","10"
"<1 years","Dade","7","0","0"
"Unknown years","Dade","40","1","3"
"01-04 years","Dawson","26","0","0"
"05-09 years","Dawson","49","0","0"
"10-17 years","Dawson","206","0","4"
"18-29 years","Dawson","548","0","15"
"30-39 years","Dawson","415","0","14"
"40-49 years","Dawson","384","0","23"
"50-59 years","Dawson","437","3","38"
"60-69 years","Dawson","354","6","72"
"70-79 years","Dawson","215","20","52"
"80 & Older years","Dawson","90","16","29"
"<1 years","Dawson","8","0","1"
"Unknown years","Dawson","28","0","1"
"01-04 years","DeKalb","899","0","24"
"05-09 years","DeKalb","1307","0","19"
"10-17 years","DeKalb","3575","0","62"
"18-29 years","DeKalb","13625","11","382"
"30-39 years","DeKalb","11657","20","548"
"40-49 years","DeKalb","9228","41","611"
"50-59 years","DeKalb","8380","114","857"
"60-69 years","DeKalb","5330","181","955"
"70-79 years","DeKalb","2643","255","731"
"80 & Older years","DeKalb","1626","340","526"
"<1 years","DeKalb","197","0","10"
"Unknown years","DeKalb","176","0","9"
"01-04 years","Decatur","57","0","1"
"05-09 years","Decatur","65","0","0"
"10-17 years","Decatur","206","0","0"
"18-29 years","Decatur","425","1","8"
"30-39 years","Decatur","331","1","8"
"40-49 years","Decatur","319","1","18"
"50-59 years","Decatur","279","5","29"
"60-69 years","Decatur","225","10","33"
"70-79 years","Decatur","142","20","28"
"80 & Older years","Decatur","99","17","23"
"<1 years","Decatur","9","0","0"
"Unknown years","Decatur","2","0","0"
"01-04 years","Dodge","7","0","0"
"05-09 years","Dodge","17","0","0"
"10-17 years","Dodge","88","1","1"
"18-29 years","Dodge","202","0","4"
"30-39 years","Dodge","150","0","5"
"40-49 years","Dodge","155","2","12"
"50-59 years","Dodge","184","5","20"
"60-69 years","Dodge","146","17","29"
"70-79 years","Dodge","83","16","22"
"80 & Older years","Dodge","55","16","16"
"<1 years","Dodge","4","0","0"
"01-04 years","Dooly","12","0","0"
"05-09 years","Dooly","17","0","0"
"10-17 years","Dooly","57","0","1"
"18-29 years","Dooly","111","0","5"
"30-39 years","Dooly","103","0","10"
"40-49 years","Dooly","135","1","9"
"50-59 years","Dooly","147","5","19"
"60-69 years","Dooly","127","10","24"
"70-79 years","Dooly","67","10","18"
"80 & Older years","Dooly","22","6","6"
"<1 years","Dooly","3","0","0"
"Unknown years","Dooly","2","0","0"
"01-04 years","Dougherty","68","0","3"
"05-09 years","Dougherty","121","0","0"
"10-17 years","Dougherty","268","0","7"
"18-29 years","Dougherty","1017","3","91"
"30-39 years","Dougherty","852","5","89"
"40-49 years","Dougherty","845","16","121"
"50-59 years","Dougherty","919","26","172"
"60-69 years","Dougherty","776","75","253"
"70-79 years","Dougherty","454","65","180"
"80 & Older years","Dougherty","272","93","129"
"<1 years","Dougherty","30","0","3"
"Unknown years","Dougherty","1","0","0"
"01-04 years","Douglas","194","0","5"
"05-09 years","Douglas","303","0","5"
"10-17 years","Douglas","961","0","7"
"18-29 years","Douglas","2408","1","53"
"30-39 years","Douglas","1983","3","77"
"40-49 years","Douglas","2253","7","125"
"50-59 years","Douglas","1996","23","174"
"60-69 years","Douglas","1157","38","185"
"70-79 years","Douglas","607","59","151"
"80 & Older years","Douglas","297","49","94"
"<1 years","Douglas","32","0","5"
"Unknown years","Douglas","14","0","1"
"01-04 years","Early","19","0","0"
"05-09 years","Early","18","0","0"
"10-17 years","Early","105","0","0"
"18-29 years","Early","155","1","5"
"30-39 years","Early","151","0","4"
"40-49 years","Early","171","1","9"
"50-59 years","Early","161","3","11"
"60-69 years","Early","121","11","13"
"70-79 years","Early","78","15","18"
"80 & Older years","Early","41","12","14"
"<1 years","Early","2","0","0"
"Unknown years","Early","1","0","0"
"01-04 years","Echols","8","0","0"
"05-09 years","Echols","5","0","0"
"10-17 years","Echols","26","0","1"
"18-29 years","Echols","131","0","1"
"30-39 years","Echols","60","1","3"
"40-49 years","Echols","43","0","1"
"50-59 years","Echols","44","0","2"
"60-69 years","Echols","22","0","0"
"70-79 years","Echols","17","2","3"
"80 & Older years","Echols","3","1","2"
"<1 years","Echols","1","0","0"
"01-04 years","Effingham","53","0","2"
"05-09 years","Effingham","123","0","1"
"10-17 years","Effingham","414","0","1"
"18-29 years","Effingham","692","0","7"
"30-39 years","Effingham","651","1","14"
"40-49 years","Effingham","600","1","31"
"50-59 years","Effingham","598","11","44"
"60-69 years","Effingham","389","9","60"
"70-79 years","Effingham","222","21","63"
"80 & Older years","Effingham","97","23","33"
"<1 years","Effingham","13","0","0"
"Unknown years","Effingham","2","0","0"
"01-04 years","Elbert","19","0","0"
"05-09 years","Elbert","30","0","0"
"10-17 years","Elbert","87","0","1"
"18-29 years","Elbert","266","1","2"
"30-39 years","Elbert","189","0","8"
"40-49 years","Elbert","220","1","9"
"50-59 years","Elbert","234","1","14"
"60-69 years","Elbert","190","6","23"
"70-79 years","Elbert","160","19","34"
"80 & Older years","Elbert","128","31","37"
"<1 years","Elbert","8","0","2"
"Unknown years","Elbert","2","0","0"
"01-04 years","Emanuel","25","0","1"
"05-09 years","Emanuel","24","0","0"
"10-17 years","Emanuel","167","0","2"
"18-29 years","Emanuel","321","1","0"
"30-39 years","Emanuel","235","0","8"
"40-49 years","Emanuel","290","2","7"
"50-59 years","Emanuel","259","6","29"
"60-69 years","Emanuel","227","10","30"
"70-79 years","Emanuel","134","16","26"
"80 & Older years","Emanuel","64","19","21"
"<1 years","Emanuel","5","0","0"
"Unknown years","Emanuel","4","0","1"
"01-04 years","Evans","14","0","0"
"05-09 years","Evans","20","0","0"
"10-17 years","Evans","87","0","0"
"18-29 years","Evans","155","1","3"
"30-39 years","Evans","129","0","3"
"40-49 years","Evans","115","0","10"
"50-59 years","Evans","113","3","16"
"60-69 years","Evans","69","4","16"
"70-79 years","Evans","50","6","16"
"80 & Older years","Evans","19","3","11"
"<1 years","Evans","2","0","0"
"01-04 years","Fannin","17","0","0"
"05-09 years","Fannin","34","0","0"
"10-17 years","Fannin","129","0","0"
"18-29 years","Fannin","299","0","6"
"30-39 years","Fannin","239","0","7"
"40-49 years","Fannin","270","1","11"
"50-59 years","Fannin","375","5","24"
"60-69 years","Fannin","364","7","40"
"70-79 years","Fannin","263","15","47"
"80 & Older years","Fannin","148","34","46"
"<1 years","Fannin","5","0","0"
"01-04 years","Fayette","69","0","1"
"05-09 years","Fayette","140","0","2"
"10-17 years","Fayette","552","0","3"
"18-29 years","Fayette","1270","1","8"
"30-39 years","Fayette","829","2","9"
"40-49 years","Fayette","1117","4","30"
"50-59 years","Fayette","1166","9","46"
"60-69 years","Fayette","870","25","57"
"70-79 years","Fayette","445","56","74"
"80 & Older years","Fayette","286","61","39"
"<1 years","Fayette","14","0","0"
"Unknown years","Fayette","11","0","0"
"01-04 years","Floyd","130","0","4"
"05-09 years","Floyd","222","0","1"
"10-17 years","Floyd","953","0","11"
"18-29 years","Floyd","2038","0","30"
"30-39 years","Floyd","1507","3","53"
"40-49 years","Floyd","1473","6","89"
"50-59 years","Floyd","1426","25","152"
"60-69 years","Floyd","1047","38","199"
"70-79 years","Floyd","699","52","193"
"80 & Older years","Floyd","400","69","154"
"<1 years","Floyd","46","0","2"
"Unknown years","Floyd","116","0","2"
"01-04 years","Forsyth","252","0","3"
"05-09 years","Forsyth","631","0","2"
"10-17 years","Forsyth","2259","0","7"
"18-29 years","Forsyth","3225","0","47"
"30-39 years","Forsyth","2438","1","61"
"40-49 years","Forsyth","3170","5","131"
"50-59 years","Forsyth","2923","10","176"
"60-69 years","Forsyth","1504","20","165"
"70-79 years","Forsyth","883","62","220"
"80 & Older years","Forsyth","522","91","167"
"<1 years","Forsyth","51","0","3"
"Unknown years","Forsyth","281","0","3"
"01-04 years","Franklin","19","0","2"
"05-09 years","Franklin","58","0","0"
"10-17 years","Franklin","192","0","6"
"18-29 years","Franklin","446","0","10"
"30-39 years","Franklin","304","0","5"
"40-49 years","Franklin","353","0","13"
"50-59 years","Franklin","355","1","24"
"60-69 years","Franklin","316","3","34"
"70-79 years","Franklin","187","18","35"
"80 & Older years","Franklin","88","21","26"
"<1 years","Franklin","7","0","1"
"Unknown years","Franklin","38","0","0"
"01-04 years","Fulton","1101","0","30"
"05-09 years","Fulton","1769","0","16"
"10-17 years","Fulton","5678","1","51"
"18-29 years","Fulton","21724","5","384"
"30-39 years","Fulton","16005","24","557"
"40-49 years","Fulton","12718","39","651"
"50-59 years","Fulton","11343","116","965"
"60-69 years","Fulton","6635","236","911"
"70-79 years","Fulton","3509","349","839"
"80 & Older years","Fulton","2511","537","791"
"<1 years","Fulton","234","0","12"
"Unknown years","Fulton","136","0","2"
"01-04 years","Gilmer","30","0","2"
"05-09 years","Gilmer","39","0","0"
"10-17 years","Gilmer","192","0","2"
"18-29 years","Gilmer","371","0","11"
"30-39 years","Gilmer","329","0","17"
"40-49 years","Gilmer","366","0","18"
"50-59 years","Gilmer","402","11","29"
"60-69 years","Gilmer","377","8","47"
"70-79 years","Gilmer","261","22","57"
"80 & Older years","Gilmer","137","34","41"
"<1 years","Gilmer","11","0","0"
"Unknown years","Gilmer","1","0","0"
"01-04 years","Glascock","1","0","0"
"05-09 years","Glascock","3","0","0"
"10-17 years","Glascock","1","0","0"
"18-29 years","Glascock","22","0","1"
"30-39 years","Glascock","17","0","0"
"40-49 years","Glascock","21","0","1"
"50-59 years","Glascock","28","2","3"
"60-69 years","Glascock","17","0","4"
"70-79 years","Glascock","25","3","6"
"80 & Older years","Glascock","9","2","5"
"<1 years","Glascock","1","0","0"
"Unknown years","Glascock","1","0","0"
"01-04 years","Glynn","107","0","1"
"05-09 years","Glynn","189","0","1"
"10-17 years","Glynn","613","0","3"
"18-29 years","Glynn","1421","0","24"
"30-39 years","Glynn","1125","5","31"
"40-49 years","Glynn","958","4","38"
"50-59 years","Glynn","900","10","70"
"60-69 years","Glynn","732","31","119"
"70-79 years","Glynn","457","44","82"
"80 & Older years","Glynn","258","64","92"
"<1 years","Glynn","18","0","0"
"Unknown years","Glynn","16","0","0"
"01-04 years","Gordon","89","0","1"
"05-09 years","Gordon","131","0","0"
"10-17 years","Gordon","580","0","5"
"18-29 years","Gordon","1286","0","15"
"30-39 years","Gordon","994","2","19"
"40-49 years","Gordon","1053","5","36"
"50-59 years","Gordon","1045","15","59"
"60-69 years","Gordon","645","25","57"
"70-79 years","Gordon","373","28","83"
"80 & Older years","Gordon","194","32","55"
"<1 years","Gordon","27","0","3"
"Unknown years","Gordon","117","0","3"
"01-04 years","Grady","35","0","1"
"05-09 years","Grady","48","0","0"
"10-17 years","Grady","142","0","5"
"18-29 years","Grady","266","0","10"
"30-39 years","Grady","238","0","10"
"40-49 years","Grady","245","1","26"
"50-59 years","Grady","231","7","32"
"60-69 years","Grady","166","5","28"
"70-79 years","Grady","154","17","47"
"80 & Older years","Grady","55","17","21"
"<1 years","Grady","2","0","1"
"Unknown years","Grady","3","0","0"
"01-04 years","Greene","16","0","0"
"05-09 years","Greene","32","0","0"
"10-17 years","Greene","87","0","0"
"18-29 years","Greene","264","0","7"
"30-39 years","Greene","186","0","7"
"40-49 years","Greene","184","3","14"
"50-59 years","Greene","223","6","20"
"60-69 years","Greene","235","9","21"
"70-79 years","Greene","176","10","28"
"80 & Older years","Greene","107","28","42"
"<1 years","Greene","3","0","1"
"Unknown years","Greene","2","0","0"
"01-04 years","Gwinnett","1365","0","19"
"05-09 years","Gwinnett","2215","0","29"
"10-17 years","Gwinnett","7300","2","86"
"18-29 years","Gwinnett","19504","10","581"
"30-39 years","Gwinnett","14809","20","606"
"40-49 years","Gwinnett","15693","60","840"
"50-59 years","Gwinnett","13425","107","940"
"60-69 years","Gwinnett","7364","213","963"
"70-79 years","Gwinnett","3334","286","787"
"80 & Older years","Gwinnett","1861","404","680"
"<1 years","Gwinnett","405","0","20"
"Unknown years","Gwinnett","91","0","0"
"01-04 years","Habersham","32","0","3"
"05-09 years","Habersham","58","0","3"
"10-17 years","Habersham","315","1","8"
"18-29 years","Habersham","880","1","14"
"30-39 years","Habersham","659","2","30"
"40-49 years","Habersham","690","3","42"
"50-59 years","Habersham","713","6","57"
"60-69 years","Habersham","581","21","117"
"70-79 years","Habersham","390","51","112"
"80 & Older years","Habersham","281","70","90"
"<1 years","Habersham","10","0","3"
"Unknown years","Habersham","64","0","3"
"01-04 years","Hall","198","0","9"
"05-09 years","Hall","416","0","5"
"10-17 years","Hall","1862","0","33"
"18-29 years","Hall","5483","3","167"
"30-39 years","Hall","3725","3","201"
"40-49 years","Hall","3885","12","278"
"50-59 years","Hall","4023","37","405"
"60-69 years","Hall","2686","82","429"
"70-79 years","Hall","1717","126","486"
"80 & Older years","Hall","953","187","390"
"<1 years","Hall","36","0","7"
"Unknown years","Hall","284","0","8"
"01-04 years","Hancock","7","0","0"
"05-09 years","Hancock","8","0","0"
"10-17 years","Hancock","37","0","1"
"18-29 years","Hancock","135","0","3"
"30-39 years","Hancock","112","0","2"
"40-49 years","Hancock","111","1","7"
"50-59 years","Hancock","146","4","16"
"60-69 years","Hancock","144","17","32"
"70-79 years","Hancock","75","19","24"
"80 & Older years","Hancock","63","23","24"
"<1 years","Hancock","4","0","0"
"01-04 years","Haralson","24","0","0"
"05-09 years","Haralson","39","0","0"
"10-17 years","Haralson","156","0","2"
"18-29 years","Haralson","354","0","3"
"30-39 years","Haralson","227","0","5"
"40-49 years","Haralson","247","2","8"
"50-59 years","Haralson","275","1","7"
"60-69 years","Haralson","202","13","25"
"70-79 years","Haralson","129","12","18"
"80 & Older years","Haralson","54","7","10"
"<1 years","Haralson","7","0","1"
"Unknown years","Haralson","5","0","0"
"01-04 years","Harris","32","0","0"
"05-09 years","Harris","34","0","0"
"10-17 years","Harris","193","0","2"
"18-29 years","Harris","348","0","6"
"30-39 years","Harris","256","0","7"
"40-49 years","Harris","374","3","11"
"50-59 years","Harris","396","7","24"
"60-69 years","Harris","328","14","53"
"70-79 years","Harris","190","22","44"
"80 & Older years","Harris","62","12","14"
"<1 years","Harris","5","0","0"
"Unknown years","Harris","5","0","0"
"01-04 years","Hart","17","0","0"
"05-09 years","Hart","24","0","1"
"10-17 years","Hart","95","0","0"
"18-29 years","Hart","301","0","2"
"30-39 years","Hart","262","0","7"
"40-49 years","Hart","238","0","8"
"50-59 years","Hart","286","3","19"
"60-69 years","Hart","231","13","32"
"70-79 years","Hart","150","8","24"
"80 & Older years","Hart","86","13","26"
"<1 years","Hart","6","0","1"
"Unknown years","Hart","19","0","0"
"01-04 years","Heard","8","0","0"
"05-09 years","Heard","16","0","0"
"10-17 years","Heard","62","0","1"
"18-29 years","Heard","108","0","1"
"30-39 years","Heard","71","0","1"
"40-49 years","Heard","117","0","10"
"50-59 years","Heard","111","0","6"
"60-69 years","Heard","77","4","9"
"70-79 years","Heard","54","7","16"
"80 & Older years","Heard","23","5","4"
"<1 years","Heard","4","0","0"
"01-04 years","Henry","255","0","6"
"05-09 years","Henry","399","0","2"
"10-17 years","Henry","1461","0","16"
"18-29 years","Henry","3912","1","37"
"30-39 years","Henry","3222","7","56"
"40-49 years","Henry","3505","15","103"
"50-59 years","Henry","3419","23","135"
"60-69 years","Henry","1892","72","107"
"70-79 years","Henry","929","88","94"
"80 & Older years","Henry","479","97","61"
"<1 years","Henry","51","0","2"
"Unknown years","Henry","27","0","1"
"01-04 years","Houston","119","0","3"
"05-09 years","Houston","180","0","1"
"10-17 years","Houston","755","0","4"
"18-29 years","Houston","2152","4","45"
"30-39 years","Houston","1875","3","71"
"40-49 years","Houston","1744","10","106"
"50-59 years","Houston","1497","15","122"
"60-69 years","Houston","975","46","173"
"70-79 years","Houston","550","64","163"
"80 & Older years","Houston","298","60","108"
"<1 years","Houston","26","0","2"
"Unknown years","Houston","1","0","0"
"01-04 years","Irwin","6","0","0"
"05-09 years","Irwin","11","0","0"
"10-17 years","Irwin","51","0","0"
"18-29 years","Irwin","120","0","4"
"30-39 years","Irwin","100","0","4"
"40-49 years","Irwin","121","1","10"
"50-59 years","Irwin","106","3","12"
"60-69 years","Irwin","89","1","22"
"70-79 years","Irwin","51","6","8"
"80 & Older years","Irwin","36","7","21"
"01-04 years","Jackson","64","0","0"
"05-09 years","Jackson","158","0","3"
"10-17 years","Jackson","798","0","6"
"18-29 years","Jackson","1497","2","20"
"30-39 years","Jackson","1349","1","28"
"40-49 years","Jackson","1460","6","61"
"50-59 years","Jackson","1363","7","80"
"60-69 years","Jackson","922","27","90"
"70-79 years","Jackson","626","39","116"
"80 & Older years","Jackson","313","59","109"
"<1 years","Jackson","23","0","2"
"Unknown years","Jackson","15","0","1"
"01-04 years","Jasper","7","0","1"
"05-09 years","Jasper","8","0","0"
"10-17 years","Jasper","37","0","1"
"18-29 years","Jasper","129","0","5"
"30-39 years","Jasper","96","0","2"
"40-49 years","Jasper","100","1","3"
"50-59 years","Jasper","133","2","14"
"60-69 years","Jasper","97","8","17"
"70-79 years","Jasper","55","6","11"
"80 & Older years","Jasper","19","2","6"
"<1 years","Jasper","4","0","1"
"01-04 years","Jeff Davis","30","0","0"
"05-09 years","Jeff Davis","35","0","0"
"10-17 years","Jeff Davis","121","0","2"
"18-29 years","Jeff Davis","256","0","3"
"30-39 years","Jeff Davis","213","0","8"
"40-49 years","Jeff Davis","213","0","12"
"50-59 years","Jeff Davis","200","7","19"
"60-69 years","Jeff Davis","129","7","21"
"70-79 years","Jeff Davis","86","13","19"
"80 & Older years","Jeff Davis","18","8","7"
"<1 years","Jeff Davis","3","0","1"
"01-04 years","Jefferson","18","0","0"
"05-09 years","Jefferson","32","0","0"
"10-17 years","Jefferson","110","0","1"
"18-29 years","Jefferson","244","0","3"
"30-39 years","Jefferson","204","0","9"
"40-49 years","Jefferson","216","3","14"
"50-59 years","Jefferson","271","5","23"
"60-69 years","Jefferson","255","12","36"
"70-79 years","Jefferson","156","19","41"
"80 & Older years","Jefferson","69","20","29"
"<1 years","Jefferson","4","0","0"
"Unknown years","Jefferson","8","0","0"
"01-04 years","Jenkins","17","0","0"
"05-09 years","Jenkins","20","0","0"
"10-17 years","Jenkins","61","0","0"
"18-29 years","Jenkins","112","0","2"
"30-39 years","Jenkins","88","2","6"
"40-49 years","Jenkins","110","2","9"
"50-59 years","Jenkins","123","6","20"
"60-69 years","Jenkins","88","6","13"
"70-79 years","Jenkins","57","13","21"
"80 & Older years","Jenkins","50","10","11"
"<1 years","Jenkins","2","0","0"
"Unknown years","Jenkins","1","0","0"
"01-04 years","Johnson","6","0","0"
"05-09 years","Johnson","8","0","0"
"10-17 years","Johnson","29","0","0"
"18-29 years","Johnson","124","0","3"
"30-39 years","Johnson","108","0","3"
"40-49 years","Johnson","97","2","6"
"50-59 years","Johnson","133","5","18"
"60-69 years","Johnson","128","8","22"
"70-79 years","Johnson","89","8","24"
"80 & Older years","Johnson","66","19","20"
"<1 years","Johnson","2","0","2"
"Unknown years","Johnson","1","0","0"
"01-04 years","Jones","6","0","0"
"05-09 years","Jones","24","0","0"
"10-17 years","Jones","87","0","0"
"18-29 years","Jones","335","0","7"
"30-39 years","Jones","248","1","9"
"40-49 years","Jones","238","2","17"
"50-59 years","Jones","269","3","30"
"60-69 years","Jones","183","5","34"
"70-79 years","Jones","126","20","46"
"80 & Older years","Jones","75","21","24"
"<1 years","Jones","3","0","0"
"Unknown years","Jones","1","0","0"
"01-04 years","Lamar","30","0","0"
"05-09 years","Lamar","48","0","0"
"10-17 years","Lamar","113","0","4"
"18-29 years","Lamar","222","0","4"
"30-39 years","Lamar","190","0","12"
"40-49 years","Lamar","185","1","7"
"50-59 years","Lamar","194","3","31"
"60-69 years","Lamar","177","10","24"
"70-79 years","Lamar","126","12","23"
"80 & Older years","Lamar","63","20","19"
"<1 years","Lamar","14","0","1"
"01-04 years","Lanier","8","0","0"
"05-09 years","Lanier","12","0","1"
"10-17 years","Lanier","36","0","1"
"18-29 years","Lanier","109","1","1"
"30-39 years","Lanier","125","0","2"
"40-49 years","Lanier","76","1","2"
"50-59 years","Lanier","62","1","6"
"60-69 years","Lanier","40","2","3"
"70-79 years","Lanier","23","4","6"
"80 & Older years","Lanier","14","0","6"
"<1 years","Lanier","4","0","0"
"01-04 years","Laurens","31","0","0"
"05-09 years","Laurens","49","0","1"
"10-17 years","Laurens","246","0","4"
"18-29 years","Laurens","671","0","10"
"30-39 years","Laurens","557","1","19"
"40-49 years","Laurens","574","5","29"
"50-59 years","Laurens","585","11","65"
"60-69 years","Laurens","486","31","85"
"70-79 years","Laurens","319","49","83"
"80 & Older years","Laurens","217","50","61"
"<1 years","Laurens","5","0","1"
"Unknown years","Laurens","3","0","0"
"01-04 years","Lee","12","0","0"
"05-09 years","Lee","27","0","3"
"10-17 years","Lee","115","0","1"
"18-29 years","Lee","267","1","9"
"30-39 years","Lee","293","1","16"
"40-49 years","Lee","294","4","29"
"50-59 years","Lee","266","10","42"
"60-69 years","Lee","187","13","34"
"70-79 years","Lee","90","14","30"
"80 & Older years","Lee","51","9","21"
"<1 years","Lee","8","0","0"
"Unknown years","Lee","1","0","0"
"01-04 years","Liberty","68","0","1"
"05-09 years","Liberty","81","0","1"
"10-17 years","Liberty","260","0","2"
"18-29 years","Liberty","1091","1","13"
"30-39 years","Liberty","579","0","22"
"40-49 years","Liberty","468","1","18"
"50-59 years","Liberty","449","10","44"
"60-69 years","Liberty","307","17","50"
"70-79 years","Liberty","140","18","52"
"80 & Older years","Liberty","59","15","24"
"<1 years","Liberty","30","0","1"
"Unknown years","Liberty","7","0","0"
"01-04 years","Lincoln","9","0","0"
"05-09 years","Lincoln","13","0","0"
"10-17 years","Lincoln","29","0","0"
"18-29 years","Lincoln","95","0","3"
"30-39 years","Lincoln","71","0","1"
"40-49 years","Lincoln","81","1","6"
"50-59 years","Lincoln","67","3","5"
"60-69 years","Lincoln","76","5","16"
"70-79 years","Lincoln","51","9","13"
"80 & Older years","Lincoln","21","7","9"
"<1 years","Lincoln","2","0","0"
"Unknown years","Lincoln","4","0","0"
"01-04 years","Long","17","0","0"
"05-09 years","Long","17","0","0"
"10-17 years","Long","62","0","0"
"18-29 years","Long","131","0","0"
"30-39 years","Long","144","0","3"
"40-49 years","Long","108","0","6"
"50-59 years","Long","79","1","10"
"60-69 years","Long","62","3","9"
"70-79 years","Long","39","6","14"
"80 & Older years","Long","16","2","7"
"<1 years","Long","6","0","0"
"Unknown years","Long","1","0","0"
"01-04 years","Lowndes","149","0","0"
"05-09 years","Lowndes","193","0","0"
"10-17 years","Lowndes","631","0","8"
"18-29 years","Lowndes","2422","4","29"
"30-39 years","Lowndes","1286","1","23"
"40-49 years","Lowndes","1057","4","45"
"50-59 years","Lowndes","927","11","67"
"60-69 years","Lowndes","630","30","87"
"70-79 years","Lowndes","346","40","67"
"80 & Older years","Lowndes","210","56","64"
"<1 years","Lowndes","38","0","0"
"Unknown years","Lowndes","14","0","0"
"01-04 years","Lumpkin","17","0","1"
"05-09 years","Lumpkin","32","0","2"
"10-17 years","Lumpkin","139","0","2"
"18-29 years","Lumpkin","729","0","14"
"30-39 years","Lumpkin","343","0","10"
"40-49 years","Lumpkin","337","1","19"
"50-59 years","Lumpkin","414","5","48"
"60-69 years","Lumpkin","378","12","56"
"70-79 years","Lumpkin","277","16","71"
"80 & Older years","Lumpkin","136","32","69"
"<1 years","Lumpkin","7","0","1"
"Unknown years","Lumpkin","30","0","2"
"01-04 years","Macon","9","0","0"
"05-09 years","Macon","12","0","0"
"10-17 years","Macon","23","0","0"
"18-29 years","Macon","111","0","4"
"30-39 years","Macon","80","0","4"
"40-49 years","Macon","110","1","8"
"50-59 years","Macon","122","5","15"
"60-69 years","Macon","79","7","24"
"70-79 years","Macon","54","7","21"
"80 & Older years","Macon","19","8","7"
"<1 years","Macon","3","0","0"
"Unknown years","Macon","4","0","1"
"01-04 years","Madison","42","0","1"
"05-09 years","Madison","56","0","0"
"10-17 years","Madison","233","0","0"
"18-29 years","Madison","506","0","2"
"30-39 years","Madison","424","0","6"
"40-49 years","Madison","422","0","19"
"50-59 years","Madison","444","5","27"
"60-69 years","Madison","343","9","40"
"70-79 years","Madison","202","18","47"
"80 & Older years","Madison","80","15","15"
"<1 years","Madison","20","0","4"
"Unknown years","Madison","4","0","0"
"01-04 years","Marion","9","0","0"
"05-09 years","Marion","8","0","1"
"10-17 years","Marion","39","0","0"
"18-29 years","Marion","66","0","2"
"30-39 years","Marion","45","0","2"
"40-49 years","Marion","64","1","6"
"50-59 years","Marion","65","6","7"
"60-69 years","Marion","47","4","7"
"70-79 years","Marion","29","3","7"
"80 & Older years","Marion","29","5","9"
"<1 years","Marion","3","0","0"
"Unknown years","Marion","2","0","0"
"01-04 years","McDuffie","28","0","0"
"05-09 years","McDuffie","33","0","0"
"10-17 years","McDuffie","133","0","0"
"18-29 years","McDuffie","331","0","6"
"30-39 years","McDuffie","260","2","4"
"40-49 years","McDuffie","260","2","16"
"50-59 years","McDuffie","261","5","30"
"60-69 years","McDuffie","209","10","31"
"70-79 years","McDuffie","116","8","46"
"80 & Older years","McDuffie","54","15","30"
"<1 years","McDuffie","4","0","0"
"Unknown years","McDuffie","21","0","0"
"01-04 years","McIntosh","4","0","0"
"05-09 years","McIntosh","14","0","0"
"10-17 years","McIntosh","42","0","0"
"18-29 years","McIntosh","116","0","4"
"30-39 years","McIntosh","84","0","3"
"40-49 years","McIntosh","102","0","4"
"50-59 years","McIntosh","136","0","4"
"60-69 years","McIntosh","108","2","17"
"70-79 years","McIntosh","65","4","16"
"80 & Older years","McIntosh","28","8","9"
"<1 years","McIntosh","1","0","0"
"Unknown years","McIntosh","1","0","0"
"01-04 years","Meriwether","27","0","2"
"05-09 years","Meriwether","29","0","1"
"10-17 years","Meriwether","91","0","1"
"18-29 years","Meriwether","226","0","7"
"30-39 years","Meriwether","189","2","13"
"40-49 years","Meriwether","227","2","17"
"50-59 years","Meriwether","247","6","20"
"60-69 years","Meriwether","220","13","31"
"70-79 years","Meriwether","190","24","38"
"80 & Older years","Meriwether","101","28","22"
"<1 years","Meriwether","5","0","0"
"Unknown years","Meriwether","1","0","0"
"01-04 years","Miller","12","0","0"
"05-09 years","Miller","8","0","0"
"10-17 years","Miller","82","0","1"
"18-29 years","Miller","112","0","1"
"30-39 years","Miller","100","0","0"
"40-49 years","Miller","85","0","6"
"50-59 years","Miller","130","2","12"
"60-69 years","Miller","97","3","12"
"70-79 years","Miller","31","2","3"
"80 & Older years","Miller","25","2","6"
"<1 years","Miller","3","0","0"
"01-04 years","Mitchell","26","0","1"
"05-09 years","Mitchell","29","0","0"
"10-17 years","Mitchell","90","0","2"
"18-29 years","Mitchell","258","0","10"
"30-39 years","Mitchell","228","1","16"
"40-49 years","Mitchell","213","3","17"
"50-59 years","Mitchell","252","12","55"
"60-69 years","Mitchell","209","15","50"
"70-79 years","Mitchell","134","17","48"
"80 & Older years","Mitchell","97","27","33"
"<1 years","Mitchell","8","0","0"
"Unknown years","Mitchell","2","0","1"
"01-04 years","Monroe","15","0","2"
"05-09 years","Monroe","26","0","1"
"10-17 years","Monroe","97","0","0"
"18-29 years","Monroe","312","1","6"
"30-39 years","Monroe","256","0","9"
"40-49 years","Monroe","279","4","19"
"50-59 years","Monroe","322","3","27"
"60-69 years","Monroe","298","19","51"
"70-79 years","Monroe","167","22","45"
"80 & Older years","Monroe","122","38","36"
"<1 years","Monroe","4","0","1"
"01-04 years","Montgomery","9","0","0"
"05-09 years","Montgomery","7","0","0"
"10-17 years","Montgomery","53","0","1"
"18-29 years","Montgomery","155","0","1"
"30-39 years","Montgomery","101","1","3"
"40-49 years","Montgomery","126","0","2"
"50-59 years","Montgomery","102","3","8"
"60-69 years","Montgomery","99","5","13"
"70-79 years","Montgomery","53","6","10"
"80 & Older years","Montgomery","25","6","6"
"<1 years","Montgomery","1","0","0"
"Unknown years","Montgomery","1","0","0"
"01-04 years","Morgan","17","0","0"
"05-09 years","Morgan","26","0","1"
"10-17 years","Morgan","92","0","2"
"18-29 years","Morgan","216","0","5"
"30-39 years","Morgan","170","0","7"
"40-49 years","Morgan","173","1","7"
"50-59 years","Morgan","192","2","18"
"60-69 years","Morgan","141","5","14"
"70-79 years","Morgan","108","4","19"
"80 & Older years","Morgan","56","11","20"
"<1 years","Morgan","13","0","1"
"Unknown years","Morgan","2","0","0"
"01-04 years","Murray","71","0","2"
"05-09 years","Murray","101","0","2"
"10-17 years","Murray","414","0","2"
"18-29 years","Murray","845","0","11"
"30-39 years","Murray","593","1","8"
"40-49 years","Murray","732","0","25"
"50-59 years","Murray","643","9","49"
"60-69 years","Murray","431","15","70"
"70-79 years","Murray","269","35","64"
"80 & Older years","Murray","107","23","27"
"<1 years","Murray","25","0","2"
"Unknown years","Murray","2","0","0"
"01-04 years","Muscogee","240","0","8"
"05-09 years","Muscogee","376","0","0"
"10-17 years","Muscogee","1028","0","9"
"18-29 years","Muscogee","3435","4","75"
"30-39 years","Muscogee","2351","2","87"
"40-49 years","Muscogee","2033","8","111"
"50-59 years","Muscogee","2038","48","222"
"60-69 years","Muscogee","1615","88","284"
"70-79 years","Muscogee","894","108","223"
"80 & Older years","Muscogee","534","157","186"
"<1 years","Muscogee","78","0","4"
"Unknown years","Muscogee","52","0","1"
"01-04 years","Newton","88","0","2"
"05-09 years","Newton","145","0","1"
"10-17 years","Newton","470","0","11"
"18-29 years","Newton","1454","1","47"
"30-39 years","Newton","1215","1","65"
"40-49 years","Newton","1388","9","105"
"50-59 years","Newton","1307","24","134"
"60-69 years","Newton","733","42","114"
"70-79 years","Newton","512","64","111"
"80 & Older years","Newton","300","91","80"
"<1 years","Newton","31","0","5"
"Unknown years","Newton","1","0","0"
"01-04 years","Non-GA Resident/Unknown State","256","0","4"
"05-09 years","Non-GA Resident/Unknown State","419","0","5"
"10-17 years","Non-GA Resident/Unknown State","1270","0","7"
"18-29 years","Non-GA Resident/Unknown State","5606","5","64"
"30-39 years","Non-GA Resident/Unknown State","3940","3","93"
"40-49 years","Non-GA Resident/Unknown State","3314","17","108"
"50-59 years","Non-GA Resident/Unknown State","3339","50","209"
"60-69 years","Non-GA Resident/Unknown State","2372","120","282"
"70-79 years","Non-GA Resident/Unknown State","1542","138","301"
"80 & Older years","Non-GA Resident/Unknown State","859","147","202"
"<1 years","Non-GA Resident/Unknown State","152","0","2"
"Unknown years","Non-GA Resident/Unknown State","819","0","3"
"01-04 years","Oconee","37","0","0"
"05-09 years","Oconee","65","0","0"
"10-17 years","Oconee","336","0","0"
"18-29 years","Oconee","579","1","6"
"30-39 years","Oconee","381","1","4"
"40-49 years","Oconee","572","1","12"
"50-59 years","Oconee","480","5","11"
"60-69 years","Oconee","309","11","34"
"70-79 years","Oconee","176","18","24"
"80 & Older years","Oconee","132","28","40"
"<1 years","Oconee","10","0","0"
"01-04 years","Oglethorpe","19","0","0"
"05-09 years","Oglethorpe","30","0","0"
"10-17 years","Oglethorpe","97","0","1"
"18-29 years","Oglethorpe","211","0","1"
"30-39 years","Oglethorpe","151","1","1"
"40-49 years","Oglethorpe","180","1","8"
"50-59 years","Oglethorpe","184","1","18"
"60-69 years","Oglethorpe","149","1","15"
"70-79 years","Oglethorpe","109","9","15"
"80 & Older years","Oglethorpe","68","15","17"
"<1 years","Oglethorpe","12","0","0"
"Unknown years","Oglethorpe","1","0","0"
"01-04 years","Paulding","153","0","2"
"05-09 years","Paulding","287","0","0"
"10-17 years","Paulding","1083","0","7"
"18-29 years","Paulding","2084","1","29"
"30-39 years","Paulding","1781","2","34"
"40-49 years","Paulding","1913","7","54"
"50-59 years","Paulding","1794","18","83"
"60-69 years","Paulding","935","36","82"
"70-79 years","Paulding","528","41","78"
"80 & Older years","Paulding","314","66","65"
"<1 years","Paulding","38","0","0"
"Unknown years","Paulding","46","0","0"
"01-04 years","Peach","15","0","2"
"05-09 years","Peach","21","0","0"
"10-17 years","Peach","83","0","2"
"18-29 years","Peach","409","1","10"
"30-39 years","Peach","321","0","16"
"40-49 years","Peach","254","4","24"
"50-59 years","Peach","311","9","43"
"60-69 years","Peach","271","11","60"
"70-79 years","Peach","132","13","41"
"80 & Older years","Peach","66","14","29"
"<1 years","Peach","4","0","0"
"01-04 years","Pickens","23","0","2"
"05-09 years","Pickens","40","0","1"
"10-17 years","Pickens","152","0","0"
"18-29 years","Pickens","402","0","6"
"30-39 years","Pickens","341","0","13"
"40-49 years","Pickens","405","0","19"
"50-59 years","Pickens","451","4","28"
"60-69 years","Pickens","349","8","42"
"70-79 years","Pickens","279","23","65"
"80 & Older years","Pickens","125","28","39"
"<1 years","Pickens","3","0","1"
"Unknown years","Pickens","1","0","0"
"01-04 years","Pierce","14","0","0"
"05-09 years","Pierce","25","0","0"
"10-17 years","Pierce","96","1","1"
"18-29 years","Pierce","233","0","5"
"30-39 years","Pierce","157","0","5"
"40-49 years","Pierce","219","0","16"
"50-59 years","Pierce","198","4","20"
"60-69 years","Pierce","157","11","41"
"70-79 years","Pierce","118","13","36"
"80 & Older years","Pierce","55","14","17"
"<1 years","Pierce","7","0","1"
"01-04 years","Pike","27","0","0"
"05-09 years","Pike","28","0","0"
"10-17 years","Pike","123","0","1"
"18-29 years","Pike","171","1","6"
"30-39 years","Pike","145","0","3"
"40-49 years","Pike","201","2","9"
"50-59 years","Pike","159","4","9"
"60-69 years","Pike","106","3","17"
"70-79 years","Pike","84","8","20"
"80 & Older years","Pike","34","8","9"
"<1 years","Pike","2","0","0"
"Unknown years","Pike","2","0","0"
"01-04 years","Polk","44","0","1"
"05-09 years","Polk","75","0","2"
"10-17 years","Polk","326","0","3"
"18-29 years","Polk","821","0","13"
"30-39 years","Polk","583","1","16"
"40-49 years","Polk","595","3","40"
"50-59 years","Polk","616","12","84"
"60-69 years","Polk","401","16","75"
"70-79 years","Polk","318","24","88"
"80 & Older years","Polk","140","27","56"
"<1 years","Polk","21","0","0"
"Unknown years","Polk","29","0","0"
"01-04 years","Pulaski","5","0","0"
"05-09 years","Pulaski","9","0","0"
"10-17 years","Pulaski","37","0","1"
"18-29 years","Pulaski","85","0","2"
"30-39 years","Pulaski","93","0","2"
"40-49 years","Pulaski","92","0","10"
"50-59 years","Pulaski","104","0","6"
"60-69 years","Pulaski","95","8","13"
"70-79 years","Pulaski","49","12","17"
"80 & Older years","Pulaski","40","12","6"
"<1 years","Pulaski","3","0","0"
"01-04 years","Putnam","24","0","0"
"05-09 years","Putnam","43","0","1"
"10-17 years","Putnam","127","0","2"
"18-29 years","Putnam","291","0","3"
"30-39 years","Putnam","234","0","6"
"40-49 years","Putnam","229","1","9"
"50-59 years","Putnam","305","2","22"
"60-69 years","Putnam","259","13","30"
"70-79 years","Putnam","203","20","55"
"80 & Older years","Putnam","86","20","34"
"<1 years","Putnam","7","0","1"
"01-04 years","Quitman","1","0","0"
"05-09 years","Quitman","4","0","0"
"10-17 years","Quitman","6","0","0"
"18-29 years","Quitman","12","0","1"
"30-39 years","Quitman","4","0","1"
"40-49 years","Quitman","3","0","1"
"50-59 years","Quitman","16","0","1"
"60-69 years","Quitman","24","1","4"
"70-79 years","Quitman","4","0","1"
"80 & Older years","Quitman","6","1","2"
"<1 years","Quitman","2","0","0"
"01-04 years","Rabun","17","0","0"
"05-09 years","Rabun","30","0","0"
"10-17 years","Rabun","120","0","1"
"18-29 years","Rabun","228","0","5"
"30-39 years","Rabun","198","1","10"
"40-49 years","Rabun","209","0","10"
"50-59 years","Rabun","242","3","24"
"60-69 years","Rabun","241","9","34"
"70-79 years","Rabun","185","11","35"
"80 & Older years","Rabun","81","17","31"
"<1 years","Rabun","5","0","1"
"Unknown years","Rabun","10","0","0"
"01-04 years","Randolph","2","0","0"
"05-09 years","Randolph","5","0","0"
"10-17 years","Randolph","14","0","1"
"18-29 years","Randolph","62","0","2"
"30-39 years","Randolph","72","2","7"
"40-49 years","Randolph","56","0","5"
"50-59 years","Randolph","91","3","20"
"60-69 years","Randolph","72","9","16"
"70-79 years","Randolph","48","4","15"
"80 & Older years","Randolph","46","15","16"
"<1 years","Randolph","1","0","0"
"Unknown years","Randolph","2","0","0"
"01-04 years","Richmond","308","0","1"
"05-09 years","Richmond","608","0","4"
"10-17 years","Richmond","1643","0","15"
"18-29 years","Richmond","4681","8","67"
"30-39 years","Richmond","3504","7","90"
"40-49 years","Richmond","2827","18","122"
"50-59 years","Richmond","2783","43","224"
"60-69 years","Richmond","2043","80","281"
"70-79 years","Richmond","1107","108","301"
"80 & Older years","Richmond","669","155","273"
"<1 years","Richmond","88","0","3"
"Unknown years","Richmond","22","0","1"
"01-04 years","Rockdale","63","0","4"
"05-09 years","Rockdale","113","0","1"
"10-17 years","Rockdale","372","0","13"
"18-29 years","Rockdale","1228","2","75"
"30-39 years","Rockdale","975","3","95"
"40-49 years","Rockdale","1082","7","122"
"50-59 years","Rockdale","1058","13","180"
"60-69 years","Rockdale","659","30","156"
"70-79 years","Rockdale","384","50","150"
"80 & Older years","Rockdale","207","47","97"
"<1 years","Rockdale","13","0","2"
"Unknown years","Rockdale","5","0","0"
"01-04 years","Schley","5","0","0"
"05-09 years","Schley","4","0","0"
"10-17 years","Schley","22","0","0"
"18-29 years","Schley","48","0","2"
"30-39 years","Schley","21","0","0"
"40-49 years","Schley","32","0","4"
"50-59 years","Schley","31","0","3"
"60-69 years","Schley","27","1","8"
"70-79 years","Schley","13","1","2"
"80 & Older years","Schley","7","2","2"
"<1 years","Schley","1","0","0"
"01-04 years","Screven","8","0","0"
"05-09 years","Screven","15","0","0"
"10-17 years","Screven","62","0","0"
"18-29 years","Screven","138","0","3"
"30-39 years","Screven","125","0","2"
"40-49 years","Screven","102","1","6"
"50-59 years","Screven","117","2","16"
"60-69 years","Screven","137","2","15"
"70-79 years","Screven","74","8","19"
"80 & Older years","Screven","38","8","11"
"<1 years","Screven","4","0","0"
"Unknown years","Screven","1","0","0"
"01-04 years","Seminole","15","0","0"
"05-09 years","Seminole","14","0","0"
"10-17 years","Seminole","71","0","0"
"18-29 years","Seminole","113","0","0"
"30-39 years","Seminole","92","0","2"
"40-49 years","Seminole","93","0","5"
"50-59 years","Seminole","115","1","6"
"60-69 years","Seminole","132","4","26"
"70-79 years","Seminole","69","6","16"
"80 & Older years","Seminole","30","7","12"
"<1 years","Seminole","4","0","0"
"01-04 years","Spalding","68","0","3"
"05-09 years","Spalding","74","0","1"
"10-17 years","Spalding","227","0","5"
"18-29 years","Spalding","728","1","33"
"30-39 years","Spalding","631","4","32"
"40-49 years","Spalding","639","5","48"
"50-59 years","Spalding","670","16","79"
"60-69 years","Spalding","504","37","95"
"70-79 years","Spalding","365","46","84"
"80 & Older years","Spalding","223","51","68"
"<1 years","Spalding","13","0","0"
"Unknown years","Spalding","22","0","0"
"01-04 years","Stephens","18","0","0"
"05-09 years","Stephens","45","0","1"
"10-17 years","Stephens","188","0","3"
"18-29 years","Stephens","549","1","13"
"30-39 years","Stephens","353","0","8"
"40-49 years","Stephens","450","1","23"
"50-59 years","Stephens","465","5","38"
"60-69 years","Stephens","448","22","64"
"70-79 years","Stephens","305","22","66"
"80 & Older years","Stephens","161","27","41"
"<1 years","Stephens","4","0","0"
"Unknown years","Stephens","14","0","0"
"01-04 years","Stewart","6","0","1"
"05-09 years","Stewart","2","0","0"
"10-17 years","Stewart","14","0","0"
"18-29 years","Stewart","187","0","22"
"30-39 years","Stewart","226","1","25"
"40-49 years","Stewart","160","2","23"
"50-59 years","Stewart","88","2","13"
"60-69 years","Stewart","71","13","27"
"70-79 years","Stewart","26","3","6"
"80 & Older years","Stewart","21","4","6"
"<1 years","Stewart","1","0","0"
"Unknown years","Stewart","14","0","4"
"01-04 years","Sumter","27","0","0"
"05-09 years","Sumter","32","0","0"
"10-17 years","Sumter","81","0","4"
"18-29 years","Sumter","331","1","11"
"30-39 years","Sumter","271","1","21"
"40-49 years","Sumter","263","5","24"
"50-59 years","Sumter","280","4","42"
"60-69 years","Sumter","260","26","71"
"70-79 years","Sumter","166","27","46"
"80 & Older years","Sumter","107","30","48"
"<1 years","Sumter","10","0","0"
"Unknown years","Sumter","1","0","0"
"01-04 years","Talbot","8","0","0"
"05-09 years","Talbot","6","0","0"
"10-17 years","Talbot","30","0","0"
"18-29 years","Talbot","59","0","1"
"30-39 years","Talbot","39","0","2"
"40-49 years","Talbot","62","1","4"
"50-59 years","Talbot","69","4","5"
"60-69 years","Talbot","64","3","14"
"70-79 years","Talbot","38","5","6"
"80 & Older years","Talbot","21","4","9"
"Unknown years","Talbot","2","0","0"
"01-04 years","Taliaferro","1","0","0"
"05-09 years","Taliaferro","2","0","0"
"10-17 years","Taliaferro","7","0","0"
"18-29 years","Taliaferro","14","0","0"
"30-39 years","Taliaferro","15","0","0"
"40-49 years","Taliaferro","19","0","1"
"50-59 years","Taliaferro","10","0","0"
"60-69 years","Taliaferro","20","1","3"
"70-79 years","Taliaferro","10","1","3"
"80 & Older years","Taliaferro","4","1","2"
"01-04 years","Tattnall","31","0","0"
"05-09 years","Tattnall","45","0","0"
"10-17 years","Tattnall","162","0","0"
"18-29 years","Tattnall","323","0","1"
"30-39 years","Tattnall","286","1","5"
"40-49 years","Tattnall","281","0","7"
"50-59 years","Tattnall","317","7","24"
"60-69 years","Tattnall","240","15","34"
"70-79 years","Tattnall","121","18","39"
"80 & Older years","Tattnall","46","5","8"
"<1 years","Tattnall","10","0","1"
"01-04 years","Taylor","13","0","1"
"05-09 years","Taylor","16","0","0"
"10-17 years","Taylor","53","0","1"
"18-29 years","Taylor","82","0","2"
"30-39 years","Taylor","52","0","4"
"40-49 years","Taylor","94","1","11"
"50-59 years","Taylor","76","1","16"
"60-69 years","Taylor","66","6","18"
"70-79 years","Taylor","33","6","10"
"80 & Older years","Taylor","24","8","10"
"<1 years","Taylor","4","0","0"
"Unknown years","Taylor","1","0","0"
"01-04 years","Telfair","11","0","0"
"05-09 years","Telfair","12","0","0"
"10-17 years","Telfair","22","0","1"
"18-29 years","Telfair","139","0","3"
"30-39 years","Telfair","93","1","1"
"40-49 years","Telfair","113","2","6"
"50-59 years","Telfair","109","5","10"
"60-69 years","Telfair","106","9","18"
"70-79 years","Telfair","71","12","20"
"80 & Older years","Telfair","45","15","12"
"<1 years","Telfair","5","0","0"
"Unknown years","Telfair","2","0","0"
"01-04 years","Terrell","8","0","0"
"05-09 years","Terrell","10","0","0"
"10-17 years","Terrell","43","0","0"
"18-29 years","Terrell","75","0","4"
"30-39 years","Terrell","81","0","9"
"40-49 years","Terrell","67","0","8"
"50-59 years","Terrell","100","4","15"
"60-69 years","Terrell","92","12","33"
"70-79 years","Terrell","62","17","28"
"80 & Older years","Terrell","39","13","16"
"01-04 years","Thomas","64","0","1"
"05-09 years","Thomas","117","0","0"
"10-17 years","Thomas","318","0","3"
"18-29 years","Thomas","628","1","27"
"30-39 years","Thomas","512","2","19"
"40-49 years","Thomas","536","4","30"
"50-59 years","Thomas","559","11","48"
"60-69 years","Thomas","439","14","92"
"70-79 years","Thomas","263","34","74"
"80 & Older years","Thomas","167","48","60"
"<1 years","Thomas","19","0","2"
"Unknown years","Thomas","2","0","0"
"01-04 years","Tift","38","0","3"
"05-09 years","Tift","58","0","3"
"10-17 years","Tift","236","0","7"
"18-29 years","Tift","786","0","20"
"30-39 years","Tift","556","1","29"
"40-49 years","Tift","551","7","60"
"50-59 years","Tift","472","9","69"
"60-69 years","Tift","358","17","75"
"70-79 years","Tift","247","30","91"
"80 & Older years","Tift","140","34","60"
"<1 years","Tift","13","0","0"
"Unknown years","Tift","3","0","0"
"01-04 years","Toombs","31","0","0"
"05-09 years","Toombs","54","0","0"
"10-17 years","Toombs","220","0","2"
"18-29 years","Toombs","536","0","7"
"30-39 years","Toombs","429","0","4"
"40-49 years","Toombs","434","1","22"
"50-59 years","Toombs","436","8","28"
"60-69 years","Toombs","392","16","51"
"70-79 years","Toombs","264","34","45"
"80 & Older years","Toombs","158","41","34"
"<1 years","Toombs","9","0","0"
"01-04 years","Towns","4","0","0"
"05-09 years","Towns","6","0","0"
"10-17 years","Towns","49","0","1"
"18-29 years","Towns","143","0","4"
"30-39 years","Towns","89","0","3"
"40-49 years","Towns","122","2","5"
"50-59 years","Towns","178","2","16"
"60-69 years","Towns","234","3","19"
"70-79 years","Towns","165","10","35"
"80 & Older years","Towns","126","27","48"
"Unknown years","Towns","3","0","0"
"01-04 years","Treutlen","6","0","0"
"05-09 years","Treutlen","15","0","1"
"10-17 years","Treutlen","48","0","0"
"18-29 years","Treutlen","103","0","2"
"30-39 years","Treutlen","100","0","5"
"40-49 years","Treutlen","102","2","5"
"50-59 years","Treutlen","102","1","8"
"60-69 years","Treutlen","69","5","13"
"70-79 years","Treutlen","54","10","11"
"80 & Older years","Treutlen","33","6","8"
"01-04 years","Troup","140","0","3"
"05-09 years","Troup","187","0","1"
"10-17 years","Troup","540","0","7"
"18-29 years","Troup","1234","1","29"
"30-39 years","Troup","917","7","43"
"40-49 years","Troup","827","7","52"
"50-59 years","Troup","861","15","106"
"60-69 years","Troup","654","33","107"
"70-79 years","Troup","351","47","102"
"80 & Older years","Troup","260","81","68"
"<1 years","Troup","45","0","1"
"Unknown years","Troup","6","0","0"
"01-04 years","Turner","5","0","0"
"05-09 years","Turner","7","0","1"
"10-17 years","Turner","22","0","0"
"18-29 years","Turner","89","0","2"
"30-39 years","Turner","106","0","10"
"40-49 years","Turner","108","0","5"
"50-59 years","Turner","97","2","13"
"60-69 years","Turner","86","9","26"
"70-79 years","Turner","53","7","14"
"80 & Older years","Turner","35","16","15"
"<1 years","Turner","2","0","1"
"01-04 years","Twiggs","10","0","0"
"05-09 years","Twiggs","6","0","1"
"10-17 years","Twiggs","26","0","0"
"18-29 years","Twiggs","67","0","2"
"30-39 years","Twiggs","60","1","5"
"40-49 years","Twiggs","62","1","7"
"50-59 years","Twiggs","93","3","15"
"60-69 years","Twiggs","101","11","33"
"70-79 years","Twiggs","58","9","23"
"80 & Older years","Twiggs","25","14","18"
"<1 years","Twiggs","1","0","0"
"01-04 years","Union","8","0","0"
"05-09 years","Union","18","0","0"
"10-17 years","Union","73","0","1"
"18-29 years","Union","263","1","1"
"30-39 years","Union","229","0","3"
"40-49 years","Union","234","0","14"
"50-59 years","Union","314","4","24"
"60-69 years","Union","385","6","47"
"70-79 years","Union","326","21","61"
"80 & Older years","Union","209","37","65"
"<1 years","Union","1","0","0"
"Unknown years","Union","15","0","0"
"01-04 years","Unknown","16","0","0"
"05-09 years","Unknown","40","0","0"
"10-17 years","Unknown","160","0","0"
"18-29 years","Unknown","742","4","6"
"30-39 years","Unknown","352","0","3"
"40-49 years","Unknown","313","1","2"
"50-59 years","Unknown","282","2","5"
"60-69 years","Unknown","157","0","6"
"70-79 years","Unknown","102","0","8"
"80 & Older years","Unknown","39","0","5"
"<1 years","Unknown","26","0","0"
"Unknown years","Unknown","88","0","3"
"01-04 years","Upson","42","0","0"
"05-09 years","Upson","49","0","0"
"10-17 years","Upson","142","0","1"
"18-29 years","Upson","320","0","6"
"30-39 years","Upson","222","2","10"
"40-49 years","Upson","249","1","11"
"50-59 years","Upson","267","7","23"
"60-69 years","Upson","243","23","40"
"70-79 years","Upson","173","35","51"
"80 & Older years","Upson","107","42","36"
"<1 years","Upson","15","0","0"
"Unknown years","Upson","5","0","0"
"01-04 years","Walker","87","0","1"
"05-09 years","Walker","162","0","1"
"10-17 years","Walker","580","0","4"
"18-29 years","Walker","1184","0","20"
"30-39 years","Walker","892","1","17"
"40-49 years","Walker","1081","2","33"
"50-59 years","Walker","921","4","40"
"60-69 years","Walker","760","16","70"
"70-79 years","Walker","501","29","63"
"80 & Older years","Walker","245","28","34"
"<1 years","Walker","41","0","2"
"Unknown years","Walker","212","0","7"
"01-04 years","Walton","83","0","1"
"05-09 years","Walton","172","0","1"
"10-17 years","Walton","639","0","6"
"18-29 years","Walton","1388","2","32"
"30-39 years","Walton","1210","0","28"
"40-49 years","Walton","1329","3","54"
"50-59 years","Walton","1306","17","91"
"60-69 years","Walton","898","33","92"
"70-79 years","Walton","675","77","118"
"80 & Older years","Walton","395","106","86"
"<1 years","Walton","29","0","2"
"Unknown years","Walton","15","0","0"
"01-04 years","Ware","63","0","1"
"05-09 years","Ware","70","0","0"
"10-17 years","Ware","248","0","2"
"18-29 years","Ware","564","1","5"
"30-39 years","Ware","466","2","22"
"40-49 years","Ware","402","3","33"
"50-59 years","Ware","430","16","63"
"60-69 years","Ware","316","21","66"
"70-79 years","Ware","265","42","99"
"80 & Older years","Ware","210","66","61"
"<1 years","Ware","19","0","2"
"01-04 years","Warren","6","0","0"
"05-09 years","Warren","3","0","0"
"10-17 years","Warren","28","0","0"
"18-29 years","Warren","72","0","3"
"30-39 years","Warren","52","0","4"
"40-49 years","Warren","51","2","5"
"50-59 years","Warren","69","2","8"
"60-69 years","Warren","44","3","8"
"70-79 years","Warren","38","6","14"
"80 & Older years","Warren","18","3","6"
"<1 years","Warren","2","0","1"
"Unknown years","Warren","4","0","0"
"01-04 years","Washington","24","0","0"
"05-09 years","Washington","29","0","0"
"10-17 years","Washington","126","0","2"
"18-29 years","Washington","268","0","8"
"30-39 years","Washington","250","0","8"
"40-49 years","Washington","257","4","13"
"50-59 years","Washington","244","7","18"
"60-69 years","Washington","231","15","31"
"70-79 years","Washington","120","10","22"
"80 & Older years","Washington","79","26","13"
"<1 years","Washington","10","0","0"
"Unknown years","Washington","1","0","0"
"01-04 years","Wayne","31","0","1"
"05-09 years","Wayne","40","0","0"
"10-17 years","Wayne","175","0","1"
"18-29 years","Wayne","427","0","9"
"30-39 years","Wayne","426","1","13"
"40-49 years","Wayne","510","1","39"
"50-59 years","Wayne","428","8","37"
"60-69 years","Wayne","341","19","70"
"70-79 years","Wayne","271","26","77"
"80 & Older years","Wayne","121","25","26"
"<1 years","Wayne","6","0","1"
"10-17 years","Webster","4","0","0"
"18-29 years","Webster","21","0","1"
"30-39 years","Webster","10","0","1"
"40-49 years","Webster","16","0","2"
"50-59 years","Webster","19","2","6"
"60-69 years","Webster","24","1","4"
"70-79 years","Webster","7","0","1"
"80 & Older years","Webster","4","1","0"
"Unknown years","Webster","2","0","0"
"01-04 years","Wheeler","1","0","0"
"05-09 years","Wheeler","5","0","0"
"10-17 years","Wheeler","23","0","0"
"18-29 years","Wheeler","58","0","0"
"30-39 years","Wheeler","75","2","2"
"40-49 years","Wheeler","79","1","3"
"50-59 years","Wheeler","92","7","11"
"60-69 years","Wheeler","53","3","6"
"70-79 years","Wheeler","40","5","11"
"80 & Older years","Wheeler","9","3","1"
"<1 years","Wheeler","2","0","0"
"Unknown years","Wheeler","23","0","1"
"01-04 years","White","22","0","0"
"05-09 years","White","61","0","1"
"10-17 years","White","235","0","2"
"18-29 years","White","455","1","7"
"30-39 years","White","328","1","8"
"40-49 years","White","420","2","18"
"50-59 years","White","493","5","43"
"60-69 years","White","449","11","66"
"70-79 years","White","325","16","78"
"80 & Older years","White","181","31","71"
"<1 years","White","5","0","0"
"Unknown years","White","25","0","0"
"01-04 years","Whitfield","215","0","3"
"05-09 years","Whitfield","398","0","3"
"10-17 years","Whitfield","1385","0","7"
"18-29 years","Whitfield","3554","1","49"
"30-39 years","Whitfield","2322","5","66"
"40-49 years","Whitfield","2408","5","80"
"50-59 years","Whitfield","2180","27","129"
"60-69 years","Whitfield","1278","38","157"
"70-79 years","Whitfield","720","58","146"
"80 & Older years","Whitfield","415","96","124"
"<1 years","Whitfield","72","0","5"
"Unknown years","Whitfield","3","0","0"
"01-04 years","Wilcox","10","0","0"
"05-09 years","Wilcox","9","0","0"
"10-17 years","Wilcox","30","0","0"
"18-29 years","Wilcox","47","0","1"
"30-39 years","Wilcox","49","0","1"
"40-49 years","Wilcox","74","0","12"
"50-59 years","Wilcox","84","1","16"
"60-69 years","Wilcox","91","10","25"
"70-79 years","Wilcox","53","11","11"
"80 & Older years","Wilcox","26","8","8"
"<1 years","Wilcox","5","0","0"
"01-04 years","Wilkes","8","0","0"
"05-09 years","Wilkes","17","0","0"
"10-17 years","Wilkes","53","0","0"
"18-29 years","Wilkes","119","0","1"
"30-39 years","Wilkes","86","0","5"
"40-49 years","Wilkes","103","1","12"
"50-59 years","Wilkes","102","2","5"
"60-69 years","Wilkes","83","3","17"
"70-79 years","Wilkes","68","8","20"
"80 & Older years","Wilkes","33","8","15"
"<1 years","Wilkes","3","0","0"
"Unknown years","Wilkes","1","0","0"
"01-04 years","Wilkinson","6","0","0"
"05-09 years","Wilkinson","11","0","0"
"10-17 years","Wilkinson","31","0","1"
"18-29 years","Wilkinson","112","0","3"
"30-39 years","Wilkinson","92","0","8"
"40-49 years","Wilkinson","96","0","6"
"50-59 years","Wilkinson","156","4","26"
"60-69 years","Wilkinson","133","12","39"
"70-79 years","Wilkinson","59","6","22"
"80 & Older years","Wilkinson","39","5","16"
"01-04 years","Worth","13","0","0"
"05-09 years","Worth","15","0","0"
"10-17 years","Worth","80","0","3"
"18-29 years","Worth","189","0","9"
"30-39 years","Worth","157","0","11"
"40-49 years","Worth","159","1","17"
"50-59 years","Worth","199","7","27"
"60-69 years","Worth","194","19","52"
"70-79 years","Worth","117","16","30"
"80 & Older years","Worth","72","17","26"
"<1 years","Worth","4","0","0"
"Unknown years","Worth","1","0","0"
