"age group","county name","cases","deaths","confirmed_case_hospitalization"
"01-04 years","Georgia","41881","3","542"
"05-09 years","Georgia","72897","5","412"
"10-17 years","Georgia","180503","17","1509"
"18-29 years","Georgia","407002","249","7728"
"30-39 years","Georgia","319541","646","9518"
"40-49 years","Georgia","287383","1422","12753"
"50-59 years","Georgia","256134","3404","18500"
"60-69 years","Georgia","168154","6074","20847"
"70-79 years","Georgia","92302","7826","18979"
"80 & Older years","Georgia","48554","9036","14041"
"<1 years","Georgia","13921","2","619"
"Unknown years","Georgia","6381","0","231"
"01-04 years","Appling","74","0","0"
"05-09 years","Appling","125","0","0"
"10-17 years","Appling","413","0","3"
"18-29 years","Appling","631","1","8"
"30-39 years","Appling","491","4","10"
"40-49 years","Appling","477","9","29"
"50-59 years","Appling","478","11","44"
"60-69 years","Appling","395","22","73"
"70-79 years","Appling","267","25","51"
"80 & Older years","Appling","134","32","42"
"<1 years","Appling","15","0","0"
"Unknown years","Appling","6","0","0"
"01-04 years","Atkinson","34","0","2"
"05-09 years","Atkinson","69","0","1"
"10-17 years","Atkinson","180","0","2"
"18-29 years","Atkinson","311","0","16"
"30-39 years","Atkinson","231","0","15"
"40-49 years","Atkinson","217","4","35"
"50-59 years","Atkinson","207","5","37"
"60-69 years","Atkinson","139","7","44"
"70-79 years","Atkinson","74","9","29"
"80 & Older years","Atkinson","28","9","15"
"<1 years","Atkinson","8","0","0"
"01-04 years","Bacon","53","0","1"
"05-09 years","Bacon","76","0","0"
"10-17 years","Bacon","229","0","1"
"18-29 years","Bacon","631","0","10"
"30-39 years","Bacon","366","1","13"
"40-49 years","Bacon","379","5","24"
"50-59 years","Bacon","285","3","27"
"60-69 years","Bacon","242","18","51"
"70-79 years","Bacon","161","15","46"
"80 & Older years","Bacon","76","14","23"
"<1 years","Bacon","18","0","0"
"Unknown years","Bacon","2","0","0"
"01-04 years","Baker","12","0","0"
"05-09 years","Baker","21","0","0"
"10-17 years","Baker","22","0","0"
"18-29 years","Baker","56","0","0"
"30-39 years","Baker","34","0","4"
"40-49 years","Baker","35","3","3"
"50-59 years","Baker","39","0","4"
"60-69 years","Baker","46","3","17"
"70-79 years","Baker","24","3","11"
"80 & Older years","Baker","16","4","6"
"<1 years","Baker","3","0","0"
"Unknown years","Baker","3","0","0"
"01-04 years","Baldwin","117","0","2"
"05-09 years","Baldwin","249","0","0"
"10-17 years","Baldwin","561","1","5"
"18-29 years","Baldwin","2012","0","22"
"30-39 years","Baldwin","1023","2","21"
"40-49 years","Baldwin","961","6","46"
"50-59 years","Baldwin","914","22","81"
"60-69 years","Baldwin","704","41","94"
"70-79 years","Baldwin","433","47","72"
"80 & Older years","Baldwin","236","64","76"
"<1 years","Baldwin","38","0","3"
"Unknown years","Baldwin","5","0","0"
"01-04 years","Banks","46","0","2"
"05-09 years","Banks","85","0","1"
"10-17 years","Banks","246","0","5"
"18-29 years","Banks","642","0","21"
"30-39 years","Banks","472","0","21"
"40-49 years","Banks","481","6","31"
"50-59 years","Banks","491","6","42"
"60-69 years","Banks","389","16","71"
"70-79 years","Banks","276","27","78"
"80 & Older years","Banks","116","17","39"
"<1 years","Banks","27","0","3"
"Unknown years","Banks","28","0","1"
"01-04 years","Barrow","379","0","1"
"05-09 years","Barrow","684","0","3"
"10-17 years","Barrow","1905","1","15"
"18-29 years","Barrow","3770","1","66"
"30-39 years","Barrow","3391","3","91"
"40-49 years","Barrow","3198","14","122"
"50-59 years","Barrow","2670","22","179"
"60-69 years","Barrow","1729","51","195"
"70-79 years","Barrow","980","62","151"
"80 & Older years","Barrow","428","69","129"
"<1 years","Barrow","154","0","11"
"Unknown years","Barrow","20","0","2"
"01-04 years","Bartow","445","0","14"
"05-09 years","Bartow","674","0","4"
"10-17 years","Bartow","1993","0","17"
"18-29 years","Bartow","4084","0","41"
"30-39 years","Bartow","3339","7","73"
"40-49 years","Bartow","3207","11","130"
"50-59 years","Bartow","3290","38","229"
"60-69 years","Bartow","2071","93","242"
"70-79 years","Bartow","1270","116","264"
"80 & Older years","Bartow","600","106","163"
"<1 years","Bartow","190","0","8"
"Unknown years","Bartow","49","0","3"
"01-04 years","Ben Hill","43","0","1"
"05-09 years","Ben Hill","41","0","0"
"10-17 years","Ben Hill","177","0","0"
"18-29 years","Ben Hill","426","0","5"
"30-39 years","Ben Hill","338","3","13"
"40-49 years","Ben Hill","297","2","16"
"50-59 years","Ben Hill","306","8","34"
"60-69 years","Ben Hill","261","17","37"
"70-79 years","Ben Hill","171","22","56"
"80 & Older years","Ben Hill","78","20","21"
"<1 years","Ben Hill","15","0","2"
"01-04 years","Berrien","59","0","1"
"05-09 years","Berrien","70","0","0"
"10-17 years","Berrien","193","0","1"
"18-29 years","Berrien","377","0","0"
"30-39 years","Berrien","320","0","5"
"40-49 years","Berrien","244","1","8"
"50-59 years","Berrien","276","6","24"
"60-69 years","Berrien","213","11","30"
"70-79 years","Berrien","146","19","22"
"80 & Older years","Berrien","73","15","15"
"<1 years","Berrien","18","0","0"
"Unknown years","Berrien","2","0","0"
"01-04 years","Bibb","493","0","8"
"05-09 years","Bibb","906","0","4"
"10-17 years","Bibb","2192","0","15"
"18-29 years","Bibb","6432","4","144"
"30-39 years","Bibb","4873","11","204"
"40-49 years","Bibb","4331","29","325"
"50-59 years","Bibb","3852","64","451"
"60-69 years","Bibb","2869","146","593"
"70-79 years","Bibb","1565","176","500"
"80 & Older years","Bibb","874","203","401"
"<1 years","Bibb","133","0","9"
"Unknown years","Bibb","10","0","1"
"01-04 years","Bleckley","23","0","0"
"05-09 years","Bleckley","60","0","0"
"10-17 years","Bleckley","168","0","1"
"18-29 years","Bleckley","338","0","6"
"30-39 years","Bleckley","208","1","5"
"40-49 years","Bleckley","188","1","3"
"50-59 years","Bleckley","174","4","9"
"60-69 years","Bleckley","125","9","15"
"70-79 years","Bleckley","87","8","15"
"80 & Older years","Bleckley","67","18","15"
"<1 years","Bleckley","10","0","0"
"Unknown years","Bleckley","1","0","0"
"01-04 years","Brantley","50","0","0"
"05-09 years","Brantley","90","0","0"
"10-17 years","Brantley","264","0","1"
"18-29 years","Brantley","475","0","6"
"30-39 years","Brantley","355","3","8"
"40-49 years","Brantley","335","5","20"
"50-59 years","Brantley","364","18","36"
"60-69 years","Brantley","256","16","42"
"70-79 years","Brantley","175","25","46"
"80 & Older years","Brantley","72","15","19"
"<1 years","Brantley","9","0","0"
"Unknown years","Brantley","10","0","0"
"01-04 years","Brooks","51","0","2"
"05-09 years","Brooks","70","0","0"
"10-17 years","Brooks","163","0","0"
"18-29 years","Brooks","330","0","4"
"30-39 years","Brooks","268","1","10"
"40-49 years","Brooks","250","2","17"
"50-59 years","Brooks","277","7","33"
"60-69 years","Brooks","178","12","29"
"70-79 years","Brooks","152","17","29"
"80 & Older years","Brooks","91","21","25"
"<1 years","Brooks","22","0","0"
"Unknown years","Brooks","1","0","0"
"01-04 years","Bryan","202","0","0"
"05-09 years","Bryan","326","0","2"
"10-17 years","Bryan","828","0","5"
"18-29 years","Bryan","1306","1","20"
"30-39 years","Bryan","1174","4","31"
"40-49 years","Bryan","1117","5","53"
"50-59 years","Bryan","775","8","56"
"60-69 years","Bryan","484","18","66"
"70-79 years","Bryan","276","19","100"
"80 & Older years","Bryan","106","12","35"
"<1 years","Bryan","86","0","5"
"Unknown years","Bryan","16","0","0"
"01-04 years","Bulloch","260","0","1"
"05-09 years","Bulloch","453","0","1"
"10-17 years","Bulloch","1094","0","3"
"18-29 years","Bulloch","3788","1","18"
"30-39 years","Bulloch","1503","5","33"
"40-49 years","Bulloch","1135","7","41"
"50-59 years","Bulloch","1021","19","64"
"60-69 years","Bulloch","662","24","76"
"70-79 years","Bulloch","325","29","64"
"80 & Older years","Bulloch","157","19","46"
"<1 years","Bulloch","102","0","5"
"Unknown years","Bulloch","2","0","0"
"01-04 years","Burke","56","0","0"
"05-09 years","Burke","105","0","0"
"10-17 years","Burke","268","0","3"
"18-29 years","Burke","581","2","15"
"30-39 years","Burke","469","2","19"
"40-49 years","Burke","470","5","27"
"50-59 years","Burke","417","6","40"
"60-69 years","Burke","337","11","53"
"70-79 years","Burke","160","16","46"
"80 & Older years","Burke","56","13","22"
"<1 years","Burke","19","0","0"
"Unknown years","Burke","4","0","0"
"01-04 years","Butts","92","0","3"
"05-09 years","Butts","117","0","0"
"10-17 years","Butts","349","0","6"
"18-29 years","Butts","881","0","12"
"30-39 years","Butts","784","1","12"
"40-49 years","Butts","701","6","27"
"50-59 years","Butts","723","18","55"
"60-69 years","Butts","485","24","58"
"70-79 years","Butts","313","36","54"
"80 & Older years","Butts","187","43","17"
"<1 years","Butts","38","0","3"
"Unknown years","Butts","2","0","0"
"01-04 years","Calhoun","27","0","0"
"05-09 years","Calhoun","22","0","0"
"10-17 years","Calhoun","71","0","1"
"18-29 years","Calhoun","170","0","9"
"30-39 years","Calhoun","174","3","8"
"40-49 years","Calhoun","162","1","11"
"50-59 years","Calhoun","145","4","21"
"60-69 years","Calhoun","114","4","27"
"70-79 years","Calhoun","46","7","12"
"80 & Older years","Calhoun","32","2","11"
"<1 years","Calhoun","7","0","0"
"Unknown years","Calhoun","1","0","0"
"01-04 years","Camden","226","0","0"
"05-09 years","Camden","359","0","2"
"10-17 years","Camden","880","0","2"
"18-29 years","Camden","1842","0","12"
"30-39 years","Camden","1510","3","26"
"40-49 years","Camden","1058","10","30"
"50-59 years","Camden","1107","14","39"
"60-69 years","Camden","754","26","57"
"70-79 years","Camden","428","14","37"
"80 & Older years","Camden","166","23","30"
"<1 years","Camden","41","0","2"
"Unknown years","Camden","33","0","0"
"01-04 years","Candler","23","0","0"
"05-09 years","Candler","48","0","0"
"10-17 years","Candler","127","0","0"
"18-29 years","Candler","230","0","2"
"30-39 years","Candler","191","0","7"
"40-49 years","Candler","187","5","4"
"50-59 years","Candler","208","13","20"
"60-69 years","Candler","141","10","20"
"70-79 years","Candler","103","15","24"
"80 & Older years","Candler","36","8","15"
"<1 years","Candler","12","0","0"
"01-04 years","Carroll","281","0","3"
"05-09 years","Carroll","458","0","4"
"10-17 years","Carroll","1441","0","7"
"18-29 years","Carroll","3258","1","24"
"30-39 years","Carroll","2294","4","28"
"40-49 years","Carroll","2054","10","49"
"50-59 years","Carroll","1943","18","68"
"60-69 years","Carroll","1296","35","105"
"70-79 years","Carroll","738","42","81"
"80 & Older years","Carroll","381","60","55"
"<1 years","Carroll","103","0","2"
"Unknown years","Carroll","15","0","4"
"01-04 years","Catoosa","255","0","1"
"05-09 years","Catoosa","448","0","2"
"10-17 years","Catoosa","1236","0","2"
"18-29 years","Catoosa","2296","1","16"
"30-39 years","Catoosa","1880","2","18"
"40-49 years","Catoosa","1875","4","39"
"50-59 years","Catoosa","1721","13","63"
"60-69 years","Catoosa","1176","17","81"
"70-79 years","Catoosa","706","33","93"
"80 & Older years","Catoosa","451","47","65"
"<1 years","Catoosa","82","0","1"
"Unknown years","Catoosa","49","0","3"
"01-04 years","Charlton","31","0","0"
"05-09 years","Charlton","62","0","0"
"10-17 years","Charlton","138","0","0"
"18-29 years","Charlton","502","1","4"
"30-39 years","Charlton","414","2","6"
"40-49 years","Charlton","330","3","14"
"50-59 years","Charlton","257","5","13"
"60-69 years","Charlton","226","12","32"
"70-79 years","Charlton","124","11","26"
"80 & Older years","Charlton","48","10","19"
"<1 years","Charlton","12","0","0"
"Unknown years","Charlton","6","0","0"
"01-04 years","Chatham","1763","0","13"
"05-09 years","Chatham","2774","1","6"
"10-17 years","Chatham","5365","0","34"
"18-29 years","Chatham","12198","7","197"
"30-39 years","Chatham","9294","26","288"
"40-49 years","Chatham","6816","43","349"
"50-59 years","Chatham","5730","90","490"
"60-69 years","Chatham","4210","152","631"
"70-79 years","Chatham","2145","187","582"
"80 & Older years","Chatham","1155","224","485"
"<1 years","Chatham","630","0","16"
"Unknown years","Chatham","87","0","2"
"01-04 years","Chattahoochee","26","0","0"
"05-09 years","Chattahoochee","53","0","0"
"10-17 years","Chattahoochee","217","0","2"
"18-29 years","Chattahoochee","4792","7","10"
"30-39 years","Chattahoochee","519","2","6"
"40-49 years","Chattahoochee","128","1","1"
"50-59 years","Chattahoochee","68","1","11"
"60-69 years","Chattahoochee","43","1","7"
"70-79 years","Chattahoochee","23","1","7"
"80 & Older years","Chattahoochee","10","3","5"
"<1 years","Chattahoochee","14","0","0"
"Unknown years","Chattahoochee","2","0","0"
"01-04 years","Chattooga","99","0","0"
"05-09 years","Chattooga","179","0","1"
"10-17 years","Chattooga","547","0","3"
"18-29 years","Chattooga","925","0","10"
"30-39 years","Chattooga","764","2","15"
"40-49 years","Chattooga","770","7","38"
"50-59 years","Chattooga","759","13","48"
"60-69 years","Chattooga","560","25","65"
"70-79 years","Chattooga","344","23","75"
"80 & Older years","Chattooga","195","38","46"
"<1 years","Chattooga","44","0","4"
"Unknown years","Chattooga","11","0","1"
"01-04 years","Cherokee","868","0","11"
"05-09 years","Cherokee","1701","0","13"
"10-17 years","Cherokee","4811","0","25"
"18-29 years","Cherokee","8455","3","140"
"30-39 years","Cherokee","6797","8","190"
"40-49 years","Cherokee","7088","13","266"
"50-59 years","Cherokee","6706","49","402"
"60-69 years","Cherokee","4185","98","439"
"70-79 years","Cherokee","2513","143","433"
"80 & Older years","Cherokee","1307","202","352"
"<1 years","Cherokee","285","0","9"
"Unknown years","Cherokee","27","0","0"
"01-04 years","Clarke","594","0","9"
"05-09 years","Clarke","863","0","9"
"10-17 years","Clarke","1748","0","19"
"18-29 years","Clarke","11001","0","133"
"30-39 years","Clarke","3616","3","115"
"40-49 years","Clarke","2773","6","128"
"50-59 years","Clarke","2234","18","163"
"60-69 years","Clarke","1485","39","178"
"70-79 years","Clarke","891","63","198"
"80 & Older years","Clarke","438","64","134"
"<1 years","Clarke","206","0","7"
"Unknown years","Clarke","21","0","0"
"01-04 years","Clay","11","0","0"
"05-09 years","Clay","13","0","0"
"10-17 years","Clay","40","0","0"
"18-29 years","Clay","62","0","0"
"30-39 years","Clay","59","0","2"
"40-49 years","Clay","52","0","2"
"50-59 years","Clay","38","1","3"
"60-69 years","Clay","33","1","2"
"70-79 years","Clay","25","0","1"
"80 & Older years","Clay","16","2","4"
"<1 years","Clay","4","0","0"
"Unknown years","Clay","1","0","0"
"01-04 years","Clayton","1501","0","21"
"05-09 years","Clayton","2736","1","18"
"10-17 years","Clayton","5741","1","77"
"18-29 years","Clayton","11775","12","295"
"30-39 years","Clayton","10735","38","401"
"40-49 years","Clayton","8933","56","422"
"50-59 years","Clayton","7656","126","593"
"60-69 years","Clayton","4604","206","536"
"70-79 years","Clayton","1814","195","367"
"80 & Older years","Clayton","799","169","230"
"<1 years","Clayton","477","0","23"
"Unknown years","Clayton","47","0","10"
"01-04 years","Clinch","33","0","0"
"05-09 years","Clinch","46","0","0"
"10-17 years","Clinch","127","0","0"
"18-29 years","Clinch","242","0","2"
"30-39 years","Clinch","205","1","5"
"40-49 years","Clinch","188","0","4"
"50-59 years","Clinch","181","3","21"
"60-69 years","Clinch","197","12","26"
"70-79 years","Clinch","96","10","25"
"80 & Older years","Clinch","46","9","11"
"<1 years","Clinch","14","0","0"
"Unknown years","Clinch","2","0","0"
"01-04 years","Cobb","3034","1","35"
"05-09 years","Cobb","5542","0","31"
"10-17 years","Cobb","12754","0","80"
"18-29 years","Cobb","29733","9","339"
"30-39 years","Cobb","22775","39","399"
"40-49 years","Cobb","20743","66","591"
"50-59 years","Cobb","17516","139","824"
"60-69 years","Cobb","10620","258","822"
"70-79 years","Cobb","5448","413","776"
"80 & Older years","Cobb","2984","567","717"
"<1 years","Cobb","844","0","30"
"Unknown years","Cobb","326","0","0"
"01-04 years","Coffee","184","0","3"
"05-09 years","Coffee","330","0","4"
"10-17 years","Coffee","766","0","7"
"18-29 years","Coffee","1710","1","43"
"30-39 years","Coffee","1348","6","76"
"40-49 years","Coffee","1247","16","146"
"50-59 years","Coffee","1133","24","205"
"60-69 years","Coffee","831","51","209"
"70-79 years","Coffee","445","54","177"
"80 & Older years","Coffee","219","47","112"
"<1 years","Coffee","65","0","5"
"Unknown years","Coffee","4","0","0"
"01-04 years","Colquitt","133","0","0"
"05-09 years","Colquitt","318","0","2"
"10-17 years","Colquitt","957","0","12"
"18-29 years","Colquitt","1553","1","36"
"30-39 years","Colquitt","1186","3","36"
"40-49 years","Colquitt","1110","8","50"
"50-59 years","Colquitt","1036","26","55"
"60-69 years","Colquitt","748","34","74"
"70-79 years","Colquitt","475","35","71"
"80 & Older years","Colquitt","242","40","45"
"<1 years","Colquitt","51","0","2"
"Unknown years","Colquitt","2","0","0"
"01-04 years","Columbia","379","1","4"
"05-09 years","Columbia","785","1","7"
"10-17 years","Columbia","2154","0","13"
"18-29 years","Columbia","3913","2","45"
"30-39 years","Columbia","3760","7","57"
"40-49 years","Columbia","3199","17","82"
"50-59 years","Columbia","2544","39","127"
"60-69 years","Columbia","1672","49","143"
"70-79 years","Columbia","857","73","160"
"80 & Older years","Columbia","484","94","151"
"<1 years","Columbia","119","0","7"
"Unknown years","Columbia","41","0","0"
"01-04 years","Cook","50","0","3"
"05-09 years","Cook","83","0","0"
"10-17 years","Cook","205","0","2"
"18-29 years","Cook","388","0","10"
"30-39 years","Cook","318","0","5"
"40-49 years","Cook","301","3","19"
"50-59 years","Cook","262","7","24"
"60-69 years","Cook","197","12","24"
"70-79 years","Cook","129","13","31"
"80 & Older years","Cook","84","19","18"
"<1 years","Cook","27","0","3"
"01-04 years","Coweta","471","0","4"
"05-09 years","Coweta","791","0","3"
"10-17 years","Coweta","2095","0","22"
"18-29 years","Coweta","3840","5","93"
"30-39 years","Coweta","3167","15","146"
"40-49 years","Coweta","3166","28","166"
"50-59 years","Coweta","3310","56","238"
"60-69 years","Coweta","1937","72","218"
"70-79 years","Coweta","1132","108","232"
"80 & Older years","Coweta","539","110","148"
"<1 years","Coweta","134","0","8"
"Unknown years","Coweta","16","0","2"
"01-04 years","Crawford","11","0","0"
"05-09 years","Crawford","17","0","0"
"10-17 years","Crawford","71","0","2"
"18-29 years","Crawford","191","0","4"
"30-39 years","Crawford","186","1","11"
"40-49 years","Crawford","155","3","9"
"50-59 years","Crawford","218","9","25"
"60-69 years","Crawford","181","12","25"
"70-79 years","Crawford","103","14","24"
"80 & Older years","Crawford","40","3","16"
"<1 years","Crawford","3","0","0"
"Unknown years","Crawford","1","0","0"
"01-04 years","Crisp","50","0","0"
"05-09 years","Crisp","95","0","0"
"10-17 years","Crisp","271","0","3"
"18-29 years","Crisp","445","0","15"
"30-39 years","Crisp","421","2","20"
"40-49 years","Crisp","360","4","23"
"50-59 years","Crisp","340","4","32"
"60-69 years","Crisp","293","22","50"
"70-79 years","Crisp","140","16","35"
"80 & Older years","Crisp","77","20","18"
"<1 years","Crisp","27","0","0"
"Unknown years","Crisp","14","0","0"
"01-04 years","Dade","46","0","0"
"05-09 years","Dade","108","0","0"
"10-17 years","Dade","252","0","1"
"18-29 years","Dade","489","0","3"
"30-39 years","Dade","340","0","2"
"40-49 years","Dade","379","1","10"
"50-59 years","Dade","319","7","25"
"60-69 years","Dade","261","2","14"
"70-79 years","Dade","161","12","25"
"80 & Older years","Dade","74","3","14"
"<1 years","Dade","16","0","0"
"Unknown years","Dade","16","0","2"
"01-04 years","Dawson","112","0","0"
"05-09 years","Dawson","175","0","1"
"10-17 years","Dawson","492","0","6"
"18-29 years","Dawson","1173","0","21"
"30-39 years","Dawson","989","2","26"
"40-49 years","Dawson","825","3","42"
"50-59 years","Dawson","941","9","64"
"60-69 years","Dawson","680","19","99"
"70-79 years","Dawson","422","32","75"
"80 & Older years","Dawson","171","26","41"
"<1 years","Dawson","42","0","3"
"Unknown years","Dawson","26","0","1"
"01-04 years","DeKalb","3103","0","42"
"05-09 years","DeKalb","4885","0","38"
"10-17 years","DeKalb","10007","0","126"
"18-29 years","DeKalb","28256","17","755"
"30-39 years","DeKalb","25155","32","986"
"40-49 years","DeKalb","19006","63","1062"
"50-59 years","DeKalb","15964","171","1372"
"60-69 years","DeKalb","9871","284","1449"
"70-79 years","DeKalb","4833","363","1086"
"80 & Older years","DeKalb","2626","447","761"
"<1 years","DeKalb","838","0","34"
"Unknown years","DeKalb","365","0","17"
"01-04 years","Decatur","187","0","2"
"05-09 years","Decatur","235","0","1"
"10-17 years","Decatur","502","0","1"
"18-29 years","Decatur","945","1","20"
"30-39 years","Decatur","717","1","12"
"40-49 years","Decatur","673","3","34"
"50-59 years","Decatur","578","12","49"
"60-69 years","Decatur","424","19","58"
"70-79 years","Decatur","237","25","42"
"80 & Older years","Decatur","142","24","28"
"<1 years","Decatur","63","0","0"
"Unknown years","Decatur","121","0","0"
"01-04 years","Dodge","28","0","0"
"05-09 years","Dodge","63","0","0"
"10-17 years","Dodge","206","1","2"
"18-29 years","Dodge","453","0","8"
"30-39 years","Dodge","314","2","10"
"40-49 years","Dodge","312","3","13"
"50-59 years","Dodge","296","6","23"
"60-69 years","Dodge","215","20","33"
"70-79 years","Dodge","118","18","25"
"80 & Older years","Dodge","71","16","16"
"<1 years","Dodge","12","0","0"
"Unknown years","Dodge","7","0","0"
"01-04 years","Dooly","30","0","0"
"05-09 years","Dooly","55","0","0"
"10-17 years","Dooly","148","0","1"
"18-29 years","Dooly","264","1","5"
"30-39 years","Dooly","213","0","12"
"40-49 years","Dooly","246","2","14"
"50-59 years","Dooly","235","6","22"
"60-69 years","Dooly","187","11","27"
"70-79 years","Dooly","87","10","21"
"80 & Older years","Dooly","33","9","7"
"<1 years","Dooly","12","0","0"
"Unknown years","Dooly","6","0","0"
"01-04 years","Dougherty","334","0","5"
"05-09 years","Dougherty","779","0","1"
"10-17 years","Dougherty","1858","0","17"
"18-29 years","Dougherty","2572","4","165"
"30-39 years","Dougherty","2132","9","137"
"40-49 years","Dougherty","1818","31","183"
"50-59 years","Dougherty","1657","45","245"
"60-69 years","Dougherty","1290","105","350"
"70-79 years","Dougherty","681","92","238"
"80 & Older years","Dougherty","441","133","180"
"<1 years","Dougherty","115","0","10"
"Unknown years","Dougherty","266","0","1"
"01-04 years","Douglas","619","0","9"
"05-09 years","Douglas","1129","0","11"
"10-17 years","Douglas","2895","1","30"
"18-29 years","Douglas","5402","0","74"
"30-39 years","Douglas","4678","8","114"
"40-49 years","Douglas","4837","14","177"
"50-59 years","Douglas","4166","37","234"
"60-69 years","Douglas","2312","69","247"
"70-79 years","Douglas","1110","82","189"
"80 & Older years","Douglas","504","83","138"
"<1 years","Douglas","195","0","10"
"Unknown years","Douglas","19","0","1"
"01-04 years","Early","63","0","0"
"05-09 years","Early","86","0","0"
"10-17 years","Early","298","0","0"
"18-29 years","Early","337","1","12"
"30-39 years","Early","296","1","6"
"40-49 years","Early","295","2","15"
"50-59 years","Early","289","5","18"
"60-69 years","Early","203","12","21"
"70-79 years","Early","128","20","23"
"80 & Older years","Early","65","13","19"
"<1 years","Early","12","0","0"
"Unknown years","Early","3","0","0"
"01-04 years","Echols","14","0","0"
"05-09 years","Echols","10","0","0"
"10-17 years","Echols","37","0","1"
"18-29 years","Echols","148","0","2"
"30-39 years","Echols","72","1","4"
"40-49 years","Echols","56","0","1"
"50-59 years","Echols","54","1","2"
"60-69 years","Echols","33","0","1"
"70-79 years","Echols","25","2","3"
"80 & Older years","Echols","6","1","2"
"<1 years","Echols","5","0","0"
"01-04 years","Effingham","268","0","1"
"05-09 years","Effingham","538","0","3"
"10-17 years","Effingham","1208","0","2"
"18-29 years","Effingham","1779","1","16"
"30-39 years","Effingham","1848","4","44"
"40-49 years","Effingham","1532","10","74"
"50-59 years","Effingham","1340","32","117"
"60-69 years","Effingham","879","28","130"
"70-79 years","Effingham","430","41","119"
"80 & Older years","Effingham","193","41","61"
"<1 years","Effingham","93","0","6"
"Unknown years","Effingham","19","0","0"
"01-04 years","Elbert","50","0","0"
"05-09 years","Elbert","77","0","0"
"10-17 years","Elbert","189","0","3"
"18-29 years","Elbert","470","1","9"
"30-39 years","Elbert","358","0","13"
"40-49 years","Elbert","355","1","18"
"50-59 years","Elbert","367","4","35"
"60-69 years","Elbert","319","10","46"
"70-79 years","Elbert","227","24","58"
"80 & Older years","Elbert","170","38","57"
"<1 years","Elbert","30","0","4"
"Unknown years","Elbert","11","0","0"
"01-04 years","Emanuel","75","0","2"
"05-09 years","Emanuel","124","0","1"
"10-17 years","Emanuel","374","0","3"
"18-29 years","Emanuel","642","1","7"
"30-39 years","Emanuel","532","1","20"
"40-49 years","Emanuel","509","4","18"
"50-59 years","Emanuel","443","10","42"
"60-69 years","Emanuel","343","16","39"
"70-79 years","Emanuel","208","24","39"
"80 & Older years","Emanuel","87","22","25"
"<1 years","Emanuel","20","0","1"
"Unknown years","Emanuel","29","0","1"
"01-04 years","Evans","28","0","0"
"05-09 years","Evans","69","0","0"
"10-17 years","Evans","151","0","1"
"18-29 years","Evans","287","1","3"
"30-39 years","Evans","264","0","4"
"40-49 years","Evans","217","4","23"
"50-59 years","Evans","200","6","21"
"60-69 years","Evans","134","7","24"
"70-79 years","Evans","86","16","25"
"80 & Older years","Evans","33","4","16"
"<1 years","Evans","11","0","0"
"01-04 years","Fannin","51","0","1"
"05-09 years","Fannin","97","0","0"
"10-17 years","Fannin","329","0","2"
"18-29 years","Fannin","587","0","8"
"30-39 years","Fannin","453","2","13"
"40-49 years","Fannin","522","5","19"
"50-59 years","Fannin","672","7","47"
"60-69 years","Fannin","678","22","71"
"70-79 years","Fannin","461","28","84"
"80 & Older years","Fannin","237","47","68"
"<1 years","Fannin","12","0","1"
"Unknown years","Fannin","7","0","0"
"01-04 years","Fayette","338","0","4"
"05-09 years","Fayette","643","0","4"
"10-17 years","Fayette","1747","0","13"
"18-29 years","Fayette","2844","4","40"
"30-39 years","Fayette","2142","6","57"
"40-49 years","Fayette","2645","7","97"
"50-59 years","Fayette","2615","20","167"
"60-69 years","Fayette","1853","39","167"
"70-79 years","Fayette","933","88","200"
"80 & Older years","Fayette","547","93","146"
"<1 years","Fayette","92","0","4"
"Unknown years","Fayette","20","0","1"
"01-04 years","Floyd","470","0","6"
"05-09 years","Floyd","860","0","2"
"10-17 years","Floyd","2458","1","15"
"18-29 years","Floyd","4572","4","67"
"30-39 years","Floyd","3490","9","87"
"40-49 years","Floyd","3186","17","155"
"50-59 years","Floyd","3110","48","258"
"60-69 years","Floyd","2224","72","323"
"70-79 years","Floyd","1287","108","320"
"80 & Older years","Floyd","705","111","232"
"<1 years","Floyd","199","0","10"
"Unknown years","Floyd","116","0","2"
"01-04 years","Forsyth","1059","0","9"
"05-09 years","Forsyth","2398","0","3"
"10-17 years","Forsyth","5746","0","14"
"18-29 years","Forsyth","6824","0","68"
"30-39 years","Forsyth","6159","5","100"
"40-49 years","Forsyth","7570","13","188"
"50-59 years","Forsyth","6193","28","257"
"60-69 years","Forsyth","3214","48","250"
"70-79 years","Forsyth","1819","99","302"
"80 & Older years","Forsyth","1052","131","241"
"<1 years","Forsyth","230","0","7"
"Unknown years","Forsyth","248","0","1"
"01-04 years","Franklin","70","0","1"
"05-09 years","Franklin","139","0","0"
"10-17 years","Franklin","409","0","6"
"18-29 years","Franklin","815","1","16"
"30-39 years","Franklin","606","0","14"
"40-49 years","Franklin","620","2","25"
"50-59 years","Franklin","621","6","41"
"60-69 years","Franklin","517","9","52"
"70-79 years","Franklin","314","28","55"
"80 & Older years","Franklin","144","27","36"
"<1 years","Franklin","44","0","4"
"Unknown years","Franklin","36","0","0"
"01-04 years","Fulton","4156","0","60"
"05-09 years","Fulton","6744","0","45"
"10-17 years","Fulton","15600","1","139"
"18-29 years","Fulton","43813","7","900"
"30-39 years","Fulton","35496","51","1134"
"40-49 years","Fulton","27071","67","1204"
"50-59 years","Fulton","22379","200","1727"
"60-69 years","Fulton","13138","365","1634"
"70-79 years","Fulton","6553","488","1335"
"80 & Older years","Fulton","4028","690","1213"
"<1 years","Fulton","1093","0","50"
"Unknown years","Fulton","509","0","68"
"01-04 years","Gilmer","77","0","3"
"05-09 years","Gilmer","92","0","0"
"10-17 years","Gilmer","373","0","5"
"18-29 years","Gilmer","650","0","25"
"30-39 years","Gilmer","602","2","29"
"40-49 years","Gilmer","628","1","30"
"50-59 years","Gilmer","733","17","60"
"60-69 years","Gilmer","686","22","90"
"70-79 years","Gilmer","475","45","114"
"80 & Older years","Gilmer","233","45","68"
"<1 years","Gilmer","34","0","3"
"Unknown years","Gilmer","14","0","0"
"01-04 years","Glascock","2","0","0"
"05-09 years","Glascock","8","0","0"
"10-17 years","Glascock","15","0","0"
"18-29 years","Glascock","48","0","1"
"30-39 years","Glascock","38","0","2"
"40-49 years","Glascock","39","0","1"
"50-59 years","Glascock","47","2","5"
"60-69 years","Glascock","26","0","5"
"70-79 years","Glascock","31","4","9"
"80 & Older years","Glascock","9","2","5"
"<1 years","Glascock","2","0","0"
"Unknown years","Glascock","1","0","0"
"01-04 years","Glynn","438","0","2"
"05-09 years","Glynn","877","0","1"
"10-17 years","Glynn","2023","0","3"
"18-29 years","Glynn","3424","4","39"
"30-39 years","Glynn","2855","9","46"
"40-49 years","Glynn","2444","16","67"
"50-59 years","Glynn","2178","42","117"
"60-69 years","Glynn","1816","83","182"
"70-79 years","Glynn","1087","83","136"
"80 & Older years","Glynn","530","97","126"
"<1 years","Glynn","131","0","4"
"Unknown years","Glynn","26","0","0"
"01-04 years","Gordon","227","0","1"
"05-09 years","Gordon","347","1","2"
"10-17 years","Gordon","1186","0","7"
"18-29 years","Gordon","2368","3","21"
"30-39 years","Gordon","1869","4","32"
"40-49 years","Gordon","1827","10","49"
"50-59 years","Gordon","1683","28","84"
"60-69 years","Gordon","1090","62","93"
"70-79 years","Gordon","598","58","114"
"80 & Older years","Gordon","303","47","72"
"<1 years","Gordon","90","0","4"
"Unknown years","Gordon","40","0","0"
"01-04 years","Grady","134","0","1"
"05-09 years","Grady","234","0","0"
"10-17 years","Grady","480","0","5"
"18-29 years","Grady","575","0","16"
"30-39 years","Grady","514","0","18"
"40-49 years","Grady","478","3","36"
"50-59 years","Grady","462","14","46"
"60-69 years","Grady","321","10","39"
"70-79 years","Grady","254","30","68"
"80 & Older years","Grady","90","20","29"
"<1 years","Grady","67","0","3"
"Unknown years","Grady","13","0","0"
"01-04 years","Greene","47","0","1"
"05-09 years","Greene","99","0","0"
"10-17 years","Greene","270","0","3"
"18-29 years","Greene","497","0","14"
"30-39 years","Greene","410","0","16"
"40-49 years","Greene","354","4","23"
"50-59 years","Greene","460","7","36"
"60-69 years","Greene","446","11","42"
"70-79 years","Greene","343","14","54"
"80 & Older years","Greene","157","32","60"
"<1 years","Greene","17","0","4"
"Unknown years","Greene","6","0","0"
"01-04 years","Gwinnett","3888","0","31"
"05-09 years","Gwinnett","6720","0","34"
"10-17 years","Gwinnett","16995","3","100"
"18-29 years","Gwinnett","36818","19","700"
"30-39 years","Gwinnett","29532","37","766"
"40-49 years","Gwinnett","29615","105","1063"
"50-59 years","Gwinnett","24031","190","1274"
"60-69 years","Gwinnett","13461","325","1259"
"70-79 years","Gwinnett","5897","404","1051"
"80 & Older years","Gwinnett","2999","534","910"
"<1 years","Gwinnett","1318","0","35"
"Unknown years","Gwinnett","229","0","7"
"01-04 years","Habersham","106","0","4"
"05-09 years","Habersham","189","0","0"
"10-17 years","Habersham","610","1","10"
"18-29 years","Habersham","1553","1","22"
"30-39 years","Habersham","1187","5","41"
"40-49 years","Habersham","1168","6","64"
"50-59 years","Habersham","1251","14","97"
"60-69 years","Habersham","992","35","162"
"70-79 years","Habersham","668","69","161"
"80 & Older years","Habersham","414","87","114"
"<1 years","Habersham","56","0","11"
"Unknown years","Habersham","108","0","1"
"01-04 years","Hall","581","0","11"
"05-09 years","Hall","1166","0","11"
"10-17 years","Hall","3967","0","42"
"18-29 years","Hall","9871","8","247"
"30-39 years","Hall","6968","11","293"
"40-49 years","Hall","6865","37","413"
"50-59 years","Hall","6972","68","585"
"60-69 years","Hall","4651","131","597"
"70-79 years","Hall","2878","193","664"
"80 & Older years","Hall","1581","268","505"
"<1 years","Hall","229","1","25"
"Unknown years","Hall","346","0","10"
"01-04 years","Hancock","18","0","0"
"05-09 years","Hancock","33","0","0"
"10-17 years","Hancock","86","0","1"
"18-29 years","Hancock","224","0","3"
"30-39 years","Hancock","219","2","6"
"40-49 years","Hancock","163","2","8"
"50-59 years","Hancock","216","7","19"
"60-69 years","Hancock","208","21","38"
"70-79 years","Hancock","106","22","28"
"80 & Older years","Hancock","75","26","25"
"<1 years","Hancock","7","0","0"
"Unknown years","Hancock","1","0","0"
"01-04 years","Haralson","60","0","0"
"05-09 years","Haralson","117","0","0"
"10-17 years","Haralson","349","0","3"
"18-29 years","Haralson","688","0","6"
"30-39 years","Haralson","484","0","8"
"40-49 years","Haralson","517","2","10"
"50-59 years","Haralson","556","7","19"
"60-69 years","Haralson","327","16","25"
"70-79 years","Haralson","199","18","21"
"80 & Older years","Haralson","92","11","12"
"<1 years","Haralson","21","0","1"
"Unknown years","Haralson","7","0","0"
"01-04 years","Harris","93","0","0"
"05-09 years","Harris","176","0","0"
"10-17 years","Harris","501","0","4"
"18-29 years","Harris","791","0","14"
"30-39 years","Harris","705","0","17"
"40-49 years","Harris","787","5","34"
"50-59 years","Harris","846","10","55"
"60-69 years","Harris","638","19","87"
"70-79 years","Harris","375","39","73"
"80 & Older years","Harris","112","17","26"
"<1 years","Harris","18","0","0"
"Unknown years","Harris","34","0","0"
"01-04 years","Hart","57","0","0"
"05-09 years","Hart","86","0","1"
"10-17 years","Hart","283","0","0"
"18-29 years","Hart","564","0","4"
"30-39 years","Hart","471","0","13"
"40-49 years","Hart","416","2","20"
"50-59 years","Hart","508","4","33"
"60-69 years","Hart","354","15","39"
"70-79 years","Hart","231","14","39"
"80 & Older years","Hart","123","18","38"
"<1 years","Hart","26","0","1"
"Unknown years","Hart","14","0","0"
"01-04 years","Heard","26","0","1"
"05-09 years","Heard","65","0","0"
"10-17 years","Heard","161","0","3"
"18-29 years","Heard","266","2","6"
"30-39 years","Heard","177","0","3"
"40-49 years","Heard","244","2","19"
"50-59 years","Heard","224","2","15"
"60-69 years","Heard","166","6","17"
"70-79 years","Heard","84","8","22"
"80 & Older years","Heard","35","8","6"
"<1 years","Heard","11","0","1"
"Unknown years","Heard","2","0","0"
"01-04 years","Henry","960","0","18"
"05-09 years","Henry","1748","0","8"
"10-17 years","Henry","4653","0","48"
"18-29 years","Henry","8693","3","169"
"30-39 years","Henry","7421","14","201"
"40-49 years","Henry","7809","42","284"
"50-59 years","Henry","6924","63","360"
"60-69 years","Henry","3741","141","349"
"70-79 years","Henry","1752","156","266"
"80 & Older years","Henry","826","155","183"
"<1 years","Henry","299","0","13"
"Unknown years","Henry","46","0","3"
"01-04 years","Houston","448","0","6"
"05-09 years","Houston","906","0","1"
"10-17 years","Houston","2445","0","10"
"18-29 years","Houston","4731","7","72"
"30-39 years","Houston","4322","7","104"
"40-49 years","Houston","3631","19","153"
"50-59 years","Houston","2887","34","198"
"60-69 years","Houston","1887","74","253"
"70-79 years","Houston","933","85","220"
"80 & Older years","Houston","492","82","138"
"<1 years","Houston","104","1","7"
"Unknown years","Houston","11","0","0"
"01-04 years","Irwin","11","0","0"
"05-09 years","Irwin","23","0","0"
"10-17 years","Irwin","78","0","0"
"18-29 years","Irwin","198","0","6"
"30-39 years","Irwin","164","0","9"
"40-49 years","Irwin","184","1","11"
"50-59 years","Irwin","139","3","13"
"60-69 years","Irwin","114","2","24"
"70-79 years","Irwin","60","8","10"
"80 & Older years","Irwin","44","8","26"
"<1 years","Irwin","3","0","1"
"Unknown years","Irwin","3","0","0"
"01-04 years","Jackson","287","0","3"
"05-09 years","Jackson","605","0","2"
"10-17 years","Jackson","1998","1","14"
"18-29 years","Jackson","3025","3","56"
"30-39 years","Jackson","3060","7","74"
"40-49 years","Jackson","2972","13","119"
"50-59 years","Jackson","2727","26","164"
"60-69 years","Jackson","1802","48","177"
"70-79 years","Jackson","1191","62","208"
"80 & Older years","Jackson","552","84","153"
"<1 years","Jackson","93","0","5"
"Unknown years","Jackson","34","0","1"
"01-04 years","Jasper","33","0","0"
"05-09 years","Jasper","57","0","1"
"10-17 years","Jasper","130","0","3"
"18-29 years","Jasper","309","0","13"
"30-39 years","Jasper","240","2","12"
"40-49 years","Jasper","233","1","15"
"50-59 years","Jasper","278","6","28"
"60-69 years","Jasper","190","12","38"
"70-79 years","Jasper","102","7","22"
"80 & Older years","Jasper","44","8","16"
"<1 years","Jasper","20","0","4"
"Unknown years","Jasper","6","0","0"
"01-04 years","Jeff Davis","55","0","0"
"05-09 years","Jeff Davis","112","0","0"
"10-17 years","Jeff Davis","248","0","2"
"18-29 years","Jeff Davis","470","0","8"
"30-39 years","Jeff Davis","373","0","12"
"40-49 years","Jeff Davis","339","1","22"
"50-59 years","Jeff Davis","325","9","27"
"60-69 years","Jeff Davis","184","10","25"
"70-79 years","Jeff Davis","138","16","25"
"80 & Older years","Jeff Davis","34","9","9"
"<1 years","Jeff Davis","16","0","2"
"01-04 years","Jefferson","32","0","1"
"05-09 years","Jefferson","64","0","0"
"10-17 years","Jefferson","162","0","2"
"18-29 years","Jefferson","351","0","3"
"30-39 years","Jefferson","316","1","12"
"40-49 years","Jefferson","309","5","23"
"50-59 years","Jefferson","371","9","31"
"60-69 years","Jefferson","309","14","45"
"70-79 years","Jefferson","195","23","50"
"80 & Older years","Jefferson","87","23","34"
"<1 years","Jefferson","10","0","3"
"Unknown years","Jefferson","10","0","0"
"01-04 years","Jenkins","30","0","1"
"05-09 years","Jenkins","39","0","0"
"10-17 years","Jenkins","97","0","1"
"18-29 years","Jenkins","178","0","2"
"30-39 years","Jenkins","126","2","6"
"40-49 years","Jenkins","163","4","14"
"50-59 years","Jenkins","179","7","28"
"60-69 years","Jenkins","120","7","15"
"70-79 years","Jenkins","76","13","20"
"80 & Older years","Jenkins","54","10","12"
"<1 years","Jenkins","6","0","0"
"Unknown years","Jenkins","1","0","0"
"01-04 years","Johnson","23","0","1"
"05-09 years","Johnson","37","0","0"
"10-17 years","Johnson","101","0","1"
"18-29 years","Johnson","249","0","5"
"30-39 years","Johnson","211","1","6"
"40-49 years","Johnson","204","3","7"
"50-59 years","Johnson","202","9","17"
"60-69 years","Johnson","195","9","24"
"70-79 years","Johnson","122","11","30"
"80 & Older years","Johnson","88","22","27"
"<1 years","Johnson","19","0","3"
"Unknown years","Johnson","4","0","0"
"01-04 years","Jones","46","0","1"
"05-09 years","Jones","88","0","0"
"10-17 years","Jones","268","0","1"
"18-29 years","Jones","735","2","17"
"30-39 years","Jones","598","3","17"
"40-49 years","Jones","568","5","31"
"50-59 years","Jones","597","10","59"
"60-69 years","Jones","398","16","70"
"70-79 years","Jones","250","34","71"
"80 & Older years","Jones","124","25","37"
"<1 years","Jones","13","0","0"
"Unknown years","Jones","1","0","0"
"01-04 years","Lamar","104","0","0"
"05-09 years","Lamar","173","0","0"
"10-17 years","Lamar","388","0","5"
"18-29 years","Lamar","566","0","12"
"30-39 years","Lamar","465","2","16"
"40-49 years","Lamar","417","6","21"
"50-59 years","Lamar","399","12","46"
"60-69 years","Lamar","355","25","46"
"70-79 years","Lamar","230","21","43"
"80 & Older years","Lamar","96","26","32"
"<1 years","Lamar","64","0","1"
"Unknown years","Lamar","2","0","0"
"01-04 years","Lanier","17","0","0"
"05-09 years","Lanier","33","0","1"
"10-17 years","Lanier","115","0","1"
"18-29 years","Lanier","227","1","3"
"30-39 years","Lanier","227","0","3"
"40-49 years","Lanier","149","1","4"
"50-59 years","Lanier","124","2","8"
"60-69 years","Lanier","77","3","5"
"70-79 years","Lanier","65","5","7"
"80 & Older years","Lanier","31","0","6"
"<1 years","Lanier","13","0","0"
"Unknown years","Lanier","1","0","0"
"01-04 years","Laurens","203","0","2"
"05-09 years","Laurens","361","0","2"
"10-17 years","Laurens","923","0","6"
"18-29 years","Laurens","1675","0","15"
"30-39 years","Laurens","1343","4","23"
"40-49 years","Laurens","1214","12","40"
"50-59 years","Laurens","1068","30","76"
"60-69 years","Laurens","839","55","108"
"70-79 years","Laurens","514","63","105"
"80 & Older years","Laurens","295","63","74"
"<1 years","Laurens","71","0","7"
"Unknown years","Laurens","17","0","0"
"01-04 years","Lee","82","0","0"
"05-09 years","Lee","125","0","3"
"10-17 years","Lee","370","0","7"
"18-29 years","Lee","645","1","24"
"30-39 years","Lee","704","1","34"
"40-49 years","Lee","656","8","50"
"50-59 years","Lee","541","17","80"
"60-69 years","Lee","337","21","69"
"70-79 years","Lee","153","19","47"
"80 & Older years","Lee","86","18","32"
"<1 years","Lee","30","0","0"
"Unknown years","Lee","62","0","0"
"01-04 years","Liberty","489","0","2"
"05-09 years","Liberty","673","0","3"
"10-17 years","Liberty","1223","0","4"
"18-29 years","Liberty","3309","2","28"
"30-39 years","Liberty","1912","4","40"
"40-49 years","Liberty","1138","4","31"
"50-59 years","Liberty","923","23","76"
"60-69 years","Liberty","570","26","79"
"70-79 years","Liberty","236","24","73"
"80 & Older years","Liberty","89","20","33"
"<1 years","Liberty","133","0","4"
"Unknown years","Liberty","19","0","0"
"01-04 years","Lincoln","20","0","0"
"05-09 years","Lincoln","22","0","1"
"10-17 years","Lincoln","66","0","0"
"18-29 years","Lincoln","143","0","5"
"30-39 years","Lincoln","127","0","5"
"40-49 years","Lincoln","130","1","10"
"50-59 years","Lincoln","117","3","6"
"60-69 years","Lincoln","110","8","23"
"70-79 years","Lincoln","77","10","21"
"80 & Older years","Lincoln","27","7","10"
"<1 years","Lincoln","6","0","1"
"Unknown years","Lincoln","6","0","0"
"01-04 years","Long","93","0","0"
"05-09 years","Long","147","0","0"
"10-17 years","Long","299","1","0"
"18-29 years","Long","455","0","2"
"30-39 years","Long","437","2","9"
"40-49 years","Long","293","4","14"
"50-59 years","Long","196","3","18"
"60-69 years","Long","141","5","17"
"70-79 years","Long","69","6","15"
"80 & Older years","Long","27","2","11"
"<1 years","Long","39","0","0"
"Unknown years","Long","5","0","0"
"01-04 years","Lowndes","401","0","0"
"05-09 years","Lowndes","526","0","1"
"10-17 years","Lowndes","1281","0","10"
"18-29 years","Lowndes","4258","6","44"
"30-39 years","Lowndes","2601","8","43"
"40-49 years","Lowndes","1920","14","76"
"50-59 years","Lowndes","1595","27","98"
"60-69 years","Lowndes","1111","50","123"
"70-79 years","Lowndes","668","68","123"
"80 & Older years","Lowndes","362","77","87"
"<1 years","Lowndes","176","0","2"
"Unknown years","Lowndes","11","0","0"
"01-04 years","Lumpkin","73","0","1"
"05-09 years","Lumpkin","159","0","2"
"10-17 years","Lumpkin","467","0","4"
"18-29 years","Lumpkin","1567","0","26"
"30-39 years","Lumpkin","852","1","22"
"40-49 years","Lumpkin","808","1","37"
"50-59 years","Lumpkin","911","12","78"
"60-69 years","Lumpkin","792","21","92"
"70-79 years","Lumpkin","499","20","98"
"80 & Older years","Lumpkin","239","45","94"
"<1 years","Lumpkin","49","0","3"
"Unknown years","Lumpkin","36","0","2"
"01-04 years","Macon","25","0","0"
"05-09 years","Macon","27","0","0"
"10-17 years","Macon","64","0","0"
"18-29 years","Macon","231","0","6"
"30-39 years","Macon","187","1","4"
"40-49 years","Macon","198","4","9"
"50-59 years","Macon","203","6","26"
"60-69 years","Macon","132","11","35"
"70-79 years","Macon","81","9","23"
"80 & Older years","Macon","28","10","11"
"<1 years","Macon","7","0","0"
"Unknown years","Macon","1","0","1"
"01-04 years","Madison","147","0","5"
"05-09 years","Madison","211","0","0"
"10-17 years","Madison","578","0","3"
"18-29 years","Madison","1119","0","36"
"30-39 years","Madison","913","1","30"
"40-49 years","Madison","858","1","39"
"50-59 years","Madison","875","14","57"
"60-69 years","Madison","617","15","80"
"70-79 years","Madison","374","26","88"
"80 & Older years","Madison","142","20","39"
"<1 years","Madison","68","0","7"
"Unknown years","Madison","8","0","0"
"01-04 years","Marion","18","0","0"
"05-09 years","Marion","34","0","1"
"10-17 years","Marion","111","0","0"
"18-29 years","Marion","159","0","6"
"30-39 years","Marion","131","0","4"
"40-49 years","Marion","143","3","9"
"50-59 years","Marion","130","6","15"
"60-69 years","Marion","105","10","16"
"70-79 years","Marion","59","8","17"
"80 & Older years","Marion","46","10","16"
"<1 years","Marion","8","0","0"
"Unknown years","Marion","4","0","0"
"01-04 years","McDuffie","55","0","2"
"05-09 years","McDuffie","86","0","0"
"10-17 years","McDuffie","246","0","2"
"18-29 years","McDuffie","636","0","13"
"30-39 years","McDuffie","487","2","10"
"40-49 years","McDuffie","443","3","24"
"50-59 years","McDuffie","405","13","49"
"60-69 years","McDuffie","299","17","55"
"70-79 years","McDuffie","185","19","59"
"80 & Older years","McDuffie","81","18","32"
"<1 years","McDuffie","13","0","2"
"Unknown years","McDuffie","18","0","0"
"01-04 years","McIntosh","38","0","0"
"05-09 years","McIntosh","73","0","1"
"10-17 years","McIntosh","233","0","0"
"18-29 years","McIntosh","319","0","5"
"30-39 years","McIntosh","262","0","3"
"40-49 years","McIntosh","265","0","6"
"50-59 years","McIntosh","309","5","14"
"60-69 years","McIntosh","226","7","31"
"70-79 years","McIntosh","136","9","26"
"80 & Older years","McIntosh","52","10","14"
"<1 years","McIntosh","5","0","0"
"Unknown years","McIntosh","6","0","0"
"01-04 years","Meriwether","85","0","3"
"05-09 years","Meriwether","101","0","1"
"10-17 years","Meriwether","237","0","2"
"18-29 years","Meriwether","558","0","17"
"30-39 years","Meriwether","402","3","25"
"40-49 years","Meriwether","467","5","35"
"50-59 years","Meriwether","468","12","47"
"60-69 years","Meriwether","424","20","57"
"70-79 years","Meriwether","289","34","62"
"80 & Older years","Meriwether","147","34","35"
"<1 years","Meriwether","30","0","4"
"Unknown years","Meriwether","4","0","0"
"01-04 years","Miller","34","0","0"
"05-09 years","Miller","54","0","0"
"10-17 years","Miller","187","0","1"
"18-29 years","Miller","204","0","1"
"30-39 years","Miller","177","0","1"
"40-49 years","Miller","156","1","7"
"50-59 years","Miller","203","4","19"
"60-69 years","Miller","139","4","14"
"70-79 years","Miller","57","5","6"
"80 & Older years","Miller","47","4","9"
"<1 years","Miller","5","0","0"
"Unknown years","Miller","7","0","0"
"01-04 years","Mitchell","66","0","2"
"05-09 years","Mitchell","108","0","0"
"10-17 years","Mitchell","270","0","6"
"18-29 years","Mitchell","550","1","21"
"30-39 years","Mitchell","479","1","23"
"40-49 years","Mitchell","431","7","28"
"50-59 years","Mitchell","446","13","68"
"60-69 years","Mitchell","342","20","65"
"70-79 years","Mitchell","202","24","62"
"80 & Older years","Mitchell","127","30","39"
"<1 years","Mitchell","23","0","1"
"Unknown years","Mitchell","17","0","0"
"01-04 years","Monroe","39","0","4"
"05-09 years","Monroe","82","0","1"
"10-17 years","Monroe","247","0","1"
"18-29 years","Monroe","667","2","11"
"30-39 years","Monroe","587","0","12"
"40-49 years","Monroe","637","7","31"
"50-59 years","Monroe","628","8","39"
"60-69 years","Monroe","514","29","71"
"70-79 years","Monroe","273","32","59"
"80 & Older years","Monroe","152","45","44"
"<1 years","Monroe","17","0","1"
"Unknown years","Monroe","1","0","0"
"01-04 years","Montgomery","20","0","0"
"05-09 years","Montgomery","24","0","0"
"10-17 years","Montgomery","118","0","1"
"18-29 years","Montgomery","310","1","2"
"30-39 years","Montgomery","230","2","6"
"40-49 years","Montgomery","214","1","5"
"50-59 years","Montgomery","194","6","14"
"60-69 years","Montgomery","168","9","17"
"70-79 years","Montgomery","92","15","16"
"80 & Older years","Montgomery","44","11","8"
"<1 years","Montgomery","7","0","0"
"Unknown years","Montgomery","6","0","0"
"01-04 years","Morgan","72","0","1"
"05-09 years","Morgan","99","0","1"
"10-17 years","Morgan","233","0","2"
"18-29 years","Morgan","498","0","13"
"30-39 years","Morgan","425","0","14"
"40-49 years","Morgan","395","1","12"
"50-59 years","Morgan","429","6","32"
"60-69 years","Morgan","289","9","31"
"70-79 years","Morgan","235","7","36"
"80 & Older years","Morgan","119","21","39"
"<1 years","Morgan","35","0","2"
"Unknown years","Morgan","30","0","0"
"01-04 years","Murray","203","0","2"
"05-09 years","Murray","304","0","4"
"10-17 years","Murray","996","0","2"
"18-29 years","Murray","1876","0","17"
"30-39 years","Murray","1382","3","16"
"40-49 years","Murray","1435","10","44"
"50-59 years","Murray","1215","20","81"
"60-69 years","Murray","819","30","101"
"70-79 years","Murray","475","57","91"
"80 & Older years","Murray","196","37","43"
"<1 years","Murray","93","0","2"
"Unknown years","Murray","3","0","0"
"01-04 years","Muscogee","688","0","8"
"05-09 years","Muscogee","1275","0","0"
"10-17 years","Muscogee","2991","0","25"
"18-29 years","Muscogee","7018","12","166"
"30-39 years","Muscogee","5495","9","207"
"40-49 years","Muscogee","4339","22","252"
"50-59 years","Muscogee","3991","85","396"
"60-69 years","Muscogee","2957","148","488"
"70-79 years","Muscogee","1534","147","355"
"80 & Older years","Muscogee","848","206","281"
"<1 years","Muscogee","223","0","10"
"Unknown years","Muscogee","221","0","0"
"01-04 years","Newton","351","0","21"
"05-09 years","Newton","777","0","11"
"10-17 years","Newton","1684","0","72"
"18-29 years","Newton","3412","2","264"
"30-39 years","Newton","2920","8","240"
"40-49 years","Newton","3014","21","268"
"50-59 years","Newton","2648","49","321"
"60-69 years","Newton","1493","69","272"
"70-79 years","Newton","893","98","261"
"80 & Older years","Newton","482","121","174"
"<1 years","Newton","111","0","19"
"Unknown years","Newton","10","0","1"
"01-04 years","Non-GA Resident/Unknown State","1175","0","13"
"05-09 years","Non-GA Resident/Unknown State","1849","0","11"
"10-17 years","Non-GA Resident/Unknown State","4298","0","27"
"18-29 years","Non-GA Resident/Unknown State","13500","8","227"
"30-39 years","Non-GA Resident/Unknown State","10759","19","261"
"40-49 years","Non-GA Resident/Unknown State","9493","44","317"
"50-59 years","Non-GA Resident/Unknown State","8589","123","490"
"60-69 years","Non-GA Resident/Unknown State","5822","224","606"
"70-79 years","Non-GA Resident/Unknown State","3429","248","581"
"80 & Older years","Non-GA Resident/Unknown State","1846","222","434"
"<1 years","Non-GA Resident/Unknown State","531","0","20"
"Unknown years","Non-GA Resident/Unknown State","1178","0","65"
"01-04 years","Oconee","154","0","0"
"05-09 years","Oconee","302","0","0"
"10-17 years","Oconee","839","0","4"
"18-29 years","Oconee","1120","0","18"
"30-39 years","Oconee","889","1","15"
"40-49 years","Oconee","1201","3","36"
"50-59 years","Oconee","1012","6","30"
"60-69 years","Oconee","662","13","50"
"70-79 years","Oconee","369","20","44"
"80 & Older years","Oconee","220","42","59"
"<1 years","Oconee","35","0","0"
"Unknown years","Oconee","7","0","0"
"01-04 years","Oglethorpe","53","0","1"
"05-09 years","Oglethorpe","87","0","0"
"10-17 years","Oglethorpe","229","0","4"
"18-29 years","Oglethorpe","423","0","11"
"30-39 years","Oglethorpe","320","2","14"
"40-49 years","Oglethorpe","338","3","24"
"50-59 years","Oglethorpe","329","1","33"
"60-69 years","Oglethorpe","269","6","36"
"70-79 years","Oglethorpe","186","16","32"
"80 & Older years","Oglethorpe","97","19","28"
"<1 years","Oglethorpe","22","0","1"
"Unknown years","Oglethorpe","3","0","0"
"01-04 years","Paulding","622","0","6"
"05-09 years","Paulding","1124","0","0"
"10-17 years","Paulding","2794","0","12"
"18-29 years","Paulding","4759","1","45"
"30-39 years","Paulding","4412","5","57"
"40-49 years","Paulding","4246","15","84"
"50-59 years","Paulding","3732","40","139"
"60-69 years","Paulding","2008","64","129"
"70-79 years","Paulding","1023","71","129"
"80 & Older years","Paulding","560","95","102"
"<1 years","Paulding","219","0","4"
"Unknown years","Paulding","88","0","0"
"01-04 years","Peach","62","0","2"
"05-09 years","Peach","86","0","0"
"10-17 years","Peach","240","0","2"
"18-29 years","Peach","779","1","14"
"30-39 years","Peach","623","3","21"
"40-49 years","Peach","502","9","34"
"50-59 years","Peach","542","15","61"
"60-69 years","Peach","458","22","75"
"70-79 years","Peach","231","27","63"
"80 & Older years","Peach","99","22","38"
"<1 years","Peach","11","0","0"
"Unknown years","Peach","1","0","0"
"01-04 years","Pickens","60","0","4"
"05-09 years","Pickens","113","0","2"
"10-17 years","Pickens","328","0","1"
"18-29 years","Pickens","844","0","21"
"30-39 years","Pickens","695","4","29"
"40-49 years","Pickens","710","1","41"
"50-59 years","Pickens","871","11","62"
"60-69 years","Pickens","685","19","101"
"70-79 years","Pickens","501","39","116"
"80 & Older years","Pickens","215","41","64"
"<1 years","Pickens","17","0","3"
"Unknown years","Pickens","3","0","0"
"01-04 years","Pierce","65","0","0"
"05-09 years","Pierce","94","0","0"
"10-17 years","Pierce","272","1","1"
"18-29 years","Pierce","491","0","9"
"30-39 years","Pierce","374","3","16"
"40-49 years","Pierce","430","5","34"
"50-59 years","Pierce","388","17","47"
"60-69 years","Pierce","295","23","70"
"70-79 years","Pierce","204","25","73"
"80 & Older years","Pierce","88","23","34"
"<1 years","Pierce","31","0","1"
"Unknown years","Pierce","21","0","0"
"01-04 years","Pike","83","0","0"
"05-09 years","Pike","120","0","0"
"10-17 years","Pike","304","0","1"
"18-29 years","Pike","416","2","11"
"30-39 years","Pike","416","2","11"
"40-49 years","Pike","438","3","18"
"50-59 years","Pike","392","13","28"
"60-69 years","Pike","271","15","47"
"70-79 years","Pike","158","12","40"
"80 & Older years","Pike","72","14","16"
"<1 years","Pike","31","0","0"
"Unknown years","Pike","2","0","0"
"01-04 years","Polk","189","0","2"
"05-09 years","Polk","293","0","3"
"10-17 years","Polk","920","0","8"
"18-29 years","Polk","1908","0","30"
"30-39 years","Polk","1424","2","38"
"40-49 years","Polk","1336","8","65"
"50-59 years","Polk","1282","27","133"
"60-69 years","Polk","857","33","139"
"70-79 years","Polk","558","44","142"
"80 & Older years","Polk","244","37","76"
"<1 years","Polk","103","0","3"
"Unknown years","Polk","24","0","1"
"01-04 years","Pulaski","32","0","0"
"05-09 years","Pulaski","49","0","0"
"10-17 years","Pulaski","118","0","1"
"18-29 years","Pulaski","208","0","3"
"30-39 years","Pulaski","187","1","3"
"40-49 years","Pulaski","164","0","10"
"50-59 years","Pulaski","176","4","11"
"60-69 years","Pulaski","145","11","16"
"70-79 years","Pulaski","67","13","18"
"80 & Older years","Pulaski","47","13","7"
"<1 years","Pulaski","14","0","0"
"Unknown years","Pulaski","2","0","0"
"01-04 years","Putnam","61","0","0"
"05-09 years","Putnam","112","0","1"
"10-17 years","Putnam","303","0","2"
"18-29 years","Putnam","587","0","6"
"30-39 years","Putnam","534","1","19"
"40-49 years","Putnam","429","4","22"
"50-59 years","Putnam","562","5","38"
"60-69 years","Putnam","488","25","59"
"70-79 years","Putnam","351","30","78"
"80 & Older years","Putnam","146","27","46"
"<1 years","Putnam","21","0","1"
"Unknown years","Putnam","6","0","0"
"01-04 years","Quitman","6","0","0"
"05-09 years","Quitman","11","0","0"
"10-17 years","Quitman","21","0","0"
"18-29 years","Quitman","37","0","2"
"30-39 years","Quitman","31","0","2"
"40-49 years","Quitman","15","0","1"
"50-59 years","Quitman","34","0","2"
"60-69 years","Quitman","45","1","7"
"70-79 years","Quitman","13","1","2"
"80 & Older years","Quitman","12","1","3"
"<1 years","Quitman","3","0","0"
"01-04 years","Rabun","42","0","0"
"05-09 years","Rabun","85","0","0"
"10-17 years","Rabun","256","0","2"
"18-29 years","Rabun","397","2","10"
"30-39 years","Rabun","324","2","14"
"40-49 years","Rabun","354","2","22"
"50-59 years","Rabun","417","6","45"
"60-69 years","Rabun","414","15","47"
"70-79 years","Rabun","317","24","62"
"80 & Older years","Rabun","123","22","38"
"<1 years","Rabun","17","0","1"
"Unknown years","Rabun","7","0","0"
"01-04 years","Randolph","15","0","0"
"05-09 years","Randolph","40","0","0"
"10-17 years","Randolph","90","0","3"
"18-29 years","Randolph","128","1","7"
"30-39 years","Randolph","117","2","8"
"40-49 years","Randolph","88","0","8"
"50-59 years","Randolph","134","6","26"
"60-69 years","Randolph","103","11","22"
"70-79 years","Randolph","66","7","19"
"80 & Older years","Randolph","56","15","17"
"<1 years","Randolph","3","0","0"
"Unknown years","Randolph","1","0","0"
"01-04 years","Richmond","736","0","8"
"05-09 years","Richmond","1350","1","10"
"10-17 years","Richmond","3165","0","40"
"18-29 years","Richmond","8348","15","120"
"30-39 years","Richmond","6470","14","174"
"40-49 years","Richmond","4813","33","207"
"50-59 years","Richmond","4381","64","363"
"60-69 years","Richmond","3298","146","443"
"70-79 years","Richmond","1715","174","445"
"80 & Older years","Richmond","941","204","352"
"<1 years","Richmond","238","0","12"
"Unknown years","Richmond","103","0","0"
"01-04 years","Rockdale","280","0","28"
"05-09 years","Rockdale","526","0","24"
"10-17 years","Rockdale","1374","0","62"
"18-29 years","Rockdale","2843","5","240"
"30-39 years","Rockdale","2367","5","260"
"40-49 years","Rockdale","2402","12","264"
"50-59 years","Rockdale","2326","31","347"
"60-69 years","Rockdale","1367","59","299"
"70-79 years","Rockdale","771","79","273"
"80 & Older years","Rockdale","405","81","195"
"<1 years","Rockdale","79","0","11"
"Unknown years","Rockdale","5","0","3"
"01-04 years","Schley","13","0","0"
"05-09 years","Schley","21","0","0"
"10-17 years","Schley","63","0","0"
"18-29 years","Schley","93","0","2"
"30-39 years","Schley","68","0","0"
"40-49 years","Schley","86","0","5"
"50-59 years","Schley","73","2","8"
"60-69 years","Schley","50","1","8"
"70-79 years","Schley","37","3","5"
"80 & Older years","Schley","11","2","3"
"<1 years","Schley","2","0","0"
"01-04 years","Screven","35","0","2"
"05-09 years","Screven","76","0","0"
"10-17 years","Screven","222","0","1"
"18-29 years","Screven","311","0","8"
"30-39 years","Screven","284","1","7"
"40-49 years","Screven","234","4","12"
"50-59 years","Screven","230","6","22"
"60-69 years","Screven","221","6","23"
"70-79 years","Screven","120","10","22"
"80 & Older years","Screven","54","9","14"
"<1 years","Screven","14","0","0"
"Unknown years","Screven","3","0","0"
"01-04 years","Seminole","34","0","0"
"05-09 years","Seminole","61","0","0"
"10-17 years","Seminole","182","0","1"
"18-29 years","Seminole","269","0","5"
"30-39 years","Seminole","218","0","4"
"40-49 years","Seminole","201","0","11"
"50-59 years","Seminole","216","4","10"
"60-69 years","Seminole","220","6","34"
"70-79 years","Seminole","134","7","23"
"80 & Older years","Seminole","58","7","20"
"<1 years","Seminole","14","0","1"
"Unknown years","Seminole","8","0","0"
"01-04 years","Spalding","253","0","2"
"05-09 years","Spalding","355","0","1"
"10-17 years","Spalding","814","0","6"
"18-29 years","Spalding","1941","4","52"
"30-39 years","Spalding","1690","7","59"
"40-49 years","Spalding","1534","17","88"
"50-59 years","Spalding","1470","41","135"
"60-69 years","Spalding","1089","81","161"
"70-79 years","Spalding","694","89","144"
"80 & Older years","Spalding","376","83","98"
"<1 years","Spalding","87","0","3"
"Unknown years","Spalding","15","0","2"
"01-04 years","Stephens","76","0","2"
"05-09 years","Stephens","148","0","1"
"10-17 years","Stephens","509","0","3"
"18-29 years","Stephens","1088","1","26"
"30-39 years","Stephens","724","0","12"
"40-49 years","Stephens","833","1","28"
"50-59 years","Stephens","853","12","58"
"60-69 years","Stephens","772","35","98"
"70-79 years","Stephens","486","37","98"
"80 & Older years","Stephens","231","34","52"
"<1 years","Stephens","33","0","1"
"Unknown years","Stephens","71","0","0"
"01-04 years","Stewart","12","0","1"
"05-09 years","Stewart","25","0","0"
"10-17 years","Stewart","59","0","0"
"18-29 years","Stewart","502","0","23"
"30-39 years","Stewart","477","1","28"
"40-49 years","Stewart","297","2","25"
"50-59 years","Stewart","162","2","20"
"60-69 years","Stewart","102","16","32"
"70-79 years","Stewart","43","4","8"
"80 & Older years","Stewart","33","6","10"
"<1 years","Stewart","4","0","0"
"Unknown years","Stewart","6","0","0"
"01-04 years","Sumter","80","0","1"
"05-09 years","Sumter","136","0","0"
"10-17 years","Sumter","291","0","7"
"18-29 years","Sumter","740","2","23"
"30-39 years","Sumter","597","1","40"
"40-49 years","Sumter","533","12","41"
"50-59 years","Sumter","562","13","68"
"60-69 years","Sumter","442","35","98"
"70-79 years","Sumter","263","37","73"
"80 & Older years","Sumter","176","41","69"
"<1 years","Sumter","43","0","4"
"Unknown years","Sumter","4","0","0"
"01-04 years","Talbot","29","0","1"
"05-09 years","Talbot","40","0","0"
"10-17 years","Talbot","79","0","0"
"18-29 years","Talbot","158","0","4"
"30-39 years","Talbot","112","0","3"
"40-49 years","Talbot","134","3","6"
"50-59 years","Talbot","143","6","11"
"60-69 years","Talbot","123","7","25"
"70-79 years","Talbot","65","8","11"
"80 & Older years","Talbot","38","6","13"
"<1 years","Talbot","7","0","0"
"Unknown years","Talbot","4","0","0"
"01-04 years","Taliaferro","2","0","0"
"05-09 years","Taliaferro","2","0","0"
"10-17 years","Taliaferro","13","0","0"
"18-29 years","Taliaferro","29","0","2"
"30-39 years","Taliaferro","30","0","0"
"40-49 years","Taliaferro","33","0","3"
"50-59 years","Taliaferro","20","0","0"
"60-69 years","Taliaferro","30","1","4"
"70-79 years","Taliaferro","16","1","5"
"80 & Older years","Taliaferro","5","1","2"
"<1 years","Taliaferro","1","0","0"
"01-04 years","Tattnall","80","0","1"
"05-09 years","Tattnall","118","0","1"
"10-17 years","Tattnall","324","0","2"
"18-29 years","Tattnall","617","1","3"
"30-39 years","Tattnall","567","2","10"
"40-49 years","Tattnall","507","0","12"
"50-59 years","Tattnall","514","15","34"
"60-69 years","Tattnall","349","22","48"
"70-79 years","Tattnall","185","31","50"
"80 & Older years","Tattnall","68","7","14"
"<1 years","Tattnall","33","0","0"
"Unknown years","Tattnall","8","0","0"
"01-04 years","Taylor","30","0","1"
"05-09 years","Taylor","78","0","0"
"10-17 years","Taylor","119","0","1"
"18-29 years","Taylor","188","1","6"
"30-39 years","Taylor","148","1","5"
"40-49 years","Taylor","186","2","19"
"50-59 years","Taylor","139","3","23"
"60-69 years","Taylor","125","9","25"
"70-79 years","Taylor","65","11","19"
"80 & Older years","Taylor","40","11","12"
"<1 years","Taylor","9","0","0"
"Unknown years","Taylor","1","0","0"
"01-04 years","Telfair","17","0","0"
"05-09 years","Telfair","31","0","0"
"10-17 years","Telfair","66","0","1"
"18-29 years","Telfair","246","0","4"
"30-39 years","Telfair","191","1","5"
"40-49 years","Telfair","195","2","8"
"50-59 years","Telfair","169","8","15"
"60-69 years","Telfair","155","11","23"
"70-79 years","Telfair","91","18","24"
"80 & Older years","Telfair","53","17","13"
"<1 years","Telfair","10","0","0"
"Unknown years","Telfair","3","0","0"
"01-04 years","Terrell","26","0","0"
"05-09 years","Terrell","42","0","0"
"10-17 years","Terrell","193","0","1"
"18-29 years","Terrell","167","0","8"
"30-39 years","Terrell","151","0","16"
"40-49 years","Terrell","135","0","15"
"50-59 years","Terrell","168","8","32"
"60-69 years","Terrell","146","14","46"
"70-79 years","Terrell","84","19","31"
"80 & Older years","Terrell","54","17","21"
"<1 years","Terrell","8","0","0"
"Unknown years","Terrell","8","0","0"
"01-04 years","Thomas","277","1","2"
"05-09 years","Thomas","530","0","3"
"10-17 years","Thomas","1170","0","3"
"18-29 years","Thomas","1499","2","43"
"30-39 years","Thomas","1244","5","39"
"40-49 years","Thomas","1153","12","62"
"50-59 years","Thomas","1159","23","93"
"60-69 years","Thomas","848","28","144"
"70-79 years","Thomas","462","44","112"
"80 & Older years","Thomas","257","55","80"
"<1 years","Thomas","114","0","4"
"Unknown years","Thomas","9","0","0"
"01-04 years","Tift","151","0","8"
"05-09 years","Tift","234","0","5"
"10-17 years","Tift","562","0","10"
"18-29 years","Tift","1347","2","40"
"30-39 years","Tift","1010","4","49"
"40-49 years","Tift","901","10","77"
"50-59 years","Tift","783","20","94"
"60-69 years","Tift","594","29","108"
"70-79 years","Tift","357","42","109"
"80 & Older years","Tift","211","51","79"
"<1 years","Tift","70","0","4"
"Unknown years","Tift","7","0","0"
"01-04 years","Toombs","77","0","0"
"05-09 years","Toombs","143","0","0"
"10-17 years","Toombs","425","0","2"
"18-29 years","Toombs","1060","1","11"
"30-39 years","Toombs","823","2","11"
"40-49 years","Toombs","750","9","39"
"50-59 years","Toombs","731","16","42"
"60-69 years","Toombs","640","33","76"
"70-79 years","Toombs","388","47","55"
"80 & Older years","Toombs","221","51","44"
"<1 years","Toombs","27","0","0"
"Unknown years","Toombs","39","0","0"
"01-04 years","Towns","17","0","0"
"05-09 years","Towns","29","0","1"
"10-17 years","Towns","92","0","1"
"18-29 years","Towns","266","0","4"
"30-39 years","Towns","174","1","5"
"40-49 years","Towns","214","2","7"
"50-59 years","Towns","317","7","29"
"60-69 years","Towns","374","9","31"
"70-79 years","Towns","278","16","52"
"80 & Older years","Towns","187","40","69"
"<1 years","Towns","6","0","0"
"Unknown years","Towns","38","0","0"
"01-04 years","Treutlen","16","0","0"
"05-09 years","Treutlen","34","0","1"
"10-17 years","Treutlen","95","0","1"
"18-29 years","Treutlen","209","0","3"
"30-39 years","Treutlen","196","0","5"
"40-49 years","Treutlen","172","5","6"
"50-59 years","Treutlen","161","3","10"
"60-69 years","Treutlen","109","7","15"
"70-79 years","Treutlen","78","18","12"
"80 & Older years","Treutlen","43","13","11"
"<1 years","Treutlen","2","0","0"
"Unknown years","Treutlen","2","0","0"
"01-04 years","Troup","336","0","3"
"05-09 years","Troup","480","0","1"
"10-17 years","Troup","1144","0","11"
"18-29 years","Troup","2541","2","43"
"30-39 years","Troup","1982","10","64"
"40-49 years","Troup","1623","11","72"
"50-59 years","Troup","1595","38","149"
"60-69 years","Troup","1143","65","143"
"70-79 years","Troup","619","68","124"
"80 & Older years","Troup","389","103","83"
"<1 years","Troup","124","0","3"
"Unknown years","Troup","6","0","0"
"01-04 years","Turner","20","0","0"
"05-09 years","Turner","28","0","2"
"10-17 years","Turner","54","0","2"
"18-29 years","Turner","187","0","6"
"30-39 years","Turner","197","0","16"
"40-49 years","Turner","184","1","10"
"50-59 years","Turner","160","2","19"
"60-69 years","Turner","127","10","32"
"70-79 years","Turner","72","13","18"
"80 & Older years","Turner","41","18","17"
"<1 years","Turner","14","0","1"
"Unknown years","Turner","2","0","0"
"01-04 years","Twiggs","21","0","1"
"05-09 years","Twiggs","22","0","1"
"10-17 years","Twiggs","72","0","1"
"18-29 years","Twiggs","147","0","3"
"30-39 years","Twiggs","132","1","5"
"40-49 years","Twiggs","139","2","11"
"50-59 years","Twiggs","191","4","28"
"60-69 years","Twiggs","169","13","46"
"70-79 years","Twiggs","93","16","34"
"80 & Older years","Twiggs","38","17","21"
"<1 years","Twiggs","4","0","0"
"01-04 years","Union","35","0","0"
"05-09 years","Union","75","0","0"
"10-17 years","Union","241","0","2"
"18-29 years","Union","516","1","7"
"30-39 years","Union","498","3","8"
"40-49 years","Union","468","2","24"
"50-59 years","Union","604","8","46"
"60-69 years","Union","713","20","84"
"70-79 years","Union","606","38","118"
"80 & Older years","Union","315","55","97"
"<1 years","Union","19","0","2"
"Unknown years","Union","107","0","0"
"01-04 years","Unknown","280","0","1"
"05-09 years","Unknown","422","0","1"
"10-17 years","Unknown","889","0","1"
"18-29 years","Unknown","1892","0","10"
"30-39 years","Unknown","1373","0","7"
"40-49 years","Unknown","1350","1","5"
"50-59 years","Unknown","1114","1","11"
"60-69 years","Unknown","666","2","21"
"70-79 years","Unknown","331","4","17"
"80 & Older years","Unknown","167","6","17"
"<1 years","Unknown","131","0","2"
"Unknown years","Unknown","178","0","4"
"01-04 years","Upson","119","0","1"
"05-09 years","Upson","177","0","1"
"10-17 years","Upson","416","1","5"
"18-29 years","Upson","753","0","13"
"30-39 years","Upson","568","2","12"
"40-49 years","Upson","546","2","27"
"50-59 years","Upson","541","16","50"
"60-69 years","Upson","441","34","70"
"70-79 years","Upson","295","48","77"
"80 & Older years","Upson","158","52","53"
"<1 years","Upson","56","0","2"
"Unknown years","Upson","24","0","0"
"01-04 years","Walker","233","0","2"
"05-09 years","Walker","473","0","2"
"10-17 years","Walker","1235","0","9"
"18-29 years","Walker","2443","0","33"
"30-39 years","Walker","1990","1","31"
"40-49 years","Walker","2113","11","66"
"50-59 years","Walker","1853","10","76"
"60-69 years","Walker","1392","34","114"
"70-79 years","Walker","863","56","116"
"80 & Older years","Walker","396","52","73"
"<1 years","Walker","96","0","5"
"Unknown years","Walker","101","0","5"
"01-04 years","Walton","295","0","13"
"05-09 years","Walton","487","0","10"
"10-17 years","Walton","1367","0","34"
"18-29 years","Walton","2801","3","146"
"30-39 years","Walton","2498","7","126"
"40-49 years","Walton","2509","12","174"
"50-59 years","Walton","2394","34","225"
"60-69 years","Walton","1587","59","238"
"70-79 years","Walton","1064","111","230"
"80 & Older years","Walton","599","135","165"
"<1 years","Walton","110","0","9"
"Unknown years","Walton","16","0","0"
"01-04 years","Ware","158","0","1"
"05-09 years","Ware","230","0","0"
"10-17 years","Ware","609","0","4"
"18-29 years","Ware","1085","2","19"
"30-39 years","Ware","906","3","39"
"40-49 years","Ware","819","5","60"
"50-59 years","Ware","740","34","134"
"60-69 years","Ware","559","38","119"
"70-79 years","Ware","399","56","138"
"80 & Older years","Ware","266","72","86"
"<1 years","Ware","61","0","2"
"Unknown years","Ware","34","0","0"
"01-04 years","Warren","10","0","0"
"05-09 years","Warren","13","0","0"
"10-17 years","Warren","46","0","1"
"18-29 years","Warren","130","0","3"
"30-39 years","Warren","100","0","6"
"40-49 years","Warren","90","3","8"
"50-59 years","Warren","98","3","11"
"60-69 years","Warren","71","3","12"
"70-79 years","Warren","54","7","17"
"80 & Older years","Warren","26","6","9"
"<1 years","Warren","7","0","1"
"Unknown years","Warren","4","0","0"
"01-04 years","Washington","101","0","0"
"05-09 years","Washington","145","0","0"
"10-17 years","Washington","376","1","4"
"18-29 years","Washington","544","0","8"
"30-39 years","Washington","486","2","14"
"40-49 years","Washington","459","6","16"
"50-59 years","Washington","411","10","19"
"60-69 years","Washington","346","17","37"
"70-79 years","Washington","172","14","29"
"80 & Older years","Washington","92","30","17"
"<1 years","Washington","35","0","0"
"Unknown years","Washington","5","0","0"
"01-04 years","Wayne","80","0","3"
"05-09 years","Wayne","157","0","0"
"10-17 years","Wayne","511","0","3"
"18-29 years","Wayne","970","2","17"
"30-39 years","Wayne","910","7","23"
"40-49 years","Wayne","921","13","60"
"50-59 years","Wayne","807","26","65"
"60-69 years","Wayne","604","40","105"
"70-79 years","Wayne","419","43","105"
"80 & Older years","Wayne","186","41","44"
"<1 years","Wayne","40","0","2"
"Unknown years","Wayne","8","0","0"
"01-04 years","Webster","1","0","0"
"05-09 years","Webster","10","0","0"
"10-17 years","Webster","19","0","0"
"18-29 years","Webster","48","0","3"
"30-39 years","Webster","26","0","1"
"40-49 years","Webster","41","0","2"
"50-59 years","Webster","39","3","8"
"60-69 years","Webster","39","1","5"
"70-79 years","Webster","17","2","4"
"80 & Older years","Webster","6","1","1"
"<1 years","Webster","4","0","0"
"Unknown years","Webster","1","0","0"
"01-04 years","Wheeler","9","0","0"
"05-09 years","Wheeler","11","0","1"
"10-17 years","Wheeler","51","0","0"
"18-29 years","Wheeler","159","0","0"
"30-39 years","Wheeler","179","2","2"
"40-49 years","Wheeler","168","3","3"
"50-59 years","Wheeler","151","9","12"
"60-69 years","Wheeler","85","6","10"
"70-79 years","Wheeler","56","9","12"
"80 & Older years","Wheeler","16","5","2"
"<1 years","Wheeler","7","0","0"
"Unknown years","Wheeler","25","0","1"
"01-04 years","White","65","0","1"
"05-09 years","White","164","0","1"
"10-17 years","White","580","0","2"
"18-29 years","White","960","1","16"
"30-39 years","White","763","2","12"
"40-49 years","White","853","8","36"
"50-59 years","White","959","10","68"
"60-69 years","White","820","22","94"
"70-79 years","White","627","40","121"
"80 & Older years","White","340","49","94"
"<1 years","White","29","0","1"
"Unknown years","White","24","0","0"
"01-04 years","Whitfield","495","0","3"
"05-09 years","Whitfield","933","0","4"
"10-17 years","Whitfield","2809","0","12"
"18-29 years","Whitfield","6355","3","70"
"30-39 years","Whitfield","4369","6","87"
"40-49 years","Whitfield","4130","12","120"
"50-59 years","Whitfield","3664","56","180"
"60-69 years","Whitfield","2193","69","211"
"70-79 years","Whitfield","1245","91","197"
"80 & Older years","Whitfield","655","125","155"
"<1 years","Whitfield","202","0","5"
"Unknown years","Whitfield","8","0","0"
"01-04 years","Wilcox","29","0","1"
"05-09 years","Wilcox","34","0","1"
"10-17 years","Wilcox","66","0","0"
"18-29 years","Wilcox","111","0","2"
"30-39 years","Wilcox","99","0","3"
"40-49 years","Wilcox","115","0","12"
"50-59 years","Wilcox","125","2","20"
"60-69 years","Wilcox","129","10","30"
"70-79 years","Wilcox","71","12","12"
"80 & Older years","Wilcox","30","8","8"
"<1 years","Wilcox","10","0","1"
"01-04 years","Wilkes","15","0","0"
"05-09 years","Wilkes","34","0","0"
"10-17 years","Wilkes","94","0","1"
"18-29 years","Wilkes","201","1","6"
"30-39 years","Wilkes","146","0","7"
"40-49 years","Wilkes","176","1","19"
"50-59 years","Wilkes","155","4","15"
"60-69 years","Wilkes","139","5","28"
"70-79 years","Wilkes","87","9","30"
"80 & Older years","Wilkes","56","12","21"
"<1 years","Wilkes","11","0","1"
"Unknown years","Wilkes","1","0","0"
"01-04 years","Wilkinson","30","0","0"
"05-09 years","Wilkinson","49","0","0"
"10-17 years","Wilkinson","151","0","1"
"18-29 years","Wilkinson","276","0","4"
"30-39 years","Wilkinson","241","0","14"
"40-49 years","Wilkinson","235","0","10"
"50-59 years","Wilkinson","265","7","34"
"60-69 years","Wilkinson","219","18","52"
"70-79 years","Wilkinson","99","12","25"
"80 & Older years","Wilkinson","54","9","19"
"<1 years","Wilkinson","9","0","0"
"Unknown years","Wilkinson","2","0","0"
"01-04 years","Worth","47","0","1"
"05-09 years","Worth","89","0","1"
"10-17 years","Worth","225","1","5"
"18-29 years","Worth","423","1","20"
"30-39 years","Worth","319","0","20"
"40-49 years","Worth","318","3","27"
"50-59 years","Worth","307","8","41"
"60-69 years","Worth","295","26","69"
"70-79 years","Worth","167","22","51"
"80 & Older years","Worth","103","24","35"
"<1 years","Worth","17","0","0"
"Unknown years","Worth","15","0","0"
