"age group","county name","cases","deaths","hospitalization"
"01-04 years","Georgia","11165","1","208"
"05-09 years","Georgia","18474","2","166"
"10-17 years","Georgia","63837","7","643"
"18-29 years","Georgia","190151","111","3551"
"30-39 years","Georgia","137340","237","4634"
"40-49 years","Georgia","133445","567","6704"
"50-59 years","Georgia","126857","1533","10093"
"60-69 years","Georgia","85906","3261","12100"
"70-79 years","Georgia","49982","4768","11599"
"80 & Older years","Georgia","28990","6237","9043"
"<1 years","Georgia","3139","0","162"
"Unknown years","Georgia","5130","3","105"
"01-04 years","Appling","28","0","0"
"05-09 years","Appling","53","0","0"
"10-17 years","Appling","163","0","1"
"18-29 years","Appling","336","1","5"
"30-39 years","Appling","255","1","5"
"40-49 years","Appling","252","4","18"
"50-59 years","Appling","290","6","27"
"60-69 years","Appling","252","14","50"
"70-79 years","Appling","163","17","34"
"80 & Older years","Appling","80","20","30"
"<1 years","Appling","7","0","0"
"Unknown years","Appling","1","0","0"
"01-04 years","Atkinson","6","0","1"
"05-09 years","Atkinson","18","0","1"
"10-17 years","Atkinson","49","0","0"
"18-29 years","Atkinson","166","0","8"
"30-39 years","Atkinson","121","0","10"
"40-49 years","Atkinson","131","1","23"
"50-59 years","Atkinson","137","1","24"
"60-69 years","Atkinson","82","4","25"
"70-79 years","Atkinson","43","5","13"
"80 & Older years","Atkinson","14","5","10"
"<1 years","Atkinson","3","0","0"
"01-04 years","Bacon","18","0","0"
"05-09 years","Bacon","23","0","0"
"10-17 years","Bacon","73","0","1"
"18-29 years","Bacon","393","0","1"
"30-39 years","Bacon","183","0","5"
"40-49 years","Bacon","173","1","12"
"50-59 years","Bacon","152","2","16"
"60-69 years","Bacon","126","9","22"
"70-79 years","Bacon","78","7","17"
"80 & Older years","Bacon","38","9","7"
"<1 years","Bacon","4","0","0"
"Unknown years","Bacon","1","0","0"
"01-04 years","Baker","6","0","0"
"05-09 years","Baker","4","0","0"
"10-17 years","Baker","9","0","0"
"18-29 years","Baker","25","0","0"
"30-39 years","Baker","22","0","2"
"40-49 years","Baker","14","1","2"
"50-59 years","Baker","21","0","1"
"60-69 years","Baker","31","3","15"
"70-79 years","Baker","18","2","10"
"80 & Older years","Baker","9","3","3"
"<1 years","Baker","1","0","0"
"01-04 years","Baldwin","30","0","0"
"05-09 years","Baldwin","52","0","0"
"10-17 years","Baldwin","189","1","5"
"18-29 years","Baldwin","1275","0","15"
"30-39 years","Baldwin","466","1","16"
"40-49 years","Baldwin","479","2","30"
"50-59 years","Baldwin","488","12","58"
"60-69 years","Baldwin","387","23","73"
"70-79 years","Baldwin","257","27","56"
"80 & Older years","Baldwin","154","43","59"
"<1 years","Baldwin","14","0","0"
"01-04 years","Banks","11","0","0"
"05-09 years","Banks","26","0","1"
"10-17 years","Banks","105","0","2"
"18-29 years","Banks","295","0","8"
"30-39 years","Banks","205","0","5"
"40-49 years","Banks","229","0","16"
"50-59 years","Banks","251","1","23"
"60-69 years","Banks","208","5","42"
"70-79 years","Banks","151","15","55"
"80 & Older years","Banks","79","12","29"
"<1 years","Banks","5","0","1"
"Unknown years","Banks","34","0","1"
"01-04 years","Barrow","89","0","0"
"05-09 years","Barrow","166","0","0"
"10-17 years","Barrow","643","0","7"
"18-29 years","Barrow","1702","2","35"
"30-39 years","Barrow","1442","1","45"
"40-49 years","Barrow","1494","5","65"
"50-59 years","Barrow","1256","7","98"
"60-69 years","Barrow","836","29","140"
"70-79 years","Barrow","491","33","101"
"80 & Older years","Barrow","238","49","88"
"<1 years","Barrow","31","0","2"
"Unknown years","Barrow","24","0","0"
"01-04 years","Bartow","109","0","3"
"05-09 years","Bartow","224","0","2"
"10-17 years","Bartow","935","0","13"
"18-29 years","Bartow","2056","0","24"
"30-39 years","Bartow","1667","4","45"
"40-49 years","Bartow","1748","2","78"
"50-59 years","Bartow","1801","15","148"
"60-69 years","Bartow","1080","35","154"
"70-79 years","Bartow","722","72","184"
"80 & Older years","Bartow","350","73","125"
"<1 years","Bartow","38","0","1"
"Unknown years","Bartow","157","0","7"
"01-04 years","Ben Hill","29","0","1"
"05-09 years","Ben Hill","20","0","0"
"10-17 years","Ben Hill","98","0","0"
"18-29 years","Ben Hill","260","0","4"
"30-39 years","Ben Hill","214","3","9"
"40-49 years","Ben Hill","198","1","10"
"50-59 years","Ben Hill","238","6","29"
"60-69 years","Ben Hill","203","12","28"
"70-79 years","Ben Hill","145","19","52"
"80 & Older years","Ben Hill","70","17","18"
"<1 years","Ben Hill","5","0","0"
"Unknown years","Ben Hill","2","0","0"
"01-04 years","Berrien","16","0","0"
"05-09 years","Berrien","23","0","0"
"10-17 years","Berrien","91","0","1"
"18-29 years","Berrien","197","0","0"
"30-39 years","Berrien","158","0","3"
"40-49 years","Berrien","139","0","5"
"50-59 years","Berrien","164","2","16"
"60-69 years","Berrien","123","8","17"
"70-79 years","Berrien","79","9","15"
"80 & Older years","Berrien","48","10","13"
"<1 years","Berrien","2","0","0"
"Unknown years","Berrien","2","0","0"
"01-04 years","Bibb","137","0","5"
"05-09 years","Bibb","186","0","0"
"10-17 years","Bibb","645","0","9"
"18-29 years","Bibb","2920","1","80"
"30-39 years","Bibb","2058","6","106"
"40-49 years","Bibb","2078","15","195"
"50-59 years","Bibb","1941","26","268"
"60-69 years","Bibb","1552","83","408"
"70-79 years","Bibb","946","113","354"
"80 & Older years","Bibb","589","143","284"
"<1 years","Bibb","45","0","4"
"Unknown years","Bibb","15","0","0"
"01-04 years","Bleckley","5","0","0"
"05-09 years","Bleckley","16","0","0"
"10-17 years","Bleckley","69","0","0"
"18-29 years","Bleckley","187","0","3"
"30-39 years","Bleckley","93","0","2"
"40-49 years","Bleckley","105","1","2"
"50-59 years","Bleckley","103","2","4"
"60-69 years","Bleckley","86","7","11"
"70-79 years","Bleckley","63","5","12"
"80 & Older years","Bleckley","61","18","12"
"<1 years","Bleckley","3","0","0"
"01-04 years","Brantley","12","0","0"
"05-09 years","Brantley","13","0","0"
"10-17 years","Brantley","83","0","1"
"18-29 years","Brantley","154","0","1"
"30-39 years","Brantley","118","0","4"
"40-49 years","Brantley","125","1","5"
"50-59 years","Brantley","147","2","15"
"60-69 years","Brantley","113","4","13"
"70-79 years","Brantley","86","15","22"
"80 & Older years","Brantley","47","8","10"
"<1 years","Brantley","1","0","0"
"01-04 years","Brooks","15","0","1"
"05-09 years","Brooks","25","0","0"
"10-17 years","Brooks","85","0","0"
"18-29 years","Brooks","174","0","1"
"30-39 years","Brooks","126","0","2"
"40-49 years","Brooks","119","1","11"
"50-59 years","Brooks","145","2","20"
"60-69 years","Brooks","98","6","16"
"70-79 years","Brooks","84","10","19"
"80 & Older years","Brooks","56","17","15"
"<1 years","Brooks","4","0","0"
"01-04 years","Bryan","50","0","0"
"05-09 years","Bryan","78","0","0"
"10-17 years","Bryan","261","0","3"
"18-29 years","Bryan","512","0","11"
"30-39 years","Bryan","430","1","9"
"40-49 years","Bryan","467","0","14"
"50-59 years","Bryan","343","5","29"
"60-69 years","Bryan","247","10","28"
"70-79 years","Bryan","154","9","50"
"80 & Older years","Bryan","67","8","26"
"<1 years","Bryan","12","0","0"
"Unknown years","Bryan","2","0","0"
"01-04 years","Bulloch","57","0","0"
"05-09 years","Bulloch","103","0","0"
"10-17 years","Bulloch","368","0","2"
"18-29 years","Bulloch","2217","0","9"
"30-39 years","Bulloch","629","4","21"
"40-49 years","Bulloch","550","2","25"
"50-59 years","Bulloch","523","8","33"
"60-69 years","Bulloch","381","14","45"
"70-79 years","Bulloch","196","17","38"
"80 & Older years","Bulloch","107","17","35"
"<1 years","Bulloch","25","0","2"
"Unknown years","Bulloch","5","0","0"
"01-04 years","Burke","21","0","0"
"05-09 years","Burke","44","0","0"
"10-17 years","Burke","135","0","1"
"18-29 years","Burke","335","1","7"
"30-39 years","Burke","257","1","9"
"40-49 years","Burke","290","2","14"
"50-59 years","Burke","266","2","32"
"60-69 years","Burke","207","5","37"
"70-79 years","Burke","120","12","32"
"80 & Older years","Burke","40","12","14"
"<1 years","Burke","7","0","0"
"Unknown years","Burke","3","0","0"
"01-04 years","Butts","24","0","3"
"05-09 years","Butts","28","0","0"
"10-17 years","Butts","110","0","1"
"18-29 years","Butts","382","0","6"
"30-39 years","Butts","338","0","8"
"40-49 years","Butts","331","4","13"
"50-59 years","Butts","350","6","22"
"60-69 years","Butts","261","16","31"
"70-79 years","Butts","177","21","24"
"80 & Older years","Butts","109","26","8"
"<1 years","Butts","5","0","1"
"Unknown years","Butts","5","0","0"
"01-04 years","Calhoun","7","0","0"
"05-09 years","Calhoun","1","0","0"
"10-17 years","Calhoun","40","0","0"
"18-29 years","Calhoun","65","0","6"
"30-39 years","Calhoun","60","2","6"
"40-49 years","Calhoun","75","1","8"
"50-59 years","Calhoun","80","2","17"
"60-69 years","Calhoun","72","2","19"
"70-79 years","Calhoun","24","5","9"
"80 & Older years","Calhoun","15","2","8"
"<1 years","Calhoun","3","0","0"
"Unknown years","Calhoun","1","0","0"
"01-04 years","Camden","45","0","0"
"05-09 years","Camden","41","0","1"
"10-17 years","Camden","225","0","1"
"18-29 years","Camden","771","0","5"
"30-39 years","Camden","516","1","17"
"40-49 years","Camden","409","1","11"
"50-59 years","Camden","476","1","18"
"60-69 years","Camden","353","6","26"
"70-79 years","Camden","207","5","25"
"80 & Older years","Camden","92","13","22"
"<1 years","Camden","8","0","1"
"01-04 years","Candler","9","0","0"
"05-09 years","Candler","12","0","0"
"10-17 years","Candler","54","0","0"
"18-29 years","Candler","128","0","0"
"30-39 years","Candler","95","0","3"
"40-49 years","Candler","117","3","3"
"50-59 years","Candler","125","5","10"
"60-69 years","Candler","98","8","14"
"70-79 years","Candler","64","14","19"
"80 & Older years","Candler","28","6","11"
"<1 years","Candler","5","0","0"
"Unknown years","Candler","1","0","0"
"01-04 years","Carroll","88","0","1"
"05-09 years","Carroll","133","0","1"
"10-17 years","Carroll","611","0","6"
"18-29 years","Carroll","1716","0","12"
"30-39 years","Carroll","1075","4","19"
"40-49 years","Carroll","1060","4","29"
"50-59 years","Carroll","1063","10","55"
"60-69 years","Carroll","758","26","72"
"70-79 years","Carroll","447","34","64"
"80 & Older years","Carroll","268","51","44"
"<1 years","Carroll","26","0","0"
"Unknown years","Carroll","13","0","0"
"01-04 years","Catoosa","88","0","0"
"05-09 years","Catoosa","133","0","1"
"10-17 years","Catoosa","460","0","2"
"18-29 years","Catoosa","980","0","8"
"30-39 years","Catoosa","742","1","11"
"40-49 years","Catoosa","854","2","14"
"50-59 years","Catoosa","791","5","31"
"60-69 years","Catoosa","577","7","60"
"70-79 years","Catoosa","350","16","55"
"80 & Older years","Catoosa","245","30","49"
"<1 years","Catoosa","33","0","1"
"Unknown years","Catoosa","142","0","10"
"01-04 years","Charlton","12","0","0"
"05-09 years","Charlton","27","0","0"
"10-17 years","Charlton","63","0","0"
"18-29 years","Charlton","182","0","1"
"30-39 years","Charlton","203","0","4"
"40-49 years","Charlton","176","2","8"
"50-59 years","Charlton","146","2","5"
"60-69 years","Charlton","146","7","19"
"70-79 years","Charlton","54","5","11"
"80 & Older years","Charlton","32","7","13"
"<1 years","Charlton","2","0","0"
"Unknown years","Charlton","1","0","0"
"01-04 years","Chatham","385","0","3"
"05-09 years","Chatham","474","1","1"
"10-17 years","Chatham","1330","0","14"
"18-29 years","Chatham","4907","2","56"
"30-39 years","Chatham","3363","5","112"
"40-49 years","Chatham","2752","13","150"
"50-59 years","Chatham","2487","38","238"
"60-69 years","Chatham","2015","77","354"
"70-79 years","Chatham","1078","118","340"
"80 & Older years","Chatham","659","140","286"
"<1 years","Chatham","106","0","4"
"Unknown years","Chatham","7","0","1"
"01-04 years","Chattahoochee","8","0","0"
"05-09 years","Chattahoochee","7","0","0"
"10-17 years","Chattahoochee","120","0","2"
"18-29 years","Chattahoochee","2487","7","5"
"30-39 years","Chattahoochee","251","2","4"
"40-49 years","Chattahoochee","55","0","0"
"50-59 years","Chattahoochee","23","0","5"
"60-69 years","Chattahoochee","18","0","4"
"70-79 years","Chattahoochee","8","1","2"
"80 & Older years","Chattahoochee","9","2","5"
"<1 years","Chattahoochee","8","0","0"
"Unknown years","Chattahoochee","1","0","0"
"01-04 years","Chattooga","15","0","0"
"05-09 years","Chattooga","31","0","0"
"10-17 years","Chattooga","187","0","1"
"18-29 years","Chattooga","372","0","5"
"30-39 years","Chattooga","295","0","8"
"40-49 years","Chattooga","337","2","14"
"50-59 years","Chattooga","335","5","23"
"60-69 years","Chattooga","281","14","40"
"70-79 years","Chattooga","167","16","43"
"80 & Older years","Chattooga","116","23","33"
"<1 years","Chattooga","9","0","1"
"Unknown years","Chattooga","31","0","1"
"01-04 years","Cherokee","232","0","7"
"05-09 years","Cherokee","552","0","9"
"10-17 years","Cherokee","2235","0","14"
"18-29 years","Cherokee","4292","2","74"
"30-39 years","Cherokee","3119","2","95"
"40-49 years","Cherokee","3537","4","117"
"50-59 years","Cherokee","3431","22","191"
"60-69 years","Cherokee","2068","42","233"
"70-79 years","Cherokee","1329","76","244"
"80 & Older years","Cherokee","802","140","219"
"<1 years","Cherokee","43","0","1"
"Unknown years","Cherokee","28","0","1"
"01-04 years","Clarke","163","0","1"
"05-09 years","Clarke","202","0","2"
"10-17 years","Clarke","589","0","5"
"18-29 years","Clarke","5927","1","37"
"30-39 years","Clarke","1584","2","34"
"40-49 years","Clarke","1278","3","52"
"50-59 years","Clarke","1153","10","72"
"60-69 years","Clarke","772","20","94"
"70-79 years","Clarke","458","48","111"
"80 & Older years","Clarke","239","44","70"
"<1 years","Clarke","43","0","2"
"Unknown years","Clarke","39","0","0"
"01-04 years","Clay","3","0","0"
"05-09 years","Clay","2","0","0"
"10-17 years","Clay","16","0","0"
"18-29 years","Clay","27","0","0"
"30-39 years","Clay","31","0","1"
"40-49 years","Clay","29","0","1"
"50-59 years","Clay","17","0","1"
"60-69 years","Clay","24","1","2"
"70-79 years","Clay","19","0","0"
"80 & Older years","Clay","14","2","5"
"Unknown years","Clay","1","0","0"
"01-04 years","Clayton","393","0","8"
"05-09 years","Clayton","598","1","8"
"10-17 years","Clayton","1532","0","29"
"18-29 years","Clayton","4744","6","99"
"30-39 years","Clayton","4090","10","151"
"40-49 years","Clayton","3728","24","186"
"50-59 years","Clayton","3536","53","264"
"60-69 years","Clayton","2228","110","247"
"70-79 years","Clayton","945","105","177"
"80 & Older years","Clayton","463","105","116"
"<1 years","Clayton","89","0","3"
"Unknown years","Clayton","60","0","3"
"01-04 years","Clinch","14","0","0"
"05-09 years","Clinch","20","0","0"
"10-17 years","Clinch","74","0","0"
"18-29 years","Clinch","131","0","2"
"30-39 years","Clinch","104","1","4"
"40-49 years","Clinch","100","0","4"
"50-59 years","Clinch","95","2","14"
"60-69 years","Clinch","105","7","17"
"70-79 years","Clinch","52","9","18"
"80 & Older years","Clinch","18","6","6"
"<1 years","Clinch","4","0","0"
"Unknown years","Clinch","1","0","0"
"01-04 years","Cobb","720","1","16"
"05-09 years","Cobb","1304","0","10"
"10-17 years","Cobb","4235","0","39"
"18-29 years","Cobb","14499","5","225"
"30-39 years","Cobb","9838","15","248"
"40-49 years","Cobb","9396","33","395"
"50-59 years","Cobb","8349","62","520"
"60-69 years","Cobb","5174","132","521"
"70-79 years","Cobb","2825","274","510"
"80 & Older years","Cobb","1741","393","485"
"<1 years","Cobb","190","0","12"
"Unknown years","Cobb","120","0","3"
"01-04 years","Coffee","75","0","2"
"05-09 years","Coffee","96","0","4"
"10-17 years","Coffee","288","0","4"
"18-29 years","Coffee","810","0","22"
"30-39 years","Coffee","609","4","42"
"40-49 years","Coffee","679","5","87"
"50-59 years","Coffee","667","11","133"
"60-69 years","Coffee","528","32","132"
"70-79 years","Coffee","282","40","126"
"80 & Older years","Coffee","156","41","89"
"<1 years","Coffee","14","0","0"
"01-04 years","Colquitt","48","0","0"
"05-09 years","Colquitt","100","0","1"
"10-17 years","Colquitt","370","0","7"
"18-29 years","Colquitt","722","0","20"
"30-39 years","Colquitt","510","1","18"
"40-49 years","Colquitt","536","6","37"
"50-59 years","Colquitt","476","15","39"
"60-69 years","Colquitt","340","14","42"
"70-79 years","Colquitt","206","14","46"
"80 & Older years","Colquitt","138","24","31"
"<1 years","Colquitt","16","0","0"
"Unknown years","Colquitt","4","0","0"
"01-04 years","Columbia","132","0","2"
"05-09 years","Columbia","285","0","0"
"10-17 years","Columbia","1075","0","1"
"18-29 years","Columbia","2192","1","21"
"30-39 years","Columbia","1951","2","25"
"40-49 years","Columbia","1764","7","45"
"50-59 years","Columbia","1524","15","68"
"60-69 years","Columbia","976","26","94"
"70-79 years","Columbia","522","43","105"
"80 & Older years","Columbia","303","64","95"
"<1 years","Columbia","33","0","1"
"Unknown years","Columbia","18","0","0"
"01-04 years","Cook","13","0","1"
"05-09 years","Cook","24","0","0"
"10-17 years","Cook","92","0","2"
"18-29 years","Cook","227","0","6"
"30-39 years","Cook","171","0","4"
"40-49 years","Cook","175","0","14"
"50-59 years","Cook","162","2","17"
"60-69 years","Cook","128","7","19"
"70-79 years","Cook","99","11","28"
"80 & Older years","Cook","54","16","15"
"<1 years","Cook","6","0","0"
"Unknown years","Cook","2","0","0"
"01-04 years","Coweta","103","0","0"
"05-09 years","Coweta","187","0","0"
"10-17 years","Coweta","623","0","4"
"18-29 years","Coweta","1577","1","15"
"30-39 years","Coweta","1225","2","27"
"40-49 years","Coweta","1312","9","38"
"50-59 years","Coweta","1512","23","58"
"60-69 years","Coweta","936","34","60"
"70-79 years","Coweta","578","49","72"
"80 & Older years","Coweta","323","63","41"
"<1 years","Coweta","27","0","1"
"Unknown years","Coweta","22","0","0"
"01-04 years","Crawford","2","0","0"
"05-09 years","Crawford","2","0","0"
"10-17 years","Crawford","28","0","1"
"18-29 years","Crawford","75","0","2"
"30-39 years","Crawford","71","0","6"
"40-49 years","Crawford","58","1","3"
"50-59 years","Crawford","115","3","14"
"60-69 years","Crawford","100","7","15"
"70-79 years","Crawford","44","5","15"
"80 & Older years","Crawford","24","1","11"
"01-04 years","Crisp","21","0","0"
"05-09 years","Crisp","30","0","0"
"10-17 years","Crisp","105","0","1"
"18-29 years","Crisp","225","0","9"
"30-39 years","Crisp","221","1","14"
"40-49 years","Crisp","203","3","19"
"50-59 years","Crisp","202","5","26"
"60-69 years","Crisp","202","15","39"
"70-79 years","Crisp","102","10","33"
"80 & Older years","Crisp","72","17","17"
"<1 years","Crisp","8","0","0"
"Unknown years","Crisp","14","0","0"
"01-04 years","Dade","14","0","0"
"05-09 years","Dade","37","0","0"
"10-17 years","Dade","98","0","0"
"18-29 years","Dade","216","0","1"
"30-39 years","Dade","147","0","2"
"40-49 years","Dade","183","0","7"
"50-59 years","Dade","166","2","9"
"60-69 years","Dade","125","1","8"
"70-79 years","Dade","91","5","19"
"80 & Older years","Dade","50","2","10"
"<1 years","Dade","7","0","0"
"Unknown years","Dade","40","1","3"
"01-04 years","Dawson","26","0","0"
"05-09 years","Dawson","48","0","0"
"10-17 years","Dawson","195","0","4"
"18-29 years","Dawson","528","0","14"
"30-39 years","Dawson","384","0","13"
"40-49 years","Dawson","357","0","23"
"50-59 years","Dawson","421","2","32"
"60-69 years","Dawson","337","5","68"
"70-79 years","Dawson","209","19","48"
"80 & Older years","Dawson","88","13","29"
"<1 years","Dawson","8","0","1"
"Unknown years","Dawson","37","0","2"
"01-04 years","DeKalb","826","0","22"
"05-09 years","DeKalb","1198","0","19"
"10-17 years","DeKalb","3298","0","57"
"18-29 years","DeKalb","12751","10","344"
"30-39 years","DeKalb","10960","18","499"
"40-49 years","DeKalb","8741","32","556"
"50-59 years","DeKalb","7927","101","795"
"60-69 years","DeKalb","5032","162","855"
"70-79 years","DeKalb","2538","233","678"
"80 & Older years","DeKalb","1573","320","499"
"<1 years","DeKalb","178","0","7"
"Unknown years","DeKalb","297","0","7"
"01-04 years","Decatur","53","0","1"
"05-09 years","Decatur","62","0","0"
"10-17 years","Decatur","202","0","0"
"18-29 years","Decatur","418","1","8"
"30-39 years","Decatur","322","1","8"
"40-49 years","Decatur","312","1","18"
"50-59 years","Decatur","269","5","27"
"60-69 years","Decatur","220","10","31"
"70-79 years","Decatur","140","19","25"
"80 & Older years","Decatur","99","17","23"
"<1 years","Decatur","9","0","0"
"Unknown years","Decatur","2","0","0"
"01-04 years","Dodge","7","0","0"
"05-09 years","Dodge","17","0","0"
"10-17 years","Dodge","86","1","1"
"18-29 years","Dodge","199","0","4"
"30-39 years","Dodge","149","0","4"
"40-49 years","Dodge","152","1","11"
"50-59 years","Dodge","177","5","18"
"60-69 years","Dodge","146","16","29"
"70-79 years","Dodge","82","16","21"
"80 & Older years","Dodge","55","16","16"
"<1 years","Dodge","4","0","0"
"01-04 years","Dooly","12","0","0"
"05-09 years","Dooly","12","0","0"
"10-17 years","Dooly","51","0","1"
"18-29 years","Dooly","109","0","5"
"30-39 years","Dooly","99","0","9"
"40-49 years","Dooly","134","1","9"
"50-59 years","Dooly","145","5","19"
"60-69 years","Dooly","125","10","24"
"70-79 years","Dooly","66","9","16"
"80 & Older years","Dooly","22","6","6"
"<1 years","Dooly","3","0","0"
"Unknown years","Dooly","3","0","0"
"01-04 years","Dougherty","62","0","2"
"05-09 years","Dougherty","111","0","0"
"10-17 years","Dougherty","242","0","5"
"18-29 years","Dougherty","960","2","82"
"30-39 years","Dougherty","803","4","79"
"40-49 years","Dougherty","814","16","111"
"50-59 years","Dougherty","891","25","164"
"60-69 years","Dougherty","765","73","245"
"70-79 years","Dougherty","451","63","177"
"80 & Older years","Dougherty","265","91","123"
"<1 years","Dougherty","28","0","2"
"Unknown years","Dougherty","1","0","0"
"01-04 years","Douglas","169","0","5"
"05-09 years","Douglas","280","0","5"
"10-17 years","Douglas","901","0","7"
"18-29 years","Douglas","2257","0","47"
"30-39 years","Douglas","1835","3","65"
"40-49 years","Douglas","2116","6","113"
"50-59 years","Douglas","1903","20","159"
"60-69 years","Douglas","1095","37","169"
"70-79 years","Douglas","580","57","141"
"80 & Older years","Douglas","281","46","92"
"<1 years","Douglas","33","0","5"
"Unknown years","Douglas","18","0","1"
"01-04 years","Early","19","0","0"
"05-09 years","Early","18","0","0"
"10-17 years","Early","95","0","0"
"18-29 years","Early","153","0","4"
"30-39 years","Early","148","0","4"
"40-49 years","Early","168","1","9"
"50-59 years","Early","161","3","11"
"60-69 years","Early","119","11","13"
"70-79 years","Early","76","15","17"
"80 & Older years","Early","41","12","13"
"<1 years","Early","2","0","0"
"Unknown years","Early","1","0","0"
"01-04 years","Echols","8","0","0"
"05-09 years","Echols","5","0","0"
"10-17 years","Echols","26","0","1"
"18-29 years","Echols","129","0","1"
"30-39 years","Echols","60","1","3"
"40-49 years","Echols","41","0","1"
"50-59 years","Echols","43","0","2"
"60-69 years","Echols","22","0","0"
"70-79 years","Echols","17","2","3"
"80 & Older years","Echols","3","1","2"
"<1 years","Echols","1","0","0"
"01-04 years","Effingham","50","0","2"
"05-09 years","Effingham","115","0","1"
"10-17 years","Effingham","396","0","1"
"18-29 years","Effingham","662","0","6"
"30-39 years","Effingham","615","1","13"
"40-49 years","Effingham","572","1","29"
"50-59 years","Effingham","577","11","40"
"60-69 years","Effingham","375","8","57"
"70-79 years","Effingham","211","20","55"
"80 & Older years","Effingham","94","21","30"
"<1 years","Effingham","11","0","0"
"01-04 years","Elbert","18","0","0"
"05-09 years","Elbert","29","0","0"
"10-17 years","Elbert","87","0","1"
"18-29 years","Elbert","262","0","2"
"30-39 years","Elbert","185","0","8"
"40-49 years","Elbert","215","1","9"
"50-59 years","Elbert","230","1","14"
"60-69 years","Elbert","184","6","22"
"70-79 years","Elbert","158","18","33"
"80 & Older years","Elbert","127","30","35"
"<1 years","Elbert","8","0","2"
"Unknown years","Elbert","9","0","0"
"01-04 years","Emanuel","25","0","1"
"05-09 years","Emanuel","23","0","0"
"10-17 years","Emanuel","166","0","2"
"18-29 years","Emanuel","307","1","0"
"30-39 years","Emanuel","229","0","8"
"40-49 years","Emanuel","281","2","7"
"50-59 years","Emanuel","255","6","27"
"60-69 years","Emanuel","222","9","30"
"70-79 years","Emanuel","130","15","26"
"80 & Older years","Emanuel","60","19","20"
"<1 years","Emanuel","5","0","0"
"Unknown years","Emanuel","10","0","1"
"01-04 years","Evans","14","0","0"
"05-09 years","Evans","20","0","0"
"10-17 years","Evans","85","0","0"
"18-29 years","Evans","147","1","3"
"30-39 years","Evans","126","0","3"
"40-49 years","Evans","109","0","9"
"50-59 years","Evans","110","3","16"
"60-69 years","Evans","67","4","15"
"70-79 years","Evans","48","6","15"
"80 & Older years","Evans","18","3","11"
"<1 years","Evans","2","0","0"
"Unknown years","Evans","1","0","0"
"01-04 years","Fannin","16","0","0"
"05-09 years","Fannin","31","0","0"
"10-17 years","Fannin","125","0","0"
"18-29 years","Fannin","294","0","5"
"30-39 years","Fannin","228","0","7"
"40-49 years","Fannin","258","1","10"
"50-59 years","Fannin","356","4","22"
"60-69 years","Fannin","351","7","36"
"70-79 years","Fannin","245","14","42"
"80 & Older years","Fannin","143","29","46"
"<1 years","Fannin","4","0","0"
"Unknown years","Fannin","10","0","0"
"01-04 years","Fayette","64","0","1"
"05-09 years","Fayette","131","0","2"
"10-17 years","Fayette","517","0","2"
"18-29 years","Fayette","1188","1","7"
"30-39 years","Fayette","763","1","8"
"40-49 years","Fayette","1051","1","24"
"50-59 years","Fayette","1128","9","42"
"60-69 years","Fayette","843","21","51"
"70-79 years","Fayette","425","51","69"
"80 & Older years","Fayette","279","58","39"
"<1 years","Fayette","13","0","0"
"Unknown years","Fayette","26","0","0"
"01-04 years","Floyd","123","0","4"
"05-09 years","Floyd","217","0","1"
"10-17 years","Floyd","922","0","11"
"18-29 years","Floyd","1998","0","28"
"30-39 years","Floyd","1463","3","52"
"40-49 years","Floyd","1435","5","83"
"50-59 years","Floyd","1391","22","148"
"60-69 years","Floyd","1008","33","183"
"70-79 years","Floyd","683","48","191"
"80 & Older years","Floyd","383","64","143"
"<1 years","Floyd","47","0","2"
"Unknown years","Floyd","131","0","4"
"01-04 years","Forsyth","225","0","1"
"05-09 years","Forsyth","566","0","2"
"10-17 years","Forsyth","2047","0","6"
"18-29 years","Forsyth","3078","0","44"
"30-39 years","Forsyth","2286","1","60"
"40-49 years","Forsyth","2963","4","118"
"50-59 years","Forsyth","2730","10","162"
"60-69 years","Forsyth","1422","18","149"
"70-79 years","Forsyth","839","54","214"
"80 & Older years","Forsyth","501","80","157"
"<1 years","Forsyth","48","0","3"
"Unknown years","Forsyth","496","0","4"
"01-04 years","Franklin","16","0","1"
"05-09 years","Franklin","54","0","0"
"10-17 years","Franklin","177","0","5"
"18-29 years","Franklin","427","0","10"
"30-39 years","Franklin","291","0","3"
"40-49 years","Franklin","341","0","13"
"50-59 years","Franklin","345","1","22"
"60-69 years","Franklin","301","3","33"
"70-79 years","Franklin","178","18","34"
"80 & Older years","Franklin","84","19","25"
"<1 years","Franklin","8","0","1"
"Unknown years","Franklin","84","0","2"
"01-04 years","Fulton","979","0","23"
"05-09 years","Fulton","1606","0","11"
"10-17 years","Fulton","5217","1","45"
"18-29 years","Fulton","20536","5","331"
"30-39 years","Fulton","15034","22","492"
"40-49 years","Fulton","12002","38","566"
"50-59 years","Fulton","10771","103","826"
"60-69 years","Fulton","6368","217","802"
"70-79 years","Fulton","3406","316","733"
"80 & Older years","Fulton","2414","499","719"
"<1 years","Fulton","212","0","9"
"Unknown years","Fulton","143","0","2"
"01-04 years","Gilmer","29","0","2"
"05-09 years","Gilmer","39","0","0"
"10-17 years","Gilmer","187","0","2"
"18-29 years","Gilmer","355","0","9"
"30-39 years","Gilmer","315","0","14"
"40-49 years","Gilmer","350","0","17"
"50-59 years","Gilmer","380","10","26"
"60-69 years","Gilmer","365","8","41"
"70-79 years","Gilmer","247","18","48"
"80 & Older years","Gilmer","134","34","40"
"<1 years","Gilmer","11","0","0"
"Unknown years","Gilmer","13","0","0"
"01-04 years","Glascock","1","0","0"
"05-09 years","Glascock","3","0","0"
"10-17 years","Glascock","1","0","0"
"18-29 years","Glascock","22","0","1"
"30-39 years","Glascock","16","0","0"
"40-49 years","Glascock","21","0","1"
"50-59 years","Glascock","28","2","3"
"60-69 years","Glascock","15","0","2"
"70-79 years","Glascock","25","3","6"
"80 & Older years","Glascock","9","2","5"
"<1 years","Glascock","1","0","0"
"Unknown years","Glascock","1","0","0"
"01-04 years","Glynn","94","0","1"
"05-09 years","Glynn","177","0","1"
"10-17 years","Glynn","572","0","0"
"18-29 years","Glynn","1365","0","23"
"30-39 years","Glynn","1062","4","28"
"40-49 years","Glynn","907","4","35"
"50-59 years","Glynn","858","9","67"
"60-69 years","Glynn","707","29","111"
"70-79 years","Glynn","445","42","81"
"80 & Older years","Glynn","255","61","88"
"<1 years","Glynn","20","0","0"
"Unknown years","Glynn","10","0","0"
"01-04 years","Gordon","88","0","1"
"05-09 years","Gordon","127","0","0"
"10-17 years","Gordon","565","0","4"
"18-29 years","Gordon","1259","0","15"
"30-39 years","Gordon","965","2","20"
"40-49 years","Gordon","1033","5","35"
"50-59 years","Gordon","1012","13","54"
"60-69 years","Gordon","625","24","54"
"70-79 years","Gordon","365","24","78"
"80 & Older years","Gordon","185","32","53"
"<1 years","Gordon","26","0","3"
"Unknown years","Gordon","126","0","3"
"01-04 years","Grady","31","0","1"
"05-09 years","Grady","42","0","0"
"10-17 years","Grady","135","0","5"
"18-29 years","Grady","252","0","9"
"30-39 years","Grady","225","0","9"
"40-49 years","Grady","234","1","24"
"50-59 years","Grady","217","7","30"
"60-69 years","Grady","163","4","27"
"70-79 years","Grady","149","17","45"
"80 & Older years","Grady","53","16","20"
"<1 years","Grady","3","0","1"
"Unknown years","Grady","3","0","0"
"01-04 years","Greene","16","0","0"
"05-09 years","Greene","32","0","0"
"10-17 years","Greene","83","0","0"
"18-29 years","Greene","255","0","5"
"30-39 years","Greene","179","0","7"
"40-49 years","Greene","176","3","12"
"50-59 years","Greene","218","6","20"
"60-69 years","Greene","227","8","19"
"70-79 years","Greene","173","9","27"
"80 & Older years","Greene","105","27","41"
"<1 years","Greene","3","0","1"
"Unknown years","Greene","2","0","0"
"01-04 years","Gwinnett","1277","0","19"
"05-09 years","Gwinnett","2090","0","25"
"10-17 years","Gwinnett","6927","2","79"
"18-29 years","Gwinnett","18734","9","555"
"30-39 years","Gwinnett","14153","18","576"
"40-49 years","Gwinnett","15014","57","776"
"50-59 years","Gwinnett","12884","98","874"
"60-69 years","Gwinnett","7104","198","917"
"70-79 years","Gwinnett","3234","260","750"
"80 & Older years","Gwinnett","1797","366","648"
"<1 years","Gwinnett","386","0","20"
"Unknown years","Gwinnett","80","0","0"
"01-04 years","Habersham","32","0","3"
"05-09 years","Habersham","57","0","3"
"10-17 years","Habersham","307","1","7"
"18-29 years","Habersham","849","0","11"
"30-39 years","Habersham","633","2","29"
"40-49 years","Habersham","672","4","41"
"50-59 years","Habersham","693","5","54"
"60-69 years","Habersham","566","18","113"
"70-79 years","Habersham","382","47","108"
"80 & Older years","Habersham","279","67","88"
"<1 years","Habersham","9","0","3"
"Unknown years","Habersham","110","0","4"
"01-04 years","Hall","187","0","7"
"05-09 years","Hall","380","0","5"
"10-17 years","Hall","1763","0","31"
"18-29 years","Hall","5198","3","162"
"30-39 years","Hall","3517","2","188"
"40-49 years","Hall","3669","9","262"
"50-59 years","Hall","3857","33","378"
"60-69 years","Hall","2590","78","407"
"70-79 years","Hall","1668","114","468"
"80 & Older years","Hall","927","177","377"
"<1 years","Hall","36","0","8"
"Unknown years","Hall","677","0","9"
"01-04 years","Hancock","7","0","0"
"05-09 years","Hancock","8","0","0"
"10-17 years","Hancock","35","0","0"
"18-29 years","Hancock","133","0","3"
"30-39 years","Hancock","110","0","2"
"40-49 years","Hancock","107","1","4"
"50-59 years","Hancock","144","4","17"
"60-69 years","Hancock","142","16","29"
"70-79 years","Hancock","70","16","22"
"80 & Older years","Hancock","63","22","24"
"<1 years","Hancock","4","0","0"
"01-04 years","Haralson","24","0","0"
"05-09 years","Haralson","36","0","0"
"10-17 years","Haralson","150","0","2"
"18-29 years","Haralson","349","0","3"
"30-39 years","Haralson","220","0","4"
"40-49 years","Haralson","242","2","6"
"50-59 years","Haralson","266","1","7"
"60-69 years","Haralson","196","12","22"
"70-79 years","Haralson","130","12","17"
"80 & Older years","Haralson","55","7","10"
"<1 years","Haralson","6","0","0"
"Unknown years","Haralson","4","0","0"
"01-04 years","Harris","30","0","0"
"05-09 years","Harris","32","0","0"
"10-17 years","Harris","187","0","2"
"18-29 years","Harris","334","0","6"
"30-39 years","Harris","241","0","7"
"40-49 years","Harris","353","3","10"
"50-59 years","Harris","368","7","24"
"60-69 years","Harris","315","14","50"
"70-79 years","Harris","182","21","43"
"80 & Older years","Harris","59","10","11"
"<1 years","Harris","5","0","0"
"Unknown years","Harris","7","0","0"
"01-04 years","Hart","17","0","0"
"05-09 years","Hart","24","0","1"
"10-17 years","Hart","93","0","0"
"18-29 years","Hart","297","0","2"
"30-39 years","Hart","250","0","6"
"40-49 years","Hart","230","0","8"
"50-59 years","Hart","276","3","19"
"60-69 years","Hart","223","12","30"
"70-79 years","Hart","145","7","20"
"80 & Older years","Hart","85","13","26"
"<1 years","Hart","4","0","1"
"Unknown years","Hart","40","0","0"
"01-04 years","Heard","8","0","0"
"05-09 years","Heard","12","0","0"
"10-17 years","Heard","59","0","1"
"18-29 years","Heard","103","0","1"
"30-39 years","Heard","67","0","1"
"40-49 years","Heard","111","0","8"
"50-59 years","Heard","99","0","5"
"60-69 years","Heard","75","4","7"
"70-79 years","Heard","53","6","16"
"80 & Older years","Heard","21","5","2"
"<1 years","Heard","4","0","0"
"Unknown years","Heard","1","0","0"
"01-04 years","Henry","233","0","6"
"05-09 years","Henry","352","0","2"
"10-17 years","Henry","1336","0","14"
"18-29 years","Henry","3649","1","29"
"30-39 years","Henry","3014","6","49"
"40-49 years","Henry","3294","13","92"
"50-59 years","Henry","3222","20","125"
"60-69 years","Henry","1792","65","98"
"70-79 years","Henry","892","80","84"
"80 & Older years","Henry","452","88","56"
"<1 years","Henry","43","0","2"
"Unknown years","Henry","39","0","1"
"01-04 years","Houston","104","0","2"
"05-09 years","Houston","165","0","1"
"10-17 years","Houston","710","0","4"
"18-29 years","Houston","2059","3","37"
"30-39 years","Houston","1796","3","59"
"40-49 years","Houston","1679","7","91"
"50-59 years","Houston","1461","14","107"
"60-69 years","Houston","952","43","154"
"70-79 years","Houston","529","60","151"
"80 & Older years","Houston","291","55","94"
"<1 years","Houston","23","0","2"
"Unknown years","Houston","2","0","0"
"01-04 years","Irwin","6","0","0"
"05-09 years","Irwin","11","0","0"
"10-17 years","Irwin","51","0","0"
"18-29 years","Irwin","117","0","4"
"30-39 years","Irwin","96","0","4"
"40-49 years","Irwin","118","1","10"
"50-59 years","Irwin","105","3","12"
"60-69 years","Irwin","86","1","22"
"70-79 years","Irwin","50","6","8"
"80 & Older years","Irwin","36","7","21"
"01-04 years","Jackson","59","0","0"
"05-09 years","Jackson","154","0","3"
"10-17 years","Jackson","774","0","6"
"18-29 years","Jackson","1447","2","17"
"30-39 years","Jackson","1303","1","25"
"40-49 years","Jackson","1404","6","56"
"50-59 years","Jackson","1324","7","76"
"60-69 years","Jackson","887","26","83"
"70-79 years","Jackson","609","36","110"
"80 & Older years","Jackson","312","55","107"
"<1 years","Jackson","23","0","2"
"Unknown years","Jackson","33","0","1"
"01-04 years","Jasper","6","0","1"
"05-09 years","Jasper","8","0","0"
"10-17 years","Jasper","35","0","1"
"18-29 years","Jasper","124","0","4"
"30-39 years","Jasper","96","0","2"
"40-49 years","Jasper","98","1","3"
"50-59 years","Jasper","127","1","15"
"60-69 years","Jasper","92","8","17"
"70-79 years","Jasper","55","6","11"
"80 & Older years","Jasper","19","2","6"
"<1 years","Jasper","3","0","1"
"01-04 years","Jeff Davis","28","0","1"
"05-09 years","Jeff Davis","34","0","0"
"10-17 years","Jeff Davis","119","0","2"
"18-29 years","Jeff Davis","248","0","4"
"30-39 years","Jeff Davis","212","0","9"
"40-49 years","Jeff Davis","208","0","11"
"50-59 years","Jeff Davis","194","8","20"
"60-69 years","Jeff Davis","128","8","23"
"70-79 years","Jeff Davis","82","13","19"
"80 & Older years","Jeff Davis","18","8","7"
"<1 years","Jeff Davis","3","0","1"
"Unknown years","Jeff Davis","1","0","0"
"01-04 years","Jefferson","18","0","0"
"05-09 years","Jefferson","32","0","0"
"10-17 years","Jefferson","106","0","1"
"18-29 years","Jefferson","239","0","3"
"30-39 years","Jefferson","197","0","9"
"40-49 years","Jefferson","209","3","13"
"50-59 years","Jefferson","266","5","23"
"60-69 years","Jefferson","251","12","33"
"70-79 years","Jefferson","156","18","40"
"80 & Older years","Jefferson","69","20","28"
"<1 years","Jefferson","4","0","0"
"Unknown years","Jefferson","9","0","0"
"01-04 years","Jenkins","17","0","0"
"05-09 years","Jenkins","20","0","0"
"10-17 years","Jenkins","59","0","0"
"18-29 years","Jenkins","109","0","2"
"30-39 years","Jenkins","86","2","6"
"40-49 years","Jenkins","108","3","10"
"50-59 years","Jenkins","119","6","19"
"60-69 years","Jenkins","86","5","12"
"70-79 years","Jenkins","57","13","21"
"80 & Older years","Jenkins","50","10","11"
"<1 years","Jenkins","2","0","0"
"Unknown years","Jenkins","3","0","1"
"01-04 years","Johnson","6","0","0"
"05-09 years","Johnson","7","0","0"
"10-17 years","Johnson","27","0","0"
"18-29 years","Johnson","121","0","3"
"30-39 years","Johnson","107","0","3"
"40-49 years","Johnson","97","1","6"
"50-59 years","Johnson","131","5","18"
"60-69 years","Johnson","126","8","20"
"70-79 years","Johnson","89","8","24"
"80 & Older years","Johnson","66","19","20"
"<1 years","Johnson","2","0","2"
"Unknown years","Johnson","1","0","0"
"01-04 years","Jones","6","0","0"
"05-09 years","Jones","24","0","0"
"10-17 years","Jones","86","0","0"
"18-29 years","Jones","326","0","7"
"30-39 years","Jones","241","1","8"
"40-49 years","Jones","232","2","12"
"50-59 years","Jones","258","3","24"
"60-69 years","Jones","179","6","32"
"70-79 years","Jones","121","19","44"
"80 & Older years","Jones","75","21","23"
"<1 years","Jones","3","0","0"
"Unknown years","Jones","2","0","1"
"01-04 years","Lamar","26","0","0"
"05-09 years","Lamar","44","0","0"
"10-17 years","Lamar","108","0","3"
"18-29 years","Lamar","200","0","4"
"30-39 years","Lamar","180","0","9"
"40-49 years","Lamar","174","1","5"
"50-59 years","Lamar","189","3","26"
"60-69 years","Lamar","170","9","24"
"70-79 years","Lamar","124","11","22"
"80 & Older years","Lamar","63","20","18"
"<1 years","Lamar","12","0","1"
"Unknown years","Lamar","2","0","0"
"01-04 years","Lanier","7","0","0"
"05-09 years","Lanier","10","0","1"
"10-17 years","Lanier","35","0","1"
"18-29 years","Lanier","100","1","1"
"30-39 years","Lanier","121","0","2"
"40-49 years","Lanier","74","1","2"
"50-59 years","Lanier","62","1","6"
"60-69 years","Lanier","38","2","2"
"70-79 years","Lanier","23","4","6"
"80 & Older years","Lanier","14","0","6"
"<1 years","Lanier","4","0","0"
"01-04 years","Laurens","27","0","0"
"05-09 years","Laurens","46","0","1"
"10-17 years","Laurens","240","0","4"
"18-29 years","Laurens","646","0","10"
"30-39 years","Laurens","540","1","17"
"40-49 years","Laurens","559","4","28"
"50-59 years","Laurens","575","9","63"
"60-69 years","Laurens","473","30","81"
"70-79 years","Laurens","315","48","80"
"80 & Older years","Laurens","216","49","60"
"<1 years","Laurens","5","0","1"
"Unknown years","Laurens","2","0","0"
"01-04 years","Lee","11","0","0"
"05-09 years","Lee","26","0","3"
"10-17 years","Lee","111","0","2"
"18-29 years","Lee","261","1","8"
"30-39 years","Lee","284","1","16"
"40-49 years","Lee","285","3","28"
"50-59 years","Lee","259","9","41"
"60-69 years","Lee","187","13","33"
"70-79 years","Lee","86","14","28"
"80 & Older years","Lee","50","9","20"
"<1 years","Lee","8","0","0"
"01-04 years","Liberty","56","0","1"
"05-09 years","Liberty","71","0","1"
"10-17 years","Liberty","246","0","2"
"18-29 years","Liberty","890","1","13"
"30-39 years","Liberty","514","0","17"
"40-49 years","Liberty","438","1","16"
"50-59 years","Liberty","424","10","38"
"60-69 years","Liberty","292","17","50"
"70-79 years","Liberty","132","16","48"
"80 & Older years","Liberty","58","14","24"
"<1 years","Liberty","30","0","1"
"Unknown years","Liberty","2","0","0"
"01-04 years","Lincoln","9","0","0"
"05-09 years","Lincoln","13","0","0"
"10-17 years","Lincoln","27","0","0"
"18-29 years","Lincoln","92","0","3"
"30-39 years","Lincoln","67","0","1"
"40-49 years","Lincoln","77","1","6"
"50-59 years","Lincoln","64","3","5"
"60-69 years","Lincoln","73","4","14"
"70-79 years","Lincoln","50","9","12"
"80 & Older years","Lincoln","21","7","9"
"<1 years","Lincoln","2","0","0"
"Unknown years","Lincoln","5","0","0"
"01-04 years","Long","16","0","0"
"05-09 years","Long","14","0","0"
"10-17 years","Long","58","0","0"
"18-29 years","Long","124","0","0"
"30-39 years","Long","136","0","2"
"40-49 years","Long","99","0","6"
"50-59 years","Long","76","1","9"
"60-69 years","Long","58","1","8"
"70-79 years","Long","37","6","14"
"80 & Older years","Long","16","2","7"
"<1 years","Long","6","0","0"
"01-04 years","Lowndes","137","0","0"
"05-09 years","Lowndes","185","0","0"
"10-17 years","Lowndes","616","0","6"
"18-29 years","Lowndes","2279","4","28"
"30-39 years","Lowndes","1245","1","19"
"40-49 years","Lowndes","1028","3","44"
"50-59 years","Lowndes","894","7","56"
"60-69 years","Lowndes","617","28","82"
"70-79 years","Lowndes","332","39","65"
"80 & Older years","Lowndes","206","54","60"
"<1 years","Lowndes","33","0","0"
"Unknown years","Lowndes","15","0","0"
"01-04 years","Lumpkin","16","0","0"
"05-09 years","Lumpkin","30","0","2"
"10-17 years","Lumpkin","131","0","2"
"18-29 years","Lumpkin","700","0","12"
"30-39 years","Lumpkin","329","0","9"
"40-49 years","Lumpkin","322","1","17"
"50-59 years","Lumpkin","376","5","44"
"60-69 years","Lumpkin","364","11","54"
"70-79 years","Lumpkin","266","13","66"
"80 & Older years","Lumpkin","133","31","66"
"<1 years","Lumpkin","7","0","1"
"Unknown years","Lumpkin","46","0","3"
"01-04 years","Macon","9","0","0"
"05-09 years","Macon","12","0","0"
"10-17 years","Macon","23","0","0"
"18-29 years","Macon","105","0","3"
"30-39 years","Macon","72","0","4"
"40-49 years","Macon","104","1","7"
"50-59 years","Macon","119","4","14"
"60-69 years","Macon","76","6","23"
"70-79 years","Macon","53","6","21"
"80 & Older years","Macon","18","6","6"
"<1 years","Macon","3","0","0"
"Unknown years","Macon","4","0","1"
"01-04 years","Madison","41","0","1"
"05-09 years","Madison","52","0","0"
"10-17 years","Madison","228","0","0"
"18-29 years","Madison","477","0","2"
"30-39 years","Madison","412","0","5"
"40-49 years","Madison","408","0","18"
"50-59 years","Madison","430","5","26"
"60-69 years","Madison","327","9","37"
"70-79 years","Madison","197","18","44"
"80 & Older years","Madison","78","12","11"
"<1 years","Madison","19","0","4"
"Unknown years","Madison","13","0","0"
"01-04 years","Marion","9","0","0"
"05-09 years","Marion","8","0","1"
"10-17 years","Marion","38","0","0"
"18-29 years","Marion","63","0","2"
"30-39 years","Marion","42","0","2"
"40-49 years","Marion","57","1","6"
"50-59 years","Marion","63","6","6"
"60-69 years","Marion","43","3","4"
"70-79 years","Marion","28","2","5"
"80 & Older years","Marion","28","5","9"
"<1 years","Marion","3","0","0"
"Unknown years","Marion","2","0","0"
"01-04 years","McDuffie","26","0","0"
"05-09 years","McDuffie","30","0","0"
"10-17 years","McDuffie","115","0","0"
"18-29 years","McDuffie","316","0","6"
"30-39 years","McDuffie","247","2","4"
"40-49 years","McDuffie","247","2","12"
"50-59 years","McDuffie","249","4","27"
"60-69 years","McDuffie","200","9","28"
"70-79 years","McDuffie","114","8","44"
"80 & Older years","McDuffie","50","14","28"
"<1 years","McDuffie","2","0","0"
"Unknown years","McDuffie","26","0","1"
"01-04 years","McIntosh","4","0","0"
"05-09 years","McIntosh","13","0","0"
"10-17 years","McIntosh","40","0","0"
"18-29 years","McIntosh","111","0","3"
"30-39 years","McIntosh","81","0","3"
"40-49 years","McIntosh","96","0","4"
"50-59 years","McIntosh","130","0","4"
"60-69 years","McIntosh","102","2","17"
"70-79 years","McIntosh","63","4","14"
"80 & Older years","McIntosh","27","8","8"
"<1 years","McIntosh","1","0","0"
"Unknown years","McIntosh","1","0","0"
"01-04 years","Meriwether","25","0","2"
"05-09 years","Meriwether","26","0","1"
"10-17 years","Meriwether","80","0","1"
"18-29 years","Meriwether","210","0","7"
"30-39 years","Meriwether","176","2","13"
"40-49 years","Meriwether","222","2","15"
"50-59 years","Meriwether","234","5","18"
"60-69 years","Meriwether","213","10","23"
"70-79 years","Meriwether","184","23","31"
"80 & Older years","Meriwether","100","26","17"
"<1 years","Meriwether","4","0","0"
"Unknown years","Meriwether","1","0","0"
"01-04 years","Miller","9","0","0"
"05-09 years","Miller","8","0","0"
"10-17 years","Miller","75","0","1"
"18-29 years","Miller","108","0","1"
"30-39 years","Miller","97","0","0"
"40-49 years","Miller","82","0","6"
"50-59 years","Miller","129","2","12"
"60-69 years","Miller","93","2","9"
"70-79 years","Miller","30","2","3"
"80 & Older years","Miller","25","2","6"
"<1 years","Miller","3","0","0"
"01-04 years","Mitchell","20","0","0"
"05-09 years","Mitchell","27","0","0"
"10-17 years","Mitchell","89","0","2"
"18-29 years","Mitchell","252","0","10"
"30-39 years","Mitchell","217","1","15"
"40-49 years","Mitchell","209","3","17"
"50-59 years","Mitchell","245","12","54"
"60-69 years","Mitchell","207","15","50"
"70-79 years","Mitchell","129","17","46"
"80 & Older years","Mitchell","95","25","32"
"<1 years","Mitchell","8","0","0"
"Unknown years","Mitchell","2","0","1"
"01-04 years","Monroe","13","0","1"
"05-09 years","Monroe","24","0","1"
"10-17 years","Monroe","89","0","0"
"18-29 years","Monroe","299","1","6"
"30-39 years","Monroe","247","0","6"
"40-49 years","Monroe","269","4","19"
"50-59 years","Monroe","313","3","24"
"60-69 years","Monroe","290","19","50"
"70-79 years","Monroe","165","21","43"
"80 & Older years","Monroe","122","37","33"
"<1 years","Monroe","4","0","1"
"01-04 years","Montgomery","9","0","0"
"05-09 years","Montgomery","6","0","0"
"10-17 years","Montgomery","52","0","1"
"18-29 years","Montgomery","153","0","1"
"30-39 years","Montgomery","95","1","3"
"40-49 years","Montgomery","121","0","2"
"50-59 years","Montgomery","100","3","7"
"60-69 years","Montgomery","93","5","12"
"70-79 years","Montgomery","52","6","9"
"80 & Older years","Montgomery","24","5","6"
"<1 years","Montgomery","1","0","0"
"Unknown years","Montgomery","1","0","0"
"01-04 years","Morgan","17","0","0"
"05-09 years","Morgan","26","0","1"
"10-17 years","Morgan","92","0","2"
"18-29 years","Morgan","209","0","4"
"30-39 years","Morgan","164","0","6"
"40-49 years","Morgan","167","1","5"
"50-59 years","Morgan","184","2","14"
"60-69 years","Morgan","136","4","12"
"70-79 years","Morgan","104","4","16"
"80 & Older years","Morgan","56","11","20"
"<1 years","Morgan","13","0","1"
"Unknown years","Morgan","2","0","0"
"01-04 years","Murray","70","0","2"
"05-09 years","Murray","99","0","2"
"10-17 years","Murray","385","0","2"
"18-29 years","Murray","807","0","8"
"30-39 years","Murray","567","1","7"
"40-49 years","Murray","698","0","22"
"50-59 years","Murray","617","7","43"
"60-69 years","Murray","411","12","62"
"70-79 years","Murray","254","32","57"
"80 & Older years","Murray","100","22","25"
"<1 years","Murray","23","0","2"
"Unknown years","Murray","3","0","0"
"01-04 years","Muscogee","222","0","7"
"05-09 years","Muscogee","333","0","0"
"10-17 years","Muscogee","936","0","8"
"18-29 years","Muscogee","3186","3","67"
"30-39 years","Muscogee","2174","2","78"
"40-49 years","Muscogee","1916","7","98"
"50-59 years","Muscogee","1927","42","196"
"60-69 years","Muscogee","1520","79","261"
"70-79 years","Muscogee","851","97","193"
"80 & Older years","Muscogee","517","143","171"
"<1 years","Muscogee","71","0","3"
"Unknown years","Muscogee","58","1","1"
"01-04 years","Newton","79","0","2"
"05-09 years","Newton","136","0","1"
"10-17 years","Newton","436","0","10"
"18-29 years","Newton","1353","1","44"
"30-39 years","Newton","1133","0","57"
"40-49 years","Newton","1311","8","97"
"50-59 years","Newton","1236","19","124"
"60-69 years","Newton","697","36","103"
"70-79 years","Newton","491","58","100"
"80 & Older years","Newton","293","86","77"
"<1 years","Newton","26","0","5"
"Unknown years","Newton","5","0","0"
"01-04 years","Non-GA Resident/Unknown State","244","0","3"
"05-09 years","Non-GA Resident/Unknown State","404","0","5"
"10-17 years","Non-GA Resident/Unknown State","1291","0","7"
"18-29 years","Non-GA Resident/Unknown State","5502","5","62"
"30-39 years","Non-GA Resident/Unknown State","3880","4","89"
"40-49 years","Non-GA Resident/Unknown State","3299","14","101"
"50-59 years","Non-GA Resident/Unknown State","3277","45","198"
"60-69 years","Non-GA Resident/Unknown State","2301","109","269"
"70-79 years","Non-GA Resident/Unknown State","1508","130","287"
"80 & Older years","Non-GA Resident/Unknown State","849","138","196"
"<1 years","Non-GA Resident/Unknown State","139","0","2"
"Unknown years","Non-GA Resident/Unknown State","933","1","4"
"01-04 years","Oconee","35","0","0"
"05-09 years","Oconee","65","0","0"
"10-17 years","Oconee","320","0","0"
"18-29 years","Oconee","560","1","5"
"30-39 years","Oconee","362","1","4"
"40-49 years","Oconee","550","1","12"
"50-59 years","Oconee","457","4","11"
"60-69 years","Oconee","305","10","31"
"70-79 years","Oconee","172","17","24"
"80 & Older years","Oconee","130","28","38"
"<1 years","Oconee","10","0","0"
"Unknown years","Oconee","2","0","0"
"01-04 years","Oglethorpe","18","0","0"
"05-09 years","Oglethorpe","28","0","0"
"10-17 years","Oglethorpe","93","0","1"
"18-29 years","Oglethorpe","202","0","1"
"30-39 years","Oglethorpe","143","1","1"
"40-49 years","Oglethorpe","172","1","6"
"50-59 years","Oglethorpe","180","1","18"
"60-69 years","Oglethorpe","144","1","14"
"70-79 years","Oglethorpe","105","9","15"
"80 & Older years","Oglethorpe","67","14","17"
"<1 years","Oglethorpe","9","0","0"
"Unknown years","Oglethorpe","5","0","0"
"01-04 years","Paulding","139","0","2"
"05-09 years","Paulding","269","0","0"
"10-17 years","Paulding","1027","0","7"
"18-29 years","Paulding","1977","1","22"
"30-39 years","Paulding","1660","2","29"
"40-49 years","Paulding","1811","5","40"
"50-59 years","Paulding","1712","15","73"
"60-69 years","Paulding","900","34","69"
"70-79 years","Paulding","499","39","71"
"80 & Older years","Paulding","311","65","57"
"<1 years","Paulding","31","0","0"
"Unknown years","Paulding","48","0","0"
"01-04 years","Peach","15","0","2"
"05-09 years","Peach","19","0","0"
"10-17 years","Peach","75","0","1"
"18-29 years","Peach","400","1","9"
"30-39 years","Peach","296","0","15"
"40-49 years","Peach","239","4","20"
"50-59 years","Peach","303","8","41"
"60-69 years","Peach","256","9","54"
"70-79 years","Peach","129","11","39"
"80 & Older years","Peach","66","16","28"
"<1 years","Peach","4","0","0"
"Unknown years","Peach","2","0","0"
"01-04 years","Pickens","21","0","2"
"05-09 years","Pickens","38","0","1"
"10-17 years","Pickens","146","0","0"
"18-29 years","Pickens","381","0","6"
"30-39 years","Pickens","322","0","12"
"40-49 years","Pickens","386","0","18"
"50-59 years","Pickens","430","4","24"
"60-69 years","Pickens","332","8","38"
"70-79 years","Pickens","268","21","60"
"80 & Older years","Pickens","119","25","36"
"<1 years","Pickens","3","0","1"
"Unknown years","Pickens","5","0","0"
"01-04 years","Pierce","12","0","0"
"05-09 years","Pierce","22","0","0"
"10-17 years","Pierce","86","1","1"
"18-29 years","Pierce","229","0","5"
"30-39 years","Pierce","149","0","3"
"40-49 years","Pierce","203","0","13"
"50-59 years","Pierce","191","4","19"
"60-69 years","Pierce","150","11","39"
"70-79 years","Pierce","111","12","31"
"80 & Older years","Pierce","55","15","17"
"<1 years","Pierce","7","0","1"
"Unknown years","Pierce","1","0","0"
"01-04 years","Pike","27","0","0"
"05-09 years","Pike","25","0","0"
"10-17 years","Pike","119","0","1"
"18-29 years","Pike","155","0","5"
"30-39 years","Pike","139","0","2"
"40-49 years","Pike","195","3","9"
"50-59 years","Pike","149","4","7"
"60-69 years","Pike","100","2","17"
"70-79 years","Pike","81","8","18"
"80 & Older years","Pike","31","7","8"
"<1 years","Pike","1","0","0"
"Unknown years","Pike","4","0","0"
"01-04 years","Polk","40","0","1"
"05-09 years","Polk","75","0","2"
"10-17 years","Polk","318","0","3"
"18-29 years","Polk","796","0","13"
"30-39 years","Polk","554","0","14"
"40-49 years","Polk","585","2","38"
"50-59 years","Polk","611","11","80"
"60-69 years","Polk","393","14","72"
"70-79 years","Polk","309","24","85"
"80 & Older years","Polk","140","26","57"
"<1 years","Polk","20","0","0"
"Unknown years","Polk","31","0","0"
"01-04 years","Pulaski","5","0","0"
"05-09 years","Pulaski","9","0","0"
"10-17 years","Pulaski","37","0","1"
"18-29 years","Pulaski","81","0","1"
"30-39 years","Pulaski","91","0","2"
"40-49 years","Pulaski","90","0","8"
"50-59 years","Pulaski","104","0","6"
"60-69 years","Pulaski","94","8","13"
"70-79 years","Pulaski","48","12","17"
"80 & Older years","Pulaski","40","12","6"
"<1 years","Pulaski","3","0","0"
"Unknown years","Pulaski","1","0","0"
"01-04 years","Putnam","23","0","0"
"05-09 years","Putnam","42","0","1"
"10-17 years","Putnam","120","0","2"
"18-29 years","Putnam","276","0","2"
"30-39 years","Putnam","226","0","6"
"40-49 years","Putnam","215","1","8"
"50-59 years","Putnam","293","3","20"
"60-69 years","Putnam","256","13","30"
"70-79 years","Putnam","197","20","54"
"80 & Older years","Putnam","85","18","33"
"<1 years","Putnam","7","0","1"
"01-04 years","Quitman","1","0","0"
"05-09 years","Quitman","4","0","0"
"10-17 years","Quitman","6","0","0"
"18-29 years","Quitman","12","0","1"
"30-39 years","Quitman","4","0","1"
"40-49 years","Quitman","3","0","1"
"50-59 years","Quitman","16","0","1"
"60-69 years","Quitman","23","1","4"
"70-79 years","Quitman","4","0","1"
"80 & Older years","Quitman","6","1","2"
"<1 years","Quitman","2","0","0"
"01-04 years","Rabun","13","0","0"
"05-09 years","Rabun","21","0","0"
"10-17 years","Rabun","99","0","0"
"18-29 years","Rabun","206","0","5"
"30-39 years","Rabun","183","1","10"
"40-49 years","Rabun","192","0","7"
"50-59 years","Rabun","221","3","24"
"60-69 years","Rabun","224","8","31"
"70-79 years","Rabun","174","12","36"
"80 & Older years","Rabun","79","15","31"
"<1 years","Rabun","5","0","1"
"Unknown years","Rabun","56","0","1"
"01-04 years","Randolph","2","0","0"
"05-09 years","Randolph","5","0","0"
"10-17 years","Randolph","14","0","1"
"18-29 years","Randolph","59","0","2"
"30-39 years","Randolph","70","2","6"
"40-49 years","Randolph","56","0","4"
"50-59 years","Randolph","91","3","20"
"60-69 years","Randolph","69","8","16"
"70-79 years","Randolph","48","4","15"
"80 & Older years","Randolph","46","15","16"
"<1 years","Randolph","1","0","0"
"Unknown years","Randolph","2","0","0"
"01-04 years","Richmond","287","0","1"
"05-09 years","Richmond","550","0","4"
"10-17 years","Richmond","1523","0","13"
"18-29 years","Richmond","4422","8","61"
"30-39 years","Richmond","3301","6","76"
"40-49 years","Richmond","2661","17","109"
"50-59 years","Richmond","2674","39","204"
"60-69 years","Richmond","1969","73","251"
"70-79 years","Richmond","1070","101","283"
"80 & Older years","Richmond","651","145","271"
"<1 years","Richmond","85","0","2"
"Unknown years","Richmond","34","0","2"
"01-04 years","Rockdale","56","0","4"
"05-09 years","Rockdale","103","0","0"
"10-17 years","Rockdale","335","0","12"
"18-29 years","Rockdale","1142","2","71"
"30-39 years","Rockdale","904","2","89"
"40-49 years","Rockdale","1030","6","111"
"50-59 years","Rockdale","1003","12","166"
"60-69 years","Rockdale","629","27","147"
"70-79 years","Rockdale","371","49","145"
"80 & Older years","Rockdale","199","47","92"
"<1 years","Rockdale","12","0","2"
"Unknown years","Rockdale","2","0","0"
"01-04 years","Schley","5","0","0"
"05-09 years","Schley","4","0","0"
"10-17 years","Schley","22","0","0"
"18-29 years","Schley","46","0","2"
"30-39 years","Schley","21","0","0"
"40-49 years","Schley","31","0","4"
"50-59 years","Schley","31","1","3"
"60-69 years","Schley","26","1","8"
"70-79 years","Schley","13","0","2"
"80 & Older years","Schley","7","2","2"
"<1 years","Schley","1","0","0"
"01-04 years","Screven","8","0","0"
"05-09 years","Screven","15","0","0"
"10-17 years","Screven","61","0","0"
"18-29 years","Screven","136","0","3"
"30-39 years","Screven","121","0","2"
"40-49 years","Screven","96","1","4"
"50-59 years","Screven","112","2","14"
"60-69 years","Screven","136","2","14"
"70-79 years","Screven","73","7","17"
"80 & Older years","Screven","37","8","10"
"<1 years","Screven","4","0","0"
"Unknown years","Screven","1","0","0"
"01-04 years","Seminole","13","0","0"
"05-09 years","Seminole","15","0","0"
"10-17 years","Seminole","74","0","0"
"18-29 years","Seminole","110","0","0"
"30-39 years","Seminole","87","0","0"
"40-49 years","Seminole","91","0","5"
"50-59 years","Seminole","111","1","6"
"60-69 years","Seminole","129","3","26"
"70-79 years","Seminole","69","6","16"
"80 & Older years","Seminole","29","7","12"
"<1 years","Seminole","4","0","0"
"01-04 years","Spalding","65","0","3"
"05-09 years","Spalding","61","0","1"
"10-17 years","Spalding","199","0","4"
"18-29 years","Spalding","678","1","29"
"30-39 years","Spalding","579","4","29"
"40-49 years","Spalding","586","4","45"
"50-59 years","Spalding","621","15","71"
"60-69 years","Spalding","484","33","87"
"70-79 years","Spalding","345","42","76"
"80 & Older years","Spalding","216","50","66"
"<1 years","Spalding","12","0","0"
"Unknown years","Spalding","24","0","0"
"01-04 years","Stephens","18","0","0"
"05-09 years","Stephens","43","0","1"
"10-17 years","Stephens","184","0","3"
"18-29 years","Stephens","530","1","13"
"30-39 years","Stephens","339","0","8"
"40-49 years","Stephens","436","1","23"
"50-59 years","Stephens","455","4","37"
"60-69 years","Stephens","438","20","61"
"70-79 years","Stephens","300","22","65"
"80 & Older years","Stephens","157","28","41"
"<1 years","Stephens","4","0","0"
"Unknown years","Stephens","29","0","0"
"01-04 years","Stewart","5","0","0"
"05-09 years","Stewart","2","0","0"
"10-17 years","Stewart","14","0","0"
"18-29 years","Stewart","171","0","22"
"30-39 years","Stewart","218","1","25"
"40-49 years","Stewart","155","2","23"
"50-59 years","Stewart","83","2","12"
"60-69 years","Stewart","68","11","25"
"70-79 years","Stewart","26","3","5"
"80 & Older years","Stewart","21","4","6"
"<1 years","Stewart","1","0","0"
"Unknown years","Stewart","14","0","4"
"01-04 years","Sumter","24","0","0"
"05-09 years","Sumter","31","0","0"
"10-17 years","Sumter","75","0","2"
"18-29 years","Sumter","323","1","11"
"30-39 years","Sumter","263","1","21"
"40-49 years","Sumter","256","5","23"
"50-59 years","Sumter","275","3","43"
"60-69 years","Sumter","255","25","68"
"70-79 years","Sumter","165","27","46"
"80 & Older years","Sumter","105","29","47"
"<1 years","Sumter","10","0","0"
"Unknown years","Sumter","2","0","0"
"01-04 years","Talbot","8","0","0"
"05-09 years","Talbot","5","0","0"
"10-17 years","Talbot","30","0","0"
"18-29 years","Talbot","55","0","1"
"30-39 years","Talbot","35","0","1"
"40-49 years","Talbot","60","1","4"
"50-59 years","Talbot","64","5","6"
"60-69 years","Talbot","60","3","13"
"70-79 years","Talbot","39","6","7"
"80 & Older years","Talbot","20","2","8"
"Unknown years","Talbot","2","0","0"
"01-04 years","Taliaferro","1","0","0"
"05-09 years","Taliaferro","2","0","0"
"10-17 years","Taliaferro","7","0","0"
"18-29 years","Taliaferro","13","0","0"
"30-39 years","Taliaferro","15","0","0"
"40-49 years","Taliaferro","19","0","1"
"50-59 years","Taliaferro","9","0","0"
"60-69 years","Taliaferro","20","1","2"
"70-79 years","Taliaferro","10","1","3"
"80 & Older years","Taliaferro","4","1","2"
"01-04 years","Tattnall","31","0","0"
"05-09 years","Tattnall","46","0","0"
"10-17 years","Tattnall","159","0","0"
"18-29 years","Tattnall","318","0","1"
"30-39 years","Tattnall","280","1","4"
"40-49 years","Tattnall","275","0","7"
"50-59 years","Tattnall","306","7","22"
"60-69 years","Tattnall","236","15","34"
"70-79 years","Tattnall","118","14","39"
"80 & Older years","Tattnall","46","5","8"
"<1 years","Tattnall","10","0","0"
"Unknown years","Tattnall","2","0","1"
"01-04 years","Taylor","13","0","1"
"05-09 years","Taylor","14","0","0"
"10-17 years","Taylor","53","0","1"
"18-29 years","Taylor","79","0","2"
"30-39 years","Taylor","52","0","4"
"40-49 years","Taylor","92","1","10"
"50-59 years","Taylor","74","1","15"
"60-69 years","Taylor","63","5","16"
"70-79 years","Taylor","33","6","10"
"80 & Older years","Taylor","25","9","11"
"<1 years","Taylor","4","0","0"
"01-04 years","Telfair","9","0","0"
"05-09 years","Telfair","11","0","0"
"10-17 years","Telfair","20","0","0"
"18-29 years","Telfair","137","0","3"
"30-39 years","Telfair","90","1","1"
"40-49 years","Telfair","111","2","7"
"50-59 years","Telfair","108","5","10"
"60-69 years","Telfair","104","9","18"
"70-79 years","Telfair","70","12","18"
"80 & Older years","Telfair","42","14","11"
"<1 years","Telfair","4","0","0"
"Unknown years","Telfair","2","0","0"
"01-04 years","Terrell","7","0","0"
"05-09 years","Terrell","7","0","0"
"10-17 years","Terrell","41","0","0"
"18-29 years","Terrell","70","0","2"
"30-39 years","Terrell","79","0","9"
"40-49 years","Terrell","65","0","8"
"50-59 years","Terrell","96","4","15"
"60-69 years","Terrell","91","11","32"
"70-79 years","Terrell","61","15","27"
"80 & Older years","Terrell","39","13","16"
"01-04 years","Thomas","61","0","1"
"05-09 years","Thomas","115","0","0"
"10-17 years","Thomas","306","0","3"
"18-29 years","Thomas","605","1","25"
"30-39 years","Thomas","485","2","18"
"40-49 years","Thomas","510","4","29"
"50-59 years","Thomas","538","11","41"
"60-69 years","Thomas","431","13","92"
"70-79 years","Thomas","255","34","72"
"80 & Older years","Thomas","166","47","60"
"<1 years","Thomas","16","0","1"
"Unknown years","Thomas","2","0","0"
"01-04 years","Tift","36","0","2"
"05-09 years","Tift","58","0","3"
"10-17 years","Tift","231","0","6"
"18-29 years","Tift","773","0","20"
"30-39 years","Tift","543","1","28"
"40-49 years","Tift","542","7","59"
"50-59 years","Tift","461","9","69"
"60-69 years","Tift","356","16","74"
"70-79 years","Tift","243","29","90"
"80 & Older years","Tift","138","32","60"
"<1 years","Tift","13","0","0"
"Unknown years","Tift","3","0","0"
"01-04 years","Toombs","30","0","0"
"05-09 years","Toombs","51","0","0"
"10-17 years","Toombs","215","0","2"
"18-29 years","Toombs","520","0","6"
"30-39 years","Toombs","412","0","3"
"40-49 years","Toombs","419","1","22"
"50-59 years","Toombs","418","7","24"
"60-69 years","Toombs","380","14","42"
"70-79 years","Toombs","256","32","41"
"80 & Older years","Toombs","154","40","31"
"<1 years","Toombs","7","0","0"
"01-04 years","Towns","2","0","0"
"05-09 years","Towns","6","0","0"
"10-17 years","Towns","44","0","1"
"18-29 years","Towns","132","0","4"
"30-39 years","Towns","86","0","3"
"40-49 years","Towns","110","2","5"
"50-59 years","Towns","167","2","14"
"60-69 years","Towns","212","2","17"
"70-79 years","Towns","157","9","36"
"80 & Older years","Towns","122","27","45"
"Unknown years","Towns","20","0","0"
"01-04 years","Treutlen","6","0","0"
"05-09 years","Treutlen","15","0","1"
"10-17 years","Treutlen","47","0","0"
"18-29 years","Treutlen","102","0","2"
"30-39 years","Treutlen","99","0","5"
"40-49 years","Treutlen","101","2","5"
"50-59 years","Treutlen","102","1","7"
"60-69 years","Treutlen","67","5","12"
"70-79 years","Treutlen","53","10","11"
"80 & Older years","Treutlen","30","4","8"
"01-04 years","Troup","133","0","1"
"05-09 years","Troup","177","0","0"
"10-17 years","Troup","520","0","5"
"18-29 years","Troup","1188","1","29"
"30-39 years","Troup","878","6","42"
"40-49 years","Troup","794","5","50"
"50-59 years","Troup","821","14","102"
"60-69 years","Troup","633","30","95"
"70-79 years","Troup","345","45","93"
"80 & Older years","Troup","253","77","63"
"<1 years","Troup","43","0","1"
"Unknown years","Troup","7","0","0"
"01-04 years","Turner","3","0","0"
"05-09 years","Turner","7","0","1"
"10-17 years","Turner","20","0","0"
"18-29 years","Turner","87","0","2"
"30-39 years","Turner","102","0","10"
"40-49 years","Turner","107","0","5"
"50-59 years","Turner","94","2","12"
"60-69 years","Turner","86","8","26"
"70-79 years","Turner","52","6","13"
"80 & Older years","Turner","35","15","15"
"<1 years","Turner","2","0","1"
"01-04 years","Twiggs","9","0","0"
"05-09 years","Twiggs","7","0","1"
"10-17 years","Twiggs","26","0","0"
"18-29 years","Twiggs","66","0","2"
"30-39 years","Twiggs","61","1","5"
"40-49 years","Twiggs","62","1","7"
"50-59 years","Twiggs","90","3","12"
"60-69 years","Twiggs","99","8","31"
"70-79 years","Twiggs","59","8","21"
"80 & Older years","Twiggs","26","14","18"
"<1 years","Twiggs","1","0","0"
"01-04 years","Union","7","0","0"
"05-09 years","Union","16","0","0"
"10-17 years","Union","68","0","1"
"18-29 years","Union","253","1","1"
"30-39 years","Union","222","0","3"
"40-49 years","Union","219","0","13"
"50-59 years","Union","300","4","22"
"60-69 years","Union","362","5","44"
"70-79 years","Union","306","21","56"
"80 & Older years","Union","205","34","63"
"<1 years","Union","1","0","0"
"Unknown years","Union","31","0","0"
"01-04 years","Unknown","15","0","0"
"05-09 years","Unknown","44","0","0"
"10-17 years","Unknown","173","0","0"
"18-29 years","Unknown","753","1","4"
"30-39 years","Unknown","363","3","6"
"40-49 years","Unknown","340","1","2"
"50-59 years","Unknown","294","3","6"
"60-69 years","Unknown","163","1","7"
"70-79 years","Unknown","106","0","9"
"80 & Older years","Unknown","45","2","7"
"<1 years","Unknown","26","0","0"
"Unknown years","Unknown","113","0","3"
"01-04 years","Upson","39","0","0"
"05-09 years","Upson","47","0","0"
"10-17 years","Upson","138","0","1"
"18-29 years","Upson","303","0","6"
"30-39 years","Upson","211","2","9"
"40-49 years","Upson","239","1","11"
"50-59 years","Upson","256","7","21"
"60-69 years","Upson","240","22","40"
"70-79 years","Upson","168","32","48"
"80 & Older years","Upson","105","40","34"
"<1 years","Upson","14","0","0"
"Unknown years","Upson","10","0","0"
"01-04 years","Walker","78","0","1"
"05-09 years","Walker","152","0","1"
"10-17 years","Walker","520","0","3"
"18-29 years","Walker","1107","0","17"
"30-39 years","Walker","817","0","14"
"40-49 years","Walker","1000","3","28"
"50-59 years","Walker","863","3","38"
"60-69 years","Walker","726","15","65"
"70-79 years","Walker","484","29","61"
"80 & Older years","Walker","233","27","31"
"<1 years","Walker","40","0","1"
"Unknown years","Walker","220","0","7"
"01-04 years","Walton","76","0","1"
"05-09 years","Walton","163","0","1"
"10-17 years","Walton","612","0","6"
"18-29 years","Walton","1344","2","30"
"30-39 years","Walton","1155","0","28"
"40-49 years","Walton","1275","3","50"
"50-59 years","Walton","1255","15","84"
"60-69 years","Walton","862","30","87"
"70-79 years","Walton","642","73","110"
"80 & Older years","Walton","392","104","82"
"<1 years","Walton","28","0","2"
"Unknown years","Walton","18","0","0"
"01-04 years","Ware","61","0","1"
"05-09 years","Ware","68","0","0"
"10-17 years","Ware","240","0","3"
"18-29 years","Ware","544","1","5"
"30-39 years","Ware","448","1","20"
"40-49 years","Ware","378","3","32"
"50-59 years","Ware","412","16","60"
"60-69 years","Ware","305","19","63"
"70-79 years","Ware","258","40","98"
"80 & Older years","Ware","209","64","63"
"<1 years","Ware","19","0","2"
"Unknown years","Ware","3","0","0"
"01-04 years","Warren","6","0","0"
"05-09 years","Warren","2","0","0"
"10-17 years","Warren","25","0","0"
"18-29 years","Warren","67","0","3"
"30-39 years","Warren","50","0","4"
"40-49 years","Warren","48","2","5"
"50-59 years","Warren","66","2","7"
"60-69 years","Warren","44","3","7"
"70-79 years","Warren","36","4","13"
"80 & Older years","Warren","17","2","6"
"<1 years","Warren","2","0","1"
"Unknown years","Warren","4","0","0"
"01-04 years","Washington","18","0","0"
"05-09 years","Washington","25","0","0"
"10-17 years","Washington","119","0","2"
"18-29 years","Washington","259","0","6"
"30-39 years","Washington","239","0","8"
"40-49 years","Washington","256","4","12"
"50-59 years","Washington","241","3","17"
"60-69 years","Washington","224","14","29"
"70-79 years","Washington","121","11","22"
"80 & Older years","Washington","80","24","13"
"<1 years","Washington","10","0","0"
"Unknown years","Washington","2","0","0"
"01-04 years","Wayne","31","0","1"
"05-09 years","Wayne","34","0","0"
"10-17 years","Wayne","165","0","1"
"18-29 years","Wayne","407","0","10"
"30-39 years","Wayne","409","1","11"
"40-49 years","Wayne","490","1","35"
"50-59 years","Wayne","412","6","36"
"60-69 years","Wayne","329","19","64"
"70-79 years","Wayne","262","24","76"
"80 & Older years","Wayne","118","22","26"
"<1 years","Wayne","5","0","1"
"Unknown years","Wayne","2","0","0"
"10-17 years","Webster","3","0","0"
"18-29 years","Webster","19","0","1"
"30-39 years","Webster","10","0","1"
"40-49 years","Webster","16","0","2"
"50-59 years","Webster","18","2","4"
"60-69 years","Webster","23","1","4"
"70-79 years","Webster","7","0","1"
"80 & Older years","Webster","4","1","0"
"Unknown years","Webster","2","0","0"
"01-04 years","Wheeler","1","0","0"
"05-09 years","Wheeler","5","0","0"
"10-17 years","Wheeler","23","0","0"
"18-29 years","Wheeler","55","0","0"
"30-39 years","Wheeler","74","2","2"
"40-49 years","Wheeler","78","1","3"
"50-59 years","Wheeler","92","7","11"
"60-69 years","Wheeler","53","3","6"
"70-79 years","Wheeler","40","5","11"
"80 & Older years","Wheeler","9","3","1"
"<1 years","Wheeler","2","0","0"
"Unknown years","Wheeler","24","0","1"
"01-04 years","White","20","0","0"
"05-09 years","White","60","0","1"
"10-17 years","White","233","0","2"
"18-29 years","White","436","1","7"
"30-39 years","White","314","1","8"
"40-49 years","White","407","2","17"
"50-59 years","White","473","4","38"
"60-69 years","White","438","12","66"
"70-79 years","White","318","15","76"
"80 & Older years","White","178","30","68"
"<1 years","White","5","0","0"
"Unknown years","White","37","0","1"
"01-04 years","Whitfield","204","0","3"
"05-09 years","Whitfield","388","0","3"
"10-17 years","Whitfield","1357","0","6"
"18-29 years","Whitfield","3468","1","46"
"30-39 years","Whitfield","2255","5","62"
"40-49 years","Whitfield","2340","4","75"
"50-59 years","Whitfield","2123","27","123"
"60-69 years","Whitfield","1248","37","140"
"70-79 years","Whitfield","712","56","142"
"80 & Older years","Whitfield","407","94","120"
"<1 years","Whitfield","72","0","5"
"Unknown years","Whitfield","8","0","1"
"01-04 years","Wilcox","10","0","0"
"05-09 years","Wilcox","9","0","0"
"10-17 years","Wilcox","30","0","0"
"18-29 years","Wilcox","45","0","1"
"30-39 years","Wilcox","48","0","1"
"40-49 years","Wilcox","73","0","12"
"50-59 years","Wilcox","83","1","15"
"60-69 years","Wilcox","91","10","25"
"70-79 years","Wilcox","52","10","10"
"80 & Older years","Wilcox","26","8","7"
"<1 years","Wilcox","5","0","0"
"01-04 years","Wilkes","8","0","0"
"05-09 years","Wilkes","17","0","0"
"10-17 years","Wilkes","52","0","0"
"18-29 years","Wilkes","116","0","1"
"30-39 years","Wilkes","85","0","5"
"40-49 years","Wilkes","104","1","12"
"50-59 years","Wilkes","100","2","4"
"60-69 years","Wilkes","81","2","15"
"70-79 years","Wilkes","66","6","19"
"80 & Older years","Wilkes","33","8","15"
"<1 years","Wilkes","3","0","0"
"Unknown years","Wilkes","1","0","0"
"01-04 years","Wilkinson","6","0","0"
"05-09 years","Wilkinson","11","0","0"
"10-17 years","Wilkinson","31","0","1"
"18-29 years","Wilkinson","109","0","3"
"30-39 years","Wilkinson","89","0","6"
"40-49 years","Wilkinson","93","0","6"
"50-59 years","Wilkinson","152","4","24"
"60-69 years","Wilkinson","134","13","39"
"70-79 years","Wilkinson","59","6","22"
"80 & Older years","Wilkinson","39","4","16"
"01-04 years","Worth","13","0","0"
"05-09 years","Worth","14","0","0"
"10-17 years","Worth","78","0","3"
"18-29 years","Worth","181","0","8"
"30-39 years","Worth","148","0","10"
"40-49 years","Worth","158","1","16"
"50-59 years","Worth","190","6","25"
"60-69 years","Worth","193","19","51"
"70-79 years","Worth","115","16","30"
"80 & Older years","Worth","72","17","26"
"<1 years","Worth","4","0","0"
"Unknown years","Worth","1","0","0"
