"age group","county name","cases","deaths","hospitalization"
"01-04 years","Georgia","7485","1","146"
"05-09 years","Georgia","12047","2","104"
"10-17 years","Georgia","43105","5","423"
"18-29 years","Georgia","144247","76","2851"
"30-39 years","Georgia","101579","169","3726"
"40-49 years","Georgia","98381","386","5408"
"50-59 years","Georgia","92597","937","7778"
"60-69 years","Georgia","62752","2005","9099"
"70-79 years","Georgia","37007","2855","8267"
"80 & Older years","Georgia","21933","3843","6503"
"<1 years","Georgia","2170","0","111"
"Unknown years","Georgia","5901","1","94"
"01-04 years","Appling","21","0","0"
"05-09 years","Appling","43","0","0"
"10-17 years","Appling","125","0","1"
"18-29 years","Appling","291","1","4"
"30-39 years","Appling","209","1","5"
"40-49 years","Appling","218","2","16"
"50-59 years","Appling","241","5","20"
"60-69 years","Appling","196","10","36"
"70-79 years","Appling","134","12","28"
"80 & Older years","Appling","62","12","22"
"<1 years","Appling","3","0","0"
"Unknown years","Appling","19","0","0"
"01-04 years","Atkinson","5","0","1"
"05-09 years","Atkinson","17","0","1"
"10-17 years","Atkinson","42","0","0"
"18-29 years","Atkinson","152","0","8"
"30-39 years","Atkinson","111","0","8"
"40-49 years","Atkinson","115","0","18"
"50-59 years","Atkinson","116","1","18"
"60-69 years","Atkinson","71","4","20"
"70-79 years","Atkinson","39","2","12"
"80 & Older years","Atkinson","13","2","9"
"<1 years","Atkinson","3","0","0"
"Unknown years","Atkinson","7","0","0"
"01-04 years","Bacon","16","0","0"
"05-09 years","Bacon","19","0","0"
"10-17 years","Bacon","57","0","1"
"18-29 years","Bacon","205","0","1"
"30-39 years","Bacon","115","0","4"
"40-49 years","Bacon","141","1","8"
"50-59 years","Bacon","136","2","15"
"60-69 years","Bacon","100","7","17"
"70-79 years","Bacon","63","4","11"
"80 & Older years","Bacon","34","7","7"
"<1 years","Bacon","6","0","0"
"Unknown years","Bacon","3","0","0"
"01-04 years","Baker","5","0","0"
"05-09 years","Baker","4","0","0"
"10-17 years","Baker","9","0","0"
"18-29 years","Baker","21","0","0"
"30-39 years","Baker","20","0","2"
"40-49 years","Baker","12","0","1"
"50-59 years","Baker","16","0","1"
"60-69 years","Baker","23","2","10"
"70-79 years","Baker","17","2","10"
"80 & Older years","Baker","8","2","3"
"<1 years","Baker","1","0","0"
"01-04 years","Baldwin","24","0","0"
"05-09 years","Baldwin","46","0","0"
"10-17 years","Baldwin","137","0","4"
"18-29 years","Baldwin","1100","0","13"
"30-39 years","Baldwin","364","1","12"
"40-49 years","Baldwin","380","2","28"
"50-59 years","Baldwin","398","9","42"
"60-69 years","Baldwin","313","15","56"
"70-79 years","Baldwin","202","19","41"
"80 & Older years","Baldwin","114","27","38"
"<1 years","Baldwin","8","0","0"
"01-04 years","Banks","6","0","0"
"05-09 years","Banks","19","0","1"
"10-17 years","Banks","86","0","2"
"18-29 years","Banks","221","0","4"
"30-39 years","Banks","163","0","3"
"40-49 years","Banks","170","0","13"
"50-59 years","Banks","190","0","17"
"60-69 years","Banks","160","4","31"
"70-79 years","Banks","126","9","46"
"80 & Older years","Banks","71","7","25"
"<1 years","Banks","4","0","1"
"Unknown years","Banks","41","0","1"
"01-04 years","Barrow","47","0","0"
"05-09 years","Barrow","94","0","0"
"10-17 years","Barrow","381","0","4"
"18-29 years","Barrow","1132","1","29"
"30-39 years","Barrow","972","0","35"
"40-49 years","Barrow","994","3","49"
"50-59 years","Barrow","845","2","69"
"60-69 years","Barrow","564","16","99"
"70-79 years","Barrow","328","19","74"
"80 & Older years","Barrow","174","32","60"
"<1 years","Barrow","21","0","2"
"Unknown years","Barrow","17","0","0"
"01-04 years","Bartow","58","0","2"
"05-09 years","Bartow","126","0","1"
"10-17 years","Bartow","619","0","4"
"18-29 years","Bartow","1370","0","15"
"30-39 years","Bartow","1146","2","31"
"40-49 years","Bartow","1186","0","52"
"50-59 years","Bartow","1230","9","96"
"60-69 years","Bartow","719","19","105"
"70-79 years","Bartow","528","40","116"
"80 & Older years","Bartow","272","53","86"
"<1 years","Bartow","22","0","1"
"Unknown years","Bartow","85","0","7"
"01-04 years","Ben Hill","28","0","1"
"05-09 years","Ben Hill","18","0","0"
"10-17 years","Ben Hill","81","0","0"
"18-29 years","Ben Hill","217","0","4"
"30-39 years","Ben Hill","194","2","7"
"40-49 years","Ben Hill","169","0","9"
"50-59 years","Ben Hill","216","2","24"
"60-69 years","Ben Hill","181","11","24"
"70-79 years","Ben Hill","129","16","44"
"80 & Older years","Ben Hill","55","9","13"
"<1 years","Ben Hill","3","0","0"
"Unknown years","Ben Hill","2","0","0"
"01-04 years","Berrien","14","0","0"
"05-09 years","Berrien","17","0","0"
"10-17 years","Berrien","64","0","0"
"18-29 years","Berrien","169","0","0"
"30-39 years","Berrien","131","0","2"
"40-49 years","Berrien","126","0","3"
"50-59 years","Berrien","135","1","13"
"60-69 years","Berrien","102","4","11"
"70-79 years","Berrien","67","7","10"
"80 & Older years","Berrien","38","9","7"
"<1 years","Berrien","2","0","0"
"Unknown years","Berrien","1","0","0"
"01-04 years","Bibb","110","0","2"
"05-09 years","Bibb","142","0","0"
"10-17 years","Bibb","477","0","6"
"18-29 years","Bibb","2305","1","65"
"30-39 years","Bibb","1637","4","81"
"40-49 years","Bibb","1635","10","153"
"50-59 years","Bibb","1498","13","188"
"60-69 years","Bibb","1176","53","295"
"70-79 years","Bibb","710","71","220"
"80 & Older years","Bibb","438","93","198"
"<1 years","Bibb","37","0","4"
"Unknown years","Bibb","12","0","0"
"01-04 years","Bleckley","3","0","0"
"05-09 years","Bleckley","8","0","0"
"10-17 years","Bleckley","60","0","0"
"18-29 years","Bleckley","160","0","3"
"30-39 years","Bleckley","73","0","1"
"40-49 years","Bleckley","89","1","2"
"50-59 years","Bleckley","89","2","3"
"60-69 years","Bleckley","74","7","9"
"70-79 years","Bleckley","56","3","11"
"80 & Older years","Bleckley","60","17","12"
"<1 years","Bleckley","2","0","0"
"Unknown years","Bleckley","2","0","0"
"01-04 years","Brantley","12","0","0"
"05-09 years","Brantley","7","0","0"
"10-17 years","Brantley","59","0","1"
"18-29 years","Brantley","126","0","1"
"30-39 years","Brantley","89","0","3"
"40-49 years","Brantley","105","1","5"
"50-59 years","Brantley","117","2","12"
"60-69 years","Brantley","90","3","10"
"70-79 years","Brantley","61","6","15"
"80 & Older years","Brantley","39","7","9"
"<1 years","Brantley","1","0","0"
"Unknown years","Brantley","1","0","0"
"01-04 years","Brooks","14","0","0"
"05-09 years","Brooks","15","0","0"
"10-17 years","Brooks","75","0","0"
"18-29 years","Brooks","151","0","0"
"30-39 years","Brooks","111","0","2"
"40-49 years","Brooks","100","0","9"
"50-59 years","Brooks","125","2","14"
"60-69 years","Brooks","88","6","12"
"70-79 years","Brooks","74","9","18"
"80 & Older years","Brooks","51","11","10"
"<1 years","Brooks","3","0","0"
"Unknown years","Brooks","1","0","0"
"01-04 years","Bryan","32","0","0"
"05-09 years","Bryan","40","0","0"
"10-17 years","Bryan","162","0","1"
"18-29 years","Bryan","393","0","8"
"30-39 years","Bryan","311","1","8"
"40-49 years","Bryan","326","0","12"
"50-59 years","Bryan","263","4","24"
"60-69 years","Bryan","177","5","24"
"70-79 years","Bryan","118","5","36"
"80 & Older years","Bryan","53","3","17"
"<1 years","Bryan","9","0","0"
"Unknown years","Bryan","5","0","0"
"01-04 years","Bulloch","48","0","0"
"05-09 years","Bulloch","57","0","0"
"10-17 years","Bulloch","221","0","2"
"18-29 years","Bulloch","1912","0","7"
"30-39 years","Bulloch","456","3","20"
"40-49 years","Bulloch","394","2","24"
"50-59 years","Bulloch","384","2","23"
"60-69 years","Bulloch","274","12","34"
"70-79 years","Bulloch","144","10","28"
"80 & Older years","Bulloch","86","9","28"
"<1 years","Bulloch","18","0","2"
"Unknown years","Bulloch","35","0","1"
"01-04 years","Burke","14","0","0"
"05-09 years","Burke","32","0","0"
"10-17 years","Burke","88","0","1"
"18-29 years","Burke","251","0","6"
"30-39 years","Burke","191","0","7"
"40-49 years","Burke","208","2","11"
"50-59 years","Burke","197","1","27"
"60-69 years","Burke","153","5","31"
"70-79 years","Burke","91","5","22"
"80 & Older years","Burke","29","5","11"
"<1 years","Burke","4","0","0"
"Unknown years","Burke","1","0","0"
"01-04 years","Butts","16","0","2"
"05-09 years","Butts","16","0","0"
"10-17 years","Butts","77","0","1"
"18-29 years","Butts","253","0","5"
"30-39 years","Butts","223","0","7"
"40-49 years","Butts","221","3","12"
"50-59 years","Butts","239","3","16"
"60-69 years","Butts","186","9","23"
"70-79 years","Butts","130","12","12"
"80 & Older years","Butts","94","22","5"
"<1 years","Butts","3","0","0"
"Unknown years","Butts","1","0","0"
"01-04 years","Calhoun","3","0","0"
"05-09 years","Calhoun","2","0","0"
"10-17 years","Calhoun","29","0","0"
"18-29 years","Calhoun","56","0","5"
"30-39 years","Calhoun","49","2","5"
"40-49 years","Calhoun","73","1","9"
"50-59 years","Calhoun","63","2","11"
"60-69 years","Calhoun","56","2","16"
"70-79 years","Calhoun","24","2","7"
"80 & Older years","Calhoun","12","2","6"
"<1 years","Calhoun","2","0","0"
"Unknown years","Calhoun","2","0","0"
"01-04 years","Camden","33","0","0"
"05-09 years","Camden","31","0","1"
"10-17 years","Camden","152","0","1"
"18-29 years","Camden","608","0","4"
"30-39 years","Camden","386","0","12"
"40-49 years","Camden","314","1","10"
"50-59 years","Camden","370","1","16"
"60-69 years","Camden","273","6","20"
"70-79 years","Camden","157","0","16"
"80 & Older years","Camden","71","11","18"
"<1 years","Camden","7","0","1"
"Unknown years","Camden","14","0","0"
"01-04 years","Candler","8","0","0"
"05-09 years","Candler","12","0","0"
"10-17 years","Candler","46","0","0"
"18-29 years","Candler","113","0","0"
"30-39 years","Candler","85","0","2"
"40-49 years","Candler","101","2","1"
"50-59 years","Candler","110","5","9"
"60-69 years","Candler","89","7","13"
"70-79 years","Candler","52","10","16"
"80 & Older years","Candler","24","4","9"
"<1 years","Candler","4","0","0"
"Unknown years","Candler","1","0","0"
"01-04 years","Carroll","66","0","1"
"05-09 years","Carroll","89","0","1"
"10-17 years","Carroll","427","0","6"
"18-29 years","Carroll","1375","0","11"
"30-39 years","Carroll","826","4","18"
"40-49 years","Carroll","810","4","23"
"50-59 years","Carroll","822","10","52"
"60-69 years","Carroll","583","17","61"
"70-79 years","Carroll","339","27","54"
"80 & Older years","Carroll","224","35","35"
"<1 years","Carroll","24","0","0"
"Unknown years","Carroll","31","0","0"
"01-04 years","Catoosa","55","0","0"
"05-09 years","Catoosa","77","0","1"
"10-17 years","Catoosa","304","0","1"
"18-29 years","Catoosa","671","0","7"
"30-39 years","Catoosa","495","1","7"
"40-49 years","Catoosa","585","1","11"
"50-59 years","Catoosa","542","5","20"
"60-69 years","Catoosa","397","5","38"
"70-79 years","Catoosa","254","12","39"
"80 & Older years","Catoosa","186","15","36"
"<1 years","Catoosa","21","0","0"
"Unknown years","Catoosa","86","0","5"
"01-04 years","Charlton","10","0","0"
"05-09 years","Charlton","21","0","0"
"10-17 years","Charlton","51","0","0"
"18-29 years","Charlton","159","0","1"
"30-39 years","Charlton","183","0","4"
"40-49 years","Charlton","164","2","8"
"50-59 years","Charlton","119","0","4"
"60-69 years","Charlton","121","4","12"
"70-79 years","Charlton","41","4","9"
"80 & Older years","Charlton","19","3","8"
"<1 years","Charlton","2","0","0"
"Unknown years","Charlton","2","0","0"
"01-04 years","Chatham","246","0","3"
"05-09 years","Chatham","286","1","0"
"10-17 years","Chatham","869","0","13"
"18-29 years","Chatham","3581","2","40"
"30-39 years","Chatham","2460","4","94"
"40-49 years","Chatham","1921","10","115"
"50-59 years","Chatham","1759","25","185"
"60-69 years","Chatham","1380","46","250"
"70-79 years","Chatham","748","66","224"
"80 & Older years","Chatham","464","87","186"
"<1 years","Chatham","66","0","4"
"Unknown years","Chatham","73","0","2"
"01-04 years","Chattahoochee","8","0","0"
"05-09 years","Chattahoochee","6","0","0"
"10-17 years","Chattahoochee","101","0","2"
"18-29 years","Chattahoochee","1779","0","1"
"30-39 years","Chattahoochee","194","0","3"
"40-49 years","Chattahoochee","45","0","0"
"50-59 years","Chattahoochee","20","0","5"
"60-69 years","Chattahoochee","13","0","3"
"70-79 years","Chattahoochee","6","0","2"
"80 & Older years","Chattahoochee","6","1","3"
"<1 years","Chattahoochee","8","0","0"
"Unknown years","Chattahoochee","1","0","0"
"01-04 years","Chattooga","9","0","0"
"05-09 years","Chattooga","19","0","0"
"10-17 years","Chattooga","134","0","0"
"18-29 years","Chattooga","277","0","4"
"30-39 years","Chattooga","231","0","5"
"40-49 years","Chattooga","272","1","9"
"50-59 years","Chattooga","257","5","13"
"60-69 years","Chattooga","221","12","31"
"70-79 years","Chattooga","139","11","35"
"80 & Older years","Chattooga","99","17","22"
"<1 years","Chattooga","6","0","1"
"Unknown years","Chattooga","18","0","1"
"01-04 years","Cherokee","148","0","7"
"05-09 years","Cherokee","348","0","4"
"10-17 years","Cherokee","1450","0","7"
"18-29 years","Cherokee","2999","1","60"
"30-39 years","Cherokee","2107","1","80"
"40-49 years","Cherokee","2352","2","93"
"50-59 years","Cherokee","2307","9","146"
"60-69 years","Cherokee","1338","19","154"
"70-79 years","Cherokee","882","31","161"
"80 & Older years","Cherokee","554","69","154"
"<1 years","Cherokee","31","0","1"
"Unknown years","Cherokee","62","0","2"
"01-04 years","Clarke","116","0","0"
"05-09 years","Clarke","143","0","1"
"10-17 years","Clarke","397","0","4"
"18-29 years","Clarke","4743","0","22"
"30-39 years","Clarke","1137","1","28"
"40-49 years","Clarke","921","2","36"
"50-59 years","Clarke","805","5","50"
"60-69 years","Clarke","566","12","70"
"70-79 years","Clarke","325","22","81"
"80 & Older years","Clarke","176","25","47"
"<1 years","Clarke","29","0","1"
"Unknown years","Clarke","64","0","0"
"01-04 years","Clay","2","0","0"
"05-09 years","Clay","2","0","0"
"10-17 years","Clay","13","0","0"
"18-29 years","Clay","26","0","0"
"30-39 years","Clay","25","0","1"
"40-49 years","Clay","21","0","0"
"50-59 years","Clay","16","0","1"
"60-69 years","Clay","22","1","2"
"70-79 years","Clay","15","0","0"
"80 & Older years","Clay","14","2","5"
"Unknown years","Clay","1","0","0"
"01-04 years","Clayton","232","0","7"
"05-09 years","Clayton","338","1","8"
"10-17 years","Clayton","926","0","21"
"18-29 years","Clayton","3185","4","76"
"30-39 years","Clayton","2725","6","115"
"40-49 years","Clayton","2471","23","142"
"50-59 years","Clayton","2277","29","203"
"60-69 years","Clayton","1461","60","185"
"70-79 years","Clayton","632","51","123"
"80 & Older years","Clayton","331","58","82"
"<1 years","Clayton","50","0","1"
"Unknown years","Clayton","44","0","2"
"01-04 years","Clinch","10","0","0"
"05-09 years","Clinch","15","0","0"
"10-17 years","Clinch","66","0","0"
"18-29 years","Clinch","114","0","2"
"30-39 years","Clinch","87","1","4"
"40-49 years","Clinch","78","0","3"
"50-59 years","Clinch","79","0","12"
"60-69 years","Clinch","84","6","13"
"70-79 years","Clinch","45","6","14"
"80 & Older years","Clinch","14","1","4"
"<1 years","Clinch","1","0","0"
"Unknown years","Clinch","1","0","0"
"01-04 years","Cobb","449","1","14"
"05-09 years","Cobb","770","0","5"
"10-17 years","Cobb","2607","0","22"
"18-29 years","Cobb","10831","4","207"
"30-39 years","Cobb","7099","12","215"
"40-49 years","Cobb","6603","22","344"
"50-59 years","Cobb","5903","35","450"
"60-69 years","Cobb","3576","85","437"
"70-79 years","Cobb","1989","175","384"
"80 & Older years","Cobb","1245","249","349"
"<1 years","Cobb","131","0","8"
"Unknown years","Cobb","544","0","3"
"01-04 years","Coffee","65","0","2"
"05-09 years","Coffee","82","0","4"
"10-17 years","Coffee","246","0","2"
"18-29 years","Coffee","711","0","20"
"30-39 years","Coffee","528","3","38"
"40-49 years","Coffee","597","3","76"
"50-59 years","Coffee","583","5","102"
"60-69 years","Coffee","469","22","115"
"70-79 years","Coffee","256","26","101"
"80 & Older years","Coffee","133","28","74"
"<1 years","Coffee","12","0","0"
"Unknown years","Coffee","16","0","0"
"01-04 years","Colquitt","34","0","0"
"05-09 years","Colquitt","68","0","1"
"10-17 years","Colquitt","242","0","4"
"18-29 years","Colquitt","586","0","16"
"30-39 years","Colquitt","413","0","16"
"40-49 years","Colquitt","418","4","32"
"50-59 years","Colquitt","369","10","30"
"60-69 years","Colquitt","266","11","32"
"70-79 years","Colquitt","149","6","33"
"80 & Older years","Colquitt","102","14","21"
"<1 years","Colquitt","12","0","0"
"Unknown years","Colquitt","3","0","0"
"01-04 years","Columbia","74","0","2"
"05-09 years","Columbia","173","0","0"
"10-17 years","Columbia","691","0","1"
"18-29 years","Columbia","1698","0","14"
"30-39 years","Columbia","1451","2","17"
"40-49 years","Columbia","1328","6","34"
"50-59 years","Columbia","1169","11","56"
"60-69 years","Columbia","725","12","63"
"70-79 years","Columbia","385","26","60"
"80 & Older years","Columbia","230","38","59"
"<1 years","Columbia","21","0","1"
"Unknown years","Columbia","12","0","0"
"01-04 years","Cook","12","0","1"
"05-09 years","Cook","20","0","0"
"10-17 years","Cook","86","0","1"
"18-29 years","Cook","199","0","5"
"30-39 years","Cook","154","0","4"
"40-49 years","Cook","158","0","12"
"50-59 years","Cook","141","2","15"
"60-69 years","Cook","113","5","16"
"70-79 years","Cook","95","10","23"
"80 & Older years","Cook","47","8","12"
"<1 years","Cook","5","0","0"
"Unknown years","Cook","2","0","0"
"01-04 years","Coweta","74","0","0"
"05-09 years","Coweta","122","0","0"
"10-17 years","Coweta","434","0","3"
"18-29 years","Coweta","1148","1","14"
"30-39 years","Coweta","867","0","20"
"40-49 years","Coweta","907","3","26"
"50-59 years","Coweta","1033","7","46"
"60-69 years","Coweta","641","18","41"
"70-79 years","Coweta","406","19","46"
"80 & Older years","Coweta","217","34","30"
"<1 years","Coweta","24","0","1"
"Unknown years","Coweta","10","0","0"
"01-04 years","Crawford","1","0","0"
"05-09 years","Crawford","2","0","0"
"10-17 years","Crawford","22","0","0"
"18-29 years","Crawford","61","0","2"
"30-39 years","Crawford","52","0","4"
"40-49 years","Crawford","44","1","3"
"50-59 years","Crawford","88","1","11"
"60-69 years","Crawford","78","3","13"
"70-79 years","Crawford","30","2","10"
"80 & Older years","Crawford","19","0","4"
"01-04 years","Crisp","15","0","0"
"05-09 years","Crisp","18","0","0"
"10-17 years","Crisp","77","0","1"
"18-29 years","Crisp","162","0","7"
"30-39 years","Crisp","163","0","11"
"40-49 years","Crisp","151","1","12"
"50-59 years","Crisp","147","3","20"
"60-69 years","Crisp","154","9","30"
"70-79 years","Crisp","80","8","28"
"80 & Older years","Crisp","64","8","15"
"<1 years","Crisp","7","0","0"
"Unknown years","Crisp","17","0","0"
"01-04 years","Dade","5","0","0"
"05-09 years","Dade","19","0","0"
"10-17 years","Dade","68","0","0"
"18-29 years","Dade","150","0","1"
"30-39 years","Dade","101","0","1"
"40-49 years","Dade","130","0","5"
"50-59 years","Dade","117","1","6"
"60-69 years","Dade","82","0","3"
"70-79 years","Dade","66","5","15"
"80 & Older years","Dade","42","1","8"
"<1 years","Dade","6","0","0"
"Unknown years","Dade","22","0","1"
"01-04 years","Dawson","18","0","0"
"05-09 years","Dawson","28","0","0"
"10-17 years","Dawson","148","0","4"
"18-29 years","Dawson","376","0","9"
"30-39 years","Dawson","273","0","6"
"40-49 years","Dawson","257","0","17"
"50-59 years","Dawson","306","0","26"
"60-69 years","Dawson","240","3","53"
"70-79 years","Dawson","160","10","35"
"80 & Older years","Dawson","65","5","18"
"<1 years","Dawson","7","0","1"
"Unknown years","Dawson","40","0","2"
"01-04 years","DeKalb","504","0","14"
"05-09 years","DeKalb","723","0","8"
"10-17 years","DeKalb","2164","0","37"
"18-29 years","DeKalb","9219","8","276"
"30-39 years","DeKalb","7935","14","408"
"40-49 years","DeKalb","6269","26","452"
"50-59 years","DeKalb","5572","60","612"
"60-69 years","DeKalb","3508","99","625"
"70-79 years","DeKalb","1810","138","474"
"80 & Older years","DeKalb","1065","163","330"
"<1 years","DeKalb","124","0","5"
"Unknown years","DeKalb","150","0","6"
"01-04 years","Decatur","41","0","1"
"05-09 years","Decatur","52","0","0"
"10-17 years","Decatur","153","0","0"
"18-29 years","Decatur","349","1","8"
"30-39 years","Decatur","260","1","8"
"40-49 years","Decatur","259","1","16"
"50-59 years","Decatur","216","5","24"
"60-69 years","Decatur","183","10","27"
"70-79 years","Decatur","106","16","18"
"80 & Older years","Decatur","87","12","17"
"<1 years","Decatur","8","0","0"
"01-04 years","Dodge","7","0","0"
"05-09 years","Dodge","16","0","0"
"10-17 years","Dodge","71","1","1"
"18-29 years","Dodge","157","0","3"
"30-39 years","Dodge","109","0","2"
"40-49 years","Dodge","137","1","10"
"50-59 years","Dodge","157","3","12"
"60-69 years","Dodge","141","10","26"
"70-79 years","Dodge","73","13","18"
"80 & Older years","Dodge","52","16","17"
"<1 years","Dodge","3","0","0"
"Unknown years","Dodge","6","0","0"
"01-04 years","Dooly","9","0","0"
"05-09 years","Dooly","5","0","0"
"10-17 years","Dooly","31","0","0"
"18-29 years","Dooly","83","0","5"
"30-39 years","Dooly","84","0","7"
"40-49 years","Dooly","95","0","8"
"50-59 years","Dooly","108","4","13"
"60-69 years","Dooly","95","9","20"
"70-79 years","Dooly","48","6","10"
"80 & Older years","Dooly","16","4","3"
"<1 years","Dooly","2","0","0"
"Unknown years","Dooly","9","0","0"
"01-04 years","Dougherty","38","0","3"
"05-09 years","Dougherty","64","0","0"
"10-17 years","Dougherty","172","0","3"
"18-29 years","Dougherty","765","2","68"
"30-39 years","Dougherty","631","3","62"
"40-49 years","Dougherty","670","12","94"
"50-59 years","Dougherty","742","19","135"
"60-69 years","Dougherty","642","50","192"
"70-79 years","Dougherty","382","52","142"
"80 & Older years","Dougherty","215","69","93"
"<1 years","Dougherty","21","0","1"
"Unknown years","Dougherty","11","0","0"
"01-04 years","Douglas","91","0","2"
"05-09 years","Douglas","174","0","4"
"10-17 years","Douglas","515","0","5"
"18-29 years","Douglas","1579","0","41"
"30-39 years","Douglas","1255","3","51"
"40-49 years","Douglas","1432","4","84"
"50-59 years","Douglas","1279","14","122"
"60-69 years","Douglas","742","19","122"
"70-79 years","Douglas","426","36","103"
"80 & Older years","Douglas","202","26","66"
"<1 years","Douglas","15","0","3"
"Unknown years","Douglas","96","0","0"
"01-04 years","Early","15","0","0"
"05-09 years","Early","14","0","0"
"10-17 years","Early","55","0","0"
"18-29 years","Early","115","0","4"
"30-39 years","Early","107","0","4"
"40-49 years","Early","136","1","9"
"50-59 years","Early","121","3","9"
"60-69 years","Early","88","11","12"
"70-79 years","Early","61","12","13"
"80 & Older years","Early","37","12","9"
"<1 years","Early","2","0","0"
"01-04 years","Echols","5","0","0"
"05-09 years","Echols","5","0","0"
"10-17 years","Echols","22","0","1"
"18-29 years","Echols","124","0","1"
"30-39 years","Echols","52","0","2"
"40-49 years","Echols","37","0","1"
"50-59 years","Echols","40","0","2"
"60-69 years","Echols","20","0","0"
"70-79 years","Echols","16","2","3"
"<1 years","Echols","1","0","0"
"01-04 years","Effingham","35","0","1"
"05-09 years","Effingham","69","0","0"
"10-17 years","Effingham","226","0","0"
"18-29 years","Effingham","507","0","4"
"30-39 years","Effingham","422","1","11"
"40-49 years","Effingham","423","0","24"
"50-59 years","Effingham","425","7","30"
"60-69 years","Effingham","270","3","41"
"70-79 years","Effingham","157","13","40"
"80 & Older years","Effingham","71","12","22"
"<1 years","Effingham","6","0","0"
"Unknown years","Effingham","7","0","1"
"01-04 years","Elbert","14","0","0"
"05-09 years","Elbert","22","0","0"
"10-17 years","Elbert","72","0","0"
"18-29 years","Elbert","218","0","1"
"30-39 years","Elbert","149","0","6"
"40-49 years","Elbert","175","0","8"
"50-59 years","Elbert","185","0","11"
"60-69 years","Elbert","143","1","18"
"70-79 years","Elbert","126","8","25"
"80 & Older years","Elbert","111","16","25"
"<1 years","Elbert","7","0","2"
"Unknown years","Elbert","6","0","0"
"01-04 years","Emanuel","20","0","1"
"05-09 years","Emanuel","19","0","0"
"10-17 years","Emanuel","147","0","2"
"18-29 years","Emanuel","268","1","0"
"30-39 years","Emanuel","212","0","7"
"40-49 years","Emanuel","249","1","7"
"50-59 years","Emanuel","227","5","23"
"60-69 years","Emanuel","196","7","24"
"70-79 years","Emanuel","117","15","24"
"80 & Older years","Emanuel","56","16","19"
"<1 years","Emanuel","4","0","0"
"Unknown years","Emanuel","10","0","1"
"01-04 years","Evans","8","0","0"
"05-09 years","Evans","15","0","0"
"10-17 years","Evans","70","0","0"
"18-29 years","Evans","118","1","3"
"30-39 years","Evans","107","0","3"
"40-49 years","Evans","92","0","9"
"50-59 years","Evans","92","1","14"
"60-69 years","Evans","53","2","13"
"70-79 years","Evans","39","3","9"
"80 & Older years","Evans","17","2","9"
"<1 years","Evans","2","0","0"
"Unknown years","Evans","1","0","0"
"01-04 years","Fannin","8","0","0"
"05-09 years","Fannin","18","0","0"
"10-17 years","Fannin","81","0","0"
"18-29 years","Fannin","204","1","2"
"30-39 years","Fannin","143","0","5"
"40-49 years","Fannin","181","0","7"
"50-59 years","Fannin","244","3","17"
"60-69 years","Fannin","232","4","27"
"70-79 years","Fannin","185","4","28"
"80 & Older years","Fannin","108","25","38"
"<1 years","Fannin","4","0","0"
"Unknown years","Fannin","11","0","0"
"01-04 years","Fayette","38","0","0"
"05-09 years","Fayette","63","0","1"
"10-17 years","Fayette","303","0","2"
"18-29 years","Fayette","816","0","5"
"30-39 years","Fayette","491","1","7"
"40-49 years","Fayette","682","1","20"
"50-59 years","Fayette","735","3","32"
"60-69 years","Fayette","559","11","36"
"70-79 years","Fayette","284","25","51"
"80 & Older years","Fayette","200","32","28"
"<1 years","Fayette","8","0","0"
"Unknown years","Fayette","27","0","0"
"01-04 years","Floyd","95","0","3"
"05-09 years","Floyd","148","0","0"
"10-17 years","Floyd","672","0","8"
"18-29 years","Floyd","1514","0","19"
"30-39 years","Floyd","1128","3","37"
"40-49 years","Floyd","1095","3","63"
"50-59 years","Floyd","1024","16","105"
"60-69 years","Floyd","751","26","129"
"70-79 years","Floyd","530","29","137"
"80 & Older years","Floyd","292","33","89"
"<1 years","Floyd","36","0","2"
"Unknown years","Floyd","88","0","1"
"01-04 years","Forsyth","119","0","1"
"05-09 years","Forsyth","274","0","1"
"10-17 years","Forsyth","1081","0","3"
"18-29 years","Forsyth","2120","0","36"
"30-39 years","Forsyth","1498","0","48"
"40-49 years","Forsyth","1843","4","89"
"50-59 years","Forsyth","1728","9","120"
"60-69 years","Forsyth","911","7","108"
"70-79 years","Forsyth","552","24","146"
"80 & Older years","Forsyth","326","39","105"
"<1 years","Forsyth","34","0","3"
"Unknown years","Forsyth","546","0","2"
"01-04 years","Franklin","11","0","0"
"05-09 years","Franklin","43","0","0"
"10-17 years","Franklin","141","0","4"
"18-29 years","Franklin","344","0","8"
"30-39 years","Franklin","248","0","3"
"40-49 years","Franklin","269","0","10"
"50-59 years","Franklin","262","0","18"
"60-69 years","Franklin","239","2","29"
"70-79 years","Franklin","131","11","20"
"80 & Older years","Franklin","62","11","16"
"<1 years","Franklin","7","0","1"
"Unknown years","Franklin","61","0","2"
"01-04 years","Fulton","606","0","16"
"05-09 years","Fulton","999","0","9"
"10-17 years","Fulton","3287","1","33"
"18-29 years","Fulton","15526","4","278"
"30-39 years","Fulton","11000","14","385"
"40-49 years","Fulton","8606","28","459"
"50-59 years","Fulton","7560","66","629"
"60-69 years","Fulton","4504","136","605"
"70-79 years","Fulton","2447","192","525"
"80 & Older years","Fulton","1779","322","518"
"<1 years","Fulton","148","0","6"
"Unknown years","Fulton","257","0","7"
"01-04 years","Gilmer","26","0","2"
"05-09 years","Gilmer","24","0","0"
"10-17 years","Gilmer","140","0","2"
"18-29 years","Gilmer","260","0","8"
"30-39 years","Gilmer","226","0","13"
"40-49 years","Gilmer","250","0","14"
"50-59 years","Gilmer","275","4","19"
"60-69 years","Gilmer","258","2","31"
"70-79 years","Gilmer","173","8","31"
"80 & Older years","Gilmer","99","20","30"
"<1 years","Gilmer","8","0","0"
"Unknown years","Gilmer","40","0","0"
"01-04 years","Glascock","1","0","0"
"05-09 years","Glascock","2","0","0"
"10-17 years","Glascock","1","0","0"
"18-29 years","Glascock","16","0","1"
"30-39 years","Glascock","12","0","0"
"40-49 years","Glascock","15","0","1"
"50-59 years","Glascock","20","2","2"
"60-69 years","Glascock","11","0","1"
"70-79 years","Glascock","12","1","3"
"80 & Older years","Glascock","7","1","3"
"<1 years","Glascock","1","0","0"
"Unknown years","Glascock","1","0","0"
"01-04 years","Glynn","74","0","1"
"05-09 years","Glynn","140","0","1"
"10-17 years","Glynn","364","0","0"
"18-29 years","Glynn","1097","0","21"
"30-39 years","Glynn","828","3","23"
"40-49 years","Glynn","721","3","32"
"50-59 years","Glynn","671","8","63"
"60-69 years","Glynn","569","24","100"
"70-79 years","Glynn","352","36","71"
"80 & Older years","Glynn","217","50","77"
"<1 years","Glynn","18","0","0"
"Unknown years","Glynn","33","0","0"
"01-04 years","Gordon","56","0","0"
"05-09 years","Gordon","84","0","0"
"10-17 years","Gordon","357","0","2"
"18-29 years","Gordon","894","0","11"
"30-39 years","Gordon","691","1","17"
"40-49 years","Gordon","721","1","23"
"50-59 years","Gordon","707","7","36"
"60-69 years","Gordon","430","10","32"
"70-79 years","Gordon","257","18","55"
"80 & Older years","Gordon","145","24","39"
"<1 years","Gordon","17","0","3"
"Unknown years","Gordon","70","0","3"
"01-04 years","Grady","25","0","1"
"05-09 years","Grady","34","0","0"
"10-17 years","Grady","102","0","2"
"18-29 years","Grady","207","0","9"
"30-39 years","Grady","190","0","7"
"40-49 years","Grady","195","0","20"
"50-59 years","Grady","174","5","24"
"60-69 years","Grady","132","3","20"
"70-79 years","Grady","121","9","32"
"80 & Older years","Grady","42","12","16"
"<1 years","Grady","4","0","1"
"Unknown years","Grady","3","0","0"
"01-04 years","Greene","13","0","0"
"05-09 years","Greene","26","0","0"
"10-17 years","Greene","62","0","0"
"18-29 years","Greene","203","0","5"
"30-39 years","Greene","143","0","6"
"40-49 years","Greene","136","3","11"
"50-59 years","Greene","152","3","13"
"60-69 years","Greene","165","2","10"
"70-79 years","Greene","111","5","18"
"80 & Older years","Greene","64","13","22"
"<1 years","Greene","2","0","1"
"Unknown years","Greene","1","0","0"
"01-04 years","Gwinnett","825","0","17"
"05-09 years","Gwinnett","1306","0","15"
"10-17 years","Gwinnett","4397","1","59"
"18-29 years","Gwinnett","13694","4","466"
"30-39 years","Gwinnett","9916","12","483"
"40-49 years","Gwinnett","10640","37","639"
"50-59 years","Gwinnett","8742","63","693"
"60-69 years","Gwinnett","4768","113","690"
"70-79 years","Gwinnett","2172","137","506"
"80 & Older years","Gwinnett","1247","216","460"
"<1 years","Gwinnett","201","0","5"
"Unknown years","Gwinnett","181","0","1"
"01-04 years","Habersham","23","0","2"
"05-09 years","Habersham","43","0","3"
"10-17 years","Habersham","254","1","6"
"18-29 years","Habersham","697","0","9"
"30-39 years","Habersham","502","2","23"
"40-49 years","Habersham","536","2","32"
"50-59 years","Habersham","559","5","45"
"60-69 years","Habersham","442","12","94"
"70-79 years","Habersham","316","22","86"
"80 & Older years","Habersham","238","53","74"
"<1 years","Habersham","8","0","3"
"Unknown years","Habersham","244","0","2"
"01-04 years","Hall","137","0","5"
"05-09 years","Hall","275","0","3"
"10-17 years","Hall","1325","0","21"
"18-29 years","Hall","4129","3","128"
"30-39 years","Hall","2739","1","152"
"40-49 years","Hall","2917","7","220"
"50-59 years","Hall","3004","19","306"
"60-69 years","Hall","1981","50","315"
"70-79 years","Hall","1270","58","334"
"80 & Older years","Hall","724","104","288"
"<1 years","Hall","28","0","5"
"Unknown years","Hall","605","0","9"
"01-04 years","Hancock","4","0","0"
"05-09 years","Hancock","5","0","0"
"10-17 years","Hancock","26","0","0"
"18-29 years","Hancock","107","0","2"
"30-39 years","Hancock","96","0","2"
"40-49 years","Hancock","90","1","4"
"50-59 years","Hancock","113","3","13"
"60-69 years","Hancock","119","13","24"
"70-79 years","Hancock","63","12","18"
"80 & Older years","Hancock","56","18","19"
"<1 years","Hancock","2","0","0"
"01-04 years","Haralson","15","0","0"
"05-09 years","Haralson","26","0","0"
"10-17 years","Haralson","113","0","1"
"18-29 years","Haralson","280","0","2"
"30-39 years","Haralson","182","0","3"
"40-49 years","Haralson","181","1","5"
"50-59 years","Haralson","194","1","3"
"60-69 years","Haralson","158","10","18"
"70-79 years","Haralson","106","9","15"
"80 & Older years","Haralson","49","4","7"
"<1 years","Haralson","5","0","0"
"Unknown years","Haralson","4","0","0"
"01-04 years","Harris","20","0","0"
"05-09 years","Harris","25","0","0"
"10-17 years","Harris","131","0","2"
"18-29 years","Harris","234","0","2"
"30-39 years","Harris","165","0","5"
"40-49 years","Harris","260","2","8"
"50-59 years","Harris","259","5","20"
"60-69 years","Harris","230","10","39"
"70-79 years","Harris","121","9","29"
"80 & Older years","Harris","43","5","7"
"<1 years","Harris","5","0","0"
"Unknown years","Harris","9","0","0"
"01-04 years","Hart","10","0","0"
"05-09 years","Hart","21","0","1"
"10-17 years","Hart","70","0","0"
"18-29 years","Hart","230","0","2"
"30-39 years","Hart","187","0","7"
"40-49 years","Hart","181","0","8"
"50-59 years","Hart","217","1","15"
"60-69 years","Hart","176","8","27"
"70-79 years","Hart","103","5","18"
"80 & Older years","Hart","74","8","25"
"<1 years","Hart","3","0","1"
"Unknown years","Hart","35","0","0"
"01-04 years","Heard","8","0","0"
"05-09 years","Heard","11","0","0"
"10-17 years","Heard","46","0","1"
"18-29 years","Heard","81","0","1"
"30-39 years","Heard","42","0","1"
"40-49 years","Heard","78","0","3"
"50-59 years","Heard","74","0","5"
"60-69 years","Heard","55","3","6"
"70-79 years","Heard","41","5","11"
"80 & Older years","Heard","18","3","1"
"<1 years","Heard","2","0","0"
"Unknown years","Heard","1","0","0"
"01-04 years","Henry","121","0","4"
"05-09 years","Henry","230","0","1"
"10-17 years","Henry","870","0","5"
"18-29 years","Henry","2544","1","23"
"30-39 years","Henry","2066","4","35"
"40-49 years","Henry","2346","7","68"
"50-59 years","Henry","2197","13","92"
"60-69 years","Henry","1187","27","62"
"70-79 years","Henry","605","44","56"
"80 & Older years","Henry","319","52","41"
"<1 years","Henry","28","0","2"
"Unknown years","Henry","34","0","0"
"01-04 years","Houston","68","0","1"
"05-09 years","Houston","102","0","1"
"10-17 years","Houston","457","0","3"
"18-29 years","Houston","1551","3","28"
"30-39 years","Houston","1296","1","46"
"40-49 years","Houston","1234","4","72"
"50-59 years","Houston","1078","9","83"
"60-69 years","Houston","680","29","107"
"70-79 years","Houston","387","41","111"
"80 & Older years","Houston","203","33","65"
"<1 years","Houston","16","0","2"
"Unknown years","Houston","5","0","0"
"01-04 years","Irwin","6","0","0"
"05-09 years","Irwin","10","0","0"
"10-17 years","Irwin","50","0","0"
"18-29 years","Irwin","101","0","4"
"30-39 years","Irwin","82","0","4"
"40-49 years","Irwin","105","0","8"
"50-59 years","Irwin","89","2","8"
"60-69 years","Irwin","76","1","19"
"70-79 years","Irwin","41","3","5"
"80 & Older years","Irwin","32","6","15"
"01-04 years","Jackson","41","0","0"
"05-09 years","Jackson","101","0","1"
"10-17 years","Jackson","541","0","1"
"18-29 years","Jackson","1062","1","16"
"30-39 years","Jackson","880","1","16"
"40-49 years","Jackson","979","4","46"
"50-59 years","Jackson","930","4","52"
"60-69 years","Jackson","594","8","53"
"70-79 years","Jackson","422","17","77"
"80 & Older years","Jackson","235","32","75"
"<1 years","Jackson","12","0","2"
"Unknown years","Jackson","35","0","1"
"01-04 years","Jasper","2","0","1"
"05-09 years","Jasper","5","0","0"
"10-17 years","Jasper","22","0","0"
"18-29 years","Jasper","86","0","2"
"30-39 years","Jasper","70","0","0"
"40-49 years","Jasper","67","0","1"
"50-59 years","Jasper","96","0","8"
"60-69 years","Jasper","62","4","9"
"70-79 years","Jasper","35","2","8"
"80 & Older years","Jasper","9","0","1"
"<1 years","Jasper","2","0","0"
"01-04 years","Jeff Davis","23","0","1"
"05-09 years","Jeff Davis","23","0","0"
"10-17 years","Jeff Davis","91","0","2"
"18-29 years","Jeff Davis","205","0","3"
"30-39 years","Jeff Davis","176","0","8"
"40-49 years","Jeff Davis","172","0","11"
"50-59 years","Jeff Davis","156","6","15"
"60-69 years","Jeff Davis","107","6","21"
"70-79 years","Jeff Davis","68","12","15"
"80 & Older years","Jeff Davis","16","8","6"
"<1 years","Jeff Davis","2","0","1"
"Unknown years","Jeff Davis","5","0","0"
"01-04 years","Jefferson","17","0","0"
"05-09 years","Jefferson","29","0","0"
"10-17 years","Jefferson","71","0","0"
"18-29 years","Jefferson","199","0","3"
"30-39 years","Jefferson","154","0","7"
"40-49 years","Jefferson","166","3","11"
"50-59 years","Jefferson","216","2","20"
"60-69 years","Jefferson","192","7","26"
"70-79 years","Jefferson","122","12","31"
"80 & Older years","Jefferson","59","15","24"
"<1 years","Jefferson","4","0","0"
"Unknown years","Jefferson","8","0","0"
"01-04 years","Jenkins","8","0","0"
"05-09 years","Jenkins","15","0","0"
"10-17 years","Jenkins","42","0","0"
"18-29 years","Jenkins","91","0","2"
"30-39 years","Jenkins","62","1","4"
"40-49 years","Jenkins","87","2","10"
"50-59 years","Jenkins","90","6","16"
"60-69 years","Jenkins","71","5","11"
"70-79 years","Jenkins","48","12","21"
"80 & Older years","Jenkins","45","8","10"
"<1 years","Jenkins","2","0","0"
"Unknown years","Jenkins","1","0","1"
"01-04 years","Johnson","5","0","0"
"05-09 years","Johnson","6","0","0"
"10-17 years","Johnson","22","0","0"
"18-29 years","Johnson","92","0","2"
"30-39 years","Johnson","73","0","3"
"40-49 years","Johnson","70","1","6"
"50-59 years","Johnson","101","1","15"
"60-69 years","Johnson","106","7","16"
"70-79 years","Johnson","72","6","18"
"80 & Older years","Johnson","65","16","19"
"<1 years","Johnson","1","0","1"
"Unknown years","Johnson","4","0","0"
"01-04 years","Jones","4","0","0"
"05-09 years","Jones","16","0","0"
"10-17 years","Jones","56","0","0"
"18-29 years","Jones","272","0","5"
"30-39 years","Jones","191","0","4"
"40-49 years","Jones","163","1","7"
"50-59 years","Jones","197","1","15"
"60-69 years","Jones","131","1","15"
"70-79 years","Jones","83","7","23"
"80 & Older years","Jones","56","13","11"
"<1 years","Jones","3","0","0"
"Unknown years","Jones","2","0","0"
"01-04 years","Lamar","17","0","0"
"05-09 years","Lamar","31","0","0"
"10-17 years","Lamar","80","0","1"
"18-29 years","Lamar","141","0","1"
"30-39 years","Lamar","128","0","2"
"40-49 years","Lamar","119","1","3"
"50-59 years","Lamar","135","2","17"
"60-69 years","Lamar","126","4","15"
"70-79 years","Lamar","91","6","14"
"80 & Older years","Lamar","50","15","13"
"<1 years","Lamar","10","0","0"
"Unknown years","Lamar","9","0","0"
"01-04 years","Lanier","6","0","0"
"05-09 years","Lanier","9","0","1"
"10-17 years","Lanier","27","0","1"
"18-29 years","Lanier","92","1","1"
"30-39 years","Lanier","102","0","1"
"40-49 years","Lanier","59","1","1"
"50-59 years","Lanier","56","0","4"
"60-69 years","Lanier","32","1","2"
"70-79 years","Lanier","21","4","5"
"80 & Older years","Lanier","11","0","5"
"<1 years","Lanier","4","0","0"
"Unknown years","Lanier","1","0","0"
"01-04 years","Laurens","20","0","0"
"05-09 years","Laurens","32","0","1"
"10-17 years","Laurens","195","0","2"
"18-29 years","Laurens","510","0","7"
"30-39 years","Laurens","428","1","13"
"40-49 years","Laurens","435","3","23"
"50-59 years","Laurens","469","7","47"
"60-69 years","Laurens","387","25","66"
"70-79 years","Laurens","269","37","62"
"80 & Older years","Laurens","183","42","49"
"<1 years","Laurens","2","0","0"
"Unknown years","Laurens","24","0","0"
"01-04 years","Lee","10","0","0"
"05-09 years","Lee","18","0","2"
"10-17 years","Lee","91","0","1"
"18-29 years","Lee","205","1","9"
"30-39 years","Lee","218","1","15"
"40-49 years","Lee","225","3","22"
"50-59 years","Lee","199","6","26"
"60-69 years","Lee","138","8","19"
"70-79 years","Lee","64","10","21"
"80 & Older years","Lee","31","5","10"
"<1 years","Lee","5","0","0"
"01-04 years","Liberty","21","0","0"
"05-09 years","Liberty","34","0","1"
"10-17 years","Liberty","133","0","1"
"18-29 years","Liberty","494","1","11"
"30-39 years","Liberty","327","0","12"
"40-49 years","Liberty","300","0","14"
"50-59 years","Liberty","264","4","30"
"60-69 years","Liberty","197","9","36"
"70-79 years","Liberty","90","9","29"
"80 & Older years","Liberty","54","7","22"
"<1 years","Liberty","17","0","1"
"Unknown years","Liberty","3","0","0"
"01-04 years","Lincoln","6","0","0"
"05-09 years","Lincoln","8","0","0"
"10-17 years","Lincoln","19","0","0"
"18-29 years","Lincoln","67","0","2"
"30-39 years","Lincoln","41","0","1"
"40-49 years","Lincoln","60","0","5"
"50-59 years","Lincoln","47","1","3"
"60-69 years","Lincoln","51","4","12"
"70-79 years","Lincoln","36","1","9"
"80 & Older years","Lincoln","17","5","7"
"<1 years","Lincoln","2","0","0"
"Unknown years","Lincoln","1","0","0"
"01-04 years","Long","10","0","0"
"05-09 years","Long","6","0","0"
"10-17 years","Long","33","0","0"
"18-29 years","Long","85","0","0"
"30-39 years","Long","103","0","0"
"40-49 years","Long","70","0","5"
"50-59 years","Long","62","1","7"
"60-69 years","Long","56","1","4"
"70-79 years","Long","34","3","12"
"80 & Older years","Long","15","0","4"
"<1 years","Long","3","0","0"
"Unknown years","Long","3","0","0"
"01-04 years","Lowndes","112","0","0"
"05-09 years","Lowndes","145","0","0"
"10-17 years","Lowndes","516","0","5"
"18-29 years","Lowndes","1953","3","25"
"30-39 years","Lowndes","1016","0","15"
"40-49 years","Lowndes","872","2","35"
"50-59 years","Lowndes","746","7","46"
"60-69 years","Lowndes","517","21","57"
"70-79 years","Lowndes","275","31","45"
"80 & Older years","Lowndes","173","38","45"
"<1 years","Lowndes","21","0","0"
"Unknown years","Lowndes","21","0","0"
"01-04 years","Lumpkin","11","0","0"
"05-09 years","Lumpkin","26","0","1"
"10-17 years","Lumpkin","106","0","2"
"18-29 years","Lumpkin","530","0","8"
"30-39 years","Lumpkin","238","0","6"
"40-49 years","Lumpkin","259","0","15"
"50-59 years","Lumpkin","298","2","34"
"60-69 years","Lumpkin","299","6","41"
"70-79 years","Lumpkin","194","5","44"
"80 & Older years","Lumpkin","94","10","48"
"<1 years","Lumpkin","7","0","1"
"Unknown years","Lumpkin","40","0","1"
"01-04 years","Macon","7","0","0"
"05-09 years","Macon","9","0","0"
"10-17 years","Macon","17","0","0"
"18-29 years","Macon","70","0","3"
"30-39 years","Macon","55","0","3"
"40-49 years","Macon","71","1","6"
"50-59 years","Macon","85","3","10"
"60-69 years","Macon","56","5","19"
"70-79 years","Macon","43","2","13"
"80 & Older years","Macon","13","4","6"
"<1 years","Macon","1","0","0"
"Unknown years","Macon","2","0","0"
"01-04 years","Madison","30","0","0"
"05-09 years","Madison","34","0","0"
"10-17 years","Madison","155","0","0"
"18-29 years","Madison","336","0","2"
"30-39 years","Madison","288","0","5"
"40-49 years","Madison","291","0","13"
"50-59 years","Madison","316","2","20"
"60-69 years","Madison","209","5","27"
"70-79 years","Madison","115","8","27"
"80 & Older years","Madison","53","4","5"
"<1 years","Madison","16","0","3"
"Unknown years","Madison","13","0","0"
"01-04 years","Marion","4","0","0"
"05-09 years","Marion","4","0","0"
"10-17 years","Marion","30","0","0"
"18-29 years","Marion","48","0","0"
"30-39 years","Marion","28","0","2"
"40-49 years","Marion","46","1","5"
"50-59 years","Marion","41","3","5"
"60-69 years","Marion","32","3","3"
"70-79 years","Marion","23","1","5"
"80 & Older years","Marion","21","2","7"
"<1 years","Marion","2","0","0"
"Unknown years","Marion","2","0","0"
"01-04 years","McDuffie","14","0","0"
"05-09 years","McDuffie","16","0","0"
"10-17 years","McDuffie","73","0","0"
"18-29 years","McDuffie","207","0","3"
"30-39 years","McDuffie","169","2","4"
"40-49 years","McDuffie","174","2","12"
"50-59 years","McDuffie","176","2","21"
"60-69 years","McDuffie","141","6","23"
"70-79 years","McDuffie","85","7","34"
"80 & Older years","McDuffie","32","6","17"
"Unknown years","McDuffie","10","0","1"
"01-04 years","McIntosh","1","0","0"
"05-09 years","McIntosh","6","0","0"
"10-17 years","McIntosh","27","0","0"
"18-29 years","McIntosh","81","0","2"
"30-39 years","McIntosh","66","0","3"
"40-49 years","McIntosh","70","0","4"
"50-59 years","McIntosh","92","0","2"
"60-69 years","McIntosh","65","2","15"
"70-79 years","McIntosh","50","3","13"
"80 & Older years","McIntosh","16","3","6"
"<1 years","McIntosh","1","0","0"
"Unknown years","McIntosh","8","0","0"
"01-04 years","Meriwether","17","0","1"
"05-09 years","Meriwether","18","0","1"
"10-17 years","Meriwether","56","0","0"
"18-29 years","Meriwether","152","0","5"
"30-39 years","Meriwether","129","2","11"
"40-49 years","Meriwether","169","1","13"
"50-59 years","Meriwether","158","1","13"
"60-69 years","Meriwether","136","3","19"
"70-79 years","Meriwether","95","6","23"
"80 & Older years","Meriwether","50","7","11"
"<1 years","Meriwether","2","0","0"
"Unknown years","Meriwether","4","0","0"
"01-04 years","Miller","5","0","0"
"05-09 years","Miller","4","0","0"
"10-17 years","Miller","50","0","1"
"18-29 years","Miller","89","0","0"
"30-39 years","Miller","80","0","0"
"40-49 years","Miller","63","0","4"
"50-59 years","Miller","97","0","10"
"60-69 years","Miller","61","2","3"
"70-79 years","Miller","25","0","2"
"80 & Older years","Miller","18","0","5"
"<1 years","Miller","3","0","0"
"01-04 years","Mitchell","13","0","0"
"05-09 years","Mitchell","20","0","0"
"10-17 years","Mitchell","66","0","1"
"18-29 years","Mitchell","193","0","7"
"30-39 years","Mitchell","169","1","14"
"40-49 years","Mitchell","172","2","17"
"50-59 years","Mitchell","208","8","46"
"60-69 years","Mitchell","176","12","42"
"70-79 years","Mitchell","112","9","33"
"80 & Older years","Mitchell","92","19","26"
"<1 years","Mitchell","5","0","0"
"Unknown years","Mitchell","10","0","1"
"01-04 years","Monroe","6","0","0"
"05-09 years","Monroe","16","0","1"
"10-17 years","Monroe","64","0","0"
"18-29 years","Monroe","223","0","3"
"30-39 years","Monroe","181","0","5"
"40-49 years","Monroe","210","1","16"
"50-59 years","Monroe","232","3","17"
"60-69 years","Monroe","224","9","36"
"70-79 years","Monroe","124","16","29"
"80 & Older years","Monroe","100","32","23"
"<1 years","Monroe","3","0","1"
"01-04 years","Montgomery","9","0","0"
"05-09 years","Montgomery","5","0","0"
"10-17 years","Montgomery","35","0","1"
"18-29 years","Montgomery","135","0","1"
"30-39 years","Montgomery","83","1","3"
"40-49 years","Montgomery","103","0","2"
"50-59 years","Montgomery","86","1","5"
"60-69 years","Montgomery","78","4","11"
"70-79 years","Montgomery","39","2","5"
"80 & Older years","Montgomery","19","2","3"
"<1 years","Montgomery","1","0","0"
"Unknown years","Montgomery","1","0","0"
"01-04 years","Morgan","15","0","0"
"05-09 years","Morgan","16","0","0"
"10-17 years","Morgan","66","0","0"
"18-29 years","Morgan","173","0","4"
"30-39 years","Morgan","124","0","6"
"40-49 years","Morgan","126","0","4"
"50-59 years","Morgan","142","0","10"
"60-69 years","Morgan","102","1","7"
"70-79 years","Morgan","60","2","10"
"80 & Older years","Morgan","41","5","14"
"<1 years","Morgan","9","0","1"
"Unknown years","Morgan","2","0","0"
"01-04 years","Murray","39","0","2"
"05-09 years","Murray","61","0","2"
"10-17 years","Murray","268","0","1"
"18-29 years","Murray","610","0","5"
"30-39 years","Murray","400","1","4"
"40-49 years","Murray","502","0","18"
"50-59 years","Murray","446","5","34"
"60-69 years","Murray","314","4","46"
"70-79 years","Murray","187","17","39"
"80 & Older years","Murray","87","15","18"
"<1 years","Murray","16","0","2"
"Unknown years","Murray","5","0","0"
"01-04 years","Muscogee","159","0","5"
"05-09 years","Muscogee","220","0","0"
"10-17 years","Muscogee","583","0","3"
"18-29 years","Muscogee","2422","3","49"
"30-39 years","Muscogee","1594","2","67"
"40-49 years","Muscogee","1387","4","76"
"50-59 years","Muscogee","1422","27","160"
"60-69 years","Muscogee","1076","48","198"
"70-79 years","Muscogee","580","57","141"
"80 & Older years","Muscogee","335","64","115"
"<1 years","Muscogee","54","0","3"
"Unknown years","Muscogee","66","0","1"
"01-04 years","Newton","61","0","2"
"05-09 years","Newton","79","0","0"
"10-17 years","Newton","310","0","4"
"18-29 years","Newton","973","1","23"
"30-39 years","Newton","830","0","42"
"40-49 years","Newton","929","2","71"
"50-59 years","Newton","878","10","92"
"60-69 years","Newton","495","20","76"
"70-79 years","Newton","337","33","62"
"80 & Older years","Newton","226","59","56"
"<1 years","Newton","18","0","1"
"Unknown years","Newton","12","0","0"
"01-04 years","Non-GA Resident/Unknown State","251","0","2"
"05-09 years","Non-GA Resident/Unknown State","422","0","4"
"10-17 years","Non-GA Resident/Unknown State","1407","0","7"
"18-29 years","Non-GA Resident/Unknown State","5640","4","58"
"30-39 years","Non-GA Resident/Unknown State","3883","3","73"
"40-49 years","Non-GA Resident/Unknown State","3466","8","81"
"50-59 years","Non-GA Resident/Unknown State","3264","26","156"
"60-69 years","Non-GA Resident/Unknown State","2236","66","211"
"70-79 years","Non-GA Resident/Unknown State","1424","73","209"
"80 & Older years","Non-GA Resident/Unknown State","831","86","157"
"<1 years","Non-GA Resident/Unknown State","129","0","2"
"Unknown years","Non-GA Resident/Unknown State","861","0","3"
"01-04 years","Oconee","22","0","0"
"05-09 years","Oconee","38","0","0"
"10-17 years","Oconee","182","0","0"
"18-29 years","Oconee","417","0","3"
"30-39 years","Oconee","244","0","3"
"40-49 years","Oconee","369","0","10"
"50-59 years","Oconee","306","3","7"
"60-69 years","Oconee","211","9","23"
"70-79 years","Oconee","130","11","21"
"80 & Older years","Oconee","92","17","29"
"<1 years","Oconee","5","0","0"
"Unknown years","Oconee","4","1","0"
"01-04 years","Oglethorpe","13","0","0"
"05-09 years","Oglethorpe","21","0","0"
"10-17 years","Oglethorpe","71","0","0"
"18-29 years","Oglethorpe","150","0","1"
"30-39 years","Oglethorpe","104","1","1"
"40-49 years","Oglethorpe","136","0","5"
"50-59 years","Oglethorpe","126","1","15"
"60-69 years","Oglethorpe","106","0","12"
"70-79 years","Oglethorpe","76","3","10"
"80 & Older years","Oglethorpe","51","10","12"
"<1 years","Oglethorpe","6","0","0"
"Unknown years","Oglethorpe","6","0","0"
"01-04 years","Paulding","81","0","1"
"05-09 years","Paulding","168","0","0"
"10-17 years","Paulding","639","0","6"
"18-29 years","Paulding","1344","0","16"
"30-39 years","Paulding","1080","2","20"
"40-49 years","Paulding","1211","3","21"
"50-59 years","Paulding","1156","11","40"
"60-69 years","Paulding","612","19","44"
"70-79 years","Paulding","349","29","50"
"80 & Older years","Paulding","232","46","36"
"<1 years","Paulding","21","0","0"
"Unknown years","Paulding","32","0","0"
"01-04 years","Peach","10","0","1"
"05-09 years","Peach","15","0","0"
"10-17 years","Peach","45","0","1"
"18-29 years","Peach","300","1","7"
"30-39 years","Peach","228","0","13"
"40-49 years","Peach","191","2","13"
"50-59 years","Peach","227","4","33"
"60-69 years","Peach","188","7","36"
"70-79 years","Peach","84","7","23"
"80 & Older years","Peach","46","11","19"
"<1 years","Peach","4","0","0"
"Unknown years","Peach","1","0","0"
"01-04 years","Pickens","17","0","1"
"05-09 years","Pickens","25","0","0"
"10-17 years","Pickens","106","0","0"
"18-29 years","Pickens","269","0","5"
"30-39 years","Pickens","228","0","9"
"40-49 years","Pickens","282","0","12"
"50-59 years","Pickens","306","0","19"
"60-69 years","Pickens","237","0","25"
"70-79 years","Pickens","176","9","31"
"80 & Older years","Pickens","74","9","19"
"<1 years","Pickens","2","0","0"
"Unknown years","Pickens","7","0","0"
"01-04 years","Pierce","8","0","0"
"05-09 years","Pierce","18","0","0"
"10-17 years","Pierce","66","1","1"
"18-29 years","Pierce","183","0","5"
"30-39 years","Pierce","117","0","3"
"40-49 years","Pierce","161","0","12"
"50-59 years","Pierce","148","3","18"
"60-69 years","Pierce","120","8","31"
"70-79 years","Pierce","88","7","25"
"80 & Older years","Pierce","46","8","13"
"<1 years","Pierce","6","0","1"
"Unknown years","Pierce","4","0","0"
"01-04 years","Pike","18","0","0"
"05-09 years","Pike","15","0","0"
"10-17 years","Pike","73","0","0"
"18-29 years","Pike","108","0","4"
"30-39 years","Pike","100","0","2"
"40-49 years","Pike","139","1","8"
"50-59 years","Pike","112","2","7"
"60-69 years","Pike","79","2","15"
"70-79 years","Pike","65","6","13"
"80 & Older years","Pike","22","4","6"
"<1 years","Pike","1","0","0"
"Unknown years","Pike","4","0","0"
"01-04 years","Polk","34","0","1"
"05-09 years","Polk","51","0","0"
"10-17 years","Polk","233","0","1"
"18-29 years","Polk","604","0","9"
"30-39 years","Polk","424","0","9"
"40-49 years","Polk","448","1","32"
"50-59 years","Polk","445","6","53"
"60-69 years","Polk","276","10","50"
"70-79 years","Polk","235","16","61"
"80 & Older years","Polk","107","13","38"
"<1 years","Polk","12","0","0"
"Unknown years","Polk","25","0","0"
"01-04 years","Pulaski","2","0","0"
"05-09 years","Pulaski","6","0","0"
"10-17 years","Pulaski","30","0","1"
"18-29 years","Pulaski","56","0","1"
"30-39 years","Pulaski","67","0","2"
"40-49 years","Pulaski","72","0","6"
"50-59 years","Pulaski","87","0","6"
"60-69 years","Pulaski","74","5","8"
"70-79 years","Pulaski","46","11","15"
"80 & Older years","Pulaski","35","9","4"
"<1 years","Pulaski","1","0","0"
"Unknown years","Pulaski","2","0","0"
"01-04 years","Putnam","15","0","0"
"05-09 years","Putnam","37","0","0"
"10-17 years","Putnam","76","0","2"
"18-29 years","Putnam","211","0","2"
"30-39 years","Putnam","161","0","5"
"40-49 years","Putnam","174","1","5"
"50-59 years","Putnam","203","2","11"
"60-69 years","Putnam","191","8","22"
"70-79 years","Putnam","140","10","30"
"80 & Older years","Putnam","68","13","22"
"<1 years","Putnam","6","0","1"
"Unknown years","Putnam","1","0","0"
"01-04 years","Quitman","1","0","0"
"05-09 years","Quitman","3","0","0"
"10-17 years","Quitman","3","0","0"
"18-29 years","Quitman","10","0","0"
"30-39 years","Quitman","4","0","1"
"40-49 years","Quitman","3","0","1"
"50-59 years","Quitman","9","0","0"
"60-69 years","Quitman","18","1","3"
"70-79 years","Quitman","2","0","1"
"80 & Older years","Quitman","2","0","1"
"Unknown years","Quitman","1","0","0"
"01-04 years","Rabun","10","0","0"
"05-09 years","Rabun","14","0","0"
"10-17 years","Rabun","71","0","0"
"18-29 years","Rabun","168","0","5"
"30-39 years","Rabun","145","1","7"
"40-49 years","Rabun","149","0","6"
"50-59 years","Rabun","178","1","20"
"60-69 years","Rabun","171","3","27"
"70-79 years","Rabun","129","9","28"
"80 & Older years","Rabun","55","7","22"
"<1 years","Rabun","5","0","1"
"Unknown years","Rabun","54","0","2"
"05-09 years","Randolph","2","0","0"
"10-17 years","Randolph","4","0","0"
"18-29 years","Randolph","46","0","0"
"30-39 years","Randolph","55","2","4"
"40-49 years","Randolph","43","0","4"
"50-59 years","Randolph","77","3","17"
"60-69 years","Randolph","56","7","14"
"70-79 years","Randolph","36","3","11"
"80 & Older years","Randolph","47","15","16"
"<1 years","Randolph","1","0","0"
"Unknown years","Randolph","5","0","0"
"01-04 years","Richmond","180","0","0"
"05-09 years","Richmond","346","0","3"
"10-17 years","Richmond","948","0","8"
"18-29 years","Richmond","3246","4","45"
"30-39 years","Richmond","2450","3","59"
"40-49 years","Richmond","1949","17","88"
"50-59 years","Richmond","1997","21","150"
"60-69 years","Richmond","1407","40","178"
"70-79 years","Richmond","789","56","202"
"80 & Older years","Richmond","496","96","206"
"<1 years","Richmond","63","0","2"
"Unknown years","Richmond","21","0","0"
"01-04 years","Rockdale","39","0","0"
"05-09 years","Rockdale","80","0","0"
"10-17 years","Rockdale","238","0","8"
"18-29 years","Rockdale","807","2","44"
"30-39 years","Rockdale","651","3","62"
"40-49 years","Rockdale","722","6","78"
"50-59 years","Rockdale","717","5","102"
"60-69 years","Rockdale","447","15","95"
"70-79 years","Rockdale","258","20","89"
"80 & Older years","Rockdale","129","21","43"
"<1 years","Rockdale","5","0","0"
"Unknown years","Rockdale","4","0","0"
"01-04 years","Schley","4","0","0"
"05-09 years","Schley","3","0","0"
"10-17 years","Schley","12","0","0"
"18-29 years","Schley","40","0","2"
"30-39 years","Schley","15","0","0"
"40-49 years","Schley","25","0","2"
"50-59 years","Schley","27","0","3"
"60-69 years","Schley","24","1","8"
"70-79 years","Schley","8","0","2"
"80 & Older years","Schley","4","1","1"
"<1 years","Schley","1","0","0"
"01-04 years","Screven","4","0","0"
"05-09 years","Screven","11","0","0"
"10-17 years","Screven","45","0","0"
"18-29 years","Screven","99","0","3"
"30-39 years","Screven","88","0","2"
"40-49 years","Screven","74","1","4"
"50-59 years","Screven","78","0","10"
"60-69 years","Screven","95","1","13"
"70-79 years","Screven","54","3","11"
"80 & Older years","Screven","33","6","8"
"<1 years","Screven","3","0","0"
"Unknown years","Screven","1","0","0"
"01-04 years","Seminole","12","0","0"
"05-09 years","Seminole","11","0","0"
"10-17 years","Seminole","54","0","0"
"18-29 years","Seminole","88","0","0"
"30-39 years","Seminole","70","0","0"
"40-49 years","Seminole","79","0","5"
"50-59 years","Seminole","98","1","6"
"60-69 years","Seminole","106","1","16"
"70-79 years","Seminole","58","5","11"
"80 & Older years","Seminole","23","5","10"
"<1 years","Seminole","3","0","0"
"01-04 years","Spalding","41","0","2"
"05-09 years","Spalding","40","0","1"
"10-17 years","Spalding","135","0","2"
"18-29 years","Spalding","477","1","22"
"30-39 years","Spalding","423","2","27"
"40-49 years","Spalding","431","2","31"
"50-59 years","Spalding","456","8","57"
"60-69 years","Spalding","357","17","65"
"70-79 years","Spalding","256","27","52"
"80 & Older years","Spalding","175","34","52"
"<1 years","Spalding","5","0","0"
"Unknown years","Spalding","5","0","0"
"01-04 years","Stephens","14","0","0"
"05-09 years","Stephens","37","0","0"
"10-17 years","Stephens","132","0","1"
"18-29 years","Stephens","417","0","11"
"30-39 years","Stephens","267","0","7"
"40-49 years","Stephens","340","1","20"
"50-59 years","Stephens","361","3","31"
"60-69 years","Stephens","367","13","53"
"70-79 years","Stephens","248","16","48"
"80 & Older years","Stephens","139","19","30"
"<1 years","Stephens","4","0","0"
"Unknown years","Stephens","37","0","0"
"01-04 years","Stewart","2","0","0"
"05-09 years","Stewart","2","0","0"
"10-17 years","Stewart","9","0","0"
"18-29 years","Stewart","130","0","20"
"30-39 years","Stewart","171","1","25"
"40-49 years","Stewart","124","1","22"
"50-59 years","Stewart","69","1","11"
"60-69 years","Stewart","61","8","23"
"70-79 years","Stewart","21","2","3"
"80 & Older years","Stewart","19","4","6"
"<1 years","Stewart","1","0","0"
"Unknown years","Stewart","14","0","4"
"01-04 years","Sumter","14","0","0"
"05-09 years","Sumter","21","0","0"
"10-17 years","Sumter","51","0","2"
"18-29 years","Sumter","252","1","8"
"30-39 years","Sumter","214","1","20"
"40-49 years","Sumter","197","4","18"
"50-59 years","Sumter","234","2","37"
"60-69 years","Sumter","209","20","59"
"70-79 years","Sumter","144","21","42"
"80 & Older years","Sumter","90","24","42"
"<1 years","Sumter","5","0","0"
"Unknown years","Sumter","7","0","0"
"01-04 years","Talbot","6","0","0"
"05-09 years","Talbot","1","0","0"
"10-17 years","Talbot","22","0","0"
"18-29 years","Talbot","37","0","1"
"30-39 years","Talbot","26","0","1"
"40-49 years","Talbot","50","1","4"
"50-59 years","Talbot","46","3","5"
"60-69 years","Talbot","45","2","9"
"70-79 years","Talbot","30","2","4"
"80 & Older years","Talbot","16","2","8"
"Unknown years","Talbot","2","0","0"
"01-04 years","Taliaferro","1","0","0"
"05-09 years","Taliaferro","1","0","0"
"10-17 years","Taliaferro","6","0","0"
"18-29 years","Taliaferro","6","0","0"
"30-39 years","Taliaferro","12","0","0"
"40-49 years","Taliaferro","16","0","1"
"50-59 years","Taliaferro","8","0","0"
"60-69 years","Taliaferro","10","0","1"
"70-79 years","Taliaferro","6","0","1"
"80 & Older years","Taliaferro","2","0","1"
"01-04 years","Tattnall","22","0","0"
"05-09 years","Tattnall","30","0","0"
"10-17 years","Tattnall","117","0","0"
"18-29 years","Tattnall","260","0","1"
"30-39 years","Tattnall","216","0","3"
"40-49 years","Tattnall","219","0","6"
"50-59 years","Tattnall","222","3","18"
"60-69 years","Tattnall","192","7","26"
"70-79 years","Tattnall","85","10","30"
"80 & Older years","Tattnall","35","4","8"
"<1 years","Tattnall","4","0","0"
"Unknown years","Tattnall","10","0","1"
"01-04 years","Taylor","11","0","1"
"05-09 years","Taylor","9","0","0"
"10-17 years","Taylor","44","0","1"
"18-29 years","Taylor","63","0","1"
"30-39 years","Taylor","33","0","3"
"40-49 years","Taylor","70","1","6"
"50-59 years","Taylor","50","0","11"
"60-69 years","Taylor","46","5","12"
"70-79 years","Taylor","29","2","8"
"80 & Older years","Taylor","23","6","8"
"<1 years","Taylor","4","0","0"
"Unknown years","Taylor","2","0","0"
"01-04 years","Telfair","7","0","0"
"05-09 years","Telfair","10","0","0"
"10-17 years","Telfair","16","0","0"
"18-29 years","Telfair","123","0","3"
"30-39 years","Telfair","84","1","1"
"40-49 years","Telfair","85","0","5"
"50-59 years","Telfair","84","4","9"
"60-69 years","Telfair","91","6","16"
"70-79 years","Telfair","65","9","17"
"80 & Older years","Telfair","37","13","8"
"<1 years","Telfair","4","0","0"
"Unknown years","Telfair","3","0","0"
"01-04 years","Terrell","4","0","0"
"05-09 years","Terrell","5","0","0"
"10-17 years","Terrell","35","0","0"
"18-29 years","Terrell","56","0","1"
"30-39 years","Terrell","69","0","8"
"40-49 years","Terrell","51","0","7"
"50-59 years","Terrell","77","3","12"
"60-69 years","Terrell","84","10","30"
"70-79 years","Terrell","51","12","22"
"80 & Older years","Terrell","34","9","11"
"01-04 years","Thomas","40","0","0"
"05-09 years","Thomas","62","0","0"
"10-17 years","Thomas","192","0","1"
"18-29 years","Thomas","458","2","15"
"30-39 years","Thomas","381","1","13"
"40-49 years","Thomas","410","4","23"
"50-59 years","Thomas","424","5","30"
"60-69 years","Thomas","332","10","67"
"70-79 years","Thomas","214","26","50"
"80 & Older years","Thomas","124","35","37"
"<1 years","Thomas","11","0","1"
"Unknown years","Thomas","2","0","0"
"01-04 years","Tift","28","0","1"
"05-09 years","Tift","56","0","3"
"10-17 years","Tift","210","0","6"
"18-29 years","Tift","717","0","15"
"30-39 years","Tift","491","1","24"
"40-49 years","Tift","475","6","49"
"50-59 years","Tift","418","9","60"
"60-69 years","Tift","303","14","60"
"70-79 years","Tift","216","22","72"
"80 & Older years","Tift","114","21","47"
"<1 years","Tift","11","0","0"
"Unknown years","Tift","3","0","0"
"01-04 years","Toombs","24","0","0"
"05-09 years","Toombs","43","0","0"
"10-17 years","Toombs","171","0","1"
"18-29 years","Toombs","434","0","5"
"30-39 years","Toombs","352","0","3"
"40-49 years","Toombs","352","1","19"
"50-59 years","Toombs","333","6","19"
"60-69 years","Toombs","300","5","38"
"70-79 years","Toombs","212","23","34"
"80 & Older years","Toombs","119","28","25"
"<1 years","Toombs","3","0","0"
"Unknown years","Toombs","9","0","0"
"01-04 years","Towns","2","0","0"
"05-09 years","Towns","6","0","0"
"10-17 years","Towns","31","0","0"
"18-29 years","Towns","101","0","4"
"30-39 years","Towns","68","0","2"
"40-49 years","Towns","88","1","5"
"50-59 years","Towns","116","2","10"
"60-69 years","Towns","155","1","15"
"70-79 years","Towns","124","6","25"
"80 & Older years","Towns","77","16","31"
"Unknown years","Towns","16","0","0"
"01-04 years","Treutlen","3","0","0"
"05-09 years","Treutlen","9","0","0"
"10-17 years","Treutlen","37","0","0"
"18-29 years","Treutlen","70","0","2"
"30-39 years","Treutlen","69","0","4"
"40-49 years","Treutlen","79","0","5"
"50-59 years","Treutlen","71","1","5"
"60-69 years","Treutlen","51","3","10"
"70-79 years","Treutlen","44","7","8"
"80 & Older years","Treutlen","23","3","7"
"Unknown years","Treutlen","5","0","0"
"01-04 years","Troup","103","0","0"
"05-09 years","Troup","123","0","0"
"10-17 years","Troup","360","0","2"
"18-29 years","Troup","916","1","26"
"30-39 years","Troup","682","6","38"
"40-49 years","Troup","611","2","44"
"50-59 years","Troup","617","12","87"
"60-69 years","Troup","464","17","80"
"70-79 years","Troup","239","31","75"
"80 & Older years","Troup","201","56","53"
"<1 years","Troup","30","0","1"
"Unknown years","Troup","17","0","0"
"01-04 years","Turner","1","0","0"
"05-09 years","Turner","5","0","0"
"10-17 years","Turner","18","0","0"
"18-29 years","Turner","72","0","2"
"30-39 years","Turner","92","0","9"
"40-49 years","Turner","89","0","4"
"50-59 years","Turner","85","2","9"
"60-69 years","Turner","70","7","20"
"70-79 years","Turner","47","5","10"
"80 & Older years","Turner","31","11","10"
"<1 years","Turner","1","0","1"
"Unknown years","Turner","1","0","0"
"01-04 years","Twiggs","6","0","0"
"05-09 years","Twiggs","5","0","1"
"10-17 years","Twiggs","20","0","0"
"18-29 years","Twiggs","55","0","1"
"30-39 years","Twiggs","52","1","4"
"40-49 years","Twiggs","50","1","6"
"50-59 years","Twiggs","79","2","10"
"60-69 years","Twiggs","79","3","23"
"70-79 years","Twiggs","40","4","19"
"80 & Older years","Twiggs","19","5","9"
"01-04 years","Union","6","0","0"
"05-09 years","Union","14","0","0"
"10-17 years","Union","51","0","1"
"18-29 years","Union","193","1","1"
"30-39 years","Union","155","0","2"
"40-49 years","Union","173","0","11"
"50-59 years","Union","232","4","11"
"60-69 years","Union","276","4","33"
"70-79 years","Union","245","15","43"
"80 & Older years","Union","168","21","45"
"<1 years","Union","1","0","0"
"Unknown years","Union","24","0","0"
"01-04 years","Unknown","50","0","0"
"05-09 years","Unknown","82","0","0"
"10-17 years","Unknown","256","0","0"
"18-29 years","Unknown","926","1","5"
"30-39 years","Unknown","504","2","4"
"40-49 years","Unknown","472","1","2"
"50-59 years","Unknown","389","2","7"
"60-69 years","Unknown","254","1","9"
"70-79 years","Unknown","158","2","18"
"80 & Older years","Unknown","80","0","9"
"<1 years","Unknown","24","0","0"
"Unknown years","Unknown","289","0","3"
"01-04 years","Upson","24","0","0"
"05-09 years","Upson","36","0","0"
"10-17 years","Upson","88","0","1"
"18-29 years","Upson","234","0","5"
"30-39 years","Upson","153","1","7"
"40-49 years","Upson","188","1","9"
"50-59 years","Upson","214","5","16"
"60-69 years","Upson","186","15","25"
"70-79 years","Upson","134","25","34"
"80 & Older years","Upson","89","26","27"
"<1 years","Upson","11","0","0"
"Unknown years","Upson","15","0","0"
"01-04 years","Walker","50","0","0"
"05-09 years","Walker","81","0","0"
"10-17 years","Walker","344","0","3"
"18-29 years","Walker","749","0","8"
"30-39 years","Walker","576","0","11"
"40-49 years","Walker","665","3","22"
"50-59 years","Walker","601","2","27"
"60-69 years","Walker","529","11","47"
"70-79 years","Walker","342","21","35"
"80 & Older years","Walker","169","19","20"
"<1 years","Walker","28","0","0"
"Unknown years","Walker","129","0","8"
"01-04 years","Walton","49","0","1"
"05-09 years","Walton","98","0","1"
"10-17 years","Walton","403","0","3"
"18-29 years","Walton","936","0","22"
"30-39 years","Walton","805","0","17"
"40-49 years","Walton","879","2","43"
"50-59 years","Walton","881","5","60"
"60-69 years","Walton","591","13","58"
"70-79 years","Walton","433","25","73"
"80 & Older years","Walton","286","44","61"
"<1 years","Walton","13","0","1"
"Unknown years","Walton","10","0","0"
"01-04 years","Ware","49","0","1"
"05-09 years","Ware","49","0","0"
"10-17 years","Ware","189","0","3"
"18-29 years","Ware","457","1","5"
"30-39 years","Ware","386","1","16"
"40-49 years","Ware","302","2","22"
"50-59 years","Ware","337","9","45"
"60-69 years","Ware","246","9","47"
"70-79 years","Ware","204","28","72"
"80 & Older years","Ware","147","30","45"
"<1 years","Ware","14","0","1"
"Unknown years","Ware","9","0","1"
"01-04 years","Warren","4","0","0"
"05-09 years","Warren","2","0","0"
"10-17 years","Warren","10","0","0"
"18-29 years","Warren","39","0","2"
"30-39 years","Warren","35","0","3"
"40-49 years","Warren","34","1","4"
"50-59 years","Warren","46","1","6"
"60-69 years","Warren","31","2","7"
"70-79 years","Warren","21","2","8"
"80 & Older years","Warren","11","1","2"
"<1 years","Warren","2","0","1"
"Unknown years","Warren","2","0","0"
"01-04 years","Washington","14","0","0"
"05-09 years","Washington","17","0","0"
"10-17 years","Washington","90","0","1"
"18-29 years","Washington","203","0","6"
"30-39 years","Washington","186","0","8"
"40-49 years","Washington","213","2","11"
"50-59 years","Washington","183","1","12"
"60-69 years","Washington","181","9","22"
"70-79 years","Washington","111","5","17"
"80 & Older years","Washington","60","11","9"
"<1 years","Washington","9","0","0"
"Unknown years","Washington","4","0","0"
"01-04 years","Wayne","24","0","0"
"05-09 years","Wayne","15","0","0"
"10-17 years","Wayne","100","0","0"
"18-29 years","Wayne","318","1","7"
"30-39 years","Wayne","320","1","6"
"40-49 years","Wayne","369","1","29"
"50-59 years","Wayne","317","4","26"
"60-69 years","Wayne","243","10","45"
"70-79 years","Wayne","204","17","52"
"80 & Older years","Wayne","91","14","17"
"<1 years","Wayne","2","0","0"
"Unknown years","Wayne","4","0","0"
"10-17 years","Webster","2","0","0"
"18-29 years","Webster","12","0","1"
"30-39 years","Webster","5","0","0"
"40-49 years","Webster","12","0","2"
"50-59 years","Webster","16","2","4"
"60-69 years","Webster","18","0","4"
"70-79 years","Webster","5","0","0"
"80 & Older years","Webster","2","0","0"
"Unknown years","Webster","2","0","0"
"01-04 years","Wheeler","1","0","0"
"05-09 years","Wheeler","5","0","0"
"10-17 years","Wheeler","19","0","0"
"18-29 years","Wheeler","42","0","0"
"30-39 years","Wheeler","68","2","2"
"40-49 years","Wheeler","73","1","3"
"50-59 years","Wheeler","84","5","7"
"60-69 years","Wheeler","51","3","5"
"70-79 years","Wheeler","38","5","10"
"80 & Older years","Wheeler","8","3","1"
"<1 years","Wheeler","1","0","0"
"Unknown years","Wheeler","24","0","1"
"01-04 years","White","10","0","0"
"05-09 years","White","38","0","0"
"10-17 years","White","168","0","2"
"18-29 years","White","350","1","6"
"30-39 years","White","252","1","6"
"40-49 years","White","314","1","13"
"50-59 years","White","373","2","34"
"60-69 years","White","327","6","47"
"70-79 years","White","256","9","55"
"80 & Older years","White","152","20","56"
"<1 years","White","5","0","0"
"Unknown years","White","43","0","1"
"01-04 years","Whitfield","165","0","2"
"05-09 years","Whitfield","303","0","3"
"10-17 years","Whitfield","1050","0","4"
"18-29 years","Whitfield","2812","0","36"
"30-39 years","Whitfield","1825","4","51"
"40-49 years","Whitfield","1921","4","69"
"50-59 years","Whitfield","1665","17","91"
"60-69 years","Whitfield","1008","22","111"
"70-79 years","Whitfield","568","32","98"
"80 & Older years","Whitfield","330","53","93"
"<1 years","Whitfield","59","0","5"
"Unknown years","Whitfield","31","0","2"
"01-04 years","Wilcox","10","0","0"
"05-09 years","Wilcox","10","0","0"
"10-17 years","Wilcox","18","0","0"
"18-29 years","Wilcox","35","0","0"
"30-39 years","Wilcox","36","0","1"
"40-49 years","Wilcox","64","0","12"
"50-59 years","Wilcox","69","1","12"
"60-69 years","Wilcox","76","8","23"
"70-79 years","Wilcox","46","9","9"
"80 & Older years","Wilcox","22","7","6"
"<1 years","Wilcox","5","0","0"
"Unknown years","Wilcox","1","0","0"
"01-04 years","Wilkes","7","0","0"
"05-09 years","Wilkes","13","0","0"
"10-17 years","Wilkes","45","0","0"
"18-29 years","Wilkes","91","0","0"
"30-39 years","Wilkes","61","0","4"
"40-49 years","Wilkes","84","0","10"
"50-59 years","Wilkes","75","1","3"
"60-69 years","Wilkes","49","0","11"
"70-79 years","Wilkes","47","3","15"
"80 & Older years","Wilkes","19","4","10"
"<1 years","Wilkes","1","0","0"
"Unknown years","Wilkes","4","0","0"
"01-04 years","Wilkinson","6","0","0"
"05-09 years","Wilkinson","11","0","0"
"10-17 years","Wilkinson","21","0","0"
"18-29 years","Wilkinson","85","0","3"
"30-39 years","Wilkinson","68","0","5"
"40-49 years","Wilkinson","74","0","6"
"50-59 years","Wilkinson","126","3","22"
"60-69 years","Wilkinson","113","5","30"
"70-79 years","Wilkinson","48","6","18"
"80 & Older years","Wilkinson","31","4","13"
"01-04 years","Worth","11","0","0"
"05-09 years","Worth","12","0","0"
"10-17 years","Worth","63","0","3"
"18-29 years","Worth","151","0","7"
"30-39 years","Worth","124","0","9"
"40-49 years","Worth","132","1","12"
"50-59 years","Worth","158","4","22"
"60-69 years","Worth","163","14","42"
"70-79 years","Worth","97","10","22"
"80 & Older years","Worth","59","9","15"
"<1 years","Worth","4","0","0"
"Unknown years","Worth","1","0","0"
