"ethnicity","race","sex","cases","deaths","confirmed_case_hospitalization"
"Hispanic/ Latino","African-American/ Black","Female","210","0","10"
"Hispanic/ Latino","African-American/ Black","Male","50","1","1"
"Hispanic/ Latino","African-American/ Black","Unknown","1","0","0"
"Hispanic/ Latino","American Indian/ Alaska Native","Female","3","0","1"
"Hispanic/ Latino","American Indian/ Alaska Native","Male","1","0","0"
"Hispanic/ Latino","Asian","Female","22","0","1"
"Hispanic/ Latino","Asian","Male","5","0","0"
"Hispanic/ Latino","Native Hawaiian/ Pacific Islander","Female","10","0","0"
"Hispanic/ Latino","Native Hawaiian/ Pacific Islander","Male","1","0","0"
"Hispanic/ Latino","Other","Female","864","4","42"
"Hispanic/ Latino","Other","Male","214","1","14"
"Hispanic/ Latino","Other","Unknown","2","0","0"
"Hispanic/ Latino","Unknown","Female","324","0","11"
"Hispanic/ Latino","Unknown","Male","67","0","2"
"Hispanic/ Latino","White","Female","1383","5","51"
"Hispanic/ Latino","White","Male","308","4","10"
"Hispanic/ Latino","White","Unknown","2","0","0"
"Non-Hispanic/ Latino","African-American/ Black","Female","19580","285","1344"
"Non-Hispanic/ Latino","African-American/ Black","Male","3131","70","281"
"Non-Hispanic/ Latino","African-American/ Black","Unknown","19","0","1"
"Non-Hispanic/ Latino","American Indian/ Alaska Native","Female","26","1","2"
"Non-Hispanic/ Latino","American Indian/ Alaska Native","Male","10","2","2"
"Non-Hispanic/ Latino","Asian","Female","926","5","26"
"Non-Hispanic/ Latino","Asian","Male","357","3","18"
"Non-Hispanic/ Latino","Asian","Unknown","2","0","0"
"Non-Hispanic/ Latino","Native Hawaiian/ Pacific Islander","Female","34","0","0"
"Non-Hispanic/ Latino","Native Hawaiian/ Pacific Islander","Male","14","0","0"
"Non-Hispanic/ Latino","Other","Female","517","7","16"
"Non-Hispanic/ Latino","Other","Male","193","2","5"
"Non-Hispanic/ Latino","Other","Unknown","4","0","0"
"Non-Hispanic/ Latino","Unknown","Female","244","0","7"
"Non-Hispanic/ Latino","Unknown","Male","55","0","2"
"Non-Hispanic/ Latino","White","Female","22718","217","931"
"Non-Hispanic/ Latino","White","Male","5499","107","385"
"Non-Hispanic/ Latino","White","Unknown","27","0","0"
"Unknown","African-American/ Black","Female","487","0","17"
"Unknown","African-American/ Black","Male","100","0","3"
"Unknown","African-American/ Black","Unknown","11","0","0"
"Unknown","American Indian/ Alaska Native","Female","3","0","0"
"Unknown","American Indian/ Alaska Native","Male","3","0","0"
"Unknown","Asian","Female","66","0","1"
"Unknown","Asian","Male","28","0","1"
"Unknown","Asian","Unknown","1","0","0"
"Unknown","Native Hawaiian/ Pacific Islander","Female","4","0","1"
"Unknown","Native Hawaiian/ Pacific Islander","Male","2","0","0"
"Unknown","Native Hawaiian/ Pacific Islander","Unknown","1","0","0"
"Unknown","Other","Female","456","0","7"
"Unknown","Other","Male","146","0","1"
"Unknown","Other","Unknown","1","0","0"
"Unknown","Unknown","Female","2632","1","18"
"Unknown","Unknown","Male","1205","0","4"
"Unknown","Unknown","Unknown","120","0","5"
"Unknown","White","Female","554","0","12"
"Unknown","White","Male","160","0","5"
"Unknown","White","Unknown","5","0","0"
