"age group","county name","cases","deaths","hospitalization"
"01-04 years","Georgia","10552","1","192"
"05-09 years","Georgia","17450","2","157"
"10-17 years","Georgia","60651","7","601"
"18-29 years","Georgia","183591","102","3396"
"30-39 years","Georgia","132353","223","4439"
"40-49 years","Georgia","128792","516","6433"
"50-59 years","Georgia","122445","1395","9594"
"60-69 years","Georgia","83231","3002","11582"
"70-79 years","Georgia","48719","4406","11131"
"80 & Older years","Georgia","28417","5798","8725"
"<1 years","Georgia","2982","0","157"
"Unknown years","Georgia","5621","10","105"
"01-04 years","Appling","27","0","0"
"05-09 years","Appling","53","0","0"
"10-17 years","Appling","162","0","1"
"18-29 years","Appling","333","1","5"
"30-39 years","Appling","247","1","5"
"40-49 years","Appling","245","4","17"
"50-59 years","Appling","281","6","25"
"60-69 years","Appling","245","14","49"
"70-79 years","Appling","162","16","33"
"80 & Older years","Appling","78","18","29"
"<1 years","Appling","6","0","0"
"Unknown years","Appling","1","0","0"
"01-04 years","Atkinson","6","0","1"
"05-09 years","Atkinson","18","0","1"
"10-17 years","Atkinson","48","0","0"
"18-29 years","Atkinson","164","0","8"
"30-39 years","Atkinson","122","0","10"
"40-49 years","Atkinson","129","1","23"
"50-59 years","Atkinson","133","1","23"
"60-69 years","Atkinson","81","4","24"
"70-79 years","Atkinson","45","7","15"
"80 & Older years","Atkinson","14","5","10"
"<1 years","Atkinson","3","0","0"
"01-04 years","Bacon","17","0","0"
"05-09 years","Bacon","22","0","0"
"10-17 years","Bacon","71","0","1"
"18-29 years","Bacon","234","0","1"
"30-39 years","Bacon","131","0","4"
"40-49 years","Bacon","157","1","11"
"50-59 years","Bacon","144","2","16"
"60-69 years","Bacon","120","8","19"
"70-79 years","Bacon","76","7","15"
"80 & Older years","Bacon","38","9","7"
"<1 years","Bacon","6","0","0"
"Unknown years","Bacon","1","0","0"
"01-04 years","Baker","5","0","0"
"05-09 years","Baker","4","0","0"
"10-17 years","Baker","9","0","0"
"18-29 years","Baker","24","0","0"
"30-39 years","Baker","22","0","2"
"40-49 years","Baker","13","0","1"
"50-59 years","Baker","21","0","1"
"60-69 years","Baker","31","3","15"
"70-79 years","Baker","18","2","10"
"80 & Older years","Baker","9","3","3"
"<1 years","Baker","2","0","0"
"01-04 years","Baldwin","30","0","0"
"05-09 years","Baldwin","52","0","0"
"10-17 years","Baldwin","184","1","5"
"18-29 years","Baldwin","1250","0","15"
"30-39 years","Baldwin","454","1","15"
"40-49 years","Baldwin","470","2","29"
"50-59 years","Baldwin","481","12","54"
"60-69 years","Baldwin","379","22","69"
"70-79 years","Baldwin","255","25","55"
"80 & Older years","Baldwin","155","43","60"
"<1 years","Baldwin","13","0","0"
"01-04 years","Banks","9","0","0"
"05-09 years","Banks","24","0","1"
"10-17 years","Banks","101","0","2"
"18-29 years","Banks","289","0","7"
"30-39 years","Banks","199","0","5"
"40-49 years","Banks","220","0","15"
"50-59 years","Banks","244","1","23"
"60-69 years","Banks","202","5","41"
"70-79 years","Banks","150","15","54"
"80 & Older years","Banks","80","12","28"
"<1 years","Banks","5","0","1"
"Unknown years","Banks","36","0","1"
"01-04 years","Barrow","85","0","0"
"05-09 years","Barrow","156","0","0"
"10-17 years","Barrow","604","0","7"
"18-29 years","Barrow","1641","2","34"
"30-39 years","Barrow","1400","1","42"
"40-49 years","Barrow","1424","4","61"
"50-59 years","Barrow","1201","7","96"
"60-69 years","Barrow","809","24","133"
"70-79 years","Barrow","482","33","100"
"80 & Older years","Barrow","234","46","85"
"<1 years","Barrow","29","0","2"
"Unknown years","Barrow","26","1","1"
"01-04 years","Bartow","96","0","3"
"05-09 years","Bartow","203","0","2"
"10-17 years","Bartow","881","0","12"
"18-29 years","Bartow","1961","0","22"
"30-39 years","Bartow","1578","4","43"
"40-49 years","Bartow","1647","1","74"
"50-59 years","Bartow","1695","14","134"
"60-69 years","Bartow","1008","32","148"
"70-79 years","Bartow","695","63","171"
"80 & Older years","Bartow","337","70","116"
"<1 years","Bartow","34","0","1"
"Unknown years","Bartow","155","0","7"
"01-04 years","Ben Hill","28","0","1"
"05-09 years","Ben Hill","19","0","0"
"10-17 years","Ben Hill","98","0","0"
"18-29 years","Ben Hill","257","0","4"
"30-39 years","Ben Hill","212","3","9"
"40-49 years","Ben Hill","196","1","10"
"50-59 years","Ben Hill","238","4","29"
"60-69 years","Ben Hill","199","12","27"
"70-79 years","Ben Hill","143","19","51"
"80 & Older years","Ben Hill","68","16","17"
"<1 years","Ben Hill","5","0","0"
"Unknown years","Ben Hill","2","0","0"
"01-04 years","Berrien","15","0","0"
"05-09 years","Berrien","22","0","0"
"10-17 years","Berrien","89","0","1"
"18-29 years","Berrien","193","0","0"
"30-39 years","Berrien","152","0","3"
"40-49 years","Berrien","135","0","4"
"50-59 years","Berrien","161","2","16"
"60-69 years","Berrien","120","8","17"
"70-79 years","Berrien","78","9","14"
"80 & Older years","Berrien","47","10","13"
"<1 years","Berrien","2","0","0"
"Unknown years","Berrien","1","0","0"
"01-04 years","Bibb","134","0","5"
"05-09 years","Bibb","183","0","0"
"10-17 years","Bibb","630","0","8"
"18-29 years","Bibb","2858","1","77"
"30-39 years","Bibb","2017","6","104"
"40-49 years","Bibb","2041","14","190"
"50-59 years","Bibb","1906","23","258"
"60-69 years","Bibb","1526","80","392"
"70-79 years","Bibb","933","105","342"
"80 & Older years","Bibb","585","132","281"
"<1 years","Bibb","44","0","4"
"Unknown years","Bibb","22","0","0"
"01-04 years","Bleckley","5","0","0"
"05-09 years","Bleckley","16","0","0"
"10-17 years","Bleckley","70","0","0"
"18-29 years","Bleckley","187","0","3"
"30-39 years","Bleckley","91","0","2"
"40-49 years","Bleckley","104","1","2"
"50-59 years","Bleckley","103","2","4"
"60-69 years","Bleckley","81","7","10"
"70-79 years","Bleckley","62","5","12"
"80 & Older years","Bleckley","61","18","12"
"<1 years","Bleckley","3","0","0"
"01-04 years","Brantley","12","0","0"
"05-09 years","Brantley","12","0","0"
"10-17 years","Brantley","81","0","1"
"18-29 years","Brantley","152","0","1"
"30-39 years","Brantley","112","0","4"
"40-49 years","Brantley","121","1","5"
"50-59 years","Brantley","141","2","13"
"60-69 years","Brantley","110","4","13"
"70-79 years","Brantley","86","12","20"
"80 & Older years","Brantley","47","8","10"
"<1 years","Brantley","1","0","0"
"01-04 years","Brooks","15","0","1"
"05-09 years","Brooks","23","0","0"
"10-17 years","Brooks","85","0","0"
"18-29 years","Brooks","166","0","1"
"30-39 years","Brooks","122","0","2"
"40-49 years","Brooks","113","1","11"
"50-59 years","Brooks","141","2","19"
"60-69 years","Brooks","98","6","16"
"70-79 years","Brooks","84","10","20"
"80 & Older years","Brooks","56","18","15"
"<1 years","Brooks","4","0","0"
"01-04 years","Bryan","46","0","0"
"05-09 years","Bryan","71","0","0"
"10-17 years","Bryan","243","0","3"
"18-29 years","Bryan","498","0","12"
"30-39 years","Bryan","405","1","9"
"40-49 years","Bryan","448","0","14"
"50-59 years","Bryan","337","5","29"
"60-69 years","Bryan","236","9","28"
"70-79 years","Bryan","153","8","50"
"80 & Older years","Bryan","65","7","25"
"<1 years","Bryan","13","0","0"
"Unknown years","Bryan","2","0","0"
"01-04 years","Bulloch","56","0","0"
"05-09 years","Bulloch","102","0","0"
"10-17 years","Bulloch","356","0","2"
"18-29 years","Bulloch","2194","0","9"
"30-39 years","Bulloch","619","4","21"
"40-49 years","Bulloch","537","2","25"
"50-59 years","Bulloch","513","5","31"
"60-69 years","Bulloch","376","13","43"
"70-79 years","Bulloch","192","13","37"
"80 & Older years","Bulloch","106","13","35"
"<1 years","Bulloch","23","0","2"
"Unknown years","Bulloch","5","0","0"
"01-04 years","Burke","21","0","0"
"05-09 years","Burke","43","0","0"
"10-17 years","Burke","125","0","1"
"18-29 years","Burke","330","1","7"
"30-39 years","Burke","251","1","8"
"40-49 years","Burke","282","2","14"
"50-59 years","Burke","257","2","32"
"60-69 years","Burke","202","5","36"
"70-79 years","Burke","118","11","31"
"80 & Older years","Burke","39","9","14"
"<1 years","Burke","6","0","0"
"Unknown years","Burke","2","0","0"
"01-04 years","Butts","23","0","3"
"05-09 years","Butts","23","0","0"
"10-17 years","Butts","108","0","1"
"18-29 years","Butts","357","0","6"
"30-39 years","Butts","316","0","7"
"40-49 years","Butts","310","3","13"
"50-59 years","Butts","332","5","21"
"60-69 years","Butts","250","15","30"
"70-79 years","Butts","175","20","22"
"80 & Older years","Butts","105","26","6"
"<1 years","Butts","5","0","1"
"Unknown years","Butts","6","0","0"
"01-04 years","Calhoun","6","0","0"
"05-09 years","Calhoun","1","0","0"
"10-17 years","Calhoun","38","0","0"
"18-29 years","Calhoun","70","0","6"
"30-39 years","Calhoun","59","2","6"
"40-49 years","Calhoun","80","2","9"
"50-59 years","Calhoun","78","2","17"
"60-69 years","Calhoun","74","2","19"
"70-79 years","Calhoun","22","5","8"
"80 & Older years","Calhoun","15","2","8"
"<1 years","Calhoun","3","0","0"
"Unknown years","Calhoun","1","0","0"
"01-04 years","Camden","44","0","0"
"05-09 years","Camden","44","0","1"
"10-17 years","Camden","230","0","1"
"18-29 years","Camden","748","0","4"
"30-39 years","Camden","505","1","16"
"40-49 years","Camden","408","1","11"
"50-59 years","Camden","463","1","17"
"60-69 years","Camden","341","8","25"
"70-79 years","Camden","199","4","22"
"80 & Older years","Camden","90","13","22"
"<1 years","Camden","9","0","1"
"Unknown years","Camden","1","0","0"
"01-04 years","Candler","9","0","0"
"05-09 years","Candler","12","0","0"
"10-17 years","Candler","54","0","0"
"18-29 years","Candler","127","0","0"
"30-39 years","Candler","94","0","3"
"40-49 years","Candler","116","2","3"
"50-59 years","Candler","122","5","10"
"60-69 years","Candler","97","8","14"
"70-79 years","Candler","63","12","19"
"80 & Older years","Candler","28","6","11"
"<1 years","Candler","4","0","0"
"Unknown years","Candler","1","0","0"
"01-04 years","Carroll","87","0","1"
"05-09 years","Carroll","130","0","1"
"10-17 years","Carroll","590","0","6"
"18-29 years","Carroll","1658","0","12"
"30-39 years","Carroll","1028","4","18"
"40-49 years","Carroll","1010","4","28"
"50-59 years","Carroll","1031","11","52"
"60-69 years","Carroll","737","25","70"
"70-79 years","Carroll","442","31","60"
"80 & Older years","Carroll","267","49","44"
"<1 years","Carroll","25","0","0"
"Unknown years","Carroll","14","0","0"
"01-04 years","Catoosa","82","0","0"
"05-09 years","Catoosa","123","0","1"
"10-17 years","Catoosa","441","0","2"
"18-29 years","Catoosa","938","0","8"
"30-39 years","Catoosa","702","1","10"
"40-49 years","Catoosa","812","1","14"
"50-59 years","Catoosa","761","5","30"
"60-69 years","Catoosa","550","7","57"
"70-79 years","Catoosa","343","15","52"
"80 & Older years","Catoosa","237","30","48"
"<1 years","Catoosa","33","0","1"
"Unknown years","Catoosa","145","0","10"
"01-04 years","Charlton","12","0","0"
"05-09 years","Charlton","26","0","0"
"10-17 years","Charlton","62","0","0"
"18-29 years","Charlton","181","0","1"
"30-39 years","Charlton","200","0","4"
"40-49 years","Charlton","173","2","8"
"50-59 years","Charlton","144","1","5"
"60-69 years","Charlton","137","5","15"
"70-79 years","Charlton","50","5","10"
"80 & Older years","Charlton","30","6","13"
"<1 years","Charlton","2","0","0"
"Unknown years","Charlton","1","0","0"
"01-04 years","Chatham","372","0","3"
"05-09 years","Chatham","445","1","1"
"10-17 years","Chatham","1257","0","13"
"18-29 years","Chatham","4667","2","55"
"30-39 years","Chatham","3237","5","109"
"40-49 years","Chatham","2642","12","146"
"50-59 years","Chatham","2382","33","228"
"60-69 years","Chatham","1948","68","332"
"70-79 years","Chatham","1045","106","331"
"80 & Older years","Chatham","647","126","280"
"<1 years","Chatham","99","0","4"
"Unknown years","Chatham","10","0","1"
"01-04 years","Chattahoochee","8","0","0"
"05-09 years","Chattahoochee","7","0","0"
"10-17 years","Chattahoochee","114","0","2"
"18-29 years","Chattahoochee","2211","7","4"
"30-39 years","Chattahoochee","235","2","3"
"40-49 years","Chattahoochee","55","0","0"
"50-59 years","Chattahoochee","23","0","5"
"60-69 years","Chattahoochee","19","0","4"
"70-79 years","Chattahoochee","8","0","2"
"80 & Older years","Chattahoochee","7","1","3"
"<1 years","Chattahoochee","9","0","0"
"Unknown years","Chattahoochee","3","0","0"
"01-04 years","Chattooga","12","0","0"
"05-09 years","Chattooga","26","0","0"
"10-17 years","Chattooga","180","0","1"
"18-29 years","Chattooga","361","0","4"
"30-39 years","Chattooga","284","0","8"
"40-49 years","Chattooga","322","2","14"
"50-59 years","Chattooga","322","5","18"
"60-69 years","Chattooga","275","14","39"
"70-79 years","Chattooga","167","16","42"
"80 & Older years","Chattooga","116","23","32"
"<1 years","Chattooga","9","0","1"
"Unknown years","Chattooga","31","0","1"
"01-04 years","Cherokee","216","0","7"
"05-09 years","Cherokee","506","0","7"
"10-17 years","Cherokee","2059","0","13"
"18-29 years","Cherokee","4062","1","67"
"30-39 years","Cherokee","2926","2","92"
"40-49 years","Cherokee","3303","4","106"
"50-59 years","Cherokee","3282","19","176"
"60-69 years","Cherokee","1969","36","213"
"70-79 years","Cherokee","1267","70","234"
"80 & Older years","Cherokee","780","130","212"
"<1 years","Cherokee","40","0","1"
"Unknown years","Cherokee","70","0","2"
"01-04 years","Clarke","157","0","1"
"05-09 years","Clarke","192","0","2"
"10-17 years","Clarke","566","0","5"
"18-29 years","Clarke","5787","1","36"
"30-39 years","Clarke","1534","2","33"
"40-49 years","Clarke","1235","2","49"
"50-59 years","Clarke","1120","7","70"
"60-69 years","Clarke","753","18","92"
"70-79 years","Clarke","455","43","110"
"80 & Older years","Clarke","236","42","68"
"<1 years","Clarke","44","0","2"
"Unknown years","Clarke","41","1","1"
"01-04 years","Clay","3","0","0"
"05-09 years","Clay","2","0","0"
"10-17 years","Clay","16","0","0"
"18-29 years","Clay","27","0","0"
"30-39 years","Clay","30","0","1"
"40-49 years","Clay","28","0","1"
"50-59 years","Clay","17","0","1"
"60-69 years","Clay","24","1","2"
"70-79 years","Clay","18","0","0"
"80 & Older years","Clay","14","2","5"
"Unknown years","Clay","1","0","0"
"01-04 years","Clayton","360","0","8"
"05-09 years","Clayton","562","1","8"
"10-17 years","Clayton","1443","0","29"
"18-29 years","Clayton","4521","5","95"
"30-39 years","Clayton","3871","9","146"
"40-49 years","Clayton","3546","23","173"
"50-59 years","Clayton","3365","47","252"
"60-69 years","Clayton","2124","100","236"
"70-79 years","Clayton","910","94","168"
"80 & Older years","Clayton","455","97","113"
"<1 years","Clayton","83","0","3"
"Unknown years","Clayton","61","0","3"
"01-04 years","Clinch","14","0","0"
"05-09 years","Clinch","20","0","0"
"10-17 years","Clinch","74","0","0"
"18-29 years","Clinch","131","0","2"
"30-39 years","Clinch","101","1","4"
"40-49 years","Clinch","96","0","4"
"50-59 years","Clinch","94","2","14"
"60-69 years","Clinch","103","7","15"
"70-79 years","Clinch","52","9","18"
"80 & Older years","Clinch","18","5","6"
"<1 years","Clinch","4","0","0"
"Unknown years","Clinch","1","0","0"
"01-04 years","Cobb","672","1","15"
"05-09 years","Cobb","1198","0","9"
"10-17 years","Cobb","3944","0","34"
"18-29 years","Cobb","13952","5","220"
"30-39 years","Cobb","9403","14","229"
"40-49 years","Cobb","9003","30","376"
"50-59 years","Cobb","7969","57","497"
"60-69 years","Cobb","4918","121","491"
"70-79 years","Cobb","2729","267","489"
"80 & Older years","Cobb","1709","369","455"
"<1 years","Cobb","180","0","11"
"Unknown years","Cobb","164","0","4"
"01-04 years","Coffee","74","0","2"
"05-09 years","Coffee","94","0","4"
"10-17 years","Coffee","282","0","4"
"18-29 years","Coffee","802","0","22"
"30-39 years","Coffee","603","4","42"
"40-49 years","Coffee","670","5","85"
"50-59 years","Coffee","665","10","132"
"60-69 years","Coffee","527","31","131"
"70-79 years","Coffee","279","36","122"
"80 & Older years","Coffee","153","38","87"
"<1 years","Coffee","13","0","0"
"01-04 years","Colquitt","48","0","0"
"05-09 years","Colquitt","102","0","1"
"10-17 years","Colquitt","354","0","5"
"18-29 years","Colquitt","695","0","18"
"30-39 years","Colquitt","479","0","16"
"40-49 years","Colquitt","507","6","36"
"50-59 years","Colquitt","466","14","39"
"60-69 years","Colquitt","328","13","41"
"70-79 years","Colquitt","198","12","45"
"80 & Older years","Colquitt","134","22","29"
"<1 years","Colquitt","15","0","0"
"Unknown years","Colquitt","7","0","0"
"01-04 years","Columbia","128","0","2"
"05-09 years","Columbia","279","0","0"
"10-17 years","Columbia","1042","0","1"
"18-29 years","Columbia","2145","1","21"
"30-39 years","Columbia","1917","2","25"
"40-49 years","Columbia","1736","7","45"
"50-59 years","Columbia","1497","14","67"
"60-69 years","Columbia","960","25","92"
"70-79 years","Columbia","517","41","103"
"80 & Older years","Columbia","295","62","91"
"<1 years","Columbia","32","0","1"
"Unknown years","Columbia","20","0","0"
"01-04 years","Cook","13","0","1"
"05-09 years","Cook","23","0","0"
"10-17 years","Cook","93","0","1"
"18-29 years","Cook","226","0","6"
"30-39 years","Cook","168","0","4"
"40-49 years","Cook","175","0","14"
"50-59 years","Cook","160","2","17"
"60-69 years","Cook","123","7","18"
"70-79 years","Cook","98","10","28"
"80 & Older years","Cook","54","16","15"
"<1 years","Cook","6","0","0"
"Unknown years","Cook","2","0","0"
"01-04 years","Coweta","101","0","0"
"05-09 years","Coweta","179","0","0"
"10-17 years","Coweta","601","0","4"
"18-29 years","Coweta","1514","1","14"
"30-39 years","Coweta","1181","2","23"
"40-49 years","Coweta","1263","8","35"
"50-59 years","Coweta","1448","20","55"
"60-69 years","Coweta","908","30","54"
"70-79 years","Coweta","563","40","65"
"80 & Older years","Coweta","313","57","35"
"<1 years","Coweta","27","0","1"
"Unknown years","Coweta","21","0","0"
"01-04 years","Crawford","2","0","0"
"05-09 years","Crawford","2","0","0"
"10-17 years","Crawford","28","0","1"
"18-29 years","Crawford","74","0","2"
"30-39 years","Crawford","68","0","6"
"40-49 years","Crawford","58","1","3"
"50-59 years","Crawford","110","3","14"
"60-69 years","Crawford","98","4","15"
"70-79 years","Crawford","41","5","14"
"80 & Older years","Crawford","22","1","7"
"01-04 years","Crisp","20","0","0"
"05-09 years","Crisp","27","0","0"
"10-17 years","Crisp","98","0","1"
"18-29 years","Crisp","211","0","7"
"30-39 years","Crisp","205","1","14"
"40-49 years","Crisp","188","1","18"
"50-59 years","Crisp","192","5","26"
"60-69 years","Crisp","186","13","36"
"70-79 years","Crisp","99","9","32"
"80 & Older years","Crisp","70","15","17"
"<1 years","Crisp","7","0","0"
"Unknown years","Crisp","14","0","0"
"01-04 years","Dade","13","0","0"
"05-09 years","Dade","35","0","0"
"10-17 years","Dade","90","0","0"
"18-29 years","Dade","205","0","1"
"30-39 years","Dade","143","0","2"
"40-49 years","Dade","173","0","7"
"50-59 years","Dade","159","1","8"
"60-69 years","Dade","124","1","7"
"70-79 years","Dade","84","5","16"
"80 & Older years","Dade","50","2","9"
"<1 years","Dade","7","0","0"
"Unknown years","Dade","35","0","1"
"01-04 years","Dawson","24","0","0"
"05-09 years","Dawson","48","0","0"
"10-17 years","Dawson","187","0","4"
"18-29 years","Dawson","515","0","13"
"30-39 years","Dawson","372","0","12"
"40-49 years","Dawson","345","0","23"
"50-59 years","Dawson","408","2","29"
"60-69 years","Dawson","324","5","66"
"70-79 years","Dawson","201","15","47"
"80 & Older years","Dawson","84","12","28"
"<1 years","Dawson","8","0","1"
"Unknown years","Dawson","42","0","2"
"01-04 years","DeKalb","740","0","21"
"05-09 years","DeKalb","1070","0","18"
"10-17 years","DeKalb","3041","0","55"
"18-29 years","DeKalb","11964","10","334"
"30-39 years","DeKalb","10361","16","484"
"40-49 years","DeKalb","8278","30","548"
"50-59 years","DeKalb","7527","86","756"
"60-69 years","DeKalb","4808","147","814"
"70-79 years","DeKalb","2430","213","648"
"80 & Older years","DeKalb","1520","290","475"
"<1 years","DeKalb","166","0","7"
"Unknown years","DeKalb","298","0","7"
"01-04 years","Decatur","48","0","1"
"05-09 years","Decatur","61","0","0"
"10-17 years","Decatur","203","0","0"
"18-29 years","Decatur","405","1","8"
"30-39 years","Decatur","317","1","8"
"40-49 years","Decatur","308","1","18"
"50-59 years","Decatur","258","5","27"
"60-69 years","Decatur","214","10","29"
"70-79 years","Decatur","138","19","25"
"80 & Older years","Decatur","96","16","21"
"<1 years","Decatur","9","0","0"
"Unknown years","Decatur","1","0","0"
"01-04 years","Dodge","7","0","0"
"05-09 years","Dodge","17","0","0"
"10-17 years","Dodge","85","1","1"
"18-29 years","Dodge","198","0","4"
"30-39 years","Dodge","147","0","4"
"40-49 years","Dodge","152","1","10"
"50-59 years","Dodge","179","5","18"
"60-69 years","Dodge","151","16","29"
"70-79 years","Dodge","82","16","21"
"80 & Older years","Dodge","56","17","17"
"<1 years","Dodge","3","0","0"
"Unknown years","Dodge","1","1","0"
"01-04 years","Dooly","12","0","0"
"05-09 years","Dooly","12","0","0"
"10-17 years","Dooly","49","0","1"
"18-29 years","Dooly","103","0","5"
"30-39 years","Dooly","96","0","9"
"40-49 years","Dooly","125","0","9"
"50-59 years","Dooly","138","5","17"
"60-69 years","Dooly","122","10","23"
"70-79 years","Dooly","64","7","14"
"80 & Older years","Dooly","22","6","6"
"<1 years","Dooly","3","0","0"
"Unknown years","Dooly","3","0","0"
"01-04 years","Dougherty","59","0","3"
"05-09 years","Dougherty","104","0","0"
"10-17 years","Dougherty","233","0","4"
"18-29 years","Dougherty","942","2","78"
"30-39 years","Dougherty","774","4","73"
"40-49 years","Dougherty","803","15","110"
"50-59 years","Dougherty","876","25","161"
"60-69 years","Dougherty","757","70","241"
"70-79 years","Dougherty","453","62","175"
"80 & Older years","Dougherty","260","88","122"
"<1 years","Dougherty","26","0","1"
"Unknown years","Dougherty","8","0","0"
"01-04 years","Douglas","153","0","4"
"05-09 years","Douglas","265","0","4"
"10-17 years","Douglas","858","0","5"
"18-29 years","Douglas","2157","0","46"
"30-39 years","Douglas","1739","3","61"
"40-49 years","Douglas","2036","6","105"
"50-59 years","Douglas","1794","19","145"
"60-69 years","Douglas","1046","32","160"
"70-79 years","Douglas","555","52","131"
"80 & Older years","Douglas","275","43","86"
"<1 years","Douglas","30","0","5"
"Unknown years","Douglas","22","0","1"
"01-04 years","Early","19","0","0"
"05-09 years","Early","18","0","0"
"10-17 years","Early","86","0","0"
"18-29 years","Early","144","0","4"
"30-39 years","Early","146","0","4"
"40-49 years","Early","167","1","9"
"50-59 years","Early","160","3","10"
"60-69 years","Early","117","11","13"
"70-79 years","Early","75","14","15"
"80 & Older years","Early","41","12","12"
"<1 years","Early","2","0","0"
"01-04 years","Echols","8","0","0"
"05-09 years","Echols","5","0","0"
"10-17 years","Echols","26","0","1"
"18-29 years","Echols","130","0","1"
"30-39 years","Echols","59","0","2"
"40-49 years","Echols","40","0","1"
"50-59 years","Echols","43","0","2"
"60-69 years","Echols","22","0","0"
"70-79 years","Echols","17","2","3"
"80 & Older years","Echols","3","1","2"
"<1 years","Echols","1","0","0"
"01-04 years","Effingham","49","0","2"
"05-09 years","Effingham","115","0","1"
"10-17 years","Effingham","383","0","0"
"18-29 years","Effingham","656","0","4"
"30-39 years","Effingham","606","1","13"
"40-49 years","Effingham","554","0","26"
"50-59 years","Effingham","566","12","40"
"60-69 years","Effingham","374","7","57"
"70-79 years","Effingham","219","19","54"
"80 & Older years","Effingham","93","20","30"
"<1 years","Effingham","9","0","0"
"Unknown years","Effingham","1","0","0"
"01-04 years","Elbert","18","0","0"
"05-09 years","Elbert","29","0","0"
"10-17 years","Elbert","85","0","1"
"18-29 years","Elbert","258","0","1"
"30-39 years","Elbert","184","0","8"
"40-49 years","Elbert","212","1","9"
"50-59 years","Elbert","227","1","13"
"60-69 years","Elbert","181","5","22"
"70-79 years","Elbert","157","17","33"
"80 & Older years","Elbert","124","26","31"
"<1 years","Elbert","8","0","2"
"Unknown years","Elbert","9","0","0"
"01-04 years","Emanuel","25","0","1"
"05-09 years","Emanuel","22","0","0"
"10-17 years","Emanuel","165","0","2"
"18-29 years","Emanuel","306","1","0"
"30-39 years","Emanuel","227","0","7"
"40-49 years","Emanuel","278","1","7"
"50-59 years","Emanuel","252","6","26"
"60-69 years","Emanuel","219","9","30"
"70-79 years","Emanuel","128","15","26"
"80 & Older years","Emanuel","61","19","20"
"<1 years","Emanuel","5","0","0"
"Unknown years","Emanuel","10","0","1"
"01-04 years","Evans","11","0","0"
"05-09 years","Evans","20","0","0"
"10-17 years","Evans","85","0","0"
"18-29 years","Evans","146","1","3"
"30-39 years","Evans","125","0","3"
"40-49 years","Evans","107","0","9"
"50-59 years","Evans","107","3","16"
"60-69 years","Evans","66","4","15"
"70-79 years","Evans","48","5","14"
"80 & Older years","Evans","19","2","10"
"<1 years","Evans","2","0","0"
"Unknown years","Evans","1","0","0"
"01-04 years","Fannin","15","0","0"
"05-09 years","Fannin","28","0","0"
"10-17 years","Fannin","121","0","0"
"18-29 years","Fannin","282","1","4"
"30-39 years","Fannin","222","0","7"
"40-49 years","Fannin","248","1","9"
"50-59 years","Fannin","340","4","22"
"60-69 years","Fannin","330","6","34"
"70-79 years","Fannin","233","11","39"
"80 & Older years","Fannin","141","28","44"
"<1 years","Fannin","4","0","0"
"Unknown years","Fannin","17","0","0"
"01-04 years","Fayette","60","0","0"
"05-09 years","Fayette","126","0","1"
"10-17 years","Fayette","495","0","2"
"18-29 years","Fayette","1140","0","7"
"30-39 years","Fayette","742","1","7"
"40-49 years","Fayette","1009","1","23"
"50-59 years","Fayette","1079","7","38"
"60-69 years","Fayette","814","18","46"
"70-79 years","Fayette","412","50","65"
"80 & Older years","Fayette","276","54","37"
"<1 years","Fayette","12","0","0"
"Unknown years","Fayette","27","0","0"
"01-04 years","Floyd","115","0","3"
"05-09 years","Floyd","197","0","1"
"10-17 years","Floyd","876","0","11"
"18-29 years","Floyd","1925","0","24"
"30-39 years","Floyd","1396","3","49"
"40-49 years","Floyd","1378","5","79"
"50-59 years","Floyd","1316","21","137"
"60-69 years","Floyd","959","31","170"
"70-79 years","Floyd","661","44","179"
"80 & Older years","Floyd","380","61","139"
"<1 years","Floyd","46","0","2"
"Unknown years","Floyd","134","0","4"
"01-04 years","Forsyth","207","0","1"
"05-09 years","Forsyth","510","0","2"
"10-17 years","Forsyth","1864","0","6"
"18-29 years","Forsyth","2950","0","42"
"30-39 years","Forsyth","2148","1","57"
"40-49 years","Forsyth","2765","4","114"
"50-59 years","Forsyth","2576","10","154"
"60-69 years","Forsyth","1344","16","140"
"70-79 years","Forsyth","808","55","211"
"80 & Older years","Forsyth","489","67","152"
"<1 years","Forsyth","46","0","3"
"Unknown years","Forsyth","605","0","3"
"01-04 years","Franklin","16","0","1"
"05-09 years","Franklin","53","0","0"
"10-17 years","Franklin","174","0","5"
"18-29 years","Franklin","419","0","10"
"30-39 years","Franklin","289","0","3"
"40-49 years","Franklin","334","0","13"
"50-59 years","Franklin","338","0","21"
"60-69 years","Franklin","298","3","33"
"70-79 years","Franklin","173","18","33"
"80 & Older years","Franklin","83","16","24"
"<1 years","Franklin","8","0","1"
"Unknown years","Franklin","92","0","2"
"01-04 years","Fulton","907","0","20"
"05-09 years","Fulton","1508","0","12"
"10-17 years","Fulton","4783","1","41"
"18-29 years","Fulton","19659","5","312"
"30-39 years","Fulton","14385","19","455"
"40-49 years","Fulton","11477","35","538"
"50-59 years","Fulton","10261","93","761"
"60-69 years","Fulton","6107","194","744"
"70-79 years","Fulton","3293","279","687"
"80 & Older years","Fulton","2339","453","689"
"<1 years","Fulton","201","0","8"
"Unknown years","Fulton","148","0","2"
"01-04 years","Gilmer","29","0","2"
"05-09 years","Gilmer","38","0","0"
"10-17 years","Gilmer","178","0","2"
"18-29 years","Gilmer","341","0","9"
"30-39 years","Gilmer","304","0","14"
"40-49 years","Gilmer","338","0","16"
"50-59 years","Gilmer","363","9","25"
"60-69 years","Gilmer","347","8","39"
"70-79 years","Gilmer","241","15","47"
"80 & Older years","Gilmer","135","34","39"
"<1 years","Gilmer","11","0","0"
"Unknown years","Gilmer","43","0","0"
"01-04 years","Glascock","1","0","0"
"05-09 years","Glascock","3","0","0"
"10-17 years","Glascock","1","0","0"
"18-29 years","Glascock","22","0","1"
"30-39 years","Glascock","16","0","0"
"40-49 years","Glascock","21","0","1"
"50-59 years","Glascock","27","2","3"
"60-69 years","Glascock","14","0","2"
"70-79 years","Glascock","24","3","7"
"80 & Older years","Glascock","9","2","5"
"<1 years","Glascock","1","0","0"
"Unknown years","Glascock","1","0","0"
"01-04 years","Glynn","91","0","1"
"05-09 years","Glynn","174","0","1"
"10-17 years","Glynn","558","0","0"
"18-29 years","Glynn","1353","0","23"
"30-39 years","Glynn","1042","4","27"
"40-49 years","Glynn","885","4","34"
"50-59 years","Glynn","856","9","66"
"60-69 years","Glynn","710","29","110"
"70-79 years","Glynn","436","42","77"
"80 & Older years","Glynn","252","58","83"
"<1 years","Glynn","20","0","0"
"Unknown years","Glynn","11","0","0"
"01-04 years","Gordon","83","0","0"
"05-09 years","Gordon","120","0","0"
"10-17 years","Gordon","543","0","4"
"18-29 years","Gordon","1193","0","11"
"30-39 years","Gordon","927","2","20"
"40-49 years","Gordon","994","2","31"
"50-59 years","Gordon","975","13","48"
"60-69 years","Gordon","609","22","50"
"70-79 years","Gordon","350","23","76"
"80 & Older years","Gordon","180","31","50"
"<1 years","Gordon","24","0","3"
"Unknown years","Gordon","121","0","3"
"01-04 years","Grady","31","0","1"
"05-09 years","Grady","42","0","0"
"10-17 years","Grady","131","0","5"
"18-29 years","Grady","250","0","9"
"30-39 years","Grady","217","0","9"
"40-49 years","Grady","230","0","23"
"50-59 years","Grady","213","7","29"
"60-69 years","Grady","161","4","27"
"70-79 years","Grady","149","16","46"
"80 & Older years","Grady","53","16","20"
"<1 years","Grady","4","0","1"
"Unknown years","Grady","3","0","0"
"01-04 years","Greene","15","0","0"
"05-09 years","Greene","33","0","0"
"10-17 years","Greene","82","0","0"
"18-29 years","Greene","247","0","5"
"30-39 years","Greene","177","0","7"
"40-49 years","Greene","172","3","12"
"50-59 years","Greene","213","5","19"
"60-69 years","Greene","222","7","18"
"70-79 years","Greene","168","8","27"
"80 & Older years","Greene","102","24","40"
"<1 years","Greene","3","0","1"
"Unknown years","Greene","2","0","0"
"01-04 years","Gwinnett","1223","0","17"
"05-09 years","Gwinnett","1992","0","25"
"10-17 years","Gwinnett","6651","2","76"
"18-29 years","Gwinnett","18167","7","541"
"30-39 years","Gwinnett","13692","17","565"
"40-49 years","Gwinnett","14577","51","752"
"50-59 years","Gwinnett","12477","88","838"
"60-69 years","Gwinnett","6893","179","884"
"70-79 years","Gwinnett","3143","236","711"
"80 & Older years","Gwinnett","1742","334","621"
"<1 years","Gwinnett","340","0","19"
"Unknown years","Gwinnett","111","0","0"
"01-04 years","Habersham","32","0","3"
"05-09 years","Habersham","57","0","3"
"10-17 years","Habersham","298","1","6"
"18-29 years","Habersham","839","0","10"
"30-39 years","Habersham","618","2","28"
"40-49 years","Habersham","659","4","40"
"50-59 years","Habersham","682","5","54"
"60-69 years","Habersham","548","15","112"
"70-79 years","Habersham","377","44","108"
"80 & Older years","Habersham","276","67","89"
"<1 years","Habersham","8","0","3"
"Unknown years","Habersham","140","0","4"
"01-04 years","Hall","182","0","6"
"05-09 years","Hall","368","0","5"
"10-17 years","Hall","1709","0","29"
"18-29 years","Hall","5093","3","157"
"30-39 years","Hall","3423","1","183"
"40-49 years","Hall","3587","9","255"
"50-59 years","Hall","3743","28","369"
"60-69 years","Hall","2530","74","398"
"70-79 years","Hall","1633","105","455"
"80 & Older years","Hall","916","166","372"
"<1 years","Hall","36","0","8"
"Unknown years","Hall","711","0","8"
"01-04 years","Hancock","7","0","0"
"05-09 years","Hancock","7","0","0"
"10-17 years","Hancock","35","0","0"
"18-29 years","Hancock","132","0","3"
"30-39 years","Hancock","108","0","2"
"40-49 years","Hancock","104","1","4"
"50-59 years","Hancock","137","4","15"
"60-69 years","Hancock","142","16","30"
"70-79 years","Hancock","70","15","22"
"80 & Older years","Hancock","62","21","24"
"<1 years","Hancock","4","0","0"
"01-04 years","Haralson","23","0","0"
"05-09 years","Haralson","36","0","0"
"10-17 years","Haralson","144","0","2"
"18-29 years","Haralson","344","0","3"
"30-39 years","Haralson","216","0","4"
"40-49 years","Haralson","235","2","6"
"50-59 years","Haralson","252","1","5"
"60-69 years","Haralson","187","12","21"
"70-79 years","Haralson","129","11","16"
"80 & Older years","Haralson","55","7","10"
"<1 years","Haralson","6","0","0"
"Unknown years","Haralson","5","0","0"
"01-04 years","Harris","29","0","0"
"05-09 years","Harris","30","0","0"
"10-17 years","Harris","181","0","2"
"18-29 years","Harris","322","0","5"
"30-39 years","Harris","228","0","7"
"40-49 years","Harris","341","3","10"
"50-59 years","Harris","348","6","23"
"60-69 years","Harris","301","14","48"
"70-79 years","Harris","171","17","39"
"80 & Older years","Harris","56","9","10"
"<1 years","Harris","5","0","0"
"Unknown years","Harris","5","0","0"
"01-04 years","Hart","16","0","0"
"05-09 years","Hart","23","0","1"
"10-17 years","Hart","94","0","0"
"18-29 years","Hart","290","0","2"
"30-39 years","Hart","243","0","6"
"40-49 years","Hart","228","0","8"
"50-59 years","Hart","269","3","18"
"60-69 years","Hart","215","12","29"
"70-79 years","Hart","142","7","19"
"80 & Older years","Hart","86","13","27"
"<1 years","Hart","4","0","1"
"Unknown years","Hart","46","0","0"
"01-04 years","Heard","8","0","0"
"05-09 years","Heard","11","0","0"
"10-17 years","Heard","58","0","1"
"18-29 years","Heard","102","0","1"
"30-39 years","Heard","64","0","1"
"40-49 years","Heard","109","0","7"
"50-59 years","Heard","94","0","5"
"60-69 years","Heard","75","4","7"
"70-79 years","Heard","50","6","13"
"80 & Older years","Heard","21","4","2"
"<1 years","Heard","4","0","0"
"Unknown years","Heard","1","0","0"
"01-04 years","Henry","216","0","6"
"05-09 years","Henry","323","0","2"
"10-17 years","Henry","1268","0","12"
"18-29 years","Henry","3421","1","26"
"30-39 years","Henry","2798","6","42"
"40-49 years","Henry","3123","13","84"
"50-59 years","Henry","3055","18","111"
"60-69 years","Henry","1722","59","90"
"70-79 years","Henry","856","75","75"
"80 & Older years","Henry","437","78","53"
"<1 years","Henry","41","0","2"
"Unknown years","Henry","35","1","2"
"01-04 years","Houston","97","0","2"
"05-09 years","Houston","152","0","1"
"10-17 years","Houston","676","0","4"
"18-29 years","Houston","2008","3","35"
"30-39 years","Houston","1728","2","54"
"40-49 years","Houston","1622","7","86"
"50-59 years","Houston","1406","12","97"
"60-69 years","Houston","923","39","140"
"70-79 years","Houston","514","57","144"
"80 & Older years","Houston","285","50","90"
"<1 years","Houston","23","0","2"
"Unknown years","Houston","10","0","0"
"01-04 years","Irwin","6","0","0"
"05-09 years","Irwin","10","0","0"
"10-17 years","Irwin","51","0","0"
"18-29 years","Irwin","117","0","4"
"30-39 years","Irwin","95","0","4"
"40-49 years","Irwin","118","1","10"
"50-59 years","Irwin","104","2","12"
"60-69 years","Irwin","82","1","21"
"70-79 years","Irwin","50","6","8"
"80 & Older years","Irwin","35","6","19"
"01-04 years","Jackson","59","0","0"
"05-09 years","Jackson","151","0","3"
"10-17 years","Jackson","738","0","5"
"18-29 years","Jackson","1412","2","17"
"30-39 years","Jackson","1259","1","22"
"40-49 years","Jackson","1364","6","54"
"50-59 years","Jackson","1282","6","70"
"60-69 years","Jackson","858","23","77"
"70-79 years","Jackson","588","33","108"
"80 & Older years","Jackson","306","52","103"
"<1 years","Jackson","21","0","2"
"Unknown years","Jackson","34","0","1"
"01-04 years","Jasper","5","0","1"
"05-09 years","Jasper","8","0","0"
"10-17 years","Jasper","35","0","1"
"18-29 years","Jasper","120","0","3"
"30-39 years","Jasper","90","0","2"
"40-49 years","Jasper","96","1","3"
"50-59 years","Jasper","124","1","15"
"60-69 years","Jasper","90","8","16"
"70-79 years","Jasper","52","6","11"
"80 & Older years","Jasper","17","2","4"
"<1 years","Jasper","3","0","1"
"Unknown years","Jasper","1","0","0"
"01-04 years","Jeff Davis","28","0","1"
"05-09 years","Jeff Davis","32","0","0"
"10-17 years","Jeff Davis","114","0","2"
"18-29 years","Jeff Davis","239","0","4"
"30-39 years","Jeff Davis","208","0","9"
"40-49 years","Jeff Davis","202","0","11"
"50-59 years","Jeff Davis","185","8","20"
"60-69 years","Jeff Davis","124","7","23"
"70-79 years","Jeff Davis","82","13","19"
"80 & Older years","Jeff Davis","17","8","7"
"<1 years","Jeff Davis","2","0","1"
"Unknown years","Jeff Davis","2","0","0"
"01-04 years","Jefferson","18","0","0"
"05-09 years","Jefferson","32","0","0"
"10-17 years","Jefferson","105","0","1"
"18-29 years","Jefferson","239","0","3"
"30-39 years","Jefferson","193","0","8"
"40-49 years","Jefferson","208","3","12"
"50-59 years","Jefferson","266","5","22"
"60-69 years","Jefferson","245","12","31"
"70-79 years","Jefferson","154","15","39"
"80 & Older years","Jefferson","69","19","28"
"<1 years","Jefferson","4","0","0"
"Unknown years","Jefferson","9","0","0"
"01-04 years","Jenkins","17","0","0"
"05-09 years","Jenkins","20","0","0"
"10-17 years","Jenkins","58","0","0"
"18-29 years","Jenkins","105","0","2"
"30-39 years","Jenkins","84","2","6"
"40-49 years","Jenkins","108","3","10"
"50-59 years","Jenkins","115","6","17"
"60-69 years","Jenkins","84","5","11"
"70-79 years","Jenkins","57","13","21"
"80 & Older years","Jenkins","50","10","11"
"<1 years","Jenkins","2","0","0"
"Unknown years","Jenkins","3","0","1"
"01-04 years","Johnson","6","0","0"
"05-09 years","Johnson","7","0","0"
"10-17 years","Johnson","27","0","0"
"18-29 years","Johnson","119","0","3"
"30-39 years","Johnson","109","0","3"
"40-49 years","Johnson","96","2","7"
"50-59 years","Johnson","134","4","17"
"60-69 years","Johnson","127","7","19"
"70-79 years","Johnson","85","8","23"
"80 & Older years","Johnson","67","19","20"
"<1 years","Johnson","1","0","1"
"Unknown years","Johnson","1","0","0"
"01-04 years","Jones","6","0","0"
"05-09 years","Jones","23","0","0"
"10-17 years","Jones","84","0","0"
"18-29 years","Jones","323","0","6"
"30-39 years","Jones","241","1","8"
"40-49 years","Jones","227","2","10"
"50-59 years","Jones","252","2","23"
"60-69 years","Jones","174","4","32"
"70-79 years","Jones","117","17","41"
"80 & Older years","Jones","74","19","23"
"<1 years","Jones","3","0","0"
"Unknown years","Jones","1","0","0"
"01-04 years","Lamar","23","0","0"
"05-09 years","Lamar","44","0","0"
"10-17 years","Lamar","105","0","2"
"18-29 years","Lamar","193","0","2"
"30-39 years","Lamar","173","0","8"
"40-49 years","Lamar","171","1","4"
"50-59 years","Lamar","185","2","23"
"60-69 years","Lamar","165","8","21"
"70-79 years","Lamar","121","10","20"
"80 & Older years","Lamar","63","18","18"
"<1 years","Lamar","13","0","1"
"Unknown years","Lamar","2","0","0"
"01-04 years","Lanier","7","0","0"
"05-09 years","Lanier","10","0","1"
"10-17 years","Lanier","34","0","1"
"18-29 years","Lanier","98","1","1"
"30-39 years","Lanier","118","0","2"
"40-49 years","Lanier","73","1","2"
"50-59 years","Lanier","61","1","5"
"60-69 years","Lanier","38","2","2"
"70-79 years","Lanier","23","4","6"
"80 & Older years","Lanier","14","0","6"
"<1 years","Lanier","4","0","0"
"01-04 years","Laurens","26","0","0"
"05-09 years","Laurens","46","0","1"
"10-17 years","Laurens","237","0","4"
"18-29 years","Laurens","638","0","10"
"30-39 years","Laurens","542","1","17"
"40-49 years","Laurens","552","4","28"
"50-59 years","Laurens","574","9","62"
"60-69 years","Laurens","471","31","79"
"70-79 years","Laurens","313","44","79"
"80 & Older years","Laurens","212","48","57"
"<1 years","Laurens","5","0","1"
"Unknown years","Laurens","3","0","0"
"01-04 years","Lee","11","0","0"
"05-09 years","Lee","30","0","3"
"10-17 years","Lee","113","0","2"
"18-29 years","Lee","258","1","8"
"30-39 years","Lee","280","1","16"
"40-49 years","Lee","284","3","28"
"50-59 years","Lee","254","8","39"
"60-69 years","Lee","181","12","30"
"70-79 years","Lee","86","12","28"
"80 & Older years","Lee","48","8","20"
"<1 years","Lee","8","0","0"
"Unknown years","Lee","1","0","0"
"01-04 years","Liberty","39","0","1"
"05-09 years","Liberty","56","0","1"
"10-17 years","Liberty","217","0","2"
"18-29 years","Liberty","731","1","13"
"30-39 years","Liberty","457","0","15"
"40-49 years","Liberty","416","0","17"
"50-59 years","Liberty","378","9","38"
"60-69 years","Liberty","273","16","49"
"70-79 years","Liberty","123","13","44"
"80 & Older years","Liberty","58","13","25"
"<1 years","Liberty","27","0","1"
"Unknown years","Liberty","2","0","0"
"01-04 years","Lincoln","9","0","0"
"05-09 years","Lincoln","13","0","0"
"10-17 years","Lincoln","26","0","0"
"18-29 years","Lincoln","89","0","2"
"30-39 years","Lincoln","66","0","1"
"40-49 years","Lincoln","77","1","6"
"50-59 years","Lincoln","62","2","5"
"60-69 years","Lincoln","70","4","14"
"70-79 years","Lincoln","49","8","12"
"80 & Older years","Lincoln","21","7","9"
"<1 years","Lincoln","2","0","0"
"Unknown years","Lincoln","5","0","0"
"01-04 years","Long","13","0","0"
"05-09 years","Long","14","0","0"
"10-17 years","Long","56","0","0"
"18-29 years","Long","123","0","0"
"30-39 years","Long","133","0","2"
"40-49 years","Long","95","0","6"
"50-59 years","Long","83","1","9"
"60-69 years","Long","64","1","8"
"70-79 years","Long","44","6","14"
"80 & Older years","Long","21","3","7"
"<1 years","Long","5","0","0"
"Unknown years","Long","3","0","0"
"01-04 years","Lowndes","131","0","0"
"05-09 years","Lowndes","177","0","0"
"10-17 years","Lowndes","595","0","6"
"18-29 years","Lowndes","2216","4","28"
"30-39 years","Lowndes","1200","1","18"
"40-49 years","Lowndes","980","3","38"
"50-59 years","Lowndes","868","7","52"
"60-69 years","Lowndes","608","26","81"
"70-79 years","Lowndes","327","38","62"
"80 & Older years","Lowndes","200","49","56"
"<1 years","Lowndes","31","0","0"
"Unknown years","Lowndes","15","0","0"
"01-04 years","Lumpkin","16","0","0"
"05-09 years","Lumpkin","30","0","2"
"10-17 years","Lumpkin","128","0","2"
"18-29 years","Lumpkin","683","0","12"
"30-39 years","Lumpkin","324","0","9"
"40-49 years","Lumpkin","317","1","16"
"50-59 years","Lumpkin","368","4","41"
"60-69 years","Lumpkin","356","9","51"
"70-79 years","Lumpkin","260","10","64"
"80 & Older years","Lumpkin","132","30","66"
"<1 years","Lumpkin","7","0","1"
"Unknown years","Lumpkin","44","0","2"
"01-04 years","Macon","9","0","0"
"05-09 years","Macon","11","0","0"
"10-17 years","Macon","23","0","0"
"18-29 years","Macon","100","0","3"
"30-39 years","Macon","70","0","4"
"40-49 years","Macon","103","1","7"
"50-59 years","Macon","114","4","14"
"60-69 years","Macon","74","6","22"
"70-79 years","Macon","52","6","20"
"80 & Older years","Macon","18","6","6"
"<1 years","Macon","3","0","0"
"Unknown years","Macon","5","0","1"
"01-04 years","Madison","40","0","1"
"05-09 years","Madison","52","0","0"
"10-17 years","Madison","226","0","0"
"18-29 years","Madison","463","0","2"
"30-39 years","Madison","404","0","5"
"40-49 years","Madison","400","0","17"
"50-59 years","Madison","426","4","25"
"60-69 years","Madison","322","9","37"
"70-79 years","Madison","189","15","42"
"80 & Older years","Madison","75","12","9"
"<1 years","Madison","19","0","4"
"Unknown years","Madison","14","0","0"
"01-04 years","Marion","8","0","0"
"05-09 years","Marion","8","0","1"
"10-17 years","Marion","38","0","0"
"18-29 years","Marion","62","0","1"
"30-39 years","Marion","42","0","2"
"40-49 years","Marion","57","1","5"
"50-59 years","Marion","62","5","5"
"60-69 years","Marion","42","3","4"
"70-79 years","Marion","28","1","5"
"80 & Older years","Marion","28","4","8"
"<1 years","Marion","3","0","0"
"Unknown years","Marion","2","0","0"
"01-04 years","McDuffie","26","0","0"
"05-09 years","McDuffie","29","0","0"
"10-17 years","McDuffie","113","0","0"
"18-29 years","McDuffie","306","0","5"
"30-39 years","McDuffie","239","2","4"
"40-49 years","McDuffie","241","2","12"
"50-59 years","McDuffie","246","4","27"
"60-69 years","McDuffie","194","9","27"
"70-79 years","McDuffie","111","8","42"
"80 & Older years","McDuffie","49","13","26"
"<1 years","McDuffie","2","0","0"
"Unknown years","McDuffie","26","0","1"
"01-04 years","McIntosh","2","0","0"
"05-09 years","McIntosh","10","0","0"
"10-17 years","McIntosh","38","0","0"
"18-29 years","McIntosh","96","0","2"
"30-39 years","McIntosh","76","0","3"
"40-49 years","McIntosh","84","0","4"
"50-59 years","McIntosh","114","0","3"
"60-69 years","McIntosh","91","2","17"
"70-79 years","McIntosh","60","4","14"
"80 & Older years","McIntosh","24","7","8"
"<1 years","McIntosh","1","0","0"
"Unknown years","McIntosh","1","0","0"
"01-04 years","Meriwether","25","0","2"
"05-09 years","Meriwether","26","0","1"
"10-17 years","Meriwether","78","0","1"
"18-29 years","Meriwether","204","0","6"
"30-39 years","Meriwether","167","2","13"
"40-49 years","Meriwether","219","2","15"
"50-59 years","Meriwether","225","4","17"
"60-69 years","Meriwether","204","7","23"
"70-79 years","Meriwether","179","17","30"
"80 & Older years","Meriwether","100","23","16"
"<1 years","Meriwether","4","0","0"
"Unknown years","Meriwether","1","0","0"
"01-04 years","Miller","9","0","0"
"05-09 years","Miller","8","0","0"
"10-17 years","Miller","62","0","1"
"18-29 years","Miller","103","0","1"
"30-39 years","Miller","95","0","0"
"40-49 years","Miller","73","0","5"
"50-59 years","Miller","124","2","11"
"60-69 years","Miller","86","2","5"
"70-79 years","Miller","28","0","2"
"80 & Older years","Miller","24","2","6"
"<1 years","Miller","3","0","0"
"01-04 years","Mitchell","20","0","0"
"05-09 years","Mitchell","25","0","0"
"10-17 years","Mitchell","87","0","2"
"18-29 years","Mitchell","244","0","10"
"30-39 years","Mitchell","215","1","15"
"40-49 years","Mitchell","208","3","17"
"50-59 years","Mitchell","241","10","54"
"60-69 years","Mitchell","205","14","49"
"70-79 years","Mitchell","128","17","46"
"80 & Older years","Mitchell","96","25","32"
"<1 years","Mitchell","7","0","0"
"Unknown years","Mitchell","2","0","1"
"01-04 years","Monroe","12","0","1"
"05-09 years","Monroe","23","0","1"
"10-17 years","Monroe","88","0","0"
"18-29 years","Monroe","286","0","4"
"30-39 years","Monroe","239","0","6"
"40-49 years","Monroe","264","2","20"
"50-59 years","Monroe","305","3","23"
"60-69 years","Monroe","281","17","48"
"70-79 years","Monroe","161","21","43"
"80 & Older years","Monroe","117","36","31"
"<1 years","Monroe","4","0","1"
"01-04 years","Montgomery","9","0","0"
"05-09 years","Montgomery","6","0","0"
"10-17 years","Montgomery","52","0","1"
"18-29 years","Montgomery","154","0","1"
"30-39 years","Montgomery","94","1","3"
"40-49 years","Montgomery","123","0","2"
"50-59 years","Montgomery","99","2","6"
"60-69 years","Montgomery","93","5","12"
"70-79 years","Montgomery","52","6","9"
"80 & Older years","Montgomery","24","5","6"
"<1 years","Montgomery","1","0","0"
"Unknown years","Montgomery","2","0","0"
"01-04 years","Morgan","16","0","0"
"05-09 years","Morgan","22","0","1"
"10-17 years","Morgan","89","0","2"
"18-29 years","Morgan","206","0","4"
"30-39 years","Morgan","157","0","6"
"40-49 years","Morgan","162","0","4"
"50-59 years","Morgan","181","1","12"
"60-69 years","Morgan","128","2","11"
"70-79 years","Morgan","99","4","15"
"80 & Older years","Morgan","53","8","20"
"<1 years","Morgan","13","0","2"
"Unknown years","Morgan","2","0","0"
"01-04 years","Murray","66","0","2"
"05-09 years","Murray","94","0","2"
"10-17 years","Murray","372","0","2"
"18-29 years","Murray","779","0","8"
"30-39 years","Murray","546","1","7"
"40-49 years","Murray","669","0","21"
"50-59 years","Murray","599","6","40"
"60-69 years","Murray","396","10","61"
"70-79 years","Murray","246","31","55"
"80 & Older years","Murray","99","21","25"
"<1 years","Murray","22","0","2"
"Unknown years","Murray","4","0","0"
"01-04 years","Muscogee","203","0","6"
"05-09 years","Muscogee","306","0","0"
"10-17 years","Muscogee","835","0","7"
"18-29 years","Muscogee","3030","3","58"
"30-39 years","Muscogee","2045","2","77"
"40-49 years","Muscogee","1786","7","93"
"50-59 years","Muscogee","1853","38","185"
"60-69 years","Muscogee","1437","72","245"
"70-79 years","Muscogee","820","90","180"
"80 & Older years","Muscogee","510","125","164"
"<1 years","Muscogee","68","0","3"
"Unknown years","Muscogee","63","0","1"
"01-04 years","Newton","74","0","1"
"05-09 years","Newton","124","0","1"
"10-17 years","Newton","412","0","9"
"18-29 years","Newton","1297","1","42"
"30-39 years","Newton","1100","0","55"
"40-49 years","Newton","1263","8","90"
"50-59 years","Newton","1198","16","120"
"60-69 years","Newton","668","33","98"
"70-79 years","Newton","468","51","89"
"80 & Older years","Newton","285","76","75"
"<1 years","Newton","26","0","5"
"Unknown years","Newton","5","0","0"
"01-04 years","Non-GA Resident/Unknown State","240","0","2"
"05-09 years","Non-GA Resident/Unknown State","409","0","5"
"10-17 years","Non-GA Resident/Unknown State","1356","0","7"
"18-29 years","Non-GA Resident/Unknown State","5900","5","62"
"30-39 years","Non-GA Resident/Unknown State","4129","3","88"
"40-49 years","Non-GA Resident/Unknown State","3507","11","98"
"50-59 years","Non-GA Resident/Unknown State","3401","44","195"
"60-69 years","Non-GA Resident/Unknown State","2372","103","259"
"70-79 years","Non-GA Resident/Unknown State","1532","120","282"
"80 & Older years","Non-GA Resident/Unknown State","861","132","193"
"<1 years","Non-GA Resident/Unknown State","143","0","2"
"Unknown years","Non-GA Resident/Unknown State","965","3","4"
"01-04 years","Oconee","35","0","0"
"05-09 years","Oconee","61","0","0"
"10-17 years","Oconee","275","0","0"
"18-29 years","Oconee","538","0","4"
"30-39 years","Oconee","337","0","4"
"40-49 years","Oconee","514","1","10"
"50-59 years","Oconee","431","4","11"
"60-69 years","Oconee","294","9","30"
"70-79 years","Oconee","169","16","23"
"80 & Older years","Oconee","124","26","38"
"<1 years","Oconee","8","0","0"
"Unknown years","Oconee","4","1","0"
"01-04 years","Oglethorpe","18","0","0"
"05-09 years","Oglethorpe","26","0","0"
"10-17 years","Oglethorpe","89","0","1"
"18-29 years","Oglethorpe","199","0","1"
"30-39 years","Oglethorpe","140","1","1"
"40-49 years","Oglethorpe","167","1","5"
"50-59 years","Oglethorpe","170","1","18"
"60-69 years","Oglethorpe","139","0","14"
"70-79 years","Oglethorpe","103","9","14"
"80 & Older years","Oglethorpe","66","14","16"
"<1 years","Oglethorpe","8","0","0"
"Unknown years","Oglethorpe","5","0","0"
"01-04 years","Paulding","129","0","2"
"05-09 years","Paulding","250","0","0"
"10-17 years","Paulding","969","0","6"
"18-29 years","Paulding","1892","0","18"
"30-39 years","Paulding","1579","2","24"
"40-49 years","Paulding","1730","4","30"
"50-59 years","Paulding","1642","12","55"
"60-69 years","Paulding","867","32","62"
"70-79 years","Paulding","487","35","64"
"80 & Older years","Paulding","304","60","54"
"<1 years","Paulding","28","0","0"
"Unknown years","Paulding","46","1","0"
"01-04 years","Peach","14","0","2"
"05-09 years","Peach","19","0","0"
"10-17 years","Peach","73","0","1"
"18-29 years","Peach","387","1","8"
"30-39 years","Peach","290","0","15"
"40-49 years","Peach","235","3","19"
"50-59 years","Peach","296","8","39"
"60-69 years","Peach","250","7","50"
"70-79 years","Peach","125","10","38"
"80 & Older years","Peach","65","15","27"
"<1 years","Peach","4","0","0"
"Unknown years","Peach","1","0","0"
"01-04 years","Pickens","21","0","2"
"05-09 years","Pickens","37","0","0"
"10-17 years","Pickens","132","0","0"
"18-29 years","Pickens","370","0","5"
"30-39 years","Pickens","308","0","11"
"40-49 years","Pickens","370","0","16"
"50-59 years","Pickens","418","4","23"
"60-69 years","Pickens","320","7","36"
"70-79 years","Pickens","259","19","58"
"80 & Older years","Pickens","120","24","35"
"<1 years","Pickens","3","0","1"
"Unknown years","Pickens","8","0","0"
"01-04 years","Pierce","11","0","0"
"05-09 years","Pierce","21","0","0"
"10-17 years","Pierce","86","1","1"
"18-29 years","Pierce","224","0","5"
"30-39 years","Pierce","147","0","3"
"40-49 years","Pierce","196","0","12"
"50-59 years","Pierce","187","4","20"
"60-69 years","Pierce","144","10","36"
"70-79 years","Pierce","108","10","29"
"80 & Older years","Pierce","54","13","15"
"<1 years","Pierce","7","0","1"
"Unknown years","Pierce","1","0","0"
"01-04 years","Pike","25","0","0"
"05-09 years","Pike","23","0","0"
"10-17 years","Pike","111","0","1"
"18-29 years","Pike","148","0","5"
"30-39 years","Pike","133","0","2"
"40-49 years","Pike","187","2","9"
"50-59 years","Pike","144","3","7"
"60-69 years","Pike","97","2","17"
"70-79 years","Pike","81","8","17"
"80 & Older years","Pike","31","6","6"
"<1 years","Pike","1","0","0"
"Unknown years","Pike","3","0","0"
"01-04 years","Polk","40","0","1"
"05-09 years","Polk","71","0","1"
"10-17 years","Polk","303","0","2"
"18-29 years","Polk","777","0","11"
"30-39 years","Polk","531","0","11"
"40-49 years","Polk","570","1","38"
"50-59 years","Polk","593","11","74"
"60-69 years","Polk","380","13","72"
"70-79 years","Polk","302","23","84"
"80 & Older years","Polk","134","24","54"
"<1 years","Polk","18","0","0"
"Unknown years","Polk","32","0","0"
"01-04 years","Pulaski","5","0","0"
"05-09 years","Pulaski","8","0","0"
"10-17 years","Pulaski","37","0","1"
"18-29 years","Pulaski","79","0","1"
"30-39 years","Pulaski","87","0","2"
"40-49 years","Pulaski","89","0","7"
"50-59 years","Pulaski","103","0","6"
"60-69 years","Pulaski","94","8","13"
"70-79 years","Pulaski","48","11","16"
"80 & Older years","Pulaski","39","11","5"
"<1 years","Pulaski","3","0","0"
"01-04 years","Putnam","21","0","0"
"05-09 years","Putnam","42","0","1"
"10-17 years","Putnam","113","0","2"
"18-29 years","Putnam","270","0","2"
"30-39 years","Putnam","218","0","6"
"40-49 years","Putnam","211","1","6"
"50-59 years","Putnam","278","3","18"
"60-69 years","Putnam","251","12","30"
"70-79 years","Putnam","188","16","52"
"80 & Older years","Putnam","83","16","31"
"<1 years","Putnam","6","0","1"
"Unknown years","Putnam","1","0","0"
"01-04 years","Quitman","1","0","0"
"05-09 years","Quitman","4","0","0"
"10-17 years","Quitman","5","0","0"
"18-29 years","Quitman","12","0","1"
"30-39 years","Quitman","4","0","1"
"40-49 years","Quitman","3","0","1"
"50-59 years","Quitman","14","0","1"
"60-69 years","Quitman","22","1","4"
"70-79 years","Quitman","4","0","1"
"80 & Older years","Quitman","5","0","1"
"<1 years","Quitman","2","0","0"
"01-04 years","Rabun","13","0","0"
"05-09 years","Rabun","21","0","0"
"10-17 years","Rabun","93","0","0"
"18-29 years","Rabun","201","0","5"
"30-39 years","Rabun","179","1","10"
"40-49 years","Rabun","184","0","7"
"50-59 years","Rabun","213","3","24"
"60-69 years","Rabun","222","7","31"
"70-79 years","Rabun","167","11","34"
"80 & Older years","Rabun","78","15","31"
"<1 years","Rabun","5","0","1"
"Unknown years","Rabun","63","0","1"
"01-04 years","Randolph","2","0","0"
"05-09 years","Randolph","5","0","0"
"10-17 years","Randolph","13","0","0"
"18-29 years","Randolph","59","0","2"
"30-39 years","Randolph","68","2","5"
"40-49 years","Randolph","54","0","4"
"50-59 years","Randolph","90","3","20"
"60-69 years","Randolph","68","8","15"
"70-79 years","Randolph","48","4","15"
"80 & Older years","Randolph","46","15","16"
"<1 years","Randolph","1","0","0"
"Unknown years","Randolph","2","0","0"
"01-04 years","Richmond","273","0","1"
"05-09 years","Richmond","532","0","3"
"10-17 years","Richmond","1457","0","11"
"18-29 years","Richmond","4322","6","59"
"30-39 years","Richmond","3223","6","76"
"40-49 years","Richmond","2599","17","105"
"50-59 years","Richmond","2619","34","200"
"60-69 years","Richmond","1934","68","245"
"70-79 years","Richmond","1057","89","275"
"80 & Older years","Richmond","645","137","264"
"<1 years","Richmond","84","0","2"
"Unknown years","Richmond","35","0","1"
"01-04 years","Rockdale","55","0","4"
"05-09 years","Rockdale","98","0","0"
"10-17 years","Rockdale","314","0","12"
"18-29 years","Rockdale","1085","2","70"
"30-39 years","Rockdale","859","3","86"
"40-49 years","Rockdale","985","6","107"
"50-59 years","Rockdale","956","12","153"
"60-69 years","Rockdale","607","24","141"
"70-79 years","Rockdale","362","46","142"
"80 & Older years","Rockdale","192","41","88"
"<1 years","Rockdale","8","0","2"
"Unknown years","Rockdale","5","0","0"
"01-04 years","Schley","5","0","0"
"05-09 years","Schley","4","0","0"
"10-17 years","Schley","20","0","0"
"18-29 years","Schley","46","0","2"
"30-39 years","Schley","21","0","0"
"40-49 years","Schley","30","0","3"
"50-59 years","Schley","31","1","3"
"60-69 years","Schley","26","1","8"
"70-79 years","Schley","12","0","2"
"80 & Older years","Schley","7","2","2"
"<1 years","Schley","1","0","0"
"01-04 years","Screven","8","0","0"
"05-09 years","Screven","15","0","0"
"10-17 years","Screven","59","0","0"
"18-29 years","Screven","133","0","3"
"30-39 years","Screven","121","0","2"
"40-49 years","Screven","94","1","4"
"50-59 years","Screven","109","2","13"
"60-69 years","Screven","135","1","14"
"70-79 years","Screven","73","6","16"
"80 & Older years","Screven","37","7","10"
"<1 years","Screven","4","0","0"
"Unknown years","Screven","1","0","0"
"01-04 years","Seminole","13","0","0"
"05-09 years","Seminole","15","0","0"
"10-17 years","Seminole","73","0","0"
"18-29 years","Seminole","107","0","0"
"30-39 years","Seminole","86","0","0"
"40-49 years","Seminole","89","0","5"
"50-59 years","Seminole","107","1","6"
"60-69 years","Seminole","123","3","24"
"70-79 years","Seminole","70","6","16"
"80 & Older years","Seminole","29","7","12"
"<1 years","Seminole","4","0","0"
"01-04 years","Spalding","63","0","3"
"05-09 years","Spalding","53","0","1"
"10-17 years","Spalding","179","0","3"
"18-29 years","Spalding","644","1","27"
"30-39 years","Spalding","549","4","28"
"40-49 years","Spalding","552","3","39"
"50-59 years","Spalding","586","13","66"
"60-69 years","Spalding","464","26","84"
"70-79 years","Spalding","334","36","74"
"80 & Older years","Spalding","210","49","66"
"<1 years","Spalding","11","0","0"
"Unknown years","Spalding","22","0","0"
"01-04 years","Stephens","16","0","0"
"05-09 years","Stephens","43","0","1"
"10-17 years","Stephens","173","0","3"
"18-29 years","Stephens","516","1","13"
"30-39 years","Stephens","334","0","8"
"40-49 years","Stephens","419","1","22"
"50-59 years","Stephens","450","4","37"
"60-69 years","Stephens","434","18","60"
"70-79 years","Stephens","294","21","62"
"80 & Older years","Stephens","154","26","40"
"<1 years","Stephens","4","0","0"
"Unknown years","Stephens","31","0","0"
"01-04 years","Stewart","3","0","0"
"05-09 years","Stewart","2","0","0"
"10-17 years","Stewart","14","0","0"
"18-29 years","Stewart","167","0","21"
"30-39 years","Stewart","214","1","25"
"40-49 years","Stewart","155","1","23"
"50-59 years","Stewart","82","2","12"
"60-69 years","Stewart","68","11","25"
"70-79 years","Stewart","24","3","5"
"80 & Older years","Stewart","21","4","6"
"<1 years","Stewart","1","0","0"
"Unknown years","Stewart","14","0","4"
"01-04 years","Sumter","22","0","0"
"05-09 years","Sumter","29","0","0"
"10-17 years","Sumter","74","0","2"
"18-29 years","Sumter","316","1","11"
"30-39 years","Sumter","262","1","20"
"40-49 years","Sumter","252","6","21"
"50-59 years","Sumter","274","2","40"
"60-69 years","Sumter","256","25","68"
"70-79 years","Sumter","162","25","45"
"80 & Older years","Sumter","104","28","46"
"<1 years","Sumter","10","0","0"
"Unknown years","Sumter","2","0","0"
"01-04 years","Talbot","7","0","0"
"05-09 years","Talbot","4","0","0"
"10-17 years","Talbot","30","0","0"
"18-29 years","Talbot","54","0","1"
"30-39 years","Talbot","32","0","1"
"40-49 years","Talbot","58","1","4"
"50-59 years","Talbot","62","5","6"
"60-69 years","Talbot","59","3","11"
"70-79 years","Talbot","37","6","7"
"80 & Older years","Talbot","20","2","8"
"Unknown years","Talbot","2","0","0"
"01-04 years","Taliaferro","1","0","0"
"05-09 years","Taliaferro","1","0","0"
"10-17 years","Taliaferro","6","0","0"
"18-29 years","Taliaferro","12","0","0"
"30-39 years","Taliaferro","14","0","0"
"40-49 years","Taliaferro","18","0","1"
"50-59 years","Taliaferro","9","0","0"
"60-69 years","Taliaferro","20","0","3"
"70-79 years","Taliaferro","10","1","3"
"80 & Older years","Taliaferro","4","1","2"
"01-04 years","Tattnall","31","0","0"
"05-09 years","Tattnall","46","0","0"
"10-17 years","Tattnall","155","0","0"
"18-29 years","Tattnall","308","0","1"
"30-39 years","Tattnall","274","1","4"
"40-49 years","Tattnall","272","0","7"
"50-59 years","Tattnall","296","7","22"
"60-69 years","Tattnall","233","14","32"
"70-79 years","Tattnall","112","12","34"
"80 & Older years","Tattnall","45","5","8"
"<1 years","Tattnall","10","0","0"
"Unknown years","Tattnall","4","0","1"
"01-04 years","Taylor","13","0","1"
"05-09 years","Taylor","13","0","0"
"10-17 years","Taylor","49","0","1"
"18-29 years","Taylor","76","0","1"
"30-39 years","Taylor","50","0","4"
"40-49 years","Taylor","91","1","10"
"50-59 years","Taylor","71","0","15"
"60-69 years","Taylor","62","5","17"
"70-79 years","Taylor","33","5","9"
"80 & Older years","Taylor","26","9","12"
"<1 years","Taylor","4","0","0"
"01-04 years","Telfair","9","0","0"
"05-09 years","Telfair","11","0","0"
"10-17 years","Telfair","20","0","0"
"18-29 years","Telfair","136","0","3"
"30-39 years","Telfair","92","1","1"
"40-49 years","Telfair","105","2","6"
"50-59 years","Telfair","103","5","10"
"60-69 years","Telfair","103","9","17"
"70-79 years","Telfair","69","11","17"
"80 & Older years","Telfair","41","14","11"
"<1 years","Telfair","4","0","0"
"Unknown years","Telfair","2","1","1"
"01-04 years","Terrell","7","0","0"
"05-09 years","Terrell","6","0","0"
"10-17 years","Terrell","41","0","0"
"18-29 years","Terrell","66","0","1"
"30-39 years","Terrell","77","0","9"
"40-49 years","Terrell","63","0","8"
"50-59 years","Terrell","95","3","15"
"60-69 years","Terrell","90","11","32"
"70-79 years","Terrell","59","14","26"
"80 & Older years","Terrell","37","12","16"
"01-04 years","Thomas","60","0","1"
"05-09 years","Thomas","112","0","0"
"10-17 years","Thomas","300","0","2"
"18-29 years","Thomas","588","1","25"
"30-39 years","Thomas","474","1","17"
"40-49 years","Thomas","502","4","29"
"50-59 years","Thomas","535","11","41"
"60-69 years","Thomas","429","13","92"
"70-79 years","Thomas","258","33","71"
"80 & Older years","Thomas","166","43","58"
"<1 years","Thomas","14","0","1"
"Unknown years","Thomas","2","0","0"
"01-04 years","Tift","33","0","1"
"05-09 years","Tift","58","0","3"
"10-17 years","Tift","226","0","6"
"18-29 years","Tift","766","0","20"
"30-39 years","Tift","536","1","28"
"40-49 years","Tift","540","7","59"
"50-59 years","Tift","455","9","67"
"60-69 years","Tift","355","16","73"
"70-79 years","Tift","242","28","90"
"80 & Older years","Tift","137","31","59"
"<1 years","Tift","13","0","0"
"Unknown years","Tift","2","0","0"
"01-04 years","Toombs","30","0","0"
"05-09 years","Toombs","49","0","0"
"10-17 years","Toombs","209","0","2"
"18-29 years","Toombs","506","0","5"
"30-39 years","Toombs","397","0","3"
"40-49 years","Toombs","408","1","20"
"50-59 years","Toombs","406","7","23"
"60-69 years","Toombs","371","12","42"
"70-79 years","Toombs","250","31","40"
"80 & Older years","Toombs","150","35","28"
"<1 years","Toombs","7","0","0"
"Unknown years","Toombs","4","0","0"
"01-04 years","Towns","2","0","0"
"05-09 years","Towns","6","0","0"
"10-17 years","Towns","44","0","1"
"18-29 years","Towns","128","0","4"
"30-39 years","Towns","86","0","3"
"40-49 years","Towns","106","2","5"
"50-59 years","Towns","157","2","14"
"60-69 years","Towns","204","2","17"
"70-79 years","Towns","151","7","34"
"80 & Older years","Towns","119","26","44"
"Unknown years","Towns","21","0","0"
"01-04 years","Treutlen","6","0","0"
"05-09 years","Treutlen","15","0","1"
"10-17 years","Treutlen","48","0","0"
"18-29 years","Treutlen","101","0","2"
"30-39 years","Treutlen","97","0","5"
"40-49 years","Treutlen","103","0","5"
"50-59 years","Treutlen","102","1","7"
"60-69 years","Treutlen","66","4","12"
"70-79 years","Treutlen","53","9","10"
"80 & Older years","Treutlen","31","5","9"
"01-04 years","Troup","127","0","1"
"05-09 years","Troup","173","0","0"
"10-17 years","Troup","492","0","4"
"18-29 years","Troup","1149","1","28"
"30-39 years","Troup","853","6","42"
"40-49 years","Troup","770","4","48"
"50-59 years","Troup","798","14","96"
"60-69 years","Troup","611","26","92"
"70-79 years","Troup","334","43","88"
"80 & Older years","Troup","232","68","58"
"<1 years","Troup","40","0","1"
"Unknown years","Troup","8","0","0"
"01-04 years","Turner","3","0","0"
"05-09 years","Turner","7","0","1"
"10-17 years","Turner","20","0","0"
"18-29 years","Turner","83","0","2"
"30-39 years","Turner","100","0","10"
"40-49 years","Turner","104","0","5"
"50-59 years","Turner","93","2","12"
"60-69 years","Turner","85","8","26"
"70-79 years","Turner","52","6","13"
"80 & Older years","Turner","35","14","15"
"<1 years","Turner","2","0","1"
"01-04 years","Twiggs","9","0","0"
"05-09 years","Twiggs","7","0","1"
"10-17 years","Twiggs","26","0","0"
"18-29 years","Twiggs","66","0","2"
"30-39 years","Twiggs","59","1","4"
"40-49 years","Twiggs","61","1","7"
"50-59 years","Twiggs","89","3","12"
"60-69 years","Twiggs","97","7","30"
"70-79 years","Twiggs","54","8","19"
"80 & Older years","Twiggs","25","12","17"
"<1 years","Twiggs","1","0","0"
"01-04 years","Union","7","0","0"
"05-09 years","Union","16","0","0"
"10-17 years","Union","69","0","1"
"18-29 years","Union","249","1","1"
"30-39 years","Union","216","0","2"
"40-49 years","Union","216","0","13"
"50-59 years","Union","290","4","19"
"60-69 years","Union","351","4","42"
"70-79 years","Union","301","20","55"
"80 & Older years","Union","202","34","63"
"<1 years","Union","1","0","0"
"Unknown years","Union","32","0","0"
"01-04 years","Unknown","24","0","0"
"05-09 years","Unknown","51","0","0"
"10-17 years","Unknown","184","0","0"
"18-29 years","Unknown","823","2","5"
"30-39 years","Unknown","424","3","6"
"40-49 years","Unknown","379","1","2"
"50-59 years","Unknown","318","3","6"
"60-69 years","Unknown","194","1","7"
"70-79 years","Unknown","118","0","9"
"80 & Older years","Unknown","52","1","6"
"<1 years","Unknown","29","0","1"
"Unknown years","Unknown","125","0","3"
"01-04 years","Upson","34","0","0"
"05-09 years","Upson","45","0","0"
"10-17 years","Upson","129","0","1"
"18-29 years","Upson","291","0","6"
"30-39 years","Upson","205","2","9"
"40-49 years","Upson","234","1","11"
"50-59 years","Upson","254","6","21"
"60-69 years","Upson","232","21","38"
"70-79 years","Upson","163","32","46"
"80 & Older years","Upson","105","38","34"
"<1 years","Upson","14","0","0"
"Unknown years","Upson","10","0","0"
"01-04 years","Walker","74","0","1"
"05-09 years","Walker","133","0","1"
"10-17 years","Walker","486","0","3"
"18-29 years","Walker","1073","0","16"
"30-39 years","Walker","779","0","13"
"40-49 years","Walker","957","3","28"
"50-59 years","Walker","818","3","34"
"60-69 years","Walker","699","14","61"
"70-79 years","Walker","466","26","55"
"80 & Older years","Walker","228","25","29"
"<1 years","Walker","39","0","1"
"Unknown years","Walker","219","0","7"
"01-04 years","Walton","73","0","1"
"05-09 years","Walton","147","0","1"
"10-17 years","Walton","565","0","6"
"18-29 years","Walton","1299","1","27"
"30-39 years","Walton","1087","0","24"
"40-49 years","Walton","1214","3","49"
"50-59 years","Walton","1196","13","79"
"60-69 years","Walton","832","29","83"
"70-79 years","Walton","622","68","100"
"80 & Older years","Walton","378","94","75"
"<1 years","Walton","26","0","2"
"Unknown years","Walton","18","0","0"
"01-04 years","Ware","61","0","1"
"05-09 years","Ware","67","0","0"
"10-17 years","Ware","238","0","3"
"18-29 years","Ware","536","1","5"
"30-39 years","Ware","443","1","20"
"40-49 years","Ware","368","2","28"
"50-59 years","Ware","401","15","58"
"60-69 years","Ware","297","13","61"
"70-79 years","Ware","254","39","95"
"80 & Older years","Ware","205","61","60"
"<1 years","Ware","19","0","1"
"Unknown years","Ware","5","0","0"
"01-04 years","Warren","6","0","0"
"05-09 years","Warren","2","0","0"
"10-17 years","Warren","25","0","0"
"18-29 years","Warren","65","0","3"
"30-39 years","Warren","50","0","4"
"40-49 years","Warren","48","2","5"
"50-59 years","Warren","65","2","7"
"60-69 years","Warren","44","2","7"
"70-79 years","Warren","34","3","12"
"80 & Older years","Warren","17","2","6"
"<1 years","Warren","2","0","1"
"Unknown years","Warren","4","0","0"
"01-04 years","Washington","18","0","0"
"05-09 years","Washington","25","0","0"
"10-17 years","Washington","118","0","2"
"18-29 years","Washington","256","0","6"
"30-39 years","Washington","234","0","8"
"40-49 years","Washington","253","3","11"
"50-59 years","Washington","243","2","16"
"60-69 years","Washington","226","12","28"
"70-79 years","Washington","125","10","21"
"80 & Older years","Washington","79","23","13"
"<1 years","Washington","10","0","0"
"Unknown years","Washington","6","0","0"
"01-04 years","Wayne","29","0","1"
"05-09 years","Wayne","31","0","0"
"10-17 years","Wayne","157","0","1"
"18-29 years","Wayne","395","1","9"
"30-39 years","Wayne","397","1","10"
"40-49 years","Wayne","472","1","36"
"50-59 years","Wayne","394","6","34"
"60-69 years","Wayne","315","18","63"
"70-79 years","Wayne","253","24","73"
"80 & Older years","Wayne","116","18","25"
"<1 years","Wayne","4","0","0"
"Unknown years","Wayne","2","0","0"
"10-17 years","Webster","3","0","0"
"18-29 years","Webster","17","0","1"
"30-39 years","Webster","8","0","1"
"40-49 years","Webster","16","0","2"
"50-59 years","Webster","18","2","4"
"60-69 years","Webster","22","1","4"
"70-79 years","Webster","7","0","1"
"80 & Older years","Webster","4","1","0"
"Unknown years","Webster","2","0","0"
"01-04 years","Wheeler","1","0","0"
"05-09 years","Wheeler","5","0","0"
"10-17 years","Wheeler","23","0","0"
"18-29 years","Wheeler","52","0","0"
"30-39 years","Wheeler","75","2","2"
"40-49 years","Wheeler","78","1","3"
"50-59 years","Wheeler","91","7","11"
"60-69 years","Wheeler","54","3","6"
"70-79 years","Wheeler","40","5","11"
"80 & Older years","Wheeler","9","3","1"
"<1 years","Wheeler","1","0","0"
"Unknown years","Wheeler","24","0","1"
"01-04 years","White","18","0","0"
"05-09 years","White","59","0","0"
"10-17 years","White","229","0","2"
"18-29 years","White","430","1","7"
"30-39 years","White","312","1","8"
"40-49 years","White","395","1","16"
"50-59 years","White","463","4","37"
"60-69 years","White","428","12","62"
"70-79 years","White","315","14","75"
"80 & Older years","White","178","30","68"
"<1 years","White","5","0","0"
"Unknown years","White","37","0","1"
"01-04 years","Whitfield","201","0","2"
"05-09 years","Whitfield","377","0","3"
"10-17 years","Whitfield","1313","0","6"
"18-29 years","Whitfield","3374","0","43"
"30-39 years","Whitfield","2183","5","58"
"40-49 years","Whitfield","2281","4","73"
"50-59 years","Whitfield","2079","25","115"
"60-69 years","Whitfield","1221","36","137"
"70-79 years","Whitfield","698","55","137"
"80 & Older years","Whitfield","405","87","116"
"<1 years","Whitfield","69","0","5"
"Unknown years","Whitfield","29","0","2"
"01-04 years","Wilcox","10","0","0"
"05-09 years","Wilcox","9","0","0"
"10-17 years","Wilcox","27","0","0"
"18-29 years","Wilcox","45","0","1"
"30-39 years","Wilcox","47","0","1"
"40-49 years","Wilcox","73","0","12"
"50-59 years","Wilcox","82","1","15"
"60-69 years","Wilcox","84","9","24"
"70-79 years","Wilcox","52","10","10"
"80 & Older years","Wilcox","24","8","6"
"<1 years","Wilcox","5","0","0"
"01-04 years","Wilkes","8","0","0"
"05-09 years","Wilkes","16","0","0"
"10-17 years","Wilkes","51","0","0"
"18-29 years","Wilkes","112","0","1"
"30-39 years","Wilkes","83","0","5"
"40-49 years","Wilkes","102","1","11"
"50-59 years","Wilkes","98","2","4"
"60-69 years","Wilkes","78","1","12"
"70-79 years","Wilkes","65","5","19"
"80 & Older years","Wilkes","32","8","14"
"<1 years","Wilkes","3","0","0"
"Unknown years","Wilkes","1","0","0"
"01-04 years","Wilkinson","6","0","0"
"05-09 years","Wilkinson","11","0","0"
"10-17 years","Wilkinson","30","0","1"
"18-29 years","Wilkinson","109","0","3"
"30-39 years","Wilkinson","88","0","5"
"40-49 years","Wilkinson","93","0","6"
"50-59 years","Wilkinson","147","4","24"
"60-69 years","Wilkinson","130","11","39"
"70-79 years","Wilkinson","59","6","22"
"80 & Older years","Wilkinson","38","4","15"
"01-04 years","Worth","13","0","0"
"05-09 years","Worth","15","0","0"
"10-17 years","Worth","77","0","3"
"18-29 years","Worth","177","0","8"
"30-39 years","Worth","142","0","10"
"40-49 years","Worth","152","1","15"
"50-59 years","Worth","187","4","25"
"60-69 years","Worth","193","19","51"
"70-79 years","Worth","116","16","30"
"80 & Older years","Worth","69","16","26"
"<1 years","Worth","4","0","0"
"Unknown years","Worth","1","0","0"
