"age group","county name","cases","deaths","confirmed_case_hospitalization"
"01-04 years","Georgia","22954","3","349"
"05-09 years","Georgia","43358","5","292"
"10-17 years","Georgia","121173","14","1161"
"18-29 years","Georgia","273533","214","5712"
"30-39 years","Georgia","207798","541","7602"
"40-49 years","Georgia","192581","1234","10642"
"50-59 years","Georgia","174935","2938","15511"
"60-69 years","Georgia","117428","5271","17502"
"70-79 years","Georgia","66575","6810","15872"
"80 & Older years","Georgia","36732","8012","11682"
"<1 years","Georgia","6828","0","411"
"Unknown years","Georgia","3867","0","151"
"01-04 years","Appling","55","0","0"
"05-09 years","Appling","91","0","0"
"10-17 years","Appling","334","0","3"
"18-29 years","Appling","494","1","7"
"30-39 years","Appling","365","2","10"
"40-49 years","Appling","375","8","27"
"50-59 years","Appling","398","11","40"
"60-69 years","Appling","332","21","67"
"70-79 years","Appling","221","24","45"
"80 & Older years","Appling","112","28","40"
"<1 years","Appling","9","0","0"
"01-04 years","Atkinson","20","0","1"
"05-09 years","Atkinson","45","0","1"
"10-17 years","Atkinson","116","0","1"
"18-29 years","Atkinson","245","0","15"
"30-39 years","Atkinson","182","0","14"
"40-49 years","Atkinson","188","4","33"
"50-59 years","Atkinson","182","5","36"
"60-69 years","Atkinson","115","7","36"
"70-79 years","Atkinson","62","8","25"
"80 & Older years","Atkinson","20","8","14"
"<1 years","Atkinson","4","0","0"
"01-04 years","Bacon","39","0","0"
"05-09 years","Bacon","53","0","0"
"10-17 years","Bacon","165","0","1"
"18-29 years","Bacon","513","0","8"
"30-39 years","Bacon","277","1","9"
"40-49 years","Bacon","288","4","20"
"50-59 years","Bacon","215","3","20"
"60-69 years","Bacon","199","17","44"
"70-79 years","Bacon","121","13","32"
"80 & Older years","Bacon","54","12","18"
"<1 years","Bacon","12","0","0"
"Unknown years","Bacon","1","0","0"
"01-04 years","Baker","10","0","0"
"05-09 years","Baker","11","0","0"
"10-17 years","Baker","13","0","0"
"18-29 years","Baker","43","0","0"
"30-39 years","Baker","27","0","4"
"40-49 years","Baker","28","3","3"
"50-59 years","Baker","34","0","4"
"60-69 years","Baker","39","3","16"
"70-79 years","Baker","20","3","11"
"80 & Older years","Baker","15","4","6"
"<1 years","Baker","2","0","0"
"01-04 years","Baldwin","67","0","1"
"05-09 years","Baldwin","142","0","0"
"10-17 years","Baldwin","403","1","5"
"18-29 years","Baldwin","1582","0","18"
"30-39 years","Baldwin","688","2","20"
"40-49 years","Baldwin","679","5","42"
"50-59 years","Baldwin","661","21","74"
"60-69 years","Baldwin","511","37","88"
"70-79 years","Baldwin","313","40","69"
"80 & Older years","Baldwin","194","61","73"
"<1 years","Baldwin","27","0","1"
"Unknown years","Baldwin","1","0","0"
"01-04 years","Banks","23","0","1"
"05-09 years","Banks","62","0","1"
"10-17 years","Banks","193","0","5"
"18-29 years","Banks","452","0","18"
"30-39 years","Banks","336","0","15"
"40-49 years","Banks","349","3","25"
"50-59 years","Banks","356","4","37"
"60-69 years","Banks","298","14","65"
"70-79 years","Banks","208","23","74"
"80 & Older years","Banks","100","14","34"
"<1 years","Banks","13","0","2"
"Unknown years","Banks","22","0","1"
"01-04 years","Barrow","200","0","0"
"05-09 years","Barrow","416","0","0"
"10-17 years","Barrow","1320","1","12"
"18-29 years","Barrow","2528","1","57"
"30-39 years","Barrow","2249","3","76"
"40-49 years","Barrow","2227","11","115"
"50-59 years","Barrow","1835","19","164"
"60-69 years","Barrow","1233","47","193"
"70-79 years","Barrow","680","52","130"
"80 & Older years","Barrow","303","58","108"
"<1 years","Barrow","65","0","5"
"Unknown years","Barrow","18","0","2"
"01-04 years","Bartow","244","0","7"
"05-09 years","Bartow","418","0","3"
"10-17 years","Bartow","1472","0","16"
"18-29 years","Bartow","2906","0","35"
"30-39 years","Bartow","2385","6","60"
"40-49 years","Bartow","2414","9","108"
"50-59 years","Bartow","2441","31","203"
"60-69 years","Bartow","1537","72","203"
"70-79 years","Bartow","1024","102","231"
"80 & Older years","Bartow","477","88","139"
"<1 years","Bartow","85","0","6"
"Unknown years","Bartow","68","0","6"
"01-04 years","Ben Hill","37","0","1"
"05-09 years","Ben Hill","31","0","0"
"10-17 years","Ben Hill","149","0","0"
"18-29 years","Ben Hill","357","0","5"
"30-39 years","Ben Hill","267","3","12"
"40-49 years","Ben Hill","258","2","14"
"50-59 years","Ben Hill","276","8","34"
"60-69 years","Ben Hill","237","16","35"
"70-79 years","Ben Hill","159","20","56"
"80 & Older years","Ben Hill","77","19","21"
"<1 years","Ben Hill","11","0","2"
"Unknown years","Ben Hill","1","0","0"
"01-04 years","Berrien","39","0","0"
"05-09 years","Berrien","43","0","0"
"10-17 years","Berrien","147","0","1"
"18-29 years","Berrien","285","0","0"
"30-39 years","Berrien","246","0","3"
"40-49 years","Berrien","194","1","6"
"50-59 years","Berrien","218","5","20"
"60-69 years","Berrien","173","11","25"
"70-79 years","Berrien","120","17","21"
"80 & Older years","Berrien","61","14","15"
"<1 years","Berrien","9","0","0"
"Unknown years","Berrien","1","0","0"
"01-04 years","Bibb","308","0","6"
"05-09 years","Bibb","534","0","0"
"10-17 years","Bibb","1571","0","14"
"18-29 years","Bibb","4519","4","123"
"30-39 years","Bibb","3352","10","171"
"40-49 years","Bibb","3065","28","288"
"50-59 years","Bibb","2763","58","381"
"60-69 years","Bibb","2128","130","524"
"70-79 years","Bibb","1192","158","438"
"80 & Older years","Bibb","718","188","358"
"<1 years","Bibb","89","0","8"
"Unknown years","Bibb","7","0","0"
"01-04 years","Bleckley","14","0","0"
"05-09 years","Bleckley","36","0","0"
"10-17 years","Bleckley","115","0","0"
"18-29 years","Bleckley","250","0","6"
"30-39 years","Bleckley","147","1","5"
"40-49 years","Bleckley","138","1","2"
"50-59 years","Bleckley","144","4","9"
"60-69 years","Bleckley","107","9","14"
"70-79 years","Bleckley","75","6","14"
"80 & Older years","Bleckley","62","18","13"
"<1 years","Bleckley","8","0","0"
"01-04 years","Brantley","34","0","0"
"05-09 years","Brantley","65","0","0"
"10-17 years","Brantley","204","0","1"
"18-29 years","Brantley","345","0","5"
"30-39 years","Brantley","271","2","7"
"40-49 years","Brantley","260","4","20"
"50-59 years","Brantley","300","17","33"
"60-69 years","Brantley","206","15","34"
"70-79 years","Brantley","140","24","42"
"80 & Older years","Brantley","60","13","16"
"<1 years","Brantley","5","0","0"
"01-04 years","Brooks","27","0","1"
"05-09 years","Brooks","49","0","0"
"10-17 years","Brooks","121","0","0"
"18-29 years","Brooks","258","0","4"
"30-39 years","Brooks","194","1","8"
"40-49 years","Brooks","185","2","14"
"50-59 years","Brooks","219","4","29"
"60-69 years","Brooks","139","11","28"
"70-79 years","Brooks","116","16","25"
"80 & Older years","Brooks","72","19","21"
"<1 years","Brooks","11","0","0"
"01-04 years","Bryan","117","0","0"
"05-09 years","Bryan","224","0","2"
"10-17 years","Bryan","598","0","5"
"18-29 years","Bryan","845","1","20"
"30-39 years","Bryan","791","4","26"
"40-49 years","Bryan","794","5","46"
"50-59 years","Bryan","536","7","49"
"60-69 years","Bryan","368","18","57"
"70-79 years","Bryan","219","19","82"
"80 & Older years","Bryan","79","10","31"
"<1 years","Bryan","40","0","2"
"Unknown years","Bryan","10","0","0"
"01-04 years","Bulloch","151","0","1"
"05-09 years","Bulloch","305","0","2"
"10-17 years","Bulloch","869","0","3"
"18-29 years","Bulloch","2965","1","13"
"30-39 years","Bulloch","1055","5","28"
"40-49 years","Bulloch","857","7","30"
"50-59 years","Bulloch","740","18","55"
"60-69 years","Bulloch","529","24","66"
"70-79 years","Bulloch","257","24","56"
"80 & Older years","Bulloch","126","19","42"
"<1 years","Bulloch","62","0","3"
"01-04 years","Burke","34","0","0"
"05-09 years","Burke","72","0","0"
"10-17 years","Burke","200","0","1"
"18-29 years","Burke","455","2","11"
"30-39 years","Burke","365","1","15"
"40-49 years","Burke","372","3","22"
"50-59 years","Burke","342","6","39"
"60-69 years","Burke","261","8","47"
"70-79 years","Burke","136","16","39"
"80 & Older years","Burke","47","12","19"
"<1 years","Burke","13","0","0"
"Unknown years","Burke","4","0","0"
"01-04 years","Butts","49","0","2"
"05-09 years","Butts","74","0","0"
"10-17 years","Butts","256","0","5"
"18-29 years","Butts","630","0","8"
"30-39 years","Butts","563","0","9"
"40-49 years","Butts","501","5","22"
"50-59 years","Butts","526","14","44"
"60-69 years","Butts","352","19","45"
"70-79 years","Butts","249","33","41"
"80 & Older years","Butts","143","38","12"
"<1 years","Butts","17","0","3"
"Unknown years","Butts","3","0","0"
"01-04 years","Calhoun","16","0","0"
"05-09 years","Calhoun","14","0","0"
"10-17 years","Calhoun","64","0","1"
"18-29 years","Calhoun","95","0","6"
"30-39 years","Calhoun","82","3","7"
"40-49 years","Calhoun","97","1","11"
"50-59 years","Calhoun","102","4","20"
"60-69 years","Calhoun","87","4","24"
"70-79 years","Calhoun","34","7","11"
"80 & Older years","Calhoun","22","2","10"
"<1 years","Calhoun","5","0","0"
"Unknown years","Calhoun","1","0","0"
"01-04 years","Camden","135","0","0"
"05-09 years","Camden","241","0","2"
"10-17 years","Camden","621","0","1"
"18-29 years","Camden","1308","0","10"
"30-39 years","Camden","1057","3","26"
"40-49 years","Camden","766","10","29"
"50-59 years","Camden","805","10","38"
"60-69 years","Camden","552","22","51"
"70-79 years","Camden","311","12","34"
"80 & Older years","Camden","129","22","28"
"<1 years","Camden","22","0","2"
"Unknown years","Camden","32","0","0"
"01-04 years","Candler","13","0","0"
"05-09 years","Candler","41","0","0"
"10-17 years","Candler","102","0","0"
"18-29 years","Candler","187","0","1"
"30-39 years","Candler","152","0","5"
"40-49 years","Candler","164","4","3"
"50-59 years","Candler","185","13","18"
"60-69 years","Candler","130","9","19"
"70-79 years","Candler","93","15","21"
"80 & Older years","Candler","35","8","15"
"<1 years","Candler","6","0","0"
"01-04 years","Carroll","167","0","1"
"05-09 years","Carroll","291","0","3"
"10-17 years","Carroll","1011","0","6"
"18-29 years","Carroll","2289","1","17"
"30-39 years","Carroll","1532","4","23"
"40-49 years","Carroll","1452","9","46"
"50-59 years","Carroll","1377","15","66"
"60-69 years","Carroll","980","31","96"
"70-79 years","Carroll","548","38","77"
"80 & Older years","Carroll","316","58","49"
"<1 years","Carroll","44","0","2"
"Unknown years","Carroll","14","0","1"
"01-04 years","Catoosa","160","0","0"
"05-09 years","Catoosa","294","0","1"
"10-17 years","Catoosa","881","0","2"
"18-29 years","Catoosa","1558","1","9"
"30-39 years","Catoosa","1253","2","14"
"40-49 years","Catoosa","1318","2","23"
"50-59 years","Catoosa","1187","11","48"
"60-69 years","Catoosa","809","11","69"
"70-79 years","Catoosa","480","24","71"
"80 & Older years","Catoosa","328","41","58"
"<1 years","Catoosa","64","0","1"
"Unknown years","Catoosa","89","0","4"
"01-04 years","Charlton","21","0","0"
"05-09 years","Charlton","45","0","0"
"10-17 years","Charlton","99","0","0"
"18-29 years","Charlton","404","1","3"
"30-39 years","Charlton","342","2","6"
"40-49 years","Charlton","281","3","13"
"50-59 years","Charlton","204","4","13"
"60-69 years","Charlton","200","11","29"
"70-79 years","Charlton","89","11","23"
"80 & Older years","Charlton","41","10","17"
"<1 years","Charlton","9","0","0"
"Unknown years","Charlton","1","0","0"
"01-04 years","Chatham","983","0","9"
"05-09 years","Chatham","1499","1","5"
"10-17 years","Chatham","3194","0","31"
"18-29 years","Chatham","7774","6","149"
"30-39 years","Chatham","5835","22","239"
"40-49 years","Chatham","4429","39","298"
"50-59 years","Chatham","3729","78","428"
"60-69 years","Chatham","2892","134","556"
"70-79 years","Chatham","1536","167","501"
"80 & Older years","Chatham","915","203","415"
"<1 years","Chatham","307","0","12"
"Unknown years","Chatham","35","0","2"
"01-04 years","Chattahoochee","8","0","0"
"05-09 years","Chattahoochee","20","0","0"
"10-17 years","Chattahoochee","171","0","2"
"18-29 years","Chattahoochee","4388","7","7"
"30-39 years","Chattahoochee","409","2","5"
"40-49 years","Chattahoochee","69","0","0"
"50-59 years","Chattahoochee","44","1","10"
"60-69 years","Chattahoochee","22","0","6"
"70-79 years","Chattahoochee","15","1","5"
"80 & Older years","Chattahoochee","9","3","5"
"<1 years","Chattahoochee","11","0","0"
"Unknown years","Chattahoochee","1","0","0"
"01-04 years","Chattooga","59","0","0"
"05-09 years","Chattooga","109","0","1"
"10-17 years","Chattooga","414","0","3"
"18-29 years","Chattooga","641","0","7"
"30-39 years","Chattooga","539","2","10"
"40-49 years","Chattooga","554","4","27"
"50-59 years","Chattooga","531","8","40"
"60-69 years","Chattooga","405","22","55"
"70-79 years","Chattooga","247","22","65"
"80 & Older years","Chattooga","144","30","37"
"<1 years","Chattooga","26","0","3"
"Unknown years","Chattooga","12","0","1"
"01-04 years","Cherokee","461","0","8"
"05-09 years","Cherokee","1175","0","10"
"10-17 years","Cherokee","3762","0","20"
"18-29 years","Cherokee","5903","1","114"
"30-39 years","Cherokee","4571","7","170"
"40-49 years","Cherokee","5089","12","220"
"50-59 years","Cherokee","4811","39","345"
"60-69 years","Cherokee","2905","75","379"
"70-79 years","Cherokee","1786","115","362"
"80 & Older years","Cherokee","1008","183","310"
"<1 years","Cherokee","124","0","7"
"Unknown years","Cherokee","18","0","0"
"01-04 years","Clarke","297","0","3"
"05-09 years","Clarke","505","0","6"
"10-17 years","Clarke","1133","0","15"
"18-29 years","Clarke","7817","0","85"
"30-39 years","Clarke","2288","3","74"
"40-49 years","Clarke","1825","5","93"
"50-59 years","Clarke","1546","15","123"
"60-69 years","Clarke","1015","33","140"
"70-79 years","Clarke","600","57","142"
"80 & Older years","Clarke","303","59","95"
"<1 years","Clarke","97","0","4"
"Unknown years","Clarke","17","0","0"
"01-04 years","Clay","3","0","0"
"05-09 years","Clay","5","0","0"
"10-17 years","Clay","23","0","0"
"18-29 years","Clay","37","0","0"
"30-39 years","Clay","39","0","1"
"40-49 years","Clay","40","0","2"
"50-59 years","Clay","22","1","3"
"60-69 years","Clay","27","1","2"
"70-79 years","Clay","21","0","0"
"80 & Older years","Clay","13","2","4"
"Unknown years","Clay","2","0","0"
"01-04 years","Clayton","843","0","15"
"05-09 years","Clayton","1437","1","11"
"10-17 years","Clayton","3447","1","56"
"18-29 years","Clayton","7201","8","180"
"30-39 years","Clayton","6564","31","287"
"40-49 years","Clayton","5573","51","316"
"50-59 years","Clayton","4915","104","436"
"60-69 years","Clayton","3073","182","394"
"70-79 years","Clayton","1271","171","271"
"80 & Older years","Clayton","589","150","160"
"<1 years","Clayton","192","0","14"
"Unknown years","Clayton","49","0","7"
"01-04 years","Clinch","21","0","0"
"05-09 years","Clinch","37","0","0"
"10-17 years","Clinch","100","0","0"
"18-29 years","Clinch","187","0","2"
"30-39 years","Clinch","151","1","5"
"40-49 years","Clinch","135","0","4"
"50-59 years","Clinch","139","3","18"
"60-69 years","Clinch","138","11","23"
"70-79 years","Clinch","67","10","22"
"80 & Older years","Clinch","23","8","10"
"<1 years","Clinch","7","0","0"
"01-04 years","Cobb","1432","1","23"
"05-09 years","Cobb","3239","0","26"
"10-17 years","Cobb","8119","0","68"
"18-29 years","Cobb","19874","9","298"
"30-39 years","Cobb","14240","34","356"
"40-49 years","Cobb","13261","58","542"
"50-59 years","Cobb","11438","120","737"
"60-69 years","Cobb","6972","226","726"
"70-79 years","Cobb","3776","354","686"
"80 & Older years","Cobb","2173","487","619"
"<1 years","Cobb","360","0","23"
"Unknown years","Cobb","102","0","2"
"01-04 years","Coffee","142","0","2"
"05-09 years","Coffee","224","0","3"
"10-17 years","Coffee","563","0","6"
"18-29 years","Coffee","1269","1","39"
"30-39 years","Coffee","983","5","66"
"40-49 years","Coffee","961","13","138"
"50-59 years","Coffee","910","23","190"
"60-69 years","Coffee","682","47","191"
"70-79 years","Coffee","350","52","159"
"80 & Older years","Coffee","186","43","103"
"<1 years","Coffee","41","0","4"
"01-04 years","Colquitt","85","0","0"
"05-09 years","Colquitt","212","0","2"
"10-17 years","Colquitt","676","0","10"
"18-29 years","Colquitt","1093","1","28"
"30-39 years","Colquitt","815","3","31"
"40-49 years","Colquitt","818","8","45"
"50-59 years","Colquitt","739","23","53"
"60-69 years","Colquitt","525","31","61"
"70-79 years","Colquitt","339","29","61"
"80 & Older years","Colquitt","182","34","41"
"<1 years","Colquitt","36","0","2"
"Unknown years","Colquitt","1","0","0"
"01-04 years","Columbia","236","1","3"
"05-09 years","Columbia","553","1","4"
"10-17 years","Columbia","1676","0","9"
"18-29 years","Columbia","2880","1","35"
"30-39 years","Columbia","2705","6","45"
"40-49 years","Columbia","2354","15","69"
"50-59 years","Columbia","1930","35","107"
"60-69 years","Columbia","1258","39","122"
"70-79 years","Columbia","652","64","138"
"80 & Older years","Columbia","391","83","128"
"<1 years","Columbia","63","0","4"
"Unknown years","Columbia","10","0","0"
"01-04 years","Cook","34","0","3"
"05-09 years","Cook","62","0","0"
"10-17 years","Cook","161","0","2"
"18-29 years","Cook","308","0","7"
"30-39 years","Cook","253","0","4"
"40-49 years","Cook","253","3","19"
"50-59 years","Cook","225","7","22"
"60-69 years","Cook","162","10","23"
"70-79 years","Cook","120","13","30"
"80 & Older years","Cook","74","19","16"
"<1 years","Cook","17","0","2"
"Unknown years","Cook","1","0","0"
"01-04 years","Coweta","249","0","2"
"05-09 years","Coweta","436","0","1"
"10-17 years","Coweta","1329","0","11"
"18-29 years","Coweta","2271","5","50"
"30-39 years","Coweta","1855","11","89"
"40-49 years","Coweta","1944","25","123"
"50-59 years","Coweta","2113","46","163"
"60-69 years","Coweta","1285","63","151"
"70-79 years","Coweta","792","92","136"
"80 & Older years","Coweta","412","94","84"
"<1 years","Coweta","59","0","4"
"Unknown years","Coweta","15","0","0"
"01-04 years","Crawford","4","0","0"
"05-09 years","Crawford","10","0","0"
"10-17 years","Crawford","50","0","2"
"18-29 years","Crawford","132","0","3"
"30-39 years","Crawford","133","1","9"
"40-49 years","Crawford","96","3","7"
"50-59 years","Crawford","163","8","22"
"60-69 years","Crawford","141","10","23"
"70-79 years","Crawford","70","12","21"
"80 & Older years","Crawford","32","3","15"
"Unknown years","Crawford","1","0","0"
"01-04 years","Crisp","30","0","0"
"05-09 years","Crisp","55","0","0"
"10-17 years","Crisp","192","0","2"
"18-29 years","Crisp","309","0","13"
"30-39 years","Crisp","306","1","18"
"40-49 years","Crisp","263","4","22"
"50-59 years","Crisp","247","4","31"
"60-69 years","Crisp","230","19","46"
"70-79 years","Crisp","121","16","34"
"80 & Older years","Crisp","75","20","18"
"<1 years","Crisp","18","0","0"
"Unknown years","Crisp","7","0","0"
"01-04 years","Dade","37","0","0"
"05-09 years","Dade","79","0","0"
"10-17 years","Dade","205","0","1"
"18-29 years","Dade","347","0","1"
"30-39 years","Dade","240","0","2"
"40-49 years","Dade","274","1","7"
"50-59 years","Dade","230","3","13"
"60-69 years","Dade","187","1","11"
"70-79 years","Dade","130","9","22"
"80 & Older years","Dade","58","3","10"
"<1 years","Dade","8","0","0"
"Unknown years","Dade","25","0","1"
"01-04 years","Dawson","71","0","0"
"05-09 years","Dawson","127","0","0"
"10-17 years","Dawson","355","0","6"
"18-29 years","Dawson","786","0","19"
"30-39 years","Dawson","658","2","25"
"40-49 years","Dawson","602","1","36"
"50-59 years","Dawson","622","6","52"
"60-69 years","Dawson","479","11","91"
"70-79 years","Dawson","296","27","63"
"80 & Older years","Dawson","117","23","37"
"<1 years","Dawson","24","0","3"
"Unknown years","Dawson","26","0","1"
"01-04 years","DeKalb","1651","0","27"
"05-09 years","DeKalb","2832","0","30"
"10-17 years","DeKalb","6405","0","96"
"18-29 years","DeKalb","18219","14","554"
"30-39 years","DeKalb","15753","26","781"
"40-49 years","DeKalb","12276","59","866"
"50-59 years","DeKalb","10455","148","1125"
"60-69 years","DeKalb","6663","241","1236"
"70-79 years","DeKalb","3293","317","922"
"80 & Older years","DeKalb","1926","407","627"
"<1 years","DeKalb","379","0","23"
"Unknown years","DeKalb","309","0","25"
"01-04 years","Decatur","140","0","2"
"05-09 years","Decatur","170","0","0"
"10-17 years","Decatur","385","0","1"
"18-29 years","Decatur","671","1","17"
"30-39 years","Decatur","506","1","11"
"40-49 years","Decatur","500","3","32"
"50-59 years","Decatur","424","10","43"
"60-69 years","Decatur","320","16","52"
"70-79 years","Decatur","196","24","40"
"80 & Older years","Decatur","115","22","25"
"<1 years","Decatur","35","0","0"
"Unknown years","Decatur","6","0","0"
"01-04 years","Dodge","19","0","0"
"05-09 years","Dodge","40","0","0"
"10-17 years","Dodge","172","1","2"
"18-29 years","Dodge","294","0","6"
"30-39 years","Dodge","215","0","10"
"40-49 years","Dodge","225","3","12"
"50-59 years","Dodge","222","6","23"
"60-69 years","Dodge","170","18","31"
"70-79 years","Dodge","97","18","24"
"80 & Older years","Dodge","62","14","16"
"<1 years","Dodge","9","0","0"
"01-04 years","Dooly","16","0","0"
"05-09 years","Dooly","32","0","0"
"10-17 years","Dooly","105","0","1"
"18-29 years","Dooly","182","1","5"
"30-39 years","Dooly","136","0","11"
"40-49 years","Dooly","176","2","12"
"50-59 years","Dooly","171","6","21"
"60-69 years","Dooly","145","11","25"
"70-79 years","Dooly","68","10","20"
"80 & Older years","Dooly","26","7","6"
"<1 years","Dooly","6","0","0"
"Unknown years","Dooly","18","0","0"
"01-04 years","Dougherty","201","0","4"
"05-09 years","Dougherty","396","0","0"
"10-17 years","Dougherty","850","0","14"
"18-29 years","Dougherty","1721","3","132"
"30-39 years","Dougherty","1458","7","115"
"40-49 years","Dougherty","1280","27","161"
"50-59 years","Dougherty","1233","39","215"
"60-69 years","Dougherty","1002","100","317"
"70-79 years","Dougherty","553","89","217"
"80 & Older years","Dougherty","335","115","160"
"<1 years","Dougherty","66","0","6"
"Unknown years","Dougherty","9","0","0"
"01-04 years","Douglas","330","0","6"
"05-09 years","Douglas","655","0","9"
"10-17 years","Douglas","1838","1","25"
"18-29 years","Douglas","3336","0","60"
"30-39 years","Douglas","2870","6","101"
"40-49 years","Douglas","3099","12","161"
"50-59 years","Douglas","2655","32","214"
"60-69 years","Douglas","1554","52","220"
"70-79 years","Douglas","774","72","176"
"80 & Older years","Douglas","371","69","113"
"<1 years","Douglas","80","0","7"
"Unknown years","Douglas","23","0","2"
"01-04 years","Early","41","0","0"
"05-09 years","Early","55","0","0"
"10-17 years","Early","223","0","0"
"18-29 years","Early","253","1","9"
"30-39 years","Early","219","1","6"
"40-49 years","Early","235","1","11"
"50-59 years","Early","216","5","17"
"60-69 years","Early","147","12","20"
"70-79 years","Early","98","18","23"
"80 & Older years","Early","50","13","17"
"<1 years","Early","5","0","0"
"Unknown years","Early","4","0","1"
"01-04 years","Echols","11","0","0"
"05-09 years","Echols","8","0","0"
"10-17 years","Echols","32","0","1"
"18-29 years","Echols","141","0","1"
"30-39 years","Echols","67","1","3"
"40-49 years","Echols","49","0","1"
"50-59 years","Echols","52","1","2"
"60-69 years","Echols","24","0","0"
"70-79 years","Echols","20","2","3"
"80 & Older years","Echols","4","1","2"
"<1 years","Echols","2","0","0"
"01-04 years","Effingham","166","0","2"
"05-09 years","Effingham","359","0","3"
"10-17 years","Effingham","888","0","2"
"18-29 years","Effingham","1200","1","12"
"30-39 years","Effingham","1201","4","37"
"40-49 years","Effingham","1053","10","62"
"50-59 years","Effingham","960","32","107"
"60-69 years","Effingham","609","24","112"
"70-79 years","Effingham","335","39","102"
"80 & Older years","Effingham","154","40","48"
"<1 years","Effingham","54","0","4"
"Unknown years","Effingham","4","0","0"
"01-04 years","Elbert","33","0","0"
"05-09 years","Elbert","58","0","0"
"10-17 years","Elbert","154","0","2"
"18-29 years","Elbert","367","1","4"
"30-39 years","Elbert","270","0","10"
"40-49 years","Elbert","284","1","14"
"50-59 years","Elbert","288","2","24"
"60-69 years","Elbert","237","7","32"
"70-79 years","Elbert","185","23","44"
"80 & Older years","Elbert","149","34","49"
"<1 years","Elbert","15","0","4"
"Unknown years","Elbert","6","0","0"
"01-04 years","Emanuel","60","0","1"
"05-09 years","Emanuel","88","0","0"
"10-17 years","Emanuel","314","0","2"
"18-29 years","Emanuel","518","1","4"
"30-39 years","Emanuel","390","0","18"
"40-49 years","Emanuel","416","4","16"
"50-59 years","Emanuel","352","9","35"
"60-69 years","Emanuel","285","16","32"
"70-79 years","Emanuel","173","21","31"
"80 & Older years","Emanuel","73","21","23"
"<1 years","Emanuel","12","0","1"
"Unknown years","Emanuel","9","0","1"
"01-04 years","Evans","24","0","0"
"05-09 years","Evans","44","0","0"
"10-17 years","Evans","116","0","2"
"18-29 years","Evans","217","1","3"
"30-39 years","Evans","193","0","4"
"40-49 years","Evans","169","4","20"
"50-59 years","Evans","163","6","21"
"60-69 years","Evans","97","7","19"
"70-79 years","Evans","65","14","23"
"80 & Older years","Evans","24","4","14"
"<1 years","Evans","6","0","0"
"01-04 years","Fannin","30","0","1"
"05-09 years","Fannin","74","0","0"
"10-17 years","Fannin","276","0","2"
"18-29 years","Fannin","432","0","8"
"30-39 years","Fannin","373","1","9"
"40-49 years","Fannin","412","4","17"
"50-59 years","Fannin","524","6","40"
"60-69 years","Fannin","513","17","60"
"70-79 years","Fannin","359","26","66"
"80 & Older years","Fannin","184","37","55"
"<1 years","Fannin","9","0","0"
"01-04 years","Fayette","157","0","1"
"05-09 years","Fayette","349","0","3"
"10-17 years","Fayette","1060","0","12"
"18-29 years","Fayette","1710","3","23"
"30-39 years","Fayette","1211","5","34"
"40-49 years","Fayette","1540","6","69"
"50-59 years","Fayette","1568","16","123"
"60-69 years","Fayette","1126","33","113"
"70-79 years","Fayette","596","72","140"
"80 & Older years","Fayette","385","78","88"
"<1 years","Fayette","38","0","1"
"Unknown years","Fayette","10","0","0"
"01-04 years","Floyd","265","0","5"
"05-09 years","Floyd","495","0","1"
"10-17 years","Floyd","1782","1","13"
"18-29 years","Floyd","3073","3","51"
"30-39 years","Floyd","2382","7","72"
"40-49 years","Floyd","2181","15","127"
"50-59 years","Floyd","2181","43","220"
"60-69 years","Floyd","1515","59","254"
"70-79 years","Floyd","925","83","248"
"80 & Older years","Floyd","503","94","178"
"<1 years","Floyd","107","0","4"
"Unknown years","Floyd","74","0","3"
"01-04 years","Forsyth","510","0","6"
"05-09 years","Forsyth","1545","0","2"
"10-17 years","Forsyth","3964","0","10"
"18-29 years","Forsyth","4291","0","60"
"30-39 years","Forsyth","3607","2","78"
"40-49 years","Forsyth","4675","10","172"
"50-59 years","Forsyth","3988","24","224"
"60-69 years","Forsyth","2060","41","222"
"70-79 years","Forsyth","1194","83","262"
"80 & Older years","Forsyth","670","106","195"
"<1 years","Forsyth","107","0","3"
"Unknown years","Forsyth","307","0","3"
"01-04 years","Franklin","39","0","1"
"05-09 years","Franklin","89","0","0"
"10-17 years","Franklin","318","0","6"
"18-29 years","Franklin","621","1","15"
"30-39 years","Franklin","451","0","11"
"40-49 years","Franklin","460","1","22"
"50-59 years","Franklin","461","4","35"
"60-69 years","Franklin","408","8","45"
"70-79 years","Franklin","260","27","49"
"80 & Older years","Franklin","125","26","32"
"<1 years","Franklin","18","0","3"
"Unknown years","Franklin","35","0","0"
"01-04 years","Fulton","1987","0","51"
"05-09 years","Fulton","3606","0","35"
"10-17 years","Fulton","9613","1","111"
"18-29 years","Fulton","27903","5","607"
"30-39 years","Fulton","21392","45","853"
"40-49 years","Fulton","16602","57","964"
"50-59 years","Fulton","14248","172","1367"
"60-69 years","Fulton","8470","317","1243"
"70-79 years","Fulton","4352","441","1052"
"80 & Older years","Fulton","2986","611","965"
"<1 years","Fulton","480","0","36"
"Unknown years","Fulton","110","0","33"
"01-04 years","Gilmer","49","0","2"
"05-09 years","Gilmer","65","0","0"
"10-17 years","Gilmer","307","0","3"
"18-29 years","Gilmer","501","0","17"
"30-39 years","Gilmer","471","2","23"
"40-49 years","Gilmer","486","1","24"
"50-59 years","Gilmer","550","15","45"
"60-69 years","Gilmer","523","19","67"
"70-79 years","Gilmer","368","40","91"
"80 & Older years","Gilmer","170","42","53"
"<1 years","Gilmer","17","0","0"
"Unknown years","Gilmer","1","0","0"
"01-04 years","Glascock","1","0","0"
"05-09 years","Glascock","5","0","0"
"10-17 years","Glascock","6","0","0"
"18-29 years","Glascock","26","0","1"
"30-39 years","Glascock","23","0","2"
"40-49 years","Glascock","29","0","1"
"50-59 years","Glascock","38","2","4"
"60-69 years","Glascock","20","0","5"
"70-79 years","Glascock","28","3","9"
"80 & Older years","Glascock","9","2","5"
"<1 years","Glascock","1","0","0"
"Unknown years","Glascock","1","0","0"
"01-04 years","Glynn","282","0","2"
"05-09 years","Glynn","588","0","1"
"10-17 years","Glynn","1425","0","3"
"18-29 years","Glynn","2400","4","33"
"30-39 years","Glynn","2022","9","45"
"40-49 years","Glynn","1685","15","62"
"50-59 years","Glynn","1509","36","109"
"60-69 years","Glynn","1217","76","168"
"70-79 years","Glynn","708","75","118"
"80 & Older years","Glynn","373","86","117"
"<1 years","Glynn","69","0","3"
"Unknown years","Glynn","87","0","0"
"01-04 years","Gordon","150","0","1"
"05-09 years","Gordon","235","1","2"
"10-17 years","Gordon","906","0","7"
"18-29 years","Gordon","1715","3","19"
"30-39 years","Gordon","1372","4","30"
"40-49 years","Gordon","1377","9","44"
"50-59 years","Gordon","1297","23","74"
"60-69 years","Gordon","852","48","83"
"70-79 years","Gordon","459","44","101"
"80 & Older years","Gordon","234","42","64"
"<1 years","Gordon","55","0","3"
"Unknown years","Gordon","68","0","1"
"01-04 years","Grady","67","0","1"
"05-09 years","Grady","118","0","0"
"10-17 years","Grady","278","0","5"
"18-29 years","Grady","372","0","15"
"30-39 years","Grady","366","0","16"
"40-49 years","Grady","347","2","32"
"50-59 years","Grady","324","11","40"
"60-69 years","Grady","236","8","35"
"70-79 years","Grady","204","25","64"
"80 & Older years","Grady","68","18","25"
"<1 years","Grady","20","0","2"
"Unknown years","Grady","6","0","0"
"01-04 years","Greene","33","0","1"
"05-09 years","Greene","72","0","0"
"10-17 years","Greene","211","0","3"
"18-29 years","Greene","370","0","10"
"30-39 years","Greene","270","0","11"
"40-49 years","Greene","258","4","21"
"50-59 years","Greene","309","7","28"
"60-69 years","Greene","313","9","32"
"70-79 years","Greene","228","13","40"
"80 & Older years","Greene","125","30","50"
"<1 years","Greene","10","0","2"
"Unknown years","Greene","2","0","0"
"01-04 years","Gwinnett","2139","0","25"
"05-09 years","Gwinnett","3893","0","28"
"10-17 years","Gwinnett","10960","2","81"
"18-29 years","Gwinnett","24216","16","604"
"30-39 years","Gwinnett","19017","32","663"
"40-49 years","Gwinnett","19716","87","938"
"50-59 years","Gwinnett","16210","160","1111"
"60-69 years","Gwinnett","9114","281","1099"
"70-79 years","Gwinnett","4097","333","893"
"80 & Older years","Gwinnett","2232","465","773"
"<1 years","Gwinnett","630","0","28"
"Unknown years","Gwinnett","121","0","3"
"01-04 years","Habersham","63","0","2"
"05-09 years","Habersham","117","0","0"
"10-17 years","Habersham","479","1","9"
"18-29 years","Habersham","1189","1","21"
"30-39 years","Habersham","927","4","36"
"40-49 years","Habersham","936","5","61"
"50-59 years","Habersham","984","13","90"
"60-69 years","Habersham","762","28","144"
"70-79 years","Habersham","533","61","140"
"80 & Older years","Habersham","345","78","106"
"<1 years","Habersham","36","0","11"
"Unknown years","Habersham","46","0","4"
"01-04 years","Hall","336","0","9"
"05-09 years","Hall","768","0","7"
"10-17 years","Hall","3050","0","39"
"18-29 years","Hall","7242","5","231"
"30-39 years","Hall","5141","7","276"
"40-49 years","Hall","5142","27","376"
"50-59 years","Hall","5202","59","548"
"60-69 years","Hall","3419","110","546"
"70-79 years","Hall","2174","160","609"
"80 & Older years","Hall","1212","239","463"
"<1 years","Hall","102","0","15"
"Unknown years","Hall","288","0","10"
"01-04 years","Hancock","9","0","0"
"05-09 years","Hancock","13","0","0"
"10-17 years","Hancock","48","0","1"
"18-29 years","Hancock","169","0","3"
"30-39 years","Hancock","142","1","4"
"40-49 years","Hancock","125","1","7"
"50-59 years","Hancock","165","6","17"
"60-69 years","Hancock","166","20","36"
"70-79 years","Hancock","90","22","28"
"80 & Older years","Hancock","68","25","25"
"<1 years","Hancock","5","0","0"
"01-04 years","Haralson","34","0","0"
"05-09 years","Haralson","66","0","0"
"10-17 years","Haralson","246","0","2"
"18-29 years","Haralson","487","0","5"
"30-39 years","Haralson","326","0","8"
"40-49 years","Haralson","361","2","9"
"50-59 years","Haralson","390","6","14"
"60-69 years","Haralson","245","14","25"
"70-79 years","Haralson","152","15","20"
"80 & Older years","Haralson","63","9","11"
"<1 years","Haralson","14","0","1"
"Unknown years","Haralson","5","0","0"
"01-04 years","Harris","47","0","0"
"05-09 years","Harris","85","0","0"
"10-17 years","Harris","307","0","3"
"18-29 years","Harris","497","0","10"
"30-39 years","Harris","390","0","14"
"40-49 years","Harris","533","5","20"
"50-59 years","Harris","531","10","46"
"60-69 years","Harris","432","17","69"
"70-79 years","Harris","268","32","60"
"80 & Older years","Harris","82","16","22"
"<1 years","Harris","9","0","0"
"Unknown years","Harris","15","0","0"
"01-04 years","Hart","36","0","0"
"05-09 years","Hart","46","0","1"
"10-17 years","Hart","184","0","0"
"18-29 years","Hart","412","0","3"
"30-39 years","Hart","362","0","12"
"40-49 years","Hart","308","2","17"
"50-59 years","Hart","377","3","28"
"60-69 years","Hart","269","15","34"
"70-79 years","Hart","183","11","35"
"80 & Older years","Hart","98","16","32"
"<1 years","Hart","13","0","1"
"Unknown years","Hart","17","0","0"
"01-04 years","Heard","13","0","0"
"05-09 years","Heard","42","0","0"
"10-17 years","Heard","123","0","1"
"18-29 years","Heard","179","2","2"
"30-39 years","Heard","122","0","1"
"40-49 years","Heard","166","1","14"
"50-59 years","Heard","163","2","7"
"60-69 years","Heard","123","5","16"
"70-79 years","Heard","67","8","17"
"80 & Older years","Heard","29","7","5"
"<1 years","Heard","7","0","0"
"Unknown years","Heard","1","0","0"
"01-04 years","Henry","516","0","10"
"05-09 years","Henry","1024","0","5"
"10-17 years","Henry","3044","0","36"
"18-29 years","Henry","5473","2","85"
"30-39 years","Henry","4792","12","133"
"40-49 years","Henry","4990","35","215"
"50-59 years","Henry","4578","52","257"
"60-69 years","Henry","2549","120","229"
"70-79 years","Henry","1254","122","165"
"80 & Older years","Henry","616","129","102"
"<1 years","Henry","135","0","10"
"Unknown years","Henry","46","0","3"
"01-04 years","Houston","278","0","4"
"05-09 years","Houston","582","0","1"
"10-17 years","Houston","1775","0","10"
"18-29 years","Houston","3226","7","64"
"30-39 years","Houston","2955","7","92"
"40-49 years","Houston","2552","18","145"
"50-59 years","Houston","2095","33","180"
"60-69 years","Houston","1376","68","229"
"70-79 years","Houston","729","78","203"
"80 & Older years","Houston","379","72","128"
"<1 years","Houston","68","0","8"
"Unknown years","Houston","15","0","0"
"01-04 years","Irwin","7","0","0"
"05-09 years","Irwin","16","0","0"
"10-17 years","Irwin","66","0","0"
"18-29 years","Irwin","176","0","6"
"30-39 years","Irwin","147","0","8"
"40-49 years","Irwin","159","1","10"
"50-59 years","Irwin","131","3","12"
"60-69 years","Irwin","101","1","23"
"70-79 years","Irwin","55","7","9"
"80 & Older years","Irwin","40","8","24"
"Unknown years","Irwin","2","0","0"
"01-04 years","Jackson","143","0","2"
"05-09 years","Jackson","361","0","2"
"10-17 years","Jackson","1508","1","13"
"18-29 years","Jackson","2123","3","43"
"30-39 years","Jackson","2109","5","64"
"40-49 years","Jackson","2114","9","101"
"50-59 years","Jackson","1932","20","148"
"60-69 years","Jackson","1293","42","144"
"70-79 years","Jackson","837","52","161"
"80 & Older years","Jackson","408","70","131"
"<1 years","Jackson","45","0","5"
"Unknown years","Jackson","19","0","1"
"01-04 years","Jasper","16","0","0"
"05-09 years","Jasper","21","0","0"
"10-17 years","Jasper","78","0","2"
"18-29 years","Jasper","182","0","8"
"30-39 years","Jasper","151","2","7"
"40-49 years","Jasper","157","1","10"
"50-59 years","Jasper","178","5","20"
"60-69 years","Jasper","132","12","29"
"70-79 years","Jasper","72","7","15"
"80 & Older years","Jasper","29","6","9"
"<1 years","Jasper","10","0","3"
"Unknown years","Jasper","2","0","0"
"01-04 years","Jeff Davis","45","0","0"
"05-09 years","Jeff Davis","86","0","0"
"10-17 years","Jeff Davis","185","0","2"
"18-29 years","Jeff Davis","365","0","6"
"30-39 years","Jeff Davis","292","0","9"
"40-49 years","Jeff Davis","287","1","22"
"50-59 years","Jeff Davis","245","9","25"
"60-69 years","Jeff Davis","154","10","25"
"70-79 years","Jeff Davis","112","15","24"
"80 & Older years","Jeff Davis","26","9","7"
"<1 years","Jeff Davis","12","0","1"
"01-04 years","Jefferson","27","0","2"
"05-09 years","Jefferson","46","0","0"
"10-17 years","Jefferson","138","0","2"
"18-29 years","Jefferson","299","0","3"
"30-39 years","Jefferson","253","1","10"
"40-49 years","Jefferson","256","5","20"
"50-59 years","Jefferson","304","6","28"
"60-69 years","Jefferson","278","13","40"
"70-79 years","Jefferson","170","20","45"
"80 & Older years","Jefferson","73","22","32"
"<1 years","Jefferson","6","0","1"
"Unknown years","Jefferson","9","0","0"
"01-04 years","Jenkins","24","0","0"
"05-09 years","Jenkins","29","0","0"
"10-17 years","Jenkins","81","0","1"
"18-29 years","Jenkins","149","0","2"
"30-39 years","Jenkins","102","2","6"
"40-49 years","Jenkins","141","4","14"
"50-59 years","Jenkins","155","7","26"
"60-69 years","Jenkins","97","7","14"
"70-79 years","Jenkins","63","13","21"
"80 & Older years","Jenkins","52","10","11"
"<1 years","Jenkins","4","0","0"
"Unknown years","Jenkins","1","0","0"
"01-04 years","Johnson","12","0","1"
"05-09 years","Johnson","22","0","0"
"10-17 years","Johnson","63","0","1"
"18-29 years","Johnson","166","0","5"
"30-39 years","Johnson","138","1","6"
"40-49 years","Johnson","135","3","7"
"50-59 years","Johnson","157","7","18"
"60-69 years","Johnson","146","9","23"
"70-79 years","Johnson","101","11","27"
"80 & Older years","Johnson","75","21","25"
"<1 years","Johnson","9","0","2"
"01-04 years","Jones","30","0","1"
"05-09 years","Jones","71","0","0"
"10-17 years","Jones","192","0","1"
"18-29 years","Jones","498","2","13"
"30-39 years","Jones","434","2","17"
"40-49 years","Jones","395","5","28"
"50-59 years","Jones","394","8","44"
"60-69 years","Jones","283","14","61"
"70-79 years","Jones","184","32","64"
"80 & Older years","Jones","97","23","28"
"<1 years","Jones","7","0","0"
"Unknown years","Jones","2","0","0"
"01-04 years","Lamar","67","0","0"
"05-09 years","Lamar","110","0","0"
"10-17 years","Lamar","290","0","5"
"18-29 years","Lamar","374","0","9"
"30-39 years","Lamar","322","2","15"
"40-49 years","Lamar","288","5","16"
"50-59 years","Lamar","280","10","41"
"60-69 years","Lamar","266","21","38"
"70-79 years","Lamar","167","18","34"
"80 & Older years","Lamar","82","23","24"
"<1 years","Lamar","39","0","1"
"01-04 years","Lanier","15","0","0"
"05-09 years","Lanier","23","0","1"
"10-17 years","Lanier","84","0","1"
"18-29 years","Lanier","151","1","3"
"30-39 years","Lanier","175","0","3"
"40-49 years","Lanier","106","1","4"
"50-59 years","Lanier","94","2","7"
"60-69 years","Lanier","58","3","3"
"70-79 years","Lanier","43","5","7"
"80 & Older years","Lanier","21","0","6"
"<1 years","Lanier","6","0","0"
"Unknown years","Lanier","1","0","0"
"01-04 years","Laurens","107","0","1"
"05-09 years","Laurens","173","0","2"
"10-17 years","Laurens","583","0","5"
"18-29 years","Laurens","1111","0","13"
"30-39 years","Laurens","873","3","22"
"40-49 years","Laurens","865","10","36"
"50-59 years","Laurens","787","26","70"
"60-69 years","Laurens","629","46","98"
"70-79 years","Laurens","395","57","96"
"80 & Older years","Laurens","258","56","72"
"<1 years","Laurens","33","0","4"
"Unknown years","Laurens","5","0","0"
"01-04 years","Lee","54","0","0"
"05-09 years","Lee","85","0","3"
"10-17 years","Lee","263","0","5"
"18-29 years","Lee","415","1","20"
"30-39 years","Lee","490","1","27"
"40-49 years","Lee","460","7","44"
"50-59 years","Lee","382","14","71"
"60-69 years","Lee","263","19","59"
"70-79 years","Lee","115","17","41"
"80 & Older years","Lee","71","13","30"
"<1 years","Lee","15","0","0"
"Unknown years","Lee","4","0","0"
"01-04 years","Liberty","226","0","1"
"05-09 years","Liberty","361","0","3"
"10-17 years","Liberty","776","0","4"
"18-29 years","Liberty","1976","2","23"
"30-39 years","Liberty","1148","4","38"
"40-49 years","Liberty","735","4","29"
"50-59 years","Liberty","640","20","68"
"60-69 years","Liberty","404","25","68"
"70-79 years","Liberty","178","22","63"
"80 & Older years","Liberty","77","20","28"
"<1 years","Liberty","72","0","3"
"Unknown years","Liberty","11","0","0"
"01-04 years","Lincoln","17","0","0"
"05-09 years","Lincoln","22","0","1"
"10-17 years","Lincoln","53","0","0"
"18-29 years","Lincoln","119","0","4"
"30-39 years","Lincoln","103","0","4"
"40-49 years","Lincoln","104","1","9"
"50-59 years","Lincoln","90","3","5"
"60-69 years","Lincoln","88","7","19"
"70-79 years","Lincoln","62","9","17"
"80 & Older years","Lincoln","22","7","10"
"<1 years","Lincoln","4","0","0"
"Unknown years","Lincoln","5","0","0"
"01-04 years","Long","47","0","0"
"05-09 years","Long","85","0","0"
"10-17 years","Long","187","0","0"
"18-29 years","Long","275","0","0"
"30-39 years","Long","269","2","7"
"40-49 years","Long","199","4","12"
"50-59 years","Long","129","3","17"
"60-69 years","Long","103","3","17"
"70-79 years","Long","51","6","15"
"80 & Older years","Long","22","2","10"
"<1 years","Long","14","0","0"
"Unknown years","Long","1","0","0"
"01-04 years","Lowndes","252","0","0"
"05-09 years","Lowndes","361","0","1"
"10-17 years","Lowndes","951","0","10"
"18-29 years","Lowndes","3225","6","41"
"30-39 years","Lowndes","1877","6","38"
"40-49 years","Lowndes","1443","13","63"
"50-59 years","Lowndes","1216","25","88"
"60-69 years","Lowndes","817","45","113"
"70-79 years","Lowndes","473","61","101"
"80 & Older years","Lowndes","272","69","76"
"<1 years","Lowndes","90","0","1"
"Unknown years","Lowndes","17","0","0"
"01-04 years","Lumpkin","32","0","1"
"05-09 years","Lumpkin","107","0","3"
"10-17 years","Lumpkin","317","0","3"
"18-29 years","Lumpkin","1113","0","21"
"30-39 years","Lumpkin","594","1","19"
"40-49 years","Lumpkin","551","1","32"
"50-59 years","Lumpkin","616","10","72"
"60-69 years","Lumpkin","537","21","84"
"70-79 years","Lumpkin","356","20","94"
"80 & Older years","Lumpkin","185","39","85"
"<1 years","Lumpkin","20","0","2"
"Unknown years","Lumpkin","25","0","2"
"01-04 years","Macon","16","0","0"
"05-09 years","Macon","20","0","0"
"10-17 years","Macon","39","0","0"
"18-29 years","Macon","155","0","4"
"30-39 years","Macon","122","0","4"
"40-49 years","Macon","144","3","9"
"50-59 years","Macon","157","6","21"
"60-69 years","Macon","95","11","30"
"70-79 years","Macon","63","7","21"
"80 & Older years","Macon","25","10","10"
"<1 years","Macon","5","0","0"
"Unknown years","Macon","5","0","1"
"01-04 years","Madison","83","0","2"
"05-09 years","Madison","126","0","0"
"10-17 years","Madison","425","0","1"
"18-29 years","Madison","797","0","17"
"30-39 years","Madison","644","1","22"
"40-49 years","Madison","620","1","33"
"50-59 years","Madison","621","12","42"
"60-69 years","Madison","473","11","56"
"70-79 years","Madison","288","24","68"
"80 & Older years","Madison","107","18","23"
"<1 years","Madison","36","0","6"
"Unknown years","Madison","5","0","0"
"01-04 years","Marion","9","0","0"
"05-09 years","Marion","25","0","1"
"10-17 years","Marion","78","0","0"
"18-29 years","Marion","112","0","3"
"30-39 years","Marion","80","0","3"
"40-49 years","Marion","100","2","7"
"50-59 years","Marion","93","6","11"
"60-69 years","Marion","71","9","12"
"70-79 years","Marion","41","7","11"
"80 & Older years","Marion","37","9","12"
"<1 years","Marion","7","0","0"
"Unknown years","Marion","7","0","0"
"01-04 years","McDuffie","37","0","0"
"05-09 years","McDuffie","53","0","0"
"10-17 years","McDuffie","203","0","0"
"18-29 years","McDuffie","455","0","9"
"30-39 years","McDuffie","350","2","8"
"40-49 years","McDuffie","333","3","21"
"50-59 years","McDuffie","323","12","42"
"60-69 years","McDuffie","253","15","45"
"70-79 years","McDuffie","145","13","55"
"80 & Older years","McDuffie","68","16","30"
"<1 years","McDuffie","4","0","0"
"Unknown years","McDuffie","19","0","0"
"01-04 years","McIntosh","21","0","0"
"05-09 years","McIntosh","49","0","0"
"10-17 years","McIntosh","188","0","0"
"18-29 years","McIntosh","219","0","5"
"30-39 years","McIntosh","187","0","3"
"40-49 years","McIntosh","194","0","5"
"50-59 years","McIntosh","221","2","11"
"60-69 years","McIntosh","170","7","28"
"70-79 years","McIntosh","100","9","23"
"80 & Older years","McIntosh","37","10","13"
"<1 years","McIntosh","2","0","0"
"Unknown years","McIntosh","2","0","0"
"01-04 years","Meriwether","52","0","1"
"05-09 years","Meriwether","59","0","1"
"10-17 years","Meriwether","160","0","1"
"18-29 years","Meriwether","341","0","12"
"30-39 years","Meriwether","274","3","20"
"40-49 years","Meriwether","320","4","26"
"50-59 years","Meriwether","333","9","38"
"60-69 years","Meriwether","293","18","45"
"70-79 years","Meriwether","229","31","48"
"80 & Older years","Meriwether","117","32","26"
"<1 years","Meriwether","15","0","4"
"Unknown years","Meriwether","2","0","0"
"01-04 years","Miller","19","0","0"
"05-09 years","Miller","35","0","0"
"10-17 years","Miller","139","0","1"
"18-29 years","Miller","164","0","1"
"30-39 years","Miller","146","0","0"
"40-49 years","Miller","119","1","7"
"50-59 years","Miller","169","4","18"
"60-69 years","Miller","122","4","13"
"70-79 years","Miller","45","3","5"
"80 & Older years","Miller","32","3","8"
"<1 years","Miller","5","0","0"
"01-04 years","Mitchell","44","0","2"
"05-09 years","Mitchell","68","0","0"
"10-17 years","Mitchell","180","0","4"
"18-29 years","Mitchell","379","1","15"
"30-39 years","Mitchell","339","1","21"
"40-49 years","Mitchell","301","7","27"
"50-59 years","Mitchell","324","13","62"
"60-69 years","Mitchell","263","18","62"
"70-79 years","Mitchell","162","22","59"
"80 & Older years","Mitchell","100","27","34"
"<1 years","Mitchell","15","0","1"
"Unknown years","Mitchell","1","0","0"
"01-04 years","Monroe","21","0","3"
"05-09 years","Monroe","61","0","1"
"10-17 years","Monroe","192","0","0"
"18-29 years","Monroe","478","2","10"
"30-39 years","Monroe","391","0","10"
"40-49 years","Monroe","432","7","26"
"50-59 years","Monroe","459","6","33"
"60-69 years","Monroe","390","29","67"
"70-79 years","Monroe","212","29","53"
"80 & Older years","Monroe","131","45","43"
"<1 years","Monroe","6","0","1"
"01-04 years","Montgomery","15","0","0"
"05-09 years","Montgomery","20","0","0"
"10-17 years","Montgomery","101","0","1"
"18-29 years","Montgomery","234","1","2"
"30-39 years","Montgomery","176","2","6"
"40-49 years","Montgomery","180","0","3"
"50-59 years","Montgomery","163","5","13"
"60-69 years","Montgomery","140","8","14"
"70-79 years","Montgomery","73","11","13"
"80 & Older years","Montgomery","38","10","7"
"<1 years","Montgomery","3","0","0"
"Unknown years","Montgomery","1","0","0"
"01-04 years","Morgan","41","0","0"
"05-09 years","Morgan","72","0","1"
"10-17 years","Morgan","167","0","1"
"18-29 years","Morgan","329","0","7"
"30-39 years","Morgan","278","0","12"
"40-49 years","Morgan","264","1","10"
"50-59 years","Morgan","278","5","24"
"60-69 years","Morgan","205","8","26"
"70-79 years","Morgan","156","5","25"
"80 & Older years","Morgan","77","15","26"
"<1 years","Morgan","26","0","2"
"Unknown years","Morgan","1","0","0"
"01-04 years","Murray","124","0","2"
"05-09 years","Murray","186","0","3"
"10-17 years","Murray","684","0","2"
"18-29 years","Murray","1270","0","16"
"30-39 years","Murray","939","2","13"
"40-49 years","Murray","1040","9","38"
"50-59 years","Murray","881","16","71"
"60-69 years","Murray","602","23","92"
"70-79 years","Murray","357","51","82"
"80 & Older years","Murray","140","30","38"
"<1 years","Murray","44","0","2"
"Unknown years","Murray","1","0","0"
"01-04 years","Muscogee","439","0","7"
"05-09 years","Muscogee","762","0","0"
"10-17 years","Muscogee","1922","0","20"
"18-29 years","Muscogee","4679","9","113"
"30-39 years","Muscogee","3526","6","155"
"40-49 years","Muscogee","2813","17","193"
"50-59 years","Muscogee","2690","76","317"
"60-69 years","Muscogee","2084","134","403"
"70-79 years","Muscogee","1102","132","289"
"80 & Older years","Muscogee","661","187","239"
"<1 years","Muscogee","133","0","9"
"Unknown years","Muscogee","43","0","0"
"01-04 years","Newton","163","0","4"
"05-09 years","Newton","373","0","4"
"10-17 years","Newton","1025","0","33"
"18-29 years","Newton","2072","1","118"
"30-39 years","Newton","1811","6","134"
"40-49 years","Newton","1923","18","186"
"50-59 years","Newton","1735","46","226"
"60-69 years","Newton","999","59","185"
"70-79 years","Newton","640","85","170"
"80 & Older years","Newton","372","98","126"
"<1 years","Newton","62","0","8"
"Unknown years","Newton","6","0","1"
"01-04 years","Non-GA Resident/Unknown State","463","0","8"
"05-09 years","Non-GA Resident/Unknown State","754","0","5"
"10-17 years","Non-GA Resident/Unknown State","2051","0","15"
"18-29 years","Non-GA Resident/Unknown State","7539","7","135"
"30-39 years","Non-GA Resident/Unknown State","5606","16","185"
"40-49 years","Non-GA Resident/Unknown State","4673","37","232"
"50-59 years","Non-GA Resident/Unknown State","4449","105","360"
"60-69 years","Non-GA Resident/Unknown State","3238","187","436"
"70-79 years","Non-GA Resident/Unknown State","2055","199","429"
"80 & Older years","Non-GA Resident/Unknown State","1140","189","291"
"<1 years","Non-GA Resident/Unknown State","253","0","11"
"Unknown years","Non-GA Resident/Unknown State","865","0","15"
"01-04 years","Oconee","69","0","0"
"05-09 years","Oconee","168","0","0"
"10-17 years","Oconee","547","0","1"
"18-29 years","Oconee","767","0","12"
"30-39 years","Oconee","547","1","8"
"40-49 years","Oconee","825","2","24"
"50-59 years","Oconee","658","5","20"
"60-69 years","Oconee","421","12","43"
"70-79 years","Oconee","243","19","33"
"80 & Older years","Oconee","161","34","48"
"<1 years","Oconee","18","0","0"
"Unknown years","Oconee","5","0","0"
"01-04 years","Oglethorpe","29","0","0"
"05-09 years","Oglethorpe","59","0","0"
"10-17 years","Oglethorpe","167","0","2"
"18-29 years","Oglethorpe","298","0","7"
"30-39 years","Oglethorpe","217","2","7"
"40-49 years","Oglethorpe","251","2","17"
"50-59 years","Oglethorpe","245","1","28"
"60-69 years","Oglethorpe","204","3","19"
"70-79 years","Oglethorpe","141","15","23"
"80 & Older years","Oglethorpe","80","17","22"
"<1 years","Oglethorpe","11","0","0"
"Unknown years","Oglethorpe","1","0","0"
"01-04 years","Paulding","300","0","3"
"05-09 years","Paulding","681","0","0"
"10-17 years","Paulding","1926","0","10"
"18-29 years","Paulding","2964","1","39"
"30-39 years","Paulding","2746","4","47"
"40-49 years","Paulding","2812","13","71"
"50-59 years","Paulding","2506","32","111"
"60-69 years","Paulding","1323","55","109"
"70-79 years","Paulding","709","57","106"
"80 & Older years","Paulding","401","85","87"
"<1 years","Paulding","79","0","1"
"Unknown years","Paulding","38","0","1"
"01-04 years","Peach","36","0","2"
"05-09 years","Peach","48","0","0"
"10-17 years","Peach","167","0","2"
"18-29 years","Peach","575","1","14"
"30-39 years","Peach","465","3","20"
"40-49 years","Peach","381","8","32"
"50-59 years","Peach","389","13","56"
"60-69 years","Peach","336","19","72"
"70-79 years","Peach","175","24","57"
"80 & Older years","Peach","84","21","37"
"<1 years","Peach","5","0","0"
"Unknown years","Peach","2","0","0"
"01-04 years","Pickens","37","0","3"
"05-09 years","Pickens","80","0","1"
"10-17 years","Pickens","265","0","1"
"18-29 years","Pickens","586","0","11"
"30-39 years","Pickens","482","3","25"
"40-49 years","Pickens","541","1","31"
"50-59 years","Pickens","626","9","50"
"60-69 years","Pickens","483","19","73"
"70-79 years","Pickens","349","28","89"
"80 & Older years","Pickens","151","31","48"
"<1 years","Pickens","6","0","1"
"Unknown years","Pickens","1","0","0"
"01-04 years","Pierce","51","0","0"
"05-09 years","Pierce","66","0","0"
"10-17 years","Pierce","207","1","1"
"18-29 years","Pierce","374","0","8"
"30-39 years","Pierce","283","3","14"
"40-49 years","Pierce","333","5","26"
"50-59 years","Pierce","313","16","41"
"60-69 years","Pierce","225","19","62"
"70-79 years","Pierce","162","24","58"
"80 & Older years","Pierce","62","17","23"
"<1 years","Pierce","20","0","1"
"01-04 years","Pike","59","0","0"
"05-09 years","Pike","90","0","0"
"10-17 years","Pike","233","0","1"
"18-29 years","Pike","262","2","9"
"30-39 years","Pike","286","1","5"
"40-49 years","Pike","322","2","15"
"50-59 years","Pike","259","9","19"
"60-69 years","Pike","182","14","32"
"70-79 years","Pike","109","9","28"
"80 & Older years","Pike","42","12","11"
"<1 years","Pike","17","0","0"
"Unknown years","Pike","1","0","0"
"01-04 years","Polk","94","0","1"
"05-09 years","Polk","181","0","3"
"10-17 years","Polk","663","0","5"
"18-29 years","Polk","1309","0","22"
"30-39 years","Polk","984","2","31"
"40-49 years","Polk","944","7","59"
"50-59 years","Polk","922","23","111"
"60-69 years","Polk","603","32","109"
"70-79 years","Polk","428","41","124"
"80 & Older years","Polk","182","34","61"
"<1 years","Polk","54","0","3"
"Unknown years","Polk","26","0","0"
"01-04 years","Pulaski","14","0","0"
"05-09 years","Pulaski","27","0","0"
"10-17 years","Pulaski","90","0","1"
"18-29 years","Pulaski","150","0","3"
"30-39 years","Pulaski","138","0","2"
"40-49 years","Pulaski","129","0","10"
"50-59 years","Pulaski","132","3","9"
"60-69 years","Pulaski","112","10","16"
"70-79 years","Pulaski","49","13","16"
"80 & Older years","Pulaski","41","12","6"
"<1 years","Pulaski","5","0","0"
"01-04 years","Putnam","41","0","0"
"05-09 years","Putnam","77","0","1"
"10-17 years","Putnam","223","0","2"
"18-29 years","Putnam","425","0","5"
"30-39 years","Putnam","379","0","14"
"40-49 years","Putnam","315","4","18"
"50-59 years","Putnam","410","3","34"
"60-69 years","Putnam","350","21","47"
"70-79 years","Putnam","263","25","69"
"80 & Older years","Putnam","109","24","42"
"<1 years","Putnam","9","0","1"
"01-04 years","Quitman","2","0","0"
"05-09 years","Quitman","5","0","0"
"10-17 years","Quitman","13","0","0"
"18-29 years","Quitman","16","0","1"
"30-39 years","Quitman","14","0","2"
"40-49 years","Quitman","6","0","1"
"50-59 years","Quitman","18","0","2"
"60-69 years","Quitman","29","1","6"
"70-79 years","Quitman","6","1","2"
"80 & Older years","Quitman","10","1","2"
"<1 years","Quitman","2","0","0"
"01-04 years","Rabun","24","0","0"
"05-09 years","Rabun","58","0","0"
"10-17 years","Rabun","203","0","2"
"18-29 years","Rabun","312","2","8"
"30-39 years","Rabun","264","1","14"
"40-49 years","Rabun","281","1","17"
"50-59 years","Rabun","320","4","35"
"60-69 years","Rabun","319","12","41"
"70-79 years","Rabun","238","14","47"
"80 & Older years","Rabun","102","22","35"
"<1 years","Rabun","9","0","1"
"Unknown years","Rabun","10","0","0"
"01-04 years","Randolph","3","0","0"
"05-09 years","Randolph","11","0","0"
"10-17 years","Randolph","29","0","3"
"18-29 years","Randolph","85","1","4"
"30-39 years","Randolph","92","2","8"
"40-49 years","Randolph","77","0","8"
"50-59 years","Randolph","112","6","25"
"60-69 years","Randolph","85","10","19"
"70-79 years","Randolph","54","5","18"
"80 & Older years","Randolph","49","15","16"
"<1 years","Randolph","2","0","0"
"Unknown years","Randolph","3","0","0"
"01-04 years","Richmond","487","0","1"
"05-09 years","Richmond","998","1","5"
"10-17 years","Richmond","2479","0","26"
"18-29 years","Richmond","6227","15","92"
"30-39 years","Richmond","4715","11","132"
"40-49 years","Richmond","3572","28","166"
"50-59 years","Richmond","3312","56","285"
"60-69 years","Richmond","2511","124","354"
"70-79 years","Richmond","1324","152","376"
"80 & Older years","Richmond","778","185","310"
"<1 years","Richmond","147","0","6"
"Unknown years","Richmond","34","0","1"
"01-04 years","Rockdale","136","0","11"
"05-09 years","Rockdale","298","0","13"
"10-17 years","Rockdale","769","0","33"
"18-29 years","Rockdale","1733","3","139"
"30-39 years","Rockdale","1476","4","181"
"40-49 years","Rockdale","1498","10","190"
"50-59 years","Rockdale","1426","26","263"
"60-69 years","Rockdale","867","41","228"
"70-79 years","Rockdale","495","66","204"
"80 & Older years","Rockdale","262","66","139"
"<1 years","Rockdale","31","0","2"
"Unknown years","Rockdale","9","0","0"
"01-04 years","Schley","9","0","0"
"05-09 years","Schley","12","0","0"
"10-17 years","Schley","38","0","0"
"18-29 years","Schley","61","0","2"
"30-39 years","Schley","38","0","0"
"40-49 years","Schley","57","0","5"
"50-59 years","Schley","51","1","7"
"60-69 years","Schley","33","1","7"
"70-79 years","Schley","18","3","4"
"80 & Older years","Schley","8","2","2"
"<1 years","Schley","1","0","0"
"Unknown years","Schley","6","0","0"
"01-04 years","Screven","26","0","1"
"05-09 years","Screven","41","0","0"
"10-17 years","Screven","168","0","1"
"18-29 years","Screven","221","0","6"
"30-39 years","Screven","206","2","7"
"40-49 years","Screven","181","3","10"
"50-59 years","Screven","169","6","21"
"60-69 years","Screven","175","5","18"
"70-79 years","Screven","100","10","21"
"80 & Older years","Screven","45","9","13"
"<1 years","Screven","9","0","0"
"Unknown years","Screven","3","0","0"
"01-04 years","Seminole","23","0","0"
"05-09 years","Seminole","43","0","0"
"10-17 years","Seminole","139","0","0"
"18-29 years","Seminole","195","0","3"
"30-39 years","Seminole","158","0","4"
"40-49 years","Seminole","160","0","10"
"50-59 years","Seminole","169","3","8"
"60-69 years","Seminole","174","6","33"
"70-79 years","Seminole","98","7","20"
"80 & Older years","Seminole","45","7","18"
"<1 years","Seminole","6","0","0"
"Unknown years","Seminole","1","0","0"
"01-04 years","Spalding","149","0","2"
"05-09 years","Spalding","208","0","1"
"10-17 years","Spalding","514","0","5"
"18-29 years","Spalding","1227","2","41"
"30-39 years","Spalding","1048","7","48"
"40-49 years","Spalding","999","15","77"
"50-59 years","Spalding","1004","36","122"
"60-69 years","Spalding","751","62","133"
"70-79 years","Spalding","500","75","124"
"80 & Older years","Spalding","298","72","86"
"<1 years","Spalding","46","0","3"
"Unknown years","Spalding","29","0","1"
"01-04 years","Stephens","45","0","3"
"05-09 years","Stephens","102","0","1"
"10-17 years","Stephens","419","0","3"
"18-29 years","Stephens","833","1","23"
"30-39 years","Stephens","560","0","11"
"40-49 years","Stephens","640","1","28"
"50-59 years","Stephens","678","10","54"
"60-69 years","Stephens","619","31","89"
"70-79 years","Stephens","414","31","87"
"80 & Older years","Stephens","199","31","46"
"<1 years","Stephens","10","0","0"
"Unknown years","Stephens","15","0","0"
"01-04 years","Stewart","8","0","1"
"05-09 years","Stewart","7","0","0"
"10-17 years","Stewart","26","0","0"
"18-29 years","Stewart","404","0","22"
"30-39 years","Stewart","380","1","28"
"40-49 years","Stewart","232","2","23"
"50-59 years","Stewart","117","2","17"
"60-69 years","Stewart","82","14","30"
"70-79 years","Stewart","28","4","6"
"80 & Older years","Stewart","22","5","7"
"<1 years","Stewart","3","0","0"
"Unknown years","Stewart","19","0","4"
"01-04 years","Sumter","59","0","1"
"05-09 years","Sumter","101","0","0"
"10-17 years","Sumter","209","0","7"
"18-29 years","Sumter","515","2","16"
"30-39 years","Sumter","389","1","34"
"40-49 years","Sumter","375","9","36"
"50-59 years","Sumter","409","8","57"
"60-69 years","Sumter","327","33","84"
"70-79 years","Sumter","212","33","65"
"80 & Older years","Sumter","138","39","58"
"<1 years","Sumter","31","0","3"
"Unknown years","Sumter","11","0","0"
"01-04 years","Talbot","16","0","1"
"05-09 years","Talbot","25","0","0"
"10-17 years","Talbot","53","0","0"
"18-29 years","Talbot","89","0","4"
"30-39 years","Talbot","57","0","3"
"40-49 years","Talbot","87","3","5"
"50-59 years","Talbot","99","6","10"
"60-69 years","Talbot","82","7","20"
"70-79 years","Talbot","50","7","8"
"80 & Older years","Talbot","24","4","10"
"<1 years","Talbot","1","0","0"
"Unknown years","Talbot","3","0","0"
"01-04 years","Taliaferro","2","0","0"
"05-09 years","Taliaferro","1","0","0"
"10-17 years","Taliaferro","11","0","0"
"18-29 years","Taliaferro","20","0","0"
"30-39 years","Taliaferro","19","0","0"
"40-49 years","Taliaferro","23","0","2"
"50-59 years","Taliaferro","12","0","0"
"60-69 years","Taliaferro","25","1","4"
"70-79 years","Taliaferro","11","1","4"
"80 & Older years","Taliaferro","4","1","2"
"01-04 years","Tattnall","59","0","1"
"05-09 years","Tattnall","83","0","1"
"10-17 years","Tattnall","271","0","2"
"18-29 years","Tattnall","469","1","3"
"30-39 years","Tattnall","424","2","9"
"40-49 years","Tattnall","412","0","11"
"50-59 years","Tattnall","421","13","29"
"60-69 years","Tattnall","297","21","42"
"70-79 years","Tattnall","161","28","46"
"80 & Older years","Tattnall","59","6","9"
"<1 years","Tattnall","19","0","0"
"01-04 years","Taylor","21","0","1"
"05-09 years","Taylor","31","0","0"
"10-17 years","Taylor","77","0","1"
"18-29 years","Taylor","128","1","6"
"30-39 years","Taylor","88","1","6"
"40-49 years","Taylor","129","2","15"
"50-59 years","Taylor","104","3","19"
"60-69 years","Taylor","89","7","22"
"70-79 years","Taylor","45","8","15"
"80 & Older years","Taylor","28","10","10"
"<1 years","Taylor","5","0","0"
"Unknown years","Taylor","11","0","0"
"01-04 years","Telfair","15","0","0"
"05-09 years","Telfair","26","0","0"
"10-17 years","Telfair","54","0","1"
"18-29 years","Telfair","188","0","4"
"30-39 years","Telfair","140","1","5"
"40-49 years","Telfair","145","2","8"
"50-59 years","Telfair","140","8","13"
"60-69 years","Telfair","120","11","20"
"70-79 years","Telfair","78","16","23"
"80 & Older years","Telfair","46","17","13"
"<1 years","Telfair","8","0","0"
"Unknown years","Telfair","2","0","0"
"01-04 years","Terrell","17","0","0"
"05-09 years","Terrell","25","0","0"
"10-17 years","Terrell","84","0","1"
"18-29 years","Terrell","118","0","7"
"30-39 years","Terrell","113","0","14"
"40-49 years","Terrell","92","0","13"
"50-59 years","Terrell","139","6","27"
"60-69 years","Terrell","116","14","44"
"70-79 years","Terrell","71","19","30"
"80 & Older years","Terrell","46","16","19"
"<1 years","Terrell","4","0","0"
"01-04 years","Thomas","163","1","2"
"05-09 years","Thomas","308","0","1"
"10-17 years","Thomas","786","0","3"
"18-29 years","Thomas","1018","2","39"
"30-39 years","Thomas","839","5","35"
"40-49 years","Thomas","820","10","55"
"50-59 years","Thomas","842","22","85"
"60-69 years","Thomas","629","24","132"
"70-79 years","Thomas","365","44","106"
"80 & Older years","Thomas","217","54","73"
"<1 years","Thomas","53","0","3"
"Unknown years","Thomas","8","0","0"
"01-04 years","Tift","105","0","7"
"05-09 years","Tift","158","0","4"
"10-17 years","Tift","422","0","10"
"18-29 years","Tift","1061","2","32"
"30-39 years","Tift","783","2","39"
"40-49 years","Tift","723","9","71"
"50-59 years","Tift","619","17","86"
"60-69 years","Tift","478","27","94"
"70-79 years","Tift","303","37","99"
"80 & Older years","Tift","177","42","68"
"<1 years","Tift","33","0","2"
"Unknown years","Tift","6","0","0"
"01-04 years","Toombs","52","0","0"
"05-09 years","Toombs","117","0","0"
"10-17 years","Toombs","349","0","2"
"18-29 years","Toombs","869","1","10"
"30-39 years","Toombs","663","2","10"
"40-49 years","Toombs","638","7","34"
"50-59 years","Toombs","614","13","38"
"60-69 years","Toombs","540","31","71"
"70-79 years","Toombs","344","47","56"
"80 & Older years","Toombs","197","49","40"
"<1 years","Toombs","21","0","0"
"Unknown years","Toombs","1","0","0"
"01-04 years","Towns","8","0","0"
"05-09 years","Towns","17","0","1"
"10-17 years","Towns","72","0","1"
"18-29 years","Towns","196","0","4"
"30-39 years","Towns","134","1","5"
"40-49 years","Towns","162","2","6"
"50-59 years","Towns","254","6","25"
"60-69 years","Towns","310","7","26"
"70-79 years","Towns","227","15","46"
"80 & Older years","Towns","159","35","64"
"<1 years","Towns","2","0","0"
"Unknown years","Towns","2","0","0"
"01-04 years","Treutlen","13","0","0"
"05-09 years","Treutlen","25","0","1"
"10-17 years","Treutlen","78","0","1"
"18-29 years","Treutlen","156","0","3"
"30-39 years","Treutlen","142","0","5"
"40-49 years","Treutlen","140","5","6"
"50-59 years","Treutlen","137","3","10"
"60-69 years","Treutlen","90","7","15"
"70-79 years","Treutlen","68","17","12"
"80 & Older years","Treutlen","39","13","10"
"<1 years","Treutlen","1","0","0"
"01-04 years","Troup","238","0","2"
"05-09 years","Troup","364","0","1"
"10-17 years","Troup","908","0","10"
"18-29 years","Troup","1736","2","36"
"30-39 years","Troup","1339","7","57"
"40-49 years","Troup","1146","10","70"
"50-59 years","Troup","1131","32","139"
"60-69 years","Troup","840","56","128"
"70-79 years","Troup","458","63","114"
"80 & Older years","Troup","304","93","78"
"<1 years","Troup","78","0","3"
"Unknown years","Troup","6","0","0"
"01-04 years","Turner","13","0","0"
"05-09 years","Turner","18","0","2"
"10-17 years","Turner","35","0","1"
"18-29 years","Turner","132","0","3"
"30-39 years","Turner","137","0","14"
"40-49 years","Turner","139","1","9"
"50-59 years","Turner","123","2","17"
"60-69 years","Turner","102","9","30"
"70-79 years","Turner","63","11","16"
"80 & Older years","Turner","38","17","17"
"<1 years","Turner","7","0","1"
"01-04 years","Twiggs","15","0","1"
"05-09 years","Twiggs","13","0","1"
"10-17 years","Twiggs","50","0","1"
"18-29 years","Twiggs","111","0","3"
"30-39 years","Twiggs","98","1","4"
"40-49 years","Twiggs","101","2","11"
"50-59 years","Twiggs","131","4","24"
"60-69 years","Twiggs","127","13","40"
"70-79 years","Twiggs","72","14","30"
"80 & Older years","Twiggs","34","15","18"
"<1 years","Twiggs","2","0","0"
"01-04 years","Union","22","0","1"
"05-09 years","Union","60","0","0"
"10-17 years","Union","190","0","2"
"18-29 years","Union","383","1","4"
"30-39 years","Union","383","3","7"
"40-49 years","Union","349","2","17"
"50-59 years","Union","454","6","37"
"60-69 years","Union","547","17","75"
"70-79 years","Union","465","34","97"
"80 & Older years","Union","255","53","84"
"<1 years","Union","6","0","1"
"Unknown years","Union","12","0","1"
"01-04 years","Unknown","51","0","1"
"05-09 years","Unknown","90","0","0"
"10-17 years","Unknown","268","0","0"
"18-29 years","Unknown","818","1","7"
"30-39 years","Unknown","467","0","6"
"40-49 years","Unknown","398","1","6"
"50-59 years","Unknown","344","1","6"
"60-69 years","Unknown","199","1","13"
"70-79 years","Unknown","122","1","13"
"80 & Older years","Unknown","56","1","7"
"<1 years","Unknown","43","0","0"
"Unknown years","Unknown","94","0","3"
"01-04 years","Upson","79","0","1"
"05-09 years","Upson","115","0","0"
"10-17 years","Upson","292","1","3"
"18-29 years","Upson","473","0","8"
"30-39 years","Upson","346","2","12"
"40-49 years","Upson","357","2","16"
"50-59 years","Upson","353","13","39"
"60-69 years","Upson","326","30","54"
"70-79 years","Upson","224","45","67"
"80 & Older years","Upson","127","47","45"
"<1 years","Upson","32","0","1"
"Unknown years","Upson","7","0","0"
"01-04 years","Walker","165","0","1"
"05-09 years","Walker","346","0","1"
"10-17 years","Walker","949","0","8"
"18-29 years","Walker","1729","0","21"
"30-39 years","Walker","1388","1","22"
"40-49 years","Walker","1527","8","45"
"50-59 years","Walker","1332","7","49"
"60-69 years","Walker","1007","26","84"
"70-79 years","Walker","644","38","77"
"80 & Older years","Walker","297","39","47"
"<1 years","Walker","65","0","2"
"Unknown years","Walker","119","0","2"
"01-04 years","Walton","151","0","2"
"05-09 years","Walton","312","0","5"
"10-17 years","Walton","984","0","18"
"18-29 years","Walton","1906","3","73"
"30-39 years","Walton","1709","4","64"
"40-49 years","Walton","1765","9","104"
"50-59 years","Walton","1707","28","163"
"60-69 years","Walton","1170","49","167"
"70-79 years","Walton","827","96","173"
"80 & Older years","Walton","464","123","112"
"<1 years","Walton","54","0","3"
"Unknown years","Walton","21","0","0"
"01-04 years","Ware","121","0","1"
"05-09 years","Ware","153","0","0"
"10-17 years","Ware","428","0","4"
"18-29 years","Ware","861","1","16"
"30-39 years","Ware","698","3","37"
"40-49 years","Ware","631","5","51"
"50-59 years","Ware","593","34","119"
"60-69 years","Ware","439","38","104"
"70-79 years","Ware","331","55","122"
"80 & Older years","Ware","234","71","76"
"<1 years","Ware","42","0","2"
"Unknown years","Ware","1","0","0"
"01-04 years","Warren","10","0","0"
"05-09 years","Warren","10","0","0"
"10-17 years","Warren","35","0","0"
"18-29 years","Warren","102","0","3"
"30-39 years","Warren","69","0","5"
"40-49 years","Warren","71","3","6"
"50-59 years","Warren","81","3","10"
"60-69 years","Warren","59","3","10"
"70-79 years","Warren","44","6","15"
"80 & Older years","Warren","20","5","8"
"<1 years","Warren","5","0","1"
"Unknown years","Warren","4","0","0"
"01-04 years","Washington","61","0","0"
"05-09 years","Washington","83","0","0"
"10-17 years","Washington","286","1","3"
"18-29 years","Washington","385","0","8"
"30-39 years","Washington","355","2","14"
"40-49 years","Washington","351","6","16"
"50-59 years","Washington","315","9","17"
"60-69 years","Washington","274","17","34"
"70-79 years","Washington","142","13","27"
"80 & Older years","Washington","83","30","15"
"<1 years","Washington","25","0","0"
"Unknown years","Washington","1","0","0"
"01-04 years","Wayne","62","0","1"
"05-09 years","Wayne","107","0","0"
"10-17 years","Wayne","390","0","2"
"18-29 years","Wayne","728","1","15"
"30-39 years","Wayne","705","6","21"
"40-49 years","Wayne","734","12","55"
"50-59 years","Wayne","649","23","61"
"60-69 years","Wayne","489","36","97"
"70-79 years","Wayne","345","39","96"
"80 & Older years","Wayne","155","38","39"
"<1 years","Wayne","17","0","1"
"05-09 years","Webster","7","0","0"
"10-17 years","Webster","16","0","0"
"18-29 years","Webster","35","0","3"
"30-39 years","Webster","17","0","1"
"40-49 years","Webster","25","0","2"
"50-59 years","Webster","25","3","8"
"60-69 years","Webster","27","1","4"
"70-79 years","Webster","10","1","2"
"80 & Older years","Webster","5","1","1"
"<1 years","Webster","1","0","0"
"Unknown years","Webster","4","0","0"
"01-04 years","Wheeler","3","0","0"
"05-09 years","Wheeler","9","0","1"
"10-17 years","Wheeler","40","0","0"
"18-29 years","Wheeler","87","0","0"
"30-39 years","Wheeler","108","2","2"
"40-49 years","Wheeler","105","3","3"
"50-59 years","Wheeler","110","9","12"
"60-69 years","Wheeler","66","5","10"
"70-79 years","Wheeler","50","9","13"
"80 & Older years","Wheeler","9","3","1"
"<1 years","Wheeler","2","0","0"
"Unknown years","Wheeler","23","0","1"
"01-04 years","White","39","0","1"
"05-09 years","White","111","0","1"
"10-17 years","White","427","0","2"
"18-29 years","White","687","1","13"
"30-39 years","White","557","2","12"
"40-49 years","White","620","8","32"
"50-59 years","White","691","10","63"
"60-69 years","White","599","19","83"
"70-79 years","White","455","29","106"
"80 & Older years","White","247","44","92"
"<1 years","White","13","0","0"
"Unknown years","White","20","0","0"
"01-04 years","Whitfield","297","0","3"
"05-09 years","Whitfield","617","0","3"
"10-17 years","Whitfield","1930","0","8"
"18-29 years","Whitfield","4492","3","62"
"30-39 years","Whitfield","3083","5","78"
"40-49 years","Whitfield","3049","11","101"
"50-59 years","Whitfield","2680","51","165"
"60-69 years","Whitfield","1614","58","192"
"70-79 years","Whitfield","893","75","174"
"80 & Older years","Whitfield","508","113","138"
"<1 years","Whitfield","98","0","5"
"Unknown years","Whitfield","5","0","0"
"01-04 years","Wilcox","21","0","1"
"05-09 years","Wilcox","27","0","0"
"10-17 years","Wilcox","55","0","0"
"18-29 years","Wilcox","74","0","1"
"30-39 years","Wilcox","70","0","3"
"40-49 years","Wilcox","93","0","12"
"50-59 years","Wilcox","100","2","16"
"60-69 years","Wilcox","107","10","29"
"70-79 years","Wilcox","59","11","11"
"80 & Older years","Wilcox","27","8","8"
"<1 years","Wilcox","7","0","1"
"01-04 years","Wilkes","10","0","0"
"05-09 years","Wilkes","24","0","0"
"10-17 years","Wilkes","75","0","1"
"18-29 years","Wilkes","163","0","3"
"30-39 years","Wilkes","111","0","7"
"40-49 years","Wilkes","140","1","16"
"50-59 years","Wilkes","130","3","12"
"60-69 years","Wilkes","107","4","23"
"70-79 years","Wilkes","75","8","26"
"80 & Older years","Wilkes","41","10","18"
"<1 years","Wilkes","6","0","1"
"Unknown years","Wilkes","1","0","0"
"01-04 years","Wilkinson","17","0","0"
"05-09 years","Wilkinson","27","0","0"
"10-17 years","Wilkinson","89","0","1"
"18-29 years","Wilkinson","176","0","3"
"30-39 years","Wilkinson","157","0","10"
"40-49 years","Wilkinson","150","0","10"
"50-59 years","Wilkinson","194","6","30"
"60-69 years","Wilkinson","173","17","50"
"70-79 years","Wilkinson","74","10","23"
"80 & Older years","Wilkinson","44","7","19"
"<1 years","Wilkinson","5","0","0"
"01-04 years","Worth","31","0","0"
"05-09 years","Worth","51","0","0"
"10-17 years","Worth","168","0","3"
"18-29 years","Worth","311","0","14"
"30-39 years","Worth","232","0","18"
"40-49 years","Worth","244","3","25"
"50-59 years","Worth","257","7","37"
"60-69 years","Worth","241","23","64"
"70-79 years","Worth","141","20","42"
"80 & Older years","Worth","87","23","32"
"<1 years","Worth","9","0","0"
"Unknown years","Worth","2","0","0"
