"sex","county name","cases","deaths","hospitalization"
"Female","Georgia","271626","4512","20095"
"Male","Georgia","233544","4937","19241"
"Unknown","Georgia","7529","4","166"
"Female","Appling","737","15","61"
"Male","Appling","621","26","60"
"Unknown","Appling","11","0","0"
"Female","Atkinson","318","5","44"
"Male","Atkinson","268","4","41"
"Unknown","Atkinson","1","0","0"
"Female","Bacon","376","9","23"
"Male","Bacon","350","12","31"
"Unknown","Bacon","7","0","1"
"Female","Baker","64","2","8"
"Male","Baker","60","4","16"
"Female","Baldwin","1520","16","85"
"Male","Baldwin","1201","54","118"
"Unknown","Baldwin","15","0","1"
"Female","Banks","572","8","66"
"Male","Banks","459","9","55"
"Unknown","Banks","10","0","0"
"Female","Barrow","2286","38","196"
"Male","Barrow","1898","25","161"
"Unknown","Barrow","26","0","1"
"Female","Bartow","3040","48","205"
"Male","Bartow","2660","58","223"
"Unknown","Bartow","56","0","1"
"Female","Ben Hill","676","13","60"
"Male","Ben Hill","448","23","53"
"Unknown","Ben Hill","3","0","0"
"Female","Berrien","399","10","21"
"Male","Berrien","313","9","16"
"Unknown","Berrien","8","0","0"
"Female","Bibb","4893","126","581"
"Male","Bibb","3620","108","494"
"Unknown","Bibb","65","0","2"
"Female","Bleckley","361","18","19"
"Male","Bleckley","242","12","18"
"Unknown","Bleckley","6","0","0"
"Female","Brantley","331","8","29"
"Male","Brantley","284","10","24"
"Unknown","Brantley","3","0","0"
"Female","Brooks","407","6","30"
"Male","Brooks","306","20","30"
"Unknown","Brooks","16","0","0"
"Female","Bryan","881","8","52"
"Male","Bryan","745","9","63"
"Unknown","Bryan","15","0","0"
"Female","Bulloch","2024","21","88"
"Male","Bulloch","1496","14","69"
"Unknown","Bulloch","41","0","0"
"Female","Burke","596","9","54"
"Male","Burke","503","5","53"
"Unknown","Burke","6","0","1"
"Female","Butts","565","22","32"
"Male","Butts","543","24","43"
"Unknown","Butts","41","0","2"
"Female","Calhoun","146","8","26"
"Male","Calhoun","152","3","30"
"Unknown","Calhoun","1","0","0"
"Female","Camden","1061","8","53"
"Male","Camden","975","10","39"
"Unknown","Camden","10","0","0"
"Female","Candler","326","11","25"
"Male","Candler","266","17","24"
"Unknown","Candler","2","0","0"
"Female","Carroll","2593","43","119"
"Male","Carroll","2264","48","123"
"Unknown","Carroll","34","0","1"
"Female","Catoosa","1546","19","87"
"Male","Catoosa","1270","15","66"
"Unknown","Catoosa","55","0","0"
"Female","Charlton","302","4","22"
"Male","Charlton","485","8","22"
"Unknown","Charlton","6","0","0"
"Female","Chatham","6548","102","508"
"Male","Chatham","5335","119","477"
"Unknown","Chatham","125","0","3"
"Female","Chattahoochee","161","1","7"
"Male","Chattahoochee","1962","0","11"
"Unknown","Chattahoochee","6","0","0"
"Female","Chattooga","762","19","41"
"Male","Chattooga","634","21","54"
"Unknown","Chattooga","7","0","0"
"Female","Cherokee","5884","59","360"
"Male","Cherokee","5319","62","384"
"Unknown","Cherokee","90","0","3"
"Female","Clarke","4420","24","154"
"Male","Clarke","3452","35","153"
"Unknown","Clarke","44","0","2"
"Female","Clay","82","1","3"
"Male","Clay","53","2","6"
"Unknown","Clay","3","0","0"
"Female","Clayton","6771","110","456"
"Male","Clayton","5193","99","391"
"Unknown","Clayton","105","0","1"
"Female","Clinch","262","2","18"
"Male","Clinch","247","12","25"
"Unknown","Clinch","4","0","0"
"Female","Cobb","17497","254","1145"
"Male","Cobb","15228","277","1139"
"Unknown","Cobb","226","0","6"
"Female","Coffee","1690","35","244"
"Male","Coffee","1444","38","196"
"Unknown","Coffee","23","0","0"
"Female","Colquitt","1248","17","98"
"Male","Colquitt","1167","27","84"
"Unknown","Colquitt","22","0","0"
"Female","Columbia","3486","38","128"
"Male","Columbia","3077","45","136"
"Unknown","Columbia","24","0","2"
"Female","Cook","517","7","42"
"Male","Cook","386","11","38"
"Unknown","Cook","27","2","2"
"Female","Coweta","2378","31","97"
"Male","Coweta","2216","41","101"
"Unknown","Coweta","22","0","0"
"Female","Crawford","173","5","24"
"Male","Crawford","134","2","10"
"Unknown","Crawford","6","0","1"
"Female","Crisp","500","10","67"
"Male","Crisp","387","17","44"
"Unknown","Crisp","6","0","0"
"Female","Dade","347","6","21"
"Male","Dade","294","1","17"
"Unknown","Dade","11","0","0"
"Female","Dawson","765","3","66"
"Male","Dawson","668","9","69"
"Unknown","Dawson","9","0","0"
"Female","DeKalb","16978","207","1513"
"Male","DeKalb","14408","262","1391"
"Unknown","DeKalb","401","0","11"
"Female","Decatur","847","23","61"
"Male","Decatur","674","19","52"
"Unknown","Decatur","12","0","0"
"Female","Dodge","424","23","36"
"Male","Dodge","341","20","39"
"Unknown","Dodge","26","0","0"
"Female","Dooly","271","9","32"
"Male","Dooly","224","11","31"
"Unknown","Dooly","3","0","0"
"Female","Dougherty","2290","113","432"
"Male","Dougherty","1486","87","299"
"Unknown","Dougherty","23","0","0"
"Female","Douglas","3410","44","311"
"Male","Douglas","2737","52","256"
"Unknown","Douglas","38","0","1"
"Female","Early","423","23","34"
"Male","Early","248","16","20"
"Unknown","Early","4","0","0"
"Female","Echols","105","0","2"
"Male","Echols","195","2","8"
"Unknown","Echols","4","0","0"
"Female","Effingham","1196","15","75"
"Male","Effingham","1093","18","74"
"Unknown","Effingham","16","0","0"
"Female","Elbert","647","12","61"
"Male","Elbert","436","12","29"
"Unknown","Elbert","5","0","0"
"Female","Emanuel","785","27","61"
"Male","Emanuel","552","17","38"
"Unknown","Emanuel","6","0","0"
"Female","Evans","316","3","41"
"Male","Evans","232","5","14"
"Unknown","Evans","19","0","0"
"Female","Fannin","650","16","46"
"Male","Fannin","544","18","53"
"Unknown","Fannin","8","0","0"
"Female","Fayette","1790","29","75"
"Male","Fayette","1537","36","91"
"Unknown","Fayette","18","0","0"
"Female","Floyd","3305","45","228"
"Male","Floyd","2803","54","263"
"Unknown","Floyd","46","0","5"
"Female","Forsyth","4156","27","226"
"Male","Forsyth","3898","47","324"
"Unknown","Forsyth","109","0","1"
"Female","Franklin","854","6","56"
"Male","Franklin","604","15","42"
"Unknown","Franklin","8","0","0"
"Female","Fulton","23792","338","1588"
"Male","Fulton","21567","380","1585"
"Unknown","Fulton","492","0","4"
"Female","Gilmer","795","13","72"
"Male","Gilmer","625","17","60"
"Unknown","Gilmer","57","0","1"
"Female","Glascock","38","2","4"
"Male","Glascock","38","1","5"
"Unknown","Glascock","2","0","0"
"Female","Glynn","2405","56","193"
"Male","Glynn","2082","64","175"
"Unknown","Glynn","23","0","2"
"Female","Gordon","1984","24","96"
"Male","Gordon","1726","32","96"
"Unknown","Gordon","31","0","1"
"Female","Grady","553","10","57"
"Male","Grady","433","17","61"
"Unknown","Grady","17","0","0"
"Female","Greene","449","14","42"
"Male","Greene","360","12","32"
"Unknown","Greene","2","0","0"
"Female","Gwinnett","24024","256","1843"
"Male","Gwinnett","21079","283","1684"
"Unknown","Gwinnett","761","0","9"
"Female","Habersham","1706","50","154"
"Male","Habersham","1361","32","172"
"Unknown","Habersham","33","0","0"
"Female","Hall","8249","100","703"
"Male","Hall","7236","106","774"
"Unknown","Hall","251","0","2"
"Female","Hancock","273","19","36"
"Male","Hancock","270","27","39"
"Unknown","Hancock","3","0","0"
"Female","Haralson","576","8","30"
"Male","Haralson","538","15","21"
"Unknown","Haralson","16","0","0"
"Female","Harris","597","16","50"
"Male","Harris","514","13","52"
"Unknown","Harris","19","0","0"
"Female","Hart","561","10","47"
"Male","Hart","424","10","44"
"Unknown","Hart","8","0","0"
"Female","Heard","214","7","10"
"Male","Heard","174","2","14"
"Female","Henry","5458","63","204"
"Male","Henry","4268","77","163"
"Unknown","Henry","45","0","0"
"Female","Houston","2918","42","239"
"Male","Houston","2366","63","219"
"Unknown","Houston","45","0","2"
"Female","Irwin","264","7","25"
"Male","Irwin","234","4","26"
"Unknown","Irwin","2","0","0"
"Female","Jackson","2392","29","129"
"Male","Jackson","2007","28","163"
"Unknown","Jackson","24","0","0"
"Female","Jasper","199","2","8"
"Male","Jasper","166","3","17"
"Female","Jeff Davis","477","13","33"
"Male","Jeff Davis","423","17","48"
"Unknown","Jeff Davis","4","0","0"
"Female","Jefferson","639","21","65"
"Male","Jefferson","428","17","44"
"Unknown","Jefferson","7","0","1"
"Female","Jenkins","304","15","32"
"Male","Jenkins","203","19","40"
"Female","Johnson","287","13","37"
"Male","Johnson","239","16","36"
"Female","Jones","546","10","39"
"Male","Jones","361","13","29"
"Unknown","Jones","1","0","0"
"Female","Lamar","397","13","28"
"Male","Lamar","316","12","33"
"Unknown","Lamar","3","0","0"
"Female","Lanier","155","2","4"
"Male","Lanier","218","5","15"
"Unknown","Lanier","4","0","0"
"Female","Laurens","1458","45","108"
"Male","Laurens","1043","66","115"
"Unknown","Laurens","23","1","1"
"Female","Lee","531","17","55"
"Male","Lee","432","15","60"
"Unknown","Lee","4","0","0"
"Female","Liberty","916","11","68"
"Male","Liberty","760","19","71"
"Unknown","Liberty","21","0","0"
"Female","Lincoln","181","5","22"
"Male","Lincoln","131","4","14"
"Unknown","Lincoln","1","0","0"
"Female","Long","205","1","14"
"Male","Long","192","4","11"
"Unknown","Long","1","0","0"
"Female","Lowndes","3207","52","140"
"Male","Lowndes","2566","45","113"
"Unknown","Lowndes","60","0","2"
"Female","Lumpkin","869","12","83"
"Male","Lumpkin","745","7","71"
"Unknown","Lumpkin","14","0","0"
"Female","Macon","177","4","25"
"Male","Macon","160","11","33"
"Unknown","Macon","1","0","1"
"Female","Madison","746","6","43"
"Male","Madison","643","9","44"
"Unknown","Madison","9","0","0"
"Female","Marion","142","6","13"
"Male","Marion","96","4","13"
"Unknown","Marion","3","0","0"
"Female","McDuffie","522","11","55"
"Male","McDuffie","384","10","46"
"Unknown","McDuffie","6","0","0"
"Female","McIntosh","230","7","19"
"Male","McIntosh","184","0","19"
"Unknown","McIntosh","7","0","0"
"Female","Meriwether","459","13","52"
"Male","Meriwether","291","6","37"
"Unknown","Meriwether","5","0","0"
"Female","Miller","229","1","13"
"Male","Miller","161","1","11"
"Unknown","Miller","4","0","0"
"Female","Mitchell","538","22","86"
"Male","Mitchell","495","27","83"
"Unknown","Mitchell","2","0","0"
"Female","Monroe","599","32","57"
"Male","Monroe","508","27","55"
"Unknown","Monroe","13","0","0"
"Female","Montgomery","240","5","15"
"Male","Montgomery","206","4","13"
"Unknown","Montgomery","1","0","0"
"Female","Morgan","384","2","24"
"Male","Morgan","321","5","26"
"Unknown","Morgan","6","0","0"
"Female","Murray","1233","16","65"
"Male","Murray","1047","22","69"
"Unknown","Murray","39","0","5"
"Female","Muscogee","4487","104","417"
"Male","Muscogee","3487","92","359"
"Unknown","Muscogee","84","0","0"
"Female","Newton","2382","59","210"
"Male","Newton","1790","52","179"
"Unknown","Newton","62","0","2"
"Female","Non-GA Resident/Unknown State","8252","113","346"
"Male","Non-GA Resident/Unknown State","9575","132","449"
"Unknown","Non-GA Resident/Unknown State","2103","0","37"
"Female","Oconee","724","19","49"
"Male","Oconee","660","18","40"
"Unknown","Oconee","4","0","0"
"Female","Oglethorpe","369","2","24"
"Male","Oglethorpe","273","11","28"
"Unknown","Oglethorpe","2","0","0"
"Female","Paulding","2804","42","104"
"Male","Paulding","2322","52","93"
"Unknown","Paulding","90","0","7"
"Female","Peach","638","17","80"
"Male","Peach","448","12","47"
"Unknown","Peach","5","0","0"
"Female","Pickens","721","5","48"
"Male","Pickens","599","9","46"
"Unknown","Pickens","22","0","0"
"Female","Pierce","453","14","47"
"Male","Pierce","356","13","49"
"Unknown","Pierce","6","0","0"
"Female","Pike","310","5","31"
"Male","Pike","260","7","14"
"Unknown","Pike","5","0","1"
"Female","Polk","1208","20","108"
"Male","Polk","1067","21","99"
"Unknown","Polk","20","0","2"
"Female","Pulaski","281","14","24"
"Male","Pulaski","136","11","18"
"Unknown","Pulaski","2","0","0"
"Female","Putnam","556","13","42"
"Male","Putnam","503","18","46"
"Unknown","Putnam","4","0","0"
"Female","Quitman","33","0","4"
"Male","Quitman","15","1","3"
"Female","Rabun","464","8","56"
"Male","Rabun","419","7","38"
"Unknown","Rabun","6","0","0"
"Female","Randolph","206","20","36"
"Male","Randolph","143","10","27"
"Female","Richmond","6271","79","390"
"Male","Richmond","5277","134","425"
"Unknown","Richmond","83","0","12"
"Female","Rockdale","1802","33","249"
"Male","Rockdale","1417","31","202"
"Unknown","Rockdale","48","0","3"
"Female","Schley","78","0","9"
"Male","Schley","70","2","9"
"Female","Screven","289","8","29"
"Male","Screven","208","3","22"
"Unknown","Screven","4","0","0"
"Female","Seminole","307","7","27"
"Male","Seminole","231","5","17"
"Unknown","Seminole","3","0","0"
"Female","Spalding","1347","48","165"
"Male","Spalding","992","34","96"
"Unknown","Spalding","10","0","4"
"Female","Stephens","1089","27","90"
"Male","Stephens","848","21","84"
"Unknown","Stephens","14","0","0"
"Female","Stewart","128","7","19"
"Male","Stewart","470","10","95"
"Unknown","Stewart","2","0","0"
"Female","Sumter","709","26","113"
"Male","Sumter","505","44","104"
"Unknown","Sumter","3","0","1"
"Female","Talbot","137","4","17"
"Male","Talbot","85","5","14"
"Unknown","Talbot","4","0","0"
"Female","Taliaferro","28","0","1"
"Male","Taliaferro","17","0","1"
"Female","Tattnall","572","13","41"
"Male","Tattnall","580","9","41"
"Unknown","Tattnall","10","0","0"
"Female","Taylor","181","8","24"
"Male","Taylor","139","5","16"
"Unknown","Taylor","1","0","1"
"Female","Telfair","266","16","25"
"Male","Telfair","276","15","30"
"Unknown","Telfair","20","0","0"
"Female","Terrell","247","16","43"
"Male","Terrell","165","17","40"
"Unknown","Terrell","14","0","0"
"Female","Thomas","1222","43","108"
"Male","Thomas","889","35","98"
"Unknown","Thomas","4","0","0"
"Female","Tift","1497","31","180"
"Male","Tift","1171","39","112"
"Unknown","Tift","50","0","2"
"Female","Toombs","1034","37","61"
"Male","Toombs","831","24","72"
"Unknown","Toombs","9","0","0"
"Female","Towns","388","14","49"
"Male","Towns","280","10","39"
"Unknown","Towns","3","0","0"
"Female","Treutlen","215","6","17"
"Male","Treutlen","146","8","18"
"Unknown","Treutlen","2","0","0"
"Female","Troup","2100","71","208"
"Male","Troup","1590","49","179"
"Unknown","Troup","72","1","2"
"Female","Turner","262","9","29"
"Male","Turner","173","15","30"
"Unknown","Turner","4","0","0"
"Female","Twiggs","172","4","28"
"Male","Twiggs","135","11","37"
"Unknown","Twiggs","3","0","0"
"Female","Union","737","24","53"
"Male","Union","522","16","70"
"Unknown","Union","9","0","1"
"Female","Unknown","1022","0","11"
"Male","Unknown","1210","3","23"
"Unknown","Unknown","491","0","7"
"Female","Upson","599","43","63"
"Male","Upson","450","29","48"
"Unknown","Upson","5","0","0"
"Female","Walker","1793","26","67"
"Male","Walker","1550","27","81"
"Unknown","Walker","31","0","0"
"Female","Walton","2165","41","144"
"Male","Walton","1639","43","156"
"Unknown","Walton","42","0","1"
"Female","Ware","1074","33","103"
"Male","Ware","937","39","125"
"Unknown","Ware","21","0","1"
"Female","Warren","123","2","22"
"Male","Warren","86","4","8"
"Female","Washington","611","11","41"
"Male","Washington","476","13","32"
"Unknown","Washington","9","0","0"
"Female","Wayne","789","23","79"
"Male","Wayne","870","22","81"
"Unknown","Wayne","8","0","0"
"Female","Webster","35","1","6"
"Male","Webster","20","1","4"
"Female","Wheeler","110","0","2"
"Male","Wheeler","252","18","25"
"Unknown","Wheeler","17","0","0"
"Female","White","943","15","82"
"Male","White","794","16","95"
"Unknown","White","13","0","0"
"Female","Whitfield","5208","47","233"
"Male","Whitfield","4625","61","237"
"Unknown","Whitfield","85","0","3"
"Female","Wilcox","153","10","21"
"Male","Wilcox","180","15","40"
"Female","Wilkes","226","3","23"
"Male","Wilkes","199","5","26"
"Unknown","Wilkes","1","0","0"
"Female","Wilkinson","270","10","42"
"Male","Wilkinson","213","8","46"
"Unknown","Wilkinson","1","0","0"
"Female","Worth","463","19","75"
"Male","Worth","315","18","46"
"Unknown","Worth","4","0","0"
