"age group","county name","cases","deaths","hospitalization"
"01-04 years","Georgia","20275","2","342"
"05-09 years","Georgia","37643","2","265"
"10-17 years","Georgia","109586","11","969"
"18-29 years","Georgia","255201","158","4891"
"30-39 years","Georgia","191597","359","6497"
"40-49 years","Georgia","178818","869","9252"
"50-59 years","Georgia","163894","2161","13685"
"60-69 years","Georgia","109711","4266","15628"
"70-79 years","Georgia","62303","5855","14408"
"80 & Older years","Georgia","34649","7288","10778"
"<1 years","Georgia","5429","0","277"
"Unknown years","Georgia","4478","0","126"
"01-04 years","Appling","51","0","0"
"05-09 years","Appling","87","0","0"
"10-17 years","Appling","312","0","2"
"18-29 years","Appling","473","1","7"
"30-39 years","Appling","349","1","8"
"40-49 years","Appling","357","5","22"
"50-59 years","Appling","379","9","35"
"60-69 years","Appling","315","17","64"
"70-79 years","Appling","214","22","38"
"80 & Older years","Appling","104","23","37"
"<1 years","Appling","8","0","0"
"Unknown years","Appling","4","0","0"
"01-04 years","Atkinson","17","0","1"
"05-09 years","Atkinson","46","0","1"
"10-17 years","Atkinson","105","0","1"
"18-29 years","Atkinson","235","0","13"
"30-39 years","Atkinson","167","0","13"
"40-49 years","Atkinson","181","2","31"
"50-59 years","Atkinson","168","2","32"
"60-69 years","Atkinson","103","7","32"
"70-79 years","Atkinson","57","6","22"
"80 & Older years","Atkinson","17","5","12"
"<1 years","Atkinson","3","0","0"
"01-04 years","Bacon","36","0","0"
"05-09 years","Bacon","52","0","0"
"10-17 years","Bacon","159","0","1"
"18-29 years","Bacon","492","0","6"
"30-39 years","Bacon","254","1","7"
"40-49 years","Bacon","250","4","18"
"50-59 years","Bacon","205","2","18"
"60-69 years","Bacon","172","12","40"
"70-79 years","Bacon","106","9","27"
"80 & Older years","Bacon","46","11","14"
"<1 years","Bacon","10","0","0"
"Unknown years","Bacon","5","0","0"
"01-04 years","Baker","9","0","0"
"05-09 years","Baker","9","0","0"
"10-17 years","Baker","13","0","0"
"18-29 years","Baker","40","0","0"
"30-39 years","Baker","27","0","4"
"40-49 years","Baker","26","3","3"
"50-59 years","Baker","34","0","2"
"60-69 years","Baker","37","3","16"
"70-79 years","Baker","20","3","11"
"80 & Older years","Baker","14","4","5"
"<1 years","Baker","2","0","0"
"01-04 years","Baldwin","63","0","0"
"05-09 years","Baldwin","123","0","0"
"10-17 years","Baldwin","380","1","6"
"18-29 years","Baldwin","1529","0","17"
"30-39 years","Baldwin","656","1","17"
"40-49 years","Baldwin","643","4","39"
"50-59 years","Baldwin","623","17","68"
"60-69 years","Baldwin","492","27","83"
"70-79 years","Baldwin","301","35","65"
"80 & Older years","Baldwin","189","55","69"
"<1 years","Baldwin","23","0","1"
"Unknown years","Baldwin","4","0","0"
"01-04 years","Banks","20","0","1"
"05-09 years","Banks","53","0","1"
"10-17 years","Banks","175","0","4"
"18-29 years","Banks","407","0","13"
"30-39 years","Banks","301","0","11"
"40-49 years","Banks","315","4","24"
"50-59 years","Banks","330","3","34"
"60-69 years","Banks","279","11","60"
"70-79 years","Banks","186","17","70"
"80 & Older years","Banks","96","13","32"
"<1 years","Banks","7","0","1"
"Unknown years","Banks","25","0","1"
"01-04 years","Barrow","171","0","2"
"05-09 years","Barrow","355","0","0"
"10-17 years","Barrow","1183","1","8"
"18-29 years","Barrow","2318","2","49"
"30-39 years","Barrow","2032","2","63"
"40-49 years","Barrow","2020","7","103"
"50-59 years","Barrow","1673","14","147"
"60-69 years","Barrow","1113","40","185"
"70-79 years","Barrow","622","42","126"
"80 & Older years","Barrow","287","53","104"
"<1 years","Barrow","48","0","2"
"Unknown years","Barrow","18","0","2"
"01-04 years","Bartow","201","0","6"
"05-09 years","Bartow","360","0","2"
"10-17 years","Bartow","1374","0","16"
"18-29 years","Bartow","2702","1","32"
"30-39 years","Bartow","2235","5","57"
"40-49 years","Bartow","2238","6","96"
"50-59 years","Bartow","2301","18","183"
"60-69 years","Bartow","1417","55","182"
"70-79 years","Bartow","928","91","217"
"80 & Older years","Bartow","449","80","134"
"<1 years","Bartow","71","0","5"
"Unknown years","Bartow","77","0","7"
"01-04 years","Ben Hill","36","0","1"
"05-09 years","Ben Hill","30","0","0"
"10-17 years","Ben Hill","144","0","0"
"18-29 years","Ben Hill","346","0","4"
"30-39 years","Ben Hill","262","3","12"
"40-49 years","Ben Hill","251","1","13"
"50-59 years","Ben Hill","269","6","33"
"60-69 years","Ben Hill","230","15","35"
"70-79 years","Ben Hill","156","19","55"
"80 & Older years","Ben Hill","76","19","19"
"<1 years","Ben Hill","7","0","1"
"Unknown years","Ben Hill","1","0","0"
"01-04 years","Berrien","35","0","0"
"05-09 years","Berrien","39","0","0"
"10-17 years","Berrien","145","0","1"
"18-29 years","Berrien","272","0","0"
"30-39 years","Berrien","232","0","3"
"40-49 years","Berrien","185","0","5"
"50-59 years","Berrien","209","4","18"
"60-69 years","Berrien","162","9","22"
"70-79 years","Berrien","113","15","20"
"80 & Older years","Berrien","59","13","15"
"<1 years","Berrien","8","0","0"
"Unknown years","Berrien","2","0","0"
"01-04 years","Bibb","271","0","7"
"05-09 years","Bibb","500","0","0"
"10-17 years","Bibb","1485","0","13"
"18-29 years","Bibb","4248","1","105"
"30-39 years","Bibb","3141","7","149"
"40-49 years","Bibb","2888","24","246"
"50-59 years","Bibb","2617","35","340"
"60-69 years","Bibb","2018","104","480"
"70-79 years","Bibb","1135","133","403"
"80 & Older years","Bibb","685","167","337"
"<1 years","Bibb","76","0","5"
"Unknown years","Bibb","15","0","0"
"01-04 years","Bleckley","15","0","0"
"05-09 years","Bleckley","35","0","0"
"10-17 years","Bleckley","105","0","0"
"18-29 years","Bleckley","245","0","4"
"30-39 years","Bleckley","138","1","4"
"40-49 years","Bleckley","134","1","2"
"50-59 years","Bleckley","135","2","8"
"60-69 years","Bleckley","103","8","13"
"70-79 years","Bleckley","69","4","13"
"80 & Older years","Bleckley","62","18","13"
"<1 years","Bleckley","3","0","0"
"01-04 years","Brantley","32","0","0"
"05-09 years","Brantley","59","0","0"
"10-17 years","Brantley","200","0","1"
"18-29 years","Brantley","336","0","3"
"30-39 years","Brantley","264","0","6"
"40-49 years","Brantley","250","3","19"
"50-59 years","Brantley","288","11","27"
"60-69 years","Brantley","197","8","26"
"70-79 years","Brantley","137","21","38"
"80 & Older years","Brantley","57","11","14"
"<1 years","Brantley","3","0","0"
"Unknown years","Brantley","5","0","0"
"01-04 years","Brooks","25","0","1"
"05-09 years","Brooks","44","0","0"
"10-17 years","Brooks","118","0","0"
"18-29 years","Brooks","247","0","1"
"30-39 years","Brooks","188","1","5"
"40-49 years","Brooks","177","1","13"
"50-59 years","Brooks","204","2","24"
"60-69 years","Brooks","137","8","22"
"70-79 years","Brooks","111","13","22"
"80 & Older years","Brooks","71","18","17"
"<1 years","Brooks","11","0","0"
"01-04 years","Bryan","105","0","0"
"05-09 years","Bryan","211","0","1"
"10-17 years","Bryan","573","0","4"
"18-29 years","Bryan","796","0","19"
"30-39 years","Bryan","733","1","23"
"40-49 years","Bryan","750","2","33"
"50-59 years","Bryan","514","5","42"
"60-69 years","Bryan","346","13","46"
"70-79 years","Bryan","209","14","72"
"80 & Older years","Bryan","77","9","29"
"<1 years","Bryan","30","0","0"
"Unknown years","Bryan","15","0","0"
"01-04 years","Bulloch","146","0","1"
"05-09 years","Bulloch","295","0","2"
"10-17 years","Bulloch","862","0","2"
"18-29 years","Bulloch","2910","0","12"
"30-39 years","Bulloch","1000","3","24"
"40-49 years","Bulloch","833","4","27"
"50-59 years","Bulloch","719","11","43"
"60-69 years","Bulloch","511","22","59"
"70-79 years","Bulloch","249","21","48"
"80 & Older years","Bulloch","119","18","40"
"<1 years","Bulloch","49","0","1"
"Unknown years","Bulloch","6","0","0"
"01-04 years","Burke","33","0","0"
"05-09 years","Burke","67","0","0"
"10-17 years","Burke","187","0","1"
"18-29 years","Burke","434","1","10"
"30-39 years","Burke","350","1","15"
"40-49 years","Burke","361","2","22"
"50-59 years","Burke","327","6","37"
"60-69 years","Burke","247","7","46"
"70-79 years","Burke","135","14","39"
"80 & Older years","Burke","46","11","17"
"<1 years","Burke","8","0","0"
"Unknown years","Burke","4","0","0"
"01-04 years","Butts","43","0","3"
"05-09 years","Butts","66","0","0"
"10-17 years","Butts","243","0","5"
"18-29 years","Butts","584","0","7"
"30-39 years","Butts","520","0","9"
"40-49 years","Butts","459","4","20"
"50-59 years","Butts","489","10","34"
"60-69 years","Butts","331","17","41"
"70-79 years","Butts","228","24","33"
"80 & Older years","Butts","125","31","10"
"<1 years","Butts","15","0","2"
"Unknown years","Butts","3","0","0"
"01-04 years","Calhoun","10","0","0"
"05-09 years","Calhoun","9","0","0"
"10-17 years","Calhoun","62","0","0"
"18-29 years","Calhoun","90","0","6"
"30-39 years","Calhoun","81","3","7"
"40-49 years","Calhoun","95","2","11"
"50-59 years","Calhoun","101","3","18"
"60-69 years","Calhoun","83","3","23"
"70-79 years","Calhoun","33","7","11"
"80 & Older years","Calhoun","22","2","9"
"<1 years","Calhoun","5","0","0"
"Unknown years","Calhoun","1","0","0"
"01-04 years","Camden","117","0","0"
"05-09 years","Camden","193","0","2"
"10-17 years","Camden","559","0","1"
"18-29 years","Camden","1231","0","10"
"30-39 years","Camden","949","1","24"
"40-49 years","Camden","685","7","25"
"50-59 years","Camden","744","7","31"
"60-69 years","Camden","508","20","45"
"70-79 years","Camden","291","10","30"
"80 & Older years","Camden","124","22","27"
"<1 years","Camden","16","0","2"
"Unknown years","Camden","76","0","1"
"01-04 years","Candler","13","0","0"
"05-09 years","Candler","38","0","0"
"10-17 years","Candler","99","0","0"
"18-29 years","Candler","183","0","1"
"30-39 years","Candler","143","0","4"
"40-49 years","Candler","162","3","3"
"50-59 years","Candler","175","8","17"
"60-69 years","Candler","125","9","17"
"70-79 years","Candler","87","14","21"
"80 & Older years","Candler","35","7","15"
"<1 years","Candler","5","0","0"
"Unknown years","Candler","1","0","0"
"01-04 years","Carroll","156","0","1"
"05-09 years","Carroll","264","0","3"
"10-17 years","Carroll","940","0","6"
"18-29 years","Carroll","2136","0","15"
"30-39 years","Carroll","1437","4","23"
"40-49 years","Carroll","1349","5","41"
"50-59 years","Carroll","1317","13","63"
"60-69 years","Carroll","919","28","92"
"70-79 years","Carroll","520","36","75"
"80 & Older years","Carroll","300","53","47"
"<1 years","Carroll","37","0","1"
"Unknown years","Carroll","13","0","0"
"01-04 years","Catoosa","138","0","0"
"05-09 years","Catoosa","259","0","1"
"10-17 years","Catoosa","781","0","2"
"18-29 years","Catoosa","1417","0","9"
"30-39 years","Catoosa","1118","2","14"
"40-49 years","Catoosa","1199","2","22"
"50-59 years","Catoosa","1091","7","43"
"60-69 years","Catoosa","745","8","64"
"70-79 years","Catoosa","445","22","68"
"80 & Older years","Catoosa","293","33","55"
"<1 years","Catoosa","53","0","1"
"Unknown years","Catoosa","89","0","4"
"01-04 years","Charlton","16","0","0"
"05-09 years","Charlton","43","0","0"
"10-17 years","Charlton","94","0","0"
"18-29 years","Charlton","383","1","2"
"30-39 years","Charlton","322","2","6"
"40-49 years","Charlton","261","3","13"
"50-59 years","Charlton","194","3","9"
"60-69 years","Charlton","183","11","27"
"70-79 years","Charlton","77","9","19"
"80 & Older years","Charlton","39","10","17"
"<1 years","Charlton","6","0","0"
"Unknown years","Charlton","2","0","0"
"01-04 years","Chatham","908","0","8"
"05-09 years","Chatham","1353","1","2"
"10-17 years","Chatham","2943","0","24"
"18-29 years","Chatham","7322","5","111"
"30-39 years","Chatham","5464","10","191"
"40-49 years","Chatham","4156","22","249"
"50-59 years","Chatham","3556","50","361"
"60-69 years","Chatham","2754","108","487"
"70-79 years","Chatham","1461","136","461"
"80 & Older years","Chatham","875","182","380"
"<1 years","Chatham","211","0","7"
"Unknown years","Chatham","52","0","2"
"01-04 years","Chattahoochee","9","0","0"
"05-09 years","Chattahoochee","17","0","0"
"10-17 years","Chattahoochee","149","0","2"
"18-29 years","Chattahoochee","3775","7","7"
"30-39 years","Chattahoochee","359","2","5"
"40-49 years","Chattahoochee","63","0","0"
"50-59 years","Chattahoochee","40","0","9"
"60-69 years","Chattahoochee","21","0","4"
"70-79 years","Chattahoochee","14","1","4"
"80 & Older years","Chattahoochee","9","3","5"
"<1 years","Chattahoochee","8","0","0"
"Unknown years","Chattahoochee","1","0","0"
"01-04 years","Chattooga","48","0","0"
"05-09 years","Chattooga","88","0","1"
"10-17 years","Chattooga","372","0","2"
"18-29 years","Chattooga","573","0","7"
"30-39 years","Chattooga","482","0","9"
"40-49 years","Chattooga","511","2","21"
"50-59 years","Chattooga","459","7","31"
"60-69 years","Chattooga","369","16","51"
"70-79 years","Chattooga","215","20","58"
"80 & Older years","Chattooga","137","27","37"
"<1 years","Chattooga","22","0","3"
"Unknown years","Chattooga","14","0","1"
"01-04 years","Cherokee","397","0","10"
"05-09 years","Cherokee","1039","0","9"
"10-17 years","Cherokee","3502","0","20"
"18-29 years","Cherokee","5490","2","98"
"30-39 years","Cherokee","4197","3","144"
"40-49 years","Cherokee","4715","8","179"
"50-59 years","Cherokee","4469","29","292"
"60-69 years","Cherokee","2680","57","325"
"70-79 years","Cherokee","1662","102","320"
"80 & Older years","Cherokee","949","161","274"
"<1 years","Cherokee","87","0","2"
"Unknown years","Cherokee","39","0","0"
"01-04 years","Clarke","268","0","1"
"05-09 years","Clarke","435","0","3"
"10-17 years","Clarke","1045","0","10"
"18-29 years","Clarke","7470","1","64"
"30-39 years","Clarke","2112","3","52"
"40-49 years","Clarke","1697","4","70"
"50-59 years","Clarke","1446","13","103"
"60-69 years","Clarke","950","27","123"
"70-79 years","Clarke","557","51","132"
"80 & Older years","Clarke","287","55","81"
"<1 years","Clarke","78","0","2"
"Unknown years","Clarke","19","0","0"
"01-04 years","Clay","3","0","0"
"05-09 years","Clay","5","0","0"
"10-17 years","Clay","23","0","0"
"18-29 years","Clay","35","0","0"
"30-39 years","Clay","38","0","1"
"40-49 years","Clay","39","0","2"
"50-59 years","Clay","21","0","2"
"60-69 years","Clay","27","1","2"
"70-79 years","Clay","20","0","0"
"80 & Older years","Clay","14","2","5"
"Unknown years","Clay","2","0","0"
"01-04 years","Clayton","720","0","16"
"05-09 years","Clayton","1227","1","12"
"10-17 years","Clayton","2900","1","51"
"18-29 years","Clayton","6573","7","148"
"30-39 years","Clayton","5925","22","238"
"40-49 years","Clayton","5114","36","264"
"50-59 years","Clayton","4595","80","373"
"60-69 years","Clayton","2872","146","336"
"70-79 years","Clayton","1173","138","230"
"80 & Older years","Clayton","555","135","139"
"<1 years","Clayton","151","0","8"
"Unknown years","Clayton","44","0","4"
"01-04 years","Clinch","23","0","0"
"05-09 years","Clinch","39","0","0"
"10-17 years","Clinch","104","0","0"
"18-29 years","Clinch","180","0","2"
"30-39 years","Clinch","145","1","4"
"40-49 years","Clinch","135","0","3"
"50-59 years","Clinch","141","2","17"
"60-69 years","Clinch","135","9","20"
"70-79 years","Clinch","66","10","20"
"80 & Older years","Clinch","23","8","8"
"<1 years","Clinch","4","0","0"
"Unknown years","Clinch","1","0","0"
"01-04 years","Cobb","1230","1","20"
"05-09 years","Cobb","2671","0","22"
"10-17 years","Cobb","7144","0","53"
"18-29 years","Cobb","18621","6","276"
"30-39 years","Cobb","13156","20","325"
"40-49 years","Cobb","12299","41","517"
"50-59 years","Cobb","10719","98","687"
"60-69 years","Cobb","6493","186","685"
"70-79 years","Cobb","3531","333","651"
"80 & Older years","Cobb","2036","443","584"
"<1 years","Cobb","293","0","20"
"Unknown years","Cobb","100","0","2"
"01-04 years","Coffee","134","0","2"
"05-09 years","Coffee","202","0","4"
"10-17 years","Coffee","524","0","5"
"18-29 years","Coffee","1203","1","34"
"30-39 years","Coffee","911","4","56"
"40-49 years","Coffee","905","10","122"
"50-59 years","Coffee","873","17","179"
"60-69 years","Coffee","650","40","175"
"70-79 years","Coffee","334","48","148"
"80 & Older years","Coffee","174","42","96"
"<1 years","Coffee","35","0","2"
"Unknown years","Coffee","3","0","0"
"01-04 years","Colquitt","80","0","0"
"05-09 years","Colquitt","189","0","2"
"10-17 years","Colquitt","636","0","10"
"18-29 years","Colquitt","1037","0","25"
"30-39 years","Colquitt","780","2","27"
"40-49 years","Colquitt","768","7","44"
"50-59 years","Colquitt","697","20","48"
"60-69 years","Colquitt","490","22","57"
"70-79 years","Colquitt","315","25","58"
"80 & Older years","Colquitt","170","32","37"
"<1 years","Colquitt","34","0","1"
"Unknown years","Colquitt","1","0","0"
"01-04 years","Columbia","221","0","2"
"05-09 years","Columbia","506","0","2"
"10-17 years","Columbia","1585","0","4"
"18-29 years","Columbia","2746","1","29"
"30-39 years","Columbia","2555","3","39"
"40-49 years","Columbia","2251","10","62"
"50-59 years","Columbia","1821","24","95"
"60-69 years","Columbia","1190","32","115"
"70-79 years","Columbia","617","49","132"
"80 & Older years","Columbia","367","73","120"
"<1 years","Columbia","51","0","2"
"Unknown years","Columbia","10","0","0"
"01-04 years","Cook","31","0","2"
"05-09 years","Cook","62","0","0"
"10-17 years","Cook","157","0","2"
"18-29 years","Cook","296","0","6"
"30-39 years","Cook","250","0","4"
"40-49 years","Cook","243","2","18"
"50-59 years","Cook","215","6","19"
"60-69 years","Cook","157","8","20"
"70-79 years","Cook","117","13","29"
"80 & Older years","Cook","66","18","15"
"<1 years","Cook","16","0","2"
"Unknown years","Cook","1","0","0"
"01-04 years","Coweta","222","0","0"
"05-09 years","Coweta","389","0","1"
"10-17 years","Coweta","1187","0","8"
"18-29 years","Coweta","2089","1","35"
"30-39 years","Coweta","1715","8","66"
"40-49 years","Coweta","1812","15","92"
"50-59 years","Coweta","1971","34","119"
"60-69 years","Coweta","1208","44","105"
"70-79 years","Coweta","739","73","108"
"80 & Older years","Coweta","383","82","63"
"<1 years","Coweta","41","0","1"
"Unknown years","Coweta","14","0","0"
"01-04 years","Crawford","4","0","0"
"05-09 years","Crawford","10","0","0"
"10-17 years","Crawford","46","0","2"
"18-29 years","Crawford","119","0","3"
"30-39 years","Crawford","117","1","8"
"40-49 years","Crawford","88","2","6"
"50-59 years","Crawford","148","6","21"
"60-69 years","Crawford","131","9","20"
"70-79 years","Crawford","63","7","16"
"80 & Older years","Crawford","31","2","12"
"Unknown years","Crawford","1","0","0"
"01-04 years","Crisp","28","0","0"
"05-09 years","Crisp","48","0","0"
"10-17 years","Crisp","177","0","2"
"18-29 years","Crisp","293","0","11"
"30-39 years","Crisp","296","1","17"
"40-49 years","Crisp","248","4","22"
"50-59 years","Crisp","239","4","30"
"60-69 years","Crisp","225","18","43"
"70-79 years","Crisp","115","15","34"
"80 & Older years","Crisp","75","19","18"
"<1 years","Crisp","15","0","0"
"Unknown years","Crisp","8","0","0"
"01-04 years","Dade","33","0","0"
"05-09 years","Dade","73","0","0"
"10-17 years","Dade","191","0","1"
"18-29 years","Dade","322","0","1"
"30-39 years","Dade","216","0","2"
"40-49 years","Dade","250","0","7"
"50-59 years","Dade","216","3","12"
"60-69 years","Dade","165","1","11"
"70-79 years","Dade","119","8","21"
"80 & Older years","Dade","56","3","10"
"<1 years","Dade","7","0","0"
"Unknown years","Dade","25","0","1"
"01-04 years","Dawson","60","0","0"
"05-09 years","Dawson","124","0","0"
"10-17 years","Dawson","344","0","6"
"18-29 years","Dawson","734","0","18"
"30-39 years","Dawson","607","1","21"
"40-49 years","Dawson","548","0","29"
"50-59 years","Dawson","574","4","42"
"60-69 years","Dawson","451","8","81"
"70-79 years","Dawson","276","23","57"
"80 & Older years","Dawson","110","17","35"
"<1 years","Dawson","12","0","2"
"Unknown years","Dawson","27","0","1"
"01-04 years","DeKalb","1421","0","26"
"05-09 years","DeKalb","2324","0","27"
"10-17 years","DeKalb","5513","0","80"
"18-29 years","DeKalb","16865","12","482"
"30-39 years","DeKalb","14442","22","679"
"40-49 years","DeKalb","11249","46","753"
"50-59 years","DeKalb","9830","126","1038"
"60-69 years","DeKalb","6237","208","1118"
"70-79 years","DeKalb","3068","282","851"
"80 & Older years","DeKalb","1845","368","595"
"<1 years","DeKalb","277","0","16"
"Unknown years","DeKalb","275","0","25"
"01-04 years","Decatur","123","0","2"
"05-09 years","Decatur","142","0","0"
"10-17 years","Decatur","343","0","1"
"18-29 years","Decatur","626","1","17"
"30-39 years","Decatur","454","1","10"
"40-49 years","Decatur","448","2","25"
"50-59 years","Decatur","390","8","38"
"60-69 years","Decatur","296","14","46"
"70-79 years","Decatur","174","23","35"
"80 & Older years","Decatur","107","21","23"
"<1 years","Decatur","20","0","0"
"Unknown years","Decatur","6","0","0"
"01-04 years","Dodge","17","0","0"
"05-09 years","Dodge","34","0","0"
"10-17 years","Dodge","160","1","2"
"18-29 years","Dodge","275","0","5"
"30-39 years","Dodge","205","0","7"
"40-49 years","Dodge","209","2","12"
"50-59 years","Dodge","214","5","23"
"60-69 years","Dodge","160","17","30"
"70-79 years","Dodge","91","18","22"
"80 & Older years","Dodge","59","14","16"
"<1 years","Dodge","9","0","0"
"01-04 years","Dooly","15","0","0"
"05-09 years","Dooly","30","0","0"
"10-17 years","Dooly","97","0","1"
"18-29 years","Dooly","168","1","5"
"30-39 years","Dooly","126","0","11"
"40-49 years","Dooly","159","2","11"
"50-59 years","Dooly","162","5","20"
"60-69 years","Dooly","144","10","24"
"70-79 years","Dooly","66","10","19"
"80 & Older years","Dooly","24","6","6"
"<1 years","Dooly","4","0","0"
"Unknown years","Dooly","17","0","0"
"01-04 years","Dougherty","171","0","3"
"05-09 years","Dougherty","309","0","0"
"10-17 years","Dougherty","669","0","13"
"18-29 years","Dougherty","1567","4","121"
"30-39 years","Dougherty","1304","6","103"
"40-49 years","Dougherty","1176","22","142"
"50-59 years","Dougherty","1153","31","198"
"60-69 years","Dougherty","946","87","291"
"70-79 years","Dougherty","531","75","199"
"80 & Older years","Dougherty","321","105","148"
"<1 years","Dougherty","58","0","6"
"Unknown years","Dougherty","7","0","0"
"01-04 years","Douglas","296","0","6"
"05-09 years","Douglas","559","0","8"
"10-17 years","Douglas","1624","1","22"
"18-29 years","Douglas","3089","1","57"
"30-39 years","Douglas","2665","5","90"
"40-49 years","Douglas","2897","9","150"
"50-59 years","Douglas","2490","28","207"
"60-69 years","Douglas","1417","43","205"
"70-79 years","Douglas","721","63","168"
"80 & Older years","Douglas","349","60","109"
"<1 years","Douglas","64","0","7"
"Unknown years","Douglas","24","0","1"
"01-04 years","Early","40","0","0"
"05-09 years","Early","51","0","0"
"10-17 years","Early","210","0","0"
"18-29 years","Early","250","1","9"
"30-39 years","Early","210","1","5"
"40-49 years","Early","229","1","11"
"50-59 years","Early","209","4","16"
"60-69 years","Early","144","12","17"
"70-79 years","Early","93","17","21"
"80 & Older years","Early","46","13","16"
"<1 years","Early","4","0","0"
"Unknown years","Early","3","0","0"
"01-04 years","Echols","10","0","0"
"05-09 years","Echols","7","0","0"
"10-17 years","Echols","32","0","1"
"18-29 years","Echols","138","0","1"
"30-39 years","Echols","63","1","3"
"40-49 years","Echols","47","0","1"
"50-59 years","Echols","50","0","2"
"60-69 years","Echols","24","0","0"
"70-79 years","Echols","20","2","3"
"80 & Older years","Echols","4","1","2"
"<1 years","Echols","2","0","0"
"01-04 years","Effingham","155","0","3"
"05-09 years","Effingham","343","0","4"
"10-17 years","Effingham","850","0","2"
"18-29 years","Effingham","1108","0","11"
"30-39 years","Effingham","1117","1","28"
"40-49 years","Effingham","995","5","54"
"50-59 years","Effingham","899","18","76"
"60-69 years","Effingham","574","17","89"
"70-79 years","Effingham","318","30","87"
"80 & Older years","Effingham","148","35","43"
"<1 years","Effingham","41","0","0"
"Unknown years","Effingham","18","0","0"
"01-04 years","Elbert","30","0","0"
"05-09 years","Elbert","53","0","0"
"10-17 years","Elbert","139","0","2"
"18-29 years","Elbert","337","1","2"
"30-39 years","Elbert","239","0","10"
"40-49 years","Elbert","260","1","11"
"50-59 years","Elbert","263","2","17"
"60-69 years","Elbert","209","6","26"
"70-79 years","Elbert","176","21","38"
"80 & Older years","Elbert","138","32","44"
"<1 years","Elbert","11","0","2"
"Unknown years","Elbert","6","0","0"
"01-04 years","Emanuel","54","0","1"
"05-09 years","Emanuel","90","0","0"
"10-17 years","Emanuel","309","0","2"
"18-29 years","Emanuel","488","1","2"
"30-39 years","Emanuel","363","0","15"
"40-49 years","Emanuel","395","2","13"
"50-59 years","Emanuel","342","6","31"
"60-69 years","Emanuel","274","11","30"
"70-79 years","Emanuel","162","16","28"
"80 & Older years","Emanuel","72","21","23"
"<1 years","Emanuel","11","0","1"
"Unknown years","Emanuel","12","0","1"
"01-04 years","Evans","22","0","0"
"05-09 years","Evans","43","0","0"
"10-17 years","Evans","114","0","2"
"18-29 years","Evans","215","1","3"
"30-39 years","Evans","186","0","4"
"40-49 years","Evans","164","2","18"
"50-59 years","Evans","162","4","21"
"60-69 years","Evans","93","6","19"
"70-79 years","Evans","63","8","22"
"80 & Older years","Evans","23","4","13"
"<1 years","Evans","6","0","0"
"Unknown years","Evans","2","0","0"
"01-04 years","Fannin","27","0","1"
"05-09 years","Fannin","68","0","0"
"10-17 years","Fannin","261","0","1"
"18-29 years","Fannin","391","0","7"
"30-39 years","Fannin","337","0","8"
"40-49 years","Fannin","383","2","15"
"50-59 years","Fannin","475","6","28"
"60-69 years","Fannin","472","12","49"
"70-79 years","Fannin","332","22","58"
"80 & Older years","Fannin","177","35","52"
"<1 years","Fannin","5","0","0"
"01-04 years","Fayette","133","0","1"
"05-09 years","Fayette","308","0","3"
"10-17 years","Fayette","990","0","8"
"18-29 years","Fayette","1600","3","17"
"30-39 years","Fayette","1111","3","17"
"40-49 years","Fayette","1442","5","52"
"50-59 years","Fayette","1464","10","92"
"60-69 years","Fayette","1042","27","94"
"70-79 years","Fayette","539","62","112"
"80 & Older years","Fayette","350","72","71"
"<1 years","Fayette","29","0","1"
"Unknown years","Fayette","12","0","0"
"01-04 years","Floyd","220","0","5"
"05-09 years","Floyd","426","0","1"
"10-17 years","Floyd","1610","0","12"
"18-29 years","Floyd","2824","2","45"
"30-39 years","Floyd","2193","6","64"
"40-49 years","Floyd","2022","7","115"
"50-59 years","Floyd","1988","33","191"
"60-69 years","Floyd","1401","43","223"
"70-79 years","Floyd","863","66","224"
"80 & Older years","Floyd","469","79","166"
"<1 years","Floyd","91","0","4"
"Unknown years","Floyd","80","0","3"
"01-04 years","Forsyth","438","0","5"
"05-09 years","Forsyth","1280","0","2"
"10-17 years","Forsyth","3581","0","9"
"18-29 years","Forsyth","3970","0","56"
"30-39 years","Forsyth","3165","1","74"
"40-49 years","Forsyth","4203","5","162"
"50-59 years","Forsyth","3663","14","205"
"60-69 years","Forsyth","1858","28","199"
"70-79 years","Forsyth","1082","68","239"
"80 & Older years","Forsyth","609","98","183"
"<1 years","Forsyth","85","0","3"
"Unknown years","Forsyth","345","0","3"
"01-04 years","Franklin","35","0","2"
"05-09 years","Franklin","83","0","0"
"10-17 years","Franklin","293","0","6"
"18-29 years","Franklin","571","0","13"
"30-39 years","Franklin","406","0","9"
"40-49 years","Franklin","426","0","17"
"50-59 years","Franklin","421","2","34"
"60-69 years","Franklin","389","6","44"
"70-79 years","Franklin","240","22","44"
"80 & Older years","Franklin","122","24","31"
"<1 years","Franklin","13","0","2"
"Unknown years","Franklin","47","0","0"
"01-04 years","Fulton","1746","0","49"
"05-09 years","Fulton","3106","0","32"
"10-17 years","Fulton","8582","1","86"
"18-29 years","Fulton","26343","6","512"
"30-39 years","Fulton","19871","33","728"
"40-49 years","Fulton","15564","47","823"
"50-59 years","Fulton","13424","140","1186"
"60-69 years","Fulton","7889","268","1066"
"70-79 years","Fulton","4114","385","946"
"80 & Older years","Fulton","2854","577","890"
"<1 years","Fulton","369","0","22"
"Unknown years","Fulton","130","0","19"
"01-04 years","Gilmer","46","0","2"
"05-09 years","Gilmer","59","0","0"
"10-17 years","Gilmer","285","0","2"
"18-29 years","Gilmer","472","0","15"
"30-39 years","Gilmer","429","0","19"
"40-49 years","Gilmer","455","0","22"
"50-59 years","Gilmer","502","12","36"
"60-69 years","Gilmer","480","11","55"
"70-79 years","Gilmer","341","31","74"
"80 & Older years","Gilmer","161","39","49"
"<1 years","Gilmer","15","0","0"
"Unknown years","Gilmer","4","0","0"
"01-04 years","Glascock","1","0","0"
"05-09 years","Glascock","4","0","0"
"10-17 years","Glascock","5","0","0"
"18-29 years","Glascock","25","0","1"
"30-39 years","Glascock","21","0","0"
"40-49 years","Glascock","27","0","1"
"50-59 years","Glascock","37","2","4"
"60-69 years","Glascock","19","0","5"
"70-79 years","Glascock","27","3","9"
"80 & Older years","Glascock","9","2","5"
"<1 years","Glascock","1","0","0"
"Unknown years","Glascock","1","0","0"
"01-04 years","Glynn","271","0","3"
"05-09 years","Glynn","548","0","1"
"10-17 years","Glynn","1366","0","3"
"18-29 years","Glynn","2273","3","31"
"30-39 years","Glynn","1918","7","41"
"40-49 years","Glynn","1585","10","55"
"50-59 years","Glynn","1420","24","96"
"60-69 years","Glynn","1161","61","152"
"70-79 years","Glynn","676","71","110"
"80 & Older years","Glynn","358","78","108"
"<1 years","Glynn","58","0","2"
"Unknown years","Glynn","259","0","0"
"01-04 years","Gordon","137","0","1"
"05-09 years","Gordon","207","0","2"
"10-17 years","Gordon","823","0","6"
"18-29 years","Gordon","1603","1","18"
"30-39 years","Gordon","1274","3","27"
"40-49 years","Gordon","1285","7","42"
"50-59 years","Gordon","1230","17","66"
"60-69 years","Gordon","801","40","71"
"70-79 years","Gordon","437","38","93"
"80 & Older years","Gordon","220","39","61"
"<1 years","Gordon","47","0","3"
"Unknown years","Gordon","70","0","1"
"01-04 years","Grady","61","0","1"
"05-09 years","Grady","86","0","0"
"10-17 years","Grady","228","0","5"
"18-29 years","Grady","354","0","12"
"30-39 years","Grady","331","0","13"
"40-49 years","Grady","325","2","31"
"50-59 years","Grady","304","9","38"
"60-69 years","Grady","220","8","30"
"70-79 years","Grady","201","23","57"
"80 & Older years","Grady","65","18","24"
"<1 years","Grady","9","0","2"
"Unknown years","Grady","6","0","0"
"01-04 years","Greene","28","0","1"
"05-09 years","Greene","67","0","0"
"10-17 years","Greene","201","0","1"
"18-29 years","Greene","349","0","9"
"30-39 years","Greene","254","0","8"
"40-49 years","Greene","247","4","18"
"50-59 years","Greene","288","6","24"
"60-69 years","Greene","284","8","25"
"70-79 years","Greene","210","12","32"
"80 & Older years","Greene","120","27","45"
"<1 years","Greene","9","0","1"
"Unknown years","Greene","2","0","0"
"01-04 years","Gwinnett","1816","0","24"
"05-09 years","Gwinnett","3139","0","27"
"10-17 years","Gwinnett","9523","2","78"
"18-29 years","Gwinnett","22390","10","568"
"30-39 years","Gwinnett","17285","28","620"
"40-49 years","Gwinnett","18016","72","872"
"50-59 years","Gwinnett","15131","124","1020"
"60-69 years","Gwinnett","8434","243","1033"
"70-79 years","Gwinnett","3790","302","829"
"80 & Older years","Gwinnett","2058","428","723"
"<1 years","Gwinnett","541","0","26"
"Unknown years","Gwinnett","107","0","2"
"01-04 years","Habersham","65","0","4"
"05-09 years","Habersham","104","0","3"
"10-17 years","Habersham","427","1","9"
"18-29 years","Habersham","1109","1","17"
"30-39 years","Habersham","846","2","33"
"40-49 years","Habersham","870","3","51"
"50-59 years","Habersham","908","7","80"
"60-69 years","Habersham","700","22","133"
"70-79 years","Habersham","488","52","127"
"80 & Older years","Habersham","316","74","99"
"<1 years","Habersham","21","0","6"
"Unknown years","Habersham","54","0","4"
"01-04 years","Hall","295","0","12"
"05-09 years","Hall","676","0","6"
"10-17 years","Hall","2781","0","36"
"18-29 years","Hall","6733","4","214"
"30-39 years","Hall","4683","3","255"
"40-49 years","Hall","4733","18","341"
"50-59 years","Hall","4824","43","509"
"60-69 years","Hall","3192","96","513"
"70-79 years","Hall","2006","137","572"
"80 & Older years","Hall","1142","216","439"
"<1 years","Hall","70","0","8"
"Unknown years","Hall","362","0","11"
"01-04 years","Hancock","9","0","0"
"05-09 years","Hancock","11","0","0"
"10-17 years","Hancock","48","0","1"
"18-29 years","Hancock","164","0","3"
"30-39 years","Hancock","140","0","4"
"40-49 years","Hancock","123","1","7"
"50-59 years","Hancock","162","4","17"
"60-69 years","Hancock","163","18","33"
"70-79 years","Hancock","89","21","28"
"80 & Older years","Hancock","67","23","25"
"<1 years","Hancock","4","0","0"
"Unknown years","Hancock","2","0","0"
"01-04 years","Haralson","30","0","0"
"05-09 years","Haralson","58","0","0"
"10-17 years","Haralson","225","0","2"
"18-29 years","Haralson","451","0","4"
"30-39 years","Haralson","292","0","6"
"40-49 years","Haralson","315","2","8"
"50-59 years","Haralson","361","3","11"
"60-69 years","Haralson","234","13","25"
"70-79 years","Haralson","145","13","19"
"80 & Older years","Haralson","59","8","11"
"<1 years","Haralson","9","0","1"
"Unknown years","Haralson","5","0","0"
"01-04 years","Harris","41","0","0"
"05-09 years","Harris","66","0","0"
"10-17 years","Harris","265","0","2"
"18-29 years","Harris","456","0","7"
"30-39 years","Harris","354","0","12"
"40-49 years","Harris","486","3","19"
"50-59 years","Harris","502","8","35"
"60-69 years","Harris","404","16","62"
"70-79 years","Harris","241","27","53"
"80 & Older years","Harris","75","14","17"
"<1 years","Harris","10","0","0"
"Unknown years","Harris","17","0","0"
"01-04 years","Hart","28","0","0"
"05-09 years","Hart","40","0","1"
"10-17 years","Hart","167","0","0"
"18-29 years","Hart","388","0","2"
"30-39 years","Hart","338","0","12"
"40-49 years","Hart","286","1","15"
"50-59 years","Hart","347","3","24"
"60-69 years","Hart","262","14","34"
"70-79 years","Hart","169","8","30"
"80 & Older years","Hart","93","16","30"
"<1 years","Hart","10","0","1"
"Unknown years","Hart","17","0","0"
"01-04 years","Heard","13","0","0"
"05-09 years","Heard","41","0","0"
"10-17 years","Heard","122","0","1"
"18-29 years","Heard","167","0","1"
"30-39 years","Heard","120","0","1"
"40-49 years","Heard","158","1","13"
"50-59 years","Heard","154","1","7"
"60-69 years","Heard","115","5","15"
"70-79 years","Heard","63","8","17"
"80 & Older years","Heard","28","6","4"
"<1 years","Heard","7","0","0"
"01-04 years","Henry","440","0","11"
"05-09 years","Henry","896","0","6"
"10-17 years","Henry","2741","0","30"
"18-29 years","Henry","5099","1","62"
"30-39 years","Henry","4450","9","89"
"40-49 years","Henry","4626","19","158"
"50-59 years","Henry","4307","35","195"
"60-69 years","Henry","2376","82","170"
"70-79 years","Henry","1165","103","125"
"80 & Older years","Henry","580","114","85"
"<1 years","Henry","92","0","5"
"Unknown years","Henry","42","0","2"
"01-04 years","Houston","237","0","5"
"05-09 years","Houston","494","0","2"
"10-17 years","Houston","1626","0","7"
"18-29 years","Houston","3018","5","59"
"30-39 years","Houston","2743","4","86"
"40-49 years","Houston","2404","13","135"
"50-59 years","Houston","1971","20","171"
"60-69 years","Houston","1304","55","214"
"70-79 years","Houston","684","70","195"
"80 & Older years","Houston","360","66","123"
"<1 years","Houston","44","0","4"
"Unknown years","Houston","31","0","0"
"01-04 years","Irwin","7","0","0"
"05-09 years","Irwin","15","0","0"
"10-17 years","Irwin","64","0","0"
"18-29 years","Irwin","173","0","5"
"30-39 years","Irwin","146","0","7"
"40-49 years","Irwin","156","1","10"
"50-59 years","Irwin","127","3","12"
"60-69 years","Irwin","97","1","22"
"70-79 years","Irwin","54","6","9"
"80 & Older years","Irwin","39","8","23"
"Unknown years","Irwin","3","0","0"
"01-04 years","Jackson","127","0","1"
"05-09 years","Jackson","307","0","3"
"10-17 years","Jackson","1412","1","12"
"18-29 years","Jackson","1971","2","35"
"30-39 years","Jackson","1924","2","54"
"40-49 years","Jackson","1946","7","86"
"50-59 years","Jackson","1778","14","128"
"60-69 years","Jackson","1166","31","115"
"70-79 years","Jackson","773","43","148"
"80 & Older years","Jackson","374","61","121"
"<1 years","Jackson","36","0","2"
"Unknown years","Jackson","19","0","1"
"01-04 years","Jasper","15","0","0"
"05-09 years","Jasper","22","0","0"
"10-17 years","Jasper","73","0","1"
"18-29 years","Jasper","166","0","7"
"30-39 years","Jasper","141","0","5"
"40-49 years","Jasper","139","1","6"
"50-59 years","Jasper","158","3","16"
"60-69 years","Jasper","124","9","25"
"70-79 years","Jasper","68","7","14"
"80 & Older years","Jasper","25","5","7"
"<1 years","Jasper","8","0","2"
"Unknown years","Jasper","2","0","0"
"01-04 years","Jeff Davis","45","0","0"
"05-09 years","Jeff Davis","84","0","0"
"10-17 years","Jeff Davis","181","0","2"
"18-29 years","Jeff Davis","350","0","6"
"30-39 years","Jeff Davis","287","0","9"
"40-49 years","Jeff Davis","274","0","16"
"50-59 years","Jeff Davis","241","7","24"
"60-69 years","Jeff Davis","145","9","24"
"70-79 years","Jeff Davis","109","15","23"
"80 & Older years","Jeff Davis","24","8","7"
"<1 years","Jeff Davis","6","0","1"
"Unknown years","Jeff Davis","2","0","0"
"01-04 years","Jefferson","26","0","2"
"05-09 years","Jefferson","39","0","0"
"10-17 years","Jefferson","126","0","2"
"18-29 years","Jefferson","287","0","3"
"30-39 years","Jefferson","239","0","10"
"40-49 years","Jefferson","243","3","19"
"50-59 years","Jefferson","296","6","27"
"60-69 years","Jefferson","271","12","40"
"70-79 years","Jefferson","168","19","44"
"80 & Older years","Jefferson","72","22","32"
"<1 years","Jefferson","5","0","1"
"Unknown years","Jefferson","9","0","0"
"01-04 years","Jenkins","22","0","0"
"05-09 years","Jenkins","28","0","0"
"10-17 years","Jenkins","81","0","0"
"18-29 years","Jenkins","145","0","2"
"30-39 years","Jenkins","100","2","6"
"40-49 years","Jenkins","137","2","14"
"50-59 years","Jenkins","152","6","24"
"60-69 years","Jenkins","95","7","13"
"70-79 years","Jenkins","61","13","21"
"80 & Older years","Jenkins","52","10","11"
"<1 years","Jenkins","2","0","0"
"Unknown years","Jenkins","2","0","0"
"01-04 years","Johnson","10","0","1"
"05-09 years","Johnson","17","0","0"
"10-17 years","Johnson","61","0","1"
"18-29 years","Johnson","160","0","5"
"30-39 years","Johnson","133","0","5"
"40-49 years","Johnson","129","2","6"
"50-59 years","Johnson","153","5","17"
"60-69 years","Johnson","143","8","23"
"70-79 years","Johnson","97","9","25"
"80 & Older years","Johnson","69","19","20"
"<1 years","Johnson","8","0","2"
"01-04 years","Jones","25","0","1"
"05-09 years","Jones","61","0","0"
"10-17 years","Jones","180","0","1"
"18-29 years","Jones","471","1","9"
"30-39 years","Jones","408","1","13"
"40-49 years","Jones","363","3","20"
"50-59 years","Jones","367","4","35"
"60-69 years","Jones","268","9","45"
"70-79 years","Jones","175","24","54"
"80 & Older years","Jones","95","22","28"
"<1 years","Jones","7","0","0"
"Unknown years","Jones","4","0","0"
"01-04 years","Lamar","52","0","0"
"05-09 years","Lamar","96","0","0"
"10-17 years","Lamar","274","0","4"
"18-29 years","Lamar","344","0","7"
"30-39 years","Lamar","301","2","13"
"40-49 years","Lamar","271","4","13"
"50-59 years","Lamar","267","6","35"
"60-69 years","Lamar","252","13","32"
"70-79 years","Lamar","160","15","30"
"80 & Older years","Lamar","75","23","21"
"<1 years","Lamar","34","0","1"
"Unknown years","Lamar","1","0","0"
"01-04 years","Lanier","15","0","0"
"05-09 years","Lanier","23","0","1"
"10-17 years","Lanier","76","0","1"
"18-29 years","Lanier","148","1","2"
"30-39 years","Lanier","168","0","2"
"40-49 years","Lanier","100","1","3"
"50-59 years","Lanier","87","1","7"
"60-69 years","Lanier","54","3","3"
"70-79 years","Lanier","35","4","6"
"80 & Older years","Lanier","16","0","6"
"<1 years","Lanier","5","0","0"
"Unknown years","Lanier","1","0","0"
"01-04 years","Laurens","90","0","1"
"05-09 years","Laurens","140","0","2"
"10-17 years","Laurens","524","0","5"
"18-29 years","Laurens","1034","0","11"
"30-39 years","Laurens","813","1","21"
"40-49 years","Laurens","799","8","32"
"50-59 years","Laurens","753","18","69"
"60-69 years","Laurens","595","38","91"
"70-79 years","Laurens","380","52","93"
"80 & Older years","Laurens","241","54","65"
"<1 years","Laurens","26","0","4"
"Unknown years","Laurens","9","0","0"
"01-04 years","Lee","47","0","0"
"05-09 years","Lee","83","0","3"
"10-17 years","Lee","247","0","4"
"18-29 years","Lee","385","1","20"
"30-39 years","Lee","441","1","25"
"40-49 years","Lee","428","7","40"
"50-59 years","Lee","364","13","62"
"60-69 years","Lee","246","17","49"
"70-79 years","Lee","111","15","37"
"80 & Older years","Lee","68","12","26"
"<1 years","Lee","12","0","0"
"Unknown years","Lee","4","0","0"
"01-04 years","Liberty","205","0","2"
"05-09 years","Liberty","325","0","1"
"10-17 years","Liberty","719","0","3"
"18-29 years","Liberty","1716","1","18"
"30-39 years","Liberty","1035","1","32"
"40-49 years","Liberty","678","4","22"
"50-59 years","Liberty","607","15","62"
"60-69 years","Liberty","382","19","62"
"70-79 years","Liberty","168","17","61"
"80 & Older years","Liberty","72","17","27"
"<1 years","Liberty","59","0","1"
"Unknown years","Liberty","17","0","0"
"01-04 years","Lincoln","15","0","0"
"05-09 years","Lincoln","20","0","0"
"10-17 years","Lincoln","47","0","0"
"18-29 years","Lincoln","114","0","4"
"30-39 years","Lincoln","94","0","3"
"40-49 years","Lincoln","100","1","9"
"50-59 years","Lincoln","86","3","5"
"60-69 years","Lincoln","87","5","18"
"70-79 years","Lincoln","57","9","15"
"80 & Older years","Lincoln","22","7","10"
"<1 years","Lincoln","4","0","0"
"Unknown years","Lincoln","5","0","0"
"01-04 years","Long","41","0","0"
"05-09 years","Long","69","0","0"
"10-17 years","Long","170","0","0"
"18-29 years","Long","236","0","0"
"30-39 years","Long","232","0","4"
"40-49 years","Long","185","1","7"
"50-59 years","Long","121","2","12"
"60-69 years","Long","95","3","15"
"70-79 years","Long","48","6","14"
"80 & Older years","Long","21","2","10"
"<1 years","Long","12","0","0"
"Unknown years","Long","3","0","0"
"01-04 years","Lowndes","230","0","0"
"05-09 years","Lowndes","325","0","1"
"10-17 years","Lowndes","906","0","9"
"18-29 years","Lowndes","3104","4","34"
"30-39 years","Lowndes","1779","6","30"
"40-49 years","Lowndes","1370","7","53"
"50-59 years","Lowndes","1144","17","76"
"60-69 years","Lowndes","776","37","94"
"70-79 years","Lowndes","445","51","77"
"80 & Older years","Lowndes","253","63","68"
"<1 years","Lowndes","68","0","1"
"Unknown years","Lowndes","16","0","0"
"01-04 years","Lumpkin","27","0","1"
"05-09 years","Lumpkin","92","0","4"
"10-17 years","Lumpkin","297","0","3"
"18-29 years","Lumpkin","1032","0","17"
"30-39 years","Lumpkin","539","1","16"
"40-49 years","Lumpkin","515","1","30"
"50-59 years","Lumpkin","577","6","66"
"60-69 years","Lumpkin","510","13","75"
"70-79 years","Lumpkin","337","18","90"
"80 & Older years","Lumpkin","167","36","80"
"<1 years","Lumpkin","14","0","1"
"Unknown years","Lumpkin","33","0","2"
"01-04 years","Macon","15","0","0"
"05-09 years","Macon","20","0","0"
"10-17 years","Macon","39","0","0"
"18-29 years","Macon","145","0","4"
"30-39 years","Macon","114","0","4"
"40-49 years","Macon","135","3","9"
"50-59 years","Macon","151","5","20"
"60-69 years","Macon","91","9","28"
"70-79 years","Macon","63","7","21"
"80 & Older years","Macon","24","9","10"
"<1 years","Macon","4","0","0"
"Unknown years","Macon","4","0","1"
"01-04 years","Madison","73","0","2"
"05-09 years","Madison","116","0","0"
"10-17 years","Madison","383","0","1"
"18-29 years","Madison","716","0","10"
"30-39 years","Madison","576","1","12"
"40-49 years","Madison","570","1","23"
"50-59 years","Madison","564","5","34"
"60-69 years","Madison","437","10","49"
"70-79 years","Madison","259","20","54"
"80 & Older years","Madison","94","15","17"
"<1 years","Madison","29","0","5"
"Unknown years","Madison","5","0","0"
"01-04 years","Marion","10","0","0"
"05-09 years","Marion","23","0","1"
"10-17 years","Marion","75","0","0"
"18-29 years","Marion","102","0","2"
"30-39 years","Marion","75","0","2"
"40-49 years","Marion","94","1","7"
"50-59 years","Marion","86","6","7"
"60-69 years","Marion","63","6","9"
"70-79 years","Marion","39","5","11"
"80 & Older years","Marion","33","7","10"
"<1 years","Marion","5","0","0"
"Unknown years","Marion","6","0","0"
"01-04 years","McDuffie","36","0","0"
"05-09 years","McDuffie","48","0","0"
"10-17 years","McDuffie","175","0","0"
"18-29 years","McDuffie","420","0","8"
"30-39 years","McDuffie","315","2","6"
"40-49 years","McDuffie","314","2","20"
"50-59 years","McDuffie","301","8","38"
"60-69 years","McDuffie","238","12","38"
"70-79 years","McDuffie","139","12","53"
"80 & Older years","McDuffie","66","15","29"
"<1 years","McDuffie","4","0","0"
"Unknown years","McDuffie","19","0","0"
"01-04 years","McIntosh","18","0","0"
"05-09 years","McIntosh","50","0","0"
"10-17 years","McIntosh","182","0","0"
"18-29 years","McIntosh","205","0","4"
"30-39 years","McIntosh","183","0","3"
"40-49 years","McIntosh","188","0","4"
"50-59 years","McIntosh","209","2","9"
"60-69 years","McIntosh","163","2","22"
"70-79 years","McIntosh","94","8","20"
"80 & Older years","McIntosh","35","9","11"
"<1 years","McIntosh","2","0","0"
"Unknown years","McIntosh","11","0","0"
"01-04 years","Meriwether","47","0","2"
"05-09 years","Meriwether","58","0","1"
"10-17 years","Meriwether","150","0","2"
"18-29 years","Meriwether","311","0","11"
"30-39 years","Meriwether","253","2","17"
"40-49 years","Meriwether","303","3","23"
"50-59 years","Meriwether","309","7","29"
"60-69 years","Meriwether","280","14","37"
"70-79 years","Meriwether","217","27","44"
"80 & Older years","Meriwether","110","29","25"
"<1 years","Meriwether","12","0","2"
"Unknown years","Meriwether","2","0","0"
"01-04 years","Miller","16","0","0"
"05-09 years","Miller","26","0","0"
"10-17 years","Miller","122","0","1"
"18-29 years","Miller","158","0","1"
"30-39 years","Miller","137","0","0"
"40-49 years","Miller","115","1","7"
"50-59 years","Miller","165","2","15"
"60-69 years","Miller","116","3","13"
"70-79 years","Miller","41","2","4"
"80 & Older years","Miller","30","2","6"
"<1 years","Miller","4","0","0"
"01-04 years","Mitchell","38","0","1"
"05-09 years","Mitchell","57","0","0"
"10-17 years","Mitchell","156","0","4"
"18-29 years","Mitchell","356","1","14"
"30-39 years","Mitchell","311","1","16"
"40-49 years","Mitchell","289","5","24"
"50-59 years","Mitchell","311","12","60"
"60-69 years","Mitchell","257","18","58"
"70-79 years","Mitchell","157","21","52"
"80 & Older years","Mitchell","98","27","33"
"<1 years","Mitchell","13","0","0"
"Unknown years","Mitchell","1","0","0"
"01-04 years","Monroe","20","0","2"
"05-09 years","Monroe","54","0","1"
"10-17 years","Monroe","179","0","0"
"18-29 years","Monroe","441","1","6"
"30-39 years","Monroe","369","0","10"
"40-49 years","Monroe","398","4","23"
"50-59 years","Monroe","430","5","29"
"60-69 years","Monroe","370","23","61"
"70-79 years","Monroe","203","26","52"
"80 & Older years","Monroe","131","43","42"
"<1 years","Monroe","5","0","1"
"01-04 years","Montgomery","15","0","0"
"05-09 years","Montgomery","19","0","0"
"10-17 years","Montgomery","98","0","1"
"18-29 years","Montgomery","214","0","1"
"30-39 years","Montgomery","157","2","6"
"40-49 years","Montgomery","164","0","2"
"50-59 years","Montgomery","155","4","9"
"60-69 years","Montgomery","126","4","13"
"70-79 years","Montgomery","68","7","12"
"80 & Older years","Montgomery","37","8","7"
"<1 years","Montgomery","1","0","0"
"Unknown years","Montgomery","1","0","0"
"01-04 years","Morgan","35","0","0"
"05-09 years","Morgan","65","0","1"
"10-17 years","Morgan","151","0","1"
"18-29 years","Morgan","293","0","6"
"30-39 years","Morgan","252","0","9"
"40-49 years","Morgan","240","1","8"
"50-59 years","Morgan","251","4","19"
"60-69 years","Morgan","187","6","21"
"70-79 years","Morgan","132","4","21"
"80 & Older years","Morgan","66","12","22"
"<1 years","Morgan","24","0","1"
"Unknown years","Morgan","1","0","0"
"01-04 years","Murray","109","0","2"
"05-09 years","Murray","147","0","3"
"10-17 years","Murray","531","0","2"
"18-29 years","Murray","1153","0","14"
"30-39 years","Murray","828","1","11"
"40-49 years","Murray","930","5","30"
"50-59 years","Murray","803","10","61"
"60-69 years","Murray","543","16","84"
"70-79 years","Murray","332","38","73"
"80 & Older years","Murray","123","24","32"
"<1 years","Murray","33","0","2"
"Unknown years","Murray","1","0","0"
"01-04 years","Muscogee","393","0","8"
"05-09 years","Muscogee","682","0","0"
"10-17 years","Muscogee","1673","0","13"
"18-29 years","Muscogee","4409","6","95"
"30-39 years","Muscogee","3226","3","127"
"40-49 years","Muscogee","2613","13","155"
"50-59 years","Muscogee","2517","57","269"
"60-69 years","Muscogee","1948","105","346"
"70-79 years","Muscogee","1044","116","260"
"80 & Older years","Muscogee","623","176","214"
"<1 years","Muscogee","114","0","7"
"Unknown years","Muscogee","53","0","0"
"01-04 years","Newton","143","0","3"
"05-09 years","Newton","326","0","2"
"10-17 years","Newton","894","0","20"
"18-29 years","Newton","1894","1","77"
"30-39 years","Newton","1654","2","98"
"40-49 years","Newton","1771","13","146"
"50-59 years","Newton","1621","35","177"
"60-69 years","Newton","928","49","158"
"70-79 years","Newton","589","74","142"
"80 & Older years","Newton","344","92","96"
"<1 years","Newton","55","0","8"
"Unknown years","Newton","5","0","1"
"01-04 years","Non-GA Resident/Unknown State","432","0","10"
"05-09 years","Non-GA Resident/Unknown State","662","0","6"
"10-17 years","Non-GA Resident/Unknown State","1854","0","11"
"18-29 years","Non-GA Resident/Unknown State","7118","6","98"
"30-39 years","Non-GA Resident/Unknown State","5233","7","137"
"40-49 years","Non-GA Resident/Unknown State","4359","23","187"
"50-59 years","Non-GA Resident/Unknown State","4158","67","297"
"60-69 years","Non-GA Resident/Unknown State","3019","144","374"
"70-79 years","Non-GA Resident/Unknown State","1932","162","366"
"80 & Older years","Non-GA Resident/Unknown State","1062","168","255"
"<1 years","Non-GA Resident/Unknown State","226","0","3"
"Unknown years","Non-GA Resident/Unknown State","907","0","7"
"01-04 years","Oconee","58","0","0"
"05-09 years","Oconee","134","0","0"
"10-17 years","Oconee","493","0","0"
"18-29 years","Oconee","728","1","9"
"30-39 years","Oconee","484","1","7"
"40-49 years","Oconee","751","1","18"
"50-59 years","Oconee","603","5","15"
"60-69 years","Oconee","392","11","42"
"70-79 years","Oconee","217","18","28"
"80 & Older years","Oconee","152","31","46"
"<1 years","Oconee","15","0","0"
"Unknown years","Oconee","4","0","0"
"01-04 years","Oglethorpe","26","0","0"
"05-09 years","Oglethorpe","53","0","0"
"10-17 years","Oglethorpe","146","0","2"
"18-29 years","Oglethorpe","277","0","3"
"30-39 years","Oglethorpe","196","2","4"
"40-49 years","Oglethorpe","233","1","12"
"50-59 years","Oglethorpe","223","1","23"
"60-69 years","Oglethorpe","187","1","17"
"70-79 years","Oglethorpe","132","14","19"
"80 & Older years","Oglethorpe","75","15","21"
"<1 years","Oglethorpe","11","0","0"
"Unknown years","Oglethorpe","1","0","0"
"01-04 years","Paulding","252","0","3"
"05-09 years","Paulding","596","0","0"
"10-17 years","Paulding","1753","0","8"
"18-29 years","Paulding","2710","1","37"
"30-39 years","Paulding","2458","2","40"
"40-49 years","Paulding","2582","10","64"
"50-59 years","Paulding","2299","27","100"
"60-69 years","Paulding","1208","45","96"
"70-79 years","Paulding","650","46","91"
"80 & Older years","Paulding","374","74","77"
"<1 years","Paulding","63","0","0"
"Unknown years","Paulding","42","0","1"
"01-04 years","Peach","28","0","2"
"05-09 years","Peach","45","0","0"
"10-17 years","Peach","156","0","2"
"18-29 years","Peach","551","2","14"
"30-39 years","Peach","445","0","18"
"40-49 years","Peach","351","4","27"
"50-59 years","Peach","369","10","53"
"60-69 years","Peach","323","16","66"
"70-79 years","Peach","167","18","51"
"80 & Older years","Peach","81","17","35"
"<1 years","Peach","4","0","0"
"Unknown years","Peach","2","0","0"
"01-04 years","Pickens","32","0","2"
"05-09 years","Pickens","66","0","1"
"10-17 years","Pickens","241","0","1"
"18-29 years","Pickens","538","0","7"
"30-39 years","Pickens","438","0","18"
"40-49 years","Pickens","493","0","23"
"50-59 years","Pickens","569","4","38"
"60-69 years","Pickens","446","13","65"
"70-79 years","Pickens","320","26","79"
"80 & Older years","Pickens","135","29","43"
"<1 years","Pickens","4","0","1"
"01-04 years","Pierce","46","0","0"
"05-09 years","Pierce","64","0","0"
"10-17 years","Pierce","202","1","1"
"18-29 years","Pierce","366","0","7"
"30-39 years","Pierce","275","0","11"
"40-49 years","Pierce","328","2","24"
"50-59 years","Pierce","301","9","34"
"60-69 years","Pierce","216","15","51"
"70-79 years","Pierce","158","21","53"
"80 & Older years","Pierce","57","16","18"
"<1 years","Pierce","18","0","1"
"Unknown years","Pierce","35","0","0"
"01-04 years","Pike","51","0","0"
"05-09 years","Pike","82","0","0"
"10-17 years","Pike","223","0","1"
"18-29 years","Pike","240","2","7"
"30-39 years","Pike","265","0","4"
"40-49 years","Pike","296","2","14"
"50-59 years","Pike","240","6","18"
"60-69 years","Pike","173","9","26"
"70-79 years","Pike","108","9","25"
"80 & Older years","Pike","41","9","10"
"<1 years","Pike","13","0","0"
"Unknown years","Pike","1","0","0"
"01-04 years","Polk","81","0","1"
"05-09 years","Polk","160","0","2"
"10-17 years","Polk","624","0","5"
"18-29 years","Polk","1194","0","21"
"30-39 years","Polk","895","1","25"
"40-49 years","Polk","848","5","50"
"50-59 years","Polk","819","15","98"
"60-69 years","Polk","548","23","93"
"70-79 years","Polk","401","31","108"
"80 & Older years","Polk","172","30","59"
"<1 years","Polk","47","0","2"
"Unknown years","Polk","27","0","0"
"01-04 years","Pulaski","13","0","0"
"05-09 years","Pulaski","25","0","0"
"10-17 years","Pulaski","89","0","1"
"18-29 years","Pulaski","138","0","2"
"30-39 years","Pulaski","130","0","2"
"40-49 years","Pulaski","117","0","10"
"50-59 years","Pulaski","127","0","8"
"60-69 years","Pulaski","107","9","14"
"70-79 years","Pulaski","49","13","16"
"80 & Older years","Pulaski","40","12","6"
"<1 years","Pulaski","3","0","0"
"Unknown years","Pulaski","1","0","0"
"01-04 years","Putnam","39","0","0"
"05-09 years","Putnam","67","0","1"
"10-17 years","Putnam","216","0","2"
"18-29 years","Putnam","404","0","4"
"30-39 years","Putnam","354","0","8"
"40-49 years","Putnam","299","2","15"
"50-59 years","Putnam","393","2","29"
"60-69 years","Putnam","337","17","42"
"70-79 years","Putnam","247","23","61"
"80 & Older years","Putnam","101","24","39"
"<1 years","Putnam","7","0","1"
"01-04 years","Quitman","2","0","0"
"05-09 years","Quitman","5","0","0"
"10-17 years","Quitman","12","0","0"
"18-29 years","Quitman","16","0","1"
"30-39 years","Quitman","11","0","1"
"40-49 years","Quitman","5","0","1"
"50-59 years","Quitman","18","0","2"
"60-69 years","Quitman","28","1","6"
"70-79 years","Quitman","6","0","1"
"80 & Older years","Quitman","8","1","2"
"<1 years","Quitman","2","0","0"
"Unknown years","Quitman","1","0","0"
"01-04 years","Rabun","22","0","0"
"05-09 years","Rabun","42","0","0"
"10-17 years","Rabun","174","0","1"
"18-29 years","Rabun","285","0","7"
"30-39 years","Rabun","240","1","14"
"40-49 years","Rabun","249","1","12"
"50-59 years","Rabun","291","3","32"
"60-69 years","Rabun","283","10","37"
"70-79 years","Rabun","211","12","43"
"80 & Older years","Rabun","92","19","34"
"<1 years","Rabun","6","0","1"
"Unknown years","Rabun","11","0","0"
"01-04 years","Randolph","4","0","0"
"05-09 years","Randolph","9","0","0"
"10-17 years","Randolph","19","0","3"
"18-29 years","Randolph","81","0","3"
"30-39 years","Randolph","84","2","8"
"40-49 years","Randolph","71","0","7"
"50-59 years","Randolph","109","5","21"
"60-69 years","Randolph","82","9","17"
"70-79 years","Randolph","52","4","17"
"80 & Older years","Randolph","48","15","16"
"<1 years","Randolph","1","0","0"
"Unknown years","Randolph","3","0","0"
"01-04 years","Richmond","443","0","1"
"05-09 years","Richmond","902","0","5"
"10-17 years","Richmond","2267","0","20"
"18-29 years","Richmond","5836","10","80"
"30-39 years","Richmond","4406","8","111"
"40-49 years","Richmond","3382","21","144"
"50-59 years","Richmond","3165","45","257"
"60-69 years","Richmond","2378","100","327"
"70-79 years","Richmond","1240","125","343"
"80 & Older years","Richmond","743","170","291"
"<1 years","Richmond","115","0","4"
"Unknown years","Richmond","35","0","1"
"01-04 years","Rockdale","123","0","7"
"05-09 years","Rockdale","253","0","7"
"10-17 years","Rockdale","671","0","20"
"18-29 years","Rockdale","1595","2","109"
"30-39 years","Rockdale","1328","4","140"
"40-49 years","Rockdale","1397","7","154"
"50-59 years","Rockdale","1316","18","233"
"60-69 years","Rockdale","806","36","200"
"70-79 years","Rockdale","451","56","177"
"80 & Older years","Rockdale","243","55","121"
"<1 years","Rockdale","26","0","2"
"Unknown years","Rockdale","8","0","0"
"01-04 years","Schley","9","0","0"
"05-09 years","Schley","9","0","0"
"10-17 years","Schley","33","0","0"
"18-29 years","Schley","59","0","2"
"30-39 years","Schley","33","0","0"
"40-49 years","Schley","49","0","5"
"50-59 years","Schley","43","1","6"
"60-69 years","Schley","31","1","7"
"70-79 years","Schley","15","2","4"
"80 & Older years","Schley","8","2","2"
"<1 years","Schley","1","0","0"
"Unknown years","Schley","5","0","0"
"01-04 years","Screven","22","0","1"
"05-09 years","Screven","38","0","0"
"10-17 years","Screven","163","0","1"
"18-29 years","Screven","211","0","3"
"30-39 years","Screven","199","0","6"
"40-49 years","Screven","172","2","9"
"50-59 years","Screven","159","4","16"
"60-69 years","Screven","168","3","18"
"70-79 years","Screven","97","8","20"
"80 & Older years","Screven","43","8","12"
"<1 years","Screven","8","0","0"
"Unknown years","Screven","4","0","0"
"01-04 years","Seminole","22","0","0"
"05-09 years","Seminole","45","0","0"
"10-17 years","Seminole","135","0","0"
"18-29 years","Seminole","184","0","1"
"30-39 years","Seminole","147","0","3"
"40-49 years","Seminole","153","0","9"
"50-59 years","Seminole","166","1","7"
"60-69 years","Seminole","170","6","32"
"70-79 years","Seminole","88","6","17"
"80 & Older years","Seminole","41","7","17"
"<1 years","Seminole","4","0","0"
"Unknown years","Seminole","1","0","0"
"01-04 years","Spalding","136","0","4"
"05-09 years","Spalding","190","0","1"
"10-17 years","Spalding","471","0","6"
"18-29 years","Spalding","1105","1","38"
"30-39 years","Spalding","959","4","44"
"40-49 years","Spalding","927","6","70"
"50-59 years","Spalding","922","23","108"
"60-69 years","Spalding","687","44","117"
"70-79 years","Spalding","473","58","107"
"80 & Older years","Spalding","281","59","77"
"<1 years","Spalding","35","0","0"
"Unknown years","Spalding","31","0","2"
"01-04 years","Stephens","35","0","2"
"05-09 years","Stephens","90","0","1"
"10-17 years","Stephens","358","0","4"
"18-29 years","Stephens","713","1","18"
"30-39 years","Stephens","461","0","8"
"40-49 years","Stephens","559","1","25"
"50-59 years","Stephens","588","5","46"
"60-69 years","Stephens","549","23","70"
"70-79 years","Stephens","372","23","75"
"80 & Older years","Stephens","184","27","41"
"<1 years","Stephens","5","0","0"
"Unknown years","Stephens","18","0","0"
"01-04 years","Stewart","6","0","1"
"05-09 years","Stewart","5","0","0"
"10-17 years","Stewart","23","0","0"
"18-29 years","Stewart","297","0","22"
"30-39 years","Stewart","314","1","26"
"40-49 years","Stewart","199","2","23"
"50-59 years","Stewart","111","2","17"
"60-69 years","Stewart","78","13","29"
"70-79 years","Stewart","28","3","6"
"80 & Older years","Stewart","22","5","7"
"<1 years","Stewart","1","0","0"
"Unknown years","Stewart","19","0","4"
"01-04 years","Sumter","55","0","1"
"05-09 years","Sumter","84","0","0"
"10-17 years","Sumter","179","0","5"
"18-29 years","Sumter","476","1","13"
"30-39 years","Sumter","362","1","30"
"40-49 years","Sumter","351","6","30"
"50-59 years","Sumter","375","4","49"
"60-69 years","Sumter","304","28","78"
"70-79 years","Sumter","200","30","60"
"80 & Older years","Sumter","133","35","53"
"<1 years","Sumter","26","0","2"
"Unknown years","Sumter","13","0","0"
"01-04 years","Talbot","15","0","1"
"05-09 years","Talbot","20","0","0"
"10-17 years","Talbot","49","0","0"
"18-29 years","Talbot","83","0","3"
"30-39 years","Talbot","50","0","3"
"40-49 years","Talbot","81","1","4"
"50-59 years","Talbot","93","5","9"
"60-69 years","Talbot","72","5","17"
"70-79 years","Talbot","43","6","8"
"80 & Older years","Talbot","22","5","10"
"<1 years","Talbot","1","0","0"
"Unknown years","Talbot","3","0","0"
"01-04 years","Taliaferro","2","0","0"
"05-09 years","Taliaferro","1","0","0"
"10-17 years","Taliaferro","11","0","0"
"18-29 years","Taliaferro","20","0","0"
"30-39 years","Taliaferro","19","0","0"
"40-49 years","Taliaferro","23","0","2"
"50-59 years","Taliaferro","12","0","0"
"60-69 years","Taliaferro","23","1","3"
"70-79 years","Taliaferro","10","1","3"
"80 & Older years","Taliaferro","4","1","2"
"01-04 years","Tattnall","58","0","0"
"05-09 years","Tattnall","83","0","1"
"10-17 years","Tattnall","274","0","2"
"18-29 years","Tattnall","457","1","3"
"30-39 years","Tattnall","422","2","8"
"40-49 years","Tattnall","409","0","10"
"50-59 years","Tattnall","413","9","25"
"60-69 years","Tattnall","294","19","39"
"70-79 years","Tattnall","159","24","43"
"80 & Older years","Tattnall","59","6","9"
"<1 years","Tattnall","17","0","0"
"Unknown years","Tattnall","8","0","0"
"01-04 years","Taylor","20","0","1"
"05-09 years","Taylor","22","0","0"
"10-17 years","Taylor","76","0","1"
"18-29 years","Taylor","120","0","5"
"30-39 years","Taylor","79","0","4"
"40-49 years","Taylor","121","1","11"
"50-59 years","Taylor","99","2","18"
"60-69 years","Taylor","82","6","20"
"70-79 years","Taylor","42","7","14"
"80 & Older years","Taylor","28","8","9"
"<1 years","Taylor","5","0","0"
"Unknown years","Taylor","12","0","0"
"01-04 years","Telfair","14","0","0"
"05-09 years","Telfair","25","0","0"
"10-17 years","Telfair","51","0","1"
"18-29 years","Telfair","182","0","3"
"30-39 years","Telfair","128","1","4"
"40-49 years","Telfair","137","2","8"
"50-59 years","Telfair","135","5","12"
"60-69 years","Telfair","113","10","19"
"70-79 years","Telfair","76","14","20"
"80 & Older years","Telfair","46","16","13"
"<1 years","Telfair","7","0","0"
"Unknown years","Telfair","3","0","0"
"01-04 years","Terrell","15","0","0"
"05-09 years","Terrell","20","0","0"
"10-17 years","Terrell","68","0","0"
"18-29 years","Terrell","110","0","6"
"30-39 years","Terrell","105","0","11"
"40-49 years","Terrell","82","0","10"
"50-59 years","Terrell","128","6","24"
"60-69 years","Terrell","113","13","41"
"70-79 years","Terrell","70","19","29"
"80 & Older years","Terrell","42","15","16"
"<1 years","Terrell","3","0","0"
"01-04 years","Thomas","147","1","2"
"05-09 years","Thomas","273","0","0"
"10-17 years","Thomas","715","0","3"
"18-29 years","Thomas","949","2","34"
"30-39 years","Thomas","783","5","28"
"40-49 years","Thomas","787","8","44"
"50-59 years","Thomas","800","16","70"
"60-69 years","Thomas","605","18","111"
"70-79 years","Thomas","351","39","92"
"80 & Older years","Thomas","209","49","65"
"<1 years","Thomas","44","0","2"
"Unknown years","Thomas","7","0","0"
"01-04 years","Tift","96","0","5"
"05-09 years","Tift","154","0","4"
"10-17 years","Tift","411","0","10"
"18-29 years","Tift","1016","0","27"
"30-39 years","Tift","750","1","33"
"40-49 years","Tift","702","8","67"
"50-59 years","Tift","587","12","80"
"60-69 years","Tift","455","21","83"
"70-79 years","Tift","295","33","96"
"80 & Older years","Tift","170","38","66"
"<1 years","Tift","28","0","1"
"Unknown years","Tift","12","0","0"
"01-04 years","Toombs","49","0","0"
"05-09 years","Toombs","113","0","0"
"10-17 years","Toombs","337","0","2"
"18-29 years","Toombs","819","1","7"
"30-39 years","Toombs","628","1","7"
"40-49 years","Toombs","599","3","31"
"50-59 years","Toombs","591","12","36"
"60-69 years","Toombs","512","22","63"
"70-79 years","Toombs","325","40","52"
"80 & Older years","Toombs","181","45","37"
"<1 years","Toombs","19","0","0"
"Unknown years","Toombs","9","0","0"
"01-04 years","Towns","8","0","0"
"05-09 years","Towns","16","0","1"
"10-17 years","Towns","68","0","1"
"18-29 years","Towns","188","0","4"
"30-39 years","Towns","127","1","5"
"40-49 years","Towns","149","2","6"
"50-59 years","Towns","239","4","25"
"60-69 years","Towns","288","5","25"
"70-79 years","Towns","212","12","46"
"80 & Older years","Towns","154","33","63"
"<1 years","Towns","2","0","0"
"Unknown years","Towns","2","0","0"
"01-04 years","Treutlen","12","0","0"
"05-09 years","Treutlen","25","0","1"
"10-17 years","Treutlen","70","0","0"
"18-29 years","Treutlen","149","0","2"
"30-39 years","Treutlen","139","0","5"
"40-49 years","Treutlen","133","2","5"
"50-59 years","Treutlen","134","1","9"
"60-69 years","Treutlen","84","6","15"
"70-79 years","Treutlen","67","14","12"
"80 & Older years","Treutlen","38","10","9"
"<1 years","Treutlen","1","0","0"
"01-04 years","Troup","215","0","3"
"05-09 years","Troup","340","0","1"
"10-17 years","Troup","860","0","9"
"18-29 years","Troup","1648","2","35"
"30-39 years","Troup","1281","7","51"
"40-49 years","Troup","1106","8","65"
"50-59 years","Troup","1077","23","130"
"60-69 years","Troup","807","47","122"
"70-79 years","Troup","437","56","113"
"80 & Older years","Troup","292","84","77"
"<1 years","Troup","69","0","1"
"Unknown years","Troup","6","0","1"
"01-04 years","Turner","11","0","0"
"05-09 years","Turner","18","0","2"
"10-17 years","Turner","31","0","1"
"18-29 years","Turner","122","0","2"
"30-39 years","Turner","124","0","13"
"40-49 years","Turner","130","0","8"
"50-59 years","Turner","115","2","16"
"60-69 years","Turner","97","10","29"
"70-79 years","Turner","61","10","14"
"80 & Older years","Turner","38","16","16"
"<1 years","Turner","3","0","1"
"01-04 years","Twiggs","15","0","1"
"05-09 years","Twiggs","12","0","1"
"10-17 years","Twiggs","50","0","1"
"18-29 years","Twiggs","101","0","2"
"30-39 years","Twiggs","89","1","4"
"40-49 years","Twiggs","94","1","9"
"50-59 years","Twiggs","123","3","20"
"60-69 years","Twiggs","117","11","39"
"70-79 years","Twiggs","71","12","28"
"80 & Older years","Twiggs","30","15","18"
"<1 years","Twiggs","1","0","0"
"01-04 years","Union","21","0","1"
"05-09 years","Union","59","0","0"
"10-17 years","Union","182","0","2"
"18-29 years","Union","351","1","2"
"30-39 years","Union","353","0","6"
"40-49 years","Union","326","2","15"
"50-59 years","Union","421","5","33"
"60-69 years","Union","515","11","68"
"70-79 years","Union","430","24","85"
"80 & Older years","Union","248","48","79"
"<1 years","Union","2","0","1"
"Unknown years","Union","17","0","1"
"01-04 years","Unknown","43","0","1"
"05-09 years","Unknown","92","0","0"
"10-17 years","Unknown","270","0","0"
"18-29 years","Unknown","864","1","6"
"30-39 years","Unknown","465","1","9"
"40-49 years","Unknown","403","1","4"
"50-59 years","Unknown","372","3","7"
"60-69 years","Unknown","191","1","13"
"70-79 years","Unknown","133","3","14"
"80 & Older years","Unknown","47","1","5"
"<1 years","Unknown","33","0","0"
"Unknown years","Unknown","88","0","3"
"01-04 years","Upson","72","0","1"
"05-09 years","Upson","108","0","0"
"10-17 years","Upson","282","0","2"
"18-29 years","Upson","448","0","8"
"30-39 years","Upson","320","2","10"
"40-49 years","Upson","339","1","16"
"50-59 years","Upson","329","9","36"
"60-69 years","Upson","304","24","51"
"70-79 years","Upson","208","35","58"
"80 & Older years","Upson","124","43","42"
"<1 years","Upson","29","0","1"
"Unknown years","Upson","8","0","0"
"01-04 years","Walker","145","0","1"
"05-09 years","Walker","305","0","1"
"10-17 years","Walker","883","0","5"
"18-29 years","Walker","1586","0","20"
"30-39 years","Walker","1253","1","20"
"40-49 years","Walker","1402","4","37"
"50-59 years","Walker","1197","5","46"
"60-69 years","Walker","938","20","79"
"70-79 years","Walker","595","30","69"
"80 & Older years","Walker","284","31","43"
"<1 years","Walker","54","0","2"
"Unknown years","Walker","115","0","2"
"01-04 years","Walton","130","0","1"
"05-09 years","Walton","289","0","4"
"10-17 years","Walton","916","0","10"
"18-29 years","Walton","1767","2","45"
"30-39 years","Walton","1565","0","41"
"40-49 years","Walton","1660","4","75"
"50-59 years","Walton","1588","21","124"
"60-69 years","Walton","1088","39","133"
"70-79 years","Walton","770","80","146"
"80 & Older years","Walton","447","116","101"
"<1 years","Walton","48","0","2"
"Unknown years","Walton","18","0","0"
"01-04 years","Ware","117","0","1"
"05-09 years","Ware","147","0","0"
"10-17 years","Ware","405","0","4"
"18-29 years","Ware","824","1","14"
"30-39 years","Ware","655","2","32"
"40-49 years","Ware","587","5","46"
"50-59 years","Ware","555","25","103"
"60-69 years","Ware","415","31","90"
"70-79 years","Ware","314","49","113"
"80 & Older years","Ware","235","68","70"
"<1 years","Ware","38","0","2"
"Unknown years","Ware","3","0","0"
"01-04 years","Warren","7","0","0"
"05-09 years","Warren","8","0","0"
"10-17 years","Warren","32","0","0"
"18-29 years","Warren","91","0","3"
"30-39 years","Warren","62","0","5"
"40-49 years","Warren","69","2","6"
"50-59 years","Warren","75","2","8"
"60-69 years","Warren","53","3","10"
"70-79 years","Warren","42","6","15"
"80 & Older years","Warren","20","5","8"
"<1 years","Warren","4","0","1"
"Unknown years","Warren","4","0","0"
"01-04 years","Washington","51","0","0"
"05-09 years","Washington","67","0","0"
"10-17 years","Washington","264","0","3"
"18-29 years","Washington","355","0","8"
"30-39 years","Washington","335","1","12"
"40-49 years","Washington","332","6","15"
"50-59 years","Washington","303","6","17"
"60-69 years","Washington","261","15","32"
"70-79 years","Washington","136","11","25"
"80 & Older years","Washington","85","29","15"
"<1 years","Washington","21","0","0"
"Unknown years","Washington","4","0","0"
"01-04 years","Wayne","65","0","1"
"05-09 years","Wayne","105","0","0"
"10-17 years","Wayne","381","0","2"
"18-29 years","Wayne","705","1","14"
"30-39 years","Wayne","685","3","19"
"40-49 years","Wayne","713","8","49"
"50-59 years","Wayne","630","14","52"
"60-69 years","Wayne","477","25","85"
"70-79 years","Wayne","343","31","89"
"80 & Older years","Wayne","151","29","32"
"<1 years","Wayne","10","0","0"
"Unknown years","Wayne","2","0","0"
"05-09 years","Webster","4","0","0"
"10-17 years","Webster","9","0","0"
"18-29 years","Webster","30","0","1"
"30-39 years","Webster","15","0","1"
"40-49 years","Webster","24","0","2"
"50-59 years","Webster","24","2","7"
"60-69 years","Webster","26","1","4"
"70-79 years","Webster","9","0","2"
"80 & Older years","Webster","5","1","1"
"Unknown years","Webster","2","0","0"
"01-04 years","Wheeler","3","0","0"
"05-09 years","Wheeler","8","0","1"
"10-17 years","Wheeler","34","0","0"
"18-29 years","Wheeler","83","0","0"
"30-39 years","Wheeler","102","2","2"
"40-49 years","Wheeler","100","2","3"
"50-59 years","Wheeler","110","7","12"
"60-69 years","Wheeler","65","5","8"
"70-79 years","Wheeler","48","6","12"
"80 & Older years","Wheeler","9","3","1"
"<1 years","Wheeler","2","0","0"
"Unknown years","Wheeler","23","0","1"
"01-04 years","White","38","0","1"
"05-09 years","White","108","0","1"
"10-17 years","White","413","0","2"
"18-29 years","White","638","1","12"
"30-39 years","White","521","2","11"
"40-49 years","White","586","6","27"
"50-59 years","White","656","7","62"
"60-69 years","White","574","15","74"
"70-79 years","White","431","23","100"
"80 & Older years","White","231","40","84"
"<1 years","White","9","0","0"
"Unknown years","White","24","0","0"
"01-04 years","Whitfield","278","0","3"
"05-09 years","Whitfield","577","0","3"
"10-17 years","Whitfield","1796","0","8"
"18-29 years","Whitfield","4232","2","55"
"30-39 years","Whitfield","2897","5","71"
"40-49 years","Whitfield","2887","10","89"
"50-59 years","Whitfield","2562","36","154"
"60-69 years","Whitfield","1516","46","177"
"70-79 years","Whitfield","842","65","160"
"80 & Older years","Whitfield","484","102","130"
"<1 years","Whitfield","89","0","5"
"Unknown years","Whitfield","3","0","0"
"01-04 years","Wilcox","16","0","1"
"05-09 years","Wilcox","25","0","0"
"10-17 years","Wilcox","51","0","0"
"18-29 years","Wilcox","69","0","1"
"30-39 years","Wilcox","69","0","2"
"40-49 years","Wilcox","89","0","12"
"50-59 years","Wilcox","97","2","16"
"60-69 years","Wilcox","103","10","27"
"70-79 years","Wilcox","58","11","11"
"80 & Older years","Wilcox","27","8","8"
"<1 years","Wilcox","6","0","1"
"01-04 years","Wilkes","9","0","0"
"05-09 years","Wilkes","21","0","0"
"10-17 years","Wilkes","67","0","0"
"18-29 years","Wilkes","150","0","2"
"30-39 years","Wilkes","105","0","5"
"40-49 years","Wilkes","131","1","15"
"50-59 years","Wilkes","118","2","8"
"60-69 years","Wilkes","96","4","20"
"70-79 years","Wilkes","71","8","23"
"80 & Older years","Wilkes","40","8","18"
"<1 years","Wilkes","4","0","1"
"Unknown years","Wilkes","1","0","0"
"01-04 years","Wilkinson","19","0","0"
"05-09 years","Wilkinson","24","0","0"
"10-17 years","Wilkinson","83","0","1"
"18-29 years","Wilkinson","174","0","3"
"30-39 years","Wilkinson","146","0","8"
"40-49 years","Wilkinson","140","0","7"
"50-59 years","Wilkinson","194","5","29"
"60-69 years","Wilkinson","167","12","45"
"70-79 years","Wilkinson","72","8","23"
"80 & Older years","Wilkinson","44","5","19"
"<1 years","Wilkinson","5","0","0"
"Unknown years","Wilkinson","3","0","0"
"01-04 years","Worth","31","0","0"
"05-09 years","Worth","45","0","0"
"10-17 years","Worth","162","0","3"
"18-29 years","Worth","287","0","12"
"30-39 years","Worth","219","0","18"
"40-49 years","Worth","229","2","23"
"50-59 years","Worth","249","7","35"
"60-69 years","Worth","228","21","59"
"70-79 years","Worth","137","18","38"
"80 & Older years","Worth","83","22","28"
"<1 years","Worth","8","0","0"
"Unknown years","Worth","2","0","0"
