"age group","county name","cases","deaths","hospitalization"
"01-04 years","Georgia","5905","1","117"
"05-09 years","Georgia","9248","1","86"
"10-17 years","Georgia","33597","5","371"
"18-29 years","Georgia","119301","68","2571"
"30-39 years","Georgia","81124","150","3366"
"40-49 years","Georgia","78024","354","4889"
"50-59 years","Georgia","72745","864","6915"
"60-69 years","Georgia","49002","1855","7949"
"70-79 years","Georgia","28569","2595","7078"
"80 & Older years","Georgia","17507","3503","5556"
"<1 years","Georgia","1731","0","96"
"Unknown years","Georgia","3512","0","70"
"01-04 years","Appling","17","0","0"
"05-09 years","Appling","38","0","0"
"10-17 years","Appling","109","0","1"
"18-29 years","Appling","245","1","4"
"30-39 years","Appling","188","1","5"
"40-49 years","Appling","186","2","15"
"50-59 years","Appling","210","5","18"
"60-69 years","Appling","167","9","32"
"70-79 years","Appling","113","12","25"
"80 & Older years","Appling","52","11","18"
"<1 years","Appling","3","0","0"
"Unknown years","Appling","8","0","0"
"01-04 years","Atkinson","4","0","1"
"05-09 years","Atkinson","14","0","1"
"10-17 years","Atkinson","35","0","0"
"18-29 years","Atkinson","125","0","8"
"30-39 years","Atkinson","92","0","8"
"40-49 years","Atkinson","97","0","15"
"50-59 years","Atkinson","98","1","16"
"60-69 years","Atkinson","59","4","19"
"70-79 years","Atkinson","34","2","10"
"80 & Older years","Atkinson","9","2","6"
"<1 years","Atkinson","2","0","0"
"Unknown years","Atkinson","2","0","0"
"01-04 years","Bacon","13","0","0"
"05-09 years","Bacon","14","0","0"
"10-17 years","Bacon","49","0","0"
"18-29 years","Bacon","176","0","1"
"30-39 years","Bacon","91","0","4"
"40-49 years","Bacon","119","1","7"
"50-59 years","Bacon","108","2","13"
"60-69 years","Bacon","71","7","14"
"70-79 years","Bacon","42","4","8"
"80 & Older years","Bacon","24","7","7"
"<1 years","Bacon","4","0","0"
"Unknown years","Bacon","1","0","0"
"01-04 years","Baker","4","0","0"
"05-09 years","Baker","4","0","0"
"10-17 years","Baker","7","0","0"
"18-29 years","Baker","19","0","0"
"30-39 years","Baker","14","0","2"
"40-49 years","Baker","10","0","1"
"50-59 years","Baker","16","0","1"
"60-69 years","Baker","22","2","8"
"70-79 years","Baker","15","2","9"
"80 & Older years","Baker","6","2","3"
"01-04 years","Baldwin","18","0","0"
"05-09 years","Baldwin","35","0","0"
"10-17 years","Baldwin","109","0","2"
"18-29 years","Baldwin","1044","0","13"
"30-39 years","Baldwin","298","1","11"
"40-49 years","Baldwin","318","2","27"
"50-59 years","Baldwin","340","8","36"
"60-69 years","Baldwin","267","14","49"
"70-79 years","Baldwin","167","18","38"
"80 & Older years","Baldwin","102","27","29"
"<1 years","Baldwin","7","0","0"
"Unknown years","Baldwin","2","0","0"
"01-04 years","Banks","7","0","0"
"05-09 years","Banks","15","0","0"
"10-17 years","Banks","74","0","2"
"18-29 years","Banks","174","0","4"
"30-39 years","Banks","127","0","1"
"40-49 years","Banks","131","0","11"
"50-59 years","Banks","145","0","15"
"60-69 years","Banks","131","3","25"
"70-79 years","Banks","106","7","41"
"80 & Older years","Banks","61","7","20"
"<1 years","Banks","4","0","1"
"Unknown years","Banks","28","0","1"
"01-04 years","Barrow","40","0","0"
"05-09 years","Barrow","73","0","0"
"10-17 years","Barrow","288","0","3"
"18-29 years","Barrow","863","1","26"
"30-39 years","Barrow","697","0","28"
"40-49 years","Barrow","717","3","44"
"50-59 years","Barrow","603","2","61"
"60-69 years","Barrow","413","14","82"
"70-79 years","Barrow","231","15","59"
"80 & Older years","Barrow","126","26","47"
"<1 years","Barrow","15","0","2"
"Unknown years","Barrow","15","0","0"
"01-04 years","Bartow","49","0","1"
"05-09 years","Bartow","96","0","1"
"10-17 years","Bartow","476","0","3"
"18-29 years","Bartow","1085","0","12"
"30-39 years","Bartow","873","2","28"
"40-49 years","Bartow","894","0","46"
"50-59 years","Bartow","915","7","82"
"60-69 years","Bartow","540","16","88"
"70-79 years","Bartow","399","33","89"
"80 & Older years","Bartow","222","47","70"
"<1 years","Bartow","17","0","1"
"Unknown years","Bartow","50","0","5"
"01-04 years","Ben Hill","25","0","1"
"05-09 years","Ben Hill","18","0","0"
"10-17 years","Ben Hill","66","0","0"
"18-29 years","Ben Hill","190","0","4"
"30-39 years","Ben Hill","168","2","7"
"40-49 years","Ben Hill","140","0","8"
"50-59 years","Ben Hill","177","2","23"
"60-69 years","Ben Hill","163","9","23"
"70-79 years","Ben Hill","109","15","37"
"80 & Older years","Ben Hill","45","8","10"
"<1 years","Ben Hill","2","0","0"
"Unknown years","Ben Hill","2","0","0"
"01-04 years","Berrien","13","0","0"
"05-09 years","Berrien","13","0","0"
"10-17 years","Berrien","49","0","0"
"18-29 years","Berrien","140","0","0"
"30-39 years","Berrien","111","0","0"
"40-49 years","Berrien","105","0","2"
"50-59 years","Berrien","103","1","12"
"60-69 years","Berrien","81","4","6"
"70-79 years","Berrien","49","5","7"
"80 & Older years","Berrien","33","9","7"
"<1 years","Berrien","2","0","0"
"Unknown years","Berrien","1","0","0"
"01-04 years","Bibb","88","0","2"
"05-09 years","Bibb","121","0","0"
"10-17 years","Bibb","392","0","6"
"18-29 years","Bibb","1955","1","61"
"30-39 years","Bibb","1375","4","72"
"40-49 years","Bibb","1330","10","140"
"50-59 years","Bibb","1212","12","164"
"60-69 years","Bibb","960","49","261"
"70-79 years","Bibb","569","69","193"
"80 & Older years","Bibb","359","88","165"
"<1 years","Bibb","32","0","4"
"Unknown years","Bibb","11","0","0"
"01-04 years","Bleckley","2","0","0"
"05-09 years","Bleckley","6","0","0"
"10-17 years","Bleckley","44","0","0"
"18-29 years","Bleckley","152","0","3"
"30-39 years","Bleckley","64","0","1"
"40-49 years","Bleckley","77","1","1"
"50-59 years","Bleckley","78","2","3"
"60-69 years","Bleckley","63","7","9"
"70-79 years","Bleckley","49","3","10"
"80 & Older years","Bleckley","61","17","10"
"<1 years","Bleckley","1","0","0"
"Unknown years","Bleckley","2","0","0"
"01-04 years","Brantley","11","0","0"
"05-09 years","Brantley","7","0","0"
"10-17 years","Brantley","58","0","1"
"18-29 years","Brantley","112","0","1"
"30-39 years","Brantley","75","0","3"
"40-49 years","Brantley","91","1","5"
"50-59 years","Brantley","94","2","12"
"60-69 years","Brantley","78","3","9"
"70-79 years","Brantley","47","6","12"
"80 & Older years","Brantley","33","6","8"
"<1 years","Brantley","1","0","0"
"Unknown years","Brantley","1","0","0"
"01-04 years","Brooks","14","0","0"
"05-09 years","Brooks","14","0","0"
"10-17 years","Brooks","72","0","0"
"18-29 years","Brooks","139","0","0"
"30-39 years","Brooks","103","0","2"
"40-49 years","Brooks","90","0","9"
"50-59 years","Brooks","99","2","14"
"60-69 years","Brooks","73","6","12"
"70-79 years","Brooks","61","9","16"
"80 & Older years","Brooks","41","9","7"
"<1 years","Brooks","3","0","0"
"Unknown years","Brooks","3","0","0"
"01-04 years","Bryan","30","0","0"
"05-09 years","Bryan","33","0","0"
"10-17 years","Bryan","121","0","1"
"18-29 years","Bryan","341","0","8"
"30-39 years","Bryan","279","1","7"
"40-49 years","Bryan","276","0","11"
"50-59 years","Bryan","230","3","21"
"60-69 years","Bryan","147","5","21"
"70-79 years","Bryan","97","5","29"
"80 & Older years","Bryan","50","3","15"
"<1 years","Bryan","5","0","0"
"Unknown years","Bryan","4","0","0"
"01-04 years","Bulloch","41","0","0"
"05-09 years","Bulloch","50","0","0"
"10-17 years","Bulloch","191","0","2"
"18-29 years","Bulloch","1774","0","7"
"30-39 years","Bulloch","392","2","18"
"40-49 years","Bulloch","330","2","21"
"50-59 years","Bulloch","311","1","23"
"60-69 years","Bulloch","211","12","33"
"70-79 years","Bulloch","108","10","27"
"80 & Older years","Bulloch","75","8","23"
"<1 years","Bulloch","16","0","2"
"Unknown years","Bulloch","12","0","0"
"01-04 years","Burke","14","0","0"
"05-09 years","Burke","29","0","0"
"10-17 years","Burke","75","0","1"
"18-29 years","Burke","221","0","6"
"30-39 years","Burke","171","0","6"
"40-49 years","Burke","173","1","10"
"50-59 years","Burke","173","1","27"
"60-69 years","Burke","125","5","29"
"70-79 years","Burke","77","3","19"
"80 & Older years","Burke","25","4","10"
"<1 years","Burke","4","0","0"
"Unknown years","Burke","1","0","0"
"01-04 years","Butts","10","0","0"
"05-09 years","Butts","12","0","0"
"10-17 years","Butts","58","0","1"
"18-29 years","Butts","189","0","4"
"30-39 years","Butts","169","0","7"
"40-49 years","Butts","167","2","11"
"50-59 years","Butts","174","3","15"
"60-69 years","Butts","137","7","21"
"70-79 years","Butts","98","12","12"
"80 & Older years","Butts","84","22","4"
"<1 years","Butts","3","0","0"
"Unknown years","Butts","5","0","0"
"01-04 years","Calhoun","2","0","0"
"10-17 years","Calhoun","13","0","0"
"18-29 years","Calhoun","45","0","5"
"30-39 years","Calhoun","44","2","5"
"40-49 years","Calhoun","68","1","8"
"50-59 years","Calhoun","59","2","11"
"60-69 years","Calhoun","51","2","16"
"70-79 years","Calhoun","18","2","5"
"80 & Older years","Calhoun","12","2","5"
"<1 years","Calhoun","1","0","0"
"01-04 years","Camden","30","0","0"
"05-09 years","Camden","23","0","0"
"10-17 years","Camden","125","0","0"
"18-29 years","Camden","521","0","4"
"30-39 years","Camden","324","0","12"
"40-49 years","Camden","256","1","10"
"50-59 years","Camden","318","1","15"
"60-69 years","Camden","215","5","18"
"70-79 years","Camden","120","0","14"
"80 & Older years","Camden","64","11","18"
"<1 years","Camden","7","0","1"
"Unknown years","Camden","14","0","0"
"01-04 years","Candler","8","0","0"
"05-09 years","Candler","10","0","0"
"10-17 years","Candler","46","0","0"
"18-29 years","Candler","104","0","0"
"30-39 years","Candler","80","0","2"
"40-49 years","Candler","96","2","1"
"50-59 years","Candler","104","5","9"
"60-69 years","Candler","76","7","13"
"70-79 years","Candler","44","10","15"
"80 & Older years","Candler","18","4","9"
"<1 years","Candler","3","0","0"
"Unknown years","Candler","1","0","0"
"01-04 years","Carroll","60","0","1"
"05-09 years","Carroll","77","0","1"
"10-17 years","Carroll","383","0","5"
"18-29 years","Carroll","1198","0","9"
"30-39 years","Carroll","695","4","16"
"40-49 years","Carroll","682","4","22"
"50-59 years","Carroll","701","10","47"
"60-69 years","Carroll","509","15","56"
"70-79 years","Carroll","282","25","49"
"80 & Older years","Carroll","193","33","34"
"<1 years","Carroll","21","0","0"
"Unknown years","Carroll","12","0","0"
"01-04 years","Catoosa","45","0","0"
"05-09 years","Catoosa","52","0","0"
"10-17 years","Catoosa","236","0","1"
"18-29 years","Catoosa","513","0","7"
"30-39 years","Catoosa","372","0","4"
"40-49 years","Catoosa","437","1","10"
"50-59 years","Catoosa","411","5","19"
"60-69 years","Catoosa","299","5","37"
"70-79 years","Catoosa","188","12","34"
"80 & Older years","Catoosa","152","11","35"
"<1 years","Catoosa","14","0","0"
"Unknown years","Catoosa","50","0","0"
"01-04 years","Charlton","10","0","0"
"05-09 years","Charlton","18","0","0"
"10-17 years","Charlton","34","0","0"
"18-29 years","Charlton","145","0","1"
"30-39 years","Charlton","168","0","4"
"40-49 years","Charlton","147","2","8"
"50-59 years","Charlton","107","0","3"
"60-69 years","Charlton","100","4","11"
"70-79 years","Charlton","33","4","9"
"80 & Older years","Charlton","14","2","8"
"<1 years","Charlton","2","0","0"
"Unknown years","Charlton","2","0","0"
"01-04 years","Chatham","193","0","1"
"05-09 years","Chatham","213","1","0"
"10-17 years","Chatham","724","0","12"
"18-29 years","Chatham","3179","2","40"
"30-39 years","Chatham","2118","4","88"
"40-49 years","Chatham","1609","9","102"
"50-59 years","Chatham","1507","24","166"
"60-69 years","Chatham","1159","43","208"
"70-79 years","Chatham","612","55","192"
"80 & Older years","Chatham","405","81","166"
"<1 years","Chatham","45","0","3"
"Unknown years","Chatham","80","0","2"
"01-04 years","Chattahoochee","5","0","0"
"05-09 years","Chattahoochee","4","0","0"
"10-17 years","Chattahoochee","96","0","2"
"18-29 years","Chattahoochee","1760","0","1"
"30-39 years","Chattahoochee","174","0","2"
"40-49 years","Chattahoochee","43","0","0"
"50-59 years","Chattahoochee","18","0","5"
"60-69 years","Chattahoochee","11","0","3"
"70-79 years","Chattahoochee","5","0","2"
"80 & Older years","Chattahoochee","4","1","3"
"<1 years","Chattahoochee","8","0","0"
"Unknown years","Chattahoochee","1","0","0"
"01-04 years","Chattooga","6","0","0"
"05-09 years","Chattooga","16","0","0"
"10-17 years","Chattooga","108","0","0"
"18-29 years","Chattooga","228","0","2"
"30-39 years","Chattooga","192","0","5"
"40-49 years","Chattooga","218","1","7"
"50-59 years","Chattooga","215","3","12"
"60-69 years","Chattooga","177","9","24"
"70-79 years","Chattooga","110","9","23"
"80 & Older years","Chattooga","83","16","18"
"<1 years","Chattooga","5","0","1"
"Unknown years","Chattooga","13","0","1"
"01-04 years","Cherokee","115","0","6"
"05-09 years","Cherokee","236","0","3"
"10-17 years","Cherokee","1155","0","6"
"18-29 years","Cherokee","2418","1","54"
"30-39 years","Cherokee","1571","1","71"
"40-49 years","Cherokee","1744","2","81"
"50-59 years","Cherokee","1760","9","123"
"60-69 years","Cherokee","958","19","121"
"70-79 years","Cherokee","583","28","134"
"80 & Older years","Cherokee","382","60","129"
"<1 years","Cherokee","28","0","1"
"Unknown years","Cherokee","39","0","0"
"01-04 years","Clarke","85","0","0"
"05-09 years","Clarke","106","0","1"
"10-17 years","Clarke","311","0","4"
"18-29 years","Clarke","4216","0","21"
"30-39 years","Clarke","902","1","27"
"40-49 years","Clarke","678","1","31"
"50-59 years","Clarke","620","5","42"
"60-69 years","Clarke","422","12","66"
"70-79 years","Clarke","233","22","76"
"80 & Older years","Clarke","132","17","36"
"<1 years","Clarke","20","0","1"
"Unknown years","Clarke","35","0","0"
"01-04 years","Clay","3","0","0"
"05-09 years","Clay","2","0","0"
"10-17 years","Clay","10","0","0"
"18-29 years","Clay","22","0","0"
"30-39 years","Clay","23","0","1"
"40-49 years","Clay","21","0","0"
"50-59 years","Clay","16","0","1"
"60-69 years","Clay","19","1","2"
"70-79 years","Clay","9","0","0"
"80 & Older years","Clay","13","2","5"
"01-04 years","Clayton","185","0","7"
"05-09 years","Clayton","266","0","5"
"10-17 years","Clayton","717","0","15"
"18-29 years","Clayton","2641","3","68"
"30-39 years","Clayton","2228","6","100"
"40-49 years","Clayton","1994","20","133"
"50-59 years","Clayton","1799","26","176"
"60-69 years","Clayton","1159","51","166"
"70-79 years","Clayton","514","46","107"
"80 & Older years","Clayton","270","55","62"
"<1 years","Clayton","39","0","1"
"Unknown years","Clayton","29","0","0"
"01-04 years","Clinch","9","0","0"
"05-09 years","Clinch","10","0","0"
"10-17 years","Clinch","59","0","0"
"18-29 years","Clinch","97","0","2"
"30-39 years","Clinch","74","1","4"
"40-49 years","Clinch","72","0","3"
"50-59 years","Clinch","67","0","10"
"60-69 years","Clinch","74","6","11"
"70-79 years","Clinch","34","6","11"
"80 & Older years","Clinch","13","1","2"
"<1 years","Clinch","1","0","0"
"Unknown years","Clinch","1","0","0"
"01-04 years","Cobb","336","1","10"
"05-09 years","Cobb","544","0","3"
"10-17 years","Cobb","1854","0","20"
"18-29 years","Cobb","8746","4","192"
"30-39 years","Cobb","5452","11","205"
"40-49 years","Cobb","5082","21","328"
"50-59 years","Cobb","4456","33","426"
"60-69 years","Cobb","2683","78","415"
"70-79 years","Cobb","1504","162","357"
"80 & Older years","Cobb","996","217","311"
"<1 years","Cobb","97","0","8"
"Unknown years","Cobb","266","0","2"
"01-04 years","Coffee","60","0","2"
"05-09 years","Coffee","64","0","3"
"10-17 years","Coffee","200","0","2"
"18-29 years","Coffee","587","0","15"
"30-39 years","Coffee","455","2","27"
"40-49 years","Coffee","483","2","62"
"50-59 years","Coffee","489","4","89"
"60-69 years","Coffee","403","18","96"
"70-79 years","Coffee","197","22","75"
"80 & Older years","Coffee","107","25","61"
"<1 years","Coffee","10","0","0"
"Unknown years","Coffee","12","0","0"
"01-04 years","Colquitt","31","0","0"
"05-09 years","Colquitt","61","0","1"
"10-17 years","Colquitt","216","0","4"
"18-29 years","Colquitt","542","0","16"
"30-39 years","Colquitt","381","0","16"
"40-49 years","Colquitt","383","4","32"
"50-59 years","Colquitt","330","10","29"
"60-69 years","Colquitt","244","11","31"
"70-79 years","Colquitt","130","6","31"
"80 & Older years","Colquitt","86","13","19"
"<1 years","Colquitt","11","0","0"
"Unknown years","Colquitt","6","0","0"
"01-04 years","Columbia","54","0","1"
"05-09 years","Columbia","128","0","0"
"10-17 years","Columbia","564","0","1"
"18-29 years","Columbia","1392","0","12"
"30-39 years","Columbia","1133","2","17"
"40-49 years","Columbia","1100","6","29"
"50-59 years","Columbia","943","11","50"
"60-69 years","Columbia","581","12","56"
"70-79 years","Columbia","309","22","49"
"80 & Older years","Columbia","171","30","47"
"<1 years","Columbia","18","0","1"
"Unknown years","Columbia","6","0","0"
"01-04 years","Cook","11","0","0"
"05-09 years","Cook","17","0","0"
"10-17 years","Cook","80","0","1"
"18-29 years","Cook","184","0","4"
"30-39 years","Cook","141","0","4"
"40-49 years","Cook","141","0","12"
"50-59 years","Cook","122","1","15"
"60-69 years","Cook","100","5","15"
"70-79 years","Cook","70","10","22"
"80 & Older years","Cook","32","4","9"
"<1 years","Cook","5","0","0"
"Unknown years","Cook","5","0","0"
"01-04 years","Coweta","51","0","0"
"05-09 years","Coweta","85","0","0"
"10-17 years","Coweta","307","0","0"
"18-29 years","Coweta","932","1","13"
"30-39 years","Coweta","661","0","19"
"40-49 years","Coweta","676","3","25"
"50-59 years","Coweta","766","7","39"
"60-69 years","Coweta","490","17","35"
"70-79 years","Coweta","284","16","38"
"80 & Older years","Coweta","162","28","27"
"<1 years","Coweta","14","0","0"
"Unknown years","Coweta","6","0","0"
"01-04 years","Crawford","1","0","0"
"05-09 years","Crawford","1","0","0"
"10-17 years","Crawford","14","0","0"
"18-29 years","Crawford","51","0","1"
"30-39 years","Crawford","43","0","4"
"40-49 years","Crawford","26","1","3"
"50-59 years","Crawford","68","1","10"
"60-69 years","Crawford","60","3","10"
"70-79 years","Crawford","21","2","5"
"80 & Older years","Crawford","14","0","2"
"01-04 years","Crisp","11","0","0"
"05-09 years","Crisp","16","0","0"
"10-17 years","Crisp","59","0","1"
"18-29 years","Crisp","145","0","7"
"30-39 years","Crisp","144","0","9"
"40-49 years","Crisp","124","1","11"
"50-59 years","Crisp","128","3","17"
"60-69 years","Crisp","126","8","24"
"70-79 years","Crisp","66","8","25"
"80 & Older years","Crisp","43","7","14"
"<1 years","Crisp","7","0","0"
"Unknown years","Crisp","10","0","0"
"01-04 years","Dade","4","0","0"
"05-09 years","Dade","14","0","0"
"10-17 years","Dade","54","0","0"
"18-29 years","Dade","117","0","1"
"30-39 years","Dade","74","0","1"
"40-49 years","Dade","100","0","5"
"50-59 years","Dade","99","1","6"
"60-69 years","Dade","67","0","2"
"70-79 years","Dade","52","5","14"
"80 & Older years","Dade","33","1","8"
"<1 years","Dade","6","0","0"
"Unknown years","Dade","10","0","1"
"01-04 years","Dawson","12","0","0"
"05-09 years","Dawson","24","0","0"
"10-17 years","Dawson","114","0","3"
"18-29 years","Dawson","294","0","8"
"30-39 years","Dawson","187","0","5"
"40-49 years","Dawson","185","0","16"
"50-59 years","Dawson","226","0","18"
"60-69 years","Dawson","186","1","41"
"70-79 years","Dawson","114","8","27"
"80 & Older years","Dawson","39","3","12"
"<1 years","Dawson","6","0","0"
"Unknown years","Dawson","24","0","2"
"01-04 years","DeKalb","388","0","12"
"05-09 years","DeKalb","563","0","6"
"10-17 years","DeKalb","1625","0","35"
"18-29 years","DeKalb","7465","7","261"
"30-39 years","DeKalb","6358","13","366"
"40-49 years","DeKalb","5015","22","401"
"50-59 years","DeKalb","4416","57","540"
"60-69 years","DeKalb","2757","93","549"
"70-79 years","DeKalb","1429","126","414"
"80 & Older years","DeKalb","834","149","276"
"<1 years","DeKalb","101","0","5"
"Unknown years","DeKalb","95","0","6"
"01-04 years","Decatur","33","0","1"
"05-09 years","Decatur","45","0","0"
"10-17 years","Decatur","130","0","0"
"18-29 years","Decatur","312","1","7"
"30-39 years","Decatur","231","1","7"
"40-49 years","Decatur","234","0","16"
"50-59 years","Decatur","191","4","22"
"60-69 years","Decatur","154","10","25"
"70-79 years","Decatur","90","15","17"
"80 & Older years","Decatur","84","11","17"
"<1 years","Decatur","6","0","0"
"01-04 years","Dodge","5","0","0"
"05-09 years","Dodge","13","0","0"
"10-17 years","Dodge","52","1","1"
"18-29 years","Dodge","123","0","1"
"30-39 years","Dodge","76","0","1"
"40-49 years","Dodge","124","1","10"
"50-59 years","Dodge","147","3","12"
"60-69 years","Dodge","120","9","23"
"70-79 years","Dodge","68","12","13"
"80 & Older years","Dodge","51","16","14"
"<1 years","Dodge","2","0","0"
"01-04 years","Dooly","9","0","0"
"05-09 years","Dooly","3","0","0"
"10-17 years","Dooly","25","0","0"
"18-29 years","Dooly","70","0","5"
"30-39 years","Dooly","74","0","7"
"40-49 years","Dooly","84","0","8"
"50-59 years","Dooly","86","4","13"
"60-69 years","Dooly","81","9","17"
"70-79 years","Dooly","39","4","10"
"80 & Older years","Dooly","16","3","3"
"<1 years","Dooly","2","0","0"
"Unknown years","Dooly","2","0","0"
"01-04 years","Dougherty","26","0","3"
"05-09 years","Dougherty","47","0","0"
"10-17 years","Dougherty","142","0","3"
"18-29 years","Dougherty","644","2","58"
"30-39 years","Dougherty","536","3","57"
"40-49 years","Dougherty","590","12","89"
"50-59 years","Dougherty","648","18","123"
"60-69 years","Dougherty","563","49","175"
"70-79 years","Dougherty","329","50","132"
"80 & Older years","Dougherty","199","66","87"
"<1 years","Dougherty","15","0","1"
"Unknown years","Dougherty","9","0","0"
"01-04 years","Douglas","72","0","2"
"05-09 years","Douglas","124","0","4"
"10-17 years","Douglas","354","0","3"
"18-29 years","Douglas","1254","0","40"
"30-39 years","Douglas","998","3","44"
"40-49 years","Douglas","1112","4","82"
"50-59 years","Douglas","971","12","114"
"60-69 years","Douglas","560","17","114"
"70-79 years","Douglas","336","33","95"
"80 & Older years","Douglas","151","26","64"
"<1 years","Douglas","11","0","1"
"Unknown years","Douglas","31","0","0"
"01-04 years","Early","14","0","0"
"05-09 years","Early","14","0","0"
"10-17 years","Early","49","0","0"
"18-29 years","Early","106","0","4"
"30-39 years","Early","92","0","4"
"40-49 years","Early","117","1","8"
"50-59 years","Early","102","3","9"
"60-69 years","Early","82","11","12"
"70-79 years","Early","50","12","8"
"80 & Older years","Early","34","12","8"
"<1 years","Early","2","0","0"
"01-04 years","Echols","5","0","0"
"05-09 years","Echols","4","0","0"
"10-17 years","Echols","20","0","1"
"18-29 years","Echols","117","0","1"
"30-39 years","Echols","50","0","2"
"40-49 years","Echols","33","0","1"
"50-59 years","Echols","38","0","2"
"60-69 years","Echols","19","0","0"
"70-79 years","Echols","15","2","3"
"<1 years","Echols","1","0","0"
"01-04 years","Effingham","29","0","1"
"05-09 years","Effingham","50","0","0"
"10-17 years","Effingham","199","0","0"
"18-29 years","Effingham","447","0","3"
"30-39 years","Effingham","357","1","11"
"40-49 years","Effingham","381","0","21"
"50-59 years","Effingham","376","6","27"
"60-69 years","Effingham","231","3","32"
"70-79 years","Effingham","131","12","31"
"80 & Older years","Effingham","57","11","18"
"<1 years","Effingham","6","0","0"
"Unknown years","Effingham","4","0","1"
"01-04 years","Elbert","11","0","0"
"05-09 years","Elbert","20","0","0"
"10-17 years","Elbert","65","0","0"
"18-29 years","Elbert","190","0","1"
"30-39 years","Elbert","128","0","6"
"40-49 years","Elbert","148","0","8"
"50-59 years","Elbert","163","0","10"
"60-69 years","Elbert","123","1","16"
"70-79 years","Elbert","109","8","23"
"80 & Older years","Elbert","102","15","24"
"<1 years","Elbert","6","0","2"
"Unknown years","Elbert","3","0","0"
"01-04 years","Emanuel","17","0","1"
"05-09 years","Emanuel","16","0","0"
"10-17 years","Emanuel","133","0","2"
"18-29 years","Emanuel","228","1","0"
"30-39 years","Emanuel","185","0","7"
"40-49 years","Emanuel","222","1","7"
"50-59 years","Emanuel","195","4","20"
"60-69 years","Emanuel","171","7","22"
"70-79 years","Emanuel","102","15","23"
"80 & Older years","Emanuel","47","15","15"
"<1 years","Emanuel","4","0","0"
"Unknown years","Emanuel","9","0","1"
"01-04 years","Evans","7","0","0"
"05-09 years","Evans","13","0","0"
"10-17 years","Evans","59","0","0"
"18-29 years","Evans","109","1","3"
"30-39 years","Evans","98","0","3"
"40-49 years","Evans","84","0","8"
"50-59 years","Evans","85","1","13"
"60-69 years","Evans","49","2","12"
"70-79 years","Evans","32","3","9"
"80 & Older years","Evans","14","1","6"
"<1 years","Evans","2","0","0"
"Unknown years","Evans","1","0","0"
"01-04 years","Fannin","7","0","0"
"05-09 years","Fannin","16","0","0"
"10-17 years","Fannin","68","0","0"
"18-29 years","Fannin","168","0","2"
"30-39 years","Fannin","117","0","5"
"40-49 years","Fannin","152","0","7"
"50-59 years","Fannin","193","3","12"
"60-69 years","Fannin","196","4","20"
"70-79 years","Fannin","156","3","22"
"80 & Older years","Fannin","89","24","30"
"<1 years","Fannin","3","0","0"
"Unknown years","Fannin","9","0","0"
"01-04 years","Fayette","29","0","0"
"05-09 years","Fayette","43","0","1"
"10-17 years","Fayette","234","0","2"
"18-29 years","Fayette","671","0","5"
"30-39 years","Fayette","384","1","6"
"40-49 years","Fayette","527","1","18"
"50-59 years","Fayette","550","3","27"
"60-69 years","Fayette","410","11","31"
"70-79 years","Fayette","224","22","45"
"80 & Older years","Fayette","147","27","29"
"<1 years","Fayette","3","0","0"
"Unknown years","Fayette","12","0","0"
"01-04 years","Floyd","78","0","3"
"05-09 years","Floyd","128","0","0"
"10-17 years","Floyd","587","0","7"
"18-29 years","Floyd","1276","0","18"
"30-39 years","Floyd","929","3","33"
"40-49 years","Floyd","902","3","48"
"50-59 years","Floyd","827","14","85"
"60-69 years","Floyd","606","22","108"
"70-79 years","Floyd","413","24","113"
"80 & Older years","Floyd","227","32","77"
"<1 years","Floyd","25","0","1"
"Unknown years","Floyd","53","0","1"
"01-04 years","Forsyth","80","0","1"
"05-09 years","Forsyth","191","0","0"
"10-17 years","Forsyth","754","0","2"
"18-29 years","Forsyth","1681","0","31"
"30-39 years","Forsyth","1094","0","46"
"40-49 years","Forsyth","1357","3","71"
"50-59 years","Forsyth","1269","9","101"
"60-69 years","Forsyth","662","6","91"
"70-79 years","Forsyth","395","23","112"
"80 & Older years","Forsyth","241","32","84"
"<1 years","Forsyth","27","0","3"
"Unknown years","Forsyth","143","0","0"
"01-04 years","Franklin","7","0","0"
"05-09 years","Franklin","35","0","0"
"10-17 years","Franklin","123","0","4"
"18-29 years","Franklin","278","0","4"
"30-39 years","Franklin","195","0","2"
"40-49 years","Franklin","218","0","10"
"50-59 years","Franklin","207","0","16"
"60-69 years","Franklin","177","2","23"
"70-79 years","Franklin","91","9","17"
"80 & Older years","Franklin","52","10","16"
"<1 years","Franklin","4","0","1"
"Unknown years","Franklin","37","0","2"
"01-04 years","Fulton","454","0","15"
"05-09 years","Fulton","680","0","8"
"10-17 years","Fulton","2431","1","31"
"18-29 years","Fulton","12817","4","257"
"30-39 years","Fulton","8806","14","366"
"40-49 years","Fulton","6802","28","431"
"50-59 years","Fulton","5818","63","573"
"60-69 years","Fulton","3479","129","551"
"70-79 years","Fulton","1849","175","459"
"80 & Older years","Fulton","1395","303","447"
"<1 years","Fulton","123","0","5"
"Unknown years","Fulton","157","0","7"
"01-04 years","Gilmer","23","0","1"
"05-09 years","Gilmer","17","0","0"
"10-17 years","Gilmer","114","0","2"
"18-29 years","Gilmer","211","0","8"
"30-39 years","Gilmer","187","0","11"
"40-49 years","Gilmer","204","0","13"
"50-59 years","Gilmer","212","4","13"
"60-69 years","Gilmer","210","1","27"
"70-79 years","Gilmer","136","8","28"
"80 & Older years","Gilmer","83","17","27"
"<1 years","Gilmer","7","0","0"
"Unknown years","Gilmer","23","0","0"
"01-04 years","Glascock","1","0","0"
"05-09 years","Glascock","2","0","0"
"18-29 years","Glascock","13","0","1"
"30-39 years","Glascock","9","0","0"
"40-49 years","Glascock","14","0","1"
"50-59 years","Glascock","18","1","2"
"60-69 years","Glascock","9","0","0"
"70-79 years","Glascock","4","1","2"
"80 & Older years","Glascock","5","1","3"
"<1 years","Glascock","1","0","0"
"01-04 years","Glynn","59","0","1"
"05-09 years","Glynn","120","0","1"
"10-17 years","Glynn","305","0","0"
"18-29 years","Glynn","993","0","20"
"30-39 years","Glynn","730","2","23"
"40-49 years","Glynn","618","3","30"
"50-59 years","Glynn","592","8","61"
"60-69 years","Glynn","488","25","96"
"70-79 years","Glynn","307","33","64"
"80 & Older years","Glynn","197","49","74"
"<1 years","Glynn","15","0","0"
"Unknown years","Glynn","21","0","0"
"01-04 years","Gordon","49","0","0"
"05-09 years","Gordon","71","0","0"
"10-17 years","Gordon","306","0","2"
"18-29 years","Gordon","745","0","8"
"30-39 years","Gordon","575","1","17"
"40-49 years","Gordon","602","1","22"
"50-59 years","Gordon","572","6","29"
"60-69 years","Gordon","348","9","28"
"70-79 years","Gordon","210","16","46"
"80 & Older years","Gordon","128","22","37"
"<1 years","Gordon","11","0","1"
"Unknown years","Gordon","37","0","1"
"01-04 years","Grady","20","0","1"
"05-09 years","Grady","31","0","0"
"10-17 years","Grady","86","0","2"
"18-29 years","Grady","167","0","8"
"30-39 years","Grady","154","0","5"
"40-49 years","Grady","155","0","19"
"50-59 years","Grady","133","4","18"
"60-69 years","Grady","102","3","18"
"70-79 years","Grady","96","8","27"
"80 & Older years","Grady","40","12","15"
"<1 years","Grady","3","0","1"
"Unknown years","Grady","3","0","0"
"01-04 years","Greene","10","0","0"
"05-09 years","Greene","22","0","0"
"10-17 years","Greene","45","0","0"
"18-29 years","Greene","162","0","5"
"30-39 years","Greene","110","0","5"
"40-49 years","Greene","100","3","9"
"50-59 years","Greene","106","3","12"
"60-69 years","Greene","106","2","9"
"70-79 years","Greene","74","5","14"
"80 & Older years","Greene","40","13","18"
"<1 years","Greene","2","0","1"
"Unknown years","Greene","1","0","0"
"01-04 years","Gwinnett","660","0","14"
"05-09 years","Gwinnett","981","0","12"
"10-17 years","Gwinnett","3279","1","50"
"18-29 years","Gwinnett","10832","2","408"
"30-39 years","Gwinnett","7678","13","434"
"40-49 years","Gwinnett","8203","35","567"
"50-59 years","Gwinnett","6638","60","605"
"60-69 years","Gwinnett","3586","104","585"
"70-79 years","Gwinnett","1623","116","423"
"80 & Older years","Gwinnett","967","204","396"
"<1 years","Gwinnett","160","0","4"
"Unknown years","Gwinnett","96","0","0"
"01-04 years","Habersham","17","0","1"
"05-09 years","Habersham","32","0","3"
"10-17 years","Habersham","189","1","6"
"18-29 years","Habersham","575","0","8"
"30-39 years","Habersham","403","2","22"
"40-49 years","Habersham","435","1","27"
"50-59 years","Habersham","451","4","38"
"60-69 years","Habersham","337","9","80"
"70-79 years","Habersham","236","18","68"
"80 & Older years","Habersham","190","46","62"
"<1 years","Habersham","6","0","3"
"Unknown years","Habersham","140","0","3"
"01-04 years","Hall","113","0","3"
"05-09 years","Hall","244","0","2"
"10-17 years","Hall","1092","0","16"
"18-29 years","Hall","3407","3","117"
"30-39 years","Hall","2239","1","120"
"40-49 years","Hall","2369","7","191"
"50-59 years","Hall","2408","18","269"
"60-69 years","Hall","1526","38","258"
"70-79 years","Hall","944","47","250"
"80 & Older years","Hall","551","90","223"
"<1 years","Hall","22","0","5"
"Unknown years","Hall","391","0","9"
"01-04 years","Hancock","3","0","0"
"05-09 years","Hancock","3","0","0"
"10-17 years","Hancock","17","0","0"
"18-29 years","Hancock","71","0","2"
"30-39 years","Hancock","68","0","2"
"40-49 years","Hancock","79","1","4"
"50-59 years","Hancock","89","3","12"
"60-69 years","Hancock","105","13","21"
"70-79 years","Hancock","58","12","17"
"80 & Older years","Hancock","44","17","17"
"<1 years","Hancock","1","0","0"
"01-04 years","Haralson","13","0","0"
"05-09 years","Haralson","25","0","0"
"10-17 years","Haralson","102","0","1"
"18-29 years","Haralson","224","0","2"
"30-39 years","Haralson","157","0","3"
"40-49 years","Haralson","148","1","5"
"50-59 years","Haralson","160","1","2"
"60-69 years","Haralson","129","8","17"
"70-79 years","Haralson","88","9","15"
"80 & Older years","Haralson","45","4","5"
"<1 years","Haralson","5","0","0"
"Unknown years","Haralson","1","0","0"
"01-04 years","Harris","13","0","0"
"05-09 years","Harris","14","0","0"
"10-17 years","Harris","98","0","2"
"18-29 years","Harris","165","0","2"
"30-39 years","Harris","120","0","5"
"40-49 years","Harris","185","2","7"
"50-59 years","Harris","200","4","18"
"60-69 years","Harris","177","10","38"
"70-79 years","Harris","90","8","24"
"80 & Older years","Harris","32","4","6"
"<1 years","Harris","2","0","0"
"Unknown years","Harris","5","0","0"
"01-04 years","Hart","9","0","0"
"05-09 years","Hart","15","0","1"
"10-17 years","Hart","56","0","0"
"18-29 years","Hart","165","0","0"
"30-39 years","Hart","128","0","5"
"40-49 years","Hart","131","0","8"
"50-59 years","Hart","168","1","14"
"60-69 years","Hart","129","8","25"
"70-79 years","Hart","74","4","14"
"80 & Older years","Hart","56","7","22"
"<1 years","Hart","3","0","1"
"Unknown years","Hart","15","0","0"
"01-04 years","Heard","6","0","0"
"05-09 years","Heard","10","0","0"
"10-17 years","Heard","43","0","1"
"18-29 years","Heard","67","0","0"
"30-39 years","Heard","39","0","1"
"40-49 years","Heard","63","0","2"
"50-59 years","Heard","58","0","3"
"60-69 years","Heard","49","3","6"
"70-79 years","Heard","32","4","10"
"80 & Older years","Heard","10","2","1"
"<1 years","Heard","1","0","0"
"Unknown years","Heard","1","0","0"
"01-04 years","Henry","94","0","3"
"05-09 years","Henry","165","0","1"
"10-17 years","Henry","616","0","4"
"18-29 years","Henry","1980","1","22"
"30-39 years","Henry","1604","3","32"
"40-49 years","Henry","1791","7","63"
"50-59 years","Henry","1645","12","87"
"60-69 years","Henry","833","27","56"
"70-79 years","Henry","435","41","55"
"80 & Older years","Henry","254","48","39"
"<1 years","Henry","21","0","2"
"Unknown years","Henry","25","0","0"
"01-04 years","Houston","50","0","1"
"05-09 years","Houston","78","0","1"
"10-17 years","Houston","307","0","3"
"18-29 years","Houston","1129","3","26"
"30-39 years","Houston","955","1","42"
"40-49 years","Houston","931","2","68"
"50-59 years","Houston","765","9","77"
"60-69 years","Houston","499","27","93"
"70-79 years","Houston","280","35","93"
"80 & Older years","Houston","137","28","54"
"<1 years","Houston","12","0","1"
"Unknown years","Houston","9","0","0"
"01-04 years","Irwin","5","0","0"
"05-09 years","Irwin","8","0","0"
"10-17 years","Irwin","43","0","0"
"18-29 years","Irwin","77","0","3"
"30-39 years","Irwin","69","0","4"
"40-49 years","Irwin","82","0","4"
"50-59 years","Irwin","77","1","6"
"60-69 years","Irwin","63","1","14"
"70-79 years","Irwin","32","3","4"
"80 & Older years","Irwin","26","6","12"
"Unknown years","Irwin","2","0","0"
"01-04 years","Jackson","30","0","0"
"05-09 years","Jackson","81","0","2"
"10-17 years","Jackson","397","0","1"
"18-29 years","Jackson","802","1","12"
"30-39 years","Jackson","642","1","15"
"40-49 years","Jackson","688","1","40"
"50-59 years","Jackson","677","4","42"
"60-69 years","Jackson","393","6","41"
"70-79 years","Jackson","292","16","69"
"80 & Older years","Jackson","165","27","66"
"<1 years","Jackson","10","0","2"
"Unknown years","Jackson","28","0","1"
"01-04 years","Jasper","1","0","0"
"05-09 years","Jasper","5","0","0"
"10-17 years","Jasper","14","0","0"
"18-29 years","Jasper","68","0","1"
"30-39 years","Jasper","52","0","0"
"40-49 years","Jasper","51","0","1"
"50-59 years","Jasper","75","0","8"
"60-69 years","Jasper","49","3","9"
"70-79 years","Jasper","27","2","6"
"80 & Older years","Jasper","7","0","0"
"<1 years","Jasper","2","0","0"
"Unknown years","Jasper","1","0","0"
"01-04 years","Jeff Davis","22","0","1"
"05-09 years","Jeff Davis","22","0","0"
"10-17 years","Jeff Davis","76","0","2"
"18-29 years","Jeff Davis","180","0","3"
"30-39 years","Jeff Davis","152","0","8"
"40-49 years","Jeff Davis","148","0","11"
"50-59 years","Jeff Davis","130","5","13"
"60-69 years","Jeff Davis","90","6","20"
"70-79 years","Jeff Davis","57","12","16"
"80 & Older years","Jeff Davis","15","7","6"
"<1 years","Jeff Davis","2","0","1"
"Unknown years","Jeff Davis","2","0","0"
"01-04 years","Jefferson","16","0","0"
"05-09 years","Jefferson","25","0","0"
"10-17 years","Jefferson","66","0","0"
"18-29 years","Jefferson","178","0","3"
"30-39 years","Jefferson","131","0","6"
"40-49 years","Jefferson","142","3","9"
"50-59 years","Jefferson","181","2","19"
"60-69 years","Jefferson","152","7","22"
"70-79 years","Jefferson","108","13","29"
"80 & Older years","Jefferson","47","13","21"
"<1 years","Jefferson","4","0","0"
"Unknown years","Jefferson","7","0","0"
"01-04 years","Jenkins","6","0","0"
"05-09 years","Jenkins","12","0","0"
"10-17 years","Jenkins","40","0","0"
"18-29 years","Jenkins","81","0","2"
"30-39 years","Jenkins","51","1","4"
"40-49 years","Jenkins","78","2","9"
"50-59 years","Jenkins","82","6","15"
"60-69 years","Jenkins","65","5","11"
"70-79 years","Jenkins","41","12","20"
"80 & Older years","Jenkins","44","8","10"
"<1 years","Jenkins","2","0","0"
"01-04 years","Johnson","6","0","0"
"05-09 years","Johnson","6","0","0"
"10-17 years","Johnson","19","0","0"
"18-29 years","Johnson","84","0","2"
"30-39 years","Johnson","54","0","3"
"40-49 years","Johnson","62","1","6"
"50-59 years","Johnson","85","1","13"
"60-69 years","Johnson","87","7","16"
"70-79 years","Johnson","55","6","17"
"80 & Older years","Johnson","58","14","16"
"01-04 years","Jones","4","0","0"
"05-09 years","Jones","12","0","0"
"10-17 years","Jones","39","0","0"
"18-29 years","Jones","220","0","5"
"30-39 years","Jones","141","0","4"
"40-49 years","Jones","130","1","6"
"50-59 years","Jones","142","1","12"
"60-69 years","Jones","89","1","14"
"70-79 years","Jones","54","7","17"
"80 & Older years","Jones","45","13","8"
"<1 years","Jones","1","0","0"
"01-04 years","Lamar","15","0","0"
"05-09 years","Lamar","27","0","0"
"10-17 years","Lamar","59","0","1"
"18-29 years","Lamar","107","0","1"
"30-39 years","Lamar","85","0","2"
"40-49 years","Lamar","90","1","3"
"50-59 years","Lamar","101","1","14"
"60-69 years","Lamar","91","3","12"
"70-79 years","Lamar","69","6","13"
"80 & Older years","Lamar","38","13","13"
"<1 years","Lamar","6","0","0"
"01-04 years","Lanier","5","0","0"
"05-09 years","Lanier","8","0","1"
"10-17 years","Lanier","25","0","1"
"18-29 years","Lanier","80","1","0"
"30-39 years","Lanier","89","0","1"
"40-49 years","Lanier","51","1","1"
"50-59 years","Lanier","51","0","4"
"60-69 years","Lanier","30","1","2"
"70-79 years","Lanier","18","4","5"
"80 & Older years","Lanier","10","0","4"
"<1 years","Lanier","3","0","0"
"Unknown years","Lanier","1","0","0"
"01-04 years","Laurens","17","0","0"
"05-09 years","Laurens","21","0","0"
"10-17 years","Laurens","166","0","2"
"18-29 years","Laurens","434","0","6"
"30-39 years","Laurens","351","1","12"
"40-49 years","Laurens","360","3","18"
"50-59 years","Laurens","393","6","40"
"60-69 years","Laurens","331","25","57"
"70-79 years","Laurens","229","36","50"
"80 & Older years","Laurens","159","41","40"
"<1 years","Laurens","3","0","0"
"Unknown years","Laurens","4","0","0"
"01-04 years","Lee","8","0","0"
"05-09 years","Lee","13","0","2"
"10-17 years","Lee","70","0","1"
"18-29 years","Lee","159","1","7"
"30-39 years","Lee","178","1","14"
"40-49 years","Lee","171","3","19"
"50-59 years","Lee","158","6","26"
"60-69 years","Lee","106","7","17"
"70-79 years","Lee","49","9","18"
"80 & Older years","Lee","23","5","10"
"<1 years","Lee","4","0","0"
"01-04 years","Liberty","17","0","0"
"05-09 years","Liberty","28","0","1"
"10-17 years","Liberty","108","0","2"
"18-29 years","Liberty","426","1","11"
"30-39 years","Liberty","296","0","11"
"40-49 years","Liberty","265","0","11"
"50-59 years","Liberty","224","4","27"
"60-69 years","Liberty","175","9","30"
"70-79 years","Liberty","74","9","27"
"80 & Older years","Liberty","43","7","16"
"<1 years","Liberty","13","0","1"
"Unknown years","Liberty","4","0","0"
"01-04 years","Lincoln","4","0","0"
"05-09 years","Lincoln","8","0","0"
"10-17 years","Lincoln","16","0","0"
"18-29 years","Lincoln","61","0","2"
"30-39 years","Lincoln","38","0","1"
"40-49 years","Lincoln","54","0","5"
"50-59 years","Lincoln","37","0","3"
"60-69 years","Lincoln","43","3","11"
"70-79 years","Lincoln","31","1","8"
"80 & Older years","Lincoln","14","5","6"
"<1 years","Lincoln","2","0","0"
"01-04 years","Long","10","0","0"
"05-09 years","Long","5","0","0"
"10-17 years","Long","27","0","0"
"18-29 years","Long","66","0","0"
"30-39 years","Long","85","0","0"
"40-49 years","Long","52","0","5"
"50-59 years","Long","49","1","6"
"60-69 years","Long","44","1","3"
"70-79 years","Long","21","3","7"
"80 & Older years","Long","10","0","3"
"<1 years","Long","3","0","0"
"Unknown years","Long","7","0","0"
"01-04 years","Lowndes","93","0","0"
"05-09 years","Lowndes","133","0","0"
"10-17 years","Lowndes","465","0","5"
"18-29 years","Lowndes","1818","3","23"
"30-39 years","Lowndes","906","0","14"
"40-49 years","Lowndes","791","1","34"
"50-59 years","Lowndes","665","6","43"
"60-69 years","Lowndes","459","19","50"
"70-79 years","Lowndes","241","31","39"
"80 & Older years","Lowndes","149","37","42"
"<1 years","Lowndes","20","0","0"
"Unknown years","Lowndes","15","0","0"
"01-04 years","Lumpkin","7","0","0"
"05-09 years","Lumpkin","19","0","1"
"10-17 years","Lumpkin","81","0","2"
"18-29 years","Lumpkin","418","0","7"
"30-39 years","Lumpkin","189","0","5"
"40-49 years","Lumpkin","184","0","13"
"50-59 years","Lumpkin","213","2","22"
"60-69 years","Lumpkin","227","6","32"
"70-79 years","Lumpkin","155","5","34"
"80 & Older years","Lumpkin","69","6","33"
"<1 years","Lumpkin","7","0","1"
"Unknown years","Lumpkin","25","0","1"
"01-04 years","Macon","7","0","0"
"05-09 years","Macon","6","0","0"
"10-17 years","Macon","13","0","0"
"18-29 years","Macon","51","0","3"
"30-39 years","Macon","43","0","3"
"40-49 years","Macon","56","1","6"
"50-59 years","Macon","70","3","10"
"60-69 years","Macon","39","5","18"
"70-79 years","Macon","35","2","13"
"80 & Older years","Macon","12","4","6"
"<1 years","Macon","1","0","0"
"01-04 years","Madison","19","0","0"
"05-09 years","Madison","26","0","0"
"10-17 years","Madison","128","0","0"
"18-29 years","Madison","253","0","1"
"30-39 years","Madison","207","0","5"
"40-49 years","Madison","212","0","11"
"50-59 years","Madison","232","1","18"
"60-69 years","Madison","153","4","22"
"70-79 years","Madison","75","7","23"
"80 & Older years","Madison","28","3","3"
"<1 years","Madison","9","0","2"
"Unknown years","Madison","7","0","0"
"01-04 years","Marion","4","0","0"
"05-09 years","Marion","4","0","0"
"10-17 years","Marion","20","0","0"
"18-29 years","Marion","41","0","0"
"30-39 years","Marion","23","0","2"
"40-49 years","Marion","40","1","5"
"50-59 years","Marion","36","3","5"
"60-69 years","Marion","29","3","3"
"70-79 years","Marion","20","1","5"
"80 & Older years","Marion","18","2","6"
"<1 years","Marion","1","0","0"
"Unknown years","Marion","2","0","0"
"01-04 years","McDuffie","9","0","0"
"05-09 years","McDuffie","11","0","0"
"10-17 years","McDuffie","52","0","0"
"18-29 years","McDuffie","184","0","3"
"30-39 years","McDuffie","132","2","3"
"40-49 years","McDuffie","145","2","11"
"50-59 years","McDuffie","152","2","20"
"60-69 years","McDuffie","113","4","19"
"70-79 years","McDuffie","73","7","31"
"80 & Older years","McDuffie","26","4","13"
"Unknown years","McDuffie","4","0","1"
"05-09 years","McIntosh","5","0","0"
"10-17 years","McIntosh","24","0","0"
"18-29 years","McIntosh","72","0","2"
"30-39 years","McIntosh","58","0","3"
"40-49 years","McIntosh","60","0","4"
"50-59 years","McIntosh","81","0","2"
"60-69 years","McIntosh","53","2","13"
"70-79 years","McIntosh","42","3","11"
"80 & Older years","McIntosh","15","2","3"
"<1 years","McIntosh","1","0","0"
"Unknown years","McIntosh","8","0","0"
"01-04 years","Meriwether","14","0","1"
"05-09 years","Meriwether","14","0","1"
"10-17 years","Meriwether","32","0","0"
"18-29 years","Meriwether","114","0","4"
"30-39 years","Meriwether","105","2","11"
"40-49 years","Meriwether","143","1","12"
"50-59 years","Meriwether","109","1","13"
"60-69 years","Meriwether","97","3","17"
"70-79 years","Meriwether","65","5","20"
"80 & Older years","Meriwether","37","7","9"
"<1 years","Meriwether","2","0","0"
"01-04 years","Miller","4","0","0"
"05-09 years","Miller","3","0","0"
"10-17 years","Miller","36","0","1"
"18-29 years","Miller","70","0","0"
"30-39 years","Miller","65","0","0"
"40-49 years","Miller","52","0","4"
"50-59 years","Miller","80","0","10"
"60-69 years","Miller","46","2","3"
"70-79 years","Miller","16","0","1"
"80 & Older years","Miller","12","0","4"
"<1 years","Miller","3","0","0"
"01-04 years","Mitchell","9","0","0"
"05-09 years","Mitchell","16","0","0"
"10-17 years","Mitchell","54","0","1"
"18-29 years","Mitchell","152","0","7"
"30-39 years","Mitchell","149","1","12"
"40-49 years","Mitchell","151","2","15"
"50-59 years","Mitchell","175","7","44"
"60-69 years","Mitchell","140","12","39"
"70-79 years","Mitchell","87","8","27"
"80 & Older years","Mitchell","63","19","22"
"<1 years","Mitchell","2","0","0"
"Unknown years","Mitchell","15","0","1"
"01-04 years","Monroe","5","0","0"
"05-09 years","Monroe","10","0","1"
"10-17 years","Monroe","55","0","0"
"18-29 years","Monroe","182","0","3"
"30-39 years","Monroe","127","0","5"
"40-49 years","Monroe","159","1","13"
"50-59 years","Monroe","183","3","15"
"60-69 years","Monroe","173","9","30"
"70-79 years","Monroe","99","14","24"
"80 & Older years","Monroe","90","32","21"
"<1 years","Monroe","3","0","1"
"01-04 years","Montgomery","6","0","0"
"05-09 years","Montgomery","3","0","0"
"10-17 years","Montgomery","25","0","1"
"18-29 years","Montgomery","101","0","0"
"30-39 years","Montgomery","67","1","3"
"40-49 years","Montgomery","81","0","2"
"50-59 years","Montgomery","61","1","5"
"60-69 years","Montgomery","51","3","10"
"70-79 years","Montgomery","26","2","5"
"80 & Older years","Montgomery","10","2","2"
"<1 years","Montgomery","1","0","0"
"01-04 years","Morgan","14","0","0"
"05-09 years","Morgan","11","0","0"
"10-17 years","Morgan","52","0","0"
"18-29 years","Morgan","141","0","3"
"30-39 years","Morgan","91","0","5"
"40-49 years","Morgan","103","0","3"
"50-59 years","Morgan","119","0","9"
"60-69 years","Morgan","84","1","7"
"70-79 years","Morgan","36","1","10"
"80 & Older years","Morgan","31","5","13"
"<1 years","Morgan","6","0","0"
"Unknown years","Morgan","2","0","0"
"01-04 years","Murray","33","0","2"
"05-09 years","Murray","42","0","2"
"10-17 years","Murray","206","0","1"
"18-29 years","Murray","476","0","4"
"30-39 years","Murray","311","0","4"
"40-49 years","Murray","384","0","17"
"50-59 years","Murray","338","4","24"
"60-69 years","Murray","228","4","33"
"70-79 years","Murray","145","14","30"
"80 & Older years","Murray","72","14","13"
"<1 years","Murray","13","0","2"
"Unknown years","Murray","3","0","0"
"01-04 years","Muscogee","134","0","5"
"05-09 years","Muscogee","181","0","0"
"10-17 years","Muscogee","458","0","3"
"18-29 years","Muscogee","2004","3","45"
"30-39 years","Muscogee","1271","2","64"
"40-49 years","Muscogee","1094","4","70"
"50-59 years","Muscogee","1106","26","154"
"60-69 years","Muscogee","856","46","185"
"70-79 years","Muscogee","456","54","130"
"80 & Older years","Muscogee","261","61","114"
"<1 years","Muscogee","49","0","2"
"Unknown years","Muscogee","26","0","0"
"01-04 years","Newton","45","0","2"
"05-09 years","Newton","56","0","0"
"10-17 years","Newton","239","0","4"
"18-29 years","Newton","802","1","22"
"30-39 years","Newton","650","0","39"
"40-49 years","Newton","759","1","68"
"50-59 years","Newton","686","8","83"
"60-69 years","Newton","384","18","65"
"70-79 years","Newton","267","30","55"
"80 & Older years","Newton","196","53","51"
"<1 years","Newton","17","0","1"
"Unknown years","Newton","8","0","0"
"01-04 years","Non-GA Resident/Unknown State","203","0","2"
"05-09 years","Non-GA Resident/Unknown State","345","0","4"
"10-17 years","Non-GA Resident/Unknown State","1185","0","7"
"18-29 years","Non-GA Resident/Unknown State","4891","4","52"
"30-39 years","Non-GA Resident/Unknown State","3220","3","63"
"40-49 years","Non-GA Resident/Unknown State","2770","8","71"
"50-59 years","Non-GA Resident/Unknown State","2598","23","140"
"60-69 years","Non-GA Resident/Unknown State","1733","63","176"
"70-79 years","Non-GA Resident/Unknown State","1078","65","176"
"80 & Older years","Non-GA Resident/Unknown State","624","75","125"
"<1 years","Non-GA Resident/Unknown State","109","0","2"
"Unknown years","Non-GA Resident/Unknown State","689","0","3"
"01-04 years","Oconee","10","0","0"
"05-09 years","Oconee","22","0","0"
"10-17 years","Oconee","103","0","0"
"18-29 years","Oconee","312","0","3"
"30-39 years","Oconee","161","0","2"
"40-49 years","Oconee","218","0","10"
"50-59 years","Oconee","200","2","6"
"60-69 years","Oconee","134","9","20"
"70-79 years","Oconee","85","9","18"
"80 & Older years","Oconee","69","15","29"
"<1 years","Oconee","4","0","0"
"01-04 years","Oglethorpe","10","0","0"
"05-09 years","Oglethorpe","15","0","0"
"10-17 years","Oglethorpe","56","0","0"
"18-29 years","Oglethorpe","107","0","1"
"30-39 years","Oglethorpe","72","0","0"
"40-49 years","Oglethorpe","97","0","5"
"50-59 years","Oglethorpe","85","1","13"
"60-69 years","Oglethorpe","76","0","11"
"70-79 years","Oglethorpe","52","3","10"
"80 & Older years","Oglethorpe","42","9","12"
"<1 years","Oglethorpe","5","0","0"
"Unknown years","Oglethorpe","2","0","0"
"01-04 years","Paulding","60","0","1"
"05-09 years","Paulding","121","0","0"
"10-17 years","Paulding","441","0","6"
"18-29 years","Paulding","1029","0","12"
"30-39 years","Paulding","776","1","19"
"40-49 years","Paulding","885","3","17"
"50-59 years","Paulding","831","10","36"
"60-69 years","Paulding","437","15","39"
"70-79 years","Paulding","264","24","45"
"80 & Older years","Paulding","182","40","28"
"<1 years","Paulding","14","0","0"
"Unknown years","Paulding","28","0","0"
"01-04 years","Peach","10","0","1"
"05-09 years","Peach","13","0","0"
"10-17 years","Peach","36","0","1"
"18-29 years","Peach","232","1","7"
"30-39 years","Peach","184","0","11"
"40-49 years","Peach","145","2","12"
"50-59 years","Peach","182","4","27"
"60-69 years","Peach","151","7","32"
"70-79 years","Peach","65","6","19"
"80 & Older years","Peach","38","9","16"
"<1 years","Peach","4","0","0"
"Unknown years","Peach","2","0","0"
"01-04 years","Pickens","16","0","1"
"05-09 years","Pickens","23","0","0"
"10-17 years","Pickens","76","0","0"
"18-29 years","Pickens","210","0","5"
"30-39 years","Pickens","161","0","6"
"40-49 years","Pickens","215","0","10"
"50-59 years","Pickens","223","0","13"
"60-69 years","Pickens","181","0","17"
"70-79 years","Pickens","117","7","25"
"80 & Older years","Pickens","50","7","16"
"<1 years","Pickens","1","0","0"
"Unknown years","Pickens","5","0","0"
"01-04 years","Pierce","6","0","0"
"05-09 years","Pierce","16","0","0"
"10-17 years","Pierce","57","1","1"
"18-29 years","Pierce","152","0","4"
"30-39 years","Pierce","103","0","3"
"40-49 years","Pierce","132","0","12"
"50-59 years","Pierce","119","3","14"
"60-69 years","Pierce","98","8","28"
"70-79 years","Pierce","71","7","23"
"80 & Older years","Pierce","37","8","9"
"<1 years","Pierce","4","0","1"
"Unknown years","Pierce","7","0","0"
"01-04 years","Pike","14","0","0"
"05-09 years","Pike","11","0","0"
"10-17 years","Pike","53","0","0"
"18-29 years","Pike","81","0","3"
"30-39 years","Pike","77","0","2"
"40-49 years","Pike","105","1","6"
"50-59 years","Pike","83","2","6"
"60-69 years","Pike","65","1","12"
"70-79 years","Pike","52","5","13"
"80 & Older years","Pike","13","3","4"
"<1 years","Pike","1","0","0"
"Unknown years","Pike","2","0","0"
"01-04 years","Polk","27","0","1"
"05-09 years","Polk","42","0","0"
"10-17 years","Polk","193","0","1"
"18-29 years","Polk","484","0","5"
"30-39 years","Polk","341","0","7"
"40-49 years","Polk","353","1","25"
"50-59 years","Polk","339","6","44"
"60-69 years","Polk","184","9","45"
"70-79 years","Polk","177","13","50"
"80 & Older years","Polk","80","11","29"
"<1 years","Polk","6","0","0"
"Unknown years","Polk","20","0","0"
"05-09 years","Pulaski","6","0","0"
"10-17 years","Pulaski","27","0","1"
"18-29 years","Pulaski","48","0","1"
"30-39 years","Pulaski","60","0","2"
"40-49 years","Pulaski","61","0","6"
"50-59 years","Pulaski","70","0","6"
"60-69 years","Pulaski","68","5","8"
"70-79 years","Pulaski","40","11","14"
"80 & Older years","Pulaski","34","9","4"
"<1 years","Pulaski","1","0","0"
"01-04 years","Putnam","11","0","0"
"05-09 years","Putnam","34","0","0"
"10-17 years","Putnam","63","0","1"
"18-29 years","Putnam","180","0","2"
"30-39 years","Putnam","129","0","5"
"40-49 years","Putnam","141","1","5"
"50-59 years","Putnam","163","2","11"
"60-69 years","Putnam","149","8","19"
"70-79 years","Putnam","114","9","26"
"80 & Older years","Putnam","54","10","18"
"<1 years","Putnam","6","0","1"
"01-04 years","Quitman","1","0","0"
"05-09 years","Quitman","1","0","0"
"10-17 years","Quitman","2","0","0"
"18-29 years","Quitman","7","0","0"
"30-39 years","Quitman","4","0","1"
"40-49 years","Quitman","3","0","1"
"50-59 years","Quitman","8","0","0"
"60-69 years","Quitman","18","1","3"
"70-79 years","Quitman","2","0","1"
"80 & Older years","Quitman","2","0","1"
"01-04 years","Rabun","9","0","0"
"05-09 years","Rabun","11","0","0"
"10-17 years","Rabun","60","0","0"
"18-29 years","Rabun","133","0","5"
"30-39 years","Rabun","113","1","6"
"40-49 years","Rabun","102","0","5"
"50-59 years","Rabun","119","0","14"
"60-69 years","Rabun","131","2","23"
"70-79 years","Rabun","88","6","21"
"80 & Older years","Rabun","41","6","16"
"<1 years","Rabun","4","0","1"
"Unknown years","Rabun","28","0","1"
"05-09 years","Randolph","2","0","0"
"10-17 years","Randolph","4","0","0"
"18-29 years","Randolph","43","0","0"
"30-39 years","Randolph","52","2","3"
"40-49 years","Randolph","38","0","4"
"50-59 years","Randolph","75","3","16"
"60-69 years","Randolph","54","7","14"
"70-79 years","Randolph","32","3","10"
"80 & Older years","Randolph","46","15","16"
"<1 years","Randolph","1","0","0"
"Unknown years","Randolph","2","0","0"
"01-04 years","Richmond","128","0","0"
"05-09 years","Richmond","269","0","3"
"10-17 years","Richmond","753","0","6"
"18-29 years","Richmond","2672","4","39"
"30-39 years","Richmond","1989","3","54"
"40-49 years","Richmond","1653","16","80"
"50-59 years","Richmond","1628","18","134"
"60-69 years","Richmond","1134","36","141"
"70-79 years","Richmond","650","46","173"
"80 & Older years","Richmond","427","87","185"
"<1 years","Richmond","53","0","2"
"Unknown years","Richmond","27","0","0"
"01-04 years","Rockdale","34","0","0"
"05-09 years","Rockdale","65","0","0"
"10-17 years","Rockdale","182","0","6"
"18-29 years","Rockdale","640","2","38"
"30-39 years","Rockdale","506","2","52"
"40-49 years","Rockdale","580","4","68"
"50-59 years","Rockdale","554","5","86"
"60-69 years","Rockdale","337","12","82"
"70-79 years","Rockdale","179","19","71"
"80 & Older years","Rockdale","87","18","36"
"<1 years","Rockdale","4","0","0"
"Unknown years","Rockdale","2","0","0"
"01-04 years","Schley","4","0","0"
"05-09 years","Schley","3","0","0"
"10-17 years","Schley","12","0","0"
"18-29 years","Schley","36","0","2"
"30-39 years","Schley","13","0","0"
"40-49 years","Schley","21","0","2"
"50-59 years","Schley","24","0","3"
"60-69 years","Schley","21","1","8"
"70-79 years","Schley","8","0","2"
"80 & Older years","Schley","3","1","1"
"<1 years","Schley","1","0","0"
"01-04 years","Screven","2","0","0"
"05-09 years","Screven","9","0","0"
"10-17 years","Screven","41","0","0"
"18-29 years","Screven","90","0","3"
"30-39 years","Screven","61","0","2"
"40-49 years","Screven","67","1","4"
"50-59 years","Screven","64","0","10"
"60-69 years","Screven","81","1","13"
"70-79 years","Screven","42","3","11"
"80 & Older years","Screven","31","6","8"
"<1 years","Screven","2","0","0"
"Unknown years","Screven","1","0","0"
"01-04 years","Seminole","12","0","0"
"05-09 years","Seminole","10","0","0"
"10-17 years","Seminole","47","0","0"
"18-29 years","Seminole","74","0","0"
"30-39 years","Seminole","60","0","0"
"40-49 years","Seminole","75","0","4"
"50-59 years","Seminole","88","1","6"
"60-69 years","Seminole","90","1","13"
"70-79 years","Seminole","52","5","11"
"80 & Older years","Seminole","22","5","10"
"<1 years","Seminole","2","0","0"
"01-04 years","Spalding","33","0","0"
"05-09 years","Spalding","30","0","1"
"10-17 years","Spalding","114","0","2"
"18-29 years","Spalding","393","1","18"
"30-39 years","Spalding","342","2","22"
"40-49 years","Spalding","351","2","26"
"50-59 years","Spalding","377","6","52"
"60-69 years","Spalding","300","15","51"
"70-79 years","Spalding","190","24","48"
"80 & Older years","Spalding","152","31","42"
"<1 years","Spalding","4","0","0"
"Unknown years","Spalding","5","0","0"
"01-04 years","Stephens","10","0","0"
"05-09 years","Stephens","28","0","0"
"10-17 years","Stephens","106","0","1"
"18-29 years","Stephens","341","0","10"
"30-39 years","Stephens","203","0","7"
"40-49 years","Stephens","270","1","20"
"50-59 years","Stephens","306","3","25"
"60-69 years","Stephens","295","13","47"
"70-79 years","Stephens","210","14","38"
"80 & Older years","Stephens","125","17","26"
"<1 years","Stephens","2","0","0"
"Unknown years","Stephens","19","0","0"
"01-04 years","Stewart","2","0","0"
"05-09 years","Stewart","2","0","0"
"10-17 years","Stewart","9","0","0"
"18-29 years","Stewart","124","0","20"
"30-39 years","Stewart","169","1","25"
"40-49 years","Stewart","120","1","22"
"50-59 years","Stewart","64","1","11"
"60-69 years","Stewart","54","8","23"
"70-79 years","Stewart","21","2","3"
"80 & Older years","Stewart","18","4","6"
"<1 years","Stewart","1","0","0"
"Unknown years","Stewart","14","0","4"
"01-04 years","Sumter","12","0","0"
"05-09 years","Sumter","18","0","0"
"10-17 years","Sumter","36","0","2"
"18-29 years","Sumter","211","1","8"
"30-39 years","Sumter","181","1","19"
"40-49 years","Sumter","153","3","18"
"50-59 years","Sumter","188","2","37"
"60-69 years","Sumter","182","20","58"
"70-79 years","Sumter","125","20","39"
"80 & Older years","Sumter","79","23","37"
"<1 years","Sumter","5","0","0"
"Unknown years","Sumter","5","0","0"
"01-04 years","Talbot","4","0","0"
"05-09 years","Talbot","1","0","0"
"10-17 years","Talbot","20","0","0"
"18-29 years","Talbot","29","0","1"
"30-39 years","Talbot","19","0","1"
"40-49 years","Talbot","44","1","4"
"50-59 years","Talbot","35","2","5"
"60-69 years","Talbot","34","2","9"
"70-79 years","Talbot","21","2","3"
"80 & Older years","Talbot","15","2","8"
"Unknown years","Talbot","1","0","0"
"05-09 years","Taliaferro","1","0","0"
"10-17 years","Taliaferro","2","0","0"
"18-29 years","Taliaferro","5","0","0"
"30-39 years","Taliaferro","5","0","0"
"40-49 years","Taliaferro","13","0","1"
"50-59 years","Taliaferro","7","0","0"
"60-69 years","Taliaferro","5","0","0"
"70-79 years","Taliaferro","5","0","0"
"80 & Older years","Taliaferro","1","0","1"
"01-04 years","Tattnall","21","0","0"
"05-09 years","Tattnall","29","0","0"
"10-17 years","Tattnall","99","0","0"
"18-29 years","Tattnall","227","0","1"
"30-39 years","Tattnall","164","0","3"
"40-49 years","Tattnall","179","0","6"
"50-59 years","Tattnall","185","3","17"
"60-69 years","Tattnall","141","6","20"
"70-79 years","Tattnall","65","9","26"
"80 & Older years","Tattnall","25","4","7"
"<1 years","Tattnall","4","0","0"
"Unknown years","Tattnall","7","0","1"
"01-04 years","Taylor","10","0","0"
"05-09 years","Taylor","8","0","0"
"10-17 years","Taylor","38","0","1"
"18-29 years","Taylor","57","0","0"
"30-39 years","Taylor","26","0","3"
"40-49 years","Taylor","54","1","4"
"50-59 years","Taylor","45","0","8"
"60-69 years","Taylor","30","5","10"
"70-79 years","Taylor","27","2","8"
"80 & Older years","Taylor","20","5","6"
"<1 years","Taylor","3","0","0"
"01-04 years","Telfair","6","0","0"
"05-09 years","Telfair","8","0","0"
"10-17 years","Telfair","12","0","0"
"18-29 years","Telfair","115","0","2"
"30-39 years","Telfair","72","0","1"
"40-49 years","Telfair","83","0","5"
"50-59 years","Telfair","77","4","9"
"60-69 years","Telfair","86","6","15"
"70-79 years","Telfair","58","9","16"
"80 & Older years","Telfair","35","12","7"
"<1 years","Telfair","3","0","0"
"Unknown years","Telfair","1","0","0"
"01-04 years","Terrell","4","0","0"
"05-09 years","Terrell","4","0","0"
"10-17 years","Terrell","26","0","0"
"18-29 years","Terrell","50","0","1"
"30-39 years","Terrell","62","0","8"
"40-49 years","Terrell","47","0","7"
"50-59 years","Terrell","67","3","8"
"60-69 years","Terrell","73","9","25"
"70-79 years","Terrell","49","12","22"
"80 & Older years","Terrell","33","9","11"
"01-04 years","Thomas","29","0","0"
"05-09 years","Thomas","42","0","0"
"10-17 years","Thomas","144","0","1"
"18-29 years","Thomas","359","1","13"
"30-39 years","Thomas","307","0","12"
"40-49 years","Thomas","308","4","20"
"50-59 years","Thomas","312","4","24"
"60-69 years","Thomas","265","9","55"
"70-79 years","Thomas","170","26","40"
"80 & Older years","Thomas","98","34","34"
"<1 years","Thomas","8","0","1"
"Unknown years","Thomas","15","0","0"
"01-04 years","Tift","23","0","0"
"05-09 years","Tift","47","0","3"
"10-17 years","Tift","193","0","5"
"18-29 years","Tift","656","0","12"
"30-39 years","Tift","429","1","21"
"40-49 years","Tift","429","6","44"
"50-59 years","Tift","366","9","52"
"60-69 years","Tift","256","13","51"
"70-79 years","Tift","181","21","59"
"80 & Older years","Tift","90","19","40"
"<1 years","Tift","9","0","0"
"Unknown years","Tift","8","0","0"
"01-04 years","Toombs","20","0","0"
"05-09 years","Toombs","39","0","0"
"10-17 years","Toombs","138","0","1"
"18-29 years","Toombs","358","0","5"
"30-39 years","Toombs","276","0","3"
"40-49 years","Toombs","278","1","18"
"50-59 years","Toombs","249","6","18"
"60-69 years","Toombs","203","4","34"
"70-79 years","Toombs","153","23","32"
"80 & Older years","Toombs","100","27","22"
"<1 years","Toombs","1","0","0"
"Unknown years","Toombs","13","0","0"
"01-04 years","Towns","2","0","0"
"05-09 years","Towns","5","0","0"
"10-17 years","Towns","26","0","0"
"18-29 years","Towns","93","0","2"
"30-39 years","Towns","54","0","2"
"40-49 years","Towns","66","1","5"
"50-59 years","Towns","97","2","9"
"60-69 years","Towns","127","1","11"
"70-79 years","Towns","104","6","24"
"80 & Older years","Towns","70","14","30"
"Unknown years","Towns","3","0","0"
"01-04 years","Treutlen","3","0","0"
"05-09 years","Treutlen","8","0","0"
"10-17 years","Treutlen","26","0","0"
"18-29 years","Treutlen","57","0","2"
"30-39 years","Treutlen","51","0","3"
"40-49 years","Treutlen","66","0","5"
"50-59 years","Treutlen","56","1","5"
"60-69 years","Treutlen","39","3","9"
"70-79 years","Treutlen","31","7","6"
"80 & Older years","Treutlen","21","4","5"
"01-04 years","Troup","93","0","0"
"05-09 years","Troup","114","0","0"
"10-17 years","Troup","307","0","2"
"18-29 years","Troup","793","0","24"
"30-39 years","Troup","588","5","37"
"40-49 years","Troup","505","2","44"
"50-59 years","Troup","526","12","84"
"60-69 years","Troup","376","17","77"
"70-79 years","Troup","186","30","68"
"80 & Older years","Troup","163","54","49"
"<1 years","Troup","29","0","1"
"Unknown years","Troup","4","0","0"
"01-04 years","Turner","1","0","0"
"05-09 years","Turner","5","0","0"
"10-17 years","Turner","15","0","0"
"18-29 years","Turner","59","0","1"
"30-39 years","Turner","79","0","6"
"40-49 years","Turner","73","0","4"
"50-59 years","Turner","77","2","8"
"60-69 years","Turner","61","6","18"
"70-79 years","Turner","35","5","10"
"80 & Older years","Turner","26","11","8"
"<1 years","Turner","1","0","1"
"Unknown years","Turner","1","0","0"
"01-04 years","Twiggs","6","0","0"
"05-09 years","Twiggs","4","0","1"
"10-17 years","Twiggs","14","0","0"
"18-29 years","Twiggs","40","0","1"
"30-39 years","Twiggs","40","1","4"
"40-49 years","Twiggs","40","1","7"
"50-59 years","Twiggs","53","2","9"
"60-69 years","Twiggs","60","3","21"
"70-79 years","Twiggs","30","4","14"
"80 & Older years","Twiggs","12","4","7"
"01-04 years","Union","5","0","0"
"05-09 years","Union","12","0","0"
"10-17 years","Union","42","0","1"
"18-29 years","Union","154","1","1"
"30-39 years","Union","130","0","2"
"40-49 years","Union","147","0","11"
"50-59 years","Union","183","4","11"
"60-69 years","Union","215","4","30"
"70-79 years","Union","193","13","34"
"80 & Older years","Union","141","18","32"
"<1 years","Union","1","0","0"
"Unknown years","Union","9","0","0"
"01-04 years","Unknown","18","0","0"
"05-09 years","Unknown","54","0","0"
"10-17 years","Unknown","187","0","0"
"18-29 years","Unknown","749","0","3"
"30-39 years","Unknown","390","1","4"
"40-49 years","Unknown","362","0","2"
"50-59 years","Unknown","315","2","8"
"60-69 years","Unknown","202","0","4"
"70-79 years","Unknown","125","0","9"
"80 & Older years","Unknown","67","0","7"
"<1 years","Unknown","24","0","1"
"Unknown years","Unknown","162","0","3"
"01-04 years","Upson","20","0","0"
"05-09 years","Upson","27","0","0"
"10-17 years","Upson","65","0","1"
"18-29 years","Upson","160","0","5"
"30-39 years","Upson","106","1","5"
"40-49 years","Upson","136","1","8"
"50-59 years","Upson","171","4","16"
"60-69 years","Upson","151","15","23"
"70-79 years","Upson","105","25","29"
"80 & Older years","Upson","78","26","23"
"<1 years","Upson","8","0","0"
"Unknown years","Upson","5","0","0"
"01-04 years","Walker","38","0","0"
"05-09 years","Walker","65","0","0"
"10-17 years","Walker","282","0","3"
"18-29 years","Walker","575","0","5"
"30-39 years","Walker","447","0","8"
"40-49 years","Walker","521","3","19"
"50-59 years","Walker","467","1","22"
"60-69 years","Walker","404","10","41"
"70-79 years","Walker","272","21","27"
"80 & Older years","Walker","140","18","17"
"<1 years","Walker","19","0","0"
"Unknown years","Walker","63","0","5"
"01-04 years","Walton","33","0","0"
"05-09 years","Walton","69","0","1"
"10-17 years","Walton","289","0","3"
"18-29 years","Walton","670","0","19"
"30-39 years","Walton","528","0","17"
"40-49 years","Walton","590","1","36"
"50-59 years","Walton","601","5","46"
"60-69 years","Walton","401","12","52"
"70-79 years","Walton","287","23","68"
"80 & Older years","Walton","208","43","55"
"<1 years","Walton","9","0","1"
"Unknown years","Walton","5","0","0"
"01-04 years","Ware","42","0","1"
"05-09 years","Ware","44","0","0"
"10-17 years","Ware","163","0","2"
"18-29 years","Ware","396","1","5"
"30-39 years","Ware","320","0","14"
"40-49 years","Ware","251","2","22"
"50-59 years","Ware","282","6","41"
"60-69 years","Ware","205","8","43"
"70-79 years","Ware","177","27","65"
"80 & Older years","Ware","118","28","34"
"<1 years","Ware","12","0","1"
"Unknown years","Ware","6","0","1"
"01-04 years","Warren","4","0","0"
"05-09 years","Warren","2","0","0"
"10-17 years","Warren","10","0","0"
"18-29 years","Warren","34","0","2"
"30-39 years","Warren","30","0","2"
"40-49 years","Warren","29","1","4"
"50-59 years","Warren","39","1","6"
"60-69 years","Warren","25","2","6"
"70-79 years","Warren","18","1","7"
"80 & Older years","Warren","10","1","2"
"<1 years","Warren","2","0","1"
"Unknown years","Warren","2","0","0"
"01-04 years","Washington","13","0","0"
"05-09 years","Washington","13","0","0"
"10-17 years","Washington","76","0","1"
"18-29 years","Washington","176","0","6"
"30-39 years","Washington","167","0","8"
"40-49 years","Washington","189","2","9"
"50-59 years","Washington","154","1","12"
"60-69 years","Washington","142","7","17"
"70-79 years","Washington","87","4","12"
"80 & Older years","Washington","53","10","7"
"<1 years","Washington","7","0","0"
"Unknown years","Washington","5","0","0"
"01-04 years","Wayne","22","0","0"
"05-09 years","Wayne","12","0","0"
"10-17 years","Wayne","79","0","0"
"18-29 years","Wayne","263","1","6"
"30-39 years","Wayne","274","0","5"
"40-49 years","Wayne","305","1","24"
"50-59 years","Wayne","252","4","20"
"60-69 years","Wayne","185","10","41"
"70-79 years","Wayne","165","16","47"
"80 & Older years","Wayne","76","13","14"
"<1 years","Wayne","2","0","0"
"Unknown years","Wayne","3","0","0"
"10-17 years","Webster","1","0","0"
"18-29 years","Webster","10","0","1"
"30-39 years","Webster","3","0","0"
"40-49 years","Webster","8","0","2"
"50-59 years","Webster","11","2","4"
"60-69 years","Webster","11","0","3"
"70-79 years","Webster","4","0","0"
"Unknown years","Webster","2","0","0"
"05-09 years","Wheeler","2","0","0"
"10-17 years","Wheeler","12","0","0"
"18-29 years","Wheeler","38","0","0"
"30-39 years","Wheeler","62","2","2"
"40-49 years","Wheeler","70","1","3"
"50-59 years","Wheeler","78","5","7"
"60-69 years","Wheeler","48","3","5"
"70-79 years","Wheeler","35","4","8"
"80 & Older years","Wheeler","8","3","1"
"<1 years","Wheeler","1","0","0"
"Unknown years","Wheeler","24","0","1"
"01-04 years","White","9","0","0"
"05-09 years","White","28","0","0"
"10-17 years","White","138","0","1"
"18-29 years","White","265","1","5"
"30-39 years","White","194","1","6"
"40-49 years","White","227","1","12"
"50-59 years","White","270","2","29"
"60-69 years","White","246","4","38"
"70-79 years","White","197","6","41"
"80 & Older years","White","104","15","38"
"<1 years","White","5","0","0"
"Unknown years","White","25","0","1"
"01-04 years","Whitfield","132","0","2"
"05-09 years","Whitfield","243","0","3"
"10-17 years","Whitfield","861","0","3"
"18-29 years","Whitfield","2343","0","33"
"30-39 years","Whitfield","1505","1","39"
"40-49 years","Whitfield","1580","3","55"
"50-59 years","Whitfield","1350","14","76"
"60-69 years","Whitfield","816","21","93"
"70-79 years","Whitfield","434","25","80"
"80 & Older years","Whitfield","263","42","76"
"<1 years","Whitfield","49","0","4"
"Unknown years","Whitfield","13","0","1"
"01-04 years","Wilcox","9","0","0"
"05-09 years","Wilcox","8","0","0"
"10-17 years","Wilcox","18","0","0"
"18-29 years","Wilcox","23","0","0"
"30-39 years","Wilcox","29","0","1"
"40-49 years","Wilcox","56","0","12"
"50-59 years","Wilcox","54","1","10"
"60-69 years","Wilcox","69","8","22"
"70-79 years","Wilcox","42","9","9"
"80 & Older years","Wilcox","22","7","6"
"<1 years","Wilcox","2","0","0"
"01-04 years","Wilkes","5","0","0"
"05-09 years","Wilkes","9","0","0"
"10-17 years","Wilkes","36","0","0"
"18-29 years","Wilkes","75","0","0"
"30-39 years","Wilkes","52","0","4"
"40-49 years","Wilkes","72","0","8"
"50-59 years","Wilkes","68","1","3"
"60-69 years","Wilkes","42","0","9"
"70-79 years","Wilkes","41","3","15"
"80 & Older years","Wilkes","17","4","10"
"<1 years","Wilkes","1","0","0"
"01-04 years","Wilkinson","4","0","0"
"05-09 years","Wilkinson","8","0","0"
"10-17 years","Wilkinson","14","0","0"
"18-29 years","Wilkinson","76","0","3"
"30-39 years","Wilkinson","52","0","5"
"40-49 years","Wilkinson","54","0","4"
"50-59 years","Wilkinson","102","3","19"
"60-69 years","Wilkinson","95","5","26"
"70-79 years","Wilkinson","39","6","17"
"80 & Older years","Wilkinson","28","4","12"
"01-04 years","Worth","8","0","0"
"05-09 years","Worth","6","0","0"
"10-17 years","Worth","46","0","3"
"18-29 years","Worth","121","0","6"
"30-39 years","Worth","91","0","8"
"40-49 years","Worth","103","1","12"
"50-59 years","Worth","128","4","21"
"60-69 years","Worth","126","14","37"
"70-79 years","Worth","76","9","20"
"80 & Older years","Worth","51","9","14"
"<1 years","Worth","3","0","0"
"Unknown years","Worth","3","0","0"
