"age group","county name","cases","deaths","hospitalization"
"01-04 years","Georgia","3731","1","83"
"05-09 years","Georgia","5435","1","58"
"10-17 years","Georgia","19113","4","262"
"18-29 years","Georgia","81781","57","1957"
"30-39 years","Georgia","53211","123","2637"
"40-49 years","Georgia","50595","278","3757"
"50-59 years","Georgia","46554","682","5268"
"60-69 years","Georgia","31236","1416","5898"
"70-79 years","Georgia","18169","1949","5034"
"80 & Older years","Georgia","11938","2715","4079"
"<1 years","Georgia","1180","0","67"
"Unknown years","Georgia","1707","3","54"
"01-04 years","Appling","15","0","0"
"05-09 years","Appling","31","0","0"
"10-17 years","Appling","84","0","1"
"18-29 years","Appling","208","0","4"
"30-39 years","Appling","152","1","4"
"40-49 years","Appling","152","1","11"
"50-59 years","Appling","164","6","16"
"60-69 years","Appling","130","5","26"
"70-79 years","Appling","92","10","22"
"80 & Older years","Appling","41","10","14"
"<1 years","Appling","1","0","0"
"Unknown years","Appling","2","0","0"
"01-04 years","Atkinson","3","0","1"
"05-09 years","Atkinson","11","0","1"
"10-17 years","Atkinson","21","0","0"
"18-29 years","Atkinson","100","0","7"
"30-39 years","Atkinson","74","0","6"
"40-49 years","Atkinson","80","0","11"
"50-59 years","Atkinson","78","0","12"
"60-69 years","Atkinson","45","2","10"
"70-79 years","Atkinson","25","1","5"
"80 & Older years","Atkinson","8","1","5"
"<1 years","Atkinson","2","0","0"
"Unknown years","Atkinson","2","0","0"
"01-04 years","Bacon","11","0","0"
"05-09 years","Bacon","12","0","0"
"10-17 years","Bacon","41","0","0"
"18-29 years","Bacon","157","0","1"
"30-39 years","Bacon","79","0","2"
"40-49 years","Bacon","102","1","6"
"50-59 years","Bacon","88","2","12"
"60-69 years","Bacon","56","4","12"
"70-79 years","Bacon","36","3","8"
"80 & Older years","Bacon","21","4","6"
"<1 years","Bacon","4","0","0"
"Unknown years","Bacon","2","0","0"
"01-04 years","Baker","4","0","0"
"05-09 years","Baker","3","0","0"
"10-17 years","Baker","4","0","0"
"18-29 years","Baker","15","0","0"
"30-39 years","Baker","11","0","2"
"40-49 years","Baker","7","0","1"
"50-59 years","Baker","13","0","1"
"60-69 years","Baker","13","2","6"
"70-79 years","Baker","11","0","8"
"80 & Older years","Baker","3","2","2"
"01-04 years","Baldwin","9","0","0"
"05-09 years","Baldwin","24","0","0"
"10-17 years","Baldwin","71","0","1"
"18-29 years","Baldwin","870","0","7"
"30-39 years","Baldwin","215","1","10"
"40-49 years","Baldwin","257","2","24"
"50-59 years","Baldwin","259","7","34"
"60-69 years","Baldwin","219","11","38"
"70-79 years","Baldwin","138","17","32"
"80 & Older years","Baldwin","86","20","21"
"<1 years","Baldwin","3","0","0"
"01-04 years","Banks","4","0","0"
"05-09 years","Banks","6","0","0"
"10-17 years","Banks","35","0","0"
"18-29 years","Banks","88","0","3"
"30-39 years","Banks","61","0","0"
"40-49 years","Banks","68","0","9"
"50-59 years","Banks","74","0","7"
"60-69 years","Banks","68","1","14"
"70-79 years","Banks","48","3","18"
"80 & Older years","Banks","43","4","16"
"<1 years","Banks","2","0","0"
"Unknown years","Banks","8","0","1"
"01-04 years","Barrow","25","0","0"
"05-09 years","Barrow","41","0","0"
"10-17 years","Barrow","117","0","1"
"18-29 years","Barrow","529","1","20"
"30-39 years","Barrow","391","0","22"
"40-49 years","Barrow","422","2","36"
"50-59 years","Barrow","334","2","41"
"60-69 years","Barrow","210","9","52"
"70-79 years","Barrow","135","10","37"
"80 & Older years","Barrow","91","24","38"
"<1 years","Barrow","8","0","1"
"Unknown years","Barrow","7","0","0"
"01-04 years","Bartow","25","0","1"
"05-09 years","Bartow","49","0","1"
"10-17 years","Bartow","216","0","1"
"18-29 years","Bartow","642","0","8"
"30-39 years","Bartow","489","2","23"
"40-49 years","Bartow","467","0","27"
"50-59 years","Bartow","475","5","55"
"60-69 years","Bartow","291","13","59"
"70-79 years","Bartow","205","26","66"
"80 & Older years","Bartow","156","42","58"
"<1 years","Bartow","12","0","1"
"Unknown years","Bartow","14","0","4"
"01-04 years","Ben Hill","19","0","1"
"05-09 years","Ben Hill","16","0","0"
"10-17 years","Ben Hill","53","0","0"
"18-29 years","Ben Hill","134","0","4"
"30-39 years","Ben Hill","130","2","5"
"40-49 years","Ben Hill","101","0","5"
"50-59 years","Ben Hill","131","1","15"
"60-69 years","Ben Hill","114","8","18"
"70-79 years","Ben Hill","80","8","26"
"80 & Older years","Ben Hill","30","7","8"
"<1 years","Ben Hill","2","0","0"
"Unknown years","Ben Hill","2","0","0"
"01-04 years","Berrien","9","0","0"
"05-09 years","Berrien","8","0","0"
"10-17 years","Berrien","26","0","0"
"18-29 years","Berrien","99","0","0"
"30-39 years","Berrien","74","0","0"
"40-49 years","Berrien","65","0","1"
"50-59 years","Berrien","71","0","10"
"60-69 years","Berrien","46","1","4"
"70-79 years","Berrien","34","3","2"
"80 & Older years","Berrien","29","8","6"
"<1 years","Berrien","1","0","0"
"Unknown years","Berrien","1","0","0"
"01-04 years","Bibb","77","0","2"
"05-09 years","Bibb","93","0","0"
"10-17 years","Bibb","266","0","6"
"18-29 years","Bibb","1492","1","53"
"30-39 years","Bibb","983","3","58"
"40-49 years","Bibb","959","9","114"
"50-59 years","Bibb","862","10","135"
"60-69 years","Bibb","711","36","207"
"70-79 years","Bibb","412","52","156"
"80 & Older years","Bibb","274","70","130"
"<1 years","Bibb","26","0","4"
"Unknown years","Bibb","13","0","0"
"01-04 years","Bleckley","1","0","0"
"05-09 years","Bleckley","3","0","0"
"10-17 years","Bleckley","31","0","0"
"18-29 years","Bleckley","113","0","3"
"30-39 years","Bleckley","50","0","1"
"40-49 years","Bleckley","65","1","1"
"50-59 years","Bleckley","62","2","3"
"60-69 years","Bleckley","41","7","9"
"70-79 years","Bleckley","42","2","7"
"80 & Older years","Bleckley","43","9","4"
"<1 years","Bleckley","1","0","0"
"01-04 years","Brantley","2","0","0"
"05-09 years","Brantley","2","0","0"
"10-17 years","Brantley","24","0","1"
"18-29 years","Brantley","71","0","1"
"30-39 years","Brantley","46","0","3"
"40-49 years","Brantley","50","0","3"
"50-59 years","Brantley","65","0","7"
"60-69 years","Brantley","38","1","5"
"70-79 years","Brantley","29","5","8"
"80 & Older years","Brantley","26","4","5"
"Unknown years","Brantley","1","0","0"
"01-04 years","Brooks","13","0","0"
"05-09 years","Brooks","10","0","0"
"10-17 years","Brooks","44","0","0"
"18-29 years","Brooks","104","0","0"
"30-39 years","Brooks","78","0","2"
"40-49 years","Brooks","63","0","8"
"50-59 years","Brooks","81","2","13"
"60-69 years","Brooks","55","5","11"
"70-79 years","Brooks","44","9","15"
"80 & Older years","Brooks","34","10","6"
"<1 years","Brooks","2","0","0"
"01-04 years","Bryan","17","0","0"
"05-09 years","Bryan","25","0","0"
"10-17 years","Bryan","84","0","0"
"18-29 years","Bryan","253","0","7"
"30-39 years","Bryan","214","1","6"
"40-49 years","Bryan","197","0","9"
"50-59 years","Bryan","167","3","14"
"60-69 years","Bryan","110","3","17"
"70-79 years","Bryan","69","2","20"
"80 & Older years","Bryan","36","2","8"
"<1 years","Bryan","5","0","0"
"Unknown years","Bryan","10","0","0"
"01-04 years","Bulloch","32","0","0"
"05-09 years","Bulloch","39","0","0"
"10-17 years","Bulloch","146","0","2"
"18-29 years","Bulloch","1580","0","7"
"30-39 years","Bulloch","307","2","14"
"40-49 years","Bulloch","249","2","17"
"50-59 years","Bulloch","247","1","18"
"60-69 years","Bulloch","166","10","33"
"70-79 years","Bulloch","86","8","23"
"80 & Older years","Bulloch","57","5","19"
"<1 years","Bulloch","9","0","0"
"Unknown years","Bulloch","16","0","0"
"01-04 years","Burke","12","0","0"
"05-09 years","Burke","20","0","0"
"10-17 years","Burke","61","0","1"
"18-29 years","Burke","168","0","4"
"30-39 years","Burke","132","0","4"
"40-49 years","Burke","126","1","6"
"50-59 years","Burke","138","1","22"
"60-69 years","Burke","100","3","25"
"70-79 years","Burke","62","1","17"
"80 & Older years","Burke","21","4","9"
"<1 years","Burke","4","0","0"
"Unknown years","Burke","1","0","0"
"01-04 years","Butts","6","0","0"
"05-09 years","Butts","7","0","0"
"10-17 years","Butts","31","0","0"
"18-29 years","Butts","117","0","2"
"30-39 years","Butts","125","0","4"
"40-49 years","Butts","112","2","9"
"50-59 years","Butts","97","2","13"
"60-69 years","Butts","82","7","15"
"70-79 years","Butts","57","10","8"
"80 & Older years","Butts","65","22","3"
"<1 years","Butts","3","0","0"
"Unknown years","Butts","2","0","0"
"01-04 years","Calhoun","1","0","0"
"10-17 years","Calhoun","9","0","0"
"18-29 years","Calhoun","35","0","4"
"30-39 years","Calhoun","38","2","5"
"40-49 years","Calhoun","54","0","5"
"50-59 years","Calhoun","47","2","9"
"60-69 years","Calhoun","44","2","15"
"70-79 years","Calhoun","12","2","4"
"80 & Older years","Calhoun","9","1","5"
"<1 years","Calhoun","1","0","0"
"01-04 years","Camden","20","0","0"
"05-09 years","Camden","16","0","0"
"10-17 years","Camden","71","0","0"
"18-29 years","Camden","380","0","3"
"30-39 years","Camden","214","0","8"
"40-49 years","Camden","168","1","9"
"50-59 years","Camden","207","1","9"
"60-69 years","Camden","127","5","12"
"70-79 years","Camden","69","0","9"
"80 & Older years","Camden","43","9","11"
"<1 years","Camden","5","0","0"
"Unknown years","Camden","11","0","0"
"01-04 years","Candler","8","0","0"
"05-09 years","Candler","8","0","0"
"10-17 years","Candler","37","0","0"
"18-29 years","Candler","90","0","0"
"30-39 years","Candler","63","0","2"
"40-49 years","Candler","75","2","1"
"50-59 years","Candler","89","4","8"
"60-69 years","Candler","50","5","8"
"70-79 years","Candler","34","7","8"
"80 & Older years","Candler","18","3","6"
"<1 years","Candler","2","0","0"
"Unknown years","Candler","2","0","0"
"01-04 years","Carroll","35","0","0"
"05-09 years","Carroll","39","0","0"
"10-17 years","Carroll","192","0","2"
"18-29 years","Carroll","728","0","7"
"30-39 years","Carroll","422","3","12"
"40-49 years","Carroll","439","3","14"
"50-59 years","Carroll","416","9","34"
"60-69 years","Carroll","274","9","35"
"70-79 years","Carroll","174","24","34"
"80 & Older years","Carroll","132","22","27"
"<1 years","Carroll","11","0","0"
"Unknown years","Carroll","30","0","0"
"01-04 years","Catoosa","18","0","0"
"05-09 years","Catoosa","12","0","0"
"10-17 years","Catoosa","87","0","0"
"18-29 years","Catoosa","223","0","3"
"30-39 years","Catoosa","170","0","4"
"40-49 years","Catoosa","222","2","10"
"50-59 years","Catoosa","179","4","8"
"60-69 years","Catoosa","147","3","21"
"70-79 years","Catoosa","104","6","19"
"80 & Older years","Catoosa","58","5","13"
"<1 years","Catoosa","7","0","0"
"Unknown years","Catoosa","19","0","1"
"01-04 years","Charlton","9","0","0"
"05-09 years","Charlton","16","0","0"
"10-17 years","Charlton","25","0","0"
"18-29 years","Charlton","120","0","1"
"30-39 years","Charlton","142","0","2"
"40-49 years","Charlton","126","0","5"
"50-59 years","Charlton","89","0","2"
"60-69 years","Charlton","80","3","6"
"70-79 years","Charlton","21","4","5"
"80 & Older years","Charlton","9","2","6"
"<1 years","Charlton","2","0","0"
"Unknown years","Charlton","2","0","0"
"01-04 years","Chatham","136","0","1"
"05-09 years","Chatham","163","1","0"
"10-17 years","Chatham","529","0","11"
"18-29 years","Chatham","2407","1","35"
"30-39 years","Chatham","1577","3","70"
"40-49 years","Chatham","1134","5","76"
"50-59 years","Chatham","1084","19","135"
"60-69 years","Chatham","836","32","171"
"70-79 years","Chatham","470","46","160"
"80 & Older years","Chatham","287","62","121"
"<1 years","Chatham","35","0","3"
"Unknown years","Chatham","60","0","2"
"01-04 years","Chattahoochee","3","0","0"
"05-09 years","Chattahoochee","1","0","0"
"10-17 years","Chattahoochee","93","0","1"
"18-29 years","Chattahoochee","1421","0","1"
"30-39 years","Chattahoochee","106","0","0"
"40-49 years","Chattahoochee","25","0","0"
"50-59 years","Chattahoochee","17","0","5"
"60-69 years","Chattahoochee","9","0","3"
"70-79 years","Chattahoochee","4","0","1"
"80 & Older years","Chattahoochee","3","1","2"
"<1 years","Chattahoochee","6","0","0"
"Unknown years","Chattahoochee","1","0","0"
"01-04 years","Chattooga","3","0","0"
"05-09 years","Chattooga","8","0","0"
"10-17 years","Chattooga","52","0","0"
"18-29 years","Chattooga","151","0","1"
"30-39 years","Chattooga","124","0","4"
"40-49 years","Chattooga","128","1","4"
"50-59 years","Chattooga","117","2","7"
"60-69 years","Chattooga","99","4","15"
"70-79 years","Chattooga","65","4","12"
"80 & Older years","Chattooga","59","11","13"
"<1 years","Chattooga","2","0","1"
"Unknown years","Chattooga","7","0","1"
"01-04 years","Cherokee","62","0","5"
"05-09 years","Cherokee","112","0","3"
"10-17 years","Cherokee","523","0","2"
"18-29 years","Cherokee","1576","0","37"
"30-39 years","Cherokee","909","1","53"
"40-49 years","Cherokee","1012","2","59"
"50-59 years","Cherokee","992","7","86"
"60-69 years","Cherokee","521","13","81"
"70-79 years","Cherokee","306","20","81"
"80 & Older years","Cherokee","237","51","96"
"<1 years","Cherokee","20","0","0"
"Unknown years","Cherokee","19","0","0"
"01-04 years","Clarke","63","0","0"
"05-09 years","Clarke","70","0","1"
"10-17 years","Clarke","208","0","4"
"18-29 years","Clarke","3045","0","12"
"30-39 years","Clarke","549","1","21"
"40-49 years","Clarke","417","1","23"
"50-59 years","Clarke","385","4","37"
"60-69 years","Clarke","261","8","58"
"70-79 years","Clarke","135","19","56"
"80 & Older years","Clarke","67","12","21"
"<1 years","Clarke","14","0","1"
"Unknown years","Clarke","4","0","0"
"01-04 years","Clay","1","0","0"
"05-09 years","Clay","2","0","0"
"10-17 years","Clay","10","0","0"
"18-29 years","Clay","20","0","0"
"30-39 years","Clay","21","0","1"
"40-49 years","Clay","18","0","0"
"50-59 years","Clay","16","0","1"
"60-69 years","Clay","16","1","2"
"70-79 years","Clay","6","0","0"
"80 & Older years","Clay","10","2","5"
"Unknown years","Clay","1","0","0"
"01-04 years","Clayton","80","0","5"
"05-09 years","Clayton","128","0","2"
"10-17 years","Clayton","325","0","10"
"18-29 years","Clayton","1604","2","55"
"30-39 years","Clayton","1423","6","82"
"40-49 years","Clayton","1186","14","100"
"50-59 years","Clayton","1134","23","142"
"60-69 years","Clayton","746","42","124"
"70-79 years","Clayton","331","36","80"
"80 & Older years","Clayton","193","40","45"
"<1 years","Clayton","20","0","1"
"Unknown years","Clayton","12","0","0"
"01-04 years","Clinch","7","0","0"
"05-09 years","Clinch","9","0","0"
"10-17 years","Clinch","44","0","0"
"18-29 years","Clinch","87","0","1"
"30-39 years","Clinch","53","1","2"
"40-49 years","Clinch","53","0","1"
"50-59 years","Clinch","48","0","6"
"60-69 years","Clinch","55","3","9"
"70-79 years","Clinch","22","5","7"
"80 & Older years","Clinch","11","0","2"
"<1 years","Clinch","1","0","0"
"Unknown years","Clinch","1","0","0"
"01-04 years","Cobb","179","1","7"
"05-09 years","Cobb","251","0","3"
"10-17 years","Cobb","930","0","17"
"18-29 years","Cobb","5802","5","151"
"30-39 years","Cobb","3458","7","168"
"40-49 years","Cobb","3241","14","281"
"50-59 years","Cobb","2808","29","352"
"60-69 years","Cobb","1683","58","317"
"70-79 years","Cobb","966","130","271"
"80 & Older years","Cobb","701","190","250"
"<1 years","Cobb","65","0","6"
"Unknown years","Cobb","36","1","4"
"01-04 years","Coffee","37","0","2"
"05-09 years","Coffee","39","0","3"
"10-17 years","Coffee","103","0","1"
"18-29 years","Coffee","399","0","7"
"30-39 years","Coffee","304","1","17"
"40-49 years","Coffee","344","2","47"
"50-59 years","Coffee","339","2","64"
"60-69 years","Coffee","294","13","66"
"70-79 years","Coffee","137","16","55"
"80 & Older years","Coffee","91","20","49"
"<1 years","Coffee","8","0","0"
"Unknown years","Coffee","7","0","0"
"01-04 years","Colquitt","29","0","0"
"05-09 years","Colquitt","41","0","0"
"10-17 years","Colquitt","163","0","2"
"18-29 years","Colquitt","475","0","15"
"30-39 years","Colquitt","323","0","15"
"40-49 years","Colquitt","304","4","27"
"50-59 years","Colquitt","259","9","28"
"60-69 years","Colquitt","178","9","27"
"70-79 years","Colquitt","96","5","25"
"80 & Older years","Colquitt","59","9","17"
"<1 years","Colquitt","6","0","0"
"Unknown years","Colquitt","2","0","0"
"01-04 years","Columbia","20","0","1"
"05-09 years","Columbia","59","0","0"
"10-17 years","Columbia","289","0","1"
"18-29 years","Columbia","913","0","6"
"30-39 years","Columbia","658","2","11"
"40-49 years","Columbia","668","4","19"
"50-59 years","Columbia","584","9","41"
"60-69 years","Columbia","363","8","44"
"70-79 years","Columbia","200","16","31"
"80 & Older years","Columbia","117","23","31"
"<1 years","Columbia","10","0","1"
"Unknown years","Columbia","2","0","0"
"01-04 years","Cook","8","0","0"
"05-09 years","Cook","10","0","0"
"10-17 years","Cook","44","0","1"
"18-29 years","Cook","122","0","2"
"30-39 years","Cook","86","0","4"
"40-49 years","Cook","85","0","9"
"50-59 years","Cook","71","1","14"
"60-69 years","Cook","60","3","10"
"70-79 years","Cook","45","8","14"
"80 & Older years","Cook","16","2","7"
"<1 years","Cook","5","0","0"
"Unknown years","Cook","3","0","0"
"01-04 years","Coweta","34","0","0"
"05-09 years","Coweta","43","0","0"
"10-17 years","Coweta","161","0","0"
"18-29 years","Coweta","599","1","9"
"30-39 years","Coweta","409","0","11"
"40-49 years","Coweta","413","2","17"
"50-59 years","Coweta","463","5","29"
"60-69 years","Coweta","289","10","27"
"70-79 years","Coweta","159","14","27"
"80 & Older years","Coweta","108","20","16"
"<1 years","Coweta","6","0","0"
"Unknown years","Coweta","3","0","0"
"01-04 years","Crawford","1","0","0"
"05-09 years","Crawford","1","0","0"
"10-17 years","Crawford","11","0","0"
"18-29 years","Crawford","32","0","1"
"30-39 years","Crawford","26","0","3"
"40-49 years","Crawford","19","0","2"
"50-59 years","Crawford","41","1","7"
"60-69 years","Crawford","28","2","9"
"70-79 years","Crawford","7","2","3"
"80 & Older years","Crawford","4","0","2"
"Unknown years","Crawford","1","0","0"
"01-04 years","Crisp","7","0","0"
"05-09 years","Crisp","8","0","0"
"10-17 years","Crisp","33","0","0"
"18-29 years","Crisp","104","0","5"
"30-39 years","Crisp","96","0","8"
"40-49 years","Crisp","85","1","8"
"50-59 years","Crisp","80","2","14"
"60-69 years","Crisp","88","5","18"
"70-79 years","Crisp","44","5","16"
"80 & Older years","Crisp","30","6","7"
"<1 years","Crisp","5","0","0"
"Unknown years","Crisp","9","0","0"
"05-09 years","Dade","7","0","0"
"10-17 years","Dade","24","0","0"
"18-29 years","Dade","54","0","1"
"30-39 years","Dade","43","0","1"
"40-49 years","Dade","48","0","3"
"50-59 years","Dade","51","1","4"
"60-69 years","Dade","27","0","2"
"70-79 years","Dade","28","4","7"
"80 & Older years","Dade","4","0","2"
"<1 years","Dade","2","0","0"
"Unknown years","Dade","2","0","1"
"01-04 years","Dawson","5","0","0"
"05-09 years","Dawson","8","0","0"
"10-17 years","Dawson","66","0","2"
"18-29 years","Dawson","200","0","7"
"30-39 years","Dawson","119","0","3"
"40-49 years","Dawson","115","0","10"
"50-59 years","Dawson","135","0","9"
"60-69 years","Dawson","106","1","24"
"70-79 years","Dawson","63","5","17"
"80 & Older years","Dawson","25","2","5"
"<1 years","Dawson","5","0","0"
"01-04 years","DeKalb","213","0","7"
"05-09 years","DeKalb","295","0","4"
"10-17 years","DeKalb","865","0","28"
"18-29 years","DeKalb","4682","5","213"
"30-39 years","DeKalb","3913","12","281"
"40-49 years","DeKalb","3113","19","314"
"50-59 years","DeKalb","2756","45","404"
"60-69 years","DeKalb","1710","76","392"
"70-79 years","DeKalb","928","102","295"
"80 & Older years","DeKalb","566","114","197"
"<1 years","DeKalb","63","0","4"
"Unknown years","DeKalb","159","0","5"
"01-04 years","Decatur","26","0","0"
"05-09 years","Decatur","36","0","0"
"10-17 years","Decatur","101","0","0"
"18-29 years","Decatur","256","1","6"
"30-39 years","Decatur","192","1","5"
"40-49 years","Decatur","193","0","13"
"50-59 years","Decatur","160","4","20"
"60-69 years","Decatur","112","7","22"
"70-79 years","Decatur","66","10","16"
"80 & Older years","Decatur","67","9","10"
"<1 years","Decatur","6","0","0"
"Unknown years","Decatur","1","0","1"
"01-04 years","Dodge","4","0","0"
"05-09 years","Dodge","11","0","0"
"10-17 years","Dodge","43","0","1"
"18-29 years","Dodge","65","0","0"
"30-39 years","Dodge","37","0","1"
"40-49 years","Dodge","81","0","6"
"50-59 years","Dodge","89","1","6"
"60-69 years","Dodge","67","5","14"
"70-79 years","Dodge","30","2","8"
"80 & Older years","Dodge","15","4","7"
"<1 years","Dodge","2","0","0"
"01-04 years","Dooly","8","0","0"
"05-09 years","Dooly","3","0","0"
"10-17 years","Dooly","14","0","0"
"18-29 years","Dooly","49","0","4"
"30-39 years","Dooly","49","0","4"
"40-49 years","Dooly","67","0","7"
"50-59 years","Dooly","67","3","11"
"60-69 years","Dooly","52","5","13"
"70-79 years","Dooly","26","4","9"
"80 & Older years","Dooly","10","2","4"
"Unknown years","Dooly","2","0","0"
"01-04 years","Dougherty","22","0","3"
"05-09 years","Dougherty","37","0","0"
"10-17 years","Dougherty","107","0","3"
"18-29 years","Dougherty","515","2","50"
"30-39 years","Dougherty","465","3","53"
"40-49 years","Dougherty","504","12","81"
"50-59 years","Dougherty","576","16","113"
"60-69 years","Dougherty","472","50","151"
"70-79 years","Dougherty","286","45","118"
"80 & Older years","Dougherty","184","60","80"
"<1 years","Dougherty","13","0","1"
"Unknown years","Dougherty","3","0","0"
"01-04 years","Douglas","34","0","0"
"05-09 years","Douglas","62","0","3"
"10-17 years","Douglas","187","0","2"
"18-29 years","Douglas","826","0","32"
"30-39 years","Douglas","622","3","42"
"40-49 years","Douglas","705","3","64"
"50-59 years","Douglas","578","6","86"
"60-69 years","Douglas","367","15","89"
"70-79 years","Douglas","192","24","57"
"80 & Older years","Douglas","108","19","47"
"<1 years","Douglas","7","0","1"
"Unknown years","Douglas","5","0","0"
"01-04 years","Early","10","0","0"
"05-09 years","Early","13","0","0"
"10-17 years","Early","30","0","0"
"18-29 years","Early","88","0","2"
"30-39 years","Early","69","0","2"
"40-49 years","Early","88","1","7"
"50-59 years","Early","83","2","6"
"60-69 years","Early","61","9","9"
"70-79 years","Early","41","11","7"
"80 & Older years","Early","30","10","6"
"<1 years","Early","2","0","0"
"01-04 years","Echols","2","0","0"
"05-09 years","Echols","4","0","0"
"10-17 years","Echols","12","0","1"
"18-29 years","Echols","104","0","1"
"30-39 years","Echols","45","0","2"
"40-49 years","Echols","27","0","0"
"50-59 years","Echols","26","0","2"
"60-69 years","Echols","10","0","0"
"70-79 years","Echols","11","2","3"
"<1 years","Echols","1","0","0"
"01-04 years","Effingham","12","0","1"
"05-09 years","Effingham","33","0","0"
"10-17 years","Effingham","115","0","0"
"18-29 years","Effingham","315","0","1"
"30-39 years","Effingham","233","1","8"
"40-49 years","Effingham","255","0","11"
"50-59 years","Effingham","260","6","19"
"60-69 years","Effingham","156","1","22"
"70-79 years","Effingham","83","7","20"
"80 & Older years","Effingham","50","11","17"
"<1 years","Effingham","5","0","0"
"Unknown years","Effingham","6","0","1"
"01-04 years","Elbert","8","0","0"
"05-09 years","Elbert","15","0","0"
"10-17 years","Elbert","40","0","0"
"18-29 years","Elbert","135","0","0"
"30-39 years","Elbert","90","0","5"
"40-49 years","Elbert","104","0","3"
"50-59 years","Elbert","112","0","7"
"60-69 years","Elbert","85","0","10"
"70-79 years","Elbert","56","2","10"
"80 & Older years","Elbert","54","3","12"
"<1 years","Elbert","3","0","1"
"Unknown years","Elbert","8","0","0"
"01-04 years","Emanuel","15","0","1"
"05-09 years","Emanuel","11","0","0"
"10-17 years","Emanuel","108","0","2"
"18-29 years","Emanuel","201","1","0"
"30-39 years","Emanuel","152","0","5"
"40-49 years","Emanuel","188","1","6"
"50-59 years","Emanuel","155","3","16"
"60-69 years","Emanuel","140","6","17"
"70-79 years","Emanuel","89","9","17"
"80 & Older years","Emanuel","44","12","14"
"<1 years","Emanuel","4","0","0"
"Unknown years","Emanuel","8","0","1"
"01-04 years","Evans","5","0","0"
"05-09 years","Evans","10","0","0"
"10-17 years","Evans","46","0","0"
"18-29 years","Evans","86","0","2"
"30-39 years","Evans","80","0","3"
"40-49 years","Evans","63","0","6"
"50-59 years","Evans","69","1","11"
"60-69 years","Evans","36","2","8"
"70-79 years","Evans","24","2","8"
"80 & Older years","Evans","10","1","1"
"<1 years","Evans","2","0","0"
"Unknown years","Evans","2","0","0"
"01-04 years","Fannin","5","0","0"
"05-09 years","Fannin","9","0","0"
"10-17 years","Fannin","36","0","0"
"18-29 years","Fannin","110","0","2"
"30-39 years","Fannin","72","0","2"
"40-49 years","Fannin","94","0","5"
"50-59 years","Fannin","107","3","7"
"60-69 years","Fannin","122","6","13"
"70-79 years","Fannin","91","1","15"
"80 & Older years","Fannin","69","16","15"
"<1 years","Fannin","3","0","0"
"Unknown years","Fannin","3","0","0"
"01-04 years","Fayette","13","0","0"
"05-09 years","Fayette","19","0","1"
"10-17 years","Fayette","116","0","0"
"18-29 years","Fayette","434","0","5"
"30-39 years","Fayette","217","0","5"
"40-49 years","Fayette","322","1","15"
"50-59 years","Fayette","334","2","20"
"60-69 years","Fayette","248","10","15"
"70-79 years","Fayette","134","18","29"
"80 & Older years","Fayette","72","21","21"
"<1 years","Fayette","1","0","0"
"Unknown years","Fayette","21","0","0"
"01-04 years","Floyd","37","0","0"
"05-09 years","Floyd","63","0","0"
"10-17 years","Floyd","326","0","5"
"18-29 years","Floyd","712","0","12"
"30-39 years","Floyd","549","1","20"
"40-49 years","Floyd","513","1","29"
"50-59 years","Floyd","439","7","54"
"60-69 years","Floyd","323","12","51"
"70-79 years","Floyd","207","10","53"
"80 & Older years","Floyd","108","16","30"
"<1 years","Floyd","17","0","0"
"Unknown years","Floyd","44","0","2"
"01-04 years","Forsyth","42","0","0"
"05-09 years","Forsyth","84","0","0"
"10-17 years","Forsyth","337","0","0"
"18-29 years","Forsyth","1134","0","22"
"30-39 years","Forsyth","629","0","26"
"40-49 years","Forsyth","708","2","48"
"50-59 years","Forsyth","652","8","62"
"60-69 years","Forsyth","335","6","63"
"70-79 years","Forsyth","182","14","67"
"80 & Older years","Forsyth","99","17","44"
"<1 years","Forsyth","15","0","1"
"Unknown years","Forsyth","35","0","0"
"01-04 years","Franklin","7","0","0"
"05-09 years","Franklin","19","0","0"
"10-17 years","Franklin","60","0","2"
"18-29 years","Franklin","172","0","4"
"30-39 years","Franklin","114","0","1"
"40-49 years","Franklin","115","0","9"
"50-59 years","Franklin","120","0","11"
"60-69 years","Franklin","85","2","11"
"70-79 years","Franklin","49","7","10"
"80 & Older years","Franklin","27","5","11"
"<1 years","Franklin","3","0","1"
"Unknown years","Franklin","9","0","0"
"01-04 years","Fulton","260","0","11"
"05-09 years","Fulton","381","0","7"
"10-17 years","Fulton","1336","1","20"
"18-29 years","Fulton","8364","4","195"
"30-39 years","Fulton","5574","12","303"
"40-49 years","Fulton","4265","25","340"
"50-59 years","Fulton","3553","49","434"
"60-69 years","Fulton","2181","102","437"
"70-79 years","Fulton","1219","145","354"
"80 & Older years","Fulton","969","242","353"
"<1 years","Fulton","83","0","4"
"Unknown years","Fulton","73","1","4"
"01-04 years","Gilmer","16","0","1"
"05-09 years","Gilmer","13","0","0"
"10-17 years","Gilmer","63","0","2"
"18-29 years","Gilmer","139","0","7"
"30-39 years","Gilmer","130","0","9"
"40-49 years","Gilmer","146","0","8"
"50-59 years","Gilmer","128","2","11"
"60-69 years","Gilmer","128","1","16"
"70-79 years","Gilmer","75","3","16"
"80 & Older years","Gilmer","31","7","10"
"<1 years","Gilmer","6","0","0"
"Unknown years","Gilmer","7","0","0"
"05-09 years","Glascock","1","0","0"
"18-29 years","Glascock","8","0","0"
"30-39 years","Glascock","5","0","0"
"40-49 years","Glascock","7","0","0"
"50-59 years","Glascock","7","1","1"
"60-69 years","Glascock","7","0","0"
"80 & Older years","Glascock","4","1","3"
"<1 years","Glascock","1","0","0"
"01-04 years","Glynn","55","0","1"
"05-09 years","Glynn","94","0","1"
"10-17 years","Glynn","236","0","0"
"18-29 years","Glynn","855","0","15"
"30-39 years","Glynn","569","2","21"
"40-49 years","Glynn","471","3","27"
"50-59 years","Glynn","448","8","54"
"60-69 years","Glynn","358","19","73"
"70-79 years","Glynn","235","27","47"
"80 & Older years","Glynn","172","38","56"
"<1 years","Glynn","14","0","0"
"Unknown years","Glynn","15","0","0"
"01-04 years","Gordon","19","0","0"
"05-09 years","Gordon","37","0","0"
"10-17 years","Gordon","131","0","2"
"18-29 years","Gordon","417","0","6"
"30-39 years","Gordon","310","0","13"
"40-49 years","Gordon","353","0","14"
"50-59 years","Gordon","292","4","19"
"60-69 years","Gordon","173","7","14"
"70-79 years","Gordon","123","15","29"
"80 & Older years","Gordon","59","14","21"
"<1 years","Gordon","2","0","1"
"Unknown years","Gordon","7","0","0"
"01-04 years","Grady","16","0","1"
"05-09 years","Grady","21","0","0"
"10-17 years","Grady","68","0","2"
"18-29 years","Grady","135","0","5"
"30-39 years","Grady","138","0","4"
"40-49 years","Grady","136","0","18"
"50-59 years","Grady","102","3","14"
"60-69 years","Grady","86","2","17"
"70-79 years","Grady","75","7","20"
"80 & Older years","Grady","32","11","12"
"<1 years","Grady","2","0","0"
"Unknown years","Grady","3","0","0"
"01-04 years","Greene","5","0","0"
"05-09 years","Greene","18","0","0"
"10-17 years","Greene","31","0","0"
"18-29 years","Greene","124","0","4"
"30-39 years","Greene","74","0","5"
"40-49 years","Greene","65","3","7"
"50-59 years","Greene","64","3","7"
"60-69 years","Greene","62","2","9"
"70-79 years","Greene","43","4","10"
"80 & Older years","Greene","32","12","15"
"<1 years","Greene","1","0","1"
"Unknown years","Greene","2","0","0"
"01-04 years","Gwinnett","425","0","11"
"05-09 years","Gwinnett","618","0","10"
"10-17 years","Gwinnett","1798","1","40"
"18-29 years","Gwinnett","7133","1","315"
"30-39 years","Gwinnett","4966","9","347"
"40-49 years","Gwinnett","5258","25","462"
"50-59 years","Gwinnett","4071","49","479"
"60-69 years","Gwinnett","2199","82","447"
"70-79 years","Gwinnett","922","86","297"
"80 & Older years","Gwinnett","658","165","328"
"<1 years","Gwinnett","114","0","4"
"Unknown years","Gwinnett","45","0","0"
"01-04 years","Habersham","12","0","1"
"05-09 years","Habersham","13","0","0"
"10-17 years","Habersham","80","1","4"
"18-29 years","Habersham","344","0","7"
"30-39 years","Habersham","257","1","20"
"40-49 years","Habersham","259","1","23"
"50-59 years","Habersham","272","4","26"
"60-69 years","Habersham","204","7","57"
"70-79 years","Habersham","143","15","45"
"80 & Older years","Habersham","136","42","42"
"<1 years","Habersham","4","0","1"
"Unknown years","Habersham","17","0","1"
"01-04 years","Hall","74","0","2"
"05-09 years","Hall","149","0","1"
"10-17 years","Hall","606","0","13"
"18-29 years","Hall","2355","3","90"
"30-39 years","Hall","1460","1","90"
"40-49 years","Hall","1573","7","138"
"50-59 years","Hall","1542","11","190"
"60-69 years","Hall","866","34","164"
"70-79 years","Hall","526","32","145"
"80 & Older years","Hall","366","71","152"
"<1 years","Hall","16","0","5"
"Unknown years","Hall","144","0","7"
"01-04 years","Hancock","3","0","0"
"05-09 years","Hancock","3","0","0"
"10-17 years","Hancock","15","0","0"
"18-29 years","Hancock","47","0","1"
"30-39 years","Hancock","40","0","2"
"40-49 years","Hancock","55","1","4"
"50-59 years","Hancock","63","2","7"
"60-69 years","Hancock","83","11","20"
"70-79 years","Hancock","47","12","16"
"80 & Older years","Hancock","42","17","16"
"<1 years","Hancock","1","0","0"
"01-04 years","Haralson","7","0","0"
"05-09 years","Haralson","9","0","0"
"10-17 years","Haralson","53","0","1"
"18-29 years","Haralson","121","0","1"
"30-39 years","Haralson","82","0","2"
"40-49 years","Haralson","62","1","4"
"50-59 years","Haralson","66","0","1"
"60-69 years","Haralson","58","3","8"
"70-79 years","Haralson","42","5","10"
"80 & Older years","Haralson","16","0","2"
"<1 years","Haralson","4","0","0"
"01-04 years","Harris","10","0","0"
"05-09 years","Harris","8","0","0"
"10-17 years","Harris","61","0","2"
"18-29 years","Harris","136","0","2"
"30-39 years","Harris","86","0","3"
"40-49 years","Harris","131","1","6"
"50-59 years","Harris","143","4","15"
"60-69 years","Harris","141","8","36"
"70-79 years","Harris","64","5","18"
"80 & Older years","Harris","23","4","6"
"<1 years","Harris","2","0","0"
"Unknown years","Harris","1","0","0"
"01-04 years","Hart","7","0","0"
"05-09 years","Hart","10","0","1"
"10-17 years","Hart","24","0","0"
"18-29 years","Hart","93","0","0"
"30-39 years","Hart","73","0","4"
"40-49 years","Hart","81","0","6"
"50-59 years","Hart","97","1","12"
"60-69 years","Hart","75","3","17"
"70-79 years","Hart","35","3","7"
"80 & Older years","Hart","33","6","19"
"<1 years","Hart","1","0","1"
"01-04 years","Heard","1","0","0"
"05-09 years","Heard","8","0","0"
"10-17 years","Heard","12","0","1"
"18-29 years","Heard","44","0","0"
"30-39 years","Heard","21","0","1"
"40-49 years","Heard","33","0","2"
"50-59 years","Heard","29","0","2"
"60-69 years","Heard","29","1","3"
"70-79 years","Heard","18","3","5"
"80 & Older years","Heard","5","2","1"
"Unknown years","Heard","1","0","0"
"01-04 years","Henry","45","0","1"
"05-09 years","Henry","86","0","1"
"10-17 years","Henry","303","0","2"
"18-29 years","Henry","1198","0","15"
"30-39 years","Henry","970","3","20"
"40-49 years","Henry","1039","6","38"
"50-59 years","Henry","930","10","63"
"60-69 years","Henry","475","21","35"
"70-79 years","Henry","255","28","35"
"80 & Older years","Henry","146","38","27"
"<1 years","Henry","11","0","2"
"Unknown years","Henry","11","0","0"
"01-04 years","Houston","41","0","1"
"05-09 years","Houston","65","0","1"
"10-17 years","Houston","173","0","3"
"18-29 years","Houston","741","2","26"
"30-39 years","Houston","591","1","38"
"40-49 years","Houston","557","2","60"
"50-59 years","Houston","487","7","63"
"60-69 years","Houston","281","18","69"
"70-79 years","Houston","172","31","73"
"80 & Older years","Houston","88","23","48"
"<1 years","Houston","9","0","0"
"Unknown years","Houston","1","0","0"
"01-04 years","Irwin","3","0","0"
"05-09 years","Irwin","6","0","0"
"10-17 years","Irwin","22","0","0"
"18-29 years","Irwin","54","0","3"
"30-39 years","Irwin","54","0","4"
"40-49 years","Irwin","63","0","4"
"50-59 years","Irwin","46","0","5"
"60-69 years","Irwin","43","2","12"
"70-79 years","Irwin","17","2","1"
"80 & Older years","Irwin","17","3","9"
"01-04 years","Jackson","14","0","0"
"05-09 years","Jackson","36","0","0"
"10-17 years","Jackson","176","0","1"
"18-29 years","Jackson","446","0","9"
"30-39 years","Jackson","331","0","11"
"40-49 years","Jackson","332","1","26"
"50-59 years","Jackson","348","4","32"
"60-69 years","Jackson","186","2","25"
"70-79 years","Jackson","134","12","37"
"80 & Older years","Jackson","65","16","30"
"<1 years","Jackson","6","0","2"
"Unknown years","Jackson","13","0","1"
"05-09 years","Jasper","4","0","0"
"10-17 years","Jasper","6","0","0"
"18-29 years","Jasper","50","0","2"
"30-39 years","Jasper","37","0","0"
"40-49 years","Jasper","27","0","2"
"50-59 years","Jasper","45","0","6"
"60-69 years","Jasper","35","3","9"
"70-79 years","Jasper","16","1","3"
"80 & Older years","Jasper","6","0","0"
"<1 years","Jasper","2","0","0"
"01-04 years","Jeff Davis","14","0","0"
"05-09 years","Jeff Davis","20","0","0"
"10-17 years","Jeff Davis","63","0","2"
"18-29 years","Jeff Davis","148","0","2"
"30-39 years","Jeff Davis","124","0","4"
"40-49 years","Jeff Davis","122","0","7"
"50-59 years","Jeff Davis","106","2","6"
"60-69 years","Jeff Davis","73","4","12"
"70-79 years","Jeff Davis","47","9","12"
"80 & Older years","Jeff Davis","11","5","5"
"<1 years","Jeff Davis","2","0","1"
"Unknown years","Jeff Davis","1","0","0"
"01-04 years","Jefferson","16","0","0"
"05-09 years","Jefferson","20","0","0"
"10-17 years","Jefferson","51","0","0"
"18-29 years","Jefferson","127","0","2"
"30-39 years","Jefferson","99","0","3"
"40-49 years","Jefferson","115","3","9"
"50-59 years","Jefferson","145","2","14"
"60-69 years","Jefferson","117","6","16"
"70-79 years","Jefferson","86","8","18"
"80 & Older years","Jefferson","35","11","16"
"<1 years","Jefferson","4","0","0"
"Unknown years","Jefferson","2","0","0"
"01-04 years","Jenkins","5","0","0"
"05-09 years","Jenkins","9","0","0"
"10-17 years","Jenkins","35","0","0"
"18-29 years","Jenkins","66","0","2"
"30-39 years","Jenkins","42","1","3"
"40-49 years","Jenkins","66","2","8"
"50-59 years","Jenkins","76","5","13"
"60-69 years","Jenkins","56","4","9"
"70-79 years","Jenkins","39","10","19"
"80 & Older years","Jenkins","44","8","11"
"<1 years","Jenkins","2","0","0"
"Unknown years","Jenkins","4","0","0"
"01-04 years","Johnson","4","0","0"
"05-09 years","Johnson","5","0","0"
"10-17 years","Johnson","14","0","0"
"18-29 years","Johnson","69","0","2"
"30-39 years","Johnson","46","0","3"
"40-49 years","Johnson","54","1","6"
"50-59 years","Johnson","67","0","11"
"60-69 years","Johnson","65","5","12"
"70-79 years","Johnson","48","6","13"
"80 & Older years","Johnson","49","10","11"
"01-04 years","Jones","2","0","0"
"05-09 years","Jones","7","0","0"
"10-17 years","Jones","23","0","0"
"18-29 years","Jones","154","0","3"
"30-39 years","Jones","86","0","3"
"40-49 years","Jones","89","0","4"
"50-59 years","Jones","95","0","11"
"60-69 years","Jones","62","1","11"
"70-79 years","Jones","34","3","13"
"80 & Older years","Jones","25","7","4"
"<1 years","Jones","1","0","0"
"Unknown years","Jones","1","0","0"
"01-04 years","Lamar","5","0","0"
"05-09 years","Lamar","13","0","0"
"10-17 years","Lamar","25","0","1"
"18-29 years","Lamar","54","0","0"
"30-39 years","Lamar","49","0","1"
"40-49 years","Lamar","54","1","2"
"50-59 years","Lamar","59","1","9"
"60-69 years","Lamar","51","3","9"
"70-79 years","Lamar","41","4","9"
"80 & Older years","Lamar","27","10","11"
"<1 years","Lamar","3","0","0"
"Unknown years","Lamar","1","0","0"
"01-04 years","Lanier","5","0","0"
"05-09 years","Lanier","8","0","1"
"10-17 years","Lanier","18","0","1"
"18-29 years","Lanier","69","1","0"
"30-39 years","Lanier","79","0","1"
"40-49 years","Lanier","38","0","0"
"50-59 years","Lanier","35","0","3"
"60-69 years","Lanier","20","1","1"
"70-79 years","Lanier","13","4","4"
"80 & Older years","Lanier","9","0","4"
"<1 years","Lanier","3","0","0"
"01-04 years","Laurens","12","0","0"
"05-09 years","Laurens","17","0","0"
"10-17 years","Laurens","103","0","0"
"18-29 years","Laurens","321","0","4"
"30-39 years","Laurens","228","0","3"
"40-49 years","Laurens","247","2","12"
"50-59 years","Laurens","288","5","30"
"60-69 years","Laurens","239","17","39"
"70-79 years","Laurens","167","23","35"
"80 & Older years","Laurens","110","30","24"
"<1 years","Laurens","6","0","0"
"Unknown years","Laurens","5","0","0"
"01-04 years","Lee","6","0","0"
"05-09 years","Lee","9","0","2"
"10-17 years","Lee","41","0","1"
"18-29 years","Lee","111","1","6"
"30-39 years","Lee","133","1","12"
"40-49 years","Lee","133","2","16"
"50-59 years","Lee","126","5","23"
"60-69 years","Lee","88","6","17"
"70-79 years","Lee","46","6","18"
"80 & Older years","Lee","20","5","10"
"<1 years","Lee","3","0","0"
"01-04 years","Liberty","10","0","0"
"05-09 years","Liberty","23","0","1"
"10-17 years","Liberty","77","0","1"
"18-29 years","Liberty","268","1","9"
"30-39 years","Liberty","196","0","7"
"40-49 years","Liberty","182","0","8"
"50-59 years","Liberty","158","1","25"
"60-69 years","Liberty","122","7","23"
"70-79 years","Liberty","58","8","21"
"80 & Older years","Liberty","38","6","15"
"<1 years","Liberty","11","0","1"
"Unknown years","Liberty","4","0","0"
"01-04 years","Lincoln","3","0","0"
"05-09 years","Lincoln","7","0","0"
"10-17 years","Lincoln","9","0","0"
"18-29 years","Lincoln","43","0","1"
"30-39 years","Lincoln","29","0","1"
"40-49 years","Lincoln","37","0","3"
"50-59 years","Lincoln","28","0","1"
"60-69 years","Lincoln","33","2","8"
"70-79 years","Lincoln","17","1","7"
"80 & Older years","Lincoln","7","4","3"
"<1 years","Lincoln","1","0","0"
"Unknown years","Lincoln","1","0","0"
"01-04 years","Long","10","0","0"
"05-09 years","Long","3","0","0"
"10-17 years","Long","13","0","0"
"18-29 years","Long","48","0","0"
"30-39 years","Long","62","0","0"
"40-49 years","Long","35","0","2"
"50-59 years","Long","35","1","5"
"60-69 years","Long","29","0","2"
"70-79 years","Long","14","2","6"
"80 & Older years","Long","4","0","2"
"<1 years","Long","3","0","0"
"Unknown years","Long","1","0","1"
"01-04 years","Lowndes","58","0","0"
"05-09 years","Lowndes","85","0","0"
"10-17 years","Lowndes","283","0","4"
"18-29 years","Lowndes","1266","3","21"
"30-39 years","Lowndes","646","0","14"
"40-49 years","Lowndes","584","1","28"
"50-59 years","Lowndes","463","6","34"
"60-69 years","Lowndes","302","15","38"
"70-79 years","Lowndes","174","27","33"
"80 & Older years","Lowndes","117","33","34"
"<1 years","Lowndes","16","0","0"
"Unknown years","Lowndes","18","0","0"
"01-04 years","Lumpkin","5","0","0"
"05-09 years","Lumpkin","11","0","0"
"10-17 years","Lumpkin","44","0","2"
"18-29 years","Lumpkin","266","0","3"
"30-39 years","Lumpkin","101","0","4"
"40-49 years","Lumpkin","115","0","10"
"50-59 years","Lumpkin","130","2","12"
"60-69 years","Lumpkin","124","4","16"
"70-79 years","Lumpkin","99","3","26"
"80 & Older years","Lumpkin","36","5","20"
"<1 years","Lumpkin","2","0","1"
"Unknown years","Lumpkin","12","0","0"
"01-04 years","Macon","5","0","0"
"05-09 years","Macon","6","0","0"
"10-17 years","Macon","8","0","0"
"18-29 years","Macon","37","0","1"
"30-39 years","Macon","25","0","3"
"40-49 years","Macon","45","1","5"
"50-59 years","Macon","49","3","9"
"60-69 years","Macon","27","3","16"
"70-79 years","Macon","23","1","10"
"80 & Older years","Macon","10","2","5"
"<1 years","Macon","1","0","0"
"01-04 years","Madison","14","0","0"
"05-09 years","Madison","10","0","0"
"10-17 years","Madison","76","0","0"
"18-29 years","Madison","136","0","1"
"30-39 years","Madison","118","0","5"
"40-49 years","Madison","120","0","8"
"50-59 years","Madison","115","1","12"
"60-69 years","Madison","66","2","13"
"70-79 years","Madison","43","3","16"
"80 & Older years","Madison","12","2","2"
"<1 years","Madison","8","0","1"
"Unknown years","Madison","3","0","0"
"01-04 years","Marion","2","0","0"
"05-09 years","Marion","2","0","0"
"10-17 years","Marion","13","0","0"
"18-29 years","Marion","31","0","0"
"30-39 years","Marion","23","0","2"
"40-49 years","Marion","33","1","5"
"50-59 years","Marion","30","2","5"
"60-69 years","Marion","26","3","1"
"70-79 years","Marion","16","1","3"
"80 & Older years","Marion","16","2","5"
"<1 years","Marion","1","0","0"
"01-04 years","McDuffie","3","0","0"
"05-09 years","McDuffie","4","0","0"
"10-17 years","McDuffie","32","0","0"
"18-29 years","McDuffie","131","0","3"
"30-39 years","McDuffie","94","1","2"
"40-49 years","McDuffie","101","2","8"
"50-59 years","McDuffie","106","2","13"
"60-69 years","McDuffie","80","2","12"
"70-79 years","McDuffie","53","5","24"
"80 & Older years","McDuffie","15","2","10"
"Unknown years","McDuffie","1","0","0"
"05-09 years","McIntosh","3","0","0"
"10-17 years","McIntosh","17","0","0"
"18-29 years","McIntosh","58","0","2"
"30-39 years","McIntosh","44","0","2"
"40-49 years","McIntosh","48","0","3"
"50-59 years","McIntosh","49","0","1"
"60-69 years","McIntosh","37","2","11"
"70-79 years","McIntosh","32","3","9"
"80 & Older years","McIntosh","6","2","2"
"<1 years","McIntosh","1","0","0"
"Unknown years","McIntosh","2","0","0"
"01-04 years","Meriwether","10","0","1"
"05-09 years","Meriwether","10","0","1"
"10-17 years","Meriwether","14","0","0"
"18-29 years","Meriwether","89","0","3"
"30-39 years","Meriwether","84","2","9"
"40-49 years","Meriwether","106","1","11"
"50-59 years","Meriwether","85","1","11"
"60-69 years","Meriwether","74","1","15"
"70-79 years","Meriwether","53","3","14"
"80 & Older years","Meriwether","32","6","9"
"<1 years","Meriwether","2","0","0"
"Unknown years","Meriwether","1","0","0"
"01-04 years","Miller","3","0","0"
"05-09 years","Miller","3","0","0"
"10-17 years","Miller","21","0","0"
"18-29 years","Miller","47","0","0"
"30-39 years","Miller","51","0","0"
"40-49 years","Miller","40","0","1"
"50-59 years","Miller","55","0","6"
"60-69 years","Miller","35","1","3"
"70-79 years","Miller","13","0","1"
"80 & Older years","Miller","9","0","0"
"<1 years","Miller","2","0","0"
"01-04 years","Mitchell","3","0","0"
"05-09 years","Mitchell","9","0","0"
"10-17 years","Mitchell","39","0","0"
"18-29 years","Mitchell","128","0","6"
"30-39 years","Mitchell","118","1","12"
"40-49 years","Mitchell","127","2","12"
"50-59 years","Mitchell","162","7","42"
"60-69 years","Mitchell","122","9","35"
"70-79 years","Mitchell","67","8","25"
"80 & Older years","Mitchell","49","18","19"
"Unknown years","Mitchell","2","0","1"
"01-04 years","Monroe","3","0","0"
"05-09 years","Monroe","6","0","0"
"10-17 years","Monroe","33","0","0"
"18-29 years","Monroe","127","1","2"
"30-39 years","Monroe","80","0","2"
"40-49 years","Monroe","90","1","9"
"50-59 years","Monroe","124","2","12"
"60-69 years","Monroe","91","8","23"
"70-79 years","Monroe","71","12","21"
"80 & Older years","Monroe","82","29","18"
"<1 years","Monroe","3","0","1"
"Unknown years","Monroe","1","0","0"
"01-04 years","Montgomery","4","0","0"
"05-09 years","Montgomery","2","0","0"
"10-17 years","Montgomery","21","0","1"
"18-29 years","Montgomery","72","0","0"
"30-39 years","Montgomery","45","1","3"
"40-49 years","Montgomery","63","0","1"
"50-59 years","Montgomery","49","0","5"
"60-69 years","Montgomery","39","1","7"
"70-79 years","Montgomery","21","1","5"
"80 & Older years","Montgomery","9","2","2"
"<1 years","Montgomery","2","0","0"
"01-04 years","Morgan","14","0","0"
"05-09 years","Morgan","9","0","0"
"10-17 years","Morgan","45","0","0"
"18-29 years","Morgan","109","0","2"
"30-39 years","Morgan","68","0","5"
"40-49 years","Morgan","71","0","3"
"50-59 years","Morgan","77","0","7"
"60-69 years","Morgan","53","1","4"
"70-79 years","Morgan","18","0","6"
"80 & Older years","Morgan","22","2","11"
"<1 years","Morgan","4","0","0"
"Unknown years","Morgan","1","0","0"
"01-04 years","Murray","12","0","1"
"05-09 years","Murray","9","0","1"
"10-17 years","Murray","58","0","0"
"18-29 years","Murray","211","0","2"
"30-39 years","Murray","140","0","2"
"40-49 years","Murray","161","0","11"
"50-59 years","Murray","136","1","11"
"60-69 years","Murray","71","1","9"
"70-79 years","Murray","44","2","11"
"80 & Older years","Murray","11","2","5"
"<1 years","Murray","4","0","0"
"Unknown years","Murray","2","0","0"
"01-04 years","Muscogee","96","0","3"
"05-09 years","Muscogee","117","0","0"
"10-17 years","Muscogee","301","0","1"
"18-29 years","Muscogee","1590","3","39"
"30-39 years","Muscogee","1006","2","56"
"40-49 years","Muscogee","838","3","59"
"50-59 years","Muscogee","855","21","130"
"60-69 years","Muscogee","680","41","168"
"70-79 years","Muscogee","368","45","116"
"80 & Older years","Muscogee","211","56","97"
"<1 years","Muscogee","35","0","2"
"Unknown years","Muscogee","25","0","0"
"01-04 years","Newton","31","0","2"
"05-09 years","Newton","40","0","0"
"10-17 years","Newton","126","0","1"
"18-29 years","Newton","520","0","16"
"30-39 years","Newton","423","0","29"
"40-49 years","Newton","500","0","45"
"50-59 years","Newton","457","7","58"
"60-69 years","Newton","239","15","46"
"70-79 years","Newton","164","26","46"
"80 & Older years","Newton","134","44","33"
"<1 years","Newton","10","0","1"
"Unknown years","Newton","3","0","0"
"01-04 years","Non-GA Resident/Unknown State","209","0","1"
"05-09 years","Non-GA Resident/Unknown State","315","0","4"
"10-17 years","Non-GA Resident/Unknown State","1071","0","6"
"18-29 years","Non-GA Resident/Unknown State","4275","4","43"
"30-39 years","Non-GA Resident/Unknown State","2752","3","54"
"40-49 years","Non-GA Resident/Unknown State","2362","5","56"
"50-59 years","Non-GA Resident/Unknown State","2092","21","119"
"60-69 years","Non-GA Resident/Unknown State","1366","40","141"
"70-79 years","Non-GA Resident/Unknown State","778","50","126"
"80 & Older years","Non-GA Resident/Unknown State","460","44","100"
"<1 years","Non-GA Resident/Unknown State","96","0","1"
"Unknown years","Non-GA Resident/Unknown State","381","0","2"
"01-04 years","Oconee","2","0","0"
"05-09 years","Oconee","10","0","0"
"10-17 years","Oconee","57","0","0"
"18-29 years","Oconee","231","0","2"
"30-39 years","Oconee","82","0","2"
"40-49 years","Oconee","113","0","8"
"50-59 years","Oconee","119","2","4"
"60-69 years","Oconee","75","9","15"
"70-79 years","Oconee","42","4","12"
"80 & Older years","Oconee","45","11","21"
"<1 years","Oconee","1","0","0"
"01-04 years","Oglethorpe","4","0","0"
"05-09 years","Oglethorpe","9","0","0"
"10-17 years","Oglethorpe","23","0","0"
"18-29 years","Oglethorpe","72","0","1"
"30-39 years","Oglethorpe","36","0","0"
"40-49 years","Oglethorpe","47","0","4"
"50-59 years","Oglethorpe","52","1","12"
"60-69 years","Oglethorpe","31","0","8"
"70-79 years","Oglethorpe","35","1","10"
"80 & Older years","Oglethorpe","38","9","12"
"<1 years","Oglethorpe","3","0","0"
"Unknown years","Oglethorpe","1","0","0"
"01-04 years","Paulding","33","0","1"
"05-09 years","Paulding","65","0","0"
"10-17 years","Paulding","251","0","4"
"18-29 years","Paulding","638","0","5"
"30-39 years","Paulding","453","1","14"
"40-49 years","Paulding","492","3","13"
"50-59 years","Paulding","463","6","30"
"60-69 years","Paulding","251","9","35"
"70-79 years","Paulding","127","14","31"
"80 & Older years","Paulding","78","25","13"
"<1 years","Paulding","7","0","0"
"Unknown years","Paulding","11","0","0"
"01-04 years","Peach","9","0","0"
"05-09 years","Peach","11","0","0"
"10-17 years","Peach","20","0","1"
"18-29 years","Peach","148","1","7"
"30-39 years","Peach","126","0","7"
"40-49 years","Peach","94","1","8"
"50-59 years","Peach","107","3","24"
"60-69 years","Peach","92","8","29"
"70-79 years","Peach","40","4","16"
"80 & Older years","Peach","32","8","16"
"<1 years","Peach","4","0","0"
"Unknown years","Peach","2","0","0"
"01-04 years","Pickens","11","0","1"
"05-09 years","Pickens","5","0","0"
"10-17 years","Pickens","29","0","0"
"18-29 years","Pickens","125","0","4"
"30-39 years","Pickens","77","0","4"
"40-49 years","Pickens","122","0","7"
"50-59 years","Pickens","112","0","6"
"60-69 years","Pickens","78","1","13"
"70-79 years","Pickens","48","5","17"
"80 & Older years","Pickens","25","4","6"
"<1 years","Pickens","1","0","0"
"Unknown years","Pickens","3","0","0"
"01-04 years","Pierce","6","0","0"
"05-09 years","Pierce","8","0","0"
"10-17 years","Pierce","33","1","1"
"18-29 years","Pierce","122","0","3"
"30-39 years","Pierce","75","0","3"
"40-49 years","Pierce","113","0","11"
"50-59 years","Pierce","90","3","10"
"60-69 years","Pierce","80","5","25"
"70-79 years","Pierce","61","7","22"
"80 & Older years","Pierce","30","6","7"
"<1 years","Pierce","2","0","0"
"Unknown years","Pierce","3","0","0"
"01-04 years","Pike","11","0","0"
"05-09 years","Pike","6","0","0"
"10-17 years","Pike","31","0","0"
"18-29 years","Pike","61","0","0"
"30-39 years","Pike","49","0","2"
"40-49 years","Pike","64","1","3"
"50-59 years","Pike","46","1","5"
"60-69 years","Pike","37","1","9"
"70-79 years","Pike","34","4","9"
"80 & Older years","Pike","11","3","3"
"Unknown years","Pike","1","0","0"
"01-04 years","Polk","18","0","1"
"05-09 years","Polk","29","0","0"
"10-17 years","Polk","145","0","1"
"18-29 years","Polk","370","0","1"
"30-39 years","Polk","214","0","4"
"40-49 years","Polk","250","0","17"
"50-59 years","Polk","216","2","27"
"60-69 years","Polk","112","5","22"
"70-79 years","Polk","92","3","19"
"80 & Older years","Polk","44","8","15"
"<1 years","Polk","5","0","0"
"Unknown years","Polk","24","0","1"
"05-09 years","Pulaski","3","0","0"
"10-17 years","Pulaski","19","0","0"
"18-29 years","Pulaski","45","0","1"
"30-39 years","Pulaski","39","0","2"
"40-49 years","Pulaski","42","0","5"
"50-59 years","Pulaski","58","0","5"
"60-69 years","Pulaski","53","5","7"
"70-79 years","Pulaski","33","10","13"
"80 & Older years","Pulaski","27","7","4"
"01-04 years","Putnam","10","0","0"
"05-09 years","Putnam","26","0","0"
"10-17 years","Putnam","48","0","1"
"18-29 years","Putnam","142","0","3"
"30-39 years","Putnam","84","0","3"
"40-49 years","Putnam","96","2","5"
"50-59 years","Putnam","113","0","9"
"60-69 years","Putnam","97","7","14"
"70-79 years","Putnam","60","8","19"
"80 & Older years","Putnam","42","8","15"
"<1 years","Putnam","4","0","0"
"10-17 years","Quitman","2","0","0"
"18-29 years","Quitman","6","0","0"
"30-39 years","Quitman","3","0","1"
"40-49 years","Quitman","2","0","1"
"50-59 years","Quitman","4","0","0"
"60-69 years","Quitman","14","1","3"
"70-79 years","Quitman","1","0","1"
"80 & Older years","Quitman","2","0","1"
"01-04 years","Rabun","4","0","0"
"05-09 years","Rabun","6","0","0"
"10-17 years","Rabun","26","0","0"
"18-29 years","Rabun","74","0","4"
"30-39 years","Rabun","53","1","4"
"40-49 years","Rabun","45","0","2"
"50-59 years","Rabun","54","0","5"
"60-69 years","Rabun","56","1","12"
"70-79 years","Rabun","33","4","12"
"80 & Older years","Rabun","21","5","8"
"<1 years","Rabun","2","0","1"
"Unknown years","Rabun","4","0","0"
"05-09 years","Randolph","2","0","0"
"10-17 years","Randolph","4","0","0"
"18-29 years","Randolph","38","0","0"
"30-39 years","Randolph","47","2","2"
"40-49 years","Randolph","38","0","3"
"50-59 years","Randolph","70","3","13"
"60-69 years","Randolph","52","7","12"
"70-79 years","Randolph","30","3","9"
"80 & Older years","Randolph","46","14","16"
"<1 years","Randolph","1","0","0"
"Unknown years","Randolph","3","0","0"
"01-04 years","Richmond","67","0","1"
"05-09 years","Richmond","108","0","1"
"10-17 years","Richmond","393","0","2"
"18-29 years","Richmond","1771","3","19"
"30-39 years","Richmond","1284","3","42"
"40-49 years","Richmond","1106","10","56"
"50-59 years","Richmond","1081","14","98"
"60-69 years","Richmond","735","30","107"
"70-79 years","Richmond","411","34","109"
"80 & Older years","Richmond","303","74","143"
"<1 years","Richmond","32","0","1"
"Unknown years","Richmond","11","0","0"
"01-04 years","Rockdale","27","0","0"
"05-09 years","Rockdale","41","0","0"
"10-17 years","Rockdale","105","0","1"
"18-29 years","Rockdale","411","2","18"
"30-39 years","Rockdale","319","2","31"
"40-49 years","Rockdale","333","3","39"
"50-59 years","Rockdale","342","4","39"
"60-69 years","Rockdale","188","8","50"
"70-79 years","Rockdale","94","13","37"
"80 & Older years","Rockdale","36","5","15"
"<1 years","Rockdale","1","0","0"
"Unknown years","Rockdale","1","0","0"
"01-04 years","Schley","4","0","0"
"05-09 years","Schley","3","0","0"
"10-17 years","Schley","12","0","0"
"18-29 years","Schley","23","0","1"
"30-39 years","Schley","10","0","0"
"40-49 years","Schley","13","0","2"
"50-59 years","Schley","16","0","3"
"60-69 years","Schley","15","1","7"
"70-79 years","Schley","6","0","2"
"80 & Older years","Schley","3","1","1"
"<1 years","Schley","1","0","0"
"01-04 years","Screven","2","0","0"
"05-09 years","Screven","7","0","0"
"10-17 years","Screven","38","0","0"
"18-29 years","Screven","79","0","3"
"30-39 years","Screven","52","0","2"
"40-49 years","Screven","56","1","4"
"50-59 years","Screven","54","0","9"
"60-69 years","Screven","68","1","12"
"70-79 years","Screven","36","3","9"
"80 & Older years","Screven","27","6","7"
"<1 years","Screven","2","0","0"
"Unknown years","Screven","4","0","0"
"01-04 years","Seminole","12","0","0"
"05-09 years","Seminole","9","0","0"
"10-17 years","Seminole","38","0","0"
"18-29 years","Seminole","55","0","0"
"30-39 years","Seminole","45","0","0"
"40-49 years","Seminole","52","0","2"
"50-59 years","Seminole","56","1","4"
"60-69 years","Seminole","61","1","9"
"70-79 years","Seminole","35","4","7"
"80 & Older years","Seminole","9","3","3"
"<1 years","Seminole","2","0","0"
"Unknown years","Seminole","1","0","0"
"01-04 years","Spalding","17","0","0"
"05-09 years","Spalding","10","0","0"
"10-17 years","Spalding","57","0","2"
"18-29 years","Spalding","241","0","9"
"30-39 years","Spalding","213","1","16"
"40-49 years","Spalding","203","2","21"
"50-59 years","Spalding","218","7","45"
"60-69 years","Spalding","173","11","33"
"70-79 years","Spalding","117","16","34"
"80 & Older years","Spalding","114","25","31"
"<1 years","Spalding","1","0","0"
"Unknown years","Spalding","9","0","0"
"01-04 years","Stephens","8","0","0"
"05-09 years","Stephens","22","0","0"
"10-17 years","Stephens","58","0","1"
"18-29 years","Stephens","211","0","8"
"30-39 years","Stephens","123","0","6"
"40-49 years","Stephens","152","1","13"
"50-59 years","Stephens","175","3","18"
"60-69 years","Stephens","167","7","31"
"70-79 years","Stephens","129","11","26"
"80 & Older years","Stephens","88","16","18"
"<1 years","Stephens","1","0","0"
"Unknown years","Stephens","8","0","0"
"01-04 years","Stewart","1","0","0"
"05-09 years","Stewart","2","0","0"
"10-17 years","Stewart","10","0","0"
"18-29 years","Stewart","109","0","10"
"30-39 years","Stewart","146","1","15"
"40-49 years","Stewart","99","1","14"
"50-59 years","Stewart","57","1","10"
"60-69 years","Stewart","46","6","21"
"70-79 years","Stewart","21","2","3"
"80 & Older years","Stewart","17","4","4"
"<1 years","Stewart","1","0","0"
"Unknown years","Stewart","14","0","4"
"01-04 years","Sumter","7","0","0"
"05-09 years","Sumter","12","0","0"
"10-17 years","Sumter","22","0","2"
"18-29 years","Sumter","166","1","5"
"30-39 years","Sumter","130","1","16"
"40-49 years","Sumter","124","2","17"
"50-59 years","Sumter","149","2","37"
"60-69 years","Sumter","150","17","56"
"70-79 years","Sumter","108","19","36"
"80 & Older years","Sumter","69","22","35"
"<1 years","Sumter","1","0","0"
"Unknown years","Sumter","3","0","0"
"01-04 years","Talbot","1","0","0"
"05-09 years","Talbot","1","0","0"
"10-17 years","Talbot","15","0","0"
"18-29 years","Talbot","21","0","1"
"30-39 years","Talbot","16","0","1"
"40-49 years","Talbot","35","1","4"
"50-59 years","Talbot","29","0","3"
"60-69 years","Talbot","23","2","8"
"70-79 years","Talbot","14","1","2"
"80 & Older years","Talbot","10","2","5"
"Unknown years","Talbot","1","0","0"
"10-17 years","Taliaferro","1","0","0"
"18-29 years","Taliaferro","2","0","0"
"30-39 years","Taliaferro","3","0","0"
"40-49 years","Taliaferro","7","0","1"
"50-59 years","Taliaferro","6","0","0"
"60-69 years","Taliaferro","1","0","0"
"70-79 years","Taliaferro","2","0","0"
"80 & Older years","Taliaferro","1","0","1"
"01-04 years","Tattnall","16","0","0"
"05-09 years","Tattnall","27","0","0"
"10-17 years","Tattnall","71","0","0"
"18-29 years","Tattnall","183","0","0"
"30-39 years","Tattnall","118","0","3"
"40-49 years","Tattnall","138","0","5"
"50-59 years","Tattnall","134","3","14"
"60-69 years","Tattnall","102","4","17"
"70-79 years","Tattnall","41","3","17"
"80 & Older years","Tattnall","17","1","6"
"<1 years","Tattnall","4","0","0"
"Unknown years","Tattnall","3","0","0"
"01-04 years","Taylor","7","0","0"
"05-09 years","Taylor","6","0","0"
"10-17 years","Taylor","28","0","1"
"18-29 years","Taylor","42","0","0"
"30-39 years","Taylor","18","0","3"
"40-49 years","Taylor","30","1","3"
"50-59 years","Taylor","29","0","6"
"60-69 years","Taylor","24","4","9"
"70-79 years","Taylor","17","2","6"
"80 & Older years","Taylor","12","4","4"
"<1 years","Taylor","1","0","0"
"Unknown years","Taylor","2","0","0"
"01-04 years","Telfair","5","0","0"
"05-09 years","Telfair","5","0","0"
"10-17 years","Telfair","8","0","0"
"18-29 years","Telfair","65","0","2"
"30-39 years","Telfair","38","0","1"
"40-49 years","Telfair","66","0","4"
"50-59 years","Telfair","64","3","6"
"60-69 years","Telfair","68","3","12"
"70-79 years","Telfair","44","4","9"
"80 & Older years","Telfair","31","11","6"
"<1 years","Telfair","2","0","0"
"01-04 years","Terrell","3","0","0"
"05-09 years","Terrell","1","0","0"
"10-17 years","Terrell","16","0","0"
"18-29 years","Terrell","37","0","1"
"30-39 years","Terrell","49","0","9"
"40-49 years","Terrell","41","0","7"
"50-59 years","Terrell","57","3","8"
"60-69 years","Terrell","65","9","23"
"70-79 years","Terrell","42","12","19"
"80 & Older years","Terrell","22","8","7"
"01-04 years","Thomas","21","0","0"
"05-09 years","Thomas","24","0","0"
"10-17 years","Thomas","82","0","0"
"18-29 years","Thomas","267","1","11"
"30-39 years","Thomas","225","0","10"
"40-49 years","Thomas","229","4","15"
"50-59 years","Thomas","239","4","21"
"60-69 years","Thomas","217","7","49"
"70-79 years","Thomas","123","20","32"
"80 & Older years","Thomas","87","30","30"
"<1 years","Thomas","4","0","1"
"01-04 years","Tift","18","0","0"
"05-09 years","Tift","33","0","0"
"10-17 years","Tift","120","0","3"
"18-29 years","Tift","487","0","11"
"30-39 years","Tift","285","1","18"
"40-49 years","Tift","277","5","32"
"50-59 years","Tift","240","9","41"
"60-69 years","Tift","171","12","42"
"70-79 years","Tift","129","15","45"
"80 & Older years","Tift","61","15","36"
"<1 years","Tift","9","0","0"
"Unknown years","Tift","1","0","0"
"01-04 years","Toombs","16","0","0"
"05-09 years","Toombs","25","0","0"
"10-17 years","Toombs","104","0","1"
"18-29 years","Toombs","277","0","4"
"30-39 years","Toombs","208","0","0"
"40-49 years","Toombs","202","1","17"
"50-59 years","Toombs","180","5","13"
"60-69 years","Toombs","159","4","31"
"70-79 years","Toombs","120","19","23"
"80 & Older years","Toombs","79","22","17"
"<1 years","Toombs","1","0","0"
"Unknown years","Toombs","3","0","0"
"05-09 years","Towns","3","0","0"
"10-17 years","Towns","9","0","0"
"18-29 years","Towns","67","0","1"
"30-39 years","Towns","38","0","1"
"40-49 years","Towns","31","1","2"
"50-59 years","Towns","56","1","4"
"60-69 years","Towns","67","0","2"
"70-79 years","Towns","50","1","10"
"80 & Older years","Towns","38","7","20"
"01-04 years","Treutlen","2","0","0"
"05-09 years","Treutlen","4","0","0"
"10-17 years","Treutlen","16","0","0"
"18-29 years","Treutlen","47","0","1"
"30-39 years","Treutlen","37","0","2"
"40-49 years","Treutlen","49","0","4"
"50-59 years","Treutlen","41","1","5"
"60-69 years","Treutlen","31","2","9"
"70-79 years","Treutlen","25","5","4"
"80 & Older years","Treutlen","15","3","5"
"01-04 years","Troup","83","0","0"
"05-09 years","Troup","89","0","0"
"10-17 years","Troup","186","0","2"
"18-29 years","Troup","639","0","21"
"30-39 years","Troup","467","5","30"
"40-49 years","Troup","400","2","38"
"50-59 years","Troup","397","11","68"
"60-69 years","Troup","295","15","59"
"70-79 years","Troup","141","26","56"
"80 & Older years","Troup","133","43","41"
"<1 years","Troup","25","0","1"
"Unknown years","Troup","6","0","0"
"05-09 years","Turner","3","0","0"
"10-17 years","Turner","10","0","0"
"18-29 years","Turner","43","0","1"
"30-39 years","Turner","64","0","6"
"40-49 years","Turner","45","0","2"
"50-59 years","Turner","59","2","7"
"60-69 years","Turner","44","6","15"
"70-79 years","Turner","25","6","10"
"80 & Older years","Turner","23","10","8"
"<1 years","Turner","1","0","1"
"01-04 years","Twiggs","6","0","0"
"05-09 years","Twiggs","1","0","0"
"10-17 years","Twiggs","12","0","0"
"18-29 years","Twiggs","27","0","1"
"30-39 years","Twiggs","26","1","4"
"40-49 years","Twiggs","28","1","7"
"50-59 years","Twiggs","37","1","8"
"60-69 years","Twiggs","38","1","14"
"70-79 years","Twiggs","19","2","10"
"80 & Older years","Twiggs","5","3","4"
"01-04 years","Union","3","0","0"
"05-09 years","Union","10","0","0"
"10-17 years","Union","26","0","1"
"18-29 years","Union","99","1","1"
"30-39 years","Union","84","0","2"
"40-49 years","Union","102","0","8"
"50-59 years","Union","125","2","6"
"60-69 years","Union","133","1","19"
"70-79 years","Union","127","7","24"
"80 & Older years","Union","111","10","25"
"<1 years","Union","1","0","0"
"Unknown years","Union","2","0","0"
"01-04 years","Unknown","14","0","0"
"05-09 years","Unknown","41","0","0"
"10-17 years","Unknown","160","0","1"
"18-29 years","Unknown","567","1","6"
"30-39 years","Unknown","376","0","6"
"40-49 years","Unknown","323","1","3"
"50-59 years","Unknown","301","2","5"
"60-69 years","Unknown","184","2","11"
"70-79 years","Unknown","105","1","14"
"80 & Older years","Unknown","51","0","4"
"<1 years","Unknown","18","0","0"
"Unknown years","Unknown","55","0","3"
"01-04 years","Upson","17","0","0"
"05-09 years","Upson","20","0","0"
"10-17 years","Upson","48","0","1"
"18-29 years","Upson","124","0","4"
"30-39 years","Upson","84","1","3"
"40-49 years","Upson","101","1","6"
"50-59 years","Upson","129","3","12"
"60-69 years","Upson","117","12","17"
"70-79 years","Upson","88","21","22"
"80 & Older years","Upson","73","25","20"
"<1 years","Upson","3","0","0"
"Unknown years","Upson","5","0","0"
"01-04 years","Walker","10","0","0"
"05-09 years","Walker","24","0","0"
"10-17 years","Walker","130","0","0"
"18-29 years","Walker","302","0","1"
"30-39 years","Walker","224","0","5"
"40-49 years","Walker","265","2","8"
"50-59 years","Walker","216","1","12"
"60-69 years","Walker","203","7","21"
"70-79 years","Walker","134","17","24"
"80 & Older years","Walker","94","11","16"
"<1 years","Walker","9","0","0"
"Unknown years","Walker","28","0","2"
"01-04 years","Walton","14","0","0"
"05-09 years","Walton","28","0","1"
"10-17 years","Walton","119","0","1"
"18-29 years","Walton","367","0","10"
"30-39 years","Walton","286","0","11"
"40-49 years","Walton","260","1","23"
"50-59 years","Walton","311","3","33"
"60-69 years","Walton","198","7","35"
"70-79 years","Walton","157","13","40"
"80 & Older years","Walton","139","33","38"
"<1 years","Walton","3","0","0"
"Unknown years","Walton","1","0","0"
"01-04 years","Ware","41","0","1"
"05-09 years","Ware","37","0","0"
"10-17 years","Ware","112","0","2"
"18-29 years","Ware","291","0","3"
"30-39 years","Ware","225","0","11"
"40-49 years","Ware","170","2","15"
"50-59 years","Ware","222","3","37"
"60-69 years","Ware","163","7","28"
"70-79 years","Ware","143","23","53"
"80 & Older years","Ware","107","27","30"
"<1 years","Ware","8","0","0"
"Unknown years","Ware","6","0","1"
"01-04 years","Warren","4","0","0"
"05-09 years","Warren","1","0","0"
"10-17 years","Warren","9","0","0"
"18-29 years","Warren","23","0","1"
"30-39 years","Warren","23","0","2"
"40-49 years","Warren","21","0","4"
"50-59 years","Warren","30","1","5"
"60-69 years","Warren","21","2","5"
"70-79 years","Warren","16","1","6"
"80 & Older years","Warren","7","1","1"
"<1 years","Warren","2","0","1"
"Unknown years","Warren","2","0","0"
"01-04 years","Washington","9","0","0"
"05-09 years","Washington","9","0","1"
"10-17 years","Washington","48","0","1"
"18-29 years","Washington","134","0","4"
"30-39 years","Washington","102","0","7"
"40-49 years","Washington","141","1","8"
"50-59 years","Washington","93","0","9"
"60-69 years","Washington","85","4","11"
"70-79 years","Washington","47","1","8"
"80 & Older years","Washington","15","2","4"
"<1 years","Washington","6","0","0"
"Unknown years","Washington","3","0","0"
"01-04 years","Wayne","12","0","0"
"05-09 years","Wayne","5","0","0"
"10-17 years","Wayne","56","0","0"
"18-29 years","Wayne","187","2","7"
"30-39 years","Wayne","192","0","3"
"40-49 years","Wayne","217","0","18"
"50-59 years","Wayne","175","2","10"
"60-69 years","Wayne","127","7","27"
"70-79 years","Wayne","119","11","34"
"80 & Older years","Wayne","64","9","11"
"<1 years","Wayne","1","0","0"
"Unknown years","Wayne","7","0","0"
"18-29 years","Webster","9","0","1"
"30-39 years","Webster","2","0","0"
"40-49 years","Webster","7","0","2"
"50-59 years","Webster","11","2","4"
"60-69 years","Webster","9","0","3"
"70-79 years","Webster","3","0","0"
"Unknown years","Webster","2","0","0"
"05-09 years","Wheeler","2","0","0"
"10-17 years","Wheeler","12","0","0"
"18-29 years","Wheeler","37","0","0"
"30-39 years","Wheeler","53","1","2"
"40-49 years","Wheeler","67","1","3"
"50-59 years","Wheeler","68","4","5"
"60-69 years","Wheeler","46","2","5"
"70-79 years","Wheeler","26","2","4"
"80 & Older years","Wheeler","8","1","0"
"<1 years","Wheeler","2","0","0"
"Unknown years","Wheeler","27","1","1"
"01-04 years","White","7","0","0"
"05-09 years","White","14","0","0"
"10-17 years","White","59","0","1"
"18-29 years","White","143","1","4"
"30-39 years","White","116","0","3"
"40-49 years","White","129","1","6"
"50-59 years","White","130","1","13"
"60-69 years","White","127","3","23"
"70-79 years","White","95","4","29"
"80 & Older years","White","66","10","21"
"<1 years","White","4","0","0"
"Unknown years","White","12","0","1"
"01-04 years","Whitfield","59","0","2"
"05-09 years","Whitfield","73","0","1"
"10-17 years","Whitfield","366","0","1"
"18-29 years","Whitfield","1347","0","22"
"30-39 years","Whitfield","797","1","27"
"40-49 years","Whitfield","811","1","35"
"50-59 years","Whitfield","652","10","45"
"60-69 years","Whitfield","329","15","51"
"70-79 years","Whitfield","178","12","37"
"80 & Older years","Whitfield","98","22","24"
"<1 years","Whitfield","25","0","3"
"Unknown years","Whitfield","4","0","0"
"01-04 years","Wilcox","8","0","0"
"05-09 years","Wilcox","1","0","0"
"10-17 years","Wilcox","9","0","0"
"18-29 years","Wilcox","15","0","0"
"30-39 years","Wilcox","19","0","1"
"40-49 years","Wilcox","45","0","11"
"50-59 years","Wilcox","38","0","9"
"60-69 years","Wilcox","63","8","19"
"70-79 years","Wilcox","34","9","7"
"80 & Older years","Wilcox","16","7","4"
"<1 years","Wilcox","1","0","0"
"01-04 years","Wilkes","3","0","0"
"05-09 years","Wilkes","6","0","0"
"10-17 years","Wilkes","27","0","0"
"18-29 years","Wilkes","57","0","0"
"30-39 years","Wilkes","43","0","3"
"40-49 years","Wilkes","40","0","6"
"50-59 years","Wilkes","44","1","2"
"60-69 years","Wilkes","20","0","3"
"70-79 years","Wilkes","19","1","9"
"80 & Older years","Wilkes","10","3","6"
"01-04 years","Wilkinson","4","0","0"
"05-09 years","Wilkinson","7","0","0"
"10-17 years","Wilkinson","11","0","0"
"18-29 years","Wilkinson","59","0","2"
"30-39 years","Wilkinson","46","0","4"
"40-49 years","Wilkinson","36","0","2"
"50-59 years","Wilkinson","68","3","14"
"60-69 years","Wilkinson","69","5","20"
"70-79 years","Wilkinson","30","6","13"
"80 & Older years","Wilkinson","17","4","10"
"01-04 years","Worth","5","0","0"
"05-09 years","Worth","4","0","0"
"10-17 years","Worth","27","0","4"
"18-29 years","Worth","92","0","3"
"30-39 years","Worth","56","0","3"
"40-49 years","Worth","76","1","10"
"50-59 years","Worth","96","3","17"
"60-69 years","Worth","92","12","30"
"70-79 years","Worth","57","7","17"
"80 & Older years","Worth","43","7","10"
"<1 years","Worth","3","0","0"
"Unknown years","Worth","1","0","0"
