"age group","county name","cases","deaths","confirmed_case_hospitalization"
"01-04 years","Georgia","23983","3","361"
"05-09 years","Georgia","45816","5","328"
"10-17 years","Georgia","125885","15","1252"
"18-29 years","Georgia","283209","225","6183"
"30-39 years","Georgia","216468","584","8133"
"40-49 years","Georgia","199730","1319","11334"
"50-59 years","Georgia","180987","3105","16430"
"60-69 years","Georgia","121200","5527","18447"
"70-79 years","Georgia","68704","7080","16646"
"80 & Older years","Georgia","37566","8256","12171"
"<1 years","Georgia","7321","1","448"
"Unknown years","Georgia","2660","0","148"
"01-04 years","Appling","56","0","0"
"05-09 years","Appling","92","0","0"
"10-17 years","Appling","338","0","3"
"18-29 years","Appling","500","1","8"
"30-39 years","Appling","372","3","10"
"40-49 years","Appling","376","9","27"
"50-59 years","Appling","401","11","43"
"60-69 years","Appling","333","21","67"
"70-79 years","Appling","222","25","46"
"80 & Older years","Appling","114","28","40"
"<1 years","Appling","9","0","0"
"01-04 years","Atkinson","21","0","1"
"05-09 years","Atkinson","46","0","1"
"10-17 years","Atkinson","118","0","1"
"18-29 years","Atkinson","246","0","15"
"30-39 years","Atkinson","186","0","15"
"40-49 years","Atkinson","188","4","34"
"50-59 years","Atkinson","184","5","37"
"60-69 years","Atkinson","122","7","40"
"70-79 years","Atkinson","62","8","25"
"80 & Older years","Atkinson","21","8","14"
"<1 years","Atkinson","4","0","0"
"01-04 years","Bacon","40","0","0"
"05-09 years","Bacon","55","0","0"
"10-17 years","Bacon","170","0","1"
"18-29 years","Bacon","517","0","9"
"30-39 years","Bacon","284","1","10"
"40-49 years","Bacon","291","5","21"
"50-59 years","Bacon","223","3","22"
"60-69 years","Bacon","205","17","47"
"70-79 years","Bacon","126","13","36"
"80 & Older years","Bacon","57","13","20"
"<1 years","Bacon","13","0","0"
"Unknown years","Bacon","1","0","0"
"01-04 years","Baker","10","0","0"
"05-09 years","Baker","13","0","0"
"10-17 years","Baker","15","0","0"
"18-29 years","Baker","44","0","0"
"30-39 years","Baker","28","0","4"
"40-49 years","Baker","27","3","3"
"50-59 years","Baker","34","0","4"
"60-69 years","Baker","39","3","16"
"70-79 years","Baker","20","3","11"
"80 & Older years","Baker","15","4","6"
"<1 years","Baker","2","0","0"
"01-04 years","Baldwin","68","0","1"
"05-09 years","Baldwin","142","0","0"
"10-17 years","Baldwin","408","1","5"
"18-29 years","Baldwin","1600","0","19"
"30-39 years","Baldwin","699","2","20"
"40-49 years","Baldwin","687","5","43"
"50-59 years","Baldwin","670","22","77"
"60-69 years","Baldwin","517","39","90"
"70-79 years","Baldwin","315","42","69"
"80 & Older years","Baldwin","197","61","74"
"<1 years","Baldwin","28","0","1"
"Unknown years","Baldwin","1","0","0"
"01-04 years","Banks","28","0","1"
"05-09 years","Banks","60","0","1"
"10-17 years","Banks","200","0","5"
"18-29 years","Banks","469","0","18"
"30-39 years","Banks","356","0","18"
"40-49 years","Banks","364","5","28"
"50-59 years","Banks","375","6","40"
"60-69 years","Banks","307","15","67"
"70-79 years","Banks","220","23","76"
"80 & Older years","Banks","101","15","35"
"<1 years","Banks","15","0","2"
"Unknown years","Banks","14","0","1"
"01-04 years","Barrow","206","0","0"
"05-09 years","Barrow","441","0","0"
"10-17 years","Barrow","1380","1","13"
"18-29 years","Barrow","2620","1","57"
"30-39 years","Barrow","2350","3","83"
"40-49 years","Barrow","2307","11","119"
"50-59 years","Barrow","1909","19","170"
"60-69 years","Barrow","1265","47","194"
"70-79 years","Barrow","703","53","136"
"80 & Older years","Barrow","313","61","114"
"<1 years","Barrow","72","0","5"
"Unknown years","Barrow","11","0","2"
"01-04 years","Bartow","260","0","7"
"05-09 years","Bartow","443","0","4"
"10-17 years","Bartow","1520","0","16"
"18-29 years","Bartow","3006","0","36"
"30-39 years","Bartow","2477","6","63"
"40-49 years","Bartow","2483","8","117"
"50-59 years","Bartow","2505","34","211"
"60-69 years","Bartow","1592","75","212"
"70-79 years","Bartow","1064","106","242"
"80 & Older years","Bartow","501","94","147"
"<1 years","Bartow","86","0","6"
"Unknown years","Bartow","24","0","4"
"01-04 years","Ben Hill","39","0","1"
"05-09 years","Ben Hill","31","0","0"
"10-17 years","Ben Hill","149","0","0"
"18-29 years","Ben Hill","364","0","5"
"30-39 years","Ben Hill","267","3","12"
"40-49 years","Ben Hill","259","2","14"
"50-59 years","Ben Hill","278","8","34"
"60-69 years","Ben Hill","240","17","36"
"70-79 years","Ben Hill","160","22","56"
"80 & Older years","Ben Hill","77","20","21"
"<1 years","Ben Hill","11","0","2"
"01-04 years","Berrien","40","0","0"
"05-09 years","Berrien","43","0","0"
"10-17 years","Berrien","147","0","1"
"18-29 years","Berrien","291","0","0"
"30-39 years","Berrien","250","0","3"
"40-49 years","Berrien","198","1","7"
"50-59 years","Berrien","221","6","22"
"60-69 years","Berrien","175","11","26"
"70-79 years","Berrien","121","18","22"
"80 & Older years","Berrien","61","15","15"
"<1 years","Berrien","10","0","0"
"Unknown years","Berrien","1","0","0"
"01-04 years","Bibb","319","0","6"
"05-09 years","Bibb","555","0","2"
"10-17 years","Bibb","1596","0","14"
"18-29 years","Bibb","4611","4","127"
"30-39 years","Bibb","3395","11","184"
"40-49 years","Bibb","3115","27","303"
"50-59 years","Bibb","2820","61","413"
"60-69 years","Bibb","2150","134","541"
"70-79 years","Bibb","1217","165","454"
"80 & Older years","Bibb","728","190","367"
"<1 years","Bibb","92","0","8"
"Unknown years","Bibb","3","0","1"
"01-04 years","Bleckley","14","0","0"
"05-09 years","Bleckley","37","0","0"
"10-17 years","Bleckley","116","0","0"
"18-29 years","Bleckley","254","0","6"
"30-39 years","Bleckley","151","1","5"
"40-49 years","Bleckley","141","1","2"
"50-59 years","Bleckley","145","4","9"
"60-69 years","Bleckley","107","9","15"
"70-79 years","Bleckley","75","7","14"
"80 & Older years","Bleckley","62","18","13"
"<1 years","Bleckley","8","0","0"
"01-04 years","Brantley","34","0","0"
"05-09 years","Brantley","66","0","0"
"10-17 years","Brantley","209","0","1"
"18-29 years","Brantley","347","0","5"
"30-39 years","Brantley","276","2","8"
"40-49 years","Brantley","262","5","20"
"50-59 years","Brantley","302","17","33"
"60-69 years","Brantley","207","15","37"
"70-79 years","Brantley","141","24","44"
"80 & Older years","Brantley","61","13","17"
"<1 years","Brantley","5","0","0"
"01-04 years","Brooks","29","0","1"
"05-09 years","Brooks","49","0","0"
"10-17 years","Brooks","122","0","0"
"18-29 years","Brooks","261","0","4"
"30-39 years","Brooks","198","1","10"
"40-49 years","Brooks","189","2","15"
"50-59 years","Brooks","221","5","30"
"60-69 years","Brooks","141","11","28"
"70-79 years","Brooks","116","16","26"
"80 & Older years","Brooks","75","19","22"
"<1 years","Brooks","11","0","0"
"01-04 years","Bryan","122","0","0"
"05-09 years","Bryan","228","0","2"
"10-17 years","Bryan","603","0","4"
"18-29 years","Bryan","857","1","20"
"30-39 years","Bryan","803","4","28"
"40-49 years","Bryan","807","5","49"
"50-59 years","Bryan","554","8","52"
"60-69 years","Bryan","374","18","61"
"70-79 years","Bryan","223","19","85"
"80 & Older years","Bryan","80","10","31"
"<1 years","Bryan","48","0","3"
"Unknown years","Bryan","7","0","0"
"01-04 years","Bulloch","156","0","1"
"05-09 years","Bulloch","307","0","1"
"10-17 years","Bulloch","877","0","4"
"18-29 years","Bulloch","3007","1","15"
"30-39 years","Bulloch","1079","5","30"
"40-49 years","Bulloch","868","7","37"
"50-59 years","Bulloch","752","18","61"
"60-69 years","Bulloch","532","24","70"
"70-79 years","Bulloch","260","26","60"
"80 & Older years","Bulloch","127","19","43"
"<1 years","Bulloch","67","0","4"
"01-04 years","Burke","34","0","0"
"05-09 years","Burke","73","0","0"
"10-17 years","Burke","200","0","1"
"18-29 years","Burke","465","2","12"
"30-39 years","Burke","369","1","16"
"40-49 years","Burke","376","4","22"
"50-59 years","Burke","345","6","39"
"60-69 years","Burke","269","8","49"
"70-79 years","Burke","137","16","41"
"80 & Older years","Burke","47","11","19"
"<1 years","Burke","14","0","0"
"Unknown years","Burke","2","0","0"
"01-04 years","Butts","51","0","3"
"05-09 years","Butts","76","0","0"
"10-17 years","Butts","262","0","5"
"18-29 years","Butts","654","0","9"
"30-39 years","Butts","584","0","10"
"40-49 years","Butts","520","5","25"
"50-59 years","Butts","535","17","47"
"60-69 years","Butts","365","19","47"
"70-79 years","Butts","259","34","46"
"80 & Older years","Butts","145","39","13"
"<1 years","Butts","18","0","3"
"01-04 years","Calhoun","16","0","0"
"05-09 years","Calhoun","13","0","0"
"10-17 years","Calhoun","62","0","1"
"18-29 years","Calhoun","96","0","6"
"30-39 years","Calhoun","81","3","7"
"40-49 years","Calhoun","97","1","11"
"50-59 years","Calhoun","103","4","21"
"60-69 years","Calhoun","89","4","24"
"70-79 years","Calhoun","34","7","11"
"80 & Older years","Calhoun","22","2","10"
"<1 years","Calhoun","5","0","0"
"01-04 years","Camden","136","0","0"
"05-09 years","Camden","248","0","2"
"10-17 years","Camden","635","0","1"
"18-29 years","Camden","1373","0","11"
"30-39 years","Camden","1114","3","26"
"40-49 years","Camden","783","10","29"
"50-59 years","Camden","824","11","38"
"60-69 years","Camden","558","22","52"
"70-79 years","Camden","318","12","35"
"80 & Older years","Camden","130","22","29"
"<1 years","Camden","24","0","2"
"Unknown years","Camden","7","0","0"
"01-04 years","Candler","15","0","0"
"05-09 years","Candler","41","0","0"
"10-17 years","Candler","104","0","0"
"18-29 years","Candler","186","0","1"
"30-39 years","Candler","152","0","6"
"40-49 years","Candler","166","5","4"
"50-59 years","Candler","187","13","20"
"60-69 years","Candler","130","9","19"
"70-79 years","Candler","95","15","23"
"80 & Older years","Candler","35","8","15"
"<1 years","Candler","6","0","0"
"01-04 years","Carroll","173","0","1"
"05-09 years","Carroll","309","0","3"
"10-17 years","Carroll","1039","0","6"
"18-29 years","Carroll","2368","1","18"
"30-39 years","Carroll","1602","4","25"
"40-49 years","Carroll","1504","10","46"
"50-59 years","Carroll","1438","17","66"
"60-69 years","Carroll","1008","33","98"
"70-79 years","Carroll","564","39","78"
"80 & Older years","Carroll","317","58","49"
"<1 years","Carroll","47","0","2"
"Unknown years","Carroll","11","0","1"
"01-04 years","Catoosa","176","0","1"
"05-09 years","Catoosa","311","0","1"
"10-17 years","Catoosa","923","0","2"
"18-29 years","Catoosa","1639","1","13"
"30-39 years","Catoosa","1306","2","14"
"40-49 years","Catoosa","1391","3","30"
"50-59 years","Catoosa","1234","11","53"
"60-69 years","Catoosa","845","13","75"
"70-79 years","Catoosa","507","26","78"
"80 & Older years","Catoosa","343","42","61"
"<1 years","Catoosa","67","0","1"
"Unknown years","Catoosa","43","0","2"
"01-04 years","Charlton","21","0","0"
"05-09 years","Charlton","45","0","0"
"10-17 years","Charlton","99","0","0"
"18-29 years","Charlton","413","1","3"
"30-39 years","Charlton","346","2","6"
"40-49 years","Charlton","282","3","14"
"50-59 years","Charlton","207","4","13"
"60-69 years","Charlton","201","12","33"
"70-79 years","Charlton","92","11","25"
"80 & Older years","Charlton","40","10","18"
"<1 years","Charlton","7","0","0"
"Unknown years","Charlton","1","0","0"
"01-04 years","Chatham","996","0","6"
"05-09 years","Chatham","1538","1","5"
"10-17 years","Chatham","3252","0","32"
"18-29 years","Chatham","7948","6","156"
"30-39 years","Chatham","5979","24","244"
"40-49 years","Chatham","4519","42","303"
"50-59 years","Chatham","3832","85","441"
"60-69 years","Chatham","2955","140","572"
"70-79 years","Chatham","1570","172","508"
"80 & Older years","Chatham","922","208","423"
"<1 years","Chatham","335","0","16"
"Unknown years","Chatham","19","0","2"
"01-04 years","Chattahoochee","12","0","0"
"05-09 years","Chattahoochee","28","0","0"
"10-17 years","Chattahoochee","186","0","2"
"18-29 years","Chattahoochee","4626","7","8"
"30-39 years","Chattahoochee","436","2","5"
"40-49 years","Chattahoochee","75","1","1"
"50-59 years","Chattahoochee","46","1","10"
"60-69 years","Chattahoochee","22","1","6"
"70-79 years","Chattahoochee","15","1","5"
"80 & Older years","Chattahoochee","9","3","5"
"<1 years","Chattahoochee","11","0","0"
"Unknown years","Chattahoochee","1","0","0"
"01-04 years","Chattooga","62","0","0"
"05-09 years","Chattooga","117","0","1"
"10-17 years","Chattooga","424","0","3"
"18-29 years","Chattooga","653","0","7"
"30-39 years","Chattooga","560","2","11"
"40-49 years","Chattooga","567","4","28"
"50-59 years","Chattooga","548","10","44"
"60-69 years","Chattooga","420","23","60"
"70-79 years","Chattooga","255","22","67"
"80 & Older years","Chattooga","148","30","38"
"<1 years","Chattooga","28","0","3"
"Unknown years","Chattooga","9","0","1"
"01-04 years","Cherokee","483","0","8"
"05-09 years","Cherokee","1217","0","11"
"10-17 years","Cherokee","3848","0","23"
"18-29 years","Cherokee","6068","2","120"
"30-39 years","Cherokee","4747","8","178"
"40-49 years","Cherokee","5273","13","242"
"50-59 years","Cherokee","4975","42","376"
"60-69 years","Cherokee","3009","83","403"
"70-79 years","Cherokee","1868","126","386"
"80 & Older years","Cherokee","1023","187","324"
"<1 years","Cherokee","129","0","7"
"Unknown years","Cherokee","7","0","0"
"01-04 years","Clarke","312","0","3"
"05-09 years","Clarke","529","0","7"
"10-17 years","Clarke","1168","0","16"
"18-29 years","Clarke","8013","0","93"
"30-39 years","Clarke","2365","3","77"
"40-49 years","Clarke","1884","5","99"
"50-59 years","Clarke","1577","17","127"
"60-69 years","Clarke","1047","35","144"
"70-79 years","Clarke","622","60","152"
"80 & Older years","Clarke","313","60","99"
"<1 years","Clarke","105","0","4"
"Unknown years","Clarke","10","0","0"
"01-04 years","Clay","3","0","0"
"05-09 years","Clay","5","0","0"
"10-17 years","Clay","23","0","0"
"18-29 years","Clay","38","0","0"
"30-39 years","Clay","40","0","2"
"40-49 years","Clay","40","0","2"
"50-59 years","Clay","24","1","3"
"60-69 years","Clay","27","1","2"
"70-79 years","Clay","21","0","1"
"80 & Older years","Clay","14","2","4"
"Unknown years","Clay","1","0","0"
"01-04 years","Clayton","886","0","15"
"05-09 years","Clayton","1553","1","14"
"10-17 years","Clayton","3715","1","61"
"18-29 years","Clayton","7608","9","217"
"30-39 years","Clayton","6976","33","324"
"40-49 years","Clayton","5826","53","352"
"50-59 years","Clayton","5109","110","472"
"60-69 years","Clayton","3167","192","435"
"70-79 years","Clayton","1311","179","288"
"80 & Older years","Clayton","611","159","175"
"<1 years","Clayton","209","0","14"
"Unknown years","Clayton","30","0","7"
"01-04 years","Clinch","23","0","0"
"05-09 years","Clinch","37","0","0"
"10-17 years","Clinch","101","0","0"
"18-29 years","Clinch","190","0","2"
"30-39 years","Clinch","153","1","5"
"40-49 years","Clinch","136","0","4"
"50-59 years","Clinch","139","3","19"
"60-69 years","Clinch","139","12","24"
"70-79 years","Clinch","68","10","23"
"80 & Older years","Clinch","23","8","10"
"<1 years","Clinch","7","0","0"
"01-04 years","Cobb","1536","1","25"
"05-09 years","Cobb","3582","0","29"
"10-17 years","Cobb","8751","0","70"
"18-29 years","Cobb","20682","9","312"
"30-39 years","Cobb","15035","36","371"
"40-49 years","Cobb","14014","61","570"
"50-59 years","Cobb","12038","124","781"
"60-69 years","Cobb","7289","237","777"
"70-79 years","Cobb","3938","365","723"
"80 & Older years","Cobb","2231","502","657"
"<1 years","Cobb","389","0","25"
"Unknown years","Cobb","67","0","2"
"01-04 years","Coffee","145","0","2"
"05-09 years","Coffee","232","0","3"
"10-17 years","Coffee","567","0","6"
"18-29 years","Coffee","1287","1","39"
"30-39 years","Coffee","997","6","66"
"40-49 years","Coffee","971","16","140"
"50-59 years","Coffee","921","24","196"
"60-69 years","Coffee","687","50","192"
"70-79 years","Coffee","353","53","161"
"80 & Older years","Coffee","188","45","105"
"<1 years","Coffee","42","0","4"
"01-04 years","Colquitt","86","0","0"
"05-09 years","Colquitt","211","0","2"
"10-17 years","Colquitt","681","0","12"
"18-29 years","Colquitt","1108","1","30"
"30-39 years","Colquitt","824","3","34"
"40-49 years","Colquitt","828","8","49"
"50-59 years","Colquitt","762","24","53"
"60-69 years","Colquitt","535","32","65"
"70-79 years","Colquitt","348","30","65"
"80 & Older years","Colquitt","186","37","42"
"<1 years","Colquitt","36","0","2"
"Unknown years","Colquitt","1","0","0"
"01-04 years","Columbia","240","1","3"
"05-09 years","Columbia","569","1","6"
"10-17 years","Columbia","1704","0","9"
"18-29 years","Columbia","2950","2","37"
"30-39 years","Columbia","2770","6","50"
"40-49 years","Columbia","2405","16","74"
"50-59 years","Columbia","1973","36","112"
"60-69 years","Columbia","1289","45","126"
"70-79 years","Columbia","672","66","147"
"80 & Older years","Columbia","396","86","133"
"<1 years","Columbia","67","0","4"
"Unknown years","Columbia","9","0","0"
"01-04 years","Cook","35","0","3"
"05-09 years","Cook","63","0","0"
"10-17 years","Cook","161","0","2"
"18-29 years","Cook","309","0","8"
"30-39 years","Cook","256","0","4"
"40-49 years","Cook","258","3","19"
"50-59 years","Cook","226","7","23"
"60-69 years","Cook","162","11","23"
"70-79 years","Cook","120","13","30"
"80 & Older years","Cook","74","19","16"
"<1 years","Cook","17","0","2"
"Unknown years","Cook","1","0","0"
"01-04 years","Coweta","260","0","3"
"05-09 years","Coweta","470","0","2"
"10-17 years","Coweta","1422","0","13"
"18-29 years","Coweta","2423","5","62"
"30-39 years","Coweta","1990","11","102"
"40-49 years","Coweta","2085","28","132"
"50-59 years","Coweta","2253","49","185"
"60-69 years","Coweta","1376","65","167"
"70-79 years","Coweta","845","98","159"
"80 & Older years","Coweta","445","99","99"
"<1 years","Coweta","63","0","5"
"Unknown years","Coweta","11","0","0"
"01-04 years","Crawford","4","0","0"
"05-09 years","Crawford","10","0","0"
"10-17 years","Crawford","50","0","2"
"18-29 years","Crawford","133","0","4"
"30-39 years","Crawford","136","1","11"
"40-49 years","Crawford","97","3","8"
"50-59 years","Crawford","164","9","25"
"60-69 years","Crawford","142","12","24"
"70-79 years","Crawford","70","12","23"
"80 & Older years","Crawford","32","3","15"
"01-04 years","Crisp","30","0","0"
"05-09 years","Crisp","53","0","0"
"10-17 years","Crisp","196","0","3"
"18-29 years","Crisp","313","0","13"
"30-39 years","Crisp","308","2","19"
"40-49 years","Crisp","267","4","23"
"50-59 years","Crisp","249","4","31"
"60-69 years","Crisp","230","20","46"
"70-79 years","Crisp","124","16","35"
"80 & Older years","Crisp","75","20","18"
"<1 years","Crisp","17","0","0"
"Unknown years","Crisp","7","0","0"
"01-04 years","Dade","38","0","0"
"05-09 years","Dade","83","0","0"
"10-17 years","Dade","214","0","1"
"18-29 years","Dade","371","0","1"
"30-39 years","Dade","255","0","2"
"40-49 years","Dade","285","1","8"
"50-59 years","Dade","244","3","15"
"60-69 years","Dade","204","2","13"
"70-79 years","Dade","131","9","22"
"80 & Older years","Dade","62","3","11"
"<1 years","Dade","13","0","0"
"Unknown years","Dade","15","0","1"
"01-04 years","Dawson","74","0","0"
"05-09 years","Dawson","131","0","0"
"10-17 years","Dawson","366","0","6"
"18-29 years","Dawson","822","0","20"
"30-39 years","Dawson","681","2","26"
"40-49 years","Dawson","631","1","40"
"50-59 years","Dawson","644","9","60"
"60-69 years","Dawson","503","13","95"
"70-79 years","Dawson","311","27","67"
"80 & Older years","Dawson","125","24","38"
"<1 years","Dawson","26","0","3"
"Unknown years","Dawson","20","0","1"
"01-04 years","DeKalb","1746","0","27"
"05-09 years","DeKalb","3049","0","31"
"10-17 years","DeKalb","6793","0","103"
"18-29 years","DeKalb","19075","14","594"
"30-39 years","DeKalb","16628","27","835"
"40-49 years","DeKalb","12856","62","923"
"50-59 years","DeKalb","10893","157","1188"
"60-69 years","DeKalb","6869","258","1290"
"70-79 years","DeKalb","3436","329","967"
"80 & Older years","DeKalb","1985","417","673"
"<1 years","DeKalb","410","0","27"
"Unknown years","DeKalb","157","0","12"
"01-04 years","Decatur","141","0","2"
"05-09 years","Decatur","165","0","0"
"10-17 years","Decatur","384","0","1"
"18-29 years","Decatur","683","1","18"
"30-39 years","Decatur","516","1","11"
"40-49 years","Decatur","505","3","31"
"50-59 years","Decatur","434","10","43"
"60-69 years","Decatur","322","17","55"
"70-79 years","Decatur","197","24","41"
"80 & Older years","Decatur","119","22","25"
"<1 years","Decatur","42","0","0"
"Unknown years","Decatur","4","0","0"
"01-04 years","Dodge","19","0","0"
"05-09 years","Dodge","40","0","0"
"10-17 years","Dodge","174","1","2"
"18-29 years","Dodge","295","0","7"
"30-39 years","Dodge","218","1","10"
"40-49 years","Dodge","229","3","13"
"50-59 years","Dodge","222","6","23"
"60-69 years","Dodge","172","19","31"
"70-79 years","Dodge","97","18","24"
"80 & Older years","Dodge","62","15","16"
"<1 years","Dodge","9","0","0"
"01-04 years","Dooly","16","0","0"
"05-09 years","Dooly","32","0","0"
"10-17 years","Dooly","106","0","1"
"18-29 years","Dooly","186","1","5"
"30-39 years","Dooly","141","0","11"
"40-49 years","Dooly","180","2","14"
"50-59 years","Dooly","174","6","22"
"60-69 years","Dooly","149","11","25"
"70-79 years","Dooly","70","10","20"
"80 & Older years","Dooly","27","8","6"
"<1 years","Dooly","7","0","0"
"Unknown years","Dooly","2","0","0"
"01-04 years","Dougherty","203","0","4"
"05-09 years","Dougherty","412","0","0"
"10-17 years","Dougherty","873","0","14"
"18-29 years","Dougherty","1745","3","132"
"30-39 years","Dougherty","1469","8","118"
"40-49 years","Dougherty","1290","30","163"
"50-59 years","Dougherty","1242","40","218"
"60-69 years","Dougherty","1015","101","326"
"70-79 years","Dougherty","555","89","222"
"80 & Older years","Dougherty","333","120","164"
"<1 years","Dougherty","71","0","7"
"Unknown years","Dougherty","6","0","0"
"01-04 years","Douglas","344","0","7"
"05-09 years","Douglas","678","0","9"
"10-17 years","Douglas","1919","1","27"
"18-29 years","Douglas","3479","0","68"
"30-39 years","Douglas","3021","6","105"
"40-49 years","Douglas","3208","12","171"
"50-59 years","Douglas","2759","33","223"
"60-69 years","Douglas","1618","58","231"
"70-79 years","Douglas","806","73","181"
"80 & Older years","Douglas","379","70","128"
"<1 years","Douglas","83","0","7"
"Unknown years","Douglas","13","0","2"
"01-04 years","Early","41","0","0"
"05-09 years","Early","54","0","0"
"10-17 years","Early","226","0","0"
"18-29 years","Early","253","1","9"
"30-39 years","Early","222","1","6"
"40-49 years","Early","239","1","13"
"50-59 years","Early","219","5","17"
"60-69 years","Early","147","12","20"
"70-79 years","Early","98","20","23"
"80 & Older years","Early","50","13","17"
"<1 years","Early","5","0","0"
"Unknown years","Early","1","0","0"
"01-04 years","Echols","11","0","0"
"05-09 years","Echols","8","0","0"
"10-17 years","Echols","32","0","1"
"18-29 years","Echols","141","0","2"
"30-39 years","Echols","68","1","4"
"40-49 years","Echols","51","0","1"
"50-59 years","Echols","52","1","2"
"60-69 years","Echols","24","0","0"
"70-79 years","Echols","20","2","3"
"80 & Older years","Echols","5","1","2"
"<1 years","Echols","3","0","0"
"01-04 years","Effingham","169","0","1"
"05-09 years","Effingham","361","0","3"
"10-17 years","Effingham","903","0","2"
"18-29 years","Effingham","1238","1","12"
"30-39 years","Effingham","1219","4","41"
"40-49 years","Effingham","1079","10","68"
"50-59 years","Effingham","976","32","112"
"60-69 years","Effingham","630","26","118"
"70-79 years","Effingham","346","39","106"
"80 & Older years","Effingham","155","41","48"
"<1 years","Effingham","56","0","5"
"Unknown years","Effingham","4","0","0"
"01-04 years","Elbert","35","0","0"
"05-09 years","Elbert","59","0","0"
"10-17 years","Elbert","155","0","2"
"18-29 years","Elbert","371","1","4"
"30-39 years","Elbert","279","0","12"
"40-49 years","Elbert","290","1","14"
"50-59 years","Elbert","299","2","24"
"60-69 years","Elbert","244","8","34"
"70-79 years","Elbert","192","23","49"
"80 & Older years","Elbert","149","37","49"
"<1 years","Elbert","16","0","4"
"Unknown years","Elbert","3","0","0"
"01-04 years","Emanuel","60","0","2"
"05-09 years","Emanuel","89","0","1"
"10-17 years","Emanuel","314","0","2"
"18-29 years","Emanuel","516","1","4"
"30-39 years","Emanuel","394","0","18"
"40-49 years","Emanuel","418","4","16"
"50-59 years","Emanuel","358","9","37"
"60-69 years","Emanuel","289","16","35"
"70-79 years","Emanuel","177","22","34"
"80 & Older years","Emanuel","73","21","24"
"<1 years","Emanuel","13","0","1"
"Unknown years","Emanuel","2","0","1"
"01-04 years","Evans","25","0","0"
"05-09 years","Evans","43","0","0"
"10-17 years","Evans","116","0","2"
"18-29 years","Evans","219","1","3"
"30-39 years","Evans","197","0","4"
"40-49 years","Evans","171","4","21"
"50-59 years","Evans","170","6","21"
"60-69 years","Evans","99","7","19"
"70-79 years","Evans","66","14","25"
"80 & Older years","Evans","24","4","14"
"<1 years","Evans","6","0","0"
"01-04 years","Fannin","33","0","1"
"05-09 years","Fannin","78","0","0"
"10-17 years","Fannin","277","0","2"
"18-29 years","Fannin","460","0","8"
"30-39 years","Fannin","380","2","11"
"40-49 years","Fannin","432","5","18"
"50-59 years","Fannin","547","7","45"
"60-69 years","Fannin","541","18","63"
"70-79 years","Fannin","379","25","73"
"80 & Older years","Fannin","188","38","56"
"<1 years","Fannin","9","0","0"
"Unknown years","Fannin","1","0","0"
"01-04 years","Fayette","173","0","1"
"05-09 years","Fayette","394","0","5"
"10-17 years","Fayette","1126","0","13"
"18-29 years","Fayette","1821","3","27"
"30-39 years","Fayette","1311","6","39"
"40-49 years","Fayette","1660","6","80"
"50-59 years","Fayette","1657","16","135"
"60-69 years","Fayette","1210","34","123"
"70-79 years","Fayette","636","78","153"
"80 & Older years","Fayette","403","79","98"
"<1 years","Fayette","43","0","2"
"Unknown years","Fayette","9","0","0"
"01-04 years","Floyd","277","0","6"
"05-09 years","Floyd","520","0","1"
"10-17 years","Floyd","1822","1","13"
"18-29 years","Floyd","3179","3","54"
"30-39 years","Floyd","2457","7","73"
"40-49 years","Floyd","2277","17","133"
"50-59 years","Floyd","2277","44","231"
"60-69 years","Floyd","1568","60","270"
"70-79 years","Floyd","959","89","264"
"80 & Older years","Floyd","518","101","186"
"<1 years","Floyd","114","0","5"
"Unknown years","Floyd","48","0","2"
"01-04 years","Forsyth","557","0","7"
"05-09 years","Forsyth","1620","0","2"
"10-17 years","Forsyth","4161","0","11"
"18-29 years","Forsyth","4483","0","64"
"30-39 years","Forsyth","3820","3","89"
"40-49 years","Forsyth","4944","11","179"
"50-59 years","Forsyth","4202","26","240"
"60-69 years","Forsyth","2162","46","232"
"70-79 years","Forsyth","1256","87","274"
"80 & Older years","Forsyth","694","112","214"
"<1 years","Forsyth","113","0","4"
"Unknown years","Forsyth","220","0","1"
"01-04 years","Franklin","42","0","1"
"05-09 years","Franklin","92","0","0"
"10-17 years","Franklin","321","0","6"
"18-29 years","Franklin","636","1","16"
"30-39 years","Franklin","468","0","12"
"40-49 years","Franklin","480","2","22"
"50-59 years","Franklin","488","4","37"
"60-69 years","Franklin","423","9","47"
"70-79 years","Franklin","267","27","50"
"80 & Older years","Franklin","127","26","32"
"<1 years","Franklin","20","0","3"
"Unknown years","Franklin","20","0","0"
"01-04 years","Fulton","2112","0","51"
"05-09 years","Fulton","3989","0","41"
"10-17 years","Fulton","10315","1","119"
"18-29 years","Fulton","29396","6","675"
"30-39 years","Fulton","22836","48","924"
"40-49 years","Fulton","17585","62","1045"
"50-59 years","Fulton","14890","184","1466"
"60-69 years","Fulton","8798","326","1348"
"70-79 years","Fulton","4528","455","1113"
"80 & Older years","Fulton","3063","630","1001"
"<1 years","Fulton","525","0","39"
"Unknown years","Fulton","111","0","32"
"01-04 years","Gilmer","50","0","2"
"05-09 years","Gilmer","66","0","0"
"10-17 years","Gilmer","316","0","3"
"18-29 years","Gilmer","509","0","22"
"30-39 years","Gilmer","490","2","25"
"40-49 years","Gilmer","499","1","28"
"50-59 years","Gilmer","564","15","49"
"60-69 years","Gilmer","535","19","72"
"70-79 years","Gilmer","378","40","95"
"80 & Older years","Gilmer","179","43","56"
"<1 years","Gilmer","18","0","0"
"01-04 years","Glascock","1","0","0"
"05-09 years","Glascock","5","0","0"
"10-17 years","Glascock","7","0","0"
"18-29 years","Glascock","29","0","1"
"30-39 years","Glascock","23","0","2"
"40-49 years","Glascock","29","0","1"
"50-59 years","Glascock","38","2","5"
"60-69 years","Glascock","20","0","5"
"70-79 years","Glascock","28","3","9"
"80 & Older years","Glascock","9","2","5"
"<1 years","Glascock","1","0","0"
"Unknown years","Glascock","1","0","0"
"01-04 years","Glynn","296","0","2"
"05-09 years","Glynn","599","0","1"
"10-17 years","Glynn","1444","0","3"
"18-29 years","Glynn","2445","4","34"
"30-39 years","Glynn","2073","9","46"
"40-49 years","Glynn","1722","16","65"
"50-59 years","Glynn","1537","38","111"
"60-69 years","Glynn","1244","76","172"
"70-79 years","Glynn","719","76","124"
"80 & Older years","Glynn","377","87","119"
"<1 years","Glynn","73","0","3"
"Unknown years","Glynn","20","0","0"
"01-04 years","Gordon","156","0","1"
"05-09 years","Gordon","242","1","2"
"10-17 years","Gordon","925","0","7"
"18-29 years","Gordon","1792","3","19"
"30-39 years","Gordon","1426","4","31"
"40-49 years","Gordon","1420","9","44"
"50-59 years","Gordon","1338","23","76"
"60-69 years","Gordon","882","52","85"
"70-79 years","Gordon","470","47","102"
"80 & Older years","Gordon","237","42","65"
"<1 years","Gordon","57","0","3"
"Unknown years","Gordon","32","0","0"
"01-04 years","Grady","67","0","1"
"05-09 years","Grady","124","0","0"
"10-17 years","Grady","285","0","5"
"18-29 years","Grady","382","0","16"
"30-39 years","Grady","368","0","17"
"40-49 years","Grady","347","2","34"
"50-59 years","Grady","329","11","42"
"60-69 years","Grady","239","9","36"
"70-79 years","Grady","207","26","65"
"80 & Older years","Grady","69","18","25"
"<1 years","Grady","23","0","2"
"Unknown years","Grady","6","0","0"
"01-04 years","Greene","33","0","1"
"05-09 years","Greene","75","0","0"
"10-17 years","Greene","215","0","3"
"18-29 years","Greene","383","0","11"
"30-39 years","Greene","279","0","11"
"40-49 years","Greene","260","4","21"
"50-59 years","Greene","324","7","29"
"60-69 years","Greene","320","10","35"
"70-79 years","Greene","235","13","42"
"80 & Older years","Greene","127","31","52"
"<1 years","Greene","10","0","2"
"Unknown years","Greene","2","0","0"
"01-04 years","Gwinnett","2267","0","25"
"05-09 years","Gwinnett","4184","0","30"
"10-17 years","Gwinnett","11477","2","86"
"18-29 years","Gwinnett","25163","18","630"
"30-39 years","Gwinnett","19959","33","699"
"40-49 years","Gwinnett","20513","94","976"
"50-59 years","Gwinnett","16876","176","1177"
"60-69 years","Gwinnett","9475","297","1166"
"70-79 years","Gwinnett","4247","355","939"
"80 & Older years","Gwinnett","2284","482","806"
"<1 years","Gwinnett","663","0","28"
"Unknown years","Gwinnett","101","0","2"
"01-04 years","Habersham","63","0","2"
"05-09 years","Habersham","125","0","0"
"10-17 years","Habersham","491","1","10"
"18-29 years","Habersham","1227","1","22"
"30-39 years","Habersham","961","4","39"
"40-49 years","Habersham","973","5","64"
"50-59 years","Habersham","1035","14","94"
"60-69 years","Habersham","808","30","152"
"70-79 years","Habersham","552","65","154"
"80 & Older years","Habersham","353","79","108"
"<1 years","Habersham","38","0","11"
"Unknown years","Habersham","34","0","3"
"01-04 years","Hall","362","0","9"
"05-09 years","Hall","823","0","8"
"10-17 years","Hall","3176","0","42"
"18-29 years","Hall","7514","7","237"
"30-39 years","Hall","5361","8","284"
"40-49 years","Hall","5349","31","398"
"50-59 years","Hall","5405","62","569"
"60-69 years","Hall","3568","121","570"
"70-79 years","Hall","2270","175","635"
"80 & Older years","Hall","1252","249","475"
"<1 years","Hall","120","0","19"
"Unknown years","Hall","199","0","10"
"01-04 years","Hancock","10","0","0"
"05-09 years","Hancock","14","0","0"
"10-17 years","Hancock","55","0","1"
"18-29 years","Hancock","172","0","3"
"30-39 years","Hancock","151","1","5"
"40-49 years","Hancock","128","1","7"
"50-59 years","Hancock","168","6","18"
"60-69 years","Hancock","167","20","36"
"70-79 years","Hancock","91","22","28"
"80 & Older years","Hancock","69","25","25"
"<1 years","Hancock","5","0","0"
"01-04 years","Haralson","37","0","0"
"05-09 years","Haralson","67","0","0"
"10-17 years","Haralson","250","0","2"
"18-29 years","Haralson","496","0","5"
"30-39 years","Haralson","344","0","8"
"40-49 years","Haralson","371","2","10"
"50-59 years","Haralson","398","6","16"
"60-69 years","Haralson","254","14","25"
"70-79 years","Haralson","153","16","20"
"80 & Older years","Haralson","64","9","11"
"<1 years","Haralson","14","0","1"
"Unknown years","Haralson","3","0","0"
"01-04 years","Harris","48","0","0"
"05-09 years","Harris","92","0","0"
"10-17 years","Harris","315","0","3"
"18-29 years","Harris","515","0","11"
"30-39 years","Harris","401","0","15"
"40-49 years","Harris","551","5","24"
"50-59 years","Harris","553","10","48"
"60-69 years","Harris","445","18","75"
"70-79 years","Harris","269","36","63"
"80 & Older years","Harris","84","17","22"
"<1 years","Harris","8","0","0"
"Unknown years","Harris","3","0","0"
"01-04 years","Hart","40","0","0"
"05-09 years","Hart","50","0","1"
"10-17 years","Hart","186","0","0"
"18-29 years","Hart","428","0","4"
"30-39 years","Hart","371","0","12"
"40-49 years","Hart","320","2","19"
"50-59 years","Hart","387","4","29"
"60-69 years","Hart","275","15","35"
"70-79 years","Hart","188","12","36"
"80 & Older years","Hart","100","17","32"
"<1 years","Hart","14","0","1"
"Unknown years","Hart","10","0","0"
"01-04 years","Heard","16","0","1"
"05-09 years","Heard","42","0","0"
"10-17 years","Heard","127","0","2"
"18-29 years","Heard","187","2","3"
"30-39 years","Heard","128","0","2"
"40-49 years","Heard","169","1","15"
"50-59 years","Heard","173","2","10"
"60-69 years","Heard","127","6","17"
"70-79 years","Heard","67","8","18"
"80 & Older years","Heard","30","7","6"
"<1 years","Heard","7","0","0"
"01-04 years","Henry","545","0","11"
"05-09 years","Henry","1103","0","5"
"10-17 years","Henry","3202","0","39"
"18-29 years","Henry","5726","2","109"
"30-39 years","Henry","5024","12","159"
"40-49 years","Henry","5209","40","237"
"50-59 years","Henry","4761","54","286"
"60-69 years","Henry","2650","124","256"
"70-79 years","Henry","1297","128","186"
"80 & Older years","Henry","633","135","111"
"<1 years","Henry","139","0","10"
"Unknown years","Henry","34","0","2"
"01-04 years","Houston","282","0","4"
"05-09 years","Houston","602","0","1"
"10-17 years","Houston","1805","0","10"
"18-29 years","Houston","3285","7","67"
"30-39 years","Houston","3029","7","97"
"40-49 years","Houston","2599","18","149"
"50-59 years","Houston","2129","33","189"
"60-69 years","Houston","1414","73","241"
"70-79 years","Houston","742","81","208"
"80 & Older years","Houston","379","77","128"
"<1 years","Houston","78","1","7"
"Unknown years","Houston","1","0","0"
"01-04 years","Irwin","7","0","0"
"05-09 years","Irwin","16","0","0"
"10-17 years","Irwin","68","0","0"
"18-29 years","Irwin","178","0","6"
"30-39 years","Irwin","147","0","8"
"40-49 years","Irwin","162","1","11"
"50-59 years","Irwin","132","3","13"
"60-69 years","Irwin","103","2","24"
"70-79 years","Irwin","56","8","9"
"80 & Older years","Irwin","40","8","24"
"Unknown years","Irwin","2","0","0"
"01-04 years","Jackson","153","0","2"
"05-09 years","Jackson","379","0","2"
"10-17 years","Jackson","1535","1","13"
"18-29 years","Jackson","2189","3","48"
"30-39 years","Jackson","2175","6","69"
"40-49 years","Jackson","2198","11","108"
"50-59 years","Jackson","2012","20","149"
"60-69 years","Jackson","1341","43","159"
"70-79 years","Jackson","874","56","172"
"80 & Older years","Jackson","416","76","137"
"<1 years","Jackson","50","0","5"
"Unknown years","Jackson","13","0","1"
"01-04 years","Jasper","17","0","0"
"05-09 years","Jasper","23","0","1"
"10-17 years","Jasper","81","0","2"
"18-29 years","Jasper","194","0","9"
"30-39 years","Jasper","157","2","7"
"40-49 years","Jasper","163","1","11"
"50-59 years","Jasper","189","5","22"
"60-69 years","Jasper","135","11","29"
"70-79 years","Jasper","76","7","16"
"80 & Older years","Jasper","29","6","10"
"<1 years","Jasper","12","0","3"
"01-04 years","Jeff Davis","45","0","0"
"05-09 years","Jeff Davis","87","0","0"
"10-17 years","Jeff Davis","186","0","2"
"18-29 years","Jeff Davis","369","0","6"
"30-39 years","Jeff Davis","293","0","9"
"40-49 years","Jeff Davis","286","1","22"
"50-59 years","Jeff Davis","246","9","26"
"60-69 years","Jeff Davis","154","10","25"
"70-79 years","Jeff Davis","115","16","24"
"80 & Older years","Jeff Davis","26","9","7"
"<1 years","Jeff Davis","12","0","1"
"01-04 years","Jefferson","25","0","1"
"05-09 years","Jefferson","45","0","0"
"10-17 years","Jefferson","139","0","2"
"18-29 years","Jefferson","302","0","3"
"30-39 years","Jefferson","258","1","10"
"40-49 years","Jefferson","255","5","21"
"50-59 years","Jefferson","306","8","30"
"60-69 years","Jefferson","280","13","41"
"70-79 years","Jefferson","169","20","46"
"80 & Older years","Jefferson","75","22","33"
"<1 years","Jefferson","10","0","3"
"Unknown years","Jefferson","4","0","0"
"01-04 years","Jenkins","23","0","0"
"05-09 years","Jenkins","30","0","0"
"10-17 years","Jenkins","81","0","1"
"18-29 years","Jenkins","148","0","2"
"30-39 years","Jenkins","102","2","6"
"40-49 years","Jenkins","140","4","14"
"50-59 years","Jenkins","155","7","26"
"60-69 years","Jenkins","97","7","14"
"70-79 years","Jenkins","64","13","21"
"80 & Older years","Jenkins","52","10","11"
"<1 years","Jenkins","4","0","0"
"01-04 years","Johnson","12","0","1"
"05-09 years","Johnson","22","0","0"
"10-17 years","Johnson","63","0","1"
"18-29 years","Johnson","169","0","5"
"30-39 years","Johnson","138","1","6"
"40-49 years","Johnson","135","3","7"
"50-59 years","Johnson","159","7","18"
"60-69 years","Johnson","147","9","23"
"70-79 years","Johnson","102","11","28"
"80 & Older years","Johnson","75","21","25"
"<1 years","Johnson","9","0","2"
"01-04 years","Jones","32","0","1"
"05-09 years","Jones","74","0","0"
"10-17 years","Jones","202","0","1"
"18-29 years","Jones","510","2","13"
"30-39 years","Jones","446","3","17"
"40-49 years","Jones","405","5","29"
"50-59 years","Jones","409","8","49"
"60-69 years","Jones","286","16","64"
"70-79 years","Jones","185","32","66"
"80 & Older years","Jones","100","24","34"
"<1 years","Jones","7","0","0"
"01-04 years","Lamar","68","0","0"
"05-09 years","Lamar","112","0","0"
"10-17 years","Lamar","293","0","5"
"18-29 years","Lamar","387","0","10"
"30-39 years","Lamar","330","2","15"
"40-49 years","Lamar","292","5","18"
"50-59 years","Lamar","291","10","42"
"60-69 years","Lamar","273","24","43"
"70-79 years","Lamar","172","20","37"
"80 & Older years","Lamar","85","24","26"
"<1 years","Lamar","39","0","1"
"01-04 years","Lanier","15","0","0"
"05-09 years","Lanier","24","0","1"
"10-17 years","Lanier","85","0","1"
"18-29 years","Lanier","154","1","3"
"30-39 years","Lanier","177","0","3"
"40-49 years","Lanier","109","1","4"
"50-59 years","Lanier","94","2","8"
"60-69 years","Lanier","59","3","4"
"70-79 years","Lanier","43","5","7"
"80 & Older years","Lanier","22","0","6"
"<1 years","Lanier","7","0","0"
"Unknown years","Lanier","1","0","0"
"01-04 years","Laurens","113","0","1"
"05-09 years","Laurens","184","0","2"
"10-17 years","Laurens","601","0","5"
"18-29 years","Laurens","1140","0","13"
"30-39 years","Laurens","901","4","22"
"40-49 years","Laurens","875","11","37"
"50-59 years","Laurens","803","28","72"
"60-69 years","Laurens","638","51","104"
"70-79 years","Laurens","399","58","98"
"80 & Older years","Laurens","258","58","72"
"<1 years","Laurens","33","0","5"
"Unknown years","Laurens","1","0","0"
"01-04 years","Lee","56","0","0"
"05-09 years","Lee","90","0","3"
"10-17 years","Lee","266","0","6"
"18-29 years","Lee","434","1","23"
"30-39 years","Lee","506","1","30"
"40-49 years","Lee","470","7","45"
"50-59 years","Lee","396","14","71"
"60-69 years","Lee","268","19","61"
"70-79 years","Lee","116","19","42"
"80 & Older years","Lee","73","14","31"
"<1 years","Lee","17","0","0"
"Unknown years","Lee","3","0","0"
"01-04 years","Liberty","232","0","1"
"05-09 years","Liberty","369","0","3"
"10-17 years","Liberty","787","0","4"
"18-29 years","Liberty","2017","2","24"
"30-39 years","Liberty","1173","4","38"
"40-49 years","Liberty","741","4","29"
"50-59 years","Liberty","652","22","72"
"60-69 years","Liberty","410","25","71"
"70-79 years","Liberty","179","22","64"
"80 & Older years","Liberty","76","19","29"
"<1 years","Liberty","76","0","3"
"Unknown years","Liberty","9","0","0"
"01-04 years","Lincoln","17","0","0"
"05-09 years","Lincoln","21","0","1"
"10-17 years","Lincoln","55","0","0"
"18-29 years","Lincoln","124","0","4"
"30-39 years","Lincoln","106","0","5"
"40-49 years","Lincoln","110","1","10"
"50-59 years","Lincoln","91","3","5"
"60-69 years","Lincoln","90","7","19"
"70-79 years","Lincoln","66","9","17"
"80 & Older years","Lincoln","22","7","10"
"<1 years","Lincoln","4","0","0"
"Unknown years","Lincoln","5","0","0"
"01-04 years","Long","48","0","0"
"05-09 years","Long","85","0","0"
"10-17 years","Long","189","0","0"
"18-29 years","Long","281","0","1"
"30-39 years","Long","274","2","9"
"40-49 years","Long","201","4","13"
"50-59 years","Long","133","3","18"
"60-69 years","Long","108","4","17"
"70-79 years","Long","51","6","15"
"80 & Older years","Long","23","2","11"
"<1 years","Long","19","0","0"
"Unknown years","Long","1","0","0"
"01-04 years","Lowndes","256","0","0"
"05-09 years","Lowndes","366","0","1"
"10-17 years","Lowndes","963","0","10"
"18-29 years","Lowndes","3284","6","43"
"30-39 years","Lowndes","1930","7","43"
"40-49 years","Lowndes","1478","13","72"
"50-59 years","Lowndes","1241","25","91"
"60-69 years","Lowndes","832","47","117"
"70-79 years","Lowndes","479","63","108"
"80 & Older years","Lowndes","276","74","78"
"<1 years","Lowndes","94","0","1"
"Unknown years","Lowndes","5","0","0"
"01-04 years","Lumpkin","39","0","1"
"05-09 years","Lumpkin","114","0","2"
"10-17 years","Lumpkin","324","0","3"
"18-29 years","Lumpkin","1155","0","23"
"30-39 years","Lumpkin","629","1","21"
"40-49 years","Lumpkin","572","1","35"
"50-59 years","Lumpkin","648","10","75"
"60-69 years","Lumpkin","574","21","88"
"70-79 years","Lumpkin","372","20","94"
"80 & Older years","Lumpkin","187","41","89"
"<1 years","Lumpkin","21","0","3"
"Unknown years","Lumpkin","23","0","2"
"01-04 years","Macon","16","0","0"
"05-09 years","Macon","20","0","0"
"10-17 years","Macon","39","0","0"
"18-29 years","Macon","158","0","4"
"30-39 years","Macon","126","1","4"
"40-49 years","Macon","146","4","9"
"50-59 years","Macon","161","6","25"
"60-69 years","Macon","96","11","31"
"70-79 years","Macon","63","8","22"
"80 & Older years","Macon","24","10","11"
"<1 years","Macon","5","0","0"
"Unknown years","Macon","1","0","1"
"01-04 years","Madison","89","0","3"
"05-09 years","Madison","133","0","0"
"10-17 years","Madison","429","0","1"
"18-29 years","Madison","817","0","17"
"30-39 years","Madison","655","1","23"
"40-49 years","Madison","639","1","33"
"50-59 years","Madison","633","13","44"
"60-69 years","Madison","483","12","59"
"70-79 years","Madison","295","26","68"
"80 & Older years","Madison","108","18","24"
"<1 years","Madison","40","0","6"
"Unknown years","Madison","3","0","0"
"01-04 years","Marion","9","0","0"
"05-09 years","Marion","26","0","1"
"10-17 years","Marion","82","0","0"
"18-29 years","Marion","115","0","4"
"30-39 years","Marion","81","0","4"
"40-49 years","Marion","104","2","8"
"50-59 years","Marion","94","6","13"
"60-69 years","Marion","75","9","14"
"70-79 years","Marion","42","8","13"
"80 & Older years","Marion","39","9","13"
"<1 years","Marion","7","0","0"
"Unknown years","Marion","2","0","0"
"01-04 years","McDuffie","39","0","0"
"05-09 years","McDuffie","57","0","0"
"10-17 years","McDuffie","210","0","1"
"18-29 years","McDuffie","476","0","10"
"30-39 years","McDuffie","357","2","8"
"40-49 years","McDuffie","345","3","23"
"50-59 years","McDuffie","339","12","43"
"60-69 years","McDuffie","255","15","47"
"70-79 years","McDuffie","151","14","58"
"80 & Older years","McDuffie","68","16","30"
"<1 years","McDuffie","4","0","0"
"Unknown years","McDuffie","18","0","0"
"01-04 years","McIntosh","21","0","0"
"05-09 years","McIntosh","50","0","1"
"10-17 years","McIntosh","189","0","0"
"18-29 years","McIntosh","221","0","5"
"30-39 years","McIntosh","188","0","3"
"40-49 years","McIntosh","196","0","6"
"50-59 years","McIntosh","225","3","11"
"60-69 years","McIntosh","174","7","29"
"70-79 years","McIntosh","100","9","23"
"80 & Older years","McIntosh","37","10","13"
"<1 years","McIntosh","2","0","0"
"Unknown years","McIntosh","1","0","0"
"01-04 years","Meriwether","55","0","1"
"05-09 years","Meriwether","64","0","1"
"10-17 years","Meriwether","167","0","2"
"18-29 years","Meriwether","359","0","11"
"30-39 years","Meriwether","287","3","21"
"40-49 years","Meriwether","335","4","28"
"50-59 years","Meriwether","344","12","43"
"60-69 years","Meriwether","300","18","46"
"70-79 years","Meriwether","232","31","51"
"80 & Older years","Meriwether","120","33","30"
"<1 years","Meriwether","16","0","4"
"Unknown years","Meriwether","2","0","0"
"01-04 years","Miller","20","0","0"
"05-09 years","Miller","35","0","0"
"10-17 years","Miller","141","0","1"
"18-29 years","Miller","165","0","1"
"30-39 years","Miller","147","0","0"
"40-49 years","Miller","120","1","7"
"50-59 years","Miller","171","4","18"
"60-69 years","Miller","122","4","14"
"70-79 years","Miller","45","3","5"
"80 & Older years","Miller","32","3","8"
"<1 years","Miller","5","0","0"
"01-04 years","Mitchell","44","0","2"
"05-09 years","Mitchell","68","0","0"
"10-17 years","Mitchell","184","0","4"
"18-29 years","Mitchell","384","1","17"
"30-39 years","Mitchell","341","1","23"
"40-49 years","Mitchell","306","7","28"
"50-59 years","Mitchell","327","13","63"
"60-69 years","Mitchell","265","19","62"
"70-79 years","Mitchell","162","22","59"
"80 & Older years","Mitchell","100","27","34"
"<1 years","Mitchell","15","0","1"
"Unknown years","Mitchell","1","0","0"
"01-04 years","Monroe","23","0","4"
"05-09 years","Monroe","64","0","1"
"10-17 years","Monroe","195","0","0"
"18-29 years","Monroe","487","2","11"
"30-39 years","Monroe","409","0","12"
"40-49 years","Monroe","445","7","28"
"50-59 years","Monroe","471","7","35"
"60-69 years","Monroe","400","29","70"
"70-79 years","Monroe","217","29","58"
"80 & Older years","Monroe","133","45","43"
"<1 years","Monroe","8","0","1"
"01-04 years","Montgomery","15","0","0"
"05-09 years","Montgomery","20","0","0"
"10-17 years","Montgomery","100","0","1"
"18-29 years","Montgomery","241","1","2"
"30-39 years","Montgomery","177","2","6"
"40-49 years","Montgomery","182","1","4"
"50-59 years","Montgomery","163","6","14"
"60-69 years","Montgomery","141","9","16"
"70-79 years","Montgomery","75","12","14"
"80 & Older years","Montgomery","38","10","7"
"<1 years","Montgomery","3","0","0"
"Unknown years","Montgomery","1","0","0"
"01-04 years","Morgan","44","0","0"
"05-09 years","Morgan","74","0","1"
"10-17 years","Morgan","170","0","1"
"18-29 years","Morgan","342","0","9"
"30-39 years","Morgan","284","0","12"
"40-49 years","Morgan","276","1","11"
"50-59 years","Morgan","295","5","25"
"60-69 years","Morgan","210","8","26"
"70-79 years","Morgan","159","6","28"
"80 & Older years","Morgan","81","19","30"
"<1 years","Morgan","27","0","2"
"Unknown years","Morgan","1","0","0"
"01-04 years","Murray","126","0","2"
"05-09 years","Murray","195","0","3"
"10-17 years","Murray","702","0","2"
"18-29 years","Murray","1321","0","16"
"30-39 years","Murray","992","2","15"
"40-49 years","Murray","1072","10","42"
"50-59 years","Murray","922","19","78"
"60-69 years","Murray","620","24","94"
"70-79 years","Murray","366","53","87"
"80 & Older years","Murray","144","32","39"
"<1 years","Murray","49","0","2"
"01-04 years","Muscogee","460","0","7"
"05-09 years","Muscogee","805","0","0"
"10-17 years","Muscogee","1984","0","22"
"18-29 years","Muscogee","4866","9","129"
"30-39 years","Muscogee","3649","9","171"
"40-49 years","Muscogee","2897","18","203"
"50-59 years","Muscogee","2774","82","339"
"60-69 years","Muscogee","2148","139","423"
"70-79 years","Muscogee","1122","138","304"
"80 & Older years","Muscogee","670","194","247"
"<1 years","Muscogee","140","0","10"
"Unknown years","Muscogee","32","0","0"
"01-04 years","Newton","181","0","7"
"05-09 years","Newton","452","0","4"
"10-17 years","Newton","1157","0","49"
"18-29 years","Newton","2224","1","145"
"30-39 years","Newton","1935","7","154"
"40-49 years","Newton","2016","19","204"
"50-59 years","Newton","1800","47","253"
"60-69 years","Newton","1048","64","202"
"70-79 years","Newton","659","87","184"
"80 & Older years","Newton","380","100","134"
"<1 years","Newton","64","0","8"
"Unknown years","Newton","4","0","1"
"01-04 years","Non-GA Resident/Unknown State","427","0","8"
"05-09 years","Non-GA Resident/Unknown State","709","0","7"
"10-17 years","Non-GA Resident/Unknown State","1884","0","17"
"18-29 years","Non-GA Resident/Unknown State","7395","7","160"
"30-39 years","Non-GA Resident/Unknown State","5458","17","204"
"40-49 years","Non-GA Resident/Unknown State","4590","38","254"
"50-59 years","Non-GA Resident/Unknown State","4410","111","402"
"60-69 years","Non-GA Resident/Unknown State","3244","196","466"
"70-79 years","Non-GA Resident/Unknown State","2085","206","466"
"80 & Older years","Non-GA Resident/Unknown State","1140","194","303"
"<1 years","Non-GA Resident/Unknown State","269","0","12"
"Unknown years","Non-GA Resident/Unknown State","790","0","35"
"01-04 years","Oconee","77","0","0"
"05-09 years","Oconee","183","0","0"
"10-17 years","Oconee","569","0","1"
"18-29 years","Oconee","802","0","12"
"30-39 years","Oconee","582","1","8"
"40-49 years","Oconee","864","3","28"
"50-59 years","Oconee","690","5","22"
"60-69 years","Oconee","436","12","44"
"70-79 years","Oconee","247","19","34"
"80 & Older years","Oconee","163","34","49"
"<1 years","Oconee","18","0","0"
"Unknown years","Oconee","4","0","0"
"01-04 years","Oglethorpe","31","0","0"
"05-09 years","Oglethorpe","62","0","0"
"10-17 years","Oglethorpe","172","0","2"
"18-29 years","Oglethorpe","310","0","8"
"30-39 years","Oglethorpe","232","2","11"
"40-49 years","Oglethorpe","255","2","20"
"50-59 years","Oglethorpe","255","1","28"
"60-69 years","Oglethorpe","206","4","23"
"70-79 years","Oglethorpe","147","15","25"
"80 & Older years","Oglethorpe","81","18","23"
"<1 years","Oglethorpe","13","0","1"
"Unknown years","Oglethorpe","1","0","0"
"01-04 years","Paulding","331","0","4"
"05-09 years","Paulding","735","0","0"
"10-17 years","Paulding","2072","0","10"
"18-29 years","Paulding","3164","1","41"
"30-39 years","Paulding","2943","5","51"
"40-49 years","Paulding","2970","13","77"
"50-59 years","Paulding","2624","38","125"
"60-69 years","Paulding","1413","56","114"
"70-79 years","Paulding","743","59","114"
"80 & Older years","Paulding","417","86","91"
"<1 years","Paulding","94","0","1"
"Unknown years","Paulding","27","0","0"
"01-04 years","Peach","42","0","2"
"05-09 years","Peach","53","0","0"
"10-17 years","Peach","174","0","2"
"18-29 years","Peach","588","1","14"
"30-39 years","Peach","470","3","20"
"40-49 years","Peach","390","9","32"
"50-59 years","Peach","399","14","57"
"60-69 years","Peach","345","21","75"
"70-79 years","Peach","176","26","59"
"80 & Older years","Peach","84","22","38"
"<1 years","Peach","5","0","0"
"01-04 years","Pickens","38","0","3"
"05-09 years","Pickens","85","0","1"
"10-17 years","Pickens","271","0","1"
"18-29 years","Pickens","607","0","12"
"30-39 years","Pickens","496","3","24"
"40-49 years","Pickens","547","1","34"
"50-59 years","Pickens","647","9","53"
"60-69 years","Pickens","506","19","84"
"70-79 years","Pickens","363","29","97"
"80 & Older years","Pickens","157","33","51"
"<1 years","Pickens","6","0","1"
"01-04 years","Pierce","52","0","0"
"05-09 years","Pierce","69","0","0"
"10-17 years","Pierce","211","1","1"
"18-29 years","Pierce","384","0","8"
"30-39 years","Pierce","287","3","15"
"40-49 years","Pierce","342","5","29"
"50-59 years","Pierce","316","17","43"
"60-69 years","Pierce","229","20","65"
"70-79 years","Pierce","168","24","63"
"80 & Older years","Pierce","65","18","25"
"<1 years","Pierce","22","0","1"
"01-04 years","Pike","59","0","0"
"05-09 years","Pike","93","0","0"
"10-17 years","Pike","239","0","1"
"18-29 years","Pike","280","2","11"
"30-39 years","Pike","302","2","8"
"40-49 years","Pike","327","2","17"
"50-59 years","Pike","265","10","23"
"60-69 years","Pike","194","15","38"
"70-79 years","Pike","112","9","29"
"80 & Older years","Pike","43","12","12"
"<1 years","Pike","17","0","0"
"01-04 years","Polk","103","0","1"
"05-09 years","Polk","190","0","3"
"10-17 years","Polk","670","0","6"
"18-29 years","Polk","1352","0","24"
"30-39 years","Polk","1012","2","31"
"40-49 years","Polk","966","8","59"
"50-59 years","Polk","949","25","112"
"60-69 years","Polk","621","33","115"
"70-79 years","Polk","437","41","125"
"80 & Older years","Polk","189","34","66"
"<1 years","Polk","53","0","3"
"Unknown years","Polk","18","0","0"
"01-04 years","Pulaski","15","0","0"
"05-09 years","Pulaski","29","0","0"
"10-17 years","Pulaski","92","0","1"
"18-29 years","Pulaski","152","0","3"
"30-39 years","Pulaski","140","1","2"
"40-49 years","Pulaski","132","0","10"
"50-59 years","Pulaski","136","4","9"
"60-69 years","Pulaski","113","10","16"
"70-79 years","Pulaski","52","13","17"
"80 & Older years","Pulaski","41","13","7"
"<1 years","Pulaski","5","0","0"
"01-04 years","Putnam","42","0","0"
"05-09 years","Putnam","77","0","1"
"10-17 years","Putnam","232","0","2"
"18-29 years","Putnam","435","0","6"
"30-39 years","Putnam","387","1","15"
"40-49 years","Putnam","326","4","21"
"50-59 years","Putnam","431","3","36"
"60-69 years","Putnam","363","23","50"
"70-79 years","Putnam","272","26","72"
"80 & Older years","Putnam","113","26","42"
"<1 years","Putnam","11","0","1"
"01-04 years","Quitman","3","0","0"
"05-09 years","Quitman","5","0","0"
"10-17 years","Quitman","13","0","0"
"18-29 years","Quitman","16","0","1"
"30-39 years","Quitman","14","0","2"
"40-49 years","Quitman","5","0","1"
"50-59 years","Quitman","18","0","2"
"60-69 years","Quitman","29","1","6"
"70-79 years","Quitman","6","1","2"
"80 & Older years","Quitman","11","1","2"
"<1 years","Quitman","2","0","0"
"01-04 years","Rabun","24","0","0"
"05-09 years","Rabun","60","0","0"
"10-17 years","Rabun","206","0","2"
"18-29 years","Rabun","328","2","9"
"30-39 years","Rabun","270","2","14"
"40-49 years","Rabun","292","2","20"
"50-59 years","Rabun","341","4","41"
"60-69 years","Rabun","330","12","42"
"70-79 years","Rabun","259","20","55"
"80 & Older years","Rabun","106","22","35"
"<1 years","Rabun","10","0","1"
"Unknown years","Rabun","3","0","0"
"01-04 years","Randolph","3","0","0"
"05-09 years","Randolph","12","0","0"
"10-17 years","Randolph","36","0","3"
"18-29 years","Randolph","87","1","5"
"30-39 years","Randolph","93","2","8"
"40-49 years","Randolph","77","0","8"
"50-59 years","Randolph","115","6","25"
"60-69 years","Randolph","86","11","19"
"70-79 years","Randolph","54","5","18"
"80 & Older years","Randolph","50","15","17"
"<1 years","Randolph","2","0","0"
"Unknown years","Randolph","2","0","0"
"01-04 years","Richmond","492","0","1"
"05-09 years","Richmond","1022","1","8"
"10-17 years","Richmond","2516","0","29"
"18-29 years","Richmond","6361","15","97"
"30-39 years","Richmond","4857","12","143"
"40-49 years","Richmond","3667","31","176"
"50-59 years","Richmond","3372","58","302"
"60-69 years","Richmond","2579","131","387"
"70-79 years","Richmond","1354","157","392"
"80 & Older years","Richmond","793","193","317"
"<1 years","Richmond","155","0","6"
"Unknown years","Richmond","19","0","0"
"01-04 years","Rockdale","145","0","13"
"05-09 years","Rockdale","325","0","15"
"10-17 years","Rockdale","884","0","41"
"18-29 years","Rockdale","1827","3","153"
"30-39 years","Rockdale","1575","4","198"
"40-49 years","Rockdale","1612","10","208"
"50-59 years","Rockdale","1488","27","276"
"60-69 years","Rockdale","896","47","237"
"70-79 years","Rockdale","523","71","216"
"80 & Older years","Rockdale","268","71","144"
"<1 years","Rockdale","32","0","2"
"Unknown years","Rockdale","3","0","2"
"01-04 years","Schley","9","0","0"
"05-09 years","Schley","12","0","0"
"10-17 years","Schley","40","0","0"
"18-29 years","Schley","66","0","2"
"30-39 years","Schley","42","0","0"
"40-49 years","Schley","62","0","5"
"50-59 years","Schley","53","2","8"
"60-69 years","Schley","35","1","7"
"70-79 years","Schley","19","3","4"
"80 & Older years","Schley","9","2","3"
"<1 years","Schley","1","0","0"
"01-04 years","Screven","25","0","1"
"05-09 years","Screven","44","0","0"
"10-17 years","Screven","171","0","1"
"18-29 years","Screven","222","0","7"
"30-39 years","Screven","213","1","6"
"40-49 years","Screven","182","4","12"
"50-59 years","Screven","171","6","21"
"60-69 years","Screven","174","5","18"
"70-79 years","Screven","100","10","21"
"80 & Older years","Screven","45","9","13"
"<1 years","Screven","11","0","0"
"Unknown years","Screven","2","0","0"
"01-04 years","Seminole","22","0","0"
"05-09 years","Seminole","42","0","0"
"10-17 years","Seminole","139","0","0"
"18-29 years","Seminole","197","0","3"
"30-39 years","Seminole","160","0","4"
"40-49 years","Seminole","162","0","10"
"50-59 years","Seminole","169","3","9"
"60-69 years","Seminole","179","6","33"
"70-79 years","Seminole","100","7","21"
"80 & Older years","Seminole","46","7","18"
"<1 years","Seminole","9","0","0"
"Unknown years","Seminole","1","0","0"
"01-04 years","Spalding","155","0","2"
"05-09 years","Spalding","224","0","1"
"10-17 years","Spalding","541","0","5"
"18-29 years","Spalding","1303","4","43"
"30-39 years","Spalding","1109","7","51"
"40-49 years","Spalding","1047","16","81"
"50-59 years","Spalding","1046","39","123"
"60-69 years","Spalding","775","69","146"
"70-79 years","Spalding","520","77","129"
"80 & Older years","Spalding","305","75","88"
"<1 years","Spalding","46","0","3"
"Unknown years","Spalding","12","0","1"
"01-04 years","Stephens","49","0","2"
"05-09 years","Stephens","101","0","1"
"10-17 years","Stephens","423","0","3"
"18-29 years","Stephens","852","1","24"
"30-39 years","Stephens","574","0","11"
"40-49 years","Stephens","662","1","28"
"50-59 years","Stephens","696","11","55"
"60-69 years","Stephens","633","34","93"
"70-79 years","Stephens","426","35","91"
"80 & Older years","Stephens","202","31","49"
"<1 years","Stephens","16","0","1"
"Unknown years","Stephens","9","0","0"
"01-04 years","Stewart","10","0","1"
"05-09 years","Stewart","8","0","0"
"10-17 years","Stewart","26","0","0"
"18-29 years","Stewart","436","0","22"
"30-39 years","Stewart","408","1","28"
"40-49 years","Stewart","257","2","24"
"50-59 years","Stewart","124","2","18"
"60-69 years","Stewart","85","16","31"
"70-79 years","Stewart","28","4","6"
"80 & Older years","Stewart","23","5","7"
"<1 years","Stewart","3","0","0"
"Unknown years","Stewart","12","0","3"
"01-04 years","Sumter","61","0","1"
"05-09 years","Sumter","103","0","0"
"10-17 years","Sumter","218","0","7"
"18-29 years","Sumter","529","2","20"
"30-39 years","Sumter","404","1","36"
"40-49 years","Sumter","383","10","38"
"50-59 years","Sumter","420","11","63"
"60-69 years","Sumter","338","33","87"
"70-79 years","Sumter","221","34","65"
"80 & Older years","Sumter","140","39","60"
"<1 years","Sumter","38","0","4"
"Unknown years","Sumter","1","0","0"
"01-04 years","Talbot","16","0","1"
"05-09 years","Talbot","24","0","0"
"10-17 years","Talbot","54","0","0"
"18-29 years","Talbot","93","0","4"
"30-39 years","Talbot","60","0","3"
"40-49 years","Talbot","90","3","5"
"50-59 years","Talbot","100","6","11"
"60-69 years","Talbot","85","7","20"
"70-79 years","Talbot","51","8","9"
"80 & Older years","Talbot","25","4","10"
"<1 years","Talbot","1","0","0"
"Unknown years","Talbot","2","0","0"
"01-04 years","Taliaferro","2","0","0"
"05-09 years","Taliaferro","1","0","0"
"10-17 years","Taliaferro","11","0","0"
"18-29 years","Taliaferro","20","0","1"
"30-39 years","Taliaferro","19","0","0"
"40-49 years","Taliaferro","23","0","2"
"50-59 years","Taliaferro","12","0","0"
"60-69 years","Taliaferro","26","1","4"
"70-79 years","Taliaferro","11","1","4"
"80 & Older years","Taliaferro","4","1","2"
"<1 years","Taliaferro","1","0","0"
"01-04 years","Tattnall","59","0","1"
"05-09 years","Tattnall","87","0","1"
"10-17 years","Tattnall","272","0","2"
"18-29 years","Tattnall","477","1","3"
"30-39 years","Tattnall","430","2","10"
"40-49 years","Tattnall","417","0","11"
"50-59 years","Tattnall","428","13","30"
"60-69 years","Tattnall","303","22","45"
"70-79 years","Tattnall","164","29","46"
"80 & Older years","Tattnall","60","6","10"
"<1 years","Tattnall","20","0","0"
"01-04 years","Taylor","21","0","1"
"05-09 years","Taylor","31","0","0"
"10-17 years","Taylor","80","0","1"
"18-29 years","Taylor","131","1","6"
"30-39 years","Taylor","93","1","6"
"40-49 years","Taylor","135","2","17"
"50-59 years","Taylor","107","3","20"
"60-69 years","Taylor","89","8","22"
"70-79 years","Taylor","47","9","15"
"80 & Older years","Taylor","29","10","10"
"<1 years","Taylor","6","0","0"
"01-04 years","Telfair","15","0","0"
"05-09 years","Telfair","26","0","0"
"10-17 years","Telfair","55","0","1"
"18-29 years","Telfair","189","0","4"
"30-39 years","Telfair","144","1","5"
"40-49 years","Telfair","147","2","8"
"50-59 years","Telfair","141","8","14"
"60-69 years","Telfair","122","11","22"
"70-79 years","Telfair","80","17","23"
"80 & Older years","Telfair","46","17","13"
"<1 years","Telfair","8","0","0"
"Unknown years","Telfair","2","0","0"
"01-04 years","Terrell","18","0","0"
"05-09 years","Terrell","26","0","0"
"10-17 years","Terrell","86","0","1"
"18-29 years","Terrell","121","0","8"
"30-39 years","Terrell","118","0","14"
"40-49 years","Terrell","93","0","13"
"50-59 years","Terrell","139","7","28"
"60-69 years","Terrell","116","14","44"
"70-79 years","Terrell","71","19","30"
"80 & Older years","Terrell","46","16","20"
"<1 years","Terrell","4","0","0"
"01-04 years","Thomas","163","1","2"
"05-09 years","Thomas","311","0","3"
"10-17 years","Thomas","791","0","3"
"18-29 years","Thomas","1032","2","42"
"30-39 years","Thomas","843","5","36"
"40-49 years","Thomas","825","11","60"
"50-59 years","Thomas","848","21","85"
"60-69 years","Thomas","638","24","136"
"70-79 years","Thomas","367","44","107"
"80 & Older years","Thomas","218","54","73"
"<1 years","Thomas","56","0","3"
"Unknown years","Thomas","5","0","0"
"01-04 years","Tift","105","0","7"
"05-09 years","Tift","161","0","4"
"10-17 years","Tift","422","0","10"
"18-29 years","Tift","1071","2","32"
"30-39 years","Tift","790","2","41"
"40-49 years","Tift","730","9","74"
"50-59 years","Tift","624","17","88"
"60-69 years","Tift","482","27","98"
"70-79 years","Tift","304","37","100"
"80 & Older years","Tift","185","46","74"
"<1 years","Tift","35","0","2"
"Unknown years","Tift","1","0","0"
"01-04 years","Toombs","53","0","0"
"05-09 years","Toombs","119","0","0"
"10-17 years","Toombs","351","0","2"
"18-29 years","Toombs","876","1","10"
"30-39 years","Toombs","672","2","11"
"40-49 years","Toombs","642","9","37"
"50-59 years","Toombs","619","16","39"
"60-69 years","Toombs","548","31","73"
"70-79 years","Toombs","343","47","56"
"80 & Older years","Toombs","197","49","42"
"<1 years","Toombs","21","0","0"
"01-04 years","Towns","8","0","0"
"05-09 years","Towns","18","0","1"
"10-17 years","Towns","75","0","1"
"18-29 years","Towns","204","0","4"
"30-39 years","Towns","138","1","5"
"40-49 years","Towns","165","2","6"
"50-59 years","Towns","270","6","27"
"60-69 years","Towns","322","8","28"
"70-79 years","Towns","236","16","49"
"80 & Older years","Towns","163","36","66"
"<1 years","Towns","2","0","0"
"01-04 years","Treutlen","13","0","0"
"05-09 years","Treutlen","25","0","1"
"10-17 years","Treutlen","78","0","1"
"18-29 years","Treutlen","156","0","3"
"30-39 years","Treutlen","144","0","5"
"40-49 years","Treutlen","141","5","6"
"50-59 years","Treutlen","137","3","10"
"60-69 years","Treutlen","90","7","15"
"70-79 years","Treutlen","68","17","12"
"80 & Older years","Treutlen","39","13","10"
"<1 years","Treutlen","1","0","0"
"01-04 years","Troup","245","0","2"
"05-09 years","Troup","369","0","1"
"10-17 years","Troup","926","0","11"
"18-29 years","Troup","1792","2","38"
"30-39 years","Troup","1398","10","62"
"40-49 years","Troup","1187","11","70"
"50-59 years","Troup","1167","34","142"
"60-69 years","Troup","857","57","132"
"70-79 years","Troup","466","64","116"
"80 & Older years","Troup","313","94","78"
"<1 years","Troup","83","0","3"
"Unknown years","Troup","4","0","0"
"01-04 years","Turner","13","0","0"
"05-09 years","Turner","18","0","2"
"10-17 years","Turner","37","0","1"
"18-29 years","Turner","134","0","4"
"30-39 years","Turner","141","0","15"
"40-49 years","Turner","140","1","9"
"50-59 years","Turner","126","2","19"
"60-69 years","Turner","102","9","30"
"70-79 years","Turner","63","11","16"
"80 & Older years","Turner","38","18","16"
"<1 years","Turner","7","0","1"
"01-04 years","Twiggs","16","0","1"
"05-09 years","Twiggs","13","0","1"
"10-17 years","Twiggs","51","0","1"
"18-29 years","Twiggs","111","0","3"
"30-39 years","Twiggs","98","1","4"
"40-49 years","Twiggs","101","2","11"
"50-59 years","Twiggs","136","4","26"
"60-69 years","Twiggs","128","13","42"
"70-79 years","Twiggs","73","14","30"
"80 & Older years","Twiggs","34","15","19"
"<1 years","Twiggs","2","0","0"
"01-04 years","Union","21","0","0"
"05-09 years","Union","64","0","0"
"10-17 years","Union","204","0","2"
"18-29 years","Union","400","1","6"
"30-39 years","Union","396","3","8"
"40-49 years","Union","376","2","23"
"50-59 years","Union","479","6","40"
"60-69 years","Union","578","20","79"
"70-79 years","Union","487","35","107"
"80 & Older years","Union","261","53","85"
"<1 years","Union","7","0","2"
"Unknown years","Union","7","0","0"
"01-04 years","Unknown","35","0","0"
"05-09 years","Unknown","73","0","0"
"10-17 years","Unknown","202","0","1"
"18-29 years","Unknown","773","1","8"
"30-39 years","Unknown","420","0","6"
"40-49 years","Unknown","370","1","5"
"50-59 years","Unknown","300","1","6"
"60-69 years","Unknown","195","0","12"
"70-79 years","Unknown","118","1","9"
"80 & Older years","Unknown","54","0","5"
"<1 years","Unknown","38","0","1"
"Unknown years","Unknown","91","0","4"
"01-04 years","Upson","81","0","1"
"05-09 years","Upson","117","0","0"
"10-17 years","Upson","299","1","4"
"18-29 years","Upson","483","0","9"
"30-39 years","Upson","352","2","12"
"40-49 years","Upson","360","2","19"
"50-59 years","Upson","356","13","41"
"60-69 years","Upson","331","31","56"
"70-79 years","Upson","225","44","67"
"80 & Older years","Upson","128","47","45"
"<1 years","Upson","32","0","2"
"Unknown years","Upson","5","0","0"
"01-04 years","Walker","179","0","1"
"05-09 years","Walker","366","0","1"
"10-17 years","Walker","983","0","9"
"18-29 years","Walker","1824","0","23"
"30-39 years","Walker","1471","1","22"
"40-49 years","Walker","1635","10","50"
"50-59 years","Walker","1416","8","61"
"60-69 years","Walker","1063","30","91"
"70-79 years","Walker","694","43","88"
"80 & Older years","Walker","315","43","55"
"<1 years","Walker","69","0","2"
"Unknown years","Walker","75","0","5"
"01-04 years","Walton","156","0","2"
"05-09 years","Walton","330","0","5"
"10-17 years","Walton","1026","0","18"
"18-29 years","Walton","1997","3","85"
"30-39 years","Walton","1780","6","69"
"40-49 years","Walton","1838","10","115"
"50-59 years","Walton","1770","29","170"
"60-69 years","Walton","1213","49","186"
"70-79 years","Walton","853","100","182"
"80 & Older years","Walton","478","126","120"
"<1 years","Walton","58","0","3"
"Unknown years","Walton","7","0","0"
"01-04 years","Ware","127","0","1"
"05-09 years","Ware","157","0","0"
"10-17 years","Ware","436","0","4"
"18-29 years","Ware","866","1","16"
"30-39 years","Ware","702","3","37"
"40-49 years","Ware","635","5","55"
"50-59 years","Ware","598","34","123"
"60-69 years","Ware","443","36","108"
"70-79 years","Ware","335","56","129"
"80 & Older years","Ware","238","72","83"
"<1 years","Ware","44","0","2"
"01-04 years","Warren","10","0","0"
"05-09 years","Warren","10","0","0"
"10-17 years","Warren","36","0","0"
"18-29 years","Warren","105","0","3"
"30-39 years","Warren","71","0","5"
"40-49 years","Warren","71","3","7"
"50-59 years","Warren","82","3","10"
"60-69 years","Warren","59","3","10"
"70-79 years","Warren","43","6","15"
"80 & Older years","Warren","20","5","8"
"<1 years","Warren","6","0","1"
"Unknown years","Warren","4","0","0"
"01-04 years","Washington","61","0","0"
"05-09 years","Washington","85","0","0"
"10-17 years","Washington","289","1","4"
"18-29 years","Washington","388","0","8"
"30-39 years","Washington","358","2","14"
"40-49 years","Washington","353","6","16"
"50-59 years","Washington","316","10","17"
"60-69 years","Washington","277","17","34"
"70-79 years","Washington","143","13","27"
"80 & Older years","Washington","83","30","15"
"<1 years","Washington","24","0","0"
"Unknown years","Washington","1","0","0"
"01-04 years","Wayne","60","0","2"
"05-09 years","Wayne","104","0","0"
"10-17 years","Wayne","389","0","2"
"18-29 years","Wayne","730","1","15"
"30-39 years","Wayne","707","6","21"
"40-49 years","Wayne","743","13","57"
"50-59 years","Wayne","652","23","61"
"60-69 years","Wayne","491","36","95"
"70-79 years","Wayne","347","40","97"
"80 & Older years","Wayne","155","38","39"
"<1 years","Wayne","25","0","2"
"05-09 years","Webster","8","0","0"
"10-17 years","Webster","16","0","0"
"18-29 years","Webster","35","0","3"
"30-39 years","Webster","17","0","1"
"40-49 years","Webster","27","0","2"
"50-59 years","Webster","26","3","8"
"60-69 years","Webster","28","1","4"
"70-79 years","Webster","11","1","4"
"80 & Older years","Webster","5","1","1"
"<1 years","Webster","3","0","0"
"Unknown years","Webster","2","0","0"
"01-04 years","Wheeler","3","0","0"
"05-09 years","Wheeler","9","0","1"
"10-17 years","Wheeler","40","0","0"
"18-29 years","Wheeler","87","0","0"
"30-39 years","Wheeler","108","2","2"
"40-49 years","Wheeler","105","3","3"
"50-59 years","Wheeler","112","9","12"
"60-69 years","Wheeler","69","6","10"
"70-79 years","Wheeler","49","8","12"
"80 & Older years","Wheeler","10","4","2"
"<1 years","Wheeler","2","0","0"
"Unknown years","Wheeler","23","0","1"
"01-04 years","White","41","0","1"
"05-09 years","White","111","0","1"
"10-17 years","White","435","0","2"
"18-29 years","White","714","1","14"
"30-39 years","White","586","2","12"
"40-49 years","White","645","8","33"
"50-59 years","White","716","10","66"
"60-69 years","White","631","20","87"
"70-79 years","White","468","30","109"
"80 & Older years","White","252","46","92"
"<1 years","White","13","0","0"
"Unknown years","White","10","0","0"
"01-04 years","Whitfield","301","0","3"
"05-09 years","Whitfield","626","0","3"
"10-17 years","Whitfield","1972","0","9"
"18-29 years","Whitfield","4604","3","63"
"30-39 years","Whitfield","3177","6","85"
"40-49 years","Whitfield","3128","12","113"
"50-59 years","Whitfield","2750","54","175"
"60-69 years","Whitfield","1662","62","200"
"70-79 years","Whitfield","928","80","179"
"80 & Older years","Whitfield","521","113","139"
"<1 years","Whitfield","109","0","5"
"01-04 years","Wilcox","21","0","1"
"05-09 years","Wilcox","28","0","0"
"10-17 years","Wilcox","55","0","0"
"18-29 years","Wilcox","74","0","1"
"30-39 years","Wilcox","70","0","3"
"40-49 years","Wilcox","93","0","12"
"50-59 years","Wilcox","102","2","17"
"60-69 years","Wilcox","107","10","30"
"70-79 years","Wilcox","60","12","11"
"80 & Older years","Wilcox","27","8","8"
"<1 years","Wilcox","8","0","1"
"01-04 years","Wilkes","10","0","0"
"05-09 years","Wilkes","25","0","0"
"10-17 years","Wilkes","77","0","1"
"18-29 years","Wilkes","167","0","4"
"30-39 years","Wilkes","112","0","7"
"40-49 years","Wilkes","141","1","16"
"50-59 years","Wilkes","131","3","13"
"60-69 years","Wilkes","109","4","24"
"70-79 years","Wilkes","76","9","27"
"80 & Older years","Wilkes","44","10","19"
"<1 years","Wilkes","7","0","1"
"Unknown years","Wilkes","1","0","0"
"01-04 years","Wilkinson","18","0","0"
"05-09 years","Wilkinson","27","0","0"
"10-17 years","Wilkinson","89","0","1"
"18-29 years","Wilkinson","177","0","4"
"30-39 years","Wilkinson","161","0","11"
"40-49 years","Wilkinson","152","0","10"
"50-59 years","Wilkinson","193","6","30"
"60-69 years","Wilkinson","173","18","51"
"70-79 years","Wilkinson","74","10","23"
"80 & Older years","Wilkinson","45","7","19"
"<1 years","Wilkinson","6","0","0"
"01-04 years","Worth","31","0","0"
"05-09 years","Worth","52","0","0"
"10-17 years","Worth","168","1","3"
"18-29 years","Worth","315","1","15"
"30-39 years","Worth","229","0","18"
"40-49 years","Worth","239","3","26"
"50-59 years","Worth","258","7","37"
"60-69 years","Worth","245","23","64"
"70-79 years","Worth","140","21","41"
"80 & Older years","Worth","87","23","33"
"<1 years","Worth","10","0","0"
"Unknown years","Worth","2","0","0"
