"age group","county name","cases","deaths","hospitalization"
"01-04 years","Georgia","11251","1","208"
"05-09 years","Georgia","18603","2","166"
"10-17 years","Georgia","64190","7","647"
"18-29 years","Georgia","191058","111","3573"
"30-39 years","Georgia","138044","239","4654"
"40-49 years","Georgia","134035","575","6744"
"50-59 years","Georgia","127444","1542","10173"
"60-69 years","Georgia","86193","3280","12177"
"70-79 years","Georgia","50130","4798","11655"
"80 & Older years","Georgia","29102","6269","9093"
"<1 years","Georgia","3160","0","164"
"Unknown years","Georgia","5058","3","102"
"01-04 years","Appling","28","0","0"
"05-09 years","Appling","53","0","0"
"10-17 years","Appling","162","0","1"
"18-29 years","Appling","336","1","5"
"30-39 years","Appling","255","1","5"
"40-49 years","Appling","252","4","19"
"50-59 years","Appling","289","6","27"
"60-69 years","Appling","252","14","50"
"70-79 years","Appling","165","17","34"
"80 & Older years","Appling","80","20","30"
"<1 years","Appling","7","0","0"
"Unknown years","Appling","2","0","0"
"01-04 years","Atkinson","6","0","1"
"05-09 years","Atkinson","18","0","1"
"10-17 years","Atkinson","49","0","0"
"18-29 years","Atkinson","167","0","8"
"30-39 years","Atkinson","121","0","10"
"40-49 years","Atkinson","131","1","23"
"50-59 years","Atkinson","137","1","24"
"60-69 years","Atkinson","82","4","25"
"70-79 years","Atkinson","43","5","13"
"80 & Older years","Atkinson","14","5","10"
"<1 years","Atkinson","3","0","0"
"01-04 years","Bacon","18","0","0"
"05-09 years","Bacon","23","0","0"
"10-17 years","Bacon","74","0","1"
"18-29 years","Bacon","394","0","1"
"30-39 years","Bacon","184","0","5"
"40-49 years","Bacon","173","1","12"
"50-59 years","Bacon","152","2","16"
"60-69 years","Bacon","126","9","23"
"70-79 years","Bacon","78","7","17"
"80 & Older years","Bacon","38","9","7"
"<1 years","Bacon","4","0","0"
"Unknown years","Bacon","1","0","0"
"01-04 years","Baker","6","0","0"
"05-09 years","Baker","4","0","0"
"10-17 years","Baker","9","0","0"
"18-29 years","Baker","25","0","0"
"30-39 years","Baker","22","0","2"
"40-49 years","Baker","14","1","2"
"50-59 years","Baker","21","0","1"
"60-69 years","Baker","32","3","15"
"70-79 years","Baker","18","2","10"
"80 & Older years","Baker","9","3","3"
"<1 years","Baker","1","0","0"
"01-04 years","Baldwin","30","0","0"
"05-09 years","Baldwin","52","0","0"
"10-17 years","Baldwin","192","1","5"
"18-29 years","Baldwin","1277","0","15"
"30-39 years","Baldwin","467","1","16"
"40-49 years","Baldwin","480","2","31"
"50-59 years","Baldwin","489","12","58"
"60-69 years","Baldwin","387","23","73"
"70-79 years","Baldwin","257","27","56"
"80 & Older years","Baldwin","154","43","59"
"<1 years","Baldwin","14","0","0"
"01-04 years","Banks","11","0","0"
"05-09 years","Banks","26","0","1"
"10-17 years","Banks","105","0","2"
"18-29 years","Banks","295","0","8"
"30-39 years","Banks","205","0","5"
"40-49 years","Banks","229","0","16"
"50-59 years","Banks","253","1","23"
"60-69 years","Banks","208","5","42"
"70-79 years","Banks","151","15","55"
"80 & Older years","Banks","79","12","29"
"<1 years","Banks","5","0","1"
"Unknown years","Banks","34","0","1"
"01-04 years","Barrow","89","0","0"
"05-09 years","Barrow","169","0","0"
"10-17 years","Barrow","650","0","7"
"18-29 years","Barrow","1710","2","35"
"30-39 years","Barrow","1453","1","45"
"40-49 years","Barrow","1500","5","65"
"50-59 years","Barrow","1259","7","98"
"60-69 years","Barrow","837","29","140"
"70-79 years","Barrow","490","33","101"
"80 & Older years","Barrow","240","49","89"
"<1 years","Barrow","31","0","2"
"Unknown years","Barrow","24","0","0"
"01-04 years","Bartow","110","0","3"
"05-09 years","Bartow","225","0","2"
"10-17 years","Bartow","939","0","13"
"18-29 years","Bartow","2067","0","24"
"30-39 years","Bartow","1674","4","45"
"40-49 years","Bartow","1757","2","79"
"50-59 years","Bartow","1813","16","149"
"60-69 years","Bartow","1085","35","156"
"70-79 years","Bartow","727","72","184"
"80 & Older years","Bartow","351","73","125"
"<1 years","Bartow","38","0","1"
"Unknown years","Bartow","155","0","7"
"01-04 years","Ben Hill","29","0","1"
"05-09 years","Ben Hill","20","0","0"
"10-17 years","Ben Hill","98","0","0"
"18-29 years","Ben Hill","260","0","4"
"30-39 years","Ben Hill","214","3","9"
"40-49 years","Ben Hill","198","1","10"
"50-59 years","Ben Hill","238","6","29"
"60-69 years","Ben Hill","203","12","28"
"70-79 years","Ben Hill","145","19","52"
"80 & Older years","Ben Hill","70","17","18"
"<1 years","Ben Hill","5","0","0"
"Unknown years","Ben Hill","2","0","0"
"01-04 years","Berrien","16","0","0"
"05-09 years","Berrien","23","0","0"
"10-17 years","Berrien","93","0","1"
"18-29 years","Berrien","198","0","0"
"30-39 years","Berrien","158","0","3"
"40-49 years","Berrien","139","0","5"
"50-59 years","Berrien","165","2","17"
"60-69 years","Berrien","123","8","17"
"70-79 years","Berrien","79","10","15"
"80 & Older years","Berrien","48","10","13"
"<1 years","Berrien","2","0","0"
"Unknown years","Berrien","2","0","0"
"01-04 years","Bibb","137","0","4"
"05-09 years","Bibb","186","0","0"
"10-17 years","Bibb","652","0","9"
"18-29 years","Bibb","2926","1","80"
"30-39 years","Bibb","2066","6","106"
"40-49 years","Bibb","2087","16","198"
"50-59 years","Bibb","1949","26","269"
"60-69 years","Bibb","1552","84","409"
"70-79 years","Bibb","951","115","358"
"80 & Older years","Bibb","591","144","288"
"<1 years","Bibb","45","0","4"
"Unknown years","Bibb","15","0","0"
"01-04 years","Bleckley","5","0","0"
"05-09 years","Bleckley","16","0","0"
"10-17 years","Bleckley","69","0","0"
"18-29 years","Bleckley","187","0","3"
"30-39 years","Bleckley","93","1","3"
"40-49 years","Bleckley","105","1","2"
"50-59 years","Bleckley","104","2","4"
"60-69 years","Bleckley","86","7","11"
"70-79 years","Bleckley","64","5","12"
"80 & Older years","Bleckley","61","18","12"
"<1 years","Bleckley","3","0","0"
"01-04 years","Brantley","12","0","0"
"05-09 years","Brantley","13","0","0"
"10-17 years","Brantley","83","0","1"
"18-29 years","Brantley","155","0","1"
"30-39 years","Brantley","119","0","4"
"40-49 years","Brantley","130","1","5"
"50-59 years","Brantley","149","2","15"
"60-69 years","Brantley","113","4","13"
"70-79 years","Brantley","86","16","23"
"80 & Older years","Brantley","47","8","10"
"<1 years","Brantley","1","0","0"
"01-04 years","Brooks","15","0","1"
"05-09 years","Brooks","25","0","0"
"10-17 years","Brooks","85","0","0"
"18-29 years","Brooks","174","0","1"
"30-39 years","Brooks","126","0","2"
"40-49 years","Brooks","119","1","11"
"50-59 years","Brooks","145","2","20"
"60-69 years","Brooks","98","6","16"
"70-79 years","Brooks","84","10","19"
"80 & Older years","Brooks","56","17","15"
"<1 years","Brooks","4","0","0"
"01-04 years","Bryan","50","0","0"
"05-09 years","Bryan","80","0","0"
"10-17 years","Bryan","264","0","3"
"18-29 years","Bryan","518","0","11"
"30-39 years","Bryan","433","1","9"
"40-49 years","Bryan","472","0","14"
"50-59 years","Bryan","347","5","29"
"60-69 years","Bryan","248","10","28"
"70-79 years","Bryan","154","9","50"
"80 & Older years","Bryan","67","8","26"
"<1 years","Bryan","12","0","0"
"Unknown years","Bryan","1","0","0"
"01-04 years","Bulloch","57","0","0"
"05-09 years","Bulloch","103","0","0"
"10-17 years","Bulloch","369","0","2"
"18-29 years","Bulloch","2223","0","9"
"30-39 years","Bulloch","633","4","21"
"40-49 years","Bulloch","549","2","25"
"50-59 years","Bulloch","524","8","33"
"60-69 years","Bulloch","381","14","45"
"70-79 years","Bulloch","196","17","39"
"80 & Older years","Bulloch","107","17","35"
"<1 years","Bulloch","25","0","2"
"Unknown years","Bulloch","5","0","0"
"01-04 years","Burke","21","0","0"
"05-09 years","Burke","44","0","0"
"10-17 years","Burke","135","0","1"
"18-29 years","Burke","335","1","7"
"30-39 years","Burke","260","1","10"
"40-49 years","Burke","290","2","14"
"50-59 years","Burke","266","2","32"
"60-69 years","Burke","207","5","37"
"70-79 years","Burke","120","12","32"
"80 & Older years","Burke","40","12","14"
"<1 years","Burke","7","0","0"
"Unknown years","Burke","4","0","0"
"01-04 years","Butts","24","0","3"
"05-09 years","Butts","28","0","0"
"10-17 years","Butts","111","0","1"
"18-29 years","Butts","383","0","6"
"30-39 years","Butts","344","0","8"
"40-49 years","Butts","333","4","13"
"50-59 years","Butts","353","6","22"
"60-69 years","Butts","261","16","32"
"70-79 years","Butts","179","21","24"
"80 & Older years","Butts","111","26","8"
"<1 years","Butts","5","0","1"
"Unknown years","Butts","5","0","0"
"01-04 years","Calhoun","7","0","0"
"05-09 years","Calhoun","1","0","0"
"10-17 years","Calhoun","40","0","0"
"18-29 years","Calhoun","65","0","6"
"30-39 years","Calhoun","60","2","6"
"40-49 years","Calhoun","75","1","8"
"50-59 years","Calhoun","80","2","17"
"60-69 years","Calhoun","72","2","19"
"70-79 years","Calhoun","24","5","9"
"80 & Older years","Calhoun","15","2","8"
"<1 years","Calhoun","3","0","0"
"Unknown years","Calhoun","1","0","0"
"01-04 years","Camden","46","0","0"
"05-09 years","Camden","41","0","1"
"10-17 years","Camden","225","0","1"
"18-29 years","Camden","774","0","5"
"30-39 years","Camden","517","1","17"
"40-49 years","Camden","412","1","11"
"50-59 years","Camden","476","1","18"
"60-69 years","Camden","354","6","27"
"70-79 years","Camden","207","5","25"
"80 & Older years","Camden","92","13","22"
"<1 years","Camden","8","0","1"
"01-04 years","Candler","9","0","0"
"05-09 years","Candler","12","0","0"
"10-17 years","Candler","54","0","0"
"18-29 years","Candler","128","0","0"
"30-39 years","Candler","95","0","3"
"40-49 years","Candler","117","3","3"
"50-59 years","Candler","125","5","10"
"60-69 years","Candler","97","8","14"
"70-79 years","Candler","64","14","19"
"80 & Older years","Candler","28","6","11"
"<1 years","Candler","5","0","0"
"Unknown years","Candler","1","0","0"
"01-04 years","Carroll","88","0","1"
"05-09 years","Carroll","134","0","1"
"10-17 years","Carroll","614","0","6"
"18-29 years","Carroll","1722","0","12"
"30-39 years","Carroll","1081","4","19"
"40-49 years","Carroll","1066","4","29"
"50-59 years","Carroll","1069","10","55"
"60-69 years","Carroll","760","26","72"
"70-79 years","Carroll","449","35","64"
"80 & Older years","Carroll","268","51","44"
"<1 years","Carroll","26","0","0"
"Unknown years","Carroll","13","0","0"
"01-04 years","Catoosa","89","0","0"
"05-09 years","Catoosa","133","0","1"
"10-17 years","Catoosa","464","0","2"
"18-29 years","Catoosa","986","0","8"
"30-39 years","Catoosa","746","1","11"
"40-49 years","Catoosa","868","2","14"
"50-59 years","Catoosa","798","5","31"
"60-69 years","Catoosa","581","7","60"
"70-79 years","Catoosa","350","16","55"
"80 & Older years","Catoosa","245","30","49"
"<1 years","Catoosa","33","0","1"
"Unknown years","Catoosa","141","0","10"
"01-04 years","Charlton","12","0","0"
"05-09 years","Charlton","27","0","0"
"10-17 years","Charlton","63","0","0"
"18-29 years","Charlton","183","0","1"
"30-39 years","Charlton","203","0","4"
"40-49 years","Charlton","176","2","8"
"50-59 years","Charlton","146","2","5"
"60-69 years","Charlton","146","7","19"
"70-79 years","Charlton","54","5","11"
"80 & Older years","Charlton","32","7","14"
"<1 years","Charlton","2","0","0"
"Unknown years","Charlton","1","0","0"
"01-04 years","Chatham","384","0","3"
"05-09 years","Chatham","474","1","1"
"10-17 years","Chatham","1336","0","14"
"18-29 years","Chatham","4945","2","57"
"30-39 years","Chatham","3377","5","112"
"40-49 years","Chatham","2763","13","150"
"50-59 years","Chatham","2500","38","240"
"60-69 years","Chatham","2019","77","356"
"70-79 years","Chatham","1082","118","342"
"80 & Older years","Chatham","678","143","287"
"<1 years","Chatham","107","0","4"
"Unknown years","Chatham","8","0","1"
"01-04 years","Chattahoochee","8","0","0"
"05-09 years","Chattahoochee","8","0","0"
"10-17 years","Chattahoochee","120","0","2"
"18-29 years","Chattahoochee","2524","7","5"
"30-39 years","Chattahoochee","254","2","4"
"40-49 years","Chattahoochee","55","0","0"
"50-59 years","Chattahoochee","23","0","5"
"60-69 years","Chattahoochee","18","0","4"
"70-79 years","Chattahoochee","8","1","2"
"80 & Older years","Chattahoochee","9","2","5"
"<1 years","Chattahoochee","8","0","0"
"Unknown years","Chattahoochee","1","0","0"
"01-04 years","Chattooga","15","0","0"
"05-09 years","Chattooga","31","0","0"
"10-17 years","Chattooga","189","0","1"
"18-29 years","Chattooga","375","0","5"
"30-39 years","Chattooga","298","0","8"
"40-49 years","Chattooga","339","2","15"
"50-59 years","Chattooga","336","5","24"
"60-69 years","Chattooga","282","14","40"
"70-79 years","Chattooga","167","16","43"
"80 & Older years","Chattooga","116","23","33"
"<1 years","Chattooga","10","0","1"
"Unknown years","Chattooga","31","0","1"
"01-04 years","Cherokee","232","0","7"
"05-09 years","Cherokee","555","0","9"
"10-17 years","Cherokee","2250","0","15"
"18-29 years","Cherokee","4311","2","76"
"30-39 years","Cherokee","3135","2","96"
"40-49 years","Cherokee","3560","4","118"
"50-59 years","Cherokee","3451","22","194"
"60-69 years","Cherokee","2080","42","236"
"70-79 years","Cherokee","1335","76","246"
"80 & Older years","Cherokee","804","140","220"
"<1 years","Cherokee","45","0","1"
"Unknown years","Cherokee","17","0","1"
"01-04 years","Clarke","163","0","1"
"05-09 years","Clarke","203","0","2"
"10-17 years","Clarke","595","0","5"
"18-29 years","Clarke","5962","1","37"
"30-39 years","Clarke","1589","2","34"
"40-49 years","Clarke","1279","3","52"
"50-59 years","Clarke","1160","11","72"
"60-69 years","Clarke","774","21","96"
"70-79 years","Clarke","460","48","111"
"80 & Older years","Clarke","240","45","71"
"<1 years","Clarke","43","0","2"
"Unknown years","Clarke","39","0","0"
"01-04 years","Clay","3","0","0"
"05-09 years","Clay","2","0","0"
"10-17 years","Clay","16","0","0"
"18-29 years","Clay","27","0","0"
"30-39 years","Clay","31","0","1"
"40-49 years","Clay","29","0","1"
"50-59 years","Clay","17","0","1"
"60-69 years","Clay","24","1","2"
"70-79 years","Clay","19","0","0"
"80 & Older years","Clay","14","2","5"
"Unknown years","Clay","1","0","0"
"01-04 years","Clayton","404","0","8"
"05-09 years","Clayton","605","1","8"
"10-17 years","Clayton","1552","0","29"
"18-29 years","Clayton","4781","6","101"
"30-39 years","Clayton","4135","10","151"
"40-49 years","Clayton","3754","24","187"
"50-59 years","Clayton","3556","53","264"
"60-69 years","Clayton","2244","111","248"
"70-79 years","Clayton","946","105","177"
"80 & Older years","Clayton","465","105","116"
"<1 years","Clayton","89","0","3"
"Unknown years","Clayton","60","0","3"
"01-04 years","Clinch","14","0","0"
"05-09 years","Clinch","20","0","0"
"10-17 years","Clinch","74","0","0"
"18-29 years","Clinch","131","0","2"
"30-39 years","Clinch","106","1","4"
"40-49 years","Clinch","101","0","4"
"50-59 years","Clinch","96","2","14"
"60-69 years","Clinch","105","7","17"
"70-79 years","Clinch","52","9","18"
"80 & Older years","Clinch","19","6","6"
"<1 years","Clinch","4","0","0"
"Unknown years","Clinch","1","0","0"
"01-04 years","Cobb","725","1","16"
"05-09 years","Cobb","1323","0","10"
"10-17 years","Cobb","4264","0","39"
"18-29 years","Cobb","14593","5","227"
"30-39 years","Cobb","9901","16","249"
"40-49 years","Cobb","9446","34","399"
"50-59 years","Cobb","8403","62","524"
"60-69 years","Cobb","5197","133","530"
"70-79 years","Cobb","2838","276","511"
"80 & Older years","Cobb","1747","396","487"
"<1 years","Cobb","192","0","12"
"Unknown years","Cobb","115","0","3"
"01-04 years","Coffee","75","0","2"
"05-09 years","Coffee","97","0","4"
"10-17 years","Coffee","288","0","4"
"18-29 years","Coffee","811","0","22"
"30-39 years","Coffee","611","4","42"
"40-49 years","Coffee","682","5","87"
"50-59 years","Coffee","668","12","133"
"60-69 years","Coffee","528","32","132"
"70-79 years","Coffee","283","40","126"
"80 & Older years","Coffee","156","41","89"
"<1 years","Coffee","14","0","0"
"01-04 years","Colquitt","48","0","0"
"05-09 years","Colquitt","100","0","1"
"10-17 years","Colquitt","370","0","7"
"18-29 years","Colquitt","723","0","20"
"30-39 years","Colquitt","510","1","18"
"40-49 years","Colquitt","539","6","37"
"50-59 years","Colquitt","478","15","39"
"60-69 years","Colquitt","341","14","42"
"70-79 years","Colquitt","206","14","46"
"80 & Older years","Colquitt","138","24","31"
"<1 years","Colquitt","16","0","0"
"Unknown years","Colquitt","3","0","0"
"01-04 years","Columbia","136","0","2"
"05-09 years","Columbia","287","0","0"
"10-17 years","Columbia","1080","0","1"
"18-29 years","Columbia","2197","1","21"
"30-39 years","Columbia","1955","2","25"
"40-49 years","Columbia","1773","7","45"
"50-59 years","Columbia","1531","15","69"
"60-69 years","Columbia","979","26","94"
"70-79 years","Columbia","523","43","106"
"80 & Older years","Columbia","303","65","95"
"<1 years","Columbia","33","0","1"
"Unknown years","Columbia","18","0","0"
"01-04 years","Cook","14","0","1"
"05-09 years","Cook","24","0","0"
"10-17 years","Cook","92","0","2"
"18-29 years","Cook","227","0","6"
"30-39 years","Cook","171","0","4"
"40-49 years","Cook","175","0","14"
"50-59 years","Cook","163","2","17"
"60-69 years","Cook","128","7","19"
"70-79 years","Cook","99","11","28"
"80 & Older years","Cook","54","16","15"
"<1 years","Cook","6","0","0"
"Unknown years","Cook","2","0","0"
"01-04 years","Coweta","105","0","0"
"05-09 years","Coweta","188","0","0"
"10-17 years","Coweta","623","0","4"
"18-29 years","Coweta","1579","1","15"
"30-39 years","Coweta","1233","2","27"
"40-49 years","Coweta","1317","9","39"
"50-59 years","Coweta","1519","23","59"
"60-69 years","Coweta","939","35","60"
"70-79 years","Coweta","579","50","73"
"80 & Older years","Coweta","325","65","45"
"<1 years","Coweta","27","0","1"
"Unknown years","Coweta","22","0","0"
"01-04 years","Crawford","2","0","0"
"05-09 years","Crawford","2","0","0"
"10-17 years","Crawford","28","0","1"
"18-29 years","Crawford","75","0","2"
"30-39 years","Crawford","71","0","6"
"40-49 years","Crawford","58","1","3"
"50-59 years","Crawford","115","3","14"
"60-69 years","Crawford","100","7","16"
"70-79 years","Crawford","44","5","15"
"80 & Older years","Crawford","24","1","11"
"01-04 years","Crisp","21","0","0"
"05-09 years","Crisp","30","0","0"
"10-17 years","Crisp","105","0","1"
"18-29 years","Crisp","226","0","9"
"30-39 years","Crisp","221","1","14"
"40-49 years","Crisp","203","3","19"
"50-59 years","Crisp","202","5","26"
"60-69 years","Crisp","202","16","40"
"70-79 years","Crisp","102","10","33"
"80 & Older years","Crisp","72","17","17"
"<1 years","Crisp","8","0","0"
"Unknown years","Crisp","14","0","0"
"01-04 years","Dade","14","0","0"
"05-09 years","Dade","37","0","0"
"10-17 years","Dade","98","0","0"
"18-29 years","Dade","217","0","1"
"30-39 years","Dade","147","0","2"
"40-49 years","Dade","184","0","7"
"50-59 years","Dade","166","2","10"
"60-69 years","Dade","127","1","8"
"70-79 years","Dade","91","5","19"
"80 & Older years","Dade","50","2","10"
"<1 years","Dade","7","0","0"
"Unknown years","Dade","40","1","3"
"01-04 years","Dawson","26","0","0"
"05-09 years","Dawson","48","0","0"
"10-17 years","Dawson","195","0","4"
"18-29 years","Dawson","529","0","14"
"30-39 years","Dawson","392","0","13"
"40-49 years","Dawson","358","0","23"
"50-59 years","Dawson","422","2","32"
"60-69 years","Dawson","337","5","68"
"70-79 years","Dawson","209","19","48"
"80 & Older years","Dawson","89","13","29"
"<1 years","Dawson","8","0","1"
"Unknown years","Dawson","37","0","2"
"01-04 years","DeKalb","837","0","22"
"05-09 years","DeKalb","1207","0","19"
"10-17 years","DeKalb","3333","0","57"
"18-29 years","DeKalb","12869","10","344"
"30-39 years","DeKalb","11059","18","503"
"40-49 years","DeKalb","8795","34","559"
"50-59 years","DeKalb","7977","101","796"
"60-69 years","DeKalb","5064","163","866"
"70-79 years","DeKalb","2544","234","682"
"80 & Older years","DeKalb","1582","322","500"
"<1 years","DeKalb","183","0","8"
"Unknown years","DeKalb","292","0","6"
"01-04 years","Decatur","53","0","1"
"05-09 years","Decatur","64","0","0"
"10-17 years","Decatur","202","0","0"
"18-29 years","Decatur","419","1","8"
"30-39 years","Decatur","324","1","8"
"40-49 years","Decatur","312","1","18"
"50-59 years","Decatur","270","5","28"
"60-69 years","Decatur","220","10","31"
"70-79 years","Decatur","140","19","25"
"80 & Older years","Decatur","99","17","23"
"<1 years","Decatur","9","0","0"
"Unknown years","Decatur","2","0","0"
"01-04 years","Dodge","7","0","0"
"05-09 years","Dodge","17","0","0"
"10-17 years","Dodge","86","1","1"
"18-29 years","Dodge","200","0","4"
"30-39 years","Dodge","149","0","5"
"40-49 years","Dodge","152","1","11"
"50-59 years","Dodge","177","5","18"
"60-69 years","Dodge","146","16","29"
"70-79 years","Dodge","82","16","21"
"80 & Older years","Dodge","55","16","16"
"<1 years","Dodge","4","0","0"
"01-04 years","Dooly","12","0","0"
"05-09 years","Dooly","12","0","0"
"10-17 years","Dooly","51","0","1"
"18-29 years","Dooly","109","0","5"
"30-39 years","Dooly","99","0","9"
"40-49 years","Dooly","134","1","9"
"50-59 years","Dooly","145","5","19"
"60-69 years","Dooly","125","10","24"
"70-79 years","Dooly","66","9","16"
"80 & Older years","Dooly","22","6","6"
"<1 years","Dooly","3","0","0"
"Unknown years","Dooly","3","0","0"
"01-04 years","Dougherty","64","0","3"
"05-09 years","Dougherty","114","0","0"
"10-17 years","Dougherty","247","0","6"
"18-29 years","Dougherty","964","2","81"
"30-39 years","Dougherty","808","4","80"
"40-49 years","Dougherty","817","16","112"
"50-59 years","Dougherty","893","25","164"
"60-69 years","Dougherty","765","73","245"
"70-79 years","Dougherty","452","64","177"
"80 & Older years","Dougherty","265","91","123"
"<1 years","Dougherty","28","0","2"
"Unknown years","Dougherty","1","0","0"
"01-04 years","Douglas","172","0","5"
"05-09 years","Douglas","282","0","5"
"10-17 years","Douglas","906","0","7"
"18-29 years","Douglas","2265","0","48"
"30-39 years","Douglas","1849","3","65"
"40-49 years","Douglas","2131","6","113"
"50-59 years","Douglas","1917","20","161"
"60-69 years","Douglas","1106","37","171"
"70-79 years","Douglas","580","57","141"
"80 & Older years","Douglas","284","46","92"
"<1 years","Douglas","33","0","5"
"Unknown years","Douglas","17","0","1"
"01-04 years","Early","19","0","0"
"05-09 years","Early","18","0","0"
"10-17 years","Early","95","0","0"
"18-29 years","Early","153","0","4"
"30-39 years","Early","148","0","4"
"40-49 years","Early","168","1","9"
"50-59 years","Early","161","3","11"
"60-69 years","Early","119","11","13"
"70-79 years","Early","76","15","17"
"80 & Older years","Early","41","12","13"
"<1 years","Early","2","0","0"
"Unknown years","Early","1","0","0"
"01-04 years","Echols","8","0","0"
"05-09 years","Echols","5","0","0"
"10-17 years","Echols","26","0","1"
"18-29 years","Echols","129","0","1"
"30-39 years","Echols","60","1","3"
"40-49 years","Echols","42","0","1"
"50-59 years","Echols","43","0","2"
"60-69 years","Echols","22","0","0"
"70-79 years","Echols","17","2","3"
"80 & Older years","Echols","3","1","2"
"<1 years","Echols","1","0","0"
"01-04 years","Effingham","51","0","2"
"05-09 years","Effingham","116","0","1"
"10-17 years","Effingham","399","0","1"
"18-29 years","Effingham","667","0","6"
"30-39 years","Effingham","616","1","13"
"40-49 years","Effingham","574","1","29"
"50-59 years","Effingham","581","11","41"
"60-69 years","Effingham","375","8","57"
"70-79 years","Effingham","211","20","55"
"80 & Older years","Effingham","96","22","31"
"<1 years","Effingham","11","0","0"
"01-04 years","Elbert","18","0","0"
"05-09 years","Elbert","29","0","0"
"10-17 years","Elbert","87","0","1"
"18-29 years","Elbert","262","0","2"
"30-39 years","Elbert","185","0","8"
"40-49 years","Elbert","217","1","9"
"50-59 years","Elbert","231","1","14"
"60-69 years","Elbert","184","6","22"
"70-79 years","Elbert","158","18","33"
"80 & Older years","Elbert","127","30","35"
"<1 years","Elbert","8","0","2"
"Unknown years","Elbert","9","0","0"
"01-04 years","Emanuel","25","0","1"
"05-09 years","Emanuel","23","0","0"
"10-17 years","Emanuel","166","0","2"
"18-29 years","Emanuel","309","1","0"
"30-39 years","Emanuel","229","0","8"
"40-49 years","Emanuel","281","2","7"
"50-59 years","Emanuel","255","6","27"
"60-69 years","Emanuel","223","9","30"
"70-79 years","Emanuel","130","15","26"
"80 & Older years","Emanuel","61","19","20"
"<1 years","Emanuel","5","0","0"
"Unknown years","Emanuel","10","0","1"
"01-04 years","Evans","14","0","0"
"05-09 years","Evans","20","0","0"
"10-17 years","Evans","86","0","0"
"18-29 years","Evans","147","1","3"
"30-39 years","Evans","126","0","3"
"40-49 years","Evans","110","0","9"
"50-59 years","Evans","110","3","16"
"60-69 years","Evans","67","4","15"
"70-79 years","Evans","48","6","15"
"80 & Older years","Evans","18","3","11"
"<1 years","Evans","2","0","0"
"Unknown years","Evans","1","0","0"
"01-04 years","Fannin","17","0","0"
"05-09 years","Fannin","33","0","0"
"10-17 years","Fannin","128","0","0"
"18-29 years","Fannin","295","0","5"
"30-39 years","Fannin","228","0","7"
"40-49 years","Fannin","259","1","10"
"50-59 years","Fannin","360","4","22"
"60-69 years","Fannin","352","7","36"
"70-79 years","Fannin","249","14","43"
"80 & Older years","Fannin","143","29","46"
"<1 years","Fannin","4","0","0"
"Unknown years","Fannin","7","0","0"
"01-04 years","Fayette","64","0","1"
"05-09 years","Fayette","132","0","2"
"10-17 years","Fayette","520","0","3"
"18-29 years","Fayette","1196","1","7"
"30-39 years","Fayette","770","1","8"
"40-49 years","Fayette","1057","1","25"
"50-59 years","Fayette","1131","9","43"
"60-69 years","Fayette","843","22","52"
"70-79 years","Fayette","426","52","70"
"80 & Older years","Fayette","281","58","39"
"<1 years","Fayette","13","0","0"
"Unknown years","Fayette","25","0","0"
"01-04 years","Floyd","122","0","4"
"05-09 years","Floyd","217","0","1"
"10-17 years","Floyd","925","0","11"
"18-29 years","Floyd","2006","0","28"
"30-39 years","Floyd","1471","3","52"
"40-49 years","Floyd","1439","5","83"
"50-59 years","Floyd","1401","22","150"
"60-69 years","Floyd","1015","33","184"
"70-79 years","Floyd","682","49","191"
"80 & Older years","Floyd","382","64","143"
"<1 years","Floyd","47","0","2"
"Unknown years","Floyd","133","0","4"
"01-04 years","Forsyth","229","0","1"
"05-09 years","Forsyth","571","0","2"
"10-17 years","Forsyth","2069","0","6"
"18-29 years","Forsyth","3098","0","44"
"30-39 years","Forsyth","2301","1","60"
"40-49 years","Forsyth","2982","4","119"
"50-59 years","Forsyth","2754","10","163"
"60-69 years","Forsyth","1432","18","150"
"70-79 years","Forsyth","843","56","215"
"80 & Older years","Forsyth","500","80","159"
"<1 years","Forsyth","48","0","3"
"Unknown years","Forsyth","494","0","4"
"01-04 years","Franklin","16","0","1"
"05-09 years","Franklin","54","0","0"
"10-17 years","Franklin","177","0","5"
"18-29 years","Franklin","427","0","10"
"30-39 years","Franklin","291","0","3"
"40-49 years","Franklin","342","0","13"
"50-59 years","Franklin","346","1","22"
"60-69 years","Franklin","303","3","33"
"70-79 years","Franklin","178","18","34"
"80 & Older years","Franklin","84","19","25"
"<1 years","Franklin","8","0","1"
"Unknown years","Franklin","84","0","2"
"01-04 years","Fulton","995","0","23"
"05-09 years","Fulton","1621","0","11"
"10-17 years","Fulton","5262","1","46"
"18-29 years","Fulton","20679","5","335"
"30-39 years","Fulton","15132","22","496"
"40-49 years","Fulton","12079","38","570"
"50-59 years","Fulton","10835","103","836"
"60-69 years","Fulton","6389","220","804"
"70-79 years","Fulton","3417","323","740"
"80 & Older years","Fulton","2432","504","726"
"<1 years","Fulton","217","0","10"
"Unknown years","Fulton","143","0","2"
"01-04 years","Gilmer","29","0","2"
"05-09 years","Gilmer","39","0","0"
"10-17 years","Gilmer","187","0","2"
"18-29 years","Gilmer","356","0","9"
"30-39 years","Gilmer","318","0","14"
"40-49 years","Gilmer","352","0","17"
"50-59 years","Gilmer","384","10","27"
"60-69 years","Gilmer","366","8","43"
"70-79 years","Gilmer","251","18","50"
"80 & Older years","Gilmer","134","34","40"
"<1 years","Gilmer","11","0","0"
"Unknown years","Gilmer","8","0","0"
"01-04 years","Glascock","1","0","0"
"05-09 years","Glascock","3","0","0"
"10-17 years","Glascock","1","0","0"
"18-29 years","Glascock","22","0","1"
"30-39 years","Glascock","16","0","0"
"40-49 years","Glascock","21","0","1"
"50-59 years","Glascock","28","2","3"
"60-69 years","Glascock","16","0","2"
"70-79 years","Glascock","25","3","6"
"80 & Older years","Glascock","9","2","5"
"<1 years","Glascock","1","0","0"
"Unknown years","Glascock","1","0","0"
"01-04 years","Glynn","95","0","1"
"05-09 years","Glynn","178","0","1"
"10-17 years","Glynn","571","0","0"
"18-29 years","Glynn","1368","0","23"
"30-39 years","Glynn","1068","4","28"
"40-49 years","Glynn","912","4","35"
"50-59 years","Glynn","858","10","67"
"60-69 years","Glynn","711","29","112"
"70-79 years","Glynn","447","42","81"
"80 & Older years","Glynn","255","61","88"
"<1 years","Glynn","20","0","0"
"Unknown years","Glynn","10","0","0"
"01-04 years","Gordon","88","0","1"
"05-09 years","Gordon","127","0","0"
"10-17 years","Gordon","567","0","4"
"18-29 years","Gordon","1264","0","15"
"30-39 years","Gordon","972","2","20"
"40-49 years","Gordon","1038","5","35"
"50-59 years","Gordon","1015","13","54"
"60-69 years","Gordon","628","24","55"
"70-79 years","Gordon","366","24","79"
"80 & Older years","Gordon","185","32","53"
"<1 years","Gordon","26","0","3"
"Unknown years","Gordon","125","0","3"
"01-04 years","Grady","31","0","1"
"05-09 years","Grady","42","0","0"
"10-17 years","Grady","135","0","5"
"18-29 years","Grady","252","0","9"
"30-39 years","Grady","225","0","9"
"40-49 years","Grady","234","1","24"
"50-59 years","Grady","217","7","30"
"60-69 years","Grady","163","5","27"
"70-79 years","Grady","149","17","45"
"80 & Older years","Grady","53","16","20"
"<1 years","Grady","3","0","1"
"Unknown years","Grady","3","0","0"
"01-04 years","Greene","16","0","0"
"05-09 years","Greene","32","0","0"
"10-17 years","Greene","83","0","0"
"18-29 years","Greene","255","0","5"
"30-39 years","Greene","181","0","7"
"40-49 years","Greene","177","3","12"
"50-59 years","Greene","220","6","20"
"60-69 years","Greene","227","8","20"
"70-79 years","Greene","173","9","27"
"80 & Older years","Greene","105","28","41"
"<1 years","Greene","3","0","1"
"Unknown years","Greene","2","0","0"
"01-04 years","Gwinnett","1281","0","19"
"05-09 years","Gwinnett","2108","0","25"
"10-17 years","Gwinnett","6975","2","79"
"18-29 years","Gwinnett","18824","9","560"
"30-39 years","Gwinnett","14209","18","579"
"40-49 years","Gwinnett","15096","56","778"
"50-59 years","Gwinnett","12952","99","882"
"60-69 years","Gwinnett","7127","199","921"
"70-79 years","Gwinnett","3245","262","753"
"80 & Older years","Gwinnett","1806","368","649"
"<1 years","Gwinnett","387","0","20"
"Unknown years","Gwinnett","79","0","0"
"01-04 years","Habersham","32","0","3"
"05-09 years","Habersham","57","0","3"
"10-17 years","Habersham","309","1","8"
"18-29 years","Habersham","852","0","11"
"30-39 years","Habersham","638","2","29"
"40-49 years","Habersham","675","4","41"
"50-59 years","Habersham","696","5","54"
"60-69 years","Habersham","568","18","113"
"70-79 years","Habersham","383","47","108"
"80 & Older years","Habersham","279","67","88"
"<1 years","Habersham","9","0","3"
"Unknown years","Habersham","109","0","4"
"01-04 years","Hall","187","0","7"
"05-09 years","Hall","380","0","5"
"10-17 years","Hall","1771","0","31"
"18-29 years","Hall","5227","3","162"
"30-39 years","Hall","3543","2","188"
"40-49 years","Hall","3692","9","262"
"50-59 years","Hall","3882","33","382"
"60-69 years","Hall","2597","78","407"
"70-79 years","Hall","1674","115","470"
"80 & Older years","Hall","929","177","378"
"<1 years","Hall","36","0","8"
"Unknown years","Hall","673","0","9"
"01-04 years","Hancock","7","0","0"
"05-09 years","Hancock","8","0","0"
"10-17 years","Hancock","37","0","0"
"18-29 years","Hancock","133","0","3"
"30-39 years","Hancock","110","0","2"
"40-49 years","Hancock","109","1","6"
"50-59 years","Hancock","143","3","16"
"60-69 years","Hancock","143","17","30"
"70-79 years","Hancock","71","16","22"
"80 & Older years","Hancock","63","23","24"
"<1 years","Hancock","4","0","0"
"01-04 years","Haralson","24","0","0"
"05-09 years","Haralson","36","0","0"
"10-17 years","Haralson","151","0","2"
"18-29 years","Haralson","350","0","3"
"30-39 years","Haralson","223","0","4"
"40-49 years","Haralson","241","2","6"
"50-59 years","Haralson","268","1","7"
"60-69 years","Haralson","198","12","22"
"70-79 years","Haralson","130","12","17"
"80 & Older years","Haralson","55","7","10"
"<1 years","Haralson","6","0","0"
"Unknown years","Haralson","4","0","0"
"01-04 years","Harris","30","0","0"
"05-09 years","Harris","32","0","0"
"10-17 years","Harris","188","0","2"
"18-29 years","Harris","334","0","6"
"30-39 years","Harris","241","0","7"
"40-49 years","Harris","353","3","10"
"50-59 years","Harris","371","7","24"
"60-69 years","Harris","315","14","51"
"70-79 years","Harris","183","21","43"
"80 & Older years","Harris","59","10","11"
"<1 years","Harris","5","0","0"
"Unknown years","Harris","7","0","0"
"01-04 years","Hart","17","0","0"
"05-09 years","Hart","24","0","1"
"10-17 years","Hart","93","0","0"
"18-29 years","Hart","298","0","2"
"30-39 years","Hart","253","0","6"
"40-49 years","Hart","231","0","8"
"50-59 years","Hart","277","3","19"
"60-69 years","Hart","224","12","31"
"70-79 years","Hart","146","8","20"
"80 & Older years","Hart","85","13","26"
"<1 years","Hart","4","0","1"
"Unknown years","Hart","40","0","0"
"01-04 years","Heard","8","0","0"
"05-09 years","Heard","12","0","0"
"10-17 years","Heard","59","0","1"
"18-29 years","Heard","103","0","1"
"30-39 years","Heard","67","0","1"
"40-49 years","Heard","111","0","8"
"50-59 years","Heard","99","0","5"
"60-69 years","Heard","75","4","7"
"70-79 years","Heard","53","6","16"
"80 & Older years","Heard","22","5","3"
"<1 years","Heard","4","0","0"
"Unknown years","Heard","1","0","0"
"01-04 years","Henry","235","0","6"
"05-09 years","Henry","355","0","2"
"10-17 years","Henry","1347","0","14"
"18-29 years","Henry","3677","1","29"
"30-39 years","Henry","3039","6","50"
"40-49 years","Henry","3311","15","93"
"50-59 years","Henry","3248","20","129"
"60-69 years","Henry","1799","65","99"
"70-79 years","Henry","898","81","88"
"80 & Older years","Henry","456","88","56"
"<1 years","Henry","44","0","2"
"Unknown years","Henry","39","0","1"
"01-04 years","Houston","107","0","2"
"05-09 years","Houston","167","0","1"
"10-17 years","Houston","713","0","4"
"18-29 years","Houston","2065","3","37"
"30-39 years","Houston","1804","3","60"
"40-49 years","Houston","1687","7","92"
"50-59 years","Houston","1468","14","109"
"60-69 years","Houston","952","43","154"
"70-79 years","Houston","529","60","151"
"80 & Older years","Houston","292","55","95"
"<1 years","Houston","23","0","2"
"Unknown years","Houston","2","0","0"
"01-04 years","Irwin","6","0","0"
"05-09 years","Irwin","11","0","0"
"10-17 years","Irwin","51","0","0"
"18-29 years","Irwin","117","0","4"
"30-39 years","Irwin","96","0","4"
"40-49 years","Irwin","118","1","10"
"50-59 years","Irwin","105","3","12"
"60-69 years","Irwin","86","1","22"
"70-79 years","Irwin","50","6","8"
"80 & Older years","Irwin","36","7","21"
"01-04 years","Jackson","60","0","0"
"05-09 years","Jackson","154","0","3"
"10-17 years","Jackson","775","0","6"
"18-29 years","Jackson","1450","2","18"
"30-39 years","Jackson","1308","1","26"
"40-49 years","Jackson","1411","6","56"
"50-59 years","Jackson","1330","7","77"
"60-69 years","Jackson","891","26","83"
"70-79 years","Jackson","610","36","110"
"80 & Older years","Jackson","312","56","107"
"<1 years","Jackson","23","0","2"
"Unknown years","Jackson","33","0","1"
"01-04 years","Jasper","6","0","1"
"05-09 years","Jasper","8","0","0"
"10-17 years","Jasper","35","0","1"
"18-29 years","Jasper","124","0","4"
"30-39 years","Jasper","96","0","2"
"40-49 years","Jasper","97","1","3"
"50-59 years","Jasper","127","1","15"
"60-69 years","Jasper","92","8","17"
"70-79 years","Jasper","55","6","11"
"80 & Older years","Jasper","19","2","6"
"<1 years","Jasper","3","0","1"
"01-04 years","Jeff Davis","29","0","1"
"05-09 years","Jeff Davis","35","0","0"
"10-17 years","Jeff Davis","121","0","2"
"18-29 years","Jeff Davis","251","0","4"
"30-39 years","Jeff Davis","212","0","9"
"40-49 years","Jeff Davis","208","0","11"
"50-59 years","Jeff Davis","194","8","20"
"60-69 years","Jeff Davis","128","8","23"
"70-79 years","Jeff Davis","82","13","19"
"80 & Older years","Jeff Davis","18","8","7"
"<1 years","Jeff Davis","3","0","1"
"Unknown years","Jeff Davis","1","0","0"
"01-04 years","Jefferson","18","0","0"
"05-09 years","Jefferson","32","0","0"
"10-17 years","Jefferson","106","0","1"
"18-29 years","Jefferson","239","0","3"
"30-39 years","Jefferson","197","0","9"
"40-49 years","Jefferson","210","3","14"
"50-59 years","Jefferson","266","5","23"
"60-69 years","Jefferson","251","12","33"
"70-79 years","Jefferson","156","18","40"
"80 & Older years","Jefferson","69","20","29"
"<1 years","Jefferson","4","0","0"
"Unknown years","Jefferson","9","0","0"
"01-04 years","Jenkins","17","0","0"
"05-09 years","Jenkins","20","0","0"
"10-17 years","Jenkins","59","0","0"
"18-29 years","Jenkins","109","0","2"
"30-39 years","Jenkins","86","2","6"
"40-49 years","Jenkins","108","3","10"
"50-59 years","Jenkins","119","6","19"
"60-69 years","Jenkins","87","5","12"
"70-79 years","Jenkins","57","13","21"
"80 & Older years","Jenkins","50","10","11"
"<1 years","Jenkins","2","0","0"
"Unknown years","Jenkins","3","0","1"
"01-04 years","Johnson","6","0","0"
"05-09 years","Johnson","7","0","0"
"10-17 years","Johnson","27","0","0"
"18-29 years","Johnson","121","0","3"
"30-39 years","Johnson","107","0","3"
"40-49 years","Johnson","98","1","6"
"50-59 years","Johnson","132","5","18"
"60-69 years","Johnson","126","8","20"
"70-79 years","Johnson","89","8","24"
"80 & Older years","Johnson","66","19","20"
"<1 years","Johnson","2","0","2"
"Unknown years","Johnson","1","0","0"
"01-04 years","Jones","6","0","0"
"05-09 years","Jones","24","0","0"
"10-17 years","Jones","87","0","0"
"18-29 years","Jones","327","0","7"
"30-39 years","Jones","244","1","8"
"40-49 years","Jones","234","2","13"
"50-59 years","Jones","261","3","26"
"60-69 years","Jones","179","6","32"
"70-79 years","Jones","121","19","44"
"80 & Older years","Jones","75","21","24"
"<1 years","Jones","3","0","0"
"Unknown years","Jones","2","0","1"
"01-04 years","Lamar","26","0","0"
"05-09 years","Lamar","44","0","0"
"10-17 years","Lamar","108","0","3"
"18-29 years","Lamar","204","0","4"
"30-39 years","Lamar","180","0","9"
"40-49 years","Lamar","176","1","5"
"50-59 years","Lamar","189","3","26"
"60-69 years","Lamar","170","9","24"
"70-79 years","Lamar","125","11","22"
"80 & Older years","Lamar","63","20","18"
"<1 years","Lamar","13","0","1"
"Unknown years","Lamar","2","0","0"
"01-04 years","Lanier","7","0","0"
"05-09 years","Lanier","10","0","1"
"10-17 years","Lanier","36","0","1"
"18-29 years","Lanier","100","1","1"
"30-39 years","Lanier","121","0","2"
"40-49 years","Lanier","74","1","2"
"50-59 years","Lanier","62","1","6"
"60-69 years","Lanier","38","2","2"
"70-79 years","Lanier","23","4","6"
"80 & Older years","Lanier","14","0","6"
"<1 years","Lanier","4","0","0"
"01-04 years","Laurens","27","0","0"
"05-09 years","Laurens","46","0","1"
"10-17 years","Laurens","240","0","4"
"18-29 years","Laurens","647","0","10"
"30-39 years","Laurens","540","1","17"
"40-49 years","Laurens","563","4","29"
"50-59 years","Laurens","575","10","64"
"60-69 years","Laurens","475","30","81"
"70-79 years","Laurens","315","48","80"
"80 & Older years","Laurens","216","49","60"
"<1 years","Laurens","5","0","1"
"Unknown years","Laurens","3","0","0"
"01-04 years","Lee","11","0","0"
"05-09 years","Lee","26","0","3"
"10-17 years","Lee","110","0","1"
"18-29 years","Lee","265","1","9"
"30-39 years","Lee","286","1","16"
"40-49 years","Lee","286","3","28"
"50-59 years","Lee","260","9","41"
"60-69 years","Lee","187","13","33"
"70-79 years","Lee","87","14","28"
"80 & Older years","Lee","51","9","21"
"<1 years","Lee","8","0","0"
"01-04 years","Liberty","56","0","1"
"05-09 years","Liberty","71","0","1"
"10-17 years","Liberty","246","0","2"
"18-29 years","Liberty","917","1","13"
"30-39 years","Liberty","521","0","17"
"40-49 years","Liberty","443","1","16"
"50-59 years","Liberty","428","10","38"
"60-69 years","Liberty","294","17","50"
"70-79 years","Liberty","133","16","48"
"80 & Older years","Liberty","58","14","24"
"<1 years","Liberty","30","0","1"
"Unknown years","Liberty","2","0","0"
"01-04 years","Lincoln","9","0","0"
"05-09 years","Lincoln","13","0","0"
"10-17 years","Lincoln","28","0","0"
"18-29 years","Lincoln","93","0","3"
"30-39 years","Lincoln","69","0","1"
"40-49 years","Lincoln","77","1","6"
"50-59 years","Lincoln","65","3","5"
"60-69 years","Lincoln","73","4","15"
"70-79 years","Lincoln","50","9","12"
"80 & Older years","Lincoln","21","7","9"
"<1 years","Lincoln","2","0","0"
"Unknown years","Lincoln","5","0","0"
"01-04 years","Long","16","0","0"
"05-09 years","Long","14","0","0"
"10-17 years","Long","58","0","0"
"18-29 years","Long","124","0","0"
"30-39 years","Long","140","0","2"
"40-49 years","Long","100","0","6"
"50-59 years","Long","75","1","9"
"60-69 years","Long","59","1","8"
"70-79 years","Long","37","6","14"
"80 & Older years","Long","16","2","7"
"<1 years","Long","6","0","0"
"01-04 years","Lowndes","137","0","0"
"05-09 years","Lowndes","185","0","0"
"10-17 years","Lowndes","616","0","6"
"18-29 years","Lowndes","2288","4","28"
"30-39 years","Lowndes","1250","1","19"
"40-49 years","Lowndes","1032","3","44"
"50-59 years","Lowndes","897","7","56"
"60-69 years","Lowndes","618","28","82"
"70-79 years","Lowndes","332","39","65"
"80 & Older years","Lowndes","207","54","60"
"<1 years","Lowndes","33","0","0"
"Unknown years","Lowndes","15","0","0"
"01-04 years","Lumpkin","16","0","0"
"05-09 years","Lumpkin","30","0","2"
"10-17 years","Lumpkin","131","0","2"
"18-29 years","Lumpkin","703","0","12"
"30-39 years","Lumpkin","332","0","9"
"40-49 years","Lumpkin","325","1","17"
"50-59 years","Lumpkin","378","5","44"
"60-69 years","Lumpkin","365","11","54"
"70-79 years","Lumpkin","267","13","66"
"80 & Older years","Lumpkin","134","31","68"
"<1 years","Lumpkin","7","0","1"
"Unknown years","Lumpkin","45","0","3"
"01-04 years","Macon","9","0","0"
"05-09 years","Macon","12","0","0"
"10-17 years","Macon","23","0","0"
"18-29 years","Macon","105","0","3"
"30-39 years","Macon","73","0","4"
"40-49 years","Macon","104","1","7"
"50-59 years","Macon","119","4","14"
"60-69 years","Macon","76","6","23"
"70-79 years","Macon","53","6","21"
"80 & Older years","Macon","18","6","6"
"<1 years","Macon","3","0","0"
"Unknown years","Macon","4","0","1"
"01-04 years","Madison","41","0","1"
"05-09 years","Madison","52","0","0"
"10-17 years","Madison","228","0","0"
"18-29 years","Madison","478","0","2"
"30-39 years","Madison","412","0","5"
"40-49 years","Madison","409","0","18"
"50-59 years","Madison","434","5","26"
"60-69 years","Madison","328","9","37"
"70-79 years","Madison","198","18","44"
"80 & Older years","Madison","78","13","12"
"<1 years","Madison","19","0","4"
"Unknown years","Madison","13","0","0"
"01-04 years","Marion","9","0","0"
"05-09 years","Marion","8","0","1"
"10-17 years","Marion","38","0","0"
"18-29 years","Marion","64","0","2"
"30-39 years","Marion","43","0","2"
"40-49 years","Marion","58","1","6"
"50-59 years","Marion","63","6","6"
"60-69 years","Marion","43","3","4"
"70-79 years","Marion","28","2","5"
"80 & Older years","Marion","28","5","9"
"<1 years","Marion","3","0","0"
"Unknown years","Marion","2","0","0"
"01-04 years","McDuffie","26","0","0"
"05-09 years","McDuffie","30","0","0"
"10-17 years","McDuffie","115","0","0"
"18-29 years","McDuffie","317","0","6"
"30-39 years","McDuffie","247","2","4"
"40-49 years","McDuffie","247","2","12"
"50-59 years","McDuffie","250","4","27"
"60-69 years","McDuffie","201","9","28"
"70-79 years","McDuffie","114","8","44"
"80 & Older years","McDuffie","50","14","28"
"<1 years","McDuffie","2","0","0"
"Unknown years","McDuffie","26","0","1"
"01-04 years","McIntosh","4","0","0"
"05-09 years","McIntosh","13","0","0"
"10-17 years","McIntosh","40","0","0"
"18-29 years","McIntosh","111","0","3"
"30-39 years","McIntosh","82","0","3"
"40-49 years","McIntosh","98","0","4"
"50-59 years","McIntosh","130","0","4"
"60-69 years","McIntosh","102","2","17"
"70-79 years","McIntosh","63","4","15"
"80 & Older years","McIntosh","27","8","8"
"<1 years","McIntosh","1","0","0"
"Unknown years","McIntosh","1","0","0"
"01-04 years","Meriwether","25","0","2"
"05-09 years","Meriwether","26","0","1"
"10-17 years","Meriwether","84","0","1"
"18-29 years","Meriwether","211","0","7"
"30-39 years","Meriwether","176","2","13"
"40-49 years","Meriwether","223","2","15"
"50-59 years","Meriwether","235","5","18"
"60-69 years","Meriwether","213","10","25"
"70-79 years","Meriwether","184","23","31"
"80 & Older years","Meriwether","100","26","17"
"<1 years","Meriwether","4","0","0"
"Unknown years","Meriwether","1","0","0"
"01-04 years","Miller","9","0","0"
"05-09 years","Miller","9","0","0"
"10-17 years","Miller","77","0","1"
"18-29 years","Miller","109","0","1"
"30-39 years","Miller","99","0","0"
"40-49 years","Miller","83","0","6"
"50-59 years","Miller","129","2","12"
"60-69 years","Miller","93","3","10"
"70-79 years","Miller","30","2","3"
"80 & Older years","Miller","25","2","6"
"<1 years","Miller","3","0","0"
"01-04 years","Mitchell","22","0","0"
"05-09 years","Mitchell","27","0","0"
"10-17 years","Mitchell","89","0","2"
"18-29 years","Mitchell","254","0","10"
"30-39 years","Mitchell","217","1","15"
"40-49 years","Mitchell","209","3","17"
"50-59 years","Mitchell","245","12","54"
"60-69 years","Mitchell","206","15","49"
"70-79 years","Mitchell","130","17","47"
"80 & Older years","Mitchell","96","25","33"
"<1 years","Mitchell","8","0","0"
"Unknown years","Mitchell","2","0","1"
"01-04 years","Monroe","13","0","1"
"05-09 years","Monroe","24","0","1"
"10-17 years","Monroe","88","0","0"
"18-29 years","Monroe","298","1","6"
"30-39 years","Monroe","248","0","6"
"40-49 years","Monroe","269","4","19"
"50-59 years","Monroe","316","3","25"
"60-69 years","Monroe","293","19","50"
"70-79 years","Monroe","166","21","43"
"80 & Older years","Monroe","123","37","33"
"<1 years","Monroe","4","0","1"
"01-04 years","Montgomery","9","0","0"
"05-09 years","Montgomery","6","0","0"
"10-17 years","Montgomery","52","0","1"
"18-29 years","Montgomery","153","0","1"
"30-39 years","Montgomery","95","1","3"
"40-49 years","Montgomery","121","0","2"
"50-59 years","Montgomery","100","3","7"
"60-69 years","Montgomery","93","5","12"
"70-79 years","Montgomery","52","6","9"
"80 & Older years","Montgomery","24","6","6"
"<1 years","Montgomery","1","0","0"
"Unknown years","Montgomery","1","0","0"
"01-04 years","Morgan","17","0","0"
"05-09 years","Morgan","26","0","1"
"10-17 years","Morgan","92","0","2"
"18-29 years","Morgan","210","0","4"
"30-39 years","Morgan","166","0","6"
"40-49 years","Morgan","167","1","6"
"50-59 years","Morgan","185","2","14"
"60-69 years","Morgan","137","4","13"
"70-79 years","Morgan","104","4","16"
"80 & Older years","Morgan","56","11","20"
"<1 years","Morgan","13","0","1"
"Unknown years","Morgan","2","0","0"
"01-04 years","Murray","70","0","2"
"05-09 years","Murray","99","0","2"
"10-17 years","Murray","391","0","2"
"18-29 years","Murray","810","0","9"
"30-39 years","Murray","571","1","7"
"40-49 years","Murray","705","0","22"
"50-59 years","Murray","621","8","43"
"60-69 years","Murray","414","12","62"
"70-79 years","Murray","256","32","57"
"80 & Older years","Murray","101","22","26"
"<1 years","Murray","23","0","2"
"Unknown years","Murray","3","0","0"
"01-04 years","Muscogee","223","0","7"
"05-09 years","Muscogee","337","0","0"
"10-17 years","Muscogee","943","0","8"
"18-29 years","Muscogee","3200","3","67"
"30-39 years","Muscogee","2186","2","78"
"40-49 years","Muscogee","1926","7","98"
"50-59 years","Muscogee","1933","42","196"
"60-69 years","Muscogee","1531","79","262"
"70-79 years","Muscogee","857","97","198"
"80 & Older years","Muscogee","519","144","175"
"<1 years","Muscogee","72","0","3"
"Unknown years","Muscogee","59","1","1"
"01-04 years","Newton","80","0","2"
"05-09 years","Newton","137","0","1"
"10-17 years","Newton","439","0","10"
"18-29 years","Newton","1360","1","44"
"30-39 years","Newton","1145","0","57"
"40-49 years","Newton","1316","9","98"
"50-59 years","Newton","1238","20","125"
"60-69 years","Newton","703","36","105"
"70-79 years","Newton","492","58","100"
"80 & Older years","Newton","295","86","77"
"<1 years","Newton","26","0","5"
"Unknown years","Newton","5","0","0"
"01-04 years","Non-GA Resident/Unknown State","245","0","3"
"05-09 years","Non-GA Resident/Unknown State","407","0","5"
"10-17 years","Non-GA Resident/Unknown State","1252","0","7"
"18-29 years","Non-GA Resident/Unknown State","5380","5","62"
"30-39 years","Non-GA Resident/Unknown State","3801","4","88"
"40-49 years","Non-GA Resident/Unknown State","3234","14","101"
"50-59 years","Non-GA Resident/Unknown State","3210","45","199"
"60-69 years","Non-GA Resident/Unknown State","2290","111","270"
"70-79 years","Non-GA Resident/Unknown State","1501","131","289"
"80 & Older years","Non-GA Resident/Unknown State","846","140","194"
"<1 years","Non-GA Resident/Unknown State","140","0","2"
"Unknown years","Non-GA Resident/Unknown State","914","1","3"
"01-04 years","Oconee","35","0","0"
"05-09 years","Oconee","65","0","0"
"10-17 years","Oconee","322","0","0"
"18-29 years","Oconee","562","1","5"
"30-39 years","Oconee","364","1","4"
"40-49 years","Oconee","552","1","12"
"50-59 years","Oconee","460","4","11"
"60-69 years","Oconee","306","10","31"
"70-79 years","Oconee","172","17","24"
"80 & Older years","Oconee","131","28","39"
"<1 years","Oconee","10","0","0"
"Unknown years","Oconee","2","0","0"
"01-04 years","Oglethorpe","18","0","0"
"05-09 years","Oglethorpe","28","0","0"
"10-17 years","Oglethorpe","94","0","1"
"18-29 years","Oglethorpe","202","0","1"
"30-39 years","Oglethorpe","144","1","1"
"40-49 years","Oglethorpe","172","1","6"
"50-59 years","Oglethorpe","180","1","18"
"60-69 years","Oglethorpe","144","1","14"
"70-79 years","Oglethorpe","105","9","15"
"80 & Older years","Oglethorpe","67","15","17"
"<1 years","Oglethorpe","9","0","0"
"Unknown years","Oglethorpe","5","0","0"
"01-04 years","Paulding","141","0","2"
"05-09 years","Paulding","270","0","0"
"10-17 years","Paulding","1031","0","7"
"18-29 years","Paulding","1989","1","23"
"30-39 years","Paulding","1674","2","29"
"40-49 years","Paulding","1828","5","41"
"50-59 years","Paulding","1722","15","76"
"60-69 years","Paulding","902","34","69"
"70-79 years","Paulding","504","39","71"
"80 & Older years","Paulding","312","65","59"
"<1 years","Paulding","31","0","0"
"Unknown years","Paulding","48","0","0"
"01-04 years","Peach","15","0","2"
"05-09 years","Peach","19","0","0"
"10-17 years","Peach","75","0","1"
"18-29 years","Peach","400","1","10"
"30-39 years","Peach","297","0","15"
"40-49 years","Peach","239","4","20"
"50-59 years","Peach","305","8","41"
"60-69 years","Peach","257","9","54"
"70-79 years","Peach","129","11","40"
"80 & Older years","Peach","66","16","28"
"<1 years","Peach","4","0","0"
"Unknown years","Peach","2","0","0"
"01-04 years","Pickens","22","0","2"
"05-09 years","Pickens","38","0","1"
"10-17 years","Pickens","148","0","0"
"18-29 years","Pickens","383","0","6"
"30-39 years","Pickens","324","0","12"
"40-49 years","Pickens","387","0","18"
"50-59 years","Pickens","436","4","25"
"60-69 years","Pickens","334","8","39"
"70-79 years","Pickens","269","21","60"
"80 & Older years","Pickens","119","25","36"
"<1 years","Pickens","3","0","1"
"Unknown years","Pickens","3","0","0"
"01-04 years","Pierce","12","0","0"
"05-09 years","Pierce","22","0","0"
"10-17 years","Pierce","86","1","1"
"18-29 years","Pierce","229","0","5"
"30-39 years","Pierce","149","0","3"
"40-49 years","Pierce","204","0","13"
"50-59 years","Pierce","191","4","19"
"60-69 years","Pierce","151","11","40"
"70-79 years","Pierce","111","12","31"
"80 & Older years","Pierce","55","15","17"
"<1 years","Pierce","7","0","1"
"Unknown years","Pierce","1","0","0"
"01-04 years","Pike","27","0","0"
"05-09 years","Pike","27","0","0"
"10-17 years","Pike","119","0","1"
"18-29 years","Pike","156","0","6"
"30-39 years","Pike","139","0","2"
"40-49 years","Pike","195","3","9"
"50-59 years","Pike","150","4","7"
"60-69 years","Pike","100","2","17"
"70-79 years","Pike","81","8","18"
"80 & Older years","Pike","31","7","8"
"<1 years","Pike","1","0","0"
"Unknown years","Pike","4","0","0"
"01-04 years","Polk","40","0","1"
"05-09 years","Polk","75","0","2"
"10-17 years","Polk","321","0","3"
"18-29 years","Polk","800","0","13"
"30-39 years","Polk","558","0","14"
"40-49 years","Polk","588","2","38"
"50-59 years","Polk","611","11","81"
"60-69 years","Polk","396","14","73"
"70-79 years","Polk","311","24","86"
"80 & Older years","Polk","141","26","57"
"<1 years","Polk","20","0","0"
"Unknown years","Polk","32","0","0"
"01-04 years","Pulaski","5","0","0"
"05-09 years","Pulaski","9","0","0"
"10-17 years","Pulaski","37","0","1"
"18-29 years","Pulaski","81","0","1"
"30-39 years","Pulaski","91","0","2"
"40-49 years","Pulaski","90","0","8"
"50-59 years","Pulaski","104","0","6"
"60-69 years","Pulaski","94","8","13"
"70-79 years","Pulaski","48","12","17"
"80 & Older years","Pulaski","40","12","6"
"<1 years","Pulaski","3","0","0"
"Unknown years","Pulaski","1","0","0"
"01-04 years","Putnam","23","0","0"
"05-09 years","Putnam","42","0","1"
"10-17 years","Putnam","120","0","2"
"18-29 years","Putnam","277","0","2"
"30-39 years","Putnam","226","0","6"
"40-49 years","Putnam","215","1","8"
"50-59 years","Putnam","293","3","20"
"60-69 years","Putnam","256","13","30"
"70-79 years","Putnam","198","20","54"
"80 & Older years","Putnam","85","18","33"
"<1 years","Putnam","7","0","1"
"01-04 years","Quitman","1","0","0"
"05-09 years","Quitman","4","0","0"
"10-17 years","Quitman","6","0","0"
"18-29 years","Quitman","12","0","1"
"30-39 years","Quitman","4","0","1"
"40-49 years","Quitman","3","0","1"
"50-59 years","Quitman","16","0","1"
"60-69 years","Quitman","23","1","4"
"70-79 years","Quitman","4","0","1"
"80 & Older years","Quitman","6","1","2"
"<1 years","Quitman","2","0","0"
"01-04 years","Rabun","13","0","0"
"05-09 years","Rabun","21","0","0"
"10-17 years","Rabun","100","0","0"
"18-29 years","Rabun","207","0","5"
"30-39 years","Rabun","183","1","10"
"40-49 years","Rabun","193","0","8"
"50-59 years","Rabun","221","3","24"
"60-69 years","Rabun","225","8","31"
"70-79 years","Rabun","174","12","36"
"80 & Older years","Rabun","79","15","31"
"<1 years","Rabun","5","0","1"
"Unknown years","Rabun","56","0","1"
"01-04 years","Randolph","2","0","0"
"05-09 years","Randolph","5","0","0"
"10-17 years","Randolph","14","0","1"
"18-29 years","Randolph","59","0","2"
"30-39 years","Randolph","71","2","6"
"40-49 years","Randolph","56","0","4"
"50-59 years","Randolph","91","3","20"
"60-69 years","Randolph","69","8","16"
"70-79 years","Randolph","48","4","15"
"80 & Older years","Randolph","46","15","16"
"<1 years","Randolph","1","0","0"
"Unknown years","Randolph","2","0","0"
"01-04 years","Richmond","288","0","1"
"05-09 years","Richmond","554","0","4"
"10-17 years","Richmond","1534","0","13"
"18-29 years","Richmond","4448","8","61"
"30-39 years","Richmond","3319","6","76"
"40-49 years","Richmond","2666","17","109"
"50-59 years","Richmond","2690","40","206"
"60-69 years","Richmond","1977","73","253"
"70-79 years","Richmond","1077","102","286"
"80 & Older years","Richmond","654","146","271"
"<1 years","Richmond","85","0","2"
"Unknown years","Richmond","34","0","2"
"01-04 years","Rockdale","56","0","4"
"05-09 years","Rockdale","104","0","0"
"10-17 years","Rockdale","335","0","12"
"18-29 years","Rockdale","1149","2","71"
"30-39 years","Rockdale","910","2","90"
"40-49 years","Rockdale","1032","7","111"
"50-59 years","Rockdale","1014","12","169"
"60-69 years","Rockdale","629","27","148"
"70-79 years","Rockdale","371","49","145"
"80 & Older years","Rockdale","200","47","92"
"<1 years","Rockdale","13","0","2"
"Unknown years","Rockdale","2","0","0"
"01-04 years","Schley","5","0","0"
"05-09 years","Schley","4","0","0"
"10-17 years","Schley","22","0","0"
"18-29 years","Schley","47","0","2"
"30-39 years","Schley","21","0","0"
"40-49 years","Schley","31","0","4"
"50-59 years","Schley","31","1","3"
"60-69 years","Schley","26","1","8"
"70-79 years","Schley","13","0","2"
"80 & Older years","Schley","7","2","2"
"<1 years","Schley","1","0","0"
"01-04 years","Screven","8","0","0"
"05-09 years","Screven","15","0","0"
"10-17 years","Screven","61","0","0"
"18-29 years","Screven","137","0","3"
"30-39 years","Screven","123","0","2"
"40-49 years","Screven","98","1","6"
"50-59 years","Screven","112","2","15"
"60-69 years","Screven","136","2","14"
"70-79 years","Screven","73","8","18"
"80 & Older years","Screven","38","8","10"
"<1 years","Screven","4","0","0"
"Unknown years","Screven","1","0","0"
"01-04 years","Seminole","13","0","0"
"05-09 years","Seminole","15","0","0"
"10-17 years","Seminole","74","0","0"
"18-29 years","Seminole","110","0","0"
"30-39 years","Seminole","87","0","0"
"40-49 years","Seminole","93","0","5"
"50-59 years","Seminole","111","1","6"
"60-69 years","Seminole","131","3","26"
"70-79 years","Seminole","69","6","16"
"80 & Older years","Seminole","29","7","12"
"<1 years","Seminole","4","0","0"
"01-04 years","Spalding","65","0","3"
"05-09 years","Spalding","62","0","1"
"10-17 years","Spalding","204","0","4"
"18-29 years","Spalding","680","1","29"
"30-39 years","Spalding","584","4","29"
"40-49 years","Spalding","587","4","45"
"50-59 years","Spalding","627","15","74"
"60-69 years","Spalding","485","33","87"
"70-79 years","Spalding","350","42","76"
"80 & Older years","Spalding","217","50","66"
"<1 years","Spalding","12","0","0"
"Unknown years","Spalding","23","0","0"
"01-04 years","Stephens","18","0","0"
"05-09 years","Stephens","43","0","1"
"10-17 years","Stephens","184","0","3"
"18-29 years","Stephens","531","1","13"
"30-39 years","Stephens","340","0","8"
"40-49 years","Stephens","436","1","23"
"50-59 years","Stephens","456","4","37"
"60-69 years","Stephens","440","20","62"
"70-79 years","Stephens","300","22","65"
"80 & Older years","Stephens","157","28","41"
"<1 years","Stephens","4","0","0"
"Unknown years","Stephens","29","0","0"
"01-04 years","Stewart","5","0","0"
"05-09 years","Stewart","2","0","0"
"10-17 years","Stewart","14","0","0"
"18-29 years","Stewart","171","0","22"
"30-39 years","Stewart","218","1","25"
"40-49 years","Stewart","155","2","23"
"50-59 years","Stewart","83","2","12"
"60-69 years","Stewart","68","11","25"
"70-79 years","Stewart","26","3","5"
"80 & Older years","Stewart","21","4","6"
"<1 years","Stewart","1","0","0"
"Unknown years","Stewart","14","0","4"
"01-04 years","Sumter","24","0","0"
"05-09 years","Sumter","31","0","0"
"10-17 years","Sumter","75","0","2"
"18-29 years","Sumter","325","1","11"
"30-39 years","Sumter","263","1","21"
"40-49 years","Sumter","256","5","23"
"50-59 years","Sumter","275","3","43"
"60-69 years","Sumter","255","25","68"
"70-79 years","Sumter","165","27","46"
"80 & Older years","Sumter","105","29","48"
"<1 years","Sumter","10","0","0"
"Unknown years","Sumter","2","0","0"
"01-04 years","Talbot","8","0","0"
"05-09 years","Talbot","5","0","0"
"10-17 years","Talbot","30","0","0"
"18-29 years","Talbot","55","0","1"
"30-39 years","Talbot","35","0","1"
"40-49 years","Talbot","61","1","4"
"50-59 years","Talbot","65","5","6"
"60-69 years","Talbot","60","3","13"
"70-79 years","Talbot","39","6","7"
"80 & Older years","Talbot","20","2","8"
"Unknown years","Talbot","2","0","0"
"01-04 years","Taliaferro","1","0","0"
"05-09 years","Taliaferro","2","0","0"
"10-17 years","Taliaferro","7","0","0"
"18-29 years","Taliaferro","13","0","0"
"30-39 years","Taliaferro","15","0","0"
"40-49 years","Taliaferro","19","0","1"
"50-59 years","Taliaferro","9","0","0"
"60-69 years","Taliaferro","20","1","2"
"70-79 years","Taliaferro","10","1","3"
"80 & Older years","Taliaferro","4","1","2"
"01-04 years","Tattnall","31","0","0"
"05-09 years","Tattnall","46","0","0"
"10-17 years","Tattnall","159","0","0"
"18-29 years","Tattnall","318","0","1"
"30-39 years","Tattnall","280","1","4"
"40-49 years","Tattnall","274","0","7"
"50-59 years","Tattnall","306","7","22"
"60-69 years","Tattnall","236","15","34"
"70-79 years","Tattnall","118","14","39"
"80 & Older years","Tattnall","46","5","8"
"<1 years","Tattnall","10","0","0"
"Unknown years","Tattnall","2","0","1"
"01-04 years","Taylor","13","0","1"
"05-09 years","Taylor","14","0","0"
"10-17 years","Taylor","53","0","1"
"18-29 years","Taylor","80","0","2"
"30-39 years","Taylor","52","0","4"
"40-49 years","Taylor","92","1","10"
"50-59 years","Taylor","74","1","15"
"60-69 years","Taylor","63","5","16"
"70-79 years","Taylor","33","6","10"
"80 & Older years","Taylor","25","9","11"
"<1 years","Taylor","4","0","0"
"01-04 years","Telfair","9","0","0"
"05-09 years","Telfair","11","0","0"
"10-17 years","Telfair","20","0","0"
"18-29 years","Telfair","137","0","3"
"30-39 years","Telfair","90","1","1"
"40-49 years","Telfair","111","3","7"
"50-59 years","Telfair","108","5","10"
"60-69 years","Telfair","105","9","18"
"70-79 years","Telfair","70","12","18"
"80 & Older years","Telfair","44","14","12"
"<1 years","Telfair","4","0","0"
"Unknown years","Telfair","2","0","0"
"01-04 years","Terrell","7","0","0"
"05-09 years","Terrell","7","0","0"
"10-17 years","Terrell","41","0","0"
"18-29 years","Terrell","70","0","2"
"30-39 years","Terrell","79","0","9"
"40-49 years","Terrell","65","0","8"
"50-59 years","Terrell","96","4","15"
"60-69 years","Terrell","91","11","32"
"70-79 years","Terrell","61","15","27"
"80 & Older years","Terrell","39","13","16"
"01-04 years","Thomas","61","0","1"
"05-09 years","Thomas","115","0","0"
"10-17 years","Thomas","306","0","3"
"18-29 years","Thomas","609","1","25"
"30-39 years","Thomas","489","2","18"
"40-49 years","Thomas","510","4","29"
"50-59 years","Thomas","540","11","41"
"60-69 years","Thomas","431","13","92"
"70-79 years","Thomas","255","34","72"
"80 & Older years","Thomas","166","47","60"
"<1 years","Thomas","16","0","1"
"Unknown years","Thomas","2","0","0"
"01-04 years","Tift","36","0","2"
"05-09 years","Tift","58","0","3"
"10-17 years","Tift","231","0","6"
"18-29 years","Tift","774","0","20"
"30-39 years","Tift","544","1","28"
"40-49 years","Tift","542","7","59"
"50-59 years","Tift","462","9","69"
"60-69 years","Tift","357","16","75"
"70-79 years","Tift","243","29","90"
"80 & Older years","Tift","138","32","60"
"<1 years","Tift","13","0","0"
"Unknown years","Tift","3","0","0"
"01-04 years","Toombs","30","0","0"
"05-09 years","Toombs","51","0","0"
"10-17 years","Toombs","215","0","2"
"18-29 years","Toombs","524","0","6"
"30-39 years","Toombs","415","0","3"
"40-49 years","Toombs","422","1","22"
"50-59 years","Toombs","419","7","24"
"60-69 years","Toombs","380","14","42"
"70-79 years","Toombs","257","32","41"
"80 & Older years","Toombs","154","40","32"
"<1 years","Toombs","7","0","0"
"01-04 years","Towns","2","0","0"
"05-09 years","Towns","6","0","0"
"10-17 years","Towns","45","0","1"
"18-29 years","Towns","134","0","4"
"30-39 years","Towns","86","0","3"
"40-49 years","Towns","110","2","5"
"50-59 years","Towns","167","2","14"
"60-69 years","Towns","214","2","17"
"70-79 years","Towns","157","9","36"
"80 & Older years","Towns","122","27","45"
"Unknown years","Towns","19","0","0"
"01-04 years","Treutlen","6","0","0"
"05-09 years","Treutlen","15","0","1"
"10-17 years","Treutlen","47","0","0"
"18-29 years","Treutlen","102","0","2"
"30-39 years","Treutlen","99","0","5"
"40-49 years","Treutlen","101","2","5"
"50-59 years","Treutlen","102","1","7"
"60-69 years","Treutlen","67","5","12"
"70-79 years","Treutlen","53","10","11"
"80 & Older years","Treutlen","30","4","8"
"01-04 years","Troup","133","0","1"
"05-09 years","Troup","178","0","0"
"10-17 years","Troup","522","0","5"
"18-29 years","Troup","1190","1","29"
"30-39 years","Troup","882","6","42"
"40-49 years","Troup","796","5","50"
"50-59 years","Troup","830","14","102"
"60-69 years","Troup","633","30","95"
"70-79 years","Troup","345","45","93"
"80 & Older years","Troup","255","77","65"
"<1 years","Troup","43","0","1"
"Unknown years","Troup","8","0","0"
"01-04 years","Turner","3","0","0"
"05-09 years","Turner","7","0","1"
"10-17 years","Turner","20","0","0"
"18-29 years","Turner","87","0","2"
"30-39 years","Turner","102","0","10"
"40-49 years","Turner","107","0","5"
"50-59 years","Turner","94","2","12"
"60-69 years","Turner","86","8","26"
"70-79 years","Turner","52","6","13"
"80 & Older years","Turner","35","15","15"
"<1 years","Turner","2","0","1"
"01-04 years","Twiggs","9","0","0"
"05-09 years","Twiggs","7","0","1"
"10-17 years","Twiggs","26","0","0"
"18-29 years","Twiggs","66","0","2"
"30-39 years","Twiggs","61","1","5"
"40-49 years","Twiggs","62","1","7"
"50-59 years","Twiggs","90","3","13"
"60-69 years","Twiggs","99","8","31"
"70-79 years","Twiggs","58","8","21"
"80 & Older years","Twiggs","26","14","18"
"<1 years","Twiggs","1","0","0"
"01-04 years","Union","7","0","0"
"05-09 years","Union","16","0","0"
"10-17 years","Union","68","0","1"
"18-29 years","Union","254","1","1"
"30-39 years","Union","222","0","3"
"40-49 years","Union","221","0","13"
"50-59 years","Union","301","4","22"
"60-69 years","Union","362","5","44"
"70-79 years","Union","307","21","56"
"80 & Older years","Union","206","34","63"
"<1 years","Union","1","0","0"
"Unknown years","Union","31","0","0"
"01-04 years","Unknown","15","0","0"
"05-09 years","Unknown","44","0","0"
"10-17 years","Unknown","173","0","0"
"18-29 years","Unknown","756","1","4"
"30-39 years","Unknown","362","3","6"
"40-49 years","Unknown","334","1","2"
"50-59 years","Unknown","292","3","6"
"60-69 years","Unknown","162","1","6"
"70-79 years","Unknown","108","0","9"
"80 & Older years","Unknown","43","2","7"
"<1 years","Unknown","26","0","0"
"Unknown years","Unknown","107","0","3"
"01-04 years","Upson","39","0","0"
"05-09 years","Upson","47","0","0"
"10-17 years","Upson","138","0","1"
"18-29 years","Upson","304","0","6"
"30-39 years","Upson","212","2","9"
"40-49 years","Upson","241","1","11"
"50-59 years","Upson","257","7","21"
"60-69 years","Upson","240","22","40"
"70-79 years","Upson","168","32","48"
"80 & Older years","Upson","105","40","34"
"<1 years","Upson","14","0","0"
"Unknown years","Upson","10","0","0"
"01-04 years","Walker","78","0","1"
"05-09 years","Walker","154","0","1"
"10-17 years","Walker","525","0","3"
"18-29 years","Walker","1116","0","17"
"30-39 years","Walker","825","0","14"
"40-49 years","Walker","1005","3","28"
"50-59 years","Walker","865","3","38"
"60-69 years","Walker","728","16","67"
"70-79 years","Walker","485","29","61"
"80 & Older years","Walker","233","27","31"
"<1 years","Walker","39","0","1"
"Unknown years","Walker","219","0","7"
"01-04 years","Walton","79","0","1"
"05-09 years","Walton","163","0","1"
"10-17 years","Walton","613","0","6"
"18-29 years","Walton","1350","2","30"
"30-39 years","Walton","1159","0","28"
"40-49 years","Walton","1282","3","50"
"50-59 years","Walton","1263","15","85"
"60-69 years","Walton","866","30","88"
"70-79 years","Walton","648","73","112"
"80 & Older years","Walton","392","104","82"
"<1 years","Walton","28","0","2"
"Unknown years","Walton","18","0","0"
"01-04 years","Ware","61","0","1"
"05-09 years","Ware","68","0","0"
"10-17 years","Ware","240","0","3"
"18-29 years","Ware","547","1","5"
"30-39 years","Ware","448","1","20"
"40-49 years","Ware","383","3","32"
"50-59 years","Ware","414","16","61"
"60-69 years","Ware","306","19","63"
"70-79 years","Ware","258","41","98"
"80 & Older years","Ware","209","64","64"
"<1 years","Ware","19","0","2"
"Unknown years","Ware","3","0","0"
"01-04 years","Warren","6","0","0"
"05-09 years","Warren","2","0","0"
"10-17 years","Warren","25","0","0"
"18-29 years","Warren","67","0","3"
"30-39 years","Warren","50","0","4"
"40-49 years","Warren","48","2","5"
"50-59 years","Warren","66","2","7"
"60-69 years","Warren","44","3","7"
"70-79 years","Warren","36","4","13"
"80 & Older years","Warren","17","2","6"
"<1 years","Warren","2","0","1"
"Unknown years","Warren","4","0","0"
"01-04 years","Washington","18","0","0"
"05-09 years","Washington","25","0","0"
"10-17 years","Washington","120","0","2"
"18-29 years","Washington","259","0","6"
"30-39 years","Washington","239","0","8"
"40-49 years","Washington","256","4","12"
"50-59 years","Washington","240","4","17"
"60-69 years","Washington","224","14","29"
"70-79 years","Washington","121","11","22"
"80 & Older years","Washington","78","24","13"
"<1 years","Washington","10","0","0"
"Unknown years","Washington","2","0","0"
"01-04 years","Wayne","31","0","1"
"05-09 years","Wayne","34","0","0"
"10-17 years","Wayne","165","0","1"
"18-29 years","Wayne","408","0","10"
"30-39 years","Wayne","410","1","11"
"40-49 years","Wayne","490","1","35"
"50-59 years","Wayne","415","6","36"
"60-69 years","Wayne","329","19","64"
"70-79 years","Wayne","262","24","76"
"80 & Older years","Wayne","120","22","26"
"<1 years","Wayne","5","0","1"
"Unknown years","Wayne","2","0","0"
"10-17 years","Webster","3","0","0"
"18-29 years","Webster","19","0","1"
"30-39 years","Webster","10","0","1"
"40-49 years","Webster","16","0","2"
"50-59 years","Webster","18","2","4"
"60-69 years","Webster","23","1","4"
"70-79 years","Webster","7","0","1"
"80 & Older years","Webster","4","1","0"
"Unknown years","Webster","2","0","0"
"01-04 years","Wheeler","1","0","0"
"05-09 years","Wheeler","5","0","0"
"10-17 years","Wheeler","23","0","0"
"18-29 years","Wheeler","55","0","0"
"30-39 years","Wheeler","74","2","2"
"40-49 years","Wheeler","78","1","3"
"50-59 years","Wheeler","92","7","11"
"60-69 years","Wheeler","53","3","6"
"70-79 years","Wheeler","40","5","11"
"80 & Older years","Wheeler","9","3","1"
"<1 years","Wheeler","2","0","0"
"Unknown years","Wheeler","24","0","1"
"01-04 years","White","20","0","0"
"05-09 years","White","60","0","1"
"10-17 years","White","234","0","2"
"18-29 years","White","442","1","7"
"30-39 years","White","318","1","8"
"40-49 years","White","411","2","17"
"50-59 years","White","477","4","40"
"60-69 years","White","439","12","66"
"70-79 years","White","319","15","77"
"80 & Older years","White","179","30","69"
"<1 years","White","5","0","0"
"Unknown years","White","37","0","1"
"01-04 years","Whitfield","204","0","3"
"05-09 years","Whitfield","389","0","3"
"10-17 years","Whitfield","1363","0","6"
"18-29 years","Whitfield","3481","1","46"
"30-39 years","Whitfield","2262","5","62"
"40-49 years","Whitfield","2347","4","76"
"50-59 years","Whitfield","2138","27","123"
"60-69 years","Whitfield","1255","37","142"
"70-79 years","Whitfield","713","56","141"
"80 & Older years","Whitfield","408","94","120"
"<1 years","Whitfield","72","0","5"
"Unknown years","Whitfield","3","0","0"
"01-04 years","Wilcox","10","0","0"
"05-09 years","Wilcox","9","0","0"
"10-17 years","Wilcox","30","0","0"
"18-29 years","Wilcox","46","0","1"
"30-39 years","Wilcox","48","0","1"
"40-49 years","Wilcox","73","0","12"
"50-59 years","Wilcox","83","1","15"
"60-69 years","Wilcox","91","10","25"
"70-79 years","Wilcox","52","10","10"
"80 & Older years","Wilcox","26","8","7"
"<1 years","Wilcox","5","0","0"
"01-04 years","Wilkes","8","0","0"
"05-09 years","Wilkes","17","0","0"
"10-17 years","Wilkes","52","0","0"
"18-29 years","Wilkes","116","0","1"
"30-39 years","Wilkes","85","0","5"
"40-49 years","Wilkes","104","1","12"
"50-59 years","Wilkes","100","2","4"
"60-69 years","Wilkes","82","3","15"
"70-79 years","Wilkes","66","6","19"
"80 & Older years","Wilkes","33","8","15"
"<1 years","Wilkes","3","0","0"
"Unknown years","Wilkes","1","0","0"
"01-04 years","Wilkinson","6","0","0"
"05-09 years","Wilkinson","11","0","0"
"10-17 years","Wilkinson","31","0","1"
"18-29 years","Wilkinson","109","0","3"
"30-39 years","Wilkinson","89","0","6"
"40-49 years","Wilkinson","93","0","6"
"50-59 years","Wilkinson","154","4","24"
"60-69 years","Wilkinson","134","13","40"
"70-79 years","Wilkinson","59","6","22"
"80 & Older years","Wilkinson","39","5","16"
"01-04 years","Worth","13","0","0"
"05-09 years","Worth","14","0","0"
"10-17 years","Worth","78","0","3"
"18-29 years","Worth","181","0","8"
"30-39 years","Worth","149","0","10"
"40-49 years","Worth","158","1","16"
"50-59 years","Worth","191","6","26"
"60-69 years","Worth","193","19","51"
"70-79 years","Worth","115","16","30"
"80 & Older years","Worth","72","17","26"
"<1 years","Worth","4","0","0"
"Unknown years","Worth","1","0","0"
