"age group","county name","cases","deaths","confirmed_case_hospitalization"
"01-04 years","Georgia","44286","7","634"
"05-09 years","Georgia","75798","5","446"
"10-17 years","Georgia","185414","20","1597"
"18-29 years","Georgia","418343","266","8128"
"30-39 years","Georgia","328962","695","9963"
"40-49 years","Georgia","295513","1534","13282"
"50-59 years","Georgia","263543","3707","19452"
"60-69 years","Georgia","173842","6695","22219"
"70-79 years","Georgia","95841","8661","20301"
"80 & Older years","Georgia","50214","9953","14957"
"<1 years","Georgia","14450","4","658"
"Unknown years","Georgia","4000","0","361"
"01-04 years","Appling","77","0","0"
"05-09 years","Appling","124","0","0"
"10-17 years","Appling","416","1","3"
"18-29 years","Appling","637","1","8"
"30-39 years","Appling","499","4","10"
"40-49 years","Appling","484","10","31"
"50-59 years","Appling","484","12","48"
"60-69 years","Appling","403","24","74"
"70-79 years","Appling","276","27","55"
"80 & Older years","Appling","136","34","44"
"<1 years","Appling","15","0","0"
"01-04 years","Atkinson","36","1","3"
"05-09 years","Atkinson","73","0","1"
"10-17 years","Atkinson","185","0","2"
"18-29 years","Atkinson","320","0","17"
"30-39 years","Atkinson","240","0","16"
"40-49 years","Atkinson","229","4","38"
"50-59 years","Atkinson","213","5","39"
"60-69 years","Atkinson","146","9","49"
"70-79 years","Atkinson","77","10","31"
"80 & Older years","Atkinson","35","11","23"
"<1 years","Atkinson","12","0","1"
"01-04 years","Bacon","53","0","1"
"05-09 years","Bacon","75","0","0"
"10-17 years","Bacon","220","0","1"
"18-29 years","Bacon","631","0","12"
"30-39 years","Bacon","369","1","12"
"40-49 years","Bacon","363","5","25"
"50-59 years","Bacon","282","5","30"
"60-69 years","Bacon","223","20","51"
"70-79 years","Bacon","160","18","49"
"80 & Older years","Bacon","77","16","27"
"<1 years","Bacon","16","0","0"
"Unknown years","Bacon","1","0","0"
"01-04 years","Baker","12","0","0"
"05-09 years","Baker","21","0","0"
"10-17 years","Baker","22","0","0"
"18-29 years","Baker","58","0","0"
"30-39 years","Baker","36","0","4"
"40-49 years","Baker","36","3","3"
"50-59 years","Baker","40","0","5"
"60-69 years","Baker","46","3","17"
"70-79 years","Baker","24","3","11"
"80 & Older years","Baker","17","5","6"
"<1 years","Baker","3","0","0"
"01-04 years","Baldwin","117","0","2"
"05-09 years","Baldwin","248","0","0"
"10-17 years","Baldwin","567","1","5"
"18-29 years","Baldwin","2032","0","22"
"30-39 years","Baldwin","1030","2","21"
"40-49 years","Baldwin","973","7","47"
"50-59 years","Baldwin","926","24","83"
"60-69 years","Baldwin","715","44","100"
"70-79 years","Baldwin","436","51","78"
"80 & Older years","Baldwin","238","70","80"
"<1 years","Baldwin","39","0","3"
"Unknown years","Baldwin","1","0","0"
"01-04 years","Banks","47","0","2"
"05-09 years","Banks","94","0","1"
"10-17 years","Banks","253","0","5"
"18-29 years","Banks","659","1","24"
"30-39 years","Banks","500","0","22"
"40-49 years","Banks","497","8","33"
"50-59 years","Banks","505","9","48"
"60-69 years","Banks","401","17","78"
"70-79 years","Banks","284","30","89"
"80 & Older years","Banks","123","19","43"
"<1 years","Banks","27","0","2"
"Unknown years","Banks","19","0","1"
"01-04 years","Barrow","395","0","2"
"05-09 years","Barrow","699","0","3"
"10-17 years","Barrow","1943","1","17"
"18-29 years","Barrow","3804","2","73"
"30-39 years","Barrow","3420","3","95"
"40-49 years","Barrow","3214","14","122"
"50-59 years","Barrow","2704","23","180"
"60-69 years","Barrow","1751","56","206"
"70-79 years","Barrow","996","68","157"
"80 & Older years","Barrow","442","79","143"
"<1 years","Barrow","163","0","11"
"Unknown years","Barrow","20","0","2"
"01-04 years","Bartow","449","0","15"
"05-09 years","Bartow","695","0","4"
"10-17 years","Bartow","2036","0","19"
"18-29 years","Bartow","4159","0","43"
"30-39 years","Bartow","3396","7","77"
"40-49 years","Bartow","3276","12","132"
"50-59 years","Bartow","3370","37","238"
"60-69 years","Bartow","2156","97","256"
"70-79 years","Bartow","1325","122","271"
"80 & Older years","Bartow","632","111","172"
"<1 years","Bartow","198","0","7"
"Unknown years","Bartow","24","0","3"
"01-04 years","Ben Hill","44","0","1"
"05-09 years","Ben Hill","41","0","0"
"10-17 years","Ben Hill","179","0","0"
"18-29 years","Ben Hill","429","0","5"
"30-39 years","Ben Hill","340","3","12"
"40-49 years","Ben Hill","301","2","18"
"50-59 years","Ben Hill","307","8","35"
"60-69 years","Ben Hill","263","17","37"
"70-79 years","Ben Hill","173","24","57"
"80 & Older years","Ben Hill","78","20","22"
"<1 years","Ben Hill","15","0","2"
"01-04 years","Berrien","60","0","1"
"05-09 years","Berrien","74","0","0"
"10-17 years","Berrien","195","0","1"
"18-29 years","Berrien","382","0","0"
"30-39 years","Berrien","325","0","5"
"40-49 years","Berrien","253","1","8"
"50-59 years","Berrien","279","6","25"
"60-69 years","Berrien","215","11","30"
"70-79 years","Berrien","150","23","24"
"80 & Older years","Berrien","78","17","16"
"<1 years","Berrien","19","0","0"
"01-04 years","Bibb","506","0","9"
"05-09 years","Bibb","923","0","4"
"10-17 years","Bibb","2235","0","15"
"18-29 years","Bibb","6498","4","155"
"30-39 years","Bibb","4921","11","211"
"40-49 years","Bibb","4385","32","334"
"50-59 years","Bibb","3892","71","478"
"60-69 years","Bibb","2919","163","632"
"70-79 years","Bibb","1595","194","520"
"80 & Older years","Bibb","886","221","412"
"<1 years","Bibb","142","0","9"
"Unknown years","Bibb","5","0","1"
"01-04 years","Bleckley","24","0","0"
"05-09 years","Bleckley","60","0","0"
"10-17 years","Bleckley","167","0","1"
"18-29 years","Bleckley","342","0","6"
"30-39 years","Bleckley","209","1","5"
"40-49 years","Bleckley","187","1","3"
"50-59 years","Bleckley","178","4","11"
"60-69 years","Bleckley","128","9","17"
"70-79 years","Bleckley","89","8","16"
"80 & Older years","Bleckley","68","21","16"
"<1 years","Bleckley","10","0","0"
"01-04 years","Brantley","53","0","0"
"05-09 years","Brantley","91","0","0"
"10-17 years","Brantley","264","0","1"
"18-29 years","Brantley","474","0","6"
"30-39 years","Brantley","361","3","8"
"40-49 years","Brantley","342","5","20"
"50-59 years","Brantley","373","18","37"
"60-69 years","Brantley","266","18","42"
"70-79 years","Brantley","183","29","50"
"80 & Older years","Brantley","74","17","20"
"<1 years","Brantley","10","0","0"
"Unknown years","Brantley","1","0","0"
"01-04 years","Brooks","54","0","2"
"05-09 years","Brooks","71","0","0"
"10-17 years","Brooks","164","0","0"
"18-29 years","Brooks","334","0","4"
"30-39 years","Brooks","274","1","10"
"40-49 years","Brooks","256","2","18"
"50-59 years","Brooks","284","7","34"
"60-69 years","Brooks","184","13","29"
"70-79 years","Brooks","157","20","31"
"80 & Older years","Brooks","95","22","30"
"<1 years","Brooks","23","0","0"
"Unknown years","Brooks","1","0","0"
"01-04 years","Bryan","231","0","1"
"05-09 years","Bryan","341","0","2"
"10-17 years","Bryan","859","0","6"
"18-29 years","Bryan","1330","1","22"
"30-39 years","Bryan","1198","5","34"
"40-49 years","Bryan","1152","6","57"
"50-59 years","Bryan","804","8","59"
"60-69 years","Bryan","499","20","74"
"70-79 years","Bryan","291","21","107"
"80 & Older years","Bryan","114","14","38"
"<1 years","Bryan","96","0","6"
"Unknown years","Bryan","7","0","0"
"01-04 years","Bulloch","263","0","1"
"05-09 years","Bulloch","450","0","1"
"10-17 years","Bulloch","1096","0","3"
"18-29 years","Bulloch","3797","1","21"
"30-39 years","Bulloch","1506","5","35"
"40-49 years","Bulloch","1138","7","42"
"50-59 years","Bulloch","1027","19","69"
"60-69 years","Bulloch","662","25","81"
"70-79 years","Bulloch","326","31","69"
"80 & Older years","Bulloch","159","21","48"
"<1 years","Bulloch","104","0","5"
"01-04 years","Burke","56","0","0"
"05-09 years","Burke","105","0","0"
"10-17 years","Burke","270","0","4"
"18-29 years","Burke","586","2","16"
"30-39 years","Burke","477","2","21"
"40-49 years","Burke","472","5","26"
"50-59 years","Burke","422","6","42"
"60-69 years","Burke","340","14","55"
"70-79 years","Burke","163","21","52"
"80 & Older years","Burke","58","14","23"
"<1 years","Burke","21","0","0"
"Unknown years","Burke","3","0","0"
"01-04 years","Butts","95","0","3"
"05-09 years","Butts","118","0","0"
"10-17 years","Butts","350","0","6"
"18-29 years","Butts","895","0","15"
"30-39 years","Butts","788","2","12"
"40-49 years","Butts","709","6","29"
"50-59 years","Butts","731","19","60"
"60-69 years","Butts","496","26","62"
"70-79 years","Butts","319","45","60"
"80 & Older years","Butts","192","44","20"
"<1 years","Butts","38","0","3"
"Unknown years","Butts","1","0","0"
"01-04 years","Calhoun","28","0","0"
"05-09 years","Calhoun","22","0","0"
"10-17 years","Calhoun","73","0","1"
"18-29 years","Calhoun","172","0","9"
"30-39 years","Calhoun","180","3","8"
"40-49 years","Calhoun","163","1","11"
"50-59 years","Calhoun","145","4","21"
"60-69 years","Calhoun","114","4","29"
"70-79 years","Calhoun","47","7","12"
"80 & Older years","Calhoun","34","2","12"
"<1 years","Calhoun","7","0","0"
"01-04 years","Camden","237","0","0"
"05-09 years","Camden","384","0","2"
"10-17 years","Camden","923","0","3"
"18-29 years","Camden","1932","0","12"
"30-39 years","Camden","1583","3","27"
"40-49 years","Camden","1103","10","32"
"50-59 years","Camden","1133","16","42"
"60-69 years","Camden","785","27","60"
"70-79 years","Camden","455","18","41"
"80 & Older years","Camden","179","27","35"
"<1 years","Camden","51","0","2"
"Unknown years","Camden","7","0","0"
"01-04 years","Candler","24","0","0"
"05-09 years","Candler","50","0","0"
"10-17 years","Candler","132","0","0"
"18-29 years","Candler","244","0","2"
"30-39 years","Candler","206","0","7"
"40-49 years","Candler","202","5","5"
"50-59 years","Candler","228","13","23"
"60-69 years","Candler","147","10","23"
"70-79 years","Candler","109","15","24"
"80 & Older years","Candler","41","11","18"
"<1 years","Candler","15","0","1"
"01-04 years","Carroll","287","0","3"
"05-09 years","Carroll","461","0","5"
"10-17 years","Carroll","1444","0","7"
"18-29 years","Carroll","3297","1","26"
"30-39 years","Carroll","2312","3","27"
"40-49 years","Carroll","2084","12","51"
"50-59 years","Carroll","1982","20","73"
"60-69 years","Carroll","1313","38","110"
"70-79 years","Carroll","762","48","88"
"80 & Older years","Carroll","392","63","53"
"<1 years","Carroll","100","0","2"
"Unknown years","Carroll","14","0","7"
"01-04 years","Catoosa","283","0","2"
"05-09 years","Catoosa","473","0","2"
"10-17 years","Catoosa","1290","0","2"
"18-29 years","Catoosa","2367","1","16"
"30-39 years","Catoosa","1935","2","18"
"40-49 years","Catoosa","1938","4","39"
"50-59 years","Catoosa","1784","14","65"
"60-69 years","Catoosa","1225","18","88"
"70-79 years","Catoosa","738","36","100"
"80 & Older years","Catoosa","464","52","66"
"<1 years","Catoosa","87","0","1"
"Unknown years","Catoosa","53","0","2"
"01-04 years","Charlton","37","0","0"
"05-09 years","Charlton","64","0","0"
"10-17 years","Charlton","140","0","0"
"18-29 years","Charlton","523","0","4"
"30-39 years","Charlton","424","2","6"
"40-49 years","Charlton","348","3","14"
"50-59 years","Charlton","262","5","13"
"60-69 years","Charlton","237","12","35"
"70-79 years","Charlton","130","13","30"
"80 & Older years","Charlton","51","12","20"
"<1 years","Charlton","15","0","0"
"01-04 years","Chatham","1836","0","15"
"05-09 years","Chatham","2854","1","8"
"10-17 years","Chatham","5533","0","36"
"18-29 years","Chatham","12556","8","209"
"30-39 years","Chatham","9541","26","306"
"40-49 years","Chatham","7022","47","366"
"50-59 years","Chatham","5922","96","523"
"60-69 years","Chatham","4407","172","682"
"70-79 years","Chatham","2276","218","628"
"80 & Older years","Chatham","1202","239","513"
"<1 years","Chatham","670","0","19"
"Unknown years","Chatham","19","0","2"
"01-04 years","Chattahoochee","32","0","0"
"05-09 years","Chattahoochee","68","0","0"
"10-17 years","Chattahoochee","237","0","2"
"18-29 years","Chattahoochee","5316","7","11"
"30-39 years","Chattahoochee","605","2","7"
"40-49 years","Chattahoochee","139","1","2"
"50-59 years","Chattahoochee","87","2","11"
"60-69 years","Chattahoochee","50","1","10"
"70-79 years","Chattahoochee","25","1","7"
"80 & Older years","Chattahoochee","11","3","6"
"<1 years","Chattahoochee","13","0","0"
"01-04 years","Chattooga","99","0","0"
"05-09 years","Chattooga","178","0","1"
"10-17 years","Chattooga","555","0","5"
"18-29 years","Chattooga","930","0","10"
"30-39 years","Chattooga","771","2","16"
"40-49 years","Chattooga","782","7","38"
"50-59 years","Chattooga","774","16","49"
"60-69 years","Chattooga","571","26","66"
"70-79 years","Chattooga","349","23","79"
"80 & Older years","Chattooga","198","42","48"
"<1 years","Chattooga","47","0","5"
"Unknown years","Chattooga","9","0","1"
"01-04 years","Cherokee","894","0","12"
"05-09 years","Cherokee","1710","0","13"
"10-17 years","Cherokee","4841","0","24"
"18-29 years","Cherokee","8521","3","140"
"30-39 years","Cherokee","6915","9","204"
"40-49 years","Cherokee","7160","16","274"
"50-59 years","Cherokee","6844","56","411"
"60-69 years","Cherokee","4261","107","459"
"70-79 years","Cherokee","2635","160","455"
"80 & Older years","Cherokee","1370","231","377"
"<1 years","Cherokee","291","0","12"
"Unknown years","Cherokee","7","0","0"
"01-04 years","Clarke","612","1","10"
"05-09 years","Clarke","870","0","9"
"10-17 years","Clarke","1760","0","22"
"18-29 years","Clarke","11149","0","140"
"30-39 years","Clarke","3695","3","126"
"40-49 years","Clarke","2806","7","139"
"50-59 years","Clarke","2271","19","173"
"60-69 years","Clarke","1525","44","194"
"70-79 years","Clarke","908","67","213"
"80 & Older years","Clarke","454","78","152"
"<1 years","Clarke","208","0","7"
"Unknown years","Clarke","15","0","1"
"01-04 years","Clay","13","0","0"
"05-09 years","Clay","16","0","0"
"10-17 years","Clay","44","0","0"
"18-29 years","Clay","63","0","0"
"30-39 years","Clay","59","0","2"
"40-49 years","Clay","53","0","2"
"50-59 years","Clay","38","1","3"
"60-69 years","Clay","33","2","2"
"70-79 years","Clay","24","0","1"
"80 & Older years","Clay","17","3","4"
"<1 years","Clay","4","0","0"
"Unknown years","Clay","1","0","0"
"01-04 years","Clayton","1557","1","23"
"05-09 years","Clayton","2809","1","20"
"10-17 years","Clayton","5886","2","80"
"18-29 years","Clayton","12045","13","312"
"30-39 years","Clayton","11007","43","420"
"40-49 years","Clayton","9139","59","443"
"50-59 years","Clayton","7860","138","628"
"60-69 years","Clayton","4729","228","589"
"70-79 years","Clayton","1879","220","398"
"80 & Older years","Clayton","828","196","246"
"<1 years","Clayton","468","0","23"
"Unknown years","Clayton","42","0","14"
"01-04 years","Clinch","33","0","0"
"05-09 years","Clinch","48","0","0"
"10-17 years","Clinch","129","0","0"
"18-29 years","Clinch","246","0","3"
"30-39 years","Clinch","207","1","5"
"40-49 years","Clinch","189","0","5"
"50-59 years","Clinch","182","3","21"
"60-69 years","Clinch","199","15","27"
"70-79 years","Clinch","96","12","25"
"80 & Older years","Clinch","48","9","12"
"<1 years","Clinch","14","0","0"
"01-04 years","Cobb","3334","1","44"
"05-09 years","Cobb","5916","0","33"
"10-17 years","Cobb","13386","0","83"
"18-29 years","Cobb","30837","14","350"
"30-39 years","Cobb","23938","39","410"
"40-49 years","Cobb","21882","70","600"
"50-59 years","Cobb","18425","157","839"
"60-69 years","Cobb","11272","291","860"
"70-79 years","Cobb","5809","461","810"
"80 & Older years","Cobb","3138","614","743"
"<1 years","Cobb","865","0","33"
"Unknown years","Cobb","121","0","0"
"01-04 years","Coffee","197","0","4"
"05-09 years","Coffee","343","0","6"
"10-17 years","Coffee","791","0","8"
"18-29 years","Coffee","1742","1","44"
"30-39 years","Coffee","1377","7","83"
"40-49 years","Coffee","1289","16","160"
"50-59 years","Coffee","1174","25","230"
"60-69 years","Coffee","876","60","234"
"70-79 years","Coffee","479","66","205"
"80 & Older years","Coffee","235","54","125"
"<1 years","Coffee","68","0","8"
"01-04 years","Colquitt","140","0","1"
"05-09 years","Colquitt","329","0","2"
"10-17 years","Colquitt","980","0","12"
"18-29 years","Colquitt","1568","1","37"
"30-39 years","Colquitt","1202","3","37"
"40-49 years","Colquitt","1121","10","52"
"50-59 years","Colquitt","1058","29","57"
"60-69 years","Colquitt","773","40","77"
"70-79 years","Colquitt","493","37","76"
"80 & Older years","Colquitt","252","51","51"
"<1 years","Colquitt","52","0","2"
"Unknown years","Colquitt","1","0","0"
"01-04 years","Columbia","420","1","6"
"05-09 years","Columbia","848","1","8"
"10-17 years","Columbia","2255","0","14"
"18-29 years","Columbia","4069","2","49"
"30-39 years","Columbia","3981","8","62"
"40-49 years","Columbia","3343","17","85"
"50-59 years","Columbia","2642","40","132"
"60-69 years","Columbia","1742","55","153"
"70-79 years","Columbia","896","81","179"
"80 & Older years","Columbia","503","109","167"
"<1 years","Columbia","143","1","10"
"Unknown years","Columbia","36","0","0"
"01-04 years","Cook","50","0","3"
"05-09 years","Cook","83","0","0"
"10-17 years","Cook","204","0","2"
"18-29 years","Cook","389","0","10"
"30-39 years","Cook","322","0","5"
"40-49 years","Cook","306","3","20"
"50-59 years","Cook","265","7","24"
"60-69 years","Cook","204","13","26"
"70-79 years","Cook","131","15","32"
"80 & Older years","Cook","85","19","18"
"<1 years","Cook","28","0","3"
"01-04 years","Coweta","482","0","4"
"05-09 years","Coweta","799","0","5"
"10-17 years","Coweta","2114","0","23"
"18-29 years","Coweta","3911","5","101"
"30-39 years","Coweta","3228","15","153"
"40-49 years","Coweta","3227","33","187"
"50-59 years","Coweta","3401","59","273"
"60-69 years","Coweta","1976","75","243"
"70-79 years","Coweta","1171","118","263"
"80 & Older years","Coweta","551","121","169"
"<1 years","Coweta","138","0","10"
"Unknown years","Coweta","12","0","3"
"01-04 years","Crawford","12","0","0"
"05-09 years","Crawford","17","0","0"
"10-17 years","Crawford","71","0","2"
"18-29 years","Crawford","189","0","4"
"30-39 years","Crawford","184","1","11"
"40-49 years","Crawford","156","3","10"
"50-59 years","Crawford","217","10","25"
"60-69 years","Crawford","188","13","28"
"70-79 years","Crawford","108","14","25"
"80 & Older years","Crawford","41","5","17"
"<1 years","Crawford","2","0","0"
"01-04 years","Crisp","50","0","0"
"05-09 years","Crisp","94","0","0"
"10-17 years","Crisp","275","0","3"
"18-29 years","Crisp","450","2","16"
"30-39 years","Crisp","425","2","20"
"40-49 years","Crisp","365","4","24"
"50-59 years","Crisp","343","5","32"
"60-69 years","Crisp","296","22","52"
"70-79 years","Crisp","140","16","36"
"80 & Older years","Crisp","77","20","18"
"<1 years","Crisp","25","0","0"
"Unknown years","Crisp","3","0","0"
"01-04 years","Dade","51","0","0"
"05-09 years","Dade","117","0","0"
"10-17 years","Dade","271","0","1"
"18-29 years","Dade","526","0","3"
"30-39 years","Dade","369","0","3"
"40-49 years","Dade","398","1","10"
"50-59 years","Dade","347","7","25"
"60-69 years","Dade","279","2","15"
"70-79 years","Dade","177","12","28"
"80 & Older years","Dade","77","3","14"
"<1 years","Dade","17","0","0"
"Unknown years","Dade","15","0","1"
"01-04 years","Dawson","115","0","1"
"05-09 years","Dawson","177","0","1"
"10-17 years","Dawson","499","0","7"
"18-29 years","Dawson","1195","0","21"
"30-39 years","Dawson","1004","2","27"
"40-49 years","Dawson","843","5","44"
"50-59 years","Dawson","958","11","68"
"60-69 years","Dawson","698","20","102"
"70-79 years","Dawson","438","32","75"
"80 & Older years","Dawson","181","27","46"
"<1 years","Dawson","43","0","3"
"Unknown years","Dawson","16","0","1"
"01-04 years","DeKalb","3479","0","48"
"05-09 years","DeKalb","5315","0","40"
"10-17 years","DeKalb","10652","0","131"
"18-29 years","DeKalb","29585","18","811"
"30-39 years","DeKalb","26646","38","1038"
"40-49 years","DeKalb","20144","77","1112"
"50-59 years","DeKalb","16849","194","1460"
"60-69 years","DeKalb","10523","324","1554"
"70-79 years","DeKalb","5162","408","1190"
"80 & Older years","DeKalb","2741","496","835"
"<1 years","DeKalb","886","0","36"
"Unknown years","DeKalb","343","0","26"
"01-04 years","Decatur","226","0","2"
"05-09 years","Decatur","277","0","1"
"10-17 years","Decatur","598","0","1"
"18-29 years","Decatur","1024","1","21"
"30-39 years","Decatur","795","1","12"
"40-49 years","Decatur","730","3","36"
"50-59 years","Decatur","638","14","52"
"60-69 years","Decatur","500","21","62"
"70-79 years","Decatur","273","28","47"
"80 & Older years","Decatur","165","26","28"
"<1 years","Decatur","80","0","0"
"Unknown years","Decatur","3","0","0"
"01-04 years","Dodge","29","0","0"
"05-09 years","Dodge","64","0","0"
"10-17 years","Dodge","207","1","2"
"18-29 years","Dodge","457","0","9"
"30-39 years","Dodge","314","2","10"
"40-49 years","Dodge","319","3","14"
"50-59 years","Dodge","300","7","23"
"60-69 years","Dodge","216","22","34"
"70-79 years","Dodge","120","19","26"
"80 & Older years","Dodge","71","16","16"
"<1 years","Dodge","12","0","0"
"Unknown years","Dodge","1","0","0"
"01-04 years","Dooly","31","0","0"
"05-09 years","Dooly","56","0","0"
"10-17 years","Dooly","149","0","1"
"18-29 years","Dooly","264","1","5"
"30-39 years","Dooly","218","0","12"
"40-49 years","Dooly","250","2","14"
"50-59 years","Dooly","237","6","22"
"60-69 years","Dooly","191","11","27"
"70-79 years","Dooly","88","11","21"
"80 & Older years","Dooly","34","9","7"
"<1 years","Dooly","13","0","0"
"Unknown years","Dooly","1","0","0"
"01-04 years","Dougherty","356","0","5"
"05-09 years","Dougherty","818","0","1"
"10-17 years","Dougherty","1919","0","17"
"18-29 years","Dougherty","2647","4","171"
"30-39 years","Dougherty","2189","8","141"
"40-49 years","Dougherty","1880","32","186"
"50-59 years","Dougherty","1714","46","252"
"60-69 years","Dougherty","1341","116","355"
"70-79 years","Dougherty","699","101","247"
"80 & Older years","Dougherty","455","143","187"
"<1 years","Dougherty","124","0","10"
"Unknown years","Dougherty","20","0","1"
"01-04 years","Douglas","632","0","12"
"05-09 years","Douglas","1142","0","15"
"10-17 years","Douglas","2952","1","34"
"18-29 years","Douglas","5491","0","76"
"30-39 years","Douglas","4752","8","117"
"40-49 years","Douglas","4905","15","184"
"50-59 years","Douglas","4241","44","241"
"60-69 years","Douglas","2350","77","256"
"70-79 years","Douglas","1133","88","196"
"80 & Older years","Douglas","517","89","142"
"<1 years","Douglas","197","0","11"
"Unknown years","Douglas","16","0","1"
"01-04 years","Early","68","0","0"
"05-09 years","Early","90","0","0"
"10-17 years","Early","301","0","0"
"18-29 years","Early","338","1","12"
"30-39 years","Early","299","1","6"
"40-49 years","Early","298","2","15"
"50-59 years","Early","297","5","18"
"60-69 years","Early","205","12","21"
"70-79 years","Early","129","21","25"
"80 & Older years","Early","66","13","19"
"<1 years","Early","12","0","0"
"Unknown years","Early","2","0","0"
"01-04 years","Echols","15","0","0"
"05-09 years","Echols","10","0","0"
"10-17 years","Echols","37","0","2"
"18-29 years","Echols","149","0","2"
"30-39 years","Echols","71","1","4"
"40-49 years","Echols","59","0","1"
"50-59 years","Echols","53","1","2"
"60-69 years","Echols","36","0","1"
"70-79 years","Echols","25","2","3"
"80 & Older years","Echols","6","2","2"
"<1 years","Echols","5","0","0"
"01-04 years","Effingham","288","0","1"
"05-09 years","Effingham","543","0","3"
"10-17 years","Effingham","1218","0","2"
"18-29 years","Effingham","1802","1","16"
"30-39 years","Effingham","1878","4","48"
"40-49 years","Effingham","1573","10","76"
"50-59 years","Effingham","1361","33","122"
"60-69 years","Effingham","924","29","140"
"70-79 years","Effingham","446","45","126"
"80 & Older years","Effingham","198","45","65"
"<1 years","Effingham","103","0","6"
"Unknown years","Effingham","5","0","0"
"01-04 years","Elbert","52","0","2"
"05-09 years","Elbert","78","0","0"
"10-17 years","Elbert","189","0","3"
"18-29 years","Elbert","473","1","10"
"30-39 years","Elbert","361","0","14"
"40-49 years","Elbert","356","1","20"
"50-59 years","Elbert","367","4","38"
"60-69 years","Elbert","325","10","49"
"70-79 years","Elbert","229","25","60"
"80 & Older years","Elbert","173","40","60"
"<1 years","Elbert","29","0","4"
"Unknown years","Elbert","11","0","0"
"01-04 years","Emanuel","77","0","2"
"05-09 years","Emanuel","127","0","1"
"10-17 years","Emanuel","376","0","3"
"18-29 years","Emanuel","646","1","7"
"30-39 years","Emanuel","544","1","20"
"40-49 years","Emanuel","520","4","19"
"50-59 years","Emanuel","448","10","43"
"60-69 years","Emanuel","352","17","41"
"70-79 years","Emanuel","209","25","40"
"80 & Older years","Emanuel","88","22","25"
"<1 years","Emanuel","20","0","1"
"Unknown years","Emanuel","26","0","1"
"01-04 years","Evans","28","0","0"
"05-09 years","Evans","71","0","0"
"10-17 years","Evans","152","0","3"
"18-29 years","Evans","296","0","4"
"30-39 years","Evans","266","0","5"
"40-49 years","Evans","222","4","23"
"50-59 years","Evans","207","6","22"
"60-69 years","Evans","138","9","26"
"70-79 years","Evans","89","18","26"
"80 & Older years","Evans","34","4","17"
"<1 years","Evans","10","0","0"
"01-04 years","Fannin","54","0","1"
"05-09 years","Fannin","97","0","0"
"10-17 years","Fannin","328","0","2"
"18-29 years","Fannin","593","0","8"
"30-39 years","Fannin","453","2","14"
"40-49 years","Fannin","527","5","20"
"50-59 years","Fannin","680","7","46"
"60-69 years","Fannin","691","27","77"
"70-79 years","Fannin","476","33","95"
"80 & Older years","Fannin","248","58","74"
"<1 years","Fannin","12","0","1"
"Unknown years","Fannin","1","0","0"
"01-04 years","Fayette","358","0","6"
"05-09 years","Fayette","685","0","4"
"10-17 years","Fayette","1813","0","14"
"18-29 years","Fayette","2943","3","44"
"30-39 years","Fayette","2227","6","62"
"40-49 years","Fayette","2761","8","104"
"50-59 years","Fayette","2735","23","174"
"60-69 years","Fayette","1940","42","184"
"70-79 years","Fayette","997","93","216"
"80 & Older years","Fayette","573","103","158"
"<1 years","Fayette","95","0","4"
"Unknown years","Fayette","19","0","3"
"01-04 years","Floyd","486","0","9"
"05-09 years","Floyd","875","0","3"
"10-17 years","Floyd","2497","1","16"
"18-29 years","Floyd","4620","4","69"
"30-39 years","Floyd","3519","9","91"
"40-49 years","Floyd","3235","18","166"
"50-59 years","Floyd","3163","53","265"
"60-69 years","Floyd","2254","83","339"
"70-79 years","Floyd","1317","119","329"
"80 & Older years","Floyd","728","131","245"
"<1 years","Floyd","201","1","11"
"Unknown years","Floyd","98","0","2"
"01-04 years","Forsyth","1161","0","11"
"05-09 years","Forsyth","2553","0","5"
"10-17 years","Forsyth","5981","0","18"
"18-29 years","Forsyth","7030","1","69"
"30-39 years","Forsyth","6447","6","105"
"40-49 years","Forsyth","8003","14","199"
"50-59 years","Forsyth","6477","31","267"
"60-69 years","Forsyth","3362","57","272"
"70-79 years","Forsyth","1917","114","321"
"80 & Older years","Forsyth","1103","158","272"
"<1 years","Forsyth","238","0","7"
"Unknown years","Forsyth","177","0","1"
"01-04 years","Franklin","73","0","1"
"05-09 years","Franklin","143","0","0"
"10-17 years","Franklin","414","0","6"
"18-29 years","Franklin","832","1","17"
"30-39 years","Franklin","611","0","14"
"40-49 years","Franklin","630","3","26"
"50-59 years","Franklin","629","6","45"
"60-69 years","Franklin","527","11","54"
"70-79 years","Franklin","321","29","59"
"80 & Older years","Franklin","148","28","39"
"<1 years","Franklin","43","0","4"
"Unknown years","Franklin","19","0","0"
"01-04 years","Fulton","4512","0","70"
"05-09 years","Fulton","7261","0","46"
"10-17 years","Fulton","16303","1","141"
"18-29 years","Fulton","45652","7","935"
"30-39 years","Fulton","37031","61","1203"
"40-49 years","Fulton","28225","78","1263"
"50-59 years","Fulton","23272","224","1820"
"60-69 years","Fulton","13700","411","1732"
"70-79 years","Fulton","6874","553","1406"
"80 & Older years","Fulton","4192","761","1251"
"<1 years","Fulton","1157","0","54"
"Unknown years","Fulton","230","0","99"
"01-04 years","Gilmer","78","0","4"
"05-09 years","Gilmer","92","0","0"
"10-17 years","Gilmer","376","0","5"
"18-29 years","Gilmer","656","0","27"
"30-39 years","Gilmer","604","2","30"
"40-49 years","Gilmer","630","3","30"
"50-59 years","Gilmer","748","20","64"
"60-69 years","Gilmer","704","23","101"
"70-79 years","Gilmer","487","51","123"
"80 & Older years","Gilmer","242","51","71"
"<1 years","Gilmer","36","0","3"
"01-04 years","Glascock","2","0","0"
"05-09 years","Glascock","8","0","0"
"10-17 years","Glascock","15","0","0"
"18-29 years","Glascock","48","0","1"
"30-39 years","Glascock","38","0","2"
"40-49 years","Glascock","40","0","1"
"50-59 years","Glascock","48","2","5"
"60-69 years","Glascock","26","0","5"
"70-79 years","Glascock","32","4","9"
"80 & Older years","Glascock","9","2","5"
"<1 years","Glascock","2","0","0"
"Unknown years","Glascock","1","0","0"
"01-04 years","Glynn","446","0","2"
"05-09 years","Glynn","883","0","1"
"10-17 years","Glynn","2040","0","3"
"18-29 years","Glynn","3469","4","40"
"30-39 years","Glynn","2901","9","46"
"40-49 years","Glynn","2483","18","73"
"50-59 years","Glynn","2229","46","120"
"60-69 years","Glynn","1888","85","191"
"70-79 years","Glynn","1133","91","149"
"80 & Older years","Glynn","549","107","135"
"<1 years","Glynn","128","0","6"
"Unknown years","Glynn","20","0","0"
"01-04 years","Gordon","244","0","2"
"05-09 years","Gordon","361","1","2"
"10-17 years","Gordon","1225","0","7"
"18-29 years","Gordon","2432","3","22"
"30-39 years","Gordon","1908","4","34"
"40-49 years","Gordon","1876","11","52"
"50-59 years","Gordon","1724","30","85"
"60-69 years","Gordon","1125","67","97"
"70-79 years","Gordon","616","63","117"
"80 & Older years","Gordon","316","53","74"
"<1 years","Gordon","95","0","3"
"Unknown years","Gordon","38","0","0"
"01-04 years","Grady","136","0","1"
"05-09 years","Grady","238","0","0"
"10-17 years","Grady","490","0","5"
"18-29 years","Grady","587","0","18"
"30-39 years","Grady","520","1","18"
"40-49 years","Grady","488","3","36"
"50-59 years","Grady","473","14","49"
"60-69 years","Grady","332","12","40"
"70-79 years","Grady","261","31","69"
"80 & Older years","Grady","92","22","34"
"<1 years","Grady","70","0","3"
"Unknown years","Grady","6","0","0"
"01-04 years","Greene","47","0","1"
"05-09 years","Greene","101","0","1"
"10-17 years","Greene","273","0","3"
"18-29 years","Greene","503","0","14"
"30-39 years","Greene","419","0","17"
"40-49 years","Greene","362","4","24"
"50-59 years","Greene","474","7","37"
"60-69 years","Greene","456","13","45"
"70-79 years","Greene","361","17","65"
"80 & Older years","Greene","165","34","63"
"<1 years","Greene","18","0","4"
"Unknown years","Greene","5","0","0"
"01-04 years","Gwinnett","4063","0","37"
"05-09 years","Gwinnett","6945","0","35"
"10-17 years","Gwinnett","17409","3","103"
"18-29 years","Gwinnett","37690","19","730"
"30-39 years","Gwinnett","30334","42","792"
"40-49 years","Gwinnett","30353","111","1090"
"50-59 years","Gwinnett","24693","208","1329"
"60-69 years","Gwinnett","13849","347","1320"
"70-79 years","Gwinnett","6107","434","1123"
"80 & Older years","Gwinnett","3085","593","968"
"<1 years","Gwinnett","1367","0","35"
"Unknown years","Gwinnett","208","0","10"
"01-04 years","Habersham","111","0","4"
"05-09 years","Habersham","197","0","0"
"10-17 years","Habersham","621","1","10"
"18-29 years","Habersham","1566","1","25"
"30-39 years","Habersham","1214","6","44"
"40-49 years","Habersham","1179","7","66"
"50-59 years","Habersham","1278","14","98"
"60-69 years","Habersham","1009","41","170"
"70-79 years","Habersham","683","76","167"
"80 & Older years","Habersham","425","94","126"
"<1 years","Habersham","55","0","11"
"Unknown years","Habersham","69","0","1"
"01-04 years","Hall","625","0","14"
"05-09 years","Hall","1204","0","12"
"10-17 years","Hall","4051","0","44"
"18-29 years","Hall","10086","9","249"
"30-39 years","Hall","7155","11","300"
"40-49 years","Hall","7033","37","425"
"50-59 years","Hall","7140","72","610"
"60-69 years","Hall","4767","140","626"
"70-79 years","Hall","2977","212","700"
"80 & Older years","Hall","1649","310","556"
"<1 years","Hall","233","1","25"
"Unknown years","Hall","186","0","10"
"01-04 years","Hancock","18","0","0"
"05-09 years","Hancock","33","0","0"
"10-17 years","Hancock","86","0","1"
"18-29 years","Hancock","225","0","3"
"30-39 years","Hancock","221","2","7"
"40-49 years","Hancock","167","2","8"
"50-59 years","Hancock","216","7","20"
"60-69 years","Hancock","211","21","39"
"70-79 years","Hancock","110","24","29"
"80 & Older years","Hancock","75","26","25"
"<1 years","Hancock","8","0","0"
"01-04 years","Haralson","61","0","0"
"05-09 years","Haralson","119","0","0"
"10-17 years","Haralson","354","0","3"
"18-29 years","Haralson","692","0","6"
"30-39 years","Haralson","494","0","8"
"40-49 years","Haralson","519","2","10"
"50-59 years","Haralson","560","7","20"
"60-69 years","Haralson","331","19","28"
"70-79 years","Haralson","209","20","23"
"80 & Older years","Haralson","94","16","13"
"<1 years","Haralson","21","0","1"
"Unknown years","Haralson","4","0","0"
"01-04 years","Harris","98","0","0"
"05-09 years","Harris","182","0","0"
"10-17 years","Harris","512","0","5"
"18-29 years","Harris","801","0","15"
"30-39 years","Harris","722","0","18"
"40-49 years","Harris","808","5","39"
"50-59 years","Harris","871","12","60"
"60-69 years","Harris","643","22","92"
"70-79 years","Harris","382","43","80"
"80 & Older years","Harris","116","18","29"
"<1 years","Harris","17","0","0"
"Unknown years","Harris","5","0","0"
"01-04 years","Hart","58","0","0"
"05-09 years","Hart","86","0","2"
"10-17 years","Hart","284","0","0"
"18-29 years","Hart","568","0","4"
"30-39 years","Hart","475","0","14"
"40-49 years","Hart","427","3","21"
"50-59 years","Hart","517","4","37"
"60-69 years","Hart","364","15","41"
"70-79 years","Hart","249","15","46"
"80 & Older years","Hart","146","24","40"
"<1 years","Hart","25","0","0"
"Unknown years","Hart","11","0","0"
"01-04 years","Heard","27","0","1"
"05-09 years","Heard","65","0","0"
"10-17 years","Heard","163","0","3"
"18-29 years","Heard","268","2","6"
"30-39 years","Heard","181","0","3"
"40-49 years","Heard","244","2","19"
"50-59 years","Heard","228","3","17"
"60-69 years","Heard","167","8","19"
"70-79 years","Heard","86","10","23"
"80 & Older years","Heard","36","9","6"
"<1 years","Heard","11","0","1"
"01-04 years","Henry","1007","0","19"
"05-09 years","Henry","1779","0","10"
"10-17 years","Henry","4735","0","54"
"18-29 years","Henry","8884","3","185"
"30-39 years","Henry","7570","14","219"
"40-49 years","Henry","7951","43","300"
"50-59 years","Henry","7099","72","391"
"60-69 years","Henry","3851","154","395"
"70-79 years","Henry","1789","166","295"
"80 & Older years","Henry","842","176","209"
"<1 years","Henry","304","0","13"
"Unknown years","Henry","37","0","3"
"01-04 years","Houston","474","0","7"
"05-09 years","Houston","926","0","2"
"10-17 years","Houston","2470","0","10"
"18-29 years","Houston","4790","7","73"
"30-39 years","Houston","4402","7","105"
"40-49 years","Houston","3678","19","155"
"50-59 years","Houston","2976","38","200"
"60-69 years","Houston","1935","78","259"
"70-79 years","Houston","958","95","232"
"80 & Older years","Houston","507","87","142"
"<1 years","Houston","114","1","8"
"Unknown years","Houston","3","0","0"
"01-04 years","Irwin","11","0","0"
"05-09 years","Irwin","22","0","0"
"10-17 years","Irwin","78","0","1"
"18-29 years","Irwin","206","0","6"
"30-39 years","Irwin","171","0","9"
"40-49 years","Irwin","184","1","11"
"50-59 years","Irwin","143","3","13"
"60-69 years","Irwin","115","3","24"
"70-79 years","Irwin","62","8","10"
"80 & Older years","Irwin","45","9","28"
"<1 years","Irwin","2","0","1"
"Unknown years","Irwin","2","0","0"
"01-04 years","Jackson","307","0","3"
"05-09 years","Jackson","632","0","2"
"10-17 years","Jackson","2030","1","14"
"18-29 years","Jackson","3037","3","58"
"30-39 years","Jackson","3067","8","79"
"40-49 years","Jackson","3005","14","128"
"50-59 years","Jackson","2750","30","171"
"60-69 years","Jackson","1819","50","187"
"70-79 years","Jackson","1214","80","220"
"80 & Older years","Jackson","567","87","160"
"<1 years","Jackson","89","0","4"
"Unknown years","Jackson","29","0","2"
"01-04 years","Jasper","35","0","1"
"05-09 years","Jasper","58","0","1"
"10-17 years","Jasper","130","0","3"
"18-29 years","Jasper","320","0","13"
"30-39 years","Jasper","249","2","12"
"40-49 years","Jasper","239","1","14"
"50-59 years","Jasper","285","7","30"
"60-69 years","Jasper","200","14","42"
"70-79 years","Jasper","107","7","24"
"80 & Older years","Jasper","43","8","15"
"<1 years","Jasper","20","0","4"
"01-04 years","Jeff Davis","54","0","0"
"05-09 years","Jeff Davis","111","0","0"
"10-17 years","Jeff Davis","247","0","2"
"18-29 years","Jeff Davis","473","0","7"
"30-39 years","Jeff Davis","377","0","13"
"40-49 years","Jeff Davis","339","1","20"
"50-59 years","Jeff Davis","328","11","27"
"60-69 years","Jeff Davis","189","9","26"
"70-79 years","Jeff Davis","146","17","26"
"80 & Older years","Jeff Davis","38","9","10"
"<1 years","Jeff Davis","17","0","4"
"01-04 years","Jefferson","35","0","1"
"05-09 years","Jefferson","63","0","0"
"10-17 years","Jefferson","162","0","2"
"18-29 years","Jefferson","356","0","3"
"30-39 years","Jefferson","321","1","12"
"40-49 years","Jefferson","311","5","22"
"50-59 years","Jefferson","373","9","31"
"60-69 years","Jefferson","316","15","48"
"70-79 years","Jefferson","198","25","54"
"80 & Older years","Jefferson","89","25","38"
"<1 years","Jefferson","7","0","2"
"Unknown years","Jefferson","10","0","0"
"01-04 years","Jenkins","31","0","2"
"05-09 years","Jenkins","39","0","0"
"10-17 years","Jenkins","97","0","1"
"18-29 years","Jenkins","181","0","2"
"30-39 years","Jenkins","130","2","6"
"40-49 years","Jenkins","164","4","14"
"50-59 years","Jenkins","179","7","29"
"60-69 years","Jenkins","121","7","16"
"70-79 years","Jenkins","76","15","22"
"80 & Older years","Jenkins","54","10","12"
"<1 years","Jenkins","6","0","1"
"01-04 years","Johnson","25","0","1"
"05-09 years","Johnson","38","0","0"
"10-17 years","Johnson","100","0","1"
"18-29 years","Johnson","250","0","6"
"30-39 years","Johnson","214","1","6"
"40-49 years","Johnson","212","3","8"
"50-59 years","Johnson","203","9","18"
"60-69 years","Johnson","197","9","25"
"70-79 years","Johnson","127","12","34"
"80 & Older years","Johnson","89","23","27"
"<1 years","Johnson","19","0","3"
"01-04 years","Jones","47","0","1"
"05-09 years","Jones","91","0","0"
"10-17 years","Jones","268","0","2"
"18-29 years","Jones","747","2","20"
"30-39 years","Jones","604","3","17"
"40-49 years","Jones","580","5","32"
"50-59 years","Jones","606","10","63"
"60-69 years","Jones","404","19","74"
"70-79 years","Jones","257","34","75"
"80 & Older years","Jones","126","25","38"
"<1 years","Jones","14","0","0"
"01-04 years","Lamar","106","0","0"
"05-09 years","Lamar","176","0","0"
"10-17 years","Lamar","389","0","5"
"18-29 years","Lamar","568","0","13"
"30-39 years","Lamar","470","2","17"
"40-49 years","Lamar","425","6","24"
"50-59 years","Lamar","401","12","46"
"60-69 years","Lamar","358","25","47"
"70-79 years","Lamar","236","26","49"
"80 & Older years","Lamar","95","26","31"
"<1 years","Lamar","64","0","1"
"Unknown years","Lamar","1","0","1"
"01-04 years","Lanier","17","0","0"
"05-09 years","Lanier","33","0","1"
"10-17 years","Lanier","115","0","1"
"18-29 years","Lanier","231","2","4"
"30-39 years","Lanier","229","0","3"
"40-49 years","Lanier","153","1","4"
"50-59 years","Lanier","128","3","11"
"60-69 years","Lanier","77","4","7"
"70-79 years","Lanier","66","6","8"
"80 & Older years","Lanier","31","1","6"
"<1 years","Lanier","14","0","0"
"Unknown years","Lanier","1","0","0"
"01-04 years","Laurens","202","0","2"
"05-09 years","Laurens","364","0","2"
"10-17 years","Laurens","929","0","7"
"18-29 years","Laurens","1694","0","15"
"30-39 years","Laurens","1351","5","23"
"40-49 years","Laurens","1229","12","40"
"50-59 years","Laurens","1081","32","82"
"60-69 years","Laurens","848","58","115"
"70-79 years","Laurens","522","68","106"
"80 & Older years","Laurens","301","69","75"
"<1 years","Laurens","72","0","7"
"Unknown years","Laurens","3","0","0"
"01-04 years","Lee","88","0","0"
"05-09 years","Lee","135","0","3"
"10-17 years","Lee","378","0","7"
"18-29 years","Lee","662","1","27"
"30-39 years","Lee","730","1","35"
"40-49 years","Lee","668","9","51"
"50-59 years","Lee","555","18","83"
"60-69 years","Lee","354","25","71"
"70-79 years","Lee","155","21","48"
"80 & Older years","Lee","90","18","33"
"<1 years","Lee","31","0","0"
"Unknown years","Lee","5","0","0"
"01-04 years","Liberty","512","0","3"
"05-09 years","Liberty","686","0","3"
"10-17 years","Liberty","1239","0","4"
"18-29 years","Liberty","3414","2","30"
"30-39 years","Liberty","1963","4","40"
"40-49 years","Liberty","1163","4","33"
"50-59 years","Liberty","943","23","76"
"60-69 years","Liberty","592","28","84"
"70-79 years","Liberty","244","25","77"
"80 & Older years","Liberty","91","20","34"
"<1 years","Liberty","141","0","4"
"Unknown years","Liberty","10","0","0"
"01-04 years","Lincoln","20","0","0"
"05-09 years","Lincoln","22","0","1"
"10-17 years","Lincoln","68","0","0"
"18-29 years","Lincoln","144","0","5"
"30-39 years","Lincoln","130","0","6"
"40-49 years","Lincoln","130","1","10"
"50-59 years","Lincoln","119","3","6"
"60-69 years","Lincoln","114","8","24"
"70-79 years","Lincoln","78","10","22"
"80 & Older years","Lincoln","27","7","11"
"<1 years","Lincoln","6","0","1"
"Unknown years","Lincoln","5","0","0"
"01-04 years","Long","92","0","1"
"05-09 years","Long","145","0","0"
"10-17 years","Long","303","1","0"
"18-29 years","Long","467","0","4"
"30-39 years","Long","443","2","10"
"40-49 years","Long","299","4","14"
"50-59 years","Long","201","4","18"
"60-69 years","Long","149","5","19"
"70-79 years","Long","70","8","19"
"80 & Older years","Long","27","2","11"
"<1 years","Long","40","0","0"
"Unknown years","Long","1","0","0"
"01-04 years","Lowndes","415","0","0"
"05-09 years","Lowndes","533","0","1"
"10-17 years","Lowndes","1300","0","11"
"18-29 years","Lowndes","4336","6","47"
"30-39 years","Lowndes","2675","8","48"
"40-49 years","Lowndes","1973","16","79"
"50-59 years","Lowndes","1643","30","110"
"60-69 years","Lowndes","1160","57","142"
"70-79 years","Lowndes","695","78","142"
"80 & Older years","Lowndes","385","86","97"
"<1 years","Lowndes","184","0","2"
"Unknown years","Lowndes","5","0","0"
"01-04 years","Lumpkin","82","0","2"
"05-09 years","Lumpkin","164","0","2"
"10-17 years","Lumpkin","480","0","4"
"18-29 years","Lumpkin","1596","0","26"
"30-39 years","Lumpkin","881","1","24"
"40-49 years","Lumpkin","835","1","40"
"50-59 years","Lumpkin","932","14","84"
"60-69 years","Lumpkin","805","23","95"
"70-79 years","Lumpkin","514","24","105"
"80 & Older years","Lumpkin","248","49","103"
"<1 years","Lumpkin","50","0","3"
"Unknown years","Lumpkin","22","0","2"
"01-04 years","Macon","26","0","0"
"05-09 years","Macon","27","0","0"
"10-17 years","Macon","65","0","0"
"18-29 years","Macon","232","0","6"
"30-39 years","Macon","193","1","4"
"40-49 years","Macon","202","4","9"
"50-59 years","Macon","206","6","27"
"60-69 years","Macon","135","11","35"
"70-79 years","Macon","85","9","24"
"80 & Older years","Macon","29","10","11"
"<1 years","Macon","7","0","0"
"Unknown years","Macon","1","0","1"
"01-04 years","Madison","149","0","5"
"05-09 years","Madison","211","0","0"
"10-17 years","Madison","588","0","3"
"18-29 years","Madison","1130","0","40"
"30-39 years","Madison","917","1","33"
"40-49 years","Madison","863","2","42"
"50-59 years","Madison","880","18","62"
"60-69 years","Madison","621","20","85"
"70-79 years","Madison","384","30","97"
"80 & Older years","Madison","143","26","42"
"<1 years","Madison","68","0","7"
"Unknown years","Madison","7","0","0"
"01-04 years","Marion","18","0","0"
"05-09 years","Marion","35","0","1"
"10-17 years","Marion","111","0","0"
"18-29 years","Marion","162","0","7"
"30-39 years","Marion","137","0","7"
"40-49 years","Marion","143","3","9"
"50-59 years","Marion","129","7","16"
"60-69 years","Marion","112","12","19"
"70-79 years","Marion","62","8","19"
"80 & Older years","Marion","47","12","18"
"<1 years","Marion","8","0","0"
"Unknown years","Marion","2","0","0"
"01-04 years","McDuffie","58","0","2"
"05-09 years","McDuffie","86","0","0"
"10-17 years","McDuffie","246","0","2"
"18-29 years","McDuffie","639","0","14"
"30-39 years","McDuffie","491","2","11"
"40-49 years","McDuffie","449","2","24"
"50-59 years","McDuffie","415","13","52"
"60-69 years","McDuffie","306","18","60"
"70-79 years","McDuffie","188","21","63"
"80 & Older years","McDuffie","84","19","36"
"<1 years","McDuffie","12","0","2"
"Unknown years","McDuffie","14","0","0"
"01-04 years","McIntosh","40","0","0"
"05-09 years","McIntosh","73","0","1"
"10-17 years","McIntosh","233","0","0"
"18-29 years","McIntosh","325","0","5"
"30-39 years","McIntosh","268","0","4"
"40-49 years","McIntosh","272","0","6"
"50-59 years","McIntosh","314","5","14"
"60-69 years","McIntosh","239","7","33"
"70-79 years","McIntosh","148","9","28"
"80 & Older years","McIntosh","55","12","15"
"<1 years","McIntosh","5","0","0"
"Unknown years","McIntosh","1","0","0"
"01-04 years","Meriwether","85","0","3"
"05-09 years","Meriwether","102","0","1"
"10-17 years","Meriwether","238","1","3"
"18-29 years","Meriwether","565","0","17"
"30-39 years","Meriwether","407","3","27"
"40-49 years","Meriwether","475","5","36"
"50-59 years","Meriwether","475","13","53"
"60-69 years","Meriwether","432","23","61"
"70-79 years","Meriwether","298","37","65"
"80 & Older years","Meriwether","153","39","37"
"<1 years","Meriwether","32","0","5"
"Unknown years","Meriwether","3","0","1"
"01-04 years","Miller","36","0","0"
"05-09 years","Miller","56","0","0"
"10-17 years","Miller","187","0","1"
"18-29 years","Miller","205","0","1"
"30-39 years","Miller","181","0","1"
"40-49 years","Miller","160","1","7"
"50-59 years","Miller","207","4","19"
"60-69 years","Miller","146","4","15"
"70-79 years","Miller","60","6","8"
"80 & Older years","Miller","47","4","9"
"<1 years","Miller","7","0","0"
"Unknown years","Miller","1","0","0"
"01-04 years","Mitchell","69","0","2"
"05-09 years","Mitchell","117","0","0"
"10-17 years","Mitchell","272","0","7"
"18-29 years","Mitchell","563","1","22"
"30-39 years","Mitchell","490","1","24"
"40-49 years","Mitchell","437","7","30"
"50-59 years","Mitchell","455","14","69"
"60-69 years","Mitchell","348","21","66"
"70-79 years","Mitchell","205","27","63"
"80 & Older years","Mitchell","132","33","43"
"<1 years","Mitchell","23","0","1"
"Unknown years","Mitchell","1","0","0"
"01-04 years","Monroe","41","1","4"
"05-09 years","Monroe","84","0","1"
"10-17 years","Monroe","252","0","1"
"18-29 years","Monroe","679","2","11"
"30-39 years","Monroe","602","0","12"
"40-49 years","Monroe","646","9","31"
"50-59 years","Monroe","638","9","39"
"60-69 years","Monroe","525","31","76"
"70-79 years","Monroe","278","34","63"
"80 & Older years","Monroe","155","48","44"
"<1 years","Monroe","19","0","1"
"01-04 years","Montgomery","21","0","0"
"05-09 years","Montgomery","26","0","0"
"10-17 years","Montgomery","125","0","1"
"18-29 years","Montgomery","311","1","3"
"30-39 years","Montgomery","235","2","6"
"40-49 years","Montgomery","221","1","5"
"50-59 years","Montgomery","205","6","16"
"60-69 years","Montgomery","179","9","17"
"70-79 years","Montgomery","102","19","20"
"80 & Older years","Montgomery","45","11","8"
"<1 years","Montgomery","8","0","0"
"Unknown years","Montgomery","2","0","0"
"01-04 years","Morgan","75","0","1"
"05-09 years","Morgan","100","0","1"
"10-17 years","Morgan","233","0","2"
"18-29 years","Morgan","508","0","14"
"30-39 years","Morgan","427","0","15"
"40-49 years","Morgan","401","1","13"
"50-59 years","Morgan","442","8","33"
"60-69 years","Morgan","296","9","34"
"70-79 years","Morgan","244","11","42"
"80 & Older years","Morgan","123","28","45"
"<1 years","Morgan","35","0","2"
"Unknown years","Morgan","30","0","0"
"01-04 years","Murray","214","0","2"
"05-09 years","Murray","307","0","3"
"10-17 years","Murray","1002","0","2"
"18-29 years","Murray","1893","0","18"
"30-39 years","Murray","1400","3","18"
"40-49 years","Murray","1447","10","45"
"50-59 years","Murray","1228","21","84"
"60-69 years","Murray","834","32","103"
"70-79 years","Murray","483","64","98"
"80 & Older years","Murray","202","41","46"
"<1 years","Murray","96","0","2"
"01-04 years","Muscogee","711","0","9"
"05-09 years","Muscogee","1316","0","0"
"10-17 years","Muscogee","3068","0","29"
"18-29 years","Muscogee","7180","14","182"
"30-39 years","Muscogee","5621","11","220"
"40-49 years","Muscogee","4432","26","268"
"50-59 years","Muscogee","4082","95","436"
"60-69 years","Muscogee","3047","164","544"
"70-79 years","Muscogee","1574","174","399"
"80 & Older years","Muscogee","879","231","310"
"<1 years","Muscogee","227","0","10"
"Unknown years","Muscogee","30","0","2"
"01-04 years","Newton","359","0","21"
"05-09 years","Newton","805","0","11"
"10-17 years","Newton","1717","0","75"
"18-29 years","Newton","3488","2","272"
"30-39 years","Newton","2974","9","241"
"40-49 years","Newton","3061","22","277"
"50-59 years","Newton","2721","57","337"
"60-69 years","Newton","1525","81","300"
"70-79 years","Newton","921","108","283"
"80 & Older years","Newton","491","126","186"
"<1 years","Newton","113","0","21"
"Unknown years","Newton","17","0","2"
"01-04 years","Non-GA Resident/Unknown State","1205","0","18"
"05-09 years","Non-GA Resident/Unknown State","1898","0","12"
"10-17 years","Non-GA Resident/Unknown State","4441","0","26"
"18-29 years","Non-GA Resident/Unknown State","13941","9","242"
"30-39 years","Non-GA Resident/Unknown State","10873","21","279"
"40-49 years","Non-GA Resident/Unknown State","9546","49","335"
"50-59 years","Non-GA Resident/Unknown State","8761","130","533"
"60-69 years","Non-GA Resident/Unknown State","6064","249","660"
"70-79 years","Non-GA Resident/Unknown State","3550","274","628"
"80 & Older years","Non-GA Resident/Unknown State","1843","239","430"
"<1 years","Non-GA Resident/Unknown State","544","0","19"
"Unknown years","Non-GA Resident/Unknown State","1045","0","136"
"01-04 years","Oconee","157","0","1"
"05-09 years","Oconee","308","0","0"
"10-17 years","Oconee","849","0","4"
"18-29 years","Oconee","1146","0","19"
"30-39 years","Oconee","905","1","15"
"40-49 years","Oconee","1216","3","36"
"50-59 years","Oconee","1036","7","34"
"60-69 years","Oconee","692","16","53"
"70-79 years","Oconee","383","22","48"
"80 & Older years","Oconee","231","46","60"
"<1 years","Oconee","34","0","0"
"Unknown years","Oconee","3","0","0"
"01-04 years","Oglethorpe","54","0","1"
"05-09 years","Oglethorpe","89","0","0"
"10-17 years","Oglethorpe","231","0","4"
"18-29 years","Oglethorpe","427","0","11"
"30-39 years","Oglethorpe","322","2","15"
"40-49 years","Oglethorpe","350","4","27"
"50-59 years","Oglethorpe","336","1","34"
"60-69 years","Oglethorpe","275","9","38"
"70-79 years","Oglethorpe","189","17","32"
"80 & Older years","Oglethorpe","100","20","37"
"<1 years","Oglethorpe","23","0","1"
"Unknown years","Oglethorpe","3","0","0"
"01-04 years","Paulding","650","0","8"
"05-09 years","Paulding","1161","0","1"
"10-17 years","Paulding","2821","0","16"
"18-29 years","Paulding","4859","1","47"
"30-39 years","Paulding","4524","8","60"
"40-49 years","Paulding","4354","16","86"
"50-59 years","Paulding","3833","40","143"
"60-69 years","Paulding","2085","70","140"
"70-79 years","Paulding","1056","79","138"
"80 & Older years","Paulding","583","100","105"
"<1 years","Paulding","229","0","4"
"Unknown years","Paulding","87","0","0"
"01-04 years","Peach","64","0","2"
"05-09 years","Peach","89","0","0"
"10-17 years","Peach","242","0","2"
"18-29 years","Peach","797","1","17"
"30-39 years","Peach","632","3","22"
"40-49 years","Peach","518","9","34"
"50-59 years","Peach","546","15","61"
"60-69 years","Peach","461","25","78"
"70-79 years","Peach","240","31","69"
"80 & Older years","Peach","105","25","42"
"<1 years","Peach","12","0","0"
"01-04 years","Pickens","62","0","5"
"05-09 years","Pickens","115","0","2"
"10-17 years","Pickens","328","0","1"
"18-29 years","Pickens","859","0","21"
"30-39 years","Pickens","699","5","30"
"40-49 years","Pickens","718","2","45"
"50-59 years","Pickens","884","11","66"
"60-69 years","Pickens","713","24","108"
"70-79 years","Pickens","516","42","118"
"80 & Older years","Pickens","224","44","70"
"<1 years","Pickens","17","0","3"
"01-04 years","Pierce","66","0","0"
"05-09 years","Pierce","98","0","1"
"10-17 years","Pierce","274","1","1"
"18-29 years","Pierce","492","0","9"
"30-39 years","Pierce","389","3","17"
"40-49 years","Pierce","434","6","37"
"50-59 years","Pierce","389","17","48"
"60-69 years","Pierce","305","23","77"
"70-79 years","Pierce","210","26","74"
"80 & Older years","Pierce","87","26","34"
"<1 years","Pierce","31","0","1"
"01-04 years","Pike","88","0","0"
"05-09 years","Pike","121","0","0"
"10-17 years","Pike","304","0","1"
"18-29 years","Pike","425","2","11"
"30-39 years","Pike","420","2","13"
"40-49 years","Pike","449","3","19"
"50-59 years","Pike","397","15","33"
"60-69 years","Pike","278","17","49"
"70-79 years","Pike","162","17","41"
"80 & Older years","Pike","75","17","19"
"<1 years","Pike","31","0","0"
"01-04 years","Polk","195","0","2"
"05-09 years","Polk","294","0","4"
"10-17 years","Polk","929","0","9"
"18-29 years","Polk","1933","0","32"
"30-39 years","Polk","1437","2","41"
"40-49 years","Polk","1353","8","68"
"50-59 years","Polk","1299","27","136"
"60-69 years","Polk","875","36","148"
"70-79 years","Polk","575","50","153"
"80 & Older years","Polk","251","41","77"
"<1 years","Polk","108","0","3"
"Unknown years","Polk","23","0","1"
"01-04 years","Pulaski","32","0","0"
"05-09 years","Pulaski","49","0","0"
"10-17 years","Pulaski","120","0","1"
"18-29 years","Pulaski","209","0","3"
"30-39 years","Pulaski","191","1","3"
"40-49 years","Pulaski","165","0","10"
"50-59 years","Pulaski","177","4","11"
"60-69 years","Pulaski","150","14","16"
"70-79 years","Pulaski","70","14","18"
"80 & Older years","Pulaski","47","14","7"
"<1 years","Pulaski","14","0","0"
"Unknown years","Pulaski","1","0","0"
"01-04 years","Putnam","61","0","0"
"05-09 years","Putnam","113","0","1"
"10-17 years","Putnam","304","0","3"
"18-29 years","Putnam","595","0","6"
"30-39 years","Putnam","539","3","20"
"40-49 years","Putnam","437","4","22"
"50-59 years","Putnam","580","5","42"
"60-69 years","Putnam","504","27","65"
"70-79 years","Putnam","361","34","87"
"80 & Older years","Putnam","150","27","49"
"<1 years","Putnam","22","0","1"
"01-04 years","Quitman","7","0","0"
"05-09 years","Quitman","13","0","0"
"10-17 years","Quitman","28","0","0"
"18-29 years","Quitman","37","0","2"
"30-39 years","Quitman","31","0","2"
"40-49 years","Quitman","15","0","1"
"50-59 years","Quitman","36","0","3"
"60-69 years","Quitman","45","1","7"
"70-79 years","Quitman","14","1","2"
"80 & Older years","Quitman","12","1","4"
"<1 years","Quitman","3","0","1"
"01-04 years","Rabun","48","0","0"
"05-09 years","Rabun","88","0","0"
"10-17 years","Rabun","260","0","2"
"18-29 years","Rabun","403","2","10"
"30-39 years","Rabun","330","2","14"
"40-49 years","Rabun","357","3","22"
"50-59 years","Rabun","427","7","47"
"60-69 years","Rabun","429","15","51"
"70-79 years","Rabun","325","26","67"
"80 & Older years","Rabun","128","25","43"
"<1 years","Rabun","16","0","1"
"Unknown years","Rabun","3","0","0"
"01-04 years","Randolph","18","0","1"
"05-09 years","Randolph","41","0","0"
"10-17 years","Randolph","92","0","3"
"18-29 years","Randolph","131","1","7"
"30-39 years","Randolph","118","2","8"
"40-49 years","Randolph","90","0","8"
"50-59 years","Randolph","135","7","26"
"60-69 years","Randolph","105","11","23"
"70-79 years","Randolph","69","7","19"
"80 & Older years","Randolph","56","15","17"
"<1 years","Randolph","3","0","0"
"01-04 years","Richmond","772","0","14"
"05-09 years","Richmond","1394","1","10"
"10-17 years","Richmond","3218","0","41"
"18-29 years","Richmond","8778","16","133"
"30-39 years","Richmond","6669","15","183"
"40-49 years","Richmond","4933","36","221"
"50-59 years","Richmond","4493","74","395"
"60-69 years","Richmond","3397","164","484"
"70-79 years","Richmond","1763","192","483"
"80 & Older years","Richmond","967","224","373"
"<1 years","Richmond","245","0","14"
"Unknown years","Richmond","90","0","0"
"01-04 years","Rockdale","300","0","28"
"05-09 years","Rockdale","545","0","24"
"10-17 years","Rockdale","1421","0","64"
"18-29 years","Rockdale","2890","5","247"
"30-39 years","Rockdale","2432","5","266"
"40-49 years","Rockdale","2482","12","270"
"50-59 years","Rockdale","2384","31","354"
"60-69 years","Rockdale","1425","69","312"
"70-79 years","Rockdale","800","84","284"
"80 & Older years","Rockdale","423","88","211"
"<1 years","Rockdale","83","0","13"
"Unknown years","Rockdale","7","0","4"
"01-04 years","Schley","13","0","0"
"05-09 years","Schley","21","0","0"
"10-17 years","Schley","64","0","0"
"18-29 years","Schley","94","0","3"
"30-39 years","Schley","72","0","0"
"40-49 years","Schley","89","0","5"
"50-59 years","Schley","76","2","8"
"60-69 years","Schley","52","1","8"
"70-79 years","Schley","40","6","8"
"80 & Older years","Schley","11","2","3"
"<1 years","Schley","3","0","0"
"01-04 years","Screven","35","0","2"
"05-09 years","Screven","79","0","0"
"10-17 years","Screven","222","0","1"
"18-29 years","Screven","319","0","9"
"30-39 years","Screven","294","1","7"
"40-49 years","Screven","238","4","13"
"50-59 years","Screven","235","6","22"
"60-69 years","Screven","224","6","24"
"70-79 years","Screven","130","10","24"
"80 & Older years","Screven","57","9","16"
"<1 years","Screven","14","0","0"
"Unknown years","Screven","1","0","0"
"01-04 years","Seminole","35","0","0"
"05-09 years","Seminole","62","0","0"
"10-17 years","Seminole","188","0","1"
"18-29 years","Seminole","276","0","5"
"30-39 years","Seminole","227","1","4"
"40-49 years","Seminole","202","0","11"
"50-59 years","Seminole","223","4","11"
"60-69 years","Seminole","223","6","33"
"70-79 years","Seminole","136","7","23"
"80 & Older years","Seminole","59","8","22"
"<1 years","Seminole","18","0","1"
"Unknown years","Seminole","2","0","0"
"01-04 years","Spalding","259","0","2"
"05-09 years","Spalding","362","0","1"
"10-17 years","Spalding","830","0","7"
"18-29 years","Spalding","1971","4","55"
"30-39 years","Spalding","1715","7","62"
"40-49 years","Spalding","1560","18","93"
"50-59 years","Spalding","1491","42","139"
"60-69 years","Spalding","1120","91","175"
"70-79 years","Spalding","710","102","158"
"80 & Older years","Spalding","391","95","110"
"<1 years","Spalding","88","0","3"
"Unknown years","Spalding","13","0","2"
"01-04 years","Stephens","83","0","3"
"05-09 years","Stephens","149","0","1"
"10-17 years","Stephens","512","0","3"
"18-29 years","Stephens","1099","1","28"
"30-39 years","Stephens","736","0","13"
"40-49 years","Stephens","847","1","30"
"50-59 years","Stephens","870","15","61"
"60-69 years","Stephens","796","37","99"
"70-79 years","Stephens","500","41","100"
"80 & Older years","Stephens","235","37","53"
"<1 years","Stephens","32","0","1"
"Unknown years","Stephens","52","0","0"
"01-04 years","Stewart","12","0","1"
"05-09 years","Stewart","24","0","0"
"10-17 years","Stewart","60","0","0"
"18-29 years","Stewart","699","0","24"
"30-39 years","Stewart","606","1","28"
"40-49 years","Stewart","382","2","25"
"50-59 years","Stewart","199","3","21"
"60-69 years","Stewart","109","16","34"
"70-79 years","Stewart","47","4","10"
"80 & Older years","Stewart","36","6","11"
"<1 years","Stewart","5","0","0"
"Unknown years","Stewart","11","0","0"
"01-04 years","Sumter","80","0","1"
"05-09 years","Sumter","137","0","0"
"10-17 years","Sumter","295","0","7"
"18-29 years","Sumter","754","2","26"
"30-39 years","Sumter","604","2","40"
"40-49 years","Sumter","539","12","42"
"50-59 years","Sumter","569","15","72"
"60-69 years","Sumter","453","36","102"
"70-79 years","Sumter","270","39","78"
"80 & Older years","Sumter","180","49","75"
"<1 years","Sumter","44","0","4"
"Unknown years","Sumter","1","0","0"
"01-04 years","Talbot","30","0","1"
"05-09 years","Talbot","40","0","0"
"10-17 years","Talbot","79","0","1"
"18-29 years","Talbot","158","0","5"
"30-39 years","Talbot","118","0","4"
"40-49 years","Talbot","136","3","6"
"50-59 years","Talbot","147","6","13"
"60-69 years","Talbot","124","8","28"
"70-79 years","Talbot","66","8","11"
"80 & Older years","Talbot","38","6","15"
"<1 years","Talbot","7","0","0"
"Unknown years","Talbot","2","0","0"
"01-04 years","Taliaferro","2","0","0"
"05-09 years","Taliaferro","2","0","0"
"10-17 years","Taliaferro","13","0","0"
"18-29 years","Taliaferro","30","0","2"
"30-39 years","Taliaferro","30","0","0"
"40-49 years","Taliaferro","32","0","3"
"50-59 years","Taliaferro","21","0","0"
"60-69 years","Taliaferro","30","1","4"
"70-79 years","Taliaferro","17","1","6"
"80 & Older years","Taliaferro","6","1","2"
"<1 years","Taliaferro","1","0","0"
"01-04 years","Tattnall","80","0","1"
"05-09 years","Tattnall","122","0","1"
"10-17 years","Tattnall","327","0","2"
"18-29 years","Tattnall","624","1","4"
"30-39 years","Tattnall","565","2","11"
"40-49 years","Tattnall","515","0","12"
"50-59 years","Tattnall","512","16","36"
"60-69 years","Tattnall","362","23","48"
"70-79 years","Tattnall","187","32","50"
"80 & Older years","Tattnall","71","8","16"
"<1 years","Tattnall","33","0","1"
"01-04 years","Taylor","31","0","2"
"05-09 years","Taylor","82","0","0"
"10-17 years","Taylor","121","0","1"
"18-29 years","Taylor","189","1","6"
"30-39 years","Taylor","148","1","5"
"40-49 years","Taylor","192","2","19"
"50-59 years","Taylor","139","4","24"
"60-69 years","Taylor","128","9","27"
"70-79 years","Taylor","68","11","20"
"80 & Older years","Taylor","43","12","13"
"<1 years","Taylor","10","0","0"
"01-04 years","Telfair","18","0","0"
"05-09 years","Telfair","32","0","0"
"10-17 years","Telfair","68","0","1"
"18-29 years","Telfair","251","0","4"
"30-39 years","Telfair","198","1","5"
"40-49 years","Telfair","196","2","8"
"50-59 years","Telfair","171","8","16"
"60-69 years","Telfair","155","12","25"
"70-79 years","Telfair","99","19","26"
"80 & Older years","Telfair","54","17","14"
"<1 years","Telfair","10","0","0"
"Unknown years","Telfair","2","0","0"
"01-04 years","Terrell","26","0","0"
"05-09 years","Terrell","42","0","0"
"10-17 years","Terrell","198","0","1"
"18-29 years","Terrell","171","0","9"
"30-39 years","Terrell","152","0","16"
"40-49 years","Terrell","136","1","15"
"50-59 years","Terrell","170","9","32"
"60-69 years","Terrell","148","14","46"
"70-79 years","Terrell","84","20","31"
"80 & Older years","Terrell","54","18","21"
"<1 years","Terrell","8","0","0"
"01-04 years","Thomas","285","1","2"
"05-09 years","Thomas","539","0","3"
"10-17 years","Thomas","1180","0","3"
"18-29 years","Thomas","1523","2","45"
"30-39 years","Thomas","1255","5","40"
"40-49 years","Thomas","1178","12","65"
"50-59 years","Thomas","1180","25","100"
"60-69 years","Thomas","857","31","158"
"70-79 years","Thomas","480","47","118"
"80 & Older years","Thomas","262","57","89"
"<1 years","Thomas","115","0","4"
"Unknown years","Thomas","6","0","0"
"01-04 years","Tift","154","0","8"
"05-09 years","Tift","234","0","5"
"10-17 years","Tift","565","0","10"
"18-29 years","Tift","1363","2","43"
"30-39 years","Tift","1015","4","50"
"40-49 years","Tift","910","11","79"
"50-59 years","Tift","794","20","96"
"60-69 years","Tift","597","29","111"
"70-79 years","Tift","364","46","113"
"80 & Older years","Tift","214","52","81"
"<1 years","Tift","73","0","4"
"Unknown years","Tift","2","0","0"
"01-04 years","Toombs","79","0","0"
"05-09 years","Toombs","144","0","0"
"10-17 years","Toombs","426","0","2"
"18-29 years","Toombs","1079","1","13"
"30-39 years","Toombs","847","2","10"
"40-49 years","Toombs","768","9","40"
"50-59 years","Toombs","762","19","40"
"60-69 years","Toombs","673","36","80"
"70-79 years","Toombs","417","49","57"
"80 & Older years","Toombs","237","56","45"
"<1 years","Toombs","29","0","0"
"01-04 years","Towns","18","0","0"
"05-09 years","Towns","30","0","1"
"10-17 years","Towns","94","0","2"
"18-29 years","Towns","269","0","5"
"30-39 years","Towns","179","1","5"
"40-49 years","Towns","219","3","7"
"50-59 years","Towns","328","9","30"
"60-69 years","Towns","387","13","33"
"70-79 years","Towns","296","21","57"
"80 & Older years","Towns","193","42","69"
"<1 years","Towns","6","0","0"
"Unknown years","Towns","32","0","0"
"01-04 years","Treutlen","17","0","0"
"05-09 years","Treutlen","35","0","1"
"10-17 years","Treutlen","96","0","1"
"18-29 years","Treutlen","214","0","3"
"30-39 years","Treutlen","197","0","6"
"40-49 years","Treutlen","174","5","7"
"50-59 years","Treutlen","164","3","11"
"60-69 years","Treutlen","112","7","16"
"70-79 years","Treutlen","82","18","14"
"80 & Older years","Treutlen","43","14","12"
"<1 years","Treutlen","2","0","0"
"Unknown years","Treutlen","1","0","0"
"01-04 years","Troup","335","0","3"
"05-09 years","Troup","490","0","1"
"10-17 years","Troup","1148","0","12"
"18-29 years","Troup","2555","3","44"
"30-39 years","Troup","1996","10","65"
"40-49 years","Troup","1639","13","77"
"50-59 years","Troup","1623","42","155"
"60-69 years","Troup","1155","67","147"
"70-79 years","Troup","630","73","132"
"80 & Older years","Troup","398","110","87"
"<1 years","Troup","124","0","3"
"Unknown years","Troup","4","0","0"
"01-04 years","Turner","20","0","0"
"05-09 years","Turner","28","0","2"
"10-17 years","Turner","54","0","2"
"18-29 years","Turner","195","0","6"
"30-39 years","Turner","206","0","17"
"40-49 years","Turner","191","1","11"
"50-59 years","Turner","163","2","19"
"60-69 years","Turner","131","11","36"
"70-79 years","Turner","71","15","20"
"80 & Older years","Turner","42","18","18"
"<1 years","Turner","14","0","1"
"01-04 years","Twiggs","24","0","1"
"05-09 years","Twiggs","22","0","1"
"10-17 years","Twiggs","72","0","1"
"18-29 years","Twiggs","149","0","3"
"30-39 years","Twiggs","137","1","5"
"40-49 years","Twiggs","140","2","13"
"50-59 years","Twiggs","191","4","30"
"60-69 years","Twiggs","174","13","48"
"70-79 years","Twiggs","96","18","37"
"80 & Older years","Twiggs","41","17","22"
"<1 years","Twiggs","4","0","0"
"01-04 years","Union","35","0","0"
"05-09 years","Union","75","0","0"
"10-17 years","Union","242","0","2"
"18-29 years","Union","537","1","7"
"30-39 years","Union","506","3","8"
"40-49 years","Union","478","2","24"
"50-59 years","Union","623","10","51"
"60-69 years","Union","749","22","87"
"70-79 years","Union","634","42","125"
"80 & Older years","Union","326","61","101"
"<1 years","Union","18","0","1"
"Unknown years","Union","89","0","0"
"01-04 years","Unknown","287","0","0"
"05-09 years","Unknown","457","0","0"
"10-17 years","Unknown","945","0","1"
"18-29 years","Unknown","2128","0","7"
"30-39 years","Unknown","1383","0","8"
"40-49 years","Unknown","1319","0","5"
"50-59 years","Unknown","1059","0","9"
"60-69 years","Unknown","608","2","16"
"70-79 years","Unknown","287","0","9"
"80 & Older years","Unknown","126","2","10"
"<1 years","Unknown","159","0","2"
"Unknown years","Unknown","133","0","5"
"01-04 years","Upson","119","0","1"
"05-09 years","Upson","182","0","0"
"10-17 years","Upson","419","1","5"
"18-29 years","Upson","770","0","17"
"30-39 years","Upson","590","2","12"
"40-49 years","Upson","560","3","29"
"50-59 years","Upson","555","17","54"
"60-69 years","Upson","464","41","78"
"70-79 years","Upson","315","55","84"
"80 & Older years","Upson","164","54","56"
"<1 years","Upson","54","0","3"
"Unknown years","Upson","4","0","0"
"01-04 years","Walker","266","0","3"
"05-09 years","Walker","494","0","2"
"10-17 years","Walker","1287","0","11"
"18-29 years","Walker","2548","0","33"
"30-39 years","Walker","2057","1","31"
"40-49 years","Walker","2182","12","71"
"50-59 years","Walker","1922","14","82"
"60-69 years","Walker","1471","42","125"
"70-79 years","Walker","913","61","128"
"80 & Older years","Walker","420","61","76"
"<1 years","Walker","104","0","6"
"Unknown years","Walker","94","0","4"
"01-04 years","Walton","300","0","14"
"05-09 years","Walton","488","0","12"
"10-17 years","Walton","1370","0","36"
"18-29 years","Walton","2823","3","154"
"30-39 years","Walton","2516","7","131"
"40-49 years","Walton","2532","13","176"
"50-59 years","Walton","2433","36","230"
"60-69 years","Walton","1610","64","264"
"70-79 years","Walton","1085","120","257"
"80 & Older years","Walton","614","147","189"
"<1 years","Walton","111","0","9"
"Unknown years","Walton","16","0","0"
"01-04 years","Ware","161","0","1"
"05-09 years","Ware","234","0","0"
"10-17 years","Ware","615","0","4"
"18-29 years","Ware","1101","2","19"
"30-39 years","Ware","916","3","41"
"40-49 years","Ware","839","5","61"
"50-59 years","Ware","753","35","138"
"60-69 years","Ware","576","42","128"
"70-79 years","Ware","412","57","147"
"80 & Older years","Ware","276","78","88"
"<1 years","Ware","59","0","2"
"01-04 years","Warren","10","0","0"
"05-09 years","Warren","14","0","1"
"10-17 years","Warren","46","0","1"
"18-29 years","Warren","130","0","3"
"30-39 years","Warren","102","0","6"
"40-49 years","Warren","92","3","9"
"50-59 years","Warren","97","3","11"
"60-69 years","Warren","72","3","12"
"70-79 years","Warren","53","7","17"
"80 & Older years","Warren","26","7","9"
"<1 years","Warren","7","0","1"
"Unknown years","Warren","4","0","0"
"01-04 years","Washington","107","0","0"
"05-09 years","Washington","156","0","0"
"10-17 years","Washington","383","1","5"
"18-29 years","Washington","549","0","8"
"30-39 years","Washington","496","2","15"
"40-49 years","Washington","466","6","16"
"50-59 years","Washington","417","10","20"
"60-69 years","Washington","352","18","39"
"70-79 years","Washington","175","14","30"
"80 & Older years","Washington","90","30","16"
"<1 years","Washington","39","0","0"
"Unknown years","Washington","1","0","0"
"01-04 years","Wayne","81","0","3"
"05-09 years","Wayne","160","0","1"
"10-17 years","Wayne","523","0","4"
"18-29 years","Wayne","977","1","17"
"30-39 years","Wayne","923","7","24"
"40-49 years","Wayne","929","12","63"
"50-59 years","Wayne","829","26","70"
"60-69 years","Wayne","622","45","115"
"70-79 years","Wayne","431","46","120"
"80 & Older years","Wayne","191","43","51"
"<1 years","Wayne","43","0","2"
"01-04 years","Webster","1","0","0"
"05-09 years","Webster","10","0","0"
"10-17 years","Webster","20","0","0"
"18-29 years","Webster","47","0","3"
"30-39 years","Webster","26","0","1"
"40-49 years","Webster","43","0","2"
"50-59 years","Webster","41","3","8"
"60-69 years","Webster","39","1","6"
"70-79 years","Webster","17","3","4"
"80 & Older years","Webster","6","1","2"
"<1 years","Webster","3","0","0"
"01-04 years","Wheeler","10","0","0"
"05-09 years","Wheeler","11","0","1"
"10-17 years","Wheeler","51","0","0"
"18-29 years","Wheeler","164","0","0"
"30-39 years","Wheeler","184","2","2"
"40-49 years","Wheeler","171","3","4"
"50-59 years","Wheeler","152","9","12"
"60-69 years","Wheeler","86","6","10"
"70-79 years","Wheeler","58","10","13"
"80 & Older years","Wheeler","17","5","2"
"<1 years","Wheeler","7","0","0"
"Unknown years","Wheeler","25","0","1"
"01-04 years","White","67","0","1"
"05-09 years","White","166","0","1"
"10-17 years","White","578","0","2"
"18-29 years","White","973","2","16"
"30-39 years","White","773","2","13"
"40-49 years","White","872","8","38"
"50-59 years","White","977","12","73"
"60-69 years","White","837","23","100"
"70-79 years","White","645","42","129"
"80 & Older years","White","346","54","101"
"<1 years","White","31","0","2"
"Unknown years","White","16","0","0"
"01-04 years","Whitfield","510","0","3"
"05-09 years","Whitfield","938","0","4"
"10-17 years","Whitfield","2825","0","14"
"18-29 years","Whitfield","6396","3","71"
"30-39 years","Whitfield","4382","7","89"
"40-49 years","Whitfield","4164","12","120"
"50-59 years","Whitfield","3714","59","189"
"60-69 years","Whitfield","2238","81","221"
"70-79 years","Whitfield","1264","100","207"
"80 & Older years","Whitfield","668","138","163"
"<1 years","Whitfield","216","0","5"
"Unknown years","Whitfield","2","0","0"
"01-04 years","Wilcox","29","0","1"
"05-09 years","Wilcox","34","0","1"
"10-17 years","Wilcox","67","0","0"
"18-29 years","Wilcox","112","0","2"
"30-39 years","Wilcox","100","0","3"
"40-49 years","Wilcox","116","0","12"
"50-59 years","Wilcox","125","2","20"
"60-69 years","Wilcox","132","11","31"
"70-79 years","Wilcox","75","12","14"
"80 & Older years","Wilcox","30","9","10"
"<1 years","Wilcox","9","0","1"
"01-04 years","Wilkes","15","0","0"
"05-09 years","Wilkes","34","0","0"
"10-17 years","Wilkes","94","0","1"
"18-29 years","Wilkes","205","1","7"
"30-39 years","Wilkes","147","0","7"
"40-49 years","Wilkes","175","1","20"
"50-59 years","Wilkes","156","5","16"
"60-69 years","Wilkes","141","7","31"
"70-79 years","Wilkes","91","10","31"
"80 & Older years","Wilkes","57","13","23"
"<1 years","Wilkes","10","0","1"
"Unknown years","Wilkes","1","0","0"
"01-04 years","Wilkinson","29","0","0"
"05-09 years","Wilkinson","50","0","0"
"10-17 years","Wilkinson","153","0","1"
"18-29 years","Wilkinson","275","0","4"
"30-39 years","Wilkinson","244","0","15"
"40-49 years","Wilkinson","236","0","11"
"50-59 years","Wilkinson","267","7","34"
"60-69 years","Wilkinson","223","18","53"
"70-79 years","Wilkinson","102","14","26"
"80 & Older years","Wilkinson","56","9","21"
"<1 years","Wilkinson","9","0","0"
"01-04 years","Worth","48","0","1"
"05-09 years","Worth","89","0","1"
"10-17 years","Worth","228","1","5"
"18-29 years","Worth","431","1","21"
"30-39 years","Worth","323","0","20"
"40-49 years","Worth","321","4","27"
"50-59 years","Worth","310","9","42"
"60-69 years","Worth","300","26","72"
"70-79 years","Worth","169","25","53"
"80 & Older years","Worth","104","28","37"
"<1 years","Worth","17","0","0"
"Unknown years","Worth","2","0","0"
