"age group","county name","cases","deaths","hospitalization"
"01-04 years","Georgia","5575","1","112"
"05-09 years","Georgia","8631","1","80"
"10-17 years","Georgia","31350","5","348"
"18-29 years","Georgia","114485","66","2487"
"30-39 years","Georgia","77325","149","3268"
"40-49 years","Georgia","74078","347","4722"
"50-59 years","Georgia","69146","854","6672"
"60-69 years","Georgia","46581","1823","7669"
"70-79 years","Georgia","27105","2533","6778"
"80 & Older years","Georgia","16734","3425","5342"
"<1 years","Georgia","1647","0","93"
"Unknown years","Georgia","3387","1","66"
"01-04 years","Appling","16","0","0"
"05-09 years","Appling","37","0","0"
"10-17 years","Appling","105","0","1"
"18-29 years","Appling","239","1","4"
"30-39 years","Appling","183","1","5"
"40-49 years","Appling","181","2","13"
"50-59 years","Appling","200","5","18"
"60-69 years","Appling","161","9","32"
"70-79 years","Appling","110","12","24"
"80 & Older years","Appling","47","11","17"
"<1 years","Appling","3","0","0"
"Unknown years","Appling","11","0","0"
"01-04 years","Atkinson","4","0","1"
"05-09 years","Atkinson","12","0","1"
"10-17 years","Atkinson","31","0","0"
"18-29 years","Atkinson","124","0","8"
"30-39 years","Atkinson","92","0","7"
"40-49 years","Atkinson","95","0","15"
"50-59 years","Atkinson","95","1","16"
"60-69 years","Atkinson","59","4","19"
"70-79 years","Atkinson","33","2","10"
"80 & Older years","Atkinson","9","2","6"
"<1 years","Atkinson","2","0","0"
"Unknown years","Atkinson","5","0","0"
"01-04 years","Bacon","11","0","0"
"05-09 years","Bacon","13","0","0"
"10-17 years","Bacon","46","0","0"
"18-29 years","Bacon","176","0","1"
"30-39 years","Bacon","91","0","4"
"40-49 years","Bacon","115","1","7"
"50-59 years","Bacon","106","2","13"
"60-69 years","Bacon","66","7","14"
"70-79 years","Bacon","40","4","8"
"80 & Older years","Bacon","22","6","6"
"<1 years","Bacon","4","0","0"
"Unknown years","Bacon","2","0","0"
"01-04 years","Baker","4","0","0"
"05-09 years","Baker","4","0","0"
"10-17 years","Baker","6","0","0"
"18-29 years","Baker","18","0","0"
"30-39 years","Baker","14","0","2"
"40-49 years","Baker","10","0","1"
"50-59 years","Baker","16","0","1"
"60-69 years","Baker","22","2","7"
"70-79 years","Baker","15","2","8"
"80 & Older years","Baker","6","2","3"
"01-04 years","Baldwin","18","0","0"
"05-09 years","Baldwin","34","0","0"
"10-17 years","Baldwin","108","0","2"
"18-29 years","Baldwin","1022","0","12"
"30-39 years","Baldwin","289","1","10"
"40-49 years","Baldwin","309","2","26"
"50-59 years","Baldwin","330","8","35"
"60-69 years","Baldwin","261","14","47"
"70-79 years","Baldwin","164","18","36"
"80 & Older years","Baldwin","100","28","29"
"<1 years","Baldwin","6","0","0"
"Unknown years","Baldwin","1","0","0"
"01-04 years","Banks","6","0","0"
"05-09 years","Banks","13","0","0"
"10-17 years","Banks","71","0","2"
"18-29 years","Banks","159","0","4"
"30-39 years","Banks","119","0","1"
"40-49 years","Banks","122","0","10"
"50-59 years","Banks","135","0","15"
"60-69 years","Banks","121","3","25"
"70-79 years","Banks","100","4","36"
"80 & Older years","Banks","56","5","19"
"<1 years","Banks","3","0","0"
"Unknown years","Banks","19","0","1"
"01-04 years","Barrow","39","0","0"
"05-09 years","Barrow","62","0","0"
"10-17 years","Barrow","256","0","2"
"18-29 years","Barrow","816","1","26"
"30-39 years","Barrow","651","0","28"
"40-49 years","Barrow","670","3","43"
"50-59 years","Barrow","562","2","58"
"60-69 years","Barrow","383","13","79"
"70-79 years","Barrow","210","15","52"
"80 & Older years","Barrow","121","26","46"
"<1 years","Barrow","15","0","2"
"Unknown years","Barrow","11","0","0"
"01-04 years","Bartow","48","0","1"
"05-09 years","Bartow","88","0","1"
"10-17 years","Bartow","441","0","2"
"18-29 years","Bartow","1023","0","11"
"30-39 years","Bartow","818","2","24"
"40-49 years","Bartow","848","0","45"
"50-59 years","Bartow","851","7","75"
"60-69 years","Bartow","509","16","83"
"70-79 years","Bartow","376","32","86"
"80 & Older years","Bartow","217","47","67"
"<1 years","Bartow","17","0","1"
"Unknown years","Bartow","33","0","5"
"01-04 years","Ben Hill","25","0","1"
"05-09 years","Ben Hill","17","0","0"
"10-17 years","Ben Hill","63","0","0"
"18-29 years","Ben Hill","173","0","4"
"30-39 years","Ben Hill","160","2","7"
"40-49 years","Ben Hill","134","0","7"
"50-59 years","Ben Hill","165","2","22"
"60-69 years","Ben Hill","150","9","21"
"70-79 years","Ben Hill","104","14","34"
"80 & Older years","Ben Hill","43","8","9"
"<1 years","Ben Hill","2","0","0"
"Unknown years","Ben Hill","24","0","0"
"01-04 years","Berrien","13","0","0"
"05-09 years","Berrien","13","0","0"
"10-17 years","Berrien","42","0","0"
"18-29 years","Berrien","125","0","0"
"30-39 years","Berrien","103","0","0"
"40-49 years","Berrien","96","0","2"
"50-59 years","Berrien","100","1","12"
"60-69 years","Berrien","74","4","6"
"70-79 years","Berrien","49","5","6"
"80 & Older years","Berrien","32","8","7"
"<1 years","Berrien","2","0","0"
"Unknown years","Berrien","7","0","0"
"01-04 years","Bibb","86","0","2"
"05-09 years","Bibb","120","0","0"
"10-17 years","Bibb","368","0","6"
"18-29 years","Bibb","1889","1","58"
"30-39 years","Bibb","1323","4","71"
"40-49 years","Bibb","1283","10","135"
"50-59 years","Bibb","1159","12","161"
"60-69 years","Bibb","930","48","254"
"70-79 years","Bibb","542","67","189"
"80 & Older years","Bibb","350","87","162"
"<1 years","Bibb","31","0","4"
"Unknown years","Bibb","10","0","0"
"01-04 years","Bleckley","2","0","0"
"05-09 years","Bleckley","6","0","0"
"10-17 years","Bleckley","40","0","0"
"18-29 years","Bleckley","148","0","3"
"30-39 years","Bleckley","61","0","1"
"40-49 years","Bleckley","75","1","1"
"50-59 years","Bleckley","76","2","3"
"60-69 years","Bleckley","57","7","9"
"70-79 years","Bleckley","48","3","10"
"80 & Older years","Bleckley","61","17","9"
"<1 years","Bleckley","1","0","0"
"Unknown years","Bleckley","3","0","0"
"01-04 years","Brantley","11","0","0"
"05-09 years","Brantley","7","0","0"
"10-17 years","Brantley","57","0","1"
"18-29 years","Brantley","112","0","1"
"30-39 years","Brantley","70","0","3"
"40-49 years","Brantley","88","1","5"
"50-59 years","Brantley","91","2","12"
"60-69 years","Brantley","76","3","8"
"70-79 years","Brantley","43","6","10"
"80 & Older years","Brantley","33","6","8"
"<1 years","Brantley","1","0","0"
"01-04 years","Brooks","14","0","0"
"05-09 years","Brooks","14","0","0"
"10-17 years","Brooks","66","0","0"
"18-29 years","Brooks","133","0","0"
"30-39 years","Brooks","98","0","2"
"40-49 years","Brooks","82","0","8"
"50-59 years","Brooks","97","2","14"
"60-69 years","Brooks","70","6","11"
"70-79 years","Brooks","60","9","16"
"80 & Older years","Brooks","39","9","7"
"<1 years","Brooks","3","0","0"
"Unknown years","Brooks","4","0","0"
"01-04 years","Bryan","27","0","0"
"05-09 years","Bryan","32","0","0"
"10-17 years","Bryan","118","0","1"
"18-29 years","Bryan","327","0","8"
"30-39 years","Bryan","273","1","7"
"40-49 years","Bryan","268","0","11"
"50-59 years","Bryan","221","3","20"
"60-69 years","Bryan","139","4","21"
"70-79 years","Bryan","89","5","27"
"80 & Older years","Bryan","49","3","13"
"<1 years","Bryan","5","0","0"
"Unknown years","Bryan","11","0","0"
"01-04 years","Bulloch","40","0","0"
"05-09 years","Bulloch","48","0","0"
"10-17 years","Bulloch","185","0","2"
"18-29 years","Bulloch","1749","0","7"
"30-39 years","Bulloch","384","2","18"
"40-49 years","Bulloch","314","2","21"
"50-59 years","Bulloch","306","1","23"
"60-69 years","Bulloch","203","12","33"
"70-79 years","Bulloch","106","10","26"
"80 & Older years","Bulloch","73","8","23"
"<1 years","Bulloch","15","0","2"
"Unknown years","Bulloch","27","0","0"
"01-04 years","Burke","14","0","0"
"05-09 years","Burke","28","0","0"
"10-17 years","Burke","74","0","1"
"18-29 years","Burke","214","0","6"
"30-39 years","Burke","166","0","6"
"40-49 years","Burke","167","1","10"
"50-59 years","Burke","168","1","26"
"60-69 years","Burke","122","4","27"
"70-79 years","Burke","76","3","19"
"80 & Older years","Burke","25","4","10"
"<1 years","Burke","4","0","0"
"Unknown years","Burke","1","0","0"
"01-04 years","Butts","8","0","0"
"05-09 years","Butts","12","0","0"
"10-17 years","Butts","54","0","1"
"18-29 years","Butts","174","0","4"
"30-39 years","Butts","163","0","7"
"40-49 years","Butts","158","2","10"
"50-59 years","Butts","156","3","15"
"60-69 years","Butts","127","7","18"
"70-79 years","Butts","84","12","12"
"80 & Older years","Butts","83","22","4"
"<1 years","Butts","3","0","0"
"01-04 years","Calhoun","2","0","0"
"10-17 years","Calhoun","12","0","0"
"18-29 years","Calhoun","45","0","5"
"30-39 years","Calhoun","44","2","5"
"40-49 years","Calhoun","67","1","8"
"50-59 years","Calhoun","59","2","11"
"60-69 years","Calhoun","50","2","16"
"70-79 years","Calhoun","17","2","5"
"80 & Older years","Calhoun","11","2","5"
"<1 years","Calhoun","1","0","0"
"01-04 years","Camden","29","0","0"
"05-09 years","Camden","22","0","0"
"10-17 years","Camden","120","0","0"
"18-29 years","Camden","503","0","4"
"30-39 years","Camden","308","0","12"
"40-49 years","Camden","251","1","10"
"50-59 years","Camden","309","1","14"
"60-69 years","Camden","208","5","17"
"70-79 years","Camden","113","0","14"
"80 & Older years","Camden","62","11","18"
"<1 years","Camden","7","0","1"
"Unknown years","Camden","10","0","0"
"01-04 years","Candler","8","0","0"
"05-09 years","Candler","9","0","0"
"10-17 years","Candler","46","0","0"
"18-29 years","Candler","104","0","0"
"30-39 years","Candler","79","0","2"
"40-49 years","Candler","96","2","1"
"50-59 years","Candler","103","5","8"
"60-69 years","Candler","76","7","13"
"70-79 years","Candler","44","10","15"
"80 & Older years","Candler","18","3","9"
"<1 years","Candler","3","0","0"
"Unknown years","Candler","1","0","0"
"01-04 years","Carroll","60","0","1"
"05-09 years","Carroll","75","0","1"
"10-17 years","Carroll","364","0","3"
"18-29 years","Carroll","1156","0","8"
"30-39 years","Carroll","664","4","16"
"40-49 years","Carroll","649","4","22"
"50-59 years","Carroll","669","10","46"
"60-69 years","Carroll","491","15","56"
"70-79 years","Carroll","276","25","48"
"80 & Older years","Carroll","184","32","32"
"<1 years","Carroll","20","0","0"
"Unknown years","Carroll","21","0","0"
"01-04 years","Catoosa","40","0","0"
"05-09 years","Catoosa","49","0","0"
"10-17 years","Catoosa","222","0","1"
"18-29 years","Catoosa","466","0","7"
"30-39 years","Catoosa","347","0","4"
"40-49 years","Catoosa","406","1","10"
"50-59 years","Catoosa","369","5","16"
"60-69 years","Catoosa","267","5","33"
"70-79 years","Catoosa","171","12","30"
"80 & Older years","Catoosa","111","11","20"
"<1 years","Catoosa","11","0","0"
"Unknown years","Catoosa","40","0","0"
"01-04 years","Charlton","9","0","0"
"05-09 years","Charlton","16","0","0"
"10-17 years","Charlton","32","0","0"
"18-29 years","Charlton","142","0","1"
"30-39 years","Charlton","161","0","4"
"40-49 years","Charlton","143","2","8"
"50-59 years","Charlton","106","0","3"
"60-69 years","Charlton","93","3","10"
"70-79 years","Charlton","33","4","9"
"80 & Older years","Charlton","14","2","8"
"<1 years","Charlton","2","0","0"
"Unknown years","Charlton","6","0","0"
"01-04 years","Chatham","186","0","1"
"05-09 years","Chatham","204","1","0"
"10-17 years","Chatham","694","0","11"
"18-29 years","Chatham","3104","2","40"
"30-39 years","Chatham","2043","4","84"
"40-49 years","Chatham","1542","8","98"
"50-59 years","Chatham","1465","23","158"
"60-69 years","Chatham","1116","42","206"
"70-79 years","Chatham","587","53","185"
"80 & Older years","Chatham","397","79","162"
"<1 years","Chatham","42","0","3"
"Unknown years","Chatham","77","0","2"
"01-04 years","Chattahoochee","3","0","0"
"05-09 years","Chattahoochee","3","0","0"
"10-17 years","Chattahoochee","96","0","1"
"18-29 years","Chattahoochee","1744","0","1"
"30-39 years","Chattahoochee","166","0","2"
"40-49 years","Chattahoochee","40","0","0"
"50-59 years","Chattahoochee","18","0","5"
"60-69 years","Chattahoochee","11","0","3"
"70-79 years","Chattahoochee","5","0","2"
"80 & Older years","Chattahoochee","4","1","3"
"<1 years","Chattahoochee","7","0","0"
"Unknown years","Chattahoochee","2","0","0"
"01-04 years","Chattooga","6","0","0"
"05-09 years","Chattooga","15","0","0"
"10-17 years","Chattooga","101","0","0"
"18-29 years","Chattooga","220","0","2"
"30-39 years","Chattooga","184","0","5"
"40-49 years","Chattooga","204","1","7"
"50-59 years","Chattooga","198","3","11"
"60-69 years","Chattooga","168","8","24"
"70-79 years","Chattooga","106","8","21"
"80 & Older years","Chattooga","78","16","18"
"<1 years","Chattooga","4","0","1"
"Unknown years","Chattooga","12","0","1"
"01-04 years","Cherokee","104","0","5"
"05-09 years","Cherokee","220","0","3"
"10-17 years","Cherokee","1087","0","5"
"18-29 years","Cherokee","2322","1","49"
"30-39 years","Cherokee","1496","1","70"
"40-49 years","Cherokee","1665","2","79"
"50-59 years","Cherokee","1680","9","115"
"60-69 years","Cherokee","896","17","114"
"70-79 years","Cherokee","542","28","124"
"80 & Older years","Cherokee","346","57","122"
"<1 years","Cherokee","25","0","1"
"Unknown years","Cherokee","38","0","0"
"01-04 years","Clarke","80","0","0"
"05-09 years","Clarke","98","0","1"
"10-17 years","Clarke","301","0","4"
"18-29 years","Clarke","4082","0","20"
"30-39 years","Clarke","866","1","26"
"40-49 years","Clarke","640","1","28"
"50-59 years","Clarke","596","5","41"
"60-69 years","Clarke","407","12","66"
"70-79 years","Clarke","218","22","69"
"80 & Older years","Clarke","124","16","35"
"<1 years","Clarke","20","0","1"
"Unknown years","Clarke","35","0","0"
"01-04 years","Clay","1","0","0"
"05-09 years","Clay","2","0","0"
"10-17 years","Clay","10","0","0"
"18-29 years","Clay","22","0","0"
"30-39 years","Clay","22","0","1"
"40-49 years","Clay","21","0","0"
"50-59 years","Clay","16","0","1"
"60-69 years","Clay","19","1","2"
"70-79 years","Clay","8","0","0"
"80 & Older years","Clay","11","2","5"
"01-04 years","Clayton","175","0","6"
"05-09 years","Clayton","246","0","4"
"10-17 years","Clayton","663","0","15"
"18-29 years","Clayton","2525","3","67"
"30-39 years","Clayton","2132","6","97"
"40-49 years","Clayton","1893","19","128"
"50-59 years","Clayton","1713","27","175"
"60-69 years","Clayton","1121","50","159"
"70-79 years","Clayton","490","42","102"
"80 & Older years","Clayton","258","55","62"
"<1 years","Clayton","36","0","1"
"Unknown years","Clayton","28","0","0"
"01-04 years","Clinch","9","0","0"
"05-09 years","Clinch","10","0","0"
"10-17 years","Clinch","59","0","0"
"18-29 years","Clinch","95","0","2"
"30-39 years","Clinch","72","1","4"
"40-49 years","Clinch","72","0","3"
"50-59 years","Clinch","66","0","10"
"60-69 years","Clinch","73","6","9"
"70-79 years","Clinch","32","6","10"
"80 & Older years","Clinch","13","1","2"
"<1 years","Clinch","1","0","0"
"Unknown years","Clinch","1","0","0"
"01-04 years","Cobb","312","1","10"
"05-09 years","Cobb","484","0","3"
"10-17 years","Cobb","1680","0","19"
"18-29 years","Cobb","8295","4","187"
"30-39 years","Cobb","5123","11","203"
"40-49 years","Cobb","4762","21","323"
"50-59 years","Cobb","4218","32","418"
"60-69 years","Cobb","2522","76","407"
"70-79 years","Cobb","1434","157","352"
"80 & Older years","Cobb","955","211","308"
"<1 years","Cobb","93","0","8"
"Unknown years","Cobb","416","0","2"
"01-04 years","Coffee","53","0","2"
"05-09 years","Coffee","61","0","3"
"10-17 years","Coffee","184","0","2"
"18-29 years","Coffee","561","0","15"
"30-39 years","Coffee","438","2","26"
"40-49 years","Coffee","472","2","58"
"50-59 years","Coffee","470","4","86"
"60-69 years","Coffee","388","18","92"
"70-79 years","Coffee","189","21","71"
"80 & Older years","Coffee","106","25","60"
"<1 years","Coffee","10","0","0"
"Unknown years","Coffee","32","0","0"
"01-04 years","Colquitt","31","0","0"
"05-09 years","Colquitt","61","0","1"
"10-17 years","Colquitt","211","0","4"
"18-29 years","Colquitt","534","0","16"
"30-39 years","Colquitt","379","0","16"
"40-49 years","Colquitt","377","4","32"
"50-59 years","Colquitt","324","10","29"
"60-69 years","Colquitt","238","11","31"
"70-79 years","Colquitt","129","6","31"
"80 & Older years","Colquitt","85","13","19"
"<1 years","Colquitt","10","0","0"
"Unknown years","Colquitt","5","0","0"
"01-04 years","Columbia","49","0","1"
"05-09 years","Columbia","118","0","0"
"10-17 years","Columbia","540","0","1"
"18-29 years","Columbia","1344","0","12"
"30-39 years","Columbia","1082","2","16"
"40-49 years","Columbia","1058","6","29"
"50-59 years","Columbia","900","11","48"
"60-69 years","Columbia","558","11","54"
"70-79 years","Columbia","295","22","43"
"80 & Older years","Columbia","165","29","44"
"<1 years","Columbia","17","0","1"
"Unknown years","Columbia","5","0","0"
"01-04 years","Cook","10","0","0"
"05-09 years","Cook","15","0","0"
"10-17 years","Cook","77","0","1"
"18-29 years","Cook","178","0","3"
"30-39 years","Cook","136","0","4"
"40-49 years","Cook","135","0","12"
"50-59 years","Cook","111","1","15"
"60-69 years","Cook","93","5","13"
"70-79 years","Cook","66","9","21"
"80 & Older years","Cook","28","4","8"
"<1 years","Cook","5","0","0"
"Unknown years","Cook","3","0","0"
"01-04 years","Coweta","49","0","0"
"05-09 years","Coweta","79","0","0"
"10-17 years","Coweta","283","0","0"
"18-29 years","Coweta","879","1","13"
"30-39 years","Coweta","622","0","18"
"40-49 years","Coweta","632","3","23"
"50-59 years","Coweta","722","7","39"
"60-69 years","Coweta","459","18","33"
"70-79 years","Coweta","265","16","37"
"80 & Older years","Coweta","156","27","25"
"<1 years","Coweta","13","0","0"
"Unknown years","Coweta","6","0","0"
"01-04 years","Crawford","1","0","0"
"05-09 years","Crawford","1","0","0"
"10-17 years","Crawford","13","0","0"
"18-29 years","Crawford","49","0","1"
"30-39 years","Crawford","39","0","3"
"40-49 years","Crawford","24","1","3"
"50-59 years","Crawford","63","1","8"
"60-69 years","Crawford","54","3","10"
"70-79 years","Crawford","13","2","4"
"80 & Older years","Crawford","12","0","2"
"01-04 years","Crisp","11","0","0"
"05-09 years","Crisp","12","0","0"
"10-17 years","Crisp","48","0","1"
"18-29 years","Crisp","139","0","7"
"30-39 years","Crisp","131","0","9"
"40-49 years","Crisp","114","1","10"
"50-59 years","Crisp","118","3","15"
"60-69 years","Crisp","120","8","22"
"70-79 years","Crisp","58","7","24"
"80 & Older years","Crisp","41","7","12"
"<1 years","Crisp","6","0","0"
"Unknown years","Crisp","22","0","0"
"01-04 years","Dade","4","0","0"
"05-09 years","Dade","14","0","0"
"10-17 years","Dade","51","0","0"
"18-29 years","Dade","114","0","1"
"30-39 years","Dade","71","0","1"
"40-49 years","Dade","92","0","5"
"50-59 years","Dade","91","1","6"
"60-69 years","Dade","63","0","3"
"70-79 years","Dade","49","5","12"
"80 & Older years","Dade","31","1","8"
"<1 years","Dade","5","0","0"
"Unknown years","Dade","9","0","1"
"01-04 years","Dawson","12","0","0"
"05-09 years","Dawson","21","0","0"
"10-17 years","Dawson","105","0","3"
"18-29 years","Dawson","286","0","8"
"30-39 years","Dawson","177","0","3"
"40-49 years","Dawson","174","0","15"
"50-59 years","Dawson","216","0","16"
"60-69 years","Dawson","177","1","38"
"70-79 years","Dawson","106","7","26"
"80 & Older years","Dawson","34","3","11"
"<1 years","Dawson","6","0","0"
"Unknown years","Dawson","17","0","2"
"01-04 years","DeKalb","371","0","12"
"05-09 years","DeKalb","528","0","6"
"10-17 years","DeKalb","1519","0","35"
"18-29 years","DeKalb","7173","7","254"
"30-39 years","DeKalb","6085","13","361"
"40-49 years","DeKalb","4800","21","393"
"50-59 years","DeKalb","4220","55","524"
"60-69 years","DeKalb","2609","93","531"
"70-79 years","DeKalb","1362","125","403"
"80 & Older years","DeKalb","789","147","267"
"<1 years","DeKalb","97","0","5"
"Unknown years","DeKalb","85","0","6"
"01-04 years","Decatur","32","0","1"
"05-09 years","Decatur","43","0","0"
"10-17 years","Decatur","130","0","0"
"18-29 years","Decatur","304","1","6"
"30-39 years","Decatur","226","1","7"
"40-49 years","Decatur","228","0","16"
"50-59 years","Decatur","185","4","22"
"60-69 years","Decatur","150","10","24"
"70-79 years","Decatur","87","15","17"
"80 & Older years","Decatur","82","10","16"
"<1 years","Decatur","6","0","0"
"01-04 years","Dodge","5","0","0"
"05-09 years","Dodge","13","0","0"
"10-17 years","Dodge","47","1","1"
"18-29 years","Dodge","121","0","0"
"30-39 years","Dodge","72","0","1"
"40-49 years","Dodge","124","1","10"
"50-59 years","Dodge","141","3","11"
"60-69 years","Dodge","117","9","23"
"70-79 years","Dodge","66","12","13"
"80 & Older years","Dodge","48","14","14"
"<1 years","Dodge","2","0","0"
"Unknown years","Dodge","2","0","0"
"01-04 years","Dooly","9","0","0"
"05-09 years","Dooly","3","0","0"
"10-17 years","Dooly","21","0","0"
"18-29 years","Dooly","68","0","5"
"30-39 years","Dooly","68","0","7"
"40-49 years","Dooly","80","0","7"
"50-59 years","Dooly","83","4","11"
"60-69 years","Dooly","81","9","17"
"70-79 years","Dooly","36","4","10"
"80 & Older years","Dooly","15","3","3"
"<1 years","Dooly","2","0","0"
"Unknown years","Dooly","4","0","0"
"01-04 years","Dougherty","24","0","3"
"05-09 years","Dougherty","44","0","0"
"10-17 years","Dougherty","135","0","3"
"18-29 years","Dougherty","621","2","56"
"30-39 years","Dougherty","519","3","55"
"40-49 years","Dougherty","569","12","88"
"50-59 years","Dougherty","631","18","119"
"60-69 years","Dougherty","543","49","170"
"70-79 years","Dougherty","325","50","130"
"80 & Older years","Dougherty","193","66","84"
"<1 years","Dougherty","14","0","1"
"Unknown years","Dougherty","9","0","0"
"01-04 years","Douglas","66","0","1"
"05-09 years","Douglas","111","0","3"
"10-17 years","Douglas","330","0","3"
"18-29 years","Douglas","1200","0","39"
"30-39 years","Douglas","947","3","44"
"40-49 years","Douglas","1061","4","82"
"50-59 years","Douglas","919","12","110"
"60-69 years","Douglas","518","17","111"
"70-79 years","Douglas","316","33","94"
"80 & Older years","Douglas","148","26","63"
"<1 years","Douglas","10","0","1"
"Unknown years","Douglas","73","0","0"
"01-04 years","Early","14","0","0"
"05-09 years","Early","14","0","0"
"10-17 years","Early","49","0","0"
"18-29 years","Early","105","0","4"
"30-39 years","Early","91","0","4"
"40-49 years","Early","114","1","8"
"50-59 years","Early","98","3","9"
"60-69 years","Early","80","11","11"
"70-79 years","Early","50","12","8"
"80 & Older years","Early","33","11","7"
"<1 years","Early","2","0","0"
"01-04 years","Echols","4","0","0"
"05-09 years","Echols","4","0","0"
"10-17 years","Echols","18","0","1"
"18-29 years","Echols","116","0","1"
"30-39 years","Echols","49","0","2"
"40-49 years","Echols","31","0","1"
"50-59 years","Echols","37","0","2"
"60-69 years","Echols","19","0","0"
"70-79 years","Echols","14","2","3"
"<1 years","Echols","1","0","0"
"Unknown years","Echols","2","0","0"
"01-04 years","Effingham","28","0","1"
"05-09 years","Effingham","47","0","0"
"10-17 years","Effingham","197","0","0"
"18-29 years","Effingham","438","0","3"
"30-39 years","Effingham","346","1","11"
"40-49 years","Effingham","364","0","18"
"50-59 years","Effingham","369","6","26"
"60-69 years","Effingham","221","3","32"
"70-79 years","Effingham","126","12","30"
"80 & Older years","Effingham","56","11","18"
"<1 years","Effingham","6","0","0"
"Unknown years","Effingham","11","0","1"
"01-04 years","Elbert","11","0","0"
"05-09 years","Elbert","19","0","0"
"10-17 years","Elbert","60","0","0"
"18-29 years","Elbert","179","0","0"
"30-39 years","Elbert","122","0","6"
"40-49 years","Elbert","137","0","8"
"50-59 years","Elbert","152","0","10"
"60-69 years","Elbert","120","1","16"
"70-79 years","Elbert","106","8","21"
"80 & Older years","Elbert","98","13","24"
"<1 years","Elbert","6","0","2"
"Unknown years","Elbert","3","0","0"
"01-04 years","Emanuel","16","0","1"
"05-09 years","Emanuel","16","0","0"
"10-17 years","Emanuel","132","0","2"
"18-29 years","Emanuel","226","1","0"
"30-39 years","Emanuel","183","0","7"
"40-49 years","Emanuel","217","1","7"
"50-59 years","Emanuel","194","4","20"
"60-69 years","Emanuel","168","7","20"
"70-79 years","Emanuel","102","15","23"
"80 & Older years","Emanuel","48","15","15"
"<1 years","Emanuel","4","0","0"
"Unknown years","Emanuel","7","0","1"
"01-04 years","Evans","7","0","0"
"05-09 years","Evans","13","0","0"
"10-17 years","Evans","53","0","0"
"18-29 years","Evans","108","1","3"
"30-39 years","Evans","95","0","3"
"40-49 years","Evans","81","0","8"
"50-59 years","Evans","83","1","13"
"60-69 years","Evans","47","2","12"
"70-79 years","Evans","30","3","9"
"80 & Older years","Evans","14","1","6"
"<1 years","Evans","2","0","0"
"Unknown years","Evans","1","0","0"
"01-04 years","Fannin","6","0","0"
"05-09 years","Fannin","15","0","0"
"10-17 years","Fannin","62","0","0"
"18-29 years","Fannin","163","0","2"
"30-39 years","Fannin","110","0","4"
"40-49 years","Fannin","143","0","6"
"50-59 years","Fannin","187","3","12"
"60-69 years","Fannin","193","4","19"
"70-79 years","Fannin","147","2","22"
"80 & Older years","Fannin","88","22","29"
"<1 years","Fannin","3","0","0"
"Unknown years","Fannin","8","0","0"
"01-04 years","Fayette","28","0","0"
"05-09 years","Fayette","41","0","1"
"10-17 years","Fayette","219","0","2"
"18-29 years","Fayette","647","0","5"
"30-39 years","Fayette","366","1","6"
"40-49 years","Fayette","504","1","18"
"50-59 years","Fayette","524","3","27"
"60-69 years","Fayette","398","11","29"
"70-79 years","Fayette","218","21","45"
"80 & Older years","Fayette","137","25","27"
"<1 years","Fayette","2","0","0"
"Unknown years","Fayette","19","0","0"
"01-04 years","Floyd","70","0","3"
"05-09 years","Floyd","120","0","0"
"10-17 years","Floyd","562","0","7"
"18-29 years","Floyd","1223","0","18"
"30-39 years","Floyd","884","2","33"
"40-49 years","Floyd","855","1","43"
"50-59 years","Floyd","776","14","84"
"60-69 years","Floyd","572","22","106"
"70-79 years","Floyd","388","22","110"
"80 & Older years","Floyd","216","31","70"
"<1 years","Floyd","24","0","1"
"Unknown years","Floyd","52","0","2"
"01-04 years","Forsyth","78","0","1"
"05-09 years","Forsyth","169","0","0"
"10-17 years","Forsyth","688","0","2"
"18-29 years","Forsyth","1620","0","31"
"30-39 years","Forsyth","1038","0","40"
"40-49 years","Forsyth","1270","3","67"
"50-59 years","Forsyth","1185","8","92"
"60-69 years","Forsyth","612","6","82"
"70-79 years","Forsyth","372","21","106"
"80 & Older years","Forsyth","225","30","78"
"<1 years","Forsyth","25","0","3"
"Unknown years","Forsyth","114","0","0"
"01-04 years","Franklin","7","0","0"
"05-09 years","Franklin","32","0","0"
"10-17 years","Franklin","110","0","4"
"18-29 years","Franklin","266","0","4"
"30-39 years","Franklin","182","0","2"
"40-49 years","Franklin","200","0","10"
"50-59 years","Franklin","201","0","16"
"60-69 years","Franklin","166","2","20"
"70-79 years","Franklin","86","9","17"
"80 & Older years","Franklin","50","10","16"
"<1 years","Franklin","4","0","1"
"Unknown years","Franklin","28","0","2"
"01-04 years","Fulton","426","0","14"
"05-09 years","Fulton","635","0","8"
"10-17 years","Fulton","2241","1","31"
"18-29 years","Fulton","12249","4","250"
"30-39 years","Fulton","8378","14","357"
"40-49 years","Fulton","6418","28","414"
"50-59 years","Fulton","5495","63","562"
"60-69 years","Fulton","3278","128","535"
"70-79 years","Fulton","1746","172","442"
"80 & Older years","Fulton","1339","297","431"
"<1 years","Fulton","118","0","5"
"Unknown years","Fulton","144","0","5"
"01-04 years","Gilmer","23","0","1"
"05-09 years","Gilmer","16","0","0"
"10-17 years","Gilmer","105","0","2"
"18-29 years","Gilmer","199","0","8"
"30-39 years","Gilmer","179","0","10"
"40-49 years","Gilmer","199","0","11"
"50-59 years","Gilmer","200","4","12"
"60-69 years","Gilmer","206","1","26"
"70-79 years","Gilmer","133","8","27"
"80 & Older years","Gilmer","81","16","25"
"<1 years","Gilmer","7","0","0"
"Unknown years","Gilmer","21","0","0"
"01-04 years","Glascock","1","0","0"
"05-09 years","Glascock","2","0","0"
"18-29 years","Glascock","12","0","0"
"30-39 years","Glascock","9","0","0"
"40-49 years","Glascock","11","0","0"
"50-59 years","Glascock","18","1","2"
"60-69 years","Glascock","9","0","0"
"70-79 years","Glascock","1","0","1"
"80 & Older years","Glascock","5","1","3"
"<1 years","Glascock","1","0","0"
"01-04 years","Glynn","58","0","1"
"05-09 years","Glynn","114","0","1"
"10-17 years","Glynn","291","0","0"
"18-29 years","Glynn","973","0","20"
"30-39 years","Glynn","715","2","23"
"40-49 years","Glynn","595","3","30"
"50-59 years","Glynn","577","9","60"
"60-69 years","Glynn","476","22","91"
"70-79 years","Glynn","299","33","64"
"80 & Older years","Glynn","194","49","72"
"<1 years","Glynn","15","0","0"
"Unknown years","Glynn","28","0","0"
"01-04 years","Gordon","47","0","0"
"05-09 years","Gordon","62","0","0"
"10-17 years","Gordon","292","0","2"
"18-29 years","Gordon","713","0","8"
"30-39 years","Gordon","543","1","17"
"40-49 years","Gordon","581","1","22"
"50-59 years","Gordon","543","6","26"
"60-69 years","Gordon","329","9","25"
"70-79 years","Gordon","200","16","43"
"80 & Older years","Gordon","125","22","35"
"<1 years","Gordon","11","0","1"
"Unknown years","Gordon","19","0","1"
"01-04 years","Grady","19","0","1"
"05-09 years","Grady","30","0","0"
"10-17 years","Grady","82","0","2"
"18-29 years","Grady","162","0","8"
"30-39 years","Grady","154","0","5"
"40-49 years","Grady","151","0","19"
"50-59 years","Grady","130","4","18"
"60-69 years","Grady","99","3","18"
"70-79 years","Grady","91","8","26"
"80 & Older years","Grady","38","12","14"
"<1 years","Grady","3","0","1"
"Unknown years","Grady","3","0","0"
"01-04 years","Greene","9","0","0"
"05-09 years","Greene","21","0","0"
"10-17 years","Greene","44","0","0"
"18-29 years","Greene","154","0","5"
"30-39 years","Greene","104","0","5"
"40-49 years","Greene","91","3","8"
"50-59 years","Greene","93","3","8"
"60-69 years","Greene","94","2","9"
"70-79 years","Greene","67","5","13"
"80 & Older years","Greene","40","13","18"
"<1 years","Greene","2","0","1"
"Unknown years","Greene","1","0","0"
"01-04 years","Gwinnett","625","0","14"
"05-09 years","Gwinnett","932","0","11"
"10-17 years","Gwinnett","3041","1","46"
"18-29 years","Gwinnett","10288","2","384"
"30-39 years","Gwinnett","7315","13","415"
"40-49 years","Gwinnett","7776","35","551"
"50-59 years","Gwinnett","6263","60","582"
"60-69 years","Gwinnett","3396","102","556"
"70-79 years","Gwinnett","1504","112","403"
"80 & Older years","Gwinnett","927","202","382"
"<1 years","Gwinnett","152","0","4"
"Unknown years","Gwinnett","82","0","0"
"01-04 years","Habersham","16","0","1"
"05-09 years","Habersham","31","0","3"
"10-17 years","Habersham","165","1","5"
"18-29 years","Habersham","550","0","8"
"30-39 years","Habersham","379","2","22"
"40-49 years","Habersham","404","1","27"
"50-59 years","Habersham","430","4","38"
"60-69 years","Habersham","318","9","75"
"70-79 years","Habersham","225","19","64"
"80 & Older years","Habersham","181","46","57"
"<1 years","Habersham","6","0","3"
"Unknown years","Habersham","51","0","2"
"01-04 years","Hall","102","0","3"
"05-09 years","Hall","230","0","2"
"10-17 years","Hall","994","0","15"
"18-29 years","Hall","3248","3","113"
"30-39 years","Hall","2130","1","114"
"40-49 years","Hall","2219","7","180"
"50-59 years","Hall","2259","17","249"
"60-69 years","Hall","1416","38","239"
"70-79 years","Hall","864","46","228"
"80 & Older years","Hall","519","88","214"
"<1 years","Hall","22","0","5"
"Unknown years","Hall","294","0","9"
"01-04 years","Hancock","3","0","0"
"05-09 years","Hancock","3","0","0"
"10-17 years","Hancock","17","0","0"
"18-29 years","Hancock","71","0","2"
"30-39 years","Hancock","67","0","2"
"40-49 years","Hancock","78","1","4"
"50-59 years","Hancock","88","3","11"
"60-69 years","Hancock","101","13","20"
"70-79 years","Hancock","57","12","16"
"80 & Older years","Hancock","42","17","16"
"<1 years","Hancock","1","0","0"
"01-04 years","Haralson","11","0","0"
"05-09 years","Haralson","23","0","0"
"10-17 years","Haralson","98","0","1"
"18-29 years","Haralson","214","0","2"
"30-39 years","Haralson","148","0","2"
"40-49 years","Haralson","138","1","4"
"50-59 years","Haralson","149","0","2"
"60-69 years","Haralson","120","7","16"
"70-79 years","Haralson","83","9","14"
"80 & Older years","Haralson","41","4","3"
"<1 years","Haralson","5","0","0"
"Unknown years","Haralson","1","0","0"
"01-04 years","Harris","13","0","0"
"05-09 years","Harris","12","0","0"
"10-17 years","Harris","92","0","2"
"18-29 years","Harris","158","0","2"
"30-39 years","Harris","116","0","5"
"40-49 years","Harris","174","2","7"
"50-59 years","Harris","191","4","17"
"60-69 years","Harris","169","10","38"
"70-79 years","Harris","84","8","24"
"80 & Older years","Harris","29","4","6"
"<1 years","Harris","2","0","0"
"Unknown years","Harris","4","0","0"
"01-04 years","Hart","8","0","0"
"05-09 years","Hart","12","0","1"
"10-17 years","Hart","51","0","0"
"18-29 years","Hart","153","0","0"
"30-39 years","Hart","116","0","5"
"40-49 years","Hart","121","0","7"
"50-59 years","Hart","161","1","14"
"60-69 years","Hart","121","8","25"
"70-79 years","Hart","68","4","14"
"80 & Older years","Hart","54","7","22"
"<1 years","Hart","3","0","1"
"Unknown years","Hart","8","0","0"
"01-04 years","Heard","6","0","0"
"05-09 years","Heard","9","0","0"
"10-17 years","Heard","43","0","1"
"18-29 years","Heard","63","0","0"
"30-39 years","Heard","35","0","1"
"40-49 years","Heard","62","0","2"
"50-59 years","Heard","55","0","3"
"60-69 years","Heard","46","2","6"
"70-79 years","Heard","31","4","10"
"80 & Older years","Heard","9","2","1"
"<1 years","Heard","1","0","0"
"Unknown years","Heard","2","0","0"
"01-04 years","Henry","85","0","2"
"05-09 years","Henry","153","0","1"
"10-17 years","Henry","571","0","4"
"18-29 years","Henry","1887","1","22"
"30-39 years","Henry","1521","3","32"
"40-49 years","Henry","1688","7","63"
"50-59 years","Henry","1547","12","84"
"60-69 years","Henry","788","27","55"
"70-79 years","Henry","415","39","53"
"80 & Older years","Henry","238","47","37"
"<1 years","Henry","19","0","2"
"Unknown years","Henry","16","0","0"
"01-04 years","Houston","45","0","1"
"05-09 years","Houston","76","0","1"
"10-17 years","Houston","268","0","3"
"18-29 years","Houston","1072","3","24"
"30-39 years","Houston","895","1","41"
"40-49 years","Houston","850","2","65"
"50-59 years","Houston","731","9","76"
"60-69 years","Houston","481","26","90"
"70-79 years","Houston","269","36","89"
"80 & Older years","Houston","127","27","50"
"<1 years","Houston","11","0","1"
"Unknown years","Houston","3","0","0"
"01-04 years","Irwin","4","0","0"
"05-09 years","Irwin","8","0","0"
"10-17 years","Irwin","42","0","0"
"18-29 years","Irwin","72","0","3"
"30-39 years","Irwin","66","0","4"
"40-49 years","Irwin","79","0","4"
"50-59 years","Irwin","69","1","6"
"60-69 years","Irwin","58","1","13"
"70-79 years","Irwin","30","3","4"
"80 & Older years","Irwin","24","6","11"
"<1 years","Irwin","1","0","0"
"Unknown years","Irwin","2","0","0"
"01-04 years","Jackson","26","0","0"
"05-09 years","Jackson","75","0","1"
"10-17 years","Jackson","361","0","1"
"18-29 years","Jackson","747","0","11"
"30-39 years","Jackson","587","1","15"
"40-49 years","Jackson","629","1","40"
"50-59 years","Jackson","624","4","40"
"60-69 years","Jackson","360","6","40"
"70-79 years","Jackson","272","16","64"
"80 & Older years","Jackson","150","26","62"
"<1 years","Jackson","8","0","2"
"Unknown years","Jackson","25","0","1"
"01-04 years","Jasper","1","0","0"
"05-09 years","Jasper","5","0","0"
"10-17 years","Jasper","13","0","0"
"18-29 years","Jasper","63","0","1"
"30-39 years","Jasper","51","0","0"
"40-49 years","Jasper","48","0","1"
"50-59 years","Jasper","69","0","8"
"60-69 years","Jasper","45","3","9"
"70-79 years","Jasper","25","2","4"
"80 & Older years","Jasper","7","0","0"
"<1 years","Jasper","2","0","0"
"Unknown years","Jasper","1","0","0"
"01-04 years","Jeff Davis","22","0","1"
"05-09 years","Jeff Davis","22","0","0"
"10-17 years","Jeff Davis","70","0","2"
"18-29 years","Jeff Davis","178","0","3"
"30-39 years","Jeff Davis","148","0","8"
"40-49 years","Jeff Davis","141","0","11"
"50-59 years","Jeff Davis","127","5","12"
"60-69 years","Jeff Davis","89","6","20"
"70-79 years","Jeff Davis","57","12","16"
"80 & Older years","Jeff Davis","15","7","6"
"<1 years","Jeff Davis","2","0","1"
"Unknown years","Jeff Davis","3","0","0"
"01-04 years","Jefferson","16","0","0"
"05-09 years","Jefferson","25","0","0"
"10-17 years","Jefferson","64","0","0"
"18-29 years","Jefferson","174","0","3"
"30-39 years","Jefferson","127","0","6"
"40-49 years","Jefferson","137","3","9"
"50-59 years","Jefferson","175","2","17"
"60-69 years","Jefferson","145","7","22"
"70-79 years","Jefferson","103","13","24"
"80 & Older years","Jefferson","47","13","21"
"<1 years","Jefferson","4","0","0"
"Unknown years","Jefferson","6","0","0"
"01-04 years","Jenkins","6","0","0"
"05-09 years","Jenkins","12","0","0"
"10-17 years","Jenkins","40","0","0"
"18-29 years","Jenkins","80","0","2"
"30-39 years","Jenkins","49","1","4"
"40-49 years","Jenkins","75","2","8"
"50-59 years","Jenkins","81","6","14"
"60-69 years","Jenkins","64","5","11"
"70-79 years","Jenkins","41","12","20"
"80 & Older years","Jenkins","44","8","10"
"<1 years","Jenkins","2","0","0"
"01-04 years","Johnson","5","0","0"
"05-09 years","Johnson","5","0","0"
"10-17 years","Johnson","17","0","0"
"18-29 years","Johnson","80","0","2"
"30-39 years","Johnson","52","0","3"
"40-49 years","Johnson","59","1","6"
"50-59 years","Johnson","80","1","13"
"60-69 years","Johnson","77","7","16"
"70-79 years","Johnson","55","6","17"
"80 & Older years","Johnson","56","14","15"
"01-04 years","Jones","4","0","0"
"05-09 years","Jones","10","0","0"
"10-17 years","Jones","36","0","0"
"18-29 years","Jones","214","0","5"
"30-39 years","Jones","129","0","4"
"40-49 years","Jones","123","1","5"
"50-59 years","Jones","136","1","12"
"60-69 years","Jones","87","1","14"
"70-79 years","Jones","52","7","17"
"80 & Older years","Jones","45","13","8"
"<1 years","Jones","1","0","0"
"01-04 years","Lamar","14","0","0"
"05-09 years","Lamar","27","0","0"
"10-17 years","Lamar","54","0","1"
"18-29 years","Lamar","97","0","1"
"30-39 years","Lamar","81","0","2"
"40-49 years","Lamar","83","1","2"
"50-59 years","Lamar","94","1","13"
"60-69 years","Lamar","83","3","12"
"70-79 years","Lamar","60","6","11"
"80 & Older years","Lamar","35","13","13"
"<1 years","Lamar","5","0","0"
"Unknown years","Lamar","10","0","0"
"01-04 years","Lanier","5","0","0"
"05-09 years","Lanier","8","0","1"
"10-17 years","Lanier","25","0","1"
"18-29 years","Lanier","77","1","0"
"30-39 years","Lanier","88","0","1"
"40-49 years","Lanier","50","1","1"
"50-59 years","Lanier","48","0","3"
"60-69 years","Lanier","28","1","2"
"70-79 years","Lanier","15","4","4"
"80 & Older years","Lanier","10","0","4"
"<1 years","Lanier","3","0","0"
"01-04 years","Laurens","16","0","0"
"05-09 years","Laurens","20","0","0"
"10-17 years","Laurens","153","0","2"
"18-29 years","Laurens","420","0","6"
"30-39 years","Laurens","335","1","10"
"40-49 years","Laurens","345","3","18"
"50-59 years","Laurens","386","6","38"
"60-69 years","Laurens","322","25","57"
"70-79 years","Laurens","223","36","50"
"80 & Older years","Laurens","158","41","40"
"<1 years","Laurens","5","0","0"
"Unknown years","Laurens","7","0","0"
"01-04 years","Lee","7","0","0"
"05-09 years","Lee","12","0","2"
"10-17 years","Lee","64","0","1"
"18-29 years","Lee","151","1","7"
"30-39 years","Lee","172","1","14"
"40-49 years","Lee","165","3","18"
"50-59 years","Lee","150","6","26"
"60-69 years","Lee","101","7","17"
"70-79 years","Lee","48","9","18"
"80 & Older years","Lee","22","5","10"
"<1 years","Lee","3","0","0"
"01-04 years","Liberty","15","0","0"
"05-09 years","Liberty","28","0","1"
"10-17 years","Liberty","104","0","1"
"18-29 years","Liberty","412","1","11"
"30-39 years","Liberty","285","0","10"
"40-49 years","Liberty","256","0","11"
"50-59 years","Liberty","216","4","27"
"60-69 years","Liberty","171","9","30"
"70-79 years","Liberty","73","9","26"
"80 & Older years","Liberty","41","7","16"
"<1 years","Liberty","13","0","1"
"Unknown years","Liberty","7","0","0"
"01-04 years","Lincoln","4","0","0"
"05-09 years","Lincoln","8","0","0"
"10-17 years","Lincoln","16","0","0"
"18-29 years","Lincoln","60","0","2"
"30-39 years","Lincoln","37","0","1"
"40-49 years","Lincoln","50","0","5"
"50-59 years","Lincoln","36","0","3"
"60-69 years","Lincoln","42","3","11"
"70-79 years","Lincoln","30","1","8"
"80 & Older years","Lincoln","13","5","6"
"<1 years","Lincoln","2","0","0"
"Unknown years","Lincoln","1","0","0"
"01-04 years","Long","11","0","0"
"05-09 years","Long","5","0","0"
"10-17 years","Long","23","0","0"
"18-29 years","Long","65","0","0"
"30-39 years","Long","82","0","0"
"40-49 years","Long","46","0","4"
"50-59 years","Long","47","1","6"
"60-69 years","Long","39","1","3"
"70-79 years","Long","20","3","6"
"80 & Older years","Long","6","0","3"
"<1 years","Long","3","0","0"
"Unknown years","Long","6","0","0"
"01-04 years","Lowndes","90","0","0"
"05-09 years","Lowndes","127","0","0"
"10-17 years","Lowndes","447","0","5"
"18-29 years","Lowndes","1783","3","23"
"30-39 years","Lowndes","874","0","14"
"40-49 years","Lowndes","758","1","34"
"50-59 years","Lowndes","646","6","41"
"60-69 years","Lowndes","450","19","50"
"70-79 years","Lowndes","241","31","39"
"80 & Older years","Lowndes","146","37","42"
"<1 years","Lowndes","20","0","0"
"Unknown years","Lowndes","41","0","0"
"01-04 years","Lumpkin","8","0","0"
"05-09 years","Lumpkin","18","0","0"
"10-17 years","Lumpkin","74","0","2"
"18-29 years","Lumpkin","396","0","7"
"30-39 years","Lumpkin","177","0","5"
"40-49 years","Lumpkin","164","0","11"
"50-59 years","Lumpkin","201","2","21"
"60-69 years","Lumpkin","211","6","30"
"70-79 years","Lumpkin","143","5","34"
"80 & Older years","Lumpkin","61","6","28"
"<1 years","Lumpkin","5","0","1"
"Unknown years","Lumpkin","25","0","0"
"01-04 years","Macon","7","0","0"
"05-09 years","Macon","6","0","0"
"10-17 years","Macon","12","0","0"
"18-29 years","Macon","50","0","3"
"30-39 years","Macon","41","0","3"
"40-49 years","Macon","56","1","6"
"50-59 years","Macon","69","3","10"
"60-69 years","Macon","39","5","18"
"70-79 years","Macon","35","2","12"
"80 & Older years","Macon","12","4","6"
"<1 years","Macon","1","0","0"
"Unknown years","Macon","1","0","0"
"01-04 years","Madison","16","0","0"
"05-09 years","Madison","24","0","0"
"10-17 years","Madison","116","0","0"
"18-29 years","Madison","224","0","1"
"30-39 years","Madison","192","0","5"
"40-49 years","Madison","196","0","10"
"50-59 years","Madison","222","1","18"
"60-69 years","Madison","146","4","21"
"70-79 years","Madison","71","7","21"
"80 & Older years","Madison","25","3","3"
"<1 years","Madison","9","0","2"
"Unknown years","Madison","6","0","0"
"01-04 years","Marion","3","0","0"
"05-09 years","Marion","4","0","0"
"10-17 years","Marion","16","0","0"
"18-29 years","Marion","38","0","0"
"30-39 years","Marion","23","0","2"
"40-49 years","Marion","37","1","5"
"50-59 years","Marion","36","3","5"
"60-69 years","Marion","28","3","3"
"70-79 years","Marion","19","1","3"
"80 & Older years","Marion","18","2","6"
"<1 years","Marion","1","0","0"
"01-04 years","McDuffie","8","0","0"
"05-09 years","McDuffie","10","0","0"
"10-17 years","McDuffie","51","0","0"
"18-29 years","McDuffie","179","0","3"
"30-39 years","McDuffie","130","2","3"
"40-49 years","McDuffie","140","2","11"
"50-59 years","McDuffie","147","2","18"
"60-69 years","McDuffie","109","4","17"
"70-79 years","McDuffie","71","7","29"
"80 & Older years","McDuffie","25","4","13"
"Unknown years","McDuffie","3","0","0"
"05-09 years","McIntosh","4","0","0"
"10-17 years","McIntosh","23","0","0"
"18-29 years","McIntosh","71","0","2"
"30-39 years","McIntosh","58","0","3"
"40-49 years","McIntosh","58","0","3"
"50-59 years","McIntosh","79","0","2"
"60-69 years","McIntosh","51","2","13"
"70-79 years","McIntosh","41","3","11"
"80 & Older years","McIntosh","13","2","3"
"<1 years","McIntosh","1","0","0"
"Unknown years","McIntosh","8","0","0"
"01-04 years","Meriwether","13","0","1"
"05-09 years","Meriwether","13","0","1"
"10-17 years","Meriwether","28","0","0"
"18-29 years","Meriwether","110","0","4"
"30-39 years","Meriwether","98","2","11"
"40-49 years","Meriwether","136","1","12"
"50-59 years","Meriwether","102","1","13"
"60-69 years","Meriwether","91","3","16"
"70-79 years","Meriwether","61","5","20"
"80 & Older years","Meriwether","36","7","9"
"<1 years","Meriwether","2","0","0"
"Unknown years","Meriwether","2","0","0"
"01-04 years","Miller","4","0","0"
"05-09 years","Miller","3","0","0"
"10-17 years","Miller","34","0","1"
"18-29 years","Miller","68","0","0"
"30-39 years","Miller","62","0","0"
"40-49 years","Miller","50","0","4"
"50-59 years","Miller","79","0","10"
"60-69 years","Miller","45","2","3"
"70-79 years","Miller","15","0","1"
"80 & Older years","Miller","12","0","4"
"<1 years","Miller","3","0","0"
"01-04 years","Mitchell","9","0","0"
"05-09 years","Mitchell","15","0","0"
"10-17 years","Mitchell","50","0","1"
"18-29 years","Mitchell","148","0","6"
"30-39 years","Mitchell","142","1","12"
"40-49 years","Mitchell","148","2","14"
"50-59 years","Mitchell","175","7","44"
"60-69 years","Mitchell","138","12","39"
"70-79 years","Mitchell","82","8","26"
"80 & Older years","Mitchell","58","19","21"
"<1 years","Mitchell","2","0","0"
"Unknown years","Mitchell","5","0","1"
"01-04 years","Monroe","5","0","0"
"05-09 years","Monroe","8","0","1"
"10-17 years","Monroe","51","0","0"
"18-29 years","Monroe","175","0","3"
"30-39 years","Monroe","119","0","4"
"40-49 years","Monroe","151","1","13"
"50-59 years","Monroe","171","3","15"
"60-69 years","Monroe","164","9","28"
"70-79 years","Monroe","96","14","24"
"80 & Older years","Monroe","88","32","20"
"<1 years","Monroe","3","0","1"
"01-04 years","Montgomery","6","0","0"
"05-09 years","Montgomery","3","0","0"
"10-17 years","Montgomery","24","0","1"
"18-29 years","Montgomery","99","0","0"
"30-39 years","Montgomery","65","1","3"
"40-49 years","Montgomery","79","0","2"
"50-59 years","Montgomery","60","1","5"
"60-69 years","Montgomery","47","3","10"
"70-79 years","Montgomery","23","2","5"
"80 & Older years","Montgomery","10","2","2"
"<1 years","Montgomery","1","0","0"
"01-04 years","Morgan","14","0","0"
"05-09 years","Morgan","9","0","0"
"10-17 years","Morgan","48","0","0"
"18-29 years","Morgan","130","0","2"
"30-39 years","Morgan","84","0","5"
"40-49 years","Morgan","93","0","3"
"50-59 years","Morgan","112","0","9"
"60-69 years","Morgan","80","1","7"
"70-79 years","Morgan","34","1","10"
"80 & Older years","Morgan","31","5","12"
"<1 years","Morgan","6","0","0"
"Unknown years","Morgan","1","0","0"
"01-04 years","Murray","29","0","2"
"05-09 years","Murray","35","0","1"
"10-17 years","Murray","192","0","1"
"18-29 years","Murray","453","0","4"
"30-39 years","Murray","294","0","4"
"40-49 years","Murray","360","0","16"
"50-59 years","Murray","314","3","23"
"60-69 years","Murray","213","2","28"
"70-79 years","Murray","138","13","28"
"80 & Older years","Murray","71","13","13"
"<1 years","Murray","12","0","2"
"Unknown years","Murray","2","0","0"
"01-04 years","Muscogee","119","0","5"
"05-09 years","Muscogee","166","0","0"
"10-17 years","Muscogee","416","0","3"
"18-29 years","Muscogee","1933","3","42"
"30-39 years","Muscogee","1224","2","63"
"40-49 years","Muscogee","1063","3","70"
"50-59 years","Muscogee","1059","26","148"
"60-69 years","Muscogee","817","46","184"
"70-79 years","Muscogee","441","54","128"
"80 & Older years","Muscogee","256","61","110"
"<1 years","Muscogee","47","0","2"
"Unknown years","Muscogee","55","0","0"
"01-04 years","Newton","43","0","2"
"05-09 years","Newton","55","0","0"
"10-17 years","Newton","218","0","3"
"18-29 years","Newton","766","1","22"
"30-39 years","Newton","625","0","38"
"40-49 years","Newton","726","1","66"
"50-59 years","Newton","661","7","80"
"60-69 years","Newton","351","18","63"
"70-79 years","Newton","249","29","54"
"80 & Older years","Newton","191","52","50"
"<1 years","Newton","15","0","1"
"Unknown years","Newton","7","0","0"
"01-04 years","Non-GA Resident/Unknown State","204","0","2"
"05-09 years","Non-GA Resident/Unknown State","332","0","4"
"10-17 years","Non-GA Resident/Unknown State","1155","0","7"
"18-29 years","Non-GA Resident/Unknown State","4764","4","51"
"30-39 years","Non-GA Resident/Unknown State","3112","3","61"
"40-49 years","Non-GA Resident/Unknown State","2687","8","64"
"50-59 years","Non-GA Resident/Unknown State","2506","22","133"
"60-69 years","Non-GA Resident/Unknown State","1708","59","175"
"70-79 years","Non-GA Resident/Unknown State","1050","61","167"
"80 & Older years","Non-GA Resident/Unknown State","618","69","120"
"<1 years","Non-GA Resident/Unknown State","103","0","2"
"Unknown years","Non-GA Resident/Unknown State","612","1","3"
"01-04 years","Oconee","10","0","0"
"05-09 years","Oconee","20","0","0"
"10-17 years","Oconee","92","0","0"
"18-29 years","Oconee","297","0","3"
"30-39 years","Oconee","142","0","2"
"40-49 years","Oconee","195","0","10"
"50-59 years","Oconee","178","2","6"
"60-69 years","Oconee","124","9","19"
"70-79 years","Oconee","81","9","18"
"80 & Older years","Oconee","64","15","28"
"<1 years","Oconee","4","0","0"
"01-04 years","Oglethorpe","9","0","0"
"05-09 years","Oglethorpe","13","0","0"
"10-17 years","Oglethorpe","50","0","0"
"18-29 years","Oglethorpe","100","0","1"
"30-39 years","Oglethorpe","63","0","0"
"40-49 years","Oglethorpe","87","0","4"
"50-59 years","Oglethorpe","76","1","13"
"60-69 years","Oglethorpe","74","0","10"
"70-79 years","Oglethorpe","52","3","10"
"80 & Older years","Oglethorpe","41","9","12"
"<1 years","Oglethorpe","5","0","0"
"Unknown years","Oglethorpe","1","0","0"
"01-04 years","Paulding","58","0","1"
"05-09 years","Paulding","104","0","0"
"10-17 years","Paulding","400","0","5"
"18-29 years","Paulding","975","0","12"
"30-39 years","Paulding","730","1","19"
"40-49 years","Paulding","823","3","16"
"50-59 years","Paulding","777","10","36"
"60-69 years","Paulding","414","15","38"
"70-79 years","Paulding","243","22","44"
"80 & Older years","Paulding","160","36","20"
"<1 years","Paulding","12","0","0"
"Unknown years","Paulding","29","0","0"
"01-04 years","Peach","10","0","1"
"05-09 years","Peach","13","0","0"
"10-17 years","Peach","35","0","0"
"18-29 years","Peach","224","1","7"
"30-39 years","Peach","183","0","11"
"40-49 years","Peach","137","2","10"
"50-59 years","Peach","172","4","26"
"60-69 years","Peach","149","7","31"
"70-79 years","Peach","64","6","18"
"80 & Older years","Peach","37","9","16"
"<1 years","Peach","4","0","0"
"Unknown years","Peach","2","0","0"
"01-04 years","Pickens","16","0","1"
"05-09 years","Pickens","21","0","0"
"10-17 years","Pickens","66","0","0"
"18-29 years","Pickens","198","0","5"
"30-39 years","Pickens","157","0","6"
"40-49 years","Pickens","208","0","10"
"50-59 years","Pickens","210","0","13"
"60-69 years","Pickens","171","0","17"
"70-79 years","Pickens","113","7","25"
"80 & Older years","Pickens","47","7","15"
"<1 years","Pickens","1","0","0"
"Unknown years","Pickens","5","0","0"
"01-04 years","Pierce","6","0","0"
"05-09 years","Pierce","16","0","0"
"10-17 years","Pierce","56","1","1"
"18-29 years","Pierce","150","0","4"
"30-39 years","Pierce","94","0","3"
"40-49 years","Pierce","129","0","11"
"50-59 years","Pierce","116","3","13"
"60-69 years","Pierce","95","8","28"
"70-79 years","Pierce","68","6","21"
"80 & Older years","Pierce","37","9","10"
"<1 years","Pierce","4","0","1"
"Unknown years","Pierce","4","0","0"
"01-04 years","Pike","14","0","0"
"05-09 years","Pike","10","0","0"
"10-17 years","Pike","51","0","0"
"18-29 years","Pike","78","0","3"
"30-39 years","Pike","67","0","2"
"40-49 years","Pike","97","1","6"
"50-59 years","Pike","78","2","6"
"60-69 years","Pike","61","1","12"
"70-79 years","Pike","49","5","13"
"80 & Older years","Pike","13","3","4"
"<1 years","Pike","1","0","0"
"Unknown years","Pike","1","0","0"
"01-04 years","Polk","26","0","1"
"05-09 years","Polk","40","0","0"
"10-17 years","Polk","189","0","1"
"18-29 years","Polk","472","0","5"
"30-39 years","Polk","326","0","6"
"40-49 years","Polk","340","1","25"
"50-59 years","Polk","327","6","44"
"60-69 years","Polk","176","9","43"
"70-79 years","Polk","168","11","44"
"80 & Older years","Polk","79","10","28"
"<1 years","Polk","5","0","0"
"Unknown years","Polk","19","0","0"
"05-09 years","Pulaski","5","0","0"
"10-17 years","Pulaski","24","0","1"
"18-29 years","Pulaski","48","0","1"
"30-39 years","Pulaski","57","0","2"
"40-49 years","Pulaski","56","0","6"
"50-59 years","Pulaski","69","0","6"
"60-69 years","Pulaski","66","5","8"
"70-79 years","Pulaski","39","11","14"
"80 & Older years","Pulaski","34","9","4"
"<1 years","Pulaski","1","0","0"
"Unknown years","Pulaski","2","0","0"
"01-04 years","Putnam","11","0","0"
"05-09 years","Putnam","32","0","0"
"10-17 years","Putnam","57","0","1"
"18-29 years","Putnam","176","0","2"
"30-39 years","Putnam","119","0","5"
"40-49 years","Putnam","133","1","3"
"50-59 years","Putnam","159","2","11"
"60-69 years","Putnam","140","8","19"
"70-79 years","Putnam","103","9","24"
"80 & Older years","Putnam","53","10","17"
"<1 years","Putnam","6","0","1"
"01-04 years","Quitman","1","0","0"
"10-17 years","Quitman","2","0","0"
"18-29 years","Quitman","6","0","0"
"30-39 years","Quitman","4","0","1"
"40-49 years","Quitman","3","0","1"
"50-59 years","Quitman","8","0","0"
"60-69 years","Quitman","18","1","3"
"70-79 years","Quitman","2","0","1"
"80 & Older years","Quitman","2","0","1"
"01-04 years","Rabun","8","0","0"
"05-09 years","Rabun","8","0","0"
"10-17 years","Rabun","55","0","0"
"18-29 years","Rabun","127","0","5"
"30-39 years","Rabun","107","1","6"
"40-49 years","Rabun","93","0","5"
"50-59 years","Rabun","109","0","13"
"60-69 years","Rabun","125","2","21"
"70-79 years","Rabun","79","5","21"
"80 & Older years","Rabun","39","6","16"
"<1 years","Rabun","3","0","1"
"Unknown years","Rabun","18","0","1"
"05-09 years","Randolph","2","0","0"
"10-17 years","Randolph","4","0","0"
"18-29 years","Randolph","42","0","0"
"30-39 years","Randolph","52","2","3"
"40-49 years","Randolph","37","0","3"
"50-59 years","Randolph","75","3","15"
"60-69 years","Randolph","54","7","14"
"70-79 years","Randolph","32","3","10"
"80 & Older years","Randolph","46","15","16"
"<1 years","Randolph","1","0","0"
"Unknown years","Randolph","2","0","0"
"01-04 years","Richmond","116","0","0"
"05-09 years","Richmond","247","0","3"
"10-17 years","Richmond","699","0","5"
"18-29 years","Richmond","2579","3","39"
"30-39 years","Richmond","1883","3","53"
"40-49 years","Richmond","1589","15","79"
"50-59 years","Richmond","1564","18","132"
"60-69 years","Richmond","1084","35","138"
"70-79 years","Richmond","619","43","162"
"80 & Older years","Richmond","414","86","181"
"<1 years","Richmond","50","0","2"
"Unknown years","Richmond","34","0","0"
"01-04 years","Rockdale","34","0","0"
"05-09 years","Rockdale","62","0","0"
"10-17 years","Rockdale","171","0","5"
"18-29 years","Rockdale","610","2","36"
"30-39 years","Rockdale","483","2","50"
"40-49 years","Rockdale","552","4","64"
"50-59 years","Rockdale","537","5","80"
"60-69 years","Rockdale","312","12","78"
"70-79 years","Rockdale","166","19","67"
"80 & Older years","Rockdale","81","14","34"
"<1 years","Rockdale","4","0","0"
"Unknown years","Rockdale","1","0","0"
"01-04 years","Schley","4","0","0"
"05-09 years","Schley","3","0","0"
"10-17 years","Schley","11","0","0"
"18-29 years","Schley","34","0","2"
"30-39 years","Schley","12","0","0"
"40-49 years","Schley","19","0","2"
"50-59 years","Schley","24","0","3"
"60-69 years","Schley","20","1","7"
"70-79 years","Schley","8","0","2"
"80 & Older years","Schley","3","1","1"
"<1 years","Schley","1","0","0"
"Unknown years","Schley","1","0","0"
"01-04 years","Screven","2","0","0"
"05-09 years","Screven","8","0","0"
"10-17 years","Screven","41","0","0"
"18-29 years","Screven","90","0","3"
"30-39 years","Screven","61","0","2"
"40-49 years","Screven","65","1","4"
"50-59 years","Screven","62","0","9"
"60-69 years","Screven","80","1","12"
"70-79 years","Screven","41","3","11"
"80 & Older years","Screven","30","6","8"
"<1 years","Screven","2","0","0"
"Unknown years","Screven","4","0","1"
"01-04 years","Seminole","11","0","0"
"05-09 years","Seminole","10","0","0"
"10-17 years","Seminole","43","0","0"
"18-29 years","Seminole","72","0","0"
"30-39 years","Seminole","57","0","0"
"40-49 years","Seminole","73","0","4"
"50-59 years","Seminole","84","1","6"
"60-69 years","Seminole","86","1","13"
"70-79 years","Seminole","50","5","10"
"80 & Older years","Seminole","20","5","9"
"<1 years","Seminole","2","0","0"
"01-04 years","Spalding","30","0","0"
"05-09 years","Spalding","27","0","1"
"10-17 years","Spalding","105","0","2"
"18-29 years","Spalding","375","1","17"
"30-39 years","Spalding","324","2","21"
"40-49 years","Spalding","325","2","26"
"50-59 years","Spalding","347","6","50"
"60-69 years","Spalding","284","14","48"
"70-79 years","Spalding","182","24","47"
"80 & Older years","Spalding","148","31","38"
"<1 years","Spalding","3","0","0"
"Unknown years","Spalding","2","0","0"
"01-04 years","Stephens","10","0","0"
"05-09 years","Stephens","25","0","0"
"10-17 years","Stephens","100","0","1"
"18-29 years","Stephens","315","0","10"
"30-39 years","Stephens","185","0","6"
"40-49 years","Stephens","256","1","20"
"50-59 years","Stephens","278","3","23"
"60-69 years","Stephens","279","13","43"
"70-79 years","Stephens","195","14","36"
"80 & Older years","Stephens","119","16","25"
"<1 years","Stephens","2","0","0"
"Unknown years","Stephens","10","0","0"
"01-04 years","Stewart","2","0","0"
"05-09 years","Stewart","2","0","0"
"10-17 years","Stewart","9","0","0"
"18-29 years","Stewart","123","0","20"
"30-39 years","Stewart","167","1","25"
"40-49 years","Stewart","116","1","22"
"50-59 years","Stewart","63","1","11"
"60-69 years","Stewart","53","8","23"
"70-79 years","Stewart","21","2","3"
"80 & Older years","Stewart","18","4","5"
"<1 years","Stewart","1","0","0"
"Unknown years","Stewart","14","0","4"
"01-04 years","Sumter","12","0","0"
"05-09 years","Sumter","18","0","0"
"10-17 years","Sumter","35","0","2"
"18-29 years","Sumter","201","1","8"
"30-39 years","Sumter","169","1","17"
"40-49 years","Sumter","149","3","18"
"50-59 years","Sumter","180","2","37"
"60-69 years","Sumter","177","20","57"
"70-79 years","Sumter","121","20","39"
"80 & Older years","Sumter","77","22","37"
"<1 years","Sumter","5","0","0"
"Unknown years","Sumter","1","0","0"
"01-04 years","Talbot","4","0","0"
"05-09 years","Talbot","1","0","0"
"10-17 years","Talbot","19","0","0"
"18-29 years","Talbot","28","0","1"
"30-39 years","Talbot","19","0","1"
"40-49 years","Talbot","43","1","4"
"50-59 years","Talbot","35","1","5"
"60-69 years","Talbot","32","2","9"
"70-79 years","Talbot","20","2","3"
"80 & Older years","Talbot","15","2","8"
"Unknown years","Talbot","1","0","0"
"05-09 years","Taliaferro","1","0","0"
"10-17 years","Taliaferro","2","0","0"
"18-29 years","Taliaferro","4","0","0"
"30-39 years","Taliaferro","4","0","0"
"40-49 years","Taliaferro","12","0","1"
"50-59 years","Taliaferro","7","0","0"
"60-69 years","Taliaferro","5","0","0"
"70-79 years","Taliaferro","5","0","0"
"80 & Older years","Taliaferro","1","0","1"
"01-04 years","Tattnall","21","0","0"
"05-09 years","Tattnall","29","0","0"
"10-17 years","Tattnall","94","0","0"
"18-29 years","Tattnall","223","0","1"
"30-39 years","Tattnall","157","0","3"
"40-49 years","Tattnall","174","0","6"
"50-59 years","Tattnall","174","3","17"
"60-69 years","Tattnall","133","6","20"
"70-79 years","Tattnall","63","8","25"
"80 & Older years","Tattnall","25","4","7"
"<1 years","Tattnall","4","0","0"
"Unknown years","Tattnall","6","0","1"
"01-04 years","Taylor","10","0","0"
"05-09 years","Taylor","8","0","0"
"10-17 years","Taylor","36","0","1"
"18-29 years","Taylor","53","0","0"
"30-39 years","Taylor","26","0","3"
"40-49 years","Taylor","52","1","4"
"50-59 years","Taylor","41","0","7"
"60-69 years","Taylor","28","5","10"
"70-79 years","Taylor","26","2","8"
"80 & Older years","Taylor","18","5","5"
"<1 years","Taylor","3","0","0"
"01-04 years","Telfair","6","0","0"
"05-09 years","Telfair","8","0","0"
"10-17 years","Telfair","10","0","0"
"18-29 years","Telfair","111","0","2"
"30-39 years","Telfair","71","0","1"
"40-49 years","Telfair","80","0","5"
"50-59 years","Telfair","75","4","9"
"60-69 years","Telfair","85","6","15"
"70-79 years","Telfair","58","9","16"
"80 & Older years","Telfair","32","11","7"
"<1 years","Telfair","3","0","0"
"01-04 years","Terrell","4","0","0"
"05-09 years","Terrell","3","0","0"
"10-17 years","Terrell","20","0","0"
"18-29 years","Terrell","48","0","1"
"30-39 years","Terrell","58","0","8"
"40-49 years","Terrell","46","0","7"
"50-59 years","Terrell","65","3","8"
"60-69 years","Terrell","71","9","25"
"70-79 years","Terrell","48","12","22"
"80 & Older years","Terrell","33","9","10"
"01-04 years","Thomas","28","0","0"
"05-09 years","Thomas","41","0","0"
"10-17 years","Thomas","130","0","1"
"18-29 years","Thomas","337","1","12"
"30-39 years","Thomas","291","0","11"
"40-49 years","Thomas","291","4","19"
"50-59 years","Thomas","297","4","22"
"60-69 years","Thomas","257","9","53"
"70-79 years","Thomas","159","26","38"
"80 & Older years","Thomas","94","34","32"
"<1 years","Thomas","8","0","1"
"Unknown years","Thomas","1","0","0"
"01-04 years","Tift","20","0","0"
"05-09 years","Tift","43","0","3"
"10-17 years","Tift","187","0","5"
"18-29 years","Tift","633","0","12"
"30-39 years","Tift","410","1","20"
"40-49 years","Tift","402","6","41"
"50-59 years","Tift","353","9","50"
"60-69 years","Tift","250","13","49"
"70-79 years","Tift","174","21","56"
"80 & Older years","Tift","83","19","39"
"<1 years","Tift","9","0","0"
"Unknown years","Tift","27","0","0"
"01-04 years","Toombs","19","0","0"
"05-09 years","Toombs","38","0","0"
"10-17 years","Toombs","136","0","1"
"18-29 years","Toombs","346","0","5"
"30-39 years","Toombs","267","0","2"
"40-49 years","Toombs","270","1","18"
"50-59 years","Toombs","241","6","17"
"60-69 years","Toombs","195","4","34"
"70-79 years","Toombs","142","23","32"
"80 & Older years","Toombs","97","27","22"
"<1 years","Toombs","1","0","0"
"Unknown years","Toombs","4","0","0"
"01-04 years","Towns","1","0","0"
"05-09 years","Towns","5","0","0"
"10-17 years","Towns","26","0","0"
"18-29 years","Towns","91","0","2"
"30-39 years","Towns","53","0","2"
"40-49 years","Towns","63","1","5"
"50-59 years","Towns","94","1","9"
"60-69 years","Towns","122","1","10"
"70-79 years","Towns","98","6","22"
"80 & Older years","Towns","69","14","28"
"Unknown years","Towns","3","0","0"
"01-04 years","Treutlen","2","0","0"
"05-09 years","Treutlen","8","0","0"
"10-17 years","Treutlen","25","0","0"
"18-29 years","Treutlen","55","0","2"
"30-39 years","Treutlen","50","0","3"
"40-49 years","Treutlen","59","0","5"
"50-59 years","Treutlen","54","1","5"
"60-69 years","Treutlen","36","3","9"
"70-79 years","Treutlen","31","7","6"
"80 & Older years","Treutlen","20","3","5"
"01-04 years","Troup","88","0","0"
"05-09 years","Troup","107","0","0"
"10-17 years","Troup","282","0","2"
"18-29 years","Troup","765","0","24"
"30-39 years","Troup","571","5","37"
"40-49 years","Troup","487","2","43"
"50-59 years","Troup","507","12","82"
"60-69 years","Troup","363","17","77"
"70-79 years","Troup","176","29","66"
"80 & Older years","Troup","162","54","49"
"<1 years","Troup","28","0","1"
"Unknown years","Troup","3","0","0"
"05-09 years","Turner","4","0","0"
"10-17 years","Turner","15","0","0"
"18-29 years","Turner","54","0","1"
"30-39 years","Turner","76","0","6"
"40-49 years","Turner","67","0","4"
"50-59 years","Turner","73","2","8"
"60-69 years","Turner","55","6","18"
"70-79 years","Turner","34","5","10"
"80 & Older years","Turner","25","11","8"
"<1 years","Turner","1","0","1"
"01-04 years","Twiggs","6","0","0"
"05-09 years","Twiggs","4","0","1"
"10-17 years","Twiggs","14","0","0"
"18-29 years","Twiggs","37","0","1"
"30-39 years","Twiggs","38","1","4"
"40-49 years","Twiggs","37","1","7"
"50-59 years","Twiggs","50","2","9"
"60-69 years","Twiggs","56","3","20"
"70-79 years","Twiggs","28","4","12"
"80 & Older years","Twiggs","10","4","7"
"01-04 years","Union","5","0","0"
"05-09 years","Union","12","0","0"
"10-17 years","Union","42","0","1"
"18-29 years","Union","145","1","1"
"30-39 years","Union","127","0","2"
"40-49 years","Union","142","0","11"
"50-59 years","Union","179","5","12"
"60-69 years","Union","207","4","29"
"70-79 years","Union","189","12","33"
"80 & Older years","Union","138","17","31"
"<1 years","Union","1","0","0"
"Unknown years","Union","6","0","0"
"01-04 years","Unknown","13","0","0"
"05-09 years","Unknown","49","0","0"
"10-17 years","Unknown","178","0","0"
"18-29 years","Unknown","701","0","3"
"30-39 years","Unknown","365","1","3"
"40-49 years","Unknown","353","0","1"
"50-59 years","Unknown","288","1","6"
"60-69 years","Unknown","182","0","5"
"70-79 years","Unknown","118","0","9"
"80 & Older years","Unknown","53","0","7"
"<1 years","Unknown","22","0","0"
"Unknown years","Unknown","159","0","3"
"01-04 years","Upson","20","0","0"
"05-09 years","Upson","23","0","0"
"10-17 years","Upson","59","0","1"
"18-29 years","Upson","153","0","5"
"30-39 years","Upson","102","1","4"
"40-49 years","Upson","125","1","8"
"50-59 years","Upson","164","4","16"
"60-69 years","Upson","148","15","23"
"70-79 years","Upson","101","24","27"
"80 & Older years","Upson","76","26","23"
"<1 years","Upson","8","0","0"
"Unknown years","Upson","7","0","0"
"01-04 years","Walker","34","0","0"
"05-09 years","Walker","63","0","0"
"10-17 years","Walker","257","0","2"
"18-29 years","Walker","536","0","5"
"30-39 years","Walker","417","0","8"
"40-49 years","Walker","482","3","17"
"50-59 years","Walker","428","1","22"
"60-69 years","Walker","376","10","39"
"70-79 years","Walker","241","21","26"
"80 & Older years","Walker","135","18","18"
"<1 years","Walker","16","0","0"
"Unknown years","Walker","59","0","3"
"01-04 years","Walton","31","0","0"
"05-09 years","Walton","62","0","1"
"10-17 years","Walton","269","0","2"
"18-29 years","Walton","634","0","18"
"30-39 years","Walton","496","0","17"
"40-49 years","Walton","547","1","35"
"50-59 years","Walton","557","5","44"
"60-69 years","Walton","381","11","48"
"70-79 years","Walton","272","23","62"
"80 & Older years","Walton","200","41","54"
"<1 years","Walton","9","0","1"
"Unknown years","Walton","4","0","0"
"01-04 years","Ware","42","0","1"
"05-09 years","Ware","44","0","0"
"10-17 years","Ware","159","0","2"
"18-29 years","Ware","393","1","5"
"30-39 years","Ware","308","0","14"
"40-49 years","Ware","246","2","22"
"50-59 years","Ware","276","6","40"
"60-69 years","Ware","202","8","42"
"70-79 years","Ware","172","27","62"
"80 & Older years","Ware","116","28","34"
"<1 years","Ware","10","0","0"
"Unknown years","Ware","5","0","1"
"01-04 years","Warren","4","0","0"
"05-09 years","Warren","1","0","0"
"10-17 years","Warren","10","0","0"
"18-29 years","Warren","32","0","2"
"30-39 years","Warren","30","0","2"
"40-49 years","Warren","29","1","4"
"50-59 years","Warren","39","1","6"
"60-69 years","Warren","25","2","6"
"70-79 years","Warren","18","1","7"
"80 & Older years","Warren","9","1","2"
"<1 years","Warren","2","0","1"
"Unknown years","Warren","2","0","0"
"01-04 years","Washington","13","0","0"
"05-09 years","Washington","12","0","0"
"10-17 years","Washington","74","0","1"
"18-29 years","Washington","176","0","5"
"30-39 years","Washington","160","0","8"
"40-49 years","Washington","186","2","9"
"50-59 years","Washington","150","1","12"
"60-69 years","Washington","136","7","14"
"70-79 years","Washington","82","4","12"
"80 & Older years","Washington","53","10","7"
"<1 years","Washington","7","0","0"
"Unknown years","Washington","5","0","0"
"01-04 years","Wayne","21","0","0"
"05-09 years","Wayne","9","0","0"
"10-17 years","Wayne","73","0","0"
"18-29 years","Wayne","258","1","6"
"30-39 years","Wayne","267","0","4"
"40-49 years","Wayne","295","1","23"
"50-59 years","Wayne","244","4","17"
"60-69 years","Wayne","170","10","40"
"70-79 years","Wayne","159","16","45"
"80 & Older years","Wayne","74","13","14"
"<1 years","Wayne","2","0","0"
"Unknown years","Wayne","2","0","0"
"18-29 years","Webster","10","0","1"
"30-39 years","Webster","3","0","0"
"40-49 years","Webster","7","0","2"
"50-59 years","Webster","10","2","4"
"60-69 years","Webster","10","0","3"
"70-79 years","Webster","4","0","0"
"Unknown years","Webster","2","0","0"
"05-09 years","Wheeler","2","0","0"
"10-17 years","Wheeler","12","0","0"
"18-29 years","Wheeler","38","0","0"
"30-39 years","Wheeler","60","2","2"
"40-49 years","Wheeler","70","1","3"
"50-59 years","Wheeler","77","5","5"
"60-69 years","Wheeler","48","3","5"
"70-79 years","Wheeler","34","4","7"
"80 & Older years","Wheeler","8","3","1"
"<1 years","Wheeler","1","0","0"
"Unknown years","Wheeler","24","0","1"
"01-04 years","White","9","0","0"
"05-09 years","White","26","0","0"
"10-17 years","White","128","0","1"
"18-29 years","White","249","1","5"
"30-39 years","White","185","1","6"
"40-49 years","White","206","1","9"
"50-59 years","White","243","2","28"
"60-69 years","White","230","3","34"
"70-79 years","White","179","5","39"
"80 & Older years","White","95","15","35"
"<1 years","White","5","0","0"
"Unknown years","White","16","0","1"
"01-04 years","Whitfield","121","0","2"
"05-09 years","Whitfield","224","0","3"
"10-17 years","Whitfield","799","0","2"
"18-29 years","Whitfield","2244","0","32"
"30-39 years","Whitfield","1421","1","39"
"40-49 years","Whitfield","1488","3","53"
"50-59 years","Whitfield","1273","14","69"
"60-69 years","Whitfield","758","20","86"
"70-79 years","Whitfield","416","22","79"
"80 & Older years","Whitfield","236","38","69"
"<1 years","Whitfield","49","0","4"
"Unknown years","Whitfield","14","0","2"
"01-04 years","Wilcox","9","0","0"
"05-09 years","Wilcox","6","0","0"
"10-17 years","Wilcox","16","0","0"
"18-29 years","Wilcox","21","0","0"
"30-39 years","Wilcox","28","0","1"
"40-49 years","Wilcox","56","0","12"
"50-59 years","Wilcox","53","1","10"
"60-69 years","Wilcox","69","8","21"
"70-79 years","Wilcox","40","9","9"
"80 & Older years","Wilcox","20","7","5"
"<1 years","Wilcox","2","0","0"
"01-04 years","Wilkes","5","0","0"
"05-09 years","Wilkes","8","0","0"
"10-17 years","Wilkes","33","0","0"
"18-29 years","Wilkes","74","0","0"
"30-39 years","Wilkes","51","0","4"
"40-49 years","Wilkes","69","0","8"
"50-59 years","Wilkes","65","1","3"
"60-69 years","Wilkes","41","0","9"
"70-79 years","Wilkes","38","3","14"
"80 & Older years","Wilkes","16","4","10"
"<1 years","Wilkes","1","0","0"
"01-04 years","Wilkinson","4","0","0"
"05-09 years","Wilkinson","8","0","0"
"10-17 years","Wilkinson","14","0","0"
"18-29 years","Wilkinson","75","0","3"
"30-39 years","Wilkinson","50","0","5"
"40-49 years","Wilkinson","50","0","4"
"50-59 years","Wilkinson","98","3","19"
"60-69 years","Wilkinson","92","5","24"
"70-79 years","Wilkinson","35","6","16"
"80 & Older years","Wilkinson","25","4","12"
"01-04 years","Worth","8","0","0"
"05-09 years","Worth","6","0","0"
"10-17 years","Worth","42","0","3"
"18-29 years","Worth","118","0","6"
"30-39 years","Worth","86","0","7"
"40-49 years","Worth","96","1","10"
"50-59 years","Worth","117","4","20"
"60-69 years","Worth","118","14","36"
"70-79 years","Worth","72","9","18"
"80 & Older years","Worth","51","8","14"
"<1 years","Worth","3","0","0"
"Unknown years","Worth","1","0","0"
