"ethnicity","race","sex","cases","deaths","hospitalization"
"Hispanic/ Latino","African-American/ Black","Female","128","0","6"
"Hispanic/ Latino","African-American/ Black","Male","28","1","0"
"Hispanic/ Latino","American Indian/ Alaska Native","Female","2","0","0"
"Hispanic/ Latino","Asian","Female","16","0","1"
"Hispanic/ Latino","Asian","Male","1","0","0"
"Hispanic/ Latino","Native Hawaiian/ Pacific Islander","Female","8","0","0"
"Hispanic/ Latino","Other","Female","635","3","34"
"Hispanic/ Latino","Other","Male","149","0","7"
"Hispanic/ Latino","Other","Unknown","2","0","0"
"Hispanic/ Latino","Unknown","Female","149","0","5"
"Hispanic/ Latino","Unknown","Male","39","0","1"
"Hispanic/ Latino","Unknown","Unknown","1","0","0"
"Hispanic/ Latino","White","Female","932","1","38"
"Hispanic/ Latino","White","Male","194","2","9"
"Hispanic/ Latino","White","Unknown","5","0","0"
"Non-Hispanic/ Latino","African-American/ Black","Female","12980","175","998"
"Non-Hispanic/ Latino","African-American/ Black","Male","2109","36","200"
"Non-Hispanic/ Latino","African-American/ Black","Unknown","24","0","1"
"Non-Hispanic/ Latino","American Indian/ Alaska Native","Female","13","0","1"
"Non-Hispanic/ Latino","American Indian/ Alaska Native","Male","6","1","1"
"Non-Hispanic/ Latino","Asian","Female","535","6","19"
"Non-Hispanic/ Latino","Asian","Male","249","3","16"
"Non-Hispanic/ Latino","Asian","Unknown","2","0","0"
"Non-Hispanic/ Latino","Native Hawaiian/ Pacific Islander","Female","24","0","0"
"Non-Hispanic/ Latino","Native Hawaiian/ Pacific Islander","Male","8","0","0"
"Non-Hispanic/ Latino","Other","Female","329","2","7"
"Non-Hispanic/ Latino","Other","Male","132","1","3"
"Non-Hispanic/ Latino","Other","Unknown","1","0","0"
"Non-Hispanic/ Latino","Unknown","Female","175","0","12"
"Non-Hispanic/ Latino","Unknown","Male","28","0","2"
"Non-Hispanic/ Latino","White","Female","14304","113","649"
"Non-Hispanic/ Latino","White","Male","3607","55","255"
"Non-Hispanic/ Latino","White","Unknown","38","0","0"
"Unknown","African-American/ Black","Female","829","0","43"
"Unknown","African-American/ Black","Male","165","0","3"
"Unknown","African-American/ Black","Unknown","11","0","0"
"Unknown","American Indian/ Alaska Native","Female","3","0","0"
"Unknown","American Indian/ Alaska Native","Male","3","0","0"
"Unknown","Asian","Female","59","0","2"
"Unknown","Asian","Male","27","0","1"
"Unknown","Asian","Unknown","1","0","0"
"Unknown","Native Hawaiian/ Pacific Islander","Female","4","0","1"
"Unknown","Native Hawaiian/ Pacific Islander","Male","4","0","0"
"Unknown","Other","Female","278","1","8"
"Unknown","Other","Male","86","0","1"
"Unknown","Unknown","Female","1148","1","26"
"Unknown","Unknown","Male","285","0","7"
"Unknown","Unknown","Unknown","33","0","2"
"Unknown","White","Female","901","0","24"
"Unknown","White","Male","215","0","7"
"Unknown","White","Unknown","7","0","1"
