"sex","county name","cases","deaths","hospitalization"
"Female","Georgia","430609","6927","28065"
"Male","Georgia","368196","7926","27101"
"Unknown","Georgia","11668","29","228"
"Female","Appling","990","22","76"
"Male","Appling","818","34","81"
"Unknown","Appling","10","0","0"
"Female","Atkinson","407","7","60"
"Male","Atkinson","351","11","55"
"Unknown","Atkinson","1","0","0"
"Female","Bacon","518","11","31"
"Male","Bacon","468","15","42"
"Unknown","Bacon","27","0","1"
"Female","Baker","82","2","13"
"Male","Baker","75","5","19"
"Female","Baldwin","2044","28","131"
"Male","Baldwin","1627","73","163"
"Unknown","Baldwin","28","0","1"
"Female","Banks","834","18","102"
"Male","Banks","685","12","75"
"Unknown","Banks","17","0","0"
"Female","Barrow","4230","61","294"
"Male","Barrow","3643","54","262"
"Unknown","Barrow","39","0","1"
"Female","Bartow","5256","87","345"
"Male","Bartow","4679","93","371"
"Unknown","Bartow","119","1","1"
"Female","Ben Hill","840","24","83"
"Male","Ben Hill","611","31","64"
"Unknown","Ben Hill","3","0","0"
"Female","Berrien","552","13","36"
"Male","Berrien","444","15","32"
"Unknown","Berrien","7","0","0"
"Female","Bibb","7173","178","870"
"Male","Bibb","5305","164","749"
"Unknown","Bibb","165","0","3"
"Female","Bleckley","451","18","23"
"Male","Bleckley","319","15","22"
"Unknown","Bleckley","7","0","0"
"Female","Brantley","470","12","37"
"Male","Brantley","386","14","30"
"Unknown","Brantley","6","0","0"
"Female","Brooks","508","12","45"
"Male","Brooks","369","25","40"
"Unknown","Brooks","17","0","0"
"Female","Bryan","1318","15","81"
"Male","Bryan","1113","15","87"
"Unknown","Bryan","21","0","0"
"Female","Bulloch","2800","30","114"
"Male","Bulloch","2148","19","85"
"Unknown","Bulloch","57","0","0"
"Female","Burke","914","17","71"
"Male","Burke","733","14","67"
"Unknown","Burke","8","0","1"
"Female","Butts","944","30","40"
"Male","Butts","896","37","65"
"Unknown","Butts","126","1","3"
"Female","Calhoun","224","10","35"
"Male","Calhoun","213","5","37"
"Unknown","Calhoun","3","0","0"
"Female","Camden","1592","13","66"
"Male","Camden","1422","12","49"
"Unknown","Camden","22","0","0"
"Female","Candler","388","13","31"
"Male","Candler","326","20","29"
"Unknown","Candler","2","0","0"
"Female","Carroll","3671","57","140"
"Male","Carroll","3231","61","146"
"Unknown","Carroll","39","0","1"
"Female","Catoosa","2723","29","119"
"Male","Catoosa","2239","29","96"
"Unknown","Catoosa","91","0","3"
"Female","Charlton","425","7","29"
"Male","Charlton","581","11","27"
"Unknown","Charlton","6","0","0"
"Female","Chatham","10001","159","757"
"Male","Chatham","8164","185","707"
"Unknown","Chatham","181","0","5"
"Female","Chattahoochee","213","1","8"
"Male","Chattahoochee","2422","8","14"
"Unknown","Chattahoochee","11","0","0"
"Female","Chattooga","1118","25","65"
"Male","Chattooga","955","33","87"
"Unknown","Chattooga","11","0","0"
"Female","Cherokee","10513","111","510"
"Male","Cherokee","9223","140","597"
"Unknown","Cherokee","261","0","3"
"Female","Clarke","6631","46","231"
"Male","Clarke","5221","66","223"
"Unknown","Clarke","55","0","2"
"Female","Clay","101","1","3"
"Male","Clay","72","2","6"
"Unknown","Clay","4","0","0"
"Female","Clayton","11757","178","652"
"Male","Clayton","8939","183","557"
"Unknown","Clayton","148","1","2"
"Female","Clinch","356","6","32"
"Male","Clinch","334","15","31"
"Unknown","Clinch","6","0","0"
"Female","Cobb","29086","369","1357"
"Male","Cobb","25462","462","1384"
"Unknown","Cobb","391","1","6"
"Female","Coffee","2235","62","350"
"Male","Coffee","1879","59","277"
"Unknown","Coffee","23","0","0"
"Female","Colquitt","1689","25","118"
"Male","Colquitt","1559","40","109"
"Unknown","Colquitt","22","0","0"
"Female","Columbia","5549","64","207"
"Male","Columbia","4829","82","231"
"Unknown","Columbia","43","0","3"
"Female","Cook","638","12","56"
"Male","Cook","463","19","46"
"Unknown","Cook","28","4","2"
"Female","Coweta","4123","61","126"
"Male","Coweta","3697","84","146"
"Unknown","Coweta","29","0","0"
"Female","Crawford","270","8","38"
"Male","Crawford","220","6","21"
"Unknown","Crawford","9","0","1"
"Female","Crisp","740","17","88"
"Male","Crisp","544","23","60"
"Unknown","Crisp","20","1","0"
"Female","Dade","551","7","26"
"Male","Dade","508","2","25"
"Unknown","Dade","21","0","0"
"Female","Dawson","1345","13","104"
"Male","Dawson","1149","21","117"
"Unknown","Dawson","38","0","0"
"Female","DeKalb","27617","348","2157"
"Male","DeKalb","22935","403","1911"
"Unknown","DeKalb","617","0","13"
"Female","Decatur","1152","27","74"
"Male","Decatur","853","26","61"
"Unknown","Decatur","41","0","0"
"Female","Dodge","571","27","52"
"Male","Dodge","472","29","53"
"Unknown","Dodge","26","0","0"
"Female","Dooly","401","14","43"
"Male","Dooly","313","14","39"
"Unknown","Dooly","7","0","0"
"Female","Dougherty","3137","140","537"
"Male","Dougherty","2080","123","413"
"Unknown","Dougherty","27","0","0"
"Female","Douglas","5863","68","404"
"Male","Douglas","4838","80","326"
"Unknown","Douglas","47","0","1"
"Female","Early","581","23","42"
"Male","Early","374","17","25"
"Unknown","Early","9","0","0"
"Female","Echols","133","0","3"
"Male","Echols","216","2","8"
"Unknown","Echols","5","0","0"
"Female","Effingham","1849","23","106"
"Male","Effingham","1646","33","115"
"Unknown","Effingham","30","0","0"
"Female","Elbert","867","24","72"
"Male","Elbert","598","23","44"
"Unknown","Elbert","9","0","2"
"Female","Emanuel","966","30","70"
"Male","Emanuel","702","21","49"
"Unknown","Emanuel","13","0","0"
"Female","Evans","398","6","49"
"Male","Evans","296","7","20"
"Unknown","Evans","31","0","0"
"Female","Fannin","1035","24","79"
"Male","Fannin","888","27","79"
"Unknown","Fannin","35","0","0"
"Female","Fayette","3101","56","106"
"Male","Fayette","2772","72","115"
"Unknown","Fayette","38","0","0"
"Female","Floyd","4953","66","377"
"Male","Floyd","4192","95","396"
"Unknown","Floyd","91","0","5"
"Female","Forsyth","7819","57","371"
"Male","Forsyth","7443","84","495"
"Unknown","Forsyth","704","0","5"
"Female","Franklin","1247","11","80"
"Male","Franklin","993","25","64"
"Unknown","Franklin","18","0","0"
"Female","Fulton","38614","476","2089"
"Male","Fulton","34327","558","2066"
"Unknown","Fulton","561","0","4"
"Female","Gilmer","1254","29","98"
"Male","Gilmer","1002","35","90"
"Unknown","Gilmer","81","0","2"
"Female","Glascock","62","3","8"
"Male","Glascock","66","3","11"
"Unknown","Glascock","10","0","0"
"Female","Glynn","3265","66","214"
"Male","Glynn","2979","77","198"
"Unknown","Glynn","49","0","2"
"Female","Gordon","3123","41","136"
"Male","Gordon","2687","50","149"
"Unknown","Gordon","132","0","1"
"Female","Grady","826","17","87"
"Male","Grady","620","26","77"
"Unknown","Grady","22","0","1"
"Female","Greene","769","21","61"
"Male","Greene","643","24","65"
"Unknown","Greene","4","0","0"
"Female","Gwinnett","41814","403","2547"
"Male","Gwinnett","36786","471","2408"
"Unknown","Gwinnett","1106","2","15"
"Female","Habersham","2445","75","216"
"Male","Habersham","2042","61","238"
"Unknown","Habersham","46","0","2"
"Female","Hall","12428","174","1066"
"Male","Hall","10918","196","1158"
"Unknown","Hall","359","1","4"
"Female","Hancock","393","22","48"
"Male","Hancock","400","33","50"
"Unknown","Hancock","7","0","0"
"Female","Haralson","835","13","37"
"Male","Haralson","744","18","28"
"Unknown","Haralson","23","0","0"
"Female","Harris","1022","23","68"
"Male","Harris","894","24","72"
"Unknown","Harris","54","0","0"
"Female","Hart","931","16","55"
"Male","Hart","694","19","56"
"Unknown","Hart","9","0","0"
"Female","Heard","322","9","15"
"Male","Heard","270","4","22"
"Female","Henry","9425","113","269"
"Male","Henry","7410","128","224"
"Unknown","Henry","81","0","0"
"Female","Houston","5029","70","325"
"Male","Houston","4174","91","308"
"Unknown","Houston","90","1","2"
"Female","Irwin","352","9","41"
"Male","Irwin","307","6","37"
"Unknown","Irwin","3","0","0"
"Female","Jackson","4281","54","203"
"Male","Jackson","3600","65","248"
"Unknown","Jackson","46","0","2"
"Female","Jasper","333","6","29"
"Male","Jasper","290","11","28"
"Unknown","Jasper","3","0","0"
"Female","Jeff Davis","637","14","40"
"Male","Jeff Davis","574","21","57"
"Unknown","Jeff Davis","7","0","0"
"Female","Jefferson","885","24","77"
"Male","Jefferson","636","27","64"
"Unknown","Jefferson","12","0","1"
"Female","Jenkins","417","16","36"
"Male","Jenkins","282","20","42"
"Unknown","Jenkins","1","1","1"
"Female","Johnson","378","15","46"
"Male","Johnson","396","25","47"
"Unknown","Johnson","2","0","0"
"Female","Jones","876","17","74"
"Male","Jones","630","23","68"
"Unknown","Jones","4","0","0"
"Female","Lamar","682","15","46"
"Male","Lamar","543","22","51"
"Unknown","Lamar","7","0","0"
"Female","Lanier","208","3","9"
"Male","Lanier","262","5","17"
"Unknown","Lanier","6","0","0"
"Female","Laurens","2053","53","162"
"Male","Laurens","1487","80","169"
"Unknown","Laurens","34","1","2"
"Female","Lee","835","24","82"
"Male","Lee","694","20","91"
"Unknown","Lee","5","0","0"
"Female","Liberty","1457","21","98"
"Male","Liberty","1188","28","101"
"Unknown","Liberty","35","0","0"
"Female","Lincoln","263","10","25"
"Male","Lincoln","206","9","22"
"Unknown","Lincoln","14","0","0"
"Female","Long","343","4","24"
"Male","Long","290","7","21"
"Unknown","Long","3","0","0"
"Female","Lowndes","3974","69","186"
"Male","Lowndes","3190","58","151"
"Unknown","Lowndes","74","0","2"
"Female","Lumpkin","1439","30","142"
"Male","Lumpkin","1192","24","120"
"Unknown","Lumpkin","17","0","0"
"Female","Macon","294","6","32"
"Male","Macon","275","16","43"
"Unknown","Macon","1","0","1"
"Female","Madison","1377","17","63"
"Male","Madison","1167","20","71"
"Unknown","Madison","9","0","0"
"Female","Marion","225","9","15"
"Male","Marion","141","5","16"
"Unknown","Marion","4","0","0"
"Female","McDuffie","833","23","80"
"Male","McDuffie","634","14","60"
"Unknown","McDuffie","99","1","1"
"Female","McIntosh","322","9","24"
"Male","McIntosh","259","4","26"
"Unknown","McIntosh","9","0","0"
"Female","Meriwether","832","24","68"
"Male","Meriwether","573","25","56"
"Unknown","Meriwether","7","0","0"
"Female","Miller","344","2","17"
"Male","Miller","260","3","14"
"Unknown","Miller","4","0","0"
"Female","Mitchell","788","31","115"
"Male","Mitchell","679","39","107"
"Unknown","Mitchell","4","0","0"
"Female","Monroe","937","39","83"
"Male","Monroe","799","37","87"
"Unknown","Monroe","22","0","0"
"Female","Montgomery","385","10","21"
"Male","Montgomery","314","9","19"
"Unknown","Montgomery","6","0","0"
"Female","Morgan","603","5","30"
"Male","Morgan","493","8","44"
"Unknown","Morgan","10","0","1"
"Female","Murray","2028","22","96"
"Male","Murray","1748","42","117"
"Unknown","Murray","67","2","8"
"Female","Muscogee","7000","168","530"
"Male","Muscogee","5372","141","468"
"Unknown","Muscogee","281","4","1"
"Female","Newton","3817","86","299"
"Male","Newton","2881","92","261"
"Unknown","Newton","95","0","2"
"Female","Non-GA Resident/Unknown State","10152","176","488"
"Male","Non-GA Resident/Unknown State","12006","224","646"
"Unknown","Non-GA Resident/Unknown State","2325","1","42"
"Female","Oconee","1455","25","64"
"Male","Oconee","1243","32","54"
"Unknown","Oconee","9","0","0"
"Female","Oglethorpe","630","6","33"
"Male","Oglethorpe","472","19","37"
"Unknown","Oglethorpe","4","0","0"
"Female","Paulding","5213","70","167"
"Male","Paulding","4289","73","133"
"Unknown","Paulding","127","0","7"
"Female","Peach","978","22","108"
"Male","Peach","746","21","84"
"Unknown","Peach","11","0","2"
"Female","Pickens","1269","22","93"
"Male","Pickens","1019","30","86"
"Unknown","Pickens","34","0","0"
"Female","Pierce","664","19","58"
"Male","Pierce","498","19","63"
"Unknown","Pierce","6","0","0"
"Female","Pike","526","8","40"
"Male","Pike","431","13","22"
"Unknown","Pike","10","0","1"
"Female","Polk","1965","37","174"
"Male","Polk","1701","34","167"
"Unknown","Polk","35","0","2"
"Female","Pulaski","388","19","28"
"Male","Pulaski","195","11","22"
"Unknown","Pulaski","2","0","0"
"Female","Putnam","892","15","68"
"Male","Putnam","761","31","77"
"Unknown","Putnam","5","0","0"
"Female","Quitman","44","0","4"
"Male","Quitman","31","1","5"
"Female","Rabun","743","16","79"
"Male","Rabun","670","20","63"
"Unknown","Rabun","11","0","1"
"Female","Randolph","262","20","46"
"Male","Randolph","188","11","30"
"Female","Richmond","10119","139","590"
"Male","Richmond","8222","204","610"
"Unknown","Richmond","148","3","17"
"Female","Rockdale","3015","56","421"
"Male","Rockdale","2326","66","356"
"Unknown","Rockdale","65","0","4"
"Female","Schley","105","0","9"
"Male","Schley","95","3","11"
"Female","Screven","441","12","37"
"Male","Screven","329","4","25"
"Unknown","Screven","6","0","0"
"Female","Seminole","406","7","38"
"Male","Seminole","302","9","24"
"Unknown","Seminole","2","0","0"
"Female","Spalding","2023","67","225"
"Male","Spalding","1530","59","149"
"Unknown","Spalding","25","0","6"
"Female","Stephens","1580","37","126"
"Male","Stephens","1247","33","117"
"Unknown","Stephens","19","0","0"
"Female","Stewart","163","8","22"
"Male","Stewart","578","13","98"
"Unknown","Stewart","13","0","0"
"Female","Sumter","1008","37","128"
"Male","Sumter","742","49","122"
"Unknown","Sumter","4","0","1"
"Female","Talbot","209","6","19"
"Male","Talbot","142","9","16"
"Unknown","Talbot","8","0","0"
"Female","Taliaferro","50","0","1"
"Male","Taliaferro","43","2","8"
"Unknown","Taliaferro","1","0","0"
"Female","Tattnall","904","18","52"
"Male","Tattnall","850","19","56"
"Unknown","Tattnall","17","0","0"
"Female","Taylor","264","11","35"
"Male","Taylor","212","9","33"
"Unknown","Taylor","5","0","1"
"Female","Telfair","342","20","29"
"Male","Telfair","329","22","37"
"Unknown","Telfair","21","0","0"
"Female","Terrell","311","19","55"
"Male","Terrell","212","21","50"
"Unknown","Terrell","11","0","0"
"Female","Thomas","1950","58","175"
"Male","Thomas","1444","48","157"
"Unknown","Thomas","16","0","0"
"Female","Tift","1849","40","238"
"Male","Tift","1447","50","164"
"Unknown","Tift","55","1","2"
"Female","Toombs","1554","47","77"
"Male","Toombs","1189","37","85"
"Unknown","Toombs","22","0","0"
"Female","Towns","551","19","62"
"Male","Towns","426","18","56"
"Unknown","Towns","6","0","0"
"Female","Treutlen","340","9","27"
"Male","Treutlen","271","10","24"
"Unknown","Treutlen","6","0","0"
"Female","Troup","3077","89","245"
"Male","Troup","2339","72","206"
"Unknown","Troup","76","0","1"
"Female","Turner","343","11","44"
"Male","Turner","231","18","41"
"Unknown","Turner","4","0","0"
"Female","Twiggs","258","10","39"
"Male","Twiggs","228","20","51"
"Unknown","Twiggs","3","0","0"
"Female","Union","1092","37","88"
"Male","Union","800","25","101"
"Unknown","Union","12","0","1"
"Female","Unknown","973","3","13"
"Male","Unknown","1206","8","23"
"Unknown","Unknown","656","0","8"
"Female","Upson","962","53","89"
"Male","Upson","723","43","71"
"Unknown","Upson","12","0","0"
"Female","Walker","3095","38","110"
"Male","Walker","2657","33","129"
"Unknown","Walker","85","0","2"
"Female","Walton","4057","93","219"
"Male","Walton","3112","105","218"
"Unknown","Walton","91","1","2"
"Female","Ware","1569","62","158"
"Male","Ware","1251","63","165"
"Unknown","Ware","28","0","1"
"Female","Warren","200","5","27"
"Male","Warren","144","5","17"
"Unknown","Warren","14","0","0"
"Female","Washington","862","20","52"
"Male","Washington","698","28","51"
"Unknown","Washington","7","0","0"
"Female","Wayne","1257","27","121"
"Male","Wayne","1272","38","129"
"Unknown","Wayne","9","0","0"
"Female","Webster","59","2","8"
"Male","Webster","36","2","5"
"Unknown","Webster","2","0","0"
"Female","Wheeler","152","0","3"
"Male","Wheeler","283","21","32"
"Unknown","Wheeler","18","0","0"
"Female","White","1536","29","129"
"Male","White","1300","33","147"
"Unknown","White","16","0","0"
"Female","Whitfield","7432","98","346"
"Male","Whitfield","6469","104","335"
"Unknown","Whitfield","196","1","7"
"Female","Wilcox","203","11","24"
"Male","Wilcox","246","16","43"
"Unknown","Wilcox","4","0","0"
"Female","Wilkes","349","7","28"
"Male","Wilkes","292","9","35"
"Unknown","Wilkes","3","0","0"
"Female","Wilkinson","382","11","55"
"Male","Wilkinson","309","12","59"
"Unknown","Wilkinson","4","0","0"
"Female","Worth","671","27","97"
"Male","Worth","463","28","69"
"Unknown","Worth","4","0","0"
