"age group","county name","cases","deaths","hospitalization"
"01-04 years","Georgia","9286","1","171"
"05-09 years","Georgia","15199","2","128"
"10-17 years","Georgia","53192","6","524"
"18-29 years","Georgia","168506","83","3102"
"30-39 years","Georgia","120220","194","4055"
"40-49 years","Georgia","116937","437","5880"
"50-59 years","Georgia","111088","1149","8679"
"60-69 years","Georgia","75365","2444","10244"
"70-79 years","Georgia","44466","3511","9649"
"80 & Older years","Georgia","26152","4740","7581"
"<1 years","Georgia","2593","0","128"
"Unknown years","Georgia","6863","3","96"
"01-04 years","Appling","23","0","0"
"05-09 years","Appling","47","0","0"
"10-17 years","Appling","144","0","1"
"18-29 years","Appling","320","1","4"
"30-39 years","Appling","231","1","5"
"40-49 years","Appling","231","3","17"
"50-59 years","Appling","260","6","21"
"60-69 years","Appling","223","11","39"
"70-79 years","Appling","146","13","29"
"80 & Older years","Appling","69","15","25"
"<1 years","Appling","4","0","0"
"Unknown years","Appling","9","0","0"
"01-04 years","Atkinson","5","0","1"
"05-09 years","Atkinson","18","0","1"
"10-17 years","Atkinson","47","0","0"
"18-29 years","Atkinson","161","0","8"
"30-39 years","Atkinson","118","0","9"
"40-49 years","Atkinson","122","1","21"
"50-59 years","Atkinson","129","1","21"
"60-69 years","Atkinson","78","4","22"
"70-79 years","Atkinson","44","4","13"
"80 & Older years","Atkinson","14","4","9"
"<1 years","Atkinson","3","0","0"
"Unknown years","Atkinson","1","0","0"
"01-04 years","Bacon","17","0","0"
"05-09 years","Bacon","22","0","0"
"10-17 years","Bacon","67","0","1"
"18-29 years","Bacon","228","0","1"
"30-39 years","Bacon","129","0","4"
"40-49 years","Bacon","156","1","10"
"50-59 years","Bacon","145","2","16"
"60-69 years","Bacon","114","7","19"
"70-79 years","Bacon","71","6","12"
"80 & Older years","Bacon","37","8","7"
"<1 years","Bacon","6","0","0"
"Unknown years","Bacon","1","0","0"
"01-04 years","Baker","5","0","0"
"05-09 years","Baker","4","0","0"
"10-17 years","Baker","9","0","0"
"18-29 years","Baker","22","0","0"
"30-39 years","Baker","21","0","2"
"40-49 years","Baker","13","0","1"
"50-59 years","Baker","19","0","1"
"60-69 years","Baker","30","2","14"
"70-79 years","Baker","18","2","10"
"80 & Older years","Baker","8","2","3"
"<1 years","Baker","2","0","0"
"01-04 years","Baldwin","28","0","0"
"05-09 years","Baldwin","48","0","0"
"10-17 years","Baldwin","161","1","5"
"18-29 years","Baldwin","1181","0","13"
"30-39 years","Baldwin","418","1","15"
"40-49 years","Baldwin","437","2","29"
"50-59 years","Baldwin","453","10","49"
"60-69 years","Baldwin","354","20","62"
"70-79 years","Baldwin","243","21","47"
"80 & Older years","Baldwin","136","36","46"
"<1 years","Baldwin","11","0","0"
"01-04 years","Banks","7","0","0"
"05-09 years","Banks","20","0","1"
"10-17 years","Banks","94","0","2"
"18-29 years","Banks","263","0","6"
"30-39 years","Banks","180","0","4"
"40-49 years","Banks","198","0","14"
"50-59 years","Banks","226","1","20"
"60-69 years","Banks","184","4","35"
"70-79 years","Banks","142","12","52"
"80 & Older years","Banks","78","10","27"
"<1 years","Banks","4","0","1"
"Unknown years","Banks","46","0","1"
"01-04 years","Barrow","76","0","0"
"05-09 years","Barrow","137","0","0"
"10-17 years","Barrow","517","0","7"
"18-29 years","Barrow","1484","1","30"
"30-39 years","Barrow","1273","1","38"
"40-49 years","Barrow","1290","4","55"
"50-59 years","Barrow","1100","5","80"
"60-69 years","Barrow","731","18","115"
"70-79 years","Barrow","439","24","90"
"80 & Older years","Barrow","212","40","72"
"<1 years","Barrow","27","0","2"
"Unknown years","Barrow","22","0","0"
"01-04 years","Bartow","79","0","3"
"05-09 years","Bartow","176","0","2"
"10-17 years","Bartow","750","0","7"
"18-29 years","Bartow","1707","0","17"
"30-39 years","Bartow","1384","4","35"
"40-49 years","Bartow","1451","1","61"
"50-59 years","Bartow","1486","11","112"
"60-69 years","Bartow","888","25","118"
"70-79 years","Bartow","624","55","135"
"80 & Older years","Bartow","302","59","93"
"<1 years","Bartow","27","0","2"
"Unknown years","Bartow","118","0","7"
"01-04 years","Ben Hill","28","0","1"
"05-09 years","Ben Hill","19","0","0"
"10-17 years","Ben Hill","95","0","0"
"18-29 years","Ben Hill","249","0","4"
"30-39 years","Ben Hill","205","3","9"
"40-49 years","Ben Hill","190","1","9"
"50-59 years","Ben Hill","232","4","27"
"60-69 years","Ben Hill","196","11","25"
"70-79 years","Ben Hill","141","18","50"
"80 & Older years","Ben Hill","65","13","15"
"<1 years","Ben Hill","5","0","0"
"Unknown years","Ben Hill","2","0","0"
"01-04 years","Berrien","14","0","0"
"05-09 years","Berrien","19","0","0"
"10-17 years","Berrien","76","0","1"
"18-29 years","Berrien","178","0","0"
"30-39 years","Berrien","147","0","3"
"40-49 years","Berrien","129","0","4"
"50-59 years","Berrien","153","2","15"
"60-69 years","Berrien","114","5","15"
"70-79 years","Berrien","74","8","13"
"80 & Older years","Berrien","45","9","11"
"<1 years","Berrien","2","0","0"
"Unknown years","Berrien","1","0","0"
"01-04 years","Bibb","127","0","4"
"05-09 years","Bibb","167","0","0"
"10-17 years","Bibb","563","0","7"
"18-29 years","Bibb","2613","1","71"
"30-39 years","Bibb","1867","5","95"
"40-49 years","Bibb","1857","10","174"
"50-59 years","Bibb","1745","17","226"
"60-69 years","Bibb","1373","64","342"
"70-79 years","Bibb","843","89","275"
"80 & Older years","Bibb","520","111","238"
"<1 years","Bibb","42","0","4"
"Unknown years","Bibb","18","0","0"
"01-04 years","Bleckley","3","0","0"
"05-09 years","Bleckley","13","0","0"
"10-17 years","Bleckley","65","0","0"
"18-29 years","Bleckley","181","0","3"
"30-39 years","Bleckley","84","0","2"
"40-49 years","Bleckley","100","1","2"
"50-59 years","Bleckley","97","2","4"
"60-69 years","Bleckley","81","7","10"
"70-79 years","Bleckley","63","4","12"
"80 & Older years","Bleckley","62","18","12"
"<1 years","Bleckley","3","0","0"
"01-04 years","Brantley","12","0","0"
"05-09 years","Brantley","11","0","0"
"10-17 years","Brantley","69","0","1"
"18-29 years","Brantley","141","0","1"
"30-39 years","Brantley","103","0","3"
"40-49 years","Brantley","114","1","5"
"50-59 years","Brantley","133","2","12"
"60-69 years","Brantley","100","3","11"
"70-79 years","Brantley","74","9","18"
"80 & Older years","Brantley","42","7","10"
"<1 years","Brantley","1","0","0"
"01-04 years","Brooks","14","0","1"
"05-09 years","Brooks","19","0","0"
"10-17 years","Brooks","79","0","0"
"18-29 years","Brooks","160","0","0"
"30-39 years","Brooks","117","0","2"
"40-49 years","Brooks","112","1","11"
"50-59 years","Brooks","134","2","19"
"60-69 years","Brooks","94","7","14"
"70-79 years","Brooks","77","9","19"
"80 & Older years","Brooks","55","14","15"
"<1 years","Brooks","3","0","0"
"Unknown years","Brooks","1","0","0"
"01-04 years","Bryan","38","0","0"
"05-09 years","Bryan","60","0","0"
"10-17 years","Bryan","199","0","1"
"18-29 years","Bryan","441","0","8"
"30-39 years","Bryan","349","1","8"
"40-49 years","Bryan","380","0","13"
"50-59 years","Bryan","301","4","27"
"60-69 years","Bryan","207","6","25"
"70-79 years","Bryan","139","7","40"
"80 & Older years","Bryan","57","5","19"
"<1 years","Bryan","11","0","0"
"Unknown years","Bryan","8","0","0"
"01-04 years","Bulloch","53","0","0"
"05-09 years","Bulloch","84","0","0"
"10-17 years","Bulloch","283","0","2"
"18-29 years","Bulloch","2066","0","7"
"30-39 years","Bulloch","550","4","20"
"40-49 years","Bulloch","478","2","24"
"50-59 years","Bulloch","448","5","24"
"60-69 years","Bulloch","338","13","36"
"70-79 years","Bulloch","171","11","32"
"80 & Older years","Bulloch","95","11","32"
"<1 years","Bulloch","20","0","2"
"Unknown years","Bulloch","11","0","1"
"01-04 years","Burke","18","0","0"
"05-09 years","Burke","41","0","0"
"10-17 years","Burke","117","0","1"
"18-29 years","Burke","306","1","7"
"30-39 years","Burke","231","1","7"
"40-49 years","Burke","259","2","12"
"50-59 years","Burke","238","1","29"
"60-69 years","Burke","185","5","34"
"70-79 years","Burke","111","8","27"
"80 & Older years","Burke","33","6","12"
"<1 years","Burke","5","0","0"
"Unknown years","Burke","3","0","0"
"01-04 years","Butts","20","0","3"
"05-09 years","Butts","21","0","0"
"10-17 years","Butts","92","0","1"
"18-29 years","Butts","315","0","6"
"30-39 years","Butts","278","0","7"
"40-49 years","Butts","272","3","13"
"50-59 years","Butts","304","5","19"
"60-69 years","Butts","213","11","27"
"70-79 years","Butts","160","15","19"
"80 & Older years","Butts","101","23","6"
"<1 years","Butts","4","0","0"
"Unknown years","Butts","2","0","0"
"01-04 years","Calhoun","5","0","0"
"05-09 years","Calhoun","1","0","0"
"10-17 years","Calhoun","31","0","0"
"18-29 years","Calhoun","65","0","5"
"30-39 years","Calhoun","57","2","5"
"40-49 years","Calhoun","79","1","9"
"50-59 years","Calhoun","73","2","13"
"60-69 years","Calhoun","68","2","18"
"70-79 years","Calhoun","26","3","7"
"80 & Older years","Calhoun","15","2","7"
"<1 years","Calhoun","3","0","0"
"Unknown years","Calhoun","1","0","0"
"01-04 years","Camden","41","0","0"
"05-09 years","Camden","36","0","1"
"10-17 years","Camden","189","0","1"
"18-29 years","Camden","698","0","4"
"30-39 years","Camden","453","0","12"
"40-49 years","Camden","361","1","11"
"50-59 years","Camden","421","1","16"
"60-69 years","Camden","321","6","22"
"70-79 years","Camden","183","1","21"
"80 & Older years","Camden","85","13","21"
"<1 years","Camden","9","0","1"
"Unknown years","Camden","8","0","0"
"01-04 years","Candler","8","0","0"
"05-09 years","Candler","12","0","0"
"10-17 years","Candler","53","0","0"
"18-29 years","Candler","125","0","0"
"30-39 years","Candler","90","0","2"
"40-49 years","Candler","112","2","1"
"50-59 years","Candler","118","5","10"
"60-69 years","Candler","91","7","13"
"70-79 years","Candler","58","11","17"
"80 & Older years","Candler","27","5","11"
"<1 years","Candler","4","0","0"
"Unknown years","Candler","1","0","0"
"01-04 years","Carroll","77","0","1"
"05-09 years","Carroll","116","0","1"
"10-17 years","Carroll","532","0","6"
"18-29 years","Carroll","1543","0","11"
"30-39 years","Carroll","940","4","18"
"40-49 years","Carroll","915","4","25"
"50-59 years","Carroll","952","10","52"
"60-69 years","Carroll","670","21","64"
"70-79 years","Carroll","407","29","57"
"80 & Older years","Carroll","249","42","37"
"<1 years","Carroll","25","0","0"
"Unknown years","Carroll","23","0","0"
"01-04 years","Catoosa","66","0","0"
"05-09 years","Catoosa","105","0","1"
"10-17 years","Catoosa","397","0","1"
"18-29 years","Catoosa","829","0","7"
"30-39 years","Catoosa","600","1","9"
"40-49 years","Catoosa","704","1","13"
"50-59 years","Catoosa","660","5","25"
"60-69 years","Catoosa","474","5","43"
"70-79 years","Catoosa","304","14","41"
"80 & Older years","Catoosa","213","24","39"
"<1 years","Catoosa","28","0","0"
"Unknown years","Catoosa","109","0","8"
"01-04 years","Charlton","12","0","0"
"05-09 years","Charlton","24","0","0"
"10-17 years","Charlton","56","0","0"
"18-29 years","Charlton","172","0","1"
"30-39 years","Charlton","193","0","4"
"40-49 years","Charlton","170","2","8"
"50-59 years","Charlton","134","1","4"
"60-69 years","Charlton","133","4","15"
"70-79 years","Charlton","49","4","9"
"80 & Older years","Charlton","24","4","10"
"<1 years","Charlton","2","0","0"
"Unknown years","Charlton","2","0","0"
"01-04 years","Chatham","313","0","2"
"05-09 years","Chatham","368","1","1"
"10-17 years","Chatham","1078","0","13"
"18-29 years","Chatham","4142","2","50"
"30-39 years","Chatham","2900","4","102"
"40-49 years","Chatham","2300","11","125"
"50-59 years","Chatham","2111","28","201"
"60-69 years","Chatham","1707","51","286"
"70-79 years","Chatham","910","80","280"
"80 & Older years","Chatham","573","110","231"
"<1 years","Chatham","85","0","4"
"Unknown years","Chatham","23","0","0"
"01-04 years","Chattahoochee","8","0","0"
"05-09 years","Chattahoochee","7","0","0"
"10-17 years","Chattahoochee","107","0","2"
"18-29 years","Chattahoochee","1967","0","1"
"30-39 years","Chattahoochee","201","0","3"
"40-49 years","Chattahoochee","50","0","0"
"50-59 years","Chattahoochee","22","0","5"
"60-69 years","Chattahoochee","17","0","4"
"70-79 years","Chattahoochee","6","0","2"
"80 & Older years","Chattahoochee","6","1","3"
"<1 years","Chattahoochee","9","0","0"
"Unknown years","Chattahoochee","1","0","0"
"01-04 years","Chattooga","10","0","0"
"05-09 years","Chattooga","23","0","0"
"10-17 years","Chattooga","166","0","1"
"18-29 years","Chattooga","339","0","4"
"30-39 years","Chattooga","271","0","6"
"40-49 years","Chattooga","298","1","9"
"50-59 years","Chattooga","299","5","13"
"60-69 years","Chattooga","253","13","33"
"70-79 years","Chattooga","158","14","37"
"80 & Older years","Chattooga","111","20","25"
"<1 years","Chattooga","9","0","1"
"Unknown years","Chattooga","22","0","1"
"01-04 years","Cherokee","181","0","7"
"05-09 years","Cherokee","448","0","6"
"10-17 years","Cherokee","1769","0","12"
"18-29 years","Cherokee","3618","1","63"
"30-39 years","Cherokee","2552","2","84"
"40-49 years","Cherokee","2873","4","103"
"50-59 years","Cherokee","2871","15","162"
"60-69 years","Cherokee","1712","28","191"
"70-79 years","Cherokee","1133","50","203"
"80 & Older years","Cherokee","740","99","188"
"<1 years","Cherokee","36","0","1"
"Unknown years","Cherokee","79","0","2"
"01-04 years","Clarke","141","0","1"
"05-09 years","Clarke","175","0","1"
"10-17 years","Clarke","506","0","5"
"18-29 years","Clarke","5374","0","29"
"30-39 years","Clarke","1387","2","32"
"40-49 years","Clarke","1132","2","43"
"50-59 years","Clarke","1025","5","55"
"60-69 years","Clarke","685","13","79"
"70-79 years","Clarke","408","34","91"
"80 & Older years","Clarke","221","33","55"
"<1 years","Clarke","35","0","2"
"Unknown years","Clarke","47","0","0"
"01-04 years","Clay","3","0","0"
"05-09 years","Clay","2","0","0"
"10-17 years","Clay","15","0","0"
"18-29 years","Clay","26","0","0"
"30-39 years","Clay","27","0","1"
"40-49 years","Clay","24","0","0"
"50-59 years","Clay","17","0","1"
"60-69 years","Clay","23","1","2"
"70-79 years","Clay","18","0","0"
"80 & Older years","Clay","14","2","5"
"Unknown years","Clay","2","0","0"
"01-04 years","Clayton","301","0","7"
"05-09 years","Clayton","427","1","8"
"10-17 years","Clayton","1140","0","22"
"18-29 years","Clayton","3816","4","86"
"30-39 years","Clayton","3288","6","130"
"40-49 years","Clayton","3002","23","160"
"50-59 years","Clayton","2813","38","229"
"60-69 years","Clayton","1785","73","215"
"70-79 years","Clayton","766","70","148"
"80 & Older years","Clayton","410","78","98"
"<1 years","Clayton","64","0","2"
"Unknown years","Clayton","56","0","2"
"01-04 years","Clinch","12","0","0"
"05-09 years","Clinch","19","0","0"
"10-17 years","Clinch","70","0","0"
"18-29 years","Clinch","125","0","2"
"30-39 years","Clinch","97","1","4"
"40-49 years","Clinch","89","0","3"
"50-59 years","Clinch","87","2","13"
"60-69 years","Clinch","98","6","14"
"70-79 years","Clinch","51","7","18"
"80 & Older years","Clinch","17","3","5"
"<1 years","Clinch","1","0","0"
"Unknown years","Clinch","1","0","0"
"01-04 years","Cobb","584","1","13"
"05-09 years","Cobb","1045","0","7"
"10-17 years","Cobb","3437","0","30"
"18-29 years","Cobb","12864","4","214"
"30-39 years","Cobb","8527","12","221"
"40-49 years","Cobb","8032","27","355"
"50-59 years","Cobb","7217","45","468"
"60-69 years","Cobb","4400","104","453"
"70-79 years","Cobb","2478","211","428"
"80 & Older years","Cobb","1552","297","386"
"<1 years","Cobb","159","0","9"
"Unknown years","Cobb","392","0","3"
"01-04 years","Coffee","73","0","2"
"05-09 years","Coffee","89","0","4"
"10-17 years","Coffee","264","0","3"
"18-29 years","Coffee","764","0","21"
"30-39 years","Coffee","569","3","39"
"40-49 years","Coffee","650","3","85"
"50-59 years","Coffee","636","5","113"
"60-69 years","Coffee","503","27","123"
"70-79 years","Coffee","272","32","111"
"80 & Older years","Coffee","143","32","77"
"<1 years","Coffee","12","0","0"
"Unknown years","Coffee","1","0","0"
"01-04 years","Colquitt","40","0","0"
"05-09 years","Colquitt","82","0","1"
"10-17 years","Colquitt","289","0","4"
"18-29 years","Colquitt","647","0","16"
"30-39 years","Colquitt","453","0","16"
"40-49 years","Colquitt","471","6","35"
"50-59 years","Colquitt","432","11","33"
"60-69 years","Colquitt","297","11","36"
"70-79 years","Colquitt","181","9","41"
"80 & Older years","Colquitt","124","19","25"
"<1 years","Colquitt","13","0","0"
"Unknown years","Colquitt","9","0","0"
"01-04 years","Columbia","106","0","2"
"05-09 years","Columbia","244","0","0"
"10-17 years","Columbia","908","0","1"
"18-29 years","Columbia","1987","0","18"
"30-39 years","Columbia","1756","2","21"
"40-49 years","Columbia","1592","6","38"
"50-59 years","Columbia","1390","12","60"
"60-69 years","Columbia","886","17","72"
"70-79 years","Columbia","484","33","79"
"80 & Older years","Columbia","270","48","73"
"<1 years","Columbia","28","0","1"
"Unknown years","Columbia","17","0","0"
"01-04 years","Cook","12","0","1"
"05-09 years","Cook","21","0","0"
"10-17 years","Cook","88","0","1"
"18-29 years","Cook","219","0","6"
"30-39 years","Cook","162","0","4"
"40-49 years","Cook","171","0","13"
"50-59 years","Cook","154","2","17"
"60-69 years","Cook","118","8","17"
"70-79 years","Cook","95","10","28"
"80 & Older years","Cook","52","12","14"
"<1 years","Cook","6","0","0"
"Unknown years","Cook","2","0","0"
"01-04 years","Coweta","88","0","0"
"05-09 years","Coweta","158","0","0"
"10-17 years","Coweta","529","0","4"
"18-29 years","Coweta","1350","1","14"
"30-39 years","Coweta","1025","0","21"
"40-49 years","Coweta","1113","4","28"
"50-59 years","Coweta","1268","14","51"
"60-69 years","Coweta","788","21","43"
"70-79 years","Coweta","502","25","52"
"80 & Older years","Coweta","278","44","32"
"<1 years","Coweta","25","0","1"
"Unknown years","Coweta","15","0","0"
"01-04 years","Crawford","2","0","0"
"05-09 years","Crawford","1","0","0"
"10-17 years","Crawford","25","0","0"
"18-29 years","Crawford","68","0","2"
"30-39 years","Crawford","61","0","5"
"40-49 years","Crawford","53","1","3"
"50-59 years","Crawford","102","3","12"
"60-69 years","Crawford","92","3","14"
"70-79 years","Crawford","36","3","12"
"80 & Older years","Crawford","20","0","7"
"Unknown years","Crawford","1","0","0"
"01-04 years","Crisp","20","0","0"
"05-09 years","Crisp","24","0","0"
"10-17 years","Crisp","91","0","1"
"18-29 years","Crisp","197","0","7"
"30-39 years","Crisp","199","1","12"
"40-49 years","Crisp","184","1","16"
"50-59 years","Crisp","184","4","25"
"60-69 years","Crisp","178","10","31"
"70-79 years","Crisp","91","8","29"
"80 & Older years","Crisp","69","11","16"
"<1 years","Crisp","7","0","0"
"Unknown years","Crisp","13","0","0"
"01-04 years","Dade","10","0","0"
"05-09 years","Dade","27","0","0"
"10-17 years","Dade","75","0","0"
"18-29 years","Dade","178","0","1"
"30-39 years","Dade","121","0","2"
"40-49 years","Dade","155","0","7"
"50-59 years","Dade","134","1","7"
"60-69 years","Dade","104","1","6"
"70-79 years","Dade","72","5","15"
"80 & Older years","Dade","45","1","8"
"<1 years","Dade","7","0","0"
"Unknown years","Dade","29","0","1"
"01-04 years","Dawson","21","0","0"
"05-09 years","Dawson","41","0","0"
"10-17 years","Dawson","177","0","4"
"18-29 years","Dawson","471","0","11"
"30-39 years","Dawson","331","0","11"
"40-49 years","Dawson","316","0","21"
"50-59 years","Dawson","368","1","28"
"60-69 years","Dawson","300","3","62"
"70-79 years","Dawson","190","12","42"
"80 & Older years","Dawson","78","9","27"
"<1 years","Dawson","8","0","1"
"Unknown years","Dawson","68","0","2"
"01-04 years","DeKalb","634","0","17"
"05-09 years","DeKalb","930","0","14"
"10-17 years","DeKalb","2689","0","48"
"18-29 years","DeKalb","10855","9","302"
"30-39 years","DeKalb","9371","14","440"
"40-49 years","DeKalb","7483","27","500"
"50-59 years","DeKalb","6756","69","695"
"60-69 years","DeKalb","4271","120","728"
"70-79 years","DeKalb","2191","164","547"
"80 & Older years","DeKalb","1342","206","401"
"<1 years","DeKalb","151","0","7"
"Unknown years","DeKalb","232","0","7"
"01-04 years","Decatur","48","0","1"
"05-09 years","Decatur","58","0","0"
"10-17 years","Decatur","190","0","0"
"18-29 years","Decatur","385","1","8"
"30-39 years","Decatur","302","1","8"
"40-49 years","Decatur","297","1","18"
"50-59 years","Decatur","247","5","25"
"60-69 years","Decatur","211","10","28"
"70-79 years","Decatur","124","16","20"
"80 & Older years","Decatur","95","13","19"
"<1 years","Decatur","9","0","0"
"Unknown years","Decatur","1","0","0"
"01-04 years","Dodge","7","0","0"
"05-09 years","Dodge","17","0","0"
"10-17 years","Dodge","78","1","1"
"18-29 years","Dodge","180","0","3"
"30-39 years","Dodge","140","0","3"
"40-49 years","Dodge","147","1","10"
"50-59 years","Dodge","173","4","15"
"60-69 years","Dodge","152","13","29"
"70-79 years","Dodge","80","16","20"
"80 & Older years","Dodge","55","16","17"
"<1 years","Dodge","3","0","0"
"Unknown years","Dodge","3","1","0"
"01-04 years","Dooly","12","0","0"
"05-09 years","Dooly","11","0","0"
"10-17 years","Dooly","45","0","1"
"18-29 years","Dooly","97","0","5"
"30-39 years","Dooly","91","0","8"
"40-49 years","Dooly","109","0","8"
"50-59 years","Dooly","125","5","15"
"60-69 years","Dooly","113","9","22"
"70-79 years","Dooly","58","6","12"
"80 & Older years","Dooly","21","6","5"
"<1 years","Dooly","3","0","0"
"Unknown years","Dooly","4","0","0"
"01-04 years","Dougherty","49","0","3"
"05-09 years","Dougherty","87","0","0"
"10-17 years","Dougherty","214","0","4"
"18-29 years","Dougherty","864","2","72"
"30-39 years","Dougherty","727","4","66"
"40-49 years","Dougherty","757","14","101"
"50-59 years","Dougherty","832","22","144"
"60-69 years","Dougherty","729","62","218"
"70-79 years","Dougherty","428","56","163"
"80 & Older years","Dougherty","247","79","107"
"<1 years","Dougherty","23","0","1"
"Unknown years","Dougherty","10","0","0"
"01-04 years","Douglas","124","0","3"
"05-09 years","Douglas","227","0","4"
"10-17 years","Douglas","688","0","5"
"18-29 years","Douglas","1918","0","42"
"30-39 years","Douglas","1511","3","51"
"40-49 years","Douglas","1761","4","90"
"50-59 years","Douglas","1595","18","132"
"60-69 years","Douglas","915","25","129"
"70-79 years","Douglas","501","48","120"
"80 & Older years","Douglas","241","31","68"
"<1 years","Douglas","26","0","4"
"Unknown years","Douglas","98","0","0"
"01-04 years","Early","19","0","0"
"05-09 years","Early","17","0","0"
"10-17 years","Early","74","0","0"
"18-29 years","Early","133","0","4"
"30-39 years","Early","140","0","4"
"40-49 years","Early","155","1","9"
"50-59 years","Early","148","3","10"
"60-69 years","Early","111","11","12"
"70-79 years","Early","70","13","14"
"80 & Older years","Early","38","12","10"
"<1 years","Early","2","0","0"
"01-04 years","Echols","7","0","0"
"05-09 years","Echols","5","0","0"
"10-17 years","Echols","25","0","1"
"18-29 years","Echols","129","0","1"
"30-39 years","Echols","56","0","2"
"40-49 years","Echols","40","0","1"
"50-59 years","Echols","43","0","2"
"60-69 years","Echols","21","0","0"
"70-79 years","Echols","17","2","3"
"80 & Older years","Echols","1","0","1"
"<1 years","Echols","1","0","0"
"01-04 years","Effingham","40","0","2"
"05-09 years","Effingham","95","0","0"
"10-17 years","Effingham","290","0","0"
"18-29 years","Effingham","583","0","4"
"30-39 years","Effingham","513","1","12"
"40-49 years","Effingham","488","0","26"
"50-59 years","Effingham","494","8","34"
"60-69 years","Effingham","330","5","48"
"70-79 years","Effingham","195","17","47"
"80 & Older years","Effingham","88","15","29"
"<1 years","Effingham","7","0","0"
"Unknown years","Effingham","11","0","0"
"01-04 years","Elbert","17","0","0"
"05-09 years","Elbert","27","0","0"
"10-17 years","Elbert","78","0","0"
"18-29 years","Elbert","241","0","1"
"30-39 years","Elbert","169","0","8"
"40-49 years","Elbert","203","1","8"
"50-59 years","Elbert","213","0","11"
"60-69 years","Elbert","172","1","20"
"70-79 years","Elbert","148","11","30"
"80 & Older years","Elbert","122","21","29"
"<1 years","Elbert","8","0","2"
"Unknown years","Elbert","9","0","0"
"01-04 years","Emanuel","23","0","1"
"05-09 years","Emanuel","21","0","0"
"10-17 years","Emanuel","158","0","2"
"18-29 years","Emanuel","290","1","0"
"30-39 years","Emanuel","218","0","7"
"40-49 years","Emanuel","272","1","7"
"50-59 years","Emanuel","244","5","24"
"60-69 years","Emanuel","211","8","26"
"70-79 years","Emanuel","122","15","25"
"80 & Older years","Emanuel","59","18","20"
"<1 years","Emanuel","4","0","0"
"Unknown years","Emanuel","11","0","1"
"01-04 years","Evans","8","0","0"
"05-09 years","Evans","19","0","0"
"10-17 years","Evans","79","0","0"
"18-29 years","Evans","130","1","3"
"30-39 years","Evans","118","0","3"
"40-49 years","Evans","99","0","9"
"50-59 years","Evans","101","1","15"
"60-69 years","Evans","59","3","14"
"70-79 years","Evans","44","3","12"
"80 & Older years","Evans","18","2","9"
"<1 years","Evans","2","0","0"
"Unknown years","Evans","1","0","0"
"01-04 years","Fannin","12","0","0"
"05-09 years","Fannin","24","0","0"
"10-17 years","Fannin","102","0","0"
"18-29 years","Fannin","256","1","3"
"30-39 years","Fannin","195","0","5"
"40-49 years","Fannin","226","1","9"
"50-59 years","Fannin","313","4","21"
"60-69 years","Fannin","302","5","30"
"70-79 years","Fannin","220","7","36"
"80 & Older years","Fannin","132","27","44"
"<1 years","Fannin","4","0","0"
"Unknown years","Fannin","17","0","0"
"01-04 years","Fayette","51","0","0"
"05-09 years","Fayette","83","0","1"
"10-17 years","Fayette","382","0","2"
"18-29 years","Fayette","979","0","6"
"30-39 years","Fayette","616","1","7"
"40-49 years","Fayette","832","1","22"
"50-59 years","Fayette","882","5","32"
"60-69 years","Fayette","682","15","37"
"70-79 years","Fayette","357","37","56"
"80 & Older years","Fayette","242","44","32"
"<1 years","Fayette","11","0","0"
"Unknown years","Fayette","35","0","0"
"01-04 years","Floyd","106","0","3"
"05-09 years","Floyd","179","0","0"
"10-17 years","Floyd","809","0","8"
"18-29 years","Floyd","1759","0","19"
"30-39 years","Floyd","1280","3","39"
"40-49 years","Floyd","1251","3","69"
"50-59 years","Floyd","1196","18","113"
"60-69 years","Floyd","878","30","146"
"70-79 years","Floyd","607","33","153"
"80 & Older years","Floyd","344","51","110"
"<1 years","Floyd","40","0","2"
"Unknown years","Floyd","98","0","1"
"01-04 years","Forsyth","160","0","1"
"05-09 years","Forsyth","376","0","1"
"10-17 years","Forsyth","1462","0","4"
"18-29 years","Forsyth","2564","0","39"
"30-39 years","Forsyth","1810","0","54"
"40-49 years","Forsyth","2336","4","105"
"50-59 years","Forsyth","2185","9","145"
"60-69 years","Forsyth","1148","11","127"
"70-79 years","Forsyth","722","33","196"
"80 & Older years","Forsyth","436","51","132"
"<1 years","Forsyth","39","0","3"
"Unknown years","Forsyth","1013","0","2"
"01-04 years","Franklin","12","0","1"
"05-09 years","Franklin","48","0","0"
"10-17 years","Franklin","164","0","5"
"18-29 years","Franklin","396","0","9"
"30-39 years","Franklin","272","0","3"
"40-49 years","Franklin","307","0","11"
"50-59 years","Franklin","308","0","20"
"60-69 years","Franklin","277","3","31"
"70-79 years","Franklin","157","13","29"
"80 & Older years","Franklin","74","13","19"
"<1 years","Franklin","8","0","1"
"Unknown years","Franklin","91","0","2"
"01-04 years","Fulton","772","0","17"
"05-09 years","Fulton","1306","0","10"
"10-17 years","Fulton","4172","1","39"
"18-29 years","Fulton","18097","5","292"
"30-39 years","Fulton","13111","18","410"
"40-49 years","Fulton","10391","30","483"
"50-59 years","Fulton","9309","74","678"
"60-69 years","Fulton","5490","156","655"
"70-79 years","Fulton","2988","226","583"
"80 & Older years","Fulton","2136","385","590"
"<1 years","Fulton","176","0","7"
"Unknown years","Fulton","275","0","5"
"01-04 years","Gilmer","28","0","2"
"05-09 years","Gilmer","30","0","0"
"10-17 years","Gilmer","158","0","2"
"18-29 years","Gilmer","318","0","8"
"30-39 years","Gilmer","280","0","14"
"40-49 years","Gilmer","299","0","14"
"50-59 years","Gilmer","336","5","21"
"60-69 years","Gilmer","304","5","34"
"70-79 years","Gilmer","217","9","38"
"80 & Older years","Gilmer","126","26","35"
"<1 years","Gilmer","10","0","0"
"Unknown years","Gilmer","43","0","0"
"01-04 years","Glascock","1","0","0"
"05-09 years","Glascock","2","0","0"
"10-17 years","Glascock","1","0","0"
"18-29 years","Glascock","21","0","1"
"30-39 years","Glascock","15","0","0"
"40-49 years","Glascock","17","0","2"
"50-59 years","Glascock","26","2","3"
"60-69 years","Glascock","14","0","1"
"70-79 years","Glascock","21","1","7"
"80 & Older years","Glascock","9","1","5"
"<1 years","Glascock","1","0","0"
"Unknown years","Glascock","1","0","0"
"01-04 years","Glynn","83","0","1"
"05-09 years","Glynn","153","0","1"
"10-17 years","Glynn","428","0","0"
"18-29 years","Glynn","1238","0","22"
"30-39 years","Glynn","937","4","25"
"40-49 years","Glynn","796","3","32"
"50-59 years","Glynn","765","9","63"
"60-69 years","Glynn","637","26","104"
"70-79 years","Glynn","393","40","76"
"80 & Older years","Glynn","232","55","81"
"<1 years","Glynn","18","0","0"
"Unknown years","Glynn","98","0","0"
"01-04 years","Gordon","72","0","0"
"05-09 years","Gordon","105","0","0"
"10-17 years","Gordon","443","0","3"
"18-29 years","Gordon","1043","0","12"
"30-39 years","Gordon","804","2","18"
"40-49 years","Gordon","853","1","26"
"50-59 years","Gordon","827","8","39"
"60-69 years","Gordon","505","16","41"
"70-79 years","Gordon","307","22","67"
"80 & Older years","Gordon","167","27","45"
"<1 years","Gordon","20","0","3"
"Unknown years","Gordon","80","0","3"
"01-04 years","Grady","30","0","1"
"05-09 years","Grady","38","0","0"
"10-17 years","Grady","118","0","3"
"18-29 years","Grady","242","0","9"
"30-39 years","Grady","208","0","8"
"40-49 years","Grady","222","0","20"
"50-59 years","Grady","198","7","26"
"60-69 years","Grady","154","4","21"
"70-79 years","Grady","140","13","38"
"80 & Older years","Grady","52","15","17"
"<1 years","Grady","4","0","1"
"Unknown years","Grady","3","0","0"
"01-04 years","Greene","14","0","0"
"05-09 years","Greene","30","0","0"
"10-17 years","Greene","73","0","0"
"18-29 years","Greene","233","0","5"
"30-39 years","Greene","165","0","6"
"40-49 years","Greene","158","3","11"
"50-59 years","Greene","188","4","15"
"60-69 years","Greene","194","5","11"
"70-79 years","Greene","145","5","21"
"80 & Older years","Greene","82","17","31"
"<1 years","Greene","3","0","1"
"Unknown years","Greene","1","0","0"
"01-04 years","Gwinnett","1112","0","21"
"05-09 years","Gwinnett","1766","0","20"
"10-17 years","Gwinnett","5877","1","74"
"18-29 years","Gwinnett","16847","6","511"
"30-39 years","Gwinnett","12434","15","525"
"40-49 years","Gwinnett","13355","41","700"
"50-59 years","Gwinnett","11263","74","761"
"60-69 years","Gwinnett","6189","144","771"
"70-79 years","Gwinnett","2826","175","600"
"80 & Older years","Gwinnett","1574","262","535"
"<1 years","Gwinnett","251","0","7"
"Unknown years","Gwinnett","218","0","1"
"01-04 years","Habersham","30","0","2"
"05-09 years","Habersham","53","0","3"
"10-17 years","Habersham","272","1","6"
"18-29 years","Habersham","756","0","10"
"30-39 years","Habersham","560","2","25"
"40-49 years","Habersham","593","3","36"
"50-59 years","Habersham","624","5","52"
"60-69 years","Habersham","508","14","105"
"70-79 years","Habersham","352","30","97"
"80 & Older years","Habersham","261","63","84"
"<1 years","Habersham","8","0","3"
"Unknown years","Habersham","317","0","4"
"01-04 years","Hall","167","0","5"
"05-09 years","Hall","334","0","3"
"10-17 years","Hall","1562","0","26"
"18-29 years","Hall","4796","3","142"
"30-39 years","Hall","3209","1","169"
"40-49 years","Hall","3392","7","240"
"50-59 years","Hall","3525","25","347"
"60-69 years","Hall","2365","58","360"
"70-79 years","Hall","1531","81","410"
"80 & Older years","Hall","874","136","347"
"<1 years","Hall","34","0","7"
"Unknown years","Hall","756","0","9"
"01-04 years","Hancock","5","0","0"
"05-09 years","Hancock","5","0","0"
"10-17 years","Hancock","28","0","0"
"18-29 years","Hancock","123","0","2"
"30-39 years","Hancock","106","0","2"
"40-49 years","Hancock","96","1","4"
"50-59 years","Hancock","127","4","15"
"60-69 years","Hancock","134","15","28"
"70-79 years","Hancock","69","15","19"
"80 & Older years","Hancock","57","18","21"
"<1 years","Hancock","4","0","0"
"01-04 years","Haralson","19","0","0"
"05-09 years","Haralson","33","0","0"
"10-17 years","Haralson","128","0","1"
"18-29 years","Haralson","325","0","2"
"30-39 years","Haralson","198","0","3"
"40-49 years","Haralson","214","1","5"
"50-59 years","Haralson","228","1","3"
"60-69 years","Haralson","170","11","19"
"70-79 years","Haralson","118","10","15"
"80 & Older years","Haralson","52","5","8"
"<1 years","Haralson","6","0","0"
"Unknown years","Haralson","4","0","0"
"01-04 years","Harris","25","0","0"
"05-09 years","Harris","27","0","0"
"10-17 years","Harris","156","0","2"
"18-29 years","Harris","286","0","4"
"30-39 years","Harris","204","0","6"
"40-49 years","Harris","303","2","9"
"50-59 years","Harris","304","5","20"
"60-69 years","Harris","274","13","45"
"70-79 years","Harris","152","10","34"
"80 & Older years","Harris","51","7","9"
"<1 years","Harris","5","0","0"
"Unknown years","Harris","8","0","0"
"01-04 years","Hart","16","0","0"
"05-09 years","Hart","23","0","1"
"10-17 years","Hart","83","0","0"
"18-29 years","Hart","271","0","2"
"30-39 years","Hart","221","0","6"
"40-49 years","Hart","212","0","8"
"50-59 years","Hart","256","3","16"
"60-69 years","Hart","199","11","27"
"70-79 years","Hart","122","7","18"
"80 & Older years","Hart","84","10","25"
"<1 years","Hart","4","0","1"
"Unknown years","Hart","45","0","0"
"01-04 years","Heard","8","0","0"
"05-09 years","Heard","11","0","0"
"10-17 years","Heard","54","0","1"
"18-29 years","Heard","95","0","1"
"30-39 years","Heard","54","0","1"
"40-49 years","Heard","95","0","4"
"50-59 years","Heard","83","0","5"
"60-69 years","Heard","66","3","7"
"70-79 years","Heard","45","5","13"
"80 & Older years","Heard","20","4","2"
"<1 years","Heard","4","0","0"
"Unknown years","Heard","1","0","0"
"01-04 years","Henry","177","0","5"
"05-09 years","Henry","285","0","1"
"10-17 years","Henry","1086","0","9"
"18-29 years","Henry","3078","1","25"
"30-39 years","Henry","2509","6","37"
"40-49 years","Henry","2815","11","73"
"50-59 years","Henry","2731","15","99"
"60-69 years","Henry","1531","42","73"
"70-79 years","Henry","758","60","58"
"80 & Older years","Henry","396","64","45"
"<1 years","Henry","37","0","2"
"Unknown years","Henry","36","0","0"
"01-04 years","Houston","86","0","2"
"05-09 years","Houston","131","0","1"
"10-17 years","Houston","591","0","3"
"18-29 years","Houston","1892","3","31"
"30-39 years","Houston","1620","1","52"
"40-49 years","Houston","1505","4","79"
"50-59 years","Houston","1306","12","89"
"60-69 years","Houston","834","32","123"
"70-79 years","Houston","480","50","124"
"80 & Older years","Houston","253","41","80"
"<1 years","Houston","22","0","2"
"Unknown years","Houston","9","0","0"
"01-04 years","Irwin","6","0","0"
"05-09 years","Irwin","10","0","0"
"10-17 years","Irwin","51","0","0"
"18-29 years","Irwin","110","0","4"
"30-39 years","Irwin","92","0","4"
"40-49 years","Irwin","112","1","9"
"50-59 years","Irwin","100","2","11"
"60-69 years","Irwin","81","1","21"
"70-79 years","Irwin","48","4","7"
"80 & Older years","Irwin","34","6","18"
"01-04 years","Jackson","53","0","0"
"05-09 years","Jackson","134","0","2"
"10-17 years","Jackson","654","0","2"
"18-29 years","Jackson","1330","2","16"
"30-39 years","Jackson","1138","1","18"
"40-49 years","Jackson","1246","6","48"
"50-59 years","Jackson","1175","4","64"
"60-69 years","Jackson","782","19","66"
"70-79 years","Jackson","537","24","94"
"80 & Older years","Jackson","289","40","85"
"<1 years","Jackson","14","0","2"
"Unknown years","Jackson","40","0","1"
"01-04 years","Jasper","5","0","1"
"05-09 years","Jasper","6","0","0"
"10-17 years","Jasper","30","0","0"
"18-29 years","Jasper","103","0","3"
"30-39 years","Jasper","84","0","1"
"40-49 years","Jasper","85","0","3"
"50-59 years","Jasper","111","1","13"
"60-69 years","Jasper","82","7","12"
"70-79 years","Jasper","44","5","11"
"80 & Older years","Jasper","14","0","3"
"<1 years","Jasper","3","0","1"
"Unknown years","Jasper","2","0","0"
"01-04 years","Jeff Davis","28","0","1"
"05-09 years","Jeff Davis","27","0","0"
"10-17 years","Jeff Davis","102","0","2"
"18-29 years","Jeff Davis","227","0","4"
"30-39 years","Jeff Davis","196","0","9"
"40-49 years","Jeff Davis","186","0","11"
"50-59 years","Jeff Davis","172","6","19"
"60-69 years","Jeff Davis","119","6","22"
"70-79 years","Jeff Davis","78","12","17"
"80 & Older years","Jeff Davis","16","8","6"
"<1 years","Jeff Davis","2","0","1"
"Unknown years","Jeff Davis","3","0","0"
"01-04 years","Jefferson","17","0","0"
"05-09 years","Jefferson","31","0","0"
"10-17 years","Jefferson","92","0","1"
"18-29 years","Jefferson","220","0","3"
"30-39 years","Jefferson","179","0","7"
"40-49 years","Jefferson","197","3","12"
"50-59 years","Jefferson","249","4","21"
"60-69 years","Jefferson","226","10","28"
"70-79 years","Jefferson","145","13","34"
"80 & Older years","Jefferson","67","16","26"
"<1 years","Jefferson","4","0","0"
"Unknown years","Jefferson","9","0","0"
"01-04 years","Jenkins","12","0","0"
"05-09 years","Jenkins","20","0","0"
"10-17 years","Jenkins","58","0","0"
"18-29 years","Jenkins","100","0","2"
"30-39 years","Jenkins","79","1","5"
"40-49 years","Jenkins","106","3","10"
"50-59 years","Jenkins","111","6","16"
"60-69 years","Jenkins","81","5","11"
"70-79 years","Jenkins","55","12","21"
"80 & Older years","Jenkins","49","9","10"
"<1 years","Jenkins","2","0","0"
"Unknown years","Jenkins","2","0","1"
"01-04 years","Johnson","6","0","0"
"05-09 years","Johnson","7","0","0"
"10-17 years","Johnson","24","0","0"
"18-29 years","Johnson","100","0","2"
"30-39 years","Johnson","88","0","3"
"40-49 years","Johnson","86","1","7"
"50-59 years","Johnson","125","3","17"
"60-69 years","Johnson","118","7","18"
"70-79 years","Johnson","81","6","21"
"80 & Older years","Johnson","67","17","21"
"<1 years","Johnson","1","0","1"
"Unknown years","Johnson","1","0","0"
"01-04 years","Jones","6","0","0"
"05-09 years","Jones","21","0","0"
"10-17 years","Jones","74","0","0"
"18-29 years","Jones","307","0","6"
"30-39 years","Jones","217","1","7"
"40-49 years","Jones","195","1","9"
"50-59 years","Jones","231","1","19"
"60-69 years","Jones","157","3","23"
"70-79 years","Jones","102","10","27"
"80 & Older years","Jones","63","13","16"
"<1 years","Jones","3","0","0"
"Unknown years","Jones","3","0","0"
"01-04 years","Lamar","19","0","0"
"05-09 years","Lamar","36","0","0"
"10-17 years","Lamar","94","0","1"
"18-29 years","Lamar","175","0","1"
"30-39 years","Lamar","157","0","4"
"40-49 years","Lamar","153","1","4"
"50-59 years","Lamar","167","2","19"
"60-69 years","Lamar","152","6","17"
"70-79 years","Lamar","110","6","17"
"80 & Older years","Lamar","60","18","16"
"<1 years","Lamar","12","0","0"
"Unknown years","Lamar","12","0","0"
"01-04 years","Lanier","6","0","0"
"05-09 years","Lanier","9","0","1"
"10-17 years","Lanier","28","0","1"
"18-29 years","Lanier","96","1","1"
"30-39 years","Lanier","111","0","1"
"40-49 years","Lanier","69","1","2"
"50-59 years","Lanier","59","0","5"
"60-69 years","Lanier","37","1","2"
"70-79 years","Lanier","23","4","5"
"80 & Older years","Lanier","12","0","6"
"<1 years","Lanier","4","0","0"
"01-04 years","Laurens","24","0","0"
"05-09 years","Laurens","43","0","1"
"10-17 years","Laurens","212","0","2"
"18-29 years","Laurens","588","0","9"
"30-39 years","Laurens","499","1","16"
"40-49 years","Laurens","511","4","26"
"50-59 years","Laurens","540","9","57"
"60-69 years","Laurens","453","27","73"
"70-79 years","Laurens","304","40","73"
"80 & Older years","Laurens","214","46","57"
"<1 years","Laurens","2","0","0"
"Unknown years","Laurens","4","0","0"
"01-04 years","Lee","11","0","0"
"05-09 years","Lee","21","0","3"
"10-17 years","Lee","103","0","2"
"18-29 years","Lee","245","1","9"
"30-39 years","Lee","267","1","16"
"40-49 years","Lee","270","3","26"
"50-59 years","Lee","234","7","35"
"60-69 years","Lee","166","9","24"
"70-79 years","Lee","84","10","25"
"80 & Older years","Lee","44","6","15"
"<1 years","Lee","7","0","0"
"01-04 years","Liberty","29","0","1"
"05-09 years","Liberty","45","0","1"
"10-17 years","Liberty","182","0","2"
"18-29 years","Liberty","626","1","12"
"30-39 years","Liberty","394","0","13"
"40-49 years","Liberty","357","0","16"
"50-59 years","Liberty","335","5","33"
"60-69 years","Liberty","241","11","42"
"70-79 years","Liberty","104","11","37"
"80 & Older years","Liberty","57","11","24"
"<1 years","Liberty","21","0","1"
"Unknown years","Liberty","12","0","0"
"01-04 years","Lincoln","9","0","0"
"05-09 years","Lincoln","12","0","0"
"10-17 years","Lincoln","22","0","0"
"18-29 years","Lincoln","81","0","2"
"30-39 years","Lincoln","59","0","1"
"40-49 years","Lincoln","71","0","5"
"50-59 years","Lincoln","60","2","5"
"60-69 years","Lincoln","61","4","13"
"70-79 years","Lincoln","45","3","9"
"80 & Older years","Lincoln","20","6","8"
"<1 years","Lincoln","2","0","0"
"Unknown years","Lincoln","5","0","0"
"01-04 years","Long","12","0","0"
"05-09 years","Long","7","0","0"
"10-17 years","Long","43","0","0"
"18-29 years","Long","108","0","0"
"30-39 years","Long","119","0","2"
"40-49 years","Long","83","0","5"
"50-59 years","Long","74","1","9"
"60-69 years","Long","64","1","8"
"70-79 years","Long","35","5","13"
"80 & Older years","Long","20","1","7"
"<1 years","Long","4","0","0"
"Unknown years","Long","5","0","0"
"01-04 years","Lowndes","125","0","0"
"05-09 years","Lowndes","158","0","0"
"10-17 years","Lowndes","548","0","6"
"18-29 years","Lowndes","2107","3","26"
"30-39 years","Lowndes","1108","1","16"
"40-49 years","Lowndes","935","2","36"
"50-59 years","Lowndes","819","7","50"
"60-69 years","Lowndes","567","23","67"
"70-79 years","Lowndes","304","34","56"
"80 & Older years","Lowndes","188","43","49"
"<1 years","Lowndes","28","0","0"
"Unknown years","Lowndes","18","0","0"
"01-04 years","Lumpkin","15","0","0"
"05-09 years","Lumpkin","28","0","2"
"10-17 years","Lumpkin","119","0","2"
"18-29 years","Lumpkin","633","0","10"
"30-39 years","Lumpkin","310","0","8"
"40-49 years","Lumpkin","302","1","15"
"50-59 years","Lumpkin","341","3","39"
"60-69 years","Lumpkin","341","8","49"
"70-79 years","Lumpkin","243","6","58"
"80 & Older years","Lumpkin","126","21","65"
"<1 years","Lumpkin","7","0","1"
"Unknown years","Lumpkin","44","0","2"
"01-04 years","Macon","7","0","0"
"05-09 years","Macon","9","0","0"
"10-17 years","Macon","20","0","0"
"18-29 years","Macon","89","0","3"
"30-39 years","Macon","61","0","4"
"40-49 years","Macon","97","1","7"
"50-59 years","Macon","100","4","11"
"60-69 years","Macon","68","5","19"
"70-79 years","Macon","47","3","14"
"80 & Older years","Macon","18","4","6"
"<1 years","Macon","3","0","0"
"Unknown years","Macon","5","0","1"
"01-04 years","Madison","38","0","0"
"05-09 years","Madison","48","0","0"
"10-17 years","Madison","196","0","0"
"18-29 years","Madison","419","0","2"
"30-39 years","Madison","359","0","5"
"40-49 years","Madison","356","0","14"
"50-59 years","Madison","386","3","21"
"60-69 years","Madison","276","7","31"
"70-79 years","Madison","169","11","30"
"80 & Older years","Madison","69","7","6"
"<1 years","Madison","17","0","3"
"Unknown years","Madison","14","0","0"
"01-04 years","Marion","6","0","0"
"05-09 years","Marion","5","0","0"
"10-17 years","Marion","34","0","0"
"18-29 years","Marion","53","0","1"
"30-39 years","Marion","37","0","2"
"40-49 years","Marion","52","1","5"
"50-59 years","Marion","57","3","5"
"60-69 years","Marion","40","3","4"
"70-79 years","Marion","28","1","5"
"80 & Older years","Marion","27","2","7"
"<1 years","Marion","2","0","0"
"Unknown years","Marion","2","0","0"
"01-04 years","McDuffie","21","0","0"
"05-09 years","McDuffie","27","0","0"
"10-17 years","McDuffie","101","0","0"
"18-29 years","McDuffie","283","0","3"
"30-39 years","McDuffie","225","2","4"
"40-49 years","McDuffie","219","2","12"
"50-59 years","McDuffie","219","2","23"
"60-69 years","McDuffie","169","8","24"
"70-79 years","McDuffie","106","7","39"
"80 & Older years","McDuffie","45","10","20"
"Unknown years","McDuffie","32","0","1"
"01-04 years","McIntosh","1","0","0"
"05-09 years","McIntosh","7","0","0"
"10-17 years","McIntosh","31","0","0"
"18-29 years","McIntosh","89","0","2"
"30-39 years","McIntosh","70","0","3"
"40-49 years","McIntosh","75","0","4"
"50-59 years","McIntosh","102","0","2"
"60-69 years","McIntosh","79","2","16"
"70-79 years","McIntosh","57","3","13"
"80 & Older years","McIntosh","19","5","7"
"<1 years","McIntosh","1","0","0"
"Unknown years","McIntosh","3","0","0"
"01-04 years","Meriwether","19","0","1"
"05-09 years","Meriwether","21","0","1"
"10-17 years","Meriwether","72","0","0"
"18-29 years","Meriwether","185","0","6"
"30-39 years","Meriwether","151","2","13"
"40-49 years","Meriwether","194","1","14"
"50-59 years","Meriwether","198","3","14"
"60-69 years","Meriwether","185","4","22"
"70-79 years","Meriwether","154","9","27"
"80 & Older years","Meriwether","81","10","13"
"<1 years","Meriwether","3","0","0"
"Unknown years","Meriwether","6","0","0"
"01-04 years","Miller","8","0","0"
"05-09 years","Miller","7","0","0"
"10-17 years","Miller","58","0","1"
"18-29 years","Miller","98","0","1"
"30-39 years","Miller","88","0","0"
"40-49 years","Miller","69","0","5"
"50-59 years","Miller","112","2","10"
"60-69 years","Miller","75","2","5"
"70-79 years","Miller","27","0","2"
"80 & Older years","Miller","23","0","6"
"<1 years","Miller","3","0","0"
"Unknown years","Miller","1","0","0"
"01-04 years","Mitchell","18","0","0"
"05-09 years","Mitchell","22","0","0"
"10-17 years","Mitchell","75","0","1"
"18-29 years","Mitchell","227","0","9"
"30-39 years","Mitchell","201","1","15"
"40-49 years","Mitchell","201","3","17"
"50-59 years","Mitchell","235","9","51"
"60-69 years","Mitchell","197","14","46"
"70-79 years","Mitchell","125","17","41"
"80 & Older years","Mitchell","94","24","28"
"<1 years","Mitchell","6","0","0"
"Unknown years","Mitchell","2","0","1"
"01-04 years","Monroe","8","0","0"
"05-09 years","Monroe","18","0","1"
"10-17 years","Monroe","74","0","0"
"18-29 years","Monroe","260","0","3"
"30-39 years","Monroe","216","0","6"
"40-49 years","Monroe","252","2","18"
"50-59 years","Monroe","274","3","22"
"60-69 years","Monroe","260","15","39"
"70-79 years","Monroe","148","19","36"
"80 & Older years","Monroe","110","34","25"
"<1 years","Monroe","3","0","1"
"01-04 years","Montgomery","9","0","0"
"05-09 years","Montgomery","6","0","0"
"10-17 years","Montgomery","43","0","1"
"18-29 years","Montgomery","148","0","1"
"30-39 years","Montgomery","88","1","3"
"40-49 years","Montgomery","114","0","2"
"50-59 years","Montgomery","93","2","5"
"60-69 years","Montgomery","88","5","12"
"70-79 years","Montgomery","50","6","8"
"80 & Older years","Montgomery","22","4","6"
"<1 years","Montgomery","1","0","0"
"Unknown years","Montgomery","2","0","0"
"01-04 years","Morgan","16","0","0"
"05-09 years","Morgan","18","0","0"
"10-17 years","Morgan","74","0","0"
"18-29 years","Morgan","193","0","4"
"30-39 years","Morgan","145","0","6"
"40-49 years","Morgan","148","0","4"
"50-59 years","Morgan","166","1","11"
"60-69 years","Morgan","114","1","8"
"70-79 years","Morgan","88","2","14"
"80 & Older years","Morgan","48","5","15"
"<1 years","Morgan","13","0","2"
"Unknown years","Morgan","2","0","0"
"01-04 years","Murray","50","0","2"
"05-09 years","Murray","79","0","2"
"10-17 years","Murray","337","0","1"
"18-29 years","Murray","722","0","6"
"30-39 years","Murray","486","1","7"
"40-49 years","Murray","619","0","20"
"50-59 years","Murray","550","5","35"
"60-69 years","Murray","366","5","53"
"70-79 years","Murray","227","21","46"
"80 & Older years","Murray","97","18","23"
"<1 years","Murray","19","0","2"
"Unknown years","Murray","5","0","0"
"01-04 years","Muscogee","178","0","5"
"05-09 years","Muscogee","257","0","0"
"10-17 years","Muscogee","722","0","7"
"18-29 years","Muscogee","2809","3","51"
"30-39 years","Muscogee","1869","2","72"
"40-49 years","Muscogee","1647","4","82"
"50-59 years","Muscogee","1655","31","169"
"60-69 years","Muscogee","1289","57","215"
"70-79 years","Muscogee","732","69","157"
"80 & Older years","Muscogee","452","88","128"
"<1 years","Muscogee","61","0","3"
"Unknown years","Muscogee","52","0","1"
"01-04 years","Newton","71","0","2"
"05-09 years","Newton","109","0","0"
"10-17 years","Newton","383","0","7"
"18-29 years","Newton","1154","1","32"
"30-39 years","Newton","1001","0","46"
"40-49 years","Newton","1144","4","77"
"50-59 years","Newton","1072","11","104"
"60-69 years","Newton","616","26","85"
"70-79 years","Newton","419","40","70"
"80 & Older years","Newton","263","71","64"
"<1 years","Newton","18","0","1"
"Unknown years","Newton","12","0","0"
"01-04 years","Non-GA Resident/Unknown State","237","0","2"
"05-09 years","Non-GA Resident/Unknown State","400","0","5"
"10-17 years","Non-GA Resident/Unknown State","1351","0","7"
"18-29 years","Non-GA Resident/Unknown State","5710","4","61"
"30-39 years","Non-GA Resident/Unknown State","3998","3","83"
"40-49 years","Non-GA Resident/Unknown State","3452","9","91"
"50-59 years","Non-GA Resident/Unknown State","3340","37","185"
"60-69 years","Non-GA Resident/Unknown State","2286","79","237"
"70-79 years","Non-GA Resident/Unknown State","1481","80","238"
"80 & Older years","Non-GA Resident/Unknown State","846","105","170"
"<1 years","Non-GA Resident/Unknown State","136","0","2"
"Unknown years","Non-GA Resident/Unknown State","975","1","3"
"01-04 years","Oconee","30","0","0"
"05-09 years","Oconee","49","0","0"
"10-17 years","Oconee","236","0","0"
"18-29 years","Oconee","495","0","3"
"30-39 years","Oconee","301","0","4"
"40-49 years","Oconee","458","1","10"
"50-59 years","Oconee","385","3","10"
"60-69 years","Oconee","261","9","27"
"70-79 years","Oconee","156","13","23"
"80 & Older years","Oconee","121","19","35"
"<1 years","Oconee","6","0","0"
"Unknown years","Oconee","4","1","0"
"01-04 years","Oglethorpe","16","0","0"
"05-09 years","Oglethorpe","23","0","0"
"10-17 years","Oglethorpe","78","0","1"
"18-29 years","Oglethorpe","180","0","1"
"30-39 years","Oglethorpe","126","1","1"
"40-49 years","Oglethorpe","159","0","5"
"50-59 years","Oglethorpe","149","1","17"
"60-69 years","Oglethorpe","130","0","13"
"70-79 years","Oglethorpe","92","3","10"
"80 & Older years","Oglethorpe","63","11","14"
"<1 years","Oglethorpe","7","0","0"
"Unknown years","Oglethorpe","6","0","0"
"01-04 years","Paulding","109","0","2"
"05-09 years","Paulding","215","0","0"
"10-17 years","Paulding","824","0","6"
"18-29 years","Paulding","1653","0","16"
"30-39 years","Paulding","1359","2","21"
"40-49 years","Paulding","1528","3","24"
"50-59 years","Paulding","1453","11","48"
"60-69 years","Paulding","758","25","53"
"70-79 years","Paulding","423","32","51"
"80 & Older years","Paulding","273","57","48"
"<1 years","Paulding","25","0","0"
"Unknown years","Paulding","39","0","0"
"01-04 years","Peach","11","0","2"
"05-09 years","Peach","16","0","0"
"10-17 years","Peach","62","0","1"
"18-29 years","Peach","352","1","7"
"30-39 years","Peach","272","0","15"
"40-49 years","Peach","216","3","16"
"50-59 years","Peach","275","6","39"
"60-69 years","Peach","220","7","42"
"70-79 years","Peach","104","9","28"
"80 & Older years","Peach","55","11","24"
"<1 years","Peach","4","0","0"
"Unknown years","Peach","1","0","0"
"01-04 years","Pickens","18","0","1"
"05-09 years","Pickens","31","0","0"
"10-17 years","Pickens","118","0","0"
"18-29 years","Pickens","328","0","5"
"30-39 years","Pickens","274","0","10"
"40-49 years","Pickens","331","0","12"
"50-59 years","Pickens","372","3","21"
"60-69 years","Pickens","288","4","31"
"70-79 years","Pickens","233","13","44"
"80 & Older years","Pickens","103","18","27"
"<1 years","Pickens","2","0","0"
"Unknown years","Pickens","8","0","0"
"01-04 years","Pierce","10","0","0"
"05-09 years","Pierce","20","0","0"
"10-17 years","Pierce","76","1","1"
"18-29 years","Pierce","209","0","5"
"30-39 years","Pierce","134","0","3"
"40-49 years","Pierce","181","0","12"
"50-59 years","Pierce","172","4","20"
"60-69 years","Pierce","139","9","34"
"70-79 years","Pierce","103","9","27"
"80 & Older years","Pierce","53","11","13"
"<1 years","Pierce","6","0","1"
"Unknown years","Pierce","10","0","0"
"01-04 years","Pike","23","0","0"
"05-09 years","Pike","19","0","0"
"10-17 years","Pike","97","0","1"
"18-29 years","Pike","136","0","4"
"30-39 years","Pike","118","0","2"
"40-49 years","Pike","164","1","9"
"50-59 years","Pike","128","3","7"
"60-69 years","Pike","90","2","16"
"70-79 years","Pike","75","7","14"
"80 & Older years","Pike","28","5","6"
"<1 years","Pike","1","0","0"
"Unknown years","Pike","3","0","0"
"01-04 years","Polk","36","0","1"
"05-09 years","Polk","63","0","0"
"10-17 years","Polk","283","0","2"
"18-29 years","Polk","716","0","10"
"30-39 years","Polk","489","0","9"
"40-49 years","Polk","522","1","37"
"50-59 years","Polk","539","11","63"
"60-69 years","Polk","339","11","59"
"70-79 years","Polk","279","19","74"
"80 & Older years","Polk","125","19","46"
"<1 years","Polk","13","0","0"
"Unknown years","Polk","28","0","0"
"01-04 years","Pulaski","4","0","0"
"05-09 years","Pulaski","8","0","0"
"10-17 years","Pulaski","33","0","1"
"18-29 years","Pulaski","69","0","1"
"30-39 years","Pulaski","78","0","2"
"40-49 years","Pulaski","75","0","7"
"50-59 years","Pulaski","94","0","6"
"60-69 years","Pulaski","87","5","11"
"70-79 years","Pulaski","46","11","16"
"80 & Older years","Pulaski","36","10","4"
"<1 years","Pulaski","3","0","0"
"01-04 years","Putnam","20","0","0"
"05-09 years","Putnam","39","0","0"
"10-17 years","Putnam","93","0","2"
"18-29 years","Putnam","249","0","2"
"30-39 years","Putnam","196","0","5"
"40-49 years","Putnam","194","1","5"
"50-59 years","Putnam","250","2","13"
"60-69 years","Putnam","225","10","24"
"70-79 years","Putnam","165","12","40"
"80 & Older years","Putnam","77","14","28"
"<1 years","Putnam","6","0","1"
"01-04 years","Quitman","1","0","0"
"05-09 years","Quitman","4","0","0"
"10-17 years","Quitman","4","0","0"
"18-29 years","Quitman","11","0","0"
"30-39 years","Quitman","4","0","1"
"40-49 years","Quitman","3","0","1"
"50-59 years","Quitman","14","0","1"
"60-69 years","Quitman","23","1","4"
"70-79 years","Quitman","3","0","1"
"80 & Older years","Quitman","4","0","1"
"<1 years","Quitman","2","0","0"
"01-04 years","Rabun","13","0","0"
"05-09 years","Rabun","17","0","0"
"10-17 years","Rabun","84","0","0"
"18-29 years","Rabun","190","0","5"
"30-39 years","Rabun","164","1","9"
"40-49 years","Rabun","168","0","7"
"50-59 years","Rabun","201","3","24"
"60-69 years","Rabun","199","6","29"
"70-79 years","Rabun","151","11","33"
"80 & Older years","Rabun","74","10","28"
"<1 years","Rabun","5","0","1"
"Unknown years","Rabun","79","0","2"
"01-04 years","Randolph","1","0","0"
"05-09 years","Randolph","4","0","0"
"10-17 years","Randolph","8","0","0"
"18-29 years","Randolph","53","0","1"
"30-39 years","Randolph","60","2","4"
"40-49 years","Randolph","49","0","4"
"50-59 years","Randolph","85","3","19"
"60-69 years","Randolph","64","7","15"
"70-79 years","Randolph","45","3","12"
"80 & Older years","Randolph","47","15","16"
"<1 years","Randolph","1","0","0"
"Unknown years","Randolph","2","0","0"
"01-04 years","Richmond","232","0","1"
"05-09 years","Richmond","440","0","3"
"10-17 years","Richmond","1244","0","9"
"18-29 years","Richmond","3962","5","50"
"30-39 years","Richmond","2916","4","67"
"40-49 years","Richmond","2357","17","93"
"50-59 years","Richmond","2395","26","176"
"60-69 years","Richmond","1748","54","216"
"70-79 years","Richmond","954","69","244"
"80 & Older years","Richmond","587","115","231"
"<1 years","Richmond","74","0","2"
"Unknown years","Richmond","27","0","1"
"01-04 years","Rockdale","44","0","0"
"05-09 years","Rockdale","91","0","0"
"10-17 years","Rockdale","275","0","9"
"18-29 years","Rockdale","971","2","52"
"30-39 years","Rockdale","756","3","70"
"40-49 years","Rockdale","869","6","87"
"50-59 years","Rockdale","852","7","126"
"60-69 years","Rockdale","543","20","111"
"70-79 years","Rockdale","323","33","109"
"80 & Older years","Rockdale","164","28","58"
"<1 years","Rockdale","6","0","1"
"Unknown years","Rockdale","7","0","0"
"01-04 years","Schley","5","0","0"
"05-09 years","Schley","4","0","0"
"10-17 years","Schley","14","0","0"
"18-29 years","Schley","44","0","2"
"30-39 years","Schley","18","0","0"
"40-49 years","Schley","26","0","2"
"50-59 years","Schley","29","0","3"
"60-69 years","Schley","25","1","8"
"70-79 years","Schley","11","0","2"
"80 & Older years","Schley","5","1","1"
"<1 years","Schley","1","0","0"
"01-04 years","Screven","8","0","0"
"05-09 years","Screven","15","0","0"
"10-17 years","Screven","54","0","0"
"18-29 years","Screven","118","0","3"
"30-39 years","Screven","110","0","2"
"40-49 years","Screven","86","1","4"
"50-59 years","Screven","97","1","12"
"60-69 years","Screven","121","1","14"
"70-79 years","Screven","64","5","14"
"80 & Older years","Screven","36","7","9"
"<1 years","Screven","3","0","0"
"Unknown years","Screven","1","0","0"
"01-04 years","Seminole","13","0","0"
"05-09 years","Seminole","14","0","0"
"10-17 years","Seminole","67","0","0"
"18-29 years","Seminole","99","0","0"
"30-39 years","Seminole","82","0","0"
"40-49 years","Seminole","85","0","5"
"50-59 years","Seminole","106","1","6"
"60-69 years","Seminole","118","2","21"
"70-79 years","Seminole","64","5","14"
"80 & Older years","Seminole","25","6","10"
"<1 years","Seminole","3","0","0"
"01-04 years","Spalding","52","0","2"
"05-09 years","Spalding","45","0","1"
"10-17 years","Spalding","158","0","2"
"18-29 years","Spalding","570","1","25"
"30-39 years","Spalding","496","2","28"
"40-49 years","Spalding","508","2","36"
"50-59 years","Spalding","532","10","60"
"60-69 years","Spalding","426","20","73"
"70-79 years","Spalding","303","32","62"
"80 & Older years","Spalding","197","39","59"
"<1 years","Spalding","9","0","0"
"Unknown years","Spalding","6","0","0"
"01-04 years","Stephens","16","0","0"
"05-09 years","Stephens","40","0","1"
"10-17 years","Stephens","162","0","2"
"18-29 years","Stephens","478","1","12"
"30-39 years","Stephens","309","0","8"
"40-49 years","Stephens","393","1","21"
"50-59 years","Stephens","408","4","36"
"60-69 years","Stephens","414","17","55"
"70-79 years","Stephens","277","17","57"
"80 & Older years","Stephens","147","24","36"
"<1 years","Stephens","5","0","0"
"Unknown years","Stephens","44","0","0"
"01-04 years","Stewart","3","0","0"
"05-09 years","Stewart","2","0","0"
"10-17 years","Stewart","12","0","0"
"18-29 years","Stewart","141","0","20"
"30-39 years","Stewart","180","1","25"
"40-49 years","Stewart","132","1","23"
"50-59 years","Stewart","73","1","12"
"60-69 years","Stewart","65","9","25"
"70-79 years","Stewart","24","2","5"
"80 & Older years","Stewart","21","4","6"
"<1 years","Stewart","1","0","0"
"Unknown years","Stewart","14","0","4"
"01-04 years","Sumter","17","0","0"
"05-09 years","Sumter","25","0","0"
"10-17 years","Sumter","66","0","2"
"18-29 years","Sumter","296","1","10"
"30-39 years","Sumter","247","1","20"
"40-49 years","Sumter","241","4","19"
"50-59 years","Sumter","263","2","40"
"60-69 years","Sumter","240","23","64"
"70-79 years","Sumter","156","25","43"
"80 & Older years","Sumter","100","25","45"
"<1 years","Sumter","6","0","0"
"Unknown years","Sumter","2","0","0"
"01-04 years","Talbot","7","0","0"
"05-09 years","Talbot","3","0","0"
"10-17 years","Talbot","27","0","0"
"18-29 years","Talbot","49","0","1"
"30-39 years","Talbot","29","0","1"
"40-49 years","Talbot","54","1","4"
"50-59 years","Talbot","57","3","5"
"60-69 years","Talbot","52","2","9"
"70-79 years","Talbot","33","5","5"
"80 & Older years","Talbot","19","2","8"
"Unknown years","Talbot","2","0","0"
"01-04 years","Taliaferro","1","0","0"
"05-09 years","Taliaferro","1","0","0"
"10-17 years","Taliaferro","6","0","0"
"18-29 years","Taliaferro","10","0","0"
"30-39 years","Taliaferro","13","0","0"
"40-49 years","Taliaferro","18","0","1"
"50-59 years","Taliaferro","9","0","0"
"60-69 years","Taliaferro","19","0","3"
"70-79 years","Taliaferro","9","0","2"
"80 & Older years","Taliaferro","4","0","2"
"01-04 years","Tattnall","27","0","0"
"05-09 years","Tattnall","39","0","0"
"10-17 years","Tattnall","142","0","0"
"18-29 years","Tattnall","290","0","1"
"30-39 years","Tattnall","258","0","3"
"40-49 years","Tattnall","247","0","6"
"50-59 years","Tattnall","265","5","20"
"60-69 years","Tattnall","218","9","28"
"70-79 years","Tattnall","102","11","31"
"80 & Older years","Tattnall","44","4","8"
"<1 years","Tattnall","6","0","0"
"Unknown years","Tattnall","6","0","1"
"01-04 years","Taylor","12","0","1"
"05-09 years","Taylor","12","0","0"
"10-17 years","Taylor","47","0","1"
"18-29 years","Taylor","71","0","1"
"30-39 years","Taylor","42","0","3"
"40-49 years","Taylor","79","1","7"
"50-59 years","Taylor","62","0","14"
"60-69 years","Taylor","55","5","16"
"70-79 years","Taylor","33","4","9"
"80 & Older years","Taylor","26","9","11"
"<1 years","Taylor","4","0","0"
"01-04 years","Telfair","7","0","0"
"05-09 years","Telfair","11","0","0"
"10-17 years","Telfair","18","0","0"
"18-29 years","Telfair","134","0","3"
"30-39 years","Telfair","88","1","1"
"40-49 years","Telfair","94","1","5"
"50-59 years","Telfair","98","5","10"
"60-69 years","Telfair","102","8","17"
"70-79 years","Telfair","68","10","17"
"80 & Older years","Telfair","39","14","9"
"<1 years","Telfair","4","0","0"
"Unknown years","Telfair","1","0","0"
"01-04 years","Terrell","5","0","0"
"05-09 years","Terrell","5","0","0"
"10-17 years","Terrell","38","0","0"
"18-29 years","Terrell","61","0","1"
"30-39 years","Terrell","71","0","8"
"40-49 years","Terrell","56","0","7"
"50-59 years","Terrell","89","3","13"
"60-69 years","Terrell","88","11","31"
"70-79 years","Terrell","57","12","23"
"80 & Older years","Terrell","36","10","15"
"01-04 years","Thomas","55","0","1"
"05-09 years","Thomas","99","0","0"
"10-17 years","Thomas","274","0","2"
"18-29 years","Thomas","554","1","18"
"30-39 years","Thomas","443","1","16"
"40-49 years","Thomas","484","4","26"
"50-59 years","Thomas","508","7","38"
"60-69 years","Thomas","401","10","77"
"70-79 years","Thomas","242","31","62"
"80 & Older years","Thomas","158","38","47"
"<1 years","Thomas","13","0","1"
"Unknown years","Thomas","11","0","0"
"01-04 years","Tift","32","0","1"
"05-09 years","Tift","59","0","3"
"10-17 years","Tift","223","0","6"
"18-29 years","Tift","750","0","20"
"30-39 years","Tift","526","1","27"
"40-49 years","Tift","522","7","55"
"50-59 years","Tift","451","9","67"
"60-69 years","Tift","342","16","68"
"70-79 years","Tift","234","26","82"
"80 & Older years","Tift","130","29","58"
"<1 years","Tift","12","0","0"
"Unknown years","Tift","2","0","0"
"01-04 years","Toombs","27","0","0"
"05-09 years","Toombs","44","0","0"
"10-17 years","Toombs","191","0","1"
"18-29 years","Toombs","482","0","5"
"30-39 years","Toombs","387","0","3"
"40-49 years","Toombs","388","1","20"
"50-59 years","Toombs","380","6","21"
"60-69 years","Toombs","353","7","40"
"70-79 years","Toombs","235","29","37"
"80 & Older years","Toombs","140","31","26"
"<1 years","Toombs","5","0","0"
"Unknown years","Toombs","5","0","0"
"01-04 years","Towns","2","0","0"
"05-09 years","Towns","6","0","0"
"10-17 years","Towns","38","0","1"
"18-29 years","Towns","116","0","4"
"30-39 years","Towns","77","0","3"
"40-49 years","Towns","100","2","5"
"50-59 years","Towns","136","2","12"
"60-69 years","Towns","177","1","16"
"70-79 years","Towns","137","6","31"
"80 & Older years","Towns","89","20","38"
"Unknown years","Towns","22","0","0"
"01-04 years","Treutlen","5","0","0"
"05-09 years","Treutlen","13","0","0"
"10-17 years","Treutlen","39","0","0"
"18-29 years","Treutlen","94","0","2"
"30-39 years","Treutlen","88","0","4"
"40-49 years","Treutlen","93","0","5"
"50-59 years","Treutlen","90","1","5"
"60-69 years","Treutlen","64","4","11"
"70-79 years","Treutlen","51","9","10"
"80 & Older years","Treutlen","30","3","9"
"01-04 years","Troup","117","0","1"
"05-09 years","Troup","157","0","0"
"10-17 years","Troup","454","0","3"
"18-29 years","Troup","1070","1","27"
"30-39 years","Troup","798","6","41"
"40-49 years","Troup","712","3","44"
"50-59 years","Troup","736","13","92"
"60-69 years","Troup","559","24","82"
"70-79 years","Troup","289","35","78"
"80 & Older years","Troup","222","62","55"
"<1 years","Troup","36","0","1"
"Unknown years","Troup","6","0","0"
"01-04 years","Turner","3","0","0"
"05-09 years","Turner","6","0","0"
"10-17 years","Turner","19","0","0"
"18-29 years","Turner","81","0","2"
"30-39 years","Turner","99","0","9"
"40-49 years","Turner","102","0","5"
"50-59 years","Turner","90","2","11"
"60-69 years","Turner","81","7","26"
"70-79 years","Turner","51","5","12"
"80 & Older years","Turner","35","12","14"
"<1 years","Turner","2","0","1"
"01-04 years","Twiggs","9","0","0"
"05-09 years","Twiggs","6","0","1"
"10-17 years","Twiggs","21","0","0"
"18-29 years","Twiggs","61","0","2"
"30-39 years","Twiggs","57","1","4"
"40-49 years","Twiggs","55","1","6"
"50-59 years","Twiggs","86","3","10"
"60-69 years","Twiggs","95","4","25"
"70-79 years","Twiggs","50","6","19"
"80 & Older years","Twiggs","24","8","14"
"01-04 years","Union","7","0","0"
"05-09 years","Union","16","0","0"
"10-17 years","Union","61","0","1"
"18-29 years","Union","225","1","1"
"30-39 years","Union","190","0","2"
"40-49 years","Union","196","0","12"
"50-59 years","Union","264","4","16"
"60-69 years","Union","316","4","36"
"70-79 years","Union","274","17","45"
"80 & Older years","Union","192","28","56"
"<1 years","Union","1","0","0"
"Unknown years","Union","31","0","0"
"01-04 years","Unknown","42","0","0"
"05-09 years","Unknown","76","0","0"
"10-17 years","Unknown","244","0","0"
"18-29 years","Unknown","915","1","4"
"30-39 years","Unknown","510","1","3"
"40-49 years","Unknown","471","1","2"
"50-59 years","Unknown","383","2","9"
"60-69 years","Unknown","259","1","8"
"70-79 years","Unknown","153","1","12"
"80 & Older years","Unknown","68","2","5"
"<1 years","Unknown","28","0","0"
"Unknown years","Unknown","201","0","3"
"01-04 years","Upson","30","0","0"
"05-09 years","Upson","42","0","0"
"10-17 years","Upson","118","0","1"
"18-29 years","Upson","275","0","5"
"30-39 years","Upson","186","2","8"
"40-49 years","Upson","219","1","9"
"50-59 years","Upson","233","5","19"
"60-69 years","Upson","216","18","30"
"70-79 years","Upson","149","28","37"
"80 & Older years","Upson","101","32","32"
"<1 years","Upson","14","0","0"
"Unknown years","Upson","10","0","0"
"01-04 years","Walker","68","0","1"
"05-09 years","Walker","108","0","1"
"10-17 years","Walker","422","0","3"
"18-29 years","Walker","913","0","13"
"30-39 years","Walker","668","0","11"
"40-49 years","Walker","822","3","24"
"50-59 years","Walker","692","3","31"
"60-69 years","Walker","592","12","51"
"70-79 years","Walker","397","25","42"
"80 & Older years","Walker","199","24","25"
"<1 years","Walker","34","0","1"
"Unknown years","Walker","170","0","6"
"01-04 years","Walton","65","0","1"
"05-09 years","Walton","135","0","1"
"10-17 years","Walton","498","0","5"
"18-29 years","Walton","1173","0","24"
"30-39 years","Walton","979","0","22"
"40-49 years","Walton","1085","2","45"
"50-59 years","Walton","1074","8","66"
"60-69 years","Walton","746","22","66"
"70-79 years","Walton","558","47","82"
"80 & Older years","Walton","351","70","67"
"<1 years","Walton","23","0","2"
"Unknown years","Walton","16","0","0"
"01-04 years","Ware","55","0","1"
"05-09 years","Ware","62","0","0"
"10-17 years","Ware","217","0","3"
"18-29 years","Ware","514","1","5"
"30-39 years","Ware","421","1","17"
"40-49 years","Ware","345","2","23"
"50-59 years","Ware","373","12","52"
"60-69 years","Ware","278","12","53"
"70-79 years","Ware","235","34","82"
"80 & Older years","Ware","195","44","57"
"<1 years","Ware","18","0","1"
"Unknown years","Ware","8","0","1"
"01-04 years","Warren","6","0","0"
"05-09 years","Warren","2","0","0"
"10-17 years","Warren","24","0","0"
"18-29 years","Warren","57","0","3"
"30-39 years","Warren","48","0","4"
"40-49 years","Warren","45","2","5"
"50-59 years","Warren","64","1","6"
"60-69 years","Warren","43","2","7"
"70-79 years","Warren","31","2","10"
"80 & Older years","Warren","12","1","2"
"<1 years","Warren","2","0","1"
"Unknown years","Warren","4","0","0"
"01-04 years","Washington","15","0","0"
"05-09 years","Washington","22","0","0"
"10-17 years","Washington","104","0","2"
"18-29 years","Washington","232","0","6"
"30-39 years","Washington","216","0","8"
"40-49 years","Washington","236","2","11"
"50-59 years","Washington","228","2","13"
"60-69 years","Washington","215","9","26"
"70-79 years","Washington","122","7","20"
"80 & Older years","Washington","75","16","10"
"<1 years","Washington","10","0","0"
"Unknown years","Washington","5","0","0"
"01-04 years","Wayne","29","0","1"
"05-09 years","Wayne","23","0","0"
"10-17 years","Wayne","126","0","1"
"18-29 years","Wayne","365","1","7"
"30-39 years","Wayne","364","1","9"
"40-49 years","Wayne","423","1","30"
"50-59 years","Wayne","366","5","31"
"60-69 years","Wayne","281","13","56"
"70-79 years","Wayne","241","20","67"
"80 & Older years","Wayne","111","17","22"
"<1 years","Wayne","3","0","0"
"Unknown years","Wayne","4","0","0"
"10-17 years","Webster","3","0","0"
"18-29 years","Webster","16","0","1"
"30-39 years","Webster","6","0","0"
"40-49 years","Webster","13","0","2"
"50-59 years","Webster","17","2","4"
"60-69 years","Webster","20","1","4"
"70-79 years","Webster","7","0","1"
"80 & Older years","Webster","3","0","0"
"Unknown years","Webster","2","0","0"
"01-04 years","Wheeler","1","0","0"
"05-09 years","Wheeler","5","0","0"
"10-17 years","Wheeler","22","0","0"
"18-29 years","Wheeler","48","0","0"
"30-39 years","Wheeler","73","2","2"
"40-49 years","Wheeler","76","1","3"
"50-59 years","Wheeler","89","5","9"
"60-69 years","Wheeler","53","3","6"
"70-79 years","Wheeler","39","5","11"
"80 & Older years","Wheeler","9","3","1"
"<1 years","Wheeler","1","0","0"
"Unknown years","Wheeler","24","0","1"
"01-04 years","White","12","0","0"
"05-09 years","White","47","0","0"
"10-17 years","White","198","0","2"
"18-29 years","White","399","1","7"
"30-39 years","White","291","1","7"
"40-49 years","White","370","1","15"
"50-59 years","White","431","4","34"
"60-69 years","White","403","9","58"
"70-79 years","White","303","10","72"
"80 & Older years","White","169","26","63"
"<1 years","White","5","0","0"
"Unknown years","White","53","0","1"
"01-04 years","Whitfield","183","0","2"
"05-09 years","Whitfield","344","0","3"
"10-17 years","Whitfield","1221","0","6"
"18-29 years","Whitfield","3202","0","40"
"30-39 years","Whitfield","2064","4","54"
"40-49 years","Whitfield","2168","4","71"
"50-59 years","Whitfield","1959","21","109"
"60-69 years","Whitfield","1164","29","129"
"70-79 years","Whitfield","673","41","124"
"80 & Older years","Whitfield","382","66","108"
"<1 years","Whitfield","66","0","5"
"Unknown years","Whitfield","28","0","2"
"01-04 years","Wilcox","10","0","0"
"05-09 years","Wilcox","9","0","0"
"10-17 years","Wilcox","22","0","0"
"18-29 years","Wilcox","38","0","0"
"30-39 years","Wilcox","42","0","1"
"40-49 years","Wilcox","71","0","12"
"50-59 years","Wilcox","78","1","14"
"60-69 years","Wilcox","81","9","23"
"70-79 years","Wilcox","52","9","10"
"80 & Older years","Wilcox","22","7","6"
"<1 years","Wilcox","5","0","0"
"Unknown years","Wilcox","1","0","0"
"01-04 years","Wilkes","8","0","0"
"05-09 years","Wilkes","16","0","0"
"10-17 years","Wilkes","48","0","0"
"18-29 years","Wilkes","107","0","1"
"30-39 years","Wilkes","78","0","4"
"40-49 years","Wilkes","99","0","11"
"50-59 years","Wilkes","90","2","3"
"60-69 years","Wilkes","68","1","12"
"70-79 years","Wilkes","62","5","18"
"80 & Older years","Wilkes","23","7","11"
"<1 years","Wilkes","3","0","0"
"Unknown years","Wilkes","1","0","0"
"01-04 years","Wilkinson","6","0","0"
"05-09 years","Wilkinson","10","0","0"
"10-17 years","Wilkinson","25","0","0"
"18-29 years","Wilkinson","100","0","3"
"30-39 years","Wilkinson","82","0","5"
"40-49 years","Wilkinson","86","0","6"
"50-59 years","Wilkinson","137","4","23"
"60-69 years","Wilkinson","121","7","35"
"70-79 years","Wilkinson","53","6","21"
"80 & Older years","Wilkinson","33","4","15"
"Unknown years","Wilkinson","1","0","0"
"01-04 years","Worth","13","0","0"
"05-09 years","Worth","12","0","0"
"10-17 years","Worth","71","0","3"
"18-29 years","Worth","169","0","7"
"30-39 years","Worth","136","0","10"
"40-49 years","Worth","146","1","13"
"50-59 years","Worth","177","4","23"
"60-69 years","Worth","188","16","49"
"70-79 years","Worth","112","13","27"
"80 & Older years","Worth","68","13","22"
"<1 years","Worth","4","0","0"
"Unknown years","Worth","1","0","0"
