"sex","county name","cases","deaths","hospitalization"
"Female","Georgia","484180","8716","33511"
"Male","Georgia","416417","9872","32126"
"Unknown","Georgia","8485","3","146"
"Female","Appling","1069","27","98"
"Male","Appling","887","40","94"
"Female","Atkinson","440","9","64"
"Male","Atkinson","374","11","65"
"Female","Bacon","563","14","44"
"Male","Bacon","748","15","49"
"Unknown","Bacon","1","0","0"
"Female","Baker","91","2","17"
"Male","Baker","85","8","23"
"Female","Baldwin","2160","38","142"
"Male","Baldwin","1726","81","188"
"Unknown","Baldwin","19","0","0"
"Female","Banks","899","19","116"
"Male","Banks","770","17","89"
"Unknown","Banks","13","0","0"
"Female","Barrow","4852","68","329"
"Male","Barrow","4170","74","303"
"Unknown","Barrow","34","0","1"
"Female","Bartow","6006","104","410"
"Male","Bartow","5344","119","444"
"Unknown","Bartow","110","0","0"
"Female","Ben Hill","868","27","88"
"Male","Ben Hill","641","34","74"
"Unknown","Ben Hill","1","0","0"
"Female","Berrien","602","18","41"
"Male","Berrien","492","16","35"
"Unknown","Berrien","4","0","0"
"Female","Bibb","7792","212","977"
"Male","Bibb","5772","210","844"
"Unknown","Bibb","114","0","2"
"Female","Bleckley","472","17","25"
"Male","Bleckley","337","15","24"
"Unknown","Bleckley","6","0","1"
"Female","Brantley","531","17","48"
"Male","Brantley","450","19","38"
"Unknown","Brantley","1","0","0"
"Female","Brooks","558","14","51"
"Male","Brooks","402","24","41"
"Unknown","Brooks","4","0","0"
"Female","Bryan","1519","18","89"
"Male","Bryan","1335","20","101"
"Unknown","Bryan","14","0","0"
"Female","Bulloch","2968","36","127"
"Male","Bulloch","2296","27","102"
"Female","Burke","1022","24","89"
"Male","Burke","807","16","73"
"Unknown","Burke","10","0","1"
"Female","Butts","1114","37","57"
"Male","Butts","1178","46","85"
"Unknown","Butts","120","0","1"
"Female","Calhoun","227","11","37"
"Male","Calhoun","221","5","38"
"Unknown","Calhoun","2","0","0"
"Female","Camden","1845","18","83"
"Male","Camden","1612","16","71"
"Unknown","Camden","10","0","0"
"Female","Candler","432","14","35"
"Male","Candler","366","24","30"
"Female","Carroll","3996","63","165"
"Male","Carroll","3548","69","179"
"Unknown","Carroll","41","0","1"
"Female","Catoosa","3171","36","141"
"Male","Catoosa","2682","33","127"
"Unknown","Catoosa","85","0","3"
"Female","Charlton","479","11","41"
"Male","Charlton","849","17","32"
"Unknown","Charlton","3","0","0"
"Female","Chatham","11396","200","885"
"Male","Chatham","9369","239","818"
"Unknown","Chatham","115","0","3"
"Female","Chattahoochee","258","1","12"
"Male","Chattahoochee","3751","12","21"
"Unknown","Chattahoochee","14","0","0"
"Female","Chattooga","1211","29","83"
"Male","Chattooga","1036","38","106"
"Unknown","Chattooga","10","0","0"
"Female","Cherokee","12135","137","643"
"Male","Cherokee","10738","180","754"
"Unknown","Cherokee","113","0","2"
"Female","Clarke","7227","61","262"
"Male","Clarke","5749","81","244"
"Unknown","Clarke","51","0","1"
"Female","Clay","106","1","4"
"Male","Clay","75","2","6"
"Unknown","Clay","5","0","0"
"Female","Clayton","14005","239","793"
"Male","Clayton","10664","259","680"
"Unknown","Clayton","157","0","1"
"Female","Clinch","383","10","35"
"Male","Clinch","364","15","33"
"Female","Cobb","33237","467","1766"
"Male","Cobb","29125","553","1812"
"Unknown","Cobb","266","0","9"
"Female","Coffee","2341","74","375"
"Male","Coffee","1995","72","300"
"Female","Colquitt","1915","36","134"
"Male","Colquitt","1784","51","135"
"Unknown","Colquitt","13","0","0"
"Female","Columbia","6016","73","236"
"Male","Columbia","5239","95","260"
"Unknown","Columbia","40","0","2"
"Female","Cook","691","17","59"
"Male","Cook","497","22","47"
"Unknown","Cook","2","0","0"
"Female","Coweta","4683","95","204"
"Male","Coweta","4236","124","210"
"Unknown","Coweta","31","0","0"
"Female","Crawford","289","10","44"
"Male","Crawford","233","9","29"
"Unknown","Crawford","2","0","0"
"Female","Crisp","831","27","103"
"Male","Crisp","613","30","66"
"Unknown","Crisp","24","0","1"
"Female","Dade","641","9","32"
"Male","Dade","586","4","30"
"Unknown","Dade","19","0","0"
"Female","Dawson","1478","19","120"
"Male","Dawson","1278","29","135"
"Unknown","Dawson","29","0","0"
"Female","DeKalb","32193","469","2635"
"Male","DeKalb","26812","524","2303"
"Unknown","DeKalb","521","0","9"
"Female","Decatur","1233","29","84"
"Male","Decatur","945","29","70"
"Unknown","Decatur","18","0","0"
"Female","Dodge","588","30","56"
"Male","Dodge","491","31","53"
"Unknown","Dodge","14","0","0"
"Female","Dooly","437","13","48"
"Male","Dooly","361","17","46"
"Unknown","Dooly","8","0","0"
"Female","Dougherty","3402","154","608"
"Male","Dougherty","2279","134","460"
"Unknown","Dougherty","31","0","0"
"Female","Douglas","6769","92","505"
"Male","Douglas","5571","95","430"
"Unknown","Douglas","51","0","2"
"Female","Early","623","24","48"
"Male","Early","412","18","30"
"Unknown","Early","6","0","0"
"Female","Echols","136","0","3"
"Male","Echols","215","4","10"
"Unknown","Echols","4","0","0"
"Female","Effingham","2085","31","136"
"Male","Effingham","1839","40","135"
"Unknown","Effingham","24","0","0"
"Female","Elbert","918","32","82"
"Male","Elbert","629","28","48"
"Unknown","Elbert","6","0","1"
"Female","Emanuel","1019","33","76"
"Male","Emanuel","749","22","53"
"Unknown","Emanuel","15","0","0"
"Female","Evans","449","8","54"
"Male","Evans","336","11","24"
"Female","Fannin","1184","28","94"
"Male","Fannin","1022","35","97"
"Unknown","Fannin","10","0","0"
"Female","Fayette","3599","72","135"
"Male","Fayette","3238","89","153"
"Unknown","Fayette","38","0","0"
"Female","Floyd","5380","78","426"
"Male","Floyd","4613","116","464"
"Unknown","Floyd","101","0","3"
"Female","Forsyth","9199","84","448"
"Male","Forsyth","8718","114","563"
"Unknown","Forsyth","520","0","2"
"Female","Franklin","1363","20","93"
"Male","Franklin","1067","28","73"
"Unknown","Franklin","15","0","0"
"Female","Fulton","44738","649","2807"
"Male","Fulton","39633","718","2665"
"Unknown","Fulton","419","0","5"
"Female","Gilmer","1408","33","123"
"Male","Gilmer","1156","43","111"
"Unknown","Gilmer","24","0","0"
"Female","Glascock","65","3","8"
"Male","Glascock","73","4","16"
"Unknown","Glascock","10","0","0"
"Female","Glynn","3597","74","251"
"Male","Glynn","3266","85","235"
"Unknown","Glynn","46","0","2"
"Female","Gordon","3468","46","164"
"Male","Gordon","3001","61","171"
"Unknown","Gordon","112","0","1"
"Female","Grady","925","18","96"
"Male","Grady","691","33","93"
"Unknown","Grady","19","0","0"
"Female","Greene","830","25","67"
"Male","Greene","688","29","75"
"Unknown","Greene","4","0","0"
"Female","Gwinnett","46951","530","2798"
"Male","Gwinnett","41212","604","2655"
"Unknown","Gwinnett","288","0","2"
"Female","Habersham","2548","81","233"
"Male","Habersham","2126","75","255"
"Unknown","Habersham","36","0","0"
"Female","Hall","13511","221","1196"
"Male","Hall","11910","251","1281"
"Unknown","Hall","270","1","3"
"Female","Hancock","418","26","53"
"Male","Hancock","425","40","56"
"Unknown","Hancock","5","0","0"
"Female","Haralson","912","17","46"
"Male","Haralson","823","18","34"
"Unknown","Haralson","17","0","0"
"Female","Harris","1208","30","87"
"Male","Harris","1045","31","81"
"Unknown","Harris","38","0","0"
"Female","Hart","1012","17","67"
"Male","Hart","746","23","65"
"Unknown","Hart","7","0","0"
"Female","Heard","352","12","20"
"Male","Heard","303","6","29"
"Female","Henry","10953","140","351"
"Male","Henry","8887","170","302"
"Unknown","Henry","80","0","0"
"Female","Houston","5579","96","419"
"Male","Houston","4647","113","411"
"Unknown","Houston","72","0","1"
"Female","Irwin","374","11","44"
"Male","Irwin","404","8","39"
"Unknown","Irwin","2","0","0"
"Female","Jackson","4664","66","243"
"Male","Jackson","3980","73","284"
"Unknown","Jackson","43","0","1"
"Female","Jasper","369","7","31"
"Male","Jasper","319","13","31"
"Unknown","Jasper","4","0","0"
"Female","Jeff Davis","699","15","43"
"Male","Jeff Davis","631","21","52"
"Female","Jefferson","926","28","91"
"Male","Jefferson","670","33","74"
"Unknown","Jefferson","10","0","1"
"Female","Jenkins","435","17","40"
"Male","Jenkins","301","21","45"
"Unknown","Jenkins","1","1","1"
"Female","Johnson","391","17","52"
"Male","Johnson","408","26","45"
"Unknown","Johnson","1","0","0"
"Female","Jones","930","24","87"
"Male","Jones","701","31","87"
"Unknown","Jones","1","0","0"
"Female","Lamar","779","21","65"
"Male","Lamar","598","26","64"
"Unknown","Lamar","3","0","0"
"Female","Lanier","228","3","10"
"Male","Lanier","281","7","19"
"Unknown","Lanier","2","0","0"
"Female","Laurens","2186","55","174"
"Male","Laurens","1601","93","187"
"Unknown","Laurens","15","0","1"
"Female","Lee","912","26","98"
"Male","Lee","731","25","96"
"Unknown","Lee","4","0","0"
"Female","Liberty","1883","27","118"
"Male","Liberty","1732","36","116"
"Unknown","Liberty","51","0","0"
"Female","Lincoln","285","14","29"
"Male","Lincoln","242","11","25"
"Unknown","Lincoln","11","0","0"
"Female","Long","381","5","30"
"Male","Long","319","7","22"
"Unknown","Long","4","0","0"
"Female","Lowndes","4398","83","228"
"Male","Lowndes","3524","64","177"
"Unknown","Lowndes","22","0","0"
"Female","Lumpkin","1554","38","163"
"Male","Lumpkin","1300","32","136"
"Unknown","Lumpkin","16","0","1"
"Female","Macon","332","12","38"
"Male","Macon","305","20","51"
"Unknown","Macon","1","0","0"
"Female","Madison","1512","20","83"
"Male","Madison","1275","26","79"
"Unknown","Madison","9","0","0"
"Female","Marion","258","14","20"
"Male","Marion","161","9","22"
"Unknown","Marion","2","0","0"
"Female","McDuffie","952","26","93"
"Male","McDuffie","705","19","75"
"Unknown","McDuffie","81","0","1"
"Female","McIntosh","392","9","29"
"Male","McIntosh","309","5","31"
"Unknown","McIntosh","3","0","0"
"Female","Meriwether","926","39","97"
"Male","Meriwether","650","40","72"
"Unknown","Meriwether","6","0","0"
"Female","Miller","382","3","20"
"Male","Miller","301","6","21"
"Unknown","Miller","1","0","0"
"Female","Mitchell","839","34","123"
"Male","Mitchell","723","42","112"
"Unknown","Mitchell","5","0","0"
"Female","Monroe","1037","44","100"
"Male","Monroe","885","47","103"
"Unknown","Monroe","23","0","0"
"Female","Montgomery","408","11","25"
"Male","Montgomery","331","10","19"
"Unknown","Montgomery","6","0","0"
"Female","Morgan","668","8","39"
"Male","Morgan","557","16","55"
"Unknown","Morgan","8","0","1"
"Female","Murray","2280","33","123"
"Male","Murray","1959","52","147"
"Unknown","Murray","20","0","2"
"Female","Muscogee","8402","240","691"
"Male","Muscogee","6409","196","588"
"Unknown","Muscogee","193","0","1"
"Female","Newton","4398","117","368"
"Male","Newton","3334","123","323"
"Unknown","Newton","22","0","1"
"Female","Non-GA Resident/Unknown State","9995","211","541"
"Male","Non-GA Resident/Unknown State","11525","285","737"
"Unknown","Non-GA Resident/Unknown State","2253","0","38"
"Female","Oconee","1643","27","69"
"Male","Oconee","1459","39","63"
"Unknown","Oconee","11","0","0"
"Female","Oglethorpe","695","9","39"
"Male","Oglethorpe","529","21","40"
"Unknown","Oglethorpe","3","0","0"
"Female","Paulding","6110","84","246"
"Male","Paulding","5008","88","207"
"Unknown","Paulding","102","0","5"
"Female","Peach","1066","30","124"
"Male","Peach","831","32","106"
"Unknown","Peach","8","0","1"
"Female","Pickens","1428","29","119"
"Male","Pickens","1174","36","114"
"Unknown","Pickens","11","0","0"
"Female","Pierce","750","24","75"
"Male","Pierce","567","26","79"
"Female","Pike","604","10","55"
"Male","Pike","503","18","30"
"Unknown","Pike","9","0","1"
"Female","Polk","2105","43","195"
"Male","Polk","1850","44","187"
"Unknown","Polk","32","0","1"
"Female","Pulaski","405","21","33"
"Male","Pulaski","210","11","24"
"Unknown","Pulaski","1","0","0"
"Female","Putnam","996","21","80"
"Male","Putnam","853","38","89"
"Unknown","Putnam","6","0","0"
"Female","Quitman","53","1","6"
"Male","Quitman","29","1","5"
"Female","Rabun","829","19","84"
"Male","Rabun","758","23","72"
"Unknown","Rabun","11","0","1"
"Female","Randolph","285","21","52"
"Male","Randolph","197","12","33"
"Female","Richmond","11289","183","696"
"Male","Richmond","9130","255","699"
"Unknown","Richmond","141","0","12"
"Female","Rockdale","3570","75","503"
"Male","Rockdale","2742","83","414"
"Unknown","Rockdale","15","0","0"
"Female","Schley","116","1","10"
"Male","Schley","96","4","11"
"Female","Screven","479","12","40"
"Male","Screven","357","9","32"
"Unknown","Screven","5","0","0"
"Female","Seminole","427","9","45"
"Male","Seminole","332","9","27"
"Unknown","Seminole","3","0","0"
"Female","Spalding","2372","87","290"
"Male","Spalding","1874","82","213"
"Unknown","Spalding","24","0","0"
"Female","Stephens","1689","43","139"
"Male","Stephens","1342","37","124"
"Unknown","Stephens","18","0","1"
"Female","Stewart","245","9","26"
"Male","Stewart","723","16","102"
"Unknown","Stewart","30","0","0"
"Female","Sumter","1070","42","145"
"Male","Sumter","795","55","130"
"Unknown","Sumter","6","0","0"
"Female","Talbot","230","6","19"
"Male","Talbot","170","12","23"
"Unknown","Talbot","4","0","0"
"Female","Taliaferro","56","0","1"
"Male","Taliaferro","45","3","8"
"Unknown","Taliaferro","1","0","0"
"Female","Tattnall","975","22","57"
"Male","Tattnall","922","27","66"
"Female","Taylor","288","12","38"
"Male","Taylor","228","11","36"
"Unknown","Taylor","4","0","0"
"Female","Telfair","360","20","31"
"Male","Telfair","365","27","43"
"Unknown","Telfair","18","0","0"
"Female","Terrell","346","25","62"
"Male","Terrell","235","23","55"
"Unknown","Terrell","6","0","0"
"Female","Thomas","2178","66","199"
"Male","Thomas","1573","50","172"
"Unknown","Thomas","16","0","0"
"Female","Tift","1933","44","246"
"Male","Tift","1526","58","179"
"Unknown","Tift","28","0","0"
"Female","Toombs","1697","59","101"
"Male","Toombs","1317","44","105"
"Female","Towns","653","23","75"
"Male","Towns","498","25","72"
"Unknown","Towns","10","0","0"
"Female","Treutlen","355","17","27"
"Male","Treutlen","285","14","29"
"Unknown","Treutlen","5","0","0"
"Female","Troup","3478","108","293"
"Male","Troup","2642","92","254"
"Unknown","Troup","55","0","1"
"Female","Turner","359","15","46"
"Male","Turner","261","21","43"
"Female","Twiggs","275","13","47"
"Male","Twiggs","237","26","62"
"Unknown","Twiggs","1","0","0"
"Female","Union","1213","43","103"
"Male","Union","911","35","126"
"Unknown","Union","11","0","1"
"Female","Unknown","788","2","12"
"Male","Unknown","983","3","20"
"Unknown","Unknown","464","0","7"
"Female","Upson","1042","59","105"
"Male","Upson","793","53","83"
"Unknown","Upson","11","0","0"
"Female","Walker","3621","46","142"
"Male","Walker","3118","36","153"
"Unknown","Walker","75","0","3"
"Female","Walton","4562","115","273"
"Male","Walton","3599","127","255"
"Unknown","Walton","72","0","0"
"Female","Ware","1721","82","185"
"Male","Ware","1389","71","192"
"Female","Warren","220","8","33"
"Male","Warren","165","9","19"
"Unknown","Warren","8","0","0"
"Female","Washington","900","30","62"
"Male","Washington","746","32","58"
"Unknown","Washington","7","0","0"
"Female","Wayne","1410","38","133"
"Male","Wayne","1395","43","146"
"Unknown","Wayne","2","0","0"
"Female","Webster","68","2","9"
"Male","Webster","40","2","7"
"Unknown","Webster","2","0","0"
"Female","Wheeler","160","0","4"
"Male","Wheeler","293","21","32"
"Unknown","Wheeler","15","0","0"
"Female","White","1628","33","145"
"Male","White","1389","37","153"
"Unknown","White","12","0","0"
"Female","Whitfield","7979","109","402"
"Male","Whitfield","7007","122","393"
"Unknown","Whitfield","70","1","3"
"Female","Wilcox","218","11","28"
"Male","Wilcox","265","19","48"
"Unknown","Wilcox","3","0","0"
"Female","Wilkes","375","9","38"
"Male","Wilkes","320","15","40"
"Unknown","Wilkes","4","0","0"
"Female","Wilkinson","410","15","60"
"Male","Wilkinson","326","12","63"
"Unknown","Wilkinson","5","0","0"
"Female","Worth","710","32","107"
"Male","Worth","491","30","74"
"Unknown","Worth","5","0","0"
