"age group","county name","cases","deaths","hospitalization"
"01-04 years","Georgia","8037","1","150"
"05-09 years","Georgia","13005","2","112"
"10-17 years","Georgia","46272","5","445"
"18-29 years","Georgia","152584","78","2927"
"30-39 years","Georgia","107617","178","3840"
"40-49 years","Georgia","104235","396","5563"
"50-59 years","Georgia","98646","984","8048"
"60-69 years","Georgia","66753","2118","9413"
"70-79 years","Georgia","39482","3028","8665"
"80 & Older years","Georgia","23392","4084","6840"
"<1 years","Georgia","2311","0","115"
"Unknown years","Georgia","5734","4","90"
"01-04 years","Appling","21","0","0"
"05-09 years","Appling","43","0","0"
"10-17 years","Appling","130","0","1"
"18-29 years","Appling","298","1","4"
"30-39 years","Appling","214","1","5"
"40-49 years","Appling","223","2","16"
"50-59 years","Appling","247","5","20"
"60-69 years","Appling","201","10","38"
"70-79 years","Appling","142","12","28"
"80 & Older years","Appling","68","13","24"
"<1 years","Appling","3","0","0"
"Unknown years","Appling","2","0","0"
"01-04 years","Atkinson","5","0","1"
"05-09 years","Atkinson","17","0","1"
"10-17 years","Atkinson","43","0","0"
"18-29 years","Atkinson","155","0","8"
"30-39 years","Atkinson","113","0","8"
"40-49 years","Atkinson","118","0","18"
"50-59 years","Atkinson","121","1","18"
"60-69 years","Atkinson","75","4","20"
"70-79 years","Atkinson","43","3","12"
"80 & Older years","Atkinson","14","3","9"
"<1 years","Atkinson","3","0","0"
"Unknown years","Atkinson","1","0","0"
"01-04 years","Bacon","17","0","0"
"05-09 years","Bacon","21","0","0"
"10-17 years","Bacon","63","0","1"
"18-29 years","Bacon","209","0","1"
"30-39 years","Bacon","118","0","4"
"40-49 years","Bacon","145","1","8"
"50-59 years","Bacon","136","2","16"
"60-69 years","Bacon","103","7","17"
"70-79 years","Bacon","70","4","11"
"80 & Older years","Bacon","36","7","7"
"<1 years","Bacon","6","0","0"
"Unknown years","Bacon","2","0","0"
"01-04 years","Baker","5","0","0"
"05-09 years","Baker","4","0","0"
"10-17 years","Baker","9","0","0"
"18-29 years","Baker","21","0","0"
"30-39 years","Baker","20","0","2"
"40-49 years","Baker","12","0","1"
"50-59 years","Baker","17","0","1"
"60-69 years","Baker","24","2","10"
"70-79 years","Baker","17","2","10"
"80 & Older years","Baker","8","2","3"
"<1 years","Baker","1","0","0"
"01-04 years","Baldwin","25","0","0"
"05-09 years","Baldwin","46","0","0"
"10-17 years","Baldwin","142","0","4"
"18-29 years","Baldwin","1136","0","13"
"30-39 years","Baldwin","384","1","12"
"40-49 years","Baldwin","402","2","28"
"50-59 years","Baldwin","414","9","43"
"60-69 years","Baldwin","322","16","56"
"70-79 years","Baldwin","209","20","42"
"80 & Older years","Baldwin","120","28","41"
"<1 years","Baldwin","8","0","0"
"Unknown years","Baldwin","1","0","0"
"01-04 years","Banks","6","0","0"
"05-09 years","Banks","19","0","1"
"10-17 years","Banks","88","0","2"
"18-29 years","Banks","236","0","5"
"30-39 years","Banks","165","0","3"
"40-49 years","Banks","183","0","14"
"50-59 years","Banks","203","0","18"
"60-69 years","Banks","167","4","34"
"70-79 years","Banks","135","9","48"
"80 & Older years","Banks","73","9","26"
"<1 years","Banks","4","0","1"
"Unknown years","Banks","44","0","1"
"01-04 years","Barrow","55","0","0"
"05-09 years","Barrow","103","0","0"
"10-17 years","Barrow","433","0","4"
"18-29 years","Barrow","1253","1","29"
"30-39 years","Barrow","1063","1","36"
"40-49 years","Barrow","1088","4","50"
"50-59 years","Barrow","918","3","73"
"60-69 years","Barrow","633","16","102"
"70-79 years","Barrow","362","19","79"
"80 & Older years","Barrow","187","33","64"
"<1 years","Barrow","24","0","2"
"Unknown years","Barrow","20","0","0"
"01-04 years","Bartow","65","0","2"
"05-09 years","Bartow","144","0","1"
"10-17 years","Bartow","669","0","4"
"18-29 years","Bartow","1461","0","15"
"30-39 years","Bartow","1213","3","32"
"40-49 years","Bartow","1243","0","53"
"50-59 years","Bartow","1286","10","100"
"60-69 years","Bartow","765","22","108"
"70-79 years","Bartow","558","45","120"
"80 & Older years","Bartow","283","55","89"
"<1 years","Bartow","24","0","1"
"Unknown years","Bartow","92","0","7"
"01-04 years","Ben Hill","28","0","1"
"05-09 years","Ben Hill","18","0","0"
"10-17 years","Ben Hill","89","0","0"
"18-29 years","Ben Hill","229","0","4"
"30-39 years","Ben Hill","199","2","9"
"40-49 years","Ben Hill","172","0","9"
"50-59 years","Ben Hill","220","2","24"
"60-69 years","Ben Hill","185","11","25"
"70-79 years","Ben Hill","130","17","46"
"80 & Older years","Ben Hill","60","10","13"
"<1 years","Ben Hill","4","0","0"
"Unknown years","Ben Hill","4","0","0"
"01-04 years","Berrien","14","0","0"
"05-09 years","Berrien","18","0","0"
"10-17 years","Berrien","67","0","0"
"18-29 years","Berrien","171","0","0"
"30-39 years","Berrien","136","0","2"
"40-49 years","Berrien","126","0","3"
"50-59 years","Berrien","141","2","13"
"60-69 years","Berrien","108","5","13"
"70-79 years","Berrien","73","7","11"
"80 & Older years","Berrien","40","9","10"
"<1 years","Berrien","2","0","0"
"Unknown years","Berrien","1","0","0"
"01-04 years","Bibb","119","0","2"
"05-09 years","Bibb","151","0","0"
"10-17 years","Bibb","512","0","6"
"18-29 years","Bibb","2413","1","68"
"30-39 years","Bibb","1724","4","83"
"40-49 years","Bibb","1699","10","158"
"50-59 years","Bibb","1566","14","199"
"60-69 years","Bibb","1248","55","307"
"70-79 years","Bibb","756","74","232"
"80 & Older years","Bibb","462","96","206"
"<1 years","Bibb","42","0","4"
"Unknown years","Bibb","17","0","0"
"01-04 years","Bleckley","3","0","0"
"05-09 years","Bleckley","10","0","0"
"10-17 years","Bleckley","61","0","0"
"18-29 years","Bleckley","165","0","3"
"30-39 years","Bleckley","74","0","1"
"40-49 years","Bleckley","94","1","2"
"50-59 years","Bleckley","91","2","4"
"60-69 years","Bleckley","76","7","9"
"70-79 years","Bleckley","58","3","11"
"80 & Older years","Bleckley","61","17","12"
"<1 years","Bleckley","2","0","0"
"Unknown years","Bleckley","2","0","0"
"01-04 years","Brantley","12","0","0"
"05-09 years","Brantley","7","0","0"
"10-17 years","Brantley","60","0","1"
"18-29 years","Brantley","130","0","1"
"30-39 years","Brantley","92","0","3"
"40-49 years","Brantley","108","1","5"
"50-59 years","Brantley","119","2","12"
"60-69 years","Brantley","91","3","10"
"70-79 years","Brantley","64","8","15"
"80 & Older years","Brantley","39","7","9"
"<1 years","Brantley","1","0","0"
"01-04 years","Brooks","14","0","0"
"05-09 years","Brooks","18","0","0"
"10-17 years","Brooks","79","0","0"
"18-29 years","Brooks","155","0","0"
"30-39 years","Brooks","112","0","2"
"40-49 years","Brooks","101","0","11"
"50-59 years","Brooks","127","2","16"
"60-69 years","Brooks","88","6","13"
"70-79 years","Brooks","76","9","19"
"80 & Older years","Brooks","54","12","13"
"<1 years","Brooks","3","0","0"
"Unknown years","Brooks","2","0","0"
"01-04 years","Bryan","33","0","0"
"05-09 years","Bryan","44","0","0"
"10-17 years","Bryan","167","0","1"
"18-29 years","Bryan","404","0","8"
"30-39 years","Bryan","325","1","8"
"40-49 years","Bryan","342","0","13"
"50-59 years","Bryan","278","4","24"
"60-69 years","Bryan","182","5","24"
"70-79 years","Bryan","122","6","36"
"80 & Older years","Bryan","55","3","18"
"<1 years","Bryan","10","0","0"
"Unknown years","Bryan","6","0","0"
"01-04 years","Bulloch","52","0","0"
"05-09 years","Bulloch","64","0","0"
"10-17 years","Bulloch","236","0","2"
"18-29 years","Bulloch","1966","0","7"
"30-39 years","Bulloch","489","4","20"
"40-49 years","Bulloch","423","2","24"
"50-59 years","Bulloch","406","3","23"
"60-69 years","Bulloch","295","12","35"
"70-79 years","Bulloch","152","10","28"
"80 & Older years","Bulloch","91","9","31"
"<1 years","Bulloch","18","0","2"
"Unknown years","Bulloch","9","0","1"
"01-04 years","Burke","16","0","0"
"05-09 years","Burke","34","0","0"
"10-17 years","Burke","98","0","1"
"18-29 years","Burke","271","0","7"
"30-39 years","Burke","207","1","7"
"40-49 years","Burke","225","2","11"
"50-59 years","Burke","207","1","28"
"60-69 years","Burke","169","5","33"
"70-79 years","Burke","97","5","23"
"80 & Older years","Burke","33","5","12"
"<1 years","Burke","5","0","0"
"Unknown years","Burke","3","0","0"
"01-04 years","Butts","17","0","2"
"05-09 years","Butts","16","0","0"
"10-17 years","Butts","80","0","1"
"18-29 years","Butts","275","0","5"
"30-39 years","Butts","246","0","7"
"40-49 years","Butts","240","3","12"
"50-59 years","Butts","259","4","17"
"60-69 years","Butts","194","9","26"
"70-79 years","Butts","145","13","15"
"80 & Older years","Butts","95","22","5"
"<1 years","Butts","3","0","0"
"01-04 years","Calhoun","2","0","0"
"05-09 years","Calhoun","2","0","0"
"10-17 years","Calhoun","32","0","0"
"18-29 years","Calhoun","63","0","5"
"30-39 years","Calhoun","49","2","5"
"40-49 years","Calhoun","72","1","9"
"50-59 years","Calhoun","72","2","12"
"60-69 years","Calhoun","61","2","17"
"70-79 years","Calhoun","22","3","7"
"80 & Older years","Calhoun","12","2","6"
"<1 years","Calhoun","2","0","0"
"Unknown years","Calhoun","1","0","0"
"01-04 years","Camden","35","0","0"
"05-09 years","Camden","32","0","1"
"10-17 years","Camden","158","0","1"
"18-29 years","Camden","637","0","4"
"30-39 years","Camden","396","0","12"
"40-49 years","Camden","332","1","10"
"50-59 years","Camden","384","1","16"
"60-69 years","Camden","282","6","20"
"70-79 years","Camden","168","1","17"
"80 & Older years","Camden","76","11","19"
"<1 years","Camden","7","0","1"
"Unknown years","Camden","13","0","0"
"01-04 years","Candler","8","0","0"
"05-09 years","Candler","12","0","0"
"10-17 years","Candler","48","0","0"
"18-29 years","Candler","119","0","0"
"30-39 years","Candler","87","0","2"
"40-49 years","Candler","108","2","2"
"50-59 years","Candler","113","5","10"
"60-69 years","Candler","90","7","13"
"70-79 years","Candler","56","10","16"
"80 & Older years","Candler","24","4","10"
"<1 years","Candler","4","0","0"
"Unknown years","Candler","1","0","0"
"01-04 years","Carroll","70","0","1"
"05-09 years","Carroll","92","0","1"
"10-17 years","Carroll","454","0","6"
"18-29 years","Carroll","1425","0","11"
"30-39 years","Carroll","856","4","18"
"40-49 years","Carroll","841","4","23"
"50-59 years","Carroll","869","10","52"
"60-69 years","Carroll","611","17","62"
"70-79 years","Carroll","354","27","54"
"80 & Older years","Carroll","229","39","37"
"<1 years","Carroll","24","0","0"
"Unknown years","Carroll","28","0","0"
"01-04 years","Catoosa","58","0","0"
"05-09 years","Catoosa","90","0","1"
"10-17 years","Catoosa","343","0","1"
"18-29 years","Catoosa","733","0","7"
"30-39 years","Catoosa","534","1","7"
"40-49 years","Catoosa","623","1","11"
"50-59 years","Catoosa","577","5","21"
"60-69 years","Catoosa","420","5","39"
"70-79 years","Catoosa","267","14","39"
"80 & Older years","Catoosa","198","18","38"
"<1 years","Catoosa","26","0","0"
"Unknown years","Catoosa","93","0","5"
"01-04 years","Charlton","12","0","0"
"05-09 years","Charlton","22","0","0"
"10-17 years","Charlton","52","0","0"
"18-29 years","Charlton","163","0","1"
"30-39 years","Charlton","188","0","4"
"40-49 years","Charlton","166","2","8"
"50-59 years","Charlton","123","0","4"
"60-69 years","Charlton","124","4","13"
"70-79 years","Charlton","44","4","9"
"80 & Older years","Charlton","20","3","9"
"<1 years","Charlton","2","0","0"
"Unknown years","Charlton","1","0","0"
"01-04 years","Chatham","256","0","3"
"05-09 years","Chatham","298","1","0"
"10-17 years","Chatham","912","0","13"
"18-29 years","Chatham","3754","2","42"
"30-39 years","Chatham","2564","4","98"
"40-49 years","Chatham","2025","11","119"
"50-59 years","Chatham","1861","26","189"
"60-69 years","Chatham","1471","48","262"
"70-79 years","Chatham","799","70","239"
"80 & Older years","Chatham","493","98","195"
"<1 years","Chatham","70","0","4"
"Unknown years","Chatham","69","0","2"
"01-04 years","Chattahoochee","8","0","0"
"05-09 years","Chattahoochee","7","0","0"
"10-17 years","Chattahoochee","101","0","2"
"18-29 years","Chattahoochee","1782","0","1"
"30-39 years","Chattahoochee","194","0","3"
"40-49 years","Chattahoochee","47","0","0"
"50-59 years","Chattahoochee","20","0","5"
"60-69 years","Chattahoochee","16","0","4"
"70-79 years","Chattahoochee","6","0","2"
"80 & Older years","Chattahoochee","6","1","3"
"<1 years","Chattahoochee","8","0","0"
"Unknown years","Chattahoochee","1","0","0"
"01-04 years","Chattooga","10","0","0"
"05-09 years","Chattooga","20","0","0"
"10-17 years","Chattooga","147","0","0"
"18-29 years","Chattooga","302","0","4"
"30-39 years","Chattooga","241","0","6"
"40-49 years","Chattooga","285","1","9"
"50-59 years","Chattooga","271","5","13"
"60-69 years","Chattooga","238","12","32"
"70-79 years","Chattooga","148","11","37"
"80 & Older years","Chattooga","104","17","24"
"<1 years","Chattooga","8","0","1"
"Unknown years","Chattooga","19","0","1"
"01-04 years","Cherokee","165","0","7"
"05-09 years","Cherokee","385","0","5"
"10-17 years","Cherokee","1552","0","7"
"18-29 years","Cherokee","3223","1","61"
"30-39 years","Cherokee","2235","2","82"
"40-49 years","Cherokee","2522","3","95"
"50-59 years","Cherokee","2467","9","150"
"60-69 years","Cherokee","1453","22","166"
"70-79 years","Cherokee","971","39","177"
"80 & Older years","Cherokee","641","78","165"
"<1 years","Cherokee","34","0","1"
"Unknown years","Cherokee","66","0","2"
"01-04 years","Clarke","126","0","0"
"05-09 years","Clarke","151","0","1"
"10-17 years","Clarke","430","0","4"
"18-29 years","Clarke","4932","0","22"
"30-39 years","Clarke","1229","1","30"
"40-49 years","Clarke","1001","2","38"
"50-59 years","Clarke","878","5","50"
"60-69 years","Clarke","610","12","73"
"70-79 years","Clarke","358","27","84"
"80 & Older years","Clarke","190","27","49"
"<1 years","Clarke","33","0","1"
"Unknown years","Clarke","51","0","0"
"01-04 years","Clay","3","0","0"
"05-09 years","Clay","2","0","0"
"10-17 years","Clay","13","0","0"
"18-29 years","Clay","27","0","0"
"30-39 years","Clay","25","0","1"
"40-49 years","Clay","22","0","0"
"50-59 years","Clay","17","0","1"
"60-69 years","Clay","22","1","2"
"70-79 years","Clay","15","0","0"
"80 & Older years","Clay","14","2","5"
"Unknown years","Clay","1","0","0"
"01-04 years","Clayton","257","0","7"
"05-09 years","Clayton","363","1","8"
"10-17 years","Clayton","991","0","21"
"18-29 years","Clayton","3393","4","78"
"30-39 years","Clayton","2873","6","120"
"40-49 years","Clayton","2633","23","148"
"50-59 years","Clayton","2450","29","214"
"60-69 years","Clayton","1542","61","192"
"70-79 years","Clayton","672","56","130"
"80 & Older years","Clayton","349","62","83"
"<1 years","Clayton","54","0","1"
"Unknown years","Clayton","45","1","2"
"01-04 years","Clinch","10","0","0"
"05-09 years","Clinch","15","0","0"
"10-17 years","Clinch","67","0","0"
"18-29 years","Clinch","115","0","2"
"30-39 years","Clinch","91","1","4"
"40-49 years","Clinch","81","0","3"
"50-59 years","Clinch","81","2","12"
"60-69 years","Clinch","89","6","13"
"70-79 years","Clinch","46","6","16"
"80 & Older years","Clinch","15","1","4"
"<1 years","Clinch","1","0","0"
"Unknown years","Clinch","1","0","0"
"01-04 years","Cobb","492","1","13"
"05-09 years","Cobb","855","0","6"
"10-17 years","Cobb","2895","0","25"
"18-29 years","Cobb","11565","4","210"
"30-39 years","Cobb","7593","12","216"
"40-49 years","Cobb","7078","22","346"
"50-59 years","Cobb","6352","38","452"
"60-69 years","Cobb","3857","88","443"
"70-79 years","Cobb","2157","181","395"
"80 & Older years","Cobb","1354","261","354"
"<1 years","Cobb","140","0","8"
"Unknown years","Cobb","264","1","3"
"01-04 years","Coffee","68","0","2"
"05-09 years","Coffee","85","0","4"
"10-17 years","Coffee","248","0","3"
"18-29 years","Coffee","726","0","20"
"30-39 years","Coffee","540","3","39"
"40-49 years","Coffee","621","3","80"
"50-59 years","Coffee","606","5","107"
"60-69 years","Coffee","480","23","118"
"70-79 years","Coffee","264","28","103"
"80 & Older years","Coffee","137","30","75"
"<1 years","Coffee","12","0","0"
"Unknown years","Coffee","2","0","0"
"01-04 years","Colquitt","35","0","0"
"05-09 years","Colquitt","69","0","1"
"10-17 years","Colquitt","247","0","4"
"18-29 years","Colquitt","607","0","16"
"30-39 years","Colquitt","422","0","16"
"40-49 years","Colquitt","436","4","33"
"50-59 years","Colquitt","380","10","30"
"60-69 years","Colquitt","270","11","32"
"70-79 years","Colquitt","154","6","33"
"80 & Older years","Colquitt","109","15","22"
"<1 years","Colquitt","12","0","0"
"Unknown years","Colquitt","3","0","0"
"01-04 years","Columbia","80","0","2"
"05-09 years","Columbia","191","0","0"
"10-17 years","Columbia","761","0","1"
"18-29 years","Columbia","1814","0","14"
"30-39 years","Columbia","1572","2","20"
"40-49 years","Columbia","1415","6","36"
"50-59 years","Columbia","1244","11","58"
"60-69 years","Columbia","776","14","65"
"70-79 years","Columbia","413","29","68"
"80 & Older years","Columbia","242","38","67"
"<1 years","Columbia","21","0","1"
"Unknown years","Columbia","13","0","0"
"01-04 years","Cook","12","0","1"
"05-09 years","Cook","21","0","0"
"10-17 years","Cook","86","0","1"
"18-29 years","Cook","206","0","5"
"30-39 years","Cook","158","0","4"
"40-49 years","Cook","164","0","13"
"50-59 years","Cook","145","2","15"
"60-69 years","Cook","115","7","16"
"70-79 years","Cook","95","10","24"
"80 & Older years","Cook","50","9","12"
"<1 years","Cook","5","0","0"
"Unknown years","Cook","2","0","0"
"01-04 years","Coweta","78","0","0"
"05-09 years","Coweta","129","0","0"
"10-17 years","Coweta","459","0","3"
"18-29 years","Coweta","1225","1","14"
"30-39 years","Coweta","913","0","20"
"40-49 years","Coweta","968","3","27"
"50-59 years","Coweta","1094","8","47"
"60-69 years","Coweta","693","20","41"
"70-79 years","Coweta","435","21","47"
"80 & Older years","Coweta","239","37","32"
"<1 years","Coweta","24","0","1"
"Unknown years","Coweta","14","0","0"
"01-04 years","Crawford","1","0","0"
"05-09 years","Crawford","2","0","0"
"10-17 years","Crawford","22","0","0"
"18-29 years","Crawford","61","0","2"
"30-39 years","Crawford","57","0","4"
"40-49 years","Crawford","46","1","3"
"50-59 years","Crawford","94","2","11"
"60-69 years","Crawford","82","3","13"
"70-79 years","Crawford","32","3","10"
"80 & Older years","Crawford","19","0","5"
"01-04 years","Crisp","18","0","0"
"05-09 years","Crisp","21","0","0"
"10-17 years","Crisp","82","0","1"
"18-29 years","Crisp","170","0","7"
"30-39 years","Crisp","176","1","11"
"40-49 years","Crisp","157","1","13"
"50-59 years","Crisp","158","3","21"
"60-69 years","Crisp","159","9","30"
"70-79 years","Crisp","84","8","28"
"80 & Older years","Crisp","66","9","15"
"<1 years","Crisp","7","0","0"
"Unknown years","Crisp","13","0","0"
"01-04 years","Dade","8","0","0"
"05-09 years","Dade","22","0","0"
"10-17 years","Dade","71","0","0"
"18-29 years","Dade","166","0","1"
"30-39 years","Dade","108","0","1"
"40-49 years","Dade","138","0","5"
"50-59 years","Dade","122","1","7"
"60-69 years","Dade","88","1","4"
"70-79 years","Dade","67","5","15"
"80 & Older years","Dade","43","1","8"
"<1 years","Dade","7","0","0"
"Unknown years","Dade","24","0","1"
"01-04 years","Dawson","19","0","0"
"05-09 years","Dawson","30","0","0"
"10-17 years","Dawson","159","0","4"
"18-29 years","Dawson","411","0","10"
"30-39 years","Dawson","295","0","7"
"40-49 years","Dawson","273","0","20"
"50-59 years","Dawson","321","1","27"
"60-69 years","Dawson","258","3","56"
"70-79 years","Dawson","166","11","37"
"80 & Older years","Dawson","70","5","18"
"<1 years","Dawson","8","0","1"
"Unknown years","Dawson","55","0","2"
"01-04 years","DeKalb","540","0","16"
"05-09 years","DeKalb","784","0","11"
"10-17 years","DeKalb","2318","0","40"
"18-29 years","DeKalb","9803","9","280"
"30-39 years","DeKalb","8410","14","427"
"40-49 years","DeKalb","6653","26","464"
"50-59 years","DeKalb","5961","60","632"
"60-69 years","DeKalb","3745","101","651"
"70-79 years","DeKalb","1917","144","500"
"80 & Older years","DeKalb","1160","173","351"
"<1 years","DeKalb","133","0","6"
"Unknown years","DeKalb","173","0","6"
"01-04 years","Decatur","46","0","1"
"05-09 years","Decatur","54","0","0"
"10-17 years","Decatur","163","0","0"
"18-29 years","Decatur","357","1","8"
"30-39 years","Decatur","276","1","8"
"40-49 years","Decatur","264","1","16"
"50-59 years","Decatur","223","5","24"
"60-69 years","Decatur","192","10","27"
"70-79 years","Decatur","113","16","19"
"80 & Older years","Decatur","90","12","17"
"<1 years","Decatur","9","0","0"
"01-04 years","Dodge","7","0","0"
"05-09 years","Dodge","17","0","0"
"10-17 years","Dodge","76","1","1"
"18-29 years","Dodge","167","0","3"
"30-39 years","Dodge","123","0","3"
"40-49 years","Dodge","144","1","10"
"50-59 years","Dodge","168","4","14"
"60-69 years","Dodge","146","11","28"
"70-79 years","Dodge","75","14","18"
"80 & Older years","Dodge","53","16","17"
"<1 years","Dodge","3","0","0"
"Unknown years","Dodge","1","0","0"
"01-04 years","Dooly","9","0","0"
"05-09 years","Dooly","6","0","0"
"10-17 years","Dooly","39","0","0"
"18-29 years","Dooly","88","0","5"
"30-39 years","Dooly","86","0","8"
"40-49 years","Dooly","102","0","8"
"50-59 years","Dooly","113","5","14"
"60-69 years","Dooly","102","9","22"
"70-79 years","Dooly","51","6","11"
"80 & Older years","Dooly","18","4","3"
"<1 years","Dooly","2","0","0"
"Unknown years","Dooly","5","0","0"
"01-04 years","Dougherty","39","0","3"
"05-09 years","Dougherty","70","0","0"
"10-17 years","Dougherty","179","0","3"
"18-29 years","Dougherty","804","2","69"
"30-39 years","Dougherty","660","3","63"
"40-49 years","Dougherty","696","13","98"
"50-59 years","Dougherty","772","20","136"
"60-69 years","Dougherty","671","54","195"
"70-79 years","Dougherty","397","54","145"
"80 & Older years","Dougherty","225","73","96"
"<1 years","Dougherty","21","0","1"
"Unknown years","Dougherty","23","0","0"
"01-04 years","Douglas","104","0","3"
"05-09 years","Douglas","186","0","4"
"10-17 years","Douglas","566","0","5"
"18-29 years","Douglas","1709","0","41"
"30-39 years","Douglas","1333","3","51"
"40-49 years","Douglas","1526","4","85"
"50-59 years","Douglas","1387","14","123"
"60-69 years","Douglas","792","21","123"
"70-79 years","Douglas","452","39","104"
"80 & Older years","Douglas","213","27","66"
"<1 years","Douglas","19","0","3"
"Unknown years","Douglas","24","0","0"
"01-04 years","Early","15","0","0"
"05-09 years","Early","15","0","0"
"10-17 years","Early","60","0","0"
"18-29 years","Early","120","0","4"
"30-39 years","Early","116","0","4"
"40-49 years","Early","141","1","9"
"50-59 years","Early","127","3","9"
"60-69 years","Early","95","11","12"
"70-79 years","Early","65","13","14"
"80 & Older years","Early","37","12","10"
"<1 years","Early","2","0","0"
"01-04 years","Echols","7","0","0"
"05-09 years","Echols","5","0","0"
"10-17 years","Echols","24","0","1"
"18-29 years","Echols","128","0","1"
"30-39 years","Echols","52","0","2"
"40-49 years","Echols","40","0","1"
"50-59 years","Echols","41","0","2"
"60-69 years","Echols","21","0","0"
"70-79 years","Echols","16","2","3"
"<1 years","Echols","1","0","0"
"01-04 years","Effingham","36","0","2"
"05-09 years","Effingham","71","0","0"
"10-17 years","Effingham","235","0","0"
"18-29 years","Effingham","526","0","4"
"30-39 years","Effingham","447","1","11"
"40-49 years","Effingham","440","0","24"
"50-59 years","Effingham","444","7","30"
"60-69 years","Effingham","289","3","46"
"70-79 years","Effingham","164","13","40"
"80 & Older years","Effingham","73","13","25"
"<1 years","Effingham","7","0","0"
"Unknown years","Effingham","13","0","1"
"01-04 years","Elbert","14","0","0"
"05-09 years","Elbert","23","0","0"
"10-17 years","Elbert","73","0","0"
"18-29 years","Elbert","224","0","1"
"30-39 years","Elbert","155","0","7"
"40-49 years","Elbert","185","0","8"
"50-59 years","Elbert","197","0","11"
"60-69 years","Elbert","150","1","18"
"70-79 years","Elbert","135","9","27"
"80 & Older years","Elbert","119","16","26"
"<1 years","Elbert","7","0","2"
"Unknown years","Elbert","6","0","0"
"01-04 years","Emanuel","20","0","1"
"05-09 years","Emanuel","20","0","0"
"10-17 years","Emanuel","150","0","2"
"18-29 years","Emanuel","277","1","0"
"30-39 years","Emanuel","216","0","7"
"40-49 years","Emanuel","262","1","7"
"50-59 years","Emanuel","234","5","23"
"60-69 years","Emanuel","205","8","25"
"70-79 years","Emanuel","122","15","25"
"80 & Older years","Emanuel","58","17","20"
"<1 years","Emanuel","4","0","0"
"Unknown years","Emanuel","8","0","1"
"01-04 years","Evans","8","0","0"
"05-09 years","Evans","16","0","0"
"10-17 years","Evans","71","0","0"
"18-29 years","Evans","123","1","3"
"30-39 years","Evans","109","0","3"
"40-49 years","Evans","94","0","9"
"50-59 years","Evans","97","1","14"
"60-69 years","Evans","54","2","13"
"70-79 years","Evans","40","3","10"
"80 & Older years","Evans","17","2","9"
"<1 years","Evans","2","0","0"
"Unknown years","Evans","2","0","0"
"01-04 years","Fannin","10","0","0"
"05-09 years","Fannin","20","0","0"
"10-17 years","Fannin","87","0","0"
"18-29 years","Fannin","226","1","2"
"30-39 years","Fannin","164","0","5"
"40-49 years","Fannin","195","0","7"
"50-59 years","Fannin","271","3","18"
"60-69 years","Fannin","253","4","28"
"70-79 years","Fannin","194","6","29"
"80 & Older years","Fannin","119","25","40"
"<1 years","Fannin","4","0","0"
"Unknown years","Fannin","17","0","0"
"01-04 years","Fayette","41","0","0"
"05-09 years","Fayette","74","0","1"
"10-17 years","Fayette","336","0","2"
"18-29 years","Fayette","862","0","5"
"30-39 years","Fayette","533","1","7"
"40-49 years","Fayette","726","1","21"
"50-59 years","Fayette","780","3","32"
"60-69 years","Fayette","594","12","36"
"70-79 years","Fayette","308","27","53"
"80 & Older years","Fayette","219","37","29"
"<1 years","Fayette","9","0","0"
"Unknown years","Fayette","22","0","0"
"01-04 years","Floyd","96","0","3"
"05-09 years","Floyd","157","0","0"
"10-17 years","Floyd","707","0","8"
"18-29 years","Floyd","1581","0","19"
"30-39 years","Floyd","1174","3","38"
"40-49 years","Floyd","1144","3","65"
"50-59 years","Floyd","1074","16","108"
"60-69 years","Floyd","779","27","134"
"70-79 years","Floyd","554","31","140"
"80 & Older years","Floyd","309","40","100"
"<1 years","Floyd","37","0","2"
"Unknown years","Floyd","93","0","1"
"01-04 years","Forsyth","133","0","1"
"05-09 years","Forsyth","299","0","1"
"10-17 years","Forsyth","1184","0","3"
"18-29 years","Forsyth","2230","0","36"
"30-39 years","Forsyth","1575","0","50"
"40-49 years","Forsyth","1988","4","97"
"50-59 years","Forsyth","1841","9","128"
"60-69 years","Forsyth","974","7","112"
"70-79 years","Forsyth","601","25","166"
"80 & Older years","Forsyth","360","45","114"
"<1 years","Forsyth","36","0","3"
"Unknown years","Forsyth","766","0","2"
"01-04 years","Franklin","11","0","0"
"05-09 years","Franklin","46","0","0"
"10-17 years","Franklin","148","0","5"
"18-29 years","Franklin","370","0","8"
"30-39 years","Franklin","257","0","3"
"40-49 years","Franklin","278","0","10"
"50-59 years","Franklin","285","0","18"
"60-69 years","Franklin","249","2","29"
"70-79 years","Franklin","135","11","23"
"80 & Older years","Franklin","64","12","18"
"<1 years","Franklin","7","0","1"
"Unknown years","Franklin","74","0","2"
"01-04 years","Fulton","652","0","16"
"05-09 years","Fulton","1097","0","9"
"10-17 years","Fulton","3561","1","34"
"18-29 years","Fulton","16413","4","281"
"30-39 years","Fulton","11707","14","392"
"40-49 years","Fulton","9158","28","469"
"50-59 years","Fulton","8102","72","647"
"60-69 years","Fulton","4816","145","623"
"70-79 years","Fulton","2638","202","543"
"80 & Older years","Fulton","1892","342","540"
"<1 years","Fulton","158","0","6"
"Unknown years","Fulton","186","0","5"
"01-04 years","Gilmer","26","0","2"
"05-09 years","Gilmer","25","0","0"
"10-17 years","Gilmer","144","0","2"
"18-29 years","Gilmer","279","0","8"
"30-39 years","Gilmer","236","0","13"
"40-49 years","Gilmer","267","0","14"
"50-59 years","Gilmer","299","4","20"
"60-69 years","Gilmer","270","3","31"
"70-79 years","Gilmer","191","8","31"
"80 & Older years","Gilmer","107","20","31"
"<1 years","Gilmer","8","0","0"
"Unknown years","Gilmer","48","0","0"
"01-04 years","Glascock","1","0","0"
"05-09 years","Glascock","2","0","0"
"10-17 years","Glascock","1","0","0"
"18-29 years","Glascock","19","0","1"
"30-39 years","Glascock","12","0","0"
"40-49 years","Glascock","15","0","1"
"50-59 years","Glascock","23","2","2"
"60-69 years","Glascock","12","0","1"
"70-79 years","Glascock","14","1","3"
"80 & Older years","Glascock","8","1","4"
"<1 years","Glascock","1","0","0"
"Unknown years","Glascock","2","0","0"
"01-04 years","Glynn","75","0","1"
"05-09 years","Glynn","142","0","1"
"10-17 years","Glynn","383","0","0"
"18-29 years","Glynn","1131","0","21"
"30-39 years","Glynn","848","3","24"
"40-49 years","Glynn","748","3","32"
"50-59 years","Glynn","707","8","63"
"60-69 years","Glynn","604","24","101"
"70-79 years","Glynn","361","37","72"
"80 & Older years","Glynn","224","51","78"
"<1 years","Glynn","18","0","0"
"Unknown years","Glynn","34","0","0"
"01-04 years","Gordon","60","0","0"
"05-09 years","Gordon","92","0","0"
"10-17 years","Gordon","377","0","3"
"18-29 years","Gordon","933","0","11"
"30-39 years","Gordon","717","1","17"
"40-49 years","Gordon","752","1","24"
"50-59 years","Gordon","739","7","36"
"60-69 years","Gordon","458","12","33"
"70-79 years","Gordon","275","21","57"
"80 & Older years","Gordon","149","27","40"
"<1 years","Gordon","18","0","3"
"Unknown years","Gordon","72","0","3"
"01-04 years","Grady","28","0","1"
"05-09 years","Grady","35","0","0"
"10-17 years","Grady","110","0","2"
"18-29 years","Grady","223","0","9"
"30-39 years","Grady","200","0","7"
"40-49 years","Grady","206","0","20"
"50-59 years","Grady","183","6","25"
"60-69 years","Grady","137","4","20"
"70-79 years","Grady","125","10","33"
"80 & Older years","Grady","46","14","16"
"<1 years","Grady","5","0","1"
"Unknown years","Grady","3","0","0"
"01-04 years","Greene","13","0","0"
"05-09 years","Greene","29","0","0"
"10-17 years","Greene","64","0","0"
"18-29 years","Greene","217","0","5"
"30-39 years","Greene","150","0","6"
"40-49 years","Greene","142","3","11"
"50-59 years","Greene","174","3","14"
"60-69 years","Greene","177","2","10"
"70-79 years","Greene","117","5","19"
"80 & Older years","Greene","69","13","26"
"<1 years","Greene","3","0","1"
"Unknown years","Greene","1","0","0"
"01-04 years","Gwinnett","901","0","17"
"05-09 years","Gwinnett","1464","0","16"
"10-17 years","Gwinnett","4857","1","63"
"18-29 years","Gwinnett","14711","4","477"
"30-39 years","Gwinnett","10697","13","496"
"40-49 years","Gwinnett","11422","38","658"
"50-59 years","Gwinnett","9476","66","720"
"60-69 years","Gwinnett","5174","121","718"
"70-79 years","Gwinnett","2371","141","539"
"80 & Older years","Gwinnett","1341","222","478"
"<1 years","Gwinnett","218","0","6"
"Unknown years","Gwinnett","138","0","1"
"01-04 years","Habersham","27","0","2"
"05-09 years","Habersham","44","0","3"
"10-17 years","Habersham","260","1","6"
"18-29 years","Habersham","722","0","10"
"30-39 years","Habersham","523","2","24"
"40-49 years","Habersham","560","3","34"
"50-59 years","Habersham","584","5","46"
"60-69 years","Habersham","468","12","98"
"70-79 years","Habersham","334","24","91"
"80 & Older years","Habersham","250","54","77"
"<1 years","Habersham","8","0","3"
"Unknown years","Habersham","286","0","2"
"01-04 years","Hall","150","0","5"
"05-09 years","Hall","293","0","3"
"10-17 years","Hall","1400","0","21"
"18-29 years","Hall","4352","3","135"
"30-39 years","Hall","2901","1","161"
"40-49 years","Hall","3071","7","225"
"50-59 years","Hall","3203","22","320"
"60-69 years","Hall","2106","52","333"
"70-79 years","Hall","1359","65","363"
"80 & Older years","Hall","770","112","313"
"<1 years","Hall","30","0","6"
"Unknown years","Hall","663","0","9"
"01-04 years","Hancock","4","0","0"
"05-09 years","Hancock","5","0","0"
"10-17 years","Hancock","28","0","0"
"18-29 years","Hancock","113","0","2"
"30-39 years","Hancock","102","0","2"
"40-49 years","Hancock","93","1","4"
"50-59 years","Hancock","116","3","13"
"60-69 years","Hancock","126","13","25"
"70-79 years","Hancock","65","13","19"
"80 & Older years","Hancock","56","18","19"
"<1 years","Hancock","3","0","0"
"01-04 years","Haralson","18","0","0"
"05-09 years","Haralson","27","0","0"
"10-17 years","Haralson","117","0","1"
"18-29 years","Haralson","294","0","2"
"30-39 years","Haralson","189","0","3"
"40-49 years","Haralson","189","1","5"
"50-59 years","Haralson","207","1","3"
"60-69 years","Haralson","162","10","18"
"70-79 years","Haralson","111","9","15"
"80 & Older years","Haralson","50","4","8"
"<1 years","Haralson","6","0","0"
"Unknown years","Haralson","4","0","0"
"01-04 years","Harris","20","0","0"
"05-09 years","Harris","25","0","0"
"10-17 years","Harris","140","0","2"
"18-29 years","Harris","256","0","2"
"30-39 years","Harris","177","0","5"
"40-49 years","Harris","270","2","8"
"50-59 years","Harris","276","5","20"
"60-69 years","Harris","247","10","42"
"70-79 years","Harris","128","10","29"
"80 & Older years","Harris","45","6","8"
"<1 years","Harris","5","0","0"
"Unknown years","Harris","9","0","0"
"01-04 years","Hart","12","0","0"
"05-09 years","Hart","21","0","1"
"10-17 years","Hart","78","0","0"
"18-29 years","Hart","249","0","2"
"30-39 years","Hart","198","0","7"
"40-49 years","Hart","192","0","8"
"50-59 years","Hart","230","1","16"
"60-69 years","Hart","183","9","27"
"70-79 years","Hart","108","5","18"
"80 & Older years","Hart","80","9","25"
"<1 years","Hart","4","0","1"
"Unknown years","Hart","40","0","0"
"01-04 years","Heard","8","0","0"
"05-09 years","Heard","11","0","0"
"10-17 years","Heard","47","0","1"
"18-29 years","Heard","86","0","1"
"30-39 years","Heard","43","0","1"
"40-49 years","Heard","82","0","3"
"50-59 years","Heard","77","0","5"
"60-69 years","Heard","60","3","7"
"70-79 years","Heard","42","5","11"
"80 & Older years","Heard","18","4","2"
"<1 years","Heard","3","0","0"
"Unknown years","Heard","1","0","0"
"01-04 years","Henry","131","0","4"
"05-09 years","Henry","242","0","1"
"10-17 years","Henry","935","0","6"
"18-29 years","Henry","2705","1","25"
"30-39 years","Henry","2174","5","36"
"40-49 years","Henry","2488","8","69"
"50-59 years","Henry","2395","13","95"
"60-69 years","Henry","1291","32","65"
"70-79 years","Henry","658","46","57"
"80 & Older years","Henry","342","56","43"
"<1 years","Henry","29","0","2"
"Unknown years","Henry","29","0","0"
"01-04 years","Houston","74","0","1"
"05-09 years","Houston","109","0","1"
"10-17 years","Houston","496","0","3"
"18-29 years","Houston","1680","3","29"
"30-39 years","Houston","1420","1","47"
"40-49 years","Houston","1314","4","75"
"50-59 years","Houston","1157","9","84"
"60-69 years","Houston","724","30","110"
"70-79 years","Houston","409","45","118"
"80 & Older years","Houston","215","35","71"
"<1 years","Houston","17","0","2"
"Unknown years","Houston","2","0","0"
"01-04 years","Irwin","6","0","0"
"05-09 years","Irwin","10","0","0"
"10-17 years","Irwin","51","0","0"
"18-29 years","Irwin","106","0","4"
"30-39 years","Irwin","83","0","4"
"40-49 years","Irwin","107","0","8"
"50-59 years","Irwin","91","2","8"
"60-69 years","Irwin","76","1","19"
"70-79 years","Irwin","42","4","5"
"80 & Older years","Irwin","32","6","15"
"01-04 years","Jackson","45","0","0"
"05-09 years","Jackson","113","0","1"
"10-17 years","Jackson","582","0","2"
"18-29 years","Jackson","1168","1","16"
"30-39 years","Jackson","971","1","16"
"40-49 years","Jackson","1066","5","46"
"50-59 years","Jackson","1015","4","55"
"60-69 years","Jackson","652","13","58"
"70-79 years","Jackson","458","19","84"
"80 & Older years","Jackson","256","34","79"
"<1 years","Jackson","12","0","2"
"Unknown years","Jackson","38","0","1"
"01-04 years","Jasper","3","0","1"
"05-09 years","Jasper","6","0","0"
"10-17 years","Jasper","23","0","0"
"18-29 years","Jasper","94","0","2"
"30-39 years","Jasper","75","0","0"
"40-49 years","Jasper","77","0","3"
"50-59 years","Jasper","102","1","13"
"60-69 years","Jasper","68","5","10"
"70-79 years","Jasper","39","2","8"
"80 & Older years","Jasper","12","0","1"
"<1 years","Jasper","3","0","0"
"01-04 years","Jeff Davis","24","0","1"
"05-09 years","Jeff Davis","25","0","0"
"10-17 years","Jeff Davis","95","0","2"
"18-29 years","Jeff Davis","210","0","3"
"30-39 years","Jeff Davis","183","0","9"
"40-49 years","Jeff Davis","174","0","11"
"50-59 years","Jeff Davis","159","6","17"
"60-69 years","Jeff Davis","113","6","21"
"70-79 years","Jeff Davis","71","12","16"
"80 & Older years","Jeff Davis","16","8","6"
"<1 years","Jeff Davis","2","0","1"
"Unknown years","Jeff Davis","3","0","0"
"01-04 years","Jefferson","17","0","0"
"05-09 years","Jefferson","30","0","0"
"10-17 years","Jefferson","78","0","0"
"18-29 years","Jefferson","205","0","3"
"30-39 years","Jefferson","164","0","7"
"40-49 years","Jefferson","177","3","11"
"50-59 years","Jefferson","234","2","20"
"60-69 years","Jefferson","200","7","26"
"70-79 years","Jefferson","129","12","31"
"80 & Older years","Jefferson","60","15","24"
"<1 years","Jefferson","4","0","0"
"Unknown years","Jefferson","10","0","0"
"01-04 years","Jenkins","9","0","0"
"05-09 years","Jenkins","17","0","0"
"10-17 years","Jenkins","46","0","0"
"18-29 years","Jenkins","96","0","2"
"30-39 years","Jenkins","65","1","4"
"40-49 years","Jenkins","93","2","10"
"50-59 years","Jenkins","98","6","16"
"60-69 years","Jenkins","74","5","11"
"70-79 years","Jenkins","50","12","21"
"80 & Older years","Jenkins","46","8","10"
"<1 years","Jenkins","2","0","0"
"Unknown years","Jenkins","2","0","1"
"01-04 years","Johnson","6","0","0"
"05-09 years","Johnson","7","0","0"
"10-17 years","Johnson","22","0","0"
"18-29 years","Johnson","99","0","2"
"30-39 years","Johnson","80","0","3"
"40-49 years","Johnson","81","1","7"
"50-59 years","Johnson","111","1","15"
"60-69 years","Johnson","113","7","16"
"70-79 years","Johnson","75","6","18"
"80 & Older years","Johnson","64","16","19"
"<1 years","Johnson","1","0","1"
"Unknown years","Johnson","3","0","0"
"01-04 years","Jones","5","0","0"
"05-09 years","Jones","18","0","0"
"10-17 years","Jones","60","0","0"
"18-29 years","Jones","288","0","5"
"30-39 years","Jones","199","0","4"
"40-49 years","Jones","173","1","8"
"50-59 years","Jones","209","1","15"
"60-69 years","Jones","137","1","16"
"70-79 years","Jones","87","7","24"
"80 & Older years","Jones","57","13","11"
"<1 years","Jones","3","0","0"
"Unknown years","Jones","1","0","0"
"01-04 years","Lamar","18","0","0"
"05-09 years","Lamar","33","0","0"
"10-17 years","Lamar","86","0","1"
"18-29 years","Lamar","153","0","1"
"30-39 years","Lamar","140","0","3"
"40-49 years","Lamar","131","1","4"
"50-59 years","Lamar","145","2","17"
"60-69 years","Lamar","132","4","15"
"70-79 years","Lamar","98","6","14"
"80 & Older years","Lamar","55","17","13"
"<1 years","Lamar","10","0","0"
"Unknown years","Lamar","1","0","0"
"01-04 years","Lanier","6","0","0"
"05-09 years","Lanier","9","0","1"
"10-17 years","Lanier","28","0","1"
"18-29 years","Lanier","93","1","1"
"30-39 years","Lanier","106","0","1"
"40-49 years","Lanier","63","1","2"
"50-59 years","Lanier","57","0","4"
"60-69 years","Lanier","35","1","2"
"70-79 years","Lanier","21","4","5"
"80 & Older years","Lanier","12","0","5"
"<1 years","Lanier","4","0","0"
"01-04 years","Laurens","20","0","0"
"05-09 years","Laurens","39","0","1"
"10-17 years","Laurens","205","0","2"
"18-29 years","Laurens","548","0","9"
"30-39 years","Laurens","451","1","14"
"40-49 years","Laurens","467","3","24"
"50-59 years","Laurens","498","7","49"
"60-69 years","Laurens","411","26","66"
"70-79 years","Laurens","286","37","65"
"80 & Older years","Laurens","191","42","51"
"<1 years","Laurens","3","0","0"
"Unknown years","Laurens","5","0","0"
"01-04 years","Lee","10","0","0"
"05-09 years","Lee","18","0","2"
"10-17 years","Lee","93","0","1"
"18-29 years","Lee","220","1","9"
"30-39 years","Lee","236","1","16"
"40-49 years","Lee","241","3","22"
"50-59 years","Lee","214","6","28"
"60-69 years","Lee","146","9","21"
"70-79 years","Lee","69","10","23"
"80 & Older years","Lee","35","6","10"
"<1 years","Lee","5","0","0"
"Unknown years","Lee","5","0","0"
"01-04 years","Liberty","22","0","0"
"05-09 years","Liberty","39","0","1"
"10-17 years","Liberty","140","0","2"
"18-29 years","Liberty","515","1","11"
"30-39 years","Liberty","342","0","12"
"40-49 years","Liberty","314","0","14"
"50-59 years","Liberty","278","4","30"
"60-69 years","Liberty","207","9","39"
"70-79 years","Liberty","93","10","30"
"80 & Older years","Liberty","55","9","23"
"<1 years","Liberty","17","0","1"
"Unknown years","Liberty","14","0","0"
"01-04 years","Lincoln","6","0","0"
"05-09 years","Lincoln","9","0","0"
"10-17 years","Lincoln","21","0","0"
"18-29 years","Lincoln","69","0","2"
"30-39 years","Lincoln","47","0","1"
"40-49 years","Lincoln","63","0","5"
"50-59 years","Lincoln","52","2","4"
"60-69 years","Lincoln","56","4","13"
"70-79 years","Lincoln","37","3","9"
"80 & Older years","Lincoln","18","5","8"
"<1 years","Lincoln","2","0","0"
"01-04 years","Long","10","0","0"
"05-09 years","Long","6","0","0"
"10-17 years","Long","33","0","0"
"18-29 years","Long","91","0","0"
"30-39 years","Long","106","0","1"
"40-49 years","Long","72","0","5"
"50-59 years","Long","65","1","7"
"60-69 years","Long","58","1","5"
"70-79 years","Long","36","4","12"
"80 & Older years","Long","16","0","4"
"<1 years","Long","4","0","0"
"Unknown years","Long","6","0","0"
"01-04 years","Lowndes","114","0","0"
"05-09 years","Lowndes","151","0","0"
"10-17 years","Lowndes","523","0","5"
"18-29 years","Lowndes","2006","3","25"
"30-39 years","Lowndes","1050","1","15"
"40-49 years","Lowndes","892","2","36"
"50-59 years","Lowndes","771","7","48"
"60-69 years","Lowndes","535","22","61"
"70-79 years","Lowndes","285","31","47"
"80 & Older years","Lowndes","179","38","46"
"<1 years","Lowndes","22","0","0"
"Unknown years","Lowndes","19","0","0"
"01-04 years","Lumpkin","12","0","0"
"05-09 years","Lumpkin","27","0","1"
"10-17 years","Lumpkin","114","0","2"
"18-29 years","Lumpkin","573","0","10"
"30-39 years","Lumpkin","273","0","7"
"40-49 years","Lumpkin","277","0","15"
"50-59 years","Lumpkin","319","2","36"
"60-69 years","Lumpkin","318","7","45"
"70-79 years","Lumpkin","209","6","46"
"80 & Older years","Lumpkin","105","15","54"
"<1 years","Lumpkin","7","0","1"
"Unknown years","Lumpkin","40","0","1"
"01-04 years","Macon","7","0","0"
"05-09 years","Macon","9","0","0"
"10-17 years","Macon","17","0","0"
"18-29 years","Macon","78","0","3"
"30-39 years","Macon","55","0","3"
"40-49 years","Macon","77","1","6"
"50-59 years","Macon","90","3","10"
"60-69 years","Macon","58","5","19"
"70-79 years","Macon","44","2","13"
"80 & Older years","Macon","13","4","6"
"<1 years","Macon","2","0","0"
"Unknown years","Macon","4","0","0"
"01-04 years","Madison","34","0","0"
"05-09 years","Madison","36","0","0"
"10-17 years","Madison","166","0","0"
"18-29 years","Madison","369","0","2"
"30-39 years","Madison","311","0","5"
"40-49 years","Madison","313","0","13"
"50-59 years","Madison","344","3","20"
"60-69 years","Madison","236","6","30"
"70-79 years","Madison","132","8","28"
"80 & Older years","Madison","59","5","5"
"<1 years","Madison","17","0","3"
"Unknown years","Madison","12","0","0"
"01-04 years","Marion","4","0","0"
"05-09 years","Marion","4","0","0"
"10-17 years","Marion","30","0","0"
"18-29 years","Marion","49","0","0"
"30-39 years","Marion","30","0","2"
"40-49 years","Marion","48","1","5"
"50-59 years","Marion","47","3","5"
"60-69 years","Marion","34","3","3"
"70-79 years","Marion","26","1","5"
"80 & Older years","Marion","25","2","7"
"<1 years","Marion","2","0","0"
"Unknown years","Marion","2","0","0"
"01-04 years","McDuffie","17","0","0"
"05-09 years","McDuffie","19","0","0"
"10-17 years","McDuffie","85","0","0"
"18-29 years","McDuffie","236","0","3"
"30-39 years","McDuffie","184","2","4"
"40-49 years","McDuffie","190","2","12"
"50-59 years","McDuffie","193","2","21"
"60-69 years","McDuffie","150","6","23"
"70-79 years","McDuffie","90","7","36"
"80 & Older years","McDuffie","35","6","17"
"Unknown years","McDuffie","14","0","1"
"01-04 years","McIntosh","1","0","0"
"05-09 years","McIntosh","6","0","0"
"10-17 years","McIntosh","28","0","0"
"18-29 years","McIntosh","82","0","2"
"30-39 years","McIntosh","67","0","3"
"40-49 years","McIntosh","72","0","4"
"50-59 years","McIntosh","94","0","2"
"60-69 years","McIntosh","70","2","15"
"70-79 years","McIntosh","52","3","13"
"80 & Older years","McIntosh","17","3","7"
"<1 years","McIntosh","1","0","0"
"Unknown years","McIntosh","9","0","0"
"01-04 years","Meriwether","19","0","1"
"05-09 years","Meriwether","18","0","1"
"10-17 years","Meriwether","58","0","0"
"18-29 years","Meriwether","159","0","6"
"30-39 years","Meriwether","134","2","11"
"40-49 years","Meriwether","177","1","14"
"50-59 years","Meriwether","170","1","13"
"60-69 years","Meriwether","152","3","20"
"70-79 years","Meriwether","106","7","24"
"80 & Older years","Meriwether","58","8","11"
"<1 years","Meriwether","3","0","0"
"Unknown years","Meriwether","1","0","0"
"01-04 years","Miller","6","0","0"
"05-09 years","Miller","6","0","0"
"10-17 years","Miller","50","0","1"
"18-29 years","Miller","90","0","0"
"30-39 years","Miller","83","0","0"
"40-49 years","Miller","65","0","4"
"50-59 years","Miller","102","0","10"
"60-69 years","Miller","64","2","4"
"70-79 years","Miller","25","0","2"
"80 & Older years","Miller","20","0","5"
"<1 years","Miller","3","0","0"
"01-04 years","Mitchell","14","0","0"
"05-09 years","Mitchell","20","0","0"
"10-17 years","Mitchell","71","0","1"
"18-29 years","Mitchell","203","0","7"
"30-39 years","Mitchell","186","1","14"
"40-49 years","Mitchell","175","2","17"
"50-59 years","Mitchell","221","8","48"
"60-69 years","Mitchell","179","12","43"
"70-79 years","Mitchell","118","13","35"
"80 & Older years","Mitchell","92","22","27"
"<1 years","Mitchell","5","0","0"
"Unknown years","Mitchell","2","0","1"
"01-04 years","Monroe","7","0","0"
"05-09 years","Monroe","16","0","1"
"10-17 years","Monroe","66","0","0"
"18-29 years","Monroe","235","0","3"
"30-39 years","Monroe","191","0","5"
"40-49 years","Monroe","226","2","17"
"50-59 years","Monroe","240","3","18"
"60-69 years","Monroe","232","11","37"
"70-79 years","Monroe","130","16","29"
"80 & Older years","Monroe","100","33","23"
"<1 years","Monroe","3","0","1"
"01-04 years","Montgomery","9","0","0"
"05-09 years","Montgomery","5","0","0"
"10-17 years","Montgomery","36","0","1"
"18-29 years","Montgomery","140","0","1"
"30-39 years","Montgomery","84","1","3"
"40-49 years","Montgomery","110","0","2"
"50-59 years","Montgomery","93","1","5"
"60-69 years","Montgomery","82","4","12"
"70-79 years","Montgomery","45","4","7"
"80 & Older years","Montgomery","20","3","4"
"<1 years","Montgomery","1","0","0"
"Unknown years","Montgomery","1","0","0"
"01-04 years","Morgan","16","0","0"
"05-09 years","Morgan","16","0","0"
"10-17 years","Morgan","68","0","0"
"18-29 years","Morgan","181","0","4"
"30-39 years","Morgan","131","0","6"
"40-49 years","Morgan","134","0","4"
"50-59 years","Morgan","150","0","10"
"60-69 years","Morgan","106","1","8"
"70-79 years","Morgan","69","2","12"
"80 & Older years","Morgan","41","5","14"
"<1 years","Morgan","10","0","2"
"Unknown years","Morgan","2","0","0"
"01-04 years","Murray","44","0","2"
"05-09 years","Murray","64","0","2"
"10-17 years","Murray","289","0","1"
"18-29 years","Murray","644","0","6"
"30-39 years","Murray","423","1","5"
"40-49 years","Murray","537","0","18"
"50-59 years","Murray","480","5","34"
"60-69 years","Murray","332","4","46"
"70-79 years","Murray","205","18","43"
"80 & Older years","Murray","92","15","19"
"<1 years","Murray","18","0","2"
"Unknown years","Murray","6","0","0"
"01-04 years","Muscogee","164","0","5"
"05-09 years","Muscogee","231","0","0"
"10-17 years","Muscogee","623","0","4"
"18-29 years","Muscogee","2571","3","49"
"30-39 years","Muscogee","1683","2","67"
"40-49 years","Muscogee","1468","4","78"
"50-59 years","Muscogee","1502","27","162"
"60-69 years","Muscogee","1128","51","199"
"70-79 years","Muscogee","637","60","144"
"80 & Older years","Muscogee","369","69","115"
"<1 years","Muscogee","57","0","3"
"Unknown years","Muscogee","64","0","1"
"01-04 years","Newton","63","0","2"
"05-09 years","Newton","90","0","0"
"10-17 years","Newton","332","0","5"
"18-29 years","Newton","1021","1","27"
"30-39 years","Newton","888","0","44"
"40-49 years","Newton","1002","2","73"
"50-59 years","Newton","951","10","97"
"60-69 years","Newton","535","23","77"
"70-79 years","Newton","363","35","65"
"80 & Older years","Newton","241","63","59"
"<1 years","Newton","18","0","1"
"Unknown years","Newton","8","0","0"
"01-04 years","Non-GA Resident/Unknown State","256","0","2"
"05-09 years","Non-GA Resident/Unknown State","421","0","5"
"10-17 years","Non-GA Resident/Unknown State","1403","0","7"
"18-29 years","Non-GA Resident/Unknown State","5786","4","61"
"30-39 years","Non-GA Resident/Unknown State","3950","3","76"
"40-49 years","Non-GA Resident/Unknown State","3503","8","87"
"50-59 years","Non-GA Resident/Unknown State","3346","28","166"
"60-69 years","Non-GA Resident/Unknown State","2288","72","214"
"70-79 years","Non-GA Resident/Unknown State","1461","77","217"
"80 & Older years","Non-GA Resident/Unknown State","827","92","163"
"<1 years","Non-GA Resident/Unknown State","130","0","2"
"Unknown years","Non-GA Resident/Unknown State","889","1","3"
"01-04 years","Oconee","28","0","0"
"05-09 years","Oconee","42","0","0"
"10-17 years","Oconee","200","0","0"
"18-29 years","Oconee","444","0","3"
"30-39 years","Oconee","265","0","4"
"40-49 years","Oconee","408","0","10"
"50-59 years","Oconee","325","3","7"
"60-69 years","Oconee","237","9","23"
"70-79 years","Oconee","145","11","21"
"80 & Older years","Oconee","107","18","31"
"<1 years","Oconee","4","0","0"
"Unknown years","Oconee","4","1","0"
"01-04 years","Oglethorpe","13","0","0"
"05-09 years","Oglethorpe","21","0","0"
"10-17 years","Oglethorpe","71","0","0"
"18-29 years","Oglethorpe","159","0","1"
"30-39 years","Oglethorpe","112","1","1"
"40-49 years","Oglethorpe","144","0","5"
"50-59 years","Oglethorpe","135","1","16"
"60-69 years","Oglethorpe","111","0","12"
"70-79 years","Oglethorpe","84","3","10"
"80 & Older years","Oglethorpe","56","10","13"
"<1 years","Oglethorpe","6","0","0"
"Unknown years","Oglethorpe","6","0","0"
"01-04 years","Paulding","92","0","1"
"05-09 years","Paulding","186","0","0"
"10-17 years","Paulding","703","0","6"
"18-29 years","Paulding","1436","0","16"
"30-39 years","Paulding","1154","2","21"
"40-49 years","Paulding","1292","3","24"
"50-59 years","Paulding","1243","11","44"
"60-69 years","Paulding","653","21","46"
"70-79 years","Paulding","374","32","51"
"80 & Older years","Paulding","253","54","46"
"<1 years","Paulding","23","0","0"
"Unknown years","Paulding","33","0","0"
"01-04 years","Peach","10","0","1"
"05-09 years","Peach","15","0","0"
"10-17 years","Peach","47","0","1"
"18-29 years","Peach","316","1","7"
"30-39 years","Peach","244","0","14"
"40-49 years","Peach","198","2","16"
"50-59 years","Peach","235","4","34"
"60-69 years","Peach","197","7","37"
"70-79 years","Peach","89","7","25"
"80 & Older years","Peach","49","11","19"
"<1 years","Peach","4","0","0"
"Unknown years","Peach","1","0","0"
"01-04 years","Pickens","17","0","1"
"05-09 years","Pickens","26","0","0"
"10-17 years","Pickens","116","0","0"
"18-29 years","Pickens","291","0","5"
"30-39 years","Pickens","242","0","9"
"40-49 years","Pickens","296","0","12"
"50-59 years","Pickens","328","2","20"
"60-69 years","Pickens","253","1","27"
"70-79 years","Pickens","201","9","34"
"80 & Older years","Pickens","90","9","19"
"<1 years","Pickens","2","0","0"
"Unknown years","Pickens","12","0","0"
"01-04 years","Pierce","9","0","0"
"05-09 years","Pierce","19","0","0"
"10-17 years","Pierce","70","1","1"
"18-29 years","Pierce","194","0","5"
"30-39 years","Pierce","123","0","3"
"40-49 years","Pierce","164","0","12"
"50-59 years","Pierce","156","3","18"
"60-69 years","Pierce","127","8","31"
"70-79 years","Pierce","94","7","25"
"80 & Older years","Pierce","48","10","13"
"<1 years","Pierce","6","0","1"
"Unknown years","Pierce","9","0","0"
"01-04 years","Pike","18","0","0"
"05-09 years","Pike","15","0","0"
"10-17 years","Pike","76","0","0"
"18-29 years","Pike","115","0","4"
"30-39 years","Pike","106","0","2"
"40-49 years","Pike","147","1","8"
"50-59 years","Pike","116","2","7"
"60-69 years","Pike","84","2","16"
"70-79 years","Pike","67","6","14"
"80 & Older years","Pike","24","4","6"
"<1 years","Pike","1","0","0"
"Unknown years","Pike","6","0","0"
"01-04 years","Polk","35","0","1"
"05-09 years","Polk","53","0","0"
"10-17 years","Polk","246","0","1"
"18-29 years","Polk","639","0","9"
"30-39 years","Polk","446","0","9"
"40-49 years","Polk","471","1","32"
"50-59 years","Polk","478","6","55"
"60-69 years","Polk","299","10","54"
"70-79 years","Polk","252","17","64"
"80 & Older years","Polk","117","17","39"
"<1 years","Polk","12","0","0"
"Unknown years","Polk","28","0","0"
"01-04 years","Pulaski","3","0","0"
"05-09 years","Pulaski","7","0","0"
"10-17 years","Pulaski","31","0","1"
"18-29 years","Pulaski","59","0","1"
"30-39 years","Pulaski","69","0","2"
"40-49 years","Pulaski","74","0","6"
"50-59 years","Pulaski","90","0","6"
"60-69 years","Pulaski","78","5","8"
"70-79 years","Pulaski","45","11","15"
"80 & Older years","Pulaski","35","9","4"
"<1 years","Pulaski","2","0","0"
"01-04 years","Putnam","16","0","0"
"05-09 years","Putnam","38","0","0"
"10-17 years","Putnam","81","0","2"
"18-29 years","Putnam","226","0","2"
"30-39 years","Putnam","178","0","5"
"40-49 years","Putnam","178","1","5"
"50-59 years","Putnam","214","2","12"
"60-69 years","Putnam","200","8","22"
"70-79 years","Putnam","149","10","33"
"80 & Older years","Putnam","74","13","23"
"<1 years","Putnam","6","0","1"
"01-04 years","Quitman","1","0","0"
"05-09 years","Quitman","4","0","0"
"10-17 years","Quitman","3","0","0"
"18-29 years","Quitman","10","0","0"
"30-39 years","Quitman","4","0","1"
"40-49 years","Quitman","3","0","1"
"50-59 years","Quitman","9","0","0"
"60-69 years","Quitman","18","1","3"
"70-79 years","Quitman","2","0","1"
"80 & Older years","Quitman","4","0","1"
"<1 years","Quitman","1","0","0"
"01-04 years","Rabun","11","0","0"
"05-09 years","Rabun","16","0","0"
"10-17 years","Rabun","77","0","0"
"18-29 years","Rabun","180","0","5"
"30-39 years","Rabun","153","1","8"
"40-49 years","Rabun","152","0","6"
"50-59 years","Rabun","185","2","22"
"60-69 years","Rabun","180","6","28"
"70-79 years","Rabun","135","9","30"
"80 & Older years","Rabun","64","8","25"
"<1 years","Rabun","5","0","1"
"Unknown years","Rabun","72","0","2"
"05-09 years","Randolph","3","0","0"
"10-17 years","Randolph","4","0","0"
"18-29 years","Randolph","47","0","0"
"30-39 years","Randolph","55","2","4"
"40-49 years","Randolph","47","0","4"
"50-59 years","Randolph","80","3","17"
"60-69 years","Randolph","57","7","14"
"70-79 years","Randolph","41","3","11"
"80 & Older years","Randolph","47","15","16"
"<1 years","Randolph","1","0","0"
"Unknown years","Randolph","2","0","0"
"01-04 years","Richmond","195","0","0"
"05-09 years","Richmond","370","0","3"
"10-17 years","Richmond","1057","0","8"
"18-29 years","Richmond","3479","4","48"
"30-39 years","Richmond","2611","3","62"
"40-49 years","Richmond","2085","17","92"
"50-59 years","Richmond","2147","23","157"
"60-69 years","Richmond","1517","41","183"
"70-79 years","Richmond","840","57","216"
"80 & Older years","Richmond","531","98","214"
"<1 years","Richmond","64","0","2"
"Unknown years","Richmond","27","0","0"
"01-04 years","Rockdale","40","0","0"
"05-09 years","Rockdale","81","0","0"
"10-17 years","Rockdale","253","0","8"
"18-29 years","Rockdale","873","2","48"
"30-39 years","Rockdale","693","3","64"
"40-49 years","Rockdale","773","6","82"
"50-59 years","Rockdale","753","5","110"
"60-69 years","Rockdale","486","17","102"
"70-79 years","Rockdale","281","26","98"
"80 & Older years","Rockdale","145","23","49"
"<1 years","Rockdale","5","0","0"
"Unknown years","Rockdale","3","0","0"
"01-04 years","Schley","5","0","0"
"05-09 years","Schley","4","0","0"
"10-17 years","Schley","13","0","0"
"18-29 years","Schley","42","0","2"
"30-39 years","Schley","17","0","0"
"40-49 years","Schley","25","0","2"
"50-59 years","Schley","27","0","3"
"60-69 years","Schley","24","1","8"
"70-79 years","Schley","8","0","2"
"80 & Older years","Schley","4","1","1"
"<1 years","Schley","1","0","0"
"01-04 years","Screven","4","0","0"
"05-09 years","Screven","13","0","0"
"10-17 years","Screven","45","0","0"
"18-29 years","Screven","104","0","3"
"30-39 years","Screven","95","0","2"
"40-49 years","Screven","76","1","4"
"50-59 years","Screven","86","0","10"
"60-69 years","Screven","104","1","13"
"70-79 years","Screven","58","3","12"
"80 & Older years","Screven","34","6","9"
"<1 years","Screven","3","0","0"
"Unknown years","Screven","1","0","0"
"01-04 years","Seminole","12","0","0"
"05-09 years","Seminole","13","0","0"
"10-17 years","Seminole","54","0","0"
"18-29 years","Seminole","91","0","0"
"30-39 years","Seminole","76","0","0"
"40-49 years","Seminole","79","0","5"
"50-59 years","Seminole","102","1","6"
"60-69 years","Seminole","111","1","18"
"70-79 years","Seminole","63","5","13"
"80 & Older years","Seminole","24","5","10"
"<1 years","Seminole","2","0","0"
"01-04 years","Spalding","44","0","2"
"05-09 years","Spalding","40","0","1"
"10-17 years","Spalding","144","0","2"
"18-29 years","Spalding","506","1","22"
"30-39 years","Spalding","448","2","28"
"40-49 years","Spalding","459","2","33"
"50-59 years","Spalding","480","9","57"
"60-69 years","Spalding","376","19","65"
"70-79 years","Spalding","276","29","57"
"80 & Older years","Spalding","189","35","55"
"<1 years","Spalding","7","0","0"
"Unknown years","Spalding","2","0","0"
"01-04 years","Stephens","14","0","0"
"05-09 years","Stephens","37","0","0"
"10-17 years","Stephens","134","0","1"
"18-29 years","Stephens","440","1","12"
"30-39 years","Stephens","279","0","7"
"40-49 years","Stephens","350","1","20"
"50-59 years","Stephens","374","3","35"
"60-69 years","Stephens","380","14","53"
"70-79 years","Stephens","254","17","49"
"80 & Older years","Stephens","143","22","32"
"<1 years","Stephens","4","0","0"
"Unknown years","Stephens","41","0","0"
"01-04 years","Stewart","2","0","0"
"05-09 years","Stewart","2","0","0"
"10-17 years","Stewart","10","0","0"
"18-29 years","Stewart","132","0","20"
"30-39 years","Stewart","172","1","25"
"40-49 years","Stewart","125","1","22"
"50-59 years","Stewart","68","1","11"
"60-69 years","Stewart","61","8","23"
"70-79 years","Stewart","23","2","3"
"80 & Older years","Stewart","19","4","6"
"<1 years","Stewart","1","0","0"
"Unknown years","Stewart","14","0","4"
"01-04 years","Sumter","14","0","0"
"05-09 years","Sumter","22","0","0"
"10-17 years","Sumter","59","0","2"
"18-29 years","Sumter","269","1","8"
"30-39 years","Sumter","229","1","20"
"40-49 years","Sumter","218","4","19"
"50-59 years","Sumter","246","2","38"
"60-69 years","Sumter","226","20","60"
"70-79 years","Sumter","148","21","43"
"80 & Older years","Sumter","93","25","43"
"<1 years","Sumter","5","0","0"
"Unknown years","Sumter","9","0","0"
"01-04 years","Talbot","7","0","0"
"05-09 years","Talbot","2","0","0"
"10-17 years","Talbot","25","0","0"
"18-29 years","Talbot","38","0","1"
"30-39 years","Talbot","27","0","1"
"40-49 years","Talbot","51","1","4"
"50-59 years","Talbot","50","3","5"
"60-69 years","Talbot","49","2","9"
"70-79 years","Talbot","31","2","4"
"80 & Older years","Talbot","16","2","8"
"Unknown years","Talbot","2","0","0"
"01-04 years","Taliaferro","1","0","0"
"05-09 years","Taliaferro","1","0","0"
"10-17 years","Taliaferro","6","0","0"
"18-29 years","Taliaferro","9","0","0"
"30-39 years","Taliaferro","12","0","0"
"40-49 years","Taliaferro","17","0","1"
"50-59 years","Taliaferro","9","0","0"
"60-69 years","Taliaferro","14","0","2"
"70-79 years","Taliaferro","7","0","1"
"80 & Older years","Taliaferro","2","0","1"
"01-04 years","Tattnall","24","0","0"
"05-09 years","Tattnall","32","0","0"
"10-17 years","Tattnall","127","0","0"
"18-29 years","Tattnall","275","0","1"
"30-39 years","Tattnall","230","0","3"
"40-49 years","Tattnall","230","0","6"
"50-59 years","Tattnall","240","3","19"
"60-69 years","Tattnall","197","7","26"
"70-79 years","Tattnall","89","11","30"
"80 & Older years","Tattnall","39","4","8"
"<1 years","Tattnall","4","0","0"
"Unknown years","Tattnall","4","0","1"
"01-04 years","Taylor","11","0","1"
"05-09 years","Taylor","9","0","0"
"10-17 years","Taylor","45","0","1"
"18-29 years","Taylor","65","0","1"
"30-39 years","Taylor","36","0","3"
"40-49 years","Taylor","76","1","7"
"50-59 years","Taylor","53","0","11"
"60-69 years","Taylor","51","5","13"
"70-79 years","Taylor","29","3","8"
"80 & Older years","Taylor","25","7","9"
"<1 years","Taylor","4","0","0"
"01-04 years","Telfair","7","0","0"
"05-09 years","Telfair","10","0","0"
"10-17 years","Telfair","18","0","0"
"18-29 years","Telfair","128","0","3"
"30-39 years","Telfair","89","1","1"
"40-49 years","Telfair","88","0","5"
"50-59 years","Telfair","88","4","9"
"60-69 years","Telfair","93","6","17"
"70-79 years","Telfair","66","9","17"
"80 & Older years","Telfair","38","13","9"
"<1 years","Telfair","4","0","0"
"Unknown years","Telfair","1","0","0"
"01-04 years","Terrell","4","0","0"
"05-09 years","Terrell","5","0","0"
"10-17 years","Terrell","36","0","0"
"18-29 years","Terrell","58","0","1"
"30-39 years","Terrell","69","0","8"
"40-49 years","Terrell","54","0","7"
"50-59 years","Terrell","84","3","12"
"60-69 years","Terrell","86","10","30"
"70-79 years","Terrell","53","12","23"
"80 & Older years","Terrell","35","10","12"
"01-04 years","Thomas","49","0","1"
"05-09 years","Thomas","72","0","0"
"10-17 years","Thomas","216","0","2"
"18-29 years","Thomas","498","2","16"
"30-39 years","Thomas","398","1","15"
"40-49 years","Thomas","435","4","23"
"50-59 years","Thomas","450","5","32"
"60-69 years","Thomas","361","10","68"
"70-79 years","Thomas","225","27","55"
"80 & Older years","Thomas","138","35","42"
"<1 years","Thomas","11","0","1"
"Unknown years","Thomas","2","0","0"
"01-04 years","Tift","28","0","1"
"05-09 years","Tift","57","0","3"
"10-17 years","Tift","214","0","6"
"18-29 years","Tift","726","0","18"
"30-39 years","Tift","504","1","25"
"40-49 years","Tift","485","6","52"
"50-59 years","Tift","424","9","63"
"60-69 years","Tift","322","15","61"
"70-79 years","Tift","224","24","76"
"80 & Older years","Tift","119","21","51"
"<1 years","Tift","11","0","0"
"Unknown years","Tift","5","0","0"
"01-04 years","Toombs","25","0","0"
"05-09 years","Toombs","44","0","0"
"10-17 years","Toombs","180","0","1"
"18-29 years","Toombs","458","0","5"
"30-39 years","Toombs","368","0","3"
"40-49 years","Toombs","367","1","19"
"50-59 years","Toombs","360","6","21"
"60-69 years","Toombs","315","5","40"
"70-79 years","Toombs","224","24","34"
"80 & Older years","Toombs","128","30","25"
"<1 years","Toombs","5","0","0"
"Unknown years","Toombs","7","0","0"
"01-04 years","Towns","2","0","0"
"05-09 years","Towns","6","0","0"
"10-17 years","Towns","33","0","0"
"18-29 years","Towns","106","0","4"
"30-39 years","Towns","70","0","2"
"40-49 years","Towns","90","1","5"
"50-59 years","Towns","127","2","12"
"60-69 years","Towns","164","1","15"
"70-79 years","Towns","130","6","28"
"80 & Older years","Towns","81","16","34"
"Unknown years","Towns","21","0","0"
"01-04 years","Treutlen","4","0","0"
"05-09 years","Treutlen","10","0","0"
"10-17 years","Treutlen","39","0","0"
"18-29 years","Treutlen","83","0","2"
"30-39 years","Treutlen","75","0","4"
"40-49 years","Treutlen","85","0","5"
"50-59 years","Treutlen","77","1","5"
"60-69 years","Treutlen","58","3","10"
"70-79 years","Treutlen","49","7","8"
"80 & Older years","Treutlen","29","3","9"
"01-04 years","Troup","108","0","0"
"05-09 years","Troup","136","0","0"
"10-17 years","Troup","397","0","2"
"18-29 years","Troup","977","1","26"
"30-39 years","Troup","726","6","38"
"40-49 years","Troup","646","3","44"
"50-59 years","Troup","658","12","89"
"60-69 years","Troup","491","18","81"
"70-79 years","Troup","261","33","75"
"80 & Older years","Troup","206","58","54"
"<1 years","Troup","33","0","1"
"Unknown years","Troup","3","0","0"
"01-04 years","Turner","1","0","0"
"05-09 years","Turner","5","0","0"
"10-17 years","Turner","18","0","0"
"18-29 years","Turner","77","0","2"
"30-39 years","Turner","93","0","9"
"40-49 years","Turner","91","0","5"
"50-59 years","Turner","85","2","11"
"60-69 years","Turner","73","7","22"
"70-79 years","Turner","48","5","12"
"80 & Older years","Turner","31","11","10"
"<1 years","Turner","1","0","1"
"01-04 years","Twiggs","8","0","0"
"05-09 years","Twiggs","6","0","1"
"10-17 years","Twiggs","20","0","0"
"18-29 years","Twiggs","59","0","1"
"30-39 years","Twiggs","53","1","4"
"40-49 years","Twiggs","54","1","6"
"50-59 years","Twiggs","82","2","10"
"60-69 years","Twiggs","83","3","23"
"70-79 years","Twiggs","44","5","19"
"80 & Older years","Twiggs","19","6","11"
"01-04 years","Union","7","0","0"
"05-09 years","Union","14","0","0"
"10-17 years","Union","53","0","1"
"18-29 years","Union","206","1","1"
"30-39 years","Union","164","0","2"
"40-49 years","Union","185","0","11"
"50-59 years","Union","242","4","13"
"60-69 years","Union","288","4","34"
"70-79 years","Union","252","15","43"
"80 & Older years","Union","173","22","49"
"<1 years","Union","1","0","0"
"Unknown years","Union","25","0","0"
"01-04 years","Unknown","49","0","0"
"05-09 years","Unknown","80","0","0"
"10-17 years","Unknown","255","0","0"
"18-29 years","Unknown","902","1","5"
"30-39 years","Unknown","496","2","4"
"40-49 years","Unknown","459","1","2"
"50-59 years","Unknown","379","2","7"
"60-69 years","Unknown","261","3","9"
"70-79 years","Unknown","150","2","17"
"80 & Older years","Unknown","77","1","11"
"<1 years","Unknown","24","0","0"
"Unknown years","Unknown","213","0","3"
"01-04 years","Upson","25","0","0"
"05-09 years","Upson","37","0","0"
"10-17 years","Upson","94","0","1"
"18-29 years","Upson","250","0","5"
"30-39 years","Upson","161","1","7"
"40-49 years","Upson","196","1","9"
"50-59 years","Upson","222","5","18"
"60-69 years","Upson","190","15","26"
"70-79 years","Upson","140","25","35"
"80 & Older years","Upson","94","27","30"
"<1 years","Upson","12","0","0"
"Unknown years","Upson","10","0","0"
"01-04 years","Walker","58","0","0"
"05-09 years","Walker","92","0","1"
"10-17 years","Walker","381","0","3"
"18-29 years","Walker","824","0","11"
"30-39 years","Walker","620","0","11"
"40-49 years","Walker","720","3","23"
"50-59 years","Walker","635","2","28"
"60-69 years","Walker","549","11","47"
"70-79 years","Walker","362","22","40"
"80 & Older years","Walker","183","20","22"
"<1 years","Walker","30","0","0"
"Unknown years","Walker","137","0","6"
"01-04 years","Walton","53","0","1"
"05-09 years","Walton","114","0","1"
"10-17 years","Walton","443","0","5"
"18-29 years","Walton","1019","0","23"
"30-39 years","Walton","875","0","18"
"40-49 years","Walton","951","2","44"
"50-59 years","Walton","954","5","60"
"60-69 years","Walton","633","15","61"
"70-79 years","Walton","482","28","75"
"80 & Older years","Walton","312","50","64"
"<1 years","Walton","16","0","1"
"Unknown years","Walton","11","0","0"
"01-04 years","Ware","50","0","1"
"05-09 years","Ware","54","0","0"
"10-17 years","Ware","196","0","3"
"18-29 years","Ware","473","1","5"
"30-39 years","Ware","403","1","16"
"40-49 years","Ware","325","2","22"
"50-59 years","Ware","353","9","47"
"60-69 years","Ware","259","9","49"
"70-79 years","Ware","216","29","74"
"80 & Older years","Ware","169","32","47"
"<1 years","Ware","16","0","1"
"Unknown years","Ware","6","0","1"
"01-04 years","Warren","4","0","0"
"05-09 years","Warren","2","0","0"
"10-17 years","Warren","16","0","0"
"18-29 years","Warren","47","0","2"
"30-39 years","Warren","42","0","4"
"40-49 years","Warren","38","1","4"
"50-59 years","Warren","52","1","6"
"60-69 years","Warren","34","2","7"
"70-79 years","Warren","25","2","10"
"80 & Older years","Warren","11","1","2"
"<1 years","Warren","2","0","1"
"Unknown years","Warren","2","0","0"
"01-04 years","Washington","15","0","0"
"05-09 years","Washington","19","0","0"
"10-17 years","Washington","97","0","1"
"18-29 years","Washington","211","0","6"
"30-39 years","Washington","196","0","8"
"40-49 years","Washington","218","2","11"
"50-59 years","Washington","208","1","12"
"60-69 years","Washington","194","9","25"
"70-79 years","Washington","118","5","17"
"80 & Older years","Washington","61","12","9"
"<1 years","Washington","10","0","0"
"Unknown years","Washington","5","0","0"
"01-04 years","Wayne","26","0","0"
"05-09 years","Wayne","16","0","0"
"10-17 years","Wayne","110","0","0"
"18-29 years","Wayne","331","1","7"
"30-39 years","Wayne","329","1","7"
"40-49 years","Wayne","392","1","29"
"50-59 years","Wayne","331","4","28"
"60-69 years","Wayne","255","10","46"
"70-79 years","Wayne","212","17","52"
"80 & Older years","Wayne","100","14","18"
"<1 years","Wayne","3","0","0"
"Unknown years","Wayne","3","0","0"
"10-17 years","Webster","2","0","0"
"18-29 years","Webster","13","0","1"
"30-39 years","Webster","5","0","0"
"40-49 years","Webster","13","0","2"
"50-59 years","Webster","16","2","4"
"60-69 years","Webster","18","0","4"
"70-79 years","Webster","5","0","0"
"80 & Older years","Webster","2","0","0"
"Unknown years","Webster","2","0","0"
"01-04 years","Wheeler","1","0","0"
"05-09 years","Wheeler","5","0","0"
"10-17 years","Wheeler","19","0","0"
"18-29 years","Wheeler","42","0","0"
"30-39 years","Wheeler","69","2","2"
"40-49 years","Wheeler","74","1","3"
"50-59 years","Wheeler","86","5","7"
"60-69 years","Wheeler","51","3","5"
"70-79 years","Wheeler","39","5","10"
"80 & Older years","Wheeler","8","3","1"
"<1 years","Wheeler","1","0","0"
"Unknown years","Wheeler","24","0","1"
"01-04 years","White","11","0","0"
"05-09 years","White","41","0","0"
"10-17 years","White","173","0","2"
"18-29 years","White","371","1","6"
"30-39 years","White","265","1","6"
"40-49 years","White","337","1","13"
"50-59 years","White","397","4","34"
"60-69 years","White","353","7","49"
"70-79 years","White","273","10","56"
"80 & Older years","White","164","22","59"
"<1 years","White","5","0","0"
"Unknown years","White","53","0","1"
"01-04 years","Whitfield","174","0","2"
"05-09 years","Whitfield","325","0","3"
"10-17 years","Whitfield","1122","0","4"
"18-29 years","Whitfield","2980","0","39"
"30-39 years","Whitfield","1922","4","52"
"40-49 years","Whitfield","2011","4","70"
"50-59 years","Whitfield","1797","20","99"
"60-69 years","Whitfield","1069","24","118"
"70-79 years","Whitfield","608","36","104"
"80 & Older years","Whitfield","350","60","98"
"<1 years","Whitfield","63","0","5"
"Unknown years","Whitfield","34","0","2"
"01-04 years","Wilcox","10","0","0"
"05-09 years","Wilcox","10","0","0"
"10-17 years","Wilcox","19","0","0"
"18-29 years","Wilcox","37","0","0"
"30-39 years","Wilcox","38","0","1"
"40-49 years","Wilcox","66","0","12"
"50-59 years","Wilcox","72","1","13"
"60-69 years","Wilcox","79","8","23"
"70-79 years","Wilcox","50","9","10"
"80 & Older years","Wilcox","22","7","6"
"<1 years","Wilcox","5","0","0"
"01-04 years","Wilkes","7","0","0"
"05-09 years","Wilkes","15","0","0"
"10-17 years","Wilkes","45","0","0"
"18-29 years","Wilkes","98","0","0"
"30-39 years","Wilkes","66","0","4"
"40-49 years","Wilkes","88","0","10"
"50-59 years","Wilkes","79","1","3"
"60-69 years","Wilkes","53","0","11"
"70-79 years","Wilkes","53","3","16"
"80 & Older years","Wilkes","21","4","11"
"<1 years","Wilkes","1","0","0"
"Unknown years","Wilkes","1","0","0"
"01-04 years","Wilkinson","6","0","0"
"05-09 years","Wilkinson","10","0","0"
"10-17 years","Wilkinson","21","0","0"
"18-29 years","Wilkinson","89","0","3"
"30-39 years","Wilkinson","73","0","5"
"40-49 years","Wilkinson","78","0","6"
"50-59 years","Wilkinson","131","3","22"
"60-69 years","Wilkinson","119","6","32"
"70-79 years","Wilkinson","49","6","18"
"80 & Older years","Wilkinson","32","4","13"
"01-04 years","Worth","11","0","0"
"05-09 years","Worth","12","0","0"
"10-17 years","Worth","66","0","3"
"18-29 years","Worth","159","0","7"
"30-39 years","Worth","131","0","9"
"40-49 years","Worth","141","1","12"
"50-59 years","Worth","169","4","22"
"60-69 years","Worth","176","14","43"
"70-79 years","Worth","104","12","22"
"80 & Older years","Worth","64","10","15"
"<1 years","Worth","4","0","0"
"Unknown years","Worth","1","0","0"
