"age group","county name","cases","deaths","hospitalization"
"01-04 years","Georgia","4117","1","88"
"05-09 years","Georgia","6092","1","62"
"10-17 years","Georgia","21550","5","288"
"18-29 years","Georgia","89222","57","2116"
"30-39 years","Georgia","58476","136","2830"
"40-49 years","Georgia","55501","299","4030"
"50-59 years","Georgia","51307","744","5686"
"60-69 years","Georgia","34596","1571","6395"
"70-79 years","Georgia","20182","2169","5534"
"80 & Older years","Georgia","12942","2937","4361"
"<1 years","Georgia","1273","0","74"
"Unknown years","Georgia","1590","3","52"
"01-04 years","Appling","15","0","0"
"05-09 years","Appling","33","0","0"
"10-17 years","Appling","96","0","1"
"18-29 years","Appling","216","0","4"
"30-39 years","Appling","174","1","5"
"40-49 years","Appling","168","2","12"
"50-59 years","Appling","179","6","17"
"60-69 years","Appling","142","7","28"
"70-79 years","Appling","99","11","22"
"80 & Older years","Appling","41","10","14"
"<1 years","Appling","3","0","0"
"Unknown years","Appling","7","0","0"
"01-04 years","Atkinson","3","0","1"
"05-09 years","Atkinson","11","0","1"
"10-17 years","Atkinson","24","0","0"
"18-29 years","Atkinson","107","0","7"
"30-39 years","Atkinson","84","0","6"
"40-49 years","Atkinson","86","0","11"
"50-59 years","Atkinson","85","0","14"
"60-69 years","Atkinson","49","3","13"
"70-79 years","Atkinson","26","1","5"
"80 & Older years","Atkinson","7","2","4"
"<1 years","Atkinson","2","0","0"
"01-04 years","Bacon","11","0","0"
"05-09 years","Bacon","13","0","0"
"10-17 years","Bacon","42","0","0"
"18-29 years","Bacon","163","0","1"
"30-39 years","Bacon","83","0","3"
"40-49 years","Bacon","107","1","6"
"50-59 years","Bacon","97","2","13"
"60-69 years","Bacon","56","5","11"
"70-79 years","Bacon","39","3","8"
"80 & Older years","Bacon","22","5","6"
"<1 years","Bacon","4","0","0"
"Unknown years","Bacon","1","0","0"
"01-04 years","Baker","4","0","0"
"05-09 years","Baker","4","0","0"
"10-17 years","Baker","5","0","0"
"18-29 years","Baker","16","0","0"
"30-39 years","Baker","11","0","2"
"40-49 years","Baker","9","0","1"
"50-59 years","Baker","14","0","1"
"60-69 years","Baker","14","2","6"
"70-79 years","Baker","12","2","8"
"80 & Older years","Baker","3","2","2"
"01-04 years","Baldwin","11","0","0"
"05-09 years","Baldwin","25","0","0"
"10-17 years","Baldwin","78","0","1"
"18-29 years","Baldwin","923","0","10"
"30-39 years","Baldwin","247","1","10"
"40-49 years","Baldwin","277","2","24"
"50-59 years","Baldwin","279","7","35"
"60-69 years","Baldwin","235","13","40"
"70-79 years","Baldwin","142","17","33"
"80 & Older years","Baldwin","92","24","23"
"<1 years","Baldwin","5","0","0"
"Unknown years","Baldwin","2","0","0"
"01-04 years","Banks","5","0","0"
"05-09 years","Banks","7","0","0"
"10-17 years","Banks","39","0","0"
"18-29 years","Banks","99","0","3"
"30-39 years","Banks","69","0","0"
"40-49 years","Banks","77","0","10"
"50-59 years","Banks","81","0","7"
"60-69 years","Banks","73","1","15"
"70-79 years","Banks","51","3","20"
"80 & Older years","Banks","47","4","17"
"<1 years","Banks","2","0","0"
"Unknown years","Banks","8","0","1"
"01-04 years","Barrow","29","0","0"
"05-09 years","Barrow","46","0","0"
"10-17 years","Barrow","154","0","2"
"18-29 years","Barrow","591","1","22"
"30-39 years","Barrow","452","0","22"
"40-49 years","Barrow","472","2","38"
"50-59 years","Barrow","375","2","47"
"60-69 years","Barrow","243","9","56"
"70-79 years","Barrow","152","13","43"
"80 & Older years","Barrow","98","24","38"
"<1 years","Barrow","10","0","2"
"Unknown years","Barrow","9","0","0"
"01-04 years","Bartow","30","0","1"
"05-09 years","Bartow","60","0","1"
"10-17 years","Bartow","311","0","1"
"18-29 years","Bartow","747","0","8"
"30-39 years","Bartow","590","2","24"
"40-49 years","Bartow","570","0","31"
"50-59 years","Bartow","581","6","65"
"60-69 years","Bartow","350","15","68"
"70-79 years","Bartow","239","29","71"
"80 & Older years","Bartow","161","44","60"
"<1 years","Bartow","14","0","1"
"Unknown years","Bartow","14","0","3"
"01-04 years","Ben Hill","21","0","1"
"05-09 years","Ben Hill","16","0","0"
"10-17 years","Ben Hill","53","0","0"
"18-29 years","Ben Hill","144","0","4"
"30-39 years","Ben Hill","143","2","5"
"40-49 years","Ben Hill","109","0","5"
"50-59 years","Ben Hill","139","2","17"
"60-69 years","Ben Hill","125","9","18"
"70-79 years","Ben Hill","92","13","33"
"80 & Older years","Ben Hill","31","7","8"
"<1 years","Ben Hill","2","0","0"
"Unknown years","Ben Hill","2","0","0"
"01-04 years","Berrien","9","0","0"
"05-09 years","Berrien","10","0","0"
"10-17 years","Berrien","28","0","0"
"18-29 years","Berrien","101","0","0"
"30-39 years","Berrien","81","0","0"
"40-49 years","Berrien","72","0","1"
"50-59 years","Berrien","75","0","10"
"60-69 years","Berrien","52","1","6"
"70-79 years","Berrien","34","4","2"
"80 & Older years","Berrien","29","8","6"
"<1 years","Berrien","1","0","0"
"Unknown years","Berrien","1","0","0"
"01-04 years","Bibb","80","0","2"
"05-09 years","Bibb","99","0","0"
"10-17 years","Bibb","291","0","6"
"18-29 years","Bibb","1587","1","53"
"30-39 years","Bibb","1066","4","62"
"40-49 years","Bibb","1020","9","122"
"50-59 years","Bibb","933","11","143"
"60-69 years","Bibb","770","40","221"
"70-79 years","Bibb","453","56","163"
"80 & Older years","Bibb","301","77","134"
"<1 years","Bibb","25","0","4"
"Unknown years","Bibb","7","0","0"
"01-04 years","Bleckley","2","0","0"
"05-09 years","Bleckley","4","0","0"
"10-17 years","Bleckley","38","0","0"
"18-29 years","Bleckley","142","0","3"
"30-39 years","Bleckley","53","0","1"
"40-49 years","Bleckley","64","1","1"
"50-59 years","Bleckley","67","2","3"
"60-69 years","Bleckley","41","7","9"
"70-79 years","Bleckley","48","2","10"
"80 & Older years","Bleckley","55","15","8"
"<1 years","Bleckley","1","0","0"
"Unknown years","Bleckley","1","0","0"
"01-04 years","Brantley","9","0","0"
"05-09 years","Brantley","3","0","0"
"10-17 years","Brantley","33","0","1"
"18-29 years","Brantley","86","0","1"
"30-39 years","Brantley","58","0","3"
"40-49 years","Brantley","68","0","3"
"50-59 years","Brantley","81","1","9"
"60-69 years","Brantley","60","2","7"
"70-79 years","Brantley","36","5","9"
"80 & Older years","Brantley","28","5","6"
"<1 years","Brantley","1","0","0"
"01-04 years","Brooks","13","0","0"
"05-09 years","Brooks","10","0","0"
"10-17 years","Brooks","45","0","0"
"18-29 years","Brooks","109","0","0"
"30-39 years","Brooks","81","0","2"
"40-49 years","Brooks","65","0","8"
"50-59 years","Brooks","83","2","13"
"60-69 years","Brooks","61","6","11"
"70-79 years","Brooks","49","9","15"
"80 & Older years","Brooks","35","9","5"
"<1 years","Brooks","2","0","0"
"01-04 years","Bryan","19","0","0"
"05-09 years","Bryan","25","0","0"
"10-17 years","Bryan","93","0","0"
"18-29 years","Bryan","275","0","8"
"30-39 years","Bryan","234","1","7"
"40-49 years","Bryan","231","0","10"
"50-59 years","Bryan","185","3","15"
"60-69 years","Bryan","127","4","19"
"70-79 years","Bryan","82","5","26"
"80 & Older years","Bryan","42","3","9"
"<1 years","Bryan","5","0","0"
"Unknown years","Bryan","3","0","0"
"01-04 years","Bulloch","35","0","0"
"05-09 years","Bulloch","42","0","0"
"10-17 years","Bulloch","154","0","2"
"18-29 years","Bulloch","1633","0","6"
"30-39 years","Bulloch","338","2","17"
"40-49 years","Bulloch","272","2","20"
"50-59 years","Bulloch","269","1","20"
"60-69 years","Bulloch","182","12","35"
"70-79 years","Bulloch","93","10","25"
"80 & Older years","Bulloch","60","6","19"
"<1 years","Bulloch","13","0","0"
"Unknown years","Bulloch","12","0","0"
"01-04 years","Burke","12","0","0"
"05-09 years","Burke","23","0","0"
"10-17 years","Burke","66","0","1"
"18-29 years","Burke","179","0","4"
"30-39 years","Burke","137","0","4"
"40-49 years","Burke","139","1","7"
"50-59 years","Burke","142","1","22"
"60-69 years","Burke","104","4","25"
"70-79 years","Burke","68","2","19"
"80 & Older years","Burke","21","4","9"
"<1 years","Burke","4","0","0"
"Unknown years","Burke","1","0","0"
"01-04 years","Butts","7","0","0"
"05-09 years","Butts","9","0","0"
"10-17 years","Butts","35","0","0"
"18-29 years","Butts","126","0","2"
"30-39 years","Butts","131","0","7"
"40-49 years","Butts","116","2","9"
"50-59 years","Butts","104","3","13"
"60-69 years","Butts","84","7","15"
"70-79 years","Butts","62","10","8"
"80 & Older years","Butts","69","22","3"
"<1 years","Butts","3","0","0"
"01-04 years","Calhoun","1","0","0"
"10-17 years","Calhoun","10","0","0"
"18-29 years","Calhoun","38","0","4"
"30-39 years","Calhoun","41","2","5"
"40-49 years","Calhoun","58","0","5"
"50-59 years","Calhoun","52","2","9"
"60-69 years","Calhoun","45","2","15"
"70-79 years","Calhoun","17","1","5"
"80 & Older years","Calhoun","9","2","5"
"<1 years","Calhoun","1","0","0"
"01-04 years","Camden","21","0","0"
"05-09 years","Camden","16","0","0"
"10-17 years","Camden","83","0","0"
"18-29 years","Camden","398","0","3"
"30-39 years","Camden","233","0","9"
"40-49 years","Camden","181","1","10"
"50-59 years","Camden","220","1","9"
"60-69 years","Camden","142","5","13"
"70-79 years","Camden","74","0","12"
"80 & Older years","Camden","50","11","15"
"<1 years","Camden","5","0","0"
"Unknown years","Camden","13","0","0"
"01-04 years","Candler","8","0","0"
"05-09 years","Candler","9","0","0"
"10-17 years","Candler","44","0","0"
"18-29 years","Candler","99","0","0"
"30-39 years","Candler","74","0","2"
"40-49 years","Candler","91","2","1"
"50-59 years","Candler","95","4","8"
"60-69 years","Candler","66","6","10"
"70-79 years","Candler","38","9","10"
"80 & Older years","Candler","19","4","8"
"<1 years","Candler","2","0","0"
"Unknown years","Candler","1","0","0"
"01-04 years","Carroll","42","0","0"
"05-09 years","Carroll","51","0","1"
"10-17 years","Carroll","234","0","2"
"18-29 years","Carroll","839","0","7"
"30-39 years","Carroll","487","4","13"
"40-49 years","Carroll","507","3","16"
"50-59 years","Carroll","487","9","37"
"60-69 years","Carroll","339","10","40"
"70-79 years","Carroll","213","25","41"
"80 & Older years","Carroll","145","25","27"
"<1 years","Carroll","13","0","0"
"Unknown years","Carroll","3","0","0"
"01-04 years","Catoosa","24","0","0"
"05-09 years","Catoosa","22","0","0"
"10-17 years","Catoosa","117","0","0"
"18-29 years","Catoosa","255","0","5"
"30-39 years","Catoosa","205","0","4"
"40-49 years","Catoosa","251","1","9"
"50-59 years","Catoosa","205","4","9"
"60-69 years","Catoosa","163","4","24"
"70-79 years","Catoosa","117","7","19"
"80 & Older years","Catoosa","78","6","15"
"<1 years","Catoosa","7","0","0"
"Unknown years","Catoosa","17","0","0"
"01-04 years","Charlton","9","0","0"
"05-09 years","Charlton","16","0","0"
"10-17 years","Charlton","25","0","0"
"18-29 years","Charlton","122","0","1"
"30-39 years","Charlton","142","0","2"
"40-49 years","Charlton","125","1","6"
"50-59 years","Charlton","90","0","2"
"60-69 years","Charlton","82","3","6"
"70-79 years","Charlton","24","4","5"
"80 & Older years","Charlton","9","2","6"
"<1 years","Charlton","2","0","0"
"Unknown years","Charlton","1","0","0"
"01-04 years","Chatham","151","0","0"
"05-09 years","Chatham","177","1","0"
"10-17 years","Chatham","565","0","11"
"18-29 years","Chatham","2589","1","40"
"30-39 years","Chatham","1689","4","72"
"40-49 years","Chatham","1254","6","85"
"50-59 years","Chatham","1211","20","145"
"60-69 years","Chatham","934","39","182"
"70-79 years","Chatham","511","49","170"
"80 & Older years","Chatham","326","68","127"
"<1 years","Chatham","37","0","3"
"Unknown years","Chatham","35","0","2"
"01-04 years","Chattahoochee","3","0","0"
"05-09 years","Chattahoochee","2","0","0"
"10-17 years","Chattahoochee","94","0","1"
"18-29 years","Chattahoochee","1468","0","1"
"30-39 years","Chattahoochee","118","0","1"
"40-49 years","Chattahoochee","27","0","0"
"50-59 years","Chattahoochee","18","0","5"
"60-69 years","Chattahoochee","9","0","3"
"70-79 years","Chattahoochee","4","0","1"
"80 & Older years","Chattahoochee","3","1","2"
"<1 years","Chattahoochee","6","0","0"
"Unknown years","Chattahoochee","1","0","0"
"01-04 years","Chattooga","4","0","0"
"05-09 years","Chattooga","12","0","0"
"10-17 years","Chattooga","65","0","0"
"18-29 years","Chattooga","166","0","1"
"30-39 years","Chattooga","144","0","4"
"40-49 years","Chattooga","157","1","4"
"50-59 years","Chattooga","143","2","7"
"60-69 years","Chattooga","118","6","17"
"70-79 years","Chattooga","78","7","17"
"80 & Older years","Chattooga","63","13","14"
"<1 years","Chattooga","2","0","1"
"Unknown years","Chattooga","8","0","1"
"01-04 years","Cherokee","72","0","5"
"05-09 years","Cherokee","140","0","3"
"10-17 years","Cherokee","636","0","2"
"18-29 years","Cherokee","1775","1","42"
"30-39 years","Cherokee","1046","1","54"
"40-49 years","Cherokee","1153","2","63"
"50-59 years","Cherokee","1140","7","93"
"60-69 years","Cherokee","595","15","90"
"70-79 years","Cherokee","360","23","87"
"80 & Older years","Cherokee","254","53","97"
"<1 years","Cherokee","22","0","0"
"Unknown years","Cherokee","26","0","0"
"01-04 years","Clarke","64","0","0"
"05-09 years","Clarke","76","0","1"
"10-17 years","Clarke","226","0","4"
"18-29 years","Clarke","3365","0","14"
"30-39 years","Clarke","618","1","22"
"40-49 years","Clarke","472","1","25"
"50-59 years","Clarke","429","4","37"
"60-69 years","Clarke","298","11","62"
"70-79 years","Clarke","151","20","58"
"80 & Older years","Clarke","74","12","25"
"<1 years","Clarke","14","0","1"
"01-04 years","Clay","1","0","0"
"05-09 years","Clay","2","0","0"
"10-17 years","Clay","10","0","0"
"18-29 years","Clay","22","0","0"
"30-39 years","Clay","21","0","1"
"40-49 years","Clay","18","0","0"
"50-59 years","Clay","16","0","1"
"60-69 years","Clay","16","1","2"
"70-79 years","Clay","7","0","0"
"80 & Older years","Clay","11","2","5"
"01-04 years","Clayton","109","0","5"
"05-09 years","Clayton","153","0","3"
"10-17 years","Clayton","423","0","12"
"18-29 years","Clayton","1892","3","59"
"30-39 years","Clayton","1619","6","88"
"40-49 years","Clayton","1351","14","109"
"50-59 years","Clayton","1281","26","156"
"60-69 years","Clayton","843","46","132"
"70-79 years","Clayton","374","38","85"
"80 & Older years","Clayton","210","45","53"
"<1 years","Clayton","24","0","1"
"Unknown years","Clayton","19","0","0"
"01-04 years","Clinch","7","0","0"
"05-09 years","Clinch","9","0","0"
"10-17 years","Clinch","51","0","0"
"18-29 years","Clinch","93","0","2"
"30-39 years","Clinch","64","1","2"
"40-49 years","Clinch","65","0","1"
"50-59 years","Clinch","56","0","7"
"60-69 years","Clinch","66","5","9"
"70-79 years","Clinch","28","6","9"
"80 & Older years","Clinch","12","0","2"
"<1 years","Clinch","1","0","0"
"Unknown years","Clinch","1","0","0"
"01-04 years","Cobb","203","1","8"
"05-09 years","Cobb","303","0","3"
"10-17 years","Cobb","1068","0","17"
"18-29 years","Cobb","6325","6","170"
"30-39 years","Cobb","3776","9","188"
"40-49 years","Cobb","3512","16","302"
"50-59 years","Cobb","3095","28","385"
"60-69 years","Cobb","1853","60","342"
"70-79 years","Cobb","1076","141","298"
"80 & Older years","Cobb","737","196","260"
"<1 years","Cobb","72","0","7"
"Unknown years","Cobb","39","0","2"
"01-04 years","Coffee","39","0","2"
"05-09 years","Coffee","42","0","3"
"10-17 years","Coffee","115","0","1"
"18-29 years","Coffee","440","0","8"
"30-39 years","Coffee","331","1","19"
"40-49 years","Coffee","370","2","47"
"50-59 years","Coffee","367","2","68"
"60-69 years","Coffee","319","16","70"
"70-79 years","Coffee","147","19","59"
"80 & Older years","Coffee","96","22","52"
"<1 years","Coffee","8","0","0"
"01-04 years","Colquitt","31","0","0"
"05-09 years","Colquitt","47","0","1"
"10-17 years","Colquitt","191","0","2"
"18-29 years","Colquitt","500","0","15"
"30-39 years","Colquitt","353","0","15"
"40-49 years","Colquitt","332","4","29"
"50-59 years","Colquitt","287","9","29"
"60-69 years","Colquitt","202","9","30"
"70-79 years","Colquitt","114","6","31"
"80 & Older years","Colquitt","66","12","18"
"<1 years","Colquitt","8","0","0"
"Unknown years","Colquitt","5","0","0"
"01-04 years","Columbia","26","0","1"
"05-09 years","Columbia","74","0","0"
"10-17 years","Columbia","357","0","1"
"18-29 years","Columbia","1008","0","8"
"30-39 years","Columbia","754","2","12"
"40-49 years","Columbia","763","4","22"
"50-59 years","Columbia","652","9","44"
"60-69 years","Columbia","414","8","48"
"70-79 years","Columbia","227","17","34"
"80 & Older years","Columbia","127","24","32"
"<1 years","Columbia","11","0","1"
"Unknown years","Columbia","2","0","0"
"01-04 years","Cook","8","0","0"
"05-09 years","Cook","10","0","0"
"10-17 years","Cook","44","0","1"
"18-29 years","Cook","129","0","2"
"30-39 years","Cook","94","0","4"
"40-49 years","Cook","95","0","9"
"50-59 years","Cook","76","1","14"
"60-69 years","Cook","62","3","10"
"70-79 years","Cook","46","9","14"
"80 & Older years","Cook","18","3","7"
"<1 years","Cook","5","0","0"
"Unknown years","Cook","7","0","0"
"01-04 years","Coweta","37","0","0"
"05-09 years","Coweta","51","0","0"
"10-17 years","Coweta","184","0","0"
"18-29 years","Coweta","652","1","11"
"30-39 years","Coweta","449","0","13"
"40-49 years","Coweta","449","3","19"
"50-59 years","Coweta","523","7","29"
"60-69 years","Coweta","323","15","31"
"70-79 years","Coweta","182","15","29"
"80 & Older years","Coweta","123","22","19"
"<1 years","Coweta","9","0","0"
"Unknown years","Coweta","1","0","0"
"01-04 years","Crawford","1","0","0"
"05-09 years","Crawford","1","0","0"
"10-17 years","Crawford","11","0","0"
"18-29 years","Crawford","42","0","1"
"30-39 years","Crawford","27","0","3"
"40-49 years","Crawford","20","0","2"
"50-59 years","Crawford","47","1","7"
"60-69 years","Crawford","34","3","10"
"70-79 years","Crawford","8","2","3"
"80 & Older years","Crawford","5","0","3"
"01-04 years","Crisp","9","0","0"
"05-09 years","Crisp","9","0","0"
"10-17 years","Crisp","37","0","0"
"18-29 years","Crisp","112","0","6"
"30-39 years","Crisp","103","0","9"
"40-49 years","Crisp","90","1","8"
"50-59 years","Crisp","96","2","14"
"60-69 years","Crisp","101","7","21"
"70-79 years","Crisp","47","6","19"
"80 & Older years","Crisp","33","7","9"
"<1 years","Crisp","5","0","0"
"Unknown years","Crisp","9","0","0"
"01-04 years","Dade","1","0","0"
"05-09 years","Dade","10","0","0"
"10-17 years","Dade","34","0","0"
"18-29 years","Dade","65","0","1"
"30-39 years","Dade","51","0","1"
"40-49 years","Dade","60","0","3"
"50-59 years","Dade","60","1","5"
"60-69 years","Dade","38","0","2"
"70-79 years","Dade","31","4","8"
"80 & Older years","Dade","5","1","2"
"<1 years","Dade","4","0","0"
"Unknown years","Dade","3","0","1"
"01-04 years","Dawson","6","0","0"
"05-09 years","Dawson","9","0","0"
"10-17 years","Dawson","70","0","2"
"18-29 years","Dawson","217","0","7"
"30-39 years","Dawson","124","0","3"
"40-49 years","Dawson","126","0","12"
"50-59 years","Dawson","146","0","9"
"60-69 years","Dawson","123","1","29"
"70-79 years","Dawson","68","7","17"
"80 & Older years","Dawson","27","3","7"
"<1 years","Dawson","5","0","0"
"Unknown years","Dawson","1","0","0"
"01-04 years","DeKalb","255","0","7"
"05-09 years","DeKalb","342","0","4"
"10-17 years","DeKalb","996","0","31"
"18-29 years","DeKalb","5208","5","228"
"30-39 years","DeKalb","4364","12","309"
"40-49 years","DeKalb","3447","20","337"
"50-59 years","DeKalb","3090","50","442"
"60-69 years","DeKalb","1884","86","427"
"70-79 years","DeKalb","1010","106","345"
"80 & Older years","DeKalb","606","122","214"
"<1 years","DeKalb","73","0","5"
"Unknown years","DeKalb","60","0","5"
"01-04 years","Decatur","29","0","1"
"05-09 years","Decatur","39","0","0"
"10-17 years","Decatur","105","0","0"
"18-29 years","Decatur","271","1","6"
"30-39 years","Decatur","203","1","7"
"40-49 years","Decatur","204","0","13"
"50-59 years","Decatur","169","4","21"
"60-69 years","Decatur","126","7","22"
"70-79 years","Decatur","78","12","17"
"80 & Older years","Decatur","72","9","12"
"<1 years","Decatur","6","0","0"
"Unknown years","Decatur","2","0","1"
"01-04 years","Dodge","4","0","0"
"05-09 years","Dodge","11","0","0"
"10-17 years","Dodge","45","1","1"
"18-29 years","Dodge","93","0","0"
"30-39 years","Dodge","50","0","1"
"40-49 years","Dodge","101","0","9"
"50-59 years","Dodge","112","2","7"
"60-69 years","Dodge","94","5","16"
"70-79 years","Dodge","59","4","9"
"80 & Older years","Dodge","48","7","12"
"<1 years","Dodge","2","0","0"
"Unknown years","Dodge","1","0","0"
"01-04 years","Dooly","8","0","0"
"05-09 years","Dooly","3","0","0"
"10-17 years","Dooly","16","0","0"
"18-29 years","Dooly","53","0","4"
"30-39 years","Dooly","56","0","7"
"40-49 years","Dooly","70","0","7"
"50-59 years","Dooly","67","4","11"
"60-69 years","Dooly","61","7","16"
"70-79 years","Dooly","26","4","9"
"80 & Older years","Dooly","13","3","3"
"Unknown years","Dooly","2","0","0"
"01-04 years","Dougherty","22","0","3"
"05-09 years","Dougherty","40","0","0"
"10-17 years","Dougherty","110","0","3"
"18-29 years","Dougherty","553","2","54"
"30-39 years","Dougherty","478","3","54"
"40-49 years","Dougherty","517","12","82"
"50-59 years","Dougherty","593","17","116"
"60-69 years","Dougherty","494","50","155"
"70-79 years","Dougherty","296","46","124"
"80 & Older years","Dougherty","185","61","81"
"<1 years","Dougherty","14","0","1"
"Unknown years","Dougherty","3","0","0"
"01-04 years","Douglas","41","0","0"
"05-09 years","Douglas","68","0","3"
"10-17 years","Douglas","215","0","2"
"18-29 years","Douglas","899","0","35"
"30-39 years","Douglas","699","3","44"
"40-49 years","Douglas","792","4","73"
"50-59 years","Douglas","657","7","92"
"60-69 years","Douglas","402","15","100"
"70-79 years","Douglas","220","25","68"
"80 & Older years","Douglas","119","19","49"
"<1 years","Douglas","6","0","1"
"Unknown years","Douglas","17","0","0"
"01-04 years","Early","12","0","0"
"05-09 years","Early","15","0","0"
"10-17 years","Early","31","0","0"
"18-29 years","Early","95","0","3"
"30-39 years","Early","77","0","3"
"40-49 years","Early","96","1","7"
"50-59 years","Early","87","2","8"
"60-69 years","Early","66","10","10"
"70-79 years","Early","44","11","7"
"80 & Older years","Early","30","11","6"
"<1 years","Early","2","0","0"
"01-04 years","Echols","2","0","0"
"05-09 years","Echols","4","0","0"
"10-17 years","Echols","12","0","1"
"18-29 years","Echols","105","0","1"
"30-39 years","Echols","45","0","2"
"40-49 years","Echols","27","0","0"
"50-59 years","Echols","27","0","2"
"60-69 years","Echols","12","0","0"
"70-79 years","Echols","11","2","3"
"<1 years","Echols","1","0","0"
"01-04 years","Effingham","16","0","1"
"05-09 years","Effingham","39","0","0"
"10-17 years","Effingham","154","0","0"
"18-29 years","Effingham","382","0","1"
"30-39 years","Effingham","280","1","9"
"40-49 years","Effingham","308","0","12"
"50-59 years","Effingham","306","6","24"
"60-69 years","Effingham","185","2","28"
"70-79 years","Effingham","107","8","23"
"80 & Older years","Effingham","51","11","18"
"<1 years","Effingham","5","0","0"
"Unknown years","Effingham","2","0","1"
"01-04 years","Elbert","8","0","0"
"05-09 years","Elbert","16","0","0"
"10-17 years","Elbert","45","0","0"
"18-29 years","Elbert","148","0","0"
"30-39 years","Elbert","96","0","5"
"40-49 years","Elbert","114","0","4"
"50-59 years","Elbert","121","0","8"
"60-69 years","Elbert","85","0","10"
"70-79 years","Elbert","68","3","14"
"80 & Older years","Elbert","56","6","17"
"<1 years","Elbert","3","0","1"
"01-04 years","Emanuel","16","0","1"
"05-09 years","Emanuel","12","0","0"
"10-17 years","Emanuel","119","0","2"
"18-29 years","Emanuel","216","1","0"
"30-39 years","Emanuel","164","0","5"
"40-49 years","Emanuel","201","1","6"
"50-59 years","Emanuel","174","4","19"
"60-69 years","Emanuel","153","6","19"
"70-79 years","Emanuel","94","13","20"
"80 & Older years","Emanuel","48","14","15"
"<1 years","Emanuel","4","0","0"
"Unknown years","Emanuel","8","0","1"
"01-04 years","Evans","6","0","0"
"05-09 years","Evans","12","0","0"
"10-17 years","Evans","49","0","0"
"18-29 years","Evans","98","0","3"
"30-39 years","Evans","84","0","3"
"40-49 years","Evans","74","0","6"
"50-59 years","Evans","78","1","12"
"60-69 years","Evans","42","2","10"
"70-79 years","Evans","29","3","9"
"80 & Older years","Evans","12","1","2"
"<1 years","Evans","2","0","0"
"Unknown years","Evans","1","0","0"
"01-04 years","Fannin","6","0","0"
"05-09 years","Fannin","11","0","0"
"10-17 years","Fannin","46","0","0"
"18-29 years","Fannin","124","0","2"
"30-39 years","Fannin","84","0","3"
"40-49 years","Fannin","108","0","5"
"50-59 years","Fannin","126","3","10"
"60-69 years","Fannin","138","6","15"
"70-79 years","Fannin","107","1","16"
"80 & Older years","Fannin","78","19","24"
"<1 years","Fannin","3","0","0"
"Unknown years","Fannin","4","0","0"
"01-04 years","Fayette","18","0","0"
"05-09 years","Fayette","23","0","1"
"10-17 years","Fayette","135","0","1"
"18-29 years","Fayette","477","0","5"
"30-39 years","Fayette","245","0","6"
"40-49 years","Fayette","362","1","16"
"50-59 years","Fayette","371","4","26"
"60-69 years","Fayette","272","10","23"
"70-79 years","Fayette","145","21","32"
"80 & Older years","Fayette","81","21","24"
"<1 years","Fayette","2","0","0"
"Unknown years","Fayette","4","0","0"
"01-04 years","Floyd","49","0","0"
"05-09 years","Floyd","88","0","0"
"10-17 years","Floyd","394","0","7"
"18-29 years","Floyd","854","0","14"
"30-39 years","Floyd","660","2","23"
"40-49 years","Floyd","617","1","34"
"50-59 years","Floyd","531","9","65"
"60-69 years","Floyd","394","14","68"
"70-79 years","Floyd","264","14","71"
"80 & Older years","Floyd","125","20","33"
"<1 years","Floyd","18","0","0"
"Unknown years","Floyd","46","0","1"
"01-04 years","Forsyth","46","0","0"
"05-09 years","Forsyth","99","0","0"
"10-17 years","Forsyth","413","0","1"
"18-29 years","Forsyth","1232","0","25"
"30-39 years","Forsyth","698","0","28"
"40-49 years","Forsyth","803","2","51"
"50-59 years","Forsyth","740","8","67"
"60-69 years","Forsyth","385","6","68"
"70-79 years","Forsyth","210","19","73"
"80 & Older years","Forsyth","119","19","52"
"<1 years","Forsyth","15","0","1"
"Unknown years","Forsyth","32","0","0"
"01-04 years","Franklin","7","0","0"
"05-09 years","Franklin","19","0","0"
"10-17 years","Franklin","80","0","3"
"18-29 years","Franklin","196","0","4"
"30-39 years","Franklin","141","0","1"
"40-49 years","Franklin","138","0","9"
"50-59 years","Franklin","150","0","12"
"60-69 years","Franklin","102","2","13"
"70-79 years","Franklin","56","8","10"
"80 & Older years","Franklin","32","8","13"
"<1 years","Franklin","3","0","1"
"Unknown years","Franklin","13","0","1"
"01-04 years","Fulton","298","0","11"
"05-09 years","Fulton","443","0","7"
"10-17 years","Fulton","1506","1","24"
"18-29 years","Fulton","9385","4","212"
"30-39 years","Fulton","6207","13","313"
"40-49 years","Fulton","4655","26","357"
"50-59 years","Fulton","3882","53","475"
"60-69 years","Fulton","2384","113","458"
"70-79 years","Fulton","1324","153","382"
"80 & Older years","Fulton","1060","262","372"
"<1 years","Fulton","89","0","4"
"Unknown years","Fulton","82","1","5"
"01-04 years","Gilmer","17","0","1"
"05-09 years","Gilmer","15","0","0"
"10-17 years","Gilmer","80","0","2"
"18-29 years","Gilmer","151","0","7"
"30-39 years","Gilmer","148","0","10"
"40-49 years","Gilmer","165","0","9"
"50-59 years","Gilmer","151","3","11"
"60-69 years","Gilmer","155","1","19"
"70-79 years","Gilmer","93","7","19"
"80 & Older years","Gilmer","63","12","16"
"<1 years","Gilmer","6","0","0"
"Unknown years","Gilmer","8","0","0"
"05-09 years","Glascock","1","0","0"
"18-29 years","Glascock","9","0","0"
"30-39 years","Glascock","5","0","0"
"40-49 years","Glascock","8","0","0"
"50-59 years","Glascock","13","1","1"
"60-69 years","Glascock","8","0","0"
"80 & Older years","Glascock","4","1","3"
"<1 years","Glascock","1","0","0"
"Unknown years","Glascock","1","0","0"
"01-04 years","Glynn","55","0","1"
"05-09 years","Glynn","101","0","1"
"10-17 years","Glynn","251","0","0"
"18-29 years","Glynn","891","0","15"
"30-39 years","Glynn","611","2","21"
"40-49 years","Glynn","517","3","28"
"50-59 years","Glynn","469","9","56"
"60-69 years","Glynn","390","21","82"
"70-79 years","Glynn","251","28","56"
"80 & Older years","Glynn","178","41","62"
"<1 years","Glynn","14","0","0"
"Unknown years","Glynn","23","0","0"
"01-04 years","Gordon","26","0","0"
"05-09 years","Gordon","41","0","0"
"10-17 years","Gordon","185","0","2"
"18-29 years","Gordon","515","0","7"
"30-39 years","Gordon","386","0","14"
"40-49 years","Gordon","429","0","15"
"50-59 years","Gordon","366","6","21"
"60-69 years","Gordon","236","8","17"
"70-79 years","Gordon","147","16","33"
"80 & Older years","Gordon","73","15","24"
"<1 years","Gordon","4","0","1"
"Unknown years","Gordon","6","0","0"
"01-04 years","Grady","16","0","1"
"05-09 years","Grady","21","0","0"
"10-17 years","Grady","75","0","2"
"18-29 years","Grady","143","0","5"
"30-39 years","Grady","145","0","5"
"40-49 years","Grady","141","0","18"
"50-59 years","Grady","114","3","15"
"60-69 years","Grady","89","2","18"
"70-79 years","Grady","78","8","21"
"80 & Older years","Grady","34","12","13"
"<1 years","Grady","3","0","1"
"Unknown years","Grady","7","0","0"
"01-04 years","Greene","5","0","0"
"05-09 years","Greene","18","0","0"
"10-17 years","Greene","33","0","0"
"18-29 years","Greene","136","0","4"
"30-39 years","Greene","79","0","5"
"40-49 years","Greene","66","3","7"
"50-59 years","Greene","72","3","7"
"60-69 years","Greene","75","2","9"
"70-79 years","Greene","55","5","13"
"80 & Older years","Greene","35","12","15"
"<1 years","Greene","1","0","1"
"Unknown years","Greene","1","0","0"
"01-04 years","Gwinnett","471","0","11"
"05-09 years","Gwinnett","667","0","10"
"10-17 years","Gwinnett","2010","1","42"
"18-29 years","Gwinnett","7746","1","334"
"30-39 years","Gwinnett","5407","11","365"
"40-49 years","Gwinnett","5694","26","482"
"50-59 years","Gwinnett","4469","52","505"
"60-69 years","Gwinnett","2413","86","486"
"70-79 years","Gwinnett","1003","91","316"
"80 & Older years","Gwinnett","709","179","342"
"<1 years","Gwinnett","125","0","4"
"Unknown years","Gwinnett","32","0","0"
"01-04 years","Habersham","12","0","1"
"05-09 years","Habersham","14","0","0"
"10-17 years","Habersham","87","1","5"
"18-29 years","Habersham","384","0","7"
"30-39 years","Habersham","273","2","19"
"40-49 years","Habersham","285","1","24"
"50-59 years","Habersham","298","4","28"
"60-69 years","Habersham","218","9","61"
"70-79 years","Habersham","158","17","50"
"80 & Older years","Habersham","150","44","45"
"<1 years","Habersham","4","0","1"
"Unknown years","Habersham","14","0","1"
"01-04 years","Hall","81","0","3"
"05-09 years","Hall","173","0","1"
"10-17 years","Hall","703","0","13"
"18-29 years","Hall","2557","3","96"
"30-39 years","Hall","1613","1","96"
"40-49 years","Hall","1730","7","153"
"50-59 years","Hall","1706","15","205"
"60-69 years","Hall","1003","36","189"
"70-79 years","Hall","599","39","163"
"80 & Older years","Hall","408","77","167"
"<1 years","Hall","18","0","5"
"Unknown years","Hall","149","0","7"
"01-04 years","Hancock","3","0","0"
"05-09 years","Hancock","3","0","0"
"10-17 years","Hancock","15","0","0"
"18-29 years","Hancock","48","0","1"
"30-39 years","Hancock","42","0","2"
"40-49 years","Hancock","59","1","4"
"50-59 years","Hancock","66","2","7"
"60-69 years","Hancock","86","12","21"
"70-79 years","Hancock","47","12","16"
"80 & Older years","Hancock","43","17","17"
"<1 years","Hancock","1","0","0"
"01-04 years","Haralson","8","0","0"
"05-09 years","Haralson","12","0","0"
"10-17 years","Haralson","63","0","1"
"18-29 years","Haralson","155","0","1"
"30-39 years","Haralson","103","0","2"
"40-49 years","Haralson","84","1","4"
"50-59 years","Haralson","86","0","1"
"60-69 years","Haralson","74","4","11"
"70-79 years","Haralson","49","6","11"
"80 & Older years","Haralson","19","0","3"
"<1 years","Haralson","4","0","0"
"Unknown years","Haralson","2","0","0"
"01-04 years","Harris","12","0","0"
"05-09 years","Harris","8","0","0"
"10-17 years","Harris","69","0","2"
"18-29 years","Harris","140","0","2"
"30-39 years","Harris","90","0","3"
"40-49 years","Harris","135","1","6"
"50-59 years","Harris","154","4","15"
"60-69 years","Harris","151","9","38"
"70-79 years","Harris","66","7","21"
"80 & Older years","Harris","24","4","6"
"<1 years","Harris","2","0","0"
"Unknown years","Harris","1","0","0"
"01-04 years","Hart","8","0","0"
"05-09 years","Hart","11","0","1"
"10-17 years","Hart","29","0","0"
"18-29 years","Hart","103","0","0"
"30-39 years","Hart","80","0","4"
"40-49 years","Hart","88","0","6"
"50-59 years","Hart","103","1","12"
"60-69 years","Hart","81","6","21"
"70-79 years","Hart","39","3","7"
"80 & Older years","Hart","35","7","20"
"<1 years","Hart","1","0","1"
"01-04 years","Heard","2","0","0"
"05-09 years","Heard","8","0","0"
"10-17 years","Heard","17","0","1"
"18-29 years","Heard","47","0","0"
"30-39 years","Heard","24","0","1"
"40-49 years","Heard","43","0","2"
"50-59 years","Heard","31","0","2"
"60-69 years","Heard","33","1","4"
"70-79 years","Heard","21","3","5"
"80 & Older years","Heard","6","2","1"
"Unknown years","Heard","2","0","0"
"01-04 years","Henry","53","0","2"
"05-09 years","Henry","101","0","1"
"10-17 years","Henry","358","0","2"
"18-29 years","Henry","1378","0","21"
"30-39 years","Henry","1096","3","26"
"40-49 years","Henry","1184","7","50"
"50-59 years","Henry","1071","11","70"
"60-69 years","Henry","547","21","42"
"70-79 years","Henry","294","32","43"
"80 & Older years","Henry","165","39","29"
"<1 years","Henry","13","0","2"
"Unknown years","Henry","9","0","0"
"01-04 years","Houston","40","0","1"
"05-09 years","Houston","65","0","1"
"10-17 years","Houston","197","0","3"
"18-29 years","Houston","827","2","25"
"30-39 years","Houston","686","1","35"
"40-49 years","Houston","635","2","62"
"50-59 years","Houston","551","9","66"
"60-69 years","Houston","338","23","75"
"70-79 years","Houston","190","33","78"
"80 & Older years","Houston","97","25","46"
"<1 years","Houston","13","0","1"
"Unknown years","Houston","1","0","0"
"01-04 years","Irwin","3","0","0"
"05-09 years","Irwin","7","0","0"
"10-17 years","Irwin","25","0","0"
"18-29 years","Irwin","61","0","3"
"30-39 years","Irwin","58","0","4"
"40-49 years","Irwin","66","0","4"
"50-59 years","Irwin","53","0","5"
"60-69 years","Irwin","45","1","13"
"70-79 years","Irwin","19","2","1"
"80 & Older years","Irwin","21","5","11"
"01-04 years","Jackson","15","0","0"
"05-09 years","Jackson","41","0","0"
"10-17 years","Jackson","209","0","1"
"18-29 years","Jackson","508","0","9"
"30-39 years","Jackson","370","1","12"
"40-49 years","Jackson","397","1","32"
"50-59 years","Jackson","395","4","35"
"60-69 years","Jackson","219","5","31"
"70-79 years","Jackson","159","12","49"
"80 & Older years","Jackson","79","19","36"
"<1 years","Jackson","6","0","2"
"Unknown years","Jackson","10","0","1"
"05-09 years","Jasper","4","0","0"
"10-17 years","Jasper","9","0","0"
"18-29 years","Jasper","53","0","1"
"30-39 years","Jasper","40","0","0"
"40-49 years","Jasper","31","0","2"
"50-59 years","Jasper","50","0","7"
"60-69 years","Jasper","36","3","8"
"70-79 years","Jasper","18","1","3"
"80 & Older years","Jasper","6","0","0"
"<1 years","Jasper","2","0","0"
"01-04 years","Jeff Davis","21","0","1"
"05-09 years","Jeff Davis","22","0","0"
"10-17 years","Jeff Davis","63","0","2"
"18-29 years","Jeff Davis","159","0","2"
"30-39 years","Jeff Davis","136","0","5"
"40-49 years","Jeff Davis","131","0","11"
"50-59 years","Jeff Davis","120","2","8"
"60-69 years","Jeff Davis","84","5","14"
"70-79 years","Jeff Davis","50","11","14"
"80 & Older years","Jeff Davis","11","5","5"
"<1 years","Jeff Davis","2","0","1"
"Unknown years","Jeff Davis","2","0","0"
"01-04 years","Jefferson","16","0","0"
"05-09 years","Jefferson","20","0","0"
"10-17 years","Jefferson","51","0","0"
"18-29 years","Jefferson","136","0","2"
"30-39 years","Jefferson","105","0","6"
"40-49 years","Jefferson","121","3","9"
"50-59 years","Jefferson","154","2","15"
"60-69 years","Jefferson","122","6","17"
"70-79 years","Jefferson","87","10","19"
"80 & Older years","Jefferson","38","12","16"
"<1 years","Jefferson","4","0","0"
"Unknown years","Jefferson","3","0","0"
"01-04 years","Jenkins","5","0","0"
"05-09 years","Jenkins","12","0","0"
"10-17 years","Jenkins","40","0","0"
"18-29 years","Jenkins","73","0","2"
"30-39 years","Jenkins","45","1","3"
"40-49 years","Jenkins","71","2","8"
"50-59 years","Jenkins","80","5","13"
"60-69 years","Jenkins","61","5","9"
"70-79 years","Jenkins","39","11","19"
"80 & Older years","Jenkins","44","8","11"
"<1 years","Jenkins","2","0","0"
"01-04 years","Johnson","4","0","0"
"05-09 years","Johnson","5","0","0"
"10-17 years","Johnson","14","0","0"
"18-29 years","Johnson","75","0","2"
"30-39 years","Johnson","48","0","3"
"40-49 years","Johnson","54","1","6"
"50-59 years","Johnson","72","0","12"
"60-69 years","Johnson","69","5","12"
"70-79 years","Johnson","50","6","13"
"80 & Older years","Johnson","50","10","12"
"01-04 years","Jones","2","0","0"
"05-09 years","Jones","7","0","0"
"10-17 years","Jones","26","0","0"
"18-29 years","Jones","169","0","3"
"30-39 years","Jones","99","0","3"
"40-49 years","Jones","97","1","4"
"50-59 years","Jones","105","1","12"
"60-69 years","Jones","72","1","13"
"70-79 years","Jones","39","5","15"
"80 & Older years","Jones","30","9","5"
"<1 years","Jones","1","0","0"
"01-04 years","Lamar","6","0","0"
"05-09 years","Lamar","19","0","0"
"10-17 years","Lamar","29","0","1"
"18-29 years","Lamar","62","0","1"
"30-39 years","Lamar","57","0","1"
"40-49 years","Lamar","58","1","2"
"50-59 years","Lamar","63","1","9"
"60-69 years","Lamar","55","3","9"
"70-79 years","Lamar","43","4","10"
"80 & Older years","Lamar","29","11","12"
"<1 years","Lamar","3","0","0"
"01-04 years","Lanier","5","0","0"
"05-09 years","Lanier","8","0","1"
"10-17 years","Lanier","19","0","1"
"18-29 years","Lanier","72","1","0"
"30-39 years","Lanier","84","0","1"
"40-49 years","Lanier","41","1","1"
"50-59 years","Lanier","40","0","3"
"60-69 years","Lanier","24","1","1"
"70-79 years","Lanier","14","4","4"
"80 & Older years","Lanier","9","0","4"
"<1 years","Lanier","3","0","0"
"01-04 years","Laurens","15","0","0"
"05-09 years","Laurens","20","0","0"
"10-17 years","Laurens","127","0","2"
"18-29 years","Laurens","360","0","4"
"30-39 years","Laurens","270","0","7"
"40-49 years","Laurens","297","3","16"
"50-59 years","Laurens","323","5","33"
"60-69 years","Laurens","271","20","44"
"70-79 years","Laurens","196","27","40"
"80 & Older years","Laurens","124","33","29"
"<1 years","Laurens","6","0","0"
"Unknown years","Laurens","5","0","0"
"01-04 years","Lee","7","0","0"
"05-09 years","Lee","11","0","2"
"10-17 years","Lee","41","0","1"
"18-29 years","Lee","121","1","6"
"30-39 years","Lee","144","1","13"
"40-49 years","Lee","135","3","17"
"50-59 years","Lee","130","6","24"
"60-69 years","Lee","90","7","17"
"70-79 years","Lee","46","7","19"
"80 & Older years","Lee","20","5","10"
"<1 years","Lee","3","0","0"
"01-04 years","Liberty","12","0","0"
"05-09 years","Liberty","25","0","1"
"10-17 years","Liberty","81","0","1"
"18-29 years","Liberty","318","1","10"
"30-39 years","Liberty","220","0","7"
"40-49 years","Liberty","205","0","9"
"50-59 years","Liberty","173","1","25"
"60-69 years","Liberty","136","7","25"
"70-79 years","Liberty","61","9","24"
"80 & Older years","Liberty","39","7","16"
"<1 years","Liberty","13","0","1"
"Unknown years","Liberty","5","0","0"
"01-04 years","Lincoln","3","0","0"
"05-09 years","Lincoln","7","0","0"
"10-17 years","Lincoln","10","0","0"
"18-29 years","Lincoln","49","0","2"
"30-39 years","Lincoln","30","0","1"
"40-49 years","Lincoln","40","0","3"
"50-59 years","Lincoln","31","0","3"
"60-69 years","Lincoln","33","2","8"
"70-79 years","Lincoln","20","1","7"
"80 & Older years","Lincoln","11","4","4"
"<1 years","Lincoln","1","0","0"
"01-04 years","Long","10","0","0"
"05-09 years","Long","3","0","0"
"10-17 years","Long","15","0","0"
"18-29 years","Long","54","0","0"
"30-39 years","Long","68","0","0"
"40-49 years","Long","37","0","2"
"50-59 years","Long","36","1","5"
"60-69 years","Long","30","0","3"
"70-79 years","Long","15","3","5"
"80 & Older years","Long","4","0","2"
"<1 years","Long","3","0","0"
"Unknown years","Long","2","0","1"
"01-04 years","Lowndes","67","0","0"
"05-09 years","Lowndes","97","0","0"
"10-17 years","Lowndes","345","0","4"
"18-29 years","Lowndes","1386","3","23"
"30-39 years","Lowndes","717","0","14"
"40-49 years","Lowndes","638","1","29"
"50-59 years","Lowndes","524","6","37"
"60-69 years","Lowndes","358","15","42"
"70-79 years","Lowndes","200","27","34"
"80 & Older years","Lowndes","126","34","35"
"<1 years","Lowndes","17","0","0"
"Unknown years","Lowndes","21","0","0"
"01-04 years","Lumpkin","5","0","0"
"05-09 years","Lumpkin","11","0","0"
"10-17 years","Lumpkin","55","0","2"
"18-29 years","Lumpkin","289","0","3"
"30-39 years","Lumpkin","115","0","5"
"40-49 years","Lumpkin","130","0","10"
"50-59 years","Lumpkin","136","2","13"
"60-69 years","Lumpkin","143","4","18"
"70-79 years","Lumpkin","112","4","29"
"80 & Older years","Lumpkin","40","5","20"
"<1 years","Lumpkin","2","0","1"
"Unknown years","Lumpkin","15","0","0"
"01-04 years","Macon","5","0","0"
"05-09 years","Macon","6","0","0"
"10-17 years","Macon","9","0","0"
"18-29 years","Macon","43","0","1"
"30-39 years","Macon","26","0","3"
"40-49 years","Macon","47","1","5"
"50-59 years","Macon","51","3","9"
"60-69 years","Macon","29","3","16"
"70-79 years","Macon","23","1","10"
"80 & Older years","Macon","11","2","5"
"<1 years","Macon","1","0","0"
"Unknown years","Macon","1","0","0"
"01-04 years","Madison","14","0","0"
"05-09 years","Madison","12","0","0"
"10-17 years","Madison","79","0","0"
"18-29 years","Madison","150","0","1"
"30-39 years","Madison","133","0","5"
"40-49 years","Madison","131","0","8"
"50-59 years","Madison","137","1","15"
"60-69 years","Madison","74","2","15"
"70-79 years","Madison","47","6","19"
"80 & Older years","Madison","13","2","2"
"<1 years","Madison","8","0","1"
"01-04 years","Marion","2","0","0"
"05-09 years","Marion","3","0","0"
"10-17 years","Marion","13","0","0"
"18-29 years","Marion","34","0","0"
"30-39 years","Marion","24","0","2"
"40-49 years","Marion","33","1","5"
"50-59 years","Marion","32","2","5"
"60-69 years","Marion","27","3","3"
"70-79 years","Marion","16","1","3"
"80 & Older years","Marion","16","2","5"
"<1 years","Marion","1","0","0"
"01-04 years","McDuffie","4","0","0"
"05-09 years","McDuffie","6","0","0"
"10-17 years","McDuffie","37","0","0"
"18-29 years","McDuffie","143","0","3"
"30-39 years","McDuffie","102","1","2"
"40-49 years","McDuffie","112","2","8"
"50-59 years","McDuffie","118","2","16"
"60-69 years","McDuffie","87","2","12"
"70-79 years","McDuffie","60","5","25"
"80 & Older years","McDuffie","17","3","11"
"Unknown years","McDuffie","3","0","0"
"05-09 years","McIntosh","3","0","0"
"10-17 years","McIntosh","17","0","0"
"18-29 years","McIntosh","58","0","2"
"30-39 years","McIntosh","46","0","3"
"40-49 years","McIntosh","51","0","3"
"50-59 years","McIntosh","53","0","2"
"60-69 years","McIntosh","42","3","11"
"70-79 years","McIntosh","32","3","9"
"80 & Older years","McIntosh","7","2","2"
"<1 years","McIntosh","1","0","0"
"01-04 years","Meriwether","10","0","1"
"05-09 years","Meriwether","11","0","1"
"10-17 years","Meriwether","20","0","0"
"18-29 years","Meriwether","92","0","3"
"30-39 years","Meriwether","89","2","11"
"40-49 years","Meriwether","117","1","11"
"50-59 years","Meriwether","90","1","12"
"60-69 years","Meriwether","75","2","15"
"70-79 years","Meriwether","56","3","17"
"80 & Older years","Meriwether","35","7","9"
"<1 years","Meriwether","2","0","0"
"01-04 years","Miller","3","0","0"
"05-09 years","Miller","3","0","0"
"10-17 years","Miller","23","0","0"
"18-29 years","Miller","56","0","0"
"30-39 years","Miller","54","0","0"
"40-49 years","Miller","43","0","1"
"50-59 years","Miller","66","0","7"
"60-69 years","Miller","40","2","3"
"70-79 years","Miller","14","0","1"
"80 & Older years","Miller","10","0","2"
"<1 years","Miller","2","0","0"
"01-04 years","Mitchell","3","0","0"
"05-09 years","Mitchell","11","0","0"
"10-17 years","Mitchell","41","0","0"
"18-29 years","Mitchell","131","0","6"
"30-39 years","Mitchell","120","1","12"
"40-49 years","Mitchell","128","2","12"
"50-59 years","Mitchell","163","7","42"
"60-69 years","Mitchell","129","11","38"
"70-79 years","Mitchell","68","8","25"
"80 & Older years","Mitchell","51","17","18"
"Unknown years","Mitchell","3","0","1"
"01-04 years","Monroe","3","0","0"
"05-09 years","Monroe","6","0","0"
"10-17 years","Monroe","35","0","0"
"18-29 years","Monroe","131","0","1"
"30-39 years","Monroe","85","0","3"
"40-49 years","Monroe","98","1","9"
"50-59 years","Monroe","137","2","12"
"60-69 years","Monroe","110","8","23"
"70-79 years","Monroe","74","14","22"
"80 & Older years","Monroe","83","29","18"
"<1 years","Monroe","3","0","1"
"01-04 years","Montgomery","5","0","0"
"05-09 years","Montgomery","3","0","0"
"10-17 years","Montgomery","22","0","1"
"18-29 years","Montgomery","87","0","0"
"30-39 years","Montgomery","51","1","3"
"40-49 years","Montgomery","75","0","2"
"50-59 years","Montgomery","53","1","5"
"60-69 years","Montgomery","42","3","8"
"70-79 years","Montgomery","26","3","6"
"80 & Older years","Montgomery","10","2","2"
"<1 years","Montgomery","1","0","0"
"01-04 years","Morgan","14","0","0"
"05-09 years","Morgan","9","0","0"
"10-17 years","Morgan","45","0","0"
"18-29 years","Morgan","116","0","2"
"30-39 years","Morgan","71","0","5"
"40-49 years","Morgan","76","0","3"
"50-59 years","Morgan","89","0","8"
"60-69 years","Morgan","60","1","5"
"70-79 years","Morgan","24","1","8"
"80 & Older years","Morgan","25","4","11"
"<1 years","Morgan","5","0","0"
"Unknown years","Morgan","1","0","0"
"01-04 years","Murray","16","0","1"
"05-09 years","Murray","14","0","1"
"10-17 years","Murray","71","0","0"
"18-29 years","Murray","256","0","2"
"30-39 years","Murray","158","0","2"
"40-49 years","Murray","199","0","11"
"50-59 years","Murray","173","1","15"
"60-69 years","Murray","96","1","11"
"70-79 years","Murray","59","5","17"
"80 & Older years","Murray","14","2","5"
"<1 years","Murray","5","0","0"
"Unknown years","Murray","3","0","0"
"01-04 years","Muscogee","104","0","5"
"05-09 years","Muscogee","126","0","0"
"10-17 years","Muscogee","321","0","3"
"18-29 years","Muscogee","1653","3","39"
"30-39 years","Muscogee","1043","2","60"
"40-49 years","Muscogee","889","3","62"
"50-59 years","Muscogee","898","22","135"
"60-69 years","Muscogee","713","42","173"
"70-79 years","Muscogee","380","45","118"
"80 & Older years","Muscogee","216","57","100"
"<1 years","Muscogee","35","0","2"
"Unknown years","Muscogee","12","0","0"
"01-04 years","Newton","35","0","2"
"05-09 years","Newton","42","0","0"
"10-17 years","Newton","133","0","1"
"18-29 years","Newton","571","0","18"
"30-39 years","Newton","465","0","35"
"40-49 years","Newton","540","0","48"
"50-59 years","Newton","498","7","64"
"60-69 years","Newton","261","15","50"
"70-79 years","Newton","177","28","48"
"80 & Older years","Newton","141","46","35"
"<1 years","Newton","12","0","1"
"Unknown years","Newton","3","0","0"
"01-04 years","Non-GA Resident/Unknown State","158","0","1"
"05-09 years","Non-GA Resident/Unknown State","265","0","4"
"10-17 years","Non-GA Resident/Unknown State","901","0","6"
"18-29 years","Non-GA Resident/Unknown State","4040","4","45"
"30-39 years","Non-GA Resident/Unknown State","2528","3","52"
"40-49 years","Non-GA Resident/Unknown State","2110","5","56"
"50-59 years","Non-GA Resident/Unknown State","1906","22","122"
"60-69 years","Non-GA Resident/Unknown State","1241","47","147"
"70-79 years","Non-GA Resident/Unknown State","719","54","131"
"80 & Older years","Non-GA Resident/Unknown State","416","51","102"
"<1 years","Non-GA Resident/Unknown State","89","0","1"
"Unknown years","Non-GA Resident/Unknown State","469","0","4"
"01-04 years","Oconee","3","0","0"
"05-09 years","Oconee","12","0","0"
"10-17 years","Oconee","60","0","0"
"18-29 years","Oconee","243","0","3"
"30-39 years","Oconee","97","0","2"
"40-49 years","Oconee","130","0","9"
"50-59 years","Oconee","136","2","5"
"60-69 years","Oconee","85","9","16"
"70-79 years","Oconee","57","6","15"
"80 & Older years","Oconee","47","13","23"
"<1 years","Oconee","1","0","0"
"01-04 years","Oglethorpe","4","0","0"
"05-09 years","Oglethorpe","12","0","0"
"10-17 years","Oglethorpe","36","0","0"
"18-29 years","Oglethorpe","84","0","1"
"30-39 years","Oglethorpe","45","0","0"
"40-49 years","Oglethorpe","59","0","4"
"50-59 years","Oglethorpe","59","1","12"
"60-69 years","Oglethorpe","43","0","9"
"70-79 years","Oglethorpe","41","3","10"
"80 & Older years","Oglethorpe","39","9","12"
"<1 years","Oglethorpe","3","0","0"
"01-04 years","Paulding","39","0","1"
"05-09 years","Paulding","74","0","0"
"10-17 years","Paulding","272","0","5"
"18-29 years","Paulding","691","0","7"
"30-39 years","Paulding","510","1","15"
"40-49 years","Paulding","554","3","14"
"50-59 years","Paulding","516","8","33"
"60-69 years","Paulding","273","8","34"
"70-79 years","Paulding","159","15","34"
"80 & Older years","Paulding","89","26","13"
"<1 years","Paulding","8","0","0"
"Unknown years","Paulding","8","0","0"
"01-04 years","Peach","8","0","0"
"05-09 years","Peach","13","0","0"
"10-17 years","Peach","23","0","1"
"18-29 years","Peach","170","1","7"
"30-39 years","Peach","148","0","9"
"40-49 years","Peach","115","2","9"
"50-59 years","Peach","120","3","24"
"60-69 years","Peach","108","7","29"
"70-79 years","Peach","44","5","16"
"80 & Older years","Peach","32","8","15"
"<1 years","Peach","4","0","0"
"Unknown years","Peach","1","0","0"
"01-04 years","Pickens","12","0","1"
"05-09 years","Pickens","13","0","0"
"10-17 years","Pickens","36","0","0"
"18-29 years","Pickens","148","0","4"
"30-39 years","Pickens","100","0","5"
"40-49 years","Pickens","152","0","8"
"50-59 years","Pickens","140","0","9"
"60-69 years","Pickens","105","0","13"
"70-79 years","Pickens","65","6","20"
"80 & Older years","Pickens","31","4","9"
"<1 years","Pickens","1","0","0"
"Unknown years","Pickens","2","0","0"
"01-04 years","Pierce","6","0","0"
"05-09 years","Pierce","10","0","0"
"10-17 years","Pierce","46","1","1"
"18-29 years","Pierce","132","0","3"
"30-39 years","Pierce","81","0","3"
"40-49 years","Pierce","120","0","11"
"50-59 years","Pierce","99","3","10"
"60-69 years","Pierce","87","6","26"
"70-79 years","Pierce","65","6","21"
"80 & Older years","Pierce","32","8","8"
"<1 years","Pierce","3","0","0"
"Unknown years","Pierce","1","0","0"
"01-04 years","Pike","11","0","0"
"05-09 years","Pike","7","0","0"
"10-17 years","Pike","34","0","0"
"18-29 years","Pike","67","0","1"
"30-39 years","Pike","52","0","2"
"40-49 years","Pike","72","1","3"
"50-59 years","Pike","56","2","6"
"60-69 years","Pike","42","1","9"
"70-79 years","Pike","40","4","9"
"80 & Older years","Pike","11","3","3"
"Unknown years","Pike","1","0","0"
"01-04 years","Polk","21","0","1"
"05-09 years","Polk","33","0","0"
"10-17 years","Polk","155","0","1"
"18-29 years","Polk","402","0","2"
"30-39 years","Polk","253","0","6"
"40-49 years","Polk","291","1","24"
"50-59 years","Polk","249","3","31"
"60-69 years","Polk","137","9","28"
"70-79 years","Polk","114","6","26"
"80 & Older years","Polk","51","10","18"
"<1 years","Polk","5","0","0"
"Unknown years","Polk","17","0","0"
"05-09 years","Pulaski","3","0","0"
"10-17 years","Pulaski","21","0","1"
"18-29 years","Pulaski","45","0","1"
"30-39 years","Pulaski","46","0","2"
"40-49 years","Pulaski","46","0","7"
"50-59 years","Pulaski","64","0","6"
"60-69 years","Pulaski","54","5","8"
"70-79 years","Pulaski","34","10","13"
"80 & Older years","Pulaski","29","8","4"
"Unknown years","Pulaski","1","0","0"
"01-04 years","Putnam","10","0","0"
"05-09 years","Putnam","27","0","0"
"10-17 years","Putnam","51","0","1"
"18-29 years","Putnam","153","0","3"
"30-39 years","Putnam","95","0","4"
"40-49 years","Putnam","112","1","4"
"50-59 years","Putnam","128","1","9"
"60-69 years","Putnam","107","8","16"
"70-79 years","Putnam","75","9","20"
"80 & Older years","Putnam","45","8","15"
"<1 years","Putnam","4","0","0"
"Unknown years","Putnam","1","0","0"
"01-04 years","Quitman","1","0","0"
"10-17 years","Quitman","2","0","0"
"18-29 years","Quitman","7","0","0"
"30-39 years","Quitman","4","0","1"
"40-49 years","Quitman","2","0","1"
"50-59 years","Quitman","4","0","0"
"60-69 years","Quitman","16","1","3"
"70-79 years","Quitman","2","0","1"
"80 & Older years","Quitman","2","0","1"
"Unknown years","Quitman","1","0","0"
"01-04 years","Rabun","4","0","0"
"05-09 years","Rabun","6","0","0"
"10-17 years","Rabun","29","0","0"
"18-29 years","Rabun","86","0","5"
"30-39 years","Rabun","66","1","4"
"40-49 years","Rabun","50","0","2"
"50-59 years","Rabun","59","0","6"
"60-69 years","Rabun","66","1","13"
"70-79 years","Rabun","37","4","14"
"80 & Older years","Rabun","25","5","10"
"<1 years","Rabun","2","0","1"
"Unknown years","Rabun","2","0","0"
"05-09 years","Randolph","2","0","0"
"10-17 years","Randolph","4","0","0"
"18-29 years","Randolph","42","0","0"
"30-39 years","Randolph","49","2","2"
"40-49 years","Randolph","39","0","3"
"50-59 years","Randolph","72","3","14"
"60-69 years","Randolph","52","7","12"
"70-79 years","Randolph","30","3","9"
"80 & Older years","Randolph","46","14","16"
"<1 years","Randolph","1","0","0"
"Unknown years","Randolph","2","0","0"
"01-04 years","Richmond","74","0","0"
"05-09 years","Richmond","128","0","2"
"10-17 years","Richmond","447","0","2"
"18-29 years","Richmond","1916","3","23"
"30-39 years","Richmond","1402","3","44"
"40-49 years","Richmond","1205","13","63"
"50-59 years","Richmond","1187","16","107"
"60-69 years","Richmond","819","31","114"
"70-79 years","Richmond","461","38","125"
"80 & Older years","Richmond","327","81","150"
"<1 years","Richmond","35","0","2"
"Unknown years","Richmond","11","0","0"
"01-04 years","Rockdale","29","0","0"
"05-09 years","Rockdale","47","0","0"
"10-17 years","Rockdale","114","0","1"
"18-29 years","Rockdale","445","2","23"
"30-39 years","Rockdale","355","2","37"
"40-49 years","Rockdale","381","4","45"
"50-59 years","Rockdale","380","5","46"
"60-69 years","Rockdale","225","9","62"
"70-79 years","Rockdale","116","13","42"
"80 & Older years","Rockdale","54","5","18"
"<1 years","Rockdale","1","0","0"
"Unknown years","Rockdale","1","0","0"
"01-04 years","Schley","4","0","0"
"05-09 years","Schley","3","0","0"
"10-17 years","Schley","12","0","0"
"18-29 years","Schley","25","0","1"
"30-39 years","Schley","10","0","0"
"40-49 years","Schley","13","0","2"
"50-59 years","Schley","16","0","3"
"60-69 years","Schley","16","1","7"
"70-79 years","Schley","6","0","2"
"80 & Older years","Schley","3","1","1"
"<1 years","Schley","1","0","0"
"01-04 years","Screven","2","0","0"
"05-09 years","Screven","7","0","0"
"10-17 years","Screven","41","0","0"
"18-29 years","Screven","84","0","3"
"30-39 years","Screven","57","0","2"
"40-49 years","Screven","59","1","4"
"50-59 years","Screven","57","0","9"
"60-69 years","Screven","72","1","12"
"70-79 years","Screven","40","3","10"
"80 & Older years","Screven","28","6","7"
"<1 years","Screven","2","0","0"
"Unknown years","Screven","1","0","0"
"01-04 years","Seminole","12","0","0"
"05-09 years","Seminole","9","0","0"
"10-17 years","Seminole","38","0","0"
"18-29 years","Seminole","57","0","0"
"30-39 years","Seminole","49","0","0"
"40-49 years","Seminole","58","0","2"
"50-59 years","Seminole","58","1","6"
"60-69 years","Seminole","61","1","9"
"70-79 years","Seminole","37","5","7"
"80 & Older years","Seminole","14","4","7"
"<1 years","Seminole","2","0","0"
"01-04 years","Spalding","23","0","0"
"05-09 years","Spalding","14","0","0"
"10-17 years","Spalding","77","0","2"
"18-29 years","Spalding","271","0","10"
"30-39 years","Spalding","256","1","21"
"40-49 years","Spalding","234","2","22"
"50-59 years","Spalding","262","6","46"
"60-69 years","Spalding","212","11","36"
"70-79 years","Spalding","132","17","38"
"80 & Older years","Spalding","126","26","33"
"<1 years","Spalding","1","0","0"
"Unknown years","Spalding","3","0","0"
"01-04 years","Stephens","8","0","0"
"05-09 years","Stephens","23","0","0"
"10-17 years","Stephens","67","0","1"
"18-29 years","Stephens","235","0","8"
"30-39 years","Stephens","146","0","6"
"40-49 years","Stephens","174","1","14"
"50-59 years","Stephens","188","3","19"
"60-69 years","Stephens","196","9","35"
"70-79 years","Stephens","151","11","29"
"80 & Older years","Stephens","92","17","19"
"<1 years","Stephens","1","0","0"
"Unknown years","Stephens","6","0","0"
"01-04 years","Stewart","2","0","0"
"05-09 years","Stewart","2","0","0"
"10-17 years","Stewart","9","0","0"
"18-29 years","Stewart","119","0","10"
"30-39 years","Stewart","163","1","15"
"40-49 years","Stewart","110","1","14"
"50-59 years","Stewart","61","1","10"
"60-69 years","Stewart","49","7","21"
"70-79 years","Stewart","21","2","3"
"80 & Older years","Stewart","17","4","4"
"<1 years","Stewart","1","0","0"
"Unknown years","Stewart","14","0","4"
"01-04 years","Sumter","8","0","0"
"05-09 years","Sumter","14","0","0"
"10-17 years","Sumter","24","0","2"
"18-29 years","Sumter","171","1","6"
"30-39 years","Sumter","135","1","16"
"40-49 years","Sumter","126","3","18"
"50-59 years","Sumter","152","2","37"
"60-69 years","Sumter","151","19","56"
"70-79 years","Sumter","109","20","36"
"80 & Older years","Sumter","69","22","35"
"<1 years","Sumter","1","0","0"
"Unknown years","Sumter","1","0","0"
"01-04 years","Talbot","1","0","0"
"05-09 years","Talbot","1","0","0"
"10-17 years","Talbot","16","0","0"
"18-29 years","Talbot","21","0","1"
"30-39 years","Talbot","16","0","1"
"40-49 years","Talbot","35","1","4"
"50-59 years","Talbot","30","1","4"
"60-69 years","Talbot","26","2","8"
"70-79 years","Talbot","17","2","3"
"80 & Older years","Talbot","11","2","5"
"Unknown years","Talbot","1","0","0"
"05-09 years","Taliaferro","1","0","0"
"10-17 years","Taliaferro","2","0","0"
"18-29 years","Taliaferro","3","0","0"
"30-39 years","Taliaferro","3","0","0"
"40-49 years","Taliaferro","8","0","1"
"50-59 years","Taliaferro","7","0","0"
"60-69 years","Taliaferro","1","0","0"
"70-79 years","Taliaferro","4","0","0"
"80 & Older years","Taliaferro","1","0","1"
"01-04 years","Tattnall","18","0","0"
"05-09 years","Tattnall","28","0","0"
"10-17 years","Tattnall","75","0","0"
"18-29 years","Tattnall","203","0","1"
"30-39 years","Tattnall","134","0","3"
"40-49 years","Tattnall","146","0","5"
"50-59 years","Tattnall","147","3","14"
"60-69 years","Tattnall","113","6","18"
"70-79 years","Tattnall","47","6","20"
"80 & Older years","Tattnall","21","1","7"
"<1 years","Tattnall","4","0","0"
"Unknown years","Tattnall","6","0","1"
"01-04 years","Taylor","9","0","0"
"05-09 years","Taylor","6","0","0"
"10-17 years","Taylor","29","0","1"
"18-29 years","Taylor","44","0","0"
"30-39 years","Taylor","21","0","3"
"40-49 years","Taylor","34","1","4"
"50-59 years","Taylor","30","0","6"
"60-69 years","Taylor","25","4","9"
"70-79 years","Taylor","21","2","6"
"80 & Older years","Taylor","13","5","4"
"<1 years","Taylor","3","0","0"
"01-04 years","Telfair","6","0","0"
"05-09 years","Telfair","6","0","0"
"10-17 years","Telfair","9","0","0"
"18-29 years","Telfair","104","0","2"
"30-39 years","Telfair","73","0","1"
"40-49 years","Telfair","76","0","5"
"50-59 years","Telfair","70","3","6"
"60-69 years","Telfair","78","4","13"
"70-79 years","Telfair","53","6","11"
"80 & Older years","Telfair","32","11","6"
"<1 years","Telfair","3","0","0"
"01-04 years","Terrell","4","0","0"
"05-09 years","Terrell","1","0","0"
"10-17 years","Terrell","17","0","0"
"18-29 years","Terrell","39","0","1"
"30-39 years","Terrell","50","0","8"
"40-49 years","Terrell","42","0","7"
"50-59 years","Terrell","58","3","8"
"60-69 years","Terrell","65","9","24"
"70-79 years","Terrell","42","12","19"
"80 & Older years","Terrell","22","8","7"
"01-04 years","Thomas","24","0","0"
"05-09 years","Thomas","24","0","0"
"10-17 years","Thomas","89","0","0"
"18-29 years","Thomas","287","1","12"
"30-39 years","Thomas","238","0","10"
"40-49 years","Thomas","245","4","17"
"50-59 years","Thomas","254","4","21"
"60-69 years","Thomas","223","8","50"
"70-79 years","Thomas","134","21","34"
"80 & Older years","Thomas","88","32","31"
"<1 years","Thomas","4","0","1"
"01-04 years","Tift","19","0","0"
"05-09 years","Tift","38","0","1"
"10-17 years","Tift","131","0","3"
"18-29 years","Tift","511","0","11"
"30-39 years","Tift","301","1","20"
"40-49 years","Tift","311","6","35"
"50-59 years","Tift","257","9","43"
"60-69 years","Tift","186","12","46"
"70-79 years","Tift","142","20","47"
"80 & Older years","Tift","62","17","35"
"<1 years","Tift","9","0","0"
"Unknown years","Tift","2","0","0"
"01-04 years","Toombs","17","0","0"
"05-09 years","Toombs","26","0","0"
"10-17 years","Toombs","115","0","1"
"18-29 years","Toombs","317","0","5"
"30-39 years","Toombs","233","0","1"
"40-49 years","Toombs","219","1","18"
"50-59 years","Toombs","197","5","14"
"60-69 years","Toombs","167","4","32"
"70-79 years","Toombs","128","21","25"
"80 & Older years","Toombs","84","25","18"
"<1 years","Toombs","1","0","0"
"Unknown years","Toombs","2","0","0"
"01-04 years","Towns","1","0","0"
"05-09 years","Towns","3","0","0"
"10-17 years","Towns","16","0","0"
"18-29 years","Towns","78","0","2"
"30-39 years","Towns","40","0","1"
"40-49 years","Towns","36","1","3"
"50-59 years","Towns","70","1","5"
"60-69 years","Towns","87","0","7"
"70-79 years","Towns","63","2","16"
"80 & Older years","Towns","50","9","23"
"01-04 years","Treutlen","2","0","0"
"05-09 years","Treutlen","8","0","0"
"10-17 years","Treutlen","24","0","0"
"18-29 years","Treutlen","52","0","1"
"30-39 years","Treutlen","40","0","2"
"40-49 years","Treutlen","54","0","5"
"50-59 years","Treutlen","50","1","5"
"60-69 years","Treutlen","36","2","9"
"70-79 years","Treutlen","32","6","6"
"80 & Older years","Treutlen","17","3","5"
"01-04 years","Troup","84","0","0"
"05-09 years","Troup","94","0","0"
"10-17 years","Troup","202","0","2"
"18-29 years","Troup","681","0","23"
"30-39 years","Troup","494","5","32"
"40-49 years","Troup","422","2","39"
"50-59 years","Troup","437","11","74"
"60-69 years","Troup","310","16","61"
"70-79 years","Troup","148","28","58"
"80 & Older years","Troup","152","47","47"
"<1 years","Troup","25","0","1"
"Unknown years","Troup","5","0","0"
"05-09 years","Turner","4","0","0"
"10-17 years","Turner","10","0","0"
"18-29 years","Turner","48","0","1"
"30-39 years","Turner","67","0","6"
"40-49 years","Turner","48","0","2"
"50-59 years","Turner","65","2","8"
"60-69 years","Turner","46","6","15"
"70-79 years","Turner","26","6","10"
"80 & Older years","Turner","23","10","8"
"<1 years","Turner","1","0","1"
"01-04 years","Twiggs","6","0","0"
"05-09 years","Twiggs","1","0","0"
"10-17 years","Twiggs","14","0","0"
"18-29 years","Twiggs","28","0","1"
"30-39 years","Twiggs","30","1","4"
"40-49 years","Twiggs","31","1","7"
"50-59 years","Twiggs","39","1","8"
"60-69 years","Twiggs","43","1","18"
"70-79 years","Twiggs","22","3","11"
"80 & Older years","Twiggs","6","3","5"
"01-04 years","Union","4","0","0"
"05-09 years","Union","11","0","0"
"10-17 years","Union","29","0","1"
"18-29 years","Union","107","1","1"
"30-39 years","Union","94","0","2"
"40-49 years","Union","108","0","8"
"50-59 years","Union","137","2","9"
"60-69 years","Union","145","3","21"
"70-79 years","Union","141","9","26"
"80 & Older years","Union","117","11","27"
"<1 years","Union","1","0","0"
"Unknown years","Union","1","0","0"
"01-04 years","Unknown","10","0","0"
"05-09 years","Unknown","37","0","0"
"10-17 years","Unknown","138","0","1"
"18-29 years","Unknown","491","0","4"
"30-39 years","Unknown","318","0","3"
"40-49 years","Unknown","275","0","2"
"50-59 years","Unknown","243","2","5"
"60-69 years","Unknown","147","2","7"
"70-79 years","Unknown","102","2","10"
"80 & Older years","Unknown","47","1","4"
"<1 years","Unknown","17","0","0"
"Unknown years","Unknown","62","0","3"
"01-04 years","Upson","17","0","0"
"05-09 years","Upson","22","0","0"
"10-17 years","Upson","50","0","1"
"18-29 years","Upson","130","0","4"
"30-39 years","Upson","87","1","3"
"40-49 years","Upson","108","1","6"
"50-59 years","Upson","136","4","14"
"60-69 years","Upson","122","15","22"
"70-79 years","Upson","93","25","26"
"80 & Older years","Upson","73","25","21"
"<1 years","Upson","3","0","0"
"Unknown years","Upson","2","0","0"
"01-04 years","Walker","12","0","0"
"05-09 years","Walker","30","0","0"
"10-17 years","Walker","149","0","1"
"18-29 years","Walker","338","0","1"
"30-39 years","Walker","263","0","6"
"40-49 years","Walker","307","3","10"
"50-59 years","Walker","263","1","15"
"60-69 years","Walker","243","8","23"
"70-79 years","Walker","160","20","23"
"80 & Older years","Walker","110","12","16"
"<1 years","Walker","10","0","0"
"Unknown years","Walker","25","0","2"
"01-04 years","Walton","16","0","0"
"05-09 years","Walton","39","0","1"
"10-17 years","Walton","168","0","2"
"18-29 years","Walton","456","0","12"
"30-39 years","Walton","350","0","17"
"40-49 years","Walton","343","1","28"
"50-59 years","Walton","388","4","40"
"60-69 years","Walton","247","9","36"
"70-79 years","Walton","201","18","51"
"80 & Older years","Walton","151","36","42"
"<1 years","Walton","5","0","1"
"Unknown years","Walton","1","0","0"
"01-04 years","Ware","41","0","1"
"05-09 years","Ware","37","0","0"
"10-17 years","Ware","123","0","2"
"18-29 years","Ware","353","0","3"
"30-39 years","Ware","283","0","12"
"40-49 years","Ware","218","2","19"
"50-59 years","Ware","242","4","38"
"60-69 years","Ware","174","7","30"
"70-79 years","Ware","153","23","55"
"80 & Older years","Ware","108","28","30"
"<1 years","Ware","8","0","0"
"Unknown years","Ware","5","0","1"
"01-04 years","Warren","4","0","0"
"05-09 years","Warren","1","0","0"
"10-17 years","Warren","9","0","0"
"18-29 years","Warren","25","0","2"
"30-39 years","Warren","25","0","2"
"40-49 years","Warren","22","0","4"
"50-59 years","Warren","31","1","5"
"60-69 years","Warren","21","2","5"
"70-79 years","Warren","17","1","6"
"80 & Older years","Warren","8","1","2"
"<1 years","Warren","2","0","1"
"Unknown years","Warren","2","0","0"
"01-04 years","Washington","11","0","0"
"05-09 years","Washington","10","0","0"
"10-17 years","Washington","51","0","1"
"18-29 years","Washington","146","0","4"
"30-39 years","Washington","118","0","6"
"40-49 years","Washington","160","1","6"
"50-59 years","Washington","106","1","9"
"60-69 years","Washington","93","6","10"
"70-79 years","Washington","53","3","10"
"80 & Older years","Washington","18","2","4"
"<1 years","Washington","8","0","0"
"Unknown years","Washington","2","0","0"
"01-04 years","Wayne","14","0","0"
"05-09 years","Wayne","6","0","0"
"10-17 years","Wayne","60","0","0"
"18-29 years","Wayne","204","1","6"
"30-39 years","Wayne","203","0","3"
"40-49 years","Wayne","236","0","19"
"50-59 years","Wayne","188","3","11"
"60-69 years","Wayne","137","7","29"
"70-79 years","Wayne","131","12","36"
"80 & Older years","Wayne","68","10","14"
"<1 years","Wayne","1","0","0"
"Unknown years","Wayne","6","0","0"
"18-29 years","Webster","9","0","1"
"30-39 years","Webster","3","0","0"
"40-49 years","Webster","7","0","2"
"50-59 years","Webster","10","2","4"
"60-69 years","Webster","9","0","3"
"70-79 years","Webster","4","0","0"
"Unknown years","Webster","2","0","0"
"05-09 years","Wheeler","2","0","0"
"10-17 years","Wheeler","12","0","0"
"18-29 years","Wheeler","35","0","0"
"30-39 years","Wheeler","60","2","2"
"40-49 years","Wheeler","68","1","3"
"50-59 years","Wheeler","76","5","5"
"60-69 years","Wheeler","48","3","5"
"70-79 years","Wheeler","33","3","6"
"80 & Older years","Wheeler","8","1","1"
"<1 years","Wheeler","1","0","0"
"Unknown years","Wheeler","26","2","1"
"01-04 years","White","9","0","0"
"05-09 years","White","14","0","0"
"10-17 years","White","65","0","1"
"18-29 years","White","169","1","4"
"30-39 years","White","123","1","4"
"40-49 years","White","144","1","6"
"50-59 years","White","154","1","14"
"60-69 years","White","140","3","25"
"70-79 years","White","107","4","29"
"80 & Older years","White","72","12","23"
"<1 years","White","4","0","0"
"Unknown years","White","10","0","0"
"01-04 years","Whitfield","69","0","2"
"05-09 years","Whitfield","101","0","1"
"10-17 years","Whitfield","421","0","1"
"18-29 years","Whitfield","1528","0","23"
"30-39 years","Whitfield","898","1","28"
"40-49 years","Whitfield","941","1","39"
"50-59 years","Whitfield","778","10","48"
"60-69 years","Whitfield","420","15","60"
"70-79 years","Whitfield","219","13","43"
"80 & Older years","Whitfield","112","24","29"
"<1 years","Whitfield","31","0","3"
"Unknown years","Whitfield","4","0","0"
"01-04 years","Wilcox","8","0","0"
"05-09 years","Wilcox","1","0","0"
"10-17 years","Wilcox","11","0","0"
"18-29 years","Wilcox","16","0","0"
"30-39 years","Wilcox","19","0","1"
"40-49 years","Wilcox","46","0","11"
"50-59 years","Wilcox","39","0","9"
"60-69 years","Wilcox","64","9","19"
"70-79 years","Wilcox","36","9","8"
"80 & Older years","Wilcox","16","7","4"
"<1 years","Wilcox","1","0","0"
"01-04 years","Wilkes","3","0","0"
"05-09 years","Wilkes","6","0","0"
"10-17 years","Wilkes","28","0","0"
"18-29 years","Wilkes","60","0","0"
"30-39 years","Wilkes","46","0","4"
"40-49 years","Wilkes","47","0","6"
"50-59 years","Wilkes","54","1","2"
"60-69 years","Wilkes","25","0","4"
"70-79 years","Wilkes","24","1","9"
"80 & Older years","Wilkes","10","4","7"
"01-04 years","Wilkinson","4","0","0"
"05-09 years","Wilkinson","7","0","0"
"10-17 years","Wilkinson","11","0","0"
"18-29 years","Wilkinson","62","0","2"
"30-39 years","Wilkinson","48","0","4"
"40-49 years","Wilkinson","38","0","2"
"50-59 years","Wilkinson","73","3","16"
"60-69 years","Wilkinson","74","5","20"
"70-79 years","Wilkinson","31","6","14"
"80 & Older years","Wilkinson","20","3","10"
"01-04 years","Worth","7","0","0"
"05-09 years","Worth","5","0","0"
"10-17 years","Worth","30","0","4"
"18-29 years","Worth","104","0","5"
"30-39 years","Worth","64","0","5"
"40-49 years","Worth","80","1","11"
"50-59 years","Worth","104","4","18"
"60-69 years","Worth","102","13","32"
"70-79 years","Worth","62","8","17"
"80 & Older years","Worth","47","7","12"
"<1 years","Worth","3","0","0"
"Unknown years","Worth","1","0","0"
