"age group","county name","cases","deaths","hospitalization"
"01-04 years","Georgia","4698","1","98"
"05-09 years","Georgia","7051","1","68"
"10-17 years","Georgia","25517","5","312"
"18-29 years","Georgia","100142","62","2278"
"30-39 years","Georgia","66142","140","3009"
"40-49 years","Georgia","63156","334","4307"
"50-59 years","Georgia","58694","806","6091"
"60-69 years","Georgia","39585","1725","6952"
"70-79 years","Georgia","23023","2386","6071"
"80 & Older years","Georgia","14433","3184","4758"
"<1 years","Georgia","1415","0","83"
"Unknown years","Georgia","2364","0","56"
"01-04 years","Appling","15","0","0"
"05-09 years","Appling","35","0","0"
"10-17 years","Appling","101","0","1"
"18-29 years","Appling","230","1","4"
"30-39 years","Appling","179","1","5"
"40-49 years","Appling","171","2","13"
"50-59 years","Appling","189","5","16"
"60-69 years","Appling","153","8","30"
"70-79 years","Appling","102","11","22"
"80 & Older years","Appling","43","10","14"
"<1 years","Appling","3","0","0"
"Unknown years","Appling","1","0","0"
"01-04 years","Atkinson","3","0","1"
"05-09 years","Atkinson","11","0","1"
"10-17 years","Atkinson","24","0","0"
"18-29 years","Atkinson","114","0","7"
"30-39 years","Atkinson","87","0","6"
"40-49 years","Atkinson","89","0","11"
"50-59 years","Atkinson","87","1","15"
"60-69 years","Atkinson","56","4","15"
"70-79 years","Atkinson","30","2","8"
"80 & Older years","Atkinson","9","2","6"
"<1 years","Atkinson","2","0","0"
"Unknown years","Atkinson","2","0","0"
"01-04 years","Bacon","11","0","0"
"05-09 years","Bacon","13","0","0"
"10-17 years","Bacon","42","0","0"
"18-29 years","Bacon","170","0","1"
"30-39 years","Bacon","85","0","3"
"40-49 years","Bacon","112","1","7"
"50-59 years","Bacon","102","2","13"
"60-69 years","Bacon","62","7","14"
"70-79 years","Bacon","39","4","8"
"80 & Older years","Bacon","21","5","6"
"<1 years","Bacon","4","0","0"
"Unknown years","Bacon","1","0","0"
"01-04 years","Baker","4","0","0"
"05-09 years","Baker","4","0","0"
"10-17 years","Baker","5","0","0"
"18-29 years","Baker","16","0","0"
"30-39 years","Baker","11","0","2"
"40-49 years","Baker","10","0","1"
"50-59 years","Baker","15","0","1"
"60-69 years","Baker","19","2","6"
"70-79 years","Baker","13","2","8"
"80 & Older years","Baker","6","2","3"
"01-04 years","Baldwin","13","0","0"
"05-09 years","Baldwin","29","0","0"
"10-17 years","Baldwin","95","0","2"
"18-29 years","Baldwin","977","0","11"
"30-39 years","Baldwin","268","1","10"
"40-49 years","Baldwin","291","2","24"
"50-59 years","Baldwin","303","8","35"
"60-69 years","Baldwin","246","14","41"
"70-79 years","Baldwin","149","18","32"
"80 & Older years","Baldwin","99","25","22"
"<1 years","Baldwin","5","0","0"
"Unknown years","Baldwin","1","0","0"
"01-04 years","Banks","5","0","0"
"05-09 years","Banks","9","0","0"
"10-17 years","Banks","53","0","0"
"18-29 years","Banks","121","0","3"
"30-39 years","Banks","88","0","1"
"40-49 years","Banks","96","0","10"
"50-59 years","Banks","105","0","11"
"60-69 years","Banks","96","3","17"
"70-79 years","Banks","66","4","26"
"80 & Older years","Banks","50","4","18"
"<1 years","Banks","2","0","0"
"Unknown years","Banks","13","0","1"
"01-04 years","Barrow","33","0","0"
"05-09 years","Barrow","53","0","0"
"10-17 years","Barrow","194","0","2"
"18-29 years","Barrow","682","1","25"
"30-39 years","Barrow","517","0","26"
"40-49 years","Barrow","536","3","40"
"50-59 years","Barrow","437","2","49"
"60-69 years","Barrow","295","11","63"
"70-79 years","Barrow","169","14","45"
"80 & Older years","Barrow","103","25","43"
"<1 years","Barrow","12","0","2"
"Unknown years","Barrow","10","0","0"
"01-04 years","Bartow","35","0","1"
"05-09 years","Bartow","72","0","1"
"10-17 years","Bartow","360","0","2"
"18-29 years","Bartow","859","0","9"
"30-39 years","Bartow","675","2","24"
"40-49 years","Bartow","673","0","35"
"50-59 years","Bartow","703","7","72"
"60-69 years","Bartow","418","16","73"
"70-79 years","Bartow","285","30","75"
"80 & Older years","Bartow","183","44","63"
"<1 years","Bartow","15","0","1"
"Unknown years","Bartow","14","0","3"
"01-04 years","Ben Hill","21","0","1"
"05-09 years","Ben Hill","16","0","0"
"10-17 years","Ben Hill","58","0","0"
"18-29 years","Ben Hill","150","0","4"
"30-39 years","Ben Hill","148","2","5"
"40-49 years","Ben Hill","115","0","5"
"50-59 years","Ben Hill","146","2","20"
"60-69 years","Ben Hill","135","9","19"
"70-79 years","Ben Hill","93","14","33"
"80 & Older years","Ben Hill","34","8","8"
"<1 years","Ben Hill","2","0","0"
"Unknown years","Ben Hill","4","0","0"
"01-04 years","Berrien","10","0","0"
"05-09 years","Berrien","10","0","0"
"10-17 years","Berrien","32","0","0"
"18-29 years","Berrien","111","0","0"
"30-39 years","Berrien","89","0","0"
"40-49 years","Berrien","78","0","1"
"50-59 years","Berrien","83","1","11"
"60-69 years","Berrien","59","3","6"
"70-79 years","Berrien","40","5","4"
"80 & Older years","Berrien","30","8","6"
"<1 years","Berrien","1","0","0"
"Unknown years","Berrien","12","0","0"
"01-04 years","Bibb","83","0","2"
"05-09 years","Bibb","111","0","0"
"10-17 years","Bibb","319","0","6"
"18-29 years","Bibb","1690","1","53"
"30-39 years","Bibb","1165","4","65"
"40-49 years","Bibb","1118","10","123"
"50-59 years","Bibb","1019","12","144"
"60-69 years","Bibb","837","46","230"
"70-79 years","Bibb","484","61","168"
"80 & Older years","Bibb","318","83","143"
"<1 years","Bibb","27","0","4"
"Unknown years","Bibb","7","0","0"
"01-04 years","Bleckley","2","0","0"
"05-09 years","Bleckley","5","0","0"
"10-17 years","Bleckley","38","0","0"
"18-29 years","Bleckley","142","0","3"
"30-39 years","Bleckley","59","0","1"
"40-49 years","Bleckley","68","1","1"
"50-59 years","Bleckley","71","2","3"
"60-69 years","Bleckley","53","7","9"
"70-79 years","Bleckley","47","2","10"
"80 & Older years","Bleckley","58","17","9"
"<1 years","Bleckley","1","0","0"
"01-04 years","Brantley","10","0","0"
"05-09 years","Brantley","6","0","0"
"10-17 years","Brantley","48","0","1"
"18-29 years","Brantley","98","0","1"
"30-39 years","Brantley","65","0","3"
"40-49 years","Brantley","77","0","4"
"50-59 years","Brantley","85","1","10"
"60-69 years","Brantley","65","3","8"
"70-79 years","Brantley","38","6","10"
"80 & Older years","Brantley","30","5","7"
"<1 years","Brantley","1","0","0"
"01-04 years","Brooks","13","0","0"
"05-09 years","Brooks","10","0","0"
"10-17 years","Brooks","47","0","0"
"18-29 years","Brooks","111","0","0"
"30-39 years","Brooks","82","0","2"
"40-49 years","Brooks","66","0","8"
"50-59 years","Brooks","85","2","14"
"60-69 years","Brooks","62","6","11"
"70-79 years","Brooks","53","9","16"
"80 & Older years","Brooks","35","9","5"
"<1 years","Brooks","2","0","0"
"01-04 years","Bryan","24","0","0"
"05-09 years","Bryan","26","0","0"
"10-17 years","Bryan","100","0","0"
"18-29 years","Bryan","291","0","8"
"30-39 years","Bryan","246","1","7"
"40-49 years","Bryan","248","0","11"
"50-59 years","Bryan","200","3","18"
"60-69 years","Bryan","130","4","21"
"70-79 years","Bryan","82","5","25"
"80 & Older years","Bryan","44","3","10"
"<1 years","Bryan","5","0","0"
"Unknown years","Bryan","5","0","0"
"01-04 years","Bulloch","38","0","0"
"05-09 years","Bulloch","45","0","0"
"10-17 years","Bulloch","166","0","2"
"18-29 years","Bulloch","1689","0","7"
"30-39 years","Bulloch","362","2","18"
"40-49 years","Bulloch","296","2","20"
"50-59 years","Bulloch","285","1","22"
"60-69 years","Bulloch","191","12","33"
"70-79 years","Bulloch","101","10","26"
"80 & Older years","Bulloch","68","8","21"
"<1 years","Bulloch","14","0","2"
"Unknown years","Bulloch","12","0","0"
"01-04 years","Burke","13","0","0"
"05-09 years","Burke","28","0","0"
"10-17 years","Burke","68","0","1"
"18-29 years","Burke","197","0","5"
"30-39 years","Burke","152","0","4"
"40-49 years","Burke","157","1","7"
"50-59 years","Burke","154","1","22"
"60-69 years","Burke","114","4","26"
"70-79 years","Burke","71","2","19"
"80 & Older years","Burke","21","4","9"
"<1 years","Burke","4","0","0"
"Unknown years","Burke","2","0","0"
"01-04 years","Butts","7","0","0"
"05-09 years","Butts","10","0","0"
"10-17 years","Butts","47","0","1"
"18-29 years","Butts","146","0","2"
"30-39 years","Butts","147","0","7"
"40-49 years","Butts","130","2","9"
"50-59 years","Butts","126","3","14"
"60-69 years","Butts","101","7","15"
"70-79 years","Butts","64","11","8"
"80 & Older years","Butts","73","22","4"
"<1 years","Butts","3","0","0"
"Unknown years","Butts","2","0","0"
"01-04 years","Calhoun","1","0","0"
"10-17 years","Calhoun","10","0","0"
"18-29 years","Calhoun","36","0","4"
"30-39 years","Calhoun","41","2","5"
"40-49 years","Calhoun","59","1","7"
"50-59 years","Calhoun","48","2","9"
"60-69 years","Calhoun","47","2","15"
"70-79 years","Calhoun","16","2","5"
"80 & Older years","Calhoun","11","2","5"
"<1 years","Calhoun","1","0","0"
"01-04 years","Camden","23","0","0"
"05-09 years","Camden","18","0","0"
"10-17 years","Camden","105","0","0"
"18-29 years","Camden","440","0","4"
"30-39 years","Camden","268","0","10"
"40-49 years","Camden","222","1","10"
"50-59 years","Camden","263","1","12"
"60-69 years","Camden","176","5","15"
"70-79 years","Camden","94","0","13"
"80 & Older years","Camden","56","11","16"
"<1 years","Camden","7","0","1"
"Unknown years","Camden","9","0","0"
"01-04 years","Candler","8","0","0"
"05-09 years","Candler","9","0","0"
"10-17 years","Candler","46","0","0"
"18-29 years","Candler","101","0","0"
"30-39 years","Candler","81","0","3"
"40-49 years","Candler","94","2","1"
"50-59 years","Candler","100","5","8"
"60-69 years","Candler","75","6","13"
"70-79 years","Candler","44","10","13"
"80 & Older years","Candler","18","3","8"
"<1 years","Candler","2","0","0"
"Unknown years","Candler","2","0","0"
"01-04 years","Carroll","53","0","1"
"05-09 years","Carroll","60","0","1"
"10-17 years","Carroll","304","0","3"
"18-29 years","Carroll","1015","0","8"
"30-39 years","Carroll","564","4","16"
"40-49 years","Carroll","560","4","19"
"50-59 years","Carroll","568","9","43"
"60-69 years","Carroll","409","14","52"
"70-79 years","Carroll","240","25","46"
"80 & Older years","Carroll","165","27","30"
"<1 years","Carroll","16","0","0"
"Unknown years","Carroll","27","0","0"
"01-04 years","Catoosa","29","0","0"
"05-09 years","Catoosa","34","0","0"
"10-17 years","Catoosa","174","0","1"
"18-29 years","Catoosa","352","0","5"
"30-39 years","Catoosa","269","0","3"
"40-49 years","Catoosa","323","1","10"
"50-59 years","Catoosa","272","5","11"
"60-69 years","Catoosa","213","4","26"
"70-79 years","Catoosa","134","10","23"
"80 & Older years","Catoosa","92","9","17"
"<1 years","Catoosa","7","0","0"
"Unknown years","Catoosa","22","0","0"
"01-04 years","Charlton","9","0","0"
"05-09 years","Charlton","16","0","0"
"10-17 years","Charlton","27","0","0"
"18-29 years","Charlton","127","0","1"
"30-39 years","Charlton","151","0","2"
"40-49 years","Charlton","132","2","7"
"50-59 years","Charlton","96","0","2"
"60-69 years","Charlton","84","3","8"
"70-79 years","Charlton","28","4","7"
"80 & Older years","Charlton","12","2","7"
"<1 years","Charlton","2","0","0"
"Unknown years","Charlton","1","0","0"
"01-04 years","Chatham","170","0","0"
"05-09 years","Chatham","187","1","0"
"10-17 years","Chatham","620","0","11"
"18-29 years","Chatham","2838","2","40"
"30-39 years","Chatham","1839","4","77"
"40-49 years","Chatham","1387","8","91"
"50-59 years","Chatham","1319","21","149"
"60-69 years","Chatham","1012","41","192"
"70-79 years","Chatham","543","51","181"
"80 & Older years","Chatham","348","72","142"
"<1 years","Chatham","39","0","3"
"Unknown years","Chatham","56","0","2"
"01-04 years","Chattahoochee","3","0","0"
"05-09 years","Chattahoochee","2","0","0"
"10-17 years","Chattahoochee","94","0","1"
"18-29 years","Chattahoochee","1613","0","1"
"30-39 years","Chattahoochee","131","0","1"
"40-49 years","Chattahoochee","32","0","0"
"50-59 years","Chattahoochee","18","0","5"
"60-69 years","Chattahoochee","9","0","3"
"70-79 years","Chattahoochee","5","0","2"
"80 & Older years","Chattahoochee","4","1","2"
"<1 years","Chattahoochee","7","0","0"
"Unknown years","Chattahoochee","2","0","0"
"01-04 years","Chattooga","5","0","0"
"05-09 years","Chattooga","13","0","0"
"10-17 years","Chattooga","86","0","0"
"18-29 years","Chattooga","187","0","2"
"30-39 years","Chattooga","164","0","5"
"40-49 years","Chattooga","169","1","5"
"50-59 years","Chattooga","165","2","7"
"60-69 years","Chattooga","137","7","19"
"70-79 years","Chattooga","84","7","20"
"80 & Older years","Chattooga","70","14","16"
"<1 years","Chattooga","3","0","1"
"Unknown years","Chattooga","9","0","1"
"01-04 years","Cherokee","82","0","5"
"05-09 years","Cherokee","170","0","3"
"10-17 years","Cherokee","872","0","2"
"18-29 years","Cherokee","2035","1","44"
"30-39 years","Cherokee","1259","1","58"
"40-49 years","Cherokee","1420","2","72"
"50-59 years","Cherokee","1399","9","98"
"60-69 years","Cherokee","744","17","102"
"70-79 years","Cherokee","448","24","96"
"80 & Older years","Cherokee","283","57","105"
"<1 years","Cherokee","22","0","0"
"Unknown years","Cherokee","27","0","0"
"01-04 years","Clarke","68","0","0"
"05-09 years","Clarke","86","0","1"
"10-17 years","Clarke","260","0","4"
"18-29 years","Clarke","3691","0","17"
"30-39 years","Clarke","712","1","24"
"40-49 years","Clarke","532","1","27"
"50-59 years","Clarke","501","4","39"
"60-69 years","Clarke","342","12","62"
"70-79 years","Clarke","168","20","64"
"80 & Older years","Clarke","89","15","31"
"<1 years","Clarke","18","0","1"
"Unknown years","Clarke","10","0","0"
"01-04 years","Clay","1","0","0"
"05-09 years","Clay","2","0","0"
"10-17 years","Clay","10","0","0"
"18-29 years","Clay","22","0","0"
"30-39 years","Clay","21","0","1"
"40-49 years","Clay","19","0","0"
"50-59 years","Clay","16","0","1"
"60-69 years","Clay","16","1","2"
"70-79 years","Clay","7","0","0"
"80 & Older years","Clay","11","2","5"
"01-04 years","Clayton","145","0","5"
"05-09 years","Clayton","184","0","4"
"10-17 years","Clayton","505","0","14"
"18-29 years","Clayton","2151","3","63"
"30-39 years","Clayton","1838","6","94"
"40-49 years","Clayton","1561","18","118"
"50-59 years","Clayton","1472","26","165"
"60-69 years","Clayton","956","48","142"
"70-79 years","Clayton","417","41","92"
"80 & Older years","Clayton","227","50","56"
"<1 years","Clayton","29","0","1"
"Unknown years","Clayton","17","0","0"
"01-04 years","Clinch","9","0","0"
"05-09 years","Clinch","10","0","0"
"10-17 years","Clinch","58","0","0"
"18-29 years","Clinch","94","0","2"
"30-39 years","Clinch","67","1","4"
"40-49 years","Clinch","68","0","1"
"50-59 years","Clinch","64","0","8"
"60-69 years","Clinch","72","6","9"
"70-79 years","Clinch","31","6","10"
"80 & Older years","Clinch","13","0","2"
"<1 years","Clinch","1","0","0"
"Unknown years","Clinch","1","0","0"
"01-04 years","Cobb","262","1","10"
"05-09 years","Cobb","360","0","3"
"10-17 years","Cobb","1279","0","19"
"18-29 years","Cobb","7122","4","176"
"30-39 years","Cobb","4320","10","194"
"40-49 years","Cobb","4028","20","313"
"50-59 years","Cobb","3600","29","402"
"60-69 years","Cobb","2158","69","383"
"70-79 years","Cobb","1228","149","325"
"80 & Older years","Cobb","836","206","285"
"<1 years","Cobb","79","0","7"
"Unknown years","Cobb","165","0","2"
"01-04 years","Coffee","44","0","2"
"05-09 years","Coffee","45","0","3"
"10-17 years","Coffee","136","0","1"
"18-29 years","Coffee","494","0","11"
"30-39 years","Coffee","366","2","22"
"40-49 years","Coffee","410","2","49"
"50-59 years","Coffee","403","4","72"
"60-69 years","Coffee","353","18","84"
"70-79 years","Coffee","166","20","64"
"80 & Older years","Coffee","102","23","55"
"<1 years","Coffee","8","0","0"
"Unknown years","Coffee","6","0","0"
"01-04 years","Colquitt","31","0","0"
"05-09 years","Colquitt","49","0","1"
"10-17 years","Colquitt","193","0","4"
"18-29 years","Colquitt","509","0","16"
"30-39 years","Colquitt","361","0","16"
"40-49 years","Colquitt","348","4","31"
"50-59 years","Colquitt","304","10","29"
"60-69 years","Colquitt","209","9","30"
"70-79 years","Colquitt","114","6","31"
"80 & Older years","Colquitt","65","12","19"
"<1 years","Colquitt","8","0","0"
"Unknown years","Colquitt","4","0","0"
"01-04 years","Columbia","37","0","1"
"05-09 years","Columbia","93","0","0"
"10-17 years","Columbia","439","0","1"
"18-29 years","Columbia","1166","0","10"
"30-39 years","Columbia","889","2","13"
"40-49 years","Columbia","908","5","24"
"50-59 years","Columbia","777","10","48"
"60-69 years","Columbia","477","9","50"
"70-79 years","Columbia","255","21","38"
"80 & Older years","Columbia","147","24","38"
"<1 years","Columbia","14","0","1"
"Unknown years","Columbia","2","0","0"
"01-04 years","Cook","8","0","0"
"05-09 years","Cook","13","0","0"
"10-17 years","Cook","71","0","1"
"18-29 years","Cook","149","0","2"
"30-39 years","Cook","116","0","4"
"40-49 years","Cook","119","0","11"
"50-59 years","Cook","91","1","15"
"60-69 years","Cook","72","3","11"
"70-79 years","Cook","58","9","16"
"80 & Older years","Cook","19","3","7"
"<1 years","Cook","5","0","0"
"Unknown years","Cook","5","0","0"
"01-04 years","Coweta","42","0","0"
"05-09 years","Coweta","61","0","0"
"10-17 years","Coweta","216","0","0"
"18-29 years","Coweta","739","1","12"
"30-39 years","Coweta","514","0","14"
"40-49 years","Coweta","535","3","21"
"50-59 years","Coweta","612","7","33"
"60-69 years","Coweta","375","15","31"
"70-79 years","Coweta","213","16","32"
"80 & Older years","Coweta","133","25","22"
"<1 years","Coweta","11","0","0"
"Unknown years","Coweta","3","0","0"
"01-04 years","Crawford","1","0","0"
"05-09 years","Crawford","1","0","0"
"10-17 years","Crawford","11","0","0"
"18-29 years","Crawford","42","0","1"
"30-39 years","Crawford","30","0","2"
"40-49 years","Crawford","22","0","2"
"50-59 years","Crawford","52","1","7"
"60-69 years","Crawford","43","3","10"
"70-79 years","Crawford","11","2","3"
"80 & Older years","Crawford","7","0","3"
"01-04 years","Crisp","9","0","0"
"05-09 years","Crisp","10","0","0"
"10-17 years","Crisp","37","0","0"
"18-29 years","Crisp","116","0","7"
"30-39 years","Crisp","118","0","8"
"40-49 years","Crisp","103","1","9"
"50-59 years","Crisp","99","3","15"
"60-69 years","Crisp","109","8","21"
"70-79 years","Crisp","52","7","21"
"80 & Older years","Crisp","33","7","9"
"<1 years","Crisp","5","0","0"
"Unknown years","Crisp","9","0","0"
"01-04 years","Dade","2","0","0"
"05-09 years","Dade","12","0","0"
"10-17 years","Dade","42","0","0"
"18-29 years","Dade","92","0","1"
"30-39 years","Dade","63","0","1"
"40-49 years","Dade","79","0","3"
"50-59 years","Dade","76","1","6"
"60-69 years","Dade","52","0","2"
"70-79 years","Dade","36","5","9"
"80 & Older years","Dade","7","1","3"
"<1 years","Dade","4","0","0"
"Unknown years","Dade","9","0","1"
"01-04 years","Dawson","6","0","0"
"05-09 years","Dawson","12","0","0"
"10-17 years","Dawson","81","0","3"
"18-29 years","Dawson","241","0","7"
"30-39 years","Dawson","142","0","3"
"40-49 years","Dawson","138","0","12"
"50-59 years","Dawson","180","0","12"
"60-69 years","Dawson","140","1","30"
"70-79 years","Dawson","74","7","19"
"80 & Older years","Dawson","28","3","8"
"<1 years","Dawson","5","0","0"
"Unknown years","Dawson","8","0","2"
"01-04 years","DeKalb","312","0","9"
"05-09 years","DeKalb","404","0","4"
"10-17 years","DeKalb","1226","0","32"
"18-29 years","DeKalb","6122","7","247"
"30-39 years","DeKalb","5124","13","331"
"40-49 years","DeKalb","4043","21","357"
"50-59 years","DeKalb","3552","50","479"
"60-69 years","DeKalb","2158","93","480"
"70-79 years","DeKalb","1154","118","363"
"80 & Older years","DeKalb","675","128","231"
"<1 years","DeKalb","83","0","5"
"Unknown years","DeKalb","245","0","6"
"01-04 years","Decatur","31","0","1"
"05-09 years","Decatur","42","0","0"
"10-17 years","Decatur","112","0","0"
"18-29 years","Decatur","280","1","6"
"30-39 years","Decatur","213","1","7"
"40-49 years","Decatur","212","0","14"
"50-59 years","Decatur","181","4","22"
"60-69 years","Decatur","137","9","24"
"70-79 years","Decatur","83","15","17"
"80 & Older years","Decatur","79","10","15"
"<1 years","Decatur","6","0","0"
"01-04 years","Dodge","4","0","0"
"05-09 years","Dodge","13","0","0"
"10-17 years","Dodge","46","1","1"
"18-29 years","Dodge","107","0","0"
"30-39 years","Dodge","63","0","1"
"40-49 years","Dodge","116","1","10"
"50-59 years","Dodge","131","3","9"
"60-69 years","Dodge","112","8","18"
"70-79 years","Dodge","63","10","10"
"80 & Older years","Dodge","47","13","12"
"<1 years","Dodge","2","0","0"
"Unknown years","Dodge","2","0","0"
"01-04 years","Dooly","8","0","0"
"05-09 years","Dooly","3","0","0"
"10-17 years","Dooly","16","0","0"
"18-29 years","Dooly","62","0","5"
"30-39 years","Dooly","58","0","7"
"40-49 years","Dooly","78","0","7"
"50-59 years","Dooly","71","4","11"
"60-69 years","Dooly","70","7","16"
"70-79 years","Dooly","32","4","10"
"80 & Older years","Dooly","13","3","3"
"<1 years","Dooly","1","0","0"
"Unknown years","Dooly","3","0","0"
"01-04 years","Dougherty","24","0","3"
"05-09 years","Dougherty","38","0","0"
"10-17 years","Dougherty","114","0","3"
"18-29 years","Dougherty","573","2","55"
"30-39 years","Dougherty","493","3","55"
"40-49 years","Dougherty","535","12","85"
"50-59 years","Dougherty","605","18","117"
"60-69 years","Dougherty","509","50","159"
"70-79 years","Dougherty","308","50","127"
"80 & Older years","Dougherty","188","64","82"
"<1 years","Dougherty","14","0","1"
"Unknown years","Dougherty","1","0","0"
"01-04 years","Douglas","48","0","1"
"05-09 years","Douglas","82","0","3"
"10-17 years","Douglas","271","0","3"
"18-29 years","Douglas","1016","0","36"
"30-39 years","Douglas","791","3","44"
"40-49 years","Douglas","901","4","74"
"50-59 years","Douglas","777","10","102"
"60-69 years","Douglas","443","16","102"
"70-79 years","Douglas","264","27","80"
"80 & Older years","Douglas","129","21","52"
"<1 years","Douglas","6","0","1"
"Unknown years","Douglas","36","0","0"
"01-04 years","Early","13","0","0"
"05-09 years","Early","13","0","0"
"10-17 years","Early","43","0","0"
"18-29 years","Early","98","0","3"
"30-39 years","Early","87","0","3"
"40-49 years","Early","103","1","7"
"50-59 years","Early","92","3","8"
"60-69 years","Early","73","10","10"
"70-79 years","Early","49","11","7"
"80 & Older years","Early","31","11","6"
"<1 years","Early","2","0","0"
"01-04 years","Echols","2","0","0"
"05-09 years","Echols","4","0","0"
"10-17 years","Echols","13","0","1"
"18-29 years","Echols","105","0","1"
"30-39 years","Echols","46","0","2"
"40-49 years","Echols","28","0","1"
"50-59 years","Echols","29","0","2"
"60-69 years","Echols","13","0","0"
"70-79 years","Echols","11","2","3"
"<1 years","Echols","1","0","0"
"Unknown years","Echols","3","0","0"
"01-04 years","Effingham","23","0","1"
"05-09 years","Effingham","44","0","0"
"10-17 years","Effingham","185","0","0"
"18-29 years","Effingham","413","0","2"
"30-39 years","Effingham","319","1","9"
"40-49 years","Effingham","341","0","16"
"50-59 years","Effingham","334","6","25"
"60-69 years","Effingham","203","3","29"
"70-79 years","Effingham","118","10","28"
"80 & Older years","Effingham","53","11","18"
"<1 years","Effingham","6","0","0"
"Unknown years","Effingham","6","0","1"
"01-04 years","Elbert","9","0","0"
"05-09 years","Elbert","17","0","0"
"10-17 years","Elbert","55","0","0"
"18-29 years","Elbert","165","0","0"
"30-39 years","Elbert","111","0","5"
"40-49 years","Elbert","127","0","7"
"50-59 years","Elbert","134","0","9"
"60-69 years","Elbert","103","0","14"
"70-79 years","Elbert","88","7","18"
"80 & Older years","Elbert","66","9","19"
"<1 years","Elbert","5","0","2"
"01-04 years","Emanuel","16","0","1"
"05-09 years","Emanuel","16","0","0"
"10-17 years","Emanuel","126","0","2"
"18-29 years","Emanuel","220","1","0"
"30-39 years","Emanuel","173","0","6"
"40-49 years","Emanuel","207","1","6"
"50-59 years","Emanuel","189","4","19"
"60-69 years","Emanuel","163","7","20"
"70-79 years","Emanuel","100","15","23"
"80 & Older years","Emanuel","48","14","15"
"<1 years","Emanuel","4","0","0"
"Unknown years","Emanuel","7","0","1"
"01-04 years","Evans","7","0","0"
"05-09 years","Evans","13","0","0"
"10-17 years","Evans","52","0","0"
"18-29 years","Evans","104","0","3"
"30-39 years","Evans","90","0","3"
"40-49 years","Evans","80","0","7"
"50-59 years","Evans","81","1","13"
"60-69 years","Evans","43","2","10"
"70-79 years","Evans","29","3","9"
"80 & Older years","Evans","14","1","2"
"<1 years","Evans","2","0","0"
"Unknown years","Evans","2","0","0"
"01-04 years","Fannin","6","0","0"
"05-09 years","Fannin","11","0","0"
"10-17 years","Fannin","51","0","0"
"18-29 years","Fannin","139","0","2"
"30-39 years","Fannin","95","0","4"
"40-49 years","Fannin","120","0","5"
"50-59 years","Fannin","152","4","10"
"60-69 years","Fannin","167","4","17"
"70-79 years","Fannin","122","1","19"
"80 & Older years","Fannin","76","20","25"
"<1 years","Fannin","3","0","0"
"Unknown years","Fannin","7","0","0"
"01-04 years","Fayette","21","0","0"
"05-09 years","Fayette","28","0","1"
"10-17 years","Fayette","165","0","1"
"18-29 years","Fayette","560","0","5"
"30-39 years","Fayette","285","0","6"
"40-49 years","Fayette","419","1","17"
"50-59 years","Fayette","435","4","28"
"60-69 years","Fayette","322","11","28"
"70-79 years","Fayette","175","21","37"
"80 & Older years","Fayette","98","24","26"
"<1 years","Fayette","2","0","0"
"Unknown years","Fayette","28","0","0"
"01-04 years","Floyd","62","0","1"
"05-09 years","Floyd","105","0","0"
"10-17 years","Floyd","480","0","7"
"18-29 years","Floyd","1025","0","13"
"30-39 years","Floyd","764","2","27"
"40-49 years","Floyd","740","1","38"
"50-59 years","Floyd","652","11","66"
"60-69 years","Floyd","466","18","88"
"70-79 years","Floyd","311","16","91"
"80 & Older years","Floyd","167","23","54"
"<1 years","Floyd","22","0","0"
"Unknown years","Floyd","53","0","2"
"01-04 years","Forsyth","58","0","1"
"05-09 years","Forsyth","128","0","0"
"10-17 years","Forsyth","532","0","1"
"18-29 years","Forsyth","1395","0","30"
"30-39 years","Forsyth","820","0","35"
"40-49 years","Forsyth","988","2","59"
"50-59 years","Forsyth","932","8","75"
"60-69 years","Forsyth","481","6","71"
"70-79 years","Forsyth","275","20","86"
"80 & Older years","Forsyth","167","24","60"
"<1 years","Forsyth","20","0","2"
"Unknown years","Forsyth","55","0","0"
"01-04 years","Franklin","7","0","0"
"05-09 years","Franklin","22","0","0"
"10-17 years","Franklin","94","0","3"
"18-29 years","Franklin","228","0","4"
"30-39 years","Franklin","155","0","2"
"40-49 years","Franklin","168","0","9"
"50-59 years","Franklin","174","0","13"
"60-69 years","Franklin","134","2","16"
"70-79 years","Franklin","77","9","16"
"80 & Older years","Franklin","38","8","13"
"<1 years","Franklin","3","0","1"
"Unknown years","Franklin","20","0","2"
"01-04 years","Fulton","344","0","12"
"05-09 years","Fulton","516","0","7"
"10-17 years","Fulton","1793","1","27"
"18-29 years","Fulton","10631","4","229"
"30-39 years","Fulton","7126","12","336"
"40-49 years","Fulton","5382","27","387"
"50-59 years","Fulton","4554","57","526"
"60-69 years","Fulton","2745","116","491"
"70-79 years","Fulton","1516","160","415"
"80 & Older years","Fulton","1155","279","399"
"<1 years","Fulton","98","0","4"
"Unknown years","Fulton","113","0","5"
"01-04 years","Gilmer","19","0","1"
"05-09 years","Gilmer","15","0","0"
"10-17 years","Gilmer","87","0","2"
"18-29 years","Gilmer","169","0","8"
"30-39 years","Gilmer","164","0","10"
"40-49 years","Gilmer","176","0","10"
"50-59 years","Gilmer","174","4","11"
"60-69 years","Gilmer","174","1","21"
"70-79 years","Gilmer","111","8","21"
"80 & Older years","Gilmer","69","13","19"
"<1 years","Gilmer","7","0","0"
"Unknown years","Gilmer","13","0","0"
"01-04 years","Glascock","1","0","0"
"05-09 years","Glascock","2","0","0"
"18-29 years","Glascock","11","0","0"
"30-39 years","Glascock","7","0","0"
"40-49 years","Glascock","11","0","0"
"50-59 years","Glascock","17","1","2"
"60-69 years","Glascock","8","0","0"
"80 & Older years","Glascock","5","1","3"
"<1 years","Glascock","1","0","0"
"01-04 years","Glynn","55","0","1"
"05-09 years","Glynn","108","0","1"
"10-17 years","Glynn","267","0","0"
"18-29 years","Glynn","929","0","15"
"30-39 years","Glynn","666","2","22"
"40-49 years","Glynn","554","3","28"
"50-59 years","Glynn","529","9","58"
"60-69 years","Glynn","445","22","87"
"70-79 years","Glynn","279","30","59"
"80 & Older years","Glynn","185","44","65"
"<1 years","Glynn","14","0","0"
"Unknown years","Glynn","32","0","0"
"01-04 years","Gordon","41","0","0"
"05-09 years","Gordon","49","0","0"
"10-17 years","Gordon","233","0","2"
"18-29 years","Gordon","615","0","7"
"30-39 years","Gordon","470","1","17"
"40-49 years","Gordon","506","1","17"
"50-59 years","Gordon","454","8","24"
"60-69 years","Gordon","286","9","21"
"70-79 years","Gordon","172","16","39"
"80 & Older years","Gordon","112","20","34"
"<1 years","Gordon","9","0","1"
"Unknown years","Gordon","5","0","0"
"01-04 years","Grady","16","0","1"
"05-09 years","Grady","24","0","0"
"10-17 years","Grady","81","0","2"
"18-29 years","Grady","152","0","7"
"30-39 years","Grady","146","0","5"
"40-49 years","Grady","144","0","18"
"50-59 years","Grady","122","4","17"
"60-69 years","Grady","92","3","18"
"70-79 years","Grady","83","8","23"
"80 & Older years","Grady","34","12","13"
"<1 years","Grady","3","0","1"
"Unknown years","Grady","4","0","0"
"01-04 years","Greene","8","0","0"
"05-09 years","Greene","20","0","0"
"10-17 years","Greene","40","0","0"
"18-29 years","Greene","142","0","4"
"30-39 years","Greene","86","0","5"
"40-49 years","Greene","76","3","7"
"50-59 years","Greene","78","3","7"
"60-69 years","Greene","78","2","9"
"70-79 years","Greene","60","5","13"
"80 & Older years","Greene","37","13","16"
"<1 years","Greene","2","0","1"
"Unknown years","Greene","1","0","0"
"01-04 years","Gwinnett","529","0","11"
"05-09 years","Gwinnett","755","0","11"
"10-17 years","Gwinnett","2380","1","44"
"18-29 years","Gwinnett","8778","1","355"
"30-39 years","Gwinnett","6158","11","389"
"40-49 years","Gwinnett","6483","34","507"
"50-59 years","Gwinnett","5151","56","540"
"60-69 years","Gwinnett","2764","93","511"
"70-79 years","Gwinnett","1206","99","351"
"80 & Older years","Gwinnett","785","189","348"
"<1 years","Gwinnett","133","0","4"
"Unknown years","Gwinnett","81","0","0"
"01-04 years","Habersham","16","0","2"
"05-09 years","Habersham","21","0","0"
"10-17 years","Habersham","114","1","5"
"18-29 years","Habersham","452","0","8"
"30-39 years","Habersham","310","2","20"
"40-49 years","Habersham","324","1","24"
"50-59 years","Habersham","341","4","30"
"60-69 years","Habersham","250","9","67"
"70-79 years","Habersham","177","16","52"
"80 & Older years","Habersham","151","44","46"
"<1 years","Habersham","4","0","1"
"Unknown years","Habersham","25","0","1"
"01-04 years","Hall","85","0","3"
"05-09 years","Hall","196","0","1"
"10-17 years","Hall","798","0","14"
"18-29 years","Hall","2780","3","102"
"30-39 years","Hall","1794","1","103"
"40-49 years","Hall","1873","7","163"
"50-59 years","Hall","1885","17","222"
"60-69 years","Hall","1151","37","210"
"70-79 years","Hall","719","43","197"
"80 & Older years","Hall","457","83","188"
"<1 years","Hall","18","0","5"
"Unknown years","Hall","185","0","7"
"01-04 years","Hancock","3","0","0"
"05-09 years","Hancock","3","0","0"
"10-17 years","Hancock","16","0","0"
"18-29 years","Hancock","56","0","2"
"30-39 years","Hancock","50","0","2"
"40-49 years","Hancock","65","1","4"
"50-59 years","Hancock","75","3","10"
"60-69 years","Hancock","90","12","20"
"70-79 years","Hancock","53","12","15"
"80 & Older years","Hancock","43","17","17"
"<1 years","Hancock","1","0","0"
"01-04 years","Haralson","10","0","0"
"05-09 years","Haralson","17","0","0"
"10-17 years","Haralson","78","0","1"
"18-29 years","Haralson","186","0","1"
"30-39 years","Haralson","124","0","2"
"40-49 years","Haralson","113","1","4"
"50-59 years","Haralson","117","0","1"
"60-69 years","Haralson","104","7","14"
"70-79 years","Haralson","63","8","13"
"80 & Older years","Haralson","33","3","3"
"<1 years","Haralson","5","0","0"
"Unknown years","Haralson","1","0","0"
"01-04 years","Harris","12","0","0"
"05-09 years","Harris","10","0","0"
"10-17 years","Harris","75","0","2"
"18-29 years","Harris","149","0","2"
"30-39 years","Harris","103","0","5"
"40-49 years","Harris","152","2","7"
"50-59 years","Harris","167","4","16"
"60-69 years","Harris","153","9","37"
"70-79 years","Harris","78","8","22"
"80 & Older years","Harris","26","4","6"
"<1 years","Harris","2","0","0"
"Unknown years","Harris","2","0","0"
"01-04 years","Hart","8","0","0"
"05-09 years","Hart","12","0","1"
"10-17 years","Hart","34","0","0"
"18-29 years","Hart","126","0","0"
"30-39 years","Hart","92","0","4"
"40-49 years","Hart","101","0","6"
"50-59 years","Hart","133","1","12"
"60-69 years","Hart","96","8","23"
"70-79 years","Hart","51","4","10"
"80 & Older years","Hart","43","7","21"
"<1 years","Hart","2","0","1"
"01-04 years","Heard","3","0","0"
"05-09 years","Heard","8","0","0"
"10-17 years","Heard","25","0","1"
"18-29 years","Heard","53","0","0"
"30-39 years","Heard","29","0","1"
"40-49 years","Heard","48","0","2"
"50-59 years","Heard","43","0","2"
"60-69 years","Heard","38","2","5"
"70-79 years","Heard","23","3","5"
"80 & Older years","Heard","8","2","2"
"<1 years","Heard","1","0","0"
"Unknown years","Heard","1","0","0"
"01-04 years","Henry","64","0","2"
"05-09 years","Henry","116","0","1"
"10-17 years","Henry","426","0","3"
"18-29 years","Henry","1612","1","21"
"30-39 years","Henry","1261","3","31"
"40-49 years","Henry","1391","7","58"
"50-59 years","Henry","1247","12","77"
"60-69 years","Henry","650","25","52"
"70-79 years","Henry","341","36","50"
"80 & Older years","Henry","188","42","32"
"<1 years","Henry","15","0","2"
"Unknown years","Henry","11","0","0"
"01-04 years","Houston","42","0","1"
"05-09 years","Houston","68","0","1"
"10-17 years","Houston","238","0","3"
"18-29 years","Houston","930","3","22"
"30-39 years","Houston","774","1","39"
"40-49 years","Houston","726","2","62"
"50-59 years","Houston","627","9","74"
"60-69 years","Houston","405","26","83"
"70-79 years","Houston","233","36","86"
"80 & Older years","Houston","111","27","47"
"<1 years","Houston","11","0","1"
"Unknown years","Houston","1","0","0"
"01-04 years","Irwin","3","0","0"
"05-09 years","Irwin","7","0","0"
"10-17 years","Irwin","31","0","0"
"18-29 years","Irwin","68","0","3"
"30-39 years","Irwin","61","0","4"
"40-49 years","Irwin","74","0","4"
"50-59 years","Irwin","61","1","5"
"60-69 years","Irwin","48","1","13"
"70-79 years","Irwin","23","3","3"
"80 & Older years","Irwin","22","6","10"
"Unknown years","Irwin","3","0","0"
"01-04 years","Jackson","16","0","0"
"05-09 years","Jackson","63","0","0"
"10-17 years","Jackson","275","0","1"
"18-29 years","Jackson","601","0","9"
"30-39 years","Jackson","450","1","12"
"40-49 years","Jackson","478","1","37"
"50-59 years","Jackson","481","4","37"
"60-69 years","Jackson","270","5","33"
"70-79 years","Jackson","216","15","58"
"80 & Older years","Jackson","124","22","54"
"<1 years","Jackson","7","0","2"
"Unknown years","Jackson","11","0","1"
"05-09 years","Jasper","4","0","0"
"10-17 years","Jasper","10","0","0"
"18-29 years","Jasper","57","0","1"
"30-39 years","Jasper","42","0","0"
"40-49 years","Jasper","35","0","1"
"50-59 years","Jasper","58","0","8"
"60-69 years","Jasper","37","3","8"
"70-79 years","Jasper","18","1","3"
"80 & Older years","Jasper","6","0","0"
"<1 years","Jasper","2","0","0"
"01-04 years","Jeff Davis","21","0","1"
"05-09 years","Jeff Davis","22","0","0"
"10-17 years","Jeff Davis","64","0","2"
"18-29 years","Jeff Davis","168","0","3"
"30-39 years","Jeff Davis","140","0","7"
"40-49 years","Jeff Davis","136","0","11"
"50-59 years","Jeff Davis","122","4","11"
"60-69 years","Jeff Davis","88","6","18"
"70-79 years","Jeff Davis","53","12","16"
"80 & Older years","Jeff Davis","15","6","6"
"<1 years","Jeff Davis","2","0","1"
"Unknown years","Jeff Davis","2","0","0"
"01-04 years","Jefferson","16","0","0"
"05-09 years","Jefferson","23","0","0"
"10-17 years","Jefferson","59","0","0"
"18-29 years","Jefferson","160","0","3"
"30-39 years","Jefferson","116","0","6"
"40-49 years","Jefferson","130","3","9"
"50-59 years","Jefferson","164","2","16"
"60-69 years","Jefferson","129","7","19"
"70-79 years","Jefferson","94","13","22"
"80 & Older years","Jefferson","43","13","19"
"<1 years","Jefferson","4","0","0"
"Unknown years","Jefferson","4","0","0"
"01-04 years","Jenkins","6","0","0"
"05-09 years","Jenkins","10","0","0"
"10-17 years","Jenkins","40","0","0"
"18-29 years","Jenkins","79","0","2"
"30-39 years","Jenkins","47","1","4"
"40-49 years","Jenkins","74","2","8"
"50-59 years","Jenkins","81","6","14"
"60-69 years","Jenkins","62","5","11"
"70-79 years","Jenkins","41","12","20"
"80 & Older years","Jenkins","44","8","10"
"<1 years","Jenkins","2","0","0"
"01-04 years","Johnson","4","0","0"
"05-09 years","Johnson","5","0","0"
"10-17 years","Johnson","14","0","0"
"18-29 years","Johnson","75","0","2"
"30-39 years","Johnson","46","0","3"
"40-49 years","Johnson","57","1","6"
"50-59 years","Johnson","74","1","12"
"60-69 years","Johnson","76","7","16"
"70-79 years","Johnson","54","6","16"
"80 & Older years","Johnson","55","12","14"
"01-04 years","Jones","2","0","0"
"05-09 years","Jones","9","0","0"
"10-17 years","Jones","32","0","0"
"18-29 years","Jones","189","0","4"
"30-39 years","Jones","107","0","3"
"40-49 years","Jones","106","1","3"
"50-59 years","Jones","121","1","11"
"60-69 years","Jones","79","1","14"
"70-79 years","Jones","44","7","17"
"80 & Older years","Jones","36","10","7"
"<1 years","Jones","1","0","0"
"01-04 years","Lamar","10","0","0"
"05-09 years","Lamar","22","0","0"
"10-17 years","Lamar","41","0","1"
"18-29 years","Lamar","79","0","1"
"30-39 years","Lamar","66","0","2"
"40-49 years","Lamar","70","1","2"
"50-59 years","Lamar","74","1","11"
"60-69 years","Lamar","68","3","11"
"70-79 years","Lamar","54","5","11"
"80 & Older years","Lamar","33","13","12"
"<1 years","Lamar","4","0","0"
"Unknown years","Lamar","1","0","0"
"01-04 years","Lanier","5","0","0"
"05-09 years","Lanier","8","0","1"
"10-17 years","Lanier","20","0","1"
"18-29 years","Lanier","74","1","0"
"30-39 years","Lanier","85","0","1"
"40-49 years","Lanier","44","1","1"
"50-59 years","Lanier","44","0","3"
"60-69 years","Lanier","26","1","1"
"70-79 years","Lanier","14","4","4"
"80 & Older years","Lanier","10","0","4"
"<1 years","Lanier","3","0","0"
"01-04 years","Laurens","15","0","0"
"05-09 years","Laurens","19","0","0"
"10-17 years","Laurens","134","0","2"
"18-29 years","Laurens","392","0","6"
"30-39 years","Laurens","304","0","7"
"40-49 years","Laurens","316","3","17"
"50-59 years","Laurens","355","6","33"
"60-69 years","Laurens","297","23","48"
"70-79 years","Laurens","207","35","46"
"80 & Older years","Laurens","128","39","29"
"<1 years","Laurens","5","0","0"
"Unknown years","Laurens","5","0","0"
"01-04 years","Lee","7","0","0"
"05-09 years","Lee","11","0","2"
"10-17 years","Lee","52","0","1"
"18-29 years","Lee","133","1","7"
"30-39 years","Lee","154","1","13"
"40-49 years","Lee","143","3","17"
"50-59 years","Lee","138","6","26"
"60-69 years","Lee","90","7","16"
"70-79 years","Lee","46","9","18"
"80 & Older years","Lee","21","5","10"
"<1 years","Lee","3","0","0"
"01-04 years","Liberty","13","0","0"
"05-09 years","Liberty","25","0","1"
"10-17 years","Liberty","90","0","1"
"18-29 years","Liberty","364","1","10"
"30-39 years","Liberty","249","0","8"
"40-49 years","Liberty","230","0","11"
"50-59 years","Liberty","192","3","25"
"60-69 years","Liberty","155","8","27"
"70-79 years","Liberty","63","9","25"
"80 & Older years","Liberty","38","7","15"
"<1 years","Liberty","13","0","1"
"Unknown years","Liberty","5","0","0"
"01-04 years","Lincoln","4","0","0"
"05-09 years","Lincoln","8","0","0"
"10-17 years","Lincoln","14","0","0"
"18-29 years","Lincoln","55","0","2"
"30-39 years","Lincoln","36","0","1"
"40-49 years","Lincoln","49","0","5"
"50-59 years","Lincoln","34","0","3"
"60-69 years","Lincoln","38","2","9"
"70-79 years","Lincoln","26","1","7"
"80 & Older years","Lincoln","11","5","5"
"<1 years","Lincoln","2","0","0"
"01-04 years","Long","10","0","0"
"05-09 years","Long","3","0","0"
"10-17 years","Long","19","0","0"
"18-29 years","Long","57","0","0"
"30-39 years","Long","74","0","0"
"40-49 years","Long","42","0","2"
"50-59 years","Long","41","1","5"
"60-69 years","Long","33","1","3"
"70-79 years","Long","15","3","5"
"80 & Older years","Long","5","0","3"
"<1 years","Long","3","0","0"
"Unknown years","Long","2","0","0"
"01-04 years","Lowndes","77","0","0"
"05-09 years","Lowndes","109","0","0"
"10-17 years","Lowndes","394","0","4"
"18-29 years","Lowndes","1619","3","23"
"30-39 years","Lowndes","770","0","14"
"40-49 years","Lowndes","688","1","31"
"50-59 years","Lowndes","567","6","38"
"60-69 years","Lowndes","406","18","46"
"70-79 years","Lowndes","220","30","35"
"80 & Older years","Lowndes","131","36","37"
"<1 years","Lowndes","17","0","0"
"Unknown years","Lowndes","42","0","0"
"01-04 years","Lumpkin","5","0","0"
"05-09 years","Lumpkin","15","0","0"
"10-17 years","Lumpkin","61","0","2"
"18-29 years","Lumpkin","335","0","4"
"30-39 years","Lumpkin","133","0","5"
"40-49 years","Lumpkin","147","0","10"
"50-59 years","Lumpkin","159","2","16"
"60-69 years","Lumpkin","171","6","25"
"70-79 years","Lumpkin","125","5","29"
"80 & Older years","Lumpkin","47","6","22"
"<1 years","Lumpkin","3","0","1"
"Unknown years","Lumpkin","14","0","0"
"01-04 years","Macon","6","0","0"
"05-09 years","Macon","6","0","0"
"10-17 years","Macon","11","0","0"
"18-29 years","Macon","46","0","3"
"30-39 years","Macon","34","0","3"
"40-49 years","Macon","51","1","6"
"50-59 years","Macon","59","3","9"
"60-69 years","Macon","31","5","17"
"70-79 years","Macon","28","1","11"
"80 & Older years","Macon","12","4","6"
"<1 years","Macon","1","0","0"
"01-04 years","Madison","14","0","0"
"05-09 years","Madison","15","0","0"
"10-17 years","Madison","88","0","0"
"18-29 years","Madison","173","0","1"
"30-39 years","Madison","152","0","5"
"40-49 years","Madison","162","0","9"
"50-59 years","Madison","173","1","17"
"60-69 years","Madison","103","4","18"
"70-79 years","Madison","53","6","20"
"80 & Older years","Madison","20","2","2"
"<1 years","Madison","9","0","2"
"Unknown years","Madison","1","0","0"
"01-04 years","Marion","2","0","0"
"05-09 years","Marion","4","0","0"
"10-17 years","Marion","13","0","0"
"18-29 years","Marion","37","0","0"
"30-39 years","Marion","23","0","2"
"40-49 years","Marion","35","1","5"
"50-59 years","Marion","35","3","5"
"60-69 years","Marion","28","3","3"
"70-79 years","Marion","18","1","3"
"80 & Older years","Marion","18","2","6"
"<1 years","Marion","1","0","0"
"01-04 years","McDuffie","4","0","0"
"05-09 years","McDuffie","8","0","0"
"10-17 years","McDuffie","43","0","0"
"18-29 years","McDuffie","163","0","3"
"30-39 years","McDuffie","113","1","2"
"40-49 years","McDuffie","127","2","10"
"50-59 years","McDuffie","132","2","16"
"60-69 years","McDuffie","99","4","15"
"70-79 years","McDuffie","65","7","26"
"80 & Older years","McDuffie","21","4","12"
"Unknown years","McDuffie","2","0","0"
"05-09 years","McIntosh","3","0","0"
"10-17 years","McIntosh","21","0","0"
"18-29 years","McIntosh","66","0","2"
"30-39 years","McIntosh","49","0","3"
"40-49 years","McIntosh","53","0","3"
"50-59 years","McIntosh","56","0","2"
"60-69 years","McIntosh","47","2","13"
"70-79 years","McIntosh","40","3","11"
"80 & Older years","McIntosh","7","2","2"
"<1 years","McIntosh","1","0","0"
"Unknown years","McIntosh","3","0","0"
"01-04 years","Meriwether","10","0","1"
"05-09 years","Meriwether","12","0","1"
"10-17 years","Meriwether","22","0","0"
"18-29 years","Meriwether","99","0","4"
"30-39 years","Meriwether","92","2","11"
"40-49 years","Meriwether","125","1","12"
"50-59 years","Meriwether","93","1","13"
"60-69 years","Meriwether","81","3","16"
"70-79 years","Meriwether","58","5","18"
"80 & Older years","Meriwether","36","7","9"
"<1 years","Meriwether","2","0","0"
"01-04 years","Miller","3","0","0"
"05-09 years","Miller","3","0","0"
"10-17 years","Miller","32","0","1"
"18-29 years","Miller","59","0","0"
"30-39 years","Miller","56","0","0"
"40-49 years","Miller","48","0","3"
"50-59 years","Miller","74","0","9"
"60-69 years","Miller","43","2","3"
"70-79 years","Miller","15","0","1"
"80 & Older years","Miller","10","0","3"
"<1 years","Miller","3","0","0"
"01-04 years","Mitchell","3","0","0"
"05-09 years","Mitchell","13","0","0"
"10-17 years","Mitchell","47","0","1"
"18-29 years","Mitchell","136","0","6"
"30-39 years","Mitchell","123","1","12"
"40-49 years","Mitchell","133","2","13"
"50-59 years","Mitchell","165","7","41"
"60-69 years","Mitchell","133","12","38"
"70-79 years","Mitchell","71","8","25"
"80 & Older years","Mitchell","57","18","20"
"Unknown years","Mitchell","3","0","1"
"01-04 years","Monroe","5","0","0"
"05-09 years","Monroe","8","0","1"
"10-17 years","Monroe","44","0","0"
"18-29 years","Monroe","144","0","1"
"30-39 years","Monroe","97","0","4"
"40-49 years","Monroe","124","1","9"
"50-59 years","Monroe","152","3","13"
"60-69 years","Monroe","129","9","25"
"70-79 years","Monroe","84","14","21"
"80 & Older years","Monroe","87","32","19"
"<1 years","Monroe","3","0","1"
"01-04 years","Montgomery","6","0","0"
"05-09 years","Montgomery","3","0","0"
"10-17 years","Montgomery","23","0","1"
"18-29 years","Montgomery","94","0","0"
"30-39 years","Montgomery","56","1","3"
"40-49 years","Montgomery","75","0","2"
"50-59 years","Montgomery","51","1","5"
"60-69 years","Montgomery","44","3","9"
"70-79 years","Montgomery","23","2","5"
"80 & Older years","Montgomery","10","2","2"
"<1 years","Montgomery","1","0","0"
"01-04 years","Morgan","14","0","0"
"05-09 years","Morgan","9","0","0"
"10-17 years","Morgan","47","0","0"
"18-29 years","Morgan","118","0","2"
"30-39 years","Morgan","75","0","5"
"40-49 years","Morgan","82","0","3"
"50-59 years","Morgan","97","0","9"
"60-69 years","Morgan","67","1","5"
"70-79 years","Morgan","30","1","9"
"80 & Older years","Morgan","27","5","12"
"<1 years","Morgan","5","0","0"
"Unknown years","Morgan","1","0","0"
"01-04 years","Murray","21","0","1"
"05-09 years","Murray","22","0","1"
"10-17 years","Murray","132","0","0"
"18-29 years","Murray","367","0","3"
"30-39 years","Murray","233","0","3"
"40-49 years","Murray","274","0","13"
"50-59 years","Murray","253","2","17"
"60-69 years","Murray","159","1","21"
"70-79 years","Murray","101","9","24"
"80 & Older years","Murray","47","9","8"
"<1 years","Murray","7","0","1"
"Unknown years","Murray","7","0","0"
"01-04 years","Muscogee","110","0","5"
"05-09 years","Muscogee","140","0","0"
"10-17 years","Muscogee","350","0","3"
"18-29 years","Muscogee","1759","3","40"
"30-39 years","Muscogee","1100","2","60"
"40-49 years","Muscogee","939","3","65"
"50-59 years","Muscogee","951","25","139"
"60-69 years","Muscogee","751","45","181"
"70-79 years","Muscogee","397","51","123"
"80 & Older years","Muscogee","231","58","103"
"<1 years","Muscogee","37","0","2"
"Unknown years","Muscogee","18","0","0"
"01-04 years","Newton","38","0","2"
"05-09 years","Newton","46","0","0"
"10-17 years","Newton","161","0","1"
"18-29 years","Newton","648","1","22"
"30-39 years","Newton","519","0","37"
"40-49 years","Newton","621","1","58"
"50-59 years","Newton","552","7","70"
"60-69 years","Newton","287","17","55"
"70-79 years","Newton","209","30","52"
"80 & Older years","Newton","172","50","47"
"<1 years","Newton","13","0","1"
"Unknown years","Newton","3","0","0"
"01-04 years","Non-GA Resident/Unknown State","171","0","1"
"05-09 years","Non-GA Resident/Unknown State","274","0","4"
"10-17 years","Non-GA Resident/Unknown State","951","0","7"
"18-29 years","Non-GA Resident/Unknown State","4320","4","47"
"30-39 years","Non-GA Resident/Unknown State","2711","3","53"
"40-49 years","Non-GA Resident/Unknown State","2310","6","60"
"50-59 years","Non-GA Resident/Unknown State","2084","21","122"
"60-69 years","Non-GA Resident/Unknown State","1405","53","154"
"70-79 years","Non-GA Resident/Unknown State","825","61","145"
"80 & Older years","Non-GA Resident/Unknown State","462","60","112"
"<1 years","Non-GA Resident/Unknown State","95","0","2"
"Unknown years","Non-GA Resident/Unknown State","520","0","4"
"01-04 years","Oconee","6","0","0"
"05-09 years","Oconee","15","0","0"
"10-17 years","Oconee","67","0","0"
"18-29 years","Oconee","257","0","3"
"30-39 years","Oconee","112","0","2"
"40-49 years","Oconee","151","0","10"
"50-59 years","Oconee","151","2","5"
"60-69 years","Oconee","103","9","18"
"70-79 years","Oconee","66","9","16"
"80 & Older years","Oconee","53","15","24"
"<1 years","Oconee","2","0","0"
"01-04 years","Oglethorpe","7","0","0"
"05-09 years","Oglethorpe","13","0","0"
"10-17 years","Oglethorpe","40","0","0"
"18-29 years","Oglethorpe","91","0","1"
"30-39 years","Oglethorpe","52","0","0"
"40-49 years","Oglethorpe","66","0","4"
"50-59 years","Oglethorpe","64","1","12"
"60-69 years","Oglethorpe","60","0","10"
"70-79 years","Oglethorpe","42","3","10"
"80 & Older years","Oglethorpe","39","9","12"
"<1 years","Oglethorpe","4","0","0"
"01-04 years","Paulding","47","0","1"
"05-09 years","Paulding","85","0","0"
"10-17 years","Paulding","322","0","5"
"18-29 years","Paulding","819","0","10"
"30-39 years","Paulding","601","1","15"
"40-49 years","Paulding","663","3","15"
"50-59 years","Paulding","612","9","34"
"60-69 years","Paulding","324","11","35"
"70-79 years","Paulding","202","21","42"
"80 & Older years","Paulding","136","29","20"
"<1 years","Paulding","9","0","0"
"Unknown years","Paulding","14","0","0"
"01-04 years","Peach","8","0","0"
"05-09 years","Peach","14","0","0"
"10-17 years","Peach","33","0","1"
"18-29 years","Peach","201","1","7"
"30-39 years","Peach","163","0","9"
"40-49 years","Peach","125","2","8"
"50-59 years","Peach","142","3","23"
"60-69 years","Peach","127","7","30"
"70-79 years","Peach","55","6","18"
"80 & Older years","Peach","34","8","14"
"<1 years","Peach","4","0","0"
"Unknown years","Peach","2","0","0"
"01-04 years","Pickens","15","0","1"
"05-09 years","Pickens","16","0","0"
"10-17 years","Pickens","48","0","0"
"18-29 years","Pickens","172","0","5"
"30-39 years","Pickens","127","0","5"
"40-49 years","Pickens","169","0","8"
"50-59 years","Pickens","173","0","12"
"60-69 years","Pickens","136","0","13"
"70-79 years","Pickens","81","6","20"
"80 & Older years","Pickens","37","7","11"
"<1 years","Pickens","1","0","0"
"Unknown years","Pickens","2","0","0"
"01-04 years","Pierce","6","0","0"
"05-09 years","Pierce","11","0","0"
"10-17 years","Pierce","53","1","1"
"18-29 years","Pierce","143","0","4"
"30-39 years","Pierce","90","0","3"
"40-49 years","Pierce","127","0","11"
"50-59 years","Pierce","107","3","10"
"60-69 years","Pierce","91","8","27"
"70-79 years","Pierce","63","6","21"
"80 & Older years","Pierce","35","8","10"
"<1 years","Pierce","3","0","0"
"Unknown years","Pierce","1","0","0"
"01-04 years","Pike","12","0","0"
"05-09 years","Pike","8","0","0"
"10-17 years","Pike","43","0","0"
"18-29 years","Pike","75","0","2"
"30-39 years","Pike","58","0","2"
"40-49 years","Pike","80","1","4"
"50-59 years","Pike","61","2","6"
"60-69 years","Pike","49","1","10"
"70-79 years","Pike","43","5","9"
"80 & Older years","Pike","13","3","4"
"<1 years","Pike","1","0","0"
"Unknown years","Pike","5","0","0"
"01-04 years","Polk","22","0","1"
"05-09 years","Polk","37","0","0"
"10-17 years","Polk","166","0","1"
"18-29 years","Polk","435","0","4"
"30-39 years","Polk","287","0","6"
"40-49 years","Polk","316","1","25"
"50-59 years","Polk","290","3","38"
"60-69 years","Polk","158","9","35"
"70-79 years","Polk","139","9","31"
"80 & Older years","Polk","71","11","25"
"<1 years","Polk","5","0","0"
"Unknown years","Polk","23","0","1"
"05-09 years","Pulaski","5","0","0"
"10-17 years","Pulaski","21","0","1"
"18-29 years","Pulaski","44","0","1"
"30-39 years","Pulaski","51","0","2"
"40-49 years","Pulaski","48","0","5"
"50-59 years","Pulaski","69","0","6"
"60-69 years","Pulaski","62","5","8"
"70-79 years","Pulaski","36","11","13"
"80 & Older years","Pulaski","31","8","4"
"<1 years","Pulaski","1","0","0"
"01-04 years","Putnam","11","0","0"
"05-09 years","Putnam","32","0","0"
"10-17 years","Putnam","55","0","1"
"18-29 years","Putnam","159","0","3"
"30-39 years","Putnam","104","0","4"
"40-49 years","Putnam","120","1","3"
"50-59 years","Putnam","142","2","10"
"60-69 years","Putnam","124","8","18"
"70-79 years","Putnam","85","9","22"
"80 & Older years","Putnam","51","10","16"
"<1 years","Putnam","5","0","0"
"01-04 years","Quitman","1","0","0"
"10-17 years","Quitman","2","0","0"
"18-29 years","Quitman","6","0","0"
"30-39 years","Quitman","4","0","1"
"40-49 years","Quitman","3","0","1"
"50-59 years","Quitman","6","0","0"
"60-69 years","Quitman","18","1","3"
"70-79 years","Quitman","2","0","1"
"80 & Older years","Quitman","2","0","1"
"01-04 years","Rabun","4","0","0"
"05-09 years","Rabun","6","0","0"
"10-17 years","Rabun","41","0","0"
"18-29 years","Rabun","101","0","5"
"30-39 years","Rabun","85","1","5"
"40-49 years","Rabun","65","0","3"
"50-59 years","Rabun","77","0","7"
"60-69 years","Rabun","86","1","16"
"70-79 years","Rabun","47","4","16"
"80 & Older years","Rabun","29","5","11"
"<1 years","Rabun","3","0","1"
"Unknown years","Rabun","4","0","0"
"05-09 years","Randolph","2","0","0"
"10-17 years","Randolph","4","0","0"
"18-29 years","Randolph","42","0","0"
"30-39 years","Randolph","50","2","3"
"40-49 years","Randolph","39","0","3"
"50-59 years","Randolph","74","3","15"
"60-69 years","Randolph","52","7","13"
"70-79 years","Randolph","32","3","10"
"80 & Older years","Randolph","46","15","16"
"<1 years","Randolph","1","0","0"
"Unknown years","Randolph","2","0","0"
"01-04 years","Richmond","89","0","0"
"05-09 years","Richmond","178","0","3"
"10-17 years","Richmond","548","0","3"
"18-29 years","Richmond","2205","3","27"
"30-39 years","Richmond","1612","3","48"
"40-49 years","Richmond","1371","13","70"
"50-59 years","Richmond","1332","17","111"
"60-69 years","Richmond","932","33","126"
"70-79 years","Richmond","525","41","136"
"80 & Older years","Richmond","354","84","159"
"<1 years","Richmond","39","0","2"
"Unknown years","Richmond","15","0","0"
"01-04 years","Rockdale","30","0","0"
"05-09 years","Rockdale","50","0","0"
"10-17 years","Rockdale","128","0","2"
"18-29 years","Rockdale","519","2","29"
"30-39 years","Rockdale","406","2","42"
"40-49 years","Rockdale","438","4","54"
"50-59 years","Rockdale","443","5","64"
"60-69 years","Rockdale","255","12","73"
"70-79 years","Rockdale","130","15","52"
"80 & Older years","Rockdale","66","10","26"
"<1 years","Rockdale","3","0","0"
"Unknown years","Rockdale","1","0","0"
"01-04 years","Schley","4","0","0"
"05-09 years","Schley","3","0","0"
"10-17 years","Schley","11","0","0"
"18-29 years","Schley","30","0","2"
"30-39 years","Schley","10","0","0"
"40-49 years","Schley","15","0","2"
"50-59 years","Schley","20","0","3"
"60-69 years","Schley","16","1","7"
"70-79 years","Schley","7","0","2"
"80 & Older years","Schley","3","1","1"
"<1 years","Schley","1","0","0"
"01-04 years","Screven","2","0","0"
"05-09 years","Screven","7","0","0"
"10-17 years","Screven","40","0","0"
"18-29 years","Screven","88","0","3"
"30-39 years","Screven","60","0","2"
"40-49 years","Screven","62","1","4"
"50-59 years","Screven","59","0","9"
"60-69 years","Screven","76","1","12"
"70-79 years","Screven","41","3","11"
"80 & Older years","Screven","29","6","8"
"<1 years","Screven","2","0","0"
"Unknown years","Screven","1","0","0"
"01-04 years","Seminole","11","0","0"
"05-09 years","Seminole","9","0","0"
"10-17 years","Seminole","40","0","0"
"18-29 years","Seminole","65","0","0"
"30-39 years","Seminole","52","0","0"
"40-49 years","Seminole","67","0","3"
"50-59 years","Seminole","75","1","6"
"60-69 years","Seminole","75","1","10"
"70-79 years","Seminole","46","5","8"
"80 & Older years","Seminole","21","5","10"
"<1 years","Seminole","2","0","0"
"01-04 years","Spalding","24","0","0"
"05-09 years","Spalding","21","0","0"
"10-17 years","Spalding","89","0","2"
"18-29 years","Spalding","320","0","12"
"30-39 years","Spalding","283","2","21"
"40-49 years","Spalding","274","2","23"
"50-59 years","Spalding","305","6","49"
"60-69 years","Spalding","244","12","41"
"70-79 years","Spalding","147","19","42"
"80 & Older years","Spalding","133","29","34"
"<1 years","Spalding","2","0","0"
"Unknown years","Spalding","3","0","0"
"01-04 years","Stephens","8","0","0"
"05-09 years","Stephens","23","0","0"
"10-17 years","Stephens","80","0","1"
"18-29 years","Stephens","257","0","10"
"30-39 years","Stephens","162","0","6"
"40-49 years","Stephens","204","1","15"
"50-59 years","Stephens","217","3","20"
"60-69 years","Stephens","213","11","38"
"70-79 years","Stephens","164","14","33"
"80 & Older years","Stephens","97","17","21"
"<1 years","Stephens","2","0","0"
"Unknown years","Stephens","9","0","0"
"01-04 years","Stewart","2","0","0"
"05-09 years","Stewart","2","0","0"
"10-17 years","Stewart","9","0","0"
"18-29 years","Stewart","119","0","10"
"30-39 years","Stewart","164","1","15"
"40-49 years","Stewart","111","1","14"
"50-59 years","Stewart","62","1","10"
"60-69 years","Stewart","50","8","21"
"70-79 years","Stewart","21","2","3"
"80 & Older years","Stewart","18","4","4"
"<1 years","Stewart","1","0","0"
"Unknown years","Stewart","14","0","4"
"01-04 years","Sumter","9","0","0"
"05-09 years","Sumter","15","0","0"
"10-17 years","Sumter","25","0","2"
"18-29 years","Sumter","177","1","6"
"30-39 years","Sumter","143","1","16"
"40-49 years","Sumter","128","3","18"
"50-59 years","Sumter","158","2","37"
"60-69 years","Sumter","159","20","56"
"70-79 years","Sumter","114","20","38"
"80 & Older years","Sumter","74","22","36"
"<1 years","Sumter","2","0","0"
"Unknown years","Sumter","1","0","0"
"01-04 years","Talbot","2","0","0"
"05-09 years","Talbot","1","0","0"
"10-17 years","Talbot","19","0","0"
"18-29 years","Talbot","23","0","1"
"30-39 years","Talbot","18","0","1"
"40-49 years","Talbot","39","1","4"
"50-59 years","Talbot","34","1","5"
"60-69 years","Talbot","30","2","8"
"70-79 years","Talbot","19","2","3"
"80 & Older years","Talbot","13","2","6"
"05-09 years","Taliaferro","1","0","0"
"10-17 years","Taliaferro","2","0","0"
"18-29 years","Taliaferro","4","0","0"
"30-39 years","Taliaferro","4","0","0"
"40-49 years","Taliaferro","9","0","1"
"50-59 years","Taliaferro","7","0","0"
"60-69 years","Taliaferro","2","0","0"
"70-79 years","Taliaferro","4","0","0"
"80 & Older years","Taliaferro","1","0","1"
"01-04 years","Tattnall","19","0","0"
"05-09 years","Tattnall","28","0","0"
"10-17 years","Tattnall","84","0","0"
"18-29 years","Tattnall","210","0","1"
"30-39 years","Tattnall","142","0","3"
"40-49 years","Tattnall","155","0","5"
"50-59 years","Tattnall","155","3","14"
"60-69 years","Tattnall","122","6","18"
"70-79 years","Tattnall","58","7","22"
"80 & Older years","Tattnall","22","3","7"
"<1 years","Tattnall","4","0","0"
"Unknown years","Tattnall","2","0","1"
"01-04 years","Taylor","9","0","0"
"05-09 years","Taylor","7","0","0"
"10-17 years","Taylor","32","0","1"
"18-29 years","Taylor","48","0","0"
"30-39 years","Taylor","24","0","3"
"40-49 years","Taylor","41","1","4"
"50-59 years","Taylor","34","0","6"
"60-69 years","Taylor","27","5","10"
"70-79 years","Taylor","22","2","6"
"80 & Older years","Taylor","15","5","5"
"<1 years","Taylor","3","0","0"
"Unknown years","Taylor","3","0","0"
"01-04 years","Telfair","6","0","0"
"05-09 years","Telfair","8","0","0"
"10-17 years","Telfair","10","0","0"
"18-29 years","Telfair","107","0","2"
"30-39 years","Telfair","69","0","1"
"40-49 years","Telfair","77","0","5"
"50-59 years","Telfair","73","3","9"
"60-69 years","Telfair","80","5","15"
"70-79 years","Telfair","51","6","12"
"80 & Older years","Telfair","33","11","7"
"<1 years","Telfair","3","0","0"
"01-04 years","Terrell","4","0","0"
"05-09 years","Terrell","1","0","0"
"10-17 years","Terrell","18","0","0"
"18-29 years","Terrell","40","0","1"
"30-39 years","Terrell","52","0","8"
"40-49 years","Terrell","43","0","7"
"50-59 years","Terrell","58","3","8"
"60-69 years","Terrell","65","9","24"
"70-79 years","Terrell","43","12","20"
"80 & Older years","Terrell","24","8","8"
"01-04 years","Thomas","25","0","0"
"05-09 years","Thomas","33","0","0"
"10-17 years","Thomas","101","0","0"
"18-29 years","Thomas","296","1","12"
"30-39 years","Thomas","250","0","10"
"40-49 years","Thomas","255","4","16"
"50-59 years","Thomas","276","4","22"
"60-69 years","Thomas","231","9","51"
"70-79 years","Thomas","143","25","35"
"80 & Older years","Thomas","87","34","31"
"<1 years","Thomas","5","0","1"
"Unknown years","Thomas","2","0","0"
"01-04 years","Tift","19","0","0"
"05-09 years","Tift","41","0","2"
"10-17 years","Tift","158","0","3"
"18-29 years","Tift","548","0","11"
"30-39 years","Tift","329","1","20"
"40-49 years","Tift","348","6","37"
"50-59 years","Tift","286","9","44"
"60-69 years","Tift","209","13","49"
"70-79 years","Tift","153","20","52"
"80 & Older years","Tift","69","18","37"
"<1 years","Tift","9","0","0"
"Unknown years","Tift","7","0","0"
"01-04 years","Toombs","18","0","0"
"05-09 years","Toombs","35","0","0"
"10-17 years","Toombs","124","0","1"
"18-29 years","Toombs","328","0","5"
"30-39 years","Toombs","252","0","2"
"40-49 years","Toombs","241","1","18"
"50-59 years","Toombs","218","5","15"
"60-69 years","Toombs","180","4","32"
"70-79 years","Toombs","134","23","30"
"80 & Older years","Toombs","88","27","20"
"<1 years","Toombs","1","0","0"
"Unknown years","Toombs","1","0","0"
"01-04 years","Towns","1","0","0"
"05-09 years","Towns","4","0","0"
"10-17 years","Towns","17","0","0"
"18-29 years","Towns","87","0","2"
"30-39 years","Towns","49","0","2"
"40-49 years","Towns","50","1","4"
"50-59 years","Towns","80","1","7"
"60-69 years","Towns","102","1","9"
"70-79 years","Towns","82","5","19"
"80 & Older years","Towns","56","11","24"
"Unknown years","Towns","4","0","0"
"01-04 years","Treutlen","2","0","0"
"05-09 years","Treutlen","8","0","0"
"10-17 years","Treutlen","24","0","0"
"18-29 years","Treutlen","52","0","1"
"30-39 years","Treutlen","46","0","2"
"40-49 years","Treutlen","58","0","5"
"50-59 years","Treutlen","53","1","5"
"60-69 years","Treutlen","36","2","9"
"70-79 years","Treutlen","31","7","6"
"80 & Older years","Treutlen","18","3","5"
"01-04 years","Troup","86","0","0"
"05-09 years","Troup","99","0","0"
"10-17 years","Troup","230","0","2"
"18-29 years","Troup","715","0","23"
"30-39 years","Troup","521","5","32"
"40-49 years","Troup","443","2","40"
"50-59 years","Troup","471","11","79"
"60-69 years","Troup","332","16","70"
"70-79 years","Troup","162","28","60"
"80 & Older years","Troup","156","54","48"
"<1 years","Troup","26","0","1"
"Unknown years","Troup","5","0","0"
"05-09 years","Turner","4","0","0"
"10-17 years","Turner","13","0","0"
"18-29 years","Turner","51","0","1"
"30-39 years","Turner","71","0","6"
"40-49 years","Turner","56","0","3"
"50-59 years","Turner","66","2","8"
"60-69 years","Turner","49","6","17"
"70-79 years","Turner","28","6","10"
"80 & Older years","Turner","23","11","8"
"<1 years","Turner","1","0","1"
"Unknown years","Turner","2","0","0"
"01-04 years","Twiggs","6","0","0"
"05-09 years","Twiggs","1","0","0"
"10-17 years","Twiggs","14","0","0"
"18-29 years","Twiggs","29","0","1"
"30-39 years","Twiggs","32","1","4"
"40-49 years","Twiggs","35","1","7"
"50-59 years","Twiggs","45","2","9"
"60-69 years","Twiggs","49","3","19"
"70-79 years","Twiggs","25","3","12"
"80 & Older years","Twiggs","8","4","6"
"01-04 years","Union","4","0","0"
"05-09 years","Union","12","0","0"
"10-17 years","Union","32","0","1"
"18-29 years","Union","129","1","1"
"30-39 years","Union","110","0","2"
"40-49 years","Union","127","0","10"
"50-59 years","Union","149","3","10"
"60-69 years","Union","175","3","23"
"70-79 years","Union","168","12","31"
"80 & Older years","Union","125","14","28"
"<1 years","Union","1","0","0"
"Unknown years","Union","3","0","0"
"01-04 years","Unknown","11","0","0"
"05-09 years","Unknown","38","0","0"
"10-17 years","Unknown","151","0","0"
"18-29 years","Unknown","575","0","3"
"30-39 years","Unknown","326","0","2"
"40-49 years","Unknown","301","0","3"
"50-59 years","Unknown","259","1","6"
"60-69 years","Unknown","164","0","3"
"70-79 years","Unknown","107","0","8"
"80 & Older years","Unknown","54","1","4"
"<1 years","Unknown","20","0","0"
"Unknown years","Unknown","64","0","3"
"01-04 years","Upson","17","0","0"
"05-09 years","Upson","23","0","0"
"10-17 years","Upson","53","0","1"
"18-29 years","Upson","144","0","5"
"30-39 years","Upson","97","1","4"
"40-49 years","Upson","117","1","7"
"50-59 years","Upson","149","4","15"
"60-69 years","Upson","134","15","22"
"70-79 years","Upson","95","24","26"
"80 & Older years","Upson","75","26","22"
"<1 years","Upson","4","0","0"
"Unknown years","Upson","4","0","0"
"01-04 years","Walker","20","0","0"
"05-09 years","Walker","51","0","0"
"10-17 years","Walker","222","0","1"
"18-29 years","Walker","428","0","2"
"30-39 years","Walker","332","0","6"
"40-49 years","Walker","388","3","12"
"50-59 years","Walker","335","1","16"
"60-69 years","Walker","300","10","29"
"70-79 years","Walker","200","21","25"
"80 & Older years","Walker","126","14","18"
"<1 years","Walker","13","0","0"
"Unknown years","Walker","30","0","2"
"01-04 years","Walton","18","0","0"
"05-09 years","Walton","46","0","1"
"10-17 years","Walton","196","0","2"
"18-29 years","Walton","506","0","15"
"30-39 years","Walton","397","0","17"
"40-49 years","Walton","417","1","31"
"50-59 years","Walton","441","4","43"
"60-69 years","Walton","302","10","38"
"70-79 years","Walton","224","22","58"
"80 & Older years","Walton","162","38","45"
"<1 years","Walton","7","0","1"
"Unknown years","Walton","2","0","0"
"01-04 years","Ware","41","0","1"
"05-09 years","Ware","38","0","0"
"10-17 years","Ware","152","0","2"
"18-29 years","Ware","376","0","5"
"30-39 years","Ware","300","0","14"
"40-49 years","Ware","238","2","22"
"50-59 years","Ware","259","6","39"
"60-69 years","Ware","186","8","34"
"70-79 years","Ware","168","27","62"
"80 & Older years","Ware","114","28","32"
"<1 years","Ware","9","0","0"
"Unknown years","Ware","7","0","1"
"01-04 years","Warren","4","0","0"
"05-09 years","Warren","1","0","0"
"10-17 years","Warren","9","0","0"
"18-29 years","Warren","26","0","2"
"30-39 years","Warren","28","0","2"
"40-49 years","Warren","26","1","4"
"50-59 years","Warren","37","1","6"
"60-69 years","Warren","23","2","5"
"70-79 years","Warren","17","1","6"
"80 & Older years","Warren","9","1","2"
"<1 years","Warren","2","0","1"
"Unknown years","Warren","2","0","0"
"01-04 years","Washington","13","0","0"
"05-09 years","Washington","11","0","0"
"10-17 years","Washington","60","0","1"
"18-29 years","Washington","164","0","4"
"30-39 years","Washington","142","0","6"
"40-49 years","Washington","174","2","7"
"50-59 years","Washington","133","1","9"
"60-69 years","Washington","118","6","11"
"70-79 years","Washington","73","4","10"
"80 & Older years","Washington","51","5","6"
"<1 years","Washington","8","0","0"
"Unknown years","Washington","5","0","0"
"01-04 years","Wayne","18","0","0"
"05-09 years","Wayne","8","0","0"
"10-17 years","Wayne","62","0","0"
"18-29 years","Wayne","228","1","6"
"30-39 years","Wayne","232","0","3"
"40-49 years","Wayne","269","1","22"
"50-59 years","Wayne","222","4","13"
"60-69 years","Wayne","155","11","33"
"70-79 years","Wayne","146","14","40"
"80 & Older years","Wayne","68","13","14"
"<1 years","Wayne","2","0","0"
"Unknown years","Wayne","6","0","0"
"18-29 years","Webster","10","0","1"
"30-39 years","Webster","3","0","0"
"40-49 years","Webster","7","0","2"
"50-59 years","Webster","10","2","4"
"60-69 years","Webster","10","0","3"
"70-79 years","Webster","4","0","0"
"Unknown years","Webster","2","0","0"
"05-09 years","Wheeler","2","0","0"
"10-17 years","Wheeler","12","0","0"
"18-29 years","Wheeler","37","0","0"
"30-39 years","Wheeler","60","2","2"
"40-49 years","Wheeler","69","1","3"
"50-59 years","Wheeler","76","5","5"
"60-69 years","Wheeler","48","3","5"
"70-79 years","Wheeler","33","3","6"
"80 & Older years","Wheeler","8","2","1"
"<1 years","Wheeler","1","0","0"
"Unknown years","Wheeler","24","0","1"
"01-04 years","White","9","0","0"
"05-09 years","White","19","0","0"
"10-17 years","White","96","0","1"
"18-29 years","White","193","1","4"
"30-39 years","White","145","1","5"
"40-49 years","White","170","1","7"
"50-59 years","White","184","2","18"
"60-69 years","White","178","3","29"
"70-79 years","White","137","5","33"
"80 & Older years","White","82","14","30"
"<1 years","White","4","0","0"
"Unknown years","White","12","0","0"
"01-04 years","Whitfield","88","0","2"
"05-09 years","Whitfield","163","0","2"
"10-17 years","Whitfield","604","0","1"
"18-29 years","Whitfield","1920","0","31"
"30-39 years","Whitfield","1138","1","31"
"40-49 years","Whitfield","1218","2","45"
"50-59 years","Whitfield","1032","10","58"
"60-69 years","Whitfield","604","18","73"
"70-79 years","Whitfield","297","18","55"
"80 & Older years","Whitfield","159","28","42"
"<1 years","Whitfield","41","0","4"
"Unknown years","Whitfield","9","0","0"
"01-04 years","Wilcox","8","0","0"
"05-09 years","Wilcox","3","0","0"
"10-17 years","Wilcox","13","0","0"
"18-29 years","Wilcox","18","0","0"
"30-39 years","Wilcox","23","0","1"
"40-49 years","Wilcox","49","0","11"
"50-59 years","Wilcox","43","1","9"
"60-69 years","Wilcox","66","9","20"
"70-79 years","Wilcox","38","9","8"
"80 & Older years","Wilcox","17","7","4"
"<1 years","Wilcox","1","0","0"
"01-04 years","Wilkes","5","0","0"
"05-09 years","Wilkes","8","0","0"
"10-17 years","Wilkes","30","0","0"
"18-29 years","Wilkes","69","0","0"
"30-39 years","Wilkes","48","0","4"
"40-49 years","Wilkes","60","0","8"
"50-59 years","Wilkes","62","1","3"
"60-69 years","Wilkes","33","0","8"
"70-79 years","Wilkes","30","2","13"
"80 & Older years","Wilkes","12","4","8"
"<1 years","Wilkes","1","0","0"
"01-04 years","Wilkinson","4","0","0"
"05-09 years","Wilkinson","7","0","0"
"10-17 years","Wilkinson","12","0","0"
"18-29 years","Wilkinson","68","0","3"
"30-39 years","Wilkinson","49","0","4"
"40-49 years","Wilkinson","44","0","2"
"50-59 years","Wilkinson","85","3","17"
"60-69 years","Wilkinson","83","5","19"
"70-79 years","Wilkinson","33","6","15"
"80 & Older years","Wilkinson","21","4","10"
"01-04 years","Worth","7","0","0"
"05-09 years","Worth","6","0","0"
"10-17 years","Worth","28","0","3"
"18-29 years","Worth","105","0","5"
"30-39 years","Worth","68","0","5"
"40-49 years","Worth","82","1","10"
"50-59 years","Worth","105","4","18"
"60-69 years","Worth","104","13","35"
"70-79 years","Worth","64","9","17"
"80 & Older years","Worth","47","8","12"
"<1 years","Worth","3","0","0"
"Unknown years","Worth","1","0","0"
