"age group","county name","cases","deaths","hospitalization"
"01-04 years","Georgia","22028","2","360"
"05-09 years","Georgia","41321","3","287"
"10-17 years","Georgia","116966","11","1086"
"18-29 years","Georgia","266649","184","5268"
"30-39 years","Georgia","201801","436","7013"
"40-49 years","Georgia","187347","1044","9906"
"50-59 years","Georgia","170714","2505","14487"
"60-69 years","Georgia","114388","4736","16491"
"70-79 years","Georgia","64803","6270","15060"
"80 & Older years","Georgia","35907","7592","11198"
"<1 years","Georgia","6011","0","311"
"Unknown years","Georgia","4414","2","159"
"01-04 years","Appling","55","0","0"
"05-09 years","Appling","94","0","0"
"10-17 years","Appling","332","0","2"
"18-29 years","Appling","490","1","7"
"30-39 years","Appling","364","2","9"
"40-49 years","Appling","373","6","27"
"50-59 years","Appling","395","10","37"
"60-69 years","Appling","330","17","64"
"70-79 years","Appling","217","24","42"
"80 & Older years","Appling","111","25","40"
"<1 years","Appling","8","0","0"
"Unknown years","Appling","3","0","0"
"01-04 years","Atkinson","19","0","1"
"05-09 years","Atkinson","46","0","1"
"10-17 years","Atkinson","107","0","1"
"18-29 years","Atkinson","240","0","14"
"30-39 years","Atkinson","174","0","15"
"40-49 years","Atkinson","185","4","32"
"50-59 years","Atkinson","175","3","34"
"60-69 years","Atkinson","111","7","35"
"70-79 years","Atkinson","59","6","23"
"80 & Older years","Atkinson","19","6","13"
"<1 years","Atkinson","3","0","0"
"01-04 years","Bacon","37","0","0"
"05-09 years","Bacon","53","0","0"
"10-17 years","Bacon","164","0","1"
"18-29 years","Bacon","502","0","7"
"30-39 years","Bacon","265","1","9"
"40-49 years","Bacon","267","4","18"
"50-59 years","Bacon","211","2","18"
"60-69 years","Bacon","186","15","42"
"70-79 years","Bacon","114","9","30"
"80 & Older years","Bacon","50","12","16"
"<1 years","Bacon","10","0","0"
"Unknown years","Bacon","5","0","0"
"01-04 years","Baker","10","0","0"
"05-09 years","Baker","11","0","0"
"10-17 years","Baker","13","0","0"
"18-29 years","Baker","42","0","0"
"30-39 years","Baker","27","0","4"
"40-49 years","Baker","26","3","3"
"50-59 years","Baker","34","0","2"
"60-69 years","Baker","38","3","16"
"70-79 years","Baker","20","3","11"
"80 & Older years","Baker","14","4","6"
"<1 years","Baker","2","0","0"
"01-04 years","Baldwin","65","0","0"
"05-09 years","Baldwin","133","0","0"
"10-17 years","Baldwin","392","1","6"
"18-29 years","Baldwin","1563","0","17"
"30-39 years","Baldwin","675","2","19"
"40-49 years","Baldwin","668","4","39"
"50-59 years","Baldwin","642","17","70"
"60-69 years","Baldwin","505","30","85"
"70-79 years","Baldwin","306","38","68"
"80 & Older years","Baldwin","191","59","70"
"<1 years","Baldwin","25","0","1"
"Unknown years","Baldwin","1","0","0"
"01-04 years","Banks","22","0","1"
"05-09 years","Banks","58","0","1"
"10-17 years","Banks","190","0","5"
"18-29 years","Banks","440","0","16"
"30-39 years","Banks","326","0","13"
"40-49 years","Banks","334","4","24"
"50-59 years","Banks","347","3","36"
"60-69 years","Banks","291","13","61"
"70-79 years","Banks","199","21","71"
"80 & Older years","Banks","99","14","34"
"<1 years","Banks","12","0","1"
"Unknown years","Banks","24","0","1"
"01-04 years","Barrow","190","0","2"
"05-09 years","Barrow","390","0","0"
"10-17 years","Barrow","1274","1","10"
"18-29 years","Barrow","2437","2","51"
"30-39 years","Barrow","2178","2","70"
"40-49 years","Barrow","2154","9","108"
"50-59 years","Barrow","1753","13","148"
"60-69 years","Barrow","1189","45","190"
"70-79 years","Barrow","663","48","128"
"80 & Older years","Barrow","298","54","106"
"<1 years","Barrow","54","0","2"
"Unknown years","Barrow","17","0","2"
"01-04 years","Bartow","229","0","6"
"05-09 years","Bartow","398","0","2"
"10-17 years","Bartow","1438","0","16"
"18-29 years","Bartow","2831","0","33"
"30-39 years","Bartow","2334","6","58"
"40-49 years","Bartow","2338","7","102"
"50-59 years","Bartow","2388","23","190"
"60-69 years","Bartow","1482","67","191"
"70-79 years","Bartow","982","97","225"
"80 & Older years","Bartow","472","85","138"
"<1 years","Bartow","78","0","6"
"Unknown years","Bartow","75","0","7"
"01-04 years","Ben Hill","36","0","1"
"05-09 years","Ben Hill","31","0","0"
"10-17 years","Ben Hill","147","0","0"
"18-29 years","Ben Hill","351","0","4"
"30-39 years","Ben Hill","263","3","12"
"40-49 years","Ben Hill","255","1","13"
"50-59 years","Ben Hill","272","8","34"
"60-69 years","Ben Hill","234","16","35"
"70-79 years","Ben Hill","159","20","56"
"80 & Older years","Ben Hill","76","19","19"
"<1 years","Ben Hill","9","0","2"
"Unknown years","Ben Hill","1","0","0"
"01-04 years","Berrien","37","0","0"
"05-09 years","Berrien","43","0","0"
"10-17 years","Berrien","145","0","1"
"18-29 years","Berrien","280","0","0"
"30-39 years","Berrien","242","0","3"
"40-49 years","Berrien","189","0","5"
"50-59 years","Berrien","211","4","18"
"60-69 years","Berrien","169","10","23"
"70-79 years","Berrien","118","16","20"
"80 & Older years","Berrien","61","13","16"
"<1 years","Berrien","9","0","0"
"Unknown years","Berrien","1","0","0"
"01-04 years","Bibb","296","0","7"
"05-09 years","Bibb","524","0","0"
"10-17 years","Bibb","1538","0","13"
"18-29 years","Bibb","4419","4","112"
"30-39 years","Bibb","3261","6","157"
"40-49 years","Bibb","2996","28","261"
"50-59 years","Bibb","2715","48","350"
"60-69 years","Bibb","2091","117","502"
"70-79 years","Bibb","1180","149","420"
"80 & Older years","Bibb","706","175","344"
"<1 years","Bibb","84","0","5"
"Unknown years","Bibb","7","0","0"
"01-04 years","Bleckley","17","0","0"
"05-09 years","Bleckley","37","0","0"
"10-17 years","Bleckley","116","0","0"
"18-29 years","Bleckley","249","0","4"
"30-39 years","Bleckley","145","1","5"
"40-49 years","Bleckley","138","1","2"
"50-59 years","Bleckley","143","2","8"
"60-69 years","Bleckley","104","8","13"
"70-79 years","Bleckley","74","5","13"
"80 & Older years","Bleckley","62","18","13"
"<1 years","Bleckley","3","0","0"
"01-04 years","Brantley","33","0","0"
"05-09 years","Brantley","62","0","0"
"10-17 years","Brantley","202","0","1"
"18-29 years","Brantley","348","0","3"
"30-39 years","Brantley","275","1","7"
"40-49 years","Brantley","262","3","20"
"50-59 years","Brantley","303","15","30"
"60-69 years","Brantley","208","12","30"
"70-79 years","Brantley","142","21","41"
"80 & Older years","Brantley","59","13","15"
"<1 years","Brantley","3","0","0"
"Unknown years","Brantley","5","0","0"
"01-04 years","Brooks","25","0","1"
"05-09 years","Brooks","46","0","0"
"10-17 years","Brooks","121","0","0"
"18-29 years","Brooks","257","0","4"
"30-39 years","Brooks","193","1","5"
"40-49 years","Brooks","183","1","13"
"50-59 years","Brooks","213","4","26"
"60-69 years","Brooks","137","10","23"
"70-79 years","Brooks","113","14","23"
"80 & Older years","Brooks","72","18","19"
"<1 years","Brooks","11","0","0"
"01-04 years","Bryan","112","0","0"
"05-09 years","Bryan","221","0","2"
"10-17 years","Bryan","585","0","4"
"18-29 years","Bryan","823","0","19"
"30-39 years","Bryan","765","3","25"
"40-49 years","Bryan","777","3","39"
"50-59 years","Bryan","528","5","46"
"60-69 years","Bryan","359","18","51"
"70-79 years","Bryan","215","15","76"
"80 & Older years","Bryan","78","9","31"
"<1 years","Bryan","35","0","1"
"Unknown years","Bryan","22","0","0"
"01-04 years","Bulloch","151","0","1"
"05-09 years","Bulloch","303","0","2"
"10-17 years","Bulloch","876","0","3"
"18-29 years","Bulloch","2949","1","12"
"30-39 years","Bulloch","1047","4","26"
"40-49 years","Bulloch","853","6","27"
"50-59 years","Bulloch","739","15","47"
"60-69 years","Bulloch","525","24","64"
"70-79 years","Bulloch","255","21","53"
"80 & Older years","Bulloch","123","18","41"
"<1 years","Bulloch","54","0","2"
"Unknown years","Bulloch","6","0","0"
"01-04 years","Burke","33","0","0"
"05-09 years","Burke","73","0","0"
"10-17 years","Burke","196","0","1"
"18-29 years","Burke","443","2","10"
"30-39 years","Burke","361","1","15"
"40-49 years","Burke","371","3","22"
"50-59 years","Burke","334","6","39"
"60-69 years","Burke","258","7","47"
"70-79 years","Burke","136","14","39"
"80 & Older years","Burke","47","11","18"
"<1 years","Burke","10","0","0"
"Unknown years","Burke","4","0","0"
"01-04 years","Butts","49","0","3"
"05-09 years","Butts","72","0","0"
"10-17 years","Butts","253","0","5"
"18-29 years","Butts","615","0","8"
"30-39 years","Butts","547","0","9"
"40-49 years","Butts","488","4","21"
"50-59 years","Butts","508","11","38"
"60-69 years","Butts","339","18","41"
"70-79 years","Butts","244","26","38"
"80 & Older years","Butts","135","32","10"
"<1 years","Butts","16","0","2"
"Unknown years","Butts","3","0","0"
"01-04 years","Calhoun","12","0","0"
"05-09 years","Calhoun","11","0","0"
"10-17 years","Calhoun","63","0","1"
"18-29 years","Calhoun","94","0","6"
"30-39 years","Calhoun","82","3","7"
"40-49 years","Calhoun","96","1","11"
"50-59 years","Calhoun","101","4","20"
"60-69 years","Calhoun","86","3","23"
"70-79 years","Calhoun","34","7","11"
"80 & Older years","Calhoun","22","2","10"
"<1 years","Calhoun","5","0","0"
"Unknown years","Calhoun","1","0","0"
"01-04 years","Camden","126","0","0"
"05-09 years","Camden","223","0","2"
"10-17 years","Camden","594","0","1"
"18-29 years","Camden","1277","0","10"
"30-39 years","Camden","1015","2","25"
"40-49 years","Camden","726","9","28"
"50-59 years","Camden","771","10","36"
"60-69 years","Camden","531","21","47"
"70-79 years","Camden","297","10","30"
"80 & Older years","Camden","128","22","28"
"<1 years","Camden","18","0","2"
"Unknown years","Camden","69","0","1"
"01-04 years","Candler","13","0","0"
"05-09 years","Candler","40","0","0"
"10-17 years","Candler","101","0","0"
"18-29 years","Candler","187","0","1"
"30-39 years","Candler","151","0","5"
"40-49 years","Candler","166","4","3"
"50-59 years","Candler","183","11","18"
"60-69 years","Candler","128","9","19"
"70-79 years","Candler","93","15","21"
"80 & Older years","Candler","36","8","15"
"<1 years","Candler","6","0","0"
"01-04 years","Carroll","164","0","1"
"05-09 years","Carroll","286","0","3"
"10-17 years","Carroll","993","0","6"
"18-29 years","Carroll","2224","0","15"
"30-39 years","Carroll","1505","4","23"
"40-49 years","Carroll","1423","7","43"
"50-59 years","Carroll","1353","13","65"
"60-69 years","Carroll","958","30","95"
"70-79 years","Carroll","536","37","76"
"80 & Older years","Carroll","309","55","48"
"<1 years","Carroll","37","0","1"
"Unknown years","Carroll","14","0","1"
"01-04 years","Catoosa","156","0","0"
"05-09 years","Catoosa","273","0","1"
"10-17 years","Catoosa","835","0","2"
"18-29 years","Catoosa","1498","1","9"
"30-39 years","Catoosa","1191","2","14"
"40-49 years","Catoosa","1260","2","22"
"50-59 years","Catoosa","1134","8","45"
"60-69 years","Catoosa","778","9","66"
"70-79 years","Catoosa","463","22","68"
"80 & Older years","Catoosa","318","37","56"
"<1 years","Catoosa","57","0","1"
"Unknown years","Catoosa","88","0","4"
"01-04 years","Charlton","16","0","0"
"05-09 years","Charlton","45","0","0"
"10-17 years","Charlton","98","0","0"
"18-29 years","Charlton","396","1","2"
"30-39 years","Charlton","333","2","6"
"40-49 years","Charlton","269","3","13"
"50-59 years","Charlton","199","3","12"
"60-69 years","Charlton","194","11","27"
"70-79 years","Charlton","84","10","21"
"80 & Older years","Charlton","40","10","17"
"<1 years","Charlton","6","0","0"
"Unknown years","Charlton","2","0","0"
"01-04 years","Chatham","959","0","8"
"05-09 years","Chatham","1449","1","4"
"10-17 years","Chatham","3102","0","28"
"18-29 years","Chatham","7582","5","131"
"30-39 years","Chatham","5690","19","217"
"40-49 years","Chatham","4314","31","278"
"50-59 years","Chatham","3645","58","391"
"60-69 years","Chatham","2832","122","513"
"70-79 years","Chatham","1506","148","480"
"80 & Older years","Chatham","899","193","394"
"<1 years","Chatham","240","0","10"
"Unknown years","Chatham","60","0","2"
"01-04 years","Chattahoochee","9","0","0"
"05-09 years","Chattahoochee","20","0","0"
"10-17 years","Chattahoochee","156","0","2"
"18-29 years","Chattahoochee","3953","7","7"
"30-39 years","Chattahoochee","384","2","5"
"40-49 years","Chattahoochee","68","0","0"
"50-59 years","Chattahoochee","44","0","10"
"60-69 years","Chattahoochee","21","0","4"
"70-79 years","Chattahoochee","15","1","5"
"80 & Older years","Chattahoochee","9","3","5"
"<1 years","Chattahoochee","8","0","0"
"Unknown years","Chattahoochee","1","0","0"
"01-04 years","Chattooga","58","0","0"
"05-09 years","Chattooga","107","0","1"
"10-17 years","Chattooga","401","0","2"
"18-29 years","Chattooga","621","0","7"
"30-39 years","Chattooga","519","0","9"
"40-49 years","Chattooga","541","3","25"
"50-59 years","Chattooga","505","7","34"
"60-69 years","Chattooga","394","19","52"
"70-79 years","Chattooga","240","23","63"
"80 & Older years","Chattooga","143","29","37"
"<1 years","Chattooga","25","0","3"
"Unknown years","Chattooga","12","0","1"
"01-04 years","Cherokee","434","0","10"
"05-09 years","Cherokee","1118","0","9"
"10-17 years","Cherokee","3608","0","21"
"18-29 years","Cherokee","5695","1","105"
"30-39 years","Cherokee","4380","3","153"
"40-49 years","Cherokee","4900","10","191"
"50-59 years","Cherokee","4632","32","313"
"60-69 years","Cherokee","2793","63","340"
"70-79 years","Cherokee","1729","108","335"
"80 & Older years","Cherokee","975","171","291"
"<1 years","Cherokee","107","0","2"
"Unknown years","Cherokee","26","0","0"
"01-04 years","Clarke","290","0","1"
"05-09 years","Clarke","485","0","5"
"10-17 years","Clarke","1104","0","15"
"18-29 years","Clarke","7671","0","74"
"30-39 years","Clarke","2240","3","63"
"40-49 years","Clarke","1768","4","84"
"50-59 years","Clarke","1511","15","113"
"60-69 years","Clarke","985","29","132"
"70-79 years","Clarke","588","54","138"
"80 & Older years","Clarke","298","56","90"
"<1 years","Clarke","88","0","3"
"Unknown years","Clarke","19","0","0"
"01-04 years","Clay","3","0","0"
"05-09 years","Clay","5","0","0"
"10-17 years","Clay","23","0","0"
"18-29 years","Clay","37","0","0"
"30-39 years","Clay","38","0","1"
"40-49 years","Clay","40","0","2"
"50-59 years","Clay","22","1","3"
"60-69 years","Clay","27","1","2"
"70-79 years","Clay","21","0","0"
"80 & Older years","Clay","13","2","4"
"Unknown years","Clay","2","0","0"
"01-04 years","Clayton","809","0","16"
"05-09 years","Clayton","1385","1","13"
"10-17 years","Clayton","3307","1","55"
"18-29 years","Clayton","6992","8","164"
"30-39 years","Clayton","6369","27","262"
"40-49 years","Clayton","5400","39","292"
"50-59 years","Clayton","4786","93","406"
"60-69 years","Clayton","2986","163","364"
"70-79 years","Clayton","1239","149","251"
"80 & Older years","Clayton","575","142","147"
"<1 years","Clayton","172","0","8"
"Unknown years","Clayton","55","0","5"
"01-04 years","Clinch","23","0","0"
"05-09 years","Clinch","41","0","0"
"10-17 years","Clinch","111","0","0"
"18-29 years","Clinch","192","0","2"
"30-39 years","Clinch","162","1","5"
"40-49 years","Clinch","148","0","3"
"50-59 years","Clinch","147","2","18"
"60-69 years","Clinch","142","11","22"
"70-79 years","Clinch","69","10","21"
"80 & Older years","Clinch","23","8","10"
"<1 years","Clinch","5","0","0"
"01-04 years","Cobb","1356","1","20"
"05-09 years","Cobb","3000","0","23"
"10-17 years","Cobb","7675","0","62"
"18-29 years","Cobb","19383","7","284"
"30-39 years","Cobb","13795","26","335"
"40-49 years","Cobb","12862","46","524"
"50-59 years","Cobb","11138","110","703"
"60-69 years","Cobb","6756","198","695"
"70-79 years","Cobb","3668","340","663"
"80 & Older years","Cobb","2116","461","597"
"<1 years","Cobb","331","0","21"
"Unknown years","Cobb","105","1","3"
"01-04 years","Coffee","141","0","2"
"05-09 years","Coffee","219","0","4"
"10-17 years","Coffee","545","0","6"
"18-29 years","Coffee","1243","1","37"
"30-39 years","Coffee","948","4","63"
"40-49 years","Coffee","938","11","132"
"50-59 years","Coffee","896","18","185"
"60-69 years","Coffee","668","41","182"
"70-79 years","Coffee","343","50","151"
"80 & Older years","Coffee","178","43","98"
"<1 years","Coffee","36","0","2"
"Unknown years","Coffee","2","0","0"
"01-04 years","Colquitt","83","0","0"
"05-09 years","Colquitt","203","0","2"
"10-17 years","Colquitt","661","0","10"
"18-29 years","Colquitt","1070","0","26"
"30-39 years","Colquitt","800","2","29"
"40-49 years","Colquitt","804","7","44"
"50-59 years","Colquitt","714","21","49"
"60-69 years","Colquitt","507","24","58"
"70-79 years","Colquitt","328","29","58"
"80 & Older years","Colquitt","174","32","38"
"<1 years","Colquitt","35","0","2"
"Unknown years","Colquitt","1","0","0"
"01-04 years","Columbia","233","0","2"
"05-09 years","Columbia","538","0","4"
"10-17 years","Columbia","1643","0","6"
"18-29 years","Columbia","2825","1","33"
"30-39 years","Columbia","2649","4","43"
"40-49 years","Columbia","2307","12","67"
"50-59 years","Columbia","1882","29","100"
"60-69 years","Columbia","1231","35","115"
"70-79 years","Columbia","631","54","134"
"80 & Older years","Columbia","381","78","124"
"<1 years","Columbia","55","0","3"
"Unknown years","Columbia","10","0","0"
"01-04 years","Cook","32","0","2"
"05-09 years","Cook","64","0","0"
"10-17 years","Cook","159","0","2"
"18-29 years","Cook","305","0","7"
"30-39 years","Cook","252","0","4"
"40-49 years","Cook","249","3","18"
"50-59 years","Cook","224","7","21"
"60-69 years","Cook","160","10","21"
"70-79 years","Cook","118","13","29"
"80 & Older years","Cook","73","18","16"
"<1 years","Cook","16","0","2"
"Unknown years","Cook","1","0","0"
"01-04 years","Coweta","240","0","1"
"05-09 years","Coweta","417","0","1"
"10-17 years","Coweta","1274","0","10"
"18-29 years","Coweta","2199","2","41"
"30-39 years","Coweta","1791","10","78"
"40-49 years","Coweta","1897","19","109"
"50-59 years","Coweta","2054","40","147"
"60-69 years","Coweta","1261","50","136"
"70-79 years","Coweta","771","82","121"
"80 & Older years","Coweta","402","85","77"
"<1 years","Coweta","48","0","2"
"Unknown years","Coweta","15","0","1"
"01-04 years","Crawford","4","0","0"
"05-09 years","Crawford","9","0","0"
"10-17 years","Crawford","48","0","2"
"18-29 years","Crawford","129","0","3"
"30-39 years","Crawford","126","1","9"
"40-49 years","Crawford","93","3","6"
"50-59 years","Crawford","160","8","21"
"60-69 years","Crawford","137","9","22"
"70-79 years","Crawford","68","11","18"
"80 & Older years","Crawford","32","2","14"
"Unknown years","Crawford","1","0","0"
"01-04 years","Crisp","30","0","0"
"05-09 years","Crisp","55","0","0"
"10-17 years","Crisp","190","0","2"
"18-29 years","Crisp","306","0","12"
"30-39 years","Crisp","301","1","17"
"40-49 years","Crisp","259","4","22"
"50-59 years","Crisp","245","4","31"
"60-69 years","Crisp","229","18","44"
"70-79 years","Crisp","118","16","34"
"80 & Older years","Crisp","75","20","18"
"<1 years","Crisp","15","0","0"
"Unknown years","Crisp","8","0","0"
"01-04 years","Dade","37","0","0"
"05-09 years","Dade","78","0","0"
"10-17 years","Dade","199","0","1"
"18-29 years","Dade","333","0","1"
"30-39 years","Dade","231","0","2"
"40-49 years","Dade","259","0","7"
"50-59 years","Dade","219","3","12"
"60-69 years","Dade","175","1","11"
"70-79 years","Dade","125","8","21"
"80 & Older years","Dade","57","3","10"
"<1 years","Dade","7","0","0"
"Unknown years","Dade","25","0","1"
"01-04 years","Dawson","68","0","0"
"05-09 years","Dawson","130","0","0"
"10-17 years","Dawson","353","0","6"
"18-29 years","Dawson","768","0","18"
"30-39 years","Dawson","643","2","25"
"40-49 years","Dawson","584","0","34"
"50-59 years","Dawson","602","5","45"
"60-69 years","Dawson","468","9","87"
"70-79 years","Dawson","287","25","59"
"80 & Older years","Dawson","114","20","37"
"<1 years","Dawson","14","0","2"
"Unknown years","Dawson","26","0","1"
"01-04 years","DeKalb","1550","0","29"
"05-09 years","DeKalb","2634","0","31"
"10-17 years","DeKalb","6056","0","90"
"18-29 years","DeKalb","17670","12","520"
"30-39 years","DeKalb","15211","24","732"
"40-49 years","DeKalb","11866","51","811"
"50-59 years","DeKalb","10203","134","1081"
"60-69 years","DeKalb","6483","219","1180"
"70-79 years","DeKalb","3191","295","877"
"80 & Older years","DeKalb","1886","388","609"
"<1 years","DeKalb","312","0","18"
"Unknown years","DeKalb","323","1","34"
"01-04 years","Decatur","137","0","2"
"05-09 years","Decatur","162","0","0"
"10-17 years","Decatur","377","0","1"
"18-29 years","Decatur","653","1","17"
"30-39 years","Decatur","494","1","11"
"40-49 years","Decatur","486","2","27"
"50-59 years","Decatur","414","10","40"
"60-69 years","Decatur","312","15","47"
"70-79 years","Decatur","185","24","36"
"80 & Older years","Decatur","111","22","24"
"<1 years","Decatur","26","0","0"
"Unknown years","Decatur","6","0","0"
"01-04 years","Dodge","17","0","0"
"05-09 years","Dodge","39","0","0"
"10-17 years","Dodge","169","1","2"
"18-29 years","Dodge","291","0","6"
"30-39 years","Dodge","212","0","7"
"40-49 years","Dodge","222","3","12"
"50-59 years","Dodge","219","5","23"
"60-69 years","Dodge","169","18","30"
"70-79 years","Dodge","94","18","23"
"80 & Older years","Dodge","62","14","16"
"<1 years","Dodge","9","0","0"
"01-04 years","Dooly","15","0","0"
"05-09 years","Dooly","32","0","0"
"10-17 years","Dooly","104","0","1"
"18-29 years","Dooly","174","1","5"
"30-39 years","Dooly","132","0","11"
"40-49 years","Dooly","168","2","11"
"50-59 years","Dooly","168","5","21"
"60-69 years","Dooly","144","10","24"
"70-79 years","Dooly","67","10","19"
"80 & Older years","Dooly","26","7","6"
"<1 years","Dooly","5","0","0"
"Unknown years","Dooly","18","0","0"
"01-04 years","Dougherty","188","0","4"
"05-09 years","Dougherty","361","0","0"
"10-17 years","Dougherty","787","0","13"
"18-29 years","Dougherty","1672","3","125"
"30-39 years","Dougherty","1415","7","109"
"40-49 years","Dougherty","1246","25","151"
"50-59 years","Dougherty","1209","34","205"
"60-69 years","Dougherty","987","94","302"
"70-79 years","Dougherty","540","81","209"
"80 & Older years","Dougherty","328","110","153"
"<1 years","Dougherty","61","0","6"
"Unknown years","Dougherty","8","0","0"
"01-04 years","Douglas","317","0","6"
"05-09 years","Douglas","605","0","8"
"10-17 years","Douglas","1730","1","23"
"18-29 years","Douglas","3252","0","58"
"30-39 years","Douglas","2786","6","93"
"40-49 years","Douglas","3010","9","154"
"50-59 years","Douglas","2595","28","208"
"60-69 years","Douglas","1493","48","208"
"70-79 years","Douglas","755","62","169"
"80 & Older years","Douglas","362","63","109"
"<1 years","Douglas","75","0","7"
"Unknown years","Douglas","24","0","2"
"01-04 years","Early","40","0","0"
"05-09 years","Early","53","0","0"
"10-17 years","Early","220","0","0"
"18-29 years","Early","252","1","9"
"30-39 years","Early","216","1","5"
"40-49 years","Early","232","1","11"
"50-59 years","Early","211","5","17"
"60-69 years","Early","144","12","18"
"70-79 years","Early","95","17","21"
"80 & Older years","Early","47","13","16"
"<1 years","Early","4","0","0"
"Unknown years","Early","3","0","0"
"01-04 years","Echols","10","0","0"
"05-09 years","Echols","7","0","0"
"10-17 years","Echols","32","0","1"
"18-29 years","Echols","138","0","1"
"30-39 years","Echols","66","1","3"
"40-49 years","Echols","49","0","1"
"50-59 years","Echols","52","0","2"
"60-69 years","Echols","24","0","0"
"70-79 years","Echols","20","2","3"
"80 & Older years","Echols","4","1","2"
"<1 years","Echols","2","0","0"
"01-04 years","Effingham","161","0","3"
"05-09 years","Effingham","354","0","4"
"10-17 years","Effingham","867","0","2"
"18-29 years","Effingham","1176","1","12"
"30-39 years","Effingham","1170","2","31"
"40-49 years","Effingham","1029","8","59"
"50-59 years","Effingham","939","24","87"
"60-69 years","Effingham","597","21","97"
"70-79 years","Effingham","325","34","98"
"80 & Older years","Effingham","154","38","44"
"<1 years","Effingham","47","0","1"
"Unknown years","Effingham","15","0","0"
"01-04 years","Elbert","33","0","0"
"05-09 years","Elbert","57","0","0"
"10-17 years","Elbert","146","0","2"
"18-29 years","Elbert","355","1","3"
"30-39 years","Elbert","255","0","10"
"40-49 years","Elbert","277","1","12"
"50-59 years","Elbert","278","2","19"
"60-69 years","Elbert","225","7","29"
"70-79 years","Elbert","183","21","43"
"80 & Older years","Elbert","143","33","46"
"<1 years","Elbert","11","0","3"
"Unknown years","Elbert","7","0","0"
"01-04 years","Emanuel","56","0","1"
"05-09 years","Emanuel","90","0","0"
"10-17 years","Emanuel","312","0","2"
"18-29 years","Emanuel","506","1","2"
"30-39 years","Emanuel","379","0","16"
"40-49 years","Emanuel","408","3","14"
"50-59 years","Emanuel","349","7","33"
"60-69 years","Emanuel","278","14","31"
"70-79 years","Emanuel","168","17","31"
"80 & Older years","Emanuel","73","21","23"
"<1 years","Emanuel","11","0","1"
"Unknown years","Emanuel","13","0","1"
"01-04 years","Evans","25","0","0"
"05-09 years","Evans","50","0","0"
"10-17 years","Evans","117","0","2"
"18-29 years","Evans","217","1","3"
"30-39 years","Evans","192","0","4"
"40-49 years","Evans","174","3","19"
"50-59 years","Evans","165","6","21"
"60-69 years","Evans","101","7","19"
"70-79 years","Evans","64","12","23"
"80 & Older years","Evans","23","4","13"
"<1 years","Evans","6","0","0"
"Unknown years","Evans","2","0","0"
"01-04 years","Fannin","29","0","1"
"05-09 years","Fannin","71","0","0"
"10-17 years","Fannin","271","0","1"
"18-29 years","Fannin","421","0","7"
"30-39 years","Fannin","355","1","8"
"40-49 years","Fannin","396","3","15"
"50-59 years","Fannin","515","6","34"
"60-69 years","Fannin","494","15","52"
"70-79 years","Fannin","347","24","62"
"80 & Older years","Fannin","182","36","53"
"<1 years","Fannin","6","0","0"
"Unknown years","Fannin","1","0","0"
"01-04 years","Fayette","150","0","1"
"05-09 years","Fayette","335","0","3"
"10-17 years","Fayette","1040","0","10"
"18-29 years","Fayette","1665","3","20"
"30-39 years","Fayette","1158","4","25"
"40-49 years","Fayette","1498","5","62"
"50-59 years","Fayette","1520","11","113"
"60-69 years","Fayette","1087","29","102"
"70-79 years","Fayette","572","66","127"
"80 & Older years","Fayette","378","74","82"
"<1 years","Fayette","33","0","1"
"Unknown years","Fayette","11","0","1"
"01-04 years","Floyd","251","0","5"
"05-09 years","Floyd","473","0","1"
"10-17 years","Floyd","1728","0","13"
"18-29 years","Floyd","2983","3","48"
"30-39 years","Floyd","2314","6","69"
"40-49 years","Floyd","2129","11","121"
"50-59 years","Floyd","2113","38","208"
"60-69 years","Floyd","1470","51","244"
"70-79 years","Floyd","892","73","233"
"80 & Older years","Floyd","490","84","173"
"<1 years","Floyd","101","0","4"
"Unknown years","Floyd","82","0","3"
"01-04 years","Forsyth","482","0","5"
"05-09 years","Forsyth","1447","0","2"
"10-17 years","Forsyth","3851","0","9"
"18-29 years","Forsyth","4160","0","57"
"30-39 years","Forsyth","3443","1","74"
"40-49 years","Forsyth","4489","6","167"
"50-59 years","Forsyth","3854","17","216"
"60-69 years","Forsyth","1974","33","206"
"70-79 years","Forsyth","1124","73","244"
"80 & Older years","Forsyth","643","102","188"
"<1 years","Forsyth","89","0","3"
"Unknown years","Forsyth","324","0","3"
"01-04 years","Franklin","41","0","2"
"05-09 years","Franklin","89","0","0"
"10-17 years","Franklin","304","0","6"
"18-29 years","Franklin","599","1","13"
"30-39 years","Franklin","432","0","9"
"40-49 years","Franklin","449","1","19"
"50-59 years","Franklin","445","2","34"
"60-69 years","Franklin","403","8","45"
"70-79 years","Franklin","256","25","46"
"80 & Older years","Franklin","124","26","32"
"<1 years","Franklin","14","0","2"
"Unknown years","Franklin","43","0","0"
"01-04 years","Fulton","1894","0","52"
"05-09 years","Fulton","3431","0","36"
"10-17 years","Fulton","9214","1","100"
"18-29 years","Fulton","27309","6","549"
"30-39 years","Fulton","20781","35","774"
"40-49 years","Fulton","16182","53","898"
"50-59 years","Fulton","13912","152","1249"
"60-69 years","Fulton","8223","287","1163"
"70-79 years","Fulton","4247","408","995"
"80 & Older years","Fulton","2924","591","924"
"<1 years","Fulton","410","0","25"
"Unknown years","Fulton","117","0","34"
"01-04 years","Gilmer","50","0","2"
"05-09 years","Gilmer","61","0","0"
"10-17 years","Gilmer","301","0","3"
"18-29 years","Gilmer","489","0","17"
"30-39 years","Gilmer","450","2","23"
"40-49 years","Gilmer","471","1","23"
"50-59 years","Gilmer","537","14","39"
"60-69 years","Gilmer","502","17","62"
"70-79 years","Gilmer","353","35","79"
"80 & Older years","Gilmer","164","41","52"
"<1 years","Gilmer","16","0","0"
"Unknown years","Gilmer","2","0","0"
"01-04 years","Glascock","1","0","0"
"05-09 years","Glascock","5","0","0"
"10-17 years","Glascock","6","0","0"
"18-29 years","Glascock","25","0","1"
"30-39 years","Glascock","21","0","0"
"40-49 years","Glascock","29","0","1"
"50-59 years","Glascock","37","2","4"
"60-69 years","Glascock","20","0","5"
"70-79 years","Glascock","28","3","9"
"80 & Older years","Glascock","9","2","5"
"<1 years","Glascock","1","0","0"
"Unknown years","Glascock","1","0","0"
"01-04 years","Glynn","279","0","3"
"05-09 years","Glynn","563","0","1"
"10-17 years","Glynn","1386","0","3"
"18-29 years","Glynn","2335","3","32"
"30-39 years","Glynn","1974","8","42"
"40-49 years","Glynn","1631","13","58"
"50-59 years","Glynn","1471","36","108"
"60-69 years","Glynn","1196","71","162"
"70-79 years","Glynn","697","73","113"
"80 & Older years","Glynn","371","83","112"
"<1 years","Glynn","58","0","2"
"Unknown years","Glynn","249","0","0"
"01-04 years","Gordon","144","0","1"
"05-09 years","Gordon","219","1","2"
"10-17 years","Gordon","875","0","6"
"18-29 years","Gordon","1674","3","19"
"30-39 years","Gordon","1330","3","27"
"40-49 years","Gordon","1334","9","42"
"50-59 years","Gordon","1276","20","68"
"60-69 years","Gordon","835","44","72"
"70-79 years","Gordon","450","40","95"
"80 & Older years","Gordon","228","40","61"
"<1 years","Gordon","52","0","3"
"Unknown years","Gordon","68","0","1"
"01-04 years","Grady","66","0","1"
"05-09 years","Grady","109","0","0"
"10-17 years","Grady","267","0","5"
"18-29 years","Grady","365","0","13"
"30-39 years","Grady","355","0","14"
"40-49 years","Grady","338","2","31"
"50-59 years","Grady","317","10","38"
"60-69 years","Grady","228","8","32"
"70-79 years","Grady","202","24","58"
"80 & Older years","Grady","67","18","25"
"<1 years","Grady","17","0","2"
"Unknown years","Grady","6","0","0"
"01-04 years","Greene","32","0","1"
"05-09 years","Greene","71","0","0"
"10-17 years","Greene","209","0","3"
"18-29 years","Greene","362","0","9"
"30-39 years","Greene","267","0","8"
"40-49 years","Greene","251","4","19"
"50-59 years","Greene","300","7","25"
"60-69 years","Greene","301","8","27"
"70-79 years","Greene","219","13","34"
"80 & Older years","Greene","120","29","46"
"<1 years","Greene","9","0","1"
"Unknown years","Greene","2","0","0"
"01-04 years","Gwinnett","2000","0","24"
"05-09 years","Gwinnett","3596","0","28"
"10-17 years","Gwinnett","10408","2","79"
"18-29 years","Gwinnett","23521","12","587"
"30-39 years","Gwinnett","18356","29","634"
"40-49 years","Gwinnett","19021","81","904"
"50-59 years","Gwinnett","15784","138","1058"
"60-69 years","Gwinnett","8836","255","1065"
"70-79 years","Gwinnett","3960","314","854"
"80 & Older years","Gwinnett","2157","440","737"
"<1 years","Gwinnett","585","0","28"
"Unknown years","Gwinnett","113","0","2"
"01-04 years","Habersham","66","0","5"
"05-09 years","Habersham","118","0","3"
"10-17 years","Habersham","459","1","9"
"18-29 years","Habersham","1156","1","18"
"30-39 years","Habersham","891","3","35"
"40-49 years","Habersham","911","4","52"
"50-59 years","Habersham","959","10","83"
"60-69 years","Habersham","734","23","135"
"70-79 years","Habersham","509","55","129"
"80 & Older years","Habersham","333","75","101"
"<1 years","Habersham","24","0","6"
"Unknown years","Habersham","48","0","4"
"01-04 years","Hall","316","0","12"
"05-09 years","Hall","730","0","6"
"10-17 years","Hall","2928","0","35"
"18-29 years","Hall","7026","4","218"
"30-39 years","Hall","4957","4","264"
"40-49 years","Hall","4974","23","354"
"50-59 years","Hall","5033","46","517"
"60-69 years","Hall","3335","105","521"
"70-79 years","Hall","2110","147","589"
"80 & Older years","Hall","1184","228","447"
"<1 years","Hall","84","0","9"
"Unknown years","Hall","340","0","10"
"01-04 years","Hancock","10","0","0"
"05-09 years","Hancock","12","0","0"
"10-17 years","Hancock","48","0","1"
"18-29 years","Hancock","167","0","3"
"30-39 years","Hancock","141","1","4"
"40-49 years","Hancock","125","1","7"
"50-59 years","Hancock","166","5","17"
"60-69 years","Hancock","164","20","35"
"70-79 years","Hancock","89","22","28"
"80 & Older years","Hancock","68","25","25"
"<1 years","Hancock","4","0","0"
"01-04 years","Haralson","34","0","0"
"05-09 years","Haralson","64","0","0"
"10-17 years","Haralson","237","0","2"
"18-29 years","Haralson","471","0","4"
"30-39 years","Haralson","310","0","7"
"40-49 years","Haralson","347","2","8"
"50-59 years","Haralson","382","4","13"
"60-69 years","Haralson","241","13","25"
"70-79 years","Haralson","149","13","19"
"80 & Older years","Haralson","62","9","11"
"<1 years","Haralson","10","0","1"
"Unknown years","Haralson","5","0","0"
"01-04 years","Harris","44","0","0"
"05-09 years","Harris","74","0","0"
"10-17 years","Harris","287","0","2"
"18-29 years","Harris","479","0","8"
"30-39 years","Harris","375","0","13"
"40-49 years","Harris","509","3","19"
"50-59 years","Harris","518","8","38"
"60-69 years","Harris","418","16","64"
"70-79 years","Harris","254","29","60"
"80 & Older years","Harris","78","14","18"
"<1 years","Harris","7","0","0"
"Unknown years","Harris","15","0","0"
"01-04 years","Hart","32","0","0"
"05-09 years","Hart","44","0","1"
"10-17 years","Hart","179","0","0"
"18-29 years","Hart","403","0","3"
"30-39 years","Hart","350","0","12"
"40-49 years","Hart","299","1","16"
"50-59 years","Hart","362","3","27"
"60-69 years","Hart","265","15","34"
"70-79 years","Hart","175","8","31"
"80 & Older years","Hart","96","16","32"
"<1 years","Hart","12","0","1"
"Unknown years","Hart","17","0","0"
"01-04 years","Heard","13","0","0"
"05-09 years","Heard","42","0","0"
"10-17 years","Heard","122","0","1"
"18-29 years","Heard","173","0","2"
"30-39 years","Heard","122","0","1"
"40-49 years","Heard","166","1","13"
"50-59 years","Heard","160","2","7"
"60-69 years","Heard","121","5","16"
"70-79 years","Heard","67","8","17"
"80 & Older years","Heard","29","7","5"
"<1 years","Heard","7","0","0"
"01-04 years","Henry","491","0","11"
"05-09 years","Henry","964","0","6"
"10-17 years","Henry","2924","0","34"
"18-29 years","Henry","5357","2","76"
"30-39 years","Henry","4661","10","118"
"40-49 years","Henry","4862","29","189"
"50-59 years","Henry","4473","42","226"
"60-69 years","Henry","2490","100","203"
"70-79 years","Henry","1222","113","148"
"80 & Older years","Henry","603","122","91"
"<1 years","Henry","111","0","7"
"Unknown years","Henry","50","0","3"
"01-04 years","Houston","268","0","5"
"05-09 years","Houston","563","0","1"
"10-17 years","Houston","1734","0","9"
"18-29 years","Houston","3149","7","62"
"30-39 years","Houston","2869","7","91"
"40-49 years","Houston","2501","15","138"
"50-59 years","Houston","2044","26","178"
"60-69 years","Houston","1344","61","222"
"70-79 years","Houston","710","74","199"
"80 & Older years","Houston","373","68","125"
"<1 years","Houston","51","0","5"
"Unknown years","Houston","15","0","0"
"01-04 years","Irwin","7","0","0"
"05-09 years","Irwin","15","0","0"
"10-17 years","Irwin","65","0","0"
"18-29 years","Irwin","175","0","6"
"30-39 years","Irwin","146","0","7"
"40-49 years","Irwin","158","1","10"
"50-59 years","Irwin","129","3","12"
"60-69 years","Irwin","97","1","22"
"70-79 years","Irwin","55","6","9"
"80 & Older years","Irwin","40","8","23"
"Unknown years","Irwin","2","0","0"
"01-04 years","Jackson","140","0","1"
"05-09 years","Jackson","344","0","3"
"10-17 years","Jackson","1469","1","13"
"18-29 years","Jackson","2051","3","39"
"30-39 years","Jackson","2046","4","58"
"40-49 years","Jackson","2044","9","92"
"50-59 years","Jackson","1870","15","139"
"60-69 years","Jackson","1243","35","129"
"70-79 years","Jackson","810","46","149"
"80 & Older years","Jackson","392","64","124"
"<1 years","Jackson","40","0","3"
"Unknown years","Jackson","19","0","1"
"01-04 years","Jasper","16","0","0"
"05-09 years","Jasper","23","0","0"
"10-17 years","Jasper","77","0","1"
"18-29 years","Jasper","173","0","8"
"30-39 years","Jasper","148","2","7"
"40-49 years","Jasper","152","1","9"
"50-59 years","Jasper","167","4","16"
"60-69 years","Jasper","128","12","28"
"70-79 years","Jasper","69","7","15"
"80 & Older years","Jasper","28","5","8"
"<1 years","Jasper","8","0","2"
"Unknown years","Jasper","2","0","0"
"01-04 years","Jeff Davis","44","0","0"
"05-09 years","Jeff Davis","90","0","0"
"10-17 years","Jeff Davis","186","0","2"
"18-29 years","Jeff Davis","364","0","6"
"30-39 years","Jeff Davis","292","0","9"
"40-49 years","Jeff Davis","281","0","17"
"50-59 years","Jeff Davis","245","9","24"
"60-69 years","Jeff Davis","153","9","25"
"70-79 years","Jeff Davis","110","15","23"
"80 & Older years","Jeff Davis","25","9","7"
"<1 years","Jeff Davis","10","0","1"
"01-04 years","Jefferson","27","0","2"
"05-09 years","Jefferson","45","0","0"
"10-17 years","Jefferson","134","0","2"
"18-29 years","Jefferson","294","0","3"
"30-39 years","Jefferson","248","0","10"
"40-49 years","Jefferson","250","4","20"
"50-59 years","Jefferson","302","6","27"
"60-69 years","Jefferson","273","13","40"
"70-79 years","Jefferson","170","19","44"
"80 & Older years","Jefferson","72","22","32"
"<1 years","Jefferson","6","0","1"
"Unknown years","Jefferson","9","0","0"
"01-04 years","Jenkins","22","0","0"
"05-09 years","Jenkins","29","0","0"
"10-17 years","Jenkins","82","0","1"
"18-29 years","Jenkins","149","0","2"
"30-39 years","Jenkins","102","2","6"
"40-49 years","Jenkins","139","3","14"
"50-59 years","Jenkins","155","7","26"
"60-69 years","Jenkins","96","7","13"
"70-79 years","Jenkins","63","13","21"
"80 & Older years","Jenkins","52","10","11"
"<1 years","Jenkins","3","0","0"
"Unknown years","Jenkins","1","0","0"
"01-04 years","Johnson","12","0","1"
"05-09 years","Johnson","20","0","0"
"10-17 years","Johnson","63","0","1"
"18-29 years","Johnson","164","0","5"
"30-39 years","Johnson","135","0","5"
"40-49 years","Johnson","130","3","6"
"50-59 years","Johnson","156","6","17"
"60-69 years","Johnson","145","9","23"
"70-79 years","Johnson","100","10","25"
"80 & Older years","Johnson","73","19","23"
"<1 years","Johnson","9","0","2"
"01-04 years","Jones","28","0","1"
"05-09 years","Jones","65","0","0"
"10-17 years","Jones","187","0","1"
"18-29 years","Jones","488","2","11"
"30-39 years","Jones","422","1","13"
"40-49 years","Jones","384","4","21"
"50-59 years","Jones","383","6","38"
"60-69 years","Jones","279","12","51"
"70-79 years","Jones","179","28","58"
"80 & Older years","Jones","96","23","28"
"<1 years","Jones","7","0","0"
"Unknown years","Jones","2","0","0"
"01-04 years","Lamar","62","0","0"
"05-09 years","Lamar","106","0","0"
"10-17 years","Lamar","286","0","4"
"18-29 years","Lamar","369","0","8"
"30-39 years","Lamar","312","2","15"
"40-49 years","Lamar","283","5","16"
"50-59 years","Lamar","273","7","36"
"60-69 years","Lamar","262","16","33"
"70-79 years","Lamar","164","17","31"
"80 & Older years","Lamar","78","23","21"
"<1 years","Lamar","39","0","1"
"Unknown years","Lamar","1","0","0"
"01-04 years","Lanier","15","0","0"
"05-09 years","Lanier","23","0","1"
"10-17 years","Lanier","82","0","1"
"18-29 years","Lanier","151","1","2"
"30-39 years","Lanier","171","0","2"
"40-49 years","Lanier","105","1","3"
"50-59 years","Lanier","91","1","7"
"60-69 years","Lanier","57","3","3"
"70-79 years","Lanier","39","4","6"
"80 & Older years","Lanier","17","0","6"
"<1 years","Lanier","5","0","0"
"Unknown years","Lanier","1","0","0"
"01-04 years","Laurens","100","0","1"
"05-09 years","Laurens","162","0","2"
"10-17 years","Laurens","562","0","5"
"18-29 years","Laurens","1087","0","11"
"30-39 years","Laurens","859","2","22"
"40-49 years","Laurens","838","8","35"
"50-59 years","Laurens","770","22","69"
"60-69 years","Laurens","612","41","92"
"70-79 years","Laurens","388","56","95"
"80 & Older years","Laurens","252","54","68"
"<1 years","Laurens","29","0","4"
"Unknown years","Laurens","6","0","0"
"01-04 years","Lee","53","0","0"
"05-09 years","Lee","85","0","3"
"10-17 years","Lee","260","0","4"
"18-29 years","Lee","403","1","20"
"30-39 years","Lee","470","1","25"
"40-49 years","Lee","445","7","43"
"50-59 years","Lee","375","14","66"
"60-69 years","Lee","253","18","54"
"70-79 years","Lee","113","15","39"
"80 & Older years","Lee","70","12","28"
"<1 years","Lee","13","0","0"
"Unknown years","Lee","4","0","0"
"01-04 years","Liberty","218","0","2"
"05-09 years","Liberty","343","0","2"
"10-17 years","Liberty","743","0","3"
"18-29 years","Liberty","1833","2","22"
"30-39 years","Liberty","1098","2","36"
"40-49 years","Liberty","708","4","25"
"50-59 years","Liberty","630","17","64"
"60-69 years","Liberty","397","20","66"
"70-79 years","Liberty","175","19","62"
"80 & Older years","Liberty","74","20","27"
"<1 years","Liberty","64","0","1"
"Unknown years","Liberty","22","0","0"
"01-04 years","Lincoln","15","0","0"
"05-09 years","Lincoln","20","0","0"
"10-17 years","Lincoln","49","0","0"
"18-29 years","Lincoln","118","0","4"
"30-39 years","Lincoln","96","0","3"
"40-49 years","Lincoln","100","1","9"
"50-59 years","Lincoln","88","3","5"
"60-69 years","Lincoln","88","7","18"
"70-79 years","Lincoln","58","9","15"
"80 & Older years","Lincoln","22","7","10"
"<1 years","Lincoln","4","0","0"
"Unknown years","Lincoln","5","0","0"
"01-04 years","Long","43","0","0"
"05-09 years","Long","71","0","0"
"10-17 years","Long","175","0","0"
"18-29 years","Long","255","0","0"
"30-39 years","Long","241","2","6"
"40-49 years","Long","193","2","10"
"50-59 years","Long","124","2","14"
"60-69 years","Long","99","3","16"
"70-79 years","Long","51","6","15"
"80 & Older years","Long","22","2","10"
"<1 years","Long","13","0","0"
"Unknown years","Long","2","0","0"
"01-04 years","Lowndes","247","0","0"
"05-09 years","Lowndes","345","0","1"
"10-17 years","Lowndes","940","0","10"
"18-29 years","Lowndes","3173","5","36"
"30-39 years","Lowndes","1829","6","34"
"40-49 years","Lowndes","1420","11","56"
"50-59 years","Lowndes","1188","19","80"
"60-69 years","Lowndes","796","43","101"
"70-79 years","Lowndes","462","55","88"
"80 & Older years","Lowndes","267","65","71"
"<1 years","Lowndes","79","0","1"
"Unknown years","Lowndes","18","0","0"
"01-04 years","Lumpkin","31","0","1"
"05-09 years","Lumpkin","108","0","4"
"10-17 years","Lumpkin","311","0","3"
"18-29 years","Lumpkin","1090","0","18"
"30-39 years","Lumpkin","574","1","16"
"40-49 years","Lumpkin","537","1","30"
"50-59 years","Lumpkin","601","8","68"
"60-69 years","Lumpkin","529","14","79"
"70-79 years","Lumpkin","354","19","92"
"80 & Older years","Lumpkin","178","37","84"
"<1 years","Lumpkin","16","0","1"
"Unknown years","Lumpkin","31","0","2"
"01-04 years","Macon","15","0","0"
"05-09 years","Macon","20","0","0"
"10-17 years","Macon","38","0","0"
"18-29 years","Macon","151","0","4"
"30-39 years","Macon","120","0","4"
"40-49 years","Macon","141","3","9"
"50-59 years","Macon","152","6","20"
"60-69 years","Macon","93","9","28"
"70-79 years","Macon","63","7","21"
"80 & Older years","Macon","25","10","10"
"<1 years","Macon","4","0","0"
"Unknown years","Macon","5","0","1"
"01-04 years","Madison","81","0","2"
"05-09 years","Madison","123","0","0"
"10-17 years","Madison","413","0","1"
"18-29 years","Madison","774","0","15"
"30-39 years","Madison","626","1","17"
"40-49 years","Madison","604","1","28"
"50-59 years","Madison","603","7","40"
"60-69 years","Madison","458","10","52"
"70-79 years","Madison","276","20","60"
"80 & Older years","Madison","102","16","21"
"<1 years","Madison","33","0","6"
"Unknown years","Madison","5","0","0"
"01-04 years","Marion","10","0","0"
"05-09 years","Marion","25","0","1"
"10-17 years","Marion","77","0","0"
"18-29 years","Marion","110","0","3"
"30-39 years","Marion","79","0","3"
"40-49 years","Marion","96","2","7"
"50-59 years","Marion","90","6","8"
"60-69 years","Marion","71","8","10"
"70-79 years","Marion","41","6","11"
"80 & Older years","Marion","37","9","12"
"<1 years","Marion","5","0","0"
"Unknown years","Marion","7","0","0"
"01-04 years","McDuffie","37","0","0"
"05-09 years","McDuffie","50","0","0"
"10-17 years","McDuffie","192","0","0"
"18-29 years","McDuffie","446","0","8"
"30-39 years","McDuffie","340","2","8"
"40-49 years","McDuffie","330","2","21"
"50-59 years","McDuffie","316","11","39"
"60-69 years","McDuffie","245","12","42"
"70-79 years","McDuffie","142","13","54"
"80 & Older years","McDuffie","68","15","30"
"<1 years","McDuffie","4","0","0"
"Unknown years","McDuffie","19","0","0"
"01-04 years","McIntosh","19","0","0"
"05-09 years","McIntosh","50","0","0"
"10-17 years","McIntosh","186","0","0"
"18-29 years","McIntosh","213","0","4"
"30-39 years","McIntosh","187","0","3"
"40-49 years","McIntosh","194","0","4"
"50-59 years","McIntosh","217","2","9"
"60-69 years","McIntosh","166","5","25"
"70-79 years","McIntosh","99","9","22"
"80 & Older years","McIntosh","36","9","12"
"<1 years","McIntosh","2","0","0"
"Unknown years","McIntosh","8","0","0"
"01-04 years","Meriwether","51","0","2"
"05-09 years","Meriwether","59","0","1"
"10-17 years","Meriwether","157","0","2"
"18-29 years","Meriwether","333","0","12"
"30-39 years","Meriwether","265","2","17"
"40-49 years","Meriwether","316","4","25"
"50-59 years","Meriwether","327","8","33"
"60-69 years","Meriwether","287","16","43"
"70-79 years","Meriwether","225","27","47"
"80 & Older years","Meriwether","113","31","25"
"<1 years","Meriwether","14","0","2"
"Unknown years","Meriwether","2","0","0"
"01-04 years","Miller","17","0","0"
"05-09 years","Miller","32","0","0"
"10-17 years","Miller","126","0","1"
"18-29 years","Miller","163","0","1"
"30-39 years","Miller","142","0","0"
"40-49 years","Miller","116","1","7"
"50-59 years","Miller","167","3","16"
"60-69 years","Miller","120","4","13"
"70-79 years","Miller","43","3","4"
"80 & Older years","Miller","31","3","7"
"<1 years","Miller","5","0","0"
"01-04 years","Mitchell","42","0","1"
"05-09 years","Mitchell","67","0","0"
"10-17 years","Mitchell","175","0","4"
"18-29 years","Mitchell","376","1","14"
"30-39 years","Mitchell","329","1","16"
"40-49 years","Mitchell","297","7","25"
"50-59 years","Mitchell","319","12","60"
"60-69 years","Mitchell","260","18","61"
"70-79 years","Mitchell","157","22","57"
"80 & Older years","Mitchell","99","27","34"
"<1 years","Mitchell","15","0","1"
"Unknown years","Mitchell","1","0","0"
"01-04 years","Monroe","21","0","2"
"05-09 years","Monroe","57","0","1"
"10-17 years","Monroe","186","0","0"
"18-29 years","Monroe","465","2","8"
"30-39 years","Monroe","383","0","10"
"40-49 years","Monroe","414","6","24"
"50-59 years","Monroe","446","6","30"
"60-69 years","Monroe","378","28","65"
"70-79 years","Monroe","208","28","52"
"80 & Older years","Monroe","131","44","42"
"<1 years","Monroe","5","0","1"
"01-04 years","Montgomery","15","0","0"
"05-09 years","Montgomery","20","0","0"
"10-17 years","Montgomery","101","0","1"
"18-29 years","Montgomery","228","0","2"
"30-39 years","Montgomery","170","2","6"
"40-49 years","Montgomery","172","0","3"
"50-59 years","Montgomery","163","4","10"
"60-69 years","Montgomery","132","7","13"
"70-79 years","Montgomery","72","9","13"
"80 & Older years","Montgomery","37","10","7"
"<1 years","Montgomery","1","0","0"
"Unknown years","Montgomery","1","0","0"
"01-04 years","Morgan","38","0","0"
"05-09 years","Morgan","68","0","1"
"10-17 years","Morgan","165","0","1"
"18-29 years","Morgan","310","0","6"
"30-39 years","Morgan","266","0","11"
"40-49 years","Morgan","253","1","9"
"50-59 years","Morgan","266","5","20"
"60-69 years","Morgan","195","7","24"
"70-79 years","Morgan","138","4","23"
"80 & Older years","Morgan","69","13","23"
"<1 years","Morgan","25","0","1"
"Unknown years","Morgan","1","0","0"
"01-04 years","Murray","123","0","2"
"05-09 years","Murray","173","0","3"
"10-17 years","Murray","651","0","3"
"18-29 years","Murray","1234","0","14"
"30-39 years","Murray","889","2","12"
"40-49 years","Murray","987","7","32"
"50-59 years","Murray","849","14","66"
"60-69 years","Murray","574","20","89"
"70-79 years","Murray","348","44","75"
"80 & Older years","Murray","129","26","33"
"<1 years","Murray","37","0","2"
"Unknown years","Murray","1","0","0"
"01-04 years","Muscogee","427","0","8"
"05-09 years","Muscogee","725","0","0"
"10-17 years","Muscogee","1841","0","18"
"18-29 years","Muscogee","4581","7","107"
"30-39 years","Muscogee","3426","5","147"
"40-49 years","Muscogee","2729","13","175"
"50-59 years","Muscogee","2626","62","295"
"60-69 years","Muscogee","2021","114","367"
"70-79 years","Muscogee","1079","124","274"
"80 & Older years","Muscogee","649","177","230"
"<1 years","Muscogee","123","0","7"
"Unknown years","Muscogee","53","0","0"
"01-04 years","Newton","157","0","4"
"05-09 years","Newton","357","0","2"
"10-17 years","Newton","973","0","30"
"18-29 years","Newton","2010","1","99"
"30-39 years","Newton","1749","3","114"
"40-49 years","Newton","1870","17","164"
"50-59 years","Newton","1694","42","201"
"60-69 years","Newton","967","54","168"
"70-79 years","Newton","617","79","161"
"80 & Older years","Newton","359","92","111"
"<1 years","Newton","61","0","8"
"Unknown years","Newton","6","0","1"
"01-04 years","Non-GA Resident/Unknown State","479","0","10"
"05-09 years","Non-GA Resident/Unknown State","782","0","7"
"10-17 years","Non-GA Resident/Unknown State","2098","0","13"
"18-29 years","Non-GA Resident/Unknown State","7612","8","118"
"30-39 years","Non-GA Resident/Unknown State","5711","10","158"
"40-49 years","Non-GA Resident/Unknown State","4730","29","207"
"50-59 years","Non-GA Resident/Unknown State","4479","84","333"
"60-69 years","Non-GA Resident/Unknown State","3249","163","402"
"70-79 years","Non-GA Resident/Unknown State","2048","178","403"
"80 & Older years","Non-GA Resident/Unknown State","1131","173","275"
"<1 years","Non-GA Resident/Unknown State","228","0","4"
"Unknown years","Non-GA Resident/Unknown State","906","0","11"
"01-04 years","Oconee","65","0","0"
"05-09 years","Oconee","155","0","0"
"10-17 years","Oconee","524","0","1"
"18-29 years","Oconee","748","0","10"
"30-39 years","Oconee","512","1","8"
"40-49 years","Oconee","799","1","22"
"50-59 years","Oconee","634","5","16"
"60-69 years","Oconee","409","12","43"
"70-79 years","Oconee","232","18","33"
"80 & Older years","Oconee","157","33","47"
"<1 years","Oconee","15","0","0"
"Unknown years","Oconee","4","0","0"
"01-04 years","Oglethorpe","27","0","0"
"05-09 years","Oglethorpe","56","0","0"
"10-17 years","Oglethorpe","162","0","2"
"18-29 years","Oglethorpe","292","0","6"
"30-39 years","Oglethorpe","206","2","5"
"40-49 years","Oglethorpe","241","2","14"
"50-59 years","Oglethorpe","239","1","26"
"60-69 years","Oglethorpe","196","1","19"
"70-79 years","Oglethorpe","137","15","21"
"80 & Older years","Oglethorpe","77","16","21"
"<1 years","Oglethorpe","11","0","0"
"Unknown years","Oglethorpe","1","0","0"
"01-04 years","Paulding","268","0","3"
"05-09 years","Paulding","620","0","0"
"10-17 years","Paulding","1818","0","10"
"18-29 years","Paulding","2862","1","38"
"30-39 years","Paulding","2614","4","42"
"40-49 years","Paulding","2723","11","67"
"50-59 years","Paulding","2417","30","105"
"60-69 years","Paulding","1274","52","104"
"70-79 years","Paulding","686","50","95"
"80 & Older years","Paulding","390","78","80"
"<1 years","Paulding","68","0","0"
"Unknown years","Paulding","40","0","1"
"01-04 years","Peach","33","0","2"
"05-09 years","Peach","49","0","0"
"10-17 years","Peach","165","0","2"
"18-29 years","Peach","569","2","14"
"30-39 years","Peach","458","1","20"
"40-49 years","Peach","370","6","29"
"50-59 years","Peach","377","11","54"
"60-69 years","Peach","328","19","70"
"70-79 years","Peach","171","22","53"
"80 & Older years","Peach","81","17","37"
"<1 years","Peach","4","0","0"
"Unknown years","Peach","2","0","0"
"01-04 years","Pickens","36","0","3"
"05-09 years","Pickens","76","0","1"
"10-17 years","Pickens","259","0","2"
"18-29 years","Pickens","573","0","9"
"30-39 years","Pickens","468","1","19"
"40-49 years","Pickens","527","1","27"
"50-59 years","Pickens","604","9","42"
"60-69 years","Pickens","469","14","67"
"70-79 years","Pickens","331","27","81"
"80 & Older years","Pickens","143","30","47"
"<1 years","Pickens","5","0","1"
"01-04 years","Pierce","51","0","0"
"05-09 years","Pierce","71","0","0"
"10-17 years","Pierce","210","1","1"
"18-29 years","Pierce","383","0","7"
"30-39 years","Pierce","291","1","11"
"40-49 years","Pierce","340","5","25"
"50-59 years","Pierce","314","13","38"
"60-69 years","Pierce","228","17","55"
"70-79 years","Pierce","164","23","55"
"80 & Older years","Pierce","62","16","21"
"<1 years","Pierce","19","0","1"
"Unknown years","Pierce","35","0","0"
"01-04 years","Pike","54","0","0"
"05-09 years","Pike","87","0","0"
"10-17 years","Pike","231","0","1"
"18-29 years","Pike","256","2","9"
"30-39 years","Pike","281","1","4"
"40-49 years","Pike","314","2","14"
"50-59 years","Pike","257","8","19"
"60-69 years","Pike","180","12","28"
"70-79 years","Pike","109","9","26"
"80 & Older years","Pike","42","11","10"
"<1 years","Pike","17","0","0"
"Unknown years","Pike","1","0","0"
"01-04 years","Polk","90","0","2"
"05-09 years","Polk","177","0","3"
"10-17 years","Polk","649","0","5"
"18-29 years","Polk","1275","0","21"
"30-39 years","Polk","957","1","30"
"40-49 years","Polk","910","6","55"
"50-59 years","Polk","892","18","104"
"60-69 years","Polk","582","28","101"
"70-79 years","Polk","418","37","120"
"80 & Older years","Polk","177","31","60"
"<1 years","Polk","51","0","2"
"Unknown years","Polk","26","0","0"
"01-04 years","Pulaski","14","0","0"
"05-09 years","Pulaski","29","0","0"
"10-17 years","Pulaski","90","0","1"
"18-29 years","Pulaski","146","0","3"
"30-39 years","Pulaski","131","0","2"
"40-49 years","Pulaski","121","0","10"
"50-59 years","Pulaski","129","1","8"
"60-69 years","Pulaski","109","9","15"
"70-79 years","Pulaski","49","13","16"
"80 & Older years","Pulaski","41","12","6"
"<1 years","Pulaski","3","0","0"
"01-04 years","Putnam","42","0","0"
"05-09 years","Putnam","71","0","1"
"10-17 years","Putnam","221","0","2"
"18-29 years","Putnam","417","0","5"
"30-39 years","Putnam","372","0","11"
"40-49 years","Putnam","309","2","16"
"50-59 years","Putnam","404","2","31"
"60-69 years","Putnam","343","19","43"
"70-79 years","Putnam","255","25","64"
"80 & Older years","Putnam","107","24","40"
"<1 years","Putnam","7","0","1"
"Unknown years","Putnam","1","0","0"
"01-04 years","Quitman","2","0","0"
"05-09 years","Quitman","6","0","0"
"10-17 years","Quitman","13","0","0"
"18-29 years","Quitman","16","0","1"
"30-39 years","Quitman","13","0","1"
"40-49 years","Quitman","6","0","1"
"50-59 years","Quitman","18","0","2"
"60-69 years","Quitman","29","1","6"
"70-79 years","Quitman","6","1","1"
"80 & Older years","Quitman","9","1","2"
"<1 years","Quitman","2","0","0"
"01-04 years","Rabun","24","0","0"
"05-09 years","Rabun","53","0","0"
"10-17 years","Rabun","194","0","2"
"18-29 years","Rabun","297","1","7"
"30-39 years","Rabun","258","1","15"
"40-49 years","Rabun","263","1","14"
"50-59 years","Rabun","303","3","32"
"60-69 years","Rabun","300","11","38"
"70-79 years","Rabun","221","13","44"
"80 & Older years","Rabun","98","19","35"
"<1 years","Rabun","7","0","1"
"Unknown years","Rabun","12","0","0"
"01-04 years","Randolph","4","0","0"
"05-09 years","Randolph","10","0","0"
"10-17 years","Randolph","24","0","3"
"18-29 years","Randolph","83","0","3"
"30-39 years","Randolph","87","2","8"
"40-49 years","Randolph","75","0","8"
"50-59 years","Randolph","110","6","23"
"60-69 years","Randolph","84","9","19"
"70-79 years","Randolph","54","5","18"
"80 & Older years","Randolph","49","15","16"
"<1 years","Randolph","1","0","0"
"Unknown years","Randolph","3","0","0"
"01-04 years","Richmond","474","0","2"
"05-09 years","Richmond","965","0","5"
"10-17 years","Richmond","2414","0","23"
"18-29 years","Richmond","6084","12","84"
"30-39 years","Richmond","4595","9","120"
"40-49 years","Richmond","3487","25","154"
"50-59 years","Richmond","3257","50","271"
"60-69 years","Richmond","2456","106","341"
"70-79 years","Richmond","1291","134","357"
"80 & Older years","Richmond","764","173","302"
"<1 years","Richmond","129","0","5"
"Unknown years","Richmond","34","0","1"
"01-04 years","Rockdale","132","0","10"
"05-09 years","Rockdale","278","0","9"
"10-17 years","Rockdale","745","0","28"
"18-29 years","Rockdale","1688","2","120"
"30-39 years","Rockdale","1418","4","160"
"40-49 years","Rockdale","1461","9","176"
"50-59 years","Rockdale","1381","20","250"
"60-69 years","Rockdale","843","40","218"
"70-79 years","Rockdale","470","61","190"
"80 & Older years","Rockdale","257","60","134"
"<1 years","Rockdale","29","0","2"
"Unknown years","Rockdale","8","0","0"
"01-04 years","Schley","9","0","0"
"05-09 years","Schley","11","0","0"
"10-17 years","Schley","34","0","0"
"18-29 years","Schley","61","0","2"
"30-39 years","Schley","35","0","0"
"40-49 years","Schley","53","0","5"
"50-59 years","Schley","47","1","7"
"60-69 years","Schley","31","1","7"
"70-79 years","Schley","16","3","4"
"80 & Older years","Schley","8","2","2"
"<1 years","Schley","1","0","0"
"Unknown years","Schley","6","0","0"
"01-04 years","Screven","26","0","1"
"05-09 years","Screven","40","0","0"
"10-17 years","Screven","167","0","1"
"18-29 years","Screven","218","0","4"
"30-39 years","Screven","205","1","7"
"40-49 years","Screven","179","2","10"
"50-59 years","Screven","167","5","19"
"60-69 years","Screven","174","4","18"
"70-79 years","Screven","100","8","21"
"80 & Older years","Screven","45","8","13"
"<1 years","Screven","8","0","0"
"Unknown years","Screven","4","0","0"
"01-04 years","Seminole","22","0","0"
"05-09 years","Seminole","46","0","0"
"10-17 years","Seminole","138","0","0"
"18-29 years","Seminole","192","0","3"
"30-39 years","Seminole","154","0","3"
"40-49 years","Seminole","157","0","10"
"50-59 years","Seminole","167","3","7"
"60-69 years","Seminole","173","6","32"
"70-79 years","Seminole","92","6","18"
"80 & Older years","Seminole","44","7","17"
"<1 years","Seminole","4","0","0"
"Unknown years","Seminole","1","0","0"
"01-04 years","Spalding","147","0","4"
"05-09 years","Spalding","204","0","1"
"10-17 years","Spalding","490","0","6"
"18-29 years","Spalding","1194","1","39"
"30-39 years","Spalding","1023","4","45"
"40-49 years","Spalding","979","10","73"
"50-59 years","Spalding","973","27","113"
"60-69 years","Spalding","724","50","124"
"70-79 years","Spalding","491","60","112"
"80 & Older years","Spalding","291","62","81"
"<1 years","Spalding","39","0","1"
"Unknown years","Spalding","31","0","2"
"01-04 years","Stephens","41","0","2"
"05-09 years","Stephens","101","0","1"
"10-17 years","Stephens","413","0","4"
"18-29 years","Stephens","788","1","22"
"30-39 years","Stephens","521","0","9"
"40-49 years","Stephens","615","1","27"
"50-59 years","Stephens","655","8","50"
"60-69 years","Stephens","594","28","80"
"70-79 years","Stephens","397","25","83"
"80 & Older years","Stephens","195","30","45"
"<1 years","Stephens","8","0","0"
"Unknown years","Stephens","16","0","0"
"01-04 years","Stewart","6","0","1"
"05-09 years","Stewart","5","0","0"
"10-17 years","Stewart","26","0","0"
"18-29 years","Stewart","400","0","22"
"30-39 years","Stewart","380","1","27"
"40-49 years","Stewart","231","2","23"
"50-59 years","Stewart","117","2","17"
"60-69 years","Stewart","78","14","29"
"70-79 years","Stewart","28","4","6"
"80 & Older years","Stewart","22","5","7"
"<1 years","Stewart","3","0","0"
"Unknown years","Stewart","19","0","4"
"01-04 years","Sumter","58","0","1"
"05-09 years","Sumter","98","0","0"
"10-17 years","Sumter","198","0","6"
"18-29 years","Sumter","502","1","14"
"30-39 years","Sumter","379","1","32"
"40-49 years","Sumter","369","6","33"
"50-59 years","Sumter","398","6","49"
"60-69 years","Sumter","319","30","80"
"70-79 years","Sumter","207","31","61"
"80 & Older years","Sumter","136","35","54"
"<1 years","Sumter","29","0","2"
"Unknown years","Sumter","11","0","0"
"01-04 years","Talbot","16","0","1"
"05-09 years","Talbot","22","0","0"
"10-17 years","Talbot","53","0","0"
"18-29 years","Talbot","89","0","4"
"30-39 years","Talbot","53","0","3"
"40-49 years","Talbot","85","1","4"
"50-59 years","Talbot","97","5","10"
"60-69 years","Talbot","80","7","20"
"70-79 years","Talbot","46","6","8"
"80 & Older years","Talbot","23","4","9"
"<1 years","Talbot","1","0","0"
"Unknown years","Talbot","3","0","0"
"01-04 years","Taliaferro","2","0","0"
"05-09 years","Taliaferro","1","0","0"
"10-17 years","Taliaferro","11","0","0"
"18-29 years","Taliaferro","20","0","0"
"30-39 years","Taliaferro","19","0","0"
"40-49 years","Taliaferro","23","0","2"
"50-59 years","Taliaferro","12","0","0"
"60-69 years","Taliaferro","25","1","4"
"70-79 years","Taliaferro","11","1","3"
"80 & Older years","Taliaferro","4","1","2"
"01-04 years","Tattnall","61","0","1"
"05-09 years","Tattnall","86","0","1"
"10-17 years","Tattnall","282","0","2"
"18-29 years","Tattnall","475","1","3"
"30-39 years","Tattnall","439","2","9"
"40-49 years","Tattnall","416","0","10"
"50-59 years","Tattnall","429","12","27"
"60-69 years","Tattnall","302","21","41"
"70-79 years","Tattnall","159","28","44"
"80 & Older years","Tattnall","59","6","9"
"<1 years","Tattnall","17","0","0"
"Unknown years","Tattnall","8","0","0"
"01-04 years","Taylor","21","0","1"
"05-09 years","Taylor","25","0","0"
"10-17 years","Taylor","77","0","1"
"18-29 years","Taylor","126","1","5"
"30-39 years","Taylor","84","0","4"
"40-49 years","Taylor","125","1","12"
"50-59 years","Taylor","99","3","18"
"60-69 years","Taylor","87","7","21"
"70-79 years","Taylor","43","8","15"
"80 & Older years","Taylor","28","9","10"
"<1 years","Taylor","5","0","0"
"Unknown years","Taylor","12","0","0"
"01-04 years","Telfair","16","0","0"
"05-09 years","Telfair","25","0","0"
"10-17 years","Telfair","52","0","1"
"18-29 years","Telfair","187","0","4"
"30-39 years","Telfair","133","1","4"
"40-49 years","Telfair","140","2","8"
"50-59 years","Telfair","137","5","13"
"60-69 years","Telfair","119","11","20"
"70-79 years","Telfair","77","14","20"
"80 & Older years","Telfair","47","17","13"
"<1 years","Telfair","7","0","0"
"Unknown years","Telfair","3","0","0"
"01-04 years","Terrell","15","0","0"
"05-09 years","Terrell","24","0","0"
"10-17 years","Terrell","77","0","1"
"18-29 years","Terrell","113","0","6"
"30-39 years","Terrell","106","0","13"
"40-49 years","Terrell","91","0","12"
"50-59 years","Terrell","132","6","25"
"60-69 years","Terrell","113","14","42"
"70-79 years","Terrell","71","19","30"
"80 & Older years","Terrell","45","16","18"
"<1 years","Terrell","4","0","0"
"01-04 years","Thomas","161","1","2"
"05-09 years","Thomas","299","0","0"
"10-17 years","Thomas","777","0","3"
"18-29 years","Thomas","1007","2","34"
"30-39 years","Thomas","819","5","32"
"40-49 years","Thomas","811","10","50"
"50-59 years","Thomas","828","20","75"
"60-69 years","Thomas","626","22","123"
"70-79 years","Thomas","360","42","100"
"80 & Older years","Thomas","215","52","69"
"<1 years","Thomas","48","0","2"
"Unknown years","Thomas","7","0","0"
"01-04 years","Tift","101","0","6"
"05-09 years","Tift","157","0","4"
"10-17 years","Tift","418","0","10"
"18-29 years","Tift","1044","0","29"
"30-39 years","Tift","772","1","34"
"40-49 years","Tift","717","8","68"
"50-59 years","Tift","601","16","83"
"60-69 years","Tift","468","22","86"
"70-79 years","Tift","297","35","96"
"80 & Older years","Tift","172","39","66"
"<1 years","Tift","32","0","1"
"Unknown years","Tift","8","0","0"
"01-04 years","Toombs","50","0","0"
"05-09 years","Toombs","118","0","0"
"10-17 years","Toombs","344","0","2"
"18-29 years","Toombs","859","1","10"
"30-39 years","Toombs","656","1","10"
"40-49 years","Toombs","625","7","32"
"50-59 years","Toombs","610","11","37"
"60-69 years","Toombs","535","29","66"
"70-79 years","Toombs","335","43","55"
"80 & Older years","Toombs","187","46","39"
"<1 years","Toombs","21","0","0"
"Unknown years","Toombs","8","0","0"
"01-04 years","Towns","8","0","0"
"05-09 years","Towns","16","0","1"
"10-17 years","Towns","70","0","1"
"18-29 years","Towns","193","0","4"
"30-39 years","Towns","131","1","5"
"40-49 years","Towns","159","2","6"
"50-59 years","Towns","248","5","25"
"60-69 years","Towns","301","7","25"
"70-79 years","Towns","227","12","46"
"80 & Older years","Towns","158","35","63"
"<1 years","Towns","2","0","0"
"Unknown years","Towns","4","0","0"
"01-04 years","Treutlen","13","0","0"
"05-09 years","Treutlen","25","0","1"
"10-17 years","Treutlen","73","0","1"
"18-29 years","Treutlen","151","0","2"
"30-39 years","Treutlen","139","0","5"
"40-49 years","Treutlen","137","3","5"
"50-59 years","Treutlen","136","2","10"
"60-69 years","Treutlen","87","6","15"
"70-79 years","Treutlen","68","16","12"
"80 & Older years","Treutlen","39","11","10"
"<1 years","Treutlen","1","0","0"
"01-04 years","Troup","230","0","3"
"05-09 years","Troup","353","0","1"
"10-17 years","Troup","881","0","10"
"18-29 years","Troup","1707","2","36"
"30-39 years","Troup","1318","7","56"
"40-49 years","Troup","1134","10","67"
"50-59 years","Troup","1114","27","136"
"60-69 years","Troup","829","53","124"
"70-79 years","Troup","451","60","113"
"80 & Older years","Troup","299","85","77"
"<1 years","Troup","74","0","2"
"Unknown years","Troup","6","0","0"
"01-04 years","Turner","12","0","0"
"05-09 years","Turner","17","0","2"
"10-17 years","Turner","31","0","1"
"18-29 years","Turner","129","0","2"
"30-39 years","Turner","133","0","13"
"40-49 years","Turner","136","1","9"
"50-59 years","Turner","122","2","17"
"60-69 years","Turner","99","9","29"
"70-79 years","Turner","62","11","15"
"80 & Older years","Turner","38","16","16"
"<1 years","Turner","5","0","1"
"01-04 years","Twiggs","15","0","1"
"05-09 years","Twiggs","13","0","1"
"10-17 years","Twiggs","51","0","1"
"18-29 years","Twiggs","108","0","3"
"30-39 years","Twiggs","96","1","4"
"40-49 years","Twiggs","98","2","9"
"50-59 years","Twiggs","130","4","21"
"60-69 years","Twiggs","123","12","39"
"70-79 years","Twiggs","70","14","29"
"80 & Older years","Twiggs","33","15","18"
"<1 years","Twiggs","1","0","0"
"01-04 years","Union","21","0","1"
"05-09 years","Union","60","0","0"
"10-17 years","Union","188","0","2"
"18-29 years","Union","370","1","3"
"30-39 years","Union","370","1","6"
"40-49 years","Union","341","2","15"
"50-59 years","Union","445","5","34"
"60-69 years","Union","543","13","76"
"70-79 years","Union","453","28","91"
"80 & Older years","Union","252","49","82"
"<1 years","Union","4","0","1"
"Unknown years","Union","17","0","1"
"01-04 years","Unknown","49","0","1"
"05-09 years","Unknown","99","0","0"
"10-17 years","Unknown","278","0","0"
"18-29 years","Unknown","868","1","7"
"30-39 years","Unknown","483","0","9"
"40-49 years","Unknown","422","1","3"
"50-59 years","Unknown","373","1","5"
"60-69 years","Unknown","208","0","15"
"70-79 years","Unknown","128","1","11"
"80 & Older years","Unknown","53","1","8"
"<1 years","Unknown","44","0","0"
"Unknown years","Unknown","91","0","3"
"01-04 years","Upson","78","0","1"
"05-09 years","Upson","114","0","0"
"10-17 years","Upson","292","0","2"
"18-29 years","Upson","465","0","8"
"30-39 years","Upson","335","1","10"
"40-49 years","Upson","352","2","16"
"50-59 years","Upson","349","11","38"
"60-69 years","Upson","320","25","53"
"70-79 years","Upson","218","42","62"
"80 & Older years","Upson","127","45","44"
"<1 years","Upson","31","0","1"
"Unknown years","Upson","8","0","0"
"01-04 years","Walker","158","0","1"
"05-09 years","Walker","335","0","1"
"10-17 years","Walker","917","0","6"
"18-29 years","Walker","1673","0","20"
"30-39 years","Walker","1330","1","21"
"40-49 years","Walker","1474","4","40"
"50-59 years","Walker","1266","6","47"
"60-69 years","Walker","977","24","83"
"70-79 years","Walker","622","34","72"
"80 & Older years","Walker","292","36","46"
"<1 years","Walker","60","0","2"
"Unknown years","Walker","113","0","2"
"01-04 years","Walton","148","0","1"
"05-09 years","Walton","308","0","4"
"10-17 years","Walton","968","0","15"
"18-29 years","Walton","1852","3","57"
"30-39 years","Walton","1652","2","58"
"40-49 years","Walton","1731","6","90"
"50-59 years","Walton","1669","24","144"
"60-69 years","Walton","1143","42","151"
"70-79 years","Walton","800","88","160"
"80 & Older years","Walton","459","118","108"
"<1 years","Walton","50","0","3"
"Unknown years","Walton","23","0","0"
"01-04 years","Ware","119","0","1"
"05-09 years","Ware","151","0","0"
"10-17 years","Ware","419","0","4"
"18-29 years","Ware","849","1","15"
"30-39 years","Ware","687","3","34"
"40-49 years","Ware","615","5","48"
"50-59 years","Ware","577","30","111"
"60-69 years","Ware","430","35","94"
"70-79 years","Ware","327","52","117"
"80 & Older years","Ware","235","70","71"
"<1 years","Ware","40","0","2"
"Unknown years","Ware","2","0","0"
"01-04 years","Warren","8","0","0"
"05-09 years","Warren","10","0","0"
"10-17 years","Warren","35","0","0"
"18-29 years","Warren","101","0","3"
"30-39 years","Warren","68","0","5"
"40-49 years","Warren","71","2","6"
"50-59 years","Warren","80","3","9"
"60-69 years","Warren","58","3","10"
"70-79 years","Warren","44","6","15"
"80 & Older years","Warren","20","5","8"
"<1 years","Warren","5","0","1"
"Unknown years","Warren","4","0","0"
"01-04 years","Washington","59","0","0"
"05-09 years","Washington","80","0","0"
"10-17 years","Washington","280","0","3"
"18-29 years","Washington","375","0","8"
"30-39 years","Washington","352","1","12"
"40-49 years","Washington","344","6","16"
"50-59 years","Washington","310","9","17"
"60-69 years","Washington","271","15","33"
"70-79 years","Washington","139","13","27"
"80 & Older years","Washington","85","30","15"
"<1 years","Washington","24","0","0"
"Unknown years","Washington","1","0","0"
"01-04 years","Wayne","65","0","1"
"05-09 years","Wayne","108","0","0"
"10-17 years","Wayne","390","0","2"
"18-29 years","Wayne","725","1","14"
"30-39 years","Wayne","715","4","20"
"40-49 years","Wayne","729","9","50"
"50-59 years","Wayne","654","21","55"
"60-69 years","Wayne","492","35","90"
"70-79 years","Wayne","347","37","91"
"80 & Older years","Wayne","154","37","34"
"<1 years","Wayne","13","0","1"
"Unknown years","Wayne","2","0","0"
"05-09 years","Webster","7","0","0"
"10-17 years","Webster","16","0","0"
"18-29 years","Webster","30","0","1"
"30-39 years","Webster","16","0","1"
"40-49 years","Webster","24","0","2"
"50-59 years","Webster","25","3","7"
"60-69 years","Webster","27","1","4"
"70-79 years","Webster","9","1","2"
"80 & Older years","Webster","5","1","1"
"<1 years","Webster","1","0","0"
"Unknown years","Webster","3","0","0"
"01-04 years","Wheeler","3","0","0"
"05-09 years","Wheeler","8","0","1"
"10-17 years","Wheeler","37","0","0"
"18-29 years","Wheeler","85","0","0"
"30-39 years","Wheeler","102","2","2"
"40-49 years","Wheeler","102","3","3"
"50-59 years","Wheeler","110","8","12"
"60-69 years","Wheeler","65","5","9"
"70-79 years","Wheeler","49","7","12"
"80 & Older years","Wheeler","9","3","1"
"<1 years","Wheeler","2","0","0"
"Unknown years","Wheeler","23","0","1"
"01-04 years","White","39","0","1"
"05-09 years","White","111","0","1"
"10-17 years","White","423","0","2"
"18-29 years","White","667","1","12"
"30-39 years","White","541","2","11"
"40-49 years","White","603","7","30"
"50-59 years","White","679","7","62"
"60-69 years","White","589","17","76"
"70-79 years","White","451","25","105"
"80 & Older years","White","239","42","88"
"<1 years","White","10","0","0"
"Unknown years","White","21","0","0"
"01-04 years","Whitfield","292","0","3"
"05-09 years","Whitfield","594","0","3"
"10-17 years","Whitfield","1883","0","8"
"18-29 years","Whitfield","4379","2","57"
"30-39 years","Whitfield","2987","5","74"
"40-49 years","Whitfield","2973","11","92"
"50-59 years","Whitfield","2634","43","159"
"60-69 years","Whitfield","1566","56","185"
"70-79 years","Whitfield","867","70","163"
"80 & Older years","Whitfield","500","109","133"
"<1 years","Whitfield","92","0","5"
"Unknown years","Whitfield","4","0","0"
"01-04 years","Wilcox","18","0","1"
"05-09 years","Wilcox","28","0","0"
"10-17 years","Wilcox","53","0","0"
"18-29 years","Wilcox","73","0","1"
"30-39 years","Wilcox","70","0","2"
"40-49 years","Wilcox","92","0","12"
"50-59 years","Wilcox","97","2","16"
"60-69 years","Wilcox","107","10","29"
"70-79 years","Wilcox","58","11","11"
"80 & Older years","Wilcox","27","8","8"
"<1 years","Wilcox","6","0","1"
"01-04 years","Wilkes","10","0","0"
"05-09 years","Wilkes","24","0","0"
"10-17 years","Wilkes","74","0","0"
"18-29 years","Wilkes","161","0","3"
"30-39 years","Wilkes","110","0","6"
"40-49 years","Wilkes","139","1","16"
"50-59 years","Wilkes","127","2","11"
"60-69 years","Wilkes","103","4","22"
"70-79 years","Wilkes","74","8","25"
"80 & Older years","Wilkes","40","9","18"
"<1 years","Wilkes","4","0","1"
"Unknown years","Wilkes","1","0","0"
"01-04 years","Wilkinson","18","0","0"
"05-09 years","Wilkinson","26","0","0"
"10-17 years","Wilkinson","89","0","1"
"18-29 years","Wilkinson","177","0","3"
"30-39 years","Wilkinson","152","0","8"
"40-49 years","Wilkinson","147","0","8"
"50-59 years","Wilkinson","193","5","30"
"60-69 years","Wilkinson","171","15","46"
"70-79 years","Wilkinson","74","9","23"
"80 & Older years","Wilkinson","44","6","19"
"<1 years","Wilkinson","5","0","0"
"01-04 years","Worth","31","0","0"
"05-09 years","Worth","46","0","0"
"10-17 years","Worth","165","0","3"
"18-29 years","Worth","300","0","12"
"30-39 years","Worth","227","0","18"
"40-49 years","Worth","239","3","24"
"50-59 years","Worth","252","7","36"
"60-69 years","Worth","237","22","61"
"70-79 years","Worth","139","20","38"
"80 & Older years","Worth","85","22","29"
"<1 years","Worth","8","0","0"
"Unknown years","Worth","2","0","0"
