"age group","county name","cases","deaths","confirmed_case_hospitalization"
"01-04 years","Georgia","23541","3","348"
"05-09 years","Georgia","44742","5","313"
"10-17 years","Georgia","123478","15","1203"
"18-29 years","Georgia","278235","219","6005"
"30-39 years","Georgia","212068","575","7940"
"40-49 years","Georgia","196344","1298","11102"
"50-59 years","Georgia","178258","3062","16148"
"60-69 years","Georgia","119604","5473","18152"
"70-79 years","Georgia","67860","7006","16417"
"80 & Older years","Georgia","37208","8191","12011"
"<1 years","Georgia","7178","0","444"
"Unknown years","Georgia","2953","0","146"
"01-04 years","Appling","56","0","0"
"05-09 years","Appling","92","0","0"
"10-17 years","Appling","336","0","3"
"18-29 years","Appling","501","1","8"
"30-39 years","Appling","372","2","10"
"40-49 years","Appling","377","9","27"
"50-59 years","Appling","398","11","43"
"60-69 years","Appling","334","21","67"
"70-79 years","Appling","221","25","46"
"80 & Older years","Appling","113","28","40"
"<1 years","Appling","9","0","0"
"01-04 years","Atkinson","21","0","1"
"05-09 years","Atkinson","46","0","1"
"10-17 years","Atkinson","118","0","1"
"18-29 years","Atkinson","245","0","15"
"30-39 years","Atkinson","186","0","15"
"40-49 years","Atkinson","188","4","34"
"50-59 years","Atkinson","184","5","38"
"60-69 years","Atkinson","119","7","38"
"70-79 years","Atkinson","62","8","25"
"80 & Older years","Atkinson","21","8","14"
"<1 years","Atkinson","4","0","0"
"01-04 years","Bacon","40","0","0"
"05-09 years","Bacon","54","0","0"
"10-17 years","Bacon","170","0","1"
"18-29 years","Bacon","515","0","8"
"30-39 years","Bacon","283","1","10"
"40-49 years","Bacon","287","5","20"
"50-59 years","Bacon","218","3","21"
"60-69 years","Bacon","203","17","47"
"70-79 years","Bacon","124","13","34"
"80 & Older years","Bacon","56","13","20"
"<1 years","Bacon","13","0","0"
"Unknown years","Bacon","1","0","0"
"01-04 years","Baker","10","0","0"
"05-09 years","Baker","11","0","0"
"10-17 years","Baker","14","0","0"
"18-29 years","Baker","45","0","0"
"30-39 years","Baker","27","0","4"
"40-49 years","Baker","27","3","3"
"50-59 years","Baker","34","0","4"
"60-69 years","Baker","39","3","16"
"70-79 years","Baker","20","3","11"
"80 & Older years","Baker","15","4","6"
"<1 years","Baker","2","0","0"
"01-04 years","Baldwin","68","0","1"
"05-09 years","Baldwin","143","0","0"
"10-17 years","Baldwin","407","1","5"
"18-29 years","Baldwin","1592","0","19"
"30-39 years","Baldwin","695","2","20"
"40-49 years","Baldwin","682","5","43"
"50-59 years","Baldwin","669","22","76"
"60-69 years","Baldwin","515","39","89"
"70-79 years","Baldwin","314","42","69"
"80 & Older years","Baldwin","196","61","74"
"<1 years","Baldwin","28","0","1"
"Unknown years","Baldwin","1","0","0"
"01-04 years","Banks","28","0","1"
"05-09 years","Banks","60","0","1"
"10-17 years","Banks","198","0","5"
"18-29 years","Banks","467","0","18"
"30-39 years","Banks","343","0","17"
"40-49 years","Banks","363","4","27"
"50-59 years","Banks","370","6","39"
"60-69 years","Banks","304","14","66"
"70-79 years","Banks","215","23","75"
"80 & Older years","Banks","101","15","35"
"<1 years","Banks","15","0","2"
"Unknown years","Banks","17","0","1"
"01-04 years","Barrow","205","0","0"
"05-09 years","Barrow","433","0","0"
"10-17 years","Barrow","1359","1","12"
"18-29 years","Barrow","2582","1","57"
"30-39 years","Barrow","2308","3","81"
"40-49 years","Barrow","2276","11","116"
"50-59 years","Barrow","1878","19","166"
"60-69 years","Barrow","1250","47","194"
"70-79 years","Barrow","693","53","134"
"80 & Older years","Barrow","310","60","113"
"<1 years","Barrow","70","0","5"
"Unknown years","Barrow","13","0","2"
"01-04 years","Bartow","254","0","7"
"05-09 years","Bartow","435","0","4"
"10-17 years","Bartow","1500","0","16"
"18-29 years","Bartow","2962","0","36"
"30-39 years","Bartow","2436","6","63"
"40-49 years","Bartow","2450","8","115"
"50-59 years","Bartow","2477","34","209"
"60-69 years","Bartow","1567","74","207"
"70-79 years","Bartow","1054","105","241"
"80 & Older years","Bartow","491","92","142"
"<1 years","Bartow","85","0","6"
"Unknown years","Bartow","45","0","4"
"01-04 years","Ben Hill","39","0","1"
"05-09 years","Ben Hill","31","0","0"
"10-17 years","Ben Hill","149","0","0"
"18-29 years","Ben Hill","362","0","5"
"30-39 years","Ben Hill","267","3","12"
"40-49 years","Ben Hill","258","2","14"
"50-59 years","Ben Hill","278","8","34"
"60-69 years","Ben Hill","240","17","36"
"70-79 years","Ben Hill","160","22","56"
"80 & Older years","Ben Hill","77","19","21"
"<1 years","Ben Hill","11","0","2"
"01-04 years","Berrien","40","0","0"
"05-09 years","Berrien","43","0","0"
"10-17 years","Berrien","147","0","1"
"18-29 years","Berrien","291","0","0"
"30-39 years","Berrien","249","0","3"
"40-49 years","Berrien","197","1","7"
"50-59 years","Berrien","221","6","22"
"60-69 years","Berrien","175","11","26"
"70-79 years","Berrien","121","17","22"
"80 & Older years","Berrien","60","15","15"
"<1 years","Berrien","9","0","0"
"Unknown years","Berrien","1","0","0"
"01-04 years","Bibb","314","0","6"
"05-09 years","Bibb","543","0","1"
"10-17 years","Bibb","1582","0","14"
"18-29 years","Bibb","4573","4","125"
"30-39 years","Bibb","3373","11","185"
"40-49 years","Bibb","3098","28","298"
"50-59 years","Bibb","2796","61","405"
"60-69 years","Bibb","2142","134","538"
"70-79 years","Bibb","1211","163","449"
"80 & Older years","Bibb","727","190","365"
"<1 years","Bibb","91","0","8"
"Unknown years","Bibb","3","0","0"
"01-04 years","Bleckley","14","0","0"
"05-09 years","Bleckley","37","0","0"
"10-17 years","Bleckley","115","0","0"
"18-29 years","Bleckley","253","0","6"
"30-39 years","Bleckley","151","1","5"
"40-49 years","Bleckley","139","1","2"
"50-59 years","Bleckley","145","4","9"
"60-69 years","Bleckley","107","9","15"
"70-79 years","Bleckley","75","7","14"
"80 & Older years","Bleckley","62","18","13"
"<1 years","Bleckley","8","0","0"
"01-04 years","Brantley","35","0","0"
"05-09 years","Brantley","65","0","0"
"10-17 years","Brantley","207","0","1"
"18-29 years","Brantley","346","0","5"
"30-39 years","Brantley","273","2","7"
"40-49 years","Brantley","262","5","20"
"50-59 years","Brantley","301","18","33"
"60-69 years","Brantley","208","15","36"
"70-79 years","Brantley","141","24","44"
"80 & Older years","Brantley","61","13","17"
"<1 years","Brantley","5","0","0"
"01-04 years","Brooks","27","0","1"
"05-09 years","Brooks","49","0","0"
"10-17 years","Brooks","122","0","0"
"18-29 years","Brooks","258","0","4"
"30-39 years","Brooks","196","1","9"
"40-49 years","Brooks","186","2","15"
"50-59 years","Brooks","221","5","30"
"60-69 years","Brooks","139","11","28"
"70-79 years","Brooks","116","16","26"
"80 & Older years","Brooks","76","19","23"
"<1 years","Brooks","11","0","0"
"01-04 years","Bryan","119","0","0"
"05-09 years","Bryan","226","0","2"
"10-17 years","Bryan","598","0","4"
"18-29 years","Bryan","851","1","20"
"30-39 years","Bryan","799","4","27"
"40-49 years","Bryan","800","5","49"
"50-59 years","Bryan","549","8","52"
"60-69 years","Bryan","370","18","59"
"70-79 years","Bryan","222","19","83"
"80 & Older years","Bryan","80","10","31"
"<1 years","Bryan","48","0","3"
"Unknown years","Bryan","8","0","0"
"01-04 years","Bulloch","155","0","1"
"05-09 years","Bulloch","306","0","1"
"10-17 years","Bulloch","874","0","4"
"18-29 years","Bulloch","2995","1","14"
"30-39 years","Bulloch","1072","5","30"
"40-49 years","Bulloch","864","7","33"
"50-59 years","Bulloch","747","18","60"
"60-69 years","Bulloch","531","24","70"
"70-79 years","Bulloch","260","26","59"
"80 & Older years","Bulloch","127","19","43"
"<1 years","Bulloch","67","0","4"
"01-04 years","Burke","34","0","0"
"05-09 years","Burke","72","0","0"
"10-17 years","Burke","200","0","1"
"18-29 years","Burke","463","2","11"
"30-39 years","Burke","367","1","15"
"40-49 years","Burke","373","4","22"
"50-59 years","Burke","345","6","39"
"60-69 years","Burke","265","8","49"
"70-79 years","Burke","138","16","40"
"80 & Older years","Burke","48","12","20"
"<1 years","Burke","14","0","0"
"Unknown years","Burke","2","0","0"
"01-04 years","Butts","50","0","2"
"05-09 years","Butts","74","0","0"
"10-17 years","Butts","259","0","5"
"18-29 years","Butts","645","0","8"
"30-39 years","Butts","571","0","9"
"40-49 years","Butts","512","5","25"
"50-59 years","Butts","532","16","45"
"60-69 years","Butts","362","19","46"
"70-79 years","Butts","255","34","44"
"80 & Older years","Butts","145","39","13"
"<1 years","Butts","18","0","3"
"Unknown years","Butts","1","0","0"
"01-04 years","Calhoun","16","0","0"
"05-09 years","Calhoun","13","0","0"
"10-17 years","Calhoun","62","0","1"
"18-29 years","Calhoun","95","0","6"
"30-39 years","Calhoun","81","3","7"
"40-49 years","Calhoun","99","1","11"
"50-59 years","Calhoun","102","4","20"
"60-69 years","Calhoun","87","4","24"
"70-79 years","Calhoun","34","7","11"
"80 & Older years","Calhoun","22","2","10"
"<1 years","Calhoun","5","0","0"
"01-04 years","Camden","135","0","0"
"05-09 years","Camden","246","0","2"
"10-17 years","Camden","631","0","1"
"18-29 years","Camden","1357","0","11"
"30-39 years","Camden","1097","3","26"
"40-49 years","Camden","780","10","29"
"50-59 years","Camden","813","11","38"
"60-69 years","Camden","556","22","52"
"70-79 years","Camden","315","12","35"
"80 & Older years","Camden","130","22","29"
"<1 years","Camden","24","0","2"
"Unknown years","Camden","9","0","0"
"01-04 years","Candler","14","0","0"
"05-09 years","Candler","40","0","0"
"10-17 years","Candler","102","0","0"
"18-29 years","Candler","187","0","1"
"30-39 years","Candler","152","0","5"
"40-49 years","Candler","164","4","3"
"50-59 years","Candler","186","13","20"
"60-69 years","Candler","130","9","18"
"70-79 years","Candler","95","15","23"
"80 & Older years","Candler","35","8","15"
"<1 years","Candler","7","0","0"
"01-04 years","Carroll","172","0","1"
"05-09 years","Carroll","305","0","3"
"10-17 years","Carroll","1027","0","6"
"18-29 years","Carroll","2337","1","18"
"30-39 years","Carroll","1572","4","25"
"40-49 years","Carroll","1479","10","46"
"50-59 years","Carroll","1413","17","66"
"60-69 years","Carroll","996","33","98"
"70-79 years","Carroll","559","38","78"
"80 & Older years","Carroll","317","58","49"
"<1 years","Carroll","45","0","2"
"Unknown years","Carroll","10","0","1"
"01-04 years","Catoosa","170","0","1"
"05-09 years","Catoosa","300","0","1"
"10-17 years","Catoosa","909","0","2"
"18-29 years","Catoosa","1601","1","11"
"30-39 years","Catoosa","1287","2","14"
"40-49 years","Catoosa","1354","3","27"
"50-59 years","Catoosa","1209","11","50"
"60-69 years","Catoosa","833","13","73"
"70-79 years","Catoosa","499","26","76"
"80 & Older years","Catoosa","336","42","60"
"<1 years","Catoosa","65","0","1"
"Unknown years","Catoosa","71","0","4"
"01-04 years","Charlton","21","0","0"
"05-09 years","Charlton","45","0","0"
"10-17 years","Charlton","99","0","0"
"18-29 years","Charlton","410","1","3"
"30-39 years","Charlton","345","2","6"
"40-49 years","Charlton","281","3","14"
"50-59 years","Charlton","207","4","12"
"60-69 years","Charlton","200","12","32"
"70-79 years","Charlton","91","11","23"
"80 & Older years","Charlton","40","10","18"
"<1 years","Charlton","8","0","0"
"Unknown years","Charlton","1","0","0"
"01-04 years","Chatham","991","0","6"
"05-09 years","Chatham","1529","1","5"
"10-17 years","Chatham","3227","0","33"
"18-29 years","Chatham","7889","6","152"
"30-39 years","Chatham","5935","23","245"
"40-49 years","Chatham","4471","41","301"
"50-59 years","Chatham","3786","82","435"
"60-69 years","Chatham","2926","139","570"
"70-79 years","Chatham","1560","168","508"
"80 & Older years","Chatham","919","208","420"
"<1 years","Chatham","332","0","16"
"Unknown years","Chatham","26","0","2"
"01-04 years","Chattahoochee","10","0","0"
"05-09 years","Chattahoochee","27","0","0"
"10-17 years","Chattahoochee","184","0","2"
"18-29 years","Chattahoochee","4568","7","8"
"30-39 years","Chattahoochee","423","2","5"
"40-49 years","Chattahoochee","74","1","1"
"50-59 years","Chattahoochee","45","1","10"
"60-69 years","Chattahoochee","22","1","6"
"70-79 years","Chattahoochee","15","1","5"
"80 & Older years","Chattahoochee","9","3","5"
"<1 years","Chattahoochee","11","0","0"
"Unknown years","Chattahoochee","1","0","0"
"01-04 years","Chattooga","62","0","0"
"05-09 years","Chattooga","115","0","1"
"10-17 years","Chattooga","418","0","3"
"18-29 years","Chattooga","650","0","7"
"30-39 years","Chattooga","554","2","11"
"40-49 years","Chattooga","563","4","27"
"50-59 years","Chattooga","541","10","44"
"60-69 years","Chattooga","413","23","56"
"70-79 years","Chattooga","249","22","67"
"80 & Older years","Chattooga","146","30","38"
"<1 years","Chattooga","28","0","3"
"Unknown years","Chattooga","11","0","1"
"01-04 years","Cherokee","478","0","9"
"05-09 years","Cherokee","1201","0","11"
"10-17 years","Cherokee","3802","0","22"
"18-29 years","Cherokee","5981","1","119"
"30-39 years","Cherokee","4652","8","177"
"40-49 years","Cherokee","5197","13","236"
"50-59 years","Cherokee","4895","41","367"
"60-69 years","Cherokee","2962","83","396"
"70-79 years","Cherokee","1835","124","380"
"80 & Older years","Cherokee","1015","186","321"
"<1 years","Cherokee","127","0","7"
"Unknown years","Cherokee","9","0","0"
"01-04 years","Clarke","304","0","3"
"05-09 years","Clarke","518","0","7"
"10-17 years","Clarke","1156","0","16"
"18-29 years","Clarke","7929","0","88"
"30-39 years","Clarke","2331","3","74"
"40-49 years","Clarke","1861","5","97"
"50-59 years","Clarke","1563","16","125"
"60-69 years","Clarke","1035","35","143"
"70-79 years","Clarke","610","60","150"
"80 & Older years","Clarke","311","60","98"
"<1 years","Clarke","100","0","4"
"Unknown years","Clarke","11","0","0"
"01-04 years","Clay","3","0","0"
"05-09 years","Clay","5","0","0"
"10-17 years","Clay","23","0","0"
"18-29 years","Clay","38","0","0"
"30-39 years","Clay","39","0","2"
"40-49 years","Clay","40","0","2"
"50-59 years","Clay","24","1","3"
"60-69 years","Clay","27","1","2"
"70-79 years","Clay","21","0","0"
"80 & Older years","Clay","13","2","4"
"Unknown years","Clay","1","0","0"
"01-04 years","Clayton","861","0","15"
"05-09 years","Clayton","1502","1","11"
"10-17 years","Clayton","3571","1","57"
"18-29 years","Clayton","7376","9","202"
"30-39 years","Clayton","6744","33","307"
"40-49 years","Clayton","5695","53","335"
"50-59 years","Clayton","5012","109","463"
"60-69 years","Clayton","3119","192","420"
"70-79 years","Clayton","1295","177","286"
"80 & Older years","Clayton","600","157","171"
"<1 years","Clayton","203","0","14"
"Unknown years","Clayton","34","0","7"
"01-04 years","Clinch","23","0","0"
"05-09 years","Clinch","37","0","0"
"10-17 years","Clinch","101","0","0"
"18-29 years","Clinch","189","0","2"
"30-39 years","Clinch","152","1","5"
"40-49 years","Clinch","135","0","4"
"50-59 years","Clinch","139","3","19"
"60-69 years","Clinch","138","12","23"
"70-79 years","Clinch","67","10","23"
"80 & Older years","Clinch","23","8","10"
"<1 years","Clinch","7","0","0"
"01-04 years","Cobb","1511","1","24"
"05-09 years","Cobb","3474","0","27"
"10-17 years","Cobb","8410","0","69"
"18-29 years","Cobb","20235","9","308"
"30-39 years","Cobb","14641","36","369"
"40-49 years","Cobb","13647","60","559"
"50-59 years","Cobb","11733","123","774"
"60-69 years","Cobb","7157","233","770"
"70-79 years","Cobb","3878","359","717"
"80 & Older years","Cobb","2206","497","651"
"<1 years","Cobb","377","0","24"
"Unknown years","Cobb","75","0","2"
"01-04 years","Coffee","145","0","2"
"05-09 years","Coffee","229","0","3"
"10-17 years","Coffee","567","0","6"
"18-29 years","Coffee","1282","1","39"
"30-39 years","Coffee","994","5","66"
"40-49 years","Coffee","968","16","140"
"50-59 years","Coffee","917","24","195"
"60-69 years","Coffee","686","48","192"
"70-79 years","Coffee","353","53","161"
"80 & Older years","Coffee","187","45","104"
"<1 years","Coffee","42","0","4"
"01-04 years","Colquitt","86","0","0"
"05-09 years","Colquitt","211","0","2"
"10-17 years","Colquitt","680","0","12"
"18-29 years","Colquitt","1104","1","30"
"30-39 years","Colquitt","818","3","33"
"40-49 years","Colquitt","826","8","49"
"50-59 years","Colquitt","746","24","53"
"60-69 years","Colquitt","531","32","64"
"70-79 years","Colquitt","346","30","65"
"80 & Older years","Colquitt","183","37","41"
"<1 years","Colquitt","36","0","2"
"Unknown years","Colquitt","1","0","0"
"01-04 years","Columbia","238","1","3"
"05-09 years","Columbia","564","1","6"
"10-17 years","Columbia","1695","0","9"
"18-29 years","Columbia","2918","2","37"
"30-39 years","Columbia","2749","6","45"
"40-49 years","Columbia","2386","16","72"
"50-59 years","Columbia","1956","36","110"
"60-69 years","Columbia","1276","45","123"
"70-79 years","Columbia","664","66","143"
"80 & Older years","Columbia","392","85","130"
"<1 years","Columbia","67","0","4"
"Unknown years","Columbia","10","0","0"
"01-04 years","Cook","35","0","3"
"05-09 years","Cook","63","0","0"
"10-17 years","Cook","161","0","2"
"18-29 years","Cook","309","0","7"
"30-39 years","Cook","254","0","4"
"40-49 years","Cook","258","3","19"
"50-59 years","Cook","226","7","23"
"60-69 years","Cook","163","11","23"
"70-79 years","Cook","120","13","30"
"80 & Older years","Cook","74","19","16"
"<1 years","Cook","17","0","2"
"Unknown years","Cook","1","0","0"
"01-04 years","Coweta","256","0","3"
"05-09 years","Coweta","449","0","1"
"10-17 years","Coweta","1359","0","10"
"18-29 years","Coweta","2342","5","57"
"30-39 years","Coweta","1915","11","96"
"40-49 years","Coweta","2013","26","129"
"50-59 years","Coweta","2184","48","177"
"60-69 years","Coweta","1326","65","161"
"70-79 years","Coweta","827","97","151"
"80 & Older years","Coweta","435","96","95"
"<1 years","Coweta","62","0","5"
"Unknown years","Coweta","11","0","0"
"01-04 years","Crawford","4","0","0"
"05-09 years","Crawford","10","0","0"
"10-17 years","Crawford","49","0","2"
"18-29 years","Crawford","133","0","4"
"30-39 years","Crawford","136","1","11"
"40-49 years","Crawford","97","3","8"
"50-59 years","Crawford","162","9","24"
"60-69 years","Crawford","142","12","23"
"70-79 years","Crawford","70","12","23"
"80 & Older years","Crawford","32","3","15"
"01-04 years","Crisp","30","0","0"
"05-09 years","Crisp","53","0","0"
"10-17 years","Crisp","196","0","3"
"18-29 years","Crisp","313","0","13"
"30-39 years","Crisp","307","2","18"
"40-49 years","Crisp","265","4","23"
"50-59 years","Crisp","247","4","31"
"60-69 years","Crisp","230","19","46"
"70-79 years","Crisp","124","16","34"
"80 & Older years","Crisp","75","20","18"
"<1 years","Crisp","17","0","0"
"Unknown years","Crisp","7","0","0"
"01-04 years","Dade","36","0","0"
"05-09 years","Dade","82","0","0"
"10-17 years","Dade","211","0","1"
"18-29 years","Dade","359","0","1"
"30-39 years","Dade","249","0","2"
"40-49 years","Dade","278","1","8"
"50-59 years","Dade","235","3","14"
"60-69 years","Dade","197","2","12"
"70-79 years","Dade","131","9","22"
"80 & Older years","Dade","60","3","11"
"<1 years","Dade","9","0","0"
"Unknown years","Dade","20","0","1"
"01-04 years","Dawson","73","0","0"
"05-09 years","Dawson","128","0","0"
"10-17 years","Dawson","359","0","6"
"18-29 years","Dawson","811","0","20"
"30-39 years","Dawson","671","2","26"
"40-49 years","Dawson","616","1","40"
"50-59 years","Dawson","635","8","55"
"60-69 years","Dawson","496","13","95"
"70-79 years","Dawson","305","27","67"
"80 & Older years","Dawson","121","24","38"
"<1 years","Dawson","26","0","3"
"Unknown years","Dawson","23","0","1"
"01-04 years","DeKalb","1707","0","26"
"05-09 years","DeKalb","2950","0","31"
"10-17 years","DeKalb","6592","0","99"
"18-29 years","DeKalb","18596","14","579"
"30-39 years","DeKalb","16151","27","819"
"40-49 years","DeKalb","12562","63","909"
"50-59 years","DeKalb","10696","154","1171"
"60-69 years","DeKalb","6779","253","1273"
"70-79 years","DeKalb","3377","326","953"
"80 & Older years","DeKalb","1959","413","659"
"<1 years","DeKalb","395","0","26"
"Unknown years","DeKalb","169","0","12"
"01-04 years","Decatur","139","0","2"
"05-09 years","Decatur","165","0","0"
"10-17 years","Decatur","382","0","1"
"18-29 years","Decatur","677","1","17"
"30-39 years","Decatur","508","1","11"
"40-49 years","Decatur","504","3","31"
"50-59 years","Decatur","429","11","43"
"60-69 years","Decatur","320","17","54"
"70-79 years","Decatur","197","24","40"
"80 & Older years","Decatur","118","22","25"
"<1 years","Decatur","40","0","0"
"Unknown years","Decatur","5","0","0"
"01-04 years","Dodge","19","0","0"
"05-09 years","Dodge","40","0","0"
"10-17 years","Dodge","174","1","2"
"18-29 years","Dodge","295","0","6"
"30-39 years","Dodge","217","1","10"
"40-49 years","Dodge","229","3","13"
"50-59 years","Dodge","222","6","23"
"60-69 years","Dodge","172","19","31"
"70-79 years","Dodge","97","18","24"
"80 & Older years","Dodge","62","15","16"
"<1 years","Dodge","9","0","0"
"01-04 years","Dooly","16","0","0"
"05-09 years","Dooly","32","0","0"
"10-17 years","Dooly","106","0","1"
"18-29 years","Dooly","186","1","5"
"30-39 years","Dooly","141","0","11"
"40-49 years","Dooly","180","2","14"
"50-59 years","Dooly","174","6","22"
"60-69 years","Dooly","148","11","25"
"70-79 years","Dooly","69","10","20"
"80 & Older years","Dooly","26","8","6"
"<1 years","Dooly","7","0","0"
"Unknown years","Dooly","2","0","0"
"01-04 years","Dougherty","202","0","4"
"05-09 years","Dougherty","403","0","0"
"10-17 years","Dougherty","867","0","14"
"18-29 years","Dougherty","1737","3","132"
"30-39 years","Dougherty","1466","8","117"
"40-49 years","Dougherty","1286","30","164"
"50-59 years","Dougherty","1242","40","218"
"60-69 years","Dougherty","1009","101","322"
"70-79 years","Dougherty","553","89","221"
"80 & Older years","Dougherty","334","120","162"
"<1 years","Dougherty","69","0","7"
"Unknown years","Dougherty","7","0","0"
"01-04 years","Douglas","338","0","7"
"05-09 years","Douglas","670","0","9"
"10-17 years","Douglas","1884","1","26"
"18-29 years","Douglas","3395","0","65"
"30-39 years","Douglas","2945","6","104"
"40-49 years","Douglas","3154","12","167"
"50-59 years","Douglas","2716","33","220"
"60-69 years","Douglas","1590","58","228"
"70-79 years","Douglas","793","72","180"
"80 & Older years","Douglas","374","69","125"
"<1 years","Douglas","81","0","7"
"Unknown years","Douglas","14","0","2"
"01-04 years","Early","41","0","0"
"05-09 years","Early","54","0","0"
"10-17 years","Early","223","0","0"
"18-29 years","Early","253","1","9"
"30-39 years","Early","219","1","6"
"40-49 years","Early","237","1","13"
"50-59 years","Early","218","5","17"
"60-69 years","Early","147","12","20"
"70-79 years","Early","98","20","23"
"80 & Older years","Early","50","13","17"
"<1 years","Early","5","0","0"
"Unknown years","Early","1","0","0"
"01-04 years","Echols","11","0","0"
"05-09 years","Echols","8","0","0"
"10-17 years","Echols","32","0","1"
"18-29 years","Echols","141","0","2"
"30-39 years","Echols","68","1","4"
"40-49 years","Echols","51","0","1"
"50-59 years","Echols","52","1","2"
"60-69 years","Echols","24","0","0"
"70-79 years","Echols","20","2","3"
"80 & Older years","Echols","5","1","2"
"<1 years","Echols","3","0","0"
"01-04 years","Effingham","170","0","1"
"05-09 years","Effingham","360","0","3"
"10-17 years","Effingham","899","0","2"
"18-29 years","Effingham","1226","1","12"
"30-39 years","Effingham","1212","4","39"
"40-49 years","Effingham","1074","10","66"
"50-59 years","Effingham","969","32","110"
"60-69 years","Effingham","628","26","117"
"70-79 years","Effingham","346","39","105"
"80 & Older years","Effingham","156","41","48"
"<1 years","Effingham","56","0","5"
"Unknown years","Effingham","4","0","0"
"01-04 years","Elbert","35","0","0"
"05-09 years","Elbert","59","0","0"
"10-17 years","Elbert","154","0","2"
"18-29 years","Elbert","369","1","4"
"30-39 years","Elbert","279","0","12"
"40-49 years","Elbert","289","1","14"
"50-59 years","Elbert","295","2","24"
"60-69 years","Elbert","243","8","32"
"70-79 years","Elbert","192","23","49"
"80 & Older years","Elbert","149","36","49"
"<1 years","Elbert","16","0","4"
"Unknown years","Elbert","3","0","0"
"01-04 years","Emanuel","60","0","2"
"05-09 years","Emanuel","89","0","0"
"10-17 years","Emanuel","313","0","2"
"18-29 years","Emanuel","516","1","4"
"30-39 years","Emanuel","392","0","18"
"40-49 years","Emanuel","417","4","16"
"50-59 years","Emanuel","358","9","37"
"60-69 years","Emanuel","288","16","35"
"70-79 years","Emanuel","177","22","34"
"80 & Older years","Emanuel","73","21","23"
"<1 years","Emanuel","13","0","1"
"Unknown years","Emanuel","3","0","1"
"01-04 years","Evans","25","0","0"
"05-09 years","Evans","43","0","0"
"10-17 years","Evans","116","0","2"
"18-29 years","Evans","217","1","3"
"30-39 years","Evans","195","0","4"
"40-49 years","Evans","169","4","20"
"50-59 years","Evans","167","6","21"
"60-69 years","Evans","98","7","19"
"70-79 years","Evans","66","14","25"
"80 & Older years","Evans","24","4","14"
"<1 years","Evans","6","0","0"
"01-04 years","Fannin","31","0","1"
"05-09 years","Fannin","76","0","0"
"10-17 years","Fannin","277","0","2"
"18-29 years","Fannin","447","0","8"
"30-39 years","Fannin","379","2","10"
"40-49 years","Fannin","424","5","18"
"50-59 years","Fannin","542","6","45"
"60-69 years","Fannin","532","18","62"
"70-79 years","Fannin","375","26","72"
"80 & Older years","Fannin","187","37","56"
"<1 years","Fannin","9","0","0"
"Unknown years","Fannin","1","0","0"
"01-04 years","Fayette","163","0","1"
"05-09 years","Fayette","365","0","3"
"10-17 years","Fayette","1086","0","12"
"18-29 years","Fayette","1753","3","26"
"30-39 years","Fayette","1251","6","38"
"40-49 years","Fayette","1601","6","78"
"50-59 years","Fayette","1600","16","131"
"60-69 years","Fayette","1161","34","116"
"70-79 years","Fayette","613","77","148"
"80 & Older years","Fayette","392","79","93"
"<1 years","Fayette","43","0","2"
"Unknown years","Fayette","10","0","0"
"01-04 years","Floyd","272","0","6"
"05-09 years","Floyd","508","0","1"
"10-17 years","Floyd","1811","1","13"
"18-29 years","Floyd","3134","3","52"
"30-39 years","Floyd","2424","7","72"
"40-49 years","Floyd","2239","15","132"
"50-59 years","Floyd","2238","45","230"
"60-69 years","Floyd","1537","60","261"
"70-79 years","Floyd","944","86","259"
"80 & Older years","Floyd","513","97","184"
"<1 years","Floyd","111","0","4"
"Unknown years","Floyd","61","0","2"
"01-04 years","Forsyth","544","0","7"
"05-09 years","Forsyth","1600","0","2"
"10-17 years","Forsyth","4091","0","11"
"18-29 years","Forsyth","4414","0","64"
"30-39 years","Forsyth","3734","3","86"
"40-49 years","Forsyth","4861","10","177"
"50-59 years","Forsyth","4130","25","235"
"60-69 years","Forsyth","2131","44","230"
"70-79 years","Forsyth","1230","86","272"
"80 & Older years","Forsyth","687","110","205"
"<1 years","Forsyth","113","0","4"
"Unknown years","Forsyth","229","0","2"
"01-04 years","Franklin","41","0","1"
"05-09 years","Franklin","91","0","0"
"10-17 years","Franklin","322","0","6"
"18-29 years","Franklin","633","1","16"
"30-39 years","Franklin","463","0","11"
"40-49 years","Franklin","478","2","22"
"50-59 years","Franklin","475","4","36"
"60-69 years","Franklin","419","8","46"
"70-79 years","Franklin","267","27","50"
"80 & Older years","Franklin","127","26","32"
"<1 years","Franklin","20","0","3"
"Unknown years","Franklin","22","0","0"
"01-04 years","Fulton","2036","0","50"
"05-09 years","Fulton","3804","0","40"
"10-17 years","Fulton","9891","1","114"
"18-29 years","Fulton","28406","6","644"
"30-39 years","Fulton","21951","48","891"
"40-49 years","Fulton","17016","60","1015"
"50-59 years","Fulton","14562","179","1435"
"60-69 years","Fulton","8635","323","1321"
"70-79 years","Fulton","4445","447","1092"
"80 & Older years","Fulton","3029","627","989"
"<1 years","Fulton","500","0","39"
"Unknown years","Fulton","94","0","27"
"01-04 years","Gilmer","50","0","2"
"05-09 years","Gilmer","65","0","0"
"10-17 years","Gilmer","316","0","3"
"18-29 years","Gilmer","506","0","21"
"30-39 years","Gilmer","482","2","23"
"40-49 years","Gilmer","497","1","26"
"50-59 years","Gilmer","561","15","48"
"60-69 years","Gilmer","531","19","69"
"70-79 years","Gilmer","377","40","94"
"80 & Older years","Gilmer","176","42","56"
"<1 years","Gilmer","17","0","0"
"01-04 years","Glascock","1","0","0"
"05-09 years","Glascock","5","0","0"
"10-17 years","Glascock","6","0","0"
"18-29 years","Glascock","26","0","1"
"30-39 years","Glascock","23","0","2"
"40-49 years","Glascock","29","0","1"
"50-59 years","Glascock","38","2","5"
"60-69 years","Glascock","20","0","5"
"70-79 years","Glascock","28","3","9"
"80 & Older years","Glascock","9","2","5"
"<1 years","Glascock","1","0","0"
"Unknown years","Glascock","1","0","0"
"01-04 years","Glynn","292","0","2"
"05-09 years","Glynn","597","0","1"
"10-17 years","Glynn","1436","0","3"
"18-29 years","Glynn","2429","4","34"
"30-39 years","Glynn","2060","9","46"
"40-49 years","Glynn","1713","16","64"
"50-59 years","Glynn","1528","38","109"
"60-69 years","Glynn","1234","76","171"
"70-79 years","Glynn","714","75","121"
"80 & Older years","Glynn","376","87","119"
"<1 years","Glynn","73","0","3"
"Unknown years","Glynn","20","0","0"
"01-04 years","Gordon","153","0","1"
"05-09 years","Gordon","236","1","2"
"10-17 years","Gordon","921","0","7"
"18-29 years","Gordon","1755","3","19"
"30-39 years","Gordon","1397","4","30"
"40-49 years","Gordon","1407","9","44"
"50-59 years","Gordon","1317","23","76"
"60-69 years","Gordon","865","51","84"
"70-79 years","Gordon","464","45","101"
"80 & Older years","Gordon","234","42","65"
"<1 years","Gordon","58","0","3"
"Unknown years","Gordon","53","0","1"
"01-04 years","Grady","67","0","1"
"05-09 years","Grady","122","0","0"
"10-17 years","Grady","284","0","5"
"18-29 years","Grady","380","0","16"
"30-39 years","Grady","369","0","17"
"40-49 years","Grady","349","2","33"
"50-59 years","Grady","329","11","41"
"60-69 years","Grady","239","10","36"
"70-79 years","Grady","206","26","64"
"80 & Older years","Grady","68","18","25"
"<1 years","Grady","22","0","2"
"Unknown years","Grady","6","0","0"
"01-04 years","Greene","33","0","1"
"05-09 years","Greene","73","0","0"
"10-17 years","Greene","214","0","3"
"18-29 years","Greene","379","0","11"
"30-39 years","Greene","277","0","11"
"40-49 years","Greene","259","4","21"
"50-59 years","Greene","314","7","29"
"60-69 years","Greene","317","10","34"
"70-79 years","Greene","231","13","41"
"80 & Older years","Greene","126","30","50"
"<1 years","Greene","10","0","2"
"Unknown years","Greene","2","0","0"
"01-04 years","Gwinnett","2213","0","25"
"05-09 years","Gwinnett","4069","0","29"
"10-17 years","Gwinnett","11242","2","83"
"18-29 years","Gwinnett","24664","16","621"
"30-39 years","Gwinnett","19489","33","690"
"40-49 years","Gwinnett","20151","93","966"
"50-59 years","Gwinnett","16590","170","1160"
"60-69 years","Gwinnett","9338","296","1152"
"70-79 years","Gwinnett","4192","347","926"
"80 & Older years","Gwinnett","2272","477","798"
"<1 years","Gwinnett","654","0","28"
"Unknown years","Gwinnett","101","0","2"
"01-04 years","Habersham","63","0","2"
"05-09 years","Habersham","120","0","0"
"10-17 years","Habersham","484","1","10"
"18-29 years","Habersham","1214","1","21"
"30-39 years","Habersham","950","4","38"
"40-49 years","Habersham","961","5","63"
"50-59 years","Habersham","1017","13","93"
"60-69 years","Habersham","793","30","151"
"70-79 years","Habersham","547","63","146"
"80 & Older years","Habersham","348","78","108"
"<1 years","Habersham","38","0","11"
"Unknown years","Habersham","38","0","3"
"01-04 years","Hall","354","0","7"
"05-09 years","Hall","802","0","9"
"10-17 years","Hall","3141","0","41"
"18-29 years","Hall","7413","6","236"
"30-39 years","Hall","5273","8","281"
"40-49 years","Hall","5273","28","388"
"50-59 years","Hall","5336","60","565"
"60-69 years","Hall","3516","117","561"
"70-79 years","Hall","2240","173","624"
"80 & Older years","Hall","1233","245","467"
"<1 years","Hall","114","0","19"
"Unknown years","Hall","212","0","10"
"01-04 years","Hancock","9","0","0"
"05-09 years","Hancock","13","0","0"
"10-17 years","Hancock","51","0","1"
"18-29 years","Hancock","171","0","3"
"30-39 years","Hancock","143","1","4"
"40-49 years","Hancock","125","1","7"
"50-59 years","Hancock","167","6","18"
"60-69 years","Hancock","167","20","37"
"70-79 years","Hancock","90","22","28"
"80 & Older years","Hancock","68","25","25"
"<1 years","Hancock","5","0","0"
"01-04 years","Haralson","35","0","0"
"05-09 years","Haralson","66","0","0"
"10-17 years","Haralson","247","0","2"
"18-29 years","Haralson","492","0","5"
"30-39 years","Haralson","337","0","8"
"40-49 years","Haralson","365","2","10"
"50-59 years","Haralson","393","6","14"
"60-69 years","Haralson","250","14","25"
"70-79 years","Haralson","152","16","20"
"80 & Older years","Haralson","63","9","11"
"<1 years","Haralson","14","0","1"
"Unknown years","Haralson","4","0","0"
"01-04 years","Harris","48","0","0"
"05-09 years","Harris","88","0","0"
"10-17 years","Harris","315","0","3"
"18-29 years","Harris","508","0","10"
"30-39 years","Harris","399","0","15"
"40-49 years","Harris","548","5","23"
"50-59 years","Harris","547","10","46"
"60-69 years","Harris","444","18","73"
"70-79 years","Harris","267","36","61"
"80 & Older years","Harris","83","17","22"
"<1 years","Harris","8","0","0"
"Unknown years","Harris","3","0","0"
"01-04 years","Hart","38","0","0"
"05-09 years","Hart","48","0","1"
"10-17 years","Hart","185","0","0"
"18-29 years","Hart","425","0","4"
"30-39 years","Hart","365","0","12"
"40-49 years","Hart","319","2","19"
"50-59 years","Hart","383","4","28"
"60-69 years","Hart","274","15","35"
"70-79 years","Hart","187","12","36"
"80 & Older years","Hart","100","17","32"
"<1 years","Hart","14","0","1"
"Unknown years","Hart","13","0","0"
"01-04 years","Heard","14","0","0"
"05-09 years","Heard","42","0","0"
"10-17 years","Heard","123","0","1"
"18-29 years","Heard","182","2","3"
"30-39 years","Heard","125","0","2"
"40-49 years","Heard","168","1","14"
"50-59 years","Heard","166","2","10"
"60-69 years","Heard","126","6","17"
"70-79 years","Heard","67","8","17"
"80 & Older years","Heard","30","7","6"
"<1 years","Heard","7","0","0"
"01-04 years","Henry","528","0","10"
"05-09 years","Henry","1070","0","5"
"10-17 years","Henry","3140","0","36"
"18-29 years","Henry","5591","2","99"
"30-39 years","Henry","4912","12","149"
"40-49 years","Henry","5103","39","226"
"50-59 years","Henry","4682","53","273"
"60-69 years","Henry","2606","121","245"
"70-79 years","Henry","1278","125","181"
"80 & Older years","Henry","629","134","108"
"<1 years","Henry","135","0","10"
"Unknown years","Henry","35","0","2"
"01-04 years","Houston","282","0","4"
"05-09 years","Houston","600","0","1"
"10-17 years","Houston","1796","0","10"
"18-29 years","Houston","3272","7","67"
"30-39 years","Houston","3008","7","95"
"40-49 years","Houston","2593","18","149"
"50-59 years","Houston","2119","33","186"
"60-69 years","Houston","1405","70","238"
"70-79 years","Houston","736","81","208"
"80 & Older years","Houston","379","77","128"
"<1 years","Houston","78","0","8"
"Unknown years","Houston","1","0","0"
"01-04 years","Irwin","7","0","0"
"05-09 years","Irwin","16","0","0"
"10-17 years","Irwin","68","0","0"
"18-29 years","Irwin","178","0","6"
"30-39 years","Irwin","147","0","8"
"40-49 years","Irwin","160","1","10"
"50-59 years","Irwin","131","3","13"
"60-69 years","Irwin","102","2","24"
"70-79 years","Irwin","56","8","9"
"80 & Older years","Irwin","40","8","24"
"Unknown years","Irwin","2","0","0"
"01-04 years","Jackson","149","0","2"
"05-09 years","Jackson","370","0","2"
"10-17 years","Jackson","1523","1","13"
"18-29 years","Jackson","2159","3","46"
"30-39 years","Jackson","2139","6","66"
"40-49 years","Jackson","2165","10","105"
"50-59 years","Jackson","1981","20","147"
"60-69 years","Jackson","1321","43","156"
"70-79 years","Jackson","861","56","167"
"80 & Older years","Jackson","412","74","134"
"<1 years","Jackson","49","0","5"
"Unknown years","Jackson","14","0","1"
"01-04 years","Jasper","16","0","0"
"05-09 years","Jasper","22","0","1"
"10-17 years","Jasper","79","0","2"
"18-29 years","Jasper","189","0","9"
"30-39 years","Jasper","154","2","6"
"40-49 years","Jasper","162","1","11"
"50-59 years","Jasper","184","5","21"
"60-69 years","Jasper","133","11","29"
"70-79 years","Jasper","74","7","15"
"80 & Older years","Jasper","29","6","10"
"<1 years","Jasper","10","0","3"
"01-04 years","Jeff Davis","45","0","0"
"05-09 years","Jeff Davis","87","0","0"
"10-17 years","Jeff Davis","186","0","2"
"18-29 years","Jeff Davis","368","0","6"
"30-39 years","Jeff Davis","293","0","9"
"40-49 years","Jeff Davis","286","1","22"
"50-59 years","Jeff Davis","247","9","26"
"60-69 years","Jeff Davis","154","10","25"
"70-79 years","Jeff Davis","114","15","24"
"80 & Older years","Jeff Davis","26","9","7"
"<1 years","Jeff Davis","12","0","1"
"01-04 years","Jefferson","25","0","1"
"05-09 years","Jefferson","45","0","0"
"10-17 years","Jefferson","139","0","2"
"18-29 years","Jefferson","300","0","3"
"30-39 years","Jefferson","254","1","10"
"40-49 years","Jefferson","257","5","21"
"50-59 years","Jefferson","307","8","30"
"60-69 years","Jefferson","277","13","40"
"70-79 years","Jefferson","171","20","46"
"80 & Older years","Jefferson","74","22","32"
"<1 years","Jefferson","10","0","3"
"Unknown years","Jefferson","7","0","0"
"01-04 years","Jenkins","24","0","0"
"05-09 years","Jenkins","29","0","0"
"10-17 years","Jenkins","81","0","1"
"18-29 years","Jenkins","148","0","2"
"30-39 years","Jenkins","102","2","6"
"40-49 years","Jenkins","141","4","14"
"50-59 years","Jenkins","156","7","26"
"60-69 years","Jenkins","97","7","14"
"70-79 years","Jenkins","64","13","21"
"80 & Older years","Jenkins","52","10","11"
"<1 years","Jenkins","4","0","0"
"01-04 years","Johnson","12","0","1"
"05-09 years","Johnson","22","0","0"
"10-17 years","Johnson","63","0","1"
"18-29 years","Johnson","167","0","5"
"30-39 years","Johnson","138","1","6"
"40-49 years","Johnson","134","3","7"
"50-59 years","Johnson","158","7","18"
"60-69 years","Johnson","146","9","23"
"70-79 years","Johnson","102","11","28"
"80 & Older years","Johnson","75","21","25"
"<1 years","Johnson","9","0","2"
"01-04 years","Jones","31","0","1"
"05-09 years","Jones","73","0","0"
"10-17 years","Jones","201","0","1"
"18-29 years","Jones","510","2","13"
"30-39 years","Jones","441","3","17"
"40-49 years","Jones","404","5","29"
"50-59 years","Jones","407","8","49"
"60-69 years","Jones","285","16","64"
"70-79 years","Jones","185","32","66"
"80 & Older years","Jones","99","24","32"
"<1 years","Jones","7","0","0"
"01-04 years","Lamar","68","0","0"
"05-09 years","Lamar","111","0","0"
"10-17 years","Lamar","291","0","5"
"18-29 years","Lamar","382","0","10"
"30-39 years","Lamar","326","2","15"
"40-49 years","Lamar","289","5","18"
"50-59 years","Lamar","289","10","42"
"60-69 years","Lamar","272","23","42"
"70-79 years","Lamar","170","20","36"
"80 & Older years","Lamar","84","24","24"
"<1 years","Lamar","39","0","1"
"01-04 years","Lanier","15","0","0"
"05-09 years","Lanier","24","0","1"
"10-17 years","Lanier","85","0","1"
"18-29 years","Lanier","153","1","3"
"30-39 years","Lanier","177","0","3"
"40-49 years","Lanier","106","1","4"
"50-59 years","Lanier","94","2","8"
"60-69 years","Lanier","58","3","3"
"70-79 years","Lanier","43","5","7"
"80 & Older years","Lanier","22","0","6"
"<1 years","Lanier","7","0","0"
"Unknown years","Lanier","1","0","0"
"01-04 years","Laurens","109","0","1"
"05-09 years","Laurens","179","0","2"
"10-17 years","Laurens","597","0","5"
"18-29 years","Laurens","1130","0","13"
"30-39 years","Laurens","890","4","22"
"40-49 years","Laurens","868","11","36"
"50-59 years","Laurens","799","28","72"
"60-69 years","Laurens","634","51","102"
"70-79 years","Laurens","398","57","97"
"80 & Older years","Laurens","258","56","72"
"<1 years","Laurens","33","0","5"
"Unknown years","Laurens","1","0","0"
"01-04 years","Lee","54","0","0"
"05-09 years","Lee","87","0","3"
"10-17 years","Lee","264","0","6"
"18-29 years","Lee","425","1","22"
"30-39 years","Lee","499","1","30"
"40-49 years","Lee","465","7","44"
"50-59 years","Lee","388","14","71"
"60-69 years","Lee","266","19","59"
"70-79 years","Lee","115","18","42"
"80 & Older years","Lee","72","14","31"
"<1 years","Lee","17","0","0"
"Unknown years","Lee","3","0","0"
"01-04 years","Liberty","230","0","1"
"05-09 years","Liberty","363","0","3"
"10-17 years","Liberty","785","0","4"
"18-29 years","Liberty","2003","2","24"
"30-39 years","Liberty","1164","4","38"
"40-49 years","Liberty","739","4","29"
"50-59 years","Liberty","649","22","69"
"60-69 years","Liberty","408","25","70"
"70-79 years","Liberty","178","22","64"
"80 & Older years","Liberty","76","19","28"
"<1 years","Liberty","75","0","3"
"Unknown years","Liberty","9","0","0"
"01-04 years","Lincoln","17","0","0"
"05-09 years","Lincoln","21","0","1"
"10-17 years","Lincoln","54","0","0"
"18-29 years","Lincoln","124","0","4"
"30-39 years","Lincoln","105","0","5"
"40-49 years","Lincoln","107","1","10"
"50-59 years","Lincoln","91","3","5"
"60-69 years","Lincoln","88","7","19"
"70-79 years","Lincoln","63","9","17"
"80 & Older years","Lincoln","22","7","10"
"<1 years","Lincoln","4","0","0"
"Unknown years","Lincoln","5","0","0"
"01-04 years","Long","48","0","0"
"05-09 years","Long","84","0","0"
"10-17 years","Long","189","0","0"
"18-29 years","Long","279","0","0"
"30-39 years","Long","273","2","9"
"40-49 years","Long","201","4","13"
"50-59 years","Long","133","3","18"
"60-69 years","Long","109","3","18"
"70-79 years","Long","51","6","15"
"80 & Older years","Long","23","2","10"
"<1 years","Long","18","0","0"
"Unknown years","Long","1","0","0"
"01-04 years","Lowndes","255","0","0"
"05-09 years","Lowndes","363","0","1"
"10-17 years","Lowndes","961","0","10"
"18-29 years","Lowndes","3260","6","43"
"30-39 years","Lowndes","1917","7","41"
"40-49 years","Lowndes","1460","13","70"
"50-59 years","Lowndes","1230","25","91"
"60-69 years","Lowndes","829","46","116"
"70-79 years","Lowndes","478","62","106"
"80 & Older years","Lowndes","275","72","77"
"<1 years","Lowndes","92","0","1"
"Unknown years","Lowndes","12","0","0"
"01-04 years","Lumpkin","35","0","1"
"05-09 years","Lumpkin","110","0","2"
"10-17 years","Lumpkin","320","0","3"
"18-29 years","Lumpkin","1141","0","23"
"30-39 years","Lumpkin","617","1","21"
"40-49 years","Lumpkin","565","1","35"
"50-59 years","Lumpkin","636","10","74"
"60-69 years","Lumpkin","560","21","88"
"70-79 years","Lumpkin","364","20","94"
"80 & Older years","Lumpkin","187","41","88"
"<1 years","Lumpkin","21","0","3"
"Unknown years","Lumpkin","24","0","2"
"01-04 years","Macon","16","0","0"
"05-09 years","Macon","20","0","0"
"10-17 years","Macon","39","0","0"
"18-29 years","Macon","157","0","4"
"30-39 years","Macon","125","0","4"
"40-49 years","Macon","144","4","9"
"50-59 years","Macon","159","6","24"
"60-69 years","Macon","96","11","31"
"70-79 years","Macon","63","8","22"
"80 & Older years","Macon","24","10","10"
"<1 years","Macon","5","0","0"
"Unknown years","Macon","1","0","1"
"01-04 years","Madison","87","0","2"
"05-09 years","Madison","132","0","0"
"10-17 years","Madison","426","0","1"
"18-29 years","Madison","810","0","17"
"30-39 years","Madison","652","1","23"
"40-49 years","Madison","628","1","33"
"50-59 years","Madison","631","13","44"
"60-69 years","Madison","479","11","58"
"70-79 years","Madison","291","26","68"
"80 & Older years","Madison","107","18","24"
"<1 years","Madison","38","0","6"
"Unknown years","Madison","5","0","0"
"01-04 years","Marion","9","0","0"
"05-09 years","Marion","26","0","1"
"10-17 years","Marion","82","0","0"
"18-29 years","Marion","115","0","4"
"30-39 years","Marion","81","0","3"
"40-49 years","Marion","102","2","8"
"50-59 years","Marion","94","6","11"
"60-69 years","Marion","75","9","13"
"70-79 years","Marion","42","7","13"
"80 & Older years","Marion","39","9","13"
"<1 years","Marion","7","0","0"
"Unknown years","Marion","2","0","0"
"01-04 years","McDuffie","39","0","0"
"05-09 years","McDuffie","56","0","0"
"10-17 years","McDuffie","209","0","1"
"18-29 years","McDuffie","467","0","10"
"30-39 years","McDuffie","355","2","8"
"40-49 years","McDuffie","341","3","22"
"50-59 years","McDuffie","330","12","42"
"60-69 years","McDuffie","254","15","46"
"70-79 years","McDuffie","150","14","56"
"80 & Older years","McDuffie","68","16","30"
"<1 years","McDuffie","4","0","0"
"Unknown years","McDuffie","18","0","0"
"01-04 years","McIntosh","21","0","0"
"05-09 years","McIntosh","50","0","0"
"10-17 years","McIntosh","189","0","0"
"18-29 years","McIntosh","221","0","5"
"30-39 years","McIntosh","187","0","3"
"40-49 years","McIntosh","196","0","6"
"50-59 years","McIntosh","224","3","11"
"60-69 years","McIntosh","173","7","29"
"70-79 years","McIntosh","100","9","23"
"80 & Older years","McIntosh","37","10","13"
"<1 years","McIntosh","2","0","0"
"Unknown years","McIntosh","1","0","0"
"01-04 years","Meriwether","54","0","1"
"05-09 years","Meriwether","63","0","1"
"10-17 years","Meriwether","162","0","1"
"18-29 years","Meriwether","349","0","11"
"30-39 years","Meriwether","281","3","20"
"40-49 years","Meriwether","326","4","27"
"50-59 years","Meriwether","340","11","41"
"60-69 years","Meriwether","295","18","45"
"70-79 years","Meriwether","230","31","50"
"80 & Older years","Meriwether","118","33","29"
"<1 years","Meriwether","16","0","4"
"Unknown years","Meriwether","2","0","0"
"01-04 years","Miller","20","0","0"
"05-09 years","Miller","35","0","0"
"10-17 years","Miller","142","0","1"
"18-29 years","Miller","164","0","1"
"30-39 years","Miller","147","0","0"
"40-49 years","Miller","120","1","7"
"50-59 years","Miller","171","4","18"
"60-69 years","Miller","122","4","14"
"70-79 years","Miller","45","3","5"
"80 & Older years","Miller","32","3","8"
"<1 years","Miller","5","0","0"
"01-04 years","Mitchell","44","0","2"
"05-09 years","Mitchell","68","0","0"
"10-17 years","Mitchell","181","0","4"
"18-29 years","Mitchell","383","1","16"
"30-39 years","Mitchell","341","1","22"
"40-49 years","Mitchell","306","7","28"
"50-59 years","Mitchell","325","13","63"
"60-69 years","Mitchell","264","18","62"
"70-79 years","Mitchell","162","22","59"
"80 & Older years","Mitchell","100","27","34"
"<1 years","Mitchell","15","0","1"
"Unknown years","Mitchell","1","0","0"
"01-04 years","Monroe","23","0","4"
"05-09 years","Monroe","64","0","1"
"10-17 years","Monroe","194","0","0"
"18-29 years","Monroe","485","2","10"
"30-39 years","Monroe","403","0","12"
"40-49 years","Monroe","443","7","28"
"50-59 years","Monroe","466","7","35"
"60-69 years","Monroe","398","29","70"
"70-79 years","Monroe","215","29","58"
"80 & Older years","Monroe","131","45","43"
"<1 years","Monroe","7","0","1"
"01-04 years","Montgomery","15","0","0"
"05-09 years","Montgomery","20","0","0"
"10-17 years","Montgomery","100","0","1"
"18-29 years","Montgomery","238","1","2"
"30-39 years","Montgomery","176","2","6"
"40-49 years","Montgomery","182","1","4"
"50-59 years","Montgomery","163","5","14"
"60-69 years","Montgomery","141","9","16"
"70-79 years","Montgomery","75","12","14"
"80 & Older years","Montgomery","38","10","7"
"<1 years","Montgomery","3","0","0"
"Unknown years","Montgomery","1","0","0"
"01-04 years","Morgan","42","0","0"
"05-09 years","Morgan","72","0","1"
"10-17 years","Morgan","168","0","1"
"18-29 years","Morgan","339","0","9"
"30-39 years","Morgan","280","0","12"
"40-49 years","Morgan","269","1","10"
"50-59 years","Morgan","289","5","24"
"60-69 years","Morgan","206","8","26"
"70-79 years","Morgan","157","6","26"
"80 & Older years","Morgan","80","19","29"
"<1 years","Morgan","26","0","2"
"Unknown years","Morgan","1","0","0"
"01-04 years","Murray","124","0","2"
"05-09 years","Murray","192","0","3"
"10-17 years","Murray","701","0","2"
"18-29 years","Murray","1305","0","16"
"30-39 years","Murray","980","2","13"
"40-49 years","Murray","1057","10","40"
"50-59 years","Murray","909","18","76"
"60-69 years","Murray","610","24","92"
"70-79 years","Murray","365","53","86"
"80 & Older years","Murray","141","32","38"
"<1 years","Murray","47","0","2"
"01-04 years","Muscogee","452","0","7"
"05-09 years","Muscogee","788","0","0"
"10-17 years","Muscogee","1962","0","22"
"18-29 years","Muscogee","4789","9","123"
"30-39 years","Muscogee","3603","8","167"
"40-49 years","Muscogee","2871","18","199"
"50-59 years","Muscogee","2750","80","331"
"60-69 years","Muscogee","2134","138","409"
"70-79 years","Muscogee","1114","137","301"
"80 & Older years","Muscogee","670","194","246"
"<1 years","Muscogee","140","0","10"
"Unknown years","Muscogee","36","0","0"
"01-04 years","Newton","168","0","4"
"05-09 years","Newton","406","0","4"
"10-17 years","Newton","1065","0","36"
"18-29 years","Newton","2159","1","130"
"30-39 years","Newton","1867","6","141"
"40-49 years","Newton","1968","19","195"
"50-59 years","Newton","1766","47","244"
"60-69 years","Newton","1028","63","197"
"70-79 years","Newton","652","87","175"
"80 & Older years","Newton","378","101","133"
"<1 years","Newton","63","0","8"
"Unknown years","Newton","5","0","1"
"01-04 years","Non-GA Resident/Unknown State","421","0","8"
"05-09 years","Non-GA Resident/Unknown State","710","0","5"
"10-17 years","Non-GA Resident/Unknown State","1879","0","17"
"18-29 years","Non-GA Resident/Unknown State","7277","7","148"
"30-39 years","Non-GA Resident/Unknown State","5355","17","194"
"40-49 years","Non-GA Resident/Unknown State","4496","37","249"
"50-59 years","Non-GA Resident/Unknown State","4337","108","381"
"60-69 years","Non-GA Resident/Unknown State","3197","193","456"
"70-79 years","Non-GA Resident/Unknown State","2048","203","448"
"80 & Older years","Non-GA Resident/Unknown State","1121","193","294"
"<1 years","Non-GA Resident/Unknown State","262","0","11"
"Unknown years","Non-GA Resident/Unknown State","823","0","34"
"01-04 years","Oconee","75","0","0"
"05-09 years","Oconee","178","0","0"
"10-17 years","Oconee","561","0","1"
"18-29 years","Oconee","790","0","12"
"30-39 years","Oconee","573","1","8"
"40-49 years","Oconee","858","3","26"
"50-59 years","Oconee","674","5","21"
"60-69 years","Oconee","430","12","44"
"70-79 years","Oconee","245","19","34"
"80 & Older years","Oconee","161","34","48"
"<1 years","Oconee","18","0","0"
"Unknown years","Oconee","4","0","0"
"01-04 years","Oglethorpe","30","0","0"
"05-09 years","Oglethorpe","61","0","0"
"10-17 years","Oglethorpe","171","0","2"
"18-29 years","Oglethorpe","305","0","8"
"30-39 years","Oglethorpe","229","2","8"
"40-49 years","Oglethorpe","253","2","20"
"50-59 years","Oglethorpe","248","1","27"
"60-69 years","Oglethorpe","204","4","19"
"70-79 years","Oglethorpe","144","15","24"
"80 & Older years","Oglethorpe","80","18","22"
"<1 years","Oglethorpe","12","0","0"
"Unknown years","Oglethorpe","1","0","0"
"01-04 years","Paulding","314","0","4"
"05-09 years","Paulding","698","0","0"
"10-17 years","Paulding","1976","0","10"
"18-29 years","Paulding","3060","1","41"
"30-39 years","Paulding","2850","4","51"
"40-49 years","Paulding","2882","13","72"
"50-59 years","Paulding","2571","35","120"
"60-69 years","Paulding","1375","56","112"
"70-79 years","Paulding","727","58","111"
"80 & Older years","Paulding","408","86","89"
"<1 years","Paulding","90","0","1"
"Unknown years","Paulding","34","0","1"
"01-04 years","Peach","41","0","2"
"05-09 years","Peach","53","0","0"
"10-17 years","Peach","174","0","2"
"18-29 years","Peach","585","1","14"
"30-39 years","Peach","469","3","20"
"40-49 years","Peach","389","9","32"
"50-59 years","Peach","397","14","57"
"60-69 years","Peach","342","21","74"
"70-79 years","Peach","176","26","59"
"80 & Older years","Peach","84","22","37"
"<1 years","Peach","5","0","0"
"01-04 years","Pickens","38","0","3"
"05-09 years","Pickens","85","0","1"
"10-17 years","Pickens","270","0","1"
"18-29 years","Pickens","601","0","12"
"30-39 years","Pickens","489","3","25"
"40-49 years","Pickens","545","1","33"
"50-59 years","Pickens","638","9","50"
"60-69 years","Pickens","496","19","78"
"70-79 years","Pickens","360","29","96"
"80 & Older years","Pickens","153","32","48"
"<1 years","Pickens","6","0","1"
"01-04 years","Pierce","51","0","0"
"05-09 years","Pierce","68","0","0"
"10-17 years","Pierce","211","1","1"
"18-29 years","Pierce","379","0","8"
"30-39 years","Pierce","286","3","14"
"40-49 years","Pierce","342","5","29"
"50-59 years","Pierce","315","17","43"
"60-69 years","Pierce","228","20","65"
"70-79 years","Pierce","164","24","61"
"80 & Older years","Pierce","64","18","25"
"<1 years","Pierce","22","0","1"
"01-04 years","Pike","59","0","0"
"05-09 years","Pike","90","0","0"
"10-17 years","Pike","236","0","1"
"18-29 years","Pike","275","2","11"
"30-39 years","Pike","298","1","8"
"40-49 years","Pike","325","2","16"
"50-59 years","Pike","263","9","23"
"60-69 years","Pike","190","15","35"
"70-79 years","Pike","111","9","29"
"80 & Older years","Pike","42","12","11"
"<1 years","Pike","17","0","0"
"Unknown years","Pike","1","0","0"
"01-04 years","Polk","102","0","1"
"05-09 years","Polk","187","0","3"
"10-17 years","Polk","667","0","6"
"18-29 years","Polk","1331","0","24"
"30-39 years","Polk","1001","2","31"
"40-49 years","Polk","957","8","59"
"50-59 years","Polk","938","25","112"
"60-69 years","Polk","616","33","114"
"70-79 years","Polk","436","41","125"
"80 & Older years","Polk","186","34","66"
"<1 years","Polk","52","0","3"
"Unknown years","Polk","22","0","0"
"01-04 years","Pulaski","15","0","0"
"05-09 years","Pulaski","29","0","0"
"10-17 years","Pulaski","92","0","1"
"18-29 years","Pulaski","152","0","3"
"30-39 years","Pulaski","140","0","2"
"40-49 years","Pulaski","131","0","10"
"50-59 years","Pulaski","134","4","9"
"60-69 years","Pulaski","113","10","16"
"70-79 years","Pulaski","52","13","17"
"80 & Older years","Pulaski","40","13","6"
"<1 years","Pulaski","5","0","0"
"01-04 years","Putnam","42","0","0"
"05-09 years","Putnam","77","0","1"
"10-17 years","Putnam","228","0","2"
"18-29 years","Putnam","432","0","6"
"30-39 years","Putnam","383","1","15"
"40-49 years","Putnam","321","4","20"
"50-59 years","Putnam","425","3","36"
"60-69 years","Putnam","357","23","49"
"70-79 years","Putnam","268","26","71"
"80 & Older years","Putnam","108","25","43"
"<1 years","Putnam","11","0","1"
"01-04 years","Quitman","3","0","0"
"05-09 years","Quitman","5","0","0"
"10-17 years","Quitman","13","0","0"
"18-29 years","Quitman","16","0","1"
"30-39 years","Quitman","14","0","2"
"40-49 years","Quitman","6","0","1"
"50-59 years","Quitman","18","0","2"
"60-69 years","Quitman","29","1","6"
"70-79 years","Quitman","6","1","2"
"80 & Older years","Quitman","11","1","2"
"<1 years","Quitman","2","0","0"
"01-04 years","Rabun","24","0","0"
"05-09 years","Rabun","60","0","0"
"10-17 years","Rabun","207","0","2"
"18-29 years","Rabun","325","2","9"
"30-39 years","Rabun","269","2","14"
"40-49 years","Rabun","289","2","18"
"50-59 years","Rabun","337","4","39"
"60-69 years","Rabun","327","12","42"
"70-79 years","Rabun","250","20","55"
"80 & Older years","Rabun","105","22","35"
"<1 years","Rabun","10","0","1"
"Unknown years","Rabun","4","0","0"
"01-04 years","Randolph","3","0","0"
"05-09 years","Randolph","12","0","0"
"10-17 years","Randolph","35","0","3"
"18-29 years","Randolph","87","1","5"
"30-39 years","Randolph","92","2","8"
"40-49 years","Randolph","77","0","8"
"50-59 years","Randolph","114","6","25"
"60-69 years","Randolph","85","10","19"
"70-79 years","Randolph","54","5","18"
"80 & Older years","Randolph","50","15","17"
"<1 years","Randolph","2","0","0"
"Unknown years","Randolph","2","0","0"
"01-04 years","Richmond","492","0","1"
"05-09 years","Richmond","1013","1","8"
"10-17 years","Richmond","2500","0","29"
"18-29 years","Richmond","6314","15","95"
"30-39 years","Richmond","4812","12","143"
"40-49 years","Richmond","3632","30","172"
"50-59 years","Richmond","3363","57","298"
"60-69 years","Richmond","2563","130","378"
"70-79 years","Richmond","1346","155","387"
"80 & Older years","Richmond","786","192","315"
"<1 years","Richmond","155","0","6"
"Unknown years","Richmond","21","0","0"
"01-04 years","Rockdale","139","0","11"
"05-09 years","Rockdale","307","0","14"
"10-17 years","Rockdale","806","0","36"
"18-29 years","Rockdale","1776","3","150"
"30-39 years","Rockdale","1527","4","190"
"40-49 years","Rockdale","1551","10","200"
"50-59 years","Rockdale","1459","27","272"
"60-69 years","Rockdale","882","45","234"
"70-79 years","Rockdale","508","69","214"
"80 & Older years","Rockdale","265","69","141"
"<1 years","Rockdale","33","0","2"
"Unknown years","Rockdale","4","0","2"
"01-04 years","Schley","9","0","0"
"05-09 years","Schley","12","0","0"
"10-17 years","Schley","40","0","0"
"18-29 years","Schley","65","0","2"
"30-39 years","Schley","40","0","0"
"40-49 years","Schley","62","0","5"
"50-59 years","Schley","53","2","7"
"60-69 years","Schley","35","1","7"
"70-79 years","Schley","19","3","4"
"80 & Older years","Schley","9","2","3"
"<1 years","Schley","1","0","0"
"01-04 years","Screven","25","0","1"
"05-09 years","Screven","44","0","0"
"10-17 years","Screven","171","0","1"
"18-29 years","Screven","224","0","7"
"30-39 years","Screven","211","1","6"
"40-49 years","Screven","186","4","12"
"50-59 years","Screven","172","6","22"
"60-69 years","Screven","175","5","18"
"70-79 years","Screven","100","10","21"
"80 & Older years","Screven","45","9","13"
"<1 years","Screven","11","0","0"
"Unknown years","Screven","1","0","0"
"01-04 years","Seminole","22","0","0"
"05-09 years","Seminole","42","0","0"
"10-17 years","Seminole","139","0","0"
"18-29 years","Seminole","196","0","3"
"30-39 years","Seminole","159","0","4"
"40-49 years","Seminole","162","0","10"
"50-59 years","Seminole","169","3","8"
"60-69 years","Seminole","178","6","33"
"70-79 years","Seminole","99","7","20"
"80 & Older years","Seminole","45","7","18"
"<1 years","Seminole","9","0","0"
"Unknown years","Seminole","1","0","0"
"01-04 years","Spalding","153","0","2"
"05-09 years","Spalding","215","0","1"
"10-17 years","Spalding","530","0","5"
"18-29 years","Spalding","1274","3","43"
"30-39 years","Spalding","1092","7","49"
"40-49 years","Spalding","1027","15","80"
"50-59 years","Spalding","1033","38","122"
"60-69 years","Spalding","769","67","143"
"70-79 years","Spalding","514","77","129"
"80 & Older years","Spalding","302","73","88"
"<1 years","Spalding","46","0","3"
"Unknown years","Spalding","17","0","1"
"01-04 years","Stephens","48","0","2"
"05-09 years","Stephens","100","0","1"
"10-17 years","Stephens","423","0","3"
"18-29 years","Stephens","844","1","24"
"30-39 years","Stephens","572","0","11"
"40-49 years","Stephens","659","1","28"
"50-59 years","Stephens","692","11","55"
"60-69 years","Stephens","627","33","93"
"70-79 years","Stephens","421","34","90"
"80 & Older years","Stephens","201","31","49"
"<1 years","Stephens","16","0","1"
"Unknown years","Stephens","13","0","0"
"01-04 years","Stewart","10","0","1"
"05-09 years","Stewart","7","0","0"
"10-17 years","Stewart","26","0","0"
"18-29 years","Stewart","428","0","22"
"30-39 years","Stewart","400","1","28"
"40-49 years","Stewart","252","2","24"
"50-59 years","Stewart","122","2","17"
"60-69 years","Stewart","85","15","31"
"70-79 years","Stewart","28","4","6"
"80 & Older years","Stewart","23","5","7"
"<1 years","Stewart","3","0","0"
"Unknown years","Stewart","17","0","4"
"01-04 years","Sumter","61","0","1"
"05-09 years","Sumter","101","0","0"
"10-17 years","Sumter","218","0","7"
"18-29 years","Sumter","524","2","18"
"30-39 years","Sumter","399","1","35"
"40-49 years","Sumter","380","9","37"
"50-59 years","Sumter","418","9","63"
"60-69 years","Sumter","333","33","86"
"70-79 years","Sumter","217","34","65"
"80 & Older years","Sumter","140","39","59"
"<1 years","Sumter","38","0","4"
"Unknown years","Sumter","3","0","0"
"01-04 years","Talbot","16","0","1"
"05-09 years","Talbot","24","0","0"
"10-17 years","Talbot","54","0","0"
"18-29 years","Talbot","90","0","4"
"30-39 years","Talbot","58","0","3"
"40-49 years","Talbot","89","3","5"
"50-59 years","Talbot","100","6","10"
"60-69 years","Talbot","82","7","20"
"70-79 years","Talbot","51","8","8"
"80 & Older years","Talbot","25","4","10"
"<1 years","Talbot","1","0","0"
"Unknown years","Talbot","2","0","0"
"01-04 years","Taliaferro","2","0","0"
"05-09 years","Taliaferro","1","0","0"
"10-17 years","Taliaferro","11","0","0"
"18-29 years","Taliaferro","20","0","1"
"30-39 years","Taliaferro","19","0","0"
"40-49 years","Taliaferro","23","0","2"
"50-59 years","Taliaferro","12","0","0"
"60-69 years","Taliaferro","26","1","4"
"70-79 years","Taliaferro","11","1","4"
"80 & Older years","Taliaferro","4","1","2"
"<1 years","Taliaferro","1","0","0"
"01-04 years","Tattnall","59","0","1"
"05-09 years","Tattnall","87","0","1"
"10-17 years","Tattnall","271","0","2"
"18-29 years","Tattnall","475","1","3"
"30-39 years","Tattnall","429","2","10"
"40-49 years","Tattnall","416","0","11"
"50-59 years","Tattnall","427","13","30"
"60-69 years","Tattnall","301","22","44"
"70-79 years","Tattnall","162","29","46"
"80 & Older years","Tattnall","60","6","10"
"<1 years","Tattnall","20","0","0"
"01-04 years","Taylor","21","0","1"
"05-09 years","Taylor","31","0","0"
"10-17 years","Taylor","80","0","1"
"18-29 years","Taylor","131","1","6"
"30-39 years","Taylor","93","1","6"
"40-49 years","Taylor","134","2","16"
"50-59 years","Taylor","107","3","20"
"60-69 years","Taylor","89","8","22"
"70-79 years","Taylor","47","8","15"
"80 & Older years","Taylor","29","10","10"
"<1 years","Taylor","6","0","0"
"01-04 years","Telfair","15","0","0"
"05-09 years","Telfair","26","0","0"
"10-17 years","Telfair","55","0","1"
"18-29 years","Telfair","189","0","4"
"30-39 years","Telfair","143","1","5"
"40-49 years","Telfair","144","2","8"
"50-59 years","Telfair","140","8","14"
"60-69 years","Telfair","122","11","22"
"70-79 years","Telfair","79","16","23"
"80 & Older years","Telfair","46","17","13"
"<1 years","Telfair","8","0","0"
"Unknown years","Telfair","2","0","0"
"01-04 years","Terrell","18","0","0"
"05-09 years","Terrell","26","0","0"
"10-17 years","Terrell","84","0","1"
"18-29 years","Terrell","118","0","7"
"30-39 years","Terrell","115","0","14"
"40-49 years","Terrell","92","0","13"
"50-59 years","Terrell","138","7","27"
"60-69 years","Terrell","116","14","44"
"70-79 years","Terrell","71","19","30"
"80 & Older years","Terrell","46","16","20"
"<1 years","Terrell","4","0","0"
"01-04 years","Thomas","162","1","2"
"05-09 years","Thomas","310","0","3"
"10-17 years","Thomas","789","0","3"
"18-29 years","Thomas","1024","2","42"
"30-39 years","Thomas","843","5","35"
"40-49 years","Thomas","820","11","58"
"50-59 years","Thomas","846","22","85"
"60-69 years","Thomas","634","24","133"
"70-79 years","Thomas","367","44","107"
"80 & Older years","Thomas","217","54","73"
"<1 years","Thomas","56","0","3"
"Unknown years","Thomas","6","0","0"
"01-04 years","Tift","105","0","7"
"05-09 years","Tift","161","0","4"
"10-17 years","Tift","422","0","10"
"18-29 years","Tift","1066","2","33"
"30-39 years","Tift","788","2","40"
"40-49 years","Tift","727","9","74"
"50-59 years","Tift","625","17","89"
"60-69 years","Tift","481","27","97"
"70-79 years","Tift","303","37","100"
"80 & Older years","Tift","181","46","70"
"<1 years","Tift","34","0","2"
"Unknown years","Tift","3","0","0"
"01-04 years","Toombs","53","0","0"
"05-09 years","Toombs","118","0","0"
"10-17 years","Toombs","349","0","2"
"18-29 years","Toombs","874","1","10"
"30-39 years","Toombs","668","2","11"
"40-49 years","Toombs","641","8","36"
"50-59 years","Toombs","617","16","39"
"60-69 years","Toombs","546","31","73"
"70-79 years","Toombs","343","47","55"
"80 & Older years","Toombs","197","49","42"
"<1 years","Toombs","21","0","0"
"01-04 years","Towns","8","0","0"
"05-09 years","Towns","18","0","1"
"10-17 years","Towns","75","0","1"
"18-29 years","Towns","201","0","4"
"30-39 years","Towns","137","1","5"
"40-49 years","Towns","163","2","6"
"50-59 years","Towns","260","6","26"
"60-69 years","Towns","320","8","28"
"70-79 years","Towns","234","16","49"
"80 & Older years","Towns","162","35","64"
"<1 years","Towns","2","0","0"
"Unknown years","Towns","1","0","0"
"01-04 years","Treutlen","13","0","0"
"05-09 years","Treutlen","25","0","1"
"10-17 years","Treutlen","78","0","1"
"18-29 years","Treutlen","156","0","3"
"30-39 years","Treutlen","144","0","5"
"40-49 years","Treutlen","141","5","6"
"50-59 years","Treutlen","137","3","10"
"60-69 years","Treutlen","90","7","15"
"70-79 years","Treutlen","68","17","12"
"80 & Older years","Treutlen","39","13","10"
"<1 years","Treutlen","1","0","0"
"01-04 years","Troup","242","0","2"
"05-09 years","Troup","364","0","1"
"10-17 years","Troup","913","0","10"
"18-29 years","Troup","1757","2","38"
"30-39 years","Troup","1362","10","60"
"40-49 years","Troup","1159","11","70"
"50-59 years","Troup","1146","34","140"
"60-69 years","Troup","847","57","131"
"70-79 years","Troup","461","64","115"
"80 & Older years","Troup","306","93","78"
"<1 years","Troup","79","0","3"
"Unknown years","Troup","6","0","0"
"01-04 years","Turner","13","0","0"
"05-09 years","Turner","18","0","2"
"10-17 years","Turner","36","0","1"
"18-29 years","Turner","134","0","4"
"30-39 years","Turner","140","0","15"
"40-49 years","Turner","140","1","9"
"50-59 years","Turner","125","2","19"
"60-69 years","Turner","102","9","30"
"70-79 years","Turner","63","11","16"
"80 & Older years","Turner","38","17","17"
"<1 years","Turner","7","0","1"
"01-04 years","Twiggs","16","0","1"
"05-09 years","Twiggs","13","0","1"
"10-17 years","Twiggs","51","0","1"
"18-29 years","Twiggs","111","0","3"
"30-39 years","Twiggs","98","1","4"
"40-49 years","Twiggs","101","2","11"
"50-59 years","Twiggs","134","4","25"
"60-69 years","Twiggs","128","13","41"
"70-79 years","Twiggs","72","14","30"
"80 & Older years","Twiggs","34","15","19"
"<1 years","Twiggs","2","0","0"
"01-04 years","Union","21","0","0"
"05-09 years","Union","63","0","0"
"10-17 years","Union","196","0","2"
"18-29 years","Union","390","1","5"
"30-39 years","Union","390","3","8"
"40-49 years","Union","368","2","21"
"50-59 years","Union","468","6","38"
"60-69 years","Union","559","20","76"
"70-79 years","Union","479","35","103"
"80 & Older years","Union","258","53","85"
"<1 years","Union","8","0","2"
"Unknown years","Union","7","0","0"
"01-04 years","Unknown","38","0","0"
"05-09 years","Unknown","76","0","0"
"10-17 years","Unknown","210","0","1"
"18-29 years","Unknown","764","1","7"
"30-39 years","Unknown","425","0","6"
"40-49 years","Unknown","370","1","6"
"50-59 years","Unknown","302","1","6"
"60-69 years","Unknown","189","0","11"
"70-79 years","Unknown","112","1","11"
"80 & Older years","Unknown","56","1","7"
"<1 years","Unknown","39","0","1"
"Unknown years","Unknown","102","0","4"
"01-04 years","Upson","81","0","1"
"05-09 years","Upson","116","0","0"
"10-17 years","Upson","297","1","4"
"18-29 years","Upson","483","0","8"
"30-39 years","Upson","348","2","12"
"40-49 years","Upson","359","2","19"
"50-59 years","Upson","355","13","40"
"60-69 years","Upson","331","31","56"
"70-79 years","Upson","225","45","68"
"80 & Older years","Upson","128","47","45"
"<1 years","Upson","32","0","2"
"Unknown years","Upson","6","0","0"
"01-04 years","Walker","179","0","1"
"05-09 years","Walker","358","0","1"
"10-17 years","Walker","966","0","9"
"18-29 years","Walker","1788","0","22"
"30-39 years","Walker","1437","1","22"
"40-49 years","Walker","1591","9","45"
"50-59 years","Walker","1380","7","55"
"60-69 years","Walker","1032","28","87"
"70-79 years","Walker","669","42","82"
"80 & Older years","Walker","308","40","49"
"<1 years","Walker","69","0","2"
"Unknown years","Walker","103","0","4"
"01-04 years","Walton","155","0","2"
"05-09 years","Walton","325","0","5"
"10-17 years","Walton","1006","0","18"
"18-29 years","Walton","1967","3","80"
"30-39 years","Walton","1747","6","66"
"40-49 years","Walton","1815","10","111"
"50-59 years","Walton","1749","29","170"
"60-69 years","Walton","1194","49","181"
"70-79 years","Walton","848","100","180"
"80 & Older years","Walton","472","123","115"
"<1 years","Walton","56","0","3"
"Unknown years","Walton","11","0","0"
"01-04 years","Ware","127","0","1"
"05-09 years","Ware","156","0","0"
"10-17 years","Ware","435","0","4"
"18-29 years","Ware","863","1","16"
"30-39 years","Ware","701","3","37"
"40-49 years","Ware","632","5","54"
"50-59 years","Ware","594","34","122"
"60-69 years","Ware","441","36","106"
"70-79 years","Ware","335","56","128"
"80 & Older years","Ware","238","72","82"
"<1 years","Ware","44","0","2"
"01-04 years","Warren","10","0","0"
"05-09 years","Warren","10","0","0"
"10-17 years","Warren","36","0","0"
"18-29 years","Warren","104","0","3"
"30-39 years","Warren","70","0","5"
"40-49 years","Warren","72","3","7"
"50-59 years","Warren","82","3","10"
"60-69 years","Warren","59","3","10"
"70-79 years","Warren","43","6","15"
"80 & Older years","Warren","20","5","8"
"<1 years","Warren","6","0","1"
"Unknown years","Warren","4","0","0"
"01-04 years","Washington","61","0","0"
"05-09 years","Washington","84","0","0"
"10-17 years","Washington","287","1","3"
"18-29 years","Washington","387","0","8"
"30-39 years","Washington","355","2","14"
"40-49 years","Washington","351","6","16"
"50-59 years","Washington","316","10","17"
"60-69 years","Washington","277","17","34"
"70-79 years","Washington","142","13","27"
"80 & Older years","Washington","84","31","15"
"<1 years","Washington","24","0","0"
"Unknown years","Washington","1","0","0"
"01-04 years","Wayne","60","0","2"
"05-09 years","Wayne","104","0","0"
"10-17 years","Wayne","389","0","2"
"18-29 years","Wayne","729","1","14"
"30-39 years","Wayne","706","6","21"
"40-49 years","Wayne","740","13","57"
"50-59 years","Wayne","652","23","61"
"60-69 years","Wayne","490","36","95"
"70-79 years","Wayne","347","40","97"
"80 & Older years","Wayne","155","38","39"
"<1 years","Wayne","25","0","2"
"05-09 years","Webster","7","0","0"
"10-17 years","Webster","16","0","0"
"18-29 years","Webster","35","0","3"
"30-39 years","Webster","17","0","1"
"40-49 years","Webster","27","0","2"
"50-59 years","Webster","25","3","8"
"60-69 years","Webster","28","1","4"
"70-79 years","Webster","11","1","4"
"80 & Older years","Webster","5","1","1"
"<1 years","Webster","3","0","0"
"Unknown years","Webster","2","0","0"
"01-04 years","Wheeler","3","0","0"
"05-09 years","Wheeler","9","0","1"
"10-17 years","Wheeler","40","0","0"
"18-29 years","Wheeler","87","0","0"
"30-39 years","Wheeler","108","2","2"
"40-49 years","Wheeler","105","3","3"
"50-59 years","Wheeler","111","9","12"
"60-69 years","Wheeler","68","6","10"
"70-79 years","Wheeler","49","8","12"
"80 & Older years","Wheeler","10","4","2"
"<1 years","Wheeler","2","0","0"
"Unknown years","Wheeler","23","0","1"
"01-04 years","White","41","0","1"
"05-09 years","White","109","0","1"
"10-17 years","White","432","0","2"
"18-29 years","White","709","1","14"
"30-39 years","White","568","2","12"
"40-49 years","White","639","8","33"
"50-59 years","White","706","10","65"
"60-69 years","White","621","19","86"
"70-79 years","White","466","29","107"
"80 & Older years","White","249","46","92"
"<1 years","White","14","0","0"
"Unknown years","White","13","0","0"
"01-04 years","Whitfield","299","0","3"
"05-09 years","Whitfield","624","0","3"
"10-17 years","Whitfield","1957","0","9"
"18-29 years","Whitfield","4536","3","63"
"30-39 years","Whitfield","3143","6","83"
"40-49 years","Whitfield","3096","12","110"
"50-59 years","Whitfield","2721","54","172"
"60-69 years","Whitfield","1647","61","197"
"70-79 years","Whitfield","911","78","178"
"80 & Older years","Whitfield","515","112","139"
"<1 years","Whitfield","106","0","5"
"01-04 years","Wilcox","21","0","1"
"05-09 years","Wilcox","26","0","0"
"10-17 years","Wilcox","55","0","0"
"18-29 years","Wilcox","74","0","1"
"30-39 years","Wilcox","70","0","3"
"40-49 years","Wilcox","93","0","12"
"50-59 years","Wilcox","102","2","17"
"60-69 years","Wilcox","107","10","30"
"70-79 years","Wilcox","60","12","11"
"80 & Older years","Wilcox","27","8","8"
"<1 years","Wilcox","8","0","1"
"01-04 years","Wilkes","10","0","0"
"05-09 years","Wilkes","24","0","0"
"10-17 years","Wilkes","77","0","1"
"18-29 years","Wilkes","166","0","4"
"30-39 years","Wilkes","112","0","7"
"40-49 years","Wilkes","141","1","16"
"50-59 years","Wilkes","131","3","13"
"60-69 years","Wilkes","107","4","24"
"70-79 years","Wilkes","76","9","27"
"80 & Older years","Wilkes","43","10","18"
"<1 years","Wilkes","6","0","1"
"Unknown years","Wilkes","1","0","0"
"01-04 years","Wilkinson","17","0","0"
"05-09 years","Wilkinson","26","0","0"
"10-17 years","Wilkinson","89","0","1"
"18-29 years","Wilkinson","177","0","3"
"30-39 years","Wilkinson","159","0","11"
"40-49 years","Wilkinson","152","0","10"
"50-59 years","Wilkinson","193","6","30"
"60-69 years","Wilkinson","173","18","51"
"70-79 years","Wilkinson","74","10","23"
"80 & Older years","Wilkinson","45","7","19"
"<1 years","Wilkinson","6","0","0"
"01-04 years","Worth","31","0","0"
"05-09 years","Worth","52","0","0"
"10-17 years","Worth","168","1","3"
"18-29 years","Worth","312","0","14"
"30-39 years","Worth","231","0","18"
"40-49 years","Worth","242","3","26"
"50-59 years","Worth","259","7","37"
"60-69 years","Worth","243","23","64"
"70-79 years","Worth","140","21","41"
"80 & Older years","Worth","87","23","33"
"<1 years","Worth","10","0","0"
"Unknown years","Worth","2","0","0"
