"age group","county name","cases","deaths","hospitalization"
"01-04 years","Georgia","9964","1","175"
"05-09 years","Georgia","16489","2","140"
"10-17 years","Georgia","57406","6","563"
"18-29 years","Georgia","176361","97","3247"
"30-39 years","Georgia","126832","213","4235"
"40-49 years","Georgia","123249","473","6169"
"50-59 years","Georgia","117275","1251","9134"
"60-69 years","Georgia","79728","2712","10914"
"70-79 years","Georgia","46880","3932","10378"
"80 & Older years","Georgia","27436","5265","8175"
"<1 years","Georgia","2835","0","148"
"Unknown years","Georgia","6324","12","101"
"01-04 years","Appling","24","0","0"
"05-09 years","Appling","49","0","0"
"10-17 years","Appling","153","0","1"
"18-29 years","Appling","326","1","5"
"30-39 years","Appling","237","1","5"
"40-49 years","Appling","241","4","17"
"50-59 years","Appling","271","6","23"
"60-69 years","Appling","236","13","44"
"70-79 years","Appling","156","14","30"
"80 & Older years","Appling","75","16","27"
"<1 years","Appling","4","0","0"
"Unknown years","Appling","2","0","0"
"01-04 years","Atkinson","6","0","1"
"05-09 years","Atkinson","18","0","1"
"10-17 years","Atkinson","47","0","0"
"18-29 years","Atkinson","161","0","8"
"30-39 years","Atkinson","120","0","9"
"40-49 years","Atkinson","124","1","22"
"50-59 years","Atkinson","133","1","23"
"60-69 years","Atkinson","80","4","24"
"70-79 years","Atkinson","46","4","15"
"80 & Older years","Atkinson","14","5","10"
"<1 years","Atkinson","3","0","0"
"01-04 years","Bacon","17","0","0"
"05-09 years","Bacon","23","0","0"
"10-17 years","Bacon","70","0","1"
"18-29 years","Bacon","232","0","1"
"30-39 years","Bacon","131","0","4"
"40-49 years","Bacon","158","1","11"
"50-59 years","Bacon","145","2","16"
"60-69 years","Bacon","116","8","19"
"70-79 years","Bacon","75","6","15"
"80 & Older years","Bacon","37","8","7"
"<1 years","Bacon","6","0","0"
"Unknown years","Bacon","1","0","0"
"01-04 years","Baker","5","0","0"
"05-09 years","Baker","4","0","0"
"10-17 years","Baker","9","0","0"
"18-29 years","Baker","22","0","0"
"30-39 years","Baker","22","0","2"
"40-49 years","Baker","13","0","1"
"50-59 years","Baker","19","0","1"
"60-69 years","Baker","30","2","14"
"70-79 years","Baker","18","2","10"
"80 & Older years","Baker","9","2","3"
"<1 years","Baker","2","0","0"
"01-04 years","Baldwin","30","0","0"
"05-09 years","Baldwin","50","0","0"
"10-17 years","Baldwin","172","1","5"
"18-29 years","Baldwin","1226","0","15"
"30-39 years","Baldwin","437","1","15"
"40-49 years","Baldwin","459","2","29"
"50-59 years","Baldwin","470","10","49"
"60-69 years","Baldwin","372","20","66"
"70-79 years","Baldwin","251","22","53"
"80 & Older years","Baldwin","148","39","53"
"<1 years","Baldwin","11","0","0"
"01-04 years","Banks","7","0","0"
"05-09 years","Banks","22","0","1"
"10-17 years","Banks","99","0","2"
"18-29 years","Banks","274","0","6"
"30-39 years","Banks","186","0","5"
"40-49 years","Banks","208","0","15"
"50-59 years","Banks","233","1","22"
"60-69 years","Banks","195","4","38"
"70-79 years","Banks","147","12","53"
"80 & Older years","Banks","79","12","28"
"<1 years","Banks","5","0","1"
"Unknown years","Banks","47","0","1"
"01-04 years","Barrow","81","0","0"
"05-09 years","Barrow","149","0","0"
"10-17 years","Barrow","556","0","7"
"18-29 years","Barrow","1573","2","33"
"30-39 years","Barrow","1334","1","41"
"40-49 years","Barrow","1348","4","59"
"50-59 years","Barrow","1140","7","89"
"60-69 years","Barrow","776","21","127"
"70-79 years","Barrow","461","29","97"
"80 & Older years","Barrow","223","43","81"
"<1 years","Barrow","28","0","2"
"Unknown years","Barrow","25","0","0"
"01-04 years","Bartow","89","0","3"
"05-09 years","Bartow","190","0","2"
"10-17 years","Bartow","819","0","7"
"18-29 years","Bartow","1829","0","18"
"30-39 years","Bartow","1483","4","39"
"40-49 years","Bartow","1554","1","66"
"50-59 years","Bartow","1585","11","126"
"60-69 years","Bartow","937","29","135"
"70-79 years","Bartow","664","58","150"
"80 & Older years","Bartow","316","63","104"
"<1 years","Bartow","32","0","2"
"Unknown years","Bartow","127","0","7"
"01-04 years","Ben Hill","28","0","1"
"05-09 years","Ben Hill","19","0","0"
"10-17 years","Ben Hill","95","0","0"
"18-29 years","Ben Hill","252","0","4"
"30-39 years","Ben Hill","207","3","9"
"40-49 years","Ben Hill","194","1","10"
"50-59 years","Ben Hill","235","4","27"
"60-69 years","Ben Hill","198","12","27"
"70-79 years","Ben Hill","142","18","51"
"80 & Older years","Ben Hill","68","15","16"
"<1 years","Ben Hill","5","0","0"
"Unknown years","Ben Hill","2","0","0"
"01-04 years","Berrien","15","0","0"
"05-09 years","Berrien","21","0","0"
"10-17 years","Berrien","85","0","1"
"18-29 years","Berrien","185","0","0"
"30-39 years","Berrien","149","0","3"
"40-49 years","Berrien","132","0","4"
"50-59 years","Berrien","158","2","15"
"60-69 years","Berrien","117","8","16"
"70-79 years","Berrien","77","9","14"
"80 & Older years","Berrien","47","9","12"
"<1 years","Berrien","2","0","0"
"Unknown years","Berrien","1","0","0"
"01-04 years","Bibb","131","0","4"
"05-09 years","Bibb","176","0","0"
"10-17 years","Bibb","591","0","7"
"18-29 years","Bibb","2727","1","74"
"30-39 years","Bibb","1944","6","101"
"40-49 years","Bibb","1947","11","182"
"50-59 years","Bibb","1814","19","242"
"60-69 years","Bibb","1452","70","371"
"70-79 years","Bibb","886","98","308"
"80 & Older years","Bibb","552","119","260"
"<1 years","Bibb","42","0","4"
"Unknown years","Bibb","21","0","0"
"01-04 years","Bleckley","3","0","0"
"05-09 years","Bleckley","14","0","0"
"10-17 years","Bleckley","69","0","0"
"18-29 years","Bleckley","184","0","3"
"30-39 years","Bleckley","86","0","2"
"40-49 years","Bleckley","102","1","2"
"50-59 years","Bleckley","100","2","4"
"60-69 years","Bleckley","81","7","10"
"70-79 years","Bleckley","63","4","12"
"80 & Older years","Bleckley","62","18","12"
"<1 years","Bleckley","3","0","0"
"Unknown years","Bleckley","1","0","0"
"01-04 years","Brantley","12","0","0"
"05-09 years","Brantley","12","0","0"
"10-17 years","Brantley","80","0","1"
"18-29 years","Brantley","146","0","1"
"30-39 years","Brantley","107","0","3"
"40-49 years","Brantley","118","1","5"
"50-59 years","Brantley","139","2","13"
"60-69 years","Brantley","104","4","12"
"70-79 years","Brantley","83","11","19"
"80 & Older years","Brantley","47","7","10"
"<1 years","Brantley","1","0","0"
"01-04 years","Brooks","14","0","1"
"05-09 years","Brooks","20","0","0"
"10-17 years","Brooks","82","0","0"
"18-29 years","Brooks","164","0","1"
"30-39 years","Brooks","117","0","2"
"40-49 years","Brooks","112","1","11"
"50-59 years","Brooks","136","2","19"
"60-69 years","Brooks","97","6","16"
"70-79 years","Brooks","79","10","19"
"80 & Older years","Brooks","55","18","15"
"<1 years","Brooks","3","0","0"
"01-04 years","Bryan","40","0","0"
"05-09 years","Bryan","67","0","0"
"10-17 years","Bryan","217","0","2"
"18-29 years","Bryan","470","0","10"
"30-39 years","Bryan","368","1","8"
"40-49 years","Bryan","410","0","13"
"50-59 years","Bryan","314","4","28"
"60-69 years","Bryan","220","7","26"
"70-79 years","Bryan","151","7","46"
"80 & Older years","Bryan","63","6","24"
"<1 years","Bryan","12","0","0"
"Unknown years","Bryan","5","0","0"
"01-04 years","Bulloch","55","0","0"
"05-09 years","Bulloch","96","0","0"
"10-17 years","Bulloch","337","0","2"
"18-29 years","Bulloch","2137","0","8"
"30-39 years","Bulloch","590","4","21"
"40-49 years","Bulloch","514","2","25"
"50-59 years","Bulloch","486","5","28"
"60-69 years","Bulloch","367","13","39"
"70-79 years","Bulloch","183","12","33"
"80 & Older years","Bulloch","102","11","32"
"<1 years","Bulloch","22","0","2"
"Unknown years","Bulloch","6","0","0"
"01-04 years","Burke","20","0","0"
"05-09 years","Burke","41","0","0"
"10-17 years","Burke","121","0","1"
"18-29 years","Burke","322","1","7"
"30-39 years","Burke","243","1","7"
"40-49 years","Burke","273","2","14"
"50-59 years","Burke","250","2","31"
"60-69 years","Burke","192","5","34"
"70-79 years","Burke","115","10","28"
"80 & Older years","Burke","36","9","14"
"<1 years","Burke","6","0","0"
"Unknown years","Burke","2","0","0"
"01-04 years","Butts","22","0","3"
"05-09 years","Butts","23","0","0"
"10-17 years","Butts","101","0","1"
"18-29 years","Butts","340","0","6"
"30-39 years","Butts","296","0","7"
"40-49 years","Butts","296","3","13"
"50-59 years","Butts","319","5","21"
"60-69 years","Butts","237","14","29"
"70-79 years","Butts","167","17","21"
"80 & Older years","Butts","103","25","6"
"<1 years","Butts","5","0","1"
"Unknown years","Butts","1","0","0"
"01-04 years","Calhoun","6","0","0"
"05-09 years","Calhoun","1","0","0"
"10-17 years","Calhoun","36","0","0"
"18-29 years","Calhoun","65","0","6"
"30-39 years","Calhoun","59","2","6"
"40-49 years","Calhoun","76","2","9"
"50-59 years","Calhoun","76","2","15"
"60-69 years","Calhoun","71","2","19"
"70-79 years","Calhoun","25","4","8"
"80 & Older years","Calhoun","15","2","8"
"<1 years","Calhoun","3","0","0"
"Unknown years","Calhoun","1","0","0"
"01-04 years","Camden","41","0","0"
"05-09 years","Camden","39","0","1"
"10-17 years","Camden","219","0","1"
"18-29 years","Camden","724","0","4"
"30-39 years","Camden","483","0","12"
"40-49 years","Camden","381","1","11"
"50-59 years","Camden","441","1","16"
"60-69 years","Camden","326","7","23"
"70-79 years","Camden","192","2","22"
"80 & Older years","Camden","85","13","21"
"<1 years","Camden","9","0","1"
"Unknown years","Camden","14","0","0"
"01-04 years","Candler","8","0","0"
"05-09 years","Candler","12","0","0"
"10-17 years","Candler","53","0","0"
"18-29 years","Candler","128","0","0"
"30-39 years","Candler","90","0","2"
"40-49 years","Candler","114","2","3"
"50-59 years","Candler","120","5","10"
"60-69 years","Candler","95","8","14"
"70-79 years","Candler","59","12","17"
"80 & Older years","Candler","27","6","11"
"<1 years","Candler","4","0","0"
"Unknown years","Candler","1","0","0"
"01-04 years","Carroll","82","0","1"
"05-09 years","Carroll","127","0","1"
"10-17 years","Carroll","573","0","6"
"18-29 years","Carroll","1608","0","11"
"30-39 years","Carroll","997","4","18"
"40-49 years","Carroll","969","4","26"
"50-59 years","Carroll","993","11","52"
"60-69 years","Carroll","708","21","66"
"70-79 years","Carroll","429","30","60"
"80 & Older years","Carroll","262","47","42"
"<1 years","Carroll","25","0","0"
"Unknown years","Carroll","12","0","0"
"01-04 years","Catoosa","74","0","0"
"05-09 years","Catoosa","115","0","1"
"10-17 years","Catoosa","424","0","2"
"18-29 years","Catoosa","889","0","7"
"30-39 years","Catoosa","664","1","10"
"40-49 years","Catoosa","762","1","13"
"50-59 years","Catoosa","711","5","26"
"60-69 years","Catoosa","518","6","50"
"70-79 years","Catoosa","325","14","45"
"80 & Older years","Catoosa","228","26","42"
"<1 years","Catoosa","31","0","1"
"Unknown years","Catoosa","121","0","8"
"01-04 years","Charlton","12","0","0"
"05-09 years","Charlton","26","0","0"
"10-17 years","Charlton","58","0","0"
"18-29 years","Charlton","176","0","1"
"30-39 years","Charlton","196","0","4"
"40-49 years","Charlton","173","2","8"
"50-59 years","Charlton","141","1","5"
"60-69 years","Charlton","137","5","15"
"70-79 years","Charlton","49","4","9"
"80 & Older years","Charlton","27","4","12"
"<1 years","Charlton","2","0","0"
"Unknown years","Charlton","1","0","0"
"01-04 years","Chatham","349","0","3"
"05-09 years","Chatham","409","1","1"
"10-17 years","Chatham","1172","0","13"
"18-29 years","Chatham","4408","2","53"
"30-39 years","Chatham","3077","5","103"
"40-49 years","Chatham","2502","11","137"
"50-59 years","Chatham","2264","31","215"
"60-69 years","Chatham","1835","59","309"
"70-79 years","Chatham","988","93","304"
"80 & Older years","Chatham","617","121","257"
"<1 years","Chatham","91","0","4"
"Unknown years","Chatham","38","0","1"
"01-04 years","Chattahoochee","8","0","0"
"05-09 years","Chattahoochee","7","0","0"
"10-17 years","Chattahoochee","111","0","2"
"18-29 years","Chattahoochee","2107","6","2"
"30-39 years","Chattahoochee","213","2","3"
"40-49 years","Chattahoochee","51","0","0"
"50-59 years","Chattahoochee","22","0","5"
"60-69 years","Chattahoochee","16","0","4"
"70-79 years","Chattahoochee","6","0","2"
"80 & Older years","Chattahoochee","7","1","3"
"<1 years","Chattahoochee","9","0","0"
"Unknown years","Chattahoochee","1","0","0"
"01-04 years","Chattooga","11","0","0"
"05-09 years","Chattooga","24","0","0"
"10-17 years","Chattooga","173","0","1"
"18-29 years","Chattooga","351","0","4"
"30-39 years","Chattooga","277","0","6"
"40-49 years","Chattooga","309","1","10"
"50-59 years","Chattooga","307","5","16"
"60-69 years","Chattooga","267","14","36"
"70-79 years","Chattooga","162","14","40"
"80 & Older years","Chattooga","114","21","30"
"<1 years","Chattooga","9","0","1"
"Unknown years","Chattooga","25","0","1"
"01-04 years","Cherokee","189","0","7"
"05-09 years","Cherokee","475","0","7"
"10-17 years","Cherokee","1896","0","12"
"18-29 years","Cherokee","3797","1","64"
"30-39 years","Cherokee","2700","2","90"
"40-49 years","Cherokee","3031","4","104"
"50-59 years","Cherokee","3045","15","171"
"60-69 years","Cherokee","1819","32","197"
"70-79 years","Cherokee","1211","61","214"
"80 & Older years","Cherokee","769","114","206"
"<1 years","Cherokee","38","0","1"
"Unknown years","Cherokee","76","0","2"
"01-04 years","Clarke","153","0","1"
"05-09 years","Clarke","184","0","2"
"10-17 years","Clarke","542","0","5"
"18-29 years","Clarke","5614","1","33"
"30-39 years","Clarke","1467","2","32"
"40-49 years","Clarke","1192","2","45"
"50-59 years","Clarke","1073","7","63"
"60-69 years","Clarke","715","14","85"
"70-79 years","Clarke","431","36","99"
"80 & Older years","Clarke","232","40","62"
"<1 years","Clarke","40","0","2"
"Unknown years","Clarke","34","0","0"
"01-04 years","Clay","3","0","0"
"05-09 years","Clay","2","0","0"
"10-17 years","Clay","16","0","0"
"18-29 years","Clay","26","0","0"
"30-39 years","Clay","30","0","1"
"40-49 years","Clay","26","0","0"
"50-59 years","Clay","17","0","1"
"60-69 years","Clay","24","1","2"
"70-79 years","Clay","18","0","0"
"80 & Older years","Clay","14","2","5"
"Unknown years","Clay","1","0","0"
"01-04 years","Clayton","336","0","8"
"05-09 years","Clayton","516","1","8"
"10-17 years","Clayton","1344","0","23"
"18-29 years","Clayton","4274","5","90"
"30-39 years","Clayton","3687","9","134"
"40-49 years","Clayton","3347","23","169"
"50-59 years","Clayton","3174","43","238"
"60-69 years","Clayton","2005","87","222"
"70-79 years","Clayton","852","80","153"
"80 & Older years","Clayton","432","88","107"
"<1 years","Clayton","77","0","3"
"Unknown years","Clayton","57","0","3"
"01-04 years","Clinch","14","0","0"
"05-09 years","Clinch","20","0","0"
"10-17 years","Clinch","74","0","0"
"18-29 years","Clinch","127","0","2"
"30-39 years","Clinch","97","1","4"
"40-49 years","Clinch","93","0","4"
"50-59 years","Clinch","92","2","14"
"60-69 years","Clinch","100","7","15"
"70-79 years","Clinch","51","8","18"
"80 & Older years","Clinch","17","3","5"
"<1 years","Clinch","4","0","0"
"Unknown years","Clinch","1","0","0"
"01-04 years","Cobb","639","1","14"
"05-09 years","Cobb","1138","0","8"
"10-17 years","Cobb","3740","0","32"
"18-29 years","Cobb","13461","4","215"
"30-39 years","Cobb","9022","12","225"
"40-49 years","Cobb","8559","27","360"
"50-59 years","Cobb","7648","51","479"
"60-69 years","Cobb","4700","111","464"
"70-79 years","Cobb","2616","236","445"
"80 & Older years","Cobb","1638","332","402"
"<1 years","Cobb","168","0","9"
"Unknown years","Cobb","194","2","3"
"01-04 years","Coffee","74","0","2"
"05-09 years","Coffee","92","0","4"
"10-17 years","Coffee","270","0","3"
"18-29 years","Coffee","787","0","22"
"30-39 years","Coffee","581","4","39"
"40-49 years","Coffee","661","4","84"
"50-59 years","Coffee","652","7","119"
"60-69 years","Coffee","516","29","126"
"70-79 years","Coffee","275","33","114"
"80 & Older years","Coffee","150","36","85"
"<1 years","Coffee","12","0","0"
"01-04 years","Colquitt","45","0","0"
"05-09 years","Colquitt","91","0","1"
"10-17 years","Colquitt","315","0","4"
"18-29 years","Colquitt","666","0","17"
"30-39 years","Colquitt","466","0","16"
"40-49 years","Colquitt","488","6","36"
"50-59 years","Colquitt","447","12","34"
"60-69 years","Colquitt","308","12","37"
"70-79 years","Colquitt","188","9","43"
"80 & Older years","Colquitt","130","20","28"
"<1 years","Colquitt","14","0","0"
"Unknown years","Colquitt","4","0","0"
"01-04 years","Columbia","117","0","2"
"05-09 years","Columbia","267","0","0"
"10-17 years","Columbia","992","0","1"
"18-29 years","Columbia","2082","0","20"
"30-39 years","Columbia","1854","2","22"
"40-49 years","Columbia","1679","7","43"
"50-59 years","Columbia","1459","14","66"
"60-69 years","Columbia","927","20","82"
"70-79 years","Columbia","505","39","94"
"80 & Older years","Columbia","281","56","80"
"<1 years","Columbia","31","0","1"
"Unknown years","Columbia","21","0","0"
"01-04 years","Cook","13","0","1"
"05-09 years","Cook","22","0","0"
"10-17 years","Cook","90","0","1"
"18-29 years","Cook","222","0","6"
"30-39 years","Cook","164","0","4"
"40-49 years","Cook","172","0","13"
"50-59 years","Cook","158","2","17"
"60-69 years","Cook","119","8","18"
"70-79 years","Cook","96","10","28"
"80 & Older years","Cook","54","14","15"
"<1 years","Cook","6","0","0"
"Unknown years","Cook","2","0","0"
"01-04 years","Coweta","95","0","0"
"05-09 years","Coweta","170","0","0"
"10-17 years","Coweta","560","0","4"
"18-29 years","Coweta","1426","1","14"
"30-39 years","Coweta","1101","2","21"
"40-49 years","Coweta","1167","5","29"
"50-59 years","Coweta","1356","16","51"
"60-69 years","Coweta","846","25","47"
"70-79 years","Coweta","529","33","58"
"80 & Older years","Coweta","285","51","34"
"<1 years","Coweta","25","0","1"
"Unknown years","Coweta","22","0","0"
"01-04 years","Crawford","2","0","0"
"05-09 years","Crawford","2","0","0"
"10-17 years","Crawford","27","0","0"
"18-29 years","Crawford","72","0","2"
"30-39 years","Crawford","68","0","6"
"40-49 years","Crawford","55","1","3"
"50-59 years","Crawford","108","3","13"
"60-69 years","Crawford","93","4","14"
"70-79 years","Crawford","40","3","14"
"80 & Older years","Crawford","21","0","7"
"01-04 years","Crisp","20","0","0"
"05-09 years","Crisp","27","0","0"
"10-17 years","Crisp","95","0","1"
"18-29 years","Crisp","203","0","7"
"30-39 years","Crisp","202","1","14"
"40-49 years","Crisp","188","1","18"
"50-59 years","Crisp","189","4","25"
"60-69 years","Crisp","180","12","32"
"70-79 years","Crisp","97","9","31"
"80 & Older years","Crisp","69","12","16"
"<1 years","Crisp","7","0","0"
"Unknown years","Crisp","12","0","0"
"01-04 years","Dade","11","0","0"
"05-09 years","Dade","30","0","0"
"10-17 years","Dade","83","0","0"
"18-29 years","Dade","192","0","1"
"30-39 years","Dade","134","0","2"
"40-49 years","Dade","162","0","7"
"50-59 years","Dade","149","1","7"
"60-69 years","Dade","114","1","7"
"70-79 years","Dade","76","5","16"
"80 & Older years","Dade","49","2","9"
"<1 years","Dade","7","0","0"
"Unknown years","Dade","31","0","1"
"01-04 years","Dawson","22","0","0"
"05-09 years","Dawson","45","0","0"
"10-17 years","Dawson","184","0","4"
"18-29 years","Dawson","496","0","11"
"30-39 years","Dawson","352","0","12"
"40-49 years","Dawson","331","0","22"
"50-59 years","Dawson","391","2","29"
"60-69 years","Dawson","314","5","63"
"70-79 years","Dawson","197","13","44"
"80 & Older years","Dawson","80","12","27"
"<1 years","Dawson","9","0","1"
"Unknown years","Dawson","51","0","2"
"01-04 years","DeKalb","696","0","21"
"05-09 years","DeKalb","1013","0","14"
"10-17 years","DeKalb","2868","0","52"
"18-29 years","DeKalb","11380","9","320"
"30-39 years","DeKalb","9890","15","463"
"40-49 years","DeKalb","7916","29","529"
"50-59 years","DeKalb","7186","75","729"
"60-69 years","DeKalb","4570","135","770"
"70-79 years","DeKalb","2309","187","589"
"80 & Older years","DeKalb","1458","234","441"
"<1 years","DeKalb","159","0","7"
"Unknown years","DeKalb","302","0","7"
"01-04 years","Decatur","48","0","1"
"05-09 years","Decatur","59","0","0"
"10-17 years","Decatur","199","0","0"
"18-29 years","Decatur","396","1","8"
"30-39 years","Decatur","309","1","8"
"40-49 years","Decatur","302","1","18"
"50-59 years","Decatur","252","5","25"
"60-69 years","Decatur","216","10","29"
"70-79 years","Decatur","135","16","25"
"80 & Older years","Decatur","96","15","21"
"<1 years","Decatur","9","0","0"
"01-04 years","Dodge","7","0","0"
"05-09 years","Dodge","17","0","0"
"10-17 years","Dodge","84","1","1"
"18-29 years","Dodge","190","0","4"
"30-39 years","Dodge","140","0","3"
"40-49 years","Dodge","150","1","10"
"50-59 years","Dodge","176","4","17"
"60-69 years","Dodge","152","14","29"
"70-79 years","Dodge","80","16","21"
"80 & Older years","Dodge","56","16","17"
"<1 years","Dodge","3","0","0"
"Unknown years","Dodge","1","1","0"
"01-04 years","Dooly","12","0","0"
"05-09 years","Dooly","12","0","0"
"10-17 years","Dooly","46","0","1"
"18-29 years","Dooly","100","0","5"
"30-39 years","Dooly","94","0","9"
"40-49 years","Dooly","113","0","9"
"50-59 years","Dooly","126","5","15"
"60-69 years","Dooly","117","10","23"
"70-79 years","Dooly","63","6","12"
"80 & Older years","Dooly","21","6","5"
"<1 years","Dooly","3","0","0"
"Unknown years","Dooly","3","0","0"
"01-04 years","Dougherty","56","0","3"
"05-09 years","Dougherty","100","0","0"
"10-17 years","Dougherty","226","0","4"
"18-29 years","Dougherty","904","2","73"
"30-39 years","Dougherty","751","4","67"
"40-49 years","Dougherty","781","14","105"
"50-59 years","Dougherty","860","24","155"
"60-69 years","Dougherty","746","66","233"
"70-79 years","Dougherty","444","58","169"
"80 & Older years","Dougherty","258","84","113"
"<1 years","Dougherty","25","0","1"
"Unknown years","Dougherty","10","0","0"
"01-04 years","Douglas","142","0","3"
"05-09 years","Douglas","254","0","4"
"10-17 years","Douglas","782","0","5"
"18-29 years","Douglas","2087","0","43"
"30-39 years","Douglas","1650","3","57"
"40-49 years","Douglas","1932","4","97"
"50-59 years","Douglas","1725","18","138"
"60-69 years","Douglas","999","28","147"
"70-79 years","Douglas","542","48","124"
"80 & Older years","Douglas","265","39","80"
"<1 years","Douglas","28","0","4"
"Unknown years","Douglas","31","0","1"
"01-04 years","Early","19","0","0"
"05-09 years","Early","18","0","0"
"10-17 years","Early","80","0","0"
"18-29 years","Early","139","0","4"
"30-39 years","Early","145","0","4"
"40-49 years","Early","166","1","9"
"50-59 years","Early","156","3","10"
"60-69 years","Early","116","11","12"
"70-79 years","Early","72","13","15"
"80 & Older years","Early","39","12","11"
"<1 years","Early","2","0","0"
"01-04 years","Echols","8","0","0"
"05-09 years","Echols","5","0","0"
"10-17 years","Echols","26","0","1"
"18-29 years","Echols","130","0","1"
"30-39 years","Echols","57","0","2"
"40-49 years","Echols","40","0","1"
"50-59 years","Echols","43","0","2"
"60-69 years","Echols","22","0","0"
"70-79 years","Echols","17","2","3"
"80 & Older years","Echols","1","0","1"
"<1 years","Echols","1","0","0"
"01-04 years","Effingham","44","0","2"
"05-09 years","Effingham","105","0","1"
"10-17 years","Effingham","351","0","0"
"18-29 years","Effingham","614","0","4"
"30-39 years","Effingham","563","1","13"
"40-49 years","Effingham","522","0","26"
"50-59 years","Effingham","529","9","36"
"60-69 years","Effingham","348","7","51"
"70-79 years","Effingham","208","18","51"
"80 & Older years","Effingham","90","17","29"
"<1 years","Effingham","8","0","0"
"Unknown years","Effingham","7","0","0"
"01-04 years","Elbert","18","0","0"
"05-09 years","Elbert","29","0","0"
"10-17 years","Elbert","84","0","1"
"18-29 years","Elbert","248","0","1"
"30-39 years","Elbert","178","0","8"
"40-49 years","Elbert","208","1","8"
"50-59 years","Elbert","221","0","12"
"60-69 years","Elbert","179","3","21"
"70-79 years","Elbert","152","14","31"
"80 & Older years","Elbert","123","24","29"
"<1 years","Elbert","8","0","2"
"Unknown years","Elbert","9","0","0"
"01-04 years","Emanuel","25","0","1"
"05-09 years","Emanuel","21","0","0"
"10-17 years","Emanuel","161","0","2"
"18-29 years","Emanuel","298","1","0"
"30-39 years","Emanuel","223","0","7"
"40-49 years","Emanuel","276","1","7"
"50-59 years","Emanuel","249","6","25"
"60-69 years","Emanuel","213","9","28"
"70-79 years","Emanuel","125","15","25"
"80 & Older years","Emanuel","59","19","20"
"<1 years","Emanuel","5","0","0"
"Unknown years","Emanuel","9","0","1"
"01-04 years","Evans","9","0","0"
"05-09 years","Evans","20","0","0"
"10-17 years","Evans","82","0","0"
"18-29 years","Evans","135","1","3"
"30-39 years","Evans","123","0","3"
"40-49 years","Evans","104","0","9"
"50-59 years","Evans","104","2","16"
"60-69 years","Evans","63","3","14"
"70-79 years","Evans","46","3","13"
"80 & Older years","Evans","18","2","9"
"<1 years","Evans","2","0","0"
"Unknown years","Evans","5","0","0"
"01-04 years","Fannin","14","0","0"
"05-09 years","Fannin","25","0","0"
"10-17 years","Fannin","108","0","0"
"18-29 years","Fannin","270","1","3"
"30-39 years","Fannin","210","0","6"
"40-49 years","Fannin","240","1","9"
"50-59 years","Fannin","329","4","21"
"60-69 years","Fannin","312","6","33"
"70-79 years","Fannin","228","10","37"
"80 & Older years","Fannin","137","28","45"
"<1 years","Fannin","4","0","0"
"Unknown years","Fannin","17","0","0"
"01-04 years","Fayette","55","0","0"
"05-09 years","Fayette","105","0","1"
"10-17 years","Fayette","429","0","2"
"18-29 years","Fayette","1061","0","6"
"30-39 years","Fayette","682","1","7"
"40-49 years","Fayette","915","1","22"
"50-59 years","Fayette","985","6","32"
"60-69 years","Fayette","758","16","41"
"70-79 years","Fayette","382","45","61"
"80 & Older years","Fayette","259","46","35"
"<1 years","Fayette","12","0","0"
"Unknown years","Fayette","27","0","0"
"01-04 years","Floyd","111","0","3"
"05-09 years","Floyd","192","0","0"
"10-17 years","Floyd","851","0","10"
"18-29 years","Floyd","1846","0","22"
"30-39 years","Floyd","1352","3","44"
"40-49 years","Floyd","1323","5","76"
"50-59 years","Floyd","1253","18","122"
"60-69 years","Floyd","908","30","156"
"70-79 years","Floyd","633","39","169"
"80 & Older years","Floyd","361","55","129"
"<1 years","Floyd","44","0","2"
"Unknown years","Floyd","115","0","2"
"01-04 years","Forsyth","186","0","1"
"05-09 years","Forsyth","442","0","2"
"10-17 years","Forsyth","1698","0","6"
"18-29 years","Forsyth","2792","0","41"
"30-39 years","Forsyth","2000","0","57"
"40-49 years","Forsyth","2576","4","111"
"50-59 years","Forsyth","2412","9","149"
"60-69 years","Forsyth","1264","14","136"
"70-79 years","Forsyth","775","43","202"
"80 & Older years","Forsyth","470","60","141"
"<1 years","Forsyth","44","0","3"
"Unknown years","Forsyth","794","0","2"
"01-04 years","Franklin","13","0","1"
"05-09 years","Franklin","50","0","0"
"10-17 years","Franklin","171","0","5"
"18-29 years","Franklin","408","0","9"
"30-39 years","Franklin","283","0","3"
"40-49 years","Franklin","319","0","13"
"50-59 years","Franklin","327","0","20"
"60-69 years","Franklin","289","3","33"
"70-79 years","Franklin","165","17","31"
"80 & Older years","Franklin","78","15","20"
"<1 years","Franklin","8","0","1"
"Unknown years","Franklin","101","0","2"
"01-04 years","Fulton","841","0","18"
"05-09 years","Fulton","1395","0","11"
"10-17 years","Fulton","4510","1","39"
"18-29 years","Fulton","18865","5","299"
"30-39 years","Fulton","13766","18","427"
"40-49 years","Fulton","10965","33","509"
"50-59 years","Fulton","9825","83","719"
"60-69 years","Fulton","5826","178","698"
"70-79 years","Fulton","3159","250","627"
"80 & Older years","Fulton","2230","416","635"
"<1 years","Fulton","194","0","8"
"Unknown years","Fulton","253","1","6"
"01-04 years","Gilmer","29","0","2"
"05-09 years","Gilmer","38","0","0"
"10-17 years","Gilmer","166","0","2"
"18-29 years","Gilmer","333","0","8"
"30-39 years","Gilmer","300","0","14"
"40-49 years","Gilmer","323","0","15"
"50-59 years","Gilmer","356","7","24"
"60-69 years","Gilmer","337","6","39"
"70-79 years","Gilmer","233","13","44"
"80 & Older years","Gilmer","132","29","39"
"<1 years","Gilmer","10","0","0"
"Unknown years","Gilmer","43","0","0"
"01-04 years","Glascock","1","0","0"
"05-09 years","Glascock","3","0","0"
"10-17 years","Glascock","1","0","0"
"18-29 years","Glascock","22","0","1"
"30-39 years","Glascock","15","0","0"
"40-49 years","Glascock","21","0","1"
"50-59 years","Glascock","26","2","3"
"60-69 years","Glascock","14","0","1"
"70-79 years","Glascock","23","2","7"
"80 & Older years","Glascock","9","1","5"
"<1 years","Glascock","1","0","0"
"Unknown years","Glascock","1","0","0"
"01-04 years","Glynn","87","0","1"
"05-09 years","Glynn","166","0","1"
"10-17 years","Glynn","504","0","0"
"18-29 years","Glynn","1308","0","22"
"30-39 years","Glynn","999","4","25"
"40-49 years","Glynn","848","3","32"
"50-59 years","Glynn","820","9","65"
"60-69 years","Glynn","682","26","104"
"70-79 years","Glynn","416","41","77"
"80 & Older years","Glynn","242","56","81"
"<1 years","Glynn","20","0","0"
"Unknown years","Glynn","41","0","0"
"01-04 years","Gordon","79","0","0"
"05-09 years","Gordon","113","0","0"
"10-17 years","Gordon","509","0","4"
"18-29 years","Gordon","1100","0","11"
"30-39 years","Gordon","851","2","19"
"40-49 years","Gordon","902","1","27"
"50-59 years","Gordon","884","10","41"
"60-69 years","Gordon","546","20","44"
"70-79 years","Gordon","322","22","70"
"80 & Older years","Gordon","169","30","49"
"<1 years","Gordon","22","0","3"
"Unknown years","Gordon","99","0","3"
"01-04 years","Grady","30","0","1"
"05-09 years","Grady","39","0","0"
"10-17 years","Grady","123","0","4"
"18-29 years","Grady","243","0","9"
"30-39 years","Grady","214","0","9"
"40-49 years","Grady","226","0","21"
"50-59 years","Grady","206","7","26"
"60-69 years","Grady","158","4","26"
"70-79 years","Grady","147","14","44"
"80 & Older years","Grady","53","16","19"
"<1 years","Grady","4","0","1"
"Unknown years","Grady","5","0","0"
"01-04 years","Greene","15","0","0"
"05-09 years","Greene","31","0","0"
"10-17 years","Greene","77","0","0"
"18-29 years","Greene","239","0","5"
"30-39 years","Greene","172","0","6"
"40-49 years","Greene","169","3","12"
"50-59 years","Greene","202","4","17"
"60-69 years","Greene","212","5","15"
"70-79 years","Greene","160","6","25"
"80 & Older years","Greene","96","21","38"
"<1 years","Greene","3","0","1"
"Unknown years","Greene","1","0","0"
"01-04 years","Gwinnett","1148","0","15"
"05-09 years","Gwinnett","1893","0","21"
"10-17 years","Gwinnett","6335","1","75"
"18-29 years","Gwinnett","17560","7","530"
"30-39 years","Gwinnett","13138","16","550"
"40-49 years","Gwinnett","14044","44","737"
"50-59 years","Gwinnett","11952","81","808"
"60-69 years","Gwinnett","6581","156","838"
"70-79 years","Gwinnett","3014","206","667"
"80 & Older years","Gwinnett","1679","302","581"
"<1 years","Gwinnett","320","0","18"
"Unknown years","Gwinnett","225","0","1"
"01-04 years","Habersham","32","0","3"
"05-09 years","Habersham","57","0","3"
"10-17 years","Habersham","283","1","6"
"18-29 years","Habersham","790","0","10"
"30-39 years","Habersham","591","2","26"
"40-49 years","Habersham","626","4","39"
"50-59 years","Habersham","660","5","53"
"60-69 years","Habersham","533","15","110"
"70-79 years","Habersham","365","38","102"
"80 & Older years","Habersham","269","66","88"
"<1 years","Habersham","8","0","3"
"Unknown years","Habersham","265","0","4"
"01-04 years","Hall","173","0","6"
"05-09 years","Hall","354","0","4"
"10-17 years","Hall","1624","0","28"
"18-29 years","Hall","4961","3","149"
"30-39 years","Hall","3332","1","179"
"40-49 years","Hall","3498","9","246"
"50-59 years","Hall","3634","25","361"
"60-69 years","Hall","2472","65","385"
"70-79 years","Hall","1605","97","438"
"80 & Older years","Hall","898","155","365"
"<1 years","Hall","34","0","7"
"Unknown years","Hall","770","0","8"
"01-04 years","Hancock","6","0","0"
"05-09 years","Hancock","6","0","0"
"10-17 years","Hancock","32","0","0"
"18-29 years","Hancock","126","0","2"
"30-39 years","Hancock","106","0","2"
"40-49 years","Hancock","99","1","4"
"50-59 years","Hancock","132","4","15"
"60-69 years","Hancock","141","15","28"
"70-79 years","Hancock","68","15","19"
"80 & Older years","Hancock","60","19","22"
"<1 years","Hancock","4","0","0"
"Unknown years","Hancock","1","0","0"
"01-04 years","Haralson","22","0","0"
"05-09 years","Haralson","35","0","0"
"10-17 years","Haralson","139","0","1"
"18-29 years","Haralson","335","0","3"
"30-39 years","Haralson","207","0","4"
"40-49 years","Haralson","223","1","5"
"50-59 years","Haralson","237","1","3"
"60-69 years","Haralson","178","11","19"
"70-79 years","Haralson","124","11","15"
"80 & Older years","Haralson","54","7","9"
"<1 years","Haralson","7","0","0"
"Unknown years","Haralson","6","0","0"
"01-04 years","Harris","27","0","0"
"05-09 years","Harris","28","0","0"
"10-17 years","Harris","173","0","2"
"18-29 years","Harris","305","0","4"
"30-39 years","Harris","219","0","6"
"40-49 years","Harris","320","3","9"
"50-59 years","Harris","321","5","21"
"60-69 years","Harris","291","13","48"
"70-79 years","Harris","163","12","36"
"80 & Older years","Harris","54","9","10"
"<1 years","Harris","5","0","0"
"Unknown years","Harris","7","0","0"
"01-04 years","Hart","16","0","0"
"05-09 years","Hart","23","0","1"
"10-17 years","Hart","92","0","0"
"18-29 years","Hart","280","0","2"
"30-39 years","Hart","238","0","6"
"40-49 years","Hart","221","0","8"
"50-59 years","Hart","265","3","17"
"60-69 years","Hart","208","12","29"
"70-79 years","Hart","133","7","18"
"80 & Older years","Hart","84","12","26"
"<1 years","Hart","4","0","1"
"Unknown years","Hart","48","0","0"
"01-04 years","Heard","8","0","0"
"05-09 years","Heard","11","0","0"
"10-17 years","Heard","56","0","1"
"18-29 years","Heard","100","0","1"
"30-39 years","Heard","63","0","1"
"40-49 years","Heard","106","0","7"
"50-59 years","Heard","87","0","5"
"60-69 years","Heard","72","4","7"
"70-79 years","Heard","47","5","13"
"80 & Older years","Heard","20","4","2"
"<1 years","Heard","4","0","0"
"Unknown years","Heard","1","0","0"
"01-04 years","Henry","195","0","5"
"05-09 years","Henry","307","0","1"
"10-17 years","Henry","1192","0","12"
"18-29 years","Henry","3257","1","25"
"30-39 years","Henry","2665","6","39"
"40-49 years","Henry","2979","11","77"
"50-59 years","Henry","2908","16","106"
"60-69 years","Henry","1643","47","81"
"70-79 years","Henry","811","67","70"
"80 & Older years","Henry","419","68","50"
"<1 years","Henry","38","0","2"
"Unknown years","Henry","33","0","1"
"01-04 years","Houston","91","0","2"
"05-09 years","Houston","137","0","1"
"10-17 years","Houston","645","0","4"
"18-29 years","Houston","1939","3","34"
"30-39 years","Houston","1663","2","53"
"40-49 years","Houston","1551","5","83"
"50-59 years","Houston","1342","12","90"
"60-69 years","Houston","873","35","130"
"70-79 years","Houston","494","51","136"
"80 & Older years","Houston","272","42","88"
"<1 years","Houston","21","0","2"
"Unknown years","Houston","10","0","0"
"01-04 years","Irwin","6","0","0"
"05-09 years","Irwin","10","0","0"
"10-17 years","Irwin","51","0","0"
"18-29 years","Irwin","111","0","4"
"30-39 years","Irwin","94","0","4"
"40-49 years","Irwin","113","1","9"
"50-59 years","Irwin","102","2","12"
"60-69 years","Irwin","82","1","21"
"70-79 years","Irwin","49","5","8"
"80 & Older years","Irwin","34","6","18"
"01-04 years","Jackson","56","0","0"
"05-09 years","Jackson","145","0","2"
"10-17 years","Jackson","698","0","4"
"18-29 years","Jackson","1370","2","16"
"30-39 years","Jackson","1212","1","20"
"40-49 years","Jackson","1320","6","52"
"50-59 years","Jackson","1233","5","68"
"60-69 years","Jackson","826","19","71"
"70-79 years","Jackson","564","30","100"
"80 & Older years","Jackson","300","46","96"
"<1 years","Jackson","16","0","2"
"Unknown years","Jackson","34","0","1"
"01-04 years","Jasper","5","0","1"
"05-09 years","Jasper","6","0","0"
"10-17 years","Jasper","30","0","0"
"18-29 years","Jasper","113","0","3"
"30-39 years","Jasper","88","0","2"
"40-49 years","Jasper","90","0","3"
"50-59 years","Jasper","120","1","14"
"60-69 years","Jasper","86","7","13"
"70-79 years","Jasper","47","6","11"
"80 & Older years","Jasper","16","0","4"
"<1 years","Jasper","3","0","1"
"Unknown years","Jasper","1","0","0"
"01-04 years","Jeff Davis","28","0","1"
"05-09 years","Jeff Davis","28","0","0"
"10-17 years","Jeff Davis","109","0","2"
"18-29 years","Jeff Davis","232","0","4"
"30-39 years","Jeff Davis","203","0","9"
"40-49 years","Jeff Davis","195","0","11"
"50-59 years","Jeff Davis","180","7","20"
"60-69 years","Jeff Davis","120","6","23"
"70-79 years","Jeff Davis","79","12","19"
"80 & Older years","Jeff Davis","16","8","6"
"<1 years","Jeff Davis","2","0","1"
"Unknown years","Jeff Davis","4","0","0"
"01-04 years","Jefferson","18","0","0"
"05-09 years","Jefferson","31","0","0"
"10-17 years","Jefferson","100","0","1"
"18-29 years","Jefferson","234","0","3"
"30-39 years","Jefferson","186","0","7"
"40-49 years","Jefferson","205","3","12"
"50-59 years","Jefferson","263","4","22"
"60-69 years","Jefferson","237","11","30"
"70-79 years","Jefferson","151","15","38"
"80 & Older years","Jefferson","68","17","27"
"<1 years","Jefferson","5","0","0"
"Unknown years","Jefferson","9","0","0"
"01-04 years","Jenkins","16","0","0"
"05-09 years","Jenkins","20","0","0"
"10-17 years","Jenkins","58","0","0"
"18-29 years","Jenkins","102","0","2"
"30-39 years","Jenkins","82","1","6"
"40-49 years","Jenkins","107","3","10"
"50-59 years","Jenkins","115","6","17"
"60-69 years","Jenkins","84","5","11"
"70-79 years","Jenkins","56","12","21"
"80 & Older years","Jenkins","49","9","10"
"<1 years","Jenkins","2","0","0"
"Unknown years","Jenkins","2","0","1"
"01-04 years","Johnson","6","0","0"
"05-09 years","Johnson","7","0","0"
"10-17 years","Johnson","24","0","0"
"18-29 years","Johnson","106","0","2"
"30-39 years","Johnson","98","0","3"
"40-49 years","Johnson","88","2","7"
"50-59 years","Johnson","133","3","17"
"60-69 years","Johnson","124","7","18"
"70-79 years","Johnson","87","8","23"
"80 & Older years","Johnson","68","19","21"
"<1 years","Johnson","1","0","1"
"Unknown years","Johnson","1","0","0"
"01-04 years","Jones","6","0","0"
"05-09 years","Jones","21","0","0"
"10-17 years","Jones","83","0","0"
"18-29 years","Jones","314","0","6"
"30-39 years","Jones","235","1","7"
"40-49 years","Jones","217","2","10"
"50-59 years","Jones","246","1","20"
"60-69 years","Jones","168","4","30"
"70-79 years","Jones","110","11","38"
"80 & Older years","Jones","70","16","22"
"<1 years","Jones","3","0","0"
"Unknown years","Jones","1","0","0"
"01-04 years","Lamar","21","0","0"
"05-09 years","Lamar","43","0","0"
"10-17 years","Lamar","100","0","1"
"18-29 years","Lamar","187","0","2"
"30-39 years","Lamar","166","0","5"
"40-49 years","Lamar","162","1","4"
"50-59 years","Lamar","175","2","22"
"60-69 years","Lamar","159","7","18"
"70-79 years","Lamar","115","6","18"
"80 & Older years","Lamar","61","18","17"
"<1 years","Lamar","12","0","0"
"Unknown years","Lamar","2","0","0"
"01-04 years","Lanier","6","0","0"
"05-09 years","Lanier","10","0","1"
"10-17 years","Lanier","31","0","1"
"18-29 years","Lanier","97","1","1"
"30-39 years","Lanier","113","0","1"
"40-49 years","Lanier","71","1","2"
"50-59 years","Lanier","60","0","5"
"60-69 years","Lanier","38","1","2"
"70-79 years","Lanier","23","4","6"
"80 & Older years","Lanier","14","0","6"
"<1 years","Lanier","4","0","0"
"01-04 years","Laurens","27","0","0"
"05-09 years","Laurens","46","0","1"
"10-17 years","Laurens","223","0","3"
"18-29 years","Laurens","623","0","10"
"30-39 years","Laurens","521","1","17"
"40-49 years","Laurens","533","4","26"
"50-59 years","Laurens","564","9","61"
"60-69 years","Laurens","467","29","79"
"70-79 years","Laurens","311","40","75"
"80 & Older years","Laurens","219","48","57"
"<1 years","Laurens","5","0","1"
"Unknown years","Laurens","3","0","0"
"01-04 years","Lee","11","0","0"
"05-09 years","Lee","25","0","3"
"10-17 years","Lee","109","0","2"
"18-29 years","Lee","253","1","9"
"30-39 years","Lee","277","1","16"
"40-49 years","Lee","277","3","28"
"50-59 years","Lee","245","7","38"
"60-69 years","Lee","175","11","26"
"70-79 years","Lee","86","11","27"
"80 & Older years","Lee","47","8","19"
"<1 years","Lee","7","0","0"
"Unknown years","Lee","2","0","0"
"01-04 years","Liberty","33","0","1"
"05-09 years","Liberty","50","0","1"
"10-17 years","Liberty","204","0","2"
"18-29 years","Liberty","682","1","13"
"30-39 years","Liberty","427","0","13"
"40-49 years","Liberty","384","0","17"
"50-59 years","Liberty","356","6","34"
"60-69 years","Liberty","253","14","45"
"70-79 years","Liberty","110","12","38"
"80 & Older years","Liberty","59","12","25"
"<1 years","Liberty","24","0","1"
"Unknown years","Liberty","14","0","0"
"01-04 years","Lincoln","9","0","0"
"05-09 years","Lincoln","13","0","0"
"10-17 years","Lincoln","23","0","0"
"18-29 years","Lincoln","85","0","2"
"30-39 years","Lincoln","64","0","1"
"40-49 years","Lincoln","72","0","6"
"50-59 years","Lincoln","61","2","5"
"60-69 years","Lincoln","65","4","13"
"70-79 years","Lincoln","46","3","9"
"80 & Older years","Lincoln","21","7","8"
"<1 years","Lincoln","2","0","0"
"Unknown years","Lincoln","5","0","0"
"01-04 years","Long","12","0","0"
"05-09 years","Long","10","0","0"
"10-17 years","Long","51","0","0"
"18-29 years","Long","118","0","0"
"30-39 years","Long","127","0","2"
"40-49 years","Long","87","0","6"
"50-59 years","Long","80","1","9"
"60-69 years","Long","63","1","8"
"70-79 years","Long","39","5","13"
"80 & Older years","Long","21","3","7"
"<1 years","Long","4","0","0"
"Unknown years","Long","2","0","0"
"01-04 years","Lowndes","130","0","0"
"05-09 years","Lowndes","169","0","0"
"10-17 years","Lowndes","562","0","6"
"18-29 years","Lowndes","2160","4","28"
"30-39 years","Lowndes","1156","1","18"
"40-49 years","Lowndes","956","3","37"
"50-59 years","Lowndes","844","7","52"
"60-69 years","Lowndes","588","25","74"
"70-79 years","Lowndes","317","38","59"
"80 & Older years","Lowndes","190","47","55"
"<1 years","Lowndes","29","0","0"
"Unknown years","Lowndes","15","0","0"
"01-04 years","Lumpkin","16","0","0"
"05-09 years","Lumpkin","30","0","2"
"10-17 years","Lumpkin","123","0","2"
"18-29 years","Lumpkin","661","0","11"
"30-39 years","Lumpkin","317","0","9"
"40-49 years","Lumpkin","310","1","15"
"50-59 years","Lumpkin","363","4","41"
"60-69 years","Lumpkin","351","8","51"
"70-79 years","Lumpkin","252","8","61"
"80 & Older years","Lumpkin","132","29","66"
"<1 years","Lumpkin","7","0","1"
"Unknown years","Lumpkin","50","0","2"
"01-04 years","Macon","8","0","0"
"05-09 years","Macon","11","0","0"
"10-17 years","Macon","21","0","0"
"18-29 years","Macon","96","0","3"
"30-39 years","Macon","66","0","4"
"40-49 years","Macon","100","1","7"
"50-59 years","Macon","107","4","13"
"60-69 years","Macon","74","5","22"
"70-79 years","Macon","52","4","18"
"80 & Older years","Macon","18","6","6"
"<1 years","Macon","3","0","0"
"Unknown years","Macon","4","0","1"
"01-04 years","Madison","40","0","1"
"05-09 years","Madison","50","0","0"
"10-17 years","Madison","219","0","0"
"18-29 years","Madison","441","0","2"
"30-39 years","Madison","386","0","5"
"40-49 years","Madison","382","0","17"
"50-59 years","Madison","405","4","23"
"60-69 years","Madison","301","7","35"
"70-79 years","Madison","178","13","35"
"80 & Older years","Madison","71","9","8"
"<1 years","Madison","17","0","3"
"Unknown years","Madison","14","0","0"
"01-04 years","Marion","6","0","0"
"05-09 years","Marion","7","0","1"
"10-17 years","Marion","35","0","0"
"18-29 years","Marion","58","0","1"
"30-39 years","Marion","41","0","2"
"40-49 years","Marion","55","1","5"
"50-59 years","Marion","57","5","5"
"60-69 years","Marion","40","3","4"
"70-79 years","Marion","29","1","5"
"80 & Older years","Marion","27","2","7"
"<1 years","Marion","2","0","0"
"Unknown years","Marion","3","0","0"
"01-04 years","McDuffie","26","0","0"
"05-09 years","McDuffie","27","0","0"
"10-17 years","McDuffie","105","0","0"
"18-29 years","McDuffie","294","0","4"
"30-39 years","McDuffie","232","2","4"
"40-49 years","McDuffie","230","2","12"
"50-59 years","McDuffie","240","3","23"
"60-69 years","McDuffie","187","8","25"
"70-79 years","McDuffie","110","8","40"
"80 & Older years","McDuffie","47","11","25"
"<1 years","McDuffie","1","0","0"
"Unknown years","McDuffie","32","0","1"
"01-04 years","McIntosh","1","0","0"
"05-09 years","McIntosh","8","0","0"
"10-17 years","McIntosh","36","0","0"
"18-29 years","McIntosh","96","0","2"
"30-39 years","McIntosh","75","0","3"
"40-49 years","McIntosh","78","0","4"
"50-59 years","McIntosh","109","0","3"
"60-69 years","McIntosh","89","2","17"
"70-79 years","McIntosh","58","4","14"
"80 & Older years","McIntosh","21","7","7"
"<1 years","McIntosh","1","0","0"
"Unknown years","McIntosh","2","0","0"
"01-04 years","Meriwether","24","0","1"
"05-09 years","Meriwether","26","0","1"
"10-17 years","Meriwether","77","0","1"
"18-29 years","Meriwether","193","0","6"
"30-39 years","Meriwether","161","2","13"
"40-49 years","Meriwether","211","2","14"
"50-59 years","Meriwether","215","4","16"
"60-69 years","Meriwether","202","6","23"
"70-79 years","Meriwether","173","14","29"
"80 & Older years","Meriwether","95","14","15"
"<1 years","Meriwether","4","0","0"
"Unknown years","Meriwether","1","0","0"
"01-04 years","Miller","8","0","0"
"05-09 years","Miller","8","0","0"
"10-17 years","Miller","60","0","1"
"18-29 years","Miller","99","0","1"
"30-39 years","Miller","95","0","0"
"40-49 years","Miller","70","0","5"
"50-59 years","Miller","121","2","10"
"60-69 years","Miller","83","2","5"
"70-79 years","Miller","28","0","2"
"80 & Older years","Miller","25","0","6"
"<1 years","Miller","3","0","0"
"01-04 years","Mitchell","19","0","0"
"05-09 years","Mitchell","23","0","0"
"10-17 years","Mitchell","83","0","1"
"18-29 years","Mitchell","236","0","10"
"30-39 years","Mitchell","210","1","15"
"40-49 years","Mitchell","205","3","17"
"50-59 years","Mitchell","239","9","52"
"60-69 years","Mitchell","201","14","47"
"70-79 years","Mitchell","127","17","44"
"80 & Older years","Mitchell","96","25","30"
"<1 years","Mitchell","7","0","0"
"Unknown years","Mitchell","2","0","1"
"01-04 years","Monroe","10","0","0"
"05-09 years","Monroe","23","0","1"
"10-17 years","Monroe","82","0","0"
"18-29 years","Monroe","267","0","3"
"30-39 years","Monroe","229","0","6"
"40-49 years","Monroe","259","2","19"
"50-59 years","Monroe","297","3","22"
"60-69 years","Monroe","275","16","43"
"70-79 years","Monroe","156","19","41"
"80 & Older years","Monroe","113","35","29"
"<1 years","Monroe","3","0","1"
"01-04 years","Montgomery","9","0","0"
"05-09 years","Montgomery","6","0","0"
"10-17 years","Montgomery","46","0","1"
"18-29 years","Montgomery","151","0","1"
"30-39 years","Montgomery","92","1","3"
"40-49 years","Montgomery","120","0","2"
"50-59 years","Montgomery","95","2","5"
"60-69 years","Montgomery","89","5","12"
"70-79 years","Montgomery","52","6","9"
"80 & Older years","Montgomery","23","5","6"
"<1 years","Montgomery","1","0","0"
"Unknown years","Montgomery","1","0","0"
"01-04 years","Morgan","16","0","0"
"05-09 years","Morgan","20","0","1"
"10-17 years","Morgan","86","0","2"
"18-29 years","Morgan","198","0","4"
"30-39 years","Morgan","149","0","6"
"40-49 years","Morgan","157","0","4"
"50-59 years","Morgan","176","1","12"
"60-69 years","Morgan","125","1","10"
"70-79 years","Morgan","92","2","15"
"80 & Older years","Morgan","51","6","17"
"<1 years","Morgan","13","0","2"
"Unknown years","Morgan","2","0","0"
"01-04 years","Murray","63","0","2"
"05-09 years","Murray","87","0","2"
"10-17 years","Murray","358","0","2"
"18-29 years","Murray","760","0","6"
"30-39 years","Murray","524","1","7"
"40-49 years","Murray","650","0","21"
"50-59 years","Murray","584","6","38"
"60-69 years","Murray","383","7","56"
"70-79 years","Murray","238","25","51"
"80 & Older years","Murray","99","20","24"
"<1 years","Murray","20","0","2"
"Unknown years","Murray","6","0","0"
"01-04 years","Muscogee","190","0","5"
"05-09 years","Muscogee","285","0","0"
"10-17 years","Muscogee","781","0","7"
"18-29 years","Muscogee","2901","3","55"
"30-39 years","Muscogee","1951","2","75"
"40-49 years","Muscogee","1709","6","86"
"50-59 years","Muscogee","1761","34","175"
"60-69 years","Muscogee","1365","67","231"
"70-79 years","Muscogee","785","79","173"
"80 & Older years","Muscogee","490","106","144"
"<1 years","Muscogee","64","0","3"
"Unknown years","Muscogee","53","0","1"
"01-04 years","Newton","73","0","0"
"05-09 years","Newton","114","0","1"
"10-17 years","Newton","395","0","8"
"18-29 years","Newton","1233","1","37"
"30-39 years","Newton","1058","0","51"
"40-49 years","Newton","1194","6","84"
"50-59 years","Newton","1137","13","107"
"60-69 years","Newton","637","31","94"
"70-79 years","Newton","449","48","80"
"80 & Older years","Newton","278","74","66"
"<1 years","Newton","25","0","3"
"Unknown years","Newton","14","0","0"
"01-04 years","Non-GA Resident/Unknown State","241","0","2"
"05-09 years","Non-GA Resident/Unknown State","416","0","5"
"10-17 years","Non-GA Resident/Unknown State","1390","0","7"
"18-29 years","Non-GA Resident/Unknown State","5736","4","62"
"30-39 years","Non-GA Resident/Unknown State","4036","3","82"
"40-49 years","Non-GA Resident/Unknown State","3476","9","92"
"50-59 years","Non-GA Resident/Unknown State","3364","40","189"
"60-69 years","Non-GA Resident/Unknown State","2325","91","249"
"70-79 years","Non-GA Resident/Unknown State","1493","98","264"
"80 & Older years","Non-GA Resident/Unknown State","837","120","179"
"<1 years","Non-GA Resident/Unknown State","142","0","2"
"Unknown years","Non-GA Resident/Unknown State","950","5","3"
"01-04 years","Oconee","31","0","0"
"05-09 years","Oconee","55","0","0"
"10-17 years","Oconee","250","0","0"
"18-29 years","Oconee","513","0","3"
"30-39 years","Oconee","321","0","4"
"40-49 years","Oconee","487","1","10"
"50-59 years","Oconee","414","4","10"
"60-69 years","Oconee","281","9","28"
"70-79 years","Oconee","164","15","23"
"80 & Older years","Oconee","121","23","37"
"<1 years","Oconee","7","0","0"
"Unknown years","Oconee","4","1","0"
"01-04 years","Oglethorpe","17","0","0"
"05-09 years","Oglethorpe","26","0","0"
"10-17 years","Oglethorpe","81","0","1"
"18-29 years","Oglethorpe","190","0","1"
"30-39 years","Oglethorpe","131","1","1"
"40-49 years","Oglethorpe","162","1","5"
"50-59 years","Oglethorpe","159","1","18"
"60-69 years","Oglethorpe","132","0","13"
"70-79 years","Oglethorpe","101","4","13"
"80 & Older years","Oglethorpe","66","14","16"
"<1 years","Oglethorpe","8","0","0"
"Unknown years","Oglethorpe","5","0","0"
"01-04 years","Paulding","116","0","2"
"05-09 years","Paulding","233","0","0"
"10-17 years","Paulding","890","0","6"
"18-29 years","Paulding","1760","0","17"
"30-39 years","Paulding","1474","2","24"
"40-49 years","Paulding","1615","4","24"
"50-59 years","Paulding","1540","12","51"
"60-69 years","Paulding","815","30","60"
"70-79 years","Paulding","454","33","55"
"80 & Older years","Paulding","287","57","48"
"<1 years","Paulding","26","0","0"
"Unknown years","Paulding","41","1","0"
"01-04 years","Peach","12","0","2"
"05-09 years","Peach","17","0","0"
"10-17 years","Peach","67","0","1"
"18-29 years","Peach","367","1","8"
"30-39 years","Peach","279","0","15"
"40-49 years","Peach","222","3","19"
"50-59 years","Peach","285","7","39"
"60-69 years","Peach","235","7","47"
"70-79 years","Peach","117","9","36"
"80 & Older years","Peach","62","13","25"
"<1 years","Peach","4","0","0"
"Unknown years","Peach","1","0","0"
"01-04 years","Pickens","19","0","1"
"05-09 years","Pickens","33","0","0"
"10-17 years","Pickens","123","0","0"
"18-29 years","Pickens","345","0","5"
"30-39 years","Pickens","298","0","10"
"40-49 years","Pickens","351","0","14"
"50-59 years","Pickens","393","3","22"
"60-69 years","Pickens","308","4","32"
"70-79 years","Pickens","251","15","53"
"80 & Older years","Pickens","115","23","33"
"<1 years","Pickens","3","0","1"
"Unknown years","Pickens","9","0","0"
"01-04 years","Pierce","11","0","0"
"05-09 years","Pierce","21","0","0"
"10-17 years","Pierce","78","1","1"
"18-29 years","Pierce","216","0","5"
"30-39 years","Pierce","144","0","3"
"40-49 years","Pierce","187","0","12"
"50-59 years","Pierce","180","4","20"
"60-69 years","Pierce","142","10","36"
"70-79 years","Pierce","106","9","28"
"80 & Older years","Pierce","53","13","14"
"<1 years","Pierce","6","0","1"
"Unknown years","Pierce","3","0","0"
"01-04 years","Pike","24","0","0"
"05-09 years","Pike","23","0","0"
"10-17 years","Pike","109","0","1"
"18-29 years","Pike","144","0","4"
"30-39 years","Pike","125","0","2"
"40-49 years","Pike","177","2","9"
"50-59 years","Pike","139","3","7"
"60-69 years","Pike","96","2","16"
"70-79 years","Pike","79","8","15"
"80 & Older years","Pike","28","5","6"
"<1 years","Pike","1","0","0"
"Unknown years","Pike","4","0","0"
"01-04 years","Polk","37","0","1"
"05-09 years","Polk","68","0","0"
"10-17 years","Polk","299","0","2"
"18-29 years","Polk","748","0","11"
"30-39 years","Polk","515","0","10"
"40-49 years","Polk","551","1","38"
"50-59 years","Polk","564","11","68"
"60-69 years","Polk","355","11","66"
"70-79 years","Polk","288","20","79"
"80 & Older years","Polk","130","22","52"
"<1 years","Polk","18","0","0"
"Unknown years","Polk","30","0","0"
"01-04 years","Pulaski","5","0","0"
"05-09 years","Pulaski","8","0","0"
"10-17 years","Pulaski","34","0","1"
"18-29 years","Pulaski","73","0","1"
"30-39 years","Pulaski","83","0","2"
"40-49 years","Pulaski","78","0","7"
"50-59 years","Pulaski","94","0","6"
"60-69 years","Pulaski","91","6","11"
"70-79 years","Pulaski","46","11","16"
"80 & Older years","Pulaski","37","10","5"
"<1 years","Pulaski","3","0","0"
"Unknown years","Pulaski","1","0","0"
"01-04 years","Putnam","21","0","0"
"05-09 years","Putnam","40","0","0"
"10-17 years","Putnam","108","0","2"
"18-29 years","Putnam","262","0","2"
"30-39 years","Putnam","208","0","6"
"40-49 years","Putnam","204","1","5"
"50-59 years","Putnam","268","3","16"
"60-69 years","Putnam","241","11","24"
"70-79 years","Putnam","184","15","45"
"80 & Older years","Putnam","81","15","30"
"<1 years","Putnam","6","0","1"
"01-04 years","Quitman","1","0","0"
"05-09 years","Quitman","4","0","0"
"10-17 years","Quitman","5","0","0"
"18-29 years","Quitman","12","0","0"
"30-39 years","Quitman","4","0","1"
"40-49 years","Quitman","3","0","1"
"50-59 years","Quitman","14","0","1"
"60-69 years","Quitman","22","1","4"
"70-79 years","Quitman","4","0","1"
"80 & Older years","Quitman","4","0","1"
"<1 years","Quitman","2","0","0"
"01-04 years","Rabun","13","0","0"
"05-09 years","Rabun","19","0","0"
"10-17 years","Rabun","91","0","0"
"18-29 years","Rabun","198","0","5"
"30-39 years","Rabun","170","1","10"
"40-49 years","Rabun","176","0","7"
"50-59 years","Rabun","207","3","24"
"60-69 years","Rabun","210","7","30"
"70-79 years","Rabun","162","11","34"
"80 & Older years","Rabun","75","12","29"
"<1 years","Rabun","5","0","1"
"Unknown years","Rabun","73","0","1"
"01-04 years","Randolph","2","0","0"
"05-09 years","Randolph","5","0","0"
"10-17 years","Randolph","12","0","0"
"18-29 years","Randolph","54","0","2"
"30-39 years","Randolph","64","2","5"
"40-49 years","Randolph","52","0","4"
"50-59 years","Randolph","90","3","19"
"60-69 years","Randolph","66","8","15"
"70-79 years","Randolph","47","3","14"
"80 & Older years","Randolph","47","15","16"
"<1 years","Randolph","1","0","0"
"Unknown years","Randolph","2","0","0"
"01-04 years","Richmond","264","0","1"
"05-09 years","Richmond","505","0","3"
"10-17 years","Richmond","1375","0","11"
"18-29 years","Richmond","4177","6","55"
"30-39 years","Richmond","3099","5","70"
"40-49 years","Richmond","2497","17","98"
"50-59 years","Richmond","2529","30","189"
"60-69 years","Richmond","1852","59","225"
"70-79 years","Richmond","1016","76","254"
"80 & Older years","Richmond","616","125","246"
"<1 years","Richmond","80","0","2"
"Unknown years","Richmond","31","0","1"
"01-04 years","Rockdale","51","0","1"
"05-09 years","Rockdale","92","0","0"
"10-17 years","Rockdale","297","0","12"
"18-29 years","Rockdale","1022","2","61"
"30-39 years","Rockdale","804","3","75"
"40-49 years","Rockdale","932","6","98"
"50-59 years","Rockdale","912","10","139"
"60-69 years","Rockdale","586","21","124"
"70-79 years","Rockdale","348","38","126"
"80 & Older years","Rockdale","185","31","73"
"<1 years","Rockdale","8","0","2"
"Unknown years","Rockdale","8","0","0"
"01-04 years","Schley","5","0","0"
"05-09 years","Schley","4","0","0"
"10-17 years","Schley","19","0","0"
"18-29 years","Schley","46","0","2"
"30-39 years","Schley","20","0","0"
"40-49 years","Schley","29","0","3"
"50-59 years","Schley","31","0","3"
"60-69 years","Schley","26","1","8"
"70-79 years","Schley","11","0","2"
"80 & Older years","Schley","7","1","1"
"<1 years","Schley","1","0","0"
"01-04 years","Screven","8","0","0"
"05-09 years","Screven","15","0","0"
"10-17 years","Screven","57","0","0"
"18-29 years","Screven","131","0","3"
"30-39 years","Screven","116","0","2"
"40-49 years","Screven","91","1","4"
"50-59 years","Screven","103","2","13"
"60-69 years","Screven","133","1","14"
"70-79 years","Screven","69","5","14"
"80 & Older years","Screven","37","7","9"
"<1 years","Screven","4","0","0"
"Unknown years","Screven","1","0","0"
"01-04 years","Seminole","13","0","0"
"05-09 years","Seminole","15","0","0"
"10-17 years","Seminole","72","0","0"
"18-29 years","Seminole","104","0","0"
"30-39 years","Seminole","85","0","0"
"40-49 years","Seminole","89","0","5"
"50-59 years","Seminole","107","1","6"
"60-69 years","Seminole","121","2","23"
"70-79 years","Seminole","68","5","15"
"80 & Older years","Seminole","28","6","12"
"<1 years","Seminole","4","0","0"
"01-04 years","Spalding","55","0","2"
"05-09 years","Spalding","46","0","1"
"10-17 years","Spalding","168","0","2"
"18-29 years","Spalding","603","1","25"
"30-39 years","Spalding","535","4","28"
"40-49 years","Spalding","534","2","37"
"50-59 years","Spalding","552","11","65"
"60-69 years","Spalding","452","23","76"
"70-79 years","Spalding","321","34","69"
"80 & Older years","Spalding","205","44","63"
"<1 years","Spalding","10","0","0"
"Unknown years","Spalding","14","0","0"
"01-04 years","Stephens","16","0","0"
"05-09 years","Stephens","42","0","1"
"10-17 years","Stephens","170","0","3"
"18-29 years","Stephens","503","1","13"
"30-39 years","Stephens","324","0","8"
"40-49 years","Stephens","413","1","22"
"50-59 years","Stephens","430","4","36"
"60-69 years","Stephens","424","17","56"
"70-79 years","Stephens","288","21","61"
"80 & Older years","Stephens","149","24","37"
"<1 years","Stephens","5","0","0"
"Unknown years","Stephens","41","0","0"
"01-04 years","Stewart","3","0","0"
"05-09 years","Stewart","2","0","0"
"10-17 years","Stewart","13","0","0"
"18-29 years","Stewart","144","0","20"
"30-39 years","Stewart","201","1","25"
"40-49 years","Stewart","142","1","23"
"50-59 years","Stewart","75","2","12"
"60-69 years","Stewart","65","10","25"
"70-79 years","Stewart","24","3","5"
"80 & Older years","Stewart","21","4","6"
"<1 years","Stewart","1","0","0"
"Unknown years","Stewart","14","0","4"
"01-04 years","Sumter","21","0","0"
"05-09 years","Sumter","29","0","0"
"10-17 years","Sumter","74","0","2"
"18-29 years","Sumter","311","1","11"
"30-39 years","Sumter","259","1","20"
"40-49 years","Sumter","250","5","19"
"50-59 years","Sumter","268","2","40"
"60-69 years","Sumter","252","24","67"
"70-79 years","Sumter","162","25","44"
"80 & Older years","Sumter","102","26","45"
"<1 years","Sumter","10","0","0"
"Unknown years","Sumter","2","0","0"
"01-04 years","Talbot","7","0","0"
"05-09 years","Talbot","3","0","0"
"10-17 years","Talbot","30","0","0"
"18-29 years","Talbot","52","0","1"
"30-39 years","Talbot","31","0","1"
"40-49 years","Talbot","55","1","4"
"50-59 years","Talbot","60","4","6"
"60-69 years","Talbot","54","2","9"
"70-79 years","Talbot","36","6","6"
"80 & Older years","Talbot","20","2","8"
"Unknown years","Talbot","2","0","0"
"01-04 years","Taliaferro","1","0","0"
"05-09 years","Taliaferro","1","0","0"
"10-17 years","Taliaferro","6","0","0"
"18-29 years","Taliaferro","11","0","0"
"30-39 years","Taliaferro","14","0","0"
"40-49 years","Taliaferro","18","0","1"
"50-59 years","Taliaferro","9","0","0"
"60-69 years","Taliaferro","19","0","3"
"70-79 years","Taliaferro","10","0","2"
"80 & Older years","Taliaferro","4","0","2"
"01-04 years","Tattnall","27","0","0"
"05-09 years","Tattnall","46","0","0"
"10-17 years","Tattnall","152","0","0"
"18-29 years","Tattnall","303","0","1"
"30-39 years","Tattnall","269","1","4"
"40-49 years","Tattnall","264","0","7"
"50-59 years","Tattnall","288","5","21"
"60-69 years","Tattnall","227","12","31"
"70-79 years","Tattnall","109","12","33"
"80 & Older years","Tattnall","45","4","8"
"<1 years","Tattnall","6","0","0"
"Unknown years","Tattnall","2","0","1"
"01-04 years","Taylor","13","0","1"
"05-09 years","Taylor","12","0","0"
"10-17 years","Taylor","47","0","1"
"18-29 years","Taylor","73","0","1"
"30-39 years","Taylor","47","0","3"
"40-49 years","Taylor","82","1","8"
"50-59 years","Taylor","68","0","15"
"60-69 years","Taylor","59","5","16"
"70-79 years","Taylor","33","5","9"
"80 & Older years","Taylor","26","9","11"
"<1 years","Taylor","4","0","0"
"01-04 years","Telfair","9","0","0"
"05-09 years","Telfair","11","0","0"
"10-17 years","Telfair","20","0","0"
"18-29 years","Telfair","135","0","3"
"30-39 years","Telfair","91","1","1"
"40-49 years","Telfair","102","1","6"
"50-59 years","Telfair","101","5","10"
"60-69 years","Telfair","101","9","17"
"70-79 years","Telfair","69","10","17"
"80 & Older years","Telfair","42","14","11"
"<1 years","Telfair","4","0","0"
"Unknown years","Telfair","2","1","1"
"01-04 years","Terrell","7","0","0"
"05-09 years","Terrell","6","0","0"
"10-17 years","Terrell","41","0","0"
"18-29 years","Terrell","63","0","1"
"30-39 years","Terrell","75","0","9"
"40-49 years","Terrell","60","0","8"
"50-59 years","Terrell","92","3","15"
"60-69 years","Terrell","88","11","31"
"70-79 years","Terrell","58","13","24"
"80 & Older years","Terrell","37","11","16"
"01-04 years","Thomas","58","0","1"
"05-09 years","Thomas","105","0","0"
"10-17 years","Thomas","289","0","2"
"18-29 years","Thomas","569","1","21"
"30-39 years","Thomas","464","1","16"
"40-49 years","Thomas","493","4","28"
"50-59 years","Thomas","519","8","40"
"60-69 years","Thomas","417","10","85"
"70-79 years","Thomas","252","33","65"
"80 & Older years","Thomas","163","42","52"
"<1 years","Thomas","13","0","1"
"Unknown years","Thomas","3","0","0"
"01-04 years","Tift","32","0","1"
"05-09 years","Tift","58","0","3"
"10-17 years","Tift","224","0","6"
"18-29 years","Tift","755","0","20"
"30-39 years","Tift","531","1","27"
"40-49 years","Tift","529","7","56"
"50-59 years","Tift","454","9","67"
"60-69 years","Tift","344","16","71"
"70-79 years","Tift","240","27","87"
"80 & Older years","Tift","136","30","59"
"<1 years","Tift","12","0","0"
"Unknown years","Tift","2","0","0"
"01-04 years","Toombs","28","0","0"
"05-09 years","Toombs","49","0","0"
"10-17 years","Toombs","201","0","1"
"18-29 years","Toombs","494","0","5"
"30-39 years","Toombs","391","0","3"
"40-49 years","Toombs","400","1","20"
"50-59 years","Toombs","398","7","21"
"60-69 years","Toombs","366","10","42"
"70-79 years","Toombs","243","29","37"
"80 & Older years","Toombs","147","32","27"
"<1 years","Toombs","6","0","0"
"Unknown years","Toombs","5","0","0"
"01-04 years","Towns","2","0","0"
"05-09 years","Towns","6","0","0"
"10-17 years","Towns","40","0","1"
"18-29 years","Towns","121","0","4"
"30-39 years","Towns","81","0","3"
"40-49 years","Towns","102","2","5"
"50-59 years","Towns","141","2","13"
"60-69 years","Towns","190","2","17"
"70-79 years","Towns","147","6","33"
"80 & Older years","Towns","103","22","39"
"Unknown years","Towns","24","0","0"
"01-04 years","Treutlen","5","0","0"
"05-09 years","Treutlen","14","0","1"
"10-17 years","Treutlen","42","0","0"
"18-29 years","Treutlen","99","0","2"
"30-39 years","Treutlen","90","0","4"
"40-49 years","Treutlen","98","0","5"
"50-59 years","Treutlen","96","1","6"
"60-69 years","Treutlen","67","4","11"
"70-79 years","Treutlen","53","9","10"
"80 & Older years","Treutlen","30","5","9"
"01-04 years","Troup","122","0","1"
"05-09 years","Troup","168","0","0"
"10-17 years","Troup","478","0","3"
"18-29 years","Troup","1111","1","28"
"30-39 years","Troup","829","6","41"
"40-49 years","Troup","745","4","45"
"50-59 years","Troup","764","13","93"
"60-69 years","Troup","582","26","89"
"70-79 years","Troup","309","39","83"
"80 & Older years","Troup","228","67","56"
"<1 years","Troup","39","0","1"
"Unknown years","Troup","7","0","0"
"01-04 years","Turner","3","0","0"
"05-09 years","Turner","6","0","0"
"10-17 years","Turner","19","0","0"
"18-29 years","Turner","81","0","2"
"30-39 years","Turner","99","0","9"
"40-49 years","Turner","103","0","5"
"50-59 years","Turner","91","2","11"
"60-69 years","Turner","81","8","26"
"70-79 years","Turner","51","5","13"
"80 & Older years","Turner","35","12","15"
"<1 years","Turner","2","0","1"
"01-04 years","Twiggs","9","0","0"
"05-09 years","Twiggs","6","0","1"
"10-17 years","Twiggs","23","0","0"
"18-29 years","Twiggs","66","0","2"
"30-39 years","Twiggs","58","1","4"
"40-49 years","Twiggs","58","1","7"
"50-59 years","Twiggs","89","3","11"
"60-69 years","Twiggs","95","6","26"
"70-79 years","Twiggs","53","7","19"
"80 & Older years","Twiggs","24","9","14"
"<1 years","Twiggs","1","0","0"
"01-04 years","Union","7","0","0"
"05-09 years","Union","16","0","0"
"10-17 years","Union","68","0","1"
"18-29 years","Union","238","1","1"
"30-39 years","Union","201","0","2"
"40-49 years","Union","207","0","13"
"50-59 years","Union","279","4","17"
"60-69 years","Union","345","4","39"
"70-79 years","Union","289","20","47"
"80 & Older years","Union","195","33","58"
"<1 years","Union","1","0","0"
"Unknown years","Union","35","0","0"
"01-04 years","Unknown","33","0","0"
"05-09 years","Unknown","59","0","0"
"10-17 years","Unknown","214","0","0"
"18-29 years","Unknown","888","2","5"
"30-39 years","Unknown","484","3","7"
"40-49 years","Unknown","447","1","2"
"50-59 years","Unknown","359","3","8"
"60-69 years","Unknown","221","1","7"
"70-79 years","Unknown","135","0","11"
"80 & Older years","Unknown","56","0","6"
"<1 years","Unknown","26","0","0"
"Unknown years","Unknown","182","0","3"
"01-04 years","Upson","33","0","0"
"05-09 years","Upson","44","0","0"
"10-17 years","Upson","126","0","1"
"18-29 years","Upson","282","0","6"
"30-39 years","Upson","198","2","9"
"40-49 years","Upson","227","1","11"
"50-59 years","Upson","244","5","20"
"60-69 years","Upson","227","20","34"
"70-79 years","Upson","159","31","42"
"80 & Older years","Upson","102","34","32"
"<1 years","Upson","15","0","0"
"Unknown years","Upson","10","0","0"
"01-04 years","Walker","73","0","1"
"05-09 years","Walker","121","0","1"
"10-17 years","Walker","453","0","3"
"18-29 years","Walker","1006","0","15"
"30-39 years","Walker","736","0","12"
"40-49 years","Walker","883","3","26"
"50-59 years","Walker","765","3","31"
"60-69 years","Walker","652","13","53"
"70-79 years","Walker","449","26","48"
"80 & Older years","Walker","219","24","25"
"<1 years","Walker","39","0","1"
"Unknown years","Walker","190","0","7"
"01-04 years","Walton","69","0","1"
"05-09 years","Walton","145","0","1"
"10-17 years","Walton","534","0","6"
"18-29 years","Walton","1228","1","25"
"30-39 years","Walton","1036","0","22"
"40-49 years","Walton","1140","3","46"
"50-59 years","Walton","1137","8","75"
"60-69 years","Walton","794","28","75"
"70-79 years","Walton","591","60","89"
"80 & Older years","Walton","368","82","73"
"<1 years","Walton","25","0","2"
"Unknown years","Walton","16","0","0"
"01-04 years","Ware","59","0","1"
"05-09 years","Ware","64","0","0"
"10-17 years","Ware","226","0","3"
"18-29 years","Ware","523","1","5"
"30-39 years","Ware","431","1","18"
"40-49 years","Ware","359","2","27"
"50-59 years","Ware","385","13","55"
"60-69 years","Ware","287","13","56"
"70-79 years","Ware","243","36","86"
"80 & Older years","Ware","201","51","58"
"<1 years","Ware","19","0","1"
"Unknown years","Ware","3","0","0"
"01-04 years","Warren","6","0","0"
"05-09 years","Warren","2","0","0"
"10-17 years","Warren","25","0","0"
"18-29 years","Warren","60","0","3"
"30-39 years","Warren","49","0","4"
"40-49 years","Warren","46","2","5"
"50-59 years","Warren","65","1","7"
"60-69 years","Warren","44","2","7"
"70-79 years","Warren","33","2","10"
"80 & Older years","Warren","15","1","6"
"<1 years","Warren","2","0","1"
"Unknown years","Warren","4","0","0"
"01-04 years","Washington","17","0","0"
"05-09 years","Washington","25","0","0"
"10-17 years","Washington","112","0","2"
"18-29 years","Washington","245","0","6"
"30-39 years","Washington","226","0","8"
"40-49 years","Washington","246","3","11"
"50-59 years","Washington","233","2","14"
"60-69 years","Washington","225","12","27"
"70-79 years","Washington","124","8","20"
"80 & Older years","Washington","78","20","12"
"<1 years","Washington","10","0","0"
"Unknown years","Washington","6","0","0"
"01-04 years","Wayne","29","0","1"
"05-09 years","Wayne","29","0","0"
"10-17 years","Wayne","138","0","1"
"18-29 years","Wayne","384","1","8"
"30-39 years","Wayne","373","1","10"
"40-49 years","Wayne","450","1","35"
"50-59 years","Wayne","381","5","32"
"60-69 years","Wayne","305","15","60"
"70-79 years","Wayne","252","22","70"
"80 & Older years","Wayne","115","18","24"
"<1 years","Wayne","3","0","0"
"Unknown years","Wayne","2","0","0"
"10-17 years","Webster","3","0","0"
"18-29 years","Webster","17","0","1"
"30-39 years","Webster","8","0","0"
"40-49 years","Webster","16","0","2"
"50-59 years","Webster","17","2","4"
"60-69 years","Webster","22","1","4"
"70-79 years","Webster","7","0","1"
"80 & Older years","Webster","4","1","0"
"Unknown years","Webster","2","0","0"
"01-04 years","Wheeler","1","0","0"
"05-09 years","Wheeler","5","0","0"
"10-17 years","Wheeler","23","0","0"
"18-29 years","Wheeler","52","0","0"
"30-39 years","Wheeler","75","2","2"
"40-49 years","Wheeler","77","1","3"
"50-59 years","Wheeler","91","6","11"
"60-69 years","Wheeler","54","3","6"
"70-79 years","Wheeler","39","5","11"
"80 & Older years","Wheeler","9","3","1"
"<1 years","Wheeler","1","0","0"
"Unknown years","Wheeler","24","0","1"
"01-04 years","White","14","0","0"
"05-09 years","White","58","0","0"
"10-17 years","White","220","0","2"
"18-29 years","White","412","1","7"
"30-39 years","White","304","1","7"
"40-49 years","White","381","1","16"
"50-59 years","White","454","4","36"
"60-69 years","White","417","9","60"
"70-79 years","White","307","12","73"
"80 & Older years","White","177","28","65"
"<1 years","White","5","0","0"
"Unknown years","White","58","0","2"
"01-04 years","Whitfield","192","0","2"
"05-09 years","Whitfield","367","0","3"
"10-17 years","Whitfield","1270","0","6"
"18-29 years","Whitfield","3304","0","42"
"30-39 years","Whitfield","2135","4","56"
"40-49 years","Whitfield","2228","4","72"
"50-59 years","Whitfield","2027","22","113"
"60-69 years","Whitfield","1202","32","133"
"70-79 years","Whitfield","690","51","130"
"80 & Older years","Whitfield","399","81","113"
"<1 years","Whitfield","68","0","5"
"Unknown years","Whitfield","29","0","2"
"01-04 years","Wilcox","10","0","0"
"05-09 years","Wilcox","9","0","0"
"10-17 years","Wilcox","25","0","0"
"18-29 years","Wilcox","42","0","0"
"30-39 years","Wilcox","45","0","1"
"40-49 years","Wilcox","73","0","12"
"50-59 years","Wilcox","78","1","14"
"60-69 years","Wilcox","84","9","24"
"70-79 years","Wilcox","52","9","10"
"80 & Older years","Wilcox","23","7","6"
"<1 years","Wilcox","5","0","0"
"01-04 years","Wilkes","8","0","0"
"05-09 years","Wilkes","16","0","0"
"10-17 years","Wilkes","49","0","0"
"18-29 years","Wilkes","109","0","1"
"30-39 years","Wilkes","82","0","4"
"40-49 years","Wilkes","100","0","11"
"50-59 years","Wilkes","94","2","4"
"60-69 years","Wilkes","77","1","12"
"70-79 years","Wilkes","62","5","18"
"80 & Older years","Wilkes","29","8","13"
"<1 years","Wilkes","3","0","0"
"Unknown years","Wilkes","1","0","0"
"01-04 years","Wilkinson","6","0","0"
"05-09 years","Wilkinson","10","0","0"
"10-17 years","Wilkinson","29","0","1"
"18-29 years","Wilkinson","103","0","3"
"30-39 years","Wilkinson","83","0","5"
"40-49 years","Wilkinson","90","0","6"
"50-59 years","Wilkinson","141","4","24"
"60-69 years","Wilkinson","126","7","35"
"70-79 years","Wilkinson","57","6","21"
"80 & Older years","Wilkinson","37","4","15"
"01-04 years","Worth","13","0","0"
"05-09 years","Worth","13","0","0"
"10-17 years","Worth","77","0","3"
"18-29 years","Worth","173","0","7"
"30-39 years","Worth","139","0","10"
"40-49 years","Worth","150","1","14"
"50-59 years","Worth","184","4","24"
"60-69 years","Worth","190","18","50"
"70-79 years","Worth","115","16","29"
"80 & Older years","Worth","69","15","23"
"<1 years","Worth","4","0","0"
"Unknown years","Worth","1","0","0"
