"age group","county name","cases","deaths","hospitalization"
"01-04 years","Georgia","3999","1","84"
"05-09 years","Georgia","5846","1","60"
"10-17 years","Georgia","20731","5","283"
"18-29 years","Georgia","86422","56","2078"
"30-39 years","Georgia","56489","134","2774"
"40-49 years","Georgia","53846","291","3951"
"50-59 years","Georgia","49634","726","5566"
"60-69 years","Georgia","33553","1535","6248"
"70-79 years","Georgia","19553","2102","5385"
"80 & Older years","Georgia","12630","2874","4273"
"<1 years","Georgia","1234","0","72"
"Unknown years","Georgia","1598","4","55"
"01-04 years","Appling","15","0","0"
"05-09 years","Appling","33","0","0"
"10-17 years","Appling","93","0","1"
"18-29 years","Appling","215","0","4"
"30-39 years","Appling","170","1","5"
"40-49 years","Appling","164","2","12"
"50-59 years","Appling","173","6","17"
"60-69 years","Appling","139","6","27"
"70-79 years","Appling","99","11","22"
"80 & Older years","Appling","41","10","14"
"<1 years","Appling","3","0","0"
"Unknown years","Appling","2","0","0"
"01-04 years","Atkinson","3","0","1"
"05-09 years","Atkinson","11","0","1"
"10-17 years","Atkinson","23","0","0"
"18-29 years","Atkinson","104","0","7"
"30-39 years","Atkinson","82","0","6"
"40-49 years","Atkinson","86","0","11"
"50-59 years","Atkinson","84","0","14"
"60-69 years","Atkinson","49","2","13"
"70-79 years","Atkinson","25","1","5"
"80 & Older years","Atkinson","7","2","4"
"<1 years","Atkinson","2","0","0"
"01-04 years","Bacon","11","0","0"
"05-09 years","Bacon","12","0","0"
"10-17 years","Bacon","41","0","0"
"18-29 years","Bacon","161","0","1"
"30-39 years","Bacon","82","0","3"
"40-49 years","Bacon","107","1","6"
"50-59 years","Bacon","95","2","13"
"60-69 years","Bacon","55","5","11"
"70-79 years","Bacon","37","2","7"
"80 & Older years","Bacon","23","5","7"
"<1 years","Bacon","4","0","0"
"Unknown years","Bacon","1","0","0"
"01-04 years","Baker","4","0","0"
"05-09 years","Baker","4","0","0"
"10-17 years","Baker","5","0","0"
"18-29 years","Baker","16","0","0"
"30-39 years","Baker","11","0","2"
"40-49 years","Baker","8","0","1"
"50-59 years","Baker","13","0","1"
"60-69 years","Baker","13","2","6"
"70-79 years","Baker","12","2","8"
"80 & Older years","Baker","3","2","2"
"01-04 years","Baldwin","10","0","0"
"05-09 years","Baldwin","25","0","0"
"10-17 years","Baldwin","78","0","1"
"18-29 years","Baldwin","908","0","10"
"30-39 years","Baldwin","241","1","10"
"40-49 years","Baldwin","267","2","24"
"50-59 years","Baldwin","274","7","35"
"60-69 years","Baldwin","228","12","40"
"70-79 years","Baldwin","142","17","34"
"80 & Older years","Baldwin","90","24","23"
"<1 years","Baldwin","3","0","0"
"Unknown years","Baldwin","1","0","0"
"01-04 years","Banks","4","0","0"
"05-09 years","Banks","7","0","0"
"10-17 years","Banks","37","0","0"
"18-29 years","Banks","96","0","3"
"30-39 years","Banks","67","0","0"
"40-49 years","Banks","74","0","10"
"50-59 years","Banks","80","0","7"
"60-69 years","Banks","71","1","14"
"70-79 years","Banks","51","3","20"
"80 & Older years","Banks","47","4","17"
"<1 years","Banks","2","0","0"
"Unknown years","Banks","8","0","1"
"01-04 years","Barrow","27","0","0"
"05-09 years","Barrow","44","0","0"
"10-17 years","Barrow","142","0","2"
"18-29 years","Barrow","577","1","22"
"30-39 years","Barrow","434","0","22"
"40-49 years","Barrow","452","2","37"
"50-59 years","Barrow","363","1","43"
"60-69 years","Barrow","231","9","54"
"70-79 years","Barrow","146","13","42"
"80 & Older years","Barrow","94","24","38"
"<1 years","Barrow","9","0","1"
"Unknown years","Barrow","9","0","0"
"01-04 years","Bartow","29","0","1"
"05-09 years","Bartow","57","0","1"
"10-17 years","Bartow","292","0","1"
"18-29 years","Bartow","715","0","8"
"30-39 years","Bartow","561","2","24"
"40-49 years","Bartow","540","0","30"
"50-59 years","Bartow","546","6","62"
"60-69 years","Bartow","329","15","65"
"70-79 years","Bartow","228","27","70"
"80 & Older years","Bartow","159","44","60"
"<1 years","Bartow","13","0","1"
"Unknown years","Bartow","15","0","4"
"01-04 years","Ben Hill","21","0","1"
"05-09 years","Ben Hill","16","0","0"
"10-17 years","Ben Hill","53","0","0"
"18-29 years","Ben Hill","139","0","4"
"30-39 years","Ben Hill","137","2","5"
"40-49 years","Ben Hill","105","0","5"
"50-59 years","Ben Hill","136","2","17"
"60-69 years","Ben Hill","122","9","18"
"70-79 years","Ben Hill","88","13","33"
"80 & Older years","Ben Hill","31","8","9"
"<1 years","Ben Hill","2","0","0"
"Unknown years","Ben Hill","9","0","0"
"01-04 years","Berrien","9","0","0"
"05-09 years","Berrien","8","0","0"
"10-17 years","Berrien","26","0","0"
"18-29 years","Berrien","101","0","0"
"30-39 years","Berrien","79","0","0"
"40-49 years","Berrien","70","0","1"
"50-59 years","Berrien","75","0","10"
"60-69 years","Berrien","51","1","6"
"70-79 years","Berrien","34","3","2"
"80 & Older years","Berrien","29","8","6"
"<1 years","Berrien","1","0","0"
"Unknown years","Berrien","1","0","0"
"01-04 years","Bibb","79","0","2"
"05-09 years","Bibb","97","0","0"
"10-17 years","Bibb","284","0","6"
"18-29 years","Bibb","1557","1","53"
"30-39 years","Bibb","1047","4","62"
"40-49 years","Bibb","1004","8","122"
"50-59 years","Bibb","918","10","141"
"60-69 years","Bibb","758","36","215"
"70-79 years","Bibb","446","55","162"
"80 & Older years","Bibb","298","76","134"
"<1 years","Bibb","25","0","4"
"Unknown years","Bibb","7","0","0"
"01-04 years","Bleckley","2","0","0"
"05-09 years","Bleckley","4","0","0"
"10-17 years","Bleckley","37","0","0"
"18-29 years","Bleckley","133","0","3"
"30-39 years","Bleckley","52","0","1"
"40-49 years","Bleckley","64","1","1"
"50-59 years","Bleckley","66","2","3"
"60-69 years","Bleckley","41","7","9"
"70-79 years","Bleckley","47","2","9"
"80 & Older years","Bleckley","56","11","7"
"<1 years","Bleckley","1","0","0"
"01-04 years","Brantley","8","0","0"
"05-09 years","Brantley","2","0","0"
"10-17 years","Brantley","29","0","1"
"18-29 years","Brantley","74","0","1"
"30-39 years","Brantley","54","0","3"
"40-49 years","Brantley","60","0","3"
"50-59 years","Brantley","72","1","8"
"60-69 years","Brantley","55","2","7"
"70-79 years","Brantley","36","5","9"
"80 & Older years","Brantley","28","5","6"
"Unknown years","Brantley","1","0","0"
"01-04 years","Brooks","13","0","0"
"05-09 years","Brooks","10","0","0"
"10-17 years","Brooks","45","0","0"
"18-29 years","Brooks","107","0","0"
"30-39 years","Brooks","80","0","2"
"40-49 years","Brooks","65","0","8"
"50-59 years","Brooks","83","2","13"
"60-69 years","Brooks","60","6","11"
"70-79 years","Brooks","48","9","15"
"80 & Older years","Brooks","36","10","6"
"<1 years","Brooks","2","0","0"
"01-04 years","Bryan","19","0","0"
"05-09 years","Bryan","26","0","0"
"10-17 years","Bryan","92","0","0"
"18-29 years","Bryan","273","0","8"
"30-39 years","Bryan","227","1","7"
"40-49 years","Bryan","217","0","10"
"50-59 years","Bryan","176","3","15"
"60-69 years","Bryan","124","3","18"
"70-79 years","Bryan","80","5","25"
"80 & Older years","Bryan","40","2","9"
"<1 years","Bryan","5","0","0"
"Unknown years","Bryan","6","0","0"
"01-04 years","Bulloch","33","0","0"
"05-09 years","Bulloch","40","0","0"
"10-17 years","Bulloch","152","0","2"
"18-29 years","Bulloch","1614","0","6"
"30-39 years","Bulloch","321","2","14"
"40-49 years","Bulloch","267","2","20"
"50-59 years","Bulloch","266","1","20"
"60-69 years","Bulloch","176","12","34"
"70-79 years","Bulloch","89","10","24"
"80 & Older years","Bulloch","59","6","19"
"<1 years","Bulloch","11","0","0"
"Unknown years","Bulloch","9","0","0"
"01-04 years","Burke","12","0","0"
"05-09 years","Burke","20","0","0"
"10-17 years","Burke","63","0","1"
"18-29 years","Burke","175","0","4"
"30-39 years","Burke","135","0","4"
"40-49 years","Burke","132","1","6"
"50-59 years","Burke","142","1","22"
"60-69 years","Burke","102","4","25"
"70-79 years","Burke","66","2","19"
"80 & Older years","Burke","21","4","9"
"<1 years","Burke","4","0","0"
"Unknown years","Burke","1","0","0"
"01-04 years","Butts","7","0","0"
"05-09 years","Butts","9","0","0"
"10-17 years","Butts","33","0","0"
"18-29 years","Butts","123","0","2"
"30-39 years","Butts","130","0","5"
"40-49 years","Butts","112","2","9"
"50-59 years","Butts","100","2","13"
"60-69 years","Butts","83","7","15"
"70-79 years","Butts","60","10","8"
"80 & Older years","Butts","68","22","3"
"<1 years","Butts","3","0","0"
"01-04 years","Calhoun","1","0","0"
"10-17 years","Calhoun","9","0","0"
"18-29 years","Calhoun","36","0","4"
"30-39 years","Calhoun","40","2","5"
"40-49 years","Calhoun","56","0","5"
"50-59 years","Calhoun","50","2","9"
"60-69 years","Calhoun","45","2","15"
"70-79 years","Calhoun","16","1","5"
"80 & Older years","Calhoun","9","2","5"
"<1 years","Calhoun","1","0","0"
"01-04 years","Camden","21","0","0"
"05-09 years","Camden","16","0","0"
"10-17 years","Camden","77","0","0"
"18-29 years","Camden","393","0","3"
"30-39 years","Camden","223","0","9"
"40-49 years","Camden","174","1","10"
"50-59 years","Camden","216","1","9"
"60-69 years","Camden","137","5","12"
"70-79 years","Camden","73","0","12"
"80 & Older years","Camden","49","10","14"
"<1 years","Camden","5","0","0"
"Unknown years","Camden","9","0","0"
"01-04 years","Candler","8","0","0"
"05-09 years","Candler","9","0","0"
"10-17 years","Candler","44","0","0"
"18-29 years","Candler","99","0","0"
"30-39 years","Candler","72","0","2"
"40-49 years","Candler","87","2","1"
"50-59 years","Candler","94","4","8"
"60-69 years","Candler","60","6","8"
"70-79 years","Candler","35","9","9"
"80 & Older years","Candler","18","3","7"
"<1 years","Candler","2","0","0"
"Unknown years","Candler","1","0","0"
"01-04 years","Carroll","41","0","0"
"05-09 years","Carroll","49","0","0"
"10-17 years","Carroll","225","0","2"
"18-29 years","Carroll","817","0","7"
"30-39 years","Carroll","467","3","12"
"40-49 years","Carroll","490","3","14"
"50-59 years","Carroll","462","9","36"
"60-69 years","Carroll","328","10","39"
"70-79 years","Carroll","203","25","40"
"80 & Older years","Carroll","145","25","27"
"<1 years","Carroll","13","0","0"
"Unknown years","Carroll","3","0","0"
"01-04 years","Catoosa","22","0","0"
"05-09 years","Catoosa","20","0","0"
"10-17 years","Catoosa","105","0","0"
"18-29 years","Catoosa","244","0","4"
"30-39 years","Catoosa","193","0","4"
"40-49 years","Catoosa","240","1","9"
"50-59 years","Catoosa","190","4","8"
"60-69 years","Catoosa","159","3","23"
"70-79 years","Catoosa","112","7","19"
"80 & Older years","Catoosa","59","6","14"
"<1 years","Catoosa","7","0","0"
"Unknown years","Catoosa","17","0","0"
"01-04 years","Charlton","9","0","0"
"05-09 years","Charlton","16","0","0"
"10-17 years","Charlton","25","0","0"
"18-29 years","Charlton","122","0","1"
"30-39 years","Charlton","142","0","2"
"40-49 years","Charlton","124","1","5"
"50-59 years","Charlton","90","0","2"
"60-69 years","Charlton","81","3","6"
"70-79 years","Charlton","23","4","5"
"80 & Older years","Charlton","9","2","6"
"<1 years","Charlton","2","0","0"
"Unknown years","Charlton","1","0","0"
"01-04 years","Chatham","145","0","0"
"05-09 years","Chatham","174","1","0"
"10-17 years","Chatham","555","0","11"
"18-29 years","Chatham","2529","1","38"
"30-39 years","Chatham","1649","4","70"
"40-49 years","Chatham","1221","6","83"
"50-59 years","Chatham","1167","20","141"
"60-69 years","Chatham","907","39","180"
"70-79 years","Chatham","503","47","167"
"80 & Older years","Chatham","320","68","127"
"<1 years","Chatham","37","0","3"
"Unknown years","Chatham","38","0","2"
"01-04 years","Chattahoochee","3","0","0"
"05-09 years","Chattahoochee","1","0","0"
"10-17 years","Chattahoochee","94","0","1"
"18-29 years","Chattahoochee","1457","0","1"
"30-39 years","Chattahoochee","115","0","1"
"40-49 years","Chattahoochee","25","0","0"
"50-59 years","Chattahoochee","17","0","5"
"60-69 years","Chattahoochee","9","0","3"
"70-79 years","Chattahoochee","4","0","1"
"80 & Older years","Chattahoochee","3","1","2"
"<1 years","Chattahoochee","6","0","0"
"Unknown years","Chattahoochee","1","0","0"
"01-04 years","Chattooga","3","0","0"
"05-09 years","Chattooga","10","0","0"
"10-17 years","Chattooga","58","0","0"
"18-29 years","Chattooga","161","0","1"
"30-39 years","Chattooga","135","0","4"
"40-49 years","Chattooga","147","1","4"
"50-59 years","Chattooga","134","2","7"
"60-69 years","Chattooga","113","6","17"
"70-79 years","Chattooga","72","6","15"
"80 & Older years","Chattooga","60","13","14"
"<1 years","Chattooga","2","0","1"
"Unknown years","Chattooga","7","0","1"
"01-04 years","Cherokee","67","0","5"
"05-09 years","Cherokee","128","0","3"
"10-17 years","Cherokee","594","0","2"
"18-29 years","Cherokee","1698","1","41"
"30-39 years","Cherokee","999","1","54"
"40-49 years","Cherokee","1101","2","59"
"50-59 years","Cherokee","1097","7","93"
"60-69 years","Cherokee","571","15","86"
"70-79 years","Cherokee","338","22","86"
"80 & Older years","Cherokee","247","52","96"
"<1 years","Cherokee","20","0","0"
"Unknown years","Cherokee","21","0","0"
"01-04 years","Clarke","65","0","0"
"05-09 years","Clarke","75","0","1"
"10-17 years","Clarke","220","0","4"
"18-29 years","Clarke","3286","0","14"
"30-39 years","Clarke","591","1","21"
"40-49 years","Clarke","456","1","24"
"50-59 years","Clarke","416","4","37"
"60-69 years","Clarke","286","9","59"
"70-79 years","Clarke","143","19","57"
"80 & Older years","Clarke","71","12","22"
"<1 years","Clarke","14","0","1"
"Unknown years","Clarke","1","0","0"
"01-04 years","Clay","1","0","0"
"05-09 years","Clay","2","0","0"
"10-17 years","Clay","10","0","0"
"18-29 years","Clay","22","0","0"
"30-39 years","Clay","21","0","1"
"40-49 years","Clay","18","0","0"
"50-59 years","Clay","16","0","1"
"60-69 years","Clay","16","1","2"
"70-79 years","Clay","7","0","0"
"80 & Older years","Clay","11","2","5"
"01-04 years","Clayton","108","0","5"
"05-09 years","Clayton","144","0","3"
"10-17 years","Clayton","398","0","11"
"18-29 years","Clayton","1818","2","58"
"30-39 years","Clayton","1555","6","84"
"40-49 years","Clayton","1309","14","105"
"50-59 years","Clayton","1228","25","152"
"60-69 years","Clayton","814","46","130"
"70-79 years","Clayton","359","37","83"
"80 & Older years","Clayton","206","44","51"
"<1 years","Clayton","22","0","1"
"Unknown years","Clayton","22","1","0"
"01-04 years","Clinch","7","0","0"
"05-09 years","Clinch","9","0","0"
"10-17 years","Clinch","50","0","0"
"18-29 years","Clinch","90","0","2"
"30-39 years","Clinch","61","1","2"
"40-49 years","Clinch","62","0","1"
"50-59 years","Clinch","54","0","6"
"60-69 years","Clinch","62","5","9"
"70-79 years","Clinch","27","6","8"
"80 & Older years","Clinch","12","0","2"
"<1 years","Clinch","1","0","0"
"Unknown years","Clinch","1","0","0"
"01-04 years","Cobb","196","1","8"
"05-09 years","Cobb","283","0","3"
"10-17 years","Cobb","1023","0","17"
"18-29 years","Cobb","6160","6","168"
"30-39 years","Cobb","3682","9","187"
"40-49 years","Cobb","3430","15","298"
"50-59 years","Cobb","3012","28","377"
"60-69 years","Cobb","1801","60","337"
"70-79 years","Cobb","1037","138","291"
"80 & Older years","Cobb","728","192","260"
"<1 years","Cobb","70","0","7"
"Unknown years","Cobb","31","0","2"
"01-04 years","Coffee","39","0","2"
"05-09 years","Coffee","42","0","3"
"10-17 years","Coffee","109","0","1"
"18-29 years","Coffee","429","0","8"
"30-39 years","Coffee","320","1","19"
"40-49 years","Coffee","360","2","47"
"50-59 years","Coffee","355","2","65"
"60-69 years","Coffee","314","16","69"
"70-79 years","Coffee","142","18","58"
"80 & Older years","Coffee","93","21","50"
"<1 years","Coffee","8","0","0"
"Unknown years","Coffee","4","0","0"
"01-04 years","Colquitt","31","0","0"
"05-09 years","Colquitt","46","0","1"
"10-17 years","Colquitt","184","0","2"
"18-29 years","Colquitt","493","0","15"
"30-39 years","Colquitt","350","0","15"
"40-49 years","Colquitt","325","4","28"
"50-59 years","Colquitt","280","9","28"
"60-69 years","Colquitt","200","9","30"
"70-79 years","Colquitt","109","6","28"
"80 & Older years","Colquitt","67","11","18"
"<1 years","Colquitt","8","0","0"
"Unknown years","Colquitt","4","0","0"
"01-04 years","Columbia","25","0","1"
"05-09 years","Columbia","69","0","0"
"10-17 years","Columbia","337","0","1"
"18-29 years","Columbia","980","0","7"
"30-39 years","Columbia","726","2","12"
"40-49 years","Columbia","738","4","21"
"50-59 years","Columbia","622","9","43"
"60-69 years","Columbia","399","8","46"
"70-79 years","Columbia","219","17","33"
"80 & Older years","Columbia","122","24","31"
"<1 years","Columbia","11","0","1"
"Unknown years","Columbia","5","0","0"
"01-04 years","Cook","9","0","0"
"05-09 years","Cook","10","0","0"
"10-17 years","Cook","44","0","1"
"18-29 years","Cook","126","0","2"
"30-39 years","Cook","91","0","4"
"40-49 years","Cook","94","0","9"
"50-59 years","Cook","75","1","14"
"60-69 years","Cook","60","3","10"
"70-79 years","Cook","45","9","14"
"80 & Older years","Cook","17","3","7"
"<1 years","Cook","5","0","0"
"Unknown years","Cook","2","0","0"
"01-04 years","Coweta","37","0","0"
"05-09 years","Coweta","49","0","0"
"10-17 years","Coweta","179","0","0"
"18-29 years","Coweta","631","1","9"
"30-39 years","Coweta","438","0","12"
"40-49 years","Coweta","434","3","19"
"50-59 years","Coweta","508","7","29"
"60-69 years","Coweta","319","15","29"
"70-79 years","Coweta","171","15","28"
"80 & Older years","Coweta","118","22","17"
"<1 years","Coweta","8","0","0"
"Unknown years","Coweta","1","0","0"
"01-04 years","Crawford","1","0","0"
"05-09 years","Crawford","1","0","0"
"10-17 years","Crawford","11","0","0"
"18-29 years","Crawford","39","0","1"
"30-39 years","Crawford","27","0","3"
"40-49 years","Crawford","20","0","2"
"50-59 years","Crawford","47","1","7"
"60-69 years","Crawford","33","3","10"
"70-79 years","Crawford","7","2","3"
"80 & Older years","Crawford","5","0","3"
"01-04 years","Crisp","9","0","0"
"05-09 years","Crisp","9","0","0"
"10-17 years","Crisp","36","0","0"
"18-29 years","Crisp","109","0","5"
"30-39 years","Crisp","100","0","8"
"40-49 years","Crisp","90","1","8"
"50-59 years","Crisp","92","2","14"
"60-69 years","Crisp","99","7","21"
"70-79 years","Crisp","46","6","19"
"80 & Older years","Crisp","31","7","8"
"<1 years","Crisp","5","0","0"
"Unknown years","Crisp","9","0","0"
"01-04 years","Dade","1","0","0"
"05-09 years","Dade","9","0","0"
"10-17 years","Dade","31","0","0"
"18-29 years","Dade","62","0","1"
"30-39 years","Dade","49","0","1"
"40-49 years","Dade","56","0","3"
"50-59 years","Dade","54","1","4"
"60-69 years","Dade","34","0","2"
"70-79 years","Dade","29","4","7"
"80 & Older years","Dade","5","0","2"
"<1 years","Dade","4","0","0"
"Unknown years","Dade","3","0","1"
"01-04 years","Dawson","6","0","0"
"05-09 years","Dawson","9","0","0"
"10-17 years","Dawson","67","0","2"
"18-29 years","Dawson","212","0","7"
"30-39 years","Dawson","122","0","3"
"40-49 years","Dawson","122","0","12"
"50-59 years","Dawson","143","0","9"
"60-69 years","Dawson","121","1","28"
"70-79 years","Dawson","67","6","17"
"80 & Older years","Dawson","26","3","7"
"<1 years","Dawson","5","0","0"
"01-04 years","DeKalb","241","0","7"
"05-09 years","DeKalb","327","0","4"
"10-17 years","DeKalb","955","0","31"
"18-29 years","DeKalb","5029","5","221"
"30-39 years","DeKalb","4205","13","301"
"40-49 years","DeKalb","3322","19","330"
"50-59 years","DeKalb","2966","51","432"
"60-69 years","DeKalb","1827","85","415"
"70-79 years","DeKalb","975","103","325"
"80 & Older years","DeKalb","595","117","210"
"<1 years","DeKalb","67","0","5"
"Unknown years","DeKalb","74","0","5"
"01-04 years","Decatur","28","0","1"
"05-09 years","Decatur","39","0","0"
"10-17 years","Decatur","102","0","0"
"18-29 years","Decatur","265","1","6"
"30-39 years","Decatur","201","1","7"
"40-49 years","Decatur","201","0","13"
"50-59 years","Decatur","166","4","21"
"60-69 years","Decatur","121","7","22"
"70-79 years","Decatur","74","12","18"
"80 & Older years","Decatur","69","9","12"
"<1 years","Decatur","6","0","0"
"Unknown years","Decatur","1","0","1"
"01-04 years","Dodge","4","0","0"
"05-09 years","Dodge","11","0","0"
"10-17 years","Dodge","44","1","1"
"18-29 years","Dodge","77","0","0"
"30-39 years","Dodge","42","0","1"
"40-49 years","Dodge","94","0","9"
"50-59 years","Dodge","102","1","7"
"60-69 years","Dodge","87","5","15"
"70-79 years","Dodge","55","3","8"
"80 & Older years","Dodge","43","4","9"
"<1 years","Dodge","2","0","0"
"Unknown years","Dodge","2","0","0"
"01-04 years","Dooly","8","0","0"
"05-09 years","Dooly","3","0","0"
"10-17 years","Dooly","16","0","0"
"18-29 years","Dooly","51","0","4"
"30-39 years","Dooly","52","0","6"
"40-49 years","Dooly","70","0","7"
"50-59 years","Dooly","68","3","11"
"60-69 years","Dooly","59","6","15"
"70-79 years","Dooly","26","4","9"
"80 & Older years","Dooly","10","3","3"
"Unknown years","Dooly","1","0","0"
"01-04 years","Dougherty","22","0","3"
"05-09 years","Dougherty","40","0","0"
"10-17 years","Dougherty","111","0","3"
"18-29 years","Dougherty","542","2","53"
"30-39 years","Dougherty","475","3","53"
"40-49 years","Dougherty","516","12","82"
"50-59 years","Dougherty","591","17","115"
"60-69 years","Dougherty","490","50","154"
"70-79 years","Dougherty","292","46","122"
"80 & Older years","Dougherty","187","60","83"
"<1 years","Dougherty","13","0","1"
"Unknown years","Dougherty","3","0","0"
"01-04 years","Douglas","40","0","0"
"05-09 years","Douglas","67","0","3"
"10-17 years","Douglas","210","0","2"
"18-29 years","Douglas","878","0","35"
"30-39 years","Douglas","681","3","43"
"40-49 years","Douglas","761","4","72"
"50-59 years","Douglas","636","7","92"
"60-69 years","Douglas","388","15","97"
"70-79 years","Douglas","213","24","66"
"80 & Older years","Douglas","114","19","47"
"<1 years","Douglas","6","0","1"
"Unknown years","Douglas","8","0","0"
"01-04 years","Early","11","0","0"
"05-09 years","Early","13","0","0"
"10-17 years","Early","30","0","0"
"18-29 years","Early","95","0","3"
"30-39 years","Early","73","0","3"
"40-49 years","Early","92","1","7"
"50-59 years","Early","85","2","7"
"60-69 years","Early","63","10","10"
"70-79 years","Early","43","11","7"
"80 & Older years","Early","30","11","6"
"<1 years","Early","2","0","0"
"01-04 years","Echols","2","0","0"
"05-09 years","Echols","4","0","0"
"10-17 years","Echols","12","0","1"
"18-29 years","Echols","104","0","1"
"30-39 years","Echols","45","0","2"
"40-49 years","Echols","27","0","0"
"50-59 years","Echols","26","0","2"
"60-69 years","Echols","11","0","0"
"70-79 years","Echols","11","2","3"
"<1 years","Echols","1","0","0"
"Unknown years","Echols","1","0","0"
"01-04 years","Effingham","14","0","1"
"05-09 years","Effingham","35","0","0"
"10-17 years","Effingham","147","0","0"
"18-29 years","Effingham","358","0","1"
"30-39 years","Effingham","259","1","8"
"40-49 years","Effingham","293","0","10"
"50-59 years","Effingham","297","6","23"
"60-69 years","Effingham","181","1","27"
"70-79 years","Effingham","102","8","22"
"80 & Older years","Effingham","51","11","18"
"<1 years","Effingham","5","0","0"
"Unknown years","Effingham","3","0","1"
"01-04 years","Elbert","8","0","0"
"05-09 years","Elbert","16","0","0"
"10-17 years","Elbert","43","0","0"
"18-29 years","Elbert","144","0","0"
"30-39 years","Elbert","94","0","5"
"40-49 years","Elbert","111","0","4"
"50-59 years","Elbert","117","0","8"
"60-69 years","Elbert","90","0","11"
"70-79 years","Elbert","69","4","11"
"80 & Older years","Elbert","57","5","17"
"<1 years","Elbert","3","0","1"
"Unknown years","Elbert","6","0","0"
"01-04 years","Emanuel","16","0","1"
"05-09 years","Emanuel","12","0","0"
"10-17 years","Emanuel","113","0","2"
"18-29 years","Emanuel","211","1","0"
"30-39 years","Emanuel","160","0","5"
"40-49 years","Emanuel","198","1","6"
"50-59 years","Emanuel","169","3","17"
"60-69 years","Emanuel","149","6","19"
"70-79 years","Emanuel","91","12","18"
"80 & Older years","Emanuel","46","13","14"
"<1 years","Emanuel","4","0","0"
"Unknown years","Emanuel","7","0","1"
"01-04 years","Evans","5","0","0"
"05-09 years","Evans","12","0","0"
"10-17 years","Evans","49","0","0"
"18-29 years","Evans","94","0","2"
"30-39 years","Evans","84","0","3"
"40-49 years","Evans","74","0","6"
"50-59 years","Evans","77","1","12"
"60-69 years","Evans","39","2","9"
"70-79 years","Evans","27","2","9"
"80 & Older years","Evans","11","1","1"
"<1 years","Evans","2","0","0"
"Unknown years","Evans","1","0","0"
"01-04 years","Fannin","6","0","0"
"05-09 years","Fannin","11","0","0"
"10-17 years","Fannin","46","0","0"
"18-29 years","Fannin","121","0","2"
"30-39 years","Fannin","78","0","2"
"40-49 years","Fannin","105","0","5"
"50-59 years","Fannin","119","3","8"
"60-69 years","Fannin","130","6","15"
"70-79 years","Fannin","104","1","16"
"80 & Older years","Fannin","76","18","21"
"<1 years","Fannin","3","0","0"
"Unknown years","Fannin","3","0","0"
"01-04 years","Fayette","19","0","0"
"05-09 years","Fayette","23","0","1"
"10-17 years","Fayette","129","0","1"
"18-29 years","Fayette","471","0","5"
"30-39 years","Fayette","238","0","6"
"40-49 years","Fayette","354","1","16"
"50-59 years","Fayette","360","4","22"
"60-69 years","Fayette","265","10","20"
"70-79 years","Fayette","140","20","32"
"80 & Older years","Fayette","78","21","21"
"<1 years","Fayette","2","0","0"
"Unknown years","Fayette","8","0","0"
"01-04 years","Floyd","45","0","0"
"05-09 years","Floyd","76","0","0"
"10-17 years","Floyd","367","0","7"
"18-29 years","Floyd","800","0","14"
"30-39 years","Floyd","621","2","20"
"40-49 years","Floyd","585","1","32"
"50-59 years","Floyd","493","8","59"
"60-69 years","Floyd","372","13","58"
"70-79 years","Floyd","242","13","62"
"80 & Older years","Floyd","122","20","32"
"<1 years","Floyd","19","0","0"
"Unknown years","Floyd","43","0","1"
"01-04 years","Forsyth","42","0","0"
"05-09 years","Forsyth","96","0","0"
"10-17 years","Forsyth","379","0","0"
"18-29 years","Forsyth","1202","0","25"
"30-39 years","Forsyth","677","0","26"
"40-49 years","Forsyth","778","2","49"
"50-59 years","Forsyth","708","8","66"
"60-69 years","Forsyth","366","6","67"
"70-79 years","Forsyth","200","17","70"
"80 & Older years","Forsyth","114","19","49"
"<1 years","Forsyth","15","0","1"
"Unknown years","Forsyth","30","0","0"
"01-04 years","Franklin","7","0","0"
"05-09 years","Franklin","19","0","0"
"10-17 years","Franklin","73","0","3"
"18-29 years","Franklin","181","0","4"
"30-39 years","Franklin","116","0","1"
"40-49 years","Franklin","126","0","9"
"50-59 years","Franklin","138","0","11"
"60-69 years","Franklin","99","2","14"
"70-79 years","Franklin","56","8","10"
"80 & Older years","Franklin","31","7","12"
"<1 years","Franklin","3","0","1"
"Unknown years","Franklin","13","0","1"
"01-04 years","Fulton","281","0","11"
"05-09 years","Fulton","411","0","7"
"10-17 years","Fulton","1434","1","22"
"18-29 years","Fulton","9077","4","211"
"30-39 years","Fulton","5986","13","310"
"40-49 years","Fulton","4511","26","353"
"50-59 years","Fulton","3757","50","463"
"60-69 years","Fulton","2304","110","452"
"70-79 years","Fulton","1301","150","373"
"80 & Older years","Fulton","1036","258","364"
"<1 years","Fulton","89","0","4"
"Unknown years","Fulton","77","1","6"
"01-04 years","Gilmer","17","0","1"
"05-09 years","Gilmer","15","0","0"
"10-17 years","Gilmer","75","0","2"
"18-29 years","Gilmer","146","0","7"
"30-39 years","Gilmer","142","0","9"
"40-49 years","Gilmer","159","0","9"
"50-59 years","Gilmer","144","3","11"
"60-69 years","Gilmer","149","1","18"
"70-79 years","Gilmer","87","7","19"
"80 & Older years","Gilmer","58","11","14"
"<1 years","Gilmer","6","0","0"
"Unknown years","Gilmer","6","0","0"
"05-09 years","Glascock","1","0","0"
"18-29 years","Glascock","9","0","0"
"30-39 years","Glascock","5","0","0"
"40-49 years","Glascock","7","0","0"
"50-59 years","Glascock","11","1","1"
"60-69 years","Glascock","8","0","0"
"80 & Older years","Glascock","4","1","3"
"<1 years","Glascock","1","0","0"
"01-04 years","Glynn","56","0","1"
"05-09 years","Glynn","96","0","1"
"10-17 years","Glynn","248","0","0"
"18-29 years","Glynn","885","0","15"
"30-39 years","Glynn","591","2","21"
"40-49 years","Glynn","503","3","27"
"50-59 years","Glynn","462","9","56"
"60-69 years","Glynn","374","21","81"
"70-79 years","Glynn","245","28","51"
"80 & Older years","Glynn","178","41","61"
"<1 years","Glynn","14","0","0"
"Unknown years","Glynn","14","0","0"
"01-04 years","Gordon","25","0","0"
"05-09 years","Gordon","37","0","0"
"10-17 years","Gordon","171","0","2"
"18-29 years","Gordon","483","0","7"
"30-39 years","Gordon","362","0","14"
"40-49 years","Gordon","406","0","15"
"50-59 years","Gordon","340","5","20"
"60-69 years","Gordon","224","7","16"
"70-79 years","Gordon","140","16","33"
"80 & Older years","Gordon","66","15","21"
"<1 years","Gordon","3","0","1"
"Unknown years","Gordon","5","0","0"
"01-04 years","Grady","16","0","1"
"05-09 years","Grady","21","0","0"
"10-17 years","Grady","72","0","2"
"18-29 years","Grady","141","0","5"
"30-39 years","Grady","143","0","5"
"40-49 years","Grady","139","0","18"
"50-59 years","Grady","109","3","15"
"60-69 years","Grady","87","2","18"
"70-79 years","Grady","78","8","21"
"80 & Older years","Grady","34","12","13"
"<1 years","Grady","3","0","1"
"Unknown years","Grady","3","0","0"
"01-04 years","Greene","5","0","0"
"05-09 years","Greene","18","0","0"
"10-17 years","Greene","33","0","0"
"18-29 years","Greene","134","0","4"
"30-39 years","Greene","77","0","5"
"40-49 years","Greene","65","3","7"
"50-59 years","Greene","71","3","7"
"60-69 years","Greene","70","2","9"
"70-79 years","Greene","52","5","13"
"80 & Older years","Greene","34","12","15"
"<1 years","Greene","1","0","1"
"Unknown years","Greene","1","0","0"
"01-04 years","Gwinnett","453","0","11"
"05-09 years","Gwinnett","654","0","10"
"10-17 years","Gwinnett","1941","1","42"
"18-29 years","Gwinnett","7566","1","330"
"30-39 years","Gwinnett","5271","10","363"
"40-49 years","Gwinnett","5565","25","479"
"50-59 years","Gwinnett","4343","51","499"
"60-69 years","Gwinnett","2342","84","474"
"70-79 years","Gwinnett","979","88","312"
"80 & Older years","Gwinnett","688","178","335"
"<1 years","Gwinnett","117","0","4"
"Unknown years","Gwinnett","40","0","0"
"01-04 years","Habersham","12","0","1"
"05-09 years","Habersham","14","0","0"
"10-17 years","Habersham","85","1","5"
"18-29 years","Habersham","376","0","7"
"30-39 years","Habersham","264","2","19"
"40-49 years","Habersham","282","1","24"
"50-59 years","Habersham","288","4","28"
"60-69 years","Habersham","218","8","62"
"70-79 years","Habersham","154","16","50"
"80 & Older years","Habersham","146","43","45"
"<1 years","Habersham","4","0","1"
"Unknown years","Habersham","13","0","1"
"01-04 years","Hall","79","0","3"
"05-09 years","Hall","168","0","1"
"10-17 years","Hall","672","0","13"
"18-29 years","Hall","2512","3","95"
"30-39 years","Hall","1584","1","93"
"40-49 years","Hall","1694","7","149"
"50-59 years","Hall","1671","13","203"
"60-69 years","Hall","976","36","185"
"70-79 years","Hall","578","37","159"
"80 & Older years","Hall","400","75","164"
"<1 years","Hall","18","0","5"
"Unknown years","Hall","133","0","7"
"01-04 years","Hancock","3","0","0"
"05-09 years","Hancock","3","0","0"
"10-17 years","Hancock","15","0","0"
"18-29 years","Hancock","48","0","1"
"30-39 years","Hancock","42","0","2"
"40-49 years","Hancock","59","1","4"
"50-59 years","Hancock","65","2","7"
"60-69 years","Hancock","86","12","21"
"70-79 years","Hancock","47","12","16"
"80 & Older years","Hancock","43","17","17"
"<1 years","Hancock","1","0","0"
"01-04 years","Haralson","7","0","0"
"05-09 years","Haralson","11","0","0"
"10-17 years","Haralson","58","0","1"
"18-29 years","Haralson","145","0","1"
"30-39 years","Haralson","97","0","2"
"40-49 years","Haralson","80","1","4"
"50-59 years","Haralson","77","0","1"
"60-69 years","Haralson","70","3","9"
"70-79 years","Haralson","48","6","10"
"80 & Older years","Haralson","19","0","2"
"<1 years","Haralson","4","0","0"
"01-04 years","Harris","12","0","0"
"05-09 years","Harris","8","0","0"
"10-17 years","Harris","69","0","2"
"18-29 years","Harris","139","0","2"
"30-39 years","Harris","90","0","3"
"40-49 years","Harris","135","1","6"
"50-59 years","Harris","152","4","15"
"60-69 years","Harris","149","9","37"
"70-79 years","Harris","67","7","21"
"80 & Older years","Harris","24","4","6"
"<1 years","Harris","2","0","0"
"01-04 years","Hart","8","0","0"
"05-09 years","Hart","11","0","1"
"10-17 years","Hart","26","0","0"
"18-29 years","Hart","100","0","0"
"30-39 years","Hart","79","0","4"
"40-49 years","Hart","86","0","6"
"50-59 years","Hart","103","1","12"
"60-69 years","Hart","78","5","20"
"70-79 years","Hart","38","3","7"
"80 & Older years","Hart","34","7","20"
"<1 years","Hart","1","0","1"
"01-04 years","Heard","2","0","0"
"05-09 years","Heard","8","0","0"
"10-17 years","Heard","15","0","1"
"18-29 years","Heard","45","0","0"
"30-39 years","Heard","22","0","1"
"40-49 years","Heard","38","0","2"
"50-59 years","Heard","30","0","2"
"60-69 years","Heard","31","1","3"
"70-79 years","Heard","18","3","5"
"80 & Older years","Heard","6","2","1"
"Unknown years","Heard","2","0","0"
"01-04 years","Henry","49","0","1"
"05-09 years","Henry","94","0","1"
"10-17 years","Henry","338","0","2"
"18-29 years","Henry","1323","0","19"
"30-39 years","Henry","1055","3","23"
"40-49 years","Henry","1147","6","44"
"50-59 years","Henry","1013","11","70"
"60-69 years","Henry","521","21","40"
"70-79 years","Henry","282","31","43"
"80 & Older years","Henry","159","39","29"
"<1 years","Henry","13","0","2"
"Unknown years","Henry","5","0","0"
"01-04 years","Houston","40","0","1"
"05-09 years","Houston","65","0","1"
"10-17 years","Houston","194","0","3"
"18-29 years","Houston","804","2","25"
"30-39 years","Houston","650","1","37"
"40-49 years","Houston","615","2","63"
"50-59 years","Houston","530","9","65"
"60-69 years","Houston","321","21","74"
"70-79 years","Houston","185","32","75"
"80 & Older years","Houston","96","24","48"
"<1 years","Houston","10","0","1"
"Unknown years","Houston","4","0","0"
"01-04 years","Irwin","3","0","0"
"05-09 years","Irwin","7","0","0"
"10-17 years","Irwin","25","0","0"
"18-29 years","Irwin","61","0","3"
"30-39 years","Irwin","57","0","4"
"40-49 years","Irwin","67","0","4"
"50-59 years","Irwin","52","0","5"
"60-69 years","Irwin","43","1","13"
"70-79 years","Irwin","19","2","1"
"80 & Older years","Irwin","17","3","10"
"01-04 years","Jackson","15","0","0"
"05-09 years","Jackson","40","0","0"
"10-17 years","Jackson","200","0","1"
"18-29 years","Jackson","484","0","9"
"30-39 years","Jackson","359","0","12"
"40-49 years","Jackson","379","1","31"
"50-59 years","Jackson","380","4","33"
"60-69 years","Jackson","214","5","28"
"70-79 years","Jackson","146","12","41"
"80 & Older years","Jackson","73","18","32"
"<1 years","Jackson","6","0","2"
"Unknown years","Jackson","11","0","1"
"05-09 years","Jasper","4","0","0"
"10-17 years","Jasper","9","0","0"
"18-29 years","Jasper","52","0","1"
"30-39 years","Jasper","40","0","0"
"40-49 years","Jasper","30","0","2"
"50-59 years","Jasper","48","0","6"
"60-69 years","Jasper","34","3","8"
"70-79 years","Jasper","16","1","3"
"80 & Older years","Jasper","6","0","0"
"<1 years","Jasper","2","0","0"
"01-04 years","Jeff Davis","20","0","1"
"05-09 years","Jeff Davis","22","0","0"
"10-17 years","Jeff Davis","63","0","2"
"18-29 years","Jeff Davis","155","0","2"
"30-39 years","Jeff Davis","133","0","5"
"40-49 years","Jeff Davis","126","0","11"
"50-59 years","Jeff Davis","118","2","8"
"60-69 years","Jeff Davis","82","5","14"
"70-79 years","Jeff Davis","49","11","14"
"80 & Older years","Jeff Davis","11","5","5"
"<1 years","Jeff Davis","2","0","1"
"Unknown years","Jeff Davis","1","0","0"
"01-04 years","Jefferson","16","0","0"
"05-09 years","Jefferson","20","0","0"
"10-17 years","Jefferson","51","0","0"
"18-29 years","Jefferson","133","0","2"
"30-39 years","Jefferson","104","0","5"
"40-49 years","Jefferson","119","3","9"
"50-59 years","Jefferson","151","2","14"
"60-69 years","Jefferson","121","6","17"
"70-79 years","Jefferson","86","9","18"
"80 & Older years","Jefferson","36","12","16"
"<1 years","Jefferson","4","0","0"
"Unknown years","Jefferson","3","0","0"
"01-04 years","Jenkins","5","0","0"
"05-09 years","Jenkins","12","0","0"
"10-17 years","Jenkins","38","0","0"
"18-29 years","Jenkins","72","0","2"
"30-39 years","Jenkins","43","1","3"
"40-49 years","Jenkins","68","2","8"
"50-59 years","Jenkins","79","5","13"
"60-69 years","Jenkins","60","5","9"
"70-79 years","Jenkins","39","11","19"
"80 & Older years","Jenkins","44","8","11"
"<1 years","Jenkins","2","0","0"
"01-04 years","Johnson","4","0","0"
"05-09 years","Johnson","5","0","0"
"10-17 years","Johnson","14","0","0"
"18-29 years","Johnson","74","0","2"
"30-39 years","Johnson","48","0","3"
"40-49 years","Johnson","54","1","6"
"50-59 years","Johnson","72","0","12"
"60-69 years","Johnson","68","5","12"
"70-79 years","Johnson","50","6","13"
"80 & Older years","Johnson","50","10","12"
"01-04 years","Jones","2","0","0"
"05-09 years","Jones","7","0","0"
"10-17 years","Jones","26","0","0"
"18-29 years","Jones","165","0","3"
"30-39 years","Jones","97","0","3"
"40-49 years","Jones","95","1","5"
"50-59 years","Jones","102","1","12"
"60-69 years","Jones","72","1","12"
"70-79 years","Jones","38","4","14"
"80 & Older years","Jones","30","8","5"
"<1 years","Jones","1","0","0"
"01-04 years","Lamar","5","0","0"
"05-09 years","Lamar","15","0","0"
"10-17 years","Lamar","27","0","1"
"18-29 years","Lamar","56","0","1"
"30-39 years","Lamar","51","0","1"
"40-49 years","Lamar","57","1","2"
"50-59 years","Lamar","62","1","9"
"60-69 years","Lamar","54","3","9"
"70-79 years","Lamar","43","4","10"
"80 & Older years","Lamar","28","10","12"
"<1 years","Lamar","3","0","0"
"Unknown years","Lamar","1","0","0"
"01-04 years","Lanier","5","0","0"
"05-09 years","Lanier","8","0","1"
"10-17 years","Lanier","19","0","1"
"18-29 years","Lanier","71","1","0"
"30-39 years","Lanier","83","0","1"
"40-49 years","Lanier","41","1","1"
"50-59 years","Lanier","39","0","3"
"60-69 years","Lanier","23","1","1"
"70-79 years","Lanier","13","4","4"
"80 & Older years","Lanier","9","0","4"
"<1 years","Lanier","3","0","0"
"Unknown years","Lanier","2","0","0"
"01-04 years","Laurens","14","0","0"
"05-09 years","Laurens","17","0","0"
"10-17 years","Laurens","121","0","1"
"18-29 years","Laurens","350","0","4"
"30-39 years","Laurens","256","0","6"
"40-49 years","Laurens","278","3","14"
"50-59 years","Laurens","309","5","33"
"60-69 years","Laurens","265","20","42"
"70-79 years","Laurens","189","25","39"
"80 & Older years","Laurens","122","33","28"
"<1 years","Laurens","6","0","0"
"Unknown years","Laurens","12","0","0"
"01-04 years","Lee","7","0","0"
"05-09 years","Lee","11","0","2"
"10-17 years","Lee","41","0","1"
"18-29 years","Lee","119","1","6"
"30-39 years","Lee","142","1","13"
"40-49 years","Lee","135","3","17"
"50-59 years","Lee","128","5","23"
"60-69 years","Lee","89","6","17"
"70-79 years","Lee","47","6","19"
"80 & Older years","Lee","20","5","10"
"<1 years","Lee","3","0","0"
"Unknown years","Lee","1","0","0"
"01-04 years","Liberty","11","0","0"
"05-09 years","Liberty","25","0","1"
"10-17 years","Liberty","78","0","1"
"18-29 years","Liberty","291","1","9"
"30-39 years","Liberty","211","0","7"
"40-49 years","Liberty","195","0","9"
"50-59 years","Liberty","164","1","25"
"60-69 years","Liberty","127","7","24"
"70-79 years","Liberty","61","9","24"
"80 & Older years","Liberty","38","7","16"
"<1 years","Liberty","13","0","1"
"Unknown years","Liberty","4","0","0"
"01-04 years","Lincoln","3","0","0"
"05-09 years","Lincoln","7","0","0"
"10-17 years","Lincoln","10","0","0"
"18-29 years","Lincoln","46","0","2"
"30-39 years","Lincoln","29","0","1"
"40-49 years","Lincoln","38","0","3"
"50-59 years","Lincoln","31","0","2"
"60-69 years","Lincoln","33","2","8"
"70-79 years","Lincoln","20","1","7"
"80 & Older years","Lincoln","10","4","4"
"<1 years","Lincoln","1","0","0"
"01-04 years","Long","10","0","0"
"05-09 years","Long","3","0","0"
"10-17 years","Long","16","0","0"
"18-29 years","Long","53","0","0"
"30-39 years","Long","65","0","0"
"40-49 years","Long","38","0","2"
"50-59 years","Long","35","1","5"
"60-69 years","Long","30","0","3"
"70-79 years","Long","15","3","5"
"80 & Older years","Long","4","0","2"
"<1 years","Long","3","0","0"
"Unknown years","Long","1","0","1"
"01-04 years","Lowndes","65","0","0"
"05-09 years","Lowndes","96","0","0"
"10-17 years","Lowndes","334","0","4"
"18-29 years","Lowndes","1364","3","22"
"30-39 years","Lowndes","697","0","14"
"40-49 years","Lowndes","626","1","29"
"50-59 years","Lowndes","509","6","36"
"60-69 years","Lowndes","339","15","42"
"70-79 years","Lowndes","193","27","33"
"80 & Older years","Lowndes","124","33","34"
"<1 years","Lowndes","17","0","0"
"Unknown years","Lowndes","18","0","0"
"01-04 years","Lumpkin","5","0","0"
"05-09 years","Lumpkin","11","0","0"
"10-17 years","Lumpkin","49","0","2"
"18-29 years","Lumpkin","284","0","3"
"30-39 years","Lumpkin","112","0","5"
"40-49 years","Lumpkin","128","0","10"
"50-59 years","Lumpkin","134","2","12"
"60-69 years","Lumpkin","142","4","18"
"70-79 years","Lumpkin","109","3","28"
"80 & Older years","Lumpkin","39","5","20"
"<1 years","Lumpkin","2","0","1"
"Unknown years","Lumpkin","13","0","0"
"01-04 years","Macon","5","0","0"
"05-09 years","Macon","6","0","0"
"10-17 years","Macon","8","0","0"
"18-29 years","Macon","40","0","1"
"30-39 years","Macon","27","0","3"
"40-49 years","Macon","46","1","5"
"50-59 years","Macon","50","3","9"
"60-69 years","Macon","29","3","16"
"70-79 years","Macon","23","1","10"
"80 & Older years","Macon","11","2","5"
"<1 years","Macon","1","0","0"
"01-04 years","Madison","14","0","0"
"05-09 years","Madison","12","0","0"
"10-17 years","Madison","79","0","0"
"18-29 years","Madison","145","0","1"
"30-39 years","Madison","125","0","5"
"40-49 years","Madison","126","0","8"
"50-59 years","Madison","132","1","15"
"60-69 years","Madison","70","2","14"
"70-79 years","Madison","45","6","18"
"80 & Older years","Madison","12","2","2"
"<1 years","Madison","8","0","1"
"Unknown years","Madison","1","0","0"
"01-04 years","Marion","2","0","0"
"05-09 years","Marion","2","0","0"
"10-17 years","Marion","13","0","0"
"18-29 years","Marion","33","0","0"
"30-39 years","Marion","23","0","2"
"40-49 years","Marion","33","1","5"
"50-59 years","Marion","30","2","5"
"60-69 years","Marion","27","3","3"
"70-79 years","Marion","16","1","3"
"80 & Older years","Marion","16","2","5"
"<1 years","Marion","1","0","0"
"01-04 years","McDuffie","4","0","0"
"05-09 years","McDuffie","6","0","0"
"10-17 years","McDuffie","35","0","0"
"18-29 years","McDuffie","139","0","3"
"30-39 years","McDuffie","102","1","2"
"40-49 years","McDuffie","110","2","8"
"50-59 years","McDuffie","114","2","15"
"60-69 years","McDuffie","85","2","12"
"70-79 years","McDuffie","57","5","24"
"80 & Older years","McDuffie","17","3","11"
"05-09 years","McIntosh","3","0","0"
"10-17 years","McIntosh","17","0","0"
"18-29 years","McIntosh","58","0","2"
"30-39 years","McIntosh","45","0","3"
"40-49 years","McIntosh","49","0","3"
"50-59 years","McIntosh","51","0","2"
"60-69 years","McIntosh","40","2","11"
"70-79 years","McIntosh","32","3","9"
"80 & Older years","McIntosh","6","2","2"
"<1 years","McIntosh","1","0","0"
"Unknown years","McIntosh","1","0","0"
"01-04 years","Meriwether","10","0","1"
"05-09 years","Meriwether","11","0","1"
"10-17 years","Meriwether","15","0","0"
"18-29 years","Meriwether","92","0","3"
"30-39 years","Meriwether","90","2","11"
"40-49 years","Meriwether","112","1","11"
"50-59 years","Meriwether","87","1","11"
"60-69 years","Meriwether","74","2","15"
"70-79 years","Meriwether","54","3","15"
"80 & Older years","Meriwether","35","7","9"
"<1 years","Meriwether","2","0","0"
"01-04 years","Miller","3","0","0"
"05-09 years","Miller","3","0","0"
"10-17 years","Miller","22","0","0"
"18-29 years","Miller","53","0","0"
"30-39 years","Miller","52","0","0"
"40-49 years","Miller","43","0","1"
"50-59 years","Miller","62","0","6"
"60-69 years","Miller","38","2","3"
"70-79 years","Miller","14","0","1"
"80 & Older years","Miller","10","0","2"
"<1 years","Miller","2","0","0"
"01-04 years","Mitchell","3","0","0"
"05-09 years","Mitchell","11","0","0"
"10-17 years","Mitchell","41","0","0"
"18-29 years","Mitchell","129","0","6"
"30-39 years","Mitchell","119","1","12"
"40-49 years","Mitchell","130","2","12"
"50-59 years","Mitchell","165","7","42"
"60-69 years","Mitchell","128","10","38"
"70-79 years","Mitchell","68","8","25"
"80 & Older years","Mitchell","49","17","18"
"Unknown years","Mitchell","3","0","1"
"01-04 years","Monroe","3","0","0"
"05-09 years","Monroe","6","0","0"
"10-17 years","Monroe","33","0","0"
"18-29 years","Monroe","130","0","1"
"30-39 years","Monroe","83","0","3"
"40-49 years","Monroe","96","1","9"
"50-59 years","Monroe","133","2","12"
"60-69 years","Monroe","104","8","23"
"70-79 years","Monroe","74","14","22"
"80 & Older years","Monroe","82","28","17"
"<1 years","Monroe","3","0","1"
"01-04 years","Montgomery","5","0","0"
"05-09 years","Montgomery","3","0","0"
"10-17 years","Montgomery","21","0","1"
"18-29 years","Montgomery","84","0","0"
"30-39 years","Montgomery","52","1","3"
"40-49 years","Montgomery","74","0","1"
"50-59 years","Montgomery","50","1","5"
"60-69 years","Montgomery","42","3","7"
"70-79 years","Montgomery","22","2","5"
"80 & Older years","Montgomery","9","2","2"
"<1 years","Montgomery","2","0","0"
"01-04 years","Morgan","14","0","0"
"05-09 years","Morgan","9","0","0"
"10-17 years","Morgan","45","0","0"
"18-29 years","Morgan","114","0","2"
"30-39 years","Morgan","70","0","5"
"40-49 years","Morgan","74","0","3"
"50-59 years","Morgan","83","0","7"
"60-69 years","Morgan","57","1","4"
"70-79 years","Morgan","24","1","8"
"80 & Older years","Morgan","23","3","11"
"<1 years","Morgan","5","0","0"
"Unknown years","Morgan","1","0","0"
"01-04 years","Murray","15","0","1"
"05-09 years","Murray","11","0","1"
"10-17 years","Murray","66","0","0"
"18-29 years","Murray","238","0","2"
"30-39 years","Murray","149","0","2"
"40-49 years","Murray","189","0","11"
"50-59 years","Murray","161","1","12"
"60-69 years","Murray","92","1","10"
"70-79 years","Murray","57","5","16"
"80 & Older years","Murray","12","2","5"
"<1 years","Murray","4","0","0"
"Unknown years","Murray","2","0","0"
"01-04 years","Muscogee","101","0","3"
"05-09 years","Muscogee","125","0","0"
"10-17 years","Muscogee","317","0","3"
"18-29 years","Muscogee","1637","3","40"
"30-39 years","Muscogee","1033","2","58"
"40-49 years","Muscogee","867","3","60"
"50-59 years","Muscogee","883","22","133"
"60-69 years","Muscogee","705","42","171"
"70-79 years","Muscogee","380","44","118"
"80 & Older years","Muscogee","214","57","98"
"<1 years","Muscogee","35","0","2"
"Unknown years","Muscogee","7","0","0"
"01-04 years","Newton","34","0","2"
"05-09 years","Newton","41","0","0"
"10-17 years","Newton","130","0","1"
"18-29 years","Newton","559","0","19"
"30-39 years","Newton","458","0","34"
"40-49 years","Newton","529","0","48"
"50-59 years","Newton","487","7","61"
"60-69 years","Newton","256","15","48"
"70-79 years","Newton","171","26","46"
"80 & Older years","Newton","137","46","33"
"<1 years","Newton","11","0","1"
"Unknown years","Newton","2","0","0"
"01-04 years","Non-GA Resident/Unknown State","164","0","0"
"05-09 years","Non-GA Resident/Unknown State","262","0","4"
"10-17 years","Non-GA Resident/Unknown State","917","0","6"
"18-29 years","Non-GA Resident/Unknown State","3628","4","44"
"30-39 years","Non-GA Resident/Unknown State","2364","3","53"
"40-49 years","Non-GA Resident/Unknown State","2064","5","60"
"50-59 years","Non-GA Resident/Unknown State","1873","22","123"
"60-69 years","Non-GA Resident/Unknown State","1226","46","147"
"70-79 years","Non-GA Resident/Unknown State","733","53","131"
"80 & Older years","Non-GA Resident/Unknown State","425","49","103"
"<1 years","Non-GA Resident/Unknown State","93","0","1"
"Unknown years","Non-GA Resident/Unknown State","470","0","5"
"01-04 years","Oconee","3","0","0"
"05-09 years","Oconee","11","0","0"
"10-17 years","Oconee","59","0","0"
"18-29 years","Oconee","241","0","2"
"30-39 years","Oconee","94","0","2"
"40-49 years","Oconee","120","0","8"
"50-59 years","Oconee","130","2","4"
"60-69 years","Oconee","83","9","16"
"70-79 years","Oconee","54","4","14"
"80 & Older years","Oconee","47","12","22"
"<1 years","Oconee","1","0","0"
"01-04 years","Oglethorpe","4","0","0"
"05-09 years","Oglethorpe","11","0","0"
"10-17 years","Oglethorpe","31","0","0"
"18-29 years","Oglethorpe","79","0","1"
"30-39 years","Oglethorpe","43","0","0"
"40-49 years","Oglethorpe","57","0","4"
"50-59 years","Oglethorpe","56","1","12"
"60-69 years","Oglethorpe","37","0","8"
"70-79 years","Oglethorpe","39","1","10"
"80 & Older years","Oglethorpe","38","9","12"
"<1 years","Oglethorpe","3","0","0"
"01-04 years","Paulding","37","0","1"
"05-09 years","Paulding","71","0","0"
"10-17 years","Paulding","261","0","5"
"18-29 years","Paulding","671","0","6"
"30-39 years","Paulding","488","1","15"
"40-49 years","Paulding","538","3","13"
"50-59 years","Paulding","495","7","31"
"60-69 years","Paulding","264","9","35"
"70-79 years","Paulding","144","15","32"
"80 & Older years","Paulding","80","25","13"
"<1 years","Paulding","8","0","0"
"Unknown years","Paulding","8","0","0"
"01-04 years","Peach","8","0","0"
"05-09 years","Peach","11","0","0"
"10-17 years","Peach","23","0","1"
"18-29 years","Peach","162","1","7"
"30-39 years","Peach","138","0","9"
"40-49 years","Peach","108","1","9"
"50-59 years","Peach","119","3","24"
"60-69 years","Peach","100","7","29"
"70-79 years","Peach","43","4","16"
"80 & Older years","Peach","32","8","16"
"<1 years","Peach","4","0","0"
"Unknown years","Peach","1","0","0"
"01-04 years","Pickens","12","0","1"
"05-09 years","Pickens","10","0","0"
"10-17 years","Pickens","33","0","0"
"18-29 years","Pickens","137","0","4"
"30-39 years","Pickens","87","0","5"
"40-49 years","Pickens","138","0","7"
"50-59 years","Pickens","125","0","8"
"60-69 years","Pickens","95","0","13"
"70-79 years","Pickens","58","6","19"
"80 & Older years","Pickens","29","4","8"
"<1 years","Pickens","1","0","0"
"Unknown years","Pickens","2","0","0"
"01-04 years","Pierce","6","0","0"
"05-09 years","Pierce","9","0","0"
"10-17 years","Pierce","38","1","1"
"18-29 years","Pierce","130","0","3"
"30-39 years","Pierce","79","0","3"
"40-49 years","Pierce","115","0","11"
"50-59 years","Pierce","96","3","10"
"60-69 years","Pierce","87","6","26"
"70-79 years","Pierce","60","6","21"
"80 & Older years","Pierce","31","8","7"
"<1 years","Pierce","3","0","0"
"Unknown years","Pierce","1","0","0"
"01-04 years","Pike","11","0","0"
"05-09 years","Pike","6","0","0"
"10-17 years","Pike","33","0","0"
"18-29 years","Pike","67","0","1"
"30-39 years","Pike","52","0","2"
"40-49 years","Pike","69","1","3"
"50-59 years","Pike","52","2","6"
"60-69 years","Pike","41","1","9"
"70-79 years","Pike","37","5","8"
"80 & Older years","Pike","11","3","3"
"Unknown years","Pike","1","0","0"
"01-04 years","Polk","20","0","1"
"05-09 years","Polk","33","0","0"
"10-17 years","Polk","154","0","1"
"18-29 years","Polk","394","0","1"
"30-39 years","Polk","241","0","5"
"40-49 years","Polk","282","1","22"
"50-59 years","Polk","239","3","31"
"60-69 years","Polk","135","7","27"
"70-79 years","Polk","107","5","25"
"80 & Older years","Polk","51","10","18"
"<1 years","Polk","5","0","0"
"Unknown years","Polk","22","0","0"
"05-09 years","Pulaski","3","0","0"
"10-17 years","Pulaski","19","0","1"
"18-29 years","Pulaski","45","0","1"
"30-39 years","Pulaski","42","0","2"
"40-49 years","Pulaski","45","0","5"
"50-59 years","Pulaski","62","0","5"
"60-69 years","Pulaski","53","5","7"
"70-79 years","Pulaski","33","10","13"
"80 & Older years","Pulaski","28","8","4"
"01-04 years","Putnam","10","0","0"
"05-09 years","Putnam","26","0","0"
"10-17 years","Putnam","50","0","1"
"18-29 years","Putnam","151","0","3"
"30-39 years","Putnam","92","0","4"
"40-49 years","Putnam","105","1","5"
"50-59 years","Putnam","121","1","10"
"60-69 years","Putnam","100","8","16"
"70-79 years","Putnam","73","9","21"
"80 & Older years","Putnam","45","8","15"
"<1 years","Putnam","4","0","0"
"01-04 years","Quitman","1","0","0"
"10-17 years","Quitman","2","0","0"
"18-29 years","Quitman","7","0","0"
"30-39 years","Quitman","3","0","1"
"40-49 years","Quitman","2","0","1"
"50-59 years","Quitman","4","0","0"
"60-69 years","Quitman","15","1","3"
"70-79 years","Quitman","2","0","1"
"80 & Older years","Quitman","2","0","1"
"01-04 years","Rabun","4","0","0"
"05-09 years","Rabun","6","0","0"
"10-17 years","Rabun","28","0","0"
"18-29 years","Rabun","85","0","5"
"30-39 years","Rabun","63","1","4"
"40-49 years","Rabun","49","0","2"
"50-59 years","Rabun","58","0","6"
"60-69 years","Rabun","62","1","13"
"70-79 years","Rabun","34","4","13"
"80 & Older years","Rabun","24","5","10"
"<1 years","Rabun","2","0","1"
"Unknown years","Rabun","2","0","0"
"05-09 years","Randolph","2","0","0"
"10-17 years","Randolph","4","0","0"
"18-29 years","Randolph","42","0","0"
"30-39 years","Randolph","49","2","2"
"40-49 years","Randolph","39","0","3"
"50-59 years","Randolph","71","3","14"
"60-69 years","Randolph","52","7","12"
"70-79 years","Randolph","30","3","9"
"80 & Older years","Randolph","46","14","16"
"<1 years","Randolph","1","0","0"
"Unknown years","Randolph","2","0","0"
"01-04 years","Richmond","73","0","0"
"05-09 years","Richmond","124","0","1"
"10-17 years","Richmond","433","0","2"
"18-29 years","Richmond","1869","3","22"
"30-39 years","Richmond","1362","3","44"
"40-49 years","Richmond","1180","12","60"
"50-59 years","Richmond","1161","16","106"
"60-69 years","Richmond","802","30","111"
"70-79 years","Richmond","448","35","122"
"80 & Older years","Richmond","320","76","148"
"<1 years","Richmond","33","0","2"
"Unknown years","Richmond","11","0","0"
"01-04 years","Rockdale","28","0","0"
"05-09 years","Rockdale","43","0","0"
"10-17 years","Rockdale","113","0","1"
"18-29 years","Rockdale","432","2","21"
"30-39 years","Rockdale","345","2","36"
"40-49 years","Rockdale","365","4","42"
"50-59 years","Rockdale","367","5","45"
"60-69 years","Rockdale","213","9","59"
"70-79 years","Rockdale","100","13","40"
"80 & Older years","Rockdale","41","5","18"
"<1 years","Rockdale","1","0","0"
"Unknown years","Rockdale","1","0","0"
"01-04 years","Schley","4","0","0"
"05-09 years","Schley","3","0","0"
"10-17 years","Schley","12","0","0"
"18-29 years","Schley","25","0","1"
"30-39 years","Schley","10","0","0"
"40-49 years","Schley","13","0","2"
"50-59 years","Schley","16","0","3"
"60-69 years","Schley","16","1","7"
"70-79 years","Schley","6","0","2"
"80 & Older years","Schley","3","1","1"
"<1 years","Schley","1","0","0"
"01-04 years","Screven","2","0","0"
"05-09 years","Screven","7","0","0"
"10-17 years","Screven","41","0","0"
"18-29 years","Screven","83","0","3"
"30-39 years","Screven","56","0","2"
"40-49 years","Screven","59","1","4"
"50-59 years","Screven","56","0","9"
"60-69 years","Screven","72","1","12"
"70-79 years","Screven","39","3","10"
"80 & Older years","Screven","28","6","7"
"<1 years","Screven","2","0","0"
"Unknown years","Screven","1","0","0"
"01-04 years","Seminole","12","0","0"
"05-09 years","Seminole","9","0","0"
"10-17 years","Seminole","38","0","0"
"18-29 years","Seminole","56","0","0"
"30-39 years","Seminole","48","0","0"
"40-49 years","Seminole","54","0","2"
"50-59 years","Seminole","57","1","5"
"60-69 years","Seminole","60","1","9"
"70-79 years","Seminole","37","5","7"
"80 & Older years","Seminole","13","4","6"
"<1 years","Seminole","2","0","0"
"01-04 years","Spalding","21","0","0"
"05-09 years","Spalding","12","0","0"
"10-17 years","Spalding","68","0","2"
"18-29 years","Spalding","264","0","10"
"30-39 years","Spalding","238","1","19"
"40-49 years","Spalding","228","2","21"
"50-59 years","Spalding","247","6","46"
"60-69 years","Spalding","197","11","36"
"70-79 years","Spalding","127","17","38"
"80 & Older years","Spalding","124","25","32"
"<1 years","Spalding","1","0","0"
"Unknown years","Spalding","5","0","0"
"01-04 years","Stephens","8","0","0"
"05-09 years","Stephens","22","0","0"
"10-17 years","Stephens","64","0","1"
"18-29 years","Stephens","230","0","8"
"30-39 years","Stephens","141","0","6"
"40-49 years","Stephens","167","1","14"
"50-59 years","Stephens","185","3","19"
"60-69 years","Stephens","193","9","35"
"70-79 years","Stephens","148","11","27"
"80 & Older years","Stephens","92","17","19"
"<1 years","Stephens","1","0","0"
"Unknown years","Stephens","7","0","0"
"01-04 years","Stewart","1","0","0"
"05-09 years","Stewart","2","0","0"
"10-17 years","Stewart","10","0","0"
"18-29 years","Stewart","109","0","10"
"30-39 years","Stewart","150","1","15"
"40-49 years","Stewart","103","1","14"
"50-59 years","Stewart","59","1","10"
"60-69 years","Stewart","47","7","21"
"70-79 years","Stewart","21","2","3"
"80 & Older years","Stewart","17","4","4"
"<1 years","Stewart","1","0","0"
"Unknown years","Stewart","14","0","4"
"01-04 years","Sumter","8","0","0"
"05-09 years","Sumter","14","0","0"
"10-17 years","Sumter","24","0","2"
"18-29 years","Sumter","170","1","6"
"30-39 years","Sumter","135","1","16"
"40-49 years","Sumter","125","3","18"
"50-59 years","Sumter","151","2","37"
"60-69 years","Sumter","152","20","56"
"70-79 years","Sumter","109","20","36"
"80 & Older years","Sumter","69","22","35"
"<1 years","Sumter","1","0","0"
"Unknown years","Sumter","1","0","0"
"01-04 years","Talbot","1","0","0"
"05-09 years","Talbot","1","0","0"
"10-17 years","Talbot","15","0","0"
"18-29 years","Talbot","21","0","1"
"30-39 years","Talbot","15","0","1"
"40-49 years","Talbot","35","1","4"
"50-59 years","Talbot","30","1","4"
"60-69 years","Talbot","25","2","8"
"70-79 years","Talbot","16","1","2"
"80 & Older years","Talbot","11","2","5"
"10-17 years","Taliaferro","1","0","0"
"18-29 years","Taliaferro","2","0","0"
"30-39 years","Taliaferro","3","0","0"
"40-49 years","Taliaferro","7","0","1"
"50-59 years","Taliaferro","6","0","0"
"60-69 years","Taliaferro","1","0","0"
"70-79 years","Taliaferro","4","0","0"
"80 & Older years","Taliaferro","1","0","1"
"01-04 years","Tattnall","18","0","0"
"05-09 years","Tattnall","27","0","0"
"10-17 years","Tattnall","73","0","0"
"18-29 years","Tattnall","203","0","1"
"30-39 years","Tattnall","129","0","3"
"40-49 years","Tattnall","144","0","5"
"50-59 years","Tattnall","140","3","14"
"60-69 years","Tattnall","110","4","17"
"70-79 years","Tattnall","45","5","19"
"80 & Older years","Tattnall","17","1","6"
"<1 years","Tattnall","4","0","0"
"Unknown years","Tattnall","4","0","1"
"01-04 years","Taylor","9","0","0"
"05-09 years","Taylor","6","0","0"
"10-17 years","Taylor","28","0","1"
"18-29 years","Taylor","43","0","0"
"30-39 years","Taylor","19","0","3"
"40-49 years","Taylor","33","1","3"
"50-59 years","Taylor","29","0","6"
"60-69 years","Taylor","24","4","9"
"70-79 years","Taylor","21","2","6"
"80 & Older years","Taylor","13","5","4"
"<1 years","Taylor","1","0","0"
"01-04 years","Telfair","6","0","0"
"05-09 years","Telfair","6","0","0"
"10-17 years","Telfair","8","0","0"
"18-29 years","Telfair","73","0","2"
"30-39 years","Telfair","46","0","1"
"40-49 years","Telfair","71","0","5"
"50-59 years","Telfair","66","3","6"
"60-69 years","Telfair","72","4","13"
"70-79 years","Telfair","49","5","10"
"80 & Older years","Telfair","31","11","6"
"<1 years","Telfair","3","0","0"
"Unknown years","Telfair","4","0","0"
"01-04 years","Terrell","4","0","0"
"05-09 years","Terrell","1","0","0"
"10-17 years","Terrell","17","0","0"
"18-29 years","Terrell","38","0","1"
"30-39 years","Terrell","49","0","8"
"40-49 years","Terrell","42","0","7"
"50-59 years","Terrell","57","3","8"
"60-69 years","Terrell","66","9","24"
"70-79 years","Terrell","42","12","19"
"80 & Older years","Terrell","22","8","7"
"01-04 years","Thomas","24","0","0"
"05-09 years","Thomas","24","0","0"
"10-17 years","Thomas","86","0","0"
"18-29 years","Thomas","281","1","11"
"30-39 years","Thomas","230","0","10"
"40-49 years","Thomas","240","4","16"
"50-59 years","Thomas","250","4","21"
"60-69 years","Thomas","223","8","49"
"70-79 years","Thomas","132","21","34"
"80 & Older years","Thomas","88","31","31"
"<1 years","Thomas","4","0","1"
"01-04 years","Tift","18","0","0"
"05-09 years","Tift","35","0","0"
"10-17 years","Tift","127","0","3"
"18-29 years","Tift","503","0","11"
"30-39 years","Tift","293","1","20"
"40-49 years","Tift","300","5","33"
"50-59 years","Tift","255","9","43"
"60-69 years","Tift","182","12","46"
"70-79 years","Tift","138","19","47"
"80 & Older years","Tift","61","17","35"
"<1 years","Tift","9","0","0"
"Unknown years","Tift","3","0","0"
"01-04 years","Toombs","17","0","0"
"05-09 years","Toombs","26","0","0"
"10-17 years","Toombs","112","0","1"
"18-29 years","Toombs","301","0","5"
"30-39 years","Toombs","221","0","1"
"40-49 years","Toombs","215","1","17"
"50-59 years","Toombs","194","5","13"
"60-69 years","Toombs","165","4","32"
"70-79 years","Toombs","129","22","25"
"80 & Older years","Toombs","81","25","17"
"<1 years","Toombs","1","0","0"
"Unknown years","Toombs","1","0","0"
"05-09 years","Towns","3","0","0"
"10-17 years","Towns","13","0","0"
"18-29 years","Towns","74","0","2"
"30-39 years","Towns","39","0","1"
"40-49 years","Towns","36","1","3"
"50-59 years","Towns","67","1","5"
"60-69 years","Towns","80","0","5"
"70-79 years","Towns","58","2","13"
"80 & Older years","Towns","48","8","22"
"01-04 years","Treutlen","2","0","0"
"05-09 years","Treutlen","5","0","0"
"10-17 years","Treutlen","20","0","0"
"18-29 years","Treutlen","49","0","1"
"30-39 years","Treutlen","38","0","2"
"40-49 years","Treutlen","50","0","4"
"50-59 years","Treutlen","46","1","5"
"60-69 years","Treutlen","35","2","10"
"70-79 years","Treutlen","30","5","6"
"80 & Older years","Treutlen","17","3","5"
"01-04 years","Troup","84","0","0"
"05-09 years","Troup","92","0","0"
"10-17 years","Troup","198","0","2"
"18-29 years","Troup","668","0","23"
"30-39 years","Troup","487","5","32"
"40-49 years","Troup","418","2","39"
"50-59 years","Troup","426","11","74"
"60-69 years","Troup","303","16","61"
"70-79 years","Troup","146","28","57"
"80 & Older years","Troup","145","44","44"
"<1 years","Troup","25","0","1"
"Unknown years","Troup","3","0","0"
"05-09 years","Turner","3","0","0"
"10-17 years","Turner","10","0","0"
"18-29 years","Turner","46","0","1"
"30-39 years","Turner","67","0","6"
"40-49 years","Turner","48","0","2"
"50-59 years","Turner","63","2","8"
"60-69 years","Turner","45","6","15"
"70-79 years","Turner","26","6","10"
"80 & Older years","Turner","23","10","8"
"<1 years","Turner","1","0","1"
"01-04 years","Twiggs","6","0","0"
"05-09 years","Twiggs","1","0","0"
"10-17 years","Twiggs","14","0","0"
"18-29 years","Twiggs","28","0","1"
"30-39 years","Twiggs","28","1","4"
"40-49 years","Twiggs","30","1","7"
"50-59 years","Twiggs","39","1","8"
"60-69 years","Twiggs","41","1","17"
"70-79 years","Twiggs","21","2","10"
"80 & Older years","Twiggs","6","3","5"
"01-04 years","Union","4","0","0"
"05-09 years","Union","10","0","0"
"10-17 years","Union","27","0","1"
"18-29 years","Union","104","1","1"
"30-39 years","Union","92","0","2"
"40-49 years","Union","106","0","8"
"50-59 years","Union","130","2","8"
"60-69 years","Union","142","2","19"
"70-79 years","Union","138","9","26"
"80 & Older years","Union","116","11","27"
"<1 years","Union","1","0","0"
"Unknown years","Union","1","0","0"
"01-04 years","Unknown","11","0","0"
"05-09 years","Unknown","40","0","0"
"10-17 years","Unknown","141","0","1"
"18-29 years","Unknown","500","0","5"
"30-39 years","Unknown","335","0","3"
"40-49 years","Unknown","278","0","1"
"50-59 years","Unknown","252","2","4"
"60-69 years","Unknown","157","2","7"
"70-79 years","Unknown","102","2","12"
"80 & Older years","Unknown","43","1","4"
"<1 years","Unknown","19","0","0"
"Unknown years","Unknown","93","0","3"
"01-04 years","Upson","17","0","0"
"05-09 years","Upson","21","0","0"
"10-17 years","Upson","48","0","1"
"18-29 years","Upson","126","0","4"
"30-39 years","Upson","87","1","3"
"40-49 years","Upson","104","1","6"
"50-59 years","Upson","135","4","14"
"60-69 years","Upson","122","15","22"
"70-79 years","Upson","91","23","24"
"80 & Older years","Upson","73","25","21"
"<1 years","Upson","3","0","0"
"Unknown years","Upson","2","0","0"
"01-04 years","Walker","11","0","0"
"05-09 years","Walker","28","0","0"
"10-17 years","Walker","146","0","1"
"18-29 years","Walker","323","0","1"
"30-39 years","Walker","244","0","6"
"40-49 years","Walker","294","3","10"
"50-59 years","Walker","242","1","15"
"60-69 years","Walker","227","8","21"
"70-79 years","Walker","145","19","23"
"80 & Older years","Walker","107","12","16"
"<1 years","Walker","9","0","0"
"Unknown years","Walker","25","0","2"
"01-04 years","Walton","16","0","0"
"05-09 years","Walton","36","0","1"
"10-17 years","Walton","153","0","2"
"18-29 years","Walton","426","0","11"
"30-39 years","Walton","323","0","13"
"40-49 years","Walton","321","1","27"
"50-59 years","Walton","362","4","37"
"60-69 years","Walton","236","9","35"
"70-79 years","Walton","191","17","50"
"80 & Older years","Walton","149","35","41"
"<1 years","Walton","3","0","0"
"Unknown years","Walton","2","0","0"
"01-04 years","Ware","41","0","1"
"05-09 years","Ware","37","0","0"
"10-17 years","Ware","122","0","2"
"18-29 years","Ware","347","0","3"
"30-39 years","Ware","272","0","12"
"40-49 years","Ware","211","2","16"
"50-59 years","Ware","240","3","37"
"60-69 years","Ware","172","7","28"
"70-79 years","Ware","150","23","54"
"80 & Older years","Ware","107","27","28"
"<1 years","Ware","8","0","0"
"Unknown years","Ware","13","0","1"
"01-04 years","Warren","4","0","0"
"05-09 years","Warren","1","0","0"
"10-17 years","Warren","9","0","0"
"18-29 years","Warren","25","0","2"
"30-39 years","Warren","25","0","2"
"40-49 years","Warren","21","0","4"
"50-59 years","Warren","30","1","5"
"60-69 years","Warren","21","2","5"
"70-79 years","Warren","16","1","6"
"80 & Older years","Warren","7","1","1"
"<1 years","Warren","2","0","1"
"Unknown years","Warren","2","0","0"
"01-04 years","Washington","10","0","0"
"05-09 years","Washington","9","0","1"
"10-17 years","Washington","50","0","1"
"18-29 years","Washington","142","0","4"
"30-39 years","Washington","114","0","7"
"40-49 years","Washington","154","1","8"
"50-59 years","Washington","99","1","9"
"60-69 years","Washington","90","6","11"
"70-79 years","Washington","50","3","9"
"80 & Older years","Washington","16","2","4"
"<1 years","Washington","6","0","0"
"Unknown years","Washington","2","0","0"
"01-04 years","Wayne","14","0","0"
"05-09 years","Wayne","5","0","0"
"10-17 years","Wayne","58","0","0"
"18-29 years","Wayne","194","1","6"
"30-39 years","Wayne","199","0","3"
"40-49 years","Wayne","228","0","19"
"50-59 years","Wayne","181","2","10"
"60-69 years","Wayne","130","6","28"
"70-79 years","Wayne","128","11","36"
"80 & Older years","Wayne","65","10","12"
"<1 years","Wayne","1","0","0"
"Unknown years","Wayne","6","0","0"
"18-29 years","Webster","9","0","1"
"30-39 years","Webster","3","0","0"
"40-49 years","Webster","7","0","2"
"50-59 years","Webster","11","2","4"
"60-69 years","Webster","9","0","3"
"70-79 years","Webster","3","0","0"
"Unknown years","Webster","2","0","0"
"05-09 years","Wheeler","2","0","0"
"10-17 years","Wheeler","12","0","0"
"18-29 years","Wheeler","34","0","0"
"30-39 years","Wheeler","59","2","2"
"40-49 years","Wheeler","67","1","3"
"50-59 years","Wheeler","72","5","5"
"60-69 years","Wheeler","46","3","5"
"70-79 years","Wheeler","32","2","4"
"80 & Older years","Wheeler","7","1","0"
"<1 years","Wheeler","1","0","0"
"Unknown years","Wheeler","27","2","1"
"01-04 years","White","9","0","0"
"05-09 years","White","14","0","0"
"10-17 years","White","64","0","1"
"18-29 years","White","163","1","4"
"30-39 years","White","122","1","4"
"40-49 years","White","141","1","6"
"50-59 years","White","152","1","14"
"60-69 years","White","138","3","24"
"70-79 years","White","104","4","29"
"80 & Older years","White","71","12","23"
"<1 years","White","4","0","0"
"Unknown years","White","11","0","0"
"01-04 years","Whitfield","67","0","2"
"05-09 years","Whitfield","94","0","1"
"10-17 years","Whitfield","401","0","1"
"18-29 years","Whitfield","1449","0","22"
"30-39 years","Whitfield","860","1","28"
"40-49 years","Whitfield","893","1","38"
"50-59 years","Whitfield","736","10","48"
"60-69 years","Whitfield","388","15","56"
"70-79 years","Whitfield","204","13","42"
"80 & Older years","Whitfield","103","24","26"
"<1 years","Whitfield","28","0","3"
"Unknown years","Whitfield","5","0","0"
"01-04 years","Wilcox","8","0","0"
"05-09 years","Wilcox","1","0","0"
"10-17 years","Wilcox","9","0","0"
"18-29 years","Wilcox","15","0","0"
"30-39 years","Wilcox","19","0","1"
"40-49 years","Wilcox","45","0","11"
"50-59 years","Wilcox","39","0","9"
"60-69 years","Wilcox","62","9","19"
"70-79 years","Wilcox","36","9","8"
"80 & Older years","Wilcox","16","7","4"
"<1 years","Wilcox","1","0","0"
"01-04 years","Wilkes","3","0","0"
"05-09 years","Wilkes","6","0","0"
"10-17 years","Wilkes","28","0","0"
"18-29 years","Wilkes","57","0","0"
"30-39 years","Wilkes","45","0","3"
"40-49 years","Wilkes","43","0","6"
"50-59 years","Wilkes","46","1","2"
"60-69 years","Wilkes","22","0","3"
"70-79 years","Wilkes","23","1","9"
"80 & Older years","Wilkes","10","4","7"
"01-04 years","Wilkinson","4","0","0"
"05-09 years","Wilkinson","7","0","0"
"10-17 years","Wilkinson","11","0","0"
"18-29 years","Wilkinson","60","0","2"
"30-39 years","Wilkinson","48","0","4"
"40-49 years","Wilkinson","38","0","2"
"50-59 years","Wilkinson","70","3","16"
"60-69 years","Wilkinson","73","5","19"
"70-79 years","Wilkinson","31","6","13"
"80 & Older years","Wilkinson","19","3","11"
"01-04 years","Worth","7","0","0"
"05-09 years","Worth","5","0","0"
"10-17 years","Worth","30","0","4"
"18-29 years","Worth","103","0","4"
"30-39 years","Worth","64","0","5"
"40-49 years","Worth","78","1","10"
"50-59 years","Worth","103","4","18"
"60-69 years","Worth","101","12","32"
"70-79 years","Worth","60","8","17"
"80 & Older years","Worth","47","7","12"
"<1 years","Worth","3","0","0"
"Unknown years","Worth","1","0","0"
