"age group","county name","cases","deaths","hospitalization"
"01-04 years","Georgia","8503","1","156"
"05-09 years","Georgia","13816","2","117"
"10-17 years","Georgia","48993","5","468"
"18-29 years","Georgia","159220","80","3011"
"30-39 years","Georgia","112780","188","3924"
"40-49 years","Georgia","109413","417","5677"
"50-59 years","Georgia","103763","1041","8287"
"60-69 years","Georgia","70311","2245","9727"
"70-79 years","Georgia","41505","3210","8992"
"80 & Older years","Georgia","24519","4319","7108"
"<1 years","Georgia","2422","0","120"
"Unknown years","Georgia","6063","3","93"
"01-04 years","Appling","23","0","0"
"05-09 years","Appling","43","0","0"
"10-17 years","Appling","131","0","1"
"18-29 years","Appling","310","1","4"
"30-39 years","Appling","220","1","5"
"40-49 years","Appling","224","2","16"
"50-59 years","Appling","253","6","21"
"60-69 years","Appling","207","10","38"
"70-79 years","Appling","142","12","28"
"80 & Older years","Appling","67","13","24"
"<1 years","Appling","4","0","0"
"Unknown years","Appling","2","0","0"
"01-04 years","Atkinson","5","0","1"
"05-09 years","Atkinson","18","0","1"
"10-17 years","Atkinson","44","0","0"
"18-29 years","Atkinson","158","0","8"
"30-39 years","Atkinson","117","0","8"
"40-49 years","Atkinson","119","1","20"
"50-59 years","Atkinson","122","1","19"
"60-69 years","Atkinson","76","4","20"
"70-79 years","Atkinson","43","3","13"
"80 & Older years","Atkinson","14","3","9"
"<1 years","Atkinson","3","0","0"
"Unknown years","Atkinson","1","0","0"
"01-04 years","Bacon","16","0","0"
"05-09 years","Bacon","22","0","0"
"10-17 years","Bacon","67","0","1"
"18-29 years","Bacon","214","0","1"
"30-39 years","Bacon","121","0","4"
"40-49 years","Bacon","147","1","9"
"50-59 years","Bacon","140","2","16"
"60-69 years","Bacon","107","7","19"
"70-79 years","Bacon","70","5","12"
"80 & Older years","Bacon","35","7","7"
"<1 years","Bacon","6","0","0"
"Unknown years","Bacon","1","0","0"
"01-04 years","Baker","5","0","0"
"05-09 years","Baker","4","0","0"
"10-17 years","Baker","9","0","0"
"18-29 years","Baker","21","0","0"
"30-39 years","Baker","21","0","2"
"40-49 years","Baker","13","0","1"
"50-59 years","Baker","17","0","1"
"60-69 years","Baker","28","2","13"
"70-79 years","Baker","17","2","10"
"80 & Older years","Baker","8","2","3"
"<1 years","Baker","2","0","0"
"01-04 years","Baldwin","25","0","0"
"05-09 years","Baldwin","46","0","0"
"10-17 years","Baldwin","147","0","4"
"18-29 years","Baldwin","1149","0","13"
"30-39 years","Baldwin","396","1","14"
"40-49 years","Baldwin","413","2","28"
"50-59 years","Baldwin","430","9","43"
"60-69 years","Baldwin","335","17","58"
"70-79 years","Baldwin","220","21","43"
"80 & Older years","Baldwin","122","29","42"
"<1 years","Baldwin","10","0","0"
"Unknown years","Baldwin","1","0","0"
"01-04 years","Banks","7","0","0"
"05-09 years","Banks","20","0","1"
"10-17 years","Banks","91","0","2"
"18-29 years","Banks","255","0","5"
"30-39 years","Banks","173","0","4"
"40-49 years","Banks","190","0","14"
"50-59 years","Banks","213","0","18"
"60-69 years","Banks","179","4","35"
"70-79 years","Banks","136","10","49"
"80 & Older years","Banks","75","10","26"
"<1 years","Banks","4","0","1"
"Unknown years","Banks","46","0","1"
"01-04 years","Barrow","63","0","0"
"05-09 years","Barrow","113","0","0"
"10-17 years","Barrow","464","0","4"
"18-29 years","Barrow","1348","1","30"
"30-39 years","Barrow","1137","1","37"
"40-49 years","Barrow","1170","4","52"
"50-59 years","Barrow","1006","3","79"
"60-69 years","Barrow","678","16","106"
"70-79 years","Barrow","393","22","84"
"80 & Older years","Barrow","197","37","67"
"<1 years","Barrow","26","0","2"
"Unknown years","Barrow","21","0","0"
"01-04 years","Bartow","67","0","2"
"05-09 years","Bartow","150","0","1"
"10-17 years","Bartow","698","0","5"
"18-29 years","Bartow","1557","0","15"
"30-39 years","Bartow","1282","3","32"
"40-49 years","Bartow","1321","1","56"
"50-59 years","Bartow","1365","10","101"
"60-69 years","Bartow","815","23","110"
"70-79 years","Bartow","588","50","122"
"80 & Older years","Bartow","287","57","91"
"<1 years","Bartow","24","0","1"
"Unknown years","Bartow","100","0","7"
"01-04 years","Ben Hill","28","0","1"
"05-09 years","Ben Hill","19","0","0"
"10-17 years","Ben Hill","92","0","0"
"18-29 years","Ben Hill","237","0","4"
"30-39 years","Ben Hill","202","3","9"
"40-49 years","Ben Hill","180","1","9"
"50-59 years","Ben Hill","227","2","25"
"60-69 years","Ben Hill","189","11","25"
"70-79 years","Ben Hill","133","17","48"
"80 & Older years","Ben Hill","62","11","14"
"<1 years","Ben Hill","5","0","0"
"Unknown years","Ben Hill","3","0","0"
"01-04 years","Berrien","14","0","0"
"05-09 years","Berrien","18","0","0"
"10-17 years","Berrien","72","0","0"
"18-29 years","Berrien","173","0","0"
"30-39 years","Berrien","138","0","2"
"40-49 years","Berrien","127","0","3"
"50-59 years","Berrien","142","2","13"
"60-69 years","Berrien","111","5","15"
"70-79 years","Berrien","74","8","12"
"80 & Older years","Berrien","43","9","10"
"<1 years","Berrien","2","0","0"
"Unknown years","Berrien","1","0","0"
"01-04 years","Bibb","126","0","3"
"05-09 years","Bibb","157","0","0"
"10-17 years","Bibb","538","0","7"
"18-29 years","Bibb","2514","1","70"
"30-39 years","Bibb","1792","5","87"
"40-49 years","Bibb","1776","10","164"
"50-59 years","Bibb","1641","14","210"
"60-69 years","Bibb","1309","60","321"
"70-79 years","Bibb","791","80","246"
"80 & Older years","Bibb","486","104","211"
"<1 years","Bibb","42","0","4"
"Unknown years","Bibb","16","0","0"
"01-04 years","Bleckley","3","0","0"
"05-09 years","Bleckley","12","0","0"
"10-17 years","Bleckley","63","0","0"
"18-29 years","Bleckley","171","0","3"
"30-39 years","Bleckley","80","0","1"
"40-49 years","Bleckley","96","1","2"
"50-59 years","Bleckley","91","2","4"
"60-69 years","Bleckley","79","7","9"
"70-79 years","Bleckley","59","4","12"
"80 & Older years","Bleckley","61","17","12"
"<1 years","Bleckley","3","0","0"
"Unknown years","Bleckley","3","1","0"
"01-04 years","Brantley","12","0","0"
"05-09 years","Brantley","8","0","0"
"10-17 years","Brantley","63","0","1"
"18-29 years","Brantley","135","0","1"
"30-39 years","Brantley","98","0","3"
"40-49 years","Brantley","110","1","5"
"50-59 years","Brantley","126","2","12"
"60-69 years","Brantley","92","3","10"
"70-79 years","Brantley","68","9","16"
"80 & Older years","Brantley","40","7","9"
"<1 years","Brantley","1","0","0"
"01-04 years","Brooks","14","0","1"
"05-09 years","Brooks","18","0","0"
"10-17 years","Brooks","79","0","0"
"18-29 years","Brooks","158","0","0"
"30-39 years","Brooks","113","0","2"
"40-49 years","Brooks","106","1","11"
"50-59 years","Brooks","130","2","17"
"60-69 years","Brooks","90","7","14"
"70-79 years","Brooks","76","9","19"
"80 & Older years","Brooks","55","12","14"
"<1 years","Brooks","3","0","0"
"01-04 years","Bryan","36","0","0"
"05-09 years","Bryan","46","0","0"
"10-17 years","Bryan","175","0","1"
"18-29 years","Bryan","420","0","8"
"30-39 years","Bryan","329","1","8"
"40-49 years","Bryan","357","0","13"
"50-59 years","Bryan","289","4","25"
"60-69 years","Bryan","187","6","25"
"70-79 years","Bryan","129","6","40"
"80 & Older years","Bryan","56","4","18"
"<1 years","Bryan","11","0","0"
"Unknown years","Bryan","12","0","0"
"01-04 years","Bulloch","52","0","0"
"05-09 years","Bulloch","68","0","0"
"10-17 years","Bulloch","238","0","2"
"18-29 years","Bulloch","1995","0","7"
"30-39 years","Bulloch","499","4","20"
"40-49 years","Bulloch","434","2","24"
"50-59 years","Bulloch","418","4","24"
"60-69 years","Bulloch","305","13","35"
"70-79 years","Bulloch","155","10","30"
"80 & Older years","Bulloch","93","9","31"
"<1 years","Bulloch","19","0","2"
"Unknown years","Bulloch","9","0","1"
"01-04 years","Burke","16","0","0"
"05-09 years","Burke","36","0","0"
"10-17 years","Burke","107","0","1"
"18-29 years","Burke","290","0","7"
"30-39 years","Burke","214","1","7"
"40-49 years","Burke","241","2","11"
"50-59 years","Burke","221","1","29"
"60-69 years","Burke","174","5","34"
"70-79 years","Burke","102","8","25"
"80 & Older years","Burke","33","6","12"
"<1 years","Burke","5","0","0"
"Unknown years","Burke","4","0","0"
"01-04 years","Butts","18","0","2"
"05-09 years","Butts","18","0","0"
"10-17 years","Butts","85","0","1"
"18-29 years","Butts","288","0","6"
"30-39 years","Butts","252","0","7"
"40-49 years","Butts","254","3","12"
"50-59 years","Butts","280","5","19"
"60-69 years","Butts","202","9","26"
"70-79 years","Butts","154","13","17"
"80 & Older years","Butts","97","22","6"
"<1 years","Butts","4","0","0"
"01-04 years","Calhoun","3","0","0"
"05-09 years","Calhoun","2","0","0"
"10-17 years","Calhoun","34","0","0"
"18-29 years","Calhoun","63","0","5"
"30-39 years","Calhoun","53","2","5"
"40-49 years","Calhoun","75","1","9"
"50-59 years","Calhoun","78","2","13"
"60-69 years","Calhoun","65","2","18"
"70-79 years","Calhoun","23","3","7"
"80 & Older years","Calhoun","14","2","7"
"<1 years","Calhoun","2","0","0"
"Unknown years","Calhoun","1","0","0"
"01-04 years","Camden","38","0","0"
"05-09 years","Camden","32","0","1"
"10-17 years","Camden","169","0","1"
"18-29 years","Camden","657","0","4"
"30-39 years","Camden","419","0","12"
"40-49 years","Camden","347","1","10"
"50-59 years","Camden","399","1","16"
"60-69 years","Camden","298","6","21"
"70-79 years","Camden","175","1","19"
"80 & Older years","Camden","83","12","20"
"<1 years","Camden","8","0","1"
"Unknown years","Camden","12","0","0"
"01-04 years","Candler","8","0","0"
"05-09 years","Candler","12","0","0"
"10-17 years","Candler","50","0","0"
"18-29 years","Candler","122","0","0"
"30-39 years","Candler","89","0","2"
"40-49 years","Candler","110","2","1"
"50-59 years","Candler","116","5","10"
"60-69 years","Candler","91","7","13"
"70-79 years","Candler","56","10","16"
"80 & Older years","Candler","25","4","10"
"<1 years","Candler","4","0","0"
"Unknown years","Candler","1","0","0"
"01-04 years","Carroll","74","0","1"
"05-09 years","Carroll","98","0","1"
"10-17 years","Carroll","487","0","6"
"18-29 years","Carroll","1474","0","11"
"30-39 years","Carroll","883","4","18"
"40-49 years","Carroll","868","4","25"
"50-59 years","Carroll","910","10","52"
"60-69 years","Carroll","632","18","62"
"70-79 years","Carroll","374","28","54"
"80 & Older years","Carroll","242","41","37"
"<1 years","Carroll","24","0","0"
"Unknown years","Carroll","10","0","0"
"01-04 years","Catoosa","62","0","0"
"05-09 years","Catoosa","93","0","1"
"10-17 years","Catoosa","366","0","1"
"18-29 years","Catoosa","771","0","7"
"30-39 years","Catoosa","559","1","8"
"40-49 years","Catoosa","651","1","11"
"50-59 years","Catoosa","610","5","22"
"60-69 years","Catoosa","437","5","41"
"70-79 years","Catoosa","280","14","39"
"80 & Older years","Catoosa","202","19","38"
"<1 years","Catoosa","26","0","0"
"Unknown years","Catoosa","94","0","6"
"01-04 years","Charlton","12","0","0"
"05-09 years","Charlton","22","0","0"
"10-17 years","Charlton","55","0","0"
"18-29 years","Charlton","167","0","1"
"30-39 years","Charlton","190","0","4"
"40-49 years","Charlton","168","2","8"
"50-59 years","Charlton","129","1","4"
"60-69 years","Charlton","130","4","14"
"70-79 years","Charlton","47","4","9"
"80 & Older years","Charlton","21","4","9"
"<1 years","Charlton","2","0","0"
"Unknown years","Charlton","1","0","0"
"01-04 years","Chatham","274","0","2"
"05-09 years","Chatham","319","1","1"
"10-17 years","Chatham","973","0","13"
"18-29 years","Chatham","3920","2","45"
"30-39 years","Chatham","2682","4","99"
"40-49 years","Chatham","2134","11","119"
"50-59 years","Chatham","1944","26","194"
"60-69 years","Chatham","1559","49","272"
"70-79 years","Chatham","851","72","246"
"80 & Older years","Chatham","517","103","204"
"<1 years","Chatham","74","0","4"
"Unknown years","Chatham","48","0","2"
"01-04 years","Chattahoochee","8","0","0"
"05-09 years","Chattahoochee","7","0","0"
"10-17 years","Chattahoochee","102","0","2"
"18-29 years","Chattahoochee","1784","0","1"
"30-39 years","Chattahoochee","194","0","3"
"40-49 years","Chattahoochee","48","0","0"
"50-59 years","Chattahoochee","20","0","5"
"60-69 years","Chattahoochee","16","0","4"
"70-79 years","Chattahoochee","6","0","2"
"80 & Older years","Chattahoochee","6","1","3"
"<1 years","Chattahoochee","8","0","0"
"Unknown years","Chattahoochee","1","0","0"
"01-04 years","Chattooga","10","0","0"
"05-09 years","Chattooga","22","0","0"
"10-17 years","Chattooga","151","0","0"
"18-29 years","Chattooga","318","0","4"
"30-39 years","Chattooga","250","0","6"
"40-49 years","Chattooga","289","1","9"
"50-59 years","Chattooga","286","5","13"
"60-69 years","Chattooga","243","13","32"
"70-79 years","Chattooga","152","12","37"
"80 & Older years","Chattooga","107","18","24"
"<1 years","Chattooga","9","0","1"
"Unknown years","Chattooga","19","0","1"
"01-04 years","Cherokee","168","0","7"
"05-09 years","Cherokee","405","0","5"
"10-17 years","Cherokee","1641","0","10"
"18-29 years","Cherokee","3396","1","63"
"30-39 years","Cherokee","2361","2","84"
"40-49 years","Cherokee","2663","4","97"
"50-59 years","Cherokee","2638","10","158"
"60-69 years","Cherokee","1562","23","177"
"70-79 years","Cherokee","1036","44","186"
"80 & Older years","Cherokee","698","87","172"
"<1 years","Cherokee","35","0","1"
"Unknown years","Cherokee","70","0","2"
"01-04 years","Clarke","128","0","0"
"05-09 years","Clarke","161","0","1"
"10-17 years","Clarke","452","0","4"
"18-29 years","Clarke","5086","0","24"
"30-39 years","Clarke","1283","1","30"
"40-49 years","Clarke","1049","2","39"
"50-59 years","Clarke","926","5","50"
"60-69 years","Clarke","642","12","73"
"70-79 years","Clarke","373","29","84"
"80 & Older years","Clarke","199","29","52"
"<1 years","Clarke","33","0","2"
"Unknown years","Clarke","44","0","0"
"01-04 years","Clay","3","0","0"
"05-09 years","Clay","2","0","0"
"10-17 years","Clay","15","0","0"
"18-29 years","Clay","26","0","0"
"30-39 years","Clay","26","0","1"
"40-49 years","Clay","23","0","0"
"50-59 years","Clay","17","0","1"
"60-69 years","Clay","22","1","2"
"70-79 years","Clay","17","0","0"
"80 & Older years","Clay","14","2","5"
"Unknown years","Clay","1","0","0"
"01-04 years","Clayton","269","0","7"
"05-09 years","Clayton","385","1","8"
"10-17 years","Clayton","1051","0","21"
"18-29 years","Clayton","3550","4","84"
"30-39 years","Clayton","3028","6","122"
"40-49 years","Clayton","2771","23","150"
"50-59 years","Clayton","2588","33","219"
"60-69 years","Clayton","1629","66","198"
"70-79 years","Clayton","703","61","134"
"80 & Older years","Clayton","368","66","90"
"<1 years","Clayton","57","0","1"
"Unknown years","Clayton","48","0","2"
"01-04 years","Clinch","10","0","0"
"05-09 years","Clinch","16","0","0"
"10-17 years","Clinch","67","0","0"
"18-29 years","Clinch","115","0","2"
"30-39 years","Clinch","94","1","4"
"40-49 years","Clinch","86","0","3"
"50-59 years","Clinch","82","2","12"
"60-69 years","Clinch","94","6","13"
"70-79 years","Clinch","49","6","16"
"80 & Older years","Clinch","15","1","4"
"<1 years","Clinch","1","0","0"
"Unknown years","Clinch","1","0","0"
"01-04 years","Cobb","530","1","13"
"05-09 years","Cobb","933","0","6"
"10-17 years","Cobb","3118","0","27"
"18-29 years","Cobb","12149","4","213"
"30-39 years","Cobb","8009","12","218"
"40-49 years","Cobb","7471","24","352"
"50-59 years","Cobb","6732","39","460"
"60-69 years","Cobb","4110","96","446"
"70-79 years","Cobb","2304","191","412"
"80 & Older years","Cobb","1442","271","371"
"<1 years","Cobb","150","0","9"
"Unknown years","Cobb","158","0","3"
"01-04 years","Coffee","67","0","2"
"05-09 years","Coffee","85","0","4"
"10-17 years","Coffee","250","0","3"
"18-29 years","Coffee","732","0","21"
"30-39 years","Coffee","546","3","39"
"40-49 years","Coffee","631","3","83"
"50-59 years","Coffee","620","5","108"
"60-69 years","Coffee","488","26","119"
"70-79 years","Coffee","267","31","105"
"80 & Older years","Coffee","137","31","75"
"<1 years","Coffee","12","0","0"
"Unknown years","Coffee","1","0","0"
"01-04 years","Colquitt","38","0","0"
"05-09 years","Colquitt","74","0","1"
"10-17 years","Colquitt","261","0","4"
"18-29 years","Colquitt","618","0","16"
"30-39 years","Colquitt","428","0","16"
"40-49 years","Colquitt","444","5","33"
"50-59 years","Colquitt","386","10","30"
"60-69 years","Colquitt","272","11","32"
"70-79 years","Colquitt","158","8","35"
"80 & Older years","Colquitt","114","17","22"
"<1 years","Colquitt","12","0","0"
"Unknown years","Colquitt","6","0","0"
"01-04 years","Columbia","89","0","2"
"05-09 years","Columbia","217","0","0"
"10-17 years","Columbia","827","0","1"
"18-29 years","Columbia","1894","0","15"
"30-39 years","Columbia","1656","2","21"
"40-49 years","Columbia","1495","6","37"
"50-59 years","Columbia","1301","11","59"
"60-69 years","Columbia","823","15","67"
"70-79 years","Columbia","444","30","74"
"80 & Older years","Columbia","251","41","68"
"<1 years","Columbia","23","0","1"
"Unknown years","Columbia","17","0","0"
"01-04 years","Cook","12","0","1"
"05-09 years","Cook","21","0","0"
"10-17 years","Cook","86","0","1"
"18-29 years","Cook","209","0","5"
"30-39 years","Cook","159","0","4"
"40-49 years","Cook","165","0","13"
"50-59 years","Cook","147","2","15"
"60-69 years","Cook","116","8","16"
"70-79 years","Cook","95","10","24"
"80 & Older years","Cook","51","10","12"
"<1 years","Cook","5","0","0"
"Unknown years","Cook","2","0","0"
"01-04 years","Coweta","83","0","0"
"05-09 years","Coweta","136","0","0"
"10-17 years","Coweta","480","0","3"
"18-29 years","Coweta","1279","1","14"
"30-39 years","Coweta","956","0","20"
"40-49 years","Coweta","1015","4","27"
"50-59 years","Coweta","1152","11","49"
"60-69 years","Coweta","720","20","41"
"70-79 years","Coweta","458","22","49"
"80 & Older years","Coweta","255","40","33"
"<1 years","Coweta","23","0","1"
"Unknown years","Coweta","13","0","0"
"01-04 years","Crawford","2","0","0"
"05-09 years","Crawford","1","0","0"
"10-17 years","Crawford","22","0","0"
"18-29 years","Crawford","63","0","2"
"30-39 years","Crawford","57","0","5"
"40-49 years","Crawford","47","1","3"
"50-59 years","Crawford","99","2","11"
"60-69 years","Crawford","86","3","13"
"70-79 years","Crawford","34","3","11"
"80 & Older years","Crawford","19","0","5"
"01-04 years","Crisp","18","0","0"
"05-09 years","Crisp","22","0","0"
"10-17 years","Crisp","84","0","1"
"18-29 years","Crisp","182","0","7"
"30-39 years","Crisp","183","1","11"
"40-49 years","Crisp","168","1","16"
"50-59 years","Crisp","165","3","21"
"60-69 years","Crisp","165","10","31"
"70-79 years","Crisp","84","8","29"
"80 & Older years","Crisp","67","10","16"
"<1 years","Crisp","7","0","0"
"Unknown years","Crisp","14","0","0"
"01-04 years","Dade","8","0","0"
"05-09 years","Dade","25","0","0"
"10-17 years","Dade","72","0","0"
"18-29 years","Dade","173","0","1"
"30-39 years","Dade","111","0","1"
"40-49 years","Dade","147","0","5"
"50-59 years","Dade","125","1","7"
"60-69 years","Dade","93","1","5"
"70-79 years","Dade","69","5","15"
"80 & Older years","Dade","44","1","8"
"<1 years","Dade","7","0","0"
"Unknown years","Dade","24","0","1"
"01-04 years","Dawson","19","0","0"
"05-09 years","Dawson","34","0","0"
"10-17 years","Dawson","165","0","4"
"18-29 years","Dawson","444","0","10"
"30-39 years","Dawson","314","0","9"
"40-49 years","Dawson","293","0","20"
"50-59 years","Dawson","347","1","27"
"60-69 years","Dawson","280","3","59"
"70-79 years","Dawson","179","11","40"
"80 & Older years","Dawson","72","6","20"
"<1 years","Dawson","9","0","1"
"Unknown years","Dawson","66","0","2"
"01-04 years","DeKalb","579","0","16"
"05-09 years","DeKalb","845","0","11"
"10-17 years","DeKalb","2486","0","42"
"18-29 years","DeKalb","10238","9","294"
"30-39 years","DeKalb","8789","14","430"
"40-49 years","DeKalb","6977","27","482"
"50-59 years","DeKalb","6272","63","660"
"60-69 years","DeKalb","3970","109","685"
"70-79 years","DeKalb","2036","147","515"
"80 & Older years","DeKalb","1232","187","368"
"<1 years","DeKalb","140","0","6"
"Unknown years","DeKalb","203","0","6"
"01-04 years","Decatur","46","0","1"
"05-09 years","Decatur","54","0","0"
"10-17 years","Decatur","174","0","0"
"18-29 years","Decatur","367","1","8"
"30-39 years","Decatur","287","1","8"
"40-49 years","Decatur","275","1","16"
"50-59 years","Decatur","231","5","25"
"60-69 years","Decatur","202","10","27"
"70-79 years","Decatur","115","16","19"
"80 & Older years","Decatur","92","13","18"
"<1 years","Decatur","9","0","0"
"01-04 years","Dodge","7","0","0"
"05-09 years","Dodge","17","0","0"
"10-17 years","Dodge","77","1","1"
"18-29 years","Dodge","170","0","3"
"30-39 years","Dodge","127","0","3"
"40-49 years","Dodge","145","1","10"
"50-59 years","Dodge","171","4","14"
"60-69 years","Dodge","148","12","28"
"70-79 years","Dodge","78","16","19"
"80 & Older years","Dodge","53","16","17"
"<1 years","Dodge","3","0","0"
"Unknown years","Dodge","2","0","0"
"01-04 years","Dooly","10","0","0"
"05-09 years","Dooly","8","0","0"
"10-17 years","Dooly","39","0","0"
"18-29 years","Dooly","91","0","5"
"30-39 years","Dooly","88","0","8"
"40-49 years","Dooly","105","0","8"
"50-59 years","Dooly","116","5","14"
"60-69 years","Dooly","106","9","22"
"70-79 years","Dooly","53","6","11"
"80 & Older years","Dooly","19","4","3"
"<1 years","Dooly","2","0","0"
"Unknown years","Dooly","6","0","0"
"01-04 years","Dougherty","41","0","3"
"05-09 years","Dougherty","76","0","0"
"10-17 years","Dougherty","189","0","3"
"18-29 years","Dougherty","827","2","70"
"30-39 years","Dougherty","680","4","65"
"40-49 years","Dougherty","715","13","99"
"50-59 years","Dougherty","801","21","139"
"60-69 years","Dougherty","692","60","203"
"70-79 years","Dougherty","407","55","151"
"80 & Older years","Dougherty","235","75","102"
"<1 years","Dougherty","22","0","1"
"Unknown years","Dougherty","22","0","0"
"01-04 years","Douglas","110","0","3"
"05-09 years","Douglas","205","0","4"
"10-17 years","Douglas","617","0","5"
"18-29 years","Douglas","1793","0","41"
"30-39 years","Douglas","1408","3","51"
"40-49 years","Douglas","1628","4","85"
"50-59 years","Douglas","1467","17","124"
"60-69 years","Douglas","845","22","124"
"70-79 years","Douglas","474","42","106"
"80 & Older years","Douglas","226","28","67"
"<1 years","Douglas","22","0","3"
"Unknown years","Douglas","26","0","0"
"01-04 years","Early","16","0","0"
"05-09 years","Early","16","0","0"
"10-17 years","Early","64","0","0"
"18-29 years","Early","127","0","4"
"30-39 years","Early","127","0","4"
"40-49 years","Early","147","1","9"
"50-59 years","Early","133","3","10"
"60-69 years","Early","99","11","12"
"70-79 years","Early","68","13","14"
"80 & Older years","Early","38","12","10"
"<1 years","Early","2","0","0"
"01-04 years","Echols","7","0","0"
"05-09 years","Echols","5","0","0"
"10-17 years","Echols","24","0","1"
"18-29 years","Echols","129","0","1"
"30-39 years","Echols","54","0","2"
"40-49 years","Echols","40","0","1"
"50-59 years","Echols","41","0","2"
"60-69 years","Echols","21","0","0"
"70-79 years","Echols","17","2","3"
"<1 years","Echols","1","0","0"
"01-04 years","Effingham","38","0","2"
"05-09 years","Effingham","79","0","0"
"10-17 years","Effingham","252","0","0"
"18-29 years","Effingham","557","0","4"
"30-39 years","Effingham","468","1","12"
"40-49 years","Effingham","449","0","24"
"50-59 years","Effingham","464","7","32"
"60-69 years","Effingham","309","4","46"
"70-79 years","Effingham","173","15","41"
"80 & Older years","Effingham","80","14","26"
"<1 years","Effingham","7","0","0"
"Unknown years","Effingham","11","0","1"
"01-04 years","Elbert","14","0","0"
"05-09 years","Elbert","24","0","0"
"10-17 years","Elbert","76","0","0"
"18-29 years","Elbert","229","0","1"
"30-39 years","Elbert","160","0","8"
"40-49 years","Elbert","193","1","8"
"50-59 years","Elbert","204","0","11"
"60-69 years","Elbert","159","1","18"
"70-79 years","Elbert","140","10","28"
"80 & Older years","Elbert","121","17","26"
"<1 years","Elbert","7","0","2"
"Unknown years","Elbert","7","0","0"
"01-04 years","Emanuel","21","0","1"
"05-09 years","Emanuel","20","0","0"
"10-17 years","Emanuel","150","0","2"
"18-29 years","Emanuel","283","1","0"
"30-39 years","Emanuel","217","0","7"
"40-49 years","Emanuel","265","1","7"
"50-59 years","Emanuel","236","5","23"
"60-69 years","Emanuel","207","8","25"
"70-79 years","Emanuel","121","15","25"
"80 & Older years","Emanuel","58","17","20"
"<1 years","Emanuel","4","0","0"
"Unknown years","Emanuel","10","0","1"
"01-04 years","Evans","8","0","0"
"05-09 years","Evans","17","0","0"
"10-17 years","Evans","75","0","0"
"18-29 years","Evans","124","1","3"
"30-39 years","Evans","111","0","3"
"40-49 years","Evans","98","0","9"
"50-59 years","Evans","98","1","14"
"60-69 years","Evans","55","3","13"
"70-79 years","Evans","40","3","10"
"80 & Older years","Evans","17","2","9"
"<1 years","Evans","2","0","0"
"Unknown years","Evans","1","0","0"
"01-04 years","Fannin","11","0","0"
"05-09 years","Fannin","20","0","0"
"10-17 years","Fannin","92","0","0"
"18-29 years","Fannin","240","1","3"
"30-39 years","Fannin","187","0","5"
"40-49 years","Fannin","207","0","8"
"50-59 years","Fannin","290","3","20"
"60-69 years","Fannin","277","4","29"
"70-79 years","Fannin","202","6","30"
"80 & Older years","Fannin","123","26","41"
"<1 years","Fannin","4","0","0"
"Unknown years","Fannin","17","0","0"
"01-04 years","Fayette","43","0","0"
"05-09 years","Fayette","79","0","1"
"10-17 years","Fayette","356","0","2"
"18-29 years","Fayette","912","0","5"
"30-39 years","Fayette","576","1","7"
"40-49 years","Fayette","764","1","21"
"50-59 years","Fayette","821","3","32"
"60-69 years","Fayette","619","14","36"
"70-79 years","Fayette","325","32","53"
"80 & Older years","Fayette","221","40","31"
"<1 years","Fayette","10","0","0"
"Unknown years","Fayette","29","0","0"
"01-04 years","Floyd","100","0","3"
"05-09 years","Floyd","160","0","0"
"10-17 years","Floyd","742","0","8"
"18-29 years","Floyd","1658","0","19"
"30-39 years","Floyd","1211","3","38"
"40-49 years","Floyd","1188","3","66"
"50-59 years","Floyd","1118","17","109"
"60-69 years","Floyd","823","28","135"
"70-79 years","Floyd","565","33","144"
"80 & Older years","Floyd","322","45","104"
"<1 years","Floyd","41","0","2"
"Unknown years","Floyd","93","0","1"
"01-04 years","Forsyth","146","0","1"
"05-09 years","Forsyth","321","0","1"
"10-17 years","Forsyth","1314","0","3"
"18-29 years","Forsyth","2363","0","38"
"30-39 years","Forsyth","1679","0","51"
"40-49 years","Forsyth","2138","4","102"
"50-59 years","Forsyth","2000","9","136"
"60-69 years","Forsyth","1052","8","117"
"70-79 years","Forsyth","663","29","181"
"80 & Older years","Forsyth","392","46","122"
"<1 years","Forsyth","36","0","3"
"Unknown years","Forsyth","947","0","2"
"01-04 years","Franklin","11","0","0"
"05-09 years","Franklin","46","0","0"
"10-17 years","Franklin","155","0","5"
"18-29 years","Franklin","384","0","9"
"30-39 years","Franklin","262","0","3"
"40-49 years","Franklin","285","0","10"
"50-59 years","Franklin","298","0","19"
"60-69 years","Franklin","263","2","29"
"70-79 years","Franklin","145","11","24"
"80 & Older years","Franklin","65","12","18"
"<1 years","Franklin","7","0","1"
"Unknown years","Franklin","82","0","2"
"01-04 years","Fulton","693","0","16"
"05-09 years","Fulton","1190","0","9"
"10-17 years","Fulton","3809","1","35"
"18-29 years","Fulton","17202","4","287"
"30-39 years","Fulton","12297","16","398"
"40-49 years","Fulton","9683","28","473"
"50-59 years","Fulton","8637","74","663"
"60-69 years","Fulton","5101","150","636"
"70-79 years","Fulton","2789","215","560"
"80 & Older years","Fulton","1999","351","564"
"<1 years","Fulton","165","0","7"
"Unknown years","Fulton","230","0","5"
"01-04 years","Gilmer","28","0","2"
"05-09 years","Gilmer","29","0","0"
"10-17 years","Gilmer","149","0","2"
"18-29 years","Gilmer","295","0","8"
"30-39 years","Gilmer","248","0","14"
"40-49 years","Gilmer","279","0","14"
"50-59 years","Gilmer","317","4","20"
"60-69 years","Gilmer","290","3","32"
"70-79 years","Gilmer","197","8","34"
"80 & Older years","Gilmer","113","22","32"
"<1 years","Gilmer","8","0","0"
"Unknown years","Gilmer","41","0","0"
"01-04 years","Glascock","1","0","0"
"05-09 years","Glascock","2","0","0"
"10-17 years","Glascock","1","0","0"
"18-29 years","Glascock","19","0","1"
"30-39 years","Glascock","13","0","0"
"40-49 years","Glascock","15","0","1"
"50-59 years","Glascock","24","2","3"
"60-69 years","Glascock","13","0","1"
"70-79 years","Glascock","15","1","4"
"80 & Older years","Glascock","9","1","5"
"<1 years","Glascock","1","0","0"
"Unknown years","Glascock","2","0","0"
"01-04 years","Glynn","79","0","1"
"05-09 years","Glynn","145","0","1"
"10-17 years","Glynn","403","0","0"
"18-29 years","Glynn","1169","0","23"
"30-39 years","Glynn","879","4","25"
"40-49 years","Glynn","770","3","32"
"50-59 years","Glynn","730","9","64"
"60-69 years","Glynn","623","25","104"
"70-79 years","Glynn","376","38","74"
"80 & Older years","Glynn","224","52","77"
"<1 years","Glynn","18","0","0"
"Unknown years","Glynn","15","0","0"
"01-04 years","Gordon","65","0","0"
"05-09 years","Gordon","96","0","0"
"10-17 years","Gordon","401","0","3"
"18-29 years","Gordon","969","0","12"
"30-39 years","Gordon","747","2","17"
"40-49 years","Gordon","790","1","24"
"50-59 years","Gordon","774","7","37"
"60-69 years","Gordon","475","14","35"
"70-79 years","Gordon","286","21","60"
"80 & Older years","Gordon","153","27","41"
"<1 years","Gordon","18","0","3"
"Unknown years","Gordon","73","0","3"
"01-04 years","Grady","28","0","1"
"05-09 years","Grady","37","0","0"
"10-17 years","Grady","110","0","2"
"18-29 years","Grady","230","0","9"
"30-39 years","Grady","202","0","7"
"40-49 years","Grady","216","0","20"
"50-59 years","Grady","190","7","25"
"60-69 years","Grady","140","4","20"
"70-79 years","Grady","128","11","33"
"80 & Older years","Grady","46","14","16"
"<1 years","Grady","4","0","1"
"Unknown years","Grady","4","0","0"
"01-04 years","Greene","13","0","0"
"05-09 years","Greene","29","0","0"
"10-17 years","Greene","66","0","0"
"18-29 years","Greene","225","0","5"
"30-39 years","Greene","154","0","6"
"40-49 years","Greene","150","3","11"
"50-59 years","Greene","180","3","14"
"60-69 years","Greene","181","2","10"
"70-79 years","Greene","124","5","19"
"80 & Older years","Greene","73","15","27"
"<1 years","Greene","3","0","1"
"Unknown years","Greene","1","0","0"
"01-04 years","Gwinnett","983","0","18"
"05-09 years","Gwinnett","1581","0","18"
"10-17 years","Gwinnett","5281","1","69"
"18-29 years","Gwinnett","15667","5","492"
"30-39 years","Gwinnett","11465","13","506"
"40-49 years","Gwinnett","12264","38","675"
"50-59 years","Gwinnett","10208","68","735"
"60-69 years","Gwinnett","5607","128","740"
"70-79 years","Gwinnett","2565","146","566"
"80 & Older years","Gwinnett","1453","236","504"
"<1 years","Gwinnett","234","0","6"
"Unknown years","Gwinnett","157","0","1"
"01-04 years","Habersham","27","0","2"
"05-09 years","Habersham","50","0","3"
"10-17 years","Habersham","267","1","6"
"18-29 years","Habersham","736","0","10"
"30-39 years","Habersham","544","2","25"
"40-49 years","Habersham","577","3","34"
"50-59 years","Habersham","601","5","50"
"60-69 years","Habersham","484","13","98"
"70-79 years","Habersham","340","27","92"
"80 & Older years","Habersham","259","56","82"
"<1 years","Habersham","8","0","3"
"Unknown years","Habersham","303","0","2"
"01-04 years","Hall","157","0","5"
"05-09 years","Hall","312","0","3"
"10-17 years","Hall","1477","0","23"
"18-29 years","Hall","4552","3","138"
"30-39 years","Hall","3049","1","166"
"40-49 years","Hall","3212","7","234"
"50-59 years","Hall","3355","22","327"
"60-69 years","Hall","2241","53","344"
"70-79 years","Hall","1438","73","383"
"80 & Older years","Hall","830","117","325"
"<1 years","Hall","32","0","7"
"Unknown years","Hall","743","0","9"
"01-04 years","Hancock","4","0","0"
"05-09 years","Hancock","5","0","0"
"10-17 years","Hancock","28","0","0"
"18-29 years","Hancock","115","0","2"
"30-39 years","Hancock","104","0","2"
"40-49 years","Hancock","96","1","4"
"50-59 years","Hancock","124","3","13"
"60-69 years","Hancock","133","15","27"
"70-79 years","Hancock","67","13","19"
"80 & Older years","Hancock","56","18","20"
"<1 years","Hancock","3","0","0"
"01-04 years","Haralson","19","0","0"
"05-09 years","Haralson","27","0","0"
"10-17 years","Haralson","117","0","1"
"18-29 years","Haralson","306","0","2"
"30-39 years","Haralson","193","0","3"
"40-49 years","Haralson","202","1","5"
"50-59 years","Haralson","217","1","3"
"60-69 years","Haralson","165","10","18"
"70-79 years","Haralson","117","9","15"
"80 & Older years","Haralson","50","4","8"
"<1 years","Haralson","6","0","0"
"Unknown years","Haralson","4","0","0"
"01-04 years","Harris","22","0","0"
"05-09 years","Harris","26","0","0"
"10-17 years","Harris","145","0","2"
"18-29 years","Harris","268","0","2"
"30-39 years","Harris","183","0","6"
"40-49 years","Harris","278","2","8"
"50-59 years","Harris","288","5","20"
"60-69 years","Harris","257","12","44"
"70-79 years","Harris","136","10","30"
"80 & Older years","Harris","47","6","8"
"<1 years","Harris","5","0","0"
"Unknown years","Harris","7","0","0"
"01-04 years","Hart","13","0","0"
"05-09 years","Hart","21","0","1"
"10-17 years","Hart","81","0","0"
"18-29 years","Hart","257","0","2"
"30-39 years","Hart","211","0","7"
"40-49 years","Hart","204","0","8"
"50-59 years","Hart","241","1","16"
"60-69 years","Hart","190","9","27"
"70-79 years","Hart","115","6","18"
"80 & Older years","Hart","81","9","25"
"<1 years","Hart","4","0","1"
"Unknown years","Hart","42","0","0"
"01-04 years","Heard","8","0","0"
"05-09 years","Heard","11","0","0"
"10-17 years","Heard","48","0","1"
"18-29 years","Heard","90","0","1"
"30-39 years","Heard","50","0","1"
"40-49 years","Heard","86","0","3"
"50-59 years","Heard","79","0","5"
"60-69 years","Heard","63","3","7"
"70-79 years","Heard","43","5","11"
"80 & Older years","Heard","19","4","2"
"<1 years","Heard","4","0","0"
"Unknown years","Heard","1","0","0"
"01-04 years","Henry","151","0","4"
"05-09 years","Henry","258","0","1"
"10-17 years","Henry","999","0","6"
"18-29 years","Henry","2868","1","25"
"30-39 years","Henry","2306","5","37"
"40-49 years","Henry","2633","11","72"
"50-59 years","Henry","2520","14","97"
"60-69 years","Henry","1380","34","69"
"70-79 years","Henry","696","50","57"
"80 & Older years","Henry","363","60","44"
"<1 years","Henry","32","0","2"
"Unknown years","Henry","30","0","0"
"01-04 years","Houston","75","0","1"
"05-09 years","Houston","115","0","1"
"10-17 years","Houston","535","0","3"
"18-29 years","Houston","1774","3","30"
"30-39 years","Houston","1514","2","48"
"40-49 years","Houston","1400","4","75"
"50-59 years","Houston","1225","10","86"
"60-69 years","Houston","772","31","115"
"70-79 years","Houston","442","47","118"
"80 & Older years","Houston","227","37","72"
"<1 years","Houston","18","0","2"
"Unknown years","Houston","3","0","0"
"01-04 years","Irwin","6","0","0"
"05-09 years","Irwin","10","0","0"
"10-17 years","Irwin","51","0","0"
"18-29 years","Irwin","108","0","4"
"30-39 years","Irwin","87","0","4"
"40-49 years","Irwin","108","0","8"
"50-59 years","Irwin","94","2","9"
"60-69 years","Irwin","76","1","20"
"70-79 years","Irwin","44","4","5"
"80 & Older years","Irwin","32","6","15"
"01-04 years","Jackson","50","0","0"
"05-09 years","Jackson","122","0","1"
"10-17 years","Jackson","601","0","2"
"18-29 years","Jackson","1231","2","16"
"30-39 years","Jackson","1041","1","16"
"40-49 years","Jackson","1143","5","47"
"50-59 years","Jackson","1085","4","58"
"60-69 years","Jackson","704","15","61"
"70-79 years","Jackson","488","20","86"
"80 & Older years","Jackson","271","36","80"
"<1 years","Jackson","13","0","2"
"Unknown years","Jackson","41","0","1"
"01-04 years","Jasper","5","0","1"
"05-09 years","Jasper","6","0","0"
"10-17 years","Jasper","27","0","0"
"18-29 years","Jasper","97","0","2"
"30-39 years","Jasper","81","0","0"
"40-49 years","Jasper","81","0","3"
"50-59 years","Jasper","106","1","13"
"60-69 years","Jasper","72","5","11"
"70-79 years","Jasper","41","4","8"
"80 & Older years","Jasper","14","0","2"
"<1 years","Jasper","3","0","0"
"Unknown years","Jasper","1","0","0"
"01-04 years","Jeff Davis","25","0","1"
"05-09 years","Jeff Davis","25","0","0"
"10-17 years","Jeff Davis","96","0","2"
"18-29 years","Jeff Davis","217","0","3"
"30-39 years","Jeff Davis","188","0","9"
"40-49 years","Jeff Davis","177","0","11"
"50-59 years","Jeff Davis","165","6","19"
"60-69 years","Jeff Davis","114","6","21"
"70-79 years","Jeff Davis","76","12","17"
"80 & Older years","Jeff Davis","16","8","6"
"<1 years","Jeff Davis","2","0","1"
"Unknown years","Jeff Davis","3","0","0"
"01-04 years","Jefferson","17","0","0"
"05-09 years","Jefferson","31","0","0"
"10-17 years","Jefferson","88","0","0"
"18-29 years","Jefferson","211","0","3"
"30-39 years","Jefferson","174","0","7"
"40-49 years","Jefferson","187","3","11"
"50-59 years","Jefferson","238","4","20"
"60-69 years","Jefferson","221","9","28"
"70-79 years","Jefferson","138","13","33"
"80 & Older years","Jefferson","62","16","24"
"<1 years","Jefferson","4","0","0"
"Unknown years","Jefferson","11","0","0"
"01-04 years","Jenkins","9","0","0"
"05-09 years","Jenkins","19","0","0"
"10-17 years","Jenkins","52","0","0"
"18-29 years","Jenkins","99","0","2"
"30-39 years","Jenkins","71","1","5"
"40-49 years","Jenkins","98","2","10"
"50-59 years","Jenkins","107","6","16"
"60-69 years","Jenkins","79","5","11"
"70-79 years","Jenkins","51","12","20"
"80 & Older years","Jenkins","46","8","10"
"<1 years","Jenkins","2","0","0"
"Unknown years","Jenkins","2","0","1"
"01-04 years","Johnson","6","0","0"
"05-09 years","Johnson","7","0","0"
"10-17 years","Johnson","23","0","0"
"18-29 years","Johnson","98","0","2"
"30-39 years","Johnson","81","0","3"
"40-49 years","Johnson","83","1","7"
"50-59 years","Johnson","113","1","15"
"60-69 years","Johnson","115","7","17"
"70-79 years","Johnson","75","6","18"
"80 & Older years","Johnson","65","16","20"
"<1 years","Johnson","1","0","1"
"Unknown years","Johnson","1","0","0"
"01-04 years","Jones","6","0","0"
"05-09 years","Jones","20","0","0"
"10-17 years","Jones","65","0","0"
"18-29 years","Jones","296","0","5"
"30-39 years","Jones","206","0","4"
"40-49 years","Jones","181","1","9"
"50-59 years","Jones","214","1","17"
"60-69 years","Jones","146","1","18"
"70-79 years","Jones","91","7","24"
"80 & Older years","Jones","58","13","11"
"<1 years","Jones","3","0","0"
"Unknown years","Jones","1","0","0"
"01-04 years","Lamar","18","0","0"
"05-09 years","Lamar","33","0","0"
"10-17 years","Lamar","88","0","1"
"18-29 years","Lamar","163","0","1"
"30-39 years","Lamar","146","0","4"
"40-49 years","Lamar","144","1","4"
"50-59 years","Lamar","155","2","17"
"60-69 years","Lamar","138","6","15"
"70-79 years","Lamar","102","6","16"
"80 & Older years","Lamar","55","17","13"
"<1 years","Lamar","10","0","0"
"Unknown years","Lamar","1","0","0"
"01-04 years","Lanier","6","0","0"
"05-09 years","Lanier","9","0","1"
"10-17 years","Lanier","28","0","1"
"18-29 years","Lanier","94","1","1"
"30-39 years","Lanier","109","0","1"
"40-49 years","Lanier","66","1","2"
"50-59 years","Lanier","58","0","5"
"60-69 years","Lanier","35","1","2"
"70-79 years","Lanier","22","4","5"
"80 & Older years","Lanier","12","0","5"
"<1 years","Lanier","4","0","0"
"01-04 years","Laurens","21","0","0"
"05-09 years","Laurens","39","0","1"
"10-17 years","Laurens","206","0","2"
"18-29 years","Laurens","563","0","9"
"30-39 years","Laurens","467","1","15"
"40-49 years","Laurens","481","4","25"
"50-59 years","Laurens","507","9","51"
"60-69 years","Laurens","423","26","69"
"70-79 years","Laurens","293","37","68"
"80 & Older years","Laurens","200","44","52"
"<1 years","Laurens","2","0","0"
"Unknown years","Laurens","9","0","0"
"01-04 years","Lee","10","0","0"
"05-09 years","Lee","18","0","2"
"10-17 years","Lee","99","0","1"
"18-29 years","Lee","228","1","9"
"30-39 years","Lee","246","1","16"
"40-49 years","Lee","249","3","23"
"50-59 years","Lee","222","6","31"
"60-69 years","Lee","158","9","22"
"70-79 years","Lee","77","10","24"
"80 & Older years","Lee","36","6","11"
"<1 years","Lee","5","0","0"
"01-04 years","Liberty","22","0","0"
"05-09 years","Liberty","40","0","1"
"10-17 years","Liberty","158","0","2"
"18-29 years","Liberty","536","1","12"
"30-39 years","Liberty","356","0","12"
"40-49 years","Liberty","324","0","16"
"50-59 years","Liberty","303","4","31"
"60-69 years","Liberty","220","11","39"
"70-79 years","Liberty","98","10","33"
"80 & Older years","Liberty","58","10","24"
"<1 years","Liberty","18","0","1"
"Unknown years","Liberty","5","0","0"
"01-04 years","Lincoln","8","0","0"
"05-09 years","Lincoln","11","0","0"
"10-17 years","Lincoln","22","0","0"
"18-29 years","Lincoln","77","0","2"
"30-39 years","Lincoln","50","0","1"
"40-49 years","Lincoln","68","0","5"
"50-59 years","Lincoln","56","2","4"
"60-69 years","Lincoln","56","4","13"
"70-79 years","Lincoln","41","3","9"
"80 & Older years","Lincoln","19","5","8"
"<1 years","Lincoln","2","0","0"
"Unknown years","Lincoln","3","0","0"
"01-04 years","Long","10","0","0"
"05-09 years","Long","7","0","0"
"10-17 years","Long","34","0","0"
"18-29 years","Long","95","0","0"
"30-39 years","Long","108","0","2"
"40-49 years","Long","74","0","5"
"50-59 years","Long","68","1","7"
"60-69 years","Long","60","1","5"
"70-79 years","Long","35","5","12"
"80 & Older years","Long","18","1","5"
"<1 years","Long","4","0","0"
"Unknown years","Long","1","0","0"
"01-04 years","Lowndes","119","0","0"
"05-09 years","Lowndes","153","0","0"
"10-17 years","Lowndes","534","0","5"
"18-29 years","Lowndes","2043","3","26"
"30-39 years","Lowndes","1077","1","15"
"40-49 years","Lowndes","914","2","35"
"50-59 years","Lowndes","789","7","49"
"60-69 years","Lowndes","551","22","62"
"70-79 years","Lowndes","292","34","51"
"80 & Older years","Lowndes","185","38","47"
"<1 years","Lowndes","24","0","0"
"Unknown years","Lowndes","15","0","0"
"01-04 years","Lumpkin","13","0","0"
"05-09 years","Lumpkin","28","0","2"
"10-17 years","Lumpkin","117","0","2"
"18-29 years","Lumpkin","599","0","10"
"30-39 years","Lumpkin","298","0","8"
"40-49 years","Lumpkin","291","1","15"
"50-59 years","Lumpkin","332","2","39"
"60-69 years","Lumpkin","332","7","45"
"70-79 years","Lumpkin","226","6","48"
"80 & Older years","Lumpkin","115","19","58"
"<1 years","Lumpkin","7","0","1"
"Unknown years","Lumpkin","41","0","1"
"01-04 years","Macon","7","0","0"
"05-09 years","Macon","9","0","0"
"10-17 years","Macon","17","0","0"
"18-29 years","Macon","79","0","3"
"30-39 years","Macon","57","0","3"
"40-49 years","Macon","83","1","7"
"50-59 years","Macon","93","3","11"
"60-69 years","Macon","62","5","19"
"70-79 years","Macon","46","2","13"
"80 & Older years","Macon","13","4","6"
"<1 years","Macon","2","0","0"
"Unknown years","Macon","6","0","0"
"01-04 years","Madison","35","0","0"
"05-09 years","Madison","38","0","0"
"10-17 years","Madison","180","0","0"
"18-29 years","Madison","389","0","2"
"30-39 years","Madison","327","0","5"
"40-49 years","Madison","330","0","14"
"50-59 years","Madison","355","3","20"
"60-69 years","Madison","255","6","31"
"70-79 years","Madison","150","9","29"
"80 & Older years","Madison","64","6","6"
"<1 years","Madison","17","0","3"
"Unknown years","Madison","13","0","0"
"01-04 years","Marion","4","0","0"
"05-09 years","Marion","5","0","0"
"10-17 years","Marion","30","0","0"
"18-29 years","Marion","49","0","0"
"30-39 years","Marion","33","0","2"
"40-49 years","Marion","49","1","5"
"50-59 years","Marion","48","3","5"
"60-69 years","Marion","36","3","3"
"70-79 years","Marion","27","1","5"
"80 & Older years","Marion","25","2","7"
"<1 years","Marion","2","0","0"
"Unknown years","Marion","2","0","0"
"01-04 years","McDuffie","17","0","0"
"05-09 years","McDuffie","19","0","0"
"10-17 years","McDuffie","87","0","0"
"18-29 years","McDuffie","261","0","3"
"30-39 years","McDuffie","201","2","4"
"40-49 years","McDuffie","196","2","12"
"50-59 years","McDuffie","203","2","22"
"60-69 years","McDuffie","156","7","23"
"70-79 years","McDuffie","95","7","38"
"80 & Older years","McDuffie","39","8","18"
"Unknown years","McDuffie","17","0","1"
"01-04 years","McIntosh","1","0","0"
"05-09 years","McIntosh","6","0","0"
"10-17 years","McIntosh","29","0","0"
"18-29 years","McIntosh","83","0","2"
"30-39 years","McIntosh","69","0","3"
"40-49 years","McIntosh","72","0","4"
"50-59 years","McIntosh","96","0","2"
"60-69 years","McIntosh","74","2","16"
"70-79 years","McIntosh","54","3","13"
"80 & Older years","McIntosh","18","3","7"
"<1 years","McIntosh","1","0","0"
"Unknown years","McIntosh","11","0","0"
"01-04 years","Meriwether","19","0","1"
"05-09 years","Meriwether","20","0","1"
"10-17 years","Meriwether","62","0","0"
"18-29 years","Meriwether","168","0","6"
"30-39 years","Meriwether","141","2","13"
"40-49 years","Meriwether","181","1","14"
"50-59 years","Meriwether","183","2","13"
"60-69 years","Meriwether","166","3","21"
"70-79 years","Meriwether","130","7","26"
"80 & Older years","Meriwether","62","8","11"
"<1 years","Meriwether","3","0","0"
"Unknown years","Meriwether","1","0","0"
"01-04 years","Miller","7","0","0"
"05-09 years","Miller","7","0","0"
"10-17 years","Miller","52","0","1"
"18-29 years","Miller","93","0","0"
"30-39 years","Miller","84","0","0"
"40-49 years","Miller","68","0","4"
"50-59 years","Miller","109","2","10"
"60-69 years","Miller","73","2","5"
"70-79 years","Miller","25","0","2"
"80 & Older years","Miller","21","0","5"
"<1 years","Miller","3","0","0"
"01-04 years","Mitchell","17","0","0"
"05-09 years","Mitchell","22","0","0"
"10-17 years","Mitchell","71","0","1"
"18-29 years","Mitchell","210","0","8"
"30-39 years","Mitchell","192","1","14"
"40-49 years","Mitchell","182","3","17"
"50-59 years","Mitchell","226","8","50"
"60-69 years","Mitchell","183","12","45"
"70-79 years","Mitchell","121","15","38"
"80 & Older years","Mitchell","94","23","27"
"<1 years","Mitchell","6","0","0"
"Unknown years","Mitchell","2","0","1"
"01-04 years","Monroe","8","0","0"
"05-09 years","Monroe","16","0","1"
"10-17 years","Monroe","70","0","0"
"18-29 years","Monroe","246","0","3"
"30-39 years","Monroe","200","0","5"
"40-49 years","Monroe","236","2","18"
"50-59 years","Monroe","259","3","20"
"60-69 years","Monroe","239","14","37"
"70-79 years","Monroe","135","18","30"
"80 & Older years","Monroe","106","33","24"
"<1 years","Monroe","3","0","1"
"01-04 years","Montgomery","9","0","0"
"05-09 years","Montgomery","5","0","0"
"10-17 years","Montgomery","37","0","1"
"18-29 years","Montgomery","143","0","1"
"30-39 years","Montgomery","86","1","3"
"40-49 years","Montgomery","111","0","2"
"50-59 years","Montgomery","92","1","5"
"60-69 years","Montgomery","84","4","12"
"70-79 years","Montgomery","47","5","7"
"80 & Older years","Montgomery","21","3","6"
"<1 years","Montgomery","1","0","0"
"Unknown years","Montgomery","1","0","0"
"01-04 years","Morgan","16","0","0"
"05-09 years","Morgan","16","0","0"
"10-17 years","Morgan","68","0","0"
"18-29 years","Morgan","186","0","4"
"30-39 years","Morgan","138","0","6"
"40-49 years","Morgan","138","0","4"
"50-59 years","Morgan","156","0","10"
"60-69 years","Morgan","113","1","8"
"70-79 years","Morgan","77","2","13"
"80 & Older years","Morgan","41","5","15"
"<1 years","Morgan","12","0","2"
"Unknown years","Morgan","2","0","0"
"01-04 years","Murray","47","0","2"
"05-09 years","Murray","69","0","2"
"10-17 years","Murray","301","0","1"
"18-29 years","Murray","672","0","6"
"30-39 years","Murray","452","1","6"
"40-49 years","Murray","561","0","18"
"50-59 years","Murray","512","5","35"
"60-69 years","Murray","342","4","51"
"70-79 years","Murray","216","19","45"
"80 & Older years","Murray","95","15","21"
"<1 years","Murray","19","0","2"
"Unknown years","Murray","4","0","0"
"01-04 years","Muscogee","166","0","5"
"05-09 years","Muscogee","239","0","0"
"10-17 years","Muscogee","651","0","5"
"18-29 years","Muscogee","2646","3","50"
"30-39 years","Muscogee","1746","2","68"
"40-49 years","Muscogee","1527","4","79"
"50-59 years","Muscogee","1563","27","165"
"60-69 years","Muscogee","1185","52","202"
"70-79 years","Muscogee","668","63","147"
"80 & Older years","Muscogee","411","74","118"
"<1 years","Muscogee","58","0","3"
"Unknown years","Muscogee","59","0","1"
"01-04 years","Newton","67","0","2"
"05-09 years","Newton","97","0","0"
"10-17 years","Newton","355","0","6"
"18-29 years","Newton","1072","1","28"
"30-39 years","Newton","945","0","46"
"40-49 years","Newton","1050","2","73"
"50-59 years","Newton","989","10","100"
"60-69 years","Newton","559","24","79"
"70-79 years","Newton","385","38","69"
"80 & Older years","Newton","245","66","60"
"<1 years","Newton","18","0","1"
"Unknown years","Newton","9","0","0"
"01-04 years","Non-GA Resident/Unknown State","246","0","2"
"05-09 years","Non-GA Resident/Unknown State","406","0","5"
"10-17 years","Non-GA Resident/Unknown State","1374","0","7"
"18-29 years","Non-GA Resident/Unknown State","5719","4","61"
"30-39 years","Non-GA Resident/Unknown State","3993","3","78"
"40-49 years","Non-GA Resident/Unknown State","3465","9","90"
"50-59 years","Non-GA Resident/Unknown State","3344","32","173"
"60-69 years","Non-GA Resident/Unknown State","2287","75","228"
"70-79 years","Non-GA Resident/Unknown State","1467","79","223"
"80 & Older years","Non-GA Resident/Unknown State","814","103","166"
"<1 years","Non-GA Resident/Unknown State","129","0","2"
"Unknown years","Non-GA Resident/Unknown State","942","1","3"
"01-04 years","Oconee","29","0","0"
"05-09 years","Oconee","44","0","0"
"10-17 years","Oconee","206","0","0"
"18-29 years","Oconee","462","0","3"
"30-39 years","Oconee","276","0","4"
"40-49 years","Oconee","424","1","10"
"50-59 years","Oconee","351","3","8"
"60-69 years","Oconee","251","9","23"
"70-79 years","Oconee","148","13","21"
"80 & Older years","Oconee","114","18","32"
"<1 years","Oconee","4","0","0"
"Unknown years","Oconee","4","1","0"
"01-04 years","Oglethorpe","13","0","0"
"05-09 years","Oglethorpe","21","0","0"
"10-17 years","Oglethorpe","72","0","1"
"18-29 years","Oglethorpe","167","0","1"
"30-39 years","Oglethorpe","118","1","1"
"40-49 years","Oglethorpe","147","0","5"
"50-59 years","Oglethorpe","142","1","16"
"60-69 years","Oglethorpe","118","0","12"
"70-79 years","Oglethorpe","89","3","10"
"80 & Older years","Oglethorpe","61","10","14"
"<1 years","Oglethorpe","6","0","0"
"Unknown years","Oglethorpe","6","0","0"
"01-04 years","Paulding","98","0","1"
"05-09 years","Paulding","198","0","0"
"10-17 years","Paulding","746","0","6"
"18-29 years","Paulding","1518","0","16"
"30-39 years","Paulding","1236","2","21"
"40-49 years","Paulding","1384","3","24"
"50-59 years","Paulding","1333","11","44"
"60-69 years","Paulding","683","23","48"
"70-79 years","Paulding","393","31","49"
"80 & Older years","Paulding","262","55","46"
"<1 years","Paulding","23","0","0"
"Unknown years","Paulding","35","0","0"
"01-04 years","Peach","10","0","1"
"05-09 years","Peach","16","0","0"
"10-17 years","Peach","51","0","1"
"18-29 years","Peach","337","1","7"
"30-39 years","Peach","257","0","15"
"40-49 years","Peach","201","2","16"
"50-59 years","Peach","249","5","35"
"60-69 years","Peach","207","7","39"
"70-79 years","Peach","93","8","26"
"80 & Older years","Peach","51","11","20"
"<1 years","Peach","4","0","0"
"Unknown years","Peach","1","0","0"
"01-04 years","Pickens","18","0","1"
"05-09 years","Pickens","26","0","0"
"10-17 years","Pickens","116","0","0"
"18-29 years","Pickens","306","0","5"
"30-39 years","Pickens","251","0","9"
"40-49 years","Pickens","308","0","12"
"50-59 years","Pickens","339","3","20"
"60-69 years","Pickens","266","2","28"
"70-79 years","Pickens","212","9","37"
"80 & Older years","Pickens","93","10","24"
"<1 years","Pickens","2","0","0"
"Unknown years","Pickens","9","0","0"
"01-04 years","Pierce","9","0","0"
"05-09 years","Pierce","19","0","0"
"10-17 years","Pierce","74","1","1"
"18-29 years","Pierce","199","0","5"
"30-39 years","Pierce","126","0","3"
"40-49 years","Pierce","172","0","12"
"50-59 years","Pierce","161","3","19"
"60-69 years","Pierce","132","8","33"
"70-79 years","Pierce","97","8","26"
"80 & Older years","Pierce","50","11","13"
"<1 years","Pierce","6","0","1"
"Unknown years","Pierce","7","0","0"
"01-04 years","Pike","18","0","0"
"05-09 years","Pike","16","0","0"
"10-17 years","Pike","81","0","0"
"18-29 years","Pike","123","0","4"
"30-39 years","Pike","111","0","2"
"40-49 years","Pike","155","1","9"
"50-59 years","Pike","119","2","7"
"60-69 years","Pike","87","2","16"
"70-79 years","Pike","69","6","14"
"80 & Older years","Pike","25","5","6"
"<1 years","Pike","1","0","0"
"Unknown years","Pike","3","0","0"
"01-04 years","Polk","35","0","1"
"05-09 years","Polk","54","0","0"
"10-17 years","Polk","265","0","2"
"18-29 years","Polk","681","0","9"
"30-39 years","Polk","456","0","9"
"40-49 years","Polk","497","1","33"
"50-59 years","Polk","509","9","56"
"60-69 years","Polk","319","11","56"
"70-79 years","Polk","260","18","69"
"80 & Older years","Polk","118","18","43"
"<1 years","Polk","12","0","0"
"Unknown years","Polk","28","0","0"
"01-04 years","Pulaski","4","0","0"
"05-09 years","Pulaski","8","0","0"
"10-17 years","Pulaski","31","0","1"
"18-29 years","Pulaski","66","0","1"
"30-39 years","Pulaski","73","0","2"
"40-49 years","Pulaski","75","0","7"
"50-59 years","Pulaski","91","0","6"
"60-69 years","Pulaski","84","5","8"
"70-79 years","Pulaski","45","11","15"
"80 & Older years","Pulaski","36","10","4"
"<1 years","Pulaski","2","0","0"
"01-04 years","Putnam","17","0","0"
"05-09 years","Putnam","38","0","0"
"10-17 years","Putnam","86","0","2"
"18-29 years","Putnam","235","0","2"
"30-39 years","Putnam","187","0","6"
"40-49 years","Putnam","187","1","5"
"50-59 years","Putnam","226","2","12"
"60-69 years","Putnam","212","9","22"
"70-79 years","Putnam","154","10","33"
"80 & Older years","Putnam","75","14","24"
"<1 years","Putnam","6","0","1"
"01-04 years","Quitman","1","0","0"
"05-09 years","Quitman","4","0","0"
"10-17 years","Quitman","3","0","0"
"18-29 years","Quitman","11","0","0"
"30-39 years","Quitman","4","0","1"
"40-49 years","Quitman","3","0","1"
"50-59 years","Quitman","11","0","1"
"60-69 years","Quitman","18","1","3"
"70-79 years","Quitman","3","0","1"
"80 & Older years","Quitman","4","0","1"
"<1 years","Quitman","1","0","0"
"Unknown years","Quitman","1","0","0"
"01-04 years","Rabun","13","0","0"
"05-09 years","Rabun","17","0","0"
"10-17 years","Rabun","77","0","0"
"18-29 years","Rabun","185","0","5"
"30-39 years","Rabun","159","1","8"
"40-49 years","Rabun","160","0","6"
"50-59 years","Rabun","190","3","24"
"60-69 years","Rabun","188","6","28"
"70-79 years","Rabun","139","9","30"
"80 & Older years","Rabun","66","10","27"
"<1 years","Rabun","5","0","1"
"Unknown years","Rabun","76","0","2"
"05-09 years","Randolph","3","0","0"
"10-17 years","Randolph","6","0","0"
"18-29 years","Randolph","48","0","0"
"30-39 years","Randolph","57","2","4"
"40-49 years","Randolph","48","0","4"
"50-59 years","Randolph","83","3","18"
"60-69 years","Randolph","58","7","14"
"70-79 years","Randolph","41","3","11"
"80 & Older years","Randolph","47","15","16"
"<1 years","Randolph","1","0","0"
"Unknown years","Randolph","3","0","0"
"01-04 years","Richmond","212","0","1"
"05-09 years","Richmond","401","0","3"
"10-17 years","Richmond","1142","0","9"
"18-29 years","Richmond","3695","4","48"
"30-39 years","Richmond","2731","4","64"
"40-49 years","Richmond","2213","17","93"
"50-59 years","Richmond","2258","24","166"
"60-69 years","Richmond","1609","45","194"
"70-79 years","Richmond","896","66","229"
"80 & Older years","Richmond","560","105","224"
"<1 years","Richmond","70","0","2"
"Unknown years","Richmond","25","0","1"
"01-04 years","Rockdale","41","0","0"
"05-09 years","Rockdale","85","0","0"
"10-17 years","Rockdale","263","0","8"
"18-29 years","Rockdale","903","2","48"
"30-39 years","Rockdale","716","3","66"
"40-49 years","Rockdale","810","6","82"
"50-59 years","Rockdale","796","5","112"
"60-69 years","Rockdale","509","18","103"
"70-79 years","Rockdale","299","26","98"
"80 & Older years","Rockdale","153","24","50"
"<1 years","Rockdale","6","0","0"
"Unknown years","Rockdale","6","0","0"
"01-04 years","Schley","5","0","0"
"05-09 years","Schley","4","0","0"
"10-17 years","Schley","13","0","0"
"18-29 years","Schley","43","0","2"
"30-39 years","Schley","18","0","0"
"40-49 years","Schley","25","0","2"
"50-59 years","Schley","28","0","3"
"60-69 years","Schley","24","1","8"
"70-79 years","Schley","11","0","2"
"80 & Older years","Schley","4","1","1"
"<1 years","Schley","1","0","0"
"01-04 years","Screven","6","0","0"
"05-09 years","Screven","14","0","0"
"10-17 years","Screven","50","0","0"
"18-29 years","Screven","109","0","3"
"30-39 years","Screven","100","0","2"
"40-49 years","Screven","79","1","4"
"50-59 years","Screven","89","0","10"
"60-69 years","Screven","111","1","13"
"70-79 years","Screven","61","4","13"
"80 & Older years","Screven","35","7","9"
"<1 years","Screven","3","0","0"
"Unknown years","Screven","1","0","0"
"01-04 years","Seminole","13","0","0"
"05-09 years","Seminole","14","0","0"
"10-17 years","Seminole","62","0","0"
"18-29 years","Seminole","96","0","0"
"30-39 years","Seminole","80","0","0"
"40-49 years","Seminole","83","0","5"
"50-59 years","Seminole","105","1","6"
"60-69 years","Seminole","114","2","21"
"70-79 years","Seminole","63","5","14"
"80 & Older years","Seminole","25","6","10"
"<1 years","Seminole","3","0","0"
"01-04 years","Spalding","47","0","2"
"05-09 years","Spalding","41","0","1"
"10-17 years","Spalding","149","0","2"
"18-29 years","Spalding","525","1","25"
"30-39 years","Spalding","461","2","28"
"40-49 years","Spalding","480","2","34"
"50-59 years","Spalding","494","10","60"
"60-69 years","Spalding","394","19","70"
"70-79 years","Spalding","287","31","59"
"80 & Older years","Spalding","191","37","58"
"<1 years","Spalding","8","0","0"
"Unknown years","Spalding","4","0","0"
"01-04 years","Stephens","15","0","0"
"05-09 years","Stephens","38","0","1"
"10-17 years","Stephens","141","0","1"
"18-29 years","Stephens","456","1","12"
"30-39 years","Stephens","292","0","7"
"40-49 years","Stephens","370","1","21"
"50-59 years","Stephens","388","4","35"
"60-69 years","Stephens","394","16","55"
"70-79 years","Stephens","265","17","50"
"80 & Older years","Stephens","144","24","34"
"<1 years","Stephens","4","0","0"
"Unknown years","Stephens","42","0","0"
"01-04 years","Stewart","2","0","0"
"05-09 years","Stewart","2","0","0"
"10-17 years","Stewart","10","0","0"
"18-29 years","Stewart","137","0","20"
"30-39 years","Stewart","179","1","25"
"40-49 years","Stewart","129","1","22"
"50-59 years","Stewart","71","1","11"
"60-69 years","Stewart","63","8","24"
"70-79 years","Stewart","24","2","4"
"80 & Older years","Stewart","20","4","6"
"<1 years","Stewart","1","0","0"
"Unknown years","Stewart","14","0","4"
"01-04 years","Sumter","16","0","0"
"05-09 years","Sumter","23","0","0"
"10-17 years","Sumter","62","0","2"
"18-29 years","Sumter","277","1","8"
"30-39 years","Sumter","240","1","20"
"40-49 years","Sumter","230","4","19"
"50-59 years","Sumter","253","2","38"
"60-69 years","Sumter","235","21","63"
"70-79 years","Sumter","150","22","43"
"80 & Older years","Sumter","97","25","45"
"<1 years","Sumter","5","0","0"
"Unknown years","Sumter","3","0","0"
"01-04 years","Talbot","7","0","0"
"05-09 years","Talbot","2","0","0"
"10-17 years","Talbot","25","0","0"
"18-29 years","Talbot","40","0","1"
"30-39 years","Talbot","27","0","1"
"40-49 years","Talbot","51","1","4"
"50-59 years","Talbot","53","3","5"
"60-69 years","Talbot","50","2","9"
"70-79 years","Talbot","32","3","4"
"80 & Older years","Talbot","17","2","8"
"Unknown years","Talbot","2","0","0"
"01-04 years","Taliaferro","1","0","0"
"05-09 years","Taliaferro","1","0","0"
"10-17 years","Taliaferro","6","0","0"
"18-29 years","Taliaferro","10","0","0"
"30-39 years","Taliaferro","12","0","0"
"40-49 years","Taliaferro","18","0","1"
"50-59 years","Taliaferro","9","0","0"
"60-69 years","Taliaferro","17","0","3"
"70-79 years","Taliaferro","7","0","1"
"80 & Older years","Taliaferro","3","0","1"
"01-04 years","Tattnall","25","0","0"
"05-09 years","Tattnall","32","0","0"
"10-17 years","Tattnall","134","0","0"
"18-29 years","Tattnall","279","0","1"
"30-39 years","Tattnall","240","0","3"
"40-49 years","Tattnall","236","0","6"
"50-59 years","Tattnall","250","4","20"
"60-69 years","Tattnall","205","9","26"
"70-79 years","Tattnall","93","11","31"
"80 & Older years","Tattnall","39","4","8"
"<1 years","Tattnall","4","0","0"
"Unknown years","Tattnall","4","0","1"
"01-04 years","Taylor","12","0","1"
"05-09 years","Taylor","9","0","0"
"10-17 years","Taylor","45","0","1"
"18-29 years","Taylor","67","0","1"
"30-39 years","Taylor","42","0","3"
"40-49 years","Taylor","78","1","7"
"50-59 years","Taylor","56","0","13"
"60-69 years","Taylor","52","5","14"
"70-79 years","Taylor","31","3","9"
"80 & Older years","Taylor","26","8","11"
"<1 years","Taylor","4","0","0"
"01-04 years","Telfair","7","0","0"
"05-09 years","Telfair","10","0","0"
"10-17 years","Telfair","18","0","0"
"18-29 years","Telfair","131","0","3"
"30-39 years","Telfair","88","1","1"
"40-49 years","Telfair","89","1","5"
"50-59 years","Telfair","92","5","9"
"60-69 years","Telfair","98","6","17"
"70-79 years","Telfair","66","10","17"
"80 & Older years","Telfair","38","13","9"
"<1 years","Telfair","4","0","0"
"Unknown years","Telfair","1","0","0"
"01-04 years","Terrell","5","0","0"
"05-09 years","Terrell","5","0","0"
"10-17 years","Terrell","37","0","0"
"18-29 years","Terrell","59","0","1"
"30-39 years","Terrell","70","0","8"
"40-49 years","Terrell","56","0","7"
"50-59 years","Terrell","88","3","12"
"60-69 years","Terrell","86","11","31"
"70-79 years","Terrell","53","12","23"
"80 & Older years","Terrell","35","10","14"
"01-04 years","Thomas","52","0","1"
"05-09 years","Thomas","84","0","0"
"10-17 years","Thomas","238","0","2"
"18-29 years","Thomas","525","1","16"
"30-39 years","Thomas","411","1","16"
"40-49 years","Thomas","451","4","23"
"50-59 years","Thomas","473","5","34"
"60-69 years","Thomas","381","10","73"
"70-79 years","Thomas","232","30","57"
"80 & Older years","Thomas","142","36","42"
"<1 years","Thomas","11","0","1"
"Unknown years","Thomas","2","0","0"
"01-04 years","Tift","31","0","1"
"05-09 years","Tift","57","0","3"
"10-17 years","Tift","215","0","6"
"18-29 years","Tift","733","0","20"
"30-39 years","Tift","517","1","26"
"40-49 years","Tift","500","7","53"
"50-59 years","Tift","431","9","64"
"60-69 years","Tift","330","16","63"
"70-79 years","Tift","229","24","78"
"80 & Older years","Tift","124","26","52"
"<1 years","Tift","12","0","0"
"Unknown years","Tift","2","0","0"
"01-04 years","Toombs","25","0","0"
"05-09 years","Toombs","43","0","0"
"10-17 years","Toombs","184","0","1"
"18-29 years","Toombs","466","0","5"
"30-39 years","Toombs","373","0","3"
"40-49 years","Toombs","373","1","19"
"50-59 years","Toombs","367","6","21"
"60-69 years","Toombs","326","5","40"
"70-79 years","Toombs","228","26","34"
"80 & Older years","Toombs","135","30","26"
"<1 years","Toombs","5","0","0"
"Unknown years","Toombs","5","0","0"
"01-04 years","Towns","2","0","0"
"05-09 years","Towns","6","0","0"
"10-17 years","Towns","33","0","0"
"18-29 years","Towns","114","0","4"
"30-39 years","Towns","74","0","2"
"40-49 years","Towns","94","1","5"
"50-59 years","Towns","128","2","12"
"60-69 years","Towns","171","1","16"
"70-79 years","Towns","136","6","29"
"80 & Older years","Towns","86","17","35"
"Unknown years","Towns","23","0","0"
"01-04 years","Treutlen","4","0","0"
"05-09 years","Treutlen","12","0","0"
"10-17 years","Treutlen","39","0","0"
"18-29 years","Treutlen","92","0","2"
"30-39 years","Treutlen","82","0","4"
"40-49 years","Treutlen","88","0","5"
"50-59 years","Treutlen","83","1","5"
"60-69 years","Treutlen","59","3","10"
"70-79 years","Treutlen","49","8","8"
"80 & Older years","Treutlen","29","3","9"
"01-04 years","Troup","110","0","0"
"05-09 years","Troup","151","0","0"
"10-17 years","Troup","417","0","2"
"18-29 years","Troup","1037","1","27"
"30-39 years","Troup","758","6","40"
"40-49 years","Troup","674","3","44"
"50-59 years","Troup","701","13","91"
"60-69 years","Troup","525","20","81"
"70-79 years","Troup","276","34","77"
"80 & Older years","Troup","214","59","55"
"<1 years","Troup","35","0","1"
"Unknown years","Troup","6","0","0"
"01-04 years","Turner","2","0","0"
"05-09 years","Turner","6","0","0"
"10-17 years","Turner","19","0","0"
"18-29 years","Turner","80","0","2"
"30-39 years","Turner","97","0","9"
"40-49 years","Turner","97","0","5"
"50-59 years","Turner","86","2","11"
"60-69 years","Turner","77","7","25"
"70-79 years","Turner","49","5","12"
"80 & Older years","Turner","32","11","11"
"<1 years","Turner","1","0","1"
"01-04 years","Twiggs","9","0","0"
"05-09 years","Twiggs","6","0","1"
"10-17 years","Twiggs","20","0","0"
"18-29 years","Twiggs","61","0","1"
"30-39 years","Twiggs","55","1","4"
"40-49 years","Twiggs","54","1","6"
"50-59 years","Twiggs","85","3","10"
"60-69 years","Twiggs","89","3","24"
"70-79 years","Twiggs","47","6","18"
"80 & Older years","Twiggs","23","7","11"
"01-04 years","Union","7","0","0"
"05-09 years","Union","15","0","0"
"10-17 years","Union","59","0","1"
"18-29 years","Union","215","1","1"
"30-39 years","Union","177","0","2"
"40-49 years","Union","193","0","11"
"50-59 years","Union","248","4","14"
"60-69 years","Union","299","4","35"
"70-79 years","Union","260","15","45"
"80 & Older years","Union","183","23","53"
"<1 years","Union","1","0","0"
"Unknown years","Union","27","0","0"
"01-04 years","Unknown","56","0","1"
"05-09 years","Unknown","89","0","0"
"10-17 years","Unknown","260","0","0"
"18-29 years","Unknown","905","2","5"
"30-39 years","Unknown","497","2","3"
"40-49 years","Unknown","465","1","2"
"50-59 years","Unknown","388","1","6"
"60-69 years","Unknown","241","3","9"
"70-79 years","Unknown","139","2","16"
"80 & Older years","Unknown","68","3","10"
"<1 years","Unknown","29","0","0"
"Unknown years","Unknown","231","0","4"
"01-04 years","Upson","28","0","0"
"05-09 years","Upson","41","0","0"
"10-17 years","Upson","105","0","1"
"18-29 years","Upson","263","0","5"
"30-39 years","Upson","171","2","7"
"40-49 years","Upson","206","1","9"
"50-59 years","Upson","229","5","18"
"60-69 years","Upson","207","15","28"
"70-79 years","Upson","145","25","35"
"80 & Older years","Upson","98","29","30"
"<1 years","Upson","13","0","0"
"Unknown years","Upson","10","0","0"
"01-04 years","Walker","61","0","1"
"05-09 years","Walker","96","0","1"
"10-17 years","Walker","390","0","3"
"18-29 years","Walker","853","0","11"
"30-39 years","Walker","631","0","11"
"40-49 years","Walker","760","3","23"
"50-59 years","Walker","652","2","29"
"60-69 years","Walker","569","11","50"
"70-79 years","Walker","374","24","40"
"80 & Older years","Walker","190","21","23"
"<1 years","Walker","31","0","0"
"Unknown years","Walker","148","0","6"
"01-04 years","Walton","61","0","1"
"05-09 years","Walton","123","0","1"
"10-17 years","Walton","466","0","5"
"18-29 years","Walton","1084","0","24"
"30-39 years","Walton","920","0","20"
"40-49 years","Walton","1012","2","44"
"50-59 years","Walton","1007","5","62"
"60-69 years","Walton","684","16","65"
"70-79 years","Walton","515","35","80"
"80 & Older years","Walton","332","56","67"
"<1 years","Walton","19","0","2"
"Unknown years","Walton","14","0","0"
"01-04 years","Ware","51","0","1"
"05-09 years","Ware","56","0","0"
"10-17 years","Ware","202","0","3"
"18-29 years","Ware","497","1","5"
"30-39 years","Ware","410","1","17"
"40-49 years","Ware","333","2","22"
"50-59 years","Ware","361","10","48"
"60-69 years","Ware","264","10","49"
"70-79 years","Ware","225","31","76"
"80 & Older years","Ware","185","40","53"
"<1 years","Ware","17","0","1"
"Unknown years","Ware","8","0","1"
"01-04 years","Warren","4","0","0"
"05-09 years","Warren","2","0","0"
"10-17 years","Warren","16","0","0"
"18-29 years","Warren","53","0","3"
"30-39 years","Warren","44","0","4"
"40-49 years","Warren","43","1","4"
"50-59 years","Warren","56","1","6"
"60-69 years","Warren","41","2","7"
"70-79 years","Warren","29","2","10"
"80 & Older years","Warren","11","1","2"
"<1 years","Warren","2","0","1"
"Unknown years","Warren","2","0","0"
"01-04 years","Washington","16","0","0"
"05-09 years","Washington","18","0","0"
"10-17 years","Washington","101","0","1"
"18-29 years","Washington","220","0","6"
"30-39 years","Washington","201","0","8"
"40-49 years","Washington","222","2","11"
"50-59 years","Washington","213","2","13"
"60-69 years","Washington","201","9","25"
"70-79 years","Washington","120","5","18"
"80 & Older years","Washington","70","12","9"
"<1 years","Washington","10","0","0"
"Unknown years","Washington","5","0","0"
"01-04 years","Wayne","29","0","1"
"05-09 years","Wayne","16","0","0"
"10-17 years","Wayne","120","0","0"
"18-29 years","Wayne","343","1","7"
"30-39 years","Wayne","343","1","8"
"40-49 years","Wayne","398","1","29"
"50-59 years","Wayne","343","5","30"
"60-69 years","Wayne","261","11","50"
"70-79 years","Wayne","223","19","54"
"80 & Older years","Wayne","103","16","19"
"<1 years","Wayne","3","0","0"
"Unknown years","Wayne","4","0","0"
"10-17 years","Webster","3","0","0"
"18-29 years","Webster","14","0","1"
"30-39 years","Webster","5","0","0"
"40-49 years","Webster","13","0","2"
"50-59 years","Webster","17","2","4"
"60-69 years","Webster","19","1","4"
"70-79 years","Webster","6","0","1"
"80 & Older years","Webster","3","0","0"
"Unknown years","Webster","2","0","0"
"01-04 years","Wheeler","1","0","0"
"05-09 years","Wheeler","5","0","0"
"10-17 years","Wheeler","18","0","0"
"18-29 years","Wheeler","43","0","0"
"30-39 years","Wheeler","71","2","2"
"40-49 years","Wheeler","74","1","3"
"50-59 years","Wheeler","88","5","9"
"60-69 years","Wheeler","52","3","6"
"70-79 years","Wheeler","39","5","10"
"80 & Older years","Wheeler","8","3","1"
"<1 years","Wheeler","1","0","0"
"Unknown years","Wheeler","25","0","1"
"01-04 years","White","11","0","0"
"05-09 years","White","43","0","0"
"10-17 years","White","179","0","2"
"18-29 years","White","382","1","6"
"30-39 years","White","274","1","7"
"40-49 years","White","350","1","14"
"50-59 years","White","412","4","34"
"60-69 years","White","368","9","53"
"70-79 years","White","289","10","63"
"80 & Older years","White","166","24","59"
"<1 years","White","5","0","0"
"Unknown years","White","54","0","1"
"01-04 years","Whitfield","176","0","2"
"05-09 years","Whitfield","337","0","3"
"10-17 years","Whitfield","1167","0","4"
"18-29 years","Whitfield","3084","0","40"
"30-39 years","Whitfield","1985","4","54"
"40-49 years","Whitfield","2087","4","72"
"50-59 years","Whitfield","1855","20","103"
"60-69 years","Whitfield","1113","28","124"
"70-79 years","Whitfield","637","37","114"
"80 & Older years","Whitfield","363","63","102"
"<1 years","Whitfield","65","0","5"
"Unknown years","Whitfield","29","0","2"
"01-04 years","Wilcox","10","0","0"
"05-09 years","Wilcox","10","0","0"
"10-17 years","Wilcox","21","0","0"
"18-29 years","Wilcox","38","0","0"
"30-39 years","Wilcox","39","0","1"
"40-49 years","Wilcox","71","0","12"
"50-59 years","Wilcox","74","1","13"
"60-69 years","Wilcox","80","8","23"
"70-79 years","Wilcox","52","9","10"
"80 & Older years","Wilcox","22","7","6"
"<1 years","Wilcox","5","0","0"
"01-04 years","Wilkes","7","0","0"
"05-09 years","Wilkes","15","0","0"
"10-17 years","Wilkes","48","0","0"
"18-29 years","Wilkes","103","0","1"
"30-39 years","Wilkes","72","0","4"
"40-49 years","Wilkes","93","0","10"
"50-59 years","Wilkes","83","2","3"
"60-69 years","Wilkes","58","0","11"
"70-79 years","Wilkes","54","4","16"
"80 & Older years","Wilkes","23","5","11"
"<1 years","Wilkes","2","0","0"
"Unknown years","Wilkes","1","0","0"
"01-04 years","Wilkinson","6","0","0"
"05-09 years","Wilkinson","10","0","0"
"10-17 years","Wilkinson","22","0","0"
"18-29 years","Wilkinson","97","0","3"
"30-39 years","Wilkinson","79","0","5"
"40-49 years","Wilkinson","83","0","6"
"50-59 years","Wilkinson","134","4","23"
"60-69 years","Wilkinson","121","6","33"
"70-79 years","Wilkinson","52","6","19"
"80 & Older years","Wilkinson","33","4","13"
"Unknown years","Wilkinson","1","0","0"
"01-04 years","Worth","11","0","0"
"05-09 years","Worth","12","0","0"
"10-17 years","Worth","67","0","3"
"18-29 years","Worth","163","0","7"
"30-39 years","Worth","133","0","9"
"40-49 years","Worth","143","1","12"
"50-59 years","Worth","176","4","22"
"60-69 years","Worth","179","15","45"
"70-79 years","Worth","106","12","22"
"80 & Older years","Worth","66","12","18"
"<1 years","Worth","4","0","0"
"Unknown years","Worth","1","0","0"
