"age group","county name","cases","deaths","confirmed_case_hospitalization"
"01-04 years","Georgia","43171","7","600"
"05-09 years","Georgia","74402","5","436"
"10-17 years","Georgia","182972","19","1570"
"18-29 years","Georgia","412666","261","8004"
"30-39 years","Georgia","324250","680","9808"
"40-49 years","Georgia","291548","1512","13092"
"50-59 years","Georgia","260181","3631","19153"
"60-69 years","Georgia","171461","6532","21792"
"70-79 years","Georgia","94459","8473","19929"
"80 & Older years","Georgia","49656","9733","14646"
"<1 years","Georgia","14340","3","652"
"Unknown years","Georgia","5221","0","349"
"01-04 years","Appling","77","0","0"
"05-09 years","Appling","125","0","0"
"10-17 years","Appling","415","0","3"
"18-29 years","Appling","636","1","8"
"30-39 years","Appling","495","4","10"
"40-49 years","Appling","483","9","30"
"50-59 years","Appling","487","12","47"
"60-69 years","Appling","402","24","74"
"70-79 years","Appling","276","25","54"
"80 & Older years","Appling","136","34","43"
"<1 years","Appling","15","0","0"
"Unknown years","Appling","4","0","0"
"01-04 years","Atkinson","36","1","3"
"05-09 years","Atkinson","72","0","1"
"10-17 years","Atkinson","183","0","2"
"18-29 years","Atkinson","316","0","16"
"30-39 years","Atkinson","237","0","15"
"40-49 years","Atkinson","224","4","37"
"50-59 years","Atkinson","211","5","39"
"60-69 years","Atkinson","144","8","47"
"70-79 years","Atkinson","76","10","31"
"80 & Older years","Atkinson","35","11","20"
"<1 years","Atkinson","11","0","1"
"01-04 years","Bacon","53","0","1"
"05-09 years","Bacon","72","0","0"
"10-17 years","Bacon","217","0","1"
"18-29 years","Bacon","617","0","11"
"30-39 years","Bacon","359","1","12"
"40-49 years","Bacon","351","5","23"
"50-59 years","Bacon","273","5","27"
"60-69 years","Bacon","222","18","49"
"70-79 years","Bacon","150","14","45"
"80 & Older years","Bacon","75","15","24"
"<1 years","Bacon","17","0","0"
"Unknown years","Bacon","1","0","0"
"01-04 years","Baker","12","0","0"
"05-09 years","Baker","21","0","0"
"10-17 years","Baker","22","0","0"
"18-29 years","Baker","56","0","0"
"30-39 years","Baker","35","0","4"
"40-49 years","Baker","35","3","3"
"50-59 years","Baker","40","0","5"
"60-69 years","Baker","46","3","17"
"70-79 years","Baker","24","3","11"
"80 & Older years","Baker","16","4","6"
"<1 years","Baker","3","0","0"
"Unknown years","Baker","3","0","0"
"01-04 years","Baldwin","116","0","2"
"05-09 years","Baldwin","247","0","0"
"10-17 years","Baldwin","564","1","5"
"18-29 years","Baldwin","2022","0","22"
"30-39 years","Baldwin","1032","2","21"
"40-49 years","Baldwin","970","6","46"
"50-59 years","Baldwin","922","23","83"
"60-69 years","Baldwin","715","44","100"
"70-79 years","Baldwin","434","50","75"
"80 & Older years","Baldwin","236","70","79"
"<1 years","Baldwin","38","0","3"
"Unknown years","Baldwin","2","0","0"
"01-04 years","Banks","46","0","2"
"05-09 years","Banks","91","0","1"
"10-17 years","Banks","249","0","5"
"18-29 years","Banks","650","0","22"
"30-39 years","Banks","485","0","21"
"40-49 years","Banks","487","7","31"
"50-59 years","Banks","500","8","46"
"60-69 years","Banks","398","17","77"
"70-79 years","Banks","279","28","84"
"80 & Older years","Banks","121","18","41"
"<1 years","Banks","27","0","2"
"Unknown years","Banks","23","0","1"
"01-04 years","Barrow","385","0","2"
"05-09 years","Barrow","688","0","3"
"10-17 years","Barrow","1907","1","16"
"18-29 years","Barrow","3790","1","70"
"30-39 years","Barrow","3406","3","92"
"40-49 years","Barrow","3209","14","122"
"50-59 years","Barrow","2694","23","178"
"60-69 years","Barrow","1749","55","200"
"70-79 years","Barrow","996","68","154"
"80 & Older years","Barrow","433","75","134"
"<1 years","Barrow","157","0","11"
"Unknown years","Barrow","22","0","2"
"01-04 years","Bartow","451","0","15"
"05-09 years","Bartow","692","0","4"
"10-17 years","Bartow","2029","0","19"
"18-29 years","Bartow","4137","0","43"
"30-39 years","Bartow","3381","7","76"
"40-49 years","Bartow","3253","11","130"
"50-59 years","Bartow","3345","38","234"
"60-69 years","Bartow","2125","96","251"
"70-79 years","Bartow","1297","121","270"
"80 & Older years","Bartow","617","110","167"
"<1 years","Bartow","199","0","8"
"Unknown years","Bartow","41","0","3"
"01-04 years","Ben Hill","43","0","1"
"05-09 years","Ben Hill","41","0","0"
"10-17 years","Ben Hill","177","0","0"
"18-29 years","Ben Hill","427","0","5"
"30-39 years","Ben Hill","340","3","12"
"40-49 years","Ben Hill","300","2","18"
"50-59 years","Ben Hill","308","8","35"
"60-69 years","Ben Hill","262","17","37"
"70-79 years","Ben Hill","173","24","57"
"80 & Older years","Ben Hill","78","20","22"
"<1 years","Ben Hill","15","0","2"
"01-04 years","Berrien","60","0","1"
"05-09 years","Berrien","72","0","0"
"10-17 years","Berrien","195","0","1"
"18-29 years","Berrien","380","0","0"
"30-39 years","Berrien","324","0","5"
"40-49 years","Berrien","248","1","8"
"50-59 years","Berrien","277","6","25"
"60-69 years","Berrien","215","11","30"
"70-79 years","Berrien","148","23","24"
"80 & Older years","Berrien","78","17","16"
"<1 years","Berrien","19","0","0"
"01-04 years","Bibb","501","0","8"
"05-09 years","Bibb","913","0","4"
"10-17 years","Bibb","2207","0","15"
"18-29 years","Bibb","6492","4","155"
"30-39 years","Bibb","4907","11","210"
"40-49 years","Bibb","4370","32","335"
"50-59 years","Bibb","3886","70","475"
"60-69 years","Bibb","2912","159","626"
"70-79 years","Bibb","1587","189","516"
"80 & Older years","Bibb","883","219","412"
"<1 years","Bibb","138","0","9"
"Unknown years","Bibb","6","0","1"
"01-04 years","Bleckley","24","0","0"
"05-09 years","Bleckley","60","0","0"
"10-17 years","Bleckley","167","0","1"
"18-29 years","Bleckley","339","0","6"
"30-39 years","Bleckley","209","1","5"
"40-49 years","Bleckley","188","1","3"
"50-59 years","Bleckley","178","4","12"
"60-69 years","Bleckley","127","9","16"
"70-79 years","Bleckley","89","8","16"
"80 & Older years","Bleckley","68","20","16"
"<1 years","Bleckley","10","0","0"
"Unknown years","Bleckley","1","0","0"
"01-04 years","Brantley","53","0","0"
"05-09 years","Brantley","87","0","0"
"10-17 years","Brantley","263","0","1"
"18-29 years","Brantley","465","0","6"
"30-39 years","Brantley","357","3","8"
"40-49 years","Brantley","333","5","19"
"50-59 years","Brantley","363","18","37"
"60-69 years","Brantley","258","18","42"
"70-79 years","Brantley","180","29","50"
"80 & Older years","Brantley","74","16","19"
"<1 years","Brantley","9","0","0"
"Unknown years","Brantley","3","0","0"
"01-04 years","Brooks","53","0","2"
"05-09 years","Brooks","71","0","0"
"10-17 years","Brooks","165","0","0"
"18-29 years","Brooks","333","0","4"
"30-39 years","Brooks","273","1","10"
"40-49 years","Brooks","255","2","18"
"50-59 years","Brooks","283","7","34"
"60-69 years","Brooks","182","13","29"
"70-79 years","Brooks","155","19","30"
"80 & Older years","Brooks","94","22","29"
"<1 years","Brooks","24","0","0"
"Unknown years","Brooks","2","0","0"
"01-04 years","Bryan","229","0","1"
"05-09 years","Bryan","338","0","2"
"10-17 years","Bryan","850","0","6"
"18-29 years","Bryan","1327","1","22"
"30-39 years","Bryan","1193","5","34"
"40-49 years","Bryan","1142","6","56"
"50-59 years","Bryan","797","8","59"
"60-69 years","Bryan","492","20","72"
"70-79 years","Bryan","290","21","107"
"80 & Older years","Bryan","110","13","37"
"<1 years","Bryan","94","0","6"
"Unknown years","Bryan","13","0","0"
"01-04 years","Bulloch","261","0","1"
"05-09 years","Bulloch","456","0","1"
"10-17 years","Bulloch","1100","0","3"
"18-29 years","Bulloch","3813","1","21"
"30-39 years","Bulloch","1516","5","35"
"40-49 years","Bulloch","1142","8","42"
"50-59 years","Bulloch","1034","19","69"
"60-69 years","Bulloch","664","25","79"
"70-79 years","Bulloch","329","30","68"
"80 & Older years","Bulloch","160","20","49"
"<1 years","Bulloch","104","0","5"
"Unknown years","Bulloch","2","0","0"
"01-04 years","Burke","56","0","0"
"05-09 years","Burke","106","0","0"
"10-17 years","Burke","270","0","4"
"18-29 years","Burke","584","2","16"
"30-39 years","Burke","470","2","20"
"40-49 years","Burke","475","5","27"
"50-59 years","Burke","422","6","42"
"60-69 years","Burke","339","13","56"
"70-79 years","Burke","161","19","52"
"80 & Older years","Burke","57","14","22"
"<1 years","Burke","20","0","0"
"Unknown years","Burke","3","0","0"
"01-04 years","Butts","94","0","3"
"05-09 years","Butts","117","0","0"
"10-17 years","Butts","351","0","6"
"18-29 years","Butts","887","0","13"
"30-39 years","Butts","786","2","12"
"40-49 years","Butts","706","6","29"
"50-59 years","Butts","728","18","58"
"60-69 years","Butts","492","25","61"
"70-79 years","Butts","318","43","59"
"80 & Older years","Butts","192","44","20"
"<1 years","Butts","38","0","3"
"Unknown years","Butts","2","0","0"
"01-04 years","Calhoun","27","0","0"
"05-09 years","Calhoun","22","0","0"
"10-17 years","Calhoun","71","0","1"
"18-29 years","Calhoun","172","0","9"
"30-39 years","Calhoun","179","3","8"
"40-49 years","Calhoun","162","1","11"
"50-59 years","Calhoun","145","4","21"
"60-69 years","Calhoun","116","4","28"
"70-79 years","Calhoun","48","7","12"
"80 & Older years","Calhoun","33","2","12"
"<1 years","Calhoun","7","0","0"
"Unknown years","Calhoun","1","0","0"
"01-04 years","Camden","238","0","0"
"05-09 years","Camden","376","0","2"
"10-17 years","Camden","906","0","2"
"18-29 years","Camden","1896","0","12"
"30-39 years","Camden","1555","3","26"
"40-49 years","Camden","1086","10","32"
"50-59 years","Camden","1126","16","42"
"60-69 years","Camden","780","27","59"
"70-79 years","Camden","448","17","41"
"80 & Older years","Camden","176","27","34"
"<1 years","Camden","50","0","2"
"Unknown years","Camden","26","0","0"
"01-04 years","Candler","23","0","0"
"05-09 years","Candler","50","0","0"
"10-17 years","Candler","130","0","0"
"18-29 years","Candler","237","0","2"
"30-39 years","Candler","194","0","7"
"40-49 years","Candler","193","5","5"
"50-59 years","Candler","212","13","22"
"60-69 years","Candler","147","10","22"
"70-79 years","Candler","107","15","24"
"80 & Older years","Candler","41","11","18"
"<1 years","Candler","14","0","0"
"01-04 years","Carroll","284","0","3"
"05-09 years","Carroll","460","0","5"
"10-17 years","Carroll","1444","0","7"
"18-29 years","Carroll","3280","1","25"
"30-39 years","Carroll","2308","4","28"
"40-49 years","Carroll","2074","11","49"
"50-59 years","Carroll","1971","19","71"
"60-69 years","Carroll","1309","37","109"
"70-79 years","Carroll","759","45","88"
"80 & Older years","Carroll","390","63","53"
"<1 years","Carroll","103","0","2"
"Unknown years","Carroll","16","0","7"
"01-04 years","Catoosa","270","0","2"
"05-09 years","Catoosa","467","0","2"
"10-17 years","Catoosa","1270","0","2"
"18-29 years","Catoosa","2339","1","16"
"30-39 years","Catoosa","1915","2","18"
"40-49 years","Catoosa","1912","4","39"
"50-59 years","Catoosa","1759","14","64"
"60-69 years","Catoosa","1203","18","85"
"70-79 years","Catoosa","723","36","96"
"80 & Older years","Catoosa","460","51","66"
"<1 years","Catoosa","86","0","1"
"Unknown years","Catoosa","55","0","2"
"01-04 years","Charlton","37","0","0"
"05-09 years","Charlton","64","0","0"
"10-17 years","Charlton","141","0","0"
"18-29 years","Charlton","524","1","4"
"30-39 years","Charlton","419","2","6"
"40-49 years","Charlton","352","3","14"
"50-59 years","Charlton","261","5","13"
"60-69 years","Charlton","234","12","34"
"70-79 years","Charlton","132","13","29"
"80 & Older years","Charlton","51","12","20"
"<1 years","Charlton","14","0","0"
"Unknown years","Charlton","2","0","0"
"01-04 years","Chatham","1816","0","14"
"05-09 years","Chatham","2853","1","7"
"10-17 years","Chatham","5514","0","36"
"18-29 years","Chatham","12452","8","205"
"30-39 years","Chatham","9494","26","298"
"40-49 years","Chatham","6973","44","362"
"50-59 years","Chatham","5903","94","514"
"60-69 years","Chatham","4374","169","672"
"70-79 years","Chatham","2251","213","616"
"80 & Older years","Chatham","1191","238","506"
"<1 years","Chatham","667","0","18"
"Unknown years","Chatham","50","0","2"
"01-04 years","Chattahoochee","30","0","0"
"05-09 years","Chattahoochee","66","0","0"
"10-17 years","Chattahoochee","228","0","2"
"18-29 years","Chattahoochee","4982","7","11"
"30-39 years","Chattahoochee","571","2","7"
"40-49 years","Chattahoochee","137","1","1"
"50-59 years","Chattahoochee","86","2","11"
"60-69 years","Chattahoochee","50","1","10"
"70-79 years","Chattahoochee","23","1","7"
"80 & Older years","Chattahoochee","10","3","6"
"<1 years","Chattahoochee","19","0","0"
"Unknown years","Chattahoochee","2","0","0"
"01-04 years","Chattooga","99","0","0"
"05-09 years","Chattooga","179","0","1"
"10-17 years","Chattooga","554","0","4"
"18-29 years","Chattooga","930","0","10"
"30-39 years","Chattooga","771","2","15"
"40-49 years","Chattooga","778","7","38"
"50-59 years","Chattooga","771","14","49"
"60-69 years","Chattooga","565","26","66"
"70-79 years","Chattooga","347","23","78"
"80 & Older years","Chattooga","198","40","47"
"<1 years","Chattooga","46","0","4"
"Unknown years","Chattooga","11","0","1"
"01-04 years","Cherokee","882","0","11"
"05-09 years","Cherokee","1707","0","13"
"10-17 years","Cherokee","4829","0","25"
"18-29 years","Cherokee","8482","3","140"
"30-39 years","Cherokee","6856","8","201"
"40-49 years","Cherokee","7120","16","270"
"50-59 years","Cherokee","6767","53","408"
"60-69 years","Cherokee","4226","106","454"
"70-79 years","Cherokee","2572","154","447"
"80 & Older years","Cherokee","1342","225","370"
"<1 years","Cherokee","291","0","11"
"Unknown years","Cherokee","14","0","0"
"01-04 years","Clarke","603","1","9"
"05-09 years","Clarke","865","0","9"
"10-17 years","Clarke","1760","0","20"
"18-29 years","Clarke","11072","0","138"
"30-39 years","Clarke","3668","3","119"
"40-49 years","Clarke","2792","7","133"
"50-59 years","Clarke","2249","19","168"
"60-69 years","Clarke","1517","42","188"
"70-79 years","Clarke","903","67","207"
"80 & Older years","Clarke","447","75","147"
"<1 years","Clarke","208","0","7"
"Unknown years","Clarke","20","0","1"
"01-04 years","Clay","11","0","0"
"05-09 years","Clay","13","0","0"
"10-17 years","Clay","40","0","0"
"18-29 years","Clay","62","0","0"
"30-39 years","Clay","59","0","2"
"40-49 years","Clay","52","0","2"
"50-59 years","Clay","38","1","3"
"60-69 years","Clay","33","2","2"
"70-79 years","Clay","24","0","1"
"80 & Older years","Clay","16","3","4"
"<1 years","Clay","4","0","0"
"Unknown years","Clay","1","0","0"
"01-04 years","Clayton","1532","1","21"
"05-09 years","Clayton","2768","1","19"
"10-17 years","Clayton","5801","2","79"
"18-29 years","Clayton","11910","13","309"
"30-39 years","Clayton","10857","41","412"
"40-49 years","Clayton","9033","57","433"
"50-59 years","Clayton","7738","138","615"
"60-69 years","Clayton","4666","224","570"
"70-79 years","Clayton","1851","213","386"
"80 & Older years","Clayton","819","191","236"
"<1 years","Clayton","487","0","23"
"Unknown years","Clayton","49","0","14"
"01-04 years","Clinch","33","0","0"
"05-09 years","Clinch","46","0","0"
"10-17 years","Clinch","129","0","0"
"18-29 years","Clinch","245","0","3"
"30-39 years","Clinch","208","1","5"
"40-49 years","Clinch","188","0","4"
"50-59 years","Clinch","182","3","21"
"60-69 years","Clinch","199","15","27"
"70-79 years","Clinch","96","11","26"
"80 & Older years","Clinch","48","9","12"
"<1 years","Clinch","14","0","0"
"Unknown years","Clinch","2","0","0"
"01-04 years","Cobb","3154","1","40"
"05-09 years","Cobb","5665","0","33"
"10-17 years","Cobb","12924","0","82"
"18-29 years","Cobb","30167","12","346"
"30-39 years","Cobb","23190","39","406"
"40-49 years","Cobb","21155","69","594"
"50-59 years","Cobb","17841","152","835"
"60-69 years","Cobb","10880","276","849"
"70-79 years","Cobb","5620","449","802"
"80 & Older years","Cobb","3064","601","736"
"<1 years","Cobb","854","0","32"
"Unknown years","Cobb","116","0","0"
"01-04 years","Coffee","195","0","3"
"05-09 years","Coffee","343","0","6"
"10-17 years","Coffee","793","0","8"
"18-29 years","Coffee","1742","1","45"
"30-39 years","Coffee","1385","7","83"
"40-49 years","Coffee","1293","16","157"
"50-59 years","Coffee","1175","25","229"
"60-69 years","Coffee","878","60","229"
"70-79 years","Coffee","482","66","206"
"80 & Older years","Coffee","232","52","121"
"<1 years","Coffee","71","0","6"
"01-04 years","Colquitt","138","0","1"
"05-09 years","Colquitt","333","0","2"
"10-17 years","Colquitt","980","0","12"
"18-29 years","Colquitt","1566","1","37"
"30-39 years","Colquitt","1192","3","37"
"40-49 years","Colquitt","1122","10","50"
"50-59 years","Colquitt","1055","28","57"
"60-69 years","Colquitt","767","39","77"
"70-79 years","Colquitt","487","37","72"
"80 & Older years","Colquitt","252","48","51"
"<1 years","Colquitt","53","0","2"
"Unknown years","Colquitt","2","0","0"
"01-04 years","Columbia","410","1","6"
"05-09 years","Columbia","830","1","8"
"10-17 years","Columbia","2229","0","14"
"18-29 years","Columbia","4019","2","49"
"30-39 years","Columbia","3912","8","62"
"40-49 years","Columbia","3293","17","85"
"50-59 years","Columbia","2606","40","132"
"60-69 years","Columbia","1724","52","151"
"70-79 years","Columbia","882","79","175"
"80 & Older years","Columbia","503","106","164"
"<1 years","Columbia","133","0","10"
"Unknown years","Columbia","40","0","0"
"01-04 years","Cook","50","0","3"
"05-09 years","Cook","83","0","0"
"10-17 years","Cook","205","0","2"
"18-29 years","Cook","389","0","10"
"30-39 years","Cook","319","0","5"
"40-49 years","Cook","302","3","20"
"50-59 years","Cook","265","7","24"
"60-69 years","Cook","204","13","26"
"70-79 years","Cook","130","14","32"
"80 & Older years","Cook","85","19","18"
"<1 years","Cook","28","0","3"
"01-04 years","Coweta","476","0","4"
"05-09 years","Coweta","795","0","3"
"10-17 years","Coweta","2103","0","23"
"18-29 years","Coweta","3875","5","97"
"30-39 years","Coweta","3199","15","148"
"40-49 years","Coweta","3200","31","177"
"50-59 years","Coweta","3363","59","259"
"60-69 years","Coweta","1957","74","237"
"70-79 years","Coweta","1159","117","259"
"80 & Older years","Coweta","545","117","157"
"<1 years","Coweta","138","0","10"
"Unknown years","Coweta","16","0","3"
"01-04 years","Crawford","12","0","0"
"05-09 years","Crawford","17","0","0"
"10-17 years","Crawford","71","0","2"
"18-29 years","Crawford","190","0","4"
"30-39 years","Crawford","185","1","11"
"40-49 years","Crawford","155","3","10"
"50-59 years","Crawford","218","10","25"
"60-69 years","Crawford","187","12","28"
"70-79 years","Crawford","108","14","25"
"80 & Older years","Crawford","41","4","17"
"<1 years","Crawford","2","0","0"
"01-04 years","Crisp","51","0","0"
"05-09 years","Crisp","95","0","0"
"10-17 years","Crisp","274","0","3"
"18-29 years","Crisp","448","2","16"
"30-39 years","Crisp","423","2","20"
"40-49 years","Crisp","363","4","24"
"50-59 years","Crisp","342","5","33"
"60-69 years","Crisp","296","22","52"
"70-79 years","Crisp","140","16","36"
"80 & Older years","Crisp","77","20","18"
"<1 years","Crisp","27","0","0"
"Unknown years","Crisp","9","0","0"
"01-04 years","Dade","50","0","0"
"05-09 years","Dade","112","0","0"
"10-17 years","Dade","261","0","1"
"18-29 years","Dade","509","0","3"
"30-39 years","Dade","359","0","3"
"40-49 years","Dade","385","1","10"
"50-59 years","Dade","335","7","25"
"60-69 years","Dade","269","2","14"
"70-79 years","Dade","167","12","27"
"80 & Older years","Dade","77","3","14"
"<1 years","Dade","15","0","0"
"Unknown years","Dade","17","0","2"
"01-04 years","Dawson","114","0","1"
"05-09 years","Dawson","175","0","1"
"10-17 years","Dawson","496","0","7"
"18-29 years","Dawson","1188","0","21"
"30-39 years","Dawson","998","2","27"
"40-49 years","Dawson","836","5","43"
"50-59 years","Dawson","956","11","67"
"60-69 years","Dawson","693","20","102"
"70-79 years","Dawson","432","32","75"
"80 & Older years","Dawson","178","26","44"
"<1 years","Dawson","43","0","3"
"Unknown years","Dawson","23","0","1"
"01-04 years","DeKalb","3252","0","46"
"05-09 years","DeKalb","5050","0","39"
"10-17 years","DeKalb","10229","0","129"
"18-29 years","DeKalb","28720","17","791"
"30-39 years","DeKalb","25693","37","1022"
"40-49 years","DeKalb","19393","76","1096"
"50-59 years","DeKalb","16254","189","1423"
"60-69 years","DeKalb","10124","312","1517"
"70-79 years","DeKalb","4961","395","1162"
"80 & Older years","DeKalb","2680","486","812"
"<1 years","DeKalb","866","0","36"
"Unknown years","DeKalb","396","0","26"
"01-04 years","Decatur","215","0","2"
"05-09 years","Decatur","273","0","1"
"10-17 years","Decatur","592","0","1"
"18-29 years","Decatur","1004","1","21"
"30-39 years","Decatur","772","1","12"
"40-49 years","Decatur","722","3","35"
"50-59 years","Decatur","625","14","52"
"60-69 years","Decatur","486","19","62"
"70-79 years","Decatur","268","28","48"
"80 & Older years","Decatur","162","26","28"
"<1 years","Decatur","76","0","0"
"Unknown years","Decatur","100","0","0"
"01-04 years","Dodge","29","0","0"
"05-09 years","Dodge","64","0","0"
"10-17 years","Dodge","206","1","2"
"18-29 years","Dodge","456","0","9"
"30-39 years","Dodge","314","2","10"
"40-49 years","Dodge","318","3","14"
"50-59 years","Dodge","299","7","23"
"60-69 years","Dodge","216","21","34"
"70-79 years","Dodge","120","19","26"
"80 & Older years","Dodge","71","16","16"
"<1 years","Dodge","13","0","0"
"Unknown years","Dodge","5","0","0"
"01-04 years","Dooly","31","0","0"
"05-09 years","Dooly","56","0","0"
"10-17 years","Dooly","149","0","1"
"18-29 years","Dooly","265","1","5"
"30-39 years","Dooly","216","0","12"
"40-49 years","Dooly","250","2","14"
"50-59 years","Dooly","237","6","22"
"60-69 years","Dooly","191","11","27"
"70-79 years","Dooly","87","10","21"
"80 & Older years","Dooly","34","9","7"
"<1 years","Dooly","13","0","0"
"Unknown years","Dooly","1","0","0"
"01-04 years","Dougherty","339","0","5"
"05-09 years","Dougherty","795","0","1"
"10-17 years","Dougherty","1894","0","17"
"18-29 years","Dougherty","2609","4","170"
"30-39 years","Dougherty","2154","9","140"
"40-49 years","Dougherty","1844","31","186"
"50-59 years","Dougherty","1684","46","250"
"60-69 years","Dougherty","1317","113","353"
"70-79 years","Dougherty","690","97","243"
"80 & Older years","Dougherty","453","141","186"
"<1 years","Dougherty","122","0","10"
"Unknown years","Dougherty","205","0","1"
"01-04 years","Douglas","630","0","12"
"05-09 years","Douglas","1136","0","15"
"10-17 years","Douglas","2917","1","32"
"18-29 years","Douglas","5441","0","75"
"30-39 years","Douglas","4720","8","116"
"40-49 years","Douglas","4873","15","182"
"50-59 years","Douglas","4209","43","239"
"60-69 years","Douglas","2339","75","253"
"70-79 years","Douglas","1124","88","194"
"80 & Older years","Douglas","516","89","142"
"<1 years","Douglas","194","0","10"
"Unknown years","Douglas","14","0","1"
"01-04 years","Early","65","0","0"
"05-09 years","Early","86","0","0"
"10-17 years","Early","298","0","0"
"18-29 years","Early","340","1","12"
"30-39 years","Early","297","1","6"
"40-49 years","Early","297","2","15"
"50-59 years","Early","292","5","18"
"60-69 years","Early","206","12","21"
"70-79 years","Early","129","20","25"
"80 & Older years","Early","66","13","19"
"<1 years","Early","12","0","0"
"Unknown years","Early","3","0","0"
"01-04 years","Echols","15","0","0"
"05-09 years","Echols","10","0","0"
"10-17 years","Echols","37","0","2"
"18-29 years","Echols","148","0","2"
"30-39 years","Echols","72","1","4"
"40-49 years","Echols","59","0","1"
"50-59 years","Echols","54","1","2"
"60-69 years","Echols","35","0","1"
"70-79 years","Echols","25","2","3"
"80 & Older years","Echols","6","1","2"
"<1 years","Echols","5","0","0"
"01-04 years","Effingham","282","0","1"
"05-09 years","Effingham","541","0","3"
"10-17 years","Effingham","1213","0","2"
"18-29 years","Effingham","1792","1","16"
"30-39 years","Effingham","1867","4","47"
"40-49 years","Effingham","1562","10","76"
"50-59 years","Effingham","1359","33","120"
"60-69 years","Effingham","911","29","136"
"70-79 years","Effingham","441","45","126"
"80 & Older years","Effingham","196","44","63"
"<1 years","Effingham","99","0","6"
"Unknown years","Effingham","15","0","0"
"01-04 years","Elbert","51","0","1"
"05-09 years","Elbert","78","0","0"
"10-17 years","Elbert","188","0","3"
"18-29 years","Elbert","474","1","10"
"30-39 years","Elbert","361","0","13"
"40-49 years","Elbert","354","1","18"
"50-59 years","Elbert","367","4","37"
"60-69 years","Elbert","325","10","48"
"70-79 years","Elbert","229","25","59"
"80 & Older years","Elbert","173","40","60"
"<1 years","Elbert","30","0","4"
"Unknown years","Elbert","11","0","0"
"01-04 years","Emanuel","77","0","2"
"05-09 years","Emanuel","126","0","1"
"10-17 years","Emanuel","375","0","3"
"18-29 years","Emanuel","644","1","7"
"30-39 years","Emanuel","542","1","20"
"40-49 years","Emanuel","512","4","18"
"50-59 years","Emanuel","449","10","43"
"60-69 years","Emanuel","347","17","40"
"70-79 years","Emanuel","208","25","41"
"80 & Older years","Emanuel","88","22","25"
"<1 years","Emanuel","20","0","1"
"Unknown years","Emanuel","29","0","1"
"01-04 years","Evans","29","0","0"
"05-09 years","Evans","69","0","0"
"10-17 years","Evans","151","0","3"
"18-29 years","Evans","297","1","4"
"30-39 years","Evans","264","0","5"
"40-49 years","Evans","219","5","23"
"50-59 years","Evans","203","6","22"
"60-69 years","Evans","136","8","26"
"70-79 years","Evans","88","18","25"
"80 & Older years","Evans","33","4","17"
"<1 years","Evans","11","0","0"
"01-04 years","Fannin","53","0","1"
"05-09 years","Fannin","97","0","0"
"10-17 years","Fannin","328","0","2"
"18-29 years","Fannin","589","0","8"
"30-39 years","Fannin","454","2","14"
"40-49 years","Fannin","524","5","20"
"50-59 years","Fannin","678","7","47"
"60-69 years","Fannin","687","27","76"
"70-79 years","Fannin","470","33","93"
"80 & Older years","Fannin","246","55","73"
"<1 years","Fannin","12","0","1"
"Unknown years","Fannin","5","0","0"
"01-04 years","Fayette","344","0","6"
"05-09 years","Fayette","664","0","4"
"10-17 years","Fayette","1776","0","13"
"18-29 years","Fayette","2888","4","42"
"30-39 years","Fayette","2178","6","59"
"40-49 years","Fayette","2711","8","103"
"50-59 years","Fayette","2666","22","169"
"60-69 years","Fayette","1898","41","179"
"70-79 years","Fayette","963","91","211"
"80 & Older years","Fayette","558","100","155"
"<1 years","Fayette","98","0","4"
"Unknown years","Fayette","20","0","3"
"01-04 years","Floyd","484","0","9"
"05-09 years","Floyd","872","0","3"
"10-17 years","Floyd","2494","1","15"
"18-29 years","Floyd","4609","4","69"
"30-39 years","Floyd","3510","10","88"
"40-49 years","Floyd","3220","18","163"
"50-59 years","Floyd","3153","51","264"
"60-69 years","Floyd","2243","82","336"
"70-79 years","Floyd","1316","119","331"
"80 & Older years","Floyd","723","127","241"
"<1 years","Floyd","202","1","11"
"Unknown years","Floyd","112","0","2"
"01-04 years","Forsyth","1143","0","10"
"05-09 years","Forsyth","2542","0","5"
"10-17 years","Forsyth","5932","0","15"
"18-29 years","Forsyth","6986","0","69"
"30-39 years","Forsyth","6381","6","102"
"40-49 years","Forsyth","7890","14","196"
"50-59 years","Forsyth","6394","29","262"
"60-69 years","Forsyth","3312","55","264"
"70-79 years","Forsyth","1882","109","312"
"80 & Older years","Forsyth","1095","150","262"
"<1 years","Forsyth","240","0","7"
"Unknown years","Forsyth","213","0","1"
"01-04 years","Franklin","73","0","1"
"05-09 years","Franklin","139","0","0"
"10-17 years","Franklin","413","0","6"
"18-29 years","Franklin","828","1","16"
"30-39 years","Franklin","610","0","14"
"40-49 years","Franklin","624","3","25"
"50-59 years","Franklin","627","6","43"
"60-69 years","Franklin","523","11","52"
"70-79 years","Franklin","318","28","55"
"80 & Older years","Franklin","147","27","39"
"<1 years","Franklin","44","0","5"
"Unknown years","Franklin","27","0","0"
"01-04 years","Fulton","4294","0","65"
"05-09 years","Fulton","6931","0","44"
"10-17 years","Fulton","15863","1","142"
"18-29 years","Fulton","44596","8","925"
"30-39 years","Fulton","36095","57","1175"
"40-49 years","Fulton","27502","77","1244"
"50-59 years","Fulton","22720","213","1796"
"60-69 years","Fulton","13385","397","1706"
"70-79 years","Fulton","6670","535","1380"
"80 & Older years","Fulton","4090","744","1231"
"<1 years","Fulton","1113","0","51"
"Unknown years","Fulton","263","0","97"
"01-04 years","Gilmer","80","0","4"
"05-09 years","Gilmer","92","0","0"
"10-17 years","Gilmer","373","0","5"
"18-29 years","Gilmer","655","0","26"
"30-39 years","Gilmer","603","2","30"
"40-49 years","Gilmer","634","2","30"
"50-59 years","Gilmer","746","20","61"
"60-69 years","Gilmer","698","23","100"
"70-79 years","Gilmer","480","49","121"
"80 & Older years","Gilmer","241","46","70"
"<1 years","Gilmer","36","0","3"
"Unknown years","Gilmer","5","0","0"
"01-04 years","Glascock","2","0","0"
"05-09 years","Glascock","8","0","0"
"10-17 years","Glascock","15","0","0"
"18-29 years","Glascock","48","0","1"
"30-39 years","Glascock","38","0","2"
"40-49 years","Glascock","39","0","1"
"50-59 years","Glascock","48","2","5"
"60-69 years","Glascock","26","0","5"
"70-79 years","Glascock","32","4","9"
"80 & Older years","Glascock","9","2","5"
"<1 years","Glascock","2","0","0"
"Unknown years","Glascock","1","0","0"
"01-04 years","Glynn","446","0","2"
"05-09 years","Glynn","885","0","1"
"10-17 years","Glynn","2041","0","3"
"18-29 years","Glynn","3465","4","39"
"30-39 years","Glynn","2889","9","46"
"40-49 years","Glynn","2478","18","71"
"50-59 years","Glynn","2226","45","119"
"60-69 years","Glynn","1875","84","189"
"70-79 years","Glynn","1129","90","146"
"80 & Older years","Glynn","548","106","135"
"<1 years","Glynn","130","0","6"
"Unknown years","Glynn","23","0","0"
"01-04 years","Gordon","237","0","1"
"05-09 years","Gordon","364","1","2"
"10-17 years","Gordon","1229","0","7"
"18-29 years","Gordon","2411","3","21"
"30-39 years","Gordon","1895","4","34"
"40-49 years","Gordon","1855","11","51"
"50-59 years","Gordon","1713","29","85"
"60-69 years","Gordon","1110","65","96"
"70-79 years","Gordon","611","62","117"
"80 & Older years","Gordon","315","52","74"
"<1 years","Gordon","96","0","4"
"Unknown years","Gordon","44","0","0"
"01-04 years","Grady","136","0","1"
"05-09 years","Grady","237","0","0"
"10-17 years","Grady","487","0","5"
"18-29 years","Grady","586","0","17"
"30-39 years","Grady","521","1","18"
"40-49 years","Grady","487","3","36"
"50-59 years","Grady","471","14","48"
"60-69 years","Grady","329","11","40"
"70-79 years","Grady","261","31","69"
"80 & Older years","Grady","92","22","34"
"<1 years","Grady","70","0","3"
"Unknown years","Grady","12","0","0"
"01-04 years","Greene","48","0","1"
"05-09 years","Greene","101","0","1"
"10-17 years","Greene","272","0","3"
"18-29 years","Greene","505","0","14"
"30-39 years","Greene","415","0","17"
"40-49 years","Greene","360","4","24"
"50-59 years","Greene","468","7","36"
"60-69 years","Greene","451","12","44"
"70-79 years","Greene","353","17","62"
"80 & Older years","Greene","160","33","63"
"<1 years","Greene","17","0","4"
"Unknown years","Greene","5","0","0"
"01-04 years","Gwinnett","3979","0","33"
"05-09 years","Gwinnett","6827","0","35"
"10-17 years","Gwinnett","17177","3","100"
"18-29 years","Gwinnett","37202","19","724"
"30-39 years","Gwinnett","29927","37","784"
"40-49 years","Gwinnett","29990","108","1078"
"50-59 years","Gwinnett","24379","204","1310"
"60-69 years","Gwinnett","13645","344","1300"
"70-79 years","Gwinnett","6004","425","1102"
"80 & Older years","Gwinnett","3058","578","947"
"<1 years","Gwinnett","1345","0","35"
"Unknown years","Gwinnett","224","0","9"
"01-04 years","Habersham","110","0","4"
"05-09 years","Habersham","195","0","0"
"10-17 years","Habersham","617","1","10"
"18-29 years","Habersham","1562","1","24"
"30-39 years","Habersham","1207","6","42"
"40-49 years","Habersham","1177","7","65"
"50-59 years","Habersham","1275","14","97"
"60-69 years","Habersham","1009","41","165"
"70-79 years","Habersham","681","75","165"
"80 & Older years","Habersham","425","93","124"
"<1 years","Habersham","54","0","11"
"Unknown years","Habersham","79","0","1"
"01-04 years","Hall","597","0","12"
"05-09 years","Hall","1183","0","12"
"10-17 years","Hall","4008","0","43"
"18-29 years","Hall","9951","10","250"
"30-39 years","Hall","7054","11","300"
"40-49 years","Hall","6932","38","418"
"50-59 years","Hall","7044","73","600"
"60-69 years","Hall","4733","136","611"
"70-79 years","Hall","2943","210","687"
"80 & Older years","Hall","1633","295","531"
"<1 years","Hall","238","1","26"
"Unknown years","Hall","287","0","10"
"01-04 years","Hancock","18","0","0"
"05-09 years","Hancock","33","0","0"
"10-17 years","Hancock","86","0","1"
"18-29 years","Hancock","225","0","3"
"30-39 years","Hancock","219","2","7"
"40-49 years","Hancock","167","2","8"
"50-59 years","Hancock","218","7","20"
"60-69 years","Hancock","209","21","38"
"70-79 years","Hancock","109","23","29"
"80 & Older years","Hancock","75","26","25"
"<1 years","Hancock","8","0","0"
"01-04 years","Haralson","61","0","0"
"05-09 years","Haralson","117","0","0"
"10-17 years","Haralson","352","0","3"
"18-29 years","Haralson","689","0","6"
"30-39 years","Haralson","493","0","8"
"40-49 years","Haralson","521","2","10"
"50-59 years","Haralson","559","7","19"
"60-69 years","Haralson","331","19","27"
"70-79 years","Haralson","204","20","23"
"80 & Older years","Haralson","94","15","12"
"<1 years","Haralson","22","0","1"
"Unknown years","Haralson","7","0","0"
"01-04 years","Harris","98","0","0"
"05-09 years","Harris","182","0","0"
"10-17 years","Harris","509","0","4"
"18-29 years","Harris","797","0","14"
"30-39 years","Harris","712","0","18"
"40-49 years","Harris","800","5","38"
"50-59 years","Harris","868","12","57"
"60-69 years","Harris","642","21","89"
"70-79 years","Harris","383","43","80"
"80 & Older years","Harris","115","18","29"
"<1 years","Harris","17","0","0"
"Unknown years","Harris","10","0","0"
"01-04 years","Hart","57","0","0"
"05-09 years","Hart","86","0","2"
"10-17 years","Hart","283","0","0"
"18-29 years","Hart","567","0","4"
"30-39 years","Hart","474","0","14"
"40-49 years","Hart","422","3","20"
"50-59 years","Hart","516","4","35"
"60-69 years","Hart","361","15","40"
"70-79 years","Hart","247","15","43"
"80 & Older years","Hart","146","22","40"
"<1 years","Hart","27","0","1"
"Unknown years","Hart","14","0","0"
"01-04 years","Heard","27","0","1"
"05-09 years","Heard","65","0","0"
"10-17 years","Heard","163","0","3"
"18-29 years","Heard","268","2","6"
"30-39 years","Heard","180","0","3"
"40-49 years","Heard","244","2","19"
"50-59 years","Heard","226","3","16"
"60-69 years","Heard","166","7","19"
"70-79 years","Heard","86","9","23"
"80 & Older years","Heard","35","8","6"
"<1 years","Heard","11","0","1"
"Unknown years","Heard","1","0","0"
"01-04 years","Henry","987","0","18"
"05-09 years","Henry","1770","0","9"
"10-17 years","Henry","4707","0","54"
"18-29 years","Henry","8798","3","177"
"30-39 years","Henry","7492","14","212"
"40-49 years","Henry","7890","43","293"
"50-59 years","Henry","7026","69","373"
"60-69 years","Henry","3813","150","371"
"70-79 years","Henry","1779","164","283"
"80 & Older years","Henry","840","170","197"
"<1 years","Henry","305","0","13"
"Unknown years","Henry","41","0","3"
"01-04 years","Houston","466","0","7"
"05-09 years","Houston","919","0","2"
"10-17 years","Houston","2455","0","10"
"18-29 years","Houston","4766","7","74"
"30-39 years","Houston","4372","7","106"
"40-49 years","Houston","3667","19","155"
"50-59 years","Houston","2946","36","201"
"60-69 years","Houston","1910","76","258"
"70-79 years","Houston","947","94","229"
"80 & Older years","Houston","504","85","140"
"<1 years","Houston","107","1","8"
"Unknown years","Houston","6","0","0"
"01-04 years","Irwin","11","0","0"
"05-09 years","Irwin","23","0","0"
"10-17 years","Irwin","79","0","1"
"18-29 years","Irwin","206","0","6"
"30-39 years","Irwin","170","0","9"
"40-49 years","Irwin","184","1","11"
"50-59 years","Irwin","143","3","13"
"60-69 years","Irwin","115","3","24"
"70-79 years","Irwin","62","8","10"
"80 & Older years","Irwin","45","8","28"
"<1 years","Irwin","2","0","0"
"Unknown years","Irwin","2","0","0"
"01-04 years","Jackson","302","0","3"
"05-09 years","Jackson","618","0","2"
"10-17 years","Jackson","2021","1","14"
"18-29 years","Jackson","3036","3","56"
"30-39 years","Jackson","3064","8","78"
"40-49 years","Jackson","3002","14","126"
"50-59 years","Jackson","2749","30","167"
"60-69 years","Jackson","1817","49","184"
"70-79 years","Jackson","1208","79","214"
"80 & Older years","Jackson","560","86","155"
"<1 years","Jackson","94","0","5"
"Unknown years","Jackson","31","0","1"
"01-04 years","Jasper","34","0","1"
"05-09 years","Jasper","58","0","1"
"10-17 years","Jasper","130","0","3"
"18-29 years","Jasper","317","0","13"
"30-39 years","Jasper","248","2","11"
"40-49 years","Jasper","239","1","15"
"50-59 years","Jasper","280","7","30"
"60-69 years","Jasper","196","12","41"
"70-79 years","Jasper","105","7","24"
"80 & Older years","Jasper","44","8","15"
"<1 years","Jasper","20","0","4"
"01-04 years","Jeff Davis","56","0","0"
"05-09 years","Jeff Davis","113","0","0"
"10-17 years","Jeff Davis","248","0","2"
"18-29 years","Jeff Davis","474","0","8"
"30-39 years","Jeff Davis","381","0","12"
"40-49 years","Jeff Davis","343","1","21"
"50-59 years","Jeff Davis","331","11","29"
"60-69 years","Jeff Davis","189","10","26"
"70-79 years","Jeff Davis","147","16","26"
"80 & Older years","Jeff Davis","37","9","11"
"<1 years","Jeff Davis","17","0","4"
"01-04 years","Jefferson","35","0","1"
"05-09 years","Jefferson","64","0","0"
"10-17 years","Jefferson","162","0","2"
"18-29 years","Jefferson","355","0","3"
"30-39 years","Jefferson","317","1","12"
"40-49 years","Jefferson","312","5","23"
"50-59 years","Jefferson","372","9","31"
"60-69 years","Jefferson","313","15","45"
"70-79 years","Jefferson","198","24","53"
"80 & Older years","Jefferson","89","24","38"
"<1 years","Jefferson","10","0","3"
"Unknown years","Jefferson","10","0","0"
"01-04 years","Jenkins","30","0","1"
"05-09 years","Jenkins","39","0","0"
"10-17 years","Jenkins","97","0","1"
"18-29 years","Jenkins","180","0","2"
"30-39 years","Jenkins","126","2","6"
"40-49 years","Jenkins","163","4","14"
"50-59 years","Jenkins","179","7","29"
"60-69 years","Jenkins","120","7","16"
"70-79 years","Jenkins","76","15","21"
"80 & Older years","Jenkins","54","10","12"
"<1 years","Jenkins","6","0","1"
"Unknown years","Jenkins","1","0","0"
"01-04 years","Johnson","24","0","1"
"05-09 years","Johnson","37","0","0"
"10-17 years","Johnson","101","0","1"
"18-29 years","Johnson","249","0","6"
"30-39 years","Johnson","212","1","6"
"40-49 years","Johnson","208","3","8"
"50-59 years","Johnson","202","9","18"
"60-69 years","Johnson","197","9","24"
"70-79 years","Johnson","123","12","33"
"80 & Older years","Johnson","88","23","27"
"<1 years","Johnson","19","0","3"
"Unknown years","Johnson","1","0","0"
"01-04 years","Jones","47","0","1"
"05-09 years","Jones","91","0","0"
"10-17 years","Jones","267","0","2"
"18-29 years","Jones","742","2","19"
"30-39 years","Jones","603","3","17"
"40-49 years","Jones","577","5","32"
"50-59 years","Jones","601","10","62"
"60-69 years","Jones","404","19","73"
"70-79 years","Jones","254","34","75"
"80 & Older years","Jones","125","25","38"
"<1 years","Jones","15","0","0"
"01-04 years","Lamar","107","0","0"
"05-09 years","Lamar","176","0","0"
"10-17 years","Lamar","389","0","5"
"18-29 years","Lamar","566","0","11"
"30-39 years","Lamar","470","2","17"
"40-49 years","Lamar","421","6","23"
"50-59 years","Lamar","400","12","46"
"60-69 years","Lamar","356","25","47"
"70-79 years","Lamar","235","26","49"
"80 & Older years","Lamar","95","26","31"
"<1 years","Lamar","64","0","1"
"Unknown years","Lamar","1","0","1"
"01-04 years","Lanier","17","0","0"
"05-09 years","Lanier","33","0","1"
"10-17 years","Lanier","115","0","1"
"18-29 years","Lanier","231","2","4"
"30-39 years","Lanier","229","0","3"
"40-49 years","Lanier","151","1","4"
"50-59 years","Lanier","128","3","10"
"60-69 years","Lanier","77","4","6"
"70-79 years","Lanier","66","6","8"
"80 & Older years","Lanier","31","1","6"
"<1 years","Lanier","14","0","0"
"Unknown years","Lanier","1","0","0"
"01-04 years","Laurens","204","0","2"
"05-09 years","Laurens","362","0","2"
"10-17 years","Laurens","926","0","7"
"18-29 years","Laurens","1689","0","15"
"30-39 years","Laurens","1349","4","23"
"40-49 years","Laurens","1228","12","39"
"50-59 years","Laurens","1078","30","81"
"60-69 years","Laurens","849","56","115"
"70-79 years","Laurens","520","67","106"
"80 & Older years","Laurens","299","68","75"
"<1 years","Laurens","72","0","7"
"Unknown years","Laurens","10","0","0"
"01-04 years","Lee","84","0","0"
"05-09 years","Lee","129","0","3"
"10-17 years","Lee","375","0","7"
"18-29 years","Lee","652","1","26"
"30-39 years","Lee","720","1","35"
"40-49 years","Lee","659","9","51"
"50-59 years","Lee","546","18","82"
"60-69 years","Lee","347","25","71"
"70-79 years","Lee","155","20","48"
"80 & Older years","Lee","89","18","32"
"<1 years","Lee","30","0","0"
"Unknown years","Lee","56","0","0"
"01-04 years","Liberty","506","0","2"
"05-09 years","Liberty","683","0","3"
"10-17 years","Liberty","1236","0","4"
"18-29 years","Liberty","3376","2","30"
"30-39 years","Liberty","1949","4","40"
"40-49 years","Liberty","1152","4","32"
"50-59 years","Liberty","934","23","77"
"60-69 years","Liberty","585","26","83"
"70-79 years","Liberty","243","25","76"
"80 & Older years","Liberty","91","20","33"
"<1 years","Liberty","142","0","4"
"Unknown years","Liberty","16","0","0"
"01-04 years","Lincoln","20","0","0"
"05-09 years","Lincoln","22","0","1"
"10-17 years","Lincoln","68","0","0"
"18-29 years","Lincoln","144","0","5"
"30-39 years","Lincoln","128","0","6"
"40-49 years","Lincoln","130","1","10"
"50-59 years","Lincoln","119","3","6"
"60-69 years","Lincoln","114","8","24"
"70-79 years","Lincoln","77","10","21"
"80 & Older years","Lincoln","27","7","10"
"<1 years","Lincoln","6","0","1"
"Unknown years","Lincoln","6","0","0"
"01-04 years","Long","92","0","0"
"05-09 years","Long","146","0","0"
"10-17 years","Long","304","1","0"
"18-29 years","Long","462","0","2"
"30-39 years","Long","440","2","10"
"40-49 years","Long","297","4","14"
"50-59 years","Long","201","4","18"
"60-69 years","Long","146","5","19"
"70-79 years","Long","70","8","18"
"80 & Older years","Long","28","2","12"
"<1 years","Long","40","0","0"
"Unknown years","Long","4","0","0"
"01-04 years","Lowndes","414","0","0"
"05-09 years","Lowndes","534","0","1"
"10-17 years","Lowndes","1292","0","11"
"18-29 years","Lowndes","4313","6","46"
"30-39 years","Lowndes","2649","8","47"
"40-49 years","Lowndes","1959","13","77"
"50-59 years","Lowndes","1631","29","107"
"60-69 years","Lowndes","1151","57","133"
"70-79 years","Lowndes","692","76","134"
"80 & Older years","Lowndes","381","85","95"
"<1 years","Lowndes","186","0","2"
"Unknown years","Lowndes","8","0","0"
"01-04 years","Lumpkin","75","0","1"
"05-09 years","Lumpkin","162","0","2"
"10-17 years","Lumpkin","471","0","4"
"18-29 years","Lumpkin","1583","0","25"
"30-39 years","Lumpkin","866","1","23"
"40-49 years","Lumpkin","821","1","39"
"50-59 years","Lumpkin","928","14","82"
"60-69 years","Lumpkin","804","22","94"
"70-79 years","Lumpkin","512","24","102"
"80 & Older years","Lumpkin","249","49","98"
"<1 years","Lumpkin","50","0","3"
"Unknown years","Lumpkin","28","0","2"
"01-04 years","Macon","26","0","0"
"05-09 years","Macon","27","0","0"
"10-17 years","Macon","64","0","0"
"18-29 years","Macon","233","0","6"
"30-39 years","Macon","187","1","4"
"40-49 years","Macon","198","4","9"
"50-59 years","Macon","205","6","26"
"60-69 years","Macon","135","11","35"
"70-79 years","Macon","84","9","24"
"80 & Older years","Macon","29","10","11"
"<1 years","Macon","7","0","0"
"Unknown years","Macon","1","0","1"
"01-04 years","Madison","148","0","5"
"05-09 years","Madison","212","0","0"
"10-17 years","Madison","584","0","3"
"18-29 years","Madison","1130","0","38"
"30-39 years","Madison","917","1","33"
"40-49 years","Madison","861","2","40"
"50-59 years","Madison","883","18","60"
"60-69 years","Madison","622","17","84"
"70-79 years","Madison","382","29","91"
"80 & Older years","Madison","145","24","43"
"<1 years","Madison","69","0","7"
"Unknown years","Madison","8","0","0"
"01-04 years","Marion","18","0","0"
"05-09 years","Marion","35","0","1"
"10-17 years","Marion","111","0","0"
"18-29 years","Marion","161","0","7"
"30-39 years","Marion","133","0","4"
"40-49 years","Marion","143","3","9"
"50-59 years","Marion","129","7","16"
"60-69 years","Marion","109","12","18"
"70-79 years","Marion","61","8","19"
"80 & Older years","Marion","47","12","17"
"<1 years","Marion","8","0","0"
"Unknown years","Marion","4","0","0"
"01-04 years","McDuffie","58","0","2"
"05-09 years","McDuffie","86","0","0"
"10-17 years","McDuffie","247","0","2"
"18-29 years","McDuffie","638","0","14"
"30-39 years","McDuffie","493","2","11"
"40-49 years","McDuffie","446","3","24"
"50-59 years","McDuffie","408","13","49"
"60-69 years","McDuffie","304","18","59"
"70-79 years","McDuffie","187","21","62"
"80 & Older years","McDuffie","82","18","34"
"<1 years","McDuffie","13","0","2"
"Unknown years","McDuffie","17","0","0"
"01-04 years","McIntosh","40","0","0"
"05-09 years","McIntosh","73","0","1"
"10-17 years","McIntosh","234","0","0"
"18-29 years","McIntosh","324","0","5"
"30-39 years","McIntosh","267","0","4"
"40-49 years","McIntosh","271","0","6"
"50-59 years","McIntosh","314","5","14"
"60-69 years","McIntosh","237","7","33"
"70-79 years","McIntosh","144","9","27"
"80 & Older years","McIntosh","55","10","15"
"<1 years","McIntosh","5","0","0"
"Unknown years","McIntosh","3","0","0"
"01-04 years","Meriwether","85","0","3"
"05-09 years","Meriwether","102","0","1"
"10-17 years","Meriwether","238","1","3"
"18-29 years","Meriwether","563","0","17"
"30-39 years","Meriwether","407","3","26"
"40-49 years","Meriwether","472","5","35"
"50-59 years","Meriwether","473","13","50"
"60-69 years","Meriwether","427","22","58"
"70-79 years","Meriwether","296","36","65"
"80 & Older years","Meriwether","152","38","36"
"<1 years","Meriwether","32","0","5"
"Unknown years","Meriwether","3","0","1"
"01-04 years","Miller","36","0","0"
"05-09 years","Miller","54","0","0"
"10-17 years","Miller","187","0","1"
"18-29 years","Miller","206","0","1"
"30-39 years","Miller","178","0","1"
"40-49 years","Miller","156","1","7"
"50-59 years","Miller","204","4","19"
"60-69 years","Miller","146","4","15"
"70-79 years","Miller","59","6","7"
"80 & Older years","Miller","47","5","9"
"<1 years","Miller","6","0","0"
"Unknown years","Miller","9","0","0"
"01-04 years","Mitchell","68","0","2"
"05-09 years","Mitchell","112","0","0"
"10-17 years","Mitchell","272","0","7"
"18-29 years","Mitchell","560","1","21"
"30-39 years","Mitchell","486","1","24"
"40-49 years","Mitchell","433","7","29"
"50-59 years","Mitchell","450","14","69"
"60-69 years","Mitchell","350","21","66"
"70-79 years","Mitchell","204","25","63"
"80 & Older years","Mitchell","132","33","43"
"<1 years","Mitchell","23","0","1"
"Unknown years","Mitchell","14","0","0"
"01-04 years","Monroe","41","1","4"
"05-09 years","Monroe","84","0","1"
"10-17 years","Monroe","252","0","1"
"18-29 years","Monroe","674","2","11"
"30-39 years","Monroe","595","0","12"
"40-49 years","Monroe","645","9","31"
"50-59 years","Monroe","638","9","40"
"60-69 years","Monroe","518","31","73"
"70-79 years","Monroe","276","34","63"
"80 & Older years","Monroe","153","48","44"
"<1 years","Monroe","18","0","1"
"01-04 years","Montgomery","20","0","0"
"05-09 years","Montgomery","25","0","0"
"10-17 years","Montgomery","124","0","1"
"18-29 years","Montgomery","311","1","3"
"30-39 years","Montgomery","235","2","6"
"40-49 years","Montgomery","220","1","5"
"50-59 years","Montgomery","203","6","16"
"60-69 years","Montgomery","179","9","17"
"70-79 years","Montgomery","102","17","19"
"80 & Older years","Montgomery","45","11","8"
"<1 years","Montgomery","8","0","0"
"Unknown years","Montgomery","4","0","0"
"01-04 years","Morgan","75","0","1"
"05-09 years","Morgan","99","0","1"
"10-17 years","Morgan","232","0","2"
"18-29 years","Morgan","501","0","14"
"30-39 years","Morgan","427","0","14"
"40-49 years","Morgan","399","1","13"
"50-59 years","Morgan","439","7","34"
"60-69 years","Morgan","296","9","33"
"70-79 years","Morgan","240","9","39"
"80 & Older years","Morgan","123","26","44"
"<1 years","Morgan","37","0","2"
"Unknown years","Morgan","31","0","0"
"01-04 years","Murray","212","0","2"
"05-09 years","Murray","308","0","3"
"10-17 years","Murray","1006","0","2"
"18-29 years","Murray","1892","0","18"
"30-39 years","Murray","1395","3","16"
"40-49 years","Murray","1445","10","44"
"50-59 years","Murray","1229","20","84"
"60-69 years","Murray","833","32","102"
"70-79 years","Murray","484","62","96"
"80 & Older years","Murray","202","40","45"
"<1 years","Murray","94","0","2"
"Unknown years","Murray","1","0","0"
"01-04 years","Muscogee","701","0","10"
"05-09 years","Muscogee","1297","0","0"
"10-17 years","Muscogee","3041","0","26"
"18-29 years","Muscogee","7133","13","175"
"30-39 years","Muscogee","5575","11","214"
"40-49 years","Muscogee","4405","25","263"
"50-59 years","Muscogee","4057","93","418"
"60-69 years","Muscogee","3031","161","518"
"70-79 years","Muscogee","1567","170","378"
"80 & Older years","Muscogee","875","222","295"
"<1 years","Muscogee","231","0","10"
"Unknown years","Muscogee","47","0","1"
"01-04 years","Newton","356","0","21"
"05-09 years","Newton","793","0","12"
"10-17 years","Newton","1699","0","74"
"18-29 years","Newton","3451","2","271"
"30-39 years","Newton","2942","9","240"
"40-49 years","Newton","3035","22","274"
"50-59 years","Newton","2694","55","332"
"60-69 years","Newton","1507","77","290"
"70-79 years","Newton","910","103","279"
"80 & Older years","Newton","488","126","184"
"<1 years","Newton","112","0","20"
"Unknown years","Newton","17","0","2"
"01-04 years","Non-GA Resident/Unknown State","1193","0","17"
"05-09 years","Non-GA Resident/Unknown State","1885","0","11"
"10-17 years","Non-GA Resident/Unknown State","4383","0","27"
"18-29 years","Non-GA Resident/Unknown State","13641","8","236"
"30-39 years","Non-GA Resident/Unknown State","10779","19","272"
"40-49 years","Non-GA Resident/Unknown State","9511","50","330"
"50-59 years","Non-GA Resident/Unknown State","8703","129","519"
"60-69 years","Non-GA Resident/Unknown State","5937","243","645"
"70-79 years","Non-GA Resident/Unknown State","3507","271","612"
"80 & Older years","Non-GA Resident/Unknown State","1817","238","416"
"<1 years","Non-GA Resident/Unknown State","533","0","19"
"Unknown years","Non-GA Resident/Unknown State","1211","0","127"
"01-04 years","Oconee","157","0","1"
"05-09 years","Oconee","307","0","0"
"10-17 years","Oconee","849","0","4"
"18-29 years","Oconee","1137","0","19"
"30-39 years","Oconee","904","1","15"
"40-49 years","Oconee","1211","3","36"
"50-59 years","Oconee","1029","7","32"
"60-69 years","Oconee","682","16","53"
"70-79 years","Oconee","377","22","45"
"80 & Older years","Oconee","226","46","60"
"<1 years","Oconee","35","0","0"
"Unknown years","Oconee","5","0","0"
"01-04 years","Oglethorpe","53","0","1"
"05-09 years","Oglethorpe","89","0","0"
"10-17 years","Oglethorpe","231","0","4"
"18-29 years","Oglethorpe","421","0","10"
"30-39 years","Oglethorpe","321","2","14"
"40-49 years","Oglethorpe","343","4","26"
"50-59 years","Oglethorpe","332","1","33"
"60-69 years","Oglethorpe","270","7","37"
"70-79 years","Oglethorpe","188","16","33"
"80 & Older years","Oglethorpe","99","19","30"
"<1 years","Oglethorpe","22","0","1"
"Unknown years","Oglethorpe","4","0","0"
"01-04 years","Paulding","641","0","7"
"05-09 years","Paulding","1152","0","1"
"10-17 years","Paulding","2803","0","16"
"18-29 years","Paulding","4806","1","46"
"30-39 years","Paulding","4457","8","59"
"40-49 years","Paulding","4296","16","84"
"50-59 years","Paulding","3795","40","140"
"60-69 years","Paulding","2061","68","136"
"70-79 years","Paulding","1048","79","136"
"80 & Older years","Paulding","580","100","105"
"<1 years","Paulding","225","0","4"
"Unknown years","Paulding","93","0","0"
"01-04 years","Peach","62","0","2"
"05-09 years","Peach","87","0","0"
"10-17 years","Peach","241","0","2"
"18-29 years","Peach","791","1","14"
"30-39 years","Peach","631","3","22"
"40-49 years","Peach","514","9","34"
"50-59 years","Peach","545","15","61"
"60-69 years","Peach","460","23","76"
"70-79 years","Peach","236","30","69"
"80 & Older years","Peach","104","25","40"
"<1 years","Peach","11","0","0"
"Unknown years","Peach","1","0","0"
"01-04 years","Pickens","60","0","5"
"05-09 years","Pickens","115","0","2"
"10-17 years","Pickens","329","0","1"
"18-29 years","Pickens","848","0","21"
"30-39 years","Pickens","697","5","30"
"40-49 years","Pickens","715","2","43"
"50-59 years","Pickens","879","11","64"
"60-69 years","Pickens","704","24","106"
"70-79 years","Pickens","513","42","119"
"80 & Older years","Pickens","222","44","68"
"<1 years","Pickens","17","0","3"
"Unknown years","Pickens","1","0","0"
"01-04 years","Pierce","66","0","0"
"05-09 years","Pierce","97","0","0"
"10-17 years","Pierce","277","1","1"
"18-29 years","Pierce","507","0","9"
"30-39 years","Pierce","388","3","17"
"40-49 years","Pierce","444","6","37"
"50-59 years","Pierce","398","17","48"
"60-69 years","Pierce","309","25","75"
"70-79 years","Pierce","220","27","78"
"80 & Older years","Pierce","93","28","38"
"<1 years","Pierce","30","0","1"
"Unknown years","Pierce","14","0","0"
"01-04 years","Pike","86","0","0"
"05-09 years","Pike","121","0","0"
"10-17 years","Pike","304","0","1"
"18-29 years","Pike","422","2","11"
"30-39 years","Pike","420","2","13"
"40-49 years","Pike","444","3","19"
"50-59 years","Pike","397","13","32"
"60-69 years","Pike","276","17","48"
"70-79 years","Pike","161","15","41"
"80 & Older years","Pike","73","14","17"
"<1 years","Pike","31","0","0"
"Unknown years","Pike","2","0","0"
"01-04 years","Polk","195","0","2"
"05-09 years","Polk","296","0","4"
"10-17 years","Polk","930","0","9"
"18-29 years","Polk","1929","0","32"
"30-39 years","Polk","1434","2","41"
"40-49 years","Polk","1348","8","69"
"50-59 years","Polk","1294","27","137"
"60-69 years","Polk","871","35","146"
"70-79 years","Polk","574","50","152"
"80 & Older years","Polk","249","39","76"
"<1 years","Polk","106","0","3"
"Unknown years","Polk","23","0","1"
"01-04 years","Pulaski","32","0","0"
"05-09 years","Pulaski","49","0","0"
"10-17 years","Pulaski","120","0","1"
"18-29 years","Pulaski","208","0","3"
"30-39 years","Pulaski","190","1","3"
"40-49 years","Pulaski","165","0","10"
"50-59 years","Pulaski","177","4","11"
"60-69 years","Pulaski","147","11","16"
"70-79 years","Pulaski","69","14","18"
"80 & Older years","Pulaski","47","13","7"
"<1 years","Pulaski","14","0","0"
"Unknown years","Pulaski","2","0","0"
"01-04 years","Putnam","61","0","0"
"05-09 years","Putnam","113","0","1"
"10-17 years","Putnam","303","0","2"
"18-29 years","Putnam","593","0","6"
"30-39 years","Putnam","539","1","19"
"40-49 years","Putnam","436","4","22"
"50-59 years","Putnam","575","5","42"
"60-69 years","Putnam","500","27","62"
"70-79 years","Putnam","358","34","86"
"80 & Older years","Putnam","149","27","48"
"<1 years","Putnam","22","0","1"
"01-04 years","Quitman","6","0","0"
"05-09 years","Quitman","11","0","0"
"10-17 years","Quitman","21","0","0"
"18-29 years","Quitman","37","0","2"
"30-39 years","Quitman","31","0","2"
"40-49 years","Quitman","15","0","1"
"50-59 years","Quitman","36","0","3"
"60-69 years","Quitman","45","1","7"
"70-79 years","Quitman","14","1","2"
"80 & Older years","Quitman","12","1","3"
"<1 years","Quitman","3","0","1"
"01-04 years","Rabun","47","0","0"
"05-09 years","Rabun","88","0","0"
"10-17 years","Rabun","258","0","2"
"18-29 years","Rabun","401","2","10"
"30-39 years","Rabun","328","2","14"
"40-49 years","Rabun","356","2","22"
"50-59 years","Rabun","424","7","46"
"60-69 years","Rabun","426","15","51"
"70-79 years","Rabun","322","26","67"
"80 & Older years","Rabun","127","24","41"
"<1 years","Rabun","17","0","1"
"Unknown years","Rabun","5","0","0"
"01-04 years","Randolph","17","0","1"
"05-09 years","Randolph","41","0","0"
"10-17 years","Randolph","91","0","3"
"18-29 years","Randolph","130","1","7"
"30-39 years","Randolph","118","2","8"
"40-49 years","Randolph","89","0","8"
"50-59 years","Randolph","135","7","26"
"60-69 years","Randolph","104","11","22"
"70-79 years","Randolph","68","7","19"
"80 & Older years","Randolph","56","15","17"
"<1 years","Randolph","3","0","0"
"Unknown years","Randolph","1","0","0"
"01-04 years","Richmond","756","0","11"
"05-09 years","Richmond","1383","1","10"
"10-17 years","Richmond","3204","0","41"
"18-29 years","Richmond","8639","15","131"
"30-39 years","Richmond","6602","15","182"
"40-49 years","Richmond","4893","35","218"
"50-59 years","Richmond","4461","70","393"
"60-69 years","Richmond","3375","159","482"
"70-79 years","Richmond","1752","187","475"
"80 & Older years","Richmond","959","221","369"
"<1 years","Richmond","246","0","14"
"Unknown years","Richmond","94","0","0"
"01-04 years","Rockdale","288","0","29"
"05-09 years","Rockdale","535","0","24"
"10-17 years","Rockdale","1391","0","64"
"18-29 years","Rockdale","2854","5","244"
"30-39 years","Rockdale","2387","5","265"
"40-49 years","Rockdale","2445","12","267"
"50-59 years","Rockdale","2349","31","351"
"60-69 years","Rockdale","1403","67","311"
"70-79 years","Rockdale","793","82","282"
"80 & Older years","Rockdale","417","87","208"
"<1 years","Rockdale","81","0","12"
"Unknown years","Rockdale","8","0","4"
"01-04 years","Schley","13","0","0"
"05-09 years","Schley","21","0","0"
"10-17 years","Schley","63","0","0"
"18-29 years","Schley","93","0","3"
"30-39 years","Schley","69","0","0"
"40-49 years","Schley","87","0","5"
"50-59 years","Schley","73","2","8"
"60-69 years","Schley","51","1","8"
"70-79 years","Schley","40","5","8"
"80 & Older years","Schley","11","2","3"
"<1 years","Schley","3","0","0"
"Unknown years","Schley","1","0","0"
"01-04 years","Screven","35","0","2"
"05-09 years","Screven","75","0","0"
"10-17 years","Screven","221","0","1"
"18-29 years","Screven","314","0","9"
"30-39 years","Screven","288","1","7"
"40-49 years","Screven","235","4","13"
"50-59 years","Screven","232","6","22"
"60-69 years","Screven","218","6","23"
"70-79 years","Screven","124","10","24"
"80 & Older years","Screven","56","9","16"
"<1 years","Screven","14","0","0"
"Unknown years","Screven","2","0","0"
"01-04 years","Seminole","35","0","0"
"05-09 years","Seminole","62","0","0"
"10-17 years","Seminole","186","0","1"
"18-29 years","Seminole","274","0","5"
"30-39 years","Seminole","224","0","4"
"40-49 years","Seminole","202","0","11"
"50-59 years","Seminole","220","4","10"
"60-69 years","Seminole","222","6","34"
"70-79 years","Seminole","136","7","23"
"80 & Older years","Seminole","60","7","22"
"<1 years","Seminole","16","0","1"
"Unknown years","Seminole","7","0","0"
"01-04 years","Spalding","256","0","2"
"05-09 years","Spalding","360","0","1"
"10-17 years","Spalding","828","0","6"
"18-29 years","Spalding","1960","4","55"
"30-39 years","Spalding","1705","7","62"
"40-49 years","Spalding","1551","17","92"
"50-59 years","Spalding","1483","42","139"
"60-69 years","Spalding","1109","86","172"
"70-79 years","Spalding","703","99","152"
"80 & Older years","Spalding","386","92","109"
"<1 years","Spalding","89","0","3"
"Unknown years","Spalding","12","0","2"
"01-04 years","Stephens","84","0","3"
"05-09 years","Stephens","149","0","1"
"10-17 years","Stephens","511","0","3"
"18-29 years","Stephens","1096","1","28"
"30-39 years","Stephens","733","0","13"
"40-49 years","Stephens","842","1","28"
"50-59 years","Stephens","866","13","59"
"60-69 years","Stephens","792","37","100"
"70-79 years","Stephens","498","40","98"
"80 & Older years","Stephens","236","35","52"
"<1 years","Stephens","35","0","1"
"Unknown years","Stephens","56","0","0"
"01-04 years","Stewart","12","0","1"
"05-09 years","Stewart","25","0","0"
"10-17 years","Stewart","59","0","0"
"18-29 years","Stewart","646","0","24"
"30-39 years","Stewart","582","1","28"
"40-49 years","Stewart","361","2","25"
"50-59 years","Stewart","194","3","21"
"60-69 years","Stewart","105","16","32"
"70-79 years","Stewart","46","4","8"
"80 & Older years","Stewart","35","6","10"
"<1 years","Stewart","4","0","0"
"Unknown years","Stewart","10","0","0"
"01-04 years","Sumter","81","0","1"
"05-09 years","Sumter","137","0","0"
"10-17 years","Sumter","292","0","7"
"18-29 years","Sumter","749","2","25"
"30-39 years","Sumter","602","2","40"
"40-49 years","Sumter","539","12","41"
"50-59 years","Sumter","566","14","71"
"60-69 years","Sumter","451","36","101"
"70-79 years","Sumter","268","38","77"
"80 & Older years","Sumter","178","49","71"
"<1 years","Sumter","43","0","4"
"Unknown years","Sumter","2","0","0"
"01-04 years","Talbot","29","0","1"
"05-09 years","Talbot","40","0","0"
"10-17 years","Talbot","80","0","0"
"18-29 years","Talbot","157","0","5"
"30-39 years","Talbot","116","0","4"
"40-49 years","Talbot","134","3","6"
"50-59 years","Talbot","147","6","13"
"60-69 years","Talbot","123","8","27"
"70-79 years","Talbot","65","8","11"
"80 & Older years","Talbot","38","6","14"
"<1 years","Talbot","8","0","0"
"Unknown years","Talbot","3","0","0"
"01-04 years","Taliaferro","2","0","0"
"05-09 years","Taliaferro","2","0","0"
"10-17 years","Taliaferro","13","0","0"
"18-29 years","Taliaferro","29","0","2"
"30-39 years","Taliaferro","30","0","0"
"40-49 years","Taliaferro","32","0","3"
"50-59 years","Taliaferro","20","0","0"
"60-69 years","Taliaferro","31","1","4"
"70-79 years","Taliaferro","17","1","6"
"80 & Older years","Taliaferro","6","1","2"
"<1 years","Taliaferro","1","0","0"
"01-04 years","Tattnall","80","0","1"
"05-09 years","Tattnall","122","0","1"
"10-17 years","Tattnall","328","0","2"
"18-29 years","Tattnall","626","1","3"
"30-39 years","Tattnall","584","2","11"
"40-49 years","Tattnall","523","0","12"
"50-59 years","Tattnall","530","16","35"
"60-69 years","Tattnall","358","23","47"
"70-79 years","Tattnall","189","32","51"
"80 & Older years","Tattnall","73","8","14"
"<1 years","Tattnall","35","0","0"
"Unknown years","Tattnall","7","0","0"
"01-04 years","Taylor","31","0","2"
"05-09 years","Taylor","82","0","0"
"10-17 years","Taylor","120","0","1"
"18-29 years","Taylor","188","1","6"
"30-39 years","Taylor","148","1","5"
"40-49 years","Taylor","189","2","19"
"50-59 years","Taylor","139","3","24"
"60-69 years","Taylor","126","9","26"
"70-79 years","Taylor","66","11","19"
"80 & Older years","Taylor","43","12","13"
"<1 years","Taylor","9","0","0"
"01-04 years","Telfair","17","0","0"
"05-09 years","Telfair","31","0","0"
"10-17 years","Telfair","67","0","1"
"18-29 years","Telfair","250","0","4"
"30-39 years","Telfair","197","1","5"
"40-49 years","Telfair","195","2","8"
"50-59 years","Telfair","172","8","16"
"60-69 years","Telfair","158","11","24"
"70-79 years","Telfair","96","19","26"
"80 & Older years","Telfair","54","17","14"
"<1 years","Telfair","10","0","0"
"Unknown years","Telfair","3","0","0"
"01-04 years","Terrell","26","0","0"
"05-09 years","Terrell","42","0","0"
"10-17 years","Terrell","195","0","1"
"18-29 years","Terrell","170","0","9"
"30-39 years","Terrell","151","0","16"
"40-49 years","Terrell","136","1","15"
"50-59 years","Terrell","169","8","32"
"60-69 years","Terrell","148","14","46"
"70-79 years","Terrell","84","19","31"
"80 & Older years","Terrell","54","18","21"
"<1 years","Terrell","8","0","0"
"Unknown years","Terrell","5","0","0"
"01-04 years","Thomas","284","1","2"
"05-09 years","Thomas","538","0","3"
"10-17 years","Thomas","1181","0","3"
"18-29 years","Thomas","1518","2","45"
"30-39 years","Thomas","1254","5","40"
"40-49 years","Thomas","1170","12","65"
"50-59 years","Thomas","1175","25","99"
"60-69 years","Thomas","858","30","156"
"70-79 years","Thomas","474","47","117"
"80 & Older years","Thomas","261","57","89"
"<1 years","Thomas","116","0","4"
"Unknown years","Thomas","9","0","0"
"01-04 years","Tift","153","0","8"
"05-09 years","Tift","234","0","5"
"10-17 years","Tift","565","0","10"
"18-29 years","Tift","1359","2","42"
"30-39 years","Tift","1015","4","49"
"40-49 years","Tift","911","11","79"
"50-59 years","Tift","790","20","94"
"60-69 years","Tift","596","29","109"
"70-79 years","Tift","363","45","111"
"80 & Older years","Tift","213","52","80"
"<1 years","Tift","73","0","4"
"Unknown years","Tift","4","0","0"
"01-04 years","Toombs","78","0","0"
"05-09 years","Toombs","141","0","0"
"10-17 years","Toombs","425","0","2"
"18-29 years","Toombs","1072","1","11"
"30-39 years","Toombs","831","2","10"
"40-49 years","Toombs","760","9","40"
"50-59 years","Toombs","750","19","40"
"60-69 years","Toombs","663","36","78"
"70-79 years","Toombs","409","49","55"
"80 & Older years","Toombs","234","54","45"
"<1 years","Toombs","28","0","0"
"Unknown years","Toombs","26","0","0"
"01-04 years","Towns","19","0","0"
"05-09 years","Towns","30","0","1"
"10-17 years","Towns","93","0","2"
"18-29 years","Towns","270","0","5"
"30-39 years","Towns","178","1","5"
"40-49 years","Towns","219","3","7"
"50-59 years","Towns","328","8","30"
"60-69 years","Towns","383","12","33"
"70-79 years","Towns","290","19","54"
"80 & Older years","Towns","193","41","69"
"<1 years","Towns","6","0","0"
"Unknown years","Towns","34","0","0"
"01-04 years","Treutlen","17","0","0"
"05-09 years","Treutlen","35","0","1"
"10-17 years","Treutlen","96","0","1"
"18-29 years","Treutlen","212","0","3"
"30-39 years","Treutlen","197","0","6"
"40-49 years","Treutlen","173","5","7"
"50-59 years","Treutlen","163","3","11"
"60-69 years","Treutlen","112","7","16"
"70-79 years","Treutlen","82","18","14"
"80 & Older years","Treutlen","43","14","12"
"<1 years","Treutlen","2","0","0"
"Unknown years","Treutlen","1","0","0"
"01-04 years","Troup","336","0","3"
"05-09 years","Troup","483","0","1"
"10-17 years","Troup","1147","0","11"
"18-29 years","Troup","2549","2","44"
"30-39 years","Troup","1990","10","65"
"40-49 years","Troup","1635","13","73"
"50-59 years","Troup","1618","41","152"
"60-69 years","Troup","1154","67","146"
"70-79 years","Troup","624","72","129"
"80 & Older years","Troup","395","108","87"
"<1 years","Troup","125","0","3"
"Unknown years","Troup","4","0","0"
"01-04 years","Turner","20","0","0"
"05-09 years","Turner","28","0","2"
"10-17 years","Turner","54","0","2"
"18-29 years","Turner","194","0","6"
"30-39 years","Turner","207","0","17"
"40-49 years","Turner","189","1","10"
"50-59 years","Turner","165","2","19"
"60-69 years","Turner","129","10","34"
"70-79 years","Turner","72","15","19"
"80 & Older years","Turner","41","18","17"
"<1 years","Turner","14","0","1"
"01-04 years","Twiggs","23","0","1"
"05-09 years","Twiggs","22","0","1"
"10-17 years","Twiggs","72","0","1"
"18-29 years","Twiggs","149","0","3"
"30-39 years","Twiggs","135","1","5"
"40-49 years","Twiggs","141","2","13"
"50-59 years","Twiggs","191","4","30"
"60-69 years","Twiggs","170","13","48"
"70-79 years","Twiggs","94","18","37"
"80 & Older years","Twiggs","40","17","22"
"<1 years","Twiggs","4","0","0"
"01-04 years","Union","35","0","0"
"05-09 years","Union","75","0","0"
"10-17 years","Union","242","0","2"
"18-29 years","Union","531","1","7"
"30-39 years","Union","504","3","8"
"40-49 years","Union","477","2","24"
"50-59 years","Union","623","9","48"
"60-69 years","Union","743","21","88"
"70-79 years","Union","626","41","124"
"80 & Older years","Union","326","58","101"
"<1 years","Union","19","0","2"
"Unknown years","Union","89","0","0"
"01-04 years","Unknown","264","0","1"
"05-09 years","Unknown","408","0","0"
"10-17 years","Unknown","863","0","1"
"18-29 years","Unknown","1954","0","10"
"30-39 years","Unknown","1365","0","7"
"40-49 years","Unknown","1328","0","5"
"50-59 years","Unknown","1084","0","10"
"60-69 years","Unknown","617","3","20"
"70-79 years","Unknown","305","2","15"
"80 & Older years","Unknown","143","7","16"
"<1 years","Unknown","142","0","3"
"Unknown years","Unknown","162","0","5"
"01-04 years","Upson","119","0","1"
"05-09 years","Upson","181","0","0"
"10-17 years","Upson","418","1","5"
"18-29 years","Upson","766","0","14"
"30-39 years","Upson","577","2","12"
"40-49 years","Upson","555","2","29"
"50-59 years","Upson","549","17","52"
"60-69 years","Upson","456","40","74"
"70-79 years","Upson","310","54","82"
"80 & Older years","Upson","161","54","53"
"<1 years","Upson","57","0","3"
"Unknown years","Upson","9","0","0"
"01-04 years","Walker","255","0","3"
"05-09 years","Walker","485","0","2"
"10-17 years","Walker","1278","0","10"
"18-29 years","Walker","2512","0","33"
"30-39 years","Walker","2031","1","31"
"40-49 years","Walker","2157","12","67"
"50-59 years","Walker","1893","12","82"
"60-69 years","Walker","1432","43","120"
"70-79 years","Walker","892","59","121"
"80 & Older years","Walker","408","58","75"
"<1 years","Walker","104","0","6"
"Unknown years","Walker","106","0","5"
"01-04 years","Walton","299","0","14"
"05-09 years","Walton","490","0","11"
"10-17 years","Walton","1372","0","36"
"18-29 years","Walton","2818","3","149"
"30-39 years","Walton","2510","8","129"
"40-49 years","Walton","2526","13","174"
"50-59 years","Walton","2417","37","230"
"60-69 years","Walton","1605","62","252"
"70-79 years","Walton","1081","119","245"
"80 & Older years","Walton","608","142","176"
"<1 years","Walton","111","0","9"
"Unknown years","Walton","17","0","0"
"01-04 years","Ware","161","0","1"
"05-09 years","Ware","237","0","0"
"10-17 years","Ware","626","0","5"
"18-29 years","Ware","1115","2","19"
"30-39 years","Ware","923","3","40"
"40-49 years","Ware","844","5","61"
"50-59 years","Ware","758","35","137"
"60-69 years","Ware","579","41","125"
"70-79 years","Ware","409","57","143"
"80 & Older years","Ware","274","76","88"
"<1 years","Ware","62","0","2"
"Unknown years","Ware","1","0","0"
"01-04 years","Warren","10","0","0"
"05-09 years","Warren","14","0","1"
"10-17 years","Warren","46","0","1"
"18-29 years","Warren","130","0","3"
"30-39 years","Warren","101","0","6"
"40-49 years","Warren","90","3","9"
"50-59 years","Warren","98","3","11"
"60-69 years","Warren","72","3","12"
"70-79 years","Warren","54","7","17"
"80 & Older years","Warren","26","7","9"
"<1 years","Warren","7","0","1"
"Unknown years","Warren","4","0","0"
"01-04 years","Washington","107","0","0"
"05-09 years","Washington","154","0","0"
"10-17 years","Washington","383","1","5"
"18-29 years","Washington","550","0","8"
"30-39 years","Washington","494","2","15"
"40-49 years","Washington","466","6","16"
"50-59 years","Washington","417","10","20"
"60-69 years","Washington","352","17","38"
"70-79 years","Washington","174","14","30"
"80 & Older years","Washington","90","30","16"
"<1 years","Washington","39","0","0"
"Unknown years","Washington","2","0","0"
"01-04 years","Wayne","80","0","3"
"05-09 years","Wayne","160","0","1"
"10-17 years","Wayne","516","0","4"
"18-29 years","Wayne","985","2","19"
"30-39 years","Wayne","923","7","24"
"40-49 years","Wayne","934","13","64"
"50-59 years","Wayne","827","26","70"
"60-69 years","Wayne","620","43","111"
"70-79 years","Wayne","429","45","116"
"80 & Older years","Wayne","189","43","50"
"<1 years","Wayne","42","0","2"
"Unknown years","Wayne","6","0","0"
"01-04 years","Webster","1","0","0"
"05-09 years","Webster","10","0","0"
"10-17 years","Webster","19","0","0"
"18-29 years","Webster","47","0","3"
"30-39 years","Webster","26","0","1"
"40-49 years","Webster","41","0","2"
"50-59 years","Webster","40","3","8"
"60-69 years","Webster","39","1","6"
"70-79 years","Webster","17","3","4"
"80 & Older years","Webster","6","1","2"
"<1 years","Webster","4","0","0"
"Unknown years","Webster","1","0","0"
"01-04 years","Wheeler","9","0","0"
"05-09 years","Wheeler","11","0","1"
"10-17 years","Wheeler","51","0","0"
"18-29 years","Wheeler","163","0","0"
"30-39 years","Wheeler","184","2","2"
"40-49 years","Wheeler","171","3","4"
"50-59 years","Wheeler","152","9","12"
"60-69 years","Wheeler","85","6","10"
"70-79 years","Wheeler","57","9","13"
"80 & Older years","Wheeler","17","5","2"
"<1 years","Wheeler","7","0","0"
"Unknown years","Wheeler","25","0","1"
"01-04 years","White","67","0","1"
"05-09 years","White","166","0","1"
"10-17 years","White","577","0","2"
"18-29 years","White","968","1","16"
"30-39 years","White","771","2","12"
"40-49 years","White","867","8","36"
"50-59 years","White","977","11","72"
"60-69 years","White","834","23","98"
"70-79 years","White","640","41","126"
"80 & Older years","White","345","52","99"
"<1 years","White","30","0","2"
"Unknown years","White","18","0","0"
"01-04 years","Whitfield","510","0","3"
"05-09 years","Whitfield","934","0","4"
"10-17 years","Whitfield","2825","0","13"
"18-29 years","Whitfield","6389","3","71"
"30-39 years","Whitfield","4402","7","88"
"40-49 years","Whitfield","4156","12","119"
"50-59 years","Whitfield","3711","58","185"
"60-69 years","Whitfield","2227","77","217"
"70-79 years","Whitfield","1260","95","204"
"80 & Older years","Whitfield","662","135","163"
"<1 years","Whitfield","214","0","5"
"Unknown years","Whitfield","4","0","0"
"01-04 years","Wilcox","29","0","1"
"05-09 years","Wilcox","34","0","1"
"10-17 years","Wilcox","66","0","0"
"18-29 years","Wilcox","112","0","2"
"30-39 years","Wilcox","100","0","3"
"40-49 years","Wilcox","115","0","12"
"50-59 years","Wilcox","126","2","20"
"60-69 years","Wilcox","130","11","30"
"70-79 years","Wilcox","75","12","14"
"80 & Older years","Wilcox","31","8","10"
"<1 years","Wilcox","10","0","1"
"01-04 years","Wilkes","15","0","0"
"05-09 years","Wilkes","34","0","0"
"10-17 years","Wilkes","94","0","1"
"18-29 years","Wilkes","202","1","7"
"30-39 years","Wilkes","146","0","7"
"40-49 years","Wilkes","177","1","20"
"50-59 years","Wilkes","156","5","16"
"60-69 years","Wilkes","141","5","28"
"70-79 years","Wilkes","89","10","31"
"80 & Older years","Wilkes","57","12","23"
"<1 years","Wilkes","11","0","1"
"Unknown years","Wilkes","1","0","0"
"01-04 years","Wilkinson","30","0","0"
"05-09 years","Wilkinson","49","0","0"
"10-17 years","Wilkinson","152","0","1"
"18-29 years","Wilkinson","277","0","4"
"30-39 years","Wilkinson","240","0","15"
"40-49 years","Wilkinson","236","0","11"
"50-59 years","Wilkinson","266","7","34"
"60-69 years","Wilkinson","223","18","52"
"70-79 years","Wilkinson","102","14","26"
"80 & Older years","Wilkinson","56","9","21"
"<1 years","Wilkinson","8","0","0"
"Unknown years","Wilkinson","2","0","0"
"01-04 years","Worth","47","0","1"
"05-09 years","Worth","89","0","1"
"10-17 years","Worth","228","1","5"
"18-29 years","Worth","428","1","20"
"30-39 years","Worth","321","0","20"
"40-49 years","Worth","320","4","27"
"50-59 years","Worth","308","9","41"
"60-69 years","Worth","298","25","71"
"70-79 years","Worth","169","24","51"
"80 & Older years","Worth","104","27","36"
"<1 years","Worth","17","0","0"
"Unknown years","Worth","12","0","0"
