"sex","county name","cases","deaths","hospitalization"
"Female","Georgia","479093","8569","32804"
"Male","Georgia","411666","9732","31478"
"Unknown","Georgia","9025","6","149"
"Female","Appling","1039","27","95"
"Male","Appling","874","40","92"
"Female","Atkinson","435","9","62"
"Male","Atkinson","369","11","62"
"Female","Bacon","547","14","42"
"Male","Bacon","739","15","49"
"Female","Baker","84","2","13"
"Male","Baker","80","8","22"
"Female","Baldwin","2147","37","142"
"Male","Baldwin","1721","80","186"
"Unknown","Baldwin","19","0","0"
"Female","Banks","888","19","113"
"Male","Banks","761","17","87"
"Unknown","Banks","15","0","0"
"Female","Barrow","4806","68","324"
"Male","Barrow","4124","71","300"
"Unknown","Barrow","32","0","1"
"Female","Bartow","5973","101","408"
"Male","Bartow","5314","118","436"
"Unknown","Bartow","111","0","0"
"Female","Ben Hill","863","26","85"
"Male","Ben Hill","639","35","74"
"Unknown","Ben Hill","1","0","0"
"Female","Berrien","589","17","40"
"Male","Berrien","482","16","34"
"Unknown","Berrien","5","0","0"
"Female","Bibb","7703","210","966"
"Male","Bibb","5715","207","831"
"Unknown","Bibb","117","0","2"
"Female","Bleckley","468","18","26"
"Male","Bleckley","335","15","23"
"Unknown","Bleckley","6","0","1"
"Female","Brantley","520","16","48"
"Male","Brantley","440","19","37"
"Unknown","Brantley","1","0","0"
"Female","Brooks","554","12","50"
"Male","Brooks","400","24","41"
"Unknown","Brooks","7","0","0"
"Female","Bryan","1486","18","88"
"Male","Bryan","1308","20","98"
"Unknown","Bryan","38","0","0"
"Female","Bulloch","2934","36","125"
"Male","Bulloch","2267","26","99"
"Female","Burke","1004","24","86"
"Male","Burke","796","16","72"
"Unknown","Burke","10","0","1"
"Female","Butts","1091","35","55"
"Male","Butts","1165","46","83"
"Unknown","Butts","119","0","1"
"Female","Calhoun","226","11","37"
"Male","Calhoun","220","5","38"
"Unknown","Calhoun","2","0","0"
"Female","Camden","1744","17","77"
"Male","Camden","1535","15","65"
"Unknown","Camden","13","0","0"
"Female","Candler","427","14","34"
"Male","Candler","362","24","29"
"Female","Carroll","3955","63","154"
"Male","Carroll","3518","69","162"
"Unknown","Carroll","39","0","1"
"Female","Catoosa","3139","34","139"
"Male","Catoosa","2646","32","121"
"Unknown","Catoosa","91","0","3"
"Female","Charlton","457","11","37"
"Male","Charlton","802","17","31"
"Unknown","Charlton","2","0","0"
"Female","Chatham","11217","199","863"
"Male","Chatham","9199","235","798"
"Unknown","Chatham","195","0","3"
"Female","Chattahoochee","250","1","12"
"Male","Chattahoochee","3480","12","21"
"Unknown","Chattahoochee","14","0","0"
"Female","Chattooga","1215","29","81"
"Male","Chattooga","1036","38","104"
"Unknown","Chattooga","10","0","0"
"Female","Cherokee","12008","137","633"
"Male","Cherokee","10643","180","735"
"Unknown","Cherokee","145","0","2"
"Female","Clarke","7171","61","260"
"Male","Clarke","5696","81","244"
"Unknown","Clarke","54","0","1"
"Female","Clay","106","1","4"
"Male","Clay","75","2","6"
"Unknown","Clay","5","0","0"
"Female","Clayton","13827","235","772"
"Male","Clayton","10525","254","669"
"Unknown","Clayton","155","0","1"
"Female","Clinch","376","10","35"
"Male","Clinch","356","15","33"
"Female","Cobb","32849","458","1665"
"Male","Cobb","28810","544","1716"
"Unknown","Cobb","275","0","9"
"Female","Coffee","2298","73","364"
"Male","Coffee","1960","68","292"
"Female","Colquitt","1879","35","133"
"Male","Colquitt","1758","49","129"
"Unknown","Colquitt","14","0","0"
"Female","Columbia","5969","72","232"
"Male","Columbia","5194","94","253"
"Unknown","Columbia","38","0","2"
"Female","Cook","675","17","59"
"Male","Cook","489","23","48"
"Unknown","Cook","12","0","0"
"Female","Coweta","4636","91","194"
"Male","Coweta","4197","123","201"
"Unknown","Coweta","29","0","0"
"Female","Crawford","289","10","44"
"Male","Crawford","231","9","28"
"Unknown","Crawford","2","0","0"
"Female","Crisp","827","27","102"
"Male","Crisp","610","31","65"
"Unknown","Crisp","23","0","1"
"Female","Dade","642","9","32"
"Male","Dade","584","4","30"
"Unknown","Dade","19","0","0"
"Female","Dawson","1471","18","118"
"Male","Dawson","1265","29","132"
"Unknown","Dawson","27","0","0"
"Female","DeKalb","31900","460","2564"
"Male","DeKalb","26578","515","2255"
"Unknown","DeKalb","524","0","7"
"Female","Decatur","1214","28","81"
"Male","Decatur","932","27","69"
"Unknown","Decatur","18","0","0"
"Female","Dodge","587","27","56"
"Male","Dodge","491","31","53"
"Unknown","Dodge","14","0","0"
"Female","Dooly","435","13","48"
"Male","Dooly","358","17","44"
"Unknown","Dooly","8","0","0"
"Female","Dougherty","3381","153","600"
"Male","Dougherty","2254","132","459"
"Unknown","Dougherty","31","0","0"
"Female","Douglas","6710","89","486"
"Male","Douglas","5522","95","413"
"Unknown","Douglas","48","0","2"
"Female","Early","622","24","48"
"Male","Early","413","18","29"
"Unknown","Early","6","0","0"
"Female","Echols","141","0","3"
"Male","Echols","218","4","10"
"Unknown","Echols","4","0","0"
"Female","Effingham","2048","30","131"
"Male","Effingham","1813","39","129"
"Unknown","Effingham","32","0","0"
"Female","Elbert","910","31","81"
"Male","Elbert","620","28","48"
"Unknown","Elbert","6","0","1"
"Female","Emanuel","1015","32","77"
"Male","Emanuel","748","22","54"
"Unknown","Emanuel","14","0","0"
"Female","Evans","443","7","52"
"Male","Evans","330","11","23"
"Female","Fannin","1166","28","93"
"Male","Fannin","996","33","92"
"Unknown","Fannin","12","0","0"
"Female","Fayette","3566","71","130"
"Male","Fayette","3201","89","145"
"Unknown","Fayette","40","0","0"
"Female","Floyd","5382","78","426"
"Male","Floyd","4598","116","463"
"Unknown","Floyd","99","0","3"
"Female","Forsyth","9093","81","436"
"Male","Forsyth","8630","113","556"
"Unknown","Forsyth","530","0","2"
"Female","Franklin","1315","15","85"
"Male","Franklin","1051","28","70"
"Unknown","Franklin","16","0","0"
"Female","Fulton","44173","635","2719"
"Male","Fulton","39189","705","2597"
"Unknown","Fulton","433","1","5"
"Female","Gilmer","1398","33","119"
"Male","Gilmer","1134","44","109"
"Unknown","Gilmer","25","0","0"
"Female","Glascock","65","3","8"
"Male","Glascock","71","4","12"
"Unknown","Glascock","10","0","0"
"Female","Glynn","3538","74","244"
"Male","Glynn","3211","85","224"
"Unknown","Glynn","59","0","2"
"Female","Gordon","3449","44","161"
"Male","Gordon","2983","60","171"
"Unknown","Gordon","118","0","1"
"Female","Grady","915","18","95"
"Male","Grady","682","31","92"
"Unknown","Grady","19","0","0"
"Female","Greene","827","25","66"
"Male","Greene","685","29","75"
"Unknown","Greene","4","0","0"
"Female","Gwinnett","46586","522","2850"
"Male","Gwinnett","40890","598","2676"
"Unknown","Gwinnett","303","0","2"
"Female","Habersham","2542","81","233"
"Male","Habersham","2114","73","251"
"Unknown","Habersham","36","0","0"
"Female","Hall","13387","218","1182"
"Male","Hall","11814","246","1265"
"Unknown","Hall","279","1","3"
"Female","Hancock","414","26","52"
"Male","Hancock","423","40","56"
"Unknown","Hancock","5","0","0"
"Female","Haralson","897","17","45"
"Male","Haralson","809","18","34"
"Unknown","Haralson","18","0","0"
"Female","Harris","1182","29","84"
"Male","Harris","1024","30","80"
"Unknown","Harris","40","1","0"
"Female","Hart","995","17","67"
"Male","Hart","738","22","63"
"Unknown","Hart","7","0","0"
"Female","Heard","352","11","20"
"Male","Heard","302","6","29"
"Female","Henry","10833","139","341"
"Male","Henry","8780","169","296"
"Unknown","Henry","78","0","0"
"Female","Houston","5522","95","414"
"Male","Houston","4605","110","399"
"Unknown","Houston","85","0","1"
"Female","Irwin","366","11","43"
"Male","Irwin","386","8","39"
"Unknown","Irwin","3","0","0"
"Female","Jackson","4634","66","239"
"Male","Jackson","3941","73","278"
"Unknown","Jackson","44","0","1"
"Female","Jasper","366","7","30"
"Male","Jasper","318","11","31"
"Unknown","Jasper","4","0","0"
"Female","Jeff Davis","689","14","43"
"Male","Jeff Davis","621","21","50"
"Female","Jefferson","919","28","87"
"Male","Jefferson","665","33","70"
"Unknown","Jefferson","10","0","1"
"Female","Jenkins","431","17","39"
"Male","Jenkins","298","21","45"
"Unknown","Jenkins","1","1","1"
"Female","Johnson","388","17","51"
"Male","Johnson","406","26","46"
"Unknown","Johnson","1","0","0"
"Female","Jones","927","24","87"
"Male","Jones","691","29","84"
"Unknown","Jones","2","0","0"
"Female","Lamar","773","21","64"
"Male","Lamar","590","26","61"
"Unknown","Lamar","4","0","0"
"Female","Lanier","227","3","10"
"Male","Lanier","281","6","18"
"Unknown","Lanier","5","0","0"
"Female","Laurens","2161","55","173"
"Male","Laurens","1582","92","186"
"Unknown","Laurens","14","0","1"
"Female","Lee","893","26","94"
"Male","Lee","724","24","95"
"Unknown","Lee","6","0","0"
"Female","Liberty","1815","28","117"
"Male","Liberty","1600","34","113"
"Unknown","Liberty","191","0","0"
"Female","Lincoln","284","14","29"
"Male","Lincoln","239","11","25"
"Unknown","Lincoln","11","0","0"
"Female","Long","374","4","28"
"Male","Long","312","7","22"
"Unknown","Long","7","0","0"
"Female","Lowndes","4416","81","220"
"Male","Lowndes","3531","64","177"
"Unknown","Lowndes","42","0","0"
"Female","Lumpkin","1545","36","161"
"Male","Lumpkin","1293","31","135"
"Unknown","Lumpkin","15","0","0"
"Female","Macon","326","12","37"
"Male","Macon","301","19","50"
"Unknown","Macon","1","0","0"
"Female","Madison","1505","21","82"
"Male","Madison","1271","26","80"
"Unknown","Madison","9","0","0"
"Female","Marion","250","13","19"
"Male","Marion","156","8","22"
"Unknown","Marion","2","0","0"
"Female","McDuffie","940","26","90"
"Male","McDuffie","699","17","73"
"Unknown","McDuffie","80","0","1"
"Female","McIntosh","388","9","29"
"Male","McIntosh","310","5","30"
"Unknown","McIntosh","5","0","0"
"Female","Meriwether","920","37","90"
"Male","Meriwether","644","39","71"
"Unknown","Meriwether","7","0","0"
"Female","Miller","384","3","20"
"Male","Miller","300","6","21"
"Unknown","Miller","1","0","0"
"Female","Mitchell","830","34","121"
"Male","Mitchell","717","42","112"
"Unknown","Mitchell","5","0","0"
"Female","Monroe","1020","44","98"
"Male","Monroe","873","44","102"
"Unknown","Monroe","23","0","0"
"Female","Montgomery","403","11","24"
"Male","Montgomery","330","10","19"
"Unknown","Montgomery","6","0","0"
"Female","Morgan","660","8","39"
"Male","Morgan","545","16","53"
"Unknown","Morgan","8","0","1"
"Female","Murray","2269","33","121"
"Male","Murray","1940","52","144"
"Unknown","Murray","27","0","3"
"Female","Muscogee","8275","232","660"
"Male","Muscogee","6318","194","566"
"Unknown","Muscogee","197","1","2"
"Female","Newton","4361","114","365"
"Male","Newton","3302","121","313"
"Unknown","Newton","22","0","1"
"Female","Non-GA Resident/Unknown State","9946","208","530"
"Male","Non-GA Resident/Unknown State","11472","278","721"
"Unknown","Non-GA Resident/Unknown State","2280","1","40"
"Female","Oconee","1631","27","68"
"Male","Oconee","1451","39","63"
"Unknown","Oconee","11","0","0"
"Female","Oglethorpe","691","9","38"
"Male","Oglethorpe","523","20","40"
"Unknown","Oglethorpe","3","0","0"
"Female","Paulding","6013","85","232"
"Male","Paulding","4937","88","206"
"Unknown","Paulding","104","0","5"
"Female","Peach","1065","30","123"
"Male","Peach","825","29","106"
"Unknown","Peach","8","0","1"
"Female","Pickens","1408","28","114"
"Male","Pickens","1164","36","107"
"Unknown","Pickens","12","0","0"
"Female","Pierce","728","21","71"
"Male","Pierce","558","26","78"
"Female","Pike","595","10","48"
"Male","Pike","492","18","27"
"Unknown","Pike","12","0","1"
"Female","Polk","2103","42","193"
"Male","Polk","1843","42","185"
"Unknown","Polk","35","0","2"
"Female","Pulaski","405","21","33"
"Male","Pulaski","211","12","24"
"Unknown","Pulaski","1","0","0"
"Female","Putnam","975","21","79"
"Male","Putnam","835","38","88"
"Unknown","Putnam","6","0","0"
"Female","Quitman","52","1","6"
"Male","Quitman","29","1","5"
"Female","Rabun","820","19","84"
"Male","Rabun","743","22","70"
"Unknown","Rabun","11","0","1"
"Female","Randolph","281","21","52"
"Male","Randolph","195","12","32"
"Female","Richmond","11200","179","688"
"Male","Richmond","9050","251","692"
"Unknown","Richmond","142","0","12"
"Female","Rockdale","3501","73","493"
"Male","Rockdale","2690","82","409"
"Unknown","Rockdale","16","0","0"
"Female","Schley","115","1","10"
"Male","Schley","96","4","11"
"Female","Screven","477","12","40"
"Male","Screven","350","9","32"
"Unknown","Screven","5","0","0"
"Female","Seminole","421","9","43"
"Male","Seminole","327","9","26"
"Unknown","Seminole","3","0","0"
"Female","Spalding","2347","86","281"
"Male","Spalding","1853","81","202"
"Unknown","Spalding","23","0","0"
"Female","Stephens","1686","41","136"
"Male","Stephens","1328","37","123"
"Unknown","Stephens","18","0","1"
"Female","Stewart","206","9","26"
"Male","Stewart","625","16","102"
"Unknown","Stewart","22","0","0"
"Female","Sumter","1060","41","143"
"Male","Sumter","780","55","127"
"Unknown","Sumter","6","0","0"
"Female","Talbot","228","6","20"
"Male","Talbot","168","12","23"
"Unknown","Talbot","4","0","0"
"Female","Taliaferro","56","0","1"
"Male","Taliaferro","45","3","8"
"Unknown","Taliaferro","1","0","0"
"Female","Tattnall","963","22","57"
"Male","Tattnall","911","27","63"
"Female","Taylor","284","12","37"
"Male","Taylor","228","10","37"
"Unknown","Taylor","4","0","0"
"Female","Telfair","358","20","29"
"Male","Telfair","358","27","42"
"Unknown","Telfair","18","0","0"
"Female","Terrell","345","25","62"
"Male","Terrell","233","23","55"
"Unknown","Terrell","6","0","0"
"Female","Thomas","2118","64","195"
"Male","Thomas","1535","50","168"
"Unknown","Thomas","17","0","0"
"Female","Tift","1930","44","244"
"Male","Tift","1516","57","178"
"Unknown","Tift","31","0","0"
"Female","Toombs","1670","57","99"
"Male","Toombs","1297","43","101"
"Female","Towns","641","21","70"
"Male","Towns","487","25","67"
"Unknown","Towns","7","0","0"
"Female","Treutlen","353","15","27"
"Male","Treutlen","284","14","28"
"Unknown","Treutlen","5","0","0"
"Female","Troup","3402","108","288"
"Male","Troup","2580","86","247"
"Unknown","Troup","56","0","1"
"Female","Turner","359","14","46"
"Male","Turner","255","21","42"
"Unknown","Turner","1","0","0"
"Female","Twiggs","274","13","46"
"Male","Twiggs","236","26","61"
"Unknown","Twiggs","2","0","0"
"Female","Union","1196","42","100"
"Male","Union","891","33","123"
"Unknown","Union","11","0","1"
"Female","Unknown","795","1","13"
"Male","Unknown","989","3","20"
"Unknown","Unknown","490","0","7"
"Female","Upson","1037","59","101"
"Male","Upson","790","53","81"
"Unknown","Upson","11","0","0"
"Female","Walker","3579","46","140"
"Male","Walker","3080","36","152"
"Unknown","Walker","80","0","3"
"Female","Walton","4539","113","267"
"Male","Walton","3579","127","252"
"Unknown","Walton","72","0","0"
"Female","Ware","1709","82","178"
"Male","Ware","1368","70","182"
"Female","Warren","219","8","31"
"Male","Warren","164","9","19"
"Unknown","Warren","8","0","0"
"Female","Washington","898","30","61"
"Male","Washington","744","32","57"
"Unknown","Washington","6","0","0"
"Female","Wayne","1399","38","132"
"Male","Wayne","1390","43","146"
"Unknown","Wayne","1","0","0"
"Female","Webster","66","2","8"
"Male","Webster","39","2","7"
"Unknown","Webster","2","0","0"
"Female","Wheeler","156","0","3"
"Male","Wheeler","293","21","32"
"Unknown","Wheeler","15","0","0"
"Female","White","1621","31","141"
"Male","White","1382","37","152"
"Unknown","White","12","0","0"
"Female","Whitfield","7941","111","392"
"Male","Whitfield","6945","121","388"
"Unknown","Whitfield","110","0","4"
"Female","Wilcox","216","11","27"
"Male","Wilcox","263","19","47"
"Unknown","Wilcox","3","0","0"
"Female","Wilkes","373","9","37"
"Male","Wilkes","314","14","39"
"Unknown","Wilkes","4","0","0"
"Female","Wilkinson","409","15","60"
"Male","Wilkinson","324","12","63"
"Unknown","Wilkinson","6","0","0"
"Female","Worth","707","31","105"
"Male","Worth","490","30","74"
"Unknown","Worth","5","0","0"
