"age group","county name","cases","deaths","hospitalization"
"01-04 years","Georgia","7824","1","147"
"05-09 years","Georgia","12637","2","110"
"10-17 years","Georgia","45237","5","435"
"18-29 years","Georgia","149830","78","2904"
"30-39 years","Georgia","105603","173","3802"
"40-49 years","Georgia","102283","393","5488"
"50-59 years","Georgia","96574","956","7935"
"60-69 years","Georgia","65423","2062","9285"
"70-79 years","Georgia","38591","2949","8504"
"80 & Older years","Georgia","22872","3959","6717"
"<1 years","Georgia","2257","0","113"
"Unknown years","Georgia","5225","2","93"
"01-04 years","Appling","21","0","0"
"05-09 years","Appling","43","0","0"
"10-17 years","Appling","128","0","1"
"18-29 years","Appling","294","1","4"
"30-39 years","Appling","210","1","5"
"40-49 years","Appling","219","2","16"
"50-59 years","Appling","241","5","20"
"60-69 years","Appling","199","10","37"
"70-79 years","Appling","137","12","28"
"80 & Older years","Appling","65","12","22"
"<1 years","Appling","3","0","0"
"Unknown years","Appling","6","0","0"
"01-04 years","Atkinson","5","0","1"
"05-09 years","Atkinson","17","0","1"
"10-17 years","Atkinson","44","0","0"
"18-29 years","Atkinson","154","0","8"
"30-39 years","Atkinson","113","0","8"
"40-49 years","Atkinson","117","0","18"
"50-59 years","Atkinson","120","1","18"
"60-69 years","Atkinson","73","4","20"
"70-79 years","Atkinson","43","3","12"
"80 & Older years","Atkinson","14","2","9"
"<1 years","Atkinson","3","0","0"
"01-04 years","Bacon","17","0","0"
"05-09 years","Bacon","20","0","0"
"10-17 years","Bacon","59","0","1"
"18-29 years","Bacon","207","0","1"
"30-39 years","Bacon","117","0","4"
"40-49 years","Bacon","143","1","8"
"50-59 years","Bacon","136","2","15"
"60-69 years","Bacon","100","7","17"
"70-79 years","Bacon","66","4","11"
"80 & Older years","Bacon","34","7","7"
"<1 years","Bacon","6","0","0"
"Unknown years","Bacon","1","0","0"
"01-04 years","Baker","5","0","0"
"05-09 years","Baker","4","0","0"
"10-17 years","Baker","9","0","0"
"18-29 years","Baker","21","0","0"
"30-39 years","Baker","20","0","2"
"40-49 years","Baker","12","0","1"
"50-59 years","Baker","16","0","1"
"60-69 years","Baker","24","2","10"
"70-79 years","Baker","17","2","10"
"80 & Older years","Baker","8","2","3"
"<1 years","Baker","1","0","0"
"01-04 years","Baldwin","25","0","0"
"05-09 years","Baldwin","46","0","0"
"10-17 years","Baldwin","139","0","4"
"18-29 years","Baldwin","1119","0","13"
"30-39 years","Baldwin","379","1","12"
"40-49 years","Baldwin","397","2","28"
"50-59 years","Baldwin","406","9","42"
"60-69 years","Baldwin","318","16","57"
"70-79 years","Baldwin","205","19","41"
"80 & Older years","Baldwin","119","27","39"
"<1 years","Baldwin","8","0","0"
"Unknown years","Baldwin","1","0","0"
"01-04 years","Banks","6","0","0"
"05-09 years","Banks","19","0","1"
"10-17 years","Banks","88","0","2"
"18-29 years","Banks","229","0","4"
"30-39 years","Banks","166","0","3"
"40-49 years","Banks","179","0","13"
"50-59 years","Banks","200","0","18"
"60-69 years","Banks","167","4","34"
"70-79 years","Banks","132","9","48"
"80 & Older years","Banks","73","7","26"
"<1 years","Banks","4","0","1"
"Unknown years","Banks","43","0","1"
"01-04 years","Barrow","54","0","0"
"05-09 years","Barrow","101","0","0"
"10-17 years","Barrow","412","0","4"
"18-29 years","Barrow","1218","1","29"
"30-39 years","Barrow","1034","1","36"
"40-49 years","Barrow","1062","4","49"
"50-59 years","Barrow","896","2","72"
"60-69 years","Barrow","615","16","101"
"70-79 years","Barrow","342","19","75"
"80 & Older years","Barrow","183","32","62"
"<1 years","Barrow","22","0","2"
"Unknown years","Barrow","19","0","0"
"01-04 years","Bartow","63","0","2"
"05-09 years","Bartow","136","0","1"
"10-17 years","Bartow","658","0","4"
"18-29 years","Bartow","1434","0","15"
"30-39 years","Bartow","1191","3","32"
"40-49 years","Bartow","1226","0","53"
"50-59 years","Bartow","1260","10","99"
"60-69 years","Bartow","743","21","106"
"70-79 years","Bartow","548","44","117"
"80 & Older years","Bartow","278","55","87"
"<1 years","Bartow","22","0","1"
"Unknown years","Bartow","89","0","7"
"01-04 years","Ben Hill","28","0","1"
"05-09 years","Ben Hill","18","0","0"
"10-17 years","Ben Hill","88","0","0"
"18-29 years","Ben Hill","225","0","4"
"30-39 years","Ben Hill","198","2","8"
"40-49 years","Ben Hill","170","0","9"
"50-59 years","Ben Hill","220","2","24"
"60-69 years","Ben Hill","183","11","24"
"70-79 years","Ben Hill","130","17","45"
"80 & Older years","Ben Hill","58","10","13"
"<1 years","Ben Hill","4","0","0"
"Unknown years","Ben Hill","2","0","0"
"01-04 years","Berrien","14","0","0"
"05-09 years","Berrien","17","0","0"
"10-17 years","Berrien","66","0","0"
"18-29 years","Berrien","170","0","0"
"30-39 years","Berrien","136","0","2"
"40-49 years","Berrien","126","0","3"
"50-59 years","Berrien","141","1","13"
"60-69 years","Berrien","108","4","12"
"70-79 years","Berrien","71","7","11"
"80 & Older years","Berrien","40","9","9"
"<1 years","Berrien","2","0","0"
"Unknown years","Berrien","1","0","0"
"01-04 years","Bibb","116","0","2"
"05-09 years","Bibb","148","0","0"
"10-17 years","Bibb","501","0","6"
"18-29 years","Bibb","2386","1","67"
"30-39 years","Bibb","1694","4","82"
"40-49 years","Bibb","1680","10","156"
"50-59 years","Bibb","1542","14","194"
"60-69 years","Bibb","1219","54","302"
"70-79 years","Bibb","738","72","225"
"80 & Older years","Bibb","453","95","203"
"<1 years","Bibb","39","0","4"
"Unknown years","Bibb","13","0","0"
"01-04 years","Bleckley","3","0","0"
"05-09 years","Bleckley","10","0","0"
"10-17 years","Bleckley","61","0","0"
"18-29 years","Bleckley","164","0","3"
"30-39 years","Bleckley","74","0","1"
"40-49 years","Bleckley","92","1","2"
"50-59 years","Bleckley","91","2","4"
"60-69 years","Bleckley","76","7","9"
"70-79 years","Bleckley","57","3","11"
"80 & Older years","Bleckley","61","17","12"
"<1 years","Bleckley","2","0","0"
"01-04 years","Brantley","12","0","0"
"05-09 years","Brantley","7","0","0"
"10-17 years","Brantley","60","0","1"
"18-29 years","Brantley","128","0","1"
"30-39 years","Brantley","90","0","3"
"40-49 years","Brantley","107","1","5"
"50-59 years","Brantley","119","2","12"
"60-69 years","Brantley","91","3","10"
"70-79 years","Brantley","62","8","15"
"80 & Older years","Brantley","39","7","9"
"<1 years","Brantley","1","0","0"
"01-04 years","Brooks","14","0","0"
"05-09 years","Brooks","17","0","0"
"10-17 years","Brooks","78","0","0"
"18-29 years","Brooks","154","0","0"
"30-39 years","Brooks","111","0","2"
"40-49 years","Brooks","101","0","10"
"50-59 years","Brooks","126","2","15"
"60-69 years","Brooks","89","6","12"
"70-79 years","Brooks","75","9","19"
"80 & Older years","Brooks","54","12","13"
"<1 years","Brooks","3","0","0"
"Unknown years","Brooks","1","0","0"
"01-04 years","Bryan","33","0","0"
"05-09 years","Bryan","44","0","0"
"10-17 years","Bryan","167","0","1"
"18-29 years","Bryan","397","0","8"
"30-39 years","Bryan","320","1","8"
"40-49 years","Bryan","336","0","13"
"50-59 years","Bryan","276","4","24"
"60-69 years","Bryan","179","5","23"
"70-79 years","Bryan","121","5","36"
"80 & Older years","Bryan","55","3","18"
"<1 years","Bryan","10","0","0"
"Unknown years","Bryan","6","0","0"
"01-04 years","Bulloch","50","0","0"
"05-09 years","Bulloch","60","0","0"
"10-17 years","Bulloch","232","0","2"
"18-29 years","Bulloch","1948","0","7"
"30-39 years","Bulloch","483","4","20"
"40-49 years","Bulloch","414","2","24"
"50-59 years","Bulloch","399","2","23"
"60-69 years","Bulloch","290","12","35"
"70-79 years","Bulloch","149","10","28"
"80 & Older years","Bulloch","88","9","28"
"<1 years","Bulloch","18","0","2"
"Unknown years","Bulloch","19","0","1"
"01-04 years","Burke","14","0","0"
"05-09 years","Burke","32","0","0"
"10-17 years","Burke","96","0","1"
"18-29 years","Burke","268","0","6"
"30-39 years","Burke","204","0","7"
"40-49 years","Burke","217","2","11"
"50-59 years","Burke","204","1","28"
"60-69 years","Burke","162","5","33"
"70-79 years","Burke","96","5","23"
"80 & Older years","Burke","30","5","11"
"<1 years","Burke","5","0","0"
"Unknown years","Burke","2","0","0"
"01-04 years","Butts","17","0","2"
"05-09 years","Butts","16","0","0"
"10-17 years","Butts","78","0","1"
"18-29 years","Butts","268","0","5"
"30-39 years","Butts","244","0","7"
"40-49 years","Butts","232","3","12"
"50-59 years","Butts","250","3","17"
"60-69 years","Butts","192","9","26"
"70-79 years","Butts","142","13","15"
"80 & Older years","Butts","94","22","5"
"<1 years","Butts","3","0","0"
"01-04 years","Calhoun","2","0","0"
"05-09 years","Calhoun","2","0","0"
"10-17 years","Calhoun","30","0","0"
"18-29 years","Calhoun","58","0","5"
"30-39 years","Calhoun","49","2","5"
"40-49 years","Calhoun","72","1","9"
"50-59 years","Calhoun","65","2","12"
"60-69 years","Calhoun","59","2","17"
"70-79 years","Calhoun","22","2","7"
"80 & Older years","Calhoun","11","2","6"
"<1 years","Calhoun","2","0","0"
"Unknown years","Calhoun","1","0","0"
"01-04 years","Camden","34","0","0"
"05-09 years","Camden","32","0","1"
"10-17 years","Camden","155","0","1"
"18-29 years","Camden","629","0","4"
"30-39 years","Camden","393","0","12"
"40-49 years","Camden","328","1","10"
"50-59 years","Camden","379","1","16"
"60-69 years","Camden","279","6","20"
"70-79 years","Camden","164","1","17"
"80 & Older years","Camden","74","11","18"
"<1 years","Camden","7","0","1"
"Unknown years","Camden","9","0","0"
"01-04 years","Candler","8","0","0"
"05-09 years","Candler","12","0","0"
"10-17 years","Candler","47","0","0"
"18-29 years","Candler","119","0","0"
"30-39 years","Candler","86","0","2"
"40-49 years","Candler","104","2","1"
"50-59 years","Candler","111","5","9"
"60-69 years","Candler","89","7","13"
"70-79 years","Candler","54","10","16"
"80 & Older years","Candler","24","4","10"
"<1 years","Candler","4","0","0"
"Unknown years","Candler","1","0","0"
"01-04 years","Carroll","68","0","1"
"05-09 years","Carroll","92","0","1"
"10-17 years","Carroll","446","0","6"
"18-29 years","Carroll","1409","0","11"
"30-39 years","Carroll","844","4","18"
"40-49 years","Carroll","832","4","23"
"50-59 years","Carroll","855","10","52"
"60-69 years","Carroll","604","17","62"
"70-79 years","Carroll","351","27","54"
"80 & Older years","Carroll","227","38","36"
"<1 years","Carroll","24","0","0"
"Unknown years","Carroll","10","0","0"
"01-04 years","Catoosa","57","0","0"
"05-09 years","Catoosa","86","0","1"
"10-17 years","Catoosa","335","0","1"
"18-29 years","Catoosa","713","0","7"
"30-39 years","Catoosa","519","1","7"
"40-49 years","Catoosa","613","1","11"
"50-59 years","Catoosa","567","5","21"
"60-69 years","Catoosa","418","5","39"
"70-79 years","Catoosa","265","13","39"
"80 & Older years","Catoosa","188","17","36"
"<1 years","Catoosa","25","0","0"
"Unknown years","Catoosa","91","0","5"
"01-04 years","Charlton","11","0","0"
"05-09 years","Charlton","22","0","0"
"10-17 years","Charlton","51","0","0"
"18-29 years","Charlton","160","0","1"
"30-39 years","Charlton","186","0","4"
"40-49 years","Charlton","164","2","8"
"50-59 years","Charlton","122","0","4"
"60-69 years","Charlton","123","4","12"
"70-79 years","Charlton","42","4","9"
"80 & Older years","Charlton","20","3","9"
"<1 years","Charlton","2","0","0"
"Unknown years","Charlton","1","0","0"
"01-04 years","Chatham","252","0","3"
"05-09 years","Chatham","296","1","0"
"10-17 years","Chatham","898","0","13"
"18-29 years","Chatham","3700","2","42"
"30-39 years","Chatham","2527","4","98"
"40-49 years","Chatham","1993","11","117"
"50-59 years","Chatham","1825","26","189"
"60-69 years","Chatham","1438","47","256"
"70-79 years","Chatham","780","70","236"
"80 & Older years","Chatham","484","96","193"
"<1 years","Chatham","69","0","4"
"Unknown years","Chatham","58","0","2"
"01-04 years","Chattahoochee","8","0","0"
"05-09 years","Chattahoochee","6","0","0"
"10-17 years","Chattahoochee","101","0","2"
"18-29 years","Chattahoochee","1780","0","1"
"30-39 years","Chattahoochee","194","0","3"
"40-49 years","Chattahoochee","47","0","0"
"50-59 years","Chattahoochee","20","0","5"
"60-69 years","Chattahoochee","15","0","4"
"70-79 years","Chattahoochee","6","0","2"
"80 & Older years","Chattahoochee","6","1","3"
"<1 years","Chattahoochee","8","0","0"
"Unknown years","Chattahoochee","1","0","0"
"01-04 years","Chattooga","9","0","0"
"05-09 years","Chattooga","19","0","0"
"10-17 years","Chattooga","142","0","0"
"18-29 years","Chattooga","292","0","4"
"30-39 years","Chattooga","237","0","5"
"40-49 years","Chattooga","278","1","9"
"50-59 years","Chattooga","266","5","13"
"60-69 years","Chattooga","233","12","32"
"70-79 years","Chattooga","145","11","35"
"80 & Older years","Chattooga","104","17","23"
"<1 years","Chattooga","8","0","1"
"Unknown years","Chattooga","19","0","1"
"01-04 years","Cherokee","160","0","7"
"05-09 years","Cherokee","370","0","4"
"10-17 years","Cherokee","1518","0","7"
"18-29 years","Cherokee","3136","1","61"
"30-39 years","Cherokee","2183","1","81"
"40-49 years","Cherokee","2460","3","94"
"50-59 years","Cherokee","2418","9","148"
"60-69 years","Cherokee","1408","20","161"
"70-79 years","Cherokee","935","38","169"
"80 & Older years","Cherokee","609","72","159"
"<1 years","Cherokee","32","0","1"
"Unknown years","Cherokee","62","0","2"
"01-04 years","Clarke","125","0","0"
"05-09 years","Clarke","148","0","1"
"10-17 years","Clarke","420","0","4"
"18-29 years","Clarke","4864","0","22"
"30-39 years","Clarke","1207","1","30"
"40-49 years","Clarke","977","2","37"
"50-59 years","Clarke","845","5","50"
"60-69 years","Clarke","597","12","71"
"70-79 years","Clarke","349","24","83"
"80 & Older years","Clarke","187","27","48"
"<1 years","Clarke","31","0","1"
"Unknown years","Clarke","39","0","0"
"01-04 years","Clay","2","0","0"
"05-09 years","Clay","2","0","0"
"10-17 years","Clay","13","0","0"
"18-29 years","Clay","27","0","0"
"30-39 years","Clay","25","0","1"
"40-49 years","Clay","22","0","0"
"50-59 years","Clay","16","0","1"
"60-69 years","Clay","22","1","2"
"70-79 years","Clay","15","0","0"
"80 & Older years","Clay","14","2","5"
"Unknown years","Clay","1","0","0"
"01-04 years","Clayton","239","0","7"
"05-09 years","Clayton","347","1","8"
"10-17 years","Clayton","963","0","21"
"18-29 years","Clayton","3303","4","76"
"30-39 years","Clayton","2808","6","119"
"40-49 years","Clayton","2569","23","144"
"50-59 years","Clayton","2377","29","211"
"60-69 years","Clayton","1507","60","190"
"70-79 years","Clayton","659","54","125"
"80 & Older years","Clayton","340","61","82"
"<1 years","Clayton","50","0","1"
"Unknown years","Clayton","44","0","2"
"01-04 years","Clinch","10","0","0"
"05-09 years","Clinch","15","0","0"
"10-17 years","Clinch","67","0","0"
"18-29 years","Clinch","114","0","2"
"30-39 years","Clinch","91","1","4"
"40-49 years","Clinch","81","0","3"
"50-59 years","Clinch","81","1","12"
"60-69 years","Clinch","87","6","13"
"70-79 years","Clinch","46","6","16"
"80 & Older years","Clinch","15","1","4"
"<1 years","Clinch","1","0","0"
"Unknown years","Clinch","1","0","0"
"01-04 years","Cobb","479","1","13"
"05-09 years","Cobb","836","0","6"
"10-17 years","Cobb","2810","0","24"
"18-29 years","Cobb","11351","4","209"
"30-39 years","Cobb","7451","12","216"
"40-49 years","Cobb","6929","22","346"
"50-59 years","Cobb","6232","35","451"
"60-69 years","Cobb","3797","87","442"
"70-79 years","Cobb","2097","179","390"
"80 & Older years","Cobb","1326","249","347"
"<1 years","Cobb","139","0","8"
"Unknown years","Cobb","117","0","3"
"01-04 years","Coffee","67","0","2"
"05-09 years","Coffee","85","0","4"
"10-17 years","Coffee","248","0","3"
"18-29 years","Coffee","724","0","20"
"30-39 years","Coffee","535","3","39"
"40-49 years","Coffee","614","3","78"
"50-59 years","Coffee","600","5","105"
"60-69 years","Coffee","477","22","116"
"70-79 years","Coffee","263","26","102"
"80 & Older years","Coffee","136","28","74"
"<1 years","Coffee","12","0","0"
"Unknown years","Coffee","1","0","0"
"01-04 years","Colquitt","35","0","0"
"05-09 years","Colquitt","69","0","1"
"10-17 years","Colquitt","244","0","4"
"18-29 years","Colquitt","603","0","16"
"30-39 years","Colquitt","415","0","16"
"40-49 years","Colquitt","431","4","33"
"50-59 years","Colquitt","376","10","30"
"60-69 years","Colquitt","269","11","32"
"70-79 years","Colquitt","154","6","33"
"80 & Older years","Colquitt","109","15","22"
"<1 years","Colquitt","12","0","0"
"Unknown years","Colquitt","6","0","0"
"01-04 years","Columbia","77","0","2"
"05-09 years","Columbia","185","0","0"
"10-17 years","Columbia","736","0","1"
"18-29 years","Columbia","1767","0","14"
"30-39 years","Columbia","1530","2","20"
"40-49 years","Columbia","1388","6","35"
"50-59 years","Columbia","1222","11","57"
"60-69 years","Columbia","757","13","64"
"70-79 years","Columbia","404","29","66"
"80 & Older years","Columbia","238","38","66"
"<1 years","Columbia","21","0","1"
"Unknown years","Columbia","11","0","0"
"01-04 years","Cook","12","0","1"
"05-09 years","Cook","21","0","0"
"10-17 years","Cook","86","0","1"
"18-29 years","Cook","203","0","5"
"30-39 years","Cook","158","0","4"
"40-49 years","Cook","162","0","12"
"50-59 years","Cook","144","2","15"
"60-69 years","Cook","114","6","16"
"70-79 years","Cook","95","10","24"
"80 & Older years","Cook","47","8","12"
"<1 years","Cook","5","0","0"
"Unknown years","Cook","2","0","0"
"01-04 years","Coweta","75","0","0"
"05-09 years","Coweta","127","0","0"
"10-17 years","Coweta","449","0","3"
"18-29 years","Coweta","1189","1","14"
"30-39 years","Coweta","895","0","20"
"40-49 years","Coweta","952","3","26"
"50-59 years","Coweta","1074","8","47"
"60-69 years","Coweta","679","19","41"
"70-79 years","Coweta","430","20","46"
"80 & Older years","Coweta","231","35","31"
"<1 years","Coweta","24","0","1"
"Unknown years","Coweta","11","0","0"
"01-04 years","Crawford","1","0","0"
"05-09 years","Crawford","2","0","0"
"10-17 years","Crawford","22","0","0"
"18-29 years","Crawford","61","0","2"
"30-39 years","Crawford","55","0","4"
"40-49 years","Crawford","45","1","3"
"50-59 years","Crawford","94","2","11"
"60-69 years","Crawford","80","3","13"
"70-79 years","Crawford","31","3","10"
"80 & Older years","Crawford","19","0","4"
"01-04 years","Crisp","15","0","0"
"05-09 years","Crisp","19","0","0"
"10-17 years","Crisp","80","0","1"
"18-29 years","Crisp","168","0","7"
"30-39 years","Crisp","169","1","11"
"40-49 years","Crisp","153","1","13"
"50-59 years","Crisp","151","3","21"
"60-69 years","Crisp","156","9","30"
"70-79 years","Crisp","82","8","28"
"80 & Older years","Crisp","66","8","15"
"<1 years","Crisp","7","0","0"
"Unknown years","Crisp","12","0","0"
"01-04 years","Dade","8","0","0"
"05-09 years","Dade","21","0","0"
"10-17 years","Dade","71","0","0"
"18-29 years","Dade","161","0","1"
"30-39 years","Dade","107","0","1"
"40-49 years","Dade","136","0","5"
"50-59 years","Dade","121","1","7"
"60-69 years","Dade","88","1","4"
"70-79 years","Dade","67","5","15"
"80 & Older years","Dade","43","1","8"
"<1 years","Dade","6","0","0"
"Unknown years","Dade","24","0","1"
"01-04 years","Dawson","19","0","0"
"05-09 years","Dawson","29","0","0"
"10-17 years","Dawson","153","0","4"
"18-29 years","Dawson","395","0","10"
"30-39 years","Dawson","285","0","7"
"40-49 years","Dawson","268","0","20"
"50-59 years","Dawson","312","0","26"
"60-69 years","Dawson","249","3","55"
"70-79 years","Dawson","164","11","37"
"80 & Older years","Dawson","69","5","18"
"<1 years","Dawson","7","0","1"
"Unknown years","Dawson","43","0","2"
"01-04 years","DeKalb","527","0","14"
"05-09 years","DeKalb","769","0","10"
"10-17 years","DeKalb","2281","0","39"
"18-29 years","DeKalb","9608","9","279"
"30-39 years","DeKalb","8251","14","420"
"40-49 years","DeKalb","6512","26","458"
"50-59 years","DeKalb","5824","60","621"
"60-69 years","DeKalb","3670","100","637"
"70-79 years","DeKalb","1885","142","488"
"80 & Older years","DeKalb","1138","167","345"
"<1 years","DeKalb","132","0","6"
"Unknown years","DeKalb","159","0","6"
"01-04 years","Decatur","44","0","1"
"05-09 years","Decatur","54","0","0"
"10-17 years","Decatur","162","0","0"
"18-29 years","Decatur","356","1","8"
"30-39 years","Decatur","272","1","8"
"40-49 years","Decatur","262","1","16"
"50-59 years","Decatur","220","5","24"
"60-69 years","Decatur","186","10","27"
"70-79 years","Decatur","111","16","19"
"80 & Older years","Decatur","89","12","17"
"<1 years","Decatur","8","0","0"
"01-04 years","Dodge","7","0","0"
"05-09 years","Dodge","17","0","0"
"10-17 years","Dodge","75","1","1"
"18-29 years","Dodge","164","0","3"
"30-39 years","Dodge","122","0","3"
"40-49 years","Dodge","143","1","10"
"50-59 years","Dodge","165","3","14"
"60-69 years","Dodge","144","10","27"
"70-79 years","Dodge","73","13","18"
"80 & Older years","Dodge","53","16","17"
"<1 years","Dodge","3","0","0"
"01-04 years","Dooly","9","0","0"
"05-09 years","Dooly","6","0","0"
"10-17 years","Dooly","36","0","0"
"18-29 years","Dooly","87","0","5"
"30-39 years","Dooly","86","0","8"
"40-49 years","Dooly","97","0","8"
"50-59 years","Dooly","110","5","14"
"60-69 years","Dooly","101","9","21"
"70-79 years","Dooly","50","6","11"
"80 & Older years","Dooly","18","4","3"
"<1 years","Dooly","3","0","0"
"Unknown years","Dooly","3","0","0"
"01-04 years","Dougherty","38","0","3"
"05-09 years","Dougherty","67","0","0"
"10-17 years","Dougherty","176","0","3"
"18-29 years","Dougherty","790","2","69"
"30-39 years","Dougherty","650","3","62"
"40-49 years","Dougherty","686","12","97"
"50-59 years","Dougherty","760","19","136"
"60-69 years","Dougherty","660","50","192"
"70-79 years","Dougherty","390","52","142"
"80 & Older years","Dougherty","222","70","93"
"<1 years","Dougherty","21","0","1"
"Unknown years","Dougherty","27","0","0"
"01-04 years","Douglas","100","0","2"
"05-09 years","Douglas","183","0","4"
"10-17 years","Douglas","549","0","5"
"18-29 years","Douglas","1671","0","41"
"30-39 years","Douglas","1303","3","51"
"40-49 years","Douglas","1503","4","85"
"50-59 years","Douglas","1363","14","123"
"60-69 years","Douglas","784","20","122"
"70-79 years","Douglas","447","38","104"
"80 & Older years","Douglas","208","27","66"
"<1 years","Douglas","17","0","3"
"Unknown years","Douglas","12","0","0"
"01-04 years","Early","15","0","0"
"05-09 years","Early","15","0","0"
"10-17 years","Early","57","0","0"
"18-29 years","Early","118","0","4"
"30-39 years","Early","114","0","4"
"40-49 years","Early","140","1","9"
"50-59 years","Early","125","3","9"
"60-69 years","Early","92","11","12"
"70-79 years","Early","64","13","14"
"80 & Older years","Early","37","12","10"
"<1 years","Early","2","0","0"
"01-04 years","Echols","7","0","0"
"05-09 years","Echols","5","0","0"
"10-17 years","Echols","24","0","1"
"18-29 years","Echols","128","0","1"
"30-39 years","Echols","52","0","2"
"40-49 years","Echols","39","0","1"
"50-59 years","Echols","40","0","2"
"60-69 years","Echols","21","0","0"
"70-79 years","Echols","16","2","3"
"<1 years","Echols","1","0","0"
"01-04 years","Effingham","35","0","2"
"05-09 years","Effingham","70","0","0"
"10-17 years","Effingham","233","0","0"
"18-29 years","Effingham","520","0","4"
"30-39 years","Effingham","440","1","11"
"40-49 years","Effingham","434","0","24"
"50-59 years","Effingham","438","7","30"
"60-69 years","Effingham","284","3","46"
"70-79 years","Effingham","161","13","40"
"80 & Older years","Effingham","72","12","24"
"<1 years","Effingham","7","0","0"
"Unknown years","Effingham","8","0","1"
"01-04 years","Elbert","14","0","0"
"05-09 years","Elbert","23","0","0"
"10-17 years","Elbert","73","0","0"
"18-29 years","Elbert","220","0","1"
"30-39 years","Elbert","155","0","7"
"40-49 years","Elbert","180","0","8"
"50-59 years","Elbert","191","0","11"
"60-69 years","Elbert","147","1","18"
"70-79 years","Elbert","131","9","27"
"80 & Older years","Elbert","113","16","25"
"<1 years","Elbert","7","0","2"
"Unknown years","Elbert","6","0","0"
"01-04 years","Emanuel","20","0","1"
"05-09 years","Emanuel","20","0","0"
"10-17 years","Emanuel","148","0","2"
"18-29 years","Emanuel","272","1","0"
"30-39 years","Emanuel","215","0","7"
"40-49 years","Emanuel","258","1","7"
"50-59 years","Emanuel","232","5","23"
"60-69 years","Emanuel","201","8","24"
"70-79 years","Emanuel","120","15","25"
"80 & Older years","Emanuel","58","16","20"
"<1 years","Emanuel","4","0","0"
"Unknown years","Emanuel","8","0","1"
"01-04 years","Evans","8","0","0"
"05-09 years","Evans","15","0","0"
"10-17 years","Evans","71","0","0"
"18-29 years","Evans","121","1","3"
"30-39 years","Evans","108","0","3"
"40-49 years","Evans","94","0","9"
"50-59 years","Evans","95","1","14"
"60-69 years","Evans","54","2","13"
"70-79 years","Evans","40","3","10"
"80 & Older years","Evans","17","2","9"
"<1 years","Evans","2","0","0"
"Unknown years","Evans","1","0","0"
"01-04 years","Fannin","10","0","0"
"05-09 years","Fannin","20","0","0"
"10-17 years","Fannin","84","0","0"
"18-29 years","Fannin","221","1","2"
"30-39 years","Fannin","154","0","5"
"40-49 years","Fannin","189","0","7"
"50-59 years","Fannin","259","3","17"
"60-69 years","Fannin","244","4","28"
"70-79 years","Fannin","191","4","29"
"80 & Older years","Fannin","115","25","39"
"<1 years","Fannin","4","0","0"
"Unknown years","Fannin","16","0","0"
"01-04 years","Fayette","40","0","0"
"05-09 years","Fayette","71","0","1"
"10-17 years","Fayette","328","0","2"
"18-29 years","Fayette","849","0","5"
"30-39 years","Fayette","526","1","7"
"40-49 years","Fayette","713","1","21"
"50-59 years","Fayette","763","3","32"
"60-69 years","Fayette","578","12","36"
"70-79 years","Fayette","306","27","52"
"80 & Older years","Fayette","213","35","29"
"<1 years","Fayette","8","0","0"
"Unknown years","Fayette","15","0","0"
"01-04 years","Floyd","95","0","3"
"05-09 years","Floyd","153","0","0"
"10-17 years","Floyd","693","0","8"
"18-29 years","Floyd","1562","0","19"
"30-39 years","Floyd","1159","3","38"
"40-49 years","Floyd","1131","3","65"
"50-59 years","Floyd","1052","16","108"
"60-69 years","Floyd","767","27","131"
"70-79 years","Floyd","547","30","138"
"80 & Older years","Floyd","303","39","96"
"<1 years","Floyd","37","0","2"
"Unknown years","Floyd","92","0","1"
"01-04 years","Forsyth","125","0","1"
"05-09 years","Forsyth","287","0","1"
"10-17 years","Forsyth","1132","0","3"
"18-29 years","Forsyth","2179","0","36"
"30-39 years","Forsyth","1549","0","48"
"40-49 years","Forsyth","1941","4","93"
"50-59 years","Forsyth","1806","9","123"
"60-69 years","Forsyth","957","7","112"
"70-79 years","Forsyth","584","24","157"
"80 & Older years","Forsyth","348","43","111"
"<1 years","Forsyth","35","0","3"
"Unknown years","Forsyth","642","0","2"
"01-04 years","Franklin","11","0","0"
"05-09 years","Franklin","46","0","0"
"10-17 years","Franklin","145","0","4"
"18-29 years","Franklin","359","0","8"
"30-39 years","Franklin","254","0","3"
"40-49 years","Franklin","276","0","10"
"50-59 years","Franklin","276","0","18"
"60-69 years","Franklin","245","2","29"
"70-79 years","Franklin","133","11","21"
"80 & Older years","Franklin","64","12","18"
"<1 years","Franklin","7","0","1"
"Unknown years","Franklin","72","0","2"
"01-04 years","Fulton","636","0","17"
"05-09 years","Fulton","1048","0","9"
"10-17 years","Fulton","3470","1","34"
"18-29 years","Fulton","16134","4","280"
"30-39 years","Fulton","11463","14","391"
"40-49 years","Fulton","8966","28","466"
"50-59 years","Fulton","7915","68","641"
"60-69 years","Fulton","4710","139","613"
"70-79 years","Fulton","2569","195","537"
"80 & Older years","Fulton","1855","331","534"
"<1 years","Fulton","152","0","6"
"Unknown years","Fulton","189","0","6"
"01-04 years","Gilmer","26","0","2"
"05-09 years","Gilmer","25","0","0"
"10-17 years","Gilmer","142","0","2"
"18-29 years","Gilmer","271","0","8"
"30-39 years","Gilmer","232","0","13"
"40-49 years","Gilmer","260","0","14"
"50-59 years","Gilmer","289","4","19"
"60-69 years","Gilmer","263","2","31"
"70-79 years","Gilmer","187","8","31"
"80 & Older years","Gilmer","104","20","30"
"<1 years","Gilmer","8","0","0"
"Unknown years","Gilmer","47","0","0"
"01-04 years","Glascock","1","0","0"
"05-09 years","Glascock","2","0","0"
"10-17 years","Glascock","1","0","0"
"18-29 years","Glascock","17","0","1"
"30-39 years","Glascock","12","0","0"
"40-49 years","Glascock","15","0","1"
"50-59 years","Glascock","21","2","2"
"60-69 years","Glascock","11","0","1"
"70-79 years","Glascock","14","1","3"
"80 & Older years","Glascock","8","1","4"
"<1 years","Glascock","1","0","0"
"Unknown years","Glascock","1","0","0"
"01-04 years","Glynn","75","0","1"
"05-09 years","Glynn","141","0","1"
"10-17 years","Glynn","375","0","0"
"18-29 years","Glynn","1119","0","21"
"30-39 years","Glynn","845","3","24"
"40-49 years","Glynn","741","3","32"
"50-59 years","Glynn","697","8","63"
"60-69 years","Glynn","597","24","100"
"70-79 years","Glynn","359","37","72"
"80 & Older years","Glynn","221","51","78"
"<1 years","Glynn","18","0","0"
"Unknown years","Glynn","23","0","0"
"01-04 years","Gordon","60","0","0"
"05-09 years","Gordon","88","0","0"
"10-17 years","Gordon","369","0","3"
"18-29 years","Gordon","925","0","11"
"30-39 years","Gordon","705","1","17"
"40-49 years","Gordon","741","1","23"
"50-59 years","Gordon","733","7","36"
"60-69 years","Gordon","449","12","33"
"70-79 years","Gordon","274","19","56"
"80 & Older years","Gordon","148","26","39"
"<1 years","Gordon","18","0","3"
"Unknown years","Gordon","71","0","3"
"01-04 years","Grady","25","0","1"
"05-09 years","Grady","34","0","0"
"10-17 years","Grady","105","0","2"
"18-29 years","Grady","212","0","9"
"30-39 years","Grady","195","0","7"
"40-49 years","Grady","200","0","20"
"50-59 years","Grady","181","5","25"
"60-69 years","Grady","133","4","20"
"70-79 years","Grady","123","9","32"
"80 & Older years","Grady","45","14","16"
"<1 years","Grady","5","0","1"
"Unknown years","Grady","3","0","0"
"01-04 years","Greene","13","0","0"
"05-09 years","Greene","28","0","0"
"10-17 years","Greene","64","0","0"
"18-29 years","Greene","213","0","5"
"30-39 years","Greene","147","0","6"
"40-49 years","Greene","141","3","11"
"50-59 years","Greene","169","3","14"
"60-69 years","Greene","174","2","10"
"70-79 years","Greene","115","5","19"
"80 & Older years","Greene","66","13","25"
"<1 years","Greene","3","0","1"
"Unknown years","Greene","1","0","0"
"01-04 years","Gwinnett","869","0","17"
"05-09 years","Gwinnett","1398","0","16"
"10-17 years","Gwinnett","4710","1","60"
"18-29 years","Gwinnett","14430","4","471"
"30-39 years","Gwinnett","10450","12","487"
"40-49 years","Gwinnett","11179","37","648"
"50-59 years","Gwinnett","9234","66","706"
"60-69 years","Gwinnett","5045","118","706"
"70-79 years","Gwinnett","2303","138","524"
"80 & Older years","Gwinnett","1313","221","471"
"<1 years","Gwinnett","213","0","5"
"Unknown years","Gwinnett","166","0","1"
"01-04 years","Habersham","25","0","2"
"05-09 years","Habersham","44","0","3"
"10-17 years","Habersham","257","1","6"
"18-29 years","Habersham","708","0","10"
"30-39 years","Habersham","517","2","24"
"40-49 years","Habersham","555","3","34"
"50-59 years","Habersham","575","5","46"
"60-69 years","Habersham","454","12","97"
"70-79 years","Habersham","327","23","88"
"80 & Older years","Habersham","245","54","76"
"<1 years","Habersham","8","0","3"
"Unknown years","Habersham","261","0","2"
"01-04 years","Hall","145","0","5"
"05-09 years","Hall","282","0","3"
"10-17 years","Hall","1358","0","21"
"18-29 years","Hall","4266","3","132"
"30-39 years","Hall","2843","1","158"
"40-49 years","Hall","3012","7","222"
"50-59 years","Hall","3130","20","314"
"60-69 years","Hall","2073","51","325"
"70-79 years","Hall","1330","62","354"
"80 & Older years","Hall","758","107","308"
"<1 years","Hall","29","0","6"
"Unknown years","Hall","651","0","9"
"01-04 years","Hancock","4","0","0"
"05-09 years","Hancock","5","0","0"
"10-17 years","Hancock","27","0","0"
"18-29 years","Hancock","111","0","2"
"30-39 years","Hancock","100","0","2"
"40-49 years","Hancock","91","1","4"
"50-59 years","Hancock","115","3","13"
"60-69 years","Hancock","125","13","24"
"70-79 years","Hancock","65","12","19"
"80 & Older years","Hancock","56","18","19"
"<1 years","Hancock","3","0","0"
"01-04 years","Haralson","18","0","0"
"05-09 years","Haralson","27","0","0"
"10-17 years","Haralson","116","0","1"
"18-29 years","Haralson","289","0","2"
"30-39 years","Haralson","187","0","3"
"40-49 years","Haralson","185","1","5"
"50-59 years","Haralson","200","1","3"
"60-69 years","Haralson","161","10","18"
"70-79 years","Haralson","110","9","15"
"80 & Older years","Haralson","50","4","8"
"<1 years","Haralson","5","0","0"
"Unknown years","Haralson","4","0","0"
"01-04 years","Harris","20","0","0"
"05-09 years","Harris","25","0","0"
"10-17 years","Harris","140","0","2"
"18-29 years","Harris","250","0","2"
"30-39 years","Harris","174","0","5"
"40-49 years","Harris","267","2","8"
"50-59 years","Harris","268","5","20"
"60-69 years","Harris","241","10","41"
"70-79 years","Harris","124","10","29"
"80 & Older years","Harris","45","5","8"
"<1 years","Harris","5","0","0"
"Unknown years","Harris","6","0","0"
"01-04 years","Hart","10","0","0"
"05-09 years","Hart","21","0","1"
"10-17 years","Hart","77","0","0"
"18-29 years","Hart","246","0","2"
"30-39 years","Hart","196","0","7"
"40-49 years","Hart","186","0","8"
"50-59 years","Hart","226","1","15"
"60-69 years","Hart","179","9","27"
"70-79 years","Hart","107","5","18"
"80 & Older years","Hart","76","8","25"
"<1 years","Hart","3","0","1"
"Unknown years","Hart","38","0","0"
"01-04 years","Heard","8","0","0"
"05-09 years","Heard","11","0","0"
"10-17 years","Heard","47","0","1"
"18-29 years","Heard","84","0","1"
"30-39 years","Heard","43","0","1"
"40-49 years","Heard","81","0","3"
"50-59 years","Heard","77","0","5"
"60-69 years","Heard","57","3","6"
"70-79 years","Heard","41","5","11"
"80 & Older years","Heard","18","4","1"
"<1 years","Heard","3","0","0"
"Unknown years","Heard","1","0","0"
"01-04 years","Henry","128","0","4"
"05-09 years","Henry","237","0","1"
"10-17 years","Henry","917","0","5"
"18-29 years","Henry","2650","1","25"
"30-39 years","Henry","2140","4","36"
"40-49 years","Henry","2443","8","69"
"50-59 years","Henry","2325","13","94"
"60-69 years","Henry","1260","30","64"
"70-79 years","Henry","637","46","57"
"80 & Older years","Henry","337","55","42"
"<1 years","Henry","29","0","2"
"Unknown years","Henry","29","0","0"
"01-04 years","Houston","71","0","1"
"05-09 years","Houston","105","0","1"
"10-17 years","Houston","481","0","3"
"18-29 years","Houston","1635","3","29"
"30-39 years","Houston","1375","1","46"
"40-49 years","Houston","1293","4","74"
"50-59 years","Houston","1130","9","84"
"60-69 years","Houston","710","30","108"
"70-79 years","Houston","402","43","115"
"80 & Older years","Houston","205","34","68"
"<1 years","Houston","17","0","2"
"Unknown years","Houston","1","0","0"
"01-04 years","Irwin","6","0","0"
"05-09 years","Irwin","10","0","0"
"10-17 years","Irwin","51","0","0"
"18-29 years","Irwin","103","0","4"
"30-39 years","Irwin","82","0","4"
"40-49 years","Irwin","106","0","8"
"50-59 years","Irwin","90","2","8"
"60-69 years","Irwin","76","1","19"
"70-79 years","Irwin","42","3","5"
"80 & Older years","Irwin","32","6","15"
"01-04 years","Jackson","43","0","0"
"05-09 years","Jackson","108","0","1"
"10-17 years","Jackson","571","0","1"
"18-29 years","Jackson","1138","1","16"
"30-39 years","Jackson","942","1","16"
"40-49 years","Jackson","1037","5","46"
"50-59 years","Jackson","981","4","53"
"60-69 years","Jackson","629","9","59"
"70-79 years","Jackson","448","18","81"
"80 & Older years","Jackson","249","32","77"
"<1 years","Jackson","12","0","2"
"Unknown years","Jackson","37","0","1"
"01-04 years","Jasper","3","0","1"
"05-09 years","Jasper","6","0","0"
"10-17 years","Jasper","22","0","0"
"18-29 years","Jasper","92","0","2"
"30-39 years","Jasper","72","0","0"
"40-49 years","Jasper","74","0","2"
"50-59 years","Jasper","102","1","12"
"60-69 years","Jasper","65","4","10"
"70-79 years","Jasper","39","2","8"
"80 & Older years","Jasper","10","0","1"
"<1 years","Jasper","3","0","0"
"01-04 years","Jeff Davis","24","0","1"
"05-09 years","Jeff Davis","24","0","0"
"10-17 years","Jeff Davis","93","0","2"
"18-29 years","Jeff Davis","207","0","3"
"30-39 years","Jeff Davis","179","0","9"
"40-49 years","Jeff Davis","173","0","11"
"50-59 years","Jeff Davis","159","6","16"
"60-69 years","Jeff Davis","111","6","21"
"70-79 years","Jeff Davis","70","12","16"
"80 & Older years","Jeff Davis","16","8","6"
"<1 years","Jeff Davis","2","0","1"
"Unknown years","Jeff Davis","3","0","0"
"01-04 years","Jefferson","17","0","0"
"05-09 years","Jefferson","30","0","0"
"10-17 years","Jefferson","77","0","0"
"18-29 years","Jefferson","204","0","3"
"30-39 years","Jefferson","157","0","7"
"40-49 years","Jefferson","174","3","11"
"50-59 years","Jefferson","230","2","20"
"60-69 years","Jefferson","197","7","26"
"70-79 years","Jefferson","125","12","31"
"80 & Older years","Jefferson","60","15","24"
"<1 years","Jefferson","4","0","0"
"Unknown years","Jefferson","9","0","0"
"01-04 years","Jenkins","8","0","0"
"05-09 years","Jenkins","15","0","0"
"10-17 years","Jenkins","44","0","0"
"18-29 years","Jenkins","96","0","2"
"30-39 years","Jenkins","65","1","4"
"40-49 years","Jenkins","91","2","10"
"50-59 years","Jenkins","95","6","16"
"60-69 years","Jenkins","72","5","11"
"70-79 years","Jenkins","50","12","21"
"80 & Older years","Jenkins","46","8","10"
"<1 years","Jenkins","2","0","0"
"Unknown years","Jenkins","1","0","1"
"01-04 years","Johnson","6","0","0"
"05-09 years","Johnson","7","0","0"
"10-17 years","Johnson","22","0","0"
"18-29 years","Johnson","93","0","2"
"30-39 years","Johnson","77","0","3"
"40-49 years","Johnson","73","1","6"
"50-59 years","Johnson","106","1","15"
"60-69 years","Johnson","110","7","16"
"70-79 years","Johnson","72","6","18"
"80 & Older years","Johnson","64","16","19"
"<1 years","Johnson","1","0","1"
"01-04 years","Jones","5","0","0"
"05-09 years","Jones","17","0","0"
"10-17 years","Jones","58","0","0"
"18-29 years","Jones","282","0","5"
"30-39 years","Jones","194","0","4"
"40-49 years","Jones","169","1","7"
"50-59 years","Jones","204","1","15"
"60-69 years","Jones","135","1","15"
"70-79 years","Jones","86","7","23"
"80 & Older years","Jones","56","13","11"
"<1 years","Jones","3","0","0"
"Unknown years","Jones","1","0","0"
"01-04 years","Lamar","17","0","0"
"05-09 years","Lamar","33","0","0"
"10-17 years","Lamar","84","0","1"
"18-29 years","Lamar","150","0","1"
"30-39 years","Lamar","137","0","2"
"40-49 years","Lamar","127","1","3"
"50-59 years","Lamar","143","2","17"
"60-69 years","Lamar","129","4","15"
"70-79 years","Lamar","96","6","14"
"80 & Older years","Lamar","54","16","13"
"<1 years","Lamar","10","0","0"
"Unknown years","Lamar","1","0","0"
"01-04 years","Lanier","6","0","0"
"05-09 years","Lanier","9","0","1"
"10-17 years","Lanier","28","0","1"
"18-29 years","Lanier","93","1","1"
"30-39 years","Lanier","105","0","1"
"40-49 years","Lanier","63","1","1"
"50-59 years","Lanier","57","0","4"
"60-69 years","Lanier","34","1","2"
"70-79 years","Lanier","21","4","5"
"80 & Older years","Lanier","12","0","5"
"<1 years","Lanier","4","0","0"
"01-04 years","Laurens","20","0","0"
"05-09 years","Laurens","35","0","1"
"10-17 years","Laurens","202","0","2"
"18-29 years","Laurens","534","0","9"
"30-39 years","Laurens","446","1","14"
"40-49 years","Laurens","460","3","23"
"50-59 years","Laurens","493","7","47"
"60-69 years","Laurens","403","25","66"
"70-79 years","Laurens","283","37","64"
"80 & Older years","Laurens","189","42","50"
"<1 years","Laurens","2","0","0"
"Unknown years","Laurens","6","0","1"
"01-04 years","Lee","10","0","0"
"05-09 years","Lee","18","0","2"
"10-17 years","Lee","92","0","1"
"18-29 years","Lee","215","1","9"
"30-39 years","Lee","232","1","16"
"40-49 years","Lee","236","3","22"
"50-59 years","Lee","208","6","28"
"60-69 years","Lee","144","9","20"
"70-79 years","Lee","69","10","23"
"80 & Older years","Lee","34","5","10"
"<1 years","Lee","5","0","0"
"01-04 years","Liberty","22","0","0"
"05-09 years","Liberty","37","0","1"
"10-17 years","Liberty","136","0","1"
"18-29 years","Liberty","500","1","11"
"30-39 years","Liberty","330","0","12"
"40-49 years","Liberty","304","0","14"
"50-59 years","Liberty","269","4","30"
"60-69 years","Liberty","203","9","38"
"70-79 years","Liberty","91","9","29"
"80 & Older years","Liberty","55","9","23"
"<1 years","Liberty","17","0","1"
"Unknown years","Liberty","4","0","0"
"01-04 years","Lincoln","6","0","0"
"05-09 years","Lincoln","8","0","0"
"10-17 years","Lincoln","20","0","0"
"18-29 years","Lincoln","69","0","2"
"30-39 years","Lincoln","45","0","1"
"40-49 years","Lincoln","61","0","5"
"50-59 years","Lincoln","51","1","4"
"60-69 years","Lincoln","53","4","12"
"70-79 years","Lincoln","36","2","9"
"80 & Older years","Lincoln","18","5","8"
"<1 years","Lincoln","2","0","0"
"01-04 years","Long","10","0","0"
"05-09 years","Long","6","0","0"
"10-17 years","Long","32","0","0"
"18-29 years","Long","88","0","0"
"30-39 years","Long","105","0","1"
"40-49 years","Long","70","0","5"
"50-59 years","Long","65","1","7"
"60-69 years","Long","57","1","5"
"70-79 years","Long","35","3","12"
"80 & Older years","Long","16","0","4"
"<1 years","Long","3","0","0"
"01-04 years","Lowndes","114","0","0"
"05-09 years","Lowndes","147","0","0"
"10-17 years","Lowndes","522","0","5"
"18-29 years","Lowndes","1988","3","25"
"30-39 years","Lowndes","1045","0","15"
"40-49 years","Lowndes","886","2","35"
"50-59 years","Lowndes","764","7","46"
"60-69 years","Lowndes","533","22","60"
"70-79 years","Lowndes","282","31","46"
"80 & Older years","Lowndes","177","38","46"
"<1 years","Lowndes","22","0","0"
"Unknown years","Lowndes","14","0","0"
"01-04 years","Lumpkin","12","0","0"
"05-09 years","Lumpkin","26","0","1"
"10-17 years","Lumpkin","112","0","2"
"18-29 years","Lumpkin","555","0","9"
"30-39 years","Lumpkin","260","0","7"
"40-49 years","Lumpkin","269","0","15"
"50-59 years","Lumpkin","310","2","35"
"60-69 years","Lumpkin","309","6","43"
"70-79 years","Lumpkin","199","5","46"
"80 & Older years","Lumpkin","100","10","54"
"<1 years","Lumpkin","7","0","1"
"Unknown years","Lumpkin","40","0","1"
"01-04 years","Macon","7","0","0"
"05-09 years","Macon","9","0","0"
"10-17 years","Macon","17","0","0"
"18-29 years","Macon","72","0","3"
"30-39 years","Macon","55","0","3"
"40-49 years","Macon","74","1","6"
"50-59 years","Macon","89","3","10"
"60-69 years","Macon","58","5","19"
"70-79 years","Macon","44","2","13"
"80 & Older years","Macon","13","4","6"
"<1 years","Macon","1","0","0"
"Unknown years","Macon","4","0","0"
"01-04 years","Madison","34","0","0"
"05-09 years","Madison","36","0","0"
"10-17 years","Madison","161","0","0"
"18-29 years","Madison","352","0","2"
"30-39 years","Madison","305","0","5"
"40-49 years","Madison","304","0","13"
"50-59 years","Madison","335","3","20"
"60-69 years","Madison","228","5","30"
"70-79 years","Madison","123","8","28"
"80 & Older years","Madison","54","4","5"
"<1 years","Madison","17","0","3"
"Unknown years","Madison","12","0","0"
"01-04 years","Marion","4","0","0"
"05-09 years","Marion","4","0","0"
"10-17 years","Marion","30","0","0"
"18-29 years","Marion","49","0","0"
"30-39 years","Marion","29","0","2"
"40-49 years","Marion","48","1","5"
"50-59 years","Marion","44","3","5"
"60-69 years","Marion","34","3","3"
"70-79 years","Marion","24","1","5"
"80 & Older years","Marion","23","2","7"
"<1 years","Marion","2","0","0"
"Unknown years","Marion","3","0","0"
"01-04 years","McDuffie","17","0","0"
"05-09 years","McDuffie","18","0","0"
"10-17 years","McDuffie","78","0","0"
"18-29 years","McDuffie","226","0","3"
"30-39 years","McDuffie","180","2","4"
"40-49 years","McDuffie","184","2","12"
"50-59 years","McDuffie","186","2","21"
"60-69 years","McDuffie","148","6","23"
"70-79 years","McDuffie","88","7","34"
"80 & Older years","McDuffie","35","6","17"
"Unknown years","McDuffie","16","0","1"
"01-04 years","McIntosh","1","0","0"
"05-09 years","McIntosh","6","0","0"
"10-17 years","McIntosh","27","0","0"
"18-29 years","McIntosh","82","0","2"
"30-39 years","McIntosh","66","0","3"
"40-49 years","McIntosh","72","0","4"
"50-59 years","McIntosh","94","0","2"
"60-69 years","McIntosh","68","2","15"
"70-79 years","McIntosh","51","3","13"
"80 & Older years","McIntosh","17","3","6"
"<1 years","McIntosh","1","0","0"
"Unknown years","McIntosh","7","0","0"
"01-04 years","Meriwether","18","0","1"
"05-09 years","Meriwether","18","0","1"
"10-17 years","Meriwether","58","0","0"
"18-29 years","Meriwether","158","0","5"
"30-39 years","Meriwether","133","2","11"
"40-49 years","Meriwether","175","1","14"
"50-59 years","Meriwether","164","1","13"
"60-69 years","Meriwether","146","3","19"
"70-79 years","Meriwether","104","7","24"
"80 & Older years","Meriwether","54","8","11"
"<1 years","Meriwether","3","0","0"
"Unknown years","Meriwether","3","0","0"
"01-04 years","Miller","6","0","0"
"05-09 years","Miller","5","0","0"
"10-17 years","Miller","50","0","1"
"18-29 years","Miller","90","0","0"
"30-39 years","Miller","81","0","0"
"40-49 years","Miller","65","0","4"
"50-59 years","Miller","100","0","10"
"60-69 years","Miller","64","2","4"
"70-79 years","Miller","25","0","2"
"80 & Older years","Miller","19","0","5"
"<1 years","Miller","3","0","0"
"01-04 years","Mitchell","13","0","0"
"05-09 years","Mitchell","20","0","0"
"10-17 years","Mitchell","70","0","1"
"18-29 years","Mitchell","199","0","7"
"30-39 years","Mitchell","178","1","14"
"40-49 years","Mitchell","175","2","17"
"50-59 years","Mitchell","218","8","46"
"60-69 years","Mitchell","179","12","43"
"70-79 years","Mitchell","116","11","34"
"80 & Older years","Mitchell","92","21","26"
"<1 years","Mitchell","5","0","0"
"Unknown years","Mitchell","4","0","1"
"01-04 years","Monroe","7","0","0"
"05-09 years","Monroe","16","0","1"
"10-17 years","Monroe","66","0","0"
"18-29 years","Monroe","233","0","3"
"30-39 years","Monroe","188","0","5"
"40-49 years","Monroe","224","1","17"
"50-59 years","Monroe","239","3","18"
"60-69 years","Monroe","230","10","37"
"70-79 years","Monroe","128","16","29"
"80 & Older years","Monroe","100","32","23"
"<1 years","Monroe","3","0","1"
"01-04 years","Montgomery","9","0","0"
"05-09 years","Montgomery","5","0","0"
"10-17 years","Montgomery","36","0","1"
"18-29 years","Montgomery","138","0","1"
"30-39 years","Montgomery","85","1","3"
"40-49 years","Montgomery","108","0","2"
"50-59 years","Montgomery","90","1","5"
"60-69 years","Montgomery","80","4","12"
"70-79 years","Montgomery","45","3","6"
"80 & Older years","Montgomery","20","2","4"
"<1 years","Montgomery","1","0","0"
"Unknown years","Montgomery","1","0","0"
"01-04 years","Morgan","16","0","0"
"05-09 years","Morgan","16","0","0"
"10-17 years","Morgan","67","0","0"
"18-29 years","Morgan","181","0","4"
"30-39 years","Morgan","130","0","6"
"40-49 years","Morgan","133","0","4"
"50-59 years","Morgan","147","0","10"
"60-69 years","Morgan","105","1","8"
"70-79 years","Morgan","66","2","12"
"80 & Older years","Morgan","41","5","14"
"<1 years","Morgan","9","0","1"
"Unknown years","Morgan","2","0","0"
"01-04 years","Murray","43","0","2"
"05-09 years","Murray","63","0","2"
"10-17 years","Murray","283","0","1"
"18-29 years","Murray","632","0","6"
"30-39 years","Murray","418","1","4"
"40-49 years","Murray","525","0","18"
"50-59 years","Murray","465","5","34"
"60-69 years","Murray","321","4","46"
"70-79 years","Murray","195","17","41"
"80 & Older years","Murray","91","15","19"
"<1 years","Murray","17","0","2"
"Unknown years","Murray","6","0","0"
"01-04 years","Muscogee","162","0","5"
"05-09 years","Muscogee","227","0","0"
"10-17 years","Muscogee","615","0","3"
"18-29 years","Muscogee","2515","3","49"
"30-39 years","Muscogee","1657","2","67"
"40-49 years","Muscogee","1440","4","77"
"50-59 years","Muscogee","1474","27","161"
"60-69 years","Muscogee","1107","49","198"
"70-79 years","Muscogee","613","58","141"
"80 & Older years","Muscogee","362","65","115"
"<1 years","Muscogee","56","0","3"
"Unknown years","Muscogee","55","0","1"
"01-04 years","Newton","63","0","2"
"05-09 years","Newton","86","0","0"
"10-17 years","Newton","328","0","5"
"18-29 years","Newton","1004","1","27"
"30-39 years","Newton","870","0","44"
"40-49 years","Newton","978","2","72"
"50-59 years","Newton","930","10","94"
"60-69 years","Newton","521","23","77"
"70-79 years","Newton","352","34","64"
"80 & Older years","Newton","235","61","58"
"<1 years","Newton","18","0","1"
"Unknown years","Newton","11","0","0"
"01-04 years","Non-GA Resident/Unknown State","255","0","2"
"05-09 years","Non-GA Resident/Unknown State","420","0","5"
"10-17 years","Non-GA Resident/Unknown State","1420","0","7"
"18-29 years","Non-GA Resident/Unknown State","5723","4","62"
"30-39 years","Non-GA Resident/Unknown State","3931","3","75"
"40-49 years","Non-GA Resident/Unknown State","3483","8","84"
"50-59 years","Non-GA Resident/Unknown State","3298","26","162"
"60-69 years","Non-GA Resident/Unknown State","2260","68","214"
"70-79 years","Non-GA Resident/Unknown State","1434","75","213"
"80 & Older years","Non-GA Resident/Unknown State","817","88","161"
"<1 years","Non-GA Resident/Unknown State","130","0","2"
"Unknown years","Non-GA Resident/Unknown State","855","1","3"
"01-04 years","Oconee","25","0","0"
"05-09 years","Oconee","41","0","0"
"10-17 years","Oconee","196","0","0"
"18-29 years","Oconee","438","0","3"
"30-39 years","Oconee","260","0","4"
"40-49 years","Oconee","392","0","10"
"50-59 years","Oconee","318","3","7"
"60-69 years","Oconee","227","9","23"
"70-79 years","Oconee","141","11","21"
"80 & Older years","Oconee","104","18","31"
"<1 years","Oconee","4","0","0"
"Unknown years","Oconee","4","1","0"
"01-04 years","Oglethorpe","13","0","0"
"05-09 years","Oglethorpe","21","0","0"
"10-17 years","Oglethorpe","71","0","0"
"18-29 years","Oglethorpe","157","0","1"
"30-39 years","Oglethorpe","108","1","1"
"40-49 years","Oglethorpe","142","0","5"
"50-59 years","Oglethorpe","132","1","15"
"60-69 years","Oglethorpe","111","0","12"
"70-79 years","Oglethorpe","83","3","10"
"80 & Older years","Oglethorpe","54","10","13"
"<1 years","Oglethorpe","6","0","0"
"Unknown years","Oglethorpe","6","0","0"
"01-04 years","Paulding","84","0","1"
"05-09 years","Paulding","183","0","0"
"10-17 years","Paulding","683","0","6"
"18-29 years","Paulding","1406","0","16"
"30-39 years","Paulding","1123","2","20"
"40-49 years","Paulding","1261","3","21"
"50-59 years","Paulding","1217","11","43"
"60-69 years","Paulding","631","21","45"
"70-79 years","Paulding","366","31","51"
"80 & Older years","Paulding","247","53","43"
"<1 years","Paulding","22","0","0"
"Unknown years","Paulding","33","0","0"
"01-04 years","Peach","10","0","1"
"05-09 years","Peach","15","0","0"
"10-17 years","Peach","46","0","1"
"18-29 years","Peach","310","1","7"
"30-39 years","Peach","236","0","14"
"40-49 years","Peach","197","2","14"
"50-59 years","Peach","233","4","34"
"60-69 years","Peach","197","7","37"
"70-79 years","Peach","87","7","23"
"80 & Older years","Peach","49","11","19"
"<1 years","Peach","4","0","0"
"Unknown years","Peach","1","0","0"
"01-04 years","Pickens","17","0","1"
"05-09 years","Pickens","26","0","0"
"10-17 years","Pickens","112","0","0"
"18-29 years","Pickens","283","0","5"
"30-39 years","Pickens","237","0","9"
"40-49 years","Pickens","292","0","12"
"50-59 years","Pickens","318","2","19"
"60-69 years","Pickens","246","1","27"
"70-79 years","Pickens","188","9","32"
"80 & Older years","Pickens","78","9","19"
"<1 years","Pickens","2","0","0"
"Unknown years","Pickens","10","0","0"
"01-04 years","Pierce","8","0","0"
"05-09 years","Pierce","18","0","0"
"10-17 years","Pierce","69","1","1"
"18-29 years","Pierce","195","0","5"
"30-39 years","Pierce","119","0","3"
"40-49 years","Pierce","162","0","12"
"50-59 years","Pierce","153","3","18"
"60-69 years","Pierce","125","8","31"
"70-79 years","Pierce","91","7","25"
"80 & Older years","Pierce","47","9","13"
"<1 years","Pierce","6","0","1"
"Unknown years","Pierce","1","0","0"
"01-04 years","Pike","18","0","0"
"05-09 years","Pike","15","0","0"
"10-17 years","Pike","74","0","0"
"18-29 years","Pike","115","0","4"
"30-39 years","Pike","106","0","2"
"40-49 years","Pike","145","1","8"
"50-59 years","Pike","113","2","7"
"60-69 years","Pike","83","2","16"
"70-79 years","Pike","67","6","14"
"80 & Older years","Pike","22","4","6"
"<1 years","Pike","1","0","0"
"Unknown years","Pike","3","0","0"
"01-04 years","Polk","34","0","1"
"05-09 years","Polk","52","0","0"
"10-17 years","Polk","241","0","1"
"18-29 years","Polk","622","0","9"
"30-39 years","Polk","439","0","9"
"40-49 years","Polk","463","1","32"
"50-59 years","Polk","469","6","54"
"60-69 years","Polk","293","10","54"
"70-79 years","Polk","243","16","64"
"80 & Older years","Polk","115","15","39"
"<1 years","Polk","12","0","0"
"Unknown years","Polk","28","0","0"
"01-04 years","Pulaski","2","0","0"
"05-09 years","Pulaski","6","0","0"
"10-17 years","Pulaski","30","0","1"
"18-29 years","Pulaski","57","0","1"
"30-39 years","Pulaski","69","0","2"
"40-49 years","Pulaski","72","0","6"
"50-59 years","Pulaski","90","0","6"
"60-69 years","Pulaski","76","5","8"
"70-79 years","Pulaski","46","11","15"
"80 & Older years","Pulaski","35","9","4"
"<1 years","Pulaski","1","0","0"
"Unknown years","Pulaski","1","0","0"
"01-04 years","Putnam","16","0","0"
"05-09 years","Putnam","37","0","0"
"10-17 years","Putnam","80","0","2"
"18-29 years","Putnam","226","0","2"
"30-39 years","Putnam","174","0","5"
"40-49 years","Putnam","178","1","5"
"50-59 years","Putnam","209","2","11"
"60-69 years","Putnam","197","8","22"
"70-79 years","Putnam","148","10","33"
"80 & Older years","Putnam","71","13","23"
"<1 years","Putnam","6","0","1"
"01-04 years","Quitman","1","0","0"
"05-09 years","Quitman","3","0","0"
"10-17 years","Quitman","3","0","0"
"18-29 years","Quitman","10","0","0"
"30-39 years","Quitman","4","0","1"
"40-49 years","Quitman","3","0","1"
"50-59 years","Quitman","9","0","0"
"60-69 years","Quitman","18","1","3"
"70-79 years","Quitman","2","0","1"
"80 & Older years","Quitman","3","0","1"
"<1 years","Quitman","1","0","0"
"01-04 years","Rabun","11","0","0"
"05-09 years","Rabun","16","0","0"
"10-17 years","Rabun","75","0","0"
"18-29 years","Rabun","175","0","5"
"30-39 years","Rabun","150","1","8"
"40-49 years","Rabun","151","0","6"
"50-59 years","Rabun","183","2","21"
"60-69 years","Rabun","176","5","28"
"70-79 years","Rabun","131","9","29"
"80 & Older years","Rabun","60","8","24"
"<1 years","Rabun","5","0","1"
"Unknown years","Rabun","60","0","2"
"05-09 years","Randolph","2","0","0"
"10-17 years","Randolph","4","0","0"
"18-29 years","Randolph","47","0","0"
"30-39 years","Randolph","55","2","4"
"40-49 years","Randolph","47","0","4"
"50-59 years","Randolph","78","3","17"
"60-69 years","Randolph","57","7","14"
"70-79 years","Randolph","40","3","11"
"80 & Older years","Randolph","47","15","16"
"<1 years","Randolph","1","0","0"
"Unknown years","Randolph","2","0","0"
"01-04 years","Richmond","188","0","0"
"05-09 years","Richmond","357","0","3"
"10-17 years","Richmond","1015","0","8"
"18-29 years","Richmond","3410","4","48"
"30-39 years","Richmond","2560","3","62"
"40-49 years","Richmond","2035","17","90"
"50-59 years","Richmond","2080","21","152"
"60-69 years","Richmond","1473","41","179"
"70-79 years","Richmond","819","56","213"
"80 & Older years","Richmond","517","96","212"
"<1 years","Richmond","63","0","2"
"Unknown years","Richmond","26","0","0"
"01-04 years","Rockdale","40","0","0"
"05-09 years","Rockdale","81","0","0"
"10-17 years","Rockdale","249","0","8"
"18-29 years","Rockdale","854","2","47"
"30-39 years","Rockdale","679","3","63"
"40-49 years","Rockdale","755","6","79"
"50-59 years","Rockdale","739","5","106"
"60-69 years","Rockdale","473","15","98"
"70-79 years","Rockdale","274","24","96"
"80 & Older years","Rockdale","145","22","46"
"<1 years","Rockdale","5","0","0"
"Unknown years","Rockdale","3","0","0"
"01-04 years","Schley","4","0","0"
"05-09 years","Schley","3","0","0"
"10-17 years","Schley","12","0","0"
"18-29 years","Schley","41","0","2"
"30-39 years","Schley","16","0","0"
"40-49 years","Schley","25","0","2"
"50-59 years","Schley","27","0","3"
"60-69 years","Schley","24","1","8"
"70-79 years","Schley","8","0","2"
"80 & Older years","Schley","4","1","1"
"<1 years","Schley","1","0","0"
"01-04 years","Screven","4","0","0"
"05-09 years","Screven","13","0","0"
"10-17 years","Screven","45","0","0"
"18-29 years","Screven","102","0","3"
"30-39 years","Screven","92","0","2"
"40-49 years","Screven","76","1","4"
"50-59 years","Screven","84","0","10"
"60-69 years","Screven","101","1","13"
"70-79 years","Screven","57","3","12"
"80 & Older years","Screven","34","6","9"
"<1 years","Screven","3","0","0"
"Unknown years","Screven","2","0","0"
"01-04 years","Seminole","12","0","0"
"05-09 years","Seminole","11","0","0"
"10-17 years","Seminole","54","0","0"
"18-29 years","Seminole","90","0","0"
"30-39 years","Seminole","73","0","0"
"40-49 years","Seminole","79","0","5"
"50-59 years","Seminole","102","1","6"
"60-69 years","Seminole","109","1","18"
"70-79 years","Seminole","62","5","12"
"80 & Older years","Seminole","24","5","10"
"<1 years","Seminole","2","0","0"
"01-04 years","Spalding","44","0","2"
"05-09 years","Spalding","40","0","1"
"10-17 years","Spalding","141","0","2"
"18-29 years","Spalding","499","1","22"
"30-39 years","Spalding","442","2","28"
"40-49 years","Spalding","452","2","32"
"50-59 years","Spalding","472","8","57"
"60-69 years","Spalding","370","19","65"
"70-79 years","Spalding","269","28","54"
"80 & Older years","Spalding","182","35","55"
"<1 years","Spalding","5","0","0"
"Unknown years","Spalding","2","0","0"
"01-04 years","Stephens","14","0","0"
"05-09 years","Stephens","37","0","0"
"10-17 years","Stephens","134","0","1"
"18-29 years","Stephens","432","1","12"
"30-39 years","Stephens","277","0","7"
"40-49 years","Stephens","349","1","20"
"50-59 years","Stephens","366","3","32"
"60-69 years","Stephens","380","13","53"
"70-79 years","Stephens","253","17","49"
"80 & Older years","Stephens","143","21","31"
"<1 years","Stephens","4","0","0"
"Unknown years","Stephens","38","0","0"
"01-04 years","Stewart","2","0","0"
"05-09 years","Stewart","2","0","0"
"10-17 years","Stewart","10","0","0"
"18-29 years","Stewart","132","0","20"
"30-39 years","Stewart","172","1","25"
"40-49 years","Stewart","124","1","22"
"50-59 years","Stewart","68","1","11"
"60-69 years","Stewart","61","8","23"
"70-79 years","Stewart","22","2","3"
"80 & Older years","Stewart","19","4","6"
"<1 years","Stewart","1","0","0"
"Unknown years","Stewart","14","0","4"
"01-04 years","Sumter","14","0","0"
"05-09 years","Sumter","22","0","0"
"10-17 years","Sumter","54","0","2"
"18-29 years","Sumter","261","1","8"
"30-39 years","Sumter","223","1","20"
"40-49 years","Sumter","206","4","19"
"50-59 years","Sumter","244","2","38"
"60-69 years","Sumter","218","20","59"
"70-79 years","Sumter","146","21","43"
"80 & Older years","Sumter","91","25","43"
"<1 years","Sumter","5","0","0"
"Unknown years","Sumter","6","0","0"
"01-04 years","Talbot","6","0","0"
"05-09 years","Talbot","1","0","0"
"10-17 years","Talbot","24","0","0"
"18-29 years","Talbot","38","0","1"
"30-39 years","Talbot","27","0","1"
"40-49 years","Talbot","51","1","4"
"50-59 years","Talbot","50","3","5"
"60-69 years","Talbot","47","2","9"
"70-79 years","Talbot","30","2","4"
"80 & Older years","Talbot","16","2","8"
"Unknown years","Talbot","2","0","0"
"01-04 years","Taliaferro","1","0","0"
"05-09 years","Taliaferro","1","0","0"
"10-17 years","Taliaferro","6","0","0"
"18-29 years","Taliaferro","7","0","0"
"30-39 years","Taliaferro","12","0","0"
"40-49 years","Taliaferro","16","0","1"
"50-59 years","Taliaferro","8","0","0"
"60-69 years","Taliaferro","12","0","2"
"70-79 years","Taliaferro","7","0","1"
"80 & Older years","Taliaferro","2","0","1"
"Unknown years","Taliaferro","1","0","0"
"01-04 years","Tattnall","23","0","0"
"05-09 years","Tattnall","30","0","0"
"10-17 years","Tattnall","124","0","0"
"18-29 years","Tattnall","268","0","1"
"30-39 years","Tattnall","227","0","3"
"40-49 years","Tattnall","226","0","6"
"50-59 years","Tattnall","231","3","18"
"60-69 years","Tattnall","194","7","26"
"70-79 years","Tattnall","87","11","30"
"80 & Older years","Tattnall","36","4","8"
"<1 years","Tattnall","4","0","0"
"Unknown years","Tattnall","10","0","1"
"01-04 years","Taylor","11","0","1"
"05-09 years","Taylor","9","0","0"
"10-17 years","Taylor","45","0","1"
"18-29 years","Taylor","64","0","1"
"30-39 years","Taylor","35","0","3"
"40-49 years","Taylor","73","1","7"
"50-59 years","Taylor","52","0","11"
"60-69 years","Taylor","48","5","12"
"70-79 years","Taylor","29","2","8"
"80 & Older years","Taylor","24","6","9"
"<1 years","Taylor","4","0","0"
"Unknown years","Taylor","1","0","0"
"01-04 years","Telfair","7","0","0"
"05-09 years","Telfair","10","0","0"
"10-17 years","Telfair","18","0","0"
"18-29 years","Telfair","126","0","3"
"30-39 years","Telfair","87","1","1"
"40-49 years","Telfair","88","0","5"
"50-59 years","Telfair","87","4","9"
"60-69 years","Telfair","93","6","16"
"70-79 years","Telfair","66","9","17"
"80 & Older years","Telfair","38","13","9"
"<1 years","Telfair","4","0","0"
"Unknown years","Telfair","1","0","0"
"01-04 years","Terrell","4","0","0"
"05-09 years","Terrell","5","0","0"
"10-17 years","Terrell","35","0","0"
"18-29 years","Terrell","56","0","1"
"30-39 years","Terrell","69","0","8"
"40-49 years","Terrell","53","0","7"
"50-59 years","Terrell","80","3","12"
"60-69 years","Terrell","85","10","30"
"70-79 years","Terrell","52","12","22"
"80 & Older years","Terrell","35","9","11"
"Unknown years","Terrell","1","0","0"
"01-04 years","Thomas","43","0","0"
"05-09 years","Thomas","65","0","0"
"10-17 years","Thomas","203","0","1"
"18-29 years","Thomas","484","2","16"
"30-39 years","Thomas","387","1","14"
"40-49 years","Thomas","425","4","23"
"50-59 years","Thomas","443","5","31"
"60-69 years","Thomas","351","10","68"
"70-79 years","Thomas","220","27","53"
"80 & Older years","Thomas","131","35","39"
"<1 years","Thomas","11","0","1"
"Unknown years","Thomas","24","0","0"
"01-04 years","Tift","28","0","1"
"05-09 years","Tift","56","0","3"
"10-17 years","Tift","211","0","6"
"18-29 years","Tift","724","0","16"
"30-39 years","Tift","500","1","24"
"40-49 years","Tift","483","6","51"
"50-59 years","Tift","424","9","62"
"60-69 years","Tift","318","15","61"
"70-79 years","Tift","222","24","75"
"80 & Older years","Tift","119","21","50"
"<1 years","Tift","11","0","0"
"Unknown years","Tift","2","0","0"
"01-04 years","Toombs","25","0","0"
"05-09 years","Toombs","45","0","0"
"10-17 years","Toombs","177","0","1"
"18-29 years","Toombs","449","0","5"
"30-39 years","Toombs","364","0","3"
"40-49 years","Toombs","362","1","19"
"50-59 years","Toombs","354","6","20"
"60-69 years","Toombs","311","5","39"
"70-79 years","Toombs","219","23","34"
"80 & Older years","Toombs","126","29","25"
"<1 years","Toombs","5","0","0"
"Unknown years","Toombs","1","0","0"
"01-04 years","Towns","2","0","0"
"05-09 years","Towns","6","0","0"
"10-17 years","Towns","33","0","0"
"18-29 years","Towns","104","0","4"
"30-39 years","Towns","70","0","2"
"40-49 years","Towns","90","1","5"
"50-59 years","Towns","125","2","12"
"60-69 years","Towns","163","1","15"
"70-79 years","Towns","130","6","28"
"80 & Older years","Towns","81","16","34"
"Unknown years","Towns","21","0","0"
"01-04 years","Treutlen","4","0","0"
"05-09 years","Treutlen","10","0","0"
"10-17 years","Treutlen","38","0","0"
"18-29 years","Treutlen","78","0","2"
"30-39 years","Treutlen","71","0","4"
"40-49 years","Treutlen","82","0","5"
"50-59 years","Treutlen","74","1","5"
"60-69 years","Treutlen","53","3","10"
"70-79 years","Treutlen","44","7","8"
"80 & Older years","Treutlen","27","3","9"
"01-04 years","Troup","107","0","0"
"05-09 years","Troup","136","0","0"
"10-17 years","Troup","386","0","2"
"18-29 years","Troup","955","1","26"
"30-39 years","Troup","704","6","38"
"40-49 years","Troup","636","3","44"
"50-59 years","Troup","643","12","89"
"60-69 years","Troup","479","18","80"
"70-79 years","Troup","250","32","75"
"80 & Older years","Troup","204","57","53"
"<1 years","Troup","31","0","1"
"Unknown years","Troup","15","0","0"
"01-04 years","Turner","1","0","0"
"05-09 years","Turner","5","0","0"
"10-17 years","Turner","18","0","0"
"18-29 years","Turner","75","0","2"
"30-39 years","Turner","92","0","9"
"40-49 years","Turner","90","0","4"
"50-59 years","Turner","85","2","11"
"60-69 years","Turner","72","7","21"
"70-79 years","Turner","47","5","11"
"80 & Older years","Turner","31","11","10"
"<1 years","Turner","1","0","1"
"01-04 years","Twiggs","7","0","0"
"05-09 years","Twiggs","6","0","1"
"10-17 years","Twiggs","20","0","0"
"18-29 years","Twiggs","57","0","1"
"30-39 years","Twiggs","53","1","4"
"40-49 years","Twiggs","53","1","6"
"50-59 years","Twiggs","81","2","10"
"60-69 years","Twiggs","82","3","23"
"70-79 years","Twiggs","44","5","19"
"80 & Older years","Twiggs","19","5","10"
"01-04 years","Union","7","0","0"
"05-09 years","Union","14","0","0"
"10-17 years","Union","53","0","1"
"18-29 years","Union","202","1","1"
"30-39 years","Union","160","0","2"
"40-49 years","Union","182","0","11"
"50-59 years","Union","242","4","13"
"60-69 years","Union","287","4","34"
"70-79 years","Union","250","15","43"
"80 & Older years","Union","172","22","49"
"<1 years","Union","1","0","0"
"Unknown years","Union","25","0","0"
"01-04 years","Unknown","49","0","0"
"05-09 years","Unknown","78","0","0"
"10-17 years","Unknown","262","0","1"
"18-29 years","Unknown","923","1","5"
"30-39 years","Unknown","502","2","4"
"40-49 years","Unknown","467","1","2"
"50-59 years","Unknown","387","2","7"
"60-69 years","Unknown","259","1","8"
"70-79 years","Unknown","149","2","17"
"80 & Older years","Unknown","66","0","10"
"<1 years","Unknown","25","0","0"
"Unknown years","Unknown","188","0","3"
"01-04 years","Upson","24","0","0"
"05-09 years","Upson","36","0","0"
"10-17 years","Upson","93","0","1"
"18-29 years","Upson","244","0","5"
"30-39 years","Upson","158","1","7"
"40-49 years","Upson","192","1","9"
"50-59 years","Upson","221","5","18"
"60-69 years","Upson","189","15","26"
"70-79 years","Upson","137","25","35"
"80 & Older years","Upson","93","27","29"
"<1 years","Upson","12","0","0"
"Unknown years","Upson","8","0","0"
"01-04 years","Walker","58","0","0"
"05-09 years","Walker","90","0","1"
"10-17 years","Walker","371","0","3"
"18-29 years","Walker","797","0","10"
"30-39 years","Walker","599","0","11"
"40-49 years","Walker","700","3","22"
"50-59 years","Walker","622","2","28"
"60-69 years","Walker","546","11","47"
"70-79 years","Walker","355","22","38"
"80 & Older years","Walker","178","19","20"
"<1 years","Walker","30","0","0"
"Unknown years","Walker","133","0","7"
"01-04 years","Walton","52","0","1"
"05-09 years","Walton","110","0","1"
"10-17 years","Walton","430","0","5"
"18-29 years","Walton","996","0","23"
"30-39 years","Walton","849","0","18"
"40-49 years","Walton","929","2","43"
"50-59 years","Walton","931","5","60"
"60-69 years","Walton","619","15","61"
"70-79 years","Walton","462","25","75"
"80 & Older years","Walton","302","46","63"
"<1 years","Walton","14","0","1"
"Unknown years","Walton","12","0","0"
"01-04 years","Ware","49","0","1"
"05-09 years","Ware","50","0","0"
"10-17 years","Ware","193","0","3"
"18-29 years","Ware","468","1","5"
"30-39 years","Ware","401","1","16"
"40-49 years","Ware","316","2","22"
"50-59 years","Ware","346","9","45"
"60-69 years","Ware","254","9","47"
"70-79 years","Ware","208","29","72"
"80 & Older years","Ware","158","31","47"
"<1 years","Ware","16","0","1"
"Unknown years","Ware","6","0","1"
"01-04 years","Warren","4","0","0"
"05-09 years","Warren","2","0","0"
"10-17 years","Warren","15","0","0"
"18-29 years","Warren","46","0","2"
"30-39 years","Warren","41","0","4"
"40-49 years","Warren","38","1","4"
"50-59 years","Warren","51","1","6"
"60-69 years","Warren","33","2","7"
"70-79 years","Warren","23","2","8"
"80 & Older years","Warren","11","1","2"
"<1 years","Warren","2","0","1"
"Unknown years","Warren","2","0","0"
"01-04 years","Washington","15","0","0"
"05-09 years","Washington","20","0","0"
"10-17 years","Washington","97","0","1"
"18-29 years","Washington","208","0","6"
"30-39 years","Washington","194","0","8"
"40-49 years","Washington","216","2","11"
"50-59 years","Washington","199","1","12"
"60-69 years","Washington","191","9","24"
"70-79 years","Washington","116","5","17"
"80 & Older years","Washington","60","12","9"
"<1 years","Washington","10","0","0"
"Unknown years","Washington","5","0","0"
"01-04 years","Wayne","25","0","0"
"05-09 years","Wayne","16","0","0"
"10-17 years","Wayne","106","0","0"
"18-29 years","Wayne","326","1","7"
"30-39 years","Wayne","326","1","6"
"40-49 years","Wayne","383","1","29"
"50-59 years","Wayne","322","4","27"
"60-69 years","Wayne","250","10","45"
"70-79 years","Wayne","207","17","52"
"80 & Older years","Wayne","92","14","18"
"<1 years","Wayne","3","0","0"
"Unknown years","Wayne","3","0","0"
"10-17 years","Webster","2","0","0"
"18-29 years","Webster","12","0","1"
"30-39 years","Webster","5","0","0"
"40-49 years","Webster","12","0","2"
"50-59 years","Webster","16","2","4"
"60-69 years","Webster","18","0","4"
"70-79 years","Webster","5","0","0"
"80 & Older years","Webster","2","0","0"
"Unknown years","Webster","2","0","0"
"01-04 years","Wheeler","1","0","0"
"05-09 years","Wheeler","5","0","0"
"10-17 years","Wheeler","19","0","0"
"18-29 years","Wheeler","42","0","0"
"30-39 years","Wheeler","68","2","2"
"40-49 years","Wheeler","74","1","3"
"50-59 years","Wheeler","85","5","7"
"60-69 years","Wheeler","51","3","5"
"70-79 years","Wheeler","39","5","10"
"80 & Older years","Wheeler","8","3","1"
"<1 years","Wheeler","1","0","0"
"Unknown years","Wheeler","24","0","1"
"01-04 years","White","10","0","0"
"05-09 years","White","41","0","0"
"10-17 years","White","171","0","2"
"18-29 years","White","364","1","6"
"30-39 years","White","257","1","6"
"40-49 years","White","330","1","13"
"50-59 years","White","386","3","34"
"60-69 years","White","342","7","48"
"70-79 years","White","264","9","55"
"80 & Older years","White","159","20","58"
"<1 years","White","5","0","0"
"Unknown years","White","51","0","1"
"01-04 years","Whitfield","173","0","2"
"05-09 years","Whitfield","317","0","3"
"10-17 years","Whitfield","1095","0","4"
"18-29 years","Whitfield","2922","0","38"
"30-39 years","Whitfield","1888","4","51"
"40-49 years","Whitfield","1982","4","70"
"50-59 years","Whitfield","1763","17","97"
"60-69 years","Whitfield","1050","22","116"
"70-79 years","Whitfield","597","35","103"
"80 & Older years","Whitfield","341","54","94"
"<1 years","Whitfield","62","0","5"
"Unknown years","Whitfield","30","0","2"
"01-04 years","Wilcox","10","0","0"
"05-09 years","Wilcox","10","0","0"
"10-17 years","Wilcox","19","0","0"
"18-29 years","Wilcox","37","0","0"
"30-39 years","Wilcox","37","0","1"
"40-49 years","Wilcox","66","0","12"
"50-59 years","Wilcox","72","1","13"
"60-69 years","Wilcox","79","8","23"
"70-79 years","Wilcox","49","9","9"
"80 & Older years","Wilcox","22","7","6"
"<1 years","Wilcox","5","0","0"
"01-04 years","Wilkes","7","0","0"
"05-09 years","Wilkes","15","0","0"
"10-17 years","Wilkes","45","0","0"
"18-29 years","Wilkes","96","0","0"
"30-39 years","Wilkes","63","0","4"
"40-49 years","Wilkes","86","0","10"
"50-59 years","Wilkes","78","1","3"
"60-69 years","Wilkes","52","0","11"
"70-79 years","Wilkes","50","3","15"
"80 & Older years","Wilkes","20","4","11"
"<1 years","Wilkes","1","0","0"
"01-04 years","Wilkinson","6","0","0"
"05-09 years","Wilkinson","10","0","0"
"10-17 years","Wilkinson","21","0","0"
"18-29 years","Wilkinson","87","0","3"
"30-39 years","Wilkinson","70","0","5"
"40-49 years","Wilkinson","75","0","6"
"50-59 years","Wilkinson","129","3","22"
"60-69 years","Wilkinson","118","5","31"
"70-79 years","Wilkinson","49","6","18"
"80 & Older years","Wilkinson","32","4","13"
"01-04 years","Worth","11","0","0"
"05-09 years","Worth","12","0","0"
"10-17 years","Worth","65","0","3"
"18-29 years","Worth","157","0","7"
"30-39 years","Worth","127","0","9"
"40-49 years","Worth","138","1","12"
"50-59 years","Worth","163","4","22"
"60-69 years","Worth","172","14","42"
"70-79 years","Worth","102","10","22"
"80 & Older years","Worth","64","10","15"
"<1 years","Worth","4","0","0"
"Unknown years","Worth","1","0","0"
