"ethnicity","race","sex","cases","deaths","hospitalization"
"Hispanic/ Latino","African-American/ Black","Female","100","1","5"
"Hispanic/ Latino","African-American/ Black","Male","19","0","0"
"Hispanic/ Latino","American Indian/ Alaska Native","Female","1","0","0"
"Hispanic/ Latino","Asian","Female","12","0","0"
"Hispanic/ Latino","Asian","Male","2","0","1"
"Hispanic/ Latino","Native Hawaiian/ Pacific Islander","Female","7","0","0"
"Hispanic/ Latino","Other","Female","538","2","30"
"Hispanic/ Latino","Other","Male","125","0","5"
"Hispanic/ Latino","Other","Unknown","1","0","0"
"Hispanic/ Latino","Unknown","Female","139","0","4"
"Hispanic/ Latino","Unknown","Male","34","0","1"
"Hispanic/ Latino","White","Female","775","1","33"
"Hispanic/ Latino","White","Male","156","1","7"
"Hispanic/ Latino","White","Unknown","7","0","0"
"Non-Hispanic/ Latino","African-American/ Black","Female","10363","109","801"
"Non-Hispanic/ Latino","African-American/ Black","Male","1701","25","171"
"Non-Hispanic/ Latino","African-American/ Black","Unknown","42","0","1"
"Non-Hispanic/ Latino","American Indian/ Alaska Native","Female","15","0","1"
"Non-Hispanic/ Latino","American Indian/ Alaska Native","Male","4","0","1"
"Non-Hispanic/ Latino","Asian","Female","428","1","14"
"Non-Hispanic/ Latino","Asian","Male","209","2","11"
"Non-Hispanic/ Latino","Asian","Unknown","6","0","0"
"Non-Hispanic/ Latino","Native Hawaiian/ Pacific Islander","Female","21","0","0"
"Non-Hispanic/ Latino","Native Hawaiian/ Pacific Islander","Male","7","0","0"
"Non-Hispanic/ Latino","Other","Female","268","0","7"
"Non-Hispanic/ Latino","Other","Male","111","0","2"
"Non-Hispanic/ Latino","Other","Unknown","3","0","0"
"Non-Hispanic/ Latino","Unknown","Female","247","1","17"
"Non-Hispanic/ Latino","Unknown","Male","45","0","2"
"Non-Hispanic/ Latino","Unknown","Unknown","2","0","1"
"Non-Hispanic/ Latino","White","Female","11789","63","496"
"Non-Hispanic/ Latino","White","Male","3007","37","200"
"Non-Hispanic/ Latino","White","Unknown","47","0","0"
"Unknown","African-American/ Black","Female","826","0","40"
"Unknown","African-American/ Black","Male","165","0","3"
"Unknown","African-American/ Black","Unknown","9","0","0"
"Unknown","American Indian/ Alaska Native","Female","4","0","0"
"Unknown","American Indian/ Alaska Native","Male","1","0","0"
"Unknown","Asian","Female","52","0","2"
"Unknown","Asian","Male","28","0","3"
"Unknown","Asian","Unknown","1","0","0"
"Unknown","Native Hawaiian/ Pacific Islander","Female","4","0","2"
"Unknown","Native Hawaiian/ Pacific Islander","Male","3","0","0"
"Unknown","Other","Female","231","0","6"
"Unknown","Other","Male","71","0","1"
"Unknown","Other","Unknown","1","0","0"
"Unknown","Unknown","Female","2075","1","27"
"Unknown","Unknown","Male","853","0","12"
"Unknown","Unknown","Unknown","122","0","2"
"Unknown","White","Female","951","1","30"
"Unknown","White","Male","225","1","10"
"Unknown","White","Unknown","14","0","1"
