"age group","county name","cases","deaths","hospitalization"
"01-04 years","Georgia","7079","1","136"
"05-09 years","Georgia","11336","2","100"
"10-17 years","Georgia","40841","5","409"
"18-29 years","Georgia","137959","71","2778"
"30-39 years","Georgia","96725","163","3629"
"40-49 years","Georgia","93629","373","5277"
"50-59 years","Georgia","87984","904","7551"
"60-69 years","Georgia","59493","1946","8786"
"70-79 years","Georgia","34967","2772","7929"
"80 & Older years","Georgia","20844","3728","6230"
"<1 years","Georgia","2086","0","105"
"Unknown years","Georgia","4265","1","88"
"01-04 years","Appling","21","0","0"
"05-09 years","Appling","42","0","0"
"10-17 years","Appling","125","0","1"
"18-29 years","Appling","283","1","4"
"30-39 years","Appling","209","1","5"
"40-49 years","Appling","214","2","16"
"50-59 years","Appling","236","5","20"
"60-69 years","Appling","192","10","36"
"70-79 years","Appling","132","12","28"
"80 & Older years","Appling","59","12","22"
"<1 years","Appling","3","0","0"
"Unknown years","Appling","4","0","0"
"01-04 years","Atkinson","5","0","1"
"05-09 years","Atkinson","17","0","1"
"10-17 years","Atkinson","42","0","0"
"18-29 years","Atkinson","149","0","8"
"30-39 years","Atkinson","106","0","8"
"40-49 years","Atkinson","112","0","17"
"50-59 years","Atkinson","111","1","18"
"60-69 years","Atkinson","70","4","20"
"70-79 years","Atkinson","39","2","12"
"80 & Older years","Atkinson","13","2","9"
"<1 years","Atkinson","3","0","0"
"01-04 years","Bacon","16","0","0"
"05-09 years","Bacon","17","0","0"
"10-17 years","Bacon","55","0","1"
"18-29 years","Bacon","195","0","1"
"30-39 years","Bacon","107","0","4"
"40-49 years","Bacon","139","1","8"
"50-59 years","Bacon","130","2","15"
"60-69 years","Bacon","97","7","16"
"70-79 years","Bacon","61","4","11"
"80 & Older years","Bacon","30","7","7"
"<1 years","Bacon","5","0","0"
"Unknown years","Bacon","2","0","0"
"01-04 years","Baker","5","0","0"
"05-09 years","Baker","4","0","0"
"10-17 years","Baker","9","0","0"
"18-29 years","Baker","21","0","0"
"30-39 years","Baker","20","0","2"
"40-49 years","Baker","11","0","1"
"50-59 years","Baker","16","0","1"
"60-69 years","Baker","23","2","10"
"70-79 years","Baker","17","2","10"
"80 & Older years","Baker","8","2","3"
"<1 years","Baker","1","0","0"
"01-04 years","Baldwin","22","0","0"
"05-09 years","Baldwin","44","0","0"
"10-17 years","Baldwin","136","0","4"
"18-29 years","Baldwin","1087","0","13"
"30-39 years","Baldwin","350","1","12"
"40-49 years","Baldwin","365","2","28"
"50-59 years","Baldwin","384","8","41"
"60-69 years","Baldwin","303","15","55"
"70-79 years","Baldwin","196","19","41"
"80 & Older years","Baldwin","112","27","36"
"<1 years","Baldwin","8","0","0"
"01-04 years","Banks","6","0","0"
"05-09 years","Banks","19","0","1"
"10-17 years","Banks","83","0","2"
"18-29 years","Banks","211","0","4"
"30-39 years","Banks","157","0","3"
"40-49 years","Banks","162","0","13"
"50-59 years","Banks","180","0","17"
"60-69 years","Banks","151","4","29"
"70-79 years","Banks","124","9","44"
"80 & Older years","Banks","69","7","24"
"<1 years","Banks","4","0","1"
"Unknown years","Banks","40","0","1"
"01-04 years","Barrow","46","0","0"
"05-09 years","Barrow","88","0","0"
"10-17 years","Barrow","358","0","4"
"18-29 years","Barrow","1066","1","27"
"30-39 years","Barrow","912","0","33"
"40-49 years","Barrow","931","3","49"
"50-59 years","Barrow","784","2","67"
"60-69 years","Barrow","538","14","95"
"70-79 years","Barrow","305","19","71"
"80 & Older years","Barrow","159","28","55"
"<1 years","Barrow","20","0","2"
"Unknown years","Barrow","17","0","0"
"01-04 years","Bartow","56","0","1"
"05-09 years","Bartow","117","0","1"
"10-17 years","Bartow","577","0","4"
"18-29 years","Bartow","1290","0","14"
"30-39 years","Bartow","1093","2","31"
"40-49 years","Bartow","1104","0","51"
"50-59 years","Bartow","1152","9","93"
"60-69 years","Bartow","678","19","103"
"70-79 years","Bartow","491","39","109"
"80 & Older years","Bartow","249","53","84"
"<1 years","Bartow","21","0","1"
"Unknown years","Bartow","76","0","6"
"01-04 years","Ben Hill","28","0","1"
"05-09 years","Ben Hill","18","0","0"
"10-17 years","Ben Hill","80","0","0"
"18-29 years","Ben Hill","211","0","4"
"30-39 years","Ben Hill","187","2","7"
"40-49 years","Ben Hill","167","0","9"
"50-59 years","Ben Hill","208","2","24"
"60-69 years","Ben Hill","177","9","23"
"70-79 years","Ben Hill","123","15","43"
"80 & Older years","Ben Hill","54","8","13"
"<1 years","Ben Hill","2","0","0"
"Unknown years","Ben Hill","2","0","0"
"01-04 years","Berrien","14","0","0"
"05-09 years","Berrien","14","0","0"
"10-17 years","Berrien","59","0","0"
"18-29 years","Berrien","157","0","0"
"30-39 years","Berrien","130","0","2"
"40-49 years","Berrien","122","0","3"
"50-59 years","Berrien","131","1","12"
"60-69 years","Berrien","93","4","10"
"70-79 years","Berrien","59","7","10"
"80 & Older years","Berrien","37","9","7"
"<1 years","Berrien","2","0","0"
"Unknown years","Berrien","1","0","0"
"01-04 years","Bibb","101","0","2"
"05-09 years","Bibb","138","0","0"
"10-17 years","Bibb","464","0","6"
"18-29 years","Bibb","2213","1","65"
"30-39 years","Bibb","1576","4","78"
"40-49 years","Bibb","1574","10","150"
"50-59 years","Bibb","1440","12","180"
"60-69 years","Bibb","1131","51","288"
"70-79 years","Bibb","673","70","216"
"80 & Older years","Bibb","422","92","189"
"<1 years","Bibb","36","0","4"
"Unknown years","Bibb","10","0","0"
"01-04 years","Bleckley","3","0","0"
"05-09 years","Bleckley","8","0","0"
"10-17 years","Bleckley","57","0","0"
"18-29 years","Bleckley","155","0","3"
"30-39 years","Bleckley","69","0","1"
"40-49 years","Bleckley","89","1","2"
"50-59 years","Bleckley","88","2","3"
"60-69 years","Bleckley","72","7","9"
"70-79 years","Bleckley","55","3","11"
"80 & Older years","Bleckley","60","17","12"
"<1 years","Bleckley","2","0","0"
"01-04 years","Brantley","12","0","0"
"05-09 years","Brantley","7","0","0"
"10-17 years","Brantley","59","0","1"
"18-29 years","Brantley","127","0","1"
"30-39 years","Brantley","86","0","3"
"40-49 years","Brantley","104","1","5"
"50-59 years","Brantley","109","2","12"
"60-69 years","Brantley","87","3","10"
"70-79 years","Brantley","56","6","14"
"80 & Older years","Brantley","39","6","9"
"<1 years","Brantley","1","0","0"
"Unknown years","Brantley","1","0","0"
"01-04 years","Brooks","14","0","0"
"05-09 years","Brooks","15","0","0"
"10-17 years","Brooks","74","0","0"
"18-29 years","Brooks","147","0","0"
"30-39 years","Brooks","109","0","2"
"40-49 years","Brooks","98","0","9"
"50-59 years","Brooks","116","2","14"
"60-69 years","Brooks","85","6","12"
"70-79 years","Brooks","74","9","18"
"80 & Older years","Brooks","50","10","9"
"<1 years","Brooks","3","0","0"
"01-04 years","Bryan","32","0","0"
"05-09 years","Bryan","39","0","0"
"10-17 years","Bryan","145","0","1"
"18-29 years","Bryan","380","0","8"
"30-39 years","Bryan","299","1","7"
"40-49 years","Bryan","305","0","11"
"50-59 years","Bryan","253","4","25"
"60-69 years","Bryan","169","5","22"
"70-79 years","Bryan","109","5","32"
"80 & Older years","Bryan","51","3","16"
"<1 years","Bryan","7","0","0"
"Unknown years","Bryan","3","0","0"
"01-04 years","Bulloch","46","0","0"
"05-09 years","Bulloch","55","0","0"
"10-17 years","Bulloch","213","0","2"
"18-29 years","Bulloch","1876","0","7"
"30-39 years","Bulloch","435","3","19"
"40-49 years","Bulloch","372","2","24"
"50-59 years","Bulloch","366","1","23"
"60-69 years","Bulloch","254","12","34"
"70-79 years","Bulloch","128","10","28"
"80 & Older years","Bulloch","82","8","26"
"<1 years","Bulloch","17","0","2"
"Unknown years","Bulloch","10","0","1"
"01-04 years","Burke","14","0","0"
"05-09 years","Burke","29","0","0"
"10-17 years","Burke","85","0","1"
"18-29 years","Burke","246","0","6"
"30-39 years","Burke","184","0","7"
"40-49 years","Burke","200","1","10"
"50-59 years","Burke","189","1","27"
"60-69 years","Burke","147","5","30"
"70-79 years","Burke","89","4","20"
"80 & Older years","Burke","27","5","10"
"<1 years","Burke","4","0","0"
"Unknown years","Burke","3","0","0"
"01-04 years","Butts","15","0","2"
"05-09 years","Butts","13","0","0"
"10-17 years","Butts","73","0","1"
"18-29 years","Butts","235","0","5"
"30-39 years","Butts","210","0","7"
"40-49 years","Butts","211","2","11"
"50-59 years","Butts","224","3","16"
"60-69 years","Butts","178","9","22"
"70-79 years","Butts","124","12","12"
"80 & Older years","Butts","92","22","5"
"<1 years","Butts","3","0","0"
"Unknown years","Butts","1","0","0"
"01-04 years","Calhoun","3","0","0"
"05-09 years","Calhoun","1","0","0"
"10-17 years","Calhoun","16","0","0"
"18-29 years","Calhoun","48","0","5"
"30-39 years","Calhoun","47","2","5"
"40-49 years","Calhoun","70","1","9"
"50-59 years","Calhoun","58","2","11"
"60-69 years","Calhoun","53","2","16"
"70-79 years","Calhoun","21","2","6"
"80 & Older years","Calhoun","12","2","6"
"<1 years","Calhoun","2","0","0"
"01-04 years","Camden","33","0","0"
"05-09 years","Camden","31","0","1"
"10-17 years","Camden","148","0","1"
"18-29 years","Camden","585","0","4"
"30-39 years","Camden","373","0","12"
"40-49 years","Camden","303","1","10"
"50-59 years","Camden","357","1","16"
"60-69 years","Camden","264","6","20"
"70-79 years","Camden","152","0","16"
"80 & Older years","Camden","70","11","18"
"<1 years","Camden","7","0","1"
"Unknown years","Camden","7","0","0"
"01-04 years","Candler","8","0","0"
"05-09 years","Candler","11","0","0"
"10-17 years","Candler","46","0","0"
"18-29 years","Candler","109","0","0"
"30-39 years","Candler","83","0","2"
"40-49 years","Candler","100","2","1"
"50-59 years","Candler","109","5","9"
"60-69 years","Candler","85","7","13"
"70-79 years","Candler","52","10","16"
"80 & Older years","Candler","23","4","9"
"<1 years","Candler","4","0","0"
"Unknown years","Candler","1","0","0"
"01-04 years","Carroll","64","0","1"
"05-09 years","Carroll","85","0","1"
"10-17 years","Carroll","420","0","6"
"18-29 years","Carroll","1336","0","11"
"30-39 years","Carroll","795","4","17"
"40-49 years","Carroll","776","4","23"
"50-59 years","Carroll","797","10","52"
"60-69 years","Carroll","568","17","58"
"70-79 years","Carroll","315","27","51"
"80 & Older years","Carroll","219","36","37"
"<1 years","Carroll","22","0","0"
"Unknown years","Carroll","13","0","0"
"01-04 years","Catoosa","50","0","0"
"05-09 years","Catoosa","68","0","1"
"10-17 years","Catoosa","288","0","1"
"18-29 years","Catoosa","624","0","7"
"30-39 years","Catoosa","467","1","6"
"40-49 years","Catoosa","546","1","10"
"50-59 years","Catoosa","509","5","20"
"60-69 years","Catoosa","377","5","38"
"70-79 years","Catoosa","230","12","38"
"80 & Older years","Catoosa","164","14","36"
"<1 years","Catoosa","18","0","0"
"Unknown years","Catoosa","66","0","4"
"01-04 years","Charlton","10","0","0"
"05-09 years","Charlton","20","0","0"
"10-17 years","Charlton","51","0","0"
"18-29 years","Charlton","156","0","1"
"30-39 years","Charlton","179","0","4"
"40-49 years","Charlton","162","2","8"
"50-59 years","Charlton","116","0","3"
"60-69 years","Charlton","117","4","12"
"70-79 years","Charlton","37","4","9"
"80 & Older years","Charlton","18","3","8"
"<1 years","Charlton","2","0","0"
"Unknown years","Charlton","1","0","0"
"01-04 years","Chatham","233","0","2"
"05-09 years","Chatham","274","1","0"
"10-17 years","Chatham","820","0","13"
"18-29 years","Chatham","3478","2","40"
"30-39 years","Chatham","2382","4","91"
"40-49 years","Chatham","1852","10","110"
"50-59 years","Chatham","1699","24","179"
"60-69 years","Chatham","1309","43","234"
"70-79 years","Chatham","709","64","214"
"80 & Older years","Chatham","447","82","180"
"<1 years","Chatham","61","0","4"
"Unknown years","Chatham","44","0","2"
"01-04 years","Chattahoochee","8","0","0"
"05-09 years","Chattahoochee","6","0","0"
"10-17 years","Chattahoochee","99","0","2"
"18-29 years","Chattahoochee","1772","0","1"
"30-39 years","Chattahoochee","190","0","3"
"40-49 years","Chattahoochee","45","0","0"
"50-59 years","Chattahoochee","19","0","5"
"60-69 years","Chattahoochee","13","0","3"
"70-79 years","Chattahoochee","6","0","2"
"80 & Older years","Chattahoochee","4","1","3"
"<1 years","Chattahoochee","8","0","0"
"Unknown years","Chattahoochee","1","0","0"
"01-04 years","Chattooga","8","0","0"
"05-09 years","Chattooga","18","0","0"
"10-17 years","Chattooga","129","0","0"
"18-29 years","Chattooga","265","0","4"
"30-39 years","Chattooga","220","0","5"
"40-49 years","Chattooga","256","1","9"
"50-59 years","Chattooga","249","4","12"
"60-69 years","Chattooga","207","12","28"
"70-79 years","Chattooga","136","10","28"
"80 & Older years","Chattooga","96","17","19"
"<1 years","Chattooga","6","0","1"
"Unknown years","Chattooga","18","0","1"
"01-04 years","Cherokee","138","0","6"
"05-09 years","Cherokee","314","0","4"
"10-17 years","Cherokee","1359","0","6"
"18-29 years","Cherokee","2854","1","60"
"30-39 years","Cherokee","1962","1","79"
"40-49 years","Cherokee","2176","2","92"
"50-59 years","Cherokee","2180","9","141"
"60-69 years","Cherokee","1260","19","147"
"70-79 years","Cherokee","808","30","155"
"80 & Older years","Cherokee","521","66","142"
"<1 years","Cherokee","30","0","1"
"Unknown years","Cherokee","47","0","2"
"01-04 years","Clarke","109","0","0"
"05-09 years","Clarke","133","0","1"
"10-17 years","Clarke","369","0","4"
"18-29 years","Clarke","4568","0","22"
"30-39 years","Clarke","1083","1","27"
"40-49 years","Clarke","845","2","33"
"50-59 years","Clarke","753","5","48"
"60-69 years","Clarke","523","12","68"
"70-79 years","Clarke","303","22","78"
"80 & Older years","Clarke","171","22","44"
"<1 years","Clarke","23","0","1"
"Unknown years","Clarke","28","0","0"
"01-04 years","Clay","3","0","0"
"05-09 years","Clay","2","0","0"
"10-17 years","Clay","13","0","0"
"18-29 years","Clay","25","0","0"
"30-39 years","Clay","24","0","1"
"40-49 years","Clay","21","0","0"
"50-59 years","Clay","16","0","1"
"60-69 years","Clay","22","1","2"
"70-79 years","Clay","11","0","0"
"80 & Older years","Clay","14","2","5"
"Unknown years","Clay","1","0","0"
"01-04 years","Clayton","216","0","7"
"05-09 years","Clayton","322","1","7"
"10-17 years","Clayton","877","0","19"
"18-29 years","Clayton","3055","4","75"
"30-39 years","Clayton","2563","6","110"
"40-49 years","Clayton","2349","22","141"
"50-59 years","Clayton","2155","28","192"
"60-69 years","Clayton","1379","57","176"
"70-79 years","Clayton","602","48","116"
"80 & Older years","Clayton","311","58","72"
"<1 years","Clayton","48","0","1"
"Unknown years","Clayton","42","0","1"
"01-04 years","Clinch","10","0","0"
"05-09 years","Clinch","15","0","0"
"10-17 years","Clinch","66","0","0"
"18-29 years","Clinch","109","0","2"
"30-39 years","Clinch","85","1","4"
"40-49 years","Clinch","77","0","3"
"50-59 years","Clinch","77","0","12"
"60-69 years","Clinch","83","6","13"
"70-79 years","Clinch","42","6","14"
"80 & Older years","Clinch","14","1","4"
"<1 years","Clinch","1","0","0"
"Unknown years","Clinch","1","0","0"
"01-04 years","Cobb","428","1","14"
"05-09 years","Cobb","721","0","4"
"10-17 years","Cobb","2437","0","20"
"18-29 years","Cobb","10335","4","203"
"30-39 years","Cobb","6747","12","212"
"40-49 years","Cobb","6272","22","339"
"50-59 years","Cobb","5583","34","448"
"60-69 years","Cobb","3378","82","428"
"70-79 years","Cobb","1878","171","382"
"80 & Older years","Cobb","1178","239","336"
"<1 years","Cobb","128","0","8"
"Unknown years","Cobb","123","0","3"
"01-04 years","Coffee","64","0","2"
"05-09 years","Coffee","81","0","4"
"10-17 years","Coffee","237","0","2"
"18-29 years","Coffee","686","0","19"
"30-39 years","Coffee","516","2","34"
"40-49 years","Coffee","580","2","73"
"50-59 years","Coffee","564","5","98"
"60-69 years","Coffee","456","20","110"
"70-79 years","Coffee","249","25","96"
"80 & Older years","Coffee","125","26","70"
"<1 years","Coffee","11","0","0"
"Unknown years","Coffee","1","0","0"
"01-04 years","Colquitt","32","0","0"
"05-09 years","Colquitt","66","0","1"
"10-17 years","Colquitt","236","0","4"
"18-29 years","Colquitt","576","0","16"
"30-39 years","Colquitt","400","0","16"
"40-49 years","Colquitt","407","4","32"
"50-59 years","Colquitt","361","10","30"
"60-69 years","Colquitt","264","11","32"
"70-79 years","Colquitt","144","6","33"
"80 & Older years","Colquitt","100","13","21"
"<1 years","Colquitt","12","0","0"
"Unknown years","Colquitt","3","0","0"
"01-04 years","Columbia","72","0","2"
"05-09 years","Columbia","162","0","0"
"10-17 years","Columbia","656","0","1"
"18-29 years","Columbia","1636","0","13"
"30-39 years","Columbia","1386","2","18"
"40-49 years","Columbia","1273","6","32"
"50-59 years","Columbia","1130","11","54"
"60-69 years","Columbia","694","12","63"
"70-79 years","Columbia","373","23","56"
"80 & Older years","Columbia","216","33","54"
"<1 years","Columbia","21","0","1"
"Unknown years","Columbia","16","0","0"
"01-04 years","Cook","12","0","1"
"05-09 years","Cook","18","0","0"
"10-17 years","Cook","85","0","1"
"18-29 years","Cook","194","0","5"
"30-39 years","Cook","153","0","4"
"40-49 years","Cook","157","0","12"
"50-59 years","Cook","141","2","15"
"60-69 years","Cook","111","5","15"
"70-79 years","Cook","91","10","23"
"80 & Older years","Cook","47","6","12"
"<1 years","Cook","5","0","0"
"Unknown years","Cook","2","0","0"
"01-04 years","Coweta","73","0","0"
"05-09 years","Coweta","116","0","0"
"10-17 years","Coweta","411","0","2"
"18-29 years","Coweta","1098","1","13"
"30-39 years","Coweta","828","0","20"
"40-49 years","Coweta","857","3","26"
"50-59 years","Coweta","970","7","43"
"60-69 years","Coweta","602","18","41"
"70-79 years","Coweta","377","19","45"
"80 & Older years","Coweta","206","32","30"
"<1 years","Coweta","23","0","0"
"Unknown years","Coweta","11","0","0"
"01-04 years","Crawford","1","0","0"
"05-09 years","Crawford","2","0","0"
"10-17 years","Crawford","22","0","0"
"18-29 years","Crawford","60","0","2"
"30-39 years","Crawford","52","0","4"
"40-49 years","Crawford","43","1","3"
"50-59 years","Crawford","83","1","10"
"60-69 years","Crawford","76","3","13"
"70-79 years","Crawford","29","2","10"
"80 & Older years","Crawford","18","0","4"
"01-04 years","Crisp","15","0","0"
"05-09 years","Crisp","18","0","0"
"10-17 years","Crisp","75","0","1"
"18-29 years","Crisp","157","0","7"
"30-39 years","Crisp","158","0","10"
"40-49 years","Crisp","144","1","12"
"50-59 years","Crisp","144","3","18"
"60-69 years","Crisp","147","8","27"
"70-79 years","Crisp","77","8","28"
"80 & Older years","Crisp","60","8","15"
"<1 years","Crisp","6","0","0"
"Unknown years","Crisp","12","0","0"
"01-04 years","Dade","5","0","0"
"05-09 years","Dade","17","0","0"
"10-17 years","Dade","64","0","0"
"18-29 years","Dade","138","0","1"
"30-39 years","Dade","90","0","1"
"40-49 years","Dade","124","0","5"
"50-59 years","Dade","112","1","6"
"60-69 years","Dade","76","0","2"
"70-79 years","Dade","63","5","15"
"80 & Older years","Dade","39","1","8"
"<1 years","Dade","6","0","0"
"Unknown years","Dade","13","0","1"
"01-04 years","Dawson","16","0","0"
"05-09 years","Dawson","27","0","0"
"10-17 years","Dawson","142","0","4"
"18-29 years","Dawson","350","0","9"
"30-39 years","Dawson","253","0","5"
"40-49 years","Dawson","236","0","16"
"50-59 years","Dawson","290","0","24"
"60-69 years","Dawson","231","3","50"
"70-79 years","Dawson","155","10","35"
"80 & Older years","Dawson","58","5","17"
"<1 years","Dawson","7","0","0"
"Unknown years","Dawson","34","0","2"
"01-04 years","DeKalb","479","0","14"
"05-09 years","DeKalb","687","0","7"
"10-17 years","DeKalb","2033","0","36"
"18-29 years","DeKalb","8793","7","273"
"30-39 years","DeKalb","7555","14","400"
"40-49 years","DeKalb","5984","26","441"
"50-59 years","DeKalb","5288","60","595"
"60-69 years","DeKalb","3341","99","606"
"70-79 years","DeKalb","1715","136","455"
"80 & Older years","DeKalb","1004","158","316"
"<1 years","DeKalb","121","0","5"
"Unknown years","DeKalb","141","0","6"
"01-04 years","Decatur","39","0","1"
"05-09 years","Decatur","51","0","0"
"10-17 years","Decatur","143","0","0"
"18-29 years","Decatur","335","1","8"
"30-39 years","Decatur","255","1","7"
"40-49 years","Decatur","255","0","16"
"50-59 years","Decatur","204","5","24"
"60-69 years","Decatur","180","10","26"
"70-79 years","Decatur","103","16","18"
"80 & Older years","Decatur","86","11","17"
"<1 years","Decatur","8","0","0"
"01-04 years","Dodge","7","0","0"
"05-09 years","Dodge","16","0","0"
"10-17 years","Dodge","66","1","1"
"18-29 years","Dodge","150","0","2"
"30-39 years","Dodge","102","0","2"
"40-49 years","Dodge","136","1","10"
"50-59 years","Dodge","153","3","12"
"60-69 years","Dodge","137","10","24"
"70-79 years","Dodge","73","13","18"
"80 & Older years","Dodge","52","16","17"
"<1 years","Dodge","3","0","0"
"01-04 years","Dooly","9","0","0"
"05-09 years","Dooly","5","0","0"
"10-17 years","Dooly","31","0","0"
"18-29 years","Dooly","81","0","5"
"30-39 years","Dooly","79","0","7"
"40-49 years","Dooly","92","0","8"
"50-59 years","Dooly","101","4","13"
"60-69 years","Dooly","86","9","19"
"70-79 years","Dooly","44","5","10"
"80 & Older years","Dooly","17","4","3"
"<1 years","Dooly","2","0","0"
"Unknown years","Dooly","3","0","0"
"01-04 years","Dougherty","31","0","3"
"05-09 years","Dougherty","55","0","0"
"10-17 years","Dougherty","160","0","3"
"18-29 years","Dougherty","721","2","67"
"30-39 years","Dougherty","608","3","61"
"40-49 years","Dougherty","644","12","94"
"50-59 years","Dougherty","707","19","130"
"60-69 years","Dougherty","622","50","188"
"70-79 years","Dougherty","368","51","140"
"80 & Older years","Dougherty","209","68","91"
"<1 years","Dougherty","20","0","1"
"Unknown years","Dougherty","10","0","0"
"01-04 years","Douglas","84","0","2"
"05-09 years","Douglas","160","0","4"
"10-17 years","Douglas","478","0","4"
"18-29 years","Douglas","1499","0","40"
"30-39 years","Douglas","1197","3","49"
"40-49 years","Douglas","1368","4","83"
"50-59 years","Douglas","1205","14","119"
"60-69 years","Douglas","701","18","120"
"70-79 years","Douglas","405","35","102"
"80 & Older years","Douglas","189","26","64"
"<1 years","Douglas","14","0","2"
"Unknown years","Douglas","14","0","0"
"01-04 years","Early","14","0","0"
"05-09 years","Early","14","0","0"
"10-17 years","Early","51","0","0"
"18-29 years","Early","111","0","4"
"30-39 years","Early","101","0","4"
"40-49 years","Early","130","1","9"
"50-59 years","Early","116","3","9"
"60-69 years","Early","87","11","12"
"70-79 years","Early","59","12","13"
"80 & Older years","Early","35","12","8"
"<1 years","Early","2","0","0"
"01-04 years","Echols","5","0","0"
"05-09 years","Echols","5","0","0"
"10-17 years","Echols","22","0","1"
"18-29 years","Echols","122","0","1"
"30-39 years","Echols","51","0","2"
"40-49 years","Echols","35","0","1"
"50-59 years","Echols","40","0","2"
"60-69 years","Echols","20","0","0"
"70-79 years","Echols","16","2","3"
"<1 years","Echols","1","0","0"
"01-04 years","Effingham","32","0","1"
"05-09 years","Effingham","67","0","0"
"10-17 years","Effingham","220","0","0"
"18-29 years","Effingham","495","0","4"
"30-39 years","Effingham","403","1","11"
"40-49 years","Effingham","415","0","24"
"50-59 years","Effingham","411","7","30"
"60-69 years","Effingham","263","3","40"
"70-79 years","Effingham","152","13","38"
"80 & Older years","Effingham","69","11","21"
"<1 years","Effingham","6","0","0"
"Unknown years","Effingham","5","0","1"
"01-04 years","Elbert","13","0","0"
"05-09 years","Elbert","21","0","0"
"10-17 years","Elbert","71","0","0"
"18-29 years","Elbert","207","0","1"
"30-39 years","Elbert","144","0","6"
"40-49 years","Elbert","171","0","8"
"50-59 years","Elbert","181","0","11"
"60-69 years","Elbert","141","1","16"
"70-79 years","Elbert","122","8","24"
"80 & Older years","Elbert","109","15","25"
"<1 years","Elbert","7","0","2"
"Unknown years","Elbert","7","0","0"
"01-04 years","Emanuel","19","0","1"
"05-09 years","Emanuel","18","0","0"
"10-17 years","Emanuel","145","0","2"
"18-29 years","Emanuel","262","1","0"
"30-39 years","Emanuel","206","0","7"
"40-49 years","Emanuel","242","1","7"
"50-59 years","Emanuel","222","5","23"
"60-69 years","Emanuel","194","7","23"
"70-79 years","Emanuel","111","15","24"
"80 & Older years","Emanuel","56","16","18"
"<1 years","Emanuel","4","0","0"
"Unknown years","Emanuel","8","0","1"
"01-04 years","Evans","8","0","0"
"05-09 years","Evans","13","0","0"
"10-17 years","Evans","70","0","0"
"18-29 years","Evans","113","1","3"
"30-39 years","Evans","105","0","3"
"40-49 years","Evans","93","0","9"
"50-59 years","Evans","91","1","14"
"60-69 years","Evans","52","2","12"
"70-79 years","Evans","38","3","9"
"80 & Older years","Evans","17","1","8"
"<1 years","Evans","2","0","0"
"Unknown years","Evans","1","0","0"
"01-04 years","Fannin","7","0","0"
"05-09 years","Fannin","18","0","0"
"10-17 years","Fannin","75","0","0"
"18-29 years","Fannin","195","0","2"
"30-39 years","Fannin","135","0","5"
"40-49 years","Fannin","174","0","7"
"50-59 years","Fannin","231","3","15"
"60-69 years","Fannin","228","4","25"
"70-79 years","Fannin","180","4","28"
"80 & Older years","Fannin","105","25","31"
"<1 years","Fannin","4","0","0"
"Unknown years","Fannin","12","0","0"
"01-04 years","Fayette","35","0","0"
"05-09 years","Fayette","59","0","1"
"10-17 years","Fayette","291","0","2"
"18-29 years","Fayette","779","0","5"
"30-39 years","Fayette","467","1","7"
"40-49 years","Fayette","649","1","20"
"50-59 years","Fayette","712","3","32"
"60-69 years","Fayette","525","11","35"
"70-79 years","Fayette","264","24","50"
"80 & Older years","Fayette","185","31","29"
"<1 years","Fayette","7","0","0"
"Unknown years","Fayette","13","0","0"
"01-04 years","Floyd","95","0","3"
"05-09 years","Floyd","143","0","0"
"10-17 years","Floyd","655","0","8"
"18-29 years","Floyd","1454","0","18"
"30-39 years","Floyd","1079","3","35"
"40-49 years","Floyd","1059","3","53"
"50-59 years","Floyd","988","16","93"
"60-69 years","Floyd","717","25","120"
"70-79 years","Floyd","495","29","121"
"80 & Older years","Floyd","281","33","82"
"<1 years","Floyd","34","0","1"
"Unknown years","Floyd","83","0","1"
"01-04 years","Forsyth","110","0","1"
"05-09 years","Forsyth","242","0","1"
"10-17 years","Forsyth","964","0","3"
"18-29 years","Forsyth","2012","0","34"
"30-39 years","Forsyth","1387","0","47"
"40-49 years","Forsyth","1720","4","88"
"50-59 years","Forsyth","1617","9","113"
"60-69 years","Forsyth","840","7","103"
"70-79 years","Forsyth","509","24","136"
"80 & Older years","Forsyth","308","39","99"
"<1 years","Forsyth","33","0","3"
"Unknown years","Forsyth","289","0","2"
"01-04 years","Franklin","10","0","0"
"05-09 years","Franklin","39","0","0"
"10-17 years","Franklin","137","0","4"
"18-29 years","Franklin","328","0","7"
"30-39 years","Franklin","234","0","3"
"40-49 years","Franklin","253","0","10"
"50-59 years","Franklin","253","0","18"
"60-69 years","Franklin","231","2","29"
"70-79 years","Franklin","120","9","19"
"80 & Older years","Franklin","59","10","16"
"<1 years","Franklin","6","0","1"
"Unknown years","Franklin","45","0","2"
"01-04 years","Fulton","557","0","15"
"05-09 years","Fulton","919","0","9"
"10-17 years","Fulton","3099","1","32"
"18-29 years","Fulton","14790","4","268"
"30-39 years","Fulton","10458","14","376"
"40-49 years","Fulton","8157","28","443"
"50-59 years","Fulton","7105","64","612"
"60-69 years","Fulton","4241","132","585"
"70-79 years","Fulton","2298","186","498"
"80 & Older years","Fulton","1685","315","494"
"<1 years","Fulton","142","0","6"
"Unknown years","Fulton","224","0","7"
"01-04 years","Gilmer","24","0","1"
"05-09 years","Gilmer","21","0","0"
"10-17 years","Gilmer","134","0","2"
"18-29 years","Gilmer","251","0","8"
"30-39 years","Gilmer","215","0","13"
"40-49 years","Gilmer","237","0","14"
"50-59 years","Gilmer","264","4","17"
"60-69 years","Gilmer","243","2","30"
"70-79 years","Gilmer","168","8","30"
"80 & Older years","Gilmer","93","19","30"
"<1 years","Gilmer","8","0","0"
"Unknown years","Gilmer","41","0","0"
"01-04 years","Glascock","1","0","0"
"05-09 years","Glascock","2","0","0"
"10-17 years","Glascock","1","0","0"
"18-29 years","Glascock","16","0","1"
"30-39 years","Glascock","12","0","0"
"40-49 years","Glascock","15","0","1"
"50-59 years","Glascock","20","1","2"
"60-69 years","Glascock","11","0","1"
"70-79 years","Glascock","9","1","2"
"80 & Older years","Glascock","7","1","3"
"<1 years","Glascock","1","0","0"
"Unknown years","Glascock","1","0","0"
"01-04 years","Glynn","69","0","1"
"05-09 years","Glynn","140","0","1"
"10-17 years","Glynn","352","0","0"
"18-29 years","Glynn","1076","0","20"
"30-39 years","Glynn","802","3","23"
"40-49 years","Glynn","700","3","32"
"50-59 years","Glynn","657","8","62"
"60-69 years","Glynn","557","24","99"
"70-79 years","Glynn","345","36","69"
"80 & Older years","Glynn","206","50","76"
"<1 years","Glynn","17","0","0"
"Unknown years","Glynn","12","0","0"
"01-04 years","Gordon","56","0","0"
"05-09 years","Gordon","80","0","0"
"10-17 years","Gordon","343","0","2"
"18-29 years","Gordon","861","0","9"
"30-39 years","Gordon","653","1","17"
"40-49 years","Gordon","691","1","23"
"50-59 years","Gordon","680","7","34"
"60-69 years","Gordon","404","10","31"
"70-79 years","Gordon","251","18","51"
"80 & Older years","Gordon","140","24","39"
"<1 years","Gordon","17","0","3"
"Unknown years","Gordon","64","0","3"
"01-04 years","Grady","21","0","1"
"05-09 years","Grady","34","0","0"
"10-17 years","Grady","92","0","2"
"18-29 years","Grady","185","0","8"
"30-39 years","Grady","175","0","7"
"40-49 years","Grady","178","0","19"
"50-59 years","Grady","160","4","23"
"60-69 years","Grady","119","3","20"
"70-79 years","Grady","110","9","28"
"80 & Older years","Grady","42","12","16"
"<1 years","Grady","4","0","1"
"Unknown years","Grady","3","0","0"
"01-04 years","Greene","13","0","0"
"05-09 years","Greene","26","0","0"
"10-17 years","Greene","62","0","0"
"18-29 years","Greene","195","0","5"
"30-39 years","Greene","139","0","6"
"40-49 years","Greene","129","3","11"
"50-59 years","Greene","143","3","12"
"60-69 years","Greene","152","2","10"
"70-79 years","Greene","98","5","16"
"80 & Older years","Greene","63","13","22"
"<1 years","Greene","2","0","1"
"Unknown years","Greene","1","0","0"
"01-04 years","Gwinnett","777","0","16"
"05-09 years","Gwinnett","1210","0","14"
"10-17 years","Gwinnett","4103","1","58"
"18-29 years","Gwinnett","12979","2","450"
"30-39 years","Gwinnett","9354","12","466"
"40-49 years","Gwinnett","10041","37","622"
"50-59 years","Gwinnett","8230","63","673"
"60-69 years","Gwinnett","4475","110","666"
"70-79 years","Gwinnett","2041","130","475"
"80 & Older years","Gwinnett","1179","211","442"
"<1 years","Gwinnett","194","0","4"
"Unknown years","Gwinnett","150","0","1"
"01-04 years","Habersham","21","0","1"
"05-09 years","Habersham","42","0","3"
"10-17 years","Habersham","244","1","6"
"18-29 years","Habersham","670","0","9"
"30-39 years","Habersham","481","2","22"
"40-49 years","Habersham","520","2","32"
"50-59 years","Habersham","539","4","43"
"60-69 years","Habersham","414","12","90"
"70-79 years","Habersham","295","20","82"
"80 & Older years","Habersham","230","49","67"
"<1 years","Habersham","8","0","3"
"Unknown years","Habersham","228","0","2"
"01-04 years","Hall","130","0","4"
"05-09 years","Hall","267","0","3"
"10-17 years","Hall","1276","0","19"
"18-29 years","Hall","3965","3","127"
"30-39 years","Hall","2628","1","142"
"40-49 years","Hall","2811","7","215"
"50-59 years","Hall","2870","18","293"
"60-69 years","Hall","1876","47","301"
"70-79 years","Hall","1199","55","310"
"80 & Older years","Hall","680","99","262"
"<1 years","Hall","26","0","5"
"Unknown years","Hall","542","0","9"
"01-04 years","Hancock","4","0","0"
"05-09 years","Hancock","5","0","0"
"10-17 years","Hancock","21","0","0"
"18-29 years","Hancock","101","0","2"
"30-39 years","Hancock","95","0","2"
"40-49 years","Hancock","87","1","4"
"50-59 years","Hancock","108","3","13"
"60-69 years","Hancock","119","13","24"
"70-79 years","Hancock","63","12","18"
"80 & Older years","Hancock","50","18","18"
"<1 years","Hancock","2","0","0"
"01-04 years","Haralson","15","0","0"
"05-09 years","Haralson","26","0","0"
"10-17 years","Haralson","108","0","1"
"18-29 years","Haralson","269","0","2"
"30-39 years","Haralson","174","0","3"
"40-49 years","Haralson","171","1","5"
"50-59 years","Haralson","186","1","3"
"60-69 years","Haralson","153","8","17"
"70-79 years","Haralson","104","9","15"
"80 & Older years","Haralson","49","4","7"
"<1 years","Haralson","5","0","0"
"Unknown years","Haralson","4","0","0"
"01-04 years","Harris","19","0","0"
"05-09 years","Harris","19","0","0"
"10-17 years","Harris","122","0","2"
"18-29 years","Harris","220","0","2"
"30-39 years","Harris","152","0","5"
"40-49 years","Harris","237","2","8"
"50-59 years","Harris","248","4","18"
"60-69 years","Harris","212","10","39"
"70-79 years","Harris","108","8","26"
"80 & Older years","Harris","41","5","6"
"<1 years","Harris","4","0","0"
"Unknown years","Harris","6","0","0"
"01-04 years","Hart","10","0","0"
"05-09 years","Hart","17","0","1"
"10-17 years","Hart","68","0","0"
"18-29 years","Hart","216","0","2"
"30-39 years","Hart","176","0","7"
"40-49 years","Hart","170","0","8"
"50-59 years","Hart","207","1","15"
"60-69 years","Hart","170","8","26"
"70-79 years","Hart","102","4","17"
"80 & Older years","Hart","74","8","24"
"<1 years","Hart","3","0","1"
"Unknown years","Hart","33","0","0"
"01-04 years","Heard","7","0","0"
"05-09 years","Heard","11","0","0"
"10-17 years","Heard","46","0","1"
"18-29 years","Heard","78","0","0"
"30-39 years","Heard","42","0","1"
"40-49 years","Heard","72","0","3"
"50-59 years","Heard","68","0","5"
"60-69 years","Heard","53","3","6"
"70-79 years","Heard","40","4","11"
"80 & Older years","Heard","16","3","1"
"<1 years","Heard","1","0","0"
"Unknown years","Heard","1","0","0"
"01-04 years","Henry","113","0","4"
"05-09 years","Henry","209","0","1"
"10-17 years","Henry","815","0","5"
"18-29 years","Henry","2385","1","22"
"30-39 years","Henry","1960","4","35"
"40-49 years","Henry","2215","7","67"
"50-59 years","Henry","2067","13","90"
"60-69 years","Henry","1095","27","61"
"70-79 years","Henry","567","43","56"
"80 & Older years","Henry","305","51","41"
"<1 years","Henry","26","0","2"
"Unknown years","Henry","22","0","0"
"01-04 years","Houston","62","0","1"
"05-09 years","Houston","96","0","1"
"10-17 years","Houston","423","0","3"
"18-29 years","Houston","1454","3","28"
"30-39 years","Houston","1200","1","46"
"40-49 years","Houston","1148","2","70"
"50-59 years","Houston","1013","9","83"
"60-69 years","Houston","638","29","107"
"70-79 years","Houston","363","39","102"
"80 & Older years","Houston","189","31","63"
"<1 years","Houston","16","0","2"
"Unknown years","Houston","1","0","0"
"01-04 years","Irwin","6","0","0"
"05-09 years","Irwin","10","0","0"
"10-17 years","Irwin","51","0","0"
"18-29 years","Irwin","97","0","4"
"30-39 years","Irwin","80","0","4"
"40-49 years","Irwin","101","0","8"
"50-59 years","Irwin","89","1","7"
"60-69 years","Irwin","72","1","19"
"70-79 years","Irwin","38","3","5"
"80 & Older years","Irwin","31","6","14"
"01-04 years","Jackson","40","0","0"
"05-09 years","Jackson","99","0","1"
"10-17 years","Jackson","512","0","1"
"18-29 years","Jackson","1002","1","13"
"30-39 years","Jackson","828","1","16"
"40-49 years","Jackson","916","3","45"
"50-59 years","Jackson","876","4","51"
"60-69 years","Jackson","550","8","49"
"70-79 years","Jackson","391","17","74"
"80 & Older years","Jackson","225","31","74"
"<1 years","Jackson","12","0","2"
"Unknown years","Jackson","33","0","1"
"01-04 years","Jasper","2","0","1"
"05-09 years","Jasper","5","0","0"
"10-17 years","Jasper","19","0","0"
"18-29 years","Jasper","83","0","1"
"30-39 years","Jasper","66","0","0"
"40-49 years","Jasper","64","0","1"
"50-59 years","Jasper","90","0","8"
"60-69 years","Jasper","59","4","9"
"70-79 years","Jasper","31","2","8"
"80 & Older years","Jasper","9","0","0"
"<1 years","Jasper","2","0","0"
"01-04 years","Jeff Davis","23","0","1"
"05-09 years","Jeff Davis","24","0","0"
"10-17 years","Jeff Davis","87","0","2"
"18-29 years","Jeff Davis","203","0","3"
"30-39 years","Jeff Davis","170","0","8"
"40-49 years","Jeff Davis","164","0","11"
"50-59 years","Jeff Davis","147","5","14"
"60-69 years","Jeff Davis","103","6","21"
"70-79 years","Jeff Davis","65","12","15"
"80 & Older years","Jeff Davis","16","8","6"
"<1 years","Jeff Davis","2","0","1"
"Unknown years","Jeff Davis","2","0","0"
"01-04 years","Jefferson","16","0","0"
"05-09 years","Jefferson","28","0","0"
"10-17 years","Jefferson","71","0","0"
"18-29 years","Jefferson","196","0","3"
"30-39 years","Jefferson","149","0","7"
"40-49 years","Jefferson","161","3","11"
"50-59 years","Jefferson","202","2","20"
"60-69 years","Jefferson","183","7","25"
"70-79 years","Jefferson","114","12","30"
"80 & Older years","Jefferson","57","14","22"
"<1 years","Jefferson","4","0","0"
"Unknown years","Jefferson","10","0","0"
"01-04 years","Jenkins","8","0","0"
"05-09 years","Jenkins","14","0","0"
"10-17 years","Jenkins","41","0","0"
"18-29 years","Jenkins","87","0","2"
"30-39 years","Jenkins","60","1","4"
"40-49 years","Jenkins","85","2","10"
"50-59 years","Jenkins","88","6","16"
"60-69 years","Jenkins","69","5","11"
"70-79 years","Jenkins","46","12","21"
"80 & Older years","Jenkins","44","8","10"
"<1 years","Jenkins","2","0","0"
"Unknown years","Jenkins","1","0","1"
"01-04 years","Johnson","5","0","0"
"05-09 years","Johnson","6","0","0"
"10-17 years","Johnson","21","0","0"
"18-29 years","Johnson","86","0","2"
"30-39 years","Johnson","62","0","3"
"40-49 years","Johnson","67","1","6"
"50-59 years","Johnson","93","1","15"
"60-69 years","Johnson","100","7","16"
"70-79 years","Johnson","68","6","18"
"80 & Older years","Johnson","62","16","19"
"<1 years","Johnson","1","0","1"
"01-04 years","Jones","4","0","0"
"05-09 years","Jones","16","0","0"
"10-17 years","Jones","53","0","0"
"18-29 years","Jones","256","0","5"
"30-39 years","Jones","180","0","4"
"40-49 years","Jones","158","1","7"
"50-59 years","Jones","188","1","15"
"60-69 years","Jones","121","1","15"
"70-79 years","Jones","76","7","22"
"80 & Older years","Jones","56","13","10"
"<1 years","Jones","3","0","0"
"01-04 years","Lamar","17","0","0"
"05-09 years","Lamar","31","0","0"
"10-17 years","Lamar","70","0","1"
"18-29 years","Lamar","133","0","1"
"30-39 years","Lamar","116","0","2"
"40-49 years","Lamar","111","1","3"
"50-59 years","Lamar","131","2","17"
"60-69 years","Lamar","121","3","15"
"70-79 years","Lamar","88","6","13"
"80 & Older years","Lamar","48","15","13"
"<1 years","Lamar","10","0","0"
"Unknown years","Lamar","1","0","0"
"01-04 years","Lanier","6","0","0"
"05-09 years","Lanier","9","0","1"
"10-17 years","Lanier","27","0","1"
"18-29 years","Lanier","89","1","1"
"30-39 years","Lanier","98","0","1"
"40-49 years","Lanier","57","1","1"
"50-59 years","Lanier","55","0","4"
"60-69 years","Lanier","32","1","2"
"70-79 years","Lanier","20","4","5"
"80 & Older years","Lanier","11","0","5"
"<1 years","Lanier","4","0","0"
"01-04 years","Laurens","20","0","0"
"05-09 years","Laurens","31","0","1"
"10-17 years","Laurens","194","0","2"
"18-29 years","Laurens","494","0","7"
"30-39 years","Laurens","417","1","13"
"40-49 years","Laurens","423","3","22"
"50-59 years","Laurens","457","6","45"
"60-69 years","Laurens","376","25","64"
"70-79 years","Laurens","263","37","60"
"80 & Older years","Laurens","177","42","49"
"<1 years","Laurens","2","0","0"
"Unknown years","Laurens","3","0","0"
"01-04 years","Lee","10","0","0"
"05-09 years","Lee","17","0","2"
"10-17 years","Lee","89","0","1"
"18-29 years","Lee","196","1","9"
"30-39 years","Lee","214","1","15"
"40-49 years","Lee","213","3","20"
"50-59 years","Lee","191","6","26"
"60-69 years","Lee","133","7","18"
"70-79 years","Lee","61","9","21"
"80 & Older years","Lee","30","5","10"
"<1 years","Lee","5","0","0"
"01-04 years","Liberty","20","0","0"
"05-09 years","Liberty","34","0","1"
"10-17 years","Liberty","125","0","1"
"18-29 years","Liberty","475","1","11"
"30-39 years","Liberty","318","0","12"
"40-49 years","Liberty","288","0","14"
"50-59 years","Liberty","247","4","29"
"60-69 years","Liberty","189","9","33"
"70-79 years","Liberty","82","9","27"
"80 & Older years","Liberty","50","7","21"
"<1 years","Liberty","17","0","1"
"Unknown years","Liberty","4","0","0"
"01-04 years","Lincoln","6","0","0"
"05-09 years","Lincoln","8","0","0"
"10-17 years","Lincoln","19","0","0"
"18-29 years","Lincoln","66","0","2"
"30-39 years","Lincoln","39","0","1"
"40-49 years","Lincoln","60","0","5"
"50-59 years","Lincoln","46","0","3"
"60-69 years","Lincoln","49","3","11"
"70-79 years","Lincoln","36","1","9"
"80 & Older years","Lincoln","17","5","7"
"<1 years","Lincoln","2","0","0"
"01-04 years","Long","10","0","0"
"05-09 years","Long","6","0","0"
"10-17 years","Long","33","0","0"
"18-29 years","Long","82","0","0"
"30-39 years","Long","103","0","0"
"40-49 years","Long","70","0","5"
"50-59 years","Long","61","1","7"
"60-69 years","Long","52","1","4"
"70-79 years","Long","33","3","12"
"80 & Older years","Long","15","0","3"
"<1 years","Long","3","0","0"
"Unknown years","Long","1","0","0"
"01-04 years","Lowndes","110","0","0"
"05-09 years","Lowndes","144","0","0"
"10-17 years","Lowndes","507","0","5"
"18-29 years","Lowndes","1924","3","25"
"30-39 years","Lowndes","988","0","14"
"40-49 years","Lowndes","853","1","35"
"50-59 years","Lowndes","727","7","45"
"60-69 years","Lowndes","502","19","54"
"70-79 years","Lowndes","268","31","44"
"80 & Older years","Lowndes","161","38","43"
"<1 years","Lowndes","21","0","0"
"Unknown years","Lowndes","13","0","0"
"01-04 years","Lumpkin","11","0","0"
"05-09 years","Lumpkin","24","0","1"
"10-17 years","Lumpkin","103","0","2"
"18-29 years","Lumpkin","493","0","7"
"30-39 years","Lumpkin","225","0","6"
"40-49 years","Lumpkin","242","0","15"
"50-59 years","Lumpkin","284","2","29"
"60-69 years","Lumpkin","278","6","37"
"70-79 years","Lumpkin","186","5","42"
"80 & Older years","Lumpkin","89","9","45"
"<1 years","Lumpkin","7","0","1"
"Unknown years","Lumpkin","37","0","1"
"01-04 years","Macon","7","0","0"
"05-09 years","Macon","9","0","0"
"10-17 years","Macon","17","0","0"
"18-29 years","Macon","64","0","3"
"30-39 years","Macon","52","0","3"
"40-49 years","Macon","67","1","6"
"50-59 years","Macon","80","3","10"
"60-69 years","Macon","54","5","19"
"70-79 years","Macon","42","2","13"
"80 & Older years","Macon","13","4","6"
"<1 years","Macon","1","0","0"
"01-04 years","Madison","27","0","0"
"05-09 years","Madison","31","0","0"
"10-17 years","Madison","147","0","0"
"18-29 years","Madison","314","0","1"
"30-39 years","Madison","269","0","5"
"40-49 years","Madison","268","0","12"
"50-59 years","Madison","298","1","20"
"60-69 years","Madison","196","5","27"
"70-79 years","Madison","109","7","25"
"80 & Older years","Madison","48","4","5"
"<1 years","Madison","15","0","3"
"Unknown years","Madison","11","0","0"
"01-04 years","Marion","4","0","0"
"05-09 years","Marion","4","0","0"
"10-17 years","Marion","28","0","0"
"18-29 years","Marion","46","0","0"
"30-39 years","Marion","27","0","2"
"40-49 years","Marion","43","1","5"
"50-59 years","Marion","40","3","5"
"60-69 years","Marion","30","3","3"
"70-79 years","Marion","21","1","5"
"80 & Older years","Marion","20","2","6"
"<1 years","Marion","2","0","0"
"Unknown years","Marion","2","0","0"
"01-04 years","McDuffie","14","0","0"
"05-09 years","McDuffie","15","0","0"
"10-17 years","McDuffie","65","0","0"
"18-29 years","McDuffie","203","0","3"
"30-39 years","McDuffie","160","2","3"
"40-49 years","McDuffie","168","2","12"
"50-59 years","McDuffie","165","2","21"
"60-69 years","McDuffie","131","5","22"
"70-79 years","McDuffie","82","7","34"
"80 & Older years","McDuffie","28","5","14"
"Unknown years","McDuffie","11","0","1"
"05-09 years","McIntosh","5","0","0"
"10-17 years","McIntosh","27","0","0"
"18-29 years","McIntosh","78","0","2"
"30-39 years","McIntosh","62","0","3"
"40-49 years","McIntosh","69","0","4"
"50-59 years","McIntosh","91","0","2"
"60-69 years","McIntosh","63","2","15"
"70-79 years","McIntosh","47","3","12"
"80 & Older years","McIntosh","16","3","6"
"<1 years","McIntosh","1","0","0"
"Unknown years","McIntosh","7","0","0"
"01-04 years","Meriwether","16","0","1"
"05-09 years","Meriwether","16","0","1"
"10-17 years","Meriwether","54","0","0"
"18-29 years","Meriwether","143","0","5"
"30-39 years","Meriwether","123","2","11"
"40-49 years","Meriwether","163","1","13"
"50-59 years","Meriwether","147","1","13"
"60-69 years","Meriwether","121","3","19"
"70-79 years","Meriwether","85","6","22"
"80 & Older years","Meriwether","47","7","10"
"<1 years","Meriwether","2","0","0"
"Unknown years","Meriwether","1","0","0"
"01-04 years","Miller","5","0","0"
"05-09 years","Miller","3","0","0"
"10-17 years","Miller","47","0","1"
"18-29 years","Miller","84","0","0"
"30-39 years","Miller","77","0","0"
"40-49 years","Miller","63","0","4"
"50-59 years","Miller","94","0","10"
"60-69 years","Miller","58","2","3"
"70-79 years","Miller","22","0","2"
"80 & Older years","Miller","18","0","5"
"<1 years","Miller","3","0","0"
"01-04 years","Mitchell","13","0","0"
"05-09 years","Mitchell","20","0","0"
"10-17 years","Mitchell","64","0","1"
"18-29 years","Mitchell","189","0","7"
"30-39 years","Mitchell","165","1","14"
"40-49 years","Mitchell","168","2","17"
"50-59 years","Mitchell","203","7","45"
"60-69 years","Mitchell","168","12","42"
"70-79 years","Mitchell","107","9","33"
"80 & Older years","Mitchell","86","19","24"
"<1 years","Mitchell","4","0","0"
"Unknown years","Mitchell","2","0","1"
"01-04 years","Monroe","6","0","0"
"05-09 years","Monroe","15","0","1"
"10-17 years","Monroe","62","0","0"
"18-29 years","Monroe","217","0","3"
"30-39 years","Monroe","171","0","5"
"40-49 years","Monroe","201","1","14"
"50-59 years","Monroe","229","3","16"
"60-69 years","Monroe","220","9","35"
"70-79 years","Monroe","121","16","29"
"80 & Older years","Monroe","99","32","22"
"<1 years","Monroe","3","0","1"
"01-04 years","Montgomery","9","0","0"
"05-09 years","Montgomery","5","0","0"
"10-17 years","Montgomery","35","0","1"
"18-29 years","Montgomery","129","0","0"
"30-39 years","Montgomery","79","1","3"
"40-49 years","Montgomery","103","0","2"
"50-59 years","Montgomery","83","1","5"
"60-69 years","Montgomery","73","3","10"
"70-79 years","Montgomery","37","2","5"
"80 & Older years","Montgomery","17","2","3"
"<1 years","Montgomery","1","0","0"
"Unknown years","Montgomery","1","0","0"
"01-04 years","Morgan","14","0","0"
"05-09 years","Morgan","14","0","0"
"10-17 years","Morgan","62","0","0"
"18-29 years","Morgan","167","0","3"
"30-39 years","Morgan","114","0","6"
"40-49 years","Morgan","122","0","4"
"50-59 years","Morgan","136","0","9"
"60-69 years","Morgan","99","1","7"
"70-79 years","Morgan","50","2","10"
"80 & Older years","Morgan","38","5","13"
"<1 years","Morgan","9","0","1"
"Unknown years","Morgan","2","0","0"
"01-04 years","Murray","36","0","2"
"05-09 years","Murray","59","0","2"
"10-17 years","Murray","260","0","1"
"18-29 years","Murray","582","0","5"
"30-39 years","Murray","387","1","4"
"40-49 years","Murray","487","0","18"
"50-59 years","Murray","431","5","30"
"60-69 years","Murray","294","4","44"
"70-79 years","Murray","180","16","36"
"80 & Older years","Murray","84","15","18"
"<1 years","Murray","16","0","2"
"Unknown years","Murray","4","0","0"
"01-04 years","Muscogee","153","0","5"
"05-09 years","Muscogee","208","0","0"
"10-17 years","Muscogee","557","0","3"
"18-29 years","Muscogee","2311","3","49"
"30-39 years","Muscogee","1520","2","67"
"40-49 years","Muscogee","1324","4","76"
"50-59 years","Muscogee","1338","27","160"
"60-69 years","Muscogee","1029","47","196"
"70-79 years","Muscogee","557","57","140"
"80 & Older years","Muscogee","317","64","115"
"<1 years","Muscogee","53","0","2"
"Unknown years","Muscogee","47","0","1"
"01-04 years","Newton","58","0","2"
"05-09 years","Newton","74","0","0"
"10-17 years","Newton","288","0","4"
"18-29 years","Newton","937","1","23"
"30-39 years","Newton","784","0","40"
"40-49 years","Newton","892","2","71"
"50-59 years","Newton","839","8","91"
"60-69 years","Newton","478","19","75"
"70-79 years","Newton","320","32","59"
"80 & Older years","Newton","218","58","55"
"<1 years","Newton","18","0","1"
"Unknown years","Newton","10","0","0"
"01-04 years","Non-GA Resident/Unknown State","243","0","2"
"05-09 years","Non-GA Resident/Unknown State","413","0","4"
"10-17 years","Non-GA Resident/Unknown State","1377","0","7"
"18-29 years","Non-GA Resident/Unknown State","5462","4","56"
"30-39 years","Non-GA Resident/Unknown State","3783","3","71"
"40-49 years","Non-GA Resident/Unknown State","3330","8","78"
"50-59 years","Non-GA Resident/Unknown State","3169","24","153"
"60-69 years","Non-GA Resident/Unknown State","2129","64","195"
"70-79 years","Non-GA Resident/Unknown State","1339","70","203"
"80 & Older years","Non-GA Resident/Unknown State","761","83","151"
"<1 years","Non-GA Resident/Unknown State","131","0","2"
"Unknown years","Non-GA Resident/Unknown State","798","0","3"
"01-04 years","Oconee","18","0","0"
"05-09 years","Oconee","36","0","0"
"10-17 years","Oconee","171","0","0"
"18-29 years","Oconee","395","0","3"
"30-39 years","Oconee","225","0","3"
"40-49 years","Oconee","343","0","10"
"50-59 years","Oconee","286","3","7"
"60-69 years","Oconee","192","9","21"
"70-79 years","Oconee","125","11","21"
"80 & Older years","Oconee","88","17","29"
"<1 years","Oconee","5","0","0"
"Unknown years","Oconee","3","1","0"
"01-04 years","Oglethorpe","13","0","0"
"05-09 years","Oglethorpe","21","0","0"
"10-17 years","Oglethorpe","69","0","0"
"18-29 years","Oglethorpe","137","0","1"
"30-39 years","Oglethorpe","99","1","1"
"40-49 years","Oglethorpe","122","0","5"
"50-59 years","Oglethorpe","120","1","15"
"60-69 years","Oglethorpe","101","0","12"
"70-79 years","Oglethorpe","70","3","10"
"80 & Older years","Oglethorpe","49","9","12"
"<1 years","Oglethorpe","6","0","0"
"Unknown years","Oglethorpe","6","0","0"
"01-04 years","Paulding","80","0","1"
"05-09 years","Paulding","159","0","0"
"10-17 years","Paulding","602","0","6"
"18-29 years","Paulding","1243","0","13"
"30-39 years","Paulding","1005","1","19"
"40-49 years","Paulding","1127","3","20"
"50-59 years","Paulding","1071","11","38"
"60-69 years","Paulding","561","18","40"
"70-79 years","Paulding","326","27","46"
"80 & Older years","Paulding","213","44","32"
"<1 years","Paulding","21","0","0"
"Unknown years","Paulding","30","0","0"
"01-04 years","Peach","10","0","1"
"05-09 years","Peach","15","0","0"
"10-17 years","Peach","43","0","1"
"18-29 years","Peach","287","1","7"
"30-39 years","Peach","218","0","13"
"40-49 years","Peach","182","2","13"
"50-59 years","Peach","211","4","31"
"60-69 years","Peach","180","7","35"
"70-79 years","Peach","80","7","22"
"80 & Older years","Peach","43","11","17"
"<1 years","Peach","4","0","0"
"Unknown years","Peach","1","0","0"
"01-04 years","Pickens","17","0","1"
"05-09 years","Pickens","23","0","0"
"10-17 years","Pickens","101","0","0"
"18-29 years","Pickens","252","0","5"
"30-39 years","Pickens","211","0","9"
"40-49 years","Pickens","272","0","10"
"50-59 years","Pickens","291","0","18"
"60-69 years","Pickens","229","0","22"
"70-79 years","Pickens","164","7","29"
"80 & Older years","Pickens","68","9","17"
"<1 years","Pickens","2","0","0"
"Unknown years","Pickens","6","0","0"
"01-04 years","Pierce","8","0","0"
"05-09 years","Pierce","18","0","0"
"10-17 years","Pierce","63","1","1"
"18-29 years","Pierce","177","0","5"
"30-39 years","Pierce","114","0","3"
"40-49 years","Pierce","154","0","12"
"50-59 years","Pierce","139","3","18"
"60-69 years","Pierce","118","8","30"
"70-79 years","Pierce","87","7","25"
"80 & Older years","Pierce","46","8","12"
"<1 years","Pierce","6","0","1"
"Unknown years","Pierce","1","0","0"
"01-04 years","Pike","17","0","0"
"05-09 years","Pike","15","0","0"
"10-17 years","Pike","69","0","0"
"18-29 years","Pike","101","0","4"
"30-39 years","Pike","95","0","2"
"40-49 years","Pike","124","1","6"
"50-59 years","Pike","102","2","6"
"60-69 years","Pike","77","1","14"
"70-79 years","Pike","64","6","13"
"80 & Older years","Pike","19","4","6"
"<1 years","Pike","1","0","0"
"Unknown years","Pike","2","0","0"
"01-04 years","Polk","33","0","1"
"05-09 years","Polk","48","0","0"
"10-17 years","Polk","220","0","1"
"18-29 years","Polk","575","0","8"
"30-39 years","Polk","399","0","7"
"40-49 years","Polk","421","1","26"
"50-59 years","Polk","408","6","46"
"60-69 years","Polk","247","9","47"
"70-79 years","Polk","210","16","56"
"80 & Older years","Polk","101","12","32"
"<1 years","Polk","11","0","0"
"Unknown years","Polk","24","0","0"
"05-09 years","Pulaski","6","0","0"
"10-17 years","Pulaski","29","0","1"
"18-29 years","Pulaski","55","0","1"
"30-39 years","Pulaski","64","0","2"
"40-49 years","Pulaski","69","0","6"
"50-59 years","Pulaski","80","0","6"
"60-69 years","Pulaski","71","5","8"
"70-79 years","Pulaski","45","11","14"
"80 & Older years","Pulaski","35","9","4"
"<1 years","Pulaski","1","0","0"
"Unknown years","Pulaski","1","0","0"
"01-04 years","Putnam","14","0","0"
"05-09 years","Putnam","35","0","0"
"10-17 years","Putnam","72","0","1"
"18-29 years","Putnam","204","0","2"
"30-39 years","Putnam","154","0","5"
"40-49 years","Putnam","169","1","5"
"50-59 years","Putnam","194","2","11"
"60-69 years","Putnam","179","8","21"
"70-79 years","Putnam","137","10","29"
"80 & Older years","Putnam","63","11","20"
"<1 years","Putnam","6","0","1"
"01-04 years","Quitman","1","0","0"
"05-09 years","Quitman","2","0","0"
"10-17 years","Quitman","2","0","0"
"18-29 years","Quitman","9","0","0"
"30-39 years","Quitman","4","0","1"
"40-49 years","Quitman","3","0","1"
"50-59 years","Quitman","9","0","0"
"60-69 years","Quitman","18","1","3"
"70-79 years","Quitman","2","0","1"
"80 & Older years","Quitman","2","0","1"
"01-04 years","Rabun","10","0","0"
"05-09 years","Rabun","13","0","0"
"10-17 years","Rabun","69","0","0"
"18-29 years","Rabun","161","0","5"
"30-39 years","Rabun","143","1","7"
"40-49 years","Rabun","136","0","6"
"50-59 years","Rabun","170","0","19"
"60-69 years","Rabun","162","3","26"
"70-79 years","Rabun","118","8","25"
"80 & Older years","Rabun","54","6","22"
"<1 years","Rabun","5","0","1"
"Unknown years","Rabun","52","0","1"
"05-09 years","Randolph","2","0","0"
"10-17 years","Randolph","4","0","0"
"18-29 years","Randolph","46","0","0"
"30-39 years","Randolph","54","2","3"
"40-49 years","Randolph","42","0","4"
"50-59 years","Randolph","77","3","16"
"60-69 years","Randolph","55","7","14"
"70-79 years","Randolph","34","3","10"
"80 & Older years","Randolph","47","15","16"
"<1 years","Randolph","1","0","0"
"Unknown years","Randolph","2","0","0"
"01-04 years","Richmond","167","0","0"
"05-09 years","Richmond","330","0","3"
"10-17 years","Richmond","910","0","7"
"18-29 years","Richmond","3100","4","44"
"30-39 years","Richmond","2342","3","57"
"40-49 years","Richmond","1891","16","84"
"50-59 years","Richmond","1906","19","142"
"60-69 years","Richmond","1338","37","168"
"70-79 years","Richmond","744","50","195"
"80 & Older years","Richmond","480","92","205"
"<1 years","Richmond","61","0","2"
"Unknown years","Richmond","53","0","0"
"01-04 years","Rockdale","37","0","0"
"05-09 years","Rockdale","75","0","0"
"10-17 years","Rockdale","224","0","8"
"18-29 years","Rockdale","752","2","44"
"30-39 years","Rockdale","618","3","61"
"40-49 years","Rockdale","692","5","77"
"50-59 years","Rockdale","669","5","101"
"60-69 years","Rockdale","413","15","95"
"70-79 years","Rockdale","235","20","88"
"80 & Older years","Rockdale","114","20","43"
"<1 years","Rockdale","5","0","0"
"Unknown years","Rockdale","3","0","0"
"01-04 years","Schley","4","0","0"
"05-09 years","Schley","3","0","0"
"10-17 years","Schley","12","0","0"
"18-29 years","Schley","39","0","2"
"30-39 years","Schley","15","0","0"
"40-49 years","Schley","25","0","2"
"50-59 years","Schley","27","0","3"
"60-69 years","Schley","24","1","8"
"70-79 years","Schley","8","0","2"
"80 & Older years","Schley","4","1","1"
"<1 years","Schley","1","0","0"
"01-04 years","Screven","4","0","0"
"05-09 years","Screven","10","0","0"
"10-17 years","Screven","44","0","0"
"18-29 years","Screven","97","0","3"
"30-39 years","Screven","83","0","2"
"40-49 years","Screven","73","1","4"
"50-59 years","Screven","73","0","10"
"60-69 years","Screven","91","1","13"
"70-79 years","Screven","52","3","11"
"80 & Older years","Screven","32","6","8"
"<1 years","Screven","3","0","0"
"Unknown years","Screven","1","0","0"
"01-04 years","Seminole","12","0","0"
"05-09 years","Seminole","11","0","0"
"10-17 years","Seminole","54","0","0"
"18-29 years","Seminole","82","0","0"
"30-39 years","Seminole","68","0","0"
"40-49 years","Seminole","79","0","5"
"50-59 years","Seminole","95","1","6"
"60-69 years","Seminole","96","1","15"
"70-79 years","Seminole","55","5","11"
"80 & Older years","Seminole","23","5","10"
"<1 years","Seminole","2","0","0"
"01-04 years","Spalding","38","0","1"
"05-09 years","Spalding","38","0","1"
"10-17 years","Spalding","129","0","2"
"18-29 years","Spalding","458","1","22"
"30-39 years","Spalding","400","2","27"
"40-49 years","Spalding","409","2","31"
"50-59 years","Spalding","439","8","56"
"60-69 years","Spalding","346","17","62"
"70-79 years","Spalding","249","25","50"
"80 & Older years","Spalding","173","33","50"
"<1 years","Spalding","4","0","0"
"Unknown years","Spalding","2","0","0"
"01-04 years","Stephens","13","0","0"
"05-09 years","Stephens","37","0","0"
"10-17 years","Stephens","128","0","1"
"18-29 years","Stephens","405","0","11"
"30-39 years","Stephens","253","0","7"
"40-49 years","Stephens","327","1","20"
"50-59 years","Stephens","352","3","30"
"60-69 years","Stephens","347","13","50"
"70-79 years","Stephens","239","14","44"
"80 & Older years","Stephens","137","17","28"
"<1 years","Stephens","4","0","0"
"Unknown years","Stephens","33","0","0"
"01-04 years","Stewart","2","0","0"
"05-09 years","Stewart","2","0","0"
"10-17 years","Stewart","9","0","0"
"18-29 years","Stewart","128","0","20"
"30-39 years","Stewart","171","1","25"
"40-49 years","Stewart","121","1","22"
"50-59 years","Stewart","68","1","11"
"60-69 years","Stewart","59","8","23"
"70-79 years","Stewart","21","2","3"
"80 & Older years","Stewart","19","4","6"
"<1 years","Stewart","1","0","0"
"Unknown years","Stewart","14","0","4"
"01-04 years","Sumter","14","0","0"
"05-09 years","Sumter","20","0","0"
"10-17 years","Sumter","47","0","2"
"18-29 years","Sumter","241","1","8"
"30-39 years","Sumter","208","1","20"
"40-49 years","Sumter","189","3","18"
"50-59 years","Sumter","221","2","37"
"60-69 years","Sumter","198","20","59"
"70-79 years","Sumter","139","21","42"
"80 & Older years","Sumter","88","23","41"
"<1 years","Sumter","5","0","0"
"Unknown years","Sumter","3","0","0"
"01-04 years","Talbot","5","0","0"
"05-09 years","Talbot","1","0","0"
"10-17 years","Talbot","22","0","0"
"18-29 years","Talbot","34","0","1"
"30-39 years","Talbot","24","0","1"
"40-49 years","Talbot","48","1","4"
"50-59 years","Talbot","44","2","5"
"60-69 years","Talbot","41","2","9"
"70-79 years","Talbot","26","2","3"
"80 & Older years","Talbot","15","2","8"
"Unknown years","Talbot","2","0","0"
"01-04 years","Taliaferro","1","0","0"
"05-09 years","Taliaferro","1","0","0"
"10-17 years","Taliaferro","6","0","0"
"18-29 years","Taliaferro","5","0","0"
"30-39 years","Taliaferro","9","0","0"
"40-49 years","Taliaferro","14","0","1"
"50-59 years","Taliaferro","7","0","0"
"60-69 years","Taliaferro","7","0","0"
"70-79 years","Taliaferro","5","0","0"
"80 & Older years","Taliaferro","1","0","1"
"Unknown years","Taliaferro","2","0","0"
"01-04 years","Tattnall","22","0","0"
"05-09 years","Tattnall","29","0","0"
"10-17 years","Tattnall","112","0","0"
"18-29 years","Tattnall","256","0","1"
"30-39 years","Tattnall","204","0","3"
"40-49 years","Tattnall","207","0","6"
"50-59 years","Tattnall","214","3","18"
"60-69 years","Tattnall","180","6","25"
"70-79 years","Tattnall","81","9","30"
"80 & Older years","Tattnall","29","4","8"
"<1 years","Tattnall","4","0","0"
"Unknown years","Tattnall","3","0","1"
"01-04 years","Taylor","11","0","0"
"05-09 years","Taylor","9","0","0"
"10-17 years","Taylor","42","0","1"
"18-29 years","Taylor","63","0","1"
"30-39 years","Taylor","31","0","3"
"40-49 years","Taylor","66","1","6"
"50-59 years","Taylor","49","0","10"
"60-69 years","Taylor","43","5","12"
"70-79 years","Taylor","29","2","8"
"80 & Older years","Taylor","22","6","7"
"<1 years","Taylor","4","0","0"
"01-04 years","Telfair","7","0","0"
"05-09 years","Telfair","9","0","0"
"10-17 years","Telfair","15","0","0"
"18-29 years","Telfair","121","0","3"
"30-39 years","Telfair","81","1","1"
"40-49 years","Telfair","84","0","5"
"50-59 years","Telfair","82","4","9"
"60-69 years","Telfair","90","6","15"
"70-79 years","Telfair","64","9","16"
"80 & Older years","Telfair","36","13","8"
"<1 years","Telfair","4","0","0"
"Unknown years","Telfair","2","0","0"
"01-04 years","Terrell","4","0","0"
"05-09 years","Terrell","4","0","0"
"10-17 years","Terrell","33","0","0"
"18-29 years","Terrell","55","0","1"
"30-39 years","Terrell","68","0","8"
"40-49 years","Terrell","50","0","7"
"50-59 years","Terrell","76","3","12"
"60-69 years","Terrell","81","10","29"
"70-79 years","Terrell","51","12","22"
"80 & Older years","Terrell","34","9","11"
"01-04 years","Thomas","34","0","0"
"05-09 years","Thomas","57","0","0"
"10-17 years","Thomas","182","0","1"
"18-29 years","Thomas","430","1","14"
"30-39 years","Thomas","357","0","13"
"40-49 years","Thomas","377","4","23"
"50-59 years","Thomas","388","4","30"
"60-69 years","Thomas","314","10","65"
"70-79 years","Thomas","202","26","48"
"80 & Older years","Thomas","119","35","37"
"<1 years","Thomas","11","0","1"
"Unknown years","Thomas","2","0","0"
"01-04 years","Tift","26","0","1"
"05-09 years","Tift","56","0","3"
"10-17 years","Tift","206","0","6"
"18-29 years","Tift","701","0","15"
"30-39 years","Tift","481","1","24"
"40-49 years","Tift","468","6","47"
"50-59 years","Tift","408","9","58"
"60-69 years","Tift","290","13","59"
"70-79 years","Tift","208","22","69"
"80 & Older years","Tift","111","20","47"
"<1 years","Tift","11","0","0"
"Unknown years","Tift","2","0","0"
"01-04 years","Toombs","24","0","0"
"05-09 years","Toombs","43","0","0"
"10-17 years","Toombs","159","0","1"
"18-29 years","Toombs","414","0","5"
"30-39 years","Toombs","336","0","3"
"40-49 years","Toombs","336","1","19"
"50-59 years","Toombs","309","6","18"
"60-69 years","Toombs","285","4","36"
"70-79 years","Toombs","193","23","34"
"80 & Older years","Toombs","117","28","25"
"<1 years","Toombs","3","0","0"
"Unknown years","Toombs","1","0","0"
"01-04 years","Towns","2","0","0"
"05-09 years","Towns","6","0","0"
"10-17 years","Towns","31","0","0"
"18-29 years","Towns","98","0","4"
"30-39 years","Towns","65","0","2"
"40-49 years","Towns","86","1","5"
"50-59 years","Towns","111","2","10"
"60-69 years","Towns","153","1","14"
"70-79 years","Towns","120","6","25"
"80 & Older years","Towns","76","16","31"
"Unknown years","Towns","15","0","0"
"01-04 years","Treutlen","3","0","0"
"05-09 years","Treutlen","9","0","0"
"10-17 years","Treutlen","36","0","0"
"18-29 years","Treutlen","65","0","2"
"30-39 years","Treutlen","66","0","4"
"40-49 years","Treutlen","76","0","5"
"50-59 years","Treutlen","68","1","5"
"60-69 years","Treutlen","49","3","9"
"70-79 years","Treutlen","42","7","6"
"80 & Older years","Treutlen","22","3","6"
"01-04 years","Troup","99","0","0"
"05-09 years","Troup","121","0","0"
"10-17 years","Troup","346","0","2"
"18-29 years","Troup","875","1","26"
"30-39 years","Troup","657","5","38"
"40-49 years","Troup","581","2","44"
"50-59 years","Troup","590","12","87"
"60-69 years","Troup","442","17","78"
"70-79 years","Troup","227","31","71"
"80 & Older years","Troup","194","54","53"
"<1 years","Troup","29","0","1"
"Unknown years","Troup","4","0","0"
"01-04 years","Turner","1","0","0"
"05-09 years","Turner","5","0","0"
"10-17 years","Turner","18","0","0"
"18-29 years","Turner","66","0","1"
"30-39 years","Turner","88","0","9"
"40-49 years","Turner","86","0","4"
"50-59 years","Turner","83","2","9"
"60-69 years","Turner","66","6","19"
"70-79 years","Turner","44","5","10"
"80 & Older years","Turner","30","11","9"
"<1 years","Turner","1","0","1"
"01-04 years","Twiggs","6","0","0"
"05-09 years","Twiggs","5","0","1"
"10-17 years","Twiggs","19","0","0"
"18-29 years","Twiggs","51","0","1"
"30-39 years","Twiggs","50","1","4"
"40-49 years","Twiggs","49","1","6"
"50-59 years","Twiggs","76","2","10"
"60-69 years","Twiggs","78","3","22"
"70-79 years","Twiggs","38","4","17"
"80 & Older years","Twiggs","18","4","9"
"01-04 years","Union","5","0","0"
"05-09 years","Union","13","0","0"
"10-17 years","Union","49","0","1"
"18-29 years","Union","180","1","1"
"30-39 years","Union","149","0","2"
"40-49 years","Union","171","0","11"
"50-59 years","Union","219","4","11"
"60-69 years","Union","263","4","33"
"70-79 years","Union","242","13","42"
"80 & Older years","Union","164","20","44"
"<1 years","Union","1","0","0"
"Unknown years","Union","19","0","0"
"01-04 years","Unknown","36","0","0"
"05-09 years","Unknown","65","0","0"
"10-17 years","Unknown","230","0","0"
"18-29 years","Unknown","868","1","5"
"30-39 years","Unknown","464","1","3"
"40-49 years","Unknown","438","1","2"
"50-59 years","Unknown","373","2","8"
"60-69 years","Unknown","224","0","6"
"70-79 years","Unknown","139","1","15"
"80 & Older years","Unknown","70","0","9"
"<1 years","Unknown","24","0","0"
"Unknown years","Unknown","137","0","3"
"01-04 years","Upson","24","0","0"
"05-09 years","Upson","36","0","0"
"10-17 years","Upson","83","0","1"
"18-29 years","Upson","219","0","5"
"30-39 years","Upson","139","1","6"
"40-49 years","Upson","178","1","9"
"50-59 years","Upson","205","4","16"
"60-69 years","Upson","181","15","25"
"70-79 years","Upson","129","25","33"
"80 & Older years","Upson","88","26","27"
"<1 years","Upson","10","0","0"
"Unknown years","Upson","8","0","0"
"01-04 years","Walker","45","0","0"
"05-09 years","Walker","70","0","0"
"10-17 years","Walker","329","0","3"
"18-29 years","Walker","709","0","7"
"30-39 years","Walker","532","0","9"
"40-49 years","Walker","625","3","22"
"50-59 years","Walker","558","2","26"
"60-69 years","Walker","501","10","47"
"70-79 years","Walker","328","21","35"
"80 & Older years","Walker","159","19","20"
"<1 years","Walker","24","0","0"
"Unknown years","Walker","96","0","6"
"01-04 years","Walton","43","0","1"
"05-09 years","Walton","93","0","1"
"10-17 years","Walton","376","0","3"
"18-29 years","Walton","882","0","22"
"30-39 years","Walton","739","0","17"
"40-49 years","Walton","821","2","42"
"50-59 years","Walton","828","5","56"
"60-69 years","Walton","544","13","55"
"70-79 years","Walton","399","24","72"
"80 & Older years","Walton","273","44","60"
"<1 years","Walton","10","0","1"
"Unknown years","Walton","7","0","0"
"01-04 years","Ware","48","0","1"
"05-09 years","Ware","48","0","0"
"10-17 years","Ware","186","0","3"
"18-29 years","Ware","439","1","5"
"30-39 years","Ware","373","1","16"
"40-49 years","Ware","289","2","22"
"50-59 years","Ware","324","8","45"
"60-69 years","Ware","232","8","44"
"70-79 years","Ware","196","27","70"
"80 & Older years","Ware","137","29","41"
"<1 years","Ware","14","0","1"
"Unknown years","Ware","7","0","1"
"01-04 years","Warren","4","0","0"
"05-09 years","Warren","2","0","0"
"10-17 years","Warren","10","0","0"
"18-29 years","Warren","36","0","2"
"30-39 years","Warren","34","0","3"
"40-49 years","Warren","33","1","4"
"50-59 years","Warren","45","1","6"
"60-69 years","Warren","27","2","7"
"70-79 years","Warren","20","2","8"
"80 & Older years","Warren","10","1","2"
"<1 years","Warren","2","0","1"
"Unknown years","Warren","2","0","0"
"01-04 years","Washington","14","0","0"
"05-09 years","Washington","15","0","0"
"10-17 years","Washington","84","0","1"
"18-29 years","Washington","201","0","6"
"30-39 years","Washington","178","0","8"
"40-49 years","Washington","208","2","11"
"50-59 years","Washington","177","1","12"
"60-69 years","Washington","178","8","21"
"70-79 years","Washington","108","5","16"
"80 & Older years","Washington","61","11","9"
"<1 years","Washington","7","0","0"
"Unknown years","Washington","4","0","0"
"01-04 years","Wayne","24","0","0"
"05-09 years","Wayne","13","0","0"
"10-17 years","Wayne","95","0","0"
"18-29 years","Wayne","298","1","7"
"30-39 years","Wayne","308","0","6"
"40-49 years","Wayne","351","1","25"
"50-59 years","Wayne","298","4","25"
"60-69 years","Wayne","229","10","43"
"70-79 years","Wayne","188","16","50"
"80 & Older years","Wayne","85","13","16"
"<1 years","Wayne","2","0","0"
"Unknown years","Wayne","3","0","0"
"10-17 years","Webster","2","0","0"
"18-29 years","Webster","11","0","1"
"30-39 years","Webster","4","0","0"
"40-49 years","Webster","10","0","2"
"50-59 years","Webster","15","2","4"
"60-69 years","Webster","17","0","3"
"70-79 years","Webster","5","0","0"
"80 & Older years","Webster","1","0","0"
"Unknown years","Webster","2","0","0"
"01-04 years","Wheeler","1","0","0"
"05-09 years","Wheeler","4","0","0"
"10-17 years","Wheeler","19","0","0"
"18-29 years","Wheeler","40","0","0"
"30-39 years","Wheeler","67","2","2"
"40-49 years","Wheeler","70","1","3"
"50-59 years","Wheeler","81","5","7"
"60-69 years","Wheeler","51","3","5"
"70-79 years","Wheeler","37","4","10"
"80 & Older years","Wheeler","8","3","1"
"<1 years","Wheeler","1","0","0"
"Unknown years","Wheeler","24","0","1"
"01-04 years","White","10","0","0"
"05-09 years","White","36","0","0"
"10-17 years","White","157","0","2"
"18-29 years","White","336","1","6"
"30-39 years","White","238","1","6"
"40-49 years","White","297","1","13"
"50-59 years","White","343","2","33"
"60-69 years","White","297","4","44"
"70-79 years","White","231","8","49"
"80 & Older years","White","139","17","52"
"<1 years","White","5","0","0"
"Unknown years","White","39","0","1"
"01-04 years","Whitfield","153","0","2"
"05-09 years","Whitfield","277","0","3"
"10-17 years","Whitfield","990","0","4"
"18-29 years","Whitfield","2697","0","35"
"30-39 years","Whitfield","1781","4","50"
"40-49 years","Whitfield","1848","3","67"
"50-59 years","Whitfield","1604","15","89"
"60-69 years","Whitfield","966","22","111"
"70-79 years","Whitfield","545","32","95"
"80 & Older years","Whitfield","316","51","88"
"<1 years","Whitfield","55","0","5"
"Unknown years","Whitfield","26","0","2"
"01-04 years","Wilcox","10","0","0"
"05-09 years","Wilcox","9","0","0"
"10-17 years","Wilcox","18","0","0"
"18-29 years","Wilcox","34","0","0"
"30-39 years","Wilcox","35","0","1"
"40-49 years","Wilcox","62","0","12"
"50-59 years","Wilcox","67","1","12"
"60-69 years","Wilcox","76","8","23"
"70-79 years","Wilcox","45","9","9"
"80 & Older years","Wilcox","22","7","6"
"<1 years","Wilcox","5","0","0"
"01-04 years","Wilkes","7","0","0"
"05-09 years","Wilkes","13","0","0"
"10-17 years","Wilkes","44","0","0"
"18-29 years","Wilkes","84","0","0"
"30-39 years","Wilkes","57","0","4"
"40-49 years","Wilkes","81","0","10"
"50-59 years","Wilkes","74","1","3"
"60-69 years","Wilkes","46","0","10"
"70-79 years","Wilkes","45","3","15"
"80 & Older years","Wilkes","19","4","10"
"<1 years","Wilkes","1","0","0"
"01-04 years","Wilkinson","5","0","0"
"05-09 years","Wilkinson","11","0","0"
"10-17 years","Wilkinson","18","0","0"
"18-29 years","Wilkinson","84","0","3"
"30-39 years","Wilkinson","64","0","5"
"40-49 years","Wilkinson","71","0","5"
"50-59 years","Wilkinson","123","3","21"
"60-69 years","Wilkinson","111","5","30"
"70-79 years","Wilkinson","47","6","18"
"80 & Older years","Wilkinson","31","4","13"
"01-04 years","Worth","11","0","0"
"05-09 years","Worth","11","0","0"
"10-17 years","Worth","60","0","3"
"18-29 years","Worth","144","0","7"
"30-39 years","Worth","118","0","9"
"40-49 years","Worth","127","1","12"
"50-59 years","Worth","148","4","22"
"60-69 years","Worth","160","14","42"
"70-79 years","Worth","94","9","22"
"80 & Older years","Worth","57","9","14"
"<1 years","Worth","4","0","0"
"Unknown years","Worth","1","0","0"
