"age group","county name","cases","deaths","hospitalization"
"01-04 years","Georgia","3711","1","82"
"05-09 years","Georgia","5389","1","58"
"10-17 years","Georgia","18970","4","260"
"18-29 years","Georgia","81292","55","1940"
"30-39 years","Georgia","52956","122","2618"
"40-49 years","Georgia","50331","277","3741"
"50-59 years","Georgia","46295","672","5236"
"60-69 years","Georgia","31051","1393","5857"
"70-79 years","Georgia","18051","1933","4992"
"80 & Older years","Georgia","11882","2701","4057"
"<1 years","Georgia","1174","0","66"
"Unknown years","Georgia","1823","3","51"
"01-04 years","Appling","15","0","0"
"05-09 years","Appling","31","0","0"
"10-17 years","Appling","84","0","1"
"18-29 years","Appling","207","0","4"
"30-39 years","Appling","150","1","4"
"40-49 years","Appling","152","1","11"
"50-59 years","Appling","160","5","16"
"60-69 years","Appling","129","4","26"
"70-79 years","Appling","92","10","21"
"80 & Older years","Appling","39","9","14"
"<1 years","Appling","1","0","0"
"Unknown years","Appling","1","0","0"
"01-04 years","Atkinson","3","0","1"
"05-09 years","Atkinson","11","0","1"
"10-17 years","Atkinson","21","0","0"
"18-29 years","Atkinson","98","0","7"
"30-39 years","Atkinson","75","0","6"
"40-49 years","Atkinson","80","0","11"
"50-59 years","Atkinson","78","0","12"
"60-69 years","Atkinson","45","1","10"
"70-79 years","Atkinson","25","1","5"
"80 & Older years","Atkinson","8","1","5"
"<1 years","Atkinson","2","0","0"
"Unknown years","Atkinson","2","0","0"
"01-04 years","Bacon","11","0","0"
"05-09 years","Bacon","12","0","0"
"10-17 years","Bacon","41","0","0"
"18-29 years","Bacon","154","0","1"
"30-39 years","Bacon","78","0","2"
"40-49 years","Bacon","102","1","6"
"50-59 years","Bacon","88","2","12"
"60-69 years","Bacon","55","4","12"
"70-79 years","Bacon","36","3","8"
"80 & Older years","Bacon","21","4","6"
"<1 years","Bacon","4","0","0"
"Unknown years","Bacon","2","0","0"
"01-04 years","Baker","4","0","0"
"05-09 years","Baker","3","0","0"
"10-17 years","Baker","4","0","0"
"18-29 years","Baker","15","0","0"
"30-39 years","Baker","11","0","2"
"40-49 years","Baker","7","0","1"
"50-59 years","Baker","13","0","1"
"60-69 years","Baker","13","2","6"
"70-79 years","Baker","11","0","8"
"80 & Older years","Baker","3","2","2"
"01-04 years","Baldwin","9","0","0"
"05-09 years","Baldwin","24","0","0"
"10-17 years","Baldwin","70","0","1"
"18-29 years","Baldwin","866","0","7"
"30-39 years","Baldwin","215","1","10"
"40-49 years","Baldwin","257","2","24"
"50-59 years","Baldwin","259","7","34"
"60-69 years","Baldwin","219","11","38"
"70-79 years","Baldwin","137","17","32"
"80 & Older years","Baldwin","86","20","21"
"<1 years","Baldwin","3","0","0"
"01-04 years","Banks","4","0","0"
"05-09 years","Banks","6","0","0"
"10-17 years","Banks","35","0","0"
"18-29 years","Banks","88","0","3"
"30-39 years","Banks","61","0","0"
"40-49 years","Banks","68","0","9"
"50-59 years","Banks","73","0","7"
"60-69 years","Banks","68","1","14"
"70-79 years","Banks","48","3","18"
"80 & Older years","Banks","43","4","16"
"<1 years","Banks","2","0","0"
"Unknown years","Banks","7","0","1"
"01-04 years","Barrow","25","0","0"
"05-09 years","Barrow","40","0","0"
"10-17 years","Barrow","113","0","1"
"18-29 years","Barrow","523","1","20"
"30-39 years","Barrow","384","0","22"
"40-49 years","Barrow","420","2","36"
"50-59 years","Barrow","330","2","41"
"60-69 years","Barrow","204","9","52"
"70-79 years","Barrow","130","10","36"
"80 & Older years","Barrow","90","24","38"
"<1 years","Barrow","8","0","1"
"Unknown years","Barrow","7","0","0"
"01-04 years","Bartow","24","0","1"
"05-09 years","Bartow","48","0","1"
"10-17 years","Bartow","211","0","1"
"18-29 years","Bartow","636","0","8"
"30-39 years","Bartow","484","2","23"
"40-49 years","Bartow","461","0","26"
"50-59 years","Bartow","469","5","54"
"60-69 years","Bartow","288","13","59"
"70-79 years","Bartow","205","26","66"
"80 & Older years","Bartow","156","42","58"
"<1 years","Bartow","12","0","1"
"Unknown years","Bartow","13","0","3"
"01-04 years","Ben Hill","19","0","1"
"05-09 years","Ben Hill","16","0","0"
"10-17 years","Ben Hill","53","0","0"
"18-29 years","Ben Hill","133","0","4"
"30-39 years","Ben Hill","128","2","5"
"40-49 years","Ben Hill","101","0","5"
"50-59 years","Ben Hill","130","1","15"
"60-69 years","Ben Hill","111","8","18"
"70-79 years","Ben Hill","79","8","25"
"80 & Older years","Ben Hill","30","7","8"
"<1 years","Ben Hill","2","0","0"
"Unknown years","Ben Hill","5","0","0"
"01-04 years","Berrien","9","0","0"
"05-09 years","Berrien","8","0","0"
"10-17 years","Berrien","26","0","0"
"18-29 years","Berrien","99","0","0"
"30-39 years","Berrien","73","0","0"
"40-49 years","Berrien","65","0","1"
"50-59 years","Berrien","71","0","9"
"60-69 years","Berrien","46","1","4"
"70-79 years","Berrien","33","3","2"
"80 & Older years","Berrien","29","8","6"
"<1 years","Berrien","1","0","0"
"Unknown years","Berrien","1","0","0"
"01-04 years","Bibb","77","0","2"
"05-09 years","Bibb","93","0","0"
"10-17 years","Bibb","266","0","6"
"18-29 years","Bibb","1483","1","52"
"30-39 years","Bibb","978","3","56"
"40-49 years","Bibb","953","9","113"
"50-59 years","Bibb","856","10","134"
"60-69 years","Bibb","709","35","207"
"70-79 years","Bibb","409","51","155"
"80 & Older years","Bibb","273","68","129"
"<1 years","Bibb","26","0","4"
"Unknown years","Bibb","13","0","0"
"01-04 years","Bleckley","1","0","0"
"05-09 years","Bleckley","3","0","0"
"10-17 years","Bleckley","31","0","0"
"18-29 years","Bleckley","113","0","3"
"30-39 years","Bleckley","49","0","0"
"40-49 years","Bleckley","63","1","1"
"50-59 years","Bleckley","60","2","3"
"60-69 years","Bleckley","40","7","9"
"70-79 years","Bleckley","42","2","7"
"80 & Older years","Bleckley","43","9","4"
"<1 years","Bleckley","1","0","0"
"Unknown years","Bleckley","1","0","0"
"01-04 years","Brantley","2","0","0"
"05-09 years","Brantley","2","0","0"
"10-17 years","Brantley","24","0","1"
"18-29 years","Brantley","71","0","1"
"30-39 years","Brantley","46","0","3"
"40-49 years","Brantley","49","0","3"
"50-59 years","Brantley","64","0","7"
"60-69 years","Brantley","38","1","5"
"70-79 years","Brantley","28","5","8"
"80 & Older years","Brantley","26","4","5"
"Unknown years","Brantley","1","0","0"
"01-04 years","Brooks","13","0","0"
"05-09 years","Brooks","10","0","0"
"10-17 years","Brooks","44","0","0"
"18-29 years","Brooks","104","0","0"
"30-39 years","Brooks","78","0","2"
"40-49 years","Brooks","63","0","8"
"50-59 years","Brooks","81","2","13"
"60-69 years","Brooks","54","5","11"
"70-79 years","Brooks","44","9","15"
"80 & Older years","Brooks","33","10","6"
"<1 years","Brooks","2","0","0"
"01-04 years","Bryan","16","0","0"
"05-09 years","Bryan","25","0","0"
"10-17 years","Bryan","83","0","0"
"18-29 years","Bryan","250","0","7"
"30-39 years","Bryan","213","1","6"
"40-49 years","Bryan","194","0","9"
"50-59 years","Bryan","166","3","14"
"60-69 years","Bryan","109","3","17"
"70-79 years","Bryan","68","2","20"
"80 & Older years","Bryan","35","2","8"
"<1 years","Bryan","5","0","0"
"Unknown years","Bryan","11","0","0"
"01-04 years","Bulloch","32","0","0"
"05-09 years","Bulloch","38","0","0"
"10-17 years","Bulloch","141","0","2"
"18-29 years","Bulloch","1578","0","6"
"30-39 years","Bulloch","304","2","14"
"40-49 years","Bulloch","247","2","17"
"50-59 years","Bulloch","245","1","18"
"60-69 years","Bulloch","165","10","33"
"70-79 years","Bulloch","85","8","23"
"80 & Older years","Bulloch","57","5","19"
"<1 years","Bulloch","9","0","0"
"Unknown years","Bulloch","21","0","0"
"01-04 years","Burke","12","0","0"
"05-09 years","Burke","19","0","0"
"10-17 years","Burke","61","0","1"
"18-29 years","Burke","168","0","3"
"30-39 years","Burke","132","0","4"
"40-49 years","Burke","126","1","6"
"50-59 years","Burke","137","1","22"
"60-69 years","Burke","100","3","25"
"70-79 years","Burke","62","1","17"
"80 & Older years","Burke","21","4","9"
"<1 years","Burke","4","0","0"
"Unknown years","Burke","1","0","0"
"01-04 years","Butts","6","0","0"
"05-09 years","Butts","7","0","0"
"10-17 years","Butts","30","0","0"
"18-29 years","Butts","114","0","2"
"30-39 years","Butts","118","0","4"
"40-49 years","Butts","105","2","9"
"50-59 years","Butts","96","2","13"
"60-69 years","Butts","82","7","15"
"70-79 years","Butts","57","10","8"
"80 & Older years","Butts","65","22","3"
"<1 years","Butts","3","0","0"
"Unknown years","Butts","1","0","0"
"01-04 years","Calhoun","1","0","0"
"10-17 years","Calhoun","9","0","0"
"18-29 years","Calhoun","35","0","4"
"30-39 years","Calhoun","38","2","5"
"40-49 years","Calhoun","54","0","5"
"50-59 years","Calhoun","47","2","9"
"60-69 years","Calhoun","44","2","15"
"70-79 years","Calhoun","12","2","4"
"80 & Older years","Calhoun","9","1","5"
"<1 years","Calhoun","1","0","0"
"01-04 years","Camden","20","0","0"
"05-09 years","Camden","16","0","0"
"10-17 years","Camden","71","0","0"
"18-29 years","Camden","380","0","3"
"30-39 years","Camden","214","0","8"
"40-49 years","Camden","168","1","8"
"50-59 years","Camden","206","1","8"
"60-69 years","Camden","127","3","11"
"70-79 years","Camden","68","0","9"
"80 & Older years","Camden","43","8","10"
"<1 years","Camden","5","0","0"
"Unknown years","Camden","11","0","0"
"01-04 years","Candler","8","0","0"
"05-09 years","Candler","7","0","0"
"10-17 years","Candler","37","0","0"
"18-29 years","Candler","89","0","0"
"30-39 years","Candler","62","0","2"
"40-49 years","Candler","75","2","1"
"50-59 years","Candler","88","3","8"
"60-69 years","Candler","50","5","7"
"70-79 years","Candler","34","7","8"
"80 & Older years","Candler","18","3","6"
"<1 years","Candler","2","0","0"
"Unknown years","Candler","5","0","0"
"01-04 years","Carroll","35","0","0"
"05-09 years","Carroll","38","0","0"
"10-17 years","Carroll","191","0","2"
"18-29 years","Carroll","723","0","7"
"30-39 years","Carroll","419","3","10"
"40-49 years","Carroll","439","3","14"
"50-59 years","Carroll","415","9","33"
"60-69 years","Carroll","270","9","33"
"70-79 years","Carroll","173","24","34"
"80 & Older years","Carroll","130","22","27"
"<1 years","Carroll","11","0","0"
"Unknown years","Carroll","30","0","0"
"01-04 years","Catoosa","18","0","0"
"05-09 years","Catoosa","12","0","0"
"10-17 years","Catoosa","85","0","0"
"18-29 years","Catoosa","222","0","3"
"30-39 years","Catoosa","170","0","4"
"40-49 years","Catoosa","220","2","10"
"50-59 years","Catoosa","177","4","8"
"60-69 years","Catoosa","145","3","21"
"70-79 years","Catoosa","104","6","19"
"80 & Older years","Catoosa","58","5","13"
"<1 years","Catoosa","7","0","0"
"Unknown years","Catoosa","19","0","1"
"01-04 years","Charlton","9","0","0"
"05-09 years","Charlton","16","0","0"
"10-17 years","Charlton","25","0","0"
"18-29 years","Charlton","120","0","1"
"30-39 years","Charlton","142","0","2"
"40-49 years","Charlton","125","0","5"
"50-59 years","Charlton","89","0","1"
"60-69 years","Charlton","80","3","6"
"70-79 years","Charlton","21","4","5"
"80 & Older years","Charlton","9","2","6"
"<1 years","Charlton","2","0","0"
"Unknown years","Charlton","3","0","0"
"01-04 years","Chatham","136","0","1"
"05-09 years","Chatham","161","1","0"
"10-17 years","Chatham","526","0","11"
"18-29 years","Chatham","2391","1","35"
"30-39 years","Chatham","1560","2","70"
"40-49 years","Chatham","1122","5","75"
"50-59 years","Chatham","1076","19","135"
"60-69 years","Chatham","831","32","170"
"70-79 years","Chatham","468","46","160"
"80 & Older years","Chatham","287","62","120"
"<1 years","Chatham","35","0","3"
"Unknown years","Chatham","59","0","2"
"01-04 years","Chattahoochee","3","0","0"
"05-09 years","Chattahoochee","1","0","0"
"10-17 years","Chattahoochee","93","0","1"
"18-29 years","Chattahoochee","1416","0","1"
"30-39 years","Chattahoochee","105","0","0"
"40-49 years","Chattahoochee","25","0","0"
"50-59 years","Chattahoochee","17","0","5"
"60-69 years","Chattahoochee","9","0","3"
"70-79 years","Chattahoochee","4","0","1"
"80 & Older years","Chattahoochee","3","1","2"
"<1 years","Chattahoochee","6","0","0"
"Unknown years","Chattahoochee","1","0","0"
"01-04 years","Chattooga","3","0","0"
"05-09 years","Chattooga","8","0","0"
"10-17 years","Chattooga","51","0","0"
"18-29 years","Chattooga","151","0","1"
"30-39 years","Chattooga","124","0","4"
"40-49 years","Chattooga","127","1","4"
"50-59 years","Chattooga","117","2","7"
"60-69 years","Chattooga","98","4","15"
"70-79 years","Chattooga","65","4","12"
"80 & Older years","Chattooga","59","11","13"
"<1 years","Chattooga","2","0","1"
"Unknown years","Chattooga","7","0","1"
"01-04 years","Cherokee","60","0","5"
"05-09 years","Cherokee","111","0","3"
"10-17 years","Cherokee","517","0","2"
"18-29 years","Cherokee","1564","0","37"
"30-39 years","Cherokee","903","1","52"
"40-49 years","Cherokee","1002","2","58"
"50-59 years","Cherokee","986","7","85"
"60-69 years","Cherokee","518","13","81"
"70-79 years","Cherokee","302","19","78"
"80 & Older years","Cherokee","238","51","96"
"<1 years","Cherokee","19","0","0"
"Unknown years","Cherokee","19","0","0"
"01-04 years","Clarke","61","0","0"
"05-09 years","Clarke","70","0","1"
"10-17 years","Clarke","206","0","4"
"18-29 years","Clarke","3035","0","12"
"30-39 years","Clarke","546","1","21"
"40-49 years","Clarke","413","1","23"
"50-59 years","Clarke","386","4","36"
"60-69 years","Clarke","258","8","57"
"70-79 years","Clarke","135","19","55"
"80 & Older years","Clarke","66","12","21"
"<1 years","Clarke","14","0","1"
"Unknown years","Clarke","8","0","0"
"01-04 years","Clay","1","0","0"
"05-09 years","Clay","2","0","0"
"10-17 years","Clay","10","0","0"
"18-29 years","Clay","20","0","0"
"30-39 years","Clay","21","0","1"
"40-49 years","Clay","18","0","0"
"50-59 years","Clay","16","0","1"
"60-69 years","Clay","16","1","2"
"70-79 years","Clay","6","0","0"
"80 & Older years","Clay","10","2","5"
"Unknown years","Clay","1","0","0"
"01-04 years","Clayton","81","0","5"
"05-09 years","Clayton","126","0","2"
"10-17 years","Clayton","322","0","11"
"18-29 years","Clayton","1595","2","55"
"30-39 years","Clayton","1422","6","83"
"40-49 years","Clayton","1187","14","100"
"50-59 years","Clayton","1137","23","142"
"60-69 years","Clayton","748","42","124"
"70-79 years","Clayton","330","36","80"
"80 & Older years","Clayton","195","39","45"
"<1 years","Clayton","20","0","1"
"Unknown years","Clayton","15","0","0"
"01-04 years","Clinch","7","0","0"
"05-09 years","Clinch","9","0","0"
"10-17 years","Clinch","44","0","0"
"18-29 years","Clinch","87","0","1"
"30-39 years","Clinch","52","1","2"
"40-49 years","Clinch","53","0","1"
"50-59 years","Clinch","48","0","6"
"60-69 years","Clinch","55","3","9"
"70-79 years","Clinch","22","5","7"
"80 & Older years","Clinch","11","0","2"
"<1 years","Clinch","1","0","0"
"Unknown years","Clinch","1","0","0"
"01-04 years","Cobb","178","1","7"
"05-09 years","Cobb","249","0","3"
"10-17 years","Cobb","922","0","17"
"18-29 years","Cobb","5757","4","148"
"30-39 years","Cobb","3435","7","164"
"40-49 years","Cobb","3229","13","281"
"50-59 years","Cobb","2796","28","350"
"60-69 years","Cobb","1680","56","316"
"70-79 years","Cobb","963","129","271"
"80 & Older years","Cobb","698","190","249"
"<1 years","Cobb","65","0","6"
"Unknown years","Cobb","38","1","4"
"01-04 years","Coffee","37","0","2"
"05-09 years","Coffee","39","0","3"
"10-17 years","Coffee","102","0","1"
"18-29 years","Coffee","398","0","7"
"30-39 years","Coffee","304","1","17"
"40-49 years","Coffee","344","2","47"
"50-59 years","Coffee","339","2","64"
"60-69 years","Coffee","291","12","66"
"70-79 years","Coffee","137","16","55"
"80 & Older years","Coffee","90","19","48"
"<1 years","Coffee","8","0","0"
"Unknown years","Coffee","7","0","0"
"01-04 years","Colquitt","29","0","0"
"05-09 years","Colquitt","40","0","0"
"10-17 years","Colquitt","163","0","2"
"18-29 years","Colquitt","472","0","15"
"30-39 years","Colquitt","315","0","15"
"40-49 years","Colquitt","297","4","27"
"50-59 years","Colquitt","258","9","28"
"60-69 years","Colquitt","176","8","27"
"70-79 years","Colquitt","95","5","25"
"80 & Older years","Colquitt","59","9","17"
"<1 years","Colquitt","6","0","0"
"Unknown years","Colquitt","5","0","0"
"01-04 years","Columbia","20","0","1"
"05-09 years","Columbia","59","0","0"
"10-17 years","Columbia","287","0","1"
"18-29 years","Columbia","907","0","6"
"30-39 years","Columbia","653","2","11"
"40-49 years","Columbia","663","4","19"
"50-59 years","Columbia","577","9","41"
"60-69 years","Columbia","360","8","44"
"70-79 years","Columbia","200","16","31"
"80 & Older years","Columbia","115","23","31"
"<1 years","Columbia","10","0","1"
"Unknown years","Columbia","2","0","0"
"01-04 years","Cook","8","0","0"
"05-09 years","Cook","10","0","0"
"10-17 years","Cook","44","0","1"
"18-29 years","Cook","122","0","2"
"30-39 years","Cook","86","0","4"
"40-49 years","Cook","85","0","9"
"50-59 years","Cook","71","1","14"
"60-69 years","Cook","60","3","10"
"70-79 years","Cook","45","8","14"
"80 & Older years","Cook","16","2","7"
"<1 years","Cook","5","0","0"
"Unknown years","Cook","3","0","0"
"01-04 years","Coweta","34","0","0"
"05-09 years","Coweta","42","0","0"
"10-17 years","Coweta","160","0","0"
"18-29 years","Coweta","593","1","9"
"30-39 years","Coweta","407","0","11"
"40-49 years","Coweta","411","2","17"
"50-59 years","Coweta","462","5","28"
"60-69 years","Coweta","286","9","27"
"70-79 years","Coweta","159","13","27"
"80 & Older years","Coweta","106","20","15"
"<1 years","Coweta","6","0","0"
"Unknown years","Coweta","3","0","0"
"01-04 years","Crawford","1","0","0"
"05-09 years","Crawford","1","0","0"
"10-17 years","Crawford","11","0","0"
"18-29 years","Crawford","32","0","1"
"30-39 years","Crawford","26","0","3"
"40-49 years","Crawford","19","0","2"
"50-59 years","Crawford","41","1","7"
"60-69 years","Crawford","27","2","9"
"70-79 years","Crawford","7","2","3"
"80 & Older years","Crawford","4","0","2"
"Unknown years","Crawford","1","0","0"
"01-04 years","Crisp","7","0","0"
"05-09 years","Crisp","8","0","0"
"10-17 years","Crisp","33","0","0"
"18-29 years","Crisp","103","0","5"
"30-39 years","Crisp","96","0","8"
"40-49 years","Crisp","85","1","8"
"50-59 years","Crisp","79","2","13"
"60-69 years","Crisp","87","4","16"
"70-79 years","Crisp","43","5","16"
"80 & Older years","Crisp","30","6","7"
"<1 years","Crisp","3","0","0"
"Unknown years","Crisp","11","0","0"
"05-09 years","Dade","7","0","0"
"10-17 years","Dade","24","0","0"
"18-29 years","Dade","54","0","1"
"30-39 years","Dade","43","0","1"
"40-49 years","Dade","48","0","3"
"50-59 years","Dade","51","1","4"
"60-69 years","Dade","27","0","2"
"70-79 years","Dade","28","4","7"
"80 & Older years","Dade","4","0","2"
"<1 years","Dade","2","0","0"
"Unknown years","Dade","2","0","1"
"01-04 years","Dawson","5","0","0"
"05-09 years","Dawson","8","0","0"
"10-17 years","Dawson","66","0","2"
"18-29 years","Dawson","200","0","7"
"30-39 years","Dawson","119","0","3"
"40-49 years","Dawson","115","0","10"
"50-59 years","Dawson","135","0","9"
"60-69 years","Dawson","107","1","23"
"70-79 years","Dawson","63","5","17"
"80 & Older years","Dawson","25","2","5"
"<1 years","Dawson","5","0","0"
"01-04 years","DeKalb","211","0","7"
"05-09 years","DeKalb","294","0","4"
"10-17 years","DeKalb","857","0","27"
"18-29 years","DeKalb","4645","5","212"
"30-39 years","DeKalb","3894","12","280"
"40-49 years","DeKalb","3092","19","314"
"50-59 years","DeKalb","2744","45","404"
"60-69 years","DeKalb","1694","75","390"
"70-79 years","DeKalb","925","102","295"
"80 & Older years","DeKalb","564","113","195"
"<1 years","DeKalb","62","0","4"
"Unknown years","DeKalb","146","0","5"
"01-04 years","Decatur","26","0","0"
"05-09 years","Decatur","35","0","0"
"10-17 years","Decatur","99","0","0"
"18-29 years","Decatur","255","1","6"
"30-39 years","Decatur","192","1","5"
"40-49 years","Decatur","190","0","13"
"50-59 years","Decatur","159","4","20"
"60-69 years","Decatur","111","6","22"
"70-79 years","Decatur","66","10","15"
"80 & Older years","Decatur","66","7","10"
"<1 years","Decatur","6","0","0"
"Unknown years","Decatur","1","0","1"
"01-04 years","Dodge","4","0","0"
"05-09 years","Dodge","11","0","0"
"10-17 years","Dodge","43","0","1"
"18-29 years","Dodge","65","0","0"
"30-39 years","Dodge","36","0","1"
"40-49 years","Dodge","81","0","6"
"50-59 years","Dodge","85","1","5"
"60-69 years","Dodge","67","5","14"
"70-79 years","Dodge","29","2","8"
"80 & Older years","Dodge","15","4","7"
"<1 years","Dodge","2","0","0"
"Unknown years","Dodge","1","0","0"
"01-04 years","Dooly","8","0","0"
"05-09 years","Dooly","3","0","0"
"10-17 years","Dooly","14","0","0"
"18-29 years","Dooly","49","0","4"
"30-39 years","Dooly","48","0","4"
"40-49 years","Dooly","67","0","7"
"50-59 years","Dooly","67","3","11"
"60-69 years","Dooly","52","5","13"
"70-79 years","Dooly","26","4","9"
"80 & Older years","Dooly","10","2","4"
"Unknown years","Dooly","2","0","0"
"01-04 years","Dougherty","22","0","3"
"05-09 years","Dougherty","37","0","0"
"10-17 years","Dougherty","107","0","3"
"18-29 years","Dougherty","512","2","50"
"30-39 years","Dougherty","465","3","53"
"40-49 years","Dougherty","502","12","80"
"50-59 years","Dougherty","572","16","113"
"60-69 years","Dougherty","471","50","150"
"70-79 years","Dougherty","285","45","116"
"80 & Older years","Dougherty","182","60","80"
"<1 years","Dougherty","12","0","1"
"Unknown years","Dougherty","3","0","0"
"01-04 years","Douglas","34","0","0"
"05-09 years","Douglas","62","0","3"
"10-17 years","Douglas","186","0","2"
"18-29 years","Douglas","818","0","32"
"30-39 years","Douglas","617","3","42"
"40-49 years","Douglas","702","3","64"
"50-59 years","Douglas","570","6","85"
"60-69 years","Douglas","363","15","89"
"70-79 years","Douglas","191","23","57"
"80 & Older years","Douglas","108","19","47"
"<1 years","Douglas","7","0","1"
"Unknown years","Douglas","13","0","0"
"01-04 years","Early","10","0","0"
"05-09 years","Early","13","0","0"
"10-17 years","Early","30","0","0"
"18-29 years","Early","88","0","2"
"30-39 years","Early","69","0","2"
"40-49 years","Early","87","1","7"
"50-59 years","Early","82","2","5"
"60-69 years","Early","61","9","9"
"70-79 years","Early","41","11","7"
"80 & Older years","Early","30","10","5"
"<1 years","Early","2","0","0"
"01-04 years","Echols","2","0","0"
"05-09 years","Echols","4","0","0"
"10-17 years","Echols","12","0","1"
"18-29 years","Echols","104","0","1"
"30-39 years","Echols","45","0","2"
"40-49 years","Echols","27","0","0"
"50-59 years","Echols","26","0","2"
"60-69 years","Echols","10","0","0"
"70-79 years","Echols","11","2","3"
"<1 years","Echols","1","0","0"
"01-04 years","Effingham","11","0","1"
"05-09 years","Effingham","33","0","0"
"10-17 years","Effingham","114","0","0"
"18-29 years","Effingham","312","0","1"
"30-39 years","Effingham","230","1","8"
"40-49 years","Effingham","251","0","11"
"50-59 years","Effingham","252","6","19"
"60-69 years","Effingham","155","1","21"
"70-79 years","Effingham","82","7","20"
"80 & Older years","Effingham","50","11","17"
"<1 years","Effingham","5","0","0"
"Unknown years","Effingham","11","0","1"
"01-04 years","Elbert","8","0","0"
"05-09 years","Elbert","15","0","0"
"10-17 years","Elbert","40","0","0"
"18-29 years","Elbert","135","0","0"
"30-39 years","Elbert","90","0","5"
"40-49 years","Elbert","104","0","3"
"50-59 years","Elbert","112","0","7"
"60-69 years","Elbert","84","0","9"
"70-79 years","Elbert","56","2","9"
"80 & Older years","Elbert","54","3","12"
"<1 years","Elbert","3","0","1"
"Unknown years","Elbert","8","0","0"
"01-04 years","Emanuel","15","0","1"
"05-09 years","Emanuel","11","0","0"
"10-17 years","Emanuel","107","0","2"
"18-29 years","Emanuel","200","1","0"
"30-39 years","Emanuel","150","0","5"
"40-49 years","Emanuel","187","1","6"
"50-59 years","Emanuel","150","3","16"
"60-69 years","Emanuel","137","6","17"
"70-79 years","Emanuel","87","9","17"
"80 & Older years","Emanuel","44","12","14"
"<1 years","Emanuel","4","0","0"
"Unknown years","Emanuel","10","0","1"
"01-04 years","Evans","5","0","0"
"05-09 years","Evans","10","0","0"
"10-17 years","Evans","45","0","0"
"18-29 years","Evans","86","0","2"
"30-39 years","Evans","80","0","3"
"40-49 years","Evans","63","0","6"
"50-59 years","Evans","69","1","11"
"60-69 years","Evans","36","2","8"
"70-79 years","Evans","24","2","8"
"80 & Older years","Evans","10","1","1"
"<1 years","Evans","2","0","0"
"Unknown years","Evans","2","0","0"
"01-04 years","Fannin","5","0","0"
"05-09 years","Fannin","8","0","0"
"10-17 years","Fannin","35","0","0"
"18-29 years","Fannin","109","0","2"
"30-39 years","Fannin","71","0","2"
"40-49 years","Fannin","89","0","5"
"50-59 years","Fannin","106","3","7"
"60-69 years","Fannin","121","5","13"
"70-79 years","Fannin","89","1","15"
"80 & Older years","Fannin","69","16","15"
"<1 years","Fannin","3","0","0"
"Unknown years","Fannin","4","0","0"
"01-04 years","Fayette","13","0","0"
"05-09 years","Fayette","18","0","1"
"10-17 years","Fayette","115","0","0"
"18-29 years","Fayette","431","0","4"
"30-39 years","Fayette","217","0","5"
"40-49 years","Fayette","318","1","15"
"50-59 years","Fayette","334","2","19"
"60-69 years","Fayette","248","10","15"
"70-79 years","Fayette","133","18","28"
"80 & Older years","Fayette","72","21","21"
"Unknown years","Fayette","23","0","0"
"01-04 years","Floyd","37","0","0"
"05-09 years","Floyd","61","0","0"
"10-17 years","Floyd","326","0","5"
"18-29 years","Floyd","706","0","12"
"30-39 years","Floyd","547","1","20"
"40-49 years","Floyd","509","1","29"
"50-59 years","Floyd","433","7","53"
"60-69 years","Floyd","319","12","50"
"70-79 years","Floyd","206","10","53"
"80 & Older years","Floyd","108","16","30"
"<1 years","Floyd","17","0","0"
"Unknown years","Floyd","44","0","1"
"01-04 years","Forsyth","42","0","0"
"05-09 years","Forsyth","84","0","0"
"10-17 years","Forsyth","333","0","0"
"18-29 years","Forsyth","1122","0","22"
"30-39 years","Forsyth","626","0","26"
"40-49 years","Forsyth","702","2","48"
"50-59 years","Forsyth","642","8","61"
"60-69 years","Forsyth","332","6","63"
"70-79 years","Forsyth","180","14","65"
"80 & Older years","Forsyth","99","17","43"
"<1 years","Forsyth","15","0","1"
"Unknown years","Forsyth","34","0","0"
"01-04 years","Franklin","7","0","0"
"05-09 years","Franklin","18","0","0"
"10-17 years","Franklin","59","0","2"
"18-29 years","Franklin","169","0","4"
"30-39 years","Franklin","114","0","1"
"40-49 years","Franklin","115","0","9"
"50-59 years","Franklin","120","0","11"
"60-69 years","Franklin","85","2","11"
"70-79 years","Franklin","48","6","10"
"80 & Older years","Franklin","26","5","11"
"<1 years","Franklin","3","0","1"
"Unknown years","Franklin","11","0","0"
"01-04 years","Fulton","258","0","11"
"05-09 years","Fulton","375","0","7"
"10-17 years","Fulton","1330","1","20"
"18-29 years","Fulton","8274","3","194"
"30-39 years","Fulton","5550","12","303"
"40-49 years","Fulton","4258","25","338"
"50-59 years","Fulton","3543","49","434"
"60-69 years","Fulton","2175","102","433"
"70-79 years","Fulton","1212","145","354"
"80 & Older years","Fulton","963","241","352"
"<1 years","Fulton","83","0","4"
"Unknown years","Fulton","75","1","4"
"01-04 years","Gilmer","16","0","1"
"05-09 years","Gilmer","13","0","0"
"10-17 years","Gilmer","62","0","2"
"18-29 years","Gilmer","138","0","7"
"30-39 years","Gilmer","130","0","9"
"40-49 years","Gilmer","141","0","8"
"50-59 years","Gilmer","123","2","11"
"60-69 years","Gilmer","124","1","16"
"70-79 years","Gilmer","69","3","16"
"80 & Older years","Gilmer","30","7","10"
"<1 years","Gilmer","6","0","0"
"Unknown years","Gilmer","7","0","0"
"05-09 years","Glascock","1","0","0"
"18-29 years","Glascock","7","0","0"
"30-39 years","Glascock","5","0","0"
"40-49 years","Glascock","8","0","0"
"50-59 years","Glascock","7","1","1"
"60-69 years","Glascock","7","0","0"
"80 & Older years","Glascock","4","1","3"
"<1 years","Glascock","1","0","0"
"01-04 years","Glynn","55","0","1"
"05-09 years","Glynn","94","0","1"
"10-17 years","Glynn","236","0","0"
"18-29 years","Glynn","853","0","15"
"30-39 years","Glynn","569","2","21"
"40-49 years","Glynn","467","3","27"
"50-59 years","Glynn","447","7","54"
"60-69 years","Glynn","357","19","72"
"70-79 years","Glynn","234","27","47"
"80 & Older years","Glynn","171","38","55"
"<1 years","Glynn","14","0","0"
"Unknown years","Glynn","23","0","0"
"01-04 years","Gordon","19","0","0"
"05-09 years","Gordon","37","0","0"
"10-17 years","Gordon","130","0","2"
"18-29 years","Gordon","415","0","6"
"30-39 years","Gordon","308","0","13"
"40-49 years","Gordon","352","0","14"
"50-59 years","Gordon","292","4","20"
"60-69 years","Gordon","172","7","14"
"70-79 years","Gordon","120","15","29"
"80 & Older years","Gordon","58","14","21"
"<1 years","Gordon","2","0","1"
"Unknown years","Gordon","7","0","0"
"01-04 years","Grady","16","0","1"
"05-09 years","Grady","21","0","0"
"10-17 years","Grady","67","0","2"
"18-29 years","Grady","129","0","5"
"30-39 years","Grady","136","0","4"
"40-49 years","Grady","133","0","18"
"50-59 years","Grady","102","3","14"
"60-69 years","Grady","86","2","17"
"70-79 years","Grady","75","7","20"
"80 & Older years","Grady","32","11","12"
"<1 years","Grady","2","0","0"
"Unknown years","Grady","8","0","0"
"01-04 years","Greene","4","0","0"
"05-09 years","Greene","18","0","0"
"10-17 years","Greene","31","0","0"
"18-29 years","Greene","123","0","4"
"30-39 years","Greene","74","0","5"
"40-49 years","Greene","64","3","7"
"50-59 years","Greene","64","3","7"
"60-69 years","Greene","62","2","9"
"70-79 years","Greene","41","4","10"
"80 & Older years","Greene","32","12","15"
"<1 years","Greene","1","0","1"
"Unknown years","Greene","2","0","0"
"01-04 years","Gwinnett","424","0","11"
"05-09 years","Gwinnett","611","0","10"
"10-17 years","Gwinnett","1786","1","40"
"18-29 years","Gwinnett","7093","1","315"
"30-39 years","Gwinnett","4949","9","344"
"40-49 years","Gwinnett","5241","25","461"
"50-59 years","Gwinnett","4053","49","477"
"60-69 years","Gwinnett","2183","79","442"
"70-79 years","Gwinnett","918","85","293"
"80 & Older years","Gwinnett","657","165","328"
"<1 years","Gwinnett","114","0","4"
"Unknown years","Gwinnett","45","0","0"
"01-04 years","Habersham","12","0","1"
"05-09 years","Habersham","13","0","0"
"10-17 years","Habersham","80","1","4"
"18-29 years","Habersham","341","0","7"
"30-39 years","Habersham","255","1","20"
"40-49 years","Habersham","260","1","24"
"50-59 years","Habersham","271","4","26"
"60-69 years","Habersham","204","7","57"
"70-79 years","Habersham","143","15","45"
"80 & Older years","Habersham","135","42","42"
"<1 years","Habersham","4","0","1"
"Unknown years","Habersham","15","0","1"
"01-04 years","Hall","73","0","2"
"05-09 years","Hall","147","0","1"
"10-17 years","Hall","596","0","13"
"18-29 years","Hall","2343","3","89"
"30-39 years","Hall","1454","1","89"
"40-49 years","Hall","1568","7","138"
"50-59 years","Hall","1526","11","189"
"60-69 years","Hall","864","34","164"
"70-79 years","Hall","520","31","141"
"80 & Older years","Hall","362","71","151"
"<1 years","Hall","16","0","5"
"Unknown years","Hall","149","0","7"
"01-04 years","Hancock","3","0","0"
"05-09 years","Hancock","3","0","0"
"10-17 years","Hancock","15","0","0"
"18-29 years","Hancock","47","0","1"
"30-39 years","Hancock","40","0","2"
"40-49 years","Hancock","55","1","4"
"50-59 years","Hancock","63","2","7"
"60-69 years","Hancock","83","11","20"
"70-79 years","Hancock","47","12","16"
"80 & Older years","Hancock","42","17","16"
"<1 years","Hancock","1","0","0"
"01-04 years","Haralson","7","0","0"
"05-09 years","Haralson","9","0","0"
"10-17 years","Haralson","53","0","1"
"18-29 years","Haralson","121","0","1"
"30-39 years","Haralson","82","0","2"
"40-49 years","Haralson","61","1","4"
"50-59 years","Haralson","66","0","1"
"60-69 years","Haralson","57","3","8"
"70-79 years","Haralson","42","5","10"
"80 & Older years","Haralson","16","0","2"
"<1 years","Haralson","4","0","0"
"01-04 years","Harris","10","0","0"
"05-09 years","Harris","8","0","0"
"10-17 years","Harris","61","0","2"
"18-29 years","Harris","136","0","2"
"30-39 years","Harris","86","0","3"
"40-49 years","Harris","130","1","6"
"50-59 years","Harris","143","4","15"
"60-69 years","Harris","141","8","36"
"70-79 years","Harris","64","5","18"
"80 & Older years","Harris","23","4","6"
"<1 years","Harris","2","0","0"
"Unknown years","Harris","1","0","0"
"01-04 years","Hart","7","0","0"
"05-09 years","Hart","10","0","1"
"10-17 years","Hart","24","0","0"
"18-29 years","Hart","92","0","0"
"30-39 years","Hart","72","0","4"
"40-49 years","Hart","81","0","6"
"50-59 years","Hart","97","1","12"
"60-69 years","Hart","75","3","17"
"70-79 years","Hart","36","3","7"
"80 & Older years","Hart","33","6","19"
"<1 years","Hart","1","0","1"
"01-04 years","Heard","1","0","0"
"05-09 years","Heard","8","0","0"
"10-17 years","Heard","12","0","1"
"18-29 years","Heard","44","0","0"
"30-39 years","Heard","21","0","1"
"40-49 years","Heard","33","0","2"
"50-59 years","Heard","29","0","2"
"60-69 years","Heard","29","1","3"
"70-79 years","Heard","18","3","5"
"80 & Older years","Heard","5","2","1"
"Unknown years","Heard","1","0","0"
"01-04 years","Henry","45","0","1"
"05-09 years","Henry","85","0","1"
"10-17 years","Henry","300","0","2"
"18-29 years","Henry","1187","0","15"
"30-39 years","Henry","959","3","19"
"40-49 years","Henry","1027","6","36"
"50-59 years","Henry","921","9","62"
"60-69 years","Henry","470","20","34"
"70-79 years","Henry","253","28","33"
"80 & Older years","Henry","145","38","27"
"<1 years","Henry","10","0","1"
"Unknown years","Henry","14","0","0"
"01-04 years","Houston","41","0","1"
"05-09 years","Houston","65","0","1"
"10-17 years","Houston","173","0","3"
"18-29 years","Houston","739","2","26"
"30-39 years","Houston","590","1","38"
"40-49 years","Houston","555","2","60"
"50-59 years","Houston","486","7","63"
"60-69 years","Houston","279","18","69"
"70-79 years","Houston","169","31","72"
"80 & Older years","Houston","88","23","48"
"<1 years","Houston","9","0","0"
"Unknown years","Houston","1","0","0"
"01-04 years","Irwin","3","0","0"
"05-09 years","Irwin","6","0","0"
"10-17 years","Irwin","22","0","0"
"18-29 years","Irwin","54","0","3"
"30-39 years","Irwin","54","0","4"
"40-49 years","Irwin","63","0","4"
"50-59 years","Irwin","46","0","5"
"60-69 years","Irwin","42","1","12"
"70-79 years","Irwin","16","1","1"
"80 & Older years","Irwin","17","3","9"
"01-04 years","Jackson","14","0","0"
"05-09 years","Jackson","36","0","0"
"10-17 years","Jackson","174","0","1"
"18-29 years","Jackson","445","0","9"
"30-39 years","Jackson","327","0","11"
"40-49 years","Jackson","330","1","25"
"50-59 years","Jackson","343","3","31"
"60-69 years","Jackson","184","2","24"
"70-79 years","Jackson","131","12","36"
"80 & Older years","Jackson","64","16","29"
"<1 years","Jackson","6","0","2"
"Unknown years","Jackson","12","0","1"
"05-09 years","Jasper","4","0","0"
"10-17 years","Jasper","6","0","0"
"18-29 years","Jasper","48","0","1"
"30-39 years","Jasper","37","0","0"
"40-49 years","Jasper","27","0","2"
"50-59 years","Jasper","44","0","6"
"60-69 years","Jasper","35","3","9"
"70-79 years","Jasper","16","1","3"
"80 & Older years","Jasper","5","0","0"
"<1 years","Jasper","3","0","0"
"01-04 years","Jeff Davis","14","0","0"
"05-09 years","Jeff Davis","20","0","0"
"10-17 years","Jeff Davis","63","0","2"
"18-29 years","Jeff Davis","148","0","2"
"30-39 years","Jeff Davis","124","0","3"
"40-49 years","Jeff Davis","122","0","7"
"50-59 years","Jeff Davis","105","2","6"
"60-69 years","Jeff Davis","73","4","12"
"70-79 years","Jeff Davis","47","9","12"
"80 & Older years","Jeff Davis","11","5","5"
"<1 years","Jeff Davis","2","0","1"
"Unknown years","Jeff Davis","1","0","0"
"01-04 years","Jefferson","16","0","0"
"05-09 years","Jefferson","20","0","0"
"10-17 years","Jefferson","51","0","0"
"18-29 years","Jefferson","127","0","2"
"30-39 years","Jefferson","98","0","3"
"40-49 years","Jefferson","115","3","9"
"50-59 years","Jefferson","145","2","14"
"60-69 years","Jefferson","117","6","16"
"70-79 years","Jefferson","86","8","18"
"80 & Older years","Jefferson","34","11","15"
"<1 years","Jefferson","4","0","0"
"Unknown years","Jefferson","2","0","0"
"01-04 years","Jenkins","5","0","0"
"05-09 years","Jenkins","9","0","0"
"10-17 years","Jenkins","35","0","0"
"18-29 years","Jenkins","66","0","2"
"30-39 years","Jenkins","42","1","3"
"40-49 years","Jenkins","66","2","8"
"50-59 years","Jenkins","76","5","13"
"60-69 years","Jenkins","54","4","7"
"70-79 years","Jenkins","39","10","19"
"80 & Older years","Jenkins","44","8","11"
"<1 years","Jenkins","2","0","0"
"01-04 years","Johnson","4","0","0"
"05-09 years","Johnson","5","0","0"
"10-17 years","Johnson","14","0","0"
"18-29 years","Johnson","69","0","2"
"30-39 years","Johnson","45","0","3"
"40-49 years","Johnson","54","1","6"
"50-59 years","Johnson","67","0","11"
"60-69 years","Johnson","65","5","12"
"70-79 years","Johnson","48","6","13"
"80 & Older years","Johnson","48","10","11"
"Unknown years","Johnson","1","0","0"
"01-04 years","Jones","2","0","0"
"05-09 years","Jones","6","0","0"
"10-17 years","Jones","23","0","0"
"18-29 years","Jones","153","0","3"
"30-39 years","Jones","86","0","3"
"40-49 years","Jones","87","0","4"
"50-59 years","Jones","95","0","11"
"60-69 years","Jones","61","1","11"
"70-79 years","Jones","33","2","13"
"80 & Older years","Jones","25","7","4"
"<1 years","Jones","1","0","0"
"Unknown years","Jones","1","0","0"
"01-04 years","Lamar","5","0","0"
"05-09 years","Lamar","13","0","0"
"10-17 years","Lamar","25","0","1"
"18-29 years","Lamar","54","0","0"
"30-39 years","Lamar","49","0","1"
"40-49 years","Lamar","54","1","2"
"50-59 years","Lamar","58","1","9"
"60-69 years","Lamar","50","3","9"
"70-79 years","Lamar","40","4","9"
"80 & Older years","Lamar","27","10","11"
"<1 years","Lamar","3","0","0"
"Unknown years","Lamar","3","0","0"
"01-04 years","Lanier","5","0","0"
"05-09 years","Lanier","8","0","1"
"10-17 years","Lanier","18","0","1"
"18-29 years","Lanier","69","1","0"
"30-39 years","Lanier","79","0","1"
"40-49 years","Lanier","38","0","0"
"50-59 years","Lanier","35","0","3"
"60-69 years","Lanier","20","1","1"
"70-79 years","Lanier","13","4","4"
"80 & Older years","Lanier","9","0","4"
"<1 years","Lanier","3","0","0"
"01-04 years","Laurens","11","0","0"
"05-09 years","Laurens","16","0","0"
"10-17 years","Laurens","99","0","0"
"18-29 years","Laurens","314","0","4"
"30-39 years","Laurens","227","0","3"
"40-49 years","Laurens","244","2","12"
"50-59 years","Laurens","280","5","29"
"60-69 years","Laurens","238","17","38"
"70-79 years","Laurens","164","22","33"
"80 & Older years","Laurens","110","29","24"
"<1 years","Laurens","6","0","0"
"Unknown years","Laurens","10","0","0"
"01-04 years","Lee","6","0","0"
"05-09 years","Lee","9","0","2"
"10-17 years","Lee","41","0","1"
"18-29 years","Lee","110","1","6"
"30-39 years","Lee","131","1","12"
"40-49 years","Lee","133","2","16"
"50-59 years","Lee","125","5","23"
"60-69 years","Lee","88","6","17"
"70-79 years","Lee","44","6","18"
"80 & Older years","Lee","20","5","10"
"<1 years","Lee","3","0","0"
"01-04 years","Liberty","10","0","0"
"05-09 years","Liberty","23","0","1"
"10-17 years","Liberty","77","0","1"
"18-29 years","Liberty","267","1","9"
"30-39 years","Liberty","195","0","7"
"40-49 years","Liberty","180","0","8"
"50-59 years","Liberty","157","1","24"
"60-69 years","Liberty","122","7","23"
"70-79 years","Liberty","57","8","21"
"80 & Older years","Liberty","38","6","15"
"<1 years","Liberty","11","0","1"
"Unknown years","Liberty","6","0","0"
"01-04 years","Lincoln","3","0","0"
"05-09 years","Lincoln","6","0","0"
"10-17 years","Lincoln","9","0","0"
"18-29 years","Lincoln","43","0","1"
"30-39 years","Lincoln","29","0","1"
"40-49 years","Lincoln","37","0","3"
"50-59 years","Lincoln","28","0","1"
"60-69 years","Lincoln","33","2","8"
"70-79 years","Lincoln","17","1","7"
"80 & Older years","Lincoln","7","4","3"
"<1 years","Lincoln","1","0","0"
"Unknown years","Lincoln","1","0","0"
"01-04 years","Long","10","0","0"
"05-09 years","Long","3","0","0"
"10-17 years","Long","13","0","0"
"18-29 years","Long","47","0","0"
"30-39 years","Long","62","0","0"
"40-49 years","Long","33","0","2"
"50-59 years","Long","35","1","5"
"60-69 years","Long","29","0","2"
"70-79 years","Long","14","2","6"
"80 & Older years","Long","4","0","2"
"<1 years","Long","3","0","0"
"Unknown years","Long","3","0","1"
"01-04 years","Lowndes","57","0","0"
"05-09 years","Lowndes","82","0","0"
"10-17 years","Lowndes","283","0","4"
"18-29 years","Lowndes","1252","3","21"
"30-39 years","Lowndes","645","0","14"
"40-49 years","Lowndes","579","1","28"
"50-59 years","Lowndes","462","6","34"
"60-69 years","Lowndes","301","14","38"
"70-79 years","Lowndes","171","27","33"
"80 & Older years","Lowndes","117","33","34"
"<1 years","Lowndes","16","0","0"
"Unknown years","Lowndes","22","0","0"
"01-04 years","Lumpkin","5","0","0"
"05-09 years","Lumpkin","11","0","0"
"10-17 years","Lumpkin","44","0","2"
"18-29 years","Lumpkin","267","0","3"
"30-39 years","Lumpkin","101","0","4"
"40-49 years","Lumpkin","115","0","10"
"50-59 years","Lumpkin","128","2","12"
"60-69 years","Lumpkin","122","4","16"
"70-79 years","Lumpkin","97","3","26"
"80 & Older years","Lumpkin","35","5","19"
"<1 years","Lumpkin","2","0","1"
"Unknown years","Lumpkin","13","0","0"
"01-04 years","Macon","5","0","0"
"05-09 years","Macon","6","0","0"
"10-17 years","Macon","8","0","0"
"18-29 years","Macon","37","0","1"
"30-39 years","Macon","25","0","3"
"40-49 years","Macon","45","1","5"
"50-59 years","Macon","49","3","9"
"60-69 years","Macon","27","3","16"
"70-79 years","Macon","23","1","10"
"80 & Older years","Macon","10","2","5"
"<1 years","Macon","1","0","0"
"01-04 years","Madison","14","0","0"
"05-09 years","Madison","10","0","0"
"10-17 years","Madison","76","0","0"
"18-29 years","Madison","135","0","1"
"30-39 years","Madison","116","0","5"
"40-49 years","Madison","119","0","8"
"50-59 years","Madison","113","1","12"
"60-69 years","Madison","66","2","13"
"70-79 years","Madison","42","3","16"
"80 & Older years","Madison","12","2","2"
"<1 years","Madison","8","0","1"
"Unknown years","Madison","3","0","0"
"01-04 years","Marion","2","0","0"
"05-09 years","Marion","2","0","0"
"10-17 years","Marion","13","0","0"
"18-29 years","Marion","31","0","0"
"30-39 years","Marion","23","0","2"
"40-49 years","Marion","33","1","5"
"50-59 years","Marion","30","2","5"
"60-69 years","Marion","26","3","1"
"70-79 years","Marion","16","1","3"
"80 & Older years","Marion","16","2","5"
"<1 years","Marion","1","0","0"
"01-04 years","McDuffie","3","0","0"
"05-09 years","McDuffie","4","0","0"
"10-17 years","McDuffie","32","0","0"
"18-29 years","McDuffie","131","0","3"
"30-39 years","McDuffie","94","1","2"
"40-49 years","McDuffie","101","2","8"
"50-59 years","McDuffie","104","2","12"
"60-69 years","McDuffie","77","2","11"
"70-79 years","McDuffie","53","5","24"
"80 & Older years","McDuffie","15","2","10"
"Unknown years","McDuffie","1","0","0"
"05-09 years","McIntosh","3","0","0"
"10-17 years","McIntosh","17","0","0"
"18-29 years","McIntosh","58","0","2"
"30-39 years","McIntosh","44","0","2"
"40-49 years","McIntosh","47","0","3"
"50-59 years","McIntosh","48","0","1"
"60-69 years","McIntosh","37","2","11"
"70-79 years","McIntosh","32","3","9"
"80 & Older years","McIntosh","6","2","2"
"<1 years","McIntosh","1","0","0"
"Unknown years","McIntosh","3","0","0"
"01-04 years","Meriwether","10","0","1"
"05-09 years","Meriwether","10","0","1"
"10-17 years","Meriwether","13","0","0"
"18-29 years","Meriwether","89","0","3"
"30-39 years","Meriwether","84","2","9"
"40-49 years","Meriwether","104","1","11"
"50-59 years","Meriwether","85","1","11"
"60-69 years","Meriwether","74","1","15"
"70-79 years","Meriwether","53","3","13"
"80 & Older years","Meriwether","32","6","9"
"<1 years","Meriwether","2","0","0"
"Unknown years","Meriwether","2","0","0"
"01-04 years","Miller","3","0","0"
"05-09 years","Miller","3","0","0"
"10-17 years","Miller","21","0","0"
"18-29 years","Miller","46","0","0"
"30-39 years","Miller","51","0","0"
"40-49 years","Miller","41","0","1"
"50-59 years","Miller","55","0","6"
"60-69 years","Miller","34","1","3"
"70-79 years","Miller","12","0","0"
"80 & Older years","Miller","10","0","0"
"<1 years","Miller","2","0","0"
"01-04 years","Mitchell","3","0","0"
"05-09 years","Mitchell","9","0","0"
"10-17 years","Mitchell","39","0","0"
"18-29 years","Mitchell","127","0","6"
"30-39 years","Mitchell","117","1","12"
"40-49 years","Mitchell","127","2","12"
"50-59 years","Mitchell","162","7","42"
"60-69 years","Mitchell","121","9","35"
"70-79 years","Mitchell","67","8","25"
"80 & Older years","Mitchell","49","18","19"
"Unknown years","Mitchell","3","0","1"
"01-04 years","Monroe","3","0","0"
"05-09 years","Monroe","6","0","0"
"10-17 years","Monroe","33","0","0"
"18-29 years","Monroe","125","1","2"
"30-39 years","Monroe","81","0","2"
"40-49 years","Monroe","89","1","9"
"50-59 years","Monroe","123","2","12"
"60-69 years","Monroe","91","8","23"
"70-79 years","Monroe","70","11","20"
"80 & Older years","Monroe","81","29","17"
"<1 years","Monroe","3","0","1"
"Unknown years","Monroe","1","0","0"
"01-04 years","Montgomery","4","0","0"
"05-09 years","Montgomery","2","0","0"
"10-17 years","Montgomery","21","0","1"
"18-29 years","Montgomery","70","0","0"
"30-39 years","Montgomery","45","1","3"
"40-49 years","Montgomery","61","0","1"
"50-59 years","Montgomery","49","0","5"
"60-69 years","Montgomery","39","1","7"
"70-79 years","Montgomery","21","1","5"
"80 & Older years","Montgomery","9","2","2"
"<1 years","Montgomery","2","0","0"
"01-04 years","Morgan","14","0","0"
"05-09 years","Morgan","9","0","0"
"10-17 years","Morgan","45","0","0"
"18-29 years","Morgan","107","0","2"
"30-39 years","Morgan","68","0","5"
"40-49 years","Morgan","71","0","3"
"50-59 years","Morgan","77","0","7"
"60-69 years","Morgan","53","1","4"
"70-79 years","Morgan","18","0","6"
"80 & Older years","Morgan","22","2","11"
"<1 years","Morgan","4","0","0"
"Unknown years","Morgan","1","0","0"
"01-04 years","Murray","12","0","1"
"05-09 years","Murray","9","0","1"
"10-17 years","Murray","56","0","0"
"18-29 years","Murray","211","0","2"
"30-39 years","Murray","140","0","2"
"40-49 years","Murray","160","0","10"
"50-59 years","Murray","136","1","11"
"60-69 years","Murray","69","1","9"
"70-79 years","Murray","43","2","11"
"80 & Older years","Murray","11","2","5"
"<1 years","Murray","4","0","0"
"Unknown years","Murray","2","0","0"
"01-04 years","Muscogee","96","0","3"
"05-09 years","Muscogee","116","0","0"
"10-17 years","Muscogee","298","0","1"
"18-29 years","Muscogee","1587","3","38"
"30-39 years","Muscogee","1004","2","56"
"40-49 years","Muscogee","833","3","59"
"50-59 years","Muscogee","854","21","130"
"60-69 years","Muscogee","677","41","168"
"70-79 years","Muscogee","365","45","116"
"80 & Older years","Muscogee","210","56","97"
"<1 years","Muscogee","35","0","2"
"Unknown years","Muscogee","25","0","0"
"01-04 years","Newton","30","0","2"
"05-09 years","Newton","39","0","0"
"10-17 years","Newton","125","0","1"
"18-29 years","Newton","516","0","15"
"30-39 years","Newton","422","0","29"
"40-49 years","Newton","501","0","45"
"50-59 years","Newton","456","7","58"
"60-69 years","Newton","239","15","46"
"70-79 years","Newton","164","26","46"
"80 & Older years","Newton","134","43","33"
"<1 years","Newton","10","0","1"
"Unknown years","Newton","3","0","0"
"01-04 years","Non-GA Resident/Unknown State","212","0","1"
"05-09 years","Non-GA Resident/Unknown State","323","0","4"
"10-17 years","Non-GA Resident/Unknown State","1069","0","6"
"18-29 years","Non-GA Resident/Unknown State","4294","4","42"
"30-39 years","Non-GA Resident/Unknown State","2752","3","53"
"40-49 years","Non-GA Resident/Unknown State","2355","5","56"
"50-59 years","Non-GA Resident/Unknown State","2088","21","117"
"60-69 years","Non-GA Resident/Unknown State","1356","39","140"
"70-79 years","Non-GA Resident/Unknown State","777","48","124"
"80 & Older years","Non-GA Resident/Unknown State","460","43","100"
"<1 years","Non-GA Resident/Unknown State","96","0","1"
"Unknown years","Non-GA Resident/Unknown State","365","0","1"
"01-04 years","Oconee","2","0","0"
"05-09 years","Oconee","10","0","0"
"10-17 years","Oconee","54","0","0"
"18-29 years","Oconee","231","0","2"
"30-39 years","Oconee","82","0","2"
"40-49 years","Oconee","111","0","8"
"50-59 years","Oconee","119","2","4"
"60-69 years","Oconee","75","9","15"
"70-79 years","Oconee","41","4","12"
"80 & Older years","Oconee","45","11","21"
"<1 years","Oconee","1","0","0"
"01-04 years","Oglethorpe","4","0","0"
"05-09 years","Oglethorpe","9","0","0"
"10-17 years","Oglethorpe","23","0","0"
"18-29 years","Oglethorpe","71","0","1"
"30-39 years","Oglethorpe","35","0","0"
"40-49 years","Oglethorpe","46","0","4"
"50-59 years","Oglethorpe","50","1","10"
"60-69 years","Oglethorpe","31","0","8"
"70-79 years","Oglethorpe","35","1","10"
"80 & Older years","Oglethorpe","38","9","12"
"<1 years","Oglethorpe","3","0","0"
"Unknown years","Oglethorpe","1","0","0"
"01-04 years","Paulding","33","0","1"
"05-09 years","Paulding","64","0","0"
"10-17 years","Paulding","250","0","3"
"18-29 years","Paulding","638","0","5"
"30-39 years","Paulding","450","1","14"
"40-49 years","Paulding","490","3","13"
"50-59 years","Paulding","462","6","30"
"60-69 years","Paulding","251","9","35"
"70-79 years","Paulding","126","14","30"
"80 & Older years","Paulding","78","25","13"
"<1 years","Paulding","7","0","0"
"Unknown years","Paulding","11","0","0"
"01-04 years","Peach","9","0","0"
"05-09 years","Peach","11","0","0"
"10-17 years","Peach","20","0","1"
"18-29 years","Peach","147","1","7"
"30-39 years","Peach","126","0","7"
"40-49 years","Peach","93","1","8"
"50-59 years","Peach","107","3","24"
"60-69 years","Peach","92","8","28"
"70-79 years","Peach","40","4","16"
"80 & Older years","Peach","32","8","16"
"<1 years","Peach","4","0","0"
"Unknown years","Peach","3","0","0"
"01-04 years","Pickens","9","0","0"
"05-09 years","Pickens","5","0","0"
"10-17 years","Pickens","29","0","0"
"18-29 years","Pickens","125","0","4"
"30-39 years","Pickens","77","0","4"
"40-49 years","Pickens","122","0","7"
"50-59 years","Pickens","112","0","6"
"60-69 years","Pickens","78","1","13"
"70-79 years","Pickens","46","5","17"
"80 & Older years","Pickens","25","4","6"
"<1 years","Pickens","1","0","0"
"Unknown years","Pickens","3","0","0"
"01-04 years","Pierce","6","0","0"
"05-09 years","Pierce","8","0","0"
"10-17 years","Pierce","33","1","1"
"18-29 years","Pierce","121","0","3"
"30-39 years","Pierce","75","0","3"
"40-49 years","Pierce","113","0","11"
"50-59 years","Pierce","90","3","10"
"60-69 years","Pierce","80","5","25"
"70-79 years","Pierce","60","7","22"
"80 & Older years","Pierce","30","6","7"
"<1 years","Pierce","2","0","0"
"Unknown years","Pierce","3","0","0"
"01-04 years","Pike","11","0","0"
"05-09 years","Pike","6","0","0"
"10-17 years","Pike","30","0","0"
"18-29 years","Pike","60","0","0"
"30-39 years","Pike","49","0","2"
"40-49 years","Pike","64","1","3"
"50-59 years","Pike","46","1","5"
"60-69 years","Pike","37","1","9"
"70-79 years","Pike","33","4","9"
"80 & Older years","Pike","11","3","3"
"Unknown years","Pike","1","0","0"
"01-04 years","Polk","18","0","1"
"05-09 years","Polk","29","0","0"
"10-17 years","Polk","145","0","1"
"18-29 years","Polk","370","0","1"
"30-39 years","Polk","213","0","4"
"40-49 years","Polk","250","0","17"
"50-59 years","Polk","215","2","27"
"60-69 years","Polk","112","5","22"
"70-79 years","Polk","92","3","19"
"80 & Older years","Polk","42","8","14"
"<1 years","Polk","5","0","0"
"Unknown years","Polk","25","0","1"
"05-09 years","Pulaski","3","0","0"
"10-17 years","Pulaski","19","0","0"
"18-29 years","Pulaski","44","0","1"
"30-39 years","Pulaski","39","0","2"
"40-49 years","Pulaski","42","0","5"
"50-59 years","Pulaski","58","0","5"
"60-69 years","Pulaski","53","5","7"
"70-79 years","Pulaski","33","10","13"
"80 & Older years","Pulaski","27","7","4"
"01-04 years","Putnam","10","0","0"
"05-09 years","Putnam","25","0","0"
"10-17 years","Putnam","47","0","1"
"18-29 years","Putnam","141","0","3"
"30-39 years","Putnam","82","0","3"
"40-49 years","Putnam","97","2","5"
"50-59 years","Putnam","111","0","9"
"60-69 years","Putnam","96","7","14"
"70-79 years","Putnam","60","8","19"
"80 & Older years","Putnam","42","8","15"
"<1 years","Putnam","4","0","0"
"10-17 years","Quitman","2","0","0"
"18-29 years","Quitman","6","0","0"
"30-39 years","Quitman","3","0","1"
"40-49 years","Quitman","2","0","1"
"50-59 years","Quitman","4","0","0"
"60-69 years","Quitman","14","1","3"
"70-79 years","Quitman","1","0","1"
"80 & Older years","Quitman","2","0","1"
"01-04 years","Rabun","4","0","0"
"05-09 years","Rabun","6","0","0"
"10-17 years","Rabun","26","0","0"
"18-29 years","Rabun","74","0","4"
"30-39 years","Rabun","53","1","4"
"40-49 years","Rabun","45","0","2"
"50-59 years","Rabun","54","0","5"
"60-69 years","Rabun","56","1","12"
"70-79 years","Rabun","33","3","12"
"80 & Older years","Rabun","21","5","8"
"<1 years","Rabun","2","0","1"
"Unknown years","Rabun","4","0","0"
"05-09 years","Randolph","2","0","0"
"10-17 years","Randolph","4","0","0"
"18-29 years","Randolph","38","0","0"
"30-39 years","Randolph","47","2","2"
"40-49 years","Randolph","38","0","3"
"50-59 years","Randolph","70","3","13"
"60-69 years","Randolph","52","7","12"
"70-79 years","Randolph","30","3","9"
"80 & Older years","Randolph","46","14","16"
"<1 years","Randolph","1","0","0"
"Unknown years","Randolph","3","0","0"
"01-04 years","Richmond","66","0","1"
"05-09 years","Richmond","104","0","1"
"10-17 years","Richmond","390","0","2"
"18-29 years","Richmond","1762","3","19"
"30-39 years","Richmond","1280","3","41"
"40-49 years","Richmond","1105","10","56"
"50-59 years","Richmond","1077","13","97"
"60-69 years","Richmond","730","30","107"
"70-79 years","Richmond","410","34","109"
"80 & Older years","Richmond","303","74","143"
"<1 years","Richmond","32","0","1"
"Unknown years","Richmond","11","0","0"
"01-04 years","Rockdale","27","0","0"
"05-09 years","Rockdale","41","0","0"
"10-17 years","Rockdale","105","0","1"
"18-29 years","Rockdale","411","2","18"
"30-39 years","Rockdale","319","2","30"
"40-49 years","Rockdale","333","3","38"
"50-59 years","Rockdale","341","4","39"
"60-69 years","Rockdale","188","8","49"
"70-79 years","Rockdale","94","13","37"
"80 & Older years","Rockdale","36","5","15"
"<1 years","Rockdale","1","0","0"
"01-04 years","Schley","4","0","0"
"05-09 years","Schley","3","0","0"
"10-17 years","Schley","12","0","0"
"18-29 years","Schley","23","0","1"
"30-39 years","Schley","10","0","0"
"40-49 years","Schley","13","0","2"
"50-59 years","Schley","16","0","3"
"60-69 years","Schley","15","1","7"
"70-79 years","Schley","6","0","2"
"80 & Older years","Schley","3","1","1"
"<1 years","Schley","1","0","0"
"01-04 years","Screven","2","0","0"
"05-09 years","Screven","7","0","0"
"10-17 years","Screven","38","0","0"
"18-29 years","Screven","79","0","3"
"30-39 years","Screven","52","0","2"
"40-49 years","Screven","56","1","4"
"50-59 years","Screven","53","0","9"
"60-69 years","Screven","69","1","12"
"70-79 years","Screven","36","3","9"
"80 & Older years","Screven","27","6","7"
"<1 years","Screven","2","0","0"
"Unknown years","Screven","4","0","0"
"01-04 years","Seminole","12","0","0"
"05-09 years","Seminole","9","0","0"
"10-17 years","Seminole","38","0","0"
"18-29 years","Seminole","54","0","0"
"30-39 years","Seminole","45","0","0"
"40-49 years","Seminole","52","0","2"
"50-59 years","Seminole","56","1","4"
"60-69 years","Seminole","60","1","9"
"70-79 years","Seminole","35","4","7"
"80 & Older years","Seminole","9","3","3"
"<1 years","Seminole","2","0","0"
"Unknown years","Seminole","1","0","0"
"01-04 years","Spalding","17","0","0"
"05-09 years","Spalding","10","0","0"
"10-17 years","Spalding","57","0","2"
"18-29 years","Spalding","236","0","9"
"30-39 years","Spalding","213","1","16"
"40-49 years","Spalding","202","2","21"
"50-59 years","Spalding","217","7","45"
"60-69 years","Spalding","173","11","33"
"70-79 years","Spalding","116","16","33"
"80 & Older years","Spalding","113","25","30"
"<1 years","Spalding","1","0","0"
"Unknown years","Spalding","9","0","0"
"01-04 years","Stephens","8","0","0"
"05-09 years","Stephens","22","0","0"
"10-17 years","Stephens","56","0","1"
"18-29 years","Stephens","207","0","7"
"30-39 years","Stephens","119","0","6"
"40-49 years","Stephens","150","1","13"
"50-59 years","Stephens","172","3","18"
"60-69 years","Stephens","163","7","31"
"70-79 years","Stephens","129","11","25"
"80 & Older years","Stephens","88","16","18"
"<1 years","Stephens","1","0","0"
"Unknown years","Stephens","8","0","0"
"01-04 years","Stewart","1","0","0"
"05-09 years","Stewart","2","0","0"
"10-17 years","Stewart","10","0","0"
"18-29 years","Stewart","109","0","10"
"30-39 years","Stewart","146","1","15"
"40-49 years","Stewart","99","1","14"
"50-59 years","Stewart","57","1","10"
"60-69 years","Stewart","46","6","21"
"70-79 years","Stewart","21","2","3"
"80 & Older years","Stewart","17","4","4"
"<1 years","Stewart","1","0","0"
"Unknown years","Stewart","14","0","4"
"01-04 years","Sumter","7","0","0"
"05-09 years","Sumter","12","0","0"
"10-17 years","Sumter","21","0","1"
"18-29 years","Sumter","167","1","5"
"30-39 years","Sumter","130","1","16"
"40-49 years","Sumter","124","2","17"
"50-59 years","Sumter","149","1","37"
"60-69 years","Sumter","150","17","55"
"70-79 years","Sumter","108","19","36"
"80 & Older years","Sumter","69","22","35"
"<1 years","Sumter","1","0","0"
"Unknown years","Sumter","3","0","0"
"01-04 years","Talbot","1","0","0"
"05-09 years","Talbot","1","0","0"
"10-17 years","Talbot","15","0","0"
"18-29 years","Talbot","21","0","1"
"30-39 years","Talbot","16","0","1"
"40-49 years","Talbot","35","1","4"
"50-59 years","Talbot","29","0","3"
"60-69 years","Talbot","23","2","8"
"70-79 years","Talbot","14","1","2"
"80 & Older years","Talbot","10","2","5"
"Unknown years","Talbot","1","0","0"
"10-17 years","Taliaferro","1","0","0"
"18-29 years","Taliaferro","2","0","0"
"30-39 years","Taliaferro","3","0","0"
"40-49 years","Taliaferro","7","0","1"
"50-59 years","Taliaferro","6","0","0"
"60-69 years","Taliaferro","1","0","0"
"70-79 years","Taliaferro","2","0","0"
"80 & Older years","Taliaferro","1","0","1"
"01-04 years","Tattnall","16","0","0"
"05-09 years","Tattnall","27","0","0"
"10-17 years","Tattnall","71","0","0"
"18-29 years","Tattnall","183","0","0"
"30-39 years","Tattnall","118","0","3"
"40-49 years","Tattnall","137","0","5"
"50-59 years","Tattnall","134","3","14"
"60-69 years","Tattnall","100","4","17"
"70-79 years","Tattnall","40","3","17"
"80 & Older years","Tattnall","17","1","6"
"<1 years","Tattnall","4","0","0"
"Unknown years","Tattnall","3","0","0"
"01-04 years","Taylor","7","0","0"
"05-09 years","Taylor","6","0","0"
"10-17 years","Taylor","28","0","1"
"18-29 years","Taylor","42","0","0"
"30-39 years","Taylor","18","0","3"
"40-49 years","Taylor","30","1","3"
"50-59 years","Taylor","29","0","6"
"60-69 years","Taylor","24","4","9"
"70-79 years","Taylor","17","2","6"
"80 & Older years","Taylor","13","4","4"
"<1 years","Taylor","1","0","0"
"Unknown years","Taylor","2","0","0"
"01-04 years","Telfair","5","0","0"
"05-09 years","Telfair","5","0","0"
"10-17 years","Telfair","8","0","0"
"18-29 years","Telfair","65","0","2"
"30-39 years","Telfair","38","0","1"
"40-49 years","Telfair","65","0","4"
"50-59 years","Telfair","64","3","6"
"60-69 years","Telfair","68","3","12"
"70-79 years","Telfair","44","4","9"
"80 & Older years","Telfair","31","10","6"
"<1 years","Telfair","2","0","0"
"Unknown years","Telfair","1","0","0"
"01-04 years","Terrell","3","0","0"
"05-09 years","Terrell","1","0","0"
"10-17 years","Terrell","16","0","0"
"18-29 years","Terrell","36","0","1"
"30-39 years","Terrell","49","0","9"
"40-49 years","Terrell","41","0","7"
"50-59 years","Terrell","56","3","8"
"60-69 years","Terrell","65","9","23"
"70-79 years","Terrell","42","12","19"
"80 & Older years","Terrell","22","8","7"
"01-04 years","Thomas","21","0","0"
"05-09 years","Thomas","24","0","0"
"10-17 years","Thomas","82","0","0"
"18-29 years","Thomas","260","1","11"
"30-39 years","Thomas","224","0","10"
"40-49 years","Thomas","228","4","15"
"50-59 years","Thomas","238","4","21"
"60-69 years","Thomas","215","7","49"
"70-79 years","Thomas","123","20","32"
"80 & Older years","Thomas","87","30","30"
"<1 years","Thomas","4","0","1"
"Unknown years","Thomas","4","0","0"
"01-04 years","Tift","18","0","0"
"05-09 years","Tift","33","0","0"
"10-17 years","Tift","120","0","3"
"18-29 years","Tift","485","0","11"
"30-39 years","Tift","282","1","18"
"40-49 years","Tift","276","5","32"
"50-59 years","Tift","239","9","41"
"60-69 years","Tift","170","12","41"
"70-79 years","Tift","128","15","44"
"80 & Older years","Tift","60","15","36"
"<1 years","Tift","9","0","0"
"Unknown years","Tift","3","0","0"
"01-04 years","Toombs","16","0","0"
"05-09 years","Toombs","25","0","0"
"10-17 years","Toombs","100","0","1"
"18-29 years","Toombs","275","0","4"
"30-39 years","Toombs","206","0","0"
"40-49 years","Toombs","201","1","17"
"50-59 years","Toombs","177","5","13"
"60-69 years","Toombs","157","4","31"
"70-79 years","Toombs","119","19","22"
"80 & Older years","Toombs","80","22","17"
"<1 years","Toombs","1","0","0"
"Unknown years","Toombs","3","0","0"
"05-09 years","Towns","3","0","0"
"10-17 years","Towns","9","0","0"
"18-29 years","Towns","65","0","1"
"30-39 years","Towns","38","0","1"
"40-49 years","Towns","31","1","2"
"50-59 years","Towns","56","1","4"
"60-69 years","Towns","66","0","2"
"70-79 years","Towns","47","1","10"
"80 & Older years","Towns","36","7","20"
"01-04 years","Treutlen","2","0","0"
"05-09 years","Treutlen","4","0","0"
"10-17 years","Treutlen","16","0","0"
"18-29 years","Treutlen","47","0","1"
"30-39 years","Treutlen","36","0","2"
"40-49 years","Treutlen","49","0","4"
"50-59 years","Treutlen","41","1","5"
"60-69 years","Treutlen","28","2","9"
"70-79 years","Treutlen","25","5","4"
"80 & Older years","Treutlen","15","3","5"
"Unknown years","Treutlen","1","0","0"
"01-04 years","Troup","83","0","0"
"05-09 years","Troup","88","0","0"
"10-17 years","Troup","185","0","2"
"18-29 years","Troup","638","0","21"
"30-39 years","Troup","467","5","30"
"40-49 years","Troup","397","2","38"
"50-59 years","Troup","394","11","68"
"60-69 years","Troup","295","15","59"
"70-79 years","Troup","140","25","56"
"80 & Older years","Troup","133","43","41"
"<1 years","Troup","24","0","1"
"Unknown years","Troup","6","0","0"
"05-09 years","Turner","3","0","0"
"10-17 years","Turner","10","0","0"
"18-29 years","Turner","43","0","1"
"30-39 years","Turner","64","0","6"
"40-49 years","Turner","45","0","2"
"50-59 years","Turner","59","2","7"
"60-69 years","Turner","44","6","15"
"70-79 years","Turner","25","6","10"
"80 & Older years","Turner","23","10","8"
"<1 years","Turner","1","0","1"
"01-04 years","Twiggs","6","0","0"
"05-09 years","Twiggs","1","0","0"
"10-17 years","Twiggs","12","0","0"
"18-29 years","Twiggs","27","0","1"
"30-39 years","Twiggs","26","1","4"
"40-49 years","Twiggs","28","1","7"
"50-59 years","Twiggs","37","1","8"
"60-69 years","Twiggs","38","1","14"
"70-79 years","Twiggs","19","2","10"
"80 & Older years","Twiggs","5","3","4"
"01-04 years","Union","3","0","0"
"05-09 years","Union","10","0","0"
"10-17 years","Union","26","0","1"
"18-29 years","Union","96","1","1"
"30-39 years","Union","79","0","2"
"40-49 years","Union","100","0","8"
"50-59 years","Union","121","2","5"
"60-69 years","Union","128","1","18"
"70-79 years","Union","127","7","24"
"80 & Older years","Union","110","10","25"
"<1 years","Union","1","0","0"
"Unknown years","Union","2","0","0"
"01-04 years","Unknown","14","0","0"
"05-09 years","Unknown","42","0","0"
"10-17 years","Unknown","158","0","1"
"18-29 years","Unknown","577","1","6"
"30-39 years","Unknown","376","0","6"
"40-49 years","Unknown","324","1","3"
"50-59 years","Unknown","304","2","5"
"60-69 years","Unknown","191","1","11"
"70-79 years","Unknown","109","1","14"
"80 & Older years","Unknown","47","0","3"
"<1 years","Unknown","20","0","0"
"Unknown years","Unknown","110","0","3"
"01-04 years","Upson","17","0","0"
"05-09 years","Upson","20","0","0"
"10-17 years","Upson","48","0","1"
"18-29 years","Upson","123","0","4"
"30-39 years","Upson","84","1","3"
"40-49 years","Upson","100","1","6"
"50-59 years","Upson","129","3","11"
"60-69 years","Upson","117","12","17"
"70-79 years","Upson","88","21","22"
"80 & Older years","Upson","73","25","20"
"<1 years","Upson","3","0","0"
"Unknown years","Upson","5","0","0"
"01-04 years","Walker","9","0","0"
"05-09 years","Walker","23","0","0"
"10-17 years","Walker","129","0","0"
"18-29 years","Walker","294","0","1"
"30-39 years","Walker","221","0","5"
"40-49 years","Walker","264","2","8"
"50-59 years","Walker","214","1","12"
"60-69 years","Walker","198","7","19"
"70-79 years","Walker","134","17","24"
"80 & Older years","Walker","94","11","16"
"<1 years","Walker","9","0","0"
"Unknown years","Walker","29","0","2"
"01-04 years","Walton","14","0","0"
"05-09 years","Walton","28","0","1"
"10-17 years","Walton","119","0","1"
"18-29 years","Walton","364","0","9"
"30-39 years","Walton","286","0","11"
"40-49 years","Walton","257","1","22"
"50-59 years","Walton","309","3","33"
"60-69 years","Walton","196","7","34"
"70-79 years","Walton","153","13","38"
"80 & Older years","Walton","137","33","37"
"<1 years","Walton","3","0","0"
"Unknown years","Walton","1","0","0"
"01-04 years","Ware","41","0","1"
"05-09 years","Ware","37","0","0"
"10-17 years","Ware","112","0","2"
"18-29 years","Ware","289","0","3"
"30-39 years","Ware","225","0","11"
"40-49 years","Ware","170","2","15"
"50-59 years","Ware","221","3","37"
"60-69 years","Ware","163","7","28"
"70-79 years","Ware","143","23","53"
"80 & Older years","Ware","107","27","30"
"<1 years","Ware","8","0","0"
"Unknown years","Ware","6","0","1"
"01-04 years","Warren","4","0","0"
"05-09 years","Warren","1","0","0"
"10-17 years","Warren","9","0","0"
"18-29 years","Warren","23","0","1"
"30-39 years","Warren","23","0","2"
"40-49 years","Warren","21","0","4"
"50-59 years","Warren","30","1","5"
"60-69 years","Warren","20","2","5"
"70-79 years","Warren","16","1","6"
"80 & Older years","Warren","7","1","1"
"<1 years","Warren","2","0","1"
"Unknown years","Warren","2","0","0"
"01-04 years","Washington","9","0","0"
"05-09 years","Washington","9","0","1"
"10-17 years","Washington","48","0","1"
"18-29 years","Washington","135","0","4"
"30-39 years","Washington","102","0","7"
"40-49 years","Washington","139","1","8"
"50-59 years","Washington","92","0","9"
"60-69 years","Washington","84","4","11"
"70-79 years","Washington","47","1","7"
"80 & Older years","Washington","15","2","4"
"<1 years","Washington","6","0","0"
"Unknown years","Washington","3","0","0"
"01-04 years","Wayne","12","0","0"
"05-09 years","Wayne","5","0","0"
"10-17 years","Wayne","55","0","0"
"18-29 years","Wayne","186","2","7"
"30-39 years","Wayne","192","0","3"
"40-49 years","Wayne","214","0","18"
"50-59 years","Wayne","174","2","10"
"60-69 years","Wayne","127","7","27"
"70-79 years","Wayne","119","11","34"
"80 & Older years","Wayne","64","9","11"
"<1 years","Wayne","1","0","0"
"Unknown years","Wayne","7","0","0"
"18-29 years","Webster","9","0","1"
"30-39 years","Webster","2","0","0"
"40-49 years","Webster","7","0","2"
"50-59 years","Webster","11","2","4"
"60-69 years","Webster","9","0","3"
"70-79 years","Webster","3","0","0"
"Unknown years","Webster","2","0","0"
"05-09 years","Wheeler","1","0","0"
"10-17 years","Wheeler","11","0","0"
"18-29 years","Wheeler","37","0","0"
"30-39 years","Wheeler","53","1","2"
"40-49 years","Wheeler","67","1","3"
"50-59 years","Wheeler","68","3","5"
"60-69 years","Wheeler","46","2","5"
"70-79 years","Wheeler","25","2","4"
"80 & Older years","Wheeler","8","1","0"
"<1 years","Wheeler","2","0","0"
"Unknown years","Wheeler","29","1","1"
"01-04 years","White","7","0","0"
"05-09 years","White","14","0","0"
"10-17 years","White","55","0","1"
"18-29 years","White","142","1","4"
"30-39 years","White","116","0","3"
"40-49 years","White","126","1","6"
"50-59 years","White","129","0","13"
"60-69 years","White","127","3","23"
"70-79 years","White","95","4","29"
"80 & Older years","White","65","10","21"
"<1 years","White","4","0","0"
"Unknown years","White","12","0","1"
"01-04 years","Whitfield","57","0","2"
"05-09 years","Whitfield","73","0","1"
"10-17 years","Whitfield","366","0","1"
"18-29 years","Whitfield","1343","0","22"
"30-39 years","Whitfield","796","1","27"
"40-49 years","Whitfield","809","1","35"
"50-59 years","Whitfield","649","10","45"
"60-69 years","Whitfield","327","15","51"
"70-79 years","Whitfield","178","12","37"
"80 & Older years","Whitfield","97","22","24"
"<1 years","Whitfield","24","0","3"
"Unknown years","Whitfield","3","0","0"
"01-04 years","Wilcox","8","0","0"
"05-09 years","Wilcox","1","0","0"
"10-17 years","Wilcox","9","0","0"
"18-29 years","Wilcox","15","0","0"
"30-39 years","Wilcox","19","0","1"
"40-49 years","Wilcox","45","0","11"
"50-59 years","Wilcox","38","0","9"
"60-69 years","Wilcox","63","7","19"
"70-79 years","Wilcox","34","9","7"
"80 & Older years","Wilcox","16","7","4"
"<1 years","Wilcox","1","0","0"
"01-04 years","Wilkes","3","0","0"
"05-09 years","Wilkes","6","0","0"
"10-17 years","Wilkes","27","0","0"
"18-29 years","Wilkes","57","0","0"
"30-39 years","Wilkes","43","0","3"
"40-49 years","Wilkes","40","0","6"
"50-59 years","Wilkes","44","1","2"
"60-69 years","Wilkes","20","0","3"
"70-79 years","Wilkes","19","1","9"
"80 & Older years","Wilkes","9","3","6"
"01-04 years","Wilkinson","4","0","0"
"05-09 years","Wilkinson","7","0","0"
"10-17 years","Wilkinson","11","0","0"
"18-29 years","Wilkinson","58","0","1"
"30-39 years","Wilkinson","46","0","4"
"40-49 years","Wilkinson","35","0","1"
"50-59 years","Wilkinson","68","3","14"
"60-69 years","Wilkinson","70","5","20"
"70-79 years","Wilkinson","30","6","13"
"80 & Older years","Wilkinson","17","4","10"
"01-04 years","Worth","5","0","0"
"05-09 years","Worth","4","0","0"
"10-17 years","Worth","27","0","4"
"18-29 years","Worth","90","0","3"
"30-39 years","Worth","56","0","3"
"40-49 years","Worth","75","1","9"
"50-59 years","Worth","95","3","17"
"60-69 years","Worth","91","12","30"
"70-79 years","Worth","57","7","17"
"80 & Older years","Worth","43","7","9"
"<1 years","Worth","3","0","0"
"Unknown years","Worth","1","0","0"
