"sex","county name","cases","deaths","confirmed_case_hospitalization"
"Female","Georgia","684688","11976","45672"
"Male","Georgia","589831","13714","43457"
"Unknown","Georgia","9835","14","195"
"Female","Appling","1533","45","124"
"Male","Appling","1252","52","118"
"Unknown","Appling","18","0","0"
"Female","Atkinson","645","12","88"
"Male","Atkinson","538","20","91"
"Unknown","Atkinson","7","0","0"
"Female","Bacon","870","21","72"
"Male","Bacon","1082","30","84"
"Unknown","Bacon","4","0","1"
"Female","Baker","133","5","21"
"Male","Baker","110","8","23"
"Female","Baldwin","2943","57","169"
"Male","Baldwin","2341","113","224"
"Unknown","Baldwin","17","0","0"
"Female","Banks","1323","31","156"
"Male","Banks","1121","28","127"
"Unknown","Banks","14","1","1"
"Female","Barrow","7090","91","464"
"Male","Barrow","6144","102","408"
"Unknown","Barrow","53","0","1"
"Female","Bartow","8231","143","498"
"Male","Bartow","7344","175","542"
"Unknown","Bartow","119","0","2"
"Female","Ben Hill","1074","30","97"
"Male","Ben Hill","793","41","84"
"Unknown","Ben Hill","3","0","0"
"Female","Berrien","843","27","54"
"Male","Berrien","703","23","41"
"Unknown","Berrien","4","0","0"
"Female","Bibb","11531","305","1300"
"Male","Bibb","8715","282","1077"
"Unknown","Bibb","157","0","3"
"Female","Bleckley","622","22","34"
"Male","Bleckley","475","18","28"
"Unknown","Bleckley","6","0","1"
"Female","Brantley","1017","35","86"
"Male","Brantley","878","40","76"
"Unknown","Brantley","7","0","0"
"Female","Brooks","789","21","72"
"Male","Brooks","605","33","62"
"Unknown","Brooks","5","0","0"
"Female","Bryan","2429","25","147"
"Male","Bryan","2228","40","181"
"Unknown","Bryan","2","0","0"
"Female","Bulloch","4477","57","175"
"Male","Bulloch","3478","42","141"
"Unknown","Bulloch","16","0","0"
"Female","Burke","1280","25","104"
"Male","Burke","1019","23","89"
"Unknown","Burke","15","0","1"
"Female","Butts","1645","54","88"
"Male","Butts","1734","59","110"
"Unknown","Butts","33","0","1"
"Female","Calhoun","315","14","42"
"Male","Calhoun","297","7","48"
"Unknown","Calhoun","1","0","0"
"Female","Camden","3195","40","121"
"Male","Camden","2875","40","103"
"Unknown","Camden","4","0","0"
"Female","Candler","604","17","49"
"Male","Candler","506","32","35"
"Female","Carroll","5334","73","186"
"Male","Carroll","4787","86","205"
"Unknown","Carroll","42","0","1"
"Female","Catoosa","4531","51","156"
"Male","Catoosa","3967","45","152"
"Unknown","Catoosa","83","0","3"
"Female","Charlton","668","17","57"
"Male","Charlton","1071","26","51"
"Unknown","Charlton","4","0","0"
"Female","Chatham","18239","302","1378"
"Male","Chatham","15201","363","1304"
"Unknown","Chatham","12","0","0"
"Female","Chattahoochee","369","2","15"
"Male","Chattahoochee","4965","13","27"
"Unknown","Chattahoochee","17","0","0"
"Female","Chattooga","2005","43","117"
"Male","Chattooga","1708","47","140"
"Unknown","Chattooga","14","0","0"
"Female","Cherokee","16851","187","944"
"Male","Cherokee","15041","262","1080"
"Unknown","Cherokee","90","0","2"
"Female","Clarke","9836","74","408"
"Male","Clarke","7760","104","386"
"Unknown","Clarke","59","0","2"
"Female","Clay","136","1","6"
"Male","Clay","95","3","6"
"Unknown","Clay","2","0","0"
"Female","Clayton","20104","361","1212"
"Male","Clayton","15359","363","1030"
"Unknown","Clayton","173","1","1"
"Female","Clinch","510","15","44"
"Male","Clinch","497","19","42"
"Unknown","Clinch","3","0","0"
"Female","Cobb","46189","595","2107"
"Male","Cobb","40154","718","2145"
"Unknown","Cobb","378","0","6"
"Female","Coffee","3457","101","506"
"Male","Coffee","2874","91","404"
"Unknown","Coffee","31","0","0"
"Female","Colquitt","2876","57","171"
"Male","Colquitt","2664","78","176"
"Unknown","Colquitt","18","0","0"
"Female","Columbia","7840","103","334"
"Male","Columbia","6952","153","343"
"Unknown","Columbia","40","0","0"
"Female","Cook","944","24","69"
"Male","Cook","731","29","59"
"Unknown","Cook","5","0","1"
"Female","Coweta","6794","147","441"
"Male","Coweta","6193","200","428"
"Unknown","Coweta","44","0","0"
"Female","Crawford","450","18","53"
"Male","Crawford","379","21","54"
"Unknown","Crawford","4","0","0"
"Female","Crisp","1054","31","110"
"Male","Crisp","785","34","75"
"Unknown","Crisp","23","0","1"
"Female","Dade","950","10","34"
"Male","Dade","878","8","36"
"Unknown","Dade","19","0","0"
"Female","Dawson","2250","32","166"
"Male","Dawson","1959","43","182"
"Unknown","Dawson","28","0","0"
"Female","DeKalb","44378","592","3466"
"Male","DeKalb","36364","650","3023"
"Unknown","DeKalb","724","0","12"
"Female","Decatur","1981","34","125"
"Male","Decatur","1475","44","99"
"Unknown","Decatur","18","0","0"
"Female","Dodge","816","28","65"
"Male","Dodge","707","35","60"
"Unknown","Dodge","12","0","0"
"Female","Dooly","579","17","52"
"Male","Dooly","497","21","51"
"Unknown","Dooly","9","0","0"
"Female","Dougherty","5319","207","783"
"Male","Dougherty","3779","181","570"
"Unknown","Dougherty","57","1","2"
"Female","Douglas","9733","122","609"
"Male","Douglas","8044","130","520"
"Unknown","Douglas","64","0","2"
"Female","Early","910","30","67"
"Male","Early","627","22","36"
"Unknown","Early","7","0","0"
"Female","Echols","168","1","3"
"Male","Echols","243","4","12"
"Unknown","Echols","2","0","0"
"Female","Effingham","3736","65","251"
"Male","Effingham","3326","88","255"
"Unknown","Effingham","2","0","0"
"Female","Elbert","1197","35","116"
"Male","Elbert","864","35","71"
"Unknown","Elbert","9","0","3"
"Female","Emanuel","1528","42","106"
"Male","Emanuel","1161","30","65"
"Unknown","Emanuel","13","1","0"
"Female","Evans","632","16","68"
"Male","Evans","493","20","40"
"Unknown","Evans","2","0","0"
"Female","Fannin","1733","36","123"
"Male","Fannin","1509","57","144"
"Unknown","Fannin","5","0","0"
"Female","Fayette","5185","97","300"
"Male","Fayette","4715","124","338"
"Unknown","Fayette","40","0","0"
"Female","Floyd","8430","134","585"
"Male","Floyd","7146","178","615"
"Unknown","Floyd","101","0","2"
"Female","Forsyth","13797","110","571"
"Male","Forsyth","13052","166","703"
"Unknown","Forsyth","696","0","0"
"Female","Franklin","1823","26","117"
"Male","Franklin","1479","42","102"
"Unknown","Franklin","16","0","0"
"Female","Fulton","60306","799","3937"
"Male","Fulton","52677","879","3600"
"Unknown","Fulton","531","0","23"
"Female","Gilmer","1933","52","170"
"Male","Gilmer","1601","67","167"
"Unknown","Gilmer","21","0","0"
"Female","Glascock","89","3","11"
"Male","Glascock","89","4","17"
"Unknown","Glascock","9","0","0"
"Female","Glynn","6635","139","340"
"Male","Glynn","5794","164","329"
"Unknown","Glynn","2","0","0"
"Female","Gordon","4637","78","211"
"Male","Gordon","4080","99","221"
"Unknown","Gordon","97","0","1"
"Female","Grady","1372","29","125"
"Male","Grady","1046","38","115"
"Unknown","Grady","18","0","0"
"Female","Greene","1188","29","89"
"Male","Greene","1029","35","111"
"Unknown","Greene","4","0","0"
"Female","Gwinnett","60394","656","3306"
"Male","Gwinnett","53080","768","3106"
"Unknown","Gwinnett","802","0","3"
"Female","Habersham","3544","92","304"
"Male","Habersham","2957","101","333"
"Unknown","Habersham","29","0","1"
"Female","Hall","18319","287","1542"
"Male","Hall","16085","343","1640"
"Unknown","Hall","230","1","0"
"Female","Hancock","503","31","60"
"Male","Hancock","498","44","62"
"Unknown","Hancock","4","0","0"
"Female","Haralson","1254","26","56"
"Male","Haralson","1135","21","40"
"Unknown","Haralson","19","0","0"
"Female","Harris","1680","39","118"
"Male","Harris","1513","47","132"
"Unknown","Harris","38","0","0"
"Female","Hart","1302","25","85"
"Male","Hart","1013","25","81"
"Unknown","Hart","11","0","0"
"Female","Heard","546","17","27"
"Male","Heard","492","9","38"
"Unknown","Heard","4","0","0"
"Female","Henry","16156","218","718"
"Male","Henry","13187","264","602"
"Unknown","Henry","68","0","0"
"Female","Houston","8851","138","552"
"Male","Houston","7308","153","532"
"Unknown","Houston","75","0","2"
"Female","Irwin","441","13","50"
"Male","Irwin","462","8","43"
"Unknown","Irwin","2","0","0"
"Female","Jackson","6937","93","399"
"Male","Jackson","6060","118","434"
"Unknown","Jackson","69","0","2"
"Female","Jasper","554","14","59"
"Male","Jasper","486","19","47"
"Unknown","Jasper","5","0","0"
"Female","Jeff Davis","969","17","54"
"Male","Jeff Davis","843","27","68"
"Unknown","Jeff Davis","4","0","0"
"Female","Jefferson","1054","31","98"
"Male","Jefferson","798","37","87"
"Unknown","Jefferson","12","0","1"
"Female","Jenkins","524","18","43"
"Male","Jenkins","374","24","51"
"Unknown","Jenkins","2","1","1"
"Female","Johnson","498","22","57"
"Male","Johnson","522","30","58"
"Unknown","Johnson","5","0","1"
"Female","Jones","1464","36","132"
"Male","Jones","1157","53","136"
"Unknown","Jones","8","0","0"
"Female","Lamar","1281","34","93"
"Male","Lamar","1032","49","101"
"Unknown","Lamar","3","0","0"
"Female","Lanier","377","5","14"
"Male","Lanier","402","7","21"
"Unknown","Lanier","5","0","0"
"Female","Laurens","3313","87","206"
"Male","Laurens","2524","119","218"
"Unknown","Laurens","28","0","0"
"Female","Lee","1461","37","161"
"Male","Lee","1173","37","146"
"Unknown","Lee","11","0","0"
"Female","Liberty","3416","43","174"
"Male","Liberty","3230","55","156"
"Unknown","Liberty","12","0","0"
"Female","Lincoln","376","15","36"
"Male","Lincoln","310","12","35"
"Unknown","Lincoln","14","0","0"
"Female","Long","758","7","49"
"Male","Long","639","13","32"
"Unknown","Long","2","0","0"
"Female","Lowndes","6135","127","318"
"Male","Lowndes","4932","103","233"
"Unknown","Lowndes","36","0","0"
"Female","Lumpkin","2452","49","230"
"Male","Lumpkin","2079","44","200"
"Unknown","Lumpkin","17","0","0"
"Female","Macon","437","13","44"
"Male","Macon","411","26","60"
"Unknown","Macon","1","0","0"
"Female","Madison","2288","27","145"
"Male","Madison","1965","43","130"
"Unknown","Madison","8","0","0"
"Female","Marion","394","16","29"
"Male","Marion","271","17","35"
"Unknown","Marion","1","0","0"
"Female","McDuffie","1231","33","115"
"Male","McDuffie","971","29","96"
"Unknown","McDuffie","80","0","1"
"Female","McIntosh","736","13","39"
"Male","McIntosh","660","15","50"
"Female","Meriwether","1266","54","132"
"Male","Meriwether","953","46","97"
"Unknown","Meriwether","7","0","0"
"Female","Miller","558","6","29"
"Male","Miller","443","9","24"
"Unknown","Miller","1","0","0"
"Female","Mitchell","1193","38","149"
"Male","Mitchell","981","51","141"
"Unknown","Mitchell","9","0","0"
"Female","Monroe","1489","55","129"
"Male","Monroe","1312","64","129"
"Unknown","Monroe","21","0","1"
"Female","Montgomery","622","18","34"
"Male","Montgomery","523","22","29"
"Unknown","Montgomery","4","0","0"
"Female","Morgan","1031","14","62"
"Male","Morgan","870","25","75"
"Unknown","Morgan","9","0","0"
"Female","Murray","3398","52","169"
"Male","Murray","2965","84","197"
"Unknown","Murray","17","0","0"
"Female","Muscogee","11821","319","957"
"Male","Muscogee","9122","264","833"
"Unknown","Muscogee","194","0","1"
"Female","Newton","6370","158","670"
"Male","Newton","4996","163","571"
"Unknown","Newton","56","0","1"
"Female","Non-GA Resident/Unknown State","14273","329","959"
"Male","Non-GA Resident/Unknown State","15683","438","1205"
"Unknown","Non-GA Resident/Unknown State","2396","3","62"
"Female","Oconee","2373","32","98"
"Male","Oconee","2162","42","96"
"Unknown","Oconee","13","0","0"
"Female","Oglethorpe","960","14","65"
"Male","Oglethorpe","772","28","62"
"Unknown","Oglethorpe","3","0","0"
"Female","Paulding","9166","117","318"
"Male","Paulding","7573","135","276"
"Unknown","Paulding","95","0","6"
"Female","Peach","1512","44","159"
"Male","Peach","1188","51","137"
"Unknown","Peach","7","0","1"
"Female","Pickens","1999","40","173"
"Male","Pickens","1658","52","174"
"Unknown","Pickens","9","0","0"
"Female","Pierce","1172","36","117"
"Male","Pierce","942","51","127"
"Unknown","Pierce","7","0","0"
"Female","Pike","1003","19","71"
"Male","Pike","892","31","59"
"Unknown","Pike","3","0","1"
"Female","Polk","3403","70","276"
"Male","Polk","3045","72","262"
"Unknown","Polk","29","1","2"
"Female","Pulaski","574","24","37"
"Male","Pulaski","321","14","27"
"Unknown","Pulaski","2","0","0"
"Female","Putnam","1422","31","116"
"Male","Putnam","1204","48","124"
"Unknown","Putnam","8","0","0"
"Female","Quitman","79","1","7"
"Male","Quitman","44","2","9"
"Female","Rabun","1146","27","110"
"Male","Rabun","1034","36","98"
"Unknown","Rabun","8","0","1"
"Female","Randolph","358","25","65"
"Male","Randolph","248","14","38"
"Female","Richmond","14633","259","908"
"Male","Richmond","12073","330","888"
"Unknown","Richmond","149","0","10"
"Female","Rockdale","5163","116","804"
"Male","Rockdale","3969","109","640"
"Unknown","Rockdale","48","0","1"
"Female","Schley","187","2","13"
"Male","Schley","156","6","15"
"Female","Screven","769","16","55"
"Male","Screven","588","19","45"
"Unknown","Screven","5","0","1"
"Female","Seminole","654","11","54"
"Male","Seminole","560","12","42"
"Unknown","Seminole","5","0","0"
"Female","Spalding","3762","138","365"
"Male","Spalding","3125","140","292"
"Unknown","Spalding","23","0","0"
"Female","Stephens","2543","57","187"
"Male","Stephens","2028","53","167"
"Unknown","Stephens","16","0","0"
"Female","Stewart","382","10","33"
"Male","Stewart","950","19","107"
"Unknown","Stewart","35","0","0"
"Female","Sumter","1577","56","189"
"Male","Sumter","1238","71","184"
"Unknown","Sumter","7","0","0"
"Female","Talbot","322","10","27"
"Male","Talbot","266","18","34"
"Unknown","Talbot","2","0","0"
"Female","Taliaferro","69","0","2"
"Male","Taliaferro","58","3","11"
"Unknown","Taliaferro","1","0","0"
"Female","Tattnall","1381","38","73"
"Male","Tattnall","1316","34","84"
"Unknown","Tattnall","2","0","0"
"Female","Taylor","422","17","49"
"Male","Taylor","335","16","47"
"Unknown","Taylor","9","0","0"
"Female","Telfair","473","23","37"
"Male","Telfair","477","32","52"
"Unknown","Telfair","19","0","0"
"Female","Terrell","483","31","86"
"Male","Terrell","332","25","70"
"Unknown","Terrell","9","0","0"
"Female","Thomas","3436","90","286"
"Male","Thomas","2599","72","257"
"Unknown","Thomas","20","1","1"
"Female","Tift","2692","64","295"
"Male","Tift","2166","75","226"
"Unknown","Tift","32","0","0"
"Female","Toombs","2461","77","130"
"Male","Toombs","1951","76","139"
"Unknown","Toombs","7","0","0"
"Female","Towns","874","35","95"
"Male","Towns","674","32","85"
"Unknown","Towns","18","0","1"
"Female","Treutlen","474","25","30"
"Male","Treutlen","411","20","33"
"Unknown","Treutlen","6","0","0"
"Female","Troup","4781","142","344"
"Male","Troup","3781","128","299"
"Unknown","Troup","42","0","1"
"Female","Turner","454","16","57"
"Male","Turner","354","24","56"
"Unknown","Turner","5","0","0"
"Female","Twiggs","395","18","59"
"Male","Twiggs","361","31","77"
"Unknown","Twiggs","3","0","0"
"Female","Union","1756","56","152"
"Male","Union","1409","63","182"
"Unknown","Union","11","0","0"
"Female","Unknown","945","3","18"
"Male","Unknown","1231","4","30"
"Unknown","Unknown","546","0","8"
"Female","Upson","1559","71","137"
"Male","Upson","1184","70","112"
"Unknown","Upson","10","0","0"
"Female","Walker","5195","72","186"
"Male","Walker","4527","49","183"
"Unknown","Walker","70","2","3"
"Female","Walton","6208","155","488"
"Male","Walton","4981","162","428"
"Unknown","Walton","72","0","0"
"Female","Ware","2530","112","272"
"Male","Ware","2010","95","275"
"Unknown","Ware","27","1","1"
"Female","Warren","285","8","37"
"Male","Warren","224","12","22"
"Unknown","Warren","8","0","0"
"Female","Washington","1269","41","69"
"Male","Washington","1097","39","65"
"Unknown","Washington","3","0","0"
"Female","Wayne","2280","78","190"
"Male","Wayne","2105","78","199"
"Unknown","Wayne","8","0","1"
"Female","Webster","100","3","13"
"Male","Webster","73","3","10"
"Unknown","Webster","2","0","0"
"Female","Wheeler","237","5","7"
"Male","Wheeler","366","26","36"
"Unknown","Wheeler","10","0","0"
"Female","White","2404","51","193"
"Male","White","2123","64","217"
"Unknown","White","13","0","1"
"Female","Whitfield","10245","141","469"
"Male","Whitfield","9159","182","481"
"Unknown","Whitfield","34","0","4"
"Female","Wilcox","298","12","31"
"Male","Wilcox","342","20","52"
"Unknown","Wilcox","3","0","0"
"Female","Wilkes","476","10","51"
"Male","Wilkes","409","17","59"
"Unknown","Wilkes","4","0","0"
"Female","Wilkinson","601","22","68"
"Male","Wilkinson","500","19","79"
"Unknown","Wilkinson","8","0","1"
"Female","Worth","999","41","133"
"Male","Worth","768","37","103"
"Unknown","Worth","7","0","0"
