"age group","county name","cases","deaths","hospitalization"
"01-04 years","Georgia","6498","1","128"
"05-09 years","Georgia","10328","1","91"
"10-17 years","Georgia","37340","5","387"
"18-29 years","Georgia","128220","69","2664"
"30-39 years","Georgia","88653","155","3497"
"40-49 years","Georgia","85588","365","5077"
"50-59 years","Georgia","79963","890","7221"
"60-69 years","Georgia","53944","1912","8356"
"70-79 years","Georgia","31505","2693","7475"
"80 & Older years","Georgia","19034","3627","5874"
"<1 years","Georgia","1904","0","101"
"Unknown years","Georgia","3882","1","81"
"01-04 years","Appling","19","0","0"
"05-09 years","Appling","41","0","0"
"10-17 years","Appling","112","0","1"
"18-29 years","Appling","258","1","4"
"30-39 years","Appling","193","1","5"
"40-49 years","Appling","199","2","16"
"50-59 years","Appling","216","5","19"
"60-69 years","Appling","178","9","33"
"70-79 years","Appling","122","12","26"
"80 & Older years","Appling","55","12","20"
"<1 years","Appling","3","0","0"
"Unknown years","Appling","6","0","0"
"01-04 years","Atkinson","5","0","1"
"05-09 years","Atkinson","16","0","1"
"10-17 years","Atkinson","40","0","0"
"18-29 years","Atkinson","133","0","8"
"30-39 years","Atkinson","96","0","8"
"40-49 years","Atkinson","106","0","17"
"50-59 years","Atkinson","104","1","18"
"60-69 years","Atkinson","64","4","20"
"70-79 years","Atkinson","37","2","11"
"80 & Older years","Atkinson","10","2","7"
"<1 years","Atkinson","3","0","0"
"Unknown years","Atkinson","7","0","0"
"01-04 years","Bacon","16","0","0"
"05-09 years","Bacon","15","0","0"
"10-17 years","Bacon","55","0","1"
"18-29 years","Bacon","187","0","1"
"30-39 years","Bacon","97","0","4"
"40-49 years","Bacon","131","1","7"
"50-59 years","Bacon","121","2","15"
"60-69 years","Bacon","86","7","16"
"70-79 years","Bacon","54","4","8"
"80 & Older years","Bacon","27","7","7"
"<1 years","Bacon","4","0","0"
"Unknown years","Bacon","1","0","0"
"01-04 years","Baker","4","0","0"
"05-09 years","Baker","4","0","0"
"10-17 years","Baker","8","0","0"
"18-29 years","Baker","20","0","0"
"30-39 years","Baker","19","0","2"
"40-49 years","Baker","10","0","1"
"50-59 years","Baker","16","0","1"
"60-69 years","Baker","23","2","9"
"70-79 years","Baker","16","2","9"
"80 & Older years","Baker","8","2","3"
"01-04 years","Baldwin","21","0","0"
"05-09 years","Baldwin","38","0","0"
"10-17 years","Baldwin","114","0","3"
"18-29 years","Baldwin","1058","0","13"
"30-39 years","Baldwin","323","1","11"
"40-49 years","Baldwin","346","2","27"
"50-59 years","Baldwin","360","8","38"
"60-69 years","Baldwin","284","15","52"
"70-79 years","Baldwin","183","19","39"
"80 & Older years","Baldwin","108","27","32"
"<1 years","Baldwin","7","0","0"
"Unknown years","Baldwin","1","0","0"
"01-04 years","Banks","6","0","0"
"05-09 years","Banks","17","0","1"
"10-17 years","Banks","81","0","2"
"18-29 years","Banks","193","0","4"
"30-39 years","Banks","142","0","1"
"40-49 years","Banks","144","0","12"
"50-59 years","Banks","163","0","17"
"60-69 years","Banks","136","4","27"
"70-79 years","Banks","114","7","43"
"80 & Older years","Banks","65","7","22"
"<1 years","Banks","4","0","1"
"Unknown years","Banks","33","0","1"
"01-04 years","Barrow","44","0","0"
"05-09 years","Barrow","78","0","0"
"10-17 years","Barrow","324","0","4"
"18-29 years","Barrow","947","1","27"
"30-39 years","Barrow","805","0","31"
"40-49 years","Barrow","814","3","46"
"50-59 years","Barrow","681","2","62"
"60-69 years","Barrow","471","14","86"
"70-79 years","Barrow","262","19","65"
"80 & Older years","Barrow","144","26","51"
"<1 years","Barrow","17","0","2"
"Unknown years","Barrow","17","0","0"
"01-04 years","Bartow","50","0","1"
"05-09 years","Bartow","114","0","1"
"10-17 years","Bartow","535","0","3"
"18-29 years","Bartow","1178","0","13"
"30-39 years","Bartow","986","2","29"
"40-49 years","Bartow","992","0","47"
"50-59 years","Bartow","1024","8","89"
"60-69 years","Bartow","623","18","94"
"70-79 years","Bartow","445","35","96"
"80 & Older years","Bartow","231","48","77"
"<1 years","Bartow","19","0","1"
"Unknown years","Bartow","64","0","5"
"01-04 years","Ben Hill","26","0","1"
"05-09 years","Ben Hill","18","0","0"
"10-17 years","Ben Hill","72","0","0"
"18-29 years","Ben Hill","200","0","4"
"30-39 years","Ben Hill","173","2","7"
"40-49 years","Ben Hill","152","0","9"
"50-59 years","Ben Hill","194","2","24"
"60-69 years","Ben Hill","168","9","23"
"70-79 years","Ben Hill","116","15","39"
"80 & Older years","Ben Hill","52","8","13"
"<1 years","Ben Hill","2","0","0"
"Unknown years","Ben Hill","6","0","0"
"01-04 years","Berrien","14","0","0"
"05-09 years","Berrien","14","0","0"
"10-17 years","Berrien","54","0","0"
"18-29 years","Berrien","147","0","0"
"30-39 years","Berrien","124","0","1"
"40-49 years","Berrien","115","0","3"
"50-59 years","Berrien","120","1","12"
"60-69 years","Berrien","86","4","9"
"70-79 years","Berrien","52","6","8"
"80 & Older years","Berrien","34","9","7"
"<1 years","Berrien","2","0","0"
"Unknown years","Berrien","6","0","0"
"01-04 years","Bibb","94","0","2"
"05-09 years","Bibb","130","0","0"
"10-17 years","Bibb","417","0","6"
"18-29 years","Bibb","2084","1","60"
"30-39 years","Bibb","1471","4","75"
"40-49 years","Bibb","1453","10","145"
"50-59 years","Bibb","1329","12","173"
"60-69 years","Bibb","1047","51","275"
"70-79 years","Bibb","613","69","201"
"80 & Older years","Bibb","392","90","176"
"<1 years","Bibb","33","0","4"
"Unknown years","Bibb","19","0","0"
"01-04 years","Bleckley","3","0","0"
"05-09 years","Bleckley","8","0","0"
"10-17 years","Bleckley","49","0","0"
"18-29 years","Bleckley","153","0","3"
"30-39 years","Bleckley","68","0","1"
"40-49 years","Bleckley","85","1","2"
"50-59 years","Bleckley","84","2","3"
"60-69 years","Bleckley","66","7","9"
"70-79 years","Bleckley","52","3","11"
"80 & Older years","Bleckley","59","17","11"
"<1 years","Bleckley","1","0","0"
"Unknown years","Bleckley","1","0","0"
"01-04 years","Brantley","12","0","0"
"05-09 years","Brantley","7","0","0"
"10-17 years","Brantley","59","0","1"
"18-29 years","Brantley","120","0","1"
"30-39 years","Brantley","81","0","3"
"40-49 years","Brantley","94","1","5"
"50-59 years","Brantley","99","2","12"
"60-69 years","Brantley","84","3","9"
"70-79 years","Brantley","54","6","14"
"80 & Older years","Brantley","37","6","8"
"<1 years","Brantley","1","0","0"
"Unknown years","Brantley","3","0","0"
"01-04 years","Brooks","14","0","0"
"05-09 years","Brooks","15","0","0"
"10-17 years","Brooks","74","0","0"
"18-29 years","Brooks","143","0","0"
"30-39 years","Brooks","107","0","2"
"40-49 years","Brooks","94","0","9"
"50-59 years","Brooks","108","2","14"
"60-69 years","Brooks","80","6","12"
"70-79 years","Brooks","69","9","18"
"80 & Older years","Brooks","47","9","8"
"<1 years","Brooks","3","0","0"
"Unknown years","Brooks","4","0","0"
"01-04 years","Bryan","31","0","0"
"05-09 years","Bryan","37","0","0"
"10-17 years","Bryan","138","0","1"
"18-29 years","Bryan","356","0","8"
"30-39 years","Bryan","290","1","7"
"40-49 years","Bryan","293","0","11"
"50-59 years","Bryan","248","3","23"
"60-69 years","Bryan","158","5","22"
"70-79 years","Bryan","107","5","31"
"80 & Older years","Bryan","50","3","16"
"<1 years","Bryan","6","0","0"
"Unknown years","Bryan","3","0","0"
"01-04 years","Bulloch","42","0","0"
"05-09 years","Bulloch","52","0","0"
"10-17 years","Bulloch","198","0","2"
"18-29 years","Bulloch","1815","0","7"
"30-39 years","Bulloch","412","3","19"
"40-49 years","Bulloch","348","2","23"
"50-59 years","Bulloch","333","1","23"
"60-69 years","Bulloch","230","12","34"
"70-79 years","Bulloch","112","10","27"
"80 & Older years","Bulloch","76","8","25"
"<1 years","Bulloch","16","0","2"
"Unknown years","Bulloch","38","0","0"
"01-04 years","Burke","14","0","0"
"05-09 years","Burke","29","0","0"
"10-17 years","Burke","81","0","1"
"18-29 years","Burke","230","0","6"
"30-39 years","Burke","179","0","6"
"40-49 years","Burke","184","1","10"
"50-59 years","Burke","178","1","27"
"60-69 years","Burke","133","5","29"
"70-79 years","Burke","85","3","19"
"80 & Older years","Burke","27","5","10"
"<1 years","Burke","4","0","0"
"Unknown years","Burke","2","0","0"
"01-04 years","Butts","13","0","1"
"05-09 years","Butts","13","0","0"
"10-17 years","Butts","68","0","1"
"18-29 years","Butts","209","0","5"
"30-39 years","Butts","178","0","7"
"40-49 years","Butts","187","2","11"
"50-59 years","Butts","200","3","16"
"60-69 years","Butts","156","8","21"
"70-79 years","Butts","108","12","12"
"80 & Older years","Butts","88","22","5"
"<1 years","Butts","3","0","0"
"01-04 years","Calhoun","2","0","0"
"05-09 years","Calhoun","1","0","0"
"10-17 years","Calhoun","13","0","0"
"18-29 years","Calhoun","42","0","5"
"30-39 years","Calhoun","44","2","5"
"40-49 years","Calhoun","67","1","9"
"50-59 years","Calhoun","57","2","11"
"60-69 years","Calhoun","51","2","16"
"70-79 years","Calhoun","19","2","5"
"80 & Older years","Calhoun","11","2","6"
"<1 years","Calhoun","1","0","0"
"01-04 years","Camden","31","0","0"
"05-09 years","Camden","24","0","0"
"10-17 years","Camden","133","0","0"
"18-29 years","Camden","549","0","4"
"30-39 years","Camden","343","0","12"
"40-49 years","Camden","280","1","10"
"50-59 years","Camden","339","1","15"
"60-69 years","Camden","235","6","19"
"70-79 years","Camden","132","0","14"
"80 & Older years","Camden","65","11","18"
"<1 years","Camden","7","0","1"
"Unknown years","Camden","25","0","0"
"01-04 years","Candler","8","0","0"
"05-09 years","Candler","10","0","0"
"10-17 years","Candler","46","0","0"
"18-29 years","Candler","107","0","0"
"30-39 years","Candler","81","0","2"
"40-49 years","Candler","98","2","1"
"50-59 years","Candler","105","5","9"
"60-69 years","Candler","78","7","13"
"70-79 years","Candler","47","10","16"
"80 & Older years","Candler","20","4","9"
"<1 years","Candler","3","0","0"
"Unknown years","Candler","2","0","0"
"01-04 years","Carroll","63","0","1"
"05-09 years","Carroll","83","0","1"
"10-17 years","Carroll","402","0","6"
"18-29 years","Carroll","1268","0","9"
"30-39 years","Carroll","747","4","17"
"40-49 years","Carroll","745","4","23"
"50-59 years","Carroll","748","10","51"
"60-69 years","Carroll","538","15","57"
"70-79 years","Carroll","303","26","51"
"80 & Older years","Carroll","206","36","37"
"<1 years","Carroll","21","0","0"
"Unknown years","Carroll","17","0","0"
"01-04 years","Catoosa","47","0","0"
"05-09 years","Catoosa","57","0","0"
"10-17 years","Catoosa","261","0","1"
"18-29 years","Catoosa","578","0","7"
"30-39 years","Catoosa","417","0","4"
"40-49 years","Catoosa","484","1","10"
"50-59 years","Catoosa","466","5","19"
"60-69 years","Catoosa","338","5","38"
"70-79 years","Catoosa","205","12","36"
"80 & Older years","Catoosa","159","13","35"
"<1 years","Catoosa","16","0","0"
"Unknown years","Catoosa","65","0","4"
"01-04 years","Charlton","10","0","0"
"05-09 years","Charlton","18","0","0"
"10-17 years","Charlton","45","0","0"
"18-29 years","Charlton","150","0","1"
"30-39 years","Charlton","171","0","4"
"40-49 years","Charlton","156","2","8"
"50-59 years","Charlton","111","0","3"
"60-69 years","Charlton","109","4","12"
"70-79 years","Charlton","35","4","9"
"80 & Older years","Charlton","16","2","8"
"<1 years","Charlton","2","0","0"
"Unknown years","Charlton","3","0","0"
"01-04 years","Chatham","212","0","1"
"05-09 years","Chatham","235","1","0"
"10-17 years","Chatham","757","0","12"
"18-29 years","Chatham","3325","2","40"
"30-39 years","Chatham","2250","4","89"
"40-49 years","Chatham","1718","10","107"
"50-59 years","Chatham","1590","24","171"
"60-69 years","Chatham","1226","43","220"
"70-79 years","Chatham","659","62","199"
"80 & Older years","Chatham","420","81","167"
"<1 years","Chatham","52","0","3"
"Unknown years","Chatham","60","0","2"
"01-04 years","Chattahoochee","6","0","0"
"05-09 years","Chattahoochee","6","0","0"
"10-17 years","Chattahoochee","98","0","2"
"18-29 years","Chattahoochee","1763","0","1"
"30-39 years","Chattahoochee","176","0","2"
"40-49 years","Chattahoochee","44","0","0"
"50-59 years","Chattahoochee","19","0","5"
"60-69 years","Chattahoochee","12","0","3"
"70-79 years","Chattahoochee","6","0","2"
"80 & Older years","Chattahoochee","4","1","3"
"<1 years","Chattahoochee","8","0","0"
"Unknown years","Chattahoochee","1","0","0"
"01-04 years","Chattooga","8","0","0"
"05-09 years","Chattooga","18","0","0"
"10-17 years","Chattooga","121","0","0"
"18-29 years","Chattooga","243","0","3"
"30-39 years","Chattooga","207","0","5"
"40-49 years","Chattooga","239","1","8"
"50-59 years","Chattooga","222","4","12"
"60-69 years","Chattooga","188","12","26"
"70-79 years","Chattooga","125","10","25"
"80 & Older years","Chattooga","88","16","19"
"<1 years","Chattooga","6","0","1"
"Unknown years","Chattooga","16","0","1"
"01-04 years","Cherokee","129","0","6"
"05-09 years","Cherokee","273","0","3"
"10-17 years","Cherokee","1262","0","6"
"18-29 years","Cherokee","2608","1","56"
"30-39 years","Cherokee","1753","1","77"
"40-49 years","Cherokee","1916","2","91"
"50-59 years","Cherokee","1952","9","135"
"60-69 years","Cherokee","1095","19","136"
"70-79 years","Cherokee","700","30","142"
"80 & Older years","Cherokee","459","63","134"
"<1 years","Cherokee","30","0","1"
"Unknown years","Cherokee","49","0","0"
"01-04 years","Clarke","91","0","0"
"05-09 years","Clarke","120","0","1"
"10-17 years","Clarke","338","0","4"
"18-29 years","Clarke","4364","0","22"
"30-39 years","Clarke","975","1","27"
"40-49 years","Clarke","743","2","32"
"50-59 years","Clarke","683","5","43"
"60-69 years","Clarke","465","12","66"
"70-79 years","Clarke","259","22","77"
"80 & Older years","Clarke","149","21","40"
"<1 years","Clarke","20","0","1"
"Unknown years","Clarke","28","0","0"
"01-04 years","Clay","3","0","0"
"05-09 years","Clay","2","0","0"
"10-17 years","Clay","11","0","0"
"18-29 years","Clay","23","0","0"
"30-39 years","Clay","23","0","1"
"40-49 years","Clay","21","0","0"
"50-59 years","Clay","16","0","1"
"60-69 years","Clay","20","1","2"
"70-79 years","Clay","10","0","0"
"80 & Older years","Clay","14","2","5"
"01-04 years","Clayton","199","0","7"
"05-09 years","Clayton","287","0","5"
"10-17 years","Clayton","796","0","15"
"18-29 years","Clayton","2827","3","71"
"30-39 years","Clayton","2392","6","105"
"40-49 years","Clayton","2158","21","136"
"50-59 years","Clayton","1942","27","182"
"60-69 years","Clayton","1258","56","173"
"70-79 years","Clayton","549","48","113"
"80 & Older years","Clayton","283","57","66"
"<1 years","Clayton","42","0","1"
"Unknown years","Clayton","34","0","1"
"01-04 years","Clinch","10","0","0"
"05-09 years","Clinch","11","0","0"
"10-17 years","Clinch","59","0","0"
"18-29 years","Clinch","102","0","2"
"30-39 years","Clinch","80","1","4"
"40-49 years","Clinch","72","0","3"
"50-59 years","Clinch","71","0","10"
"60-69 years","Clinch","77","6","13"
"70-79 years","Clinch","40","6","11"
"80 & Older years","Clinch","13","1","2"
"<1 years","Clinch","1","0","0"
"Unknown years","Clinch","1","0","0"
"01-04 years","Cobb","389","1","13"
"05-09 years","Cobb","649","0","4"
"10-17 years","Cobb","2153","0","20"
"18-29 years","Cobb","9479","4","198"
"30-39 years","Cobb","6067","12","208"
"40-49 years","Cobb","5653","22","331"
"50-59 years","Cobb","4999","33","435"
"60-69 years","Cobb","3000","81","421"
"70-79 years","Cobb","1680","165","372"
"80 & Older years","Cobb","1080","227","325"
"<1 years","Cobb","114","0","8"
"Unknown years","Cobb","116","0","3"
"01-04 years","Coffee","63","0","2"
"05-09 years","Coffee","74","0","4"
"10-17 years","Coffee","220","0","2"
"18-29 years","Coffee","633","0","18"
"30-39 years","Coffee","489","2","31"
"40-49 years","Coffee","525","2","67"
"50-59 years","Coffee","533","5","93"
"60-69 years","Coffee","431","19","106"
"70-79 years","Coffee","219","24","84"
"80 & Older years","Coffee","116","26","67"
"<1 years","Coffee","11","0","0"
"Unknown years","Coffee","38","0","0"
"01-04 years","Colquitt","31","0","0"
"05-09 years","Colquitt","64","0","1"
"10-17 years","Colquitt","228","0","4"
"18-29 years","Colquitt","549","0","16"
"30-39 years","Colquitt","384","0","16"
"40-49 years","Colquitt","396","4","32"
"50-59 years","Colquitt","343","10","30"
"60-69 years","Colquitt","255","11","32"
"70-79 years","Colquitt","137","6","32"
"80 & Older years","Colquitt","94","13","20"
"<1 years","Colquitt","12","0","0"
"Unknown years","Colquitt","3","0","0"
"01-04 years","Columbia","61","0","1"
"05-09 years","Columbia","146","0","0"
"10-17 years","Columbia","607","0","1"
"18-29 years","Columbia","1514","0","12"
"30-39 years","Columbia","1262","2","17"
"40-49 years","Columbia","1181","6","31"
"50-59 years","Columbia","1019","11","50"
"60-69 years","Columbia","639","12","59"
"70-79 years","Columbia","344","22","53"
"80 & Older years","Columbia","198","31","51"
"<1 years","Columbia","19","0","1"
"Unknown years","Columbia","7","0","0"
"01-04 years","Cook","12","0","1"
"05-09 years","Cook","17","0","0"
"10-17 years","Cook","82","0","1"
"18-29 years","Cook","189","0","5"
"30-39 years","Cook","150","0","4"
"40-49 years","Cook","154","0","12"
"50-59 years","Cook","126","2","15"
"60-69 years","Cook","105","5","15"
"70-79 years","Cook","82","10","24"
"80 & Older years","Cook","41","6","10"
"<1 years","Cook","5","0","0"
"Unknown years","Cook","8","0","0"
"01-04 years","Coweta","65","0","0"
"05-09 years","Coweta","101","0","0"
"10-17 years","Coweta","367","0","2"
"18-29 years","Coweta","1000","1","13"
"30-39 years","Coweta","741","0","20"
"40-49 years","Coweta","778","3","26"
"50-59 years","Coweta","860","7","39"
"60-69 years","Coweta","541","18","38"
"70-79 years","Coweta","322","18","40"
"80 & Older years","Coweta","175","30","28"
"<1 years","Coweta","17","0","0"
"Unknown years","Coweta","7","0","0"
"01-04 years","Crawford","1","0","0"
"05-09 years","Crawford","1","0","0"
"10-17 years","Crawford","18","0","0"
"18-29 years","Crawford","56","0","1"
"30-39 years","Crawford","49","0","4"
"40-49 years","Crawford","35","1","3"
"50-59 years","Crawford","75","1","10"
"60-69 years","Crawford","72","3","12"
"70-79 years","Crawford","25","2","7"
"80 & Older years","Crawford","15","0","3"
"01-04 years","Crisp","13","0","0"
"05-09 years","Crisp","17","0","0"
"10-17 years","Crisp","68","0","1"
"18-29 years","Crisp","149","0","7"
"30-39 years","Crisp","149","0","9"
"40-49 years","Crisp","131","1","12"
"50-59 years","Crisp","134","3","17"
"60-69 years","Crisp","139","8","26"
"70-79 years","Crisp","70","8","27"
"80 & Older years","Crisp","46","7","15"
"<1 years","Crisp","6","0","0"
"Unknown years","Crisp","11","0","0"
"01-04 years","Dade","4","0","0"
"05-09 years","Dade","15","0","0"
"10-17 years","Dade","57","0","0"
"18-29 years","Dade","130","0","1"
"30-39 years","Dade","81","0","1"
"40-49 years","Dade","109","0","5"
"50-59 years","Dade","105","1","6"
"60-69 years","Dade","72","0","2"
"70-79 years","Dade","59","5","14"
"80 & Older years","Dade","34","1","8"
"<1 years","Dade","6","0","0"
"Unknown years","Dade","13","0","1"
"01-04 years","Dawson","15","0","0"
"05-09 years","Dawson","27","0","0"
"10-17 years","Dawson","130","0","3"
"18-29 years","Dawson","316","0","9"
"30-39 years","Dawson","212","0","5"
"40-49 years","Dawson","208","0","16"
"50-59 years","Dawson","255","0","20"
"60-69 years","Dawson","215","2","44"
"70-79 years","Dawson","131","8","29"
"80 & Older years","Dawson","52","4","16"
"<1 years","Dawson","6","0","0"
"Unknown years","Dawson","25","0","2"
"01-04 years","DeKalb","437","0","13"
"05-09 years","DeKalb","616","0","7"
"10-17 years","DeKalb","1840","0","36"
"18-29 years","DeKalb","8139","7","269"
"30-39 years","DeKalb","6954","14","384"
"40-49 years","DeKalb","5506","25","419"
"50-59 years","DeKalb","4869","60","570"
"60-69 years","DeKalb","3054","95","582"
"70-79 years","DeKalb","1567","132","433"
"80 & Older years","DeKalb","916","155","293"
"<1 years","DeKalb","110","0","5"
"Unknown years","DeKalb","116","0","6"
"01-04 years","Decatur","36","0","1"
"05-09 years","Decatur","47","0","0"
"10-17 years","Decatur","139","0","0"
"18-29 years","Decatur","323","1","8"
"30-39 years","Decatur","245","1","7"
"40-49 years","Decatur","246","0","16"
"50-59 years","Decatur","199","5","24"
"60-69 years","Decatur","164","10","26"
"70-79 years","Decatur","96","15","18"
"80 & Older years","Decatur","85","11","17"
"<1 years","Decatur","6","0","0"
"01-04 years","Dodge","6","0","0"
"05-09 years","Dodge","15","0","0"
"10-17 years","Dodge","57","1","1"
"18-29 years","Dodge","132","0","1"
"30-39 years","Dodge","86","0","2"
"40-49 years","Dodge","126","1","10"
"50-59 years","Dodge","147","3","12"
"60-69 years","Dodge","122","10","23"
"70-79 years","Dodge","68","13","17"
"80 & Older years","Dodge","52","16","17"
"<1 years","Dodge","2","0","0"
"01-04 years","Dooly","9","0","0"
"05-09 years","Dooly","5","0","0"
"10-17 years","Dooly","28","0","0"
"18-29 years","Dooly","74","0","5"
"30-39 years","Dooly","78","0","7"
"40-49 years","Dooly","84","0","8"
"50-59 years","Dooly","95","4","13"
"60-69 years","Dooly","84","9","17"
"70-79 years","Dooly","42","4","10"
"80 & Older years","Dooly","17","4","3"
"<1 years","Dooly","2","0","0"
"Unknown years","Dooly","2","0","0"
"01-04 years","Dougherty","28","0","3"
"05-09 years","Dougherty","51","0","0"
"10-17 years","Dougherty","150","0","3"
"18-29 years","Dougherty","683","2","62"
"30-39 years","Dougherty","562","3","59"
"40-49 years","Dougherty","614","12","91"
"50-59 years","Dougherty","676","19","127"
"60-69 years","Dougherty","590","50","181"
"70-79 years","Dougherty","349","50","136"
"80 & Older years","Dougherty","206","67","88"
"<1 years","Dougherty","17","0","1"
"Unknown years","Dougherty","8","0","0"
"01-04 years","Douglas","76","0","2"
"05-09 years","Douglas","139","0","4"
"10-17 years","Douglas","424","0","3"
"18-29 years","Douglas","1359","0","40"
"30-39 years","Douglas","1093","3","48"
"40-49 years","Douglas","1219","4","83"
"50-59 years","Douglas","1080","12","116"
"60-69 years","Douglas","627","17","118"
"70-79 years","Douglas","364","35","99"
"80 & Older years","Douglas","165","26","64"
"<1 years","Douglas","13","0","2"
"Unknown years","Douglas","39","0","0"
"01-04 years","Early","14","0","0"
"05-09 years","Early","14","0","0"
"10-17 years","Early","51","0","0"
"18-29 years","Early","108","0","4"
"30-39 years","Early","97","0","4"
"40-49 years","Early","125","1","9"
"50-59 years","Early","107","3","9"
"60-69 years","Early","85","11","12"
"70-79 years","Early","59","12","13"
"80 & Older years","Early","35","12","8"
"<1 years","Early","2","0","0"
"01-04 years","Echols","5","0","0"
"05-09 years","Echols","4","0","0"
"10-17 years","Echols","21","0","1"
"18-29 years","Echols","119","0","1"
"30-39 years","Echols","50","0","2"
"40-49 years","Echols","34","0","1"
"50-59 years","Echols","40","0","2"
"60-69 years","Echols","20","0","0"
"70-79 years","Echols","16","2","3"
"<1 years","Echols","1","0","0"
"Unknown years","Echols","1","0","0"
"01-04 years","Effingham","29","0","1"
"05-09 years","Effingham","56","0","0"
"10-17 years","Effingham","208","0","0"
"18-29 years","Effingham","470","0","4"
"30-39 years","Effingham","376","1","11"
"40-49 years","Effingham","397","0","22"
"50-59 years","Effingham","390","7","29"
"60-69 years","Effingham","241","3","35"
"70-79 years","Effingham","141","12","35"
"80 & Older years","Effingham","60","11","19"
"<1 years","Effingham","6","0","0"
"Unknown years","Effingham","5","0","1"
"01-04 years","Elbert","12","0","0"
"05-09 years","Elbert","21","0","0"
"10-17 years","Elbert","69","0","0"
"18-29 years","Elbert","194","0","1"
"30-39 years","Elbert","134","0","6"
"40-49 years","Elbert","158","0","8"
"50-59 years","Elbert","171","0","10"
"60-69 years","Elbert","131","1","16"
"70-79 years","Elbert","115","8","23"
"80 & Older years","Elbert","104","15","24"
"<1 years","Elbert","6","0","2"
"Unknown years","Elbert","6","0","0"
"01-04 years","Emanuel","19","0","1"
"05-09 years","Emanuel","18","0","0"
"10-17 years","Emanuel","138","0","2"
"18-29 years","Emanuel","247","1","0"
"30-39 years","Emanuel","194","0","7"
"40-49 years","Emanuel","228","1","7"
"50-59 years","Emanuel","203","5","21"
"60-69 years","Emanuel","179","7","23"
"70-79 years","Emanuel","107","15","23"
"80 & Older years","Emanuel","49","16","16"
"<1 years","Emanuel","4","0","0"
"Unknown years","Emanuel","7","0","1"
"01-04 years","Evans","8","0","0"
"05-09 years","Evans","13","0","0"
"10-17 years","Evans","67","0","0"
"18-29 years","Evans","111","1","3"
"30-39 years","Evans","102","0","3"
"40-49 years","Evans","89","0","9"
"50-59 years","Evans","88","1","13"
"60-69 years","Evans","49","2","12"
"70-79 years","Evans","37","3","9"
"80 & Older years","Evans","16","1","8"
"<1 years","Evans","2","0","0"
"Unknown years","Evans","1","0","0"
"01-04 years","Fannin","7","0","0"
"05-09 years","Fannin","18","0","0"
"10-17 years","Fannin","72","0","0"
"18-29 years","Fannin","179","0","2"
"30-39 years","Fannin","125","0","5"
"40-49 years","Fannin","156","0","7"
"50-59 years","Fannin","210","3","14"
"60-69 years","Fannin","206","4","20"
"70-79 years","Fannin","166","4","26"
"80 & Older years","Fannin","93","24","30"
"<1 years","Fannin","4","0","0"
"Unknown years","Fannin","10","0","0"
"01-04 years","Fayette","32","0","0"
"05-09 years","Fayette","51","0","1"
"10-17 years","Fayette","265","0","2"
"18-29 years","Fayette","724","0","5"
"30-39 years","Fayette","423","1","6"
"40-49 years","Fayette","596","1","18"
"50-59 years","Fayette","621","3","29"
"60-69 years","Fayette","472","11","34"
"70-79 years","Fayette","247","24","47"
"80 & Older years","Fayette","163","28","29"
"<1 years","Fayette","5","0","0"
"Unknown years","Fayette","13","0","0"
"01-04 years","Floyd","84","0","3"
"05-09 years","Floyd","134","0","0"
"10-17 years","Floyd","618","0","7"
"18-29 years","Floyd","1358","0","18"
"30-39 years","Floyd","992","3","34"
"40-49 years","Floyd","972","3","51"
"50-59 years","Floyd","898","16","90"
"60-69 years","Floyd","646","25","110"
"70-79 years","Floyd","456","27","114"
"80 & Older years","Floyd","249","32","79"
"<1 years","Floyd","29","0","1"
"Unknown years","Floyd","63","0","1"
"01-04 years","Forsyth","92","0","1"
"05-09 years","Forsyth","223","0","0"
"10-17 years","Forsyth","885","0","2"
"18-29 years","Forsyth","1822","0","33"
"30-39 years","Forsyth","1230","0","46"
"40-49 years","Forsyth","1531","4","77"
"50-59 years","Forsyth","1447","9","109"
"60-69 years","Forsyth","734","7","97"
"70-79 years","Forsyth","442","24","121"
"80 & Older years","Forsyth","264","35","92"
"<1 years","Forsyth","29","0","3"
"Unknown years","Forsyth","186","0","2"
"01-04 years","Franklin","9","0","0"
"05-09 years","Franklin","36","0","0"
"10-17 years","Franklin","134","0","4"
"18-29 years","Franklin","310","0","6"
"30-39 years","Franklin","214","0","3"
"40-49 years","Franklin","238","0","10"
"50-59 years","Franklin","240","0","16"
"60-69 years","Franklin","210","2","27"
"70-79 years","Franklin","110","9","19"
"80 & Older years","Franklin","53","10","16"
"<1 years","Franklin","5","0","1"
"Unknown years","Franklin","32","0","2"
"01-04 years","Fulton","505","0","15"
"05-09 years","Fulton","809","0","9"
"10-17 years","Fulton","2781","1","31"
"18-29 years","Fulton","13899","4","261"
"30-39 years","Fulton","9631","14","369"
"40-49 years","Fulton","7471","28","441"
"50-59 years","Fulton","6465","63","601"
"60-69 years","Fulton","3824","130","567"
"70-79 years","Fulton","2066","181","477"
"80 & Older years","Fulton","1527","310","469"
"<1 years","Fulton","136","0","6"
"Unknown years","Fulton","187","0","7"
"01-04 years","Gilmer","23","0","1"
"05-09 years","Gilmer","20","0","0"
"10-17 years","Gilmer","127","0","2"
"18-29 years","Gilmer","234","0","8"
"30-39 years","Gilmer","203","0","12"
"40-49 years","Gilmer","226","0","14"
"50-59 years","Gilmer","231","4","15"
"60-69 years","Gilmer","223","1","28"
"70-79 years","Gilmer","153","8","29"
"80 & Older years","Gilmer","89","18","28"
"<1 years","Gilmer","8","0","0"
"Unknown years","Gilmer","29","0","0"
"01-04 years","Glascock","1","0","0"
"05-09 years","Glascock","2","0","0"
"18-29 years","Glascock","14","0","1"
"30-39 years","Glascock","11","0","0"
"40-49 years","Glascock","14","0","1"
"50-59 years","Glascock","19","1","2"
"60-69 years","Glascock","10","0","1"
"70-79 years","Glascock","5","1","2"
"80 & Older years","Glascock","7","1","3"
"<1 years","Glascock","1","0","0"
"Unknown years","Glascock","1","0","0"
"01-04 years","Glynn","63","0","1"
"05-09 years","Glynn","127","0","1"
"10-17 years","Glynn","326","0","0"
"18-29 years","Glynn","1028","0","20"
"30-39 years","Glynn","763","2","23"
"40-49 years","Glynn","664","3","31"
"50-59 years","Glynn","621","8","61"
"60-69 years","Glynn","518","25","98"
"70-79 years","Glynn","326","36","68"
"80 & Older years","Glynn","202","49","76"
"<1 years","Glynn","17","0","0"
"Unknown years","Glynn","54","0","0"
"01-04 years","Gordon","52","0","0"
"05-09 years","Gordon","77","0","0"
"10-17 years","Gordon","323","0","2"
"18-29 years","Gordon","803","0","8"
"30-39 years","Gordon","617","1","17"
"40-49 years","Gordon","652","1","23"
"50-59 years","Gordon","626","6","30"
"60-69 years","Gordon","376","10","29"
"70-79 years","Gordon","229","17","50"
"80 & Older years","Gordon","133","22","37"
"<1 years","Gordon","16","0","3"
"Unknown years","Gordon","52","0","3"
"01-04 years","Grady","21","0","1"
"05-09 years","Grady","32","0","0"
"10-17 years","Grady","87","0","2"
"18-29 years","Grady","175","0","8"
"30-39 years","Grady","160","0","6"
"40-49 years","Grady","167","0","19"
"50-59 years","Grady","143","4","21"
"60-69 years","Grady","108","3","19"
"70-79 years","Grady","103","8","28"
"80 & Older years","Grady","40","12","16"
"<1 years","Grady","3","0","1"
"Unknown years","Grady","3","0","0"
"01-04 years","Greene","12","0","0"
"05-09 years","Greene","24","0","0"
"10-17 years","Greene","51","0","0"
"18-29 years","Greene","176","0","5"
"30-39 years","Greene","123","0","5"
"40-49 years","Greene","122","3","9"
"50-59 years","Greene","127","3","12"
"60-69 years","Greene","129","2","9"
"70-79 years","Greene","83","5","15"
"80 & Older years","Greene","50","13","19"
"<1 years","Greene","2","0","1"
"Unknown years","Greene","1","0","0"
"01-04 years","Gwinnett","721","0","15"
"05-09 years","Gwinnett","1102","0","12"
"10-17 years","Gwinnett","3673","1","55"
"18-29 years","Gwinnett","11818","2","422"
"30-39 years","Gwinnett","8483","13","451"
"40-49 years","Gwinnett","9083","36","594"
"50-59 years","Gwinnett","7373","63","637"
"60-69 years","Gwinnett","3978","107","628"
"70-79 years","Gwinnett","1797","125","446"
"80 & Older years","Gwinnett","1058","207","422"
"<1 years","Gwinnett","182","0","4"
"Unknown years","Gwinnett","121","0","0"
"01-04 years","Habersham","19","0","1"
"05-09 years","Habersham","40","0","3"
"10-17 years","Habersham","224","1","6"
"18-29 years","Habersham","625","0","9"
"30-39 years","Habersham","450","2","22"
"40-49 years","Habersham","485","1","30"
"50-59 years","Habersham","510","4","42"
"60-69 years","Habersham","371","10","82"
"70-79 years","Habersham","266","19","77"
"80 & Older years","Habersham","211","49","63"
"<1 years","Habersham","8","0","3"
"Unknown years","Habersham","170","0","2"
"01-04 years","Hall","120","0","4"
"05-09 years","Hall","260","0","2"
"10-17 years","Hall","1195","0","18"
"18-29 years","Hall","3712","3","122"
"30-39 years","Hall","2448","1","133"
"40-49 years","Hall","2596","7","198"
"50-59 years","Hall","2642","18","280"
"60-69 years","Hall","1702","40","279"
"70-79 years","Hall","1059","50","280"
"80 & Older years","Hall","621","94","238"
"<1 years","Hall","24","0","5"
"Unknown years","Hall","471","0","9"
"01-04 years","Hancock","3","0","0"
"05-09 years","Hancock","5","0","0"
"10-17 years","Hancock","17","0","0"
"18-29 years","Hancock","78","0","2"
"30-39 years","Hancock","77","0","2"
"40-49 years","Hancock","82","1","4"
"50-59 years","Hancock","95","3","12"
"60-69 years","Hancock","114","13","21"
"70-79 years","Hancock","60","12","17"
"80 & Older years","Hancock","46","17","17"
"<1 years","Hancock","1","0","0"
"Unknown years","Hancock","1","0","0"
"01-04 years","Haralson","14","0","0"
"05-09 years","Haralson","26","0","0"
"10-17 years","Haralson","105","0","1"
"18-29 years","Haralson","247","0","2"
"30-39 years","Haralson","169","0","3"
"40-49 years","Haralson","164","1","5"
"50-59 years","Haralson","179","1","2"
"60-69 years","Haralson","139","8","17"
"70-79 years","Haralson","95","9","15"
"80 & Older years","Haralson","46","4","6"
"<1 years","Haralson","5","0","0"
"Unknown years","Haralson","2","0","0"
"01-04 years","Harris","15","0","0"
"05-09 years","Harris","16","0","0"
"10-17 years","Harris","111","0","2"
"18-29 years","Harris","183","0","2"
"30-39 years","Harris","130","0","5"
"40-49 years","Harris","206","2","8"
"50-59 years","Harris","224","4","18"
"60-69 years","Harris","189","10","38"
"70-79 years","Harris","98","8","24"
"80 & Older years","Harris","34","5","6"
"<1 years","Harris","3","0","0"
"Unknown years","Harris","6","0","0"
"01-04 years","Hart","9","0","0"
"05-09 years","Hart","16","0","1"
"10-17 years","Hart","65","0","0"
"18-29 years","Hart","189","0","1"
"30-39 years","Hart","146","0","5"
"40-49 years","Hart","148","0","8"
"50-59 years","Hart","185","1","14"
"60-69 years","Hart","158","8","25"
"70-79 years","Hart","87","4","17"
"80 & Older years","Hart","61","7","22"
"<1 years","Hart","3","0","1"
"Unknown years","Hart","23","0","0"
"01-04 years","Heard","7","0","0"
"05-09 years","Heard","10","0","0"
"10-17 years","Heard","45","0","1"
"18-29 years","Heard","73","0","0"
"30-39 years","Heard","39","0","1"
"40-49 years","Heard","70","0","2"
"50-59 years","Heard","64","0","4"
"60-69 years","Heard","52","3","6"
"70-79 years","Heard","36","4","10"
"80 & Older years","Heard","14","3","1"
"<1 years","Heard","1","0","0"
"Unknown years","Heard","1","0","0"
"01-04 years","Henry","105","0","4"
"05-09 years","Henry","193","0","1"
"10-17 years","Henry","728","0","5"
"18-29 years","Henry","2185","1","22"
"30-39 years","Henry","1782","3","34"
"40-49 years","Henry","1989","7","64"
"50-59 years","Henry","1855","13","89"
"60-69 years","Henry","974","27","60"
"70-79 years","Henry","489","43","55"
"80 & Older years","Henry","276","51","41"
"<1 years","Henry","24","0","2"
"Unknown years","Henry","22","0","0"
"01-04 years","Houston","56","0","1"
"05-09 years","Houston","90","0","1"
"10-17 years","Houston","365","0","3"
"18-29 years","Houston","1285","3","26"
"30-39 years","Houston","1047","1","46"
"40-49 years","Houston","1037","2","69"
"50-59 years","Houston","889","9","79"
"60-69 years","Houston","573","29","100"
"70-79 years","Houston","310","39","98"
"80 & Older years","Houston","164","29","56"
"<1 years","Houston","16","0","2"
"Unknown years","Houston","9","0","0"
"01-04 years","Irwin","5","0","0"
"05-09 years","Irwin","9","0","0"
"10-17 years","Irwin","44","0","0"
"18-29 years","Irwin","89","0","4"
"30-39 years","Irwin","78","0","4"
"40-49 years","Irwin","91","0","7"
"50-59 years","Irwin","87","1","7"
"60-69 years","Irwin","69","1","18"
"70-79 years","Irwin","38","3","5"
"80 & Older years","Irwin","30","6","14"
"01-04 years","Jackson","36","0","0"
"05-09 years","Jackson","92","0","1"
"10-17 years","Jackson","464","0","1"
"18-29 years","Jackson","909","1","12"
"30-39 years","Jackson","742","1","15"
"40-49 years","Jackson","789","1","41"
"50-59 years","Jackson","772","4","44"
"60-69 years","Jackson","465","8","43"
"70-79 years","Jackson","336","16","71"
"80 & Older years","Jackson","196","30","69"
"<1 years","Jackson","10","0","2"
"Unknown years","Jackson","31","0","1"
"01-04 years","Jasper","2","0","1"
"05-09 years","Jasper","5","0","0"
"10-17 years","Jasper","17","0","0"
"18-29 years","Jasper","75","0","1"
"30-39 years","Jasper","58","0","0"
"40-49 years","Jasper","55","0","1"
"50-59 years","Jasper","83","0","8"
"60-69 years","Jasper","53","3","9"
"70-79 years","Jasper","29","2","7"
"80 & Older years","Jasper","7","0","0"
"<1 years","Jasper","2","0","0"
"Unknown years","Jasper","2","0","0"
"01-04 years","Jeff Davis","23","0","1"
"05-09 years","Jeff Davis","22","0","0"
"10-17 years","Jeff Davis","80","0","2"
"18-29 years","Jeff Davis","186","0","3"
"30-39 years","Jeff Davis","159","0","8"
"40-49 years","Jeff Davis","154","0","11"
"50-59 years","Jeff Davis","139","5","14"
"60-69 years","Jeff Davis","93","6","20"
"70-79 years","Jeff Davis","63","12","16"
"80 & Older years","Jeff Davis","15","8","6"
"<1 years","Jeff Davis","2","0","1"
"Unknown years","Jeff Davis","3","0","0"
"01-04 years","Jefferson","16","0","0"
"05-09 years","Jefferson","28","0","0"
"10-17 years","Jefferson","71","0","0"
"18-29 years","Jefferson","183","0","3"
"30-39 years","Jefferson","140","0","7"
"40-49 years","Jefferson","152","3","11"
"50-59 years","Jefferson","188","2","19"
"60-69 years","Jefferson","170","7","25"
"70-79 years","Jefferson","110","13","29"
"80 & Older years","Jefferson","51","14","22"
"<1 years","Jefferson","4","0","0"
"Unknown years","Jefferson","8","0","0"
"01-04 years","Jenkins","6","0","0"
"05-09 years","Jenkins","14","0","0"
"10-17 years","Jenkins","40","0","0"
"18-29 years","Jenkins","84","0","2"
"30-39 years","Jenkins","54","1","4"
"40-49 years","Jenkins","79","2","9"
"50-59 years","Jenkins","82","6","16"
"60-69 years","Jenkins","67","5","11"
"70-79 years","Jenkins","41","12","20"
"80 & Older years","Jenkins","44","8","10"
"<1 years","Jenkins","2","0","0"
"01-04 years","Johnson","5","0","0"
"05-09 years","Johnson","6","0","0"
"10-17 years","Johnson","21","0","0"
"18-29 years","Johnson","83","0","2"
"30-39 years","Johnson","57","0","3"
"40-49 years","Johnson","63","1","6"
"50-59 years","Johnson","89","1","13"
"60-69 years","Johnson","90","7","15"
"70-79 years","Johnson","66","6","17"
"80 & Older years","Johnson","59","15","16"
"01-04 years","Jones","4","0","0"
"05-09 years","Jones","14","0","0"
"10-17 years","Jones","44","0","0"
"18-29 years","Jones","233","0","5"
"30-39 years","Jones","152","0","4"
"40-49 years","Jones","142","1","7"
"50-59 years","Jones","166","1","13"
"60-69 years","Jones","109","1","14"
"70-79 years","Jones","69","7","19"
"80 & Older years","Jones","51","13","8"
"<1 years","Jones","2","0","0"
"01-04 years","Lamar","17","0","0"
"05-09 years","Lamar","28","0","0"
"10-17 years","Lamar","64","0","1"
"18-29 years","Lamar","116","0","1"
"30-39 years","Lamar","102","0","2"
"40-49 years","Lamar","97","1","3"
"50-59 years","Lamar","116","2","16"
"60-69 years","Lamar","99","3","14"
"70-79 years","Lamar","76","6","13"
"80 & Older years","Lamar","41","14","13"
"<1 years","Lamar","8","0","0"
"01-04 years","Lanier","5","0","0"
"05-09 years","Lanier","9","0","1"
"10-17 years","Lanier","26","0","1"
"18-29 years","Lanier","83","1","0"
"30-39 years","Lanier","92","0","1"
"40-49 years","Lanier","55","1","1"
"50-59 years","Lanier","54","0","4"
"60-69 years","Lanier","31","1","2"
"70-79 years","Lanier","19","4","5"
"80 & Older years","Lanier","10","0","4"
"<1 years","Lanier","3","0","0"
"01-04 years","Laurens","20","0","0"
"05-09 years","Laurens","25","0","1"
"10-17 years","Laurens","183","0","2"
"18-29 years","Laurens","462","0","6"
"30-39 years","Laurens","374","1","12"
"40-49 years","Laurens","394","3","19"
"50-59 years","Laurens","422","6","41"
"60-69 years","Laurens","356","25","60"
"70-79 years","Laurens","248","36","54"
"80 & Older years","Laurens","168","42","44"
"<1 years","Laurens","2","0","0"
"Unknown years","Laurens","2","0","0"
"01-04 years","Lee","10","0","0"
"05-09 years","Lee","15","0","2"
"10-17 years","Lee","81","0","1"
"18-29 years","Lee","175","1","9"
"30-39 years","Lee","196","1","15"
"40-49 years","Lee","188","3","20"
"50-59 years","Lee","169","6","26"
"60-69 years","Lee","121","7","17"
"70-79 years","Lee","51","9","18"
"80 & Older years","Lee","26","5","10"
"<1 years","Lee","5","0","0"
"01-04 years","Liberty","19","0","0"
"05-09 years","Liberty","32","0","1"
"10-17 years","Liberty","118","0","1"
"18-29 years","Liberty","453","1","11"
"30-39 years","Liberty","307","0","11"
"40-49 years","Liberty","279","0","13"
"50-59 years","Liberty","237","4","27"
"60-69 years","Liberty","186","9","31"
"70-79 years","Liberty","78","9","27"
"80 & Older years","Liberty","47","7","19"
"<1 years","Liberty","16","0","1"
"Unknown years","Liberty","4","0","0"
"01-04 years","Lincoln","5","0","0"
"05-09 years","Lincoln","8","0","0"
"10-17 years","Lincoln","16","0","0"
"18-29 years","Lincoln","64","0","2"
"30-39 years","Lincoln","39","0","1"
"40-49 years","Lincoln","59","0","5"
"50-59 years","Lincoln","41","0","3"
"60-69 years","Lincoln","45","3","11"
"70-79 years","Lincoln","33","1","9"
"80 & Older years","Lincoln","15","5","6"
"<1 years","Lincoln","2","0","0"
"01-04 years","Long","10","0","0"
"05-09 years","Long","5","0","0"
"10-17 years","Long","30","0","0"
"18-29 years","Long","75","0","0"
"30-39 years","Long","92","0","0"
"40-49 years","Long","59","0","5"
"50-59 years","Long","53","1","6"
"60-69 years","Long","50","1","4"
"70-79 years","Long","31","3","9"
"80 & Older years","Long","13","0","3"
"<1 years","Long","3","0","0"
"01-04 years","Lowndes","104","0","0"
"05-09 years","Lowndes","139","0","0"
"10-17 years","Lowndes","493","0","5"
"18-29 years","Lowndes","1878","3","24"
"30-39 years","Lowndes","948","0","14"
"40-49 years","Lowndes","826","1","35"
"50-59 years","Lowndes","698","7","45"
"60-69 years","Lowndes","477","19","51"
"70-79 years","Lowndes","261","31","43"
"80 & Older years","Lowndes","152","38","43"
"<1 years","Lowndes","20","0","0"
"Unknown years","Lowndes","20","0","0"
"01-04 years","Lumpkin","9","0","0"
"05-09 years","Lumpkin","23","0","1"
"10-17 years","Lumpkin","87","0","2"
"18-29 years","Lumpkin","456","0","7"
"30-39 years","Lumpkin","207","0","5"
"40-49 years","Lumpkin","209","0","14"
"50-59 years","Lumpkin","248","2","23"
"60-69 years","Lumpkin","251","6","33"
"70-79 years","Lumpkin","174","5","39"
"80 & Older years","Lumpkin","80","8","40"
"<1 years","Lumpkin","7","0","1"
"Unknown years","Lumpkin","26","0","1"
"01-04 years","Macon","7","0","0"
"05-09 years","Macon","6","0","0"
"10-17 years","Macon","14","0","0"
"18-29 years","Macon","54","0","3"
"30-39 years","Macon","46","0","3"
"40-49 years","Macon","58","1","6"
"50-59 years","Macon","74","3","10"
"60-69 years","Macon","43","5","18"
"70-79 years","Macon","38","2","13"
"80 & Older years","Macon","13","4","6"
"<1 years","Macon","1","0","0"
"01-04 years","Madison","21","0","0"
"05-09 years","Madison","26","0","0"
"10-17 years","Madison","139","0","0"
"18-29 years","Madison","271","0","1"
"30-39 years","Madison","235","0","5"
"40-49 years","Madison","238","0","12"
"50-59 years","Madison","266","1","20"
"60-69 years","Madison","172","5","24"
"70-79 years","Madison","91","7","24"
"80 & Older years","Madison","37","3","4"
"<1 years","Madison","12","0","2"
"Unknown years","Madison","9","0","0"
"01-04 years","Marion","4","0","0"
"05-09 years","Marion","4","0","0"
"10-17 years","Marion","22","0","0"
"18-29 years","Marion","43","0","0"
"30-39 years","Marion","25","0","2"
"40-49 years","Marion","42","1","5"
"50-59 years","Marion","38","3","5"
"60-69 years","Marion","29","3","3"
"70-79 years","Marion","20","1","5"
"80 & Older years","Marion","19","2","6"
"<1 years","Marion","1","0","0"
"Unknown years","Marion","2","0","0"
"01-04 years","McDuffie","14","0","0"
"05-09 years","McDuffie","12","0","0"
"10-17 years","McDuffie","58","0","0"
"18-29 years","McDuffie","189","0","3"
"30-39 years","McDuffie","144","2","3"
"40-49 years","McDuffie","154","2","12"
"50-59 years","McDuffie","158","2","21"
"60-69 years","McDuffie","120","5","21"
"70-79 years","McDuffie","76","7","32"
"80 & Older years","McDuffie","28","4","14"
"Unknown years","McDuffie","8","0","1"
"05-09 years","McIntosh","5","0","0"
"10-17 years","McIntosh","27","0","0"
"18-29 years","McIntosh","72","0","2"
"30-39 years","McIntosh","62","0","3"
"40-49 years","McIntosh","66","0","4"
"50-59 years","McIntosh","86","0","2"
"60-69 years","McIntosh","57","2","14"
"70-79 years","McIntosh","43","3","11"
"80 & Older years","McIntosh","15","3","5"
"<1 years","McIntosh","1","0","0"
"Unknown years","McIntosh","8","0","0"
"01-04 years","Meriwether","15","0","1"
"05-09 years","Meriwether","15","0","1"
"10-17 years","Meriwether","43","0","0"
"18-29 years","Meriwether","126","0","4"
"30-39 years","Meriwether","111","2","11"
"40-49 years","Meriwether","153","1","13"
"50-59 years","Meriwether","126","1","13"
"60-69 years","Meriwether","105","3","19"
"70-79 years","Meriwether","75","6","21"
"80 & Older years","Meriwether","43","7","9"
"<1 years","Meriwether","2","0","0"
"01-04 years","Miller","5","0","0"
"05-09 years","Miller","3","0","0"
"10-17 years","Miller","44","0","1"
"18-29 years","Miller","76","0","0"
"30-39 years","Miller","71","0","0"
"40-49 years","Miller","59","0","4"
"50-59 years","Miller","83","0","10"
"60-69 years","Miller","52","2","3"
"70-79 years","Miller","19","0","2"
"80 & Older years","Miller","15","0","5"
"<1 years","Miller","3","0","0"
"01-04 years","Mitchell","12","0","0"
"05-09 years","Mitchell","18","0","0"
"10-17 years","Mitchell","60","0","1"
"18-29 years","Mitchell","167","0","7"
"30-39 years","Mitchell","158","1","13"
"40-49 years","Mitchell","161","2","16"
"50-59 years","Mitchell","192","7","45"
"60-69 years","Mitchell","156","12","40"
"70-79 years","Mitchell","98","8","30"
"80 & Older years","Mitchell","83","19","24"
"<1 years","Mitchell","2","0","0"
"Unknown years","Mitchell","3","0","1"
"01-04 years","Monroe","5","0","0"
"05-09 years","Monroe","13","0","1"
"10-17 years","Monroe","60","0","0"
"18-29 years","Monroe","196","0","2"
"30-39 years","Monroe","146","0","5"
"40-49 years","Monroe","178","1","13"
"50-59 years","Monroe","208","3","15"
"60-69 years","Monroe","195","9","33"
"70-79 years","Monroe","112","15","27"
"80 & Older years","Monroe","98","32","21"
"<1 years","Monroe","3","0","1"
"Unknown years","Monroe","1","0","0"
"01-04 years","Montgomery","9","0","0"
"05-09 years","Montgomery","5","0","0"
"10-17 years","Montgomery","32","0","1"
"18-29 years","Montgomery","113","0","0"
"30-39 years","Montgomery","72","1","3"
"40-49 years","Montgomery","94","0","2"
"50-59 years","Montgomery","71","1","5"
"60-69 years","Montgomery","62","3","10"
"70-79 years","Montgomery","34","2","5"
"80 & Older years","Montgomery","14","2","3"
"<1 years","Montgomery","1","0","0"
"Unknown years","Montgomery","1","0","0"
"01-04 years","Morgan","14","0","0"
"05-09 years","Morgan","13","0","0"
"10-17 years","Morgan","59","0","0"
"18-29 years","Morgan","150","0","3"
"30-39 years","Morgan","102","0","5"
"40-49 years","Morgan","112","0","3"
"50-59 years","Morgan","124","0","9"
"60-69 years","Morgan","97","1","7"
"70-79 years","Morgan","39","2","10"
"80 & Older years","Morgan","36","5","13"
"<1 years","Morgan","8","0","0"
"Unknown years","Morgan","1","0","0"
"01-04 years","Murray","34","0","2"
"05-09 years","Murray","53","0","2"
"10-17 years","Murray","225","0","1"
"18-29 years","Murray","533","0","5"
"30-39 years","Murray","349","1","4"
"40-49 years","Murray","427","0","18"
"50-59 years","Murray","376","5","28"
"60-69 years","Murray","257","4","36"
"70-79 years","Murray","158","15","32"
"80 & Older years","Murray","80","15","16"
"<1 years","Murray","15","0","2"
"Unknown years","Murray","3","0","0"
"01-04 years","Muscogee","143","0","5"
"05-09 years","Muscogee","194","0","0"
"10-17 years","Muscogee","505","0","3"
"18-29 years","Muscogee","2143","3","47"
"30-39 years","Muscogee","1385","2","65"
"40-49 years","Muscogee","1185","4","72"
"50-59 years","Muscogee","1195","27","159"
"60-69 years","Muscogee","930","47","189"
"70-79 years","Muscogee","487","56","133"
"80 & Older years","Muscogee","276","63","115"
"<1 years","Muscogee","50","0","2"
"Unknown years","Muscogee","57","0","0"
"01-04 years","Newton","53","0","2"
"05-09 years","Newton","66","0","0"
"10-17 years","Newton","265","0","4"
"18-29 years","Newton","865","1","22"
"30-39 years","Newton","707","0","40"
"40-49 years","Newton","825","2","70"
"50-59 years","Newton","758","8","86"
"60-69 years","Newton","431","19","70"
"70-79 years","Newton","288","31","56"
"80 & Older years","Newton","206","58","53"
"<1 years","Newton","17","0","1"
"Unknown years","Newton","9","0","0"
"01-04 years","Non-GA Resident/Unknown State","218","0","2"
"05-09 years","Non-GA Resident/Unknown State","381","0","4"
"10-17 years","Non-GA Resident/Unknown State","1282","0","7"
"18-29 years","Non-GA Resident/Unknown State","5184","4","54"
"30-39 years","Non-GA Resident/Unknown State","3537","3","66"
"40-49 years","Non-GA Resident/Unknown State","3120","8","74"
"50-59 years","Non-GA Resident/Unknown State","2848","24","147"
"60-69 years","Non-GA Resident/Unknown State","1931","64","186"
"70-79 years","Non-GA Resident/Unknown State","1193","67","190"
"80 & Older years","Non-GA Resident/Unknown State","691","80","141"
"<1 years","Non-GA Resident/Unknown State","118","0","2"
"Unknown years","Non-GA Resident/Unknown State","742","1","4"
"01-04 years","Oconee","11","0","0"
"05-09 years","Oconee","27","0","0"
"10-17 years","Oconee","146","0","0"
"18-29 years","Oconee","346","0","3"
"30-39 years","Oconee","188","0","2"
"40-49 years","Oconee","282","0","10"
"50-59 years","Oconee","233","3","7"
"60-69 years","Oconee","155","9","20"
"70-79 years","Oconee","99","11","21"
"80 & Older years","Oconee","74","17","29"
"<1 years","Oconee","4","0","0"
"Unknown years","Oconee","2","0","0"
"01-04 years","Oglethorpe","12","0","0"
"05-09 years","Oglethorpe","20","0","0"
"10-17 years","Oglethorpe","68","0","0"
"18-29 years","Oglethorpe","118","0","1"
"30-39 years","Oglethorpe","83","0","0"
"40-49 years","Oglethorpe","108","0","5"
"50-59 years","Oglethorpe","92","1","13"
"60-69 years","Oglethorpe","82","0","11"
"70-79 years","Oglethorpe","59","3","10"
"80 & Older years","Oglethorpe","44","9","12"
"<1 years","Oglethorpe","5","0","0"
"Unknown years","Oglethorpe","6","0","0"
"01-04 years","Paulding","73","0","1"
"05-09 years","Paulding","137","0","0"
"10-17 years","Paulding","527","0","6"
"18-29 years","Paulding","1120","0","13"
"30-39 years","Paulding","883","1","19"
"40-49 years","Paulding","1005","3","18"
"50-59 years","Paulding","928","11","37"
"60-69 years","Paulding","486","16","39"
"70-79 years","Paulding","289","26","45"
"80 & Older years","Paulding","193","43","27"
"<1 years","Paulding","18","0","0"
"Unknown years","Paulding","29","0","0"
"01-04 years","Peach","10","0","1"
"05-09 years","Peach","13","0","0"
"10-17 years","Peach","40","0","1"
"18-29 years","Peach","257","1","7"
"30-39 years","Peach","200","0","13"
"40-49 years","Peach","161","2","13"
"50-59 years","Peach","198","4","28"
"60-69 years","Peach","165","7","33"
"70-79 years","Peach","71","6","19"
"80 & Older years","Peach","40","9","16"
"<1 years","Peach","4","0","0"
"Unknown years","Peach","2","0","0"
"01-04 years","Pickens","16","0","1"
"05-09 years","Pickens","23","0","0"
"10-17 years","Pickens","83","0","0"
"18-29 years","Pickens","230","0","5"
"30-39 years","Pickens","183","0","7"
"40-49 years","Pickens","242","0","10"
"50-59 years","Pickens","257","0","14"
"60-69 years","Pickens","197","0","20"
"70-79 years","Pickens","132","7","28"
"80 & Older years","Pickens","56","8","16"
"<1 years","Pickens","2","0","0"
"Unknown years","Pickens","6","0","0"
"01-04 years","Pierce","8","0","0"
"05-09 years","Pierce","18","0","0"
"10-17 years","Pierce","62","1","1"
"18-29 years","Pierce","165","0","4"
"30-39 years","Pierce","111","0","3"
"40-49 years","Pierce","141","0","12"
"50-59 years","Pierce","132","3","14"
"60-69 years","Pierce","106","8","28"
"70-79 years","Pierce","78","7","24"
"80 & Older years","Pierce","41","8","10"
"<1 years","Pierce","5","0","1"
"Unknown years","Pierce","2","0","0"
"01-04 years","Pike","16","0","0"
"05-09 years","Pike","13","0","0"
"10-17 years","Pike","58","0","0"
"18-29 years","Pike","86","0","3"
"30-39 years","Pike","88","0","2"
"40-49 years","Pike","113","1","6"
"50-59 years","Pike","88","2","6"
"60-69 years","Pike","69","1","13"
"70-79 years","Pike","56","6","13"
"80 & Older years","Pike","13","4","4"
"<1 years","Pike","1","0","0"
"Unknown years","Pike","5","0","0"
"01-04 years","Polk","31","0","1"
"05-09 years","Polk","47","0","0"
"10-17 years","Polk","209","0","1"
"18-29 years","Polk","525","0","5"
"30-39 years","Polk","363","0","7"
"40-49 years","Polk","381","1","25"
"50-59 years","Polk","374","6","45"
"60-69 years","Polk","214","9","46"
"70-79 years","Polk","190","15","51"
"80 & Older years","Polk","91","11","32"
"<1 years","Polk","9","0","0"
"Unknown years","Polk","20","0","0"
"05-09 years","Pulaski","6","0","0"
"10-17 years","Pulaski","29","0","1"
"18-29 years","Pulaski","51","0","1"
"30-39 years","Pulaski","62","0","2"
"40-49 years","Pulaski","66","0","6"
"50-59 years","Pulaski","73","0","6"
"60-69 years","Pulaski","67","5","8"
"70-79 years","Pulaski","41","11","14"
"80 & Older years","Pulaski","33","9","4"
"<1 years","Pulaski","1","0","0"
"01-04 years","Putnam","14","0","0"
"05-09 years","Putnam","35","0","0"
"10-17 years","Putnam","68","0","1"
"18-29 years","Putnam","190","0","2"
"30-39 years","Putnam","137","0","5"
"40-49 years","Putnam","151","1","5"
"50-59 years","Putnam","177","2","11"
"60-69 years","Putnam","165","8","20"
"70-79 years","Putnam","121","10","28"
"80 & Older years","Putnam","61","10","19"
"<1 years","Putnam","6","0","1"
"01-04 years","Quitman","1","0","0"
"05-09 years","Quitman","1","0","0"
"10-17 years","Quitman","2","0","0"
"18-29 years","Quitman","7","0","0"
"30-39 years","Quitman","4","0","1"
"40-49 years","Quitman","3","0","1"
"50-59 years","Quitman","9","0","0"
"60-69 years","Quitman","18","1","3"
"70-79 years","Quitman","2","0","1"
"80 & Older years","Quitman","2","0","1"
"01-04 years","Rabun","9","0","0"
"05-09 years","Rabun","12","0","0"
"10-17 years","Rabun","64","0","0"
"18-29 years","Rabun","147","0","5"
"30-39 years","Rabun","127","1","6"
"40-49 years","Rabun","122","0","6"
"50-59 years","Rabun","151","0","16"
"60-69 years","Rabun","151","3","26"
"70-79 years","Rabun","104","7","22"
"80 & Older years","Rabun","47","6","18"
"<1 years","Rabun","5","0","1"
"Unknown years","Rabun","39","0","1"
"05-09 years","Randolph","2","0","0"
"10-17 years","Randolph","4","0","0"
"18-29 years","Randolph","44","0","0"
"30-39 years","Randolph","53","2","3"
"40-49 years","Randolph","40","0","4"
"50-59 years","Randolph","77","3","16"
"60-69 years","Randolph","55","7","14"
"70-79 years","Randolph","32","3","10"
"80 & Older years","Randolph","46","15","16"
"<1 years","Randolph","1","0","0"
"Unknown years","Randolph","2","0","0"
"01-04 years","Richmond","152","0","0"
"05-09 years","Richmond","302","0","3"
"10-17 years","Richmond","822","0","6"
"18-29 years","Richmond","2870","4","43"
"30-39 years","Richmond","2151","3","55"
"40-49 years","Richmond","1762","16","82"
"50-59 years","Richmond","1759","18","139"
"60-69 years","Richmond","1239","36","149"
"70-79 years","Richmond","687","49","182"
"80 & Older years","Richmond","447","92","192"
"<1 years","Richmond","56","0","2"
"Unknown years","Richmond","20","0","0"
"01-04 years","Rockdale","36","0","0"
"05-09 years","Rockdale","72","0","0"
"10-17 years","Rockdale","202","0","6"
"18-29 years","Rockdale","695","2","40"
"30-39 years","Rockdale","566","3","56"
"40-49 years","Rockdale","636","5","69"
"50-59 years","Rockdale","607","5","90"
"60-69 years","Rockdale","371","15","86"
"70-79 years","Rockdale","195","20","78"
"80 & Older years","Rockdale","93","19","38"
"<1 years","Rockdale","4","0","0"
"Unknown years","Rockdale","2","0","0"
"01-04 years","Schley","4","0","0"
"05-09 years","Schley","3","0","0"
"10-17 years","Schley","12","0","0"
"18-29 years","Schley","37","0","2"
"30-39 years","Schley","13","0","0"
"40-49 years","Schley","23","0","2"
"50-59 years","Schley","25","0","3"
"60-69 years","Schley","24","1","8"
"70-79 years","Schley","8","0","2"
"80 & Older years","Schley","3","1","1"
"<1 years","Schley","1","0","0"
"01-04 years","Screven","4","0","0"
"05-09 years","Screven","9","0","0"
"10-17 years","Screven","41","0","0"
"18-29 years","Screven","92","0","3"
"30-39 years","Screven","70","0","2"
"40-49 years","Screven","69","1","4"
"50-59 years","Screven","70","0","10"
"60-69 years","Screven","86","1","13"
"70-79 years","Screven","43","3","11"
"80 & Older years","Screven","31","6","8"
"<1 years","Screven","2","0","0"
"Unknown years","Screven","1","0","0"
"01-04 years","Seminole","12","0","0"
"05-09 years","Seminole","10","0","0"
"10-17 years","Seminole","52","0","0"
"18-29 years","Seminole","76","0","0"
"30-39 years","Seminole","63","0","0"
"40-49 years","Seminole","76","0","4"
"50-59 years","Seminole","91","1","6"
"60-69 years","Seminole","94","1","15"
"70-79 years","Seminole","54","5","11"
"80 & Older years","Seminole","23","5","10"
"<1 years","Seminole","2","0","0"
"01-04 years","Spalding","35","0","0"
"05-09 years","Spalding","34","0","1"
"10-17 years","Spalding","124","0","2"
"18-29 years","Spalding","426","1","19"
"30-39 years","Spalding","370","2","27"
"40-49 years","Spalding","387","2","30"
"50-59 years","Spalding","414","7","54"
"60-69 years","Spalding","324","17","60"
"70-79 years","Spalding","220","24","50"
"80 & Older years","Spalding","166","33","49"
"<1 years","Spalding","4","0","0"
"Unknown years","Spalding","2","0","0"
"01-04 years","Stephens","10","0","0"
"05-09 years","Stephens","30","0","0"
"10-17 years","Stephens","115","0","1"
"18-29 years","Stephens","378","0","10"
"30-39 years","Stephens","226","0","7"
"40-49 years","Stephens","297","1","20"
"50-59 years","Stephens","328","3","26"
"60-69 years","Stephens","327","13","47"
"70-79 years","Stephens","221","14","41"
"80 & Older years","Stephens","131","17","28"
"<1 years","Stephens","2","0","0"
"Unknown years","Stephens","24","0","0"
"01-04 years","Stewart","2","0","0"
"05-09 years","Stewart","2","0","0"
"10-17 years","Stewart","9","0","0"
"18-29 years","Stewart","124","0","20"
"30-39 years","Stewart","169","1","25"
"40-49 years","Stewart","120","1","22"
"50-59 years","Stewart","65","1","11"
"60-69 years","Stewart","59","8","23"
"70-79 years","Stewart","21","2","3"
"80 & Older years","Stewart","18","4","6"
"<1 years","Stewart","1","0","0"
"Unknown years","Stewart","14","0","4"
"01-04 years","Sumter","12","0","0"
"05-09 years","Sumter","20","0","0"
"10-17 years","Sumter","44","0","2"
"18-29 years","Sumter","221","1","8"
"30-39 years","Sumter","195","1","19"
"40-49 years","Sumter","172","3","18"
"50-59 years","Sumter","208","2","37"
"60-69 years","Sumter","193","20","58"
"70-79 years","Sumter","131","20","40"
"80 & Older years","Sumter","84","23","39"
"<1 years","Sumter","5","0","0"
"Unknown years","Sumter","2","0","0"
"01-04 years","Talbot","4","0","0"
"05-09 years","Talbot","1","0","0"
"10-17 years","Talbot","21","0","0"
"18-29 years","Talbot","31","0","1"
"30-39 years","Talbot","21","0","1"
"40-49 years","Talbot","45","1","4"
"50-59 years","Talbot","38","2","5"
"60-69 years","Talbot","37","2","9"
"70-79 years","Talbot","21","2","3"
"80 & Older years","Talbot","15","2","8"
"Unknown years","Talbot","1","0","0"
"05-09 years","Taliaferro","1","0","0"
"10-17 years","Taliaferro","5","0","0"
"18-29 years","Taliaferro","5","0","0"
"30-39 years","Taliaferro","6","0","0"
"40-49 years","Taliaferro","13","0","1"
"50-59 years","Taliaferro","7","0","0"
"60-69 years","Taliaferro","5","0","0"
"70-79 years","Taliaferro","5","0","0"
"80 & Older years","Taliaferro","1","0","1"
"01-04 years","Tattnall","22","0","0"
"05-09 years","Tattnall","28","0","0"
"10-17 years","Tattnall","108","0","0"
"18-29 years","Tattnall","237","0","1"
"30-39 years","Tattnall","186","0","3"
"40-49 years","Tattnall","190","0","6"
"50-59 years","Tattnall","201","3","18"
"60-69 years","Tattnall","159","6","20"
"70-79 years","Tattnall","68","9","29"
"80 & Older years","Tattnall","27","4","8"
"<1 years","Tattnall","4","0","0"
"Unknown years","Tattnall","3","0","1"
"01-04 years","Taylor","10","0","0"
"05-09 years","Taylor","8","0","0"
"10-17 years","Taylor","40","0","1"
"18-29 years","Taylor","58","0","1"
"30-39 years","Taylor","26","0","3"
"40-49 years","Taylor","58","1","4"
"50-59 years","Taylor","46","0","8"
"60-69 years","Taylor","37","5","12"
"70-79 years","Taylor","28","2","8"
"80 & Older years","Taylor","20","5","6"
"<1 years","Taylor","4","0","0"
"Unknown years","Taylor","1","0","0"
"01-04 years","Telfair","6","0","0"
"05-09 years","Telfair","8","0","0"
"10-17 years","Telfair","13","0","0"
"18-29 years","Telfair","115","0","2"
"30-39 years","Telfair","78","0","1"
"40-49 years","Telfair","83","0","5"
"50-59 years","Telfair","77","4","9"
"60-69 years","Telfair","88","6","15"
"70-79 years","Telfair","60","9","16"
"80 & Older years","Telfair","36","13","8"
"<1 years","Telfair","4","0","0"
"Unknown years","Telfair","1","0","0"
"01-04 years","Terrell","4","0","0"
"05-09 years","Terrell","4","0","0"
"10-17 years","Terrell","32","0","0"
"18-29 years","Terrell","53","0","1"
"30-39 years","Terrell","66","0","8"
"40-49 years","Terrell","50","0","7"
"50-59 years","Terrell","73","3","11"
"60-69 years","Terrell","77","10","28"
"70-79 years","Terrell","50","12","22"
"80 & Older years","Terrell","34","9","11"
"01-04 years","Thomas","32","0","0"
"05-09 years","Thomas","49","0","0"
"10-17 years","Thomas","160","0","1"
"18-29 years","Thomas","388","1","13"
"30-39 years","Thomas","340","0","13"
"40-49 years","Thomas","342","4","20"
"50-59 years","Thomas","347","4","28"
"60-69 years","Thomas","283","9","58"
"70-79 years","Thomas","192","26","46"
"80 & Older years","Thomas","109","34","35"
"<1 years","Thomas","10","0","1"
"Unknown years","Thomas","14","0","0"
"01-04 years","Tift","24","0","1"
"05-09 years","Tift","51","0","3"
"10-17 years","Tift","199","0","5"
"18-29 years","Tift","674","0","13"
"30-39 years","Tift","455","1","24"
"40-49 years","Tift","450","6","47"
"50-59 years","Tift","389","9","58"
"60-69 years","Tift","274","13","59"
"70-79 years","Tift","198","21","67"
"80 & Older years","Tift","101","20","45"
"<1 years","Tift","10","0","0"
"Unknown years","Tift","3","0","0"
"01-04 years","Toombs","22","0","0"
"05-09 years","Toombs","44","0","0"
"10-17 years","Toombs","152","0","1"
"18-29 years","Toombs","389","0","5"
"30-39 years","Toombs","308","0","3"
"40-49 years","Toombs","303","1","19"
"50-59 years","Toombs","274","6","18"
"60-69 years","Toombs","248","4","34"
"70-79 years","Toombs","178","23","34"
"80 & Older years","Toombs","110","27","24"
"<1 years","Toombs","3","0","0"
"01-04 years","Towns","2","0","0"
"05-09 years","Towns","6","0","0"
"10-17 years","Towns","29","0","0"
"18-29 years","Towns","95","0","4"
"30-39 years","Towns","58","0","2"
"40-49 years","Towns","72","1","5"
"50-59 years","Towns","105","2","9"
"60-69 years","Towns","139","1","14"
"70-79 years","Towns","116","6","25"
"80 & Older years","Towns","75","15","31"
"Unknown years","Towns","9","0","0"
"01-04 years","Treutlen","3","0","0"
"05-09 years","Treutlen","9","0","0"
"10-17 years","Treutlen","31","0","0"
"18-29 years","Treutlen","63","0","2"
"30-39 years","Treutlen","57","0","4"
"40-49 years","Treutlen","70","0","5"
"50-59 years","Treutlen","61","1","5"
"60-69 years","Treutlen","39","3","9"
"70-79 years","Treutlen","33","7","6"
"80 & Older years","Treutlen","21","3","5"
"01-04 years","Troup","97","0","0"
"05-09 years","Troup","118","0","0"
"10-17 years","Troup","332","0","2"
"18-29 years","Troup","835","1","26"
"30-39 years","Troup","620","5","37"
"40-49 years","Troup","544","2","44"
"50-59 years","Troup","563","12","86"
"60-69 years","Troup","408","17","78"
"70-79 years","Troup","204","30","70"
"80 & Older years","Troup","176","54","52"
"<1 years","Troup","29","0","1"
"Unknown years","Troup","3","0","0"
"01-04 years","Turner","1","0","0"
"05-09 years","Turner","5","0","0"
"10-17 years","Turner","15","0","0"
"18-29 years","Turner","61","0","1"
"30-39 years","Turner","85","0","9"
"40-49 years","Turner","75","0","4"
"50-59 years","Turner","80","2","9"
"60-69 years","Turner","62","6","19"
"70-79 years","Turner","38","5","10"
"80 & Older years","Turner","26","11","9"
"<1 years","Turner","1","0","1"
"Unknown years","Turner","3","0","0"
"01-04 years","Twiggs","6","0","0"
"05-09 years","Twiggs","4","0","1"
"10-17 years","Twiggs","16","0","0"
"18-29 years","Twiggs","45","0","1"
"30-39 years","Twiggs","46","1","4"
"40-49 years","Twiggs","43","1","6"
"50-59 years","Twiggs","60","2","10"
"60-69 years","Twiggs","70","3","21"
"70-79 years","Twiggs","35","4","14"
"80 & Older years","Twiggs","15","4","8"
"01-04 years","Union","5","0","0"
"05-09 years","Union","12","0","0"
"10-17 years","Union","45","0","1"
"18-29 years","Union","164","1","1"
"30-39 years","Union","134","0","2"
"40-49 years","Union","160","0","11"
"50-59 years","Union","198","4","11"
"60-69 years","Union","243","4","31"
"70-79 years","Union","214","13","38"
"80 & Older years","Union","150","19","39"
"<1 years","Union","1","0","0"
"Unknown years","Union","14","0","0"
"01-04 years","Unknown","27","0","0"
"05-09 years","Unknown","61","0","0"
"10-17 years","Unknown","210","0","0"
"18-29 years","Unknown","800","0","3"
"30-39 years","Unknown","438","1","3"
"40-49 years","Unknown","408","0","1"
"50-59 years","Unknown","341","2","10"
"60-69 years","Unknown","220","0","6"
"70-79 years","Unknown","135","0","10"
"80 & Older years","Unknown","65","0","7"
"<1 years","Unknown","24","0","0"
"Unknown years","Unknown","136","0","3"
"01-04 years","Upson","22","0","0"
"05-09 years","Upson","32","0","0"
"10-17 years","Upson","69","0","1"
"18-29 years","Upson","189","0","5"
"30-39 years","Upson","118","1","5"
"40-49 years","Upson","150","1","9"
"50-59 years","Upson","186","4","16"
"60-69 years","Upson","163","15","24"
"70-79 years","Upson","112","25","31"
"80 & Older years","Upson","81","26","24"
"<1 years","Upson","8","0","0"
"Unknown years","Upson","8","0","0"
"01-04 years","Walker","39","0","0"
"05-09 years","Walker","66","0","0"
"10-17 years","Walker","297","0","3"
"18-29 years","Walker","645","0","7"
"30-39 years","Walker","490","0","9"
"40-49 years","Walker","574","3","19"
"50-59 years","Walker","515","1","25"
"60-69 years","Walker","444","10","45"
"70-79 years","Walker","294","21","33"
"80 & Older years","Walker","153","19","19"
"<1 years","Walker","19","0","0"
"Unknown years","Walker","81","0","5"
"01-04 years","Walton","36","0","0"
"05-09 years","Walton","79","0","1"
"10-17 years","Walton","339","0","3"
"18-29 years","Walton","773","0","21"
"30-39 years","Walton","620","0","17"
"40-49 years","Walton","697","1","40"
"50-59 years","Walton","693","5","48"
"60-69 years","Walton","468","12","55"
"70-79 years","Walton","339","23","70"
"80 & Older years","Walton","237","43","58"
"<1 years","Walton","9","0","1"
"Unknown years","Walton","4","0","0"
"01-04 years","Ware","45","0","1"
"05-09 years","Ware","44","0","0"
"10-17 years","Ware","171","0","3"
"18-29 years","Ware","412","1","5"
"30-39 years","Ware","345","0","14"
"40-49 years","Ware","270","2","22"
"50-59 years","Ware","298","6","42"
"60-69 years","Ware","216","8","43"
"70-79 years","Ware","185","27","67"
"80 & Older years","Ware","127","28","36"
"<1 years","Ware","12","0","1"
"Unknown years","Ware","10","0","1"
"01-04 years","Warren","4","0","0"
"05-09 years","Warren","2","0","0"
"10-17 years","Warren","10","0","0"
"18-29 years","Warren","35","0","2"
"30-39 years","Warren","31","0","2"
"40-49 years","Warren","32","1","4"
"50-59 years","Warren","44","1","6"
"60-69 years","Warren","26","2","6"
"70-79 years","Warren","19","1","8"
"80 & Older years","Warren","10","1","2"
"<1 years","Warren","2","0","1"
"Unknown years","Warren","2","0","0"
"01-04 years","Washington","14","0","0"
"05-09 years","Washington","13","0","0"
"10-17 years","Washington","79","0","1"
"18-29 years","Washington","183","0","6"
"30-39 years","Washington","170","0","8"
"40-49 years","Washington","195","2","9"
"50-59 years","Washington","163","1","12"
"60-69 years","Washington","149","8","19"
"70-79 years","Washington","95","4","14"
"80 & Older years","Washington","57","11","8"
"<1 years","Washington","7","0","0"
"Unknown years","Washington","4","0","0"
"01-04 years","Wayne","24","0","0"
"05-09 years","Wayne","13","0","0"
"10-17 years","Wayne","90","0","0"
"18-29 years","Wayne","284","1","7"
"30-39 years","Wayne","290","0","5"
"40-49 years","Wayne","327","1","25"
"50-59 years","Wayne","268","4","24"
"60-69 years","Wayne","203","10","41"
"70-79 years","Wayne","176","16","48"
"80 & Older years","Wayne","79","13","15"
"<1 years","Wayne","2","0","0"
"Unknown years","Wayne","4","0","0"
"10-17 years","Webster","2","0","0"
"18-29 years","Webster","10","0","1"
"30-39 years","Webster","3","0","0"
"40-49 years","Webster","9","0","2"
"50-59 years","Webster","14","2","4"
"60-69 years","Webster","15","0","3"
"70-79 years","Webster","5","0","0"
"80 & Older years","Webster","1","0","0"
"Unknown years","Webster","2","0","0"
"01-04 years","Wheeler","1","0","0"
"05-09 years","Wheeler","3","0","0"
"10-17 years","Wheeler","15","0","0"
"18-29 years","Wheeler","38","0","0"
"30-39 years","Wheeler","63","2","2"
"40-49 years","Wheeler","69","1","3"
"50-59 years","Wheeler","80","5","7"
"60-69 years","Wheeler","49","3","5"
"70-79 years","Wheeler","35","4","8"
"80 & Older years","Wheeler","8","3","1"
"<1 years","Wheeler","1","0","0"
"Unknown years","Wheeler","24","0","1"
"01-04 years","White","10","0","0"
"05-09 years","White","33","0","0"
"10-17 years","White","149","0","1"
"18-29 years","White","304","1","6"
"30-39 years","White","214","1","6"
"40-49 years","White","264","1","13"
"50-59 years","White","302","2","31"
"60-69 years","White","267","4","40"
"70-79 years","White","217","8","43"
"80 & Older years","White","115","17","42"
"<1 years","White","5","0","0"
"Unknown years","White","32","0","1"
"01-04 years","Whitfield","139","0","2"
"05-09 years","Whitfield","262","0","3"
"10-17 years","Whitfield","944","0","4"
"18-29 years","Whitfield","2551","0","34"
"30-39 years","Whitfield","1661","1","43"
"40-49 years","Whitfield","1711","3","59"
"50-59 years","Whitfield","1478","14","77"
"60-69 years","Whitfield","898","22","102"
"70-79 years","Whitfield","489","26","84"
"80 & Older years","Whitfield","291","46","79"
"<1 years","Whitfield","54","0","5"
"Unknown years","Whitfield","21","0","2"
"01-04 years","Wilcox","10","0","0"
"05-09 years","Wilcox","9","0","0"
"10-17 years","Wilcox","18","0","0"
"18-29 years","Wilcox","31","0","0"
"30-39 years","Wilcox","35","0","1"
"40-49 years","Wilcox","59","0","12"
"50-59 years","Wilcox","64","1","11"
"60-69 years","Wilcox","72","8","23"
"70-79 years","Wilcox","44","9","9"
"80 & Older years","Wilcox","22","7","6"
"<1 years","Wilcox","4","0","0"
"01-04 years","Wilkes","7","0","0"
"05-09 years","Wilkes","12","0","0"
"10-17 years","Wilkes","43","0","0"
"18-29 years","Wilkes","80","0","0"
"30-39 years","Wilkes","54","0","4"
"40-49 years","Wilkes","77","0","10"
"50-59 years","Wilkes","70","1","3"
"60-69 years","Wilkes","44","0","10"
"70-79 years","Wilkes","43","3","15"
"80 & Older years","Wilkes","18","4","10"
"<1 years","Wilkes","1","0","0"
"01-04 years","Wilkinson","5","0","0"
"05-09 years","Wilkinson","8","0","0"
"10-17 years","Wilkinson","16","0","0"
"18-29 years","Wilkinson","80","0","3"
"30-39 years","Wilkinson","59","0","5"
"40-49 years","Wilkinson","61","0","5"
"50-59 years","Wilkinson","108","3","19"
"60-69 years","Wilkinson","102","5","27"
"70-79 years","Wilkinson","42","6","18"
"80 & Older years","Wilkinson","29","4","13"
"01-04 years","Worth","9","0","0"
"05-09 years","Worth","7","0","0"
"10-17 years","Worth","55","0","3"
"18-29 years","Worth","130","0","7"
"30-39 years","Worth","103","0","8"
"40-49 years","Worth","114","1","12"
"50-59 years","Worth","140","4","21"
"60-69 years","Worth","139","14","40"
"70-79 years","Worth","84","9","20"
"80 & Older years","Worth","55","9","14"
"<1 years","Worth","4","0","0"
"Unknown years","Worth","2","0","0"
