"age group","county name","cases","deaths","hospitalization"
"01-04 years","Georgia","18645","2","317"
"05-09 years","Georgia","34016","2","251"
"10-17 years","Georgia","101068","11","918"
"18-29 years","Georgia","243241","149","4674"
"30-39 years","Georgia","181298","320","6185"
"40-49 years","Georgia","170147","777","8833"
"50-59 years","Georgia","156868","2002","13103"
"60-69 years","Georgia","105097","4045","15085"
"70-79 years","Georgia","59918","5622","13994"
"80 & Older years","Georgia","33535","7110","10506"
"<1 years","Georgia","4942","0","265"
"Unknown years","Georgia","4066","1","114"
"01-04 years","Appling","48","0","0"
"05-09 years","Appling","83","0","0"
"10-17 years","Appling","284","0","2"
"18-29 years","Appling","452","1","7"
"30-39 years","Appling","329","1","7"
"40-49 years","Appling","339","4","22"
"50-59 years","Appling","360","8","34"
"60-69 years","Appling","298","16","63"
"70-79 years","Appling","207","18","37"
"80 & Older years","Appling","102","23","37"
"<1 years","Appling","8","0","0"
"Unknown years","Appling","1","0","0"
"01-04 years","Atkinson","13","0","1"
"05-09 years","Atkinson","40","0","1"
"10-17 years","Atkinson","96","0","1"
"18-29 years","Atkinson","229","0","12"
"30-39 years","Atkinson","153","0","12"
"40-49 years","Atkinson","174","2","30"
"50-59 years","Atkinson","166","2","30"
"60-69 years","Atkinson","103","6","31"
"70-79 years","Atkinson","56","6","22"
"80 & Older years","Atkinson","16","5","11"
"<1 years","Atkinson","3","0","0"
"01-04 years","Bacon","33","0","0"
"05-09 years","Bacon","51","0","0"
"10-17 years","Bacon","150","0","1"
"18-29 years","Bacon","470","0","6"
"30-39 years","Bacon","236","0","5"
"40-49 years","Bacon","236","3","16"
"50-59 years","Bacon","196","2","16"
"60-69 years","Bacon","165","12","38"
"70-79 years","Bacon","101","9","26"
"80 & Older years","Bacon","46","9","14"
"<1 years","Bacon","9","0","0"
"Unknown years","Bacon","1","0","0"
"01-04 years","Baker","9","0","0"
"05-09 years","Baker","9","0","0"
"10-17 years","Baker","12","0","0"
"18-29 years","Baker","40","0","0"
"30-39 years","Baker","26","0","4"
"40-49 years","Baker","25","2","3"
"50-59 years","Baker","31","0","2"
"60-69 years","Baker","37","3","16"
"70-79 years","Baker","19","3","11"
"80 & Older years","Baker","14","3","5"
"<1 years","Baker","2","0","0"
"01-04 years","Baldwin","52","0","0"
"05-09 years","Baldwin","107","0","0"
"10-17 years","Baldwin","342","1","6"
"18-29 years","Baldwin","1481","0","17"
"30-39 years","Baldwin","610","1","16"
"40-49 years","Baldwin","602","3","37"
"50-59 years","Baldwin","587","14","66"
"60-69 years","Baldwin","471","26","81"
"70-79 years","Baldwin","290","32","63"
"80 & Older years","Baldwin","181","53","67"
"<1 years","Baldwin","20","0","1"
"Unknown years","Baldwin","4","0","0"
"01-04 years","Banks","19","0","1"
"05-09 years","Banks","48","0","1"
"10-17 years","Banks","156","0","4"
"18-29 years","Banks","376","0","12"
"30-39 years","Banks","273","0","11"
"40-49 years","Banks","294","2","23"
"50-59 years","Banks","308","3","31"
"60-69 years","Banks","266","11","58"
"70-79 years","Banks","175","16","67"
"80 & Older years","Banks","91","13","32"
"<1 years","Banks","7","0","1"
"Unknown years","Banks","22","0","1"
"01-04 years","Barrow","154","0","2"
"05-09 years","Barrow","325","0","0"
"10-17 years","Barrow","1121","1","8"
"18-29 years","Barrow","2186","2","44"
"30-39 years","Barrow","1900","2","63"
"40-49 years","Barrow","1894","6","94"
"50-59 years","Barrow","1592","11","137"
"60-69 years","Barrow","1048","37","179"
"70-79 years","Barrow","596","40","124"
"80 & Older years","Barrow","275","53","101"
"<1 years","Barrow","43","0","2"
"Unknown years","Barrow","16","0","2"
"01-04 years","Bartow","182","0","6"
"05-09 years","Bartow","329","0","2"
"10-17 years","Bartow","1281","0","16"
"18-29 years","Bartow","2521","0","29"
"30-39 years","Bartow","2084","5","57"
"40-49 years","Bartow","2115","4","93"
"50-59 years","Bartow","2178","18","175"
"60-69 years","Bartow","1337","50","172"
"70-79 years","Bartow","888","80","209"
"80 & Older years","Bartow","435","80","133"
"<1 years","Bartow","60","0","3"
"Unknown years","Bartow","74","0","7"
"01-04 years","Ben Hill","36","0","1"
"05-09 years","Ben Hill","30","0","0"
"10-17 years","Ben Hill","142","0","0"
"18-29 years","Ben Hill","336","1","5"
"30-39 years","Ben Hill","257","3","12"
"40-49 years","Ben Hill","247","1","13"
"50-59 years","Ben Hill","269","6","33"
"60-69 years","Ben Hill","227","15","34"
"70-79 years","Ben Hill","155","19","55"
"80 & Older years","Ben Hill","73","19","19"
"<1 years","Ben Hill","7","0","1"
"Unknown years","Ben Hill","1","0","0"
"01-04 years","Berrien","34","0","0"
"05-09 years","Berrien","39","0","0"
"10-17 years","Berrien","141","0","1"
"18-29 years","Berrien","265","0","0"
"30-39 years","Berrien","223","0","3"
"40-49 years","Berrien","181","0","5"
"50-59 years","Berrien","204","4","17"
"60-69 years","Berrien","156","8","20"
"70-79 years","Berrien","111","15","20"
"80 & Older years","Berrien","57","13","15"
"<1 years","Berrien","7","0","0"
"Unknown years","Berrien","2","0","0"
"01-04 years","Bibb","248","0","7"
"05-09 years","Bibb","458","0","0"
"10-17 years","Bibb","1350","0","13"
"18-29 years","Bibb","4008","1","101"
"30-39 years","Bibb","2955","6","144"
"40-49 years","Bibb","2743","21","242"
"50-59 years","Bibb","2489","33","334"
"60-69 years","Bibb","1942","101","478"
"70-79 years","Bibb","1099","128","400"
"80 & Older years","Bibb","666","165","329"
"<1 years","Bibb","71","0","5"
"Unknown years","Bibb","7","0","0"
"01-04 years","Bleckley","14","0","0"
"05-09 years","Bleckley","32","0","0"
"10-17 years","Bleckley","100","0","0"
"18-29 years","Bleckley","233","0","4"
"30-39 years","Bleckley","131","1","4"
"40-49 years","Bleckley","125","1","2"
"50-59 years","Bleckley","130","2","7"
"60-69 years","Bleckley","100","7","13"
"70-79 years","Bleckley","69","4","13"
"80 & Older years","Bleckley","62","18","13"
"<1 years","Bleckley","3","0","0"
"01-04 years","Brantley","29","0","0"
"05-09 years","Brantley","55","0","0"
"10-17 years","Brantley","188","0","1"
"18-29 years","Brantley","314","0","4"
"30-39 years","Brantley","247","0","5"
"40-49 years","Brantley","238","2","16"
"50-59 years","Brantley","266","9","24"
"60-69 years","Brantley","185","7","21"
"70-79 years","Brantley","129","20","35"
"80 & Older years","Brantley","56","10","14"
"<1 years","Brantley","3","0","0"
"Unknown years","Brantley","5","0","0"
"01-04 years","Brooks","24","0","1"
"05-09 years","Brooks","43","0","0"
"10-17 years","Brooks","116","0","0"
"18-29 years","Brooks","238","0","1"
"30-39 years","Brooks","178","0","4"
"40-49 years","Brooks","172","1","13"
"50-59 years","Brooks","191","2","23"
"60-69 years","Brooks","131","8","21"
"70-79 years","Brooks","107","12","20"
"80 & Older years","Brooks","71","18","17"
"<1 years","Brooks","11","0","0"
"01-04 years","Bryan","95","0","0"
"05-09 years","Bryan","193","0","1"
"10-17 years","Bryan","540","0","4"
"18-29 years","Bryan","763","0","18"
"30-39 years","Bryan","689","1","21"
"40-49 years","Bryan","720","1","30"
"50-59 years","Bryan","478","5","38"
"60-69 years","Bryan","332","13","43"
"70-79 years","Bryan","199","12","67"
"80 & Older years","Bryan","74","9","29"
"<1 years","Bryan","27","0","0"
"Unknown years","Bryan","13","0","0"
"01-04 years","Bulloch","135","0","1"
"05-09 years","Bulloch","274","0","2"
"10-17 years","Bulloch","834","0","2"
"18-29 years","Bulloch","2829","0","12"
"30-39 years","Bulloch","955","2","23"
"40-49 years","Bulloch","803","4","27"
"50-59 years","Bulloch","697","11","42"
"60-69 years","Bulloch","499","21","56"
"70-79 years","Bulloch","241","21","47"
"80 & Older years","Bulloch","116","18","39"
"<1 years","Bulloch","46","0","2"
"Unknown years","Bulloch","3","0","0"
"01-04 years","Burke","31","0","0"
"05-09 years","Burke","66","0","0"
"10-17 years","Burke","178","0","1"
"18-29 years","Burke","417","1","10"
"30-39 years","Burke","338","1","14"
"40-49 years","Burke","348","2","20"
"50-59 years","Burke","316","6","36"
"60-69 years","Burke","238","7","44"
"70-79 years","Burke","133","14","38"
"80 & Older years","Burke","44","11","16"
"<1 years","Burke","8","0","0"
"Unknown years","Burke","3","0","0"
"01-04 years","Butts","38","0","3"
"05-09 years","Butts","61","0","0"
"10-17 years","Butts","234","0","5"
"18-29 years","Butts","548","0","7"
"30-39 years","Butts","494","0","8"
"40-49 years","Butts","431","4","20"
"50-59 years","Butts","473","9","31"
"60-69 years","Butts","318","17","39"
"70-79 years","Butts","213","24","33"
"80 & Older years","Butts","120","31","10"
"<1 years","Butts","13","0","2"
"Unknown years","Butts","3","0","0"
"01-04 years","Calhoun","11","0","0"
"05-09 years","Calhoun","9","0","0"
"10-17 years","Calhoun","60","0","0"
"18-29 years","Calhoun","87","0","6"
"30-39 years","Calhoun","77","2","7"
"40-49 years","Calhoun","94","2","11"
"50-59 years","Calhoun","101","2","18"
"60-69 years","Calhoun","80","2","23"
"70-79 years","Calhoun","33","7","11"
"80 & Older years","Calhoun","20","2","9"
"<1 years","Calhoun","5","0","0"
"Unknown years","Calhoun","1","0","0"
"01-04 years","Camden","108","0","0"
"05-09 years","Camden","169","0","2"
"10-17 years","Camden","520","0","1"
"18-29 years","Camden","1178","0","10"
"30-39 years","Camden","888","1","23"
"40-49 years","Camden","654","5","23"
"50-59 years","Camden","722","5","30"
"60-69 years","Camden","489","17","43"
"70-79 years","Camden","280","9","30"
"80 & Older years","Camden","118","21","26"
"<1 years","Camden","15","0","2"
"Unknown years","Camden","77","0","1"
"01-04 years","Candler","12","0","0"
"05-09 years","Candler","38","0","0"
"10-17 years","Candler","98","0","0"
"18-29 years","Candler","174","0","1"
"30-39 years","Candler","137","0","4"
"40-49 years","Candler","155","3","2"
"50-59 years","Candler","167","7","16"
"60-69 years","Candler","121","9","15"
"70-79 years","Candler","86","14","20"
"80 & Older years","Candler","34","6","14"
"<1 years","Candler","5","0","0"
"Unknown years","Candler","1","0","0"
"01-04 years","Carroll","144","0","1"
"05-09 years","Carroll","231","0","3"
"10-17 years","Carroll","856","0","6"
"18-29 years","Carroll","2037","0","15"
"30-39 years","Carroll","1348","4","23"
"40-49 years","Carroll","1282","4","39"
"50-59 years","Carroll","1251","13","63"
"60-69 years","Carroll","876","27","91"
"70-79 years","Carroll","505","36","75"
"80 & Older years","Carroll","292","53","47"
"<1 years","Carroll","34","0","1"
"Unknown years","Carroll","5","0","0"
"01-04 years","Catoosa","120","0","0"
"05-09 years","Catoosa","233","0","1"
"10-17 years","Catoosa","725","0","2"
"18-29 years","Catoosa","1322","0","9"
"30-39 years","Catoosa","1022","1","14"
"40-49 years","Catoosa","1138","2","22"
"50-59 years","Catoosa","1033","7","43"
"60-69 years","Catoosa","704","8","63"
"70-79 years","Catoosa","430","21","68"
"80 & Older years","Catoosa","285","32","54"
"<1 years","Catoosa","49","0","1"
"Unknown years","Catoosa","85","0","4"
"01-04 years","Charlton","16","0","0"
"05-09 years","Charlton","41","0","0"
"10-17 years","Charlton","92","0","0"
"18-29 years","Charlton","371","1","2"
"30-39 years","Charlton","319","2","6"
"40-49 years","Charlton","259","2","11"
"50-59 years","Charlton","190","3","8"
"60-69 years","Charlton","179","9","24"
"70-79 years","Charlton","75","7","17"
"80 & Older years","Charlton","38","10","17"
"<1 years","Charlton","5","0","0"
"Unknown years","Charlton","1","0","0"
"01-04 years","Chatham","836","0","7"
"05-09 years","Chatham","1227","1","2"
"10-17 years","Chatham","2698","0","23"
"18-29 years","Chatham","7007","5","100"
"30-39 years","Chatham","5131","8","166"
"40-49 years","Chatham","3923","21","230"
"50-59 years","Chatham","3384","47","331"
"60-69 years","Chatham","2640","103","471"
"70-79 years","Chatham","1385","135","437"
"80 & Older years","Chatham","845","176","369"
"<1 years","Chatham","195","0","7"
"Unknown years","Chatham","50","0","1"
"01-04 years","Chattahoochee","9","0","0"
"05-09 years","Chattahoochee","15","0","0"
"10-17 years","Chattahoochee","144","0","2"
"18-29 years","Chattahoochee","3719","7","7"
"30-39 years","Chattahoochee","348","2","4"
"40-49 years","Chattahoochee","61","0","0"
"50-59 years","Chattahoochee","38","0","9"
"60-69 years","Chattahoochee","19","0","4"
"70-79 years","Chattahoochee","11","1","4"
"80 & Older years","Chattahoochee","9","3","5"
"<1 years","Chattahoochee","8","0","0"
"Unknown years","Chattahoochee","1","0","0"
"01-04 years","Chattooga","34","0","0"
"05-09 years","Chattooga","71","0","0"
"10-17 years","Chattooga","329","0","2"
"18-29 years","Chattooga","497","0","7"
"30-39 years","Chattooga","422","0","9"
"40-49 years","Chattooga","450","2","20"
"50-59 years","Chattooga","426","6","28"
"60-69 years","Chattooga","338","15","48"
"70-79 years","Chattooga","202","19","55"
"80 & Older years","Chattooga","132","26","35"
"<1 years","Chattooga","19","0","3"
"Unknown years","Chattooga","14","0","1"
"01-04 years","Cherokee","364","0","9"
"05-09 years","Cherokee","945","0","9"
"10-17 years","Cherokee","3321","0","19"
"18-29 years","Cherokee","5215","2","95"
"30-39 years","Cherokee","3978","3","136"
"40-49 years","Cherokee","4502","8","173"
"50-59 years","Cherokee","4249","26","274"
"60-69 years","Cherokee","2562","53","315"
"70-79 years","Cherokee","1579","96","311"
"80 & Older years","Cherokee","919","157","264"
"<1 years","Cherokee","75","0","2"
"Unknown years","Cherokee","23","0","0"
"01-04 years","Clarke","249","0","1"
"05-09 years","Clarke","379","0","3"
"10-17 years","Clarke","956","0","8"
"18-29 years","Clarke","7140","1","60"
"30-39 years","Clarke","2004","3","43"
"40-49 years","Clarke","1618","3","65"
"50-59 years","Clarke","1401","13","96"
"60-69 years","Clarke","914","25","115"
"70-79 years","Clarke","532","51","130"
"80 & Older years","Clarke","284","53","79"
"<1 years","Clarke","64","0","2"
"Unknown years","Clarke","11","0","0"
"01-04 years","Clay","3","0","0"
"05-09 years","Clay","5","0","0"
"10-17 years","Clay","21","0","0"
"18-29 years","Clay","34","0","0"
"30-39 years","Clay","36","0","1"
"40-49 years","Clay","37","0","2"
"50-59 years","Clay","21","0","2"
"60-69 years","Clay","26","1","2"
"70-79 years","Clay","20","0","0"
"80 & Older years","Clay","14","2","5"
"Unknown years","Clay","2","0","0"
"01-04 years","Clayton","668","0","14"
"05-09 years","Clayton","1120","1","12"
"10-17 years","Clayton","2657","1","50"
"18-29 years","Clayton","6296","7","141"
"30-39 years","Clayton","5665","18","219"
"40-49 years","Clayton","4906","35","245"
"50-59 years","Clayton","4444","75","354"
"60-69 years","Clayton","2780","139","318"
"70-79 years","Clayton","1133","135","221"
"80 & Older years","Clayton","542","132","137"
"<1 years","Clayton","140","0","8"
"Unknown years","Clayton","37","0","4"
"01-04 years","Clinch","20","0","0"
"05-09 years","Clinch","34","0","0"
"10-17 years","Clinch","96","0","0"
"18-29 years","Clinch","172","0","2"
"30-39 years","Clinch","140","1","4"
"40-49 years","Clinch","126","0","3"
"50-59 years","Clinch","131","2","17"
"60-69 years","Clinch","132","8","19"
"70-79 years","Clinch","63","9","19"
"80 & Older years","Clinch","22","8","8"
"<1 years","Clinch","4","0","0"
"Unknown years","Clinch","1","0","0"
"01-04 years","Cobb","1142","1","20"
"05-09 years","Cobb","2400","0","20"
"10-17 years","Cobb","6589","0","51"
"18-29 years","Cobb","17824","6","270"
"30-39 years","Cobb","12527","20","324"
"40-49 years","Cobb","11690","40","515"
"50-59 years","Cobb","10251","91","683"
"60-69 years","Cobb","6225","178","681"
"70-79 years","Cobb","3371","326","644"
"80 & Older years","Cobb","1972","435","579"
"<1 years","Cobb","268","0","19"
"Unknown years","Cobb","75","1","2"
"01-04 years","Coffee","122","0","2"
"05-09 years","Coffee","185","0","4"
"10-17 years","Coffee","484","0","5"
"18-29 years","Coffee","1151","1","32"
"30-39 years","Coffee","859","4","54"
"40-49 years","Coffee","865","10","111"
"50-59 years","Coffee","839","16","166"
"60-69 years","Coffee","627","40","163"
"70-79 years","Coffee","324","45","141"
"80 & Older years","Coffee","173","42","94"
"<1 years","Coffee","32","0","2"
"Unknown years","Coffee","5","0","0"
"01-04 years","Colquitt","73","0","0"
"05-09 years","Colquitt","168","0","2"
"10-17 years","Colquitt","574","0","10"
"18-29 years","Colquitt","982","0","24"
"30-39 years","Colquitt","721","2","24"
"40-49 years","Colquitt","725","7","42"
"50-59 years","Colquitt","640","17","48"
"60-69 years","Colquitt","455","17","55"
"70-79 years","Colquitt","296","18","55"
"80 & Older years","Colquitt","167","30","37"
"<1 years","Colquitt","27","0","1"
"01-04 years","Columbia","202","0","2"
"05-09 years","Columbia","473","0","2"
"10-17 years","Columbia","1508","0","4"
"18-29 years","Columbia","2659","1","29"
"30-39 years","Columbia","2449","2","35"
"40-49 years","Columbia","2154","9","59"
"50-59 years","Columbia","1755","21","92"
"60-69 years","Columbia","1138","30","109"
"70-79 years","Columbia","597","45","126"
"80 & Older years","Columbia","356","70","116"
"<1 years","Columbia","48","0","2"
"Unknown years","Columbia","8","0","0"
"01-04 years","Cook","29","0","1"
"05-09 years","Cook","61","0","0"
"10-17 years","Cook","155","0","2"
"18-29 years","Cook","288","0","6"
"30-39 years","Cook","239","0","4"
"40-49 years","Cook","239","2","18"
"50-59 years","Cook","208","4","19"
"60-69 years","Cook","154","7","20"
"70-79 years","Cook","110","13","29"
"80 & Older years","Cook","65","18","15"
"<1 years","Cook","15","0","2"
"Unknown years","Cook","1","0","0"
"01-04 years","Coweta","200","0","0"
"05-09 years","Coweta","341","0","1"
"10-17 years","Coweta","1073","0","8"
"18-29 years","Coweta","1969","1","30"
"30-39 years","Coweta","1597","7","57"
"40-49 years","Coweta","1698","13","76"
"50-59 years","Coweta","1882","30","106"
"60-69 years","Coweta","1157","43","92"
"70-79 years","Coweta","715","68","102"
"80 & Older years","Coweta","375","80","59"
"<1 years","Coweta","40","0","1"
"Unknown years","Coweta","6","0","0"
"01-04 years","Crawford","3","0","0"
"05-09 years","Crawford","6","0","0"
"10-17 years","Crawford","42","0","2"
"18-29 years","Crawford","109","0","3"
"30-39 years","Crawford","109","1","7"
"40-49 years","Crawford","80","2","6"
"50-59 years","Crawford","137","4","20"
"60-69 years","Crawford","129","7","20"
"70-79 years","Crawford","59","7","15"
"80 & Older years","Crawford","30","2","12"
"01-04 years","Crisp","28","0","0"
"05-09 years","Crisp","45","0","0"
"10-17 years","Crisp","164","0","2"
"18-29 years","Crisp","288","0","11"
"30-39 years","Crisp","281","1","17"
"40-49 years","Crisp","240","4","22"
"50-59 years","Crisp","234","4","30"
"60-69 years","Crisp","219","18","42"
"70-79 years","Crisp","114","15","34"
"80 & Older years","Crisp","74","19","18"
"<1 years","Crisp","12","0","0"
"Unknown years","Crisp","7","0","0"
"01-04 years","Dade","30","0","0"
"05-09 years","Dade","65","0","0"
"10-17 years","Dade","184","0","1"
"18-29 years","Dade","305","0","1"
"30-39 years","Dade","201","0","2"
"40-49 years","Dade","239","0","7"
"50-59 years","Dade","207","3","12"
"60-69 years","Dade","159","1","11"
"70-79 years","Dade","112","7","20"
"80 & Older years","Dade","55","3","10"
"<1 years","Dade","6","0","0"
"Unknown years","Dade","25","0","1"
"01-04 years","Dawson","50","0","0"
"05-09 years","Dawson","106","0","0"
"10-17 years","Dawson","304","0","5"
"18-29 years","Dawson","690","0","15"
"30-39 years","Dawson","556","0","20"
"40-49 years","Dawson","497","0","29"
"50-59 years","Dawson","531","4","42"
"60-69 years","Dawson","424","8","78"
"70-79 years","Dawson","256","21","56"
"80 & Older years","Dawson","102","17","34"
"<1 years","Dawson","10","0","2"
"Unknown years","Dawson","27","0","1"
"01-04 years","DeKalb","1331","0","26"
"05-09 years","DeKalb","2085","0","26"
"10-17 years","DeKalb","5059","0","77"
"18-29 years","DeKalb","16038","11","458"
"30-39 years","DeKalb","13883","20","660"
"40-49 years","DeKalb","10834","42","726"
"50-59 years","DeKalb","9530","123","998"
"60-69 years","DeKalb","6055","201","1084"
"70-79 years","DeKalb","2980","275","830"
"80 & Older years","DeKalb","1804","361","587"
"<1 years","DeKalb","264","0","15"
"Unknown years","DeKalb","233","0","18"
"01-04 years","Decatur","110","0","1"
"05-09 years","Decatur","124","0","0"
"10-17 years","Decatur","309","0","1"
"18-29 years","Decatur","588","1","15"
"30-39 years","Decatur","425","1","9"
"40-49 years","Decatur","426","2","24"
"50-59 years","Decatur","363","7","36"
"60-69 years","Decatur","277","14","42"
"70-79 years","Decatur","169","22","35"
"80 & Older years","Decatur","105","20","23"
"<1 years","Decatur","16","0","0"
"Unknown years","Decatur","3","0","0"
"01-04 years","Dodge","14","0","0"
"05-09 years","Dodge","30","0","0"
"10-17 years","Dodge","152","1","1"
"18-29 years","Dodge","257","0","5"
"30-39 years","Dodge","196","0","7"
"40-49 years","Dodge","199","2","12"
"50-59 years","Dodge","209","5","23"
"60-69 years","Dodge","156","17","29"
"70-79 years","Dodge","89","18","22"
"80 & Older years","Dodge","59","14","16"
"<1 years","Dodge","8","0","0"
"01-04 years","Dooly","14","0","0"
"05-09 years","Dooly","25","0","0"
"10-17 years","Dooly","83","0","1"
"18-29 years","Dooly","157","1","5"
"30-39 years","Dooly","121","0","11"
"40-49 years","Dooly","153","2","11"
"50-59 years","Dooly","158","5","20"
"60-69 years","Dooly","139","10","24"
"70-79 years","Dooly","66","10","19"
"80 & Older years","Dooly","24","6","6"
"<1 years","Dooly","4","0","0"
"Unknown years","Dooly","17","0","0"
"01-04 years","Dougherty","141","0","3"
"05-09 years","Dougherty","250","0","0"
"10-17 years","Dougherty","527","0","11"
"18-29 years","Dougherty","1426","4","115"
"30-39 years","Dougherty","1181","6","99"
"40-49 years","Dougherty","1087","21","141"
"50-59 years","Dougherty","1101","30","191"
"60-69 years","Dougherty","890","83","281"
"70-79 years","Dougherty","511","73","196"
"80 & Older years","Dougherty","305","101","140"
"<1 years","Dougherty","48","0","4"
"Unknown years","Dougherty","1","0","0"
"01-04 years","Douglas","274","0","6"
"05-09 years","Douglas","484","0","7"
"10-17 years","Douglas","1458","1","20"
"18-29 years","Douglas","2931","1","57"
"30-39 years","Douglas","2471","4","89"
"40-49 years","Douglas","2754","9","149"
"50-59 years","Douglas","2382","28","207"
"60-69 years","Douglas","1344","41","205"
"70-79 years","Douglas","688","63","166"
"80 & Older years","Douglas","339","57","108"
"<1 years","Douglas","60","0","6"
"Unknown years","Douglas","14","0","1"
"01-04 years","Early","38","0","0"
"05-09 years","Early","44","0","0"
"10-17 years","Early","197","0","0"
"18-29 years","Early","244","1","9"
"30-39 years","Early","207","1","5"
"40-49 years","Early","222","1","11"
"50-59 years","Early","205","4","15"
"60-69 years","Early","143","11","16"
"70-79 years","Early","87","14","18"
"80 & Older years","Early","45","12","15"
"<1 years","Early","4","0","0"
"Unknown years","Early","3","0","0"
"01-04 years","Echols","9","0","0"
"05-09 years","Echols","7","0","0"
"10-17 years","Echols","30","0","1"
"18-29 years","Echols","135","0","1"
"30-39 years","Echols","63","1","3"
"40-49 years","Echols","45","0","1"
"50-59 years","Echols","49","0","2"
"60-69 years","Echols","23","0","0"
"70-79 years","Echols","19","2","3"
"80 & Older years","Echols","4","1","2"
"<1 years","Echols","2","0","0"
"01-04 years","Effingham","142","0","3"
"05-09 years","Effingham","315","0","3"
"10-17 years","Effingham","791","0","2"
"18-29 years","Effingham","1020","0","10"
"30-39 years","Effingham","1002","1","22"
"40-49 years","Effingham","912","3","51"
"50-59 years","Effingham","824","17","70"
"60-69 years","Effingham","532","13","86"
"70-79 years","Effingham","297","27","81"
"80 & Older years","Effingham","144","29","43"
"<1 years","Effingham","36","0","0"
"Unknown years","Effingham","11","0","0"
"01-04 years","Elbert","28","0","0"
"05-09 years","Elbert","49","0","0"
"10-17 years","Elbert","126","0","2"
"18-29 years","Elbert","316","1","2"
"30-39 years","Elbert","227","0","9"
"40-49 years","Elbert","249","1","11"
"50-59 years","Elbert","256","1","15"
"60-69 years","Elbert","203","6","25"
"70-79 years","Elbert","173","20","37"
"80 & Older years","Elbert","134","32","41"
"<1 years","Elbert","11","0","2"
"Unknown years","Elbert","3","0","0"
"01-04 years","Emanuel","48","0","1"
"05-09 years","Emanuel","82","0","0"
"10-17 years","Emanuel","291","0","2"
"18-29 years","Emanuel","451","1","1"
"30-39 years","Emanuel","340","0","14"
"40-49 years","Emanuel","370","2","12"
"50-59 years","Emanuel","327","6","30"
"60-69 years","Emanuel","263","10","30"
"70-79 years","Emanuel","152","16","27"
"80 & Older years","Emanuel","70","21","23"
"<1 years","Emanuel","9","0","1"
"Unknown years","Emanuel","10","0","1"
"01-04 years","Evans","20","0","0"
"05-09 years","Evans","41","0","0"
"10-17 years","Evans","111","0","2"
"18-29 years","Evans","208","1","3"
"30-39 years","Evans","178","0","4"
"40-49 years","Evans","158","2","18"
"50-59 years","Evans","155","4","20"
"60-69 years","Evans","91","6","19"
"70-79 years","Evans","62","7","21"
"80 & Older years","Evans","22","4","12"
"<1 years","Evans","6","0","0"
"01-04 years","Fannin","27","0","1"
"05-09 years","Fannin","61","0","0"
"10-17 years","Fannin","231","0","1"
"18-29 years","Fannin","365","0","7"
"30-39 years","Fannin","308","0","7"
"40-49 years","Fannin","354","2","13"
"50-59 years","Fannin","445","5","28"
"60-69 years","Fannin","449","10","47"
"70-79 years","Fannin","321","22","58"
"80 & Older years","Fannin","168","34","50"
"<1 years","Fannin","5","0","0"
"01-04 years","Fayette","119","0","1"
"05-09 years","Fayette","273","0","3"
"10-17 years","Fayette","907","0","8"
"18-29 years","Fayette","1520","3","16"
"30-39 years","Fayette","1040","3","16"
"40-49 years","Fayette","1368","5","47"
"50-59 years","Fayette","1399","10","80"
"60-69 years","Fayette","1006","25","89"
"70-79 years","Fayette","514","59","102"
"80 & Older years","Fayette","334","66","59"
"<1 years","Fayette","25","0","1"
"Unknown years","Fayette","13","0","0"
"01-04 years","Floyd","200","0","4"
"05-09 years","Floyd","368","0","1"
"10-17 years","Floyd","1428","0","12"
"18-29 years","Floyd","2590","0","41"
"30-39 years","Floyd","1993","4","60"
"40-49 years","Floyd","1859","7","105"
"50-59 years","Floyd","1808","27","182"
"60-69 years","Floyd","1296","39","214"
"70-79 years","Floyd","813","57","214"
"80 & Older years","Floyd","446","75","159"
"<1 years","Floyd","78","0","4"
"Unknown years","Floyd","78","0","3"
"01-04 years","Forsyth","394","0","4"
"05-09 years","Forsyth","1110","0","2"
"10-17 years","Forsyth","3283","0","9"
"18-29 years","Forsyth","3779","0","53"
"30-39 years","Forsyth","2956","1","71"
"40-49 years","Forsyth","3930","5","156"
"50-59 years","Forsyth","3468","13","197"
"60-69 years","Forsyth","1768","27","192"
"70-79 years","Forsyth","1032","68","238"
"80 & Older years","Forsyth","592","97","181"
"<1 years","Forsyth","75","0","3"
"Unknown years","Forsyth","332","0","4"
"01-04 years","Franklin","34","0","2"
"05-09 years","Franklin","79","0","0"
"10-17 years","Franklin","274","0","6"
"18-29 years","Franklin","541","0","13"
"30-39 years","Franklin","374","0","9"
"40-49 years","Franklin","404","0","15"
"50-59 years","Franklin","411","2","33"
"60-69 years","Franklin","371","5","43"
"70-79 years","Franklin","227","21","44"
"80 & Older years","Franklin","120","24","31"
"<1 years","Franklin","11","0","2"
"Unknown years","Franklin","42","0","0"
"01-04 years","Fulton","1611","0","46"
"05-09 years","Fulton","2829","0","30"
"10-17 years","Fulton","7914","1","79"
"18-29 years","Fulton","25433","5","495"
"30-39 years","Fulton","19120","31","693"
"40-49 years","Fulton","15005","44","784"
"50-59 years","Fulton","13031","136","1140"
"60-69 years","Fulton","7630","260","1040"
"70-79 years","Fulton","3986","376","930"
"80 & Older years","Fulton","2765","571","864"
"<1 years","Fulton","335","0","21"
"Unknown years","Fulton","101","0","15"
"01-04 years","Gilmer","41","0","2"
"05-09 years","Gilmer","56","0","0"
"10-17 years","Gilmer","271","0","2"
"18-29 years","Gilmer","450","0","15"
"30-39 years","Gilmer","405","0","19"
"40-49 years","Gilmer","432","0","19"
"50-59 years","Gilmer","474","11","33"
"60-69 years","Gilmer","458","11","53"
"70-79 years","Gilmer","334","26","71"
"80 & Older years","Gilmer","159","35","46"
"<1 years","Gilmer","13","0","0"
"Unknown years","Gilmer","3","0","0"
"01-04 years","Glascock","1","0","0"
"05-09 years","Glascock","4","0","0"
"10-17 years","Glascock","4","0","0"
"18-29 years","Glascock","25","0","1"
"30-39 years","Glascock","20","0","0"
"40-49 years","Glascock","24","0","1"
"50-59 years","Glascock","34","2","4"
"60-69 years","Glascock","18","0","5"
"70-79 years","Glascock","26","3","9"
"80 & Older years","Glascock","9","2","5"
"<1 years","Glascock","1","0","0"
"Unknown years","Glascock","1","0","0"
"01-04 years","Glynn","253","0","3"
"05-09 years","Glynn","507","0","1"
"10-17 years","Glynn","1290","0","3"
"18-29 years","Glynn","2154","2","29"
"30-39 years","Glynn","1788","6","38"
"40-49 years","Glynn","1479","8","53"
"50-59 years","Glynn","1328","19","88"
"60-69 years","Glynn","1090","51","141"
"70-79 years","Glynn","650","64","101"
"80 & Older years","Glynn","340","76","104"
"<1 years","Glynn","51","0","2"
"Unknown years","Glynn","259","0","0"
"01-04 years","Gordon","124","0","1"
"05-09 years","Gordon","193","0","2"
"10-17 years","Gordon","784","0","6"
"18-29 years","Gordon","1512","1","18"
"30-39 years","Gordon","1197","2","25"
"40-49 years","Gordon","1234","6","40"
"50-59 years","Gordon","1179","15","65"
"60-69 years","Gordon","772","32","66"
"70-79 years","Gordon","419","32","87"
"80 & Older years","Gordon","211","37","60"
"<1 years","Gordon","43","0","3"
"Unknown years","Gordon","76","0","1"
"01-04 years","Grady","56","0","1"
"05-09 years","Grady","78","0","0"
"10-17 years","Grady","210","0","5"
"18-29 years","Grady","339","0","11"
"30-39 years","Grady","315","0","13"
"40-49 years","Grady","315","2","30"
"50-59 years","Grady","295","9","37"
"60-69 years","Grady","211","8","30"
"70-79 years","Grady","193","23","55"
"80 & Older years","Grady","65","18","24"
"<1 years","Grady","6","0","2"
"Unknown years","Grady","2","0","0"
"01-04 years","Greene","27","0","1"
"05-09 years","Greene","64","0","0"
"10-17 years","Greene","195","0","0"
"18-29 years","Greene","333","0","8"
"30-39 years","Greene","247","0","8"
"40-49 years","Greene","231","4","17"
"50-59 years","Greene","278","6","23"
"60-69 years","Greene","271","8","25"
"70-79 years","Greene","199","12","30"
"80 & Older years","Greene","116","27","44"
"<1 years","Greene","8","0","1"
"Unknown years","Greene","2","0","0"
"01-04 years","Gwinnett","1701","0","21"
"05-09 years","Gwinnett","2884","0","27"
"10-17 years","Gwinnett","8880","2","76"
"18-29 years","Gwinnett","21734","10","554"
"30-39 years","Gwinnett","16676","26","606"
"40-49 years","Gwinnett","17432","72","841"
"50-59 years","Gwinnett","14719","121","982"
"60-69 years","Gwinnett","8150","234","1012"
"70-79 years","Gwinnett","3686","296","807"
"80 & Older years","Gwinnett","2007","423","707"
"<1 years","Gwinnett","503","0","25"
"Unknown years","Gwinnett","95","0","2"
"01-04 years","Habersham","59","0","3"
"05-09 years","Habersham","91","0","3"
"10-17 years","Habersham","394","1","9"
"18-29 years","Habersham","1044","1","16"
"30-39 years","Habersham","796","2","32"
"40-49 years","Habersham","824","3","47"
"50-59 years","Habersham","857","7","74"
"60-69 years","Habersham","666","21","131"
"70-79 years","Habersham","457","52","120"
"80 & Older years","Habersham","301","73","97"
"<1 years","Habersham","19","0","6"
"Unknown years","Habersham","53","0","4"
"01-04 years","Hall","267","0","12"
"05-09 years","Hall","576","0","6"
"10-17 years","Hall","2514","0","35"
"18-29 years","Hall","6358","4","205"
"30-39 years","Hall","4358","3","247"
"40-49 years","Hall","4445","17","332"
"50-59 years","Hall","4610","41","494"
"60-69 years","Hall","3056","92","491"
"70-79 years","Hall","1940","134","557"
"80 & Older years","Hall","1094","205","431"
"<1 years","Hall","59","0","8"
"Unknown years","Hall","331","0","10"
"01-04 years","Hancock","9","0","0"
"05-09 years","Hancock","11","0","0"
"10-17 years","Hancock","47","0","1"
"18-29 years","Hancock","159","0","3"
"30-39 years","Hancock","131","0","4"
"40-49 years","Hancock","121","1","7"
"50-59 years","Hancock","158","4","16"
"60-69 years","Hancock","160","18","32"
"70-79 years","Hancock","83","21","28"
"80 & Older years","Hancock","66","23","24"
"<1 years","Hancock","4","0","0"
"Unknown years","Hancock","2","0","0"
"01-04 years","Haralson","28","0","0"
"05-09 years","Haralson","53","0","0"
"10-17 years","Haralson","206","0","2"
"18-29 years","Haralson","424","0","4"
"30-39 years","Haralson","277","0","6"
"40-49 years","Haralson","297","2","8"
"50-59 years","Haralson","334","2","9"
"60-69 years","Haralson","227","13","25"
"70-79 years","Haralson","142","13","19"
"80 & Older years","Haralson","57","7","10"
"<1 years","Haralson","9","0","1"
"Unknown years","Haralson","4","0","0"
"01-04 years","Harris","39","0","0"
"05-09 years","Harris","58","0","0"
"10-17 years","Harris","245","0","2"
"18-29 years","Harris","432","0","7"
"30-39 years","Harris","340","0","11"
"40-49 years","Harris","469","3","19"
"50-59 years","Harris","482","8","33"
"60-69 years","Harris","398","15","61"
"70-79 years","Harris","236","27","49"
"80 & Older years","Harris","71","14","17"
"<1 years","Harris","7","0","0"
"Unknown years","Harris","17","0","0"
"01-04 years","Hart","24","0","0"
"05-09 years","Hart","38","0","1"
"10-17 years","Hart","151","0","0"
"18-29 years","Hart","373","0","2"
"30-39 years","Hart","325","0","10"
"40-49 years","Hart","275","0","13"
"50-59 years","Hart","327","3","24"
"60-69 years","Hart","256","14","33"
"70-79 years","Hart","167","8","29"
"80 & Older years","Hart","93","16","30"
"<1 years","Hart","10","0","1"
"Unknown years","Hart","23","0","0"
"01-04 years","Heard","12","0","0"
"05-09 years","Heard","39","0","0"
"10-17 years","Heard","118","0","1"
"18-29 years","Heard","158","0","1"
"30-39 years","Heard","111","0","1"
"40-49 years","Heard","149","0","11"
"50-59 years","Heard","138","1","7"
"60-69 years","Heard","108","5","13"
"70-79 years","Heard","62","7","17"
"80 & Older years","Heard","26","6","4"
"<1 years","Heard","7","0","0"
"01-04 years","Henry","395","0","10"
"05-09 years","Henry","820","0","6"
"10-17 years","Henry","2530","0","30"
"18-29 years","Henry","4860","1","58"
"30-39 years","Henry","4203","9","81"
"40-49 years","Henry","4405","17","147"
"50-59 years","Henry","4112","29","173"
"60-69 years","Henry","2281","81","152"
"70-79 years","Henry","1121","99","111"
"80 & Older years","Henry","564","109","80"
"<1 years","Henry","88","0","5"
"Unknown years","Henry","33","0","3"
"01-04 years","Houston","213","0","5"
"05-09 years","Houston","437","0","2"
"10-17 years","Houston","1465","0","6"
"18-29 years","Houston","2877","4","58"
"30-39 years","Houston","2593","3","85"
"40-49 years","Houston","2288","10","131"
"50-59 years","Houston","1889","16","164"
"60-69 years","Houston","1262","50","209"
"70-79 years","Houston","665","67","193"
"80 & Older years","Houston","351","66","122"
"<1 years","Houston","43","0","4"
"Unknown years","Houston","10","0","0"
"01-04 years","Irwin","7","0","0"
"05-09 years","Irwin","15","0","0"
"10-17 years","Irwin","64","0","0"
"18-29 years","Irwin","169","0","5"
"30-39 years","Irwin","143","0","6"
"40-49 years","Irwin","153","1","10"
"50-59 years","Irwin","124","3","12"
"60-69 years","Irwin","95","1","22"
"70-79 years","Irwin","52","6","9"
"80 & Older years","Irwin","39","8","23"
"Unknown years","Irwin","3","0","0"
"01-04 years","Jackson","114","0","0"
"05-09 years","Jackson","265","0","3"
"10-17 years","Jackson","1289","1","10"
"18-29 years","Jackson","1829","2","31"
"30-39 years","Jackson","1739","2","49"
"40-49 years","Jackson","1817","6","79"
"50-59 years","Jackson","1665","11","118"
"60-69 years","Jackson","1107","29","106"
"70-79 years","Jackson","736","41","144"
"80 & Older years","Jackson","351","60","117"
"<1 years","Jackson","31","0","2"
"Unknown years","Jackson","14","0","1"
"01-04 years","Jasper","13","0","0"
"05-09 years","Jasper","22","0","0"
"10-17 years","Jasper","64","0","1"
"18-29 years","Jasper","156","0","6"
"30-39 years","Jasper","123","0","4"
"40-49 years","Jasper","131","1","5"
"50-59 years","Jasper","152","3","16"
"60-69 years","Jasper","115","8","23"
"70-79 years","Jasper","63","6","14"
"80 & Older years","Jasper","23","5","7"
"<1 years","Jasper","8","0","2"
"Unknown years","Jasper","2","0","0"
"01-04 years","Jeff Davis","41","0","0"
"05-09 years","Jeff Davis","70","0","0"
"10-17 years","Jeff Davis","171","0","2"
"18-29 years","Jeff Davis","339","0","5"
"30-39 years","Jeff Davis","274","0","9"
"40-49 years","Jeff Davis","259","0","16"
"50-59 years","Jeff Davis","232","7","22"
"60-69 years","Jeff Davis","141","8","24"
"70-79 years","Jeff Davis","102","15","23"
"80 & Older years","Jeff Davis","22","8","7"
"<1 years","Jeff Davis","6","0","1"
"Unknown years","Jeff Davis","2","0","0"
"01-04 years","Jefferson","26","0","2"
"05-09 years","Jefferson","39","0","0"
"10-17 years","Jefferson","122","0","2"
"18-29 years","Jefferson","277","0","3"
"30-39 years","Jefferson","230","0","10"
"40-49 years","Jefferson","241","3","18"
"50-59 years","Jefferson","293","5","26"
"60-69 years","Jefferson","267","12","40"
"70-79 years","Jefferson","168","19","44"
"80 & Older years","Jefferson","73","22","32"
"<1 years","Jefferson","5","0","1"
"Unknown years","Jefferson","8","0","0"
"01-04 years","Jenkins","21","0","0"
"05-09 years","Jenkins","27","0","0"
"10-17 years","Jenkins","80","0","0"
"18-29 years","Jenkins","136","0","2"
"30-39 years","Jenkins","100","2","6"
"40-49 years","Jenkins","132","2","14"
"50-59 years","Jenkins","151","6","23"
"60-69 years","Jenkins","94","7","13"
"70-79 years","Jenkins","60","13","21"
"80 & Older years","Jenkins","51","10","11"
"<1 years","Jenkins","2","0","0"
"Unknown years","Jenkins","2","0","0"
"01-04 years","Johnson","10","0","1"
"05-09 years","Johnson","16","0","0"
"10-17 years","Johnson","59","0","1"
"18-29 years","Johnson","154","0","5"
"30-39 years","Johnson","129","0","5"
"40-49 years","Johnson","123","2","6"
"50-59 years","Johnson","153","5","17"
"60-69 years","Johnson","141","8","23"
"70-79 years","Johnson","97","9","25"
"80 & Older years","Johnson","68","19","20"
"<1 years","Johnson","6","0","2"
"01-04 years","Jones","20","0","1"
"05-09 years","Jones","50","0","0"
"10-17 years","Jones","158","0","0"
"18-29 years","Jones","440","0","9"
"30-39 years","Jones","369","1","11"
"40-49 years","Jones","333","2","19"
"50-59 years","Jones","341","3","35"
"60-69 years","Jones","242","8","43"
"70-79 years","Jones","165","23","52"
"80 & Older years","Jones","93","22","26"
"<1 years","Jones","6","0","0"
"Unknown years","Jones","2","0","0"
"01-04 years","Lamar","51","0","0"
"05-09 years","Lamar","90","0","0"
"10-17 years","Lamar","266","0","4"
"18-29 years","Lamar","324","0","7"
"30-39 years","Lamar","286","1","13"
"40-49 years","Lamar","261","4","13"
"50-59 years","Lamar","254","6","33"
"60-69 years","Lamar","240","12","29"
"70-79 years","Lamar","154","14","29"
"80 & Older years","Lamar","73","22","21"
"<1 years","Lamar","30","0","1"
"Unknown years","Lamar","1","0","0"
"01-04 years","Lanier","12","0","0"
"05-09 years","Lanier","20","0","1"
"10-17 years","Lanier","69","0","1"
"18-29 years","Lanier","142","1","2"
"30-39 years","Lanier","161","0","2"
"40-49 years","Lanier","96","1","3"
"50-59 years","Lanier","80","1","7"
"60-69 years","Lanier","49","3","3"
"70-79 years","Lanier","32","4","6"
"80 & Older years","Lanier","16","0","6"
"<1 years","Lanier","5","0","0"
"Unknown years","Lanier","1","0","0"
"01-04 years","Laurens","73","0","1"
"05-09 years","Laurens","107","0","2"
"10-17 years","Laurens","461","0","5"
"18-29 years","Laurens","952","0","11"
"30-39 years","Laurens","742","1","20"
"40-49 years","Laurens","743","8","31"
"50-59 years","Laurens","723","16","69"
"60-69 years","Laurens","565","37","91"
"70-79 years","Laurens","366","50","88"
"80 & Older years","Laurens","238","53","65"
"<1 years","Laurens","22","0","3"
"Unknown years","Laurens","4","0","0"
"01-04 years","Lee","44","0","0"
"05-09 years","Lee","73","0","3"
"10-17 years","Lee","221","0","3"
"18-29 years","Lee","359","1","17"
"30-39 years","Lee","416","1","23"
"40-49 years","Lee","403","6","38"
"50-59 years","Lee","346","13","61"
"60-69 years","Lee","235","15","44"
"70-79 years","Lee","105","15","36"
"80 & Older years","Lee","66","12","25"
"<1 years","Lee","12","0","0"
"Unknown years","Lee","2","0","0"
"01-04 years","Liberty","187","0","1"
"05-09 years","Liberty","300","0","1"
"10-17 years","Liberty","646","0","3"
"18-29 years","Liberty","1637","1","17"
"30-39 years","Liberty","967","1","30"
"40-49 years","Liberty","639","2","20"
"50-59 years","Liberty","587","13","59"
"60-69 years","Liberty","368","19","60"
"70-79 years","Liberty","164","17","59"
"80 & Older years","Liberty","68","17","26"
"<1 years","Liberty","54","0","1"
"Unknown years","Liberty","15","0","0"
"01-04 years","Lincoln","14","0","0"
"05-09 years","Lincoln","19","0","0"
"10-17 years","Lincoln","45","0","0"
"18-29 years","Lincoln","113","0","4"
"30-39 years","Lincoln","91","0","2"
"40-49 years","Lincoln","98","1","9"
"50-59 years","Lincoln","83","3","5"
"60-69 years","Lincoln","85","5","18"
"70-79 years","Lincoln","57","9","15"
"80 & Older years","Lincoln","21","7","9"
"<1 years","Lincoln","4","0","0"
"Unknown years","Lincoln","4","0","0"
"01-04 years","Long","38","0","0"
"05-09 years","Long","64","0","0"
"10-17 years","Long","156","0","0"
"18-29 years","Long","213","0","0"
"30-39 years","Long","207","0","4"
"40-49 years","Long","175","0","7"
"50-59 years","Long","115","1","11"
"60-69 years","Long","88","3","13"
"70-79 years","Long","46","6","14"
"80 & Older years","Long","19","2","8"
"<1 years","Long","10","0","0"
"Unknown years","Long","6","0","0"
"01-04 years","Lowndes","219","0","0"
"05-09 years","Lowndes","308","0","0"
"10-17 years","Lowndes","866","0","9"
"18-29 years","Lowndes","2999","4","34"
"30-39 years","Lowndes","1702","3","30"
"40-49 years","Lowndes","1317","5","53"
"50-59 years","Lowndes","1111","16","73"
"60-69 years","Lowndes","755","34","92"
"70-79 years","Lowndes","433","45","77"
"80 & Older years","Lowndes","240","62","68"
"<1 years","Lowndes","63","0","1"
"Unknown years","Lowndes","12","0","0"
"01-04 years","Lumpkin","26","0","1"
"05-09 years","Lumpkin","87","0","4"
"10-17 years","Lumpkin","259","0","3"
"18-29 years","Lumpkin","930","0","16"
"30-39 years","Lumpkin","478","1","15"
"40-49 years","Lumpkin","468","1","29"
"50-59 years","Lumpkin","529","5","62"
"60-69 years","Lumpkin","467","13","70"
"70-79 years","Lumpkin","320","18","86"
"80 & Older years","Lumpkin","162","36","79"
"<1 years","Lumpkin","10","0","1"
"Unknown years","Lumpkin","35","0","2"
"01-04 years","Macon","14","0","0"
"05-09 years","Macon","20","0","0"
"10-17 years","Macon","35","0","0"
"18-29 years","Macon","141","0","4"
"30-39 years","Macon","110","0","4"
"40-49 years","Macon","127","3","9"
"50-59 years","Macon","147","5","20"
"60-69 years","Macon","90","9","28"
"70-79 years","Macon","59","7","21"
"80 & Older years","Macon","23","9","9"
"<1 years","Macon","4","0","0"
"Unknown years","Macon","4","0","1"
"01-04 years","Madison","66","0","1"
"05-09 years","Madison","97","0","0"
"10-17 years","Madison","354","0","1"
"18-29 years","Madison","658","0","5"
"30-39 years","Madison","536","0","12"
"40-49 years","Madison","535","1","22"
"50-59 years","Madison","531","4","31"
"60-69 years","Madison","411","10","48"
"70-79 years","Madison","245","20","50"
"80 & Older years","Madison","88","15","17"
"<1 years","Madison","28","0","5"
"Unknown years","Madison","5","0","0"
"01-04 years","Marion","10","0","0"
"05-09 years","Marion","18","0","1"
"10-17 years","Marion","71","0","0"
"18-29 years","Marion","98","0","2"
"30-39 years","Marion","70","0","2"
"40-49 years","Marion","89","1","7"
"50-59 years","Marion","84","6","7"
"60-69 years","Marion","62","6","8"
"70-79 years","Marion","36","5","11"
"80 & Older years","Marion","33","7","9"
"<1 years","Marion","5","0","0"
"Unknown years","Marion","6","0","0"
"01-04 years","McDuffie","34","0","0"
"05-09 years","McDuffie","47","0","0"
"10-17 years","McDuffie","160","0","0"
"18-29 years","McDuffie","399","0","8"
"30-39 years","McDuffie","300","2","4"
"40-49 years","McDuffie","299","2","20"
"50-59 years","McDuffie","289","7","37"
"60-69 years","McDuffie","232","11","37"
"70-79 years","McDuffie","136","12","52"
"80 & Older years","McDuffie","65","15","29"
"<1 years","McDuffie","4","0","0"
"Unknown years","McDuffie","18","0","0"
"01-04 years","McIntosh","16","0","0"
"05-09 years","McIntosh","49","0","0"
"10-17 years","McIntosh","175","0","0"
"18-29 years","McIntosh","189","0","4"
"30-39 years","McIntosh","172","0","3"
"40-49 years","McIntosh","175","0","4"
"50-59 years","McIntosh","199","0","8"
"60-69 years","McIntosh","154","2","22"
"70-79 years","McIntosh","88","8","20"
"80 & Older years","McIntosh","33","8","10"
"<1 years","McIntosh","1","0","0"
"Unknown years","McIntosh","20","0","0"
"01-04 years","Meriwether","47","0","2"
"05-09 years","Meriwether","51","0","1"
"10-17 years","Meriwether","138","0","1"
"18-29 years","Meriwether","297","0","11"
"30-39 years","Meriwether","243","2","17"
"40-49 years","Meriwether","287","3","22"
"50-59 years","Meriwether","294","7","29"
"60-69 years","Meriwether","265","14","37"
"70-79 years","Meriwether","208","26","44"
"80 & Older years","Meriwether","106","29","24"
"<1 years","Meriwether","10","0","2"
"Unknown years","Meriwether","2","0","0"
"01-04 years","Miller","16","0","0"
"05-09 years","Miller","24","0","0"
"10-17 years","Miller","120","0","1"
"18-29 years","Miller","151","0","1"
"30-39 years","Miller","132","0","0"
"40-49 years","Miller","112","0","7"
"50-59 years","Miller","159","2","14"
"60-69 years","Miller","113","3","13"
"70-79 years","Miller","37","2","3"
"80 & Older years","Miller","29","2","6"
"<1 years","Miller","4","0","0"
"01-04 years","Mitchell","33","0","1"
"05-09 years","Mitchell","50","0","0"
"10-17 years","Mitchell","141","0","3"
"18-29 years","Mitchell","338","1","12"
"30-39 years","Mitchell","297","1","16"
"40-49 years","Mitchell","282","5","24"
"50-59 years","Mitchell","300","12","61"
"60-69 years","Mitchell","245","16","55"
"70-79 years","Mitchell","151","20","51"
"80 & Older years","Mitchell","98","27","33"
"<1 years","Mitchell","11","0","0"
"Unknown years","Mitchell","1","0","0"
"01-04 years","Monroe","18","0","2"
"05-09 years","Monroe","49","0","1"
"10-17 years","Monroe","167","0","0"
"18-29 years","Monroe","403","1","6"
"30-39 years","Monroe","343","0","10"
"40-49 years","Monroe","371","4","22"
"50-59 years","Monroe","406","4","29"
"60-69 years","Monroe","354","21","61"
"70-79 years","Monroe","200","24","52"
"80 & Older years","Monroe","130","42","41"
"<1 years","Monroe","4","0","1"
"01-04 years","Montgomery","14","0","0"
"05-09 years","Montgomery","17","0","0"
"10-17 years","Montgomery","94","0","1"
"18-29 years","Montgomery","200","0","1"
"30-39 years","Montgomery","144","2","5"
"40-49 years","Montgomery","158","0","2"
"50-59 years","Montgomery","151","4","9"
"60-69 years","Montgomery","122","4","13"
"70-79 years","Montgomery","65","6","12"
"80 & Older years","Montgomery","36","7","7"
"<1 years","Montgomery","1","0","0"
"Unknown years","Montgomery","1","0","0"
"01-04 years","Morgan","32","0","0"
"05-09 years","Morgan","63","0","1"
"10-17 years","Morgan","145","0","1"
"18-29 years","Morgan","281","0","5"
"30-39 years","Morgan","240","0","9"
"40-49 years","Morgan","226","1","8"
"50-59 years","Morgan","232","2","19"
"60-69 years","Morgan","180","6","20"
"70-79 years","Morgan","125","4","21"
"80 & Older years","Morgan","65","12","22"
"<1 years","Morgan","23","0","1"
"Unknown years","Morgan","1","0","0"
"01-04 years","Murray","99","0","2"
"05-09 years","Murray","132","0","2"
"10-17 years","Murray","497","0","2"
"18-29 years","Murray","1071","0","12"
"30-39 years","Murray","777","1","9"
"40-49 years","Murray","887","4","27"
"50-59 years","Murray","765","10","59"
"60-69 years","Murray","515","16","82"
"70-79 years","Murray","320","37","71"
"80 & Older years","Murray","119","23","31"
"<1 years","Murray","32","0","2"
"Unknown years","Murray","1","0","0"
"01-04 years","Muscogee","371","0","8"
"05-09 years","Muscogee","614","0","0"
"10-17 years","Muscogee","1515","0","13"
"18-29 years","Muscogee","4222","6","92"
"30-39 years","Muscogee","3061","2","117"
"40-49 years","Muscogee","2489","11","145"
"50-59 years","Muscogee","2404","55","259"
"60-69 years","Muscogee","1871","99","328"
"70-79 years","Muscogee","1008","115","256"
"80 & Older years","Muscogee","606","173","210"
"<1 years","Muscogee","108","0","7"
"Unknown years","Muscogee","48","0","0"
"01-04 years","Newton","137","0","3"
"05-09 years","Newton","281","0","1"
"10-17 years","Newton","795","0","15"
"18-29 years","Newton","1797","1","73"
"30-39 years","Newton","1550","2","87"
"40-49 years","Newton","1692","9","139"
"50-59 years","Newton","1550","33","166"
"60-69 years","Newton","878","46","145"
"70-79 years","Newton","569","69","133"
"80 & Older years","Newton","333","93","88"
"<1 years","Newton","47","0","8"
"Unknown years","Newton","1","0","0"
"01-04 years","Non-GA Resident/Unknown State","398","0","9"
"05-09 years","Non-GA Resident/Unknown State","631","0","5"
"10-17 years","Non-GA Resident/Unknown State","1747","0","9"
"18-29 years","Non-GA Resident/Unknown State","6839","5","86"
"30-39 years","Non-GA Resident/Unknown State","4979","5","126"
"40-49 years","Non-GA Resident/Unknown State","4160","21","166"
"50-59 years","Non-GA Resident/Unknown State","3976","62","271"
"60-69 years","Non-GA Resident/Unknown State","2873","134","357"
"70-79 years","Non-GA Resident/Unknown State","1836","152","357"
"80 & Older years","Non-GA Resident/Unknown State","1004","158","237"
"<1 years","Non-GA Resident/Unknown State","201","0","3"
"Unknown years","Non-GA Resident/Unknown State","881","0","9"
"01-04 years","Oconee","51","0","0"
"05-09 years","Oconee","112","0","0"
"10-17 years","Oconee","459","0","0"
"18-29 years","Oconee","685","1","9"
"30-39 years","Oconee","450","1","5"
"40-49 years","Oconee","711","1","17"
"50-59 years","Oconee","573","5","13"
"60-69 years","Oconee","371","11","40"
"70-79 years","Oconee","207","18","27"
"80 & Older years","Oconee","146","31","44"
"<1 years","Oconee","15","0","0"
"01-04 years","Oglethorpe","23","0","0"
"05-09 years","Oglethorpe","50","0","0"
"10-17 years","Oglethorpe","135","0","2"
"18-29 years","Oglethorpe","262","0","3"
"30-39 years","Oglethorpe","184","2","4"
"40-49 years","Oglethorpe","218","1","10"
"50-59 years","Oglethorpe","206","1","20"
"60-69 years","Oglethorpe","174","1","17"
"70-79 years","Oglethorpe","126","12","18"
"80 & Older years","Oglethorpe","74","15","21"
"<1 years","Oglethorpe","11","0","0"
"01-04 years","Paulding","236","0","2"
"05-09 years","Paulding","536","0","0"
"10-17 years","Paulding","1577","0","8"
"18-29 years","Paulding","2529","1","37"
"30-39 years","Paulding","2236","2","39"
"40-49 years","Paulding","2380","8","62"
"50-59 years","Paulding","2133","22","94"
"60-69 years","Paulding","1120","42","94"
"70-79 years","Paulding","617","44","87"
"80 & Older years","Paulding","351","71","74"
"<1 years","Paulding","56","0","0"
"Unknown years","Paulding","31","0","1"
"01-04 years","Peach","26","0","2"
"05-09 years","Peach","36","0","0"
"10-17 years","Peach","143","0","2"
"18-29 years","Peach","518","2","14"
"30-39 years","Peach","425","0","18"
"40-49 years","Peach","340","4","27"
"50-59 years","Peach","361","11","53"
"60-69 years","Peach","315","14","63"
"70-79 years","Peach","162","17","50"
"80 & Older years","Peach","76","17","32"
"<1 years","Peach","4","0","0"
"01-04 years","Pickens","31","0","2"
"05-09 years","Pickens","61","0","1"
"10-17 years","Pickens","214","0","1"
"18-29 years","Pickens","496","0","7"
"30-39 years","Pickens","403","0","17"
"40-49 years","Pickens","478","0","22"
"50-59 years","Pickens","540","4","37"
"60-69 years","Pickens","426","11","58"
"70-79 years","Pickens","310","23","77"
"80 & Older years","Pickens","134","28","42"
"<1 years","Pickens","4","0","1"
"Unknown years","Pickens","1","0","0"
"01-04 years","Pierce","40","0","0"
"05-09 years","Pierce","59","0","0"
"10-17 years","Pierce","182","1","1"
"18-29 years","Pierce","344","0","7"
"30-39 years","Pierce","250","0","9"
"40-49 years","Pierce","298","2","19"
"50-59 years","Pierce","277","6","31"
"60-69 years","Pierce","204","15","49"
"70-79 years","Pierce","149","19","47"
"80 & Older years","Pierce","58","16","18"
"<1 years","Pierce","15","0","1"
"Unknown years","Pierce","34","0","0"
"01-04 years","Pike","47","0","0"
"05-09 years","Pike","76","0","0"
"10-17 years","Pike","211","0","1"
"18-29 years","Pike","230","2","7"
"30-39 years","Pike","243","0","3"
"40-49 years","Pike","273","2","14"
"50-59 years","Pike","219","6","17"
"60-69 years","Pike","157","8","23"
"70-79 years","Pike","103","9","24"
"80 & Older years","Pike","39","9","10"
"<1 years","Pike","10","0","0"
"Unknown years","Pike","1","0","0"
"01-04 years","Polk","68","0","1"
"05-09 years","Polk","138","0","2"
"10-17 years","Polk","544","0","4"
"18-29 years","Polk","1061","0","21"
"30-39 years","Polk","813","1","24"
"40-49 years","Polk","757","3","46"
"50-59 years","Polk","752","13","96"
"60-69 years","Polk","493","19","88"
"70-79 years","Polk","375","29","101"
"80 & Older years","Polk","168","28","58"
"<1 years","Polk","41","0","1"
"Unknown years","Polk","27","0","0"
"01-04 years","Pulaski","11","0","0"
"05-09 years","Pulaski","22","0","0"
"10-17 years","Pulaski","80","0","1"
"18-29 years","Pulaski","126","0","2"
"30-39 years","Pulaski","122","0","2"
"40-49 years","Pulaski","114","0","10"
"50-59 years","Pulaski","120","0","7"
"60-69 years","Pulaski","102","9","13"
"70-79 years","Pulaski","49","13","16"
"80 & Older years","Pulaski","40","12","6"
"<1 years","Pulaski","3","0","0"
"01-04 years","Putnam","36","0","0"
"05-09 years","Putnam","65","0","1"
"10-17 years","Putnam","203","0","2"
"18-29 years","Putnam","384","0","4"
"30-39 years","Putnam","332","0","7"
"40-49 years","Putnam","287","2","14"
"50-59 years","Putnam","382","2","28"
"60-69 years","Putnam","325","16","39"
"70-79 years","Putnam","241","23","59"
"80 & Older years","Putnam","95","22","38"
"<1 years","Putnam","7","0","1"
"01-04 years","Quitman","1","0","0"
"05-09 years","Quitman","5","0","0"
"10-17 years","Quitman","11","0","0"
"18-29 years","Quitman","16","0","1"
"30-39 years","Quitman","9","0","1"
"40-49 years","Quitman","5","0","1"
"50-59 years","Quitman","17","0","1"
"60-69 years","Quitman","28","1","6"
"70-79 years","Quitman","4","0","1"
"80 & Older years","Quitman","8","1","2"
"<1 years","Quitman","2","0","0"
"Unknown years","Quitman","1","0","0"
"01-04 years","Rabun","21","0","0"
"05-09 years","Rabun","37","0","0"
"10-17 years","Rabun","155","0","1"
"18-29 years","Rabun","265","0","7"
"30-39 years","Rabun","220","1","12"
"40-49 years","Rabun","237","0","12"
"50-59 years","Rabun","280","3","30"
"60-69 years","Rabun","269","10","37"
"70-79 years","Rabun","204","12","43"
"80 & Older years","Rabun","88","19","33"
"<1 years","Rabun","6","0","1"
"Unknown years","Rabun","14","0","0"
"01-04 years","Randolph","3","0","0"
"05-09 years","Randolph","8","0","0"
"10-17 years","Randolph","18","0","3"
"18-29 years","Randolph","75","0","3"
"30-39 years","Randolph","82","2","8"
"40-49 years","Randolph","68","0","7"
"50-59 years","Randolph","103","5","21"
"60-69 years","Randolph","79","9","17"
"70-79 years","Randolph","52","4","17"
"80 & Older years","Randolph","48","15","16"
"<1 years","Randolph","1","0","0"
"Unknown years","Randolph","3","0","0"
"01-04 years","Richmond","419","0","1"
"05-09 years","Richmond","831","0","5"
"10-17 years","Richmond","2070","0","20"
"18-29 years","Richmond","5574","9","77"
"30-39 years","Richmond","4167","8","106"
"40-49 years","Richmond","3234","20","139"
"50-59 years","Richmond","3065","44","252"
"60-69 years","Richmond","2278","90","312"
"70-79 years","Richmond","1213","121","335"
"80 & Older years","Richmond","726","168","287"
"<1 years","Richmond","108","0","4"
"Unknown years","Richmond","30","0","1"
"01-04 years","Rockdale","108","0","6"
"05-09 years","Rockdale","223","0","5"
"10-17 years","Rockdale","602","0","17"
"18-29 years","Rockdale","1508","2","98"
"30-39 years","Rockdale","1257","4","133"
"40-49 years","Rockdale","1310","7","145"
"50-59 years","Rockdale","1264","17","222"
"60-69 years","Rockdale","761","35","190"
"70-79 years","Rockdale","438","56","173"
"80 & Older years","Rockdale","236","53","117"
"<1 years","Rockdale","23","0","2"
"Unknown years","Rockdale","5","0","0"
"01-04 years","Schley","9","0","0"
"05-09 years","Schley","7","0","0"
"10-17 years","Schley","28","0","0"
"18-29 years","Schley","57","0","2"
"30-39 years","Schley","32","0","0"
"40-49 years","Schley","48","0","5"
"50-59 years","Schley","39","0","6"
"60-69 years","Schley","30","1","7"
"70-79 years","Schley","15","2","4"
"80 & Older years","Schley","7","2","2"
"<1 years","Schley","1","0","0"
"Unknown years","Schley","5","0","0"
"01-04 years","Screven","21","0","1"
"05-09 years","Screven","36","0","0"
"10-17 years","Screven","154","0","1"
"18-29 years","Screven","197","0","3"
"30-39 years","Screven","189","0","5"
"40-49 years","Screven","154","2","8"
"50-59 years","Screven","146","2","16"
"60-69 years","Screven","158","3","18"
"70-79 years","Screven","93","8","20"
"80 & Older years","Screven","41","8","11"
"<1 years","Screven","8","0","0"
"Unknown years","Screven","4","0","0"
"01-04 years","Seminole","21","0","0"
"05-09 years","Seminole","39","0","0"
"10-17 years","Seminole","135","0","0"
"18-29 years","Seminole","174","0","1"
"30-39 years","Seminole","143","0","4"
"40-49 years","Seminole","141","0","9"
"50-59 years","Seminole","158","1","6"
"60-69 years","Seminole","168","5","32"
"70-79 years","Seminole","81","6","17"
"80 & Older years","Seminole","39","7","17"
"<1 years","Seminole","4","0","0"
"01-04 years","Spalding","120","0","4"
"05-09 years","Spalding","168","0","1"
"10-17 years","Spalding","433","0","6"
"18-29 years","Spalding","994","1","38"
"30-39 years","Spalding","870","3","41"
"40-49 years","Spalding","851","5","67"
"50-59 years","Spalding","864","23","103"
"60-69 years","Spalding","640","42","113"
"70-79 years","Spalding","448","54","107"
"80 & Older years","Spalding","261","57","74"
"<1 years","Spalding","30","0","0"
"Unknown years","Spalding","20","0","1"
"01-04 years","Stephens","32","0","2"
"05-09 years","Stephens","71","0","1"
"10-17 years","Stephens","314","0","4"
"18-29 years","Stephens","673","1","19"
"30-39 years","Stephens","423","0","8"
"40-49 years","Stephens","524","1","25"
"50-59 years","Stephens","548","5","44"
"60-69 years","Stephens","517","22","70"
"70-79 years","Stephens","348","23","73"
"80 & Older years","Stephens","174","27","41"
"<1 years","Stephens","5","0","0"
"Unknown years","Stephens","19","0","0"
"01-04 years","Stewart","6","0","1"
"05-09 years","Stewart","5","0","0"
"10-17 years","Stewart","19","0","0"
"18-29 years","Stewart","293","0","22"
"30-39 years","Stewart","309","1","26"
"40-49 years","Stewart","198","2","23"
"50-59 years","Stewart","110","2","17"
"60-69 years","Stewart","76","13","29"
"70-79 years","Stewart","28","3","6"
"80 & Older years","Stewart","22","5","7"
"<1 years","Stewart","1","0","0"
"Unknown years","Stewart","19","0","4"
"01-04 years","Sumter","52","0","0"
"05-09 years","Sumter","81","0","0"
"10-17 years","Sumter","171","0","4"
"18-29 years","Sumter","449","1","12"
"30-39 years","Sumter","338","1","28"
"40-49 years","Sumter","335","6","29"
"50-59 years","Sumter","348","4","47"
"60-69 years","Sumter","291","28","75"
"70-79 years","Sumter","190","30","56"
"80 & Older years","Sumter","125","32","50"
"<1 years","Sumter","25","0","0"
"Unknown years","Sumter","13","0","0"
"01-04 years","Talbot","13","0","0"
"05-09 years","Talbot","19","0","0"
"10-17 years","Talbot","47","0","0"
"18-29 years","Talbot","79","0","2"
"30-39 years","Talbot","49","0","3"
"40-49 years","Talbot","79","1","4"
"50-59 years","Talbot","85","5","8"
"60-69 years","Talbot","70","5","17"
"70-79 years","Talbot","41","6","8"
"80 & Older years","Talbot","22","4","10"
"<1 years","Talbot","1","0","0"
"Unknown years","Talbot","3","0","0"
"01-04 years","Taliaferro","2","0","0"
"05-09 years","Taliaferro","1","0","0"
"10-17 years","Taliaferro","11","0","0"
"18-29 years","Taliaferro","19","0","0"
"30-39 years","Taliaferro","18","0","0"
"40-49 years","Taliaferro","23","0","2"
"50-59 years","Taliaferro","12","0","0"
"60-69 years","Taliaferro","22","1","3"
"70-79 years","Taliaferro","10","1","3"
"80 & Older years","Taliaferro","4","1","2"
"01-04 years","Tattnall","55","0","0"
"05-09 years","Tattnall","79","0","1"
"10-17 years","Tattnall","262","0","2"
"18-29 years","Tattnall","428","1","3"
"30-39 years","Tattnall","396","2","8"
"40-49 years","Tattnall","386","0","9"
"50-59 years","Tattnall","396","9","24"
"60-69 years","Tattnall","287","17","39"
"70-79 years","Tattnall","157","24","42"
"80 & Older years","Tattnall","58","6","9"
"<1 years","Tattnall","18","0","1"
"Unknown years","Tattnall","1","0","0"
"01-04 years","Taylor","17","0","1"
"05-09 years","Taylor","21","0","0"
"10-17 years","Taylor","71","0","1"
"18-29 years","Taylor","112","0","5"
"30-39 years","Taylor","76","0","4"
"40-49 years","Taylor","116","1","11"
"50-59 years","Taylor","95","2","18"
"60-69 years","Taylor","76","6","19"
"70-79 years","Taylor","39","6","14"
"80 & Older years","Taylor","27","8","9"
"<1 years","Taylor","5","0","0"
"Unknown years","Taylor","12","0","0"
"01-04 years","Telfair","14","0","0"
"05-09 years","Telfair","24","0","0"
"10-17 years","Telfair","49","0","1"
"18-29 years","Telfair","174","0","3"
"30-39 years","Telfair","123","1","4"
"40-49 years","Telfair","131","2","8"
"50-59 years","Telfair","131","5","12"
"60-69 years","Telfair","111","10","19"
"70-79 years","Telfair","74","14","20"
"80 & Older years","Telfair","45","16","13"
"<1 years","Telfair","6","0","0"
"Unknown years","Telfair","2","0","0"
"01-04 years","Terrell","15","0","0"
"05-09 years","Terrell","17","0","0"
"10-17 years","Terrell","54","0","0"
"18-29 years","Terrell","99","0","6"
"30-39 years","Terrell","99","0","11"
"40-49 years","Terrell","77","0","9"
"50-59 years","Terrell","122","4","20"
"60-69 years","Terrell","106","13","39"
"70-79 years","Terrell","66","19","29"
"80 & Older years","Terrell","42","14","16"
"<1 years","Terrell","1","0","0"
"01-04 years","Thomas","124","1","2"
"05-09 years","Thomas","230","0","0"
"10-17 years","Thomas","617","0","3"
"18-29 years","Thomas","884","2","33"
"30-39 years","Thomas","726","4","25"
"40-49 years","Thomas","720","6","41"
"50-59 years","Thomas","751","16","66"
"60-69 years","Thomas","576","17","106"
"70-79 years","Thomas","338","38","89"
"80 & Older years","Thomas","198","49","64"
"<1 years","Thomas","34","0","2"
"Unknown years","Thomas","2","0","0"
"01-04 years","Tift","86","0","5"
"05-09 years","Tift","146","0","4"
"10-17 years","Tift","406","0","9"
"18-29 years","Tift","998","0","25"
"30-39 years","Tift","739","1","32"
"40-49 years","Tift","685","8","65"
"50-59 years","Tift","577","11","79"
"60-69 years","Tift","445","21","82"
"70-79 years","Tift","291","31","96"
"80 & Older years","Tift","165","37","64"
"<1 years","Tift","27","0","1"
"Unknown years","Tift","12","0","0"
"01-04 years","Toombs","49","0","0"
"05-09 years","Toombs","104","0","0"
"10-17 years","Toombs","324","0","2"
"18-29 years","Toombs","776","1","7"
"30-39 years","Toombs","598","1","7"
"40-49 years","Toombs","575","3","30"
"50-59 years","Toombs","574","10","36"
"60-69 years","Toombs","496","22","61"
"70-79 years","Toombs","319","40","51"
"80 & Older years","Toombs","181","45","37"
"<1 years","Toombs","19","0","0"
"Unknown years","Toombs","9","0","0"
"01-04 years","Towns","7","0","0"
"05-09 years","Towns","16","0","1"
"10-17 years","Towns","64","0","1"
"18-29 years","Towns","178","0","4"
"30-39 years","Towns","120","1","4"
"40-49 years","Towns","140","2","6"
"50-59 years","Towns","231","2","25"
"60-69 years","Towns","279","5","24"
"70-79 years","Towns","205","12","45"
"80 & Older years","Towns","152","31","62"
"<1 years","Towns","1","0","0"
"Unknown years","Towns","2","0","0"
"01-04 years","Treutlen","10","0","0"
"05-09 years","Treutlen","24","0","1"
"10-17 years","Treutlen","69","0","0"
"18-29 years","Treutlen","141","0","2"
"30-39 years","Treutlen","128","0","5"
"40-49 years","Treutlen","126","2","5"
"50-59 years","Treutlen","125","1","9"
"60-69 years","Treutlen","82","6","15"
"70-79 years","Treutlen","62","14","12"
"80 & Older years","Treutlen","36","10","9"
"<1 years","Treutlen","1","0","0"
"01-04 years","Troup","198","0","3"
"05-09 years","Troup","318","0","1"
"10-17 years","Troup","804","0","8"
"18-29 years","Troup","1585","2","33"
"30-39 years","Troup","1215","7","51"
"40-49 years","Troup","1061","8","65"
"50-59 years","Troup","1034","20","128"
"60-69 years","Troup","780","44","121"
"70-79 years","Troup","428","54","113"
"80 & Older years","Troup","288","82","77"
"<1 years","Troup","66","0","1"
"Unknown years","Troup","5","0","0"
"01-04 years","Turner","10","0","0"
"05-09 years","Turner","16","0","2"
"10-17 years","Turner","30","0","0"
"18-29 years","Turner","117","0","2"
"30-39 years","Turner","121","0","12"
"40-49 years","Turner","129","0","8"
"50-59 years","Turner","112","2","15"
"60-69 years","Turner","96","10","29"
"70-79 years","Turner","60","10","14"
"80 & Older years","Turner","38","16","16"
"<1 years","Turner","3","0","1"
"Unknown years","Turner","1","0","0"
"01-04 years","Twiggs","14","0","0"
"05-09 years","Twiggs","11","0","1"
"10-17 years","Twiggs","47","0","1"
"18-29 years","Twiggs","97","0","2"
"30-39 years","Twiggs","84","1","4"
"40-49 years","Twiggs","85","1","9"
"50-59 years","Twiggs","119","3","20"
"60-69 years","Twiggs","115","11","38"
"70-79 years","Twiggs","70","11","27"
"80 & Older years","Twiggs","29","14","18"
"<1 years","Twiggs","1","0","0"
"01-04 years","Union","18","0","1"
"05-09 years","Union","53","0","0"
"10-17 years","Union","158","0","2"
"18-29 years","Union","330","1","2"
"30-39 years","Union","314","0","6"
"40-49 years","Union","296","1","15"
"50-59 years","Union","387","5","30"
"60-69 years","Union","484","9","66"
"70-79 years","Union","414","24","82"
"80 & Older years","Union","243","44","78"
"<1 years","Union","2","0","1"
"Unknown years","Union","14","0","1"
"01-04 years","Unknown","40","0","1"
"05-09 years","Unknown","82","0","0"
"10-17 years","Unknown","254","0","0"
"18-29 years","Unknown","854","1","8"
"30-39 years","Unknown","462","1","13"
"40-49 years","Unknown","401","1","7"
"50-59 years","Unknown","366","2","10"
"60-69 years","Unknown","180","1","12"
"70-79 years","Unknown","126","1","12"
"80 & Older years","Unknown","48","0","8"
"<1 years","Unknown","32","0","0"
"Unknown years","Unknown","85","0","3"
"01-04 years","Upson","66","0","1"
"05-09 years","Upson","93","0","0"
"10-17 years","Upson","269","0","2"
"18-29 years","Upson","420","0","8"
"30-39 years","Upson","303","2","10"
"40-49 years","Upson","324","1","16"
"50-59 years","Upson","315","8","34"
"60-69 years","Upson","291","24","50"
"70-79 years","Upson","202","35","57"
"80 & Older years","Upson","120","42","42"
"<1 years","Upson","27","0","1"
"Unknown years","Upson","4","0","0"
"01-04 years","Walker","137","0","1"
"05-09 years","Walker","271","0","1"
"10-17 years","Walker","825","0","4"
"18-29 years","Walker","1460","0","20"
"30-39 years","Walker","1168","1","20"
"40-49 years","Walker","1312","4","36"
"50-59 years","Walker","1124","5","45"
"60-69 years","Walker","908","20","77"
"70-79 years","Walker","570","29","67"
"80 & Older years","Walker","275","28","41"
"<1 years","Walker","51","0","2"
"Unknown years","Walker","113","0","2"
"01-04 years","Walton","119","0","1"
"05-09 years","Walton","257","0","4"
"10-17 years","Walton","852","0","10"
"18-29 years","Walton","1672","2","39"
"30-39 years","Walton","1470","0","36"
"40-49 years","Walton","1571","3","67"
"50-59 years","Walton","1525","19","116"
"60-69 years","Walton","1055","36","123"
"70-79 years","Walton","744","80","135"
"80 & Older years","Walton","434","112","98"
"<1 years","Walton","42","0","2"
"Unknown years","Walton","12","0","0"
"01-04 years","Ware","101","0","1"
"05-09 years","Ware","137","0","0"
"10-17 years","Ware","374","0","4"
"18-29 years","Ware","779","1","11"
"30-39 years","Ware","620","2","28"
"40-49 years","Ware","550","3","39"
"50-59 years","Ware","538","23","93"
"60-69 years","Ware","405","31","85"
"70-79 years","Ware","307","45","109"
"80 & Older years","Ware","230","67","68"
"<1 years","Ware","32","0","2"
"Unknown years","Ware","3","0","0"
"01-04 years","Warren","7","0","0"
"05-09 years","Warren","7","0","0"
"10-17 years","Warren","31","0","0"
"18-29 years","Warren","86","0","3"
"30-39 years","Warren","59","0","5"
"40-49 years","Warren","67","2","6"
"50-59 years","Warren","75","2","8"
"60-69 years","Warren","50","3","9"
"70-79 years","Warren","40","6","15"
"80 & Older years","Warren","20","4","8"
"<1 years","Warren","4","0","1"
"Unknown years","Warren","4","0","0"
"01-04 years","Washington","44","0","0"
"05-09 years","Washington","62","0","0"
"10-17 years","Washington","217","0","3"
"18-29 years","Washington","335","0","8"
"30-39 years","Washington","316","1","12"
"40-49 years","Washington","315","5","14"
"50-59 years","Washington","287","6","17"
"60-69 years","Washington","254","15","32"
"70-79 years","Washington","133","11","23"
"80 & Older years","Washington","81","29","15"
"<1 years","Washington","18","0","0"
"Unknown years","Washington","3","0","0"
"01-04 years","Wayne","56","0","1"
"05-09 years","Wayne","101","0","0"
"10-17 years","Wayne","354","0","2"
"18-29 years","Wayne","649","1","13"
"30-39 years","Wayne","627","2","19"
"40-49 years","Wayne","673","4","47"
"50-59 years","Wayne","594","12","49"
"60-69 years","Wayne","443","23","82"
"70-79 years","Wayne","324","28","85"
"80 & Older years","Wayne","142","28","30"
"<1 years","Wayne","9","0","1"
"Unknown years","Wayne","2","0","0"
"05-09 years","Webster","2","0","0"
"10-17 years","Webster","8","0","0"
"18-29 years","Webster","27","0","1"
"30-39 years","Webster","13","0","1"
"40-49 years","Webster","22","0","2"
"50-59 years","Webster","23","2","6"
"60-69 years","Webster","25","1","4"
"70-79 years","Webster","8","0","2"
"80 & Older years","Webster","4","1","1"
"Unknown years","Webster","3","0","0"
"01-04 years","Wheeler","3","0","0"
"05-09 years","Wheeler","8","0","1"
"10-17 years","Wheeler","34","0","0"
"18-29 years","Wheeler","80","0","0"
"30-39 years","Wheeler","99","2","3"
"40-49 years","Wheeler","97","1","3"
"50-59 years","Wheeler","109","7","12"
"60-69 years","Wheeler","64","5","8"
"70-79 years","Wheeler","46","5","12"
"80 & Older years","Wheeler","9","3","1"
"<1 years","Wheeler","2","0","0"
"Unknown years","Wheeler","23","0","1"
"01-04 years","White","32","0","1"
"05-09 years","White","98","0","1"
"10-17 years","White","377","0","2"
"18-29 years","White","586","1","11"
"30-39 years","White","480","1","10"
"40-49 years","White","543","2","24"
"50-59 years","White","609","6","59"
"60-69 years","White","544","14","72"
"70-79 years","White","405","18","95"
"80 & Older years","White","215","40","81"
"<1 years","White","7","0","0"
"Unknown years","White","22","0","0"
"01-04 years","Whitfield","266","0","3"
"05-09 years","Whitfield","554","0","3"
"10-17 years","Whitfield","1722","0","7"
"18-29 years","Whitfield","4035","2","55"
"30-39 years","Whitfield","2766","5","71"
"40-49 years","Whitfield","2783","6","86"
"50-59 years","Whitfield","2475","32","152"
"60-69 years","Whitfield","1450","42","174"
"70-79 years","Whitfield","810","62","159"
"80 & Older years","Whitfield","460","100","128"
"<1 years","Whitfield","86","0","5"
"Unknown years","Whitfield","6","0","0"
"01-04 years","Wilcox","16","0","1"
"05-09 years","Wilcox","24","0","0"
"10-17 years","Wilcox","48","0","0"
"18-29 years","Wilcox","63","0","1"
"30-39 years","Wilcox","63","0","1"
"40-49 years","Wilcox","83","0","12"
"50-59 years","Wilcox","95","2","16"
"60-69 years","Wilcox","101","11","28"
"70-79 years","Wilcox","57","11","11"
"80 & Older years","Wilcox","27","8","8"
"<1 years","Wilcox","5","0","0"
"01-04 years","Wilkes","9","0","0"
"05-09 years","Wilkes","19","0","0"
"10-17 years","Wilkes","63","0","0"
"18-29 years","Wilkes","139","0","1"
"30-39 years","Wilkes","98","0","5"
"40-49 years","Wilkes","125","1","13"
"50-59 years","Wilkes","116","2","8"
"60-69 years","Wilkes","94","4","19"
"70-79 years","Wilkes","69","8","22"
"80 & Older years","Wilkes","37","8","16"
"<1 years","Wilkes","3","0","0"
"Unknown years","Wilkes","1","0","0"
"01-04 years","Wilkinson","15","0","0"
"05-09 years","Wilkinson","24","0","0"
"10-17 years","Wilkinson","78","0","1"
"18-29 years","Wilkinson","161","0","3"
"30-39 years","Wilkinson","133","0","8"
"40-49 years","Wilkinson","126","0","7"
"50-59 years","Wilkinson","185","4","28"
"60-69 years","Wilkinson","163","12","43"
"70-79 years","Wilkinson","69","6","22"
"80 & Older years","Wilkinson","44","5","18"
"<1 years","Wilkinson","4","0","0"
"Unknown years","Wilkinson","2","0","0"
"01-04 years","Worth","29","0","0"
"05-09 years","Worth","42","0","0"
"10-17 years","Worth","151","0","3"
"18-29 years","Worth","264","0","12"
"30-39 years","Worth","208","0","17"
"40-49 years","Worth","219","1","22"
"50-59 years","Worth","242","7","35"
"60-69 years","Worth","224","21","57"
"70-79 years","Worth","136","18","38"
"80 & Older years","Worth","82","20","27"
"<1 years","Worth","6","0","0"
"Unknown years","Worth","1","0","0"
