"age group","county name","cases","deaths","hospitalization"
"01-04 years","Georgia","12842","1","250"
"05-09 years","Georgia","21094","2","195"
"10-17 years","Georgia","70642","8","745"
"18-29 years","Georgia","208701","129","4081"
"30-39 years","Georgia","151347","278","5344"
"40-49 years","Georgia","145257","671","7784"
"50-59 years","Georgia","137100","1778","11674"
"60-69 years","Georgia","92196","3718","13691"
"70-79 years","Georgia","53215","5307","12925"
"80 & Older years","Georgia","30541","6807","9888"
"<1 years","Georgia","3546","0","205"
"Unknown years","Georgia","3133","0","75"
"01-04 years","Appling","33","0","0"
"05-09 years","Appling","60","0","0"
"10-17 years","Appling","170","0","2"
"18-29 years","Appling","361","1","7"
"30-39 years","Appling","268","1","7"
"40-49 years","Appling","278","4","20"
"50-59 years","Appling","311","7","32"
"60-69 years","Appling","260","15","57"
"70-79 years","Appling","177","18","37"
"80 & Older years","Appling","94","21","35"
"<1 years","Appling","6","0","0"
"01-04 years","Atkinson","8","0","1"
"05-09 years","Atkinson","21","0","1"
"10-17 years","Atkinson","52","0","0"
"18-29 years","Atkinson","188","0","9"
"30-39 years","Atkinson","124","0","9"
"40-49 years","Atkinson","143","2","26"
"50-59 years","Atkinson","147","2","28"
"60-69 years","Atkinson","90","6","28"
"70-79 years","Atkinson","46","5","17"
"80 & Older years","Atkinson","15","5","11"
"<1 years","Atkinson","3","0","0"
"01-04 years","Bacon","17","0","0"
"05-09 years","Bacon","26","0","0"
"10-17 years","Bacon","79","0","1"
"18-29 years","Bacon","414","0","1"
"30-39 years","Bacon","205","0","5"
"40-49 years","Bacon","191","2","12"
"50-59 years","Bacon","164","2","16"
"60-69 years","Bacon","132","9","28"
"70-79 years","Bacon","85","7","20"
"80 & Older years","Bacon","41","9","11"
"<1 years","Bacon","4","0","0"
"Unknown years","Bacon","1","0","0"
"01-04 years","Baker","9","0","0"
"05-09 years","Baker","4","0","0"
"10-17 years","Baker","9","0","0"
"18-29 years","Baker","28","0","0"
"30-39 years","Baker","24","0","4"
"40-49 years","Baker","19","2","3"
"50-59 years","Baker","25","0","2"
"60-69 years","Baker","34","3","15"
"70-79 years","Baker","19","3","11"
"80 & Older years","Baker","11","3","5"
"<1 years","Baker","1","0","0"
"01-04 years","Baldwin","32","0","0"
"05-09 years","Baldwin","57","0","0"
"10-17 years","Baldwin","209","1","5"
"18-29 years","Baldwin","1313","0","16"
"30-39 years","Baldwin","490","1","16"
"40-49 years","Baldwin","500","2","32"
"50-59 years","Baldwin","505","13","61"
"60-69 years","Baldwin","393","23","78"
"70-79 years","Baldwin","263","29","59"
"80 & Older years","Baldwin","162","50","66"
"<1 years","Baldwin","14","0","1"
"01-04 years","Banks","11","0","0"
"05-09 years","Banks","32","0","1"
"10-17 years","Banks","113","0","3"
"18-29 years","Banks","320","0","9"
"30-39 years","Banks","222","0","9"
"40-49 years","Banks","247","0","20"
"50-59 years","Banks","272","2","28"
"60-69 years","Banks","226","7","49"
"70-79 years","Banks","158","16","58"
"80 & Older years","Banks","84","13","32"
"<1 years","Banks","6","0","1"
"Unknown years","Banks","19","0","1"
"01-04 years","Barrow","112","0","1"
"05-09 years","Barrow","198","0","0"
"10-17 years","Barrow","738","0","8"
"18-29 years","Barrow","1881","2","40"
"30-39 years","Barrow","1587","1","51"
"40-49 years","Barrow","1619","6","76"
"50-59 years","Barrow","1366","9","113"
"60-69 years","Barrow","908","35","148"
"70-79 years","Barrow","526","37","111"
"80 & Older years","Barrow","248","52","93"
"<1 years","Barrow","34","0","2"
"Unknown years","Barrow","16","0","0"
"01-04 years","Bartow","125","0","6"
"05-09 years","Bartow","233","0","2"
"10-17 years","Bartow","973","0","13"
"18-29 years","Bartow","2184","0","28"
"30-39 years","Bartow","1800","4","54"
"40-49 years","Bartow","1862","3","90"
"50-59 years","Bartow","1932","18","166"
"60-69 years","Bartow","1198","45","162"
"70-79 years","Bartow","798","76","198"
"80 & Older years","Bartow","392","77","129"
"<1 years","Bartow","45","0","2"
"Unknown years","Bartow","82","0","7"
"01-04 years","Ben Hill","29","0","1"
"05-09 years","Ben Hill","20","0","0"
"10-17 years","Ben Hill","99","0","0"
"18-29 years","Ben Hill","274","0","4"
"30-39 years","Ben Hill","223","3","11"
"40-49 years","Ben Hill","211","1","12"
"50-59 years","Ben Hill","243","6","31"
"60-69 years","Ben Hill","209","13","32"
"70-79 years","Ben Hill","148","19","53"
"80 & Older years","Ben Hill","71","19","19"
"<1 years","Ben Hill","6","0","1"
"01-04 years","Berrien","16","0","0"
"05-09 years","Berrien","23","0","0"
"10-17 years","Berrien","97","0","1"
"18-29 years","Berrien","222","0","0"
"30-39 years","Berrien","177","0","3"
"40-49 years","Berrien","153","0","5"
"50-59 years","Berrien","173","3","17"
"60-69 years","Berrien","130","8","18"
"70-79 years","Berrien","90","12","19"
"80 & Older years","Berrien","54","12","15"
"<1 years","Berrien","2","0","0"
"Unknown years","Berrien","1","0","0"
"01-04 years","Bibb","150","0","4"
"05-09 years","Bibb","229","0","0"
"10-17 years","Bibb","723","0","10"
"18-29 years","Bibb","3208","1","89"
"30-39 years","Bibb","2261","6","120"
"40-49 years","Bibb","2219","18","218"
"50-59 years","Bibb","2059","28","298"
"60-69 years","Bibb","1641","92","436"
"70-79 years","Bibb","971","120","373"
"80 & Older years","Bibb","607","157","307"
"<1 years","Bibb","50","0","5"
"Unknown years","Bibb","3","0","0"
"01-04 years","Bleckley","5","0","0"
"05-09 years","Bleckley","16","0","0"
"10-17 years","Bleckley","75","0","0"
"18-29 years","Bleckley","195","0","3"
"30-39 years","Bleckley","101","1","4"
"40-49 years","Bleckley","109","1","2"
"50-59 years","Bleckley","114","2","6"
"60-69 years","Bleckley","87","6","12"
"70-79 years","Bleckley","63","4","12"
"80 & Older years","Bleckley","61","18","12"
"<1 years","Bleckley","3","0","0"
"01-04 years","Brantley","12","0","0"
"05-09 years","Brantley","12","0","0"
"10-17 years","Brantley","92","0","1"
"18-29 years","Brantley","177","0","2"
"30-39 years","Brantley","139","0","4"
"40-49 years","Brantley","156","2","9"
"50-59 years","Brantley","169","2","16"
"60-69 years","Brantley","122","5","17"
"70-79 years","Brantley","96","17","29"
"80 & Older years","Brantley","50","10","13"
"<1 years","Brantley","1","0","0"
"01-04 years","Brooks","16","0","1"
"05-09 years","Brooks","27","0","0"
"10-17 years","Brooks","90","0","0"
"18-29 years","Brooks","188","0","1"
"30-39 years","Brooks","143","0","4"
"40-49 years","Brooks","132","1","12"
"50-59 years","Brooks","160","2","23"
"60-69 years","Brooks","109","6","19"
"70-79 years","Brooks","89","11","19"
"80 & Older years","Brooks","56","18","15"
"<1 years","Brooks","5","0","0"
"01-04 years","Bryan","57","0","0"
"05-09 years","Bryan","94","0","0"
"10-17 years","Bryan","300","0","3"
"18-29 years","Bryan","578","0","11"
"30-39 years","Bryan","493","1","12"
"40-49 years","Bryan","529","0","19"
"50-59 years","Bryan","390","5","31"
"60-69 years","Bryan","280","12","34"
"70-79 years","Bryan","164","12","58"
"80 & Older years","Bryan","68","9","28"
"<1 years","Bryan","17","0","0"
"Unknown years","Bryan","2","0","0"
"01-04 years","Bulloch","64","0","0"
"05-09 years","Bulloch","114","0","0"
"10-17 years","Bulloch","390","0","2"
"18-29 years","Bulloch","2282","0","11"
"30-39 years","Bulloch","668","2","23"
"40-49 years","Bulloch","583","2","25"
"50-59 years","Bulloch","557","8","39"
"60-69 years","Bulloch","404","17","51"
"70-79 years","Bulloch","202","17","43"
"80 & Older years","Bulloch","107","17","38"
"<1 years","Bulloch","25","0","2"
"01-04 years","Burke","21","0","0"
"05-09 years","Burke","48","0","0"
"10-17 years","Burke","149","0","1"
"18-29 years","Burke","366","1","8"
"30-39 years","Burke","287","1","14"
"40-49 years","Burke","306","2","17"
"50-59 years","Burke","288","4","34"
"60-69 years","Burke","222","7","42"
"70-79 years","Burke","126","14","36"
"80 & Older years","Burke","41","11","15"
"<1 years","Burke","7","0","0"
"Unknown years","Burke","2","0","0"
"01-04 years","Butts","27","0","3"
"05-09 years","Butts","31","0","0"
"10-17 years","Butts","122","0","4"
"18-29 years","Butts","458","0","7"
"30-39 years","Butts","414","0","8"
"40-49 years","Butts","385","4","18"
"50-59 years","Butts","408","8","26"
"60-69 years","Butts","288","17","37"
"70-79 years","Butts","193","24","30"
"80 & Older years","Butts","115","30","9"
"<1 years","Butts","7","0","1"
"Unknown years","Butts","3","0","0"
"01-04 years","Calhoun","7","0","0"
"05-09 years","Calhoun","1","0","0"
"10-17 years","Calhoun","37","0","0"
"18-29 years","Calhoun","72","0","6"
"30-39 years","Calhoun","65","2","7"
"40-49 years","Calhoun","80","2","10"
"50-59 years","Calhoun","80","2","18"
"60-69 years","Calhoun","73","2","19"
"70-79 years","Calhoun","25","6","9"
"80 & Older years","Calhoun","15","2","8"
"<1 years","Calhoun","3","0","0"
"Unknown years","Calhoun","1","0","0"
"01-04 years","Camden","62","0","0"
"05-09 years","Camden","57","0","1"
"10-17 years","Camden","270","0","1"
"18-29 years","Camden","966","0","9"
"30-39 years","Camden","656","1","19"
"40-49 years","Camden","533","2","21"
"50-59 years","Camden","575","2","26"
"60-69 years","Camden","413","9","34"
"70-79 years","Camden","237","5","26"
"80 & Older years","Camden","98","17","25"
"<1 years","Camden","9","0","2"
"Unknown years","Camden","6","0","1"
"01-04 years","Candler","9","0","0"
"05-09 years","Candler","15","0","0"
"10-17 years","Candler","61","0","0"
"18-29 years","Candler","139","0","0"
"30-39 years","Candler","105","0","3"
"40-49 years","Candler","131","3","2"
"50-59 years","Candler","136","6","13"
"60-69 years","Candler","110","9","15"
"70-79 years","Candler","78","14","20"
"80 & Older years","Candler","28","6","12"
"<1 years","Candler","5","0","0"
"01-04 years","Carroll","98","0","1"
"05-09 years","Carroll","150","0","2"
"10-17 years","Carroll","642","0","6"
"18-29 years","Carroll","1827","0","15"
"30-39 years","Carroll","1160","4","20"
"40-49 years","Carroll","1140","4","34"
"50-59 years","Carroll","1126","13","62"
"60-69 years","Carroll","789","26","91"
"70-79 years","Carroll","469","35","73"
"80 & Older years","Carroll","272","51","46"
"<1 years","Carroll","29","0","1"
"Unknown years","Carroll","6","0","0"
"01-04 years","Catoosa","93","0","0"
"05-09 years","Catoosa","164","0","1"
"10-17 years","Catoosa","528","0","2"
"18-29 years","Catoosa","1109","0","8"
"30-39 years","Catoosa","838","1","13"
"40-49 years","Catoosa","978","2","21"
"50-59 years","Catoosa","903","6","38"
"60-69 years","Catoosa","640","8","64"
"70-79 years","Catoosa","391","21","65"
"80 & Older years","Catoosa","267","32","54"
"<1 years","Catoosa","40","0","1"
"Unknown years","Catoosa","89","0","4"
"01-04 years","Charlton","13","0","0"
"05-09 years","Charlton","31","0","0"
"10-17 years","Charlton","70","0","0"
"18-29 years","Charlton","338","1","2"
"30-39 years","Charlton","279","0","4"
"40-49 years","Charlton","227","2","11"
"50-59 years","Charlton","166","2","6"
"60-69 years","Charlton","163","8","23"
"70-79 years","Charlton","65","6","16"
"80 & Older years","Charlton","36","9","16"
"<1 years","Charlton","3","0","0"
"Unknown years","Charlton","1","0","0"
"01-04 years","Chatham","462","0","3"
"05-09 years","Chatham","568","1","2"
"10-17 years","Chatham","1502","0","15"
"18-29 years","Chatham","5480","4","67"
"30-39 years","Chatham","3775","5","123"
"40-49 years","Chatham","3069","15","182"
"50-59 years","Chatham","2713","43","263"
"60-69 years","Chatham","2166","87","392"
"70-79 years","Chatham","1145","123","378"
"80 & Older years","Chatham","727","165","321"
"<1 years","Chatham","127","0","6"
"Unknown years","Chatham","12","0","0"
"01-04 years","Chattahoochee","9","0","0"
"05-09 years","Chattahoochee","10","0","0"
"10-17 years","Chattahoochee","135","0","2"
"18-29 years","Chattahoochee","3594","7","7"
"30-39 years","Chattahoochee","324","2","4"
"40-49 years","Chattahoochee","56","0","0"
"50-59 years","Chattahoochee","32","0","9"
"60-69 years","Chattahoochee","18","0","4"
"70-79 years","Chattahoochee","11","1","4"
"80 & Older years","Chattahoochee","9","3","5"
"<1 years","Chattahoochee","8","0","0"
"Unknown years","Chattahoochee","1","0","0"
"01-04 years","Chattooga","17","0","0"
"05-09 years","Chattooga","33","0","0"
"10-17 years","Chattooga","196","0","1"
"18-29 years","Chattooga","397","0","7"
"30-39 years","Chattooga","317","0","8"
"40-49 years","Chattooga","364","2","15"
"50-59 years","Chattooga","352","5","27"
"60-69 years","Chattooga","295","15","45"
"70-79 years","Chattooga","186","19","53"
"80 & Older years","Chattooga","121","26","34"
"<1 years","Chattooga","11","0","1"
"Unknown years","Chattooga","18","0","1"
"01-04 years","Cherokee","260","0","7"
"05-09 years","Cherokee","596","0","9"
"10-17 years","Cherokee","2415","0","18"
"18-29 years","Cherokee","4589","2","83"
"30-39 years","Cherokee","3359","3","115"
"40-49 years","Cherokee","3824","6","152"
"50-59 years","Cherokee","3721","24","234"
"60-69 years","Cherokee","2250","48","284"
"70-79 years","Cherokee","1411","88","285"
"80 & Older years","Cherokee","830","149","242"
"<1 years","Cherokee","55","0","1"
"Unknown years","Cherokee","6","0","0"
"01-04 years","Clarke","177","0","1"
"05-09 years","Clarke","234","0","2"
"10-17 years","Clarke","664","0","6"
"18-29 years","Clarke","6248","1","43"
"30-39 years","Clarke","1711","2","35"
"40-49 years","Clarke","1371","3","56"
"50-59 years","Clarke","1236","12","77"
"60-69 years","Clarke","818","22","103"
"70-79 years","Clarke","474","51","115"
"80 & Older years","Clarke","249","52","75"
"<1 years","Clarke","49","0","2"
"Unknown years","Clarke","10","0","0"
"01-04 years","Clay","3","0","0"
"05-09 years","Clay","2","0","0"
"10-17 years","Clay","18","0","0"
"18-29 years","Clay","27","0","0"
"30-39 years","Clay","32","0","1"
"40-49 years","Clay","30","0","1"
"50-59 years","Clay","18","0","1"
"60-69 years","Clay","24","1","2"
"70-79 years","Clay","19","0","0"
"80 & Older years","Clay","14","2","5"
"Unknown years","Clay","1","0","0"
"01-04 years","Clayton","486","0","12"
"05-09 years","Clayton","708","1","9"
"10-17 years","Clayton","1834","1","41"
"18-29 years","Clayton","5407","6","125"
"30-39 years","Clayton","4766","14","181"
"40-49 years","Clayton","4230","31","216"
"50-59 years","Clayton","3956","63","308"
"60-69 years","Clayton","2458","136","285"
"70-79 years","Clayton","1031","127","193"
"80 & Older years","Clayton","502","121","129"
"<1 years","Clayton","103","0","5"
"Unknown years","Clayton","29","0","2"
"01-04 years","Clinch","14","0","0"
"05-09 years","Clinch","22","0","0"
"10-17 years","Clinch","81","0","0"
"18-29 years","Clinch","136","0","2"
"30-39 years","Clinch","114","1","4"
"40-49 years","Clinch","108","0","3"
"50-59 years","Clinch","106","2","16"
"60-69 years","Clinch","111","7","17"
"70-79 years","Clinch","52","9","19"
"80 & Older years","Clinch","19","6","7"
"<1 years","Clinch","4","0","0"
"01-04 years","Cobb","830","1","18"
"05-09 years","Cobb","1514","0","12"
"10-17 years","Cobb","4839","0","49"
"18-29 years","Cobb","15837","6","256"
"30-39 years","Cobb","10813","20","309"
"40-49 years","Cobb","10210","37","493"
"50-59 years","Cobb","9120","75","660"
"60-69 years","Cobb","5598","154","652"
"70-79 years","Cobb","3044","308","626"
"80 & Older years","Cobb","1832","428","570"
"<1 years","Cobb","211","0","18"
"Unknown years","Cobb","54","0","1"
"01-04 years","Coffee","84","0","2"
"05-09 years","Coffee","107","0","4"
"10-17 years","Coffee","304","0","5"
"18-29 years","Coffee","903","0","23"
"30-39 years","Coffee","677","4","48"
"40-49 years","Coffee","727","8","93"
"50-59 years","Coffee","714","14","147"
"60-69 years","Coffee","551","37","142"
"70-79 years","Coffee","293","44","126"
"80 & Older years","Coffee","156","41","87"
"<1 years","Coffee","20","0","2"
"Unknown years","Coffee","2","0","0"
"01-04 years","Colquitt","57","0","0"
"05-09 years","Colquitt","118","0","2"
"10-17 years","Colquitt","398","0","8"
"18-29 years","Colquitt","810","0","23"
"30-39 years","Colquitt","568","2","21"
"40-49 years","Colquitt","604","7","41"
"50-59 years","Colquitt","533","16","45"
"60-69 years","Colquitt","384","17","51"
"70-79 years","Colquitt","239","18","52"
"80 & Older years","Colquitt","146","27","33"
"<1 years","Colquitt","20","0","1"
"01-04 years","Columbia","149","0","2"
"05-09 years","Columbia","316","0","1"
"10-17 years","Columbia","1156","0","1"
"18-29 years","Columbia","2359","1","25"
"30-39 years","Columbia","2107","2","29"
"40-49 years","Columbia","1876","8","53"
"50-59 years","Columbia","1601","20","78"
"60-69 years","Columbia","1027","27","103"
"70-79 years","Columbia","546","45","115"
"80 & Older years","Columbia","321","65","104"
"<1 years","Columbia","37","0","1"
"Unknown years","Columbia","9","0","0"
"01-04 years","Cook","15","0","1"
"05-09 years","Cook","27","0","0"
"10-17 years","Cook","98","0","2"
"18-29 years","Cook","241","0","6"
"30-39 years","Cook","180","0","4"
"40-49 years","Cook","191","0","16"
"50-59 years","Cook","173","3","18"
"60-69 years","Cook","132","7","18"
"70-79 years","Cook","102","12","29"
"80 & Older years","Cook","59","17","15"
"<1 years","Cook","6","0","0"
"Unknown years","Cook","1","0","0"
"01-04 years","Coweta","115","0","0"
"05-09 years","Coweta","209","0","1"
"10-17 years","Coweta","679","0","7"
"18-29 years","Coweta","1690","1","21"
"30-39 years","Coweta","1329","6","37"
"40-49 years","Coweta","1421","11","54"
"50-59 years","Coweta","1637","27","81"
"60-69 years","Coweta","1008","39","75"
"70-79 years","Coweta","625","63","88"
"80 & Older years","Coweta","343","75","52"
"<1 years","Coweta","27","0","1"
"Unknown years","Coweta","5","0","0"
"01-04 years","Crawford","2","0","0"
"05-09 years","Crawford","3","0","0"
"10-17 years","Crawford","28","0","2"
"18-29 years","Crawford","85","0","3"
"30-39 years","Crawford","79","0","7"
"40-49 years","Crawford","63","1","5"
"50-59 years","Crawford","115","3","17"
"60-69 years","Crawford","101","7","17"
"70-79 years","Crawford","42","6","15"
"80 & Older years","Crawford","25","2","11"
"01-04 years","Crisp","22","0","0"
"05-09 years","Crisp","30","0","0"
"10-17 years","Crisp","118","0","2"
"18-29 years","Crisp","245","0","11"
"30-39 years","Crisp","235","1","15"
"40-49 years","Crisp","218","3","22"
"50-59 years","Crisp","214","4","27"
"60-69 years","Crisp","205","18","41"
"70-79 years","Crisp","106","13","34"
"80 & Older years","Crisp","72","18","18"
"<1 years","Crisp","10","0","0"
"Unknown years","Crisp","7","0","0"
"01-04 years","Dade","19","0","0"
"05-09 years","Dade","38","0","0"
"10-17 years","Dade","105","0","0"
"18-29 years","Dade","240","0","1"
"30-39 years","Dade","164","0","2"
"40-49 years","Dade","200","0","7"
"50-59 years","Dade","182","2","11"
"60-69 years","Dade","133","1","9"
"70-79 years","Dade","98","7","20"
"80 & Older years","Dade","54","3","10"
"<1 years","Dade","6","0","0"
"Unknown years","Dade","27","0","2"
"01-04 years","Dawson","29","0","0"
"05-09 years","Dawson","50","0","0"
"10-17 years","Dawson","215","0","4"
"18-29 years","Dawson","557","0","15"
"30-39 years","Dawson","434","0","17"
"40-49 years","Dawson","396","0","24"
"50-59 years","Dawson","446","4","38"
"60-69 years","Dawson","358","6","73"
"70-79 years","Dawson","219","21","52"
"80 & Older years","Dawson","89","17","29"
"<1 years","Dawson","8","0","2"
"Unknown years","Dawson","26","0","1"
"01-04 years","DeKalb","975","0","24"
"05-09 years","DeKalb","1423","0","22"
"10-17 years","DeKalb","3772","0","67"
"18-29 years","DeKalb","14115","11","410"
"30-39 years","DeKalb","12129","19","586"
"40-49 years","DeKalb","9568","42","657"
"50-59 years","DeKalb","8624","118","917"
"60-69 years","DeKalb","5482","192","1007"
"70-79 years","DeKalb","2700","267","781"
"80 & Older years","DeKalb","1661","348","562"
"<1 years","DeKalb","209","0","11"
"Unknown years","DeKalb","171","0","10"
"01-04 years","Decatur","63","0","1"
"05-09 years","Decatur","67","0","0"
"10-17 years","Decatur","215","0","0"
"18-29 years","Decatur","448","1","10"
"30-39 years","Decatur","346","1","8"
"40-49 years","Decatur","329","2","19"
"50-59 years","Decatur","297","6","30"
"60-69 years","Decatur","235","11","35"
"70-79 years","Decatur","145","21","29"
"80 & Older years","Decatur","100","18","23"
"<1 years","Decatur","9","0","0"
"Unknown years","Decatur","2","0","0"
"01-04 years","Dodge","7","0","0"
"05-09 years","Dodge","17","0","0"
"10-17 years","Dodge","90","1","1"
"18-29 years","Dodge","205","0","4"
"30-39 years","Dodge","153","0","6"
"40-49 years","Dodge","157","2","12"
"50-59 years","Dodge","181","5","20"
"60-69 years","Dodge","147","17","29"
"70-79 years","Dodge","84","17","23"
"80 & Older years","Dodge","54","15","16"
"<1 years","Dodge","5","0","0"
"01-04 years","Dooly","13","0","0"
"05-09 years","Dooly","17","0","0"
"10-17 years","Dooly","58","0","1"
"18-29 years","Dooly","117","0","5"
"30-39 years","Dooly","104","0","11"
"40-49 years","Dooly","137","1","11"
"50-59 years","Dooly","147","5","20"
"60-69 years","Dooly","127","10","24"
"70-79 years","Dooly","65","9","17"
"80 & Older years","Dooly","22","5","6"
"<1 years","Dooly","3","0","0"
"Unknown years","Dooly","6","0","0"
"01-04 years","Dougherty","76","0","3"
"05-09 years","Dougherty","130","0","0"
"10-17 years","Dougherty","287","0","7"
"18-29 years","Dougherty","1067","3","98"
"30-39 years","Dougherty","895","5","91"
"40-49 years","Dougherty","878","17","127"
"50-59 years","Dougherty","948","27","177"
"60-69 years","Dougherty","797","76","263"
"70-79 years","Dougherty","459","66","181"
"80 & Older years","Dougherty","273","94","131"
"<1 years","Dougherty","31","0","3"
"Unknown years","Dougherty","1","0","0"
"01-04 years","Douglas","202","0","5"
"05-09 years","Douglas","316","0","5"
"10-17 years","Douglas","1022","0","11"
"18-29 years","Douglas","2498","1","55"
"30-39 years","Douglas","2084","3","85"
"40-49 years","Douglas","2337","8","135"
"50-59 years","Douglas","2084","23","194"
"60-69 years","Douglas","1194","39","198"
"70-79 years","Douglas","620","63","163"
"80 & Older years","Douglas","306","51","105"
"<1 years","Douglas","38","0","5"
"Unknown years","Douglas","8","0","1"
"01-04 years","Early","22","0","0"
"05-09 years","Early","19","0","0"
"10-17 years","Early","119","0","0"
"18-29 years","Early","163","1","6"
"30-39 years","Early","159","0","4"
"40-49 years","Early","179","1","10"
"50-59 years","Early","166","3","12"
"60-69 years","Early","126","11","14"
"70-79 years","Early","81","14","18"
"80 & Older years","Early","41","12","15"
"<1 years","Early","2","0","0"
"Unknown years","Early","1","0","0"
"01-04 years","Echols","8","0","0"
"05-09 years","Echols","5","0","0"
"10-17 years","Echols","27","0","1"
"18-29 years","Echols","130","0","1"
"30-39 years","Echols","61","1","3"
"40-49 years","Echols","42","0","1"
"50-59 years","Echols","45","0","2"
"60-69 years","Echols","22","0","0"
"70-79 years","Echols","17","2","3"
"80 & Older years","Echols","3","1","2"
"<1 years","Echols","1","0","0"
"01-04 years","Effingham","60","0","2"
"05-09 years","Effingham","128","0","1"
"10-17 years","Effingham","429","0","1"
"18-29 years","Effingham","741","0","8"
"30-39 years","Effingham","706","1","15"
"40-49 years","Effingham","650","1","32"
"50-59 years","Effingham","636","14","50"
"60-69 years","Effingham","411","10","66"
"70-79 years","Effingham","233","23","67"
"80 & Older years","Effingham","101","24","36"
"<1 years","Effingham","13","0","0"
"Unknown years","Effingham","1","0","0"
"01-04 years","Elbert","21","0","0"
"05-09 years","Elbert","31","0","0"
"10-17 years","Elbert","91","0","1"
"18-29 years","Elbert","270","1","2"
"30-39 years","Elbert","192","0","8"
"40-49 years","Elbert","224","1","9"
"50-59 years","Elbert","237","1","14"
"60-69 years","Elbert","194","6","23"
"70-79 years","Elbert","163","20","35"
"80 & Older years","Elbert","128","31","37"
"<1 years","Elbert","8","0","2"
"Unknown years","Elbert","2","0","0"
"01-04 years","Emanuel","26","0","1"
"05-09 years","Emanuel","29","0","0"
"10-17 years","Emanuel","174","0","2"
"18-29 years","Emanuel","339","1","0"
"30-39 years","Emanuel","243","0","8"
"40-49 years","Emanuel","300","2","7"
"50-59 years","Emanuel","266","6","29"
"60-69 years","Emanuel","229","10","30"
"70-79 years","Emanuel","136","16","27"
"80 & Older years","Emanuel","67","20","23"
"<1 years","Emanuel","6","0","1"
"Unknown years","Emanuel","7","0","1"
"01-04 years","Evans","14","0","0"
"05-09 years","Evans","22","0","0"
"10-17 years","Evans","91","0","0"
"18-29 years","Evans","171","1","3"
"30-39 years","Evans","141","0","4"
"40-49 years","Evans","124","1","11"
"50-59 years","Evans","126","3","17"
"60-69 years","Evans","71","4","16"
"70-79 years","Evans","52","7","17"
"80 & Older years","Evans","21","3","12"
"<1 years","Evans","3","0","0"
"01-04 years","Fannin","18","0","1"
"05-09 years","Fannin","35","0","0"
"10-17 years","Fannin","140","0","0"
"18-29 years","Fannin","322","0","6"
"30-39 years","Fannin","256","0","7"
"40-49 years","Fannin","288","1","13"
"50-59 years","Fannin","394","5","27"
"60-69 years","Fannin","392","7","42"
"70-79 years","Fannin","278","18","51"
"80 & Older years","Fannin","152","33","50"
"<1 years","Fannin","5","0","0"
"01-04 years","Fayette","73","0","1"
"05-09 years","Fayette","150","0","3"
"10-17 years","Fayette","578","0","5"
"18-29 years","Fayette","1325","2","10"
"30-39 years","Fayette","868","3","11"
"40-49 years","Fayette","1154","5","35"
"50-59 years","Fayette","1207","9","61"
"60-69 years","Fayette","887","25","62"
"70-79 years","Fayette","451","55","83"
"80 & Older years","Fayette","292","63","46"
"<1 years","Fayette","15","0","0"
"Unknown years","Fayette","11","0","0"
"01-04 years","Floyd","136","0","4"
"05-09 years","Floyd","227","0","1"
"10-17 years","Floyd","962","0","11"
"18-29 years","Floyd","2070","0","30"
"30-39 years","Floyd","1555","3","53"
"40-49 years","Floyd","1510","6","91"
"50-59 years","Floyd","1486","25","157"
"60-69 years","Floyd","1084","39","200"
"70-79 years","Floyd","709","53","196"
"80 & Older years","Floyd","400","71","149"
"<1 years","Floyd","47","0","2"
"Unknown years","Floyd","80","0","2"
"01-04 years","Forsyth","260","0","3"
"05-09 years","Forsyth","657","0","2"
"10-17 years","Forsyth","2331","0","7"
"18-29 years","Forsyth","3333","0","51"
"30-39 years","Forsyth","2520","1","64"
"40-49 years","Forsyth","3287","5","140"
"50-59 years","Forsyth","3032","10","182"
"60-69 years","Forsyth","1549","25","174"
"70-79 years","Forsyth","917","63","226"
"80 & Older years","Forsyth","539","93","172"
"<1 years","Forsyth","53","0","3"
"Unknown years","Forsyth","278","0","4"
"01-04 years","Franklin","20","0","2"
"05-09 years","Franklin","59","0","0"
"10-17 years","Franklin","195","0","6"
"18-29 years","Franklin","466","0","10"
"30-39 years","Franklin","315","0","7"
"40-49 years","Franklin","360","0","14"
"50-59 years","Franklin","368","2","27"
"60-69 years","Franklin","333","3","37"
"70-79 years","Franklin","203","19","40"
"80 & Older years","Franklin","114","23","27"
"<1 years","Franklin","7","0","1"
"Unknown years","Franklin","35","0","0"
"01-04 years","Fulton","1163","0","35"
"05-09 years","Fulton","1892","0","21"
"10-17 years","Fulton","5968","1","60"
"18-29 years","Fulton","22637","5","429"
"30-39 years","Fulton","16764","29","599"
"40-49 years","Fulton","13243","42","693"
"50-59 years","Fulton","11731","127","1041"
"60-69 years","Fulton","6839","253","973"
"70-79 years","Fulton","3619","365","881"
"80 & Older years","Fulton","2589","557","835"
"<1 years","Fulton","240","0","12"
"Unknown years","Fulton","67","0","3"
"01-04 years","Gilmer","34","0","2"
"05-09 years","Gilmer","46","0","0"
"10-17 years","Gilmer","200","0","2"
"18-29 years","Gilmer","384","0","13"
"30-39 years","Gilmer","336","0","17"
"40-49 years","Gilmer","373","0","18"
"50-59 years","Gilmer","418","11","32"
"60-69 years","Gilmer","397","9","49"
"70-79 years","Gilmer","273","24","62"
"80 & Older years","Gilmer","140","34","42"
"<1 years","Gilmer","12","0","0"
"01-04 years","Glascock","1","0","0"
"05-09 years","Glascock","3","0","0"
"10-17 years","Glascock","1","0","0"
"18-29 years","Glascock","22","0","1"
"30-39 years","Glascock","18","0","0"
"40-49 years","Glascock","22","0","2"
"50-59 years","Glascock","28","2","3"
"60-69 years","Glascock","17","0","5"
"70-79 years","Glascock","25","3","8"
"80 & Older years","Glascock","9","2","5"
"<1 years","Glascock","1","0","0"
"Unknown years","Glascock","1","0","0"
"01-04 years","Glynn","116","0","1"
"05-09 years","Glynn","197","0","1"
"10-17 years","Glynn","645","0","3"
"18-29 years","Glynn","1480","0","25"
"30-39 years","Glynn","1185","5","36"
"40-49 years","Glynn","1006","4","45"
"50-59 years","Glynn","943","10","79"
"60-69 years","Glynn","768","34","126"
"70-79 years","Glynn","478","44","87"
"80 & Older years","Glynn","269","64","92"
"<1 years","Glynn","22","0","0"
"Unknown years","Glynn","53","0","0"
"01-04 years","Gordon","94","0","1"
"05-09 years","Gordon","135","0","1"
"10-17 years","Gordon","585","0","5"
"18-29 years","Gordon","1316","0","16"
"30-39 years","Gordon","1036","2","21"
"40-49 years","Gordon","1076","5","37"
"50-59 years","Gordon","1063","15","58"
"60-69 years","Gordon","667","23","58"
"70-79 years","Gordon","376","27","80"
"80 & Older years","Gordon","200","35","58"
"<1 years","Gordon","32","0","3"
"Unknown years","Gordon","83","0","1"
"01-04 years","Grady","40","0","1"
"05-09 years","Grady","52","0","0"
"10-17 years","Grady","158","0","5"
"18-29 years","Grady","293","0","10"
"30-39 years","Grady","251","0","13"
"40-49 years","Grady","269","2","27"
"50-59 years","Grady","249","7","34"
"60-69 years","Grady","180","5","29"
"70-79 years","Grady","164","19","50"
"80 & Older years","Grady","59","18","23"
"<1 years","Grady","4","0","2"
"Unknown years","Grady","2","0","0"
"01-04 years","Greene","16","0","0"
"05-09 years","Greene","32","0","0"
"10-17 years","Greene","91","0","0"
"18-29 years","Greene","268","0","7"
"30-39 years","Greene","195","0","7"
"40-49 years","Greene","186","3","14"
"50-59 years","Greene","226","6","21"
"60-69 years","Greene","240","8","22"
"70-79 years","Greene","178","10","28"
"80 & Older years","Greene","106","27","42"
"<1 years","Greene","4","0","1"
"Unknown years","Greene","2","0","0"
"01-04 years","Gwinnett","1421","0","19"
"05-09 years","Gwinnett","2285","0","28"
"10-17 years","Gwinnett","7516","2","71"
"18-29 years","Gwinnett","20054","9","531"
"30-39 years","Gwinnett","15227","23","571"
"40-49 years","Gwinnett","16094","66","797"
"50-59 years","Gwinnett","13725","114","928"
"60-69 years","Gwinnett","7516","222","959"
"70-79 years","Gwinnett","3400","288","778"
"80 & Older years","Gwinnett","1890","411","680"
"<1 years","Gwinnett","428","0","22"
"Unknown years","Gwinnett","78","0","0"
"01-04 years","Habersham","33","0","3"
"05-09 years","Habersham","58","0","3"
"10-17 years","Habersham","322","1","8"
"18-29 years","Habersham","900","1","14"
"30-39 years","Habersham","681","2","31"
"40-49 years","Habersham","704","3","43"
"50-59 years","Habersham","729","7","61"
"60-69 years","Habersham","596","21","120"
"70-79 years","Habersham","397","50","115"
"80 & Older years","Habersham","287","71","94"
"<1 years","Habersham","11","0","4"
"Unknown years","Habersham","43","0","3"
"01-04 years","Hall","207","0","8"
"05-09 years","Hall","438","0","5"
"10-17 years","Hall","1916","0","33"
"18-29 years","Hall","5665","4","177"
"30-39 years","Hall","3846","3","209"
"40-49 years","Hall","4005","14","295"
"50-59 years","Hall","4152","39","425"
"60-69 years","Hall","2763","91","445"
"70-79 years","Hall","1778","130","509"
"80 & Older years","Hall","972","195","396"
"<1 years","Hall","36","0","7"
"Unknown years","Hall","285","0","8"
"01-04 years","Hancock","8","0","0"
"05-09 years","Hancock","8","0","0"
"10-17 years","Hancock","37","0","1"
"18-29 years","Hancock","135","0","3"
"30-39 years","Hancock","114","0","2"
"40-49 years","Hancock","113","1","7"
"50-59 years","Hancock","148","4","16"
"60-69 years","Hancock","144","18","32"
"70-79 years","Hancock","81","20","26"
"80 & Older years","Hancock","63","23","24"
"<1 years","Hancock","4","0","0"
"01-04 years","Haralson","24","0","0"
"05-09 years","Haralson","42","0","0"
"10-17 years","Haralson","163","0","2"
"18-29 years","Haralson","364","0","3"
"30-39 years","Haralson","234","0","5"
"40-49 years","Haralson","257","2","8"
"50-59 years","Haralson","290","1","7"
"60-69 years","Haralson","202","13","25"
"70-79 years","Haralson","133","13","19"
"80 & Older years","Haralson","55","7","10"
"<1 years","Haralson","8","0","1"
"Unknown years","Haralson","3","0","0"
"01-04 years","Harris","32","0","0"
"05-09 years","Harris","36","0","0"
"10-17 years","Harris","198","0","2"
"18-29 years","Harris","376","0","7"
"30-39 years","Harris","275","0","8"
"40-49 years","Harris","393","3","13"
"50-59 years","Harris","423","8","26"
"60-69 years","Harris","340","13","55"
"70-79 years","Harris","204","25","46"
"80 & Older years","Harris","63","14","16"
"<1 years","Harris","6","0","0"
"Unknown years","Harris","4","0","0"
"01-04 years","Hart","17","0","0"
"05-09 years","Hart","24","0","1"
"10-17 years","Hart","103","0","0"
"18-29 years","Hart","316","0","2"
"30-39 years","Hart","272","0","8"
"40-49 years","Hart","248","0","10"
"50-59 years","Hart","299","3","23"
"60-69 years","Hart","243","13","32"
"70-79 years","Hart","165","8","28"
"80 & Older years","Hart","89","15","29"
"<1 years","Hart","6","0","1"
"Unknown years","Hart","16","0","0"
"01-04 years","Heard","8","0","0"
"05-09 years","Heard","16","0","0"
"10-17 years","Heard","64","0","1"
"18-29 years","Heard","111","0","1"
"30-39 years","Heard","75","0","1"
"40-49 years","Heard","119","0","10"
"50-59 years","Heard","118","1","6"
"60-69 years","Heard","83","4","9"
"70-79 years","Heard","56","7","17"
"80 & Older years","Heard","23","6","4"
"<1 years","Heard","4","0","0"
"01-04 years","Henry","271","0","8"
"05-09 years","Henry","465","0","2"
"10-17 years","Henry","1584","0","17"
"18-29 years","Henry","4106","1","44"
"30-39 years","Henry","3443","7","58"
"40-49 years","Henry","3670","16","109"
"50-59 years","Henry","3545","24","144"
"60-69 years","Henry","1963","75","116"
"70-79 years","Henry","972","91","99"
"80 & Older years","Henry","502","100","68"
"<1 years","Henry","53","0","2"
"Unknown years","Henry","25","0","2"
"01-04 years","Houston","120","0","3"
"05-09 years","Houston","188","0","1"
"10-17 years","Houston","784","0","6"
"18-29 years","Houston","2237","4","49"
"30-39 years","Houston","1931","3","75"
"40-49 years","Houston","1807","10","111"
"50-59 years","Houston","1542","16","138"
"60-69 years","Houston","1009","49","178"
"70-79 years","Houston","570","67","176"
"80 & Older years","Houston","304","60","110"
"<1 years","Houston","26","0","2"
"Unknown years","Houston","1","0","0"
"01-04 years","Irwin","6","0","0"
"05-09 years","Irwin","11","0","0"
"10-17 years","Irwin","52","0","0"
"18-29 years","Irwin","155","0","5"
"30-39 years","Irwin","131","0","5"
"40-49 years","Irwin","139","1","10"
"50-59 years","Irwin","114","3","12"
"60-69 years","Irwin","91","1","22"
"70-79 years","Irwin","51","6","9"
"80 & Older years","Irwin","38","8","22"
"Unknown years","Irwin","2","0","0"
"01-04 years","Jackson","69","0","0"
"05-09 years","Jackson","167","0","3"
"10-17 years","Jackson","825","0","6"
"18-29 years","Jackson","1549","2","24"
"30-39 years","Jackson","1396","2","32"
"40-49 years","Jackson","1494","6","64"
"50-59 years","Jackson","1411","7","90"
"60-69 years","Jackson","955","28","92"
"70-79 years","Jackson","639","38","121"
"80 & Older years","Jackson","314","57","108"
"<1 years","Jackson","25","0","2"
"Unknown years","Jackson","12","0","1"
"01-04 years","Jasper","6","0","0"
"05-09 years","Jasper","9","0","0"
"10-17 years","Jasper","38","0","0"
"18-29 years","Jasper","129","0","4"
"30-39 years","Jasper","100","0","2"
"40-49 years","Jasper","103","1","4"
"50-59 years","Jasper","134","2","13"
"60-69 years","Jasper","102","8","20"
"70-79 years","Jasper","57","6","11"
"80 & Older years","Jasper","20","3","6"
"<1 years","Jasper","5","0","2"
"01-04 years","Jeff Davis","30","0","0"
"05-09 years","Jeff Davis","36","0","0"
"10-17 years","Jeff Davis","122","0","2"
"18-29 years","Jeff Davis","276","0","5"
"30-39 years","Jeff Davis","225","0","8"
"40-49 years","Jeff Davis","221","0","12"
"50-59 years","Jeff Davis","208","7","21"
"60-69 years","Jeff Davis","130","8","22"
"70-79 years","Jeff Davis","87","13","19"
"80 & Older years","Jeff Davis","18","8","7"
"<1 years","Jeff Davis","3","0","1"
"01-04 years","Jefferson","18","0","0"
"05-09 years","Jefferson","32","0","0"
"10-17 years","Jefferson","113","0","2"
"18-29 years","Jefferson","248","0","3"
"30-39 years","Jefferson","206","0","9"
"40-49 years","Jefferson","223","3","18"
"50-59 years","Jefferson","277","5","26"
"60-69 years","Jefferson","260","12","39"
"70-79 years","Jefferson","157","19","41"
"80 & Older years","Jefferson","71","22","31"
"<1 years","Jefferson","4","0","0"
"Unknown years","Jefferson","8","0","0"
"01-04 years","Jenkins","17","0","0"
"05-09 years","Jenkins","21","0","0"
"10-17 years","Jenkins","63","0","0"
"18-29 years","Jenkins","118","0","2"
"30-39 years","Jenkins","89","2","6"
"40-49 years","Jenkins","119","2","10"
"50-59 years","Jenkins","128","6","23"
"60-69 years","Jenkins","89","6","13"
"70-79 years","Jenkins","58","13","21"
"80 & Older years","Jenkins","50","10","11"
"<1 years","Jenkins","2","0","0"
"Unknown years","Jenkins","1","0","0"
"01-04 years","Johnson","6","0","0"
"05-09 years","Johnson","8","0","0"
"10-17 years","Johnson","31","0","0"
"18-29 years","Johnson","126","0","4"
"30-39 years","Johnson","110","0","3"
"40-49 years","Johnson","100","2","6"
"50-59 years","Johnson","138","5","17"
"60-69 years","Johnson","131","8","23"
"70-79 years","Johnson","91","9","24"
"80 & Older years","Johnson","67","19","19"
"<1 years","Johnson","2","0","2"
"01-04 years","Jones","8","0","1"
"05-09 years","Jones","26","0","0"
"10-17 years","Jones","94","0","0"
"18-29 years","Jones","351","0","8"
"30-39 years","Jones","260","1","10"
"40-49 years","Jones","247","2","18"
"50-59 years","Jones","279","3","30"
"60-69 years","Jones","190","6","37"
"70-79 years","Jones","134","22","49"
"80 & Older years","Jones","80","21","26"
"<1 years","Jones","3","0","0"
"Unknown years","Jones","1","0","0"
"01-04 years","Lamar","32","0","0"
"05-09 years","Lamar","49","0","0"
"10-17 years","Lamar","116","0","4"
"18-29 years","Lamar","232","0","4"
"30-39 years","Lamar","197","0","12"
"40-49 years","Lamar","187","1","7"
"50-59 years","Lamar","201","4","32"
"60-69 years","Lamar","190","10","27"
"70-79 years","Lamar","131","13","26"
"80 & Older years","Lamar","66","20","21"
"<1 years","Lamar","15","0","1"
"01-04 years","Lanier","8","0","0"
"05-09 years","Lanier","12","0","1"
"10-17 years","Lanier","41","0","1"
"18-29 years","Lanier","113","1","1"
"30-39 years","Lanier","130","0","2"
"40-49 years","Lanier","75","1","3"
"50-59 years","Lanier","62","1","6"
"60-69 years","Lanier","40","3","3"
"70-79 years","Lanier","25","4","6"
"80 & Older years","Lanier","14","0","6"
"<1 years","Lanier","4","0","0"
"Unknown years","Lanier","1","0","0"
"01-04 years","Laurens","32","0","0"
"05-09 years","Laurens","53","0","2"
"10-17 years","Laurens","263","0","3"
"18-29 years","Laurens","714","0","10"
"30-39 years","Laurens","589","1","20"
"40-49 years","Laurens","610","5","30"
"50-59 years","Laurens","607","11","66"
"60-69 years","Laurens","496","32","87"
"70-79 years","Laurens","326","48","85"
"80 & Older years","Laurens","221","51","62"
"<1 years","Laurens","6","0","1"
"Unknown years","Laurens","3","0","0"
"01-04 years","Lee","15","0","0"
"05-09 years","Lee","32","0","3"
"10-17 years","Lee","125","0","1"
"18-29 years","Lee","285","1","12"
"30-39 years","Lee","312","1","19"
"40-49 years","Lee","309","4","30"
"50-59 years","Lee","278","10","49"
"60-69 years","Lee","189","13","34"
"70-79 years","Lee","92","13","33"
"80 & Older years","Lee","53","9","21"
"<1 years","Lee","8","0","0"
"Unknown years","Lee","1","0","0"
"01-04 years","Liberty","77","0","1"
"05-09 years","Liberty","102","0","1"
"10-17 years","Liberty","285","0","2"
"18-29 years","Liberty","1210","1","15"
"30-39 years","Liberty","659","1","23"
"40-49 years","Liberty","501","1","19"
"50-59 years","Liberty","474","11","50"
"60-69 years","Liberty","315","17","50"
"70-79 years","Liberty","146","17","55"
"80 & Older years","Liberty","62","15","25"
"<1 years","Liberty","34","0","1"
"Unknown years","Liberty","7","0","0"
"01-04 years","Lincoln","9","0","0"
"05-09 years","Lincoln","13","0","0"
"10-17 years","Lincoln","34","0","0"
"18-29 years","Lincoln","95","0","3"
"30-39 years","Lincoln","77","0","1"
"40-49 years","Lincoln","85","1","7"
"50-59 years","Lincoln","70","3","5"
"60-69 years","Lincoln","80","5","16"
"70-79 years","Lincoln","53","9","14"
"80 & Older years","Lincoln","21","7","9"
"<1 years","Lincoln","2","0","0"
"Unknown years","Lincoln","4","0","0"
"01-04 years","Long","19","0","0"
"05-09 years","Long","20","0","0"
"10-17 years","Long","79","0","0"
"18-29 years","Long","140","0","0"
"30-39 years","Long","157","0","3"
"40-49 years","Long","118","0","7"
"50-59 years","Long","90","1","10"
"60-69 years","Long","71","3","12"
"70-79 years","Long","41","6","14"
"80 & Older years","Long","17","2","7"
"<1 years","Long","7","0","0"
"Unknown years","Long","1","0","0"
"01-04 years","Lowndes","161","0","0"
"05-09 years","Lowndes","198","0","0"
"10-17 years","Lowndes","646","0","8"
"18-29 years","Lowndes","2533","4","32"
"30-39 years","Lowndes","1360","1","25"
"40-49 years","Lowndes","1105","4","49"
"50-59 years","Lowndes","939","12","71"
"60-69 years","Lowndes","639","30","89"
"70-79 years","Lowndes","364","41","72"
"80 & Older years","Lowndes","216","58","67"
"<1 years","Lowndes","38","0","1"
"Unknown years","Lowndes","6","0","0"
"01-04 years","Lumpkin","17","0","1"
"05-09 years","Lumpkin","32","0","2"
"10-17 years","Lumpkin","147","0","3"
"18-29 years","Lumpkin","756","0","14"
"30-39 years","Lumpkin","350","0","11"
"40-49 years","Lumpkin","361","1","25"
"50-59 years","Lumpkin","424","5","49"
"60-69 years","Lumpkin","387","12","58"
"70-79 years","Lumpkin","282","18","75"
"80 & Older years","Lumpkin","139","34","70"
"<1 years","Lumpkin","7","0","1"
"Unknown years","Lumpkin","29","0","2"
"01-04 years","Macon","9","0","0"
"05-09 years","Macon","12","0","0"
"10-17 years","Macon","23","0","0"
"18-29 years","Macon","115","0","4"
"30-39 years","Macon","82","0","4"
"40-49 years","Macon","113","3","9"
"50-59 years","Macon","123","5","15"
"60-69 years","Macon","84","8","28"
"70-79 years","Macon","54","7","21"
"80 & Older years","Macon","21","9","8"
"<1 years","Macon","3","0","0"
"Unknown years","Macon","4","0","1"
"01-04 years","Madison","42","0","1"
"05-09 years","Madison","57","0","0"
"10-17 years","Madison","237","0","0"
"18-29 years","Madison","525","0","3"
"30-39 years","Madison","434","0","6"
"40-49 years","Madison","436","0","19"
"50-59 years","Madison","452","4","26"
"60-69 years","Madison","353","10","42"
"70-79 years","Madison","208","18","46"
"80 & Older years","Madison","82","14","15"
"<1 years","Madison","20","0","4"
"Unknown years","Madison","4","0","0"
"01-04 years","Marion","9","0","0"
"05-09 years","Marion","9","0","1"
"10-17 years","Marion","41","0","0"
"18-29 years","Marion","72","0","2"
"30-39 years","Marion","55","0","2"
"40-49 years","Marion","71","1","6"
"50-59 years","Marion","67","6","7"
"60-69 years","Marion","52","6","7"
"70-79 years","Marion","31","5","9"
"80 & Older years","Marion","29","5","9"
"<1 years","Marion","3","0","0"
"Unknown years","Marion","2","0","0"
"01-04 years","McDuffie","30","0","0"
"05-09 years","McDuffie","35","0","0"
"10-17 years","McDuffie","136","0","0"
"18-29 years","McDuffie","350","0","6"
"30-39 years","McDuffie","263","2","4"
"40-49 years","McDuffie","266","2","16"
"50-59 years","McDuffie","268","5","32"
"60-69 years","McDuffie","212","10","34"
"70-79 years","McDuffie","122","11","50"
"80 & Older years","McDuffie","61","15","29"
"<1 years","McDuffie","4","0","0"
"Unknown years","McDuffie","18","0","0"
"01-04 years","McIntosh","4","0","0"
"05-09 years","McIntosh","14","0","0"
"10-17 years","McIntosh","42","0","0"
"18-29 years","McIntosh","118","0","4"
"30-39 years","McIntosh","85","0","3"
"40-49 years","McIntosh","109","0","4"
"50-59 years","McIntosh","141","0","6"
"60-69 years","McIntosh","108","2","18"
"70-79 years","McIntosh","65","4","16"
"80 & Older years","McIntosh","28","8","9"
"<1 years","McIntosh","1","0","0"
"Unknown years","McIntosh","2","0","0"
"01-04 years","Meriwether","29","0","2"
"05-09 years","Meriwether","31","0","1"
"10-17 years","Meriwether","92","0","1"
"18-29 years","Meriwether","237","0","7"
"30-39 years","Meriwether","197","2","16"
"40-49 years","Meriwether","237","4","19"
"50-59 years","Meriwether","252","6","25"
"60-69 years","Meriwether","232","14","35"
"70-79 years","Meriwether","192","25","41"
"80 & Older years","Meriwether","103","29","24"
"<1 years","Meriwether","6","0","0"
"Unknown years","Meriwether","2","0","0"
"01-04 years","Miller","12","0","0"
"05-09 years","Miller","9","0","0"
"10-17 years","Miller","81","0","1"
"18-29 years","Miller","113","0","1"
"30-39 years","Miller","101","0","0"
"40-49 years","Miller","87","0","7"
"50-59 years","Miller","133","2","12"
"60-69 years","Miller","98","3","13"
"70-79 years","Miller","31","2","3"
"80 & Older years","Miller","26","2","6"
"<1 years","Miller","3","0","0"
"01-04 years","Mitchell","26","0","1"
"05-09 years","Mitchell","31","0","0"
"10-17 years","Mitchell","96","0","2"
"18-29 years","Mitchell","276","0","11"
"30-39 years","Mitchell","240","1","16"
"40-49 years","Mitchell","235","4","20"
"50-59 years","Mitchell","263","12","55"
"60-69 years","Mitchell","216","15","51"
"70-79 years","Mitchell","135","18","48"
"80 & Older years","Mitchell","98","27","33"
"<1 years","Mitchell","9","0","0"
"Unknown years","Mitchell","1","0","0"
"01-04 years","Monroe","15","0","2"
"05-09 years","Monroe","26","0","1"
"10-17 years","Monroe","103","0","0"
"18-29 years","Monroe","325","1","6"
"30-39 years","Monroe","265","0","9"
"40-49 years","Monroe","285","4","21"
"50-59 years","Monroe","340","3","29"
"60-69 years","Monroe","308","20","55"
"70-79 years","Monroe","176","23","47"
"80 & Older years","Monroe","125","41","39"
"<1 years","Monroe","3","0","1"
"01-04 years","Montgomery","11","0","0"
"05-09 years","Montgomery","8","0","0"
"10-17 years","Montgomery","55","0","1"
"18-29 years","Montgomery","170","0","1"
"30-39 years","Montgomery","113","2","5"
"40-49 years","Montgomery","136","0","2"
"50-59 years","Montgomery","114","3","8"
"60-69 years","Montgomery","100","4","12"
"70-79 years","Montgomery","56","6","12"
"80 & Older years","Montgomery","26","6","7"
"<1 years","Montgomery","1","0","0"
"Unknown years","Montgomery","1","0","0"
"01-04 years","Morgan","17","0","0"
"05-09 years","Morgan","27","0","1"
"10-17 years","Morgan","93","0","1"
"18-29 years","Morgan","226","0","5"
"30-39 years","Morgan","175","0","7"
"40-49 years","Morgan","181","1","7"
"50-59 years","Morgan","202","2","18"
"60-69 years","Morgan","153","6","17"
"70-79 years","Morgan","114","4","20"
"80 & Older years","Morgan","60","11","20"
"<1 years","Morgan","15","0","1"
"Unknown years","Morgan","1","0","0"
"01-04 years","Murray","73","0","2"
"05-09 years","Murray","106","0","2"
"10-17 years","Murray","416","0","2"
"18-29 years","Murray","883","0","10"
"30-39 years","Murray","614","1","8"
"40-49 years","Murray","758","0","25"
"50-59 years","Murray","653","9","51"
"60-69 years","Murray","446","16","73"
"70-79 years","Murray","273","37","70"
"80 & Older years","Murray","105","22","28"
"<1 years","Murray","27","0","2"
"01-04 years","Muscogee","256","0","8"
"05-09 years","Muscogee","414","0","0"
"10-17 years","Muscogee","1081","0","10"
"18-29 years","Muscogee","3606","5","86"
"30-39 years","Muscogee","2517","2","92"
"40-49 years","Muscogee","2117","8","125"
"50-59 years","Muscogee","2117","54","236"
"60-69 years","Muscogee","1672","93","299"
"70-79 years","Muscogee","919","112","237"
"80 & Older years","Muscogee","554","165","201"
"<1 years","Muscogee","83","0","6"
"Unknown years","Muscogee","52","0","1"
"01-04 years","Newton","90","0","2"
"05-09 years","Newton","160","0","1"
"10-17 years","Newton","500","0","12"
"18-29 years","Newton","1516","1","47"
"30-39 years","Newton","1269","2","67"
"40-49 years","Newton","1442","9","110"
"50-59 years","Newton","1334","29","140"
"60-69 years","Newton","757","42","115"
"70-79 years","Newton","521","67","115"
"80 & Older years","Newton","308","91","81"
"<1 years","Newton","32","0","5"
"Unknown years","Newton","1","0","0"
"01-04 years","Non-GA Resident/Unknown State","278","0","5"
"05-09 years","Non-GA Resident/Unknown State","428","0","5"
"10-17 years","Non-GA Resident/Unknown State","1257","0","7"
"18-29 years","Non-GA Resident/Unknown State","5788","4","68"
"30-39 years","Non-GA Resident/Unknown State","4064","3","97"
"40-49 years","Non-GA Resident/Unknown State","3403","18","117"
"50-59 years","Non-GA Resident/Unknown State","3384","56","219"
"60-69 years","Non-GA Resident/Unknown State","2440","125","295"
"70-79 years","Non-GA Resident/Unknown State","1581","143","315"
"80 & Older years","Non-GA Resident/Unknown State","864","149","210"
"<1 years","Non-GA Resident/Unknown State","154","0","2"
"Unknown years","Non-GA Resident/Unknown State","781","0","2"
"01-04 years","Oconee","37","0","0"
"05-09 years","Oconee","69","0","0"
"10-17 years","Oconee","345","0","0"
"18-29 years","Oconee","600","1","7"
"30-39 years","Oconee","393","1","5"
"40-49 years","Oconee","589","1","12"
"50-59 years","Oconee","503","5","12"
"60-69 years","Oconee","321","11","34"
"70-79 years","Oconee","180","18","24"
"80 & Older years","Oconee","137","29","42"
"<1 years","Oconee","10","0","0"
"01-04 years","Oglethorpe","19","0","0"
"05-09 years","Oglethorpe","31","0","0"
"10-17 years","Oglethorpe","99","0","1"
"18-29 years","Oglethorpe","218","0","2"
"30-39 years","Oglethorpe","158","2","2"
"40-49 years","Oglethorpe","184","1","8"
"50-59 years","Oglethorpe","187","1","18"
"60-69 years","Oglethorpe","153","1","16"
"70-79 years","Oglethorpe","111","10","16"
"80 & Older years","Oglethorpe","70","15","18"
"<1 years","Oglethorpe","11","0","0"
"Unknown years","Oglethorpe","1","0","0"
"01-04 years","Paulding","166","0","2"
"05-09 years","Paulding","308","0","0"
"10-17 years","Paulding","1124","0","7"
"18-29 years","Paulding","2190","1","34"
"30-39 years","Paulding","1869","2","36"
"40-49 years","Paulding","2016","7","61"
"50-59 years","Paulding","1872","19","86"
"60-69 years","Paulding","971","37","88"
"70-79 years","Paulding","548","40","82"
"80 & Older years","Paulding","323","68","69"
"<1 years","Paulding","43","0","0"
"Unknown years","Paulding","34","0","1"
"01-04 years","Peach","17","0","2"
"05-09 years","Peach","21","0","0"
"10-17 years","Peach","88","0","2"
"18-29 years","Peach","431","2","13"
"30-39 years","Peach","329","0","17"
"40-49 years","Peach","263","4","24"
"50-59 years","Peach","318","10","48"
"60-69 years","Peach","273","14","59"
"70-79 years","Peach","134","16","43"
"80 & Older years","Peach","66","16","29"
"<1 years","Peach","4","0","0"
"01-04 years","Pickens","23","0","2"
"05-09 years","Pickens","40","0","1"
"10-17 years","Pickens","151","0","0"
"18-29 years","Pickens","419","0","7"
"30-39 years","Pickens","347","0","14"
"40-49 years","Pickens","421","0","20"
"50-59 years","Pickens","464","4","29"
"60-69 years","Pickens","368","10","49"
"70-79 years","Pickens","287","22","71"
"80 & Older years","Pickens","126","27","39"
"<1 years","Pickens","3","0","1"
"01-04 years","Pierce","18","0","0"
"05-09 years","Pierce","28","0","0"
"10-17 years","Pierce","106","1","1"
"18-29 years","Pierce","255","0","6"
"30-39 years","Pierce","167","0","6"
"40-49 years","Pierce","234","0","17"
"50-59 years","Pierce","214","5","23"
"60-69 years","Pierce","170","13","44"
"70-79 years","Pierce","121","15","39"
"80 & Older years","Pierce","56","16","18"
"<1 years","Pierce","9","0","1"
"01-04 years","Pike","27","0","0"
"05-09 years","Pike","31","0","0"
"10-17 years","Pike","129","0","1"
"18-29 years","Pike","184","1","7"
"30-39 years","Pike","160","0","3"
"40-49 years","Pike","212","2","13"
"50-59 years","Pike","170","5","12"
"60-69 years","Pike","120","4","19"
"70-79 years","Pike","86","9","23"
"80 & Older years","Pike","35","8","10"
"<1 years","Pike","4","0","0"
"Unknown years","Pike","1","0","0"
"01-04 years","Polk","46","0","1"
"05-09 years","Polk","76","0","2"
"10-17 years","Polk","326","0","3"
"18-29 years","Polk","837","0","13"
"30-39 years","Polk","596","1","18"
"40-49 years","Polk","599","3","40"
"50-59 years","Polk","627","12","84"
"60-69 years","Polk","405","17","76"
"70-79 years","Polk","329","26","93"
"80 & Older years","Polk","148","28","57"
"<1 years","Polk","25","0","1"
"Unknown years","Polk","29","0","0"
"01-04 years","Pulaski","5","0","0"
"05-09 years","Pulaski","9","0","0"
"10-17 years","Pulaski","38","0","1"
"18-29 years","Pulaski","90","0","2"
"30-39 years","Pulaski","94","0","2"
"40-49 years","Pulaski","95","0","10"
"50-59 years","Pulaski","104","0","6"
"60-69 years","Pulaski","95","8","13"
"70-79 years","Pulaski","48","13","16"
"80 & Older years","Pulaski","40","11","7"
"<1 years","Pulaski","3","0","0"
"01-04 years","Putnam","27","0","0"
"05-09 years","Putnam","46","0","1"
"10-17 years","Putnam","143","0","2"
"18-29 years","Putnam","314","0","4"
"30-39 years","Putnam","257","0","7"
"40-49 years","Putnam","244","2","12"
"50-59 years","Putnam","324","2","22"
"60-69 years","Putnam","282","13","31"
"70-79 years","Putnam","212","21","58"
"80 & Older years","Putnam","90","22","37"
"<1 years","Putnam","7","0","1"
"01-04 years","Quitman","1","0","0"
"05-09 years","Quitman","4","0","0"
"10-17 years","Quitman","6","0","0"
"18-29 years","Quitman","13","0","1"
"30-39 years","Quitman","4","0","1"
"40-49 years","Quitman","3","0","1"
"50-59 years","Quitman","17","0","1"
"60-69 years","Quitman","25","1","5"
"70-79 years","Quitman","3","0","1"
"80 & Older years","Quitman","6","1","2"
"<1 years","Quitman","2","0","0"
"01-04 years","Rabun","17","0","0"
"05-09 years","Rabun","30","0","0"
"10-17 years","Rabun","121","0","1"
"18-29 years","Rabun","246","0","5"
"30-39 years","Rabun","203","1","11"
"40-49 years","Rabun","218","0","10"
"50-59 years","Rabun","247","3","26"
"60-69 years","Rabun","243","10","35"
"70-79 years","Rabun","194","11","40"
"80 & Older years","Rabun","81","18","31"
"<1 years","Rabun","5","0","1"
"Unknown years","Rabun","10","0","0"
"01-04 years","Randolph","2","0","0"
"05-09 years","Randolph","7","0","0"
"10-17 years","Randolph","14","0","1"
"18-29 years","Randolph","66","0","2"
"30-39 years","Randolph","76","2","8"
"40-49 years","Randolph","59","0","7"
"50-59 years","Randolph","93","3","20"
"60-69 years","Randolph","74","9","17"
"70-79 years","Randolph","48","4","16"
"80 & Older years","Randolph","46","15","16"
"<1 years","Randolph","1","0","0"
"Unknown years","Randolph","2","0","0"
"01-04 years","Richmond","321","0","1"
"05-09 years","Richmond","630","0","4"
"10-17 years","Richmond","1700","0","16"
"18-29 years","Richmond","4883","8","69"
"30-39 years","Richmond","3617","7","96"
"40-49 years","Richmond","2892","19","125"
"50-59 years","Richmond","2835","44","236"
"60-69 years","Richmond","2091","86","293"
"70-79 years","Richmond","1124","116","309"
"80 & Older years","Richmond","678","161","276"
"<1 years","Richmond","91","0","3"
"Unknown years","Richmond","24","0","1"
"01-04 years","Rockdale","70","0","4"
"05-09 years","Rockdale","133","0","1"
"10-17 years","Rockdale","417","0","10"
"18-29 years","Rockdale","1304","2","80"
"30-39 years","Rockdale","1047","3","103"
"40-49 years","Rockdale","1136","7","125"
"50-59 years","Rockdale","1114","15","188"
"60-69 years","Rockdale","679","32","159"
"70-79 years","Rockdale","392","53","152"
"80 & Older years","Rockdale","214","48","100"
"<1 years","Rockdale","13","0","2"
"Unknown years","Rockdale","2","0","0"
"01-04 years","Schley","5","0","0"
"05-09 years","Schley","4","0","0"
"10-17 years","Schley","23","0","0"
"18-29 years","Schley","50","0","2"
"30-39 years","Schley","25","0","0"
"40-49 years","Schley","35","0","4"
"50-59 years","Schley","32","0","4"
"60-69 years","Schley","28","1","8"
"70-79 years","Schley","13","2","2"
"80 & Older years","Schley","7","2","2"
"<1 years","Schley","1","0","0"
"Unknown years","Schley","1","0","0"
"01-04 years","Screven","13","0","0"
"05-09 years","Screven","20","0","0"
"10-17 years","Screven","69","0","0"
"18-29 years","Screven","150","0","3"
"30-39 years","Screven","135","0","2"
"40-49 years","Screven","107","1","7"
"50-59 years","Screven","119","2","16"
"60-69 years","Screven","139","2","15"
"70-79 years","Screven","77","8","19"
"80 & Older years","Screven","38","8","11"
"<1 years","Screven","5","0","0"
"Unknown years","Screven","2","0","0"
"01-04 years","Seminole","15","0","0"
"05-09 years","Seminole","15","0","0"
"10-17 years","Seminole","73","0","0"
"18-29 years","Seminole","123","0","1"
"30-39 years","Seminole","95","0","4"
"40-49 years","Seminole","99","0","8"
"50-59 years","Seminole","117","1","6"
"60-69 years","Seminole","139","4","28"
"70-79 years","Seminole","70","6","16"
"80 & Older years","Seminole","32","7","13"
"<1 years","Seminole","4","0","0"
"01-04 years","Spalding","75","0","3"
"05-09 years","Spalding","81","0","1"
"10-17 years","Spalding","245","0","5"
"18-29 years","Spalding","775","1","37"
"30-39 years","Spalding","673","3","38"
"40-49 years","Spalding","676","5","62"
"50-59 years","Spalding","704","18","93"
"60-69 years","Spalding","528","39","104"
"70-79 years","Spalding","387","52","98"
"80 & Older years","Spalding","229","53","71"
"<1 years","Spalding","12","0","0"
"Unknown years","Spalding","20","0","0"
"01-04 years","Stephens","18","0","0"
"05-09 years","Stephens","46","0","1"
"10-17 years","Stephens","193","0","2"
"18-29 years","Stephens","571","1","14"
"30-39 years","Stephens","362","0","8"
"40-49 years","Stephens","458","1","23"
"50-59 years","Stephens","471","5","39"
"60-69 years","Stephens","458","23","66"
"70-79 years","Stephens","319","23","69"
"80 & Older years","Stephens","161","27","41"
"<1 years","Stephens","5","0","0"
"Unknown years","Stephens","16","0","0"
"01-04 years","Stewart","6","0","1"
"05-09 years","Stewart","4","0","0"
"10-17 years","Stewart","14","0","0"
"18-29 years","Stewart","289","0","22"
"30-39 years","Stewart","302","1","25"
"40-49 years","Stewart","190","2","23"
"50-59 years","Stewart","106","2","15"
"60-69 years","Stewart","74","13","27"
"70-79 years","Stewart","26","3","6"
"80 & Older years","Stewart","21","4","6"
"<1 years","Stewart","1","0","0"
"Unknown years","Stewart","19","0","4"
"01-04 years","Sumter","28","0","0"
"05-09 years","Sumter","32","0","0"
"10-17 years","Sumter","90","0","4"
"18-29 years","Sumter","350","1","12"
"30-39 years","Sumter","281","1","22"
"40-49 years","Sumter","275","5","26"
"50-59 years","Sumter","294","4","45"
"60-69 years","Sumter","267","27","73"
"70-79 years","Sumter","169","28","49"
"80 & Older years","Sumter","110","31","50"
"<1 years","Sumter","10","0","0"
"Unknown years","Sumter","1","0","0"
"01-04 years","Talbot","8","0","0"
"05-09 years","Talbot","8","0","0"
"10-17 years","Talbot","31","0","0"
"18-29 years","Talbot","64","0","1"
"30-39 years","Talbot","41","0","2"
"40-49 years","Talbot","67","1","4"
"50-59 years","Talbot","70","4","5"
"60-69 years","Talbot","66","4","17"
"70-79 years","Talbot","36","5","6"
"80 & Older years","Talbot","21","4","9"
"Unknown years","Talbot","2","0","0"
"01-04 years","Taliaferro","2","0","0"
"05-09 years","Taliaferro","1","0","0"
"10-17 years","Taliaferro","7","0","0"
"18-29 years","Taliaferro","14","0","0"
"30-39 years","Taliaferro","16","0","0"
"40-49 years","Taliaferro","20","0","2"
"50-59 years","Taliaferro","10","0","0"
"60-69 years","Taliaferro","20","1","3"
"70-79 years","Taliaferro","10","1","3"
"80 & Older years","Taliaferro","4","1","2"
"01-04 years","Tattnall","39","0","0"
"05-09 years","Tattnall","52","0","0"
"10-17 years","Tattnall","169","0","0"
"18-29 years","Tattnall","353","0","2"
"30-39 years","Tattnall","307","1","7"
"40-49 years","Tattnall","308","0","8"
"50-59 years","Tattnall","333","7","24"
"60-69 years","Tattnall","248","16","35"
"70-79 years","Tattnall","129","21","39"
"80 & Older years","Tattnall","50","6","9"
"<1 years","Tattnall","11","0","1"
"01-04 years","Taylor","13","0","1"
"05-09 years","Taylor","16","0","0"
"10-17 years","Taylor","51","0","1"
"18-29 years","Taylor","87","0","2"
"30-39 years","Taylor","53","0","4"
"40-49 years","Taylor","95","1","11"
"50-59 years","Taylor","81","2","18"
"60-69 years","Taylor","67","6","18"
"70-79 years","Taylor","33","6","11"
"80 & Older years","Taylor","24","8","9"
"<1 years","Taylor","4","0","0"
"Unknown years","Taylor","2","0","0"
"01-04 years","Telfair","12","0","0"
"05-09 years","Telfair","13","0","0"
"10-17 years","Telfair","25","0","1"
"18-29 years","Telfair","147","0","3"
"30-39 years","Telfair","102","1","3"
"40-49 years","Telfair","116","2","7"
"50-59 years","Telfair","114","5","11"
"60-69 years","Telfair","107","9","19"
"70-79 years","Telfair","71","14","20"
"80 & Older years","Telfair","45","16","13"
"<1 years","Telfair","5","0","0"
"Unknown years","Telfair","2","0","0"
"01-04 years","Terrell","8","0","0"
"05-09 years","Terrell","11","0","0"
"10-17 years","Terrell","43","0","0"
"18-29 years","Terrell","80","0","5"
"30-39 years","Terrell","82","0","9"
"40-49 years","Terrell","71","0","9"
"50-59 years","Terrell","101","4","17"
"60-69 years","Terrell","95","13","35"
"70-79 years","Terrell","62","18","28"
"80 & Older years","Terrell","39","13","16"
"<1 years","Terrell","1","0","0"
"01-04 years","Thomas","74","0","1"
"05-09 years","Thomas","126","0","0"
"10-17 years","Thomas","353","0","3"
"18-29 years","Thomas","704","1","31"
"30-39 years","Thomas","549","3","23"
"40-49 years","Thomas","593","4","34"
"50-59 years","Thomas","614","11","55"
"60-69 years","Thomas","469","14","98"
"70-79 years","Thomas","285","36","79"
"80 & Older years","Thomas","177","49","62"
"<1 years","Thomas","23","0","2"
"Unknown years","Thomas","2","0","0"
"01-04 years","Tift","42","0","3"
"05-09 years","Tift","61","0","3"
"10-17 years","Tift","255","0","7"
"18-29 years","Tift","819","0","20"
"30-39 years","Tift","584","1","31"
"40-49 years","Tift","572","7","60"
"50-59 years","Tift","486","9","73"
"60-69 years","Tift","373","20","81"
"70-79 years","Tift","254","30","91"
"80 & Older years","Tift","143","35","62"
"<1 years","Tift","14","0","0"
"Unknown years","Tift","4","0","0"
"01-04 years","Toombs","31","0","0"
"05-09 years","Toombs","60","0","0"
"10-17 years","Toombs","226","0","2"
"18-29 years","Toombs","586","0","7"
"30-39 years","Toombs","467","0","5"
"40-49 years","Toombs","458","1","25"
"50-59 years","Toombs","461","9","34"
"60-69 years","Toombs","410","18","58"
"70-79 years","Toombs","275","35","48"
"80 & Older years","Toombs","166","42","35"
"<1 years","Toombs","12","0","0"
"Unknown years","Toombs","5","0","0"
"01-04 years","Towns","4","0","0"
"05-09 years","Towns","6","0","0"
"10-17 years","Towns","50","0","1"
"18-29 years","Towns","149","0","4"
"30-39 years","Towns","98","0","3"
"40-49 years","Towns","125","2","6"
"50-59 years","Towns","191","2","20"
"60-69 years","Towns","247","4","22"
"70-79 years","Towns","178","11","41"
"80 & Older years","Towns","131","29","54"
"Unknown years","Towns","2","0","0"
"01-04 years","Treutlen","7","0","0"
"05-09 years","Treutlen","18","0","1"
"10-17 years","Treutlen","48","0","0"
"18-29 years","Treutlen","114","0","2"
"30-39 years","Treutlen","107","0","5"
"40-49 years","Treutlen","104","2","5"
"50-59 years","Treutlen","107","1","9"
"60-69 years","Treutlen","72","6","15"
"70-79 years","Treutlen","56","12","11"
"80 & Older years","Treutlen","34","10","8"
"01-04 years","Troup","148","0","3"
"05-09 years","Troup","208","0","1"
"10-17 years","Troup","579","0","8"
"18-29 years","Troup","1311","2","31"
"30-39 years","Troup","987","7","47"
"40-49 years","Troup","875","7","54"
"50-59 years","Troup","908","15","118"
"60-69 years","Troup","685","39","113"
"70-79 years","Troup","369","49","112"
"80 & Older years","Troup","265","83","72"
"<1 years","Troup","49","0","1"
"Unknown years","Troup","5","0","0"
"01-04 years","Turner","6","0","0"
"05-09 years","Turner","7","0","1"
"10-17 years","Turner","21","0","0"
"18-29 years","Turner","97","0","2"
"30-39 years","Turner","110","0","10"
"40-49 years","Turner","112","0","6"
"50-59 years","Turner","100","2","15"
"60-69 years","Turner","89","9","28"
"70-79 years","Turner","55","9","14"
"80 & Older years","Turner","35","16","15"
"<1 years","Turner","2","0","1"
"01-04 years","Twiggs","10","0","0"
"05-09 years","Twiggs","7","0","1"
"10-17 years","Twiggs","27","0","0"
"18-29 years","Twiggs","71","0","2"
"30-39 years","Twiggs","61","1","5"
"40-49 years","Twiggs","65","1","7"
"50-59 years","Twiggs","95","3","16"
"60-69 years","Twiggs","100","11","36"
"70-79 years","Twiggs","60","9","24"
"80 & Older years","Twiggs","25","14","18"
"<1 years","Twiggs","1","0","0"
"01-04 years","Union","9","0","0"
"05-09 years","Union","19","0","0"
"10-17 years","Union","77","0","1"
"18-29 years","Union","270","1","1"
"30-39 years","Union","239","0","3"
"40-49 years","Union","242","1","14"
"50-59 years","Union","326","5","25"
"60-69 years","Union","406","8","52"
"70-79 years","Union","346","23","68"
"80 & Older years","Union","220","43","72"
"<1 years","Union","1","0","0"
"Unknown years","Union","12","0","1"
"01-04 years","Unknown","19","0","0"
"05-09 years","Unknown","41","0","0"
"10-17 years","Unknown","165","0","0"
"18-29 years","Unknown","714","1","4"
"30-39 years","Unknown","348","0","4"
"40-49 years","Unknown","307","1","2"
"50-59 years","Unknown","279","1","4"
"60-69 years","Unknown","153","0","8"
"70-79 years","Unknown","100","0","8"
"80 & Older years","Unknown","39","1","5"
"<1 years","Unknown","30","0","0"
"Unknown years","Unknown","82","0","3"
"01-04 years","Upson","42","0","0"
"05-09 years","Upson","50","0","0"
"10-17 years","Upson","146","0","1"
"18-29 years","Upson","326","0","7"
"30-39 years","Upson","229","2","10"
"40-49 years","Upson","252","1","14"
"50-59 years","Upson","274","7","27"
"60-69 years","Upson","247","24","41"
"70-79 years","Upson","173","36","51"
"80 & Older years","Upson","107","42","38"
"<1 years","Upson","16","0","0"
"Unknown years","Upson","4","0","0"
"01-04 years","Walker","98","0","1"
"05-09 years","Walker","172","0","1"
"10-17 years","Walker","606","0","4"
"18-29 years","Walker","1234","0","20"
"30-39 years","Walker","963","1","19"
"40-49 years","Walker","1138","3","34"
"50-59 years","Walker","977","5","40"
"60-69 years","Walker","813","17","72"
"70-79 years","Walker","521","29","64"
"80 & Older years","Walker","254","28","39"
"<1 years","Walker","41","0","2"
"Unknown years","Walker","128","0","2"
"01-04 years","Walton","88","0","1"
"05-09 years","Walton","179","0","1"
"10-17 years","Walton","654","0","7"
"18-29 years","Walton","1438","2","35"
"30-39 years","Walton","1230","0","30"
"40-49 years","Walton","1363","3","57"
"50-59 years","Walton","1345","18","96"
"60-69 years","Walton","925","34","101"
"70-79 years","Walton","687","77","122"
"80 & Older years","Walton","407","108","87"
"<1 years","Walton","29","0","2"
"Unknown years","Walton","13","0","0"
"01-04 years","Ware","68","0","1"
"05-09 years","Ware","75","0","0"
"10-17 years","Ware","263","0","4"
"18-29 years","Ware","597","1","6"
"30-39 years","Ware","500","2","22"
"40-49 years","Ware","421","3","34"
"50-59 years","Ware","449","16","74"
"60-69 years","Ware","327","24","73"
"70-79 years","Ware","271","43","102"
"80 & Older years","Ware","213","66","65"
"<1 years","Ware","21","0","2"
"Unknown years","Ware","1","0","0"
"01-04 years","Warren","7","0","0"
"05-09 years","Warren","4","0","0"
"10-17 years","Warren","29","0","0"
"18-29 years","Warren","73","0","3"
"30-39 years","Warren","55","0","5"
"40-49 years","Warren","54","2","6"
"50-59 years","Warren","72","2","8"
"60-69 years","Warren","45","3","9"
"70-79 years","Warren","38","6","14"
"80 & Older years","Warren","19","4","7"
"<1 years","Warren","3","0","1"
"Unknown years","Warren","4","0","0"
"01-04 years","Washington","24","0","0"
"05-09 years","Washington","30","0","0"
"10-17 years","Washington","129","0","2"
"18-29 years","Washington","271","0","8"
"30-39 years","Washington","254","0","9"
"40-49 years","Washington","262","4","14"
"50-59 years","Washington","251","6","17"
"60-69 years","Washington","232","15","32"
"70-79 years","Washington","123","10","22"
"80 & Older years","Washington","80","26","15"
"<1 years","Washington","11","0","0"
"Unknown years","Washington","1","0","0"
"01-04 years","Wayne","32","0","1"
"05-09 years","Wayne","41","0","0"
"10-17 years","Wayne","180","0","1"
"18-29 years","Wayne","450","0","12"
"30-39 years","Wayne","439","1","13"
"40-49 years","Wayne","521","1","41"
"50-59 years","Wayne","448","9","42"
"60-69 years","Wayne","357","19","73"
"70-79 years","Wayne","275","26","80"
"80 & Older years","Wayne","125","25","27"
"<1 years","Wayne","6","0","1"
"10-17 years","Webster","4","0","0"
"18-29 years","Webster","22","0","1"
"30-39 years","Webster","10","0","1"
"40-49 years","Webster","19","0","2"
"50-59 years","Webster","20","2","6"
"60-69 years","Webster","24","1","4"
"70-79 years","Webster","8","0","2"
"80 & Older years","Webster","4","1","1"
"Unknown years","Webster","2","0","0"
"01-04 years","Wheeler","2","0","0"
"05-09 years","Wheeler","5","0","0"
"10-17 years","Wheeler","24","0","0"
"18-29 years","Wheeler","61","0","0"
"30-39 years","Wheeler","77","2","3"
"40-49 years","Wheeler","87","1","3"
"50-59 years","Wheeler","96","7","11"
"60-69 years","Wheeler","56","4","7"
"70-79 years","Wheeler","41","5","11"
"80 & Older years","Wheeler","9","3","1"
"<1 years","Wheeler","2","0","0"
"Unknown years","Wheeler","23","0","1"
"01-04 years","White","24","0","0"
"05-09 years","White","61","0","1"
"10-17 years","White","240","0","2"
"18-29 years","White","474","1","9"
"30-39 years","White","342","1","8"
"40-49 years","White","437","2","18"
"50-59 years","White","504","5","47"
"60-69 years","White","462","12","68"
"70-79 years","White","334","17","83"
"80 & Older years","White","185","34","73"
"<1 years","White","4","0","0"
"Unknown years","White","22","0","0"
"01-04 years","Whitfield","221","0","3"
"05-09 years","Whitfield","418","0","3"
"10-17 years","Whitfield","1410","0","7"
"18-29 years","Whitfield","3608","2","53"
"30-39 years","Whitfield","2367","5","66"
"40-49 years","Whitfield","2448","5","82"
"50-59 years","Whitfield","2216","29","141"
"60-69 years","Whitfield","1296","38","164"
"70-79 years","Whitfield","729","58","154"
"80 & Older years","Whitfield","421","98","125"
"<1 years","Whitfield","70","0","5"
"Unknown years","Whitfield","2","0","0"
"01-04 years","Wilcox","12","0","1"
"05-09 years","Wilcox","10","0","0"
"10-17 years","Wilcox","31","0","0"
"18-29 years","Wilcox","48","0","1"
"30-39 years","Wilcox","50","0","1"
"40-49 years","Wilcox","74","0","12"
"50-59 years","Wilcox","85","1","16"
"60-69 years","Wilcox","94","10","26"
"70-79 years","Wilcox","53","11","11"
"80 & Older years","Wilcox","26","8","8"
"<1 years","Wilcox","5","0","0"
"01-04 years","Wilkes","9","0","0"
"05-09 years","Wilkes","17","0","0"
"10-17 years","Wilkes","56","0","0"
"18-29 years","Wilkes","123","0","1"
"30-39 years","Wilkes","89","0","5"
"40-49 years","Wilkes","113","1","12"
"50-59 years","Wilkes","106","2","6"
"60-69 years","Wilkes","87","4","18"
"70-79 years","Wilkes","67","8","21"
"80 & Older years","Wilkes","36","8","16"
"<1 years","Wilkes","3","0","0"
"Unknown years","Wilkes","1","0","0"
"01-04 years","Wilkinson","8","0","0"
"05-09 years","Wilkinson","13","0","0"
"10-17 years","Wilkinson","32","0","1"
"18-29 years","Wilkinson","116","0","3"
"30-39 years","Wilkinson","95","0","8"
"40-49 years","Wilkinson","98","0","7"
"50-59 years","Wilkinson","159","4","28"
"60-69 years","Wilkinson","135","12","41"
"70-79 years","Wilkinson","59","6","22"
"80 & Older years","Wilkinson","39","5","16"
"01-04 years","Worth","13","0","0"
"05-09 years","Worth","15","0","0"
"10-17 years","Worth","81","0","3"
"18-29 years","Worth","195","0","10"
"30-39 years","Worth","161","0","12"
"40-49 years","Worth","164","1","19"
"50-59 years","Worth","202","7","28"
"60-69 years","Worth","195","19","52"
"70-79 years","Worth","123","16","34"
"80 & Older years","Worth","72","19","26"
"<1 years","Worth","5","0","0"
"Unknown years","Worth","1","0","0"
