"sex","county name","cases","deaths","confirmed_case_hospitalization"
"Female","Georgia","1036514","13920","55500"
"Male","Georgia","862332","16123","52358"
"Unknown","Georgia","15796","6","361"
"Female","Appling","1919","50","135"
"Male","Appling","1598","55","130"
"Unknown","Appling","14","0","0"
"Female","Atkinson","847","16","105"
"Male","Atkinson","681","22","104"
"Unknown","Atkinson","6","0","0"
"Female","Bacon","1206","24","101"
"Male","Bacon","1318","36","102"
"Unknown","Bacon","8","0","0"
"Female","Baker","170","5","22"
"Male","Baker","142","8","23"
"Unknown","Baker","2","0","0"
"Female","Baldwin","4081","65","183"
"Male","Baldwin","3178","124","247"
"Unknown","Baldwin","27","0","0"
"Female","Banks","1810","36","177"
"Male","Banks","1511","41","147"
"Unknown","Banks","17","0","2"
"Female","Barrow","10533","112","519"
"Male","Barrow","8832","125","452"
"Unknown","Barrow","73","0","1"
"Female","Bartow","11507","172","596"
"Male","Bartow","9855","205","605"
"Unknown","Bartow","116","0","0"
"Female","Ben Hill","1236","32","99"
"Male","Ben Hill","922","41","87"
"Unknown","Ben Hill","5","0","0"
"Female","Berrien","1104","30","59"
"Male","Berrien","899","26","49"
"Unknown","Berrien","6","0","0"
"Female","Bibb","16300","333","1468"
"Male","Bibb","12062","332","1243"
"Unknown","Bibb","348","1","9"
"Female","Bleckley","841","23","40"
"Male","Bleckley","606","19","33"
"Unknown","Bleckley","11","0","0"
"Female","Brantley","1353","38","95"
"Male","Brantley","1123","48","89"
"Unknown","Brantley","10","0","0"
"Female","Brooks","1050","24","82"
"Male","Brooks","822","38","71"
"Unknown","Brooks","8","0","0"
"Female","Bryan","3529","27","181"
"Male","Bryan","3232","43","205"
"Unknown","Bryan","9","0","0"
"Female","Bulloch","5911","59","198"
"Male","Bulloch","4606","48","169"
"Unknown","Bulloch","34","0","0"
"Female","Burke","1629","28","115"
"Male","Burke","1313","31","121"
"Unknown","Burke","13","0","1"
"Female","Butts","2320","59","118"
"Male","Butts","2351","77","142"
"Unknown","Butts","38","0","0"
"Female","Calhoun","405","14","45"
"Male","Calhoun","563","7","55"
"Unknown","Calhoun","15","0","1"
"Female","Camden","4623","46","131"
"Male","Camden","3866","50","117"
"Unknown","Camden","52","0","0"
"Female","Candler","722","17","54"
"Male","Candler","599","34","42"
"Unknown","Candler","1","0","0"
"Female","Carroll","7691","83","205"
"Male","Carroll","6614","94","227"
"Unknown","Carroll","67","0","7"
"Female","Catoosa","6546","64","194"
"Male","Catoosa","5697","56","189"
"Unknown","Catoosa","120","0","5"
"Female","Charlton","872","19","62"
"Male","Charlton","1310","29","58"
"Unknown","Charlton","20","0","0"
"Female","Chatham","28815","350","1627"
"Male","Chatham","23709","412","1522"
"Unknown","Chatham","139","0","5"
"Female","Chattahoochee","586","3","21"
"Male","Chattahoochee","5324","13","30"
"Unknown","Chattahoochee","22","0","0"
"Female","Chattooga","2854","53","147"
"Male","Chattooga","2373","57","163"
"Unknown","Chattooga","18","0","0"
"Female","Cherokee","24087","233","1078"
"Male","Cherokee","20772","319","1236"
"Unknown","Cherokee","193","0","1"
"Female","Clarke","14717","93","590"
"Male","Clarke","11266","114","532"
"Unknown","Clarke","60","0","1"
"Female","Clay","203","1","8"
"Male","Clay","147","5","6"
"Unknown","Clay","3","0","0"
"Female","Clayton","32888","423","1665"
"Male","Clayton","24143","426","1392"
"Unknown","Clayton","304","0","6"
"Female","Clinch","729","16","49"
"Male","Clinch","648","21","45"
"Unknown","Clinch","4","0","0"
"Female","Cobb","72855","704","2323"
"Male","Cobb","60178","856","2373"
"Unknown","Cobb","756","0","5"
"Female","Coffee","4654","110","588"
"Male","Coffee","3751","98","467"
"Unknown","Coffee","36","0","1"
"Female","Colquitt","4186","73","198"
"Male","Colquitt","3680","86","197"
"Unknown","Colquitt","53","0","0"
"Female","Columbia","10777","121","419"
"Male","Columbia","9443","178","415"
"Unknown","Columbia","54","0","1"
"Female","Cook","1160","26","76"
"Male","Cook","893","29","66"
"Unknown","Cook","2","0","0"
"Female","Coweta","11118","181","691"
"Male","Coweta","9572","234","634"
"Unknown","Coweta","92","0","5"
"Female","Crawford","636","19","57"
"Male","Crawford","543","24","62"
"Unknown","Crawford","8","0","0"
"Female","Crisp","1425","34","119"
"Male","Crisp","1063","36","80"
"Unknown","Crisp","57","0","0"
"Female","Dade","1301","14","50"
"Male","Dade","1184","11","49"
"Unknown","Dade","25","0","0"
"Female","Dawson","3288","37","179"
"Male","Dawson","2792","56","207"
"Unknown","Dawson","35","0","0"
"Female","DeKalb","70291","704","4264"
"Male","DeKalb","55324","751","3664"
"Unknown","DeKalb","1072","0","19"
"Female","Decatur","2899","41","140"
"Male","Decatur","2203","49","117"
"Unknown","Decatur","43","0","0"
"Female","Dodge","1062","32","68"
"Male","Dodge","1004","37","63"
"Unknown","Dodge","39","0","0"
"Female","Dooly","790","17","56"
"Male","Dooly","724","22","52"
"Unknown","Dooly","15","0","0"
"Female","Dougherty","7969","229","885"
"Male","Dougherty","5887","206","664"
"Unknown","Dougherty","214","0","1"
"Female","Douglas","15585","147","672"
"Male","Douglas","12358","159","581"
"Unknown","Douglas","104","0","2"
"Female","Early","1232","30","76"
"Male","Early","840","24","40"
"Unknown","Early","16","0","0"
"Female","Echols","196","1","5"
"Male","Echols","269","4","12"
"Unknown","Echols","1","0","0"
"Female","Effingham","5466","67","295"
"Male","Effingham","4700","96","286"
"Unknown","Effingham","29","0","0"
"Female","Elbert","1517","39","149"
"Male","Elbert","1108","42","100"
"Unknown","Elbert","13","0","1"
"Female","Emanuel","1881","45","125"
"Male","Emanuel","1507","33","75"
"Unknown","Emanuel","20","0","0"
"Female","Evans","830","18","74"
"Male","Evans","655","22","46"
"Unknown","Evans","7","0","0"
"Female","Fannin","2223","48","146"
"Male","Fannin","1903","73","181"
"Unknown","Fannin","14","0","0"
"Female","Fayette","8833","117","443"
"Male","Fayette","7763","149","487"
"Unknown","Fayette","82","0","1"
"Female","Floyd","12467","170","755"
"Male","Floyd","10305","232","760"
"Unknown","Floyd","115","0","2"
"Female","Forsyth","22229","141","678"
"Male","Forsyth","20168","206","801"
"Unknown","Forsyth","1266","0","0"
"Female","Franklin","2405","28","136"
"Male","Franklin","1937","47","120"
"Unknown","Franklin","23","0","0"
"Female","Fulton","98694","953","5034"
"Male","Fulton","82467","1019","4590"
"Unknown","Fulton","1391","0","74"
"Female","Gilmer","2494","62","218"
"Male","Gilmer","2087","78","227"
"Unknown","Gilmer","54","0","0"
"Female","Glascock","138","3","11"
"Male","Glascock","121","5","17"
"Unknown","Glascock","9","0","0"
"Female","Glynn","9818","153","372"
"Male","Glynn","8205","197","375"
"Unknown","Glynn","22","0","0"
"Female","Gordon","6312","96","234"
"Male","Gordon","5379","126","249"
"Unknown","Gordon","113","0","1"
"Female","Grady","2069","34","145"
"Male","Grady","1574","47","123"
"Unknown","Grady","27","0","0"
"Female","Greene","1704","33","124"
"Male","Greene","1425","37","141"
"Unknown","Greene","14","0","0"
"Female","Gwinnett","93150","760","3787"
"Male","Gwinnett","79015","920","3569"
"Unknown","Gwinnett","996","0","5"
"Female","Habersham","4538","108","330"
"Male","Habersham","3788","123","370"
"Unknown","Habersham","48","0","1"
"Female","Hall","24956","339","1677"
"Male","Hall","21233","415","1784"
"Unknown","Hall","303","1","3"
"Female","Hancock","693","33","62"
"Male","Hancock","668","47","68"
"Unknown","Hancock","4","0","0"
"Female","Haralson","1859","30","60"
"Male","Haralson","1564","30","47"
"Unknown","Haralson","21","0","0"
"Female","Harris","2698","45","153"
"Male","Harris","2379","52","167"
"Unknown","Harris","43","0","0"
"Female","Hart","1793","27","101"
"Male","Hart","1382","30","93"
"Unknown","Hart","11","0","0"
"Female","Heard","772","17","40"
"Male","Heard","692","14","54"
"Unknown","Heard","5","0","0"
"Female","Henry","25579","279","1065"
"Male","Henry","19629","322","889"
"Unknown","Henry","115","0","1"
"Female","Houston","12793","152","593"
"Male","Houston","10085","168","588"
"Unknown","Houston","124","0","2"
"Female","Irwin","506","14","56"
"Male","Irwin","526","9","44"
"Unknown","Irwin","2","0","0"
"Female","Jackson","9843","110","472"
"Male","Jackson","8561","153","520"
"Unknown","Jackson","89","0","1"
"Female","Jasper","887","15","86"
"Male","Jasper","770","21","71"
"Unknown","Jasper","8","0","0"
"Female","Jeff Davis","1274","18","65"
"Male","Jeff Davis","1041","29","72"
"Unknown","Jeff Davis","4","0","0"
"Female","Jefferson","1256","34","108"
"Male","Jefferson","966","43","98"
"Unknown","Jefferson","13","0","0"
"Female","Jenkins","617","20","47"
"Male","Jenkins","452","24","54"
"Unknown","Jenkins","1","1","1"
"Female","Johnson","703","23","64"
"Male","Johnson","739","33","62"
"Unknown","Johnson","18","0","0"
"Female","Jones","2050","38","151"
"Male","Jones","1618","59","162"
"Unknown","Jones","42","0","0"
"Female","Lamar","1805","42","111"
"Male","Lamar","1462","54","115"
"Unknown","Lamar","11","0","1"
"Female","Lanier","558","5","18"
"Male","Lanier","525","9","23"
"Unknown","Lanier","5","0","0"
"Female","Laurens","4853","102","224"
"Male","Laurens","3633","131","244"
"Unknown","Laurens","88","1","1"
"Female","Lee","2099","43","187"
"Male","Lee","1704","46","163"
"Unknown","Lee","33","0","0"
"Female","Liberty","5618","45","197"
"Male","Liberty","5178","59","183"
"Unknown","Liberty","30","0","0"
"Female","Lincoln","445","15","41"
"Male","Lincoln","395","14","41"
"Unknown","Lincoln","14","0","0"
"Female","Long","1210","10","51"
"Male","Long","996","15","41"
"Unknown","Long","7","0","0"
"Female","Lowndes","8423","139","360"
"Male","Lowndes","6632","125","276"
"Unknown","Lowndes","76","0","2"
"Female","Lumpkin","3527","53","245"
"Male","Lumpkin","2964","54","221"
"Unknown","Lumpkin","27","0","0"
"Female","Macon","628","13","52"
"Male","Macon","560","28","63"
"Unknown","Macon","4","0","0"
"Female","Madison","3253","31","208"
"Male","Madison","2686","55","188"
"Unknown","Madison","11","0","0"
"Female","Marion","567","21","47"
"Male","Marion","386","21","43"
"Unknown","Marion","1","0","0"
"Female","McDuffie","1633","39","138"
"Male","McDuffie","1259","36","114"
"Unknown","McDuffie","78","0","1"
"Female","McIntosh","1070","15","48"
"Male","McIntosh","884","16","56"
"Unknown","McIntosh","1","0","0"
"Female","Meriwether","1853","65","169"
"Male","Meriwether","1377","51","124"
"Unknown","Meriwether","10","0","0"
"Female","Miller","721","9","34"
"Male","Miller","560","11","25"
"Unknown","Miller","3","0","0"
"Female","Mitchell","1709","45","171"
"Male","Mitchell","1379","54","150"
"Unknown","Mitchell","9","0","0"
"Female","Monroe","2084","62","140"
"Male","Monroe","1771","68","137"
"Unknown","Monroe","30","0","1"
"Female","Montgomery","763","20","39"
"Male","Montgomery","671","25","32"
"Unknown","Montgomery","16","0","0"
"Female","Morgan","1574","19","95"
"Male","Morgan","1310","30","96"
"Unknown","Morgan","12","0","1"
"Female","Murray","4868","66","197"
"Male","Murray","4175","99","212"
"Unknown","Murray","31","0","0"
"Female","Muscogee","17973","362","1184"
"Male","Muscogee","13603","306","1068"
"Unknown","Muscogee","224","0","1"
"Female","Newton","10224","180","1085"
"Male","Newton","7629","196","876"
"Unknown","Newton","90","0","1"
"Female","Non-GA Resident/Unknown State","30469","386","1354"
"Male","Non-GA Resident/Unknown State","29251","549","1649"
"Unknown","Non-GA Resident/Unknown State","3234","0","136"
"Female","Oconee","3655","36","125"
"Male","Oconee","3213","56","134"
"Unknown","Oconee","19","0","0"
"Female","Oglethorpe","1338","18","100"
"Male","Oglethorpe","1028","29","87"
"Unknown","Oglethorpe","4","0","0"
"Female","Paulding","14272","147","379"
"Male","Paulding","11443","161","338"
"Unknown","Paulding","144","0","6"
"Female","Peach","2081","45","173"
"Male","Peach","1574","55","144"
"Unknown","Peach","15","0","1"
"Female","Pickens","2780","52","223"
"Male","Pickens","2270","73","232"
"Unknown","Pickens","32","0","0"
"Female","Pierce","1533","43","138"
"Male","Pierce","1246","58","156"
"Unknown","Pierce","10","0","0"
"Female","Pike","1450","25","94"
"Male","Pike","1272","40","85"
"Unknown","Pike","11","0","1"
"Female","Polk","4988","77","346"
"Male","Polk","4204","81","313"
"Unknown","Polk","28","0","1"
"Female","Pulaski","739","27","40"
"Male","Pulaski","467","16","29"
"Unknown","Pulaski","8","0","0"
"Female","Putnam","1987","35","141"
"Male","Putnam","1621","60","143"
"Unknown","Putnam","16","0","0"
"Female","Quitman","142","1","9"
"Male","Quitman","86","2","12"
"Unknown","Quitman","1","0","0"
"Female","Rabun","1468","33","136"
"Male","Rabun","1312","43","114"
"Unknown","Rabun","8","0","1"
"Female","Randolph","496","26","70"
"Male","Randolph","357","16","41"
"Female","Richmond","19644","296","1129"
"Male","Richmond","16167","383","1144"
"Unknown","Richmond","194","0","6"
"Female","Rockdale","8552","146","1177"
"Male","Rockdale","6278","138","864"
"Unknown","Rockdale","71","0","2"
"Female","Schley","287","2","15"
"Male","Schley","232","6","18"
"Unknown","Schley","2","0","0"
"Female","Screven","1017","16","61"
"Male","Screven","782","20","52"
"Unknown","Screven","10","0","1"
"Female","Seminole","886","11","66"
"Male","Seminole","745","13","43"
"Unknown","Seminole","6","0","0"
"Female","Spalding","5740","166","427"
"Male","Spalding","4636","174","350"
"Unknown","Spalding","39","0","0"
"Female","Stephens","3246","63","199"
"Male","Stephens","2605","61","184"
"Unknown","Stephens","33","0","0"
"Female","Stewart","632","10","37"
"Male","Stewart","1307","22","112"
"Unknown","Stewart","41","0","0"
"Female","Sumter","2236","64","226"
"Male","Sumter","1647","83","206"
"Unknown","Sumter","15","0","0"
"Female","Talbot","515","10","34"
"Male","Talbot","414","20","42"
"Unknown","Talbot","9","0","0"
"Female","Taliaferro","93","0","2"
"Male","Taliaferro","87","3","15"
"Unknown","Taliaferro","1","0","0"
"Female","Tattnall","1704","43","83"
"Male","Tattnall","1684","38","91"
"Unknown","Tattnall","13","0","0"
"Female","Taylor","611","21","56"
"Male","Taylor","512","18","58"
"Unknown","Taylor","17","0","0"
"Female","Telfair","612","26","40"
"Male","Telfair","612","32","54"
"Unknown","Telfair","21","0","0"
"Female","Terrell","682","31","93"
"Male","Terrell","493","27","78"
"Unknown","Terrell","12","0","0"
"Female","Thomas","5070","97","323"
"Male","Thomas","3701","81","288"
"Unknown","Thomas","46","0","0"
"Female","Tift","3441","75","333"
"Male","Tift","2789","87","256"
"Unknown","Tift","32","0","0"
"Female","Toombs","3052","81","139"
"Male","Toombs","2336","83","144"
"Unknown","Toombs","12","0","0"
"Female","Towns","1113","40","103"
"Male","Towns","901","40","100"
"Unknown","Towns","19","0","1"
"Female","Treutlen","566","25","34"
"Male","Treutlen","554","21","35"
"Unknown","Treutlen","12","0","1"
"Female","Troup","6767","160","384"
"Male","Troup","5232","149","319"
"Unknown","Troup","45","0","1"
"Female","Turner","583","18","64"
"Male","Turner","515","27","63"
"Unknown","Turner","14","0","0"
"Female","Twiggs","564","19","69"
"Male","Twiggs","472","35","91"
"Unknown","Twiggs","4","0","0"
"Female","Union","2320","62","176"
"Male","Union","1931","69","223"
"Unknown","Union","19","0","0"
"Female","Unknown","4028","9","36"
"Male","Unknown","3539","7","44"
"Unknown","Unknown","892","0","15"
"Female","Upson","2363","87","173"
"Male","Upson","1766","80","148"
"Unknown","Upson","12","0","1"
"Female","Walker","7079","98","270"
"Male","Walker","6223","81","270"
"Unknown","Walker","114","2","7"
"Female","Walton","8870","176","759"
"Male","Walton","6884","198","634"
"Unknown","Walton","82","0","1"
"Female","Ware","3271","112","308"
"Male","Ware","2622","103","308"
"Unknown","Ware","50","0","1"
"Female","Warren","358","10","43"
"Male","Warren","285","12","27"
"Unknown","Warren","9","0","0"
"Female","Washington","1778","40","75"
"Male","Washington","1447","40","70"
"Unknown","Washington","5","0","0"
"Female","Wayne","3030","92","222"
"Male","Wayne","2613","86","229"
"Unknown","Wayne","8","0","0"
"Female","Webster","143","4","15"
"Male","Webster","105","3","10"
"Unknown","Webster","3","0","0"
"Female","Wheeler","299","5","8"
"Male","Wheeler","609","29","36"
"Unknown","Wheeler","20","0","0"
"Female","White","3306","57","215"
"Male","White","2906","77","244"
"Unknown","White","34","0","0"
"Female","Whitfield","14445","163","519"
"Male","Whitfield","12736","214","544"
"Unknown","Whitfield","69","0","2"
"Female","Wilcox","386","13","38"
"Male","Wilcox","436","20","55"
"Unknown","Wilcox","4","0","1"
"Female","Wilkes","607","13","64"
"Male","Wilkes","506","20","68"
"Unknown","Wilkes","5","0","0"
"Female","Wilkinson","895","25","73"
"Male","Wilkinson","731","21","88"
"Unknown","Wilkinson","14","0","0"
"Female","Worth","1312","45","152"
"Male","Worth","1007","43","119"
"Unknown","Worth","16","0","0"
