"age group","county name","cases","deaths","confirmed_case_hospitalization"
"01-04 years","Georgia","23878","3","357"
"05-09 years","Georgia","45505","5","321"
"10-17 years","Georgia","124938","15","1229"
"18-29 years","Georgia","281348","225","6108"
"30-39 years","Georgia","214861","584","8087"
"40-49 years","Georgia","198581","1315","11289"
"50-59 years","Georgia","180135","3101","16375"
"60-69 years","Georgia","120766","5519","18395"
"70-79 years","Georgia","68453","7075","16602"
"80 & Older years","Georgia","37487","8247","12135"
"<1 years","Georgia","7271","1","446"
"Unknown years","Georgia","2637","0","145"
"01-04 years","Appling","56","0","0"
"05-09 years","Appling","92","0","0"
"10-17 years","Appling","337","0","3"
"18-29 years","Appling","500","1","8"
"30-39 years","Appling","372","3","10"
"40-49 years","Appling","376","9","27"
"50-59 years","Appling","401","11","43"
"60-69 years","Appling","333","21","67"
"70-79 years","Appling","222","25","46"
"80 & Older years","Appling","113","28","40"
"<1 years","Appling","9","0","0"
"01-04 years","Atkinson","21","0","1"
"05-09 years","Atkinson","46","0","1"
"10-17 years","Atkinson","118","0","1"
"18-29 years","Atkinson","245","0","15"
"30-39 years","Atkinson","186","0","15"
"40-49 years","Atkinson","188","4","34"
"50-59 years","Atkinson","184","5","37"
"60-69 years","Atkinson","122","7","40"
"70-79 years","Atkinson","62","8","25"
"80 & Older years","Atkinson","21","8","14"
"<1 years","Atkinson","4","0","0"
"01-04 years","Bacon","40","0","0"
"05-09 years","Bacon","55","0","0"
"10-17 years","Bacon","170","0","1"
"18-29 years","Bacon","517","0","9"
"30-39 years","Bacon","284","1","10"
"40-49 years","Bacon","290","5","21"
"50-59 years","Bacon","221","3","22"
"60-69 years","Bacon","205","17","47"
"70-79 years","Bacon","126","13","36"
"80 & Older years","Bacon","57","13","20"
"<1 years","Bacon","13","0","0"
"Unknown years","Bacon","1","0","0"
"01-04 years","Baker","10","0","0"
"05-09 years","Baker","11","0","0"
"10-17 years","Baker","15","0","0"
"18-29 years","Baker","44","0","0"
"30-39 years","Baker","27","0","4"
"40-49 years","Baker","27","3","3"
"50-59 years","Baker","34","0","4"
"60-69 years","Baker","39","3","16"
"70-79 years","Baker","20","3","11"
"80 & Older years","Baker","15","4","6"
"<1 years","Baker","2","0","0"
"01-04 years","Baldwin","68","0","1"
"05-09 years","Baldwin","142","0","0"
"10-17 years","Baldwin","408","1","5"
"18-29 years","Baldwin","1597","0","19"
"30-39 years","Baldwin","697","2","20"
"40-49 years","Baldwin","686","5","43"
"50-59 years","Baldwin","669","22","77"
"60-69 years","Baldwin","515","39","90"
"70-79 years","Baldwin","314","42","69"
"80 & Older years","Baldwin","197","61","74"
"<1 years","Baldwin","28","0","1"
"Unknown years","Baldwin","1","0","0"
"01-04 years","Banks","28","0","1"
"05-09 years","Banks","60","0","1"
"10-17 years","Banks","199","0","5"
"18-29 years","Banks","468","0","18"
"30-39 years","Banks","354","0","18"
"40-49 years","Banks","363","5","28"
"50-59 years","Banks","374","6","39"
"60-69 years","Banks","307","15","67"
"70-79 years","Banks","218","23","76"
"80 & Older years","Banks","101","15","35"
"<1 years","Banks","15","0","2"
"Unknown years","Banks","15","0","1"
"01-04 years","Barrow","206","0","0"
"05-09 years","Barrow","439","0","0"
"10-17 years","Barrow","1377","1","12"
"18-29 years","Barrow","2611","1","57"
"30-39 years","Barrow","2337","3","83"
"40-49 years","Barrow","2298","11","118"
"50-59 years","Barrow","1902","19","170"
"60-69 years","Barrow","1263","47","194"
"70-79 years","Barrow","697","53","135"
"80 & Older years","Barrow","311","60","114"
"<1 years","Barrow","71","0","5"
"Unknown years","Barrow","11","0","2"
"01-04 years","Bartow","259","0","7"
"05-09 years","Bartow","442","0","4"
"10-17 years","Bartow","1513","0","16"
"18-29 years","Bartow","2992","0","36"
"30-39 years","Bartow","2468","6","63"
"40-49 years","Bartow","2472","8","117"
"50-59 years","Bartow","2499","34","211"
"60-69 years","Bartow","1586","75","212"
"70-79 years","Bartow","1061","106","242"
"80 & Older years","Bartow","499","94","146"
"<1 years","Bartow","85","0","6"
"Unknown years","Bartow","23","0","4"
"01-04 years","Ben Hill","39","0","1"
"05-09 years","Ben Hill","31","0","0"
"10-17 years","Ben Hill","149","0","0"
"18-29 years","Ben Hill","364","0","5"
"30-39 years","Ben Hill","267","3","12"
"40-49 years","Ben Hill","259","2","14"
"50-59 years","Ben Hill","278","8","34"
"60-69 years","Ben Hill","240","17","36"
"70-79 years","Ben Hill","160","22","56"
"80 & Older years","Ben Hill","77","20","21"
"<1 years","Ben Hill","11","0","2"
"01-04 years","Berrien","40","0","0"
"05-09 years","Berrien","43","0","0"
"10-17 years","Berrien","147","0","1"
"18-29 years","Berrien","291","0","0"
"30-39 years","Berrien","250","0","3"
"40-49 years","Berrien","197","1","7"
"50-59 years","Berrien","221","6","22"
"60-69 years","Berrien","175","11","26"
"70-79 years","Berrien","121","18","22"
"80 & Older years","Berrien","61","15","15"
"<1 years","Berrien","10","0","0"
"Unknown years","Berrien","1","0","0"
"01-04 years","Bibb","318","0","6"
"05-09 years","Bibb","551","0","1"
"10-17 years","Bibb","1589","0","14"
"18-29 years","Bibb","4602","4","127"
"30-39 years","Bibb","3387","11","184"
"40-49 years","Bibb","3111","27","302"
"50-59 years","Bibb","2810","61","412"
"60-69 years","Bibb","2149","134","541"
"70-79 years","Bibb","1214","165","452"
"80 & Older years","Bibb","728","190","367"
"<1 years","Bibb","91","0","8"
"Unknown years","Bibb","3","0","1"
"01-04 years","Bleckley","14","0","0"
"05-09 years","Bleckley","37","0","0"
"10-17 years","Bleckley","115","0","0"
"18-29 years","Bleckley","253","0","6"
"30-39 years","Bleckley","151","1","5"
"40-49 years","Bleckley","141","1","2"
"50-59 years","Bleckley","145","4","9"
"60-69 years","Bleckley","107","9","15"
"70-79 years","Bleckley","75","7","14"
"80 & Older years","Bleckley","62","18","13"
"<1 years","Bleckley","8","0","0"
"01-04 years","Brantley","34","0","0"
"05-09 years","Brantley","66","0","0"
"10-17 years","Brantley","209","0","1"
"18-29 years","Brantley","347","0","5"
"30-39 years","Brantley","275","2","8"
"40-49 years","Brantley","262","5","20"
"50-59 years","Brantley","302","17","33"
"60-69 years","Brantley","207","15","37"
"70-79 years","Brantley","141","24","44"
"80 & Older years","Brantley","61","13","17"
"<1 years","Brantley","5","0","0"
"01-04 years","Brooks","29","0","1"
"05-09 years","Brooks","49","0","0"
"10-17 years","Brooks","122","0","0"
"18-29 years","Brooks","260","0","4"
"30-39 years","Brooks","197","1","9"
"40-49 years","Brooks","188","2","15"
"50-59 years","Brooks","221","5","30"
"60-69 years","Brooks","141","11","28"
"70-79 years","Brooks","116","16","26"
"80 & Older years","Brooks","75","19","22"
"<1 years","Brooks","11","0","0"
"01-04 years","Bryan","122","0","0"
"05-09 years","Bryan","227","0","2"
"10-17 years","Bryan","602","0","4"
"18-29 years","Bryan","855","1","20"
"30-39 years","Bryan","802","4","28"
"40-49 years","Bryan","805","5","49"
"50-59 years","Bryan","552","8","51"
"60-69 years","Bryan","373","18","61"
"70-79 years","Bryan","223","19","85"
"80 & Older years","Bryan","80","10","31"
"<1 years","Bryan","48","0","3"
"Unknown years","Bryan","7","0","0"
"01-04 years","Bulloch","155","0","1"
"05-09 years","Bulloch","307","0","1"
"10-17 years","Bulloch","875","0","4"
"18-29 years","Bulloch","3006","1","15"
"30-39 years","Bulloch","1079","5","30"
"40-49 years","Bulloch","868","7","37"
"50-59 years","Bulloch","751","18","61"
"60-69 years","Bulloch","532","24","70"
"70-79 years","Bulloch","260","26","60"
"80 & Older years","Bulloch","127","19","43"
"<1 years","Bulloch","67","0","4"
"01-04 years","Burke","34","0","0"
"05-09 years","Burke","73","0","0"
"10-17 years","Burke","200","0","1"
"18-29 years","Burke","466","2","12"
"30-39 years","Burke","367","1","16"
"40-49 years","Burke","374","4","22"
"50-59 years","Burke","345","6","39"
"60-69 years","Burke","268","8","49"
"70-79 years","Burke","136","16","40"
"80 & Older years","Burke","47","11","19"
"<1 years","Burke","14","0","0"
"Unknown years","Burke","2","0","0"
"01-04 years","Butts","50","0","2"
"05-09 years","Butts","75","0","0"
"10-17 years","Butts","260","0","5"
"18-29 years","Butts","652","0","9"
"30-39 years","Butts","579","0","10"
"40-49 years","Butts","518","5","25"
"50-59 years","Butts","535","17","46"
"60-69 years","Butts","365","19","47"
"70-79 years","Butts","258","34","45"
"80 & Older years","Butts","145","39","13"
"<1 years","Butts","18","0","3"
"01-04 years","Calhoun","16","0","0"
"05-09 years","Calhoun","13","0","0"
"10-17 years","Calhoun","62","0","1"
"18-29 years","Calhoun","96","0","6"
"30-39 years","Calhoun","81","3","7"
"40-49 years","Calhoun","97","1","11"
"50-59 years","Calhoun","103","4","21"
"60-69 years","Calhoun","89","4","24"
"70-79 years","Calhoun","34","7","11"
"80 & Older years","Calhoun","22","2","10"
"<1 years","Calhoun","5","0","0"
"01-04 years","Camden","135","0","0"
"05-09 years","Camden","248","0","2"
"10-17 years","Camden","634","0","1"
"18-29 years","Camden","1368","0","11"
"30-39 years","Camden","1112","3","26"
"40-49 years","Camden","782","10","29"
"50-59 years","Camden","821","11","38"
"60-69 years","Camden","558","22","52"
"70-79 years","Camden","318","12","35"
"80 & Older years","Camden","130","22","29"
"<1 years","Camden","24","0","2"
"Unknown years","Camden","7","0","0"
"01-04 years","Candler","15","0","0"
"05-09 years","Candler","40","0","0"
"10-17 years","Candler","103","0","0"
"18-29 years","Candler","186","0","1"
"30-39 years","Candler","152","0","6"
"40-49 years","Candler","165","5","4"
"50-59 years","Candler","187","13","20"
"60-69 years","Candler","130","9","19"
"70-79 years","Candler","95","15","23"
"80 & Older years","Candler","35","8","15"
"<1 years","Candler","6","0","0"
"01-04 years","Carroll","173","0","1"
"05-09 years","Carroll","308","0","3"
"10-17 years","Carroll","1032","0","6"
"18-29 years","Carroll","2357","1","18"
"30-39 years","Carroll","1591","4","25"
"40-49 years","Carroll","1494","10","46"
"50-59 years","Carroll","1427","17","66"
"60-69 years","Carroll","1006","33","98"
"70-79 years","Carroll","560","39","78"
"80 & Older years","Carroll","317","58","49"
"<1 years","Carroll","47","0","2"
"Unknown years","Carroll","10","0","1"
"01-04 years","Catoosa","175","0","1"
"05-09 years","Catoosa","310","0","1"
"10-17 years","Catoosa","918","0","2"
"18-29 years","Catoosa","1631","1","13"
"30-39 years","Catoosa","1303","2","14"
"40-49 years","Catoosa","1386","3","29"
"50-59 years","Catoosa","1228","11","52"
"60-69 years","Catoosa","844","13","75"
"70-79 years","Catoosa","506","26","78"
"80 & Older years","Catoosa","343","42","61"
"<1 years","Catoosa","67","0","1"
"Unknown years","Catoosa","43","0","2"
"01-04 years","Charlton","21","0","0"
"05-09 years","Charlton","45","0","0"
"10-17 years","Charlton","99","0","0"
"18-29 years","Charlton","411","1","3"
"30-39 years","Charlton","346","2","6"
"40-49 years","Charlton","282","3","14"
"50-59 years","Charlton","207","4","13"
"60-69 years","Charlton","201","12","33"
"70-79 years","Charlton","92","11","25"
"80 & Older years","Charlton","40","10","18"
"<1 years","Charlton","7","0","0"
"Unknown years","Charlton","1","0","0"
"01-04 years","Chatham","995","0","6"
"05-09 years","Chatham","1535","1","5"
"10-17 years","Chatham","3246","0","33"
"18-29 years","Chatham","7936","6","156"
"30-39 years","Chatham","5971","24","244"
"40-49 years","Chatham","4511","41","302"
"50-59 years","Chatham","3819","85","438"
"60-69 years","Chatham","2951","140","572"
"70-79 years","Chatham","1565","171","508"
"80 & Older years","Chatham","922","208","422"
"<1 years","Chatham","333","0","16"
"Unknown years","Chatham","19","0","2"
"01-04 years","Chattahoochee","12","0","0"
"05-09 years","Chattahoochee","28","0","0"
"10-17 years","Chattahoochee","185","0","2"
"18-29 years","Chattahoochee","4625","7","8"
"30-39 years","Chattahoochee","435","2","5"
"40-49 years","Chattahoochee","75","1","1"
"50-59 years","Chattahoochee","46","1","10"
"60-69 years","Chattahoochee","22","1","6"
"70-79 years","Chattahoochee","15","1","5"
"80 & Older years","Chattahoochee","9","3","5"
"<1 years","Chattahoochee","11","0","0"
"Unknown years","Chattahoochee","1","0","0"
"01-04 years","Chattooga","62","0","0"
"05-09 years","Chattooga","117","0","1"
"10-17 years","Chattooga","423","0","3"
"18-29 years","Chattooga","653","0","7"
"30-39 years","Chattooga","558","2","11"
"40-49 years","Chattooga","567","4","28"
"50-59 years","Chattooga","545","10","44"
"60-69 years","Chattooga","419","23","59"
"70-79 years","Chattooga","253","22","67"
"80 & Older years","Chattooga","146","30","38"
"<1 years","Chattooga","28","0","3"
"Unknown years","Chattooga","9","0","1"
"01-04 years","Cherokee","482","0","8"
"05-09 years","Cherokee","1211","0","11"
"10-17 years","Cherokee","3830","0","23"
"18-29 years","Cherokee","6044","2","120"
"30-39 years","Cherokee","4715","8","178"
"40-49 years","Cherokee","5250","13","242"
"50-59 years","Cherokee","4948","42","374"
"60-69 years","Cherokee","2990","83","400"
"70-79 years","Cherokee","1858","126","386"
"80 & Older years","Cherokee","1021","187","323"
"<1 years","Cherokee","128","0","7"
"Unknown years","Cherokee","7","0","0"
"01-04 years","Clarke","310","0","4"
"05-09 years","Clarke","527","0","7"
"10-17 years","Clarke","1167","0","16"
"18-29 years","Clarke","7984","0","91"
"30-39 years","Clarke","2352","3","77"
"40-49 years","Clarke","1880","5","99"
"50-59 years","Clarke","1577","17","127"
"60-69 years","Clarke","1044","35","144"
"70-79 years","Clarke","617","60","151"
"80 & Older years","Clarke","313","60","99"
"<1 years","Clarke","103","0","4"
"Unknown years","Clarke","10","0","0"
"01-04 years","Clay","3","0","0"
"05-09 years","Clay","5","0","0"
"10-17 years","Clay","23","0","0"
"18-29 years","Clay","38","0","0"
"30-39 years","Clay","40","0","2"
"40-49 years","Clay","40","0","2"
"50-59 years","Clay","24","1","3"
"60-69 years","Clay","27","1","2"
"70-79 years","Clay","21","0","1"
"80 & Older years","Clay","14","2","4"
"Unknown years","Clay","1","0","0"
"01-04 years","Clayton","881","0","15"
"05-09 years","Clayton","1531","1","12"
"10-17 years","Clayton","3667","1","60"
"18-29 years","Clayton","7518","9","209"
"30-39 years","Clayton","6872","33","318"
"40-49 years","Clayton","5791","53","350"
"50-59 years","Clayton","5078","110","471"
"60-69 years","Clayton","3149","192","429"
"70-79 years","Clayton","1307","179","288"
"80 & Older years","Clayton","608","159","175"
"<1 years","Clayton","207","0","14"
"Unknown years","Clayton","30","0","7"
"01-04 years","Clinch","23","0","0"
"05-09 years","Clinch","37","0","0"
"10-17 years","Clinch","101","0","0"
"18-29 years","Clinch","189","0","2"
"30-39 years","Clinch","153","1","5"
"40-49 years","Clinch","136","0","4"
"50-59 years","Clinch","139","3","19"
"60-69 years","Clinch","139","12","24"
"70-79 years","Clinch","68","10","23"
"80 & Older years","Clinch","23","8","10"
"<1 years","Clinch","7","0","0"
"01-04 years","Cobb","1529","1","25"
"05-09 years","Cobb","3550","0","28"
"10-17 years","Cobb","8585","0","70"
"18-29 years","Cobb","20485","9","310"
"30-39 years","Cobb","14876","36","371"
"40-49 years","Cobb","13869","61","569"
"50-59 years","Cobb","11932","124","781"
"60-69 years","Cobb","7252","236","775"
"70-79 years","Cobb","3916","365","722"
"80 & Older years","Cobb","2226","502","657"
"<1 years","Cobb","385","0","25"
"Unknown years","Cobb","66","0","2"
"01-04 years","Coffee","145","0","2"
"05-09 years","Coffee","232","0","3"
"10-17 years","Coffee","567","0","6"
"18-29 years","Coffee","1287","1","39"
"30-39 years","Coffee","996","6","66"
"40-49 years","Coffee","971","16","140"
"50-59 years","Coffee","920","24","196"
"60-69 years","Coffee","687","50","192"
"70-79 years","Coffee","353","53","161"
"80 & Older years","Coffee","188","45","105"
"<1 years","Coffee","42","0","4"
"01-04 years","Colquitt","86","0","0"
"05-09 years","Colquitt","211","0","2"
"10-17 years","Colquitt","681","0","12"
"18-29 years","Colquitt","1107","1","30"
"30-39 years","Colquitt","824","3","34"
"40-49 years","Colquitt","828","8","49"
"50-59 years","Colquitt","758","24","53"
"60-69 years","Colquitt","535","32","65"
"70-79 years","Colquitt","347","30","65"
"80 & Older years","Colquitt","186","37","42"
"<1 years","Colquitt","36","0","2"
"Unknown years","Colquitt","1","0","0"
"01-04 years","Columbia","240","1","3"
"05-09 years","Columbia","569","1","6"
"10-17 years","Columbia","1703","0","9"
"18-29 years","Columbia","2943","2","37"
"30-39 years","Columbia","2767","6","49"
"40-49 years","Columbia","2401","16","73"
"50-59 years","Columbia","1971","36","111"
"60-69 years","Columbia","1288","45","126"
"70-79 years","Columbia","667","66","145"
"80 & Older years","Columbia","395","86","133"
"<1 years","Columbia","67","0","4"
"Unknown years","Columbia","9","0","0"
"01-04 years","Cook","35","0","3"
"05-09 years","Cook","63","0","0"
"10-17 years","Cook","161","0","2"
"18-29 years","Cook","309","0","7"
"30-39 years","Cook","256","0","4"
"40-49 years","Cook","258","3","19"
"50-59 years","Cook","226","7","23"
"60-69 years","Cook","162","11","23"
"70-79 years","Cook","120","13","30"
"80 & Older years","Cook","74","19","16"
"<1 years","Cook","17","0","2"
"Unknown years","Cook","1","0","0"
"01-04 years","Coweta","259","0","3"
"05-09 years","Coweta","458","0","1"
"10-17 years","Coweta","1389","0","10"
"18-29 years","Coweta","2394","5","58"
"30-39 years","Coweta","1957","11","99"
"40-49 years","Coweta","2051","28","132"
"50-59 years","Coweta","2230","49","184"
"60-69 years","Coweta","1363","65","167"
"70-79 years","Coweta","841","98","155"
"80 & Older years","Coweta","439","99","96"
"<1 years","Coweta","63","0","5"
"Unknown years","Coweta","11","0","0"
"01-04 years","Crawford","4","0","0"
"05-09 years","Crawford","10","0","0"
"10-17 years","Crawford","50","0","2"
"18-29 years","Crawford","133","0","4"
"30-39 years","Crawford","135","1","11"
"40-49 years","Crawford","97","3","8"
"50-59 years","Crawford","164","9","24"
"60-69 years","Crawford","142","12","24"
"70-79 years","Crawford","70","12","23"
"80 & Older years","Crawford","32","3","15"
"01-04 years","Crisp","30","0","0"
"05-09 years","Crisp","53","0","0"
"10-17 years","Crisp","196","0","3"
"18-29 years","Crisp","313","0","13"
"30-39 years","Crisp","308","2","18"
"40-49 years","Crisp","267","4","23"
"50-59 years","Crisp","248","4","31"
"60-69 years","Crisp","230","20","46"
"70-79 years","Crisp","124","16","35"
"80 & Older years","Crisp","75","20","18"
"<1 years","Crisp","17","0","0"
"Unknown years","Crisp","7","0","0"
"01-04 years","Dade","37","0","0"
"05-09 years","Dade","83","0","0"
"10-17 years","Dade","213","0","1"
"18-29 years","Dade","371","0","1"
"30-39 years","Dade","255","0","2"
"40-49 years","Dade","283","1","8"
"50-59 years","Dade","243","3","15"
"60-69 years","Dade","204","2","13"
"70-79 years","Dade","131","9","22"
"80 & Older years","Dade","62","3","11"
"<1 years","Dade","12","0","0"
"Unknown years","Dade","15","0","1"
"01-04 years","Dawson","74","0","0"
"05-09 years","Dawson","130","0","0"
"10-17 years","Dawson","363","0","6"
"18-29 years","Dawson","817","0","20"
"30-39 years","Dawson","677","2","26"
"40-49 years","Dawson","629","1","40"
"50-59 years","Dawson","642","9","59"
"60-69 years","Dawson","498","13","95"
"70-79 years","Dawson","307","27","67"
"80 & Older years","Dawson","123","24","38"
"<1 years","Dawson","26","0","3"
"Unknown years","Dawson","20","0","1"
"01-04 years","DeKalb","1738","0","27"
"05-09 years","DeKalb","3027","0","31"
"10-17 years","DeKalb","6728","0","101"
"18-29 years","DeKalb","18881","14","590"
"30-39 years","DeKalb","16439","27","832"
"40-49 years","DeKalb","12751","62","921"
"50-59 years","DeKalb","10823","157","1187"
"60-69 years","DeKalb","6838","255","1287"
"70-79 years","DeKalb","3425","329","966"
"80 & Older years","DeKalb","1980","415","670"
"<1 years","DeKalb","400","0","26"
"Unknown years","DeKalb","155","0","12"
"01-04 years","Decatur","141","0","2"
"05-09 years","Decatur","165","0","0"
"10-17 years","Decatur","383","0","1"
"18-29 years","Decatur","683","1","18"
"30-39 years","Decatur","516","1","11"
"40-49 years","Decatur","505","3","31"
"50-59 years","Decatur","433","10","43"
"60-69 years","Decatur","322","17","55"
"70-79 years","Decatur","197","24","41"
"80 & Older years","Decatur","119","22","25"
"<1 years","Decatur","42","0","0"
"Unknown years","Decatur","4","0","0"
"01-04 years","Dodge","19","0","0"
"05-09 years","Dodge","40","0","0"
"10-17 years","Dodge","174","1","2"
"18-29 years","Dodge","295","0","6"
"30-39 years","Dodge","217","1","10"
"40-49 years","Dodge","229","3","13"
"50-59 years","Dodge","222","6","23"
"60-69 years","Dodge","172","19","31"
"70-79 years","Dodge","97","18","24"
"80 & Older years","Dodge","62","15","16"
"<1 years","Dodge","9","0","0"
"01-04 years","Dooly","16","0","0"
"05-09 years","Dooly","32","0","0"
"10-17 years","Dooly","106","0","1"
"18-29 years","Dooly","186","1","5"
"30-39 years","Dooly","141","0","11"
"40-49 years","Dooly","180","2","14"
"50-59 years","Dooly","174","6","22"
"60-69 years","Dooly","149","11","25"
"70-79 years","Dooly","70","10","20"
"80 & Older years","Dooly","27","8","6"
"<1 years","Dooly","7","0","0"
"Unknown years","Dooly","2","0","0"
"01-04 years","Dougherty","202","0","4"
"05-09 years","Dougherty","408","0","0"
"10-17 years","Dougherty","872","0","14"
"18-29 years","Dougherty","1742","3","132"
"30-39 years","Dougherty","1467","8","118"
"40-49 years","Dougherty","1289","30","163"
"50-59 years","Dougherty","1241","40","218"
"60-69 years","Dougherty","1013","101","325"
"70-79 years","Dougherty","555","89","222"
"80 & Older years","Dougherty","333","120","163"
"<1 years","Dougherty","71","0","7"
"Unknown years","Dougherty","6","0","0"
"01-04 years","Douglas","343","0","7"
"05-09 years","Douglas","675","0","9"
"10-17 years","Douglas","1901","1","27"
"18-29 years","Douglas","3440","0","67"
"30-39 years","Douglas","2989","6","105"
"40-49 years","Douglas","3190","12","171"
"50-59 years","Douglas","2742","33","223"
"60-69 years","Douglas","1610","58","231"
"70-79 years","Douglas","804","73","181"
"80 & Older years","Douglas","379","70","128"
"<1 years","Douglas","81","0","7"
"Unknown years","Douglas","13","0","2"
"01-04 years","Early","41","0","0"
"05-09 years","Early","54","0","0"
"10-17 years","Early","226","0","0"
"18-29 years","Early","253","1","9"
"30-39 years","Early","222","1","6"
"40-49 years","Early","239","1","13"
"50-59 years","Early","219","5","17"
"60-69 years","Early","147","12","20"
"70-79 years","Early","98","20","23"
"80 & Older years","Early","50","13","17"
"<1 years","Early","5","0","0"
"Unknown years","Early","1","0","0"
"01-04 years","Echols","11","0","0"
"05-09 years","Echols","8","0","0"
"10-17 years","Echols","32","0","1"
"18-29 years","Echols","141","0","2"
"30-39 years","Echols","68","1","4"
"40-49 years","Echols","51","0","1"
"50-59 years","Echols","52","1","2"
"60-69 years","Echols","24","0","0"
"70-79 years","Echols","20","2","3"
"80 & Older years","Echols","5","1","2"
"<1 years","Echols","3","0","0"
"01-04 years","Effingham","169","0","1"
"05-09 years","Effingham","361","0","3"
"10-17 years","Effingham","903","0","2"
"18-29 years","Effingham","1234","1","12"
"30-39 years","Effingham","1218","4","40"
"40-49 years","Effingham","1078","10","68"
"50-59 years","Effingham","975","32","112"
"60-69 years","Effingham","629","26","118"
"70-79 years","Effingham","346","39","106"
"80 & Older years","Effingham","155","41","48"
"<1 years","Effingham","56","0","5"
"Unknown years","Effingham","4","0","0"
"01-04 years","Elbert","35","0","0"
"05-09 years","Elbert","59","0","0"
"10-17 years","Elbert","154","0","2"
"18-29 years","Elbert","370","1","4"
"30-39 years","Elbert","279","0","12"
"40-49 years","Elbert","290","1","14"
"50-59 years","Elbert","298","2","24"
"60-69 years","Elbert","244","8","34"
"70-79 years","Elbert","192","23","49"
"80 & Older years","Elbert","149","36","49"
"<1 years","Elbert","16","0","4"
"Unknown years","Elbert","3","0","0"
"01-04 years","Emanuel","60","0","2"
"05-09 years","Emanuel","89","0","1"
"10-17 years","Emanuel","314","0","2"
"18-29 years","Emanuel","515","1","4"
"30-39 years","Emanuel","394","0","18"
"40-49 years","Emanuel","418","4","16"
"50-59 years","Emanuel","358","9","37"
"60-69 years","Emanuel","289","16","35"
"70-79 years","Emanuel","177","22","34"
"80 & Older years","Emanuel","73","21","24"
"<1 years","Emanuel","13","0","1"
"Unknown years","Emanuel","2","0","1"
"01-04 years","Evans","25","0","0"
"05-09 years","Evans","43","0","0"
"10-17 years","Evans","116","0","2"
"18-29 years","Evans","218","1","3"
"30-39 years","Evans","196","0","4"
"40-49 years","Evans","170","4","21"
"50-59 years","Evans","167","6","21"
"60-69 years","Evans","98","7","19"
"70-79 years","Evans","66","14","25"
"80 & Older years","Evans","24","4","14"
"<1 years","Evans","6","0","0"
"01-04 years","Fannin","33","0","1"
"05-09 years","Fannin","78","0","0"
"10-17 years","Fannin","276","0","2"
"18-29 years","Fannin","459","0","8"
"30-39 years","Fannin","379","2","11"
"40-49 years","Fannin","430","5","18"
"50-59 years","Fannin","546","7","45"
"60-69 years","Fannin","540","18","63"
"70-79 years","Fannin","377","25","72"
"80 & Older years","Fannin","187","38","56"
"<1 years","Fannin","9","0","0"
"Unknown years","Fannin","1","0","0"
"01-04 years","Fayette","168","0","1"
"05-09 years","Fayette","384","0","5"
"10-17 years","Fayette","1118","0","12"
"18-29 years","Fayette","1793","3","26"
"30-39 years","Fayette","1288","6","39"
"40-49 years","Fayette","1640","6","79"
"50-59 years","Fayette","1639","16","133"
"60-69 years","Fayette","1198","34","122"
"70-79 years","Fayette","623","78","152"
"80 & Older years","Fayette","400","79","96"
"<1 years","Fayette","43","0","2"
"Unknown years","Fayette","9","0","0"
"01-04 years","Floyd","276","0","6"
"05-09 years","Floyd","515","0","1"
"10-17 years","Floyd","1821","1","13"
"18-29 years","Floyd","3166","3","53"
"30-39 years","Floyd","2452","7","73"
"40-49 years","Floyd","2272","16","133"
"50-59 years","Floyd","2274","44","231"
"60-69 years","Floyd","1562","60","270"
"70-79 years","Floyd","959","89","264"
"80 & Older years","Floyd","518","100","185"
"<1 years","Floyd","113","0","5"
"Unknown years","Floyd","48","0","2"
"01-04 years","Forsyth","555","0","7"
"05-09 years","Forsyth","1615","0","2"
"10-17 years","Forsyth","4129","0","11"
"18-29 years","Forsyth","4456","0","64"
"30-39 years","Forsyth","3803","3","89"
"40-49 years","Forsyth","4920","11","178"
"50-59 years","Forsyth","4176","26","239"
"60-69 years","Forsyth","2158","46","232"
"70-79 years","Forsyth","1252","87","274"
"80 & Older years","Forsyth","691","112","213"
"<1 years","Forsyth","113","0","4"
"Unknown years","Forsyth","217","0","1"
"01-04 years","Franklin","41","0","1"
"05-09 years","Franklin","91","0","0"
"10-17 years","Franklin","321","0","6"
"18-29 years","Franklin","635","1","16"
"30-39 years","Franklin","467","0","12"
"40-49 years","Franklin","479","2","22"
"50-59 years","Franklin","487","4","37"
"60-69 years","Franklin","422","9","46"
"70-79 years","Franklin","267","27","50"
"80 & Older years","Franklin","127","26","32"
"<1 years","Franklin","20","0","3"
"Unknown years","Franklin","20","0","0"
"01-04 years","Fulton","2098","0","51"
"05-09 years","Fulton","3933","0","41"
"10-17 years","Fulton","10139","1","118"
"18-29 years","Fulton","28926","6","658"
"30-39 years","Fulton","22449","48","918"
"40-49 years","Fulton","17355","62","1040"
"50-59 years","Fulton","14766","183","1456"
"60-69 years","Fulton","8745","325","1344"
"70-79 years","Fulton","4498","454","1109"
"80 & Older years","Fulton","3049","630","994"
"<1 years","Fulton","519","0","39"
"Unknown years","Fulton","103","0","29"
"01-04 years","Gilmer","50","0","2"
"05-09 years","Gilmer","66","0","0"
"10-17 years","Gilmer","316","0","3"
"18-29 years","Gilmer","508","0","21"
"30-39 years","Gilmer","488","2","25"
"40-49 years","Gilmer","499","1","28"
"50-59 years","Gilmer","564","15","49"
"60-69 years","Gilmer","535","19","71"
"70-79 years","Gilmer","377","40","95"
"80 & Older years","Gilmer","179","43","56"
"<1 years","Gilmer","18","0","0"
"Unknown years","Gilmer","1","0","0"
"01-04 years","Glascock","1","0","0"
"05-09 years","Glascock","5","0","0"
"10-17 years","Glascock","6","0","0"
"18-29 years","Glascock","27","0","1"
"30-39 years","Glascock","23","0","2"
"40-49 years","Glascock","29","0","1"
"50-59 years","Glascock","38","2","5"
"60-69 years","Glascock","20","0","5"
"70-79 years","Glascock","28","3","9"
"80 & Older years","Glascock","9","2","5"
"<1 years","Glascock","1","0","0"
"Unknown years","Glascock","1","0","0"
"01-04 years","Glynn","296","0","2"
"05-09 years","Glynn","599","0","1"
"10-17 years","Glynn","1442","0","3"
"18-29 years","Glynn","2442","4","34"
"30-39 years","Glynn","2071","9","46"
"40-49 years","Glynn","1720","16","65"
"50-59 years","Glynn","1536","38","111"
"60-69 years","Glynn","1241","76","172"
"70-79 years","Glynn","718","76","124"
"80 & Older years","Glynn","377","87","119"
"<1 years","Glynn","73","0","3"
"Unknown years","Glynn","20","0","0"
"01-04 years","Gordon","156","0","1"
"05-09 years","Gordon","241","1","2"
"10-17 years","Gordon","924","0","7"
"18-29 years","Gordon","1782","3","19"
"30-39 years","Gordon","1413","4","31"
"40-49 years","Gordon","1418","9","44"
"50-59 years","Gordon","1332","23","76"
"60-69 years","Gordon","874","52","84"
"70-79 years","Gordon","469","46","101"
"80 & Older years","Gordon","236","42","65"
"<1 years","Gordon","58","0","3"
"Unknown years","Gordon","31","0","0"
"01-04 years","Grady","67","0","1"
"05-09 years","Grady","124","0","0"
"10-17 years","Grady","285","0","5"
"18-29 years","Grady","382","0","16"
"30-39 years","Grady","367","0","17"
"40-49 years","Grady","347","2","34"
"50-59 years","Grady","328","11","41"
"60-69 years","Grady","239","9","36"
"70-79 years","Grady","207","26","65"
"80 & Older years","Grady","68","18","25"
"<1 years","Grady","23","0","2"
"Unknown years","Grady","6","0","0"
"01-04 years","Greene","33","0","1"
"05-09 years","Greene","74","0","0"
"10-17 years","Greene","215","0","3"
"18-29 years","Greene","381","0","11"
"30-39 years","Greene","278","0","11"
"40-49 years","Greene","260","4","21"
"50-59 years","Greene","320","7","29"
"60-69 years","Greene","320","10","35"
"70-79 years","Greene","234","13","41"
"80 & Older years","Greene","127","31","52"
"<1 years","Greene","10","0","2"
"Unknown years","Greene","2","0","0"
"01-04 years","Gwinnett","2255","0","25"
"05-09 years","Gwinnett","4162","0","30"
"10-17 years","Gwinnett","11403","2","84"
"18-29 years","Gwinnett","24997","18","628"
"30-39 years","Gwinnett","19806","33","697"
"40-49 years","Gwinnett","20404","94","973"
"50-59 years","Gwinnett","16796","175","1175"
"60-69 years","Gwinnett","9437","296","1164"
"70-79 years","Gwinnett","4221","354","937"
"80 & Older years","Gwinnett","2289","481","804"
"<1 years","Gwinnett","658","0","28"
"Unknown years","Gwinnett","99","0","2"
"01-04 years","Habersham","63","0","2"
"05-09 years","Habersham","125","0","0"
"10-17 years","Habersham","488","1","10"
"18-29 years","Habersham","1225","1","22"
"30-39 years","Habersham","957","4","39"
"40-49 years","Habersham","973","5","63"
"50-59 years","Habersham","1030","14","93"
"60-69 years","Habersham","807","30","152"
"70-79 years","Habersham","552","65","152"
"80 & Older years","Habersham","353","79","108"
"<1 years","Habersham","38","0","11"
"Unknown years","Habersham","33","0","3"
"01-04 years","Hall","362","0","9"
"05-09 years","Hall","815","0","8"
"10-17 years","Hall","3170","0","42"
"18-29 years","Hall","7494","7","236"
"30-39 years","Hall","5343","8","284"
"40-49 years","Hall","5328","30","397"
"50-59 years","Hall","5389","62","569"
"60-69 years","Hall","3556","121","569"
"70-79 years","Hall","2263","175","632"
"80 & Older years","Hall","1249","249","474"
"<1 years","Hall","119","0","19"
"Unknown years","Hall","199","0","10"
"01-04 years","Hancock","10","0","0"
"05-09 years","Hancock","14","0","0"
"10-17 years","Hancock","54","0","1"
"18-29 years","Hancock","172","0","3"
"30-39 years","Hancock","149","1","5"
"40-49 years","Hancock","128","1","7"
"50-59 years","Hancock","168","6","18"
"60-69 years","Hancock","167","20","36"
"70-79 years","Hancock","91","22","28"
"80 & Older years","Hancock","69","25","25"
"<1 years","Hancock","5","0","0"
"01-04 years","Haralson","37","0","0"
"05-09 years","Haralson","66","0","0"
"10-17 years","Haralson","250","0","2"
"18-29 years","Haralson","495","0","5"
"30-39 years","Haralson","341","0","8"
"40-49 years","Haralson","370","2","10"
"50-59 years","Haralson","395","6","16"
"60-69 years","Haralson","253","14","25"
"70-79 years","Haralson","152","16","20"
"80 & Older years","Haralson","63","9","11"
"<1 years","Haralson","14","0","1"
"Unknown years","Haralson","3","0","0"
"01-04 years","Harris","48","0","0"
"05-09 years","Harris","91","0","0"
"10-17 years","Harris","315","0","3"
"18-29 years","Harris","513","0","11"
"30-39 years","Harris","401","0","15"
"40-49 years","Harris","551","5","24"
"50-59 years","Harris","553","10","47"
"60-69 years","Harris","445","18","74"
"70-79 years","Harris","269","36","63"
"80 & Older years","Harris","84","17","22"
"<1 years","Harris","8","0","0"
"Unknown years","Harris","3","0","0"
"01-04 years","Hart","40","0","0"
"05-09 years","Hart","50","0","1"
"10-17 years","Hart","185","0","0"
"18-29 years","Hart","427","0","4"
"30-39 years","Hart","369","0","12"
"40-49 years","Hart","320","2","19"
"50-59 years","Hart","386","4","29"
"60-69 years","Hart","275","15","35"
"70-79 years","Hart","188","12","36"
"80 & Older years","Hart","100","17","32"
"<1 years","Hart","14","0","1"
"Unknown years","Hart","10","0","0"
"01-04 years","Heard","16","0","1"
"05-09 years","Heard","42","0","0"
"10-17 years","Heard","126","0","2"
"18-29 years","Heard","185","2","3"
"30-39 years","Heard","127","0","2"
"40-49 years","Heard","168","1","15"
"50-59 years","Heard","172","2","10"
"60-69 years","Heard","127","6","17"
"70-79 years","Heard","67","8","18"
"80 & Older years","Heard","30","7","6"
"<1 years","Heard","7","0","0"
"01-04 years","Henry","541","0","10"
"05-09 years","Henry","1091","0","5"
"10-17 years","Henry","3174","0","37"
"18-29 years","Henry","5674","2","106"
"30-39 years","Henry","4980","12","156"
"40-49 years","Henry","5161","40","235"
"50-59 years","Henry","4726","54","281"
"60-69 years","Henry","2637","124","252"
"70-79 years","Henry","1292","127","186"
"80 & Older years","Henry","632","135","110"
"<1 years","Henry","139","0","10"
"Unknown years","Henry","34","0","2"
"01-04 years","Houston","282","0","4"
"05-09 years","Houston","602","0","1"
"10-17 years","Houston","1800","0","10"
"18-29 years","Houston","3278","7","67"
"30-39 years","Houston","3024","7","97"
"40-49 years","Houston","2598","18","149"
"50-59 years","Houston","2128","33","189"
"60-69 years","Houston","1409","72","241"
"70-79 years","Houston","741","81","208"
"80 & Older years","Houston","379","77","128"
"<1 years","Houston","77","1","7"
"Unknown years","Houston","1","0","0"
"01-04 years","Irwin","7","0","0"
"05-09 years","Irwin","16","0","0"
"10-17 years","Irwin","68","0","0"
"18-29 years","Irwin","178","0","6"
"30-39 years","Irwin","147","0","8"
"40-49 years","Irwin","162","1","11"
"50-59 years","Irwin","132","3","13"
"60-69 years","Irwin","103","2","24"
"70-79 years","Irwin","56","8","9"
"80 & Older years","Irwin","40","8","24"
"Unknown years","Irwin","2","0","0"
"01-04 years","Jackson","154","0","2"
"05-09 years","Jackson","376","0","2"
"10-17 years","Jackson","1533","1","13"
"18-29 years","Jackson","2184","3","48"
"30-39 years","Jackson","2163","6","69"
"40-49 years","Jackson","2186","11","107"
"50-59 years","Jackson","2008","20","149"
"60-69 years","Jackson","1335","43","159"
"70-79 years","Jackson","871","56","171"
"80 & Older years","Jackson","416","76","137"
"<1 years","Jackson","49","0","5"
"Unknown years","Jackson","13","0","1"
"01-04 years","Jasper","17","0","0"
"05-09 years","Jasper","23","0","1"
"10-17 years","Jasper","81","0","2"
"18-29 years","Jasper","194","0","9"
"30-39 years","Jasper","156","2","7"
"40-49 years","Jasper","162","1","11"
"50-59 years","Jasper","186","5","22"
"60-69 years","Jasper","133","11","29"
"70-79 years","Jasper","76","7","16"
"80 & Older years","Jasper","29","6","10"
"<1 years","Jasper","12","0","3"
"01-04 years","Jeff Davis","45","0","0"
"05-09 years","Jeff Davis","87","0","0"
"10-17 years","Jeff Davis","186","0","2"
"18-29 years","Jeff Davis","369","0","6"
"30-39 years","Jeff Davis","293","0","9"
"40-49 years","Jeff Davis","286","1","22"
"50-59 years","Jeff Davis","246","9","26"
"60-69 years","Jeff Davis","154","10","25"
"70-79 years","Jeff Davis","115","16","24"
"80 & Older years","Jeff Davis","26","9","7"
"<1 years","Jeff Davis","12","0","1"
"01-04 years","Jefferson","25","0","1"
"05-09 years","Jefferson","45","0","0"
"10-17 years","Jefferson","138","0","2"
"18-29 years","Jefferson","301","0","3"
"30-39 years","Jefferson","256","1","10"
"40-49 years","Jefferson","256","5","21"
"50-59 years","Jefferson","306","8","30"
"60-69 years","Jefferson","280","13","41"
"70-79 years","Jefferson","172","20","46"
"80 & Older years","Jefferson","74","22","32"
"<1 years","Jefferson","10","0","3"
"Unknown years","Jefferson","3","0","0"
"01-04 years","Jenkins","23","0","0"
"05-09 years","Jenkins","30","0","0"
"10-17 years","Jenkins","81","0","1"
"18-29 years","Jenkins","148","0","2"
"30-39 years","Jenkins","102","2","6"
"40-49 years","Jenkins","140","4","14"
"50-59 years","Jenkins","155","7","26"
"60-69 years","Jenkins","97","7","14"
"70-79 years","Jenkins","64","13","21"
"80 & Older years","Jenkins","52","10","11"
"<1 years","Jenkins","4","0","0"
"01-04 years","Johnson","12","0","1"
"05-09 years","Johnson","22","0","0"
"10-17 years","Johnson","63","0","1"
"18-29 years","Johnson","169","0","5"
"30-39 years","Johnson","138","1","6"
"40-49 years","Johnson","135","3","7"
"50-59 years","Johnson","159","7","18"
"60-69 years","Johnson","147","9","23"
"70-79 years","Johnson","102","11","28"
"80 & Older years","Johnson","75","21","25"
"<1 years","Johnson","9","0","2"
"01-04 years","Jones","32","0","1"
"05-09 years","Jones","74","0","0"
"10-17 years","Jones","202","0","1"
"18-29 years","Jones","510","2","13"
"30-39 years","Jones","445","3","17"
"40-49 years","Jones","404","5","29"
"50-59 years","Jones","408","8","49"
"60-69 years","Jones","285","16","64"
"70-79 years","Jones","185","32","66"
"80 & Older years","Jones","100","24","34"
"<1 years","Jones","7","0","0"
"01-04 years","Lamar","68","0","0"
"05-09 years","Lamar","112","0","0"
"10-17 years","Lamar","293","0","5"
"18-29 years","Lamar","387","0","10"
"30-39 years","Lamar","327","2","15"
"40-49 years","Lamar","290","5","18"
"50-59 years","Lamar","290","10","42"
"60-69 years","Lamar","273","24","43"
"70-79 years","Lamar","172","20","37"
"80 & Older years","Lamar","85","24","26"
"<1 years","Lamar","39","0","1"
"01-04 years","Lanier","15","0","0"
"05-09 years","Lanier","24","0","1"
"10-17 years","Lanier","85","0","1"
"18-29 years","Lanier","154","1","3"
"30-39 years","Lanier","177","0","3"
"40-49 years","Lanier","108","1","4"
"50-59 years","Lanier","94","2","8"
"60-69 years","Lanier","59","3","4"
"70-79 years","Lanier","43","5","7"
"80 & Older years","Lanier","22","0","6"
"<1 years","Lanier","7","0","0"
"Unknown years","Lanier","1","0","0"
"01-04 years","Laurens","113","0","1"
"05-09 years","Laurens","184","0","2"
"10-17 years","Laurens","601","0","5"
"18-29 years","Laurens","1138","0","13"
"30-39 years","Laurens","900","4","22"
"40-49 years","Laurens","873","11","37"
"50-59 years","Laurens","803","28","72"
"60-69 years","Laurens","638","51","102"
"70-79 years","Laurens","399","58","98"
"80 & Older years","Laurens","258","58","72"
"<1 years","Laurens","33","0","5"
"Unknown years","Laurens","1","0","0"
"01-04 years","Lee","56","0","0"
"05-09 years","Lee","90","0","3"
"10-17 years","Lee","266","0","6"
"18-29 years","Lee","435","1","23"
"30-39 years","Lee","504","1","30"
"40-49 years","Lee","470","7","44"
"50-59 years","Lee","396","14","71"
"60-69 years","Lee","268","19","61"
"70-79 years","Lee","116","19","42"
"80 & Older years","Lee","72","14","31"
"<1 years","Lee","17","0","0"
"Unknown years","Lee","3","0","0"
"01-04 years","Liberty","232","0","1"
"05-09 years","Liberty","369","0","3"
"10-17 years","Liberty","787","0","4"
"18-29 years","Liberty","2015","2","24"
"30-39 years","Liberty","1172","4","38"
"40-49 years","Liberty","741","4","29"
"50-59 years","Liberty","652","22","72"
"60-69 years","Liberty","410","25","71"
"70-79 years","Liberty","179","22","64"
"80 & Older years","Liberty","76","19","29"
"<1 years","Liberty","76","0","3"
"Unknown years","Liberty","9","0","0"
"01-04 years","Lincoln","17","0","0"
"05-09 years","Lincoln","21","0","1"
"10-17 years","Lincoln","55","0","0"
"18-29 years","Lincoln","124","0","4"
"30-39 years","Lincoln","105","0","5"
"40-49 years","Lincoln","110","1","10"
"50-59 years","Lincoln","91","3","5"
"60-69 years","Lincoln","90","7","19"
"70-79 years","Lincoln","66","9","17"
"80 & Older years","Lincoln","22","7","10"
"<1 years","Lincoln","4","0","0"
"Unknown years","Lincoln","5","0","0"
"01-04 years","Long","48","0","0"
"05-09 years","Long","85","0","0"
"10-17 years","Long","189","0","0"
"18-29 years","Long","281","0","1"
"30-39 years","Long","274","2","9"
"40-49 years","Long","201","4","13"
"50-59 years","Long","133","3","18"
"60-69 years","Long","108","4","17"
"70-79 years","Long","51","6","15"
"80 & Older years","Long","23","2","11"
"<1 years","Long","19","0","0"
"Unknown years","Long","1","0","0"
"01-04 years","Lowndes","256","0","0"
"05-09 years","Lowndes","366","0","1"
"10-17 years","Lowndes","962","0","10"
"18-29 years","Lowndes","3279","6","43"
"30-39 years","Lowndes","1929","7","43"
"40-49 years","Lowndes","1473","13","72"
"50-59 years","Lowndes","1238","25","91"
"60-69 years","Lowndes","832","47","117"
"70-79 years","Lowndes","478","63","108"
"80 & Older years","Lowndes","275","74","78"
"<1 years","Lowndes","94","0","1"
"Unknown years","Lowndes","5","0","0"
"01-04 years","Lumpkin","36","0","1"
"05-09 years","Lumpkin","112","0","2"
"10-17 years","Lumpkin","323","0","3"
"18-29 years","Lumpkin","1151","0","23"
"30-39 years","Lumpkin","627","1","21"
"40-49 years","Lumpkin","569","1","35"
"50-59 years","Lumpkin","646","10","75"
"60-69 years","Lumpkin","571","21","88"
"70-79 years","Lumpkin","370","20","94"
"80 & Older years","Lumpkin","187","41","89"
"<1 years","Lumpkin","20","0","3"
"Unknown years","Lumpkin","23","0","2"
"01-04 years","Macon","16","0","0"
"05-09 years","Macon","20","0","0"
"10-17 years","Macon","39","0","0"
"18-29 years","Macon","157","0","4"
"30-39 years","Macon","126","1","4"
"40-49 years","Macon","144","4","9"
"50-59 years","Macon","160","6","25"
"60-69 years","Macon","96","11","31"
"70-79 years","Macon","63","8","22"
"80 & Older years","Macon","24","10","11"
"<1 years","Macon","5","0","0"
"Unknown years","Macon","1","0","1"
"01-04 years","Madison","88","0","3"
"05-09 years","Madison","133","0","0"
"10-17 years","Madison","429","0","1"
"18-29 years","Madison","817","0","17"
"30-39 years","Madison","653","1","23"
"40-49 years","Madison","636","1","33"
"50-59 years","Madison","631","13","44"
"60-69 years","Madison","482","12","59"
"70-79 years","Madison","294","26","68"
"80 & Older years","Madison","108","18","24"
"<1 years","Madison","39","0","6"
"Unknown years","Madison","3","0","0"
"01-04 years","Marion","9","0","0"
"05-09 years","Marion","26","0","1"
"10-17 years","Marion","82","0","0"
"18-29 years","Marion","115","0","4"
"30-39 years","Marion","81","0","3"
"40-49 years","Marion","104","2","8"
"50-59 years","Marion","94","6","13"
"60-69 years","Marion","75","9","14"
"70-79 years","Marion","42","8","13"
"80 & Older years","Marion","39","9","13"
"<1 years","Marion","7","0","0"
"Unknown years","Marion","2","0","0"
"01-04 years","McDuffie","39","0","0"
"05-09 years","McDuffie","57","0","0"
"10-17 years","McDuffie","210","0","1"
"18-29 years","McDuffie","474","0","10"
"30-39 years","McDuffie","357","2","8"
"40-49 years","McDuffie","344","3","23"
"50-59 years","McDuffie","338","12","43"
"60-69 years","McDuffie","255","15","46"
"70-79 years","McDuffie","150","14","57"
"80 & Older years","McDuffie","68","16","30"
"<1 years","McDuffie","4","0","0"
"Unknown years","McDuffie","18","0","0"
"01-04 years","McIntosh","21","0","0"
"05-09 years","McIntosh","50","0","1"
"10-17 years","McIntosh","189","0","0"
"18-29 years","McIntosh","221","0","5"
"30-39 years","McIntosh","188","0","3"
"40-49 years","McIntosh","196","0","6"
"50-59 years","McIntosh","224","3","11"
"60-69 years","McIntosh","173","7","29"
"70-79 years","McIntosh","100","9","23"
"80 & Older years","McIntosh","37","10","13"
"<1 years","McIntosh","2","0","0"
"Unknown years","McIntosh","1","0","0"
"01-04 years","Meriwether","54","0","1"
"05-09 years","Meriwether","64","0","1"
"10-17 years","Meriwether","163","0","1"
"18-29 years","Meriwether","357","0","11"
"30-39 years","Meriwether","286","3","21"
"40-49 years","Meriwether","332","4","27"
"50-59 years","Meriwether","344","12","43"
"60-69 years","Meriwether","298","18","46"
"70-79 years","Meriwether","231","31","51"
"80 & Older years","Meriwether","120","33","30"
"<1 years","Meriwether","16","0","4"
"Unknown years","Meriwether","2","0","0"
"01-04 years","Miller","20","0","0"
"05-09 years","Miller","35","0","0"
"10-17 years","Miller","141","0","1"
"18-29 years","Miller","165","0","1"
"30-39 years","Miller","147","0","0"
"40-49 years","Miller","120","1","7"
"50-59 years","Miller","171","4","18"
"60-69 years","Miller","122","4","14"
"70-79 years","Miller","45","3","5"
"80 & Older years","Miller","32","3","8"
"<1 years","Miller","5","0","0"
"01-04 years","Mitchell","44","0","2"
"05-09 years","Mitchell","68","0","0"
"10-17 years","Mitchell","184","0","4"
"18-29 years","Mitchell","384","1","17"
"30-39 years","Mitchell","341","1","23"
"40-49 years","Mitchell","306","7","28"
"50-59 years","Mitchell","327","13","63"
"60-69 years","Mitchell","265","19","62"
"70-79 years","Mitchell","162","22","59"
"80 & Older years","Mitchell","100","27","34"
"<1 years","Mitchell","15","0","1"
"Unknown years","Mitchell","1","0","0"
"01-04 years","Monroe","23","0","4"
"05-09 years","Monroe","64","0","1"
"10-17 years","Monroe","194","0","0"
"18-29 years","Monroe","486","2","11"
"30-39 years","Monroe","408","0","12"
"40-49 years","Monroe","445","7","28"
"50-59 years","Monroe","469","7","35"
"60-69 years","Monroe","399","29","70"
"70-79 years","Monroe","217","29","58"
"80 & Older years","Monroe","133","45","43"
"<1 years","Monroe","8","0","1"
"01-04 years","Montgomery","15","0","0"
"05-09 years","Montgomery","20","0","0"
"10-17 years","Montgomery","100","0","1"
"18-29 years","Montgomery","240","1","2"
"30-39 years","Montgomery","176","2","6"
"40-49 years","Montgomery","182","1","4"
"50-59 years","Montgomery","163","6","14"
"60-69 years","Montgomery","141","9","16"
"70-79 years","Montgomery","75","12","14"
"80 & Older years","Montgomery","38","10","7"
"<1 years","Montgomery","3","0","0"
"Unknown years","Montgomery","1","0","0"
"01-04 years","Morgan","44","0","0"
"05-09 years","Morgan","72","0","1"
"10-17 years","Morgan","169","0","1"
"18-29 years","Morgan","340","0","9"
"30-39 years","Morgan","283","0","12"
"40-49 years","Morgan","274","1","11"
"50-59 years","Morgan","293","5","25"
"60-69 years","Morgan","209","8","26"
"70-79 years","Morgan","159","6","28"
"80 & Older years","Morgan","80","19","29"
"<1 years","Morgan","26","0","2"
"Unknown years","Morgan","1","0","0"
"01-04 years","Murray","126","0","2"
"05-09 years","Murray","195","0","3"
"10-17 years","Murray","701","0","2"
"18-29 years","Murray","1318","0","16"
"30-39 years","Murray","989","2","15"
"40-49 years","Murray","1070","10","42"
"50-59 years","Murray","921","18","78"
"60-69 years","Murray","617","24","93"
"70-79 years","Murray","365","53","87"
"80 & Older years","Murray","144","32","39"
"<1 years","Murray","49","0","2"
"01-04 years","Muscogee","460","0","7"
"05-09 years","Muscogee","802","0","0"
"10-17 years","Muscogee","1974","0","22"
"18-29 years","Muscogee","4845","9","127"
"30-39 years","Muscogee","3637","9","169"
"40-49 years","Muscogee","2897","18","202"
"50-59 years","Muscogee","2773","82","337"
"60-69 years","Muscogee","2149","139","420"
"70-79 years","Muscogee","1120","138","304"
"80 & Older years","Muscogee","670","194","246"
"<1 years","Muscogee","140","0","10"
"Unknown years","Muscogee","32","0","0"
"01-04 years","Newton","172","0","5"
"05-09 years","Newton","436","0","4"
"10-17 years","Newton","1118","0","42"
"18-29 years","Newton","2190","1","136"
"30-39 years","Newton","1905","7","149"
"40-49 years","Newton","1990","19","197"
"50-59 years","Newton","1787","47","250"
"60-69 years","Newton","1040","64","202"
"70-79 years","Newton","658","87","182"
"80 & Older years","Newton","377","100","133"
"<1 years","Newton","64","0","8"
"Unknown years","Newton","4","0","1"
"01-04 years","Non-GA Resident/Unknown State","424","0","8"
"05-09 years","Non-GA Resident/Unknown State","703","0","6"
"10-17 years","Non-GA Resident/Unknown State","1860","0","17"
"18-29 years","Non-GA Resident/Unknown State","7310","7","153"
"30-39 years","Non-GA Resident/Unknown State","5391","17","199"
"40-49 years","Non-GA Resident/Unknown State","4532","38","252"
"50-59 years","Non-GA Resident/Unknown State","4379","111","400"
"60-69 years","Non-GA Resident/Unknown State","3228","196","465"
"70-79 years","Non-GA Resident/Unknown State","2075","206","463"
"80 & Older years","Non-GA Resident/Unknown State","1137","194","300"
"<1 years","Non-GA Resident/Unknown State","267","0","11"
"Unknown years","Non-GA Resident/Unknown State","789","0","35"
"01-04 years","Oconee","76","0","0"
"05-09 years","Oconee","182","0","0"
"10-17 years","Oconee","566","0","1"
"18-29 years","Oconee","799","0","12"
"30-39 years","Oconee","577","1","8"
"40-49 years","Oconee","864","3","28"
"50-59 years","Oconee","684","5","22"
"60-69 years","Oconee","435","12","44"
"70-79 years","Oconee","247","19","34"
"80 & Older years","Oconee","162","34","48"
"<1 years","Oconee","18","0","0"
"Unknown years","Oconee","4","0","0"
"01-04 years","Oglethorpe","30","0","0"
"05-09 years","Oglethorpe","62","0","0"
"10-17 years","Oglethorpe","172","0","2"
"18-29 years","Oglethorpe","308","0","8"
"30-39 years","Oglethorpe","232","2","11"
"40-49 years","Oglethorpe","254","2","20"
"50-59 years","Oglethorpe","254","1","28"
"60-69 years","Oglethorpe","206","4","23"
"70-79 years","Oglethorpe","147","15","25"
"80 & Older years","Oglethorpe","81","18","23"
"<1 years","Oglethorpe","13","0","1"
"Unknown years","Oglethorpe","1","0","0"
"01-04 years","Paulding","324","0","4"
"05-09 years","Paulding","726","0","0"
"10-17 years","Paulding","2039","0","10"
"18-29 years","Paulding","3127","1","41"
"30-39 years","Paulding","2910","5","51"
"40-49 years","Paulding","2933","13","77"
"50-59 years","Paulding","2607","37","123"
"60-69 years","Paulding","1402","56","114"
"70-79 years","Paulding","739","59","112"
"80 & Older years","Paulding","417","86","91"
"<1 years","Paulding","90","0","1"
"Unknown years","Paulding","26","0","0"
"01-04 years","Peach","42","0","2"
"05-09 years","Peach","53","0","0"
"10-17 years","Peach","174","0","2"
"18-29 years","Peach","587","1","14"
"30-39 years","Peach","470","3","20"
"40-49 years","Peach","390","9","32"
"50-59 years","Peach","399","14","57"
"60-69 years","Peach","345","21","75"
"70-79 years","Peach","176","26","59"
"80 & Older years","Peach","84","22","38"
"<1 years","Peach","5","0","0"
"01-04 years","Pickens","38","0","3"
"05-09 years","Pickens","85","0","1"
"10-17 years","Pickens","270","0","1"
"18-29 years","Pickens","606","0","12"
"30-39 years","Pickens","495","3","24"
"40-49 years","Pickens","545","1","34"
"50-59 years","Pickens","644","9","53"
"60-69 years","Pickens","504","19","82"
"70-79 years","Pickens","362","29","97"
"80 & Older years","Pickens","157","33","51"
"<1 years","Pickens","6","0","1"
"01-04 years","Pierce","52","0","0"
"05-09 years","Pierce","69","0","0"
"10-17 years","Pierce","211","1","1"
"18-29 years","Pierce","383","0","8"
"30-39 years","Pierce","287","3","15"
"40-49 years","Pierce","342","5","29"
"50-59 years","Pierce","315","17","43"
"60-69 years","Pierce","229","20","65"
"70-79 years","Pierce","168","24","63"
"80 & Older years","Pierce","65","18","25"
"<1 years","Pierce","22","0","1"
"01-04 years","Pike","59","0","0"
"05-09 years","Pike","91","0","0"
"10-17 years","Pike","237","0","1"
"18-29 years","Pike","278","2","11"
"30-39 years","Pike","302","2","8"
"40-49 years","Pike","326","2","17"
"50-59 years","Pike","264","10","23"
"60-69 years","Pike","194","15","38"
"70-79 years","Pike","112","9","29"
"80 & Older years","Pike","43","12","12"
"<1 years","Pike","17","0","0"
"01-04 years","Polk","103","0","1"
"05-09 years","Polk","190","0","3"
"10-17 years","Polk","670","0","6"
"18-29 years","Polk","1346","0","24"
"30-39 years","Polk","1010","2","31"
"40-49 years","Polk","965","8","59"
"50-59 years","Polk","949","25","112"
"60-69 years","Polk","619","33","115"
"70-79 years","Polk","436","41","125"
"80 & Older years","Polk","189","34","66"
"<1 years","Polk","53","0","3"
"Unknown years","Polk","18","0","0"
"01-04 years","Pulaski","15","0","0"
"05-09 years","Pulaski","29","0","0"
"10-17 years","Pulaski","92","0","1"
"18-29 years","Pulaski","152","0","3"
"30-39 years","Pulaski","140","1","2"
"40-49 years","Pulaski","132","0","10"
"50-59 years","Pulaski","135","4","9"
"60-69 years","Pulaski","113","10","16"
"70-79 years","Pulaski","52","13","17"
"80 & Older years","Pulaski","41","13","7"
"<1 years","Pulaski","5","0","0"
"01-04 years","Putnam","42","0","0"
"05-09 years","Putnam","77","0","1"
"10-17 years","Putnam","231","0","2"
"18-29 years","Putnam","435","0","6"
"30-39 years","Putnam","386","1","15"
"40-49 years","Putnam","325","4","20"
"50-59 years","Putnam","431","3","36"
"60-69 years","Putnam","363","23","50"
"70-79 years","Putnam","272","26","71"
"80 & Older years","Putnam","112","26","42"
"<1 years","Putnam","11","0","1"
"01-04 years","Quitman","3","0","0"
"05-09 years","Quitman","5","0","0"
"10-17 years","Quitman","13","0","0"
"18-29 years","Quitman","16","0","1"
"30-39 years","Quitman","14","0","2"
"40-49 years","Quitman","5","0","1"
"50-59 years","Quitman","18","0","2"
"60-69 years","Quitman","29","1","6"
"70-79 years","Quitman","6","1","2"
"80 & Older years","Quitman","11","1","2"
"<1 years","Quitman","2","0","0"
"01-04 years","Rabun","24","0","0"
"05-09 years","Rabun","60","0","0"
"10-17 years","Rabun","206","0","2"
"18-29 years","Rabun","328","2","9"
"30-39 years","Rabun","269","2","14"
"40-49 years","Rabun","291","2","20"
"50-59 years","Rabun","339","4","41"
"60-69 years","Rabun","330","12","42"
"70-79 years","Rabun","257","20","55"
"80 & Older years","Rabun","106","22","35"
"<1 years","Rabun","10","0","1"
"Unknown years","Rabun","3","0","0"
"01-04 years","Randolph","3","0","0"
"05-09 years","Randolph","12","0","0"
"10-17 years","Randolph","36","0","3"
"18-29 years","Randolph","87","1","5"
"30-39 years","Randolph","93","2","8"
"40-49 years","Randolph","77","0","8"
"50-59 years","Randolph","115","6","25"
"60-69 years","Randolph","86","11","19"
"70-79 years","Randolph","54","5","18"
"80 & Older years","Randolph","50","15","17"
"<1 years","Randolph","2","0","0"
"Unknown years","Randolph","2","0","0"
"01-04 years","Richmond","493","0","1"
"05-09 years","Richmond","1020","1","8"
"10-17 years","Richmond","2513","0","29"
"18-29 years","Richmond","6350","15","95"
"30-39 years","Richmond","4850","12","142"
"40-49 years","Richmond","3657","31","174"
"50-59 years","Richmond","3370","58","301"
"60-69 years","Richmond","2576","131","386"
"70-79 years","Richmond","1354","157","392"
"80 & Older years","Richmond","792","193","317"
"<1 years","Richmond","155","0","6"
"Unknown years","Richmond","19","0","0"
"01-04 years","Rockdale","144","0","12"
"05-09 years","Rockdale","317","0","14"
"10-17 years","Rockdale","844","0","39"
"18-29 years","Rockdale","1797","3","152"
"30-39 years","Rockdale","1549","4","195"
"40-49 years","Rockdale","1589","10","205"
"50-59 years","Rockdale","1472","27","273"
"60-69 years","Rockdale","888","47","236"
"70-79 years","Rockdale","515","71","215"
"80 & Older years","Rockdale","268","71","143"
"<1 years","Rockdale","32","0","2"
"Unknown years","Rockdale","3","0","2"
"01-04 years","Schley","9","0","0"
"05-09 years","Schley","12","0","0"
"10-17 years","Schley","40","0","0"
"18-29 years","Schley","66","0","2"
"30-39 years","Schley","42","0","0"
"40-49 years","Schley","62","0","5"
"50-59 years","Schley","53","2","8"
"60-69 years","Schley","35","1","7"
"70-79 years","Schley","19","3","4"
"80 & Older years","Schley","9","2","3"
"<1 years","Schley","1","0","0"
"01-04 years","Screven","25","0","1"
"05-09 years","Screven","44","0","0"
"10-17 years","Screven","171","0","1"
"18-29 years","Screven","223","0","7"
"30-39 years","Screven","213","1","6"
"40-49 years","Screven","182","4","12"
"50-59 years","Screven","171","6","21"
"60-69 years","Screven","174","5","18"
"70-79 years","Screven","100","10","21"
"80 & Older years","Screven","45","9","13"
"<1 years","Screven","11","0","0"
"Unknown years","Screven","1","0","0"
"01-04 years","Seminole","22","0","0"
"05-09 years","Seminole","42","0","0"
"10-17 years","Seminole","139","0","0"
"18-29 years","Seminole","197","0","3"
"30-39 years","Seminole","160","0","4"
"40-49 years","Seminole","162","0","10"
"50-59 years","Seminole","169","3","9"
"60-69 years","Seminole","179","6","33"
"70-79 years","Seminole","100","7","21"
"80 & Older years","Seminole","45","7","18"
"<1 years","Seminole","9","0","0"
"Unknown years","Seminole","1","0","0"
"01-04 years","Spalding","154","0","2"
"05-09 years","Spalding","221","0","1"
"10-17 years","Spalding","536","0","5"
"18-29 years","Spalding","1288","4","43"
"30-39 years","Spalding","1102","7","51"
"40-49 years","Spalding","1041","15","81"
"50-59 years","Spalding","1042","39","123"
"60-69 years","Spalding","771","68","146"
"70-79 years","Spalding","517","77","129"
"80 & Older years","Spalding","304","74","88"
"<1 years","Spalding","46","0","3"
"Unknown years","Spalding","12","0","1"
"01-04 years","Stephens","49","0","2"
"05-09 years","Stephens","101","0","1"
"10-17 years","Stephens","423","0","3"
"18-29 years","Stephens","851","1","24"
"30-39 years","Stephens","574","0","11"
"40-49 years","Stephens","662","1","28"
"50-59 years","Stephens","695","11","55"
"60-69 years","Stephens","632","34","93"
"70-79 years","Stephens","425","35","91"
"80 & Older years","Stephens","201","31","49"
"<1 years","Stephens","16","0","1"
"Unknown years","Stephens","9","0","0"
"01-04 years","Stewart","10","0","1"
"05-09 years","Stewart","7","0","0"
"10-17 years","Stewart","26","0","0"
"18-29 years","Stewart","436","0","22"
"30-39 years","Stewart","408","1","28"
"40-49 years","Stewart","257","2","24"
"50-59 years","Stewart","124","2","18"
"60-69 years","Stewart","85","16","31"
"70-79 years","Stewart","28","4","6"
"80 & Older years","Stewart","23","5","7"
"<1 years","Stewart","3","0","0"
"Unknown years","Stewart","12","0","3"
"01-04 years","Sumter","61","0","1"
"05-09 years","Sumter","103","0","0"
"10-17 years","Sumter","218","0","7"
"18-29 years","Sumter","528","2","19"
"30-39 years","Sumter","401","1","35"
"40-49 years","Sumter","383","10","38"
"50-59 years","Sumter","420","11","63"
"60-69 years","Sumter","338","33","87"
"70-79 years","Sumter","219","34","65"
"80 & Older years","Sumter","140","39","60"
"<1 years","Sumter","38","0","4"
"Unknown years","Sumter","1","0","0"
"01-04 years","Talbot","16","0","1"
"05-09 years","Talbot","24","0","0"
"10-17 years","Talbot","54","0","0"
"18-29 years","Talbot","93","0","4"
"30-39 years","Talbot","60","0","3"
"40-49 years","Talbot","90","3","5"
"50-59 years","Talbot","100","6","10"
"60-69 years","Talbot","84","7","20"
"70-79 years","Talbot","51","8","9"
"80 & Older years","Talbot","25","4","10"
"<1 years","Talbot","1","0","0"
"Unknown years","Talbot","3","0","0"
"01-04 years","Taliaferro","2","0","0"
"05-09 years","Taliaferro","1","0","0"
"10-17 years","Taliaferro","11","0","0"
"18-29 years","Taliaferro","20","0","1"
"30-39 years","Taliaferro","19","0","0"
"40-49 years","Taliaferro","23","0","2"
"50-59 years","Taliaferro","12","0","0"
"60-69 years","Taliaferro","26","1","4"
"70-79 years","Taliaferro","11","1","4"
"80 & Older years","Taliaferro","4","1","2"
"<1 years","Taliaferro","1","0","0"
"01-04 years","Tattnall","59","0","1"
"05-09 years","Tattnall","87","0","1"
"10-17 years","Tattnall","272","0","2"
"18-29 years","Tattnall","475","1","3"
"30-39 years","Tattnall","430","2","10"
"40-49 years","Tattnall","417","0","11"
"50-59 years","Tattnall","427","13","30"
"60-69 years","Tattnall","303","22","45"
"70-79 years","Tattnall","164","29","46"
"80 & Older years","Tattnall","60","6","10"
"<1 years","Tattnall","20","0","0"
"01-04 years","Taylor","21","0","1"
"05-09 years","Taylor","31","0","0"
"10-17 years","Taylor","80","0","1"
"18-29 years","Taylor","131","1","6"
"30-39 years","Taylor","93","1","6"
"40-49 years","Taylor","135","2","17"
"50-59 years","Taylor","107","3","20"
"60-69 years","Taylor","89","8","22"
"70-79 years","Taylor","47","9","15"
"80 & Older years","Taylor","29","10","10"
"<1 years","Taylor","6","0","0"
"01-04 years","Telfair","15","0","0"
"05-09 years","Telfair","26","0","0"
"10-17 years","Telfair","55","0","1"
"18-29 years","Telfair","189","0","4"
"30-39 years","Telfair","143","1","5"
"40-49 years","Telfair","147","2","8"
"50-59 years","Telfair","141","8","14"
"60-69 years","Telfair","122","11","22"
"70-79 years","Telfair","79","17","23"
"80 & Older years","Telfair","46","17","13"
"<1 years","Telfair","8","0","0"
"Unknown years","Telfair","2","0","0"
"01-04 years","Terrell","18","0","0"
"05-09 years","Terrell","26","0","0"
"10-17 years","Terrell","86","0","1"
"18-29 years","Terrell","120","0","7"
"30-39 years","Terrell","117","0","14"
"40-49 years","Terrell","93","0","13"
"50-59 years","Terrell","139","7","28"
"60-69 years","Terrell","116","14","44"
"70-79 years","Terrell","71","19","30"
"80 & Older years","Terrell","46","16","20"
"<1 years","Terrell","4","0","0"
"01-04 years","Thomas","163","1","2"
"05-09 years","Thomas","311","0","3"
"10-17 years","Thomas","791","0","3"
"18-29 years","Thomas","1031","2","42"
"30-39 years","Thomas","843","5","35"
"40-49 years","Thomas","823","11","60"
"50-59 years","Thomas","848","21","85"
"60-69 years","Thomas","638","24","134"
"70-79 years","Thomas","367","44","107"
"80 & Older years","Thomas","218","54","73"
"<1 years","Thomas","56","0","3"
"Unknown years","Thomas","5","0","0"
"01-04 years","Tift","105","0","7"
"05-09 years","Tift","161","0","4"
"10-17 years","Tift","422","0","10"
"18-29 years","Tift","1071","2","32"
"30-39 years","Tift","790","2","41"
"40-49 years","Tift","730","9","74"
"50-59 years","Tift","624","17","88"
"60-69 years","Tift","482","27","98"
"70-79 years","Tift","304","37","100"
"80 & Older years","Tift","185","46","73"
"<1 years","Tift","35","0","2"
"Unknown years","Tift","1","0","0"
"01-04 years","Toombs","53","0","0"
"05-09 years","Toombs","119","0","0"
"10-17 years","Toombs","351","0","2"
"18-29 years","Toombs","876","1","10"
"30-39 years","Toombs","671","2","11"
"40-49 years","Toombs","642","9","37"
"50-59 years","Toombs","619","16","39"
"60-69 years","Toombs","548","31","73"
"70-79 years","Toombs","343","47","56"
"80 & Older years","Toombs","197","49","42"
"<1 years","Toombs","21","0","0"
"01-04 years","Towns","8","0","0"
"05-09 years","Towns","18","0","1"
"10-17 years","Towns","75","0","1"
"18-29 years","Towns","204","0","4"
"30-39 years","Towns","138","1","5"
"40-49 years","Towns","165","2","6"
"50-59 years","Towns","266","6","26"
"60-69 years","Towns","321","8","28"
"70-79 years","Towns","234","16","49"
"80 & Older years","Towns","163","36","66"
"<1 years","Towns","2","0","0"
"01-04 years","Treutlen","13","0","0"
"05-09 years","Treutlen","25","0","1"
"10-17 years","Treutlen","78","0","1"
"18-29 years","Treutlen","156","0","3"
"30-39 years","Treutlen","144","0","5"
"40-49 years","Treutlen","141","5","6"
"50-59 years","Treutlen","137","3","10"
"60-69 years","Treutlen","90","7","15"
"70-79 years","Treutlen","68","17","12"
"80 & Older years","Treutlen","39","13","10"
"<1 years","Treutlen","1","0","0"
"01-04 years","Troup","242","0","2"
"05-09 years","Troup","366","0","1"
"10-17 years","Troup","921","0","10"
"18-29 years","Troup","1777","2","38"
"30-39 years","Troup","1386","10","62"
"40-49 years","Troup","1174","11","70"
"50-59 years","Troup","1159","34","142"
"60-69 years","Troup","853","57","132"
"70-79 years","Troup","463","64","116"
"80 & Older years","Troup","311","94","78"
"<1 years","Troup","83","0","3"
"Unknown years","Troup","4","0","0"
"01-04 years","Turner","13","0","0"
"05-09 years","Turner","18","0","2"
"10-17 years","Turner","36","0","1"
"18-29 years","Turner","134","0","4"
"30-39 years","Turner","141","0","15"
"40-49 years","Turner","140","1","9"
"50-59 years","Turner","126","2","19"
"60-69 years","Turner","102","9","30"
"70-79 years","Turner","63","11","16"
"80 & Older years","Turner","38","18","17"
"<1 years","Turner","7","0","1"
"01-04 years","Twiggs","16","0","1"
"05-09 years","Twiggs","13","0","1"
"10-17 years","Twiggs","51","0","1"
"18-29 years","Twiggs","111","0","3"
"30-39 years","Twiggs","97","1","4"
"40-49 years","Twiggs","101","2","11"
"50-59 years","Twiggs","136","4","26"
"60-69 years","Twiggs","128","13","42"
"70-79 years","Twiggs","73","14","30"
"80 & Older years","Twiggs","34","15","19"
"<1 years","Twiggs","2","0","0"
"01-04 years","Union","21","0","0"
"05-09 years","Union","64","0","0"
"10-17 years","Union","203","0","2"
"18-29 years","Union","397","1","6"
"30-39 years","Union","396","3","8"
"40-49 years","Union","374","2","23"
"50-59 years","Union","475","6","39"
"60-69 years","Union","570","20","77"
"70-79 years","Union","483","35","106"
"80 & Older years","Union","261","53","85"
"<1 years","Union","7","0","2"
"Unknown years","Union","7","0","0"
"01-04 years","Unknown","34","0","0"
"05-09 years","Unknown","72","0","0"
"10-17 years","Unknown","197","0","1"
"18-29 years","Unknown","766","1","8"
"30-39 years","Unknown","422","0","6"
"40-49 years","Unknown","370","1","5"
"50-59 years","Unknown","296","1","6"
"60-69 years","Unknown","192","0","13"
"70-79 years","Unknown","116","1","9"
"80 & Older years","Unknown","53","0","5"
"<1 years","Unknown","38","0","1"
"Unknown years","Unknown","91","0","4"
"01-04 years","Upson","81","0","1"
"05-09 years","Upson","117","0","0"
"10-17 years","Upson","298","1","4"
"18-29 years","Upson","483","0","9"
"30-39 years","Upson","349","2","12"
"40-49 years","Upson","360","2","19"
"50-59 years","Upson","356","13","41"
"60-69 years","Upson","331","31","56"
"70-79 years","Upson","225","44","67"
"80 & Older years","Upson","128","47","45"
"<1 years","Upson","32","0","2"
"Unknown years","Upson","5","0","0"
"01-04 years","Walker","179","0","1"
"05-09 years","Walker","364","0","1"
"10-17 years","Walker","983","0","9"
"18-29 years","Walker","1814","0","23"
"30-39 years","Walker","1466","1","22"
"40-49 years","Walker","1633","10","50"
"50-59 years","Walker","1408","8","61"
"60-69 years","Walker","1060","30","91"
"70-79 years","Walker","694","43","87"
"80 & Older years","Walker","313","42","54"
"<1 years","Walker","69","0","2"
"Unknown years","Walker","73","0","5"
"01-04 years","Walton","154","0","2"
"05-09 years","Walton","329","0","5"
"10-17 years","Walton","1020","0","18"
"18-29 years","Walton","1984","3","82"
"30-39 years","Walton","1769","6","69"
"40-49 years","Walton","1832","10","113"
"50-59 years","Walton","1766","29","170"
"60-69 years","Walton","1205","49","182"
"70-79 years","Walton","851","100","181"
"80 & Older years","Walton","478","126","120"
"<1 years","Walton","58","0","3"
"Unknown years","Walton","7","0","0"
"01-04 years","Ware","127","0","1"
"05-09 years","Ware","157","0","0"
"10-17 years","Ware","436","0","4"
"18-29 years","Ware","866","1","16"
"30-39 years","Ware","702","3","37"
"40-49 years","Ware","635","5","55"
"50-59 years","Ware","598","34","123"
"60-69 years","Ware","443","36","107"
"70-79 years","Ware","335","56","128"
"80 & Older years","Ware","238","72","83"
"<1 years","Ware","44","0","2"
"01-04 years","Warren","10","0","0"
"05-09 years","Warren","10","0","0"
"10-17 years","Warren","36","0","0"
"18-29 years","Warren","105","0","3"
"30-39 years","Warren","71","0","5"
"40-49 years","Warren","71","3","7"
"50-59 years","Warren","82","3","10"
"60-69 years","Warren","59","3","10"
"70-79 years","Warren","43","6","15"
"80 & Older years","Warren","20","5","8"
"<1 years","Warren","6","0","1"
"Unknown years","Warren","4","0","0"
"01-04 years","Washington","61","0","0"
"05-09 years","Washington","85","0","0"
"10-17 years","Washington","289","1","4"
"18-29 years","Washington","388","0","8"
"30-39 years","Washington","357","2","14"
"40-49 years","Washington","352","6","16"
"50-59 years","Washington","316","10","17"
"60-69 years","Washington","277","17","34"
"70-79 years","Washington","143","13","27"
"80 & Older years","Washington","83","30","15"
"<1 years","Washington","24","0","0"
"Unknown years","Washington","1","0","0"
"01-04 years","Wayne","60","0","2"
"05-09 years","Wayne","104","0","0"
"10-17 years","Wayne","389","0","2"
"18-29 years","Wayne","730","1","15"
"30-39 years","Wayne","706","6","21"
"40-49 years","Wayne","742","13","57"
"50-59 years","Wayne","652","23","61"
"60-69 years","Wayne","491","36","95"
"70-79 years","Wayne","347","40","97"
"80 & Older years","Wayne","155","38","39"
"<1 years","Wayne","25","0","2"
"05-09 years","Webster","8","0","0"
"10-17 years","Webster","16","0","0"
"18-29 years","Webster","35","0","3"
"30-39 years","Webster","17","0","1"
"40-49 years","Webster","27","0","2"
"50-59 years","Webster","26","3","8"
"60-69 years","Webster","28","1","4"
"70-79 years","Webster","11","1","4"
"80 & Older years","Webster","5","1","1"
"<1 years","Webster","3","0","0"
"Unknown years","Webster","2","0","0"
"01-04 years","Wheeler","3","0","0"
"05-09 years","Wheeler","9","0","1"
"10-17 years","Wheeler","40","0","0"
"18-29 years","Wheeler","87","0","0"
"30-39 years","Wheeler","108","2","2"
"40-49 years","Wheeler","105","3","3"
"50-59 years","Wheeler","112","9","12"
"60-69 years","Wheeler","69","6","10"
"70-79 years","Wheeler","49","8","12"
"80 & Older years","Wheeler","10","4","2"
"<1 years","Wheeler","2","0","0"
"Unknown years","Wheeler","23","0","1"
"01-04 years","White","41","0","1"
"05-09 years","White","110","0","1"
"10-17 years","White","435","0","2"
"18-29 years","White","715","1","14"
"30-39 years","White","584","2","12"
"40-49 years","White","641","8","33"
"50-59 years","White","714","10","66"
"60-69 years","White","630","20","87"
"70-79 years","White","467","30","109"
"80 & Older years","White","250","46","92"
"<1 years","White","13","0","0"
"Unknown years","White","10","0","0"
"01-04 years","Whitfield","301","0","3"
"05-09 years","Whitfield","626","0","3"
"10-17 years","Whitfield","1962","0","9"
"18-29 years","Whitfield","4593","3","63"
"30-39 years","Whitfield","3173","6","85"
"40-49 years","Whitfield","3118","12","113"
"50-59 years","Whitfield","2742","54","175"
"60-69 years","Whitfield","1651","62","200"
"70-79 years","Whitfield","924","80","179"
"80 & Older years","Whitfield","520","112","139"
"<1 years","Whitfield","109","0","5"
"01-04 years","Wilcox","21","0","1"
"05-09 years","Wilcox","27","0","0"
"10-17 years","Wilcox","55","0","0"
"18-29 years","Wilcox","74","0","1"
"30-39 years","Wilcox","70","0","3"
"40-49 years","Wilcox","93","0","12"
"50-59 years","Wilcox","102","2","17"
"60-69 years","Wilcox","107","10","30"
"70-79 years","Wilcox","60","12","11"
"80 & Older years","Wilcox","27","8","8"
"<1 years","Wilcox","8","0","1"
"01-04 years","Wilkes","10","0","0"
"05-09 years","Wilkes","25","0","0"
"10-17 years","Wilkes","77","0","1"
"18-29 years","Wilkes","167","0","4"
"30-39 years","Wilkes","112","0","7"
"40-49 years","Wilkes","141","1","16"
"50-59 years","Wilkes","131","3","13"
"60-69 years","Wilkes","109","4","24"
"70-79 years","Wilkes","76","9","27"
"80 & Older years","Wilkes","43","10","18"
"<1 years","Wilkes","7","0","1"
"Unknown years","Wilkes","1","0","0"
"01-04 years","Wilkinson","18","0","0"
"05-09 years","Wilkinson","27","0","0"
"10-17 years","Wilkinson","89","0","1"
"18-29 years","Wilkinson","177","0","4"
"30-39 years","Wilkinson","159","0","11"
"40-49 years","Wilkinson","152","0","10"
"50-59 years","Wilkinson","193","6","30"
"60-69 years","Wilkinson","173","18","51"
"70-79 years","Wilkinson","74","10","23"
"80 & Older years","Wilkinson","45","7","19"
"<1 years","Wilkinson","6","0","0"
"01-04 years","Worth","31","0","0"
"05-09 years","Worth","52","0","0"
"10-17 years","Worth","168","1","3"
"18-29 years","Worth","315","1","15"
"30-39 years","Worth","229","0","18"
"40-49 years","Worth","239","3","26"
"50-59 years","Worth","258","7","37"
"60-69 years","Worth","245","23","64"
"70-79 years","Worth","140","21","41"
"80 & Older years","Worth","87","23","33"
"<1 years","Worth","10","0","0"
"Unknown years","Worth","2","0","0"
