"age group","county name","cases","deaths","hospitalization"
"01-04 years","Georgia","4783","1","99"
"05-09 years","Georgia","7183","1","68"
"10-17 years","Georgia","26118","5","316"
"18-29 years","Georgia","101990","63","2307"
"30-39 years","Georgia","67464","140","3044"
"40-49 years","Georgia","64345","336","4373"
"50-59 years","Georgia","59905","807","6170"
"60-69 years","Georgia","40397","1731","7041"
"70-79 years","Georgia","23482","2410","6175"
"80 & Older years","Georgia","14704","3222","4852"
"<1 years","Georgia","1435","0","85"
"Unknown years","Georgia","2103","0","57"
"01-04 years","Appling","15","0","0"
"05-09 years","Appling","35","0","0"
"10-17 years","Appling","102","0","1"
"18-29 years","Appling","230","1","4"
"30-39 years","Appling","179","1","5"
"40-49 years","Appling","171","2","13"
"50-59 years","Appling","190","5","16"
"60-69 years","Appling","153","8","30"
"70-79 years","Appling","102","11","22"
"80 & Older years","Appling","44","10","15"
"<1 years","Appling","3","0","0"
"Unknown years","Appling","6","0","0"
"01-04 years","Atkinson","3","0","1"
"05-09 years","Atkinson","11","0","1"
"10-17 years","Atkinson","24","0","0"
"18-29 years","Atkinson","115","0","7"
"30-39 years","Atkinson","87","0","6"
"40-49 years","Atkinson","92","0","11"
"50-59 years","Atkinson","89","1","15"
"60-69 years","Atkinson","57","4","15"
"70-79 years","Atkinson","32","2","9"
"80 & Older years","Atkinson","9","2","6"
"<1 years","Atkinson","2","0","0"
"01-04 years","Bacon","11","0","0"
"05-09 years","Bacon","13","0","0"
"10-17 years","Bacon","42","0","0"
"18-29 years","Bacon","170","0","1"
"30-39 years","Bacon","85","0","3"
"40-49 years","Bacon","112","1","7"
"50-59 years","Bacon","102","2","13"
"60-69 years","Bacon","62","7","14"
"70-79 years","Bacon","39","4","8"
"80 & Older years","Bacon","21","5","6"
"<1 years","Bacon","4","0","0"
"Unknown years","Bacon","2","0","0"
"01-04 years","Baker","4","0","0"
"05-09 years","Baker","4","0","0"
"10-17 years","Baker","5","0","0"
"18-29 years","Baker","17","0","0"
"30-39 years","Baker","11","0","2"
"40-49 years","Baker","10","0","1"
"50-59 years","Baker","15","0","1"
"60-69 years","Baker","19","2","6"
"70-79 years","Baker","14","2","8"
"80 & Older years","Baker","6","2","3"
"01-04 years","Baldwin","13","0","0"
"05-09 years","Baldwin","30","0","0"
"10-17 years","Baldwin","98","0","2"
"18-29 years","Baldwin","981","0","12"
"30-39 years","Baldwin","269","1","10"
"40-49 years","Baldwin","294","2","24"
"50-59 years","Baldwin","307","8","35"
"60-69 years","Baldwin","248","14","41"
"70-79 years","Baldwin","151","18","33"
"80 & Older years","Baldwin","99","26","24"
"<1 years","Baldwin","5","0","0"
"Unknown years","Baldwin","1","0","0"
"01-04 years","Banks","5","0","0"
"05-09 years","Banks","9","0","0"
"10-17 years","Banks","55","0","0"
"18-29 years","Banks","125","0","4"
"30-39 years","Banks","94","0","1"
"40-49 years","Banks","100","0","10"
"50-59 years","Banks","110","0","11"
"60-69 years","Banks","100","3","17"
"70-79 years","Banks","72","4","27"
"80 & Older years","Banks","53","4","18"
"<1 years","Banks","2","0","0"
"Unknown years","Banks","14","0","1"
"01-04 years","Barrow","35","0","0"
"05-09 years","Barrow","55","0","0"
"10-17 years","Barrow","199","0","2"
"18-29 years","Barrow","703","1","25"
"30-39 years","Barrow","534","0","27"
"40-49 years","Barrow","553","3","41"
"50-59 years","Barrow","450","2","51"
"60-69 years","Barrow","303","11","66"
"70-79 years","Barrow","171","14","46"
"80 & Older years","Barrow","104","25","43"
"<1 years","Barrow","13","0","2"
"Unknown years","Barrow","11","0","0"
"01-04 years","Bartow","35","0","1"
"05-09 years","Bartow","73","0","1"
"10-17 years","Bartow","371","0","2"
"18-29 years","Bartow","876","0","9"
"30-39 years","Bartow","691","2","24"
"40-49 years","Bartow","696","0","36"
"50-59 years","Bartow","714","7","72"
"60-69 years","Bartow","430","16","74"
"70-79 years","Bartow","294","30","76"
"80 & Older years","Bartow","189","44","63"
"<1 years","Bartow","15","0","1"
"Unknown years","Bartow","14","0","3"
"01-04 years","Ben Hill","21","0","1"
"05-09 years","Ben Hill","16","0","0"
"10-17 years","Ben Hill","58","0","0"
"18-29 years","Ben Hill","153","0","4"
"30-39 years","Ben Hill","149","2","5"
"40-49 years","Ben Hill","118","0","5"
"50-59 years","Ben Hill","149","2","20"
"60-69 years","Ben Hill","135","9","19"
"70-79 years","Ben Hill","94","14","33"
"80 & Older years","Ben Hill","35","8","8"
"<1 years","Ben Hill","2","0","0"
"Unknown years","Ben Hill","5","0","0"
"01-04 years","Berrien","10","0","0"
"05-09 years","Berrien","12","0","0"
"10-17 years","Berrien","34","0","0"
"18-29 years","Berrien","116","0","0"
"30-39 years","Berrien","92","0","0"
"40-49 years","Berrien","83","0","1"
"50-59 years","Berrien","88","1","11"
"60-69 years","Berrien","62","3","6"
"70-79 years","Berrien","44","5","4"
"80 & Older years","Berrien","31","8","6"
"<1 years","Berrien","1","0","0"
"Unknown years","Berrien","1","0","0"
"01-04 years","Bibb","83","0","2"
"05-09 years","Bibb","111","0","0"
"10-17 years","Bibb","326","0","6"
"18-29 years","Bibb","1702","1","54"
"30-39 years","Bibb","1185","4","65"
"40-49 years","Bibb","1131","10","124"
"50-59 years","Bibb","1029","12","145"
"60-69 years","Bibb","844","46","232"
"70-79 years","Bibb","490","61","167"
"80 & Older years","Bibb","323","83","146"
"<1 years","Bibb","27","0","4"
"Unknown years","Bibb","7","0","0"
"01-04 years","Bleckley","2","0","0"
"05-09 years","Bleckley","5","0","0"
"10-17 years","Bleckley","38","0","0"
"18-29 years","Bleckley","143","0","3"
"30-39 years","Bleckley","59","0","1"
"40-49 years","Bleckley","68","1","1"
"50-59 years","Bleckley","71","2","3"
"60-69 years","Bleckley","53","7","9"
"70-79 years","Bleckley","47","3","10"
"80 & Older years","Bleckley","58","17","9"
"<1 years","Bleckley","1","0","0"
"01-04 years","Brantley","11","0","0"
"05-09 years","Brantley","6","0","0"
"10-17 years","Brantley","50","0","1"
"18-29 years","Brantley","99","0","1"
"30-39 years","Brantley","66","0","3"
"40-49 years","Brantley","81","1","4"
"50-59 years","Brantley","86","1","10"
"60-69 years","Brantley","67","3","8"
"70-79 years","Brantley","39","6","10"
"80 & Older years","Brantley","30","6","8"
"<1 years","Brantley","1","0","0"
"01-04 years","Brooks","13","0","0"
"05-09 years","Brooks","10","0","0"
"10-17 years","Brooks","52","0","0"
"18-29 years","Brooks","112","0","0"
"30-39 years","Brooks","83","0","2"
"40-49 years","Brooks","68","0","8"
"50-59 years","Brooks","90","2","14"
"60-69 years","Brooks","64","6","11"
"70-79 years","Brooks","55","9","16"
"80 & Older years","Brooks","36","9","5"
"<1 years","Brooks","2","0","0"
"01-04 years","Bryan","25","0","0"
"05-09 years","Bryan","26","0","0"
"10-17 years","Bryan","102","0","0"
"18-29 years","Bryan","300","0","8"
"30-39 years","Bryan","253","1","7"
"40-49 years","Bryan","252","0","11"
"50-59 years","Bryan","203","3","18"
"60-69 years","Bryan","131","4","21"
"70-79 years","Bryan","83","5","26"
"80 & Older years","Bryan","47","3","10"
"<1 years","Bryan","5","0","0"
"Unknown years","Bryan","5","0","0"
"01-04 years","Bulloch","39","0","0"
"05-09 years","Bulloch","46","0","0"
"10-17 years","Bulloch","169","0","2"
"18-29 years","Bulloch","1696","0","7"
"30-39 years","Bulloch","366","2","18"
"40-49 years","Bulloch","298","2","20"
"50-59 years","Bulloch","287","1","22"
"60-69 years","Bulloch","195","12","33"
"70-79 years","Bulloch","102","10","26"
"80 & Older years","Bulloch","68","8","21"
"<1 years","Bulloch","14","0","2"
"Unknown years","Bulloch","8","0","0"
"01-04 years","Burke","13","0","0"
"05-09 years","Burke","28","0","0"
"10-17 years","Burke","70","0","1"
"18-29 years","Burke","199","0","5"
"30-39 years","Burke","153","0","4"
"40-49 years","Burke","157","1","7"
"50-59 years","Burke","157","1","23"
"60-69 years","Burke","115","4","26"
"70-79 years","Burke","71","2","19"
"80 & Older years","Burke","21","4","9"
"<1 years","Burke","4","0","0"
"Unknown years","Burke","4","0","0"
"01-04 years","Butts","7","0","0"
"05-09 years","Butts","10","0","0"
"10-17 years","Butts","47","0","1"
"18-29 years","Butts","149","0","3"
"30-39 years","Butts","149","0","7"
"40-49 years","Butts","132","2","9"
"50-59 years","Butts","127","3","14"
"60-69 years","Butts","102","7","16"
"70-79 years","Butts","66","11","8"
"80 & Older years","Butts","74","22","4"
"<1 years","Butts","3","0","0"
"Unknown years","Butts","2","0","0"
"01-04 years","Calhoun","1","0","0"
"10-17 years","Calhoun","10","0","0"
"18-29 years","Calhoun","37","0","4"
"30-39 years","Calhoun","41","2","5"
"40-49 years","Calhoun","59","1","7"
"50-59 years","Calhoun","48","2","9"
"60-69 years","Calhoun","46","2","15"
"70-79 years","Calhoun","16","2","5"
"80 & Older years","Calhoun","11","2","5"
"<1 years","Calhoun","1","0","0"
"01-04 years","Camden","23","0","0"
"05-09 years","Camden","18","0","0"
"10-17 years","Camden","108","0","0"
"18-29 years","Camden","452","0","4"
"30-39 years","Camden","275","0","10"
"40-49 years","Camden","228","1","10"
"50-59 years","Camden","271","1","12"
"60-69 years","Camden","181","5","16"
"70-79 years","Camden","96","0","13"
"80 & Older years","Camden","57","11","18"
"<1 years","Camden","7","0","1"
"Unknown years","Camden","13","0","0"
"01-04 years","Candler","8","0","0"
"05-09 years","Candler","9","0","0"
"10-17 years","Candler","46","0","0"
"18-29 years","Candler","101","0","0"
"30-39 years","Candler","81","0","3"
"40-49 years","Candler","95","2","1"
"50-59 years","Candler","100","5","8"
"60-69 years","Candler","75","6","13"
"70-79 years","Candler","44","10","13"
"80 & Older years","Candler","18","3","8"
"<1 years","Candler","2","0","0"
"Unknown years","Candler","1","0","0"
"01-04 years","Carroll","54","0","1"
"05-09 years","Carroll","60","0","1"
"10-17 years","Carroll","308","0","3"
"18-29 years","Carroll","1033","0","8"
"30-39 years","Carroll","573","4","16"
"40-49 years","Carroll","572","4","21"
"50-59 years","Carroll","586","8","43"
"60-69 years","Carroll","415","14","53"
"70-79 years","Carroll","245","25","48"
"80 & Older years","Carroll","171","27","30"
"<1 years","Carroll","17","0","0"
"Unknown years","Carroll","5","0","0"
"01-04 years","Catoosa","29","0","0"
"05-09 years","Catoosa","35","0","0"
"10-17 years","Catoosa","186","0","1"
"18-29 years","Catoosa","368","0","5"
"30-39 years","Catoosa","276","0","3"
"40-49 years","Catoosa","331","1","10"
"50-59 years","Catoosa","283","5","11"
"60-69 years","Catoosa","222","4","27"
"70-79 years","Catoosa","137","10","24"
"80 & Older years","Catoosa","97","9","17"
"<1 years","Catoosa","9","0","0"
"Unknown years","Catoosa","24","0","0"
"01-04 years","Charlton","9","0","0"
"05-09 years","Charlton","16","0","0"
"10-17 years","Charlton","27","0","0"
"18-29 years","Charlton","127","0","1"
"30-39 years","Charlton","151","0","2"
"40-49 years","Charlton","132","2","7"
"50-59 years","Charlton","97","0","2"
"60-69 years","Charlton","86","3","8"
"70-79 years","Charlton","28","4","7"
"80 & Older years","Charlton","12","2","7"
"<1 years","Charlton","2","0","0"
"Unknown years","Charlton","1","0","0"
"01-04 years","Chatham","172","0","0"
"05-09 years","Chatham","188","1","0"
"10-17 years","Chatham","630","0","11"
"18-29 years","Chatham","2889","2","40"
"30-39 years","Chatham","1859","4","79"
"40-49 years","Chatham","1408","8","95"
"50-59 years","Chatham","1341","21","152"
"60-69 years","Chatham","1025","41","192"
"70-79 years","Chatham","550","52","181"
"80 & Older years","Chatham","353","73","143"
"<1 years","Chatham","39","0","3"
"Unknown years","Chatham","73","0","2"
"01-04 years","Chattahoochee","3","0","0"
"05-09 years","Chattahoochee","2","0","0"
"10-17 years","Chattahoochee","94","0","1"
"18-29 years","Chattahoochee","1640","0","1"
"30-39 years","Chattahoochee","134","0","1"
"40-49 years","Chattahoochee","33","0","0"
"50-59 years","Chattahoochee","18","0","5"
"60-69 years","Chattahoochee","10","0","3"
"70-79 years","Chattahoochee","5","0","2"
"80 & Older years","Chattahoochee","4","1","3"
"<1 years","Chattahoochee","7","0","0"
"Unknown years","Chattahoochee","1","0","0"
"01-04 years","Chattooga","6","0","0"
"05-09 years","Chattooga","13","0","0"
"10-17 years","Chattooga","88","0","0"
"18-29 years","Chattooga","188","0","2"
"30-39 years","Chattooga","166","0","5"
"40-49 years","Chattooga","172","1","5"
"50-59 years","Chattooga","169","2","7"
"60-69 years","Chattooga","144","7","19"
"70-79 years","Chattooga","86","7","20"
"80 & Older years","Chattooga","72","14","16"
"<1 years","Chattooga","3","0","1"
"Unknown years","Chattooga","9","0","1"
"01-04 years","Cherokee","87","0","5"
"05-09 years","Cherokee","172","0","3"
"10-17 years","Cherokee","903","0","2"
"18-29 years","Cherokee","2069","1","45"
"30-39 years","Cherokee","1290","1","59"
"40-49 years","Cherokee","1451","2","73"
"50-59 years","Cherokee","1435","9","102"
"60-69 years","Cherokee","768","17","104"
"70-79 years","Cherokee","459","24","98"
"80 & Older years","Cherokee","288","57","106"
"<1 years","Cherokee","22","0","0"
"Unknown years","Cherokee","29","0","0"
"01-04 years","Clarke","69","0","0"
"05-09 years","Clarke","89","0","1"
"10-17 years","Clarke","263","0","4"
"18-29 years","Clarke","3754","0","17"
"30-39 years","Clarke","729","1","24"
"40-49 years","Clarke","546","1","28"
"50-59 years","Clarke","509","4","40"
"60-69 years","Clarke","346","12","62"
"70-79 years","Clarke","171","20","65"
"80 & Older years","Clarke","91","16","32"
"<1 years","Clarke","18","0","1"
"Unknown years","Clarke","9","0","0"
"01-04 years","Clay","1","0","0"
"05-09 years","Clay","2","0","0"
"10-17 years","Clay","10","0","0"
"18-29 years","Clay","22","0","0"
"30-39 years","Clay","21","0","1"
"40-49 years","Clay","19","0","0"
"50-59 years","Clay","16","0","1"
"60-69 years","Clay","16","1","2"
"70-79 years","Clay","7","0","0"
"80 & Older years","Clay","11","2","5"
"01-04 years","Clayton","148","0","5"
"05-09 years","Clayton","190","0","4"
"10-17 years","Clayton","516","0","14"
"18-29 years","Clayton","2196","3","64"
"30-39 years","Clayton","1866","6","94"
"40-49 years","Clayton","1598","18","120"
"50-59 years","Clayton","1498","27","167"
"60-69 years","Clayton","969","49","145"
"70-79 years","Clayton","420","41","92"
"80 & Older years","Clayton","228","50","56"
"<1 years","Clayton","29","0","1"
"Unknown years","Clayton","20","0","0"
"01-04 years","Clinch","9","0","0"
"05-09 years","Clinch","10","0","0"
"10-17 years","Clinch","58","0","0"
"18-29 years","Clinch","94","0","2"
"30-39 years","Clinch","67","1","4"
"40-49 years","Clinch","68","0","1"
"50-59 years","Clinch","65","0","8"
"60-69 years","Clinch","72","6","9"
"70-79 years","Clinch","31","6","10"
"80 & Older years","Clinch","13","0","2"
"<1 years","Clinch","1","0","0"
"Unknown years","Clinch","1","0","0"
"01-04 years","Cobb","266","1","10"
"05-09 years","Cobb","371","0","3"
"10-17 years","Cobb","1328","0","19"
"18-29 years","Cobb","7274","4","178"
"30-39 years","Cobb","4419","10","199"
"40-49 years","Cobb","4131","20","315"
"50-59 years","Cobb","3683","29","406"
"60-69 years","Cobb","2213","70","392"
"70-79 years","Cobb","1258","150","328"
"80 & Older years","Cobb","847","208","290"
"<1 years","Cobb","80","0","7"
"Unknown years","Cobb","80","0","2"
"01-04 years","Coffee","45","0","2"
"05-09 years","Coffee","46","0","3"
"10-17 years","Coffee","141","0","1"
"18-29 years","Coffee","502","0","11"
"30-39 years","Coffee","380","2","22"
"40-49 years","Coffee","418","2","51"
"50-59 years","Coffee","411","4","74"
"60-69 years","Coffee","358","18","87"
"70-79 years","Coffee","172","21","69"
"80 & Older years","Coffee","104","25","57"
"<1 years","Coffee","8","0","0"
"Unknown years","Coffee","1","0","0"
"01-04 years","Colquitt","31","0","0"
"05-09 years","Colquitt","49","0","1"
"10-17 years","Colquitt","193","0","4"
"18-29 years","Colquitt","512","0","16"
"30-39 years","Colquitt","362","0","16"
"40-49 years","Colquitt","350","4","31"
"50-59 years","Colquitt","305","10","29"
"60-69 years","Colquitt","211","9","30"
"70-79 years","Colquitt","113","6","31"
"80 & Older years","Colquitt","65","12","19"
"<1 years","Colquitt","8","0","0"
"Unknown years","Colquitt","4","0","0"
"01-04 years","Columbia","38","0","1"
"05-09 years","Columbia","94","0","0"
"10-17 years","Columbia","443","0","1"
"18-29 years","Columbia","1178","0","10"
"30-39 years","Columbia","905","2","13"
"40-49 years","Columbia","922","5","24"
"50-59 years","Columbia","787","10","48"
"60-69 years","Columbia","481","9","50"
"70-79 years","Columbia","258","21","38"
"80 & Older years","Columbia","150","24","39"
"<1 years","Columbia","15","0","1"
"Unknown years","Columbia","9","0","0"
"01-04 years","Cook","8","0","0"
"05-09 years","Cook","13","0","0"
"10-17 years","Cook","73","0","1"
"18-29 years","Cook","155","0","2"
"30-39 years","Cook","121","0","4"
"40-49 years","Cook","123","0","11"
"50-59 years","Cook","94","1","15"
"60-69 years","Cook","75","3","11"
"70-79 years","Cook","61","9","16"
"80 & Older years","Cook","20","3","7"
"<1 years","Cook","5","0","0"
"Unknown years","Cook","7","0","0"
"01-04 years","Coweta","43","0","0"
"05-09 years","Coweta","63","0","0"
"10-17 years","Coweta","224","0","0"
"18-29 years","Coweta","761","1","12"
"30-39 years","Coweta","532","0","16"
"40-49 years","Coweta","552","3","22"
"50-59 years","Coweta","625","7","34"
"60-69 years","Coweta","382","16","31"
"70-79 years","Coweta","217","16","35"
"80 & Older years","Coweta","137","25","25"
"<1 years","Coweta","11","0","0"
"Unknown years","Coweta","3","0","0"
"01-04 years","Crawford","1","0","0"
"05-09 years","Crawford","1","0","0"
"10-17 years","Crawford","11","0","0"
"18-29 years","Crawford","42","0","1"
"30-39 years","Crawford","30","0","2"
"40-49 years","Crawford","22","0","2"
"50-59 years","Crawford","52","1","7"
"60-69 years","Crawford","44","3","10"
"70-79 years","Crawford","11","2","3"
"80 & Older years","Crawford","7","0","3"
"01-04 years","Crisp","10","0","0"
"05-09 years","Crisp","10","0","0"
"10-17 years","Crisp","38","0","0"
"18-29 years","Crisp","118","0","7"
"30-39 years","Crisp","120","0","9"
"40-49 years","Crisp","105","1","9"
"50-59 years","Crisp","103","3","15"
"60-69 years","Crisp","109","8","21"
"70-79 years","Crisp","53","7","21"
"80 & Older years","Crisp","33","7","9"
"<1 years","Crisp","5","0","0"
"Unknown years","Crisp","12","0","0"
"01-04 years","Dade","2","0","0"
"05-09 years","Dade","13","0","0"
"10-17 years","Dade","44","0","0"
"18-29 years","Dade","95","0","1"
"30-39 years","Dade","64","0","1"
"40-49 years","Dade","83","0","4"
"50-59 years","Dade","79","1","6"
"60-69 years","Dade","55","0","2"
"70-79 years","Dade","36","5","9"
"80 & Older years","Dade","7","1","3"
"<1 years","Dade","4","0","0"
"Unknown years","Dade","9","0","1"
"01-04 years","Dawson","6","0","0"
"05-09 years","Dawson","13","0","0"
"10-17 years","Dawson","84","0","3"
"18-29 years","Dawson","250","0","8"
"30-39 years","Dawson","146","0","3"
"40-49 years","Dawson","141","0","13"
"50-59 years","Dawson","188","0","12"
"60-69 years","Dawson","144","1","30"
"70-79 years","Dawson","84","7","20"
"80 & Older years","Dawson","31","3","9"
"<1 years","Dawson","5","0","0"
"Unknown years","Dawson","10","0","2"
"01-04 years","DeKalb","313","0","9"
"05-09 years","DeKalb","418","0","4"
"10-17 years","DeKalb","1262","0","33"
"18-29 years","DeKalb","6252","7","248"
"30-39 years","DeKalb","5264","13","335"
"40-49 years","DeKalb","4127","21","363"
"50-59 years","DeKalb","3630","50","485"
"60-69 years","DeKalb","2213","93","486"
"70-79 years","DeKalb","1176","120","370"
"80 & Older years","DeKalb","695","130","240"
"<1 years","DeKalb","85","0","5"
"Unknown years","DeKalb","124","0","6"
"01-04 years","Decatur","31","0","1"
"05-09 years","Decatur","42","0","0"
"10-17 years","Decatur","112","0","0"
"18-29 years","Decatur","282","1","6"
"30-39 years","Decatur","213","1","7"
"40-49 years","Decatur","212","0","14"
"50-59 years","Decatur","182","4","22"
"60-69 years","Decatur","137","10","24"
"70-79 years","Decatur","83","15","17"
"80 & Older years","Decatur","80","10","15"
"<1 years","Decatur","6","0","0"
"01-04 years","Dodge","4","0","0"
"05-09 years","Dodge","13","0","0"
"10-17 years","Dodge","46","1","1"
"18-29 years","Dodge","107","0","0"
"30-39 years","Dodge","64","0","1"
"40-49 years","Dodge","117","1","10"
"50-59 years","Dodge","137","3","10"
"60-69 years","Dodge","112","8","18"
"70-79 years","Dodge","63","11","10"
"80 & Older years","Dodge","46","13","12"
"<1 years","Dodge","2","0","0"
"01-04 years","Dooly","8","0","0"
"05-09 years","Dooly","3","0","0"
"10-17 years","Dooly","17","0","0"
"18-29 years","Dooly","62","0","5"
"30-39 years","Dooly","58","0","7"
"40-49 years","Dooly","78","0","7"
"50-59 years","Dooly","72","4","11"
"60-69 years","Dooly","73","7","16"
"70-79 years","Dooly","33","4","10"
"80 & Older years","Dooly","15","3","3"
"<1 years","Dooly","1","0","0"
"Unknown years","Dooly","3","0","0"
"01-04 years","Dougherty","24","0","3"
"05-09 years","Dougherty","39","0","0"
"10-17 years","Dougherty","115","0","3"
"18-29 years","Dougherty","575","2","55"
"30-39 years","Dougherty","498","3","55"
"40-49 years","Dougherty","536","12","85"
"50-59 years","Dougherty","606","18","117"
"60-69 years","Dougherty","511","49","160"
"70-79 years","Dougherty","309","50","128"
"80 & Older years","Dougherty","189","64","82"
"<1 years","Dougherty","14","0","1"
"Unknown years","Dougherty","1","0","0"
"01-04 years","Douglas","54","0","1"
"05-09 years","Douglas","87","0","3"
"10-17 years","Douglas","279","0","3"
"18-29 years","Douglas","1049","0","37"
"30-39 years","Douglas","813","3","44"
"40-49 years","Douglas","927","4","74"
"50-59 years","Douglas","786","10","104"
"60-69 years","Douglas","453","15","103"
"70-79 years","Douglas","274","27","81"
"80 & Older years","Douglas","132","23","54"
"<1 years","Douglas","6","0","1"
"Unknown years","Douglas","28","0","0"
"01-04 years","Early","13","0","0"
"05-09 years","Early","13","0","0"
"10-17 years","Early","45","0","0"
"18-29 years","Early","99","0","3"
"30-39 years","Early","87","0","3"
"40-49 years","Early","104","1","7"
"50-59 years","Early","95","3","8"
"60-69 years","Early","73","10","10"
"70-79 years","Early","49","11","7"
"80 & Older years","Early","32","11","7"
"<1 years","Early","2","0","0"
"01-04 years","Echols","2","0","0"
"05-09 years","Echols","4","0","0"
"10-17 years","Echols","14","0","1"
"18-29 years","Echols","107","0","1"
"30-39 years","Echols","46","0","2"
"40-49 years","Echols","28","0","1"
"50-59 years","Echols","31","0","2"
"60-69 years","Echols","14","0","0"
"70-79 years","Echols","11","2","3"
"<1 years","Echols","1","0","0"
"01-04 years","Effingham","25","0","1"
"05-09 years","Effingham","46","0","0"
"10-17 years","Effingham","187","0","0"
"18-29 years","Effingham","416","0","2"
"30-39 years","Effingham","322","1","9"
"40-49 years","Effingham","346","0","16"
"50-59 years","Effingham","340","6","25"
"60-69 years","Effingham","205","3","29"
"70-79 years","Effingham","119","11","28"
"80 & Older years","Effingham","54","11","18"
"<1 years","Effingham","6","0","0"
"Unknown years","Effingham","4","0","1"
"01-04 years","Elbert","9","0","0"
"05-09 years","Elbert","17","0","0"
"10-17 years","Elbert","55","0","0"
"18-29 years","Elbert","170","0","0"
"30-39 years","Elbert","114","0","6"
"40-49 years","Elbert","131","0","7"
"50-59 years","Elbert","138","0","9"
"60-69 years","Elbert","114","0","14"
"70-79 years","Elbert","90","8","19"
"80 & Older years","Elbert","71","10","21"
"<1 years","Elbert","6","0","2"
"01-04 years","Emanuel","16","0","1"
"05-09 years","Emanuel","16","0","0"
"10-17 years","Emanuel","126","0","2"
"18-29 years","Emanuel","221","1","0"
"30-39 years","Emanuel","173","0","6"
"40-49 years","Emanuel","208","1","7"
"50-59 years","Emanuel","190","4","19"
"60-69 years","Emanuel","164","7","20"
"70-79 years","Emanuel","101","15","23"
"80 & Older years","Emanuel","48","15","15"
"<1 years","Emanuel","4","0","0"
"Unknown years","Emanuel","9","0","1"
"01-04 years","Evans","7","0","0"
"05-09 years","Evans","13","0","0"
"10-17 years","Evans","52","0","0"
"18-29 years","Evans","104","1","3"
"30-39 years","Evans","91","0","3"
"40-49 years","Evans","80","0","7"
"50-59 years","Evans","83","1","13"
"60-69 years","Evans","44","2","10"
"70-79 years","Evans","29","3","9"
"80 & Older years","Evans","14","1","2"
"<1 years","Evans","2","0","0"
"Unknown years","Evans","1","0","0"
"01-04 years","Fannin","6","0","0"
"05-09 years","Fannin","12","0","0"
"10-17 years","Fannin","51","0","0"
"18-29 years","Fannin","141","0","2"
"30-39 years","Fannin","99","0","4"
"40-49 years","Fannin","123","0","5"
"50-59 years","Fannin","159","4","10"
"60-69 years","Fannin","174","4","17"
"70-79 years","Fannin","123","1","19"
"80 & Older years","Fannin","76","21","26"
"<1 years","Fannin","3","0","0"
"Unknown years","Fannin","7","0","0"
"01-04 years","Fayette","22","0","0"
"05-09 years","Fayette","29","0","1"
"10-17 years","Fayette","173","0","1"
"18-29 years","Fayette","582","0","5"
"30-39 years","Fayette","298","0","6"
"40-49 years","Fayette","430","1","17"
"50-59 years","Fayette","441","3","27"
"60-69 years","Fayette","331","11","29"
"70-79 years","Fayette","181","21","37"
"80 & Older years","Fayette","102","24","27"
"<1 years","Fayette","2","0","0"
"Unknown years","Fayette","14","0","0"
"01-04 years","Floyd","63","0","1"
"05-09 years","Floyd","107","0","0"
"10-17 years","Floyd","490","0","7"
"18-29 years","Floyd","1058","0","13"
"30-39 years","Floyd","786","2","27"
"40-49 years","Floyd","759","1","39"
"50-59 years","Floyd","673","12","68"
"60-69 years","Floyd","477","18","89"
"70-79 years","Floyd","316","17","94"
"80 & Older years","Floyd","171","26","56"
"<1 years","Floyd","22","0","0"
"Unknown years","Floyd","53","0","2"
"01-04 years","Forsyth","60","0","1"
"05-09 years","Forsyth","134","0","0"
"10-17 years","Forsyth","548","0","1"
"18-29 years","Forsyth","1427","0","30"
"30-39 years","Forsyth","842","0","35"
"40-49 years","Forsyth","1016","2","61"
"50-59 years","Forsyth","961","8","75"
"60-69 years","Forsyth","497","6","71"
"70-79 years","Forsyth","293","20","87"
"80 & Older years","Forsyth","173","25","64"
"<1 years","Forsyth","20","0","2"
"Unknown years","Forsyth","52","0","0"
"01-04 years","Franklin","7","0","0"
"05-09 years","Franklin","22","0","0"
"10-17 years","Franklin","97","0","4"
"18-29 years","Franklin","232","0","4"
"30-39 years","Franklin","161","0","2"
"40-49 years","Franklin","171","0","10"
"50-59 years","Franklin","183","0","14"
"60-69 years","Franklin","141","2","17"
"70-79 years","Franklin","78","9","17"
"80 & Older years","Franklin","41","8","14"
"<1 years","Franklin","3","0","1"
"Unknown years","Franklin","20","0","2"
"01-04 years","Fulton","354","0","12"
"05-09 years","Fulton","530","0","7"
"10-17 years","Fulton","1833","1","27"
"18-29 years","Fulton","10882","4","231"
"30-39 years","Fulton","7304","12","339"
"40-49 years","Fulton","5486","27","395"
"50-59 years","Fulton","4672","57","532"
"60-69 years","Fulton","2801","117","493"
"70-79 years","Fulton","1548","162","421"
"80 & Older years","Fulton","1180","281","401"
"<1 years","Fulton","99","0","4"
"Unknown years","Fulton","104","0","5"
"01-04 years","Gilmer","19","0","1"
"05-09 years","Gilmer","15","0","0"
"10-17 years","Gilmer","88","0","2"
"18-29 years","Gilmer","174","0","8"
"30-39 years","Gilmer","163","0","10"
"40-49 years","Gilmer","179","0","10"
"50-59 years","Gilmer","174","4","11"
"60-69 years","Gilmer","176","1","22"
"70-79 years","Gilmer","115","8","22"
"80 & Older years","Gilmer","72","16","19"
"<1 years","Gilmer","7","0","0"
"Unknown years","Gilmer","14","0","0"
"01-04 years","Glascock","1","0","0"
"05-09 years","Glascock","2","0","0"
"18-29 years","Glascock","11","0","0"
"30-39 years","Glascock","7","0","0"
"40-49 years","Glascock","11","0","0"
"50-59 years","Glascock","17","1","2"
"60-69 years","Glascock","8","0","0"
"80 & Older years","Glascock","5","1","3"
"<1 years","Glascock","1","0","0"
"01-04 years","Glynn","55","0","1"
"05-09 years","Glynn","110","0","1"
"10-17 years","Glynn","269","0","0"
"18-29 years","Glynn","938","0","16"
"30-39 years","Glynn","677","2","22"
"40-49 years","Glynn","557","3","28"
"50-59 years","Glynn","545","8","58"
"60-69 years","Glynn","457","22","89"
"70-79 years","Glynn","283","30","60"
"80 & Older years","Glynn","187","45","69"
"<1 years","Glynn","14","0","0"
"Unknown years","Glynn","26","0","0"
"01-04 years","Gordon","41","0","0"
"05-09 years","Gordon","51","0","0"
"10-17 years","Gordon","240","0","2"
"18-29 years","Gordon","630","0","8"
"30-39 years","Gordon","484","1","17"
"40-49 years","Gordon","518","1","17"
"50-59 years","Gordon","469","6","22"
"60-69 years","Gordon","294","9","22"
"70-79 years","Gordon","178","16","41"
"80 & Older years","Gordon","115","21","34"
"<1 years","Gordon","9","0","1"
"Unknown years","Gordon","5","0","0"
"01-04 years","Grady","16","0","1"
"05-09 years","Grady","26","0","0"
"10-17 years","Grady","81","0","2"
"18-29 years","Grady","152","0","8"
"30-39 years","Grady","147","0","5"
"40-49 years","Grady","146","0","18"
"50-59 years","Grady","124","4","17"
"60-69 years","Grady","93","3","18"
"70-79 years","Grady","83","8","24"
"80 & Older years","Grady","34","12","13"
"<1 years","Grady","3","0","1"
"Unknown years","Grady","4","0","0"
"01-04 years","Greene","8","0","0"
"05-09 years","Greene","20","0","0"
"10-17 years","Greene","40","0","0"
"18-29 years","Greene","144","0","5"
"30-39 years","Greene","88","0","5"
"40-49 years","Greene","76","3","7"
"50-59 years","Greene","80","3","7"
"60-69 years","Greene","78","2","9"
"70-79 years","Greene","61","5","13"
"80 & Older years","Greene","37","13","16"
"<1 years","Greene","2","0","1"
"Unknown years","Greene","4","0","0"
"01-04 years","Gwinnett","534","0","11"
"05-09 years","Gwinnett","768","0","11"
"10-17 years","Gwinnett","2443","1","44"
"18-29 years","Gwinnett","8982","1","359"
"30-39 years","Gwinnett","6269","11","390"
"40-49 years","Gwinnett","6605","34","513"
"50-59 years","Gwinnett","5280","56","543"
"60-69 years","Gwinnett","2828","95","516"
"70-79 years","Gwinnett","1242","101","362"
"80 & Older years","Gwinnett","801","189","358"
"<1 years","Gwinnett","133","0","4"
"Unknown years","Gwinnett","70","0","0"
"01-04 years","Habersham","16","0","2"
"05-09 years","Habersham","21","0","0"
"10-17 years","Habersham","120","1","5"
"18-29 years","Habersham","464","0","8"
"30-39 years","Habersham","315","2","20"
"40-49 years","Habersham","340","1","24"
"50-59 years","Habersham","354","4","31"
"60-69 years","Habersham","258","9","66"
"70-79 years","Habersham","184","18","55"
"80 & Older years","Habersham","154","45","47"
"<1 years","Habersham","4","0","1"
"Unknown years","Habersham","27","0","1"
"01-04 years","Hall","87","0","3"
"05-09 years","Hall","198","0","1"
"10-17 years","Hall","813","0","14"
"18-29 years","Hall","2834","3","105"
"30-39 years","Hall","1827","1","104"
"40-49 years","Hall","1908","7","165"
"50-59 years","Hall","1935","17","225"
"60-69 years","Hall","1183","37","215"
"70-79 years","Hall","739","43","203"
"80 & Older years","Hall","467","83","192"
"<1 years","Hall","18","0","5"
"Unknown years","Hall","196","0","7"
"01-04 years","Hancock","3","0","0"
"05-09 years","Hancock","3","0","0"
"10-17 years","Hancock","16","0","0"
"18-29 years","Hancock","56","0","2"
"30-39 years","Hancock","53","0","2"
"40-49 years","Hancock","70","1","4"
"50-59 years","Hancock","79","3","11"
"60-69 years","Hancock","97","13","20"
"70-79 years","Hancock","54","12","15"
"80 & Older years","Hancock","43","17","17"
"<1 years","Hancock","1","0","0"
"01-04 years","Haralson","10","0","0"
"05-09 years","Haralson","19","0","0"
"10-17 years","Haralson","81","0","1"
"18-29 years","Haralson","188","0","1"
"30-39 years","Haralson","129","0","2"
"40-49 years","Haralson","115","1","4"
"50-59 years","Haralson","118","0","1"
"60-69 years","Haralson","105","7","15"
"70-79 years","Haralson","63","9","14"
"80 & Older years","Haralson","33","3","3"
"<1 years","Haralson","5","0","0"
"Unknown years","Haralson","1","0","0"
"01-04 years","Harris","12","0","0"
"05-09 years","Harris","10","0","0"
"10-17 years","Harris","79","0","2"
"18-29 years","Harris","149","0","2"
"30-39 years","Harris","103","0","5"
"40-49 years","Harris","156","2","7"
"50-59 years","Harris","169","4","16"
"60-69 years","Harris","156","10","38"
"70-79 years","Harris","79","8","22"
"80 & Older years","Harris","27","4","6"
"<1 years","Harris","2","0","0"
"Unknown years","Harris","5","0","0"
"01-04 years","Hart","8","0","0"
"05-09 years","Hart","12","0","1"
"10-17 years","Hart","34","0","0"
"18-29 years","Hart","128","0","0"
"30-39 years","Hart","96","0","4"
"40-49 years","Hart","102","0","6"
"50-59 years","Hart","134","1","13"
"60-69 years","Hart","98","8","23"
"70-79 years","Hart","53","4","10"
"80 & Older years","Hart","43","7","21"
"<1 years","Hart","3","0","1"
"01-04 years","Heard","3","0","0"
"05-09 years","Heard","9","0","0"
"10-17 years","Heard","26","0","1"
"18-29 years","Heard","53","0","0"
"30-39 years","Heard","29","0","1"
"40-49 years","Heard","48","0","2"
"50-59 years","Heard","43","0","3"
"60-69 years","Heard","38","2","5"
"70-79 years","Heard","24","3","5"
"80 & Older years","Heard","8","2","2"
"<1 years","Heard","1","0","0"
"Unknown years","Heard","1","0","0"
"01-04 years","Henry","66","0","2"
"05-09 years","Henry","124","0","1"
"10-17 years","Henry","437","0","3"
"18-29 years","Henry","1646","1","21"
"30-39 years","Henry","1289","3","31"
"40-49 years","Henry","1417","7","61"
"50-59 years","Henry","1275","12","80"
"60-69 years","Henry","669","26","52"
"70-79 years","Henry","347","37","50"
"80 & Older years","Henry","189","42","33"
"<1 years","Henry","15","0","2"
"Unknown years","Henry","9","0","0"
"01-04 years","Houston","42","0","1"
"05-09 years","Houston","69","0","1"
"10-17 years","Houston","239","0","3"
"18-29 years","Houston","950","3","21"
"30-39 years","Houston","784","1","39"
"40-49 years","Houston","741","2","63"
"50-59 years","Houston","641","9","74"
"60-69 years","Houston","415","26","84"
"70-79 years","Houston","239","36","86"
"80 & Older years","Houston","115","27","47"
"<1 years","Houston","11","0","1"
"Unknown years","Houston","1","0","0"
"01-04 years","Irwin","3","0","0"
"05-09 years","Irwin","7","0","0"
"10-17 years","Irwin","35","0","0"
"18-29 years","Irwin","69","0","3"
"30-39 years","Irwin","62","0","4"
"40-49 years","Irwin","77","0","4"
"50-59 years","Irwin","63","1","5"
"60-69 years","Irwin","48","1","13"
"70-79 years","Irwin","23","3","3"
"80 & Older years","Irwin","22","6","10"
"01-04 years","Jackson","16","0","0"
"05-09 years","Jackson","65","0","0"
"10-17 years","Jackson","284","0","1"
"18-29 years","Jackson","611","0","10"
"30-39 years","Jackson","461","1","12"
"40-49 years","Jackson","492","1","38"
"50-59 years","Jackson","498","4","37"
"60-69 years","Jackson","283","5","34"
"70-79 years","Jackson","219","16","60"
"80 & Older years","Jackson","127","24","58"
"<1 years","Jackson","7","0","2"
"Unknown years","Jackson","11","0","1"
"05-09 years","Jasper","4","0","0"
"10-17 years","Jasper","11","0","0"
"18-29 years","Jasper","57","0","1"
"30-39 years","Jasper","42","0","0"
"40-49 years","Jasper","36","0","1"
"50-59 years","Jasper","59","0","8"
"60-69 years","Jasper","38","3","8"
"70-79 years","Jasper","19","1","4"
"80 & Older years","Jasper","6","0","0"
"<1 years","Jasper","2","0","0"
"01-04 years","Jeff Davis","21","0","1"
"05-09 years","Jeff Davis","22","0","0"
"10-17 years","Jeff Davis","64","0","2"
"18-29 years","Jeff Davis","167","0","3"
"30-39 years","Jeff Davis","140","0","7"
"40-49 years","Jeff Davis","136","0","11"
"50-59 years","Jeff Davis","122","4","11"
"60-69 years","Jeff Davis","88","6","18"
"70-79 years","Jeff Davis","54","12","16"
"80 & Older years","Jeff Davis","15","6","6"
"<1 years","Jeff Davis","2","0","1"
"Unknown years","Jeff Davis","2","0","0"
"01-04 years","Jefferson","16","0","0"
"05-09 years","Jefferson","23","0","0"
"10-17 years","Jefferson","59","0","0"
"18-29 years","Jefferson","159","0","3"
"30-39 years","Jefferson","117","0","6"
"40-49 years","Jefferson","130","3","9"
"50-59 years","Jefferson","164","2","16"
"60-69 years","Jefferson","130","7","19"
"70-79 years","Jefferson","94","13","22"
"80 & Older years","Jefferson","43","13","19"
"<1 years","Jefferson","4","0","0"
"Unknown years","Jefferson","4","0","0"
"01-04 years","Jenkins","6","0","0"
"05-09 years","Jenkins","10","0","0"
"10-17 years","Jenkins","40","0","0"
"18-29 years","Jenkins","79","0","2"
"30-39 years","Jenkins","47","1","4"
"40-49 years","Jenkins","74","2","8"
"50-59 years","Jenkins","81","6","14"
"60-69 years","Jenkins","62","5","11"
"70-79 years","Jenkins","41","12","20"
"80 & Older years","Jenkins","44","8","10"
"<1 years","Jenkins","2","0","0"
"01-04 years","Johnson","4","0","0"
"05-09 years","Johnson","5","0","0"
"10-17 years","Johnson","14","0","0"
"18-29 years","Johnson","75","0","2"
"30-39 years","Johnson","47","0","3"
"40-49 years","Johnson","58","1","6"
"50-59 years","Johnson","74","1","12"
"60-69 years","Johnson","76","7","16"
"70-79 years","Johnson","54","6","16"
"80 & Older years","Johnson","55","13","14"
"Unknown years","Johnson","2","0","0"
"01-04 years","Jones","2","0","0"
"05-09 years","Jones","9","0","0"
"10-17 years","Jones","32","0","0"
"18-29 years","Jones","191","0","4"
"30-39 years","Jones","107","0","3"
"40-49 years","Jones","107","1","3"
"50-59 years","Jones","122","1","11"
"60-69 years","Jones","80","1","14"
"70-79 years","Jones","45","7","17"
"80 & Older years","Jones","38","10","8"
"<1 years","Jones","1","0","0"
"01-04 years","Lamar","11","0","0"
"05-09 years","Lamar","23","0","0"
"10-17 years","Lamar","43","0","1"
"18-29 years","Lamar","81","0","1"
"30-39 years","Lamar","68","0","2"
"40-49 years","Lamar","70","1","2"
"50-59 years","Lamar","77","1","11"
"60-69 years","Lamar","72","3","11"
"70-79 years","Lamar","56","5","11"
"80 & Older years","Lamar","33","13","12"
"<1 years","Lamar","5","0","0"
"01-04 years","Lanier","5","0","0"
"05-09 years","Lanier","8","0","1"
"10-17 years","Lanier","21","0","1"
"18-29 years","Lanier","75","1","0"
"30-39 years","Lanier","86","0","1"
"40-49 years","Lanier","44","1","1"
"50-59 years","Lanier","44","0","3"
"60-69 years","Lanier","27","1","1"
"70-79 years","Lanier","14","4","4"
"80 & Older years","Lanier","10","0","4"
"<1 years","Lanier","3","0","0"
"01-04 years","Laurens","15","0","0"
"05-09 years","Laurens","19","0","0"
"10-17 years","Laurens","138","0","2"
"18-29 years","Laurens","394","0","6"
"30-39 years","Laurens","308","0","9"
"40-49 years","Laurens","318","3","18"
"50-59 years","Laurens","362","6","34"
"60-69 years","Laurens","300","23","49"
"70-79 years","Laurens","210","36","47"
"80 & Older years","Laurens","131","39","30"
"<1 years","Laurens","5","0","0"
"Unknown years","Laurens","3","0","0"
"01-04 years","Lee","7","0","0"
"05-09 years","Lee","11","0","2"
"10-17 years","Lee","54","0","1"
"18-29 years","Lee","135","1","7"
"30-39 years","Lee","154","1","13"
"40-49 years","Lee","148","3","17"
"50-59 years","Lee","141","6","26"
"60-69 years","Lee","90","7","16"
"70-79 years","Lee","46","9","18"
"80 & Older years","Lee","21","5","10"
"<1 years","Lee","3","0","0"
"01-04 years","Liberty","13","0","0"
"05-09 years","Liberty","25","0","1"
"10-17 years","Liberty","91","0","1"
"18-29 years","Liberty","371","1","10"
"30-39 years","Liberty","259","0","9"
"40-49 years","Liberty","238","0","11"
"50-59 years","Liberty","193","4","26"
"60-69 years","Liberty","155","8","27"
"70-79 years","Liberty","63","9","25"
"80 & Older years","Liberty","38","7","15"
"<1 years","Liberty","13","0","1"
"Unknown years","Liberty","4","0","0"
"01-04 years","Lincoln","4","0","0"
"05-09 years","Lincoln","8","0","0"
"10-17 years","Lincoln","14","0","0"
"18-29 years","Lincoln","55","0","2"
"30-39 years","Lincoln","36","0","1"
"40-49 years","Lincoln","49","0","5"
"50-59 years","Lincoln","35","0","3"
"60-69 years","Lincoln","38","2","9"
"70-79 years","Lincoln","26","1","7"
"80 & Older years","Lincoln","11","5","5"
"<1 years","Lincoln","2","0","0"
"01-04 years","Long","11","0","0"
"05-09 years","Long","3","0","0"
"10-17 years","Long","20","0","0"
"18-29 years","Long","59","0","0"
"30-39 years","Long","74","0","0"
"40-49 years","Long","43","0","2"
"50-59 years","Long","42","1","5"
"60-69 years","Long","33","1","3"
"70-79 years","Long","15","3","5"
"80 & Older years","Long","5","0","3"
"<1 years","Long","3","0","0"
"Unknown years","Long","1","0","0"
"01-04 years","Lowndes","77","0","0"
"05-09 years","Lowndes","111","0","0"
"10-17 years","Lowndes","406","0","5"
"18-29 years","Lowndes","1659","3","23"
"30-39 years","Lowndes","788","0","14"
"40-49 years","Lowndes","698","1","31"
"50-59 years","Lowndes","585","6","38"
"60-69 years","Lowndes","420","18","47"
"70-79 years","Lowndes","223","30","35"
"80 & Older years","Lowndes","132","36","37"
"<1 years","Lowndes","17","0","0"
"Unknown years","Lowndes","24","0","0"
"01-04 years","Lumpkin","6","0","0"
"05-09 years","Lumpkin","15","0","0"
"10-17 years","Lumpkin","61","0","2"
"18-29 years","Lumpkin","349","0","5"
"30-39 years","Lumpkin","138","0","5"
"40-49 years","Lumpkin","149","0","10"
"50-59 years","Lumpkin","169","2","19"
"60-69 years","Lumpkin","178","6","26"
"70-79 years","Lumpkin","126","5","30"
"80 & Older years","Lumpkin","47","6","22"
"<1 years","Lumpkin","3","0","1"
"Unknown years","Lumpkin","14","0","0"
"01-04 years","Macon","6","0","0"
"05-09 years","Macon","6","0","0"
"10-17 years","Macon","12","0","0"
"18-29 years","Macon","46","0","3"
"30-39 years","Macon","34","0","3"
"40-49 years","Macon","51","1","6"
"50-59 years","Macon","60","3","10"
"60-69 years","Macon","32","5","17"
"70-79 years","Macon","28","1","11"
"80 & Older years","Macon","12","4","6"
"<1 years","Macon","1","0","0"
"Unknown years","Macon","3","0","0"
"01-04 years","Madison","14","0","0"
"05-09 years","Madison","15","0","0"
"10-17 years","Madison","90","0","0"
"18-29 years","Madison","176","0","1"
"30-39 years","Madison","157","0","5"
"40-49 years","Madison","167","0","9"
"50-59 years","Madison","176","1","17"
"60-69 years","Madison","106","4","18"
"70-79 years","Madison","57","6","20"
"80 & Older years","Madison","20","2","2"
"<1 years","Madison","9","0","2"
"Unknown years","Madison","2","0","0"
"01-04 years","Marion","3","0","0"
"05-09 years","Marion","4","0","0"
"10-17 years","Marion","16","0","0"
"18-29 years","Marion","37","0","0"
"30-39 years","Marion","23","0","2"
"40-49 years","Marion","36","1","5"
"50-59 years","Marion","34","3","5"
"60-69 years","Marion","28","3","3"
"70-79 years","Marion","19","1","3"
"80 & Older years","Marion","18","2","6"
"<1 years","Marion","1","0","0"
"01-04 years","McDuffie","5","0","0"
"05-09 years","McDuffie","8","0","0"
"10-17 years","McDuffie","43","0","0"
"18-29 years","McDuffie","167","0","3"
"30-39 years","McDuffie","113","1","2"
"40-49 years","McDuffie","129","2","10"
"50-59 years","McDuffie","132","2","16"
"60-69 years","McDuffie","100","4","15"
"70-79 years","McDuffie","65","7","27"
"80 & Older years","McDuffie","21","4","12"
"Unknown years","McDuffie","1","0","0"
"05-09 years","McIntosh","3","0","0"
"10-17 years","McIntosh","21","0","0"
"18-29 years","McIntosh","67","0","2"
"30-39 years","McIntosh","50","0","3"
"40-49 years","McIntosh","54","0","3"
"50-59 years","McIntosh","58","0","2"
"60-69 years","McIntosh","48","2","13"
"70-79 years","McIntosh","40","3","11"
"80 & Older years","McIntosh","10","3","3"
"<1 years","McIntosh","1","0","0"
"Unknown years","McIntosh","5","0","0"
"01-04 years","Meriwether","10","0","1"
"05-09 years","Meriwether","12","0","1"
"10-17 years","Meriwether","22","0","0"
"18-29 years","Meriwether","100","0","4"
"30-39 years","Meriwether","93","2","11"
"40-49 years","Meriwether","126","1","12"
"50-59 years","Meriwether","93","1","13"
"60-69 years","Meriwether","81","3","16"
"70-79 years","Meriwether","58","5","18"
"80 & Older years","Meriwether","36","7","9"
"<1 years","Meriwether","2","0","0"
"01-04 years","Miller","3","0","0"
"05-09 years","Miller","3","0","0"
"10-17 years","Miller","32","0","1"
"18-29 years","Miller","59","0","0"
"30-39 years","Miller","57","0","0"
"40-49 years","Miller","48","0","3"
"50-59 years","Miller","74","0","9"
"60-69 years","Miller","43","2","3"
"70-79 years","Miller","14","0","1"
"80 & Older years","Miller","10","0","3"
"<1 years","Miller","3","0","0"
"01-04 years","Mitchell","5","0","0"
"05-09 years","Mitchell","13","0","0"
"10-17 years","Mitchell","47","0","1"
"18-29 years","Mitchell","136","0","6"
"30-39 years","Mitchell","124","1","12"
"40-49 years","Mitchell","134","2","13"
"50-59 years","Mitchell","166","7","42"
"60-69 years","Mitchell","134","12","38"
"70-79 years","Mitchell","71","8","25"
"80 & Older years","Mitchell","56","18","20"
"<1 years","Mitchell","1","0","0"
"Unknown years","Mitchell","2","0","1"
"01-04 years","Monroe","5","0","0"
"05-09 years","Monroe","8","0","1"
"10-17 years","Monroe","44","0","0"
"18-29 years","Monroe","148","0","1"
"30-39 years","Monroe","97","0","4"
"40-49 years","Monroe","127","1","9"
"50-59 years","Monroe","153","3","14"
"60-69 years","Monroe","134","9","26"
"70-79 years","Monroe","85","14","21"
"80 & Older years","Monroe","87","32","20"
"<1 years","Monroe","3","0","1"
"01-04 years","Montgomery","6","0","0"
"05-09 years","Montgomery","3","0","0"
"10-17 years","Montgomery","23","0","1"
"18-29 years","Montgomery","97","0","0"
"30-39 years","Montgomery","56","1","3"
"40-49 years","Montgomery","75","0","2"
"50-59 years","Montgomery","51","1","5"
"60-69 years","Montgomery","45","3","9"
"70-79 years","Montgomery","23","2","5"
"80 & Older years","Montgomery","10","2","2"
"<1 years","Montgomery","1","0","0"
"01-04 years","Morgan","14","0","0"
"05-09 years","Morgan","9","0","0"
"10-17 years","Morgan","47","0","0"
"18-29 years","Morgan","118","0","2"
"30-39 years","Morgan","76","0","5"
"40-49 years","Morgan","82","0","3"
"50-59 years","Morgan","98","0","9"
"60-69 years","Morgan","72","1","6"
"70-79 years","Morgan","31","1","10"
"80 & Older years","Morgan","28","5","12"
"<1 years","Morgan","5","0","0"
"Unknown years","Morgan","1","0","0"
"01-04 years","Murray","24","0","2"
"05-09 years","Murray","23","0","1"
"10-17 years","Murray","147","0","1"
"18-29 years","Murray","384","0","3"
"30-39 years","Murray","240","0","3"
"40-49 years","Murray","284","0","13"
"50-59 years","Murray","261","3","17"
"60-69 years","Murray","171","1","24"
"70-79 years","Murray","105","10","25"
"80 & Older years","Murray","50","9","8"
"<1 years","Murray","10","0","2"
"Unknown years","Murray","6","0","0"
"01-04 years","Muscogee","110","0","5"
"05-09 years","Muscogee","142","0","0"
"10-17 years","Muscogee","355","0","3"
"18-29 years","Muscogee","1776","3","40"
"30-39 years","Muscogee","1112","2","60"
"40-49 years","Muscogee","959","3","68"
"50-59 years","Muscogee","958","25","140"
"60-69 years","Muscogee","760","44","180"
"70-79 years","Muscogee","406","51","124"
"80 & Older years","Muscogee","233","57","104"
"<1 years","Muscogee","37","0","2"
"Unknown years","Muscogee","17","0","0"
"01-04 years","Newton","41","0","2"
"05-09 years","Newton","46","0","0"
"10-17 years","Newton","164","0","1"
"18-29 years","Newton","663","1","22"
"30-39 years","Newton","532","0","37"
"40-49 years","Newton","627","1","59"
"50-59 years","Newton","570","7","70"
"60-69 years","Newton","297","17","55"
"70-79 years","Newton","212","30","52"
"80 & Older years","Newton","174","50","47"
"<1 years","Newton","13","0","1"
"Unknown years","Newton","3","0","0"
"01-04 years","Non-GA Resident/Unknown State","169","0","1"
"05-09 years","Non-GA Resident/Unknown State","270","0","4"
"10-17 years","Non-GA Resident/Unknown State","940","0","7"
"18-29 years","Non-GA Resident/Unknown State","4340","4","48"
"30-39 years","Non-GA Resident/Unknown State","2722","3","55"
"40-49 years","Non-GA Resident/Unknown State","2314","6","60"
"50-59 years","Non-GA Resident/Unknown State","2079","22","126"
"60-69 years","Non-GA Resident/Unknown State","1407","54","158"
"70-79 years","Non-GA Resident/Unknown State","834","60","148"
"80 & Older years","Non-GA Resident/Unknown State","484","61","115"
"<1 years","Non-GA Resident/Unknown State","94","0","2"
"Unknown years","Non-GA Resident/Unknown State","521","0","5"
"01-04 years","Oconee","6","0","0"
"05-09 years","Oconee","15","0","0"
"10-17 years","Oconee","70","0","0"
"18-29 years","Oconee","263","0","3"
"30-39 years","Oconee","113","0","2"
"40-49 years","Oconee","156","0","10"
"50-59 years","Oconee","153","2","5"
"60-69 years","Oconee","105","9","18"
"70-79 years","Oconee","67","9","16"
"80 & Older years","Oconee","54","15","25"
"<1 years","Oconee","2","0","0"
"01-04 years","Oglethorpe","7","0","0"
"05-09 years","Oglethorpe","13","0","0"
"10-17 years","Oglethorpe","43","0","0"
"18-29 years","Oglethorpe","93","0","1"
"30-39 years","Oglethorpe","53","0","0"
"40-49 years","Oglethorpe","70","0","4"
"50-59 years","Oglethorpe","65","1","12"
"60-69 years","Oglethorpe","62","0","10"
"70-79 years","Oglethorpe","42","3","10"
"80 & Older years","Oglethorpe","39","9","12"
"<1 years","Oglethorpe","4","0","0"
"01-04 years","Paulding","49","0","1"
"05-09 years","Paulding","88","0","0"
"10-17 years","Paulding","334","0","5"
"18-29 years","Paulding","840","0","10"
"30-39 years","Paulding","620","1","15"
"40-49 years","Paulding","684","3","15"
"50-59 years","Paulding","637","9","35"
"60-69 years","Paulding","337","11","35"
"70-79 years","Paulding","205","21","42"
"80 & Older years","Paulding","141","29","20"
"<1 years","Paulding","9","0","0"
"Unknown years","Paulding","14","0","0"
"01-04 years","Peach","8","0","0"
"05-09 years","Peach","14","0","0"
"10-17 years","Peach","33","0","0"
"18-29 years","Peach","205","1","7"
"30-39 years","Peach","167","0","11"
"40-49 years","Peach","126","2","8"
"50-59 years","Peach","147","3","24"
"60-69 years","Peach","131","7","30"
"70-79 years","Peach","56","6","18"
"80 & Older years","Peach","34","9","14"
"<1 years","Peach","4","0","0"
"Unknown years","Peach","3","0","0"
"01-04 years","Pickens","15","0","1"
"05-09 years","Pickens","16","0","0"
"10-17 years","Pickens","50","0","0"
"18-29 years","Pickens","173","0","5"
"30-39 years","Pickens","132","0","5"
"40-49 years","Pickens","173","0","8"
"50-59 years","Pickens","178","0","12"
"60-69 years","Pickens","141","0","13"
"70-79 years","Pickens","85","6","21"
"80 & Older years","Pickens","37","7","11"
"<1 years","Pickens","1","0","0"
"Unknown years","Pickens","2","0","0"
"01-04 years","Pierce","6","0","0"
"05-09 years","Pierce","11","0","0"
"10-17 years","Pierce","53","1","1"
"18-29 years","Pierce","145","0","4"
"30-39 years","Pierce","91","0","3"
"40-49 years","Pierce","127","0","11"
"50-59 years","Pierce","109","3","10"
"60-69 years","Pierce","91","8","27"
"70-79 years","Pierce","63","6","21"
"80 & Older years","Pierce","36","8","10"
"<1 years","Pierce","4","0","1"
"Unknown years","Pierce","1","0","0"
"01-04 years","Pike","12","0","0"
"05-09 years","Pike","9","0","0"
"10-17 years","Pike","43","0","0"
"18-29 years","Pike","75","0","2"
"30-39 years","Pike","58","0","2"
"40-49 years","Pike","86","1","5"
"50-59 years","Pike","63","2","6"
"60-69 years","Pike","52","1","10"
"70-79 years","Pike","45","5","9"
"80 & Older years","Pike","13","3","4"
"<1 years","Pike","1","0","0"
"Unknown years","Pike","2","0","0"
"01-04 years","Polk","23","0","1"
"05-09 years","Polk","37","0","0"
"10-17 years","Polk","169","0","1"
"18-29 years","Polk","438","0","4"
"30-39 years","Polk","291","0","6"
"40-49 years","Polk","323","1","25"
"50-59 years","Polk","300","4","38"
"60-69 years","Polk","159","9","35"
"70-79 years","Polk","141","9","31"
"80 & Older years","Polk","72","10","24"
"<1 years","Polk","5","0","0"
"Unknown years","Polk","23","0","1"
"05-09 years","Pulaski","5","0","0"
"10-17 years","Pulaski","21","0","1"
"18-29 years","Pulaski","44","0","1"
"30-39 years","Pulaski","51","0","2"
"40-49 years","Pulaski","49","0","5"
"50-59 years","Pulaski","69","0","6"
"60-69 years","Pulaski","63","5","8"
"70-79 years","Pulaski","36","11","13"
"80 & Older years","Pulaski","32","8","4"
"<1 years","Pulaski","1","0","0"
"Unknown years","Pulaski","2","0","0"
"01-04 years","Putnam","11","0","0"
"05-09 years","Putnam","32","0","0"
"10-17 years","Putnam","56","0","1"
"18-29 years","Putnam","161","0","2"
"30-39 years","Putnam","106","0","4"
"40-49 years","Putnam","121","1","3"
"50-59 years","Putnam","143","2","10"
"60-69 years","Putnam","124","8","18"
"70-79 years","Putnam","85","9","22"
"80 & Older years","Putnam","51","10","16"
"<1 years","Putnam","5","0","0"
"01-04 years","Quitman","1","0","0"
"10-17 years","Quitman","2","0","0"
"18-29 years","Quitman","6","0","0"
"30-39 years","Quitman","4","0","1"
"40-49 years","Quitman","3","0","1"
"50-59 years","Quitman","6","0","0"
"60-69 years","Quitman","18","1","3"
"70-79 years","Quitman","2","0","1"
"80 & Older years","Quitman","2","0","1"
"01-04 years","Rabun","5","0","0"
"05-09 years","Rabun","6","0","0"
"10-17 years","Rabun","43","0","0"
"18-29 years","Rabun","103","0","5"
"30-39 years","Rabun","88","1","5"
"40-49 years","Rabun","67","0","4"
"50-59 years","Rabun","79","0","8"
"60-69 years","Rabun","90","1","17"
"70-79 years","Rabun","49","4","16"
"80 & Older years","Rabun","31","5","11"
"<1 years","Rabun","2","0","1"
"Unknown years","Rabun","4","0","0"
"05-09 years","Randolph","2","0","0"
"10-17 years","Randolph","4","0","0"
"18-29 years","Randolph","42","0","0"
"30-39 years","Randolph","51","2","3"
"40-49 years","Randolph","39","0","3"
"50-59 years","Randolph","75","3","15"
"60-69 years","Randolph","52","7","13"
"70-79 years","Randolph","32","3","10"
"80 & Older years","Randolph","46","15","16"
"<1 years","Randolph","1","0","0"
"Unknown years","Randolph","2","0","0"
"01-04 years","Richmond","90","0","0"
"05-09 years","Richmond","179","0","3"
"10-17 years","Richmond","554","0","4"
"18-29 years","Richmond","2244","3","27"
"30-39 years","Richmond","1635","3","48"
"40-49 years","Richmond","1382","14","70"
"50-59 years","Richmond","1342","17","113"
"60-69 years","Richmond","951","33","128"
"70-79 years","Richmond","533","41","139"
"80 & Older years","Richmond","360","84","162"
"<1 years","Richmond","40","0","2"
"Unknown years","Richmond","15","0","0"
"01-04 years","Rockdale","30","0","0"
"05-09 years","Rockdale","50","0","0"
"10-17 years","Rockdale","134","0","2"
"18-29 years","Rockdale","530","2","31"
"30-39 years","Rockdale","414","2","45"
"40-49 years","Rockdale","446","4","54"
"50-59 years","Rockdale","457","5","66"
"60-69 years","Rockdale","257","12","73"
"70-79 years","Rockdale","133","15","54"
"80 & Older years","Rockdale","68","12","26"
"<1 years","Rockdale","3","0","0"
"Unknown years","Rockdale","1","0","0"
"01-04 years","Schley","4","0","0"
"05-09 years","Schley","3","0","0"
"10-17 years","Schley","11","0","0"
"18-29 years","Schley","32","0","2"
"30-39 years","Schley","10","0","0"
"40-49 years","Schley","15","0","2"
"50-59 years","Schley","20","0","3"
"60-69 years","Schley","16","1","7"
"70-79 years","Schley","7","0","2"
"80 & Older years","Schley","3","1","1"
"<1 years","Schley","1","0","0"
"01-04 years","Screven","2","0","0"
"05-09 years","Screven","7","0","0"
"10-17 years","Screven","40","0","0"
"18-29 years","Screven","88","0","3"
"30-39 years","Screven","60","0","2"
"40-49 years","Screven","62","1","4"
"50-59 years","Screven","60","0","9"
"60-69 years","Screven","76","1","12"
"70-79 years","Screven","41","3","11"
"80 & Older years","Screven","29","6","8"
"<1 years","Screven","2","0","0"
"Unknown years","Screven","1","0","0"
"01-04 years","Seminole","11","0","0"
"05-09 years","Seminole","9","0","0"
"10-17 years","Seminole","40","0","0"
"18-29 years","Seminole","67","0","0"
"30-39 years","Seminole","54","0","0"
"40-49 years","Seminole","68","0","3"
"50-59 years","Seminole","78","1","6"
"60-69 years","Seminole","77","1","11"
"70-79 years","Seminole","46","5","9"
"80 & Older years","Seminole","20","5","9"
"<1 years","Seminole","2","0","0"
"01-04 years","Spalding","26","0","0"
"05-09 years","Spalding","21","0","0"
"10-17 years","Spalding","93","0","2"
"18-29 years","Spalding","330","0","12"
"30-39 years","Spalding","288","2","21"
"40-49 years","Spalding","279","2","23"
"50-59 years","Spalding","314","6","49"
"60-69 years","Spalding","250","12","41"
"70-79 years","Spalding","150","19","42"
"80 & Older years","Spalding","133","30","34"
"<1 years","Spalding","2","0","0"
"Unknown years","Spalding","2","0","0"
"01-04 years","Stephens","8","0","0"
"05-09 years","Stephens","24","0","0"
"10-17 years","Stephens","82","0","1"
"18-29 years","Stephens","266","0","10"
"30-39 years","Stephens","164","0","6"
"40-49 years","Stephens","211","1","16"
"50-59 years","Stephens","223","3","20"
"60-69 years","Stephens","218","11","38"
"70-79 years","Stephens","167","14","34"
"80 & Older years","Stephens","97","16","22"
"<1 years","Stephens","2","0","0"
"Unknown years","Stephens","9","0","0"
"01-04 years","Stewart","2","0","0"
"05-09 years","Stewart","2","0","0"
"10-17 years","Stewart","9","0","0"
"18-29 years","Stewart","119","0","10"
"30-39 years","Stewart","164","1","15"
"40-49 years","Stewart","111","1","14"
"50-59 years","Stewart","62","1","10"
"60-69 years","Stewart","50","8","21"
"70-79 years","Stewart","21","2","3"
"80 & Older years","Stewart","18","4","4"
"<1 years","Stewart","1","0","0"
"Unknown years","Stewart","14","0","4"
"01-04 years","Sumter","9","0","0"
"05-09 years","Sumter","17","0","0"
"10-17 years","Sumter","27","0","2"
"18-29 years","Sumter","176","1","6"
"30-39 years","Sumter","146","1","16"
"40-49 years","Sumter","128","3","18"
"50-59 years","Sumter","160","2","37"
"60-69 years","Sumter","161","20","57"
"70-79 years","Sumter","114","20","38"
"80 & Older years","Sumter","76","22","36"
"<1 years","Sumter","2","0","0"
"Unknown years","Sumter","1","0","0"
"01-04 years","Talbot","2","0","0"
"05-09 years","Talbot","1","0","0"
"10-17 years","Talbot","19","0","0"
"18-29 years","Talbot","24","0","1"
"30-39 years","Talbot","18","0","1"
"40-49 years","Talbot","39","1","4"
"50-59 years","Talbot","35","1","5"
"60-69 years","Talbot","30","2","8"
"70-79 years","Talbot","19","2","3"
"80 & Older years","Talbot","13","2","6"
"05-09 years","Taliaferro","1","0","0"
"10-17 years","Taliaferro","2","0","0"
"18-29 years","Taliaferro","4","0","0"
"30-39 years","Taliaferro","4","0","0"
"40-49 years","Taliaferro","9","0","1"
"50-59 years","Taliaferro","7","0","0"
"60-69 years","Taliaferro","3","0","0"
"70-79 years","Taliaferro","4","0","0"
"80 & Older years","Taliaferro","1","0","1"
"Unknown years","Taliaferro","1","0","0"
"01-04 years","Tattnall","19","0","0"
"05-09 years","Tattnall","28","0","0"
"10-17 years","Tattnall","84","0","0"
"18-29 years","Tattnall","211","0","1"
"30-39 years","Tattnall","142","0","3"
"40-49 years","Tattnall","160","0","6"
"50-59 years","Tattnall","158","3","14"
"60-69 years","Tattnall","122","6","18"
"70-79 years","Tattnall","58","7","23"
"80 & Older years","Tattnall","22","3","7"
"<1 years","Tattnall","4","0","0"
"Unknown years","Tattnall","3","0","1"
"01-04 years","Taylor","9","0","0"
"05-09 years","Taylor","8","0","0"
"10-17 years","Taylor","36","0","1"
"18-29 years","Taylor","49","0","0"
"30-39 years","Taylor","24","0","3"
"40-49 years","Taylor","42","1","4"
"50-59 years","Taylor","34","0","6"
"60-69 years","Taylor","27","5","10"
"70-79 years","Taylor","22","2","6"
"80 & Older years","Taylor","15","5","5"
"<1 years","Taylor","3","0","0"
"Unknown years","Taylor","2","0","0"
"01-04 years","Telfair","6","0","0"
"05-09 years","Telfair","8","0","0"
"10-17 years","Telfair","10","0","0"
"18-29 years","Telfair","107","0","2"
"30-39 years","Telfair","69","0","1"
"40-49 years","Telfair","77","0","5"
"50-59 years","Telfair","73","3","9"
"60-69 years","Telfair","80","5","15"
"70-79 years","Telfair","51","6","12"
"80 & Older years","Telfair","33","11","7"
"<1 years","Telfair","3","0","0"
"01-04 years","Terrell","4","0","0"
"05-09 years","Terrell","1","0","0"
"10-17 years","Terrell","18","0","0"
"18-29 years","Terrell","41","0","1"
"30-39 years","Terrell","52","0","8"
"40-49 years","Terrell","43","0","7"
"50-59 years","Terrell","58","3","8"
"60-69 years","Terrell","65","9","24"
"70-79 years","Terrell","43","12","20"
"80 & Older years","Terrell","25","8","8"
"01-04 years","Thomas","25","0","0"
"05-09 years","Thomas","33","0","0"
"10-17 years","Thomas","103","0","0"
"18-29 years","Thomas","301","1","12"
"30-39 years","Thomas","256","0","10"
"40-49 years","Thomas","260","4","16"
"50-59 years","Thomas","279","4","22"
"60-69 years","Thomas","232","9","51"
"70-79 years","Thomas","145","25","35"
"80 & Older years","Thomas","87","34","31"
"<1 years","Thomas","5","0","1"
"01-04 years","Tift","19","0","0"
"05-09 years","Tift","41","0","2"
"10-17 years","Tift","163","0","3"
"18-29 years","Tift","561","0","11"
"30-39 years","Tift","338","1","20"
"40-49 years","Tift","355","6","37"
"50-59 years","Tift","294","9","46"
"60-69 years","Tift","214","13","49"
"70-79 years","Tift","158","20","54"
"80 & Older years","Tift","70","18","37"
"<1 years","Tift","9","0","0"
"Unknown years","Tift","13","0","0"
"01-04 years","Toombs","18","0","0"
"05-09 years","Toombs","35","0","0"
"10-17 years","Toombs","124","0","1"
"18-29 years","Toombs","329","0","5"
"30-39 years","Toombs","255","0","2"
"40-49 years","Toombs","243","1","18"
"50-59 years","Toombs","219","5","15"
"60-69 years","Toombs","182","4","33"
"70-79 years","Toombs","136","23","31"
"80 & Older years","Toombs","90","27","20"
"<1 years","Toombs","1","0","0"
"Unknown years","Toombs","2","0","0"
"01-04 years","Towns","1","0","0"
"05-09 years","Towns","4","0","0"
"10-17 years","Towns","19","0","0"
"18-29 years","Towns","86","0","2"
"30-39 years","Towns","51","0","2"
"40-49 years","Towns","54","1","4"
"50-59 years","Towns","81","1","7"
"60-69 years","Towns","105","1","9"
"70-79 years","Towns","82","6","19"
"80 & Older years","Towns","56","11","24"
"Unknown years","Towns","2","0","0"
"01-04 years","Treutlen","2","0","0"
"05-09 years","Treutlen","8","0","0"
"10-17 years","Treutlen","24","0","0"
"18-29 years","Treutlen","52","0","1"
"30-39 years","Treutlen","47","0","2"
"40-49 years","Treutlen","58","0","5"
"50-59 years","Treutlen","53","1","5"
"60-69 years","Treutlen","36","2","9"
"70-79 years","Treutlen","31","7","6"
"80 & Older years","Treutlen","18","3","5"
"01-04 years","Troup","86","0","0"
"05-09 years","Troup","99","0","0"
"10-17 years","Troup","234","0","2"
"18-29 years","Troup","722","0","23"
"30-39 years","Troup","524","5","32"
"40-49 years","Troup","445","2","40"
"50-59 years","Troup","478","11","80"
"60-69 years","Troup","337","16","72"
"70-79 years","Troup","162","29","62"
"80 & Older years","Troup","156","54","48"
"<1 years","Troup","28","0","1"
"Unknown years","Troup","7","0","0"
"05-09 years","Turner","4","0","0"
"10-17 years","Turner","14","0","0"
"18-29 years","Turner","53","0","1"
"30-39 years","Turner","71","0","6"
"40-49 years","Turner","60","0","3"
"50-59 years","Turner","66","2","8"
"60-69 years","Turner","50","6","17"
"70-79 years","Turner","29","5","10"
"80 & Older years","Turner","23","11","8"
"<1 years","Turner","1","0","1"
"01-04 years","Twiggs","6","0","0"
"05-09 years","Twiggs","1","0","0"
"10-17 years","Twiggs","14","0","0"
"18-29 years","Twiggs","30","0","1"
"30-39 years","Twiggs","33","1","4"
"40-49 years","Twiggs","35","1","7"
"50-59 years","Twiggs","45","2","9"
"60-69 years","Twiggs","50","3","19"
"70-79 years","Twiggs","25","3","11"
"80 & Older years","Twiggs","8","4","6"
"01-04 years","Union","4","0","0"
"05-09 years","Union","12","0","0"
"10-17 years","Union","32","0","1"
"18-29 years","Union","130","1","1"
"30-39 years","Union","111","0","2"
"40-49 years","Union","127","0","10"
"50-59 years","Union","152","3","10"
"60-69 years","Union","179","3","26"
"70-79 years","Union","172","12","32"
"80 & Older years","Union","128","15","28"
"<1 years","Union","1","0","0"
"Unknown years","Union","3","0","0"
"01-04 years","Unknown","11","0","0"
"05-09 years","Unknown","37","0","0"
"10-17 years","Unknown","147","0","0"
"18-29 years","Unknown","572","0","4"
"30-39 years","Unknown","344","0","2"
"40-49 years","Unknown","295","0","2"
"50-59 years","Unknown","257","1","5"
"60-69 years","Unknown","151","0","3"
"70-79 years","Unknown","110","0","9"
"80 & Older years","Unknown","52","0","4"
"<1 years","Unknown","20","0","0"
"Unknown years","Unknown","59","0","3"
"01-04 years","Upson","18","0","0"
"05-09 years","Upson","23","0","0"
"10-17 years","Upson","54","0","1"
"18-29 years","Upson","146","0","5"
"30-39 years","Upson","97","1","4"
"40-49 years","Upson","118","1","8"
"50-59 years","Upson","152","4","15"
"60-69 years","Upson","136","15","23"
"70-79 years","Upson","95","24","26"
"80 & Older years","Upson","75","26","23"
"<1 years","Upson","5","0","0"
"Unknown years","Upson","4","0","0"
"01-04 years","Walker","23","0","0"
"05-09 years","Walker","52","0","0"
"10-17 years","Walker","230","0","1"
"18-29 years","Walker","441","0","3"
"30-39 years","Walker","346","0","6"
"40-49 years","Walker","400","3","13"
"50-59 years","Walker","347","1","18"
"60-69 years","Walker","308","10","30"
"70-79 years","Walker","204","21","25"
"80 & Older years","Walker","127","14","18"
"<1 years","Walker","14","0","0"
"Unknown years","Walker","29","0","2"
"01-04 years","Walton","19","0","0"
"05-09 years","Walton","47","0","1"
"10-17 years","Walton","203","0","2"
"18-29 years","Walton","525","0","15"
"30-39 years","Walton","406","0","17"
"40-49 years","Walton","426","1","32"
"50-59 years","Walton","450","4","43"
"60-69 years","Walton","310","10","39"
"70-79 years","Walton","226","22","58"
"80 & Older years","Walton","163","38","47"
"<1 years","Walton","7","0","1"
"Unknown years","Walton","2","0","0"
"01-04 years","Ware","41","0","1"
"05-09 years","Ware","39","0","0"
"10-17 years","Ware","153","0","2"
"18-29 years","Ware","377","0","5"
"30-39 years","Ware","302","0","14"
"40-49 years","Ware","242","2","22"
"50-59 years","Ware","260","6","39"
"60-69 years","Ware","192","8","36"
"70-79 years","Ware","168","26","61"
"80 & Older years","Ware","114","28","32"
"<1 years","Ware","9","0","0"
"Unknown years","Ware","5","0","1"
"01-04 years","Warren","4","0","0"
"05-09 years","Warren","1","0","0"
"10-17 years","Warren","9","0","0"
"18-29 years","Warren","26","0","2"
"30-39 years","Warren","28","0","2"
"40-49 years","Warren","26","1","4"
"50-59 years","Warren","37","1","6"
"60-69 years","Warren","23","2","5"
"70-79 years","Warren","18","1","7"
"80 & Older years","Warren","9","1","2"
"<1 years","Warren","2","0","1"
"Unknown years","Warren","3","0","0"
"01-04 years","Washington","13","0","0"
"05-09 years","Washington","11","0","0"
"10-17 years","Washington","62","0","1"
"18-29 years","Washington","168","0","4"
"30-39 years","Washington","145","0","6"
"40-49 years","Washington","177","2","7"
"50-59 years","Washington","135","1","9"
"60-69 years","Washington","119","6","11"
"70-79 years","Washington","75","4","11"
"80 & Older years","Washington","51","7","7"
"<1 years","Washington","8","0","0"
"Unknown years","Washington","5","0","0"
"01-04 years","Wayne","19","0","0"
"05-09 years","Wayne","8","0","0"
"10-17 years","Wayne","63","0","0"
"18-29 years","Wayne","231","1","6"
"30-39 years","Wayne","237","0","4"
"40-49 years","Wayne","273","1","22"
"50-59 years","Wayne","224","4","14"
"60-69 years","Wayne","158","10","36"
"70-79 years","Wayne","148","14","42"
"80 & Older years","Wayne","69","13","14"
"<1 years","Wayne","2","0","0"
"Unknown years","Wayne","6","0","0"
"18-29 years","Webster","10","0","1"
"30-39 years","Webster","3","0","0"
"40-49 years","Webster","7","0","2"
"50-59 years","Webster","10","2","4"
"60-69 years","Webster","10","0","3"
"70-79 years","Webster","4","0","0"
"Unknown years","Webster","2","0","0"
"05-09 years","Wheeler","2","0","0"
"10-17 years","Wheeler","12","0","0"
"18-29 years","Wheeler","37","0","0"
"30-39 years","Wheeler","60","2","2"
"40-49 years","Wheeler","69","1","3"
"50-59 years","Wheeler","76","5","5"
"60-69 years","Wheeler","48","3","5"
"70-79 years","Wheeler","33","4","6"
"80 & Older years","Wheeler","8","3","1"
"<1 years","Wheeler","1","0","0"
"Unknown years","Wheeler","26","0","1"
"01-04 years","White","9","0","0"
"05-09 years","White","19","0","0"
"10-17 years","White","99","0","1"
"18-29 years","White","199","1","4"
"30-39 years","White","151","1","6"
"40-49 years","White","172","1","7"
"50-59 years","White","193","2","20"
"60-69 years","White","190","3","29"
"70-79 years","White","143","5","34"
"80 & Older years","White","84","14","32"
"<1 years","White","4","0","0"
"Unknown years","White","12","0","0"
"01-04 years","Whitfield","91","0","2"
"05-09 years","Whitfield","164","0","2"
"10-17 years","Whitfield","628","0","1"
"18-29 years","Whitfield","1950","0","31"
"30-39 years","Whitfield","1169","1","32"
"40-49 years","Whitfield","1241","2","47"
"50-59 years","Whitfield","1057","10","60"
"60-69 years","Whitfield","620","18","74"
"70-79 years","Whitfield","315","21","57"
"80 & Older years","Whitfield","166","30","44"
"<1 years","Whitfield","41","0","4"
"Unknown years","Whitfield","10","0","0"
"01-04 years","Wilcox","8","0","0"
"05-09 years","Wilcox","3","0","0"
"10-17 years","Wilcox","13","0","0"
"18-29 years","Wilcox","18","0","0"
"30-39 years","Wilcox","26","0","1"
"40-49 years","Wilcox","51","0","11"
"50-59 years","Wilcox","44","1","10"
"60-69 years","Wilcox","67","8","21"
"70-79 years","Wilcox","38","9","9"
"80 & Older years","Wilcox","17","7","4"
"<1 years","Wilcox","1","0","0"
"01-04 years","Wilkes","5","0","0"
"05-09 years","Wilkes","8","0","0"
"10-17 years","Wilkes","30","0","0"
"18-29 years","Wilkes","69","0","0"
"30-39 years","Wilkes","48","0","4"
"40-49 years","Wilkes","62","0","8"
"50-59 years","Wilkes","62","1","3"
"60-69 years","Wilkes","33","0","8"
"70-79 years","Wilkes","31","2","13"
"80 & Older years","Wilkes","12","4","8"
"<1 years","Wilkes","1","0","0"
"01-04 years","Wilkinson","4","0","0"
"05-09 years","Wilkinson","7","0","0"
"10-17 years","Wilkinson","12","0","0"
"18-29 years","Wilkinson","69","0","3"
"30-39 years","Wilkinson","49","0","4"
"40-49 years","Wilkinson","46","0","3"
"50-59 years","Wilkinson","86","3","17"
"60-69 years","Wilkinson","83","5","19"
"70-79 years","Wilkinson","33","6","15"
"80 & Older years","Wilkinson","22","4","11"
"01-04 years","Worth","7","0","0"
"05-09 years","Worth","6","0","0"
"10-17 years","Worth","30","0","3"
"18-29 years","Worth","104","0","5"
"30-39 years","Worth","72","0","5"
"40-49 years","Worth","84","1","10"
"50-59 years","Worth","106","4","18"
"60-69 years","Worth","106","13","35"
"70-79 years","Worth","64","9","17"
"80 & Older years","Worth","47","8","12"
"<1 years","Worth","3","0","0"
"Unknown years","Worth","1","0","0"
