"sex","county name","cases","deaths","hospitalization"
"Female","Georgia","466131","8133","31097"
"Male","Georgia","399989","9271","29967"
"Unknown","Georgia","10813","21","179"
"Female","Appling","1037","26","84"
"Male","Appling","865","40","89"
"Unknown","Appling","9","0","0"
"Female","Atkinson","421","8","59"
"Male","Atkinson","357","10","56"
"Unknown","Atkinson","1","0","0"
"Female","Bacon","549","13","39"
"Male","Bacon","714","15","46"
"Unknown","Bacon","23","0","1"
"Female","Baker","84","2","13"
"Male","Baker","77","7","20"
"Female","Baldwin","2113","34","139"
"Male","Baldwin","1695","78","179"
"Unknown","Baldwin","23","0","1"
"Female","Banks","883","19","109"
"Male","Banks","728","14","79"
"Unknown","Banks","18","0","0"
"Female","Barrow","4649","64","319"
"Male","Barrow","4006","68","285"
"Unknown","Barrow","35","0","1"
"Female","Bartow","5842","97","398"
"Male","Bartow","5203","110","426"
"Unknown","Bartow","112","0","0"
"Female","Ben Hill","857","26","83"
"Male","Ben Hill","631","35","70"
"Unknown","Ben Hill","1","0","0"
"Female","Berrien","577","16","38"
"Male","Berrien","473","15","32"
"Unknown","Berrien","5","0","0"
"Female","Bibb","7558","202","940"
"Male","Bibb","5607","200","814"
"Unknown","Bibb","132","1","3"
"Female","Bleckley","463","18","24"
"Male","Bleckley","331","16","23"
"Unknown","Bleckley","5","0","0"
"Female","Brantley","500","15","43"
"Male","Brantley","420","17","34"
"Unknown","Brantley","5","0","0"
"Female","Brooks","542","12","48"
"Male","Brooks","390","24","39"
"Unknown","Brooks","8","0","0"
"Female","Bryan","1420","17","82"
"Male","Bryan","1230","17","91"
"Unknown","Bryan","60","0","0"
"Female","Bulloch","2947","38","122"
"Male","Bulloch","2264","26","96"
"Unknown","Bulloch","32","0","0"
"Female","Burke","978","20","78"
"Male","Burke","782","16","71"
"Unknown","Burke","9","0","1"
"Female","Butts","1056","33","48"
"Male","Butts","1080","42","75"
"Unknown","Butts","127","1","2"
"Female","Calhoun","225","11","36"
"Male","Calhoun","218","4","37"
"Unknown","Calhoun","2","0","0"
"Female","Camden","1688","14","74"
"Male","Camden","1496","14","61"
"Unknown","Camden","17","0","0"
"Female","Candler","402","13","33"
"Male","Candler","338","23","29"
"Unknown","Candler","2","0","0"
"Female","Carroll","3879","62","148"
"Male","Carroll","3473","69","161"
"Unknown","Carroll","37","0","1"
"Female","Catoosa","3009","33","138"
"Male","Catoosa","2522","31","110"
"Unknown","Catoosa","96","0","3"
"Female","Charlton","448","11","35"
"Male","Charlton","615","14","28"
"Unknown","Charlton","2","0","0"
"Female","Chatham","10890","193","832"
"Male","Chatham","8936","223","777"
"Unknown","Chatham","248","2","4"
"Female","Chattahoochee","245","1","12"
"Male","Chattahoochee","3037","12","18"
"Unknown","Chattahoochee","14","0","0"
"Female","Chattooga","1193","27","79"
"Male","Chattooga","1021","33","97"
"Unknown","Chattooga","11","0","0"
"Female","Cherokee","11675","129","577"
"Male","Cherokee","10345","172","689"
"Unknown","Cherokee","189","0","3"
"Female","Clarke","7055","57","249"
"Male","Clarke","5602","79","239"
"Unknown","Clarke","57","0","1"
"Female","Clay","104","1","4"
"Male","Clay","73","2","6"
"Unknown","Clay","6","0","0"
"Female","Clayton","13238","216","722"
"Male","Clayton","10067","228","629"
"Unknown","Clayton","159","0","1"
"Female","Clinch","374","10","33"
"Male","Clinch","359","15","33"
"Unknown","Clinch","2","0","0"
"Female","Cobb","31881","429","1524"
"Male","Cobb","27946","523","1573"
"Unknown","Cobb","346","3","10"
"Female","Coffee","2288","71","360"
"Male","Coffee","1932","65","285"
"Unknown","Coffee","10","0","0"
"Female","Colquitt","1808","30","128"
"Male","Colquitt","1690","45","121"
"Unknown","Colquitt","15","1","0"
"Female","Columbia","5849","72","222"
"Male","Columbia","5100","87","245"
"Unknown","Columbia","39","0","2"
"Female","Cook","662","16","59"
"Male","Cook","483","21","48"
"Unknown","Cook","16","0","0"
"Female","Coweta","4503","85","166"
"Male","Coweta","4092","119","176"
"Unknown","Coweta","28","0","0"
"Female","Crawford","289","9","43"
"Male","Crawford","233","8","25"
"Unknown","Crawford","3","0","0"
"Female","Crisp","810","24","98"
"Male","Crisp","600","31","64"
"Unknown","Crisp","22","0","0"
"Female","Dade","621","8","32"
"Male","Dade","564","4","30"
"Unknown","Dade","20","0","0"
"Female","Dawson","1438","17","117"
"Male","Dawson","1231","25","128"
"Unknown","Dawson","31","0","0"
"Female","DeKalb","30944","431","2400"
"Male","DeKalb","25852","483","2136"
"Unknown","DeKalb","588","0","8"
"Female","Decatur","1204","28","79"
"Male","Decatur","921","27","67"
"Unknown","Decatur","19","0","0"
"Female","Dodge","580","26","53"
"Male","Dodge","488","30","53"
"Unknown","Dodge","14","0","0"
"Female","Dooly","420","15","48"
"Male","Dooly","356","17","42"
"Unknown","Dooly","8","0","0"
"Female","Dougherty","3294","146","581"
"Male","Dougherty","2194","132","441"
"Unknown","Dougherty","30","0","0"
"Female","Douglas","6462","83","459"
"Male","Douglas","5344","90","390"
"Unknown","Douglas","59","0","1"
"Female","Early","607","24","45"
"Male","Early","395","19","28"
"Unknown","Early","7","0","0"
"Female","Echols","137","0","3"
"Male","Echols","218","4","10"
"Unknown","Echols","3","0","0"
"Female","Effingham","1988","29","127"
"Male","Effingham","1750","35","120"
"Unknown","Effingham","41","0","0"
"Female","Elbert","902","31","82"
"Male","Elbert","614","26","44"
"Unknown","Elbert","8","0","2"
"Female","Emanuel","995","32","74"
"Male","Emanuel","726","21","50"
"Unknown","Emanuel","11","0","0"
"Female","Evans","421","7","51"
"Male","Evans","318","10","21"
"Unknown","Evans","17","0","0"
"Female","Fannin","1124","28","84"
"Male","Fannin","969","32","90"
"Unknown","Fannin","19","0","0"
"Female","Fayette","3474","69","125"
"Male","Fayette","3092","83","130"
"Unknown","Fayette","38","0","0"
"Female","Floyd","5315","75","422"
"Male","Floyd","4530","107","450"
"Unknown","Floyd","107","0","5"
"Female","Forsyth","8807","70","411"
"Male","Forsyth","8371","107","540"
"Unknown","Forsyth","602","0","1"
"Female","Franklin","1286","15","84"
"Male","Franklin","1027","28","68"
"Unknown","Franklin","18","0","0"
"Female","Fulton","42837","593","2462"
"Male","Fulton","38064","666","2384"
"Unknown","Fulton","457","1","4"
"Female","Gilmer","1340","31","109"
"Male","Gilmer","1087","40","98"
"Unknown","Gilmer","45","0","2"
"Female","Glascock","63","3","7"
"Male","Glascock","71","4","12"
"Unknown","Glascock","10","0","0"
"Female","Glynn","3427","70","232"
"Male","Glynn","3107","83","211"
"Unknown","Glynn","121","0","2"
"Female","Gordon","3411","44","160"
"Male","Gordon","2935","57","165"
"Unknown","Gordon","124","0","1"
"Female","Grady","864","18","89"
"Male","Grady","651","28","85"
"Unknown","Grady","18","0","0"
"Female","Greene","814","25","64"
"Male","Greene","679","31","72"
"Unknown","Greene","4","0","0"
"Female","Gwinnett","45308","497","2779"
"Male","Gwinnett","39743","564","2609"
"Unknown","Gwinnett","964","1","11"
"Female","Habersham","2498","81","227"
"Male","Habersham","2094","70","245"
"Unknown","Habersham","42","0","0"
"Female","Hall","13055","199","1132"
"Male","Hall","11525","233","1225"
"Unknown","Hall","321","3","4"
"Female","Hancock","407","24","51"
"Male","Hancock","420","38","54"
"Unknown","Hancock","5","0","0"
"Female","Haralson","895","16","43"
"Male","Haralson","800","18","31"
"Unknown","Haralson","19","0","0"
"Female","Harris","1127","28","78"
"Male","Harris","985","29","77"
"Unknown","Harris","42","0","0"
"Female","Hart","974","16","58"
"Male","Hart","727","21","57"
"Unknown","Hart","7","0","0"
"Female","Heard","344","10","18"
"Male","Heard","290","6","27"
"Female","Henry","10495","133","318"
"Male","Henry","8478","159","281"
"Unknown","Henry","80","0","0"
"Female","Houston","5412","87","379"
"Male","Houston","4511","103","362"
"Unknown","Houston","82","0","1"
"Female","Irwin","360","11","43"
"Male","Irwin","319","7","38"
"Unknown","Irwin","2","0","0"
"Female","Jackson","4562","65","234"
"Male","Jackson","3874","75","270"
"Unknown","Jackson","41","0","1"
"Female","Jasper","357","6","30"
"Male","Jasper","310","12","31"
"Unknown","Jasper","4","0","0"
"Female","Jeff Davis","674","14","39"
"Male","Jeff Davis","614","22","52"
"Unknown","Jeff Davis","5","0","0"
"Female","Jefferson","911","27","82"
"Male","Jefferson","658","32","70"
"Unknown","Jefferson","10","0","1"
"Female","Jenkins","429","17","37"
"Male","Jenkins","295","21","45"
"Unknown","Jenkins","1","1","1"
"Female","Johnson","381","16","50"
"Male","Johnson","402","26","47"
"Unknown","Johnson","2","0","0"
"Female","Jones","909","23","83"
"Male","Jones","660","30","78"
"Unknown","Jones","2","0","0"
"Female","Lamar","755","19","60"
"Male","Lamar","579","26","59"
"Unknown","Lamar","6","0","0"
"Female","Lanier","220","3","10"
"Male","Lanier","270","6","17"
"Unknown","Lanier","5","0","0"
"Female","Laurens","2125","54","167"
"Male","Laurens","1558","89","181"
"Unknown","Laurens","20","1","2"
"Female","Lee","867","25","89"
"Male","Lee","716","25","95"
"Unknown","Lee","5","0","0"
"Female","Liberty","1694","26","112"
"Male","Liberty","1446","34","109"
"Unknown","Liberty","265","0","0"
"Female","Lincoln","274","13","28"
"Male","Lincoln","223","11","24"
"Unknown","Lincoln","11","0","0"
"Female","Long","356","3","25"
"Male","Long","291","7","22"
"Unknown","Long","17","0","0"
"Female","Lowndes","4282","78","208"
"Male","Lowndes","3419","62","167"
"Unknown","Lowndes","48","0","2"
"Female","Lumpkin","1508","33","152"
"Male","Lumpkin","1256","29","132"
"Unknown","Lumpkin","15","0","0"
"Female","Macon","323","9","35"
"Male","Macon","292","16","47"
"Unknown","Macon","1","0","0"
"Female","Madison","1479","20","78"
"Male","Madison","1238","26","78"
"Unknown","Madison","8","0","0"
"Female","Marion","242","10","17"
"Male","Marion","153","7","22"
"Unknown","Marion","2","0","0"
"Female","McDuffie","904","24","85"
"Male","McDuffie","679","16","72"
"Unknown","McDuffie","84","1","1"
"Female","McIntosh","383","9","27"
"Male","McIntosh","303","5","30"
"Unknown","McIntosh","8","0","0"
"Female","Meriwether","886","34","75"
"Male","Meriwether","624","38","61"
"Unknown","Meriwether","7","0","0"
"Female","Miller","380","3","19"
"Male","Miller","294","6","21"
"Unknown","Miller","1","0","0"
"Female","Mitchell","816","33","117"
"Male","Mitchell","708","41","112"
"Unknown","Mitchell","5","0","0"
"Female","Monroe","992","43","92"
"Male","Monroe","842","43","99"
"Unknown","Monroe","23","0","0"
"Female","Montgomery","388","11","23"
"Male","Montgomery","323","10","20"
"Unknown","Montgomery","6","0","0"
"Female","Morgan","647","8","32"
"Male","Morgan","532","15","51"
"Unknown","Morgan","8","0","1"
"Female","Murray","2211","29","110"
"Male","Murray","1903","50","130"
"Unknown","Murray","43","0","4"
"Female","Muscogee","7935","212","620"
"Male","Muscogee","6074","180","531"
"Unknown","Muscogee","214","1","1"
"Female","Newton","4213","105","350"
"Male","Newton","3169","112","295"
"Unknown","Newton","75","0","2"
"Female","Non-GA Resident/Unknown State","9804","201","510"
"Male","Non-GA Resident/Unknown State","11418","268","704"
"Unknown","Non-GA Resident/Unknown State","2345","1","40"
"Female","Oconee","1612","27","67"
"Male","Oconee","1422","37","62"
"Unknown","Oconee","10","0","0"
"Female","Oglethorpe","676","9","36"
"Male","Oglethorpe","506","19","39"
"Unknown","Oglethorpe","3","0","0"
"Female","Paulding","5826","79","218"
"Male","Paulding","4754","87","181"
"Unknown","Paulding","111","0","6"
"Female","Peach","1034","27","119"
"Male","Peach","800","25","97"
"Unknown","Peach","7","0","1"
"Female","Pickens","1374","27","107"
"Male","Pickens","1125","34","100"
"Unknown","Pickens","21","0","0"
"Female","Pierce","708","21","64"
"Male","Pierce","536","21","69"
"Unknown","Pierce","6","0","0"
"Female","Pike","570","11","44"
"Male","Pike","476","15","25"
"Unknown","Pike","13","0","1"
"Female","Polk","2078","39","193"
"Male","Polk","1814","40","183"
"Unknown","Polk","35","0","2"
"Female","Pulaski","404","20","31"
"Male","Pulaski","202","12","23"
"Unknown","Pulaski","2","0","0"
"Female","Putnam","964","19","75"
"Male","Putnam","820","38","87"
"Unknown","Putnam","5","0","0"
"Female","Quitman","51","1","6"
"Male","Quitman","30","1","5"
"Female","Rabun","791","19","82"
"Male","Rabun","724","22","67"
"Unknown","Rabun","10","0","1"
"Female","Randolph","275","21","49"
"Male","Randolph","192","11","32"
"Female","Richmond","10860","171","652"
"Male","Richmond","8794","236","669"
"Unknown","Richmond","138","0","13"
"Female","Rockdale","3350","69","469"
"Male","Rockdale","2583","82","391"
"Unknown","Rockdale","55","1","3"
"Female","Schley","113","0","10"
"Male","Schley","96","5","11"
"Female","Screven","461","12","40"
"Male","Screven","344","9","32"
"Unknown","Screven","6","0","0"
"Female","Seminole","424","8","41"
"Male","Seminole","325","9","25"
"Unknown","Seminole","2","0","0"
"Female","Spalding","2249","78","253"
"Male","Spalding","1759","74","180"
"Unknown","Spalding","25","1","3"
"Female","Stephens","1647","41","131"
"Male","Stephens","1301","38","122"
"Unknown","Stephens","17","0","0"
"Female","Stewart","172","9","25"
"Male","Stewart","596","14","101"
"Unknown","Stewart","16","0","0"
"Female","Sumter","1031","40","138"
"Male","Sumter","761","52","125"
"Unknown","Sumter","4","0","0"
"Female","Talbot","222","7","21"
"Male","Talbot","155","11","21"
"Unknown","Talbot","6","0","0"
"Female","Taliaferro","55","0","1"
"Male","Taliaferro","45","3","7"
"Unknown","Taliaferro","1","0","0"
"Female","Tattnall","943","20","57"
"Male","Tattnall","885","26","63"
"Unknown","Tattnall","13","0","0"
"Female","Taylor","280","12","36"
"Male","Taylor","224","10","36"
"Unknown","Taylor","4","0","0"
"Female","Telfair","356","21","29"
"Male","Telfair","345","24","40"
"Unknown","Telfair","20","0","0"
"Female","Terrell","333","24","60"
"Male","Terrell","224","21","52"
"Unknown","Terrell","6","0","0"
"Female","Thomas","2028","63","183"
"Male","Thomas","1491","50","164"
"Unknown","Thomas","19","0","0"
"Female","Tift","1894","41","241"
"Male","Tift","1490","55","173"
"Unknown","Tift","36","0","0"
"Female","Toombs","1625","54","86"
"Male","Toombs","1274","43","89"
"Unknown","Toombs","14","0","0"
"Female","Towns","606","20","67"
"Male","Towns","466","22","60"
"Unknown","Towns","9","0","0"
"Female","Treutlen","343","12","26"
"Male","Treutlen","275","12","26"
"Unknown","Treutlen","6","0","0"
"Female","Troup","3319","103","268"
"Male","Troup","2519","80","221"
"Unknown","Troup","59","0","1"
"Female","Turner","347","14","45"
"Male","Turner","247","20","41"
"Unknown","Turner","2","0","0"
"Female","Twiggs","269","13","44"
"Male","Twiggs","238","23","56"
"Unknown","Twiggs","2","0","0"
"Female","Union","1153","42","93"
"Male","Union","864","28","115"
"Unknown","Union","12","0","1"
"Female","Unknown","809","4","13"
"Male","Unknown","1042","7","22"
"Unknown","Unknown","520","0","7"
"Female","Upson","1017","57","97"
"Male","Upson","778","50","80"
"Unknown","Upson","11","0","0"
"Female","Walker","3434","45","131"
"Male","Walker","2948","35","147"
"Unknown","Walker","75","0","3"
"Female","Walton","4450","112","254"
"Male","Walton","3496","122","242"
"Unknown","Walton","78","0","0"
"Female","Ware","1664","80","173"
"Male","Ware","1323","71","178"
"Unknown","Ware","13","0","0"
"Female","Warren","212","7","30"
"Male","Warren","155","7","17"
"Unknown","Warren","8","0","0"
"Female","Washington","875","28","56"
"Male","Washington","724","32","55"
"Unknown","Washington","7","0","0"
"Female","Wayne","1363","31","129"
"Male","Wayne","1353","43","141"
"Unknown","Wayne","9","0","0"
"Female","Webster","65","2","8"
"Male","Webster","39","2","7"
"Unknown","Webster","2","0","0"
"Female","Wheeler","155","0","3"
"Male","Wheeler","288","21","32"
"Unknown","Wheeler","16","0","0"
"Female","White","1595","32","140"
"Male","White","1359","35","153"
"Unknown","White","13","0","0"
"Female","Whitfield","7826","110","378"
"Male","Whitfield","6819","117","364"
"Unknown","Whitfield","151","1","5"
"Female","Wilcox","214","11","26"
"Male","Wilcox","258","18","46"
"Unknown","Wilcox","3","0","0"
"Female","Wilkes","364","8","34"
"Male","Wilkes","302","13","38"
"Unknown","Wilkes","4","0","0"
"Female","Wilkinson","399","15","57"
"Male","Wilkinson","322","13","63"
"Unknown","Wilkinson","7","0","0"
"Female","Worth","698","30","101"
"Male","Worth","481","31","73"
"Unknown","Worth","5","0","0"
