"age group","county name","cases","deaths","hospitalization"
"01-04 years","Georgia","3942","1","83"
"05-09 years","Georgia","5748","1","60"
"10-17 years","Georgia","20371","5","282"
"18-29 years","Georgia","85529","57","2051"
"30-39 years","Georgia","55819","134","2743"
"40-49 years","Georgia","53150","289","3898"
"50-59 years","Georgia","48950","715","5499"
"60-69 years","Georgia","33034","1520","6146"
"70-79 years","Georgia","19224","2083","5281"
"80 & Older years","Georgia","12478","2845","4217"
"<1 years","Georgia","1226","1","70"
"Unknown years","Georgia","1839","6","58"
"01-04 years","Appling","15","0","0"
"05-09 years","Appling","33","0","0"
"10-17 years","Appling","91","0","1"
"18-29 years","Appling","216","0","4"
"30-39 years","Appling","168","1","4"
"40-49 years","Appling","160","2","12"
"50-59 years","Appling","170","6","17"
"60-69 years","Appling","137","6","27"
"70-79 years","Appling","98","10","22"
"80 & Older years","Appling","41","10","14"
"<1 years","Appling","3","0","0"
"Unknown years","Appling","2","0","0"
"01-04 years","Atkinson","3","0","1"
"05-09 years","Atkinson","11","0","1"
"10-17 years","Atkinson","23","0","0"
"18-29 years","Atkinson","101","0","7"
"30-39 years","Atkinson","82","0","6"
"40-49 years","Atkinson","85","0","11"
"50-59 years","Atkinson","82","0","13"
"60-69 years","Atkinson","49","2","13"
"70-79 years","Atkinson","25","1","5"
"80 & Older years","Atkinson","7","2","4"
"<1 years","Atkinson","2","0","0"
"Unknown years","Atkinson","2","0","0"
"01-04 years","Bacon","11","0","0"
"05-09 years","Bacon","12","0","0"
"10-17 years","Bacon","42","0","0"
"18-29 years","Bacon","161","0","1"
"30-39 years","Bacon","80","0","3"
"40-49 years","Bacon","102","1","6"
"50-59 years","Bacon","94","2","13"
"60-69 years","Bacon","56","4","12"
"70-79 years","Bacon","36","2","7"
"80 & Older years","Bacon","23","5","7"
"<1 years","Bacon","4","0","0"
"Unknown years","Bacon","2","0","0"
"01-04 years","Baker","4","0","0"
"05-09 years","Baker","4","0","0"
"10-17 years","Baker","5","0","0"
"18-29 years","Baker","15","0","0"
"30-39 years","Baker","11","0","2"
"40-49 years","Baker","7","0","1"
"50-59 years","Baker","13","0","1"
"60-69 years","Baker","13","2","6"
"70-79 years","Baker","12","2","8"
"80 & Older years","Baker","3","2","2"
"01-04 years","Baldwin","10","0","0"
"05-09 years","Baldwin","25","0","0"
"10-17 years","Baldwin","76","0","1"
"18-29 years","Baldwin","903","0","10"
"30-39 years","Baldwin","240","1","10"
"40-49 years","Baldwin","266","2","24"
"50-59 years","Baldwin","270","7","35"
"60-69 years","Baldwin","224","12","40"
"70-79 years","Baldwin","142","17","34"
"80 & Older years","Baldwin","91","24","23"
"<1 years","Baldwin","3","0","0"
"01-04 years","Banks","4","0","0"
"05-09 years","Banks","7","0","0"
"10-17 years","Banks","37","0","0"
"18-29 years","Banks","96","0","3"
"30-39 years","Banks","66","0","0"
"40-49 years","Banks","74","0","10"
"50-59 years","Banks","79","0","7"
"60-69 years","Banks","71","1","14"
"70-79 years","Banks","50","3","19"
"80 & Older years","Banks","47","4","17"
"<1 years","Banks","2","0","0"
"Unknown years","Banks","8","0","1"
"01-04 years","Barrow","27","0","0"
"05-09 years","Barrow","44","0","0"
"10-17 years","Barrow","138","0","2"
"18-29 years","Barrow","568","1","22"
"30-39 years","Barrow","427","0","22"
"40-49 years","Barrow","445","2","37"
"50-59 years","Barrow","357","1","43"
"60-69 years","Barrow","225","9","54"
"70-79 years","Barrow","144","13","40"
"80 & Older years","Barrow","94","24","38"
"<1 years","Barrow","9","0","1"
"Unknown years","Barrow","9","0","0"
"01-04 years","Bartow","29","0","1"
"05-09 years","Bartow","53","0","1"
"10-17 years","Bartow","273","0","1"
"18-29 years","Bartow","703","0","8"
"30-39 years","Bartow","536","2","23"
"40-49 years","Bartow","519","0","28"
"50-59 years","Bartow","531","6","61"
"60-69 years","Bartow","316","14","62"
"70-79 years","Bartow","221","27","67"
"80 & Older years","Bartow","157","43","58"
"<1 years","Bartow","13","0","1"
"Unknown years","Bartow","16","0","4"
"01-04 years","Ben Hill","20","0","1"
"05-09 years","Ben Hill","16","0","0"
"10-17 years","Ben Hill","53","0","0"
"18-29 years","Ben Hill","138","0","4"
"30-39 years","Ben Hill","136","2","5"
"40-49 years","Ben Hill","105","0","5"
"50-59 years","Ben Hill","134","2","17"
"60-69 years","Ben Hill","120","8","18"
"70-79 years","Ben Hill","87","12","32"
"80 & Older years","Ben Hill","31","8","9"
"<1 years","Ben Hill","2","0","0"
"Unknown years","Ben Hill","4","0","0"
"01-04 years","Berrien","9","0","0"
"05-09 years","Berrien","8","0","0"
"10-17 years","Berrien","26","0","0"
"18-29 years","Berrien","99","0","0"
"30-39 years","Berrien","78","0","0"
"40-49 years","Berrien","69","0","1"
"50-59 years","Berrien","74","0","10"
"60-69 years","Berrien","50","1","5"
"70-79 years","Berrien","34","3","2"
"80 & Older years","Berrien","29","8","6"
"<1 years","Berrien","1","0","0"
"Unknown years","Berrien","1","0","0"
"01-04 years","Bibb","79","0","2"
"05-09 years","Bibb","96","0","0"
"10-17 years","Bibb","280","0","6"
"18-29 years","Bibb","1548","1","54"
"30-39 years","Bibb","1037","4","62"
"40-49 years","Bibb","996","8","124"
"50-59 years","Bibb","911","10","140"
"60-69 years","Bibb","753","36","215"
"70-79 years","Bibb","443","55","165"
"80 & Older years","Bibb","298","74","136"
"<1 years","Bibb","26","0","4"
"Unknown years","Bibb","7","0","0"
"01-04 years","Bleckley","2","0","0"
"05-09 years","Bleckley","4","0","0"
"10-17 years","Bleckley","37","0","0"
"18-29 years","Bleckley","132","0","3"
"30-39 years","Bleckley","52","0","1"
"40-49 years","Bleckley","64","1","1"
"50-59 years","Bleckley","65","2","3"
"60-69 years","Bleckley","41","7","9"
"70-79 years","Bleckley","46","2","8"
"80 & Older years","Bleckley","56","9","7"
"<1 years","Bleckley","1","0","0"
"Unknown years","Bleckley","1","0","0"
"01-04 years","Brantley","6","0","0"
"05-09 years","Brantley","3","0","0"
"10-17 years","Brantley","28","0","1"
"18-29 years","Brantley","74","0","1"
"30-39 years","Brantley","50","0","3"
"40-49 years","Brantley","60","0","3"
"50-59 years","Brantley","70","1","8"
"60-69 years","Brantley","53","1","7"
"70-79 years","Brantley","35","5","10"
"80 & Older years","Brantley","27","5","6"
"Unknown years","Brantley","2","0","0"
"01-04 years","Brooks","13","0","0"
"05-09 years","Brooks","10","0","0"
"10-17 years","Brooks","45","0","0"
"18-29 years","Brooks","104","0","0"
"30-39 years","Brooks","79","0","2"
"40-49 years","Brooks","65","0","8"
"50-59 years","Brooks","83","2","13"
"60-69 years","Brooks","59","5","11"
"70-79 years","Brooks","48","9","15"
"80 & Older years","Brooks","36","10","6"
"<1 years","Brooks","2","0","0"
"01-04 years","Bryan","19","0","0"
"05-09 years","Bryan","26","0","0"
"10-17 years","Bryan","92","0","0"
"18-29 years","Bryan","265","0","8"
"30-39 years","Bryan","222","1","7"
"40-49 years","Bryan","211","0","10"
"50-59 years","Bryan","175","3","14"
"60-69 years","Bryan","122","3","18"
"70-79 years","Bryan","77","5","25"
"80 & Older years","Bryan","37","2","9"
"<1 years","Bryan","5","0","0"
"Unknown years","Bryan","13","0","0"
"01-04 years","Bulloch","32","0","0"
"05-09 years","Bulloch","40","0","0"
"10-17 years","Bulloch","150","0","2"
"18-29 years","Bulloch","1601","0","6"
"30-39 years","Bulloch","316","2","14"
"40-49 years","Bulloch","260","2","19"
"50-59 years","Bulloch","264","1","20"
"60-69 years","Bulloch","174","12","34"
"70-79 years","Bulloch","89","10","24"
"80 & Older years","Bulloch","58","6","19"
"<1 years","Bulloch","11","0","0"
"Unknown years","Bulloch","24","0","0"
"01-04 years","Burke","12","0","0"
"05-09 years","Burke","20","0","0"
"10-17 years","Burke","63","0","1"
"18-29 years","Burke","174","0","4"
"30-39 years","Burke","134","0","4"
"40-49 years","Burke","131","1","6"
"50-59 years","Burke","141","1","22"
"60-69 years","Burke","102","3","25"
"70-79 years","Burke","66","2","19"
"80 & Older years","Burke","21","4","9"
"<1 years","Burke","4","0","0"
"Unknown years","Burke","1","0","0"
"01-04 years","Butts","7","0","0"
"05-09 years","Butts","9","0","0"
"10-17 years","Butts","33","0","0"
"18-29 years","Butts","122","0","2"
"30-39 years","Butts","129","0","4"
"40-49 years","Butts","108","2","9"
"50-59 years","Butts","100","2","13"
"60-69 years","Butts","83","7","15"
"70-79 years","Butts","60","10","8"
"80 & Older years","Butts","68","22","3"
"<1 years","Butts","3","0","0"
"Unknown years","Butts","2","0","0"
"01-04 years","Calhoun","1","0","0"
"10-17 years","Calhoun","9","0","0"
"18-29 years","Calhoun","36","0","4"
"30-39 years","Calhoun","40","2","5"
"40-49 years","Calhoun","55","0","5"
"50-59 years","Calhoun","49","2","9"
"60-69 years","Calhoun","45","2","15"
"70-79 years","Calhoun","16","1","5"
"80 & Older years","Calhoun","9","2","5"
"<1 years","Calhoun","1","0","0"
"01-04 years","Camden","20","0","0"
"05-09 years","Camden","16","0","0"
"10-17 years","Camden","77","0","0"
"18-29 years","Camden","389","0","3"
"30-39 years","Camden","221","0","9"
"40-49 years","Camden","173","1","10"
"50-59 years","Camden","215","1","9"
"60-69 years","Camden","138","5","12"
"70-79 years","Camden","72","0","12"
"80 & Older years","Camden","47","10","14"
"<1 years","Camden","5","0","0"
"Unknown years","Camden","12","0","0"
"01-04 years","Candler","8","0","0"
"05-09 years","Candler","9","0","0"
"10-17 years","Candler","43","0","0"
"18-29 years","Candler","98","0","0"
"30-39 years","Candler","70","0","2"
"40-49 years","Candler","87","2","1"
"50-59 years","Candler","92","4","8"
"60-69 years","Candler","58","6","8"
"70-79 years","Candler","35","9","9"
"80 & Older years","Candler","18","3","7"
"<1 years","Candler","2","0","0"
"Unknown years","Candler","2","0","0"
"01-04 years","Carroll","40","0","0"
"05-09 years","Carroll","45","0","0"
"10-17 years","Carroll","217","0","2"
"18-29 years","Carroll","807","0","7"
"30-39 years","Carroll","458","3","12"
"40-49 years","Carroll","480","3","14"
"50-59 years","Carroll","452","9","35"
"60-69 years","Carroll","320","10","39"
"70-79 years","Carroll","200","25","38"
"80 & Older years","Carroll","145","25","27"
"<1 years","Carroll","13","0","0"
"Unknown years","Carroll","7","0","0"
"01-04 years","Catoosa","22","0","0"
"05-09 years","Catoosa","19","0","0"
"10-17 years","Catoosa","102","0","0"
"18-29 years","Catoosa","239","0","4"
"30-39 years","Catoosa","190","0","4"
"40-49 years","Catoosa","239","1","9"
"50-59 years","Catoosa","187","4","8"
"60-69 years","Catoosa","152","3","22"
"70-79 years","Catoosa","110","6","19"
"80 & Older years","Catoosa","59","6","14"
"<1 years","Catoosa","7","0","0"
"Unknown years","Catoosa","19","0","1"
"01-04 years","Charlton","9","0","0"
"05-09 years","Charlton","16","0","0"
"10-17 years","Charlton","25","0","0"
"18-29 years","Charlton","122","0","1"
"30-39 years","Charlton","141","0","2"
"40-49 years","Charlton","124","1","5"
"50-59 years","Charlton","90","0","2"
"60-69 years","Charlton","81","3","6"
"70-79 years","Charlton","23","4","5"
"80 & Older years","Charlton","9","2","6"
"<1 years","Charlton","2","0","0"
"Unknown years","Charlton","1","0","0"
"01-04 years","Chatham","144","0","0"
"05-09 years","Chatham","169","1","0"
"10-17 years","Chatham","551","0","11"
"18-29 years","Chatham","2495","1","38"
"30-39 years","Chatham","1631","4","70"
"40-49 years","Chatham","1202","6","81"
"50-59 years","Chatham","1152","19","140"
"60-69 years","Chatham","891","39","178"
"70-79 years","Chatham","491","47","166"
"80 & Older years","Chatham","307","65","125"
"<1 years","Chatham","36","0","3"
"Unknown years","Chatham","56","0","2"
"01-04 years","Chattahoochee","3","0","0"
"05-09 years","Chattahoochee","1","0","0"
"10-17 years","Chattahoochee","94","0","1"
"18-29 years","Chattahoochee","1444","0","1"
"30-39 years","Chattahoochee","111","0","1"
"40-49 years","Chattahoochee","25","0","0"
"50-59 years","Chattahoochee","17","0","5"
"60-69 years","Chattahoochee","9","0","3"
"70-79 years","Chattahoochee","4","0","1"
"80 & Older years","Chattahoochee","3","1","2"
"<1 years","Chattahoochee","6","0","0"
"Unknown years","Chattahoochee","1","0","0"
"01-04 years","Chattooga","3","0","0"
"05-09 years","Chattooga","10","0","0"
"10-17 years","Chattooga","56","0","0"
"18-29 years","Chattooga","160","0","1"
"30-39 years","Chattooga","130","0","5"
"40-49 years","Chattooga","142","1","4"
"50-59 years","Chattooga","128","2","7"
"60-69 years","Chattooga","108","5","15"
"70-79 years","Chattooga","70","6","15"
"80 & Older years","Chattooga","59","13","14"
"<1 years","Chattooga","2","0","1"
"Unknown years","Chattooga","7","0","1"
"01-04 years","Cherokee","67","0","5"
"05-09 years","Cherokee","121","0","3"
"10-17 years","Cherokee","578","0","2"
"18-29 years","Cherokee","1675","1","39"
"30-39 years","Cherokee","973","1","54"
"40-49 years","Cherokee","1088","2","59"
"50-59 years","Cherokee","1076","7","92"
"60-69 years","Cherokee","556","15","85"
"70-79 years","Cherokee","329","22","84"
"80 & Older years","Cherokee","246","52","96"
"<1 years","Cherokee","20","0","0"
"Unknown years","Cherokee","27","0","0"
"01-04 years","Clarke","65","0","0"
"05-09 years","Clarke","75","0","1"
"10-17 years","Clarke","219","0","4"
"18-29 years","Clarke","3243","0","14"
"30-39 years","Clarke","580","1","21"
"40-49 years","Clarke","452","1","24"
"50-59 years","Clarke","410","4","37"
"60-69 years","Clarke","280","9","59"
"70-79 years","Clarke","140","19","57"
"80 & Older years","Clarke","71","12","21"
"<1 years","Clarke","14","0","1"
"Unknown years","Clarke","2","0","0"
"01-04 years","Clay","1","0","0"
"05-09 years","Clay","2","0","0"
"10-17 years","Clay","10","0","0"
"18-29 years","Clay","21","0","0"
"30-39 years","Clay","21","0","1"
"40-49 years","Clay","18","0","0"
"50-59 years","Clay","16","0","1"
"60-69 years","Clay","16","1","2"
"70-79 years","Clay","6","0","0"
"80 & Older years","Clay","10","2","5"
"Unknown years","Clay","1","0","0"
"01-04 years","Clayton","105","0","5"
"05-09 years","Clayton","140","0","3"
"10-17 years","Clayton","384","0","11"
"18-29 years","Clayton","1787","2","58"
"30-39 years","Clayton","1539","6","84"
"40-49 years","Clayton","1283","14","104"
"50-59 years","Clayton","1214","24","150"
"60-69 years","Clayton","807","46","129"
"70-79 years","Clayton","353","37","80"
"80 & Older years","Clayton","204","44","50"
"<1 years","Clayton","22","0","1"
"Unknown years","Clayton","21","1","0"
"01-04 years","Clinch","7","0","0"
"05-09 years","Clinch","9","0","0"
"10-17 years","Clinch","49","0","0"
"18-29 years","Clinch","90","0","2"
"30-39 years","Clinch","59","1","2"
"40-49 years","Clinch","58","0","1"
"50-59 years","Clinch","50","0","6"
"60-69 years","Clinch","62","5","9"
"70-79 years","Clinch","26","6","8"
"80 & Older years","Clinch","12","0","2"
"<1 years","Clinch","1","0","0"
"Unknown years","Clinch","1","0","0"
"01-04 years","Cobb","190","1","8"
"05-09 years","Cobb","277","0","3"
"10-17 years","Cobb","1011","0","17"
"18-29 years","Cobb","6096","6","165"
"30-39 years","Cobb","3640","9","185"
"40-49 years","Cobb","3389","15","296"
"50-59 years","Cobb","2971","28","370"
"60-69 years","Cobb","1771","60","330"
"70-79 years","Cobb","1020","137","284"
"80 & Older years","Cobb","723","192","257"
"<1 years","Cobb","70","0","7"
"Unknown years","Cobb","38","0","3"
"01-04 years","Coffee","39","0","2"
"05-09 years","Coffee","42","0","3"
"10-17 years","Coffee","109","0","1"
"18-29 years","Coffee","423","0","7"
"30-39 years","Coffee","314","1","18"
"40-49 years","Coffee","353","2","47"
"50-59 years","Coffee","351","2","65"
"60-69 years","Coffee","309","16","67"
"70-79 years","Coffee","140","18","57"
"80 & Older years","Coffee","93","20","50"
"<1 years","Coffee","8","0","0"
"Unknown years","Coffee","6","0","0"
"01-04 years","Colquitt","30","0","0"
"05-09 years","Colquitt","45","0","1"
"10-17 years","Colquitt","181","0","2"
"18-29 years","Colquitt","493","0","15"
"30-39 years","Colquitt","346","0","15"
"40-49 years","Colquitt","320","4","27"
"50-59 years","Colquitt","277","9","28"
"60-69 years","Colquitt","196","9","29"
"70-79 years","Colquitt","107","6","27"
"80 & Older years","Colquitt","66","11","18"
"<1 years","Colquitt","7","0","0"
"Unknown years","Colquitt","4","0","0"
"01-04 years","Columbia","25","0","1"
"05-09 years","Columbia","68","0","0"
"10-17 years","Columbia","326","0","1"
"18-29 years","Columbia","972","0","6"
"30-39 years","Columbia","716","2","12"
"40-49 years","Columbia","723","4","20"
"50-59 years","Columbia","614","9","43"
"60-69 years","Columbia","387","8","46"
"70-79 years","Columbia","214","17","33"
"80 & Older years","Columbia","122","24","31"
"<1 years","Columbia","11","0","1"
"Unknown years","Columbia","2","0","0"
"01-04 years","Cook","8","0","0"
"05-09 years","Cook","10","0","0"
"10-17 years","Cook","44","0","1"
"18-29 years","Cook","124","0","2"
"30-39 years","Cook","90","0","4"
"40-49 years","Cook","91","0","9"
"50-59 years","Cook","74","1","14"
"60-69 years","Cook","60","3","10"
"70-79 years","Cook","45","9","14"
"80 & Older years","Cook","17","3","7"
"<1 years","Cook","5","0","0"
"Unknown years","Cook","3","0","0"
"01-04 years","Coweta","37","0","0"
"05-09 years","Coweta","47","0","0"
"10-17 years","Coweta","177","0","0"
"18-29 years","Coweta","624","1","9"
"30-39 years","Coweta","434","0","11"
"40-49 years","Coweta","432","3","19"
"50-59 years","Coweta","502","6","29"
"60-69 years","Coweta","311","14","29"
"70-79 years","Coweta","170","14","28"
"80 & Older years","Coweta","116","22","17"
"<1 years","Coweta","8","0","0"
"Unknown years","Coweta","3","0","0"
"01-04 years","Crawford","1","0","0"
"05-09 years","Crawford","1","0","0"
"10-17 years","Crawford","11","0","0"
"18-29 years","Crawford","39","0","1"
"30-39 years","Crawford","27","0","3"
"40-49 years","Crawford","19","0","2"
"50-59 years","Crawford","46","1","7"
"60-69 years","Crawford","33","3","10"
"70-79 years","Crawford","7","2","3"
"80 & Older years","Crawford","5","0","2"
"01-04 years","Crisp","9","0","0"
"05-09 years","Crisp","9","0","0"
"10-17 years","Crisp","36","0","0"
"18-29 years","Crisp","109","0","5"
"30-39 years","Crisp","100","0","8"
"40-49 years","Crisp","89","1","8"
"50-59 years","Crisp","91","2","14"
"60-69 years","Crisp","97","7","20"
"70-79 years","Crisp","46","6","19"
"80 & Older years","Crisp","31","7","7"
"<1 years","Crisp","5","0","0"
"Unknown years","Crisp","9","0","0"
"01-04 years","Dade","1","0","0"
"05-09 years","Dade","9","0","0"
"10-17 years","Dade","28","0","0"
"18-29 years","Dade","59","0","1"
"30-39 years","Dade","49","0","1"
"40-49 years","Dade","56","0","3"
"50-59 years","Dade","52","1","4"
"60-69 years","Dade","32","0","2"
"70-79 years","Dade","29","4","7"
"80 & Older years","Dade","5","0","2"
"<1 years","Dade","2","0","0"
"Unknown years","Dade","3","0","1"
"01-04 years","Dawson","6","0","0"
"05-09 years","Dawson","8","0","0"
"10-17 years","Dawson","67","0","2"
"18-29 years","Dawson","207","0","7"
"30-39 years","Dawson","120","0","3"
"40-49 years","Dawson","122","0","12"
"50-59 years","Dawson","141","0","9"
"60-69 years","Dawson","117","1","27"
"70-79 years","Dawson","67","6","17"
"80 & Older years","Dawson","26","3","7"
"<1 years","Dawson","5","0","0"
"01-04 years","DeKalb","240","0","7"
"05-09 years","DeKalb","320","0","4"
"10-17 years","DeKalb","923","0","31"
"18-29 years","DeKalb","4940","5","219"
"30-39 years","DeKalb","4140","13","297"
"40-49 years","DeKalb","3271","19","322"
"50-59 years","DeKalb","2916","49","423"
"60-69 years","DeKalb","1790","84","410"
"70-79 years","DeKalb","957","103","308"
"80 & Older years","DeKalb","592","117","205"
"<1 years","DeKalb","66","0","4"
"Unknown years","DeKalb","151","0","5"
"01-04 years","Decatur","28","0","1"
"05-09 years","Decatur","38","0","0"
"10-17 years","Decatur","102","0","0"
"18-29 years","Decatur","261","1","6"
"30-39 years","Decatur","198","1","6"
"40-49 years","Decatur","201","0","13"
"50-59 years","Decatur","165","4","21"
"60-69 years","Decatur","119","7","22"
"70-79 years","Decatur","72","12","17"
"80 & Older years","Decatur","69","9","12"
"<1 years","Decatur","6","0","0"
"Unknown years","Decatur","1","0","1"
"01-04 years","Dodge","4","0","0"
"05-09 years","Dodge","11","0","0"
"10-17 years","Dodge","44","1","1"
"18-29 years","Dodge","71","0","0"
"30-39 years","Dodge","41","0","1"
"40-49 years","Dodge","91","0","9"
"50-59 years","Dodge","97","1","7"
"60-69 years","Dodge","82","5","14"
"70-79 years","Dodge","45","3","8"
"80 & Older years","Dodge","36","4","7"
"<1 years","Dodge","2","0","0"
"Unknown years","Dodge","2","0","0"
"01-04 years","Dooly","8","0","0"
"05-09 years","Dooly","3","0","0"
"10-17 years","Dooly","15","0","0"
"18-29 years","Dooly","51","0","4"
"30-39 years","Dooly","53","0","6"
"40-49 years","Dooly","68","0","7"
"50-59 years","Dooly","67","3","11"
"60-69 years","Dooly","58","6","14"
"70-79 years","Dooly","26","4","9"
"80 & Older years","Dooly","10","3","3"
"Unknown years","Dooly","1","0","0"
"01-04 years","Dougherty","22","0","3"
"05-09 years","Dougherty","40","0","0"
"10-17 years","Dougherty","111","0","3"
"18-29 years","Dougherty","537","2","52"
"30-39 years","Dougherty","473","3","53"
"40-49 years","Dougherty","516","12","82"
"50-59 years","Dougherty","589","17","114"
"60-69 years","Dougherty","484","50","152"
"70-79 years","Dougherty","291","46","120"
"80 & Older years","Dougherty","187","60","82"
"<1 years","Dougherty","13","0","1"
"Unknown years","Dougherty","4","0","0"
"01-04 years","Douglas","37","0","0"
"05-09 years","Douglas","67","0","3"
"10-17 years","Douglas","202","0","2"
"18-29 years","Douglas","872","0","34"
"30-39 years","Douglas","675","3","43"
"40-49 years","Douglas","751","3","70"
"50-59 years","Douglas","627","7","90"
"60-69 years","Douglas","383","15","96"
"70-79 years","Douglas","207","24","63"
"80 & Older years","Douglas","114","19","47"
"<1 years","Douglas","8","0","1"
"Unknown years","Douglas","5","0","0"
"01-04 years","Early","11","0","0"
"05-09 years","Early","13","0","0"
"10-17 years","Early","30","0","0"
"18-29 years","Early","94","0","3"
"30-39 years","Early","72","0","3"
"40-49 years","Early","91","1","7"
"50-59 years","Early","83","2","6"
"60-69 years","Early","62","9","10"
"70-79 years","Early","42","11","7"
"80 & Older years","Early","30","11","6"
"<1 years","Early","2","0","0"
"01-04 years","Echols","2","0","0"
"05-09 years","Echols","4","0","0"
"10-17 years","Echols","12","0","1"
"18-29 years","Echols","105","0","1"
"30-39 years","Echols","45","0","2"
"40-49 years","Echols","27","0","0"
"50-59 years","Echols","26","0","2"
"60-69 years","Echols","11","0","0"
"70-79 years","Echols","11","2","3"
"<1 years","Echols","1","0","0"
"01-04 years","Effingham","14","0","1"
"05-09 years","Effingham","35","0","0"
"10-17 years","Effingham","144","0","0"
"18-29 years","Effingham","346","0","1"
"30-39 years","Effingham","251","1","8"
"40-49 years","Effingham","285","0","11"
"50-59 years","Effingham","290","6","23"
"60-69 years","Effingham","174","1","25"
"70-79 years","Effingham","99","9","22"
"80 & Older years","Effingham","50","11","17"
"<1 years","Effingham","5","0","0"
"Unknown years","Effingham","14","0","1"
"01-04 years","Elbert","8","0","0"
"05-09 years","Elbert","16","0","0"
"10-17 years","Elbert","42","0","0"
"18-29 years","Elbert","142","0","0"
"30-39 years","Elbert","93","0","5"
"40-49 years","Elbert","108","0","4"
"50-59 years","Elbert","117","0","8"
"60-69 years","Elbert","89","0","11"
"70-79 years","Elbert","70","4","11"
"80 & Older years","Elbert","53","4","14"
"<1 years","Elbert","3","0","1"
"Unknown years","Elbert","8","0","0"
"01-04 years","Emanuel","16","0","1"
"05-09 years","Emanuel","12","0","0"
"10-17 years","Emanuel","113","0","2"
"18-29 years","Emanuel","209","1","0"
"30-39 years","Emanuel","158","0","5"
"40-49 years","Emanuel","196","1","6"
"50-59 years","Emanuel","164","3","17"
"60-69 years","Emanuel","149","6","19"
"70-79 years","Emanuel","91","12","18"
"80 & Older years","Emanuel","45","13","14"
"<1 years","Emanuel","4","0","0"
"Unknown years","Emanuel","8","0","1"
"01-04 years","Evans","5","0","0"
"05-09 years","Evans","12","0","0"
"10-17 years","Evans","48","0","0"
"18-29 years","Evans","93","0","2"
"30-39 years","Evans","83","0","3"
"40-49 years","Evans","72","0","6"
"50-59 years","Evans","73","1","12"
"60-69 years","Evans","38","2","9"
"70-79 years","Evans","26","2","9"
"80 & Older years","Evans","10","1","1"
"<1 years","Evans","2","0","0"
"Unknown years","Evans","2","0","0"
"01-04 years","Fannin","6","0","0"
"05-09 years","Fannin","11","0","0"
"10-17 years","Fannin","45","0","0"
"18-29 years","Fannin","119","0","2"
"30-39 years","Fannin","77","0","2"
"40-49 years","Fannin","103","0","5"
"50-59 years","Fannin","115","3","8"
"60-69 years","Fannin","129","6","15"
"70-79 years","Fannin","96","1","16"
"80 & Older years","Fannin","73","18","20"
"<1 years","Fannin","3","0","0"
"Unknown years","Fannin","3","0","0"
"01-04 years","Fayette","17","0","0"
"05-09 years","Fayette","21","0","1"
"10-17 years","Fayette","124","0","1"
"18-29 years","Fayette","463","0","5"
"30-39 years","Fayette","228","0","5"
"40-49 years","Fayette","345","1","16"
"50-59 years","Fayette","352","2","22"
"60-69 years","Fayette","259","10","18"
"70-79 years","Fayette","139","19","30"
"80 & Older years","Fayette","77","21","21"
"<1 years","Fayette","1","0","0"
"Unknown years","Fayette","23","0","0"
"01-04 years","Floyd","42","0","0"
"05-09 years","Floyd","74","0","0"
"10-17 years","Floyd","348","0","7"
"18-29 years","Floyd","774","0","14"
"30-39 years","Floyd","592","2","20"
"40-49 years","Floyd","565","1","32"
"50-59 years","Floyd","474","8","56"
"60-69 years","Floyd","348","12","54"
"70-79 years","Floyd","228","13","58"
"80 & Older years","Floyd","117","19","32"
"<1 years","Floyd","17","0","0"
"Unknown years","Floyd","47","0","1"
"01-04 years","Forsyth","42","0","0"
"05-09 years","Forsyth","96","0","0"
"10-17 years","Forsyth","369","0","0"
"18-29 years","Forsyth","1188","0","25"
"30-39 years","Forsyth","669","0","26"
"40-49 years","Forsyth","770","2","49"
"50-59 years","Forsyth","696","8","65"
"60-69 years","Forsyth","366","6","65"
"70-79 years","Forsyth","200","17","70"
"80 & Older years","Forsyth","111","19","48"
"<1 years","Forsyth","15","0","1"
"Unknown years","Forsyth","38","0","0"
"01-04 years","Franklin","7","0","0"
"05-09 years","Franklin","19","0","0"
"10-17 years","Franklin","69","0","3"
"18-29 years","Franklin","178","0","4"
"30-39 years","Franklin","114","0","1"
"40-49 years","Franklin","123","0","9"
"50-59 years","Franklin","133","0","11"
"60-69 years","Franklin","95","2","12"
"70-79 years","Franklin","53","8","10"
"80 & Older years","Franklin","28","7","12"
"<1 years","Franklin","3","0","1"
"Unknown years","Franklin","21","0","1"
"01-04 years","Fulton","275","0","11"
"05-09 years","Fulton","404","0","7"
"10-17 years","Fulton","1409","1","22"
"18-29 years","Fulton","8979","4","208"
"30-39 years","Fulton","5909","13","306"
"40-49 years","Fulton","4442","26","348"
"50-59 years","Fulton","3717","50","457"
"60-69 years","Fulton","2278","108","444"
"70-79 years","Fulton","1282","150","368"
"80 & Older years","Fulton","1026","254","361"
"<1 years","Fulton","85","0","4"
"Unknown years","Fulton","79","1","6"
"01-04 years","Gilmer","16","0","1"
"05-09 years","Gilmer","15","0","0"
"10-17 years","Gilmer","72","0","2"
"18-29 years","Gilmer","143","0","7"
"30-39 years","Gilmer","138","0","9"
"40-49 years","Gilmer","157","0","9"
"50-59 years","Gilmer","140","3","11"
"60-69 years","Gilmer","146","1","17"
"70-79 years","Gilmer","88","5","19"
"80 & Older years","Gilmer","55","10","14"
"<1 years","Gilmer","6","0","0"
"Unknown years","Gilmer","6","0","0"
"05-09 years","Glascock","1","0","0"
"18-29 years","Glascock","8","0","0"
"30-39 years","Glascock","5","0","0"
"40-49 years","Glascock","7","0","0"
"50-59 years","Glascock","9","1","1"
"60-69 years","Glascock","8","0","0"
"80 & Older years","Glascock","4","1","3"
"<1 years","Glascock","1","0","0"
"01-04 years","Glynn","55","0","1"
"05-09 years","Glynn","95","0","1"
"10-17 years","Glynn","245","0","0"
"18-29 years","Glynn","879","0","14"
"30-39 years","Glynn","583","2","21"
"40-49 years","Glynn","494","3","27"
"50-59 years","Glynn","456","8","55"
"60-69 years","Glynn","371","21","80"
"70-79 years","Glynn","242","27","50"
"80 & Older years","Glynn","176","40","61"
"<1 years","Glynn","14","0","0"
"Unknown years","Glynn","18","0","0"
"01-04 years","Gordon","24","0","0"
"05-09 years","Gordon","37","0","0"
"10-17 years","Gordon","163","0","2"
"18-29 years","Gordon","462","0","6"
"30-39 years","Gordon","339","0","14"
"40-49 years","Gordon","394","0","14"
"50-59 years","Gordon","319","5","20"
"60-69 years","Gordon","211","7","16"
"70-79 years","Gordon","136","15","31"
"80 & Older years","Gordon","63","15","21"
"<1 years","Gordon","3","0","1"
"Unknown years","Gordon","7","0","0"
"01-04 years","Grady","16","0","1"
"05-09 years","Grady","21","0","0"
"10-17 years","Grady","72","0","2"
"18-29 years","Grady","140","0","5"
"30-39 years","Grady","141","0","5"
"40-49 years","Grady","139","0","18"
"50-59 years","Grady","109","3","15"
"60-69 years","Grady","87","2","18"
"70-79 years","Grady","78","8","21"
"80 & Older years","Grady","34","12","13"
"<1 years","Grady","3","0","0"
"Unknown years","Grady","3","0","0"
"01-04 years","Greene","5","0","0"
"05-09 years","Greene","18","0","0"
"10-17 years","Greene","33","0","0"
"18-29 years","Greene","133","0","4"
"30-39 years","Greene","77","0","5"
"40-49 years","Greene","65","3","7"
"50-59 years","Greene","71","3","7"
"60-69 years","Greene","68","2","9"
"70-79 years","Greene","50","5","12"
"80 & Older years","Greene","33","12","15"
"<1 years","Greene","1","0","1"
"Unknown years","Greene","2","0","0"
"01-04 years","Gwinnett","450","0","11"
"05-09 years","Gwinnett","653","0","10"
"10-17 years","Gwinnett","1921","1","42"
"18-29 years","Gwinnett","7506","1","327"
"30-39 years","Gwinnett","5242","10","361"
"40-49 years","Gwinnett","5528","25","476"
"50-59 years","Gwinnett","4304","51","500"
"60-69 years","Gwinnett","2322","83","468"
"70-79 years","Gwinnett","970","87","309"
"80 & Older years","Gwinnett","681","176","332"
"<1 years","Gwinnett","117","0","4"
"Unknown years","Gwinnett","54","0","0"
"01-04 years","Habersham","12","0","1"
"05-09 years","Habersham","14","0","0"
"10-17 years","Habersham","84","1","5"
"18-29 years","Habersham","371","0","7"
"30-39 years","Habersham","264","2","19"
"40-49 years","Habersham","276","1","24"
"50-59 years","Habersham","285","4","28"
"60-69 years","Habersham","211","8","59"
"70-79 years","Habersham","152","16","50"
"80 & Older years","Habersham","143","43","43"
"<1 years","Habersham","4","0","1"
"Unknown years","Habersham","13","0","1"
"01-04 years","Hall","79","0","3"
"05-09 years","Hall","160","0","1"
"10-17 years","Hall","663","0","13"
"18-29 years","Hall","2490","3","94"
"30-39 years","Hall","1562","1","92"
"40-49 years","Hall","1680","7","145"
"50-59 years","Hall","1640","12","199"
"60-69 years","Hall","959","36","180"
"70-79 years","Hall","567","36","152"
"80 & Older years","Hall","392","73","160"
"<1 years","Hall","18","0","5"
"Unknown years","Hall","135","0","7"
"01-04 years","Hancock","3","0","0"
"05-09 years","Hancock","3","0","0"
"10-17 years","Hancock","15","0","0"
"18-29 years","Hancock","48","0","1"
"30-39 years","Hancock","41","0","2"
"40-49 years","Hancock","59","1","4"
"50-59 years","Hancock","65","2","7"
"60-69 years","Hancock","87","12","21"
"70-79 years","Hancock","47","12","16"
"80 & Older years","Hancock","43","17","17"
"<1 years","Hancock","1","0","0"
"01-04 years","Haralson","7","0","0"
"05-09 years","Haralson","10","0","0"
"10-17 years","Haralson","58","0","1"
"18-29 years","Haralson","142","0","1"
"30-39 years","Haralson","95","0","2"
"40-49 years","Haralson","76","1","4"
"50-59 years","Haralson","75","0","1"
"60-69 years","Haralson","68","3","8"
"70-79 years","Haralson","46","6","10"
"80 & Older years","Haralson","19","0","2"
"<1 years","Haralson","4","0","0"
"01-04 years","Harris","10","0","0"
"05-09 years","Harris","8","0","0"
"10-17 years","Harris","68","0","2"
"18-29 years","Harris","138","0","2"
"30-39 years","Harris","89","0","3"
"40-49 years","Harris","134","1","6"
"50-59 years","Harris","151","4","15"
"60-69 years","Harris","146","9","37"
"70-79 years","Harris","67","7","21"
"80 & Older years","Harris","23","4","6"
"<1 years","Harris","2","0","0"
"Unknown years","Harris","1","0","0"
"01-04 years","Hart","8","0","0"
"05-09 years","Hart","11","0","1"
"10-17 years","Hart","26","0","0"
"18-29 years","Hart","99","0","0"
"30-39 years","Hart","76","0","4"
"40-49 years","Hart","86","0","6"
"50-59 years","Hart","102","1","12"
"60-69 years","Hart","78","5","19"
"70-79 years","Hart","38","3","7"
"80 & Older years","Hart","34","7","20"
"<1 years","Hart","1","0","1"
"01-04 years","Heard","1","0","0"
"05-09 years","Heard","8","0","0"
"10-17 years","Heard","13","0","1"
"18-29 years","Heard","45","0","0"
"30-39 years","Heard","22","0","1"
"40-49 years","Heard","38","0","2"
"50-59 years","Heard","29","0","2"
"60-69 years","Heard","31","1","3"
"70-79 years","Heard","18","3","5"
"80 & Older years","Heard","6","2","1"
"Unknown years","Heard","1","0","0"
"01-04 years","Henry","49","0","1"
"05-09 years","Henry","94","0","1"
"10-17 years","Henry","336","0","2"
"18-29 years","Henry","1309","0","17"
"30-39 years","Henry","1044","3","22"
"40-49 years","Henry","1131","6","42"
"50-59 years","Henry","1002","11","70"
"60-69 years","Henry","517","21","39"
"70-79 years","Henry","275","31","39"
"80 & Older years","Henry","156","39","28"
"<1 years","Henry","13","0","2"
"Unknown years","Henry","10","0","0"
"01-04 years","Houston","40","0","1"
"05-09 years","Houston","65","0","1"
"10-17 years","Houston","183","0","3"
"18-29 years","Houston","791","2","26"
"30-39 years","Houston","645","1","38"
"40-49 years","Houston","602","2","64"
"50-59 years","Houston","525","8","66"
"60-69 years","Houston","313","21","72"
"70-79 years","Houston","178","32","75"
"80 & Older years","Houston","95","23","49"
"<1 years","Houston","10","0","1"
"Unknown years","Houston","2","0","0"
"01-04 years","Irwin","3","0","0"
"05-09 years","Irwin","7","0","0"
"10-17 years","Irwin","25","0","0"
"18-29 years","Irwin","60","0","3"
"30-39 years","Irwin","57","0","4"
"40-49 years","Irwin","64","0","4"
"50-59 years","Irwin","52","0","5"
"60-69 years","Irwin","43","1","13"
"70-79 years","Irwin","19","2","1"
"80 & Older years","Irwin","17","3","10"
"01-04 years","Jackson","15","0","0"
"05-09 years","Jackson","40","0","0"
"10-17 years","Jackson","189","0","1"
"18-29 years","Jackson","476","0","9"
"30-39 years","Jackson","356","0","12"
"40-49 years","Jackson","367","1","28"
"50-59 years","Jackson","375","4","33"
"60-69 years","Jackson","210","5","28"
"70-79 years","Jackson","142","12","38"
"80 & Older years","Jackson","72","18","31"
"<1 years","Jackson","6","0","2"
"Unknown years","Jackson","11","0","1"
"05-09 years","Jasper","4","0","0"
"10-17 years","Jasper","9","0","0"
"18-29 years","Jasper","52","0","1"
"30-39 years","Jasper","40","0","0"
"40-49 years","Jasper","30","0","2"
"50-59 years","Jasper","49","0","6"
"60-69 years","Jasper","34","3","8"
"70-79 years","Jasper","16","1","3"
"80 & Older years","Jasper","6","0","0"
"<1 years","Jasper","2","0","0"
"01-04 years","Jeff Davis","19","0","0"
"05-09 years","Jeff Davis","22","0","0"
"10-17 years","Jeff Davis","63","0","2"
"18-29 years","Jeff Davis","154","0","2"
"30-39 years","Jeff Davis","132","0","5"
"40-49 years","Jeff Davis","126","0","9"
"50-59 years","Jeff Davis","113","2","7"
"60-69 years","Jeff Davis","81","5","13"
"70-79 years","Jeff Davis","48","10","13"
"80 & Older years","Jeff Davis","11","5","5"
"<1 years","Jeff Davis","2","0","1"
"Unknown years","Jeff Davis","2","0","0"
"01-04 years","Jefferson","16","0","0"
"05-09 years","Jefferson","20","0","0"
"10-17 years","Jefferson","51","0","0"
"18-29 years","Jefferson","132","0","2"
"30-39 years","Jefferson","104","0","5"
"40-49 years","Jefferson","119","3","9"
"50-59 years","Jefferson","147","2","14"
"60-69 years","Jefferson","118","6","16"
"70-79 years","Jefferson","86","9","18"
"80 & Older years","Jefferson","35","12","16"
"<1 years","Jefferson","4","0","0"
"Unknown years","Jefferson","3","0","0"
"01-04 years","Jenkins","5","0","0"
"05-09 years","Jenkins","12","0","0"
"10-17 years","Jenkins","38","0","0"
"18-29 years","Jenkins","72","0","2"
"30-39 years","Jenkins","43","1","3"
"40-49 years","Jenkins","68","2","8"
"50-59 years","Jenkins","79","5","13"
"60-69 years","Jenkins","60","5","9"
"70-79 years","Jenkins","39","11","19"
"80 & Older years","Jenkins","44","8","11"
"<1 years","Jenkins","2","0","0"
"01-04 years","Johnson","4","0","0"
"05-09 years","Johnson","5","0","0"
"10-17 years","Johnson","14","0","0"
"18-29 years","Johnson","74","0","2"
"30-39 years","Johnson","47","0","3"
"40-49 years","Johnson","54","1","6"
"50-59 years","Johnson","71","0","12"
"60-69 years","Johnson","68","5","12"
"70-79 years","Johnson","50","6","13"
"80 & Older years","Johnson","50","10","11"
"Unknown years","Johnson","1","0","0"
"01-04 years","Jones","2","0","0"
"05-09 years","Jones","7","0","0"
"10-17 years","Jones","26","0","0"
"18-29 years","Jones","164","0","3"
"30-39 years","Jones","95","0","3"
"40-49 years","Jones","94","0","4"
"50-59 years","Jones","100","1","12"
"60-69 years","Jones","72","1","11"
"70-79 years","Jones","38","4","14"
"80 & Older years","Jones","29","8","4"
"<1 years","Jones","1","0","0"
"01-04 years","Lamar","5","0","0"
"05-09 years","Lamar","15","0","0"
"10-17 years","Lamar","27","0","1"
"18-29 years","Lamar","56","0","1"
"30-39 years","Lamar","51","0","1"
"40-49 years","Lamar","57","1","2"
"50-59 years","Lamar","62","1","9"
"60-69 years","Lamar","53","3","9"
"70-79 years","Lamar","43","4","10"
"80 & Older years","Lamar","28","10","12"
"<1 years","Lamar","3","0","0"
"Unknown years","Lamar","2","0","0"
"01-04 years","Lanier","5","0","0"
"05-09 years","Lanier","8","0","1"
"10-17 years","Lanier","19","0","1"
"18-29 years","Lanier","71","1","0"
"30-39 years","Lanier","83","0","1"
"40-49 years","Lanier","41","1","1"
"50-59 years","Lanier","39","0","3"
"60-69 years","Lanier","23","1","1"
"70-79 years","Lanier","13","4","4"
"80 & Older years","Lanier","9","0","4"
"<1 years","Lanier","3","0","0"
"01-04 years","Laurens","14","0","0"
"05-09 years","Laurens","17","0","0"
"10-17 years","Laurens","118","0","1"
"18-29 years","Laurens","347","0","4"
"30-39 years","Laurens","252","0","6"
"40-49 years","Laurens","273","3","14"
"50-59 years","Laurens","306","5","33"
"60-69 years","Laurens","258","20","41"
"70-79 years","Laurens","183","25","39"
"80 & Older years","Laurens","121","33","27"
"<1 years","Laurens","6","0","0"
"Unknown years","Laurens","9","0","0"
"01-04 years","Lee","7","0","0"
"05-09 years","Lee","11","0","2"
"10-17 years","Lee","42","0","1"
"18-29 years","Lee","117","1","6"
"30-39 years","Lee","140","1","13"
"40-49 years","Lee","135","3","17"
"50-59 years","Lee","127","5","23"
"60-69 years","Lee","89","6","17"
"70-79 years","Lee","47","6","19"
"80 & Older years","Lee","20","5","10"
"<1 years","Lee","4","0","0"
"01-04 years","Liberty","11","0","0"
"05-09 years","Liberty","25","0","1"
"10-17 years","Liberty","75","0","1"
"18-29 years","Liberty","283","1","9"
"30-39 years","Liberty","211","0","7"
"40-49 years","Liberty","194","0","9"
"50-59 years","Liberty","161","1","25"
"60-69 years","Liberty","126","7","24"
"70-79 years","Liberty","60","8","24"
"80 & Older years","Liberty","38","7","16"
"<1 years","Liberty","12","0","1"
"Unknown years","Liberty","5","0","0"
"01-04 years","Lincoln","3","0","0"
"05-09 years","Lincoln","7","0","0"
"10-17 years","Lincoln","9","0","0"
"18-29 years","Lincoln","44","0","1"
"30-39 years","Lincoln","29","0","1"
"40-49 years","Lincoln","38","0","3"
"50-59 years","Lincoln","30","0","1"
"60-69 years","Lincoln","33","2","8"
"70-79 years","Lincoln","20","1","7"
"80 & Older years","Lincoln","7","4","3"
"<1 years","Lincoln","1","0","0"
"Unknown years","Lincoln","1","0","0"
"01-04 years","Long","10","0","0"
"05-09 years","Long","3","0","0"
"10-17 years","Long","16","0","0"
"18-29 years","Long","52","0","0"
"30-39 years","Long","64","0","0"
"40-49 years","Long","38","0","2"
"50-59 years","Long","35","1","5"
"60-69 years","Long","30","0","3"
"70-79 years","Long","15","3","5"
"80 & Older years","Long","4","0","2"
"<1 years","Long","3","0","0"
"Unknown years","Long","1","0","1"
"01-04 years","Lowndes","64","0","0"
"05-09 years","Lowndes","96","0","0"
"10-17 years","Lowndes","318","0","4"
"18-29 years","Lowndes","1343","3","21"
"30-39 years","Lowndes","688","0","14"
"40-49 years","Lowndes","622","1","28"
"50-59 years","Lowndes","495","6","34"
"60-69 years","Lowndes","330","15","41"
"70-79 years","Lowndes","188","27","33"
"80 & Older years","Lowndes","123","33","34"
"<1 years","Lowndes","17","0","0"
"Unknown years","Lowndes","26","0","0"
"01-04 years","Lumpkin","5","0","0"
"05-09 years","Lumpkin","11","0","0"
"10-17 years","Lumpkin","49","0","2"
"18-29 years","Lumpkin","279","0","3"
"30-39 years","Lumpkin","108","0","4"
"40-49 years","Lumpkin","125","0","10"
"50-59 years","Lumpkin","133","2","12"
"60-69 years","Lumpkin","140","4","17"
"70-79 years","Lumpkin","107","3","28"
"80 & Older years","Lumpkin","39","5","20"
"<1 years","Lumpkin","2","0","1"
"Unknown years","Lumpkin","14","0","0"
"01-04 years","Macon","5","0","0"
"05-09 years","Macon","6","0","0"
"10-17 years","Macon","8","0","0"
"18-29 years","Macon","40","0","1"
"30-39 years","Macon","26","0","3"
"40-49 years","Macon","45","1","5"
"50-59 years","Macon","50","3","9"
"60-69 years","Macon","28","3","16"
"70-79 years","Macon","23","1","10"
"80 & Older years","Macon","10","2","5"
"<1 years","Macon","1","0","0"
"01-04 years","Madison","14","0","0"
"05-09 years","Madison","10","0","0"
"10-17 years","Madison","78","0","0"
"18-29 years","Madison","143","0","1"
"30-39 years","Madison","124","0","5"
"40-49 years","Madison","125","0","8"
"50-59 years","Madison","127","1","14"
"60-69 years","Madison","69","2","13"
"70-79 years","Madison","45","6","18"
"80 & Older years","Madison","12","2","2"
"<1 years","Madison","8","0","1"
"01-04 years","Marion","2","0","0"
"05-09 years","Marion","2","0","0"
"10-17 years","Marion","13","0","0"
"18-29 years","Marion","32","0","0"
"30-39 years","Marion","23","0","2"
"40-49 years","Marion","33","1","5"
"50-59 years","Marion","30","2","5"
"60-69 years","Marion","27","3","3"
"70-79 years","Marion","16","1","3"
"80 & Older years","Marion","16","2","5"
"<1 years","Marion","1","0","0"
"01-04 years","McDuffie","4","0","0"
"05-09 years","McDuffie","5","0","0"
"10-17 years","McDuffie","34","0","0"
"18-29 years","McDuffie","138","0","3"
"30-39 years","McDuffie","102","1","2"
"40-49 years","McDuffie","109","2","8"
"50-59 years","McDuffie","114","2","14"
"60-69 years","McDuffie","84","2","12"
"70-79 years","McDuffie","57","5","24"
"80 & Older years","McDuffie","17","3","11"
"05-09 years","McIntosh","3","0","0"
"10-17 years","McIntosh","17","0","0"
"18-29 years","McIntosh","57","0","2"
"30-39 years","McIntosh","45","0","3"
"40-49 years","McIntosh","48","0","3"
"50-59 years","McIntosh","50","0","2"
"60-69 years","McIntosh","39","2","11"
"70-79 years","McIntosh","32","3","9"
"80 & Older years","McIntosh","6","2","2"
"<1 years","McIntosh","1","0","0"
"Unknown years","McIntosh","2","0","0"
"01-04 years","Meriwether","10","0","1"
"05-09 years","Meriwether","11","0","1"
"10-17 years","Meriwether","15","0","0"
"18-29 years","Meriwether","92","0","3"
"30-39 years","Meriwether","89","2","9"
"40-49 years","Meriwether","110","1","11"
"50-59 years","Meriwether","86","1","11"
"60-69 years","Meriwether","73","2","15"
"70-79 years","Meriwether","53","3","15"
"80 & Older years","Meriwether","35","7","9"
"<1 years","Meriwether","2","0","0"
"01-04 years","Miller","3","0","0"
"05-09 years","Miller","3","0","0"
"10-17 years","Miller","22","0","0"
"18-29 years","Miller","53","0","0"
"30-39 years","Miller","51","0","0"
"40-49 years","Miller","42","0","1"
"50-59 years","Miller","61","0","6"
"60-69 years","Miller","36","2","3"
"70-79 years","Miller","14","0","1"
"80 & Older years","Miller","10","0","1"
"<1 years","Miller","2","0","0"
"01-04 years","Mitchell","3","0","0"
"05-09 years","Mitchell","10","0","0"
"10-17 years","Mitchell","41","0","0"
"18-29 years","Mitchell","129","0","6"
"30-39 years","Mitchell","119","1","12"
"40-49 years","Mitchell","130","2","12"
"50-59 years","Mitchell","165","7","42"
"60-69 years","Mitchell","127","10","37"
"70-79 years","Mitchell","68","8","25"
"80 & Older years","Mitchell","49","17","18"
"Unknown years","Mitchell","3","0","1"
"01-04 years","Monroe","3","0","0"
"05-09 years","Monroe","6","0","0"
"10-17 years","Monroe","34","0","0"
"18-29 years","Monroe","130","1","2"
"30-39 years","Monroe","83","0","3"
"40-49 years","Monroe","95","1","9"
"50-59 years","Monroe","132","2","12"
"60-69 years","Monroe","103","8","24"
"70-79 years","Monroe","74","14","23"
"80 & Older years","Monroe","81","28","17"
"<1 years","Monroe","3","0","1"
"01-04 years","Montgomery","5","0","0"
"05-09 years","Montgomery","3","0","0"
"10-17 years","Montgomery","21","0","1"
"18-29 years","Montgomery","81","0","0"
"30-39 years","Montgomery","51","1","3"
"40-49 years","Montgomery","71","0","1"
"50-59 years","Montgomery","50","1","5"
"60-69 years","Montgomery","42","3","7"
"70-79 years","Montgomery","22","2","5"
"80 & Older years","Montgomery","9","2","2"
"<1 years","Montgomery","2","0","0"
"01-04 years","Morgan","14","0","0"
"05-09 years","Morgan","9","0","0"
"10-17 years","Morgan","45","0","0"
"18-29 years","Morgan","113","0","2"
"30-39 years","Morgan","70","0","5"
"40-49 years","Morgan","73","0","3"
"50-59 years","Morgan","82","0","7"
"60-69 years","Morgan","57","1","4"
"70-79 years","Morgan","23","1","7"
"80 & Older years","Morgan","23","3","11"
"<1 years","Morgan","5","0","0"
"Unknown years","Morgan","1","0","0"
"01-04 years","Murray","14","0","1"
"05-09 years","Murray","10","0","1"
"10-17 years","Murray","65","0","0"
"18-29 years","Murray","232","0","2"
"30-39 years","Murray","145","0","2"
"40-49 years","Murray","183","0","11"
"50-59 years","Murray","153","1","11"
"60-69 years","Murray","90","1","9"
"70-79 years","Murray","53","4","13"
"80 & Older years","Murray","11","2","5"
"<1 years","Murray","4","0","0"
"Unknown years","Murray","2","0","0"
"01-04 years","Muscogee","100","0","3"
"05-09 years","Muscogee","122","0","0"
"10-17 years","Muscogee","313","0","3"
"18-29 years","Muscogee","1623","3","40"
"30-39 years","Muscogee","1025","2","57"
"40-49 years","Muscogee","857","3","60"
"50-59 years","Muscogee","875","22","133"
"60-69 years","Muscogee","700","42","171"
"70-79 years","Muscogee","378","44","118"
"80 & Older years","Muscogee","213","57","98"
"<1 years","Muscogee","35","0","2"
"Unknown years","Muscogee","27","0","0"
"01-04 years","Newton","34","0","2"
"05-09 years","Newton","40","0","0"
"10-17 years","Newton","129","0","1"
"18-29 years","Newton","554","0","19"
"30-39 years","Newton","453","0","33"
"40-49 years","Newton","523","0","47"
"50-59 years","Newton","481","7","60"
"60-69 years","Newton","256","15","48"
"70-79 years","Newton","170","26","46"
"80 & Older years","Newton","134","46","33"
"<1 years","Newton","11","0","1"
"Unknown years","Newton","3","0","0"
"01-04 years","Non-GA Resident/Unknown State","167","0","0"
"05-09 years","Non-GA Resident/Unknown State","264","0","4"
"10-17 years","Non-GA Resident/Unknown State","949","0","6"
"18-29 years","Non-GA Resident/Unknown State","3714","4","43"
"30-39 years","Non-GA Resident/Unknown State","2439","3","54"
"40-49 years","Non-GA Resident/Unknown State","2100","5","56"
"50-59 years","Non-GA Resident/Unknown State","1910","21","122"
"60-69 years","Non-GA Resident/Unknown State","1250","45","144"
"70-79 years","Non-GA Resident/Unknown State","731","52","130"
"80 & Older years","Non-GA Resident/Unknown State","416","47","103"
"<1 years","Non-GA Resident/Unknown State","94","0","1"
"Unknown years","Non-GA Resident/Unknown State","462","1","4"
"01-04 years","Oconee","3","0","0"
"05-09 years","Oconee","10","0","0"
"10-17 years","Oconee","59","0","0"
"18-29 years","Oconee","239","0","2"
"30-39 years","Oconee","91","0","2"
"40-49 years","Oconee","118","0","8"
"50-59 years","Oconee","127","2","4"
"60-69 years","Oconee","83","9","16"
"70-79 years","Oconee","54","4","14"
"80 & Older years","Oconee","47","12","22"
"<1 years","Oconee","1","0","0"
"01-04 years","Oglethorpe","4","0","0"
"05-09 years","Oglethorpe","11","0","0"
"10-17 years","Oglethorpe","30","0","0"
"18-29 years","Oglethorpe","76","0","1"
"30-39 years","Oglethorpe","43","0","0"
"40-49 years","Oglethorpe","56","0","4"
"50-59 years","Oglethorpe","56","1","12"
"60-69 years","Oglethorpe","36","0","8"
"70-79 years","Oglethorpe","37","1","10"
"80 & Older years","Oglethorpe","38","9","12"
"<1 years","Oglethorpe","3","0","0"
"Unknown years","Oglethorpe","1","0","0"
"01-04 years","Paulding","35","0","1"
"05-09 years","Paulding","70","0","0"
"10-17 years","Paulding","258","0","5"
"18-29 years","Paulding","666","0","6"
"30-39 years","Paulding","479","1","15"
"40-49 years","Paulding","534","3","13"
"50-59 years","Paulding","487","7","30"
"60-69 years","Paulding","261","9","35"
"70-79 years","Paulding","139","15","32"
"80 & Older years","Paulding","81","25","13"
"<1 years","Paulding","8","0","0"
"Unknown years","Paulding","9","0","0"
"01-04 years","Peach","8","0","0"
"05-09 years","Peach","11","0","0"
"10-17 years","Peach","22","0","1"
"18-29 years","Peach","159","1","7"
"30-39 years","Peach","137","0","8"
"40-49 years","Peach","105","1","8"
"50-59 years","Peach","118","3","24"
"60-69 years","Peach","96","7","28"
"70-79 years","Peach","43","4","16"
"80 & Older years","Peach","32","8","16"
"<1 years","Peach","4","0","0"
"Unknown years","Peach","2","0","0"
"01-04 years","Pickens","12","0","1"
"05-09 years","Pickens","6","0","0"
"10-17 years","Pickens","32","0","0"
"18-29 years","Pickens","132","0","4"
"30-39 years","Pickens","85","0","4"
"40-49 years","Pickens","135","0","7"
"50-59 years","Pickens","120","0","8"
"60-69 years","Pickens","92","0","12"
"70-79 years","Pickens","54","5","18"
"80 & Older years","Pickens","28","4","7"
"<1 years","Pickens","1","0","0"
"Unknown years","Pickens","3","0","0"
"01-04 years","Pierce","6","0","0"
"05-09 years","Pierce","9","0","0"
"10-17 years","Pierce","36","1","1"
"18-29 years","Pierce","129","0","3"
"30-39 years","Pierce","77","0","3"
"40-49 years","Pierce","114","0","11"
"50-59 years","Pierce","91","3","10"
"60-69 years","Pierce","86","6","26"
"70-79 years","Pierce","60","6","21"
"80 & Older years","Pierce","31","8","7"
"<1 years","Pierce","3","0","0"
"Unknown years","Pierce","5","0","0"
"01-04 years","Pike","11","0","0"
"05-09 years","Pike","6","0","0"
"10-17 years","Pike","33","0","0"
"18-29 years","Pike","66","0","0"
"30-39 years","Pike","51","0","2"
"40-49 years","Pike","68","1","3"
"50-59 years","Pike","51","2","6"
"60-69 years","Pike","40","1","9"
"70-79 years","Pike","37","5","8"
"80 & Older years","Pike","11","3","3"
"Unknown years","Pike","1","0","0"
"01-04 years","Polk","20","0","1"
"05-09 years","Polk","32","0","0"
"10-17 years","Polk","151","0","1"
"18-29 years","Polk","390","0","1"
"30-39 years","Polk","231","0","4"
"40-49 years","Polk","272","1","18"
"50-59 years","Polk","231","3","29"
"60-69 years","Polk","125","7","25"
"70-79 years","Polk","100","5","22"
"80 & Older years","Polk","48","9","15"
"<1 years","Polk","5","0","0"
"Unknown years","Polk","22","0","1"
"05-09 years","Pulaski","3","0","0"
"10-17 years","Pulaski","19","0","1"
"18-29 years","Pulaski","45","0","1"
"30-39 years","Pulaski","42","0","2"
"40-49 years","Pulaski","43","0","5"
"50-59 years","Pulaski","60","0","5"
"60-69 years","Pulaski","53","5","7"
"70-79 years","Pulaski","33","10","13"
"80 & Older years","Pulaski","28","8","4"
"01-04 years","Putnam","10","0","0"
"05-09 years","Putnam","26","0","0"
"10-17 years","Putnam","50","0","1"
"18-29 years","Putnam","152","0","3"
"30-39 years","Putnam","91","0","4"
"40-49 years","Putnam","105","1","5"
"50-59 years","Putnam","119","1","9"
"60-69 years","Putnam","99","8","16"
"70-79 years","Putnam","71","9","21"
"80 & Older years","Putnam","45","8","17"
"<1 years","Putnam","4","0","0"
"01-04 years","Quitman","1","0","0"
"10-17 years","Quitman","2","0","0"
"18-29 years","Quitman","7","0","0"
"30-39 years","Quitman","3","0","1"
"40-49 years","Quitman","2","0","1"
"50-59 years","Quitman","4","0","0"
"60-69 years","Quitman","15","1","3"
"70-79 years","Quitman","2","0","1"
"80 & Older years","Quitman","2","0","1"
"01-04 years","Rabun","4","0","0"
"05-09 years","Rabun","6","0","0"
"10-17 years","Rabun","27","0","0"
"18-29 years","Rabun","84","0","5"
"30-39 years","Rabun","61","1","4"
"40-49 years","Rabun","49","0","2"
"50-59 years","Rabun","58","0","6"
"60-69 years","Rabun","62","1","13"
"70-79 years","Rabun","34","4","13"
"80 & Older years","Rabun","24","5","9"
"<1 years","Rabun","2","0","1"
"Unknown years","Rabun","2","0","0"
"05-09 years","Randolph","2","0","0"
"10-17 years","Randolph","4","0","0"
"18-29 years","Randolph","42","0","0"
"30-39 years","Randolph","49","2","2"
"40-49 years","Randolph","38","0","3"
"50-59 years","Randolph","71","3","14"
"60-69 years","Randolph","52","7","12"
"70-79 years","Randolph","30","3","9"
"80 & Older years","Randolph","46","14","16"
"<1 years","Randolph","1","0","0"
"Unknown years","Randolph","3","0","0"
"01-04 years","Richmond","71","0","0"
"05-09 years","Richmond","122","0","1"
"10-17 years","Richmond","424","0","2"
"18-29 years","Richmond","1857","3","21"
"30-39 years","Richmond","1354","3","43"
"40-49 years","Richmond","1164","12","60"
"50-59 years","Richmond","1147","16","106"
"60-69 years","Richmond","790","30","110"
"70-79 years","Richmond","437","35","118"
"80 & Older years","Richmond","319","75","146"
"<1 years","Richmond","33","0","2"
"Unknown years","Richmond","10","0","0"
"01-04 years","Rockdale","28","0","0"
"05-09 years","Rockdale","43","0","0"
"10-17 years","Rockdale","112","0","1"
"18-29 years","Rockdale","431","2","20"
"30-39 years","Rockdale","343","2","35"
"40-49 years","Rockdale","361","4","41"
"50-59 years","Rockdale","364","5","45"
"60-69 years","Rockdale","209","9","57"
"70-79 years","Rockdale","100","13","39"
"80 & Older years","Rockdale","39","5","16"
"<1 years","Rockdale","1","0","0"
"Unknown years","Rockdale","1","0","0"
"01-04 years","Schley","4","0","0"
"05-09 years","Schley","3","0","0"
"10-17 years","Schley","12","0","0"
"18-29 years","Schley","24","0","1"
"30-39 years","Schley","10","0","0"
"40-49 years","Schley","14","0","2"
"50-59 years","Schley","16","0","3"
"60-69 years","Schley","16","1","7"
"70-79 years","Schley","6","0","2"
"80 & Older years","Schley","3","1","1"
"<1 years","Schley","1","0","0"
"01-04 years","Screven","2","0","0"
"05-09 years","Screven","7","0","0"
"10-17 years","Screven","40","0","0"
"18-29 years","Screven","83","0","3"
"30-39 years","Screven","56","0","2"
"40-49 years","Screven","59","1","4"
"50-59 years","Screven","56","0","9"
"60-69 years","Screven","72","1","12"
"70-79 years","Screven","37","3","10"
"80 & Older years","Screven","27","6","7"
"<1 years","Screven","2","0","0"
"Unknown years","Screven","4","0","0"
"01-04 years","Seminole","12","0","0"
"05-09 years","Seminole","9","0","0"
"10-17 years","Seminole","38","0","0"
"18-29 years","Seminole","56","0","0"
"30-39 years","Seminole","48","0","0"
"40-49 years","Seminole","54","0","2"
"50-59 years","Seminole","56","1","5"
"60-69 years","Seminole","58","1","9"
"70-79 years","Seminole","37","5","7"
"80 & Older years","Seminole","12","4","4"
"<1 years","Seminole","2","0","0"
"01-04 years","Spalding","18","0","0"
"05-09 years","Spalding","10","0","0"
"10-17 years","Spalding","65","0","2"
"18-29 years","Spalding","257","0","10"
"30-39 years","Spalding","231","1","18"
"40-49 years","Spalding","222","2","21"
"50-59 years","Spalding","236","6","45"
"60-69 years","Spalding","192","11","35"
"70-79 years","Spalding","124","17","36"
"80 & Older years","Spalding","120","25","31"
"<1 years","Spalding","1","0","0"
"Unknown years","Spalding","9","0","0"
"01-04 years","Stephens","8","0","0"
"05-09 years","Stephens","22","0","0"
"10-17 years","Stephens","64","0","1"
"18-29 years","Stephens","229","0","8"
"30-39 years","Stephens","139","0","6"
"40-49 years","Stephens","167","1","14"
"50-59 years","Stephens","183","3","19"
"60-69 years","Stephens","185","9","34"
"70-79 years","Stephens","143","11","26"
"80 & Older years","Stephens","91","17","18"
"<1 years","Stephens","1","0","0"
"Unknown years","Stephens","10","0","0"
"01-04 years","Stewart","1","0","0"
"05-09 years","Stewart","2","0","0"
"10-17 years","Stewart","10","0","0"
"18-29 years","Stewart","109","0","10"
"30-39 years","Stewart","147","1","15"
"40-49 years","Stewart","100","1","14"
"50-59 years","Stewart","58","1","10"
"60-69 years","Stewart","47","7","21"
"70-79 years","Stewart","21","2","3"
"80 & Older years","Stewart","17","4","4"
"<1 years","Stewart","1","0","0"
"Unknown years","Stewart","14","0","4"
"01-04 years","Sumter","8","0","0"
"05-09 years","Sumter","14","0","0"
"10-17 years","Sumter","23","0","2"
"18-29 years","Sumter","170","1","6"
"30-39 years","Sumter","133","1","16"
"40-49 years","Sumter","125","3","18"
"50-59 years","Sumter","151","2","37"
"60-69 years","Sumter","152","20","56"
"70-79 years","Sumter","109","20","36"
"80 & Older years","Sumter","69","22","35"
"<1 years","Sumter","1","0","0"
"Unknown years","Sumter","3","0","0"
"01-04 years","Talbot","1","0","0"
"05-09 years","Talbot","1","0","0"
"10-17 years","Talbot","15","0","0"
"18-29 years","Talbot","21","0","1"
"30-39 years","Talbot","16","0","1"
"40-49 years","Talbot","35","1","4"
"50-59 years","Talbot","30","1","4"
"60-69 years","Talbot","24","2","8"
"70-79 years","Talbot","14","1","2"
"80 & Older years","Talbot","11","2","5"
"Unknown years","Talbot","1","0","0"
"10-17 years","Taliaferro","1","0","0"
"18-29 years","Taliaferro","2","0","0"
"30-39 years","Taliaferro","3","0","0"
"40-49 years","Taliaferro","7","0","1"
"50-59 years","Taliaferro","6","0","0"
"60-69 years","Taliaferro","1","0","0"
"70-79 years","Taliaferro","4","0","0"
"80 & Older years","Taliaferro","1","0","1"
"01-04 years","Tattnall","18","0","0"
"05-09 years","Tattnall","27","0","0"
"10-17 years","Tattnall","73","0","0"
"18-29 years","Tattnall","200","0","1"
"30-39 years","Tattnall","129","0","3"
"40-49 years","Tattnall","143","0","5"
"50-59 years","Tattnall","139","3","14"
"60-69 years","Tattnall","109","4","17"
"70-79 years","Tattnall","45","5","19"
"80 & Older years","Tattnall","17","1","6"
"<1 years","Tattnall","4","0","0"
"Unknown years","Tattnall","4","0","1"
"01-04 years","Taylor","8","0","0"
"05-09 years","Taylor","6","0","0"
"10-17 years","Taylor","28","0","1"
"18-29 years","Taylor","43","0","0"
"30-39 years","Taylor","19","0","3"
"40-49 years","Taylor","33","1","3"
"50-59 years","Taylor","29","0","6"
"60-69 years","Taylor","24","4","9"
"70-79 years","Taylor","21","2","6"
"80 & Older years","Taylor","13","5","4"
"<1 years","Taylor","1","0","0"
"01-04 years","Telfair","6","0","0"
"05-09 years","Telfair","6","0","0"
"10-17 years","Telfair","8","0","0"
"18-29 years","Telfair","72","0","2"
"30-39 years","Telfair","46","0","1"
"40-49 years","Telfair","71","0","5"
"50-59 years","Telfair","66","3","6"
"60-69 years","Telfair","70","4","13"
"70-79 years","Telfair","49","5","10"
"80 & Older years","Telfair","31","11","6"
"<1 years","Telfair","3","0","0"
"01-04 years","Terrell","4","0","0"
"05-09 years","Terrell","1","0","0"
"10-17 years","Terrell","17","0","0"
"18-29 years","Terrell","38","0","1"
"30-39 years","Terrell","49","0","8"
"40-49 years","Terrell","42","0","7"
"50-59 years","Terrell","57","3","8"
"60-69 years","Terrell","66","9","24"
"70-79 years","Terrell","42","12","19"
"80 & Older years","Terrell","22","8","7"
"01-04 years","Thomas","24","0","0"
"05-09 years","Thomas","24","0","0"
"10-17 years","Thomas","86","0","0"
"18-29 years","Thomas","277","1","11"
"30-39 years","Thomas","230","0","10"
"40-49 years","Thomas","238","4","16"
"50-59 years","Thomas","248","4","21"
"60-69 years","Thomas","222","8","49"
"70-79 years","Thomas","132","21","34"
"80 & Older years","Thomas","88","31","31"
"<1 years","Thomas","4","0","1"
"01-04 years","Tift","18","0","0"
"05-09 years","Tift","34","0","0"
"10-17 years","Tift","127","0","3"
"18-29 years","Tift","501","0","11"
"30-39 years","Tift","292","1","19"
"40-49 years","Tift","292","5","33"
"50-59 years","Tift","254","9","42"
"60-69 years","Tift","181","12","43"
"70-79 years","Tift","135","18","46"
"80 & Older years","Tift","62","16","36"
"<1 years","Tift","9","0","0"
"Unknown years","Tift","2","0","0"
"01-04 years","Toombs","17","0","0"
"05-09 years","Toombs","26","0","0"
"10-17 years","Toombs","111","0","1"
"18-29 years","Toombs","296","0","4"
"30-39 years","Toombs","219","0","1"
"40-49 years","Toombs","210","1","17"
"50-59 years","Toombs","192","5","13"
"60-69 years","Toombs","165","4","32"
"70-79 years","Toombs","129","22","24"
"80 & Older years","Toombs","80","24","17"
"<1 years","Toombs","1","0","0"
"Unknown years","Toombs","3","0","0"
"05-09 years","Towns","3","0","0"
"10-17 years","Towns","12","0","0"
"18-29 years","Towns","71","0","1"
"30-39 years","Towns","39","0","1"
"40-49 years","Towns","36","1","3"
"50-59 years","Towns","65","1","4"
"60-69 years","Towns","78","0","4"
"70-79 years","Towns","54","2","13"
"80 & Older years","Towns","47","8","21"
"01-04 years","Treutlen","2","0","0"
"05-09 years","Treutlen","5","0","0"
"10-17 years","Treutlen","20","0","0"
"18-29 years","Treutlen","49","0","1"
"30-39 years","Treutlen","37","0","2"
"40-49 years","Treutlen","53","0","4"
"50-59 years","Treutlen","47","1","5"
"60-69 years","Treutlen","35","2","10"
"70-79 years","Treutlen","27","5","4"
"80 & Older years","Treutlen","16","3","5"
"Unknown years","Treutlen","1","0","0"
"01-04 years","Troup","84","0","0"
"05-09 years","Troup","91","0","0"
"10-17 years","Troup","193","0","2"
"18-29 years","Troup","666","0","23"
"30-39 years","Troup","486","5","32"
"40-49 years","Troup","413","2","38"
"50-59 years","Troup","422","11","71"
"60-69 years","Troup","301","16","61"
"70-79 years","Troup","145","28","57"
"80 & Older years","Troup","143","44","44"
"<1 years","Troup","25","0","1"
"Unknown years","Troup","2","0","0"
"05-09 years","Turner","3","0","0"
"10-17 years","Turner","10","0","0"
"18-29 years","Turner","46","0","1"
"30-39 years","Turner","67","0","6"
"40-49 years","Turner","48","0","2"
"50-59 years","Turner","62","2","8"
"60-69 years","Turner","45","6","15"
"70-79 years","Turner","26","6","10"
"80 & Older years","Turner","23","10","8"
"<1 years","Turner","1","0","1"
"01-04 years","Twiggs","6","0","0"
"05-09 years","Twiggs","1","0","0"
"10-17 years","Twiggs","12","0","0"
"18-29 years","Twiggs","28","0","1"
"30-39 years","Twiggs","28","1","4"
"40-49 years","Twiggs","28","1","7"
"50-59 years","Twiggs","39","1","8"
"60-69 years","Twiggs","41","1","17"
"70-79 years","Twiggs","21","2","10"
"80 & Older years","Twiggs","6","3","5"
"01-04 years","Union","3","0","0"
"05-09 years","Union","10","0","0"
"10-17 years","Union","27","0","1"
"18-29 years","Union","103","1","1"
"30-39 years","Union","89","0","2"
"40-49 years","Union","105","0","8"
"50-59 years","Union","128","2","7"
"60-69 years","Union","140","2","18"
"70-79 years","Union","136","9","25"
"80 & Older years","Union","116","11","26"
"<1 years","Union","1","0","0"
"Unknown years","Union","1","0","0"
"01-04 years","Unknown","12","0","0"
"05-09 years","Unknown","39","0","0"
"10-17 years","Unknown","143","0","1"
"18-29 years","Unknown","512","0","5"
"30-39 years","Unknown","322","0","3"
"40-49 years","Unknown","278","0","1"
"50-59 years","Unknown","244","2","4"
"60-69 years","Unknown","154","2","7"
"70-79 years","Unknown","101","0","11"
"80 & Older years","Unknown","46","1","5"
"<1 years","Unknown","17","0","0"
"Unknown years","Unknown","72","1","4"
"01-04 years","Upson","17","0","0"
"05-09 years","Upson","21","0","0"
"10-17 years","Upson","48","0","1"
"18-29 years","Upson","125","0","4"
"30-39 years","Upson","87","1","3"
"40-49 years","Upson","104","1","6"
"50-59 years","Upson","133","4","13"
"60-69 years","Upson","122","15","21"
"70-79 years","Upson","91","23","24"
"80 & Older years","Upson","73","25","20"
"<1 years","Upson","3","0","0"
"Unknown years","Upson","2","0","0"
"01-04 years","Walker","11","0","0"
"05-09 years","Walker","28","0","0"
"10-17 years","Walker","146","0","0"
"18-29 years","Walker","318","0","1"
"30-39 years","Walker","238","0","5"
"40-49 years","Walker","288","3","10"
"50-59 years","Walker","235","1","14"
"60-69 years","Walker","218","8","21"
"70-79 years","Walker","145","19","24"
"80 & Older years","Walker","107","12","16"
"<1 years","Walker","9","0","0"
"Unknown years","Walker","29","0","2"
"01-04 years","Walton","16","0","0"
"05-09 years","Walton","32","0","1"
"10-17 years","Walton","135","0","2"
"18-29 years","Walton","397","0","11"
"30-39 years","Walton","299","0","13"
"40-49 years","Walton","294","1","24"
"50-59 years","Walton","344","4","36"
"60-69 years","Walton","214","9","35"
"70-79 years","Walton","182","17","47"
"80 & Older years","Walton","147","35","41"
"<1 years","Walton","3","0","0"
"Unknown years","Walton","1","0","0"
"01-04 years","Ware","41","0","1"
"05-09 years","Ware","37","0","0"
"10-17 years","Ware","121","0","2"
"18-29 years","Ware","345","0","3"
"30-39 years","Ware","270","0","12"
"40-49 years","Ware","210","2","16"
"50-59 years","Ware","239","3","37"
"60-69 years","Ware","172","7","28"
"70-79 years","Ware","150","23","54"
"80 & Older years","Ware","107","27","28"
"<1 years","Ware","8","0","0"
"Unknown years","Ware","14","0","1"
"01-04 years","Warren","4","0","0"
"05-09 years","Warren","1","0","0"
"10-17 years","Warren","9","0","0"
"18-29 years","Warren","25","0","2"
"30-39 years","Warren","25","0","2"
"40-49 years","Warren","21","0","4"
"50-59 years","Warren","30","1","5"
"60-69 years","Warren","21","2","5"
"70-79 years","Warren","16","1","6"
"80 & Older years","Warren","7","1","1"
"<1 years","Warren","2","0","1"
"Unknown years","Warren","2","0","0"
"01-04 years","Washington","10","0","0"
"05-09 years","Washington","9","0","1"
"10-17 years","Washington","49","0","1"
"18-29 years","Washington","140","0","4"
"30-39 years","Washington","109","0","7"
"40-49 years","Washington","151","1","8"
"50-59 years","Washington","95","1","9"
"60-69 years","Washington","88","6","11"
"70-79 years","Washington","50","3","8"
"80 & Older years","Washington","16","2","4"
"<1 years","Washington","6","0","0"
"Unknown years","Washington","2","0","0"
"01-04 years","Wayne","14","0","0"
"05-09 years","Wayne","5","0","0"
"10-17 years","Wayne","57","0","0"
"18-29 years","Wayne","192","1","6"
"30-39 years","Wayne","199","0","3"
"40-49 years","Wayne","226","0","19"
"50-59 years","Wayne","181","2","10"
"60-69 years","Wayne","129","6","27"
"70-79 years","Wayne","125","11","35"
"80 & Older years","Wayne","65","10","11"
"<1 years","Wayne","1","0","0"
"Unknown years","Wayne","7","0","0"
"18-29 years","Webster","9","0","1"
"30-39 years","Webster","3","0","0"
"40-49 years","Webster","7","0","2"
"50-59 years","Webster","11","2","4"
"60-69 years","Webster","9","0","3"
"70-79 years","Webster","3","0","0"
"Unknown years","Webster","2","0","0"
"05-09 years","Wheeler","2","0","0"
"10-17 years","Wheeler","12","0","0"
"18-29 years","Wheeler","34","0","0"
"30-39 years","Wheeler","57","2","2"
"40-49 years","Wheeler","67","1","3"
"50-59 years","Wheeler","71","5","5"
"60-69 years","Wheeler","46","3","5"
"70-79 years","Wheeler","28","2","4"
"80 & Older years","Wheeler","7","1","0"
"<1 years","Wheeler","2","1","0"
"Unknown years","Wheeler","27","2","1"
"01-04 years","White","9","0","0"
"05-09 years","White","14","0","0"
"10-17 years","White","63","0","1"
"18-29 years","White","161","1","4"
"30-39 years","White","121","1","4"
"40-49 years","White","140","1","6"
"50-59 years","White","151","1","14"
"60-69 years","White","137","3","24"
"70-79 years","White","103","4","29"
"80 & Older years","White","69","12","23"
"<1 years","White","4","0","0"
"Unknown years","White","10","0","0"
"01-04 years","Whitfield","62","0","2"
"05-09 years","Whitfield","87","0","1"
"10-17 years","Whitfield","391","0","1"
"18-29 years","Whitfield","1417","0","22"
"30-39 years","Whitfield","843","1","28"
"40-49 years","Whitfield","874","1","38"
"50-59 years","Whitfield","716","10","46"
"60-69 years","Whitfield","373","15","54"
"70-79 years","Whitfield","200","13","41"
"80 & Older years","Whitfield","102","23","25"
"<1 years","Whitfield","28","0","3"
"Unknown years","Whitfield","4","0","0"
"01-04 years","Wilcox","8","0","0"
"05-09 years","Wilcox","1","0","0"
"10-17 years","Wilcox","9","0","0"
"18-29 years","Wilcox","15","0","0"
"30-39 years","Wilcox","19","0","1"
"40-49 years","Wilcox","45","0","11"
"50-59 years","Wilcox","38","0","9"
"60-69 years","Wilcox","64","9","19"
"70-79 years","Wilcox","36","9","8"
"80 & Older years","Wilcox","16","7","4"
"<1 years","Wilcox","1","0","0"
"01-04 years","Wilkes","3","0","0"
"05-09 years","Wilkes","6","0","0"
"10-17 years","Wilkes","28","0","0"
"18-29 years","Wilkes","57","0","0"
"30-39 years","Wilkes","44","0","3"
"40-49 years","Wilkes","43","0","6"
"50-59 years","Wilkes","45","1","2"
"60-69 years","Wilkes","22","0","3"
"70-79 years","Wilkes","23","1","9"
"80 & Older years","Wilkes","10","4","7"
"01-04 years","Wilkinson","4","0","0"
"05-09 years","Wilkinson","7","0","0"
"10-17 years","Wilkinson","11","0","0"
"18-29 years","Wilkinson","59","0","2"
"30-39 years","Wilkinson","48","0","4"
"40-49 years","Wilkinson","38","0","2"
"50-59 years","Wilkinson","70","3","16"
"60-69 years","Wilkinson","72","5","20"
"70-79 years","Wilkinson","31","6","13"
"80 & Older years","Wilkinson","19","3","11"
"<1 years","Wilkinson","1","0","0"
"01-04 years","Worth","6","0","0"
"05-09 years","Worth","5","0","0"
"10-17 years","Worth","28","0","4"
"18-29 years","Worth","102","0","4"
"30-39 years","Worth","63","0","5"
"40-49 years","Worth","78","1","10"
"50-59 years","Worth","100","4","18"
"60-69 years","Worth","100","12","31"
"70-79 years","Worth","59","8","17"
"80 & Older years","Worth","46","7","11"
"<1 years","Worth","3","0","0"
"Unknown years","Worth","1","0","0"
