"sex","county name","cases","deaths","hospitalization"
"Female","Georgia","467721","8207","31270"
"Male","Georgia","401371","9331","30131"
"Unknown","Georgia","10762","21","181"
"Female","Appling","1041","26","84"
"Male","Appling","868","40","91"
"Unknown","Appling","6","0","0"
"Female","Atkinson","423","8","59"
"Male","Atkinson","358","10","56"
"Female","Bacon","551","13","40"
"Male","Bacon","715","15","47"
"Unknown","Bacon","21","0","0"
"Female","Baker","84","2","13"
"Male","Baker","77","7","20"
"Female","Baldwin","2114","34","139"
"Male","Baldwin","1694","78","179"
"Unknown","Baldwin","23","0","1"
"Female","Banks","884","19","109"
"Male","Banks","729","14","79"
"Unknown","Banks","18","0","0"
"Female","Barrow","4661","64","320"
"Male","Barrow","4014","68","288"
"Unknown","Barrow","35","0","1"
"Female","Bartow","5856","97","399"
"Male","Bartow","5227","110","429"
"Unknown","Bartow","113","0","0"
"Female","Ben Hill","858","26","83"
"Male","Ben Hill","631","35","71"
"Unknown","Ben Hill","1","0","0"
"Female","Berrien","578","16","38"
"Male","Berrien","473","16","32"
"Unknown","Berrien","5","0","0"
"Female","Bibb","7573","203","941"
"Male","Bibb","5620","200","817"
"Unknown","Bibb","131","1","3"
"Female","Bleckley","463","18","24"
"Male","Bleckley","331","16","23"
"Unknown","Bleckley","6","0","1"
"Female","Brantley","502","15","46"
"Male","Brantley","423","17","34"
"Unknown","Brantley","4","0","0"
"Female","Brooks","542","12","48"
"Male","Brooks","390","24","39"
"Unknown","Brooks","8","0","0"
"Female","Bryan","1424","18","83"
"Male","Bryan","1233","18","91"
"Unknown","Bryan","61","0","0"
"Female","Bulloch","2961","38","121"
"Male","Bulloch","2269","26","96"
"Unknown","Bulloch","21","0","0"
"Female","Burke","982","21","79"
"Male","Burke","782","16","71"
"Unknown","Burke","10","0","1"
"Female","Butts","1059","33","48"
"Male","Butts","1123","42","75"
"Unknown","Butts","127","1","2"
"Female","Calhoun","225","11","36"
"Male","Calhoun","219","4","37"
"Unknown","Calhoun","2","0","0"
"Female","Camden","1689","15","74"
"Male","Camden","1496","14","61"
"Unknown","Camden","17","0","0"
"Female","Candler","403","13","33"
"Male","Candler","340","23","29"
"Unknown","Candler","1","0","0"
"Female","Carroll","3886","62","148"
"Male","Carroll","3479","69","161"
"Unknown","Carroll","37","0","1"
"Female","Catoosa","3017","33","138"
"Male","Catoosa","2533","31","110"
"Unknown","Catoosa","97","0","3"
"Female","Charlton","449","11","35"
"Male","Charlton","617","14","28"
"Unknown","Charlton","1","0","0"
"Female","Chatham","10918","196","833"
"Male","Chatham","8965","228","779"
"Unknown","Chatham","249","2","4"
"Female","Chattahoochee","247","1","12"
"Male","Chattahoochee","3073","12","19"
"Unknown","Chattahoochee","14","0","0"
"Female","Chattooga","1197","28","81"
"Male","Chattooga","1022","35","99"
"Unknown","Chattooga","11","0","0"
"Female","Cherokee","11718","129","585"
"Male","Cherokee","10372","172","692"
"Unknown","Cherokee","188","0","3"
"Female","Clarke","7070","57","251"
"Male","Clarke","5617","80","239"
"Unknown","Clarke","57","0","1"
"Female","Clay","104","1","4"
"Male","Clay","73","2","6"
"Unknown","Clay","6","0","0"
"Female","Clayton","13314","218","732"
"Male","Clayton","10131","229","634"
"Unknown","Clayton","160","0","1"
"Female","Clinch","374","10","33"
"Male","Clinch","359","15","33"
"Unknown","Clinch","2","0","0"
"Female","Cobb","32008","434","1531"
"Male","Cobb","28072","525","1584"
"Unknown","Cobb","344","2","10"
"Female","Coffee","2290","73","359"
"Male","Coffee","1932","65","286"
"Unknown","Coffee","8","0","0"
"Female","Colquitt","1809","31","129"
"Male","Colquitt","1695","46","121"
"Unknown","Colquitt","15","1","0"
"Female","Columbia","5870","72","222"
"Male","Columbia","5119","88","246"
"Unknown","Columbia","39","0","2"
"Female","Cook","663","16","59"
"Male","Cook","483","21","48"
"Unknown","Cook","16","0","0"
"Female","Coweta","4512","86","167"
"Male","Coweta","4105","119","182"
"Unknown","Coweta","28","0","0"
"Female","Crawford","290","9","43"
"Male","Crawford","232","8","25"
"Unknown","Crawford","3","0","0"
"Female","Crisp","811","25","98"
"Male","Crisp","603","31","64"
"Unknown","Crisp","23","0","0"
"Female","Dade","623","9","32"
"Male","Dade","567","4","30"
"Unknown","Dade","20","0","0"
"Female","Dawson","1442","17","117"
"Male","Dawson","1233","25","128"
"Unknown","Dawson","31","0","0"
"Female","DeKalb","31078","436","2413"
"Male","DeKalb","25945","485","2150"
"Unknown","DeKalb","587","0","8"
"Female","Decatur","1203","28","79"
"Male","Decatur","922","27","67"
"Unknown","Decatur","19","0","0"
"Female","Dodge","581","26","53"
"Male","Dodge","487","30","53"
"Unknown","Dodge","14","0","0"
"Female","Dooly","420","15","48"
"Male","Dooly","356","17","42"
"Unknown","Dooly","8","0","0"
"Female","Dougherty","3305","148","584"
"Male","Dougherty","2205","132","443"
"Unknown","Dougherty","30","0","0"
"Female","Douglas","6496","83","462"
"Male","Douglas","5362","91","391"
"Unknown","Douglas","58","0","1"
"Female","Early","607","24","45"
"Male","Early","396","19","28"
"Unknown","Early","7","0","0"
"Female","Echols","137","0","3"
"Male","Echols","218","4","10"
"Unknown","Echols","3","0","0"
"Female","Effingham","1997","30","127"
"Male","Effingham","1755","35","121"
"Unknown","Effingham","41","0","0"
"Female","Elbert","903","32","82"
"Male","Elbert","615","26","45"
"Unknown","Elbert","8","0","2"
"Female","Emanuel","995","32","74"
"Male","Emanuel","727","21","50"
"Unknown","Emanuel","11","0","0"
"Female","Evans","426","7","51"
"Male","Evans","323","10","21"
"Unknown","Evans","9","0","0"
"Female","Fannin","1128","29","86"
"Male","Fannin","973","32","90"
"Unknown","Fannin","18","0","0"
"Female","Fayette","3491","70","125"
"Male","Fayette","3113","83","132"
"Unknown","Fayette","39","0","0"
"Female","Floyd","5325","76","426"
"Male","Floyd","4537","108","454"
"Unknown","Floyd","107","0","5"
"Female","Forsyth","8848","72","412"
"Male","Forsyth","8397","108","542"
"Unknown","Forsyth","601","0","1"
"Female","Franklin","1292","15","84"
"Male","Franklin","1030","28","68"
"Unknown","Franklin","18","0","0"
"Female","Fulton","43018","600","2495"
"Male","Fulton","38225","671","2415"
"Unknown","Fulton","457","1","4"
"Female","Gilmer","1345","30","111"
"Male","Gilmer","1086","42","101"
"Unknown","Gilmer","45","0","2"
"Female","Glascock","64","3","7"
"Male","Glascock","71","4","12"
"Unknown","Glascock","10","0","0"
"Female","Glynn","3437","70","232"
"Male","Glynn","3122","83","211"
"Unknown","Glynn","120","0","2"
"Female","Gordon","3420","44","161"
"Male","Gordon","2945","59","167"
"Unknown","Gordon","126","0","1"
"Female","Grady","870","18","89"
"Male","Grady","654","29","85"
"Unknown","Grady","18","0","0"
"Female","Greene","815","25","64"
"Male","Greene","679","31","72"
"Unknown","Greene","4","0","0"
"Female","Gwinnett","45439","501","2791"
"Male","Gwinnett","39839","571","2618"
"Unknown","Gwinnett","963","1","11"
"Female","Habersham","2504","82","228"
"Male","Habersham","2095","71","245"
"Unknown","Habersham","42","0","0"
"Female","Hall","13082","202","1133"
"Male","Hall","11554","234","1228"
"Unknown","Hall","320","3","4"
"Female","Hancock","408","24","51"
"Male","Hancock","420","38","54"
"Unknown","Hancock","5","0","0"
"Female","Haralson","895","17","43"
"Male","Haralson","800","18","31"
"Unknown","Haralson","19","0","0"
"Female","Harris","1131","28","79"
"Male","Harris","986","29","77"
"Unknown","Harris","42","0","0"
"Female","Hart","976","16","58"
"Male","Hart","725","21","57"
"Unknown","Hart","7","0","0"
"Female","Heard","346","10","18"
"Male","Heard","292","6","27"
"Female","Henry","10534","133","320"
"Male","Henry","8505","162","282"
"Unknown","Henry","79","0","0"
"Female","Houston","5436","87","383"
"Male","Houston","4528","104","368"
"Unknown","Houston","83","0","2"
"Female","Irwin","360","11","43"
"Male","Irwin","320","7","38"
"Unknown","Irwin","2","0","0"
"Female","Jackson","4574","65","234"
"Male","Jackson","3880","75","272"
"Unknown","Jackson","41","0","1"
"Female","Jasper","359","6","30"
"Male","Jasper","312","12","31"
"Unknown","Jasper","4","0","0"
"Female","Jeff Davis","677","14","39"
"Male","Jeff Davis","615","22","51"
"Unknown","Jeff Davis","3","0","0"
"Female","Jefferson","911","27","82"
"Male","Jefferson","659","32","70"
"Unknown","Jefferson","10","0","1"
"Female","Jenkins","429","17","37"
"Male","Jenkins","296","22","45"
"Unknown","Jenkins","1","1","1"
"Female","Johnson","383","16","51"
"Male","Johnson","402","26","47"
"Unknown","Johnson","2","0","0"
"Female","Jones","912","23","84"
"Male","Jones","661","30","78"
"Unknown","Jones","2","0","0"
"Female","Lamar","757","19","61"
"Male","Lamar","579","26","59"
"Unknown","Lamar","6","0","0"
"Female","Lanier","220","3","10"
"Male","Lanier","271","6","17"
"Unknown","Lanier","5","0","0"
"Female","Laurens","2126","54","167"
"Male","Laurens","1561","89","182"
"Unknown","Laurens","20","1","2"
"Female","Lee","868","25","89"
"Male","Lee","719","25","95"
"Unknown","Lee","5","0","0"
"Female","Liberty","1702","26","113"
"Male","Liberty","1455","34","109"
"Unknown","Liberty","265","0","0"
"Female","Lincoln","275","13","28"
"Male","Lincoln","224","11","24"
"Unknown","Lincoln","11","0","0"
"Female","Long","356","3","25"
"Male","Long","291","7","22"
"Unknown","Long","18","0","0"
"Female","Lowndes","4297","79","208"
"Male","Lowndes","3439","62","167"
"Unknown","Lowndes","47","0","2"
"Female","Lumpkin","1513","33","152"
"Male","Lumpkin","1260","29","133"
"Unknown","Lumpkin","15","0","0"
"Female","Macon","324","9","35"
"Male","Macon","293","17","48"
"Unknown","Macon","1","0","0"
"Female","Madison","1485","20","78"
"Male","Madison","1243","26","78"
"Unknown","Madison","8","0","0"
"Female","Marion","242","10","17"
"Male","Marion","153","7","22"
"Unknown","Marion","2","0","0"
"Female","McDuffie","909","24","85"
"Male","McDuffie","682","16","72"
"Unknown","McDuffie","84","1","1"
"Female","McIntosh","383","9","27"
"Male","McIntosh","304","5","30"
"Unknown","McIntosh","8","0","0"
"Female","Meriwether","887","34","77"
"Male","Meriwether","625","38","61"
"Unknown","Meriwether","7","0","0"
"Female","Miller","382","3","19"
"Male","Miller","296","6","21"
"Unknown","Miller","1","0","0"
"Female","Mitchell","819","33","118"
"Male","Mitchell","710","41","112"
"Unknown","Mitchell","5","0","0"
"Female","Monroe","996","44","92"
"Male","Monroe","844","43","100"
"Unknown","Monroe","23","0","0"
"Female","Montgomery","388","11","23"
"Male","Montgomery","323","10","20"
"Unknown","Montgomery","6","0","0"
"Female","Morgan","647","8","32"
"Male","Morgan","533","15","51"
"Unknown","Morgan","8","0","1"
"Female","Murray","2218","31","113"
"Male","Murray","1909","50","130"
"Unknown","Murray","41","0","4"
"Female","Muscogee","7979","214","628"
"Male","Muscogee","6107","181","531"
"Unknown","Muscogee","214","1","1"
"Female","Newton","4223","105","352"
"Male","Newton","3187","113","297"
"Unknown","Newton","75","0","2"
"Female","Non-GA Resident/Unknown State","9835","202","513"
"Male","Non-GA Resident/Unknown State","11430","269","706"
"Unknown","Non-GA Resident/Unknown State","2342","2","41"
"Female","Oconee","1614","27","67"
"Male","Oconee","1425","37","62"
"Unknown","Oconee","11","0","0"
"Female","Oglethorpe","677","9","36"
"Male","Oglethorpe","509","19","39"
"Unknown","Oglethorpe","3","0","0"
"Female","Paulding","5850","78","221"
"Male","Paulding","4774","87","183"
"Unknown","Paulding","111","0","6"
"Female","Peach","1038","27","120"
"Male","Peach","804","25","99"
"Unknown","Peach","7","0","1"
"Female","Pickens","1377","28","107"
"Male","Pickens","1129","36","102"
"Unknown","Pickens","21","0","0"
"Female","Pierce","713","21","64"
"Male","Pierce","539","21","70"
"Unknown","Pierce","5","0","0"
"Female","Pike","572","11","44"
"Male","Pike","477","15","26"
"Unknown","Pike","13","0","1"
"Female","Polk","2082","41","193"
"Male","Polk","1816","40","184"
"Unknown","Polk","35","0","2"
"Female","Pulaski","403","20","31"
"Male","Pulaski","203","12","23"
"Unknown","Pulaski","2","0","0"
"Female","Putnam","966","19","75"
"Male","Putnam","823","38","87"
"Unknown","Putnam","5","0","0"
"Female","Quitman","51","1","6"
"Male","Quitman","30","1","5"
"Female","Rabun","794","19","82"
"Male","Rabun","725","22","67"
"Unknown","Rabun","10","0","1"
"Female","Randolph","275","21","49"
"Male","Randolph","192","11","32"
"Female","Richmond","10914","174","662"
"Male","Richmond","8837","239","671"
"Unknown","Richmond","138","0","13"
"Female","Rockdale","3368","69","470"
"Male","Rockdale","2594","82","392"
"Unknown","Rockdale","55","1","3"
"Female","Schley","115","0","10"
"Male","Schley","97","5","11"
"Female","Screven","462","12","40"
"Male","Screven","344","9","32"
"Unknown","Screven","6","0","0"
"Female","Seminole","424","9","41"
"Male","Seminole","325","9","25"
"Unknown","Seminole","2","0","0"
"Female","Spalding","2259","80","255"
"Male","Spalding","1765","74","180"
"Unknown","Spalding","25","1","3"
"Female","Stephens","1655","41","132"
"Male","Stephens","1304","38","122"
"Unknown","Stephens","17","0","0"
"Female","Stewart","176","9","25"
"Male","Stewart","599","16","102"
"Unknown","Stewart","16","0","0"
"Female","Sumter","1035","40","139"
"Male","Sumter","763","52","125"
"Unknown","Sumter","4","0","0"
"Female","Talbot","223","7","21"
"Male","Talbot","155","11","21"
"Unknown","Talbot","6","0","0"
"Female","Taliaferro","55","0","1"
"Male","Taliaferro","45","3","7"
"Unknown","Taliaferro","1","0","0"
"Female","Tattnall","948","20","57"
"Male","Tattnall","886","26","63"
"Unknown","Tattnall","8","0","0"
"Female","Taylor","281","12","36"
"Male","Taylor","225","10","37"
"Unknown","Taylor","4","0","0"
"Female","Telfair","356","21","29"
"Male","Telfair","345","24","40"
"Unknown","Telfair","20","0","0"
"Female","Terrell","334","24","60"
"Male","Terrell","226","21","52"
"Unknown","Terrell","6","0","0"
"Female","Thomas","2031","63","183"
"Male","Thomas","1494","50","164"
"Unknown","Thomas","19","0","0"
"Female","Tift","1895","41","241"
"Male","Tift","1491","55","173"
"Unknown","Tift","36","0","0"
"Female","Toombs","1626","55","86"
"Male","Toombs","1277","43","89"
"Unknown","Toombs","13","0","0"
"Female","Towns","613","20","67"
"Male","Towns","470","23","60"
"Unknown","Towns","10","0","0"
"Female","Treutlen","343","12","26"
"Male","Treutlen","275","12","26"
"Unknown","Treutlen","6","0","0"
"Female","Troup","3335","106","268"
"Male","Troup","2528","81","225"
"Unknown","Troup","59","0","1"
"Female","Turner","347","14","45"
"Male","Turner","248","20","41"
"Unknown","Turner","2","0","0"
"Female","Twiggs","270","13","44"
"Male","Twiggs","239","24","56"
"Unknown","Twiggs","2","0","0"
"Female","Union","1155","42","93"
"Male","Union","869","28","115"
"Unknown","Union","12","0","1"
"Female","Unknown","815","4","13"
"Male","Unknown","1046","7","22"
"Unknown","Unknown","521","0","7"
"Female","Upson","1019","57","97"
"Male","Upson","780","50","80"
"Unknown","Upson","11","0","0"
"Female","Walker","3450","45","133"
"Male","Walker","2962","35","149"
"Unknown","Walker","75","0","3"
"Female","Walton","4470","112","259"
"Male","Walton","3510","123","244"
"Unknown","Walton","78","0","0"
"Female","Ware","1667","80","173"
"Male","Ware","1329","72","178"
"Unknown","Ware","11","0","0"
"Female","Warren","212","7","30"
"Male","Warren","155","7","17"
"Unknown","Warren","8","0","0"
"Female","Washington","876","30","57"
"Male","Washington","730","32","57"
"Unknown","Washington","7","0","0"
"Female","Wayne","1372","34","129"
"Male","Wayne","1361","43","141"
"Unknown","Wayne","4","0","0"
"Female","Webster","65","2","8"
"Male","Webster","39","2","7"
"Unknown","Webster","2","0","0"
"Female","Wheeler","155","0","3"
"Male","Wheeler","288","21","32"
"Unknown","Wheeler","16","0","0"
"Female","White","1597","32","140"
"Male","White","1363","35","153"
"Unknown","White","13","0","0"
"Female","Whitfield","7839","110","378"
"Male","Whitfield","6830","117","368"
"Unknown","Whitfield","148","1","5"
"Female","Wilcox","215","11","26"
"Male","Wilcox","258","18","46"
"Unknown","Wilcox","3","0","0"
"Female","Wilkes","363","8","34"
"Male","Wilkes","302","13","38"
"Unknown","Wilkes","4","0","0"
"Female","Wilkinson","400","15","58"
"Male","Wilkinson","323","13","63"
"Unknown","Wilkinson","7","0","0"
"Female","Worth","701","30","101"
"Male","Worth","484","31","73"
"Unknown","Worth","5","0","0"
