"age group","county name","cases","deaths","hospitalization"
"01-04 years","Georgia","4497","1","92"
"05-09 years","Georgia","6744","1","68"
"10-17 years","Georgia","24017","5","306"
"18-29 years","Georgia","96089","62","2222"
"30-39 years","Georgia","63221","141","2941"
"40-49 years","Georgia","60254","326","4208"
"50-59 years","Georgia","55962","798","5966"
"60-69 years","Georgia","37815","1691","6786"
"70-79 years","Georgia","21998","2323","5893"
"80 & Older years","Georgia","13942","3121","4643"
"<1 years","Georgia","1366","0","83"
"Unknown years","Georgia","2025","2","57"
"01-04 years","Appling","15","0","0"
"05-09 years","Appling","35","0","0"
"10-17 years","Appling","99","0","1"
"18-29 years","Appling","229","1","4"
"30-39 years","Appling","176","1","5"
"40-49 years","Appling","170","2","13"
"50-59 years","Appling","186","6","17"
"60-69 years","Appling","152","8","30"
"70-79 years","Appling","101","11","22"
"80 & Older years","Appling","42","10","14"
"<1 years","Appling","3","0","0"
"Unknown years","Appling","1","0","0"
"01-04 years","Atkinson","3","0","1"
"05-09 years","Atkinson","11","0","1"
"10-17 years","Atkinson","24","0","0"
"18-29 years","Atkinson","109","0","7"
"30-39 years","Atkinson","87","0","6"
"40-49 years","Atkinson","88","0","11"
"50-59 years","Atkinson","86","1","15"
"60-69 years","Atkinson","53","4","15"
"70-79 years","Atkinson","29","1","8"
"80 & Older years","Atkinson","8","2","5"
"<1 years","Atkinson","2","0","0"
"Unknown years","Atkinson","1","0","0"
"01-04 years","Bacon","11","0","0"
"05-09 years","Bacon","13","0","0"
"10-17 years","Bacon","42","0","0"
"18-29 years","Bacon","164","0","1"
"30-39 years","Bacon","85","0","3"
"40-49 years","Bacon","111","1","7"
"50-59 years","Bacon","97","2","13"
"60-69 years","Bacon","62","6","12"
"70-79 years","Bacon","39","4","8"
"80 & Older years","Bacon","21","5","6"
"<1 years","Bacon","4","0","0"
"Unknown years","Bacon","1","0","0"
"01-04 years","Baker","4","0","0"
"05-09 years","Baker","4","0","0"
"10-17 years","Baker","5","0","0"
"18-29 years","Baker","16","0","0"
"30-39 years","Baker","11","0","2"
"40-49 years","Baker","10","0","1"
"50-59 years","Baker","15","0","1"
"60-69 years","Baker","18","2","6"
"70-79 years","Baker","13","2","8"
"80 & Older years","Baker","6","2","3"
"01-04 years","Baldwin","12","0","0"
"05-09 years","Baldwin","27","0","0"
"10-17 years","Baldwin","88","0","2"
"18-29 years","Baldwin","963","0","11"
"30-39 years","Baldwin","265","1","10"
"40-49 years","Baldwin","287","2","24"
"50-59 years","Baldwin","296","8","35"
"60-69 years","Baldwin","242","14","41"
"70-79 years","Baldwin","144","18","32"
"80 & Older years","Baldwin","97","25","21"
"<1 years","Baldwin","5","0","0"
"01-04 years","Banks","5","0","0"
"05-09 years","Banks","7","0","0"
"10-17 years","Banks","47","0","0"
"18-29 years","Banks","112","0","3"
"30-39 years","Banks","82","0","1"
"40-49 years","Banks","90","0","10"
"50-59 years","Banks","92","0","9"
"60-69 years","Banks","88","1","16"
"70-79 years","Banks","58","4","24"
"80 & Older years","Banks","48","4","17"
"<1 years","Banks","2","0","0"
"Unknown years","Banks","13","0","1"
"01-04 years","Barrow","33","0","0"
"05-09 years","Barrow","51","0","0"
"10-17 years","Barrow","178","0","2"
"18-29 years","Barrow","646","1","24"
"30-39 years","Barrow","486","0","25"
"40-49 years","Barrow","507","3","40"
"50-59 years","Barrow","402","2","47"
"60-69 years","Barrow","275","11","62"
"70-79 years","Barrow","161","14","45"
"80 & Older years","Barrow","100","25","42"
"<1 years","Barrow","12","0","2"
"Unknown years","Barrow","10","0","0"
"01-04 years","Bartow","33","0","1"
"05-09 years","Bartow","66","0","1"
"10-17 years","Bartow","335","0","2"
"18-29 years","Bartow","817","0","9"
"30-39 years","Bartow","642","2","24"
"40-49 years","Bartow","641","0","34"
"50-59 years","Bartow","657","7","69"
"60-69 years","Bartow","388","16","70"
"70-79 years","Bartow","268","29","73"
"80 & Older years","Bartow","176","44","62"
"<1 years","Bartow","15","0","1"
"Unknown years","Bartow","14","0","3"
"01-04 years","Ben Hill","21","0","1"
"05-09 years","Ben Hill","16","0","0"
"10-17 years","Ben Hill","56","0","0"
"18-29 years","Ben Hill","148","0","4"
"30-39 years","Ben Hill","148","2","5"
"40-49 years","Ben Hill","114","0","5"
"50-59 years","Ben Hill","145","2","19"
"60-69 years","Ben Hill","132","9","19"
"70-79 years","Ben Hill","93","14","33"
"80 & Older years","Ben Hill","34","8","8"
"<1 years","Ben Hill","2","0","0"
"Unknown years","Ben Hill","3","0","0"
"01-04 years","Berrien","10","0","0"
"05-09 years","Berrien","10","0","0"
"10-17 years","Berrien","31","0","0"
"18-29 years","Berrien","105","0","0"
"30-39 years","Berrien","82","0","0"
"40-49 years","Berrien","73","0","1"
"50-59 years","Berrien","80","1","11"
"60-69 years","Berrien","57","3","6"
"70-79 years","Berrien","38","5","4"
"80 & Older years","Berrien","30","8","6"
"<1 years","Berrien","1","0","0"
"Unknown years","Berrien","2","0","0"
"01-04 years","Bibb","82","0","2"
"05-09 years","Bibb","103","0","0"
"10-17 years","Bibb","309","0","6"
"18-29 years","Bibb","1659","1","54"
"30-39 years","Bibb","1138","4","65"
"40-49 years","Bibb","1084","10","118"
"50-59 years","Bibb","993","12","144"
"60-69 years","Bibb","819","46","225"
"70-79 years","Bibb","473","60","166"
"80 & Older years","Bibb","315","80","143"
"<1 years","Bibb","28","0","4"
"Unknown years","Bibb","8","0","0"
"01-04 years","Bleckley","2","0","0"
"05-09 years","Bleckley","5","0","0"
"10-17 years","Bleckley","37","0","0"
"18-29 years","Bleckley","139","0","3"
"30-39 years","Bleckley","57","0","1"
"40-49 years","Bleckley","64","1","1"
"50-59 years","Bleckley","69","2","3"
"60-69 years","Bleckley","52","7","9"
"70-79 years","Bleckley","47","2","10"
"80 & Older years","Bleckley","58","16","9"
"<1 years","Bleckley","1","0","0"
"01-04 years","Brantley","10","0","0"
"05-09 years","Brantley","5","0","0"
"10-17 years","Brantley","40","0","1"
"18-29 years","Brantley","96","0","1"
"30-39 years","Brantley","61","0","3"
"40-49 years","Brantley","74","0","4"
"50-59 years","Brantley","85","1","10"
"60-69 years","Brantley","65","3","8"
"70-79 years","Brantley","37","5","9"
"80 & Older years","Brantley","29","5","7"
"<1 years","Brantley","1","0","0"
"01-04 years","Brooks","13","0","0"
"05-09 years","Brooks","10","0","0"
"10-17 years","Brooks","45","0","0"
"18-29 years","Brooks","110","0","0"
"30-39 years","Brooks","81","0","2"
"40-49 years","Brooks","66","0","8"
"50-59 years","Brooks","84","2","13"
"60-69 years","Brooks","62","6","11"
"70-79 years","Brooks","50","9","16"
"80 & Older years","Brooks","35","9","5"
"<1 years","Brooks","2","0","0"
"01-04 years","Bryan","19","0","0"
"05-09 years","Bryan","26","0","0"
"10-17 years","Bryan","95","0","0"
"18-29 years","Bryan","281","0","8"
"30-39 years","Bryan","235","1","7"
"40-49 years","Bryan","240","0","11"
"50-59 years","Bryan","194","3","18"
"60-69 years","Bryan","131","4","21"
"70-79 years","Bryan","83","6","26"
"80 & Older years","Bryan","43","3","10"
"<1 years","Bryan","5","0","0"
"Unknown years","Bryan","3","0","0"
"01-04 years","Bulloch","37","0","0"
"05-09 years","Bulloch","45","0","0"
"10-17 years","Bulloch","163","0","2"
"18-29 years","Bulloch","1667","0","7"
"30-39 years","Bulloch","353","2","17"
"40-49 years","Bulloch","293","2","20"
"50-59 years","Bulloch","281","1","21"
"60-69 years","Bulloch","187","11","33"
"70-79 years","Bulloch","98","10","26"
"80 & Older years","Bulloch","67","8","21"
"<1 years","Bulloch","13","0","1"
"Unknown years","Bulloch","8","0","0"
"01-04 years","Burke","13","0","0"
"05-09 years","Burke","28","0","0"
"10-17 years","Burke","67","0","1"
"18-29 years","Burke","190","0","4"
"30-39 years","Burke","148","0","4"
"40-49 years","Burke","152","1","7"
"50-59 years","Burke","150","1","22"
"60-69 years","Burke","111","4","26"
"70-79 years","Burke","69","2","19"
"80 & Older years","Burke","21","4","9"
"<1 years","Burke","4","0","0"
"Unknown years","Burke","2","0","0"
"01-04 years","Butts","7","0","0"
"05-09 years","Butts","10","0","0"
"10-17 years","Butts","41","0","1"
"18-29 years","Butts","143","0","2"
"30-39 years","Butts","141","0","7"
"40-49 years","Butts","125","2","9"
"50-59 years","Butts","118","3","14"
"60-69 years","Butts","93","7","15"
"70-79 years","Butts","64","11","8"
"80 & Older years","Butts","73","22","4"
"<1 years","Butts","3","0","0"
"Unknown years","Butts","4","0","0"
"01-04 years","Calhoun","1","0","0"
"10-17 years","Calhoun","10","0","0"
"18-29 years","Calhoun","40","0","4"
"30-39 years","Calhoun","43","2","5"
"40-49 years","Calhoun","60","0","6"
"50-59 years","Calhoun","50","2","9"
"60-69 years","Calhoun","46","2","15"
"70-79 years","Calhoun","21","2","7"
"80 & Older years","Calhoun","10","2","5"
"<1 years","Calhoun","1","0","0"
"01-04 years","Camden","23","0","0"
"05-09 years","Camden","17","0","0"
"10-17 years","Camden","94","0","0"
"18-29 years","Camden","420","0","3"
"30-39 years","Camden","254","0","10"
"40-49 years","Camden","207","1","10"
"50-59 years","Camden","246","1","12"
"60-69 years","Camden","160","5","14"
"70-79 years","Camden","85","0","13"
"80 & Older years","Camden","55","11","16"
"<1 years","Camden","6","0","1"
"Unknown years","Camden","7","0","0"
"01-04 years","Candler","8","0","0"
"05-09 years","Candler","9","0","0"
"10-17 years","Candler","46","0","0"
"18-29 years","Candler","101","0","0"
"30-39 years","Candler","78","0","3"
"40-49 years","Candler","92","2","1"
"50-59 years","Candler","98","5","8"
"60-69 years","Candler","72","6","13"
"70-79 years","Candler","43","10","13"
"80 & Older years","Candler","18","3","8"
"<1 years","Candler","2","0","0"
"Unknown years","Candler","1","0","0"
"01-04 years","Carroll","49","0","0"
"05-09 years","Carroll","56","0","1"
"10-17 years","Carroll","280","0","3"
"18-29 years","Carroll","959","0","8"
"30-39 years","Carroll","535","4","15"
"40-49 years","Carroll","538","3","18"
"50-59 years","Carroll","543","10","43"
"60-69 years","Carroll","378","13","50"
"70-79 years","Carroll","229","25","45"
"80 & Older years","Carroll","157","26","30"
"<1 years","Carroll","15","0","0"
"Unknown years","Carroll","4","0","0"
"01-04 years","Catoosa","28","0","0"
"05-09 years","Catoosa","27","0","0"
"10-17 years","Catoosa","147","0","0"
"18-29 years","Catoosa","314","0","5"
"30-39 years","Catoosa","247","0","4"
"40-49 years","Catoosa","290","1","9"
"50-59 years","Catoosa","238","5","9"
"60-69 years","Catoosa","194","4","25"
"70-79 years","Catoosa","128","9","22"
"80 & Older years","Catoosa","89","7","16"
"<1 years","Catoosa","7","0","0"
"Unknown years","Catoosa","21","0","0"
"01-04 years","Charlton","9","0","0"
"05-09 years","Charlton","16","0","0"
"10-17 years","Charlton","26","0","0"
"18-29 years","Charlton","125","0","1"
"30-39 years","Charlton","147","0","2"
"40-49 years","Charlton","129","2","7"
"50-59 years","Charlton","92","0","2"
"60-69 years","Charlton","84","3","7"
"70-79 years","Charlton","26","4","6"
"80 & Older years","Charlton","11","2","6"
"<1 years","Charlton","2","0","0"
"Unknown years","Charlton","1","0","0"
"01-04 years","Chatham","166","0","0"
"05-09 years","Chatham","185","1","0"
"10-17 years","Chatham","600","0","11"
"18-29 years","Chatham","2745","2","40"
"30-39 years","Chatham","1775","4","76"
"40-49 years","Chatham","1338","8","89"
"50-59 years","Chatham","1280","21","146"
"60-69 years","Chatham","972","41","187"
"70-79 years","Chatham","531","51","177"
"80 & Older years","Chatham","340","71","138"
"<1 years","Chatham","38","0","3"
"Unknown years","Chatham","38","0","2"
"01-04 years","Chattahoochee","3","0","0"
"05-09 years","Chattahoochee","2","0","0"
"10-17 years","Chattahoochee","94","0","1"
"18-29 years","Chattahoochee","1607","0","1"
"30-39 years","Chattahoochee","128","0","1"
"40-49 years","Chattahoochee","30","0","0"
"50-59 years","Chattahoochee","18","0","5"
"60-69 years","Chattahoochee","9","0","3"
"70-79 years","Chattahoochee","5","0","2"
"80 & Older years","Chattahoochee","5","1","2"
"<1 years","Chattahoochee","7","0","0"
"Unknown years","Chattahoochee","1","0","0"
"01-04 years","Chattooga","4","0","0"
"05-09 years","Chattooga","13","0","0"
"10-17 years","Chattooga","85","0","0"
"18-29 years","Chattooga","186","0","2"
"30-39 years","Chattooga","161","0","5"
"40-49 years","Chattooga","166","1","6"
"50-59 years","Chattooga","158","2","7"
"60-69 years","Chattooga","133","6","19"
"70-79 years","Chattooga","84","7","17"
"80 & Older years","Chattooga","66","14","16"
"<1 years","Chattooga","3","0","1"
"Unknown years","Chattooga","8","0","1"
"01-04 years","Cherokee","80","0","5"
"05-09 years","Cherokee","160","0","3"
"10-17 years","Cherokee","776","0","2"
"18-29 years","Cherokee","1951","1","43"
"30-39 years","Cherokee","1180","1","55"
"40-49 years","Cherokee","1304","2","67"
"50-59 years","Cherokee","1299","9","97"
"60-69 years","Cherokee","684","15","99"
"70-79 years","Cherokee","418","24","94"
"80 & Older years","Cherokee","273","57","103"
"<1 years","Cherokee","22","0","0"
"Unknown years","Cherokee","22","0","0"
"01-04 years","Clarke","67","0","0"
"05-09 years","Clarke","82","0","1"
"10-17 years","Clarke","251","0","4"
"18-29 years","Clarke","3590","0","17"
"30-39 years","Clarke","683","1","24"
"40-49 years","Clarke","517","1","27"
"50-59 years","Clarke","483","4","39"
"60-69 years","Clarke","333","11","62"
"70-79 years","Clarke","160","20","62"
"80 & Older years","Clarke","87","13","28"
"<1 years","Clarke","17","0","1"
"Unknown years","Clarke","2","0","0"
"01-04 years","Clay","1","0","0"
"05-09 years","Clay","2","0","0"
"10-17 years","Clay","10","0","0"
"18-29 years","Clay","22","0","0"
"30-39 years","Clay","21","0","1"
"40-49 years","Clay","19","0","0"
"50-59 years","Clay","16","0","1"
"60-69 years","Clay","16","1","2"
"70-79 years","Clay","7","0","0"
"80 & Older years","Clay","11","2","5"
"01-04 years","Clayton","136","0","5"
"05-09 years","Clayton","175","0","4"
"10-17 years","Clayton","476","0","14"
"18-29 years","Clayton","2066","3","61"
"30-39 years","Clayton","1769","6","93"
"40-49 years","Clayton","1482","17","117"
"50-59 years","Clayton","1403","26","162"
"60-69 years","Clayton","925","48","139"
"70-79 years","Clayton","409","41","90"
"80 & Older years","Clayton","226","47","54"
"<1 years","Clayton","27","0","1"
"Unknown years","Clayton","16","0","0"
"01-04 years","Clinch","9","0","0"
"05-09 years","Clinch","10","0","0"
"10-17 years","Clinch","58","0","0"
"18-29 years","Clinch","94","0","2"
"30-39 years","Clinch","65","1","3"
"40-49 years","Clinch","67","0","1"
"50-59 years","Clinch","62","0","8"
"60-69 years","Clinch","71","6","9"
"70-79 years","Clinch","31","6","10"
"80 & Older years","Clinch","13","0","2"
"<1 years","Clinch","1","0","0"
"Unknown years","Clinch","1","0","0"
"01-04 years","Cobb","251","1","8"
"05-09 years","Cobb","336","0","3"
"10-17 years","Cobb","1202","0","19"
"18-29 years","Cobb","6793","5","174"
"30-39 years","Cobb","4097","10","193"
"40-49 years","Cobb","3814","20","309"
"50-59 years","Cobb","3389","28","398"
"60-69 years","Cobb","2032","68","368"
"70-79 years","Cobb","1169","146","317"
"80 & Older years","Cobb","795","204","280"
"<1 years","Cobb","77","0","7"
"Unknown years","Cobb","100","0","2"
"01-04 years","Coffee","42","0","2"
"05-09 years","Coffee","45","0","3"
"10-17 years","Coffee","124","0","1"
"18-29 years","Coffee","468","0","10"
"30-39 years","Coffee","345","2","20"
"40-49 years","Coffee","396","2","49"
"50-59 years","Coffee","393","4","72"
"60-69 years","Coffee","347","18","82"
"70-79 years","Coffee","162","20","62"
"80 & Older years","Coffee","100","22","53"
"<1 years","Coffee","8","0","0"
"Unknown years","Coffee","15","0","0"
"01-04 years","Colquitt","32","0","0"
"05-09 years","Colquitt","49","0","1"
"10-17 years","Colquitt","196","0","3"
"18-29 years","Colquitt","512","0","15"
"30-39 years","Colquitt","361","0","16"
"40-49 years","Colquitt","350","4","31"
"50-59 years","Colquitt","298","10","29"
"60-69 years","Colquitt","209","9","30"
"70-79 years","Colquitt","115","6","31"
"80 & Older years","Colquitt","67","12","19"
"<1 years","Colquitt","8","0","0"
"Unknown years","Colquitt","3","0","0"
"01-04 years","Columbia","32","0","1"
"05-09 years","Columbia","87","0","0"
"10-17 years","Columbia","414","0","1"
"18-29 years","Columbia","1116","0","10"
"30-39 years","Columbia","851","2","13"
"40-49 years","Columbia","865","4","22"
"50-59 years","Columbia","736","10","46"
"60-69 years","Columbia","455","9","50"
"70-79 years","Columbia","244","20","36"
"80 & Older years","Columbia","138","24","36"
"<1 years","Columbia","13","0","1"
"Unknown years","Columbia","2","0","0"
"01-04 years","Cook","8","0","0"
"05-09 years","Cook","13","0","0"
"10-17 years","Cook","59","0","1"
"18-29 years","Cook","143","0","2"
"30-39 years","Cook","110","0","4"
"40-49 years","Cook","113","0","10"
"50-59 years","Cook","88","1","15"
"60-69 years","Cook","69","3","11"
"70-79 years","Cook","55","9","15"
"80 & Older years","Cook","18","3","7"
"<1 years","Cook","5","0","0"
"Unknown years","Cook","3","0","0"
"01-04 years","Coweta","39","0","0"
"05-09 years","Coweta","56","0","0"
"10-17 years","Coweta","199","0","0"
"18-29 years","Coweta","688","1","11"
"30-39 years","Coweta","470","0","13"
"40-49 years","Coweta","483","3","19"
"50-59 years","Coweta","566","7","31"
"60-69 years","Coweta","354","15","31"
"70-79 years","Coweta","197","15","32"
"80 & Older years","Coweta","130","23","22"
"<1 years","Coweta","10","0","0"
"Unknown years","Coweta","3","0","0"
"01-04 years","Crawford","1","0","0"
"05-09 years","Crawford","1","0","0"
"10-17 years","Crawford","11","0","0"
"18-29 years","Crawford","41","0","1"
"30-39 years","Crawford","29","0","2"
"40-49 years","Crawford","21","0","2"
"50-59 years","Crawford","50","1","7"
"60-69 years","Crawford","39","3","10"
"70-79 years","Crawford","10","2","3"
"80 & Older years","Crawford","7","0","3"
"01-04 years","Crisp","9","0","0"
"05-09 years","Crisp","10","0","0"
"10-17 years","Crisp","37","0","0"
"18-29 years","Crisp","116","0","7"
"30-39 years","Crisp","117","0","8"
"40-49 years","Crisp","101","1","9"
"50-59 years","Crisp","101","3","15"
"60-69 years","Crisp","107","8","21"
"70-79 years","Crisp","52","7","21"
"80 & Older years","Crisp","33","7","9"
"<1 years","Crisp","5","0","0"
"Unknown years","Crisp","10","0","0"
"01-04 years","Dade","2","0","0"
"05-09 years","Dade","11","0","0"
"10-17 years","Dade","37","0","0"
"18-29 years","Dade","82","0","1"
"30-39 years","Dade","60","0","1"
"40-49 years","Dade","72","0","3"
"50-59 years","Dade","71","1","5"
"60-69 years","Dade","49","0","2"
"70-79 years","Dade","34","4","8"
"80 & Older years","Dade","7","1","3"
"<1 years","Dade","4","0","0"
"Unknown years","Dade","8","0","1"
"01-04 years","Dawson","6","0","0"
"05-09 years","Dawson","10","0","0"
"10-17 years","Dawson","76","0","3"
"18-29 years","Dawson","225","0","7"
"30-39 years","Dawson","132","0","3"
"40-49 years","Dawson","131","0","12"
"50-59 years","Dawson","164","0","11"
"60-69 years","Dawson","132","1","29"
"70-79 years","Dawson","69","7","19"
"80 & Older years","Dawson","27","3","7"
"<1 years","Dawson","5","0","0"
"Unknown years","Dawson","3","0","2"
"01-04 years","DeKalb","289","0","9"
"05-09 years","DeKalb","381","0","4"
"10-17 years","DeKalb","1148","0","31"
"18-29 years","DeKalb","5778","7","239"
"30-39 years","DeKalb","4830","12","321"
"40-49 years","DeKalb","3805","22","352"
"50-59 years","DeKalb","3386","51","469"
"60-69 years","DeKalb","2073","91","468"
"70-79 years","DeKalb","1103","115","358"
"80 & Older years","DeKalb","649","127","224"
"<1 years","DeKalb","80","0","5"
"Unknown years","DeKalb","150","0","5"
"01-04 years","Decatur","31","0","1"
"05-09 years","Decatur","41","0","0"
"10-17 years","Decatur","111","0","0"
"18-29 years","Decatur","282","1","6"
"30-39 years","Decatur","216","2","7"
"40-49 years","Decatur","209","0","13"
"50-59 years","Decatur","178","4","21"
"60-69 years","Decatur","136","9","24"
"70-79 years","Decatur","84","15","17"
"80 & Older years","Decatur","81","9","15"
"<1 years","Decatur","6","0","0"
"Unknown years","Decatur","5","0","1"
"01-04 years","Dodge","4","0","0"
"05-09 years","Dodge","13","0","0"
"10-17 years","Dodge","46","1","1"
"18-29 years","Dodge","103","0","0"
"30-39 years","Dodge","62","0","1"
"40-49 years","Dodge","110","1","9"
"50-59 years","Dodge","128","2","9"
"60-69 years","Dodge","111","8","18"
"70-79 years","Dodge","63","6","8"
"80 & Older years","Dodge","46","12","12"
"<1 years","Dodge","1","0","0"
"Unknown years","Dodge","1","0","0"
"01-04 years","Dooly","8","0","0"
"05-09 years","Dooly","3","0","0"
"10-17 years","Dooly","16","0","0"
"18-29 years","Dooly","60","0","5"
"30-39 years","Dooly","57","0","7"
"40-49 years","Dooly","74","0","7"
"50-59 years","Dooly","68","4","11"
"60-69 years","Dooly","66","7","16"
"70-79 years","Dooly","29","4","10"
"80 & Older years","Dooly","14","3","4"
"Unknown years","Dooly","2","0","0"
"01-04 years","Dougherty","23","0","3"
"05-09 years","Dougherty","40","0","0"
"10-17 years","Dougherty","114","0","3"
"18-29 years","Dougherty","566","2","55"
"30-39 years","Dougherty","486","3","54"
"40-49 years","Dougherty","530","12","85"
"50-59 years","Dougherty","604","18","116"
"60-69 years","Dougherty","505","50","159"
"70-79 years","Dougherty","303","49","126"
"80 & Older years","Dougherty","188","63","82"
"<1 years","Dougherty","14","0","1"
"Unknown years","Dougherty","3","0","0"
"01-04 years","Douglas","45","0","0"
"05-09 years","Douglas","78","0","3"
"10-17 years","Douglas","250","0","3"
"18-29 years","Douglas","966","0","36"
"30-39 years","Douglas","758","3","44"
"40-49 years","Douglas","845","4","74"
"50-59 years","Douglas","728","8","99"
"60-69 years","Douglas","434","16","102"
"70-79 years","Douglas","254","27","77"
"80 & Older years","Douglas","127","21","51"
"<1 years","Douglas","6","0","1"
"Unknown years","Douglas","30","0","0"
"01-04 years","Early","13","0","0"
"05-09 years","Early","15","0","0"
"10-17 years","Early","37","0","0"
"18-29 years","Early","99","0","3"
"30-39 years","Early","84","0","3"
"40-49 years","Early","103","1","7"
"50-59 years","Early","90","3","8"
"60-69 years","Early","70","10","10"
"70-79 years","Early","48","11","7"
"80 & Older years","Early","30","11","6"
"<1 years","Early","2","0","0"
"01-04 years","Echols","2","0","0"
"05-09 years","Echols","4","0","0"
"10-17 years","Echols","12","0","1"
"18-29 years","Echols","105","0","1"
"30-39 years","Echols","46","0","2"
"40-49 years","Echols","28","0","1"
"50-59 years","Echols","28","0","2"
"60-69 years","Echols","12","0","0"
"70-79 years","Echols","11","2","3"
"<1 years","Echols","1","0","0"
"Unknown years","Echols","2","0","0"
"01-04 years","Effingham","18","0","1"
"05-09 years","Effingham","44","0","0"
"10-17 years","Effingham","174","0","0"
"18-29 years","Effingham","398","0","2"
"30-39 years","Effingham","308","1","9"
"40-49 years","Effingham","328","0","13"
"50-59 years","Effingham","326","6","24"
"60-69 years","Effingham","198","2","29"
"70-79 years","Effingham","115","9","27"
"80 & Older years","Effingham","53","11","18"
"<1 years","Effingham","6","0","0"
"Unknown years","Effingham","6","0","1"
"01-04 years","Elbert","9","0","0"
"05-09 years","Elbert","17","0","0"
"10-17 years","Elbert","52","0","0"
"18-29 years","Elbert","158","0","0"
"30-39 years","Elbert","107","0","5"
"40-49 years","Elbert","122","0","6"
"50-59 years","Elbert","128","0","8"
"60-69 years","Elbert","96","0","13"
"70-79 years","Elbert","85","7","16"
"80 & Older years","Elbert","66","7","19"
"<1 years","Elbert","4","0","2"
"01-04 years","Emanuel","16","0","1"
"05-09 years","Emanuel","16","0","0"
"10-17 years","Emanuel","124","0","2"
"18-29 years","Emanuel","220","1","0"
"30-39 years","Emanuel","172","0","5"
"40-49 years","Emanuel","206","1","6"
"50-59 years","Emanuel","186","4","19"
"60-69 years","Emanuel","163","8","20"
"70-79 years","Emanuel","99","14","22"
"80 & Older years","Emanuel","49","15","15"
"<1 years","Emanuel","4","0","0"
"Unknown years","Emanuel","7","0","1"
"01-04 years","Evans","6","0","0"
"05-09 years","Evans","12","0","0"
"10-17 years","Evans","51","0","0"
"18-29 years","Evans","100","0","3"
"30-39 years","Evans","87","0","3"
"40-49 years","Evans","78","0","7"
"50-59 years","Evans","81","1","13"
"60-69 years","Evans","43","2","10"
"70-79 years","Evans","29","3","9"
"80 & Older years","Evans","12","1","2"
"<1 years","Evans","2","0","0"
"Unknown years","Evans","1","0","0"
"01-04 years","Fannin","6","0","0"
"05-09 years","Fannin","11","0","0"
"10-17 years","Fannin","48","0","0"
"18-29 years","Fannin","134","0","2"
"30-39 years","Fannin","87","0","3"
"40-49 years","Fannin","115","0","5"
"50-59 years","Fannin","144","4","10"
"60-69 years","Fannin","154","4","16"
"70-79 years","Fannin","115","1","19"
"80 & Older years","Fannin","75","21","25"
"<1 years","Fannin","3","0","0"
"Unknown years","Fannin","15","0","0"
"01-04 years","Fayette","21","0","0"
"05-09 years","Fayette","22","0","1"
"10-17 years","Fayette","148","0","1"
"18-29 years","Fayette","520","0","5"
"30-39 years","Fayette","275","0","6"
"40-49 years","Fayette","402","1","16"
"50-59 years","Fayette","408","4","28"
"60-69 years","Fayette","305","11","26"
"70-79 years","Fayette","165","21","35"
"80 & Older years","Fayette","92","24","25"
"<1 years","Fayette","2","0","0"
"Unknown years","Fayette","13","0","0"
"01-04 years","Floyd","57","0","1"
"05-09 years","Floyd","104","0","0"
"10-17 years","Floyd","449","0","7"
"18-29 years","Floyd","981","0","14"
"30-39 years","Floyd","732","2","27"
"40-49 years","Floyd","706","1","37"
"50-59 years","Floyd","626","10","68"
"60-69 years","Floyd","441","16","79"
"70-79 years","Floyd","295","16","83"
"80 & Older years","Floyd","151","22","42"
"<1 years","Floyd","19","0","0"
"Unknown years","Floyd","47","0","2"
"01-04 years","Forsyth","51","0","0"
"05-09 years","Forsyth","115","0","0"
"10-17 years","Forsyth","476","0","1"
"18-29 years","Forsyth","1312","0","29"
"30-39 years","Forsyth","762","0","31"
"40-49 years","Forsyth","902","2","54"
"50-59 years","Forsyth","845","8","72"
"60-69 years","Forsyth","440","6","70"
"70-79 years","Forsyth","245","19","81"
"80 & Older years","Forsyth","139","21","58"
"<1 years","Forsyth","17","0","2"
"Unknown years","Forsyth","39","0","0"
"01-04 years","Franklin","7","0","0"
"05-09 years","Franklin","21","0","0"
"10-17 years","Franklin","90","0","3"
"18-29 years","Franklin","218","0","4"
"30-39 years","Franklin","149","0","2"
"40-49 years","Franklin","159","0","9"
"50-59 years","Franklin","164","0","13"
"60-69 years","Franklin","119","2","14"
"70-79 years","Franklin","70","9","14"
"80 & Older years","Franklin","35","8","13"
"<1 years","Franklin","3","0","1"
"Unknown years","Franklin","23","0","2"
"01-04 years","Fulton","319","0","12"
"05-09 years","Fulton","486","0","7"
"10-17 years","Fulton","1676","1","28"
"18-29 years","Fulton","10060","4","225"
"30-39 years","Fulton","6715","13","325"
"40-49 years","Fulton","5080","26","380"
"50-59 years","Fulton","4280","55","507"
"60-69 years","Fulton","2619","116","478"
"70-79 years","Fulton","1432","159","405"
"80 & Older years","Fulton","1116","277","394"
"<1 years","Fulton","94","0","4"
"Unknown years","Fulton","103","0","5"
"01-04 years","Gilmer","18","0","1"
"05-09 years","Gilmer","15","0","0"
"10-17 years","Gilmer","85","0","2"
"18-29 years","Gilmer","159","0","7"
"30-39 years","Gilmer","159","0","10"
"40-49 years","Gilmer","175","0","9"
"50-59 years","Gilmer","165","3","11"
"60-69 years","Gilmer","164","1","21"
"70-79 years","Gilmer","104","7","21"
"80 & Older years","Gilmer","70","15","19"
"<1 years","Gilmer","7","0","0"
"Unknown years","Gilmer","9","0","0"
"01-04 years","Glascock","1","0","0"
"05-09 years","Glascock","2","0","0"
"18-29 years","Glascock","11","0","0"
"30-39 years","Glascock","6","0","0"
"40-49 years","Glascock","10","0","0"
"50-59 years","Glascock","16","1","2"
"60-69 years","Glascock","7","0","0"
"80 & Older years","Glascock","5","1","3"
"<1 years","Glascock","1","0","0"
"01-04 years","Glynn","55","0","1"
"05-09 years","Glynn","108","0","1"
"10-17 years","Glynn","264","0","0"
"18-29 years","Glynn","916","0","15"
"30-39 years","Glynn","659","2","22"
"40-49 years","Glynn","545","3","28"
"50-59 years","Glynn","514","9","56"
"60-69 years","Glynn","429","22","86"
"70-79 years","Glynn","269","30","60"
"80 & Older years","Glynn","181","42","63"
"<1 years","Glynn","14","0","0"
"Unknown years","Glynn","30","0","0"
"01-04 years","Gordon","35","0","0"
"05-09 years","Gordon","44","0","0"
"10-17 years","Gordon","209","0","2"
"18-29 years","Gordon","581","0","7"
"30-39 years","Gordon","444","1","16"
"40-49 years","Gordon","483","0","17"
"50-59 years","Gordon","428","8","23"
"60-69 years","Gordon","270","9","18"
"70-79 years","Gordon","172","16","40"
"80 & Older years","Gordon","105","20","31"
"<1 years","Gordon","8","0","1"
"Unknown years","Gordon","4","0","0"
"01-04 years","Grady","16","0","1"
"05-09 years","Grady","24","0","0"
"10-17 years","Grady","83","0","2"
"18-29 years","Grady","150","0","7"
"30-39 years","Grady","148","0","5"
"40-49 years","Grady","143","0","18"
"50-59 years","Grady","122","4","16"
"60-69 years","Grady","92","2","18"
"70-79 years","Grady","82","8","22"
"80 & Older years","Grady","34","12","13"
"<1 years","Grady","3","0","1"
"Unknown years","Grady","3","0","0"
"01-04 years","Greene","5","0","0"
"05-09 years","Greene","20","0","0"
"10-17 years","Greene","36","0","0"
"18-29 years","Greene","138","0","4"
"30-39 years","Greene","82","0","5"
"40-49 years","Greene","75","3","7"
"50-59 years","Greene","74","3","7"
"60-69 years","Greene","78","2","9"
"70-79 years","Greene","58","5","13"
"80 & Older years","Greene","37","13","16"
"<1 years","Greene","2","0","1"
"Unknown years","Greene","1","0","0"
"01-04 years","Gwinnett","507","0","11"
"05-09 years","Gwinnett","723","0","11"
"10-17 years","Gwinnett","2243","1","43"
"18-29 years","Gwinnett","8408","1","346"
"30-39 years","Gwinnett","5888","11","381"
"40-49 years","Gwinnett","6189","33","493"
"50-59 years","Gwinnett","4931","55","528"
"60-69 years","Gwinnett","2632","89","500"
"70-79 years","Gwinnett","1132","97","335"
"80 & Older years","Gwinnett","754","187","344"
"<1 years","Gwinnett","130","0","4"
"Unknown years","Gwinnett","60","0","0"
"01-04 years","Habersham","14","0","1"
"05-09 years","Habersham","19","0","0"
"10-17 years","Habersham","96","1","5"
"18-29 years","Habersham","405","0","7"
"30-39 years","Habersham","298","2","20"
"40-49 years","Habersham","308","1","24"
"50-59 years","Habersham","317","4","28"
"60-69 years","Habersham","239","9","62"
"70-79 years","Habersham","161","16","50"
"80 & Older years","Habersham","151","43","46"
"<1 years","Habersham","4","0","1"
"Unknown years","Habersham","17","0","1"
"01-04 years","Hall","84","0","3"
"05-09 years","Hall","187","0","1"
"10-17 years","Hall","764","0","13"
"18-29 years","Hall","2701","3","100"
"30-39 years","Hall","1723","1","100"
"40-49 years","Hall","1820","7","160"
"50-59 years","Hall","1817","16","216"
"60-69 years","Hall","1094","35","204"
"70-79 years","Hall","677","43","185"
"80 & Older years","Hall","436","83","183"
"<1 years","Hall","18","0","5"
"Unknown years","Hall","172","0","7"
"01-04 years","Hancock","3","0","0"
"05-09 years","Hancock","3","0","0"
"10-17 years","Hancock","16","0","0"
"18-29 years","Hancock","50","0","2"
"30-39 years","Hancock","45","0","2"
"40-49 years","Hancock","62","1","4"
"50-59 years","Hancock","68","3","7"
"60-69 years","Hancock","89","12","20"
"70-79 years","Hancock","51","12","15"
"80 & Older years","Hancock","43","17","17"
"<1 years","Hancock","1","0","0"
"01-04 years","Haralson","9","0","0"
"05-09 years","Haralson","17","0","0"
"10-17 years","Haralson","70","0","1"
"18-29 years","Haralson","174","0","1"
"30-39 years","Haralson","119","0","2"
"40-49 years","Haralson","104","1","4"
"50-59 years","Haralson","104","0","1"
"60-69 years","Haralson","87","7","12"
"70-79 years","Haralson","62","6","12"
"80 & Older years","Haralson","32","3","3"
"<1 years","Haralson","5","0","0"
"Unknown years","Haralson","1","0","0"
"01-04 years","Harris","12","0","0"
"05-09 years","Harris","10","0","0"
"10-17 years","Harris","71","0","2"
"18-29 years","Harris","148","0","2"
"30-39 years","Harris","98","0","5"
"40-49 years","Harris","143","2","6"
"50-59 years","Harris","163","4","15"
"60-69 years","Harris","152","9","37"
"70-79 years","Harris","72","7","22"
"80 & Older years","Harris","26","4","6"
"<1 years","Harris","2","0","0"
"Unknown years","Harris","1","0","0"
"01-04 years","Hart","8","0","0"
"05-09 years","Hart","12","0","1"
"10-17 years","Hart","33","0","0"
"18-29 years","Hart","116","0","0"
"30-39 years","Hart","86","0","4"
"40-49 years","Hart","97","0","6"
"50-59 years","Hart","122","1","12"
"60-69 years","Hart","90","8","22"
"70-79 years","Hart","47","4","10"
"80 & Older years","Hart","42","7","21"
"<1 years","Hart","2","0","1"
"01-04 years","Heard","2","0","0"
"05-09 years","Heard","8","0","0"
"10-17 years","Heard","22","0","1"
"18-29 years","Heard","51","0","0"
"30-39 years","Heard","28","0","1"
"40-49 years","Heard","47","0","2"
"50-59 years","Heard","39","0","2"
"60-69 years","Heard","37","2","5"
"70-79 years","Heard","23","3","5"
"80 & Older years","Heard","8","2","2"
"<1 years","Heard","1","0","0"
"Unknown years","Heard","1","0","0"
"01-04 years","Henry","60","0","2"
"05-09 years","Henry","114","0","1"
"10-17 years","Henry","397","0","2"
"18-29 years","Henry","1531","1","21"
"30-39 years","Henry","1190","3","27"
"40-49 years","Henry","1293","7","57"
"50-59 years","Henry","1186","12","77"
"60-69 years","Henry","614","25","51"
"70-79 years","Henry","331","36","47"
"80 & Older years","Henry","180","41","31"
"<1 years","Henry","14","0","2"
"Unknown years","Henry","10","0","0"
"01-04 years","Houston","42","0","1"
"05-09 years","Houston","68","0","1"
"10-17 years","Houston","229","0","3"
"18-29 years","Houston","887","2","21"
"30-39 years","Houston","745","1","39"
"40-49 years","Houston","687","2","62"
"50-59 years","Houston","601","10","73"
"60-69 years","Houston","380","23","81"
"70-79 years","Houston","218","34","83"
"80 & Older years","Houston","105","27","47"
"<1 years","Houston","11","0","1"
"Unknown years","Houston","1","0","0"
"01-04 years","Irwin","3","0","0"
"05-09 years","Irwin","7","0","0"
"10-17 years","Irwin","27","0","0"
"18-29 years","Irwin","64","0","3"
"30-39 years","Irwin","59","0","4"
"40-49 years","Irwin","73","0","4"
"50-59 years","Irwin","60","1","5"
"60-69 years","Irwin","46","1","13"
"70-79 years","Irwin","22","3","1"
"80 & Older years","Irwin","22","6","11"
"01-04 years","Jackson","16","0","0"
"05-09 years","Jackson","54","0","0"
"10-17 years","Jackson","253","0","1"
"18-29 years","Jackson","568","0","9"
"30-39 years","Jackson","427","1","12"
"40-49 years","Jackson","445","1","35"
"50-59 years","Jackson","456","4","37"
"60-69 years","Jackson","248","6","33"
"70-79 years","Jackson","196","13","54"
"80 & Older years","Jackson","118","21","48"
"<1 years","Jackson","7","0","2"
"Unknown years","Jackson","11","0","1"
"05-09 years","Jasper","4","0","0"
"10-17 years","Jasper","9","0","0"
"18-29 years","Jasper","57","0","1"
"30-39 years","Jasper","42","0","0"
"40-49 years","Jasper","34","0","1"
"50-59 years","Jasper","56","0","8"
"60-69 years","Jasper","36","3","8"
"70-79 years","Jasper","18","1","3"
"80 & Older years","Jasper","6","0","0"
"<1 years","Jasper","2","0","0"
"01-04 years","Jeff Davis","21","0","1"
"05-09 years","Jeff Davis","22","0","0"
"10-17 years","Jeff Davis","64","0","2"
"18-29 years","Jeff Davis","166","0","3"
"30-39 years","Jeff Davis","140","0","7"
"40-49 years","Jeff Davis","133","0","11"
"50-59 years","Jeff Davis","121","4","11"
"60-69 years","Jeff Davis","87","6","18"
"70-79 years","Jeff Davis","53","12","16"
"80 & Older years","Jeff Davis","14","5","6"
"<1 years","Jeff Davis","2","0","1"
"Unknown years","Jeff Davis","2","0","0"
"01-04 years","Jefferson","16","0","0"
"05-09 years","Jefferson","21","0","0"
"10-17 years","Jefferson","58","0","0"
"18-29 years","Jefferson","150","0","3"
"30-39 years","Jefferson","109","0","6"
"40-49 years","Jefferson","126","3","9"
"50-59 years","Jefferson","162","2","15"
"60-69 years","Jefferson","126","7","18"
"70-79 years","Jefferson","90","12","20"
"80 & Older years","Jefferson","42","13","18"
"<1 years","Jefferson","4","0","0"
"Unknown years","Jefferson","3","0","0"
"01-04 years","Jenkins","6","0","0"
"05-09 years","Jenkins","12","0","0"
"10-17 years","Jenkins","40","0","0"
"18-29 years","Jenkins","77","0","2"
"30-39 years","Jenkins","47","1","4"
"40-49 years","Jenkins","73","2","8"
"50-59 years","Jenkins","81","5","14"
"60-69 years","Jenkins","63","5","11"
"70-79 years","Jenkins","40","12","20"
"80 & Older years","Jenkins","43","8","10"
"<1 years","Jenkins","2","0","0"
"01-04 years","Johnson","4","0","0"
"05-09 years","Johnson","5","0","0"
"10-17 years","Johnson","14","0","0"
"18-29 years","Johnson","74","0","2"
"30-39 years","Johnson","45","0","3"
"40-49 years","Johnson","57","1","6"
"50-59 years","Johnson","74","1","12"
"60-69 years","Johnson","71","7","13"
"70-79 years","Johnson","54","6","16"
"80 & Older years","Johnson","55","12","12"
"Unknown years","Johnson","1","0","0"
"01-04 years","Jones","2","0","0"
"05-09 years","Jones","8","0","0"
"10-17 years","Jones","32","0","0"
"18-29 years","Jones","184","0","4"
"30-39 years","Jones","105","0","3"
"40-49 years","Jones","105","1","3"
"50-59 years","Jones","110","1","11"
"60-69 years","Jones","78","1","14"
"70-79 years","Jones","42","5","15"
"80 & Older years","Jones","34","9","5"
"<1 years","Jones","1","0","0"
"01-04 years","Lamar","9","0","0"
"05-09 years","Lamar","22","0","0"
"10-17 years","Lamar","34","0","1"
"18-29 years","Lamar","71","0","1"
"30-39 years","Lamar","61","0","2"
"40-49 years","Lamar","64","1","2"
"50-59 years","Lamar","68","1","10"
"60-69 years","Lamar","68","3","11"
"70-79 years","Lamar","49","5","11"
"80 & Older years","Lamar","32","12","12"
"<1 years","Lamar","3","0","0"
"Unknown years","Lamar","1","0","0"
"01-04 years","Lanier","5","0","0"
"05-09 years","Lanier","8","0","1"
"10-17 years","Lanier","20","0","1"
"18-29 years","Lanier","74","1","0"
"30-39 years","Lanier","85","0","1"
"40-49 years","Lanier","42","1","1"
"50-59 years","Lanier","42","0","3"
"60-69 years","Lanier","26","1","1"
"70-79 years","Lanier","14","4","4"
"80 & Older years","Lanier","10","0","4"
"<1 years","Lanier","3","0","0"
"01-04 years","Laurens","15","0","0"
"05-09 years","Laurens","19","0","0"
"10-17 years","Laurens","134","0","2"
"18-29 years","Laurens","384","0","5"
"30-39 years","Laurens","297","0","7"
"40-49 years","Laurens","313","3","17"
"50-59 years","Laurens","347","6","33"
"60-69 years","Laurens","292","23","47"
"70-79 years","Laurens","205","33","45"
"80 & Older years","Laurens","127","38","30"
"<1 years","Laurens","5","0","0"
"Unknown years","Laurens","3","0","0"
"01-04 years","Lee","7","0","0"
"05-09 years","Lee","11","0","2"
"10-17 years","Lee","47","0","1"
"18-29 years","Lee","128","1","7"
"30-39 years","Lee","148","1","13"
"40-49 years","Lee","138","3","17"
"50-59 years","Lee","138","6","26"
"60-69 years","Lee","90","7","17"
"70-79 years","Lee","46","9","19"
"80 & Older years","Lee","20","5","10"
"<1 years","Lee","3","0","0"
"01-04 years","Liberty","12","0","0"
"05-09 years","Liberty","25","0","1"
"10-17 years","Liberty","89","0","1"
"18-29 years","Liberty","355","1","10"
"30-39 years","Liberty","241","0","7"
"40-49 years","Liberty","222","0","10"
"50-59 years","Liberty","187","3","25"
"60-69 years","Liberty","152","8","27"
"70-79 years","Liberty","62","9","25"
"80 & Older years","Liberty","38","7","15"
"<1 years","Liberty","13","0","1"
"Unknown years","Liberty","4","0","0"
"01-04 years","Lincoln","4","0","0"
"05-09 years","Lincoln","8","0","0"
"10-17 years","Lincoln","12","0","0"
"18-29 years","Lincoln","52","0","2"
"30-39 years","Lincoln","35","0","1"
"40-49 years","Lincoln","49","0","5"
"50-59 years","Lincoln","33","0","3"
"60-69 years","Lincoln","34","2","8"
"70-79 years","Lincoln","24","1","7"
"80 & Older years","Lincoln","11","5","5"
"<1 years","Lincoln","1","0","0"
"Unknown years","Lincoln","2","0","0"
"01-04 years","Long","10","0","0"
"05-09 years","Long","3","0","0"
"10-17 years","Long","18","0","0"
"18-29 years","Long","54","0","0"
"30-39 years","Long","73","0","0"
"40-49 years","Long","39","0","2"
"50-59 years","Long","41","1","5"
"60-69 years","Long","33","1","3"
"70-79 years","Long","15","3","5"
"80 & Older years","Long","5","0","3"
"<1 years","Long","3","0","0"
"01-04 years","Lowndes","74","0","0"
"05-09 years","Lowndes","105","0","0"
"10-17 years","Lowndes","371","0","4"
"18-29 years","Lowndes","1545","3","23"
"30-39 years","Lowndes","744","0","14"
"40-49 years","Lowndes","665","1","31"
"50-59 years","Lowndes","548","6","38"
"60-69 years","Lowndes","387","18","45"
"70-79 years","Lowndes","215","29","35"
"80 & Older years","Lowndes","130","36","36"
"<1 years","Lowndes","17","0","0"
"Unknown years","Lowndes","20","0","0"
"01-04 years","Lumpkin","5","0","0"
"05-09 years","Lumpkin","14","0","0"
"10-17 years","Lumpkin","60","0","2"
"18-29 years","Lumpkin","318","0","4"
"30-39 years","Lumpkin","122","0","5"
"40-49 years","Lumpkin","141","0","10"
"50-59 years","Lumpkin","149","2","15"
"60-69 years","Lumpkin","154","6","22"
"70-79 years","Lumpkin","122","5","29"
"80 & Older years","Lumpkin","44","6","22"
"<1 years","Lumpkin","2","0","1"
"Unknown years","Lumpkin","14","0","0"
"01-04 years","Macon","6","0","0"
"05-09 years","Macon","6","0","0"
"10-17 years","Macon","9","0","0"
"18-29 years","Macon","43","0","2"
"30-39 years","Macon","32","0","3"
"40-49 years","Macon","51","1","6"
"50-59 years","Macon","55","3","9"
"60-69 years","Macon","31","4","17"
"70-79 years","Macon","26","1","11"
"80 & Older years","Macon","12","4","6"
"<1 years","Macon","1","0","0"
"01-04 years","Madison","14","0","0"
"05-09 years","Madison","15","0","0"
"10-17 years","Madison","83","0","0"
"18-29 years","Madison","167","0","1"
"30-39 years","Madison","144","0","5"
"40-49 years","Madison","149","0","9"
"50-59 years","Madison","159","1","17"
"60-69 years","Madison","96","3","17"
"70-79 years","Madison","50","6","20"
"80 & Older years","Madison","15","2","2"
"<1 years","Madison","9","0","2"
"01-04 years","Marion","2","0","0"
"05-09 years","Marion","4","0","0"
"10-17 years","Marion","13","0","0"
"18-29 years","Marion","37","0","0"
"30-39 years","Marion","24","0","2"
"40-49 years","Marion","35","1","5"
"50-59 years","Marion","35","3","5"
"60-69 years","Marion","27","3","3"
"70-79 years","Marion","18","1","3"
"80 & Older years","Marion","17","2","5"
"<1 years","Marion","1","0","0"
"01-04 years","McDuffie","4","0","0"
"05-09 years","McDuffie","7","0","0"
"10-17 years","McDuffie","41","0","0"
"18-29 years","McDuffie","157","0","3"
"30-39 years","McDuffie","111","1","2"
"40-49 years","McDuffie","122","2","8"
"50-59 years","McDuffie","128","2","16"
"60-69 years","McDuffie","96","4","15"
"70-79 years","McDuffie","63","6","25"
"80 & Older years","McDuffie","20","4","12"
"Unknown years","McDuffie","1","0","0"
"05-09 years","McIntosh","3","0","0"
"10-17 years","McIntosh","21","0","0"
"18-29 years","McIntosh","64","0","2"
"30-39 years","McIntosh","48","0","3"
"40-49 years","McIntosh","53","0","3"
"50-59 years","McIntosh","54","0","2"
"60-69 years","McIntosh","45","2","12"
"70-79 years","McIntosh","38","3","11"
"80 & Older years","McIntosh","7","2","2"
"<1 years","McIntosh","1","0","0"
"Unknown years","McIntosh","2","0","0"
"01-04 years","Meriwether","10","0","1"
"05-09 years","Meriwether","11","0","1"
"10-17 years","Meriwether","22","0","0"
"18-29 years","Meriwether","97","0","3"
"30-39 years","Meriwether","91","2","11"
"40-49 years","Meriwether","123","1","12"
"50-59 years","Meriwether","92","1","13"
"60-69 years","Meriwether","79","3","16"
"70-79 years","Meriwether","58","5","18"
"80 & Older years","Meriwether","36","7","9"
"<1 years","Meriwether","2","0","0"
"01-04 years","Miller","3","0","0"
"05-09 years","Miller","3","0","0"
"10-17 years","Miller","31","0","1"
"18-29 years","Miller","58","0","0"
"30-39 years","Miller","57","0","0"
"40-49 years","Miller","48","0","3"
"50-59 years","Miller","73","0","9"
"60-69 years","Miller","44","2","3"
"70-79 years","Miller","14","0","1"
"80 & Older years","Miller","11","0","3"
"<1 years","Miller","3","0","0"
"01-04 years","Mitchell","3","0","0"
"05-09 years","Mitchell","13","0","0"
"10-17 years","Mitchell","46","0","1"
"18-29 years","Mitchell","136","0","6"
"30-39 years","Mitchell","123","1","12"
"40-49 years","Mitchell","133","2","13"
"50-59 years","Mitchell","165","7","42"
"60-69 years","Mitchell","130","12","38"
"70-79 years","Mitchell","71","8","25"
"80 & Older years","Mitchell","54","17","19"
"Unknown years","Mitchell","3","0","1"
"01-04 years","Monroe","3","0","0"
"05-09 years","Monroe","8","0","1"
"10-17 years","Monroe","41","0","0"
"18-29 years","Monroe","135","0","1"
"30-39 years","Monroe","92","0","4"
"40-49 years","Monroe","112","1","9"
"50-59 years","Monroe","143","3","13"
"60-69 years","Monroe","125","9","25"
"70-79 years","Monroe","78","14","20"
"80 & Older years","Monroe","86","32","19"
"<1 years","Monroe","3","0","1"
"01-04 years","Montgomery","6","0","0"
"05-09 years","Montgomery","3","0","0"
"10-17 years","Montgomery","23","0","1"
"18-29 years","Montgomery","94","0","0"
"30-39 years","Montgomery","51","1","3"
"40-49 years","Montgomery","73","0","2"
"50-59 years","Montgomery","51","1","5"
"60-69 years","Montgomery","45","3","9"
"70-79 years","Montgomery","23","2","5"
"80 & Older years","Montgomery","10","2","2"
"<1 years","Montgomery","1","0","0"
"01-04 years","Morgan","14","0","0"
"05-09 years","Morgan","9","0","0"
"10-17 years","Morgan","46","0","0"
"18-29 years","Morgan","116","0","2"
"30-39 years","Morgan","75","0","5"
"40-49 years","Morgan","81","0","3"
"50-59 years","Morgan","93","0","9"
"60-69 years","Morgan","64","1","5"
"70-79 years","Morgan","28","1","9"
"80 & Older years","Morgan","27","4","11"
"<1 years","Morgan","5","0","0"
"Unknown years","Morgan","1","0","0"
"01-04 years","Murray","18","0","1"
"05-09 years","Murray","16","0","1"
"10-17 years","Murray","107","0","0"
"18-29 years","Murray","325","0","3"
"30-39 years","Murray","202","0","3"
"40-49 years","Murray","245","0","12"
"50-59 years","Murray","222","1","16"
"60-69 years","Murray","135","1","17"
"70-79 years","Murray","74","8","22"
"80 & Older years","Murray","29","6","7"
"<1 years","Murray","7","0","1"
"Unknown years","Murray","5","0","0"
"01-04 years","Muscogee","108","0","5"
"05-09 years","Muscogee","135","0","0"
"10-17 years","Muscogee","340","0","3"
"18-29 years","Muscogee","1725","3","39"
"30-39 years","Muscogee","1077","2","60"
"40-49 years","Muscogee","920","3","65"
"50-59 years","Muscogee","931","25","137"
"60-69 years","Muscogee","738","44","179"
"70-79 years","Muscogee","390","49","121"
"80 & Older years","Muscogee","225","57","101"
"<1 years","Muscogee","37","0","2"
"Unknown years","Muscogee","15","1","1"
"01-04 years","Newton","36","0","2"
"05-09 years","Newton","46","0","0"
"10-17 years","Newton","148","0","1"
"18-29 years","Newton","611","1","21"
"30-39 years","Newton","499","0","36"
"40-49 years","Newton","591","0","52"
"50-59 years","Newton","530","7","69"
"60-69 years","Newton","279","15","53"
"70-79 years","Newton","198","30","50"
"80 & Older years","Newton","167","49","43"
"<1 years","Newton","12","0","1"
"Unknown years","Newton","3","0","0"
"01-04 years","Non-GA Resident/Unknown State","172","0","1"
"05-09 years","Non-GA Resident/Unknown State","283","0","4"
"10-17 years","Non-GA Resident/Unknown State","935","0","6"
"18-29 years","Non-GA Resident/Unknown State","4207","4","45"
"30-39 years","Non-GA Resident/Unknown State","2627","3","52"
"40-49 years","Non-GA Resident/Unknown State","2249","6","58"
"50-59 years","Non-GA Resident/Unknown State","2002","22","122"
"60-69 years","Non-GA Resident/Unknown State","1346","52","154"
"70-79 years","Non-GA Resident/Unknown State","780","57","139"
"80 & Older years","Non-GA Resident/Unknown State","449","56","109"
"<1 years","Non-GA Resident/Unknown State","94","0","2"
"Unknown years","Non-GA Resident/Unknown State","505","0","4"
"01-04 years","Oconee","4","0","0"
"05-09 years","Oconee","14","0","0"
"10-17 years","Oconee","63","0","0"
"18-29 years","Oconee","252","0","3"
"30-39 years","Oconee","108","0","2"
"40-49 years","Oconee","142","0","9"
"50-59 years","Oconee","146","2","5"
"60-69 years","Oconee","100","10","19"
"70-79 years","Oconee","64","7","15"
"80 & Older years","Oconee","50","15","24"
"<1 years","Oconee","1","0","0"
"01-04 years","Oglethorpe","5","0","0"
"05-09 years","Oglethorpe","12","0","0"
"10-17 years","Oglethorpe","40","0","0"
"18-29 years","Oglethorpe","89","0","1"
"30-39 years","Oglethorpe","47","0","0"
"40-49 years","Oglethorpe","65","0","4"
"50-59 years","Oglethorpe","64","1","12"
"60-69 years","Oglethorpe","51","0","10"
"70-79 years","Oglethorpe","42","3","10"
"80 & Older years","Oglethorpe","39","9","12"
"<1 years","Oglethorpe","3","0","0"
"01-04 years","Paulding","42","0","1"
"05-09 years","Paulding","81","0","0"
"10-17 years","Paulding","299","0","5"
"18-29 years","Paulding","764","0","9"
"30-39 years","Paulding","551","1","15"
"40-49 years","Paulding","623","3","15"
"50-59 years","Paulding","568","8","34"
"60-69 years","Paulding","305","11","35"
"70-79 years","Paulding","183","20","40"
"80 & Older years","Paulding","118","27","17"
"<1 years","Paulding","8","0","0"
"Unknown years","Paulding","11","0","0"
"01-04 years","Peach","8","0","0"
"05-09 years","Peach","14","0","0"
"10-17 years","Peach","31","0","1"
"18-29 years","Peach","185","1","7"
"30-39 years","Peach","157","0","9"
"40-49 years","Peach","122","2","9"
"50-59 years","Peach","132","3","22"
"60-69 years","Peach","123","7","30"
"70-79 years","Peach","51","5","16"
"80 & Older years","Peach","34","9","15"
"<1 years","Peach","4","0","0"
"Unknown years","Peach","1","0","0"
"01-04 years","Pickens","13","0","1"
"05-09 years","Pickens","16","0","0"
"10-17 years","Pickens","48","0","0"
"18-29 years","Pickens","168","0","5"
"30-39 years","Pickens","119","0","5"
"40-49 years","Pickens","164","0","8"
"50-59 years","Pickens","165","0","11"
"60-69 years","Pickens","129","0","13"
"70-79 years","Pickens","75","6","20"
"80 & Older years","Pickens","40","7","11"
"<1 years","Pickens","1","0","0"
"Unknown years","Pickens","2","0","0"
"01-04 years","Pierce","6","0","0"
"05-09 years","Pierce","11","0","0"
"10-17 years","Pierce","53","1","1"
"18-29 years","Pierce","140","0","4"
"30-39 years","Pierce","88","0","3"
"40-49 years","Pierce","126","0","11"
"50-59 years","Pierce","105","3","10"
"60-69 years","Pierce","91","8","27"
"70-79 years","Pierce","63","6","21"
"80 & Older years","Pierce","35","8","10"
"<1 years","Pierce","3","0","0"
"Unknown years","Pierce","1","0","0"
"01-04 years","Pike","12","0","0"
"05-09 years","Pike","7","0","0"
"10-17 years","Pike","39","0","0"
"18-29 years","Pike","71","0","2"
"30-39 years","Pike","58","0","2"
"40-49 years","Pike","77","1","4"
"50-59 years","Pike","58","2","6"
"60-69 years","Pike","44","1","9"
"70-79 years","Pike","40","5","9"
"80 & Older years","Pike","12","3","3"
"<1 years","Pike","1","0","0"
"Unknown years","Pike","2","0","0"
"01-04 years","Polk","22","0","1"
"05-09 years","Polk","37","0","0"
"10-17 years","Polk","164","0","1"
"18-29 years","Polk","426","0","2"
"30-39 years","Polk","277","0","6"
"40-49 years","Polk","305","1","25"
"50-59 years","Polk","282","3","35"
"60-69 years","Polk","149","9","33"
"70-79 years","Polk","132","7","29"
"80 & Older years","Polk","64","10","23"
"<1 years","Polk","5","0","0"
"Unknown years","Polk","22","0","1"
"05-09 years","Pulaski","5","0","0"
"10-17 years","Pulaski","21","0","1"
"18-29 years","Pulaski","44","0","1"
"30-39 years","Pulaski","49","0","2"
"40-49 years","Pulaski","46","0","5"
"50-59 years","Pulaski","69","0","6"
"60-69 years","Pulaski","59","5","8"
"70-79 years","Pulaski","34","11","13"
"80 & Older years","Pulaski","30","8","4"
"<1 years","Pulaski","1","0","0"
"01-04 years","Putnam","11","0","0"
"05-09 years","Putnam","31","0","0"
"10-17 years","Putnam","54","0","1"
"18-29 years","Putnam","157","0","3"
"30-39 years","Putnam","102","0","4"
"40-49 years","Putnam","120","1","3"
"50-59 years","Putnam","140","2","10"
"60-69 years","Putnam","120","8","18"
"70-79 years","Putnam","82","9","21"
"80 & Older years","Putnam","48","8","16"
"<1 years","Putnam","5","0","0"
"01-04 years","Quitman","1","0","0"
"10-17 years","Quitman","2","0","0"
"18-29 years","Quitman","6","0","0"
"30-39 years","Quitman","4","0","1"
"40-49 years","Quitman","2","0","1"
"50-59 years","Quitman","6","0","0"
"60-69 years","Quitman","18","1","3"
"70-79 years","Quitman","2","0","1"
"80 & Older years","Quitman","2","0","1"
"01-04 years","Rabun","4","0","0"
"05-09 years","Rabun","6","0","0"
"10-17 years","Rabun","38","0","0"
"18-29 years","Rabun","97","0","5"
"30-39 years","Rabun","73","1","4"
"40-49 years","Rabun","60","0","2"
"50-59 years","Rabun","67","0","6"
"60-69 years","Rabun","77","1","14"
"70-79 years","Rabun","40","4","14"
"80 & Older years","Rabun","28","5","11"
"<1 years","Rabun","2","0","1"
"Unknown years","Rabun","7","0","0"
"05-09 years","Randolph","2","0","0"
"10-17 years","Randolph","4","0","0"
"18-29 years","Randolph","42","0","0"
"30-39 years","Randolph","50","2","3"
"40-49 years","Randolph","39","0","3"
"50-59 years","Randolph","74","3","15"
"60-69 years","Randolph","52","7","13"
"70-79 years","Randolph","32","3","10"
"80 & Older years","Randolph","46","15","16"
"<1 years","Randolph","1","0","0"
"Unknown years","Randolph","2","0","0"
"01-04 years","Richmond","87","0","0"
"05-09 years","Richmond","163","0","3"
"10-17 years","Richmond","526","0","3"
"18-29 years","Richmond","2108","3","25"
"30-39 years","Richmond","1540","3","46"
"40-49 years","Richmond","1329","13","68"
"50-59 years","Richmond","1286","17","110"
"60-69 years","Richmond","892","33","120"
"70-79 years","Richmond","502","40","131"
"80 & Older years","Richmond","342","83","156"
"<1 years","Richmond","39","0","2"
"Unknown years","Richmond","14","0","0"
"01-04 years","Rockdale","29","0","0"
"05-09 years","Rockdale","49","0","0"
"10-17 years","Rockdale","122","0","1"
"18-29 years","Rockdale","486","2","27"
"30-39 years","Rockdale","385","2","40"
"40-49 years","Rockdale","417","4","52"
"50-59 years","Rockdale","415","5","56"
"60-69 years","Rockdale","248","10","71"
"70-79 years","Rockdale","123","13","47"
"80 & Older years","Rockdale","67","10","25"
"<1 years","Rockdale","3","0","1"
"Unknown years","Rockdale","1","0","0"
"01-04 years","Schley","4","0","0"
"05-09 years","Schley","3","0","0"
"10-17 years","Schley","12","0","0"
"18-29 years","Schley","29","0","1"
"30-39 years","Schley","10","0","0"
"40-49 years","Schley","13","0","2"
"50-59 years","Schley","20","0","3"
"60-69 years","Schley","16","1","7"
"70-79 years","Schley","7","0","2"
"80 & Older years","Schley","3","1","1"
"<1 years","Schley","1","0","0"
"01-04 years","Screven","2","0","0"
"05-09 years","Screven","7","0","0"
"10-17 years","Screven","40","0","0"
"18-29 years","Screven","88","0","3"
"30-39 years","Screven","59","0","2"
"40-49 years","Screven","61","1","4"
"50-59 years","Screven","59","0","9"
"60-69 years","Screven","75","1","12"
"70-79 years","Screven","40","3","10"
"80 & Older years","Screven","28","6","7"
"<1 years","Screven","2","0","0"
"Unknown years","Screven","2","0","0"
"01-04 years","Seminole","12","0","0"
"05-09 years","Seminole","9","0","0"
"10-17 years","Seminole","39","0","0"
"18-29 years","Seminole","64","0","0"
"30-39 years","Seminole","53","0","0"
"40-49 years","Seminole","64","0","3"
"50-59 years","Seminole","69","1","6"
"60-69 years","Seminole","72","1","10"
"70-79 years","Seminole","44","5","8"
"80 & Older years","Seminole","21","5","10"
"<1 years","Seminole","2","0","0"
"01-04 years","Spalding","24","0","0"
"05-09 years","Spalding","18","0","0"
"10-17 years","Spalding","81","0","2"
"18-29 years","Spalding","302","0","12"
"30-39 years","Spalding","273","2","21"
"40-49 years","Spalding","256","2","23"
"50-59 years","Spalding","294","6","48"
"60-69 years","Spalding","232","12","40"
"70-79 years","Spalding","143","17","41"
"80 & Older years","Spalding","131","29","34"
"<1 years","Spalding","2","0","0"
"Unknown years","Spalding","3","0","0"
"01-04 years","Stephens","8","0","0"
"05-09 years","Stephens","23","0","0"
"10-17 years","Stephens","74","0","1"
"18-29 years","Stephens","247","0","10"
"30-39 years","Stephens","156","0","6"
"40-49 years","Stephens","189","1","15"
"50-59 years","Stephens","209","3","20"
"60-69 years","Stephens","205","11","37"
"70-79 years","Stephens","158","14","31"
"80 & Older years","Stephens","95","17","20"
"<1 years","Stephens","1","0","0"
"Unknown years","Stephens","9","0","0"
"01-04 years","Stewart","2","0","0"
"05-09 years","Stewart","2","0","0"
"10-17 years","Stewart","9","0","0"
"18-29 years","Stewart","120","0","10"
"30-39 years","Stewart","164","1","15"
"40-49 years","Stewart","110","1","14"
"50-59 years","Stewart","62","1","10"
"60-69 years","Stewart","50","8","21"
"70-79 years","Stewart","21","2","3"
"80 & Older years","Stewart","16","4","4"
"<1 years","Stewart","1","0","0"
"Unknown years","Stewart","14","0","4"
"01-04 years","Sumter","8","0","0"
"05-09 years","Sumter","14","0","0"
"10-17 years","Sumter","25","0","2"
"18-29 years","Sumter","175","1","6"
"30-39 years","Sumter","139","1","16"
"40-49 years","Sumter","126","3","18"
"50-59 years","Sumter","157","2","37"
"60-69 years","Sumter","155","20","56"
"70-79 years","Sumter","113","20","37"
"80 & Older years","Sumter","73","22","36"
"<1 years","Sumter","1","0","0"
"Unknown years","Sumter","1","0","0"
"01-04 years","Talbot","2","0","0"
"05-09 years","Talbot","1","0","0"
"10-17 years","Talbot","19","0","0"
"18-29 years","Talbot","22","0","1"
"30-39 years","Talbot","18","0","1"
"40-49 years","Talbot","38","1","4"
"50-59 years","Talbot","34","1","5"
"60-69 years","Talbot","29","2","8"
"70-79 years","Talbot","19","2","3"
"80 & Older years","Talbot","12","2","6"
"05-09 years","Taliaferro","1","0","0"
"10-17 years","Taliaferro","2","0","0"
"18-29 years","Taliaferro","4","0","0"
"30-39 years","Taliaferro","4","0","0"
"40-49 years","Taliaferro","9","0","1"
"50-59 years","Taliaferro","7","0","0"
"60-69 years","Taliaferro","1","0","0"
"70-79 years","Taliaferro","4","0","0"
"80 & Older years","Taliaferro","1","0","1"
"01-04 years","Tattnall","19","0","0"
"05-09 years","Tattnall","28","0","0"
"10-17 years","Tattnall","82","0","0"
"18-29 years","Tattnall","208","0","1"
"30-39 years","Tattnall","140","0","3"
"40-49 years","Tattnall","152","0","5"
"50-59 years","Tattnall","155","3","14"
"60-69 years","Tattnall","120","6","18"
"70-79 years","Tattnall","55","7","22"
"80 & Older years","Tattnall","22","3","7"
"<1 years","Tattnall","4","0","0"
"Unknown years","Tattnall","2","0","1"
"01-04 years","Taylor","9","0","0"
"05-09 years","Taylor","7","0","0"
"10-17 years","Taylor","31","0","1"
"18-29 years","Taylor","47","0","0"
"30-39 years","Taylor","23","0","3"
"40-49 years","Taylor","38","1","4"
"50-59 years","Taylor","31","0","6"
"60-69 years","Taylor","27","5","10"
"70-79 years","Taylor","22","2","6"
"80 & Older years","Taylor","14","5","5"
"<1 years","Taylor","3","0","0"
"01-04 years","Telfair","6","0","0"
"05-09 years","Telfair","8","0","0"
"10-17 years","Telfair","10","0","0"
"18-29 years","Telfair","105","0","2"
"30-39 years","Telfair","69","0","1"
"40-49 years","Telfair","76","0","5"
"50-59 years","Telfair","71","3","7"
"60-69 years","Telfair","80","5","15"
"70-79 years","Telfair","51","6","11"
"80 & Older years","Telfair","33","11","7"
"<1 years","Telfair","3","0","0"
"01-04 years","Terrell","4","0","0"
"05-09 years","Terrell","1","0","0"
"10-17 years","Terrell","18","0","0"
"18-29 years","Terrell","39","0","1"
"30-39 years","Terrell","51","0","8"
"40-49 years","Terrell","44","0","7"
"50-59 years","Terrell","58","3","8"
"60-69 years","Terrell","66","9","24"
"70-79 years","Terrell","43","12","19"
"80 & Older years","Terrell","23","8","7"
"01-04 years","Thomas","24","0","0"
"05-09 years","Thomas","30","0","0"
"10-17 years","Thomas","99","0","0"
"18-29 years","Thomas","297","1","12"
"30-39 years","Thomas","246","0","10"
"40-49 years","Thomas","253","4","17"
"50-59 years","Thomas","271","4","22"
"60-69 years","Thomas","232","9","51"
"70-79 years","Thomas","140","23","35"
"80 & Older years","Thomas","88","33","31"
"<1 years","Thomas","5","0","1"
"01-04 years","Tift","19","0","0"
"05-09 years","Tift","39","0","2"
"10-17 years","Tift","142","0","3"
"18-29 years","Tift","529","0","11"
"30-39 years","Tift","317","1","20"
"40-49 years","Tift","330","6","37"
"50-59 years","Tift","272","9","44"
"60-69 years","Tift","198","13","49"
"70-79 years","Tift","149","20","51"
"80 & Older years","Tift","65","18","37"
"<1 years","Tift","9","0","0"
"Unknown years","Tift","9","0","0"
"01-04 years","Toombs","18","0","0"
"05-09 years","Toombs","33","0","0"
"10-17 years","Toombs","119","0","1"
"18-29 years","Toombs","323","0","5"
"30-39 years","Toombs","248","0","1"
"40-49 years","Toombs","232","1","18"
"50-59 years","Toombs","212","5","15"
"60-69 years","Toombs","171","4","32"
"70-79 years","Toombs","131","23","30"
"80 & Older years","Toombs","85","26","20"
"<1 years","Toombs","1","0","0"
"01-04 years","Towns","1","0","0"
"05-09 years","Towns","4","0","0"
"10-17 years","Towns","17","0","0"
"18-29 years","Towns","84","0","2"
"30-39 years","Towns","48","0","2"
"40-49 years","Towns","47","1","4"
"50-59 years","Towns","77","1","7"
"60-69 years","Towns","100","0","9"
"70-79 years","Towns","75","4","18"
"80 & Older years","Towns","55","10","24"
"01-04 years","Treutlen","2","0","0"
"05-09 years","Treutlen","8","0","0"
"10-17 years","Treutlen","24","0","0"
"18-29 years","Treutlen","51","0","1"
"30-39 years","Treutlen","44","0","2"
"40-49 years","Treutlen","58","0","5"
"50-59 years","Treutlen","51","1","5"
"60-69 years","Treutlen","36","2","9"
"70-79 years","Treutlen","31","7","6"
"80 & Older years","Treutlen","18","3","5"
"01-04 years","Troup","85","0","0"
"05-09 years","Troup","99","0","0"
"10-17 years","Troup","221","0","2"
"18-29 years","Troup","708","0","22"
"30-39 years","Troup","511","5","32"
"40-49 years","Troup","433","2","40"
"50-59 years","Troup","460","11","78"
"60-69 years","Troup","322","16","69"
"70-79 years","Troup","159","28","60"
"80 & Older years","Troup","156","53","48"
"<1 years","Troup","26","0","1"
"Unknown years","Troup","4","0","0"
"05-09 years","Turner","4","0","0"
"10-17 years","Turner","13","0","0"
"18-29 years","Turner","51","0","1"
"30-39 years","Turner","69","0","6"
"40-49 years","Turner","54","0","3"
"50-59 years","Turner","66","2","8"
"60-69 years","Turner","49","6","17"
"70-79 years","Turner","26","6","10"
"80 & Older years","Turner","23","11","8"
"<1 years","Turner","1","0","1"
"01-04 years","Twiggs","6","0","0"
"05-09 years","Twiggs","1","0","0"
"10-17 years","Twiggs","14","0","0"
"18-29 years","Twiggs","29","0","1"
"30-39 years","Twiggs","31","1","4"
"40-49 years","Twiggs","33","1","6"
"50-59 years","Twiggs","44","1","9"
"60-69 years","Twiggs","46","3","18"
"70-79 years","Twiggs","22","3","10"
"80 & Older years","Twiggs","8","4","7"
"01-04 years","Union","4","0","0"
"05-09 years","Union","12","0","0"
"10-17 years","Union","31","0","1"
"18-29 years","Union","118","1","1"
"30-39 years","Union","104","0","2"
"40-49 years","Union","118","0","10"
"50-59 years","Union","146","2","10"
"60-69 years","Union","168","3","23"
"70-79 years","Union","157","12","30"
"80 & Older years","Union","122","13","28"
"<1 years","Union","1","0","0"
"Unknown years","Union","1","0","0"
"01-04 years","Unknown","11","0","0"
"05-09 years","Unknown","38","0","0"
"10-17 years","Unknown","140","0","0"
"18-29 years","Unknown","567","0","4"
"30-39 years","Unknown","336","0","2"
"40-49 years","Unknown","288","0","2"
"50-59 years","Unknown","257","3","6"
"60-69 years","Unknown","148","1","4"
"70-79 years","Unknown","106","0","8"
"80 & Older years","Unknown","50","1","5"
"<1 years","Unknown","18","0","0"
"Unknown years","Unknown","127","0","3"
"01-04 years","Upson","17","0","0"
"05-09 years","Upson","23","0","0"
"10-17 years","Upson","52","0","1"
"18-29 years","Upson","140","0","5"
"30-39 years","Upson","94","1","3"
"40-49 years","Upson","113","1","6"
"50-59 years","Upson","142","4","15"
"60-69 years","Upson","128","15","22"
"70-79 years","Upson","94","24","26"
"80 & Older years","Upson","74","26","21"
"<1 years","Upson","3","0","0"
"Unknown years","Upson","4","0","0"
"01-04 years","Walker","16","0","0"
"05-09 years","Walker","45","0","0"
"10-17 years","Walker","187","0","1"
"18-29 years","Walker","393","0","2"
"30-39 years","Walker","300","0","6"
"40-49 years","Walker","360","3","12"
"50-59 years","Walker","310","1","16"
"60-69 years","Walker","279","9","25"
"70-79 years","Walker","186","22","24"
"80 & Older years","Walker","119","14","16"
"<1 years","Walker","11","0","0"
"Unknown years","Walker","29","0","2"
"01-04 years","Walton","18","0","0"
"05-09 years","Walton","41","0","1"
"10-17 years","Walton","185","0","2"
"18-29 years","Walton","488","0","14"
"30-39 years","Walton","379","0","17"
"40-49 years","Walton","386","1","29"
"50-59 years","Walton","411","4","42"
"60-69 years","Walton","280","10","37"
"70-79 years","Walton","214","22","55"
"80 & Older years","Walton","158","38","45"
"<1 years","Walton","6","0","1"
"Unknown years","Walton","1","0","0"
"01-04 years","Ware","41","0","1"
"05-09 years","Ware","38","0","0"
"10-17 years","Ware","141","0","2"
"18-29 years","Ware","366","0","5"
"30-39 years","Ware","292","0","14"
"40-49 years","Ware","232","2","22"
"50-59 years","Ware","253","6","39"
"60-69 years","Ware","182","8","32"
"70-79 years","Ware","166","26","62"
"80 & Older years","Ware","112","28","31"
"<1 years","Ware","9","0","0"
"Unknown years","Ware","5","0","1"
"01-04 years","Warren","4","0","0"
"05-09 years","Warren","1","0","0"
"10-17 years","Warren","9","0","0"
"18-29 years","Warren","25","0","2"
"30-39 years","Warren","27","0","2"
"40-49 years","Warren","26","1","4"
"50-59 years","Warren","34","1","6"
"60-69 years","Warren","22","2","5"
"70-79 years","Warren","16","1","6"
"80 & Older years","Warren","8","1","2"
"<1 years","Warren","2","0","1"
"Unknown years","Warren","2","0","0"
"01-04 years","Washington","12","0","0"
"05-09 years","Washington","11","0","0"
"10-17 years","Washington","57","0","1"
"18-29 years","Washington","160","0","3"
"30-39 years","Washington","136","0","6"
"40-49 years","Washington","170","1","7"
"50-59 years","Washington","127","1","9"
"60-69 years","Washington","112","6","11"
"70-79 years","Washington","72","3","10"
"80 & Older years","Washington","50","5","5"
"<1 years","Washington","8","0","0"
"Unknown years","Washington","5","0","0"
"01-04 years","Wayne","18","0","0"
"05-09 years","Wayne","8","0","0"
"10-17 years","Wayne","60","0","0"
"18-29 years","Wayne","216","1","6"
"30-39 years","Wayne","213","0","3"
"40-49 years","Wayne","250","1","21"
"50-59 years","Wayne","200","4","11"
"60-69 years","Wayne","151","9","33"
"70-79 years","Wayne","142","14","39"
"80 & Older years","Wayne","68","12","14"
"<1 years","Wayne","2","0","0"
"Unknown years","Wayne","6","0","0"
"18-29 years","Webster","10","0","1"
"30-39 years","Webster","3","0","0"
"40-49 years","Webster","7","0","2"
"50-59 years","Webster","10","2","4"
"60-69 years","Webster","9","0","3"
"70-79 years","Webster","4","0","0"
"Unknown years","Webster","2","0","0"
"05-09 years","Wheeler","2","0","0"
"10-17 years","Wheeler","12","0","0"
"18-29 years","Wheeler","36","0","0"
"30-39 years","Wheeler","60","2","2"
"40-49 years","Wheeler","69","1","3"
"50-59 years","Wheeler","75","5","5"
"60-69 years","Wheeler","48","3","5"
"70-79 years","Wheeler","33","3","6"
"80 & Older years","Wheeler","8","2","1"
"<1 years","Wheeler","1","0","0"
"Unknown years","Wheeler","26","1","1"
"01-04 years","White","9","0","0"
"05-09 years","White","18","0","0"
"10-17 years","White","78","0","1"
"18-29 years","White","177","1","4"
"30-39 years","White","133","1","4"
"40-49 years","White","153","1","7"
"50-59 years","White","165","2","17"
"60-69 years","White","158","3","28"
"70-79 years","White","121","5","31"
"80 & Older years","White","79","13","28"
"<1 years","White","4","0","0"
"Unknown years","White","11","0","0"
"01-04 years","Whitfield","84","0","2"
"05-09 years","Whitfield","145","0","2"
"10-17 years","Whitfield","550","0","1"
"18-29 years","Whitfield","1805","0","29"
"30-39 years","Whitfield","1059","1","30"
"40-49 years","Whitfield","1139","2","41"
"50-59 years","Whitfield","943","10","56"
"60-69 years","Whitfield","544","17","69"
"70-79 years","Whitfield","278","16","53"
"80 & Older years","Whitfield","138","25","37"
"<1 years","Whitfield","40","0","4"
"Unknown years","Whitfield","6","0","0"
"01-04 years","Wilcox","8","0","0"
"05-09 years","Wilcox","3","0","0"
"10-17 years","Wilcox","11","0","0"
"18-29 years","Wilcox","16","0","0"
"30-39 years","Wilcox","22","0","1"
"40-49 years","Wilcox","48","0","11"
"50-59 years","Wilcox","41","1","9"
"60-69 years","Wilcox","65","9","20"
"70-79 years","Wilcox","36","9","8"
"80 & Older years","Wilcox","16","7","4"
"<1 years","Wilcox","1","0","0"
"01-04 years","Wilkes","5","0","0"
"05-09 years","Wilkes","8","0","0"
"10-17 years","Wilkes","30","0","0"
"18-29 years","Wilkes","67","0","0"
"30-39 years","Wilkes","47","0","4"
"40-49 years","Wilkes","57","0","7"
"50-59 years","Wilkes","60","1","3"
"60-69 years","Wilkes","29","0","8"
"70-79 years","Wilkes","30","2","12"
"80 & Older years","Wilkes","12","4","8"
"<1 years","Wilkes","1","0","0"
"01-04 years","Wilkinson","4","0","0"
"05-09 years","Wilkinson","7","0","0"
"10-17 years","Wilkinson","11","0","0"
"18-29 years","Wilkinson","66","0","2"
"30-39 years","Wilkinson","49","0","4"
"40-49 years","Wilkinson","43","0","2"
"50-59 years","Wilkinson","83","3","17"
"60-69 years","Wilkinson","80","5","19"
"70-79 years","Wilkinson","33","6","15"
"80 & Older years","Wilkinson","21","4","10"
"01-04 years","Worth","7","0","0"
"05-09 years","Worth","5","0","0"
"10-17 years","Worth","30","0","4"
"18-29 years","Worth","105","0","5"
"30-39 years","Worth","66","0","5"
"40-49 years","Worth","81","1","10"
"50-59 years","Worth","106","4","18"
"60-69 years","Worth","105","13","34"
"70-79 years","Worth","63","9","17"
"80 & Older years","Worth","48","8","12"
"<1 years","Worth","3","0","0"
"Unknown years","Worth","1","0","0"
