"sex","county name","cases","deaths","hospitalization"
"Female","Georgia","178471","3647","15492"
"Male","Georgia","153514","3953","14651"
"Unknown","Georgia","7399","7","207"
"Female","Appling","605","11","51"
"Male","Appling","511","23","50"
"Unknown","Appling","13","0","0"
"Female","Atkinson","246","3","29"
"Male","Atkinson","224","2","31"
"Unknown","Atkinson","1","0","0"
"Female","Bacon","320","5","20"
"Male","Bacon","295","9","28"
"Unknown","Bacon","8","0","1"
"Female","Baker","42","2","8"
"Male","Baker","44","4","12"
"Female","Baldwin","1225","14","73"
"Male","Baldwin","993","49","102"
"Unknown","Baldwin","23","0","2"
"Female","Banks","302","3","38"
"Male","Banks","228","5","33"
"Unknown","Banks","6","0","0"
"Female","Barrow","1349","30","146"
"Male","Barrow","1100","20","111"
"Unknown","Barrow","22","0","1"
"Female","Bartow","1744","42","138"
"Male","Bartow","1528","49","175"
"Unknown","Bartow","53","0","2"
"Female","Ben Hill","506","13","49"
"Male","Ben Hill","336","19","42"
"Unknown","Ben Hill","1","0","0"
"Female","Berrien","267","6","14"
"Male","Berrien","203","6","10"
"Unknown","Berrien","8","0","0"
"Female","Bibb","3653","105","491"
"Male","Bibb","2725","83","414"
"Unknown","Bibb","65","0","1"
"Female","Bleckley","298","13","15"
"Male","Bleckley","194","8","17"
"Unknown","Bleckley","9","0","0"
"Female","Brantley","236","6","22"
"Male","Brantley","165","6","16"
"Unknown","Brantley","2","0","0"
"Female","Brooks","298","6","27"
"Male","Brooks","233","20","28"
"Unknown","Brooks","13","0","0"
"Female","Bryan","660","6","41"
"Male","Bryan","568","7","50"
"Unknown","Bryan","21","0","0"
"Female","Bulloch","1703","21","77"
"Male","Bulloch","1255","12","61"
"Unknown","Bulloch","44","0","0"
"Female","Burke","470","7","46"
"Male","Burke","392","4","42"
"Unknown","Burke","6","0","1"
"Female","Butts","333","20","22"
"Male","Butts","345","23","30"
"Unknown","Butts","43","0","2"
"Female","Calhoun","131","7","22"
"Male","Calhoun","129","2","26"
"Unknown","Calhoun","1","0","0"
"Female","Camden","713","8","37"
"Male","Camden","655","9","32"
"Unknown","Camden","10","0","0"
"Female","Candler","281","9","17"
"Male","Candler","235","15","18"
"Unknown","Candler","2","0","0"
"Female","Carroll","1633","35","84"
"Male","Carroll","1478","39","88"
"Unknown","Carroll","36","0","2"
"Female","Catoosa","689","13","54"
"Male","Catoosa","609","7","27"
"Unknown","Catoosa","40","0","0"
"Female","Charlton","221","4","13"
"Male","Charlton","417","6","14"
"Unknown","Charlton","5","0","0"
"Female","Chatham","5001","80","430"
"Male","Chatham","3914","101","381"
"Unknown","Chatham","161","0","3"
"Female","Chattahoochee","105","1","5"
"Male","Chattahoochee","1607","0","9"
"Unknown","Chattahoochee","6","0","0"
"Female","Chattooga","464","12","23"
"Male","Chattooga","393","15","38"
"Unknown","Chattooga","16","0","2"
"Female","Cherokee","3491","49","255"
"Male","Cherokee","3129","51","260"
"Unknown","Cherokee","95","0","3"
"Female","Clarke","3013","19","118"
"Male","Clarke","2473","27","119"
"Unknown","Clarke","47","0","2"
"Female","Clay","73","1","3"
"Male","Clay","46","2","6"
"Unknown","Clay","3","0","0"
"Female","Clayton","4312","93","357"
"Male","Clayton","3369","80","314"
"Unknown","Clayton","118","0","4"
"Female","Clinch","218","2","13"
"Male","Clinch","198","9","17"
"Unknown","Clinch","3","0","0"
"Female","Cobb","11148","219","975"
"Male","Cobb","9716","228","935"
"Unknown","Cobb","254","0","8"
"Female","Coffee","1107","29","176"
"Male","Coffee","1057","29","141"
"Unknown","Coffee","19","0","0"
"Female","Colquitt","1044","16","83"
"Male","Colquitt","1016","22","78"
"Unknown","Colquitt","8","0","0"
"Female","Columbia","2158","32","88"
"Male","Columbia","1955","32","103"
"Unknown","Columbia","22","0","2"
"Female","Cook","328","6","34"
"Male","Cook","238","9","27"
"Unknown","Cook","5","0","0"
"Female","Coweta","1520","27","71"
"Male","Coweta","1303","33","71"
"Unknown","Coweta","14","0","0"
"Female","Crawford","103","4","19"
"Male","Crawford","77","2","6"
"Unknown","Crawford","9","0","3"
"Female","Crisp","347","7","44"
"Male","Crisp","275","16","36"
"Unknown","Crisp","7","0","0"
"Female","Dade","169","4","9"
"Male","Dade","147","1","12"
"Unknown","Dade","7","0","0"
"Female","Dawson","442","1","34"
"Male","Dawson","432","9","50"
"Unknown","Dawson","11","0","0"
"Female","DeKalb","10733","168","1165"
"Male","DeKalb","9058","218","1057"
"Unknown","DeKalb","391","0","9"
"Female","Decatur","667","18","52"
"Male","Decatur","571","16","46"
"Unknown","Decatur","18","0","0"
"Female","Dodge","296","7","24"
"Male","Dodge","219","7","23"
"Unknown","Dodge","5","0","0"
"Female","Dooly","178","6","26"
"Male","Dooly","176","9","28"
"Unknown","Dooly","2","0","0"
"Female","Dougherty","1966","106","405"
"Male","Dougherty","1255","84","257"
"Unknown","Dougherty","33","0","0"
"Female","Douglas","2158","33","239"
"Male","Douglas","1715","38","206"
"Unknown","Douglas","60","0","3"
"Female","Early","325","20","25"
"Male","Early","194","13","17"
"Unknown","Early","5","0","0"
"Female","Echols","77","0","2"
"Male","Echols","165","2","7"
"Unknown","Echols","2","0","0"
"Female","Effingham","855","12","54"
"Male","Effingham","794","15","53"
"Unknown","Effingham","22","1","2"
"Female","Elbert","427","5","38"
"Male","Elbert","295","3","15"
"Unknown","Elbert","20","0","1"
"Female","Emanuel","678","23","52"
"Male","Emanuel","472","13","31"
"Unknown","Emanuel","5","0","0"
"Female","Evans","247","2","30"
"Male","Evans","186","4","11"
"Unknown","Evans","26","0","1"
"Female","Fannin","431","16","34"
"Male","Fannin","342","12","34"
"Unknown","Fannin","3","0","0"
"Female","Fayette","1089","25","57"
"Male","Fayette","905","27","61"
"Unknown","Fayette","25","0","0"
"Female","Floyd","1908","25","121"
"Male","Floyd","1636","30","143"
"Unknown","Floyd","45","0","9"
"Female","Forsyth","2294","18","147"
"Male","Forsyth","2161","32","202"
"Unknown","Forsyth","72","0","0"
"Female","Franklin","502","5","40"
"Male","Franklin","324","12","23"
"Unknown","Franklin","8","0","0"
"Female","Fulton","15058","283","1252"
"Male","Fulton","13747","322","1280"
"Unknown","Fulton","873","0","7"
"Female","Gilmer","529","6","50"
"Male","Gilmer","408","13","36"
"Unknown","Gilmer","36","0","2"
"Female","Glascock","22","1","2"
"Male","Glascock","19","1","2"
"Unknown","Glascock","1","0","0"
"Female","Glynn","1953","49","162"
"Male","Glynn","1653","52","146"
"Unknown","Glynn","15","0","2"
"Female","Gordon","1104","20","59"
"Male","Gordon","999","22","64"
"Unknown","Gordon","26","0","2"
"Female","Grady","448","9","47"
"Male","Grady","364","16","51"
"Unknown","Grady","27","0","0"
"Female","Greene","300","13","32"
"Male","Greene","247","12","28"
"Unknown","Greene","3","0","0"
"Female","Gwinnett","15325","214","1482"
"Male","Gwinnett","13479","217","1346"
"Unknown","Gwinnett","754","0","12"
"Female","Habersham","973","44","109"
"Male","Habersham","821","30","129"
"Unknown","Habersham","32","0","0"
"Female","Hall","5311","79","505"
"Male","Hall","4800","88","542"
"Unknown","Hall","198","0","4"
"Female","Hancock","248","19","34"
"Male","Hancock","162","25","34"
"Unknown","Hancock","2","0","0"
"Female","Haralson","296","4","16"
"Male","Haralson","279","6","13"
"Unknown","Haralson","18","0","0"
"Female","Harris","452","14","46"
"Male","Harris","375","11","46"
"Unknown","Harris","8","0","0"
"Female","Hart","315","7","39"
"Male","Hart","232","9","31"
"Unknown","Hart","9","0","0"
"Female","Heard","119","6","6"
"Male","Heard","91","0","9"
"Female","Henry","3308","52","143"
"Male","Henry","2492","57","119"
"Unknown","Henry","53","0","0"
"Female","Houston","1866","34","214"
"Male","Houston","1519","54","180"
"Unknown","Houston","27","0","2"
"Female","Irwin","176","6","18"
"Male","Irwin","168","0","22"
"Unknown","Irwin","3","0","0"
"Female","Jackson","1212","21","80"
"Male","Jackson","1014","19","103"
"Unknown","Jackson","19","0","0"
"Female","Jasper","137","2","9"
"Male","Jasper","104","2","11"
"Unknown","Jasper","2","0","0"
"Female","Jeff Davis","415","9","24"
"Male","Jeff Davis","356","13","33"
"Unknown","Jeff Davis","3","0","0"
"Female","Jefferson","481","16","48"
"Male","Jefferson","344","16","32"
"Unknown","Jefferson","6","0","0"
"Female","Jenkins","282","13","29"
"Male","Jenkins","179","19","36"
"Unknown","Jenkins","1","0","0"
"Female","Johnson","238","10","32"
"Male","Johnson","202","12","27"
"Female","Jones","381","6","29"
"Male","Jones","242","8","22"
"Unknown","Jones","2","0","0"
"Female","Lamar","226","11","21"
"Male","Lamar","171","8","24"
"Unknown","Lamar","2","0","0"
"Female","Lanier","122","2","3"
"Male","Lanier","182","5","13"
"Unknown","Lanier","7","0","0"
"Female","Laurens","1104","36","80"
"Male","Laurens","768","49","85"
"Unknown","Laurens","24","0","0"
"Female","Lee","395","13","51"
"Male","Lee","338","14","56"
"Unknown","Lee","4","0","0"
"Female","Liberty","651","7","56"
"Male","Liberty","517","17","61"
"Unknown","Liberty","19","0","0"
"Female","Lincoln","132","4","16"
"Male","Lincoln","88","3","8"
"Unknown","Lincoln","1","0","0"
"Female","Long","132","1","9"
"Male","Long","135","3","9"
"Unknown","Long","1","0","0"
"Female","Lowndes","2309","46","116"
"Male","Lowndes","1922","39","93"
"Unknown","Lowndes","50","0","0"
"Female","Lumpkin","529","8","52"
"Male","Lumpkin","469","6","45"
"Unknown","Lumpkin","11","0","0"
"Female","Macon","126","2","19"
"Male","Macon","115","8","29"
"Unknown","Macon","1","0","1"
"Female","Madison","395","6","30"
"Male","Madison","348","5","32"
"Unknown","Madison","9","0","0"
"Female","Marion","112","6","13"
"Male","Marion","80","3","10"
"Unknown","Marion","3","0","0"
"Female","McDuffie","382","7","38"
"Male","McDuffie","273","8","36"
"Unknown","McDuffie","5","0","0"
"Female","McIntosh","165","7","17"
"Male","McIntosh","133","0","15"
"Unknown","McIntosh","2","0","0"
"Female","Meriwether","352","11","45"
"Male","Meriwether","214","5","30"
"Unknown","Meriwether","5","0","0"
"Female","Miller","166","1","6"
"Male","Miller","126","1","6"
"Unknown","Miller","3","0","0"
"Female","Mitchell","413","21","77"
"Male","Mitchell","427","24","76"
"Unknown","Mitchell","4","0","0"
"Female","Monroe","388","31","44"
"Male","Monroe","333","23","46"
"Unknown","Monroe","19","0","0"
"Female","Montgomery","180","4","13"
"Male","Montgomery","175","4","11"
"Unknown","Montgomery","2","0","0"
"Female","Morgan","276","0","22"
"Male","Morgan","231","4","17"
"Unknown","Morgan","5","0","0"
"Female","Murray","505","1","29"
"Male","Murray","437","7","25"
"Unknown","Murray","4","0","1"
"Female","Muscogee","3540","92","368"
"Male","Muscogee","2682","81","317"
"Unknown","Muscogee","27","0","0"
"Female","Newton","1543","48","158"
"Male","Newton","1172","44","131"
"Unknown","Newton","57","1","1"
"Female","Non-GA Resident/Unknown State","5997","78","276"
"Male","Non-GA Resident/Unknown State","6572","98","338"
"Unknown","Non-GA Resident/Unknown State","2040","2","52"
"Female","Oconee","428","15","38"
"Male","Oconee","390","12","30"
"Unknown","Oconee","4","0","0"
"Female","Oglethorpe","226","2","24"
"Male","Oglethorpe","160","9","23"
"Unknown","Oglethorpe","3","0","0"
"Female","Paulding","1543","19","69"
"Male","Paulding","1346","40","71"
"Unknown","Paulding","129","0","10"
"Female","Peach","438","14","72"
"Male","Peach","292","10","36"
"Unknown","Peach","3","0","0"
"Female","Pickens","377","3","30"
"Male","Pickens","304","6","31"
"Unknown","Pickens","10","0","0"
"Female","Pierce","347","13","42"
"Male","Pierce","291","11","40"
"Unknown","Pierce","5","0","0"
"Female","Pike","198","5","21"
"Male","Pike","172","6","10"
"Unknown","Pike","3","0","0"
"Female","Polk","822","12","58"
"Male","Polk","753","13","55"
"Unknown","Polk","36","0","4"
"Female","Pulaski","216","14","22"
"Male","Pulaski","108","9","16"
"Unknown","Pulaski","1","0","0"
"Female","Putnam","401","12","38"
"Male","Putnam","360","15","37"
"Unknown","Putnam","4","0","0"
"Female","Quitman","26","0","4"
"Male","Quitman","10","1","2"
"Unknown","Quitman","2","0","1"
"Female","Rabun","203","7","34"
"Male","Rabun","199","4","19"
"Unknown","Rabun","7","0","0"
"Female","Randolph","199","19","31"
"Male","Randolph","138","10","25"
"Unknown","Randolph","1","0","0"
"Female","Richmond","4143","61","292"
"Male","Richmond","3439","112","299"
"Unknown","Richmond","85","0","17"
"Female","Rockdale","1090","20","137"
"Male","Rockdale","877","20","115"
"Unknown","Rockdale","45","0","2"
"Female","Schley","54","0","9"
"Male","Schley","54","2","7"
"Female","Screven","257","8","26"
"Male","Screven","180","3","21"
"Unknown","Screven","4","0","0"
"Female","Seminole","214","7","18"
"Male","Seminole","163","4","9"
"Unknown","Seminole","3","0","0"
"Female","Spalding","858","36","121"
"Male","Spalding","602","26","74"
"Unknown","Spalding","7","0","3"
"Female","Stephens","718","27","69"
"Male","Stephens","512","14","57"
"Unknown","Stephens","9","0","0"
"Female","Stewart","121","7","17"
"Male","Stewart","404","9","64"
"Unknown","Stewart","1","0","0"
"Female","Sumter","557","26","107"
"Male","Sumter","394","42","97"
"Unknown","Sumter","3","0","1"
"Female","Talbot","107","4","14"
"Male","Talbot","60","3","11"
"Female","Taliaferro","14","0","1"
"Male","Taliaferro","11","0","1"
"Female","Tattnall","428","8","34"
"Male","Tattnall","457","5","32"
"Unknown","Tattnall","13","0","0"
"Female","Taylor","132","7","19"
"Male","Taylor","90","5","12"
"Unknown","Taylor","2","0","1"
"Female","Telfair","215","11","16"
"Male","Telfair","211","12","27"
"Unknown","Telfair","3","0","0"
"Female","Terrell","201","15","37"
"Male","Terrell","131","17","37"
"Unknown","Terrell","5","0","0"
"Female","Thomas","894","39","87"
"Male","Thomas","667","29","86"
"Unknown","Thomas","8","0","0"
"Female","Tift","1020","29","142"
"Male","Tift","841","32","89"
"Unknown","Tift","43","0","2"
"Female","Toombs","792","34","53"
"Male","Toombs","638","22","56"
"Unknown","Toombs","11","0","0"
"Female","Towns","227","9","28"
"Male","Towns","168","3","19"
"Unknown","Towns","6","0","0"
"Female","Treutlen","173","6","15"
"Male","Treutlen","112","5","16"
"Unknown","Treutlen","5","0","0"
"Female","Troup","1637","61","180"
"Male","Troup","1203","42","147"
"Unknown","Troup","117","1","2"
"Female","Turner","201","9","25"
"Male","Turner","118","15","26"
"Unknown","Turner","11","0","0"
"Female","Twiggs","116","2","23"
"Male","Twiggs","93","7","29"
"Unknown","Twiggs","1","0","0"
"Female","Union","517","15","41"
"Male","Union","330","9","46"
"Unknown","Union","7","0","1"
"Female","Unknown","839","1","14"
"Male","Unknown","853","3","23"
"Unknown","Unknown","235","2","7"
"Female","Upson","474","40","52"
"Male","Upson","347","28","40"
"Unknown","Upson","5","0","0"
"Female","Walker","917","22","41"
"Male","Walker","804","21","52"
"Unknown","Walker","25","0","0"
"Female","Walton","1169","29","94"
"Male","Walton","840","35","112"
"Unknown","Walton","24","0","1"
"Female","Ware","892","27","85"
"Male","Ware","784","34","95"
"Unknown","Ware","22","0","2"
"Female","Warren","90","2","19"
"Male","Warren","71","3","7"
"Unknown","Warren","2","0","0"
"Female","Washington","400","3","27"
"Male","Washington","319","8","26"
"Unknown","Washington","4","0","0"
"Female","Wayne","580","13","55"
"Male","Wayne","604","17","56"
"Unknown","Wayne","12","0","0"
"Female","Webster","26","1","6"
"Male","Webster","18","1","4"
"Female","Wheeler","100","0","2"
"Male","Wheeler","235","16","18"
"Unknown","Wheeler","20","0","0"
"Female","White","516","11","48"
"Male","White","444","11","56"
"Unknown","White","22","0","1"
"Female","Whitfield","2661","25","126"
"Male","Whitfield","2381","38","133"
"Unknown","Whitfield","23","0","2"
"Female","Wilcox","108","9","16"
"Male","Wilcox","143","16","36"
"Unknown","Wilcox","1","0","0"
"Female","Wilkes","145","2","12"
"Male","Wilkes","131","4","18"
"Unknown","Wilkes","1","0","0"
"Female","Wilkinson","202","10","33"
"Male","Wilkinson","156","7","35"
"Unknown","Wilkinson","1","0","0"
"Female","Worth","354","16","60"
"Male","Worth","227","16","39"
"Unknown","Worth","3","0","0"
