"age group","county name","cases","deaths","hospitalization"
"01-04 years","Georgia","6725","1","132"
"05-09 years","Georgia","10687","2","98"
"10-17 years","Georgia","38708","5","398"
"18-29 years","Georgia","132002","70","2730"
"30-39 years","Georgia","91812","161","3569"
"40-49 years","Georgia","88857","370","5191"
"50-59 years","Georgia","83120","898","7407"
"60-69 years","Georgia","56112","1937","8585"
"70-79 years","Georgia","32805","2740","7731"
"80 & Older years","Georgia","19722","3688","6058"
"<1 years","Georgia","1976","0","100"
"Unknown years","Georgia","4150","0","85"
"01-04 years","Appling","19","0","0"
"05-09 years","Appling","41","0","0"
"10-17 years","Appling","116","0","1"
"18-29 years","Appling","268","1","4"
"30-39 years","Appling","198","1","5"
"40-49 years","Appling","206","2","16"
"50-59 years","Appling","225","5","19"
"60-69 years","Appling","186","10","36"
"70-79 years","Appling","126","12","26"
"80 & Older years","Appling","57","12","22"
"<1 years","Appling","3","0","0"
"Unknown years","Appling","6","0","0"
"01-04 years","Atkinson","5","0","1"
"05-09 years","Atkinson","16","0","1"
"10-17 years","Atkinson","40","0","0"
"18-29 years","Atkinson","141","0","8"
"30-39 years","Atkinson","101","0","8"
"40-49 years","Atkinson","112","0","17"
"50-59 years","Atkinson","106","1","18"
"60-69 years","Atkinson","64","4","20"
"70-79 years","Atkinson","39","2","12"
"80 & Older years","Atkinson","12","2","9"
"<1 years","Atkinson","3","0","0"
"01-04 years","Bacon","16","0","0"
"05-09 years","Bacon","15","0","0"
"10-17 years","Bacon","54","0","1"
"18-29 years","Bacon","190","0","1"
"30-39 years","Bacon","99","0","4"
"40-49 years","Bacon","132","1","7"
"50-59 years","Bacon","120","2","15"
"60-69 years","Bacon","87","7","16"
"70-79 years","Bacon","55","4","8"
"80 & Older years","Bacon","27","7","7"
"<1 years","Bacon","4","0","0"
"Unknown years","Bacon","1","0","0"
"01-04 years","Baker","4","0","0"
"05-09 years","Baker","4","0","0"
"10-17 years","Baker","8","0","0"
"18-29 years","Baker","20","0","0"
"30-39 years","Baker","19","0","2"
"40-49 years","Baker","10","0","1"
"50-59 years","Baker","16","0","1"
"60-69 years","Baker","23","2","9"
"70-79 years","Baker","17","2","10"
"80 & Older years","Baker","8","2","3"
"01-04 years","Baldwin","22","0","0"
"05-09 years","Baldwin","40","0","0"
"10-17 years","Baldwin","122","0","4"
"18-29 years","Baldwin","1071","0","13"
"30-39 years","Baldwin","332","1","12"
"40-49 years","Baldwin","353","2","28"
"50-59 years","Baldwin","369","8","39"
"60-69 years","Baldwin","290","15","54"
"70-79 years","Baldwin","187","19","40"
"80 & Older years","Baldwin","109","27","33"
"<1 years","Baldwin","8","0","0"
"Unknown years","Baldwin","2","0","0"
"01-04 years","Banks","6","0","0"
"05-09 years","Banks","19","0","1"
"10-17 years","Banks","83","0","2"
"18-29 years","Banks","201","0","4"
"30-39 years","Banks","148","0","2"
"40-49 years","Banks","156","0","13"
"50-59 years","Banks","168","0","17"
"60-69 years","Banks","143","4","29"
"70-79 years","Banks","116","8","44"
"80 & Older years","Banks","66","7","23"
"<1 years","Banks","4","0","1"
"Unknown years","Banks","34","0","1"
"01-04 years","Barrow","45","0","0"
"05-09 years","Barrow","82","0","0"
"10-17 years","Barrow","328","0","4"
"18-29 years","Barrow","991","1","27"
"30-39 years","Barrow","834","0","32"
"40-49 years","Barrow","860","3","46"
"50-59 years","Barrow","716","2","65"
"60-69 years","Barrow","496","14","92"
"70-79 years","Barrow","277","19","67"
"80 & Older years","Barrow","147","27","52"
"<1 years","Barrow","18","0","2"
"Unknown years","Barrow","16","0","0"
"01-04 years","Bartow","52","0","1"
"05-09 years","Bartow","118","0","1"
"10-17 years","Bartow","559","0","4"
"18-29 years","Bartow","1233","0","13"
"30-39 years","Bartow","1035","2","30"
"40-49 years","Bartow","1048","0","47"
"50-59 years","Bartow","1080","9","89"
"60-69 years","Bartow","649","19","96"
"70-79 years","Bartow","466","38","101"
"80 & Older years","Bartow","236","53","81"
"<1 years","Bartow","21","0","1"
"Unknown years","Bartow","70","0","6"
"01-04 years","Ben Hill","26","0","1"
"05-09 years","Ben Hill","18","0","0"
"10-17 years","Ben Hill","75","0","0"
"18-29 years","Ben Hill","204","0","4"
"30-39 years","Ben Hill","178","2","7"
"40-49 years","Ben Hill","155","0","9"
"50-59 years","Ben Hill","199","2","24"
"60-69 years","Ben Hill","169","9","23"
"70-79 years","Ben Hill","118","15","41"
"80 & Older years","Ben Hill","53","8","13"
"<1 years","Ben Hill","2","0","0"
"Unknown years","Ben Hill","4","0","0"
"01-04 years","Berrien","14","0","0"
"05-09 years","Berrien","14","0","0"
"10-17 years","Berrien","56","0","0"
"18-29 years","Berrien","152","0","0"
"30-39 years","Berrien","127","0","2"
"40-49 years","Berrien","120","0","3"
"50-59 years","Berrien","128","1","12"
"60-69 years","Berrien","89","4","9"
"70-79 years","Berrien","56","6","9"
"80 & Older years","Berrien","36","9","7"
"<1 years","Berrien","2","0","0"
"Unknown years","Berrien","1","0","0"
"01-04 years","Bibb","95","0","2"
"05-09 years","Bibb","131","0","0"
"10-17 years","Bibb","430","0","6"
"18-29 years","Bibb","2137","1","63"
"30-39 years","Bibb","1512","4","78"
"40-49 years","Bibb","1507","10","150"
"50-59 years","Bibb","1367","12","177"
"60-69 years","Bibb","1078","51","282"
"70-79 years","Bibb","635","70","214"
"80 & Older years","Bibb","402","92","185"
"<1 years","Bibb","33","0","4"
"Unknown years","Bibb","19","0","0"
"01-04 years","Bleckley","3","0","0"
"05-09 years","Bleckley","9","0","0"
"10-17 years","Bleckley","52","0","0"
"18-29 years","Bleckley","156","0","3"
"30-39 years","Bleckley","68","0","1"
"40-49 years","Bleckley","86","1","2"
"50-59 years","Bleckley","85","2","3"
"60-69 years","Bleckley","67","7","9"
"70-79 years","Bleckley","53","3","11"
"80 & Older years","Bleckley","60","17","12"
"<1 years","Bleckley","1","0","0"
"01-04 years","Brantley","12","0","0"
"05-09 years","Brantley","7","0","0"
"10-17 years","Brantley","59","0","1"
"18-29 years","Brantley","123","0","1"
"30-39 years","Brantley","81","0","3"
"40-49 years","Brantley","100","1","5"
"50-59 years","Brantley","103","2","12"
"60-69 years","Brantley","85","3","10"
"70-79 years","Brantley","55","6","14"
"80 & Older years","Brantley","38","6","9"
"<1 years","Brantley","1","0","0"
"Unknown years","Brantley","1","0","0"
"01-04 years","Brooks","14","0","0"
"05-09 years","Brooks","15","0","0"
"10-17 years","Brooks","74","0","0"
"18-29 years","Brooks","147","0","0"
"30-39 years","Brooks","107","0","2"
"40-49 years","Brooks","98","0","9"
"50-59 years","Brooks","114","2","14"
"60-69 years","Brooks","81","6","12"
"70-79 years","Brooks","70","9","18"
"80 & Older years","Brooks","50","10","9"
"<1 years","Brooks","3","0","0"
"01-04 years","Bryan","32","0","0"
"05-09 years","Bryan","38","0","0"
"10-17 years","Bryan","145","0","1"
"18-29 years","Bryan","370","0","8"
"30-39 years","Bryan","297","1","7"
"40-49 years","Bryan","299","0","11"
"50-59 years","Bryan","249","4","24"
"60-69 years","Bryan","162","5","22"
"70-79 years","Bryan","109","5","32"
"80 & Older years","Bryan","51","3","16"
"<1 years","Bryan","6","0","0"
"Unknown years","Bryan","4","0","0"
"01-04 years","Bulloch","43","0","0"
"05-09 years","Bulloch","52","0","0"
"10-17 years","Bulloch","203","0","2"
"18-29 years","Bulloch","1840","0","7"
"30-39 years","Bulloch","419","3","19"
"40-49 years","Bulloch","358","2","23"
"50-59 years","Bulloch","340","1","23"
"60-69 years","Bulloch","237","12","34"
"70-79 years","Bulloch","116","10","27"
"80 & Older years","Bulloch","77","8","25"
"<1 years","Bulloch","17","0","2"
"Unknown years","Bulloch","27","0","1"
"01-04 years","Burke","14","0","0"
"05-09 years","Burke","29","0","0"
"10-17 years","Burke","82","0","1"
"18-29 years","Burke","233","0","6"
"30-39 years","Burke","181","0","6"
"40-49 years","Burke","189","1","10"
"50-59 years","Burke","180","1","27"
"60-69 years","Burke","134","5","29"
"70-79 years","Burke","87","4","19"
"80 & Older years","Burke","27","5","10"
"<1 years","Burke","4","0","0"
"Unknown years","Burke","2","0","0"
"01-04 years","Butts","14","0","2"
"05-09 years","Butts","13","0","0"
"10-17 years","Butts","70","0","1"
"18-29 years","Butts","217","0","5"
"30-39 years","Butts","190","0","7"
"40-49 years","Butts","191","2","11"
"50-59 years","Butts","207","3","16"
"60-69 years","Butts","166","8","22"
"70-79 years","Butts","114","12","12"
"80 & Older years","Butts","89","22","5"
"<1 years","Butts","3","0","0"
"Unknown years","Butts","1","0","0"
"01-04 years","Calhoun","2","0","0"
"05-09 years","Calhoun","1","0","0"
"10-17 years","Calhoun","13","0","0"
"18-29 years","Calhoun","45","0","5"
"30-39 years","Calhoun","44","2","5"
"40-49 years","Calhoun","68","1","9"
"50-59 years","Calhoun","58","2","11"
"60-69 years","Calhoun","51","2","16"
"70-79 years","Calhoun","20","2","5"
"80 & Older years","Calhoun","11","2","6"
"<1 years","Calhoun","1","0","0"
"01-04 years","Camden","31","0","0"
"05-09 years","Camden","27","0","1"
"10-17 years","Camden","137","0","0"
"18-29 years","Camden","562","0","4"
"30-39 years","Camden","358","0","12"
"40-49 years","Camden","291","1","10"
"50-59 years","Camden","348","1","16"
"60-69 years","Camden","247","6","20"
"70-79 years","Camden","138","0","15"
"80 & Older years","Camden","65","11","18"
"<1 years","Camden","7","0","1"
"Unknown years","Camden","10","0","0"
"01-04 years","Candler","8","0","0"
"05-09 years","Candler","11","0","0"
"10-17 years","Candler","46","0","0"
"18-29 years","Candler","107","0","0"
"30-39 years","Candler","81","0","2"
"40-49 years","Candler","98","2","1"
"50-59 years","Candler","106","5","9"
"60-69 years","Candler","81","7","13"
"70-79 years","Candler","49","10","16"
"80 & Older years","Candler","20","4","9"
"<1 years","Candler","3","0","0"
"Unknown years","Candler","1","0","0"
"01-04 years","Carroll","64","0","1"
"05-09 years","Carroll","84","0","1"
"10-17 years","Carroll","411","0","6"
"18-29 years","Carroll","1296","0","10"
"30-39 years","Carroll","765","4","17"
"40-49 years","Carroll","764","4","23"
"50-59 years","Carroll","766","10","52"
"60-69 years","Carroll","548","16","58"
"70-79 years","Carroll","307","26","51"
"80 & Older years","Carroll","210","36","37"
"<1 years","Carroll","22","0","0"
"Unknown years","Carroll","9","0","0"
"01-04 years","Catoosa","48","0","0"
"05-09 years","Catoosa","61","0","1"
"10-17 years","Catoosa","275","0","1"
"18-29 years","Catoosa","600","0","7"
"30-39 years","Catoosa","442","1","6"
"40-49 years","Catoosa","514","1","10"
"50-59 years","Catoosa","481","5","19"
"60-69 years","Catoosa","361","5","38"
"70-79 years","Catoosa","219","12","36"
"80 & Older years","Catoosa","160","13","35"
"<1 years","Catoosa","17","0","0"
"Unknown years","Catoosa","67","0","4"
"01-04 years","Charlton","10","0","0"
"05-09 years","Charlton","18","0","0"
"10-17 years","Charlton","49","0","0"
"18-29 years","Charlton","154","0","1"
"30-39 years","Charlton","172","0","4"
"40-49 years","Charlton","156","2","8"
"50-59 years","Charlton","115","0","3"
"60-69 years","Charlton","111","4","12"
"70-79 years","Charlton","36","4","9"
"80 & Older years","Charlton","18","2","8"
"<1 years","Charlton","2","0","0"
"Unknown years","Charlton","1","0","0"
"01-04 years","Chatham","220","0","1"
"05-09 years","Chatham","253","1","0"
"10-17 years","Chatham","780","0","12"
"18-29 years","Chatham","3388","2","41"
"30-39 years","Chatham","2311","4","91"
"40-49 years","Chatham","1765","10","109"
"50-59 years","Chatham","1636","24","176"
"60-69 years","Chatham","1259","43","228"
"70-79 years","Chatham","685","64","212"
"80 & Older years","Chatham","430","82","172"
"<1 years","Chatham","57","0","3"
"Unknown years","Chatham","58","0","2"
"01-04 years","Chattahoochee","7","0","0"
"05-09 years","Chattahoochee","6","0","0"
"10-17 years","Chattahoochee","99","0","2"
"18-29 years","Chattahoochee","1770","0","1"
"30-39 years","Chattahoochee","188","0","3"
"40-49 years","Chattahoochee","44","0","0"
"50-59 years","Chattahoochee","19","0","5"
"60-69 years","Chattahoochee","12","0","3"
"70-79 years","Chattahoochee","6","0","2"
"80 & Older years","Chattahoochee","4","1","3"
"<1 years","Chattahoochee","8","0","0"
"Unknown years","Chattahoochee","1","0","0"
"01-04 years","Chattooga","8","0","0"
"05-09 years","Chattooga","18","0","0"
"10-17 years","Chattooga","124","0","0"
"18-29 years","Chattooga","259","0","4"
"30-39 years","Chattooga","215","0","5"
"40-49 years","Chattooga","247","1","9"
"50-59 years","Chattooga","239","4","12"
"60-69 years","Chattooga","204","12","28"
"70-79 years","Chattooga","130","10","26"
"80 & Older years","Chattooga","90","17","19"
"<1 years","Chattooga","6","0","1"
"Unknown years","Chattooga","17","0","1"
"01-04 years","Cherokee","131","0","6"
"05-09 years","Cherokee","288","0","3"
"10-17 years","Cherokee","1298","0","6"
"18-29 years","Cherokee","2694","1","58"
"30-39 years","Cherokee","1830","1","78"
"40-49 years","Cherokee","2025","2","91"
"50-59 years","Cherokee","2050","9","140"
"60-69 years","Cherokee","1163","19","141"
"70-79 years","Cherokee","745","30","152"
"80 & Older years","Cherokee","484","65","140"
"<1 years","Cherokee","30","0","1"
"Unknown years","Cherokee","44","0","2"
"01-04 years","Clarke","96","0","0"
"05-09 years","Clarke","123","0","1"
"10-17 years","Clarke","348","0","4"
"18-29 years","Clarke","4451","0","22"
"30-39 years","Clarke","1014","1","27"
"40-49 years","Clarke","784","2","33"
"50-59 years","Clarke","709","5","45"
"60-69 years","Clarke","485","12","66"
"70-79 years","Clarke","275","22","77"
"80 & Older years","Clarke","157","21","41"
"<1 years","Clarke","21","0","1"
"Unknown years","Clarke","31","0","0"
"01-04 years","Clay","3","0","0"
"05-09 years","Clay","2","0","0"
"10-17 years","Clay","11","0","0"
"18-29 years","Clay","23","0","0"
"30-39 years","Clay","24","0","1"
"40-49 years","Clay","21","0","0"
"50-59 years","Clay","16","0","1"
"60-69 years","Clay","20","1","2"
"70-79 years","Clay","10","0","0"
"80 & Older years","Clay","14","2","5"
"Unknown years","Clay","1","0","0"
"01-04 years","Clayton","207","0","7"
"05-09 years","Clayton","299","1","6"
"10-17 years","Clayton","826","0","16"
"18-29 years","Clayton","2931","3","73"
"30-39 years","Clayton","2476","6","108"
"40-49 years","Clayton","2249","22","140"
"50-59 years","Clayton","2030","28","187"
"60-69 years","Clayton","1312","57","174"
"70-79 years","Clayton","569","48","114"
"80 & Older years","Clayton","297","57","71"
"<1 years","Clayton","43","0","1"
"Unknown years","Clayton","39","0","1"
"01-04 years","Clinch","10","0","0"
"05-09 years","Clinch","13","0","0"
"10-17 years","Clinch","62","0","0"
"18-29 years","Clinch","103","0","2"
"30-39 years","Clinch","82","1","4"
"40-49 years","Clinch","75","0","3"
"50-59 years","Clinch","75","0","11"
"60-69 years","Clinch","82","6","13"
"70-79 years","Clinch","42","6","14"
"80 & Older years","Clinch","14","1","2"
"<1 years","Clinch","1","0","0"
"Unknown years","Clinch","4","0","0"
"01-04 years","Cobb","404","1","13"
"05-09 years","Cobb","667","0","4"
"10-17 years","Cobb","2254","0","20"
"18-29 years","Cobb","9783","4","200"
"30-39 years","Cobb","6279","12","209"
"40-49 years","Cobb","5876","22","337"
"50-59 years","Cobb","5202","34","443"
"60-69 years","Cobb","3133","82","427"
"70-79 years","Cobb","1742","168","375"
"80 & Older years","Cobb","1116","231","331"
"<1 years","Cobb","119","0","8"
"Unknown years","Cobb","290","0","3"
"01-04 years","Coffee","63","0","2"
"05-09 years","Coffee","78","0","4"
"10-17 years","Coffee","225","0","2"
"18-29 years","Coffee","651","0","18"
"30-39 years","Coffee","498","2","33"
"40-49 years","Coffee","548","2","70"
"50-59 years","Coffee","543","5","94"
"60-69 years","Coffee","441","20","107"
"70-79 years","Coffee","233","25","89"
"80 & Older years","Coffee","116","26","67"
"<1 years","Coffee","11","0","0"
"Unknown years","Coffee","5","0","0"
"01-04 years","Colquitt","31","0","0"
"05-09 years","Colquitt","66","0","1"
"10-17 years","Colquitt","231","0","4"
"18-29 years","Colquitt","555","0","16"
"30-39 years","Colquitt","392","0","16"
"40-49 years","Colquitt","400","4","32"
"50-59 years","Colquitt","353","10","30"
"60-69 years","Colquitt","259","11","32"
"70-79 years","Colquitt","139","6","33"
"80 & Older years","Colquitt","96","13","21"
"<1 years","Colquitt","12","0","0"
"Unknown years","Colquitt","3","0","0"
"01-04 years","Columbia","67","0","2"
"05-09 years","Columbia","153","0","0"
"10-17 years","Columbia","627","0","1"
"18-29 years","Columbia","1550","0","13"
"30-39 years","Columbia","1313","2","17"
"40-49 years","Columbia","1220","6","32"
"50-59 years","Columbia","1051","11","52"
"60-69 years","Columbia","660","12","61"
"70-79 years","Columbia","355","22","54"
"80 & Older years","Columbia","208","33","53"
"<1 years","Columbia","20","0","1"
"Unknown years","Columbia","9","0","0"
"01-04 years","Cook","12","0","1"
"05-09 years","Cook","18","0","0"
"10-17 years","Cook","85","0","1"
"18-29 years","Cook","194","0","5"
"30-39 years","Cook","152","0","4"
"40-49 years","Cook","155","0","12"
"50-59 years","Cook","135","2","15"
"60-69 years","Cook","107","5","15"
"70-79 years","Cook","86","10","24"
"80 & Older years","Cook","44","6","12"
"<1 years","Cook","5","0","0"
"Unknown years","Cook","2","0","0"
"01-04 years","Coweta","69","0","0"
"05-09 years","Coweta","110","0","0"
"10-17 years","Coweta","387","0","2"
"18-29 years","Coweta","1043","1","13"
"30-39 years","Coweta","780","0","20"
"40-49 years","Coweta","821","3","26"
"50-59 years","Coweta","923","7","42"
"60-69 years","Coweta","573","18","39"
"70-79 years","Coweta","351","18","42"
"80 & Older years","Coweta","189","31","29"
"<1 years","Coweta","21","0","0"
"Unknown years","Coweta","6","0","0"
"01-04 years","Crawford","1","0","0"
"05-09 years","Crawford","1","0","0"
"10-17 years","Crawford","19","0","0"
"18-29 years","Crawford","58","0","2"
"30-39 years","Crawford","50","0","4"
"40-49 years","Crawford","40","1","3"
"50-59 years","Crawford","78","1","10"
"60-69 years","Crawford","75","3","13"
"70-79 years","Crawford","25","2","9"
"80 & Older years","Crawford","16","0","4"
"01-04 years","Crisp","14","0","0"
"05-09 years","Crisp","18","0","0"
"10-17 years","Crisp","73","0","1"
"18-29 years","Crisp","155","0","7"
"30-39 years","Crisp","153","0","10"
"40-49 years","Crisp","135","1","12"
"50-59 years","Crisp","140","3","17"
"60-69 years","Crisp","142","8","27"
"70-79 years","Crisp","74","8","28"
"80 & Older years","Crisp","48","8","15"
"<1 years","Crisp","6","0","0"
"Unknown years","Crisp","12","0","0"
"01-04 years","Dade","5","0","0"
"05-09 years","Dade","15","0","0"
"10-17 years","Dade","61","0","0"
"18-29 years","Dade","135","0","1"
"30-39 years","Dade","86","0","1"
"40-49 years","Dade","116","0","5"
"50-59 years","Dade","108","1","6"
"60-69 years","Dade","74","0","2"
"70-79 years","Dade","61","5","14"
"80 & Older years","Dade","37","1","8"
"<1 years","Dade","6","0","0"
"Unknown years","Dade","13","0","1"
"01-04 years","Dawson","15","0","0"
"05-09 years","Dawson","27","0","0"
"10-17 years","Dawson","135","0","3"
"18-29 years","Dawson","330","0","9"
"30-39 years","Dawson","229","0","5"
"40-49 years","Dawson","223","0","16"
"50-59 years","Dawson","273","0","23"
"60-69 years","Dawson","222","3","49"
"70-79 years","Dawson","141","9","34"
"80 & Older years","Dawson","53","4","17"
"<1 years","Dawson","6","0","0"
"Unknown years","Dawson","25","0","2"
"01-04 years","DeKalb","454","0","14"
"05-09 years","DeKalb","648","0","7"
"10-17 years","DeKalb","1937","0","36"
"18-29 years","DeKalb","8412","7","270"
"30-39 years","DeKalb","7220","14","389"
"40-49 years","DeKalb","5707","25","430"
"50-59 years","DeKalb","5067","59","584"
"60-69 years","DeKalb","3164","99","593"
"70-79 years","DeKalb","1616","133","440"
"80 & Older years","DeKalb","951","157","305"
"<1 years","DeKalb","116","0","5"
"Unknown years","DeKalb","123","0","6"
"01-04 years","Decatur","36","0","1"
"05-09 years","Decatur","48","0","0"
"10-17 years","Decatur","139","0","0"
"18-29 years","Decatur","328","1","8"
"30-39 years","Decatur","247","1","7"
"40-49 years","Decatur","246","0","16"
"50-59 years","Decatur","199","5","24"
"60-69 years","Decatur","170","10","26"
"70-79 years","Decatur","99","16","18"
"80 & Older years","Decatur","85","11","17"
"<1 years","Decatur","6","0","0"
"01-04 years","Dodge","6","0","0"
"05-09 years","Dodge","15","0","0"
"10-17 years","Dodge","57","1","1"
"18-29 years","Dodge","139","0","1"
"30-39 years","Dodge","90","0","2"
"40-49 years","Dodge","128","1","10"
"50-59 years","Dodge","145","3","12"
"60-69 years","Dodge","132","10","24"
"70-79 years","Dodge","69","13","17"
"80 & Older years","Dodge","51","16","17"
"<1 years","Dodge","2","0","0"
"01-04 years","Dooly","9","0","0"
"05-09 years","Dooly","5","0","0"
"10-17 years","Dooly","29","0","0"
"18-29 years","Dooly","79","0","5"
"30-39 years","Dooly","77","0","7"
"40-49 years","Dooly","87","0","8"
"50-59 years","Dooly","99","4","13"
"60-69 years","Dooly","83","9","19"
"70-79 years","Dooly","43","5","10"
"80 & Older years","Dooly","17","4","3"
"<1 years","Dooly","2","0","0"
"Unknown years","Dooly","3","0","0"
"01-04 years","Dougherty","29","0","3"
"05-09 years","Dougherty","52","0","0"
"10-17 years","Dougherty","151","0","3"
"18-29 years","Dougherty","692","2","65"
"30-39 years","Dougherty","581","3","60"
"40-49 years","Dougherty","620","12","92"
"50-59 years","Dougherty","682","19","128"
"60-69 years","Dougherty","600","50","183"
"70-79 years","Dougherty","353","51","139"
"80 & Older years","Dougherty","209","68","90"
"<1 years","Dougherty","18","0","1"
"Unknown years","Dougherty","17","0","0"
"01-04 years","Douglas","77","0","2"
"05-09 years","Douglas","140","0","4"
"10-17 years","Douglas","435","0","3"
"18-29 years","Douglas","1406","0","40"
"30-39 years","Douglas","1122","3","48"
"40-49 years","Douglas","1269","4","83"
"50-59 years","Douglas","1125","12","118"
"60-69 years","Douglas","652","18","119"
"70-79 years","Douglas","378","35","100"
"80 & Older years","Douglas","172","26","64"
"<1 years","Douglas","13","0","2"
"Unknown years","Douglas","39","0","0"
"01-04 years","Early","14","0","0"
"05-09 years","Early","14","0","0"
"10-17 years","Early","51","0","0"
"18-29 years","Early","110","0","4"
"30-39 years","Early","99","0","4"
"40-49 years","Early","127","1","9"
"50-59 years","Early","111","3","9"
"60-69 years","Early","87","11","12"
"70-79 years","Early","59","12","13"
"80 & Older years","Early","35","12","8"
"<1 years","Early","2","0","0"
"01-04 years","Echols","5","0","0"
"05-09 years","Echols","5","0","0"
"10-17 years","Echols","22","0","1"
"18-29 years","Echols","120","0","1"
"30-39 years","Echols","51","0","2"
"40-49 years","Echols","35","0","1"
"50-59 years","Echols","40","0","2"
"60-69 years","Echols","20","0","0"
"70-79 years","Echols","16","2","3"
"<1 years","Echols","1","0","0"
"01-04 years","Effingham","32","0","1"
"05-09 years","Effingham","60","0","0"
"10-17 years","Effingham","212","0","0"
"18-29 years","Effingham","479","0","4"
"30-39 years","Effingham","393","1","11"
"40-49 years","Effingham","409","0","22"
"50-59 years","Effingham","397","7","29"
"60-69 years","Effingham","244","3","37"
"70-79 years","Effingham","146","12","37"
"80 & Older years","Effingham","63","11","19"
"<1 years","Effingham","6","0","0"
"Unknown years","Effingham","8","0","1"
"01-04 years","Elbert","13","0","0"
"05-09 years","Elbert","21","0","0"
"10-17 years","Elbert","71","0","0"
"18-29 years","Elbert","198","0","1"
"30-39 years","Elbert","136","0","6"
"40-49 years","Elbert","165","0","8"
"50-59 years","Elbert","173","0","10"
"60-69 years","Elbert","136","1","16"
"70-79 years","Elbert","117","8","23"
"80 & Older years","Elbert","106","15","24"
"<1 years","Elbert","7","0","2"
"Unknown years","Elbert","6","0","0"
"01-04 years","Emanuel","19","0","1"
"05-09 years","Emanuel","18","0","0"
"10-17 years","Emanuel","139","0","2"
"18-29 years","Emanuel","255","1","0"
"30-39 years","Emanuel","200","0","7"
"40-49 years","Emanuel","231","1","7"
"50-59 years","Emanuel","211","5","22"
"60-69 years","Emanuel","185","7","23"
"70-79 years","Emanuel","107","15","24"
"80 & Older years","Emanuel","51","16","17"
"<1 years","Emanuel","4","0","0"
"Unknown years","Emanuel","7","0","1"
"01-04 years","Evans","8","0","0"
"05-09 years","Evans","13","0","0"
"10-17 years","Evans","68","0","0"
"18-29 years","Evans","112","1","3"
"30-39 years","Evans","104","0","3"
"40-49 years","Evans","90","0","9"
"50-59 years","Evans","88","1","13"
"60-69 years","Evans","50","2","12"
"70-79 years","Evans","36","3","9"
"80 & Older years","Evans","16","1","8"
"<1 years","Evans","2","0","0"
"Unknown years","Evans","1","0","0"
"01-04 years","Fannin","7","0","0"
"05-09 years","Fannin","18","0","0"
"10-17 years","Fannin","72","0","0"
"18-29 years","Fannin","183","0","2"
"30-39 years","Fannin","128","0","5"
"40-49 years","Fannin","160","0","7"
"50-59 years","Fannin","216","3","15"
"60-69 years","Fannin","215","4","22"
"70-79 years","Fannin","171","4","27"
"80 & Older years","Fannin","98","25","30"
"<1 years","Fannin","4","0","0"
"Unknown years","Fannin","11","0","0"
"01-04 years","Fayette","32","0","0"
"05-09 years","Fayette","55","0","1"
"10-17 years","Fayette","279","0","2"
"18-29 years","Fayette","750","0","5"
"30-39 years","Fayette","444","1","7"
"40-49 years","Fayette","609","1","19"
"50-59 years","Fayette","663","3","32"
"60-69 years","Fayette","499","11","35"
"70-79 years","Fayette","257","24","49"
"80 & Older years","Fayette","173","31","29"
"<1 years","Fayette","6","0","0"
"Unknown years","Fayette","28","0","0"
"01-04 years","Floyd","88","0","3"
"05-09 years","Floyd","141","0","0"
"10-17 years","Floyd","641","0","8"
"18-29 years","Floyd","1396","0","19"
"30-39 years","Floyd","1026","3","35"
"40-49 years","Floyd","1012","3","51"
"50-59 years","Floyd","933","16","92"
"60-69 years","Floyd","685","25","115"
"70-79 years","Floyd","476","29","119"
"80 & Older years","Floyd","259","33","81"
"<1 years","Floyd","31","0","1"
"Unknown years","Floyd","70","0","1"
"01-04 years","Forsyth","97","0","1"
"05-09 years","Forsyth","230","0","1"
"10-17 years","Forsyth","928","0","3"
"18-29 years","Forsyth","1904","0","33"
"30-39 years","Forsyth","1285","0","47"
"40-49 years","Forsyth","1621","4","82"
"50-59 years","Forsyth","1522","9","112"
"60-69 years","Forsyth","785","7","100"
"70-79 years","Forsyth","471","24","128"
"80 & Older years","Forsyth","278","37","93"
"<1 years","Forsyth","31","0","3"
"Unknown years","Forsyth","193","0","2"
"01-04 years","Franklin","10","0","0"
"05-09 years","Franklin","37","0","0"
"10-17 years","Franklin","136","0","4"
"18-29 years","Franklin","319","0","7"
"30-39 years","Franklin","226","0","3"
"40-49 years","Franklin","247","0","10"
"50-59 years","Franklin","244","0","18"
"60-69 years","Franklin","221","2","28"
"70-79 years","Franklin","113","9","19"
"80 & Older years","Franklin","57","10","16"
"<1 years","Franklin","5","0","1"
"Unknown years","Franklin","39","0","2"
"01-04 years","Fulton","529","0","15"
"05-09 years","Fulton","843","0","9"
"10-17 years","Fulton","2893","1","32"
"18-29 years","Fulton","14226","4","265"
"30-39 years","Fulton","9923","14","373"
"40-49 years","Fulton","7719","28","441"
"50-59 years","Fulton","6692","64","608"
"60-69 years","Fulton","3985","131","576"
"70-79 years","Fulton","2145","184","488"
"80 & Older years","Fulton","1582","313","480"
"<1 years","Fulton","136","0","5"
"Unknown years","Fulton","200","0","7"
"01-04 years","Gilmer","24","0","1"
"05-09 years","Gilmer","20","0","0"
"10-17 years","Gilmer","129","0","2"
"18-29 years","Gilmer","237","0","8"
"30-39 years","Gilmer","208","0","12"
"40-49 years","Gilmer","231","0","14"
"50-59 years","Gilmer","248","4","16"
"60-69 years","Gilmer","230","2","30"
"70-79 years","Gilmer","158","8","30"
"80 & Older years","Gilmer","90","19","29"
"<1 years","Gilmer","8","0","0"
"Unknown years","Gilmer","29","0","0"
"01-04 years","Glascock","1","0","0"
"05-09 years","Glascock","2","0","0"
"18-29 years","Glascock","15","0","1"
"30-39 years","Glascock","11","0","0"
"40-49 years","Glascock","14","0","1"
"50-59 years","Glascock","20","1","2"
"60-69 years","Glascock","10","0","1"
"70-79 years","Glascock","7","1","2"
"80 & Older years","Glascock","7","1","3"
"<1 years","Glascock","1","0","0"
"Unknown years","Glascock","1","0","0"
"01-04 years","Glynn","66","0","1"
"05-09 years","Glynn","133","0","1"
"10-17 years","Glynn","340","0","0"
"18-29 years","Glynn","1048","0","20"
"30-39 years","Glynn","782","3","23"
"40-49 years","Glynn","675","3","31"
"50-59 years","Glynn","630","8","62"
"60-69 years","Glynn","528","25","98"
"70-79 years","Glynn","332","36","68"
"80 & Older years","Glynn","204","49","76"
"<1 years","Glynn","17","0","0"
"Unknown years","Glynn","19","0","0"
"01-04 years","Gordon","53","0","0"
"05-09 years","Gordon","78","0","0"
"10-17 years","Gordon","329","0","2"
"18-29 years","Gordon","829","0","8"
"30-39 years","Gordon","628","1","17"
"40-49 years","Gordon","668","1","23"
"50-59 years","Gordon","658","7","32"
"60-69 years","Gordon","387","10","30"
"70-79 years","Gordon","236","18","49"
"80 & Older years","Gordon","135","24","38"
"<1 years","Gordon","16","0","3"
"Unknown years","Gordon","59","0","3"
"01-04 years","Grady","21","0","1"
"05-09 years","Grady","34","0","0"
"10-17 years","Grady","90","0","2"
"18-29 years","Grady","177","0","8"
"30-39 years","Grady","169","0","7"
"40-49 years","Grady","173","0","19"
"50-59 years","Grady","151","4","23"
"60-69 years","Grady","111","3","20"
"70-79 years","Grady","105","8","28"
"80 & Older years","Grady","40","12","16"
"<1 years","Grady","4","0","1"
"Unknown years","Grady","3","0","0"
"01-04 years","Greene","12","0","0"
"05-09 years","Greene","24","0","0"
"10-17 years","Greene","55","0","0"
"18-29 years","Greene","184","0","5"
"30-39 years","Greene","130","0","5"
"40-49 years","Greene","126","3","10"
"50-59 years","Greene","136","3","12"
"60-69 years","Greene","135","2","9"
"70-79 years","Greene","88","5","15"
"80 & Older years","Greene","54","13","19"
"<1 years","Greene","2","0","1"
"Unknown years","Greene","2","0","0"
"01-04 years","Gwinnett","750","0","16"
"05-09 years","Gwinnett","1147","0","14"
"10-17 years","Gwinnett","3861","1","57"
"18-29 years","Gwinnett","12309","2","438"
"30-39 years","Gwinnett","8838","13","462"
"40-49 years","Gwinnett","9462","37","612"
"50-59 years","Gwinnett","7684","63","659"
"60-69 years","Gwinnett","4163","110","649"
"70-79 years","Gwinnett","1898","128","464"
"80 & Older years","Gwinnett","1086","208","431"
"<1 years","Gwinnett","187","0","4"
"Unknown years","Gwinnett","124","0","0"
"01-04 years","Habersham","20","0","1"
"05-09 years","Habersham","42","0","3"
"10-17 years","Habersham","236","1","6"
"18-29 years","Habersham","645","0","9"
"30-39 years","Habersham","466","2","22"
"40-49 years","Habersham","503","1","32"
"50-59 years","Habersham","519","4","43"
"60-69 years","Habersham","389","10","87"
"70-79 years","Habersham","277","20","81"
"80 & Older years","Habersham","219","49","65"
"<1 years","Habersham","8","0","3"
"Unknown years","Habersham","209","0","2"
"01-04 years","Hall","127","0","4"
"05-09 years","Hall","265","0","3"
"10-17 years","Hall","1234","0","18"
"18-29 years","Hall","3811","3","124"
"30-39 years","Hall","2520","1","139"
"40-49 years","Hall","2699","7","208"
"50-59 years","Hall","2746","18","290"
"60-69 years","Hall","1780","43","294"
"70-79 years","Hall","1113","52","301"
"80 & Older years","Hall","648","96","250"
"<1 years","Hall","25","0","5"
"Unknown years","Hall","501","0","9"
"01-04 years","Hancock","3","0","0"
"05-09 years","Hancock","5","0","0"
"10-17 years","Hancock","20","0","0"
"18-29 years","Hancock","96","0","2"
"30-39 years","Hancock","93","0","2"
"40-49 years","Hancock","87","1","4"
"50-59 years","Hancock","102","3","13"
"60-69 years","Hancock","114","13","22"
"70-79 years","Hancock","61","12","17"
"80 & Older years","Hancock","49","17","17"
"<1 years","Hancock","1","0","0"
"Unknown years","Hancock","1","0","0"
"01-04 years","Haralson","14","0","0"
"05-09 years","Haralson","26","0","0"
"10-17 years","Haralson","108","0","1"
"18-29 years","Haralson","259","0","2"
"30-39 years","Haralson","171","0","3"
"40-49 years","Haralson","166","1","5"
"50-59 years","Haralson","184","1","3"
"60-69 years","Haralson","146","8","17"
"70-79 years","Haralson","101","9","15"
"80 & Older years","Haralson","48","4","7"
"<1 years","Haralson","5","0","0"
"Unknown years","Haralson","4","0","0"
"01-04 years","Harris","17","0","0"
"05-09 years","Harris","16","0","0"
"10-17 years","Harris","114","0","2"
"18-29 years","Harris","198","0","2"
"30-39 years","Harris","138","0","5"
"40-49 years","Harris","216","2","8"
"50-59 years","Harris","239","4","18"
"60-69 years","Harris","197","10","38"
"70-79 years","Harris","101","8","25"
"80 & Older years","Harris","36","5","6"
"<1 years","Harris","4","0","0"
"Unknown years","Harris","5","0","0"
"01-04 years","Hart","10","0","0"
"05-09 years","Hart","17","0","1"
"10-17 years","Hart","68","0","0"
"18-29 years","Hart","197","0","1"
"30-39 years","Hart","153","0","5"
"40-49 years","Hart","152","0","8"
"50-59 years","Hart","191","1","14"
"60-69 years","Hart","163","8","26"
"70-79 years","Hart","92","4","17"
"80 & Older years","Hart","64","8","22"
"<1 years","Hart","3","0","1"
"Unknown years","Hart","27","0","0"
"01-04 years","Heard","7","0","0"
"05-09 years","Heard","10","0","0"
"10-17 years","Heard","45","0","1"
"18-29 years","Heard","74","0","0"
"30-39 years","Heard","40","0","1"
"40-49 years","Heard","71","0","3"
"50-59 years","Heard","65","0","4"
"60-69 years","Heard","53","3","6"
"70-79 years","Heard","39","4","11"
"80 & Older years","Heard","15","3","1"
"<1 years","Heard","1","0","0"
"Unknown years","Heard","1","0","0"
"01-04 years","Henry","107","0","4"
"05-09 years","Henry","197","0","1"
"10-17 years","Henry","756","0","5"
"18-29 years","Henry","2275","1","22"
"30-39 years","Henry","1856","3","34"
"40-49 years","Henry","2090","7","66"
"50-59 years","Henry","1948","13","90"
"60-69 years","Henry","1022","27","60"
"70-79 years","Henry","525","43","55"
"80 & Older years","Henry","288","51","41"
"<1 years","Henry","25","0","2"
"Unknown years","Henry","23","0","0"
"01-04 years","Houston","60","0","1"
"05-09 years","Houston","91","0","1"
"10-17 years","Houston","387","0","3"
"18-29 years","Houston","1330","3","28"
"30-39 years","Houston","1102","1","46"
"40-49 years","Houston","1081","2","70"
"50-59 years","Houston","938","9","81"
"60-69 years","Houston","598","29","104"
"70-79 years","Houston","327","39","102"
"80 & Older years","Houston","179","31","61"
"<1 years","Houston","16","0","2"
"Unknown years","Houston","9","0","0"
"01-04 years","Irwin","5","0","0"
"05-09 years","Irwin","9","0","0"
"10-17 years","Irwin","45","0","0"
"18-29 years","Irwin","90","0","4"
"30-39 years","Irwin","79","0","4"
"40-49 years","Irwin","94","0","7"
"50-59 years","Irwin","88","1","7"
"60-69 years","Irwin","70","1","18"
"70-79 years","Irwin","38","3","5"
"80 & Older years","Irwin","30","6","14"
"01-04 years","Jackson","37","0","0"
"05-09 years","Jackson","95","0","1"
"10-17 years","Jackson","482","0","1"
"18-29 years","Jackson","943","1","12"
"30-39 years","Jackson","773","1","16"
"40-49 years","Jackson","839","2","43"
"50-59 years","Jackson","819","4","50"
"60-69 years","Jackson","492","8","44"
"70-79 years","Jackson","353","16","72"
"80 & Older years","Jackson","210","31","71"
"<1 years","Jackson","11","0","2"
"Unknown years","Jackson","32","0","1"
"01-04 years","Jasper","2","0","1"
"05-09 years","Jasper","5","0","0"
"10-17 years","Jasper","17","0","0"
"18-29 years","Jasper","78","0","1"
"30-39 years","Jasper","62","0","0"
"40-49 years","Jasper","59","0","1"
"50-59 years","Jasper","84","0","8"
"60-69 years","Jasper","53","4","9"
"70-79 years","Jasper","29","2","8"
"80 & Older years","Jasper","8","0","0"
"<1 years","Jasper","2","0","0"
"Unknown years","Jasper","2","0","0"
"01-04 years","Jeff Davis","23","0","1"
"05-09 years","Jeff Davis","22","0","0"
"10-17 years","Jeff Davis","81","0","2"
"18-29 years","Jeff Davis","191","0","3"
"30-39 years","Jeff Davis","162","0","8"
"40-49 years","Jeff Davis","159","0","11"
"50-59 years","Jeff Davis","138","5","14"
"60-69 years","Jeff Davis","96","6","20"
"70-79 years","Jeff Davis","63","12","16"
"80 & Older years","Jeff Davis","15","8","6"
"<1 years","Jeff Davis","2","0","1"
"Unknown years","Jeff Davis","6","0","0"
"01-04 years","Jefferson","16","0","0"
"05-09 years","Jefferson","28","0","0"
"10-17 years","Jefferson","71","0","0"
"18-29 years","Jefferson","188","0","3"
"30-39 years","Jefferson","141","0","7"
"40-49 years","Jefferson","155","3","11"
"50-59 years","Jefferson","190","2","19"
"60-69 years","Jefferson","173","7","25"
"70-79 years","Jefferson","109","12","29"
"80 & Older years","Jefferson","51","14","22"
"<1 years","Jefferson","4","0","0"
"Unknown years","Jefferson","8","0","0"
"01-04 years","Jenkins","6","0","0"
"05-09 years","Jenkins","14","0","0"
"10-17 years","Jenkins","41","0","0"
"18-29 years","Jenkins","85","0","2"
"30-39 years","Jenkins","56","1","4"
"40-49 years","Jenkins","80","2","10"
"50-59 years","Jenkins","83","6","16"
"60-69 years","Jenkins","67","5","11"
"70-79 years","Jenkins","42","12","20"
"80 & Older years","Jenkins","44","8","10"
"<1 years","Jenkins","2","0","0"
"01-04 years","Johnson","5","0","0"
"05-09 years","Johnson","6","0","0"
"10-17 years","Johnson","21","0","0"
"18-29 years","Johnson","84","0","2"
"30-39 years","Johnson","59","0","3"
"40-49 years","Johnson","65","1","6"
"50-59 years","Johnson","89","1","13"
"60-69 years","Johnson","92","7","16"
"70-79 years","Johnson","66","6","18"
"80 & Older years","Johnson","60","15","17"
"Unknown years","Johnson","1","0","0"
"01-04 years","Jones","4","0","0"
"05-09 years","Jones","14","0","0"
"10-17 years","Jones","45","0","0"
"18-29 years","Jones","241","0","5"
"30-39 years","Jones","165","0","4"
"40-49 years","Jones","150","1","7"
"50-59 years","Jones","171","1","15"
"60-69 years","Jones","113","1","14"
"70-79 years","Jones","72","7","22"
"80 & Older years","Jones","53","13","9"
"<1 years","Jones","2","0","0"
"01-04 years","Lamar","17","0","0"
"05-09 years","Lamar","29","0","0"
"10-17 years","Lamar","65","0","1"
"18-29 years","Lamar","121","0","1"
"30-39 years","Lamar","106","0","2"
"40-49 years","Lamar","103","1","3"
"50-59 years","Lamar","122","2","17"
"60-69 years","Lamar","103","3","15"
"70-79 years","Lamar","78","6","13"
"80 & Older years","Lamar","42","15","13"
"<1 years","Lamar","8","0","0"
"01-04 years","Lanier","5","0","0"
"05-09 years","Lanier","9","0","1"
"10-17 years","Lanier","26","0","1"
"18-29 years","Lanier","88","1","1"
"30-39 years","Lanier","96","0","1"
"40-49 years","Lanier","57","1","1"
"50-59 years","Lanier","55","0","4"
"60-69 years","Lanier","32","1","2"
"70-79 years","Lanier","20","4","5"
"80 & Older years","Lanier","11","0","4"
"<1 years","Lanier","3","0","0"
"01-04 years","Laurens","20","0","0"
"05-09 years","Laurens","25","0","1"
"10-17 years","Laurens","183","0","2"
"18-29 years","Laurens","469","0","6"
"30-39 years","Laurens","381","1","12"
"40-49 years","Laurens","404","3","19"
"50-59 years","Laurens","437","6","41"
"60-69 years","Laurens","360","25","62"
"70-79 years","Laurens","253","36","58"
"80 & Older years","Laurens","170","42","46"
"<1 years","Laurens","2","0","0"
"Unknown years","Laurens","2","0","0"
"01-04 years","Lee","10","0","0"
"05-09 years","Lee","15","0","2"
"10-17 years","Lee","85","0","1"
"18-29 years","Lee","181","1","9"
"30-39 years","Lee","205","1","15"
"40-49 years","Lee","200","3","20"
"50-59 years","Lee","182","6","26"
"60-69 years","Lee","124","7","18"
"70-79 years","Lee","56","9","20"
"80 & Older years","Lee","28","5","10"
"<1 years","Lee","5","0","0"
"Unknown years","Lee","3","0","0"
"01-04 years","Liberty","20","0","0"
"05-09 years","Liberty","32","0","1"
"10-17 years","Liberty","122","0","1"
"18-29 years","Liberty","459","1","11"
"30-39 years","Liberty","311","0","12"
"40-49 years","Liberty","283","0","14"
"50-59 years","Liberty","243","4","29"
"60-69 years","Liberty","188","9","33"
"70-79 years","Liberty","80","9","27"
"80 & Older years","Liberty","47","7","19"
"<1 years","Liberty","17","0","1"
"Unknown years","Liberty","3","0","0"
"01-04 years","Lincoln","5","0","0"
"05-09 years","Lincoln","8","0","0"
"10-17 years","Lincoln","17","0","0"
"18-29 years","Lincoln","66","0","2"
"30-39 years","Lincoln","39","0","1"
"40-49 years","Lincoln","60","0","5"
"50-59 years","Lincoln","41","0","3"
"60-69 years","Lincoln","45","3","11"
"70-79 years","Lincoln","35","1","9"
"80 & Older years","Lincoln","16","5","6"
"<1 years","Lincoln","2","0","0"
"01-04 years","Long","10","0","0"
"05-09 years","Long","5","0","0"
"10-17 years","Long","30","0","0"
"18-29 years","Long","79","0","0"
"30-39 years","Long","96","0","0"
"40-49 years","Long","61","0","5"
"50-59 years","Long","56","1","7"
"60-69 years","Long","50","1","4"
"70-79 years","Long","32","3","11"
"80 & Older years","Long","14","0","3"
"<1 years","Long","3","0","0"
"Unknown years","Long","2","0","0"
"01-04 years","Lowndes","106","0","0"
"05-09 years","Lowndes","142","0","0"
"10-17 years","Lowndes","497","0","5"
"18-29 years","Lowndes","1897","3","25"
"30-39 years","Lowndes","959","0","14"
"40-49 years","Lowndes","840","1","35"
"50-59 years","Lowndes","716","7","45"
"60-69 years","Lowndes","492","19","54"
"70-79 years","Lowndes","263","31","44"
"80 & Older years","Lowndes","158","38","43"
"<1 years","Lowndes","21","0","0"
"Unknown years","Lowndes","13","0","0"
"01-04 years","Lumpkin","11","0","0"
"05-09 years","Lumpkin","24","0","1"
"10-17 years","Lumpkin","95","0","2"
"18-29 years","Lumpkin","473","0","7"
"30-39 years","Lumpkin","219","0","6"
"40-49 years","Lumpkin","230","0","15"
"50-59 years","Lumpkin","265","2","24"
"60-69 years","Lumpkin","264","6","34"
"70-79 years","Lumpkin","181","5","41"
"80 & Older years","Lumpkin","84","9","43"
"<1 years","Lumpkin","7","0","1"
"Unknown years","Lumpkin","29","0","1"
"01-04 years","Macon","7","0","0"
"05-09 years","Macon","6","0","0"
"10-17 years","Macon","14","0","0"
"18-29 years","Macon","56","0","3"
"30-39 years","Macon","46","0","3"
"40-49 years","Macon","61","1","6"
"50-59 years","Macon","77","3","10"
"60-69 years","Macon","48","5","19"
"70-79 years","Macon","39","2","13"
"80 & Older years","Macon","13","4","6"
"<1 years","Macon","1","0","0"
"Unknown years","Macon","1","0","0"
"01-04 years","Madison","23","0","0"
"05-09 years","Madison","28","0","0"
"10-17 years","Madison","140","0","0"
"18-29 years","Madison","287","0","1"
"30-39 years","Madison","251","0","5"
"40-49 years","Madison","255","0","12"
"50-59 years","Madison","279","1","20"
"60-69 years","Madison","179","5","24"
"70-79 years","Madison","99","7","25"
"80 & Older years","Madison","41","3","4"
"<1 years","Madison","14","0","2"
"Unknown years","Madison","9","0","0"
"01-04 years","Marion","4","0","0"
"05-09 years","Marion","4","0","0"
"10-17 years","Marion","26","0","0"
"18-29 years","Marion","44","0","0"
"30-39 years","Marion","26","0","2"
"40-49 years","Marion","43","1","5"
"50-59 years","Marion","39","3","5"
"60-69 years","Marion","30","3","3"
"70-79 years","Marion","20","1","5"
"80 & Older years","Marion","19","2","6"
"<1 years","Marion","2","0","0"
"Unknown years","Marion","2","0","0"
"01-04 years","McDuffie","14","0","0"
"05-09 years","McDuffie","13","0","0"
"10-17 years","McDuffie","60","0","0"
"18-29 years","McDuffie","192","0","3"
"30-39 years","McDuffie","146","2","3"
"40-49 years","McDuffie","160","2","12"
"50-59 years","McDuffie","162","2","21"
"60-69 years","McDuffie","126","5","22"
"70-79 years","McDuffie","79","7","33"
"80 & Older years","McDuffie","28","5","14"
"Unknown years","McDuffie","8","0","1"
"05-09 years","McIntosh","5","0","0"
"10-17 years","McIntosh","27","0","0"
"18-29 years","McIntosh","74","0","2"
"30-39 years","McIntosh","62","0","3"
"40-49 years","McIntosh","68","0","4"
"50-59 years","McIntosh","87","0","2"
"60-69 years","McIntosh","58","2","14"
"70-79 years","McIntosh","44","3","12"
"80 & Older years","McIntosh","16","3","5"
"<1 years","McIntosh","1","0","0"
"Unknown years","McIntosh","8","0","0"
"01-04 years","Meriwether","16","0","1"
"05-09 years","Meriwether","15","0","1"
"10-17 years","Meriwether","48","0","0"
"18-29 years","Meriwether","129","0","5"
"30-39 years","Meriwether","116","2","11"
"40-49 years","Meriwether","156","1","13"
"50-59 years","Meriwether","135","1","13"
"60-69 years","Meriwether","111","3","19"
"70-79 years","Meriwether","78","6","22"
"80 & Older years","Meriwether","44","7","10"
"<1 years","Meriwether","2","0","0"
"01-04 years","Miller","5","0","0"
"05-09 years","Miller","3","0","0"
"10-17 years","Miller","44","0","1"
"18-29 years","Miller","77","0","0"
"30-39 years","Miller","73","0","0"
"40-49 years","Miller","60","0","4"
"50-59 years","Miller","85","0","10"
"60-69 years","Miller","54","2","3"
"70-79 years","Miller","20","0","2"
"80 & Older years","Miller","16","0","5"
"<1 years","Miller","3","0","0"
"01-04 years","Mitchell","12","0","0"
"05-09 years","Mitchell","19","0","0"
"10-17 years","Mitchell","61","0","1"
"18-29 years","Mitchell","177","0","7"
"30-39 years","Mitchell","160","1","13"
"40-49 years","Mitchell","164","2","17"
"50-59 years","Mitchell","196","7","45"
"60-69 years","Mitchell","161","12","41"
"70-79 years","Mitchell","100","8","31"
"80 & Older years","Mitchell","82","19","24"
"<1 years","Mitchell","3","0","0"
"Unknown years","Mitchell","3","0","1"
"01-04 years","Monroe","5","0","0"
"05-09 years","Monroe","13","0","1"
"10-17 years","Monroe","61","0","0"
"18-29 years","Monroe","204","0","3"
"30-39 years","Monroe","153","0","5"
"40-49 years","Monroe","188","1","13"
"50-59 years","Monroe","217","3","15"
"60-69 years","Monroe","209","9","34"
"70-79 years","Monroe","116","16","28"
"80 & Older years","Monroe","98","32","22"
"<1 years","Monroe","3","0","1"
"Unknown years","Monroe","4","0","0"
"01-04 years","Montgomery","9","0","0"
"05-09 years","Montgomery","5","0","0"
"10-17 years","Montgomery","34","0","1"
"18-29 years","Montgomery","115","0","0"
"30-39 years","Montgomery","75","1","3"
"40-49 years","Montgomery","95","0","2"
"50-59 years","Montgomery","75","1","5"
"60-69 years","Montgomery","70","3","10"
"70-79 years","Montgomery","35","2","5"
"80 & Older years","Montgomery","16","2","3"
"<1 years","Montgomery","1","0","0"
"Unknown years","Montgomery","1","0","0"
"01-04 years","Morgan","14","0","0"
"05-09 years","Morgan","13","0","0"
"10-17 years","Morgan","59","0","0"
"18-29 years","Morgan","163","0","3"
"30-39 years","Morgan","109","0","5"
"40-49 years","Morgan","118","0","3"
"50-59 years","Morgan","128","0","9"
"60-69 years","Morgan","97","1","7"
"70-79 years","Morgan","43","2","10"
"80 & Older years","Morgan","37","5","13"
"<1 years","Morgan","8","0","0"
"Unknown years","Morgan","2","0","0"
"01-04 years","Murray","36","0","2"
"05-09 years","Murray","56","0","2"
"10-17 years","Murray","240","0","1"
"18-29 years","Murray","554","0","5"
"30-39 years","Murray","367","1","4"
"40-49 years","Murray","462","0","18"
"50-59 years","Murray","403","5","29"
"60-69 years","Murray","273","4","39"
"70-79 years","Murray","163","15","33"
"80 & Older years","Murray","81","15","18"
"<1 years","Murray","15","0","2"
"Unknown years","Murray","4","0","0"
"01-04 years","Muscogee","147","0","5"
"05-09 years","Muscogee","199","0","0"
"10-17 years","Muscogee","524","0","3"
"18-29 years","Muscogee","2206","3","48"
"30-39 years","Muscogee","1432","2","67"
"40-49 years","Muscogee","1239","4","74"
"50-59 years","Muscogee","1245","27","160"
"60-69 years","Muscogee","973","47","192"
"70-79 years","Muscogee","512","56","136"
"80 & Older years","Muscogee","296","63","115"
"<1 years","Muscogee","51","0","2"
"Unknown years","Muscogee","36","0","0"
"01-04 years","Newton","53","0","2"
"05-09 years","Newton","68","0","0"
"10-17 years","Newton","272","0","4"
"18-29 years","Newton","890","1","23"
"30-39 years","Newton","742","0","40"
"40-49 years","Newton","850","2","71"
"50-59 years","Newton","792","8","87"
"60-69 years","Newton","455","19","74"
"70-79 years","Newton","306","32","57"
"80 & Older years","Newton","211","58","54"
"<1 years","Newton","17","0","1"
"Unknown years","Newton","11","0","0"
"01-04 years","Non-GA Resident/Unknown State","224","0","2"
"05-09 years","Non-GA Resident/Unknown State","382","0","4"
"10-17 years","Non-GA Resident/Unknown State","1298","0","7"
"18-29 years","Non-GA Resident/Unknown State","5249","4","55"
"30-39 years","Non-GA Resident/Unknown State","3640","3","67"
"40-49 years","Non-GA Resident/Unknown State","3179","8","77"
"50-59 years","Non-GA Resident/Unknown State","2955","24","150"
"60-69 years","Non-GA Resident/Unknown State","2010","64","190"
"70-79 years","Non-GA Resident/Unknown State","1245","70","200"
"80 & Older years","Non-GA Resident/Unknown State","732","82","143"
"<1 years","Non-GA Resident/Unknown State","124","0","2"
"Unknown years","Non-GA Resident/Unknown State","762","0","3"
"01-04 years","Oconee","12","0","0"
"05-09 years","Oconee","31","0","0"
"10-17 years","Oconee","157","0","0"
"18-29 years","Oconee","370","0","3"
"30-39 years","Oconee","203","0","3"
"40-49 years","Oconee","313","0","10"
"50-59 years","Oconee","261","3","7"
"60-69 years","Oconee","171","9","21"
"70-79 years","Oconee","110","11","21"
"80 & Older years","Oconee","80","17","29"
"<1 years","Oconee","6","0","0"
"Unknown years","Oconee","2","0","0"
"01-04 years","Oglethorpe","12","0","0"
"05-09 years","Oglethorpe","20","0","0"
"10-17 years","Oglethorpe","69","0","0"
"18-29 years","Oglethorpe","125","0","1"
"30-39 years","Oglethorpe","90","0","0"
"40-49 years","Oglethorpe","112","0","5"
"50-59 years","Oglethorpe","97","1","13"
"60-69 years","Oglethorpe","90","0","11"
"70-79 years","Oglethorpe","61","3","10"
"80 & Older years","Oglethorpe","45","9","12"
"<1 years","Oglethorpe","5","0","0"
"Unknown years","Oglethorpe","6","0","0"
"01-04 years","Paulding","76","0","1"
"05-09 years","Paulding","150","0","0"
"10-17 years","Paulding","562","0","6"
"18-29 years","Paulding","1170","0","13"
"30-39 years","Paulding","933","1","19"
"40-49 years","Paulding","1064","3","20"
"50-59 years","Paulding","991","11","38"
"60-69 years","Paulding","517","18","40"
"70-79 years","Paulding","302","27","46"
"80 & Older years","Paulding","200","44","31"
"<1 years","Paulding","19","0","0"
"Unknown years","Paulding","29","0","0"
"01-04 years","Peach","10","0","1"
"05-09 years","Peach","14","0","0"
"10-17 years","Peach","41","0","1"
"18-29 years","Peach","273","1","7"
"30-39 years","Peach","206","0","13"
"40-49 years","Peach","169","2","13"
"50-59 years","Peach","206","4","31"
"60-69 years","Peach","173","7","34"
"70-79 years","Peach","74","7","22"
"80 & Older years","Peach","40","11","17"
"<1 years","Peach","4","0","0"
"Unknown years","Peach","2","0","0"
"01-04 years","Pickens","16","0","1"
"05-09 years","Pickens","23","0","0"
"10-17 years","Pickens","93","0","0"
"18-29 years","Pickens","238","0","5"
"30-39 years","Pickens","201","0","7"
"40-49 years","Pickens","256","0","10"
"50-59 years","Pickens","271","0","15"
"60-69 years","Pickens","211","0","22"
"70-79 years","Pickens","148","7","28"
"80 & Older years","Pickens","60","9","17"
"<1 years","Pickens","2","0","0"
"Unknown years","Pickens","5","0","0"
"01-04 years","Pierce","8","0","0"
"05-09 years","Pierce","18","0","0"
"10-17 years","Pierce","62","1","1"
"18-29 years","Pierce","169","0","4"
"30-39 years","Pierce","113","0","3"
"40-49 years","Pierce","146","0","12"
"50-59 years","Pierce","133","3","16"
"60-69 years","Pierce","108","8","28"
"70-79 years","Pierce","79","7","24"
"80 & Older years","Pierce","43","8","11"
"<1 years","Pierce","5","0","1"
"Unknown years","Pierce","1","0","0"
"01-04 years","Pike","16","0","0"
"05-09 years","Pike","13","0","0"
"10-17 years","Pike","63","0","0"
"18-29 years","Pike","92","0","4"
"30-39 years","Pike","89","0","2"
"40-49 years","Pike","116","1","6"
"50-59 years","Pike","93","2","6"
"60-69 years","Pike","72","1","14"
"70-79 years","Pike","57","6","13"
"80 & Older years","Pike","16","4","4"
"<1 years","Pike","1","0","0"
"Unknown years","Pike","2","0","0"
"01-04 years","Polk","33","0","1"
"05-09 years","Polk","47","0","0"
"10-17 years","Polk","214","0","1"
"18-29 years","Polk","549","0","7"
"30-39 years","Polk","383","0","7"
"40-49 years","Polk","399","1","26"
"50-59 years","Polk","387","6","46"
"60-69 years","Polk","227","9","47"
"70-79 years","Polk","200","16","54"
"80 & Older years","Polk","96","12","32"
"<1 years","Polk","10","0","0"
"Unknown years","Polk","25","0","0"
"05-09 years","Pulaski","6","0","0"
"10-17 years","Pulaski","28","0","1"
"18-29 years","Pulaski","52","0","1"
"30-39 years","Pulaski","63","0","2"
"40-49 years","Pulaski","66","0","6"
"50-59 years","Pulaski","74","0","6"
"60-69 years","Pulaski","69","5","8"
"70-79 years","Pulaski","42","11","14"
"80 & Older years","Pulaski","33","9","4"
"<1 years","Pulaski","1","0","0"
"01-04 years","Putnam","14","0","0"
"05-09 years","Putnam","35","0","0"
"10-17 years","Putnam","72","0","1"
"18-29 years","Putnam","198","0","2"
"30-39 years","Putnam","144","0","5"
"40-49 years","Putnam","161","1","5"
"50-59 years","Putnam","187","2","11"
"60-69 years","Putnam","171","8","21"
"70-79 years","Putnam","130","10","28"
"80 & Older years","Putnam","61","10","20"
"<1 years","Putnam","6","0","1"
"01-04 years","Quitman","1","0","0"
"05-09 years","Quitman","1","0","0"
"10-17 years","Quitman","2","0","0"
"18-29 years","Quitman","8","0","0"
"30-39 years","Quitman","4","0","1"
"40-49 years","Quitman","3","0","1"
"50-59 years","Quitman","9","0","0"
"60-69 years","Quitman","18","1","3"
"70-79 years","Quitman","2","0","1"
"80 & Older years","Quitman","2","0","1"
"01-04 years","Rabun","9","0","0"
"05-09 years","Rabun","12","0","0"
"10-17 years","Rabun","66","0","0"
"18-29 years","Rabun","152","0","5"
"30-39 years","Rabun","135","1","7"
"40-49 years","Rabun","129","0","6"
"50-59 years","Rabun","157","0","19"
"60-69 years","Rabun","155","3","26"
"70-79 years","Rabun","116","7","24"
"80 & Older years","Rabun","53","6","21"
"<1 years","Rabun","5","0","1"
"Unknown years","Rabun","40","0","1"
"05-09 years","Randolph","2","0","0"
"10-17 years","Randolph","4","0","0"
"18-29 years","Randolph","45","0","0"
"30-39 years","Randolph","54","2","3"
"40-49 years","Randolph","40","0","4"
"50-59 years","Randolph","77","3","16"
"60-69 years","Randolph","55","7","14"
"70-79 years","Randolph","32","3","10"
"80 & Older years","Randolph","47","15","16"
"<1 years","Randolph","1","0","0"
"Unknown years","Randolph","2","0","0"
"01-04 years","Richmond","161","0","0"
"05-09 years","Richmond","308","0","3"
"10-17 years","Richmond","846","0","7"
"18-29 years","Richmond","2956","4","44"
"30-39 years","Richmond","2207","3","55"
"40-49 years","Richmond","1810","16","84"
"50-59 years","Richmond","1801","19","141"
"60-69 years","Richmond","1274","36","159"
"70-79 years","Richmond","706","49","188"
"80 & Older years","Richmond","462","92","200"
"<1 years","Richmond","57","0","2"
"Unknown years","Richmond","20","0","0"
"01-04 years","Rockdale","36","0","0"
"05-09 years","Rockdale","73","0","0"
"10-17 years","Rockdale","209","0","7"
"18-29 years","Rockdale","712","2","43"
"30-39 years","Rockdale","586","3","61"
"40-49 years","Rockdale","661","5","73"
"50-59 years","Rockdale","631","5","94"
"60-69 years","Rockdale","389","15","90"
"70-79 years","Rockdale","211","20","82"
"80 & Older years","Rockdale","100","20","40"
"<1 years","Rockdale","4","0","0"
"Unknown years","Rockdale","3","0","0"
"01-04 years","Schley","4","0","0"
"05-09 years","Schley","3","0","0"
"10-17 years","Schley","12","0","0"
"18-29 years","Schley","37","0","2"
"30-39 years","Schley","14","0","0"
"40-49 years","Schley","24","0","2"
"50-59 years","Schley","25","0","3"
"60-69 years","Schley","24","1","8"
"70-79 years","Schley","8","0","2"
"80 & Older years","Schley","3","1","1"
"<1 years","Schley","1","0","0"
"01-04 years","Screven","4","0","0"
"05-09 years","Screven","9","0","0"
"10-17 years","Screven","41","0","0"
"18-29 years","Screven","93","0","3"
"30-39 years","Screven","72","0","2"
"40-49 years","Screven","69","1","4"
"50-59 years","Screven","70","0","10"
"60-69 years","Screven","86","1","13"
"70-79 years","Screven","45","3","11"
"80 & Older years","Screven","31","6","8"
"<1 years","Screven","2","0","0"
"Unknown years","Screven","2","0","0"
"01-04 years","Seminole","12","0","0"
"05-09 years","Seminole","10","0","0"
"10-17 years","Seminole","53","0","0"
"18-29 years","Seminole","78","0","0"
"30-39 years","Seminole","66","0","0"
"40-49 years","Seminole","78","0","5"
"50-59 years","Seminole","92","1","6"
"60-69 years","Seminole","96","1","15"
"70-79 years","Seminole","54","5","11"
"80 & Older years","Seminole","23","5","10"
"<1 years","Seminole","2","0","0"
"01-04 years","Spalding","36","0","0"
"05-09 years","Spalding","36","0","1"
"10-17 years","Spalding","126","0","2"
"18-29 years","Spalding","433","1","20"
"30-39 years","Spalding","384","2","27"
"40-49 years","Spalding","396","2","30"
"50-59 years","Spalding","422","7","54"
"60-69 years","Spalding","331","17","60"
"70-79 years","Spalding","230","24","50"
"80 & Older years","Spalding","171","33","50"
"<1 years","Spalding","4","0","0"
"Unknown years","Spalding","2","0","0"
"01-04 years","Stephens","11","0","0"
"05-09 years","Stephens","36","0","0"
"10-17 years","Stephens","121","0","1"
"18-29 years","Stephens","388","0","10"
"30-39 years","Stephens","239","0","7"
"40-49 years","Stephens","305","1","20"
"50-59 years","Stephens","335","3","28"
"60-69 years","Stephens","337","13","50"
"70-79 years","Stephens","228","14","43"
"80 & Older years","Stephens","135","17","28"
"<1 years","Stephens","4","0","0"
"Unknown years","Stephens","31","0","0"
"01-04 years","Stewart","2","0","0"
"05-09 years","Stewart","2","0","0"
"10-17 years","Stewart","9","0","0"
"18-29 years","Stewart","127","0","20"
"30-39 years","Stewart","171","1","25"
"40-49 years","Stewart","121","1","22"
"50-59 years","Stewart","66","1","11"
"60-69 years","Stewart","59","8","23"
"70-79 years","Stewart","21","2","3"
"80 & Older years","Stewart","18","4","6"
"<1 years","Stewart","1","0","0"
"Unknown years","Stewart","14","0","4"
"01-04 years","Sumter","13","0","0"
"05-09 years","Sumter","20","0","0"
"10-17 years","Sumter","44","0","2"
"18-29 years","Sumter","228","1","8"
"30-39 years","Sumter","198","1","20"
"40-49 years","Sumter","178","3","18"
"50-59 years","Sumter","212","2","37"
"60-69 years","Sumter","194","20","59"
"70-79 years","Sumter","134","21","42"
"80 & Older years","Sumter","85","23","41"
"<1 years","Sumter","5","0","0"
"Unknown years","Sumter","2","0","0"
"01-04 years","Talbot","5","0","0"
"05-09 years","Talbot","1","0","0"
"10-17 years","Talbot","22","0","0"
"18-29 years","Talbot","31","0","1"
"30-39 years","Talbot","22","0","1"
"40-49 years","Talbot","46","1","4"
"50-59 years","Talbot","40","2","5"
"60-69 years","Talbot","39","2","9"
"70-79 years","Talbot","21","2","3"
"80 & Older years","Talbot","15","2","8"
"Unknown years","Talbot","1","0","0"
"05-09 years","Taliaferro","1","0","0"
"10-17 years","Taliaferro","5","0","0"
"18-29 years","Taliaferro","5","0","0"
"30-39 years","Taliaferro","6","0","0"
"40-49 years","Taliaferro","13","0","1"
"50-59 years","Taliaferro","7","0","0"
"60-69 years","Taliaferro","6","0","0"
"70-79 years","Taliaferro","5","0","0"
"80 & Older years","Taliaferro","1","0","1"
"01-04 years","Tattnall","22","0","0"
"05-09 years","Tattnall","28","0","0"
"10-17 years","Tattnall","109","0","0"
"18-29 years","Tattnall","242","0","1"
"30-39 years","Tattnall","190","0","3"
"40-49 years","Tattnall","195","0","6"
"50-59 years","Tattnall","201","3","18"
"60-69 years","Tattnall","169","6","24"
"70-79 years","Tattnall","73","9","30"
"80 & Older years","Tattnall","28","4","8"
"<1 years","Tattnall","4","0","0"
"Unknown years","Tattnall","13","0","1"
"01-04 years","Taylor","10","0","0"
"05-09 years","Taylor","8","0","0"
"10-17 years","Taylor","40","0","1"
"18-29 years","Taylor","60","0","1"
"30-39 years","Taylor","27","0","3"
"40-49 years","Taylor","63","1","6"
"50-59 years","Taylor","49","0","10"
"60-69 years","Taylor","38","5","12"
"70-79 years","Taylor","28","2","8"
"80 & Older years","Taylor","20","5","7"
"<1 years","Taylor","4","0","0"
"Unknown years","Taylor","1","0","0"
"01-04 years","Telfair","7","0","0"
"05-09 years","Telfair","8","0","0"
"10-17 years","Telfair","13","0","0"
"18-29 years","Telfair","116","0","3"
"30-39 years","Telfair","80","1","1"
"40-49 years","Telfair","83","0","5"
"50-59 years","Telfair","78","4","9"
"60-69 years","Telfair","88","6","15"
"70-79 years","Telfair","62","9","16"
"80 & Older years","Telfair","36","13","8"
"<1 years","Telfair","4","0","0"
"Unknown years","Telfair","1","0","0"
"01-04 years","Terrell","4","0","0"
"05-09 years","Terrell","4","0","0"
"10-17 years","Terrell","32","0","0"
"18-29 years","Terrell","54","0","1"
"30-39 years","Terrell","66","0","8"
"40-49 years","Terrell","50","0","7"
"50-59 years","Terrell","73","3","11"
"60-69 years","Terrell","79","10","28"
"70-79 years","Terrell","50","12","22"
"80 & Older years","Terrell","34","9","11"
"01-04 years","Thomas","33","0","0"
"05-09 years","Thomas","51","0","0"
"10-17 years","Thomas","167","0","1"
"18-29 years","Thomas","403","1","13"
"30-39 years","Thomas","347","0","13"
"40-49 years","Thomas","353","4","22"
"50-59 years","Thomas","363","4","28"
"60-69 years","Thomas","293","10","60"
"70-79 years","Thomas","196","26","47"
"80 & Older years","Thomas","110","35","36"
"<1 years","Thomas","10","0","1"
"Unknown years","Thomas","5","0","0"
"01-04 years","Tift","24","0","1"
"05-09 years","Tift","53","0","3"
"10-17 years","Tift","203","0","5"
"18-29 years","Tift","685","0","14"
"30-39 years","Tift","465","1","24"
"40-49 years","Tift","459","6","47"
"50-59 years","Tift","393","9","58"
"60-69 years","Tift","281","13","59"
"70-79 years","Tift","201","22","69"
"80 & Older years","Tift","105","20","46"
"<1 years","Tift","10","0","0"
"Unknown years","Tift","2","0","0"
"01-04 years","Toombs","22","0","0"
"05-09 years","Toombs","43","0","0"
"10-17 years","Toombs","157","0","1"
"18-29 years","Toombs","402","0","5"
"30-39 years","Toombs","319","0","3"
"40-49 years","Toombs","311","1","19"
"50-59 years","Toombs","291","6","18"
"60-69 years","Toombs","257","4","35"
"70-79 years","Toombs","183","23","34"
"80 & Older years","Toombs","114","27","24"
"<1 years","Toombs","3","0","0"
"Unknown years","Toombs","3","0","0"
"01-04 years","Towns","2","0","0"
"05-09 years","Towns","6","0","0"
"10-17 years","Towns","30","0","0"
"18-29 years","Towns","96","0","4"
"30-39 years","Towns","60","0","2"
"40-49 years","Towns","76","1","5"
"50-59 years","Towns","108","2","9"
"60-69 years","Towns","145","1","14"
"70-79 years","Towns","117","6","25"
"80 & Older years","Towns","75","16","31"
"Unknown years","Towns","11","0","0"
"01-04 years","Treutlen","3","0","0"
"05-09 years","Treutlen","9","0","0"
"10-17 years","Treutlen","34","0","0"
"18-29 years","Treutlen","63","0","2"
"30-39 years","Treutlen","60","0","4"
"40-49 years","Treutlen","72","0","5"
"50-59 years","Treutlen","63","1","5"
"60-69 years","Treutlen","43","3","9"
"70-79 years","Treutlen","34","7","6"
"80 & Older years","Treutlen","21","3","6"
"01-04 years","Troup","98","0","0"
"05-09 years","Troup","119","0","0"
"10-17 years","Troup","333","0","2"
"18-29 years","Troup","852","1","26"
"30-39 years","Troup","633","5","37"
"40-49 years","Troup","555","2","44"
"50-59 years","Troup","572","12","87"
"60-69 years","Troup","419","17","78"
"70-79 years","Troup","210","31","71"
"80 & Older years","Troup","183","54","53"
"<1 years","Troup","29","0","1"
"Unknown years","Troup","7","0","0"
"01-04 years","Turner","1","0","0"
"05-09 years","Turner","5","0","0"
"10-17 years","Turner","16","0","0"
"18-29 years","Turner","61","0","1"
"30-39 years","Turner","86","0","9"
"40-49 years","Turner","78","0","4"
"50-59 years","Turner","81","2","9"
"60-69 years","Turner","63","6","19"
"70-79 years","Turner","40","5","10"
"80 & Older years","Turner","28","11","9"
"<1 years","Turner","1","0","1"
"01-04 years","Twiggs","6","0","0"
"05-09 years","Twiggs","4","0","1"
"10-17 years","Twiggs","17","0","0"
"18-29 years","Twiggs","47","0","1"
"30-39 years","Twiggs","48","1","4"
"40-49 years","Twiggs","46","1","6"
"50-59 years","Twiggs","65","2","10"
"60-69 years","Twiggs","71","3","22"
"70-79 years","Twiggs","37","4","17"
"80 & Older years","Twiggs","17","4","9"
"01-04 years","Union","5","0","0"
"05-09 years","Union","12","0","0"
"10-17 years","Union","47","0","1"
"18-29 years","Union","169","1","1"
"30-39 years","Union","138","0","2"
"40-49 years","Union","163","0","11"
"50-59 years","Union","205","4","11"
"60-69 years","Union","251","4","33"
"70-79 years","Union","221","13","41"
"80 & Older years","Union","156","19","42"
"<1 years","Union","1","0","0"
"Unknown years","Union","16","0","0"
"01-04 years","Unknown","32","0","0"
"05-09 years","Unknown","60","0","0"
"10-17 years","Unknown","212","0","0"
"18-29 years","Unknown","813","1","5"
"30-39 years","Unknown","449","1","3"
"40-49 years","Unknown","418","1","2"
"50-59 years","Unknown","355","2","11"
"60-69 years","Unknown","212","0","5"
"70-79 years","Unknown","141","1","13"
"80 & Older years","Unknown","69","0","7"
"<1 years","Unknown","25","0","0"
"Unknown years","Unknown","155","0","3"
"01-04 years","Upson","22","0","0"
"05-09 years","Upson","34","0","0"
"10-17 years","Upson","76","0","1"
"18-29 years","Upson","201","0","5"
"30-39 years","Upson","127","1","5"
"40-49 years","Upson","158","1","9"
"50-59 years","Upson","194","4","16"
"60-69 years","Upson","167","15","25"
"70-79 years","Upson","112","25","31"
"80 & Older years","Upson","82","26","25"
"<1 years","Upson","8","0","0"
"Unknown years","Upson","7","0","0"
"01-04 years","Walker","41","0","0"
"05-09 years","Walker","68","0","0"
"10-17 years","Walker","315","0","3"
"18-29 years","Walker","678","0","7"
"30-39 years","Walker","510","0","9"
"40-49 years","Walker","603","3","21"
"50-59 years","Walker","542","2","26"
"60-69 years","Walker","469","10","45"
"70-79 years","Walker","307","21","34"
"80 & Older years","Walker","157","19","20"
"<1 years","Walker","21","0","0"
"Unknown years","Walker","85","0","6"
"01-04 years","Walton","38","0","0"
"05-09 years","Walton","87","0","1"
"10-17 years","Walton","359","0","3"
"18-29 years","Walton","813","0","22"
"30-39 years","Walton","675","0","17"
"40-49 years","Walton","744","2","41"
"50-59 years","Walton","753","5","52"
"60-69 years","Walton","500","13","56"
"70-79 years","Walton","362","24","72"
"80 & Older years","Walton","255","43","59"
"<1 years","Walton","9","0","1"
"Unknown years","Walton","7","0","0"
"01-04 years","Ware","45","0","1"
"05-09 years","Ware","45","0","0"
"10-17 years","Ware","175","0","3"
"18-29 years","Ware","420","1","5"
"30-39 years","Ware","356","1","16"
"40-49 years","Ware","274","2","22"
"50-59 years","Ware","303","7","43"
"60-69 years","Ware","221","8","43"
"70-79 years","Ware","187","27","69"
"80 & Older years","Ware","132","29","41"
"<1 years","Ware","12","0","1"
"Unknown years","Ware","6","0","1"
"01-04 years","Warren","4","0","0"
"05-09 years","Warren","2","0","0"
"10-17 years","Warren","10","0","0"
"18-29 years","Warren","36","0","2"
"30-39 years","Warren","32","0","2"
"40-49 years","Warren","32","1","4"
"50-59 years","Warren","45","1","6"
"60-69 years","Warren","27","2","7"
"70-79 years","Warren","20","2","8"
"80 & Older years","Warren","10","1","2"
"<1 years","Warren","2","0","1"
"Unknown years","Warren","2","0","0"
"01-04 years","Washington","14","0","0"
"05-09 years","Washington","13","0","0"
"10-17 years","Washington","81","0","1"
"18-29 years","Washington","193","0","6"
"30-39 years","Washington","173","0","8"
"40-49 years","Washington","201","2","11"
"50-59 years","Washington","169","1","12"
"60-69 years","Washington","158","8","20"
"70-79 years","Washington","100","5","16"
"80 & Older years","Washington","58","11","9"
"<1 years","Washington","7","0","0"
"Unknown years","Washington","4","0","0"
"01-04 years","Wayne","24","0","0"
"05-09 years","Wayne","13","0","0"
"10-17 years","Wayne","90","0","0"
"18-29 years","Wayne","293","1","7"
"30-39 years","Wayne","294","0","5"
"40-49 years","Wayne","338","1","25"
"50-59 years","Wayne","276","4","25"
"60-69 years","Wayne","210","10","42"
"70-79 years","Wayne","178","16","48"
"80 & Older years","Wayne","79","13","16"
"<1 years","Wayne","2","0","0"
"Unknown years","Wayne","3","0","0"
"10-17 years","Webster","2","0","0"
"18-29 years","Webster","11","0","1"
"30-39 years","Webster","3","0","0"
"40-49 years","Webster","10","0","2"
"50-59 years","Webster","15","2","4"
"60-69 years","Webster","15","0","3"
"70-79 years","Webster","5","0","0"
"80 & Older years","Webster","1","0","0"
"Unknown years","Webster","2","0","0"
"01-04 years","Wheeler","1","0","0"
"05-09 years","Wheeler","4","0","0"
"10-17 years","Wheeler","15","0","0"
"18-29 years","Wheeler","37","0","0"
"30-39 years","Wheeler","65","2","2"
"40-49 years","Wheeler","69","1","3"
"50-59 years","Wheeler","81","5","7"
"60-69 years","Wheeler","50","3","5"
"70-79 years","Wheeler","35","4","10"
"80 & Older years","Wheeler","8","3","1"
"<1 years","Wheeler","1","0","0"
"Unknown years","Wheeler","24","0","1"
"01-04 years","White","10","0","0"
"05-09 years","White","35","0","0"
"10-17 years","White","154","0","2"
"18-29 years","White","316","1","6"
"30-39 years","White","227","1","6"
"40-49 years","White","284","1","13"
"50-59 years","White","323","2","32"
"60-69 years","White","282","4","42"
"70-79 years","White","224","8","47"
"80 & Older years","White","124","17","47"
"<1 years","White","5","0","0"
"Unknown years","White","36","0","1"
"01-04 years","Whitfield","145","0","2"
"05-09 years","Whitfield","266","0","3"
"10-17 years","Whitfield","970","0","4"
"18-29 years","Whitfield","2614","0","36"
"30-39 years","Whitfield","1716","3","47"
"40-49 years","Whitfield","1776","3","63"
"50-59 years","Whitfield","1535","14","84"
"60-69 years","Whitfield","929","22","107"
"70-79 years","Whitfield","508","30","86"
"80 & Older years","Whitfield","297","49","85"
"<1 years","Whitfield","55","0","5"
"Unknown years","Whitfield","20","0","2"
"01-04 years","Wilcox","10","0","0"
"05-09 years","Wilcox","9","0","0"
"10-17 years","Wilcox","19","0","0"
"18-29 years","Wilcox","32","0","0"
"30-39 years","Wilcox","35","0","1"
"40-49 years","Wilcox","62","0","12"
"50-59 years","Wilcox","65","1","12"
"60-69 years","Wilcox","74","8","23"
"70-79 years","Wilcox","44","9","9"
"80 & Older years","Wilcox","22","7","6"
"<1 years","Wilcox","5","0","0"
"01-04 years","Wilkes","7","0","0"
"05-09 years","Wilkes","12","0","0"
"10-17 years","Wilkes","43","0","0"
"18-29 years","Wilkes","80","0","0"
"30-39 years","Wilkes","55","0","4"
"40-49 years","Wilkes","79","0","10"
"50-59 years","Wilkes","71","1","3"
"60-69 years","Wilkes","45","0","10"
"70-79 years","Wilkes","44","3","15"
"80 & Older years","Wilkes","18","4","10"
"<1 years","Wilkes","1","0","0"
"01-04 years","Wilkinson","5","0","0"
"05-09 years","Wilkinson","10","0","0"
"10-17 years","Wilkinson","18","0","0"
"18-29 years","Wilkinson","80","0","3"
"30-39 years","Wilkinson","60","0","5"
"40-49 years","Wilkinson","64","0","5"
"50-59 years","Wilkinson","117","3","21"
"60-69 years","Wilkinson","103","5","28"
"70-79 years","Wilkinson","44","6","18"
"80 & Older years","Wilkinson","29","4","13"
"01-04 years","Worth","9","0","0"
"05-09 years","Worth","9","0","0"
"10-17 years","Worth","55","0","3"
"18-29 years","Worth","133","0","7"
"30-39 years","Worth","109","0","8"
"40-49 years","Worth","118","1","12"
"50-59 years","Worth","144","4","21"
"60-69 years","Worth","146","14","41"
"70-79 years","Worth","91","9","20"
"80 & Older years","Worth","56","9","14"
"<1 years","Worth","4","0","0"
"Unknown years","Worth","1","0","0"
