"age group","county name","cases","deaths","confirmed_case_hospitalization"
"01-04 years","Georgia","24949","3","383"
"05-09 years","Georgia","47514","5","351"
"10-17 years","Georgia","130945","15","1306"
"18-29 years","Georgia","296374","227","6538"
"30-39 years","Georgia","226598","594","8430"
"40-49 years","Georgia","207330","1339","11530"
"50-59 years","Georgia","186427","3123","16645"
"60-69 years","Georgia","123901","5560","18631"
"70-79 years","Georgia","69849","7116","16793"
"80 & Older years","Georgia","38015","8294","12254"
"<1 years","Georgia","7787","1","466"
"Unknown years","Georgia","2841","0","170"
"01-04 years","Appling","56","0","0"
"05-09 years","Appling","92","0","0"
"10-17 years","Appling","339","0","3"
"18-29 years","Appling","501","1","8"
"30-39 years","Appling","373","3","10"
"40-49 years","Appling","376","9","27"
"50-59 years","Appling","402","11","44"
"60-69 years","Appling","334","21","67"
"70-79 years","Appling","222","25","46"
"80 & Older years","Appling","114","28","41"
"<1 years","Appling","9","0","0"
"01-04 years","Atkinson","21","0","1"
"05-09 years","Atkinson","46","0","1"
"10-17 years","Atkinson","118","0","1"
"18-29 years","Atkinson","248","0","15"
"30-39 years","Atkinson","186","0","15"
"40-49 years","Atkinson","188","4","34"
"50-59 years","Atkinson","184","5","37"
"60-69 years","Atkinson","122","7","40"
"70-79 years","Atkinson","62","8","25"
"80 & Older years","Atkinson","21","8","14"
"<1 years","Atkinson","4","0","0"
"01-04 years","Bacon","40","0","0"
"05-09 years","Bacon","56","0","0"
"10-17 years","Bacon","171","0","1"
"18-29 years","Bacon","520","0","9"
"30-39 years","Bacon","286","1","10"
"40-49 years","Bacon","293","5","22"
"50-59 years","Bacon","224","3","22"
"60-69 years","Bacon","206","17","47"
"70-79 years","Bacon","126","13","36"
"80 & Older years","Bacon","57","13","20"
"<1 years","Bacon","13","0","0"
"Unknown years","Bacon","1","0","0"
"01-04 years","Baker","10","0","0"
"05-09 years","Baker","13","0","0"
"10-17 years","Baker","15","0","0"
"18-29 years","Baker","44","0","0"
"30-39 years","Baker","28","0","4"
"40-49 years","Baker","27","3","3"
"50-59 years","Baker","34","0","4"
"60-69 years","Baker","39","3","16"
"70-79 years","Baker","20","3","11"
"80 & Older years","Baker","15","4","6"
"<1 years","Baker","2","0","0"
"01-04 years","Baldwin","68","0","1"
"05-09 years","Baldwin","145","0","0"
"10-17 years","Baldwin","409","1","5"
"18-29 years","Baldwin","1615","0","20"
"30-39 years","Baldwin","704","2","20"
"40-49 years","Baldwin","693","5","43"
"50-59 years","Baldwin","672","22","77"
"60-69 years","Baldwin","520","39","90"
"70-79 years","Baldwin","316","43","69"
"80 & Older years","Baldwin","197","61","74"
"<1 years","Baldwin","29","0","1"
"Unknown years","Baldwin","1","0","0"
"01-04 years","Banks","28","0","1"
"05-09 years","Banks","61","0","1"
"10-17 years","Banks","200","0","5"
"18-29 years","Banks","478","0","18"
"30-39 years","Banks","363","0","18"
"40-49 years","Banks","374","5","29"
"50-59 years","Banks","381","6","40"
"60-69 years","Banks","309","15","68"
"70-79 years","Banks","221","23","76"
"80 & Older years","Banks","102","15","35"
"<1 years","Banks","16","0","2"
"Unknown years","Banks","14","0","1"
"01-04 years","Barrow","214","0","0"
"05-09 years","Barrow","450","0","2"
"10-17 years","Barrow","1407","1","13"
"18-29 years","Barrow","2713","1","57"
"30-39 years","Barrow","2405","3","83"
"40-49 years","Barrow","2351","12","119"
"50-59 years","Barrow","1954","19","170"
"60-69 years","Barrow","1286","48","194"
"70-79 years","Barrow","716","53","137"
"80 & Older years","Barrow","318","61","115"
"<1 years","Barrow","75","0","6"
"Unknown years","Barrow","11","0","2"
"01-04 years","Bartow","272","0","7"
"05-09 years","Bartow","450","0","4"
"10-17 years","Bartow","1555","0","16"
"18-29 years","Bartow","3111","0","37"
"30-39 years","Bartow","2548","6","63"
"40-49 years","Bartow","2546","8","118"
"50-59 years","Bartow","2543","34","212"
"60-69 years","Bartow","1628","75","214"
"70-79 years","Bartow","1081","106","242"
"80 & Older years","Bartow","505","94","148"
"<1 years","Bartow","97","0","6"
"Unknown years","Bartow","30","0","4"
"01-04 years","Ben Hill","39","0","1"
"05-09 years","Ben Hill","31","0","0"
"10-17 years","Ben Hill","149","0","0"
"18-29 years","Ben Hill","365","0","5"
"30-39 years","Ben Hill","270","3","12"
"40-49 years","Ben Hill","261","2","14"
"50-59 years","Ben Hill","278","8","34"
"60-69 years","Ben Hill","240","17","36"
"70-79 years","Ben Hill","161","22","56"
"80 & Older years","Ben Hill","77","20","21"
"<1 years","Ben Hill","11","0","2"
"01-04 years","Berrien","40","0","0"
"05-09 years","Berrien","43","0","0"
"10-17 years","Berrien","148","0","1"
"18-29 years","Berrien","294","0","0"
"30-39 years","Berrien","254","0","4"
"40-49 years","Berrien","200","1","7"
"50-59 years","Berrien","221","6","22"
"60-69 years","Berrien","175","11","26"
"70-79 years","Berrien","121","18","22"
"80 & Older years","Berrien","61","15","15"
"<1 years","Berrien","10","0","0"
"Unknown years","Berrien","1","0","0"
"01-04 years","Bibb","323","0","6"
"05-09 years","Bibb","570","0","3"
"10-17 years","Bibb","1624","0","14"
"18-29 years","Bibb","4746","4","129"
"30-39 years","Bibb","3494","11","185"
"40-49 years","Bibb","3177","28","304"
"50-59 years","Bibb","2854","61","415"
"60-69 years","Bibb","2172","134","543"
"70-79 years","Bibb","1225","166","456"
"80 & Older years","Bibb","730","193","367"
"<1 years","Bibb","92","0","8"
"Unknown years","Bibb","3","0","1"
"01-04 years","Bleckley","14","0","0"
"05-09 years","Bleckley","37","0","0"
"10-17 years","Bleckley","116","0","0"
"18-29 years","Bleckley","256","0","6"
"30-39 years","Bleckley","151","1","5"
"40-49 years","Bleckley","141","1","2"
"50-59 years","Bleckley","147","4","9"
"60-69 years","Bleckley","107","9","15"
"70-79 years","Bleckley","75","7","14"
"80 & Older years","Bleckley","62","18","13"
"<1 years","Bleckley","8","0","0"
"01-04 years","Brantley","34","0","0"
"05-09 years","Brantley","66","0","0"
"10-17 years","Brantley","209","0","1"
"18-29 years","Brantley","348","0","5"
"30-39 years","Brantley","279","2","8"
"40-49 years","Brantley","262","5","20"
"50-59 years","Brantley","303","17","33"
"60-69 years","Brantley","208","15","37"
"70-79 years","Brantley","141","24","44"
"80 & Older years","Brantley","61","13","17"
"<1 years","Brantley","5","0","0"
"01-04 years","Brooks","29","0","1"
"05-09 years","Brooks","49","0","0"
"10-17 years","Brooks","122","0","0"
"18-29 years","Brooks","262","0","4"
"30-39 years","Brooks","200","1","10"
"40-49 years","Brooks","190","2","15"
"50-59 years","Brooks","223","6","30"
"60-69 years","Brooks","141","12","28"
"70-79 years","Brooks","116","16","26"
"80 & Older years","Brooks","75","19","22"
"<1 years","Brooks","11","0","0"
"01-04 years","Bryan","126","0","0"
"05-09 years","Bryan","230","0","2"
"10-17 years","Bryan","604","0","4"
"18-29 years","Bryan","873","1","20"
"30-39 years","Bryan","813","4","28"
"40-49 years","Bryan","814","5","49"
"50-59 years","Bryan","557","8","52"
"60-69 years","Bryan","375","18","61"
"70-79 years","Bryan","224","19","86"
"80 & Older years","Bryan","80","10","31"
"<1 years","Bryan","48","0","3"
"Unknown years","Bryan","7","0","0"
"01-04 years","Bulloch","158","0","1"
"05-09 years","Bulloch","311","0","1"
"10-17 years","Bulloch","878","0","4"
"18-29 years","Bulloch","3039","1","16"
"30-39 years","Bulloch","1089","5","30"
"40-49 years","Bulloch","874","7","37"
"50-59 years","Bulloch","756","18","61"
"60-69 years","Bulloch","536","24","71"
"70-79 years","Bulloch","260","26","60"
"80 & Older years","Bulloch","127","19","43"
"<1 years","Bulloch","68","0","4"
"01-04 years","Burke","34","0","0"
"05-09 years","Burke","73","0","0"
"10-17 years","Burke","200","0","1"
"18-29 years","Burke","471","2","12"
"30-39 years","Burke","373","1","16"
"40-49 years","Burke","379","4","23"
"50-59 years","Burke","346","6","39"
"60-69 years","Burke","271","8","49"
"70-79 years","Burke","137","16","41"
"80 & Older years","Burke","47","11","19"
"<1 years","Burke","14","0","0"
"Unknown years","Burke","2","0","0"
"01-04 years","Butts","52","0","3"
"05-09 years","Butts","79","0","0"
"10-17 years","Butts","269","0","5"
"18-29 years","Butts","675","0","9"
"30-39 years","Butts","601","0","11"
"40-49 years","Butts","538","5","26"
"50-59 years","Butts","549","17","47"
"60-69 years","Butts","372","19","49"
"70-79 years","Butts","262","34","46"
"80 & Older years","Butts","147","39","14"
"<1 years","Butts","19","0","3"
"01-04 years","Calhoun","16","0","0"
"05-09 years","Calhoun","13","0","0"
"10-17 years","Calhoun","62","0","1"
"18-29 years","Calhoun","96","0","6"
"30-39 years","Calhoun","81","3","7"
"40-49 years","Calhoun","98","1","11"
"50-59 years","Calhoun","103","4","21"
"60-69 years","Calhoun","89","4","24"
"70-79 years","Calhoun","34","7","11"
"80 & Older years","Calhoun","22","2","10"
"<1 years","Calhoun","5","0","0"
"01-04 years","Camden","136","0","0"
"05-09 years","Camden","249","0","2"
"10-17 years","Camden","636","0","1"
"18-29 years","Camden","1382","0","11"
"30-39 years","Camden","1121","3","26"
"40-49 years","Camden","786","10","29"
"50-59 years","Camden","826","12","38"
"60-69 years","Camden","567","22","52"
"70-79 years","Camden","321","13","35"
"80 & Older years","Camden","130","22","29"
"<1 years","Camden","24","0","2"
"Unknown years","Camden","8","0","0"
"01-04 years","Candler","15","0","0"
"05-09 years","Candler","40","0","0"
"10-17 years","Candler","105","0","0"
"18-29 years","Candler","188","0","1"
"30-39 years","Candler","154","0","6"
"40-49 years","Candler","167","5","4"
"50-59 years","Candler","187","13","20"
"60-69 years","Candler","131","9","20"
"70-79 years","Candler","95","15","23"
"80 & Older years","Candler","35","8","15"
"<1 years","Candler","6","0","0"
"01-04 years","Carroll","179","0","1"
"05-09 years","Carroll","317","0","3"
"10-17 years","Carroll","1076","0","6"
"18-29 years","Carroll","2471","1","18"
"30-39 years","Carroll","1671","4","25"
"40-49 years","Carroll","1555","10","46"
"50-59 years","Carroll","1483","17","66"
"60-69 years","Carroll","1031","33","100"
"70-79 years","Carroll","573","39","78"
"80 & Older years","Carroll","319","58","49"
"<1 years","Carroll","54","0","2"
"Unknown years","Carroll","11","0","1"
"01-04 years","Catoosa","182","0","1"
"05-09 years","Catoosa","321","0","2"
"10-17 years","Catoosa","935","0","2"
"18-29 years","Catoosa","1664","1","13"
"30-39 years","Catoosa","1322","2","14"
"40-49 years","Catoosa","1408","3","31"
"50-59 years","Catoosa","1245","11","54"
"60-69 years","Catoosa","847","13","75"
"70-79 years","Catoosa","514","26","78"
"80 & Older years","Catoosa","346","42","61"
"<1 years","Catoosa","67","0","1"
"Unknown years","Catoosa","40","0","2"
"01-04 years","Charlton","21","0","0"
"05-09 years","Charlton","45","0","0"
"10-17 years","Charlton","99","0","0"
"18-29 years","Charlton","414","1","3"
"30-39 years","Charlton","346","2","6"
"40-49 years","Charlton","282","3","14"
"50-59 years","Charlton","209","5","13"
"60-69 years","Charlton","200","12","33"
"70-79 years","Charlton","92","11","25"
"80 & Older years","Charlton","40","10","18"
"<1 years","Charlton","7","0","0"
"Unknown years","Charlton","1","0","0"
"01-04 years","Chatham","1004","0","7"
"05-09 years","Chatham","1552","1","5"
"10-17 years","Chatham","3277","0","32"
"18-29 years","Chatham","8087","6","158"
"30-39 years","Chatham","6072","24","245"
"40-49 years","Chatham","4565","42","305"
"50-59 years","Chatham","3865","85","441"
"60-69 years","Chatham","2981","142","574"
"70-79 years","Chatham","1579","173","511"
"80 & Older years","Chatham","927","208","423"
"<1 years","Chatham","340","0","15"
"Unknown years","Chatham","21","0","2"
"01-04 years","Chattahoochee","13","0","0"
"05-09 years","Chattahoochee","29","0","0"
"10-17 years","Chattahoochee","191","0","2"
"18-29 years","Chattahoochee","4647","7","9"
"30-39 years","Chattahoochee","438","2","5"
"40-49 years","Chattahoochee","80","1","1"
"50-59 years","Chattahoochee","47","1","10"
"60-69 years","Chattahoochee","22","1","6"
"70-79 years","Chattahoochee","16","1","5"
"80 & Older years","Chattahoochee","9","3","5"
"<1 years","Chattahoochee","12","0","0"
"Unknown years","Chattahoochee","1","0","0"
"01-04 years","Chattooga","63","0","0"
"05-09 years","Chattooga","117","0","1"
"10-17 years","Chattooga","425","0","3"
"18-29 years","Chattooga","660","0","8"
"30-39 years","Chattooga","566","2","11"
"40-49 years","Chattooga","571","4","28"
"50-59 years","Chattooga","556","10","45"
"60-69 years","Chattooga","423","23","60"
"70-79 years","Chattooga","259","22","68"
"80 & Older years","Chattooga","150","31","39"
"<1 years","Chattooga","28","0","3"
"Unknown years","Chattooga","8","0","1"
"01-04 years","Cherokee","506","0","8"
"05-09 years","Cherokee","1241","0","12"
"10-17 years","Cherokee","3916","0","23"
"18-29 years","Cherokee","6314","2","127"
"30-39 years","Cherokee","4952","8","182"
"40-49 years","Cherokee","5465","13","242"
"50-59 years","Cherokee","5095","42","379"
"60-69 years","Cherokee","3094","83","404"
"70-79 years","Cherokee","1918","126","388"
"80 & Older years","Cherokee","1040","188","324"
"<1 years","Cherokee","137","0","7"
"Unknown years","Cherokee","15","0","0"
"01-04 years","Clarke","323","0","4"
"05-09 years","Clarke","539","0","7"
"10-17 years","Clarke","1193","0","16"
"18-29 years","Clarke","8358","0","103"
"30-39 years","Clarke","2462","3","86"
"40-49 years","Clarke","1934","6","102"
"50-59 years","Clarke","1621","17","130"
"60-69 years","Clarke","1068","35","145"
"70-79 years","Clarke","632","60","152"
"80 & Older years","Clarke","316","60","100"
"<1 years","Clarke","108","0","4"
"Unknown years","Clarke","10","0","0"
"01-04 years","Clay","3","0","0"
"05-09 years","Clay","5","0","0"
"10-17 years","Clay","23","0","0"
"18-29 years","Clay","38","0","0"
"30-39 years","Clay","40","0","2"
"40-49 years","Clay","41","0","2"
"50-59 years","Clay","24","1","3"
"60-69 years","Clay","27","1","2"
"70-79 years","Clay","21","0","1"
"80 & Older years","Clay","14","2","4"
"Unknown years","Clay","1","0","0"
"01-04 years","Clayton","949","0","16"
"05-09 years","Clayton","1662","1","13"
"10-17 years","Clayton","4028","1","68"
"18-29 years","Clayton","8138","9","237"
"30-39 years","Clayton","7428","34","352"
"40-49 years","Clayton","6182","55","366"
"50-59 years","Clayton","5319","111","485"
"60-69 years","Clayton","3268","194","449"
"70-79 years","Clayton","1347","179","297"
"80 & Older years","Clayton","622","159","178"
"<1 years","Clayton","231","0","16"
"Unknown years","Clayton","35","0","8"
"01-04 years","Clinch","23","0","0"
"05-09 years","Clinch","37","0","0"
"10-17 years","Clinch","101","0","0"
"18-29 years","Clinch","193","0","2"
"30-39 years","Clinch","156","1","5"
"40-49 years","Clinch","137","0","4"
"50-59 years","Clinch","139","3","19"
"60-69 years","Clinch","140","12","24"
"70-79 years","Clinch","68","10","23"
"80 & Older years","Clinch","23","8","10"
"<1 years","Clinch","7","0","0"
"01-04 years","Cobb","1642","1","26"
"05-09 years","Cobb","3793","0","28"
"10-17 years","Cobb","9479","0","72"
"18-29 years","Cobb","22122","9","316"
"30-39 years","Cobb","16124","36","375"
"40-49 years","Cobb","14894","61","576"
"50-59 years","Cobb","12655","125","787"
"60-69 years","Cobb","7602","237","780"
"70-79 years","Cobb","4055","365","726"
"80 & Older years","Cobb","2267","506","658"
"<1 years","Cobb","450","0","27"
"Unknown years","Cobb","71","0","1"
"01-04 years","Coffee","146","0","2"
"05-09 years","Coffee","231","0","3"
"10-17 years","Coffee","566","0","6"
"18-29 years","Coffee","1290","1","39"
"30-39 years","Coffee","1005","6","66"
"40-49 years","Coffee","974","16","140"
"50-59 years","Coffee","921","24","196"
"60-69 years","Coffee","689","50","193"
"70-79 years","Coffee","353","53","161"
"80 & Older years","Coffee","188","46","105"
"<1 years","Coffee","42","0","4"
"01-04 years","Colquitt","87","0","0"
"05-09 years","Colquitt","211","0","2"
"10-17 years","Colquitt","682","0","12"
"18-29 years","Colquitt","1116","1","30"
"30-39 years","Colquitt","831","3","34"
"40-49 years","Colquitt","834","8","49"
"50-59 years","Colquitt","765","24","53"
"60-69 years","Colquitt","539","32","65"
"70-79 years","Colquitt","351","30","67"
"80 & Older years","Colquitt","188","37","42"
"<1 years","Colquitt","36","0","2"
"Unknown years","Colquitt","1","0","0"
"01-04 years","Columbia","245","1","3"
"05-09 years","Columbia","571","1","6"
"10-17 years","Columbia","1711","0","9"
"18-29 years","Columbia","3007","2","37"
"30-39 years","Columbia","2814","6","51"
"40-49 years","Columbia","2426","16","75"
"50-59 years","Columbia","1989","36","114"
"60-69 years","Columbia","1297","45","127"
"70-79 years","Columbia","676","66","147"
"80 & Older years","Columbia","398","87","135"
"<1 years","Columbia","72","0","4"
"Unknown years","Columbia","9","0","0"
"01-04 years","Cook","35","0","3"
"05-09 years","Cook","63","0","0"
"10-17 years","Cook","161","0","2"
"18-29 years","Cook","311","0","8"
"30-39 years","Cook","257","0","4"
"40-49 years","Cook","259","3","19"
"50-59 years","Cook","228","7","23"
"60-69 years","Cook","162","11","23"
"70-79 years","Cook","120","13","30"
"80 & Older years","Cook","74","19","16"
"<1 years","Cook","17","0","2"
"Unknown years","Cook","1","0","0"
"01-04 years","Coweta","277","0","3"
"05-09 years","Coweta","490","0","2"
"10-17 years","Coweta","1546","0","16"
"18-29 years","Coweta","2653","5","70"
"30-39 years","Coweta","2154","11","111"
"40-49 years","Coweta","2241","28","136"
"50-59 years","Coweta","2378","49","193"
"60-69 years","Coweta","1430","65","171"
"70-79 years","Coweta","872","98","166"
"80 & Older years","Coweta","451","100","102"
"<1 years","Coweta","72","0","5"
"Unknown years","Coweta","12","0","1"
"01-04 years","Crawford","4","0","0"
"05-09 years","Crawford","10","0","0"
"10-17 years","Crawford","50","0","2"
"18-29 years","Crawford","137","0","4"
"30-39 years","Crawford","138","1","11"
"40-49 years","Crawford","99","3","8"
"50-59 years","Crawford","165","9","25"
"60-69 years","Crawford","142","12","24"
"70-79 years","Crawford","71","12","23"
"80 & Older years","Crawford","32","3","15"
"01-04 years","Crisp","30","0","0"
"05-09 years","Crisp","53","0","0"
"10-17 years","Crisp","196","0","3"
"18-29 years","Crisp","316","0","13"
"30-39 years","Crisp","309","2","19"
"40-49 years","Crisp","268","4","23"
"50-59 years","Crisp","249","4","31"
"60-69 years","Crisp","231","20","47"
"70-79 years","Crisp","124","16","35"
"80 & Older years","Crisp","75","20","18"
"<1 years","Crisp","17","0","0"
"Unknown years","Crisp","8","0","0"
"01-04 years","Dade","40","0","0"
"05-09 years","Dade","85","0","0"
"10-17 years","Dade","217","0","1"
"18-29 years","Dade","378","0","2"
"30-39 years","Dade","258","0","2"
"40-49 years","Dade","290","1","9"
"50-59 years","Dade","250","3","16"
"60-69 years","Dade","205","2","13"
"70-79 years","Dade","135","10","22"
"80 & Older years","Dade","63","3","12"
"<1 years","Dade","13","0","0"
"Unknown years","Dade","15","0","1"
"01-04 years","Dawson","76","0","0"
"05-09 years","Dawson","133","0","0"
"10-17 years","Dawson","374","0","6"
"18-29 years","Dawson","856","0","20"
"30-39 years","Dawson","702","2","26"
"40-49 years","Dawson","643","1","40"
"50-59 years","Dawson","664","9","60"
"60-69 years","Dawson","520","14","97"
"70-79 years","Dawson","319","27","67"
"80 & Older years","Dawson","128","24","38"
"<1 years","Dawson","26","0","3"
"Unknown years","Dawson","22","0","1"
"01-04 years","DeKalb","1849","0","27"
"05-09 years","DeKalb","3208","0","32"
"10-17 years","DeKalb","7210","0","103"
"18-29 years","DeKalb","20508","15","627"
"30-39 years","DeKalb","17851","28","868"
"40-49 years","DeKalb","13587","62","947"
"50-59 years","DeKalb","11415","157","1214"
"60-69 years","DeKalb","7095","260","1310"
"70-79 years","DeKalb","3519","331","978"
"80 & Older years","DeKalb","2006","417","676"
"<1 years","DeKalb","443","0","29"
"Unknown years","DeKalb","176","0","18"
"01-04 years","Decatur","146","0","2"
"05-09 years","Decatur","165","0","0"
"10-17 years","Decatur","387","0","1"
"18-29 years","Decatur","685","1","18"
"30-39 years","Decatur","522","1","11"
"40-49 years","Decatur","510","3","31"
"50-59 years","Decatur","436","10","43"
"60-69 years","Decatur","327","17","56"
"70-79 years","Decatur","197","24","41"
"80 & Older years","Decatur","121","22","26"
"<1 years","Decatur","43","0","0"
"Unknown years","Decatur","4","0","0"
"01-04 years","Dodge","19","0","0"
"05-09 years","Dodge","40","0","0"
"10-17 years","Dodge","174","1","2"
"18-29 years","Dodge","301","0","7"
"30-39 years","Dodge","219","1","10"
"40-49 years","Dodge","230","3","13"
"50-59 years","Dodge","223","6","23"
"60-69 years","Dodge","173","19","31"
"70-79 years","Dodge","97","18","24"
"80 & Older years","Dodge","62","15","16"
"<1 years","Dodge","9","0","0"
"01-04 years","Dooly","16","0","0"
"05-09 years","Dooly","32","0","0"
"10-17 years","Dooly","106","0","1"
"18-29 years","Dooly","186","1","5"
"30-39 years","Dooly","142","0","11"
"40-49 years","Dooly","183","2","14"
"50-59 years","Dooly","175","6","22"
"60-69 years","Dooly","149","11","26"
"70-79 years","Dooly","70","10","20"
"80 & Older years","Dooly","27","8","6"
"<1 years","Dooly","7","0","0"
"Unknown years","Dooly","2","0","0"
"01-04 years","Dougherty","206","0","4"
"05-09 years","Dougherty","416","0","0"
"10-17 years","Dougherty","878","0","14"
"18-29 years","Dougherty","1762","3","132"
"30-39 years","Dougherty","1482","8","118"
"40-49 years","Dougherty","1300","31","163"
"50-59 years","Dougherty","1247","40","219"
"60-69 years","Dougherty","1022","101","326"
"70-79 years","Dougherty","556","89","222"
"80 & Older years","Dougherty","334","120","164"
"<1 years","Dougherty","71","0","7"
"Unknown years","Dougherty","6","0","0"
"01-04 years","Douglas","374","0","7"
"05-09 years","Douglas","733","0","9"
"10-17 years","Douglas","2072","1","27"
"18-29 years","Douglas","3793","0","69"
"30-39 years","Douglas","3270","6","107"
"40-49 years","Douglas","3445","12","171"
"50-59 years","Douglas","2925","32","223"
"60-69 years","Douglas","1680","59","233"
"70-79 years","Douglas","835","73","182"
"80 & Older years","Douglas","393","70","129"
"<1 years","Douglas","98","0","7"
"Unknown years","Douglas","14","0","1"
"01-04 years","Early","41","0","0"
"05-09 years","Early","54","0","0"
"10-17 years","Early","226","0","0"
"18-29 years","Early","254","1","9"
"30-39 years","Early","223","1","6"
"40-49 years","Early","240","1","13"
"50-59 years","Early","219","5","17"
"60-69 years","Early","147","12","20"
"70-79 years","Early","98","20","23"
"80 & Older years","Early","51","13","17"
"<1 years","Early","6","0","0"
"Unknown years","Early","1","0","0"
"01-04 years","Echols","11","0","0"
"05-09 years","Echols","8","0","0"
"10-17 years","Echols","32","0","1"
"18-29 years","Echols","141","0","2"
"30-39 years","Echols","68","1","4"
"40-49 years","Echols","51","0","1"
"50-59 years","Echols","52","1","2"
"60-69 years","Echols","24","0","0"
"70-79 years","Echols","20","2","3"
"80 & Older years","Echols","5","1","2"
"<1 years","Echols","3","0","0"
"01-04 years","Effingham","169","0","1"
"05-09 years","Effingham","363","0","3"
"10-17 years","Effingham","907","0","2"
"18-29 years","Effingham","1251","1","12"
"30-39 years","Effingham","1230","4","41"
"40-49 years","Effingham","1085","10","68"
"50-59 years","Effingham","982","32","112"
"60-69 years","Effingham","635","26","118"
"70-79 years","Effingham","346","39","106"
"80 & Older years","Effingham","155","41","48"
"<1 years","Effingham","56","0","5"
"Unknown years","Effingham","4","0","0"
"01-04 years","Elbert","35","0","0"
"05-09 years","Elbert","59","0","0"
"10-17 years","Elbert","155","0","2"
"18-29 years","Elbert","374","1","4"
"30-39 years","Elbert","281","0","12"
"40-49 years","Elbert","295","1","14"
"50-59 years","Elbert","301","2","24"
"60-69 years","Elbert","245","8","34"
"70-79 years","Elbert","193","23","49"
"80 & Older years","Elbert","149","37","49"
"<1 years","Elbert","17","0","4"
"Unknown years","Elbert","3","0","0"
"01-04 years","Emanuel","60","0","2"
"05-09 years","Emanuel","89","0","1"
"10-17 years","Emanuel","315","0","2"
"18-29 years","Emanuel","516","1","4"
"30-39 years","Emanuel","398","0","19"
"40-49 years","Emanuel","419","4","16"
"50-59 years","Emanuel","359","9","37"
"60-69 years","Emanuel","289","16","35"
"70-79 years","Emanuel","180","22","35"
"80 & Older years","Emanuel","73","21","24"
"<1 years","Emanuel","13","0","1"
"Unknown years","Emanuel","2","0","1"
"01-04 years","Evans","25","0","0"
"05-09 years","Evans","44","0","0"
"10-17 years","Evans","117","0","2"
"18-29 years","Evans","220","1","3"
"30-39 years","Evans","197","0","4"
"40-49 years","Evans","172","4","21"
"50-59 years","Evans","172","6","21"
"60-69 years","Evans","99","7","19"
"70-79 years","Evans","65","13","24"
"80 & Older years","Evans","24","4","14"
"<1 years","Evans","6","0","0"
"01-04 years","Fannin","33","0","1"
"05-09 years","Fannin","79","0","0"
"10-17 years","Fannin","277","0","2"
"18-29 years","Fannin","465","0","8"
"30-39 years","Fannin","380","2","11"
"40-49 years","Fannin","433","5","19"
"50-59 years","Fannin","549","7","46"
"60-69 years","Fannin","546","19","65"
"70-79 years","Fannin","380","25","73"
"80 & Older years","Fannin","188","38","56"
"<1 years","Fannin","8","0","0"
"Unknown years","Fannin","1","0","0"
"01-04 years","Fayette","186","0","1"
"05-09 years","Fayette","428","0","4"
"10-17 years","Fayette","1190","0","13"
"18-29 years","Fayette","1989","4","30"
"30-39 years","Fayette","1436","6","42"
"40-49 years","Fayette","1770","6","81"
"50-59 years","Fayette","1760","16","137"
"60-69 years","Fayette","1279","34","126"
"70-79 years","Fayette","663","79","160"
"80 & Older years","Fayette","411","80","99"
"<1 years","Fayette","48","0","2"
"Unknown years","Fayette","9","0","0"
"01-04 years","Floyd","286","0","6"
"05-09 years","Floyd","536","0","1"
"10-17 years","Floyd","1831","1","13"
"18-29 years","Floyd","3249","3","54"
"30-39 years","Floyd","2509","7","73"
"40-49 years","Floyd","2308","17","134"
"50-59 years","Floyd","2308","44","231"
"60-69 years","Floyd","1591","61","271"
"70-79 years","Floyd","969","90","264"
"80 & Older years","Floyd","526","101","187"
"<1 years","Floyd","117","0","5"
"Unknown years","Floyd","53","0","2"
"01-04 years","Forsyth","571","0","7"
"05-09 years","Forsyth","1676","0","2"
"10-17 years","Forsyth","4354","0","12"
"18-29 years","Forsyth","4735","0","65"
"30-39 years","Forsyth","4008","3","91"
"40-49 years","Forsyth","5139","11","180"
"50-59 years","Forsyth","4367","27","241"
"60-69 years","Forsyth","2221","47","232"
"70-79 years","Forsyth","1293","87","276"
"80 & Older years","Forsyth","709","115","217"
"<1 years","Forsyth","121","0","4"
"Unknown years","Forsyth","232","0","1"
"01-04 years","Franklin","43","0","1"
"05-09 years","Franklin","92","0","0"
"10-17 years","Franklin","322","0","6"
"18-29 years","Franklin","643","1","16"
"30-39 years","Franklin","470","0","12"
"40-49 years","Franklin","483","2","22"
"50-59 years","Franklin","488","4","37"
"60-69 years","Franklin","424","9","47"
"70-79 years","Franklin","267","27","50"
"80 & Older years","Franklin","129","26","33"
"<1 years","Franklin","20","0","3"
"Unknown years","Franklin","21","0","0"
"01-04 years","Fulton","2276","0","52"
"05-09 years","Fulton","4292","0","43"
"10-17 years","Fulton","11272","1","125"
"18-29 years","Fulton","32209","6","752"
"30-39 years","Fulton","25244","50","990"
"40-49 years","Fulton","19091","63","1081"
"50-59 years","Fulton","15928","187","1506"
"60-69 years","Fulton","9276","327","1388"
"70-79 years","Fulton","4692","460","1140"
"80 & Older years","Fulton","3123","634","1016"
"<1 years","Fulton","597","0","40"
"Unknown years","Fulton","152","0","43"
"01-04 years","Gilmer","51","0","2"
"05-09 years","Gilmer","66","0","0"
"10-17 years","Gilmer","317","0","3"
"18-29 years","Gilmer","513","0","22"
"30-39 years","Gilmer","494","2","27"
"40-49 years","Gilmer","504","1","28"
"50-59 years","Gilmer","565","16","51"
"60-69 years","Gilmer","533","20","73"
"70-79 years","Gilmer","379","40","96"
"80 & Older years","Gilmer","179","43","56"
"<1 years","Gilmer","19","0","0"
"01-04 years","Glascock","1","0","0"
"05-09 years","Glascock","5","0","0"
"10-17 years","Glascock","7","0","0"
"18-29 years","Glascock","30","0","1"
"30-39 years","Glascock","23","0","2"
"40-49 years","Glascock","29","0","1"
"50-59 years","Glascock","38","2","5"
"60-69 years","Glascock","20","0","5"
"70-79 years","Glascock","28","3","9"
"80 & Older years","Glascock","9","2","5"
"<1 years","Glascock","1","0","0"
"Unknown years","Glascock","1","0","0"
"01-04 years","Glynn","297","0","2"
"05-09 years","Glynn","601","0","1"
"10-17 years","Glynn","1447","0","3"
"18-29 years","Glynn","2473","4","34"
"30-39 years","Glynn","2085","9","46"
"40-49 years","Glynn","1736","16","65"
"50-59 years","Glynn","1550","38","111"
"60-69 years","Glynn","1253","76","172"
"70-79 years","Glynn","722","76","125"
"80 & Older years","Glynn","380","87","119"
"<1 years","Glynn","73","0","3"
"Unknown years","Glynn","21","0","0"
"01-04 years","Gordon","155","0","1"
"05-09 years","Gordon","244","1","2"
"10-17 years","Gordon","925","0","7"
"18-29 years","Gordon","1815","3","19"
"30-39 years","Gordon","1447","4","31"
"40-49 years","Gordon","1432","9","44"
"50-59 years","Gordon","1358","23","77"
"60-69 years","Gordon","888","52","86"
"70-79 years","Gordon","473","47","104"
"80 & Older years","Gordon","240","42","66"
"<1 years","Gordon","60","0","3"
"Unknown years","Gordon","34","0","0"
"01-04 years","Grady","67","0","1"
"05-09 years","Grady","124","0","0"
"10-17 years","Grady","285","0","5"
"18-29 years","Grady","388","0","16"
"30-39 years","Grady","369","0","17"
"40-49 years","Grady","351","3","34"
"50-59 years","Grady","336","11","43"
"60-69 years","Grady","244","9","36"
"70-79 years","Grady","211","27","66"
"80 & Older years","Grady","69","18","25"
"<1 years","Grady","23","0","2"
"Unknown years","Grady","6","0","0"
"01-04 years","Greene","33","0","1"
"05-09 years","Greene","77","0","0"
"10-17 years","Greene","224","0","3"
"18-29 years","Greene","403","0","12"
"30-39 years","Greene","292","0","12"
"40-49 years","Greene","269","4","22"
"50-59 years","Greene","339","7","29"
"60-69 years","Greene","330","10","36"
"70-79 years","Greene","237","13","42"
"80 & Older years","Greene","129","31","52"
"<1 years","Greene","11","0","3"
"Unknown years","Greene","2","0","0"
"01-04 years","Gwinnett","2354","0","25"
"05-09 years","Gwinnett","4361","0","30"
"10-17 years","Gwinnett","12017","2","89"
"18-29 years","Gwinnett","26365","18","644"
"30-39 years","Gwinnett","20830","34","703"
"40-49 years","Gwinnett","21300","97","990"
"50-59 years","Gwinnett","17369","177","1189"
"60-69 years","Gwinnett","9720","298","1168"
"70-79 years","Gwinnett","4335","358","946"
"80 & Older years","Gwinnett","2305","487","806"
"<1 years","Gwinnett","731","0","28"
"Unknown years","Gwinnett","99","0","3"
"01-04 years","Habersham","63","0","2"
"05-09 years","Habersham","127","0","0"
"10-17 years","Habersham","494","1","10"
"18-29 years","Habersham","1239","1","22"
"30-39 years","Habersham","975","4","40"
"40-49 years","Habersham","986","5","64"
"50-59 years","Habersham","1046","14","94"
"60-69 years","Habersham","819","30","152"
"70-79 years","Habersham","554","65","153"
"80 & Older years","Habersham","355","81","109"
"<1 years","Habersham","38","0","11"
"Unknown years","Habersham","33","0","2"
"01-04 years","Hall","369","0","9"
"05-09 years","Hall","839","0","8"
"10-17 years","Hall","3203","0","42"
"18-29 years","Hall","7688","7","238"
"30-39 years","Hall","5461","8","285"
"40-49 years","Hall","5432","32","399"
"50-59 years","Hall","5481","63","569"
"60-69 years","Hall","3624","121","572"
"70-79 years","Hall","2301","175","635"
"80 & Older years","Hall","1262","250","477"
"<1 years","Hall","127","0","20"
"Unknown years","Hall","219","0","10"
"01-04 years","Hancock","10","0","0"
"05-09 years","Hancock","16","0","0"
"10-17 years","Hancock","56","0","1"
"18-29 years","Hancock","173","0","4"
"30-39 years","Hancock","154","1","5"
"40-49 years","Hancock","129","1","7"
"50-59 years","Hancock","170","6","18"
"60-69 years","Hancock","170","20","36"
"70-79 years","Hancock","91","22","28"
"80 & Older years","Hancock","69","25","25"
"<1 years","Hancock","5","0","0"
"01-04 years","Haralson","37","0","0"
"05-09 years","Haralson","67","0","0"
"10-17 years","Haralson","253","0","2"
"18-29 years","Haralson","511","0","5"
"30-39 years","Haralson","351","0","8"
"40-49 years","Haralson","380","2","10"
"50-59 years","Haralson","411","6","16"
"60-69 years","Haralson","255","14","25"
"70-79 years","Haralson","153","16","20"
"80 & Older years","Haralson","64","10","11"
"<1 years","Haralson","14","0","1"
"Unknown years","Haralson","3","0","0"
"01-04 years","Harris","49","0","0"
"05-09 years","Harris","98","0","0"
"10-17 years","Harris","323","0","3"
"18-29 years","Harris","532","0","13"
"30-39 years","Harris","415","0","15"
"40-49 years","Harris","560","5","25"
"50-59 years","Harris","563","10","49"
"60-69 years","Harris","448","18","77"
"70-79 years","Harris","270","36","64"
"80 & Older years","Harris","86","17","22"
"<1 years","Harris","8","0","0"
"Unknown years","Harris","4","0","0"
"01-04 years","Hart","40","0","0"
"05-09 years","Hart","51","0","1"
"10-17 years","Hart","188","0","0"
"18-29 years","Hart","432","0","4"
"30-39 years","Hart","380","0","12"
"40-49 years","Hart","323","2","19"
"50-59 years","Hart","391","4","29"
"60-69 years","Hart","277","15","35"
"70-79 years","Hart","190","12","36"
"80 & Older years","Hart","101","17","32"
"<1 years","Hart","14","0","1"
"Unknown years","Hart","11","0","0"
"01-04 years","Heard","18","0","1"
"05-09 years","Heard","43","0","0"
"10-17 years","Heard","128","0","2"
"18-29 years","Heard","195","2","3"
"30-39 years","Heard","130","0","2"
"40-49 years","Heard","171","1","16"
"50-59 years","Heard","175","2","10"
"60-69 years","Heard","128","6","17"
"70-79 years","Heard","68","8","18"
"80 & Older years","Heard","30","8","6"
"<1 years","Heard","7","0","0"
"01-04 years","Henry","587","0","12"
"05-09 years","Henry","1215","0","6"
"10-17 years","Henry","3514","0","42"
"18-29 years","Henry","6205","2","131"
"30-39 years","Henry","5358","12","171"
"40-49 years","Henry","5562","40","250"
"50-59 years","Henry","4988","54","296"
"60-69 years","Henry","2724","125","263"
"70-79 years","Henry","1320","130","192"
"80 & Older years","Henry","649","136","117"
"<1 years","Henry","155","0","10"
"Unknown years","Henry","37","0","3"
"01-04 years","Houston","288","0","4"
"05-09 years","Houston","607","0","1"
"10-17 years","Houston","1823","0","10"
"18-29 years","Houston","3366","7","67"
"30-39 years","Houston","3094","7","98"
"40-49 years","Houston","2648","18","149"
"50-59 years","Houston","2160","34","190"
"60-69 years","Houston","1430","73","242"
"70-79 years","Houston","746","81","209"
"80 & Older years","Houston","384","77","128"
"<1 years","Houston","78","1","7"
"Unknown years","Houston","1","0","0"
"01-04 years","Irwin","7","0","0"
"05-09 years","Irwin","16","0","0"
"10-17 years","Irwin","67","0","0"
"18-29 years","Irwin","178","0","6"
"30-39 years","Irwin","148","0","9"
"40-49 years","Irwin","162","1","11"
"50-59 years","Irwin","132","3","13"
"60-69 years","Irwin","103","2","24"
"70-79 years","Irwin","57","8","9"
"80 & Older years","Irwin","40","8","24"
"Unknown years","Irwin","2","0","0"
"01-04 years","Jackson","155","0","2"
"05-09 years","Jackson","386","0","2"
"10-17 years","Jackson","1551","1","13"
"18-29 years","Jackson","2245","3","49"
"30-39 years","Jackson","2236","7","69"
"40-49 years","Jackson","2241","12","109"
"50-59 years","Jackson","2051","20","151"
"60-69 years","Jackson","1363","44","159"
"70-79 years","Jackson","885","57","175"
"80 & Older years","Jackson","425","76","137"
"<1 years","Jackson","51","0","5"
"Unknown years","Jackson","12","0","1"
"01-04 years","Jasper","19","0","0"
"05-09 years","Jasper","23","0","1"
"10-17 years","Jasper","81","0","2"
"18-29 years","Jasper","202","0","10"
"30-39 years","Jasper","161","2","7"
"40-49 years","Jasper","167","1","11"
"50-59 years","Jasper","192","5","22"
"60-69 years","Jasper","136","11","31"
"70-79 years","Jasper","77","7","17"
"80 & Older years","Jasper","30","6","10"
"<1 years","Jasper","13","0","3"
"01-04 years","Jeff Davis","45","0","0"
"05-09 years","Jeff Davis","87","0","0"
"10-17 years","Jeff Davis","186","0","2"
"18-29 years","Jeff Davis","369","0","6"
"30-39 years","Jeff Davis","293","0","9"
"40-49 years","Jeff Davis","286","1","22"
"50-59 years","Jeff Davis","246","9","26"
"60-69 years","Jeff Davis","155","10","25"
"70-79 years","Jeff Davis","115","16","24"
"80 & Older years","Jeff Davis","26","9","7"
"<1 years","Jeff Davis","12","0","1"
"01-04 years","Jefferson","25","0","1"
"05-09 years","Jefferson","45","0","0"
"10-17 years","Jefferson","141","0","2"
"18-29 years","Jefferson","303","0","3"
"30-39 years","Jefferson","261","1","10"
"40-49 years","Jefferson","256","5","21"
"50-59 years","Jefferson","307","8","30"
"60-69 years","Jefferson","280","13","41"
"70-79 years","Jefferson","169","20","46"
"80 & Older years","Jefferson","75","22","33"
"<1 years","Jefferson","10","0","3"
"Unknown years","Jefferson","3","0","0"
"01-04 years","Jenkins","23","0","0"
"05-09 years","Jenkins","30","0","0"
"10-17 years","Jenkins","81","0","1"
"18-29 years","Jenkins","148","0","2"
"30-39 years","Jenkins","102","2","6"
"40-49 years","Jenkins","140","4","14"
"50-59 years","Jenkins","155","7","26"
"60-69 years","Jenkins","97","7","14"
"70-79 years","Jenkins","64","13","21"
"80 & Older years","Jenkins","52","10","11"
"<1 years","Jenkins","4","0","0"
"01-04 years","Johnson","12","0","1"
"05-09 years","Johnson","23","0","0"
"10-17 years","Johnson","65","0","1"
"18-29 years","Johnson","170","0","5"
"30-39 years","Johnson","139","1","6"
"40-49 years","Johnson","136","3","7"
"50-59 years","Johnson","160","7","18"
"60-69 years","Johnson","147","9","23"
"70-79 years","Johnson","102","11","28"
"80 & Older years","Johnson","75","21","25"
"<1 years","Johnson","10","0","2"
"01-04 years","Jones","32","0","1"
"05-09 years","Jones","75","0","0"
"10-17 years","Jones","209","0","1"
"18-29 years","Jones","522","2","13"
"30-39 years","Jones","451","3","17"
"40-49 years","Jones","414","5","29"
"50-59 years","Jones","412","8","49"
"60-69 years","Jones","296","16","65"
"70-79 years","Jones","188","32","66"
"80 & Older years","Jones","100","24","34"
"<1 years","Jones","7","0","0"
"01-04 years","Lamar","69","0","0"
"05-09 years","Lamar","113","0","0"
"10-17 years","Lamar","300","0","5"
"18-29 years","Lamar","397","0","10"
"30-39 years","Lamar","334","2","15"
"40-49 years","Lamar","299","5","18"
"50-59 years","Lamar","295","11","42"
"60-69 years","Lamar","278","24","43"
"70-79 years","Lamar","173","20","37"
"80 & Older years","Lamar","85","24","27"
"<1 years","Lamar","39","0","1"
"01-04 years","Lanier","15","0","0"
"05-09 years","Lanier","24","0","1"
"10-17 years","Lanier","85","0","1"
"18-29 years","Lanier","159","1","3"
"30-39 years","Lanier","178","0","3"
"40-49 years","Lanier","110","1","4"
"50-59 years","Lanier","94","2","8"
"60-69 years","Lanier","59","3","4"
"70-79 years","Lanier","43","5","7"
"80 & Older years","Lanier","22","0","6"
"<1 years","Lanier","7","0","0"
"Unknown years","Lanier","1","0","0"
"01-04 years","Laurens","116","0","1"
"05-09 years","Laurens","185","0","2"
"10-17 years","Laurens","608","0","5"
"18-29 years","Laurens","1167","0","13"
"30-39 years","Laurens","915","4","22"
"40-49 years","Laurens","891","11","37"
"50-59 years","Laurens","816","28","73"
"60-69 years","Laurens","640","51","104"
"70-79 years","Laurens","401","58","98"
"80 & Older years","Laurens","260","58","72"
"<1 years","Laurens","34","0","5"
"Unknown years","Laurens","1","0","0"
"01-04 years","Lee","56","0","0"
"05-09 years","Lee","91","0","3"
"10-17 years","Lee","266","0","6"
"18-29 years","Lee","444","1","23"
"30-39 years","Lee","513","1","30"
"40-49 years","Lee","471","7","45"
"50-59 years","Lee","399","14","71"
"60-69 years","Lee","269","19","61"
"70-79 years","Lee","116","19","42"
"80 & Older years","Lee","74","14","31"
"<1 years","Lee","17","0","0"
"Unknown years","Lee","3","0","0"
"01-04 years","Liberty","233","0","1"
"05-09 years","Liberty","370","0","3"
"10-17 years","Liberty","791","0","4"
"18-29 years","Liberty","2030","2","24"
"30-39 years","Liberty","1184","4","38"
"40-49 years","Liberty","742","4","29"
"50-59 years","Liberty","655","22","72"
"60-69 years","Liberty","411","26","71"
"70-79 years","Liberty","179","22","64"
"80 & Older years","Liberty","77","19","30"
"<1 years","Liberty","77","0","3"
"Unknown years","Liberty","8","0","0"
"01-04 years","Lincoln","17","0","0"
"05-09 years","Lincoln","21","0","1"
"10-17 years","Lincoln","55","0","0"
"18-29 years","Lincoln","125","0","4"
"30-39 years","Lincoln","107","0","5"
"40-49 years","Lincoln","110","1","10"
"50-59 years","Lincoln","91","3","5"
"60-69 years","Lincoln","91","7","20"
"70-79 years","Lincoln","66","9","17"
"80 & Older years","Lincoln","22","7","10"
"<1 years","Lincoln","4","0","0"
"Unknown years","Lincoln","5","0","0"
"01-04 years","Long","49","0","0"
"05-09 years","Long","85","0","0"
"10-17 years","Long","189","0","0"
"18-29 years","Long","282","0","1"
"30-39 years","Long","274","2","9"
"40-49 years","Long","201","4","13"
"50-59 years","Long","133","3","18"
"60-69 years","Long","108","4","17"
"70-79 years","Long","51","6","15"
"80 & Older years","Long","23","2","11"
"<1 years","Long","20","0","0"
"Unknown years","Long","1","0","0"
"01-04 years","Lowndes","259","0","0"
"05-09 years","Lowndes","369","0","1"
"10-17 years","Lowndes","967","0","10"
"18-29 years","Lowndes","3329","6","43"
"30-39 years","Lowndes","1953","7","43"
"40-49 years","Lowndes","1486","13","72"
"50-59 years","Lowndes","1249","25","92"
"60-69 years","Lowndes","839","47","117"
"70-79 years","Lowndes","480","63","108"
"80 & Older years","Lowndes","278","74","78"
"<1 years","Lowndes","94","0","1"
"Unknown years","Lowndes","5","0","0"
"01-04 years","Lumpkin","39","0","1"
"05-09 years","Lumpkin","117","0","2"
"10-17 years","Lumpkin","331","0","3"
"18-29 years","Lumpkin","1174","0","23"
"30-39 years","Lumpkin","640","1","22"
"40-49 years","Lumpkin","584","1","35"
"50-59 years","Lumpkin","670","10","76"
"60-69 years","Lumpkin","588","21","87"
"70-79 years","Lumpkin","380","20","95"
"80 & Older years","Lumpkin","189","41","89"
"<1 years","Lumpkin","24","0","3"
"Unknown years","Lumpkin","25","0","2"
"01-04 years","Macon","16","0","0"
"05-09 years","Macon","20","0","0"
"10-17 years","Macon","40","0","0"
"18-29 years","Macon","161","0","4"
"30-39 years","Macon","126","1","4"
"40-49 years","Macon","145","4","9"
"50-59 years","Macon","161","6","26"
"60-69 years","Macon","96","11","31"
"70-79 years","Macon","64","8","22"
"80 & Older years","Macon","25","10","11"
"<1 years","Macon","5","0","0"
"Unknown years","Macon","1","0","1"
"01-04 years","Madison","90","0","3"
"05-09 years","Madison","135","0","0"
"10-17 years","Madison","431","0","1"
"18-29 years","Madison","824","0","18"
"30-39 years","Madison","663","1","25"
"40-49 years","Madison","652","1","34"
"50-59 years","Madison","642","14","45"
"60-69 years","Madison","485","13","59"
"70-79 years","Madison","296","26","68"
"80 & Older years","Madison","110","18","24"
"<1 years","Madison","41","0","6"
"Unknown years","Madison","3","0","0"
"01-04 years","Marion","9","0","0"
"05-09 years","Marion","26","0","1"
"10-17 years","Marion","82","0","0"
"18-29 years","Marion","115","0","4"
"30-39 years","Marion","81","0","4"
"40-49 years","Marion","104","2","8"
"50-59 years","Marion","95","6","13"
"60-69 years","Marion","75","9","14"
"70-79 years","Marion","42","8","13"
"80 & Older years","Marion","39","9","13"
"<1 years","Marion","7","0","0"
"Unknown years","Marion","2","0","0"
"01-04 years","McDuffie","40","0","0"
"05-09 years","McDuffie","57","0","0"
"10-17 years","McDuffie","210","0","1"
"18-29 years","McDuffie","483","0","10"
"30-39 years","McDuffie","361","2","8"
"40-49 years","McDuffie","348","3","23"
"50-59 years","McDuffie","341","12","44"
"60-69 years","McDuffie","259","15","47"
"70-79 years","McDuffie","152","15","58"
"80 & Older years","McDuffie","69","16","30"
"<1 years","McDuffie","4","0","0"
"Unknown years","McDuffie","18","0","0"
"01-04 years","McIntosh","22","0","0"
"05-09 years","McIntosh","50","0","1"
"10-17 years","McIntosh","189","0","0"
"18-29 years","McIntosh","224","0","5"
"30-39 years","McIntosh","190","0","3"
"40-49 years","McIntosh","196","0","6"
"50-59 years","McIntosh","225","3","11"
"60-69 years","McIntosh","175","7","29"
"70-79 years","McIntosh","100","9","23"
"80 & Older years","McIntosh","37","10","13"
"<1 years","McIntosh","2","0","0"
"Unknown years","McIntosh","1","0","0"
"01-04 years","Meriwether","59","0","1"
"05-09 years","Meriwether","66","0","1"
"10-17 years","Meriwether","172","0","2"
"18-29 years","Meriwether","382","0","11"
"30-39 years","Meriwether","302","3","23"
"40-49 years","Meriwether","343","4","28"
"50-59 years","Meriwether","347","12","43"
"60-69 years","Meriwether","304","18","47"
"70-79 years","Meriwether","235","31","52"
"80 & Older years","Meriwether","122","33","30"
"<1 years","Meriwether","16","0","4"
"Unknown years","Meriwether","2","0","0"
"01-04 years","Miller","22","0","0"
"05-09 years","Miller","35","0","0"
"10-17 years","Miller","141","0","1"
"18-29 years","Miller","165","0","1"
"30-39 years","Miller","147","0","0"
"40-49 years","Miller","120","1","7"
"50-59 years","Miller","171","4","18"
"60-69 years","Miller","122","4","14"
"70-79 years","Miller","45","3","5"
"80 & Older years","Miller","32","3","8"
"<1 years","Miller","5","0","0"
"01-04 years","Mitchell","44","0","2"
"05-09 years","Mitchell","68","0","0"
"10-17 years","Mitchell","185","0","4"
"18-29 years","Mitchell","389","1","17"
"30-39 years","Mitchell","344","1","23"
"40-49 years","Mitchell","308","7","28"
"50-59 years","Mitchell","328","13","63"
"60-69 years","Mitchell","265","19","62"
"70-79 years","Mitchell","163","22","59"
"80 & Older years","Mitchell","101","27","34"
"<1 years","Mitchell","15","0","1"
"Unknown years","Mitchell","1","0","0"
"01-04 years","Monroe","24","0","4"
"05-09 years","Monroe","65","0","1"
"10-17 years","Monroe","197","0","0"
"18-29 years","Monroe","500","2","11"
"30-39 years","Monroe","415","0","12"
"40-49 years","Monroe","450","7","28"
"50-59 years","Monroe","477","7","35"
"60-69 years","Monroe","403","29","70"
"70-79 years","Monroe","218","29","58"
"80 & Older years","Monroe","133","45","43"
"<1 years","Monroe","8","0","1"
"01-04 years","Montgomery","15","0","0"
"05-09 years","Montgomery","20","0","0"
"10-17 years","Montgomery","100","0","1"
"18-29 years","Montgomery","241","1","2"
"30-39 years","Montgomery","179","2","6"
"40-49 years","Montgomery","182","1","4"
"50-59 years","Montgomery","164","6","14"
"60-69 years","Montgomery","142","9","16"
"70-79 years","Montgomery","77","12","15"
"80 & Older years","Montgomery","38","10","7"
"<1 years","Montgomery","3","0","0"
"Unknown years","Montgomery","1","0","0"
"01-04 years","Morgan","45","0","0"
"05-09 years","Morgan","75","0","1"
"10-17 years","Morgan","171","0","1"
"18-29 years","Morgan","362","0","9"
"30-39 years","Morgan","289","0","12"
"40-49 years","Morgan","284","1","11"
"50-59 years","Morgan","309","5","26"
"60-69 years","Morgan","213","8","26"
"70-79 years","Morgan","164","7","29"
"80 & Older years","Morgan","82","21","30"
"<1 years","Morgan","27","0","2"
"Unknown years","Morgan","1","0","0"
"01-04 years","Murray","127","0","2"
"05-09 years","Murray","193","0","3"
"10-17 years","Murray","706","0","2"
"18-29 years","Murray","1340","0","16"
"30-39 years","Murray","1001","2","15"
"40-49 years","Murray","1090","10","42"
"50-59 years","Murray","927","19","79"
"60-69 years","Murray","623","24","94"
"70-79 years","Murray","370","53","87"
"80 & Older years","Murray","144","32","39"
"<1 years","Murray","50","0","2"
"01-04 years","Muscogee","463","0","7"
"05-09 years","Muscogee","821","0","1"
"10-17 years","Muscogee","2028","0","23"
"18-29 years","Muscogee","4972","9","139"
"30-39 years","Muscogee","3730","9","175"
"40-49 years","Muscogee","2954","18","207"
"50-59 years","Muscogee","2820","82","345"
"60-69 years","Muscogee","2161","139","428"
"70-79 years","Muscogee","1124","138","304"
"80 & Older years","Muscogee","676","194","248"
"<1 years","Muscogee","140","0","10"
"Unknown years","Muscogee","32","0","0"
"01-04 years","Newton","195","0","13"
"05-09 years","Newton","481","0","7"
"10-17 years","Newton","1273","0","60"
"18-29 years","Newton","2422","1","192"
"30-39 years","Newton","2095","8","188"
"40-49 years","Newton","2153","20","215"
"50-59 years","Newton","1887","47","262"
"60-69 years","Newton","1085","64","202"
"70-79 years","Newton","676","88","191"
"80 & Older years","Newton","387","100","137"
"<1 years","Newton","69","0","9"
"Unknown years","Newton","3","0","1"
"01-04 years","Non-GA Resident/Unknown State","461","0","9"
"05-09 years","Non-GA Resident/Unknown State","747","0","9"
"10-17 years","Non-GA Resident/Unknown State","1994","0","20"
"18-29 years","Non-GA Resident/Unknown State","7927","7","174"
"30-39 years","Non-GA Resident/Unknown State","5811","18","215"
"40-49 years","Non-GA Resident/Unknown State","4840","38","259"
"50-59 years","Non-GA Resident/Unknown State","4594","112","408"
"60-69 years","Non-GA Resident/Unknown State","3339","199","478"
"70-79 years","Non-GA Resident/Unknown State","2136","211","472"
"80 & Older years","Non-GA Resident/Unknown State","1177","195","311"
"<1 years","Non-GA Resident/Unknown State","293","0","16"
"Unknown years","Non-GA Resident/Unknown State","822","0","40"
"01-04 years","Oconee","81","0","0"
"05-09 years","Oconee","186","0","0"
"10-17 years","Oconee","590","0","1"
"18-29 years","Oconee","829","0","13"
"30-39 years","Oconee","596","1","8"
"40-49 years","Oconee","876","3","29"
"50-59 years","Oconee","707","5","23"
"60-69 years","Oconee","442","12","44"
"70-79 years","Oconee","256","19","34"
"80 & Older years","Oconee","163","34","49"
"<1 years","Oconee","18","0","0"
"Unknown years","Oconee","4","0","0"
"01-04 years","Oglethorpe","31","0","0"
"05-09 years","Oglethorpe","62","0","0"
"10-17 years","Oglethorpe","174","0","3"
"18-29 years","Oglethorpe","319","0","8"
"30-39 years","Oglethorpe","233","2","12"
"40-49 years","Oglethorpe","257","2","21"
"50-59 years","Oglethorpe","256","1","29"
"60-69 years","Oglethorpe","206","4","23"
"70-79 years","Oglethorpe","147","15","25"
"80 & Older years","Oglethorpe","83","18","23"
"<1 years","Oglethorpe","13","0","1"
"Unknown years","Oglethorpe","1","0","0"
"01-04 years","Paulding","370","0","4"
"05-09 years","Paulding","788","0","0"
"10-17 years","Paulding","2221","0","10"
"18-29 years","Paulding","3403","1","42"
"30-39 years","Paulding","3199","5","51"
"40-49 years","Paulding","3165","13","77"
"50-59 years","Paulding","2771","38","125"
"60-69 years","Paulding","1467","56","115"
"70-79 years","Paulding","768","59","114"
"80 & Older years","Paulding","426","86","91"
"<1 years","Paulding","109","0","1"
"Unknown years","Paulding","28","0","0"
"01-04 years","Peach","44","0","2"
"05-09 years","Peach","55","0","0"
"10-17 years","Peach","177","0","2"
"18-29 years","Peach","608","1","14"
"30-39 years","Peach","473","3","20"
"40-49 years","Peach","396","9","32"
"50-59 years","Peach","404","14","58"
"60-69 years","Peach","350","21","75"
"70-79 years","Peach","178","26","59"
"80 & Older years","Peach","84","22","38"
"<1 years","Peach","5","0","0"
"01-04 years","Pickens","38","0","3"
"05-09 years","Pickens","86","0","2"
"10-17 years","Pickens","273","0","1"
"18-29 years","Pickens","621","0","14"
"30-39 years","Pickens","503","3","25"
"40-49 years","Pickens","553","1","34"
"50-59 years","Pickens","659","9","58"
"60-69 years","Pickens","515","19","85"
"70-79 years","Pickens","372","29","100"
"80 & Older years","Pickens","163","34","52"
"<1 years","Pickens","6","0","1"
"Unknown years","Pickens","1","0","0"
"01-04 years","Pierce","52","0","0"
"05-09 years","Pierce","69","0","0"
"10-17 years","Pierce","211","1","1"
"18-29 years","Pierce","386","0","8"
"30-39 years","Pierce","287","3","15"
"40-49 years","Pierce","342","5","29"
"50-59 years","Pierce","316","17","43"
"60-69 years","Pierce","229","22","65"
"70-79 years","Pierce","169","24","63"
"80 & Older years","Pierce","65","18","26"
"<1 years","Pierce","22","0","1"
"01-04 years","Pike","60","0","0"
"05-09 years","Pike","93","0","0"
"10-17 years","Pike","241","0","1"
"18-29 years","Pike","290","2","11"
"30-39 years","Pike","308","2","8"
"40-49 years","Pike","332","3","17"
"50-59 years","Pike","273","10","25"
"60-69 years","Pike","196","15","39"
"70-79 years","Pike","112","9","30"
"80 & Older years","Pike","44","12","12"
"<1 years","Pike","17","0","0"
"Unknown years","Pike","1","0","0"
"01-04 years","Polk","105","0","1"
"05-09 years","Polk","191","0","3"
"10-17 years","Polk","679","0","6"
"18-29 years","Polk","1371","0","25"
"30-39 years","Polk","1024","2","32"
"40-49 years","Polk","978","8","59"
"50-59 years","Polk","970","25","112"
"60-69 years","Polk","626","33","116"
"70-79 years","Polk","438","41","126"
"80 & Older years","Polk","191","34","66"
"<1 years","Polk","53","0","3"
"Unknown years","Polk","18","0","0"
"01-04 years","Pulaski","15","0","0"
"05-09 years","Pulaski","29","0","0"
"10-17 years","Pulaski","93","0","1"
"18-29 years","Pulaski","154","0","3"
"30-39 years","Pulaski","141","1","3"
"40-49 years","Pulaski","132","0","10"
"50-59 years","Pulaski","137","4","9"
"60-69 years","Pulaski","113","11","16"
"70-79 years","Pulaski","52","13","17"
"80 & Older years","Pulaski","41","13","7"
"<1 years","Pulaski","5","0","0"
"01-04 years","Putnam","43","0","0"
"05-09 years","Putnam","78","0","1"
"10-17 years","Putnam","237","0","2"
"18-29 years","Putnam","444","0","6"
"30-39 years","Putnam","400","1","16"
"40-49 years","Putnam","330","4","21"
"50-59 years","Putnam","434","3","36"
"60-69 years","Putnam","369","23","51"
"70-79 years","Putnam","276","26","72"
"80 & Older years","Putnam","113","27","43"
"<1 years","Putnam","13","0","1"
"01-04 years","Quitman","3","0","0"
"05-09 years","Quitman","5","0","0"
"10-17 years","Quitman","14","0","0"
"18-29 years","Quitman","17","0","2"
"30-39 years","Quitman","14","0","2"
"40-49 years","Quitman","5","0","1"
"50-59 years","Quitman","18","0","2"
"60-69 years","Quitman","29","1","6"
"70-79 years","Quitman","6","1","2"
"80 & Older years","Quitman","11","1","2"
"<1 years","Quitman","2","0","0"
"01-04 years","Rabun","24","0","0"
"05-09 years","Rabun","61","0","0"
"10-17 years","Rabun","206","0","2"
"18-29 years","Rabun","329","2","9"
"30-39 years","Rabun","271","2","14"
"40-49 years","Rabun","294","2","20"
"50-59 years","Rabun","345","4","41"
"60-69 years","Rabun","334","12","42"
"70-79 years","Rabun","261","20","57"
"80 & Older years","Rabun","106","22","35"
"<1 years","Rabun","10","0","1"
"Unknown years","Rabun","3","0","0"
"01-04 years","Randolph","3","0","0"
"05-09 years","Randolph","12","0","0"
"10-17 years","Randolph","36","0","3"
"18-29 years","Randolph","88","1","5"
"30-39 years","Randolph","93","2","8"
"40-49 years","Randolph","77","0","8"
"50-59 years","Randolph","115","6","25"
"60-69 years","Randolph","86","11","19"
"70-79 years","Randolph","55","5","18"
"80 & Older years","Randolph","50","15","17"
"<1 years","Randolph","2","0","0"
"Unknown years","Randolph","2","0","0"
"01-04 years","Richmond","498","0","1"
"05-09 years","Richmond","1031","1","8"
"10-17 years","Richmond","2545","0","29"
"18-29 years","Richmond","6470","15","98"
"30-39 years","Richmond","4924","13","144"
"40-49 years","Richmond","3713","31","177"
"50-59 years","Richmond","3399","59","305"
"60-69 years","Richmond","2590","132","387"
"70-79 years","Richmond","1361","158","393"
"80 & Older years","Richmond","799","194","322"
"<1 years","Richmond","161","0","6"
"Unknown years","Richmond","19","0","0"
"01-04 years","Rockdale","162","0","21"
"05-09 years","Rockdale","364","0","21"
"10-17 years","Rockdale","1002","0","51"
"18-29 years","Rockdale","2024","3","186"
"30-39 years","Rockdale","1745","5","225"
"40-49 years","Rockdale","1769","12","227"
"50-59 years","Rockdale","1599","27","294"
"60-69 years","Rockdale","937","48","244"
"70-79 years","Rockdale","540","73","221"
"80 & Older years","Rockdale","273","72","145"
"<1 years","Rockdale","40","0","5"
"Unknown years","Rockdale","4","0","2"
"01-04 years","Schley","9","0","0"
"05-09 years","Schley","12","0","0"
"10-17 years","Schley","40","0","0"
"18-29 years","Schley","66","0","2"
"30-39 years","Schley","42","0","0"
"40-49 years","Schley","62","0","5"
"50-59 years","Schley","53","2","8"
"60-69 years","Schley","36","1","7"
"70-79 years","Schley","19","3","4"
"80 & Older years","Schley","9","2","3"
"<1 years","Schley","1","0","0"
"01-04 years","Screven","25","0","1"
"05-09 years","Screven","44","0","0"
"10-17 years","Screven","173","0","1"
"18-29 years","Screven","223","0","7"
"30-39 years","Screven","214","1","6"
"40-49 years","Screven","182","4","12"
"50-59 years","Screven","171","6","21"
"60-69 years","Screven","175","5","19"
"70-79 years","Screven","101","10","21"
"80 & Older years","Screven","45","9","13"
"<1 years","Screven","11","0","0"
"Unknown years","Screven","1","0","0"
"01-04 years","Seminole","22","0","0"
"05-09 years","Seminole","42","0","0"
"10-17 years","Seminole","139","0","0"
"18-29 years","Seminole","197","0","3"
"30-39 years","Seminole","161","0","4"
"40-49 years","Seminole","162","0","10"
"50-59 years","Seminole","169","3","9"
"60-69 years","Seminole","179","6","33"
"70-79 years","Seminole","101","7","21"
"80 & Older years","Seminole","47","7","18"
"<1 years","Seminole","9","0","0"
"Unknown years","Seminole","1","0","0"
"01-04 years","Spalding","161","0","2"
"05-09 years","Spalding","232","0","1"
"10-17 years","Spalding","564","0","5"
"18-29 years","Spalding","1363","4","44"
"30-39 years","Spalding","1173","7","53"
"40-49 years","Spalding","1085","16","81"
"50-59 years","Spalding","1072","39","124"
"60-69 years","Spalding","799","71","147"
"70-79 years","Spalding","526","78","130"
"80 & Older years","Spalding","309","75","88"
"<1 years","Spalding","49","0","3"
"Unknown years","Spalding","11","0","1"
"01-04 years","Stephens","50","0","2"
"05-09 years","Stephens","103","0","1"
"10-17 years","Stephens","424","0","3"
"18-29 years","Stephens","861","1","24"
"30-39 years","Stephens","580","0","11"
"40-49 years","Stephens","670","1","28"
"50-59 years","Stephens","699","11","55"
"60-69 years","Stephens","640","34","94"
"70-79 years","Stephens","428","36","91"
"80 & Older years","Stephens","203","31","49"
"<1 years","Stephens","16","0","1"
"Unknown years","Stephens","12","0","0"
"01-04 years","Stewart","10","0","1"
"05-09 years","Stewart","8","0","0"
"10-17 years","Stewart","26","0","0"
"18-29 years","Stewart","436","0","22"
"30-39 years","Stewart","408","1","28"
"40-49 years","Stewart","257","2","24"
"50-59 years","Stewart","124","2","18"
"60-69 years","Stewart","85","16","31"
"70-79 years","Stewart","28","4","6"
"80 & Older years","Stewart","23","5","7"
"<1 years","Stewart","3","0","0"
"Unknown years","Stewart","12","0","3"
"01-04 years","Sumter","61","0","1"
"05-09 years","Sumter","103","0","0"
"10-17 years","Sumter","219","0","7"
"18-29 years","Sumter","533","2","20"
"30-39 years","Sumter","412","1","36"
"40-49 years","Sumter","386","11","38"
"50-59 years","Sumter","423","11","64"
"60-69 years","Sumter","339","33","87"
"70-79 years","Sumter","221","35","65"
"80 & Older years","Sumter","140","39","60"
"<1 years","Sumter","38","0","4"
"Unknown years","Sumter","1","0","0"
"01-04 years","Talbot","16","0","1"
"05-09 years","Talbot","25","0","0"
"10-17 years","Talbot","56","0","0"
"18-29 years","Talbot","95","0","4"
"30-39 years","Talbot","63","0","3"
"40-49 years","Talbot","91","3","5"
"50-59 years","Talbot","101","6","11"
"60-69 years","Talbot","86","7","21"
"70-79 years","Talbot","52","8","9"
"80 & Older years","Talbot","25","4","10"
"<1 years","Talbot","1","0","0"
"Unknown years","Talbot","2","0","0"
"01-04 years","Taliaferro","2","0","0"
"05-09 years","Taliaferro","1","0","0"
"10-17 years","Taliaferro","11","0","0"
"18-29 years","Taliaferro","20","0","1"
"30-39 years","Taliaferro","19","0","0"
"40-49 years","Taliaferro","23","0","2"
"50-59 years","Taliaferro","12","0","0"
"60-69 years","Taliaferro","26","1","4"
"70-79 years","Taliaferro","11","1","4"
"80 & Older years","Taliaferro","4","1","2"
"<1 years","Taliaferro","1","0","0"
"01-04 years","Tattnall","59","0","1"
"05-09 years","Tattnall","87","0","1"
"10-17 years","Tattnall","272","0","2"
"18-29 years","Tattnall","477","1","3"
"30-39 years","Tattnall","430","2","10"
"40-49 years","Tattnall","420","0","11"
"50-59 years","Tattnall","432","13","31"
"60-69 years","Tattnall","304","22","45"
"70-79 years","Tattnall","164","29","46"
"80 & Older years","Tattnall","61","6","10"
"<1 years","Tattnall","20","0","0"
"01-04 years","Taylor","21","0","1"
"05-09 years","Taylor","31","0","0"
"10-17 years","Taylor","81","0","1"
"18-29 years","Taylor","137","1","6"
"30-39 years","Taylor","94","1","6"
"40-49 years","Taylor","136","2","17"
"50-59 years","Taylor","108","3","20"
"60-69 years","Taylor","89","8","22"
"70-79 years","Taylor","47","9","15"
"80 & Older years","Taylor","29","10","10"
"<1 years","Taylor","6","0","0"
"01-04 years","Telfair","15","0","0"
"05-09 years","Telfair","26","0","0"
"10-17 years","Telfair","55","0","1"
"18-29 years","Telfair","189","0","4"
"30-39 years","Telfair","144","1","5"
"40-49 years","Telfair","150","2","8"
"50-59 years","Telfair","141","8","14"
"60-69 years","Telfair","122","11","22"
"70-79 years","Telfair","80","17","23"
"80 & Older years","Telfair","46","17","13"
"<1 years","Telfair","8","0","0"
"Unknown years","Telfair","2","0","0"
"01-04 years","Terrell","18","0","0"
"05-09 years","Terrell","26","0","0"
"10-17 years","Terrell","86","0","1"
"18-29 years","Terrell","124","0","8"
"30-39 years","Terrell","118","0","14"
"40-49 years","Terrell","93","0","13"
"50-59 years","Terrell","140","7","28"
"60-69 years","Terrell","116","14","44"
"70-79 years","Terrell","71","19","30"
"80 & Older years","Terrell","46","16","20"
"<1 years","Terrell","4","0","0"
"01-04 years","Thomas","164","1","2"
"05-09 years","Thomas","312","0","3"
"10-17 years","Thomas","795","0","3"
"18-29 years","Thomas","1041","2","42"
"30-39 years","Thomas","848","5","36"
"40-49 years","Thomas","827","11","60"
"50-59 years","Thomas","851","21","85"
"60-69 years","Thomas","640","24","136"
"70-79 years","Thomas","368","44","107"
"80 & Older years","Thomas","218","54","73"
"<1 years","Thomas","56","0","3"
"Unknown years","Thomas","5","0","0"
"01-04 years","Tift","106","0","7"
"05-09 years","Tift","162","0","4"
"10-17 years","Tift","423","0","10"
"18-29 years","Tift","1079","2","34"
"30-39 years","Tift","795","2","42"
"40-49 years","Tift","734","10","75"
"50-59 years","Tift","626","18","88"
"60-69 years","Tift","486","27","100"
"70-79 years","Tift","305","37","101"
"80 & Older years","Tift","185","46","74"
"<1 years","Tift","35","0","2"
"Unknown years","Tift","1","0","0"
"01-04 years","Toombs","53","0","0"
"05-09 years","Toombs","119","0","0"
"10-17 years","Toombs","352","0","2"
"18-29 years","Toombs","878","1","10"
"30-39 years","Toombs","678","2","11"
"40-49 years","Toombs","644","9","37"
"50-59 years","Toombs","621","16","39"
"60-69 years","Toombs","549","31","73"
"70-79 years","Toombs","343","47","56"
"80 & Older years","Toombs","197","49","42"
"<1 years","Toombs","21","0","0"
"01-04 years","Towns","8","0","0"
"05-09 years","Towns","18","0","1"
"10-17 years","Towns","75","0","1"
"18-29 years","Towns","205","0","4"
"30-39 years","Towns","138","1","5"
"40-49 years","Towns","167","2","6"
"50-59 years","Towns","270","6","27"
"60-69 years","Towns","324","8","28"
"70-79 years","Towns","237","16","49"
"80 & Older years","Towns","163","37","66"
"<1 years","Towns","2","0","0"
"01-04 years","Treutlen","13","0","0"
"05-09 years","Treutlen","25","0","1"
"10-17 years","Treutlen","78","0","1"
"18-29 years","Treutlen","157","0","3"
"30-39 years","Treutlen","145","0","5"
"40-49 years","Treutlen","142","5","6"
"50-59 years","Treutlen","137","3","10"
"60-69 years","Treutlen","90","7","15"
"70-79 years","Treutlen","70","17","12"
"80 & Older years","Treutlen","39","13","10"
"<1 years","Treutlen","1","0","0"
"01-04 years","Troup","255","0","2"
"05-09 years","Troup","382","0","1"
"10-17 years","Troup","957","0","11"
"18-29 years","Troup","1897","2","38"
"30-39 years","Troup","1490","10","63"
"40-49 years","Troup","1236","11","70"
"50-59 years","Troup","1202","34","142"
"60-69 years","Troup","883","57","132"
"70-79 years","Troup","473","64","116"
"80 & Older years","Troup","317","94","78"
"<1 years","Troup","89","0","3"
"Unknown years","Troup","7","0","0"
"01-04 years","Turner","13","0","0"
"05-09 years","Turner","18","0","2"
"10-17 years","Turner","37","0","1"
"18-29 years","Turner","135","0","4"
"30-39 years","Turner","142","0","15"
"40-49 years","Turner","139","1","9"
"50-59 years","Turner","127","2","19"
"60-69 years","Turner","103","9","30"
"70-79 years","Turner","63","11","16"
"80 & Older years","Turner","38","18","16"
"<1 years","Turner","7","0","1"
"Unknown years","Turner","1","0","0"
"01-04 years","Twiggs","16","0","1"
"05-09 years","Twiggs","14","0","1"
"10-17 years","Twiggs","51","0","1"
"18-29 years","Twiggs","113","0","3"
"30-39 years","Twiggs","101","1","4"
"40-49 years","Twiggs","103","2","11"
"50-59 years","Twiggs","138","4","26"
"60-69 years","Twiggs","128","13","42"
"70-79 years","Twiggs","73","14","30"
"80 & Older years","Twiggs","34","15","19"
"<1 years","Twiggs","2","0","0"
"01-04 years","Union","21","0","0"
"05-09 years","Union","64","0","0"
"10-17 years","Union","205","0","2"
"18-29 years","Union","409","1","6"
"30-39 years","Union","400","3","8"
"40-49 years","Union","379","2","23"
"50-59 years","Union","483","6","40"
"60-69 years","Union","584","20","80"
"70-79 years","Union","495","35","108"
"80 & Older years","Union","264","53","85"
"<1 years","Union","8","0","2"
"Unknown years","Union","8","0","0"
"01-04 years","Unknown","49","0","0"
"05-09 years","Unknown","88","0","0"
"10-17 years","Unknown","260","0","1"
"18-29 years","Unknown","871","1","8"
"30-39 years","Unknown","492","0","6"
"40-49 years","Unknown","411","1","5"
"50-59 years","Unknown","334","1","8"
"60-69 years","Unknown","216","1","14"
"70-79 years","Unknown","127","1","9"
"80 & Older years","Unknown","59","0","5"
"<1 years","Unknown","43","0","1"
"Unknown years","Unknown","97","0","4"
"01-04 years","Upson","82","0","1"
"05-09 years","Upson","118","0","0"
"10-17 years","Upson","307","1","4"
"18-29 years","Upson","497","0","9"
"30-39 years","Upson","369","2","12"
"40-49 years","Upson","370","2","19"
"50-59 years","Upson","363","13","41"
"60-69 years","Upson","334","31","57"
"70-79 years","Upson","226","44","67"
"80 & Older years","Upson","129","47","45"
"<1 years","Upson","33","0","2"
"Unknown years","Upson","7","0","0"
"01-04 years","Walker","181","0","1"
"05-09 years","Walker","373","0","1"
"10-17 years","Walker","994","0","9"
"18-29 years","Walker","1845","0","24"
"30-39 years","Walker","1492","1","22"
"40-49 years","Walker","1653","11","52"
"50-59 years","Walker","1431","8","62"
"60-69 years","Walker","1085","30","93"
"70-79 years","Walker","714","44","91"
"80 & Older years","Walker","318","43","58"
"<1 years","Walker","70","0","3"
"Unknown years","Walker","76","0","4"
"01-04 years","Walton","162","0","3"
"05-09 years","Walton","339","0","9"
"10-17 years","Walton","1047","0","21"
"18-29 years","Walton","2092","3","106"
"30-39 years","Walton","1858","6","86"
"40-49 years","Walton","1912","10","131"
"50-59 years","Walton","1816","29","174"
"60-69 years","Walton","1233","50","194"
"70-79 years","Walton","867","101","184"
"80 & Older years","Walton","486","126","125"
"<1 years","Walton","62","0","3"
"Unknown years","Walton","8","0","0"
"01-04 years","Ware","127","0","1"
"05-09 years","Ware","157","0","0"
"10-17 years","Ware","436","0","4"
"18-29 years","Ware","866","1","16"
"30-39 years","Ware","704","3","37"
"40-49 years","Ware","638","5","55"
"50-59 years","Ware","602","34","123"
"60-69 years","Ware","444","36","109"
"70-79 years","Ware","335","56","130"
"80 & Older years","Ware","239","72","83"
"<1 years","Ware","44","0","2"
"01-04 years","Warren","10","0","0"
"05-09 years","Warren","10","0","0"
"10-17 years","Warren","36","0","0"
"18-29 years","Warren","106","0","3"
"30-39 years","Warren","73","0","5"
"40-49 years","Warren","73","3","7"
"50-59 years","Warren","85","3","10"
"60-69 years","Warren","60","3","10"
"70-79 years","Warren","43","6","15"
"80 & Older years","Warren","20","5","8"
"<1 years","Warren","6","0","1"
"Unknown years","Warren","4","0","0"
"01-04 years","Washington","61","0","0"
"05-09 years","Washington","85","0","0"
"10-17 years","Washington","289","1","4"
"18-29 years","Washington","392","0","8"
"30-39 years","Washington","361","2","14"
"40-49 years","Washington","355","6","16"
"50-59 years","Washington","316","10","17"
"60-69 years","Washington","277","17","34"
"70-79 years","Washington","143","13","27"
"80 & Older years","Washington","82","29","15"
"<1 years","Washington","24","0","0"
"Unknown years","Washington","1","0","0"
"01-04 years","Wayne","62","0","2"
"05-09 years","Wayne","109","0","0"
"10-17 years","Wayne","390","0","2"
"18-29 years","Wayne","733","1","15"
"30-39 years","Wayne","713","6","21"
"40-49 years","Wayne","750","13","57"
"50-59 years","Wayne","654","23","61"
"60-69 years","Wayne","493","37","95"
"70-79 years","Wayne","347","40","97"
"80 & Older years","Wayne","156","38","39"
"<1 years","Wayne","25","0","2"
"05-09 years","Webster","8","0","0"
"10-17 years","Webster","16","0","0"
"18-29 years","Webster","35","0","3"
"30-39 years","Webster","17","0","1"
"40-49 years","Webster","27","0","2"
"50-59 years","Webster","26","3","8"
"60-69 years","Webster","28","1","4"
"70-79 years","Webster","11","1","4"
"80 & Older years","Webster","5","1","1"
"<1 years","Webster","3","0","0"
"Unknown years","Webster","2","0","0"
"01-04 years","Wheeler","3","0","0"
"05-09 years","Wheeler","9","0","1"
"10-17 years","Wheeler","41","0","0"
"18-29 years","Wheeler","88","0","0"
"30-39 years","Wheeler","108","2","2"
"40-49 years","Wheeler","105","3","3"
"50-59 years","Wheeler","115","9","12"
"60-69 years","Wheeler","72","6","10"
"70-79 years","Wheeler","49","8","12"
"80 & Older years","Wheeler","10","4","2"
"<1 years","Wheeler","2","0","0"
"Unknown years","Wheeler","23","0","1"
"01-04 years","White","41","0","1"
"05-09 years","White","111","0","1"
"10-17 years","White","437","0","2"
"18-29 years","White","721","1","14"
"30-39 years","White","596","2","12"
"40-49 years","White","652","8","33"
"50-59 years","White","725","10","66"
"60-69 years","White","636","20","89"
"70-79 years","White","475","30","110"
"80 & Older years","White","252","46","92"
"<1 years","White","14","0","0"
"Unknown years","White","11","0","0"
"01-04 years","Whitfield","302","0","3"
"05-09 years","Whitfield","628","0","3"
"10-17 years","Whitfield","1978","0","9"
"18-29 years","Whitfield","4642","3","63"
"30-39 years","Whitfield","3200","6","85"
"40-49 years","Whitfield","3146","12","113"
"50-59 years","Whitfield","2767","55","175"
"60-69 years","Whitfield","1674","62","200"
"70-79 years","Whitfield","936","80","182"
"80 & Older years","Whitfield","525","113","139"
"<1 years","Whitfield","109","0","5"
"01-04 years","Wilcox","21","0","1"
"05-09 years","Wilcox","28","0","0"
"10-17 years","Wilcox","55","0","0"
"18-29 years","Wilcox","75","0","1"
"30-39 years","Wilcox","71","0","3"
"40-49 years","Wilcox","93","0","12"
"50-59 years","Wilcox","102","2","17"
"60-69 years","Wilcox","108","10","30"
"70-79 years","Wilcox","60","12","11"
"80 & Older years","Wilcox","27","8","8"
"<1 years","Wilcox","8","0","1"
"01-04 years","Wilkes","10","0","0"
"05-09 years","Wilkes","25","0","0"
"10-17 years","Wilkes","78","0","1"
"18-29 years","Wilkes","171","0","5"
"30-39 years","Wilkes","115","0","7"
"40-49 years","Wilkes","143","1","16"
"50-59 years","Wilkes","132","3","14"
"60-69 years","Wilkes","110","4","24"
"70-79 years","Wilkes","78","9","29"
"80 & Older years","Wilkes","44","10","19"
"<1 years","Wilkes","7","0","1"
"Unknown years","Wilkes","1","0","0"
"01-04 years","Wilkinson","18","0","0"
"05-09 years","Wilkinson","27","0","0"
"10-17 years","Wilkinson","92","0","1"
"18-29 years","Wilkinson","180","0","4"
"30-39 years","Wilkinson","162","0","11"
"40-49 years","Wilkinson","155","0","10"
"50-59 years","Wilkinson","195","6","30"
"60-69 years","Wilkinson","175","18","51"
"70-79 years","Wilkinson","74","10","23"
"80 & Older years","Wilkinson","45","7","19"
"<1 years","Wilkinson","6","0","0"
"01-04 years","Worth","32","0","0"
"05-09 years","Worth","52","0","0"
"10-17 years","Worth","168","1","3"
"18-29 years","Worth","317","1","15"
"30-39 years","Worth","232","0","18"
"40-49 years","Worth","239","3","26"
"50-59 years","Worth","259","7","38"
"60-69 years","Worth","246","23","64"
"70-79 years","Worth","140","21","41"
"80 & Older years","Worth","89","23","33"
"<1 years","Worth","10","0","0"
"Unknown years","Worth","2","0","0"
