"age group","county name","cases","deaths","hospitalization"
"01-04 years","Georgia","9144","1","168"
"05-09 years","Georgia","14968","2","127"
"10-17 years","Georgia","52458","6","511"
"18-29 years","Georgia","166948","81","3093"
"30-39 years","Georgia","119020","192","4038"
"40-49 years","Georgia","115784","435","5854"
"50-59 years","Georgia","109921","1136","8627"
"60-69 years","Georgia","74601","2417","10167"
"70-79 years","Georgia","44007","3461","9538"
"80 & Older years","Georgia","25897","4676","7523"
"<1 years","Georgia","2552","0","127"
"Unknown years","Georgia","6691","3","96"
"01-04 years","Appling","23","0","0"
"05-09 years","Appling","47","0","0"
"10-17 years","Appling","142","0","1"
"18-29 years","Appling","314","1","4"
"30-39 years","Appling","226","1","5"
"40-49 years","Appling","230","3","17"
"50-59 years","Appling","260","6","21"
"60-69 years","Appling","216","11","39"
"70-79 years","Appling","143","13","29"
"80 & Older years","Appling","68","14","25"
"<1 years","Appling","4","0","0"
"Unknown years","Appling","5","0","0"
"01-04 years","Atkinson","5","0","1"
"05-09 years","Atkinson","18","0","1"
"10-17 years","Atkinson","46","0","0"
"18-29 years","Atkinson","161","0","8"
"30-39 years","Atkinson","118","0","9"
"40-49 years","Atkinson","121","1","21"
"50-59 years","Atkinson","128","1","21"
"60-69 years","Atkinson","78","4","22"
"70-79 years","Atkinson","44","4","13"
"80 & Older years","Atkinson","14","4","9"
"<1 years","Atkinson","3","0","0"
"Unknown years","Atkinson","1","0","0"
"01-04 years","Bacon","17","0","0"
"05-09 years","Bacon","22","0","0"
"10-17 years","Bacon","67","0","1"
"18-29 years","Bacon","227","0","1"
"30-39 years","Bacon","128","0","4"
"40-49 years","Bacon","153","1","10"
"50-59 years","Bacon","145","2","16"
"60-69 years","Bacon","113","7","19"
"70-79 years","Bacon","71","6","12"
"80 & Older years","Bacon","37","8","7"
"<1 years","Bacon","6","0","0"
"Unknown years","Bacon","1","0","0"
"01-04 years","Baker","5","0","0"
"05-09 years","Baker","4","0","0"
"10-17 years","Baker","9","0","0"
"18-29 years","Baker","22","0","0"
"30-39 years","Baker","21","0","2"
"40-49 years","Baker","13","0","1"
"50-59 years","Baker","19","0","1"
"60-69 years","Baker","30","2","14"
"70-79 years","Baker","18","2","10"
"80 & Older years","Baker","8","2","3"
"<1 years","Baker","2","0","0"
"01-04 years","Baldwin","27","0","0"
"05-09 years","Baldwin","49","0","0"
"10-17 years","Baldwin","161","1","5"
"18-29 years","Baldwin","1179","0","13"
"30-39 years","Baldwin","415","1","15"
"40-49 years","Baldwin","434","2","29"
"50-59 years","Baldwin","447","10","50"
"60-69 years","Baldwin","351","19","60"
"70-79 years","Baldwin","236","21","46"
"80 & Older years","Baldwin","133","36","46"
"<1 years","Baldwin","11","0","0"
"01-04 years","Banks","7","0","0"
"05-09 years","Banks","20","0","1"
"10-17 years","Banks","93","0","2"
"18-29 years","Banks","259","0","5"
"30-39 years","Banks","179","0","4"
"40-49 years","Banks","196","0","14"
"50-59 years","Banks","223","1","19"
"60-69 years","Banks","183","4","35"
"70-79 years","Banks","140","11","50"
"80 & Older years","Banks","78","10","27"
"<1 years","Banks","4","0","1"
"Unknown years","Banks","46","0","1"
"01-04 years","Barrow","73","0","0"
"05-09 years","Barrow","133","0","0"
"10-17 years","Barrow","506","0","6"
"18-29 years","Barrow","1460","1","30"
"30-39 years","Barrow","1247","1","38"
"40-49 years","Barrow","1278","4","55"
"50-59 years","Barrow","1088","4","79"
"60-69 years","Barrow","725","18","113"
"70-79 years","Barrow","429","23","89"
"80 & Older years","Barrow","211","40","70"
"<1 years","Barrow","27","0","2"
"Unknown years","Barrow","22","0","0"
"01-04 years","Bartow","76","0","3"
"05-09 years","Bartow","169","0","2"
"10-17 years","Bartow","746","0","7"
"18-29 years","Bartow","1691","0","17"
"30-39 years","Bartow","1373","4","34"
"40-49 years","Bartow","1432","1","61"
"50-59 years","Bartow","1467","11","112"
"60-69 years","Bartow","878","25","118"
"70-79 years","Bartow","619","54","134"
"80 & Older years","Bartow","302","60","94"
"<1 years","Bartow","27","0","2"
"Unknown years","Bartow","116","0","7"
"01-04 years","Ben Hill","28","0","1"
"05-09 years","Ben Hill","19","0","0"
"10-17 years","Ben Hill","95","0","0"
"18-29 years","Ben Hill","247","0","4"
"30-39 years","Ben Hill","205","3","9"
"40-49 years","Ben Hill","190","1","9"
"50-59 years","Ben Hill","232","4","26"
"60-69 years","Ben Hill","195","11","25"
"70-79 years","Ben Hill","139","18","49"
"80 & Older years","Ben Hill","65","13","15"
"<1 years","Ben Hill","5","0","0"
"Unknown years","Ben Hill","2","0","0"
"01-04 years","Berrien","14","0","0"
"05-09 years","Berrien","19","0","0"
"10-17 years","Berrien","76","0","1"
"18-29 years","Berrien","177","0","0"
"30-39 years","Berrien","145","0","3"
"40-49 years","Berrien","128","0","4"
"50-59 years","Berrien","151","2","15"
"60-69 years","Berrien","114","5","15"
"70-79 years","Berrien","74","8","13"
"80 & Older years","Berrien","45","9","11"
"<1 years","Berrien","2","0","0"
"Unknown years","Berrien","1","0","0"
"01-04 years","Bibb","127","0","4"
"05-09 years","Bibb","166","0","0"
"10-17 years","Bibb","557","0","7"
"18-29 years","Bibb","2606","1","71"
"30-39 years","Bibb","1853","5","94"
"40-49 years","Bibb","1843","10","172"
"50-59 years","Bibb","1726","16","224"
"60-69 years","Bibb","1362","64","337"
"70-79 years","Bibb","833","87","270"
"80 & Older years","Bibb","514","110","234"
"<1 years","Bibb","42","0","4"
"Unknown years","Bibb","18","0","0"
"01-04 years","Bleckley","3","0","0"
"05-09 years","Bleckley","13","0","0"
"10-17 years","Bleckley","63","0","0"
"18-29 years","Bleckley","181","0","3"
"30-39 years","Bleckley","84","0","2"
"40-49 years","Bleckley","100","1","2"
"50-59 years","Bleckley","95","2","4"
"60-69 years","Bleckley","80","7","10"
"70-79 years","Bleckley","63","4","12"
"80 & Older years","Bleckley","61","18","12"
"<1 years","Bleckley","3","0","0"
"01-04 years","Brantley","12","0","0"
"05-09 years","Brantley","11","0","0"
"10-17 years","Brantley","69","0","1"
"18-29 years","Brantley","141","0","1"
"30-39 years","Brantley","100","0","3"
"40-49 years","Brantley","113","1","5"
"50-59 years","Brantley","133","2","12"
"60-69 years","Brantley","100","3","11"
"70-79 years","Brantley","74","9","18"
"80 & Older years","Brantley","42","7","10"
"<1 years","Brantley","1","0","0"
"01-04 years","Brooks","14","0","1"
"05-09 years","Brooks","19","0","0"
"10-17 years","Brooks","79","0","0"
"18-29 years","Brooks","160","0","0"
"30-39 years","Brooks","116","0","2"
"40-49 years","Brooks","111","1","11"
"50-59 years","Brooks","133","2","18"
"60-69 years","Brooks","94","7","14"
"70-79 years","Brooks","77","9","19"
"80 & Older years","Brooks","55","13","15"
"<1 years","Brooks","3","0","0"
"01-04 years","Bryan","38","0","0"
"05-09 years","Bryan","56","0","0"
"10-17 years","Bryan","196","0","1"
"18-29 years","Bryan","442","0","8"
"30-39 years","Bryan","340","1","8"
"40-49 years","Bryan","374","0","13"
"50-59 years","Bryan","298","4","27"
"60-69 years","Bryan","207","6","25"
"70-79 years","Bryan","137","7","40"
"80 & Older years","Bryan","57","5","19"
"<1 years","Bryan","11","0","0"
"Unknown years","Bryan","7","0","0"
"01-04 years","Bulloch","53","0","0"
"05-09 years","Bulloch","80","0","0"
"10-17 years","Bulloch","274","0","2"
"18-29 years","Bulloch","2054","0","7"
"30-39 years","Bulloch","542","4","20"
"40-49 years","Bulloch","469","2","24"
"50-59 years","Bulloch","443","5","24"
"60-69 years","Bulloch","335","13","36"
"70-79 years","Bulloch","168","11","31"
"80 & Older years","Bulloch","95","11","32"
"<1 years","Bulloch","19","0","2"
"Unknown years","Bulloch","10","0","1"
"01-04 years","Burke","17","0","0"
"05-09 years","Burke","40","0","0"
"10-17 years","Burke","116","0","1"
"18-29 years","Burke","305","1","7"
"30-39 years","Burke","228","1","7"
"40-49 years","Burke","255","2","12"
"50-59 years","Burke","235","1","29"
"60-69 years","Burke","181","5","34"
"70-79 years","Burke","108","8","27"
"80 & Older years","Burke","33","6","12"
"<1 years","Burke","5","0","0"
"Unknown years","Burke","4","0","0"
"01-04 years","Butts","20","0","2"
"05-09 years","Butts","21","0","0"
"10-17 years","Butts","91","0","1"
"18-29 years","Butts","311","0","6"
"30-39 years","Butts","276","0","7"
"40-49 years","Butts","271","3","13"
"50-59 years","Butts","297","5","19"
"60-69 years","Butts","207","11","27"
"70-79 years","Butts","159","15","19"
"80 & Older years","Butts","100","22","6"
"<1 years","Butts","4","0","0"
"Unknown years","Butts","1","0","0"
"01-04 years","Calhoun","3","0","0"
"05-09 years","Calhoun","1","0","0"
"10-17 years","Calhoun","31","0","0"
"18-29 years","Calhoun","60","0","5"
"30-39 years","Calhoun","55","2","5"
"40-49 years","Calhoun","75","1","9"
"50-59 years","Calhoun","73","2","13"
"60-69 years","Calhoun","67","2","18"
"70-79 years","Calhoun","25","3","7"
"80 & Older years","Calhoun","15","2","7"
"<1 years","Calhoun","3","0","0"
"Unknown years","Calhoun","1","0","0"
"01-04 years","Camden","41","0","0"
"05-09 years","Camden","36","0","1"
"10-17 years","Camden","182","0","1"
"18-29 years","Camden","693","0","4"
"30-39 years","Camden","451","0","12"
"40-49 years","Camden","356","1","11"
"50-59 years","Camden","419","1","16"
"60-69 years","Camden","321","6","22"
"70-79 years","Camden","184","1","21"
"80 & Older years","Camden","85","12","21"
"<1 years","Camden","9","0","1"
"Unknown years","Camden","8","0","0"
"01-04 years","Candler","8","0","0"
"05-09 years","Candler","12","0","0"
"10-17 years","Candler","53","0","0"
"18-29 years","Candler","124","0","0"
"30-39 years","Candler","90","0","2"
"40-49 years","Candler","112","2","1"
"50-59 years","Candler","118","5","10"
"60-69 years","Candler","91","7","13"
"70-79 years","Candler","58","11","17"
"80 & Older years","Candler","26","4","11"
"<1 years","Candler","4","0","0"
"Unknown years","Candler","1","0","0"
"01-04 years","Carroll","75","0","1"
"05-09 years","Carroll","110","0","1"
"10-17 years","Carroll","523","0","6"
"18-29 years","Carroll","1532","0","11"
"30-39 years","Carroll","934","4","18"
"40-49 years","Carroll","908","4","25"
"50-59 years","Carroll","946","10","52"
"60-69 years","Carroll","662","21","64"
"70-79 years","Carroll","400","29","55"
"80 & Older years","Carroll","246","42","37"
"<1 years","Carroll","25","0","0"
"Unknown years","Carroll","21","0","0"
"01-04 years","Catoosa","66","0","0"
"05-09 years","Catoosa","104","0","1"
"10-17 years","Catoosa","394","0","1"
"18-29 years","Catoosa","822","0","7"
"30-39 years","Catoosa","598","1","9"
"40-49 years","Catoosa","699","1","12"
"50-59 years","Catoosa","656","5","25"
"60-69 years","Catoosa","470","5","43"
"70-79 years","Catoosa","302","14","41"
"80 & Older years","Catoosa","211","24","39"
"<1 years","Catoosa","27","0","0"
"Unknown years","Catoosa","109","0","8"
"01-04 years","Charlton","11","0","0"
"05-09 years","Charlton","24","0","0"
"10-17 years","Charlton","56","0","0"
"18-29 years","Charlton","172","0","1"
"30-39 years","Charlton","193","0","4"
"40-49 years","Charlton","170","2","8"
"50-59 years","Charlton","133","1","4"
"60-69 years","Charlton","133","4","15"
"70-79 years","Charlton","48","4","9"
"80 & Older years","Charlton","24","4","10"
"<1 years","Charlton","2","0","0"
"Unknown years","Charlton","2","0","0"
"01-04 years","Chatham","306","0","2"
"05-09 years","Chatham","358","1","1"
"10-17 years","Chatham","1062","0","13"
"18-29 years","Chatham","4098","2","49"
"30-39 years","Chatham","2868","4","101"
"40-49 years","Chatham","2263","11","125"
"50-59 years","Chatham","2076","27","200"
"60-69 years","Chatham","1685","50","284"
"70-79 years","Chatham","904","80","276"
"80 & Older years","Chatham","572","109","229"
"<1 years","Chatham","83","0","4"
"Unknown years","Chatham","20","0","0"
"01-04 years","Chattahoochee","8","0","0"
"05-09 years","Chattahoochee","7","0","0"
"10-17 years","Chattahoochee","105","0","2"
"18-29 years","Chattahoochee","1920","0","1"
"30-39 years","Chattahoochee","200","0","3"
"40-49 years","Chattahoochee","50","0","0"
"50-59 years","Chattahoochee","21","0","5"
"60-69 years","Chattahoochee","17","0","4"
"70-79 years","Chattahoochee","6","0","2"
"80 & Older years","Chattahoochee","6","1","3"
"<1 years","Chattahoochee","9","0","0"
"Unknown years","Chattahoochee","1","0","0"
"01-04 years","Chattooga","11","0","0"
"05-09 years","Chattooga","23","0","0"
"10-17 years","Chattooga","165","0","1"
"18-29 years","Chattooga","337","0","4"
"30-39 years","Chattooga","268","0","6"
"40-49 years","Chattooga","297","1","9"
"50-59 years","Chattooga","298","5","13"
"60-69 years","Chattooga","252","13","33"
"70-79 years","Chattooga","156","14","37"
"80 & Older years","Chattooga","111","20","25"
"<1 years","Chattooga","9","0","1"
"Unknown years","Chattooga","20","0","1"
"01-04 years","Cherokee","180","0","7"
"05-09 years","Cherokee","439","0","6"
"10-17 years","Cherokee","1745","0","12"
"18-29 years","Cherokee","3579","1","63"
"30-39 years","Cherokee","2520","2","84"
"40-49 years","Cherokee","2846","4","102"
"50-59 years","Cherokee","2831","14","161"
"60-69 years","Cherokee","1677","27","189"
"70-79 years","Cherokee","1118","49","200"
"80 & Older years","Cherokee","735","97","186"
"<1 years","Cherokee","36","0","1"
"Unknown years","Cherokee","78","0","2"
"01-04 years","Clarke","139","0","0"
"05-09 years","Clarke","173","0","1"
"10-17 years","Clarke","496","0","4"
"18-29 years","Clarke","5333","0","29"
"30-39 years","Clarke","1372","1","32"
"40-49 years","Clarke","1126","2","43"
"50-59 years","Clarke","1010","5","54"
"60-69 years","Clarke","680","13","79"
"70-79 years","Clarke","403","32","90"
"80 & Older years","Clarke","220","32","55"
"<1 years","Clarke","35","0","2"
"Unknown years","Clarke","46","0","0"
"01-04 years","Clay","3","0","0"
"05-09 years","Clay","2","0","0"
"10-17 years","Clay","15","0","0"
"18-29 years","Clay","26","0","0"
"30-39 years","Clay","27","0","1"
"40-49 years","Clay","24","0","0"
"50-59 years","Clay","17","0","1"
"60-69 years","Clay","23","1","2"
"70-79 years","Clay","18","0","0"
"80 & Older years","Clay","14","2","5"
"Unknown years","Clay","2","0","0"
"01-04 years","Clayton","292","0","7"
"05-09 years","Clayton","419","1","8"
"10-17 years","Clayton","1128","0","21"
"18-29 years","Clayton","3778","4","86"
"30-39 years","Clayton","3240","6","129"
"40-49 years","Clayton","2969","23","159"
"50-59 years","Clayton","2779","37","229"
"60-69 years","Clayton","1765","72","214"
"70-79 years","Clayton","760","69","147"
"80 & Older years","Clayton","401","74","98"
"<1 years","Clayton","63","0","2"
"Unknown years","Clayton","55","0","2"
"01-04 years","Clinch","12","0","0"
"05-09 years","Clinch","18","0","0"
"10-17 years","Clinch","69","0","0"
"18-29 years","Clinch","122","0","2"
"30-39 years","Clinch","97","1","4"
"40-49 years","Clinch","89","0","3"
"50-59 years","Clinch","87","2","13"
"60-69 years","Clinch","98","6","14"
"70-79 years","Clinch","51","7","18"
"80 & Older years","Clinch","17","3","5"
"<1 years","Clinch","1","0","0"
"Unknown years","Clinch","1","0","0"
"01-04 years","Cobb","574","1","13"
"05-09 years","Cobb","1024","0","7"
"10-17 years","Cobb","3403","0","30"
"18-29 years","Cobb","12753","4","214"
"30-39 years","Cobb","8463","12","221"
"40-49 years","Cobb","7949","27","355"
"50-59 years","Cobb","7145","45","468"
"60-69 years","Cobb","4369","103","452"
"70-79 years","Cobb","2448","208","425"
"80 & Older years","Cobb","1539","293","382"
"<1 years","Cobb","157","0","9"
"Unknown years","Cobb","349","0","3"
"01-04 years","Coffee","73","0","2"
"05-09 years","Coffee","88","0","4"
"10-17 years","Coffee","256","0","3"
"18-29 years","Coffee","755","0","21"
"30-39 years","Coffee","565","3","39"
"40-49 years","Coffee","645","3","85"
"50-59 years","Coffee","632","5","113"
"60-69 years","Coffee","499","27","123"
"70-79 years","Coffee","271","31","109"
"80 & Older years","Coffee","140","32","76"
"<1 years","Coffee","12","0","0"
"Unknown years","Coffee","1","0","0"
"01-04 years","Colquitt","39","0","0"
"05-09 years","Colquitt","80","0","1"
"10-17 years","Colquitt","286","0","4"
"18-29 years","Colquitt","645","0","16"
"30-39 years","Colquitt","446","0","16"
"40-49 years","Colquitt","465","6","33"
"50-59 years","Colquitt","429","11","31"
"60-69 years","Colquitt","297","11","33"
"70-79 years","Colquitt","178","9","36"
"80 & Older years","Colquitt","124","19","23"
"<1 years","Colquitt","13","0","0"
"Unknown years","Colquitt","5","0","0"
"01-04 years","Columbia","105","0","2"
"05-09 years","Columbia","240","0","0"
"10-17 years","Columbia","886","0","1"
"18-29 years","Columbia","1973","0","18"
"30-39 years","Columbia","1735","2","21"
"40-49 years","Columbia","1581","6","38"
"50-59 years","Columbia","1380","12","60"
"60-69 years","Columbia","872","16","70"
"70-79 years","Columbia","475","33","79"
"80 & Older years","Columbia","265","48","72"
"<1 years","Columbia","28","0","1"
"Unknown years","Columbia","18","0","0"
"01-04 years","Cook","12","0","1"
"05-09 years","Cook","21","0","0"
"10-17 years","Cook","87","0","1"
"18-29 years","Cook","219","0","6"
"30-39 years","Cook","160","0","4"
"40-49 years","Cook","169","0","13"
"50-59 years","Cook","154","2","17"
"60-69 years","Cook","118","8","17"
"70-79 years","Cook","95","10","28"
"80 & Older years","Cook","51","11","14"
"<1 years","Cook","6","0","0"
"Unknown years","Cook","2","0","0"
"01-04 years","Coweta","87","0","0"
"05-09 years","Coweta","153","0","0"
"10-17 years","Coweta","517","0","3"
"18-29 years","Coweta","1343","1","14"
"30-39 years","Coweta","1006","0","21"
"40-49 years","Coweta","1097","4","28"
"50-59 years","Coweta","1252","14","51"
"60-69 years","Coweta","773","21","41"
"70-79 years","Coweta","495","25","52"
"80 & Older years","Coweta","272","44","32"
"<1 years","Coweta","24","0","1"
"Unknown years","Coweta","14","0","0"
"01-04 years","Crawford","2","0","0"
"05-09 years","Crawford","1","0","0"
"10-17 years","Crawford","25","0","0"
"18-29 years","Crawford","66","0","2"
"30-39 years","Crawford","61","0","5"
"40-49 years","Crawford","51","1","3"
"50-59 years","Crawford","102","3","12"
"60-69 years","Crawford","89","3","13"
"70-79 years","Crawford","36","3","12"
"80 & Older years","Crawford","20","0","7"
"01-04 years","Crisp","19","0","0"
"05-09 years","Crisp","23","0","0"
"10-17 years","Crisp","89","0","1"
"18-29 years","Crisp","191","0","7"
"30-39 years","Crisp","199","1","12"
"40-49 years","Crisp","179","1","16"
"50-59 years","Crisp","181","4","25"
"60-69 years","Crisp","177","10","31"
"70-79 years","Crisp","91","8","29"
"80 & Older years","Crisp","68","11","16"
"<1 years","Crisp","7","0","0"
"Unknown years","Crisp","12","0","0"
"01-04 years","Dade","10","0","0"
"05-09 years","Dade","27","0","0"
"10-17 years","Dade","75","0","0"
"18-29 years","Dade","176","0","1"
"30-39 years","Dade","116","0","2"
"40-49 years","Dade","155","0","7"
"50-59 years","Dade","130","1","7"
"60-69 years","Dade","103","1","6"
"70-79 years","Dade","71","5","15"
"80 & Older years","Dade","45","1","8"
"<1 years","Dade","7","0","0"
"Unknown years","Dade","29","0","1"
"01-04 years","Dawson","21","0","0"
"05-09 years","Dawson","40","0","0"
"10-17 years","Dawson","175","0","4"
"18-29 years","Dawson","466","0","10"
"30-39 years","Dawson","328","0","11"
"40-49 years","Dawson","314","0","21"
"50-59 years","Dawson","366","1","28"
"60-69 years","Dawson","299","3","62"
"70-79 years","Dawson","188","11","41"
"80 & Older years","Dawson","78","9","25"
"<1 years","Dawson","8","0","1"
"Unknown years","Dawson","68","0","2"
"01-04 years","DeKalb","625","0","17"
"05-09 years","DeKalb","915","0","14"
"10-17 years","DeKalb","2658","0","47"
"18-29 years","DeKalb","10746","9","302"
"30-39 years","DeKalb","9275","14","438"
"40-49 years","DeKalb","7410","27","499"
"50-59 years","DeKalb","6677","67","691"
"60-69 years","DeKalb","4220","119","722"
"70-79 years","DeKalb","2162","161","541"
"80 & Older years","DeKalb","1323","201","395"
"<1 years","DeKalb","150","0","7"
"Unknown years","DeKalb","225","0","7"
"01-04 years","Decatur","48","0","1"
"05-09 years","Decatur","57","0","0"
"10-17 years","Decatur","188","0","0"
"18-29 years","Decatur","384","1","8"
"30-39 years","Decatur","301","1","8"
"40-49 years","Decatur","295","1","17"
"50-59 years","Decatur","245","5","25"
"60-69 years","Decatur","208","10","28"
"70-79 years","Decatur","123","16","20"
"80 & Older years","Decatur","95","13","19"
"<1 years","Decatur","9","0","0"
"01-04 years","Dodge","7","0","0"
"05-09 years","Dodge","17","0","0"
"10-17 years","Dodge","77","1","1"
"18-29 years","Dodge","178","0","3"
"30-39 years","Dodge","138","0","3"
"40-49 years","Dodge","147","1","10"
"50-59 years","Dodge","173","4","15"
"60-69 years","Dodge","152","13","29"
"70-79 years","Dodge","80","16","20"
"80 & Older years","Dodge","55","16","17"
"<1 years","Dodge","3","0","0"
"Unknown years","Dodge","2","1","0"
"01-04 years","Dooly","12","0","0"
"05-09 years","Dooly","11","0","0"
"10-17 years","Dooly","45","0","0"
"18-29 years","Dooly","97","0","5"
"30-39 years","Dooly","91","0","8"
"40-49 years","Dooly","109","0","8"
"50-59 years","Dooly","124","5","15"
"60-69 years","Dooly","112","9","22"
"70-79 years","Dooly","58","6","12"
"80 & Older years","Dooly","21","6","5"
"<1 years","Dooly","3","0","0"
"Unknown years","Dooly","3","0","0"
"01-04 years","Dougherty","49","0","3"
"05-09 years","Dougherty","86","0","0"
"10-17 years","Dougherty","213","0","3"
"18-29 years","Dougherty","857","2","71"
"30-39 years","Dougherty","718","4","66"
"40-49 years","Dougherty","753","14","100"
"50-59 years","Dougherty","827","22","143"
"60-69 years","Dougherty","722","62","216"
"70-79 years","Dougherty","423","56","160"
"80 & Older years","Dougherty","243","79","107"
"<1 years","Dougherty","23","0","1"
"Unknown years","Dougherty","10","0","0"
"01-04 years","Douglas","115","0","3"
"05-09 years","Douglas","222","0","4"
"10-17 years","Douglas","670","0","5"
"18-29 years","Douglas","1891","0","42"
"30-39 years","Douglas","1485","3","51"
"40-49 years","Douglas","1738","4","90"
"50-59 years","Douglas","1568","18","132"
"60-69 years","Douglas","899","24","126"
"70-79 years","Douglas","498","47","118"
"80 & Older years","Douglas","240","31","68"
"<1 years","Douglas","26","0","4"
"Unknown years","Douglas","89","0","0"
"01-04 years","Early","19","0","0"
"05-09 years","Early","17","0","0"
"10-17 years","Early","71","0","0"
"18-29 years","Early","132","0","4"
"30-39 years","Early","139","0","4"
"40-49 years","Early","153","1","9"
"50-59 years","Early","146","3","10"
"60-69 years","Early","109","11","12"
"70-79 years","Early","69","13","14"
"80 & Older years","Early","38","12","10"
"<1 years","Early","2","0","0"
"01-04 years","Echols","7","0","0"
"05-09 years","Echols","5","0","0"
"10-17 years","Echols","25","0","1"
"18-29 years","Echols","129","0","1"
"30-39 years","Echols","55","0","2"
"40-49 years","Echols","40","0","1"
"50-59 years","Echols","43","0","2"
"60-69 years","Echols","21","0","0"
"70-79 years","Echols","17","2","3"
"80 & Older years","Echols","1","0","1"
"<1 years","Echols","1","0","0"
"01-04 years","Effingham","40","0","2"
"05-09 years","Effingham","90","0","0"
"10-17 years","Effingham","280","0","0"
"18-29 years","Effingham","578","0","4"
"30-39 years","Effingham","510","1","12"
"40-49 years","Effingham","478","0","26"
"50-59 years","Effingham","486","8","33"
"60-69 years","Effingham","327","5","48"
"70-79 years","Effingham","191","17","46"
"80 & Older years","Effingham","87","15","29"
"<1 years","Effingham","7","0","0"
"Unknown years","Effingham","7","0","0"
"01-04 years","Elbert","16","0","0"
"05-09 years","Elbert","27","0","0"
"10-17 years","Elbert","77","0","0"
"18-29 years","Elbert","241","0","1"
"30-39 years","Elbert","167","0","8"
"40-49 years","Elbert","203","1","8"
"50-59 years","Elbert","212","0","11"
"60-69 years","Elbert","172","1","20"
"70-79 years","Elbert","145","11","30"
"80 & Older years","Elbert","122","21","29"
"<1 years","Elbert","8","0","2"
"Unknown years","Elbert","9","0","0"
"01-04 years","Emanuel","23","0","1"
"05-09 years","Emanuel","20","0","0"
"10-17 years","Emanuel","157","0","2"
"18-29 years","Emanuel","288","1","0"
"30-39 years","Emanuel","217","0","7"
"40-49 years","Emanuel","270","1","7"
"50-59 years","Emanuel","243","5","24"
"60-69 years","Emanuel","209","8","26"
"70-79 years","Emanuel","122","15","25"
"80 & Older years","Emanuel","59","18","20"
"<1 years","Emanuel","4","0","0"
"Unknown years","Emanuel","10","0","1"
"01-04 years","Evans","8","0","0"
"05-09 years","Evans","19","0","0"
"10-17 years","Evans","79","0","0"
"18-29 years","Evans","127","1","3"
"30-39 years","Evans","118","0","3"
"40-49 years","Evans","99","0","9"
"50-59 years","Evans","100","1","15"
"60-69 years","Evans","59","3","14"
"70-79 years","Evans","44","3","12"
"80 & Older years","Evans","18","2","9"
"<1 years","Evans","2","0","0"
"Unknown years","Evans","1","0","0"
"01-04 years","Fannin","11","0","0"
"05-09 years","Fannin","22","0","0"
"10-17 years","Fannin","99","0","0"
"18-29 years","Fannin","252","1","3"
"30-39 years","Fannin","195","0","5"
"40-49 years","Fannin","223","1","9"
"50-59 years","Fannin","307","4","21"
"60-69 years","Fannin","293","5","30"
"70-79 years","Fannin","215","7","34"
"80 & Older years","Fannin","130","27","44"
"<1 years","Fannin","4","0","0"
"Unknown years","Fannin","19","0","0"
"01-04 years","Fayette","51","0","0"
"05-09 years","Fayette","83","0","1"
"10-17 years","Fayette","377","0","2"
"18-29 years","Fayette","967","0","5"
"30-39 years","Fayette","610","1","7"
"40-49 years","Fayette","817","1","22"
"50-59 years","Fayette","866","5","32"
"60-69 years","Fayette","668","15","37"
"70-79 years","Fayette","354","37","56"
"80 & Older years","Fayette","235","42","32"
"<1 years","Fayette","10","0","0"
"Unknown years","Fayette","30","0","0"
"01-04 years","Floyd","105","0","3"
"05-09 years","Floyd","178","0","0"
"10-17 years","Floyd","803","0","8"
"18-29 years","Floyd","1749","0","19"
"30-39 years","Floyd","1274","3","39"
"40-49 years","Floyd","1249","3","69"
"50-59 years","Floyd","1191","18","113"
"60-69 years","Floyd","873","30","146"
"70-79 years","Floyd","602","33","152"
"80 & Older years","Floyd","342","51","109"
"<1 years","Floyd","40","0","2"
"Unknown years","Floyd","97","0","1"
"01-04 years","Forsyth","159","0","1"
"05-09 years","Forsyth","371","0","1"
"10-17 years","Forsyth","1440","0","3"
"18-29 years","Forsyth","2537","0","39"
"30-39 years","Forsyth","1796","0","54"
"40-49 years","Forsyth","2306","4","105"
"50-59 years","Forsyth","2157","9","145"
"60-69 years","Forsyth","1136","11","125"
"70-79 years","Forsyth","718","32","196"
"80 & Older years","Forsyth","427","50","131"
"<1 years","Forsyth","38","0","3"
"Unknown years","Forsyth","1009","0","2"
"01-04 years","Franklin","12","0","1"
"05-09 years","Franklin","48","0","0"
"10-17 years","Franklin","163","0","5"
"18-29 years","Franklin","394","0","9"
"30-39 years","Franklin","270","0","3"
"40-49 years","Franklin","304","0","10"
"50-59 years","Franklin","308","0","20"
"60-69 years","Franklin","275","3","31"
"70-79 years","Franklin","156","13","29"
"80 & Older years","Franklin","70","13","19"
"<1 years","Franklin","8","0","1"
"Unknown years","Franklin","87","0","2"
"01-04 years","Fulton","759","0","17"
"05-09 years","Fulton","1288","0","10"
"10-17 years","Fulton","4111","1","38"
"18-29 years","Fulton","17927","4","291"
"30-39 years","Fulton","12968","17","407"
"40-49 years","Fulton","10294","29","481"
"50-59 years","Fulton","9199","74","675"
"60-69 years","Fulton","5437","155","652"
"70-79 years","Fulton","2954","225","579"
"80 & Older years","Fulton","2112","377","587"
"<1 years","Fulton","173","0","7"
"Unknown years","Fulton","270","0","5"
"01-04 years","Gilmer","28","0","2"
"05-09 years","Gilmer","30","0","0"
"10-17 years","Gilmer","156","0","2"
"18-29 years","Gilmer","312","0","8"
"30-39 years","Gilmer","269","0","14"
"40-49 years","Gilmer","296","0","14"
"50-59 years","Gilmer","334","5","21"
"60-69 years","Gilmer","303","5","34"
"70-79 years","Gilmer","215","8","38"
"80 & Older years","Gilmer","125","24","35"
"<1 years","Gilmer","8","0","0"
"Unknown years","Gilmer","44","0","0"
"01-04 years","Glascock","1","0","0"
"05-09 years","Glascock","2","0","0"
"10-17 years","Glascock","1","0","0"
"18-29 years","Glascock","21","0","1"
"30-39 years","Glascock","13","0","0"
"40-49 years","Glascock","17","0","2"
"50-59 years","Glascock","25","2","3"
"60-69 years","Glascock","14","0","1"
"70-79 years","Glascock","20","1","6"
"80 & Older years","Glascock","9","1","5"
"<1 years","Glascock","1","0","0"
"Unknown years","Glascock","1","0","0"
"01-04 years","Glynn","83","0","1"
"05-09 years","Glynn","152","0","1"
"10-17 years","Glynn","421","0","0"
"18-29 years","Glynn","1207","0","22"
"30-39 years","Glynn","915","4","25"
"40-49 years","Glynn","787","3","32"
"50-59 years","Glynn","753","9","63"
"60-69 years","Glynn","637","25","104"
"70-79 years","Glynn","389","39","74"
"80 & Older years","Glynn","232","55","81"
"<1 years","Glynn","18","0","0"
"Unknown years","Glynn","76","0","0"
"01-04 years","Gordon","69","0","0"
"05-09 years","Gordon","104","0","0"
"10-17 years","Gordon","435","0","3"
"18-29 years","Gordon","1038","0","12"
"30-39 years","Gordon","797","2","18"
"40-49 years","Gordon","845","1","25"
"50-59 years","Gordon","818","8","39"
"60-69 years","Gordon","502","16","41"
"70-79 years","Gordon","305","21","64"
"80 & Older years","Gordon","165","27","45"
"<1 years","Gordon","20","0","3"
"Unknown years","Gordon","78","0","3"
"01-04 years","Grady","30","0","1"
"05-09 years","Grady","38","0","0"
"10-17 years","Grady","116","0","3"
"18-29 years","Grady","239","0","9"
"30-39 years","Grady","206","0","8"
"40-49 years","Grady","223","0","20"
"50-59 years","Grady","196","7","26"
"60-69 years","Grady","152","4","21"
"70-79 years","Grady","139","13","37"
"80 & Older years","Grady","50","15","16"
"<1 years","Grady","4","0","1"
"Unknown years","Grady","3","0","0"
"01-04 years","Greene","14","0","0"
"05-09 years","Greene","30","0","0"
"10-17 years","Greene","72","0","0"
"18-29 years","Greene","233","0","5"
"30-39 years","Greene","162","0","6"
"40-49 years","Greene","158","3","11"
"50-59 years","Greene","188","4","15"
"60-69 years","Greene","188","5","11"
"70-79 years","Greene","141","5","20"
"80 & Older years","Greene","82","17","31"
"<1 years","Greene","3","0","1"
"Unknown years","Greene","1","0","0"
"01-04 years","Gwinnett","1089","0","21"
"05-09 years","Gwinnett","1743","0","19"
"10-17 years","Gwinnett","5777","1","74"
"18-29 years","Gwinnett","16684","5","510"
"30-39 years","Gwinnett","12313","15","523"
"40-49 years","Gwinnett","13217","41","694"
"50-59 years","Gwinnett","11099","73","755"
"60-69 years","Gwinnett","6128","140","767"
"70-79 years","Gwinnett","2793","166","591"
"80 & Older years","Gwinnett","1557","252","521"
"<1 years","Gwinnett","248","0","7"
"Unknown years","Gwinnett","200","0","1"
"01-04 years","Habersham","30","0","2"
"05-09 years","Habersham","53","0","3"
"10-17 years","Habersham","271","1","6"
"18-29 years","Habersham","752","0","10"
"30-39 years","Habersham","557","2","25"
"40-49 years","Habersham","588","3","36"
"50-59 years","Habersham","620","5","52"
"60-69 years","Habersham","503","14","104"
"70-79 years","Habersham","351","30","96"
"80 & Older years","Habersham","259","61","83"
"<1 years","Habersham","8","0","3"
"Unknown years","Habersham","311","0","4"
"01-04 years","Hall","166","0","5"
"05-09 years","Hall","330","0","3"
"10-17 years","Hall","1551","0","25"
"18-29 years","Hall","4768","3","141"
"30-39 years","Hall","3197","1","168"
"40-49 years","Hall","3370","7","238"
"50-59 years","Hall","3505","25","344"
"60-69 years","Hall","2343","56","354"
"70-79 years","Hall","1518","80","402"
"80 & Older years","Hall","868","134","346"
"<1 years","Hall","34","0","7"
"Unknown years","Hall","757","0","9"
"01-04 years","Hancock","5","0","0"
"05-09 years","Hancock","5","0","0"
"10-17 years","Hancock","28","0","0"
"18-29 years","Hancock","121","0","2"
"30-39 years","Hancock","106","0","2"
"40-49 years","Hancock","96","1","4"
"50-59 years","Hancock","126","4","14"
"60-69 years","Hancock","133","15","28"
"70-79 years","Hancock","69","14","19"
"80 & Older years","Hancock","57","18","21"
"<1 years","Hancock","4","0","0"
"01-04 years","Haralson","19","0","0"
"05-09 years","Haralson","30","0","0"
"10-17 years","Haralson","127","0","1"
"18-29 years","Haralson","321","0","2"
"30-39 years","Haralson","197","0","3"
"40-49 years","Haralson","212","1","5"
"50-59 years","Haralson","228","1","3"
"60-69 years","Haralson","168","11","19"
"70-79 years","Haralson","117","10","15"
"80 & Older years","Haralson","52","4","8"
"<1 years","Haralson","6","0","0"
"Unknown years","Haralson","4","0","0"
"01-04 years","Harris","24","0","0"
"05-09 years","Harris","27","0","0"
"10-17 years","Harris","153","0","2"
"18-29 years","Harris","281","0","3"
"30-39 years","Harris","198","0","6"
"40-49 years","Harris","298","2","9"
"50-59 years","Harris","301","5","19"
"60-69 years","Harris","271","13","45"
"70-79 years","Harris","150","10","33"
"80 & Older years","Harris","50","7","9"
"<1 years","Harris","5","0","0"
"Unknown years","Harris","5","0","0"
"01-04 years","Hart","15","0","0"
"05-09 years","Hart","22","0","1"
"10-17 years","Hart","83","0","0"
"18-29 years","Hart","269","0","2"
"30-39 years","Hart","221","0","6"
"40-49 years","Hart","210","0","8"
"50-59 years","Hart","254","3","16"
"60-69 years","Hart","198","11","27"
"70-79 years","Hart","122","7","18"
"80 & Older years","Hart","84","10","25"
"<1 years","Hart","4","0","1"
"Unknown years","Hart","44","0","0"
"01-04 years","Heard","8","0","0"
"05-09 years","Heard","11","0","0"
"10-17 years","Heard","52","0","1"
"18-29 years","Heard","95","0","1"
"30-39 years","Heard","53","0","1"
"40-49 years","Heard","95","0","4"
"50-59 years","Heard","83","0","5"
"60-69 years","Heard","66","3","7"
"70-79 years","Heard","45","5","12"
"80 & Older years","Heard","21","4","2"
"<1 years","Heard","4","0","0"
"Unknown years","Heard","1","0","0"
"01-04 years","Henry","172","0","5"
"05-09 years","Henry","281","0","1"
"10-17 years","Henry","1078","0","8"
"18-29 years","Henry","3046","1","25"
"30-39 years","Henry","2487","5","37"
"40-49 years","Henry","2789","11","73"
"50-59 years","Henry","2700","15","99"
"60-69 years","Henry","1510","41","73"
"70-79 years","Henry","745","60","58"
"80 & Older years","Henry","388","64","45"
"<1 years","Henry","35","0","2"
"Unknown years","Henry","36","0","0"
"01-04 years","Houston","83","0","2"
"05-09 years","Houston","130","0","1"
"10-17 years","Houston","575","0","3"
"18-29 years","Houston","1877","3","31"
"30-39 years","Houston","1601","1","52"
"40-49 years","Houston","1489","4","78"
"50-59 years","Houston","1293","12","89"
"60-69 years","Houston","826","32","122"
"70-79 years","Houston","474","50","123"
"80 & Older years","Houston","251","40","80"
"<1 years","Houston","21","0","2"
"Unknown years","Houston","7","0","0"
"01-04 years","Irwin","6","0","0"
"05-09 years","Irwin","10","0","0"
"10-17 years","Irwin","51","0","0"
"18-29 years","Irwin","110","0","4"
"30-39 years","Irwin","91","0","4"
"40-49 years","Irwin","112","1","9"
"50-59 years","Irwin","99","2","11"
"60-69 years","Irwin","81","1","20"
"70-79 years","Irwin","48","4","7"
"80 & Older years","Irwin","33","6","18"
"01-04 years","Jackson","53","0","0"
"05-09 years","Jackson","132","0","2"
"10-17 years","Jackson","646","0","2"
"18-29 years","Jackson","1316","2","16"
"30-39 years","Jackson","1122","1","18"
"40-49 years","Jackson","1232","6","48"
"50-59 years","Jackson","1163","4","63"
"60-69 years","Jackson","770","18","66"
"70-79 years","Jackson","533","21","91"
"80 & Older years","Jackson","287","38","83"
"<1 years","Jackson","14","0","2"
"Unknown years","Jackson","41","0","1"
"01-04 years","Jasper","5","0","1"
"05-09 years","Jasper","6","0","0"
"10-17 years","Jasper","28","0","0"
"18-29 years","Jasper","102","0","3"
"30-39 years","Jasper","83","0","1"
"40-49 years","Jasper","85","0","3"
"50-59 years","Jasper","111","1","13"
"60-69 years","Jasper","79","7","12"
"70-79 years","Jasper","44","4","11"
"80 & Older years","Jasper","14","0","3"
"<1 years","Jasper","3","0","1"
"Unknown years","Jasper","2","0","0"
"01-04 years","Jeff Davis","27","0","1"
"05-09 years","Jeff Davis","26","0","0"
"10-17 years","Jeff Davis","101","0","2"
"18-29 years","Jeff Davis","224","0","4"
"30-39 years","Jeff Davis","194","0","9"
"40-49 years","Jeff Davis","185","0","11"
"50-59 years","Jeff Davis","170","6","19"
"60-69 years","Jeff Davis","116","6","22"
"70-79 years","Jeff Davis","76","12","17"
"80 & Older years","Jeff Davis","16","8","6"
"<1 years","Jeff Davis","2","0","1"
"Unknown years","Jeff Davis","3","0","0"
"01-04 years","Jefferson","17","0","0"
"05-09 years","Jefferson","31","0","0"
"10-17 years","Jefferson","91","0","1"
"18-29 years","Jefferson","218","0","3"
"30-39 years","Jefferson","179","0","7"
"40-49 years","Jefferson","196","3","12"
"50-59 years","Jefferson","247","4","21"
"60-69 years","Jefferson","226","10","28"
"70-79 years","Jefferson","145","13","33"
"80 & Older years","Jefferson","66","16","26"
"<1 years","Jefferson","4","0","0"
"Unknown years","Jefferson","10","0","0"
"01-04 years","Jenkins","11","0","0"
"05-09 years","Jenkins","19","0","0"
"10-17 years","Jenkins","58","0","0"
"18-29 years","Jenkins","100","0","2"
"30-39 years","Jenkins","77","1","5"
"40-49 years","Jenkins","105","3","10"
"50-59 years","Jenkins","110","6","16"
"60-69 years","Jenkins","81","5","11"
"70-79 years","Jenkins","54","12","21"
"80 & Older years","Jenkins","47","9","10"
"<1 years","Jenkins","2","0","0"
"Unknown years","Jenkins","2","0","1"
"01-04 years","Johnson","6","0","0"
"05-09 years","Johnson","7","0","0"
"10-17 years","Johnson","24","0","0"
"18-29 years","Johnson","100","0","2"
"30-39 years","Johnson","87","0","3"
"40-49 years","Johnson","85","1","7"
"50-59 years","Johnson","125","3","17"
"60-69 years","Johnson","118","7","18"
"70-79 years","Johnson","81","6","21"
"80 & Older years","Johnson","66","17","20"
"<1 years","Johnson","1","0","1"
"Unknown years","Johnson","1","0","0"
"01-04 years","Jones","6","0","0"
"05-09 years","Jones","21","0","0"
"10-17 years","Jones","72","0","0"
"18-29 years","Jones","305","0","6"
"30-39 years","Jones","217","1","7"
"40-49 years","Jones","194","1","9"
"50-59 years","Jones","228","1","18"
"60-69 years","Jones","153","3","23"
"70-79 years","Jones","97","9","26"
"80 & Older years","Jones","61","13","16"
"<1 years","Jones","3","0","0"
"Unknown years","Jones","1","0","0"
"01-04 years","Lamar","19","0","0"
"05-09 years","Lamar","34","0","0"
"10-17 years","Lamar","93","0","1"
"18-29 years","Lamar","173","0","1"
"30-39 years","Lamar","156","0","4"
"40-49 years","Lamar","152","1","4"
"50-59 years","Lamar","165","2","19"
"60-69 years","Lamar","150","6","17"
"70-79 years","Lamar","110","6","17"
"80 & Older years","Lamar","59","18","16"
"<1 years","Lamar","12","0","0"
"Unknown years","Lamar","10","0","0"
"01-04 years","Lanier","6","0","0"
"05-09 years","Lanier","9","0","1"
"10-17 years","Lanier","28","0","1"
"18-29 years","Lanier","96","1","1"
"30-39 years","Lanier","111","0","1"
"40-49 years","Lanier","68","1","2"
"50-59 years","Lanier","60","0","5"
"60-69 years","Lanier","37","1","2"
"70-79 years","Lanier","23","4","5"
"80 & Older years","Lanier","12","0","6"
"<1 years","Lanier","4","0","0"
"01-04 years","Laurens","24","0","0"
"05-09 years","Laurens","43","0","1"
"10-17 years","Laurens","211","0","2"
"18-29 years","Laurens","583","0","9"
"30-39 years","Laurens","496","1","16"
"40-49 years","Laurens","503","4","26"
"50-59 years","Laurens","536","9","56"
"60-69 years","Laurens","448","27","73"
"70-79 years","Laurens","302","40","73"
"80 & Older years","Laurens","213","46","56"
"<1 years","Laurens","2","0","0"
"Unknown years","Laurens","4","0","0"
"01-04 years","Lee","11","0","0"
"05-09 years","Lee","21","0","3"
"10-17 years","Lee","102","0","2"
"18-29 years","Lee","241","1","9"
"30-39 years","Lee","266","1","16"
"40-49 years","Lee","266","3","26"
"50-59 years","Lee","232","7","34"
"60-69 years","Lee","166","9","24"
"70-79 years","Lee","83","10","24"
"80 & Older years","Lee","41","6","15"
"<1 years","Lee","6","0","0"
"01-04 years","Liberty","27","0","1"
"05-09 years","Liberty","44","0","1"
"10-17 years","Liberty","177","0","2"
"18-29 years","Liberty","606","1","12"
"30-39 years","Liberty","389","0","13"
"40-49 years","Liberty","352","0","16"
"50-59 years","Liberty","330","5","33"
"60-69 years","Liberty","240","11","42"
"70-79 years","Liberty","103","11","36"
"80 & Older years","Liberty","57","11","24"
"<1 years","Liberty","21","0","1"
"Unknown years","Liberty","12","0","0"
"01-04 years","Lincoln","9","0","0"
"05-09 years","Lincoln","12","0","0"
"10-17 years","Lincoln","22","0","0"
"18-29 years","Lincoln","81","0","2"
"30-39 years","Lincoln","55","0","1"
"40-49 years","Lincoln","71","0","5"
"50-59 years","Lincoln","57","2","4"
"60-69 years","Lincoln","61","4","13"
"70-79 years","Lincoln","44","3","9"
"80 & Older years","Lincoln","20","6","8"
"<1 years","Lincoln","2","0","0"
"Unknown years","Lincoln","3","0","0"
"01-04 years","Long","11","0","0"
"05-09 years","Long","7","0","0"
"10-17 years","Long","41","0","0"
"18-29 years","Long","106","0","0"
"30-39 years","Long","116","0","2"
"40-49 years","Long","82","0","5"
"50-59 years","Long","71","1","8"
"60-69 years","Long","63","1","7"
"70-79 years","Long","35","5","13"
"80 & Older years","Long","19","1","7"
"<1 years","Long","4","0","0"
"Unknown years","Long","6","0","0"
"01-04 years","Lowndes","125","0","0"
"05-09 years","Lowndes","156","0","0"
"10-17 years","Lowndes","544","0","6"
"18-29 years","Lowndes","2097","3","26"
"30-39 years","Lowndes","1105","1","16"
"40-49 years","Lowndes","930","2","36"
"50-59 years","Lowndes","809","7","49"
"60-69 years","Lowndes","563","23","67"
"70-79 years","Lowndes","303","34","56"
"80 & Older years","Lowndes","187","43","49"
"<1 years","Lowndes","26","0","0"
"Unknown years","Lowndes","19","0","0"
"01-04 years","Lumpkin","15","0","0"
"05-09 years","Lumpkin","28","0","2"
"10-17 years","Lumpkin","119","0","2"
"18-29 years","Lumpkin","629","0","10"
"30-39 years","Lumpkin","310","0","8"
"40-49 years","Lumpkin","301","1","15"
"50-59 years","Lumpkin","341","2","39"
"60-69 years","Lumpkin","341","8","49"
"70-79 years","Lumpkin","242","6","58"
"80 & Older years","Lumpkin","124","21","63"
"<1 years","Lumpkin","7","0","1"
"Unknown years","Lumpkin","43","0","2"
"01-04 years","Macon","7","0","0"
"05-09 years","Macon","9","0","0"
"10-17 years","Macon","18","0","0"
"18-29 years","Macon","87","0","3"
"30-39 years","Macon","61","0","4"
"40-49 years","Macon","95","1","7"
"50-59 years","Macon","99","4","11"
"60-69 years","Macon","65","5","19"
"70-79 years","Macon","46","3","14"
"80 & Older years","Macon","17","4","6"
"<1 years","Macon","2","0","0"
"Unknown years","Macon","5","0","1"
"01-04 years","Madison","37","0","0"
"05-09 years","Madison","47","0","0"
"10-17 years","Madison","190","0","0"
"18-29 years","Madison","408","0","2"
"30-39 years","Madison","355","0","5"
"40-49 years","Madison","349","0","14"
"50-59 years","Madison","382","3","21"
"60-69 years","Madison","273","7","31"
"70-79 years","Madison","167","10","30"
"80 & Older years","Madison","69","7","6"
"<1 years","Madison","17","0","3"
"Unknown years","Madison","14","0","0"
"01-04 years","Marion","6","0","0"
"05-09 years","Marion","5","0","0"
"10-17 years","Marion","33","0","0"
"18-29 years","Marion","53","0","1"
"30-39 years","Marion","36","0","2"
"40-49 years","Marion","51","1","5"
"50-59 years","Marion","57","3","5"
"60-69 years","Marion","39","3","4"
"70-79 years","Marion","28","1","5"
"80 & Older years","Marion","27","2","7"
"<1 years","Marion","2","0","0"
"Unknown years","Marion","3","0","0"
"01-04 years","McDuffie","21","0","0"
"05-09 years","McDuffie","27","0","0"
"10-17 years","McDuffie","100","0","0"
"18-29 years","McDuffie","281","0","3"
"30-39 years","McDuffie","224","2","4"
"40-49 years","McDuffie","218","2","12"
"50-59 years","McDuffie","218","2","23"
"60-69 years","McDuffie","167","7","24"
"70-79 years","McDuffie","105","7","39"
"80 & Older years","McDuffie","44","10","20"
"Unknown years","McDuffie","30","0","1"
"01-04 years","McIntosh","1","0","0"
"05-09 years","McIntosh","7","0","0"
"10-17 years","McIntosh","30","0","0"
"18-29 years","McIntosh","88","0","2"
"30-39 years","McIntosh","68","0","3"
"40-49 years","McIntosh","75","0","4"
"50-59 years","McIntosh","102","0","2"
"60-69 years","McIntosh","78","2","16"
"70-79 years","McIntosh","57","3","13"
"80 & Older years","McIntosh","19","5","7"
"<1 years","McIntosh","1","0","0"
"Unknown years","McIntosh","4","0","0"
"01-04 years","Meriwether","19","0","1"
"05-09 years","Meriwether","21","0","1"
"10-17 years","Meriwether","71","0","0"
"18-29 years","Meriwether","179","0","6"
"30-39 years","Meriwether","149","2","13"
"40-49 years","Meriwether","191","1","14"
"50-59 years","Meriwether","196","3","14"
"60-69 years","Meriwether","184","4","22"
"70-79 years","Meriwether","149","9","27"
"80 & Older years","Meriwether","81","10","13"
"<1 years","Meriwether","3","0","0"
"Unknown years","Meriwether","6","0","0"
"01-04 years","Miller","8","0","0"
"05-09 years","Miller","7","0","0"
"10-17 years","Miller","56","0","1"
"18-29 years","Miller","97","0","1"
"30-39 years","Miller","87","0","0"
"40-49 years","Miller","69","0","5"
"50-59 years","Miller","111","2","10"
"60-69 years","Miller","75","2","5"
"70-79 years","Miller","27","0","2"
"80 & Older years","Miller","23","0","6"
"<1 years","Miller","3","0","0"
"01-04 years","Mitchell","18","0","0"
"05-09 years","Mitchell","22","0","0"
"10-17 years","Mitchell","73","0","1"
"18-29 years","Mitchell","227","0","9"
"30-39 years","Mitchell","201","1","15"
"40-49 years","Mitchell","199","3","17"
"50-59 years","Mitchell","234","9","51"
"60-69 years","Mitchell","196","14","45"
"70-79 years","Mitchell","124","17","40"
"80 & Older years","Mitchell","94","24","28"
"<1 years","Mitchell","6","0","0"
"Unknown years","Mitchell","3","0","1"
"01-04 years","Monroe","8","0","0"
"05-09 years","Monroe","18","0","1"
"10-17 years","Monroe","74","0","0"
"18-29 years","Monroe","257","0","3"
"30-39 years","Monroe","210","0","5"
"40-49 years","Monroe","251","2","18"
"50-59 years","Monroe","273","3","21"
"60-69 years","Monroe","258","15","38"
"70-79 years","Monroe","147","19","35"
"80 & Older years","Monroe","110","33","25"
"<1 years","Monroe","3","0","1"
"01-04 years","Montgomery","9","0","0"
"05-09 years","Montgomery","6","0","0"
"10-17 years","Montgomery","42","0","1"
"18-29 years","Montgomery","147","0","1"
"30-39 years","Montgomery","88","1","3"
"40-49 years","Montgomery","114","0","2"
"50-59 years","Montgomery","93","2","5"
"60-69 years","Montgomery","88","5","12"
"70-79 years","Montgomery","50","5","8"
"80 & Older years","Montgomery","22","3","6"
"<1 years","Montgomery","1","0","0"
"Unknown years","Montgomery","2","0","0"
"01-04 years","Morgan","16","0","0"
"05-09 years","Morgan","18","0","0"
"10-17 years","Morgan","73","0","0"
"18-29 years","Morgan","191","0","4"
"30-39 years","Morgan","143","0","6"
"40-49 years","Morgan","146","0","4"
"50-59 years","Morgan","165","1","11"
"60-69 years","Morgan","114","1","8"
"70-79 years","Morgan","87","2","14"
"80 & Older years","Morgan","45","5","15"
"<1 years","Morgan","13","0","2"
"Unknown years","Morgan","2","0","0"
"01-04 years","Murray","49","0","2"
"05-09 years","Murray","78","0","2"
"10-17 years","Murray","330","0","1"
"18-29 years","Murray","715","0","6"
"30-39 years","Murray","484","1","7"
"40-49 years","Murray","609","0","20"
"50-59 years","Murray","545","5","35"
"60-69 years","Murray","362","5","52"
"70-79 years","Murray","227","21","46"
"80 & Older years","Murray","96","18","23"
"<1 years","Murray","19","0","2"
"Unknown years","Murray","6","0","0"
"01-04 years","Muscogee","178","0","5"
"05-09 years","Muscogee","256","0","0"
"10-17 years","Muscogee","705","0","6"
"18-29 years","Muscogee","2770","3","51"
"30-39 years","Muscogee","1852","2","71"
"40-49 years","Muscogee","1623","4","82"
"50-59 years","Muscogee","1639","30","166"
"60-69 years","Muscogee","1278","56","214"
"70-79 years","Muscogee","722","66","156"
"80 & Older years","Muscogee","443","86","127"
"<1 years","Muscogee","61","0","3"
"Unknown years","Muscogee","51","0","1"
"01-04 years","Newton","70","0","2"
"05-09 years","Newton","107","0","0"
"10-17 years","Newton","375","0","7"
"18-29 years","Newton","1137","1","32"
"30-39 years","Newton","995","0","46"
"40-49 years","Newton","1129","4","77"
"50-59 years","Newton","1056","11","104"
"60-69 years","Newton","608","26","84"
"70-79 years","Newton","411","40","70"
"80 & Older years","Newton","263","71","64"
"<1 years","Newton","18","0","1"
"Unknown years","Newton","12","0","0"
"01-04 years","Non-GA Resident/Unknown State","236","0","2"
"05-09 years","Non-GA Resident/Unknown State","397","0","5"
"10-17 years","Non-GA Resident/Unknown State","1346","0","7"
"18-29 years","Non-GA Resident/Unknown State","5672","4","61"
"30-39 years","Non-GA Resident/Unknown State","3957","3","82"
"40-49 years","Non-GA Resident/Unknown State","3434","9","90"
"50-59 years","Non-GA Resident/Unknown State","3322","36","185"
"60-69 years","Non-GA Resident/Unknown State","2268","81","236"
"70-79 years","Non-GA Resident/Unknown State","1477","84","239"
"80 & Older years","Non-GA Resident/Unknown State","845","109","173"
"<1 years","Non-GA Resident/Unknown State","136","0","2"
"Unknown years","Non-GA Resident/Unknown State","967","1","3"
"01-04 years","Oconee","29","0","0"
"05-09 years","Oconee","49","0","0"
"10-17 years","Oconee","232","0","0"
"18-29 years","Oconee","487","0","3"
"30-39 years","Oconee","298","0","4"
"40-49 years","Oconee","450","1","10"
"50-59 years","Oconee","380","3","9"
"60-69 years","Oconee","260","9","26"
"70-79 years","Oconee","156","13","22"
"80 & Older years","Oconee","120","19","35"
"<1 years","Oconee","6","0","0"
"Unknown years","Oconee","4","1","0"
"01-04 years","Oglethorpe","16","0","0"
"05-09 years","Oglethorpe","22","0","0"
"10-17 years","Oglethorpe","76","0","1"
"18-29 years","Oglethorpe","178","0","1"
"30-39 years","Oglethorpe","125","1","1"
"40-49 years","Oglethorpe","158","0","5"
"50-59 years","Oglethorpe","148","1","17"
"60-69 years","Oglethorpe","129","0","13"
"70-79 years","Oglethorpe","91","3","10"
"80 & Older years","Oglethorpe","63","10","14"
"<1 years","Oglethorpe","6","0","0"
"Unknown years","Oglethorpe","6","0","0"
"01-04 years","Paulding","107","0","2"
"05-09 years","Paulding","212","0","0"
"10-17 years","Paulding","806","0","6"
"18-29 years","Paulding","1636","0","16"
"30-39 years","Paulding","1343","2","21"
"40-49 years","Paulding","1510","3","24"
"50-59 years","Paulding","1443","11","48"
"60-69 years","Paulding","753","25","53"
"70-79 years","Paulding","420","32","50"
"80 & Older years","Paulding","271","57","48"
"<1 years","Paulding","24","0","0"
"Unknown years","Paulding","39","0","0"
"01-04 years","Peach","11","0","1"
"05-09 years","Peach","16","0","0"
"10-17 years","Peach","60","0","1"
"18-29 years","Peach","350","1","7"
"30-39 years","Peach","267","0","15"
"40-49 years","Peach","211","2","16"
"50-59 years","Peach","268","6","37"
"60-69 years","Peach","219","7","42"
"70-79 years","Peach","100","9","28"
"80 & Older years","Peach","55","11","24"
"<1 years","Peach","4","0","0"
"Unknown years","Peach","1","0","0"
"01-04 years","Pickens","18","0","1"
"05-09 years","Pickens","30","0","0"
"10-17 years","Pickens","118","0","0"
"18-29 years","Pickens","321","0","5"
"30-39 years","Pickens","270","0","10"
"40-49 years","Pickens","329","0","12"
"50-59 years","Pickens","365","3","21"
"60-69 years","Pickens","285","4","31"
"70-79 years","Pickens","232","13","44"
"80 & Older years","Pickens","102","18","27"
"<1 years","Pickens","2","0","0"
"Unknown years","Pickens","9","0","0"
"01-04 years","Pierce","10","0","0"
"05-09 years","Pierce","20","0","0"
"10-17 years","Pierce","76","1","1"
"18-29 years","Pierce","207","0","5"
"30-39 years","Pierce","133","0","3"
"40-49 years","Pierce","179","0","12"
"50-59 years","Pierce","171","4","20"
"60-69 years","Pierce","138","9","34"
"70-79 years","Pierce","102","9","27"
"80 & Older years","Pierce","52","11","13"
"<1 years","Pierce","6","0","1"
"Unknown years","Pierce","10","0","0"
"01-04 years","Pike","20","0","0"
"05-09 years","Pike","19","0","0"
"10-17 years","Pike","94","0","1"
"18-29 years","Pike","131","0","4"
"30-39 years","Pike","117","0","2"
"40-49 years","Pike","164","1","9"
"50-59 years","Pike","126","3","7"
"60-69 years","Pike","89","2","16"
"70-79 years","Pike","75","7","14"
"80 & Older years","Pike","27","5","6"
"<1 years","Pike","1","0","0"
"Unknown years","Pike","3","0","0"
"01-04 years","Polk","36","0","1"
"05-09 years","Polk","63","0","0"
"10-17 years","Polk","279","0","2"
"18-29 years","Polk","709","0","10"
"30-39 years","Polk","485","0","9"
"40-49 years","Polk","516","1","37"
"50-59 years","Polk","536","11","62"
"60-69 years","Polk","337","11","57"
"70-79 years","Polk","279","19","74"
"80 & Older years","Polk","125","19","46"
"<1 years","Polk","13","0","0"
"Unknown years","Polk","28","0","0"
"01-04 years","Pulaski","4","0","0"
"05-09 years","Pulaski","8","0","0"
"10-17 years","Pulaski","32","0","1"
"18-29 years","Pulaski","69","0","1"
"30-39 years","Pulaski","76","0","2"
"40-49 years","Pulaski","75","0","7"
"50-59 years","Pulaski","94","0","6"
"60-69 years","Pulaski","87","5","11"
"70-79 years","Pulaski","46","11","16"
"80 & Older years","Pulaski","36","10","4"
"<1 years","Pulaski","3","0","0"
"01-04 years","Putnam","19","0","0"
"05-09 years","Putnam","39","0","0"
"10-17 years","Putnam","91","0","2"
"18-29 years","Putnam","246","0","2"
"30-39 years","Putnam","194","0","5"
"40-49 years","Putnam","191","1","5"
"50-59 years","Putnam","245","2","13"
"60-69 years","Putnam","222","10","23"
"70-79 years","Putnam","161","12","36"
"80 & Older years","Putnam","77","14","27"
"<1 years","Putnam","6","0","1"
"01-04 years","Quitman","1","0","0"
"05-09 years","Quitman","4","0","0"
"10-17 years","Quitman","3","0","0"
"18-29 years","Quitman","11","0","0"
"30-39 years","Quitman","4","0","1"
"40-49 years","Quitman","3","0","1"
"50-59 years","Quitman","14","0","1"
"60-69 years","Quitman","22","1","4"
"70-79 years","Quitman","3","0","1"
"80 & Older years","Quitman","4","0","1"
"<1 years","Quitman","1","0","0"
"Unknown years","Quitman","2","0","0"
"01-04 years","Rabun","13","0","0"
"05-09 years","Rabun","17","0","0"
"10-17 years","Rabun","83","0","0"
"18-29 years","Rabun","189","0","5"
"30-39 years","Rabun","164","1","9"
"40-49 years","Rabun","165","0","6"
"50-59 years","Rabun","199","3","24"
"60-69 years","Rabun","196","6","29"
"70-79 years","Rabun","149","11","33"
"80 & Older years","Rabun","72","10","28"
"<1 years","Rabun","5","0","1"
"Unknown years","Rabun","83","0","2"
"01-04 years","Randolph","1","0","0"
"05-09 years","Randolph","4","0","0"
"10-17 years","Randolph","8","0","0"
"18-29 years","Randolph","52","0","1"
"30-39 years","Randolph","60","2","4"
"40-49 years","Randolph","49","0","4"
"50-59 years","Randolph","84","3","19"
"60-69 years","Randolph","62","7","15"
"70-79 years","Randolph","45","3","12"
"80 & Older years","Randolph","47","15","16"
"<1 years","Randolph","1","0","0"
"Unknown years","Randolph","4","0","0"
"01-04 years","Richmond","227","0","1"
"05-09 years","Richmond","435","0","3"
"10-17 years","Richmond","1227","0","9"
"18-29 years","Richmond","3918","5","49"
"30-39 years","Richmond","2889","4","67"
"40-49 years","Richmond","2335","17","93"
"50-59 years","Richmond","2381","25","175"
"60-69 years","Richmond","1725","50","212"
"70-79 years","Richmond","944","68","242"
"80 & Older years","Richmond","582","112","231"
"<1 years","Richmond","72","0","2"
"Unknown years","Richmond","27","0","1"
"01-04 years","Rockdale","43","0","0"
"05-09 years","Rockdale","90","0","0"
"10-17 years","Rockdale","273","0","9"
"18-29 years","Rockdale","960","2","52"
"30-39 years","Rockdale","748","3","70"
"40-49 years","Rockdale","859","6","87"
"50-59 years","Rockdale","842","7","126"
"60-69 years","Rockdale","539","20","111"
"70-79 years","Rockdale","321","33","109"
"80 & Older years","Rockdale","163","28","58"
"<1 years","Rockdale","6","0","0"
"Unknown years","Rockdale","7","0","0"
"01-04 years","Schley","5","0","0"
"05-09 years","Schley","4","0","0"
"10-17 years","Schley","14","0","0"
"18-29 years","Schley","44","0","2"
"30-39 years","Schley","18","0","0"
"40-49 years","Schley","26","0","2"
"50-59 years","Schley","29","0","3"
"60-69 years","Schley","25","1","8"
"70-79 years","Schley","11","0","2"
"80 & Older years","Schley","5","1","1"
"<1 years","Schley","1","0","0"
"01-04 years","Screven","8","0","0"
"05-09 years","Screven","15","0","0"
"10-17 years","Screven","54","0","0"
"18-29 years","Screven","115","0","3"
"30-39 years","Screven","106","0","2"
"40-49 years","Screven","85","1","4"
"50-59 years","Screven","96","1","12"
"60-69 years","Screven","121","1","13"
"70-79 years","Screven","64","4","14"
"80 & Older years","Screven","36","7","9"
"<1 years","Screven","3","0","0"
"Unknown years","Screven","2","0","0"
"01-04 years","Seminole","13","0","0"
"05-09 years","Seminole","14","0","0"
"10-17 years","Seminole","67","0","0"
"18-29 years","Seminole","99","0","0"
"30-39 years","Seminole","82","0","0"
"40-49 years","Seminole","85","0","5"
"50-59 years","Seminole","106","1","6"
"60-69 years","Seminole","116","2","21"
"70-79 years","Seminole","64","5","14"
"80 & Older years","Seminole","25","6","10"
"<1 years","Seminole","3","0","0"
"01-04 years","Spalding","52","0","2"
"05-09 years","Spalding","44","0","1"
"10-17 years","Spalding","157","0","2"
"18-29 years","Spalding","568","1","25"
"30-39 years","Spalding","490","2","28"
"40-49 years","Spalding","506","2","36"
"50-59 years","Spalding","528","10","60"
"60-69 years","Spalding","423","20","73"
"70-79 years","Spalding","302","32","62"
"80 & Older years","Spalding","197","39","59"
"<1 years","Spalding","9","0","0"
"Unknown years","Spalding","6","0","0"
"01-04 years","Stephens","16","0","0"
"05-09 years","Stephens","39","0","1"
"10-17 years","Stephens","160","0","2"
"18-29 years","Stephens","476","1","12"
"30-39 years","Stephens","307","0","8"
"40-49 years","Stephens","390","1","21"
"50-59 years","Stephens","404","4","36"
"60-69 years","Stephens","411","17","55"
"70-79 years","Stephens","274","17","55"
"80 & Older years","Stephens","147","24","36"
"<1 years","Stephens","4","0","0"
"Unknown years","Stephens","43","0","0"
"01-04 years","Stewart","3","0","0"
"05-09 years","Stewart","2","0","0"
"10-17 years","Stewart","11","0","0"
"18-29 years","Stewart","138","0","20"
"30-39 years","Stewart","180","1","25"
"40-49 years","Stewart","132","1","23"
"50-59 years","Stewart","72","1","12"
"60-69 years","Stewart","63","9","25"
"70-79 years","Stewart","24","2","5"
"80 & Older years","Stewart","21","4","6"
"<1 years","Stewart","1","0","0"
"Unknown years","Stewart","16","0","4"
"01-04 years","Sumter","17","0","0"
"05-09 years","Sumter","24","0","0"
"10-17 years","Sumter","64","0","2"
"18-29 years","Sumter","296","1","10"
"30-39 years","Sumter","247","1","20"
"40-49 years","Sumter","239","4","19"
"50-59 years","Sumter","263","2","40"
"60-69 years","Sumter","239","23","64"
"70-79 years","Sumter","155","25","43"
"80 & Older years","Sumter","100","25","45"
"<1 years","Sumter","5","0","0"
"Unknown years","Sumter","4","0","0"
"01-04 years","Talbot","7","0","0"
"05-09 years","Talbot","2","0","0"
"10-17 years","Talbot","27","0","0"
"18-29 years","Talbot","48","0","1"
"30-39 years","Talbot","29","0","1"
"40-49 years","Talbot","52","1","4"
"50-59 years","Talbot","56","3","5"
"60-69 years","Talbot","51","2","9"
"70-79 years","Talbot","33","5","5"
"80 & Older years","Talbot","19","2","8"
"Unknown years","Talbot","2","0","0"
"01-04 years","Taliaferro","1","0","0"
"05-09 years","Taliaferro","1","0","0"
"10-17 years","Taliaferro","6","0","0"
"18-29 years","Taliaferro","10","0","0"
"30-39 years","Taliaferro","12","0","0"
"40-49 years","Taliaferro","18","0","1"
"50-59 years","Taliaferro","9","0","0"
"60-69 years","Taliaferro","19","0","3"
"70-79 years","Taliaferro","9","0","2"
"80 & Older years","Taliaferro","4","0","2"
"01-04 years","Tattnall","27","0","0"
"05-09 years","Tattnall","37","0","0"
"10-17 years","Tattnall","142","0","0"
"18-29 years","Tattnall","290","0","1"
"30-39 years","Tattnall","256","0","3"
"40-49 years","Tattnall","244","0","6"
"50-59 years","Tattnall","264","5","20"
"60-69 years","Tattnall","215","9","28"
"70-79 years","Tattnall","100","11","31"
"80 & Older years","Tattnall","43","4","8"
"<1 years","Tattnall","5","0","0"
"Unknown years","Tattnall","5","0","1"
"01-04 years","Taylor","12","0","1"
"05-09 years","Taylor","12","0","0"
"10-17 years","Taylor","46","0","1"
"18-29 years","Taylor","69","0","1"
"30-39 years","Taylor","42","0","3"
"40-49 years","Taylor","78","1","7"
"50-59 years","Taylor","60","0","14"
"60-69 years","Taylor","53","5","15"
"70-79 years","Taylor","33","4","9"
"80 & Older years","Taylor","26","8","11"
"<1 years","Taylor","4","0","0"
"01-04 years","Telfair","7","0","0"
"05-09 years","Telfair","10","0","0"
"10-17 years","Telfair","18","0","0"
"18-29 years","Telfair","132","0","3"
"30-39 years","Telfair","88","1","1"
"40-49 years","Telfair","92","1","5"
"50-59 years","Telfair","94","5","9"
"60-69 years","Telfair","100","8","17"
"70-79 years","Telfair","68","10","17"
"80 & Older years","Telfair","38","14","9"
"<1 years","Telfair","4","0","0"
"Unknown years","Telfair","1","0","0"
"01-04 years","Terrell","5","0","0"
"05-09 years","Terrell","5","0","0"
"10-17 years","Terrell","38","0","0"
"18-29 years","Terrell","60","0","1"
"30-39 years","Terrell","71","0","8"
"40-49 years","Terrell","56","0","7"
"50-59 years","Terrell","89","3","13"
"60-69 years","Terrell","87","11","31"
"70-79 years","Terrell","56","12","23"
"80 & Older years","Terrell","36","10","15"
"01-04 years","Thomas","55","0","1"
"05-09 years","Thomas","97","0","0"
"10-17 years","Thomas","267","0","2"
"18-29 years","Thomas","553","1","18"
"30-39 years","Thomas","439","1","16"
"40-49 years","Thomas","481","4","25"
"50-59 years","Thomas","503","7","36"
"60-69 years","Thomas","400","10","77"
"70-79 years","Thomas","240","31","62"
"80 & Older years","Thomas","153","38","47"
"<1 years","Thomas","13","0","1"
"Unknown years","Thomas","2","0","0"
"01-04 years","Tift","31","0","1"
"05-09 years","Tift","57","0","3"
"10-17 years","Tift","220","0","6"
"18-29 years","Tift","748","0","20"
"30-39 years","Tift","524","1","27"
"40-49 years","Tift","516","7","55"
"50-59 years","Tift","447","9","67"
"60-69 years","Tift","339","16","68"
"70-79 years","Tift","234","25","81"
"80 & Older years","Tift","127","28","57"
"<1 years","Tift","12","0","0"
"Unknown years","Tift","2","0","0"
"01-04 years","Toombs","26","0","0"
"05-09 years","Toombs","44","0","0"
"10-17 years","Toombs","190","0","1"
"18-29 years","Toombs","481","0","5"
"30-39 years","Toombs","385","0","3"
"40-49 years","Toombs","386","1","20"
"50-59 years","Toombs","377","6","21"
"60-69 years","Toombs","349","5","40"
"70-79 years","Toombs","235","29","37"
"80 & Older years","Toombs","139","30","26"
"<1 years","Toombs","5","0","0"
"Unknown years","Toombs","5","0","0"
"01-04 years","Towns","2","0","0"
"05-09 years","Towns","6","0","0"
"10-17 years","Towns","37","0","1"
"18-29 years","Towns","116","0","4"
"30-39 years","Towns","76","0","3"
"40-49 years","Towns","100","2","5"
"50-59 years","Towns","133","2","12"
"60-69 years","Towns","176","1","16"
"70-79 years","Towns","137","6","31"
"80 & Older years","Towns","88","19","37"
"Unknown years","Towns","21","0","0"
"01-04 years","Treutlen","5","0","0"
"05-09 years","Treutlen","13","0","0"
"10-17 years","Treutlen","39","0","0"
"18-29 years","Treutlen","93","0","2"
"30-39 years","Treutlen","88","0","4"
"40-49 years","Treutlen","93","0","5"
"50-59 years","Treutlen","89","1","5"
"60-69 years","Treutlen","64","4","11"
"70-79 years","Treutlen","51","8","10"
"80 & Older years","Treutlen","30","3","9"
"01-04 years","Troup","116","0","1"
"05-09 years","Troup","155","0","0"
"10-17 years","Troup","448","0","3"
"18-29 years","Troup","1061","1","27"
"30-39 years","Troup","795","6","41"
"40-49 years","Troup","705","3","44"
"50-59 years","Troup","731","13","91"
"60-69 years","Troup","555","24","81"
"70-79 years","Troup","289","35","78"
"80 & Older years","Troup","220","62","55"
"<1 years","Troup","35","0","1"
"Unknown years","Troup","7","0","0"
"01-04 years","Turner","3","0","0"
"05-09 years","Turner","6","0","0"
"10-17 years","Turner","19","0","0"
"18-29 years","Turner","81","0","2"
"30-39 years","Turner","99","0","9"
"40-49 years","Turner","102","0","5"
"50-59 years","Turner","88","2","11"
"60-69 years","Turner","79","7","26"
"70-79 years","Turner","51","5","12"
"80 & Older years","Turner","35","12","13"
"<1 years","Turner","1","0","1"
"01-04 years","Twiggs","9","0","0"
"05-09 years","Twiggs","6","0","1"
"10-17 years","Twiggs","21","0","0"
"18-29 years","Twiggs","61","0","2"
"30-39 years","Twiggs","57","1","4"
"40-49 years","Twiggs","55","1","6"
"50-59 years","Twiggs","86","3","10"
"60-69 years","Twiggs","93","4","25"
"70-79 years","Twiggs","48","6","19"
"80 & Older years","Twiggs","24","8","13"
"01-04 years","Union","7","0","0"
"05-09 years","Union","16","0","0"
"10-17 years","Union","61","0","1"
"18-29 years","Union","225","1","1"
"30-39 years","Union","190","0","2"
"40-49 years","Union","195","0","12"
"50-59 years","Union","261","4","16"
"60-69 years","Union","314","4","35"
"70-79 years","Union","272","16","45"
"80 & Older years","Union","190","28","55"
"<1 years","Union","1","0","0"
"Unknown years","Union","31","0","0"
"01-04 years","Unknown","48","0","0"
"05-09 years","Unknown","81","0","0"
"10-17 years","Unknown","244","0","0"
"18-29 years","Unknown","920","1","5"
"30-39 years","Unknown","496","2","3"
"40-49 years","Unknown","467","1","2"
"50-59 years","Unknown","386","2","10"
"60-69 years","Unknown","251","2","9"
"70-79 years","Unknown","142","2","13"
"80 & Older years","Unknown","64","4","8"
"<1 years","Unknown","27","0","0"
"Unknown years","Unknown","196","0","3"
"01-04 years","Upson","29","0","0"
"05-09 years","Upson","42","0","0"
"10-17 years","Upson","114","0","1"
"18-29 years","Upson","274","0","5"
"30-39 years","Upson","184","2","7"
"40-49 years","Upson","216","1","9"
"50-59 years","Upson","233","5","18"
"60-69 years","Upson","215","16","30"
"70-79 years","Upson","147","27","37"
"80 & Older years","Upson","101","32","30"
"<1 years","Upson","14","0","0"
"Unknown years","Upson","16","0","0"
"01-04 years","Walker","67","0","1"
"05-09 years","Walker","108","0","1"
"10-17 years","Walker","419","0","3"
"18-29 years","Walker","908","0","13"
"30-39 years","Walker","665","0","11"
"40-49 years","Walker","817","3","24"
"50-59 years","Walker","687","3","31"
"60-69 years","Walker","590","12","51"
"70-79 years","Walker","395","25","42"
"80 & Older years","Walker","198","24","25"
"<1 years","Walker","34","0","1"
"Unknown years","Walker","167","0","6"
"01-04 years","Walton","63","0","1"
"05-09 years","Walton","131","0","1"
"10-17 years","Walton","491","0","5"
"18-29 years","Walton","1160","0","24"
"30-39 years","Walton","968","0","21"
"40-49 years","Walton","1069","2","45"
"50-59 years","Walton","1068","7","66"
"60-69 years","Walton","739","21","66"
"70-79 years","Walton","552","45","82"
"80 & Older years","Walton","350","69","67"
"<1 years","Walton","21","0","2"
"Unknown years","Walton","15","0","0"
"01-04 years","Ware","55","0","1"
"05-09 years","Ware","61","0","0"
"10-17 years","Ware","215","0","3"
"18-29 years","Ware","510","1","5"
"30-39 years","Ware","421","1","17"
"40-49 years","Ware","344","2","23"
"50-59 years","Ware","372","12","52"
"60-69 years","Ware","277","12","53"
"70-79 years","Ware","232","33","81"
"80 & Older years","Ware","193","44","57"
"<1 years","Ware","17","0","1"
"Unknown years","Ware","7","0","1"
"01-04 years","Warren","6","0","0"
"05-09 years","Warren","2","0","0"
"10-17 years","Warren","21","0","0"
"18-29 years","Warren","56","0","3"
"30-39 years","Warren","48","0","4"
"40-49 years","Warren","45","2","5"
"50-59 years","Warren","63","1","6"
"60-69 years","Warren","43","2","7"
"70-79 years","Warren","31","2","10"
"80 & Older years","Warren","11","1","2"
"<1 years","Warren","2","0","1"
"Unknown years","Warren","4","0","0"
"01-04 years","Washington","15","0","0"
"05-09 years","Washington","20","0","0"
"10-17 years","Washington","104","0","2"
"18-29 years","Washington","230","0","6"
"30-39 years","Washington","213","0","8"
"40-49 years","Washington","234","2","11"
"50-59 years","Washington","225","2","13"
"60-69 years","Washington","212","9","26"
"70-79 years","Washington","122","7","20"
"80 & Older years","Washington","74","14","10"
"<1 years","Washington","10","0","0"
"Unknown years","Washington","8","0","0"
"01-04 years","Wayne","29","0","1"
"05-09 years","Wayne","21","0","0"
"10-17 years","Wayne","126","0","0"
"18-29 years","Wayne","361","1","7"
"30-39 years","Wayne","359","1","9"
"40-49 years","Wayne","418","1","30"
"50-59 years","Wayne","360","5","31"
"60-69 years","Wayne","274","13","54"
"70-79 years","Wayne","239","19","64"
"80 & Older years","Wayne","110","17","20"
"<1 years","Wayne","3","0","0"
"Unknown years","Wayne","4","0","0"
"10-17 years","Webster","3","0","0"
"18-29 years","Webster","15","0","1"
"30-39 years","Webster","6","0","0"
"40-49 years","Webster","13","0","2"
"50-59 years","Webster","17","2","4"
"60-69 years","Webster","20","1","4"
"70-79 years","Webster","7","0","1"
"80 & Older years","Webster","3","0","0"
"Unknown years","Webster","2","0","0"
"01-04 years","Wheeler","1","0","0"
"05-09 years","Wheeler","5","0","0"
"10-17 years","Wheeler","21","0","0"
"18-29 years","Wheeler","46","0","0"
"30-39 years","Wheeler","73","2","2"
"40-49 years","Wheeler","75","1","3"
"50-59 years","Wheeler","88","5","9"
"60-69 years","Wheeler","53","3","6"
"70-79 years","Wheeler","39","5","11"
"80 & Older years","Wheeler","9","3","1"
"<1 years","Wheeler","1","0","0"
"Unknown years","Wheeler","24","0","1"
"01-04 years","White","12","0","0"
"05-09 years","White","46","0","0"
"10-17 years","White","194","0","2"
"18-29 years","White","396","1","7"
"30-39 years","White","287","1","7"
"40-49 years","White","368","1","15"
"50-59 years","White","425","4","33"
"60-69 years","White","400","9","58"
"70-79 years","White","302","10","69"
"80 & Older years","White","169","26","63"
"<1 years","White","5","0","0"
"Unknown years","White","53","0","1"
"01-04 years","Whitfield","181","0","2"
"05-09 years","Whitfield","343","0","3"
"10-17 years","Whitfield","1215","0","6"
"18-29 years","Whitfield","3181","0","40"
"30-39 years","Whitfield","2039","4","54"
"40-49 years","Whitfield","2139","4","71"
"50-59 years","Whitfield","1942","21","108"
"60-69 years","Whitfield","1156","28","127"
"70-79 years","Whitfield","665","41","121"
"80 & Older years","Whitfield","379","65","108"
"<1 years","Whitfield","65","0","5"
"Unknown years","Whitfield","27","0","2"
"01-04 years","Wilcox","10","0","0"
"05-09 years","Wilcox","9","0","0"
"10-17 years","Wilcox","22","0","0"
"18-29 years","Wilcox","37","0","0"
"30-39 years","Wilcox","42","0","1"
"40-49 years","Wilcox","71","0","12"
"50-59 years","Wilcox","77","1","14"
"60-69 years","Wilcox","81","9","23"
"70-79 years","Wilcox","52","9","10"
"80 & Older years","Wilcox","22","7","6"
"<1 years","Wilcox","5","0","0"
"01-04 years","Wilkes","8","0","0"
"05-09 years","Wilkes","16","0","0"
"10-17 years","Wilkes","48","0","0"
"18-29 years","Wilkes","106","0","1"
"30-39 years","Wilkes","76","0","4"
"40-49 years","Wilkes","98","0","11"
"50-59 years","Wilkes","89","2","3"
"60-69 years","Wilkes","63","1","12"
"70-79 years","Wilkes","60","4","18"
"80 & Older years","Wilkes","23","7","11"
"<1 years","Wilkes","3","0","0"
"Unknown years","Wilkes","1","0","0"
"01-04 years","Wilkinson","6","0","0"
"05-09 years","Wilkinson","10","0","0"
"10-17 years","Wilkinson","24","0","0"
"18-29 years","Wilkinson","97","0","3"
"30-39 years","Wilkinson","82","0","5"
"40-49 years","Wilkinson","84","0","6"
"50-59 years","Wilkinson","135","4","23"
"60-69 years","Wilkinson","121","7","33"
"70-79 years","Wilkinson","52","6","21"
"80 & Older years","Wilkinson","33","4","15"
"Unknown years","Wilkinson","1","0","0"
"01-04 years","Worth","13","0","0"
"05-09 years","Worth","12","0","0"
"10-17 years","Worth","71","0","3"
"18-29 years","Worth","169","0","7"
"30-39 years","Worth","136","0","10"
"40-49 years","Worth","146","1","13"
"50-59 years","Worth","177","4","23"
"60-69 years","Worth","185","16","48"
"70-79 years","Worth","112","13","27"
"80 & Older years","Worth","68","13","22"
"<1 years","Worth","4","0","0"
"Unknown years","Worth","1","0","0"
