"age group","county name","cases","deaths","hospitalization"
"01-04 years","Georgia","11801","1","227"
"05-09 years","Georgia","19438","2","175"
"10-17 years","Georgia","66430","7","698"
"18-29 years","Georgia","197060","117","3733"
"30-39 years","Georgia","142574","252","4886"
"40-49 years","Georgia","138011","607","7090"
"50-59 years","Georgia","130857","1621","10664"
"60-69 years","Georgia","88268","3459","12682"
"70-79 years","Georgia","51126","5020","12027"
"80 & Older years","Georgia","29526","6516","9343"
"<1 years","Georgia","3291","0","177"
"Unknown years","Georgia","4382","2","96"
"01-04 years","Appling","30","0","0"
"05-09 years","Appling","53","0","0"
"10-17 years","Appling","163","0","1"
"18-29 years","Appling","346","1","6"
"30-39 years","Appling","259","1","5"
"40-49 years","Appling","257","4","17"
"50-59 years","Appling","298","7","29"
"60-69 years","Appling","257","15","53"
"70-79 years","Appling","168","18","35"
"80 & Older years","Appling","82","20","31"
"<1 years","Appling","7","0","0"
"01-04 years","Atkinson","6","0","1"
"05-09 years","Atkinson","19","0","1"
"10-17 years","Atkinson","50","0","0"
"18-29 years","Atkinson","170","0","9"
"30-39 years","Atkinson","121","0","8"
"40-49 years","Atkinson","135","2","24"
"50-59 years","Atkinson","139","1","25"
"60-69 years","Atkinson","83","5","25"
"70-79 years","Atkinson","43","5","13"
"80 & Older years","Atkinson","14","5","10"
"<1 years","Atkinson","3","0","0"
"01-04 years","Bacon","18","0","0"
"05-09 years","Bacon","23","0","0"
"10-17 years","Bacon","75","0","1"
"18-29 years","Bacon","397","0","1"
"30-39 years","Bacon","190","0","5"
"40-49 years","Bacon","177","1","13"
"50-59 years","Bacon","157","2","16"
"60-69 years","Bacon","127","9","25"
"70-79 years","Bacon","82","7","19"
"80 & Older years","Bacon","38","9","7"
"<1 years","Bacon","4","0","0"
"Unknown years","Bacon","1","0","0"
"01-04 years","Baker","6","0","0"
"05-09 years","Baker","4","0","0"
"10-17 years","Baker","9","0","0"
"18-29 years","Baker","25","0","0"
"30-39 years","Baker","22","0","2"
"40-49 years","Baker","14","1","2"
"50-59 years","Baker","21","0","1"
"60-69 years","Baker","32","3","15"
"70-79 years","Baker","18","2","10"
"80 & Older years","Baker","9","3","3"
"<1 years","Baker","1","0","0"
"01-04 years","Baldwin","31","0","0"
"05-09 years","Baldwin","52","0","0"
"10-17 years","Baldwin","197","1","5"
"18-29 years","Baldwin","1282","0","14"
"30-39 years","Baldwin","474","1","16"
"40-49 years","Baldwin","487","2","31"
"50-59 years","Baldwin","498","12","59"
"60-69 years","Baldwin","387","23","76"
"70-79 years","Baldwin","259","28","57"
"80 & Older years","Baldwin","159","46","62"
"<1 years","Baldwin","14","0","0"
"01-04 years","Banks","11","0","0"
"05-09 years","Banks","29","0","1"
"10-17 years","Banks","107","0","2"
"18-29 years","Banks","306","0","9"
"30-39 years","Banks","209","0","6"
"40-49 years","Banks","235","0","17"
"50-59 years","Banks","261","1","24"
"60-69 years","Banks","214","5","42"
"70-79 years","Banks","152","15","55"
"80 & Older years","Banks","80","12","30"
"<1 years","Banks","6","0","1"
"Unknown years","Banks","25","0","1"
"01-04 years","Barrow","96","0","0"
"05-09 years","Barrow","180","0","0"
"10-17 years","Barrow","679","0","8"
"18-29 years","Barrow","1779","2","38"
"30-39 years","Barrow","1505","1","46"
"40-49 years","Barrow","1548","5","71"
"50-59 years","Barrow","1296","8","103"
"60-69 years","Barrow","860","30","143"
"70-79 years","Barrow","503","35","106"
"80 & Older years","Barrow","246","51","92"
"<1 years","Barrow","31","0","2"
"Unknown years","Barrow","20","0","0"
"01-04 years","Bartow","117","0","6"
"05-09 years","Bartow","229","0","2"
"10-17 years","Bartow","956","0","13"
"18-29 years","Bartow","2112","0","25"
"30-39 years","Bartow","1728","4","50"
"40-49 years","Bartow","1801","2","84"
"50-59 years","Bartow","1847","17","158"
"60-69 years","Bartow","1123","36","162"
"70-79 years","Bartow","746","73","192"
"80 & Older years","Bartow","367","75","127"
"<1 years","Bartow","40","0","1"
"Unknown years","Bartow","151","0","7"
"01-04 years","Ben Hill","29","0","1"
"05-09 years","Ben Hill","20","0","0"
"10-17 years","Ben Hill","98","0","0"
"18-29 years","Ben Hill","262","0","4"
"30-39 years","Ben Hill","216","3","10"
"40-49 years","Ben Hill","202","1","10"
"50-59 years","Ben Hill","239","6","30"
"60-69 years","Ben Hill","202","12","28"
"70-79 years","Ben Hill","144","19","51"
"80 & Older years","Ben Hill","71","20","19"
"<1 years","Ben Hill","6","0","1"
"Unknown years","Ben Hill","2","0","0"
"01-04 years","Berrien","16","0","0"
"05-09 years","Berrien","23","0","0"
"10-17 years","Berrien","95","0","1"
"18-29 years","Berrien","202","0","0"
"30-39 years","Berrien","161","0","3"
"40-49 years","Berrien","141","1","5"
"50-59 years","Berrien","166","2","16"
"60-69 years","Berrien","124","8","17"
"70-79 years","Berrien","79","10","15"
"80 & Older years","Berrien","47","11","13"
"<1 years","Berrien","2","0","0"
"Unknown years","Berrien","1","0","0"
"01-04 years","Bibb","137","0","4"
"05-09 years","Bibb","189","0","0"
"10-17 years","Bibb","665","0","9"
"18-29 years","Bibb","2977","1","84"
"30-39 years","Bibb","2106","6","110"
"40-49 years","Bibb","2122","17","200"
"50-59 years","Bibb","1977","26","278"
"60-69 years","Bibb","1571","89","416"
"70-79 years","Bibb","955","117","363"
"80 & Older years","Bibb","593","149","295"
"<1 years","Bibb","46","0","4"
"Unknown years","Bibb","5","0","0"
"01-04 years","Bleckley","5","0","0"
"05-09 years","Bleckley","16","0","0"
"10-17 years","Bleckley","70","0","0"
"18-29 years","Bleckley","188","0","3"
"30-39 years","Bleckley","95","1","4"
"40-49 years","Bleckley","106","1","2"
"50-59 years","Bleckley","107","2","4"
"60-69 years","Bleckley","86","7","11"
"70-79 years","Bleckley","64","5","12"
"80 & Older years","Bleckley","61","18","12"
"<1 years","Bleckley","3","0","0"
"01-04 years","Brantley","12","0","0"
"05-09 years","Brantley","14","0","0"
"10-17 years","Brantley","85","0","1"
"18-29 years","Brantley","161","0","2"
"30-39 years","Brantley","120","0","4"
"40-49 years","Brantley","134","1","6"
"50-59 years","Brantley","153","2","15"
"60-69 years","Brantley","116","5","15"
"70-79 years","Brantley","89","16","26"
"80 & Older years","Brantley","47","8","11"
"<1 years","Brantley","1","0","0"
"01-04 years","Brooks","15","0","1"
"05-09 years","Brooks","25","0","0"
"10-17 years","Brooks","87","0","0"
"18-29 years","Brooks","176","0","1"
"30-39 years","Brooks","127","0","3"
"40-49 years","Brooks","123","1","12"
"50-59 years","Brooks","146","2","21"
"60-69 years","Brooks","98","6","16"
"70-79 years","Brooks","85","10","19"
"80 & Older years","Brooks","56","17","15"
"<1 years","Brooks","4","0","0"
"01-04 years","Bryan","51","0","0"
"05-09 years","Bryan","82","0","0"
"10-17 years","Bryan","273","0","3"
"18-29 years","Bryan","536","0","11"
"30-39 years","Bryan","454","1","10"
"40-49 years","Bryan","482","0","15"
"50-59 years","Bryan","355","5","30"
"60-69 years","Bryan","257","11","28"
"70-79 years","Bryan","159","10","51"
"80 & Older years","Bryan","67","9","27"
"<1 years","Bryan","14","0","0"
"Unknown years","Bryan","3","0","0"
"01-04 years","Bulloch","60","0","0"
"05-09 years","Bulloch","105","0","0"
"10-17 years","Bulloch","377","0","2"
"18-29 years","Bulloch","2267","0","10"
"30-39 years","Bulloch","647","4","21"
"40-49 years","Bulloch","556","2","23"
"50-59 years","Bulloch","531","8","34"
"60-69 years","Bulloch","387","16","47"
"70-79 years","Bulloch","198","17","41"
"80 & Older years","Bulloch","108","17","36"
"<1 years","Bulloch","26","0","2"
"Unknown years","Bulloch","1","0","0"
"01-04 years","Burke","22","0","0"
"05-09 years","Burke","45","0","0"
"10-17 years","Burke","140","0","1"
"18-29 years","Burke","350","1","8"
"30-39 years","Burke","265","1","10"
"40-49 years","Burke","298","2","17"
"50-59 years","Burke","275","3","32"
"60-69 years","Burke","213","5","38"
"70-79 years","Burke","122","13","32"
"80 & Older years","Burke","40","12","14"
"<1 years","Burke","7","0","0"
"Unknown years","Burke","2","0","0"
"01-04 years","Butts","24","0","3"
"05-09 years","Butts","31","0","0"
"10-17 years","Butts","117","0","3"
"18-29 years","Butts","426","0","6"
"30-39 years","Butts","392","0","8"
"40-49 years","Butts","363","4","15"
"50-59 years","Butts","387","7","23"
"60-69 years","Butts","275","17","34"
"70-79 years","Butts","188","22","25"
"80 & Older years","Butts","114","27","8"
"<1 years","Butts","7","0","1"
"Unknown years","Butts","3","0","0"
"01-04 years","Calhoun","7","0","0"
"05-09 years","Calhoun","1","0","0"
"10-17 years","Calhoun","40","0","0"
"18-29 years","Calhoun","66","0","6"
"30-39 years","Calhoun","60","2","6"
"40-49 years","Calhoun","75","2","8"
"50-59 years","Calhoun","83","2","18"
"60-69 years","Calhoun","71","2","19"
"70-79 years","Calhoun","25","5","9"
"80 & Older years","Calhoun","15","2","8"
"<1 years","Calhoun","3","0","0"
"Unknown years","Calhoun","1","0","0"
"01-04 years","Camden","46","0","0"
"05-09 years","Camden","41","0","1"
"10-17 years","Camden","229","0","1"
"18-29 years","Camden","786","0","6"
"30-39 years","Camden","524","1","17"
"40-49 years","Camden","427","2","11"
"50-59 years","Camden","485","2","21"
"60-69 years","Camden","360","6","28"
"70-79 years","Camden","209","5","26"
"80 & Older years","Camden","92","14","22"
"<1 years","Camden","8","0","2"
"01-04 years","Candler","9","0","0"
"05-09 years","Candler","13","0","0"
"10-17 years","Candler","55","0","0"
"18-29 years","Candler","129","0","0"
"30-39 years","Candler","95","0","3"
"40-49 years","Candler","121","3","3"
"50-59 years","Candler","126","5","13"
"60-69 years","Candler","100","9","14"
"70-79 years","Candler","67","14","18"
"80 & Older years","Candler","28","6","11"
"<1 years","Candler","5","0","0"
"01-04 years","Carroll","90","0","1"
"05-09 years","Carroll","136","0","2"
"10-17 years","Carroll","621","0","6"
"18-29 years","Carroll","1754","0","13"
"30-39 years","Carroll","1109","4","19"
"40-49 years","Carroll","1085","4","30"
"50-59 years","Carroll","1086","11","56"
"60-69 years","Carroll","767","26","73"
"70-79 years","Carroll","457","35","67"
"80 & Older years","Carroll","270","51","44"
"<1 years","Carroll","26","0","0"
"Unknown years","Carroll","9","0","0"
"01-04 years","Catoosa","88","0","0"
"05-09 years","Catoosa","142","0","1"
"10-17 years","Catoosa","490","0","2"
"18-29 years","Catoosa","1034","0","8"
"30-39 years","Catoosa","785","1","11"
"40-49 years","Catoosa","909","2","14"
"50-59 years","Catoosa","839","6","36"
"60-69 years","Catoosa","603","7","62"
"70-79 years","Catoosa","364","17","57"
"80 & Older years","Catoosa","249","31","50"
"<1 years","Catoosa","34","0","1"
"Unknown years","Catoosa","139","0","10"
"01-04 years","Charlton","12","0","0"
"05-09 years","Charlton","29","0","0"
"10-17 years","Charlton","66","0","0"
"18-29 years","Charlton","208","1","1"
"30-39 years","Charlton","203","0","4"
"40-49 years","Charlton","181","2","8"
"50-59 years","Charlton","148","2","6"
"60-69 years","Charlton","146","7","19"
"70-79 years","Charlton","55","5","11"
"80 & Older years","Charlton","31","8","14"
"<1 years","Charlton","2","0","0"
"01-04 years","Chatham","400","0","3"
"05-09 years","Chatham","489","1","1"
"10-17 years","Chatham","1362","0","14"
"18-29 years","Chatham","5087","3","60"
"30-39 years","Chatham","3467","5","113"
"40-49 years","Chatham","2833","13","159"
"50-59 years","Chatham","2566","42","247"
"60-69 years","Chatham","2061","83","364"
"70-79 years","Chatham","1099","122","357"
"80 & Older years","Chatham","693","158","294"
"<1 years","Chatham","114","0","4"
"Unknown years","Chatham","19","0","1"
"01-04 years","Chattahoochee","9","0","0"
"05-09 years","Chattahoochee","9","0","0"
"10-17 years","Chattahoochee","127","0","2"
"18-29 years","Chattahoochee","2786","7","6"
"30-39 years","Chattahoochee","274","2","4"
"40-49 years","Chattahoochee","55","0","0"
"50-59 years","Chattahoochee","27","0","7"
"60-69 years","Chattahoochee","18","0","4"
"70-79 years","Chattahoochee","11","1","3"
"80 & Older years","Chattahoochee","9","3","5"
"<1 years","Chattahoochee","8","0","0"
"Unknown years","Chattahoochee","1","0","0"
"01-04 years","Chattooga","16","0","0"
"05-09 years","Chattooga","31","0","0"
"10-17 years","Chattooga","192","0","1"
"18-29 years","Chattooga","386","0","6"
"30-39 years","Chattooga","306","0","8"
"40-49 years","Chattooga","350","2","15"
"50-59 years","Chattooga","343","5","26"
"60-69 years","Chattooga","287","14","42"
"70-79 years","Chattooga","173","18","46"
"80 & Older years","Chattooga","118","24","34"
"<1 years","Chattooga","10","0","1"
"Unknown years","Chattooga","30","0","1"
"01-04 years","Cherokee","245","0","8"
"05-09 years","Cherokee","580","0","9"
"10-17 years","Cherokee","2303","0","17"
"18-29 years","Cherokee","4400","2","77"
"30-39 years","Cherokee","3231","2","104"
"40-49 years","Cherokee","3662","4","127"
"50-59 years","Cherokee","3546","21","203"
"60-69 years","Cherokee","2154","47","253"
"70-79 years","Cherokee","1364","81","261"
"80 & Older years","Cherokee","808","145","226"
"<1 years","Cherokee","50","0","1"
"Unknown years","Cherokee","9","0","1"
"01-04 years","Clarke","169","0","1"
"05-09 years","Clarke","216","0","2"
"10-17 years","Clarke","613","0","5"
"18-29 years","Clarke","6083","1","38"
"30-39 years","Clarke","1628","2","35"
"40-49 years","Clarke","1305","3","53"
"50-59 years","Clarke","1178","12","74"
"60-69 years","Clarke","791","21","98"
"70-79 years","Clarke","467","49","111"
"80 & Older years","Clarke","243","49","73"
"<1 years","Clarke","44","0","2"
"Unknown years","Clarke","36","0","0"
"01-04 years","Clay","3","0","0"
"05-09 years","Clay","2","0","0"
"10-17 years","Clay","16","0","0"
"18-29 years","Clay","27","0","0"
"30-39 years","Clay","31","0","1"
"40-49 years","Clay","29","0","1"
"50-59 years","Clay","17","0","1"
"60-69 years","Clay","24","1","2"
"70-79 years","Clay","19","0","0"
"80 & Older years","Clay","14","2","5"
"Unknown years","Clay","1","0","0"
"01-04 years","Clayton","439","0","9"
"05-09 years","Clayton","641","1","8"
"10-17 years","Clayton","1655","0","35"
"18-29 years","Clayton","5027","6","111"
"30-39 years","Clayton","4365","10","164"
"40-49 years","Clayton","3940","26","196"
"50-59 years","Clayton","3717","59","281"
"60-69 years","Clayton","2336","121","260"
"70-79 years","Clayton","978","113","181"
"80 & Older years","Clayton","477","112","121"
"<1 years","Clayton","95","0","4"
"Unknown years","Clayton","54","0","3"
"01-04 years","Clinch","13","0","0"
"05-09 years","Clinch","20","0","0"
"10-17 years","Clinch","77","0","0"
"18-29 years","Clinch","131","0","2"
"30-39 years","Clinch","107","1","4"
"40-49 years","Clinch","106","0","4"
"50-59 years","Clinch","100","2","14"
"60-69 years","Clinch","107","7","16"
"70-79 years","Clinch","52","9","19"
"80 & Older years","Clinch","19","6","7"
"<1 years","Clinch","4","0","0"
"01-04 years","Cobb","769","1","17"
"05-09 years","Cobb","1399","0","10"
"10-17 years","Cobb","4499","0","43"
"18-29 years","Cobb","15047","5","234"
"30-39 years","Cobb","10264","18","264"
"40-49 years","Cobb","9719","34","416"
"50-59 years","Cobb","8644","66","552"
"60-69 years","Cobb","5329","143","548"
"70-79 years","Cobb","2914","292","530"
"80 & Older years","Cobb","1787","405","506"
"<1 years","Cobb","200","0","13"
"Unknown years","Cobb","99","0","3"
"01-04 years","Coffee","75","0","2"
"05-09 years","Coffee","99","0","4"
"10-17 years","Coffee","285","0","4"
"18-29 years","Coffee","819","0","22"
"30-39 years","Coffee","619","4","44"
"40-49 years","Coffee","686","5","86"
"50-59 years","Coffee","671","12","135"
"60-69 years","Coffee","529","33","135"
"70-79 years","Coffee","282","42","125"
"80 & Older years","Coffee","157","42","89"
"<1 years","Coffee","14","0","1"
"01-04 years","Colquitt","50","0","0"
"05-09 years","Colquitt","106","0","2"
"10-17 years","Colquitt","371","0","7"
"18-29 years","Colquitt","734","0","21"
"30-39 years","Colquitt","518","1","19"
"40-49 years","Colquitt","547","6","37"
"50-59 years","Colquitt","485","15","41"
"60-69 years","Colquitt","346","15","44"
"70-79 years","Colquitt","212","16","48"
"80 & Older years","Colquitt","138","26","31"
"<1 years","Colquitt","16","0","0"
"Unknown years","Colquitt","3","0","0"
"01-04 years","Columbia","140","0","2"
"05-09 years","Columbia","301","0","0"
"10-17 years","Columbia","1116","0","1"
"18-29 years","Columbia","2249","1","21"
"30-39 years","Columbia","2007","2","26"
"40-49 years","Columbia","1805","7","45"
"50-59 years","Columbia","1556","16","71"
"60-69 years","Columbia","995","27","98"
"70-79 years","Columbia","529","43","109"
"80 & Older years","Columbia","308","64","97"
"<1 years","Columbia","34","0","1"
"Unknown years","Columbia","11","0","0"
"01-04 years","Cook","14","0","1"
"05-09 years","Cook","25","0","0"
"10-17 years","Cook","93","0","2"
"18-29 years","Cook","228","0","6"
"30-39 years","Cook","172","0","4"
"40-49 years","Cook","175","0","14"
"50-59 years","Cook","164","3","17"
"60-69 years","Cook","128","7","19"
"70-79 years","Cook","101","11","29"
"80 & Older years","Cook","54","17","15"
"<1 years","Cook","6","0","0"
"Unknown years","Cook","2","0","0"
"01-04 years","Coweta","108","0","0"
"05-09 years","Coweta","195","0","1"
"10-17 years","Coweta","645","0","7"
"18-29 years","Coweta","1621","1","15"
"30-39 years","Coweta","1260","3","29"
"40-49 years","Coweta","1346","9","45"
"50-59 years","Coweta","1564","25","66"
"60-69 years","Coweta","963","37","65"
"70-79 years","Coweta","593","58","77"
"80 & Older years","Coweta","327","72","47"
"<1 years","Coweta","27","0","1"
"Unknown years","Coweta","21","0","0"
"01-04 years","Crawford","2","0","0"
"05-09 years","Crawford","2","0","0"
"10-17 years","Crawford","28","0","1"
"18-29 years","Crawford","77","0","2"
"30-39 years","Crawford","73","0","6"
"40-49 years","Crawford","59","1","3"
"50-59 years","Crawford","116","3","15"
"60-69 years","Crawford","101","7","16"
"70-79 years","Crawford","44","5","15"
"80 & Older years","Crawford","23","1","10"
"01-04 years","Crisp","22","0","0"
"05-09 years","Crisp","30","0","0"
"10-17 years","Crisp","110","0","1"
"18-29 years","Crisp","233","0","10"
"30-39 years","Crisp","229","1","15"
"40-49 years","Crisp","214","3","20"
"50-59 years","Crisp","206","5","26"
"60-69 years","Crisp","205","19","41"
"70-79 years","Crisp","102","10","32"
"80 & Older years","Crisp","72","18","18"
"<1 years","Crisp","9","0","0"
"Unknown years","Crisp","7","0","0"
"01-04 years","Dade","16","0","0"
"05-09 years","Dade","37","0","0"
"10-17 years","Dade","98","0","0"
"18-29 years","Dade","219","0","1"
"30-39 years","Dade","154","0","2"
"40-49 years","Dade","189","0","7"
"50-59 years","Dade","176","2","11"
"60-69 years","Dade","130","1","9"
"70-79 years","Dade","93","6","19"
"80 & Older years","Dade","52","3","10"
"<1 years","Dade","7","0","0"
"Unknown years","Dade","40","1","3"
"01-04 years","Dawson","26","0","0"
"05-09 years","Dawson","49","0","0"
"10-17 years","Dawson","199","0","4"
"18-29 years","Dawson","541","0","15"
"30-39 years","Dawson","404","0","14"
"40-49 years","Dawson","374","0","23"
"50-59 years","Dawson","431","2","35"
"60-69 years","Dawson","351","5","72"
"70-79 years","Dawson","212","20","52"
"80 & Older years","Dawson","90","15","29"
"<1 years","Dawson","8","0","1"
"Unknown years","Dawson","34","0","1"
"01-04 years","DeKalb","883","0","24"
"05-09 years","DeKalb","1280","0","19"
"10-17 years","DeKalb","3493","0","61"
"18-29 years","DeKalb","13413","11","364"
"30-39 years","DeKalb","11482","18","528"
"40-49 years","DeKalb","9106","38","593"
"50-59 years","DeKalb","8253","105","834"
"60-69 years","DeKalb","5256","175","923"
"70-79 years","DeKalb","2612","245","717"
"80 & Older years","DeKalb","1611","335","517"
"<1 years","DeKalb","191","0","10"
"Unknown years","DeKalb","265","0","7"
"01-04 years","Decatur","56","0","1"
"05-09 years","Decatur","63","0","0"
"10-17 years","Decatur","205","0","0"
"18-29 years","Decatur","425","1","8"
"30-39 years","Decatur","332","1","8"
"40-49 years","Decatur","317","1","18"
"50-59 years","Decatur","276","5","29"
"60-69 years","Decatur","221","10","33"
"70-79 years","Decatur","141","20","25"
"80 & Older years","Decatur","99","17","23"
"<1 years","Decatur","9","0","0"
"Unknown years","Decatur","3","0","1"
"01-04 years","Dodge","7","0","0"
"05-09 years","Dodge","17","0","0"
"10-17 years","Dodge","87","1","1"
"18-29 years","Dodge","201","0","4"
"30-39 years","Dodge","150","0","5"
"40-49 years","Dodge","152","1","11"
"50-59 years","Dodge","183","5","20"
"60-69 years","Dodge","146","17","29"
"70-79 years","Dodge","82","16","21"
"80 & Older years","Dodge","55","16","16"
"<1 years","Dodge","4","0","0"
"01-04 years","Dooly","12","0","0"
"05-09 years","Dooly","13","0","0"
"10-17 years","Dooly","52","0","1"
"18-29 years","Dooly","110","0","5"
"30-39 years","Dooly","100","0","9"
"40-49 years","Dooly","134","1","9"
"50-59 years","Dooly","146","5","19"
"60-69 years","Dooly","126","10","24"
"70-79 years","Dooly","67","10","17"
"80 & Older years","Dooly","22","6","6"
"<1 years","Dooly","3","0","0"
"Unknown years","Dooly","2","0","0"
"01-04 years","Dougherty","68","0","3"
"05-09 years","Dougherty","122","0","0"
"10-17 years","Dougherty","262","0","7"
"18-29 years","Dougherty","994","2","86"
"30-39 years","Dougherty","836","5","86"
"40-49 years","Dougherty","833","16","118"
"50-59 years","Dougherty","910","26","171"
"60-69 years","Dougherty","773","74","251"
"70-79 years","Dougherty","454","65","179"
"80 & Older years","Dougherty","269","93","125"
"<1 years","Dougherty","29","0","3"
"Unknown years","Dougherty","1","0","0"
"01-04 years","Douglas","183","0","5"
"05-09 years","Douglas","296","0","5"
"10-17 years","Douglas","937","0","7"
"18-29 years","Douglas","2356","0","52"
"30-39 years","Douglas","1927","3","70"
"40-49 years","Douglas","2220","7","121"
"50-59 years","Douglas","1968","22","168"
"60-69 years","Douglas","1138","37","182"
"70-79 years","Douglas","593","58","146"
"80 & Older years","Douglas","288","47","94"
"<1 years","Douglas","33","0","5"
"Unknown years","Douglas","18","0","2"
"01-04 years","Early","19","0","0"
"05-09 years","Early","18","0","0"
"10-17 years","Early","97","0","0"
"18-29 years","Early","154","0","4"
"30-39 years","Early","151","0","4"
"40-49 years","Early","172","1","9"
"50-59 years","Early","161","3","11"
"60-69 years","Early","120","11","13"
"70-79 years","Early","76","15","17"
"80 & Older years","Early","42","13","15"
"<1 years","Early","2","0","0"
"Unknown years","Early","1","0","0"
"01-04 years","Echols","8","0","0"
"05-09 years","Echols","5","0","0"
"10-17 years","Echols","26","0","1"
"18-29 years","Echols","130","0","1"
"30-39 years","Echols","60","1","3"
"40-49 years","Echols","43","0","1"
"50-59 years","Echols","43","0","2"
"60-69 years","Echols","22","0","0"
"70-79 years","Echols","17","2","3"
"80 & Older years","Echols","3","1","2"
"<1 years","Echols","1","0","0"
"01-04 years","Effingham","53","0","2"
"05-09 years","Effingham","122","0","1"
"10-17 years","Effingham","404","0","1"
"18-29 years","Effingham","683","0","6"
"30-39 years","Effingham","639","1","13"
"40-49 years","Effingham","589","1","29"
"50-59 years","Effingham","597","11","44"
"60-69 years","Effingham","386","8","60"
"70-79 years","Effingham","220","21","59"
"80 & Older years","Effingham","97","23","33"
"<1 years","Effingham","12","0","0"
"Unknown years","Effingham","2","0","0"
"01-04 years","Elbert","18","0","0"
"05-09 years","Elbert","29","0","0"
"10-17 years","Elbert","87","0","1"
"18-29 years","Elbert","265","0","2"
"30-39 years","Elbert","188","0","8"
"40-49 years","Elbert","218","1","9"
"50-59 years","Elbert","232","1","14"
"60-69 years","Elbert","187","6","23"
"70-79 years","Elbert","159","19","34"
"80 & Older years","Elbert","128","31","36"
"<1 years","Elbert","8","0","2"
"Unknown years","Elbert","9","0","0"
"01-04 years","Emanuel","25","0","1"
"05-09 years","Emanuel","24","0","0"
"10-17 years","Emanuel","166","0","2"
"18-29 years","Emanuel","314","1","0"
"30-39 years","Emanuel","233","0","8"
"40-49 years","Emanuel","289","2","7"
"50-59 years","Emanuel","256","6","28"
"60-69 years","Emanuel","225","10","30"
"70-79 years","Emanuel","133","15","26"
"80 & Older years","Emanuel","62","19","21"
"<1 years","Emanuel","5","0","0"
"Unknown years","Emanuel","3","0","1"
"01-04 years","Evans","14","0","0"
"05-09 years","Evans","20","0","0"
"10-17 years","Evans","85","0","0"
"18-29 years","Evans","151","1","3"
"30-39 years","Evans","127","0","3"
"40-49 years","Evans","111","0","9"
"50-59 years","Evans","113","3","16"
"60-69 years","Evans","68","4","15"
"70-79 years","Evans","49","6","15"
"80 & Older years","Evans","18","3","11"
"<1 years","Evans","2","0","0"
"01-04 years","Fannin","17","0","0"
"05-09 years","Fannin","34","0","0"
"10-17 years","Fannin","130","0","0"
"18-29 years","Fannin","297","0","6"
"30-39 years","Fannin","235","0","7"
"40-49 years","Fannin","266","1","11"
"50-59 years","Fannin","371","4","23"
"60-69 years","Fannin","361","7","37"
"70-79 years","Fannin","263","15","47"
"80 & Older years","Fannin","146","34","46"
"<1 years","Fannin","4","0","0"
"Unknown years","Fannin","2","0","0"
"01-04 years","Fayette","69","0","1"
"05-09 years","Fayette","138","0","2"
"10-17 years","Fayette","542","0","3"
"18-29 years","Fayette","1250","1","8"
"30-39 years","Fayette","808","1","9"
"40-49 years","Fayette","1088","4","28"
"50-59 years","Fayette","1161","9","46"
"60-69 years","Fayette","859","23","54"
"70-79 years","Fayette","438","55","71"
"80 & Older years","Fayette","284","60","39"
"<1 years","Fayette","14","0","0"
"Unknown years","Fayette","24","0","0"
"01-04 years","Floyd","124","0","4"
"05-09 years","Floyd","220","0","1"
"10-17 years","Floyd","948","0","11"
"18-29 years","Floyd","2030","0","30"
"30-39 years","Floyd","1496","3","53"
"40-49 years","Floyd","1464","6","88"
"50-59 years","Floyd","1423","24","154"
"60-69 years","Floyd","1043","35","194"
"70-79 years","Floyd","690","49","192"
"80 & Older years","Floyd","389","67","155"
"<1 years","Floyd","46","0","2"
"Unknown years","Floyd","124","0","3"
"01-04 years","Forsyth","242","0","2"
"05-09 years","Forsyth","603","0","2"
"10-17 years","Forsyth","2195","0","7"
"18-29 years","Forsyth","3187","0","44"
"30-39 years","Forsyth","2395","1","61"
"40-49 years","Forsyth","3123","4","123"
"50-59 years","Forsyth","2864","10","171"
"60-69 years","Forsyth","1481","19","163"
"70-79 years","Forsyth","874","61","217"
"80 & Older years","Forsyth","517","86","164"
"<1 years","Forsyth","51","0","3"
"Unknown years","Forsyth","381","0","4"
"01-04 years","Franklin","17","0","2"
"05-09 years","Franklin","55","0","0"
"10-17 years","Franklin","185","0","5"
"18-29 years","Franklin","438","0","10"
"30-39 years","Franklin","299","0","5"
"40-49 years","Franklin","350","0","13"
"50-59 years","Franklin","351","1","23"
"60-69 years","Franklin","311","3","34"
"70-79 years","Franklin","185","19","34"
"80 & Older years","Franklin","85","20","25"
"<1 years","Franklin","8","0","1"
"Unknown years","Franklin","62","0","0"
"01-04 years","Fulton","1059","0","28"
"05-09 years","Fulton","1719","0","15"
"10-17 years","Fulton","5524","1","49"
"18-29 years","Fulton","21443","5","359"
"30-39 years","Fulton","15728","22","531"
"40-49 years","Fulton","12520","39","619"
"50-59 years","Fulton","11197","109","915"
"60-69 years","Fulton","6557","233","864"
"70-79 years","Fulton","3481","341","793"
"80 & Older years","Fulton","2467","526","760"
"<1 years","Fulton","234","0","11"
"Unknown years","Fulton","143","0","2"
"01-04 years","Gilmer","29","0","2"
"05-09 years","Gilmer","39","0","0"
"10-17 years","Gilmer","189","0","2"
"18-29 years","Gilmer","363","0","11"
"30-39 years","Gilmer","325","0","17"
"40-49 years","Gilmer","361","0","16"
"50-59 years","Gilmer","399","10","29"
"60-69 years","Gilmer","377","8","47"
"70-79 years","Gilmer","260","20","53"
"80 & Older years","Gilmer","136","34","41"
"<1 years","Gilmer","11","0","0"
"01-04 years","Glascock","1","0","0"
"05-09 years","Glascock","3","0","0"
"10-17 years","Glascock","1","0","0"
"18-29 years","Glascock","22","0","1"
"30-39 years","Glascock","17","0","0"
"40-49 years","Glascock","21","0","1"
"50-59 years","Glascock","28","2","3"
"60-69 years","Glascock","16","0","3"
"70-79 years","Glascock","25","3","6"
"80 & Older years","Glascock","9","2","5"
"<1 years","Glascock","1","0","0"
"Unknown years","Glascock","1","0","0"
"01-04 years","Glynn","104","0","1"
"05-09 years","Glynn","184","0","1"
"10-17 years","Glynn","601","0","1"
"18-29 years","Glynn","1407","0","23"
"30-39 years","Glynn","1100","5","29"
"40-49 years","Glynn","951","4","38"
"50-59 years","Glynn","881","10","66"
"60-69 years","Glynn","727","29","116"
"70-79 years","Glynn","456","43","82"
"80 & Older years","Glynn","256","62","90"
"<1 years","Glynn","18","0","0"
"Unknown years","Glynn","10","0","0"
"01-04 years","Gordon","90","0","1"
"05-09 years","Gordon","128","0","0"
"10-17 years","Gordon","573","0","5"
"18-29 years","Gordon","1281","0","15"
"30-39 years","Gordon","989","2","20"
"40-49 years","Gordon","1053","5","36"
"50-59 years","Gordon","1032","14","57"
"60-69 years","Gordon","642","24","56"
"70-79 years","Gordon","368","26","80"
"80 & Older years","Gordon","190","32","53"
"<1 years","Gordon","26","0","3"
"Unknown years","Gordon","121","0","3"
"01-04 years","Grady","33","0","1"
"05-09 years","Grady","44","0","0"
"10-17 years","Grady","139","0","5"
"18-29 years","Grady","260","0","9"
"30-39 years","Grady","232","0","10"
"40-49 years","Grady","240","1","24"
"50-59 years","Grady","226","7","31"
"60-69 years","Grady","165","5","28"
"70-79 years","Grady","153","17","47"
"80 & Older years","Grady","54","17","20"
"<1 years","Grady","3","0","1"
"Unknown years","Grady","3","0","0"
"01-04 years","Greene","16","0","0"
"05-09 years","Greene","32","0","0"
"10-17 years","Greene","85","0","0"
"18-29 years","Greene","261","0","6"
"30-39 years","Greene","185","0","7"
"40-49 years","Greene","180","3","12"
"50-59 years","Greene","223","6","20"
"60-69 years","Greene","234","9","20"
"70-79 years","Greene","177","10","28"
"80 & Older years","Greene","106","28","42"
"<1 years","Greene","3","0","1"
"Unknown years","Greene","2","0","0"
"01-04 years","Gwinnett","1348","0","18"
"05-09 years","Gwinnett","2188","0","27"
"10-17 years","Gwinnett","7218","2","86"
"18-29 years","Gwinnett","19313","9","568"
"30-39 years","Gwinnett","14645","19","594"
"40-49 years","Gwinnett","15548","60","819"
"50-59 years","Gwinnett","13302","104","919"
"60-69 years","Gwinnett","7302","210","947"
"70-79 years","Gwinnett","3304","281","769"
"80 & Older years","Gwinnett","1850","390","666"
"<1 years","Gwinnett","403","0","20"
"Unknown years","Gwinnett","93","0","0"
"01-04 years","Habersham","32","0","3"
"05-09 years","Habersham","57","0","3"
"10-17 years","Habersham","314","1","8"
"18-29 years","Habersham","873","1","13"
"30-39 years","Habersham","649","2","29"
"40-49 years","Habersham","687","4","42"
"50-59 years","Habersham","705","5","54"
"60-69 years","Habersham","576","20","116"
"70-79 years","Habersham","387","50","110"
"80 & Older years","Habersham","281","70","89"
"<1 years","Habersham","9","0","3"
"Unknown years","Habersham","80","0","4"
"01-04 years","Hall","194","0","8"
"05-09 years","Hall","399","0","5"
"10-17 years","Hall","1808","0","33"
"18-29 years","Hall","5387","3","165"
"30-39 years","Hall","3645","2","195"
"40-49 years","Hall","3816","11","271"
"50-59 years","Hall","3965","35","393"
"60-69 years","Hall","2654","80","419"
"70-79 years","Hall","1701","124","479"
"80 & Older years","Hall","942","184","383"
"<1 years","Hall","36","0","8"
"Unknown years","Hall","461","0","9"
"01-04 years","Hancock","7","0","0"
"05-09 years","Hancock","8","0","0"
"10-17 years","Hancock","38","0","1"
"18-29 years","Hancock","133","0","3"
"30-39 years","Hancock","111","0","2"
"40-49 years","Hancock","109","1","6"
"50-59 years","Hancock","146","4","16"
"60-69 years","Hancock","143","17","31"
"70-79 years","Hancock","72","17","22"
"80 & Older years","Hancock","63","23","24"
"<1 years","Hancock","4","0","0"
"01-04 years","Haralson","25","0","0"
"05-09 years","Haralson","38","0","0"
"10-17 years","Haralson","156","0","2"
"18-29 years","Haralson","354","0","3"
"30-39 years","Haralson","225","0","5"
"40-49 years","Haralson","245","2","7"
"50-59 years","Haralson","275","1","7"
"60-69 years","Haralson","199","13","23"
"70-79 years","Haralson","131","12","18"
"80 & Older years","Haralson","55","7","10"
"<1 years","Haralson","7","0","1"
"Unknown years","Haralson","5","0","0"
"01-04 years","Harris","31","0","0"
"05-09 years","Harris","32","0","0"
"10-17 years","Harris","191","0","2"
"18-29 years","Harris","340","0","6"
"30-39 years","Harris","248","0","7"
"40-49 years","Harris","361","3","10"
"50-59 years","Harris","383","7","24"
"60-69 years","Harris","321","14","51"
"70-79 years","Harris","185","22","43"
"80 & Older years","Harris","61","12","14"
"<1 years","Harris","5","0","0"
"Unknown years","Harris","6","0","0"
"01-04 years","Hart","17","0","0"
"05-09 years","Hart","25","0","1"
"10-17 years","Hart","93","0","0"
"18-29 years","Hart","299","0","2"
"30-39 years","Hart","257","0","6"
"40-49 years","Hart","235","0","8"
"50-59 years","Hart","281","3","19"
"60-69 years","Hart","227","13","32"
"70-79 years","Hart","146","8","20"
"80 & Older years","Hart","85","13","26"
"<1 years","Hart","6","0","1"
"Unknown years","Hart","36","0","0"
"01-04 years","Heard","8","0","0"
"05-09 years","Heard","14","0","0"
"10-17 years","Heard","61","0","1"
"18-29 years","Heard","108","0","1"
"30-39 years","Heard","72","0","1"
"40-49 years","Heard","114","0","8"
"50-59 years","Heard","110","0","6"
"60-69 years","Heard","77","4","9"
"70-79 years","Heard","54","7","16"
"80 & Older years","Heard","23","5","4"
"<1 years","Heard","4","0","0"
"01-04 years","Henry","248","0","6"
"05-09 years","Henry","387","0","2"
"10-17 years","Henry","1430","0","16"
"18-29 years","Henry","3842","1","35"
"30-39 years","Henry","3166","7","53"
"40-49 years","Henry","3449","15","100"
"50-59 years","Henry","3360","22","134"
"60-69 years","Henry","1852","72","103"
"70-79 years","Henry","917","85","92"
"80 & Older years","Henry","473","94","61"
"<1 years","Henry","48","0","2"
"Unknown years","Henry","34","0","1"
"01-04 years","Houston","114","0","2"
"05-09 years","Houston","178","0","1"
"10-17 years","Houston","743","0","4"
"18-29 years","Houston","2125","3","42"
"30-39 years","Houston","1851","3","65"
"40-49 years","Houston","1738","8","101"
"50-59 years","Houston","1490","14","116"
"60-69 years","Houston","970","46","166"
"70-79 years","Houston","542","63","156"
"80 & Older years","Houston","296","57","100"
"<1 years","Houston","26","0","2"
"Unknown years","Houston","1","0","0"
"01-04 years","Irwin","6","0","0"
"05-09 years","Irwin","11","0","0"
"10-17 years","Irwin","51","0","0"
"18-29 years","Irwin","117","0","4"
"30-39 years","Irwin","97","0","4"
"40-49 years","Irwin","120","1","10"
"50-59 years","Irwin","105","3","12"
"60-69 years","Irwin","89","1","22"
"70-79 years","Irwin","50","6","8"
"80 & Older years","Irwin","36","7","21"
"01-04 years","Jackson","62","0","0"
"05-09 years","Jackson","157","0","3"
"10-17 years","Jackson","786","0","6"
"18-29 years","Jackson","1482","2","19"
"30-39 years","Jackson","1337","1","27"
"40-49 years","Jackson","1445","6","58"
"50-59 years","Jackson","1351","7","80"
"60-69 years","Jackson","912","26","90"
"70-79 years","Jackson","621","39","114"
"80 & Older years","Jackson","312","59","108"
"<1 years","Jackson","23","0","2"
"Unknown years","Jackson","22","0","1"
"01-04 years","Jasper","7","0","1"
"05-09 years","Jasper","8","0","0"
"10-17 years","Jasper","35","0","1"
"18-29 years","Jasper","129","0","5"
"30-39 years","Jasper","96","0","2"
"40-49 years","Jasper","100","1","3"
"50-59 years","Jasper","131","1","14"
"60-69 years","Jasper","95","8","17"
"70-79 years","Jasper","55","6","11"
"80 & Older years","Jasper","19","2","6"
"<1 years","Jasper","4","0","1"
"01-04 years","Jeff Davis","29","0","0"
"05-09 years","Jeff Davis","35","0","0"
"10-17 years","Jeff Davis","121","0","2"
"18-29 years","Jeff Davis","254","0","3"
"30-39 years","Jeff Davis","213","0","8"
"40-49 years","Jeff Davis","211","0","11"
"50-59 years","Jeff Davis","199","7","19"
"60-69 years","Jeff Davis","129","8","21"
"70-79 years","Jeff Davis","85","13","19"
"80 & Older years","Jeff Davis","18","8","7"
"<1 years","Jeff Davis","3","0","1"
"01-04 years","Jefferson","18","0","0"
"05-09 years","Jefferson","32","0","0"
"10-17 years","Jefferson","109","0","1"
"18-29 years","Jefferson","243","0","3"
"30-39 years","Jefferson","202","0","9"
"40-49 years","Jefferson","215","3","14"
"50-59 years","Jefferson","269","5","23"
"60-69 years","Jefferson","255","12","33"
"70-79 years","Jefferson","156","19","41"
"80 & Older years","Jefferson","69","20","29"
"<1 years","Jefferson","4","0","0"
"Unknown years","Jefferson","8","0","0"
"01-04 years","Jenkins","17","0","0"
"05-09 years","Jenkins","20","0","0"
"10-17 years","Jenkins","60","0","0"
"18-29 years","Jenkins","112","0","2"
"30-39 years","Jenkins","88","2","6"
"40-49 years","Jenkins","111","3","10"
"50-59 years","Jenkins","122","6","20"
"60-69 years","Jenkins","88","6","13"
"70-79 years","Jenkins","57","13","21"
"80 & Older years","Jenkins","50","10","11"
"<1 years","Jenkins","2","0","0"
"Unknown years","Jenkins","1","0","0"
"01-04 years","Johnson","6","0","0"
"05-09 years","Johnson","7","0","0"
"10-17 years","Johnson","28","0","0"
"18-29 years","Johnson","123","0","3"
"30-39 years","Johnson","108","0","3"
"40-49 years","Johnson","97","2","6"
"50-59 years","Johnson","132","5","18"
"60-69 years","Johnson","128","8","22"
"70-79 years","Johnson","89","8","24"
"80 & Older years","Johnson","66","19","20"
"<1 years","Johnson","2","0","2"
"Unknown years","Johnson","1","0","0"
"01-04 years","Jones","6","0","0"
"05-09 years","Jones","24","0","0"
"10-17 years","Jones","86","0","0"
"18-29 years","Jones","333","0","7"
"30-39 years","Jones","245","1","8"
"40-49 years","Jones","236","2","16"
"50-59 years","Jones","267","3","29"
"60-69 years","Jones","181","6","33"
"70-79 years","Jones","122","20","45"
"80 & Older years","Jones","75","21","24"
"<1 years","Jones","3","0","0"
"Unknown years","Jones","1","0","0"
"01-04 years","Lamar","30","0","0"
"05-09 years","Lamar","48","0","0"
"10-17 years","Lamar","112","0","3"
"18-29 years","Lamar","215","0","4"
"30-39 years","Lamar","188","0","11"
"40-49 years","Lamar","183","1","7"
"50-59 years","Lamar","193","3","29"
"60-69 years","Lamar","173","10","24"
"70-79 years","Lamar","126","12","23"
"80 & Older years","Lamar","63","20","18"
"<1 years","Lamar","14","0","1"
"Unknown years","Lamar","1","0","0"
"01-04 years","Lanier","7","0","0"
"05-09 years","Lanier","10","0","1"
"10-17 years","Lanier","36","0","1"
"18-29 years","Lanier","106","1","1"
"30-39 years","Lanier","123","0","2"
"40-49 years","Lanier","76","1","2"
"50-59 years","Lanier","62","1","6"
"60-69 years","Lanier","39","2","2"
"70-79 years","Lanier","23","4","6"
"80 & Older years","Lanier","14","0","6"
"<1 years","Lanier","4","0","0"
"01-04 years","Laurens","30","0","0"
"05-09 years","Laurens","48","0","1"
"10-17 years","Laurens","243","0","4"
"18-29 years","Laurens","663","0","10"
"30-39 years","Laurens","552","1","18"
"40-49 years","Laurens","569","4","29"
"50-59 years","Laurens","582","10","64"
"60-69 years","Laurens","483","31","83"
"70-79 years","Laurens","317","48","81"
"80 & Older years","Laurens","216","50","60"
"<1 years","Laurens","5","0","1"
"Unknown years","Laurens","2","0","0"
"01-04 years","Lee","11","0","0"
"05-09 years","Lee","27","0","3"
"10-17 years","Lee","113","0","1"
"18-29 years","Lee","264","1","9"
"30-39 years","Lee","290","1","16"
"40-49 years","Lee","292","3","28"
"50-59 years","Lee","263","9","43"
"60-69 years","Lee","189","13","34"
"70-79 years","Lee","88","14","29"
"80 & Older years","Lee","51","9","21"
"<1 years","Lee","8","0","0"
"01-04 years","Liberty","64","0","1"
"05-09 years","Liberty","78","0","1"
"10-17 years","Liberty","256","0","2"
"18-29 years","Liberty","1042","1","13"
"30-39 years","Liberty","566","0","20"
"40-49 years","Liberty","458","1","17"
"50-59 years","Liberty","440","10","42"
"60-69 years","Liberty","303","17","50"
"70-79 years","Liberty","136","18","51"
"80 & Older years","Liberty","59","14","24"
"<1 years","Liberty","29","0","1"
"Unknown years","Liberty","7","0","0"
"01-04 years","Lincoln","9","0","0"
"05-09 years","Lincoln","13","0","0"
"10-17 years","Lincoln","29","0","0"
"18-29 years","Lincoln","93","0","3"
"30-39 years","Lincoln","70","0","1"
"40-49 years","Lincoln","78","1","6"
"50-59 years","Lincoln","66","3","5"
"60-69 years","Lincoln","74","4","15"
"70-79 years","Lincoln","51","9","13"
"80 & Older years","Lincoln","21","7","9"
"<1 years","Lincoln","2","0","0"
"Unknown years","Lincoln","4","0","0"
"01-04 years","Long","17","0","0"
"05-09 years","Long","16","0","0"
"10-17 years","Long","60","0","0"
"18-29 years","Long","129","0","0"
"30-39 years","Long","141","0","2"
"40-49 years","Long","106","0","6"
"50-59 years","Long","78","1","10"
"60-69 years","Long","61","1","8"
"70-79 years","Long","37","6","14"
"80 & Older years","Long","16","2","7"
"<1 years","Long","6","0","0"
"Unknown years","Long","2","0","0"
"01-04 years","Lowndes","146","0","0"
"05-09 years","Lowndes","187","0","0"
"10-17 years","Lowndes","626","0","7"
"18-29 years","Lowndes","2381","4","29"
"30-39 years","Lowndes","1273","1","20"
"40-49 years","Lowndes","1044","4","45"
"50-59 years","Lowndes","918","9","64"
"60-69 years","Lowndes","626","29","84"
"70-79 years","Lowndes","340","39","65"
"80 & Older years","Lowndes","209","55","64"
"<1 years","Lowndes","35","0","0"
"Unknown years","Lowndes","13","0","0"
"01-04 years","Lumpkin","17","0","1"
"05-09 years","Lumpkin","32","0","2"
"10-17 years","Lumpkin","134","0","2"
"18-29 years","Lumpkin","724","0","14"
"30-39 years","Lumpkin","337","0","9"
"40-49 years","Lumpkin","330","1","18"
"50-59 years","Lumpkin","399","5","47"
"60-69 years","Lumpkin","371","11","54"
"70-79 years","Lumpkin","269","14","66"
"80 & Older years","Lumpkin","134","31","69"
"<1 years","Lumpkin","7","0","1"
"Unknown years","Lumpkin","41","0","3"
"01-04 years","Macon","9","0","0"
"05-09 years","Macon","12","0","0"
"10-17 years","Macon","23","0","0"
"18-29 years","Macon","110","0","4"
"30-39 years","Macon","78","0","4"
"40-49 years","Macon","109","1","8"
"50-59 years","Macon","121","4","14"
"60-69 years","Macon","78","6","24"
"70-79 years","Macon","53","7","21"
"80 & Older years","Macon","19","8","7"
"<1 years","Macon","3","0","0"
"Unknown years","Macon","3","0","1"
"01-04 years","Madison","42","0","1"
"05-09 years","Madison","55","0","0"
"10-17 years","Madison","229","0","0"
"18-29 years","Madison","493","0","2"
"30-39 years","Madison","420","0","5"
"40-49 years","Madison","415","0","18"
"50-59 years","Madison","440","5","27"
"60-69 years","Madison","341","9","40"
"70-79 years","Madison","200","18","45"
"80 & Older years","Madison","80","14","14"
"<1 years","Madison","20","0","4"
"Unknown years","Madison","11","0","0"
"01-04 years","Marion","9","0","0"
"05-09 years","Marion","8","0","1"
"10-17 years","Marion","38","0","0"
"18-29 years","Marion","66","0","2"
"30-39 years","Marion","44","0","2"
"40-49 years","Marion","62","1","6"
"50-59 years","Marion","64","6","7"
"60-69 years","Marion","46","3","6"
"70-79 years","Marion","28","2","6"
"80 & Older years","Marion","28","5","9"
"<1 years","Marion","3","0","0"
"Unknown years","Marion","2","0","0"
"01-04 years","McDuffie","28","0","0"
"05-09 years","McDuffie","33","0","0"
"10-17 years","McDuffie","131","0","0"
"18-29 years","McDuffie","328","0","6"
"30-39 years","McDuffie","252","2","4"
"40-49 years","McDuffie","256","2","15"
"50-59 years","McDuffie","258","4","29"
"60-69 years","McDuffie","206","10","29"
"70-79 years","McDuffie","116","8","46"
"80 & Older years","McDuffie","54","15","30"
"<1 years","McDuffie","3","0","0"
"Unknown years","McDuffie","21","0","0"
"01-04 years","McIntosh","4","0","0"
"05-09 years","McIntosh","14","0","0"
"10-17 years","McIntosh","41","0","0"
"18-29 years","McIntosh","116","0","4"
"30-39 years","McIntosh","82","0","3"
"40-49 years","McIntosh","102","0","4"
"50-59 years","McIntosh","136","0","4"
"60-69 years","McIntosh","106","2","17"
"70-79 years","McIntosh","65","4","16"
"80 & Older years","McIntosh","28","8","9"
"<1 years","McIntosh","1","0","0"
"Unknown years","McIntosh","1","0","0"
"01-04 years","Meriwether","27","0","2"
"05-09 years","Meriwether","28","0","1"
"10-17 years","Meriwether","88","0","1"
"18-29 years","Meriwether","219","0","7"
"30-39 years","Meriwether","185","2","13"
"40-49 years","Meriwether","224","2","16"
"50-59 years","Meriwether","240","6","20"
"60-69 years","Meriwether","218","11","26"
"70-79 years","Meriwether","189","24","33"
"80 & Older years","Meriwether","100","27","19"
"<1 years","Meriwether","4","0","0"
"Unknown years","Meriwether","1","0","0"
"01-04 years","Miller","10","0","0"
"05-09 years","Miller","9","0","0"
"10-17 years","Miller","80","0","1"
"18-29 years","Miller","111","0","1"
"30-39 years","Miller","101","0","0"
"40-49 years","Miller","85","0","6"
"50-59 years","Miller","130","2","12"
"60-69 years","Miller","97","3","11"
"70-79 years","Miller","31","2","3"
"80 & Older years","Miller","25","2","6"
"<1 years","Miller","3","0","0"
"01-04 years","Mitchell","25","0","1"
"05-09 years","Mitchell","28","0","0"
"10-17 years","Mitchell","89","0","2"
"18-29 years","Mitchell","259","0","10"
"30-39 years","Mitchell","224","1","15"
"40-49 years","Mitchell","214","3","17"
"50-59 years","Mitchell","250","12","55"
"60-69 years","Mitchell","209","15","49"
"70-79 years","Mitchell","131","17","47"
"80 & Older years","Mitchell","97","26","33"
"<1 years","Mitchell","8","0","0"
"Unknown years","Mitchell","2","0","1"
"01-04 years","Monroe","14","0","1"
"05-09 years","Monroe","24","0","1"
"10-17 years","Monroe","90","0","0"
"18-29 years","Monroe","308","1","6"
"30-39 years","Monroe","254","0","8"
"40-49 years","Monroe","275","4","19"
"50-59 years","Monroe","319","3","27"
"60-69 years","Monroe","294","19","51"
"70-79 years","Monroe","167","22","44"
"80 & Older years","Monroe","121","38","34"
"<1 years","Monroe","4","0","1"
"01-04 years","Montgomery","9","0","0"
"05-09 years","Montgomery","7","0","0"
"10-17 years","Montgomery","52","0","1"
"18-29 years","Montgomery","155","0","1"
"30-39 years","Montgomery","98","1","3"
"40-49 years","Montgomery","124","0","2"
"50-59 years","Montgomery","102","3","8"
"60-69 years","Montgomery","98","5","13"
"70-79 years","Montgomery","52","6","9"
"80 & Older years","Montgomery","25","6","6"
"<1 years","Montgomery","1","0","0"
"Unknown years","Montgomery","1","0","0"
"01-04 years","Morgan","17","0","0"
"05-09 years","Morgan","26","0","1"
"10-17 years","Morgan","92","0","2"
"18-29 years","Morgan","212","0","4"
"30-39 years","Morgan","168","0","6"
"40-49 years","Morgan","171","1","6"
"50-59 years","Morgan","189","2","15"
"60-69 years","Morgan","140","5","15"
"70-79 years","Morgan","106","4","17"
"80 & Older years","Morgan","56","11","20"
"<1 years","Morgan","13","0","1"
"Unknown years","Morgan","2","0","0"
"01-04 years","Murray","71","0","2"
"05-09 years","Murray","100","0","2"
"10-17 years","Murray","406","0","2"
"18-29 years","Murray","830","0","10"
"30-39 years","Murray","581","1","8"
"40-49 years","Murray","727","0","24"
"50-59 years","Murray","638","9","47"
"60-69 years","Murray","426","15","66"
"70-79 years","Murray","262","33","61"
"80 & Older years","Murray","104","23","26"
"<1 years","Murray","25","0","2"
"Unknown years","Murray","3","0","0"
"01-04 years","Muscogee","237","0","8"
"05-09 years","Muscogee","357","0","0"
"10-17 years","Muscogee","996","0","8"
"18-29 years","Muscogee","3355","3","72"
"30-39 years","Muscogee","2293","2","85"
"40-49 years","Muscogee","1990","7","106"
"50-59 years","Muscogee","2000","46","210"
"60-69 years","Muscogee","1586","83","274"
"70-79 years","Muscogee","887","103","217"
"80 & Older years","Muscogee","528","153","181"
"<1 years","Muscogee","76","0","4"
"Unknown years","Muscogee","54","1","2"
"01-04 years","Newton","84","0","2"
"05-09 years","Newton","144","0","1"
"10-17 years","Newton","462","0","11"
"18-29 years","Newton","1428","1","45"
"30-39 years","Newton","1194","0","63"
"40-49 years","Newton","1365","9","103"
"50-59 years","Newton","1281","21","129"
"60-69 years","Newton","718","39","109"
"70-79 years","Newton","507","59","104"
"80 & Older years","Newton","297","89","80"
"<1 years","Newton","31","0","5"
"Unknown years","Newton","3","0","0"
"01-04 years","Non-GA Resident/Unknown State","251","0","4"
"05-09 years","Non-GA Resident/Unknown State","419","0","5"
"10-17 years","Non-GA Resident/Unknown State","1268","0","7"
"18-29 years","Non-GA Resident/Unknown State","5543","6","63"
"30-39 years","Non-GA Resident/Unknown State","3895","4","93"
"40-49 years","Non-GA Resident/Unknown State","3289","15","104"
"50-59 years","Non-GA Resident/Unknown State","3300","50","205"
"60-69 years","Non-GA Resident/Unknown State","2346","118","280"
"70-79 years","Non-GA Resident/Unknown State","1530","137","299"
"80 & Older years","Non-GA Resident/Unknown State","850","144","200"
"<1 years","Non-GA Resident/Unknown State","150","0","2"
"Unknown years","Non-GA Resident/Unknown State","866","0","3"
"01-04 years","Oconee","37","0","0"
"05-09 years","Oconee","65","0","0"
"10-17 years","Oconee","333","0","0"
"18-29 years","Oconee","574","1","5"
"30-39 years","Oconee","378","1","4"
"40-49 years","Oconee","566","1","12"
"50-59 years","Oconee","476","4","11"
"60-69 years","Oconee","307","11","33"
"70-79 years","Oconee","175","18","24"
"80 & Older years","Oconee","131","28","40"
"<1 years","Oconee","10","0","0"
"Unknown years","Oconee","1","0","0"
"01-04 years","Oglethorpe","18","0","0"
"05-09 years","Oglethorpe","28","0","0"
"10-17 years","Oglethorpe","94","0","1"
"18-29 years","Oglethorpe","207","0","1"
"30-39 years","Oglethorpe","149","1","1"
"40-49 years","Oglethorpe","175","1","7"
"50-59 years","Oglethorpe","181","1","18"
"60-69 years","Oglethorpe","147","1","15"
"70-79 years","Oglethorpe","106","9","15"
"80 & Older years","Oglethorpe","68","15","17"
"<1 years","Oglethorpe","11","0","0"
"Unknown years","Oglethorpe","5","0","0"
"01-04 years","Paulding","148","0","2"
"05-09 years","Paulding","284","0","0"
"10-17 years","Paulding","1059","0","7"
"18-29 years","Paulding","2057","1","28"
"30-39 years","Paulding","1742","2","32"
"40-49 years","Paulding","1882","7","51"
"50-59 years","Paulding","1769","16","81"
"60-69 years","Paulding","922","36","74"
"70-79 years","Paulding","520","41","74"
"80 & Older years","Paulding","313","63","65"
"<1 years","Paulding","33","0","0"
"Unknown years","Paulding","51","0","0"
"01-04 years","Peach","15","0","2"
"05-09 years","Peach","19","0","0"
"10-17 years","Peach","80","0","2"
"18-29 years","Peach","407","1","10"
"30-39 years","Peach","312","0","16"
"40-49 years","Peach","251","4","22"
"50-59 years","Peach","308","8","42"
"60-69 years","Peach","263","10","58"
"70-79 years","Peach","131","13","40"
"80 & Older years","Peach","68","16","30"
"<1 years","Peach","4","0","0"
"01-04 years","Pickens","23","0","2"
"05-09 years","Pickens","39","0","1"
"10-17 years","Pickens","150","0","0"
"18-29 years","Pickens","396","0","6"
"30-39 years","Pickens","334","0","12"
"40-49 years","Pickens","397","0","19"
"50-59 years","Pickens","445","4","27"
"60-69 years","Pickens","345","9","42"
"70-79 years","Pickens","279","23","63"
"80 & Older years","Pickens","122","28","37"
"<1 years","Pickens","3","0","1"
"Unknown years","Pickens","1","0","0"
"01-04 years","Pierce","13","0","0"
"05-09 years","Pierce","25","0","0"
"10-17 years","Pierce","91","1","1"
"18-29 years","Pierce","233","0","5"
"30-39 years","Pierce","155","0","3"
"40-49 years","Pierce","216","0","15"
"50-59 years","Pierce","196","4","20"
"60-69 years","Pierce","155","11","40"
"70-79 years","Pierce","114","12","32"
"80 & Older years","Pierce","56","14","17"
"<1 years","Pierce","7","0","1"
"01-04 years","Pike","27","0","0"
"05-09 years","Pike","28","0","0"
"10-17 years","Pike","122","0","1"
"18-29 years","Pike","167","0","6"
"30-39 years","Pike","143","0","2"
"40-49 years","Pike","198","3","9"
"50-59 years","Pike","154","4","8"
"60-69 years","Pike","103","3","17"
"70-79 years","Pike","85","8","19"
"80 & Older years","Pike","33","8","9"
"<1 years","Pike","2","0","0"
"Unknown years","Pike","3","0","0"
"01-04 years","Polk","41","0","1"
"05-09 years","Polk","75","0","2"
"10-17 years","Polk","324","0","3"
"18-29 years","Polk","812","0","13"
"30-39 years","Polk","577","1","17"
"40-49 years","Polk","593","3","41"
"50-59 years","Polk","617","12","84"
"60-69 years","Polk","399","16","75"
"70-79 years","Polk","316","24","87"
"80 & Older years","Polk","140","26","57"
"<1 years","Polk","20","0","0"
"Unknown years","Polk","29","0","0"
"01-04 years","Pulaski","5","0","0"
"05-09 years","Pulaski","9","0","0"
"10-17 years","Pulaski","37","0","1"
"18-29 years","Pulaski","84","0","1"
"30-39 years","Pulaski","93","0","2"
"40-49 years","Pulaski","91","0","9"
"50-59 years","Pulaski","104","0","6"
"60-69 years","Pulaski","95","8","13"
"70-79 years","Pulaski","49","12","17"
"80 & Older years","Pulaski","40","12","6"
"<1 years","Pulaski","3","0","0"
"01-04 years","Putnam","24","0","0"
"05-09 years","Putnam","42","0","1"
"10-17 years","Putnam","127","0","2"
"18-29 years","Putnam","284","0","2"
"30-39 years","Putnam","234","0","6"
"40-49 years","Putnam","230","1","9"
"50-59 years","Putnam","304","3","23"
"60-69 years","Putnam","259","12","29"
"70-79 years","Putnam","202","20","54"
"80 & Older years","Putnam","85","20","34"
"<1 years","Putnam","7","0","1"
"01-04 years","Quitman","1","0","0"
"05-09 years","Quitman","4","0","0"
"10-17 years","Quitman","6","0","0"
"18-29 years","Quitman","12","0","1"
"30-39 years","Quitman","4","0","1"
"40-49 years","Quitman","3","0","1"
"50-59 years","Quitman","16","0","1"
"60-69 years","Quitman","24","1","4"
"70-79 years","Quitman","4","0","1"
"80 & Older years","Quitman","6","1","2"
"<1 years","Quitman","2","0","0"
"01-04 years","Rabun","17","0","0"
"05-09 years","Rabun","27","0","0"
"10-17 years","Rabun","112","0","1"
"18-29 years","Rabun","216","0","5"
"30-39 years","Rabun","189","1","10"
"40-49 years","Rabun","202","0","9"
"50-59 years","Rabun","231","3","24"
"60-69 years","Rabun","233","8","32"
"70-79 years","Rabun","176","12","36"
"80 & Older years","Rabun","79","17","31"
"<1 years","Rabun","5","0","1"
"Unknown years","Rabun","45","0","1"
"01-04 years","Randolph","2","0","0"
"05-09 years","Randolph","5","0","0"
"10-17 years","Randolph","14","0","1"
"18-29 years","Randolph","61","0","2"
"30-39 years","Randolph","72","2","6"
"40-49 years","Randolph","56","0","5"
"50-59 years","Randolph","91","3","20"
"60-69 years","Randolph","70","9","16"
"70-79 years","Randolph","48","4","15"
"80 & Older years","Randolph","46","15","16"
"<1 years","Randolph","1","0","0"
"Unknown years","Randolph","2","0","0"
"01-04 years","Richmond","300","0","1"
"05-09 years","Richmond","588","0","4"
"10-17 years","Richmond","1609","0","14"
"18-29 years","Richmond","4601","9","64"
"30-39 years","Richmond","3442","7","85"
"40-49 years","Richmond","2776","17","117"
"50-59 years","Richmond","2757","42","217"
"60-69 years","Richmond","2019","80","273"
"70-79 years","Richmond","1090","107","295"
"80 & Older years","Richmond","669","152","276"
"<1 years","Richmond","87","0","2"
"Unknown years","Richmond","26","0","1"
"01-04 years","Rockdale","59","0","4"
"05-09 years","Rockdale","110","0","0"
"10-17 years","Rockdale","360","0","13"
"18-29 years","Rockdale","1202","2","74"
"30-39 years","Rockdale","953","3","92"
"40-49 years","Rockdale","1067","7","119"
"50-59 years","Rockdale","1040","13","174"
"60-69 years","Rockdale","648","30","150"
"70-79 years","Rockdale","377","50","146"
"80 & Older years","Rockdale","203","47","93"
"<1 years","Rockdale","13","0","2"
"Unknown years","Rockdale","4","0","0"
"01-04 years","Schley","5","0","0"
"05-09 years","Schley","4","0","0"
"10-17 years","Schley","22","0","0"
"18-29 years","Schley","48","0","2"
"30-39 years","Schley","21","0","0"
"40-49 years","Schley","32","0","4"
"50-59 years","Schley","32","1","3"
"60-69 years","Schley","27","1","8"
"70-79 years","Schley","13","1","2"
"80 & Older years","Schley","7","2","2"
"<1 years","Schley","1","0","0"
"01-04 years","Screven","8","0","0"
"05-09 years","Screven","15","0","0"
"10-17 years","Screven","61","0","0"
"18-29 years","Screven","137","0","3"
"30-39 years","Screven","123","0","2"
"40-49 years","Screven","102","1","6"
"50-59 years","Screven","113","2","16"
"60-69 years","Screven","136","2","15"
"70-79 years","Screven","74","8","19"
"80 & Older years","Screven","38","8","11"
"<1 years","Screven","4","0","0"
"Unknown years","Screven","1","0","0"
"01-04 years","Seminole","13","0","0"
"05-09 years","Seminole","15","0","0"
"10-17 years","Seminole","75","0","0"
"18-29 years","Seminole","113","0","0"
"30-39 years","Seminole","90","0","1"
"40-49 years","Seminole","93","0","5"
"50-59 years","Seminole","113","1","6"
"60-69 years","Seminole","134","4","26"
"70-79 years","Seminole","71","6","16"
"80 & Older years","Seminole","30","7","12"
"<1 years","Seminole","4","0","0"
"01-04 years","Spalding","68","0","3"
"05-09 years","Spalding","70","0","1"
"10-17 years","Spalding","214","0","5"
"18-29 years","Spalding","711","1","31"
"30-39 years","Spalding","616","4","31"
"40-49 years","Spalding","618","4","48"
"50-59 years","Spalding","651","16","78"
"60-69 years","Spalding","498","36","93"
"70-79 years","Spalding","362","44","83"
"80 & Older years","Spalding","221","50","67"
"<1 years","Spalding","12","0","0"
"Unknown years","Spalding","22","0","0"
"01-04 years","Stephens","18","0","0"
"05-09 years","Stephens","44","0","1"
"10-17 years","Stephens","187","0","3"
"18-29 years","Stephens","540","1","13"
"30-39 years","Stephens","353","0","8"
"40-49 years","Stephens","442","1","23"
"50-59 years","Stephens","461","5","37"
"60-69 years","Stephens","446","23","62"
"70-79 years","Stephens","301","22","66"
"80 & Older years","Stephens","160","28","41"
"<1 years","Stephens","4","0","0"
"Unknown years","Stephens","24","0","0"
"01-04 years","Stewart","6","0","1"
"05-09 years","Stewart","2","0","0"
"10-17 years","Stewart","14","0","0"
"18-29 years","Stewart","174","0","22"
"30-39 years","Stewart","221","1","25"
"40-49 years","Stewart","156","2","23"
"50-59 years","Stewart","85","2","13"
"60-69 years","Stewart","71","13","27"
"70-79 years","Stewart","26","3","6"
"80 & Older years","Stewart","21","4","6"
"<1 years","Stewart","1","0","0"
"Unknown years","Stewart","14","0","4"
"01-04 years","Sumter","27","0","0"
"05-09 years","Sumter","31","0","0"
"10-17 years","Sumter","78","0","3"
"18-29 years","Sumter","327","1","11"
"30-39 years","Sumter","266","1","21"
"40-49 years","Sumter","260","5","24"
"50-59 years","Sumter","277","3","42"
"60-69 years","Sumter","258","25","70"
"70-79 years","Sumter","165","27","46"
"80 & Older years","Sumter","106","30","48"
"<1 years","Sumter","10","0","0"
"Unknown years","Sumter","1","0","0"
"01-04 years","Talbot","8","0","0"
"05-09 years","Talbot","5","0","0"
"10-17 years","Talbot","30","0","0"
"18-29 years","Talbot","56","0","1"
"30-39 years","Talbot","38","0","2"
"40-49 years","Talbot","60","1","4"
"50-59 years","Talbot","66","5","6"
"60-69 years","Talbot","60","3","14"
"70-79 years","Talbot","39","6","7"
"80 & Older years","Talbot","20","3","8"
"Unknown years","Talbot","2","0","0"
"01-04 years","Taliaferro","1","0","0"
"05-09 years","Taliaferro","2","0","0"
"10-17 years","Taliaferro","7","0","0"
"18-29 years","Taliaferro","13","0","0"
"30-39 years","Taliaferro","15","0","0"
"40-49 years","Taliaferro","19","0","1"
"50-59 years","Taliaferro","10","0","0"
"60-69 years","Taliaferro","20","1","2"
"70-79 years","Taliaferro","10","1","3"
"80 & Older years","Taliaferro","4","1","2"
"01-04 years","Tattnall","31","0","0"
"05-09 years","Tattnall","45","0","0"
"10-17 years","Tattnall","161","0","0"
"18-29 years","Tattnall","321","0","1"
"30-39 years","Tattnall","285","1","5"
"40-49 years","Tattnall","281","0","7"
"50-59 years","Tattnall","310","7","23"
"60-69 years","Tattnall","238","16","36"
"70-79 years","Tattnall","120","17","39"
"80 & Older years","Tattnall","46","5","8"
"<1 years","Tattnall","10","0","1"
"01-04 years","Taylor","13","0","1"
"05-09 years","Taylor","16","0","0"
"10-17 years","Taylor","53","0","1"
"18-29 years","Taylor","80","0","2"
"30-39 years","Taylor","52","0","4"
"40-49 years","Taylor","93","1","11"
"50-59 years","Taylor","76","1","16"
"60-69 years","Taylor","65","5","18"
"70-79 years","Taylor","33","6","10"
"80 & Older years","Taylor","25","9","11"
"<1 years","Taylor","4","0","0"
"Unknown years","Taylor","1","0","0"
"01-04 years","Telfair","11","0","0"
"05-09 years","Telfair","12","0","0"
"10-17 years","Telfair","20","0","0"
"18-29 years","Telfair","137","0","3"
"30-39 years","Telfair","92","1","1"
"40-49 years","Telfair","114","3","7"
"50-59 years","Telfair","109","5","10"
"60-69 years","Telfair","105","9","18"
"70-79 years","Telfair","70","12","18"
"80 & Older years","Telfair","44","15","12"
"<1 years","Telfair","4","0","0"
"Unknown years","Telfair","2","0","0"
"01-04 years","Terrell","8","0","0"
"05-09 years","Terrell","9","0","0"
"10-17 years","Terrell","42","0","0"
"18-29 years","Terrell","70","0","3"
"30-39 years","Terrell","80","0","9"
"40-49 years","Terrell","67","0","8"
"50-59 years","Terrell","98","4","15"
"60-69 years","Terrell","92","12","33"
"70-79 years","Terrell","62","16","28"
"80 & Older years","Terrell","39","13","16"
"01-04 years","Thomas","63","0","1"
"05-09 years","Thomas","116","0","0"
"10-17 years","Thomas","309","0","3"
"18-29 years","Thomas","618","1","26"
"30-39 years","Thomas","500","2","19"
"40-49 years","Thomas","525","4","29"
"50-59 years","Thomas","549","11","44"
"60-69 years","Thomas","436","13","92"
"70-79 years","Thomas","256","34","72"
"80 & Older years","Thomas","167","48","60"
"<1 years","Thomas","16","0","1"
"Unknown years","Thomas","2","0","0"
"01-04 years","Tift","38","0","2"
"05-09 years","Tift","58","0","3"
"10-17 years","Tift","234","0","7"
"18-29 years","Tift","779","0","20"
"30-39 years","Tift","550","1","28"
"40-49 years","Tift","547","7","60"
"50-59 years","Tift","468","9","69"
"60-69 years","Tift","357","16","75"
"70-79 years","Tift","245","30","91"
"80 & Older years","Tift","138","33","60"
"<1 years","Tift","13","0","0"
"Unknown years","Tift","3","0","0"
"01-04 years","Toombs","31","0","0"
"05-09 years","Toombs","53","0","0"
"10-17 years","Toombs","216","0","2"
"18-29 years","Toombs","534","0","6"
"30-39 years","Toombs","422","0","3"
"40-49 years","Toombs","431","1","22"
"50-59 years","Toombs","432","7","24"
"60-69 years","Toombs","386","16","43"
"70-79 years","Toombs","263","34","42"
"80 & Older years","Toombs","156","40","33"
"<1 years","Toombs","7","0","0"
"01-04 years","Towns","4","0","0"
"05-09 years","Towns","6","0","0"
"10-17 years","Towns","48","0","1"
"18-29 years","Towns","139","0","4"
"30-39 years","Towns","88","0","3"
"40-49 years","Towns","122","2","5"
"50-59 years","Towns","175","2","15"
"60-69 years","Towns","230","3","19"
"70-79 years","Towns","162","10","35"
"80 & Older years","Towns","123","27","46"
"Unknown years","Towns","7","0","0"
"01-04 years","Treutlen","6","0","0"
"05-09 years","Treutlen","15","0","1"
"10-17 years","Treutlen","47","0","0"
"18-29 years","Treutlen","102","0","2"
"30-39 years","Treutlen","100","0","5"
"40-49 years","Treutlen","102","2","5"
"50-59 years","Treutlen","102","1","8"
"60-69 years","Treutlen","68","5","13"
"70-79 years","Treutlen","53","10","11"
"80 & Older years","Treutlen","30","6","8"
"01-04 years","Troup","136","0","1"
"05-09 years","Troup","185","0","0"
"10-17 years","Troup","538","0","6"
"18-29 years","Troup","1213","1","29"
"30-39 years","Troup","907","7","42"
"40-49 years","Troup","818","6","51"
"50-59 years","Troup","847","14","103"
"60-69 years","Troup","647","32","101"
"70-79 years","Troup","349","46","95"
"80 & Older years","Troup","258","81","67"
"<1 years","Troup","44","0","1"
"Unknown years","Troup","7","0","0"
"01-04 years","Turner","3","0","0"
"05-09 years","Turner","7","0","1"
"10-17 years","Turner","20","0","0"
"18-29 years","Turner","88","0","2"
"30-39 years","Turner","104","0","10"
"40-49 years","Turner","107","0","5"
"50-59 years","Turner","95","2","13"
"60-69 years","Turner","86","9","26"
"70-79 years","Turner","52","7","13"
"80 & Older years","Turner","35","16","15"
"<1 years","Turner","2","0","1"
"01-04 years","Twiggs","10","0","0"
"05-09 years","Twiggs","6","0","1"
"10-17 years","Twiggs","26","0","0"
"18-29 years","Twiggs","67","0","2"
"30-39 years","Twiggs","62","1","5"
"40-49 years","Twiggs","63","1","7"
"50-59 years","Twiggs","92","3","13"
"60-69 years","Twiggs","102","10","33"
"70-79 years","Twiggs","58","8","22"
"80 & Older years","Twiggs","26","14","18"
"<1 years","Twiggs","1","0","0"
"01-04 years","Union","8","0","0"
"05-09 years","Union","16","0","0"
"10-17 years","Union","72","0","1"
"18-29 years","Union","260","1","1"
"30-39 years","Union","224","0","3"
"40-49 years","Union","229","0","14"
"50-59 years","Union","307","5","24"
"60-69 years","Union","376","6","46"
"70-79 years","Union","321","21","58"
"80 & Older years","Union","208","37","64"
"<1 years","Union","1","0","0"
"Unknown years","Union","25","0","0"
"01-04 years","Unknown","15","0","0"
"05-09 years","Unknown","44","0","0"
"10-17 years","Unknown","160","0","0"
"18-29 years","Unknown","738","1","4"
"30-39 years","Unknown","364","3","6"
"40-49 years","Unknown","326","1","2"
"50-59 years","Unknown","290","4","7"
"60-69 years","Unknown","166","1","7"
"70-79 years","Unknown","103","0","8"
"80 & Older years","Unknown","41","2","6"
"<1 years","Unknown","26","0","0"
"Unknown years","Unknown","99","0","3"
"01-04 years","Upson","41","0","0"
"05-09 years","Upson","49","0","0"
"10-17 years","Upson","142","0","1"
"18-29 years","Upson","314","0","6"
"30-39 years","Upson","219","2","10"
"40-49 years","Upson","246","1","11"
"50-59 years","Upson","264","7","23"
"60-69 years","Upson","241","22","40"
"70-79 years","Upson","172","34","51"
"80 & Older years","Upson","107","41","36"
"<1 years","Upson","15","0","0"
"Unknown years","Upson","5","0","0"
"01-04 years","Walker","84","0","1"
"05-09 years","Walker","159","0","1"
"10-17 years","Walker","546","0","4"
"18-29 years","Walker","1164","0","18"
"30-39 years","Walker","867","1","17"
"40-49 years","Walker","1053","3","30"
"50-59 years","Walker","905","3","39"
"60-69 years","Walker","750","16","70"
"70-79 years","Walker","496","30","65"
"80 & Older years","Walker","242","27","33"
"<1 years","Walker","39","0","2"
"Unknown years","Walker","217","0","7"
"01-04 years","Walton","83","0","1"
"05-09 years","Walton","171","0","1"
"10-17 years","Walton","631","0","6"
"18-29 years","Walton","1380","2","32"
"30-39 years","Walton","1202","0","28"
"40-49 years","Walton","1316","3","53"
"50-59 years","Walton","1290","16","90"
"60-69 years","Walton","892","31","92"
"70-79 years","Walton","668","76","117"
"80 & Older years","Walton","397","107","84"
"<1 years","Walton","29","0","2"
"Unknown years","Walton","21","0","0"
"01-04 years","Ware","62","0","1"
"05-09 years","Ware","69","0","0"
"10-17 years","Ware","246","0","1"
"18-29 years","Ware","560","1","5"
"30-39 years","Ware","456","2","20"
"40-49 years","Ware","394","3","32"
"50-59 years","Ware","423","16","62"
"60-69 years","Ware","311","20","64"
"70-79 years","Ware","261","43","100"
"80 & Older years","Ware","212","67","64"
"<1 years","Ware","19","0","2"
"01-04 years","Warren","6","0","0"
"05-09 years","Warren","2","0","0"
"10-17 years","Warren","26","0","0"
"18-29 years","Warren","70","0","3"
"30-39 years","Warren","51","0","4"
"40-49 years","Warren","49","2","5"
"50-59 years","Warren","69","2","8"
"60-69 years","Warren","44","3","8"
"70-79 years","Warren","36","5","13"
"80 & Older years","Warren","17","2","6"
"<1 years","Warren","2","0","1"
"Unknown years","Warren","4","0","0"
"01-04 years","Washington","20","0","0"
"05-09 years","Washington","30","0","0"
"10-17 years","Washington","123","0","2"
"18-29 years","Washington","267","0","7"
"30-39 years","Washington","245","0","8"
"40-49 years","Washington","256","4","12"
"50-59 years","Washington","244","6","18"
"60-69 years","Washington","229","15","31"
"70-79 years","Washington","122","12","22"
"80 & Older years","Washington","79","25","14"
"<1 years","Washington","10","0","0"
"Unknown years","Washington","1","0","0"
"01-04 years","Wayne","31","0","1"
"05-09 years","Wayne","39","0","0"
"10-17 years","Wayne","175","0","1"
"18-29 years","Wayne","423","0","9"
"30-39 years","Wayne","419","1","12"
"40-49 years","Wayne","504","1","38"
"50-59 years","Wayne","426","6","37"
"60-69 years","Wayne","337","19","68"
"70-79 years","Wayne","269","26","77"
"80 & Older years","Wayne","121","25","26"
"<1 years","Wayne","6","0","1"
"10-17 years","Webster","3","0","0"
"18-29 years","Webster","21","0","1"
"30-39 years","Webster","10","0","1"
"40-49 years","Webster","16","0","2"
"50-59 years","Webster","19","2","6"
"60-69 years","Webster","24","1","4"
"70-79 years","Webster","7","0","1"
"80 & Older years","Webster","4","1","0"
"Unknown years","Webster","2","0","0"
"01-04 years","Wheeler","1","0","0"
"05-09 years","Wheeler","5","0","0"
"10-17 years","Wheeler","23","0","0"
"18-29 years","Wheeler","57","0","0"
"30-39 years","Wheeler","74","2","2"
"40-49 years","Wheeler","79","1","3"
"50-59 years","Wheeler","92","7","11"
"60-69 years","Wheeler","53","3","6"
"70-79 years","Wheeler","40","5","11"
"80 & Older years","Wheeler","9","3","1"
"<1 years","Wheeler","2","0","0"
"Unknown years","Wheeler","24","0","1"
"01-04 years","White","21","0","0"
"05-09 years","White","60","0","1"
"10-17 years","White","234","0","2"
"18-29 years","White","453","1","7"
"30-39 years","White","322","1","8"
"40-49 years","White","416","2","18"
"50-59 years","White","488","4","43"
"60-69 years","White","442","12","67"
"70-79 years","White","325","16","78"
"80 & Older years","White","181","31","70"
"<1 years","White","5","0","0"
"Unknown years","White","29","0","0"
"01-04 years","Whitfield","210","0","3"
"05-09 years","Whitfield","395","0","3"
"10-17 years","Whitfield","1369","0","7"
"18-29 years","Whitfield","3527","1","47"
"30-39 years","Whitfield","2306","5","64"
"40-49 years","Whitfield","2388","5","80"
"50-59 years","Whitfield","2166","27","128"
"60-69 years","Whitfield","1270","37","149"
"70-79 years","Whitfield","721","59","145"
"80 & Older years","Whitfield","411","95","121"
"<1 years","Whitfield","72","0","5"
"Unknown years","Whitfield","3","0","0"
"01-04 years","Wilcox","10","0","0"
"05-09 years","Wilcox","9","0","0"
"10-17 years","Wilcox","30","0","0"
"18-29 years","Wilcox","47","0","1"
"30-39 years","Wilcox","49","0","1"
"40-49 years","Wilcox","74","0","12"
"50-59 years","Wilcox","83","1","15"
"60-69 years","Wilcox","91","10","25"
"70-79 years","Wilcox","52","10","10"
"80 & Older years","Wilcox","26","8","8"
"<1 years","Wilcox","5","0","0"
"01-04 years","Wilkes","8","0","0"
"05-09 years","Wilkes","17","0","0"
"10-17 years","Wilkes","52","0","0"
"18-29 years","Wilkes","116","0","1"
"30-39 years","Wilkes","85","0","5"
"40-49 years","Wilkes","103","1","12"
"50-59 years","Wilkes","102","2","4"
"60-69 years","Wilkes","82","3","15"
"70-79 years","Wilkes","67","7","20"
"80 & Older years","Wilkes","33","8","15"
"<1 years","Wilkes","3","0","0"
"Unknown years","Wilkes","1","0","0"
"01-04 years","Wilkinson","6","0","0"
"05-09 years","Wilkinson","11","0","0"
"10-17 years","Wilkinson","31","0","1"
"18-29 years","Wilkinson","109","0","3"
"30-39 years","Wilkinson","91","0","7"
"40-49 years","Wilkinson","94","0","6"
"50-59 years","Wilkinson","157","4","26"
"60-69 years","Wilkinson","134","13","40"
"70-79 years","Wilkinson","59","6","22"
"80 & Older years","Wilkinson","39","5","16"
"01-04 years","Worth","13","0","0"
"05-09 years","Worth","15","0","0"
"10-17 years","Worth","79","0","3"
"18-29 years","Worth","188","0","9"
"30-39 years","Worth","154","0","11"
"40-49 years","Worth","158","1","16"
"50-59 years","Worth","199","8","27"
"60-69 years","Worth","194","19","52"
"70-79 years","Worth","117","16","30"
"80 & Older years","Worth","71","17","26"
"<1 years","Worth","4","0","0"
"Unknown years","Worth","2","0","0"
