"age group","county name","cases","deaths","hospitalization"
"01-04 years","Georgia","12169","1","243"
"05-09 years","Georgia","19943","2","183"
"10-17 years","Georgia","67924","7","716"
"18-29 years","Georgia","200732","127","3905"
"30-39 years","Georgia","145441","266","5106"
"40-49 years","Georgia","140380","630","7402"
"50-59 years","Georgia","132970","1713","11103"
"60-69 years","Georgia","89598","3597","13135"
"70-79 years","Georgia","51823","5159","12418"
"80 & Older years","Georgia","29855","6686","9571"
"<1 years","Georgia","3366","0","185"
"Unknown years","Georgia","3462","1","86"
"01-04 years","Appling","31","0","0"
"05-09 years","Appling","53","0","0"
"10-17 years","Appling","163","0","1"
"18-29 years","Appling","350","1","7"
"30-39 years","Appling","258","1","5"
"40-49 years","Appling","260","4","19"
"50-59 years","Appling","300","7","31"
"60-69 years","Appling","255","15","54"
"70-79 years","Appling","168","18","35"
"80 & Older years","Appling","83","21","32"
"<1 years","Appling","5","0","0"
"01-04 years","Atkinson","6","0","1"
"05-09 years","Atkinson","19","0","1"
"10-17 years","Atkinson","51","0","0"
"18-29 years","Atkinson","173","0","9"
"30-39 years","Atkinson","123","0","9"
"40-49 years","Atkinson","138","2","25"
"50-59 years","Atkinson","138","2","25"
"60-69 years","Atkinson","87","6","26"
"70-79 years","Atkinson","42","5","14"
"80 & Older years","Atkinson","14","5","10"
"<1 years","Atkinson","3","0","0"
"01-04 years","Bacon","18","0","0"
"05-09 years","Bacon","23","0","0"
"10-17 years","Bacon","78","0","1"
"18-29 years","Bacon","399","0","1"
"30-39 years","Bacon","192","0","5"
"40-49 years","Bacon","174","2","12"
"50-59 years","Bacon","155","2","16"
"60-69 years","Bacon","127","9","25"
"70-79 years","Bacon","82","7","20"
"80 & Older years","Bacon","39","9","10"
"<1 years","Bacon","4","0","0"
"Unknown years","Bacon","1","0","0"
"01-04 years","Baker","7","0","0"
"05-09 years","Baker","4","0","0"
"10-17 years","Baker","9","0","0"
"18-29 years","Baker","25","0","0"
"30-39 years","Baker","22","0","3"
"40-49 years","Baker","14","1","2"
"50-59 years","Baker","21","0","1"
"60-69 years","Baker","33","3","15"
"70-79 years","Baker","18","2","10"
"80 & Older years","Baker","9","3","3"
"<1 years","Baker","1","0","0"
"01-04 years","Baldwin","31","0","0"
"05-09 years","Baldwin","54","0","0"
"10-17 years","Baldwin","204","1","5"
"18-29 years","Baldwin","1288","0","15"
"30-39 years","Baldwin","482","1","16"
"40-49 years","Baldwin","496","2","32"
"50-59 years","Baldwin","499","12","60"
"60-69 years","Baldwin","389","23","77"
"70-79 years","Baldwin","261","29","58"
"80 & Older years","Baldwin","161","49","65"
"<1 years","Baldwin","14","0","0"
"01-04 years","Banks","11","0","0"
"05-09 years","Banks","31","0","1"
"10-17 years","Banks","109","0","2"
"18-29 years","Banks","312","0","9"
"30-39 years","Banks","213","0","8"
"40-49 years","Banks","239","0","18"
"50-59 years","Banks","263","2","26"
"60-69 years","Banks","216","6","46"
"70-79 years","Banks","158","18","59"
"80 & Older years","Banks","80","12","30"
"<1 years","Banks","6","0","1"
"Unknown years","Banks","21","0","1"
"01-04 years","Barrow","101","0","0"
"05-09 years","Barrow","186","0","0"
"10-17 years","Barrow","706","0","8"
"18-29 years","Barrow","1817","2","39"
"30-39 years","Barrow","1532","1","50"
"40-49 years","Barrow","1578","5","71"
"50-59 years","Barrow","1322","8","106"
"60-69 years","Barrow","881","32","145"
"70-79 years","Barrow","511","37","108"
"80 & Older years","Barrow","246","52","93"
"<1 years","Barrow","32","0","2"
"Unknown years","Barrow","16","0","0"
"01-04 years","Bartow","120","0","6"
"05-09 years","Bartow","229","0","2"
"10-17 years","Bartow","955","0","13"
"18-29 years","Bartow","2137","0","26"
"30-39 years","Bartow","1762","4","53"
"40-49 years","Bartow","1827","3","87"
"50-59 years","Bartow","1879","18","162"
"60-69 years","Bartow","1152","40","160"
"70-79 years","Bartow","761","75","194"
"80 & Older years","Bartow","377","77","129"
"<1 years","Bartow","41","0","2"
"Unknown years","Bartow","135","0","7"
"01-04 years","Ben Hill","29","0","1"
"05-09 years","Ben Hill","20","0","0"
"10-17 years","Ben Hill","98","0","0"
"18-29 years","Ben Hill","263","0","4"
"30-39 years","Ben Hill","220","3","11"
"40-49 years","Ben Hill","209","1","11"
"50-59 years","Ben Hill","240","6","30"
"60-69 years","Ben Hill","204","12","29"
"70-79 years","Ben Hill","146","19","52"
"80 & Older years","Ben Hill","71","20","19"
"<1 years","Ben Hill","6","0","1"
"Unknown years","Ben Hill","2","0","0"
"01-04 years","Berrien","16","0","0"
"05-09 years","Berrien","23","0","0"
"10-17 years","Berrien","96","0","1"
"18-29 years","Berrien","206","0","0"
"30-39 years","Berrien","164","0","3"
"40-49 years","Berrien","141","0","5"
"50-59 years","Berrien","171","3","17"
"60-69 years","Berrien","124","8","17"
"70-79 years","Berrien","82","10","16"
"80 & Older years","Berrien","48","12","14"
"<1 years","Berrien","2","0","0"
"Unknown years","Berrien","1","0","0"
"01-04 years","Bibb","136","0","3"
"05-09 years","Bibb","193","0","0"
"10-17 years","Bibb","671","0","9"
"18-29 years","Bibb","3016","1","88"
"30-39 years","Bibb","2142","6","113"
"40-49 years","Bibb","2152","18","206"
"50-59 years","Bibb","1987","26","284"
"60-69 years","Bibb","1591","93","426"
"70-79 years","Bibb","960","120","367"
"80 & Older years","Bibb","597","153","299"
"<1 years","Bibb","47","0","4"
"Unknown years","Bibb","3","0","0"
"01-04 years","Bleckley","5","0","0"
"05-09 years","Bleckley","16","0","0"
"10-17 years","Bleckley","70","0","0"
"18-29 years","Bleckley","189","0","3"
"30-39 years","Bleckley","98","1","4"
"40-49 years","Bleckley","106","1","2"
"50-59 years","Bleckley","108","2","5"
"60-69 years","Bleckley","86","7","11"
"70-79 years","Bleckley","64","5","12"
"80 & Older years","Bleckley","61","18","12"
"<1 years","Bleckley","3","0","0"
"01-04 years","Brantley","12","0","0"
"05-09 years","Brantley","14","0","0"
"10-17 years","Brantley","90","0","1"
"18-29 years","Brantley","163","0","2"
"30-39 years","Brantley","126","0","4"
"40-49 years","Brantley","139","1","6"
"50-59 years","Brantley","155","2","15"
"60-69 years","Brantley","119","5","16"
"70-79 years","Brantley","90","17","27"
"80 & Older years","Brantley","50","10","13"
"<1 years","Brantley","1","0","0"
"01-04 years","Brooks","15","0","1"
"05-09 years","Brooks","25","0","0"
"10-17 years","Brooks","87","0","0"
"18-29 years","Brooks","178","0","1"
"30-39 years","Brooks","128","0","4"
"40-49 years","Brooks","126","1","12"
"50-59 years","Brooks","151","2","21"
"60-69 years","Brooks","102","6","17"
"70-79 years","Brooks","87","10","19"
"80 & Older years","Brooks","56","17","15"
"<1 years","Brooks","4","0","0"
"01-04 years","Bryan","54","0","0"
"05-09 years","Bryan","82","0","0"
"10-17 years","Bryan","282","0","3"
"18-29 years","Bryan","546","0","11"
"30-39 years","Bryan","464","1","10"
"40-49 years","Bryan","497","0","17"
"50-59 years","Bryan","366","5","30"
"60-69 years","Bryan","262","12","31"
"70-79 years","Bryan","160","11","54"
"80 & Older years","Bryan","68","9","28"
"<1 years","Bryan","14","0","0"
"Unknown years","Bryan","3","0","0"
"01-04 years","Bulloch","61","0","0"
"05-09 years","Bulloch","108","0","0"
"10-17 years","Bulloch","381","0","2"
"18-29 years","Bulloch","2283","0","11"
"30-39 years","Bulloch","653","4","22"
"40-49 years","Bulloch","558","2","24"
"50-59 years","Bulloch","535","8","38"
"60-69 years","Bulloch","388","16","48"
"70-79 years","Bulloch","200","17","43"
"80 & Older years","Bulloch","107","17","38"
"<1 years","Bulloch","27","0","2"
"Unknown years","Bulloch","1","0","0"
"01-04 years","Burke","21","0","0"
"05-09 years","Burke","45","0","0"
"10-17 years","Burke","144","0","1"
"18-29 years","Burke","353","1","8"
"30-39 years","Burke","271","1","10"
"40-49 years","Burke","300","2","17"
"50-59 years","Burke","280","4","34"
"60-69 years","Burke","218","7","40"
"70-79 years","Burke","124","14","34"
"80 & Older years","Burke","40","11","14"
"<1 years","Burke","7","0","0"
"Unknown years","Burke","2","0","0"
"01-04 years","Butts","25","0","3"
"05-09 years","Butts","30","0","0"
"10-17 years","Butts","120","0","4"
"18-29 years","Butts","433","0","6"
"30-39 years","Butts","398","0","8"
"40-49 years","Butts","369","4","16"
"50-59 years","Butts","395","8","25"
"60-69 years","Butts","281","17","36"
"70-79 years","Butts","194","23","28"
"80 & Older years","Butts","115","29","9"
"<1 years","Butts","7","0","1"
"Unknown years","Butts","3","0","0"
"01-04 years","Calhoun","7","0","0"
"05-09 years","Calhoun","1","0","0"
"10-17 years","Calhoun","37","0","0"
"18-29 years","Calhoun","68","0","6"
"30-39 years","Calhoun","62","2","6"
"40-49 years","Calhoun","77","2","9"
"50-59 years","Calhoun","80","2","18"
"60-69 years","Calhoun","71","2","19"
"70-79 years","Calhoun","25","5","9"
"80 & Older years","Calhoun","15","2","8"
"<1 years","Calhoun","3","0","0"
"Unknown years","Calhoun","1","0","0"
"01-04 years","Camden","46","0","0"
"05-09 years","Camden","42","0","1"
"10-17 years","Camden","232","0","1"
"18-29 years","Camden","801","0","6"
"30-39 years","Camden","531","1","18"
"40-49 years","Camden","444","2","12"
"50-59 years","Camden","490","2","22"
"60-69 years","Camden","373","7","31"
"70-79 years","Camden","213","5","26"
"80 & Older years","Camden","93","15","23"
"<1 years","Camden","8","0","2"
"01-04 years","Candler","9","0","0"
"05-09 years","Candler","15","0","0"
"10-17 years","Candler","57","0","0"
"18-29 years","Candler","134","0","0"
"30-39 years","Candler","99","0","3"
"40-49 years","Candler","129","3","3"
"50-59 years","Candler","128","6","13"
"60-69 years","Candler","101","9","14"
"70-79 years","Candler","72","14","18"
"80 & Older years","Candler","27","6","11"
"<1 years","Candler","5","0","0"
"01-04 years","Carroll","93","0","1"
"05-09 years","Carroll","140","0","2"
"10-17 years","Carroll","627","0","6"
"18-29 years","Carroll","1773","0","13"
"30-39 years","Carroll","1125","4","19"
"40-49 years","Carroll","1099","4","30"
"50-59 years","Carroll","1100","13","59"
"60-69 years","Carroll","771","25","73"
"70-79 years","Carroll","461","35","69"
"80 & Older years","Carroll","271","51","44"
"<1 years","Carroll","28","0","1"
"Unknown years","Carroll","6","0","0"
"01-04 years","Catoosa","91","0","0"
"05-09 years","Catoosa","156","0","1"
"10-17 years","Catoosa","503","0","2"
"18-29 years","Catoosa","1062","0","8"
"30-39 years","Catoosa","806","1","12"
"40-49 years","Catoosa","939","2","17"
"50-59 years","Catoosa","873","6","38"
"60-69 years","Catoosa","630","7","63"
"70-79 years","Catoosa","375","18","60"
"80 & Older years","Catoosa","254","31","51"
"<1 years","Catoosa","38","0","1"
"Unknown years","Catoosa","132","0","9"
"01-04 years","Charlton","12","0","0"
"05-09 years","Charlton","31","0","0"
"10-17 years","Charlton","66","0","0"
"18-29 years","Charlton","296","1","1"
"30-39 years","Charlton","254","0","4"
"40-49 years","Charlton","200","2","8"
"50-59 years","Charlton","150","2","5"
"60-69 years","Charlton","150","7","20"
"70-79 years","Charlton","58","6","14"
"80 & Older years","Charlton","32","9","15"
"<1 years","Charlton","2","0","0"
"01-04 years","Chatham","414","0","3"
"05-09 years","Chatham","502","1","1"
"10-17 years","Chatham","1390","0","14"
"18-29 years","Chatham","5188","3","63"
"30-39 years","Chatham","3538","5","114"
"40-49 years","Chatham","2897","13","166"
"50-59 years","Chatham","2595","42","252"
"60-69 years","Chatham","2081","86","372"
"70-79 years","Chatham","1107","123","360"
"80 & Older years","Chatham","706","163","307"
"<1 years","Chatham","116","0","5"
"Unknown years","Chatham","14","0","1"
"01-04 years","Chattahoochee","9","0","0"
"05-09 years","Chattahoochee","10","0","0"
"10-17 years","Chattahoochee","130","0","2"
"18-29 years","Chattahoochee","3046","7","6"
"30-39 years","Chattahoochee","293","2","4"
"40-49 years","Chattahoochee","55","0","0"
"50-59 years","Chattahoochee","30","0","8"
"60-69 years","Chattahoochee","18","0","4"
"70-79 years","Chattahoochee","11","1","4"
"80 & Older years","Chattahoochee","9","3","5"
"<1 years","Chattahoochee","8","0","0"
"Unknown years","Chattahoochee","1","0","0"
"01-04 years","Chattooga","16","0","0"
"05-09 years","Chattooga","33","0","0"
"10-17 years","Chattooga","191","0","1"
"18-29 years","Chattooga","392","0","7"
"30-39 years","Chattooga","308","0","8"
"40-49 years","Chattooga","355","2","14"
"50-59 years","Chattooga","344","5","26"
"60-69 years","Chattooga","288","15","43"
"70-79 years","Chattooga","175","18","48"
"80 & Older years","Chattooga","118","25","35"
"<1 years","Chattooga","10","0","1"
"Unknown years","Chattooga","30","0","1"
"01-04 years","Cherokee","252","0","8"
"05-09 years","Cherokee","585","0","9"
"10-17 years","Cherokee","2356","0","17"
"18-29 years","Cherokee","4475","2","79"
"30-39 years","Cherokee","3286","3","111"
"40-49 years","Cherokee","3722","5","137"
"50-59 years","Cherokee","3606","22","222"
"60-69 years","Cherokee","2203","49","269"
"70-79 years","Cherokee","1379","85","272"
"80 & Older years","Cherokee","818","149","236"
"<1 years","Cherokee","51","0","1"
"Unknown years","Cherokee","5","0","0"
"01-04 years","Clarke","174","0","1"
"05-09 years","Clarke","223","0","2"
"10-17 years","Clarke","634","0","5"
"18-29 years","Clarke","6125","1","41"
"30-39 years","Clarke","1652","2","35"
"40-49 years","Clarke","1324","3","54"
"50-59 years","Clarke","1199","12","75"
"60-69 years","Clarke","798","21","100"
"70-79 years","Clarke","468","50","115"
"80 & Older years","Clarke","244","52","74"
"<1 years","Clarke","47","0","2"
"Unknown years","Clarke","17","0","0"
"01-04 years","Clay","3","0","0"
"05-09 years","Clay","2","0","0"
"10-17 years","Clay","18","0","0"
"18-29 years","Clay","27","0","0"
"30-39 years","Clay","32","0","1"
"40-49 years","Clay","29","0","1"
"50-59 years","Clay","17","0","1"
"60-69 years","Clay","24","1","2"
"70-79 years","Clay","19","0","0"
"80 & Older years","Clay","14","2","5"
"Unknown years","Clay","1","0","0"
"01-04 years","Clayton","460","0","9"
"05-09 years","Clayton","668","1","8"
"10-17 years","Clayton","1724","0","37"
"18-29 years","Clayton","5167","6","118"
"30-39 years","Clayton","4512","12","170"
"40-49 years","Clayton","4063","27","209"
"50-59 years","Clayton","3820","60","293"
"60-69 years","Clayton","2388","134","275"
"70-79 years","Clayton","1001","124","185"
"80 & Older years","Clayton","482","118","122"
"<1 years","Clayton","98","0","5"
"Unknown years","Clayton","31","0","2"
"01-04 years","Clinch","13","0","0"
"05-09 years","Clinch","20","0","0"
"10-17 years","Clinch","78","0","0"
"18-29 years","Clinch","129","0","2"
"30-39 years","Clinch","108","1","4"
"40-49 years","Clinch","106","0","4"
"50-59 years","Clinch","103","2","16"
"60-69 years","Clinch","107","7","17"
"70-79 years","Clinch","53","9","19"
"80 & Older years","Clinch","19","6","7"
"<1 years","Clinch","4","0","0"
"01-04 years","Cobb","802","1","20"
"05-09 years","Cobb","1436","0","11"
"10-17 years","Cobb","4638","0","45"
"18-29 years","Cobb","15323","5","245"
"30-39 years","Cobb","10466","20","280"
"40-49 years","Cobb","9876","35","446"
"50-59 years","Cobb","8806","73","593"
"60-69 years","Cobb","5413","147","577"
"70-79 years","Cobb","2946","296","562"
"80 & Older years","Cobb","1811","419","532"
"<1 years","Cobb","204","0","13"
"Unknown years","Cobb","62","0","2"
"01-04 years","Coffee","77","0","2"
"05-09 years","Coffee","99","0","4"
"10-17 years","Coffee","285","0","4"
"18-29 years","Coffee","821","0","21"
"30-39 years","Coffee","625","4","45"
"40-49 years","Coffee","691","5","87"
"50-59 years","Coffee","677","13","143"
"60-69 years","Coffee","529","36","137"
"70-79 years","Coffee","284","42","126"
"80 & Older years","Coffee","155","41","88"
"<1 years","Coffee","14","0","1"
"01-04 years","Colquitt","56","0","0"
"05-09 years","Colquitt","112","0","2"
"10-17 years","Colquitt","379","0","7"
"18-29 years","Colquitt","754","0","23"
"30-39 years","Colquitt","527","1","19"
"40-49 years","Colquitt","563","7","37"
"50-59 years","Colquitt","492","16","42"
"60-69 years","Colquitt","356","16","47"
"70-79 years","Colquitt","215","17","48"
"80 & Older years","Colquitt","138","27","31"
"<1 years","Colquitt","17","0","0"
"Unknown years","Colquitt","3","0","0"
"01-04 years","Columbia","145","0","2"
"05-09 years","Columbia","305","0","0"
"10-17 years","Columbia","1126","0","1"
"18-29 years","Columbia","2278","1","22"
"30-39 years","Columbia","2036","2","27"
"40-49 years","Columbia","1823","7","48"
"50-59 years","Columbia","1572","19","74"
"60-69 years","Columbia","1002","27","99"
"70-79 years","Columbia","535","44","111"
"80 & Older years","Columbia","312","65","100"
"<1 years","Columbia","36","0","1"
"Unknown years","Columbia","9","0","0"
"01-04 years","Cook","14","0","1"
"05-09 years","Cook","25","0","0"
"10-17 years","Cook","93","0","2"
"18-29 years","Cook","230","0","6"
"30-39 years","Cook","174","0","4"
"40-49 years","Cook","175","0","14"
"50-59 years","Cook","164","3","17"
"60-69 years","Cook","129","8","19"
"70-79 years","Cook","102","12","29"
"80 & Older years","Cook","54","17","15"
"<1 years","Cook","6","0","0"
"Unknown years","Cook","2","0","0"
"01-04 years","Coweta","113","0","0"
"05-09 years","Coweta","204","0","1"
"10-17 years","Coweta","663","0","7"
"18-29 years","Coweta","1648","1","18"
"30-39 years","Coweta","1283","4","32"
"40-49 years","Coweta","1376","9","52"
"50-59 years","Coweta","1602","26","75"
"60-69 years","Coweta","983","39","70"
"70-79 years","Coweta","604","61","84"
"80 & Older years","Coweta","332","72","47"
"<1 years","Coweta","27","0","1"
"Unknown years","Coweta","6","0","0"
"01-04 years","Crawford","2","0","0"
"05-09 years","Crawford","2","0","0"
"10-17 years","Crawford","28","0","2"
"18-29 years","Crawford","76","0","2"
"30-39 years","Crawford","73","0","6"
"40-49 years","Crawford","58","1","4"
"50-59 years","Crawford","115","3","16"
"60-69 years","Crawford","99","7","17"
"70-79 years","Crawford","43","6","15"
"80 & Older years","Crawford","24","2","10"
"01-04 years","Crisp","22","0","0"
"05-09 years","Crisp","30","0","0"
"10-17 years","Crisp","112","0","2"
"18-29 years","Crisp","236","0","10"
"30-39 years","Crisp","231","1","15"
"40-49 years","Crisp","217","3","22"
"50-59 years","Crisp","211","5","27"
"60-69 years","Crisp","205","19","41"
"70-79 years","Crisp","104","12","33"
"80 & Older years","Crisp","72","18","18"
"<1 years","Crisp","9","0","0"
"Unknown years","Crisp","7","0","0"
"01-04 years","Dade","17","0","0"
"05-09 years","Dade","38","0","0"
"10-17 years","Dade","104","0","0"
"18-29 years","Dade","231","0","1"
"30-39 years","Dade","158","0","2"
"40-49 years","Dade","196","0","7"
"50-59 years","Dade","179","2","11"
"60-69 years","Dade","134","1","9"
"70-79 years","Dade","95","6","19"
"80 & Older years","Dade","52","3","10"
"<1 years","Dade","6","0","0"
"Unknown years","Dade","39","1","3"
"01-04 years","Dawson","27","0","0"
"05-09 years","Dawson","49","0","0"
"10-17 years","Dawson","206","0","4"
"18-29 years","Dawson","549","0","15"
"30-39 years","Dawson","416","0","15"
"40-49 years","Dawson","387","0","23"
"50-59 years","Dawson","437","4","38"
"60-69 years","Dawson","354","6","72"
"70-79 years","Dawson","215","20","52"
"80 & Older years","Dawson","90","16","29"
"<1 years","Dawson","8","0","1"
"Unknown years","Dawson","27","0","1"
"01-04 years","DeKalb","906","0","24"
"05-09 years","DeKalb","1313","0","19"
"10-17 years","DeKalb","3585","0","62"
"18-29 years","DeKalb","13671","11","390"
"30-39 years","DeKalb","11698","20","554"
"40-49 years","DeKalb","9262","41","617"
"50-59 years","DeKalb","8409","115","870"
"60-69 years","DeKalb","5351","183","966"
"70-79 years","DeKalb","2657","257","742"
"80 & Older years","DeKalb","1629","344","534"
"<1 years","DeKalb","196","0","10"
"Unknown years","DeKalb","169","0","8"
"01-04 years","Decatur","57","0","1"
"05-09 years","Decatur","65","0","0"
"10-17 years","Decatur","208","0","0"
"18-29 years","Decatur","425","1","8"
"30-39 years","Decatur","331","1","8"
"40-49 years","Decatur","320","1","18"
"50-59 years","Decatur","278","5","29"
"60-69 years","Decatur","225","10","34"
"70-79 years","Decatur","142","20","28"
"80 & Older years","Decatur","99","17","23"
"<1 years","Decatur","9","0","0"
"Unknown years","Decatur","2","0","0"
"01-04 years","Dodge","7","0","0"
"05-09 years","Dodge","17","0","0"
"10-17 years","Dodge","88","1","1"
"18-29 years","Dodge","202","0","4"
"30-39 years","Dodge","150","0","5"
"40-49 years","Dodge","156","2","12"
"50-59 years","Dodge","183","5","20"
"60-69 years","Dodge","146","17","29"
"70-79 years","Dodge","83","16","22"
"80 & Older years","Dodge","55","16","16"
"<1 years","Dodge","4","0","0"
"01-04 years","Dooly","12","0","0"
"05-09 years","Dooly","17","0","0"
"10-17 years","Dooly","57","0","1"
"18-29 years","Dooly","112","0","5"
"30-39 years","Dooly","104","0","11"
"40-49 years","Dooly","135","1","9"
"50-59 years","Dooly","145","5","19"
"60-69 years","Dooly","127","10","24"
"70-79 years","Dooly","66","10","18"
"80 & Older years","Dooly","22","6","6"
"<1 years","Dooly","3","0","0"
"Unknown years","Dooly","2","0","0"
"01-04 years","Dougherty","69","0","3"
"05-09 years","Dougherty","122","0","0"
"10-17 years","Dougherty","270","0","7"
"18-29 years","Dougherty","1026","3","93"
"30-39 years","Dougherty","859","5","90"
"40-49 years","Dougherty","849","17","122"
"50-59 years","Dougherty","924","27","175"
"60-69 years","Dougherty","778","75","257"
"70-79 years","Dougherty","454","65","180"
"80 & Older years","Dougherty","272","94","129"
"<1 years","Dougherty","31","0","3"
"Unknown years","Dougherty","1","0","0"
"01-04 years","Douglas","194","0","5"
"05-09 years","Douglas","306","0","5"
"10-17 years","Douglas","967","0","7"
"18-29 years","Douglas","2413","1","53"
"30-39 years","Douglas","1988","3","78"
"40-49 years","Douglas","2265","7","126"
"50-59 years","Douglas","2008","23","178"
"60-69 years","Douglas","1161","39","187"
"70-79 years","Douglas","608","60","151"
"80 & Older years","Douglas","298","50","95"
"<1 years","Douglas","31","0","5"
"Unknown years","Douglas","10","0","1"
"01-04 years","Early","20","0","0"
"05-09 years","Early","18","0","0"
"10-17 years","Early","106","0","0"
"18-29 years","Early","155","1","5"
"30-39 years","Early","152","0","4"
"40-49 years","Early","175","1","10"
"50-59 years","Early","161","3","11"
"60-69 years","Early","123","11","14"
"70-79 years","Early","79","15","18"
"80 & Older years","Early","41","12","14"
"<1 years","Early","2","0","0"
"Unknown years","Early","1","0","0"
"01-04 years","Echols","8","0","0"
"05-09 years","Echols","5","0","0"
"10-17 years","Echols","26","0","1"
"18-29 years","Echols","133","0","1"
"30-39 years","Echols","61","1","3"
"40-49 years","Echols","43","0","1"
"50-59 years","Echols","44","0","2"
"60-69 years","Echols","22","0","0"
"70-79 years","Echols","17","2","3"
"80 & Older years","Echols","3","1","2"
"<1 years","Echols","1","0","0"
"01-04 years","Effingham","53","0","2"
"05-09 years","Effingham","124","0","1"
"10-17 years","Effingham","414","0","1"
"18-29 years","Effingham","699","0","7"
"30-39 years","Effingham","653","1","14"
"40-49 years","Effingham","604","1","31"
"50-59 years","Effingham","598","11","44"
"60-69 years","Effingham","390","9","60"
"70-79 years","Effingham","222","21","63"
"80 & Older years","Effingham","97","23","33"
"<1 years","Effingham","13","0","0"
"Unknown years","Effingham","2","0","0"
"01-04 years","Elbert","19","0","0"
"05-09 years","Elbert","30","0","0"
"10-17 years","Elbert","87","0","1"
"18-29 years","Elbert","267","1","2"
"30-39 years","Elbert","190","0","8"
"40-49 years","Elbert","221","1","9"
"50-59 years","Elbert","233","1","14"
"60-69 years","Elbert","190","6","23"
"70-79 years","Elbert","160","19","34"
"80 & Older years","Elbert","128","31","37"
"<1 years","Elbert","8","0","2"
"Unknown years","Elbert","2","0","0"
"01-04 years","Emanuel","25","0","1"
"05-09 years","Emanuel","24","0","0"
"10-17 years","Emanuel","166","0","2"
"18-29 years","Emanuel","321","1","0"
"30-39 years","Emanuel","237","0","8"
"40-49 years","Emanuel","290","2","7"
"50-59 years","Emanuel","260","6","29"
"60-69 years","Emanuel","228","10","30"
"70-79 years","Emanuel","134","16","27"
"80 & Older years","Emanuel","66","20","23"
"<1 years","Emanuel","6","0","1"
"Unknown years","Emanuel","4","0","1"
"01-04 years","Evans","14","0","0"
"05-09 years","Evans","20","0","0"
"10-17 years","Evans","87","0","0"
"18-29 years","Evans","155","1","3"
"30-39 years","Evans","129","0","3"
"40-49 years","Evans","116","0","10"
"50-59 years","Evans","113","3","16"
"60-69 years","Evans","69","4","16"
"70-79 years","Evans","50","6","16"
"80 & Older years","Evans","19","3","11"
"<1 years","Evans","2","0","0"
"01-04 years","Fannin","17","0","1"
"05-09 years","Fannin","34","0","0"
"10-17 years","Fannin","130","0","0"
"18-29 years","Fannin","300","0","6"
"30-39 years","Fannin","240","0","7"
"40-49 years","Fannin","272","1","11"
"50-59 years","Fannin","375","5","24"
"60-69 years","Fannin","367","7","41"
"70-79 years","Fannin","263","15","47"
"80 & Older years","Fannin","148","34","46"
"<1 years","Fannin","5","0","0"
"Unknown years","Fannin","2","0","0"
"01-04 years","Fayette","70","0","1"
"05-09 years","Fayette","142","0","2"
"10-17 years","Fayette","553","0","3"
"18-29 years","Fayette","1275","2","9"
"30-39 years","Fayette","835","2","9"
"40-49 years","Fayette","1120","5","31"
"50-59 years","Fayette","1170","9","48"
"60-69 years","Fayette","872","25","57"
"70-79 years","Fayette","446","56","75"
"80 & Older years","Fayette","286","61","39"
"<1 years","Fayette","14","0","0"
"Unknown years","Fayette","11","0","0"
"01-04 years","Floyd","131","0","4"
"05-09 years","Floyd","224","0","1"
"10-17 years","Floyd","951","0","11"
"18-29 years","Floyd","2040","0","30"
"30-39 years","Floyd","1512","3","53"
"40-49 years","Floyd","1473","6","89"
"50-59 years","Floyd","1430","25","152"
"60-69 years","Floyd","1057","38","199"
"70-79 years","Floyd","696","52","194"
"80 & Older years","Floyd","399","69","153"
"<1 years","Floyd","46","0","2"
"Unknown years","Floyd","113","0","2"
"01-04 years","Forsyth","254","0","3"
"05-09 years","Forsyth","636","0","2"
"10-17 years","Forsyth","2266","0","7"
"18-29 years","Forsyth","3234","0","47"
"30-39 years","Forsyth","2454","1","62"
"40-49 years","Forsyth","3186","5","132"
"50-59 years","Forsyth","2929","10","178"
"60-69 years","Forsyth","1506","21","166"
"70-79 years","Forsyth","885","63","220"
"80 & Older years","Forsyth","522","92","167"
"<1 years","Forsyth","52","0","3"
"Unknown years","Forsyth","278","0","3"
"01-04 years","Franklin","20","0","2"
"05-09 years","Franklin","58","0","0"
"10-17 years","Franklin","192","0","6"
"18-29 years","Franklin","450","0","10"
"30-39 years","Franklin","306","0","6"
"40-49 years","Franklin","354","0","13"
"50-59 years","Franklin","357","1","24"
"60-69 years","Franklin","316","3","33"
"70-79 years","Franklin","190","18","35"
"80 & Older years","Franklin","88","21","26"
"<1 years","Franklin","7","0","1"
"Unknown years","Franklin","36","0","0"
"01-04 years","Fulton","1103","0","32"
"05-09 years","Fulton","1778","0","18"
"10-17 years","Fulton","5686","1","51"
"18-29 years","Fulton","21801","5","389"
"30-39 years","Fulton","16063","26","565"
"40-49 years","Fulton","12752","39","664"
"50-59 years","Fulton","11374","120","978"
"60-69 years","Fulton","6661","244","925"
"70-79 years","Fulton","3531","352","849"
"80 & Older years","Fulton","2521","543","801"
"<1 years","Fulton","235","0","12"
"Unknown years","Fulton","85","0","2"
"01-04 years","Gilmer","30","0","2"
"05-09 years","Gilmer","40","0","0"
"10-17 years","Gilmer","192","0","2"
"18-29 years","Gilmer","371","0","11"
"30-39 years","Gilmer","328","0","17"
"40-49 years","Gilmer","367","0","18"
"50-59 years","Gilmer","404","11","29"
"60-69 years","Gilmer","381","8","47"
"70-79 years","Gilmer","262","22","57"
"80 & Older years","Gilmer","136","34","42"
"<1 years","Gilmer","10","0","0"
"01-04 years","Glascock","1","0","0"
"05-09 years","Glascock","3","0","0"
"10-17 years","Glascock","1","0","0"
"18-29 years","Glascock","22","0","1"
"30-39 years","Glascock","17","0","0"
"40-49 years","Glascock","21","0","1"
"50-59 years","Glascock","28","2","3"
"60-69 years","Glascock","17","0","4"
"70-79 years","Glascock","25","3","6"
"80 & Older years","Glascock","9","2","5"
"<1 years","Glascock","1","0","0"
"Unknown years","Glascock","1","0","0"
"01-04 years","Glynn","107","0","1"
"05-09 years","Glynn","190","0","1"
"10-17 years","Glynn","615","0","3"
"18-29 years","Glynn","1423","0","25"
"30-39 years","Glynn","1129","5","32"
"40-49 years","Glynn","959","4","39"
"50-59 years","Glynn","903","10","70"
"60-69 years","Glynn","735","32","120"
"70-79 years","Glynn","457","44","82"
"80 & Older years","Glynn","258","64","92"
"<1 years","Glynn","18","0","0"
"Unknown years","Glynn","13","0","0"
"01-04 years","Gordon","89","0","1"
"05-09 years","Gordon","132","0","0"
"10-17 years","Gordon","582","0","5"
"18-29 years","Gordon","1287","0","15"
"30-39 years","Gordon","997","2","19"
"40-49 years","Gordon","1055","5","36"
"50-59 years","Gordon","1045","15","59"
"60-69 years","Gordon","648","25","59"
"70-79 years","Gordon","372","27","81"
"80 & Older years","Gordon","195","32","55"
"<1 years","Gordon","27","0","3"
"Unknown years","Gordon","121","0","3"
"01-04 years","Grady","35","0","1"
"05-09 years","Grady","49","0","0"
"10-17 years","Grady","145","0","5"
"18-29 years","Grady","268","0","10"
"30-39 years","Grady","238","0","12"
"40-49 years","Grady","247","1","26"
"50-59 years","Grady","234","7","32"
"60-69 years","Grady","167","5","28"
"70-79 years","Grady","155","19","50"
"80 & Older years","Grady","56","17","22"
"<1 years","Grady","2","0","1"
"Unknown years","Grady","3","0","0"
"01-04 years","Greene","16","0","0"
"05-09 years","Greene","32","0","0"
"10-17 years","Greene","87","0","0"
"18-29 years","Greene","265","0","7"
"30-39 years","Greene","187","0","7"
"40-49 years","Greene","184","3","14"
"50-59 years","Greene","224","6","20"
"60-69 years","Greene","235","8","22"
"70-79 years","Greene","176","10","28"
"80 & Older years","Greene","106","27","42"
"<1 years","Greene","3","0","1"
"Unknown years","Greene","2","0","0"
"01-04 years","Gwinnett","1373","0","18"
"05-09 years","Gwinnett","2222","0","29"
"10-17 years","Gwinnett","7319","2","84"
"18-29 years","Gwinnett","19572","10","575"
"30-39 years","Gwinnett","14867","20","602"
"40-49 years","Gwinnett","15741","62","833"
"50-59 years","Gwinnett","13466","110","943"
"60-69 years","Gwinnett","7393","216","968"
"70-79 years","Gwinnett","3350","286","789"
"80 & Older years","Gwinnett","1862","409","680"
"<1 years","Gwinnett","407","0","21"
"Unknown years","Gwinnett","92","0","0"
"01-04 years","Habersham","33","0","4"
"05-09 years","Habersham","58","0","3"
"10-17 years","Habersham","316","1","8"
"18-29 years","Habersham","883","1","14"
"30-39 years","Habersham","661","2","31"
"40-49 years","Habersham","690","3","42"
"50-59 years","Habersham","715","6","58"
"60-69 years","Habersham","580","21","117"
"70-79 years","Habersham","387","48","109"
"80 & Older years","Habersham","281","71","90"
"<1 years","Habersham","10","0","3"
"Unknown years","Habersham","65","0","4"
"01-04 years","Hall","198","0","9"
"05-09 years","Hall","420","0","5"
"10-17 years","Hall","1867","0","33"
"18-29 years","Hall","5496","3","164"
"30-39 years","Hall","3733","3","205"
"40-49 years","Hall","3893","12","282"
"50-59 years","Hall","4037","37","408"
"60-69 years","Hall","2693","85","434"
"70-79 years","Hall","1722","129","487"
"80 & Older years","Hall","956","189","392"
"<1 years","Hall","35","0","7"
"Unknown years","Hall","284","0","8"
"01-04 years","Hancock","7","0","0"
"05-09 years","Hancock","8","0","0"
"10-17 years","Hancock","37","0","1"
"18-29 years","Hancock","135","0","3"
"30-39 years","Hancock","112","0","2"
"40-49 years","Hancock","111","1","7"
"50-59 years","Hancock","146","4","16"
"60-69 years","Hancock","144","18","32"
"70-79 years","Hancock","76","19","24"
"80 & Older years","Hancock","63","23","24"
"<1 years","Hancock","4","0","0"
"01-04 years","Haralson","24","0","0"
"05-09 years","Haralson","39","0","0"
"10-17 years","Haralson","156","0","2"
"18-29 years","Haralson","354","0","3"
"30-39 years","Haralson","228","0","5"
"40-49 years","Haralson","248","2","8"
"50-59 years","Haralson","276","1","7"
"60-69 years","Haralson","201","13","25"
"70-79 years","Haralson","130","12","18"
"80 & Older years","Haralson","55","7","10"
"<1 years","Haralson","7","0","1"
"Unknown years","Haralson","4","0","0"
"01-04 years","Harris","32","0","0"
"05-09 years","Harris","34","0","0"
"10-17 years","Harris","194","0","2"
"18-29 years","Harris","352","0","6"
"30-39 years","Harris","262","0","7"
"40-49 years","Harris","378","3","11"
"50-59 years","Harris","397","7","25"
"60-69 years","Harris","327","13","53"
"70-79 years","Harris","192","24","45"
"80 & Older years","Harris","62","12","14"
"<1 years","Harris","5","0","0"
"Unknown years","Harris","4","0","0"
"01-04 years","Hart","17","0","0"
"05-09 years","Hart","24","0","1"
"10-17 years","Hart","96","0","0"
"18-29 years","Hart","302","0","2"
"30-39 years","Hart","262","0","7"
"40-49 years","Hart","238","0","8"
"50-59 years","Hart","288","3","20"
"60-69 years","Hart","232","13","32"
"70-79 years","Hart","153","8","25"
"80 & Older years","Hart","86","13","27"
"<1 years","Hart","6","0","1"
"Unknown years","Hart","18","0","0"
"01-04 years","Heard","8","0","0"
"05-09 years","Heard","16","0","0"
"10-17 years","Heard","62","0","1"
"18-29 years","Heard","108","0","1"
"30-39 years","Heard","71","0","1"
"40-49 years","Heard","117","0","10"
"50-59 years","Heard","112","1","6"
"60-69 years","Heard","78","4","9"
"70-79 years","Heard","54","7","16"
"80 & Older years","Heard","23","5","4"
"<1 years","Heard","4","0","0"
"01-04 years","Henry","256","0","7"
"05-09 years","Henry","400","0","2"
"10-17 years","Henry","1469","0","16"
"18-29 years","Henry","3928","1","39"
"30-39 years","Henry","3241","7","57"
"40-49 years","Henry","3521","16","103"
"50-59 years","Henry","3429","23","136"
"60-69 years","Henry","1896","72","109"
"70-79 years","Henry","930","90","95"
"80 & Older years","Henry","483","98","63"
"<1 years","Henry","51","0","2"
"Unknown years","Henry","27","0","2"
"01-04 years","Houston","119","0","3"
"05-09 years","Houston","181","0","1"
"10-17 years","Houston","756","0","4"
"18-29 years","Houston","2150","4","45"
"30-39 years","Houston","1879","3","73"
"40-49 years","Houston","1748","10","108"
"50-59 years","Houston","1503","15","125"
"60-69 years","Houston","975","48","174"
"70-79 years","Houston","551","64","165"
"80 & Older years","Houston","299","60","108"
"<1 years","Houston","26","0","2"
"Unknown years","Houston","1","0","0"
"01-04 years","Irwin","6","0","0"
"05-09 years","Irwin","11","0","0"
"10-17 years","Irwin","51","0","0"
"18-29 years","Irwin","137","0","4"
"30-39 years","Irwin","117","0","4"
"40-49 years","Irwin","131","1","10"
"50-59 years","Irwin","109","3","12"
"60-69 years","Irwin","89","1","22"
"70-79 years","Irwin","51","6","8"
"80 & Older years","Irwin","36","7","21"
"Unknown years","Irwin","2","0","0"
"01-04 years","Jackson","64","0","0"
"05-09 years","Jackson","158","0","3"
"10-17 years","Jackson","798","0","6"
"18-29 years","Jackson","1504","2","20"
"30-39 years","Jackson","1355","2","28"
"40-49 years","Jackson","1466","6","64"
"50-59 years","Jackson","1366","7","81"
"60-69 years","Jackson","923","26","90"
"70-79 years","Jackson","625","36","114"
"80 & Older years","Jackson","311","57","107"
"<1 years","Jackson","23","0","2"
"Unknown years","Jackson","11","0","1"
"01-04 years","Jasper","7","0","1"
"05-09 years","Jasper","8","0","0"
"10-17 years","Jasper","37","0","1"
"18-29 years","Jasper","128","0","4"
"30-39 years","Jasper","96","0","2"
"40-49 years","Jasper","100","1","3"
"50-59 years","Jasper","133","1","13"
"60-69 years","Jasper","100","8","19"
"70-79 years","Jasper","56","6","11"
"80 & Older years","Jasper","19","2","6"
"<1 years","Jasper","4","0","1"
"01-04 years","Jeff Davis","30","0","0"
"05-09 years","Jeff Davis","35","0","0"
"10-17 years","Jeff Davis","121","0","2"
"18-29 years","Jeff Davis","257","0","4"
"30-39 years","Jeff Davis","214","0","8"
"40-49 years","Jeff Davis","213","0","12"
"50-59 years","Jeff Davis","200","7","19"
"60-69 years","Jeff Davis","129","7","21"
"70-79 years","Jeff Davis","86","13","19"
"80 & Older years","Jeff Davis","18","8","7"
"<1 years","Jeff Davis","3","0","1"
"01-04 years","Jefferson","18","0","0"
"05-09 years","Jefferson","32","0","0"
"10-17 years","Jefferson","111","0","1"
"18-29 years","Jefferson","245","0","3"
"30-39 years","Jefferson","204","0","9"
"40-49 years","Jefferson","218","3","16"
"50-59 years","Jefferson","272","5","23"
"60-69 years","Jefferson","257","12","37"
"70-79 years","Jefferson","156","19","41"
"80 & Older years","Jefferson","69","21","29"
"<1 years","Jefferson","4","0","0"
"Unknown years","Jefferson","8","0","0"
"01-04 years","Jenkins","17","0","0"
"05-09 years","Jenkins","20","0","0"
"10-17 years","Jenkins","61","0","0"
"18-29 years","Jenkins","112","0","2"
"30-39 years","Jenkins","88","2","6"
"40-49 years","Jenkins","110","2","9"
"50-59 years","Jenkins","123","6","21"
"60-69 years","Jenkins","88","6","13"
"70-79 years","Jenkins","57","13","21"
"80 & Older years","Jenkins","50","10","11"
"<1 years","Jenkins","2","0","0"
"Unknown years","Jenkins","1","0","0"
"01-04 years","Johnson","6","0","0"
"05-09 years","Johnson","8","0","0"
"10-17 years","Johnson","29","0","0"
"18-29 years","Johnson","124","0","3"
"30-39 years","Johnson","108","0","3"
"40-49 years","Johnson","97","2","6"
"50-59 years","Johnson","134","5","18"
"60-69 years","Johnson","128","8","22"
"70-79 years","Johnson","90","9","24"
"80 & Older years","Johnson","66","19","19"
"<1 years","Johnson","2","0","2"
"Unknown years","Johnson","1","0","0"
"01-04 years","Jones","6","0","0"
"05-09 years","Jones","24","0","0"
"10-17 years","Jones","88","0","0"
"18-29 years","Jones","338","0","7"
"30-39 years","Jones","251","1","9"
"40-49 years","Jones","239","2","18"
"50-59 years","Jones","271","3","30"
"60-69 years","Jones","185","5","34"
"70-79 years","Jones","128","20","47"
"80 & Older years","Jones","75","21","24"
"<1 years","Jones","3","0","0"
"Unknown years","Jones","1","0","0"
"01-04 years","Lamar","30","0","0"
"05-09 years","Lamar","48","0","0"
"10-17 years","Lamar","113","0","4"
"18-29 years","Lamar","222","0","4"
"30-39 years","Lamar","190","0","12"
"40-49 years","Lamar","185","1","7"
"50-59 years","Lamar","195","4","31"
"60-69 years","Lamar","178","10","24"
"70-79 years","Lamar","127","12","23"
"80 & Older years","Lamar","63","20","19"
"<1 years","Lamar","14","0","1"
"01-04 years","Lanier","8","0","0"
"05-09 years","Lanier","12","0","1"
"10-17 years","Lanier","37","0","1"
"18-29 years","Lanier","109","1","1"
"30-39 years","Lanier","126","0","2"
"40-49 years","Lanier","76","1","2"
"50-59 years","Lanier","62","1","6"
"60-69 years","Lanier","40","2","3"
"70-79 years","Lanier","23","4","6"
"80 & Older years","Lanier","14","0","6"
"<1 years","Lanier","4","0","0"
"01-04 years","Laurens","31","0","0"
"05-09 years","Laurens","49","0","1"
"10-17 years","Laurens","245","0","4"
"18-29 years","Laurens","673","0","10"
"30-39 years","Laurens","559","1","19"
"40-49 years","Laurens","574","5","29"
"50-59 years","Laurens","588","11","65"
"60-69 years","Laurens","486","31","86"
"70-79 years","Laurens","318","48","83"
"80 & Older years","Laurens","216","51","61"
"<1 years","Laurens","5","0","1"
"Unknown years","Laurens","3","0","0"
"01-04 years","Lee","13","0","0"
"05-09 years","Lee","27","0","3"
"10-17 years","Lee","117","0","1"
"18-29 years","Lee","268","1","10"
"30-39 years","Lee","295","1","16"
"40-49 years","Lee","294","4","30"
"50-59 years","Lee","268","10","44"
"60-69 years","Lee","186","12","33"
"70-79 years","Lee","89","13","30"
"80 & Older years","Lee","51","9","21"
"<1 years","Lee","8","0","0"
"Unknown years","Lee","1","0","0"
"01-04 years","Liberty","68","0","1"
"05-09 years","Liberty","84","0","1"
"10-17 years","Liberty","265","0","2"
"18-29 years","Liberty","1120","1","13"
"30-39 years","Liberty","594","0","22"
"40-49 years","Liberty","470","1","18"
"50-59 years","Liberty","452","10","46"
"60-69 years","Liberty","307","17","50"
"70-79 years","Liberty","140","18","52"
"80 & Older years","Liberty","59","15","24"
"<1 years","Liberty","31","0","1"
"Unknown years","Liberty","7","0","0"
"01-04 years","Lincoln","9","0","0"
"05-09 years","Lincoln","13","0","0"
"10-17 years","Lincoln","30","0","0"
"18-29 years","Lincoln","95","0","3"
"30-39 years","Lincoln","71","0","1"
"40-49 years","Lincoln","83","1","7"
"50-59 years","Lincoln","69","3","5"
"60-69 years","Lincoln","76","5","16"
"70-79 years","Lincoln","52","9","13"
"80 & Older years","Lincoln","21","7","9"
"<1 years","Lincoln","2","0","0"
"Unknown years","Lincoln","4","0","0"
"01-04 years","Long","17","0","0"
"05-09 years","Long","17","0","0"
"10-17 years","Long","62","0","0"
"18-29 years","Long","132","0","0"
"30-39 years","Long","147","0","3"
"40-49 years","Long","108","0","6"
"50-59 years","Long","81","1","10"
"60-69 years","Long","64","3","11"
"70-79 years","Long","39","6","14"
"80 & Older years","Long","16","2","7"
"<1 years","Long","6","0","0"
"Unknown years","Long","2","0","0"
"01-04 years","Lowndes","151","0","0"
"05-09 years","Lowndes","193","0","0"
"10-17 years","Lowndes","636","0","8"
"18-29 years","Lowndes","2439","4","29"
"30-39 years","Lowndes","1298","1","23"
"40-49 years","Lowndes","1066","4","47"
"50-59 years","Lowndes","928","11","66"
"60-69 years","Lowndes","632","30","87"
"70-79 years","Lowndes","345","40","67"
"80 & Older years","Lowndes","210","55","63"
"<1 years","Lowndes","38","0","0"
"Unknown years","Lowndes","12","0","0"
"01-04 years","Lumpkin","17","0","1"
"05-09 years","Lumpkin","32","0","2"
"10-17 years","Lumpkin","139","0","2"
"18-29 years","Lumpkin","730","0","14"
"30-39 years","Lumpkin","343","0","10"
"40-49 years","Lumpkin","339","1","19"
"50-59 years","Lumpkin","414","5","48"
"60-69 years","Lumpkin","379","12","56"
"70-79 years","Lumpkin","277","16","71"
"80 & Older years","Lumpkin","136","32","69"
"<1 years","Lumpkin","7","0","1"
"Unknown years","Lumpkin","31","0","2"
"01-04 years","Macon","9","0","0"
"05-09 years","Macon","12","0","0"
"10-17 years","Macon","23","0","0"
"18-29 years","Macon","111","0","4"
"30-39 years","Macon","80","0","4"
"40-49 years","Macon","109","2","8"
"50-59 years","Macon","122","5","15"
"60-69 years","Macon","80","8","25"
"70-79 years","Macon","54","7","21"
"80 & Older years","Macon","19","8","7"
"<1 years","Macon","3","0","0"
"Unknown years","Macon","4","0","1"
"01-04 years","Madison","42","0","1"
"05-09 years","Madison","56","0","0"
"10-17 years","Madison","233","0","0"
"18-29 years","Madison","507","0","2"
"30-39 years","Madison","424","0","6"
"40-49 years","Madison","424","0","19"
"50-59 years","Madison","445","6","27"
"60-69 years","Madison","343","10","41"
"70-79 years","Madison","204","17","47"
"80 & Older years","Madison","79","14","15"
"<1 years","Madison","20","0","4"
"Unknown years","Madison","4","0","0"
"01-04 years","Marion","9","0","0"
"05-09 years","Marion","8","0","1"
"10-17 years","Marion","39","0","0"
"18-29 years","Marion","66","0","2"
"30-39 years","Marion","45","0","2"
"40-49 years","Marion","64","1","6"
"50-59 years","Marion","65","6","7"
"60-69 years","Marion","47","5","7"
"70-79 years","Marion","29","3","7"
"80 & Older years","Marion","29","5","9"
"<1 years","Marion","3","0","0"
"Unknown years","Marion","2","0","0"
"01-04 years","McDuffie","28","0","0"
"05-09 years","McDuffie","33","0","0"
"10-17 years","McDuffie","133","0","0"
"18-29 years","McDuffie","331","0","6"
"30-39 years","McDuffie","259","2","4"
"40-49 years","McDuffie","260","2","16"
"50-59 years","McDuffie","262","5","30"
"60-69 years","McDuffie","209","10","31"
"70-79 years","McDuffie","117","9","47"
"80 & Older years","McDuffie","53","14","29"
"<1 years","McDuffie","4","0","0"
"Unknown years","McDuffie","21","0","0"
"01-04 years","McIntosh","4","0","0"
"05-09 years","McIntosh","14","0","0"
"10-17 years","McIntosh","42","0","0"
"18-29 years","McIntosh","117","0","4"
"30-39 years","McIntosh","84","0","3"
"40-49 years","McIntosh","102","0","4"
"50-59 years","McIntosh","137","0","5"
"60-69 years","McIntosh","108","2","17"
"70-79 years","McIntosh","65","4","16"
"80 & Older years","McIntosh","28","8","9"
"<1 years","McIntosh","1","0","0"
"Unknown years","McIntosh","1","0","0"
"01-04 years","Meriwether","27","0","2"
"05-09 years","Meriwether","29","0","1"
"10-17 years","Meriwether","91","0","1"
"18-29 years","Meriwether","226","0","7"
"30-39 years","Meriwether","190","2","14"
"40-49 years","Meriwether","229","2","18"
"50-59 years","Meriwether","250","6","20"
"60-69 years","Meriwether","221","14","32"
"70-79 years","Meriwether","190","24","38"
"80 & Older years","Meriwether","102","28","23"
"<1 years","Meriwether","5","0","0"
"Unknown years","Meriwether","1","0","0"
"01-04 years","Miller","12","0","0"
"05-09 years","Miller","8","0","0"
"10-17 years","Miller","82","0","1"
"18-29 years","Miller","112","0","1"
"30-39 years","Miller","100","0","0"
"40-49 years","Miller","85","0","6"
"50-59 years","Miller","130","2","12"
"60-69 years","Miller","97","3","12"
"70-79 years","Miller","31","2","3"
"80 & Older years","Miller","25","2","6"
"<1 years","Miller","3","0","0"
"01-04 years","Mitchell","26","0","1"
"05-09 years","Mitchell","29","0","0"
"10-17 years","Mitchell","90","0","2"
"18-29 years","Mitchell","259","0","10"
"30-39 years","Mitchell","229","1","16"
"40-49 years","Mitchell","215","3","17"
"50-59 years","Mitchell","253","12","55"
"60-69 years","Mitchell","209","15","50"
"70-79 years","Mitchell","134","16","48"
"80 & Older years","Mitchell","97","27","33"
"<1 years","Mitchell","8","0","0"
"Unknown years","Mitchell","2","0","1"
"01-04 years","Monroe","15","0","2"
"05-09 years","Monroe","26","0","1"
"10-17 years","Monroe","97","0","0"
"18-29 years","Monroe","313","1","6"
"30-39 years","Monroe","257","0","9"
"40-49 years","Monroe","282","4","19"
"50-59 years","Monroe","324","3","27"
"60-69 years","Monroe","299","19","52"
"70-79 years","Monroe","170","22","46"
"80 & Older years","Monroe","123","39","37"
"<1 years","Monroe","4","0","1"
"01-04 years","Montgomery","9","0","0"
"05-09 years","Montgomery","7","0","0"
"10-17 years","Montgomery","53","0","1"
"18-29 years","Montgomery","155","0","1"
"30-39 years","Montgomery","101","2","3"
"40-49 years","Montgomery","126","0","2"
"50-59 years","Montgomery","102","2","7"
"60-69 years","Montgomery","100","4","12"
"70-79 years","Montgomery","53","6","10"
"80 & Older years","Montgomery","25","6","6"
"<1 years","Montgomery","1","0","0"
"Unknown years","Montgomery","1","0","0"
"01-04 years","Morgan","17","0","0"
"05-09 years","Morgan","26","0","1"
"10-17 years","Morgan","91","0","1"
"18-29 years","Morgan","216","0","5"
"30-39 years","Morgan","171","0","7"
"40-49 years","Morgan","174","1","7"
"50-59 years","Morgan","193","2","18"
"60-69 years","Morgan","142","6","14"
"70-79 years","Morgan","108","4","19"
"80 & Older years","Morgan","56","11","20"
"<1 years","Morgan","13","0","1"
"Unknown years","Morgan","2","0","0"
"01-04 years","Murray","71","0","2"
"05-09 years","Murray","101","0","2"
"10-17 years","Murray","415","0","2"
"18-29 years","Murray","846","0","11"
"30-39 years","Murray","597","1","8"
"40-49 years","Murray","735","0","25"
"50-59 years","Murray","641","9","49"
"60-69 years","Murray","432","15","71"
"70-79 years","Murray","270","36","68"
"80 & Older years","Murray","107","23","27"
"<1 years","Murray","25","0","2"
"Unknown years","Murray","2","0","0"
"01-04 years","Muscogee","240","0","8"
"05-09 years","Muscogee","376","0","0"
"10-17 years","Muscogee","1033","0","9"
"18-29 years","Muscogee","3455","5","77"
"30-39 years","Muscogee","2365","2","86"
"40-49 years","Muscogee","2043","8","114"
"50-59 years","Muscogee","2055","50","223"
"60-69 years","Muscogee","1621","90","286"
"70-79 years","Muscogee","896","108","225"
"80 & Older years","Muscogee","538","159","187"
"<1 years","Muscogee","78","0","4"
"Unknown years","Muscogee","53","0","1"
"01-04 years","Newton","87","0","2"
"05-09 years","Newton","146","0","1"
"10-17 years","Newton","472","0","11"
"18-29 years","Newton","1461","1","47"
"30-39 years","Newton","1216","1","64"
"40-49 years","Newton","1396","9","105"
"50-59 years","Newton","1318","25","138"
"60-69 years","Newton","733","42","113"
"70-79 years","Newton","512","64","111"
"80 & Older years","Newton","301","91","80"
"<1 years","Newton","32","0","5"
"Unknown years","Newton","1","0","0"
"01-04 years","Non-GA Resident/Unknown State","259","0","4"
"05-09 years","Non-GA Resident/Unknown State","417","0","5"
"10-17 years","Non-GA Resident/Unknown State","1266","0","7"
"18-29 years","Non-GA Resident/Unknown State","5646","5","64"
"30-39 years","Non-GA Resident/Unknown State","3947","3","96"
"40-49 years","Non-GA Resident/Unknown State","3330","17","109"
"50-59 years","Non-GA Resident/Unknown State","3343","51","210"
"60-69 years","Non-GA Resident/Unknown State","2392","120","287"
"70-79 years","Non-GA Resident/Unknown State","1548","139","303"
"80 & Older years","Non-GA Resident/Unknown State","856","149","203"
"<1 years","Non-GA Resident/Unknown State","154","0","2"
"Unknown years","Non-GA Resident/Unknown State","789","0","3"
"01-04 years","Oconee","37","0","0"
"05-09 years","Oconee","65","0","0"
"10-17 years","Oconee","338","0","0"
"18-29 years","Oconee","581","1","6"
"30-39 years","Oconee","381","1","4"
"40-49 years","Oconee","572","1","12"
"50-59 years","Oconee","481","5","11"
"60-69 years","Oconee","311","11","34"
"70-79 years","Oconee","177","18","24"
"80 & Older years","Oconee","133","29","40"
"<1 years","Oconee","10","0","0"
"01-04 years","Oglethorpe","19","0","0"
"05-09 years","Oglethorpe","30","0","0"
"10-17 years","Oglethorpe","97","0","1"
"18-29 years","Oglethorpe","212","0","1"
"30-39 years","Oglethorpe","151","1","1"
"40-49 years","Oglethorpe","180","1","8"
"50-59 years","Oglethorpe","184","1","18"
"60-69 years","Oglethorpe","150","1","15"
"70-79 years","Oglethorpe","110","10","16"
"80 & Older years","Oglethorpe","68","15","17"
"<1 years","Oglethorpe","12","0","0"
"Unknown years","Oglethorpe","1","0","0"
"01-04 years","Paulding","156","0","2"
"05-09 years","Paulding","287","0","0"
"10-17 years","Paulding","1088","0","7"
"18-29 years","Paulding","2091","1","30"
"30-39 years","Paulding","1794","2","35"
"40-49 years","Paulding","1920","7","54"
"50-59 years","Paulding","1808","18","84"
"60-69 years","Paulding","939","37","82"
"70-79 years","Paulding","531","40","80"
"80 & Older years","Paulding","315","67","67"
"<1 years","Paulding","38","0","0"
"Unknown years","Paulding","43","0","0"
"01-04 years","Peach","16","0","2"
"05-09 years","Peach","21","0","0"
"10-17 years","Peach","83","0","2"
"18-29 years","Peach","411","1","10"
"30-39 years","Peach","320","0","16"
"40-49 years","Peach","258","4","24"
"50-59 years","Peach","313","10","45"
"60-69 years","Peach","269","12","60"
"70-79 years","Peach","132","15","41"
"80 & Older years","Peach","66","15","29"
"<1 years","Peach","4","0","0"
"01-04 years","Pickens","23","0","2"
"05-09 years","Pickens","40","0","1"
"10-17 years","Pickens","150","0","0"
"18-29 years","Pickens","402","0","6"
"30-39 years","Pickens","340","0","13"
"40-49 years","Pickens","408","0","19"
"50-59 years","Pickens","452","4","28"
"60-69 years","Pickens","353","9","43"
"70-79 years","Pickens","278","23","66"
"80 & Older years","Pickens","124","28","39"
"<1 years","Pickens","3","0","1"
"01-04 years","Pierce","14","0","0"
"05-09 years","Pierce","25","0","0"
"10-17 years","Pierce","97","1","1"
"18-29 years","Pierce","233","0","5"
"30-39 years","Pierce","157","0","5"
"40-49 years","Pierce","220","0","16"
"50-59 years","Pierce","200","4","22"
"60-69 years","Pierce","157","11","41"
"70-79 years","Pierce","118","14","37"
"80 & Older years","Pierce","55","15","17"
"<1 years","Pierce","7","0","1"
"01-04 years","Pike","27","0","0"
"05-09 years","Pike","28","0","0"
"10-17 years","Pike","123","0","1"
"18-29 years","Pike","172","1","6"
"30-39 years","Pike","147","0","3"
"40-49 years","Pike","203","2","10"
"50-59 years","Pike","161","4","9"
"60-69 years","Pike","107","4","17"
"70-79 years","Pike","85","9","20"
"80 & Older years","Pike","34","8","9"
"<1 years","Pike","3","0","0"
"Unknown years","Pike","2","0","0"
"01-04 years","Polk","44","0","1"
"05-09 years","Polk","75","0","2"
"10-17 years","Polk","327","0","3"
"18-29 years","Polk","820","0","13"
"30-39 years","Polk","582","1","16"
"40-49 years","Polk","594","3","40"
"50-59 years","Polk","618","12","84"
"60-69 years","Polk","401","16","74"
"70-79 years","Polk","323","24","89"
"80 & Older years","Polk","141","27","56"
"<1 years","Polk","21","0","0"
"Unknown years","Polk","28","0","0"
"01-04 years","Pulaski","5","0","0"
"05-09 years","Pulaski","9","0","0"
"10-17 years","Pulaski","37","0","1"
"18-29 years","Pulaski","85","0","2"
"30-39 years","Pulaski","93","0","2"
"40-49 years","Pulaski","93","0","10"
"50-59 years","Pulaski","105","0","6"
"60-69 years","Pulaski","95","8","13"
"70-79 years","Pulaski","49","13","17"
"80 & Older years","Pulaski","40","12","6"
"<1 years","Pulaski","3","0","0"
"01-04 years","Putnam","24","0","0"
"05-09 years","Putnam","43","0","1"
"10-17 years","Putnam","127","0","2"
"18-29 years","Putnam","292","0","4"
"30-39 years","Putnam","234","0","7"
"40-49 years","Putnam","229","1","10"
"50-59 years","Putnam","306","2","22"
"60-69 years","Putnam","260","13","30"
"70-79 years","Putnam","203","20","55"
"80 & Older years","Putnam","86","20","34"
"<1 years","Putnam","7","0","1"
"01-04 years","Quitman","1","0","0"
"05-09 years","Quitman","4","0","0"
"10-17 years","Quitman","6","0","0"
"18-29 years","Quitman","12","0","1"
"30-39 years","Quitman","4","0","1"
"40-49 years","Quitman","3","0","1"
"50-59 years","Quitman","16","0","1"
"60-69 years","Quitman","24","1","4"
"70-79 years","Quitman","3","0","1"
"80 & Older years","Quitman","6","1","2"
"<1 years","Quitman","2","0","0"
"01-04 years","Rabun","17","0","0"
"05-09 years","Rabun","30","0","0"
"10-17 years","Rabun","120","0","1"
"18-29 years","Rabun","228","0","5"
"30-39 years","Rabun","199","1","10"
"40-49 years","Rabun","210","0","10"
"50-59 years","Rabun","243","3","25"
"60-69 years","Rabun","241","9","34"
"70-79 years","Rabun","187","11","35"
"80 & Older years","Rabun","81","17","31"
"<1 years","Rabun","5","0","1"
"Unknown years","Rabun","9","0","0"
"01-04 years","Randolph","2","0","0"
"05-09 years","Randolph","5","0","0"
"10-17 years","Randolph","14","0","1"
"18-29 years","Randolph","63","0","2"
"30-39 years","Randolph","73","2","7"
"40-49 years","Randolph","58","0","6"
"50-59 years","Randolph","91","3","20"
"60-69 years","Randolph","73","9","17"
"70-79 years","Randolph","48","4","15"
"80 & Older years","Randolph","46","15","16"
"<1 years","Randolph","1","0","0"
"Unknown years","Randolph","2","0","0"
"01-04 years","Richmond","311","0","1"
"05-09 years","Richmond","609","0","4"
"10-17 years","Richmond","1651","0","15"
"18-29 years","Richmond","4696","8","67"
"30-39 years","Richmond","3518","7","90"
"40-49 years","Richmond","2830","18","123"
"50-59 years","Richmond","2790","43","226"
"60-69 years","Richmond","2048","82","282"
"70-79 years","Richmond","1111","111","301"
"80 & Older years","Richmond","670","159","273"
"<1 years","Richmond","88","0","3"
"Unknown years","Richmond","22","0","1"
"01-04 years","Rockdale","63","0","4"
"05-09 years","Rockdale","116","0","1"
"10-17 years","Rockdale","374","0","13"
"18-29 years","Rockdale","1235","2","76"
"30-39 years","Rockdale","984","3","96"
"40-49 years","Rockdale","1086","7","123"
"50-59 years","Rockdale","1064","14","182"
"60-69 years","Rockdale","664","31","157"
"70-79 years","Rockdale","384","50","150"
"80 & Older years","Rockdale","208","47","98"
"<1 years","Rockdale","13","0","2"
"Unknown years","Rockdale","3","0","0"
"01-04 years","Schley","5","0","0"
"05-09 years","Schley","4","0","0"
"10-17 years","Schley","22","0","0"
"18-29 years","Schley","48","0","2"
"30-39 years","Schley","21","0","0"
"40-49 years","Schley","32","0","4"
"50-59 years","Schley","31","0","3"
"60-69 years","Schley","27","1","8"
"70-79 years","Schley","13","2","2"
"80 & Older years","Schley","7","2","2"
"<1 years","Schley","1","0","0"
"01-04 years","Screven","8","0","0"
"05-09 years","Screven","16","0","0"
"10-17 years","Screven","62","0","0"
"18-29 years","Screven","139","0","3"
"30-39 years","Screven","126","0","2"
"40-49 years","Screven","102","1","6"
"50-59 years","Screven","118","2","16"
"60-69 years","Screven","137","2","15"
"70-79 years","Screven","74","8","19"
"80 & Older years","Screven","38","8","11"
"<1 years","Screven","4","0","0"
"Unknown years","Screven","1","0","0"
"01-04 years","Seminole","15","0","0"
"05-09 years","Seminole","14","0","0"
"10-17 years","Seminole","71","0","0"
"18-29 years","Seminole","113","0","0"
"30-39 years","Seminole","94","0","4"
"40-49 years","Seminole","93","0","5"
"50-59 years","Seminole","115","1","6"
"60-69 years","Seminole","132","4","26"
"70-79 years","Seminole","69","6","16"
"80 & Older years","Seminole","30","7","12"
"<1 years","Seminole","4","0","0"
"01-04 years","Spalding","70","0","3"
"05-09 years","Spalding","75","0","1"
"10-17 years","Spalding","230","0","5"
"18-29 years","Spalding","738","1","36"
"30-39 years","Spalding","635","4","34"
"40-49 years","Spalding","642","5","49"
"50-59 years","Spalding","673","16","79"
"60-69 years","Spalding","507","37","96"
"70-79 years","Spalding","372","47","87"
"80 & Older years","Spalding","225","53","69"
"<1 years","Spalding","13","0","0"
"Unknown years","Spalding","22","0","0"
"01-04 years","Stephens","18","0","0"
"05-09 years","Stephens","44","0","1"
"10-17 years","Stephens","189","0","3"
"18-29 years","Stephens","553","1","14"
"30-39 years","Stephens","355","0","8"
"40-49 years","Stephens","452","1","23"
"50-59 years","Stephens","467","5","38"
"60-69 years","Stephens","449","22","65"
"70-79 years","Stephens","311","22","66"
"80 & Older years","Stephens","161","27","41"
"<1 years","Stephens","5","0","0"
"Unknown years","Stephens","14","0","0"
"01-04 years","Stewart","6","0","1"
"05-09 years","Stewart","2","0","0"
"10-17 years","Stewart","14","0","0"
"18-29 years","Stewart","193","0","22"
"30-39 years","Stewart","232","1","25"
"40-49 years","Stewart","161","2","23"
"50-59 years","Stewart","89","2","14"
"60-69 years","Stewart","71","13","27"
"70-79 years","Stewart","26","3","6"
"80 & Older years","Stewart","21","4","6"
"<1 years","Stewart","1","0","0"
"Unknown years","Stewart","14","0","4"
"01-04 years","Sumter","27","0","0"
"05-09 years","Sumter","32","0","0"
"10-17 years","Sumter","82","0","4"
"18-29 years","Sumter","334","1","11"
"30-39 years","Sumter","272","1","21"
"40-49 years","Sumter","263","5","25"
"50-59 years","Sumter","281","4","42"
"60-69 years","Sumter","260","26","71"
"70-79 years","Sumter","167","28","46"
"80 & Older years","Sumter","107","30","48"
"<1 years","Sumter","10","0","0"
"Unknown years","Sumter","1","0","0"
"01-04 years","Talbot","8","0","0"
"05-09 years","Talbot","8","0","0"
"10-17 years","Talbot","30","0","0"
"18-29 years","Talbot","60","0","1"
"30-39 years","Talbot","39","0","2"
"40-49 years","Talbot","62","1","4"
"50-59 years","Talbot","69","4","5"
"60-69 years","Talbot","64","4","16"
"70-79 years","Talbot","38","5","6"
"80 & Older years","Talbot","20","4","9"
"Unknown years","Talbot","2","0","0"
"01-04 years","Taliaferro","1","0","0"
"05-09 years","Taliaferro","2","0","0"
"10-17 years","Taliaferro","7","0","0"
"18-29 years","Taliaferro","14","0","0"
"30-39 years","Taliaferro","15","0","0"
"40-49 years","Taliaferro","19","0","1"
"50-59 years","Taliaferro","10","0","0"
"60-69 years","Taliaferro","20","1","3"
"70-79 years","Taliaferro","10","1","3"
"80 & Older years","Taliaferro","4","1","2"
"01-04 years","Tattnall","31","0","0"
"05-09 years","Tattnall","45","0","0"
"10-17 years","Tattnall","163","0","0"
"18-29 years","Tattnall","324","0","1"
"30-39 years","Tattnall","287","1","6"
"40-49 years","Tattnall","281","0","7"
"50-59 years","Tattnall","317","7","24"
"60-69 years","Tattnall","242","15","34"
"70-79 years","Tattnall","121","18","39"
"80 & Older years","Tattnall","46","5","8"
"<1 years","Tattnall","10","0","1"
"01-04 years","Taylor","13","0","1"
"05-09 years","Taylor","16","0","0"
"10-17 years","Taylor","53","0","1"
"18-29 years","Taylor","82","0","2"
"30-39 years","Taylor","52","0","4"
"40-49 years","Taylor","94","1","11"
"50-59 years","Taylor","77","1","16"
"60-69 years","Taylor","66","6","18"
"70-79 years","Taylor","33","6","10"
"80 & Older years","Taylor","24","8","10"
"<1 years","Taylor","4","0","0"
"Unknown years","Taylor","1","0","0"
"01-04 years","Telfair","11","0","0"
"05-09 years","Telfair","12","0","0"
"10-17 years","Telfair","22","0","1"
"18-29 years","Telfair","139","0","3"
"30-39 years","Telfair","94","1","1"
"40-49 years","Telfair","113","2","6"
"50-59 years","Telfair","109","5","10"
"60-69 years","Telfair","106","9","18"
"70-79 years","Telfair","72","13","20"
"80 & Older years","Telfair","45","15","12"
"<1 years","Telfair","5","0","0"
"Unknown years","Telfair","2","0","0"
"01-04 years","Terrell","8","0","0"
"05-09 years","Terrell","11","0","0"
"10-17 years","Terrell","43","0","0"
"18-29 years","Terrell","76","0","5"
"30-39 years","Terrell","81","0","9"
"40-49 years","Terrell","68","0","8"
"50-59 years","Terrell","101","4","16"
"60-69 years","Terrell","93","13","34"
"70-79 years","Terrell","62","17","28"
"80 & Older years","Terrell","39","13","16"
"<1 years","Terrell","1","0","0"
"01-04 years","Thomas","65","0","1"
"05-09 years","Thomas","118","0","0"
"10-17 years","Thomas","321","0","3"
"18-29 years","Thomas","629","1","27"
"30-39 years","Thomas","517","2","19"
"40-49 years","Thomas","540","4","31"
"50-59 years","Thomas","563","11","49"
"60-69 years","Thomas","442","14","95"
"70-79 years","Thomas","266","34","75"
"80 & Older years","Thomas","168","48","60"
"<1 years","Thomas","19","0","2"
"Unknown years","Thomas","2","0","0"
"01-04 years","Tift","39","0","3"
"05-09 years","Tift","58","0","3"
"10-17 years","Tift","237","0","7"
"18-29 years","Tift","788","0","20"
"30-39 years","Tift","558","1","29"
"40-49 years","Tift","555","7","60"
"50-59 years","Tift","475","9","70"
"60-69 years","Tift","360","17","75"
"70-79 years","Tift","247","30","91"
"80 & Older years","Tift","140","35","60"
"<1 years","Tift","13","0","0"
"Unknown years","Tift","2","0","0"
"01-04 years","Toombs","31","0","0"
"05-09 years","Toombs","54","0","0"
"10-17 years","Toombs","220","0","2"
"18-29 years","Toombs","535","0","7"
"30-39 years","Toombs","431","0","4"
"40-49 years","Toombs","435","1","22"
"50-59 years","Toombs","437","9","30"
"60-69 years","Toombs","394","16","54"
"70-79 years","Toombs","265","34","46"
"80 & Older years","Toombs","160","41","35"
"<1 years","Toombs","9","0","0"
"01-04 years","Towns","4","0","0"
"05-09 years","Towns","6","0","0"
"10-17 years","Towns","49","0","1"
"18-29 years","Towns","144","0","4"
"30-39 years","Towns","94","0","3"
"40-49 years","Towns","122","2","5"
"50-59 years","Towns","179","2","17"
"60-69 years","Towns","235","3","21"
"70-79 years","Towns","165","10","35"
"80 & Older years","Towns","126","28","50"
"Unknown years","Towns","3","0","0"
"01-04 years","Treutlen","6","0","0"
"05-09 years","Treutlen","15","0","1"
"10-17 years","Treutlen","48","0","0"
"18-29 years","Treutlen","103","0","2"
"30-39 years","Treutlen","100","0","5"
"40-49 years","Treutlen","102","2","5"
"50-59 years","Treutlen","103","1","9"
"60-69 years","Treutlen","70","6","14"
"70-79 years","Treutlen","55","11","11"
"80 & Older years","Treutlen","33","8","8"
"01-04 years","Troup","139","0","3"
"05-09 years","Troup","189","0","1"
"10-17 years","Troup","541","0","7"
"18-29 years","Troup","1237","1","29"
"30-39 years","Troup","917","7","43"
"40-49 years","Troup","830","7","52"
"50-59 years","Troup","861","15","109"
"60-69 years","Troup","654","36","107"
"70-79 years","Troup","352","47","107"
"80 & Older years","Troup","260","81","70"
"<1 years","Troup","45","0","1"
"Unknown years","Troup","6","0","0"
"01-04 years","Turner","5","0","0"
"05-09 years","Turner","7","0","1"
"10-17 years","Turner","23","0","0"
"18-29 years","Turner","90","0","2"
"30-39 years","Turner","107","0","10"
"40-49 years","Turner","108","0","5"
"50-59 years","Turner","97","2","14"
"60-69 years","Turner","86","9","26"
"70-79 years","Turner","53","7","14"
"80 & Older years","Turner","35","16","15"
"<1 years","Turner","2","0","1"
"01-04 years","Twiggs","10","0","0"
"05-09 years","Twiggs","6","0","1"
"10-17 years","Twiggs","26","0","0"
"18-29 years","Twiggs","68","0","2"
"30-39 years","Twiggs","60","1","5"
"40-49 years","Twiggs","62","1","7"
"50-59 years","Twiggs","95","3","16"
"60-69 years","Twiggs","101","11","33"
"70-79 years","Twiggs","58","9","24"
"80 & Older years","Twiggs","25","14","18"
"<1 years","Twiggs","1","0","0"
"01-04 years","Union","8","0","0"
"05-09 years","Union","18","0","0"
"10-17 years","Union","73","0","1"
"18-29 years","Union","263","1","1"
"30-39 years","Union","229","0","3"
"40-49 years","Union","234","0","14"
"50-59 years","Union","317","4","25"
"60-69 years","Union","387","6","47"
"70-79 years","Union","331","22","65"
"80 & Older years","Union","210","39","67"
"<1 years","Union","1","0","0"
"Unknown years","Union","15","0","0"
"01-04 years","Unknown","16","0","0"
"05-09 years","Unknown","39","0","0"
"10-17 years","Unknown","159","0","0"
"18-29 years","Unknown","728","2","4"
"30-39 years","Unknown","349","0","3"
"40-49 years","Unknown","309","1","2"
"50-59 years","Unknown","283","2","5"
"60-69 years","Unknown","154","0","6"
"70-79 years","Unknown","100","0","8"
"80 & Older years","Unknown","40","0","5"
"<1 years","Unknown","28","0","0"
"Unknown years","Unknown","87","0","3"
"01-04 years","Upson","42","0","0"
"05-09 years","Upson","50","0","0"
"10-17 years","Upson","142","0","1"
"18-29 years","Upson","320","0","7"
"30-39 years","Upson","221","2","9"
"40-49 years","Upson","248","1","11"
"50-59 years","Upson","268","7","24"
"60-69 years","Upson","243","23","40"
"70-79 years","Upson","172","36","51"
"80 & Older years","Upson","107","42","36"
"<1 years","Upson","15","0","0"
"Unknown years","Upson","4","0","0"
"01-04 years","Walker","90","0","1"
"05-09 years","Walker","164","0","1"
"10-17 years","Walker","583","0","4"
"18-29 years","Walker","1185","0","19"
"30-39 years","Walker","901","1","17"
"40-49 years","Walker","1093","2","33"
"50-59 years","Walker","926","5","40"
"60-69 years","Walker","772","16","70"
"70-79 years","Walker","506","29","63"
"80 & Older years","Walker","247","28","36"
"<1 years","Walker","42","0","2"
"Unknown years","Walker","200","0","7"
"01-04 years","Walton","83","0","1"
"05-09 years","Walton","172","0","1"
"10-17 years","Walton","641","0","6"
"18-29 years","Walton","1391","2","32"
"30-39 years","Walton","1214","0","28"
"40-49 years","Walton","1334","3","54"
"50-59 years","Walton","1308","17","91"
"60-69 years","Walton","900","33","93"
"70-79 years","Walton","676","77","119"
"80 & Older years","Walton","397","107","86"
"<1 years","Walton","29","0","2"
"Unknown years","Walton","15","0","0"
"01-04 years","Ware","63","0","1"
"05-09 years","Ware","70","0","0"
"10-17 years","Ware","248","0","2"
"18-29 years","Ware","570","1","5"
"30-39 years","Ware","470","2","21"
"40-49 years","Ware","405","3","33"
"50-59 years","Ware","430","16","64"
"60-69 years","Ware","317","21","66"
"70-79 years","Ware","265","42","99"
"80 & Older years","Ware","212","66","63"
"<1 years","Ware","20","0","2"
"01-04 years","Warren","6","0","0"
"05-09 years","Warren","3","0","0"
"10-17 years","Warren","28","0","0"
"18-29 years","Warren","72","0","3"
"30-39 years","Warren","52","0","4"
"40-49 years","Warren","52","2","5"
"50-59 years","Warren","69","2","8"
"60-69 years","Warren","44","3","8"
"70-79 years","Warren","38","6","14"
"80 & Older years","Warren","19","4","7"
"<1 years","Warren","2","0","1"
"Unknown years","Warren","4","0","0"
"01-04 years","Washington","24","0","0"
"05-09 years","Washington","29","0","0"
"10-17 years","Washington","126","0","2"
"18-29 years","Washington","268","0","8"
"30-39 years","Washington","252","0","9"
"40-49 years","Washington","257","4","13"
"50-59 years","Washington","247","7","18"
"60-69 years","Washington","231","15","31"
"70-79 years","Washington","120","10","22"
"80 & Older years","Washington","79","26","14"
"<1 years","Washington","10","0","0"
"Unknown years","Washington","1","0","0"
"01-04 years","Wayne","31","0","1"
"05-09 years","Wayne","40","0","0"
"10-17 years","Wayne","175","0","1"
"18-29 years","Wayne","430","0","10"
"30-39 years","Wayne","427","1","13"
"40-49 years","Wayne","509","1","39"
"50-59 years","Wayne","428","8","37"
"60-69 years","Wayne","342","19","70"
"70-79 years","Wayne","271","26","79"
"80 & Older years","Wayne","121","25","26"
"<1 years","Wayne","6","0","1"
"10-17 years","Webster","4","0","0"
"18-29 years","Webster","21","0","1"
"30-39 years","Webster","10","0","1"
"40-49 years","Webster","16","0","2"
"50-59 years","Webster","19","2","6"
"60-69 years","Webster","24","1","4"
"70-79 years","Webster","7","0","1"
"80 & Older years","Webster","4","1","0"
"Unknown years","Webster","2","0","0"
"01-04 years","Wheeler","1","0","0"
"05-09 years","Wheeler","5","0","0"
"10-17 years","Wheeler","23","0","0"
"18-29 years","Wheeler","58","0","0"
"30-39 years","Wheeler","75","2","2"
"40-49 years","Wheeler","80","1","3"
"50-59 years","Wheeler","93","7","11"
"60-69 years","Wheeler","53","3","6"
"70-79 years","Wheeler","40","5","11"
"80 & Older years","Wheeler","9","3","1"
"<1 years","Wheeler","2","0","0"
"Unknown years","Wheeler","23","0","1"
"01-04 years","White","22","0","0"
"05-09 years","White","60","0","1"
"10-17 years","White","234","0","2"
"18-29 years","White","455","1","7"
"30-39 years","White","329","1","8"
"40-49 years","White","422","2","18"
"50-59 years","White","495","5","43"
"60-69 years","White","450","11","66"
"70-79 years","White","328","17","78"
"80 & Older years","White","182","31","69"
"<1 years","White","5","0","0"
"Unknown years","White","25","0","0"
"01-04 years","Whitfield","216","0","3"
"05-09 years","Whitfield","397","0","3"
"10-17 years","Whitfield","1385","0","7"
"18-29 years","Whitfield","3554","2","52"
"30-39 years","Whitfield","2324","5","66"
"40-49 years","Whitfield","2410","5","80"
"50-59 years","Whitfield","2185","27","131"
"60-69 years","Whitfield","1277","38","159"
"70-79 years","Whitfield","721","58","147"
"80 & Older years","Whitfield","416","96","125"
"<1 years","Whitfield","70","0","5"
"Unknown years","Whitfield","3","0","0"
"01-04 years","Wilcox","11","0","0"
"05-09 years","Wilcox","9","0","0"
"10-17 years","Wilcox","30","0","0"
"18-29 years","Wilcox","47","0","1"
"30-39 years","Wilcox","49","0","1"
"40-49 years","Wilcox","74","0","12"
"50-59 years","Wilcox","85","1","16"
"60-69 years","Wilcox","91","10","25"
"70-79 years","Wilcox","53","11","11"
"80 & Older years","Wilcox","26","8","8"
"<1 years","Wilcox","5","0","0"
"01-04 years","Wilkes","8","0","0"
"05-09 years","Wilkes","17","0","0"
"10-17 years","Wilkes","53","0","0"
"18-29 years","Wilkes","120","0","1"
"30-39 years","Wilkes","87","0","5"
"40-49 years","Wilkes","104","1","12"
"50-59 years","Wilkes","104","2","5"
"60-69 years","Wilkes","84","4","17"
"70-79 years","Wilkes","68","8","20"
"80 & Older years","Wilkes","33","8","15"
"<1 years","Wilkes","3","0","0"
"Unknown years","Wilkes","1","0","0"
"01-04 years","Wilkinson","6","0","0"
"05-09 years","Wilkinson","11","0","0"
"10-17 years","Wilkinson","31","0","1"
"18-29 years","Wilkinson","112","0","3"
"30-39 years","Wilkinson","93","0","8"
"40-49 years","Wilkinson","96","0","7"
"50-59 years","Wilkinson","156","4","26"
"60-69 years","Wilkinson","134","12","39"
"70-79 years","Wilkinson","59","6","22"
"80 & Older years","Wilkinson","39","5","16"
"01-04 years","Worth","13","0","0"
"05-09 years","Worth","15","0","0"
"10-17 years","Worth","80","0","3"
"18-29 years","Worth","189","0","10"
"30-39 years","Worth","157","0","12"
"40-49 years","Worth","159","1","17"
"50-59 years","Worth","200","7","28"
"60-69 years","Worth","194","19","52"
"70-79 years","Worth","117","16","30"
"80 & Older years","Worth","72","18","26"
"<1 years","Worth","4","0","0"
"Unknown years","Worth","1","0","0"
