"age group","county name","cases","deaths","confirmed_case_hospitalization"
"01-04 years","Georgia","43949","7","615"
"05-09 years","Georgia","75355","5","439"
"10-17 years","Georgia","184675","19","1583"
"18-29 years","Georgia","416258","266","8060"
"30-39 years","Georgia","327354","689","9885"
"40-49 years","Georgia","294107","1524","13193"
"50-59 years","Georgia","262161","3681","19293"
"60-69 years","Georgia","172852","6629","22007"
"70-79 years","Georgia","95107","8590","20113"
"80 & Older years","Georgia","49914","9855","14790"
"<1 years","Georgia","14286","3","647"
"Unknown years","Georgia","4889","0","356"
"01-04 years","Appling","77","0","0"
"05-09 years","Appling","124","0","0"
"10-17 years","Appling","414","0","3"
"18-29 years","Appling","629","1","8"
"30-39 years","Appling","496","4","10"
"40-49 years","Appling","480","9","30"
"50-59 years","Appling","480","12","47"
"60-69 years","Appling","401","24","74"
"70-79 years","Appling","271","26","53"
"80 & Older years","Appling","135","34","43"
"<1 years","Appling","15","0","0"
"01-04 years","Atkinson","36","1","3"
"05-09 years","Atkinson","72","0","1"
"10-17 years","Atkinson","184","0","2"
"18-29 years","Atkinson","316","0","16"
"30-39 years","Atkinson","236","0","15"
"40-49 years","Atkinson","227","4","37"
"50-59 years","Atkinson","211","5","39"
"60-69 years","Atkinson","144","8","49"
"70-79 years","Atkinson","76","10","31"
"80 & Older years","Atkinson","35","11","22"
"<1 years","Atkinson","11","0","1"
"01-04 years","Bacon","53","0","1"
"05-09 years","Bacon","72","0","0"
"10-17 years","Bacon","217","0","1"
"18-29 years","Bacon","616","0","11"
"30-39 years","Bacon","363","1","12"
"40-49 years","Bacon","353","5","24"
"50-59 years","Bacon","274","5","27"
"60-69 years","Bacon","221","18","49"
"70-79 years","Bacon","151","15","46"
"80 & Older years","Bacon","75","15","24"
"<1 years","Bacon","16","0","0"
"Unknown years","Bacon","1","0","0"
"01-04 years","Baker","12","0","0"
"05-09 years","Baker","21","0","0"
"10-17 years","Baker","22","0","0"
"18-29 years","Baker","57","0","0"
"30-39 years","Baker","35","0","4"
"40-49 years","Baker","35","3","3"
"50-59 years","Baker","40","0","5"
"60-69 years","Baker","46","3","17"
"70-79 years","Baker","24","3","11"
"80 & Older years","Baker","16","4","6"
"<1 years","Baker","3","0","0"
"Unknown years","Baker","2","0","0"
"01-04 years","Baldwin","116","0","2"
"05-09 years","Baldwin","247","0","0"
"10-17 years","Baldwin","565","1","5"
"18-29 years","Baldwin","2024","0","22"
"30-39 years","Baldwin","1030","2","21"
"40-49 years","Baldwin","973","6","45"
"50-59 years","Baldwin","924","24","83"
"60-69 years","Baldwin","716","44","100"
"70-79 years","Baldwin","436","50","77"
"80 & Older years","Baldwin","238","70","80"
"<1 years","Baldwin","38","0","3"
"Unknown years","Baldwin","2","0","0"
"01-04 years","Banks","46","0","2"
"05-09 years","Banks","91","0","1"
"10-17 years","Banks","251","0","5"
"18-29 years","Banks","653","0","22"
"30-39 years","Banks","492","0","22"
"40-49 years","Banks","489","7","31"
"50-59 years","Banks","500","8","47"
"60-69 years","Banks","400","17","77"
"70-79 years","Banks","280","29","85"
"80 & Older years","Banks","121","18","42"
"<1 years","Banks","27","0","2"
"Unknown years","Banks","23","0","1"
"01-04 years","Barrow","387","0","2"
"05-09 years","Barrow","688","0","3"
"10-17 years","Barrow","1921","1","16"
"18-29 years","Barrow","3793","2","71"
"30-39 years","Barrow","3412","3","94"
"40-49 years","Barrow","3207","14","123"
"50-59 years","Barrow","2700","23","179"
"60-69 years","Barrow","1750","55","201"
"70-79 years","Barrow","998","68","157"
"80 & Older years","Barrow","439","76","139"
"<1 years","Barrow","160","0","11"
"Unknown years","Barrow","22","0","2"
"01-04 years","Bartow","450","0","15"
"05-09 years","Bartow","693","0","4"
"10-17 years","Bartow","2036","0","19"
"18-29 years","Bartow","4147","0","43"
"30-39 years","Bartow","3388","7","76"
"40-49 years","Bartow","3268","11","131"
"50-59 years","Bartow","3362","38","237"
"60-69 years","Bartow","2134","96","251"
"70-79 years","Bartow","1301","122","271"
"80 & Older years","Bartow","620","111","169"
"<1 years","Bartow","197","0","7"
"Unknown years","Bartow","37","0","3"
"01-04 years","Ben Hill","43","0","1"
"05-09 years","Ben Hill","41","0","0"
"10-17 years","Ben Hill","177","0","0"
"18-29 years","Ben Hill","427","0","5"
"30-39 years","Ben Hill","339","3","12"
"40-49 years","Ben Hill","300","2","18"
"50-59 years","Ben Hill","307","8","35"
"60-69 years","Ben Hill","263","17","37"
"70-79 years","Ben Hill","173","24","57"
"80 & Older years","Ben Hill","78","20","22"
"<1 years","Ben Hill","15","0","2"
"01-04 years","Berrien","60","0","1"
"05-09 years","Berrien","73","0","0"
"10-17 years","Berrien","195","0","1"
"18-29 years","Berrien","381","0","0"
"30-39 years","Berrien","324","0","5"
"40-49 years","Berrien","252","1","8"
"50-59 years","Berrien","278","6","25"
"60-69 years","Berrien","215","11","30"
"70-79 years","Berrien","149","23","24"
"80 & Older years","Berrien","78","17","16"
"<1 years","Berrien","19","0","0"
"01-04 years","Bibb","501","0","8"
"05-09 years","Bibb","912","0","4"
"10-17 years","Bibb","2211","0","15"
"18-29 years","Bibb","6487","4","155"
"30-39 years","Bibb","4912","11","211"
"40-49 years","Bibb","4376","32","335"
"50-59 years","Bibb","3887","71","477"
"60-69 years","Bibb","2918","162","631"
"70-79 years","Bibb","1591","191","518"
"80 & Older years","Bibb","885","220","412"
"<1 years","Bibb","139","0","9"
"Unknown years","Bibb","5","0","1"
"01-04 years","Bleckley","24","0","0"
"05-09 years","Bleckley","60","0","0"
"10-17 years","Bleckley","167","0","1"
"18-29 years","Bleckley","340","0","6"
"30-39 years","Bleckley","210","1","5"
"40-49 years","Bleckley","187","1","3"
"50-59 years","Bleckley","177","4","11"
"60-69 years","Bleckley","128","9","17"
"70-79 years","Bleckley","89","8","16"
"80 & Older years","Bleckley","68","20","16"
"<1 years","Bleckley","10","0","0"
"01-04 years","Brantley","53","0","0"
"05-09 years","Brantley","87","0","0"
"10-17 years","Brantley","263","0","1"
"18-29 years","Brantley","467","0","6"
"30-39 years","Brantley","355","3","8"
"40-49 years","Brantley","335","5","20"
"50-59 years","Brantley","365","18","37"
"60-69 years","Brantley","261","18","42"
"70-79 years","Brantley","180","29","50"
"80 & Older years","Brantley","73","16","19"
"<1 years","Brantley","9","0","0"
"Unknown years","Brantley","1","0","0"
"01-04 years","Brooks","53","0","2"
"05-09 years","Brooks","71","0","0"
"10-17 years","Brooks","164","0","0"
"18-29 years","Brooks","333","0","4"
"30-39 years","Brooks","273","1","10"
"40-49 years","Brooks","255","2","18"
"50-59 years","Brooks","283","7","34"
"60-69 years","Brooks","182","13","29"
"70-79 years","Brooks","155","19","30"
"80 & Older years","Brooks","94","22","29"
"<1 years","Brooks","24","0","0"
"Unknown years","Brooks","2","0","0"
"01-04 years","Bryan","230","0","1"
"05-09 years","Bryan","338","0","2"
"10-17 years","Bryan","854","0","6"
"18-29 years","Bryan","1329","1","22"
"30-39 years","Bryan","1193","5","34"
"40-49 years","Bryan","1147","6","56"
"50-59 years","Bryan","799","8","59"
"60-69 years","Bryan","497","20","74"
"70-79 years","Bryan","290","21","107"
"80 & Older years","Bryan","112","14","38"
"<1 years","Bryan","95","0","6"
"Unknown years","Bryan","7","0","0"
"01-04 years","Bulloch","262","0","1"
"05-09 years","Bulloch","451","0","1"
"10-17 years","Bulloch","1096","0","3"
"18-29 years","Bulloch","3789","1","21"
"30-39 years","Bulloch","1503","5","35"
"40-49 years","Bulloch","1137","8","42"
"50-59 years","Bulloch","1023","19","69"
"60-69 years","Bulloch","662","25","81"
"70-79 years","Bulloch","323","30","68"
"80 & Older years","Bulloch","160","20","48"
"<1 years","Bulloch","103","0","5"
"01-04 years","Burke","56","0","0"
"05-09 years","Burke","106","0","0"
"10-17 years","Burke","269","0","4"
"18-29 years","Burke","587","2","16"
"30-39 years","Burke","471","2","21"
"40-49 years","Burke","472","5","26"
"50-59 years","Burke","422","6","41"
"60-69 years","Burke","339","13","56"
"70-79 years","Burke","163","21","52"
"80 & Older years","Burke","57","14","22"
"<1 years","Burke","20","0","0"
"Unknown years","Burke","3","0","0"
"01-04 years","Butts","94","0","3"
"05-09 years","Butts","117","0","0"
"10-17 years","Butts","351","0","6"
"18-29 years","Butts","891","0","14"
"30-39 years","Butts","787","2","12"
"40-49 years","Butts","706","6","29"
"50-59 years","Butts","730","18","59"
"60-69 years","Butts","494","26","62"
"70-79 years","Butts","318","44","60"
"80 & Older years","Butts","192","44","20"
"<1 years","Butts","38","0","3"
"Unknown years","Butts","1","0","0"
"01-04 years","Calhoun","28","0","0"
"05-09 years","Calhoun","22","0","0"
"10-17 years","Calhoun","73","0","1"
"18-29 years","Calhoun","172","0","9"
"30-39 years","Calhoun","179","3","8"
"40-49 years","Calhoun","162","1","11"
"50-59 years","Calhoun","145","4","21"
"60-69 years","Calhoun","116","4","28"
"70-79 years","Calhoun","47","7","12"
"80 & Older years","Calhoun","33","2","12"
"<1 years","Calhoun","7","0","0"
"Unknown years","Calhoun","1","0","0"
"01-04 years","Camden","238","0","0"
"05-09 years","Camden","381","0","2"
"10-17 years","Camden","918","0","2"
"18-29 years","Camden","1927","0","12"
"30-39 years","Camden","1580","3","27"
"40-49 years","Camden","1098","10","32"
"50-59 years","Camden","1129","16","42"
"60-69 years","Camden","782","27","59"
"70-79 years","Camden","453","17","41"
"80 & Older years","Camden","176","27","34"
"<1 years","Camden","50","0","2"
"Unknown years","Camden","9","0","0"
"01-04 years","Candler","24","0","0"
"05-09 years","Candler","50","0","0"
"10-17 years","Candler","132","0","0"
"18-29 years","Candler","244","0","2"
"30-39 years","Candler","208","0","7"
"40-49 years","Candler","203","5","5"
"50-59 years","Candler","228","13","23"
"60-69 years","Candler","146","10","23"
"70-79 years","Candler","109","15","24"
"80 & Older years","Candler","41","11","18"
"<1 years","Candler","15","0","0"
"01-04 years","Carroll","285","0","3"
"05-09 years","Carroll","460","0","5"
"10-17 years","Carroll","1444","0","7"
"18-29 years","Carroll","3293","1","25"
"30-39 years","Carroll","2311","4","28"
"40-49 years","Carroll","2078","11","49"
"50-59 years","Carroll","1976","19","72"
"60-69 years","Carroll","1310","38","109"
"70-79 years","Carroll","760","47","88"
"80 & Older years","Carroll","391","63","53"
"<1 years","Carroll","101","0","2"
"Unknown years","Carroll","15","0","7"
"01-04 years","Catoosa","276","0","2"
"05-09 years","Catoosa","470","0","2"
"10-17 years","Catoosa","1284","0","2"
"18-29 years","Catoosa","2354","1","16"
"30-39 years","Catoosa","1926","2","18"
"40-49 years","Catoosa","1932","4","39"
"50-59 years","Catoosa","1771","14","64"
"60-69 years","Catoosa","1215","18","85"
"70-79 years","Catoosa","732","36","98"
"80 & Older years","Catoosa","465","51","66"
"<1 years","Catoosa","80","0","1"
"Unknown years","Catoosa","55","0","2"
"01-04 years","Charlton","37","0","0"
"05-09 years","Charlton","64","0","0"
"10-17 years","Charlton","140","0","0"
"18-29 years","Charlton","528","1","4"
"30-39 years","Charlton","424","2","6"
"40-49 years","Charlton","354","3","14"
"50-59 years","Charlton","260","5","13"
"60-69 years","Charlton","235","12","34"
"70-79 years","Charlton","131","13","29"
"80 & Older years","Charlton","51","12","20"
"<1 years","Charlton","14","0","0"
"Unknown years","Charlton","1","0","0"
"01-04 years","Chatham","1827","0","15"
"05-09 years","Chatham","2847","1","7"
"10-17 years","Chatham","5514","0","36"
"18-29 years","Chatham","12475","8","206"
"30-39 years","Chatham","9497","26","301"
"40-49 years","Chatham","6991","46","364"
"50-59 years","Chatham","5902","95","514"
"60-69 years","Chatham","4389","170","677"
"70-79 years","Chatham","2258","216","620"
"80 & Older years","Chatham","1194","238","511"
"<1 years","Chatham","660","0","18"
"Unknown years","Chatham","21","0","2"
"01-04 years","Chattahoochee","32","0","0"
"05-09 years","Chattahoochee","68","0","0"
"10-17 years","Chattahoochee","237","0","2"
"18-29 years","Chattahoochee","5315","7","11"
"30-39 years","Chattahoochee","605","2","7"
"40-49 years","Chattahoochee","138","1","2"
"50-59 years","Chattahoochee","87","2","11"
"60-69 years","Chattahoochee","50","1","10"
"70-79 years","Chattahoochee","23","1","7"
"80 & Older years","Chattahoochee","10","3","6"
"<1 years","Chattahoochee","13","0","0"
"01-04 years","Chattooga","99","0","0"
"05-09 years","Chattooga","179","0","1"
"10-17 years","Chattooga","553","0","5"
"18-29 years","Chattooga","930","0","10"
"30-39 years","Chattooga","770","2","16"
"40-49 years","Chattooga","781","7","38"
"50-59 years","Chattooga","773","15","49"
"60-69 years","Chattooga","569","26","66"
"70-79 years","Chattooga","348","23","79"
"80 & Older years","Chattooga","198","42","48"
"<1 years","Chattooga","46","0","5"
"Unknown years","Chattooga","11","0","1"
"01-04 years","Cherokee","885","0","12"
"05-09 years","Cherokee","1714","0","13"
"10-17 years","Cherokee","4841","0","25"
"18-29 years","Cherokee","8512","3","140"
"30-39 years","Cherokee","6894","9","201"
"40-49 years","Cherokee","7152","16","271"
"50-59 years","Cherokee","6804","53","408"
"60-69 years","Cherokee","4249","107","458"
"70-79 years","Cherokee","2587","158","450"
"80 & Older years","Cherokee","1352","230","371"
"<1 years","Cherokee","291","0","11"
"Unknown years","Cherokee","11","0","0"
"01-04 years","Clarke","608","1","9"
"05-09 years","Clarke","866","0","9"
"10-17 years","Clarke","1763","0","21"
"18-29 years","Clarke","11105","0","139"
"30-39 years","Clarke","3687","3","123"
"40-49 years","Clarke","2795","7","137"
"50-59 years","Clarke","2264","19","172"
"60-69 years","Clarke","1522","42","192"
"70-79 years","Clarke","905","67","211"
"80 & Older years","Clarke","451","77","151"
"<1 years","Clarke","206","0","7"
"Unknown years","Clarke","20","0","1"
"01-04 years","Clay","13","0","0"
"05-09 years","Clay","16","0","0"
"10-17 years","Clay","44","0","0"
"18-29 years","Clay","63","0","0"
"30-39 years","Clay","59","0","2"
"40-49 years","Clay","52","0","2"
"50-59 years","Clay","38","1","3"
"60-69 years","Clay","33","2","2"
"70-79 years","Clay","24","0","1"
"80 & Older years","Clay","16","3","4"
"<1 years","Clay","4","0","0"
"Unknown years","Clay","1","0","0"
"01-04 years","Clayton","1553","1","22"
"05-09 years","Clayton","2796","1","19"
"10-17 years","Clayton","5857","2","79"
"18-29 years","Clayton","12008","13","309"
"30-39 years","Clayton","10970","42","415"
"40-49 years","Clayton","9103","57","436"
"50-59 years","Clayton","7811","138","621"
"60-69 years","Clayton","4711","227","577"
"70-79 years","Clayton","1864","217","391"
"80 & Older years","Clayton","825","193","238"
"<1 years","Clayton","469","0","23"
"Unknown years","Clayton","52","0","14"
"01-04 years","Clinch","33","0","0"
"05-09 years","Clinch","47","0","0"
"10-17 years","Clinch","129","0","0"
"18-29 years","Clinch","246","0","3"
"30-39 years","Clinch","208","1","5"
"40-49 years","Clinch","188","0","4"
"50-59 years","Clinch","182","3","21"
"60-69 years","Clinch","199","15","27"
"70-79 years","Clinch","96","12","26"
"80 & Older years","Clinch","48","9","12"
"<1 years","Clinch","14","0","0"
"01-04 years","Cobb","3306","1","42"
"05-09 years","Cobb","5887","0","33"
"10-17 years","Cobb","13341","0","82"
"18-29 years","Cobb","30698","13","348"
"30-39 years","Cobb","23775","39","408"
"40-49 years","Cobb","21743","70","598"
"50-59 years","Cobb","18289","155","837"
"60-69 years","Cobb","11135","283","854"
"70-79 years","Cobb","5726","459","807"
"80 & Older years","Cobb","3104","610","740"
"<1 years","Cobb","856","0","32"
"Unknown years","Cobb","173","0","0"
"01-04 years","Coffee","196","0","4"
"05-09 years","Coffee","344","0","6"
"10-17 years","Coffee","792","0","8"
"18-29 years","Coffee","1747","1","45"
"30-39 years","Coffee","1387","7","84"
"40-49 years","Coffee","1299","16","160"
"50-59 years","Coffee","1177","25","230"
"60-69 years","Coffee","880","61","234"
"70-79 years","Coffee","487","68","209"
"80 & Older years","Coffee","234","53","124"
"<1 years","Coffee","68","0","7"
"01-04 years","Colquitt","138","0","1"
"05-09 years","Colquitt","332","0","2"
"10-17 years","Colquitt","983","0","12"
"18-29 years","Colquitt","1567","1","37"
"30-39 years","Colquitt","1199","3","37"
"40-49 years","Colquitt","1122","10","51"
"50-59 years","Colquitt","1058","29","57"
"60-69 years","Colquitt","770","40","77"
"70-79 years","Colquitt","490","37","75"
"80 & Older years","Colquitt","253","51","51"
"<1 years","Colquitt","52","0","2"
"Unknown years","Colquitt","2","0","0"
"01-04 years","Columbia","414","1","6"
"05-09 years","Columbia","839","1","8"
"10-17 years","Columbia","2244","0","14"
"18-29 years","Columbia","4038","2","49"
"30-39 years","Columbia","3936","8","62"
"40-49 years","Columbia","3310","17","85"
"50-59 years","Columbia","2618","40","132"
"60-69 years","Columbia","1731","54","153"
"70-79 years","Columbia","887","80","177"
"80 & Older years","Columbia","501","107","167"
"<1 years","Columbia","138","0","10"
"Unknown years","Columbia","39","0","0"
"01-04 years","Cook","50","0","3"
"05-09 years","Cook","83","0","0"
"10-17 years","Cook","205","0","2"
"18-29 years","Cook","389","0","10"
"30-39 years","Cook","320","0","5"
"40-49 years","Cook","305","3","20"
"50-59 years","Cook","265","7","24"
"60-69 years","Cook","204","13","26"
"70-79 years","Cook","131","15","32"
"80 & Older years","Cook","85","19","18"
"<1 years","Cook","28","0","3"
"01-04 years","Coweta","479","0","4"
"05-09 years","Coweta","797","0","4"
"10-17 years","Coweta","2109","0","23"
"18-29 years","Coweta","3892","5","98"
"30-39 years","Coweta","3206","15","148"
"40-49 years","Coweta","3212","31","183"
"50-59 years","Coweta","3374","59","266"
"60-69 years","Coweta","1963","74","239"
"70-79 years","Coweta","1163","118","261"
"80 & Older years","Coweta","547","121","161"
"<1 years","Coweta","139","0","10"
"Unknown years","Coweta","15","0","3"
"01-04 years","Crawford","12","0","0"
"05-09 years","Crawford","17","0","0"
"10-17 years","Crawford","71","0","2"
"18-29 years","Crawford","190","0","4"
"30-39 years","Crawford","185","1","11"
"40-49 years","Crawford","155","3","10"
"50-59 years","Crawford","218","10","25"
"60-69 years","Crawford","187","12","28"
"70-79 years","Crawford","108","14","25"
"80 & Older years","Crawford","41","5","17"
"<1 years","Crawford","2","0","0"
"01-04 years","Crisp","50","0","0"
"05-09 years","Crisp","95","0","0"
"10-17 years","Crisp","274","0","3"
"18-29 years","Crisp","449","2","16"
"30-39 years","Crisp","424","2","20"
"40-49 years","Crisp","364","4","24"
"50-59 years","Crisp","342","5","32"
"60-69 years","Crisp","296","22","52"
"70-79 years","Crisp","140","16","36"
"80 & Older years","Crisp","77","20","18"
"<1 years","Crisp","25","0","0"
"Unknown years","Crisp","9","0","0"
"01-04 years","Dade","50","0","0"
"05-09 years","Dade","114","0","0"
"10-17 years","Dade","268","0","1"
"18-29 years","Dade","518","0","3"
"30-39 years","Dade","366","0","3"
"40-49 years","Dade","392","1","10"
"50-59 years","Dade","341","7","25"
"60-69 years","Dade","272","2","14"
"70-79 years","Dade","171","12","27"
"80 & Older years","Dade","78","3","14"
"<1 years","Dade","15","0","0"
"Unknown years","Dade","17","0","2"
"01-04 years","Dawson","115","0","1"
"05-09 years","Dawson","176","0","1"
"10-17 years","Dawson","498","0","7"
"18-29 years","Dawson","1193","0","21"
"30-39 years","Dawson","1000","2","27"
"40-49 years","Dawson","838","5","44"
"50-59 years","Dawson","956","11","67"
"60-69 years","Dawson","696","20","102"
"70-79 years","Dawson","436","32","75"
"80 & Older years","Dawson","178","26","45"
"<1 years","Dawson","43","0","3"
"Unknown years","Dawson","22","0","1"
"01-04 years","DeKalb","3430","0","47"
"05-09 years","DeKalb","5271","0","40"
"10-17 years","DeKalb","10568","0","129"
"18-29 years","DeKalb","29382","18","802"
"30-39 years","DeKalb","26401","38","1028"
"40-49 years","DeKalb","19928","77","1107"
"50-59 years","DeKalb","16681","193","1447"
"60-69 years","DeKalb","10403","318","1536"
"70-79 years","DeKalb","5090","400","1180"
"80 & Older years","DeKalb","2724","490","829"
"<1 years","DeKalb","878","0","36"
"Unknown years","DeKalb","402","0","26"
"01-04 years","Decatur","220","0","2"
"05-09 years","Decatur","275","0","1"
"10-17 years","Decatur","596","0","1"
"18-29 years","Decatur","1014","1","21"
"30-39 years","Decatur","787","1","12"
"40-49 years","Decatur","727","3","35"
"50-59 years","Decatur","629","14","52"
"60-69 years","Decatur","494","21","62"
"70-79 years","Decatur","272","28","48"
"80 & Older years","Decatur","165","26","28"
"<1 years","Decatur","77","0","0"
"Unknown years","Decatur","52","0","0"
"01-04 years","Dodge","29","0","0"
"05-09 years","Dodge","64","0","0"
"10-17 years","Dodge","207","1","2"
"18-29 years","Dodge","456","0","9"
"30-39 years","Dodge","314","2","10"
"40-49 years","Dodge","318","3","14"
"50-59 years","Dodge","298","7","23"
"60-69 years","Dodge","216","21","34"
"70-79 years","Dodge","120","19","26"
"80 & Older years","Dodge","71","16","16"
"<1 years","Dodge","12","0","0"
"Unknown years","Dodge","1","0","0"
"01-04 years","Dooly","31","0","0"
"05-09 years","Dooly","56","0","0"
"10-17 years","Dooly","149","0","1"
"18-29 years","Dooly","264","1","5"
"30-39 years","Dooly","218","0","12"
"40-49 years","Dooly","250","2","14"
"50-59 years","Dooly","237","6","22"
"60-69 years","Dooly","191","11","27"
"70-79 years","Dooly","88","10","21"
"80 & Older years","Dooly","34","9","7"
"<1 years","Dooly","13","0","0"
"Unknown years","Dooly","1","0","0"
"01-04 years","Dougherty","350","0","5"
"05-09 years","Dougherty","806","0","1"
"10-17 years","Dougherty","1903","0","17"
"18-29 years","Dougherty","2626","4","170"
"30-39 years","Dougherty","2172","9","140"
"40-49 years","Dougherty","1863","32","186"
"50-59 years","Dougherty","1703","46","250"
"60-69 years","Dougherty","1328","113","355"
"70-79 years","Dougherty","693","98","245"
"80 & Older years","Dougherty","454","141","187"
"<1 years","Dougherty","122","0","10"
"Unknown years","Dougherty","108","0","1"
"01-04 years","Douglas","632","0","12"
"05-09 years","Douglas","1142","0","15"
"10-17 years","Douglas","2943","1","34"
"18-29 years","Douglas","5470","0","76"
"30-39 years","Douglas","4740","8","117"
"40-49 years","Douglas","4891","15","184"
"50-59 years","Douglas","4221","44","241"
"60-69 years","Douglas","2345","77","255"
"70-79 years","Douglas","1126","88","195"
"80 & Older years","Douglas","516","89","142"
"<1 years","Douglas","195","0","11"
"Unknown years","Douglas","16","0","1"
"01-04 years","Early","68","0","0"
"05-09 years","Early","90","0","0"
"10-17 years","Early","301","0","0"
"18-29 years","Early","340","1","12"
"30-39 years","Early","297","1","6"
"40-49 years","Early","298","2","15"
"50-59 years","Early","294","5","18"
"60-69 years","Early","206","12","21"
"70-79 years","Early","129","21","25"
"80 & Older years","Early","67","13","19"
"<1 years","Early","12","0","0"
"Unknown years","Early","2","0","0"
"01-04 years","Echols","15","0","0"
"05-09 years","Echols","10","0","0"
"10-17 years","Echols","37","0","2"
"18-29 years","Echols","148","0","2"
"30-39 years","Echols","72","1","4"
"40-49 years","Echols","59","0","1"
"50-59 years","Echols","54","1","2"
"60-69 years","Echols","35","0","1"
"70-79 years","Echols","25","2","3"
"80 & Older years","Echols","6","2","2"
"<1 years","Echols","5","0","0"
"01-04 years","Effingham","284","0","1"
"05-09 years","Effingham","543","0","3"
"10-17 years","Effingham","1217","0","2"
"18-29 years","Effingham","1794","1","16"
"30-39 years","Effingham","1869","4","47"
"40-49 years","Effingham","1565","10","76"
"50-59 years","Effingham","1357","33","121"
"60-69 years","Effingham","919","29","137"
"70-79 years","Effingham","443","45","126"
"80 & Older years","Effingham","196","45","63"
"<1 years","Effingham","102","0","6"
"Unknown years","Effingham","5","0","0"
"01-04 years","Elbert","52","0","2"
"05-09 years","Elbert","78","0","0"
"10-17 years","Elbert","188","0","3"
"18-29 years","Elbert","474","1","10"
"30-39 years","Elbert","361","0","14"
"40-49 years","Elbert","355","1","20"
"50-59 years","Elbert","367","4","37"
"60-69 years","Elbert","326","10","48"
"70-79 years","Elbert","229","25","59"
"80 & Older years","Elbert","173","40","60"
"<1 years","Elbert","30","0","4"
"Unknown years","Elbert","11","0","0"
"01-04 years","Emanuel","77","0","2"
"05-09 years","Emanuel","127","0","1"
"10-17 years","Emanuel","375","0","3"
"18-29 years","Emanuel","646","1","7"
"30-39 years","Emanuel","542","1","20"
"40-49 years","Emanuel","517","4","19"
"50-59 years","Emanuel","449","10","43"
"60-69 years","Emanuel","349","17","40"
"70-79 years","Emanuel","209","25","40"
"80 & Older years","Emanuel","88","22","25"
"<1 years","Emanuel","20","0","1"
"Unknown years","Emanuel","27","0","1"
"01-04 years","Evans","29","0","0"
"05-09 years","Evans","71","0","0"
"10-17 years","Evans","151","0","3"
"18-29 years","Evans","298","1","4"
"30-39 years","Evans","267","0","5"
"40-49 years","Evans","222","5","23"
"50-59 years","Evans","206","6","22"
"60-69 years","Evans","139","9","26"
"70-79 years","Evans","89","18","26"
"80 & Older years","Evans","33","4","17"
"<1 years","Evans","10","0","0"
"01-04 years","Fannin","53","0","1"
"05-09 years","Fannin","97","0","0"
"10-17 years","Fannin","328","0","2"
"18-29 years","Fannin","593","0","8"
"30-39 years","Fannin","455","2","14"
"40-49 years","Fannin","525","5","20"
"50-59 years","Fannin","679","7","47"
"60-69 years","Fannin","688","27","76"
"70-79 years","Fannin","473","33","93"
"80 & Older years","Fannin","246","56","74"
"<1 years","Fannin","12","0","1"
"Unknown years","Fannin","2","0","0"
"01-04 years","Fayette","352","0","8"
"05-09 years","Fayette","679","0","4"
"10-17 years","Fayette","1807","0","13"
"18-29 years","Fayette","2926","4","42"
"30-39 years","Fayette","2208","6","61"
"40-49 years","Fayette","2748","8","104"
"50-59 years","Fayette","2708","23","171"
"60-69 years","Fayette","1922","42","180"
"70-79 years","Fayette","977","92","213"
"80 & Older years","Fayette","560","102","156"
"<1 years","Fayette","95","0","4"
"Unknown years","Fayette","23","0","3"
"01-04 years","Floyd","486","0","9"
"05-09 years","Floyd","870","0","3"
"10-17 years","Floyd","2495","1","16"
"18-29 years","Floyd","4612","4","69"
"30-39 years","Floyd","3515","10","90"
"40-49 years","Floyd","3227","18","165"
"50-59 years","Floyd","3157","52","264"
"60-69 years","Floyd","2250","83","338"
"70-79 years","Floyd","1317","118","330"
"80 & Older years","Floyd","727","130","244"
"<1 years","Floyd","201","1","11"
"Unknown years","Floyd","111","0","2"
"01-04 years","Forsyth","1155","0","10"
"05-09 years","Forsyth","2544","0","5"
"10-17 years","Forsyth","5955","0","17"
"18-29 years","Forsyth","7004","0","70"
"30-39 years","Forsyth","6407","6","105"
"40-49 years","Forsyth","7925","14","198"
"50-59 years","Forsyth","6433","31","265"
"60-69 years","Forsyth","3341","56","271"
"70-79 years","Forsyth","1890","113","317"
"80 & Older years","Forsyth","1098","155","269"
"<1 years","Forsyth","236","0","7"
"Unknown years","Forsyth","214","0","1"
"01-04 years","Franklin","73","0","1"
"05-09 years","Franklin","139","0","0"
"10-17 years","Franklin","414","0","6"
"18-29 years","Franklin","828","1","16"
"30-39 years","Franklin","611","0","14"
"40-49 years","Franklin","626","3","26"
"50-59 years","Franklin","627","6","44"
"60-69 years","Franklin","525","11","53"
"70-79 years","Franklin","319","28","57"
"80 & Older years","Franklin","148","28","39"
"<1 years","Franklin","43","0","4"
"Unknown years","Franklin","27","0","0"
"01-04 years","Fulton","4484","0","67"
"05-09 years","Fulton","7187","0","44"
"10-17 years","Fulton","16199","1","141"
"18-29 years","Fulton","45258","7","928"
"30-39 years","Fulton","36771","58","1187"
"40-49 years","Fulton","28002","77","1252"
"50-59 years","Fulton","23045","219","1804"
"60-69 years","Fulton","13569","407","1721"
"70-79 years","Fulton","6778","544","1389"
"80 & Older years","Fulton","4123","752","1240"
"<1 years","Fulton","1138","0","52"
"Unknown years","Fulton","258","0","100"
"01-04 years","Gilmer","79","0","4"
"05-09 years","Gilmer","92","0","0"
"10-17 years","Gilmer","372","0","5"
"18-29 years","Gilmer","654","0","26"
"30-39 years","Gilmer","603","2","30"
"40-49 years","Gilmer","632","2","30"
"50-59 years","Gilmer","746","20","62"
"60-69 years","Gilmer","704","23","101"
"70-79 years","Gilmer","481","50","122"
"80 & Older years","Gilmer","243","49","70"
"<1 years","Gilmer","36","0","3"
"Unknown years","Gilmer","2","0","0"
"01-04 years","Glascock","2","0","0"
"05-09 years","Glascock","8","0","0"
"10-17 years","Glascock","15","0","0"
"18-29 years","Glascock","48","0","1"
"30-39 years","Glascock","38","0","2"
"40-49 years","Glascock","39","0","1"
"50-59 years","Glascock","48","2","5"
"60-69 years","Glascock","26","0","5"
"70-79 years","Glascock","32","4","9"
"80 & Older years","Glascock","9","2","5"
"<1 years","Glascock","2","0","0"
"Unknown years","Glascock","1","0","0"
"01-04 years","Glynn","448","0","2"
"05-09 years","Glynn","886","0","1"
"10-17 years","Glynn","2040","0","3"
"18-29 years","Glynn","3470","4","40"
"30-39 years","Glynn","2893","9","46"
"40-49 years","Glynn","2480","18","71"
"50-59 years","Glynn","2230","46","120"
"60-69 years","Glynn","1882","84","189"
"70-79 years","Glynn","1130","91","148"
"80 & Older years","Glynn","548","108","135"
"<1 years","Glynn","127","0","6"
"Unknown years","Glynn","20","0","0"
"01-04 years","Gordon","242","0","2"
"05-09 years","Gordon","360","1","2"
"10-17 years","Gordon","1228","0","7"
"18-29 years","Gordon","2421","3","22"
"30-39 years","Gordon","1900","4","34"
"40-49 years","Gordon","1865","11","52"
"50-59 years","Gordon","1717","30","85"
"60-69 years","Gordon","1117","67","97"
"70-79 years","Gordon","614","62","117"
"80 & Older years","Gordon","316","53","74"
"<1 years","Gordon","94","0","3"
"Unknown years","Gordon","42","0","0"
"01-04 years","Grady","136","0","1"
"05-09 years","Grady","238","0","0"
"10-17 years","Grady","488","0","5"
"18-29 years","Grady","586","0","17"
"30-39 years","Grady","521","1","18"
"40-49 years","Grady","487","3","36"
"50-59 years","Grady","472","14","48"
"60-69 years","Grady","330","12","40"
"70-79 years","Grady","261","31","69"
"80 & Older years","Grady","92","22","34"
"<1 years","Grady","70","0","3"
"Unknown years","Grady","9","0","0"
"01-04 years","Greene","48","0","1"
"05-09 years","Greene","101","0","1"
"10-17 years","Greene","273","0","3"
"18-29 years","Greene","504","0","14"
"30-39 years","Greene","418","0","17"
"40-49 years","Greene","361","4","24"
"50-59 years","Greene","468","7","36"
"60-69 years","Greene","452","12","45"
"70-79 years","Greene","357","17","64"
"80 & Older years","Greene","163","33","63"
"<1 years","Greene","17","0","4"
"Unknown years","Greene","5","0","0"
"01-04 years","Gwinnett","4039","0","34"
"05-09 years","Gwinnett","6904","0","35"
"10-17 years","Gwinnett","17353","3","103"
"18-29 years","Gwinnett","37535","19","727"
"30-39 years","Gwinnett","30194","38","788"
"40-49 years","Gwinnett","30215","111","1082"
"50-59 years","Gwinnett","24562","207","1320"
"60-69 years","Gwinnett","13748","346","1308"
"70-79 years","Gwinnett","6051","430","1109"
"80 & Older years","Gwinnett","3068","586","960"
"<1 years","Gwinnett","1357","0","35"
"Unknown years","Gwinnett","242","0","9"
"01-04 years","Habersham","111","0","4"
"05-09 years","Habersham","196","0","0"
"10-17 years","Habersham","617","1","10"
"18-29 years","Habersham","1561","1","25"
"30-39 years","Habersham","1209","6","43"
"40-49 years","Habersham","1180","7","66"
"50-59 years","Habersham","1274","14","98"
"60-69 years","Habersham","1013","42","167"
"70-79 years","Habersham","683","75","165"
"80 & Older years","Habersham","426","94","126"
"<1 years","Habersham","54","0","11"
"Unknown years","Habersham","78","0","1"
"01-04 years","Hall","608","0","13"
"05-09 years","Hall","1189","0","12"
"10-17 years","Hall","4035","0","44"
"18-29 years","Hall","10013","10","250"
"30-39 years","Hall","7092","11","301"
"40-49 years","Hall","6969","38","423"
"50-59 years","Hall","7072","73","606"
"60-69 years","Hall","4744","138","617"
"70-79 years","Hall","2953","212","694"
"80 & Older years","Hall","1637","304","541"
"<1 years","Hall","232","1","25"
"Unknown years","Hall","288","0","10"
"01-04 years","Hancock","18","0","0"
"05-09 years","Hancock","33","0","0"
"10-17 years","Hancock","86","0","1"
"18-29 years","Hancock","225","0","3"
"30-39 years","Hancock","219","2","7"
"40-49 years","Hancock","167","2","8"
"50-59 years","Hancock","217","7","20"
"60-69 years","Hancock","210","21","39"
"70-79 years","Hancock","110","24","29"
"80 & Older years","Hancock","75","26","25"
"<1 years","Hancock","8","0","0"
"01-04 years","Haralson","61","0","0"
"05-09 years","Haralson","117","0","0"
"10-17 years","Haralson","354","0","3"
"18-29 years","Haralson","690","0","6"
"30-39 years","Haralson","494","0","8"
"40-49 years","Haralson","519","2","10"
"50-59 years","Haralson","560","7","19"
"60-69 years","Haralson","331","19","27"
"70-79 years","Haralson","205","20","23"
"80 & Older years","Haralson","94","16","12"
"<1 years","Haralson","22","0","1"
"Unknown years","Haralson","6","0","0"
"01-04 years","Harris","98","0","0"
"05-09 years","Harris","182","0","0"
"10-17 years","Harris","511","0","5"
"18-29 years","Harris","800","0","15"
"30-39 years","Harris","718","0","18"
"40-49 years","Harris","806","5","38"
"50-59 years","Harris","872","12","58"
"60-69 years","Harris","643","22","92"
"70-79 years","Harris","383","43","80"
"80 & Older years","Harris","115","18","29"
"<1 years","Harris","17","0","0"
"Unknown years","Harris","5","0","0"
"01-04 years","Hart","57","0","0"
"05-09 years","Hart","86","0","2"
"10-17 years","Hart","283","0","0"
"18-29 years","Hart","568","0","4"
"30-39 years","Hart","475","0","14"
"40-49 years","Hart","424","3","21"
"50-59 years","Hart","517","4","36"
"60-69 years","Hart","361","15","40"
"70-79 years","Hart","249","15","45"
"80 & Older years","Hart","146","22","40"
"<1 years","Hart","25","0","0"
"Unknown years","Hart","14","0","0"
"01-04 years","Heard","27","0","1"
"05-09 years","Heard","65","0","0"
"10-17 years","Heard","163","0","3"
"18-29 years","Heard","268","2","6"
"30-39 years","Heard","180","0","3"
"40-49 years","Heard","244","2","19"
"50-59 years","Heard","226","3","16"
"60-69 years","Heard","167","8","19"
"70-79 years","Heard","86","10","23"
"80 & Older years","Heard","35","8","6"
"<1 years","Heard","11","0","1"
"01-04 years","Henry","997","0","18"
"05-09 years","Henry","1776","0","10"
"10-17 years","Henry","4723","0","54"
"18-29 years","Henry","8852","3","182"
"30-39 years","Henry","7534","14","214"
"40-49 years","Henry","7921","43","296"
"50-59 years","Henry","7060","72","381"
"60-69 years","Henry","3833","152","385"
"70-79 years","Henry","1781","166","287"
"80 & Older years","Henry","841","174","200"
"<1 years","Henry","303","0","13"
"Unknown years","Henry","39","0","3"
"01-04 years","Houston","469","0","7"
"05-09 years","Houston","921","0","2"
"10-17 years","Houston","2456","0","10"
"18-29 years","Houston","4777","7","74"
"30-39 years","Houston","4382","7","106"
"40-49 years","Houston","3672","19","155"
"50-59 years","Houston","2949","37","201"
"60-69 years","Houston","1922","77","258"
"70-79 years","Houston","952","94","230"
"80 & Older years","Houston","504","87","141"
"<1 years","Houston","106","1","8"
"Unknown years","Houston","5","0","0"
"01-04 years","Irwin","11","0","0"
"05-09 years","Irwin","22","0","0"
"10-17 years","Irwin","79","0","1"
"18-29 years","Irwin","206","0","6"
"30-39 years","Irwin","171","0","9"
"40-49 years","Irwin","184","1","11"
"50-59 years","Irwin","143","3","13"
"60-69 years","Irwin","115","3","24"
"70-79 years","Irwin","62","8","10"
"80 & Older years","Irwin","45","9","28"
"<1 years","Irwin","2","0","0"
"Unknown years","Irwin","2","0","0"
"01-04 years","Jackson","304","0","3"
"05-09 years","Jackson","625","0","2"
"10-17 years","Jackson","2027","1","14"
"18-29 years","Jackson","3041","3","57"
"30-39 years","Jackson","3064","8","79"
"40-49 years","Jackson","3009","14","129"
"50-59 years","Jackson","2752","30","168"
"60-69 years","Jackson","1819","50","185"
"70-79 years","Jackson","1211","79","220"
"80 & Older years","Jackson","565","87","157"
"<1 years","Jackson","89","0","4"
"Unknown years","Jackson","32","0","1"
"01-04 years","Jasper","35","0","1"
"05-09 years","Jasper","58","0","1"
"10-17 years","Jasper","130","0","3"
"18-29 years","Jasper","318","0","13"
"30-39 years","Jasper","249","2","11"
"40-49 years","Jasper","239","1","15"
"50-59 years","Jasper","282","7","30"
"60-69 years","Jasper","198","14","41"
"70-79 years","Jasper","106","7","24"
"80 & Older years","Jasper","43","8","14"
"<1 years","Jasper","20","0","4"
"01-04 years","Jeff Davis","54","0","0"
"05-09 years","Jeff Davis","111","0","0"
"10-17 years","Jeff Davis","246","0","2"
"18-29 years","Jeff Davis","473","0","7"
"30-39 years","Jeff Davis","375","0","12"
"40-49 years","Jeff Davis","337","1","20"
"50-59 years","Jeff Davis","328","11","27"
"60-69 years","Jeff Davis","188","9","25"
"70-79 years","Jeff Davis","145","17","25"
"80 & Older years","Jeff Davis","39","9","11"
"<1 years","Jeff Davis","17","0","4"
"01-04 years","Jefferson","35","0","1"
"05-09 years","Jefferson","63","0","0"
"10-17 years","Jefferson","162","0","2"
"18-29 years","Jefferson","356","0","3"
"30-39 years","Jefferson","319","1","12"
"40-49 years","Jefferson","312","5","22"
"50-59 years","Jefferson","373","9","31"
"60-69 years","Jefferson","315","15","47"
"70-79 years","Jefferson","198","25","54"
"80 & Older years","Jefferson","89","24","38"
"<1 years","Jefferson","7","0","2"
"Unknown years","Jefferson","10","0","0"
"01-04 years","Jenkins","30","0","1"
"05-09 years","Jenkins","39","0","0"
"10-17 years","Jenkins","97","0","1"
"18-29 years","Jenkins","181","0","2"
"30-39 years","Jenkins","128","2","6"
"40-49 years","Jenkins","165","4","14"
"50-59 years","Jenkins","179","7","29"
"60-69 years","Jenkins","120","7","16"
"70-79 years","Jenkins","76","15","22"
"80 & Older years","Jenkins","54","10","12"
"<1 years","Jenkins","6","0","1"
"Unknown years","Jenkins","1","0","0"
"01-04 years","Johnson","25","0","1"
"05-09 years","Johnson","38","0","0"
"10-17 years","Johnson","100","0","1"
"18-29 years","Johnson","250","0","6"
"30-39 years","Johnson","213","1","6"
"40-49 years","Johnson","213","3","8"
"50-59 years","Johnson","203","9","18"
"60-69 years","Johnson","197","9","25"
"70-79 years","Johnson","126","12","34"
"80 & Older years","Johnson","89","23","27"
"<1 years","Johnson","19","0","3"
"Unknown years","Johnson","1","0","0"
"01-04 years","Jones","47","0","1"
"05-09 years","Jones","91","0","0"
"10-17 years","Jones","268","0","2"
"18-29 years","Jones","745","2","20"
"30-39 years","Jones","604","3","17"
"40-49 years","Jones","578","5","32"
"50-59 years","Jones","603","10","63"
"60-69 years","Jones","404","19","73"
"70-79 years","Jones","256","34","75"
"80 & Older years","Jones","126","25","38"
"<1 years","Jones","14","0","0"
"01-04 years","Lamar","106","0","0"
"05-09 years","Lamar","176","0","0"
"10-17 years","Lamar","389","0","5"
"18-29 years","Lamar","568","0","13"
"30-39 years","Lamar","470","2","17"
"40-49 years","Lamar","422","6","23"
"50-59 years","Lamar","401","12","46"
"60-69 years","Lamar","357","25","47"
"70-79 years","Lamar","235","26","49"
"80 & Older years","Lamar","95","26","31"
"<1 years","Lamar","64","0","1"
"Unknown years","Lamar","1","0","1"
"01-04 years","Lanier","17","0","0"
"05-09 years","Lanier","33","0","1"
"10-17 years","Lanier","115","0","1"
"18-29 years","Lanier","231","2","4"
"30-39 years","Lanier","228","0","3"
"40-49 years","Lanier","154","1","4"
"50-59 years","Lanier","128","3","10"
"60-69 years","Lanier","77","4","7"
"70-79 years","Lanier","66","6","8"
"80 & Older years","Lanier","31","1","6"
"<1 years","Lanier","14","0","0"
"Unknown years","Lanier","1","0","0"
"01-04 years","Laurens","202","0","2"
"05-09 years","Laurens","363","0","2"
"10-17 years","Laurens","927","0","7"
"18-29 years","Laurens","1689","0","15"
"30-39 years","Laurens","1351","5","23"
"40-49 years","Laurens","1228","12","40"
"50-59 years","Laurens","1081","32","82"
"60-69 years","Laurens","849","56","115"
"70-79 years","Laurens","521","68","106"
"80 & Older years","Laurens","301","69","75"
"<1 years","Laurens","72","0","7"
"Unknown years","Laurens","8","0","0"
"01-04 years","Lee","86","0","0"
"05-09 years","Lee","134","0","3"
"10-17 years","Lee","378","0","7"
"18-29 years","Lee","654","1","26"
"30-39 years","Lee","727","1","35"
"40-49 years","Lee","661","9","51"
"50-59 years","Lee","550","18","82"
"60-69 years","Lee","353","25","71"
"70-79 years","Lee","155","20","48"
"80 & Older years","Lee","90","18","32"
"<1 years","Lee","29","0","0"
"Unknown years","Lee","28","0","0"
"01-04 years","Liberty","508","0","2"
"05-09 years","Liberty","683","0","3"
"10-17 years","Liberty","1238","0","4"
"18-29 years","Liberty","3392","2","30"
"30-39 years","Liberty","1958","4","40"
"40-49 years","Liberty","1155","4","32"
"50-59 years","Liberty","940","23","77"
"60-69 years","Liberty","589","26","83"
"70-79 years","Liberty","243","25","76"
"80 & Older years","Liberty","91","20","33"
"<1 years","Liberty","140","0","4"
"Unknown years","Liberty","10","0","0"
"01-04 years","Lincoln","20","0","0"
"05-09 years","Lincoln","22","0","1"
"10-17 years","Lincoln","68","0","0"
"18-29 years","Lincoln","145","0","5"
"30-39 years","Lincoln","128","0","6"
"40-49 years","Lincoln","130","1","10"
"50-59 years","Lincoln","119","3","6"
"60-69 years","Lincoln","114","8","24"
"70-79 years","Lincoln","77","10","21"
"80 & Older years","Lincoln","27","7","10"
"<1 years","Lincoln","6","0","1"
"Unknown years","Lincoln","6","0","0"
"01-04 years","Long","93","0","1"
"05-09 years","Long","146","0","0"
"10-17 years","Long","306","1","0"
"18-29 years","Long","460","0","2"
"30-39 years","Long","443","2","10"
"40-49 years","Long","298","4","14"
"50-59 years","Long","201","4","18"
"60-69 years","Long","147","5","19"
"70-79 years","Long","70","8","19"
"80 & Older years","Long","27","2","11"
"<1 years","Long","40","0","0"
"Unknown years","Long","1","0","0"
"01-04 years","Lowndes","416","0","0"
"05-09 years","Lowndes","533","0","1"
"10-17 years","Lowndes","1296","0","11"
"18-29 years","Lowndes","4323","6","46"
"30-39 years","Lowndes","2661","8","47"
"40-49 years","Lowndes","1967","15","77"
"50-59 years","Lowndes","1632","29","106"
"60-69 years","Lowndes","1157","57","138"
"70-79 years","Lowndes","695","78","139"
"80 & Older years","Lowndes","383","85","95"
"<1 years","Lowndes","185","0","2"
"Unknown years","Lowndes","8","0","0"
"01-04 years","Lumpkin","78","0","1"
"05-09 years","Lumpkin","162","0","2"
"10-17 years","Lumpkin","478","0","4"
"18-29 years","Lumpkin","1588","0","24"
"30-39 years","Lumpkin","872","1","24"
"40-49 years","Lumpkin","829","1","39"
"50-59 years","Lumpkin","930","14","83"
"60-69 years","Lumpkin","805","23","94"
"70-79 years","Lumpkin","512","23","104"
"80 & Older years","Lumpkin","249","49","100"
"<1 years","Lumpkin","49","0","3"
"Unknown years","Lumpkin","28","0","2"
"01-04 years","Macon","26","0","0"
"05-09 years","Macon","27","0","0"
"10-17 years","Macon","64","0","0"
"18-29 years","Macon","232","0","6"
"30-39 years","Macon","191","1","4"
"40-49 years","Macon","199","4","9"
"50-59 years","Macon","206","6","26"
"60-69 years","Macon","135","11","35"
"70-79 years","Macon","84","9","24"
"80 & Older years","Macon","29","10","11"
"<1 years","Macon","7","0","0"
"Unknown years","Macon","1","0","1"
"01-04 years","Madison","148","0","5"
"05-09 years","Madison","213","0","0"
"10-17 years","Madison","587","0","3"
"18-29 years","Madison","1131","0","38"
"30-39 years","Madison","916","1","33"
"40-49 years","Madison","865","2","42"
"50-59 years","Madison","882","18","60"
"60-69 years","Madison","621","18","86"
"70-79 years","Madison","384","30","92"
"80 & Older years","Madison","145","25","43"
"<1 years","Madison","68","0","7"
"Unknown years","Madison","8","0","0"
"01-04 years","Marion","18","0","0"
"05-09 years","Marion","35","0","1"
"10-17 years","Marion","111","0","0"
"18-29 years","Marion","161","0","7"
"30-39 years","Marion","137","0","7"
"40-49 years","Marion","143","3","9"
"50-59 years","Marion","129","7","16"
"60-69 years","Marion","112","12","18"
"70-79 years","Marion","61","8","19"
"80 & Older years","Marion","47","12","17"
"<1 years","Marion","7","0","0"
"Unknown years","Marion","2","0","0"
"01-04 years","McDuffie","58","0","2"
"05-09 years","McDuffie","86","0","0"
"10-17 years","McDuffie","246","0","2"
"18-29 years","McDuffie","639","0","14"
"30-39 years","McDuffie","492","2","11"
"40-49 years","McDuffie","447","2","24"
"50-59 years","McDuffie","411","13","50"
"60-69 years","McDuffie","304","19","59"
"70-79 years","McDuffie","188","21","62"
"80 & Older years","McDuffie","82","18","34"
"<1 years","McDuffie","12","0","2"
"Unknown years","McDuffie","17","0","0"
"01-04 years","McIntosh","40","0","0"
"05-09 years","McIntosh","73","0","1"
"10-17 years","McIntosh","233","0","0"
"18-29 years","McIntosh","325","0","5"
"30-39 years","McIntosh","268","0","4"
"40-49 years","McIntosh","272","0","6"
"50-59 years","McIntosh","314","5","14"
"60-69 years","McIntosh","239","7","33"
"70-79 years","McIntosh","147","9","27"
"80 & Older years","McIntosh","55","12","15"
"<1 years","McIntosh","5","0","0"
"Unknown years","McIntosh","1","0","0"
"01-04 years","Meriwether","85","0","3"
"05-09 years","Meriwether","102","0","1"
"10-17 years","Meriwether","238","1","3"
"18-29 years","Meriwether","564","0","17"
"30-39 years","Meriwether","406","3","26"
"40-49 years","Meriwether","474","5","36"
"50-59 years","Meriwether","472","13","51"
"60-69 years","Meriwether","428","22","58"
"70-79 years","Meriwether","297","37","65"
"80 & Older years","Meriwether","152","39","36"
"<1 years","Meriwether","32","0","5"
"Unknown years","Meriwether","3","0","1"
"01-04 years","Miller","36","0","0"
"05-09 years","Miller","56","0","0"
"10-17 years","Miller","187","0","1"
"18-29 years","Miller","205","0","1"
"30-39 years","Miller","179","0","1"
"40-49 years","Miller","156","1","7"
"50-59 years","Miller","204","4","19"
"60-69 years","Miller","146","4","15"
"70-79 years","Miller","60","6","8"
"80 & Older years","Miller","48","5","9"
"<1 years","Miller","7","0","0"
"Unknown years","Miller","8","0","0"
"01-04 years","Mitchell","69","0","2"
"05-09 years","Mitchell","115","0","0"
"10-17 years","Mitchell","272","0","7"
"18-29 years","Mitchell","562","1","21"
"30-39 years","Mitchell","488","1","24"
"40-49 years","Mitchell","435","7","30"
"50-59 years","Mitchell","451","14","69"
"60-69 years","Mitchell","349","21","66"
"70-79 years","Mitchell","204","26","63"
"80 & Older years","Mitchell","132","33","43"
"<1 years","Mitchell","23","0","1"
"Unknown years","Mitchell","8","0","0"
"01-04 years","Monroe","41","1","4"
"05-09 years","Monroe","84","0","1"
"10-17 years","Monroe","252","0","1"
"18-29 years","Monroe","676","2","11"
"30-39 years","Monroe","597","0","12"
"40-49 years","Monroe","646","9","31"
"50-59 years","Monroe","639","9","39"
"60-69 years","Monroe","520","31","75"
"70-79 years","Monroe","277","34","63"
"80 & Older years","Monroe","153","48","44"
"<1 years","Monroe","18","0","1"
"01-04 years","Montgomery","21","0","0"
"05-09 years","Montgomery","25","0","0"
"10-17 years","Montgomery","125","0","1"
"18-29 years","Montgomery","310","1","3"
"30-39 years","Montgomery","235","2","6"
"40-49 years","Montgomery","221","1","5"
"50-59 years","Montgomery","203","6","16"
"60-69 years","Montgomery","179","9","17"
"70-79 years","Montgomery","102","19","20"
"80 & Older years","Montgomery","45","11","8"
"<1 years","Montgomery","8","0","0"
"Unknown years","Montgomery","2","0","0"
"01-04 years","Morgan","75","0","1"
"05-09 years","Morgan","99","0","1"
"10-17 years","Morgan","233","0","2"
"18-29 years","Morgan","506","0","14"
"30-39 years","Morgan","428","0","15"
"40-49 years","Morgan","401","1","13"
"50-59 years","Morgan","442","8","33"
"60-69 years","Morgan","297","9","33"
"70-79 years","Morgan","243","11","40"
"80 & Older years","Morgan","123","27","46"
"<1 years","Morgan","36","0","2"
"Unknown years","Morgan","31","0","0"
"01-04 years","Murray","213","0","2"
"05-09 years","Murray","307","0","3"
"10-17 years","Murray","1003","0","2"
"18-29 years","Murray","1896","0","18"
"30-39 years","Murray","1396","3","15"
"40-49 years","Murray","1447","10","45"
"50-59 years","Murray","1225","21","84"
"60-69 years","Murray","834","32","102"
"70-79 years","Murray","484","64","98"
"80 & Older years","Murray","202","41","46"
"<1 years","Murray","94","0","2"
"01-04 years","Muscogee","704","0","9"
"05-09 years","Muscogee","1308","0","0"
"10-17 years","Muscogee","3061","0","28"
"18-29 years","Muscogee","7169","14","180"
"30-39 years","Muscogee","5607","11","220"
"40-49 years","Muscogee","4427","26","269"
"50-59 years","Muscogee","4073","94","433"
"60-69 years","Muscogee","3042","163","536"
"70-79 years","Muscogee","1571","173","394"
"80 & Older years","Muscogee","877","227","304"
"<1 years","Muscogee","227","0","10"
"Unknown years","Muscogee","37","0","2"
"01-04 years","Newton","357","0","21"
"05-09 years","Newton","797","0","11"
"10-17 years","Newton","1714","0","74"
"18-29 years","Newton","3473","2","272"
"30-39 years","Newton","2965","9","241"
"40-49 years","Newton","3048","22","277"
"50-59 years","Newton","2717","57","335"
"60-69 years","Newton","1521","80","297"
"70-79 years","Newton","916","106","281"
"80 & Older years","Newton","489","126","184"
"<1 years","Newton","113","0","21"
"Unknown years","Newton","19","0","2"
"01-04 years","Non-GA Resident/Unknown State","1192","0","18"
"05-09 years","Non-GA Resident/Unknown State","1887","0","11"
"10-17 years","Non-GA Resident/Unknown State","4379","0","26"
"18-29 years","Non-GA Resident/Unknown State","13770","9","240"
"30-39 years","Non-GA Resident/Unknown State","10822","21","276"
"40-49 years","Non-GA Resident/Unknown State","9537","50","332"
"50-59 years","Non-GA Resident/Unknown State","8734","128","530"
"60-69 years","Non-GA Resident/Unknown State","5995","247","654"
"70-79 years","Non-GA Resident/Unknown State","3515","274","622"
"80 & Older years","Non-GA Resident/Unknown State","1834","239","421"
"<1 years","Non-GA Resident/Unknown State","526","0","18"
"Unknown years","Non-GA Resident/Unknown State","1184","0","130"
"01-04 years","Oconee","157","0","1"
"05-09 years","Oconee","308","0","0"
"10-17 years","Oconee","848","0","4"
"18-29 years","Oconee","1141","0","19"
"30-39 years","Oconee","905","1","15"
"40-49 years","Oconee","1212","3","36"
"50-59 years","Oconee","1028","7","34"
"60-69 years","Oconee","687","16","53"
"70-79 years","Oconee","379","22","47"
"80 & Older years","Oconee","228","46","60"
"<1 years","Oconee","34","0","0"
"Unknown years","Oconee","5","0","0"
"01-04 years","Oglethorpe","53","0","1"
"05-09 years","Oglethorpe","89","0","0"
"10-17 years","Oglethorpe","231","0","4"
"18-29 years","Oglethorpe","423","0","11"
"30-39 years","Oglethorpe","320","2","15"
"40-49 years","Oglethorpe","347","4","27"
"50-59 years","Oglethorpe","332","1","33"
"60-69 years","Oglethorpe","272","8","37"
"70-79 years","Oglethorpe","189","17","33"
"80 & Older years","Oglethorpe","100","20","32"
"<1 years","Oglethorpe","22","0","1"
"Unknown years","Oglethorpe","4","0","0"
"01-04 years","Paulding","645","0","8"
"05-09 years","Paulding","1156","0","1"
"10-17 years","Paulding","2811","0","16"
"18-29 years","Paulding","4832","1","47"
"30-39 years","Paulding","4489","8","59"
"40-49 years","Paulding","4325","16","84"
"50-59 years","Paulding","3815","40","141"
"60-69 years","Paulding","2077","69","140"
"70-79 years","Paulding","1053","79","138"
"80 & Older years","Paulding","580","100","105"
"<1 years","Paulding","222","0","3"
"Unknown years","Paulding","97","0","0"
"01-04 years","Peach","62","0","2"
"05-09 years","Peach","87","0","0"
"10-17 years","Peach","241","0","2"
"18-29 years","Peach","793","1","16"
"30-39 years","Peach","633","3","22"
"40-49 years","Peach","516","9","34"
"50-59 years","Peach","546","15","61"
"60-69 years","Peach","460","25","76"
"70-79 years","Peach","237","31","69"
"80 & Older years","Peach","104","25","42"
"<1 years","Peach","11","0","0"
"Unknown years","Peach","1","0","0"
"01-04 years","Pickens","60","0","5"
"05-09 years","Pickens","115","0","2"
"10-17 years","Pickens","329","0","1"
"18-29 years","Pickens","854","0","21"
"30-39 years","Pickens","698","5","30"
"40-49 years","Pickens","718","2","44"
"50-59 years","Pickens","883","11","65"
"60-69 years","Pickens","707","24","106"
"70-79 years","Pickens","512","42","119"
"80 & Older years","Pickens","224","44","69"
"<1 years","Pickens","17","0","3"
"01-04 years","Pierce","67","0","0"
"05-09 years","Pierce","98","0","1"
"10-17 years","Pierce","279","1","1"
"18-29 years","Pierce","507","0","9"
"30-39 years","Pierce","393","3","17"
"40-49 years","Pierce","445","6","37"
"50-59 years","Pierce","400","17","48"
"60-69 years","Pierce","312","25","75"
"70-79 years","Pierce","223","27","78"
"80 & Older years","Pierce","93","28","38"
"<1 years","Pierce","30","0","1"
"01-04 years","Pike","86","0","0"
"05-09 years","Pike","121","0","0"
"10-17 years","Pike","304","0","1"
"18-29 years","Pike","424","2","11"
"30-39 years","Pike","420","2","13"
"40-49 years","Pike","445","3","19"
"50-59 years","Pike","397","14","32"
"60-69 years","Pike","278","17","48"
"70-79 years","Pike","162","17","41"
"80 & Older years","Pike","75","15","19"
"<1 years","Pike","31","0","0"
"Unknown years","Pike","2","0","0"
"01-04 years","Polk","195","0","2"
"05-09 years","Polk","296","0","4"
"10-17 years","Polk","929","0","9"
"18-29 years","Polk","1930","0","32"
"30-39 years","Polk","1436","2","41"
"40-49 years","Polk","1352","8","67"
"50-59 years","Polk","1296","27","136"
"60-69 years","Polk","876","36","148"
"70-79 years","Polk","574","50","152"
"80 & Older years","Polk","251","40","77"
"<1 years","Polk","106","0","3"
"Unknown years","Polk","23","0","1"
"01-04 years","Pulaski","32","0","0"
"05-09 years","Pulaski","49","0","0"
"10-17 years","Pulaski","120","0","1"
"18-29 years","Pulaski","209","0","3"
"30-39 years","Pulaski","191","1","3"
"40-49 years","Pulaski","165","0","10"
"50-59 years","Pulaski","177","4","11"
"60-69 years","Pulaski","147","14","16"
"70-79 years","Pulaski","69","14","18"
"80 & Older years","Pulaski","47","13","7"
"<1 years","Pulaski","14","0","0"
"Unknown years","Pulaski","1","0","0"
"01-04 years","Putnam","61","0","0"
"05-09 years","Putnam","113","0","1"
"10-17 years","Putnam","303","0","2"
"18-29 years","Putnam","594","0","6"
"30-39 years","Putnam","539","2","20"
"40-49 years","Putnam","437","4","22"
"50-59 years","Putnam","575","5","42"
"60-69 years","Putnam","503","27","63"
"70-79 years","Putnam","359","34","86"
"80 & Older years","Putnam","149","27","48"
"<1 years","Putnam","22","0","1"
"01-04 years","Quitman","7","0","0"
"05-09 years","Quitman","13","0","0"
"10-17 years","Quitman","29","0","0"
"18-29 years","Quitman","37","0","2"
"30-39 years","Quitman","31","0","2"
"40-49 years","Quitman","15","0","1"
"50-59 years","Quitman","36","0","3"
"60-69 years","Quitman","45","1","7"
"70-79 years","Quitman","14","1","2"
"80 & Older years","Quitman","12","1","3"
"<1 years","Quitman","3","0","1"
"01-04 years","Rabun","48","0","0"
"05-09 years","Rabun","88","0","0"
"10-17 years","Rabun","258","0","2"
"18-29 years","Rabun","402","2","10"
"30-39 years","Rabun","330","2","14"
"40-49 years","Rabun","356","3","22"
"50-59 years","Rabun","425","7","47"
"60-69 years","Rabun","428","15","51"
"70-79 years","Rabun","323","26","67"
"80 & Older years","Rabun","128","24","41"
"<1 years","Rabun","17","0","1"
"Unknown years","Rabun","5","0","0"
"01-04 years","Randolph","18","0","1"
"05-09 years","Randolph","41","0","0"
"10-17 years","Randolph","92","0","3"
"18-29 years","Randolph","131","1","7"
"30-39 years","Randolph","118","2","8"
"40-49 years","Randolph","89","0","8"
"50-59 years","Randolph","135","7","26"
"60-69 years","Randolph","104","11","23"
"70-79 years","Randolph","69","7","19"
"80 & Older years","Randolph","56","15","17"
"<1 years","Randolph","3","0","0"
"Unknown years","Randolph","1","0","0"
"01-04 years","Richmond","761","0","11"
"05-09 years","Richmond","1388","1","10"
"10-17 years","Richmond","3207","0","41"
"18-29 years","Richmond","8686","15","132"
"30-39 years","Richmond","6627","15","181"
"40-49 years","Richmond","4905","36","219"
"50-59 years","Richmond","4469","72","393"
"60-69 years","Richmond","3378","162","481"
"70-79 years","Richmond","1755","190","477"
"80 & Older years","Richmond","963","222","371"
"<1 years","Richmond","244","0","14"
"Unknown years","Richmond","93","0","0"
"01-04 years","Rockdale","294","0","28"
"05-09 years","Rockdale","538","0","24"
"10-17 years","Rockdale","1405","0","64"
"18-29 years","Rockdale","2871","5","244"
"30-39 years","Rockdale","2420","5","266"
"40-49 years","Rockdale","2475","12","269"
"50-59 years","Rockdale","2371","31","354"
"60-69 years","Rockdale","1419","68","310"
"70-79 years","Rockdale","797","83","283"
"80 & Older years","Rockdale","418","88","210"
"<1 years","Rockdale","81","0","13"
"Unknown years","Rockdale","9","0","4"
"01-04 years","Schley","13","0","0"
"05-09 years","Schley","21","0","0"
"10-17 years","Schley","63","0","0"
"18-29 years","Schley","93","0","3"
"30-39 years","Schley","69","0","0"
"40-49 years","Schley","89","0","5"
"50-59 years","Schley","74","2","8"
"60-69 years","Schley","51","1","8"
"70-79 years","Schley","40","6","8"
"80 & Older years","Schley","11","2","3"
"<1 years","Schley","3","0","0"
"01-04 years","Screven","35","0","2"
"05-09 years","Screven","78","0","0"
"10-17 years","Screven","223","0","1"
"18-29 years","Screven","318","0","9"
"30-39 years","Screven","293","1","7"
"40-49 years","Screven","238","4","13"
"50-59 years","Screven","235","6","22"
"60-69 years","Screven","223","6","24"
"70-79 years","Screven","130","10","24"
"80 & Older years","Screven","57","9","16"
"<1 years","Screven","14","0","0"
"Unknown years","Screven","2","0","0"
"01-04 years","Seminole","35","0","0"
"05-09 years","Seminole","62","0","0"
"10-17 years","Seminole","188","0","1"
"18-29 years","Seminole","275","0","5"
"30-39 years","Seminole","226","0","4"
"40-49 years","Seminole","202","0","11"
"50-59 years","Seminole","221","4","10"
"60-69 years","Seminole","223","6","34"
"70-79 years","Seminole","136","7","23"
"80 & Older years","Seminole","60","7","22"
"<1 years","Seminole","18","0","1"
"Unknown years","Seminole","4","0","0"
"01-04 years","Spalding","257","0","2"
"05-09 years","Spalding","360","0","1"
"10-17 years","Spalding","829","0","6"
"18-29 years","Spalding","1967","4","55"
"30-39 years","Spalding","1710","7","62"
"40-49 years","Spalding","1557","17","93"
"50-59 years","Spalding","1486","42","139"
"60-69 years","Spalding","1116","88","173"
"70-79 years","Spalding","704","100","154"
"80 & Older years","Spalding","390","92","109"
"<1 years","Spalding","89","0","3"
"Unknown years","Spalding","13","0","2"
"01-04 years","Stephens","83","0","3"
"05-09 years","Stephens","149","0","1"
"10-17 years","Stephens","512","0","3"
"18-29 years","Stephens","1097","1","28"
"30-39 years","Stephens","735","0","13"
"40-49 years","Stephens","843","1","28"
"50-59 years","Stephens","867","15","59"
"60-69 years","Stephens","793","37","100"
"70-79 years","Stephens","499","41","98"
"80 & Older years","Stephens","235","37","52"
"<1 years","Stephens","33","0","1"
"Unknown years","Stephens","56","0","0"
"01-04 years","Stewart","12","0","1"
"05-09 years","Stewart","25","0","0"
"10-17 years","Stewart","58","0","0"
"18-29 years","Stewart","677","0","24"
"30-39 years","Stewart","595","1","28"
"40-49 years","Stewart","370","2","25"
"50-59 years","Stewart","199","3","21"
"60-69 years","Stewart","107","16","32"
"70-79 years","Stewart","47","4","9"
"80 & Older years","Stewart","36","6","10"
"<1 years","Stewart","4","0","0"
"Unknown years","Stewart","11","0","0"
"01-04 years","Sumter","81","0","1"
"05-09 years","Sumter","137","0","0"
"10-17 years","Sumter","295","0","7"
"18-29 years","Sumter","751","2","25"
"30-39 years","Sumter","603","2","40"
"40-49 years","Sumter","539","12","42"
"50-59 years","Sumter","567","15","72"
"60-69 years","Sumter","452","36","102"
"70-79 years","Sumter","269","39","79"
"80 & Older years","Sumter","179","49","74"
"<1 years","Sumter","43","0","4"
"Unknown years","Sumter","3","0","0"
"01-04 years","Talbot","29","0","1"
"05-09 years","Talbot","40","0","0"
"10-17 years","Talbot","80","0","1"
"18-29 years","Talbot","157","0","5"
"30-39 years","Talbot","117","0","4"
"40-49 years","Talbot","136","3","6"
"50-59 years","Talbot","147","6","13"
"60-69 years","Talbot","123","8","28"
"70-79 years","Talbot","65","8","11"
"80 & Older years","Talbot","38","6","14"
"<1 years","Talbot","8","0","0"
"Unknown years","Talbot","3","0","0"
"01-04 years","Taliaferro","2","0","0"
"05-09 years","Taliaferro","2","0","0"
"10-17 years","Taliaferro","13","0","0"
"18-29 years","Taliaferro","29","0","2"
"30-39 years","Taliaferro","30","0","0"
"40-49 years","Taliaferro","32","0","3"
"50-59 years","Taliaferro","21","0","0"
"60-69 years","Taliaferro","31","1","4"
"70-79 years","Taliaferro","17","1","6"
"80 & Older years","Taliaferro","6","1","2"
"<1 years","Taliaferro","1","0","0"
"01-04 years","Tattnall","80","0","1"
"05-09 years","Tattnall","122","0","1"
"10-17 years","Tattnall","327","0","2"
"18-29 years","Tattnall","621","1","4"
"30-39 years","Tattnall","567","2","11"
"40-49 years","Tattnall","513","0","12"
"50-59 years","Tattnall","512","16","35"
"60-69 years","Tattnall","361","23","47"
"70-79 years","Tattnall","186","32","50"
"80 & Older years","Tattnall","72","8","15"
"<1 years","Tattnall","33","0","0"
"01-04 years","Taylor","31","0","2"
"05-09 years","Taylor","83","0","0"
"10-17 years","Taylor","120","0","1"
"18-29 years","Taylor","189","1","6"
"30-39 years","Taylor","148","1","5"
"40-49 years","Taylor","189","2","18"
"50-59 years","Taylor","138","4","24"
"60-69 years","Taylor","128","9","27"
"70-79 years","Taylor","68","11","20"
"80 & Older years","Taylor","43","12","13"
"<1 years","Taylor","9","0","0"
"01-04 years","Telfair","18","0","0"
"05-09 years","Telfair","32","0","0"
"10-17 years","Telfair","68","0","1"
"18-29 years","Telfair","251","0","4"
"30-39 years","Telfair","197","1","5"
"40-49 years","Telfair","196","2","8"
"50-59 years","Telfair","172","8","16"
"60-69 years","Telfair","157","12","24"
"70-79 years","Telfair","96","19","26"
"80 & Older years","Telfair","54","17","14"
"<1 years","Telfair","10","0","0"
"Unknown years","Telfair","2","0","0"
"01-04 years","Terrell","26","0","0"
"05-09 years","Terrell","42","0","0"
"10-17 years","Terrell","196","0","1"
"18-29 years","Terrell","171","0","9"
"30-39 years","Terrell","151","0","16"
"40-49 years","Terrell","136","1","15"
"50-59 years","Terrell","169","9","32"
"60-69 years","Terrell","148","14","46"
"70-79 years","Terrell","84","19","31"
"80 & Older years","Terrell","54","18","21"
"<1 years","Terrell","8","0","0"
"Unknown years","Terrell","3","0","0"
"01-04 years","Thomas","285","1","2"
"05-09 years","Thomas","540","0","3"
"10-17 years","Thomas","1185","0","3"
"18-29 years","Thomas","1518","2","45"
"30-39 years","Thomas","1255","5","40"
"40-49 years","Thomas","1174","12","65"
"50-59 years","Thomas","1178","25","100"
"60-69 years","Thomas","857","31","157"
"70-79 years","Thomas","475","47","117"
"80 & Older years","Thomas","261","57","89"
"<1 years","Thomas","115","0","4"
"Unknown years","Thomas","8","0","0"
"01-04 years","Tift","154","0","8"
"05-09 years","Tift","234","0","5"
"10-17 years","Tift","565","0","10"
"18-29 years","Tift","1363","2","43"
"30-39 years","Tift","1014","4","49"
"40-49 years","Tift","911","11","79"
"50-59 years","Tift","793","20","94"
"60-69 years","Tift","597","29","111"
"70-79 years","Tift","364","45","112"
"80 & Older years","Tift","214","52","81"
"<1 years","Tift","73","0","4"
"Unknown years","Tift","3","0","0"
"01-04 years","Toombs","79","0","0"
"05-09 years","Toombs","143","0","0"
"10-17 years","Toombs","426","0","2"
"18-29 years","Toombs","1079","1","12"
"30-39 years","Toombs","841","2","10"
"40-49 years","Toombs","768","9","40"
"50-59 years","Toombs","758","19","40"
"60-69 years","Toombs","670","36","79"
"70-79 years","Toombs","414","49","56"
"80 & Older years","Toombs","237","55","45"
"<1 years","Toombs","29","0","0"
"01-04 years","Towns","19","0","0"
"05-09 years","Towns","30","0","1"
"10-17 years","Towns","94","0","2"
"18-29 years","Towns","269","0","5"
"30-39 years","Towns","178","1","5"
"40-49 years","Towns","219","3","7"
"50-59 years","Towns","329","8","30"
"60-69 years","Towns","387","13","33"
"70-79 years","Towns","293","20","55"
"80 & Older years","Towns","193","41","69"
"<1 years","Towns","5","0","0"
"Unknown years","Towns","34","0","0"
"01-04 years","Treutlen","17","0","0"
"05-09 years","Treutlen","35","0","1"
"10-17 years","Treutlen","96","0","1"
"18-29 years","Treutlen","213","0","3"
"30-39 years","Treutlen","197","0","6"
"40-49 years","Treutlen","174","5","7"
"50-59 years","Treutlen","164","3","11"
"60-69 years","Treutlen","112","7","16"
"70-79 years","Treutlen","82","18","14"
"80 & Older years","Treutlen","43","14","12"
"<1 years","Treutlen","2","0","0"
"Unknown years","Treutlen","2","0","0"
"01-04 years","Troup","336","0","3"
"05-09 years","Troup","484","0","1"
"10-17 years","Troup","1148","0","12"
"18-29 years","Troup","2552","2","44"
"30-39 years","Troup","1992","10","65"
"40-49 years","Troup","1637","13","75"
"50-59 years","Troup","1619","42","153"
"60-69 years","Troup","1154","67","147"
"70-79 years","Troup","626","73","130"
"80 & Older years","Troup","396","110","87"
"<1 years","Troup","124","0","3"
"Unknown years","Troup","4","0","0"
"01-04 years","Turner","20","0","0"
"05-09 years","Turner","28","0","2"
"10-17 years","Turner","54","0","2"
"18-29 years","Turner","195","0","6"
"30-39 years","Turner","207","0","17"
"40-49 years","Turner","189","1","10"
"50-59 years","Turner","163","2","19"
"60-69 years","Turner","131","11","35"
"70-79 years","Turner","72","15","20"
"80 & Older years","Turner","41","18","18"
"<1 years","Turner","14","0","1"
"01-04 years","Twiggs","23","0","1"
"05-09 years","Twiggs","22","0","1"
"10-17 years","Twiggs","72","0","1"
"18-29 years","Twiggs","149","0","3"
"30-39 years","Twiggs","136","1","5"
"40-49 years","Twiggs","141","2","13"
"50-59 years","Twiggs","191","4","30"
"60-69 years","Twiggs","171","13","48"
"70-79 years","Twiggs","94","18","36"
"80 & Older years","Twiggs","41","17","22"
"<1 years","Twiggs","4","0","0"
"01-04 years","Union","35","0","0"
"05-09 years","Union","75","0","0"
"10-17 years","Union","242","0","2"
"18-29 years","Union","535","1","7"
"30-39 years","Union","506","3","8"
"40-49 years","Union","479","2","24"
"50-59 years","Union","624","10","49"
"60-69 years","Union","748","21","88"
"70-79 years","Union","631","42","125"
"80 & Older years","Union","326","59","101"
"<1 years","Union","18","0","1"
"Unknown years","Union","89","0","0"
"01-04 years","Unknown","276","0","0"
"05-09 years","Unknown","414","0","0"
"10-17 years","Unknown","867","0","1"
"18-29 years","Unknown","1988","0","8"
"30-39 years","Unknown","1353","0","8"
"40-49 years","Unknown","1297","0","5"
"50-59 years","Unknown","1065","0","9"
"60-69 years","Unknown","604","4","19"
"70-79 years","Unknown","287","1","10"
"80 & Older years","Unknown","128","4","12"
"<1 years","Unknown","147","0","2"
"Unknown years","Unknown","162","0","5"
"01-04 years","Upson","119","0","1"
"05-09 years","Upson","182","0","0"
"10-17 years","Upson","418","1","5"
"18-29 years","Upson","765","0","15"
"30-39 years","Upson","582","2","12"
"40-49 years","Upson","557","2","29"
"50-59 years","Upson","551","17","51"
"60-69 years","Upson","458","40","75"
"70-79 years","Upson","312","55","83"
"80 & Older years","Upson","163","54","54"
"<1 years","Upson","54","0","3"
"Unknown years","Upson","7","0","0"
"01-04 years","Walker","260","0","3"
"05-09 years","Walker","489","0","2"
"10-17 years","Walker","1279","0","11"
"18-29 years","Walker","2536","0","33"
"30-39 years","Walker","2049","1","32"
"40-49 years","Walker","2168","12","67"
"50-59 years","Walker","1910","13","82"
"60-69 years","Walker","1449","42","121"
"70-79 years","Walker","902","61","124"
"80 & Older years","Walker","415","60","75"
"<1 years","Walker","100","0","6"
"Unknown years","Walker","107","0","5"
"01-04 years","Walton","298","0","14"
"05-09 years","Walton","487","0","11"
"10-17 years","Walton","1370","0","35"
"18-29 years","Walton","2825","3","152"
"30-39 years","Walton","2520","8","129"
"40-49 years","Walton","2528","13","176"
"50-59 years","Walton","2423","36","230"
"60-69 years","Walton","1607","63","257"
"70-79 years","Walton","1082","120","250"
"80 & Older years","Walton","611","144","178"
"<1 years","Walton","111","0","9"
"Unknown years","Walton","17","0","0"
"01-04 years","Ware","161","0","1"
"05-09 years","Ware","239","0","0"
"10-17 years","Ware","622","0","4"
"18-29 years","Ware","1111","2","19"
"30-39 years","Ware","922","3","41"
"40-49 years","Ware","845","5","62"
"50-59 years","Ware","760","35","138"
"60-69 years","Ware","579","41","125"
"70-79 years","Ware","411","57","144"
"80 & Older years","Ware","275","77","88"
"<1 years","Ware","60","0","2"
"01-04 years","Warren","10","0","0"
"05-09 years","Warren","14","0","1"
"10-17 years","Warren","46","0","1"
"18-29 years","Warren","130","0","3"
"30-39 years","Warren","102","0","6"
"40-49 years","Warren","92","3","9"
"50-59 years","Warren","98","3","11"
"60-69 years","Warren","72","3","12"
"70-79 years","Warren","54","7","17"
"80 & Older years","Warren","26","7","9"
"<1 years","Warren","7","0","1"
"Unknown years","Warren","4","0","0"
"01-04 years","Washington","107","0","0"
"05-09 years","Washington","154","0","0"
"10-17 years","Washington","383","1","5"
"18-29 years","Washington","550","0","8"
"30-39 years","Washington","494","2","15"
"40-49 years","Washington","467","6","16"
"50-59 years","Washington","417","10","20"
"60-69 years","Washington","352","18","39"
"70-79 years","Washington","175","14","30"
"80 & Older years","Washington","90","30","16"
"<1 years","Washington","39","0","0"
"Unknown years","Washington","2","0","0"
"01-04 years","Wayne","81","0","3"
"05-09 years","Wayne","160","0","1"
"10-17 years","Wayne","523","0","4"
"18-29 years","Wayne","988","2","19"
"30-39 years","Wayne","925","7","24"
"40-49 years","Wayne","937","13","64"
"50-59 years","Wayne","831","26","70"
"60-69 years","Wayne","623","44","112"
"70-79 years","Wayne","432","46","118"
"80 & Older years","Wayne","190","44","51"
"<1 years","Wayne","42","0","2"
"01-04 years","Webster","1","0","0"
"05-09 years","Webster","10","0","0"
"10-17 years","Webster","20","0","0"
"18-29 years","Webster","47","0","3"
"30-39 years","Webster","26","0","1"
"40-49 years","Webster","42","0","2"
"50-59 years","Webster","40","3","8"
"60-69 years","Webster","39","1","6"
"70-79 years","Webster","17","3","4"
"80 & Older years","Webster","6","1","2"
"<1 years","Webster","3","0","0"
"Unknown years","Webster","1","0","0"
"01-04 years","Wheeler","10","0","0"
"05-09 years","Wheeler","11","0","1"
"10-17 years","Wheeler","51","0","0"
"18-29 years","Wheeler","164","0","0"
"30-39 years","Wheeler","184","2","2"
"40-49 years","Wheeler","171","3","4"
"50-59 years","Wheeler","151","9","12"
"60-69 years","Wheeler","86","6","10"
"70-79 years","Wheeler","57","10","13"
"80 & Older years","Wheeler","17","5","2"
"<1 years","Wheeler","7","0","0"
"Unknown years","Wheeler","25","0","1"
"01-04 years","White","67","0","1"
"05-09 years","White","166","0","1"
"10-17 years","White","577","0","2"
"18-29 years","White","968","2","16"
"30-39 years","White","771","2","12"
"40-49 years","White","869","8","37"
"50-59 years","White","977","12","73"
"60-69 years","White","835","23","99"
"70-79 years","White","642","42","127"
"80 & Older years","White","345","52","99"
"<1 years","White","30","0","2"
"Unknown years","White","18","0","0"
"01-04 years","Whitfield","512","0","3"
"05-09 years","Whitfield","935","0","4"
"10-17 years","Whitfield","2828","0","13"
"18-29 years","Whitfield","6400","3","70"
"30-39 years","Whitfield","4399","7","89"
"40-49 years","Whitfield","4160","12","119"
"50-59 years","Whitfield","3717","59","187"
"60-69 years","Whitfield","2235","79","218"
"70-79 years","Whitfield","1267","98","205"
"80 & Older years","Whitfield","663","136","163"
"<1 years","Whitfield","214","0","5"
"Unknown years","Whitfield","4","0","0"
"01-04 years","Wilcox","29","0","1"
"05-09 years","Wilcox","34","0","1"
"10-17 years","Wilcox","67","0","0"
"18-29 years","Wilcox","112","0","2"
"30-39 years","Wilcox","100","0","3"
"40-49 years","Wilcox","116","0","12"
"50-59 years","Wilcox","126","2","20"
"60-69 years","Wilcox","130","11","31"
"70-79 years","Wilcox","75","12","14"
"80 & Older years","Wilcox","31","8","10"
"<1 years","Wilcox","9","0","1"
"01-04 years","Wilkes","15","0","0"
"05-09 years","Wilkes","34","0","0"
"10-17 years","Wilkes","94","0","1"
"18-29 years","Wilkes","203","1","7"
"30-39 years","Wilkes","146","0","7"
"40-49 years","Wilkes","177","1","20"
"50-59 years","Wilkes","156","5","16"
"60-69 years","Wilkes","142","7","31"
"70-79 years","Wilkes","90","10","31"
"80 & Older years","Wilkes","56","12","23"
"<1 years","Wilkes","11","0","1"
"Unknown years","Wilkes","1","0","0"
"01-04 years","Wilkinson","29","0","0"
"05-09 years","Wilkinson","49","0","0"
"10-17 years","Wilkinson","152","0","1"
"18-29 years","Wilkinson","275","0","4"
"30-39 years","Wilkinson","241","0","15"
"40-49 years","Wilkinson","236","0","11"
"50-59 years","Wilkinson","266","7","34"
"60-69 years","Wilkinson","223","18","53"
"70-79 years","Wilkinson","102","14","26"
"80 & Older years","Wilkinson","56","9","21"
"<1 years","Wilkinson","8","0","0"
"Unknown years","Wilkinson","2","0","0"
"01-04 years","Worth","47","0","1"
"05-09 years","Worth","89","0","1"
"10-17 years","Worth","228","1","5"
"18-29 years","Worth","430","1","20"
"30-39 years","Worth","323","0","20"
"40-49 years","Worth","319","4","27"
"50-59 years","Worth","309","9","41"
"60-69 years","Worth","299","25","71"
"70-79 years","Worth","169","24","51"
"80 & Older years","Worth","104","28","36"
"<1 years","Worth","17","0","0"
"Unknown years","Worth","7","0","0"
