"age group","county name","cases","deaths","hospitalization"
"01-04 years","Georgia","10457","1","189"
"05-09 years","Georgia","17321","2","151"
"10-17 years","Georgia","60054","7","594"
"18-29 years","Georgia","182207","100","3365"
"30-39 years","Georgia","131327","220","4407"
"40-49 years","Georgia","127784","504","6382"
"50-59 years","Georgia","121475","1358","9525"
"60-69 years","Georgia","82603","2931","11487"
"70-79 years","Georgia","48376","4276","11021"
"80 & Older years","Georgia","28223","5658","8650"
"<1 years","Georgia","2963","0","158"
"Unknown years","Georgia","5726","11","110"
"01-04 years","Appling","27","0","0"
"05-09 years","Appling","53","0","0"
"10-17 years","Appling","163","0","1"
"18-29 years","Appling","333","1","5"
"30-39 years","Appling","245","1","5"
"40-49 years","Appling","243","4","17"
"50-59 years","Appling","281","6","25"
"60-69 years","Appling","245","14","48"
"70-79 years","Appling","162","15","32"
"80 & Older years","Appling","78","16","29"
"<1 years","Appling","6","0","0"
"Unknown years","Appling","1","0","0"
"01-04 years","Atkinson","6","0","1"
"05-09 years","Atkinson","18","0","1"
"10-17 years","Atkinson","48","0","0"
"18-29 years","Atkinson","163","0","8"
"30-39 years","Atkinson","121","0","10"
"40-49 years","Atkinson","128","1","23"
"50-59 years","Atkinson","133","1","23"
"60-69 years","Atkinson","81","4","24"
"70-79 years","Atkinson","45","7","15"
"80 & Older years","Atkinson","14","5","10"
"<1 years","Atkinson","3","0","0"
"01-04 years","Bacon","17","0","0"
"05-09 years","Bacon","22","0","0"
"10-17 years","Bacon","71","0","1"
"18-29 years","Bacon","233","0","1"
"30-39 years","Bacon","131","0","4"
"40-49 years","Bacon","157","1","11"
"50-59 years","Bacon","145","2","16"
"60-69 years","Bacon","119","8","19"
"70-79 years","Bacon","76","7","15"
"80 & Older years","Bacon","38","8","7"
"<1 years","Bacon","6","0","0"
"Unknown years","Bacon","1","0","0"
"01-04 years","Baker","5","0","0"
"05-09 years","Baker","4","0","0"
"10-17 years","Baker","9","0","0"
"18-29 years","Baker","24","0","0"
"30-39 years","Baker","22","0","2"
"40-49 years","Baker","13","0","1"
"50-59 years","Baker","21","0","1"
"60-69 years","Baker","31","3","15"
"70-79 years","Baker","18","2","10"
"80 & Older years","Baker","9","2","3"
"<1 years","Baker","2","0","0"
"01-04 years","Baldwin","30","0","0"
"05-09 years","Baldwin","52","0","0"
"10-17 years","Baldwin","184","1","5"
"18-29 years","Baldwin","1248","0","15"
"30-39 years","Baldwin","452","1","15"
"40-49 years","Baldwin","469","2","29"
"50-59 years","Baldwin","480","11","52"
"60-69 years","Baldwin","379","21","69"
"70-79 years","Baldwin","254","25","55"
"80 & Older years","Baldwin","155","41","59"
"<1 years","Baldwin","13","0","0"
"01-04 years","Banks","9","0","0"
"05-09 years","Banks","24","0","1"
"10-17 years","Banks","100","0","2"
"18-29 years","Banks","285","0","7"
"30-39 years","Banks","198","0","5"
"40-49 years","Banks","218","0","15"
"50-59 years","Banks","242","1","23"
"60-69 years","Banks","199","5","41"
"70-79 years","Banks","148","14","54"
"80 & Older years","Banks","80","12","28"
"<1 years","Banks","5","0","1"
"Unknown years","Banks","42","0","1"
"01-04 years","Barrow","85","0","0"
"05-09 years","Barrow","155","0","0"
"10-17 years","Barrow","591","0","7"
"18-29 years","Barrow","1630","2","34"
"30-39 years","Barrow","1388","1","42"
"40-49 years","Barrow","1406","4","61"
"50-59 years","Barrow","1181","7","95"
"60-69 years","Barrow","803","24","133"
"70-79 years","Barrow","477","32","100"
"80 & Older years","Barrow","231","44","85"
"<1 years","Barrow","29","0","2"
"Unknown years","Barrow","27","1","1"
"01-04 years","Bartow","94","0","3"
"05-09 years","Bartow","203","0","2"
"10-17 years","Bartow","876","0","10"
"18-29 years","Bartow","1949","0","21"
"30-39 years","Bartow","1563","4","43"
"40-49 years","Bartow","1635","1","74"
"50-59 years","Bartow","1683","13","132"
"60-69 years","Bartow","1001","32","147"
"70-79 years","Bartow","690","63","169"
"80 & Older years","Bartow","333","69","114"
"<1 years","Bartow","36","0","2"
"Unknown years","Bartow","147","0","7"
"01-04 years","Ben Hill","28","0","1"
"05-09 years","Ben Hill","19","0","0"
"10-17 years","Ben Hill","98","0","0"
"18-29 years","Ben Hill","257","0","4"
"30-39 years","Ben Hill","212","3","9"
"40-49 years","Ben Hill","196","1","10"
"50-59 years","Ben Hill","238","4","29"
"60-69 years","Ben Hill","199","12","27"
"70-79 years","Ben Hill","143","19","51"
"80 & Older years","Ben Hill","68","16","17"
"<1 years","Ben Hill","5","0","0"
"Unknown years","Ben Hill","2","0","0"
"01-04 years","Berrien","15","0","0"
"05-09 years","Berrien","22","0","0"
"10-17 years","Berrien","89","0","1"
"18-29 years","Berrien","191","0","0"
"30-39 years","Berrien","151","0","3"
"40-49 years","Berrien","134","0","4"
"50-59 years","Berrien","161","2","16"
"60-69 years","Berrien","119","8","17"
"70-79 years","Berrien","78","9","14"
"80 & Older years","Berrien","47","9","13"
"<1 years","Berrien","2","0","0"
"Unknown years","Berrien","1","0","0"
"01-04 years","Bibb","134","0","5"
"05-09 years","Bibb","182","0","0"
"10-17 years","Bibb","626","0","8"
"18-29 years","Bibb","2844","1","76"
"30-39 years","Bibb","2007","6","103"
"40-49 years","Bibb","2023","13","188"
"50-59 years","Bibb","1896","22","254"
"60-69 years","Bibb","1517","75","390"
"70-79 years","Bibb","928","103","340"
"80 & Older years","Bibb","579","126","277"
"<1 years","Bibb","44","0","4"
"Unknown years","Bibb","21","0","0"
"01-04 years","Bleckley","5","0","0"
"05-09 years","Bleckley","15","0","0"
"10-17 years","Bleckley","70","0","0"
"18-29 years","Bleckley","187","0","3"
"30-39 years","Bleckley","90","0","2"
"40-49 years","Bleckley","104","1","2"
"50-59 years","Bleckley","102","2","4"
"60-69 years","Bleckley","81","7","10"
"70-79 years","Bleckley","62","5","12"
"80 & Older years","Bleckley","61","18","12"
"<1 years","Bleckley","3","0","0"
"01-04 years","Brantley","12","0","0"
"05-09 years","Brantley","12","0","0"
"10-17 years","Brantley","81","0","1"
"18-29 years","Brantley","148","0","1"
"30-39 years","Brantley","109","0","4"
"40-49 years","Brantley","120","1","5"
"50-59 years","Brantley","141","2","13"
"60-69 years","Brantley","110","4","13"
"70-79 years","Brantley","86","11","20"
"80 & Older years","Brantley","47","8","10"
"<1 years","Brantley","1","0","0"
"Unknown years","Brantley","1","0","0"
"01-04 years","Brooks","14","0","1"
"05-09 years","Brooks","23","0","0"
"10-17 years","Brooks","84","0","0"
"18-29 years","Brooks","165","0","1"
"30-39 years","Brooks","122","0","2"
"40-49 years","Brooks","112","1","11"
"50-59 years","Brooks","138","2","19"
"60-69 years","Brooks","98","6","16"
"70-79 years","Brooks","84","10","20"
"80 & Older years","Brooks","55","18","15"
"<1 years","Brooks","4","0","0"
"01-04 years","Bryan","46","0","0"
"05-09 years","Bryan","70","0","0"
"10-17 years","Bryan","235","0","2"
"18-29 years","Bryan","490","0","12"
"30-39 years","Bryan","399","1","9"
"40-49 years","Bryan","447","0","14"
"50-59 years","Bryan","333","5","29"
"60-69 years","Bryan","236","9","28"
"70-79 years","Bryan","153","8","50"
"80 & Older years","Bryan","65","7","25"
"<1 years","Bryan","13","0","0"
"Unknown years","Bryan","4","0","0"
"01-04 years","Bulloch","56","0","0"
"05-09 years","Bulloch","100","0","0"
"10-17 years","Bulloch","356","0","2"
"18-29 years","Bulloch","2183","0","8"
"30-39 years","Bulloch","616","4","21"
"40-49 years","Bulloch","537","2","25"
"50-59 years","Bulloch","509","5","31"
"60-69 years","Bulloch","376","13","43"
"70-79 years","Bulloch","188","13","36"
"80 & Older years","Bulloch","103","13","34"
"<1 years","Bulloch","23","0","2"
"Unknown years","Bulloch","5","0","0"
"01-04 years","Burke","21","0","0"
"05-09 years","Burke","43","0","0"
"10-17 years","Burke","125","0","1"
"18-29 years","Burke","328","1","7"
"30-39 years","Burke","250","1","8"
"40-49 years","Burke","282","2","14"
"50-59 years","Burke","256","2","32"
"60-69 years","Burke","201","5","36"
"70-79 years","Burke","117","11","30"
"80 & Older years","Burke","37","9","14"
"<1 years","Burke","6","0","0"
"Unknown years","Burke","2","0","0"
"01-04 years","Butts","23","0","3"
"05-09 years","Butts","23","0","0"
"10-17 years","Butts","106","0","1"
"18-29 years","Butts","355","0","6"
"30-39 years","Butts","309","0","7"
"40-49 years","Butts","306","3","13"
"50-59 years","Butts","328","5","21"
"60-69 years","Butts","246","15","30"
"70-79 years","Butts","172","19","22"
"80 & Older years","Butts","105","26","6"
"<1 years","Butts","5","0","1"
"Unknown years","Butts","2","0","0"
"01-04 years","Calhoun","6","0","0"
"05-09 years","Calhoun","1","0","0"
"10-17 years","Calhoun","38","0","0"
"18-29 years","Calhoun","69","0","6"
"30-39 years","Calhoun","59","2","6"
"40-49 years","Calhoun","80","2","9"
"50-59 years","Calhoun","78","2","17"
"60-69 years","Calhoun","74","2","19"
"70-79 years","Calhoun","23","5","8"
"80 & Older years","Calhoun","15","2","8"
"<1 years","Calhoun","3","0","0"
"Unknown years","Calhoun","1","0","0"
"01-04 years","Camden","44","0","0"
"05-09 years","Camden","44","0","1"
"10-17 years","Camden","227","0","1"
"18-29 years","Camden","744","0","4"
"30-39 years","Camden","499","1","14"
"40-49 years","Camden","404","1","11"
"50-59 years","Camden","456","1","16"
"60-69 years","Camden","341","8","25"
"70-79 years","Camden","199","2","21"
"80 & Older years","Camden","90","13","22"
"<1 years","Camden","9","0","1"
"Unknown years","Camden","6","0","0"
"01-04 years","Candler","8","0","0"
"05-09 years","Candler","12","0","0"
"10-17 years","Candler","54","0","0"
"18-29 years","Candler","127","0","0"
"30-39 years","Candler","94","0","3"
"40-49 years","Candler","116","2","3"
"50-59 years","Candler","122","5","10"
"60-69 years","Candler","96","8","14"
"70-79 years","Candler","63","12","19"
"80 & Older years","Candler","27","6","11"
"<1 years","Candler","4","0","0"
"Unknown years","Candler","1","0","0"
"01-04 years","Carroll","87","0","1"
"05-09 years","Carroll","130","0","1"
"10-17 years","Carroll","590","0","6"
"18-29 years","Carroll","1652","0","11"
"30-39 years","Carroll","1024","4","18"
"40-49 years","Carroll","1009","4","28"
"50-59 years","Carroll","1028","11","52"
"60-69 years","Carroll","729","24","69"
"70-79 years","Carroll","438","31","60"
"80 & Older years","Carroll","267","49","44"
"<1 years","Carroll","25","0","0"
"Unknown years","Carroll","17","0","0"
"01-04 years","Catoosa","81","0","0"
"05-09 years","Catoosa","120","0","1"
"10-17 years","Catoosa","440","0","2"
"18-29 years","Catoosa","936","0","8"
"30-39 years","Catoosa","697","1","10"
"40-49 years","Catoosa","803","1","14"
"50-59 years","Catoosa","753","5","29"
"60-69 years","Catoosa","546","7","56"
"70-79 years","Catoosa","341","15","51"
"80 & Older years","Catoosa","236","29","46"
"<1 years","Catoosa","33","0","1"
"Unknown years","Catoosa","143","0","10"
"01-04 years","Charlton","12","0","0"
"05-09 years","Charlton","26","0","0"
"10-17 years","Charlton","62","0","0"
"18-29 years","Charlton","178","0","1"
"30-39 years","Charlton","200","0","4"
"40-49 years","Charlton","173","2","8"
"50-59 years","Charlton","144","1","5"
"60-69 years","Charlton","137","5","15"
"70-79 years","Charlton","50","5","10"
"80 & Older years","Charlton","30","6","13"
"<1 years","Charlton","2","0","0"
"Unknown years","Charlton","1","0","0"
"01-04 years","Chatham","367","0","3"
"05-09 years","Chatham","445","1","1"
"10-17 years","Chatham","1239","0","13"
"18-29 years","Chatham","4618","2","55"
"30-39 years","Chatham","3206","5","108"
"40-49 years","Chatham","2620","12","145"
"50-59 years","Chatham","2362","32","227"
"60-69 years","Chatham","1915","67","329"
"70-79 years","Chatham","1035","104","329"
"80 & Older years","Chatham","641","123","277"
"<1 years","Chatham","97","0","4"
"Unknown years","Chatham","35","0","1"
"01-04 years","Chattahoochee","8","0","0"
"05-09 years","Chattahoochee","7","0","0"
"10-17 years","Chattahoochee","114","0","2"
"18-29 years","Chattahoochee","2200","6","4"
"30-39 years","Chattahoochee","222","2","3"
"40-49 years","Chattahoochee","51","0","0"
"50-59 years","Chattahoochee","23","0","5"
"60-69 years","Chattahoochee","17","0","4"
"70-79 years","Chattahoochee","7","0","2"
"80 & Older years","Chattahoochee","7","1","3"
"<1 years","Chattahoochee","9","0","0"
"Unknown years","Chattahoochee","2","0","0"
"01-04 years","Chattooga","11","0","0"
"05-09 years","Chattooga","25","0","0"
"10-17 years","Chattooga","177","0","1"
"18-29 years","Chattooga","359","0","4"
"30-39 years","Chattooga","284","0","8"
"40-49 years","Chattooga","321","2","14"
"50-59 years","Chattooga","319","5","18"
"60-69 years","Chattooga","275","14","39"
"70-79 years","Chattooga","166","15","42"
"80 & Older years","Chattooga","115","23","32"
"<1 years","Chattooga","9","0","1"
"Unknown years","Chattooga","30","0","1"
"01-04 years","Cherokee","213","0","7"
"05-09 years","Cherokee","501","0","7"
"10-17 years","Cherokee","2028","0","13"
"18-29 years","Cherokee","4027","1","67"
"30-39 years","Cherokee","2897","2","92"
"40-49 years","Cherokee","3262","4","105"
"50-59 years","Cherokee","3252","17","176"
"60-69 years","Cherokee","1955","36","212"
"70-79 years","Cherokee","1259","69","231"
"80 & Older years","Cherokee","776","124","210"
"<1 years","Cherokee","41","0","1"
"Unknown years","Cherokee","71","0","2"
"01-04 years","Clarke","154","0","1"
"05-09 years","Clarke","190","0","2"
"10-17 years","Clarke","557","0","5"
"18-29 years","Clarke","5747","1","36"
"30-39 years","Clarke","1513","2","33"
"40-49 years","Clarke","1221","2","48"
"50-59 years","Clarke","1106","7","69"
"60-69 years","Clarke","743","17","90"
"70-79 years","Clarke","445","41","109"
"80 & Older years","Clarke","235","41","68"
"<1 years","Clarke","43","0","2"
"Unknown years","Clarke","37","1","1"
"01-04 years","Clay","3","0","0"
"05-09 years","Clay","2","0","0"
"10-17 years","Clay","16","0","0"
"18-29 years","Clay","27","0","0"
"30-39 years","Clay","30","0","1"
"40-49 years","Clay","27","0","0"
"50-59 years","Clay","17","0","1"
"60-69 years","Clay","24","1","2"
"70-79 years","Clay","18","0","0"
"80 & Older years","Clay","14","2","5"
"Unknown years","Clay","1","0","0"
"01-04 years","Clayton","357","0","7"
"05-09 years","Clayton","555","1","8"
"10-17 years","Clayton","1432","0","29"
"18-29 years","Clayton","4479","5","93"
"30-39 years","Clayton","3835","9","143"
"40-49 years","Clayton","3505","23","173"
"50-59 years","Clayton","3332","47","249"
"60-69 years","Clayton","2105","98","234"
"70-79 years","Clayton","902","91","167"
"80 & Older years","Clayton","451","94","112"
"<1 years","Clayton","83","0","3"
"Unknown years","Clayton","60","0","3"
"01-04 years","Clinch","14","0","0"
"05-09 years","Clinch","20","0","0"
"10-17 years","Clinch","74","0","0"
"18-29 years","Clinch","127","0","2"
"30-39 years","Clinch","98","1","4"
"40-49 years","Clinch","96","0","4"
"50-59 years","Clinch","94","2","14"
"60-69 years","Clinch","101","7","15"
"70-79 years","Clinch","52","8","18"
"80 & Older years","Clinch","18","4","6"
"<1 years","Clinch","4","0","0"
"Unknown years","Clinch","1","0","0"
"01-04 years","Cobb","661","1","15"
"05-09 years","Cobb","1191","0","9"
"10-17 years","Cobb","3906","0","34"
"18-29 years","Cobb","13857","5","219"
"30-39 years","Cobb","9332","14","229"
"40-49 years","Cobb","8935","29","373"
"50-59 years","Cobb","7909","56","493"
"60-69 years","Cobb","4880","119","487"
"70-79 years","Cobb","2712","263","482"
"80 & Older years","Cobb","1694","358","443"
"<1 years","Cobb","178","0","11"
"Unknown years","Cobb","149","0","4"
"01-04 years","Coffee","74","0","2"
"05-09 years","Coffee","94","0","4"
"10-17 years","Coffee","281","0","4"
"18-29 years","Coffee","799","0","22"
"30-39 years","Coffee","601","4","42"
"40-49 years","Coffee","667","5","85"
"50-59 years","Coffee","664","10","131"
"60-69 years","Coffee","526","31","130"
"70-79 years","Coffee","279","34","122"
"80 & Older years","Coffee","153","37","87"
"<1 years","Coffee","13","0","0"
"01-04 years","Colquitt","47","0","0"
"05-09 years","Colquitt","101","0","1"
"10-17 years","Colquitt","349","0","5"
"18-29 years","Colquitt","690","0","18"
"30-39 years","Colquitt","475","0","16"
"40-49 years","Colquitt","505","6","36"
"50-59 years","Colquitt","464","13","38"
"60-69 years","Colquitt","321","13","41"
"70-79 years","Colquitt","194","12","44"
"80 & Older years","Colquitt","133","22","29"
"<1 years","Colquitt","14","0","0"
"Unknown years","Colquitt","4","0","0"
"01-04 years","Columbia","126","0","2"
"05-09 years","Columbia","276","0","0"
"10-17 years","Columbia","1030","0","1"
"18-29 years","Columbia","2132","1","21"
"30-39 years","Columbia","1909","2","25"
"40-49 years","Columbia","1724","7","45"
"50-59 years","Columbia","1492","14","67"
"60-69 years","Columbia","955","24","91"
"70-79 years","Columbia","515","41","102"
"80 & Older years","Columbia","289","58","90"
"<1 years","Columbia","32","0","1"
"Unknown years","Columbia","21","0","1"
"01-04 years","Cook","13","0","1"
"05-09 years","Cook","22","0","0"
"10-17 years","Cook","93","0","1"
"18-29 years","Cook","226","0","6"
"30-39 years","Cook","167","0","4"
"40-49 years","Cook","175","0","14"
"50-59 years","Cook","160","2","17"
"60-69 years","Cook","122","8","18"
"70-79 years","Cook","98","10","28"
"80 & Older years","Cook","54","16","15"
"<1 years","Cook","6","0","0"
"Unknown years","Cook","2","0","0"
"01-04 years","Coweta","100","0","0"
"05-09 years","Coweta","178","0","0"
"10-17 years","Coweta","591","0","4"
"18-29 years","Coweta","1500","1","14"
"30-39 years","Coweta","1172","2","22"
"40-49 years","Coweta","1245","6","34"
"50-59 years","Coweta","1436","19","55"
"60-69 years","Coweta","898","28","52"
"70-79 years","Coweta","560","39","65"
"80 & Older years","Coweta","298","55","34"
"<1 years","Coweta","26","0","1"
"Unknown years","Coweta","21","0","0"
"01-04 years","Crawford","2","0","0"
"05-09 years","Crawford","2","0","0"
"10-17 years","Crawford","28","0","1"
"18-29 years","Crawford","74","0","2"
"30-39 years","Crawford","68","0","6"
"40-49 years","Crawford","57","1","3"
"50-59 years","Crawford","110","3","13"
"60-69 years","Crawford","97","4","14"
"70-79 years","Crawford","41","5","14"
"80 & Older years","Crawford","22","1","7"
"01-04 years","Crisp","20","0","0"
"05-09 years","Crisp","27","0","0"
"10-17 years","Crisp","96","0","1"
"18-29 years","Crisp","211","0","7"
"30-39 years","Crisp","205","1","14"
"40-49 years","Crisp","188","1","18"
"50-59 years","Crisp","191","4","25"
"60-69 years","Crisp","185","13","35"
"70-79 years","Crisp","99","9","32"
"80 & Older years","Crisp","70","13","17"
"<1 years","Crisp","7","0","0"
"Unknown years","Crisp","14","0","0"
"01-04 years","Dade","12","0","0"
"05-09 years","Dade","33","0","0"
"10-17 years","Dade","86","0","0"
"18-29 years","Dade","200","0","1"
"30-39 years","Dade","141","0","2"
"40-49 years","Dade","172","0","7"
"50-59 years","Dade","158","1","8"
"60-69 years","Dade","121","1","7"
"70-79 years","Dade","83","5","16"
"80 & Older years","Dade","49","2","9"
"<1 years","Dade","7","0","0"
"Unknown years","Dade","35","0","1"
"01-04 years","Dawson","24","0","0"
"05-09 years","Dawson","47","0","0"
"10-17 years","Dawson","186","0","4"
"18-29 years","Dawson","510","0","13"
"30-39 years","Dawson","370","0","12"
"40-49 years","Dawson","343","0","23"
"50-59 years","Dawson","405","2","29"
"60-69 years","Dawson","322","5","65"
"70-79 years","Dawson","201","15","47"
"80 & Older years","Dawson","81","12","27"
"<1 years","Dawson","8","0","1"
"Unknown years","Dawson","43","0","2"
"01-04 years","DeKalb","736","0","21"
"05-09 years","DeKalb","1064","0","16"
"10-17 years","DeKalb","3003","0","54"
"18-29 years","DeKalb","11841","10","332"
"30-39 years","DeKalb","10263","16","482"
"40-49 years","DeKalb","8204","30","543"
"50-59 years","DeKalb","7465","85","749"
"60-69 years","DeKalb","4768","142","807"
"70-79 years","DeKalb","2405","209","636"
"80 & Older years","DeKalb","1509","277","470"
"<1 years","DeKalb","164","0","7"
"Unknown years","DeKalb","292","0","7"
"01-04 years","Decatur","48","0","1"
"05-09 years","Decatur","61","0","0"
"10-17 years","Decatur","202","0","0"
"18-29 years","Decatur","404","1","8"
"30-39 years","Decatur","315","1","8"
"40-49 years","Decatur","307","1","18"
"50-59 years","Decatur","256","5","26"
"60-69 years","Decatur","215","10","29"
"70-79 years","Decatur","138","19","25"
"80 & Older years","Decatur","96","16","21"
"<1 years","Decatur","9","0","0"
"Unknown years","Decatur","1","0","0"
"01-04 years","Dodge","7","0","0"
"05-09 years","Dodge","17","0","0"
"10-17 years","Dodge","85","1","1"
"18-29 years","Dodge","196","0","4"
"30-39 years","Dodge","146","0","4"
"40-49 years","Dodge","151","1","10"
"50-59 years","Dodge","179","4","18"
"60-69 years","Dodge","153","16","30"
"70-79 years","Dodge","82","16","21"
"80 & Older years","Dodge","56","17","17"
"<1 years","Dodge","3","0","0"
"Unknown years","Dodge","1","1","0"
"01-04 years","Dooly","12","0","0"
"05-09 years","Dooly","12","0","0"
"10-17 years","Dooly","47","0","1"
"18-29 years","Dooly","101","0","5"
"30-39 years","Dooly","95","0","9"
"40-49 years","Dooly","118","0","9"
"50-59 years","Dooly","130","5","17"
"60-69 years","Dooly","118","10","23"
"70-79 years","Dooly","63","7","14"
"80 & Older years","Dooly","22","6","5"
"<1 years","Dooly","3","0","0"
"Unknown years","Dooly","3","0","0"
"01-04 years","Dougherty","59","0","3"
"05-09 years","Dougherty","103","0","0"
"10-17 years","Dougherty","232","0","4"
"18-29 years","Dougherty","936","2","77"
"30-39 years","Dougherty","769","4","72"
"40-49 years","Dougherty","800","15","110"
"50-59 years","Dougherty","873","24","160"
"60-69 years","Dougherty","755","70","240"
"70-79 years","Dougherty","454","61","174"
"80 & Older years","Dougherty","260","88","122"
"<1 years","Dougherty","25","0","1"
"Unknown years","Dougherty","9","0","0"
"01-04 years","Douglas","152","0","4"
"05-09 years","Douglas","264","0","4"
"10-17 years","Douglas","855","0","5"
"18-29 years","Douglas","2144","0","46"
"30-39 years","Douglas","1732","3","59"
"40-49 years","Douglas","2018","5","102"
"50-59 years","Douglas","1778","18","145"
"60-69 years","Douglas","1040","31","157"
"70-79 years","Douglas","554","51","129"
"80 & Older years","Douglas","272","43","86"
"<1 years","Douglas","29","0","5"
"Unknown years","Douglas","20","0","1"
"01-04 years","Early","19","0","0"
"05-09 years","Early","18","0","0"
"10-17 years","Early","86","0","0"
"18-29 years","Early","144","0","4"
"30-39 years","Early","146","0","4"
"40-49 years","Early","167","1","9"
"50-59 years","Early","160","3","10"
"60-69 years","Early","117","11","13"
"70-79 years","Early","74","13","15"
"80 & Older years","Early","41","12","12"
"<1 years","Early","2","0","0"
"01-04 years","Echols","8","0","0"
"05-09 years","Echols","5","0","0"
"10-17 years","Echols","26","0","1"
"18-29 years","Echols","130","0","1"
"30-39 years","Echols","59","0","2"
"40-49 years","Echols","40","0","1"
"50-59 years","Echols","43","0","2"
"60-69 years","Echols","22","0","0"
"70-79 years","Echols","17","2","3"
"80 & Older years","Echols","3","0","2"
"<1 years","Echols","1","0","0"
"01-04 years","Effingham","48","0","2"
"05-09 years","Effingham","114","0","1"
"10-17 years","Effingham","375","0","0"
"18-29 years","Effingham","652","0","4"
"30-39 years","Effingham","600","1","13"
"40-49 years","Effingham","550","0","26"
"50-59 years","Effingham","559","12","40"
"60-69 years","Effingham","369","7","54"
"70-79 years","Effingham","218","19","54"
"80 & Older years","Effingham","92","19","30"
"<1 years","Effingham","9","0","0"
"Unknown years","Effingham","4","0","0"
"01-04 years","Elbert","18","0","0"
"05-09 years","Elbert","29","0","0"
"10-17 years","Elbert","85","0","1"
"18-29 years","Elbert","255","0","1"
"30-39 years","Elbert","180","0","8"
"40-49 years","Elbert","209","1","9"
"50-59 years","Elbert","225","0","13"
"60-69 years","Elbert","180","5","22"
"70-79 years","Elbert","155","17","33"
"80 & Older years","Elbert","124","26","30"
"<1 years","Elbert","8","0","2"
"Unknown years","Elbert","8","0","0"
"01-04 years","Emanuel","25","0","1"
"05-09 years","Emanuel","22","0","0"
"10-17 years","Emanuel","163","0","2"
"18-29 years","Emanuel","305","1","0"
"30-39 years","Emanuel","227","0","7"
"40-49 years","Emanuel","278","1","7"
"50-59 years","Emanuel","251","6","26"
"60-69 years","Emanuel","218","9","30"
"70-79 years","Emanuel","128","15","26"
"80 & Older years","Emanuel","61","19","20"
"<1 years","Emanuel","5","0","0"
"Unknown years","Emanuel","10","0","1"
"01-04 years","Evans","10","0","0"
"05-09 years","Evans","20","0","0"
"10-17 years","Evans","85","0","0"
"18-29 years","Evans","146","1","3"
"30-39 years","Evans","125","0","3"
"40-49 years","Evans","107","0","9"
"50-59 years","Evans","107","3","16"
"60-69 years","Evans","66","3","15"
"70-79 years","Evans","48","4","14"
"80 & Older years","Evans","19","2","10"
"<1 years","Evans","2","0","0"
"Unknown years","Evans","1","0","0"
"01-04 years","Fannin","15","0","0"
"05-09 years","Fannin","27","0","0"
"10-17 years","Fannin","120","0","0"
"18-29 years","Fannin","283","1","4"
"30-39 years","Fannin","222","0","7"
"40-49 years","Fannin","248","1","9"
"50-59 years","Fannin","339","4","22"
"60-69 years","Fannin","328","6","34"
"70-79 years","Fannin","232","11","39"
"80 & Older years","Fannin","139","28","44"
"<1 years","Fannin","4","0","0"
"Unknown years","Fannin","17","0","0"
"01-04 years","Fayette","60","0","0"
"05-09 years","Fayette","126","0","1"
"10-17 years","Fayette","493","0","2"
"18-29 years","Fayette","1136","0","7"
"30-39 years","Fayette","733","1","7"
"40-49 years","Fayette","1002","1","23"
"50-59 years","Fayette","1069","7","37"
"60-69 years","Fayette","806","18","45"
"70-79 years","Fayette","408","49","63"
"80 & Older years","Fayette","272","53","37"
"<1 years","Fayette","12","0","0"
"Unknown years","Fayette","26","0","0"
"01-04 years","Floyd","115","0","3"
"05-09 years","Floyd","195","0","0"
"10-17 years","Floyd","870","0","11"
"18-29 years","Floyd","1910","0","23"
"30-39 years","Floyd","1389","3","49"
"40-49 years","Floyd","1372","5","79"
"50-59 years","Floyd","1301","20","133"
"60-69 years","Floyd","955","32","170"
"70-79 years","Floyd","656","43","178"
"80 & Older years","Floyd","379","60","139"
"<1 years","Floyd","46","0","2"
"Unknown years","Floyd","129","0","4"
"01-04 years","Forsyth","207","0","1"
"05-09 years","Forsyth","496","0","2"
"10-17 years","Forsyth","1832","0","6"
"18-29 years","Forsyth","2911","0","42"
"30-39 years","Forsyth","2119","1","57"
"40-49 years","Forsyth","2729","4","111"
"50-59 years","Forsyth","2530","10","154"
"60-69 years","Forsyth","1330","16","139"
"70-79 years","Forsyth","800","48","209"
"80 & Older years","Forsyth","485","64","150"
"<1 years","Forsyth","45","0","3"
"Unknown years","Forsyth","631","0","3"
"01-04 years","Franklin","16","0","1"
"05-09 years","Franklin","53","0","0"
"10-17 years","Franklin","174","0","5"
"18-29 years","Franklin","417","0","10"
"30-39 years","Franklin","288","0","3"
"40-49 years","Franklin","330","0","13"
"50-59 years","Franklin","336","0","21"
"60-69 years","Franklin","298","3","33"
"70-79 years","Franklin","170","18","33"
"80 & Older years","Franklin","82","15","22"
"<1 years","Franklin","8","0","1"
"Unknown years","Franklin","94","0","2"
"01-04 years","Fulton","894","0","19"
"05-09 years","Fulton","1497","0","12"
"10-17 years","Fulton","4724","1","41"
"18-29 years","Fulton","19475","5","309"
"30-39 years","Fulton","14259","18","449"
"40-49 years","Fulton","11368","35","531"
"50-59 years","Fulton","10185","93","754"
"60-69 years","Fulton","6051","188","740"
"70-79 years","Fulton","3270","266","675"
"80 & Older years","Fulton","2317","445","682"
"<1 years","Fulton","199","0","8"
"Unknown years","Fulton","147","0","2"
"01-04 years","Gilmer","29","0","2"
"05-09 years","Gilmer","38","0","0"
"10-17 years","Gilmer","176","0","2"
"18-29 years","Gilmer","341","0","8"
"30-39 years","Gilmer","304","0","14"
"40-49 years","Gilmer","336","0","16"
"50-59 years","Gilmer","363","9","25"
"60-69 years","Gilmer","345","8","39"
"70-79 years","Gilmer","238","14","45"
"80 & Older years","Gilmer","134","33","39"
"<1 years","Gilmer","11","0","0"
"Unknown years","Gilmer","42","0","0"
"01-04 years","Glascock","1","0","0"
"05-09 years","Glascock","3","0","0"
"10-17 years","Glascock","1","0","0"
"18-29 years","Glascock","22","0","1"
"30-39 years","Glascock","16","0","0"
"40-49 years","Glascock","21","0","1"
"50-59 years","Glascock","27","2","3"
"60-69 years","Glascock","14","0","2"
"70-79 years","Glascock","24","2","7"
"80 & Older years","Glascock","9","2","5"
"<1 years","Glascock","1","0","0"
"Unknown years","Glascock","1","0","0"
"01-04 years","Glynn","90","0","1"
"05-09 years","Glynn","174","0","1"
"10-17 years","Glynn","555","0","0"
"18-29 years","Glynn","1344","0","23"
"30-39 years","Glynn","1040","4","27"
"40-49 years","Glynn","874","4","34"
"50-59 years","Glynn","845","9","66"
"60-69 years","Glynn","707","28","108"
"70-79 years","Glynn","431","42","77"
"80 & Older years","Glynn","251","57","81"
"<1 years","Glynn","20","0","0"
"Unknown years","Glynn","12","0","0"
"01-04 years","Gordon","83","0","0"
"05-09 years","Gordon","120","0","0"
"10-17 years","Gordon","537","0","4"
"18-29 years","Gordon","1176","0","11"
"30-39 years","Gordon","916","2","20"
"40-49 years","Gordon","979","2","31"
"50-59 years","Gordon","961","12","47"
"60-69 years","Gordon","601","22","49"
"70-79 years","Gordon","351","23","77"
"80 & Older years","Gordon","178","31","50"
"<1 years","Gordon","24","0","3"
"Unknown years","Gordon","124","0","3"
"01-04 years","Grady","31","0","1"
"05-09 years","Grady","42","0","0"
"10-17 years","Grady","131","0","5"
"18-29 years","Grady","250","0","9"
"30-39 years","Grady","216","0","9"
"40-49 years","Grady","229","0","23"
"50-59 years","Grady","211","7","29"
"60-69 years","Grady","161","4","27"
"70-79 years","Grady","148","16","46"
"80 & Older years","Grady","53","16","20"
"<1 years","Grady","4","0","1"
"Unknown years","Grady","3","0","0"
"01-04 years","Greene","15","0","0"
"05-09 years","Greene","32","0","0"
"10-17 years","Greene","82","0","0"
"18-29 years","Greene","244","0","5"
"30-39 years","Greene","176","0","7"
"40-49 years","Greene","173","3","12"
"50-59 years","Greene","212","5","19"
"60-69 years","Greene","222","7","19"
"70-79 years","Greene","168","7","27"
"80 & Older years","Greene","102","24","40"
"<1 years","Greene","3","0","1"
"Unknown years","Greene","2","0","0"
"01-04 years","Gwinnett","1210","0","17"
"05-09 years","Gwinnett","1971","0","23"
"10-17 years","Gwinnett","6576","2","76"
"18-29 years","Gwinnett","18046","7","537"
"30-39 years","Gwinnett","13590","16","562"
"40-49 years","Gwinnett","14481","50","749"
"50-59 years","Gwinnett","12369","86","834"
"60-69 years","Gwinnett","6831","172","876"
"70-79 years","Gwinnett","3122","225","701"
"80 & Older years","Gwinnett","1735","330","615"
"<1 years","Gwinnett","340","0","19"
"Unknown years","Gwinnett","135","1","2"
"01-04 years","Habersham","32","0","3"
"05-09 years","Habersham","57","0","3"
"10-17 years","Habersham","297","1","6"
"18-29 years","Habersham","827","0","10"
"30-39 years","Habersham","615","2","28"
"40-49 years","Habersham","652","4","40"
"50-59 years","Habersham","679","5","54"
"60-69 years","Habersham","543","15","112"
"70-79 years","Habersham","373","43","106"
"80 & Older years","Habersham","276","66","89"
"<1 years","Habersham","8","0","3"
"Unknown years","Habersham","184","0","4"
"01-04 years","Hall","179","0","6"
"05-09 years","Hall","365","0","5"
"10-17 years","Hall","1694","0","29"
"18-29 years","Hall","5074","3","156"
"30-39 years","Hall","3405","1","182"
"40-49 years","Hall","3575","9","253"
"50-59 years","Hall","3720","26","369"
"60-69 years","Hall","2518","72","396"
"70-79 years","Hall","1631","101","453"
"80 & Older years","Hall","910","162","369"
"<1 years","Hall","36","0","8"
"Unknown years","Hall","714","0","8"
"01-04 years","Hancock","7","0","0"
"05-09 years","Hancock","7","0","0"
"10-17 years","Hancock","34","0","0"
"18-29 years","Hancock","131","0","3"
"30-39 years","Hancock","108","0","2"
"40-49 years","Hancock","104","1","4"
"50-59 years","Hancock","137","4","15"
"60-69 years","Hancock","142","16","30"
"70-79 years","Hancock","70","15","22"
"80 & Older years","Hancock","62","20","24"
"<1 years","Hancock","4","0","0"
"01-04 years","Haralson","23","0","0"
"05-09 years","Haralson","36","0","0"
"10-17 years","Haralson","143","0","2"
"18-29 years","Haralson","343","0","3"
"30-39 years","Haralson","216","0","4"
"40-49 years","Haralson","234","2","6"
"50-59 years","Haralson","248","1","5"
"60-69 years","Haralson","186","12","21"
"70-79 years","Haralson","128","11","16"
"80 & Older years","Haralson","55","7","10"
"<1 years","Haralson","7","0","0"
"Unknown years","Haralson","5","0","0"
"01-04 years","Harris","27","0","0"
"05-09 years","Harris","30","0","0"
"10-17 years","Harris","178","0","2"
"18-29 years","Harris","318","0","5"
"30-39 years","Harris","225","0","7"
"40-49 years","Harris","339","3","10"
"50-59 years","Harris","339","6","22"
"60-69 years","Harris","301","13","48"
"70-79 years","Harris","170","16","39"
"80 & Older years","Harris","55","9","10"
"<1 years","Harris","5","0","0"
"Unknown years","Harris","5","0","0"
"01-04 years","Hart","16","0","0"
"05-09 years","Hart","23","0","1"
"10-17 years","Hart","94","0","0"
"18-29 years","Hart","288","0","2"
"30-39 years","Hart","242","0","6"
"40-49 years","Hart","227","0","8"
"50-59 years","Hart","268","3","18"
"60-69 years","Hart","214","12","29"
"70-79 years","Hart","140","7","19"
"80 & Older years","Hart","86","13","27"
"<1 years","Hart","4","0","1"
"Unknown years","Hart","45","0","0"
"01-04 years","Heard","8","0","0"
"05-09 years","Heard","11","0","0"
"10-17 years","Heard","58","0","1"
"18-29 years","Heard","102","0","1"
"30-39 years","Heard","64","0","1"
"40-49 years","Heard","108","0","7"
"50-59 years","Heard","93","0","5"
"60-69 years","Heard","74","4","7"
"70-79 years","Heard","50","5","13"
"80 & Older years","Heard","21","4","2"
"<1 years","Heard","4","0","0"
"Unknown years","Heard","1","0","0"
"01-04 years","Henry","214","0","6"
"05-09 years","Henry","322","0","2"
"10-17 years","Henry","1251","0","12"
"18-29 years","Henry","3398","1","26"
"30-39 years","Henry","2779","6","42"
"40-49 years","Henry","3096","13","82"
"50-59 years","Henry","3020","18","110"
"60-69 years","Henry","1710","56","87"
"70-79 years","Henry","848","73","74"
"80 & Older years","Henry","433","76","53"
"<1 years","Henry","41","0","2"
"Unknown years","Henry","35","1","2"
"01-04 years","Houston","97","0","2"
"05-09 years","Houston","152","0","1"
"10-17 years","Houston","673","0","4"
"18-29 years","Houston","2003","3","34"
"30-39 years","Houston","1723","2","54"
"40-49 years","Houston","1610","5","85"
"50-59 years","Houston","1396","12","92"
"60-69 years","Houston","918","37","139"
"70-79 years","Houston","510","57","143"
"80 & Older years","Houston","284","50","90"
"<1 years","Houston","23","0","2"
"Unknown years","Houston","10","0","0"
"01-04 years","Irwin","6","0","0"
"05-09 years","Irwin","10","0","0"
"10-17 years","Irwin","51","0","0"
"18-29 years","Irwin","116","0","4"
"30-39 years","Irwin","95","0","4"
"40-49 years","Irwin","117","1","10"
"50-59 years","Irwin","104","2","12"
"60-69 years","Irwin","82","1","21"
"70-79 years","Irwin","50","5","8"
"80 & Older years","Irwin","35","6","19"
"01-04 years","Jackson","56","0","0"
"05-09 years","Jackson","150","0","3"
"10-17 years","Jackson","729","0","5"
"18-29 years","Jackson","1396","2","16"
"30-39 years","Jackson","1244","1","21"
"40-49 years","Jackson","1357","6","53"
"50-59 years","Jackson","1266","6","70"
"60-69 years","Jackson","849","21","76"
"70-79 years","Jackson","581","33","107"
"80 & Older years","Jackson","305","51","103"
"<1 years","Jackson","19","0","2"
"Unknown years","Jackson","34","0","1"
"01-04 years","Jasper","5","0","1"
"05-09 years","Jasper","8","0","0"
"10-17 years","Jasper","35","0","1"
"18-29 years","Jasper","118","0","3"
"30-39 years","Jasper","89","0","2"
"40-49 years","Jasper","94","1","3"
"50-59 years","Jasper","124","1","15"
"60-69 years","Jasper","92","8","16"
"70-79 years","Jasper","50","6","11"
"80 & Older years","Jasper","16","2","4"
"<1 years","Jasper","3","0","1"
"Unknown years","Jasper","1","0","0"
"01-04 years","Jeff Davis","28","0","1"
"05-09 years","Jeff Davis","32","0","0"
"10-17 years","Jeff Davis","114","0","2"
"18-29 years","Jeff Davis","239","0","4"
"30-39 years","Jeff Davis","208","0","9"
"40-49 years","Jeff Davis","199","0","11"
"50-59 years","Jeff Davis","185","7","20"
"60-69 years","Jeff Davis","123","7","23"
"70-79 years","Jeff Davis","81","13","19"
"80 & Older years","Jeff Davis","17","8","7"
"<1 years","Jeff Davis","2","0","1"
"Unknown years","Jeff Davis","1","0","0"
"01-04 years","Jefferson","18","0","0"
"05-09 years","Jefferson","32","0","0"
"10-17 years","Jefferson","105","0","1"
"18-29 years","Jefferson","238","0","3"
"30-39 years","Jefferson","192","0","7"
"40-49 years","Jefferson","207","3","12"
"50-59 years","Jefferson","265","5","22"
"60-69 years","Jefferson","245","12","31"
"70-79 years","Jefferson","154","15","39"
"80 & Older years","Jefferson","69","18","28"
"<1 years","Jefferson","4","0","0"
"Unknown years","Jefferson","9","0","0"
"01-04 years","Jenkins","17","0","0"
"05-09 years","Jenkins","20","0","0"
"10-17 years","Jenkins","58","0","0"
"18-29 years","Jenkins","105","0","2"
"30-39 years","Jenkins","84","1","6"
"40-49 years","Jenkins","108","3","10"
"50-59 years","Jenkins","115","6","17"
"60-69 years","Jenkins","84","5","11"
"70-79 years","Jenkins","56","12","21"
"80 & Older years","Jenkins","50","10","11"
"<1 years","Jenkins","2","0","0"
"Unknown years","Jenkins","3","0","1"
"01-04 years","Johnson","6","0","0"
"05-09 years","Johnson","7","0","0"
"10-17 years","Johnson","27","0","0"
"18-29 years","Johnson","119","0","3"
"30-39 years","Johnson","109","0","3"
"40-49 years","Johnson","93","2","7"
"50-59 years","Johnson","134","4","17"
"60-69 years","Johnson","127","7","19"
"70-79 years","Johnson","86","8","23"
"80 & Older years","Johnson","67","19","20"
"<1 years","Johnson","1","0","1"
"Unknown years","Johnson","1","0","0"
"01-04 years","Jones","6","0","0"
"05-09 years","Jones","23","0","0"
"10-17 years","Jones","84","0","0"
"18-29 years","Jones","321","0","6"
"30-39 years","Jones","239","1","8"
"40-49 years","Jones","227","2","10"
"50-59 years","Jones","250","1","23"
"60-69 years","Jones","174","4","32"
"70-79 years","Jones","117","15","41"
"80 & Older years","Jones","74","17","23"
"<1 years","Jones","3","0","0"
"Unknown years","Jones","1","0","0"
"01-04 years","Lamar","22","0","0"
"05-09 years","Lamar","44","0","0"
"10-17 years","Lamar","105","0","2"
"18-29 years","Lamar","192","0","2"
"30-39 years","Lamar","172","0","8"
"40-49 years","Lamar","168","1","4"
"50-59 years","Lamar","184","2","23"
"60-69 years","Lamar","164","8","21"
"70-79 years","Lamar","121","9","20"
"80 & Older years","Lamar","62","18","18"
"<1 years","Lamar","13","0","1"
"Unknown years","Lamar","2","0","0"
"01-04 years","Lanier","7","0","0"
"05-09 years","Lanier","10","0","1"
"10-17 years","Lanier","33","0","1"
"18-29 years","Lanier","98","1","1"
"30-39 years","Lanier","118","0","2"
"40-49 years","Lanier","72","1","2"
"50-59 years","Lanier","61","1","5"
"60-69 years","Lanier","38","2","2"
"70-79 years","Lanier","23","4","6"
"80 & Older years","Lanier","14","0","6"
"<1 years","Lanier","4","0","0"
"01-04 years","Laurens","26","0","0"
"05-09 years","Laurens","46","0","1"
"10-17 years","Laurens","232","0","4"
"18-29 years","Laurens","631","0","10"
"30-39 years","Laurens","538","1","17"
"40-49 years","Laurens","547","4","27"
"50-59 years","Laurens","569","9","62"
"60-69 years","Laurens","472","30","79"
"70-79 years","Laurens","311","42","79"
"80 & Older years","Laurens","212","48","57"
"<1 years","Laurens","5","0","1"
"Unknown years","Laurens","3","0","0"
"01-04 years","Lee","11","0","0"
"05-09 years","Lee","29","0","3"
"10-17 years","Lee","111","0","2"
"18-29 years","Lee","256","1","8"
"30-39 years","Lee","278","1","16"
"40-49 years","Lee","280","3","28"
"50-59 years","Lee","250","8","38"
"60-69 years","Lee","181","12","30"
"70-79 years","Lee","86","12","28"
"80 & Older years","Lee","48","8","20"
"<1 years","Lee","8","0","0"
"Unknown years","Lee","1","0","0"
"01-04 years","Liberty","38","0","1"
"05-09 years","Liberty","55","0","1"
"10-17 years","Liberty","214","0","2"
"18-29 years","Liberty","715","1","13"
"30-39 years","Liberty","447","0","15"
"40-49 years","Liberty","410","0","17"
"50-59 years","Liberty","370","7","38"
"60-69 years","Liberty","265","15","48"
"70-79 years","Liberty","118","13","42"
"80 & Older years","Liberty","58","13","25"
"<1 years","Liberty","25","0","1"
"Unknown years","Liberty","6","0","0"
"01-04 years","Lincoln","9","0","0"
"05-09 years","Lincoln","13","0","0"
"10-17 years","Lincoln","25","0","0"
"18-29 years","Lincoln","88","0","2"
"30-39 years","Lincoln","66","0","1"
"40-49 years","Lincoln","77","1","6"
"50-59 years","Lincoln","62","2","5"
"60-69 years","Lincoln","70","4","14"
"70-79 years","Lincoln","48","5","11"
"80 & Older years","Lincoln","21","7","9"
"<1 years","Lincoln","2","0","0"
"Unknown years","Lincoln","5","0","0"
"01-04 years","Long","13","0","0"
"05-09 years","Long","15","0","0"
"10-17 years","Long","55","0","0"
"18-29 years","Long","121","0","0"
"30-39 years","Long","131","0","2"
"40-49 years","Long","94","0","6"
"50-59 years","Long","83","1","9"
"60-69 years","Long","64","1","8"
"70-79 years","Long","43","6","14"
"80 & Older years","Long","21","3","7"
"<1 years","Long","5","0","0"
"01-04 years","Lowndes","131","0","0"
"05-09 years","Lowndes","176","0","0"
"10-17 years","Lowndes","588","0","6"
"18-29 years","Lowndes","2202","4","28"
"30-39 years","Lowndes","1194","1","18"
"40-49 years","Lowndes","971","3","38"
"50-59 years","Lowndes","866","7","52"
"60-69 years","Lowndes","606","26","81"
"70-79 years","Lowndes","326","38","62"
"80 & Older years","Lowndes","199","48","56"
"<1 years","Lowndes","30","0","0"
"Unknown years","Lowndes","15","0","0"
"01-04 years","Lumpkin","16","0","0"
"05-09 years","Lumpkin","30","0","2"
"10-17 years","Lumpkin","127","0","2"
"18-29 years","Lumpkin","681","0","12"
"30-39 years","Lumpkin","321","0","9"
"40-49 years","Lumpkin","317","1","16"
"50-59 years","Lumpkin","367","4","41"
"60-69 years","Lumpkin","355","9","51"
"70-79 years","Lumpkin","259","10","63"
"80 & Older years","Lumpkin","132","30","66"
"<1 years","Lumpkin","7","0","1"
"Unknown years","Lumpkin","45","0","2"
"01-04 years","Macon","9","0","0"
"05-09 years","Macon","11","0","0"
"10-17 years","Macon","21","0","0"
"18-29 years","Macon","100","0","3"
"30-39 years","Macon","68","0","4"
"40-49 years","Macon","103","1","7"
"50-59 years","Macon","112","4","13"
"60-69 years","Macon","74","6","22"
"70-79 years","Macon","52","5","20"
"80 & Older years","Macon","18","6","6"
"<1 years","Macon","3","0","0"
"Unknown years","Macon","5","0","1"
"01-04 years","Madison","40","0","1"
"05-09 years","Madison","51","0","0"
"10-17 years","Madison","223","0","0"
"18-29 years","Madison","454","0","2"
"30-39 years","Madison","395","0","5"
"40-49 years","Madison","392","0","17"
"50-59 years","Madison","421","4","25"
"60-69 years","Madison","320","8","37"
"70-79 years","Madison","185","14","41"
"80 & Older years","Madison","74","11","9"
"<1 years","Madison","18","0","4"
"Unknown years","Madison","14","0","0"
"01-04 years","Marion","8","0","0"
"05-09 years","Marion","8","0","1"
"10-17 years","Marion","38","0","0"
"18-29 years","Marion","60","0","1"
"30-39 years","Marion","42","0","2"
"40-49 years","Marion","57","1","5"
"50-59 years","Marion","60","5","5"
"60-69 years","Marion","42","3","4"
"70-79 years","Marion","28","1","5"
"80 & Older years","Marion","28","4","8"
"<1 years","Marion","3","0","0"
"Unknown years","Marion","2","0","0"
"01-04 years","McDuffie","26","0","0"
"05-09 years","McDuffie","29","0","0"
"10-17 years","McDuffie","109","0","0"
"18-29 years","McDuffie","305","0","5"
"30-39 years","McDuffie","238","2","4"
"40-49 years","McDuffie","240","2","12"
"50-59 years","McDuffie","246","4","27"
"60-69 years","McDuffie","194","9","27"
"70-79 years","McDuffie","111","8","42"
"80 & Older years","McDuffie","49","13","25"
"<1 years","McDuffie","2","0","0"
"Unknown years","McDuffie","26","0","1"
"01-04 years","McIntosh","2","0","0"
"05-09 years","McIntosh","10","0","0"
"10-17 years","McIntosh","38","0","0"
"18-29 years","McIntosh","95","0","2"
"30-39 years","McIntosh","76","0","3"
"40-49 years","McIntosh","84","0","4"
"50-59 years","McIntosh","113","0","3"
"60-69 years","McIntosh","90","2","17"
"70-79 years","McIntosh","60","4","14"
"80 & Older years","McIntosh","24","7","8"
"<1 years","McIntosh","1","0","0"
"Unknown years","McIntosh","2","0","0"
"01-04 years","Meriwether","25","0","2"
"05-09 years","Meriwether","26","0","1"
"10-17 years","Meriwether","78","0","1"
"18-29 years","Meriwether","199","0","6"
"30-39 years","Meriwether","167","2","13"
"40-49 years","Meriwether","215","2","15"
"50-59 years","Meriwether","224","4","17"
"60-69 years","Meriwether","204","6","23"
"70-79 years","Meriwether","178","17","30"
"80 & Older years","Meriwether","100","20","16"
"<1 years","Meriwether","4","0","0"
"Unknown years","Meriwether","1","0","0"
"01-04 years","Miller","9","0","0"
"05-09 years","Miller","8","0","0"
"10-17 years","Miller","62","0","1"
"18-29 years","Miller","103","0","1"
"30-39 years","Miller","95","0","0"
"40-49 years","Miller","73","0","5"
"50-59 years","Miller","124","2","11"
"60-69 years","Miller","85","2","5"
"70-79 years","Miller","28","0","2"
"80 & Older years","Miller","24","1","6"
"<1 years","Miller","3","0","0"
"01-04 years","Mitchell","20","0","0"
"05-09 years","Mitchell","25","0","0"
"10-17 years","Mitchell","87","0","2"
"18-29 years","Mitchell","244","0","10"
"30-39 years","Mitchell","213","1","15"
"40-49 years","Mitchell","207","3","17"
"50-59 years","Mitchell","240","10","54"
"60-69 years","Mitchell","202","14","48"
"70-79 years","Mitchell","128","17","46"
"80 & Older years","Mitchell","96","25","32"
"<1 years","Mitchell","7","0","0"
"Unknown years","Mitchell","2","0","1"
"01-04 years","Monroe","11","0","0"
"05-09 years","Monroe","23","0","1"
"10-17 years","Monroe","88","0","0"
"18-29 years","Monroe","282","0","3"
"30-39 years","Monroe","238","0","6"
"40-49 years","Monroe","263","2","20"
"50-59 years","Monroe","305","3","22"
"60-69 years","Monroe","279","17","47"
"70-79 years","Monroe","161","20","43"
"80 & Older years","Monroe","119","35","31"
"<1 years","Monroe","4","0","1"
"01-04 years","Montgomery","9","0","0"
"05-09 years","Montgomery","6","0","0"
"10-17 years","Montgomery","51","0","1"
"18-29 years","Montgomery","153","0","1"
"30-39 years","Montgomery","94","1","3"
"40-49 years","Montgomery","123","0","2"
"50-59 years","Montgomery","97","2","6"
"60-69 years","Montgomery","93","5","12"
"70-79 years","Montgomery","53","6","9"
"80 & Older years","Montgomery","23","5","6"
"<1 years","Montgomery","1","0","0"
"Unknown years","Montgomery","1","0","0"
"01-04 years","Morgan","16","0","0"
"05-09 years","Morgan","22","0","1"
"10-17 years","Morgan","88","0","2"
"18-29 years","Morgan","204","0","4"
"30-39 years","Morgan","156","0","6"
"40-49 years","Morgan","162","0","4"
"50-59 years","Morgan","180","1","12"
"60-69 years","Morgan","128","2","10"
"70-79 years","Morgan","99","4","15"
"80 & Older years","Morgan","53","7","20"
"<1 years","Morgan","13","0","2"
"Unknown years","Morgan","2","0","0"
"01-04 years","Murray","66","0","2"
"05-09 years","Murray","93","0","2"
"10-17 years","Murray","370","0","2"
"18-29 years","Murray","777","0","8"
"30-39 years","Murray","542","1","7"
"40-49 years","Murray","668","0","21"
"50-59 years","Murray","599","6","40"
"60-69 years","Murray","394","10","62"
"70-79 years","Murray","245","29","54"
"80 & Older years","Murray","99","21","25"
"<1 years","Murray","22","0","2"
"Unknown years","Murray","5","0","0"
"01-04 years","Muscogee","200","0","6"
"05-09 years","Muscogee","303","0","0"
"10-17 years","Muscogee","828","0","7"
"18-29 years","Muscogee","3001","3","57"
"30-39 years","Muscogee","2028","2","77"
"40-49 years","Muscogee","1769","6","93"
"50-59 years","Muscogee","1830","35","185"
"60-69 years","Muscogee","1413","70","243"
"70-79 years","Muscogee","811","83","180"
"80 & Older years","Muscogee","508","121","163"
"<1 years","Muscogee","67","0","3"
"Unknown years","Muscogee","64","0","1"
"01-04 years","Newton","74","0","1"
"05-09 years","Newton","124","0","1"
"10-17 years","Newton","408","0","8"
"18-29 years","Newton","1291","1","42"
"30-39 years","Newton","1098","0","54"
"40-49 years","Newton","1248","8","86"
"50-59 years","Newton","1187","13","117"
"60-69 years","Newton","664","33","98"
"70-79 years","Newton","463","49","85"
"80 & Older years","Newton","282","75","73"
"<1 years","Newton","26","0","5"
"Unknown years","Newton","8","0","0"
"01-04 years","Non-GA Resident/Unknown State","241","0","2"
"05-09 years","Non-GA Resident/Unknown State","407","0","5"
"10-17 years","Non-GA Resident/Unknown State","1356","0","7"
"18-29 years","Non-GA Resident/Unknown State","5837","4","62"
"30-39 years","Non-GA Resident/Unknown State","4076","3","86"
"40-49 years","Non-GA Resident/Unknown State","3483","11","97"
"50-59 years","Non-GA Resident/Unknown State","3389","44","194"
"60-69 years","Non-GA Resident/Unknown State","2335","101","257"
"70-79 years","Non-GA Resident/Unknown State","1504","113","279"
"80 & Older years","Non-GA Resident/Unknown State","847","128","191"
"<1 years","Non-GA Resident/Unknown State","143","0","2"
"Unknown years","Non-GA Resident/Unknown State","959","3","5"
"01-04 years","Oconee","34","0","0"
"05-09 years","Oconee","61","0","0"
"10-17 years","Oconee","268","0","0"
"18-29 years","Oconee","525","0","4"
"30-39 years","Oconee","334","0","4"
"40-49 years","Oconee","504","1","10"
"50-59 years","Oconee","423","4","11"
"60-69 years","Oconee","289","9","29"
"70-79 years","Oconee","164","16","23"
"80 & Older years","Oconee","123","26","38"
"<1 years","Oconee","8","0","0"
"Unknown years","Oconee","4","1","0"
"01-04 years","Oglethorpe","17","0","0"
"05-09 years","Oglethorpe","26","0","0"
"10-17 years","Oglethorpe","88","0","1"
"18-29 years","Oglethorpe","196","0","1"
"30-39 years","Oglethorpe","136","1","1"
"40-49 years","Oglethorpe","165","1","5"
"50-59 years","Oglethorpe","166","1","18"
"60-69 years","Oglethorpe","138","0","14"
"70-79 years","Oglethorpe","103","9","14"
"80 & Older years","Oglethorpe","66","14","16"
"<1 years","Oglethorpe","8","0","0"
"Unknown years","Oglethorpe","5","0","0"
"01-04 years","Paulding","128","0","2"
"05-09 years","Paulding","247","0","0"
"10-17 years","Paulding","959","0","6"
"18-29 years","Paulding","1877","0","17"
"30-39 years","Paulding","1572","2","24"
"40-49 years","Paulding","1712","4","28"
"50-59 years","Paulding","1632","12","55"
"60-69 years","Paulding","859","31","62"
"70-79 years","Paulding","482","34","61"
"80 & Older years","Paulding","304","59","53"
"<1 years","Paulding","28","0","0"
"Unknown years","Paulding","42","1","0"
"01-04 years","Peach","14","0","2"
"05-09 years","Peach","19","0","0"
"10-17 years","Peach","73","0","1"
"18-29 years","Peach","387","1","8"
"30-39 years","Peach","290","0","15"
"40-49 years","Peach","235","3","19"
"50-59 years","Peach","294","8","39"
"60-69 years","Peach","247","7","48"
"70-79 years","Peach","125","10","37"
"80 & Older years","Peach","65","15","27"
"<1 years","Peach","4","0","0"
"Unknown years","Peach","1","0","0"
"01-04 years","Pickens","21","0","2"
"05-09 years","Pickens","37","0","0"
"10-17 years","Pickens","131","0","0"
"18-29 years","Pickens","365","0","5"
"30-39 years","Pickens","306","0","11"
"40-49 years","Pickens","367","0","16"
"50-59 years","Pickens","412","4","23"
"60-69 years","Pickens","317","6","36"
"70-79 years","Pickens","258","18","56"
"80 & Older years","Pickens","120","24","35"
"<1 years","Pickens","3","0","1"
"Unknown years","Pickens","9","0","0"
"01-04 years","Pierce","11","0","0"
"05-09 years","Pierce","21","0","0"
"10-17 years","Pierce","85","1","1"
"18-29 years","Pierce","221","0","5"
"30-39 years","Pierce","146","0","3"
"40-49 years","Pierce","196","0","12"
"50-59 years","Pierce","187","4","20"
"60-69 years","Pierce","144","10","36"
"70-79 years","Pierce","108","10","29"
"80 & Older years","Pierce","54","13","15"
"<1 years","Pierce","7","0","1"
"Unknown years","Pierce","1","0","0"
"01-04 years","Pike","25","0","0"
"05-09 years","Pike","23","0","0"
"10-17 years","Pike","109","0","1"
"18-29 years","Pike","147","0","5"
"30-39 years","Pike","132","0","2"
"40-49 years","Pike","186","2","9"
"50-59 years","Pike","143","3","7"
"60-69 years","Pike","97","2","17"
"70-79 years","Pike","80","8","17"
"80 & Older years","Pike","31","6","6"
"<1 years","Pike","1","0","0"
"Unknown years","Pike","3","0","0"
"01-04 years","Polk","40","0","1"
"05-09 years","Polk","70","0","0"
"10-17 years","Polk","303","0","2"
"18-29 years","Polk","772","0","11"
"30-39 years","Polk","529","0","11"
"40-49 years","Polk","565","1","38"
"50-59 years","Polk","590","11","74"
"60-69 years","Polk","378","13","72"
"70-79 years","Polk","300","22","84"
"80 & Older years","Polk","133","24","54"
"<1 years","Polk","17","0","0"
"Unknown years","Polk","32","0","0"
"01-04 years","Pulaski","5","0","0"
"05-09 years","Pulaski","8","0","0"
"10-17 years","Pulaski","37","0","1"
"18-29 years","Pulaski","79","0","1"
"30-39 years","Pulaski","87","0","2"
"40-49 years","Pulaski","89","0","7"
"50-59 years","Pulaski","102","0","6"
"60-69 years","Pulaski","94","8","12"
"70-79 years","Pulaski","48","11","16"
"80 & Older years","Pulaski","39","11","5"
"<1 years","Pulaski","3","0","0"
"01-04 years","Putnam","21","0","0"
"05-09 years","Putnam","42","0","1"
"10-17 years","Putnam","112","0","2"
"18-29 years","Putnam","269","0","2"
"30-39 years","Putnam","218","0","6"
"40-49 years","Putnam","210","1","6"
"50-59 years","Putnam","277","3","17"
"60-69 years","Putnam","250","12","30"
"70-79 years","Putnam","186","15","52"
"80 & Older years","Putnam","83","16","31"
"<1 years","Putnam","6","0","1"
"Unknown years","Putnam","1","0","0"
"01-04 years","Quitman","1","0","0"
"05-09 years","Quitman","4","0","0"
"10-17 years","Quitman","5","0","0"
"18-29 years","Quitman","12","0","0"
"30-39 years","Quitman","4","0","1"
"40-49 years","Quitman","3","0","1"
"50-59 years","Quitman","14","0","1"
"60-69 years","Quitman","22","1","4"
"70-79 years","Quitman","4","0","1"
"80 & Older years","Quitman","5","0","1"
"<1 years","Quitman","2","0","0"
"01-04 years","Rabun","13","0","0"
"05-09 years","Rabun","20","0","0"
"10-17 years","Rabun","93","0","0"
"18-29 years","Rabun","200","0","5"
"30-39 years","Rabun","177","1","10"
"40-49 years","Rabun","182","0","7"
"50-59 years","Rabun","211","3","24"
"60-69 years","Rabun","220","7","30"
"70-79 years","Rabun","165","11","34"
"80 & Older years","Rabun","77","14","31"
"<1 years","Rabun","5","0","1"
"Unknown years","Rabun","64","0","1"
"01-04 years","Randolph","2","0","0"
"05-09 years","Randolph","5","0","0"
"10-17 years","Randolph","12","0","0"
"18-29 years","Randolph","59","0","2"
"30-39 years","Randolph","66","2","5"
"40-49 years","Randolph","54","0","4"
"50-59 years","Randolph","90","3","20"
"60-69 years","Randolph","67","8","15"
"70-79 years","Randolph","48","3","14"
"80 & Older years","Randolph","46","15","16"
"<1 years","Randolph","1","0","0"
"Unknown years","Randolph","2","0","0"
"01-04 years","Richmond","273","0","1"
"05-09 years","Richmond","529","0","3"
"10-17 years","Richmond","1441","0","11"
"18-29 years","Richmond","4307","6","58"
"30-39 years","Richmond","3206","6","76"
"40-49 years","Richmond","2581","17","105"
"50-59 years","Richmond","2607","33","200"
"60-69 years","Richmond","1924","66","244"
"70-79 years","Richmond","1052","85","275"
"80 & Older years","Richmond","643","134","263"
"<1 years","Richmond","84","0","2"
"Unknown years","Richmond","35","0","1"
"01-04 years","Rockdale","55","0","4"
"05-09 years","Rockdale","98","0","0"
"10-17 years","Rockdale","309","0","12"
"18-29 years","Rockdale","1072","2","68"
"30-39 years","Rockdale","850","3","83"
"40-49 years","Rockdale","978","6","106"
"50-59 years","Rockdale","949","11","152"
"60-69 years","Rockdale","601","23","136"
"70-79 years","Rockdale","357","42","140"
"80 & Older years","Rockdale","192","37","87"
"<1 years","Rockdale","8","0","2"
"Unknown years","Rockdale","5","0","0"
"01-04 years","Schley","5","0","0"
"05-09 years","Schley","4","0","0"
"10-17 years","Schley","20","0","0"
"18-29 years","Schley","46","0","2"
"30-39 years","Schley","21","0","0"
"40-49 years","Schley","29","0","3"
"50-59 years","Schley","31","0","3"
"60-69 years","Schley","26","1","8"
"70-79 years","Schley","12","0","2"
"80 & Older years","Schley","7","2","2"
"<1 years","Schley","1","0","0"
"01-04 years","Screven","8","0","0"
"05-09 years","Screven","15","0","0"
"10-17 years","Screven","59","0","0"
"18-29 years","Screven","133","0","3"
"30-39 years","Screven","120","0","2"
"40-49 years","Screven","94","1","4"
"50-59 years","Screven","107","2","13"
"60-69 years","Screven","134","1","14"
"70-79 years","Screven","72","6","16"
"80 & Older years","Screven","37","7","10"
"<1 years","Screven","4","0","0"
"Unknown years","Screven","1","0","0"
"01-04 years","Seminole","13","0","0"
"05-09 years","Seminole","15","0","0"
"10-17 years","Seminole","73","0","0"
"18-29 years","Seminole","107","0","0"
"30-39 years","Seminole","86","0","0"
"40-49 years","Seminole","89","0","5"
"50-59 years","Seminole","107","1","6"
"60-69 years","Seminole","123","3","24"
"70-79 years","Seminole","69","6","15"
"80 & Older years","Seminole","29","7","12"
"<1 years","Seminole","4","0","0"
"01-04 years","Spalding","62","0","3"
"05-09 years","Spalding","50","0","1"
"10-17 years","Spalding","177","0","2"
"18-29 years","Spalding","632","1","27"
"30-39 years","Spalding","544","4","28"
"40-49 years","Spalding","545","2","38"
"50-59 years","Spalding","579","13","66"
"60-69 years","Spalding","461","25","84"
"70-79 years","Spalding","332","36","73"
"80 & Older years","Spalding","209","48","66"
"<1 years","Spalding","11","0","0"
"Unknown years","Spalding","15","0","0"
"01-04 years","Stephens","16","0","0"
"05-09 years","Stephens","42","0","1"
"10-17 years","Stephens","171","0","3"
"18-29 years","Stephens","515","1","13"
"30-39 years","Stephens","332","0","8"
"40-49 years","Stephens","419","1","22"
"50-59 years","Stephens","444","4","37"
"60-69 years","Stephens","432","18","60"
"70-79 years","Stephens","292","21","62"
"80 & Older years","Stephens","152","25","39"
"<1 years","Stephens","5","0","0"
"Unknown years","Stephens","34","0","0"
"01-04 years","Stewart","3","0","0"
"05-09 years","Stewart","2","0","0"
"10-17 years","Stewart","14","0","0"
"18-29 years","Stewart","164","0","20"
"30-39 years","Stewart","213","1","25"
"40-49 years","Stewart","155","1","23"
"50-59 years","Stewart","82","2","12"
"60-69 years","Stewart","68","10","25"
"70-79 years","Stewart","24","3","5"
"80 & Older years","Stewart","21","4","6"
"<1 years","Stewart","1","0","0"
"Unknown years","Stewart","14","0","4"
"01-04 years","Sumter","22","0","0"
"05-09 years","Sumter","29","0","0"
"10-17 years","Sumter","74","0","2"
"18-29 years","Sumter","315","1","11"
"30-39 years","Sumter","262","1","20"
"40-49 years","Sumter","252","5","20"
"50-59 years","Sumter","272","2","40"
"60-69 years","Sumter","256","25","68"
"70-79 years","Sumter","162","25","45"
"80 & Older years","Sumter","104","27","46"
"<1 years","Sumter","10","0","0"
"Unknown years","Sumter","2","0","0"
"01-04 years","Talbot","7","0","0"
"05-09 years","Talbot","4","0","0"
"10-17 years","Talbot","30","0","0"
"18-29 years","Talbot","54","0","1"
"30-39 years","Talbot","32","0","1"
"40-49 years","Talbot","58","1","4"
"50-59 years","Talbot","62","5","6"
"60-69 years","Talbot","57","3","10"
"70-79 years","Talbot","37","6","7"
"80 & Older years","Talbot","20","2","8"
"Unknown years","Talbot","2","0","0"
"01-04 years","Taliaferro","1","0","0"
"05-09 years","Taliaferro","1","0","0"
"10-17 years","Taliaferro","6","0","0"
"18-29 years","Taliaferro","12","0","0"
"30-39 years","Taliaferro","14","0","0"
"40-49 years","Taliaferro","18","0","1"
"50-59 years","Taliaferro","9","0","0"
"60-69 years","Taliaferro","20","0","3"
"70-79 years","Taliaferro","10","1","3"
"80 & Older years","Taliaferro","4","1","2"
"01-04 years","Tattnall","30","0","0"
"05-09 years","Tattnall","46","0","0"
"10-17 years","Tattnall","155","0","0"
"18-29 years","Tattnall","308","0","1"
"30-39 years","Tattnall","274","1","4"
"40-49 years","Tattnall","271","0","7"
"50-59 years","Tattnall","296","7","22"
"60-69 years","Tattnall","232","12","31"
"70-79 years","Tattnall","112","12","34"
"80 & Older years","Tattnall","45","5","8"
"<1 years","Tattnall","9","0","0"
"Unknown years","Tattnall","3","0","1"
"01-04 years","Taylor","13","0","1"
"05-09 years","Taylor","13","0","0"
"10-17 years","Taylor","49","0","1"
"18-29 years","Taylor","75","0","1"
"30-39 years","Taylor","50","0","4"
"40-49 years","Taylor","91","1","10"
"50-59 years","Taylor","71","0","15"
"60-69 years","Taylor","62","5","17"
"70-79 years","Taylor","33","5","9"
"80 & Older years","Taylor","26","9","12"
"<1 years","Taylor","4","0","0"
"01-04 years","Telfair","9","0","0"
"05-09 years","Telfair","11","0","0"
"10-17 years","Telfair","20","0","0"
"18-29 years","Telfair","136","0","3"
"30-39 years","Telfair","92","1","1"
"40-49 years","Telfair","104","2","6"
"50-59 years","Telfair","103","5","10"
"60-69 years","Telfair","103","9","17"
"70-79 years","Telfair","69","11","17"
"80 & Older years","Telfair","41","14","11"
"<1 years","Telfair","4","0","0"
"Unknown years","Telfair","2","1","1"
"01-04 years","Terrell","7","0","0"
"05-09 years","Terrell","6","0","0"
"10-17 years","Terrell","41","0","0"
"18-29 years","Terrell","66","0","1"
"30-39 years","Terrell","76","0","9"
"40-49 years","Terrell","63","0","8"
"50-59 years","Terrell","95","3","15"
"60-69 years","Terrell","89","11","31"
"70-79 years","Terrell","59","14","26"
"80 & Older years","Terrell","37","12","16"
"01-04 years","Thomas","60","0","1"
"05-09 years","Thomas","112","0","0"
"10-17 years","Thomas","301","0","2"
"18-29 years","Thomas","584","1","25"
"30-39 years","Thomas","472","1","17"
"40-49 years","Thomas","501","4","29"
"50-59 years","Thomas","531","11","41"
"60-69 years","Thomas","429","13","92"
"70-79 years","Thomas","258","33","71"
"80 & Older years","Thomas","166","43","58"
"<1 years","Thomas","14","0","1"
"Unknown years","Thomas","2","0","0"
"01-04 years","Tift","33","0","1"
"05-09 years","Tift","58","0","3"
"10-17 years","Tift","226","0","6"
"18-29 years","Tift","766","0","20"
"30-39 years","Tift","536","1","28"
"40-49 years","Tift","539","7","59"
"50-59 years","Tift","455","9","67"
"60-69 years","Tift","353","16","73"
"70-79 years","Tift","242","28","90"
"80 & Older years","Tift","137","31","59"
"<1 years","Tift","13","0","0"
"Unknown years","Tift","2","0","0"
"01-04 years","Toombs","30","0","0"
"05-09 years","Toombs","49","0","0"
"10-17 years","Toombs","208","0","2"
"18-29 years","Toombs","504","0","5"
"30-39 years","Toombs","396","0","3"
"40-49 years","Toombs","406","1","20"
"50-59 years","Toombs","406","7","23"
"60-69 years","Toombs","370","12","41"
"70-79 years","Toombs","250","31","40"
"80 & Older years","Toombs","150","34","28"
"<1 years","Toombs","7","0","0"
"Unknown years","Toombs","4","0","0"
"01-04 years","Towns","2","0","0"
"05-09 years","Towns","6","0","0"
"10-17 years","Towns","44","0","1"
"18-29 years","Towns","128","0","4"
"30-39 years","Towns","86","0","3"
"40-49 years","Towns","106","2","5"
"50-59 years","Towns","154","2","13"
"60-69 years","Towns","200","2","17"
"70-79 years","Towns","151","7","34"
"80 & Older years","Towns","117","24","43"
"Unknown years","Towns","23","0","0"
"01-04 years","Treutlen","6","0","0"
"05-09 years","Treutlen","15","0","1"
"10-17 years","Treutlen","48","0","0"
"18-29 years","Treutlen","101","0","2"
"30-39 years","Treutlen","95","0","5"
"40-49 years","Treutlen","103","0","5"
"50-59 years","Treutlen","102","1","7"
"60-69 years","Treutlen","68","4","12"
"70-79 years","Treutlen","53","9","10"
"80 & Older years","Treutlen","31","5","9"
"01-04 years","Troup","126","0","1"
"05-09 years","Troup","172","0","0"
"10-17 years","Troup","490","0","3"
"18-29 years","Troup","1141","1","28"
"30-39 years","Troup","849","6","42"
"40-49 years","Troup","766","4","48"
"50-59 years","Troup","784","14","96"
"60-69 years","Troup","607","26","91"
"70-79 years","Troup","330","43","87"
"80 & Older years","Troup","232","68","58"
"<1 years","Troup","40","0","1"
"Unknown years","Troup","7","0","0"
"01-04 years","Turner","3","0","0"
"05-09 years","Turner","7","0","1"
"10-17 years","Turner","20","0","0"
"18-29 years","Turner","82","0","2"
"30-39 years","Turner","99","0","10"
"40-49 years","Turner","104","0","5"
"50-59 years","Turner","93","2","12"
"60-69 years","Turner","84","8","26"
"70-79 years","Turner","52","6","13"
"80 & Older years","Turner","35","14","15"
"<1 years","Turner","2","0","1"
"01-04 years","Twiggs","9","0","0"
"05-09 years","Twiggs","7","0","1"
"10-17 years","Twiggs","26","0","0"
"18-29 years","Twiggs","66","0","2"
"30-39 years","Twiggs","58","1","4"
"40-49 years","Twiggs","61","1","7"
"50-59 years","Twiggs","89","3","12"
"60-69 years","Twiggs","97","7","30"
"70-79 years","Twiggs","54","7","19"
"80 & Older years","Twiggs","25","11","16"
"<1 years","Twiggs","1","0","0"
"01-04 years","Union","7","0","0"
"05-09 years","Union","16","0","0"
"10-17 years","Union","69","0","1"
"18-29 years","Union","243","1","1"
"30-39 years","Union","205","0","2"
"40-49 years","Union","210","0","13"
"50-59 years","Union","287","4","19"
"60-69 years","Union","348","4","42"
"70-79 years","Union","298","20","54"
"80 & Older years","Union","198","33","61"
"<1 years","Union","1","0","0"
"Unknown years","Union","32","0","0"
"01-04 years","Unknown","26","0","0"
"05-09 years","Unknown","54","0","0"
"10-17 years","Unknown","188","0","0"
"18-29 years","Unknown","834","2","5"
"30-39 years","Unknown","431","3","6"
"40-49 years","Unknown","386","1","2"
"50-59 years","Unknown","326","3","7"
"60-69 years","Unknown","197","1","7"
"70-79 years","Unknown","120","0","9"
"80 & Older years","Unknown","53","1","6"
"<1 years","Unknown","28","0","1"
"Unknown years","Unknown","138","0","3"
"01-04 years","Upson","34","0","0"
"05-09 years","Upson","45","0","0"
"10-17 years","Upson","129","0","1"
"18-29 years","Upson","288","0","6"
"30-39 years","Upson","205","2","9"
"40-49 years","Upson","230","1","11"
"50-59 years","Upson","251","6","21"
"60-69 years","Upson","230","19","36"
"70-79 years","Upson","163","31","45"
"80 & Older years","Upson","105","37","34"
"<1 years","Upson","15","0","0"
"Unknown years","Upson","10","0","0"
"01-04 years","Walker","74","0","1"
"05-09 years","Walker","131","0","1"
"10-17 years","Walker","479","0","3"
"18-29 years","Walker","1065","0","16"
"30-39 years","Walker","773","0","13"
"40-49 years","Walker","948","3","27"
"50-59 years","Walker","808","3","33"
"60-69 years","Walker","695","14","61"
"70-79 years","Walker","465","26","55"
"80 & Older years","Walker","227","25","28"
"<1 years","Walker","39","0","1"
"Unknown years","Walker","215","0","7"
"01-04 years","Walton","71","0","1"
"05-09 years","Walton","147","0","1"
"10-17 years","Walton","553","0","6"
"18-29 years","Walton","1280","1","26"
"30-39 years","Walton","1069","0","24"
"40-49 years","Walton","1201","3","48"
"50-59 years","Walton","1181","12","79"
"60-69 years","Walton","825","28","80"
"70-79 years","Walton","614","68","98"
"80 & Older years","Walton","376","94","76"
"<1 years","Walton","25","0","2"
"Unknown years","Walton","17","0","0"
"01-04 years","Ware","61","0","1"
"05-09 years","Ware","66","0","0"
"10-17 years","Ware","237","0","3"
"18-29 years","Ware","528","1","5"
"30-39 years","Ware","440","1","19"
"40-49 years","Ware","365","2","27"
"50-59 years","Ware","400","15","58"
"60-69 years","Ware","294","13","59"
"70-79 years","Ware","252","38","93"
"80 & Older years","Ware","204","58","60"
"<1 years","Ware","19","0","1"
"Unknown years","Ware","3","0","0"
"01-04 years","Warren","6","0","0"
"05-09 years","Warren","2","0","0"
"10-17 years","Warren","25","0","0"
"18-29 years","Warren","65","0","3"
"30-39 years","Warren","50","0","4"
"40-49 years","Warren","48","2","5"
"50-59 years","Warren","65","1","7"
"60-69 years","Warren","44","2","7"
"70-79 years","Warren","34","3","12"
"80 & Older years","Warren","17","2","6"
"<1 years","Warren","2","0","1"
"Unknown years","Warren","4","0","0"
"01-04 years","Washington","18","0","0"
"05-09 years","Washington","25","0","0"
"10-17 years","Washington","118","0","2"
"18-29 years","Washington","256","0","6"
"30-39 years","Washington","234","0","8"
"40-49 years","Washington","253","3","11"
"50-59 years","Washington","243","2","16"
"60-69 years","Washington","226","12","28"
"70-79 years","Washington","125","10","21"
"80 & Older years","Washington","79","22","13"
"<1 years","Washington","10","0","0"
"Unknown years","Washington","6","0","0"
"01-04 years","Wayne","29","0","1"
"05-09 years","Wayne","31","0","0"
"10-17 years","Wayne","155","0","1"
"18-29 years","Wayne","394","1","9"
"30-39 years","Wayne","396","1","10"
"40-49 years","Wayne","471","1","36"
"50-59 years","Wayne","394","5","33"
"60-69 years","Wayne","315","18","63"
"70-79 years","Wayne","253","23","73"
"80 & Older years","Wayne","116","18","25"
"<1 years","Wayne","4","0","0"
"Unknown years","Wayne","2","0","0"
"10-17 years","Webster","3","0","0"
"18-29 years","Webster","17","0","1"
"30-39 years","Webster","8","0","1"
"40-49 years","Webster","16","0","2"
"50-59 years","Webster","18","2","4"
"60-69 years","Webster","22","1","4"
"70-79 years","Webster","7","0","1"
"80 & Older years","Webster","4","1","0"
"Unknown years","Webster","2","0","0"
"01-04 years","Wheeler","1","0","0"
"05-09 years","Wheeler","5","0","0"
"10-17 years","Wheeler","23","0","0"
"18-29 years","Wheeler","52","0","0"
"30-39 years","Wheeler","75","2","2"
"40-49 years","Wheeler","78","1","3"
"50-59 years","Wheeler","91","7","11"
"60-69 years","Wheeler","54","3","6"
"70-79 years","Wheeler","40","5","11"
"80 & Older years","Wheeler","9","3","1"
"<1 years","Wheeler","1","0","0"
"Unknown years","Wheeler","24","0","1"
"01-04 years","White","17","0","0"
"05-09 years","White","59","0","0"
"10-17 years","White","228","0","2"
"18-29 years","White","427","1","7"
"30-39 years","White","312","1","8"
"40-49 years","White","394","1","16"
"50-59 years","White","462","4","37"
"60-69 years","White","423","12","61"
"70-79 years","White","315","13","75"
"80 & Older years","White","178","30","68"
"<1 years","White","5","0","0"
"Unknown years","White","46","0","2"
"01-04 years","Whitfield","198","0","2"
"05-09 years","Whitfield","376","0","3"
"10-17 years","Whitfield","1304","0","6"
"18-29 years","Whitfield","3361","0","43"
"30-39 years","Whitfield","2177","5","58"
"40-49 years","Whitfield","2273","4","73"
"50-59 years","Whitfield","2070","25","115"
"60-69 years","Whitfield","1219","32","135"
"70-79 years","Whitfield","695","53","134"
"80 & Older years","Whitfield","403","86","116"
"<1 years","Whitfield","69","0","5"
"Unknown years","Whitfield","30","0","2"
"01-04 years","Wilcox","10","0","0"
"05-09 years","Wilcox","9","0","0"
"10-17 years","Wilcox","27","0","0"
"18-29 years","Wilcox","45","0","1"
"30-39 years","Wilcox","47","0","1"
"40-49 years","Wilcox","73","0","12"
"50-59 years","Wilcox","82","1","15"
"60-69 years","Wilcox","84","9","24"
"70-79 years","Wilcox","52","10","10"
"80 & Older years","Wilcox","24","7","6"
"<1 years","Wilcox","5","0","0"
"01-04 years","Wilkes","8","0","0"
"05-09 years","Wilkes","16","0","0"
"10-17 years","Wilkes","51","0","0"
"18-29 years","Wilkes","110","0","1"
"30-39 years","Wilkes","83","0","5"
"40-49 years","Wilkes","102","0","11"
"50-59 years","Wilkes","98","2","4"
"60-69 years","Wilkes","78","1","12"
"70-79 years","Wilkes","64","5","18"
"80 & Older years","Wilkes","30","8","13"
"<1 years","Wilkes","3","0","0"
"Unknown years","Wilkes","1","0","0"
"01-04 years","Wilkinson","6","0","0"
"05-09 years","Wilkinson","11","0","0"
"10-17 years","Wilkinson","30","0","1"
"18-29 years","Wilkinson","107","0","3"
"30-39 years","Wilkinson","85","0","5"
"40-49 years","Wilkinson","93","0","6"
"50-59 years","Wilkinson","146","4","24"
"60-69 years","Wilkinson","128","9","38"
"70-79 years","Wilkinson","59","6","22"
"80 & Older years","Wilkinson","38","4","15"
"01-04 years","Worth","13","0","0"
"05-09 years","Worth","13","0","0"
"10-17 years","Worth","77","0","3"
"18-29 years","Worth","176","0","8"
"30-39 years","Worth","141","0","10"
"40-49 years","Worth","152","1","15"
"50-59 years","Worth","185","4","24"
"60-69 years","Worth","193","19","51"
"70-79 years","Worth","116","16","30"
"80 & Older years","Worth","69","15","26"
"<1 years","Worth","4","0","0"
"Unknown years","Worth","1","0","0"
