"age group","county name","cases","deaths","hospitalization"
"01-04 years","Georgia","4898","1","100"
"05-09 years","Georgia","7386","1","75"
"10-17 years","Georgia","26888","5","325"
"18-29 years","Georgia","104282","63","2336"
"30-39 years","Georgia","69229","141","3068"
"40-49 years","Georgia","66065","336","4432"
"50-59 years","Georgia","61643","811","6248"
"60-69 years","Georgia","41625","1750","7143"
"70-79 years","Georgia","24192","2429","6262"
"80 & Older years","Georgia","15120","3261","4928"
"<1 years","Georgia","1468","0","87"
"Unknown years","Georgia","2133","0","59"
"01-04 years","Appling","15","0","0"
"05-09 years","Appling","35","0","0"
"10-17 years","Appling","103","0","1"
"18-29 years","Appling","231","1","4"
"30-39 years","Appling","180","1","5"
"40-49 years","Appling","172","2","13"
"50-59 years","Appling","193","5","16"
"60-69 years","Appling","154","8","30"
"70-79 years","Appling","102","11","22"
"80 & Older years","Appling","45","10","15"
"<1 years","Appling","3","0","0"
"Unknown years","Appling","1","0","0"
"01-04 years","Atkinson","3","0","1"
"05-09 years","Atkinson","11","0","1"
"10-17 years","Atkinson","24","0","0"
"18-29 years","Atkinson","118","0","7"
"30-39 years","Atkinson","87","0","6"
"40-49 years","Atkinson","92","0","11"
"50-59 years","Atkinson","90","1","15"
"60-69 years","Atkinson","59","4","16"
"70-79 years","Atkinson","32","2","9"
"80 & Older years","Atkinson","9","2","6"
"<1 years","Atkinson","2","0","0"
"01-04 years","Bacon","11","0","0"
"05-09 years","Bacon","13","0","0"
"10-17 years","Bacon","42","0","0"
"18-29 years","Bacon","170","0","1"
"30-39 years","Bacon","86","0","3"
"40-49 years","Bacon","112","1","7"
"50-59 years","Bacon","102","2","13"
"60-69 years","Bacon","62","7","14"
"70-79 years","Bacon","39","4","8"
"80 & Older years","Bacon","21","6","6"
"<1 years","Bacon","4","0","0"
"Unknown years","Bacon","1","0","0"
"01-04 years","Baker","4","0","0"
"05-09 years","Baker","4","0","0"
"10-17 years","Baker","5","0","0"
"18-29 years","Baker","17","0","0"
"30-39 years","Baker","12","0","2"
"40-49 years","Baker","10","0","1"
"50-59 years","Baker","15","0","1"
"60-69 years","Baker","20","2","6"
"70-79 years","Baker","14","2","8"
"80 & Older years","Baker","6","2","3"
"01-04 years","Baldwin","14","0","0"
"05-09 years","Baldwin","30","0","0"
"10-17 years","Baldwin","104","0","2"
"18-29 years","Baldwin","984","0","11"
"30-39 years","Baldwin","272","1","10"
"40-49 years","Baldwin","297","2","24"
"50-59 years","Baldwin","313","8","35"
"60-69 years","Baldwin","251","14","41"
"70-79 years","Baldwin","156","18","33"
"80 & Older years","Baldwin","99","26","24"
"<1 years","Baldwin","6","0","0"
"Unknown years","Baldwin","1","0","0"
"01-04 years","Banks","6","0","0"
"05-09 years","Banks","10","0","0"
"10-17 years","Banks","57","0","0"
"18-29 years","Banks","132","0","4"
"30-39 years","Banks","97","0","1"
"40-49 years","Banks","103","0","10"
"50-59 years","Banks","118","0","12"
"60-69 years","Banks","103","3","17"
"70-79 years","Banks","75","4","27"
"80 & Older years","Banks","54","5","18"
"<1 years","Banks","2","0","0"
"Unknown years","Banks","16","0","1"
"01-04 years","Barrow","35","0","0"
"05-09 years","Barrow","56","0","0"
"10-17 years","Barrow","206","0","2"
"18-29 years","Barrow","725","1","26"
"30-39 years","Barrow","552","0","27"
"40-49 years","Barrow","571","3","41"
"50-59 years","Barrow","486","2","52"
"60-69 years","Barrow","322","12","67"
"70-79 years","Barrow","178","14","46"
"80 & Older years","Barrow","106","25","44"
"<1 years","Barrow","13","0","2"
"Unknown years","Barrow","10","0","0"
"01-04 years","Bartow","37","0","1"
"05-09 years","Bartow","74","0","1"
"10-17 years","Bartow","376","0","2"
"18-29 years","Bartow","906","0","9"
"30-39 years","Bartow","706","2","24"
"40-49 years","Bartow","728","0","36"
"50-59 years","Bartow","740","7","72"
"60-69 years","Bartow","441","16","74"
"70-79 years","Bartow","310","31","76"
"80 & Older years","Bartow","196","45","63"
"<1 years","Bartow","16","0","1"
"Unknown years","Bartow","14","0","3"
"01-04 years","Ben Hill","21","0","1"
"05-09 years","Ben Hill","16","0","0"
"10-17 years","Ben Hill","58","0","0"
"18-29 years","Ben Hill","155","0","4"
"30-39 years","Ben Hill","151","2","5"
"40-49 years","Ben Hill","120","0","6"
"50-59 years","Ben Hill","153","2","20"
"60-69 years","Ben Hill","137","9","19"
"70-79 years","Ben Hill","96","14","33"
"80 & Older years","Ben Hill","37","8","8"
"<1 years","Ben Hill","2","0","0"
"Unknown years","Ben Hill","2","0","0"
"01-04 years","Berrien","11","0","0"
"05-09 years","Berrien","12","0","0"
"10-17 years","Berrien","34","0","0"
"18-29 years","Berrien","116","0","0"
"30-39 years","Berrien","97","0","0"
"40-49 years","Berrien","85","0","2"
"50-59 years","Berrien","95","1","11"
"60-69 years","Berrien","64","3","6"
"70-79 years","Berrien","45","5","4"
"80 & Older years","Berrien","31","8","6"
"<1 years","Berrien","1","0","0"
"Unknown years","Berrien","3","0","0"
"01-04 years","Bibb","85","0","2"
"05-09 years","Bibb","113","0","0"
"10-17 years","Bibb","330","0","6"
"18-29 years","Bibb","1734","1","54"
"30-39 years","Bibb","1220","4","65"
"40-49 years","Bibb","1157","10","125"
"50-59 years","Bibb","1054","12","148"
"60-69 years","Bibb","862","47","235"
"70-79 years","Bibb","497","61","167"
"80 & Older years","Bibb","325","83","146"
"<1 years","Bibb","27","0","4"
"Unknown years","Bibb","7","0","0"
"01-04 years","Bleckley","2","0","0"
"05-09 years","Bleckley","5","0","0"
"10-17 years","Bleckley","38","0","0"
"18-29 years","Bleckley","145","0","3"
"30-39 years","Bleckley","59","0","1"
"40-49 years","Bleckley","68","1","1"
"50-59 years","Bleckley","73","2","3"
"60-69 years","Bleckley","54","7","9"
"70-79 years","Bleckley","47","3","10"
"80 & Older years","Bleckley","58","17","9"
"<1 years","Bleckley","1","0","0"
"01-04 years","Brantley","11","0","0"
"05-09 years","Brantley","6","0","0"
"10-17 years","Brantley","52","0","1"
"18-29 years","Brantley","103","0","1"
"30-39 years","Brantley","68","0","3"
"40-49 years","Brantley","85","1","5"
"50-59 years","Brantley","86","2","11"
"60-69 years","Brantley","68","3","9"
"70-79 years","Brantley","39","6","10"
"80 & Older years","Brantley","31","6","8"
"<1 years","Brantley","1","0","0"
"01-04 years","Brooks","13","0","0"
"05-09 years","Brooks","10","0","0"
"10-17 years","Brooks","53","0","0"
"18-29 years","Brooks","113","0","0"
"30-39 years","Brooks","89","0","2"
"40-49 years","Brooks","71","0","8"
"50-59 years","Brooks","92","2","14"
"60-69 years","Brooks","65","6","11"
"70-79 years","Brooks","55","9","16"
"80 & Older years","Brooks","37","9","5"
"<1 years","Brooks","2","0","0"
"01-04 years","Bryan","25","0","0"
"05-09 years","Bryan","26","0","0"
"10-17 years","Bryan","102","0","1"
"18-29 years","Bryan","302","0","8"
"30-39 years","Bryan","257","1","7"
"40-49 years","Bryan","256","0","11"
"50-59 years","Bryan","208","3","19"
"60-69 years","Bryan","132","4","21"
"70-79 years","Bryan","82","5","26"
"80 & Older years","Bryan","47","3","12"
"<1 years","Bryan","5","0","0"
"Unknown years","Bryan","3","0","0"
"01-04 years","Bulloch","39","0","0"
"05-09 years","Bulloch","46","0","0"
"10-17 years","Bulloch","170","0","2"
"18-29 years","Bulloch","1699","0","7"
"30-39 years","Bulloch","371","2","18"
"40-49 years","Bulloch","300","2","20"
"50-59 years","Bulloch","290","1","22"
"60-69 years","Bulloch","197","12","33"
"70-79 years","Bulloch","103","10","26"
"80 & Older years","Bulloch","69","8","21"
"<1 years","Bulloch","14","0","2"
"Unknown years","Bulloch","8","0","0"
"01-04 years","Burke","13","0","0"
"05-09 years","Burke","28","0","0"
"10-17 years","Burke","70","0","1"
"18-29 years","Burke","202","0","5"
"30-39 years","Burke","155","0","5"
"40-49 years","Burke","161","1","10"
"50-59 years","Burke","161","1","23"
"60-69 years","Burke","118","4","26"
"70-79 years","Burke","72","2","19"
"80 & Older years","Burke","22","4","10"
"<1 years","Burke","4","0","0"
"Unknown years","Burke","2","0","0"
"01-04 years","Butts","7","0","0"
"05-09 years","Butts","10","0","0"
"10-17 years","Butts","47","0","1"
"18-29 years","Butts","156","0","3"
"30-39 years","Butts","152","0","7"
"40-49 years","Butts","137","2","9"
"50-59 years","Butts","132","3","14"
"60-69 years","Butts","105","7","16"
"70-79 years","Butts","69","11","8"
"80 & Older years","Butts","75","22","4"
"<1 years","Butts","3","0","0"
"Unknown years","Butts","2","0","0"
"01-04 years","Calhoun","1","0","0"
"10-17 years","Calhoun","10","0","0"
"18-29 years","Calhoun","38","0","4"
"30-39 years","Calhoun","41","2","5"
"40-49 years","Calhoun","60","1","7"
"50-59 years","Calhoun","50","2","9"
"60-69 years","Calhoun","47","2","16"
"70-79 years","Calhoun","16","2","5"
"80 & Older years","Calhoun","11","2","5"
"<1 years","Calhoun","1","0","0"
"01-04 years","Camden","23","0","0"
"05-09 years","Camden","18","0","0"
"10-17 years","Camden","111","0","0"
"18-29 years","Camden","462","0","4"
"30-39 years","Camden","279","0","10"
"40-49 years","Camden","231","1","10"
"50-59 years","Camden","273","1","13"
"60-69 years","Camden","193","5","17"
"70-79 years","Camden","99","0","13"
"80 & Older years","Camden","57","11","18"
"<1 years","Camden","7","0","1"
"Unknown years","Camden","9","0","0"
"01-04 years","Candler","8","0","0"
"05-09 years","Candler","9","0","0"
"10-17 years","Candler","46","0","0"
"18-29 years","Candler","101","0","0"
"30-39 years","Candler","81","0","3"
"40-49 years","Candler","95","2","1"
"50-59 years","Candler","100","5","8"
"60-69 years","Candler","75","7","13"
"70-79 years","Candler","44","10","13"
"80 & Older years","Candler","18","3","8"
"<1 years","Candler","2","0","0"
"Unknown years","Candler","1","0","0"
"01-04 years","Carroll","56","0","1"
"05-09 years","Carroll","60","0","1"
"10-17 years","Carroll","310","0","3"
"18-29 years","Carroll","1056","0","8"
"30-39 years","Carroll","585","4","16"
"40-49 years","Carroll","594","4","22"
"50-59 years","Carroll","603","8","45"
"60-69 years","Carroll","426","14","53"
"70-79 years","Carroll","252","25","48"
"80 & Older years","Carroll","172","28","31"
"<1 years","Carroll","17","0","0"
"Unknown years","Carroll","7","0","0"
"01-04 years","Catoosa","33","0","0"
"05-09 years","Catoosa","37","0","0"
"10-17 years","Catoosa","196","0","1"
"18-29 years","Catoosa","383","0","5"
"30-39 years","Catoosa","289","0","3"
"40-49 years","Catoosa","341","1","10"
"50-59 years","Catoosa","298","5","11"
"60-69 years","Catoosa","232","4","29"
"70-79 years","Catoosa","141","10","24"
"80 & Older years","Catoosa","101","9","17"
"<1 years","Catoosa","9","0","0"
"Unknown years","Catoosa","24","0","0"
"01-04 years","Charlton","9","0","0"
"05-09 years","Charlton","16","0","0"
"10-17 years","Charlton","27","0","0"
"18-29 years","Charlton","128","0","1"
"30-39 years","Charlton","153","0","2"
"40-49 years","Charlton","133","2","8"
"50-59 years","Charlton","97","0","2"
"60-69 years","Charlton","90","3","8"
"70-79 years","Charlton","28","4","7"
"80 & Older years","Charlton","12","2","7"
"<1 years","Charlton","2","0","0"
"Unknown years","Charlton","3","0","0"
"01-04 years","Chatham","175","0","0"
"05-09 years","Chatham","191","1","0"
"10-17 years","Chatham","645","0","11"
"18-29 years","Chatham","2931","2","40"
"30-39 years","Chatham","1894","4","79"
"40-49 years","Chatham","1432","8","97"
"50-59 years","Chatham","1364","21","152"
"60-69 years","Chatham","1045","41","195"
"70-79 years","Chatham","558","52","182"
"80 & Older years","Chatham","366","74","146"
"<1 years","Chatham","40","0","3"
"Unknown years","Chatham","40","0","2"
"01-04 years","Chattahoochee","3","0","0"
"05-09 years","Chattahoochee","2","0","0"
"10-17 years","Chattahoochee","94","0","1"
"18-29 years","Chattahoochee","1685","0","1"
"30-39 years","Chattahoochee","135","0","1"
"40-49 years","Chattahoochee","34","0","0"
"50-59 years","Chattahoochee","18","0","5"
"60-69 years","Chattahoochee","10","0","3"
"70-79 years","Chattahoochee","5","0","2"
"80 & Older years","Chattahoochee","4","1","3"
"<1 years","Chattahoochee","7","0","0"
"Unknown years","Chattahoochee","1","0","0"
"01-04 years","Chattooga","6","0","0"
"05-09 years","Chattooga","13","0","0"
"10-17 years","Chattooga","89","0","0"
"18-29 years","Chattooga","191","0","2"
"30-39 years","Chattooga","169","0","5"
"40-49 years","Chattooga","177","1","5"
"50-59 years","Chattooga","175","2","7"
"60-69 years","Chattooga","147","7","19"
"70-79 years","Chattooga","88","7","20"
"80 & Older years","Chattooga","73","14","16"
"<1 years","Chattooga","3","0","1"
"Unknown years","Chattooga","9","0","1"
"01-04 years","Cherokee","88","0","5"
"05-09 years","Cherokee","184","0","3"
"10-17 years","Cherokee","925","0","4"
"18-29 years","Cherokee","2115","1","46"
"30-39 years","Cherokee","1319","1","61"
"40-49 years","Cherokee","1495","2","73"
"50-59 years","Cherokee","1491","9","106"
"60-69 years","Cherokee","807","17","106"
"70-79 years","Cherokee","474","26","103"
"80 & Older years","Cherokee","294","57","106"
"<1 years","Cherokee","22","0","0"
"Unknown years","Cherokee","33","0","0"
"01-04 years","Clarke","69","0","0"
"05-09 years","Clarke","91","0","1"
"10-17 years","Clarke","266","0","4"
"18-29 years","Clarke","3808","0","19"
"30-39 years","Clarke","747","1","25"
"40-49 years","Clarke","562","1","28"
"50-59 years","Clarke","521","4","40"
"60-69 years","Clarke","363","12","62"
"70-79 years","Clarke","178","20","66"
"80 & Older years","Clarke","100","16","32"
"<1 years","Clarke","18","0","1"
"Unknown years","Clarke","2","0","0"
"01-04 years","Clay","1","0","0"
"05-09 years","Clay","2","0","0"
"10-17 years","Clay","10","0","0"
"18-29 years","Clay","22","0","0"
"30-39 years","Clay","21","0","1"
"40-49 years","Clay","20","0","0"
"50-59 years","Clay","16","0","1"
"60-69 years","Clay","16","1","2"
"70-79 years","Clay","7","0","0"
"80 & Older years","Clay","11","2","5"
"01-04 years","Clayton","149","0","5"
"05-09 years","Clayton","196","0","4"
"10-17 years","Clayton","526","0","14"
"18-29 years","Clayton","2236","3","64"
"30-39 years","Clayton","1902","6","95"
"40-49 years","Clayton","1634","18","120"
"50-59 years","Clayton","1534","27","167"
"60-69 years","Clayton","998","49","150"
"70-79 years","Clayton","426","42","92"
"80 & Older years","Clayton","234","50","57"
"<1 years","Clayton","29","0","1"
"Unknown years","Clayton","19","0","0"
"01-04 years","Clinch","9","0","0"
"05-09 years","Clinch","10","0","0"
"10-17 years","Clinch","58","0","0"
"18-29 years","Clinch","95","0","2"
"30-39 years","Clinch","67","1","4"
"40-49 years","Clinch","68","0","2"
"50-59 years","Clinch","65","0","8"
"60-69 years","Clinch","72","6","9"
"70-79 years","Clinch","31","6","10"
"80 & Older years","Clinch","13","0","2"
"<1 years","Clinch","1","0","0"
"Unknown years","Clinch","1","0","0"
"01-04 years","Cobb","271","1","10"
"05-09 years","Cobb","383","0","3"
"10-17 years","Cobb","1370","0","19"
"18-29 years","Cobb","7401","4","178"
"30-39 years","Cobb","4536","10","199"
"40-49 years","Cobb","4211","20","317"
"50-59 years","Cobb","3760","29","407"
"60-69 years","Cobb","2270","72","396"
"70-79 years","Cobb","1298","152","333"
"80 & Older years","Cobb","865","208","293"
"<1 years","Cobb","81","0","7"
"Unknown years","Cobb","159","0","2"
"01-04 years","Coffee","45","0","2"
"05-09 years","Coffee","47","0","3"
"10-17 years","Coffee","149","0","1"
"18-29 years","Coffee","504","0","11"
"30-39 years","Coffee","396","2","22"
"40-49 years","Coffee","426","2","51"
"50-59 years","Coffee","418","4","74"
"60-69 years","Coffee","363","18","87"
"70-79 years","Coffee","173","21","69"
"80 & Older years","Coffee","104","25","57"
"<1 years","Coffee","8","0","0"
"Unknown years","Coffee","19","0","0"
"01-04 years","Colquitt","31","0","0"
"05-09 years","Colquitt","50","0","1"
"10-17 years","Colquitt","193","0","4"
"18-29 years","Colquitt","515","0","16"
"30-39 years","Colquitt","365","0","16"
"40-49 years","Colquitt","357","4","32"
"50-59 years","Colquitt","307","10","29"
"60-69 years","Colquitt","215","9","30"
"70-79 years","Colquitt","114","6","31"
"80 & Older years","Colquitt","65","12","19"
"<1 years","Colquitt","9","0","0"
"Unknown years","Colquitt","4","0","0"
"01-04 years","Columbia","40","0","1"
"05-09 years","Columbia","98","0","0"
"10-17 years","Columbia","465","0","1"
"18-29 years","Columbia","1210","0","11"
"30-39 years","Columbia","935","2","13"
"40-49 years","Columbia","940","5","24"
"50-59 years","Columbia","798","11","48"
"60-69 years","Columbia","491","9","51"
"70-79 years","Columbia","264","21","38"
"80 & Older years","Columbia","151","24","40"
"<1 years","Columbia","16","0","1"
"Unknown years","Columbia","3","0","0"
"01-04 years","Cook","9","0","0"
"05-09 years","Cook","13","0","0"
"10-17 years","Cook","75","0","1"
"18-29 years","Cook","158","0","2"
"30-39 years","Cook","122","0","4"
"40-49 years","Cook","125","0","11"
"50-59 years","Cook","100","1","15"
"60-69 years","Cook","83","5","12"
"70-79 years","Cook","61","9","17"
"80 & Older years","Cook","23","4","8"
"<1 years","Cook","5","0","0"
"Unknown years","Cook","4","0","0"
"01-04 years","Coweta","48","0","0"
"05-09 years","Coweta","65","0","0"
"10-17 years","Coweta","233","0","0"
"18-29 years","Coweta","788","1","12"
"30-39 years","Coweta","554","0","17"
"40-49 years","Coweta","567","3","22"
"50-59 years","Coweta","635","7","35"
"60-69 years","Coweta","401","16","31"
"70-79 years","Coweta","229","16","36"
"80 & Older years","Coweta","139","25","25"
"<1 years","Coweta","11","0","0"
"Unknown years","Coweta","5","0","0"
"01-04 years","Crawford","1","0","0"
"05-09 years","Crawford","1","0","0"
"10-17 years","Crawford","11","0","0"
"18-29 years","Crawford","46","0","1"
"30-39 years","Crawford","30","0","2"
"40-49 years","Crawford","22","0","2"
"50-59 years","Crawford","53","1","7"
"60-69 years","Crawford","48","3","10"
"70-79 years","Crawford","12","2","3"
"80 & Older years","Crawford","7","0","3"
"01-04 years","Crisp","10","0","0"
"05-09 years","Crisp","10","0","0"
"10-17 years","Crisp","38","0","0"
"18-29 years","Crisp","122","0","7"
"30-39 years","Crisp","120","0","9"
"40-49 years","Crisp","105","1","9"
"50-59 years","Crisp","105","3","15"
"60-69 years","Crisp","109","8","21"
"70-79 years","Crisp","54","7","21"
"80 & Older years","Crisp","34","7","9"
"<1 years","Crisp","5","0","0"
"Unknown years","Crisp","9","0","0"
"01-04 years","Dade","2","0","0"
"05-09 years","Dade","13","0","0"
"10-17 years","Dade","45","0","0"
"18-29 years","Dade","97","0","1"
"30-39 years","Dade","64","0","1"
"40-49 years","Dade","85","0","4"
"50-59 years","Dade","79","1","6"
"60-69 years","Dade","55","0","2"
"70-79 years","Dade","36","5","9"
"80 & Older years","Dade","7","1","3"
"<1 years","Dade","4","0","0"
"Unknown years","Dade","9","0","1"
"01-04 years","Dawson","8","0","0"
"05-09 years","Dawson","16","0","0"
"10-17 years","Dawson","88","0","3"
"18-29 years","Dawson","256","0","8"
"30-39 years","Dawson","149","0","3"
"40-49 years","Dawson","145","0","14"
"50-59 years","Dawson","193","0","13"
"60-69 years","Dawson","148","1","31"
"70-79 years","Dawson","87","7","21"
"80 & Older years","Dawson","32","3","9"
"<1 years","Dawson","5","0","0"
"Unknown years","Dawson","11","0","2"
"01-04 years","DeKalb","319","0","10"
"05-09 years","DeKalb","435","0","4"
"10-17 years","DeKalb","1302","0","33"
"18-29 years","DeKalb","6387","7","248"
"30-39 years","DeKalb","5400","13","340"
"40-49 years","DeKalb","4220","21","367"
"50-59 years","DeKalb","3731","50","492"
"60-69 years","DeKalb","2273","93","496"
"70-79 years","DeKalb","1206","120","377"
"80 & Older years","DeKalb","717","134","247"
"<1 years","DeKalb","85","0","5"
"Unknown years","DeKalb","99","0","6"
"01-04 years","Decatur","31","0","1"
"05-09 years","Decatur","42","0","0"
"10-17 years","Decatur","113","0","0"
"18-29 years","Decatur","284","1","6"
"30-39 years","Decatur","213","1","7"
"40-49 years","Decatur","213","0","14"
"50-59 years","Decatur","182","4","22"
"60-69 years","Decatur","137","10","24"
"70-79 years","Decatur","84","15","17"
"80 & Older years","Decatur","79","10","15"
"<1 years","Decatur","6","0","0"
"01-04 years","Dodge","4","0","0"
"05-09 years","Dodge","13","0","0"
"10-17 years","Dodge","46","1","1"
"18-29 years","Dodge","107","0","0"
"30-39 years","Dodge","64","0","1"
"40-49 years","Dodge","119","1","10"
"50-59 years","Dodge","138","3","10"
"60-69 years","Dodge","113","8","19"
"70-79 years","Dodge","64","11","11"
"80 & Older years","Dodge","46","13","12"
"<1 years","Dodge","2","0","0"
"01-04 years","Dooly","8","0","0"
"05-09 years","Dooly","3","0","0"
"10-17 years","Dooly","17","0","0"
"18-29 years","Dooly","63","0","5"
"30-39 years","Dooly","58","0","7"
"40-49 years","Dooly","78","0","7"
"50-59 years","Dooly","72","4","11"
"60-69 years","Dooly","74","7","16"
"70-79 years","Dooly","33","4","10"
"80 & Older years","Dooly","15","3","3"
"<1 years","Dooly","1","0","0"
"Unknown years","Dooly","2","0","0"
"01-04 years","Dougherty","24","0","3"
"05-09 years","Dougherty","40","0","0"
"10-17 years","Dougherty","121","0","3"
"18-29 years","Dougherty","581","2","55"
"30-39 years","Dougherty","501","3","55"
"40-49 years","Dougherty","542","12","85"
"50-59 years","Dougherty","610","18","117"
"60-69 years","Dougherty","516","49","161"
"70-79 years","Dougherty","311","50","128"
"80 & Older years","Dougherty","189","65","83"
"<1 years","Dougherty","14","0","1"
"Unknown years","Dougherty","2","0","0"
"01-04 years","Douglas","55","0","1"
"05-09 years","Douglas","86","0","3"
"10-17 years","Douglas","285","0","3"
"18-29 years","Douglas","1081","0","37"
"30-39 years","Douglas","824","3","44"
"40-49 years","Douglas","943","4","75"
"50-59 years","Douglas","809","10","105"
"60-69 years","Douglas","463","15","104"
"70-79 years","Douglas","276","27","84"
"80 & Older years","Douglas","136","23","55"
"<1 years","Douglas","7","0","1"
"Unknown years","Douglas","63","0","0"
"01-04 years","Early","14","0","0"
"05-09 years","Early","14","0","0"
"10-17 years","Early","45","0","0"
"18-29 years","Early","99","0","3"
"30-39 years","Early","87","0","3"
"40-49 years","Early","105","1","7"
"50-59 years","Early","95","3","8"
"60-69 years","Early","74","10","10"
"70-79 years","Early","49","11","7"
"80 & Older years","Early","32","11","7"
"<1 years","Early","2","0","0"
"01-04 years","Echols","2","0","0"
"05-09 years","Echols","4","0","0"
"10-17 years","Echols","15","0","1"
"18-29 years","Echols","109","0","1"
"30-39 years","Echols","46","0","2"
"40-49 years","Echols","29","0","1"
"50-59 years","Echols","32","0","2"
"60-69 years","Echols","15","0","0"
"70-79 years","Echols","11","2","3"
"<1 years","Echols","1","0","0"
"01-04 years","Effingham","27","0","2"
"05-09 years","Effingham","46","0","0"
"10-17 years","Effingham","186","0","0"
"18-29 years","Effingham","425","0","3"
"30-39 years","Effingham","326","1","9"
"40-49 years","Effingham","350","0","16"
"50-59 years","Effingham","348","6","26"
"60-69 years","Effingham","207","3","29"
"70-79 years","Effingham","120","11","29"
"80 & Older years","Effingham","55","11","18"
"<1 years","Effingham","6","0","0"
"Unknown years","Effingham","3","0","1"
"01-04 years","Elbert","9","0","0"
"05-09 years","Elbert","18","0","0"
"10-17 years","Elbert","56","0","0"
"18-29 years","Elbert","172","0","0"
"30-39 years","Elbert","115","0","6"
"40-49 years","Elbert","133","0","8"
"50-59 years","Elbert","142","0","10"
"60-69 years","Elbert","116","0","16"
"70-79 years","Elbert","93","8","20"
"80 & Older years","Elbert","71","10","22"
"<1 years","Elbert","5","0","2"
"01-04 years","Emanuel","16","0","1"
"05-09 years","Emanuel","16","0","0"
"10-17 years","Emanuel","128","0","2"
"18-29 years","Emanuel","222","1","0"
"30-39 years","Emanuel","173","0","6"
"40-49 years","Emanuel","209","1","7"
"50-59 years","Emanuel","192","4","19"
"60-69 years","Emanuel","165","7","20"
"70-79 years","Emanuel","101","15","23"
"80 & Older years","Emanuel","48","15","15"
"<1 years","Emanuel","4","0","0"
"Unknown years","Emanuel","7","0","1"
"01-04 years","Evans","7","0","0"
"05-09 years","Evans","13","0","0"
"10-17 years","Evans","52","0","0"
"18-29 years","Evans","105","1","3"
"30-39 years","Evans","91","0","3"
"40-49 years","Evans","79","0","8"
"50-59 years","Evans","83","1","13"
"60-69 years","Evans","44","2","10"
"70-79 years","Evans","29","3","9"
"80 & Older years","Evans","14","1","4"
"<1 years","Evans","2","0","0"
"Unknown years","Evans","1","0","0"
"01-04 years","Fannin","6","0","0"
"05-09 years","Fannin","14","0","0"
"10-17 years","Fannin","51","0","0"
"18-29 years","Fannin","143","0","2"
"30-39 years","Fannin","103","0","4"
"40-49 years","Fannin","125","0","6"
"50-59 years","Fannin","165","4","11"
"60-69 years","Fannin","176","4","17"
"70-79 years","Fannin","127","1","21"
"80 & Older years","Fannin","77","21","26"
"<1 years","Fannin","3","0","0"
"Unknown years","Fannin","8","0","0"
"01-04 years","Fayette","24","0","0"
"05-09 years","Fayette","30","0","1"
"10-17 years","Fayette","192","0","1"
"18-29 years","Fayette","599","0","5"
"30-39 years","Fayette","310","0","6"
"40-49 years","Fayette","451","1","17"
"50-59 years","Fayette","467","3","27"
"60-69 years","Fayette","347","11","29"
"70-79 years","Fayette","188","21","41"
"80 & Older years","Fayette","115","25","27"
"<1 years","Fayette","2","0","0"
"Unknown years","Fayette","17","0","0"
"01-04 years","Floyd","65","0","1"
"05-09 years","Floyd","109","0","0"
"10-17 years","Floyd","500","0","7"
"18-29 years","Floyd","1095","0","15"
"30-39 years","Floyd","808","2","27"
"40-49 years","Floyd","769","1","38"
"50-59 years","Floyd","684","12","69"
"60-69 years","Floyd","486","18","89"
"70-79 years","Floyd","321","17","96"
"80 & Older years","Floyd","176","27","58"
"<1 years","Floyd","23","0","0"
"Unknown years","Floyd","54","0","3"
"01-04 years","Forsyth","62","0","1"
"05-09 years","Forsyth","140","0","0"
"10-17 years","Forsyth","565","0","1"
"18-29 years","Forsyth","1456","0","30"
"30-39 years","Forsyth","878","0","35"
"40-49 years","Forsyth","1074","2","62"
"50-59 years","Forsyth","1005","8","78"
"60-69 years","Forsyth","522","6","73"
"70-79 years","Forsyth","318","20","87"
"80 & Older years","Forsyth","191","26","67"
"<1 years","Forsyth","20","0","2"
"Unknown years","Forsyth","71","0","0"
"01-04 years","Franklin","7","0","0"
"05-09 years","Franklin","22","0","0"
"10-17 years","Franklin","99","0","4"
"18-29 years","Franklin","239","0","4"
"30-39 years","Franklin","164","0","2"
"40-49 years","Franklin","174","0","10"
"50-59 years","Franklin","186","0","14"
"60-69 years","Franklin","147","2","17"
"70-79 years","Franklin","80","9","17"
"80 & Older years","Franklin","46","8","14"
"<1 years","Franklin","3","0","1"
"Unknown years","Franklin","21","0","2"
"01-04 years","Fulton","370","0","12"
"05-09 years","Fulton","549","0","7"
"10-17 years","Fulton","1897","1","28"
"18-29 years","Fulton","11150","4","236"
"30-39 years","Fulton","7506","13","340"
"40-49 years","Fulton","5632","27","397"
"50-59 years","Fulton","4804","58","533"
"60-69 years","Fulton","2878","120","496"
"70-79 years","Fulton","1580","164","425"
"80 & Older years","Fulton","1211","283","403"
"<1 years","Fulton","103","0","4"
"Unknown years","Fulton","104","0","5"
"01-04 years","Gilmer","19","0","1"
"05-09 years","Gilmer","15","0","0"
"10-17 years","Gilmer","89","0","2"
"18-29 years","Gilmer","177","0","8"
"30-39 years","Gilmer","166","0","10"
"40-49 years","Gilmer","181","0","10"
"50-59 years","Gilmer","176","4","11"
"60-69 years","Gilmer","185","1","22"
"70-79 years","Gilmer","119","8","22"
"80 & Older years","Gilmer","73","16","21"
"<1 years","Gilmer","7","0","0"
"Unknown years","Gilmer","14","0","0"
"01-04 years","Glascock","1","0","0"
"05-09 years","Glascock","2","0","0"
"18-29 years","Glascock","11","0","0"
"30-39 years","Glascock","7","0","0"
"40-49 years","Glascock","11","0","0"
"50-59 years","Glascock","17","1","2"
"60-69 years","Glascock","8","0","0"
"80 & Older years","Glascock","5","1","3"
"<1 years","Glascock","1","0","0"
"01-04 years","Glynn","56","0","1"
"05-09 years","Glynn","110","0","1"
"10-17 years","Glynn","276","0","0"
"18-29 years","Glynn","946","0","16"
"30-39 years","Glynn","692","2","22"
"40-49 years","Glynn","563","3","29"
"50-59 years","Glynn","553","8","58"
"60-69 years","Glynn","460","22","89"
"70-79 years","Glynn","286","30","60"
"80 & Older years","Glynn","190","46","70"
"<1 years","Glynn","15","0","0"
"Unknown years","Glynn","9","0","0"
"01-04 years","Gordon","42","0","0"
"05-09 years","Gordon","51","0","0"
"10-17 years","Gordon","246","0","2"
"18-29 years","Gordon","642","0","8"
"30-39 years","Gordon","495","1","17"
"40-49 years","Gordon","535","1","17"
"50-59 years","Gordon","480","6","22"
"60-69 years","Gordon","299","9","23"
"70-79 years","Gordon","183","16","41"
"80 & Older years","Gordon","121","22","34"
"<1 years","Gordon","10","0","1"
"Unknown years","Gordon","5","0","0"
"01-04 years","Grady","17","0","1"
"05-09 years","Grady","26","0","0"
"10-17 years","Grady","81","0","2"
"18-29 years","Grady","153","0","8"
"30-39 years","Grady","150","0","5"
"40-49 years","Grady","147","0","18"
"50-59 years","Grady","125","4","17"
"60-69 years","Grady","93","3","18"
"70-79 years","Grady","85","8","24"
"80 & Older years","Grady","35","12","13"
"<1 years","Grady","3","0","1"
"Unknown years","Grady","3","0","0"
"01-04 years","Greene","8","0","0"
"05-09 years","Greene","20","0","0"
"10-17 years","Greene","40","0","0"
"18-29 years","Greene","145","0","5"
"30-39 years","Greene","91","0","5"
"40-49 years","Greene","78","3","7"
"50-59 years","Greene","81","3","7"
"60-69 years","Greene","80","2","9"
"70-79 years","Greene","63","5","13"
"80 & Older years","Greene","37","13","16"
"<1 years","Greene","2","0","1"
"Unknown years","Greene","1","0","0"
"01-04 years","Gwinnett","541","0","11"
"05-09 years","Gwinnett","788","0","11"
"10-17 years","Gwinnett","2520","1","45"
"18-29 years","Gwinnett","9201","1","367"
"30-39 years","Gwinnett","6451","11","394"
"40-49 years","Gwinnett","6818","34","520"
"50-59 years","Gwinnett","5468","57","554"
"60-69 years","Gwinnett","2929","99","521"
"70-79 years","Gwinnett","1313","101","372"
"80 & Older years","Gwinnett","821","192","366"
"<1 years","Gwinnett","135","0","4"
"Unknown years","Gwinnett","76","0","0"
"01-04 years","Habersham","15","0","1"
"05-09 years","Habersham","27","0","4"
"10-17 years","Habersham","123","1","5"
"18-29 years","Habersham","485","0","8"
"30-39 years","Habersham","333","2","20"
"40-49 years","Habersham","355","1","24"
"50-59 years","Habersham","372","4","31"
"60-69 years","Habersham","272","9","68"
"70-79 years","Habersham","190","18","57"
"80 & Older years","Habersham","158","45","47"
"<1 years","Habersham","5","0","2"
"Unknown years","Habersham","25","0","2"
"01-04 years","Hall","89","0","3"
"05-09 years","Hall","203","0","1"
"10-17 years","Hall","826","0","14"
"18-29 years","Hall","2900","3","109"
"30-39 years","Hall","1888","1","104"
"40-49 years","Hall","1948","7","168"
"50-59 years","Hall","1988","17","228"
"60-69 years","Hall","1232","37","218"
"70-79 years","Hall","755","44","208"
"80 & Older years","Hall","476","86","194"
"<1 years","Hall","18","0","5"
"Unknown years","Hall","218","0","7"
"01-04 years","Hancock","3","0","0"
"05-09 years","Hancock","3","0","0"
"10-17 years","Hancock","16","0","0"
"18-29 years","Hancock","69","0","2"
"30-39 years","Hancock","66","0","2"
"40-49 years","Hancock","77","1","4"
"50-59 years","Hancock","84","3","11"
"60-69 years","Hancock","97","13","20"
"70-79 years","Hancock","56","12","15"
"80 & Older years","Hancock","43","17","17"
"<1 years","Hancock","1","0","0"
"01-04 years","Haralson","10","0","0"
"05-09 years","Haralson","19","0","0"
"10-17 years","Haralson","82","0","1"
"18-29 years","Haralson","192","0","1"
"30-39 years","Haralson","129","0","2"
"40-49 years","Haralson","124","1","4"
"50-59 years","Haralson","123","0","1"
"60-69 years","Haralson","108","7","15"
"70-79 years","Haralson","67","9","14"
"80 & Older years","Haralson","34","3","3"
"<1 years","Haralson","5","0","0"
"Unknown years","Haralson","1","0","0"
"01-04 years","Harris","12","0","0"
"05-09 years","Harris","10","0","0"
"10-17 years","Harris","82","0","2"
"18-29 years","Harris","150","0","2"
"30-39 years","Harris","104","0","5"
"40-49 years","Harris","159","2","7"
"50-59 years","Harris","173","4","16"
"60-69 years","Harris","160","10","38"
"70-79 years","Harris","81","8","23"
"80 & Older years","Harris","27","4","6"
"<1 years","Harris","2","0","0"
"Unknown years","Harris","1","0","0"
"01-04 years","Hart","8","0","0"
"05-09 years","Hart","12","0","1"
"10-17 years","Hart","35","0","0"
"18-29 years","Hart","138","0","0"
"30-39 years","Hart","100","0","5"
"40-49 years","Hart","104","0","6"
"50-59 years","Hart","137","1","13"
"60-69 years","Hart","103","8","23"
"70-79 years","Hart","56","4","10"
"80 & Older years","Hart","44","7","21"
"<1 years","Hart","3","0","1"
"Unknown years","Hart","2","0","0"
"01-04 years","Heard","3","0","0"
"05-09 years","Heard","9","0","0"
"10-17 years","Heard","28","0","1"
"18-29 years","Heard","55","0","0"
"30-39 years","Heard","30","0","1"
"40-49 years","Heard","50","0","2"
"50-59 years","Heard","44","0","3"
"60-69 years","Heard","38","2","5"
"70-79 years","Heard","24","3","5"
"80 & Older years","Heard","8","2","2"
"<1 years","Heard","1","0","0"
"Unknown years","Heard","1","0","0"
"01-04 years","Henry","69","0","2"
"05-09 years","Henry","125","0","1"
"10-17 years","Henry","461","0","4"
"18-29 years","Henry","1693","1","21"
"30-39 years","Henry","1331","3","32"
"40-49 years","Henry","1470","7","61"
"50-59 years","Henry","1323","12","81"
"60-69 years","Henry","683","26","53"
"70-79 years","Henry","367","37","50"
"80 & Older years","Henry","197","44","34"
"<1 years","Henry","15","0","2"
"Unknown years","Henry","9","0","0"
"01-04 years","Houston","43","0","1"
"05-09 years","Houston","70","0","1"
"10-17 years","Houston","242","0","3"
"18-29 years","Houston","973","3","22"
"30-39 years","Houston","800","1","39"
"40-49 years","Houston","758","2","64"
"50-59 years","Houston","654","9","74"
"60-69 years","Houston","429","26","83"
"70-79 years","Houston","243","36","86"
"80 & Older years","Houston","118","27","47"
"<1 years","Houston","11","0","1"
"Unknown years","Houston","1","0","0"
"01-04 years","Irwin","3","0","0"
"05-09 years","Irwin","7","0","0"
"10-17 years","Irwin","37","0","0"
"18-29 years","Irwin","69","0","3"
"30-39 years","Irwin","64","0","4"
"40-49 years","Irwin","78","0","4"
"50-59 years","Irwin","65","1","5"
"60-69 years","Irwin","48","1","13"
"70-79 years","Irwin","23","3","3"
"80 & Older years","Irwin","23","6","10"
"01-04 years","Jackson","17","0","0"
"05-09 years","Jackson","67","0","1"
"10-17 years","Jackson","295","0","1"
"18-29 years","Jackson","632","0","10"
"30-39 years","Jackson","486","1","12"
"40-49 years","Jackson","513","1","38"
"50-59 years","Jackson","525","4","38"
"60-69 years","Jackson","302","5","35"
"70-79 years","Jackson","226","16","61"
"80 & Older years","Jackson","132","24","58"
"<1 years","Jackson","7","0","2"
"Unknown years","Jackson","11","0","1"
"01-04 years","Jasper","1","0","0"
"05-09 years","Jasper","4","0","0"
"10-17 years","Jasper","11","0","0"
"18-29 years","Jasper","60","0","1"
"30-39 years","Jasper","43","0","0"
"40-49 years","Jasper","39","0","1"
"50-59 years","Jasper","61","0","8"
"60-69 years","Jasper","40","3","9"
"70-79 years","Jasper","20","2","4"
"80 & Older years","Jasper","6","0","0"
"<1 years","Jasper","2","0","0"
"01-04 years","Jeff Davis","21","0","1"
"05-09 years","Jeff Davis","22","0","0"
"10-17 years","Jeff Davis","65","0","2"
"18-29 years","Jeff Davis","167","0","3"
"30-39 years","Jeff Davis","141","0","7"
"40-49 years","Jeff Davis","140","0","11"
"50-59 years","Jeff Davis","123","4","11"
"60-69 years","Jeff Davis","88","6","19"
"70-79 years","Jeff Davis","54","12","16"
"80 & Older years","Jeff Davis","15","7","6"
"<1 years","Jeff Davis","2","0","1"
"Unknown years","Jeff Davis","2","0","0"
"01-04 years","Jefferson","16","0","0"
"05-09 years","Jefferson","23","0","0"
"10-17 years","Jefferson","59","0","0"
"18-29 years","Jefferson","164","0","3"
"30-39 years","Jefferson","119","0","6"
"40-49 years","Jefferson","130","3","9"
"50-59 years","Jefferson","165","2","16"
"60-69 years","Jefferson","132","7","20"
"70-79 years","Jefferson","94","13","22"
"80 & Older years","Jefferson","43","13","19"
"<1 years","Jefferson","4","0","0"
"Unknown years","Jefferson","6","0","0"
"01-04 years","Jenkins","6","0","0"
"05-09 years","Jenkins","10","0","0"
"10-17 years","Jenkins","40","0","0"
"18-29 years","Jenkins","80","0","2"
"30-39 years","Jenkins","47","1","4"
"40-49 years","Jenkins","74","2","8"
"50-59 years","Jenkins","81","6","14"
"60-69 years","Jenkins","62","5","11"
"70-79 years","Jenkins","41","12","20"
"80 & Older years","Jenkins","44","8","10"
"<1 years","Jenkins","2","0","0"
"01-04 years","Johnson","4","0","0"
"05-09 years","Johnson","5","0","0"
"10-17 years","Johnson","14","0","0"
"18-29 years","Johnson","76","0","2"
"30-39 years","Johnson","47","0","3"
"40-49 years","Johnson","58","1","6"
"50-59 years","Johnson","75","1","12"
"60-69 years","Johnson","76","7","16"
"70-79 years","Johnson","55","6","16"
"80 & Older years","Johnson","56","13","15"
"01-04 years","Jones","2","0","0"
"05-09 years","Jones","9","0","0"
"10-17 years","Jones","32","0","0"
"18-29 years","Jones","193","0","4"
"30-39 years","Jones","110","0","3"
"40-49 years","Jones","111","1","3"
"50-59 years","Jones","124","1","12"
"60-69 years","Jones","80","1","14"
"70-79 years","Jones","45","7","17"
"80 & Older years","Jones","44","10","8"
"<1 years","Jones","1","0","0"
"01-04 years","Lamar","11","0","0"
"05-09 years","Lamar","25","0","0"
"10-17 years","Lamar","44","0","1"
"18-29 years","Lamar","82","0","1"
"30-39 years","Lamar","71","0","2"
"40-49 years","Lamar","72","1","2"
"50-59 years","Lamar","82","1","11"
"60-69 years","Lamar","74","3","11"
"70-79 years","Lamar","59","5","11"
"80 & Older years","Lamar","33","13","12"
"<1 years","Lamar","5","0","0"
"Unknown years","Lamar","2","0","0"
"01-04 years","Lanier","5","0","0"
"05-09 years","Lanier","8","0","1"
"10-17 years","Lanier","21","0","1"
"18-29 years","Lanier","75","1","0"
"30-39 years","Lanier","86","0","1"
"40-49 years","Lanier","44","1","1"
"50-59 years","Lanier","45","0","3"
"60-69 years","Lanier","27","1","1"
"70-79 years","Lanier","14","4","4"
"80 & Older years","Lanier","10","0","4"
"<1 years","Lanier","3","0","0"
"01-04 years","Laurens","15","0","0"
"05-09 years","Laurens","19","0","0"
"10-17 years","Laurens","139","0","2"
"18-29 years","Laurens","399","0","6"
"30-39 years","Laurens","314","0","10"
"40-49 years","Laurens","325","3","18"
"50-59 years","Laurens","365","6","35"
"60-69 years","Laurens","307","24","53"
"70-79 years","Laurens","210","36","48"
"80 & Older years","Laurens","133","39","33"
"<1 years","Laurens","5","0","0"
"Unknown years","Laurens","3","0","0"
"01-04 years","Lee","7","0","0"
"05-09 years","Lee","11","0","2"
"10-17 years","Lee","55","0","1"
"18-29 years","Lee","137","1","7"
"30-39 years","Lee","159","1","13"
"40-49 years","Lee","151","3","18"
"50-59 years","Lee","144","6","26"
"60-69 years","Lee","91","7","16"
"70-79 years","Lee","46","9","18"
"80 & Older years","Lee","21","5","10"
"<1 years","Lee","3","0","0"
"01-04 years","Liberty","13","0","0"
"05-09 years","Liberty","25","0","1"
"10-17 years","Liberty","95","0","1"
"18-29 years","Liberty","376","1","10"
"30-39 years","Liberty","268","0","9"
"40-49 years","Liberty","242","0","11"
"50-59 years","Liberty","196","4","26"
"60-69 years","Liberty","159","8","28"
"70-79 years","Liberty","64","9","26"
"80 & Older years","Liberty","38","7","15"
"<1 years","Liberty","13","0","1"
"Unknown years","Liberty","4","0","0"
"01-04 years","Lincoln","4","0","0"
"05-09 years","Lincoln","8","0","0"
"10-17 years","Lincoln","14","0","0"
"18-29 years","Lincoln","57","0","2"
"30-39 years","Lincoln","36","0","1"
"40-49 years","Lincoln","50","0","5"
"50-59 years","Lincoln","35","0","3"
"60-69 years","Lincoln","38","2","9"
"70-79 years","Lincoln","27","1","7"
"80 & Older years","Lincoln","11","5","5"
"<1 years","Lincoln","2","0","0"
"01-04 years","Long","11","0","0"
"05-09 years","Long","3","0","0"
"10-17 years","Long","21","0","0"
"18-29 years","Long","60","0","0"
"30-39 years","Long","75","0","0"
"40-49 years","Long","44","0","2"
"50-59 years","Long","44","1","5"
"60-69 years","Long","35","1","3"
"70-79 years","Long","16","3","5"
"80 & Older years","Long","5","0","3"
"<1 years","Long","3","0","0"
"Unknown years","Long","2","0","0"
"01-04 years","Lowndes","82","0","0"
"05-09 years","Lowndes","115","0","0"
"10-17 years","Lowndes","409","0","5"
"18-29 years","Lowndes","1690","3","23"
"30-39 years","Lowndes","811","0","14"
"40-49 years","Lowndes","705","1","31"
"50-59 years","Lowndes","595","6","38"
"60-69 years","Lowndes","429","18","47"
"70-79 years","Lowndes","226","30","35"
"80 & Older years","Lowndes","135","36","38"
"<1 years","Lowndes","18","0","0"
"Unknown years","Lowndes","26","0","0"
"01-04 years","Lumpkin","6","0","0"
"05-09 years","Lumpkin","15","0","0"
"10-17 years","Lumpkin","61","0","2"
"18-29 years","Lumpkin","356","0","5"
"30-39 years","Lumpkin","148","0","5"
"40-49 years","Lumpkin","152","0","10"
"50-59 years","Lumpkin","170","2","19"
"60-69 years","Lumpkin","181","6","27"
"70-79 years","Lumpkin","129","5","33"
"80 & Older years","Lumpkin","48","6","23"
"<1 years","Lumpkin","3","0","1"
"Unknown years","Lumpkin","17","0","0"
"01-04 years","Macon","6","0","0"
"05-09 years","Macon","6","0","0"
"10-17 years","Macon","12","0","0"
"18-29 years","Macon","47","0","3"
"30-39 years","Macon","34","0","3"
"40-49 years","Macon","51","1","6"
"50-59 years","Macon","63","3","10"
"60-69 years","Macon","32","5","17"
"70-79 years","Macon","32","2","12"
"80 & Older years","Macon","12","4","6"
"<1 years","Macon","1","0","0"
"01-04 years","Madison","14","0","0"
"05-09 years","Madison","17","0","0"
"10-17 years","Madison","92","0","0"
"18-29 years","Madison","178","0","1"
"30-39 years","Madison","163","0","5"
"40-49 years","Madison","170","0","9"
"50-59 years","Madison","188","1","17"
"60-69 years","Madison","119","4","18"
"70-79 years","Madison","60","6","21"
"80 & Older years","Madison","21","2","2"
"<1 years","Madison","9","0","2"
"Unknown years","Madison","1","0","0"
"01-04 years","Marion","3","0","0"
"05-09 years","Marion","4","0","0"
"10-17 years","Marion","16","0","0"
"18-29 years","Marion","37","0","0"
"30-39 years","Marion","23","0","2"
"40-49 years","Marion","36","1","5"
"50-59 years","Marion","35","3","5"
"60-69 years","Marion","28","3","3"
"70-79 years","Marion","19","1","3"
"80 & Older years","Marion","18","2","6"
"<1 years","Marion","1","0","0"
"01-04 years","McDuffie","5","0","0"
"05-09 years","McDuffie","8","0","0"
"10-17 years","McDuffie","43","0","0"
"18-29 years","McDuffie","168","0","3"
"30-39 years","McDuffie","115","1","3"
"40-49 years","McDuffie","130","2","11"
"50-59 years","McDuffie","134","2","16"
"60-69 years","McDuffie","100","4","15"
"70-79 years","McDuffie","65","7","27"
"80 & Older years","McDuffie","21","4","12"
"Unknown years","McDuffie","2","0","0"
"05-09 years","McIntosh","3","0","0"
"10-17 years","McIntosh","21","0","0"
"18-29 years","McIntosh","68","0","2"
"30-39 years","McIntosh","50","0","3"
"40-49 years","McIntosh","54","0","3"
"50-59 years","McIntosh","64","0","2"
"60-69 years","McIntosh","49","2","13"
"70-79 years","McIntosh","40","3","11"
"80 & Older years","McIntosh","10","3","3"
"<1 years","McIntosh","1","0","0"
"Unknown years","McIntosh","3","0","0"
"01-04 years","Meriwether","10","0","1"
"05-09 years","Meriwether","12","0","1"
"10-17 years","Meriwether","24","0","0"
"18-29 years","Meriwether","101","0","4"
"30-39 years","Meriwether","93","2","11"
"40-49 years","Meriwether","126","1","12"
"50-59 years","Meriwether","95","1","13"
"60-69 years","Meriwether","81","3","16"
"70-79 years","Meriwether","58","5","18"
"80 & Older years","Meriwether","36","7","9"
"<1 years","Meriwether","2","0","0"
"01-04 years","Miller","3","0","0"
"05-09 years","Miller","3","0","0"
"10-17 years","Miller","33","0","1"
"18-29 years","Miller","61","0","0"
"30-39 years","Miller","59","0","0"
"40-49 years","Miller","49","0","3"
"50-59 years","Miller","77","0","9"
"60-69 years","Miller","44","2","3"
"70-79 years","Miller","14","0","1"
"80 & Older years","Miller","11","0","3"
"<1 years","Miller","3","0","0"
"01-04 years","Mitchell","5","0","0"
"05-09 years","Mitchell","13","0","0"
"10-17 years","Mitchell","47","0","1"
"18-29 years","Mitchell","137","0","6"
"30-39 years","Mitchell","125","1","12"
"40-49 years","Mitchell","137","2","13"
"50-59 years","Mitchell","166","7","42"
"60-69 years","Mitchell","134","12","38"
"70-79 years","Mitchell","72","8","25"
"80 & Older years","Mitchell","56","18","20"
"<1 years","Mitchell","2","0","0"
"Unknown years","Mitchell","2","0","1"
"01-04 years","Monroe","5","0","0"
"05-09 years","Monroe","8","0","1"
"10-17 years","Monroe","44","0","0"
"18-29 years","Monroe","154","0","1"
"30-39 years","Monroe","101","0","4"
"40-49 years","Monroe","133","1","9"
"50-59 years","Monroe","156","3","14"
"60-69 years","Monroe","142","9","26"
"70-79 years","Monroe","86","14","21"
"80 & Older years","Monroe","87","32","20"
"<1 years","Monroe","3","0","1"
"01-04 years","Montgomery","6","0","0"
"05-09 years","Montgomery","3","0","0"
"10-17 years","Montgomery","23","0","1"
"18-29 years","Montgomery","98","0","0"
"30-39 years","Montgomery","57","1","3"
"40-49 years","Montgomery","75","0","2"
"50-59 years","Montgomery","52","1","5"
"60-69 years","Montgomery","45","3","9"
"70-79 years","Montgomery","23","2","5"
"80 & Older years","Montgomery","10","2","2"
"<1 years","Montgomery","1","0","0"
"01-04 years","Morgan","14","0","0"
"05-09 years","Morgan","9","0","0"
"10-17 years","Morgan","48","0","0"
"18-29 years","Morgan","122","0","2"
"30-39 years","Morgan","76","0","5"
"40-49 years","Morgan","82","0","3"
"50-59 years","Morgan","99","0","9"
"60-69 years","Morgan","73","1","7"
"70-79 years","Morgan","31","1","10"
"80 & Older years","Morgan","29","5","12"
"<1 years","Morgan","5","0","0"
"Unknown years","Morgan","1","0","0"
"01-04 years","Murray","24","0","2"
"05-09 years","Murray","24","0","1"
"10-17 years","Murray","154","0","1"
"18-29 years","Murray","394","0","3"
"30-39 years","Murray","252","0","3"
"40-49 years","Murray","304","0","14"
"50-59 years","Murray","266","2","17"
"60-69 years","Murray","184","2","27"
"70-79 years","Murray","117","10","25"
"80 & Older years","Murray","56","9","9"
"<1 years","Murray","10","0","2"
"Unknown years","Murray","5","0","0"
"01-04 years","Muscogee","111","0","5"
"05-09 years","Muscogee","146","0","0"
"10-17 years","Muscogee","362","0","3"
"18-29 years","Muscogee","1799","3","40"
"30-39 years","Muscogee","1128","2","61"
"40-49 years","Muscogee","972","3","68"
"50-59 years","Muscogee","976","25","140"
"60-69 years","Muscogee","766","44","180"
"70-79 years","Muscogee","410","51","124"
"80 & Older years","Muscogee","237","60","107"
"<1 years","Muscogee","39","0","2"
"Unknown years","Muscogee","12","0","0"
"01-04 years","Newton","43","0","2"
"05-09 years","Newton","50","0","0"
"10-17 years","Newton","169","0","1"
"18-29 years","Newton","675","1","21"
"30-39 years","Newton","545","0","37"
"40-49 years","Newton","639","1","61"
"50-59 years","Newton","582","7","73"
"60-69 years","Newton","303","17","57"
"70-79 years","Newton","213","29","52"
"80 & Older years","Newton","179","50","47"
"<1 years","Newton","13","0","1"
"Unknown years","Newton","4","0","1"
"01-04 years","Non-GA Resident/Unknown State","180","0","1"
"05-09 years","Non-GA Resident/Unknown State","287","0","4"
"10-17 years","Non-GA Resident/Unknown State","1031","0","7"
"18-29 years","Non-GA Resident/Unknown State","4548","4","48"
"30-39 years","Non-GA Resident/Unknown State","2862","3","55"
"40-49 years","Non-GA Resident/Unknown State","2464","6","60"
"50-59 years","Non-GA Resident/Unknown State","2248","22","125"
"60-69 years","Non-GA Resident/Unknown State","1522","56","163"
"70-79 years","Non-GA Resident/Unknown State","928","60","151"
"80 & Older years","Non-GA Resident/Unknown State","530","61","115"
"<1 years","Non-GA Resident/Unknown State","96","0","2"
"Unknown years","Non-GA Resident/Unknown State","517","0","3"
"01-04 years","Oconee","7","0","0"
"05-09 years","Oconee","18","0","0"
"10-17 years","Oconee","77","0","0"
"18-29 years","Oconee","269","0","3"
"30-39 years","Oconee","119","0","2"
"40-49 years","Oconee","171","0","10"
"50-59 years","Oconee","160","2","5"
"60-69 years","Oconee","109","9","18"
"70-79 years","Oconee","67","9","16"
"80 & Older years","Oconee","57","15","26"
"<1 years","Oconee","2","0","0"
"01-04 years","Oglethorpe","9","0","0"
"05-09 years","Oglethorpe","13","0","0"
"10-17 years","Oglethorpe","44","0","0"
"18-29 years","Oglethorpe","95","0","1"
"30-39 years","Oglethorpe","53","0","0"
"40-49 years","Oglethorpe","73","0","4"
"50-59 years","Oglethorpe","66","1","12"
"60-69 years","Oglethorpe","64","0","10"
"70-79 years","Oglethorpe","43","3","10"
"80 & Older years","Oglethorpe","39","9","12"
"<1 years","Oglethorpe","4","0","0"
"01-04 years","Paulding","49","0","1"
"05-09 years","Paulding","88","0","0"
"10-17 years","Paulding","340","0","5"
"18-29 years","Paulding","868","0","10"
"30-39 years","Paulding","635","1","15"
"40-49 years","Paulding","702","3","15"
"50-59 years","Paulding","665","10","35"
"60-69 years","Paulding","347","12","35"
"70-79 years","Paulding","212","22","41"
"80 & Older years","Paulding","145","31","20"
"<1 years","Paulding","9","0","0"
"Unknown years","Paulding","14","0","0"
"01-04 years","Peach","8","0","0"
"05-09 years","Peach","14","0","0"
"10-17 years","Peach","33","0","0"
"18-29 years","Peach","213","1","7"
"30-39 years","Peach","167","0","11"
"40-49 years","Peach","128","2","8"
"50-59 years","Peach","154","3","25"
"60-69 years","Peach","134","7","30"
"70-79 years","Peach","58","6","17"
"80 & Older years","Peach","35","9","14"
"<1 years","Peach","4","0","0"
"Unknown years","Peach","2","0","0"
"01-04 years","Pickens","15","0","1"
"05-09 years","Pickens","16","0","0"
"10-17 years","Pickens","54","0","0"
"18-29 years","Pickens","180","0","5"
"30-39 years","Pickens","136","0","5"
"40-49 years","Pickens","181","0","9"
"50-59 years","Pickens","179","0","12"
"60-69 years","Pickens","145","0","13"
"70-79 years","Pickens","94","6","21"
"80 & Older years","Pickens","39","7","11"
"<1 years","Pickens","1","0","0"
"Unknown years","Pickens","2","0","0"
"01-04 years","Pierce","6","0","0"
"05-09 years","Pierce","11","0","0"
"10-17 years","Pierce","53","1","1"
"18-29 years","Pierce","145","0","4"
"30-39 years","Pierce","91","0","3"
"40-49 years","Pierce","128","0","11"
"50-59 years","Pierce","110","3","10"
"60-69 years","Pierce","92","8","27"
"70-79 years","Pierce","64","6","21"
"80 & Older years","Pierce","36","8","10"
"<1 years","Pierce","4","0","1"
"Unknown years","Pierce","1","0","0"
"01-04 years","Pike","12","0","0"
"05-09 years","Pike","10","0","0"
"10-17 years","Pike","43","0","0"
"18-29 years","Pike","75","0","3"
"30-39 years","Pike","59","0","2"
"40-49 years","Pike","89","1","5"
"50-59 years","Pike","67","2","6"
"60-69 years","Pike","56","1","11"
"70-79 years","Pike","45","5","10"
"80 & Older years","Pike","13","3","4"
"<1 years","Pike","1","0","0"
"Unknown years","Pike","2","0","0"
"01-04 years","Polk","23","0","1"
"05-09 years","Polk","37","0","0"
"10-17 years","Polk","173","0","1"
"18-29 years","Polk","446","0","4"
"30-39 years","Polk","300","0","6"
"40-49 years","Polk","324","1","25"
"50-59 years","Polk","308","4","39"
"60-69 years","Polk","164","9","35"
"70-79 years","Polk","149","9","31"
"80 & Older years","Polk","72","10","24"
"<1 years","Polk","5","0","0"
"Unknown years","Polk","23","0","1"
"05-09 years","Pulaski","5","0","0"
"10-17 years","Pulaski","23","0","1"
"18-29 years","Pulaski","47","0","1"
"30-39 years","Pulaski","51","0","2"
"40-49 years","Pulaski","50","0","5"
"50-59 years","Pulaski","69","0","6"
"60-69 years","Pulaski","66","5","8"
"70-79 years","Pulaski","37","11","13"
"80 & Older years","Pulaski","33","8","4"
"<1 years","Pulaski","1","0","0"
"01-04 years","Putnam","11","0","0"
"05-09 years","Putnam","32","0","0"
"10-17 years","Putnam","56","0","1"
"18-29 years","Putnam","162","0","2"
"30-39 years","Putnam","109","0","4"
"40-49 years","Putnam","122","1","3"
"50-59 years","Putnam","145","2","11"
"60-69 years","Putnam","128","8","19"
"70-79 years","Putnam","85","9","22"
"80 & Older years","Putnam","52","10","16"
"<1 years","Putnam","6","0","1"
"01-04 years","Quitman","1","0","0"
"10-17 years","Quitman","2","0","0"
"18-29 years","Quitman","6","0","0"
"30-39 years","Quitman","4","0","1"
"40-49 years","Quitman","3","0","1"
"50-59 years","Quitman","6","0","0"
"60-69 years","Quitman","18","1","3"
"70-79 years","Quitman","2","0","1"
"80 & Older years","Quitman","2","0","1"
"01-04 years","Rabun","5","0","0"
"05-09 years","Rabun","6","0","0"
"10-17 years","Rabun","44","0","0"
"18-29 years","Rabun","107","0","5"
"30-39 years","Rabun","90","1","5"
"40-49 years","Rabun","73","0","4"
"50-59 years","Rabun","83","0","8"
"60-69 years","Rabun","94","1","18"
"70-79 years","Rabun","51","4","16"
"80 & Older years","Rabun","32","5","12"
"<1 years","Rabun","3","0","1"
"Unknown years","Rabun","5","0","0"
"05-09 years","Randolph","2","0","0"
"10-17 years","Randolph","4","0","0"
"18-29 years","Randolph","42","0","0"
"30-39 years","Randolph","51","2","3"
"40-49 years","Randolph","39","0","3"
"50-59 years","Randolph","75","3","15"
"60-69 years","Randolph","53","7","13"
"70-79 years","Randolph","32","3","10"
"80 & Older years","Randolph","46","15","16"
"<1 years","Randolph","1","0","0"
"Unknown years","Randolph","2","0","0"
"01-04 years","Richmond","95","0","0"
"05-09 years","Richmond","193","0","3"
"10-17 years","Richmond","572","0","4"
"18-29 years","Richmond","2291","3","27"
"30-39 years","Richmond","1671","3","48"
"40-49 years","Richmond","1428","14","73"
"50-59 years","Richmond","1379","17","116"
"60-69 years","Richmond","972","33","128"
"70-79 years","Richmond","543","42","141"
"80 & Older years","Richmond","368","84","165"
"<1 years","Richmond","43","0","2"
"Unknown years","Richmond","14","0","0"
"01-04 years","Rockdale","30","0","0"
"05-09 years","Rockdale","51","0","0"
"10-17 years","Rockdale","136","0","4"
"18-29 years","Rockdale","540","2","31"
"30-39 years","Rockdale","422","2","45"
"40-49 years","Rockdale","465","4","57"
"50-59 years","Rockdale","480","5","68"
"60-69 years","Rockdale","262","12","73"
"70-79 years","Rockdale","141","17","56"
"80 & Older years","Rockdale","73","12","26"
"<1 years","Rockdale","5","0","0"
"Unknown years","Rockdale","1","0","0"
"01-04 years","Schley","4","0","0"
"05-09 years","Schley","3","0","0"
"10-17 years","Schley","11","0","0"
"18-29 years","Schley","33","0","2"
"30-39 years","Schley","10","0","0"
"40-49 years","Schley","15","0","2"
"50-59 years","Schley","21","0","3"
"60-69 years","Schley","19","1","7"
"70-79 years","Schley","7","0","2"
"80 & Older years","Schley","3","1","1"
"<1 years","Schley","1","0","0"
"01-04 years","Screven","2","0","0"
"05-09 years","Screven","7","0","0"
"10-17 years","Screven","40","0","0"
"18-29 years","Screven","88","0","3"
"30-39 years","Screven","60","0","2"
"40-49 years","Screven","62","1","4"
"50-59 years","Screven","60","0","9"
"60-69 years","Screven","77","1","12"
"70-79 years","Screven","41","3","11"
"80 & Older years","Screven","29","6","8"
"<1 years","Screven","2","0","0"
"Unknown years","Screven","1","0","0"
"01-04 years","Seminole","11","0","0"
"05-09 years","Seminole","10","0","0"
"10-17 years","Seminole","41","0","0"
"18-29 years","Seminole","67","0","0"
"30-39 years","Seminole","54","0","0"
"40-49 years","Seminole","70","0","3"
"50-59 years","Seminole","79","1","6"
"60-69 years","Seminole","81","1","12"
"70-79 years","Seminole","46","5","9"
"80 & Older years","Seminole","20","5","9"
"<1 years","Seminole","2","0","0"
"01-04 years","Spalding","26","0","0"
"05-09 years","Spalding","23","0","1"
"10-17 years","Spalding","95","0","2"
"18-29 years","Spalding","339","0","12"
"30-39 years","Spalding","293","2","21"
"40-49 years","Spalding","294","2","23"
"50-59 years","Spalding","320","6","49"
"60-69 years","Spalding","262","12","42"
"70-79 years","Spalding","158","21","42"
"80 & Older years","Spalding","141","30","34"
"<1 years","Spalding","2","0","0"
"Unknown years","Spalding","2","0","0"
"01-04 years","Stephens","8","0","0"
"05-09 years","Stephens","24","0","0"
"10-17 years","Stephens","85","0","1"
"18-29 years","Stephens","277","0","10"
"30-39 years","Stephens","175","0","6"
"40-49 years","Stephens","222","1","17"
"50-59 years","Stephens","235","3","20"
"60-69 years","Stephens","231","11","39"
"70-79 years","Stephens","174","14","34"
"80 & Older years","Stephens","101","16","22"
"<1 years","Stephens","2","0","0"
"Unknown years","Stephens","9","0","0"
"01-04 years","Stewart","2","0","0"
"05-09 years","Stewart","2","0","0"
"10-17 years","Stewart","9","0","0"
"18-29 years","Stewart","119","0","10"
"30-39 years","Stewart","164","1","15"
"40-49 years","Stewart","111","1","14"
"50-59 years","Stewart","62","1","10"
"60-69 years","Stewart","52","8","22"
"70-79 years","Stewart","21","2","3"
"80 & Older years","Stewart","18","4","5"
"<1 years","Stewart","1","0","0"
"Unknown years","Stewart","14","0","4"
"01-04 years","Sumter","10","0","0"
"05-09 years","Sumter","17","0","0"
"10-17 years","Sumter","31","0","2"
"18-29 years","Sumter","185","1","7"
"30-39 years","Sumter","146","1","16"
"40-49 years","Sumter","131","3","18"
"50-59 years","Sumter","164","2","37"
"60-69 years","Sumter","164","20","57"
"70-79 years","Sumter","114","20","38"
"80 & Older years","Sumter","77","22","37"
"<1 years","Sumter","3","0","0"
"Unknown years","Sumter","1","0","0"
"01-04 years","Talbot","2","0","0"
"05-09 years","Talbot","1","0","0"
"10-17 years","Talbot","19","0","0"
"18-29 years","Talbot","24","0","1"
"30-39 years","Talbot","18","0","1"
"40-49 years","Talbot","40","1","4"
"50-59 years","Talbot","35","1","5"
"60-69 years","Talbot","30","2","8"
"70-79 years","Talbot","19","2","3"
"80 & Older years","Talbot","13","2","6"
"05-09 years","Taliaferro","1","0","0"
"10-17 years","Taliaferro","2","0","0"
"18-29 years","Taliaferro","4","0","0"
"30-39 years","Taliaferro","4","0","0"
"40-49 years","Taliaferro","9","0","1"
"50-59 years","Taliaferro","7","0","0"
"60-69 years","Taliaferro","4","0","0"
"70-79 years","Taliaferro","5","0","0"
"80 & Older years","Taliaferro","1","0","1"
"01-04 years","Tattnall","19","0","0"
"05-09 years","Tattnall","28","0","0"
"10-17 years","Tattnall","86","0","0"
"18-29 years","Tattnall","210","0","1"
"30-39 years","Tattnall","143","0","3"
"40-49 years","Tattnall","160","0","6"
"50-59 years","Tattnall","159","3","14"
"60-69 years","Tattnall","126","6","18"
"70-79 years","Tattnall","58","7","23"
"80 & Older years","Tattnall","22","3","7"
"<1 years","Tattnall","4","0","0"
"Unknown years","Tattnall","2","0","1"
"01-04 years","Taylor","9","0","0"
"05-09 years","Taylor","8","0","0"
"10-17 years","Taylor","36","0","1"
"18-29 years","Taylor","49","0","0"
"30-39 years","Taylor","25","0","3"
"40-49 years","Taylor","48","1","4"
"50-59 years","Taylor","38","0","6"
"60-69 years","Taylor","27","5","10"
"70-79 years","Taylor","23","2","7"
"80 & Older years","Taylor","15","5","5"
"<1 years","Taylor","3","0","0"
"01-04 years","Telfair","6","0","0"
"05-09 years","Telfair","8","0","0"
"10-17 years","Telfair","10","0","0"
"18-29 years","Telfair","107","0","2"
"30-39 years","Telfair","69","0","1"
"40-49 years","Telfair","78","0","5"
"50-59 years","Telfair","73","3","9"
"60-69 years","Telfair","82","5","15"
"70-79 years","Telfair","52","6","12"
"80 & Older years","Telfair","33","11","7"
"<1 years","Telfair","3","0","0"
"01-04 years","Terrell","4","0","0"
"05-09 years","Terrell","1","0","0"
"10-17 years","Terrell","18","0","0"
"18-29 years","Terrell","41","0","1"
"30-39 years","Terrell","53","0","8"
"40-49 years","Terrell","43","0","7"
"50-59 years","Terrell","58","3","8"
"60-69 years","Terrell","65","9","24"
"70-79 years","Terrell","43","12","20"
"80 & Older years","Terrell","25","8","9"
"01-04 years","Thomas","25","0","0"
"05-09 years","Thomas","34","0","0"
"10-17 years","Thomas","105","0","0"
"18-29 years","Thomas","308","1","12"
"30-39 years","Thomas","259","0","10"
"40-49 years","Thomas","261","4","17"
"50-59 years","Thomas","282","4","22"
"60-69 years","Thomas","237","9","51"
"70-79 years","Thomas","148","25","35"
"80 & Older years","Thomas","87","34","31"
"<1 years","Thomas","6","0","1"
"01-04 years","Tift","20","0","0"
"05-09 years","Tift","41","0","2"
"10-17 years","Tift","171","0","4"
"18-29 years","Tift","571","0","12"
"30-39 years","Tift","362","1","20"
"40-49 years","Tift","367","6","38"
"50-59 years","Tift","313","9","48"
"60-69 years","Tift","222","13","49"
"70-79 years","Tift","165","20","55"
"80 & Older years","Tift","74","18","37"
"<1 years","Tift","9","0","0"
"Unknown years","Tift","8","0","0"
"01-04 years","Toombs","18","0","0"
"05-09 years","Toombs","35","0","0"
"10-17 years","Toombs","124","0","1"
"18-29 years","Toombs","331","0","5"
"30-39 years","Toombs","257","0","2"
"40-49 years","Toombs","247","1","18"
"50-59 years","Toombs","224","5","15"
"60-69 years","Toombs","185","4","33"
"70-79 years","Toombs","139","23","31"
"80 & Older years","Toombs","91","27","20"
"<1 years","Toombs","1","0","0"
"01-04 years","Towns","1","0","0"
"05-09 years","Towns","4","0","0"
"10-17 years","Towns","19","0","0"
"18-29 years","Towns","88","0","2"
"30-39 years","Towns","52","0","2"
"40-49 years","Towns","55","1","4"
"50-59 years","Towns","84","1","8"
"60-69 years","Towns","112","1","10"
"70-79 years","Towns","85","6","20"
"80 & Older years","Towns","61","12","25"
"Unknown years","Towns","2","0","0"
"01-04 years","Treutlen","2","0","0"
"05-09 years","Treutlen","8","0","0"
"10-17 years","Treutlen","24","0","0"
"18-29 years","Treutlen","52","0","1"
"30-39 years","Treutlen","47","0","3"
"40-49 years","Treutlen","58","0","5"
"50-59 years","Treutlen","53","1","5"
"60-69 years","Treutlen","36","2","9"
"70-79 years","Treutlen","31","7","6"
"80 & Older years","Treutlen","20","3","5"
"01-04 years","Troup","86","0","0"
"05-09 years","Troup","99","0","0"
"10-17 years","Troup","246","0","2"
"18-29 years","Troup","728","0","24"
"30-39 years","Troup","530","5","34"
"40-49 years","Troup","449","2","40"
"50-59 years","Troup","485","11","80"
"60-69 years","Troup","341","16","72"
"70-79 years","Troup","162","28","62"
"80 & Older years","Troup","157","54","48"
"<1 years","Troup","28","0","1"
"Unknown years","Troup","5","0","0"
"05-09 years","Turner","4","0","0"
"10-17 years","Turner","14","0","0"
"18-29 years","Turner","53","0","1"
"30-39 years","Turner","73","0","6"
"40-49 years","Turner","62","0","4"
"50-59 years","Turner","68","2","8"
"60-69 years","Turner","50","6","17"
"70-79 years","Turner","30","5","10"
"80 & Older years","Turner","23","11","8"
"<1 years","Turner","1","0","1"
"01-04 years","Twiggs","6","0","0"
"05-09 years","Twiggs","2","0","0"
"10-17 years","Twiggs","14","0","0"
"18-29 years","Twiggs","32","0","1"
"30-39 years","Twiggs","34","1","4"
"40-49 years","Twiggs","35","1","7"
"50-59 years","Twiggs","45","2","9"
"60-69 years","Twiggs","50","3","19"
"70-79 years","Twiggs","25","3","12"
"80 & Older years","Twiggs","9","4","6"
"01-04 years","Union","4","0","0"
"05-09 years","Union","12","0","0"
"10-17 years","Union","34","0","1"
"18-29 years","Union","133","1","1"
"30-39 years","Union","115","0","2"
"40-49 years","Union","132","0","11"
"50-59 years","Union","157","3","12"
"60-69 years","Union","188","3","26"
"70-79 years","Union","178","12","32"
"80 & Older years","Union","132","16","29"
"<1 years","Union","1","0","0"
"Unknown years","Union","3","0","0"
"01-04 years","Unknown","11","0","0"
"05-09 years","Unknown","36","0","0"
"10-17 years","Unknown","152","0","0"
"18-29 years","Unknown","609","0","4"
"30-39 years","Unknown","340","0","2"
"40-49 years","Unknown","294","0","1"
"50-59 years","Unknown","252","1","7"
"60-69 years","Unknown","157","0","5"
"70-79 years","Unknown","111","0","10"
"80 & Older years","Unknown","53","1","5"
"<1 years","Unknown","21","0","0"
"Unknown years","Unknown","38","0","3"
"01-04 years","Upson","17","0","0"
"05-09 years","Upson","23","0","0"
"10-17 years","Upson","55","0","1"
"18-29 years","Upson","148","0","5"
"30-39 years","Upson","98","1","4"
"40-49 years","Upson","120","1","8"
"50-59 years","Upson","158","4","15"
"60-69 years","Upson","141","15","23"
"70-79 years","Upson","98","24","26"
"80 & Older years","Upson","75","26","23"
"<1 years","Upson","7","0","0"
"Unknown years","Upson","6","0","0"
"01-04 years","Walker","26","0","0"
"05-09 years","Walker","52","0","0"
"10-17 years","Walker","232","0","1"
"18-29 years","Walker","456","0","3"
"30-39 years","Walker","358","0","6"
"40-49 years","Walker","414","3","13"
"50-59 years","Walker","364","1","19"
"60-69 years","Walker","316","10","30"
"70-79 years","Walker","211","21","25"
"80 & Older years","Walker","127","15","18"
"<1 years","Walker","14","0","0"
"Unknown years","Walker","29","0","2"
"01-04 years","Walton","19","0","0"
"05-09 years","Walton","48","0","1"
"10-17 years","Walton","218","0","2"
"18-29 years","Walton","550","0","16"
"30-39 years","Walton","421","0","17"
"40-49 years","Walton","448","1","33"
"50-59 years","Walton","470","4","43"
"60-69 years","Walton","328","10","40"
"70-79 years","Walton","235","23","59"
"80 & Older years","Walton","167","39","47"
"<1 years","Walton","7","0","1"
"Unknown years","Walton","2","0","0"
"01-04 years","Ware","41","0","1"
"05-09 years","Ware","39","0","0"
"10-17 years","Ware","154","0","2"
"18-29 years","Ware","380","0","5"
"30-39 years","Ware","302","0","14"
"40-49 years","Ware","242","2","22"
"50-59 years","Ware","261","6","39"
"60-69 years","Ware","197","8","40"
"70-79 years","Ware","168","27","61"
"80 & Older years","Ware","114","28","32"
"<1 years","Ware","9","0","0"
"Unknown years","Ware","4","0","1"
"01-04 years","Warren","4","0","0"
"05-09 years","Warren","1","0","0"
"10-17 years","Warren","9","0","0"
"18-29 years","Warren","26","0","2"
"30-39 years","Warren","28","0","2"
"40-49 years","Warren","27","1","4"
"50-59 years","Warren","38","1","6"
"60-69 years","Warren","23","2","5"
"70-79 years","Warren","18","1","7"
"80 & Older years","Warren","9","1","2"
"<1 years","Warren","2","0","1"
"Unknown years","Warren","2","0","0"
"01-04 years","Washington","13","0","0"
"05-09 years","Washington","11","0","0"
"10-17 years","Washington","65","0","1"
"18-29 years","Washington","169","0","4"
"30-39 years","Washington","148","0","6"
"40-49 years","Washington","179","2","7"
"50-59 years","Washington","137","1","12"
"60-69 years","Washington","123","6","11"
"70-79 years","Washington","76","4","11"
"80 & Older years","Washington","51","7","7"
"<1 years","Washington","7","0","0"
"Unknown years","Washington","5","0","0"
"01-04 years","Wayne","19","0","0"
"05-09 years","Wayne","8","0","0"
"10-17 years","Wayne","63","0","0"
"18-29 years","Wayne","241","1","6"
"30-39 years","Wayne","246","0","4"
"40-49 years","Wayne","278","1","22"
"50-59 years","Wayne","231","4","15"
"60-69 years","Wayne","161","10","37"
"70-79 years","Wayne","149","16","44"
"80 & Older years","Wayne","70","13","14"
"<1 years","Wayne","2","0","0"
"Unknown years","Wayne","6","0","0"
"18-29 years","Webster","10","0","1"
"30-39 years","Webster","3","0","0"
"40-49 years","Webster","7","0","2"
"50-59 years","Webster","10","2","4"
"60-69 years","Webster","10","0","3"
"70-79 years","Webster","4","0","0"
"Unknown years","Webster","2","0","0"
"05-09 years","Wheeler","2","0","0"
"10-17 years","Wheeler","12","0","0"
"18-29 years","Wheeler","37","0","0"
"30-39 years","Wheeler","60","2","2"
"40-49 years","Wheeler","69","1","3"
"50-59 years","Wheeler","76","5","5"
"60-69 years","Wheeler","48","3","5"
"70-79 years","Wheeler","34","4","6"
"80 & Older years","Wheeler","8","3","1"
"<1 years","Wheeler","1","0","0"
"Unknown years","Wheeler","24","0","1"
"01-04 years","White","9","0","0"
"05-09 years","White","20","0","0"
"10-17 years","White","106","0","1"
"18-29 years","White","209","1","4"
"30-39 years","White","156","1","6"
"40-49 years","White","176","1","7"
"50-59 years","White","199","2","21"
"60-69 years","White","197","3","32"
"70-79 years","White","146","5","34"
"80 & Older years","White","86","15","34"
"<1 years","White","4","0","0"
"Unknown years","White","11","0","0"
"01-04 years","Whitfield","93","0","2"
"05-09 years","Whitfield","171","0","3"
"10-17 years","Whitfield","646","0","1"
"18-29 years","Whitfield","1997","0","31"
"30-39 years","Whitfield","1197","1","32"
"40-49 years","Whitfield","1279","2","51"
"50-59 years","Whitfield","1082","10","62"
"60-69 years","Whitfield","644","18","77"
"70-79 years","Whitfield","346","21","64"
"80 & Older years","Whitfield","189","31","48"
"<1 years","Whitfield","41","0","4"
"Unknown years","Whitfield","10","0","1"
"01-04 years","Wilcox","8","0","0"
"05-09 years","Wilcox","3","0","0"
"10-17 years","Wilcox","13","0","0"
"18-29 years","Wilcox","18","0","0"
"30-39 years","Wilcox","26","0","1"
"40-49 years","Wilcox","52","0","11"
"50-59 years","Wilcox","47","1","10"
"60-69 years","Wilcox","67","8","21"
"70-79 years","Wilcox","38","9","9"
"80 & Older years","Wilcox","17","7","4"
"<1 years","Wilcox","1","0","0"
"01-04 years","Wilkes","5","0","0"
"05-09 years","Wilkes","8","0","0"
"10-17 years","Wilkes","31","0","0"
"18-29 years","Wilkes","70","0","0"
"30-39 years","Wilkes","49","0","4"
"40-49 years","Wilkes","65","0","8"
"50-59 years","Wilkes","62","1","3"
"60-69 years","Wilkes","34","0","9"
"70-79 years","Wilkes","31","2","13"
"80 & Older years","Wilkes","14","4","9"
"<1 years","Wilkes","1","0","0"
"01-04 years","Wilkinson","4","0","0"
"05-09 years","Wilkinson","7","0","0"
"10-17 years","Wilkinson","12","0","0"
"18-29 years","Wilkinson","69","0","3"
"30-39 years","Wilkinson","49","0","4"
"40-49 years","Wilkinson","46","0","3"
"50-59 years","Wilkinson","86","3","18"
"60-69 years","Wilkinson","84","5","19"
"70-79 years","Wilkinson","34","6","15"
"80 & Older years","Wilkinson","22","4","11"
"01-04 years","Worth","7","0","0"
"05-09 years","Worth","6","0","0"
"10-17 years","Worth","33","0","3"
"18-29 years","Worth","105","0","5"
"30-39 years","Worth","75","0","5"
"40-49 years","Worth","87","1","10"
"50-59 years","Worth","109","4","19"
"60-69 years","Worth","112","13","35"
"70-79 years","Worth","64","9","17"
"80 & Older years","Worth","48","8","13"
"<1 years","Worth","3","0","0"
"Unknown years","Worth","1","0","0"
